{"type":"FeatureCollection","name":"bgd-a-028","bbox":[88.034992,20.604846,92.609545,26.638277],"metadata":{"schemaVersion":"country-points-v162","countryIso3":"BGD","elementId":"A-028","featureCount":2055,"sourceRowCount":2066,"grouping":"rows with the same coordinate and name are one feature (recordIds, rowCount)","outlineBufferDeg":0.05,"referenceBasis":"시작점"},"features":[{"type":"Feature","id":"a-028-c7ecb4af3f","properties":{"elementId":"A-028","featureId":"a-028-c7ecb4af3f","name":"03 No Bashabati Road Drain","kind":"water","kindLabel":"내륙 수자원 지물","sourceYear":"2026","recordIds":["bgd-v162-a-028-entity-00452"],"rowCount":1,"featureClass":"drain","lengthKm":0.1313},"geometry":{"type":"Point","coordinates":[89.800888,22.652504]}},{"type":"Feature","id":"a-028-3a231b45df","properties":{"elementId":"A-028","featureId":"a-028-3a231b45df","name":"1 Mazan","kind":"natural","kindLabel":"기타 자연지형지물","sourceYear":"2026","recordIds":["bgd-v162-a-028-entity-00101"],"rowCount":1,"featureClass":"tree"},"geometry":{"type":"Point","coordinates":[90.367009,23.737789]}},{"type":"Feature","id":"a-028-65777fcbe2","properties":{"elementId":"A-028","featureId":"a-028-65777fcbe2","name":"16 Hat Khal","kind":"water","kindLabel":"내륙 수자원 지물","sourceYear":"2026","recordIds":["bgd-v162-a-028-entity-00197"],"rowCount":1,"featureClass":"canal","lengthKm":0.7218},"geometry":{"type":"Point","coordinates":[89.788363,22.421899]}},{"type":"Feature","id":"a-028-0a288c6cb8","properties":{"elementId":"A-028","featureId":"a-028-0a288c6cb8","name":"4 No Warder Utthar Pasher Khal","kind":"water","kindLabel":"내륙 수자원 지물","sourceYear":"2026","recordIds":["bgd-v162-a-028-entity-01421"],"rowCount":1,"featureClass":"canal","lengthKm":1.4931},"geometry":{"type":"Point","coordinates":[90.558286,22.151373]}},{"type":"Feature","id":"a-028-8d58536802","properties":{"elementId":"A-028","featureId":"a-028-8d58536802","name":"4 no Sluice's canal","kind":"water","kindLabel":"내륙 수자원 지물","sourceYear":"2026","recordIds":["bgd-v162-a-028-entity-01304"],"rowCount":1,"featureClass":"canal","lengthKm":0.3231},"geometry":{"type":"Point","coordinates":[90.529125,21.898754]}},{"type":"Feature","id":"a-028-22744bdf54","properties":{"elementId":"A-028","featureId":"a-028-22744bdf54","name":"4 no Ward Canel","kind":"water","kindLabel":"내륙 수자원 지물","sourceYear":"2026","recordIds":["bgd-v162-a-028-entity-00226"],"rowCount":1,"featureClass":"canal","lengthKm":1.3323},"geometry":{"type":"Point","coordinates":[89.768429,22.474056]}},{"type":"Feature","id":"a-028-1343c3405a","properties":{"elementId":"A-028","featureId":"a-028-1343c3405a","name":"4 no Ward canal","kind":"water","kindLabel":"내륙 수자원 지물","sourceYear":"2026","recordIds":["bgd-v162-a-028-entity-01295"],"rowCount":1,"featureClass":"canal","lengthKm":0.2779},"geometry":{"type":"Point","coordinates":[90.729003,22.52447]}},{"type":"Feature","id":"a-028-e12afc0efa","properties":{"elementId":"A-028","featureId":"a-028-e12afc0efa","name":"APS Road Drain","kind":"water","kindLabel":"내륙 수자원 지물","sourceYear":"2026","recordIds":["bgd-v162-a-028-entity-00447"],"rowCount":1,"featureClass":"drain","lengthKm":0.1216},"geometry":{"type":"Point","coordinates":[89.783546,22.65094]}},{"type":"Feature","id":"a-028-99f61261b8","properties":{"elementId":"A-028","featureId":"a-028-99f61261b8","name":"Aadu Canal","kind":"water","kindLabel":"내륙 수자원 지물","sourceYear":"2026","recordIds":["bgd-v162-a-028-entity-00217"],"rowCount":1,"featureClass":"canal","lengthKm":0.9798},"geometry":{"type":"Point","coordinates":[89.482594,22.560179]}},{"type":"Feature","id":"a-028-fb053946de","properties":{"elementId":"A-028","featureId":"a-028-fb053946de","name":"Aadu Canal","kind":"water","kindLabel":"내륙 수자원 지물","sourceYear":"2026","recordIds":["bgd-v162-a-028-entity-00163"],"rowCount":1,"featureClass":"canal","lengthKm":0.1404},"geometry":{"type":"Point","coordinates":[89.483792,22.55427]}},{"type":"Feature","id":"a-028-605e0df3c7","properties":{"elementId":"A-028","featureId":"a-028-605e0df3c7","name":"Aadu Canal","kind":"water","kindLabel":"내륙 수자원 지물","sourceYear":"2026","recordIds":["bgd-v162-a-028-entity-00215"],"rowCount":1,"featureClass":"canal","lengthKm":0.9555},"geometry":{"type":"Point","coordinates":[89.483906,22.553198]}},{"type":"Feature","id":"a-028-86d83e3ced","properties":{"elementId":"A-028","featureId":"a-028-86d83e3ced","name":"Aadu Canal","kind":"water","kindLabel":"내륙 수자원 지물","sourceYear":"2026","recordIds":["bgd-v162-a-028-entity-00156"],"rowCount":1,"featureClass":"canal","lengthKm":0.0266},"geometry":{"type":"Point","coordinates":[89.485694,22.54777]}},{"type":"Feature","id":"a-028-da47a6aa43","properties":{"elementId":"A-028","featureId":"a-028-da47a6aa43","name":"Aadu Canal","kind":"water","kindLabel":"내륙 수자원 지물","sourceYear":"2026","recordIds":["bgd-v162-a-028-entity-00162"],"rowCount":1,"featureClass":"canal","lengthKm":0.1359},"geometry":{"type":"Point","coordinates":[89.485893,22.547616]}},{"type":"Feature","id":"a-028-7857f94a64","properties":{"elementId":"A-028","featureId":"a-028-7857f94a64","name":"Abul Kashem Road Drain","kind":"water","kindLabel":"내륙 수자원 지물","sourceYear":"2026","recordIds":["bgd-v162-a-028-entity-00549"],"rowCount":1,"featureClass":"drain","lengthKm":0.3915},"geometry":{"type":"Point","coordinates":[89.063552,22.710507]}},{"type":"Feature","id":"a-028-10bbf7bd5a","properties":{"elementId":"A-028","featureId":"a-028-10bbf7bd5a","name":"Aftabnagar Lake","kind":"water","kindLabel":"내륙 수자원 지물","sourceYear":"2026","recordIds":["bgd-v162-a-028-entity-01065"],"rowCount":1,"featureClass":"canal","lengthKm":6.9362},"geometry":{"type":"Point","coordinates":[90.460264,23.806742]}},{"type":"Feature","id":"a-028-74e1170b4a","properties":{"elementId":"A-028","featureId":"a-028-74e1170b4a","name":"Aftabnagar Lake","kind":"water","kindLabel":"내륙 수자원 지물","sourceYear":"2026","recordIds":["bgd-v162-a-028-entity-01013"],"rowCount":1,"featureClass":"canal","lengthKm":0.0246},"geometry":{"type":"Point","coordinates":[90.460484,23.806832]}},{"type":"Feature","id":"a-028-f58b3c22f9","properties":{"elementId":"A-028","featureId":"a-028-f58b3c22f9","name":"Aftabnagar Lake","kind":"water","kindLabel":"내륙 수자원 지물","sourceYear":"2026","recordIds":["bgd-v162-a-028-entity-01039"],"rowCount":1,"featureClass":"canal","lengthKm":0.4902},"geometry":{"type":"Point","coordinates":[90.462338,23.809797]}},{"type":"Feature","id":"a-028-ca66123c1f","properties":{"elementId":"A-028","featureId":"a-028-ca66123c1f","name":"Aga Sadek Road","kind":"water","kindLabel":"내륙 수자원 지물","sourceYear":"2026","recordIds":["bgd-v162-a-028-entity-01076"],"rowCount":1,"featureClass":"drain","lengthKm":0.0281},"geometry":{"type":"Point","coordinates":[90.401291,23.719475]}},{"type":"Feature","id":"a-028-40a9ecb90c","properties":{"elementId":"A-028","featureId":"a-028-40a9ecb90c","name":"Aga Sadek Road","kind":"water","kindLabel":"내륙 수자원 지물","sourceYear":"2026","recordIds":["bgd-v162-a-028-entity-01072"],"rowCount":1,"featureClass":"drain","lengthKm":0.0149},"geometry":{"type":"Point","coordinates":[90.404303,23.720706]}},{"type":"Feature","id":"a-028-958e1f7707","properties":{"elementId":"A-028","featureId":"a-028-958e1f7707","name":"Aga Sadek Road","kind":"water","kindLabel":"내륙 수자원 지물","sourceYear":"2026","recordIds":["bgd-v162-a-028-entity-01068"],"rowCount":1,"featureClass":"drain","lengthKm":0.012},"geometry":{"type":"Point","coordinates":[90.405139,23.720315]}},{"type":"Feature","id":"a-028-3126269b5f","properties":{"elementId":"A-028","featureId":"a-028-3126269b5f","name":"Aga Sadek Road","kind":"water","kindLabel":"내륙 수자원 지물","sourceYear":"2026","recordIds":["bgd-v162-a-028-entity-01073"],"rowCount":1,"featureClass":"drain","lengthKm":0.0161},"geometry":{"type":"Point","coordinates":[90.405169,23.720317]}},{"type":"Feature","id":"a-028-346a34ab63","properties":{"elementId":"A-028","featureId":"a-028-346a34ab63","name":"Agamadur Palta Canal","kind":"water","kindLabel":"내륙 수자원 지물","sourceYear":"2026","recordIds":["bgd-v162-a-028-entity-00258"],"rowCount":1,"featureClass":"canal","lengthKm":4.3162},"geometry":{"type":"Point","coordinates":[89.671354,22.451498]}},{"type":"Feature","id":"a-028-db3949dab3","properties":{"elementId":"A-028","featureId":"a-028-db3949dab3","name":"Alauddin house ar pase big nala","kind":"water","kindLabel":"내륙 수자원 지물","sourceYear":"2026","recordIds":["bgd-v162-a-028-entity-01280"],"rowCount":1,"featureClass":"canal","lengthKm":0.1983},"geometry":{"type":"Point","coordinates":[90.595751,22.749653]}},{"type":"Feature","id":"a-028-9c576885c6","properties":{"elementId":"A-028","featureId":"a-028-9c576885c6","name":"Alekdia Beach, Kumira, Chattogram","kind":"coastal","kindLabel":"해안 지물","sourceYear":"2026","recordIds":["bgd-v162-a-028-entity-00011"],"rowCount":1,"featureClass":"beach"},"geometry":{"type":"Point","coordinates":[91.699649,22.502058]}},{"type":"Feature","id":"a-028-de8daecbd0","properties":{"elementId":"A-028","featureId":"a-028-de8daecbd0","name":"Aliajuri River","kind":"water","kindLabel":"내륙 수자원 지물","sourceYear":"2026","recordIds":["bgd-v162-a-028-entity-00872"],"rowCount":1,"featureClass":"river","lengthKm":0.9603},"geometry":{"type":"Point","coordinates":[91.19507,23.966178]}},{"type":"Feature","id":"a-028-0dd90c2194","properties":{"elementId":"A-028","featureId":"a-028-0dd90c2194","name":"Aliajuri River","kind":"water","kindLabel":"내륙 수자원 지물","sourceYear":"2026","recordIds":["bgd-v162-a-028-entity-00874"],"rowCount":1,"featureClass":"river","lengthKm":1.172},"geometry":{"type":"Point","coordinates":[91.205358,23.962439]}},{"type":"Feature","id":"a-028-90330e1ce0","properties":{"elementId":"A-028","featureId":"a-028-90330e1ce0","name":"Aliajuri River","kind":"water","kindLabel":"내륙 수자원 지물","sourceYear":"2026","recordIds":["bgd-v162-a-028-entity-00863"],"rowCount":1,"featureClass":"river","lengthKm":0.3991},"geometry":{"type":"Point","coordinates":[91.208822,23.96398]}},{"type":"Feature","id":"a-028-98ba219ca5","properties":{"elementId":"A-028","featureId":"a-028-98ba219ca5","name":"Aliajuri River","kind":"water","kindLabel":"내륙 수자원 지물","sourceYear":"2026","recordIds":["bgd-v162-a-028-entity-00855"],"rowCount":1,"featureClass":"river","lengthKm":0.2663},"geometry":{"type":"Point","coordinates":[91.21032,23.965427]}},{"type":"Feature","id":"a-028-562ef7cfb5","properties":{"elementId":"A-028","featureId":"a-028-562ef7cfb5","name":"Aliajuri River","kind":"water","kindLabel":"내륙 수자원 지물","sourceYear":"2026","recordIds":["bgd-v162-a-028-entity-00871"],"rowCount":1,"featureClass":"river","lengthKm":0.9231},"geometry":{"type":"Point","coordinates":[91.214802,23.960583]}},{"type":"Feature","id":"a-028-e254ce86b2","properties":{"elementId":"A-028","featureId":"a-028-e254ce86b2","name":"Alukhal","kind":"water","kindLabel":"내륙 수자원 지물","sourceYear":"2026","recordIds":["bgd-v162-a-028-entity-01909"],"rowCount":1,"featureClass":"canal","lengthKm":2.5104},"geometry":{"type":"Point","coordinates":[91.192499,24.765421]}},{"type":"Feature","id":"a-028-a3c69e79db","properties":{"elementId":"A-028","featureId":"a-028-a3c69e79db","name":"Amalapara Road Drain","kind":"water","kindLabel":"내륙 수자원 지물","sourceYear":"2026","recordIds":["bgd-v162-a-028-entity-00520"],"rowCount":1,"featureClass":"drain","lengthKm":0.2508},"geometry":{"type":"Point","coordinates":[89.790961,22.659602]}},{"type":"Feature","id":"a-028-aab6a85816","properties":{"elementId":"A-028","featureId":"a-028-aab6a85816","name":"Amlapara Road Drain","kind":"water","kindLabel":"내륙 수자원 지물","sourceYear":"2026","recordIds":["bgd-v162-a-028-entity-00547"],"rowCount":1,"featureClass":"drain","lengthKm":0.3844},"geometry":{"type":"Point","coordinates":[89.790936,22.659595]}},{"type":"Feature","id":"a-028-a5d39bb9f5","properties":{"elementId":"A-028","featureId":"a-028-a5d39bb9f5","name":"Amtola Kultola Moddho Bill e Khall","kind":"water","kindLabel":"내륙 수자원 지물","sourceYear":"2026","recordIds":["bgd-v162-a-028-entity-00229"],"rowCount":1,"featureClass":"canal","lengthKm":1.5116},"geometry":{"type":"Point","coordinates":[89.567937,22.453248]}},{"type":"Feature","id":"a-028-62c9bf1fef","properties":{"elementId":"A-028","featureId":"a-028-62c9bf1fef","name":"Anandabazar Beach, Chittagong Coastal Rd, Chattogram","kind":"coastal","kindLabel":"해안 지물","sourceYear":"2026","recordIds":["bgd-v162-a-028-entity-00007"],"rowCount":1,"featureClass":"beach"},"geometry":{"type":"Point","coordinates":[91.767461,22.312799]}},{"type":"Feature","id":"a-028-e06dba40f2","properties":{"elementId":"A-028","featureId":"a-028-e06dba40f2","name":"Anda Para Canal","kind":"water","kindLabel":"내륙 수자원 지물","sourceYear":"2026","recordIds":["bgd-v162-a-028-entity-01354"],"rowCount":1,"featureClass":"canal","lengthKm":0.6451},"geometry":{"type":"Point","coordinates":[89.95616,22.089506]}},{"type":"Feature","id":"a-028-775d996cff","properties":{"elementId":"A-028","featureId":"a-028-775d996cff","name":"Anda Para Canal","kind":"water","kindLabel":"내륙 수자원 지물","sourceYear":"2026","recordIds":["bgd-v162-a-028-entity-01464"],"rowCount":1,"featureClass":"canal","lengthKm":2.6997},"geometry":{"type":"Point","coordinates":[89.974368,22.105972]}},{"type":"Feature","id":"a-028-338ce75d99","properties":{"elementId":"A-028","featureId":"a-028-338ce75d99","name":"Andharmanick River","kind":"water","kindLabel":"내륙 수자원 지물","sourceYear":"2026","recordIds":["bgd-v162-a-028-entity-01548"],"rowCount":1,"featureClass":"river","lengthKm":2.7045},"geometry":{"type":"Point","coordinates":[90.286372,21.991782]}},{"type":"Feature","id":"a-028-e6a6348236","properties":{"elementId":"A-028","featureId":"a-028-e6a6348236","name":"Andharmanick River","kind":"water","kindLabel":"내륙 수자원 지물","sourceYear":"2026","recordIds":["bgd-v162-a-028-entity-01537"],"rowCount":1,"featureClass":"river","lengthKm":1.8714},"geometry":{"type":"Point","coordinates":[90.304729,21.979714]}},{"type":"Feature","id":"a-028-e5875c8c5a","properties":{"elementId":"A-028","featureId":"a-028-e5875c8c5a","name":"Anuyar Canal","kind":"water","kindLabel":"내륙 수자원 지물","sourceYear":"2026","recordIds":["bgd-v162-a-028-entity-00158"],"rowCount":1,"featureClass":"canal","lengthKm":0.0614},"geometry":{"type":"Point","coordinates":[89.440899,22.435012]}},{"type":"Feature","id":"a-028-70bf6748a9","properties":{"elementId":"A-028","featureId":"a-028-70bf6748a9","name":"Anwar Sarder Mill Road Drain","kind":"water","kindLabel":"내륙 수자원 지물","sourceYear":"2026","recordIds":["bgd-v162-a-028-entity-00504"],"rowCount":1,"featureClass":"drain","lengthKm":0.2052},"geometry":{"type":"Point","coordinates":[89.785429,22.656157]}},{"type":"Feature","id":"a-028-25d530fbe8","properties":{"elementId":"A-028","featureId":"a-028-25d530fbe8","name":"Anwar Sarder Mill Road Drain","kind":"water","kindLabel":"내륙 수자원 지물","sourceYear":"2026","recordIds":["bgd-v162-a-028-entity-00561"],"rowCount":1,"featureClass":"drain","lengthKm":0.5046},"geometry":{"type":"Point","coordinates":[89.786407,22.65475]}},{"type":"Feature","id":"a-028-29d74b3d37","properties":{"elementId":"A-028","featureId":"a-028-29d74b3d37","name":"Arial Kha River","kind":"water","kindLabel":"내륙 수자원 지물","sourceYear":"2026","recordIds":["bgd-v162-a-028-entity-01215"],"rowCount":1,"featureClass":"river","lengthKm":9.5079},"geometry":{"type":"Point","coordinates":[90.709838,24.226957]}},{"type":"Feature","id":"a-028-3da2c44b08","properties":{"elementId":"A-028","featureId":"a-028-3da2c44b08","name":"Arial Kha River","kind":"water","kindLabel":"내륙 수자원 지물","sourceYear":"2026","recordIds":["bgd-v162-a-028-entity-01089"],"rowCount":1,"featureClass":"river","lengthKm":0.011},"geometry":{"type":"Point","coordinates":[90.7636,24.205741]}},{"type":"Feature","id":"a-028-73f501dcbc","properties":{"elementId":"A-028","featureId":"a-028-73f501dcbc","name":"Arial Kha River","kind":"water","kindLabel":"내륙 수자원 지물","sourceYear":"2026","recordIds":["bgd-v162-a-028-entity-01160"],"rowCount":1,"featureClass":"river","lengthKm":2.7809},"geometry":{"type":"Point","coordinates":[90.763647,24.205651]}},{"type":"Feature","id":"a-028-b59fd50be3","properties":{"elementId":"A-028","featureId":"a-028-b59fd50be3","name":"Arif Pohlan Canal","kind":"water","kindLabel":"내륙 수자원 지물","sourceYear":"2026","recordIds":["bgd-v162-a-028-entity-01571"],"rowCount":1,"featureClass":"stream","lengthKm":0.1827},"geometry":{"type":"Point","coordinates":[89.942617,22.143187]}},{"type":"Feature","id":"a-028-4cd5e446f3","properties":{"elementId":"A-028","featureId":"a-028-4cd5e446f3","name":"Ariyal Kha River","kind":"water","kindLabel":"내륙 수자원 지물","sourceYear":"2026","recordIds":["bgd-v162-a-028-entity-01177"],"rowCount":1,"featureClass":"river","lengthKm":31.3244},"geometry":{"type":"Point","coordinates":[90.856883,24.105147]}},{"type":"Feature","id":"a-028-9ca7f58043","properties":{"elementId":"A-028","featureId":"a-028-9ca7f58043","name":"Ariāl Khan River","kind":"water","kindLabel":"내륙 수자원 지물","sourceYear":"2026","recordIds":["bgd-v162-a-028-entity-01185"],"rowCount":1,"featureClass":"river","lengthKm":37.567},"geometry":{"type":"Point","coordinates":[90.64177,24.263626]}},{"type":"Feature","id":"a-028-032da6e684","properties":{"elementId":"A-028","featureId":"a-028-032da6e684","name":"Arjun Dara","kind":"water","kindLabel":"내륙 수자원 지물","sourceYear":"2026","recordIds":["bgd-v162-a-028-entity-01757"],"rowCount":1,"featureClass":"river","lengthKm":9.6017},"geometry":{"type":"Point","coordinates":[89.609365,25.78723]}},{"type":"Feature","id":"a-028-3cfa92b30a","properties":{"elementId":"A-028","featureId":"a-028-3cfa92b30a","name":"Ashabariya Khal","kind":"water","kindLabel":"내륙 수자원 지물","sourceYear":"2026","recordIds":["bgd-v162-a-028-entity-01469"],"rowCount":1,"featureClass":"canal","lengthKm":2.8577},"geometry":{"type":"Point","coordinates":[90.350082,21.906051]}},{"type":"Feature","id":"a-028-c461f71f65","properties":{"elementId":"A-028","featureId":"a-028-c461f71f65","name":"Atharobaki River","kind":"water","kindLabel":"내륙 수자원 지물","sourceYear":"2026","recordIds":["bgd-v162-a-028-entity-00697"],"rowCount":1,"featureClass":"river","lengthKm":6.0156},"geometry":{"type":"Point","coordinates":[89.67783,22.879939]}},{"type":"Feature","id":"a-028-aed1a3e6bf","properties":{"elementId":"A-028","featureId":"a-028-aed1a3e6bf","name":"Atharobaki River","kind":"water","kindLabel":"내륙 수자원 지물","sourceYear":"2026","recordIds":["bgd-v162-a-028-entity-00578"],"rowCount":1,"featureClass":"river","lengthKm":0.011},"geometry":{"type":"Point","coordinates":[89.679273,22.879761]}},{"type":"Feature","id":"a-028-360a22dd61","properties":{"elementId":"A-028","featureId":"a-028-360a22dd61","name":"Atharobaki River","kind":"water","kindLabel":"내륙 수자원 지물","sourceYear":"2026","recordIds":["bgd-v162-a-028-entity-00722"],"rowCount":1,"featureClass":"river","lengthKm":9.8222},"geometry":{"type":"Point","coordinates":[89.729174,22.897349]}},{"type":"Feature","id":"a-028-77b5a5893d","properties":{"elementId":"A-028","featureId":"a-028-77b5a5893d","name":"Atharobaki River","kind":"water","kindLabel":"내륙 수자원 지물","sourceYear":"2026","recordIds":["bgd-v162-a-028-entity-00581"],"rowCount":1,"featureClass":"river","lengthKm":0.012},"geometry":{"type":"Point","coordinates":[89.729224,22.897447]}},{"type":"Feature","id":"a-028-85e9414794","properties":{"elementId":"A-028","featureId":"a-028-85e9414794","name":"Atharobaki River","kind":"water","kindLabel":"내륙 수자원 지물","sourceYear":"2026","recordIds":["bgd-v162-a-028-entity-00633"],"rowCount":1,"featureClass":"river","lengthKm":13.0316},"geometry":{"type":"Point","coordinates":[89.74872,22.968123]}},{"type":"Feature","id":"a-028-72bd1fb72c","properties":{"elementId":"A-028","featureId":"a-028-72bd1fb72c","name":"Atharobanki River","kind":"water","kindLabel":"내륙 수자원 지물","sourceYear":"2026","recordIds":["bgd-v162-a-028-entity-00642"],"rowCount":1,"featureClass":"river","lengthKm":19.4529},"geometry":{"type":"Point","coordinates":[89.652877,22.842318]}},{"type":"Feature","id":"a-028-3662a59c9c","properties":{"elementId":"A-028","featureId":"a-028-3662a59c9c","name":"Atimkhana Road Drain","kind":"water","kindLabel":"내륙 수자원 지물","sourceYear":"2026","recordIds":["bgd-v162-a-028-entity-00514"],"rowCount":1,"featureClass":"drain","lengthKm":0.224},"geometry":{"type":"Point","coordinates":[89.083083,22.703867]}},{"type":"Feature","id":"a-028-5aecc084fc","properties":{"elementId":"A-028","featureId":"a-028-5aecc084fc","name":"Atimkhana Road Drain","kind":"water","kindLabel":"내륙 수자원 지물","sourceYear":"2026","recordIds":["bgd-v162-a-028-entity-00488"],"rowCount":1,"featureClass":"drain","lengthKm":0.1804},"geometry":{"type":"Point","coordinates":[89.084765,22.703369]}},{"type":"Feature","id":"a-028-9b8d459996","properties":{"elementId":"A-028","featureId":"a-028-9b8d459996","name":"Atrai","kind":"water","kindLabel":"내륙 수자원 지물","sourceYear":"2026","recordIds":["bgd-v162-a-028-entity-01701"],"rowCount":1,"featureClass":"river","lengthKm":15.7878},"geometry":{"type":"Point","coordinates":[88.726127,25.892886]}},{"type":"Feature","id":"a-028-fb4f22d6f8","properties":{"elementId":"A-028","featureId":"a-028-fb4f22d6f8","name":"Atrai","kind":"water","kindLabel":"내륙 수자원 지물","sourceYear":"2026","recordIds":["bgd-v162-a-028-entity-01740"],"rowCount":1,"featureClass":"river","lengthKm":5.1248},"geometry":{"type":"Point","coordinates":[88.746274,25.575583]}},{"type":"Feature","id":"a-028-72fb34d20c","properties":{"elementId":"A-028","featureId":"a-028-72fb34d20c","name":"Atrai River","kind":"water","kindLabel":"내륙 수자원 지물","sourceYear":"2026","recordIds":["bgd-v162-a-028-entity-01696"],"rowCount":1,"featureClass":"river","lengthKm":133.1125},"geometry":{"type":"Point","coordinates":[88.744081,25.488113]}},{"type":"Feature","id":"a-028-d3bc234e67","properties":{"elementId":"A-028","featureId":"a-028-d3bc234e67","name":"Atrai river","kind":"water","kindLabel":"내륙 수자원 지물","sourceYear":"2026","recordIds":["bgd-v162-a-028-entity-01675"],"rowCount":1,"featureClass":"river","lengthKm":0.6774},"geometry":{"type":"Point","coordinates":[88.709003,25.591264]}},{"type":"Feature","id":"a-028-62f1e05e90","properties":{"elementId":"A-028","featureId":"a-028-62f1e05e90","name":"Ayman River","kind":"water","kindLabel":"내륙 수자원 지물","sourceYear":"2026","recordIds":["bgd-v162-a-028-entity-01626"],"rowCount":1,"featureClass":"river","lengthKm":2.8211},"geometry":{"type":"Point","coordinates":[90.273532,24.733765]}},{"type":"Feature","id":"a-028-85ce293041","properties":{"elementId":"A-028","featureId":"a-028-85ce293041","name":"Ayman River","kind":"water","kindLabel":"내륙 수자원 지물","sourceYear":"2026","recordIds":["bgd-v162-a-028-entity-01611"],"rowCount":1,"featureClass":"river","lengthKm":1.2473},"geometry":{"type":"Point","coordinates":[90.294246,24.720532]}},{"type":"Feature","id":"a-028-48d1566e52","properties":{"elementId":"A-028","featureId":"a-028-48d1566e52","name":"Aymon River","kind":"water","kindLabel":"내륙 수자원 지물","sourceYear":"2026","recordIds":["bgd-v162-a-028-entity-01648"],"rowCount":1,"featureClass":"stream","lengthKm":0.0111},"geometry":{"type":"Point","coordinates":[90.214461,24.803925]}},{"type":"Feature","id":"a-028-ea1938c5b1","properties":{"elementId":"A-028","featureId":"a-028-ea1938c5b1","name":"Aymon River","kind":"water","kindLabel":"내륙 수자원 지물","sourceYear":"2026","recordIds":["bgd-v162-a-028-entity-01649"],"rowCount":1,"featureClass":"stream","lengthKm":7.2246},"geometry":{"type":"Point","coordinates":[90.214488,24.803829]}},{"type":"Feature","id":"a-028-19619ae73a","properties":{"elementId":"A-028","featureId":"a-028-19619ae73a","name":"Aymon River","kind":"water","kindLabel":"내륙 수자원 지물","sourceYear":"2026","recordIds":["bgd-v162-a-028-entity-01650"],"rowCount":1,"featureClass":"stream","lengthKm":7.3446},"geometry":{"type":"Point","coordinates":[90.2151,24.863958]}},{"type":"Feature","id":"a-028-107887db06","properties":{"elementId":"A-028","featureId":"a-028-107887db06","name":"Aymon River","kind":"water","kindLabel":"내륙 수자원 지물","sourceYear":"2026","recordIds":["bgd-v162-a-028-entity-01641"],"rowCount":1,"featureClass":"river","lengthKm":6.058},"geometry":{"type":"Point","coordinates":[90.26761,24.774471]}},{"type":"Feature","id":"a-028-f52a5869f0","properties":{"elementId":"A-028","featureId":"a-028-f52a5869f0","name":"Aymon River","kind":"water","kindLabel":"내륙 수자원 지물","sourceYear":"2026","recordIds":["bgd-v162-a-028-entity-01616"],"rowCount":1,"featureClass":"river","lengthKm":10.9729},"geometry":{"type":"Point","coordinates":[90.290203,24.711124]}},{"type":"Feature","id":"a-028-62951042ba","properties":{"elementId":"A-028","featureId":"a-028-62951042ba","name":"BIWTA Dhaka River Port, Sadarghat","kind":"coastal","kindLabel":"해안 지물","sourceYear":"2026","recordIds":["bgd-v162-a-028-entity-00016"],"rowCount":1,"featureClass":"beach"},"geometry":{"type":"Point","coordinates":[90.409286,23.705892]}},{"type":"Feature","id":"a-028-df7498b554","properties":{"elementId":"A-028","featureId":"a-028-df7498b554","name":"Bagerhat Main Road Drain","kind":"water","kindLabel":"내륙 수자원 지물","sourceYear":"2026","recordIds":["bgd-v162-a-028-entity-00486"],"rowCount":1,"featureClass":"drain","lengthKm":0.1771},"geometry":{"type":"Point","coordinates":[89.790072,22.667881]}},{"type":"Feature","id":"a-028-399fc0e9e6","properties":{"elementId":"A-028","featureId":"a-028-399fc0e9e6","name":"Bagerhat Sadar Drain","kind":"water","kindLabel":"내륙 수자원 지물","sourceYear":"2026","recordIds":["bgd-v162-a-028-entity-00394"],"rowCount":1,"featureClass":"drain","lengthKm":0.0731},"geometry":{"type":"Point","coordinates":[89.790959,22.666514]}},{"type":"Feature","id":"a-028-342887d89c","properties":{"elementId":"A-028","featureId":"a-028-342887d89c","name":"Baintala Canal","kind":"water","kindLabel":"내륙 수자원 지물","sourceYear":"2026","recordIds":["bgd-v162-a-028-entity-01581"],"rowCount":1,"featureClass":"stream","lengthKm":1.1111},"geometry":{"type":"Point","coordinates":[89.946672,22.132763]}},{"type":"Feature","id":"a-028-d1f2854d3b","properties":{"elementId":"A-028","featureId":"a-028-d1f2854d3b","name":"Baliar Hat Khal","kind":"water","kindLabel":"내륙 수자원 지물","sourceYear":"2026","recordIds":["bgd-v162-a-028-entity-01308"],"rowCount":1,"featureClass":"canal","lengthKm":0.3628},"geometry":{"type":"Point","coordinates":[90.641359,22.599476]}},{"type":"Feature","id":"a-028-bc9206bb12","properties":{"elementId":"A-028","featureId":"a-028-bc9206bb12","name":"Balijuri Canal","kind":"water","kindLabel":"내륙 수자원 지물","sourceYear":"2026","recordIds":["bgd-v162-a-028-entity-01898"],"rowCount":1,"featureClass":"canal","lengthKm":0.4544},"geometry":{"type":"Point","coordinates":[91.249737,25.109335]}},{"type":"Feature","id":"a-028-d39007611d","properties":{"elementId":"A-028","featureId":"a-028-d39007611d","name":"Baliya Khal","kind":"water","kindLabel":"내륙 수자원 지물","sourceYear":"2026","recordIds":["bgd-v162-a-028-entity-01253"],"rowCount":1,"featureClass":"canal","lengthKm":0.091},"geometry":{"type":"Point","coordinates":[90.639197,22.577609]}},{"type":"Feature","id":"a-028-076e3c202d","properties":{"elementId":"A-028","featureId":"a-028-076e3c202d","name":"Baliyar Canel","kind":"water","kindLabel":"내륙 수자원 지물","sourceYear":"2026","recordIds":["bgd-v162-a-028-entity-00136"],"rowCount":1,"featureClass":"canal","lengthKm":0.0011},"geometry":{"type":"Point","coordinates":[89.795081,22.656461]}},{"type":"Feature","id":"a-028-fe42330b16","properties":{"elementId":"A-028","featureId":"a-028-fe42330b16","name":"Baliyar Canel","kind":"water","kindLabel":"내륙 수자원 지물","sourceYear":"2026","recordIds":["bgd-v162-a-028-entity-00135"],"rowCount":1,"featureClass":"canal","lengthKm":0.0011},"geometry":{"type":"Point","coordinates":[89.795091,22.656458]}},{"type":"Feature","id":"a-028-80e20e3d76","properties":{"elementId":"A-028","featureId":"a-028-80e20e3d76","name":"Baliyar Canel","kind":"water","kindLabel":"내륙 수자원 지물","sourceYear":"2026","recordIds":["bgd-v162-a-028-entity-00181"],"rowCount":1,"featureClass":"canal","lengthKm":0.3594},"geometry":{"type":"Point","coordinates":[89.795101,22.656455]}},{"type":"Feature","id":"a-028-fc5318d067","properties":{"elementId":"A-028","featureId":"a-028-fc5318d067","name":"Baliyar Canel","kind":"water","kindLabel":"내륙 수자원 지물","sourceYear":"2026","recordIds":["bgd-v162-a-028-entity-00137"],"rowCount":1,"featureClass":"canal","lengthKm":0.0013},"geometry":{"type":"Point","coordinates":[89.798454,22.656223]}},{"type":"Feature","id":"a-028-f0b117df9e","properties":{"elementId":"A-028","featureId":"a-028-f0b117df9e","name":"Baliyar Canel","kind":"water","kindLabel":"내륙 수자원 지물","sourceYear":"2026","recordIds":["bgd-v162-a-028-entity-00161"],"rowCount":1,"featureClass":"canal","lengthKm":0.1294},"geometry":{"type":"Point","coordinates":[89.798463,22.656231]}},{"type":"Feature","id":"a-028-a42306ddaa","properties":{"elementId":"A-028","featureId":"a-028-a42306ddaa","name":"Baliyar Canel","kind":"water","kindLabel":"내륙 수자원 지물","sourceYear":"2026","recordIds":["bgd-v162-a-028-entity-00138"],"rowCount":1,"featureClass":"canal","lengthKm":0.005},"geometry":{"type":"Point","coordinates":[89.799412,22.656984]}},{"type":"Feature","id":"a-028-a9c008ef10","properties":{"elementId":"A-028","featureId":"a-028-a9c008ef10","name":"Baliyar Canel","kind":"water","kindLabel":"내륙 수자원 지물","sourceYear":"2026","recordIds":["bgd-v162-a-028-entity-00155"],"rowCount":1,"featureClass":"canal","lengthKm":0.0237},"geometry":{"type":"Point","coordinates":[89.799449,22.657013]}},{"type":"Feature","id":"a-028-82c9f5797e","properties":{"elementId":"A-028","featureId":"a-028-82c9f5797e","name":"Bamon'S Canal","kind":"water","kindLabel":"내륙 수자원 지물","sourceYear":"2026","recordIds":["bgd-v162-a-028-entity-01576"],"rowCount":1,"featureClass":"stream","lengthKm":0.4952},"geometry":{"type":"Point","coordinates":[89.944869,22.120884]}},{"type":"Feature","id":"a-028-cfb5cb5a3f","properties":{"elementId":"A-028","featureId":"a-028-cfb5cb5a3f","name":"Bamonsundar Khal","kind":"water","kindLabel":"내륙 수자원 지물","sourceYear":"2026","recordIds":["bgd-v162-a-028-entity-00832"],"rowCount":1,"featureClass":"canal","lengthKm":3.5877},"geometry":{"type":"Point","coordinates":[91.504187,22.732268]}},{"type":"Feature","id":"a-028-0661f447bf","properties":{"elementId":"A-028","featureId":"a-028-0661f447bf","name":"Bamonsundar Khal","kind":"water","kindLabel":"내륙 수자원 지물","sourceYear":"2026","recordIds":["bgd-v162-a-028-entity-00773"],"rowCount":1,"featureClass":"canal","lengthKm":0.2516},"geometry":{"type":"Point","coordinates":[91.506338,22.733357]}},{"type":"Feature","id":"a-028-781748f5d7","properties":{"elementId":"A-028","featureId":"a-028-781748f5d7","name":"Bamonsundar Khal","kind":"water","kindLabel":"내륙 수자원 지물","sourceYear":"2026","recordIds":["bgd-v162-a-028-entity-00779"],"rowCount":1,"featureClass":"canal","lengthKm":0.5141},"geometry":{"type":"Point","coordinates":[91.509892,22.736523]}},{"type":"Feature","id":"a-028-a73cc2a511","properties":{"elementId":"A-028","featureId":"a-028-a73cc2a511","name":"Banana Tree","kind":"natural","kindLabel":"기타 자연지형지물","sourceYear":"2026","recordIds":["bgd-v162-a-028-entity-00105"],"rowCount":1,"featureClass":"tree"},"geometry":{"type":"Point","coordinates":[90.41037,23.755584]}},{"type":"Feature","id":"a-028-81e826e556","properties":{"elementId":"A-028","featureId":"a-028-81e826e556","name":"Banar River","kind":"water","kindLabel":"내륙 수자원 지물","sourceYear":"2026","recordIds":["bgd-v162-a-028-entity-01144"],"rowCount":1,"featureClass":"river","lengthKm":13.5028},"geometry":{"type":"Point","coordinates":[90.644374,24.210811]}},{"type":"Feature","id":"a-028-90cf90f745","properties":{"elementId":"A-028","featureId":"a-028-90cf90f745","name":"Banbariya Khal","kind":"water","kindLabel":"내륙 수자원 지물","sourceYear":"2026","recordIds":["bgd-v162-a-028-entity-00213"],"rowCount":1,"featureClass":"canal","lengthKm":0.9384},"geometry":{"type":"Point","coordinates":[89.301397,22.353623]}},{"type":"Feature","id":"a-028-474f384cb3","properties":{"elementId":"A-028","featureId":"a-028-474f384cb3","name":"Bandpor gacha canal","kind":"water","kindLabel":"내륙 수자원 지물","sourceYear":"2026","recordIds":["bgd-v162-a-028-entity-01368"],"rowCount":1,"featureClass":"canal","lengthKm":0.7663},"geometry":{"type":"Point","coordinates":[89.967905,22.131145]}},{"type":"Feature","id":"a-028-a0e8575db8","properties":{"elementId":"A-028","featureId":"a-028-a0e8575db8","name":"Bangaler Drain","kind":"water","kindLabel":"내륙 수자원 지물","sourceYear":"2026","recordIds":["bgd-v162-a-028-entity-00431"],"rowCount":1,"featureClass":"drain","lengthKm":0.101},"geometry":{"type":"Point","coordinates":[89.06536,22.707776]}},{"type":"Feature","id":"a-028-40a8ea4ef5","properties":{"elementId":"A-028","featureId":"a-028-40a8ea4ef5","name":"Bangladesh - India","kind":"water","kindLabel":"내륙 수자원 지물","sourceYear":"2026","recordIds":["bgd-v162-a-028-entity-01865"],"rowCount":1,"featureClass":"river","lengthKm":5.2847},"geometry":{"type":"Point","coordinates":[88.182644,24.955262]}},{"type":"Feature","id":"a-028-2244c92a75","properties":{"elementId":"A-028","featureId":"a-028-2244c92a75","name":"Bangladesh - India","kind":"water","kindLabel":"내륙 수자원 지물","sourceYear":"2026","recordIds":["bgd-v162-a-028-entity-02097"],"rowCount":1,"featureClass":"river","lengthKm":9.5386},"geometry":{"type":"Point","coordinates":[88.229565,24.958024]}},{"type":"Feature","id":"a-028-b05e6566eb","properties":{"elementId":"A-028","featureId":"a-028-b05e6566eb","name":"Bangladesh - India","kind":"water","kindLabel":"내륙 수자원 지물","sourceYear":"2026","recordIds":["bgd-v162-a-028-entity-02089"],"rowCount":1,"featureClass":"river","lengthKm":7.1443},"geometry":{"type":"Point","coordinates":[88.759383,25.526585]}},{"type":"Feature","id":"a-028-4015f83c0a","properties":{"elementId":"A-028","featureId":"a-028-4015f83c0a","name":"Bangladesh - India","kind":"water","kindLabel":"내륙 수자원 지물","sourceYear":"2026","recordIds":["bgd-v162-a-028-entity-02033"],"rowCount":1,"featureClass":"river","lengthKm":2.2446},"geometry":{"type":"Point","coordinates":[88.877543,23.026098]}},{"type":"Feature","id":"a-028-caeb954dc9","properties":{"elementId":"A-028","featureId":"a-028-caeb954dc9","name":"Banik Potti Road Drain","kind":"water","kindLabel":"내륙 수자원 지물","sourceYear":"2026","recordIds":["bgd-v162-a-028-entity-00387"],"rowCount":1,"featureClass":"drain","lengthKm":0.0626},"geometry":{"type":"Point","coordinates":[89.79646,22.659219]}},{"type":"Feature","id":"a-028-a9654fd70b","properties":{"elementId":"A-028","featureId":"a-028-a9654fd70b","name":"Banik Potti Road Drain","kind":"water","kindLabel":"내륙 수자원 지물","sourceYear":"2026","recordIds":["bgd-v162-a-028-entity-00292"],"rowCount":1,"featureClass":"drain","lengthKm":0.0022},"geometry":{"type":"Point","coordinates":[89.796752,22.658741]}},{"type":"Feature","id":"a-028-d546a9b267","properties":{"elementId":"A-028","featureId":"a-028-d546a9b267","name":"Banik Potti Road Drain","kind":"water","kindLabel":"내륙 수자원 지물","sourceYear":"2026","recordIds":["bgd-v162-a-028-entity-00388"],"rowCount":1,"featureClass":"drain","lengthKm":0.0631},"geometry":{"type":"Point","coordinates":[89.796762,22.658723]}},{"type":"Feature","id":"a-028-249cbab62b","properties":{"elementId":"A-028","featureId":"a-028-249cbab62b","name":"Bank River Jamuna","kind":"water","kindLabel":"내륙 수자원 지물","sourceYear":"2026","recordIds":["bgd-v162-a-028-entity-01672"],"rowCount":1,"featureClass":"river","lengthKm":0.3612},"geometry":{"type":"Point","coordinates":[89.654958,25.246049]}},{"type":"Feature","id":"a-028-057d621663","properties":{"elementId":"A-028","featureId":"a-028-057d621663","name":"Banshbaria Sea Beach, Banshbaria, Chattogram","kind":"coastal","kindLabel":"해안 지물","sourceYear":"2026","recordIds":["bgd-v162-a-028-entity-00014"],"rowCount":1,"featureClass":"beach"},"geometry":{"type":"Point","coordinates":[91.673186,22.536597]}},{"type":"Feature","id":"a-028-cb9fb1146c","properties":{"elementId":"A-028","featureId":"a-028-cb9fb1146c","name":"Banshbaria Sea Beach, Sandwip Ship Ghat Rd, Kumira, Chattogram","kind":"coastal","kindLabel":"해안 지물","sourceYear":"2026","recordIds":["bgd-v162-a-028-entity-00015"],"rowCount":1,"featureClass":"beach"},"geometry":{"type":"Point","coordinates":[91.668265,22.544474]}},{"type":"Feature","id":"a-028-bdd04ffecd","properties":{"elementId":"A-028","featureId":"a-028-bdd04ffecd","name":"Banyan Tree","kind":"natural","kindLabel":"기타 자연지형지물","sourceYear":"2026","recordIds":["bgd-v162-a-028-entity-00106"],"rowCount":1,"featureClass":"tree"},"geometry":{"type":"Point","coordinates":[90.388897,23.767582]}},{"type":"Feature","id":"a-028-1df033c550","properties":{"elementId":"A-028","featureId":"a-028-1df033c550","name":"Banyan Tree","kind":"natural","kindLabel":"기타 자연지형지물","sourceYear":"2026","recordIds":["bgd-v162-a-028-entity-00108"],"rowCount":1,"featureClass":"tree"},"geometry":{"type":"Point","coordinates":[90.400518,23.794341]}},{"type":"Feature","id":"a-028-34af7ef6ca","properties":{"elementId":"A-028","featureId":"a-028-34af7ef6ca","name":"Barachara","kind":"water","kindLabel":"내륙 수자원 지물","sourceYear":"2026","recordIds":["bgd-v162-a-028-entity-01904"],"rowCount":1,"featureClass":"canal","lengthKm":1.1206},"geometry":{"type":"Point","coordinates":[91.6075,24.420376]}},{"type":"Feature","id":"a-028-c8ee76345c","properties":{"elementId":"A-028","featureId":"a-028-c8ee76345c","name":"Barachara","kind":"water","kindLabel":"내륙 수자원 지물","sourceYear":"2026","recordIds":["bgd-v162-a-028-entity-01912"],"rowCount":1,"featureClass":"canal","lengthKm":3.7623},"geometry":{"type":"Point","coordinates":[91.61322,24.424284]}},{"type":"Feature","id":"a-028-7389630fc3","properties":{"elementId":"A-028","featureId":"a-028-7389630fc3","name":"Barahiguni River","kind":"water","kindLabel":"내륙 수자원 지물","sourceYear":"2026","recordIds":["bgd-v162-a-028-entity-00854","bgd-v162-a-028-entity-00952"],"rowCount":2,"featureClass":"river"},"geometry":{"type":"Point","coordinates":[91.361363,22.994747]}},{"type":"Feature","id":"a-028-9e3a79b645","properties":{"elementId":"A-028","featureId":"a-028-9e3a79b645","name":"Barashiya Nodi","kind":"water","kindLabel":"내륙 수자원 지물","sourceYear":"2026","recordIds":["bgd-v162-a-028-entity-01108"],"rowCount":1,"featureClass":"river","lengthKm":0.1319},"geometry":{"type":"Point","coordinates":[89.6947,23.214499]}},{"type":"Feature","id":"a-028-9669f2b2da","properties":{"elementId":"A-028","featureId":"a-028-9669f2b2da","name":"Barashiya Nodi","kind":"water","kindLabel":"내륙 수자원 지물","sourceYear":"2026","recordIds":["bgd-v162-a-028-entity-01095"],"rowCount":1,"featureClass":"river","lengthKm":0.0143},"geometry":{"type":"Point","coordinates":[89.695858,23.21501]}},{"type":"Feature","id":"a-028-a7e7d66482","properties":{"elementId":"A-028","featureId":"a-028-a7e7d66482","name":"Barashiya Nodi","kind":"water","kindLabel":"내륙 수자원 지물","sourceYear":"2026","recordIds":["bgd-v162-a-028-entity-01175"],"rowCount":1,"featureClass":"river","lengthKm":3.8105},"geometry":{"type":"Point","coordinates":[89.69599,23.215051]}},{"type":"Feature","id":"a-028-94c4e6337e","properties":{"elementId":"A-028","featureId":"a-028-94c4e6337e","name":"Barashiya Nodi","kind":"water","kindLabel":"내륙 수자원 지물","sourceYear":"2026","recordIds":["bgd-v162-a-028-entity-01193"],"rowCount":1,"featureClass":"river","lengthKm":47.1129},"geometry":{"type":"Point","coordinates":[89.715138,23.23853]}},{"type":"Feature","id":"a-028-d5be6bbbf5","properties":{"elementId":"A-028","featureId":"a-028-d5be6bbbf5","name":"Basabati Doratana Road Drain","kind":"water","kindLabel":"내륙 수자원 지물","sourceYear":"2026","recordIds":["bgd-v162-a-028-entity-00477"],"rowCount":1,"featureClass":"drain","lengthKm":0.1668},"geometry":{"type":"Point","coordinates":[89.798737,22.655862]}},{"type":"Feature","id":"a-028-7af97c33fd","properties":{"elementId":"A-028","featureId":"a-028-7af97c33fd","name":"Bashabati K B Road","kind":"water","kindLabel":"내륙 수자원 지물","sourceYear":"2026","recordIds":["bgd-v162-a-028-entity-00571"],"rowCount":1,"featureClass":"drain","lengthKm":0.7275},"geometry":{"type":"Point","coordinates":[89.796082,22.64855]}},{"type":"Feature","id":"a-028-34f5e42465","properties":{"elementId":"A-028","featureId":"a-028-34f5e42465","name":"Bashabati Pather Dashpara Road Drain","kind":"water","kindLabel":"내륙 수자원 지물","sourceYear":"2026","recordIds":["bgd-v162-a-028-entity-00470"],"rowCount":1,"featureClass":"drain","lengthKm":0.1509},"geometry":{"type":"Point","coordinates":[89.795185,22.651155]}},{"type":"Feature","id":"a-028-5fdaecd25d","properties":{"elementId":"A-028","featureId":"a-028-5fdaecd25d","name":"Bashabati Road Drain","kind":"water","kindLabel":"내륙 수자원 지물","sourceYear":"2026","recordIds":["bgd-v162-a-028-entity-00519"],"rowCount":1,"featureClass":"drain","lengthKm":0.2426},"geometry":{"type":"Point","coordinates":[89.796179,22.646374]}},{"type":"Feature","id":"a-028-291ea4153b","properties":{"elementId":"A-028","featureId":"a-028-291ea4153b","name":"Bashabati Road Drain","kind":"water","kindLabel":"내륙 수자원 지물","sourceYear":"2026","recordIds":["bgd-v162-a-028-entity-00450"],"rowCount":1,"featureClass":"drain","lengthKm":0.1255},"geometry":{"type":"Point","coordinates":[89.801323,22.651764]}},{"type":"Feature","id":"a-028-b95893c29f","properties":{"elementId":"A-028","featureId":"a-028-b95893c29f","name":"Basheay River","kind":"water","kindLabel":"내륙 수자원 지물","sourceYear":"2026","recordIds":["bgd-v162-a-028-entity-01948"],"rowCount":1,"featureClass":"river","lengthKm":16.4734},"geometry":{"type":"Point","coordinates":[91.766186,24.814876]}},{"type":"Feature","id":"a-028-2dc70ce062","properties":{"elementId":"A-028","featureId":"a-028-2dc70ce062","name":"Basheay River","kind":"water","kindLabel":"내륙 수자원 지물","sourceYear":"2026","recordIds":["bgd-v162-a-028-entity-01919"],"rowCount":1,"featureClass":"river","lengthKm":0.041},"geometry":{"type":"Point","coordinates":[91.813564,24.904006]}},{"type":"Feature","id":"a-028-fd8555dafa","properties":{"elementId":"A-028","featureId":"a-028-fd8555dafa","name":"Basheay River","kind":"water","kindLabel":"내륙 수자원 지물","sourceYear":"2026","recordIds":["bgd-v162-a-028-entity-01928"],"rowCount":1,"featureClass":"river","lengthKm":0.3481},"geometry":{"type":"Point","coordinates":[91.81362,24.904371]}},{"type":"Feature","id":"a-028-8dde53dfe3","properties":{"elementId":"A-028","featureId":"a-028-8dde53dfe3","name":"Battir Chara","kind":"water","kindLabel":"내륙 수자원 지물","sourceYear":"2026","recordIds":["bgd-v162-a-028-entity-00999"],"rowCount":1,"featureClass":"stream","lengthKm":3.519},"geometry":{"type":"Point","coordinates":[92.077533,21.705397]}},{"type":"Feature","id":"a-028-6ebab69c01","properties":{"elementId":"A-028","featureId":"a-028-6ebab69c01","name":"Batur khal","kind":"water","kindLabel":"내륙 수자원 지물","sourceYear":"2026","recordIds":["bgd-v162-a-028-entity-01330"],"rowCount":1,"featureClass":"canal","lengthKm":0.4987},"geometry":{"type":"Point","coordinates":[90.738839,22.539496]}},{"type":"Feature","id":"a-028-4226e5ca43","properties":{"elementId":"A-028","featureId":"a-028-4226e5ca43","name":"Baylatala Canal","kind":"water","kindLabel":"내륙 수자원 지물","sourceYear":"2026","recordIds":["bgd-v162-a-028-entity-01271"],"rowCount":1,"featureClass":"canal","lengthKm":0.1494},"geometry":{"type":"Point","coordinates":[89.946919,22.158376]}},{"type":"Feature","id":"a-028-1a6600539f","properties":{"elementId":"A-028","featureId":"a-028-1a6600539f","name":"Baysha Khal","kind":"water","kindLabel":"내륙 수자원 지물","sourceYear":"2026","recordIds":["bgd-v162-a-028-entity-00579"],"rowCount":1,"featureClass":"river","lengthKm":0.011},"geometry":{"type":"Point","coordinates":[89.648569,22.984149]}},{"type":"Feature","id":"a-028-3250b62f36","properties":{"elementId":"A-028","featureId":"a-028-3250b62f36","name":"Baysha Khal","kind":"water","kindLabel":"내륙 수자원 지물","sourceYear":"2026","recordIds":["bgd-v162-a-028-entity-00613"],"rowCount":1,"featureClass":"river","lengthKm":1.2123},"geometry":{"type":"Point","coordinates":[89.649146,22.984115]}},{"type":"Feature","id":"a-028-4fa9cc19fc","properties":{"elementId":"A-028","featureId":"a-028-4fa9cc19fc","name":"Baysha Khal","kind":"water","kindLabel":"내륙 수자원 지물","sourceYear":"2026","recordIds":["bgd-v162-a-028-entity-00591","bgd-v162-a-028-entity-00606"],"rowCount":2,"featureClass":"river"},"geometry":{"type":"Point","coordinates":[89.649351,22.984757]}},{"type":"Feature","id":"a-028-ab0ce81245","properties":{"elementId":"A-028","featureId":"a-028-ab0ce81245","name":"Bazar Main Road Drain","kind":"water","kindLabel":"내륙 수자원 지물","sourceYear":"2026","recordIds":["bgd-v162-a-028-entity-00476"],"rowCount":1,"featureClass":"drain","lengthKm":0.1659},"geometry":{"type":"Point","coordinates":[89.794357,22.662285]}},{"type":"Feature","id":"a-028-3dc0d9d604","properties":{"elementId":"A-028","featureId":"a-028-3dc0d9d604","name":"Bazar Main Road Drain","kind":"water","kindLabel":"내륙 수자원 지물","sourceYear":"2026","recordIds":["bgd-v162-a-028-entity-00286"],"rowCount":1,"featureClass":"drain","lengthKm":0.0017},"geometry":{"type":"Point","coordinates":[89.795344,22.661103]}},{"type":"Feature","id":"a-028-09364c9c8c","properties":{"elementId":"A-028","featureId":"a-028-09364c9c8c","name":"Bazar Main Road Drain","kind":"water","kindLabel":"내륙 수자원 지물","sourceYear":"2026","recordIds":["bgd-v162-a-028-entity-00275"],"rowCount":1,"featureClass":"drain","lengthKm":0.001},"geometry":{"type":"Point","coordinates":[89.795355,22.661091]}},{"type":"Feature","id":"a-028-0cb373b27e","properties":{"elementId":"A-028","featureId":"a-028-0cb373b27e","name":"Bazar Main Road Drain","kind":"water","kindLabel":"내륙 수자원 지물","sourceYear":"2026","recordIds":["bgd-v162-a-028-entity-00351"],"rowCount":1,"featureClass":"drain","lengthKm":0.0259},"geometry":{"type":"Point","coordinates":[89.797527,22.657807]}},{"type":"Feature","id":"a-028-c8b4448cbc","properties":{"elementId":"A-028","featureId":"a-028-c8b4448cbc","name":"Bazar Main Road Drain","kind":"water","kindLabel":"내륙 수자원 지물","sourceYear":"2026","recordIds":["bgd-v162-a-028-entity-00317"],"rowCount":1,"featureClass":"drain","lengthKm":0.005},"geometry":{"type":"Point","coordinates":[89.797543,22.657765]}},{"type":"Feature","id":"a-028-a82099bfa5","properties":{"elementId":"A-028","featureId":"a-028-a82099bfa5","name":"Bazar Main Road Drain","kind":"water","kindLabel":"내륙 수자원 지물","sourceYear":"2026","recordIds":["bgd-v162-a-028-entity-00331"],"rowCount":1,"featureClass":"drain","lengthKm":0.007},"geometry":{"type":"Point","coordinates":[89.797563,22.657706]}},{"type":"Feature","id":"a-028-4c973c7697","properties":{"elementId":"A-028","featureId":"a-028-4c973c7697","name":"Bazar Main Road Drain","kind":"water","kindLabel":"내륙 수자원 지물","sourceYear":"2026","recordIds":["bgd-v162-a-028-entity-00354"],"rowCount":1,"featureClass":"drain","lengthKm":0.0313},"geometry":{"type":"Point","coordinates":[89.797868,22.657265]}},{"type":"Feature","id":"a-028-ce4722ad95","properties":{"elementId":"A-028","featureId":"a-028-ce4722ad95","name":"Bazar Main Road Drain","kind":"water","kindLabel":"내륙 수자원 지물","sourceYear":"2026","recordIds":["bgd-v162-a-028-entity-00432"],"rowCount":1,"featureClass":"drain","lengthKm":0.1027},"geometry":{"type":"Point","coordinates":[89.798003,22.656882]}},{"type":"Feature","id":"a-028-b9bed90809","properties":{"elementId":"A-028","featureId":"a-028-b9bed90809","name":"Bazar Main Road Drain","kind":"water","kindLabel":"내륙 수자원 지물","sourceYear":"2026","recordIds":["bgd-v162-a-028-entity-00368"],"rowCount":1,"featureClass":"drain","lengthKm":0.043},"geometry":{"type":"Point","coordinates":[89.798018,22.656897]}},{"type":"Feature","id":"a-028-28dcd3990e","properties":{"elementId":"A-028","featureId":"a-028-28dcd3990e","name":"Bazar Main Road Drain","kind":"water","kindLabel":"내륙 수자원 지물","sourceYear":"2026","recordIds":["bgd-v162-a-028-entity-00400"],"rowCount":1,"featureClass":"drain","lengthKm":0.0774},"geometry":{"type":"Point","coordinates":[89.79839,22.656285]}},{"type":"Feature","id":"a-028-8d70152b1d","properties":{"elementId":"A-028","featureId":"a-028-8d70152b1d","name":"Bazar Main Road Drain","kind":"water","kindLabel":"내륙 수자원 지물","sourceYear":"2026","recordIds":["bgd-v162-a-028-entity-00398"],"rowCount":1,"featureClass":"drain","lengthKm":0.0761},"geometry":{"type":"Point","coordinates":[89.798402,22.656303]}},{"type":"Feature","id":"a-028-9cd56f0e2d","properties":{"elementId":"A-028","featureId":"a-028-9cd56f0e2d","name":"Bazia Khal","kind":"water","kindLabel":"내륙 수자원 지물","sourceYear":"2026","recordIds":["bgd-v162-a-028-entity-00165"],"rowCount":1,"featureClass":"canal","lengthKm":0.1557},"geometry":{"type":"Point","coordinates":[89.79455,22.651644]}},{"type":"Feature","id":"a-028-eb999bd52e","properties":{"elementId":"A-028","featureId":"a-028-eb999bd52e","name":"Bekarir Drain","kind":"water","kindLabel":"내륙 수자원 지물","sourceYear":"2026","recordIds":["bgd-v162-a-028-entity-00430"],"rowCount":1,"featureClass":"drain","lengthKm":0.1001},"geometry":{"type":"Point","coordinates":[89.079549,22.721536]}},{"type":"Feature","id":"a-028-44f37c9d23","properties":{"elementId":"A-028","featureId":"a-028-44f37c9d23","name":"Bepari Barir Canal","kind":"water","kindLabel":"내륙 수자원 지물","sourceYear":"2026","recordIds":["bgd-v162-a-028-entity-00208"],"rowCount":1,"featureClass":"canal","lengthKm":0.891},"geometry":{"type":"Point","coordinates":[89.821427,22.45184]}},{"type":"Feature","id":"a-028-48c8abcf26","properties":{"elementId":"A-028","featureId":"a-028-48c8abcf26","name":"Bera Canal","kind":"water","kindLabel":"내륙 수자원 지물","sourceYear":"2026","recordIds":["bgd-v162-a-028-entity-00184"],"rowCount":1,"featureClass":"canal","lengthKm":0.393},"geometry":{"type":"Point","coordinates":[89.46888,22.536451]}},{"type":"Feature","id":"a-028-0378ceafc4","properties":{"elementId":"A-028","featureId":"a-028-0378ceafc4","name":"Bera Canal","kind":"water","kindLabel":"내륙 수자원 지물","sourceYear":"2026","recordIds":["bgd-v162-a-028-entity-00234"],"rowCount":1,"featureClass":"canal","lengthKm":1.6063},"geometry":{"type":"Point","coordinates":[89.472506,22.537049]}},{"type":"Feature","id":"a-028-f217becea5","properties":{"elementId":"A-028","featureId":"a-028-f217becea5","name":"Bera Canal","kind":"water","kindLabel":"내륙 수자원 지물","sourceYear":"2026","recordIds":["bgd-v162-a-028-entity-00157"],"rowCount":1,"featureClass":"canal","lengthKm":0.037},"geometry":{"type":"Point","coordinates":[89.484227,22.53491]}},{"type":"Feature","id":"a-028-73bf7f46a1","properties":{"elementId":"A-028","featureId":"a-028-73bf7f46a1","name":"Bera Canal","kind":"water","kindLabel":"내륙 수자원 지물","sourceYear":"2026","recordIds":["bgd-v162-a-028-entity-00159"],"rowCount":1,"featureClass":"canal","lengthKm":0.0731},"geometry":{"type":"Point","coordinates":[89.484554,22.535049]}},{"type":"Feature","id":"a-028-3c751f7f1d","properties":{"elementId":"A-028","featureId":"a-028-3c751f7f1d","name":"Betna River","kind":"water","kindLabel":"내륙 수자원 지물","sourceYear":"2026","recordIds":["bgd-v162-a-028-entity-00630"],"rowCount":1,"featureClass":"river","lengthKm":12.6577},"geometry":{"type":"Point","coordinates":[89.036591,22.810501]}},{"type":"Feature","id":"a-028-541a31f1b2","properties":{"elementId":"A-028","featureId":"a-028-541a31f1b2","name":"Betna River","kind":"water","kindLabel":"내륙 수자원 지물","sourceYear":"2026","recordIds":["bgd-v162-a-028-entity-00694"],"rowCount":1,"featureClass":"river","lengthKm":5.6725},"geometry":{"type":"Point","coordinates":[89.044344,22.857072]}},{"type":"Feature","id":"a-028-5d6d94c562","properties":{"elementId":"A-028","featureId":"a-028-5d6d94c562","name":"Betna River","kind":"water","kindLabel":"내륙 수자원 지물","sourceYear":"2026","recordIds":["bgd-v162-a-028-entity-00612"],"rowCount":1,"featureClass":"river","lengthKm":1.1605},"geometry":{"type":"Point","coordinates":[89.102864,22.753032]}},{"type":"Feature","id":"a-028-954d888bcf","properties":{"elementId":"A-028","featureId":"a-028-954d888bcf","name":"Betna River","kind":"water","kindLabel":"내륙 수자원 지물","sourceYear":"2026","recordIds":["bgd-v162-a-028-entity-00682"],"rowCount":1,"featureClass":"river","lengthKm":4.8622},"geometry":{"type":"Point","coordinates":[89.103354,22.745892]}},{"type":"Feature","id":"a-028-ba9f8e8b45","properties":{"elementId":"A-028","featureId":"a-028-ba9f8e8b45","name":"Betna River","kind":"water","kindLabel":"내륙 수자원 지물","sourceYear":"2026","recordIds":["bgd-v162-a-028-entity-00593"],"rowCount":1,"featureClass":"river","lengthKm":0.122},"geometry":{"type":"Point","coordinates":[89.113338,22.711218]}},{"type":"Feature","id":"a-028-8620def682","properties":{"elementId":"A-028","featureId":"a-028-8620def682","name":"Betna River","kind":"water","kindLabel":"내륙 수자원 지물","sourceYear":"2026","recordIds":["bgd-v162-a-028-entity-00654"],"rowCount":1,"featureClass":"river","lengthKm":22.191},"geometry":{"type":"Point","coordinates":[89.114487,22.711499]}},{"type":"Feature","id":"a-028-04775a5c0b","properties":{"elementId":"A-028","featureId":"a-028-04775a5c0b","name":"Betraboty","kind":"water","kindLabel":"내륙 수자원 지물","sourceYear":"2026","recordIds":["bgd-v162-a-028-entity-00598"],"rowCount":1,"featureClass":"river","lengthKm":0.2466},"geometry":{"type":"Point","coordinates":[89.04264,22.863232]}},{"type":"Feature","id":"a-028-a14a733a96","properties":{"elementId":"A-028","featureId":"a-028-a14a733a96","name":"Betraboty","kind":"water","kindLabel":"내륙 수자원 지물","sourceYear":"2026","recordIds":["bgd-v162-a-028-entity-00599"],"rowCount":1,"featureClass":"river","lengthKm":0.3701},"geometry":{"type":"Point","coordinates":[89.042692,22.866541]}},{"type":"Feature","id":"a-028-3258421688","properties":{"elementId":"A-028","featureId":"a-028-3258421688","name":"Betraboty","kind":"water","kindLabel":"내륙 수자원 지물","sourceYear":"2026","recordIds":["bgd-v162-a-028-entity-00616"],"rowCount":1,"featureClass":"river","lengthKm":1.3841},"geometry":{"type":"Point","coordinates":[89.046734,22.871844]}},{"type":"Feature","id":"a-028-716bee529b","properties":{"elementId":"A-028","featureId":"a-028-716bee529b","name":"Betua Khal","kind":"water","kindLabel":"내륙 수자원 지물","sourceYear":"2026","recordIds":["bgd-v162-a-028-entity-01402"],"rowCount":1,"featureClass":"canal","lengthKm":1.1296},"geometry":{"type":"Point","coordinates":[90.747988,22.598024]}},{"type":"Feature","id":"a-028-8857e9bc67","properties":{"elementId":"A-028","featureId":"a-028-8857e9bc67","name":"Betua Khal","kind":"water","kindLabel":"내륙 수자원 지물","sourceYear":"2026","recordIds":["bgd-v162-a-028-entity-01345"],"rowCount":1,"featureClass":"canal","lengthKm":0.554},"geometry":{"type":"Point","coordinates":[90.748169,22.602961]}},{"type":"Feature","id":"a-028-54a2757d68","properties":{"elementId":"A-028","featureId":"a-028-54a2757d68","name":"Bhairab","kind":"water","kindLabel":"내륙 수자원 지물","sourceYear":"2026","recordIds":["bgd-v162-a-028-entity-00588"],"rowCount":1,"featureClass":"river","lengthKm":0.0442},"geometry":{"type":"Point","coordinates":[88.612493,23.713023]}},{"type":"Feature","id":"a-028-68c2d7ca29","properties":{"elementId":"A-028","featureId":"a-028-68c2d7ca29","name":"Bhairab","kind":"water","kindLabel":"내륙 수자원 지물","sourceYear":"2026","recordIds":["bgd-v162-a-028-entity-00638"],"rowCount":1,"featureClass":"river","lengthKm":15.0074},"geometry":{"type":"Point","coordinates":[88.628318,23.828006]}},{"type":"Feature","id":"a-028-7e5ae3c037","properties":{"elementId":"A-028","featureId":"a-028-7e5ae3c037","name":"Bhairab River","kind":"water","kindLabel":"내륙 수자원 지물","sourceYear":"2026","recordIds":["bgd-v162-a-028-entity-00676"],"rowCount":1,"featureClass":"river","lengthKm":38.3327},"geometry":{"type":"Point","coordinates":[89.384742,23.119899]}},{"type":"Feature","id":"a-028-456dba2cc7","properties":{"elementId":"A-028","featureId":"a-028-456dba2cc7","name":"Bhairab River","kind":"water","kindLabel":"내륙 수자원 지물","sourceYear":"2026","recordIds":["bgd-v162-a-028-entity-00707"],"rowCount":1,"featureClass":"river","lengthKm":7.1882},"geometry":{"type":"Point","coordinates":[89.800545,22.639355]}},{"type":"Feature","id":"a-028-c9da3aba4c","properties":{"elementId":"A-028","featureId":"a-028-c9da3aba4c","name":"Bharat Canal","kind":"water","kindLabel":"내륙 수자원 지물","sourceYear":"2026","recordIds":["bgd-v162-a-028-entity-00245"],"rowCount":1,"featureClass":"canal","lengthKm":2.3334},"geometry":{"type":"Point","coordinates":[89.582903,22.458679]}},{"type":"Feature","id":"a-028-95ebbb47b9","properties":{"elementId":"A-028","featureId":"a-028-95ebbb47b9","name":"Bhogai River","kind":"water","kindLabel":"내륙 수자원 지물","sourceYear":"2026","recordIds":["bgd-v162-a-028-entity-02084"],"rowCount":1,"featureClass":"river","lengthKm":57.7479},"geometry":{"type":"Point","coordinates":[90.228291,25.202713]}},{"type":"Feature","id":"a-028-879704cf7d","properties":{"elementId":"A-028","featureId":"a-028-879704cf7d","name":"Bil Padma River (বিল পদ্মা)","kind":"water","kindLabel":"내륙 수자원 지물","sourceYear":"2026","recordIds":["bgd-v162-a-028-entity-01189"],"rowCount":1,"featureClass":"river","lengthKm":40.8004},"geometry":{"type":"Point","coordinates":[90.300406,23.345878]}},{"type":"Feature","id":"a-028-e8cf0c03ed","properties":{"elementId":"A-028","featureId":"a-028-e8cf0c03ed","name":"Black Berry","kind":"natural","kindLabel":"기타 자연지형지물","sourceYear":"2026","recordIds":["bgd-v162-a-028-entity-00034"],"rowCount":1,"featureClass":"tree"},"geometry":{"type":"Point","coordinates":[88.945782,23.756515]}},{"type":"Feature","id":"a-028-be0e2801a8","properties":{"elementId":"A-028","featureId":"a-028-be0e2801a8","name":"Boalkhali Canal","kind":"water","kindLabel":"내륙 수자원 지물","sourceYear":"2026","recordIds":["bgd-v162-a-028-entity-01429"],"rowCount":1,"featureClass":"canal","lengthKm":1.7503},"geometry":{"type":"Point","coordinates":[90.762118,22.173668]}},{"type":"Feature","id":"a-028-6c88309152","properties":{"elementId":"A-028","featureId":"a-028-6c88309152","name":"Boalkhali Canal","kind":"water","kindLabel":"내륙 수자원 지물","sourceYear":"2026","recordIds":["bgd-v162-a-028-entity-01227"],"rowCount":1,"featureClass":"canal","lengthKm":0.011},"geometry":{"type":"Point","coordinates":[90.762123,22.173767]}},{"type":"Feature","id":"a-028-59404648f7","properties":{"elementId":"A-028","featureId":"a-028-59404648f7","name":"Boalkhali Canal","kind":"water","kindLabel":"내륙 수자원 지물","sourceYear":"2026","recordIds":["bgd-v162-a-028-entity-01482"],"rowCount":1,"featureClass":"canal","lengthKm":4.2023},"geometry":{"type":"Point","coordinates":[90.78558,22.1923]}},{"type":"Feature","id":"a-028-125100ee29","properties":{"elementId":"A-028","featureId":"a-028-125100ee29","name":"Bogi Saatghar Khal","kind":"water","kindLabel":"내륙 수자원 지물","sourceYear":"2026","recordIds":["bgd-v162-a-028-entity-00168"],"rowCount":1,"featureClass":"canal","lengthKm":0.1875},"geometry":{"type":"Point","coordinates":[89.829993,22.223317]}},{"type":"Feature","id":"a-028-4c0e2bcc6b","properties":{"elementId":"A-028","featureId":"a-028-4c0e2bcc6b","name":"Bogi Saatghar Khal","kind":"water","kindLabel":"내륙 수자원 지물","sourceYear":"2026","recordIds":["bgd-v162-a-028-entity-00139"],"rowCount":1,"featureClass":"canal","lengthKm":0.0054},"geometry":{"type":"Point","coordinates":[89.830041,22.223296]}},{"type":"Feature","id":"a-028-aa3a0f50e6","properties":{"elementId":"A-028","featureId":"a-028-aa3a0f50e6","name":"Bogi Saatghar Khal","kind":"water","kindLabel":"내륙 수자원 지물","sourceYear":"2026","recordIds":["bgd-v162-a-028-entity-00199"],"rowCount":1,"featureClass":"canal","lengthKm":0.7676},"geometry":{"type":"Point","coordinates":[89.835774,22.221708]}},{"type":"Feature","id":"a-028-ab573510f5","properties":{"elementId":"A-028","featureId":"a-028-ab573510f5","name":"Bogura Western Canal","kind":"water","kindLabel":"내륙 수자원 지물","sourceYear":"2026","recordIds":["bgd-v162-a-028-entity-01795"],"rowCount":1,"featureClass":"canal","lengthKm":3.0123},"geometry":{"type":"Point","coordinates":[89.365607,24.83736]}},{"type":"Feature","id":"a-028-4e945cbc43","properties":{"elementId":"A-028","featureId":"a-028-4e945cbc43","name":"Bogura Western Canal","kind":"water","kindLabel":"내륙 수자원 지물","sourceYear":"2026","recordIds":["bgd-v162-a-028-entity-01772"],"rowCount":1,"featureClass":"canal","lengthKm":0.0219},"geometry":{"type":"Point","coordinates":[89.375901,24.817759]}},{"type":"Feature","id":"a-028-0d4a5b580e","properties":{"elementId":"A-028","featureId":"a-028-0d4a5b580e","name":"Boiragir Khal","kind":"water","kindLabel":"내륙 수자원 지물","sourceYear":"2026","recordIds":["bgd-v162-a-028-entity-01580"],"rowCount":1,"featureClass":"stream","lengthKm":0.8207},"geometry":{"type":"Point","coordinates":[89.936858,22.133354]}},{"type":"Feature","id":"a-028-93173a600c","properties":{"elementId":"A-028","featureId":"a-028-93173a600c","name":"Bokso Ali khal","kind":"water","kindLabel":"내륙 수자원 지물","sourceYear":"2026","recordIds":["bgd-v162-a-028-entity-01282"],"rowCount":1,"featureClass":"canal","lengthKm":0.2026},"geometry":{"type":"Point","coordinates":[90.685173,22.573339]}},{"type":"Feature","id":"a-028-f7103a0cae","properties":{"elementId":"A-028","featureId":"a-028-f7103a0cae","name":"Bokultola Chowrasta Box Culvert","kind":"water","kindLabel":"내륙 수자원 지물","sourceYear":"2026","recordIds":["bgd-v162-a-028-entity-00140"],"rowCount":1,"featureClass":"canal","lengthKm":0.0054},"geometry":{"type":"Point","coordinates":[89.821703,22.247268]}},{"type":"Feature","id":"a-028-53e9c3a51a","properties":{"elementId":"A-028","featureId":"a-028-53e9c3a51a","name":"Bokultola Jolerghat Culvert","kind":"water","kindLabel":"내륙 수자원 지물","sourceYear":"2026","recordIds":["bgd-v162-a-028-entity-00154"],"rowCount":1,"featureClass":"canal","lengthKm":0.017},"geometry":{"type":"Point","coordinates":[89.816062,22.243136]}},{"type":"Feature","id":"a-028-fb7453db2e","properties":{"elementId":"A-028","featureId":"a-028-fb7453db2e","name":"Bongshai River","kind":"water","kindLabel":"내륙 수자원 지물","sourceYear":"2026","recordIds":["bgd-v162-a-028-entity-01145"],"rowCount":1,"featureClass":"river","lengthKm":13.5622},"geometry":{"type":"Point","coordinates":[90.031768,24.211834]}},{"type":"Feature","id":"a-028-bff1bc438b","properties":{"elementId":"A-028","featureId":"a-028-bff1bc438b","name":"Boro Kalia Khal","kind":"water","kindLabel":"내륙 수자원 지물","sourceYear":"2026","recordIds":["bgd-v162-a-028-entity-00728"],"rowCount":1,"featureClass":"stream","lengthKm":0.3865},"geometry":{"type":"Point","coordinates":[89.626958,23.044212]}},{"type":"Feature","id":"a-028-b17a672617","properties":{"elementId":"A-028","featureId":"a-028-b17a672617","name":"Boro Kalia Khal","kind":"water","kindLabel":"내륙 수자원 지물","sourceYear":"2026","recordIds":["bgd-v162-a-028-entity-00724"],"rowCount":1,"featureClass":"stream","lengthKm":0.009},"geometry":{"type":"Point","coordinates":[89.630579,23.044794]}},{"type":"Feature","id":"a-028-308680d506","properties":{"elementId":"A-028","featureId":"a-028-308680d506","name":"Boro Kalia Khal","kind":"water","kindLabel":"내륙 수자원 지물","sourceYear":"2026","recordIds":["bgd-v162-a-028-entity-00730"],"rowCount":1,"featureClass":"stream","lengthKm":0.4537},"geometry":{"type":"Point","coordinates":[89.630659,23.044828]}},{"type":"Feature","id":"a-028-63dea9d90c","properties":{"elementId":"A-028","featureId":"a-028-63dea9d90c","name":"Boro Khal","kind":"water","kindLabel":"내륙 수자원 지물","sourceYear":"2026","recordIds":["bgd-v162-a-028-entity-01382"],"rowCount":1,"featureClass":"canal","lengthKm":0.9372},"geometry":{"type":"Point","coordinates":[90.446963,21.998584]}},{"type":"Feature","id":"a-028-10418cb742","properties":{"elementId":"A-028","featureId":"a-028-10418cb742","name":"Boro bazar Road Drain","kind":"water","kindLabel":"내륙 수자원 지물","sourceYear":"2026","recordIds":["bgd-v162-a-028-entity-00312"],"rowCount":1,"featureClass":"drain","lengthKm":0.0046},"geometry":{"type":"Point","coordinates":[89.071399,22.708839]}},{"type":"Feature","id":"a-028-55f6f0d6d8","properties":{"elementId":"A-028","featureId":"a-028-55f6f0d6d8","name":"Boro bazar Road Drain","kind":"water","kindLabel":"내륙 수자원 지물","sourceYear":"2026","recordIds":["bgd-v162-a-028-entity-00413"],"rowCount":1,"featureClass":"drain","lengthKm":0.0856},"geometry":{"type":"Point","coordinates":[89.071794,22.709516]}},{"type":"Feature","id":"a-028-a85536b0cc","properties":{"elementId":"A-028","featureId":"a-028-a85536b0cc","name":"Boro bazar Road Drain","kind":"water","kindLabel":"내륙 수자원 지물","sourceYear":"2026","recordIds":["bgd-v162-a-028-entity-00332"],"rowCount":1,"featureClass":"drain","lengthKm":0.0077},"geometry":{"type":"Point","coordinates":[89.071822,22.70958]}},{"type":"Feature","id":"a-028-c00dfb001f","properties":{"elementId":"A-028","featureId":"a-028-c00dfb001f","name":"Boro bazar Road Drain","kind":"water","kindLabel":"내륙 수자원 지물","sourceYear":"2026","recordIds":["bgd-v162-a-028-entity-00440"],"rowCount":1,"featureClass":"drain","lengthKm":0.116},"geometry":{"type":"Point","coordinates":[89.072363,22.710494]}},{"type":"Feature","id":"a-028-50d7aac302","properties":{"elementId":"A-028","featureId":"a-028-50d7aac302","name":"Borobazar Road Drain","kind":"water","kindLabel":"내륙 수자원 지물","sourceYear":"2026","recordIds":["bgd-v162-a-028-entity-00298"],"rowCount":1,"featureClass":"drain","lengthKm":0.0029},"geometry":{"type":"Point","coordinates":[89.072447,22.707757]}},{"type":"Feature","id":"a-028-a4d31017ed","properties":{"elementId":"A-028","featureId":"a-028-a4d31017ed","name":"Borobazar Road Drain","kind":"water","kindLabel":"내륙 수자원 지물","sourceYear":"2026","recordIds":["bgd-v162-a-028-entity-00454"],"rowCount":1,"featureClass":"drain","lengthKm":0.1322},"geometry":{"type":"Point","coordinates":[89.072473,22.707748]}},{"type":"Feature","id":"a-028-b1cd27128f","properties":{"elementId":"A-028","featureId":"a-028-b1cd27128f","name":"Borobazar Road Drain","kind":"water","kindLabel":"내륙 수자원 지물","sourceYear":"2026","recordIds":["bgd-v162-a-028-entity-00414"],"rowCount":1,"featureClass":"drain","lengthKm":0.0875},"geometry":{"type":"Point","coordinates":[89.072635,22.708517]}},{"type":"Feature","id":"a-028-b9b0a16d61","properties":{"elementId":"A-028","featureId":"a-028-b9b0a16d61","name":"Borobazar Road Drain","kind":"water","kindLabel":"내륙 수자원 지물","sourceYear":"2026","recordIds":["bgd-v162-a-028-entity-00305"],"rowCount":1,"featureClass":"drain","lengthKm":0.0038},"geometry":{"type":"Point","coordinates":[89.072642,22.70855]}},{"type":"Feature","id":"a-028-28ea2a9c63","properties":{"elementId":"A-028","featureId":"a-028-28ea2a9c63","name":"Borobazar Road Drain","kind":"water","kindLabel":"내륙 수자원 지물","sourceYear":"2026","recordIds":["bgd-v162-a-028-entity-00384"],"rowCount":1,"featureClass":"drain","lengthKm":0.0619},"geometry":{"type":"Point","coordinates":[89.072761,22.709095]}},{"type":"Feature","id":"a-028-8503711937","properties":{"elementId":"A-028","featureId":"a-028-8503711937","name":"Borobazar Road Drain","kind":"water","kindLabel":"내륙 수자원 지물","sourceYear":"2026","recordIds":["bgd-v162-a-028-entity-00308"],"rowCount":1,"featureClass":"drain","lengthKm":0.0042},"geometry":{"type":"Point","coordinates":[89.073011,22.706956]}},{"type":"Feature","id":"a-028-8c24f21341","properties":{"elementId":"A-028","featureId":"a-028-8c24f21341","name":"Borobazar Road Drain","kind":"water","kindLabel":"내륙 수자원 지물","sourceYear":"2026","recordIds":["bgd-v162-a-028-entity-00345"],"rowCount":1,"featureClass":"drain","lengthKm":0.0168},"geometry":{"type":"Point","coordinates":[89.073051,22.706949]}},{"type":"Feature","id":"a-028-3ab9843b61","properties":{"elementId":"A-028","featureId":"a-028-3ab9843b61","name":"Borochora","kind":"water","kindLabel":"내륙 수자원 지물","sourceYear":"2026","recordIds":["bgd-v162-a-028-entity-01943"],"rowCount":1,"featureClass":"river","lengthKm":13.8483},"geometry":{"type":"Point","coordinates":[91.05216,25.144813]}},{"type":"Feature","id":"a-028-63e9d3a052","properties":{"elementId":"A-028","featureId":"a-028-63e9d3a052","name":"Bot Brikkho","kind":"natural","kindLabel":"기타 자연지형지물","sourceYear":"2026","recordIds":["bgd-v162-a-028-entity-00027"],"rowCount":1,"featureClass":"tree"},"geometry":{"type":"Point","coordinates":[89.652515,23.043275]}},{"type":"Feature","id":"a-028-1b5abded13","properties":{"elementId":"A-028","featureId":"a-028-1b5abded13","name":"Bot Gach","kind":"natural","kindLabel":"기타 자연지형지물","sourceYear":"2026","recordIds":["bgd-v162-a-028-entity-00029"],"rowCount":1,"featureClass":"tree"},"geometry":{"type":"Point","coordinates":[89.646442,23.05412]}},{"type":"Feature","id":"a-028-610f4fd894","properties":{"elementId":"A-028","featureId":"a-028-610f4fd894","name":"Bot Gas","kind":"natural","kindLabel":"기타 자연지형지물","sourceYear":"2026","recordIds":["bgd-v162-a-028-entity-00130"],"rowCount":1,"featureClass":"tree"},"geometry":{"type":"Point","coordinates":[89.359364,24.820541]}},{"type":"Feature","id":"a-028-d6d969eb23","properties":{"elementId":"A-028","featureId":"a-028-d6d969eb23","name":"Bot Tola","kind":"natural","kindLabel":"기타 자연지형지물","sourceYear":"2026","recordIds":["bgd-v162-a-028-entity-00131"],"rowCount":1,"featureClass":"tree"},"geometry":{"type":"Point","coordinates":[89.318702,25.094529]}},{"type":"Feature","id":"a-028-d349af23f1","properties":{"elementId":"A-028","featureId":"a-028-d349af23f1","name":"Bot Tola","kind":"natural","kindLabel":"기타 자연지형지물","sourceYear":"2026","recordIds":["bgd-v162-a-028-entity-00075"],"rowCount":1,"featureClass":"tree"},"geometry":{"type":"Point","coordinates":[91.047899,23.383827]}},{"type":"Feature","id":"a-028-9057a4d569","properties":{"elementId":"A-028","featureId":"a-028-9057a4d569","name":"Bot Tola","kind":"natural","kindLabel":"기타 자연지형지물","sourceYear":"2026","recordIds":["bgd-v162-a-028-entity-00076"],"rowCount":1,"featureClass":"tree"},"geometry":{"type":"Point","coordinates":[91.086523,23.399346]}},{"type":"Feature","id":"a-028-0c7e390b05","properties":{"elementId":"A-028","featureId":"a-028-0c7e390b05","name":"Bot tola","kind":"natural","kindLabel":"기타 자연지형지물","sourceYear":"2026","recordIds":["bgd-v162-a-028-entity-00031"],"rowCount":1,"featureClass":"tree"},"geometry":{"type":"Point","coordinates":[89.151404,23.722712]}},{"type":"Feature","id":"a-028-0c5250cf99","properties":{"elementId":"A-028","featureId":"a-028-0c5250cf99","name":"Botbuniya cannal","kind":"water","kindLabel":"내륙 수자원 지물","sourceYear":"2026","recordIds":["bgd-v162-a-028-entity-00209"],"rowCount":1,"featureClass":"canal","lengthKm":0.8962},"geometry":{"type":"Point","coordinates":[89.458842,22.568185]}},{"type":"Feature","id":"a-028-7940544935","properties":{"elementId":"A-028","featureId":"a-028-7940544935","name":"Bottola bazar khal","kind":"water","kindLabel":"내륙 수자원 지물","sourceYear":"2026","recordIds":["bgd-v162-a-028-entity-01222"],"rowCount":1,"featureClass":"canal","lengthKm":0.0067},"geometry":{"type":"Point","coordinates":[90.642137,22.593043]}},{"type":"Feature","id":"a-028-2747479ac4","properties":{"elementId":"A-028","featureId":"a-028-2747479ac4","name":"Bottola bazar khal","kind":"water","kindLabel":"내륙 수자원 지물","sourceYear":"2026","recordIds":["bgd-v162-a-028-entity-01267"],"rowCount":1,"featureClass":"canal","lengthKm":0.1283},"geometry":{"type":"Point","coordinates":[90.642203,22.593032]}},{"type":"Feature","id":"a-028-5747412c21","properties":{"elementId":"A-028","featureId":"a-028-5747412c21","name":"Boular Khal","kind":"water","kindLabel":"내륙 수자원 지물","sourceYear":"2026","recordIds":["bgd-v162-a-028-entity-01589"],"rowCount":1,"featureClass":"canal","lengthKm":2.4776},"geometry":{"type":"Point","coordinates":[90.624012,24.60059]}},{"type":"Feature","id":"a-028-bc6a2c3bfa","properties":{"elementId":"A-028","featureId":"a-028-bc6a2c3bfa","name":"Boyer Goti Canal","kind":"water","kindLabel":"내륙 수자원 지물","sourceYear":"2026","recordIds":["bgd-v162-a-028-entity-01570"],"rowCount":1,"featureClass":"stream","lengthKm":0.0775},"geometry":{"type":"Point","coordinates":[89.939119,22.144673]}},{"type":"Feature","id":"a-028-3af5aedadf","properties":{"elementId":"A-028","featureId":"a-028-3af5aedadf","name":"Brahmaputra River","kind":"water","kindLabel":"내륙 수자원 지물","sourceYear":"2026","recordIds":["bgd-v162-a-028-entity-01122"],"rowCount":1,"featureClass":"river","lengthKm":1.1276},"geometry":{"type":"Point","coordinates":[90.575752,23.6751]}},{"type":"Feature","id":"a-028-c5e8a6300b","properties":{"elementId":"A-028","featureId":"a-028-c5e8a6300b","name":"Brahmaputra River","kind":"water","kindLabel":"내륙 수자원 지물","sourceYear":"2026","recordIds":["bgd-v162-a-028-entity-01134"],"rowCount":1,"featureClass":"river","lengthKm":11.7045},"geometry":{"type":"Point","coordinates":[90.605104,23.712676]}},{"type":"Feature","id":"a-028-e8bac280b8","properties":{"elementId":"A-028","featureId":"a-028-e8bac280b8","name":"Brahmoputro","kind":"water","kindLabel":"내륙 수자원 지물","sourceYear":"2026","recordIds":["bgd-v162-a-028-entity-01754"],"rowCount":1,"featureClass":"river","lengthKm":8.737},"geometry":{"type":"Point","coordinates":[89.701789,25.632548]}},{"type":"Feature","id":"a-028-cd4fbc88d2","properties":{"elementId":"A-028","featureId":"a-028-cd4fbc88d2","name":"Buruburiya katakhal","kind":"water","kindLabel":"내륙 수자원 지물","sourceYear":"2026","recordIds":["bgd-v162-a-028-entity-00250"],"rowCount":1,"featureClass":"canal","lengthKm":2.7584},"geometry":{"type":"Point","coordinates":[89.64531,22.444644]}},{"type":"Feature","id":"a-028-d09e1b2794","properties":{"elementId":"A-028","featureId":"a-028-d09e1b2794","name":"CBF Drain","kind":"water","kindLabel":"내륙 수자원 지물","sourceYear":"2026","recordIds":["bgd-v162-a-028-entity-00415"],"rowCount":1,"featureClass":"drain","lengthKm":0.0878},"geometry":{"type":"Point","coordinates":[89.069394,22.696018]}},{"type":"Feature","id":"a-028-255cdff7e7","properties":{"elementId":"A-028","featureId":"a-028-255cdff7e7","name":"CHIKNAI","kind":"water","kindLabel":"내륙 수자원 지물","sourceYear":"2026","recordIds":["bgd-v162-a-028-entity-01855"],"rowCount":1,"featureClass":"river","lengthKm":30.9996},"geometry":{"type":"Point","coordinates":[89.418037,24.101035]}},{"type":"Feature","id":"a-028-614fbdf9da","properties":{"elementId":"A-028","featureId":"a-028-614fbdf9da","name":"Canal","kind":"water","kindLabel":"내륙 수자원 지물","sourceYear":"2026","recordIds":["bgd-v162-a-028-entity-01804"],"rowCount":1,"featureClass":"canal","lengthKm":8.9566},"geometry":{"type":"Point","coordinates":[88.373364,24.813108]}},{"type":"Feature","id":"a-028-c8215a49a8","properties":{"elementId":"A-028","featureId":"a-028-c8215a49a8","name":"Canal","kind":"water","kindLabel":"내륙 수자원 지물","sourceYear":"2026","recordIds":["bgd-v162-a-028-entity-01796"],"rowCount":1,"featureClass":"canal","lengthKm":3.144},"geometry":{"type":"Point","coordinates":[88.648397,24.6433]}},{"type":"Feature","id":"a-028-db8aa650f8","properties":{"elementId":"A-028","featureId":"a-028-db8aa650f8","name":"Canal","kind":"water","kindLabel":"내륙 수자원 지물","sourceYear":"2026","recordIds":["bgd-v162-a-028-entity-01299"],"rowCount":1,"featureClass":"canal","lengthKm":0.297},"geometry":{"type":"Point","coordinates":[90.018232,22.025958]}},{"type":"Feature","id":"a-028-25812a2739","properties":{"elementId":"A-028","featureId":"a-028-25812a2739","name":"Canal","kind":"water","kindLabel":"내륙 수자원 지물","sourceYear":"2026","recordIds":["bgd-v162-a-028-entity-01289"],"rowCount":1,"featureClass":"canal","lengthKm":0.2418},"geometry":{"type":"Point","coordinates":[90.020167,22.027569]}},{"type":"Feature","id":"a-028-6a154eb5ee","properties":{"elementId":"A-028","featureId":"a-028-6a154eb5ee","name":"Canal","kind":"water","kindLabel":"내륙 수자원 지물","sourceYear":"2026","recordIds":["bgd-v162-a-028-entity-01310"],"rowCount":1,"featureClass":"canal","lengthKm":0.3721},"geometry":{"type":"Point","coordinates":[90.030304,21.993964]}},{"type":"Feature","id":"a-028-265ce1c4fc","properties":{"elementId":"A-028","featureId":"a-028-265ce1c4fc","name":"Canal","kind":"water","kindLabel":"내륙 수자원 지물","sourceYear":"2026","recordIds":["bgd-v162-a-028-entity-01315"],"rowCount":1,"featureClass":"canal","lengthKm":0.4003},"geometry":{"type":"Point","coordinates":[90.033293,21.985972]}},{"type":"Feature","id":"a-028-d4d7fdfcbf","properties":{"elementId":"A-028","featureId":"a-028-d4d7fdfcbf","name":"Canal","kind":"water","kindLabel":"내륙 수자원 지물","sourceYear":"2026","recordIds":["bgd-v162-a-028-entity-01476"],"rowCount":1,"featureClass":"canal","lengthKm":3.3023},"geometry":{"type":"Point","coordinates":[90.04004,22.044783]}},{"type":"Feature","id":"a-028-565b80a596","properties":{"elementId":"A-028","featureId":"a-028-565b80a596","name":"Canal","kind":"water","kindLabel":"내륙 수자원 지물","sourceYear":"2026","recordIds":["bgd-v162-a-028-entity-01261"],"rowCount":1,"featureClass":"canal","lengthKm":0.1094},"geometry":{"type":"Point","coordinates":[90.040296,22.024178]}},{"type":"Feature","id":"a-028-e3e74a915b","properties":{"elementId":"A-028","featureId":"a-028-e3e74a915b","name":"Canal","kind":"water","kindLabel":"내륙 수자원 지물","sourceYear":"2026","recordIds":["bgd-v162-a-028-entity-01237"],"rowCount":1,"featureClass":"canal","lengthKm":0.0428},"geometry":{"type":"Point","coordinates":[90.041346,22.024033]}},{"type":"Feature","id":"a-028-ff2de9eb4a","properties":{"elementId":"A-028","featureId":"a-028-ff2de9eb4a","name":"Canal","kind":"water","kindLabel":"내륙 수자원 지물","sourceYear":"2026","recordIds":["bgd-v162-a-028-entity-01450"],"rowCount":1,"featureClass":"canal","lengthKm":2.1135},"geometry":{"type":"Point","coordinates":[90.054084,22.127595]}},{"type":"Feature","id":"a-028-5b7fa6251f","properties":{"elementId":"A-028","featureId":"a-028-5b7fa6251f","name":"Canal","kind":"water","kindLabel":"내륙 수자원 지물","sourceYear":"2026","recordIds":["bgd-v162-a-028-entity-01384"],"rowCount":1,"featureClass":"canal","lengthKm":0.9499},"geometry":{"type":"Point","coordinates":[90.055388,21.932526]}},{"type":"Feature","id":"a-028-92933f8a9c","properties":{"elementId":"A-028","featureId":"a-028-92933f8a9c","name":"Canal","kind":"water","kindLabel":"내륙 수자원 지물","sourceYear":"2026","recordIds":["bgd-v162-a-028-entity-01276"],"rowCount":1,"featureClass":"canal","lengthKm":0.1693},"geometry":{"type":"Point","coordinates":[90.05734,21.938667]}},{"type":"Feature","id":"a-028-91f39e9f84","properties":{"elementId":"A-028","featureId":"a-028-91f39e9f84","name":"Canal","kind":"water","kindLabel":"내륙 수자원 지물","sourceYear":"2026","recordIds":["bgd-v162-a-028-entity-01447"],"rowCount":1,"featureClass":"canal","lengthKm":2.0958},"geometry":{"type":"Point","coordinates":[90.060023,21.941448]}},{"type":"Feature","id":"a-028-70076c034b","properties":{"elementId":"A-028","featureId":"a-028-70076c034b","name":"Canal","kind":"water","kindLabel":"내륙 수자원 지물","sourceYear":"2026","recordIds":["bgd-v162-a-028-entity-01473"],"rowCount":1,"featureClass":"canal","lengthKm":3.0896},"geometry":{"type":"Point","coordinates":[90.061915,22.123662]}},{"type":"Feature","id":"a-028-c0b9993ef0","properties":{"elementId":"A-028","featureId":"a-028-c0b9993ef0","name":"Canal","kind":"water","kindLabel":"내륙 수자원 지물","sourceYear":"2026","recordIds":["bgd-v162-a-028-entity-01341"],"rowCount":1,"featureClass":"canal","lengthKm":0.5408},"geometry":{"type":"Point","coordinates":[90.067162,21.948355]}},{"type":"Feature","id":"a-028-2499602e04","properties":{"elementId":"A-028","featureId":"a-028-2499602e04","name":"Canal","kind":"water","kindLabel":"내륙 수자원 지물","sourceYear":"2026","recordIds":["bgd-v162-a-028-entity-01320"],"rowCount":1,"featureClass":"canal","lengthKm":0.423},"geometry":{"type":"Point","coordinates":[90.067877,22.153299]}},{"type":"Feature","id":"a-028-128cb1fdec","properties":{"elementId":"A-028","featureId":"a-028-128cb1fdec","name":"Canal","kind":"water","kindLabel":"내륙 수자원 지물","sourceYear":"2026","recordIds":["bgd-v162-a-028-entity-01302"],"rowCount":1,"featureClass":"canal","lengthKm":0.3184},"geometry":{"type":"Point","coordinates":[90.069694,21.952032]}},{"type":"Feature","id":"a-028-625449287e","properties":{"elementId":"A-028","featureId":"a-028-625449287e","name":"Canal","kind":"water","kindLabel":"내륙 수자원 지물","sourceYear":"2026","recordIds":["bgd-v162-a-028-entity-01454"],"rowCount":1,"featureClass":"canal","lengthKm":2.3314},"geometry":{"type":"Point","coordinates":[90.069866,22.12506]}},{"type":"Feature","id":"a-028-b2aaf144f3","properties":{"elementId":"A-028","featureId":"a-028-b2aaf144f3","name":"Canal","kind":"water","kindLabel":"내륙 수자원 지물","sourceYear":"2026","recordIds":["bgd-v162-a-028-entity-01347"],"rowCount":1,"featureClass":"canal","lengthKm":0.5703},"geometry":{"type":"Point","coordinates":[90.07265,21.940811]}},{"type":"Feature","id":"a-028-0e94f82574","properties":{"elementId":"A-028","featureId":"a-028-0e94f82574","name":"Canal","kind":"water","kindLabel":"내륙 수자원 지물","sourceYear":"2026","recordIds":["bgd-v162-a-028-entity-01444"],"rowCount":1,"featureClass":"canal","lengthKm":11.5705},"geometry":{"type":"Point","coordinates":[90.074494,21.99669]}},{"type":"Feature","id":"a-028-dcea541614","properties":{"elementId":"A-028","featureId":"a-028-dcea541614","name":"Canal","kind":"water","kindLabel":"내륙 수자원 지물","sourceYear":"2026","recordIds":["bgd-v162-a-028-entity-01255"],"rowCount":1,"featureClass":"canal","lengthKm":0.095},"geometry":{"type":"Point","coordinates":[90.074657,21.941951]}},{"type":"Feature","id":"a-028-a775a0535b","properties":{"elementId":"A-028","featureId":"a-028-a775a0535b","name":"Canal","kind":"water","kindLabel":"내륙 수자원 지물","sourceYear":"2026","recordIds":["bgd-v162-a-028-entity-01305"],"rowCount":1,"featureClass":"canal","lengthKm":0.3268},"geometry":{"type":"Point","coordinates":[90.08027,22.160788]}},{"type":"Feature","id":"a-028-a2338cffa2","properties":{"elementId":"A-028","featureId":"a-028-a2338cffa2","name":"Canal","kind":"water","kindLabel":"내륙 수자원 지물","sourceYear":"2026","recordIds":["bgd-v162-a-028-entity-01414"],"rowCount":1,"featureClass":"canal","lengthKm":1.3526},"geometry":{"type":"Point","coordinates":[90.087429,21.949917]}},{"type":"Feature","id":"a-028-5bc4fccb2b","properties":{"elementId":"A-028","featureId":"a-028-5bc4fccb2b","name":"Canal","kind":"water","kindLabel":"내륙 수자원 지물","sourceYear":"2026","recordIds":["bgd-v162-a-028-entity-01396"],"rowCount":1,"featureClass":"canal","lengthKm":1.0659},"geometry":{"type":"Point","coordinates":[90.099521,21.957296]}},{"type":"Feature","id":"a-028-aee4c43251","properties":{"elementId":"A-028","featureId":"a-028-aee4c43251","name":"Canal","kind":"water","kindLabel":"내륙 수자원 지물","sourceYear":"2026","recordIds":["bgd-v162-a-028-entity-01364"],"rowCount":1,"featureClass":"canal","lengthKm":0.7372},"geometry":{"type":"Point","coordinates":[90.109981,21.944787]}},{"type":"Feature","id":"a-028-a9ff02fea0","properties":{"elementId":"A-028","featureId":"a-028-a9ff02fea0","name":"Canal","kind":"water","kindLabel":"내륙 수자원 지물","sourceYear":"2026","recordIds":["bgd-v162-a-028-entity-01321"],"rowCount":1,"featureClass":"canal","lengthKm":0.4285},"geometry":{"type":"Point","coordinates":[90.113731,21.951808]}},{"type":"Feature","id":"a-028-3b0099c1a5","properties":{"elementId":"A-028","featureId":"a-028-3b0099c1a5","name":"Canal","kind":"water","kindLabel":"내륙 수자원 지물","sourceYear":"2026","recordIds":["bgd-v162-a-028-entity-01419"],"rowCount":1,"featureClass":"canal","lengthKm":1.4304},"geometry":{"type":"Point","coordinates":[90.130157,21.929695]}},{"type":"Feature","id":"a-028-999be316c4","properties":{"elementId":"A-028","featureId":"a-028-999be316c4","name":"Canal","kind":"water","kindLabel":"내륙 수자원 지물","sourceYear":"2026","recordIds":["bgd-v162-a-028-entity-01462"],"rowCount":1,"featureClass":"canal","lengthKm":2.492},"geometry":{"type":"Point","coordinates":[90.131021,21.954171]}},{"type":"Feature","id":"a-028-a5943de37d","properties":{"elementId":"A-028","featureId":"a-028-a5943de37d","name":"Canal","kind":"water","kindLabel":"내륙 수자원 지물","sourceYear":"2026","recordIds":["bgd-v162-a-028-entity-01303"],"rowCount":1,"featureClass":"canal","lengthKm":0.3214},"geometry":{"type":"Point","coordinates":[90.137957,22.079193]}},{"type":"Feature","id":"a-028-1a931887d3","properties":{"elementId":"A-028","featureId":"a-028-1a931887d3","name":"Canal","kind":"water","kindLabel":"내륙 수자원 지물","sourceYear":"2026","recordIds":["bgd-v162-a-028-entity-01312"],"rowCount":1,"featureClass":"canal","lengthKm":0.377},"geometry":{"type":"Point","coordinates":[90.141436,22.083351]}},{"type":"Feature","id":"a-028-412ed03b85","properties":{"elementId":"A-028","featureId":"a-028-412ed03b85","name":"Canal","kind":"water","kindLabel":"내륙 수자원 지물","sourceYear":"2026","recordIds":["bgd-v162-a-028-entity-01336"],"rowCount":1,"featureClass":"canal","lengthKm":0.5246},"geometry":{"type":"Point","coordinates":[90.150241,22.088493]}},{"type":"Feature","id":"a-028-908bd24376","properties":{"elementId":"A-028","featureId":"a-028-908bd24376","name":"Canal","kind":"water","kindLabel":"내륙 수자원 지물","sourceYear":"2026","recordIds":["bgd-v162-a-028-entity-01048"],"rowCount":1,"featureClass":"canal","lengthKm":0.9546},"geometry":{"type":"Point","coordinates":[90.234927,23.958574]}},{"type":"Feature","id":"a-028-8afd2a06ca","properties":{"elementId":"A-028","featureId":"a-028-8afd2a06ca","name":"Canal","kind":"water","kindLabel":"내륙 수자원 지물","sourceYear":"2026","recordIds":["bgd-v162-a-028-entity-01042"],"rowCount":1,"featureClass":"canal","lengthKm":0.6043},"geometry":{"type":"Point","coordinates":[90.237882,23.962772]}},{"type":"Feature","id":"a-028-fbbe28a0fe","properties":{"elementId":"A-028","featureId":"a-028-fbbe28a0fe","name":"Canal Beside Farid Mia House","kind":"water","kindLabel":"내륙 수자원 지물","sourceYear":"2026","recordIds":["bgd-v162-a-028-entity-01514"],"rowCount":1,"featureClass":"drain","lengthKm":0.3247},"geometry":{"type":"Point","coordinates":[90.694019,22.571781]}},{"type":"Feature","id":"a-028-cbb3e5b505","properties":{"elementId":"A-028","featureId":"a-028-cbb3e5b505","name":"Canal Beside Jame Masjid","kind":"water","kindLabel":"내륙 수자원 지물","sourceYear":"2026","recordIds":["bgd-v162-a-028-entity-01319"],"rowCount":1,"featureClass":"canal","lengthKm":0.4205},"geometry":{"type":"Point","coordinates":[90.68163,22.578466]}},{"type":"Feature","id":"a-028-9743cf1d9a","properties":{"elementId":"A-028","featureId":"a-028-9743cf1d9a","name":"Canal Beside Shikdar house","kind":"water","kindLabel":"내륙 수자원 지물","sourceYear":"2026","recordIds":["bgd-v162-a-028-entity-01249"],"rowCount":1,"featureClass":"canal","lengthKm":0.0702},"geometry":{"type":"Point","coordinates":[90.712381,22.417364]}},{"type":"Feature","id":"a-028-87ff9ff711","properties":{"elementId":"A-028","featureId":"a-028-87ff9ff711","name":"Canal Beside Takker House","kind":"water","kindLabel":"내륙 수자원 지물","sourceYear":"2026","recordIds":["bgd-v162-a-028-entity-01239"],"rowCount":1,"featureClass":"canal","lengthKm":0.045},"geometry":{"type":"Point","coordinates":[90.723299,22.407531]}},{"type":"Feature","id":"a-028-130a3ad173","properties":{"elementId":"A-028","featureId":"a-028-130a3ad173","name":"Canal Beside Yaseen Patowari House","kind":"water","kindLabel":"내륙 수자원 지물","sourceYear":"2026","recordIds":["bgd-v162-a-028-entity-01243"],"rowCount":1,"featureClass":"canal","lengthKm":0.0454},"geometry":{"type":"Point","coordinates":[90.712381,22.41808]}},{"type":"Feature","id":"a-028-ee80cf35a4","properties":{"elementId":"A-028","featureId":"a-028-ee80cf35a4","name":"Canal at Baila Buniya","kind":"water","kindLabel":"내륙 수자원 지물","sourceYear":"2026","recordIds":["bgd-v162-a-028-entity-01269"],"rowCount":1,"featureClass":"canal","lengthKm":0.1308},"geometry":{"type":"Point","coordinates":[90.543244,21.896504]}},{"type":"Feature","id":"a-028-fadd7d84c4","properties":{"elementId":"A-028","featureId":"a-028-fadd7d84c4","name":"Canal at Baila Buniya","kind":"water","kindLabel":"내륙 수자원 지물","sourceYear":"2026","recordIds":["bgd-v162-a-028-entity-01351"],"rowCount":1,"featureClass":"canal","lengthKm":0.6197},"geometry":{"type":"Point","coordinates":[90.546924,21.899232]}},{"type":"Feature","id":"a-028-5c1904d662","properties":{"elementId":"A-028","featureId":"a-028-5c1904d662","name":"Canal at Baila Buniya","kind":"water","kindLabel":"내륙 수자원 지물","sourceYear":"2026","recordIds":["bgd-v162-a-028-entity-01488"],"rowCount":1,"featureClass":"canal","lengthKm":6.9816},"geometry":{"type":"Point","coordinates":[90.557907,21.916579]}},{"type":"Feature","id":"a-028-e2229d2e5c","properties":{"elementId":"A-028","featureId":"a-028-e2229d2e5c","name":"Canal at Char Bestin","kind":"water","kindLabel":"내륙 수자원 지물","sourceYear":"2026","recordIds":["bgd-v162-a-028-entity-01461"],"rowCount":1,"featureClass":"canal","lengthKm":2.4608},"geometry":{"type":"Point","coordinates":[90.576654,21.969902]}},{"type":"Feature","id":"a-028-f865db5a88","properties":{"elementId":"A-028","featureId":"a-028-f865db5a88","name":"Canal at Char Margaret","kind":"water","kindLabel":"내륙 수자원 지물","sourceYear":"2026","recordIds":["bgd-v162-a-028-entity-01398"],"rowCount":1,"featureClass":"canal","lengthKm":1.0689},"geometry":{"type":"Point","coordinates":[90.587098,21.9421]}},{"type":"Feature","id":"a-028-fd44687b83","properties":{"elementId":"A-028","featureId":"a-028-fd44687b83","name":"Canal at Dar Vanga","kind":"water","kindLabel":"내륙 수자원 지물","sourceYear":"2026","recordIds":["bgd-v162-a-028-entity-01435"],"rowCount":1,"featureClass":"canal","lengthKm":1.8173},"geometry":{"type":"Point","coordinates":[90.568328,21.922673]}},{"type":"Feature","id":"a-028-cb85c0f79c","properties":{"elementId":"A-028","featureId":"a-028-cb85c0f79c","name":"Canal at Mira Bazar","kind":"water","kindLabel":"내륙 수자원 지물","sourceYear":"2026","recordIds":["bgd-v162-a-028-entity-01342"],"rowCount":1,"featureClass":"canal","lengthKm":0.5428},"geometry":{"type":"Point","coordinates":[90.53936,21.939533]}},{"type":"Feature","id":"a-028-9ab8000caa","properties":{"elementId":"A-028","featureId":"a-028-9ab8000caa","name":"Canal at North Char Montaj","kind":"water","kindLabel":"내륙 수자원 지물","sourceYear":"2026","recordIds":["bgd-v162-a-028-entity-01480"],"rowCount":1,"featureClass":"canal","lengthKm":3.9631},"geometry":{"type":"Point","coordinates":[90.52736,21.938906]}},{"type":"Feature","id":"a-028-c44e568432","properties":{"elementId":"A-028","featureId":"a-028-c44e568432","name":"Canal beside Cluster Village","kind":"water","kindLabel":"내륙 수자원 지물","sourceYear":"2026","recordIds":["bgd-v162-a-028-entity-01399"],"rowCount":1,"featureClass":"canal","lengthKm":1.0786},"geometry":{"type":"Point","coordinates":[90.672162,22.589573]}},{"type":"Feature","id":"a-028-3261e5097a","properties":{"elementId":"A-028","featureId":"a-028-3261e5097a","name":"Canal beside Mozom hat bazar","kind":"water","kindLabel":"내륙 수자원 지물","sourceYear":"2026","recordIds":["bgd-v162-a-028-entity-01238"],"rowCount":1,"featureClass":"canal","lengthKm":0.0445},"geometry":{"type":"Point","coordinates":[90.699182,22.421798]}},{"type":"Feature","id":"a-028-4d079baca3","properties":{"elementId":"A-028","featureId":"a-028-4d079baca3","name":"Canal beside Soyol house bridge","kind":"water","kindLabel":"내륙 수자원 지물","sourceYear":"2026","recordIds":["bgd-v162-a-028-entity-01522"],"rowCount":1,"featureClass":"drain","lengthKm":0.8397},"geometry":{"type":"Point","coordinates":[90.676142,22.586686]}},{"type":"Feature","id":"a-028-12737d74db","properties":{"elementId":"A-028","featureId":"a-028-12737d74db","name":"Canal beside nasir patoari house","kind":"water","kindLabel":"내륙 수자원 지물","sourceYear":"2026","recordIds":["bgd-v162-a-028-entity-01300"],"rowCount":1,"featureClass":"canal","lengthKm":0.2975},"geometry":{"type":"Point","coordinates":[90.630008,22.786207]}},{"type":"Feature","id":"a-028-f38ccc2e40","properties":{"elementId":"A-028","featureId":"a-028-f38ccc2e40","name":"Canal beside tunu chowdhury","kind":"water","kindLabel":"내륙 수자원 지물","sourceYear":"2026","recordIds":["bgd-v162-a-028-entity-01293"],"rowCount":1,"featureClass":"canal","lengthKm":0.2493},"geometry":{"type":"Point","coordinates":[90.612879,22.785801]}},{"type":"Feature","id":"a-028-90ef3375eb","properties":{"elementId":"A-028","featureId":"a-028-90ef3375eb","name":"Canal in front of Hellal member house","kind":"water","kindLabel":"내륙 수자원 지물","sourceYear":"2026","recordIds":["bgd-v162-a-028-entity-01273"],"rowCount":1,"featureClass":"canal","lengthKm":0.1638},"geometry":{"type":"Point","coordinates":[90.576981,22.765176]}},{"type":"Feature","id":"a-028-cfb894b1c2","properties":{"elementId":"A-028","featureId":"a-028-cfb894b1c2","name":"Canal infront of Halima Khatun College","kind":"water","kindLabel":"내륙 수자원 지물","sourceYear":"2026","recordIds":["bgd-v162-a-028-entity-01247"],"rowCount":1,"featureClass":"canal","lengthKm":0.0603},"geometry":{"type":"Point","coordinates":[90.669258,22.590096]}},{"type":"Feature","id":"a-028-c9848d4e8d","properties":{"elementId":"A-028","featureId":"a-028-c9848d4e8d","name":"Canal infront of Siraj Folfan House","kind":"water","kindLabel":"내륙 수자원 지물","sourceYear":"2026","recordIds":["bgd-v162-a-028-entity-01518"],"rowCount":1,"featureClass":"drain","lengthKm":0.4919},"geometry":{"type":"Point","coordinates":[90.682196,22.589147]}},{"type":"Feature","id":"a-028-51bb0a4b55","properties":{"elementId":"A-028","featureId":"a-028-51bb0a4b55","name":"Canal of Amir Fokir","kind":"water","kindLabel":"내륙 수자원 지물","sourceYear":"2026","recordIds":["bgd-v162-a-028-entity-01263"],"rowCount":1,"featureClass":"canal","lengthKm":0.1161},"geometry":{"type":"Point","coordinates":[90.701073,22.41148]}},{"type":"Feature","id":"a-028-921240c601","properties":{"elementId":"A-028","featureId":"a-028-921240c601","name":"Canal of Char Maiya Rajapur union","kind":"water","kindLabel":"내륙 수자원 지물","sourceYear":"2026","recordIds":["bgd-v162-a-028-entity-01463"],"rowCount":1,"featureClass":"canal","lengthKm":2.652},"geometry":{"type":"Point","coordinates":[90.588316,22.78135]}},{"type":"Feature","id":"a-028-216decc222","properties":{"elementId":"A-028","featureId":"a-028-216decc222","name":"Canal of Chor Algee","kind":"water","kindLabel":"내륙 수자원 지물","sourceYear":"2026","recordIds":["bgd-v162-a-028-entity-01288"],"rowCount":1,"featureClass":"canal","lengthKm":0.2414},"geometry":{"type":"Point","coordinates":[90.715155,22.451188]}},{"type":"Feature","id":"a-028-5e6245a2aa","properties":{"elementId":"A-028","featureId":"a-028-5e6245a2aa","name":"Canal of Chor Algee","kind":"water","kindLabel":"내륙 수자원 지물","sourceYear":"2026","recordIds":["bgd-v162-a-028-entity-01232"],"rowCount":1,"featureClass":"canal","lengthKm":0.025},"geometry":{"type":"Point","coordinates":[90.71698,22.442974]}},{"type":"Feature","id":"a-028-6f7c23fd3a","properties":{"elementId":"A-028","featureId":"a-028-6f7c23fd3a","name":"Canal of Jhitka","kind":"water","kindLabel":"내륙 수자원 지물","sourceYear":"2026","recordIds":["bgd-v162-a-028-entity-01246"],"rowCount":1,"featureClass":"canal","lengthKm":0.0545},"geometry":{"type":"Point","coordinates":[90.697004,22.430163]}},{"type":"Feature","id":"a-028-c44af085ba","properties":{"elementId":"A-028","featureId":"a-028-c44af085ba","name":"Canal of majhi house","kind":"water","kindLabel":"내륙 수자원 지물","sourceYear":"2026","recordIds":["bgd-v162-a-028-entity-01256"],"rowCount":1,"featureClass":"canal","lengthKm":0.1019},"geometry":{"type":"Point","coordinates":[90.616935,22.787616]}},{"type":"Feature","id":"a-028-1a049112c3","properties":{"elementId":"A-028","featureId":"a-028-1a049112c3","name":"Canal(boundary)","kind":"water","kindLabel":"내륙 수자원 지물","sourceYear":"2026","recordIds":["bgd-v162-a-028-entity-01578"],"rowCount":1,"featureClass":"stream","lengthKm":0.5287},"geometry":{"type":"Point","coordinates":[89.991101,22.035753]}},{"type":"Feature","id":"a-028-ff501af61f","properties":{"elementId":"A-028","featureId":"a-028-ff501af61f","name":"Canal---11---13","kind":"water","kindLabel":"내륙 수자원 지물","sourceYear":"2026","recordIds":["bgd-v162-a-028-entity-01367"],"rowCount":1,"featureClass":"canal","lengthKm":0.7651},"geometry":{"type":"Point","coordinates":[90.14865,21.969661]}},{"type":"Feature","id":"a-028-d35c7b18eb","properties":{"elementId":"A-028","featureId":"a-028-d35c7b18eb","name":"Canal---120","kind":"water","kindLabel":"내륙 수자원 지물","sourceYear":"2026","recordIds":["bgd-v162-a-028-entity-01377"],"rowCount":1,"featureClass":"canal","lengthKm":0.8656},"geometry":{"type":"Point","coordinates":[90.147144,21.912694]}},{"type":"Feature","id":"a-028-ce102cbd55","properties":{"elementId":"A-028","featureId":"a-028-ce102cbd55","name":"Canal---14----32","kind":"water","kindLabel":"내륙 수자원 지물","sourceYear":"2026","recordIds":["bgd-v162-a-028-entity-01474"],"rowCount":1,"featureClass":"canal","lengthKm":3.1785},"geometry":{"type":"Point","coordinates":[90.152058,21.963936]}},{"type":"Feature","id":"a-028-0b96a7eb8e","properties":{"elementId":"A-028","featureId":"a-028-0b96a7eb8e","name":"Canal---162---164---166","kind":"water","kindLabel":"내륙 수자원 지물","sourceYear":"2026","recordIds":["bgd-v162-a-028-entity-01478"],"rowCount":1,"featureClass":"canal","lengthKm":3.5255},"geometry":{"type":"Point","coordinates":[90.142944,21.942344]}},{"type":"Feature","id":"a-028-76179ebb39","properties":{"elementId":"A-028","featureId":"a-028-76179ebb39","name":"Canal---34---46","kind":"water","kindLabel":"내륙 수자원 지물","sourceYear":"2026","recordIds":["bgd-v162-a-028-entity-01487"],"rowCount":1,"featureClass":"canal","lengthKm":5.5476},"geometry":{"type":"Point","coordinates":[90.178502,21.946901]}},{"type":"Feature","id":"a-028-d39c1c0b5b","properties":{"elementId":"A-028","featureId":"a-028-d39c1c0b5b","name":"Canal--164","kind":"water","kindLabel":"내륙 수자원 지물","sourceYear":"2026","recordIds":["bgd-v162-a-028-entity-01400"],"rowCount":1,"featureClass":"canal","lengthKm":1.0999},"geometry":{"type":"Point","coordinates":[90.162895,21.938498]}},{"type":"Feature","id":"a-028-4903548107","properties":{"elementId":"A-028","featureId":"a-028-4903548107","name":"Canal-1---3---19---22","kind":"water","kindLabel":"내륙 수자원 지물","sourceYear":"2026","recordIds":["bgd-v162-a-028-entity-01479"],"rowCount":1,"featureClass":"canal","lengthKm":3.7341},"geometry":{"type":"Point","coordinates":[90.160898,21.970534]}},{"type":"Feature","id":"a-028-bfc23d8463","properties":{"elementId":"A-028","featureId":"a-028-bfc23d8463","name":"Canal-1---3---19---22","kind":"water","kindLabel":"내륙 수자원 지물","sourceYear":"2026","recordIds":["bgd-v162-a-028-entity-01228"],"rowCount":1,"featureClass":"canal","lengthKm":0.0115},"geometry":{"type":"Point","coordinates":[90.161006,21.970507]}},{"type":"Feature","id":"a-028-62ced4cf77","properties":{"elementId":"A-028","featureId":"a-028-62ced4cf77","name":"Canal-1---3---19---22","kind":"water","kindLabel":"내륙 수자원 지물","sourceYear":"2026","recordIds":["bgd-v162-a-028-entity-01375"],"rowCount":1,"featureClass":"canal","lengthKm":0.862},"geometry":{"type":"Point","coordinates":[90.168236,21.973774]}},{"type":"Feature","id":"a-028-a523f70bfb","properties":{"elementId":"A-028","featureId":"a-028-a523f70bfb","name":"Canal-113-to-116","kind":"water","kindLabel":"내륙 수자원 지물","sourceYear":"2026","recordIds":["bgd-v162-a-028-entity-01457"],"rowCount":1,"featureClass":"canal","lengthKm":2.3609},"geometry":{"type":"Point","coordinates":[90.180174,21.936834]}},{"type":"Feature","id":"a-028-e6e8124e99","properties":{"elementId":"A-028","featureId":"a-028-e6e8124e99","name":"Canal-120-to-159","kind":"water","kindLabel":"내륙 수자원 지물","sourceYear":"2026","recordIds":["bgd-v162-a-028-entity-01449"],"rowCount":1,"featureClass":"canal","lengthKm":2.1128},"geometry":{"type":"Point","coordinates":[90.138036,21.926309]}},{"type":"Feature","id":"a-028-7bbf0d0009","properties":{"elementId":"A-028","featureId":"a-028-7bbf0d0009","name":"Canal-141-149","kind":"water","kindLabel":"내륙 수자원 지물","sourceYear":"2026","recordIds":["bgd-v162-a-028-entity-01483"],"rowCount":1,"featureClass":"canal","lengthKm":4.399},"geometry":{"type":"Point","coordinates":[90.128062,21.900489]}},{"type":"Feature","id":"a-028-993b309721","properties":{"elementId":"A-028","featureId":"a-028-993b309721","name":"Canal-187--190","kind":"water","kindLabel":"내륙 수자원 지물","sourceYear":"2026","recordIds":["bgd-v162-a-028-entity-01379"],"rowCount":1,"featureClass":"canal","lengthKm":0.9125},"geometry":{"type":"Point","coordinates":[90.214538,21.967348]}},{"type":"Feature","id":"a-028-0b5bcbd40c","properties":{"elementId":"A-028","featureId":"a-028-0b5bcbd40c","name":"Canal-51-to49","kind":"water","kindLabel":"내륙 수자원 지물","sourceYear":"2026","recordIds":["bgd-v162-a-028-entity-01360"],"rowCount":1,"featureClass":"canal","lengthKm":0.6975},"geometry":{"type":"Point","coordinates":[90.177795,21.95482]}},{"type":"Feature","id":"a-028-bef7be73a0","properties":{"elementId":"A-028","featureId":"a-028-bef7be73a0","name":"Canal-52-to-54","kind":"water","kindLabel":"내륙 수자원 지물","sourceYear":"2026","recordIds":["bgd-v162-a-028-entity-01436"],"rowCount":1,"featureClass":"canal","lengthKm":1.8199},"geometry":{"type":"Point","coordinates":[90.172685,21.962408]}},{"type":"Feature","id":"a-028-ec732801eb","properties":{"elementId":"A-028","featureId":"a-028-ec732801eb","name":"Canal-55--57","kind":"water","kindLabel":"내륙 수자원 지물","sourceYear":"2026","recordIds":["bgd-v162-a-028-entity-01338"],"rowCount":1,"featureClass":"canal","lengthKm":0.526},"geometry":{"type":"Point","coordinates":[90.178494,21.962426]}},{"type":"Feature","id":"a-028-443d13ebaf","properties":{"elementId":"A-028","featureId":"a-028-443d13ebaf","name":"Canal-56--82","kind":"water","kindLabel":"내륙 수자원 지물","sourceYear":"2026","recordIds":["bgd-v162-a-028-entity-01418"],"rowCount":1,"featureClass":"canal","lengthKm":1.414},"geometry":{"type":"Point","coordinates":[90.174752,21.962485]}},{"type":"Feature","id":"a-028-3a81ecbd18","properties":{"elementId":"A-028","featureId":"a-028-3a81ecbd18","name":"Canal-67","kind":"water","kindLabel":"내륙 수자원 지물","sourceYear":"2026","recordIds":["bgd-v162-a-028-entity-01401"],"rowCount":1,"featureClass":"canal","lengthKm":1.114},"geometry":{"type":"Point","coordinates":[90.194887,21.962287]}},{"type":"Feature","id":"a-028-d2782e6ecc","properties":{"elementId":"A-028","featureId":"a-028-d2782e6ecc","name":"Canal-90-93","kind":"water","kindLabel":"내륙 수자원 지물","sourceYear":"2026","recordIds":["bgd-v162-a-028-entity-01459"],"rowCount":1,"featureClass":"canal","lengthKm":2.4461},"geometry":{"type":"Point","coordinates":[90.219436,21.962468]}},{"type":"Feature","id":"a-028-aa34af2423","properties":{"elementId":"A-028","featureId":"a-028-aa34af2423","name":"Canal-90-93","kind":"water","kindLabel":"내륙 수자원 지물","sourceYear":"2026","recordIds":["bgd-v162-a-028-entity-01426"],"rowCount":1,"featureClass":"canal","lengthKm":1.6091},"geometry":{"type":"Point","coordinates":[90.229333,21.970746]}},{"type":"Feature","id":"a-028-6c3f47b2d9","properties":{"elementId":"A-028","featureId":"a-028-6c3f47b2d9","name":"Canal-93--188","kind":"water","kindLabel":"내륙 수자원 지물","sourceYear":"2026","recordIds":["bgd-v162-a-028-entity-01453"],"rowCount":1,"featureClass":"canal","lengthKm":2.293},"geometry":{"type":"Point","coordinates":[90.219436,21.962468]}},{"type":"Feature","id":"a-028-73da348121","properties":{"elementId":"A-028","featureId":"a-028-73da348121","name":"Canal-98--191","kind":"water","kindLabel":"내륙 수자원 지물","sourceYear":"2026","recordIds":["bgd-v162-a-028-entity-01391"],"rowCount":1,"featureClass":"canal","lengthKm":1.0291},"geometry":{"type":"Point","coordinates":[90.216701,21.97872]}},{"type":"Feature","id":"a-028-0fc2d342e3","properties":{"elementId":"A-028","featureId":"a-028-0fc2d342e3","name":"Canel","kind":"water","kindLabel":"내륙 수자원 지물","sourceYear":"2026","recordIds":["bgd-v162-a-028-entity-01577"],"rowCount":1,"featureClass":"stream","lengthKm":0.5079},"geometry":{"type":"Point","coordinates":[89.981316,22.11409]}},{"type":"Feature","id":"a-028-21e3b6472a","properties":{"elementId":"A-028","featureId":"a-028-21e3b6472a","name":"Canel","kind":"water","kindLabel":"내륙 수자원 지물","sourceYear":"2026","recordIds":["bgd-v162-a-028-entity-01393"],"rowCount":1,"featureClass":"canal","lengthKm":1.037},"geometry":{"type":"Point","coordinates":[90.000322,22.144671]}},{"type":"Feature","id":"a-028-9c5993b829","properties":{"elementId":"A-028","featureId":"a-028-9c5993b829","name":"Canel","kind":"water","kindLabel":"내륙 수자원 지물","sourceYear":"2026","recordIds":["bgd-v162-a-028-entity-01383"],"rowCount":1,"featureClass":"canal","lengthKm":0.949},"geometry":{"type":"Point","coordinates":[90.01296,22.13201]}},{"type":"Feature","id":"a-028-27020dbcbf","properties":{"elementId":"A-028","featureId":"a-028-27020dbcbf","name":"Canel and border","kind":"water","kindLabel":"내륙 수자원 지물","sourceYear":"2026","recordIds":["bgd-v162-a-028-entity-01430"],"rowCount":1,"featureClass":"canal","lengthKm":1.7505},"geometry":{"type":"Point","coordinates":[90.16552,22.132128]}},{"type":"Feature","id":"a-028-b8e1930380","properties":{"elementId":"A-028","featureId":"a-028-b8e1930380","name":"Canel of rari bari","kind":"water","kindLabel":"내륙 수자원 지물","sourceYear":"2026","recordIds":["bgd-v162-a-028-entity-01234"],"rowCount":1,"featureClass":"canal","lengthKm":0.0275},"geometry":{"type":"Point","coordinates":[90.637002,22.784327]}},{"type":"Feature","id":"a-028-4be1626995","properties":{"elementId":"A-028","featureId":"a-028-4be1626995","name":"Cannal of Botbuniya","kind":"water","kindLabel":"내륙 수자원 지물","sourceYear":"2026","recordIds":["bgd-v162-a-028-entity-00257"],"rowCount":1,"featureClass":"canal","lengthKm":3.9475},"geometry":{"type":"Point","coordinates":[89.455254,22.574548]}},{"type":"Feature","id":"a-028-ecd641c729","properties":{"elementId":"A-028","featureId":"a-028-ecd641c729","name":"Cannal of Ghola","kind":"water","kindLabel":"내륙 수자원 지물","sourceYear":"2026","recordIds":["bgd-v162-a-028-entity-00231"],"rowCount":1,"featureClass":"canal","lengthKm":1.5742},"geometry":{"type":"Point","coordinates":[89.442294,22.571848]}},{"type":"Feature","id":"a-028-0f1bfdd463","properties":{"elementId":"A-028","featureId":"a-028-0f1bfdd463","name":"Cannal of Nirala Gher","kind":"water","kindLabel":"내륙 수자원 지물","sourceYear":"2026","recordIds":["bgd-v162-a-028-entity-00160"],"rowCount":1,"featureClass":"canal","lengthKm":0.1284},"geometry":{"type":"Point","coordinates":[89.413208,22.567175]}},{"type":"Feature","id":"a-028-bd92236fbf","properties":{"elementId":"A-028","featureId":"a-028-bd92236fbf","name":"Chaktai Khal","kind":"water","kindLabel":"내륙 수자원 지물","sourceYear":"2026","recordIds":["bgd-v162-a-028-entity-00802"],"rowCount":1,"featureClass":"canal","lengthKm":1.1696},"geometry":{"type":"Point","coordinates":[91.842588,22.35805]}},{"type":"Feature","id":"a-028-15df67b15b","properties":{"elementId":"A-028","featureId":"a-028-15df67b15b","name":"Chaktai Khal","kind":"water","kindLabel":"내륙 수자원 지물","sourceYear":"2026","recordIds":["bgd-v162-a-028-entity-00755"],"rowCount":1,"featureClass":"canal","lengthKm":0.0214},"geometry":{"type":"Point","coordinates":[91.843003,22.367837]}},{"type":"Feature","id":"a-028-69ba7ae2cf","properties":{"elementId":"A-028","featureId":"a-028-69ba7ae2cf","name":"Chaktai Khal","kind":"water","kindLabel":"내륙 수자원 지물","sourceYear":"2026","recordIds":["bgd-v162-a-028-entity-00812"],"rowCount":1,"featureClass":"canal","lengthKm":1.7911},"geometry":{"type":"Point","coordinates":[91.843085,22.361947]}},{"type":"Feature","id":"a-028-85460f199f","properties":{"elementId":"A-028","featureId":"a-028-85460f199f","name":"Chaktai Khal","kind":"water","kindLabel":"내륙 수자원 지물","sourceYear":"2026","recordIds":["bgd-v162-a-028-entity-00753"],"rowCount":1,"featureClass":"canal","lengthKm":0.0197},"geometry":{"type":"Point","coordinates":[91.843097,22.367665]}},{"type":"Feature","id":"a-028-68120dae23","properties":{"elementId":"A-028","featureId":"a-028-68120dae23","name":"Chaktai Khal","kind":"water","kindLabel":"내륙 수자원 지물","sourceYear":"2026","recordIds":["bgd-v162-a-028-entity-00768"],"rowCount":1,"featureClass":"canal","lengthKm":0.1565},"geometry":{"type":"Point","coordinates":[91.843237,22.367544]}},{"type":"Feature","id":"a-028-f081a142e2","properties":{"elementId":"A-028","featureId":"a-028-f081a142e2","name":"Chaktai Khal","kind":"water","kindLabel":"내륙 수자원 지물","sourceYear":"2026","recordIds":["bgd-v162-a-028-entity-00757"],"rowCount":1,"featureClass":"canal","lengthKm":0.0216},"geometry":{"type":"Point","coordinates":[91.843281,22.362016]}},{"type":"Feature","id":"a-028-e8d26f10e9","properties":{"elementId":"A-028","featureId":"a-028-e8d26f10e9","name":"Chaktai Khal","kind":"water","kindLabel":"내륙 수자원 지물","sourceYear":"2026","recordIds":["bgd-v162-a-028-entity-00799"],"rowCount":1,"featureClass":"canal","lengthKm":1.0645},"geometry":{"type":"Point","coordinates":[91.844544,22.366929]}},{"type":"Feature","id":"a-028-a41e287579","properties":{"elementId":"A-028","featureId":"a-028-a41e287579","name":"Chaktai Khal","kind":"water","kindLabel":"내륙 수자원 지물","sourceYear":"2026","recordIds":["bgd-v162-a-028-entity-00742"],"rowCount":1,"featureClass":"canal","lengthKm":0.0089},"geometry":{"type":"Point","coordinates":[91.844562,22.367007]}},{"type":"Feature","id":"a-028-70e5542604","properties":{"elementId":"A-028","featureId":"a-028-70e5542604","name":"Chaktai Khal","kind":"water","kindLabel":"내륙 수자원 지물","sourceYear":"2026","recordIds":["bgd-v162-a-028-entity-00782"],"rowCount":1,"featureClass":"canal","lengthKm":0.5749},"geometry":{"type":"Point","coordinates":[91.849503,22.351136]}},{"type":"Feature","id":"a-028-dcfaec53ba","properties":{"elementId":"A-028","featureId":"a-028-dcfaec53ba","name":"Chaktai Khal","kind":"water","kindLabel":"내륙 수자원 지물","sourceYear":"2026","recordIds":["bgd-v162-a-028-entity-00762"],"rowCount":1,"featureClass":"canal","lengthKm":0.032},"geometry":{"type":"Point","coordinates":[91.849503,22.351424]}},{"type":"Feature","id":"a-028-0059e19294","properties":{"elementId":"A-028","featureId":"a-028-0059e19294","name":"Chaktai khal","kind":"water","kindLabel":"내륙 수자원 지물","sourceYear":"2026","recordIds":["bgd-v162-a-028-entity-00789"],"rowCount":1,"featureClass":"canal","lengthKm":0.7365},"geometry":{"type":"Point","coordinates":[91.840693,22.348277]}},{"type":"Feature","id":"a-028-1eec05d595","properties":{"elementId":"A-028","featureId":"a-028-1eec05d595","name":"Chaktai khal","kind":"water","kindLabel":"내륙 수자원 지물","sourceYear":"2026","recordIds":["bgd-v162-a-028-entity-00746"],"rowCount":1,"featureClass":"canal","lengthKm":0.0122},"geometry":{"type":"Point","coordinates":[91.840752,22.348373]}},{"type":"Feature","id":"a-028-69ed2d6268","properties":{"elementId":"A-028","featureId":"a-028-69ed2d6268","name":"Chaktai khal","kind":"water","kindLabel":"내륙 수자원 지물","sourceYear":"2026","recordIds":["bgd-v162-a-028-entity-00744"],"rowCount":1,"featureClass":"canal","lengthKm":0.0097},"geometry":{"type":"Point","coordinates":[91.841663,22.342812]}},{"type":"Feature","id":"a-028-d92260ee80","properties":{"elementId":"A-028","featureId":"a-028-d92260ee80","name":"Chaktai khal","kind":"water","kindLabel":"내륙 수자원 지물","sourceYear":"2026","recordIds":["bgd-v162-a-028-entity-00786"],"rowCount":1,"featureClass":"canal","lengthKm":0.6047},"geometry":{"type":"Point","coordinates":[91.841704,22.342733]}},{"type":"Feature","id":"a-028-abe3812130","properties":{"elementId":"A-028","featureId":"a-028-abe3812130","name":"Chalte Tola Mollah Bagan Road Drain","kind":"water","kindLabel":"내륙 수자원 지물","sourceYear":"2026","recordIds":["bgd-v162-a-028-entity-00511"],"rowCount":1,"featureClass":"drain","lengthKm":0.2171},"geometry":{"type":"Point","coordinates":[89.785718,22.656521]}},{"type":"Feature","id":"a-028-2e5da7b792","properties":{"elementId":"A-028","featureId":"a-028-2e5da7b792","name":"Chaltetola Road Drain","kind":"water","kindLabel":"내륙 수자원 지물","sourceYear":"2026","recordIds":["bgd-v162-a-028-entity-00553"],"rowCount":1,"featureClass":"drain","lengthKm":0.4025},"geometry":{"type":"Point","coordinates":[89.074239,22.69806]}},{"type":"Feature","id":"a-028-b4e1a1178c","properties":{"elementId":"A-028","featureId":"a-028-b4e1a1178c","name":"Chaltetola Road Drain","kind":"water","kindLabel":"내륙 수자원 지물","sourceYear":"2026","recordIds":["bgd-v162-a-028-entity-00296"],"rowCount":1,"featureClass":"drain","lengthKm":0.0028},"geometry":{"type":"Point","coordinates":[89.074332,22.701636]}},{"type":"Feature","id":"a-028-2fdb445579","properties":{"elementId":"A-028","featureId":"a-028-2fdb445579","name":"Chaltetola Road Drain","kind":"water","kindLabel":"내륙 수자원 지물","sourceYear":"2026","recordIds":["bgd-v162-a-028-entity-00434"],"rowCount":1,"featureClass":"drain","lengthKm":0.1046},"geometry":{"type":"Point","coordinates":[89.074336,22.70166]}},{"type":"Feature","id":"a-028-6ad5c0641f","properties":{"elementId":"A-028","featureId":"a-028-6ad5c0641f","name":"Chandana","kind":"water","kindLabel":"내륙 수자원 지물","sourceYear":"2026","recordIds":["bgd-v162-a-028-entity-01149","bgd-v162-a-028-entity-01214"],"rowCount":2,"featureClass":"river"},"geometry":{"type":"Point","coordinates":[89.454789,23.811726]}},{"type":"Feature","id":"a-028-fca6344b5c","properties":{"elementId":"A-028","featureId":"a-028-fca6344b5c","name":"Chanmandir Canal","kind":"water","kindLabel":"내륙 수자원 지물","sourceYear":"2026","recordIds":["bgd-v162-a-028-entity-00256"],"rowCount":1,"featureClass":"canal","lengthKm":3.9159},"geometry":{"type":"Point","coordinates":[89.455506,22.451708]}},{"type":"Feature","id":"a-028-bbe454dbc0","properties":{"elementId":"A-028","featureId":"a-028-bbe454dbc0","name":"Channel beside river embankment","kind":"water","kindLabel":"내륙 수자원 지물","sourceYear":"2026","recordIds":["bgd-v162-a-028-entity-01579"],"rowCount":1,"featureClass":"stream","lengthKm":0.7818},"geometry":{"type":"Point","coordinates":[90.635572,22.78369]}},{"type":"Feature","id":"a-028-d783223a44","properties":{"elementId":"A-028","featureId":"a-028-d783223a44","name":"Char Alki Cananl","kind":"water","kindLabel":"내륙 수자원 지물","sourceYear":"2026","recordIds":["bgd-v162-a-028-entity-01250"],"rowCount":1,"featureClass":"canal","lengthKm":0.0709},"geometry":{"type":"Point","coordinates":[90.716949,22.457097]}},{"type":"Feature","id":"a-028-0d96eef5fd","properties":{"elementId":"A-028","featureId":"a-028-0d96eef5fd","name":"Char Duyani Canal","kind":"water","kindLabel":"내륙 수자원 지물","sourceYear":"2026","recordIds":["bgd-v162-a-028-entity-01532"],"rowCount":1,"featureClass":"river","lengthKm":1.1364},"geometry":{"type":"Point","coordinates":[89.939342,22.112934]}},{"type":"Feature","id":"a-028-e6f9279956","properties":{"elementId":"A-028","featureId":"a-028-e6f9279956","name":"Char Tanar Canal","kind":"water","kindLabel":"내륙 수자원 지물","sourceYear":"2026","recordIds":["bgd-v162-a-028-entity-01572"],"rowCount":1,"featureClass":"stream","lengthKm":0.2504},"geometry":{"type":"Point","coordinates":[89.967242,22.103963]}},{"type":"Feature","id":"a-028-10d1de22bf","properties":{"elementId":"A-028","featureId":"a-028-10d1de22bf","name":"Chatal River","kind":"water","kindLabel":"내륙 수자원 지물","sourceYear":"2026","recordIds":["bgd-v162-a-028-entity-01621"],"rowCount":1,"featureClass":"river","lengthKm":16.5502},"geometry":{"type":"Point","coordinates":[89.758269,24.947145]}},{"type":"Feature","id":"a-028-7e4d17b6cb","properties":{"elementId":"A-028","featureId":"a-028-7e4d17b6cb","name":"Chatiyanpara Kankunipara Khal","kind":"water","kindLabel":"내륙 수자원 지물","sourceYear":"2026","recordIds":["bgd-v162-a-028-entity-01467"],"rowCount":1,"featureClass":"canal","lengthKm":2.7662},"geometry":{"type":"Point","coordinates":[90.348762,21.931203]}},{"type":"Feature","id":"a-028-78ba614217","properties":{"elementId":"A-028","featureId":"a-028-78ba614217","name":"Chatiyanparar Uttar Pasher Khal","kind":"water","kindLabel":"내륙 수자원 지물","sourceYear":"2026","recordIds":["bgd-v162-a-028-entity-01369"],"rowCount":1,"featureClass":"canal","lengthKm":0.7779},"geometry":{"type":"Point","coordinates":[90.34829,21.939612]}},{"type":"Feature","id":"a-028-7a64283abd","properties":{"elementId":"A-028","featureId":"a-028-7a64283abd","name":"Chatiyanparar khal","kind":"water","kindLabel":"내륙 수자원 지물","sourceYear":"2026","recordIds":["bgd-v162-a-028-entity-01409"],"rowCount":1,"featureClass":"canal","lengthKm":1.2554},"geometry":{"type":"Point","coordinates":[90.336252,21.934168]}},{"type":"Feature","id":"a-028-1638ab0c56","properties":{"elementId":"A-028","featureId":"a-028-1638ab0c56","name":"Chawra Khal","kind":"water","kindLabel":"내륙 수자원 지물","sourceYear":"2026","recordIds":["bgd-v162-a-028-entity-01403"],"rowCount":1,"featureClass":"canal","lengthKm":1.139},"geometry":{"type":"Point","coordinates":[90.225868,22.14307]}},{"type":"Feature","id":"a-028-f8579d0f0e","properties":{"elementId":"A-028","featureId":"a-028-f8579d0f0e","name":"Chawra Khal","kind":"water","kindLabel":"내륙 수자원 지물","sourceYear":"2026","recordIds":["bgd-v162-a-028-entity-01235"],"rowCount":1,"featureClass":"canal","lengthKm":0.0375},"geometry":{"type":"Point","coordinates":[90.226217,22.143165]}},{"type":"Feature","id":"a-028-91862186d9","properties":{"elementId":"A-028","featureId":"a-028-91862186d9","name":"Chawra Khal","kind":"water","kindLabel":"내륙 수자원 지물","sourceYear":"2026","recordIds":["bgd-v162-a-028-entity-01439"],"rowCount":1,"featureClass":"canal","lengthKm":1.8523},"geometry":{"type":"Point","coordinates":[90.233872,22.157529]}},{"type":"Feature","id":"a-028-218c39e85c","properties":{"elementId":"A-028","featureId":"a-028-218c39e85c","name":"Chawra Khal","kind":"water","kindLabel":"내륙 수자원 지물","sourceYear":"2026","recordIds":["bgd-v162-a-028-entity-01229"],"rowCount":1,"featureClass":"canal","lengthKm":0.0122},"geometry":{"type":"Point","coordinates":[90.238816,22.15038]}},{"type":"Feature","id":"a-028-4701deda27","properties":{"elementId":"A-028","featureId":"a-028-4701deda27","name":"Chawra Khal","kind":"water","kindLabel":"내륙 수자원 지물","sourceYear":"2026","recordIds":["bgd-v162-a-028-entity-01448"],"rowCount":1,"featureClass":"canal","lengthKm":2.1127},"geometry":{"type":"Point","coordinates":[90.238919,22.150326]}},{"type":"Feature","id":"a-028-2abae32ad1","properties":{"elementId":"A-028","featureId":"a-028-2abae32ad1","name":"Chawra Khal","kind":"water","kindLabel":"내륙 수자원 지물","sourceYear":"2026","recordIds":["bgd-v162-a-028-entity-01292"],"rowCount":1,"featureClass":"canal","lengthKm":0.248},"geometry":{"type":"Point","coordinates":[90.241124,22.153112]}},{"type":"Feature","id":"a-028-1007e71126","properties":{"elementId":"A-028","featureId":"a-028-1007e71126","name":"Cheka Dara River","kind":"water","kindLabel":"내륙 수자원 지물","sourceYear":"2026","recordIds":["bgd-v162-a-028-entity-01690"],"rowCount":1,"featureClass":"river","lengthKm":11.846},"geometry":{"type":"Point","coordinates":[88.817679,26.174185]}},{"type":"Feature","id":"a-028-2b0931c0a1","properties":{"elementId":"A-028","featureId":"a-028-2b0931c0a1","name":"Chengi River","kind":"water","kindLabel":"내륙 수자원 지물","sourceYear":"2026","recordIds":["bgd-v162-a-028-entity-00903"],"rowCount":1,"featureClass":"river","lengthKm":18.4381},"geometry":{"type":"Point","coordinates":[91.893316,23.371329]}},{"type":"Feature","id":"a-028-ed50b1ee0f","properties":{"elementId":"A-028","featureId":"a-028-ed50b1ee0f","name":"Chengi River","kind":"water","kindLabel":"내륙 수자원 지물","sourceYear":"2026","recordIds":["bgd-v162-a-028-entity-00936"],"rowCount":1,"featureClass":"river","lengthKm":36.5073},"geometry":{"type":"Point","coordinates":[91.912133,23.211496]}},{"type":"Feature","id":"a-028-3b9d51f592","properties":{"elementId":"A-028","featureId":"a-028-3b9d51f592","name":"Chengi River","kind":"water","kindLabel":"내륙 수자원 지물","sourceYear":"2026","recordIds":["bgd-v162-a-028-entity-00951"],"rowCount":1,"featureClass":"river","lengthKm":5.2091},"geometry":{"type":"Point","coordinates":[91.918537,23.247876]}},{"type":"Feature","id":"a-028-040c5b8749","properties":{"elementId":"A-028","featureId":"a-028-040c5b8749","name":"Chengi River","kind":"water","kindLabel":"내륙 수자원 지물","sourceYear":"2026","recordIds":["bgd-v162-a-028-entity-00890"],"rowCount":1,"featureClass":"river","lengthKm":12.9072},"geometry":{"type":"Point","coordinates":[91.926117,23.423929]}},{"type":"Feature","id":"a-028-46259fca86","properties":{"elementId":"A-028","featureId":"a-028-46259fca86","name":"Chitlapuri-Barbil","kind":"water","kindLabel":"내륙 수자원 지물","sourceYear":"2026","recordIds":["bgd-v162-a-028-entity-01052"],"rowCount":1,"featureClass":"canal","lengthKm":2.4534},"geometry":{"type":"Point","coordinates":[90.740805,24.218023]}},{"type":"Feature","id":"a-028-d285596072","properties":{"elementId":"A-028","featureId":"a-028-d285596072","name":"Chitra River","kind":"water","kindLabel":"내륙 수자원 지물","sourceYear":"2026","recordIds":["bgd-v162-a-028-entity-00702"],"rowCount":1,"featureClass":"river","lengthKm":62.763},"geometry":{"type":"Point","coordinates":[88.90701,23.567626]}},{"type":"Feature","id":"a-028-e1dbb73c45","properties":{"elementId":"A-028","featureId":"a-028-e1dbb73c45","name":"Chotra","kind":"water","kindLabel":"내륙 수자원 지물","sourceYear":"2026","recordIds":["bgd-v162-a-028-entity-01165"],"rowCount":1,"featureClass":"river","lengthKm":22.8556},"geometry":{"type":"Point","coordinates":[89.340946,23.744317]}},{"type":"Feature","id":"a-028-eaea8ca895","properties":{"elementId":"A-028","featureId":"a-028-eaea8ca895","name":"Chouchala Sea Beach, Chittagong Coastal Rd, Chattogram","kind":"coastal","kindLabel":"해안 지물","sourceYear":"2026","recordIds":["bgd-v162-a-028-entity-00008"],"rowCount":1,"featureClass":"beach"},"geometry":{"type":"Point","coordinates":[91.766242,22.320848]}},{"type":"Feature","id":"a-028-414ecb68be","properties":{"elementId":"A-028","featureId":"a-028-414ecb68be","name":"Coal River","kind":"water","kindLabel":"내륙 수자원 지물","sourceYear":"2026","recordIds":["bgd-v162-a-028-entity-00714"],"rowCount":1,"featureClass":"river","lengthKm":8.5428},"geometry":{"type":"Point","coordinates":[89.313215,22.39988]}},{"type":"Feature","id":"a-028-4b66682f99","properties":{"elementId":"A-028","featureId":"a-028-4b66682f99","name":"Coconut","kind":"natural","kindLabel":"기타 자연지형지물","sourceYear":"2026","recordIds":["bgd-v162-a-028-entity-00032"],"rowCount":1,"featureClass":"tree"},"geometry":{"type":"Point","coordinates":[88.945752,23.756512]}},{"type":"Feature","id":"a-028-1b7d4f6ad1","properties":{"elementId":"A-028","featureId":"a-028-1b7d4f6ad1","name":"Coconut Tree","kind":"natural","kindLabel":"기타 자연지형지물","sourceYear":"2026","recordIds":["bgd-v162-a-028-entity-00033"],"rowCount":1,"featureClass":"tree"},"geometry":{"type":"Point","coordinates":[88.945812,23.756514]}},{"type":"Feature","id":"a-028-a719ced98f","properties":{"elementId":"A-028","featureId":"a-028-a719ced98f","name":"Coconut Tree","kind":"natural","kindLabel":"기타 자연지형지물","sourceYear":"2026","recordIds":["bgd-v162-a-028-entity-00025"],"rowCount":1,"featureClass":"tree"},"geometry":{"type":"Point","coordinates":[89.542435,22.784133]}},{"type":"Feature","id":"a-028-b76676a6ce","properties":{"elementId":"A-028","featureId":"a-028-b76676a6ce","name":"Colavanga Canel(3 no)","kind":"water","kindLabel":"내륙 수자원 지물","sourceYear":"2026","recordIds":["bgd-v162-a-028-entity-01285"],"rowCount":1,"featureClass":"canal","lengthKm":0.2266},"geometry":{"type":"Point","coordinates":[90.506787,22.188987]}},{"type":"Feature","id":"a-028-56affb95b5","properties":{"elementId":"A-028","featureId":"a-028-56affb95b5","name":"Colavanga Canel(3 no)","kind":"water","kindLabel":"내륙 수자원 지물","sourceYear":"2026","recordIds":["bgd-v162-a-028-entity-01284"],"rowCount":1,"featureClass":"canal","lengthKm":0.2252},"geometry":{"type":"Point","coordinates":[90.507772,22.187805]}},{"type":"Feature","id":"a-028-da5ba05e64","properties":{"elementId":"A-028","featureId":"a-028-da5ba05e64","name":"College Road Drain","kind":"water","kindLabel":"내륙 수자원 지물","sourceYear":"2026","recordIds":["bgd-v162-a-028-entity-00475"],"rowCount":1,"featureClass":"drain","lengthKm":0.1559},"geometry":{"type":"Point","coordinates":[89.077598,22.715968]}},{"type":"Feature","id":"a-028-7a9e4a4e53","properties":{"elementId":"A-028","featureId":"a-028-7a9e4a4e53","name":"College Road Drainage","kind":"water","kindLabel":"내륙 수자원 지물","sourceYear":"2026","recordIds":["bgd-v162-a-028-entity-00490"],"rowCount":1,"featureClass":"drain","lengthKm":0.1821},"geometry":{"type":"Point","coordinates":[89.077534,22.716038]}},{"type":"Feature","id":"a-028-ae40d2ccad","properties":{"elementId":"A-028","featureId":"a-028-ae40d2ccad","name":"Collojar bazar canal","kind":"water","kindLabel":"내륙 수자원 지물","sourceYear":"2026","recordIds":["bgd-v162-a-028-entity-01394"],"rowCount":1,"featureClass":"canal","lengthKm":1.0493},"geometry":{"type":"Point","coordinates":[90.570683,22.769375]}},{"type":"Feature","id":"a-028-4fdce2e0d1","properties":{"elementId":"A-028","featureId":"a-028-4fdce2e0d1","name":"Cosmo Nursery","kind":"natural","kindLabel":"기타 자연지형지물","sourceYear":"2026","recordIds":["bgd-v162-a-028-entity-00072"],"rowCount":1,"featureClass":"tree"},"geometry":{"type":"Point","coordinates":[91.841831,22.367852]}},{"type":"Feature","id":"a-028-ef3d8e4123","properties":{"elementId":"A-028","featureId":"a-028-ef3d8e4123","name":"Culvert","kind":"water","kindLabel":"내륙 수자원 지물","sourceYear":"2026","recordIds":["bgd-v162-a-028-entity-01350"],"rowCount":1,"featureClass":"canal","lengthKm":0.6183},"geometry":{"type":"Point","coordinates":[90.029343,22.021577]}},{"type":"Feature","id":"a-028-09987c005e","properties":{"elementId":"A-028","featureId":"a-028-09987c005e","name":"Culvert in front of Onaditto house","kind":"water","kindLabel":"내륙 수자원 지물","sourceYear":"2026","recordIds":["bgd-v162-a-028-entity-00141"],"rowCount":1,"featureClass":"canal","lengthKm":0.0058},"geometry":{"type":"Point","coordinates":[89.31163,22.313562]}},{"type":"Feature","id":"a-028-ced16b72f5","properties":{"elementId":"A-028","featureId":"a-028-ced16b72f5","name":"DEAR","kind":"coastal","kindLabel":"해안 지물","sourceYear":"2026","recordIds":["bgd-v162-a-028-entity-00017"],"rowCount":1,"featureClass":"cliff"},"geometry":{"type":"Point","coordinates":[90.37521,23.81636]}},{"type":"Feature","id":"a-028-be09d4e360","properties":{"elementId":"A-028","featureId":"a-028-be09d4e360","name":"DND","kind":"water","kindLabel":"내륙 수자원 지물","sourceYear":"2026","recordIds":["bgd-v162-a-028-entity-01060"],"rowCount":1,"featureClass":"canal","lengthKm":3.6771},"geometry":{"type":"Point","coordinates":[90.483557,23.703957]}},{"type":"Feature","id":"a-028-e42c448d1a","properties":{"elementId":"A-028","featureId":"a-028-e42c448d1a","name":"DND Canals","kind":"water","kindLabel":"내륙 수자원 지물","sourceYear":"2026","recordIds":["bgd-v162-a-028-entity-01038"],"rowCount":1,"featureClass":"canal","lengthKm":0.4685},"geometry":{"type":"Point","coordinates":[90.487406,23.669154]}},{"type":"Feature","id":"a-028-dcc21a126d","properties":{"elementId":"A-028","featureId":"a-028-dcc21a126d","name":"DND Canals","kind":"water","kindLabel":"내륙 수자원 지물","sourceYear":"2026","recordIds":["bgd-v162-a-028-entity-01041"],"rowCount":1,"featureClass":"canal","lengthKm":0.5356},"geometry":{"type":"Point","coordinates":[90.487408,23.665719]}},{"type":"Feature","id":"a-028-20a9e85920","properties":{"elementId":"A-028","featureId":"a-028-20a9e85920","name":"DND Canals","kind":"water","kindLabel":"내륙 수자원 지물","sourceYear":"2026","recordIds":["bgd-v162-a-028-entity-01047"],"rowCount":1,"featureClass":"canal","lengthKm":0.9489},"geometry":{"type":"Point","coordinates":[90.491019,23.675531]}},{"type":"Feature","id":"a-028-efa1ee5a86","properties":{"elementId":"A-028","featureId":"a-028-efa1ee5a86","name":"Dactar Canal","kind":"water","kindLabel":"내륙 수자원 지물","sourceYear":"2026","recordIds":["bgd-v162-a-028-entity-00241"],"rowCount":1,"featureClass":"canal","lengthKm":2.1221},"geometry":{"type":"Point","coordinates":[89.740899,22.425291]}},{"type":"Feature","id":"a-028-a92aa761db","properties":{"elementId":"A-028","featureId":"a-028-a92aa761db","name":"Dahuk River","kind":"water","kindLabel":"내륙 수자원 지물","sourceYear":"2026","recordIds":["bgd-v162-a-028-entity-02024"],"rowCount":1,"featureClass":"river","lengthKm":15.9716},"geometry":{"type":"Point","coordinates":[88.433594,26.549255]}},{"type":"Feature","id":"a-028-3c7c07af63","properties":{"elementId":"A-028","featureId":"a-028-3c7c07af63","name":"Daiya canal","kind":"water","kindLabel":"내륙 수자원 지물","sourceYear":"2026","recordIds":["bgd-v162-a-028-entity-01317"],"rowCount":1,"featureClass":"canal","lengthKm":0.4025},"geometry":{"type":"Point","coordinates":[90.567706,22.779866]}},{"type":"Feature","id":"a-028-ed52075ef3","properties":{"elementId":"A-028","featureId":"a-028-ed52075ef3","name":"Dak Bangla Road Drain","kind":"water","kindLabel":"내륙 수자원 지물","sourceYear":"2026","recordIds":["bgd-v162-a-028-entity-00510"],"rowCount":1,"featureClass":"drain","lengthKm":0.2146},"geometry":{"type":"Point","coordinates":[89.077331,22.719381]}},{"type":"Feature","id":"a-028-fce8c95cb3","properties":{"elementId":"A-028","featureId":"a-028-fce8c95cb3","name":"Dak Bangla Road Drain","kind":"water","kindLabel":"내륙 수자원 지물","sourceYear":"2026","recordIds":["bgd-v162-a-028-entity-00379"],"rowCount":1,"featureClass":"drain","lengthKm":0.0558},"geometry":{"type":"Point","coordinates":[89.07764,22.719461]}},{"type":"Feature","id":"a-028-b005fc4d79","properties":{"elementId":"A-028","featureId":"a-028-b005fc4d79","name":"Dak Banglo Road Drain","kind":"water","kindLabel":"내륙 수자원 지물","sourceYear":"2026","recordIds":["bgd-v162-a-028-entity-00402"],"rowCount":1,"featureClass":"drain","lengthKm":0.0788},"geometry":{"type":"Point","coordinates":[89.795361,22.661084]}},{"type":"Feature","id":"a-028-60e379e69a","properties":{"elementId":"A-028","featureId":"a-028-60e379e69a","name":"Dakatia River","kind":"water","kindLabel":"내륙 수자원 지물","sourceYear":"2026","recordIds":["bgd-v162-a-028-entity-00849"],"rowCount":1,"featureClass":"river","lengthKm":0.0679},"geometry":{"type":"Point","coordinates":[91.056841,23.162874]}},{"type":"Feature","id":"a-028-49963d36a7","properties":{"elementId":"A-028","featureId":"a-028-49963d36a7","name":"Dakatia River","kind":"water","kindLabel":"내륙 수자원 지물","sourceYear":"2026","recordIds":["bgd-v162-a-028-entity-00907"],"rowCount":1,"featureClass":"river","lengthKm":2.0159},"geometry":{"type":"Point","coordinates":[91.056917,23.162268]}},{"type":"Feature","id":"a-028-67835f43ac","properties":{"elementId":"A-028","featureId":"a-028-67835f43ac","name":"Dakatia River","kind":"water","kindLabel":"내륙 수자원 지물","sourceYear":"2026","recordIds":["bgd-v162-a-028-entity-00858"],"rowCount":1,"featureClass":"river","lengthKm":0.3044},"geometry":{"type":"Point","coordinates":[91.058115,23.165076]}},{"type":"Feature","id":"a-028-63201d7edc","properties":{"elementId":"A-028","featureId":"a-028-63201d7edc","name":"Dakatia River","kind":"water","kindLabel":"내륙 수자원 지물","sourceYear":"2026","recordIds":["bgd-v162-a-028-entity-00880"],"rowCount":1,"featureClass":"river","lengthKm":10.1429},"geometry":{"type":"Point","coordinates":[91.253576,23.234032]}},{"type":"Feature","id":"a-028-8b4d3ef611","properties":{"elementId":"A-028","featureId":"a-028-8b4d3ef611","name":"Dakatia River","kind":"water","kindLabel":"내륙 수자원 지물","sourceYear":"2026","recordIds":["bgd-v162-a-028-entity-00879"],"rowCount":1,"featureClass":"river","lengthKm":1.961},"geometry":{"type":"Point","coordinates":[91.264887,23.190907]}},{"type":"Feature","id":"a-028-d42df664c8","properties":{"elementId":"A-028","featureId":"a-028-d42df664c8","name":"Dakkhin Chatiyan Parar Bill","kind":"water","kindLabel":"내륙 수자원 지물","sourceYear":"2026","recordIds":["bgd-v162-a-028-entity-01408"],"rowCount":1,"featureClass":"canal","lengthKm":1.2387},"geometry":{"type":"Point","coordinates":[90.333739,21.911387]}},{"type":"Feature","id":"a-028-c9dd9874f3","properties":{"elementId":"A-028","featureId":"a-028-c9dd9874f3","name":"Dakkhin Chatiyan Parar Bill","kind":"water","kindLabel":"내륙 수자원 지물","sourceYear":"2026","recordIds":["bgd-v162-a-028-entity-01268"],"rowCount":1,"featureClass":"canal","lengthKm":0.1297},"geometry":{"type":"Point","coordinates":[90.333795,21.920712]}},{"type":"Feature","id":"a-028-04d2483620","properties":{"elementId":"A-028","featureId":"a-028-04d2483620","name":"Dakkhin Chatiyan Parar Bill","kind":"water","kindLabel":"내륙 수자원 지물","sourceYear":"2026","recordIds":["bgd-v162-a-028-entity-01390"],"rowCount":1,"featureClass":"canal","lengthKm":1.0215},"geometry":{"type":"Point","coordinates":[90.336016,21.915497]}},{"type":"Feature","id":"a-028-dcd1d82e97","properties":{"elementId":"A-028","featureId":"a-028-dcd1d82e97","name":"Dakkhin Kankuniparar Bill","kind":"water","kindLabel":"내륙 수자원 지물","sourceYear":"2026","recordIds":["bgd-v162-a-028-entity-01387"],"rowCount":1,"featureClass":"canal","lengthKm":1.0044},"geometry":{"type":"Point","coordinates":[90.341343,21.912394]}},{"type":"Feature","id":"a-028-f3c3db385d","properties":{"elementId":"A-028","featureId":"a-028-f3c3db385d","name":"Dakkhin Tafalbari Culvert","kind":"water","kindLabel":"내륙 수자원 지물","sourceYear":"2026","recordIds":["bgd-v162-a-028-entity-00153"],"rowCount":1,"featureClass":"canal","lengthKm":0.016},"geometry":{"type":"Point","coordinates":[89.818237,22.266798]}},{"type":"Feature","id":"a-028-67a307e2df","properties":{"elementId":"A-028","featureId":"a-028-67a307e2df","name":"Dalai River","kind":"water","kindLabel":"내륙 수자원 지물","sourceYear":"2026","recordIds":["bgd-v162-a-028-entity-01632"],"rowCount":1,"featureClass":"river","lengthKm":33.9844},"geometry":{"type":"Point","coordinates":[90.863033,24.69208]}},{"type":"Feature","id":"a-028-91198cd637","properties":{"elementId":"A-028","featureId":"a-028-91198cd637","name":"Dalaucha","kind":"water","kindLabel":"내륙 수자원 지물","sourceYear":"2026","recordIds":["bgd-v162-a-028-entity-02014"],"rowCount":1,"featureClass":"river","lengthKm":11.0476},"geometry":{"type":"Point","coordinates":[88.206447,26.201698]}},{"type":"Feature","id":"a-028-fed1054e1f","properties":{"elementId":"A-028","featureId":"a-028-fed1054e1f","name":"Daleshwari","kind":"water","kindLabel":"내륙 수자원 지물","sourceYear":"2026","recordIds":["bgd-v162-a-028-entity-01734"],"rowCount":1,"featureClass":"river","lengthKm":4.8855},"geometry":{"type":"Point","coordinates":[88.670255,25.639187]}},{"type":"Feature","id":"a-028-1ac379ce8f","properties":{"elementId":"A-028","featureId":"a-028-1ac379ce8f","name":"Dangmari River","kind":"water","kindLabel":"내륙 수자원 지물","sourceYear":"2026","recordIds":["bgd-v162-a-028-entity-00632"],"rowCount":1,"featureClass":"river","lengthKm":12.7679},"geometry":{"type":"Point","coordinates":[89.541426,22.471846]}},{"type":"Feature","id":"a-028-93e22aef67","properties":{"elementId":"A-028","featureId":"a-028-93e22aef67","name":"Dar Chira Nadi","kind":"water","kindLabel":"내륙 수자원 지물","sourceYear":"2026","recordIds":["bgd-v162-a-028-entity-01534"],"rowCount":1,"featureClass":"river","lengthKm":1.3269},"geometry":{"type":"Point","coordinates":[90.369687,21.934692]}},{"type":"Feature","id":"a-028-f4c5c41891","properties":{"elementId":"A-028","featureId":"a-028-f4c5c41891","name":"Dar Chira Nadi","kind":"water","kindLabel":"내륙 수자원 지물","sourceYear":"2026","recordIds":["bgd-v162-a-028-entity-01528"],"rowCount":1,"featureClass":"river","lengthKm":0.0264},"geometry":{"type":"Point","coordinates":[90.373915,21.945834]}},{"type":"Feature","id":"a-028-8d01fef566","properties":{"elementId":"A-028","featureId":"a-028-8d01fef566","name":"Dar Chira Nadi","kind":"water","kindLabel":"내륙 수자원 지물","sourceYear":"2026","recordIds":["bgd-v162-a-028-entity-01563"],"rowCount":1,"featureClass":"river","lengthKm":7.2335},"geometry":{"type":"Point","coordinates":[90.374011,21.946055]}},{"type":"Feature","id":"a-028-a446a53759","properties":{"elementId":"A-028","featureId":"a-028-a446a53759","name":"Dar Chira Nadi","kind":"water","kindLabel":"내륙 수자원 지물","sourceYear":"2026","recordIds":["bgd-v162-a-028-entity-01568"],"rowCount":1,"featureClass":"river","lengthKm":9.9805},"geometry":{"type":"Point","coordinates":[90.401352,22.003178]}},{"type":"Feature","id":"a-028-332ddd5022","properties":{"elementId":"A-028","featureId":"a-028-332ddd5022","name":"Dar Chira Nadi","kind":"water","kindLabel":"내륙 수자원 지물","sourceYear":"2026","recordIds":["bgd-v162-a-028-entity-01529"],"rowCount":1,"featureClass":"river","lengthKm":0.0296},"geometry":{"type":"Point","coordinates":[90.401368,22.002912]}},{"type":"Feature","id":"a-028-d5054f1a05","properties":{"elementId":"A-028","featureId":"a-028-d5054f1a05","name":"Dar Chira River","kind":"water","kindLabel":"내륙 수자원 지물","sourceYear":"2026","recordIds":["bgd-v162-a-028-entity-01538"],"rowCount":1,"featureClass":"river","lengthKm":1.9876},"geometry":{"type":"Point","coordinates":[90.41761,22.000038]}},{"type":"Feature","id":"a-028-1625f03b26","properties":{"elementId":"A-028","featureId":"a-028-1625f03b26","name":"Darain River","kind":"water","kindLabel":"내륙 수자원 지물","sourceYear":"2026","recordIds":["bgd-v162-a-028-entity-01954"],"rowCount":1,"featureClass":"river","lengthKm":2.3188},"geometry":{"type":"Point","coordinates":[91.27692,24.710072]}},{"type":"Feature","id":"a-028-dcf1062441","properties":{"elementId":"A-028","featureId":"a-028-dcf1062441","name":"Daren of Fajle Korim Garden","kind":"water","kindLabel":"내륙 수자원 지물","sourceYear":"2026","recordIds":["bgd-v162-a-028-entity-01499"],"rowCount":1,"featureClass":"drain","lengthKm":0.0261},"geometry":{"type":"Point","coordinates":[90.702135,22.542223]}},{"type":"Feature","id":"a-028-f2ddec306d","properties":{"elementId":"A-028","featureId":"a-028-f2ddec306d","name":"Datea Shibpur East Canal","kind":"water","kindLabel":"내륙 수자원 지물","sourceYear":"2026","recordIds":["bgd-v162-a-028-entity-00803"],"rowCount":1,"featureClass":"canal","lengthKm":1.1791},"geometry":{"type":"Point","coordinates":[90.907486,23.169848]}},{"type":"Feature","id":"a-028-768e3f86e2","properties":{"elementId":"A-028","featureId":"a-028-768e3f86e2","name":"Datra Shibpur North Canal","kind":"water","kindLabel":"내륙 수자원 지물","sourceYear":"2026","recordIds":["bgd-v162-a-028-entity-00796"],"rowCount":1,"featureClass":"canal","lengthKm":0.9766},"geometry":{"type":"Point","coordinates":[90.8963,23.169693]}},{"type":"Feature","id":"a-028-422a8e9063","properties":{"elementId":"A-028","featureId":"a-028-422a8e9063","name":"Dead Canal.","kind":"water","kindLabel":"내륙 수자원 지물","sourceYear":"2026","recordIds":["bgd-v162-a-028-entity-00651"],"rowCount":1,"featureClass":"river","lengthKm":2.9009},"geometry":{"type":"Point","coordinates":[89.662723,22.53132]}},{"type":"Feature","id":"a-028-c89c704bd1","properties":{"elementId":"A-028","featureId":"a-028-c89c704bd1","name":"Dead River","kind":"water","kindLabel":"내륙 수자원 지물","sourceYear":"2026","recordIds":["bgd-v162-a-028-entity-01723"],"rowCount":1,"featureClass":"river","lengthKm":3.5848},"geometry":{"type":"Point","coordinates":[88.725185,25.85477]}},{"type":"Feature","id":"a-028-2625e04cc6","properties":{"elementId":"A-028","featureId":"a-028-2625e04cc6","name":"Dhaka Pre Laboratory High School","kind":"natural","kindLabel":"기타 자연지형지물","sourceYear":"2026","recordIds":["bgd-v162-a-028-entity-00102"],"rowCount":1,"featureClass":"tree"},"geometry":{"type":"Point","coordinates":[90.36353,23.749695]}},{"type":"Feature","id":"a-028-ba6dfa8d23","properties":{"elementId":"A-028","featureId":"a-028-ba6dfa8d23","name":"Dhaka-Narayongonj-Demra (DND) Canal","kind":"water","kindLabel":"내륙 수자원 지물","sourceYear":"2026","recordIds":["bgd-v162-a-028-entity-01066"],"rowCount":1,"featureClass":"canal","lengthKm":6.9611},"geometry":{"type":"Point","coordinates":[90.452879,23.712901]}},{"type":"Feature","id":"a-028-7568f375e9","properties":{"elementId":"A-028","featureId":"a-028-7568f375e9","name":"Dhaleswari","kind":"water","kindLabel":"내륙 수자원 지물","sourceYear":"2026","recordIds":["bgd-v162-a-028-entity-01176"],"rowCount":1,"featureClass":"river","lengthKm":30.2788},"geometry":{"type":"Point","coordinates":[89.976309,23.925588]}},{"type":"Feature","id":"a-028-288a949e2b","properties":{"elementId":"A-028","featureId":"a-028-288a949e2b","name":"Dhaleswari River","kind":"water","kindLabel":"내륙 수자원 지물","sourceYear":"2026","recordIds":["bgd-v162-a-028-entity-01139"],"rowCount":1,"featureClass":"river","lengthKm":12.4262},"geometry":{"type":"Point","coordinates":[90.061653,24.040203]}},{"type":"Feature","id":"a-028-315109bc19","properties":{"elementId":"A-028","featureId":"a-028-315109bc19","name":"Dhaleswari River","kind":"water","kindLabel":"내륙 수자원 지물","sourceYear":"2026","recordIds":["bgd-v162-a-028-entity-01102"],"rowCount":1,"featureClass":"river","lengthKm":0.0461},"geometry":{"type":"Point","coordinates":[90.062099,24.040281]}},{"type":"Feature","id":"a-028-397d054955","properties":{"elementId":"A-028","featureId":"a-028-397d054955","name":"Dhaleswari River","kind":"water","kindLabel":"내륙 수자원 지물","sourceYear":"2026","recordIds":["bgd-v162-a-028-entity-01170"],"rowCount":1,"featureClass":"river","lengthKm":3.2105},"geometry":{"type":"Point","coordinates":[90.090965,24.037269]}},{"type":"Feature","id":"a-028-201243d5f0","properties":{"elementId":"A-028","featureId":"a-028-201243d5f0","name":"Dhaleswari River","kind":"water","kindLabel":"내륙 수자원 지물","sourceYear":"2026","recordIds":["bgd-v162-a-028-entity-01091"],"rowCount":1,"featureClass":"river","lengthKm":0.0122},"geometry":{"type":"Point","coordinates":[90.091075,24.037313]}},{"type":"Feature","id":"a-028-60b94e9f56","properties":{"elementId":"A-028","featureId":"a-028-60b94e9f56","name":"Dhaleswari River","kind":"water","kindLabel":"내륙 수자원 지물","sourceYear":"2026","recordIds":["bgd-v162-a-028-entity-01119"],"rowCount":1,"featureClass":"river","lengthKm":0.9645},"geometry":{"type":"Point","coordinates":[90.099801,24.03776]}},{"type":"Feature","id":"a-028-eaa4113f2d","properties":{"elementId":"A-028","featureId":"a-028-eaa4113f2d","name":"Dhaleswari River","kind":"water","kindLabel":"내륙 수자원 지물","sourceYear":"2026","recordIds":["bgd-v162-a-028-entity-01088"],"rowCount":1,"featureClass":"river","lengthKm":0.0104},"geometry":{"type":"Point","coordinates":[90.099863,24.037686]}},{"type":"Feature","id":"a-028-25a363e397","properties":{"elementId":"A-028","featureId":"a-028-25a363e397","name":"Dhaleswari River","kind":"water","kindLabel":"내륙 수자원 지물","sourceYear":"2026","recordIds":["bgd-v162-a-028-entity-01203"],"rowCount":1,"featureClass":"river","lengthKm":6.6339},"geometry":{"type":"Point","coordinates":[90.123882,24.063452]}},{"type":"Feature","id":"a-028-03a7996b23","properties":{"elementId":"A-028","featureId":"a-028-03a7996b23","name":"Dhansiri River","kind":"water","kindLabel":"내륙 수자원 지물","sourceYear":"2026","recordIds":["bgd-v162-a-028-entity-01489"],"rowCount":1,"featureClass":"canal","lengthKm":8.9666},"geometry":{"type":"Point","coordinates":[90.143151,22.572658]}},{"type":"Feature","id":"a-028-c7964e20d9","properties":{"elementId":"A-028","featureId":"a-028-c7964e20d9","name":"Dharail River","kind":"water","kindLabel":"내륙 수자원 지물","sourceYear":"2026","recordIds":["bgd-v162-a-028-entity-01155"],"rowCount":1,"featureClass":"river","lengthKm":2.0978},"geometry":{"type":"Point","coordinates":[91.167057,24.606794]}},{"type":"Feature","id":"a-028-f85951f3ff","properties":{"elementId":"A-028","featureId":"a-028-f85951f3ff","name":"Dharail River","kind":"water","kindLabel":"내륙 수자원 지물","sourceYear":"2026","recordIds":["bgd-v162-a-028-entity-01960"],"rowCount":1,"featureClass":"river","lengthKm":23.3556},"geometry":{"type":"Point","coordinates":[91.273362,24.648831]}},{"type":"Feature","id":"a-028-dcbbca59f1","properties":{"elementId":"A-028","featureId":"a-028-dcbbca59f1","name":"Dharatana River","kind":"water","kindLabel":"내륙 수자원 지물","sourceYear":"2026","recordIds":["bgd-v162-a-028-entity-00595"],"rowCount":1,"featureClass":"river","lengthKm":0.1751},"geometry":{"type":"Point","coordinates":[89.800088,22.637838]}},{"type":"Feature","id":"a-028-8c598b4151","properties":{"elementId":"A-028","featureId":"a-028-8c598b4151","name":"Dharla","kind":"water","kindLabel":"내륙 수자원 지물","sourceYear":"2026","recordIds":["bgd-v162-a-028-entity-01720"],"rowCount":1,"featureClass":"river","lengthKm":27.1143},"geometry":{"type":"Point","coordinates":[89.667406,25.870558]}},{"type":"Feature","id":"a-028-5214b4613a","properties":{"elementId":"A-028","featureId":"a-028-5214b4613a","name":"Dhepa","kind":"water","kindLabel":"내륙 수자원 지물","sourceYear":"2026","recordIds":["bgd-v162-a-028-entity-01736"],"rowCount":1,"featureClass":"river","lengthKm":41.6285},"geometry":{"type":"Point","coordinates":[88.712387,25.887837]}},{"type":"Feature","id":"a-028-9c94e7e6b9","properties":{"elementId":"A-028","featureId":"a-028-9c94e7e6b9","name":"Dhepa River","kind":"water","kindLabel":"내륙 수자원 지물","sourceYear":"2026","recordIds":["bgd-v162-a-028-entity-01731"],"rowCount":1,"featureClass":"river","lengthKm":4.2312},"geometry":{"type":"Point","coordinates":[88.725698,25.918486]}},{"type":"Feature","id":"a-028-0fd13eb94c","properties":{"elementId":"A-028","featureId":"a-028-0fd13eb94c","name":"Dholai River","kind":"water","kindLabel":"내륙 수자원 지물","sourceYear":"2026","recordIds":["bgd-v162-a-028-entity-01636"],"rowCount":1,"featureClass":"river","lengthKm":46.0524},"geometry":{"type":"Point","coordinates":[90.425143,24.858632]}},{"type":"Feature","id":"a-028-b5277aa70f","properties":{"elementId":"A-028","featureId":"a-028-b5277aa70f","name":"Dholai River","kind":"water","kindLabel":"내륙 수자원 지물","sourceYear":"2026","recordIds":["bgd-v162-a-028-entity-01592"],"rowCount":1,"featureClass":"river","lengthKm":0.0079},"geometry":{"type":"Point","coordinates":[90.649259,24.903004]}},{"type":"Feature","id":"a-028-55a367b141","properties":{"elementId":"A-028","featureId":"a-028-55a367b141","name":"Dholai River","kind":"water","kindLabel":"내륙 수자원 지물","sourceYear":"2026","recordIds":["bgd-v162-a-028-entity-01612"],"rowCount":1,"featureClass":"river","lengthKm":1.5988},"geometry":{"type":"Point","coordinates":[90.65418,24.911236]}},{"type":"Feature","id":"a-028-73a9b658a7","properties":{"elementId":"A-028","featureId":"a-028-73a9b658a7","name":"Dhoompara Sea Beach, Chittagong Coastal Rd, Chattogram","kind":"coastal","kindLabel":"해안 지물","sourceYear":"2026","recordIds":["bgd-v162-a-028-entity-00006"],"rowCount":1,"featureClass":"beach"},"geometry":{"type":"Point","coordinates":[91.7704,22.303175]}},{"type":"Feature","id":"a-028-0320faf6d7","properties":{"elementId":"A-028","featureId":"a-028-0320faf6d7","name":"Dhup Tareng Peak","kind":"natural","kindLabel":"기타 자연지형지물","sourceYear":"2026","recordIds":["bgd-v162-a-028-entity-00050"],"rowCount":1,"featureClass":"peak"},"geometry":{"type":"Point","coordinates":[92.12873,22.594928]}},{"type":"Feature","id":"a-028-88b0fb9e8e","properties":{"elementId":"A-028","featureId":"a-028-88b0fb9e8e","name":"Dighir Pard","kind":"water","kindLabel":"내륙 수자원 지물","sourceYear":"2026","recordIds":["bgd-v162-a-028-entity-02102"],"rowCount":1,"featureClass":"spring"},"geometry":{"type":"Point","coordinates":[91.359949,22.988078]}},{"type":"Feature","id":"a-028-fdc0702d39","properties":{"elementId":"A-028","featureId":"a-028-fdc0702d39","name":"Digraj Canel","kind":"water","kindLabel":"내륙 수자원 지물","sourceYear":"2026","recordIds":["bgd-v162-a-028-entity-00600"],"rowCount":1,"featureClass":"river","lengthKm":0.3894},"geometry":{"type":"Point","coordinates":[89.675062,22.433493]}},{"type":"Feature","id":"a-028-4d8f1a98b6","properties":{"elementId":"A-028","featureId":"a-028-4d8f1a98b6","name":"Doani canal","kind":"water","kindLabel":"내륙 수자원 지물","sourceYear":"2026","recordIds":["bgd-v162-a-028-entity-01266"],"rowCount":1,"featureClass":"canal","lengthKm":0.1251},"geometry":{"type":"Point","coordinates":[90.704262,22.453553]}},{"type":"Feature","id":"a-028-d490561a7f","properties":{"elementId":"A-028","featureId":"a-028-d490561a7f","name":"Dohar Khal","kind":"water","kindLabel":"내륙 수자원 지물","sourceYear":"2026","recordIds":["bgd-v162-a-028-entity-01064"],"rowCount":1,"featureClass":"canal","lengthKm":6.3256},"geometry":{"type":"Point","coordinates":[90.175433,23.608007]}},{"type":"Feature","id":"a-028-f1a92ffc23","properties":{"elementId":"A-028","featureId":"a-028-f1a92ffc23","name":"Dokkhin Kajir aoular bill","kind":"water","kindLabel":"내륙 수자원 지물","sourceYear":"2026","recordIds":["bgd-v162-a-028-entity-01549"],"rowCount":1,"featureClass":"river","lengthKm":2.7139},"geometry":{"type":"Point","coordinates":[90.41335,21.942767]}},{"type":"Feature","id":"a-028-5dec1afd2a","properties":{"elementId":"A-028","featureId":"a-028-5dec1afd2a","name":"Dokkhin Kamalnagor Road Drain","kind":"water","kindLabel":"내륙 수자원 지물","sourceYear":"2026","recordIds":["bgd-v162-a-028-entity-00319"],"rowCount":1,"featureClass":"drain","lengthKm":0.0051},"geometry":{"type":"Point","coordinates":[89.066547,22.706705]}},{"type":"Feature","id":"a-028-3f9d31561c","properties":{"elementId":"A-028","featureId":"a-028-3f9d31561c","name":"Dokkhin Kamalnagor Road Drain","kind":"water","kindLabel":"내륙 수자원 지물","sourceYear":"2026","recordIds":["bgd-v162-a-028-entity-00540"],"rowCount":1,"featureClass":"drain","lengthKm":0.3306},"geometry":{"type":"Point","coordinates":[89.067943,22.708215]}},{"type":"Feature","id":"a-028-6cca26df6c","properties":{"elementId":"A-028","featureId":"a-028-6cca26df6c","name":"Dokkhin Kamalnagor Road Drain","kind":"water","kindLabel":"내륙 수자원 지물","sourceYear":"2026","recordIds":["bgd-v162-a-028-entity-00279"],"rowCount":1,"featureClass":"drain","lengthKm":0.0014},"geometry":{"type":"Point","coordinates":[89.067952,22.708205]}},{"type":"Feature","id":"a-028-133fae0369","properties":{"elementId":"A-028","featureId":"a-028-133fae0369","name":"Dokkhin Polaspole Road Drain","kind":"water","kindLabel":"내륙 수자원 지물","sourceYear":"2026","recordIds":["bgd-v162-a-028-entity-00294"],"rowCount":1,"featureClass":"drain","lengthKm":0.0022},"geometry":{"type":"Point","coordinates":[89.072426,22.715581]}},{"type":"Feature","id":"a-028-890593a33a","properties":{"elementId":"A-028","featureId":"a-028-890593a33a","name":"Dokkhin Polaspole Road Drain","kind":"water","kindLabel":"내륙 수자원 지물","sourceYear":"2026","recordIds":["bgd-v162-a-028-entity-00392"],"rowCount":1,"featureClass":"drain","lengthKm":0.0673},"geometry":{"type":"Point","coordinates":[89.072431,22.715561]}},{"type":"Feature","id":"a-028-c5b17e6129","properties":{"elementId":"A-028","featureId":"a-028-c5b17e6129","name":"Dokkhin Polaspole Road Drain","kind":"water","kindLabel":"내륙 수자원 지물","sourceYear":"2026","recordIds":["bgd-v162-a-028-entity-00323"],"rowCount":1,"featureClass":"drain","lengthKm":0.0059},"geometry":{"type":"Point","coordinates":[89.072959,22.715229]}},{"type":"Feature","id":"a-028-df3d9880c9","properties":{"elementId":"A-028","featureId":"a-028-df3d9880c9","name":"Dokkhin Polaspole Road Drain","kind":"water","kindLabel":"내륙 수자원 지물","sourceYear":"2026","recordIds":["bgd-v162-a-028-entity-00509"],"rowCount":1,"featureClass":"drain","lengthKm":0.2117},"geometry":{"type":"Point","coordinates":[89.073011,22.715207]}},{"type":"Feature","id":"a-028-9b4d2d20ec","properties":{"elementId":"A-028","featureId":"a-028-9b4d2d20ec","name":"Dolu Khal","kind":"water","kindLabel":"내륙 수자원 지물","sourceYear":"2026","recordIds":["bgd-v162-a-028-entity-00828"],"rowCount":1,"featureClass":"canal","lengthKm":22.3833},"geometry":{"type":"Point","coordinates":[92.103295,22.02882]}},{"type":"Feature","id":"a-028-86a1d73634","properties":{"elementId":"A-028","featureId":"a-028-86a1d73634","name":"Dolu Khal","kind":"water","kindLabel":"내륙 수자원 지물","sourceYear":"2026","recordIds":["bgd-v162-a-028-entity-00764"],"rowCount":1,"featureClass":"canal","lengthKm":0.0391},"geometry":{"type":"Point","coordinates":[92.103654,22.028706]}},{"type":"Feature","id":"a-028-33e0d51f06","properties":{"elementId":"A-028","featureId":"a-028-33e0d51f06","name":"Dolu Khal","kind":"water","kindLabel":"내륙 수자원 지물","sourceYear":"2026","recordIds":["bgd-v162-a-028-entity-00834"],"rowCount":1,"featureClass":"canal","lengthKm":4.0813},"geometry":{"type":"Point","coordinates":[92.127598,22.023541]}},{"type":"Feature","id":"a-028-1fa5a288d5","properties":{"elementId":"A-028","featureId":"a-028-1fa5a288d5","name":"Dona Nadi","kind":"water","kindLabel":"내륙 수자원 지물","sourceYear":"2026","recordIds":["bgd-v162-a-028-entity-01971"],"rowCount":1,"featureClass":"river","lengthKm":5.3004},"geometry":{"type":"Point","coordinates":[92.3951,25.024421]}},{"type":"Feature","id":"a-028-6af9370e93","properties":{"elementId":"A-028","featureId":"a-028-6af9370e93","name":"Dona Nadi","kind":"water","kindLabel":"내륙 수자원 지물","sourceYear":"2026","recordIds":["bgd-v162-a-028-entity-02034"],"rowCount":1,"featureClass":"river","lengthKm":2.4634},"geometry":{"type":"Point","coordinates":[92.405443,25.039185]}},{"type":"Feature","id":"a-028-697f4f631b","properties":{"elementId":"A-028","featureId":"a-028-697f4f631b","name":"Dona Nadi","kind":"water","kindLabel":"내륙 수자원 지물","sourceYear":"2026","recordIds":["bgd-v162-a-028-entity-02065"],"rowCount":1,"featureClass":"river","lengthKm":4.3976},"geometry":{"type":"Point","coordinates":[92.414669,25.055653]}},{"type":"Feature","id":"a-028-3fb8686aa4","properties":{"elementId":"A-028","featureId":"a-028-3fb8686aa4","name":"Doshani 2 No Cross Road","kind":"water","kindLabel":"내륙 수자원 지물","sourceYear":"2026","recordIds":["bgd-v162-a-028-entity-00544"],"rowCount":1,"featureClass":"drain","lengthKm":0.3478},"geometry":{"type":"Point","coordinates":[89.781045,22.656632]}},{"type":"Feature","id":"a-028-fc1e58fcf5","properties":{"elementId":"A-028","featureId":"a-028-fc1e58fcf5","name":"Doshani 2 No Cross Road Drain","kind":"water","kindLabel":"내륙 수자원 지물","sourceYear":"2026","recordIds":["bgd-v162-a-028-entity-00552"],"rowCount":1,"featureClass":"drain","lengthKm":0.3994},"geometry":{"type":"Point","coordinates":[89.778923,22.656764]}},{"type":"Feature","id":"a-028-436c8e7530","properties":{"elementId":"A-028","featureId":"a-028-436c8e7530","name":"Doshnai 1 No Cross Road Drain","kind":"water","kindLabel":"내륙 수자원 지물","sourceYear":"2026","recordIds":["bgd-v162-a-028-entity-00503"],"rowCount":1,"featureClass":"drain","lengthKm":0.2035},"geometry":{"type":"Point","coordinates":[89.783648,22.656271]}},{"type":"Feature","id":"a-028-5939a291e7","properties":{"elementId":"A-028","featureId":"a-028-5939a291e7","name":"Drain","kind":"water","kindLabel":"내륙 수자원 지물","sourceYear":"2026","recordIds":["bgd-v162-a-028-entity-01083"],"rowCount":1,"featureClass":"drain","lengthKm":0.6713},"geometry":{"type":"Point","coordinates":[90.370511,23.826348]}},{"type":"Feature","id":"a-028-2da2f9ec3e","properties":{"elementId":"A-028","featureId":"a-028-2da2f9ec3e","name":"Drain","kind":"water","kindLabel":"내륙 수자원 지물","sourceYear":"2026","recordIds":["bgd-v162-a-028-entity-01082"],"rowCount":1,"featureClass":"drain","lengthKm":0.1132},"geometry":{"type":"Point","coordinates":[90.381343,23.734374]}},{"type":"Feature","id":"a-028-dccc2e1cbd","properties":{"elementId":"A-028","featureId":"a-028-dccc2e1cbd","name":"Drain beside Al amin shop","kind":"water","kindLabel":"내륙 수자원 지물","sourceYear":"2026","recordIds":["bgd-v162-a-028-entity-01495"],"rowCount":1,"featureClass":"drain","lengthKm":0.0175},"geometry":{"type":"Point","coordinates":[90.576774,22.760036]}},{"type":"Feature","id":"a-028-8f90897ecf","properties":{"elementId":"A-028","featureId":"a-028-8f90897ecf","name":"Drain beside Jhoru Mal Halot","kind":"water","kindLabel":"내륙 수자원 지물","sourceYear":"2026","recordIds":["bgd-v162-a-028-entity-01509"],"rowCount":1,"featureClass":"drain","lengthKm":0.0786},"geometry":{"type":"Point","coordinates":[90.740614,22.603465]}},{"type":"Feature","id":"a-028-3712a7cd0d","properties":{"elementId":"A-028","featureId":"a-028-3712a7cd0d","name":"Drain beside Quazi house","kind":"water","kindLabel":"내륙 수자원 지물","sourceYear":"2026","recordIds":["bgd-v162-a-028-entity-01506"],"rowCount":1,"featureClass":"drain","lengthKm":0.0441},"geometry":{"type":"Point","coordinates":[90.71531,22.459452]}},{"type":"Feature","id":"a-028-62aafc4a0f","properties":{"elementId":"A-028","featureId":"a-028-62aafc4a0f","name":"Drain beside Sampur Tulatoli bazar","kind":"water","kindLabel":"내륙 수자원 지물","sourceYear":"2026","recordIds":["bgd-v162-a-028-entity-01492"],"rowCount":1,"featureClass":"drain","lengthKm":0.014},"geometry":{"type":"Point","coordinates":[90.584946,22.760851]}},{"type":"Feature","id":"a-028-7d22df98b9","properties":{"elementId":"A-028","featureId":"a-028-7d22df98b9","name":"Drain beside bridge","kind":"water","kindLabel":"내륙 수자원 지물","sourceYear":"2026","recordIds":["bgd-v162-a-028-entity-01491"],"rowCount":1,"featureClass":"drain","lengthKm":0.0091},"geometry":{"type":"Point","coordinates":[90.579057,22.763685]}},{"type":"Feature","id":"a-028-69d87dc7c9","properties":{"elementId":"A-028","featureId":"a-028-69d87dc7c9","name":"Drain in front of Abu sorif house","kind":"water","kindLabel":"내륙 수자원 지물","sourceYear":"2026","recordIds":["bgd-v162-a-028-entity-01490"],"rowCount":1,"featureClass":"drain","lengthKm":0.005},"geometry":{"type":"Point","coordinates":[90.578083,22.749963]}},{"type":"Feature","id":"a-028-3f2378512e","properties":{"elementId":"A-028","featureId":"a-028-3f2378512e","name":"Drain in front of Amir member house","kind":"water","kindLabel":"내륙 수자원 지물","sourceYear":"2026","recordIds":["bgd-v162-a-028-entity-01503"],"rowCount":1,"featureClass":"drain","lengthKm":0.0335},"geometry":{"type":"Point","coordinates":[90.595783,22.763833]}},{"type":"Feature","id":"a-028-815938238c","properties":{"elementId":"A-028","featureId":"a-028-815938238c","name":"Drain in front of Malek hawlader house","kind":"water","kindLabel":"내륙 수자원 지물","sourceYear":"2026","recordIds":["bgd-v162-a-028-entity-01493"],"rowCount":1,"featureClass":"drain","lengthKm":0.0141},"geometry":{"type":"Point","coordinates":[90.576989,22.760783]}},{"type":"Feature","id":"a-028-abbe46f02c","properties":{"elementId":"A-028","featureId":"a-028-abbe46f02c","name":"Drain in front of Munshi bari","kind":"water","kindLabel":"내륙 수자원 지물","sourceYear":"2026","recordIds":["bgd-v162-a-028-entity-01494"],"rowCount":1,"featureClass":"drain","lengthKm":0.0163},"geometry":{"type":"Point","coordinates":[90.585371,22.75832]}},{"type":"Feature","id":"a-028-deeda08905","properties":{"elementId":"A-028","featureId":"a-028-deeda08905","name":"Drain in front of sikdar house","kind":"water","kindLabel":"내륙 수자원 지물","sourceYear":"2026","recordIds":["bgd-v162-a-028-entity-01496"],"rowCount":1,"featureClass":"drain","lengthKm":0.0195},"geometry":{"type":"Point","coordinates":[90.577348,22.761852]}},{"type":"Feature","id":"a-028-9cc1e1441b","properties":{"elementId":"A-028","featureId":"a-028-9cc1e1441b","name":"Drain of Howladar house","kind":"water","kindLabel":"내륙 수자원 지물","sourceYear":"2026","recordIds":["bgd-v162-a-028-entity-01501"],"rowCount":1,"featureClass":"drain","lengthKm":0.0307},"geometry":{"type":"Point","coordinates":[90.676984,22.556383]}},{"type":"Feature","id":"a-028-5553d5715e","properties":{"elementId":"A-028","featureId":"a-028-5553d5715e","name":"Drane behind the Bepari House","kind":"water","kindLabel":"내륙 수자원 지물","sourceYear":"2026","recordIds":["bgd-v162-a-028-entity-01510"],"rowCount":1,"featureClass":"drain","lengthKm":0.0969},"geometry":{"type":"Point","coordinates":[90.68872,22.587566]}},{"type":"Feature","id":"a-028-1534bccc98","properties":{"elementId":"A-028","featureId":"a-028-1534bccc98","name":"Drane beside Bangla Bazar Kaccha Market","kind":"water","kindLabel":"내륙 수자원 지물","sourceYear":"2026","recordIds":["bgd-v162-a-028-entity-01512"],"rowCount":1,"featureClass":"drain","lengthKm":0.2074},"geometry":{"type":"Point","coordinates":[90.659553,22.591661]}},{"type":"Feature","id":"a-028-9811483058","properties":{"elementId":"A-028","featureId":"a-028-9811483058","name":"Drane beside Liton Mia Local Market","kind":"water","kindLabel":"내륙 수자원 지물","sourceYear":"2026","recordIds":["bgd-v162-a-028-entity-01519"],"rowCount":1,"featureClass":"drain","lengthKm":0.4923},"geometry":{"type":"Point","coordinates":[90.661804,22.588242]}},{"type":"Feature","id":"a-028-4dc98d7ac8","properties":{"elementId":"A-028","featureId":"a-028-4dc98d7ac8","name":"Drane beside of Awolad Mia House","kind":"water","kindLabel":"내륙 수자원 지물","sourceYear":"2026","recordIds":["bgd-v162-a-028-entity-01511"],"rowCount":1,"featureClass":"drain","lengthKm":0.1254},"geometry":{"type":"Point","coordinates":[90.687151,22.591908]}},{"type":"Feature","id":"a-028-09d6a50b16","properties":{"elementId":"A-028","featureId":"a-028-09d6a50b16","name":"Drane infront of Bolika House","kind":"water","kindLabel":"내륙 수자원 지물","sourceYear":"2026","recordIds":["bgd-v162-a-028-entity-01318"],"rowCount":1,"featureClass":"canal","lengthKm":0.4107},"geometry":{"type":"Point","coordinates":[90.681083,22.591856]}},{"type":"Feature","id":"a-028-1e89fff621","properties":{"elementId":"A-028","featureId":"a-028-1e89fff621","name":"Drane infront of Maji House","kind":"water","kindLabel":"내륙 수자원 지물","sourceYear":"2026","recordIds":["bgd-v162-a-028-entity-01515"],"rowCount":1,"featureClass":"drain","lengthKm":0.3857},"geometry":{"type":"Point","coordinates":[90.68524,22.582201]}},{"type":"Feature","id":"a-028-6d75df9a8a","properties":{"elementId":"A-028","featureId":"a-028-6d75df9a8a","name":"Drane infront of Male House","kind":"water","kindLabel":"내륙 수자원 지물","sourceYear":"2026","recordIds":["bgd-v162-a-028-entity-01520"],"rowCount":1,"featureClass":"drain","lengthKm":0.5578},"geometry":{"type":"Point","coordinates":[90.681065,22.581236]}},{"type":"Feature","id":"a-028-3161ff5b75","properties":{"elementId":"A-028","featureId":"a-028-3161ff5b75","name":"Drean beside Rafiq Sikdar Garden","kind":"water","kindLabel":"내륙 수자원 지물","sourceYear":"2026","recordIds":["bgd-v162-a-028-entity-01505"],"rowCount":1,"featureClass":"drain","lengthKm":0.0388},"geometry":{"type":"Point","coordinates":[90.711138,22.542605]}},{"type":"Feature","id":"a-028-c445cbac37","properties":{"elementId":"A-028","featureId":"a-028-c445cbac37","name":"Drean in Front of Liakat Ali House","kind":"water","kindLabel":"내륙 수자원 지물","sourceYear":"2026","recordIds":["bgd-v162-a-028-entity-01502"],"rowCount":1,"featureClass":"drain","lengthKm":0.032},"geometry":{"type":"Point","coordinates":[90.703023,22.529717]}},{"type":"Feature","id":"a-028-325aec7c22","properties":{"elementId":"A-028","featureId":"a-028-325aec7c22","name":"Dulahazra Boga Chari River","kind":"water","kindLabel":"내륙 수자원 지물","sourceYear":"2026","recordIds":["bgd-v162-a-028-entity-00895"],"rowCount":1,"featureClass":"river","lengthKm":15.0165},"geometry":{"type":"Point","coordinates":[92.03774,21.648117]}},{"type":"Feature","id":"a-028-32f90d7cc8","properties":{"elementId":"A-028","featureId":"a-028-32f90d7cc8","name":"Dulahazra Chara","kind":"water","kindLabel":"내륙 수자원 지물","sourceYear":"2026","recordIds":["bgd-v162-a-028-entity-01002"],"rowCount":1,"featureClass":"stream","lengthKm":3.8019},"geometry":{"type":"Point","coordinates":[92.073558,21.651018]}},{"type":"Feature","id":"a-028-56a556a174","properties":{"elementId":"A-028","featureId":"a-028-56a556a174","name":"Dundumia","kind":"water","kindLabel":"내륙 수자원 지물","sourceYear":"2026","recordIds":["bgd-v162-a-028-entity-00878"],"rowCount":1,"featureClass":"river","lengthKm":1.909},"geometry":{"type":"Point","coordinates":[92.254821,20.924705]}},{"type":"Feature","id":"a-028-e3cec24125","properties":{"elementId":"A-028","featureId":"a-028-e3cec24125","name":"East Bashabati Road Drain","kind":"water","kindLabel":"내륙 수자원 지물","sourceYear":"2026","recordIds":["bgd-v162-a-028-entity-00566"],"rowCount":1,"featureClass":"drain","lengthKm":0.5657},"geometry":{"type":"Point","coordinates":[89.79888,22.650864]}},{"type":"Feature","id":"a-028-4b22d8d228","properties":{"elementId":"A-028","featureId":"a-028-4b22d8d228","name":"East Bashabati Road Drain","kind":"water","kindLabel":"내륙 수자원 지물","sourceYear":"2026","recordIds":["bgd-v162-a-028-entity-00420"],"rowCount":1,"featureClass":"drain","lengthKm":0.0932},"geometry":{"type":"Point","coordinates":[89.801334,22.651801]}},{"type":"Feature","id":"a-028-779ee503a7","properties":{"elementId":"A-028","featureId":"a-028-779ee503a7","name":"East Bashabati Road Drain","kind":"water","kindLabel":"내륙 수자원 지물","sourceYear":"2026","recordIds":["bgd-v162-a-028-entity-00443"],"rowCount":1,"featureClass":"drain","lengthKm":0.1183},"geometry":{"type":"Point","coordinates":[89.802001,22.650767]}},{"type":"Feature","id":"a-028-e7df3ca69d","properties":{"elementId":"A-028","featureId":"a-028-e7df3ca69d","name":"East Doshani Road Drain","kind":"water","kindLabel":"내륙 수자원 지물","sourceYear":"2026","recordIds":["bgd-v162-a-028-entity-00369"],"rowCount":1,"featureClass":"drain","lengthKm":0.0435},"geometry":{"type":"Point","coordinates":[89.786231,22.657657]}},{"type":"Feature","id":"a-028-14a5ba1be1","properties":{"elementId":"A-028","featureId":"a-028-14a5ba1be1","name":"FTG CAMPING SITE","kind":"natural","kindLabel":"기타 자연지형지물","sourceYear":"2026","recordIds":["bgd-v162-a-028-entity-00074"],"rowCount":1,"featureClass":"tree"},"geometry":{"type":"Point","coordinates":[91.512137,22.903322]}},{"type":"Feature","id":"a-028-8debb8c7f9","properties":{"elementId":"A-028","featureId":"a-028-8debb8c7f9","name":"Fasikhali Cahra","kind":"water","kindLabel":"내륙 수자원 지물","sourceYear":"2026","recordIds":["bgd-v162-a-028-entity-01001"],"rowCount":1,"featureClass":"stream","lengthKm":3.7318},"geometry":{"type":"Point","coordinates":[92.086442,21.730138]}},{"type":"Feature","id":"a-028-67446a4ef5","properties":{"elementId":"A-028","featureId":"a-028-67446a4ef5","name":"Fasikhali Cahra","kind":"water","kindLabel":"내륙 수자원 지물","sourceYear":"2026","recordIds":["bgd-v162-a-028-entity-00977"],"rowCount":1,"featureClass":"stream","lengthKm":0.0205},"geometry":{"type":"Point","coordinates":[92.106307,21.71283]}},{"type":"Feature","id":"a-028-9664f6eea2","properties":{"elementId":"A-028","featureId":"a-028-9664f6eea2","name":"Fasikhali Cahra","kind":"water","kindLabel":"내륙 수자원 지물","sourceYear":"2026","recordIds":["bgd-v162-a-028-entity-00997"],"rowCount":1,"featureClass":"stream","lengthKm":3.3523},"geometry":{"type":"Point","coordinates":[92.10634,21.712648]}},{"type":"Feature","id":"a-028-8848285af4","properties":{"elementId":"A-028","featureId":"a-028-8848285af4","name":"Feni River","kind":"water","kindLabel":"내륙 수자원 지물","sourceYear":"2026","recordIds":["bgd-v162-a-028-entity-00894"],"rowCount":1,"featureClass":"river","lengthKm":14.4726},"geometry":{"type":"Point","coordinates":[91.927076,22.95145]}},{"type":"Feature","id":"a-028-afbcc57f23","properties":{"elementId":"A-028","featureId":"a-028-afbcc57f23","name":"Fishari khal","kind":"water","kindLabel":"내륙 수자원 지물","sourceYear":"2026","recordIds":["bgd-v162-a-028-entity-00792"],"rowCount":1,"featureClass":"canal","lengthKm":0.8059},"geometry":{"type":"Point","coordinates":[91.844432,22.328604]}},{"type":"Feature","id":"a-028-fd666888f0","properties":{"elementId":"A-028","featureId":"a-028-fd666888f0","name":"Fishari khal","kind":"water","kindLabel":"내륙 수자원 지물","sourceYear":"2026","recordIds":["bgd-v162-a-028-entity-00785"],"rowCount":1,"featureClass":"canal","lengthKm":0.5995},"geometry":{"type":"Point","coordinates":[91.844972,22.323243]}},{"type":"Feature","id":"a-028-90447196d3","properties":{"elementId":"A-028","featureId":"a-028-90447196d3","name":"Fokir Moira Road Drain","kind":"water","kindLabel":"내륙 수자원 지물","sourceYear":"2026","recordIds":["bgd-v162-a-028-entity-00458"],"rowCount":1,"featureClass":"drain","lengthKm":0.1366},"geometry":{"type":"Point","coordinates":[89.083053,22.705501]}},{"type":"Feature","id":"a-028-d4bea66c11","properties":{"elementId":"A-028","featureId":"a-028-d4bea66c11","name":"Fokirer Canal","kind":"water","kindLabel":"내륙 수자원 지물","sourceYear":"2026","recordIds":["bgd-v162-a-028-entity-01381"],"rowCount":1,"featureClass":"canal","lengthKm":0.9296},"geometry":{"type":"Point","coordinates":[89.956194,22.127259]}},{"type":"Feature","id":"a-028-2b8cd699e0","properties":{"elementId":"A-028","featureId":"a-028-2b8cd699e0","name":"Fokirer Canal","kind":"water","kindLabel":"내륙 수자원 지물","sourceYear":"2026","recordIds":["bgd-v162-a-028-entity-01230"],"rowCount":1,"featureClass":"canal","lengthKm":0.0125},"geometry":{"type":"Point","coordinates":[89.962764,22.131228]}},{"type":"Feature","id":"a-028-167b8250a0","properties":{"elementId":"A-028","featureId":"a-028-167b8250a0","name":"Fokirer Canal","kind":"water","kindLabel":"내륙 수자원 지물","sourceYear":"2026","recordIds":["bgd-v162-a-028-entity-01339"],"rowCount":1,"featureClass":"canal","lengthKm":0.53},"geometry":{"type":"Point","coordinates":[89.962882,22.131202]}},{"type":"Feature","id":"a-028-f1ddcf1c0c","properties":{"elementId":"A-028","featureId":"a-028-f1ddcf1c0c","name":"Fulkumar River","kind":"water","kindLabel":"내륙 수자원 지물","sourceYear":"2026","recordIds":["bgd-v162-a-028-entity-01687"],"rowCount":1,"featureClass":"river","lengthKm":10.9744},"geometry":{"type":"Point","coordinates":[89.681607,26.041794]}},{"type":"Feature","id":"a-028-669ea23a70","properties":{"elementId":"A-028","featureId":"a-028-669ea23a70","name":"Fultoli Beach","kind":"coastal","kindLabel":"해안 지물","sourceYear":"2026","recordIds":["bgd-v162-a-028-entity-00003"],"rowCount":1,"featureClass":"beach"},"geometry":{"type":"Point","coordinates":[91.821309,22.16977]}},{"type":"Feature","id":"a-028-602bf896e9","properties":{"elementId":"A-028","featureId":"a-028-602bf896e9","name":"Gabbunia Khal","kind":"water","kindLabel":"내륙 수자원 지물","sourceYear":"2026","recordIds":["bgd-v162-a-028-entity-01355"],"rowCount":1,"featureClass":"canal","lengthKm":0.649},"geometry":{"type":"Point","coordinates":[90.375929,21.97976]}},{"type":"Feature","id":"a-028-50a9df7792","properties":{"elementId":"A-028","featureId":"a-028-50a9df7792","name":"Gabtola Khaulia Canel","kind":"water","kindLabel":"내륙 수자원 지물","sourceYear":"2026","recordIds":["bgd-v162-a-028-entity-00253"],"rowCount":1,"featureClass":"canal","lengthKm":3.0717},"geometry":{"type":"Point","coordinates":[89.84779,22.425449]}},{"type":"Feature","id":"a-028-3d04be4c21","properties":{"elementId":"A-028","featureId":"a-028-3d04be4c21","name":"Gachua River","kind":"water","kindLabel":"내륙 수자원 지물","sourceYear":"2026","recordIds":["bgd-v162-a-028-entity-00645"],"rowCount":1,"featureClass":"river","lengthKm":2.3402},"geometry":{"type":"Point","coordinates":[89.403816,22.612525]}},{"type":"Feature","id":"a-028-f68f7e3699","properties":{"elementId":"A-028","featureId":"a-028-f68f7e3699","name":"Gachua River","kind":"water","kindLabel":"내륙 수자원 지물","sourceYear":"2026","recordIds":["bgd-v162-a-028-entity-00577"],"rowCount":1,"featureClass":"river","lengthKm":0.007},"geometry":{"type":"Point","coordinates":[89.403881,22.612544]}},{"type":"Feature","id":"a-028-94bb899f5a","properties":{"elementId":"A-028","featureId":"a-028-94bb899f5a","name":"Gachua River","kind":"water","kindLabel":"내륙 수자원 지물","sourceYear":"2026","recordIds":["bgd-v162-a-028-entity-00602"],"rowCount":1,"featureClass":"river","lengthKm":0.4932},"geometry":{"type":"Point","coordinates":[89.415819,22.63125]}},{"type":"Feature","id":"a-028-5f85e62101","properties":{"elementId":"A-028","featureId":"a-028-5f85e62101","name":"Gachua River","kind":"water","kindLabel":"내륙 수자원 지물","sourceYear":"2026","recordIds":["bgd-v162-a-028-entity-00644"],"rowCount":1,"featureClass":"river","lengthKm":2.3343},"geometry":{"type":"Point","coordinates":[89.416217,22.627937]}},{"type":"Feature","id":"a-028-b725c75c10","properties":{"elementId":"A-028","featureId":"a-028-b725c75c10","name":"Gaji barir samne kasa nala","kind":"water","kindLabel":"내륙 수자원 지물","sourceYear":"2026","recordIds":["bgd-v162-a-028-entity-01279"],"rowCount":1,"featureClass":"canal","lengthKm":0.1954},"geometry":{"type":"Point","coordinates":[90.574954,22.76883]}},{"type":"Feature","id":"a-028-5d9436846a","properties":{"elementId":"A-028","featureId":"a-028-5d9436846a","name":"Gali Path Drain","kind":"water","kindLabel":"내륙 수자원 지물","sourceYear":"2026","recordIds":["bgd-v162-a-028-entity-00371"],"rowCount":1,"featureClass":"drain","lengthKm":0.0461},"geometry":{"type":"Point","coordinates":[89.071666,22.71104]}},{"type":"Feature","id":"a-028-6ebc8a8f67","properties":{"elementId":"A-028","featureId":"a-028-6ebc8a8f67","name":"Gamrul","kind":"natural","kindLabel":"기타 자연지형지물","sourceYear":"2026","recordIds":["bgd-v162-a-028-entity-00107"],"rowCount":1,"featureClass":"tree"},"geometry":{"type":"Point","coordinates":[90.377204,23.779944]}},{"type":"Feature","id":"a-028-9c3d316b4f","properties":{"elementId":"A-028","featureId":"a-028-9c3d316b4f","name":"Gangadhar","kind":"water","kindLabel":"내륙 수자원 지물","sourceYear":"2026","recordIds":["bgd-v162-a-028-entity-01698"],"rowCount":1,"featureClass":"river","lengthKm":14.2214},"geometry":{"type":"Point","coordinates":[89.782398,25.912099]}},{"type":"Feature","id":"a-028-e4182064d3","properties":{"elementId":"A-028","featureId":"a-028-e4182064d3","name":"Gangadhar","kind":"water","kindLabel":"내륙 수자원 지물","sourceYear":"2026","recordIds":["bgd-v162-a-028-entity-01704"],"rowCount":1,"featureClass":"river","lengthKm":17.9487},"geometry":{"type":"Point","coordinates":[89.799554,25.917508]}},{"type":"Feature","id":"a-028-7cd5f4d955","properties":{"elementId":"A-028","featureId":"a-028-7cd5f4d955","name":"Gangadhar","kind":"water","kindLabel":"내륙 수자원 지물","sourceYear":"2026","recordIds":["bgd-v162-a-028-entity-01683"],"rowCount":1,"featureClass":"river","lengthKm":1.5118},"geometry":{"type":"Point","coordinates":[89.800926,25.95518]}},{"type":"Feature","id":"a-028-75263238e7","properties":{"elementId":"A-028","featureId":"a-028-75263238e7","name":"Gangadhar","kind":"water","kindLabel":"내륙 수자원 지물","sourceYear":"2026","recordIds":["bgd-v162-a-028-entity-01732"],"rowCount":1,"featureClass":"river","lengthKm":4.5757},"geometry":{"type":"Point","coordinates":[89.801774,25.942064]}},{"type":"Feature","id":"a-028-d2aa7272ad","properties":{"elementId":"A-028","featureId":"a-028-d2aa7272ad","name":"Gangadhar","kind":"water","kindLabel":"내륙 수자원 지물","sourceYear":"2026","recordIds":["bgd-v162-a-028-entity-01739"],"rowCount":1,"featureClass":"river","lengthKm":5.0734},"geometry":{"type":"Point","coordinates":[89.836182,25.980725]}},{"type":"Feature","id":"a-028-72f46285e8","properties":{"elementId":"A-028","featureId":"a-028-72f46285e8","name":"Generea haor","kind":"water","kindLabel":"내륙 수자원 지물","sourceYear":"2026","recordIds":["bgd-v162-a-028-entity-01896"],"rowCount":1,"featureClass":"canal","lengthKm":0.4313},"geometry":{"type":"Point","coordinates":[91.107888,25.096052]}},{"type":"Feature","id":"a-028-c31e02dd04","properties":{"elementId":"A-028","featureId":"a-028-c31e02dd04","name":"Ghagoriya KHAL","kind":"water","kindLabel":"내륙 수자원 지물","sourceYear":"2026","recordIds":["bgd-v162-a-028-entity-00766"],"rowCount":1,"featureClass":"canal","lengthKm":0.0896},"geometry":{"type":"Point","coordinates":[91.104864,23.170953]}},{"type":"Feature","id":"a-028-000e99db3c","properties":{"elementId":"A-028","featureId":"a-028-000e99db3c","name":"Ghagoriya KHAL","kind":"water","kindLabel":"내륙 수자원 지물","sourceYear":"2026","recordIds":["bgd-v162-a-028-entity-00816"],"rowCount":1,"featureClass":"canal","lengthKm":16.0766},"geometry":{"type":"Point","coordinates":[91.10514,23.170189]}},{"type":"Feature","id":"a-028-7db9bf26d4","properties":{"elementId":"A-028","featureId":"a-028-7db9bf26d4","name":"Ghagra Channel","kind":"water","kindLabel":"내륙 수자원 지물","sourceYear":"2026","recordIds":["bgd-v162-a-028-entity-01653"],"rowCount":1,"featureClass":"canal","lengthKm":0.907},"geometry":{"type":"Point","coordinates":[88.632828,25.636264]}},{"type":"Feature","id":"a-028-3491956bf2","properties":{"elementId":"A-028","featureId":"a-028-3491956bf2","name":"Ghatura Canals","kind":"water","kindLabel":"내륙 수자원 지물","sourceYear":"2026","recordIds":["bgd-v162-a-028-entity-00784"],"rowCount":1,"featureClass":"canal","lengthKm":0.5791},"geometry":{"type":"Point","coordinates":[91.107186,24.001991]}},{"type":"Feature","id":"a-028-12461b68cd","properties":{"elementId":"A-028","featureId":"a-028-12461b68cd","name":"Ghatura Canals","kind":"water","kindLabel":"내륙 수자원 지물","sourceYear":"2026","recordIds":["bgd-v162-a-028-entity-00795"],"rowCount":1,"featureClass":"canal","lengthKm":0.9146},"geometry":{"type":"Point","coordinates":[91.116114,24.001862]}},{"type":"Feature","id":"a-028-378adee3b3","properties":{"elementId":"A-028","featureId":"a-028-378adee3b3","name":"Ghoper Khal","kind":"water","kindLabel":"내륙 수자원 지물","sourceYear":"2026","recordIds":["bgd-v162-a-028-entity-00186"],"rowCount":1,"featureClass":"canal","lengthKm":0.4337},"geometry":{"type":"Point","coordinates":[89.771368,22.408291]}},{"type":"Feature","id":"a-028-7f2063ba8b","properties":{"elementId":"A-028","featureId":"a-028-7f2063ba8b","name":"Ghorautra River","kind":"water","kindLabel":"내륙 수자원 지물","sourceYear":"2026","recordIds":["bgd-v162-a-028-entity-01180"],"rowCount":1,"featureClass":"river","lengthKm":32.698},"geometry":{"type":"Point","coordinates":[91.008432,24.371068]}},{"type":"Feature","id":"a-028-c6805246a7","properties":{"elementId":"A-028","featureId":"a-028-c6805246a7","name":"Girail - Narhatta Canal","kind":"water","kindLabel":"내륙 수자원 지물","sourceYear":"2026","recordIds":["bgd-v162-a-028-entity-01798"],"rowCount":1,"featureClass":"canal","lengthKm":4.1123},"geometry":{"type":"Point","coordinates":[89.262538,24.86134]}},{"type":"Feature","id":"a-028-6b949825d2","properties":{"elementId":"A-028","featureId":"a-028-6b949825d2","name":"Girail - Narhatta Canal","kind":"water","kindLabel":"내륙 수자원 지물","sourceYear":"2026","recordIds":["bgd-v162-a-028-entity-01769"],"rowCount":1,"featureClass":"canal","lengthKm":0.012},"geometry":{"type":"Point","coordinates":[89.262557,24.861446]}},{"type":"Feature","id":"a-028-9c6f2dc490","properties":{"elementId":"A-028","featureId":"a-028-9c6f2dc490","name":"Girail - Narhatta Canal","kind":"water","kindLabel":"내륙 수자원 지물","sourceYear":"2026","recordIds":["bgd-v162-a-028-entity-01781"],"rowCount":1,"featureClass":"canal","lengthKm":0.6848},"geometry":{"type":"Point","coordinates":[89.263571,24.866771]}},{"type":"Feature","id":"a-028-c230cd7e9b","properties":{"elementId":"A-028","featureId":"a-028-c230cd7e9b","name":"Girls School Road Drain","kind":"water","kindLabel":"내륙 수자원 지물","sourceYear":"2026","recordIds":["bgd-v162-a-028-entity-00493"],"rowCount":1,"featureClass":"drain","lengthKm":0.1844},"geometry":{"type":"Point","coordinates":[89.791055,22.660772]}},{"type":"Feature","id":"a-028-d0b133e22c","properties":{"elementId":"A-028","featureId":"a-028-d0b133e22c","name":"Girls School Road Drain","kind":"water","kindLabel":"내륙 수자원 지물","sourceYear":"2026","recordIds":["bgd-v162-a-028-entity-00497"],"rowCount":1,"featureClass":"drain","lengthKm":0.1917},"geometry":{"type":"Point","coordinates":[89.792785,22.660321]}},{"type":"Feature","id":"a-028-4af3c96a91","properties":{"elementId":"A-028","featureId":"a-028-4af3c96a91","name":"Godakhali Khal","kind":"water","kindLabel":"내륙 수자원 지물","sourceYear":"2026","recordIds":["bgd-v162-a-028-entity-01027"],"rowCount":1,"featureClass":"canal","lengthKm":0.138},"geometry":{"type":"Point","coordinates":[90.349913,23.789147]}},{"type":"Feature","id":"a-028-a7fb336d8e","properties":{"elementId":"A-028","featureId":"a-028-a7fb336d8e","name":"Godakhali Khal","kind":"water","kindLabel":"내륙 수자원 지물","sourceYear":"2026","recordIds":["bgd-v162-a-028-entity-01045"],"rowCount":1,"featureClass":"canal","lengthKm":0.6775},"geometry":{"type":"Point","coordinates":[90.35032,23.790331]}},{"type":"Feature","id":"a-028-e2eb5c5d7f","properties":{"elementId":"A-028","featureId":"a-028-e2eb5c5d7f","name":"Gohin Khai Khal","kind":"water","kindLabel":"내륙 수자원 지물","sourceYear":"2026","recordIds":["bgd-v162-a-028-entity-01376"],"rowCount":1,"featureClass":"canal","lengthKm":0.8629},"geometry":{"type":"Point","coordinates":[90.459657,21.995172]}},{"type":"Feature","id":"a-028-4659e41d0d","properties":{"elementId":"A-028","featureId":"a-028-4659e41d0d","name":"Golacipa River","kind":"water","kindLabel":"내륙 수자원 지물","sourceYear":"2026","recordIds":["bgd-v162-a-028-entity-01559"],"rowCount":1,"featureClass":"river","lengthKm":33.3374},"geometry":{"type":"Point","coordinates":[90.357918,22.359116]}},{"type":"Feature","id":"a-028-6c0d5bba3f","properties":{"elementId":"A-028","featureId":"a-028-6c0d5bba3f","name":"Golacipa River","kind":"water","kindLabel":"내륙 수자원 지물","sourceYear":"2026","recordIds":["bgd-v162-a-028-entity-01553"],"rowCount":1,"featureClass":"river","lengthKm":23.6411},"geometry":{"type":"Point","coordinates":[90.383233,22.086888]}},{"type":"Feature","id":"a-028-6919a7a3fc","properties":{"elementId":"A-028","featureId":"a-028-6919a7a3fc","name":"Golacipa River","kind":"water","kindLabel":"내륙 수자원 지물","sourceYear":"2026","recordIds":["bgd-v162-a-028-entity-01542"],"rowCount":1,"featureClass":"river","lengthKm":17.3275},"geometry":{"type":"Point","coordinates":[90.413208,22.20413]}},{"type":"Feature","id":"a-028-084fd027a6","properties":{"elementId":"A-028","featureId":"a-028-084fd027a6","name":"Goli Awlia Biller Canal","kind":"water","kindLabel":"내륙 수자원 지물","sourceYear":"2026","recordIds":["bgd-v162-a-028-entity-01420"],"rowCount":1,"featureClass":"canal","lengthKm":1.4694},"geometry":{"type":"Point","coordinates":[90.512385,22.200679]}},{"type":"Feature","id":"a-028-6a9ddf9525","properties":{"elementId":"A-028","featureId":"a-028-6a9ddf9525","name":"Gomati River","kind":"water","kindLabel":"내륙 수자원 지물","sourceYear":"2026","recordIds":["bgd-v162-a-028-entity-00846"],"rowCount":1,"featureClass":"river","lengthKm":0.0473},"geometry":{"type":"Point","coordinates":[91.133351,23.482765]}},{"type":"Feature","id":"a-028-8c9f2987fb","properties":{"elementId":"A-028","featureId":"a-028-8c9f2987fb","name":"Gomati River","kind":"water","kindLabel":"내륙 수자원 지물","sourceYear":"2026","recordIds":["bgd-v162-a-028-entity-00856"],"rowCount":1,"featureClass":"river","lengthKm":0.277},"geometry":{"type":"Point","coordinates":[91.189422,23.478902]}},{"type":"Feature","id":"a-028-7cac68fdc1","properties":{"elementId":"A-028","featureId":"a-028-7cac68fdc1","name":"Gomati River","kind":"water","kindLabel":"내륙 수자원 지물","sourceYear":"2026","recordIds":["bgd-v162-a-028-entity-00876"],"rowCount":1,"featureClass":"river","lengthKm":1.4983},"geometry":{"type":"Point","coordinates":[91.200777,23.470711]}},{"type":"Feature","id":"a-028-5c4b7a157e","properties":{"elementId":"A-028","featureId":"a-028-5c4b7a157e","name":"Gomati River","kind":"water","kindLabel":"내륙 수자원 지물","sourceYear":"2026","recordIds":["bgd-v162-a-028-entity-00953"],"rowCount":1,"featureClass":"river","lengthKm":5.8631},"geometry":{"type":"Point","coordinates":[91.249826,23.464326]}},{"type":"Feature","id":"a-028-867709a085","properties":{"elementId":"A-028","featureId":"a-028-867709a085","name":"Gomati River","kind":"water","kindLabel":"내륙 수자원 지물","sourceYear":"2026","recordIds":["bgd-v162-a-028-entity-02007"],"rowCount":1,"featureClass":"river","lengthKm":1.0477},"geometry":{"type":"Point","coordinates":[91.257967,23.460692]}},{"type":"Feature","id":"a-028-1c46bb3dfc","properties":{"elementId":"A-028","featureId":"a-028-1c46bb3dfc","name":"Gomti River","kind":"water","kindLabel":"내륙 수자원 지물","sourceYear":"2026","recordIds":["bgd-v162-a-028-entity-00898"],"rowCount":1,"featureClass":"river","lengthKm":16.4031},"geometry":{"type":"Point","coordinates":[90.859181,23.622136]}},{"type":"Feature","id":"a-028-32a6ab447b","properties":{"elementId":"A-028","featureId":"a-028-32a6ab447b","name":"Gomti River","kind":"water","kindLabel":"내륙 수자원 지물","sourceYear":"2026","recordIds":["bgd-v162-a-028-entity-00843"],"rowCount":1,"featureClass":"river","lengthKm":0.0105},"geometry":{"type":"Point","coordinates":[90.859206,23.622227]}},{"type":"Feature","id":"a-028-48eab91993","properties":{"elementId":"A-028","featureId":"a-028-48eab91993","name":"Gomti River","kind":"water","kindLabel":"내륙 수자원 지물","sourceYear":"2026","recordIds":["bgd-v162-a-028-entity-00947"],"rowCount":1,"featureClass":"river","lengthKm":49.9551},"geometry":{"type":"Point","coordinates":[91.132926,23.482936]}},{"type":"Feature","id":"a-028-155e13554c","properties":{"elementId":"A-028","featureId":"a-028-155e13554c","name":"Goneshwari River","kind":"water","kindLabel":"내륙 수자원 지물","sourceYear":"2026","recordIds":["bgd-v162-a-028-entity-01610"],"rowCount":1,"featureClass":"river","lengthKm":1.2103},"geometry":{"type":"Point","coordinates":[90.829288,25.092751]}},{"type":"Feature","id":"a-028-e7c2947807","properties":{"elementId":"A-028","featureId":"a-028-e7c2947807","name":"Gopla River","kind":"water","kindLabel":"내륙 수자원 지물","sourceYear":"2026","recordIds":["bgd-v162-a-028-entity-01969"],"rowCount":1,"featureClass":"river","lengthKm":44.8575},"geometry":{"type":"Point","coordinates":[91.646575,24.409351]}},{"type":"Feature","id":"a-028-0d1157d829","properties":{"elementId":"A-028","featureId":"a-028-0d1157d829","name":"Gotia Canal","kind":"water","kindLabel":"내륙 수자원 지물","sourceYear":"2026","recordIds":["bgd-v162-a-028-entity-00841"],"rowCount":1,"featureClass":"canal","lengthKm":9.1928},"geometry":{"type":"Point","coordinates":[91.443379,23.084323]}},{"type":"Feature","id":"a-028-ce2cfb368f","properties":{"elementId":"A-028","featureId":"a-028-ce2cfb368f","name":"Govt.Girls College Road Drain","kind":"water","kindLabel":"내륙 수자원 지물","sourceYear":"2026","recordIds":["bgd-v162-a-028-entity-00482"],"rowCount":1,"featureClass":"drain","lengthKm":0.1715},"geometry":{"type":"Point","coordinates":[89.075299,22.708846]}},{"type":"Feature","id":"a-028-88e686a27d","properties":{"elementId":"A-028","featureId":"a-028-88e686a27d","name":"Gowain","kind":"water","kindLabel":"내륙 수자원 지물","sourceYear":"2026","recordIds":["bgd-v162-a-028-entity-01947"],"rowCount":1,"featureClass":"river","lengthKm":15.2466},"geometry":{"type":"Point","coordinates":[91.800821,24.949296]}},{"type":"Feature","id":"a-028-77d4021a5b","properties":{"elementId":"A-028","featureId":"a-028-77d4021a5b","name":"Gowain","kind":"water","kindLabel":"내륙 수자원 지물","sourceYear":"2026","recordIds":["bgd-v162-a-028-entity-01982"],"rowCount":1,"featureClass":"river","lengthKm":9.6925},"geometry":{"type":"Point","coordinates":[91.850617,24.990626]}},{"type":"Feature","id":"a-028-3911cdab04","properties":{"elementId":"A-028","featureId":"a-028-3911cdab04","name":"Gowain","kind":"water","kindLabel":"내륙 수자원 지물","sourceYear":"2026","recordIds":["bgd-v162-a-028-entity-01918"],"rowCount":1,"featureClass":"river","lengthKm":0.0163},"geometry":{"type":"Point","coordinates":[91.850703,24.99075]}},{"type":"Feature","id":"a-028-5f21fcb54a","properties":{"elementId":"A-028","featureId":"a-028-5f21fcb54a","name":"Gowain","kind":"water","kindLabel":"내륙 수자원 지물","sourceYear":"2026","recordIds":["bgd-v162-a-028-entity-01940"],"rowCount":1,"featureClass":"river","lengthKm":10.0789},"geometry":{"type":"Point","coordinates":[91.919737,25.018175]}},{"type":"Feature","id":"a-028-d35bde3b75","properties":{"elementId":"A-028","featureId":"a-028-d35bde3b75","name":"Gowain","kind":"water","kindLabel":"내륙 수자원 지물","sourceYear":"2026","recordIds":["bgd-v162-a-028-entity-01981"],"rowCount":1,"featureClass":"river","lengthKm":9.6441},"geometry":{"type":"Point","coordinates":[91.981147,25.088462]}},{"type":"Feature","id":"a-028-9db0ad6287","properties":{"elementId":"A-028","featureId":"a-028-9db0ad6287","name":"Gowain","kind":"water","kindLabel":"내륙 수자원 지물","sourceYear":"2026","recordIds":["bgd-v162-a-028-entity-01922"],"rowCount":1,"featureClass":"river","lengthKm":0.1298},"geometry":{"type":"Point","coordinates":[91.981224,25.089627]}},{"type":"Feature","id":"a-028-8eb821882b","properties":{"elementId":"A-028","featureId":"a-028-8eb821882b","name":"Gowain","kind":"water","kindLabel":"내륙 수자원 지물","sourceYear":"2026","recordIds":["bgd-v162-a-028-entity-01980"],"rowCount":1,"featureClass":"river","lengthKm":9.6082},"geometry":{"type":"Point","coordinates":[92.028506,25.121915]}},{"type":"Feature","id":"a-028-88c253dd36","properties":{"elementId":"A-028","featureId":"a-028-88c253dd36","name":"Gucchogram o block Canel","kind":"water","kindLabel":"내륙 수자원 지물","sourceYear":"2026","recordIds":["bgd-v162-a-028-entity-01415"],"rowCount":1,"featureClass":"canal","lengthKm":1.3706},"geometry":{"type":"Point","coordinates":[90.507919,22.187929]}},{"type":"Feature","id":"a-028-12fd087cb2","properties":{"elementId":"A-028","featureId":"a-028-12fd087cb2","name":"Guiya Chara","kind":"water","kindLabel":"내륙 수자원 지물","sourceYear":"2026","recordIds":["bgd-v162-a-028-entity-00991"],"rowCount":1,"featureClass":"stream","lengthKm":2.2319},"geometry":{"type":"Point","coordinates":[92.080112,21.682157]}},{"type":"Feature","id":"a-028-9379204604","properties":{"elementId":"A-028","featureId":"a-028-9379204604","name":"Guliarpara - Nohorapara Canal","kind":"water","kindLabel":"내륙 수자원 지물","sourceYear":"2026","recordIds":["bgd-v162-a-028-entity-01799"],"rowCount":1,"featureClass":"canal","lengthKm":4.315},"geometry":{"type":"Point","coordinates":[89.219223,24.859978]}},{"type":"Feature","id":"a-028-7ef59a2d29","properties":{"elementId":"A-028","featureId":"a-028-7ef59a2d29","name":"Guliarpara - Nohorapara Canal","kind":"water","kindLabel":"내륙 수자원 지물","sourceYear":"2026","recordIds":["bgd-v162-a-028-entity-01767"],"rowCount":1,"featureClass":"canal","lengthKm":0.0076},"geometry":{"type":"Point","coordinates":[89.219281,24.860022]}},{"type":"Feature","id":"a-028-d9bfc55163","properties":{"elementId":"A-028","featureId":"a-028-d9bfc55163","name":"Guliarpara - Nohorapara Canal","kind":"water","kindLabel":"내륙 수자원 지물","sourceYear":"2026","recordIds":["bgd-v162-a-028-entity-01789"],"rowCount":1,"featureClass":"canal","lengthKm":1.7288},"geometry":{"type":"Point","coordinates":[89.225426,24.869171]}},{"type":"Feature","id":"a-028-a4f7351baf","properties":{"elementId":"A-028","featureId":"a-028-a4f7351baf","name":"Guliarpara - Nohorapara Canal","kind":"water","kindLabel":"내륙 수자원 지물","sourceYear":"2026","recordIds":["bgd-v162-a-028-entity-01768"],"rowCount":1,"featureClass":"canal","lengthKm":0.0116},"geometry":{"type":"Point","coordinates":[89.225481,24.869262]}},{"type":"Feature","id":"a-028-818a30ba3e","properties":{"elementId":"A-028","featureId":"a-028-818a30ba3e","name":"Guliarpara - Nohorapara Canal","kind":"water","kindLabel":"내륙 수자원 지물","sourceYear":"2026","recordIds":["bgd-v162-a-028-entity-01792"],"rowCount":1,"featureClass":"canal","lengthKm":2.069},"geometry":{"type":"Point","coordinates":[89.234483,24.881499]}},{"type":"Feature","id":"a-028-911b41084d","properties":{"elementId":"A-028","featureId":"a-028-911b41084d","name":"Gulir Canal","kind":"water","kindLabel":"내륙 수자원 지물","sourceYear":"2026","recordIds":["bgd-v162-a-028-entity-01371"],"rowCount":1,"featureClass":"canal","lengthKm":0.808},"geometry":{"type":"Point","coordinates":[90.50881,22.212641]}},{"type":"Feature","id":"a-028-ce14236473","properties":{"elementId":"A-028","featureId":"a-028-ce14236473","name":"Gulir Canal","kind":"water","kindLabel":"내륙 수자원 지물","sourceYear":"2026","recordIds":["bgd-v162-a-028-entity-01370"],"rowCount":1,"featureClass":"canal","lengthKm":0.7802},"geometry":{"type":"Point","coordinates":[90.510789,22.201745]}},{"type":"Feature","id":"a-028-f3e86ffbf5","properties":{"elementId":"A-028","featureId":"a-028-f3e86ffbf5","name":"Gulir Canal","kind":"water","kindLabel":"내륙 수자원 지물","sourceYear":"2026","recordIds":["bgd-v162-a-028-entity-01378"],"rowCount":1,"featureClass":"canal","lengthKm":0.87},"geometry":{"type":"Point","coordinates":[90.53325,22.233771]}},{"type":"Feature","id":"a-028-f523d8dbe7","properties":{"elementId":"A-028","featureId":"a-028-f523d8dbe7","name":"Gulishakhali","kind":"water","kindLabel":"내륙 수자원 지물","sourceYear":"2026","recordIds":["bgd-v162-a-028-entity-01547"],"rowCount":1,"featureClass":"river","lengthKm":2.6419},"geometry":{"type":"Point","coordinates":[90.260524,22.353348]}},{"type":"Feature","id":"a-028-7b1958bb0e","properties":{"elementId":"A-028","featureId":"a-028-7b1958bb0e","name":"Gulishakhali","kind":"water","kindLabel":"내륙 수자원 지물","sourceYear":"2026","recordIds":["bgd-v162-a-028-entity-01565"],"rowCount":1,"featureClass":"river","lengthKm":7.3443},"geometry":{"type":"Point","coordinates":[90.280154,22.345991]}},{"type":"Feature","id":"a-028-d6cb427029","properties":{"elementId":"A-028","featureId":"a-028-d6cb427029","name":"Gulishakhali","kind":"water","kindLabel":"내륙 수자원 지물","sourceYear":"2026","recordIds":["bgd-v162-a-028-entity-01525"],"rowCount":1,"featureClass":"river","lengthKm":0.0105},"geometry":{"type":"Point","coordinates":[90.2802,22.346076]}},{"type":"Feature","id":"a-028-f63bed700a","properties":{"elementId":"A-028","featureId":"a-028-f63bed700a","name":"Gulishakhali Canal","kind":"water","kindLabel":"내륙 수자원 지물","sourceYear":"2026","recordIds":["bgd-v162-a-028-entity-01425"],"rowCount":1,"featureClass":"canal","lengthKm":1.5758},"geometry":{"type":"Point","coordinates":[90.039639,22.187849]}},{"type":"Feature","id":"a-028-4830307a22","properties":{"elementId":"A-028","featureId":"a-028-4830307a22","name":"Gumani River","kind":"water","kindLabel":"내륙 수자원 지물","sourceYear":"2026","recordIds":["bgd-v162-a-028-entity-01826"],"rowCount":1,"featureClass":"river","lengthKm":12.4504},"geometry":{"type":"Point","coordinates":[88.600091,24.462441]}},{"type":"Feature","id":"a-028-48abc594e4","properties":{"elementId":"A-028","featureId":"a-028-48abc594e4","name":"Gumani River","kind":"water","kindLabel":"내륙 수자원 지물","sourceYear":"2026","recordIds":["bgd-v162-a-028-entity-01827"],"rowCount":1,"featureClass":"river","lengthKm":12.835},"geometry":{"type":"Point","coordinates":[88.651127,24.497174]}},{"type":"Feature","id":"a-028-2b4de08cd1","properties":{"elementId":"A-028","featureId":"a-028-2b4de08cd1","name":"Gumani River","kind":"water","kindLabel":"내륙 수자원 지물","sourceYear":"2026","recordIds":["bgd-v162-a-028-entity-01831"],"rowCount":1,"featureClass":"river","lengthKm":15.36},"geometry":{"type":"Point","coordinates":[88.744989,24.527926]}},{"type":"Feature","id":"a-028-14b12ea0cc","properties":{"elementId":"A-028","featureId":"a-028-14b12ea0cc","name":"Gumani River","kind":"water","kindLabel":"내륙 수자원 지물","sourceYear":"2026","recordIds":["bgd-v162-a-028-entity-01817"],"rowCount":1,"featureClass":"river","lengthKm":1.5182},"geometry":{"type":"Point","coordinates":[88.848814,24.518204]}},{"type":"Feature","id":"a-028-c0649837ef","properties":{"elementId":"A-028","featureId":"a-028-c0649837ef","name":"Gumani River","kind":"water","kindLabel":"내륙 수자원 지물","sourceYear":"2026","recordIds":["bgd-v162-a-028-entity-01858"],"rowCount":1,"featureClass":"river","lengthKm":33.0823},"geometry":{"type":"Point","coordinates":[88.86213,24.517381]}},{"type":"Feature","id":"a-028-350ba332ea","properties":{"elementId":"A-028","featureId":"a-028-350ba332ea","name":"Gumani River","kind":"water","kindLabel":"내륙 수자원 지물","sourceYear":"2026","recordIds":["bgd-v162-a-028-entity-01866"],"rowCount":1,"featureClass":"river","lengthKm":5.3852},"geometry":{"type":"Point","coordinates":[89.090556,24.492648]}},{"type":"Feature","id":"a-028-3ae4d2a78e","properties":{"elementId":"A-028","featureId":"a-028-3ae4d2a78e","name":"Gumani River","kind":"water","kindLabel":"내륙 수자원 지물","sourceYear":"2026","recordIds":["bgd-v162-a-028-entity-01821"],"rowCount":1,"featureClass":"river","lengthKm":11.4522},"geometry":{"type":"Point","coordinates":[89.132901,24.484353]}},{"type":"Feature","id":"a-028-f5a3400c3d","properties":{"elementId":"A-028","featureId":"a-028-f5a3400c3d","name":"Gumani River","kind":"water","kindLabel":"내륙 수자원 지물","sourceYear":"2026","recordIds":["bgd-v162-a-028-entity-01809"],"rowCount":1,"featureClass":"river","lengthKm":0.012},"geometry":{"type":"Point","coordinates":[89.132932,24.484457]}},{"type":"Feature","id":"a-028-677e0b753d","properties":{"elementId":"A-028","featureId":"a-028-677e0b753d","name":"Gumra Nadi","kind":"water","kindLabel":"내륙 수자원 지물","sourceYear":"2026","recordIds":["bgd-v162-a-028-entity-02012"],"rowCount":1,"featureClass":"river","lengthKm":10.789},"geometry":{"type":"Point","coordinates":[92.522661,24.980782]}},{"type":"Feature","id":"a-028-f65aba521f","properties":{"elementId":"A-028","featureId":"a-028-f65aba521f","name":"Guptakhali Khal","kind":"water","kindLabel":"내륙 수자원 지물","sourceYear":"2026","recordIds":["bgd-v162-a-028-entity-00831"],"rowCount":1,"featureClass":"canal","lengthKm":3.165},"geometry":{"type":"Point","coordinates":[91.65906,22.58712]}},{"type":"Feature","id":"a-028-c0b05c8166","properties":{"elementId":"A-028","featureId":"a-028-c0b05c8166","name":"Gurur Pukur Er Drain","kind":"water","kindLabel":"내륙 수자원 지물","sourceYear":"2026","recordIds":["bgd-v162-a-028-entity-00341"],"rowCount":1,"featureClass":"drain","lengthKm":0.0136},"geometry":{"type":"Point","coordinates":[89.079964,22.721774]}},{"type":"Feature","id":"a-028-2f526acfed","properties":{"elementId":"A-028","featureId":"a-028-2f526acfed","name":"HOLER BAZAR KHAL","kind":"water","kindLabel":"내륙 수자원 지물","sourceYear":"2026","recordIds":["bgd-v162-a-028-entity-01186"],"rowCount":1,"featureClass":"river","lengthKm":4.5427},"geometry":{"type":"Point","coordinates":[90.173448,23.60673]}},{"type":"Feature","id":"a-028-9bbf749b7d","properties":{"elementId":"A-028","featureId":"a-028-9bbf749b7d","name":"Habibur Rahman Road Drain","kind":"water","kindLabel":"내륙 수자원 지물","sourceYear":"2026","recordIds":["bgd-v162-a-028-entity-00473"],"rowCount":1,"featureClass":"drain","lengthKm":0.1537},"geometry":{"type":"Point","coordinates":[89.070217,22.710333]}},{"type":"Feature","id":"a-028-d586ad9f8c","properties":{"elementId":"A-028","featureId":"a-028-d586ad9f8c","name":"Haji industrail drain","kind":"water","kindLabel":"내륙 수자원 지물","sourceYear":"2026","recordIds":["bgd-v162-a-028-entity-01590"],"rowCount":1,"featureClass":"drain","lengthKm":0.1326},"geometry":{"type":"Point","coordinates":[89.962956,24.917002]}},{"type":"Feature","id":"a-028-12bb8419e9","properties":{"elementId":"A-028","featureId":"a-028-12bb8419e9","name":"Hakka+ jintola canal","kind":"water","kindLabel":"내륙 수자원 지물","sourceYear":"2026","recordIds":["bgd-v162-a-028-entity-01340"],"rowCount":1,"featureClass":"canal","lengthKm":0.5361},"geometry":{"type":"Point","coordinates":[90.017013,22.031176]}},{"type":"Feature","id":"a-028-94a38f21f4","properties":{"elementId":"A-028","featureId":"a-028-94a38f21f4","name":"Halda River","kind":"water","kindLabel":"내륙 수자원 지물","sourceYear":"2026","recordIds":["bgd-v162-a-028-entity-00908"],"rowCount":1,"featureClass":"river","lengthKm":2.0507},"geometry":{"type":"Point","coordinates":[91.760451,22.701556]}},{"type":"Feature","id":"a-028-0db703f375","properties":{"elementId":"A-028","featureId":"a-028-0db703f375","name":"Halda River","kind":"water","kindLabel":"내륙 수자원 지물","sourceYear":"2026","recordIds":["bgd-v162-a-028-entity-00881"],"rowCount":1,"featureClass":"river","lengthKm":10.2248},"geometry":{"type":"Point","coordinates":[91.76379,22.686159]}},{"type":"Feature","id":"a-028-b4ac8773cc","properties":{"elementId":"A-028","featureId":"a-028-b4ac8773cc","name":"Halda river","kind":"water","kindLabel":"내륙 수자원 지물","sourceYear":"2026","recordIds":["bgd-v162-a-028-entity-00912"],"rowCount":1,"featureClass":"river","lengthKm":2.8427},"geometry":{"type":"Point","coordinates":[91.791645,22.647915]}},{"type":"Feature","id":"a-028-b39b9aecfa","properties":{"elementId":"A-028","featureId":"a-028-b39b9aecfa","name":"Halda river","kind":"water","kindLabel":"내륙 수자원 지물","sourceYear":"2026","recordIds":["bgd-v162-a-028-entity-00850"],"rowCount":1,"featureClass":"river","lengthKm":0.0889},"geometry":{"type":"Point","coordinates":[91.7973,22.627477]}},{"type":"Feature","id":"a-028-015f44adc5","properties":{"elementId":"A-028","featureId":"a-028-015f44adc5","name":"Halhaliya river","kind":"water","kindLabel":"내륙 수자원 지물","sourceYear":"2026","recordIds":["bgd-v162-a-028-entity-01709"],"rowCount":1,"featureClass":"river","lengthKm":2.144},"geometry":{"type":"Point","coordinates":[89.81596,25.633638]}},{"type":"Feature","id":"a-028-b98a845abb","properties":{"elementId":"A-028","featureId":"a-028-b98a845abb","name":"Halhaliya river","kind":"water","kindLabel":"내륙 수자원 지물","sourceYear":"2026","recordIds":["bgd-v162-a-028-entity-01743"],"rowCount":1,"featureClass":"river","lengthKm":6.5059},"geometry":{"type":"Point","coordinates":[89.82748,25.679987]}},{"type":"Feature","id":"a-028-8b292e583e","properties":{"elementId":"A-028","featureId":"a-028-8b292e583e","name":"Halir Haor","kind":"water","kindLabel":"내륙 수자원 지물","sourceYear":"2026","recordIds":["bgd-v162-a-028-entity-01891"],"rowCount":1,"featureClass":"canal","lengthKm":0.1469},"geometry":{"type":"Point","coordinates":[91.136438,25.034738]}},{"type":"Feature","id":"a-028-691833bd03","properties":{"elementId":"A-028","featureId":"a-028-691833bd03","name":"Hanigram Londoni Bari","kind":"natural","kindLabel":"기타 자연지형지물","sourceYear":"2026","recordIds":["bgd-v162-a-028-entity-00134"],"rowCount":1,"featureClass":"tree"},"geometry":{"type":"Point","coordinates":[92.445889,24.926582]}},{"type":"Feature","id":"a-028-9cb8829139","properties":{"elementId":"A-028","featureId":"a-028-9cb8829139","name":"Haora","kind":"water","kindLabel":"내륙 수자원 지물","sourceYear":"2026","recordIds":["bgd-v162-a-028-entity-00867"],"rowCount":1,"featureClass":"river","lengthKm":0.6507},"geometry":{"type":"Point","coordinates":[91.160762,23.843028]}},{"type":"Feature","id":"a-028-2e45c7b63b","properties":{"elementId":"A-028","featureId":"a-028-2e45c7b63b","name":"Haora","kind":"water","kindLabel":"내륙 수자원 지물","sourceYear":"2026","recordIds":["bgd-v162-a-028-entity-00891"],"rowCount":1,"featureClass":"river","lengthKm":12.9159},"geometry":{"type":"Point","coordinates":[91.232994,23.821429]}},{"type":"Feature","id":"a-028-7e0bea0e75","properties":{"elementId":"A-028","featureId":"a-028-7e0bea0e75","name":"Haora","kind":"water","kindLabel":"내륙 수자원 지물","sourceYear":"2026","recordIds":["bgd-v162-a-028-entity-02036"],"rowCount":1,"featureClass":"river","lengthKm":2.9623},"geometry":{"type":"Point","coordinates":[91.259575,23.826758]}},{"type":"Feature","id":"a-028-ce1cb90905","properties":{"elementId":"A-028","featureId":"a-028-ce1cb90905","name":"Hari Khali Paschimpara Road Drain","kind":"water","kindLabel":"내륙 수자원 지물","sourceYear":"2026","recordIds":["bgd-v162-a-028-entity-00559"],"rowCount":1,"featureClass":"drain","lengthKm":0.4882},"geometry":{"type":"Point","coordinates":[89.780619,22.6722]}},{"type":"Feature","id":"a-028-0e56116c73","properties":{"elementId":"A-028","featureId":"a-028-0e56116c73","name":"Hari River","kind":"water","kindLabel":"내륙 수자원 지물","sourceYear":"2026","recordIds":["bgd-v162-a-028-entity-01972"],"rowCount":1,"featureClass":"river","lengthKm":5.4632},"geometry":{"type":"Point","coordinates":[92.116923,25.093787]}},{"type":"Feature","id":"a-028-ed7efa8932","properties":{"elementId":"A-028","featureId":"a-028-ed7efa8932","name":"Hari River","kind":"water","kindLabel":"내륙 수자원 지물","sourceYear":"2026","recordIds":["bgd-v162-a-028-entity-01925"],"rowCount":1,"featureClass":"river","lengthKm":0.2359},"geometry":{"type":"Point","coordinates":[92.118632,25.092336]}},{"type":"Feature","id":"a-028-d66eae4fe2","properties":{"elementId":"A-028","featureId":"a-028-d66eae4fe2","name":"Haridra Khali Khal","kind":"water","kindLabel":"내륙 수자원 지물","sourceYear":"2026","recordIds":["bgd-v162-a-028-entity-01452"],"rowCount":1,"featureClass":"canal","lengthKm":2.1399},"geometry":{"type":"Point","coordinates":[90.439603,22.012521]}},{"type":"Feature","id":"a-028-cfa7051d8b","properties":{"elementId":"A-028","featureId":"a-028-cfa7051d8b","name":"Harikhali Road Drain","kind":"water","kindLabel":"내륙 수자원 지물","sourceYear":"2026","recordIds":["bgd-v162-a-028-entity-00359"],"rowCount":1,"featureClass":"drain","lengthKm":0.0377},"geometry":{"type":"Point","coordinates":[89.783265,22.672248]}},{"type":"Feature","id":"a-028-59bd09cc4f","properties":{"elementId":"A-028","featureId":"a-028-59bd09cc4f","name":"Harikhali Road Drain","kind":"water","kindLabel":"내륙 수자원 지물","sourceYear":"2026","recordIds":["bgd-v162-a-028-entity-00438"],"rowCount":1,"featureClass":"drain","lengthKm":0.1105},"geometry":{"type":"Point","coordinates":[89.783706,22.670464]}},{"type":"Feature","id":"a-028-da2f2a8002","properties":{"elementId":"A-028","featureId":"a-028-da2f2a8002","name":"Harikhali Road Drain","kind":"water","kindLabel":"내륙 수자원 지물","sourceYear":"2026","recordIds":["bgd-v162-a-028-entity-00453"],"rowCount":1,"featureClass":"drain","lengthKm":0.1315},"geometry":{"type":"Point","coordinates":[89.783797,22.672258]}},{"type":"Feature","id":"a-028-4302faf7a9","properties":{"elementId":"A-028","featureId":"a-028-4302faf7a9","name":"Harikhali Road Drain","kind":"water","kindLabel":"내륙 수자원 지물","sourceYear":"2026","recordIds":["bgd-v162-a-028-entity-00492","bgd-v162-a-028-entity-00548"],"rowCount":2,"featureClass":"drain"},"geometry":{"type":"Point","coordinates":[89.784089,22.672285]}},{"type":"Feature","id":"a-028-a03895a7ec","properties":{"elementId":"A-028","featureId":"a-028-a03895a7ec","name":"Harikhali Road Drain","kind":"water","kindLabel":"내륙 수자원 지물","sourceYear":"2026","recordIds":["bgd-v162-a-028-entity-00560"],"rowCount":1,"featureClass":"drain","lengthKm":0.4885},"geometry":{"type":"Point","coordinates":[89.789134,22.669159]}},{"type":"Feature","id":"a-028-dae54db2aa","properties":{"elementId":"A-028","featureId":"a-028-dae54db2aa","name":"Harikhali Road Drain","kind":"water","kindLabel":"내륙 수자원 지물","sourceYear":"2026","recordIds":["bgd-v162-a-028-entity-00541"],"rowCount":1,"featureClass":"drain","lengthKm":0.3396},"geometry":{"type":"Point","coordinates":[89.789134,22.669275]}},{"type":"Feature","id":"a-028-717ea34aa4","properties":{"elementId":"A-028","featureId":"a-028-717ea34aa4","name":"Hatishala","kind":"water","kindLabel":"내륙 수자원 지물","sourceYear":"2026","recordIds":["bgd-v162-a-028-entity-00607"],"rowCount":1,"featureClass":"river","lengthKm":0.8502},"geometry":{"type":"Point","coordinates":[88.757174,24.058114]}},{"type":"Feature","id":"a-028-68258488a2","properties":{"elementId":"A-028","featureId":"a-028-68258488a2","name":"Hayatkhali River","kind":"water","kindLabel":"내륙 수자원 지물","sourceYear":"2026","recordIds":["bgd-v162-a-028-entity-00665"],"rowCount":1,"featureClass":"river","lengthKm":3.5396},"geometry":{"type":"Point","coordinates":[89.284853,22.391299]}},{"type":"Feature","id":"a-028-9e3ad16568","properties":{"elementId":"A-028","featureId":"a-028-9e3ad16568","name":"Hazatkhali Vanga cannal","kind":"water","kindLabel":"내륙 수자원 지물","sourceYear":"2026","recordIds":["bgd-v162-a-028-entity-00223"],"rowCount":1,"featureClass":"canal","lengthKm":1.2482},"geometry":{"type":"Point","coordinates":[89.288206,22.288411]}},{"type":"Feature","id":"a-028-1e0c33bdb1","properties":{"elementId":"A-028","featureId":"a-028-1e0c33bdb1","name":"Hoja River","kind":"water","kindLabel":"내륙 수자원 지물","sourceYear":"2026","recordIds":["bgd-v162-a-028-entity-01853"],"rowCount":1,"featureClass":"river","lengthKm":3.9331},"geometry":{"type":"Point","coordinates":[88.845158,24.342954]}},{"type":"Feature","id":"a-028-001cf9fc93","properties":{"elementId":"A-028","featureId":"a-028-001cf9fc93","name":"Hoja River","kind":"water","kindLabel":"내륙 수자원 지물","sourceYear":"2026","recordIds":["bgd-v162-a-028-entity-01811"],"rowCount":1,"featureClass":"river","lengthKm":0.1544},"geometry":{"type":"Point","coordinates":[88.847094,24.345468]}},{"type":"Feature","id":"a-028-661362ecc9","properties":{"elementId":"A-028","featureId":"a-028-661362ecc9","name":"Hoja River","kind":"water","kindLabel":"내륙 수자원 지물","sourceYear":"2026","recordIds":["bgd-v162-a-028-entity-01839"],"rowCount":1,"featureClass":"river","lengthKm":21.7435},"geometry":{"type":"Point","coordinates":[88.956679,24.454527]}},{"type":"Feature","id":"a-028-5e2b7cccba","properties":{"elementId":"A-028","featureId":"a-028-5e2b7cccba","name":"Hoja River","kind":"water","kindLabel":"내륙 수자원 지물","sourceYear":"2026","recordIds":["bgd-v162-a-028-entity-01861"],"rowCount":1,"featureClass":"river","lengthKm":4.4676},"geometry":{"type":"Point","coordinates":[88.958347,24.454136]}},{"type":"Feature","id":"a-028-89502b268b","properties":{"elementId":"A-028","featureId":"a-028-89502b268b","name":"Hoja River","kind":"water","kindLabel":"내륙 수자원 지물","sourceYear":"2026","recordIds":["bgd-v162-a-028-entity-01869"],"rowCount":1,"featureClass":"river","lengthKm":5.8877},"geometry":{"type":"Point","coordinates":[88.989453,24.48231]}},{"type":"Feature","id":"a-028-675df825b8","properties":{"elementId":"A-028","featureId":"a-028-675df825b8","name":"Hoja River","kind":"water","kindLabel":"내륙 수자원 지물","sourceYear":"2026","recordIds":["bgd-v162-a-028-entity-01814"],"rowCount":1,"featureClass":"river","lengthKm":1.1082},"geometry":{"type":"Point","coordinates":[89.000862,24.448044]}},{"type":"Feature","id":"a-028-841ef521ad","properties":{"elementId":"A-028","featureId":"a-028-841ef521ad","name":"Hoja River","kind":"water","kindLabel":"내륙 수자원 지물","sourceYear":"2026","recordIds":["bgd-v162-a-028-entity-01835"],"rowCount":1,"featureClass":"river","lengthKm":19.842},"geometry":{"type":"Point","coordinates":[89.009132,24.449049]}},{"type":"Feature","id":"a-028-d5c3df3e29","properties":{"elementId":"A-028","featureId":"a-028-d5c3df3e29","name":"Holta River","kind":"water","kindLabel":"내륙 수자원 지물","sourceYear":"2026","recordIds":["bgd-v162-a-028-entity-01536"],"rowCount":1,"featureClass":"river","lengthKm":1.7017},"geometry":{"type":"Point","coordinates":[90.001524,22.191667]}},{"type":"Feature","id":"a-028-3a20d87c88","properties":{"elementId":"A-028","featureId":"a-028-3a20d87c88","name":"Horin Khana Drain","kind":"water","kindLabel":"내륙 수자원 지물","sourceYear":"2026","recordIds":["bgd-v162-a-028-entity-00448"],"rowCount":1,"featureClass":"drain","lengthKm":0.1217},"geometry":{"type":"Point","coordinates":[89.782256,22.663942]}},{"type":"Feature","id":"a-028-a9035c053a","properties":{"elementId":"A-028","featureId":"a-028-a9035c053a","name":"Hotashar Chottor","kind":"natural","kindLabel":"기타 자연지형지물","sourceYear":"2026","recordIds":["bgd-v162-a-028-entity-00073"],"rowCount":1,"featureClass":"tree"},"geometry":{"type":"Point","coordinates":[91.721414,22.493794]}},{"type":"Feature","id":"a-028-365f60fd18","properties":{"elementId":"A-028","featureId":"a-028-365f60fd18","name":"Hura Sagor","kind":"water","kindLabel":"내륙 수자원 지물","sourceYear":"2026","recordIds":["bgd-v162-a-028-entity-01774"],"rowCount":1,"featureClass":"canal","lengthKm":0.071},"geometry":{"type":"Point","coordinates":[89.707509,24.400684]}},{"type":"Feature","id":"a-028-92779ee229","properties":{"elementId":"A-028","featureId":"a-028-92779ee229","name":"IMS lake","kind":"water","kindLabel":"내륙 수자원 지물","sourceYear":"2026","recordIds":["bgd-v162-a-028-entity-00770"],"rowCount":1,"featureClass":"canal","lengthKm":0.2232},"geometry":{"type":"Point","coordinates":[91.778865,22.469999]}},{"type":"Feature","id":"a-028-57c2a274b6","properties":{"elementId":"A-028","featureId":"a-028-57c2a274b6","name":"IRRI Scim Canel","kind":"water","kindLabel":"내륙 수자원 지물","sourceYear":"2026","recordIds":["bgd-v162-a-028-entity-00830"],"rowCount":1,"featureClass":"canal","lengthKm":3.0299},"geometry":{"type":"Point","coordinates":[90.920228,23.663302]}},{"type":"Feature","id":"a-028-4a8a14f7a7","properties":{"elementId":"A-028","featureId":"a-028-4a8a14f7a7","name":"Ichamati","kind":"water","kindLabel":"내륙 수자원 지물","sourceYear":"2026","recordIds":["bgd-v162-a-028-entity-02049"],"rowCount":1,"featureClass":"river","lengthKm":26.6394},"geometry":{"type":"Point","coordinates":[88.710146,23.404604]}},{"type":"Feature","id":"a-028-5d8953f5a0","properties":{"elementId":"A-028","featureId":"a-028-5d8953f5a0","name":"Ichamati","kind":"water","kindLabel":"내륙 수자원 지물","sourceYear":"2026","recordIds":["bgd-v162-a-028-entity-00679"],"rowCount":1,"featureClass":"river","lengthKm":4.4332},"geometry":{"type":"Point","coordinates":[88.71189,23.28507]}},{"type":"Feature","id":"a-028-11695b1fe6","properties":{"elementId":"A-028","featureId":"a-028-11695b1fe6","name":"Ichamati","kind":"water","kindLabel":"내륙 수자원 지물","sourceYear":"2026","recordIds":["bgd-v162-a-028-entity-00687"],"rowCount":1,"featureClass":"river","lengthKm":49.1895},"geometry":{"type":"Point","coordinates":[88.719413,23.254753]}},{"type":"Feature","id":"a-028-6f06d3bf5f","properties":{"elementId":"A-028","featureId":"a-028-6f06d3bf5f","name":"Ichamati","kind":"water","kindLabel":"내륙 수자원 지물","sourceYear":"2026","recordIds":["bgd-v162-a-028-entity-02037"],"rowCount":1,"featureClass":"river","lengthKm":20.3343},"geometry":{"type":"Point","coordinates":[88.734877,23.336601]}},{"type":"Feature","id":"a-028-0b0fbf3ca8","properties":{"elementId":"A-028","featureId":"a-028-0b0fbf3ca8","name":"Ichamati","kind":"water","kindLabel":"내륙 수자원 지물","sourceYear":"2026","recordIds":["bgd-v162-a-028-entity-02091"],"rowCount":1,"featureClass":"river","lengthKm":7.8548},"geometry":{"type":"Point","coordinates":[88.830599,23.06105]}},{"type":"Feature","id":"a-028-1d90973be0","properties":{"elementId":"A-028","featureId":"a-028-1d90973be0","name":"Ichamati","kind":"water","kindLabel":"내륙 수자원 지물","sourceYear":"2026","recordIds":["bgd-v162-a-028-entity-02031"],"rowCount":1,"featureClass":"river","lengthKm":18.5901},"geometry":{"type":"Point","coordinates":[88.855789,23.006714]}},{"type":"Feature","id":"a-028-d5036a88d8","properties":{"elementId":"A-028","featureId":"a-028-d5036a88d8","name":"Ichamati","kind":"water","kindLabel":"내륙 수자원 지물","sourceYear":"2026","recordIds":["bgd-v162-a-028-entity-02055"],"rowCount":1,"featureClass":"river","lengthKm":3.5841},"geometry":{"type":"Point","coordinates":[88.875084,23.010074]}},{"type":"Feature","id":"a-028-510c0bc80e","properties":{"elementId":"A-028","featureId":"a-028-510c0bc80e","name":"Ichamati","kind":"water","kindLabel":"내륙 수자원 지물","sourceYear":"2026","recordIds":["bgd-v162-a-028-entity-02010"],"rowCount":1,"featureClass":"river","lengthKm":1.7528},"geometry":{"type":"Point","coordinates":[88.887087,22.934614]}},{"type":"Feature","id":"a-028-9d8ffa889e","properties":{"elementId":"A-028","featureId":"a-028-9d8ffa889e","name":"Ichamati","kind":"water","kindLabel":"내륙 수자원 지물","sourceYear":"2026","recordIds":["bgd-v162-a-028-entity-02074"],"rowCount":1,"featureClass":"river","lengthKm":49.4824},"geometry":{"type":"Point","coordinates":[88.898495,22.898424]}},{"type":"Feature","id":"a-028-b60865d487","properties":{"elementId":"A-028","featureId":"a-028-b60865d487","name":"Ichamati","kind":"water","kindLabel":"내륙 수자원 지물","sourceYear":"2026","recordIds":["bgd-v162-a-028-entity-02067"],"rowCount":1,"featureClass":"river","lengthKm":4.9672},"geometry":{"type":"Point","coordinates":[88.89864,22.925128]}},{"type":"Feature","id":"a-028-25c5a62afa","properties":{"elementId":"A-028","featureId":"a-028-25c5a62afa","name":"Ichamoti River","kind":"water","kindLabel":"내륙 수자원 지물","sourceYear":"2026","recordIds":["bgd-v162-a-028-entity-01847"],"rowCount":1,"featureClass":"river","lengthKm":3.0167},"geometry":{"type":"Point","coordinates":[89.461966,24.915046]}},{"type":"Feature","id":"a-028-4178a1c906","properties":{"elementId":"A-028","featureId":"a-028-4178a1c906","name":"Indoor Games Room (Girls)","kind":"natural","kindLabel":"기타 자연지형지물","sourceYear":"2026","recordIds":["bgd-v162-a-028-entity-00110"],"rowCount":1,"featureClass":"tree"},"geometry":{"type":"Point","coordinates":[90.402541,23.829337]}},{"type":"Feature","id":"a-028-5f21de90ed","properties":{"elementId":"A-028","featureId":"a-028-5f21de90ed","name":"Infront of Sub area","kind":"water","kindLabel":"내륙 수자원 지물","sourceYear":"2026","recordIds":["bgd-v162-a-028-entity-00842"],"rowCount":1,"featureClass":"drain","lengthKm":0.4026},"geometry":{"type":"Point","coordinates":[91.837707,22.344537]}},{"type":"Feature","id":"a-028-f8886aec55","properties":{"elementId":"A-028","featureId":"a-028-f8886aec55","name":"Isamathi River","kind":"water","kindLabel":"내륙 수자원 지물","sourceYear":"2026","recordIds":["bgd-v162-a-028-entity-00940"],"rowCount":1,"featureClass":"river","lengthKm":39.2578},"geometry":{"type":"Point","coordinates":[92.002739,22.687502]}},{"type":"Feature","id":"a-028-fac51702ea","properties":{"elementId":"A-028","featureId":"a-028-fac51702ea","name":"Ishakpur of western canal","kind":"water","kindLabel":"내륙 수자원 지물","sourceYear":"2026","recordIds":["bgd-v162-a-028-entity-01889"],"rowCount":1,"featureClass":"canal","lengthKm":0.0377},"geometry":{"type":"Point","coordinates":[91.209869,24.608474]}},{"type":"Feature","id":"a-028-b18281647f","properties":{"elementId":"A-028","featureId":"a-028-b18281647f","name":"Ishakpur of western canal","kind":"water","kindLabel":"내륙 수자원 지물","sourceYear":"2026","recordIds":["bgd-v162-a-028-entity-01886"],"rowCount":1,"featureClass":"canal","lengthKm":0.0161},"geometry":{"type":"Point","coordinates":[91.209897,24.608812]}},{"type":"Feature","id":"a-028-d1f262e93d","properties":{"elementId":"A-028","featureId":"a-028-d1f262e93d","name":"Ishakpur of western canal","kind":"water","kindLabel":"내륙 수자원 지물","sourceYear":"2026","recordIds":["bgd-v162-a-028-entity-01894"],"rowCount":1,"featureClass":"canal","lengthKm":0.3296},"geometry":{"type":"Point","coordinates":[91.209909,24.608956]}},{"type":"Feature","id":"a-028-690813145a","properties":{"elementId":"A-028","featureId":"a-028-690813145a","name":"Isu Mia Road Drainage","kind":"water","kindLabel":"내륙 수자원 지물","sourceYear":"2026","recordIds":["bgd-v162-a-028-entity-00525"],"rowCount":1,"featureClass":"drain","lengthKm":0.2592},"geometry":{"type":"Point","coordinates":[89.075041,22.712492]}},{"type":"Feature","id":"a-028-13228ec01c","properties":{"elementId":"A-028","featureId":"a-028-13228ec01c","name":"Isu Mia Road Drainage","kind":"water","kindLabel":"내륙 수자원 지물","sourceYear":"2026","recordIds":["bgd-v162-a-028-entity-00399"],"rowCount":1,"featureClass":"drain","lengthKm":0.0772},"geometry":{"type":"Point","coordinates":[89.076758,22.713518]}},{"type":"Feature","id":"a-028-410db37a6d","properties":{"elementId":"A-028","featureId":"a-028-410db37a6d","name":"Isu Mia Road Drainage","kind":"water","kindLabel":"내륙 수자원 지물","sourceYear":"2026","recordIds":["bgd-v162-a-028-entity-00297"],"rowCount":1,"featureClass":"drain","lengthKm":0.0028},"geometry":{"type":"Point","coordinates":[89.077463,22.713334]}},{"type":"Feature","id":"a-028-9f3dad4715","properties":{"elementId":"A-028","featureId":"a-028-9f3dad4715","name":"Isu Mia Road Drainage","kind":"water","kindLabel":"내륙 수자원 지물","sourceYear":"2026","recordIds":["bgd-v162-a-028-entity-00342"],"rowCount":1,"featureClass":"drain","lengthKm":0.014},"geometry":{"type":"Point","coordinates":[89.07749,22.71333]}},{"type":"Feature","id":"a-028-597a5fa3b2","properties":{"elementId":"A-028","featureId":"a-028-597a5fa3b2","name":"Isu Mia Road Drainage","kind":"water","kindLabel":"내륙 수자원 지물","sourceYear":"2026","recordIds":["bgd-v162-a-028-entity-00307"],"rowCount":1,"featureClass":"drain","lengthKm":0.0041},"geometry":{"type":"Point","coordinates":[89.077623,22.713333]}},{"type":"Feature","id":"a-028-1964d2135f","properties":{"elementId":"A-028","featureId":"a-028-1964d2135f","name":"Isu Mia Road Drainage","kind":"water","kindLabel":"내륙 수자원 지물","sourceYear":"2026","recordIds":["bgd-v162-a-028-entity-00513"],"rowCount":1,"featureClass":"drain","lengthKm":0.2233},"geometry":{"type":"Point","coordinates":[89.077659,22.71335]}},{"type":"Feature","id":"a-028-8187e1b927","properties":{"elementId":"A-028","featureId":"a-028-8187e1b927","name":"Isu Mia Road Drainage","kind":"water","kindLabel":"내륙 수자원 지물","sourceYear":"2026","recordIds":["bgd-v162-a-028-entity-00570"],"rowCount":1,"featureClass":"drain","lengthKm":0.6138},"geometry":{"type":"Point","coordinates":[89.083118,22.711865]}},{"type":"Feature","id":"a-028-24c73bc492","properties":{"elementId":"A-028","featureId":"a-028-24c73bc492","name":"Jaam Paar জাম পার","kind":"natural","kindLabel":"기타 자연지형지물","sourceYear":"2026","recordIds":["bgd-v162-a-028-entity-00078"],"rowCount":1,"featureClass":"tree"},"geometry":{"type":"Point","coordinates":[90.458028,23.527997]}},{"type":"Feature","id":"a-028-d9e469f82e","properties":{"elementId":"A-028","featureId":"a-028-d9e469f82e","name":"Jackfruit tree","kind":"natural","kindLabel":"기타 자연지형지물","sourceYear":"2026","recordIds":["bgd-v162-a-028-entity-00114"],"rowCount":1,"featureClass":"tree"},"geometry":{"type":"Point","coordinates":[90.29336,23.850348]}},{"type":"Feature","id":"a-028-c24b7a50cc","properties":{"elementId":"A-028","featureId":"a-028-c24b7a50cc","name":"Jadukata River","kind":"water","kindLabel":"내륙 수자원 지물","sourceYear":"2026","recordIds":["bgd-v162-a-028-entity-01957"],"rowCount":1,"featureClass":"river","lengthKm":2.6489},"geometry":{"type":"Point","coordinates":[91.253921,25.111704]}},{"type":"Feature","id":"a-028-e591f0752b","properties":{"elementId":"A-028","featureId":"a-028-e591f0752b","name":"Jahajmara Bill","kind":"water","kindLabel":"내륙 수자원 지물","sourceYear":"2026","recordIds":["bgd-v162-a-028-entity-01361"],"rowCount":1,"featureClass":"canal","lengthKm":0.7111},"geometry":{"type":"Point","coordinates":[90.343387,21.861608]}},{"type":"Feature","id":"a-028-9d268e0457","properties":{"elementId":"A-028","featureId":"a-028-9d268e0457","name":"Jahanabad School Road Drain","kind":"water","kindLabel":"내륙 수자원 지물","sourceYear":"2026","recordIds":["bgd-v162-a-028-entity-00424"],"rowCount":1,"featureClass":"drain","lengthKm":0.0946},"geometry":{"type":"Point","coordinates":[89.793579,22.657944]}},{"type":"Feature","id":"a-028-572f6f88d4","properties":{"elementId":"A-028","featureId":"a-028-572f6f88d4","name":"Jalangi","kind":"water","kindLabel":"내륙 수자원 지물","sourceYear":"2026","recordIds":["bgd-v162-a-028-entity-02052"],"rowCount":1,"featureClass":"river","lengthKm":273.0097},"geometry":{"type":"Point","coordinates":[88.395224,24.377277]}},{"type":"Feature","id":"a-028-4b292d3116","properties":{"elementId":"A-028","featureId":"a-028-4b292d3116","name":"Jaldhak Stream","kind":"water","kindLabel":"내륙 수자원 지물","sourceYear":"2026","recordIds":["bgd-v162-a-028-entity-02101"],"rowCount":1,"featureClass":"stream","lengthKm":9.5401},"geometry":{"type":"Point","coordinates":[89.263461,26.094155]}},{"type":"Feature","id":"a-028-56ceb78c79","properties":{"elementId":"A-028","featureId":"a-028-56ceb78c79","name":"Jaldhaka","kind":"water","kindLabel":"내륙 수자원 지물","sourceYear":"2026","recordIds":["bgd-v162-a-028-entity-02018"],"rowCount":1,"featureClass":"river","lengthKm":13.6605},"geometry":{"type":"Point","coordinates":[89.415085,26.070963]}},{"type":"Feature","id":"a-028-d01059e662","properties":{"elementId":"A-028","featureId":"a-028-d01059e662","name":"Jaldhaka","kind":"water","kindLabel":"내륙 수자원 지물","sourceYear":"2026","recordIds":["bgd-v162-a-028-entity-01724"],"rowCount":1,"featureClass":"river","lengthKm":31.4331},"geometry":{"type":"Point","coordinates":[89.476197,25.977606]}},{"type":"Feature","id":"a-028-ec4da17835","properties":{"elementId":"A-028","featureId":"a-028-ec4da17835","name":"Jamadar para Samudra Saukat, Jamadar para, Banshbaria, Chattogram","kind":"coastal","kindLabel":"해안 지물","sourceYear":"2026","recordIds":["bgd-v162-a-028-entity-00013"],"rowCount":1,"featureClass":"beach"},"geometry":{"type":"Point","coordinates":[91.678819,22.531452]}},{"type":"Feature","id":"a-028-eae2607d35","properties":{"elementId":"A-028","featureId":"a-028-eae2607d35","name":"Jamuneswari River","kind":"water","kindLabel":"내륙 수자원 지물","sourceYear":"2026","recordIds":["bgd-v162-a-028-entity-01708"],"rowCount":1,"featureClass":"river","lengthKm":2.0017},"geometry":{"type":"Point","coordinates":[89.058902,25.683298]}},{"type":"Feature","id":"a-028-b3e040f4c8","properties":{"elementId":"A-028","featureId":"a-028-b3e040f4c8","name":"Jamuneswari River","kind":"water","kindLabel":"내륙 수자원 지물","sourceYear":"2026","recordIds":["bgd-v162-a-028-entity-01741"],"rowCount":1,"featureClass":"river","lengthKm":5.311},"geometry":{"type":"Point","coordinates":[89.073843,25.723986]}},{"type":"Feature","id":"a-028-5dc5cbf8db","properties":{"elementId":"A-028","featureId":"a-028-5dc5cbf8db","name":"Janata Bazar canal","kind":"water","kindLabel":"내륙 수자원 지물","sourceYear":"2026","recordIds":["bgd-v162-a-028-entity-01424"],"rowCount":1,"featureClass":"canal","lengthKm":1.567},"geometry":{"type":"Point","coordinates":[90.604272,22.794424]}},{"type":"Feature","id":"a-028-05ee97cbf7","properties":{"elementId":"A-028","featureId":"a-028-05ee97cbf7","name":"Jangalia River","kind":"water","kindLabel":"내륙 수자원 지물","sourceYear":"2026","recordIds":["bgd-v162-a-028-entity-01551"],"rowCount":1,"featureClass":"river","lengthKm":20.8729},"geometry":{"type":"Point","coordinates":[90.11464,22.569266]}},{"type":"Feature","id":"a-028-9d4963995e","properties":{"elementId":"A-028","featureId":"a-028-9d4963995e","name":"Jhutitola Bazar Drain","kind":"water","kindLabel":"내륙 수자원 지물","sourceYear":"2026","recordIds":["bgd-v162-a-028-entity-00406"],"rowCount":1,"featureClass":"drain","lengthKm":0.0817},"geometry":{"type":"Point","coordinates":[89.086117,22.720258]}},{"type":"Feature","id":"a-028-26023b1f34","properties":{"elementId":"A-028","featureId":"a-028-26023b1f34","name":"Jinjiram River","kind":"water","kindLabel":"내륙 수자원 지물","sourceYear":"2026","recordIds":["bgd-v162-a-028-entity-02023"],"rowCount":1,"featureClass":"river","lengthKm":15.5174},"geometry":{"type":"Point","coordinates":[89.856409,25.529939]}},{"type":"Feature","id":"a-028-f6b682ecf4","properties":{"elementId":"A-028","featureId":"a-028-f6b682ecf4","name":"Jinjiram River","kind":"water","kindLabel":"내륙 수자원 지물","sourceYear":"2026","recordIds":["bgd-v162-a-028-entity-02003"],"rowCount":1,"featureClass":"river","lengthKm":0.0916},"geometry":{"type":"Point","coordinates":[89.857312,25.529815]}},{"type":"Feature","id":"a-028-01e28e1cd6","properties":{"elementId":"A-028","featureId":"a-028-01e28e1cd6","name":"Jiri","kind":"water","kindLabel":"내륙 수자원 지물","sourceYear":"2026","recordIds":["bgd-v162-a-028-entity-01000"],"rowCount":1,"featureClass":"stream","lengthKm":3.6377},"geometry":{"type":"Point","coordinates":[91.903696,21.630255]}},{"type":"Feature","id":"a-028-1934787e02","properties":{"elementId":"A-028","featureId":"a-028-1934787e02","name":"Jiri","kind":"water","kindLabel":"내륙 수자원 지물","sourceYear":"2026","recordIds":["bgd-v162-a-028-entity-00996"],"rowCount":1,"featureClass":"stream","lengthKm":3.347},"geometry":{"type":"Point","coordinates":[91.907682,21.614597]}},{"type":"Feature","id":"a-028-8093cd3d4a","properties":{"elementId":"A-028","featureId":"a-028-8093cd3d4a","name":"Jiri","kind":"water","kindLabel":"내륙 수자원 지물","sourceYear":"2026","recordIds":["bgd-v162-a-028-entity-00987"],"rowCount":1,"featureClass":"stream","lengthKm":1.1518},"geometry":{"type":"Point","coordinates":[91.917971,21.585428]}},{"type":"Feature","id":"a-028-5372e3693b","properties":{"elementId":"A-028","featureId":"a-028-5372e3693b","name":"Jiri","kind":"water","kindLabel":"내륙 수자원 지물","sourceYear":"2026","recordIds":["bgd-v162-a-028-entity-00994"],"rowCount":1,"featureClass":"stream","lengthKm":2.9192},"geometry":{"type":"Point","coordinates":[91.918472,21.593818]}},{"type":"Feature","id":"a-028-231ea4f8dd","properties":{"elementId":"A-028","featureId":"a-028-231ea4f8dd","name":"Jiri","kind":"water","kindLabel":"내륙 수자원 지물","sourceYear":"2026","recordIds":["bgd-v162-a-028-entity-00986"],"rowCount":1,"featureClass":"stream","lengthKm":0.8826},"geometry":{"type":"Point","coordinates":[91.918791,21.578675]}},{"type":"Feature","id":"a-028-242b582fae","properties":{"elementId":"A-028","featureId":"a-028-242b582fae","name":"Jiri","kind":"water","kindLabel":"내륙 수자원 지물","sourceYear":"2026","recordIds":["bgd-v162-a-028-entity-00979"],"rowCount":1,"featureClass":"stream","lengthKm":0.1328},"geometry":{"type":"Point","coordinates":[91.923108,21.587266]}},{"type":"Feature","id":"a-028-b9a2079b5e","properties":{"elementId":"A-028","featureId":"a-028-b9a2079b5e","name":"Jiri","kind":"water","kindLabel":"내륙 수자원 지물","sourceYear":"2026","recordIds":["bgd-v162-a-028-entity-00982"],"rowCount":1,"featureClass":"stream","lengthKm":0.6013},"geometry":{"type":"Point","coordinates":[91.924902,21.625697]}},{"type":"Feature","id":"a-028-2e56c202da","properties":{"elementId":"A-028","featureId":"a-028-2e56c202da","name":"Jiri","kind":"water","kindLabel":"내륙 수자원 지물","sourceYear":"2026","recordIds":["bgd-v162-a-028-entity-00995"],"rowCount":1,"featureClass":"stream","lengthKm":3.0262},"geometry":{"type":"Point","coordinates":[91.925226,21.632356]}},{"type":"Feature","id":"a-028-78694ae551","properties":{"elementId":"A-028","featureId":"a-028-78694ae551","name":"Jiri","kind":"water","kindLabel":"내륙 수자원 지물","sourceYear":"2026","recordIds":["bgd-v162-a-028-entity-00998"],"rowCount":1,"featureClass":"stream","lengthKm":3.4422},"geometry":{"type":"Point","coordinates":[91.925618,21.622684]}},{"type":"Feature","id":"a-028-150842c35b","properties":{"elementId":"A-028","featureId":"a-028-150842c35b","name":"Jiri","kind":"water","kindLabel":"내륙 수자원 지물","sourceYear":"2026","recordIds":["bgd-v162-a-028-entity-00985"],"rowCount":1,"featureClass":"stream","lengthKm":0.7931},"geometry":{"type":"Point","coordinates":[91.926116,21.620167]}},{"type":"Feature","id":"a-028-90f429ca05","properties":{"elementId":"A-028","featureId":"a-028-90f429ca05","name":"Jiri","kind":"water","kindLabel":"내륙 수자원 지물","sourceYear":"2026","recordIds":["bgd-v162-a-028-entity-00984"],"rowCount":1,"featureClass":"stream","lengthKm":0.7246},"geometry":{"type":"Point","coordinates":[91.935826,21.643459]}},{"type":"Feature","id":"a-028-ce9f75fe49","properties":{"elementId":"A-028","featureId":"a-028-ce9f75fe49","name":"Jiri_1","kind":"water","kindLabel":"내륙 수자원 지물","sourceYear":"2026","recordIds":["bgd-v162-a-028-entity-01004"],"rowCount":1,"featureClass":"stream","lengthKm":5.7637},"geometry":{"type":"Point","coordinates":[91.899632,21.642854]}},{"type":"Feature","id":"a-028-cdf77d2625","properties":{"elementId":"A-028","featureId":"a-028-cdf77d2625","name":"Jodunath School and College Road Drain","kind":"water","kindLabel":"내륙 수자원 지물","sourceYear":"2026","recordIds":["bgd-v162-a-028-entity-00523"],"rowCount":1,"featureClass":"drain","lengthKm":0.257},"geometry":{"type":"Point","coordinates":[89.781919,22.657828]}},{"type":"Feature","id":"a-028-7726fd626b","properties":{"elementId":"A-028","featureId":"a-028-7726fd626b","name":"Jola Canal","kind":"water","kindLabel":"내륙 수자원 지물","sourceYear":"2026","recordIds":["bgd-v162-a-028-entity-00170"],"rowCount":1,"featureClass":"canal","lengthKm":0.2009},"geometry":{"type":"Point","coordinates":[89.313333,22.363875]}},{"type":"Feature","id":"a-028-716dfae8f4","properties":{"elementId":"A-028","featureId":"a-028-716dfae8f4","name":"Jomaddar Er Bill","kind":"water","kindLabel":"내륙 수자원 지물","sourceYear":"2026","recordIds":["bgd-v162-a-028-entity-00204"],"rowCount":1,"featureClass":"canal","lengthKm":0.8533},"geometry":{"type":"Point","coordinates":[89.821188,22.465654]}},{"type":"Feature","id":"a-028-75e1cc0f8b","properties":{"elementId":"A-028","featureId":"a-028-75e1cc0f8b","name":"Joramtal Khal","kind":"water","kindLabel":"내륙 수자원 지물","sourceYear":"2026","recordIds":["bgd-v162-a-028-entity-00819"],"rowCount":1,"featureClass":"canal","lengthKm":2.3263},"geometry":{"type":"Point","coordinates":[91.732876,22.503758]}},{"type":"Feature","id":"a-028-cba89c8500","properties":{"elementId":"A-028","featureId":"a-028-cba89c8500","name":"Joutar Hota Canal","kind":"water","kindLabel":"내륙 수자원 지물","sourceYear":"2026","recordIds":["bgd-v162-a-028-entity-01334"],"rowCount":1,"featureClass":"canal","lengthKm":0.5206},"geometry":{"type":"Point","coordinates":[90.533003,22.239104]}},{"type":"Feature","id":"a-028-817f7d7987","properties":{"elementId":"A-028","featureId":"a-028-817f7d7987","name":"Joy Nagar Canal","kind":"water","kindLabel":"내륙 수자원 지물","sourceYear":"2026","recordIds":["bgd-v162-a-028-entity-01574"],"rowCount":1,"featureClass":"stream","lengthKm":0.356},"geometry":{"type":"Point","coordinates":[89.935978,22.123239]}},{"type":"Feature","id":"a-028-5ec13333db","properties":{"elementId":"A-028","featureId":"a-028-5ec13333db","name":"Joyar Don Khal","kind":"water","kindLabel":"내륙 수자원 지물","sourceYear":"2026","recordIds":["bgd-v162-a-028-entity-01245"],"rowCount":1,"featureClass":"canal","lengthKm":0.0489},"geometry":{"type":"Point","coordinates":[90.737028,22.432558]}},{"type":"Feature","id":"a-028-343284f461","properties":{"elementId":"A-028","featureId":"a-028-343284f461","name":"Joypara - Hazratpur Khal","kind":"water","kindLabel":"내륙 수자원 지물","sourceYear":"2026","recordIds":["bgd-v162-a-028-entity-01123"],"rowCount":1,"featureClass":"river","lengthKm":1.1317},"geometry":{"type":"Point","coordinates":[90.116268,23.617352]}},{"type":"Feature","id":"a-028-65d54581f7","properties":{"elementId":"A-028","featureId":"a-028-65d54581f7","name":"K Ali Road","kind":"water","kindLabel":"내륙 수자원 지물","sourceYear":"2026","recordIds":["bgd-v162-a-028-entity-00397"],"rowCount":1,"featureClass":"drain","lengthKm":0.0747},"geometry":{"type":"Point","coordinates":[89.792323,22.659149]}},{"type":"Feature","id":"a-028-aaa11371f8","properties":{"elementId":"A-028","featureId":"a-028-aaa11371f8","name":"K Ali Road Drain","kind":"water","kindLabel":"내륙 수자원 지물","sourceYear":"2026","recordIds":["bgd-v162-a-028-entity-00366"],"rowCount":1,"featureClass":"drain","lengthKm":0.0408},"geometry":{"type":"Point","coordinates":[89.792311,22.659149]}},{"type":"Feature","id":"a-028-69c6eb66c7","properties":{"elementId":"A-028","featureId":"a-028-69c6eb66c7","name":"K Ali Road Drain","kind":"water","kindLabel":"내륙 수자원 지물","sourceYear":"2026","recordIds":["bgd-v162-a-028-entity-00425"],"rowCount":1,"featureClass":"drain","lengthKm":0.0951},"geometry":{"type":"Point","coordinates":[89.792434,22.659498]}},{"type":"Feature","id":"a-028-d53d62f4be","properties":{"elementId":"A-028","featureId":"a-028-d53d62f4be","name":"KHAL","kind":"water","kindLabel":"내륙 수자원 지물","sourceYear":"2026","recordIds":["bgd-v162-a-028-entity-00759"],"rowCount":1,"featureClass":"canal","lengthKm":0.0225},"geometry":{"type":"Point","coordinates":[91.054828,23.17667]}},{"type":"Feature","id":"a-028-b5dfa25197","properties":{"elementId":"A-028","featureId":"a-028-b5dfa25197","name":"KHAL","kind":"water","kindLabel":"내륙 수자원 지물","sourceYear":"2026","recordIds":["bgd-v162-a-028-entity-00745"],"rowCount":1,"featureClass":"canal","lengthKm":0.012},"geometry":{"type":"Point","coordinates":[91.055022,23.176574]}},{"type":"Feature","id":"a-028-1740db9252","properties":{"elementId":"A-028","featureId":"a-028-1740db9252","name":"KHAL","kind":"water","kindLabel":"내륙 수자원 지물","sourceYear":"2026","recordIds":["bgd-v162-a-028-entity-00820"],"rowCount":1,"featureClass":"canal","lengthKm":2.4087},"geometry":{"type":"Point","coordinates":[91.05513,23.176531]}},{"type":"Feature","id":"a-028-a4b397fd41","properties":{"elementId":"A-028","featureId":"a-028-a4b397fd41","name":"KHAL","kind":"water","kindLabel":"내륙 수자원 지물","sourceYear":"2026","recordIds":["bgd-v162-a-028-entity-00807"],"rowCount":1,"featureClass":"canal","lengthKm":1.418},"geometry":{"type":"Point","coordinates":[91.05706,23.161876]}},{"type":"Feature","id":"a-028-20687a6582","properties":{"elementId":"A-028","featureId":"a-028-20687a6582","name":"KHAL","kind":"water","kindLabel":"내륙 수자원 지물","sourceYear":"2026","recordIds":["bgd-v162-a-028-entity-00790"],"rowCount":1,"featureClass":"canal","lengthKm":0.7438},"geometry":{"type":"Point","coordinates":[91.068612,23.164438]}},{"type":"Feature","id":"a-028-a436685932","properties":{"elementId":"A-028","featureId":"a-028-a436685932","name":"KHAL","kind":"water","kindLabel":"내륙 수자원 지물","sourceYear":"2026","recordIds":["bgd-v162-a-028-entity-00809"],"rowCount":1,"featureClass":"canal","lengthKm":1.598},"geometry":{"type":"Point","coordinates":[91.075218,23.166301]}},{"type":"Feature","id":"a-028-741fa4a7b0","properties":{"elementId":"A-028","featureId":"a-028-741fa4a7b0","name":"KHAL","kind":"water","kindLabel":"내륙 수자원 지물","sourceYear":"2026","recordIds":["bgd-v162-a-028-entity-00810","bgd-v162-a-028-entity-00840"],"rowCount":2,"featureClass":"canal"},"geometry":{"type":"Point","coordinates":[91.090332,23.168222]}},{"type":"Feature","id":"a-028-8d6eed2246","properties":{"elementId":"A-028","featureId":"a-028-8d6eed2246","name":"KHAL","kind":"water","kindLabel":"내륙 수자원 지물","sourceYear":"2026","recordIds":["bgd-v162-a-028-entity-00767"],"rowCount":1,"featureClass":"canal","lengthKm":0.1289},"geometry":{"type":"Point","coordinates":[91.104864,23.170953]}},{"type":"Feature","id":"a-028-6c3e50ea30","properties":{"elementId":"A-028","featureId":"a-028-6c3e50ea30","name":"KHAL","kind":"water","kindLabel":"내륙 수자원 지물","sourceYear":"2026","recordIds":["bgd-v162-a-028-entity-00835"],"rowCount":1,"featureClass":"canal","lengthKm":4.2221},"geometry":{"type":"Point","coordinates":[91.10514,23.170189]}},{"type":"Feature","id":"a-028-78e881cdbb","properties":{"elementId":"A-028","featureId":"a-028-78e881cdbb","name":"KHAL","kind":"water","kindLabel":"내륙 수자원 지물","sourceYear":"2026","recordIds":["bgd-v162-a-028-entity-00765"],"rowCount":1,"featureClass":"canal","lengthKm":0.0454},"geometry":{"type":"Point","coordinates":[91.12489,23.14338]}},{"type":"Feature","id":"a-028-df675f8428","properties":{"elementId":"A-028","featureId":"a-028-df675f8428","name":"KHAL","kind":"water","kindLabel":"내륙 수자원 지물","sourceYear":"2026","recordIds":["bgd-v162-a-028-entity-00823"],"rowCount":1,"featureClass":"canal","lengthKm":2.7297},"geometry":{"type":"Point","coordinates":[91.125153,23.143052]}},{"type":"Feature","id":"a-028-9e23ca4133","properties":{"elementId":"A-028","featureId":"a-028-9e23ca4133","name":"KHAL","kind":"water","kindLabel":"내륙 수자원 지물","sourceYear":"2026","recordIds":["bgd-v162-a-028-entity-00822"],"rowCount":1,"featureClass":"canal","lengthKm":2.647},"geometry":{"type":"Point","coordinates":[91.241698,23.185145]}},{"type":"Feature","id":"a-028-0e4c0be21a","properties":{"elementId":"A-028","featureId":"a-028-0e4c0be21a","name":"Kacha bari khal","kind":"water","kindLabel":"내륙 수자원 지물","sourceYear":"2026","recordIds":["bgd-v162-a-028-entity-01017"],"rowCount":1,"featureClass":"canal","lengthKm":0.0401},"geometry":{"type":"Point","coordinates":[90.632128,23.975379]}},{"type":"Feature","id":"a-028-49cf3c2104","properties":{"elementId":"A-028","featureId":"a-028-49cf3c2104","name":"Kacha bari khal","kind":"water","kindLabel":"내륙 수자원 지물","sourceYear":"2026","recordIds":["bgd-v162-a-028-entity-01025"],"rowCount":1,"featureClass":"canal","lengthKm":0.0941},"geometry":{"type":"Point","coordinates":[90.632226,23.974998]}},{"type":"Feature","id":"a-028-fafaaaeb33","properties":{"elementId":"A-028","featureId":"a-028-fafaaaeb33","name":"Kacha bari khal","kind":"water","kindLabel":"내륙 수자원 지물","sourceYear":"2026","recordIds":["bgd-v162-a-028-entity-01005"],"rowCount":1,"featureClass":"canal","lengthKm":0.0046},"geometry":{"type":"Point","coordinates":[90.632228,23.975039]}},{"type":"Feature","id":"a-028-8c0595f103","properties":{"elementId":"A-028","featureId":"a-028-8c0595f103","name":"Kahua River","kind":"water","kindLabel":"내륙 수자원 지물","sourceYear":"2026","recordIds":["bgd-v162-a-028-entity-00910"],"rowCount":1,"featureClass":"river","lengthKm":2.6876},"geometry":{"type":"Point","coordinates":[91.439386,23.220451]}},{"type":"Feature","id":"a-028-697cd33afa","properties":{"elementId":"A-028","featureId":"a-028-697cd33afa","name":"Kahua River","kind":"water","kindLabel":"내륙 수자원 지물","sourceYear":"2026","recordIds":["bgd-v162-a-028-entity-00966"],"rowCount":1,"featureClass":"river","lengthKm":7.271},"geometry":{"type":"Point","coordinates":[91.458988,23.211801]}},{"type":"Feature","id":"a-028-7d8c0d44c1","properties":{"elementId":"A-028","featureId":"a-028-7d8c0d44c1","name":"Kajla","kind":"water","kindLabel":"내륙 수자원 지물","sourceYear":"2026","recordIds":["bgd-v162-a-028-entity-00700"],"rowCount":1,"featureClass":"river","lengthKm":6.9802},"geometry":{"type":"Point","coordinates":[88.778249,23.878276]}},{"type":"Feature","id":"a-028-b81aa7dabe","properties":{"elementId":"A-028","featureId":"a-028-b81aa7dabe","name":"Kajla-Dighi (Kopra)","kind":"water","kindLabel":"내륙 수자원 지물","sourceYear":"2026","recordIds":["bgd-v162-a-028-entity-01780"],"rowCount":1,"featureClass":"canal","lengthKm":0.5842},"geometry":{"type":"Point","coordinates":[88.276698,24.859586]}},{"type":"Feature","id":"a-028-ae73d75c37","properties":{"elementId":"A-028","featureId":"a-028-ae73d75c37","name":"Kakrabunia Canal","kind":"water","kindLabel":"내륙 수자원 지물","sourceYear":"2026","recordIds":["bgd-v162-a-028-entity-00212"],"rowCount":1,"featureClass":"canal","lengthKm":0.9382},"geometry":{"type":"Point","coordinates":[89.575015,22.492379]}},{"type":"Feature","id":"a-028-bc870bee7a","properties":{"elementId":"A-028","featureId":"a-028-bc870bee7a","name":"Kakrabunia Dokkhinpara Canal","kind":"water","kindLabel":"내륙 수자원 지물","sourceYear":"2026","recordIds":["bgd-v162-a-028-entity-00255"],"rowCount":1,"featureClass":"canal","lengthKm":3.2655},"geometry":{"type":"Point","coordinates":[89.580702,22.477562]}},{"type":"Feature","id":"a-028-305d7b3cc8","properties":{"elementId":"A-028","featureId":"a-028-305d7b3cc8","name":"Kala Gazi Sikder House -7no Ward Khal","kind":"water","kindLabel":"내륙 수자원 지물","sourceYear":"2026","recordIds":["bgd-v162-a-028-entity-01242"],"rowCount":1,"featureClass":"canal","lengthKm":0.0451},"geometry":{"type":"Point","coordinates":[90.714385,22.418913]}},{"type":"Feature","id":"a-028-ac0b891a41","properties":{"elementId":"A-028","featureId":"a-028-ac0b891a41","name":"Kaliganga","kind":"water","kindLabel":"내륙 수자원 지물","sourceYear":"2026","recordIds":["bgd-v162-a-028-entity-01545"],"rowCount":1,"featureClass":"river","lengthKm":18.6855},"geometry":{"type":"Point","coordinates":[89.998451,22.734383]}},{"type":"Feature","id":"a-028-0121447106","properties":{"elementId":"A-028","featureId":"a-028-0121447106","name":"Kalni river","kind":"water","kindLabel":"내륙 수자원 지물","sourceYear":"2026","recordIds":["bgd-v162-a-028-entity-01979"],"rowCount":1,"featureClass":"river","lengthKm":8.3119},"geometry":{"type":"Point","coordinates":[91.323166,24.694975]}},{"type":"Feature","id":"a-028-f273d78129","properties":{"elementId":"A-028","featureId":"a-028-f273d78129","name":"Kalni river is Surma branch","kind":"water","kindLabel":"내륙 수자원 지물","sourceYear":"2026","recordIds":["bgd-v162-a-028-entity-01958"],"rowCount":1,"featureClass":"river","lengthKm":2.7322},"geometry":{"type":"Point","coordinates":[91.259887,24.742057]}},{"type":"Feature","id":"a-028-d91b690098","properties":{"elementId":"A-028","featureId":"a-028-d91b690098","name":"Kamalnagor Bou Bazar Road Drain","kind":"water","kindLabel":"내륙 수자원 지물","sourceYear":"2026","recordIds":["bgd-v162-a-028-entity-00421"],"rowCount":1,"featureClass":"drain","lengthKm":0.0935},"geometry":{"type":"Point","coordinates":[89.065989,22.710255]}},{"type":"Feature","id":"a-028-5c237687c4","properties":{"elementId":"A-028","featureId":"a-028-5c237687c4","name":"Kamalnagor Bou Bazar Road Drain","kind":"water","kindLabel":"내륙 수자원 지물","sourceYear":"2026","recordIds":["bgd-v162-a-028-entity-00407"],"rowCount":1,"featureClass":"drain","lengthKm":0.0828},"geometry":{"type":"Point","coordinates":[89.066013,22.711104]}},{"type":"Feature","id":"a-028-60eae82c49","properties":{"elementId":"A-028","featureId":"a-028-60eae82c49","name":"Kamalnagor Bou Bazar Road Drain","kind":"water","kindLabel":"내륙 수자원 지물","sourceYear":"2026","recordIds":["bgd-v162-a-028-entity-00293"],"rowCount":1,"featureClass":"drain","lengthKm":0.0022},"geometry":{"type":"Point","coordinates":[89.06602,22.711086]}},{"type":"Feature","id":"a-028-4daf4909ff","properties":{"elementId":"A-028","featureId":"a-028-4daf4909ff","name":"Kamalnagor Bou Bazar Road Drain","kind":"water","kindLabel":"내륙 수자원 지물","sourceYear":"2026","recordIds":["bgd-v162-a-028-entity-00562"],"rowCount":1,"featureClass":"drain","lengthKm":0.5048},"geometry":{"type":"Point","coordinates":[89.06998,22.709638]}},{"type":"Feature","id":"a-028-16f1018020","properties":{"elementId":"A-028","featureId":"a-028-16f1018020","name":"Kamalnagor Gali Road Drain","kind":"water","kindLabel":"내륙 수자원 지물","sourceYear":"2026","recordIds":["bgd-v162-a-028-entity-00378"],"rowCount":1,"featureClass":"drain","lengthKm":0.0545},"geometry":{"type":"Point","coordinates":[89.068446,22.707386]}},{"type":"Feature","id":"a-028-0b2c0da906","properties":{"elementId":"A-028","featureId":"a-028-0b2c0da906","name":"Kamalnagor Gali Road Drain","kind":"water","kindLabel":"내륙 수자원 지물","sourceYear":"2026","recordIds":["bgd-v162-a-028-entity-00288"],"rowCount":1,"featureClass":"drain","lengthKm":0.0018},"geometry":{"type":"Point","coordinates":[89.068463,22.707388]}},{"type":"Feature","id":"a-028-8fc04911fb","properties":{"elementId":"A-028","featureId":"a-028-8fc04911fb","name":"Kamalnagor Gali Road Drain","kind":"water","kindLabel":"내륙 수자원 지물","sourceYear":"2026","recordIds":["bgd-v162-a-028-entity-00401"],"rowCount":1,"featureClass":"drain","lengthKm":0.0777},"geometry":{"type":"Point","coordinates":[89.069041,22.707625]}},{"type":"Feature","id":"a-028-0113637d2f","properties":{"elementId":"A-028","featureId":"a-028-0113637d2f","name":"Kamalnagor Lake View Road Drain","kind":"water","kindLabel":"내륙 수자원 지물","sourceYear":"2026","recordIds":["bgd-v162-a-028-entity-00551"],"rowCount":1,"featureClass":"drain","lengthKm":0.396},"geometry":{"type":"Point","coordinates":[89.065905,22.710242]}},{"type":"Feature","id":"a-028-4027204f11","properties":{"elementId":"A-028","featureId":"a-028-4027204f11","name":"Kamalnagor Moddho Para Asmaniya Road Drain","kind":"water","kindLabel":"내륙 수자원 지물","sourceYear":"2026","recordIds":["bgd-v162-a-028-entity-00468"],"rowCount":1,"featureClass":"drain","lengthKm":0.1482},"geometry":{"type":"Point","coordinates":[89.068833,22.711434]}},{"type":"Feature","id":"a-028-4a5d9378c6","properties":{"elementId":"A-028","featureId":"a-028-4a5d9378c6","name":"Kamalnagor Road Drain","kind":"water","kindLabel":"내륙 수자원 지물","sourceYear":"2026","recordIds":["bgd-v162-a-028-entity-00537"],"rowCount":1,"featureClass":"drain","lengthKm":0.3095},"geometry":{"type":"Point","coordinates":[89.064376,22.706869]}},{"type":"Feature","id":"a-028-4ded51f51b","properties":{"elementId":"A-028","featureId":"a-028-4ded51f51b","name":"Kamalnagor Road Drain","kind":"water","kindLabel":"내륙 수자원 지물","sourceYear":"2026","recordIds":["bgd-v162-a-028-entity-00334"],"rowCount":1,"featureClass":"drain","lengthKm":0.0081},"geometry":{"type":"Point","coordinates":[89.067306,22.706386]}},{"type":"Feature","id":"a-028-483e9ae409","properties":{"elementId":"A-028","featureId":"a-028-483e9ae409","name":"Kamalnagor Road Drain","kind":"water","kindLabel":"내륙 수자원 지물","sourceYear":"2026","recordIds":["bgd-v162-a-028-entity-00459"],"rowCount":1,"featureClass":"drain","lengthKm":0.139},"geometry":{"type":"Point","coordinates":[89.067384,22.70639]}},{"type":"Feature","id":"a-028-8add481e7b","properties":{"elementId":"A-028","featureId":"a-028-8add481e7b","name":"Kamalnagor Road Drain","kind":"water","kindLabel":"내륙 수자원 지물","sourceYear":"2026","recordIds":["bgd-v162-a-028-entity-00532"],"rowCount":1,"featureClass":"drain","lengthKm":0.2823},"geometry":{"type":"Point","coordinates":[89.067915,22.707345]}},{"type":"Feature","id":"a-028-2617ea5706","properties":{"elementId":"A-028","featureId":"a-028-2617ea5706","name":"Kamalnagor Road Drain","kind":"water","kindLabel":"내륙 수자원 지물","sourceYear":"2026","recordIds":["bgd-v162-a-028-entity-00278"],"rowCount":1,"featureClass":"drain","lengthKm":0.0014},"geometry":{"type":"Point","coordinates":[89.06792,22.707333]}},{"type":"Feature","id":"a-028-2db02f6941","properties":{"elementId":"A-028","featureId":"a-028-2db02f6941","name":"Kamalnagor Road Drain","kind":"water","kindLabel":"내륙 수자원 지물","sourceYear":"2026","recordIds":["bgd-v162-a-028-entity-00487"],"rowCount":1,"featureClass":"drain","lengthKm":0.1785},"geometry":{"type":"Point","coordinates":[89.070728,22.711932]}},{"type":"Feature","id":"a-028-91f4359b6b","properties":{"elementId":"A-028","featureId":"a-028-91f4359b6b","name":"Kamalnagor Uttar Para Road Drain","kind":"water","kindLabel":"내륙 수자원 지물","sourceYear":"2026","recordIds":["bgd-v162-a-028-entity-00512"],"rowCount":1,"featureClass":"drain","lengthKm":0.2207},"geometry":{"type":"Point","coordinates":[89.064075,22.711672]}},{"type":"Feature","id":"a-028-7aed84fb01","properties":{"elementId":"A-028","featureId":"a-028-7aed84fb01","name":"Kamalnagor Uttar Para Road Drain","kind":"water","kindLabel":"내륙 수자원 지물","sourceYear":"2026","recordIds":["bgd-v162-a-028-entity-00299"],"rowCount":1,"featureClass":"drain","lengthKm":0.0029},"geometry":{"type":"Point","coordinates":[89.066136,22.711874]}},{"type":"Feature","id":"a-028-084795730a","properties":{"elementId":"A-028","featureId":"a-028-084795730a","name":"Kamalnagor Uttar Para Road Drain","kind":"water","kindLabel":"내륙 수자원 지물","sourceYear":"2026","recordIds":["bgd-v162-a-028-entity-00530"],"rowCount":1,"featureClass":"drain","lengthKm":0.2782},"geometry":{"type":"Point","coordinates":[89.066163,22.711882]}},{"type":"Feature","id":"a-028-3ce0c22a46","properties":{"elementId":"A-028","featureId":"a-028-3ce0c22a46","name":"Kamalnagor Uttar Para Road Drain","kind":"water","kindLabel":"내륙 수자원 지물","sourceYear":"2026","recordIds":["bgd-v162-a-028-entity-00304"],"rowCount":1,"featureClass":"drain","lengthKm":0.0037},"geometry":{"type":"Point","coordinates":[89.068793,22.71143]}},{"type":"Feature","id":"a-028-aabe81bd40","properties":{"elementId":"A-028","featureId":"a-028-aabe81bd40","name":"Kamalnagor Uttar Para Road Drain","kind":"water","kindLabel":"내륙 수자원 지물","sourceYear":"2026","recordIds":["bgd-v162-a-028-entity-00480"],"rowCount":1,"featureClass":"drain","lengthKm":0.169},"geometry":{"type":"Point","coordinates":[89.068827,22.711421]}},{"type":"Feature","id":"a-028-04b04b87a7","properties":{"elementId":"A-028","featureId":"a-028-04b04b87a7","name":"Kamargoda River","kind":"water","kindLabel":"내륙 수자원 지물","sourceYear":"2026","recordIds":["bgd-v162-a-028-entity-00228"],"rowCount":1,"featureClass":"canal","lengthKm":1.43},"geometry":{"type":"Point","coordinates":[89.46888,22.536451]}},{"type":"Feature","id":"a-028-5e20c858fa","properties":{"elementId":"A-028","featureId":"a-028-5e20c858fa","name":"Kana Chowdhury Sorok Drain","kind":"water","kindLabel":"내륙 수자원 지물","sourceYear":"2026","recordIds":["bgd-v162-a-028-entity-00419"],"rowCount":1,"featureClass":"drain","lengthKm":0.0929},"geometry":{"type":"Point","coordinates":[89.072382,22.715545]}},{"type":"Feature","id":"a-028-e407358602","properties":{"elementId":"A-028","featureId":"a-028-e407358602","name":"Kana Chowdhury Sorok Drain","kind":"water","kindLabel":"내륙 수자원 지물","sourceYear":"2026","recordIds":["bgd-v162-a-028-entity-00325"],"rowCount":1,"featureClass":"drain","lengthKm":0.006},"geometry":{"type":"Point","coordinates":[89.072426,22.715581]}},{"type":"Feature","id":"a-028-ebc1e1be05","properties":{"elementId":"A-028","featureId":"a-028-ebc1e1be05","name":"Kana Chowdhury Sorok Drain","kind":"water","kindLabel":"내륙 수자원 지물","sourceYear":"2026","recordIds":["bgd-v162-a-028-entity-00417"],"rowCount":1,"featureClass":"drain","lengthKm":0.0912},"geometry":{"type":"Point","coordinates":[89.072674,22.716362]}},{"type":"Feature","id":"a-028-11925d4e40","properties":{"elementId":"A-028","featureId":"a-028-11925d4e40","name":"Kana Chowdhury Sorok Drain","kind":"water","kindLabel":"내륙 수자원 지물","sourceYear":"2026","recordIds":["bgd-v162-a-028-entity-00527"],"rowCount":1,"featureClass":"drain","lengthKm":0.2653},"geometry":{"type":"Point","coordinates":[89.075012,22.715522]}},{"type":"Feature","id":"a-028-8c71fa7cae","properties":{"elementId":"A-028","featureId":"a-028-8c71fa7cae","name":"Kandrakpur chanal","kind":"water","kindLabel":"내륙 수자원 지물","sourceYear":"2026","recordIds":["bgd-v162-a-028-entity-01278"],"rowCount":1,"featureClass":"canal","lengthKm":0.1798},"geometry":{"type":"Point","coordinates":[90.608781,22.781039]}},{"type":"Feature","id":"a-028-609ff76219","properties":{"elementId":"A-028","featureId":"a-028-609ff76219","name":"Kandua River","kind":"water","kindLabel":"내륙 수자원 지물","sourceYear":"2026","recordIds":["bgd-v162-a-028-entity-01959"],"rowCount":1,"featureClass":"river","lengthKm":2.9108},"geometry":{"type":"Point","coordinates":[91.167008,25.167965]}},{"type":"Feature","id":"a-028-8ed9157372","properties":{"elementId":"A-028","featureId":"a-028-8ed9157372","name":"Kandua River","kind":"water","kindLabel":"내륙 수자원 지물","sourceYear":"2026","recordIds":["bgd-v162-a-028-entity-01910"],"rowCount":1,"featureClass":"canal","lengthKm":2.5925},"geometry":{"type":"Point","coordinates":[91.180718,25.136109]}},{"type":"Feature","id":"a-028-e552a8b3c2","properties":{"elementId":"A-028","featureId":"a-028-e552a8b3c2","name":"Kangsha River","kind":"water","kindLabel":"내륙 수자원 지물","sourceYear":"2026","recordIds":["bgd-v162-a-028-entity-01620"],"rowCount":1,"featureClass":"river","lengthKm":156.2073},"geometry":{"type":"Point","coordinates":[90.229692,25.025957]}},{"type":"Feature","id":"a-028-540892fb05","properties":{"elementId":"A-028","featureId":"a-028-540892fb05","name":"Karatoya","kind":"water","kindLabel":"내륙 수자원 지물","sourceYear":"2026","recordIds":["bgd-v162-a-028-entity-01758"],"rowCount":1,"featureClass":"river","lengthKm":9.8061},"geometry":{"type":"Point","coordinates":[88.613496,26.278484]}},{"type":"Feature","id":"a-028-d9ab463aaa","properties":{"elementId":"A-028","featureId":"a-028-d9ab463aaa","name":"Karatoya","kind":"water","kindLabel":"내륙 수자원 지물","sourceYear":"2026","recordIds":["bgd-v162-a-028-entity-01742"],"rowCount":1,"featureClass":"river","lengthKm":58.7844},"geometry":{"type":"Point","coordinates":[88.651067,26.255669]}},{"type":"Feature","id":"a-028-8ba39ddd54","properties":{"elementId":"A-028","featureId":"a-028-8ba39ddd54","name":"Kasa Drain","kind":"water","kindLabel":"내륙 수자원 지물","sourceYear":"2026","recordIds":["bgd-v162-a-028-entity-00495"],"rowCount":1,"featureClass":"drain","lengthKm":0.1897},"geometry":{"type":"Point","coordinates":[89.068716,22.696807]}},{"type":"Feature","id":"a-028-1a7434ffca","properties":{"elementId":"A-028","featureId":"a-028-1a7434ffca","name":"Kashir Cannal","kind":"water","kindLabel":"내륙 수자원 지물","sourceYear":"2026","recordIds":["bgd-v162-a-028-entity-00207"],"rowCount":1,"featureClass":"canal","lengthKm":0.8815},"geometry":{"type":"Point","coordinates":[89.286495,22.313485]}},{"type":"Feature","id":"a-028-b186df248c","properties":{"elementId":"A-028","featureId":"a-028-b186df248c","name":"Kashir Cannal","kind":"water","kindLabel":"내륙 수자원 지물","sourceYear":"2026","recordIds":["bgd-v162-a-028-entity-00239"],"rowCount":1,"featureClass":"canal","lengthKm":2.0048},"geometry":{"type":"Point","coordinates":[89.294745,22.313863]}},{"type":"Feature","id":"a-028-415f9101e3","properties":{"elementId":"A-028","featureId":"a-028-415f9101e3","name":"Kashir cannal","kind":"water","kindLabel":"내륙 수자원 지물","sourceYear":"2026","recordIds":["bgd-v162-a-028-entity-00174"],"rowCount":1,"featureClass":"canal","lengthKm":0.2258},"geometry":{"type":"Point","coordinates":[89.310071,22.32406]}},{"type":"Feature","id":"a-028-dfd08158c5","properties":{"elementId":"A-028","featureId":"a-028-dfd08158c5","name":"Kashir cannal","kind":"water","kindLabel":"내륙 수자원 지물","sourceYear":"2026","recordIds":["bgd-v162-a-028-entity-00147"],"rowCount":1,"featureClass":"canal","lengthKm":0.0081},"geometry":{"type":"Point","coordinates":[89.31184,22.325263]}},{"type":"Feature","id":"a-028-c743a3e2a1","properties":{"elementId":"A-028","featureId":"a-028-c743a3e2a1","name":"Kashir cannal","kind":"water","kindLabel":"내륙 수자원 지물","sourceYear":"2026","recordIds":["bgd-v162-a-028-entity-00254"],"rowCount":1,"featureClass":"canal","lengthKm":3.2436},"geometry":{"type":"Point","coordinates":[89.311901,22.325309]}},{"type":"Feature","id":"a-028-fe08bbb2f3","properties":{"elementId":"A-028","featureId":"a-028-fe08bbb2f3","name":"Katakhal","kind":"water","kindLabel":"내륙 수자원 지물","sourceYear":"2026","recordIds":["bgd-v162-a-028-entity-00927"],"rowCount":1,"featureClass":"river","lengthKm":3.0502},"geometry":{"type":"Point","coordinates":[91.250518,23.84905]}},{"type":"Feature","id":"a-028-f44096d9b9","properties":{"elementId":"A-028","featureId":"a-028-f44096d9b9","name":"Katakhali Khal","kind":"water","kindLabel":"내륙 수자원 지물","sourceYear":"2026","recordIds":["bgd-v162-a-028-entity-01466"],"rowCount":1,"featureClass":"canal","lengthKm":2.7557},"geometry":{"type":"Point","coordinates":[90.385684,21.962892]}},{"type":"Feature","id":"a-028-42b7efe2bc","properties":{"elementId":"A-028","featureId":"a-028-42b7efe2bc","name":"Katakhali River কাটাখালী নদী","kind":"water","kindLabel":"내륙 수자원 지물","sourceYear":"2026","recordIds":["bgd-v162-a-028-entity-00719"],"rowCount":1,"featureClass":"river","lengthKm":9.3473},"geometry":{"type":"Point","coordinates":[89.662575,22.980448]}},{"type":"Feature","id":"a-028-7e50c7d426","properties":{"elementId":"A-028","featureId":"a-028-7e50c7d426","name":"Katakhali River কাটাখালী নদী","kind":"water","kindLabel":"내륙 수자원 지물","sourceYear":"2026","recordIds":["bgd-v162-a-028-entity-00690"],"rowCount":1,"featureClass":"river","lengthKm":5.1614},"geometry":{"type":"Point","coordinates":[89.664877,22.91497]}},{"type":"Feature","id":"a-028-3bd4667937","properties":{"elementId":"A-028","featureId":"a-028-3bd4667937","name":"Katakhali River কাটাখালী নদী","kind":"water","kindLabel":"내륙 수자원 지물","sourceYear":"2026","recordIds":["bgd-v162-a-028-entity-00622"],"rowCount":1,"featureClass":"river","lengthKm":10.3914},"geometry":{"type":"Point","coordinates":[89.675368,23.027128]}},{"type":"Feature","id":"a-028-1419113f22","properties":{"elementId":"A-028","featureId":"a-028-1419113f22","name":"Katakhali Sanabari Canal","kind":"water","kindLabel":"내륙 수자원 지물","sourceYear":"2026","recordIds":["bgd-v162-a-028-entity-00180"],"rowCount":1,"featureClass":"canal","lengthKm":0.3564},"geometry":{"type":"Point","coordinates":[89.445204,22.446807]}},{"type":"Feature","id":"a-028-3f6e8b0d00","properties":{"elementId":"A-028","featureId":"a-028-3f6e8b0d00","name":"Katakhali School Uttar Pasher Bill","kind":"water","kindLabel":"내륙 수자원 지물","sourceYear":"2026","recordIds":["bgd-v162-a-028-entity-01324"],"rowCount":1,"featureClass":"canal","lengthKm":0.4513},"geometry":{"type":"Point","coordinates":[90.361674,21.979036]}},{"type":"Feature","id":"a-028-9fb95f5370","properties":{"elementId":"A-028","featureId":"a-028-9fb95f5370","name":"Katakhali School Uttar Pasher Bill","kind":"water","kindLabel":"내륙 수자원 지물","sourceYear":"2026","recordIds":["bgd-v162-a-028-entity-01374"],"rowCount":1,"featureClass":"canal","lengthKm":0.8379},"geometry":{"type":"Point","coordinates":[90.365494,21.977638]}},{"type":"Feature","id":"a-028-2c20470129","properties":{"elementId":"A-028","featureId":"a-028-2c20470129","name":"Katakhali School Uttar Pasher Bill","kind":"water","kindLabel":"내륙 수자원 지물","sourceYear":"2026","recordIds":["bgd-v162-a-028-entity-01372"],"rowCount":1,"featureClass":"canal","lengthKm":0.8348},"geometry":{"type":"Point","coordinates":[90.37081,21.97626]}},{"type":"Feature","id":"a-028-98bd0daf29","properties":{"elementId":"A-028","featureId":"a-028-98bd0daf29","name":"Katakhali canal","kind":"water","kindLabel":"내륙 수자원 지물","sourceYear":"2026","recordIds":["bgd-v162-a-028-entity-01404"],"rowCount":1,"featureClass":"canal","lengthKm":1.1854},"geometry":{"type":"Point","coordinates":[90.05802,22.197323]}},{"type":"Feature","id":"a-028-58bc2f4a4f","properties":{"elementId":"A-028","featureId":"a-028-58bc2f4a4f","name":"Kath Badam","kind":"natural","kindLabel":"기타 자연지형지물","sourceYear":"2026","recordIds":["bgd-v162-a-028-entity-00097"],"rowCount":1,"featureClass":"tree"},"geometry":{"type":"Point","coordinates":[90.38059,23.735641]}},{"type":"Feature","id":"a-028-2b01a824fb","properties":{"elementId":"A-028","featureId":"a-028-2b01a824fb","name":"Kath badam","kind":"natural","kindLabel":"기타 자연지형지물","sourceYear":"2026","recordIds":["bgd-v162-a-028-entity-00099"],"rowCount":1,"featureClass":"tree"},"geometry":{"type":"Point","coordinates":[90.380887,23.736365]}},{"type":"Feature","id":"a-028-246e9f9d63","properties":{"elementId":"A-028","featureId":"a-028-246e9f9d63","name":"Katha Tola Canel","kind":"water","kindLabel":"내륙 수자원 지물","sourceYear":"2026","recordIds":["bgd-v162-a-028-entity-00151"],"rowCount":1,"featureClass":"canal","lengthKm":0.0099},"geometry":{"type":"Point","coordinates":[89.873342,22.43657]}},{"type":"Feature","id":"a-028-dd1d9eb079","properties":{"elementId":"A-028","featureId":"a-028-dd1d9eb079","name":"Kathaltali Canal","kind":"water","kindLabel":"내륙 수자원 지물","sourceYear":"2026","recordIds":["bgd-v162-a-028-entity-01358"],"rowCount":1,"featureClass":"canal","lengthKm":0.6629},"geometry":{"type":"Point","coordinates":[89.939063,22.152573]}},{"type":"Feature","id":"a-028-afe613b75c","properties":{"elementId":"A-028","featureId":"a-028-afe613b75c","name":"Kaura Canal","kind":"water","kindLabel":"내륙 수자원 지물","sourceYear":"2026","recordIds":["bgd-v162-a-028-entity-00249"],"rowCount":1,"featureClass":"canal","lengthKm":2.6546},"geometry":{"type":"Point","coordinates":[89.480702,22.566678]}},{"type":"Feature","id":"a-028-cf6c4b554b","properties":{"elementId":"A-028","featureId":"a-028-cf6c4b554b","name":"Kayenmari Canal","kind":"water","kindLabel":"내륙 수자원 지물","sourceYear":"2026","recordIds":["bgd-v162-a-028-entity-00200"],"rowCount":1,"featureClass":"canal","lengthKm":0.7785},"geometry":{"type":"Point","coordinates":[89.464317,22.554009]}},{"type":"Feature","id":"a-028-1ba83ba91f","properties":{"elementId":"A-028","featureId":"a-028-1ba83ba91f","name":"Kazi Alauddin Road","kind":"water","kindLabel":"내륙 수자원 지물","sourceYear":"2026","recordIds":["bgd-v162-a-028-entity-01071"],"rowCount":1,"featureClass":"drain","lengthKm":0.0148},"geometry":{"type":"Point","coordinates":[90.405165,23.720377]}},{"type":"Feature","id":"a-028-124a9e0c42","properties":{"elementId":"A-028","featureId":"a-028-124a9e0c42","name":"Kazi Alauddin Road","kind":"water","kindLabel":"내륙 수자원 지물","sourceYear":"2026","recordIds":["bgd-v162-a-028-entity-01074"],"rowCount":1,"featureClass":"drain","lengthKm":0.0179},"geometry":{"type":"Point","coordinates":[90.405336,23.720887]}},{"type":"Feature","id":"a-028-4e1fde732f","properties":{"elementId":"A-028","featureId":"a-028-4e1fde732f","name":"Kazi Alauddin Road","kind":"water","kindLabel":"내륙 수자원 지물","sourceYear":"2026","recordIds":["bgd-v162-a-028-entity-01070"],"rowCount":1,"featureClass":"drain","lengthKm":0.0134},"geometry":{"type":"Point","coordinates":[90.405362,23.720637]}},{"type":"Feature","id":"a-028-a7721652c7","properties":{"elementId":"A-028","featureId":"a-028-a7721652c7","name":"Kazi Alauddin Road","kind":"water","kindLabel":"내륙 수자원 지물","sourceYear":"2026","recordIds":["bgd-v162-a-028-entity-01075"],"rowCount":1,"featureClass":"drain","lengthKm":0.0217},"geometry":{"type":"Point","coordinates":[90.405369,23.721024]}},{"type":"Feature","id":"a-028-df37ff973f","properties":{"elementId":"A-028","featureId":"a-028-df37ff973f","name":"Kazi Alauddin Road","kind":"water","kindLabel":"내륙 수자원 지물","sourceYear":"2026","recordIds":["bgd-v162-a-028-entity-01078"],"rowCount":1,"featureClass":"drain","lengthKm":0.0462},"geometry":{"type":"Point","coordinates":[90.405437,23.720441]}},{"type":"Feature","id":"a-028-efce6db788","properties":{"elementId":"A-028","featureId":"a-028-efce6db788","name":"Kazi Alauddin Road","kind":"water","kindLabel":"내륙 수자원 지물","sourceYear":"2026","recordIds":["bgd-v162-a-028-entity-01077"],"rowCount":1,"featureClass":"drain","lengthKm":0.0293},"geometry":{"type":"Point","coordinates":[90.405507,23.720773]}},{"type":"Feature","id":"a-028-1eb73d1916","properties":{"elementId":"A-028","featureId":"a-028-1eb73d1916","name":"Kazi Alauddin Road","kind":"water","kindLabel":"내륙 수자원 지물","sourceYear":"2026","recordIds":["bgd-v162-a-028-entity-01079"],"rowCount":1,"featureClass":"drain","lengthKm":0.0494},"geometry":{"type":"Point","coordinates":[90.405873,23.720789]}},{"type":"Feature","id":"a-028-949d773f8a","properties":{"elementId":"A-028","featureId":"a-028-949d773f8a","name":"Kazi Nazrul Islam Road Drain","kind":"water","kindLabel":"내륙 수자원 지물","sourceYear":"2026","recordIds":["bgd-v162-a-028-entity-00270"],"rowCount":1,"featureClass":"drain","lengthKm":0.0006},"geometry":{"type":"Point","coordinates":[89.796124,22.658293]}},{"type":"Feature","id":"a-028-834d7d521c","properties":{"elementId":"A-028","featureId":"a-028-834d7d521c","name":"Kazi Nazrul Islam Road Drain","kind":"water","kindLabel":"내륙 수자원 지물","sourceYear":"2026","recordIds":["bgd-v162-a-028-entity-00277"],"rowCount":1,"featureClass":"drain","lengthKm":0.0013},"geometry":{"type":"Point","coordinates":[89.796126,22.658298]}},{"type":"Feature","id":"a-028-a9a61b3954","properties":{"elementId":"A-028","featureId":"a-028-a9a61b3954","name":"Kazi Nazrul Islam Road Drain","kind":"water","kindLabel":"내륙 수자원 지물","sourceYear":"2026","recordIds":["bgd-v162-a-028-entity-00433"],"rowCount":1,"featureClass":"drain","lengthKm":0.103},"geometry":{"type":"Point","coordinates":[89.79613,22.658309]}},{"type":"Feature","id":"a-028-f96a6eb9c1","properties":{"elementId":"A-028","featureId":"a-028-f96a6eb9c1","name":"Kazi Nazrul Islam Road Drain","kind":"water","kindLabel":"내륙 수자원 지물","sourceYear":"2026","recordIds":["bgd-v162-a-028-entity-00361"],"rowCount":1,"featureClass":"drain","lengthKm":0.0385},"geometry":{"type":"Point","coordinates":[89.796481,22.659217]}},{"type":"Feature","id":"a-028-0b09273912","properties":{"elementId":"A-028","featureId":"a-028-0b09273912","name":"Kazi Nazrul Islam Road Drain","kind":"water","kindLabel":"내륙 수자원 지물","sourceYear":"2026","recordIds":["bgd-v162-a-028-entity-00285"],"rowCount":1,"featureClass":"drain","lengthKm":0.0017},"geometry":{"type":"Point","coordinates":[89.796623,22.659538]}},{"type":"Feature","id":"a-028-4e0e0db249","properties":{"elementId":"A-028","featureId":"a-028-4e0e0db249","name":"Kazi Nazrul Islam Road Drain","kind":"water","kindLabel":"내륙 수자원 지물","sourceYear":"2026","recordIds":["bgd-v162-a-028-entity-00306"],"rowCount":1,"featureClass":"drain","lengthKm":0.004},"geometry":{"type":"Point","coordinates":[89.796629,22.659552]}},{"type":"Feature","id":"a-028-7375a908c0","properties":{"elementId":"A-028","featureId":"a-028-7375a908c0","name":"Kazir Hat River","kind":"water","kindLabel":"내륙 수자원 지물","sourceYear":"2026","recordIds":["bgd-v162-a-028-entity-01218"],"rowCount":1,"featureClass":"stream","lengthKm":3.5124},"geometry":{"type":"Point","coordinates":[90.297843,23.385882]}},{"type":"Feature","id":"a-028-52410dbfd5","properties":{"elementId":"A-028","featureId":"a-028-52410dbfd5","name":"Kenal Cannal","kind":"water","kindLabel":"내륙 수자원 지물","sourceYear":"2026","recordIds":["bgd-v162-a-028-entity-00247"],"rowCount":1,"featureClass":"canal","lengthKm":2.462},"geometry":{"type":"Point","coordinates":[89.472624,22.572606]}},{"type":"Feature","id":"a-028-f787f7afdd","properties":{"elementId":"A-028","featureId":"a-028-f787f7afdd","name":"Keora","kind":"natural","kindLabel":"기타 자연지형지물","sourceYear":"2026","recordIds":["bgd-v162-a-028-entity-00020"],"rowCount":1,"featureClass":"tree"},"geometry":{"type":"Point","coordinates":[89.197159,22.240095]}},{"type":"Feature","id":"a-028-2e34fc7e66","properties":{"elementId":"A-028","featureId":"a-028-2e34fc7e66","name":"Keora","kind":"natural","kindLabel":"기타 자연지형지물","sourceYear":"2026","recordIds":["bgd-v162-a-028-entity-00019"],"rowCount":1,"featureClass":"tree"},"geometry":{"type":"Point","coordinates":[89.197885,22.239727]}},{"type":"Feature","id":"a-028-5f08daef48","properties":{"elementId":"A-028","featureId":"a-028-5f08daef48","name":"Kewrahawla Khal","kind":"water","kindLabel":"내륙 수자원 지물","sourceYear":"2026","recordIds":["bgd-v162-a-028-entity-01438"],"rowCount":1,"featureClass":"canal","lengthKm":1.8409},"geometry":{"type":"Point","coordinates":[90.33018,21.907576]}},{"type":"Feature","id":"a-028-e07a14a19e","properties":{"elementId":"A-028","featureId":"a-028-e07a14a19e","name":"Khaddar Road","kind":"water","kindLabel":"내륙 수자원 지물","sourceYear":"2026","recordIds":["bgd-v162-a-028-entity-00534"],"rowCount":1,"featureClass":"drain","lengthKm":0.2942},"geometry":{"type":"Point","coordinates":[89.79015,22.655148]}},{"type":"Feature","id":"a-028-bc72f656eb","properties":{"elementId":"A-028","featureId":"a-028-bc72f656eb","name":"Khaddar Road","kind":"water","kindLabel":"내륙 수자원 지물","sourceYear":"2026","recordIds":["bgd-v162-a-028-entity-00346"],"rowCount":1,"featureClass":"drain","lengthKm":0.0179},"geometry":{"type":"Point","coordinates":[89.790314,22.655094]}},{"type":"Feature","id":"a-028-8f377d6f75","properties":{"elementId":"A-028","featureId":"a-028-8f377d6f75","name":"Khajuria Canal","kind":"water","kindLabel":"내륙 수자원 지물","sourceYear":"2026","recordIds":["bgd-v162-a-028-entity-00237"],"rowCount":1,"featureClass":"canal","lengthKm":1.8626},"geometry":{"type":"Point","coordinates":[89.55169,22.472425]}},{"type":"Feature","id":"a-028-24fcd7f8ab","properties":{"elementId":"A-028","featureId":"a-028-24fcd7f8ab","name":"Khajuria Canal","kind":"water","kindLabel":"내륙 수자원 지물","sourceYear":"2026","recordIds":["bgd-v162-a-028-entity-00179"],"rowCount":1,"featureClass":"canal","lengthKm":0.3376},"geometry":{"type":"Point","coordinates":[89.554647,22.445787]}},{"type":"Feature","id":"a-028-9b68765616","properties":{"elementId":"A-028","featureId":"a-028-9b68765616","name":"Khakdon River","kind":"water","kindLabel":"내륙 수자원 지물","sourceYear":"2026","recordIds":["bgd-v162-a-028-entity-01556"],"rowCount":1,"featureClass":"river","lengthKm":3.5522},"geometry":{"type":"Point","coordinates":[90.094548,22.157766]}},{"type":"Feature","id":"a-028-ac5564d0df","properties":{"elementId":"A-028","featureId":"a-028-ac5564d0df","name":"Khakdon River","kind":"water","kindLabel":"내륙 수자원 지물","sourceYear":"2026","recordIds":["bgd-v162-a-028-entity-01561"],"rowCount":1,"featureClass":"river","lengthKm":5.3451},"geometry":{"type":"Point","coordinates":[90.145513,22.160407]}},{"type":"Feature","id":"a-028-9d2c5725e5","properties":{"elementId":"A-028","featureId":"a-028-9d2c5725e5","name":"Khal beside Alauddin's saw mill","kind":"water","kindLabel":"내륙 수자원 지물","sourceYear":"2026","recordIds":["bgd-v162-a-028-entity-01270"],"rowCount":1,"featureClass":"canal","lengthKm":0.1354},"geometry":{"type":"Point","coordinates":[90.642144,22.593142]}},{"type":"Feature","id":"a-028-00e484b1a0","properties":{"elementId":"A-028","featureId":"a-028-00e484b1a0","name":"Khal beside Anis Khan?s house","kind":"water","kindLabel":"내륙 수자원 지물","sourceYear":"2026","recordIds":["bgd-v162-a-028-entity-01244"],"rowCount":1,"featureClass":"canal","lengthKm":0.046},"geometry":{"type":"Point","coordinates":[90.640512,22.578015]}},{"type":"Feature","id":"a-028-a37e3a31f1","properties":{"elementId":"A-028","featureId":"a-028-a37e3a31f1","name":"Khal beside Jonab Ali Matabbar house","kind":"water","kindLabel":"내륙 수자원 지물","sourceYear":"2026","recordIds":["bgd-v162-a-028-entity-01260"],"rowCount":1,"featureClass":"canal","lengthKm":0.1087},"geometry":{"type":"Point","coordinates":[90.627082,22.580157]}},{"type":"Feature","id":"a-028-9671ee1667","properties":{"elementId":"A-028","featureId":"a-028-9671ee1667","name":"Khal beside Molla Market","kind":"water","kindLabel":"내륙 수자원 지물","sourceYear":"2026","recordIds":["bgd-v162-a-028-entity-01326"],"rowCount":1,"featureClass":"canal","lengthKm":0.4581},"geometry":{"type":"Point","coordinates":[90.725688,22.536832]}},{"type":"Feature","id":"a-028-3f166c775e","properties":{"elementId":"A-028","featureId":"a-028-3f166c775e","name":"Khal beside Soyod Sikder bari","kind":"water","kindLabel":"내륙 수자원 지물","sourceYear":"2026","recordIds":["bgd-v162-a-028-entity-01316"],"rowCount":1,"featureClass":"canal","lengthKm":0.4012},"geometry":{"type":"Point","coordinates":[90.62143,22.598342]}},{"type":"Feature","id":"a-028-9035e9375e","properties":{"elementId":"A-028","featureId":"a-028-9035e9375e","name":"Khal beside of Azimoddin bazer","kind":"water","kindLabel":"내륙 수자원 지물","sourceYear":"2026","recordIds":["bgd-v162-a-028-entity-01406"],"rowCount":1,"featureClass":"canal","lengthKm":1.2124},"geometry":{"type":"Point","coordinates":[90.741459,22.538418]}},{"type":"Feature","id":"a-028-bdc37388d1","properties":{"elementId":"A-028","featureId":"a-028-bdc37388d1","name":"Khal from Nogar to Tatulia river","kind":"water","kindLabel":"내륙 수자원 지물","sourceYear":"2026","recordIds":["bgd-v162-a-028-entity-01291"],"rowCount":1,"featureClass":"canal","lengthKm":0.2463},"geometry":{"type":"Point","coordinates":[90.64027,22.575861]}},{"type":"Feature","id":"a-028-42770cc848","properties":{"elementId":"A-028","featureId":"a-028-42770cc848","name":"Khal from Tatulia river to Sharif bari","kind":"water","kindLabel":"내륙 수자원 지물","sourceYear":"2026","recordIds":["bgd-v162-a-028-entity-01281"],"rowCount":1,"featureClass":"canal","lengthKm":0.1989},"geometry":{"type":"Point","coordinates":[90.650978,22.56002]}},{"type":"Feature","id":"a-028-437dbfdf3f","properties":{"elementId":"A-028","featureId":"a-028-437dbfdf3f","name":"Khal in front of Bosir mal's bari","kind":"water","kindLabel":"내륙 수자원 지물","sourceYear":"2026","recordIds":["bgd-v162-a-028-entity-01265"],"rowCount":1,"featureClass":"canal","lengthKm":0.1241},"geometry":{"type":"Point","coordinates":[90.692313,22.575707]}},{"type":"Feature","id":"a-028-cd37136171","properties":{"elementId":"A-028","featureId":"a-028-cd37136171","name":"Khal in front of Jafor Foraji bari","kind":"water","kindLabel":"내륙 수자원 지물","sourceYear":"2026","recordIds":["bgd-v162-a-028-entity-01224"],"rowCount":1,"featureClass":"canal","lengthKm":0.0084},"geometry":{"type":"Point","coordinates":[90.690379,22.565329]}},{"type":"Feature","id":"a-028-533fa3f011","properties":{"elementId":"A-028","featureId":"a-028-533fa3f011","name":"Khal in front of Jafor Foraji bari","kind":"water","kindLabel":"내륙 수자원 지물","sourceYear":"2026","recordIds":["bgd-v162-a-028-entity-01220"],"rowCount":1,"featureClass":"canal","lengthKm":0.0046},"geometry":{"type":"Point","coordinates":[90.690456,22.565302]}},{"type":"Feature","id":"a-028-8f53e3e1a5","properties":{"elementId":"A-028","featureId":"a-028-8f53e3e1a5","name":"Khal in front of Jafor Foraji bari","kind":"water","kindLabel":"내륙 수자원 지물","sourceYear":"2026","recordIds":["bgd-v162-a-028-entity-01251"],"rowCount":1,"featureClass":"canal","lengthKm":0.0831},"geometry":{"type":"Point","coordinates":[90.690494,22.56528]}},{"type":"Feature","id":"a-028-dee5c2ef0c","properties":{"elementId":"A-028","featureId":"a-028-dee5c2ef0c","name":"Khal in front of Kasem Chowdury house","kind":"water","kindLabel":"내륙 수자원 지물","sourceYear":"2026","recordIds":["bgd-v162-a-028-entity-01513"],"rowCount":1,"featureClass":"drain","lengthKm":0.2732},"geometry":{"type":"Point","coordinates":[90.694447,22.563493]}},{"type":"Feature","id":"a-028-6bebaa8fec","properties":{"elementId":"A-028","featureId":"a-028-6bebaa8fec","name":"Khal in front of Rari bari","kind":"water","kindLabel":"내륙 수자원 지물","sourceYear":"2026","recordIds":["bgd-v162-a-028-entity-01443"],"rowCount":1,"featureClass":"canal","lengthKm":1.9779},"geometry":{"type":"Point","coordinates":[90.687576,22.561621]}},{"type":"Feature","id":"a-028-ffd57db69c","properties":{"elementId":"A-028","featureId":"a-028-ffd57db69c","name":"Khal infont Senter Bazer","kind":"water","kindLabel":"내륙 수자원 지물","sourceYear":"2026","recordIds":["bgd-v162-a-028-entity-01254"],"rowCount":1,"featureClass":"canal","lengthKm":0.0949},"geometry":{"type":"Point","coordinates":[90.734782,22.533957]}},{"type":"Feature","id":"a-028-b2de32b35c","properties":{"elementId":"A-028","featureId":"a-028-b2de32b35c","name":"Khal of Notun hat","kind":"water","kindLabel":"내륙 수자원 지물","sourceYear":"2026","recordIds":["bgd-v162-a-028-entity-01323"],"rowCount":1,"featureClass":"canal","lengthKm":0.4408},"geometry":{"type":"Point","coordinates":[90.617822,22.592329]}},{"type":"Feature","id":"a-028-4ccc22dc05","properties":{"elementId":"A-028","featureId":"a-028-4ccc22dc05","name":"Khalek To Ishak Drain","kind":"water","kindLabel":"내륙 수자원 지물","sourceYear":"2026","recordIds":["bgd-v162-a-028-entity-00484"],"rowCount":1,"featureClass":"drain","lengthKm":0.1737},"geometry":{"type":"Point","coordinates":[89.066612,22.685044]}},{"type":"Feature","id":"a-028-7f37d21e54","properties":{"elementId":"A-028","featureId":"a-028-7f37d21e54","name":"Khan Jahan Ali Road Drain","kind":"water","kindLabel":"내륙 수자원 지물","sourceYear":"2026","recordIds":["bgd-v162-a-028-entity-00469"],"rowCount":1,"featureClass":"drain","lengthKm":0.15},"geometry":{"type":"Point","coordinates":[89.792311,22.659149]}},{"type":"Feature","id":"a-028-7bfc565314","properties":{"elementId":"A-028","featureId":"a-028-7bfc565314","name":"Khan Jahan Ali Road Drain","kind":"water","kindLabel":"내륙 수자원 지물","sourceYear":"2026","recordIds":["bgd-v162-a-028-entity-00494"],"rowCount":1,"featureClass":"drain","lengthKm":0.1877},"geometry":{"type":"Point","coordinates":[89.794082,22.658688]}},{"type":"Feature","id":"a-028-5b1d59a4f4","properties":{"elementId":"A-028","featureId":"a-028-5b1d59a4f4","name":"Khan Jahan Ali Road Drain","kind":"water","kindLabel":"내륙 수자원 지물","sourceYear":"2026","recordIds":["bgd-v162-a-028-entity-00405"],"rowCount":1,"featureClass":"drain","lengthKm":0.0817},"geometry":{"type":"Point","coordinates":[89.794877,22.658526]}},{"type":"Feature","id":"a-028-872409191c","properties":{"elementId":"A-028","featureId":"a-028-872409191c","name":"Khan Jahan Ali Road Drain","kind":"water","kindLabel":"내륙 수자원 지물","sourceYear":"2026","recordIds":["bgd-v162-a-028-entity-00321"],"rowCount":1,"featureClass":"drain","lengthKm":0.0055},"geometry":{"type":"Point","coordinates":[89.794929,22.658515]}},{"type":"Feature","id":"a-028-d742094a31","properties":{"elementId":"A-028","featureId":"a-028-d742094a31","name":"Khan Jahan Ali Road Drain","kind":"water","kindLabel":"내륙 수자원 지물","sourceYear":"2026","recordIds":["bgd-v162-a-028-entity-00427"],"rowCount":1,"featureClass":"drain","lengthKm":0.0967},"geometry":{"type":"Point","coordinates":[89.795851,22.658335]}},{"type":"Feature","id":"a-028-148b53a6f3","properties":{"elementId":"A-028","featureId":"a-028-148b53a6f3","name":"Khan Jahan Ali Road Drain","kind":"water","kindLabel":"내륙 수자원 지물","sourceYear":"2026","recordIds":["bgd-v162-a-028-entity-00291"],"rowCount":1,"featureClass":"drain","lengthKm":0.0022},"geometry":{"type":"Point","coordinates":[89.795871,22.658331]}},{"type":"Feature","id":"a-028-29817ea930","properties":{"elementId":"A-028","featureId":"a-028-29817ea930","name":"Khan Jahan Ali Road Drain","kind":"water","kindLabel":"내륙 수자원 지물","sourceYear":"2026","recordIds":["bgd-v162-a-028-entity-00349"],"rowCount":1,"featureClass":"drain","lengthKm":0.0231},"geometry":{"type":"Point","coordinates":[89.796091,22.658288]}},{"type":"Feature","id":"a-028-80b4c8b951","properties":{"elementId":"A-028","featureId":"a-028-80b4c8b951","name":"Khan Jahan Ali Road Drain","kind":"water","kindLabel":"내륙 수자원 지물","sourceYear":"2026","recordIds":["bgd-v162-a-028-entity-00389"],"rowCount":1,"featureClass":"drain","lengthKm":0.0644},"geometry":{"type":"Point","coordinates":[89.796735,22.658161]}},{"type":"Feature","id":"a-028-51b8da0be0","properties":{"elementId":"A-028","featureId":"a-028-51b8da0be0","name":"Khan Jahan Ali Road Drain","kind":"water","kindLabel":"내륙 수자원 지물","sourceYear":"2026","recordIds":["bgd-v162-a-028-entity-00393"],"rowCount":1,"featureClass":"drain","lengthKm":0.0706},"geometry":{"type":"Point","coordinates":[89.797424,22.658046]}},{"type":"Feature","id":"a-028-0c1372f08a","properties":{"elementId":"A-028","featureId":"a-028-0c1372f08a","name":"Khan Jahan Ali Road Drain","kind":"water","kindLabel":"내륙 수자원 지물","sourceYear":"2026","recordIds":["bgd-v162-a-028-entity-00380"],"rowCount":1,"featureClass":"drain","lengthKm":0.0576},"geometry":{"type":"Point","coordinates":[89.797429,22.658029]}},{"type":"Feature","id":"a-028-3cb48469c1","properties":{"elementId":"A-028","featureId":"a-028-3cb48469c1","name":"Khan Jahan Ali Road Drain","kind":"water","kindLabel":"내륙 수자원 지물","sourceYear":"2026","recordIds":["bgd-v162-a-028-entity-00272"],"rowCount":1,"featureClass":"drain","lengthKm":0.0008},"geometry":{"type":"Point","coordinates":[89.797437,22.658028]}},{"type":"Feature","id":"a-028-42f30bc201","properties":{"elementId":"A-028","featureId":"a-028-42f30bc201","name":"Khan Jahan Ali Road Drain","kind":"water","kindLabel":"내륙 수자원 지물","sourceYear":"2026","recordIds":["bgd-v162-a-028-entity-00269"],"rowCount":1,"featureClass":"drain","lengthKm":0.0005},"geometry":{"type":"Point","coordinates":[89.797442,22.658027]}},{"type":"Feature","id":"a-028-5a9152b262","properties":{"elementId":"A-028","featureId":"a-028-5a9152b262","name":"Khanjahan Ali Road Drain","kind":"water","kindLabel":"내륙 수자원 지물","sourceYear":"2026","recordIds":["bgd-v162-a-028-entity-00501"],"rowCount":1,"featureClass":"drain","lengthKm":0.1995},"geometry":{"type":"Point","coordinates":[89.789872,22.658557]}},{"type":"Feature","id":"a-028-2865d1fcae","properties":{"elementId":"A-028","featureId":"a-028-2865d1fcae","name":"Khardar Road Drain","kind":"water","kindLabel":"내륙 수자원 지물","sourceYear":"2026","recordIds":["bgd-v162-a-028-entity-00474"],"rowCount":1,"featureClass":"drain","lengthKm":0.1551},"geometry":{"type":"Point","coordinates":[89.782198,22.65478]}},{"type":"Feature","id":"a-028-6ba9f9691d","properties":{"elementId":"A-028","featureId":"a-028-6ba9f9691d","name":"Khardar Road Drain","kind":"water","kindLabel":"내륙 수자원 지물","sourceYear":"2026","recordIds":["bgd-v162-a-028-entity-00554"],"rowCount":1,"featureClass":"drain","lengthKm":0.4263},"geometry":{"type":"Point","coordinates":[89.783636,22.656254]}},{"type":"Feature","id":"a-028-3317a0d0e4","properties":{"elementId":"A-028","featureId":"a-028-3317a0d0e4","name":"Khardar Road Drain","kind":"water","kindLabel":"내륙 수자원 지물","sourceYear":"2026","recordIds":["bgd-v162-a-028-entity-00516"],"rowCount":1,"featureClass":"drain","lengthKm":0.236},"geometry":{"type":"Point","coordinates":[89.784037,22.655683]}},{"type":"Feature","id":"a-028-b34358b5ec","properties":{"elementId":"A-028","featureId":"a-028-b34358b5ec","name":"Khardar Road Drain","kind":"water","kindLabel":"내륙 수자원 지물","sourceYear":"2026","recordIds":["bgd-v162-a-028-entity-00471"],"rowCount":1,"featureClass":"drain","lengthKm":0.1518},"geometry":{"type":"Point","coordinates":[89.786208,22.655776]}},{"type":"Feature","id":"a-028-2220b71807","properties":{"elementId":"A-028","featureId":"a-028-2220b71807","name":"Khardar Road Drain","kind":"water","kindLabel":"내륙 수자원 지물","sourceYear":"2026","recordIds":["bgd-v162-a-028-entity-00529"],"rowCount":1,"featureClass":"drain","lengthKm":0.2716},"geometry":{"type":"Point","coordinates":[89.79038,22.653568]}},{"type":"Feature","id":"a-028-09e71f0cc9","properties":{"elementId":"A-028","featureId":"a-028-09e71f0cc9","name":"Kharia River","kind":"water","kindLabel":"내륙 수자원 지물","sourceYear":"2026","recordIds":["bgd-v162-a-028-entity-01629"],"rowCount":1,"featureClass":"river","lengthKm":23.1477},"geometry":{"type":"Point","coordinates":[90.411353,24.9927]}},{"type":"Feature","id":"a-028-7bc532d9bf","properties":{"elementId":"A-028","featureId":"a-028-7bc532d9bf","name":"Khawthlangtuipui","kind":"water","kindLabel":"내륙 수자원 지물","sourceYear":"2026","recordIds":["bgd-v162-a-028-entity-02025"],"rowCount":1,"featureClass":"river","lengthKm":16.1061},"geometry":{"type":"Point","coordinates":[92.448433,22.878441]}},{"type":"Feature","id":"a-028-1d15aed915","properties":{"elementId":"A-028","featureId":"a-028-1d15aed915","name":"Khemchong Para","kind":"natural","kindLabel":"기타 자연지형지물","sourceYear":"2026","recordIds":["bgd-v162-a-028-entity-00040"],"rowCount":1,"featureClass":"peak"},"geometry":{"type":"Point","coordinates":[92.450493,21.669477]}},{"type":"Feature","id":"a-028-18280dc3a2","properties":{"elementId":"A-028","featureId":"a-028-18280dc3a2","name":"Khirak River","kind":"water","kindLabel":"내륙 수자원 지물","sourceYear":"2026","recordIds":["bgd-v162-a-028-entity-01606"],"rowCount":1,"featureClass":"river","lengthKm":0.7781},"geometry":{"type":"Point","coordinates":[90.236354,24.668534]}},{"type":"Feature","id":"a-028-7641bc019b","properties":{"elementId":"A-028","featureId":"a-028-7641bc019b","name":"Khirak River","kind":"water","kindLabel":"내륙 수자원 지물","sourceYear":"2026","recordIds":["bgd-v162-a-028-entity-01647"],"rowCount":1,"featureClass":"river","lengthKm":8.9891},"geometry":{"type":"Point","coordinates":[90.24323,24.667753]}},{"type":"Feature","id":"a-028-593b19b60d","properties":{"elementId":"A-028","featureId":"a-028-593b19b60d","name":"Khoa Sagor Digi","kind":"water","kindLabel":"내륙 수자원 지물","sourceYear":"2026","recordIds":["bgd-v162-a-028-entity-00804"],"rowCount":1,"featureClass":"canal","lengthKm":1.1848},"geometry":{"type":"Point","coordinates":[90.810108,22.96924]}},{"type":"Feature","id":"a-028-ba26b3ff13","properties":{"elementId":"A-028","featureId":"a-028-ba26b3ff13","name":"Kholpetua River","kind":"water","kindLabel":"내륙 수자원 지물","sourceYear":"2026","recordIds":["bgd-v162-a-028-entity-00683"],"rowCount":1,"featureClass":"river","lengthKm":42.8206},"geometry":{"type":"Point","coordinates":[89.185233,22.559219]}},{"type":"Feature","id":"a-028-ecf4fef640","properties":{"elementId":"A-028","featureId":"a-028-ecf4fef640","name":"Kholpetua River","kind":"water","kindLabel":"내륙 수자원 지물","sourceYear":"2026","recordIds":["bgd-v162-a-028-entity-00658"],"rowCount":1,"featureClass":"river","lengthKm":25.1769},"geometry":{"type":"Point","coordinates":[89.264605,22.285588]}},{"type":"Feature","id":"a-028-676b89cdb2","properties":{"elementId":"A-028","featureId":"a-028-676b89cdb2","name":"Khukrali AamtolaDrain","kind":"water","kindLabel":"내륙 수자원 지물","sourceYear":"2026","recordIds":["bgd-v162-a-028-entity-00390"],"rowCount":1,"featureClass":"drain","lengthKm":0.0653},"geometry":{"type":"Point","coordinates":[89.066614,22.685048]}},{"type":"Feature","id":"a-028-ce0eaddff1","properties":{"elementId":"A-028","featureId":"a-028-ce0eaddff1","name":"Khukrali AamtolaDrain","kind":"water","kindLabel":"내륙 수자원 지물","sourceYear":"2026","recordIds":["bgd-v162-a-028-entity-00274"],"rowCount":1,"featureClass":"drain","lengthKm":0.0008},"geometry":{"type":"Point","coordinates":[89.066615,22.685054]}},{"type":"Feature","id":"a-028-9f50e8a48e","properties":{"elementId":"A-028","featureId":"a-028-9f50e8a48e","name":"Khukrali AamtolaDrain","kind":"water","kindLabel":"내륙 수자원 지물","sourceYear":"2026","recordIds":["bgd-v162-a-028-entity-00333"],"rowCount":1,"featureClass":"drain","lengthKm":0.0079},"geometry":{"type":"Point","coordinates":[89.066662,22.686]}},{"type":"Feature","id":"a-028-e49058d50f","properties":{"elementId":"A-028","featureId":"a-028-e49058d50f","name":"Khukrali AamtolaDrain","kind":"water","kindLabel":"내륙 수자원 지물","sourceYear":"2026","recordIds":["bgd-v162-a-028-entity-00428"],"rowCount":1,"featureClass":"drain","lengthKm":0.0975},"geometry":{"type":"Point","coordinates":[89.066666,22.685929]}},{"type":"Feature","id":"a-028-3fd735119f","properties":{"elementId":"A-028","featureId":"a-028-3fd735119f","name":"Khukrali AamtolaDrain","kind":"water","kindLabel":"내륙 수자원 지물","sourceYear":"2026","recordIds":["bgd-v162-a-028-entity-00528"],"rowCount":1,"featureClass":"drain","lengthKm":0.2659},"geometry":{"type":"Point","coordinates":[89.066813,22.688385]}},{"type":"Feature","id":"a-028-92387510d6","properties":{"elementId":"A-028","featureId":"a-028-92387510d6","name":"Khukrali Drain","kind":"water","kindLabel":"내륙 수자원 지물","sourceYear":"2026","recordIds":["bgd-v162-a-028-entity-00569"],"rowCount":1,"featureClass":"drain","lengthKm":0.613},"geometry":{"type":"Point","coordinates":[89.066276,22.694133]}},{"type":"Feature","id":"a-028-d4587ab766","properties":{"elementId":"A-028","featureId":"a-028-d4587ab766","name":"Khukrali Drain","kind":"water","kindLabel":"내륙 수자원 지물","sourceYear":"2026","recordIds":["bgd-v162-a-028-entity-00539"],"rowCount":1,"featureClass":"drain","lengthKm":0.3285},"geometry":{"type":"Point","coordinates":[89.066956,22.692799]}},{"type":"Feature","id":"a-028-3491d8ab46","properties":{"elementId":"A-028","featureId":"a-028-3491d8ab46","name":"Khukrali Drain","kind":"water","kindLabel":"내륙 수자원 지물","sourceYear":"2026","recordIds":["bgd-v162-a-028-entity-00478"],"rowCount":1,"featureClass":"drain","lengthKm":0.1678},"geometry":{"type":"Point","coordinates":[89.067274,22.689832]}},{"type":"Feature","id":"a-028-602d083c6a","properties":{"elementId":"A-028","featureId":"a-028-602d083c6a","name":"Khukrali Drain","kind":"water","kindLabel":"내륙 수자원 지물","sourceYear":"2026","recordIds":["bgd-v162-a-028-entity-00324"],"rowCount":1,"featureClass":"drain","lengthKm":0.006},"geometry":{"type":"Point","coordinates":[89.067274,22.689886]}},{"type":"Feature","id":"a-028-4743ca7064","properties":{"elementId":"A-028","featureId":"a-028-4743ca7064","name":"Khukrali Poccimpara Drain","kind":"water","kindLabel":"내륙 수자원 지물","sourceYear":"2026","recordIds":["bgd-v162-a-028-entity-00496"],"rowCount":1,"featureClass":"drain","lengthKm":0.1911},"geometry":{"type":"Point","coordinates":[89.062796,22.691551]}},{"type":"Feature","id":"a-028-6aedc1dce7","properties":{"elementId":"A-028","featureId":"a-028-6aedc1dce7","name":"Kirtankhola River","kind":"water","kindLabel":"내륙 수자원 지물","sourceYear":"2026","recordIds":["bgd-v162-a-028-entity-01526"],"rowCount":1,"featureClass":"river","lengthKm":0.0134},"geometry":{"type":"Point","coordinates":[90.377368,22.704241]}},{"type":"Feature","id":"a-028-bb68208cfb","properties":{"elementId":"A-028","featureId":"a-028-bb68208cfb","name":"Kochua Potti Road Drain","kind":"water","kindLabel":"내륙 수자원 지물","sourceYear":"2026","recordIds":["bgd-v162-a-028-entity-00536"],"rowCount":1,"featureClass":"drain","lengthKm":0.3066},"geometry":{"type":"Point","coordinates":[89.796871,22.658134]}},{"type":"Feature","id":"a-028-e26a7312bd","properties":{"elementId":"A-028","featureId":"a-028-e26a7312bd","name":"Kodalia River","kind":"water","kindLabel":"내륙 수자원 지물","sourceYear":"2026","recordIds":["bgd-v162-a-028-entity-02062"],"rowCount":1,"featureClass":"river","lengthKm":38.7846},"geometry":{"type":"Point","coordinates":[88.822835,23.210935]}},{"type":"Feature","id":"a-028-912e124b5b","properties":{"elementId":"A-028","featureId":"a-028-912e124b5b","name":"Koilag River","kind":"water","kindLabel":"내륙 수자원 지물","sourceYear":"2026","recordIds":["bgd-v162-a-028-entity-01198"],"rowCount":1,"featureClass":"river","lengthKm":5.6586},"geometry":{"type":"Point","coordinates":[90.936681,24.228788]}},{"type":"Feature","id":"a-028-f288035627","properties":{"elementId":"A-028","featureId":"a-028-f288035627","name":"Koitola Switch gate Cannel","kind":"water","kindLabel":"내륙 수자원 지물","sourceYear":"2026","recordIds":["bgd-v162-a-028-entity-01783"],"rowCount":1,"featureClass":"canal","lengthKm":0.777},"geometry":{"type":"Point","coordinates":[89.648148,24.007927]}},{"type":"Feature","id":"a-028-edc00a956f","properties":{"elementId":"A-028","featureId":"a-028-edc00a956f","name":"Kongso River","kind":"water","kindLabel":"내륙 수자원 지물","sourceYear":"2026","recordIds":["bgd-v162-a-028-entity-01644"],"rowCount":1,"featureClass":"river","lengthKm":64.8647},"geometry":{"type":"Point","coordinates":[90.830036,24.953308]}},{"type":"Feature","id":"a-028-c251a9822c","properties":{"elementId":"A-028","featureId":"a-028-c251a9822c","name":"Kopala Bunia Canal","kind":"water","kindLabel":"내륙 수자원 지물","sourceYear":"2026","recordIds":["bgd-v162-a-028-entity-01296"],"rowCount":1,"featureClass":"canal","lengthKm":0.2866},"geometry":{"type":"Point","coordinates":[90.52972,22.22228]}},{"type":"Feature","id":"a-028-38940b2949","properties":{"elementId":"A-028","featureId":"a-028-38940b2949","name":"Kopotakkho River","kind":"water","kindLabel":"내륙 수자원 지물","sourceYear":"2026","recordIds":["bgd-v162-a-028-entity-02099"],"rowCount":1,"featureClass":"stream","lengthKm":0.026},"geometry":{"type":"Point","coordinates":[88.783467,23.502371]}},{"type":"Feature","id":"a-028-b8b90148d3","properties":{"elementId":"A-028","featureId":"a-028-b8b90148d3","name":"Kopotakkho River","kind":"water","kindLabel":"내륙 수자원 지물","sourceYear":"2026","recordIds":["bgd-v162-a-028-entity-02100"],"rowCount":1,"featureClass":"stream","lengthKm":4.5534},"geometry":{"type":"Point","coordinates":[88.783602,23.502173]}},{"type":"Feature","id":"a-028-78b43da3ce","properties":{"elementId":"A-028","featureId":"a-028-78b43da3ce","name":"Kopotakkho River","kind":"water","kindLabel":"내륙 수자원 지물","sourceYear":"2026","recordIds":["bgd-v162-a-028-entity-00735"],"rowCount":1,"featureClass":"stream","lengthKm":3.8076},"geometry":{"type":"Point","coordinates":[88.809378,23.489037]}},{"type":"Feature","id":"a-028-5f6fdffe09","properties":{"elementId":"A-028","featureId":"a-028-5f6fdffe09","name":"Koralia Khal","kind":"water","kindLabel":"내륙 수자원 지물","sourceYear":"2026","recordIds":["bgd-v162-a-028-entity-01286"],"rowCount":1,"featureClass":"canal","lengthKm":0.2386},"geometry":{"type":"Point","coordinates":[90.417981,22.025223]}},{"type":"Feature","id":"a-028-c1cafe7717","properties":{"elementId":"A-028","featureId":"a-028-c1cafe7717","name":"Koyra river","kind":"water","kindLabel":"내륙 수자원 지물","sourceYear":"2026","recordIds":["bgd-v162-a-028-entity-00664"],"rowCount":1,"featureClass":"river","lengthKm":3.3105},"geometry":{"type":"Point","coordinates":[89.342596,22.391269]}},{"type":"Feature","id":"a-028-3d589c4182","properties":{"elementId":"A-028","featureId":"a-028-3d589c4182","name":"Krisnochura","kind":"natural","kindLabel":"기타 자연지형지물","sourceYear":"2026","recordIds":["bgd-v162-a-028-entity-00092"],"rowCount":1,"featureClass":"tree"},"geometry":{"type":"Point","coordinates":[90.386152,23.728644]}},{"type":"Feature","id":"a-028-4b50bdd38e","properties":{"elementId":"A-028","featureId":"a-028-4b50bdd38e","name":"Kuicchamara Khal","kind":"water","kindLabel":"내륙 수자원 지물","sourceYear":"2026","recordIds":["bgd-v162-a-028-entity-00176"],"rowCount":1,"featureClass":"canal","lengthKm":0.2663},"geometry":{"type":"Point","coordinates":[89.778734,22.404398]}},{"type":"Feature","id":"a-028-feec245c3b","properties":{"elementId":"A-028","featureId":"a-028-feec245c3b","name":"Kulik River","kind":"water","kindLabel":"내륙 수자원 지물","sourceYear":"2026","recordIds":["bgd-v162-a-028-entity-01733"],"rowCount":1,"featureClass":"river","lengthKm":4.6865},"geometry":{"type":"Point","coordinates":[88.266069,25.903144]}},{"type":"Feature","id":"a-028-e4d63b42af","properties":{"elementId":"A-028","featureId":"a-028-e4d63b42af","name":"Kultala canal","kind":"water","kindLabel":"내륙 수자원 지물","sourceYear":"2026","recordIds":["bgd-v162-a-028-entity-00188"],"rowCount":1,"featureClass":"canal","lengthKm":0.4692},"geometry":{"type":"Point","coordinates":[89.287238,22.373703]}},{"type":"Feature","id":"a-028-0b92b41eb1","properties":{"elementId":"A-028","featureId":"a-028-0b92b41eb1","name":"Kumar River","kind":"water","kindLabel":"내륙 수자원 지물","sourceYear":"2026","recordIds":["bgd-v162-a-028-entity-00667"],"rowCount":1,"featureClass":"river","lengthKm":3.9154},"geometry":{"type":"Point","coordinates":[89.433088,23.538327]}},{"type":"Feature","id":"a-028-a38549c394","properties":{"elementId":"A-028","featureId":"a-028-a38549c394","name":"Kumarir Chara","kind":"water","kindLabel":"내륙 수자원 지물","sourceYear":"2026","recordIds":["bgd-v162-a-028-entity-00923"],"rowCount":1,"featureClass":"river","lengthKm":26.5289},"geometry":{"type":"Point","coordinates":[92.045047,21.781524]}},{"type":"Feature","id":"a-028-a7d51eba2f","properties":{"elementId":"A-028","featureId":"a-028-a7d51eba2f","name":"Kumarir Chara","kind":"water","kindLabel":"내륙 수자원 지물","sourceYear":"2026","recordIds":["bgd-v162-a-028-entity-00938"],"rowCount":1,"featureClass":"river","lengthKm":37.7973},"geometry":{"type":"Point","coordinates":[92.227481,21.771924]}},{"type":"Feature","id":"a-028-4e49d456cd","properties":{"elementId":"A-028","featureId":"a-028-4e49d456cd","name":"Kumarpara Canel","kind":"water","kindLabel":"내륙 수자원 지물","sourceYear":"2026","recordIds":["bgd-v162-a-028-entity-01059"],"rowCount":1,"featureClass":"canal","lengthKm":3.4426},"geometry":{"type":"Point","coordinates":[90.073415,24.4778]}},{"type":"Feature","id":"a-028-4b0ce424bc","properties":{"elementId":"A-028","featureId":"a-028-4b0ce424bc","name":"Kumira Beach, Kumira, Chattogram","kind":"coastal","kindLabel":"해안 지물","sourceYear":"2026","recordIds":["bgd-v162-a-028-entity-00012"],"rowCount":1,"featureClass":"beach"},"geometry":{"type":"Point","coordinates":[91.698851,22.503431]}},{"type":"Feature","id":"a-028-cb37a22383","properties":{"elementId":"A-028","featureId":"a-028-cb37a22383","name":"Kumrakhali canal","kind":"water","kindLabel":"내륙 수자원 지물","sourceYear":"2026","recordIds":["bgd-v162-a-028-entity-01477"],"rowCount":1,"featureClass":"canal","lengthKm":3.3369},"geometry":{"type":"Point","coordinates":[90.096959,22.183901]}},{"type":"Feature","id":"a-028-4f5f059f1a","properties":{"elementId":"A-028","featureId":"a-028-4f5f059f1a","name":"Kurissa Khal","kind":"water","kindLabel":"내륙 수자원 지물","sourceYear":"2026","recordIds":["bgd-v162-a-028-entity-01407"],"rowCount":1,"featureClass":"canal","lengthKm":1.2188},"geometry":{"type":"Point","coordinates":[89.924621,22.404073]}},{"type":"Feature","id":"a-028-b03106895e","properties":{"elementId":"A-028","featureId":"a-028-b03106895e","name":"Kurissa Khal","kind":"water","kindLabel":"내륙 수자원 지물","sourceYear":"2026","recordIds":["bgd-v162-a-028-entity-01241"],"rowCount":1,"featureClass":"canal","lengthKm":0.0451},"geometry":{"type":"Point","coordinates":[89.934565,22.398565]}},{"type":"Feature","id":"a-028-6865331d90","properties":{"elementId":"A-028","featureId":"a-028-6865331d90","name":"Kurissa Khal","kind":"water","kindLabel":"내륙 수자원 지물","sourceYear":"2026","recordIds":["bgd-v162-a-028-entity-01380"],"rowCount":1,"featureClass":"canal","lengthKm":0.9225},"geometry":{"type":"Point","coordinates":[89.934844,22.398253]}},{"type":"Feature","id":"a-028-04b677cad9","properties":{"elementId":"A-028","featureId":"a-028-04b677cad9","name":"Kurum River","kind":"water","kindLabel":"내륙 수자원 지물","sourceYear":"2026","recordIds":["bgd-v162-a-028-entity-01695"],"rowCount":1,"featureClass":"river","lengthKm":13.5514},"geometry":{"type":"Point","coordinates":[88.735902,26.251481]}},{"type":"Feature","id":"a-028-b94998ecb9","properties":{"elementId":"A-028","featureId":"a-028-b94998ecb9","name":"LGD Road Drain","kind":"water","kindLabel":"내륙 수자원 지물","sourceYear":"2026","recordIds":["bgd-v162-a-028-entity-00543"],"rowCount":1,"featureClass":"drain","lengthKm":0.3461},"geometry":{"type":"Point","coordinates":[89.783037,22.65797]}},{"type":"Feature","id":"a-028-be2855e049","properties":{"elementId":"A-028","featureId":"a-028-be2855e049","name":"LGED Fakirhat Road Drain","kind":"water","kindLabel":"내륙 수자원 지물","sourceYear":"2026","recordIds":["bgd-v162-a-028-entity-00574"],"rowCount":1,"featureClass":"drain","lengthKm":0.759},"geometry":{"type":"Point","coordinates":[89.783013,22.657945]}},{"type":"Feature","id":"a-028-dfa64eb81d","properties":{"elementId":"A-028","featureId":"a-028-dfa64eb81d","name":"Labangaboti","kind":"water","kindLabel":"내륙 수자원 지물","sourceYear":"2026","recordIds":["bgd-v162-a-028-entity-00717"],"rowCount":1,"featureClass":"river","lengthKm":9.1746},"geometry":{"type":"Point","coordinates":[89.008602,22.64265]}},{"type":"Feature","id":"a-028-e3ee63dcb1","properties":{"elementId":"A-028","featureId":"a-028-e3ee63dcb1","name":"Lake Paar","kind":"water","kindLabel":"내륙 수자원 지물","sourceYear":"2026","recordIds":["bgd-v162-a-028-entity-00178"],"rowCount":1,"featureClass":"canal","lengthKm":0.3202},"geometry":{"type":"Point","coordinates":[89.085736,22.710848]}},{"type":"Feature","id":"a-028-68ea3a7453","properties":{"elementId":"A-028","featureId":"a-028-68ea3a7453","name":"Lakkhipur Khal","kind":"water","kindLabel":"내륙 수자원 지물","sourceYear":"2026","recordIds":["bgd-v162-a-028-entity-01058"],"rowCount":1,"featureClass":"canal","lengthKm":2.78},"geometry":{"type":"Point","coordinates":[90.644042,23.52856]}},{"type":"Feature","id":"a-028-811eb928c2","properties":{"elementId":"A-028","featureId":"a-028-811eb928c2","name":"Lebu Buniyar Khal","kind":"water","kindLabel":"내륙 수자원 지물","sourceYear":"2026","recordIds":["bgd-v162-a-028-entity-00171"],"rowCount":1,"featureClass":"canal","lengthKm":0.202},"geometry":{"type":"Point","coordinates":[89.83005,22.462397]}},{"type":"Feature","id":"a-028-0686310a57","properties":{"elementId":"A-028","featureId":"a-028-0686310a57","name":"Leda Canal","kind":"water","kindLabel":"내륙 수자원 지물","sourceYear":"2026","recordIds":["bgd-v162-a-028-entity-00990"],"rowCount":1,"featureClass":"stream","lengthKm":2.2164},"geometry":{"type":"Point","coordinates":[92.233463,20.943048]}},{"type":"Feature","id":"a-028-11685bc706","properties":{"elementId":"A-028","featureId":"a-028-11685bc706","name":"Leda Canal","kind":"water","kindLabel":"내륙 수자원 지물","sourceYear":"2026","recordIds":["bgd-v162-a-028-entity-00981"],"rowCount":1,"featureClass":"stream","lengthKm":0.5265},"geometry":{"type":"Point","coordinates":[92.234904,20.940871]}},{"type":"Feature","id":"a-028-b84ff7303a","properties":{"elementId":"A-028","featureId":"a-028-b84ff7303a","name":"Lichi","kind":"natural","kindLabel":"기타 자연지형지물","sourceYear":"2026","recordIds":["bgd-v162-a-028-entity-00036"],"rowCount":1,"featureClass":"tree"},"geometry":{"type":"Point","coordinates":[88.945771,23.756549]}},{"type":"Feature","id":"a-028-3eeb1e6dca","properties":{"elementId":"A-028","featureId":"a-028-3eeb1e6dca","name":"Lichutola Road Drain","kind":"water","kindLabel":"내륙 수자원 지물","sourceYear":"2026","recordIds":["bgd-v162-a-028-entity-00456"],"rowCount":1,"featureClass":"drain","lengthKm":0.1333},"geometry":{"type":"Point","coordinates":[89.791245,22.66252]}},{"type":"Feature","id":"a-028-745eb61045","properties":{"elementId":"A-028","featureId":"a-028-745eb61045","name":"Lichutola Road Drain","kind":"water","kindLabel":"내륙 수자원 지물","sourceYear":"2026","recordIds":["bgd-v162-a-028-entity-00442"],"rowCount":1,"featureClass":"drain","lengthKm":0.1175},"geometry":{"type":"Point","coordinates":[89.793778,22.662933]}},{"type":"Feature","id":"a-028-535c5c7623","properties":{"elementId":"A-028","featureId":"a-028-535c5c7623","name":"Lohacura Canal","kind":"water","kindLabel":"내륙 수자원 지물","sourceYear":"2026","recordIds":["bgd-v162-a-028-entity-01897"],"rowCount":1,"featureClass":"canal","lengthKm":0.4485},"geometry":{"type":"Point","coordinates":[91.232574,25.095563]}},{"type":"Feature","id":"a-028-557052139d","properties":{"elementId":"A-028","featureId":"a-028-557052139d","name":"Longai","kind":"water","kindLabel":"내륙 수자원 지물","sourceYear":"2026","recordIds":["bgd-v162-a-028-entity-02071"],"rowCount":1,"featureClass":"river","lengthKm":45.0119},"geometry":{"type":"Point","coordinates":[92.350178,24.839772]}},{"type":"Feature","id":"a-028-2b4e330373","properties":{"elementId":"A-028","featureId":"a-028-2b4e330373","name":"Louhajang River","kind":"water","kindLabel":"내륙 수자원 지물","sourceYear":"2026","recordIds":["bgd-v162-a-028-entity-01107","bgd-v162-a-028-entity-01135"],"rowCount":2,"featureClass":"river"},"geometry":{"type":"Point","coordinates":[89.914585,24.263836]}},{"type":"Feature","id":"a-028-09e1eb1c0f","properties":{"elementId":"A-028","featureId":"a-028-09e1eb1c0f","name":"Louhajang River","kind":"water","kindLabel":"내륙 수자원 지물","sourceYear":"2026","recordIds":["bgd-v162-a-028-entity-01120"],"rowCount":1,"featureClass":"river","lengthKm":1.0271},"geometry":{"type":"Point","coordinates":[89.914665,24.26482]}},{"type":"Feature","id":"a-028-2b711841c6","properties":{"elementId":"A-028","featureId":"a-028-2b711841c6","name":"Louhajang River","kind":"water","kindLabel":"내륙 수자원 지물","sourceYear":"2026","recordIds":["bgd-v162-a-028-entity-01153"],"rowCount":1,"featureClass":"river","lengthKm":19.877},"geometry":{"type":"Point","coordinates":[89.971264,24.217374]}},{"type":"Feature","id":"a-028-a05d779e00","properties":{"elementId":"A-028","featureId":"a-028-a05d779e00","name":"Louhojong","kind":"water","kindLabel":"내륙 수자원 지물","sourceYear":"2026","recordIds":["bgd-v162-a-028-entity-01190"],"rowCount":1,"featureClass":"river","lengthKm":45.8521},"geometry":{"type":"Point","coordinates":[89.800315,24.334936]}},{"type":"Feature","id":"a-028-eaea049a1c","properties":{"elementId":"A-028","featureId":"a-028-eaea049a1c","name":"Louhojong","kind":"water","kindLabel":"내륙 수자원 지물","sourceYear":"2026","recordIds":["bgd-v162-a-028-entity-01105","bgd-v162-a-028-entity-01147"],"rowCount":2,"featureClass":"river"},"geometry":{"type":"Point","coordinates":[89.971118,24.21666]}},{"type":"Feature","id":"a-028-adff66d8c8","properties":{"elementId":"A-028","featureId":"a-028-adff66d8c8","name":"Loularchar large Khal","kind":"water","kindLabel":"내륙 수자원 지물","sourceYear":"2026","recordIds":["bgd-v162-a-028-entity-01906"],"rowCount":1,"featureClass":"canal","lengthKm":1.7065},"geometry":{"type":"Point","coordinates":[91.259791,24.733243]}},{"type":"Feature","id":"a-028-9c29897a92","properties":{"elementId":"A-028","featureId":"a-028-9c29897a92","name":"Lounch Ghat Road Drain","kind":"water","kindLabel":"내륙 수자원 지물","sourceYear":"2026","recordIds":["bgd-v162-a-028-entity-00273"],"rowCount":1,"featureClass":"drain","lengthKm":0.0008},"geometry":{"type":"Point","coordinates":[89.79626,22.660058]}},{"type":"Feature","id":"a-028-11ecb16776","properties":{"elementId":"A-028","featureId":"a-028-11ecb16776","name":"Lounch Ghat Road Drain","kind":"water","kindLabel":"내륙 수자원 지물","sourceYear":"2026","recordIds":["bgd-v162-a-028-entity-00282"],"rowCount":1,"featureClass":"drain","lengthKm":0.0015},"geometry":{"type":"Point","coordinates":[89.796272,22.660067]}},{"type":"Feature","id":"a-028-8c1f81e126","properties":{"elementId":"A-028","featureId":"a-028-8c1f81e126","name":"Lounch Ghat Road Drain","kind":"water","kindLabel":"내륙 수자원 지물","sourceYear":"2026","recordIds":["bgd-v162-a-028-entity-00358"],"rowCount":1,"featureClass":"drain","lengthKm":0.0373},"geometry":{"type":"Point","coordinates":[89.796553,22.660279]}},{"type":"Feature","id":"a-028-e784becafd","properties":{"elementId":"A-028","featureId":"a-028-e784becafd","name":"Macchadona Khal","kind":"water","kindLabel":"내륙 수자원 지물","sourceYear":"2026","recordIds":["bgd-v162-a-028-entity-00875"],"rowCount":1,"featureClass":"river","lengthKm":1.2963},"geometry":{"type":"Point","coordinates":[91.293409,22.8673]}},{"type":"Feature","id":"a-028-cd0cb44924","properties":{"elementId":"A-028","featureId":"a-028-cd0cb44924","name":"Macchadona Khal","kind":"water","kindLabel":"내륙 수자원 지물","sourceYear":"2026","recordIds":["bgd-v162-a-028-entity-00852"],"rowCount":1,"featureClass":"river","lengthKm":0.1637},"geometry":{"type":"Point","coordinates":[91.29499,22.861222]}},{"type":"Feature","id":"a-028-44ff66f010","properties":{"elementId":"A-028","featureId":"a-028-44ff66f010","name":"Macchadona Khal","kind":"water","kindLabel":"내륙 수자원 지물","sourceYear":"2026","recordIds":["bgd-v162-a-028-entity-00859"],"rowCount":1,"featureClass":"river","lengthKm":0.3251},"geometry":{"type":"Point","coordinates":[91.296259,22.860088]}},{"type":"Feature","id":"a-028-a68c77d866","properties":{"elementId":"A-028","featureId":"a-028-a68c77d866","name":"Macchadona Khal","kind":"water","kindLabel":"내륙 수자원 지물","sourceYear":"2026","recordIds":["bgd-v162-a-028-entity-00857"],"rowCount":1,"featureClass":"river","lengthKm":0.302},"geometry":{"type":"Point","coordinates":[91.296367,22.861256]}},{"type":"Feature","id":"a-028-0cef496615","properties":{"elementId":"A-028","featureId":"a-028-0cef496615","name":"Machkhola Road Side Drainage","kind":"water","kindLabel":"내륙 수자원 지물","sourceYear":"2026","recordIds":["bgd-v162-a-028-entity-00444"],"rowCount":1,"featureClass":"drain","lengthKm":0.1197},"geometry":{"type":"Point","coordinates":[89.091678,22.707715]}},{"type":"Feature","id":"a-028-d0c2f0cb64","properties":{"elementId":"A-028","featureId":"a-028-d0c2f0cb64","name":"Machkhola Road Side Drainage","kind":"water","kindLabel":"내륙 수자원 지물","sourceYear":"2026","recordIds":["bgd-v162-a-028-entity-00322"],"rowCount":1,"featureClass":"drain","lengthKm":0.0059},"geometry":{"type":"Point","coordinates":[89.092583,22.707548]}},{"type":"Feature","id":"a-028-e512ab18c0","properties":{"elementId":"A-028","featureId":"a-028-e512ab18c0","name":"Madanpur Khal","kind":"water","kindLabel":"내륙 수자원 지물","sourceYear":"2026","recordIds":["bgd-v162-a-028-entity-01057"],"rowCount":1,"featureClass":"canal","lengthKm":2.6526},"geometry":{"type":"Point","coordinates":[90.570629,23.702527]}},{"type":"Feature","id":"a-028-caeedbff32","properties":{"elementId":"A-028","featureId":"a-028-caeedbff32","name":"Madarbuniya harir khal","kind":"water","kindLabel":"내륙 수자원 지물","sourceYear":"2026","recordIds":["bgd-v162-a-028-entity-01458"],"rowCount":1,"featureClass":"canal","lengthKm":2.3773},"geometry":{"type":"Point","coordinates":[90.47636,21.965176]}},{"type":"Feature","id":"a-028-55a328b988","properties":{"elementId":"A-028","featureId":"a-028-55a328b988","name":"Madari Khal","kind":"water","kindLabel":"내륙 수자원 지물","sourceYear":"2026","recordIds":["bgd-v162-a-028-entity-00838"],"rowCount":1,"featureClass":"canal","lengthKm":5.8137},"geometry":{"type":"Point","coordinates":[91.83536,22.477357]}},{"type":"Feature","id":"a-028-93a33846a6","properties":{"elementId":"A-028","featureId":"a-028-93a33846a6","name":"Madari Khal","kind":"water","kindLabel":"내륙 수자원 지물","sourceYear":"2026","recordIds":["bgd-v162-a-028-entity-00758"],"rowCount":1,"featureClass":"canal","lengthKm":0.022},"geometry":{"type":"Point","coordinates":[91.858824,22.449804]}},{"type":"Feature","id":"a-028-46cdee5812","properties":{"elementId":"A-028","featureId":"a-028-46cdee5812","name":"Madari Khal","kind":"water","kindLabel":"내륙 수자원 지물","sourceYear":"2026","recordIds":["bgd-v162-a-028-entity-00769"],"rowCount":1,"featureClass":"canal","lengthKm":0.2047},"geometry":{"type":"Point","coordinates":[91.859031,22.449752]}},{"type":"Feature","id":"a-028-babee95a18","properties":{"elementId":"A-028","featureId":"a-028-babee95a18","name":"Maddha Southkhali Khal","kind":"water","kindLabel":"내륙 수자원 지물","sourceYear":"2026","recordIds":["bgd-v162-a-028-entity-00218"],"rowCount":1,"featureClass":"canal","lengthKm":1.0925},"geometry":{"type":"Point","coordinates":[89.828,22.262568]}},{"type":"Feature","id":"a-028-eab62a1365","properties":{"elementId":"A-028","featureId":"a-028-eab62a1365","name":"Maddha Southkhali Khal","kind":"water","kindLabel":"내륙 수자원 지물","sourceYear":"2026","recordIds":["bgd-v162-a-028-entity-00230"],"rowCount":1,"featureClass":"canal","lengthKm":1.5685},"geometry":{"type":"Point","coordinates":[89.830116,22.254431]}},{"type":"Feature","id":"a-028-af74dc8a54","properties":{"elementId":"A-028","featureId":"a-028-af74dc8a54","name":"Maderboniya Khal","kind":"water","kindLabel":"내륙 수자원 지물","sourceYear":"2026","recordIds":["bgd-v162-a-028-entity-01422"],"rowCount":1,"featureClass":"canal","lengthKm":1.5527},"geometry":{"type":"Point","coordinates":[90.479279,21.961475]}},{"type":"Feature","id":"a-028-40d209c853","properties":{"elementId":"A-028","featureId":"a-028-40d209c853","name":"Madina Masjid Road Drain","kind":"water","kindLabel":"내륙 수자원 지물","sourceYear":"2026","recordIds":["bgd-v162-a-028-entity-00563"],"rowCount":1,"featureClass":"drain","lengthKm":0.5152},"geometry":{"type":"Point","coordinates":[89.079679,22.695196]}},{"type":"Feature","id":"a-028-768213b9c1","properties":{"elementId":"A-028","featureId":"a-028-768213b9c1","name":"Magra River","kind":"water","kindLabel":"내륙 수자원 지물","sourceYear":"2026","recordIds":["bgd-v162-a-028-entity-01628"],"rowCount":1,"featureClass":"river","lengthKm":22.7224},"geometry":{"type":"Point","coordinates":[90.827739,24.909425]}},{"type":"Feature","id":"a-028-4eac9a3222","properties":{"elementId":"A-028","featureId":"a-028-4eac9a3222","name":"Magra River","kind":"water","kindLabel":"내륙 수자원 지물","sourceYear":"2026","recordIds":["bgd-v162-a-028-entity-01633"],"rowCount":1,"featureClass":"river","lengthKm":4.1813},"geometry":{"type":"Point","coordinates":[90.829977,24.846838]}},{"type":"Feature","id":"a-028-ab9a9c9a2f","properties":{"elementId":"A-028","featureId":"a-028-ab9a9c9a2f","name":"Magra River","kind":"water","kindLabel":"내륙 수자원 지물","sourceYear":"2026","recordIds":["bgd-v162-a-028-entity-01597"],"rowCount":1,"featureClass":"river","lengthKm":0.0315},"geometry":{"type":"Point","coordinates":[90.843396,24.816919]}},{"type":"Feature","id":"a-028-50febf0d83","properties":{"elementId":"A-028","featureId":"a-028-50febf0d83","name":"Magra River","kind":"water","kindLabel":"내륙 수자원 지물","sourceYear":"2026","recordIds":["bgd-v162-a-028-entity-01627"],"rowCount":1,"featureClass":"river","lengthKm":2.9827},"geometry":{"type":"Point","coordinates":[90.843496,24.816651]}},{"type":"Feature","id":"a-028-bb7815a982","properties":{"elementId":"A-028","featureId":"a-028-bb7815a982","name":"Magra River","kind":"water","kindLabel":"내륙 수자원 지물","sourceYear":"2026","recordIds":["bgd-v162-a-028-entity-01605"],"rowCount":1,"featureClass":"river","lengthKm":0.5063},"geometry":{"type":"Point","coordinates":[90.862497,24.813435]}},{"type":"Feature","id":"a-028-42109b7b13","properties":{"elementId":"A-028","featureId":"a-028-42109b7b13","name":"Magra River","kind":"water","kindLabel":"내륙 수자원 지물","sourceYear":"2026","recordIds":["bgd-v162-a-028-entity-01617"],"rowCount":1,"featureClass":"river","lengthKm":11.1988},"geometry":{"type":"Point","coordinates":[90.866556,24.808053]}},{"type":"Feature","id":"a-028-b34196ae0d","properties":{"elementId":"A-028","featureId":"a-028-b34196ae0d","name":"Mahananda","kind":"water","kindLabel":"내륙 수자원 지물","sourceYear":"2026","recordIds":["bgd-v162-a-028-entity-02093"],"rowCount":1,"featureClass":"river","lengthKm":79.7713},"geometry":{"type":"Point","coordinates":[88.264167,24.885556]}},{"type":"Feature","id":"a-028-701768378a","properties":{"elementId":"A-028","featureId":"a-028-701768378a","name":"Mahananda River","kind":"water","kindLabel":"내륙 수자원 지물","sourceYear":"2026","recordIds":["bgd-v162-a-028-entity-02082"],"rowCount":1,"featureClass":"river","lengthKm":53.2491},"geometry":{"type":"Point","coordinates":[88.331747,26.49465]}},{"type":"Feature","id":"a-028-78dad9f326","properties":{"elementId":"A-028","featureId":"a-028-78dad9f326","name":"Mahananda River","kind":"water","kindLabel":"내륙 수자원 지물","sourceYear":"2026","recordIds":["bgd-v162-a-028-entity-02076"],"rowCount":1,"featureClass":"river","lengthKm":5.3872},"geometry":{"type":"Point","coordinates":[88.357091,26.534089]}},{"type":"Feature","id":"a-028-4190bda236","properties":{"elementId":"A-028","featureId":"a-028-4190bda236","name":"Mahananda River","kind":"water","kindLabel":"내륙 수자원 지물","sourceYear":"2026","recordIds":["bgd-v162-a-028-entity-02002"],"rowCount":1,"featureClass":"river","lengthKm":0.008},"geometry":{"type":"Point","coordinates":[88.3571,26.53416]}},{"type":"Feature","id":"a-028-0dde2bc85a","properties":{"elementId":"A-028","featureId":"a-028-0dde2bc85a","name":"Mahananda River","kind":"water","kindLabel":"내륙 수자원 지물","sourceYear":"2026","recordIds":["bgd-v162-a-028-entity-02004"],"rowCount":1,"featureClass":"river","lengthKm":0.3876},"geometry":{"type":"Point","coordinates":[88.357463,26.537631]}},{"type":"Feature","id":"a-028-f643a11281","properties":{"elementId":"A-028","featureId":"a-028-f643a11281","name":"Mahananda River","kind":"water","kindLabel":"내륙 수자원 지물","sourceYear":"2026","recordIds":["bgd-v162-a-028-entity-02022"],"rowCount":1,"featureClass":"river","lengthKm":15.2212},"geometry":{"type":"Point","coordinates":[88.40853,26.638277]}},{"type":"Feature","id":"a-028-071bf62da2","properties":{"elementId":"A-028","featureId":"a-028-071bf62da2","name":"Majerpara Drain","kind":"water","kindLabel":"내륙 수자원 지물","sourceYear":"2026","recordIds":["bgd-v162-a-028-entity-00481"],"rowCount":1,"featureClass":"drain","lengthKm":0.1695},"geometry":{"type":"Point","coordinates":[89.067068,22.689119]}},{"type":"Feature","id":"a-028-3addc71092","properties":{"elementId":"A-028","featureId":"a-028-3addc71092","name":"Malijhi River","kind":"water","kindLabel":"내륙 수자원 지물","sourceYear":"2026","recordIds":["bgd-v162-a-028-entity-01623"],"rowCount":1,"featureClass":"river","lengthKm":18.2484},"geometry":{"type":"Point","coordinates":[90.119336,25.071849]}},{"type":"Feature","id":"a-028-234aa87575","properties":{"elementId":"A-028","featureId":"a-028-234aa87575","name":"Mango","kind":"natural","kindLabel":"기타 자연지형지물","sourceYear":"2026","recordIds":["bgd-v162-a-028-entity-00035"],"rowCount":1,"featureClass":"tree"},"geometry":{"type":"Point","coordinates":[88.945742,23.756546]}},{"type":"Feature","id":"a-028-b1ab54b3a8","properties":{"elementId":"A-028","featureId":"a-028-b1ab54b3a8","name":"Mango Tree","kind":"natural","kindLabel":"기타 자연지형지물","sourceYear":"2026","recordIds":["bgd-v162-a-028-entity-00038"],"rowCount":1,"featureClass":"tree"},"geometry":{"type":"Point","coordinates":[88.935315,23.759473]}},{"type":"Feature","id":"a-028-25164aebf0","properties":{"elementId":"A-028","featureId":"a-028-25164aebf0","name":"Mango Tree","kind":"natural","kindLabel":"기타 자연지형지물","sourceYear":"2026","recordIds":["bgd-v162-a-028-entity-00037"],"rowCount":1,"featureClass":"tree"},"geometry":{"type":"Point","coordinates":[88.935494,23.759465]}},{"type":"Feature","id":"a-028-56241af7a2","properties":{"elementId":"A-028","featureId":"a-028-56241af7a2","name":"Mango Tree","kind":"natural","kindLabel":"기타 자연지형지물","sourceYear":"2026","recordIds":["bgd-v162-a-028-entity-00125"],"rowCount":1,"featureClass":"tree"},"geometry":{"type":"Point","coordinates":[89.266208,24.462237]}},{"type":"Feature","id":"a-028-3f01348140","properties":{"elementId":"A-028","featureId":"a-028-3f01348140","name":"Mango Tree","kind":"natural","kindLabel":"기타 자연지형지물","sourceYear":"2026","recordIds":["bgd-v162-a-028-entity-00024"],"rowCount":1,"featureClass":"tree"},"geometry":{"type":"Point","coordinates":[89.542195,22.784112]}},{"type":"Feature","id":"a-028-8ae1b66008","properties":{"elementId":"A-028","featureId":"a-028-8ae1b66008","name":"Mango Tree","kind":"natural","kindLabel":"기타 자연지형지물","sourceYear":"2026","recordIds":["bgd-v162-a-028-entity-00023"],"rowCount":1,"featureClass":"tree"},"geometry":{"type":"Point","coordinates":[89.542283,22.784093]}},{"type":"Feature","id":"a-028-d65b27cb68","properties":{"elementId":"A-028","featureId":"a-028-d65b27cb68","name":"Mango Tree","kind":"natural","kindLabel":"기타 자연지형지물","sourceYear":"2026","recordIds":["bgd-v162-a-028-entity-00022"],"rowCount":1,"featureClass":"tree"},"geometry":{"type":"Point","coordinates":[89.542407,22.784083]}},{"type":"Feature","id":"a-028-875d2cec89","properties":{"elementId":"A-028","featureId":"a-028-875d2cec89","name":"Mango Tree","kind":"natural","kindLabel":"기타 자연지형지물","sourceYear":"2026","recordIds":["bgd-v162-a-028-entity-00094"],"rowCount":1,"featureClass":"tree"},"geometry":{"type":"Point","coordinates":[90.397683,23.730089]}},{"type":"Feature","id":"a-028-2aba96aa01","properties":{"elementId":"A-028","featureId":"a-028-2aba96aa01","name":"Mango tree","kind":"natural","kindLabel":"기타 자연지형지물","sourceYear":"2026","recordIds":["bgd-v162-a-028-entity-00117"],"rowCount":1,"featureClass":"tree"},"geometry":{"type":"Point","coordinates":[90.293206,23.850497]}},{"type":"Feature","id":"a-028-016798fb4a","properties":{"elementId":"A-028","featureId":"a-028-016798fb4a","name":"Mango tree","kind":"natural","kindLabel":"기타 자연지형지물","sourceYear":"2026","recordIds":["bgd-v162-a-028-entity-00116"],"rowCount":1,"featureClass":"tree"},"geometry":{"type":"Point","coordinates":[90.293209,23.850468]}},{"type":"Feature","id":"a-028-c14963ed1e","properties":{"elementId":"A-028","featureId":"a-028-c14963ed1e","name":"Mango tree","kind":"natural","kindLabel":"기타 자연지형지물","sourceYear":"2026","recordIds":["bgd-v162-a-028-entity-00112"],"rowCount":1,"featureClass":"tree"},"geometry":{"type":"Point","coordinates":[90.29334,23.850236]}},{"type":"Feature","id":"a-028-712553fd07","properties":{"elementId":"A-028","featureId":"a-028-712553fd07","name":"Mango tree","kind":"natural","kindLabel":"기타 자연지형지물","sourceYear":"2026","recordIds":["bgd-v162-a-028-entity-00113"],"rowCount":1,"featureClass":"tree"},"geometry":{"type":"Point","coordinates":[90.293355,23.850317]}},{"type":"Feature","id":"a-028-02773c35a8","properties":{"elementId":"A-028","featureId":"a-028-02773c35a8","name":"Manu","kind":"water","kindLabel":"내륙 수자원 지물","sourceYear":"2026","recordIds":["bgd-v162-a-028-entity-01977"],"rowCount":1,"featureClass":"river","lengthKm":6.1095},"geometry":{"type":"Point","coordinates":[91.918595,24.45132]}},{"type":"Feature","id":"a-028-e64de71570","properties":{"elementId":"A-028","featureId":"a-028-e64de71570","name":"Manu","kind":"water","kindLabel":"내륙 수자원 지물","sourceYear":"2026","recordIds":["bgd-v162-a-028-entity-01950"],"rowCount":1,"featureClass":"river","lengthKm":19.307},"geometry":{"type":"Point","coordinates":[91.991125,24.391826]}},{"type":"Feature","id":"a-028-a22316edc8","properties":{"elementId":"A-028","featureId":"a-028-a22316edc8","name":"Manu","kind":"water","kindLabel":"내륙 수자원 지물","sourceYear":"2026","recordIds":["bgd-v162-a-028-entity-02040"],"rowCount":1,"featureClass":"river","lengthKm":22.459},"geometry":{"type":"Point","coordinates":[92.014091,24.286005]}},{"type":"Feature","id":"a-028-67b1bc6e84","properties":{"elementId":"A-028","featureId":"a-028-67b1bc6e84","name":"Manu River","kind":"water","kindLabel":"내륙 수자원 지물","sourceYear":"2026","recordIds":["bgd-v162-a-028-entity-01967"],"rowCount":1,"featureClass":"river","lengthKm":40.1831},"geometry":{"type":"Point","coordinates":[91.906651,24.485807]}},{"type":"Feature","id":"a-028-af837b6704","properties":{"elementId":"A-028","featureId":"a-028-af837b6704","name":"Mathabhanga River","kind":"water","kindLabel":"내륙 수자원 지물","sourceYear":"2026","recordIds":["bgd-v162-a-028-entity-00653"],"rowCount":1,"featureClass":"river","lengthKm":20.5025},"geometry":{"type":"Point","coordinates":[88.728109,24.048136]}},{"type":"Feature","id":"a-028-b68a850b58","properties":{"elementId":"A-028","featureId":"a-028-b68a850b58","name":"Mathavanga","kind":"water","kindLabel":"내륙 수자원 지물","sourceYear":"2026","recordIds":["bgd-v162-a-028-entity-02028"],"rowCount":1,"featureClass":"river","lengthKm":17.093},"geometry":{"type":"Point","coordinates":[88.744527,23.481459]}},{"type":"Feature","id":"a-028-9500756948","properties":{"elementId":"A-028","featureId":"a-028-9500756948","name":"Mathavanga","kind":"water","kindLabel":"내륙 수자원 지물","sourceYear":"2026","recordIds":["bgd-v162-a-028-entity-00723"],"rowCount":1,"featureClass":"river","lengthKm":9.9024},"geometry":{"type":"Point","coordinates":[88.784374,23.50311]}},{"type":"Feature","id":"a-028-f70e9415dc","properties":{"elementId":"A-028","featureId":"a-028-f70e9415dc","name":"Mathavanga","kind":"water","kindLabel":"내륙 수자원 지물","sourceYear":"2026","recordIds":["bgd-v162-a-028-entity-00585"],"rowCount":1,"featureClass":"river","lengthKm":0.0292},"geometry":{"type":"Point","coordinates":[88.844049,23.646556]}},{"type":"Feature","id":"a-028-495d13cb5f","properties":{"elementId":"A-028","featureId":"a-028-495d13cb5f","name":"Mayur","kind":"water","kindLabel":"내륙 수자원 지물","sourceYear":"2026","recordIds":["bgd-v162-a-028-entity-00718"],"rowCount":1,"featureClass":"river","lengthKm":9.2338},"geometry":{"type":"Point","coordinates":[89.533655,22.823829]}},{"type":"Feature","id":"a-028-53802a697b","properties":{"elementId":"A-028","featureId":"a-028-53802a697b","name":"Meduya canal","kind":"water","kindLabel":"내륙 수자원 지물","sourceYear":"2026","recordIds":["bgd-v162-a-028-entity-01307"],"rowCount":1,"featureClass":"canal","lengthKm":0.3383},"geometry":{"type":"Point","coordinates":[90.591438,22.781414]}},{"type":"Feature","id":"a-028-c51e50ec25","properties":{"elementId":"A-028","featureId":"a-028-c51e50ec25","name":"Meghna River","kind":"water","kindLabel":"내륙 수자원 지물","sourceYear":"2026","recordIds":["bgd-v162-a-028-entity-01100","bgd-v162-a-028-entity-01162"],"rowCount":2,"featureClass":"river"},"geometry":{"type":"Point","coordinates":[90.60804,23.619942]}},{"type":"Feature","id":"a-028-f64ea36996","properties":{"elementId":"A-028","featureId":"a-028-f64ea36996","name":"Meghna River","kind":"water","kindLabel":"내륙 수자원 지물","sourceYear":"2026","recordIds":["bgd-v162-a-028-entity-01171"],"rowCount":1,"featureClass":"river","lengthKm":3.4139},"geometry":{"type":"Point","coordinates":[90.608314,23.620079]}},{"type":"Feature","id":"a-028-e05c4bf76c","properties":{"elementId":"A-028","featureId":"a-028-e05c4bf76c","name":"Megna River","kind":"water","kindLabel":"내륙 수자원 지물","sourceYear":"2026","recordIds":["bgd-v162-a-028-entity-01608"],"rowCount":1,"featureClass":"river","lengthKm":1.0065},"geometry":{"type":"Point","coordinates":[90.77632,24.826667]}},{"type":"Feature","id":"a-028-a958c02a12","properties":{"elementId":"A-028","featureId":"a-028-a958c02a12","name":"Menjargaon Canal","kind":"water","kindLabel":"내륙 수자원 지물","sourceYear":"2026","recordIds":["bgd-v162-a-028-entity-01901"],"rowCount":1,"featureClass":"canal","lengthKm":0.891},"geometry":{"type":"Point","coordinates":[91.253921,25.111704]}},{"type":"Feature","id":"a-028-fed46c7854","properties":{"elementId":"A-028","featureId":"a-028-fed46c7854","name":"Mirza Khal","kind":"water","kindLabel":"내륙 수자원 지물","sourceYear":"2026","recordIds":["bgd-v162-a-028-entity-00756"],"rowCount":1,"featureClass":"canal","lengthKm":0.0215},"geometry":{"type":"Point","coordinates":[91.833762,22.366328]}},{"type":"Feature","id":"a-028-accfb43221","properties":{"elementId":"A-028","featureId":"a-028-accfb43221","name":"Mitha Khal","kind":"water","kindLabel":"내륙 수자원 지물","sourceYear":"2026","recordIds":["bgd-v162-a-028-entity-00791"],"rowCount":1,"featureClass":"canal","lengthKm":0.7799},"geometry":{"type":"Point","coordinates":[91.763991,22.469827]}},{"type":"Feature","id":"a-028-f1687144d9","properties":{"elementId":"A-028","featureId":"a-028-f1687144d9","name":"Moddhom Palpara Road Drain","kind":"water","kindLabel":"내륙 수자원 지물","sourceYear":"2026","recordIds":["bgd-v162-a-028-entity-00524"],"rowCount":1,"featureClass":"drain","lengthKm":0.2586},"geometry":{"type":"Point","coordinates":[89.782925,22.67496]}},{"type":"Feature","id":"a-028-ca1ac990b4","properties":{"elementId":"A-028","featureId":"a-028-ca1ac990b4","name":"Modhur Chhora","kind":"water","kindLabel":"내륙 수자원 지물","sourceYear":"2026","recordIds":["bgd-v162-a-028-entity-00893"],"rowCount":1,"featureClass":"river","lengthKm":13.3721},"geometry":{"type":"Point","coordinates":[92.148681,21.226137]}},{"type":"Feature","id":"a-028-dbf84efb55","properties":{"elementId":"A-028","featureId":"a-028-dbf84efb55","name":"Moeiggar Ma Chara","kind":"water","kindLabel":"내륙 수자원 지물","sourceYear":"2026","recordIds":["bgd-v162-a-028-entity-00983"],"rowCount":1,"featureClass":"stream","lengthKm":0.7038},"geometry":{"type":"Point","coordinates":[92.08082,21.708463]}},{"type":"Feature","id":"a-028-63c374cfb7","properties":{"elementId":"A-028","featureId":"a-028-63c374cfb7","name":"Moeiggar Ma Chara","kind":"water","kindLabel":"내륙 수자원 지물","sourceYear":"2026","recordIds":["bgd-v162-a-028-entity-00989"],"rowCount":1,"featureClass":"stream","lengthKm":2.003},"geometry":{"type":"Point","coordinates":[92.088709,21.708242]}},{"type":"Feature","id":"a-028-5f93290fcc","properties":{"elementId":"A-028","featureId":"a-028-5f93290fcc","name":"Mogra River","kind":"water","kindLabel":"내륙 수자원 지물","sourceYear":"2026","recordIds":["bgd-v162-a-028-entity-01643"],"rowCount":1,"featureClass":"river","lengthKm":6.5866},"geometry":{"type":"Point","coordinates":[90.649243,24.902935]}},{"type":"Feature","id":"a-028-d7404df4be","properties":{"elementId":"A-028","featureId":"a-028-d7404df4be","name":"Mogra River","kind":"water","kindLabel":"내륙 수자원 지물","sourceYear":"2026","recordIds":["bgd-v162-a-028-entity-01630"],"rowCount":1,"featureClass":"river","lengthKm":27.0932},"geometry":{"type":"Point","coordinates":[90.677146,24.875574]}},{"type":"Feature","id":"a-028-f5412696c2","properties":{"elementId":"A-028","featureId":"a-028-f5412696c2","name":"Mogra River","kind":"water","kindLabel":"내륙 수자원 지물","sourceYear":"2026","recordIds":["bgd-v162-a-028-entity-01646"],"rowCount":1,"featureClass":"river","lengthKm":7.3758},"geometry":{"type":"Point","coordinates":[90.924633,24.769634]}},{"type":"Feature","id":"a-028-3c4caa9017","properties":{"elementId":"A-028","featureId":"a-028-3c4caa9017","name":"Mogra River","kind":"water","kindLabel":"내륙 수자원 지물","sourceYear":"2026","recordIds":["bgd-v162-a-028-entity-01599"],"rowCount":1,"featureClass":"river","lengthKm":0.047},"geometry":{"type":"Point","coordinates":[90.946959,24.726968]}},{"type":"Feature","id":"a-028-50fce39fa5","properties":{"elementId":"A-028","featureId":"a-028-50fce39fa5","name":"Mogra River","kind":"water","kindLabel":"내륙 수자원 지물","sourceYear":"2026","recordIds":["bgd-v162-a-028-entity-01596"],"rowCount":1,"featureClass":"river","lengthKm":0.0308},"geometry":{"type":"Point","coordinates":[90.951389,24.716847]}},{"type":"Feature","id":"a-028-2ad3a3f118","properties":{"elementId":"A-028","featureId":"a-028-2ad3a3f118","name":"Mohesh Khal","kind":"water","kindLabel":"내륙 수자원 지물","sourceYear":"2026","recordIds":["bgd-v162-a-028-entity-00787"],"rowCount":1,"featureClass":"canal","lengthKm":0.6349},"geometry":{"type":"Point","coordinates":[91.794735,22.32975]}},{"type":"Feature","id":"a-028-71fb7ebc7a","properties":{"elementId":"A-028","featureId":"a-028-71fb7ebc7a","name":"Mohesh Khal","kind":"water","kindLabel":"내륙 수자원 지물","sourceYear":"2026","recordIds":["bgd-v162-a-028-entity-00988"],"rowCount":1,"featureClass":"stream","lengthKm":1.6779},"geometry":{"type":"Point","coordinates":[91.7948,22.33497]}},{"type":"Feature","id":"a-028-3787e6312a","properties":{"elementId":"A-028","featureId":"a-028-3787e6312a","name":"Monai River","kind":"water","kindLabel":"내륙 수자원 지물","sourceYear":"2026","recordIds":["bgd-v162-a-028-entity-01964"],"rowCount":1,"featureClass":"river","lengthKm":3.4421},"geometry":{"type":"Point","coordinates":[91.021299,25.100406]}},{"type":"Feature","id":"a-028-eab76fdfe4","properties":{"elementId":"A-028","featureId":"a-028-eab76fdfe4","name":"Monai River","kind":"water","kindLabel":"내륙 수자원 지물","sourceYear":"2026","recordIds":["bgd-v162-a-028-entity-01917"],"rowCount":1,"featureClass":"river","lengthKm":0.0121},"geometry":{"type":"Point","coordinates":[91.051525,25.101765]}},{"type":"Feature","id":"a-028-ca3a212e94","properties":{"elementId":"A-028","featureId":"a-028-ca3a212e94","name":"Monai River","kind":"water","kindLabel":"내륙 수자원 지물","sourceYear":"2026","recordIds":["bgd-v162-a-028-entity-01916"],"rowCount":1,"featureClass":"river","lengthKm":0.0121},"geometry":{"type":"Point","coordinates":[91.05164,25.101737]}},{"type":"Feature","id":"a-028-2958e18a56","properties":{"elementId":"A-028","featureId":"a-028-2958e18a56","name":"Monai River","kind":"water","kindLabel":"내륙 수자원 지물","sourceYear":"2026","recordIds":["bgd-v162-a-028-entity-01915"],"rowCount":1,"featureClass":"river","lengthKm":0.0081},"geometry":{"type":"Point","coordinates":[91.051756,25.101708]}},{"type":"Feature","id":"a-028-c858c98342","properties":{"elementId":"A-028","featureId":"a-028-c858c98342","name":"Monai River","kind":"water","kindLabel":"내륙 수자원 지물","sourceYear":"2026","recordIds":["bgd-v162-a-028-entity-01955"],"rowCount":1,"featureClass":"river","lengthKm":2.5054},"geometry":{"type":"Point","coordinates":[91.051834,25.101689]}},{"type":"Feature","id":"a-028-5af49d7c79","properties":{"elementId":"A-028","featureId":"a-028-5af49d7c79","name":"Morabela River","kind":"water","kindLabel":"내륙 수자원 지물","sourceYear":"2026","recordIds":["bgd-v162-a-028-entity-01946"],"rowCount":1,"featureClass":"river","lengthKm":14.2008},"geometry":{"type":"Point","coordinates":[91.262591,24.725335]}},{"type":"Feature","id":"a-028-485134df19","properties":{"elementId":"A-028","featureId":"a-028-485134df19","name":"Morabela River Khal","kind":"water","kindLabel":"내륙 수자원 지물","sourceYear":"2026","recordIds":["bgd-v162-a-028-entity-01902"],"rowCount":1,"featureClass":"canal","lengthKm":0.9195},"geometry":{"type":"Point","coordinates":[91.267388,24.7346]}},{"type":"Feature","id":"a-028-d8673fa22c","properties":{"elementId":"A-028","featureId":"a-028-d8673fa22c","name":"Morhum Rohima Rowshan Road Drain","kind":"water","kindLabel":"내륙 수자원 지물","sourceYear":"2026","recordIds":["bgd-v162-a-028-entity-00381"],"rowCount":1,"featureClass":"drain","lengthKm":0.0606},"geometry":{"type":"Point","coordinates":[89.086173,22.698276]}},{"type":"Feature","id":"a-028-52ac99765c","properties":{"elementId":"A-028","featureId":"a-028-52ac99765c","name":"Morhuma Rahima Rowshan Road Drain","kind":"water","kindLabel":"내륙 수자원 지물","sourceYear":"2026","recordIds":["bgd-v162-a-028-entity-00505"],"rowCount":1,"featureClass":"drain","lengthKm":0.2059},"geometry":{"type":"Point","coordinates":[89.086748,22.698405]}},{"type":"Feature","id":"a-028-05570bf442","properties":{"elementId":"A-028","featureId":"a-028-05570bf442","name":"Morhuma Rahima Rowshan Road Drain","kind":"water","kindLabel":"내륙 수자원 지물","sourceYear":"2026","recordIds":["bgd-v162-a-028-entity-00498"],"rowCount":1,"featureClass":"drain","lengthKm":0.197},"geometry":{"type":"Point","coordinates":[89.086786,22.698387]}},{"type":"Feature","id":"a-028-b9750cf321","properties":{"elementId":"A-028","featureId":"a-028-b9750cf321","name":"Morrichap River","kind":"water","kindLabel":"내륙 수자원 지물","sourceYear":"2026","recordIds":["bgd-v162-a-028-entity-00686"],"rowCount":1,"featureClass":"river","lengthKm":47.008},"geometry":{"type":"Point","coordinates":[89.185233,22.559219]}},{"type":"Feature","id":"a-028-67d6785de9","properties":{"elementId":"A-028","featureId":"a-028-67d6785de9","name":"Mosjid Drain","kind":"water","kindLabel":"내륙 수자원 지물","sourceYear":"2026","recordIds":["bgd-v162-a-028-entity-00350"],"rowCount":1,"featureClass":"drain","lengthKm":0.0254},"geometry":{"type":"Point","coordinates":[89.070239,22.712822]}},{"type":"Feature","id":"a-028-119d636b2d","properties":{"elementId":"A-028","featureId":"a-028-119d636b2d","name":"Mosjid Drain","kind":"water","kindLabel":"내륙 수자원 지물","sourceYear":"2026","recordIds":["bgd-v162-a-028-entity-00276"],"rowCount":1,"featureClass":"drain","lengthKm":0.0012},"geometry":{"type":"Point","coordinates":[89.070442,22.712732]}},{"type":"Feature","id":"a-028-7ed1a4bb15","properties":{"elementId":"A-028","featureId":"a-028-7ed1a4bb15","name":"Mosjid Drain","kind":"water","kindLabel":"내륙 수자원 지물","sourceYear":"2026","recordIds":["bgd-v162-a-028-entity-00280"],"rowCount":1,"featureClass":"drain","lengthKm":0.0014},"geometry":{"type":"Point","coordinates":[89.070454,22.712733]}},{"type":"Feature","id":"a-028-9b20da998a","properties":{"elementId":"A-028","featureId":"a-028-9b20da998a","name":"Mothertola Calan.","kind":"water","kindLabel":"내륙 수자원 지물","sourceYear":"2026","recordIds":["bgd-v162-a-028-entity-00221"],"rowCount":1,"featureClass":"canal","lengthKm":1.1821},"geometry":{"type":"Point","coordinates":[89.682701,22.521935]}},{"type":"Feature","id":"a-028-64b7da4608","properties":{"elementId":"A-028","featureId":"a-028-64b7da4608","name":"Motiakhali","kind":"water","kindLabel":"내륙 수자원 지물","sourceYear":"2026","recordIds":["bgd-v162-a-028-entity-00210"],"rowCount":1,"featureClass":"canal","lengthKm":0.9195},"geometry":{"type":"Point","coordinates":[89.579879,22.781156]}},{"type":"Feature","id":"a-028-4c1c74897e","properties":{"elementId":"A-028","featureId":"a-028-4c1c74897e","name":"Motiakhali","kind":"water","kindLabel":"내륙 수자원 지물","sourceYear":"2026","recordIds":["bgd-v162-a-028-entity-00173"],"rowCount":1,"featureClass":"canal","lengthKm":0.2229},"geometry":{"type":"Point","coordinates":[89.582008,22.780809]}},{"type":"Feature","id":"a-028-ecb2e51ea7","properties":{"elementId":"A-028","featureId":"a-028-ecb2e51ea7","name":"Moyur River","kind":"water","kindLabel":"내륙 수자원 지물","sourceYear":"2026","recordIds":["bgd-v162-a-028-entity-00601"],"rowCount":1,"featureClass":"river","lengthKm":0.4598},"geometry":{"type":"Point","coordinates":[89.537292,22.807326]}},{"type":"Feature","id":"a-028-f73118a68c","properties":{"elementId":"A-028","featureId":"a-028-f73118a68c","name":"Moyur River","kind":"water","kindLabel":"내륙 수자원 지물","sourceYear":"2026","recordIds":["bgd-v162-a-028-entity-00611"],"rowCount":1,"featureClass":"river","lengthKm":1.1185},"geometry":{"type":"Point","coordinates":[89.537391,22.816711]}},{"type":"Feature","id":"a-028-f3fe41bf80","properties":{"elementId":"A-028","featureId":"a-028-f3fe41bf80","name":"Moyur River","kind":"water","kindLabel":"내륙 수자원 지물","sourceYear":"2026","recordIds":["bgd-v162-a-028-entity-00608"],"rowCount":1,"featureClass":"river","lengthKm":0.8694},"geometry":{"type":"Point","coordinates":[89.539618,22.803862]}},{"type":"Feature","id":"a-028-a0448e60d8","properties":{"elementId":"A-028","featureId":"a-028-a0448e60d8","name":"Mrigi River","kind":"water","kindLabel":"내륙 수자원 지물","sourceYear":"2026","recordIds":["bgd-v162-a-028-entity-01602"],"rowCount":1,"featureClass":"river","lengthKm":0.1602},"geometry":{"type":"Point","coordinates":[89.985814,25.065323]}},{"type":"Feature","id":"a-028-1e1295d908","properties":{"elementId":"A-028","featureId":"a-028-1e1295d908","name":"Mrigi River","kind":"water","kindLabel":"내륙 수자원 지물","sourceYear":"2026","recordIds":["bgd-v162-a-028-entity-01604"],"rowCount":1,"featureClass":"river","lengthKm":0.2058},"geometry":{"type":"Point","coordinates":[89.986681,25.06478]}},{"type":"Feature","id":"a-028-0c9036bb67","properties":{"elementId":"A-028","featureId":"a-028-0c9036bb67","name":"Mrigi River","kind":"water","kindLabel":"내륙 수자원 지물","sourceYear":"2026","recordIds":["bgd-v162-a-028-entity-01601"],"rowCount":1,"featureClass":"river","lengthKm":0.0876},"geometry":{"type":"Point","coordinates":[89.997498,25.055881]}},{"type":"Feature","id":"a-028-47d562687d","properties":{"elementId":"A-028","featureId":"a-028-47d562687d","name":"Muchkali Canal","kind":"water","kindLabel":"내륙 수자원 지물","sourceYear":"2026","recordIds":["bgd-v162-a-028-entity-00183"],"rowCount":1,"featureClass":"canal","lengthKm":0.3867},"geometry":{"type":"Point","coordinates":[89.265541,22.38438]}},{"type":"Feature","id":"a-028-1620c96a7c","properties":{"elementId":"A-028","featureId":"a-028-1620c96a7c","name":"Mucipara Road Drainage","kind":"water","kindLabel":"내륙 수자원 지물","sourceYear":"2026","recordIds":["bgd-v162-a-028-entity-00499"],"rowCount":1,"featureClass":"drain","lengthKm":0.1971},"geometry":{"type":"Point","coordinates":[89.089875,22.710887]}},{"type":"Feature","id":"a-028-728ddcab43","properties":{"elementId":"A-028","featureId":"a-028-728ddcab43","name":"Muhuri River","kind":"water","kindLabel":"내륙 수자원 지물","sourceYear":"2026","recordIds":["bgd-v162-a-028-entity-02087"],"rowCount":1,"featureClass":"river","lengthKm":62.6026},"geometry":{"type":"Point","coordinates":[91.474872,23.261357]}},{"type":"Feature","id":"a-028-18b1c173a0","properties":{"elementId":"A-028","featureId":"a-028-18b1c173a0","name":"Muktijuddha Sorok Drain","kind":"water","kindLabel":"내륙 수자원 지물","sourceYear":"2026","recordIds":["bgd-v162-a-028-entity-00445"],"rowCount":1,"featureClass":"drain","lengthKm":0.1204},"geometry":{"type":"Point","coordinates":[89.071044,22.709035]}},{"type":"Feature","id":"a-028-375ce90f87","properties":{"elementId":"A-028","featureId":"a-028-375ce90f87","name":"Muktijuddha Sorok Drain","kind":"water","kindLabel":"내륙 수자원 지물","sourceYear":"2026","recordIds":["bgd-v162-a-028-entity-00329"],"rowCount":1,"featureClass":"drain","lengthKm":0.0066},"geometry":{"type":"Point","coordinates":[89.071566,22.710002]}},{"type":"Feature","id":"a-028-9e545b8df7","properties":{"elementId":"A-028","featureId":"a-028-9e545b8df7","name":"Muktijuddha Sorok Drain","kind":"water","kindLabel":"내륙 수자원 지물","sourceYear":"2026","recordIds":["bgd-v162-a-028-entity-00335"],"rowCount":1,"featureClass":"drain","lengthKm":0.0082},"geometry":{"type":"Point","coordinates":[89.071598,22.710053]}},{"type":"Feature","id":"a-028-ea3b6c832b","properties":{"elementId":"A-028","featureId":"a-028-ea3b6c832b","name":"Munshipara Road Drain","kind":"water","kindLabel":"내륙 수자원 지물","sourceYear":"2026","recordIds":["bgd-v162-a-028-entity-00441"],"rowCount":1,"featureClass":"drain","lengthKm":0.1166},"geometry":{"type":"Point","coordinates":[89.085295,22.708113]}},{"type":"Feature","id":"a-028-7be8df5354","properties":{"elementId":"A-028","featureId":"a-028-7be8df5354","name":"Nabaganga River","kind":"water","kindLabel":"내륙 수자원 지물","sourceYear":"2026","recordIds":["bgd-v162-a-028-entity-00657"],"rowCount":1,"featureClass":"river","lengthKm":24.5987},"geometry":{"type":"Point","coordinates":[89.182098,23.559778]}},{"type":"Feature","id":"a-028-5cba2de70a","properties":{"elementId":"A-028","featureId":"a-028-5cba2de70a","name":"Nabaganga River","kind":"water","kindLabel":"내륙 수자원 지물","sourceYear":"2026","recordIds":["bgd-v162-a-028-entity-00634"],"rowCount":1,"featureClass":"river","lengthKm":13.3887},"geometry":{"type":"Point","coordinates":[89.323053,23.521619]}},{"type":"Feature","id":"a-028-22f3bc1b0d","properties":{"elementId":"A-028","featureId":"a-028-22f3bc1b0d","name":"Nabagonga River","kind":"water","kindLabel":"내륙 수자원 지물","sourceYear":"2026","recordIds":["bgd-v162-a-028-entity-00655"],"rowCount":1,"featureClass":"river","lengthKm":23.1298},"geometry":{"type":"Point","coordinates":[88.862255,23.6263]}},{"type":"Feature","id":"a-028-7f322cd65d","properties":{"elementId":"A-028","featureId":"a-028-7f322cd65d","name":"Nagol vanga canal","kind":"water","kindLabel":"내륙 수자원 지물","sourceYear":"2026","recordIds":["bgd-v162-a-028-entity-01472"],"rowCount":1,"featureClass":"canal","lengthKm":3.051},"geometry":{"type":"Point","coordinates":[90.001018,22.197002]}},{"type":"Feature","id":"a-028-cb3816ddd4","properties":{"elementId":"A-028","featureId":"a-028-cb3816ddd4","name":"Nagri River","kind":"water","kindLabel":"내륙 수자원 지물","sourceYear":"2026","recordIds":["bgd-v162-a-028-entity-01706"],"rowCount":1,"featureClass":"river","lengthKm":18.9386},"geometry":{"type":"Point","coordinates":[88.242496,26.188268]}},{"type":"Feature","id":"a-028-6535465ccd","properties":{"elementId":"A-028","featureId":"a-028-6535465ccd","name":"Naliyan River","kind":"water","kindLabel":"내륙 수자원 지물","sourceYear":"2026","recordIds":["bgd-v162-a-028-entity-00720"],"rowCount":1,"featureClass":"river","lengthKm":9.4078},"geometry":{"type":"Point","coordinates":[89.470464,22.518518]}},{"type":"Feature","id":"a-028-720e1f62c3","properties":{"elementId":"A-028","featureId":"a-028-720e1f62c3","name":"Napittachora","kind":"water","kindLabel":"내륙 수자원 지물","sourceYear":"2026","recordIds":["bgd-v162-a-028-entity-00993"],"rowCount":1,"featureClass":"stream","lengthKm":2.8403},"geometry":{"type":"Point","coordinates":[91.61958,22.751302]}},{"type":"Feature","id":"a-028-6c396d933b","properties":{"elementId":"A-028","featureId":"a-028-6c396d933b","name":"Napittachora","kind":"water","kindLabel":"내륙 수자원 지물","sourceYear":"2026","recordIds":["bgd-v162-a-028-entity-00980"],"rowCount":1,"featureClass":"stream","lengthKm":0.2295},"geometry":{"type":"Point","coordinates":[91.62191,22.746935]}},{"type":"Feature","id":"a-028-fd84917352","properties":{"elementId":"A-028","featureId":"a-028-fd84917352","name":"Narad Nod","kind":"water","kindLabel":"내륙 수자원 지물","sourceYear":"2026","recordIds":["bgd-v162-a-028-entity-01816"],"rowCount":1,"featureClass":"river","lengthKm":1.3495},"geometry":{"type":"Point","coordinates":[88.999493,24.411361]}},{"type":"Feature","id":"a-028-a4b3d1b6ed","properties":{"elementId":"A-028","featureId":"a-028-a4b3d1b6ed","name":"Narad Nod","kind":"water","kindLabel":"내륙 수자원 지물","sourceYear":"2026","recordIds":["bgd-v162-a-028-entity-01848"],"rowCount":1,"featureClass":"river","lengthKm":3.0496},"geometry":{"type":"Point","coordinates":[89.014226,24.403958]}},{"type":"Feature","id":"a-028-ff31091071","properties":{"elementId":"A-028","featureId":"a-028-ff31091071","name":"Narod Nod","kind":"water","kindLabel":"내륙 수자원 지물","sourceYear":"2026","recordIds":["bgd-v162-a-028-entity-01851"],"rowCount":1,"featureClass":"river","lengthKm":3.7581},"geometry":{"type":"Point","coordinates":[88.891128,24.360846]}},{"type":"Feature","id":"a-028-981d238e26","properties":{"elementId":"A-028","featureId":"a-028-981d238e26","name":"Narod Nod","kind":"water","kindLabel":"내륙 수자원 지물","sourceYear":"2026","recordIds":["bgd-v162-a-028-entity-01860"],"rowCount":1,"featureClass":"river","lengthKm":4.1271},"geometry":{"type":"Point","coordinates":[88.919567,24.367229]}},{"type":"Feature","id":"a-028-03a50d51d5","properties":{"elementId":"A-028","featureId":"a-028-03a50d51d5","name":"Narod Nod","kind":"water","kindLabel":"내륙 수자원 지물","sourceYear":"2026","recordIds":["bgd-v162-a-028-entity-01830"],"rowCount":1,"featureClass":"river","lengthKm":14.0483},"geometry":{"type":"Point","coordinates":[88.981902,24.408723]}},{"type":"Feature","id":"a-028-14d781d75d","properties":{"elementId":"A-028","featureId":"a-028-14d781d75d","name":"Narod Nod","kind":"water","kindLabel":"내륙 수자원 지물","sourceYear":"2026","recordIds":["bgd-v162-a-028-entity-01813"],"rowCount":1,"featureClass":"river","lengthKm":0.3778},"geometry":{"type":"Point","coordinates":[89.014226,24.403958]}},{"type":"Feature","id":"a-028-dac289f840","properties":{"elementId":"A-028","featureId":"a-028-dac289f840","name":"Narod Nod","kind":"water","kindLabel":"내륙 수자원 지물","sourceYear":"2026","recordIds":["bgd-v162-a-028-entity-01812"],"rowCount":1,"featureClass":"river","lengthKm":0.2812},"geometry":{"type":"Point","coordinates":[89.016318,24.405265]}},{"type":"Feature","id":"a-028-c26f2e6d9e","properties":{"elementId":"A-028","featureId":"a-028-c26f2e6d9e","name":"Narod Nod","kind":"water","kindLabel":"내륙 수자원 지물","sourceYear":"2026","recordIds":["bgd-v162-a-028-entity-01807"],"rowCount":1,"featureClass":"river","lengthKm":0.011},"geometry":{"type":"Point","coordinates":[89.01878,24.404139]}},{"type":"Feature","id":"a-028-2ebb113619","properties":{"elementId":"A-028","featureId":"a-028-2ebb113619","name":"Narod Nod","kind":"water","kindLabel":"내륙 수자원 지물","sourceYear":"2026","recordIds":["bgd-v162-a-028-entity-01868"],"rowCount":1,"featureClass":"river","lengthKm":5.7634},"geometry":{"type":"Point","coordinates":[89.018885,24.404113]}},{"type":"Feature","id":"a-028-82dbe4d86d","properties":{"elementId":"A-028","featureId":"a-028-82dbe4d86d","name":"Narod Nod","kind":"water","kindLabel":"내륙 수자원 지물","sourceYear":"2026","recordIds":["bgd-v162-a-028-entity-01881"],"rowCount":1,"featureClass":"river","lengthKm":8.6482},"geometry":{"type":"Point","coordinates":[89.058706,24.405394]}},{"type":"Feature","id":"a-028-7df98a55c6","properties":{"elementId":"A-028","featureId":"a-028-7df98a55c6","name":"Newari Boro Khal","kind":"water","kindLabel":"내륙 수자원 지물","sourceYear":"2026","recordIds":["bgd-v162-a-028-entity-00233"],"rowCount":1,"featureClass":"canal","lengthKm":1.6054},"geometry":{"type":"Point","coordinates":[89.745724,22.390522]}},{"type":"Feature","id":"a-028-00a3a582fa","properties":{"elementId":"A-028","featureId":"a-028-00a3a582fa","name":"Nich Kata Kazi Kanda Khal","kind":"water","kindLabel":"내륙 수자원 지물","sourceYear":"2026","recordIds":["bgd-v162-a-028-entity-01582"],"rowCount":1,"featureClass":"stream","lengthKm":4.8923},"geometry":{"type":"Point","coordinates":[90.31693,21.882726]}},{"type":"Feature","id":"a-028-8f9d2e8087","properties":{"elementId":"A-028","featureId":"a-028-8f9d2e8087","name":"Nimtala Sea Beach, Hatia, Chattogram","kind":"coastal","kindLabel":"해안 지물","sourceYear":"2026","recordIds":["bgd-v162-a-028-entity-00010"],"rowCount":1,"featureClass":"beach"},"geometry":{"type":"Point","coordinates":[91.719375,22.466606]}},{"type":"Feature","id":"a-028-eb92606f80","properties":{"elementId":"A-028","featureId":"a-028-eb92606f80","name":"Nishan Khali Cannal","kind":"water","kindLabel":"내륙 수자원 지물","sourceYear":"2026","recordIds":["bgd-v162-a-028-entity-00248"],"rowCount":1,"featureClass":"canal","lengthKm":2.4777},"geometry":{"type":"Point","coordinates":[89.432289,22.564155]}},{"type":"Feature","id":"a-028-c9af6c09fd","properties":{"elementId":"A-028","featureId":"a-028-c9af6c09fd","name":"Nitai Someshwari River","kind":"water","kindLabel":"내륙 수자원 지물","sourceYear":"2026","recordIds":["bgd-v162-a-028-entity-01619"],"rowCount":1,"featureClass":"river","lengthKm":13.4916},"geometry":{"type":"Point","coordinates":[90.669677,25.116835]}},{"type":"Feature","id":"a-028-01d9ec630a","properties":{"elementId":"A-028","featureId":"a-028-01d9ec630a","name":"Noboganga","kind":"water","kindLabel":"내륙 수자원 지물","sourceYear":"2026","recordIds":["bgd-v162-a-028-entity-00232"],"rowCount":1,"featureClass":"canal","lengthKm":1.5822},"geometry":{"type":"Point","coordinates":[88.850476,23.655107]}},{"type":"Feature","id":"a-028-3974bfdab8","properties":{"elementId":"A-028","featureId":"a-028-3974bfdab8","name":"Noboganga","kind":"water","kindLabel":"내륙 수자원 지물","sourceYear":"2026","recordIds":["bgd-v162-a-028-entity-00152"],"rowCount":1,"featureClass":"canal","lengthKm":0.0141},"geometry":{"type":"Point","coordinates":[88.865375,23.655601]}},{"type":"Feature","id":"a-028-ed661f84b9","properties":{"elementId":"A-028","featureId":"a-028-ed661f84b9","name":"Noboganga","kind":"water","kindLabel":"내륙 수자원 지물","sourceYear":"2026","recordIds":["bgd-v162-a-028-entity-00149"],"rowCount":1,"featureClass":"canal","lengthKm":0.009},"geometry":{"type":"Point","coordinates":[88.865503,23.655553]}},{"type":"Feature","id":"a-028-5afc21623c","properties":{"elementId":"A-028","featureId":"a-028-5afc21623c","name":"Noboganga","kind":"water","kindLabel":"내륙 수자원 지물","sourceYear":"2026","recordIds":["bgd-v162-a-028-entity-00142"],"rowCount":1,"featureClass":"canal","lengthKm":0.0067},"geometry":{"type":"Point","coordinates":[88.865584,23.655521]}},{"type":"Feature","id":"a-028-3ae497ae4d","properties":{"elementId":"A-028","featureId":"a-028-3ae497ae4d","name":"Noboganga","kind":"water","kindLabel":"내륙 수자원 지물","sourceYear":"2026","recordIds":["bgd-v162-a-028-entity-00145"],"rowCount":1,"featureClass":"canal","lengthKm":0.0078},"geometry":{"type":"Point","coordinates":[88.865645,23.655498]}},{"type":"Feature","id":"a-028-e052498be7","properties":{"elementId":"A-028","featureId":"a-028-e052498be7","name":"Noboganga","kind":"water","kindLabel":"내륙 수자원 지물","sourceYear":"2026","recordIds":["bgd-v162-a-028-entity-00244"],"rowCount":1,"featureClass":"canal","lengthKm":2.2169},"geometry":{"type":"Point","coordinates":[88.865716,23.655472]}},{"type":"Feature","id":"a-028-86fb6e94f4","properties":{"elementId":"A-028","featureId":"a-028-86fb6e94f4","name":"Noboganga","kind":"water","kindLabel":"내륙 수자원 지물","sourceYear":"2026","recordIds":["bgd-v162-a-028-entity-00656"],"rowCount":1,"featureClass":"river","lengthKm":23.4346},"geometry":{"type":"Point","coordinates":[89.462142,23.531923]}},{"type":"Feature","id":"a-028-97534ab34b","properties":{"elementId":"A-028","featureId":"a-028-97534ab34b","name":"Noboganga","kind":"water","kindLabel":"내륙 수자원 지물","sourceYear":"2026","recordIds":["bgd-v162-a-028-entity-00586"],"rowCount":1,"featureClass":"river","lengthKm":0.0303},"geometry":{"type":"Point","coordinates":[89.498722,23.442134]}},{"type":"Feature","id":"a-028-7895122c64","properties":{"elementId":"A-028","featureId":"a-028-7895122c64","name":"Noboganga","kind":"water","kindLabel":"내륙 수자원 지물","sourceYear":"2026","recordIds":["bgd-v162-a-028-entity-00669"],"rowCount":1,"featureClass":"river","lengthKm":30.6708},"geometry":{"type":"Point","coordinates":[89.49876,23.441863]}},{"type":"Feature","id":"a-028-3c571cec47","properties":{"elementId":"A-028","featureId":"a-028-3c571cec47","name":"Noboganga","kind":"water","kindLabel":"내륙 수자원 지물","sourceYear":"2026","recordIds":["bgd-v162-a-028-entity-00589"],"rowCount":1,"featureClass":"river","lengthKm":0.0702},"geometry":{"type":"Point","coordinates":[89.517519,23.260401]}},{"type":"Feature","id":"a-028-346d6dd196","properties":{"elementId":"A-028","featureId":"a-028-346d6dd196","name":"Noboganga","kind":"water","kindLabel":"내륙 수자원 지물","sourceYear":"2026","recordIds":["bgd-v162-a-028-entity-00649"],"rowCount":1,"featureClass":"river","lengthKm":2.6858},"geometry":{"type":"Point","coordinates":[89.517996,23.259947]}},{"type":"Feature","id":"a-028-9b77ec5d07","properties":{"elementId":"A-028","featureId":"a-028-9b77ec5d07","name":"Nobojibon Road Polaspole Drain","kind":"water","kindLabel":"내륙 수자원 지물","sourceYear":"2026","recordIds":["bgd-v162-a-028-entity-00506"],"rowCount":1,"featureClass":"drain","lengthKm":0.2078},"geometry":{"type":"Point","coordinates":[89.070711,22.717024]}},{"type":"Feature","id":"a-028-15b684a2e1","properties":{"elementId":"A-028","featureId":"a-028-15b684a2e1","name":"Nobojibon Road Polaspole Drain","kind":"water","kindLabel":"내륙 수자원 지물","sourceYear":"2026","recordIds":["bgd-v162-a-028-entity-00284"],"rowCount":1,"featureClass":"drain","lengthKm":0.0015},"geometry":{"type":"Point","coordinates":[89.072429,22.717623]}},{"type":"Feature","id":"a-028-ad9d3e52ba","properties":{"elementId":"A-028","featureId":"a-028-ad9d3e52ba","name":"Nobojibon Road Polaspole Drain","kind":"water","kindLabel":"내륙 수자원 지물","sourceYear":"2026","recordIds":["bgd-v162-a-028-entity-00352"],"rowCount":1,"featureClass":"drain","lengthKm":0.0262},"geometry":{"type":"Point","coordinates":[89.072443,22.717627]}},{"type":"Feature","id":"a-028-0686f73eb4","properties":{"elementId":"A-028","featureId":"a-028-0686f73eb4","name":"Nobojibon Road Polaspole Drain","kind":"water","kindLabel":"내륙 수자원 지물","sourceYear":"2026","recordIds":["bgd-v162-a-028-entity-00303"],"rowCount":1,"featureClass":"drain","lengthKm":0.0035},"geometry":{"type":"Point","coordinates":[89.072696,22.717644]}},{"type":"Feature","id":"a-028-806a71250b","properties":{"elementId":"A-028","featureId":"a-028-806a71250b","name":"Nobojibon Road Polaspole Drain","kind":"water","kindLabel":"내륙 수자원 지물","sourceYear":"2026","recordIds":["bgd-v162-a-028-entity-00435"],"rowCount":1,"featureClass":"drain","lengthKm":0.1068},"geometry":{"type":"Point","coordinates":[89.07273,22.717637]}},{"type":"Feature","id":"a-028-8fa2c02d75","properties":{"elementId":"A-028","featureId":"a-028-8fa2c02d75","name":"Nobojibon Road Polaspole Drain","kind":"water","kindLabel":"내륙 수자원 지물","sourceYear":"2026","recordIds":["bgd-v162-a-028-entity-00316"],"rowCount":1,"featureClass":"drain","lengthKm":0.0049},"geometry":{"type":"Point","coordinates":[89.073769,22.71764]}},{"type":"Feature","id":"a-028-be993365a0","properties":{"elementId":"A-028","featureId":"a-028-be993365a0","name":"Nobojibon Road Polaspole Drain","kind":"water","kindLabel":"내륙 수자원 지물","sourceYear":"2026","recordIds":["bgd-v162-a-028-entity-00426"],"rowCount":1,"featureClass":"drain","lengthKm":0.0964},"geometry":{"type":"Point","coordinates":[89.073814,22.717655]}},{"type":"Feature","id":"a-028-6525ee02d6","properties":{"elementId":"A-028","featureId":"a-028-6525ee02d6","name":"Nobojibon Road Polaspole Drain","kind":"water","kindLabel":"내륙 수자원 지물","sourceYear":"2026","recordIds":["bgd-v162-a-028-entity-00337"],"rowCount":1,"featureClass":"drain","lengthKm":0.0091},"geometry":{"type":"Point","coordinates":[89.074389,22.718142]}},{"type":"Feature","id":"a-028-06de6a12b5","properties":{"elementId":"A-028","featureId":"a-028-06de6a12b5","name":"Nobojibon Road Polaspole Drain","kind":"water","kindLabel":"내륙 수자원 지물","sourceYear":"2026","recordIds":["bgd-v162-a-028-entity-00467"],"rowCount":1,"featureClass":"drain","lengthKm":0.1474},"geometry":{"type":"Point","coordinates":[89.074477,22.718137]}},{"type":"Feature","id":"a-028-c9c6b4c300","properties":{"elementId":"A-028","featureId":"a-028-c9c6b4c300","name":"Nobojibon Road Polaspole Drain","kind":"water","kindLabel":"내륙 수자원 지물","sourceYear":"2026","recordIds":["bgd-v162-a-028-entity-00311"],"rowCount":1,"featureClass":"drain","lengthKm":0.0045},"geometry":{"type":"Point","coordinates":[89.07591,22.718061]}},{"type":"Feature","id":"a-028-015e015671","properties":{"elementId":"A-028","featureId":"a-028-015e015671","name":"Nobojibon Road Polaspole Drain","kind":"water","kindLabel":"내륙 수자원 지물","sourceYear":"2026","recordIds":["bgd-v162-a-028-entity-00327"],"rowCount":1,"featureClass":"drain","lengthKm":0.0062},"geometry":{"type":"Point","coordinates":[89.075954,22.718059]}},{"type":"Feature","id":"a-028-0aff9ebaaa","properties":{"elementId":"A-028","featureId":"a-028-0aff9ebaaa","name":"Nolbonia Canal","kind":"water","kindLabel":"내륙 수자원 지물","sourceYear":"2026","recordIds":["bgd-v162-a-028-entity-00190"],"rowCount":1,"featureClass":"canal","lengthKm":0.5059},"geometry":{"type":"Point","coordinates":[89.809201,22.4441]}},{"type":"Feature","id":"a-028-2d9823f1cf","properties":{"elementId":"A-028","featureId":"a-028-2d9823f1cf","name":"Norai River","kind":"water","kindLabel":"내륙 수자원 지물","sourceYear":"2026","recordIds":["bgd-v162-a-028-entity-01212"],"rowCount":1,"featureClass":"river","lengthKm":8.711},"geometry":{"type":"Point","coordinates":[90.423666,23.768026]}},{"type":"Feature","id":"a-028-aefcda5133","properties":{"elementId":"A-028","featureId":"a-028-aefcda5133","name":"North Fuldholua Canal","kind":"water","kindLabel":"내륙 수자원 지물","sourceYear":"2026","recordIds":["bgd-v162-a-028-entity-01294"],"rowCount":1,"featureClass":"canal","lengthKm":0.2653},"geometry":{"type":"Point","coordinates":[90.061626,22.132924]}},{"type":"Feature","id":"a-028-a54a6cb2f7","properties":{"elementId":"A-028","featureId":"a-028-a54a6cb2f7","name":"North Sutalori Khal 4 km 150ft","kind":"water","kindLabel":"내륙 수자원 지물","sourceYear":"2026","recordIds":["bgd-v162-a-028-entity-00205"],"rowCount":1,"featureClass":"canal","lengthKm":0.8714},"geometry":{"type":"Point","coordinates":[89.817757,22.488305]}},{"type":"Feature","id":"a-028-9c0a62b5dc","properties":{"elementId":"A-028","featureId":"a-028-9c0a62b5dc","name":"Noyabari from Maderuniya boro khal","kind":"water","kindLabel":"내륙 수자원 지물","sourceYear":"2026","recordIds":["bgd-v162-a-028-entity-01437"],"rowCount":1,"featureClass":"canal","lengthKm":1.8384},"geometry":{"type":"Point","coordinates":[90.44162,21.972002]}},{"type":"Feature","id":"a-028-8e27674a50","properties":{"elementId":"A-028","featureId":"a-028-8e27674a50","name":"Old Jail Khana Road Drain","kind":"water","kindLabel":"내륙 수자원 지물","sourceYear":"2026","recordIds":["bgd-v162-a-028-entity-00446"],"rowCount":1,"featureClass":"drain","lengthKm":0.1212},"geometry":{"type":"Point","coordinates":[89.794143,22.659776]}},{"type":"Feature","id":"a-028-c1f1f0dabf","properties":{"elementId":"A-028","featureId":"a-028-c1f1f0dabf","name":"Old Jailkhana Road Drain","kind":"water","kindLabel":"내륙 수자원 지물","sourceYear":"2026","recordIds":["bgd-v162-a-028-entity-00429"],"rowCount":1,"featureClass":"drain","lengthKm":0.0979},"geometry":{"type":"Point","coordinates":[89.795213,22.65985]}},{"type":"Feature","id":"a-028-9ca1473d78","properties":{"elementId":"A-028","featureId":"a-028-9ca1473d78","name":"Old Jailkhana Road Drain","kind":"water","kindLabel":"내륙 수자원 지물","sourceYear":"2026","recordIds":["bgd-v162-a-028-entity-00465"],"rowCount":1,"featureClass":"drain","lengthKm":0.145},"geometry":{"type":"Point","coordinates":[89.79608,22.660234]}},{"type":"Feature","id":"a-028-da0b4e1894","properties":{"elementId":"A-028","featureId":"a-028-da0b4e1894","name":"Old Jailkhana Road Drain","kind":"water","kindLabel":"내륙 수자원 지물","sourceYear":"2026","recordIds":["bgd-v162-a-028-entity-00374"],"rowCount":1,"featureClass":"drain","lengthKm":0.0509},"geometry":{"type":"Point","coordinates":[89.796086,22.660226]}},{"type":"Feature","id":"a-028-4e75fdb578","properties":{"elementId":"A-028","featureId":"a-028-4e75fdb578","name":"Old Khuwai River","kind":"water","kindLabel":"내륙 수자원 지물","sourceYear":"2026","recordIds":["bgd-v162-a-028-entity-01936"],"rowCount":1,"featureClass":"river","lengthKm":0.9607},"geometry":{"type":"Point","coordinates":[91.422515,24.367671]}},{"type":"Feature","id":"a-028-9e6e5e0a3e","properties":{"elementId":"A-028","featureId":"a-028-9e6e5e0a3e","name":"Old Maharajpur Arjun's canal","kind":"water","kindLabel":"내륙 수자원 지물","sourceYear":"2026","recordIds":["bgd-v162-a-028-entity-00203"],"rowCount":1,"featureClass":"canal","lengthKm":0.8379},"geometry":{"type":"Point","coordinates":[89.31255,22.360445]}},{"type":"Feature","id":"a-028-49f75a0c1b","properties":{"elementId":"A-028","featureId":"a-028-49f75a0c1b","name":"Old Police Line Road Drain","kind":"water","kindLabel":"내륙 수자원 지물","sourceYear":"2026","recordIds":["bgd-v162-a-028-entity-00568"],"rowCount":1,"featureClass":"drain","lengthKm":0.6079},"geometry":{"type":"Point","coordinates":[89.787538,22.65941]}},{"type":"Feature","id":"a-028-1cc4f303c6","properties":{"elementId":"A-028","featureId":"a-028-1cc4f303c6","name":"Old Rupsa Road Drain","kind":"water","kindLabel":"내륙 수자원 지물","sourceYear":"2026","recordIds":["bgd-v162-a-028-entity-00558"],"rowCount":1,"featureClass":"drain","lengthKm":0.478},"geometry":{"type":"Point","coordinates":[89.779638,22.658437]}},{"type":"Feature","id":"a-028-2c23bbf25b","properties":{"elementId":"A-028","featureId":"a-028-2c23bbf25b","name":"Old khuwai River","kind":"water","kindLabel":"내륙 수자원 지물","sourceYear":"2026","recordIds":["bgd-v162-a-028-entity-01953"],"rowCount":1,"featureClass":"river","lengthKm":2.2883},"geometry":{"type":"Point","coordinates":[91.416705,24.374172]}},{"type":"Feature","id":"a-028-e50c63898c","properties":{"elementId":"A-028","featureId":"a-028-e50c63898c","name":"PC College Canal","kind":"water","kindLabel":"내륙 수자원 지물","sourceYear":"2026","recordIds":["bgd-v162-a-028-entity-00177"],"rowCount":1,"featureClass":"canal","lengthKm":0.2962},"geometry":{"type":"Point","coordinates":[89.780225,22.667555]}},{"type":"Feature","id":"a-028-aaaadae612","properties":{"elementId":"A-028","featureId":"a-028-aaaadae612","name":"PRC CANAL","kind":"water","kindLabel":"내륙 수자원 지물","sourceYear":"2026","recordIds":["bgd-v162-a-028-entity-01034"],"rowCount":1,"featureClass":"canal","lengthKm":0.3177},"geometry":{"type":"Point","coordinates":[90.549081,23.886049]}},{"type":"Feature","id":"a-028-9d04e704b6","properties":{"elementId":"A-028","featureId":"a-028-9d04e704b6","name":"PTI Road Drain","kind":"water","kindLabel":"내륙 수자원 지물","sourceYear":"2026","recordIds":["bgd-v162-a-028-entity-00320"],"rowCount":1,"featureClass":"drain","lengthKm":0.0051},"geometry":{"type":"Point","coordinates":[89.072432,22.707746]}},{"type":"Feature","id":"a-028-b8e9921f88","properties":{"elementId":"A-028","featureId":"a-028-b8e9921f88","name":"PTI Road Drain","kind":"water","kindLabel":"내륙 수자원 지물","sourceYear":"2026","recordIds":["bgd-v162-a-028-entity-00457"],"rowCount":1,"featureClass":"drain","lengthKm":0.1342},"geometry":{"type":"Point","coordinates":[89.072479,22.707729]}},{"type":"Feature","id":"a-028-68bb2635a7","properties":{"elementId":"A-028","featureId":"a-028-68bb2635a7","name":"PTI Road Drain","kind":"water","kindLabel":"내륙 수자원 지물","sourceYear":"2026","recordIds":["bgd-v162-a-028-entity-00416"],"rowCount":1,"featureClass":"drain","lengthKm":0.0879},"geometry":{"type":"Point","coordinates":[89.07262,22.708508]}},{"type":"Feature","id":"a-028-b09f17ed77","properties":{"elementId":"A-028","featureId":"a-028-b09f17ed77","name":"PTI Road Drain","kind":"water","kindLabel":"내륙 수자원 지물","sourceYear":"2026","recordIds":["bgd-v162-a-028-entity-00318"],"rowCount":1,"featureClass":"drain","lengthKm":0.005},"geometry":{"type":"Point","coordinates":[89.072629,22.708552]}},{"type":"Feature","id":"a-028-400c1bdce1","properties":{"elementId":"A-028","featureId":"a-028-400c1bdce1","name":"PTI Road Drain","kind":"water","kindLabel":"내륙 수자원 지물","sourceYear":"2026","recordIds":["bgd-v162-a-028-entity-00385"],"rowCount":1,"featureClass":"drain","lengthKm":0.0621},"geometry":{"type":"Point","coordinates":[89.07275,22.7091]}},{"type":"Feature","id":"a-028-90583c9b4a","properties":{"elementId":"A-028","featureId":"a-028-90583c9b4a","name":"PTI Road Drain","kind":"water","kindLabel":"내륙 수자원 지물","sourceYear":"2026","recordIds":["bgd-v162-a-028-entity-00507"],"rowCount":1,"featureClass":"drain","lengthKm":0.2095},"geometry":{"type":"Point","coordinates":[89.072777,22.704192]}},{"type":"Feature","id":"a-028-c7a895996c","properties":{"elementId":"A-028","featureId":"a-028-c7a895996c","name":"PTI Road Drain","kind":"water","kindLabel":"내륙 수자원 지물","sourceYear":"2026","recordIds":["bgd-v162-a-028-entity-00295"],"rowCount":1,"featureClass":"drain","lengthKm":0.0026},"geometry":{"type":"Point","coordinates":[89.072777,22.704216]}},{"type":"Feature","id":"a-028-1348e3c784","properties":{"elementId":"A-028","featureId":"a-028-1348e3c784","name":"PTI Road Drain","kind":"water","kindLabel":"내륙 수자원 지물","sourceYear":"2026","recordIds":["bgd-v162-a-028-entity-00302"],"rowCount":1,"featureClass":"drain","lengthKm":0.0032},"geometry":{"type":"Point","coordinates":[89.072788,22.70422]}},{"type":"Feature","id":"a-028-bf4bfd10df","properties":{"elementId":"A-028","featureId":"a-028-bf4bfd10df","name":"PTI Road Drain","kind":"water","kindLabel":"내륙 수자원 지물","sourceYear":"2026","recordIds":["bgd-v162-a-028-entity-00437"],"rowCount":1,"featureClass":"drain","lengthKm":0.1103},"geometry":{"type":"Point","coordinates":[89.072789,22.704191]}},{"type":"Feature","id":"a-028-cff51247d9","properties":{"elementId":"A-028","featureId":"a-028-cff51247d9","name":"PTI Road Drain","kind":"water","kindLabel":"내륙 수자원 지물","sourceYear":"2026","recordIds":["bgd-v162-a-028-entity-00483"],"rowCount":1,"featureClass":"drain","lengthKm":0.1717},"geometry":{"type":"Point","coordinates":[89.072803,22.705763]}},{"type":"Feature","id":"a-028-059f5cb3bc","properties":{"elementId":"A-028","featureId":"a-028-059f5cb3bc","name":"PTI Road Drain","kind":"water","kindLabel":"내륙 수자원 지물","sourceYear":"2026","recordIds":["bgd-v162-a-028-entity-00533"],"rowCount":1,"featureClass":"drain","lengthKm":0.2926},"geometry":{"type":"Point","coordinates":[89.072977,22.706833]}},{"type":"Feature","id":"a-028-c6fa88673e","properties":{"elementId":"A-028","featureId":"a-028-c6fa88673e","name":"PTI Road Drain","kind":"water","kindLabel":"내륙 수자원 지물","sourceYear":"2026","recordIds":["bgd-v162-a-028-entity-00339"],"rowCount":1,"featureClass":"drain","lengthKm":0.0099},"geometry":{"type":"Point","coordinates":[89.072994,22.70692]}},{"type":"Feature","id":"a-028-30cd75c93d","properties":{"elementId":"A-028","featureId":"a-028-30cd75c93d","name":"PTI Road Drain","kind":"water","kindLabel":"내륙 수자원 지물","sourceYear":"2026","recordIds":["bgd-v162-a-028-entity-00266"],"rowCount":1,"featureClass":"drain","lengthKm":0.0002},"geometry":{"type":"Point","coordinates":[89.073088,22.703336]}},{"type":"Feature","id":"a-028-7185d83957","properties":{"elementId":"A-028","featureId":"a-028-7185d83957","name":"PTI Road Drain","kind":"water","kindLabel":"내륙 수자원 지물","sourceYear":"2026","recordIds":["bgd-v162-a-028-entity-00265"],"rowCount":1,"featureClass":"drain","lengthKm":0.0002},"geometry":{"type":"Point","coordinates":[89.073089,22.703335]}},{"type":"Feature","id":"a-028-c211f8f759","properties":{"elementId":"A-028","featureId":"a-028-c211f8f759","name":"PTI Road Drain","kind":"water","kindLabel":"내륙 수자원 지물","sourceYear":"2026","recordIds":["bgd-v162-a-028-entity-00508"],"rowCount":1,"featureClass":"drain","lengthKm":0.2105},"geometry":{"type":"Point","coordinates":[89.792406,22.66162]}},{"type":"Feature","id":"a-028-556f851dd2","properties":{"elementId":"A-028","featureId":"a-028-556f851dd2","name":"Padmapukur Klodar Cannal","kind":"water","kindLabel":"내륙 수자원 지물","sourceYear":"2026","recordIds":["bgd-v162-a-028-entity-00240"],"rowCount":1,"featureClass":"canal","lengthKm":2.0742},"geometry":{"type":"Point","coordinates":[89.310908,22.257644]}},{"type":"Feature","id":"a-028-8a44090e21","properties":{"elementId":"A-028","featureId":"a-028-8a44090e21","name":"Pagla Bazar Khal","kind":"water","kindLabel":"내륙 수자원 지물","sourceYear":"2026","recordIds":["bgd-v162-a-028-entity-01365"],"rowCount":1,"featureClass":"canal","lengthKm":0.7437},"geometry":{"type":"Point","coordinates":[90.563623,22.152715]}},{"type":"Feature","id":"a-028-ea5005daf4","properties":{"elementId":"A-028","featureId":"a-028-ea5005daf4","name":"Pagli Bridge Chra (Polir Chara)","kind":"water","kindLabel":"내륙 수자원 지물","sourceYear":"2026","recordIds":["bgd-v162-a-028-entity-01003"],"rowCount":1,"featureClass":"stream","lengthKm":3.9342},"geometry":{"type":"Point","coordinates":[92.067464,21.647542]}},{"type":"Feature","id":"a-028-8a532b953b","properties":{"elementId":"A-028","featureId":"a-028-8a532b953b","name":"Paik Bari Road Drain","kind":"water","kindLabel":"내륙 수자원 지물","sourceYear":"2026","recordIds":["bgd-v162-a-028-entity-00564"],"rowCount":1,"featureClass":"drain","lengthKm":0.5372},"geometry":{"type":"Point","coordinates":[89.781081,22.663904]}},{"type":"Feature","id":"a-028-820d4a6a6a","properties":{"elementId":"A-028","featureId":"a-028-820d4a6a6a","name":"Pakapul Road Drain","kind":"water","kindLabel":"내륙 수자원 지물","sourceYear":"2026","recordIds":["bgd-v162-a-028-entity-00485"],"rowCount":1,"featureClass":"drain","lengthKm":0.175},"geometry":{"type":"Point","coordinates":[89.072688,22.711928]}},{"type":"Feature","id":"a-028-fa95b4c0f5","properties":{"elementId":"A-028","featureId":"a-028-fa95b4c0f5","name":"Pakhimara Canel","kind":"water","kindLabel":"내륙 수자원 지물","sourceYear":"2026","recordIds":["bgd-v162-a-028-entity-00603"],"rowCount":1,"featureClass":"river","lengthKm":0.5234},"geometry":{"type":"Point","coordinates":[89.652665,22.433547]}},{"type":"Feature","id":"a-028-9d9b628ca2","properties":{"elementId":"A-028","featureId":"a-028-9d9b628ca2","name":"Paler Khal","kind":"water","kindLabel":"내륙 수자원 지물","sourceYear":"2026","recordIds":["bgd-v162-a-028-entity-01434"],"rowCount":1,"featureClass":"canal","lengthKm":1.8082},"geometry":{"type":"Point","coordinates":[89.93704,22.411427]}},{"type":"Feature","id":"a-028-928c645be9","properties":{"elementId":"A-028","featureId":"a-028-928c645be9","name":"Palm Tree","kind":"natural","kindLabel":"기타 자연지형지물","sourceYear":"2026","recordIds":["bgd-v162-a-028-entity-00121"],"rowCount":1,"featureClass":"tree"},"geometry":{"type":"Point","coordinates":[90.80393,24.816756]}},{"type":"Feature","id":"a-028-7651baccea","properties":{"elementId":"A-028","featureId":"a-028-7651baccea","name":"Palong River","kind":"water","kindLabel":"내륙 수자원 지물","sourceYear":"2026","recordIds":["bgd-v162-a-028-entity-01182"],"rowCount":1,"featureClass":"river","lengthKm":33.9127},"geometry":{"type":"Point","coordinates":[90.416402,23.333095]}},{"type":"Feature","id":"a-028-e0f3f77ea3","properties":{"elementId":"A-028","featureId":"a-028-e0f3f77ea3","name":"Palpara Canal","kind":"water","kindLabel":"내륙 수자원 지물","sourceYear":"2026","recordIds":["bgd-v162-a-028-entity-00201"],"rowCount":1,"featureClass":"canal","lengthKm":0.8005},"geometry":{"type":"Point","coordinates":[89.784218,22.675809]}},{"type":"Feature","id":"a-028-e8b3734581","properties":{"elementId":"A-028","featureId":"a-028-e8b3734581","name":"Pandop River","kind":"water","kindLabel":"내륙 수자원 지물","sourceYear":"2026","recordIds":["bgd-v162-a-028-entity-01978"],"rowCount":1,"featureClass":"river","lengthKm":6.3047},"geometry":{"type":"Point","coordinates":[91.118345,25.08972]}},{"type":"Feature","id":"a-028-3bdf308c17","properties":{"elementId":"A-028","featureId":"a-028-3bdf308c17","name":"Parakhal(Canal)","kind":"water","kindLabel":"내륙 수자원 지물","sourceYear":"2026","recordIds":["bgd-v162-a-028-entity-00225"],"rowCount":1,"featureClass":"canal","lengthKm":1.298},"geometry":{"type":"Point","coordinates":[89.449842,22.536152]}},{"type":"Feature","id":"a-028-0da325987c","properties":{"elementId":"A-028","featureId":"a-028-0da325987c","name":"Parakhal(Canal)","kind":"water","kindLabel":"내륙 수자원 지물","sourceYear":"2026","recordIds":["bgd-v162-a-028-entity-00216"],"rowCount":1,"featureClass":"canal","lengthKm":0.9669},"geometry":{"type":"Point","coordinates":[89.46094,22.532497]}},{"type":"Feature","id":"a-028-fb01ebcdcd","properties":{"elementId":"A-028","featureId":"a-028-fb01ebcdcd","name":"Paranpur Bottola","kind":"natural","kindLabel":"기타 자연지형지물","sourceYear":"2026","recordIds":["bgd-v162-a-028-entity-00124"],"rowCount":1,"featureClass":"tree"},"geometry":{"type":"Point","coordinates":[88.776326,24.251525]}},{"type":"Feature","id":"a-028-a7176b9c02","properties":{"elementId":"A-028","featureId":"a-028-a7176b9c02","name":"Parjoy Nagar gov. PSF pond.","kind":"water","kindLabel":"내륙 수자원 지물","sourceYear":"2026","recordIds":["bgd-v162-a-028-entity-00194"],"rowCount":1,"featureClass":"canal","lengthKm":0.6264},"geometry":{"type":"Point","coordinates":[89.455469,22.533181]}},{"type":"Feature","id":"a-028-495637cddb","properties":{"elementId":"A-028","featureId":"a-028-495637cddb","name":"Park Drain","kind":"water","kindLabel":"내륙 수자원 지물","sourceYear":"2026","recordIds":["bgd-v162-a-028-entity-00363"],"rowCount":1,"featureClass":"drain","lengthKm":0.0394},"geometry":{"type":"Point","coordinates":[89.074444,22.710042]}},{"type":"Feature","id":"a-028-0f356c4263","properties":{"elementId":"A-028","featureId":"a-028-0f356c4263","name":"Parki Beach","kind":"coastal","kindLabel":"해안 지물","sourceYear":"2026","recordIds":["bgd-v162-a-028-entity-00004"],"rowCount":1,"featureClass":"beach"},"geometry":{"type":"Point","coordinates":[91.814314,22.193316]}},{"type":"Feature","id":"a-028-0b4f07d387","properties":{"elementId":"A-028","featureId":"a-028-0b4f07d387","name":"Pary Kata Khal","kind":"water","kindLabel":"내륙 수자원 지물","sourceYear":"2026","recordIds":["bgd-v162-a-028-entity-00261"],"rowCount":1,"featureClass":"canal","lengthKm":6.6076},"geometry":{"type":"Point","coordinates":[89.537607,22.482869]}},{"type":"Feature","id":"a-028-7b9d638069","properties":{"elementId":"A-028","featureId":"a-028-7b9d638069","name":"Passport Office Pichon Road Goli Drain","kind":"water","kindLabel":"내륙 수자원 지물","sourceYear":"2026","recordIds":["bgd-v162-a-028-entity-00460"],"rowCount":1,"featureClass":"drain","lengthKm":0.1399},"geometry":{"type":"Point","coordinates":[89.072528,22.713923]}},{"type":"Feature","id":"a-028-41819f8669","properties":{"elementId":"A-028","featureId":"a-028-41819f8669","name":"Passport Office Pichon Road Goli Drain","kind":"water","kindLabel":"내륙 수자원 지물","sourceYear":"2026","recordIds":["bgd-v162-a-028-entity-00300"],"rowCount":1,"featureClass":"drain","lengthKm":0.0029},"geometry":{"type":"Point","coordinates":[89.073531,22.714071]}},{"type":"Feature","id":"a-028-ff99c95df0","properties":{"elementId":"A-028","featureId":"a-028-ff99c95df0","name":"Passport Office Pichon Road Goli Drain","kind":"water","kindLabel":"내륙 수자원 지물","sourceYear":"2026","recordIds":["bgd-v162-a-028-entity-00373"],"rowCount":1,"featureClass":"drain","lengthKm":0.0504},"geometry":{"type":"Point","coordinates":[89.073541,22.714096]}},{"type":"Feature","id":"a-028-de4bc28502","properties":{"elementId":"A-028","featureId":"a-028-de4bc28502","name":"Pataghera Cannal","kind":"water","kindLabel":"내륙 수자원 지물","sourceYear":"2026","recordIds":["bgd-v162-a-028-entity-00219"],"rowCount":1,"featureClass":"canal","lengthKm":1.1341},"geometry":{"type":"Point","coordinates":[89.296886,22.301351]}},{"type":"Feature","id":"a-028-7bafd2125d","properties":{"elementId":"A-028","featureId":"a-028-7bafd2125d","name":"Patakata Khal","kind":"water","kindLabel":"내륙 수자원 지물","sourceYear":"2026","recordIds":["bgd-v162-a-028-entity-00206"],"rowCount":1,"featureClass":"canal","lengthKm":0.8766},"geometry":{"type":"Point","coordinates":[89.30151,22.299951]}},{"type":"Feature","id":"a-028-d081c7cbaf","properties":{"elementId":"A-028","featureId":"a-028-d081c7cbaf","name":"Patakata canal","kind":"water","kindLabel":"내륙 수자원 지물","sourceYear":"2026","recordIds":["bgd-v162-a-028-entity-01298"],"rowCount":1,"featureClass":"canal","lengthKm":0.2952},"geometry":{"type":"Point","coordinates":[90.073975,22.213257]}},{"type":"Feature","id":"a-028-dfd4bacbc7","properties":{"elementId":"A-028","featureId":"a-028-dfd4bacbc7","name":"Patharkhali Cannal","kind":"water","kindLabel":"내륙 수자원 지물","sourceYear":"2026","recordIds":["bgd-v162-a-028-entity-00236"],"rowCount":1,"featureClass":"canal","lengthKm":1.8052},"geometry":{"type":"Point","coordinates":[89.31163,22.313614]}},{"type":"Feature","id":"a-028-8761111482","properties":{"elementId":"A-028","featureId":"a-028-8761111482","name":"Patlai River","kind":"water","kindLabel":"내륙 수자원 지물","sourceYear":"2026","recordIds":["bgd-v162-a-028-entity-01924"],"rowCount":1,"featureClass":"river","lengthKm":0.1806},"geometry":{"type":"Point","coordinates":[91.189082,25.165305]}},{"type":"Feature","id":"a-028-43f06b15d7","properties":{"elementId":"A-028","featureId":"a-028-43f06b15d7","name":"Patlai River","kind":"water","kindLabel":"내륙 수자원 지물","sourceYear":"2026","recordIds":["bgd-v162-a-028-entity-01956"],"rowCount":1,"featureClass":"river","lengthKm":2.5181},"geometry":{"type":"Point","coordinates":[91.197789,25.177772]}},{"type":"Feature","id":"a-028-7e84fb16a3","properties":{"elementId":"A-028","featureId":"a-028-7e84fb16a3","name":"Pc College Drain","kind":"water","kindLabel":"내륙 수자원 지물","sourceYear":"2026","recordIds":["bgd-v162-a-028-entity-00556"],"rowCount":1,"featureClass":"drain","lengthKm":0.443},"geometry":{"type":"Point","coordinates":[89.782256,22.663942]}},{"type":"Feature","id":"a-028-cac427ef9f","properties":{"elementId":"A-028","featureId":"a-028-cac427ef9f","name":"Pc College to Harikhali Drain","kind":"water","kindLabel":"내륙 수자원 지물","sourceYear":"2026","recordIds":["bgd-v162-a-028-entity-00396"],"rowCount":1,"featureClass":"drain","lengthKm":0.0743},"geometry":{"type":"Point","coordinates":[89.783361,22.668107]}},{"type":"Feature","id":"a-028-f5a7f9d04f","properties":{"elementId":"A-028","featureId":"a-028-f5a7f9d04f","name":"Pc College to Harikhali Drain","kind":"water","kindLabel":"내륙 수자원 지물","sourceYear":"2026","recordIds":["bgd-v162-a-028-entity-00491"],"rowCount":1,"featureClass":"drain","lengthKm":0.1833},"geometry":{"type":"Point","coordinates":[89.783537,22.66647]}},{"type":"Feature","id":"a-028-3d89a46e3d","properties":{"elementId":"A-028","featureId":"a-028-3d89a46e3d","name":"Pc College to sorui Drain","kind":"water","kindLabel":"내륙 수자원 지물","sourceYear":"2026","recordIds":["bgd-v162-a-028-entity-00515"],"rowCount":1,"featureClass":"drain","lengthKm":0.2255},"geometry":{"type":"Point","coordinates":[89.784653,22.663785]}},{"type":"Feature","id":"a-028-74bc3233d3","properties":{"elementId":"A-028","featureId":"a-028-74bc3233d3","name":"Pc College to sorui Drain","kind":"water","kindLabel":"내륙 수자원 지물","sourceYear":"2026","recordIds":["bgd-v162-a-028-entity-00376"],"rowCount":1,"featureClass":"drain","lengthKm":0.0519},"geometry":{"type":"Point","coordinates":[89.784683,22.664251]}},{"type":"Feature","id":"a-028-0278a84427","properties":{"elementId":"A-028","featureId":"a-028-0278a84427","name":"Pian River","kind":"water","kindLabel":"내륙 수자원 지물","sourceYear":"2026","recordIds":["bgd-v162-a-028-entity-01613"],"rowCount":1,"featureClass":"river","lengthKm":1.7271},"geometry":{"type":"Point","coordinates":[91.129092,24.743995]}},{"type":"Feature","id":"a-028-6cbeeb3866","properties":{"elementId":"A-028","featureId":"a-028-6cbeeb3866","name":"Pian River","kind":"water","kindLabel":"내륙 수자원 지물","sourceYear":"2026","recordIds":["bgd-v162-a-028-entity-01949"],"rowCount":1,"featureClass":"river","lengthKm":17.3329},"geometry":{"type":"Point","coordinates":[91.171385,24.820929]}},{"type":"Feature","id":"a-028-61c2ddd8f7","properties":{"elementId":"A-028","featureId":"a-028-61c2ddd8f7","name":"Polash flower tree","kind":"natural","kindLabel":"기타 자연지형지물","sourceYear":"2026","recordIds":["bgd-v162-a-028-entity-00115"],"rowCount":1,"featureClass":"tree"},"geometry":{"type":"Point","coordinates":[90.297868,23.850456]}},{"type":"Feature","id":"a-028-91b1057967","properties":{"elementId":"A-028","featureId":"a-028-91b1057967","name":"Polashpole 9 No Road","kind":"water","kindLabel":"내륙 수자원 지물","sourceYear":"2026","recordIds":["bgd-v162-a-028-entity-00522"],"rowCount":1,"featureClass":"drain","lengthKm":0.2558},"geometry":{"type":"Point","coordinates":[89.073495,22.721477]}},{"type":"Feature","id":"a-028-42ef8c1f45","properties":{"elementId":"A-028","featureId":"a-028-42ef8c1f45","name":"Polashpole 9 No Road","kind":"water","kindLabel":"내륙 수자원 지물","sourceYear":"2026","recordIds":["bgd-v162-a-028-entity-00313"],"rowCount":1,"featureClass":"drain","lengthKm":0.0046},"geometry":{"type":"Point","coordinates":[89.075711,22.721972]}},{"type":"Feature","id":"a-028-4a98680c6f","properties":{"elementId":"A-028","featureId":"a-028-4a98680c6f","name":"Polashpole 9 No Road","kind":"water","kindLabel":"내륙 수자원 지물","sourceYear":"2026","recordIds":["bgd-v162-a-028-entity-00336"],"rowCount":1,"featureClass":"drain","lengthKm":0.0083},"geometry":{"type":"Point","coordinates":[89.075754,22.721984]}},{"type":"Feature","id":"a-028-e583a60b52","properties":{"elementId":"A-028","featureId":"a-028-e583a60b52","name":"Polashtoli bridge","kind":"water","kindLabel":"내륙 수자원 지물","sourceYear":"2026","recordIds":["bgd-v162-a-028-entity-01109"],"rowCount":1,"featureClass":"river","lengthKm":0.1494},"geometry":{"type":"Point","coordinates":[90.096497,24.386822]}},{"type":"Feature","id":"a-028-76155a69eb","properties":{"elementId":"A-028","featureId":"a-028-76155a69eb","name":"Polaspol Purbo Para Drain","kind":"water","kindLabel":"내륙 수자원 지물","sourceYear":"2026","recordIds":["bgd-v162-a-028-entity-00449"],"rowCount":1,"featureClass":"drain","lengthKm":0.124},"geometry":{"type":"Point","coordinates":[89.069124,22.712524]}},{"type":"Feature","id":"a-028-e52d95d20c","properties":{"elementId":"A-028","featureId":"a-028-e52d95d20c","name":"Polaspole Ali Market Road Drain","kind":"water","kindLabel":"내륙 수자원 지물","sourceYear":"2026","recordIds":["bgd-v162-a-028-entity-00418"],"rowCount":1,"featureClass":"drain","lengthKm":0.0922},"geometry":{"type":"Point","coordinates":[89.070866,22.712582]}},{"type":"Feature","id":"a-028-af1a08ea3f","properties":{"elementId":"A-028","featureId":"a-028-af1a08ea3f","name":"Polaspole Road Drain","kind":"water","kindLabel":"내륙 수자원 지물","sourceYear":"2026","recordIds":["bgd-v162-a-028-entity-00463"],"rowCount":1,"featureClass":"drain","lengthKm":0.1431},"geometry":{"type":"Point","coordinates":[89.072659,22.716361]}},{"type":"Feature","id":"a-028-16bc7c650f","properties":{"elementId":"A-028","featureId":"a-028-16bc7c650f","name":"Polaspole Road Drain","kind":"water","kindLabel":"내륙 수자원 지물","sourceYear":"2026","recordIds":["bgd-v162-a-028-entity-00283"],"rowCount":1,"featureClass":"drain","lengthKm":0.0015},"geometry":{"type":"Point","coordinates":[89.072674,22.716362]}},{"type":"Feature","id":"a-028-c1fbf5483c","properties":{"elementId":"A-028","featureId":"a-028-c1fbf5483c","name":"Poschim Shekh Para Canal","kind":"water","kindLabel":"내륙 수자원 지물","sourceYear":"2026","recordIds":["bgd-v162-a-028-entity-00175"],"rowCount":1,"featureClass":"canal","lengthKm":0.2422},"geometry":{"type":"Point","coordinates":[89.806854,22.45913]}},{"type":"Feature","id":"a-028-65b3ca8832","properties":{"elementId":"A-028","featureId":"a-028-65b3ca8832","name":"Poshurtola Cannal","kind":"water","kindLabel":"내륙 수자원 지물","sourceYear":"2026","recordIds":["bgd-v162-a-028-entity-00214"],"rowCount":1,"featureClass":"canal","lengthKm":0.9506},"geometry":{"type":"Point","coordinates":[89.32617,22.311307]}},{"type":"Feature","id":"a-028-b483250a27","properties":{"elementId":"A-028","featureId":"a-028-b483250a27","name":"Poshurtola Cannal","kind":"water","kindLabel":"내륙 수자원 지물","sourceYear":"2026","recordIds":["bgd-v162-a-028-entity-00146"],"rowCount":1,"featureClass":"canal","lengthKm":0.0081},"geometry":{"type":"Point","coordinates":[89.331379,22.3049]}},{"type":"Feature","id":"a-028-f566e9680b","properties":{"elementId":"A-028","featureId":"a-028-f566e9680b","name":"Poshurtola Cannal","kind":"water","kindLabel":"내륙 수자원 지물","sourceYear":"2026","recordIds":["bgd-v162-a-028-entity-00148"],"rowCount":1,"featureClass":"canal","lengthKm":0.0083},"geometry":{"type":"Point","coordinates":[89.331431,22.304845]}},{"type":"Feature","id":"a-028-d6f94fad4e","properties":{"elementId":"A-028","featureId":"a-028-d6f94fad4e","name":"Pran Sahar Khal","kind":"water","kindLabel":"내륙 수자원 지물","sourceYear":"2026","recordIds":["bgd-v162-a-028-entity-00262"],"rowCount":1,"featureClass":"canal","lengthKm":7.4771},"geometry":{"type":"Point","coordinates":[89.075915,22.721809]}},{"type":"Feature","id":"a-028-14bf20d483","properties":{"elementId":"A-028","featureId":"a-028-14bf20d483","name":"Pran Shaher Road Drain","kind":"water","kindLabel":"내륙 수자원 지물","sourceYear":"2026","recordIds":["bgd-v162-a-028-entity-00348"],"rowCount":1,"featureClass":"drain","lengthKm":0.0223},"geometry":{"type":"Point","coordinates":[89.071359,22.708808]}},{"type":"Feature","id":"a-028-9f1f813265","properties":{"elementId":"A-028","featureId":"a-028-9f1f813265","name":"Pran Shaher Road Drain","kind":"water","kindLabel":"내륙 수자원 지물","sourceYear":"2026","recordIds":["bgd-v162-a-028-entity-00289"],"rowCount":1,"featureClass":"drain","lengthKm":0.0019},"geometry":{"type":"Point","coordinates":[89.071376,22.708803]}},{"type":"Feature","id":"a-028-ce65860647","properties":{"elementId":"A-028","featureId":"a-028-ce65860647","name":"Pran Shaher Road Drain","kind":"water","kindLabel":"내륙 수자원 지물","sourceYear":"2026","recordIds":["bgd-v162-a-028-entity-00455"],"rowCount":1,"featureClass":"drain","lengthKm":0.1325},"geometry":{"type":"Point","coordinates":[89.072627,22.708506]}},{"type":"Feature","id":"a-028-0e1ec5ac78","properties":{"elementId":"A-028","featureId":"a-028-0e1ec5ac78","name":"Prokalpo","kind":"water","kindLabel":"내륙 수자원 지물","sourceYear":"2026","recordIds":["bgd-v162-a-028-entity-00709"],"rowCount":1,"featureClass":"river","lengthKm":7.5419},"geometry":{"type":"Point","coordinates":[88.815184,23.90334]}},{"type":"Feature","id":"a-028-85d4d425a1","properties":{"elementId":"A-028","featureId":"a-028-85d4d425a1","name":"Pulghata bazar Khal","kind":"water","kindLabel":"내륙 수자원 지물","sourceYear":"2026","recordIds":["bgd-v162-a-028-entity-01258"],"rowCount":1,"featureClass":"canal","lengthKm":0.1045},"geometry":{"type":"Point","coordinates":[90.634232,22.607108]}},{"type":"Feature","id":"a-028-037aa55627","properties":{"elementId":"A-028","featureId":"a-028-037aa55627","name":"Punarbhaba","kind":"water","kindLabel":"내륙 수자원 지물","sourceYear":"2026","recordIds":["bgd-v162-a-028-entity-01693"],"rowCount":1,"featureClass":"river","lengthKm":13.0934},"geometry":{"type":"Point","coordinates":[88.539076,25.956628]}},{"type":"Feature","id":"a-028-00a7951bdb","properties":{"elementId":"A-028","featureId":"a-028-00a7951bdb","name":"Punarbhaba","kind":"water","kindLabel":"내륙 수자원 지물","sourceYear":"2026","recordIds":["bgd-v162-a-028-entity-01718"],"rowCount":1,"featureClass":"river","lengthKm":23.8344},"geometry":{"type":"Point","coordinates":[88.56196,25.87535]}},{"type":"Feature","id":"a-028-a2741b94a9","properties":{"elementId":"A-028","featureId":"a-028-a2741b94a9","name":"Punarbhaba","kind":"water","kindLabel":"내륙 수자원 지물","sourceYear":"2026","recordIds":["bgd-v162-a-028-entity-01700"],"rowCount":1,"featureClass":"river","lengthKm":15.082},"geometry":{"type":"Point","coordinates":[88.600295,25.567513]}},{"type":"Feature","id":"a-028-befdee9490","properties":{"elementId":"A-028","featureId":"a-028-befdee9490","name":"Punarbhaba","kind":"water","kindLabel":"내륙 수자원 지물","sourceYear":"2026","recordIds":["bgd-v162-a-028-entity-01674"],"rowCount":1,"featureClass":"river","lengthKm":0.5771},"geometry":{"type":"Point","coordinates":[88.606641,25.74916]}},{"type":"Feature","id":"a-028-636ba1edd7","properties":{"elementId":"A-028","featureId":"a-028-636ba1edd7","name":"Punarbhaba","kind":"water","kindLabel":"내륙 수자원 지물","sourceYear":"2026","recordIds":["bgd-v162-a-028-entity-01705"],"rowCount":1,"featureClass":"river","lengthKm":18.6578},"geometry":{"type":"Point","coordinates":[88.610018,25.745185]}},{"type":"Feature","id":"a-028-0f7352c578","properties":{"elementId":"A-028","featureId":"a-028-0f7352c578","name":"Punarbhava river","kind":"water","kindLabel":"내륙 수자원 지물","sourceYear":"2026","recordIds":["bgd-v162-a-028-entity-02051"],"rowCount":1,"featureClass":"river","lengthKm":27.7915},"geometry":{"type":"Point","coordinates":[88.363585,24.953429]}},{"type":"Feature","id":"a-028-890169c06e","properties":{"elementId":"A-028","featureId":"a-028-890169c06e","name":"Punarbhava river","kind":"water","kindLabel":"내륙 수자원 지물","sourceYear":"2026","recordIds":["bgd-v162-a-028-entity-02048"],"rowCount":1,"featureClass":"river","lengthKm":26.3669},"geometry":{"type":"Point","coordinates":[88.442329,25.057271]}},{"type":"Feature","id":"a-028-5b81768749","properties":{"elementId":"A-028","featureId":"a-028-5b81768749","name":"Punarvabha RIver","kind":"water","kindLabel":"내륙 수자원 지물","sourceYear":"2026","recordIds":["bgd-v162-a-028-entity-02085"],"rowCount":1,"featureClass":"river","lengthKm":6.282},"geometry":{"type":"Point","coordinates":[88.550663,25.514342]}},{"type":"Feature","id":"a-028-058e1e7c30","properties":{"elementId":"A-028","featureId":"a-028-058e1e7c30","name":"Puran Varanga Bondho Khal","kind":"water","kindLabel":"내륙 수자원 지물","sourceYear":"2026","recordIds":["bgd-v162-a-028-entity-01903"],"rowCount":1,"featureClass":"canal","lengthKm":1.0803},"geometry":{"type":"Point","coordinates":[91.252449,25.092532]}},{"type":"Feature","id":"a-028-9ba9bdb0b2","properties":{"elementId":"A-028","featureId":"a-028-9ba9bdb0b2","name":"Puraton Brahmaputra River","kind":"water","kindLabel":"내륙 수자원 지물","sourceYear":"2026","recordIds":["bgd-v162-a-028-entity-01213"],"rowCount":1,"featureClass":"river","lengthKm":8.9959},"geometry":{"type":"Point","coordinates":[90.642427,24.380639]}},{"type":"Feature","id":"a-028-ef27c273ec","properties":{"elementId":"A-028","featureId":"a-028-ef27c273ec","name":"Putimari river","kind":"water","kindLabel":"내륙 수자원 지물","sourceYear":"2026","recordIds":["bgd-v162-a-028-entity-00647"],"rowCount":1,"featureClass":"river","lengthKm":2.6044},"geometry":{"type":"Point","coordinates":[89.647876,22.454352]}},{"type":"Feature","id":"a-028-03c6ab27c7","properties":{"elementId":"A-028","featureId":"a-028-03c6ab27c7","name":"Radhanagor Gali Road Drain","kind":"water","kindLabel":"내륙 수자원 지물","sourceYear":"2026","recordIds":["bgd-v162-a-028-entity-00436"],"rowCount":1,"featureClass":"drain","lengthKm":0.1101},"geometry":{"type":"Point","coordinates":[89.069704,22.708564]}},{"type":"Feature","id":"a-028-386af453f7","properties":{"elementId":"A-028","featureId":"a-028-386af453f7","name":"Radhanagor Gali Road Drain","kind":"water","kindLabel":"내륙 수자원 지물","sourceYear":"2026","recordIds":["bgd-v162-a-028-entity-00326"],"rowCount":1,"featureClass":"drain","lengthKm":0.0061},"geometry":{"type":"Point","coordinates":[89.070693,22.708441]}},{"type":"Feature","id":"a-028-913a3d527d","properties":{"elementId":"A-028","featureId":"a-028-913a3d527d","name":"Radhanagor Gali Road Drain","kind":"water","kindLabel":"내륙 수자원 지물","sourceYear":"2026","recordIds":["bgd-v162-a-028-entity-00310"],"rowCount":1,"featureClass":"drain","lengthKm":0.0045},"geometry":{"type":"Point","coordinates":[89.070748,22.708424]}},{"type":"Feature","id":"a-028-9cc51fe7ce","properties":{"elementId":"A-028","featureId":"a-028-9cc51fe7ce","name":"Rail Road Bypass (Old Rupsa Bagerhat) Road","kind":"water","kindLabel":"내륙 수자원 지물","sourceYear":"2026","recordIds":["bgd-v162-a-028-entity-00567"],"rowCount":1,"featureClass":"drain","lengthKm":0.5715},"geometry":{"type":"Point","coordinates":[89.793578,22.657914]}},{"type":"Feature","id":"a-028-ea9bc9a502","properties":{"elementId":"A-028","featureId":"a-028-ea9bc9a502","name":"Raj koroi tree","kind":"natural","kindLabel":"기타 자연지형지물","sourceYear":"2026","recordIds":["bgd-v162-a-028-entity-00111"],"rowCount":1,"featureClass":"tree"},"geometry":{"type":"Point","coordinates":[90.299438,23.850091]}},{"type":"Feature","id":"a-028-b82f4f26f1","properties":{"elementId":"A-028","featureId":"a-028-b82f4f26f1","name":"Rajapur canal","kind":"water","kindLabel":"내륙 수자원 지물","sourceYear":"2026","recordIds":["bgd-v162-a-028-entity-01349"],"rowCount":1,"featureClass":"canal","lengthKm":0.5958},"geometry":{"type":"Point","coordinates":[90.635166,22.789237]}},{"type":"Feature","id":"a-028-1c74010389","properties":{"elementId":"A-028","featureId":"a-028-1c74010389","name":"Rang Tlang","kind":"natural","kindLabel":"기타 자연지형지물","sourceYear":"2026","recordIds":["bgd-v162-a-028-entity-00048"],"rowCount":1,"featureClass":"peak"},"geometry":{"type":"Point","coordinates":[92.593389,22.04208]}},{"type":"Feature","id":"a-028-80a33e46c7","properties":{"elementId":"A-028","featureId":"a-028-80a33e46c7","name":"Reju Canal","kind":"water","kindLabel":"내륙 수자원 지물","sourceYear":"2026","recordIds":["bgd-v162-a-028-entity-00931"],"rowCount":1,"featureClass":"river","lengthKm":3.7455},"geometry":{"type":"Point","coordinates":[92.0873,21.309369]}},{"type":"Feature","id":"a-028-bea5e0d9ef","properties":{"elementId":"A-028","featureId":"a-028-bea5e0d9ef","name":"Reju Canal","kind":"water","kindLabel":"내륙 수자원 지물","sourceYear":"2026","recordIds":["bgd-v162-a-028-entity-00851"],"rowCount":1,"featureClass":"river","lengthKm":0.1022},"geometry":{"type":"Point","coordinates":[92.091715,21.276673]}},{"type":"Feature","id":"a-028-f83049e854","properties":{"elementId":"A-028","featureId":"a-028-f83049e854","name":"Reju Canal","kind":"water","kindLabel":"내륙 수자원 지물","sourceYear":"2026","recordIds":["bgd-v162-a-028-entity-00882"],"rowCount":1,"featureClass":"river","lengthKm":10.502},"geometry":{"type":"Point","coordinates":[92.091858,21.277583]}},{"type":"Feature","id":"a-028-9788b4daee","properties":{"elementId":"A-028","featureId":"a-028-9788b4daee","name":"Reju Canal","kind":"water","kindLabel":"내륙 수자원 지물","sourceYear":"2026","recordIds":["bgd-v162-a-028-entity-00845"],"rowCount":1,"featureClass":"river","lengthKm":0.0467},"geometry":{"type":"Point","coordinates":[92.097023,21.273431]}},{"type":"Feature","id":"a-028-f966de9391","properties":{"elementId":"A-028","featureId":"a-028-f966de9391","name":"Reju Canal","kind":"water","kindLabel":"내륙 수자원 지물","sourceYear":"2026","recordIds":["bgd-v162-a-028-entity-00873"],"rowCount":1,"featureClass":"river","lengthKm":0.9879},"geometry":{"type":"Point","coordinates":[92.0972,21.273817]}},{"type":"Feature","id":"a-028-3efce05467","properties":{"elementId":"A-028","featureId":"a-028-3efce05467","name":"Reju Canal","kind":"water","kindLabel":"내륙 수자원 지물","sourceYear":"2026","recordIds":["bgd-v162-a-028-entity-00909"],"rowCount":1,"featureClass":"river","lengthKm":2.3782},"geometry":{"type":"Point","coordinates":[92.10875,21.264377]}},{"type":"Feature","id":"a-028-cc687b7069","properties":{"elementId":"A-028","featureId":"a-028-cc687b7069","name":"Residential Road Drain","kind":"water","kindLabel":"내륙 수자원 지물","sourceYear":"2026","recordIds":["bgd-v162-a-028-entity-00391"],"rowCount":1,"featureClass":"drain","lengthKm":0.0654},"geometry":{"type":"Point","coordinates":[89.07405,22.699832]}},{"type":"Feature","id":"a-028-1804c92b36","properties":{"elementId":"A-028","featureId":"a-028-1804c92b36","name":"Resistry Office Road Side Drainage","kind":"water","kindLabel":"내륙 수자원 지물","sourceYear":"2026","recordIds":["bgd-v162-a-028-entity-00557"],"rowCount":1,"featureClass":"drain","lengthKm":0.4588},"geometry":{"type":"Point","coordinates":[89.077476,22.71608]}},{"type":"Feature","id":"a-028-d446d14727","properties":{"elementId":"A-028","featureId":"a-028-d446d14727","name":"Resistry Office Road Side Drainage","kind":"water","kindLabel":"내륙 수자원 지물","sourceYear":"2026","recordIds":["bgd-v162-a-028-entity-00502"],"rowCount":1,"featureClass":"drain","lengthKm":0.1995},"geometry":{"type":"Point","coordinates":[89.077984,22.718324]}},{"type":"Feature","id":"a-028-f6e7edfb0a","properties":{"elementId":"A-028","featureId":"a-028-f6e7edfb0a","name":"Rhoykong","kind":"water","kindLabel":"내륙 수자원 지물","sourceYear":"2026","recordIds":["bgd-v162-a-028-entity-00962"],"rowCount":1,"featureClass":"river","lengthKm":6.8786},"geometry":{"type":"Point","coordinates":[92.199774,21.075443]}},{"type":"Feature","id":"a-028-dd2dbd7aec","properties":{"elementId":"A-028","featureId":"a-028-dd2dbd7aec","name":"River#KILLA","kind":"water","kindLabel":"내륙 수자원 지물","sourceYear":"2026","recordIds":["bgd-v162-a-028-entity-00870"],"rowCount":1,"featureClass":"river","lengthKm":0.8685},"geometry":{"type":"Point","coordinates":[91.882348,21.857264]}},{"type":"Feature","id":"a-028-e330f6e776","properties":{"elementId":"A-028","featureId":"a-028-e330f6e776","name":"River#KILLA","kind":"water","kindLabel":"내륙 수자원 지물","sourceYear":"2026","recordIds":["bgd-v162-a-028-entity-00862"],"rowCount":1,"featureClass":"river","lengthKm":0.3747},"geometry":{"type":"Point","coordinates":[91.885755,21.86311]}},{"type":"Feature","id":"a-028-a8cf24265f","properties":{"elementId":"A-028","featureId":"a-028-a8cf24265f","name":"River#KILLA","kind":"water","kindLabel":"내륙 수자원 지물","sourceYear":"2026","recordIds":["bgd-v162-a-028-entity-00861"],"rowCount":1,"featureClass":"river","lengthKm":0.3479},"geometry":{"type":"Point","coordinates":[91.886478,21.868986]}},{"type":"Feature","id":"a-028-8b6f1368ee","properties":{"elementId":"A-028","featureId":"a-028-8b6f1368ee","name":"River#KILLA","kind":"water","kindLabel":"내륙 수자원 지물","sourceYear":"2026","recordIds":["bgd-v162-a-028-entity-00865"],"rowCount":1,"featureClass":"river","lengthKm":0.5144},"geometry":{"type":"Point","coordinates":[91.887211,21.857667]}},{"type":"Feature","id":"a-028-704439b456","properties":{"elementId":"A-028","featureId":"a-028-704439b456","name":"River#KILLA","kind":"water","kindLabel":"내륙 수자원 지물","sourceYear":"2026","recordIds":["bgd-v162-a-028-entity-00864"],"rowCount":1,"featureClass":"river","lengthKm":0.4042},"geometry":{"type":"Point","coordinates":[91.887907,21.865729]}},{"type":"Feature","id":"a-028-33d5efa622","properties":{"elementId":"A-028","featureId":"a-028-33d5efa622","name":"River-117-to-118","kind":"water","kindLabel":"내륙 수자원 지물","sourceYear":"2026","recordIds":["bgd-v162-a-028-entity-01555"],"rowCount":1,"featureClass":"river","lengthKm":3.2893},"geometry":{"type":"Point","coordinates":[90.165697,21.926143]}},{"type":"Feature","id":"a-028-fb8ade6fd7","properties":{"elementId":"A-028","featureId":"a-028-fb8ade6fd7","name":"River-117-to-118","kind":"water","kindLabel":"내륙 수자원 지물","sourceYear":"2026","recordIds":["bgd-v162-a-028-entity-01524"],"rowCount":1,"featureClass":"river","lengthKm":0.0063},"geometry":{"type":"Point","coordinates":[90.165756,21.926126]}},{"type":"Feature","id":"a-028-03132a8c00","properties":{"elementId":"A-028","featureId":"a-028-03132a8c00","name":"River-117-to-118","kind":"water","kindLabel":"내륙 수자원 지물","sourceYear":"2026","recordIds":["bgd-v162-a-028-entity-01535"],"rowCount":1,"featureClass":"river","lengthKm":1.4746},"geometry":{"type":"Point","coordinates":[90.177801,21.927054]}},{"type":"Feature","id":"a-028-4d5bd4fd25","properties":{"elementId":"A-028","featureId":"a-028-4d5bd4fd25","name":"River-187","kind":"water","kindLabel":"내륙 수자원 지물","sourceYear":"2026","recordIds":["bgd-v162-a-028-entity-01530"],"rowCount":1,"featureClass":"river","lengthKm":0.2494},"geometry":{"type":"Point","coordinates":[90.214656,21.967205]}},{"type":"Feature","id":"a-028-eec45a09de","properties":{"elementId":"A-028","featureId":"a-028-eec45a09de","name":"River-61-to-112","kind":"water","kindLabel":"내륙 수자원 지물","sourceYear":"2026","recordIds":["bgd-v162-a-028-entity-01567"],"rowCount":1,"featureClass":"river","lengthKm":8.9522},"geometry":{"type":"Point","coordinates":[90.181074,21.976454]}},{"type":"Feature","id":"a-028-6d6702a018","properties":{"elementId":"A-028","featureId":"a-028-6d6702a018","name":"River-76-to-77","kind":"water","kindLabel":"내륙 수자원 지물","sourceYear":"2026","recordIds":["bgd-v162-a-028-entity-01560"],"rowCount":1,"featureClass":"river","lengthKm":4.2496},"geometry":{"type":"Point","coordinates":[90.198563,21.974527]}},{"type":"Feature","id":"a-028-c1daed2a15","properties":{"elementId":"A-028","featureId":"a-028-c1daed2a15","name":"River-78-103-104","kind":"water","kindLabel":"내륙 수자원 지물","sourceYear":"2026","recordIds":["bgd-v162-a-028-entity-01564"],"rowCount":1,"featureClass":"river","lengthKm":7.3089},"geometry":{"type":"Point","coordinates":[90.208069,21.955417]}},{"type":"Feature","id":"a-028-3e73e89741","properties":{"elementId":"A-028","featureId":"a-028-3e73e89741","name":"River-78-103-104","kind":"water","kindLabel":"내륙 수자원 지물","sourceYear":"2026","recordIds":["bgd-v162-a-028-entity-01527"],"rowCount":1,"featureClass":"river","lengthKm":0.0217},"geometry":{"type":"Point","coordinates":[90.208253,21.955322]}},{"type":"Feature","id":"a-028-16c75f4a28","properties":{"elementId":"A-028","featureId":"a-028-16c75f4a28","name":"River-78-103-104","kind":"water","kindLabel":"내륙 수자원 지물","sourceYear":"2026","recordIds":["bgd-v162-a-028-entity-01531"],"rowCount":1,"featureClass":"river","lengthKm":0.3038},"geometry":{"type":"Point","coordinates":[90.210779,21.953932]}},{"type":"Feature","id":"a-028-5fd8e23067","properties":{"elementId":"A-028","featureId":"a-028-5fd8e23067","name":"Riverine Restaurant","kind":"natural","kindLabel":"기타 자연지형지물","sourceYear":"2026","recordIds":["bgd-v162-a-028-entity-00071"],"rowCount":1,"featureClass":"tree"},"geometry":{"type":"Point","coordinates":[91.814281,22.237674]}},{"type":"Feature","id":"a-028-bca15cf86f","properties":{"elementId":"A-028","featureId":"a-028-bca15cf86f","name":"Ronogopaldi Nodi","kind":"water","kindLabel":"내륙 수자원 지물","sourceYear":"2026","recordIds":["bgd-v162-a-028-entity-01540"],"rowCount":1,"featureClass":"river","lengthKm":10.7149},"geometry":{"type":"Point","coordinates":[90.469943,22.228169]}},{"type":"Feature","id":"a-028-b907e30afa","properties":{"elementId":"A-028","featureId":"a-028-b907e30afa","name":"Sadar Hospital Drain","kind":"water","kindLabel":"내륙 수자원 지물","sourceYear":"2026","recordIds":["bgd-v162-a-028-entity-00367"],"rowCount":1,"featureClass":"drain","lengthKm":0.0408},"geometry":{"type":"Point","coordinates":[89.789079,22.66746]}},{"type":"Feature","id":"a-028-294db5cd53","properties":{"elementId":"A-028","featureId":"a-028-294db5cd53","name":"Sadar Hospital Drain","kind":"water","kindLabel":"내륙 수자원 지물","sourceYear":"2026","recordIds":["bgd-v162-a-028-entity-00404"],"rowCount":1,"featureClass":"drain","lengthKm":0.0814},"geometry":{"type":"Point","coordinates":[89.789438,22.667619]}},{"type":"Feature","id":"a-028-c49b6905b1","properties":{"elementId":"A-028","featureId":"a-028-c49b6905b1","name":"Sahapara Road Drain","kind":"water","kindLabel":"내륙 수자원 지물","sourceYear":"2026","recordIds":["bgd-v162-a-028-entity-00357"],"rowCount":1,"featureClass":"drain","lengthKm":0.0373},"geometry":{"type":"Point","coordinates":[89.790245,22.649089]}},{"type":"Feature","id":"a-028-e4ff19c3f4","properties":{"elementId":"A-028","featureId":"a-028-e4ff19c3f4","name":"Sahapara Road Drain","kind":"water","kindLabel":"내륙 수자원 지물","sourceYear":"2026","recordIds":["bgd-v162-a-028-entity-00383"],"rowCount":1,"featureClass":"drain","lengthKm":0.0615},"geometry":{"type":"Point","coordinates":[89.790308,22.649414]}},{"type":"Feature","id":"a-028-6eb46851b8","properties":{"elementId":"A-028","featureId":"a-028-6eb46851b8","name":"Sahapara Road Drain","kind":"water","kindLabel":"내륙 수자원 지물","sourceYear":"2026","recordIds":["bgd-v162-a-028-entity-00409"],"rowCount":1,"featureClass":"drain","lengthKm":0.0838},"geometry":{"type":"Point","coordinates":[89.79032,22.649766]}},{"type":"Feature","id":"a-028-d0cb338527","properties":{"elementId":"A-028","featureId":"a-028-d0cb338527","name":"Sahapara Road Drain","kind":"water","kindLabel":"내륙 수자원 지물","sourceYear":"2026","recordIds":["bgd-v162-a-028-entity-00521"],"rowCount":1,"featureClass":"drain","lengthKm":0.2533},"geometry":{"type":"Point","coordinates":[89.790601,22.647734]}},{"type":"Feature","id":"a-028-f2e8670249","properties":{"elementId":"A-028","featureId":"a-028-f2e8670249","name":"Sahapara Road Drain","kind":"water","kindLabel":"내륙 수자원 지물","sourceYear":"2026","recordIds":["bgd-v162-a-028-entity-00500"],"rowCount":1,"featureClass":"drain","lengthKm":0.1986},"geometry":{"type":"Point","coordinates":[89.790671,22.648572]}},{"type":"Feature","id":"a-028-950f2b9c79","properties":{"elementId":"A-028","featureId":"a-028-950f2b9c79","name":"Saheber Khal","kind":"water","kindLabel":"내륙 수자원 지물","sourceYear":"2026","recordIds":["bgd-v162-a-028-entity-01259"],"rowCount":1,"featureClass":"canal","lengthKm":0.1057},"geometry":{"type":"Point","coordinates":[90.581052,22.165453]}},{"type":"Feature","id":"a-028-b983710abe","properties":{"elementId":"A-028","featureId":"a-028-b983710abe","name":"Saheber Khal","kind":"water","kindLabel":"내륙 수자원 지물","sourceYear":"2026","recordIds":["bgd-v162-a-028-entity-01262"],"rowCount":1,"featureClass":"canal","lengthKm":0.111},"geometry":{"type":"Point","coordinates":[90.581261,22.166462]}},{"type":"Feature","id":"a-028-c1b21602d7","properties":{"elementId":"A-028","featureId":"a-028-c1b21602d7","name":"Sajek River","kind":"water","kindLabel":"내륙 수자원 지물","sourceYear":"2026","recordIds":["bgd-v162-a-028-entity-00973"],"rowCount":1,"featureClass":"river","lengthKm":87.7526},"geometry":{"type":"Point","coordinates":[92.282174,23.707267]}},{"type":"Feature","id":"a-028-0a9a12f712","properties":{"elementId":"A-028","featureId":"a-028-0a9a12f712","name":"Saluka","kind":"water","kindLabel":"내륙 수자원 지물","sourceYear":"2026","recordIds":["bgd-v162-a-028-entity-01849"],"rowCount":1,"featureClass":"river","lengthKm":3.2038},"geometry":{"type":"Point","coordinates":[88.905491,24.818322]}},{"type":"Feature","id":"a-028-16b6123214","properties":{"elementId":"A-028","featureId":"a-028-16b6123214","name":"Sangu Nodi","kind":"water","kindLabel":"내륙 수자원 지물","sourceYear":"2026","recordIds":["bgd-v162-a-028-entity-00902"],"rowCount":1,"featureClass":"river","lengthKm":17.3786},"geometry":{"type":"Point","coordinates":[92.436723,21.809065]}},{"type":"Feature","id":"a-028-1640055645","properties":{"elementId":"A-028","featureId":"a-028-1640055645","name":"Sapmara Khal","kind":"water","kindLabel":"내륙 수자원 지물","sourceYear":"2026","recordIds":["bgd-v162-a-028-entity-00264"],"rowCount":1,"featureClass":"canal","lengthKm":9.6794},"geometry":{"type":"Point","coordinates":[88.999755,22.600685]}},{"type":"Feature","id":"a-028-49b483776c","properties":{"elementId":"A-028","featureId":"a-028-49b483776c","name":"Sapmara Khal","kind":"water","kindLabel":"내륙 수자원 지물","sourceYear":"2026","recordIds":["bgd-v162-a-028-entity-00263"],"rowCount":1,"featureClass":"canal","lengthKm":7.731},"geometry":{"type":"Point","coordinates":[89.075076,22.575063]}},{"type":"Feature","id":"a-028-956e2980c8","properties":{"elementId":"A-028","featureId":"a-028-956e2980c8","name":"Sapmara Khal","kind":"water","kindLabel":"내륙 수자원 지물","sourceYear":"2026","recordIds":["bgd-v162-a-028-entity-00143"],"rowCount":1,"featureClass":"canal","lengthKm":0.0075},"geometry":{"type":"Point","coordinates":[89.125225,22.570872]}},{"type":"Feature","id":"a-028-14ad044773","properties":{"elementId":"A-028","featureId":"a-028-14ad044773","name":"Sardarer Khal","kind":"water","kindLabel":"내륙 수자원 지물","sourceYear":"2026","recordIds":["bgd-v162-a-028-entity-01306"],"rowCount":1,"featureClass":"canal","lengthKm":0.3309},"geometry":{"type":"Point","coordinates":[90.372655,21.969843]}},{"type":"Feature","id":"a-028-5e738189e7","properties":{"elementId":"A-028","featureId":"a-028-5e738189e7","name":"Saroda canal","kind":"water","kindLabel":"내륙 수자원 지물","sourceYear":"2026","recordIds":["bgd-v162-a-028-entity-01484"],"rowCount":1,"featureClass":"canal","lengthKm":4.9238},"geometry":{"type":"Point","coordinates":[90.075429,22.217108]}},{"type":"Feature","id":"a-028-7813a89577","properties":{"elementId":"A-028","featureId":"a-028-7813a89577","name":"Satgoria Canal","kind":"water","kindLabel":"내륙 수자원 지물","sourceYear":"2026","recordIds":["bgd-v162-a-028-entity-00243"],"rowCount":1,"featureClass":"canal","lengthKm":2.1495},"geometry":{"type":"Point","coordinates":[89.476358,22.536206]}},{"type":"Feature","id":"a-028-ed3d149314","properties":{"elementId":"A-028","featureId":"a-028-ed3d149314","name":"Satkhira Assasuni Road Drainage","kind":"water","kindLabel":"내륙 수자원 지물","sourceYear":"2026","recordIds":["bgd-v162-a-028-entity-00309"],"rowCount":1,"featureClass":"drain","lengthKm":0.0043},"geometry":{"type":"Point","coordinates":[89.075299,22.708846]}},{"type":"Feature","id":"a-028-f8e695e3ac","properties":{"elementId":"A-028","featureId":"a-028-f8e695e3ac","name":"Satkhira Assasuni Road Drainage","kind":"water","kindLabel":"내륙 수자원 지물","sourceYear":"2026","recordIds":["bgd-v162-a-028-entity-00386"],"rowCount":1,"featureClass":"drain","lengthKm":0.0623},"geometry":{"type":"Point","coordinates":[89.075338,22.708832]}},{"type":"Feature","id":"a-028-e80d810a43","properties":{"elementId":"A-028","featureId":"a-028-e80d810a43","name":"Satkhira Assasuni Road Drainage","kind":"water","kindLabel":"내륙 수자원 지물","sourceYear":"2026","recordIds":["bgd-v162-a-028-entity-00315"],"rowCount":1,"featureClass":"drain","lengthKm":0.0048},"geometry":{"type":"Point","coordinates":[89.075888,22.708615]}},{"type":"Feature","id":"a-028-0a6ada2b20","properties":{"elementId":"A-028","featureId":"a-028-0a6ada2b20","name":"Satkhira Assasuni Road Drainage","kind":"water","kindLabel":"내륙 수자원 지물","sourceYear":"2026","recordIds":["bgd-v162-a-028-entity-00550"],"rowCount":1,"featureClass":"drain","lengthKm":0.3937},"geometry":{"type":"Point","coordinates":[89.075931,22.708597]}},{"type":"Feature","id":"a-028-d808e7073a","properties":{"elementId":"A-028","featureId":"a-028-d808e7073a","name":"Satkhira Jessore Highway Drain","kind":"water","kindLabel":"내륙 수자원 지물","sourceYear":"2026","recordIds":["bgd-v162-a-028-entity-00461"],"rowCount":1,"featureClass":"drain","lengthKm":0.1425},"geometry":{"type":"Point","coordinates":[89.065517,22.726112]}},{"type":"Feature","id":"a-028-f58799b786","properties":{"elementId":"A-028","featureId":"a-028-f58799b786","name":"Satkhira Kaligonj Road Drain","kind":"water","kindLabel":"내륙 수자원 지물","sourceYear":"2026","recordIds":["bgd-v162-a-028-entity-00395"],"rowCount":1,"featureClass":"drain","lengthKm":0.074},"geometry":{"type":"Point","coordinates":[89.070217,22.710333]}},{"type":"Feature","id":"a-028-fa03e0cfcd","properties":{"elementId":"A-028","featureId":"a-028-fa03e0cfcd","name":"Satkhira Kaligonj Road Drain","kind":"water","kindLabel":"내륙 수자원 지물","sourceYear":"2026","recordIds":["bgd-v162-a-028-entity-00338"],"rowCount":1,"featureClass":"drain","lengthKm":0.0096},"geometry":{"type":"Point","coordinates":[89.070419,22.710972]}},{"type":"Feature","id":"a-028-cf660360c3","properties":{"elementId":"A-028","featureId":"a-028-cf660360c3","name":"Satkhira Kaligonj Road Drain","kind":"water","kindLabel":"내륙 수자원 지물","sourceYear":"2026","recordIds":["bgd-v162-a-028-entity-00472"],"rowCount":1,"featureClass":"drain","lengthKm":0.152},"geometry":{"type":"Point","coordinates":[89.070457,22.71105]}},{"type":"Feature","id":"a-028-615500628d","properties":{"elementId":"A-028","featureId":"a-028-615500628d","name":"Satkhira khal","kind":"water","kindLabel":"내륙 수자원 지물","sourceYear":"2026","recordIds":["bgd-v162-a-028-entity-00187"],"rowCount":1,"featureClass":"canal","lengthKm":0.4619},"geometry":{"type":"Point","coordinates":[89.066036,22.735367]}},{"type":"Feature","id":"a-028-e4c179f6d3","properties":{"elementId":"A-028","featureId":"a-028-e4c179f6d3","name":"Seating","kind":"natural","kindLabel":"기타 자연지형지물","sourceYear":"2026","recordIds":["bgd-v162-a-028-entity-00109"],"rowCount":1,"featureClass":"tree"},"geometry":{"type":"Point","coordinates":[90.393414,23.807198]}},{"type":"Feature","id":"a-028-7798261c8d","properties":{"elementId":"A-028","featureId":"a-028-7798261c8d","name":"Selonia River","kind":"water","kindLabel":"내륙 수자원 지물","sourceYear":"2026","recordIds":["bgd-v162-a-028-entity-00945"],"rowCount":1,"featureClass":"river","lengthKm":43.3827},"geometry":{"type":"Point","coordinates":[91.402845,23.15853]}},{"type":"Feature","id":"a-028-862834f68c","properties":{"elementId":"A-028","featureId":"a-028-862834f68c","name":"Selonia River","kind":"water","kindLabel":"내륙 수자원 지물","sourceYear":"2026","recordIds":["bgd-v162-a-028-entity-00918"],"rowCount":1,"featureClass":"river","lengthKm":21.5314},"geometry":{"type":"Point","coordinates":[91.479127,23.054466]}},{"type":"Feature","id":"a-028-16b8f80163","properties":{"elementId":"A-028","featureId":"a-028-16b8f80163","name":"Selonia River link canal","kind":"water","kindLabel":"내륙 수자원 지물","sourceYear":"2026","recordIds":["bgd-v162-a-028-entity-00824"],"rowCount":1,"featureClass":"canal","lengthKm":2.7794},"geometry":{"type":"Point","coordinates":[91.430187,23.073643]}},{"type":"Feature","id":"a-028-c40c46fd7d","properties":{"elementId":"A-028","featureId":"a-028-c40c46fd7d","name":"Shabuj Canal","kind":"water","kindLabel":"내륙 수자원 지물","sourceYear":"2026","recordIds":["bgd-v162-a-028-entity-01272"],"rowCount":1,"featureClass":"canal","lengthKm":0.1563},"geometry":{"type":"Point","coordinates":[90.715388,22.457177]}},{"type":"Feature","id":"a-028-8d88c64f33","properties":{"elementId":"A-028","featureId":"a-028-8d88c64f33","name":"Shah Gazir Khal","kind":"water","kindLabel":"내륙 수자원 지물","sourceYear":"2026","recordIds":["bgd-v162-a-028-entity-01240"],"rowCount":1,"featureClass":"canal","lengthKm":0.0451},"geometry":{"type":"Point","coordinates":[90.375366,21.988867]}},{"type":"Feature","id":"a-028-22d59690ec","properties":{"elementId":"A-028","featureId":"a-028-22d59690ec","name":"Shah Gazir Khal","kind":"water","kindLabel":"내륙 수자원 지물","sourceYear":"2026","recordIds":["bgd-v162-a-028-entity-01257"],"rowCount":1,"featureClass":"canal","lengthKm":0.1041},"geometry":{"type":"Point","coordinates":[90.375941,21.988395]}},{"type":"Feature","id":"a-028-aa1746b11c","properties":{"elementId":"A-028","featureId":"a-028-aa1746b11c","name":"Shah Gazir Khal","kind":"water","kindLabel":"내륙 수자원 지물","sourceYear":"2026","recordIds":["bgd-v162-a-028-entity-01328"],"rowCount":1,"featureClass":"canal","lengthKm":0.472},"geometry":{"type":"Point","coordinates":[90.376663,21.986209]}},{"type":"Feature","id":"a-028-46e688fa54","properties":{"elementId":"A-028","featureId":"a-028-46e688fa54","name":"Shah Gazir Khal","kind":"water","kindLabel":"내륙 수자원 지물","sourceYear":"2026","recordIds":["bgd-v162-a-028-entity-01389"],"rowCount":1,"featureClass":"canal","lengthKm":1.013},"geometry":{"type":"Point","coordinates":[90.378444,21.986413]}},{"type":"Feature","id":"a-028-4635cf1be6","properties":{"elementId":"A-028","featureId":"a-028-4635cf1be6","name":"Shahapara Road Drain","kind":"water","kindLabel":"내륙 수자원 지물","sourceYear":"2026","recordIds":["bgd-v162-a-028-entity-00466"],"rowCount":1,"featureClass":"drain","lengthKm":0.1462},"geometry":{"type":"Point","coordinates":[89.07281,22.702063]}},{"type":"Feature","id":"a-028-f41042631b","properties":{"elementId":"A-028","featureId":"a-028-f41042631b","name":"Shahapara Road Drain","kind":"water","kindLabel":"내륙 수자원 지물","sourceYear":"2026","recordIds":["bgd-v162-a-028-entity-00287"],"rowCount":1,"featureClass":"drain","lengthKm":0.0018},"geometry":{"type":"Point","coordinates":[89.072817,22.701868]}},{"type":"Feature","id":"a-028-419bb3f7b3","properties":{"elementId":"A-028","featureId":"a-028-419bb3f7b3","name":"Shahapara Road Drain","kind":"water","kindLabel":"내륙 수자원 지물","sourceYear":"2026","recordIds":["bgd-v162-a-028-entity-00343"],"rowCount":1,"featureClass":"drain","lengthKm":0.0153},"geometry":{"type":"Point","coordinates":[89.072817,22.701885]}},{"type":"Feature","id":"a-028-f283257a2f","properties":{"elementId":"A-028","featureId":"a-028-f283257a2f","name":"Shahapara Road Drain","kind":"water","kindLabel":"내륙 수자원 지물","sourceYear":"2026","recordIds":["bgd-v162-a-028-entity-00314"],"rowCount":1,"featureClass":"drain","lengthKm":0.0047},"geometry":{"type":"Point","coordinates":[89.072818,22.702022]}},{"type":"Feature","id":"a-028-59282f9430","properties":{"elementId":"A-028","featureId":"a-028-59282f9430","name":"Shahapara Road Drain","kind":"water","kindLabel":"내륙 수자원 지물","sourceYear":"2026","recordIds":["bgd-v162-a-028-entity-00268"],"rowCount":1,"featureClass":"drain","lengthKm":0.0004},"geometry":{"type":"Point","coordinates":[89.07309,22.703333]}},{"type":"Feature","id":"a-028-03a5f0025f","properties":{"elementId":"A-028","featureId":"a-028-03a5f0025f","name":"Shahapara Road Drain","kind":"water","kindLabel":"내륙 수자원 지물","sourceYear":"2026","recordIds":["bgd-v162-a-028-entity-00489"],"rowCount":1,"featureClass":"drain","lengthKm":0.1806},"geometry":{"type":"Point","coordinates":[89.073093,22.703331]}},{"type":"Feature","id":"a-028-9391bb5554","properties":{"elementId":"A-028","featureId":"a-028-9391bb5554","name":"Shahapara Road Drain","kind":"water","kindLabel":"내륙 수자원 지물","sourceYear":"2026","recordIds":["bgd-v162-a-028-entity-00565"],"rowCount":1,"featureClass":"drain","lengthKm":0.5583},"geometry":{"type":"Point","coordinates":[89.074316,22.70164]}},{"type":"Feature","id":"a-028-31d2c980aa","properties":{"elementId":"A-028","featureId":"a-028-31d2c980aa","name":"Shahapara Road Drain","kind":"water","kindLabel":"내륙 수자원 지물","sourceYear":"2026","recordIds":["bgd-v162-a-028-entity-00301"],"rowCount":1,"featureClass":"drain","lengthKm":0.0032},"geometry":{"type":"Point","coordinates":[89.074321,22.701669]}},{"type":"Feature","id":"a-028-39c2c87e57","properties":{"elementId":"A-028","featureId":"a-028-39c2c87e57","name":"Shahapara Road Drain","kind":"water","kindLabel":"내륙 수자원 지물","sourceYear":"2026","recordIds":["bgd-v162-a-028-entity-00422"],"rowCount":1,"featureClass":"drain","lengthKm":0.0936},"geometry":{"type":"Point","coordinates":[89.074382,22.702508]}},{"type":"Feature","id":"a-028-50b3a3be31","properties":{"elementId":"A-028","featureId":"a-028-50b3a3be31","name":"Shahapara Road Drain","kind":"water","kindLabel":"내륙 수자원 지물","sourceYear":"2026","recordIds":["bgd-v162-a-028-entity-00330"],"rowCount":1,"featureClass":"drain","lengthKm":0.0069},"geometry":{"type":"Point","coordinates":[89.074383,22.70257]}},{"type":"Feature","id":"a-028-f7f06a0c6f","properties":{"elementId":"A-028","featureId":"a-028-f7f06a0c6f","name":"Shakbaria Canal","kind":"water","kindLabel":"내륙 수자원 지물","sourceYear":"2026","recordIds":["bgd-v162-a-028-entity-00191"],"rowCount":1,"featureClass":"canal","lengthKm":0.5094},"geometry":{"type":"Point","coordinates":[89.2603,22.406268]}},{"type":"Feature","id":"a-028-a43461e8a8","properties":{"elementId":"A-028","featureId":"a-028-a43461e8a8","name":"Shakbaria River","kind":"water","kindLabel":"내륙 수자원 지물","sourceYear":"2026","recordIds":["bgd-v162-a-028-entity-00596"],"rowCount":1,"featureClass":"river","lengthKm":0.185},"geometry":{"type":"Point","coordinates":[89.254715,22.40561]}},{"type":"Feature","id":"a-028-61976b1d25","properties":{"elementId":"A-028","featureId":"a-028-61976b1d25","name":"Shakbaria River","kind":"water","kindLabel":"내륙 수자원 지물","sourceYear":"2026","recordIds":["bgd-v162-a-028-entity-00583"],"rowCount":1,"featureClass":"river","lengthKm":0.025},"geometry":{"type":"Point","coordinates":[89.256116,22.406654]}},{"type":"Feature","id":"a-028-4d0730075f","properties":{"elementId":"A-028","featureId":"a-028-4d0730075f","name":"Shakbaria River","kind":"water","kindLabel":"내륙 수자원 지물","sourceYear":"2026","recordIds":["bgd-v162-a-028-entity-00681"],"rowCount":1,"featureClass":"river","lengthKm":4.8596},"geometry":{"type":"Point","coordinates":[89.256298,22.406803]}},{"type":"Feature","id":"a-028-9878518457","properties":{"elementId":"A-028","featureId":"a-028-9878518457","name":"Shakbaria River","kind":"water","kindLabel":"내륙 수자원 지물","sourceYear":"2026","recordIds":["bgd-v162-a-028-entity-00620"],"rowCount":1,"featureClass":"river","lengthKm":1.9189},"geometry":{"type":"Point","coordinates":[89.281715,22.384293]}},{"type":"Feature","id":"a-028-a4b857d69a","properties":{"elementId":"A-028","featureId":"a-028-a4b857d69a","name":"Shakbaria River","kind":"water","kindLabel":"내륙 수자원 지물","sourceYear":"2026","recordIds":["bgd-v162-a-028-entity-00624"],"rowCount":1,"featureClass":"river","lengthKm":10.5544},"geometry":{"type":"Point","coordinates":[89.340649,22.372381]}},{"type":"Feature","id":"a-028-4d03dc6f6a","properties":{"elementId":"A-028","featureId":"a-028-4d03dc6f6a","name":"Shakbariya Khal","kind":"water","kindLabel":"내륙 수자원 지물","sourceYear":"2026","recordIds":["bgd-v162-a-028-entity-00167"],"rowCount":1,"featureClass":"canal","lengthKm":0.1601},"geometry":{"type":"Point","coordinates":[89.291291,22.375689]}},{"type":"Feature","id":"a-028-bb04be786b","properties":{"elementId":"A-028","featureId":"a-028-bb04be786b","name":"Shakbariya River","kind":"water","kindLabel":"내륙 수자원 지물","sourceYear":"2026","recordIds":["bgd-v162-a-028-entity-00625"],"rowCount":1,"featureClass":"river","lengthKm":10.9299},"geometry":{"type":"Point","coordinates":[89.337602,22.307361]}},{"type":"Feature","id":"a-028-49ca2706f0","properties":{"elementId":"A-028","featureId":"a-028-49ca2706f0","name":"Shalki River","kind":"water","kindLabel":"내륙 수자원 지물","sourceYear":"2026","recordIds":["bgd-v162-a-028-entity-01738"],"rowCount":1,"featureClass":"river","lengthKm":5.0303},"geometry":{"type":"Point","coordinates":[88.813298,26.117516]}},{"type":"Feature","id":"a-028-361d1b4614","properties":{"elementId":"A-028","featureId":"a-028-361d1b4614","name":"Shalukkhali river","kind":"water","kindLabel":"내륙 수자원 지물","sourceYear":"2026","recordIds":["bgd-v162-a-028-entity-00582"],"rowCount":1,"featureClass":"river","lengthKm":0.022},"geometry":{"type":"Point","coordinates":[89.359565,22.458567]}},{"type":"Feature","id":"a-028-fc6e8e6556","properties":{"elementId":"A-028","featureId":"a-028-fc6e8e6556","name":"Shalukkhali river","kind":"water","kindLabel":"내륙 수자원 지물","sourceYear":"2026","recordIds":["bgd-v162-a-028-entity-00587"],"rowCount":1,"featureClass":"river","lengthKm":0.0374},"geometry":{"type":"Point","coordinates":[89.359759,22.458484]}},{"type":"Feature","id":"a-028-7a82c27d24","properties":{"elementId":"A-028","featureId":"a-028-7a82c27d24","name":"Shalukkhali river","kind":"water","kindLabel":"내륙 수자원 지물","sourceYear":"2026","recordIds":["bgd-v162-a-028-entity-00663"],"rowCount":1,"featureClass":"river","lengthKm":3.1684},"geometry":{"type":"Point","coordinates":[89.366001,22.473395]}},{"type":"Feature","id":"a-028-5277ea5211","properties":{"elementId":"A-028","featureId":"a-028-5277ea5211","name":"Shamarchar Akhra Khal","kind":"water","kindLabel":"내륙 수자원 지물","sourceYear":"2026","recordIds":["bgd-v162-a-028-entity-01951"],"rowCount":1,"featureClass":"river","lengthKm":2.1774},"geometry":{"type":"Point","coordinates":[91.244574,24.732405]}},{"type":"Feature","id":"a-028-409802288b","properties":{"elementId":"A-028","featureId":"a-028-409802288b","name":"Shamasundori Khal","kind":"water","kindLabel":"내륙 수자원 지물","sourceYear":"2026","recordIds":["bgd-v162-a-028-entity-01654"],"rowCount":1,"featureClass":"canal","lengthKm":2.001},"geometry":{"type":"Point","coordinates":[89.241491,25.754637]}},{"type":"Feature","id":"a-028-17a23842c7","properties":{"elementId":"A-028","featureId":"a-028-17a23842c7","name":"Shamasundori Khal","kind":"water","kindLabel":"내륙 수자원 지물","sourceYear":"2026","recordIds":["bgd-v162-a-028-entity-01652"],"rowCount":1,"featureClass":"canal","lengthKm":0.0121},"geometry":{"type":"Point","coordinates":[89.241508,25.754529]}},{"type":"Feature","id":"a-028-bd9a8b7016","properties":{"elementId":"A-028","featureId":"a-028-bd9a8b7016","name":"Shamasundori Khal","kind":"water","kindLabel":"내륙 수자원 지물","sourceYear":"2026","recordIds":["bgd-v162-a-028-entity-01764"],"rowCount":1,"featureClass":"stream","lengthKm":5.4324},"geometry":{"type":"Point","coordinates":[89.250833,25.76222]}},{"type":"Feature","id":"a-028-54d3cdce4b","properties":{"elementId":"A-028","featureId":"a-028-54d3cdce4b","name":"Shamasundori Khal","kind":"water","kindLabel":"내륙 수자원 지물","sourceYear":"2026","recordIds":["bgd-v162-a-028-entity-01655"],"rowCount":1,"featureClass":"canal","lengthKm":3.0702},"geometry":{"type":"Point","coordinates":[89.258534,25.702535]}},{"type":"Feature","id":"a-028-6a4e342134","properties":{"elementId":"A-028","featureId":"a-028-6a4e342134","name":"Shamasundori Khal","kind":"water","kindLabel":"내륙 수자원 지물","sourceYear":"2026","recordIds":["bgd-v162-a-028-entity-01651"],"rowCount":1,"featureClass":"canal","lengthKm":0.0095},"geometry":{"type":"Point","coordinates":[89.258582,25.702609]}},{"type":"Feature","id":"a-028-2790e2ec2b","properties":{"elementId":"A-028","featureId":"a-028-2790e2ec2b","name":"Shamasundori Khal","kind":"water","kindLabel":"내륙 수자원 지물","sourceYear":"2026","recordIds":["bgd-v162-a-028-entity-01656"],"rowCount":1,"featureClass":"canal","lengthKm":4.4417},"geometry":{"type":"Point","coordinates":[89.264364,25.738933]}},{"type":"Feature","id":"a-028-2533fa57d9","properties":{"elementId":"A-028","featureId":"a-028-2533fa57d9","name":"Shamasundori Khal","kind":"water","kindLabel":"내륙 수자원 지물","sourceYear":"2026","recordIds":["bgd-v162-a-028-entity-01657"],"rowCount":1,"featureClass":"canal","lengthKm":6.7065},"geometry":{"type":"Point","coordinates":[89.283007,25.734223]}},{"type":"Feature","id":"a-028-b515a54db4","properties":{"elementId":"A-028","featureId":"a-028-b515a54db4","name":"Shampur Medua canal","kind":"water","kindLabel":"내륙 수자원 지물","sourceYear":"2026","recordIds":["bgd-v162-a-028-entity-01486"],"rowCount":1,"featureClass":"canal","lengthKm":5.4249},"geometry":{"type":"Point","coordinates":[90.617758,22.775393]}},{"type":"Feature","id":"a-028-6e83b01e35","properties":{"elementId":"A-028","featureId":"a-028-6e83b01e35","name":"Shanter Hat Khal","kind":"water","kindLabel":"내륙 수자원 지물","sourceYear":"2026","recordIds":["bgd-v162-a-028-entity-01283"],"rowCount":1,"featureClass":"canal","lengthKm":0.2105},"geometry":{"type":"Point","coordinates":[90.641638,22.58802]}},{"type":"Feature","id":"a-028-39fbbf8b4d","properties":{"elementId":"A-028","featureId":"a-028-39fbbf8b4d","name":"Shat house Dran","kind":"water","kindLabel":"내륙 수자원 지물","sourceYear":"2026","recordIds":["bgd-v162-a-028-entity-01498"],"rowCount":1,"featureClass":"drain","lengthKm":0.0245},"geometry":{"type":"Point","coordinates":[90.735338,22.533998]}},{"type":"Feature","id":"a-028-5a914591d7","properties":{"elementId":"A-028","featureId":"a-028-5a914591d7","name":"Sheikhpara Road Drain","kind":"water","kindLabel":"내륙 수자원 지물","sourceYear":"2026","recordIds":["bgd-v162-a-028-entity-00362"],"rowCount":1,"featureClass":"drain","lengthKm":0.0394},"geometry":{"type":"Point","coordinates":[89.073416,22.706856]}},{"type":"Feature","id":"a-028-a5256a250b","properties":{"elementId":"A-028","featureId":"a-028-a5256a250b","name":"Shekher khal","kind":"water","kindLabel":"내륙 수자원 지물","sourceYear":"2026","recordIds":["bgd-v162-a-028-entity-00260"],"rowCount":1,"featureClass":"canal","lengthKm":6.4184},"geometry":{"type":"Point","coordinates":[89.467678,22.219986]}},{"type":"Feature","id":"a-028-b0cfe4739d","properties":{"elementId":"A-028","featureId":"a-028-b0cfe4739d","name":"Shib Bari Hawor","kind":"water","kindLabel":"내륙 수자원 지물","sourceYear":"2026","recordIds":["bgd-v162-a-028-entity-01890"],"rowCount":1,"featureClass":"canal","lengthKm":0.0646},"geometry":{"type":"Point","coordinates":[91.057831,25.099385]}},{"type":"Feature","id":"a-028-2f72c35c3b","properties":{"elementId":"A-028","featureId":"a-028-2f72c35c3b","name":"Shib debotar's tree, Kuchirgaon","kind":"natural","kindLabel":"기타 자연지형지물","sourceYear":"2026","recordIds":["bgd-v162-a-028-entity-00133"],"rowCount":1,"featureClass":"tree"},"geometry":{"type":"Point","coordinates":[91.320494,24.87536]}},{"type":"Feature","id":"a-028-fd61549976","properties":{"elementId":"A-028","featureId":"a-028-fd61549976","name":"Shibsa River","kind":"water","kindLabel":"내륙 수자원 지물","sourceYear":"2026","recordIds":["bgd-v162-a-028-entity-00615"],"rowCount":1,"featureClass":"river","lengthKm":1.3075},"geometry":{"type":"Point","coordinates":[89.447057,22.413746]}},{"type":"Feature","id":"a-028-25146b5e7e","properties":{"elementId":"A-028","featureId":"a-028-25146b5e7e","name":"Shibsa River","kind":"water","kindLabel":"내륙 수자원 지물","sourceYear":"2026","recordIds":["bgd-v162-a-028-entity-00623"],"rowCount":1,"featureClass":"river","lengthKm":10.5522},"geometry":{"type":"Point","coordinates":[89.466884,22.459363]}},{"type":"Feature","id":"a-028-809ff7bc3e","properties":{"elementId":"A-028","featureId":"a-028-809ff7bc3e","name":"Shibsa river","kind":"water","kindLabel":"내륙 수자원 지물","sourceYear":"2026","recordIds":["bgd-v162-a-028-entity-00610"],"rowCount":1,"featureClass":"river","lengthKm":0.9592},"geometry":{"type":"Point","coordinates":[89.437414,22.431265]}},{"type":"Feature","id":"a-028-e02dbe5347","properties":{"elementId":"A-028","featureId":"a-028-e02dbe5347","name":"Shiptola Road Side Drain","kind":"water","kindLabel":"내륙 수자원 지물","sourceYear":"2026","recordIds":["bgd-v162-a-028-entity-00535"],"rowCount":1,"featureClass":"drain","lengthKm":0.2961},"geometry":{"type":"Point","coordinates":[89.091682,22.707943]}},{"type":"Feature","id":"a-028-5c7b8e9f9a","properties":{"elementId":"A-028","featureId":"a-028-5c7b8e9f9a","name":"Shonir Haor","kind":"water","kindLabel":"내륙 수자원 지물","sourceYear":"2026","recordIds":["bgd-v162-a-028-entity-01888"],"rowCount":1,"featureClass":"canal","lengthKm":0.0316},"geometry":{"type":"Point","coordinates":[91.147832,25.040644]}},{"type":"Feature","id":"a-028-3420ab6770","properties":{"elementId":"A-028","featureId":"a-028-3420ab6770","name":"Shoronkhola PSB Khal","kind":"water","kindLabel":"내륙 수자원 지물","sourceYear":"2026","recordIds":["bgd-v162-a-028-entity-00235"],"rowCount":1,"featureClass":"canal","lengthKm":1.7094},"geometry":{"type":"Point","coordinates":[89.824675,22.241626]}},{"type":"Feature","id":"a-028-93bfab4cfd","properties":{"elementId":"A-028","featureId":"a-028-93bfab4cfd","name":"Shri","kind":"water","kindLabel":"내륙 수자원 지물","sourceYear":"2026","recordIds":["bgd-v162-a-028-entity-02075"],"rowCount":1,"featureClass":"river","lengthKm":5.3381},"geometry":{"type":"Point","coordinates":[88.9408,25.292914]}},{"type":"Feature","id":"a-028-72c174d85a","properties":{"elementId":"A-028","featureId":"a-028-72c174d85a","name":"Shutkhipetri Khal","kind":"water","kindLabel":"내륙 수자원 지물","sourceYear":"2026","recordIds":["bgd-v162-a-028-entity-00783"],"rowCount":1,"featureClass":"canal","lengthKm":0.5789},"geometry":{"type":"Point","coordinates":[91.846782,22.330935]}},{"type":"Feature","id":"a-028-45b81f9df0","properties":{"elementId":"A-028","featureId":"a-028-45b81f9df0","name":"Shyamokhali Gan Jaldhara.","kind":"water","kindLabel":"내륙 수자원 지물","sourceYear":"2026","recordIds":["bgd-v162-a-028-entity-00727"],"rowCount":1,"featureClass":"stream","lengthKm":0.1078},"geometry":{"type":"Point","coordinates":[89.310627,22.396433]}},{"type":"Feature","id":"a-028-870503c2cf","properties":{"elementId":"A-028","featureId":"a-028-870503c2cf","name":"Side Drain","kind":"water","kindLabel":"내륙 수자원 지물","sourceYear":"2026","recordIds":["bgd-v162-a-028-entity-00353"],"rowCount":1,"featureClass":"drain","lengthKm":0.0295},"geometry":{"type":"Point","coordinates":[89.080215,22.724012]}},{"type":"Feature","id":"a-028-0e1af9170f","properties":{"elementId":"A-028","featureId":"a-028-0e1af9170f","name":"Singho Nali River","kind":"water","kindLabel":"내륙 수자원 지물","sourceYear":"2026","recordIds":["bgd-v162-a-028-entity-00806"],"rowCount":1,"featureClass":"canal","lengthKm":1.3252},"geometry":{"type":"Point","coordinates":[91.232019,23.356223]}},{"type":"Feature","id":"a-028-6acb6aaa35","properties":{"elementId":"A-028","featureId":"a-028-6acb6aaa35","name":"Singho Nali River","kind":"water","kindLabel":"내륙 수자원 지물","sourceYear":"2026","recordIds":["bgd-v162-a-028-entity-00827"],"rowCount":1,"featureClass":"canal","lengthKm":2.956},"geometry":{"type":"Point","coordinates":[91.252889,23.358309]}},{"type":"Feature","id":"a-028-bb65350990","properties":{"elementId":"A-028","featureId":"a-028-bb65350990","name":"Singho Nali River","kind":"water","kindLabel":"내륙 수자원 지물","sourceYear":"2026","recordIds":["bgd-v162-a-028-entity-00748"],"rowCount":1,"featureClass":"canal","lengthKm":0.0154},"geometry":{"type":"Point","coordinates":[91.253015,23.358385]}},{"type":"Feature","id":"a-028-1407b179ef","properties":{"elementId":"A-028","featureId":"a-028-1407b179ef","name":"Singho Nali River","kind":"water","kindLabel":"내륙 수자원 지물","sourceYear":"2026","recordIds":["bgd-v162-a-028-entity-00743"],"rowCount":1,"featureClass":"canal","lengthKm":0.0092},"geometry":{"type":"Point","coordinates":[91.253085,23.358438]}},{"type":"Feature","id":"a-028-4f90853a19","properties":{"elementId":"A-028","featureId":"a-028-4f90853a19","name":"Singho Nali River","kind":"water","kindLabel":"내륙 수자원 지물","sourceYear":"2026","recordIds":["bgd-v162-a-028-entity-00763"],"rowCount":1,"featureClass":"canal","lengthKm":0.0348},"geometry":{"type":"Point","coordinates":[91.253374,23.358604]}},{"type":"Feature","id":"a-028-1c3f660b49","properties":{"elementId":"A-028","featureId":"a-028-1c3f660b49","name":"Singho Nali River","kind":"water","kindLabel":"내륙 수자원 지물","sourceYear":"2026","recordIds":["bgd-v162-a-028-entity-00808"],"rowCount":1,"featureClass":"canal","lengthKm":1.4981},"geometry":{"type":"Point","coordinates":[91.258176,23.368061]}},{"type":"Feature","id":"a-028-a87632e5a1","properties":{"elementId":"A-028","featureId":"a-028-a87632e5a1","name":"Singho Nali River","kind":"water","kindLabel":"내륙 수자원 지물","sourceYear":"2026","recordIds":["bgd-v162-a-028-entity-00740"],"rowCount":1,"featureClass":"canal","lengthKm":0.0063},"geometry":{"type":"Point","coordinates":[91.258184,23.368118]}},{"type":"Feature","id":"a-028-7ea89db0da","properties":{"elementId":"A-028","featureId":"a-028-7ea89db0da","name":"Singho Nali River","kind":"water","kindLabel":"내륙 수자원 지물","sourceYear":"2026","recordIds":["bgd-v162-a-028-entity-00780"],"rowCount":1,"featureClass":"canal","lengthKm":0.5346},"geometry":{"type":"Point","coordinates":[91.262044,23.369764]}},{"type":"Feature","id":"a-028-2050d5406e","properties":{"elementId":"A-028","featureId":"a-028-2050d5406e","name":"Singho Nali River","kind":"water","kindLabel":"내륙 수자원 지물","sourceYear":"2026","recordIds":["bgd-v162-a-028-entity-00750"],"rowCount":1,"featureClass":"canal","lengthKm":0.0176},"geometry":{"type":"Point","coordinates":[91.262215,23.369782]}},{"type":"Feature","id":"a-028-c7dcd39e35","properties":{"elementId":"A-028","featureId":"a-028-c7dcd39e35","name":"Singho Nali River","kind":"water","kindLabel":"내륙 수자원 지물","sourceYear":"2026","recordIds":["bgd-v162-a-028-entity-00818"],"rowCount":1,"featureClass":"canal","lengthKm":2.1279},"geometry":{"type":"Point","coordinates":[91.276856,23.374029]}},{"type":"Feature","id":"a-028-88464e29c5","properties":{"elementId":"A-028","featureId":"a-028-88464e29c5","name":"Skim Drain Of Harun Bagha","kind":"water","kindLabel":"내륙 수자원 지물","sourceYear":"2026","recordIds":["bgd-v162-a-028-entity-01504"],"rowCount":1,"featureClass":"drain","lengthKm":0.0375},"geometry":{"type":"Point","coordinates":[90.715938,22.424847]}},{"type":"Feature","id":"a-028-835f8409a2","properties":{"elementId":"A-028","featureId":"a-028-835f8409a2","name":"Skim Drain Of Jamal Hawlader","kind":"water","kindLabel":"내륙 수자원 지물","sourceYear":"2026","recordIds":["bgd-v162-a-028-entity-01497"],"rowCount":1,"featureClass":"drain","lengthKm":0.0203},"geometry":{"type":"Point","coordinates":[90.714784,22.420105]}},{"type":"Feature","id":"a-028-cb3b1e2c3d","properties":{"elementId":"A-028","featureId":"a-028-cb3b1e2c3d","name":"Skim Drain Of Mannan Rari","kind":"water","kindLabel":"내륙 수자원 지물","sourceYear":"2026","recordIds":["bgd-v162-a-028-entity-01507"],"rowCount":1,"featureClass":"drain","lengthKm":0.0579},"geometry":{"type":"Point","coordinates":[90.715654,22.422757]}},{"type":"Feature","id":"a-028-c00de3a0dd","properties":{"elementId":"A-028","featureId":"a-028-c00de3a0dd","name":"Skim Drain Of Monsur Hawlader","kind":"water","kindLabel":"내륙 수자원 지물","sourceYear":"2026","recordIds":["bgd-v162-a-028-entity-01500"],"rowCount":1,"featureClass":"drain","lengthKm":0.0293},"geometry":{"type":"Point","coordinates":[90.715823,22.420962]}},{"type":"Feature","id":"a-028-d02085a454","properties":{"elementId":"A-028","featureId":"a-028-d02085a454","name":"Slope rive of Surma","kind":"water","kindLabel":"내륙 수자원 지물","sourceYear":"2026","recordIds":["bgd-v162-a-028-entity-01932"],"rowCount":1,"featureClass":"river","lengthKm":0.4445},"geometry":{"type":"Point","coordinates":[91.244991,24.743453]}},{"type":"Feature","id":"a-028-5f238081b7","properties":{"elementId":"A-028","featureId":"a-028-5f238081b7","name":"Smaal River","kind":"water","kindLabel":"내륙 수자원 지물","sourceYear":"2026","recordIds":["bgd-v162-a-028-entity-01850"],"rowCount":1,"featureClass":"river","lengthKm":3.7485},"geometry":{"type":"Point","coordinates":[88.902198,24.226681]}},{"type":"Feature","id":"a-028-fafe9665ec","properties":{"elementId":"A-028","featureId":"a-028-fafe9665ec","name":"Small Dwelia Canal","kind":"water","kindLabel":"내륙 수자원 지물","sourceYear":"2026","recordIds":["bgd-v162-a-028-entity-00196"],"rowCount":1,"featureClass":"canal","lengthKm":0.6933},"geometry":{"type":"Point","coordinates":[89.296242,22.3572]}},{"type":"Feature","id":"a-028-6d57eb826b","properties":{"elementId":"A-028","featureId":"a-028-6d57eb826b","name":"Small drain in front of Poran house","kind":"water","kindLabel":"내륙 수자원 지물","sourceYear":"2026","recordIds":["bgd-v162-a-028-entity-01508"],"rowCount":1,"featureClass":"drain","lengthKm":0.0732},"geometry":{"type":"Point","coordinates":[90.637156,22.579221]}},{"type":"Feature","id":"a-028-deb332a641","properties":{"elementId":"A-028","featureId":"a-028-deb332a641","name":"Soair Kadma Khal","kind":"water","kindLabel":"내륙 수자원 지물","sourceYear":"2026","recordIds":["bgd-v162-a-028-entity-01883"],"rowCount":1,"featureClass":"stream","lengthKm":0.423},"geometry":{"type":"Point","coordinates":[89.163774,24.579935]}},{"type":"Feature","id":"a-028-8636fd215e","properties":{"elementId":"A-028","featureId":"a-028-8636fd215e","name":"Soair Kadma Khal","kind":"water","kindLabel":"내륙 수자원 지물","sourceYear":"2026","recordIds":["bgd-v162-a-028-entity-01884"],"rowCount":1,"featureClass":"stream","lengthKm":3.3379},"geometry":{"type":"Point","coordinates":[89.165532,24.578363]}},{"type":"Feature","id":"a-028-a823b31bb0","properties":{"elementId":"A-028","featureId":"a-028-a823b31bb0","name":"Someshwari River","kind":"water","kindLabel":"내륙 수자원 지물","sourceYear":"2026","recordIds":["bgd-v162-a-028-entity-01642"],"rowCount":1,"featureClass":"river","lengthKm":6.5567},"geometry":{"type":"Point","coordinates":[90.669677,25.116835]}},{"type":"Feature","id":"a-028-e00ecfa385","properties":{"elementId":"A-028","featureId":"a-028-e00ecfa385","name":"Sonai River","kind":"water","kindLabel":"내륙 수자원 지물","sourceYear":"2026","recordIds":["bgd-v162-a-028-entity-01937"],"rowCount":1,"featureClass":"river","lengthKm":1.4337},"geometry":{"type":"Point","coordinates":[91.337801,24.096847]}},{"type":"Feature","id":"a-028-7f61fa2f0a","properties":{"elementId":"A-028","featureId":"a-028-7f61fa2f0a","name":"Sonai river","kind":"water","kindLabel":"내륙 수자원 지물","sourceYear":"2026","recordIds":["bgd-v162-a-028-entity-01945"],"rowCount":1,"featureClass":"river","lengthKm":13.9474},"geometry":{"type":"Point","coordinates":[91.356294,24.076697]}},{"type":"Feature","id":"a-028-42595e06e2","properties":{"elementId":"A-028","featureId":"a-028-42595e06e2","name":"Sonatola Road Drain","kind":"water","kindLabel":"내륙 수자원 지물","sourceYear":"2026","recordIds":["bgd-v162-a-028-entity-00462"],"rowCount":1,"featureClass":"drain","lengthKm":0.1428},"geometry":{"type":"Point","coordinates":[89.780591,22.652054]}},{"type":"Feature","id":"a-028-9addc826f6","properties":{"elementId":"A-028","featureId":"a-028-9addc826f6","name":"Sonatola Road Drain","kind":"water","kindLabel":"내륙 수자원 지물","sourceYear":"2026","recordIds":["bgd-v162-a-028-entity-00555"],"rowCount":1,"featureClass":"drain","lengthKm":0.4412},"geometry":{"type":"Point","coordinates":[89.780611,22.652087]}},{"type":"Feature","id":"a-028-2014f31aad","properties":{"elementId":"A-028","featureId":"a-028-2014f31aad","name":"Sonatola Road Drain","kind":"water","kindLabel":"내륙 수자원 지물","sourceYear":"2026","recordIds":["bgd-v162-a-028-entity-00538"],"rowCount":1,"featureClass":"drain","lengthKm":0.3203},"geometry":{"type":"Point","coordinates":[89.78082,22.652299]}},{"type":"Feature","id":"a-028-62519f861c","properties":{"elementId":"A-028","featureId":"a-028-62519f861c","name":"Sonatola Road Drain","kind":"water","kindLabel":"내륙 수자원 지물","sourceYear":"2026","recordIds":["bgd-v162-a-028-entity-00575"],"rowCount":1,"featureClass":"drain","lengthKm":0.7746},"geometry":{"type":"Point","coordinates":[89.780829,22.652288]}},{"type":"Feature","id":"a-028-3de2b4e0df","properties":{"elementId":"A-028","featureId":"a-028-3de2b4e0df","name":"Sonatola Road Drain","kind":"water","kindLabel":"내륙 수자원 지물","sourceYear":"2026","recordIds":["bgd-v162-a-028-entity-00542"],"rowCount":1,"featureClass":"drain","lengthKm":0.34},"geometry":{"type":"Point","coordinates":[89.780832,22.652541]}},{"type":"Feature","id":"a-028-aa70222726","properties":{"elementId":"A-028","featureId":"a-028-aa70222726","name":"Soti Nodi","kind":"water","kindLabel":"내륙 수자원 지물","sourceYear":"2026","recordIds":["bgd-v162-a-028-entity-01766"],"rowCount":1,"featureClass":"stream","lengthKm":8.6917},"geometry":{"type":"Point","coordinates":[89.344864,25.97018]}},{"type":"Feature","id":"a-028-7c144593fe","properties":{"elementId":"A-028","featureId":"a-028-7c144593fe","name":"Soti Nodi","kind":"water","kindLabel":"내륙 수자원 지물","sourceYear":"2026","recordIds":["bgd-v162-a-028-entity-01760"],"rowCount":1,"featureClass":"stream","lengthKm":0.0177},"geometry":{"type":"Point","coordinates":[89.378339,25.932595]}},{"type":"Feature","id":"a-028-badae5b491","properties":{"elementId":"A-028","featureId":"a-028-badae5b491","name":"Soti Nodi","kind":"water","kindLabel":"내륙 수자원 지물","sourceYear":"2026","recordIds":["bgd-v162-a-028-entity-01761"],"rowCount":1,"featureClass":"stream","lengthKm":19.392},"geometry":{"type":"Point","coordinates":[89.378497,25.932523]}},{"type":"Feature","id":"a-028-2fef68db42","properties":{"elementId":"A-028","featureId":"a-028-2fef68db42","name":"Soti Nodi","kind":"water","kindLabel":"내륙 수자원 지물","sourceYear":"2026","recordIds":["bgd-v162-a-028-entity-01765"],"rowCount":1,"featureClass":"stream","lengthKm":6.7984},"geometry":{"type":"Point","coordinates":[89.47052,25.944232]}},{"type":"Feature","id":"a-028-37e7339ebd","properties":{"elementId":"A-028","featureId":"a-028-37e7339ebd","name":"Soukhin Goli Drain","kind":"water","kindLabel":"내륙 수자원 지물","sourceYear":"2026","recordIds":["bgd-v162-a-028-entity-00403"],"rowCount":1,"featureClass":"drain","lengthKm":0.0807},"geometry":{"type":"Point","coordinates":[89.797316,22.658376]}},{"type":"Feature","id":"a-028-f73164b54a","properties":{"elementId":"A-028","featureId":"a-028-f73164b54a","name":"South Kamini basiya Cannal","kind":"water","kindLabel":"내륙 수자원 지물","sourceYear":"2026","recordIds":["bgd-v162-a-028-entity-00182"],"rowCount":1,"featureClass":"canal","lengthKm":0.3613},"geometry":{"type":"Point","coordinates":[89.428757,22.521225]}},{"type":"Feature","id":"a-028-ad261f5c25","properties":{"elementId":"A-028","featureId":"a-028-ad261f5c25","name":"South Katia (Master Para) Road Drainage","kind":"water","kindLabel":"내륙 수자원 지물","sourceYear":"2026","recordIds":["bgd-v162-a-028-entity-00518"],"rowCount":1,"featureClass":"drain","lengthKm":0.2394},"geometry":{"type":"Point","coordinates":[89.079404,22.720029]}},{"type":"Feature","id":"a-028-d725b9b9d8","properties":{"elementId":"A-028","featureId":"a-028-d725b9b9d8","name":"South Katia Road Drainage","kind":"water","kindLabel":"내륙 수자원 지물","sourceYear":"2026","recordIds":["bgd-v162-a-028-entity-00479"],"rowCount":1,"featureClass":"drain","lengthKm":0.1679},"geometry":{"type":"Point","coordinates":[89.078775,22.715924]}},{"type":"Feature","id":"a-028-3a132e43fa","properties":{"elementId":"A-028","featureId":"a-028-3a132e43fa","name":"South Kattali Sea Beach, Chittagong Coastal Rd, Chattogram","kind":"coastal","kindLabel":"해안 지물","sourceYear":"2026","recordIds":["bgd-v162-a-028-entity-00009"],"rowCount":1,"featureClass":"beach"},"geometry":{"type":"Point","coordinates":[91.757646,22.352155]}},{"type":"Feature","id":"a-028-cb07e0fa81","properties":{"elementId":"A-028","featureId":"a-028-cb07e0fa81","name":"South Malia Canal","kind":"water","kindLabel":"내륙 수자원 지물","sourceYear":"2026","recordIds":["bgd-v162-a-028-entity-00195"],"rowCount":1,"featureClass":"canal","lengthKm":0.6489},"geometry":{"type":"Point","coordinates":[89.802289,22.299748]}},{"type":"Feature","id":"a-028-5d3cabfaf3","properties":{"elementId":"A-028","featureId":"a-028-5d3cabfaf3","name":"South Ronopaldi Dry Canal (3no)","kind":"water","kindLabel":"내륙 수자원 지물","sourceYear":"2026","recordIds":["bgd-v162-a-028-entity-01275"],"rowCount":1,"featureClass":"canal","lengthKm":0.1656},"geometry":{"type":"Point","coordinates":[90.509834,22.194366]}},{"type":"Feature","id":"a-028-eb4fe0cb55","properties":{"elementId":"A-028","featureId":"a-028-eb4fe0cb55","name":"South Sutalori Canal","kind":"water","kindLabel":"내륙 수자원 지물","sourceYear":"2026","recordIds":["bgd-v162-a-028-entity-00202"],"rowCount":1,"featureClass":"canal","lengthKm":0.8103},"geometry":{"type":"Point","coordinates":[89.801586,22.449336]}},{"type":"Feature","id":"a-028-b8523caecb","properties":{"elementId":"A-028","featureId":"a-028-b8523caecb","name":"Stream","kind":"water","kindLabel":"내륙 수자원 지물","sourceYear":"2026","recordIds":["bgd-v162-a-028-entity-01905"],"rowCount":1,"featureClass":"canal","lengthKm":1.4355},"geometry":{"type":"Point","coordinates":[91.851912,24.919492]}},{"type":"Feature","id":"a-028-98ee80deb2","properties":{"elementId":"A-028","featureId":"a-028-98ee80deb2","name":"Suai River","kind":"water","kindLabel":"내륙 수자원 지물","sourceYear":"2026","recordIds":["bgd-v162-a-028-entity-01637"],"rowCount":1,"featureClass":"river","lengthKm":48.1206},"geometry":{"type":"Point","coordinates":[90.514654,24.754644]}},{"type":"Feature","id":"a-028-ad2c017201","properties":{"elementId":"A-028","featureId":"a-028-ad2c017201","name":"Suid Canal of pabna","kind":"water","kindLabel":"내륙 수자원 지물","sourceYear":"2026","recordIds":["bgd-v162-a-028-entity-00251"],"rowCount":1,"featureClass":"canal","lengthKm":3.0056},"geometry":{"type":"Point","coordinates":[89.327463,22.363947]}},{"type":"Feature","id":"a-028-dbeb7aab56","properties":{"elementId":"A-028","featureId":"a-028-dbeb7aab56","name":"Sultanpur Shaikhpara Road Drain","kind":"water","kindLabel":"내륙 수자원 지물","sourceYear":"2026","recordIds":["bgd-v162-a-028-entity-00526"],"rowCount":1,"featureClass":"drain","lengthKm":0.2597},"geometry":{"type":"Point","coordinates":[89.0742,22.706275]}},{"type":"Feature","id":"a-028-44ced48489","properties":{"elementId":"A-028","featureId":"a-028-44ced48489","name":"Sultanpur Shaikhpara Road Drain","kind":"water","kindLabel":"내륙 수자원 지물","sourceYear":"2026","recordIds":["bgd-v162-a-028-entity-00531"],"rowCount":1,"featureClass":"drain","lengthKm":0.2792},"geometry":{"type":"Point","coordinates":[89.076376,22.706046]}},{"type":"Feature","id":"a-028-a1ada53e7c","properties":{"elementId":"A-028","featureId":"a-028-a1ada53e7c","name":"Sumli","kind":"water","kindLabel":"내륙 수자원 지물","sourceYear":"2026","recordIds":["bgd-v162-a-028-entity-01992"],"rowCount":1,"featureClass":"stream","lengthKm":1.1083},"geometry":{"type":"Point","coordinates":[91.378166,23.983362]}},{"type":"Feature","id":"a-028-d83e7e5cc8","properties":{"elementId":"A-028","featureId":"a-028-d83e7e5cc8","name":"Sumli","kind":"water","kindLabel":"내륙 수자원 지물","sourceYear":"2026","recordIds":["bgd-v162-a-028-entity-02009"],"rowCount":1,"featureClass":"river","lengthKm":1.7248},"geometry":{"type":"Point","coordinates":[91.380427,23.974252]}},{"type":"Feature","id":"a-028-64e32cd25a","properties":{"elementId":"A-028","featureId":"a-028-64e32cd25a","name":"Supari Potti Road Drain","kind":"water","kindLabel":"내륙 수자원 지물","sourceYear":"2026","recordIds":["bgd-v162-a-028-entity-00451"],"rowCount":1,"featureClass":"drain","lengthKm":0.1282},"geometry":{"type":"Point","coordinates":[89.798023,22.656891]}},{"type":"Feature","id":"a-028-bb00ce6d27","properties":{"elementId":"A-028","featureId":"a-028-bb00ce6d27","name":"Supari Potti Road Drain","kind":"water","kindLabel":"내륙 수자원 지물","sourceYear":"2026","recordIds":["bgd-v162-a-028-entity-00355"],"rowCount":1,"featureClass":"drain","lengthKm":0.0314},"geometry":{"type":"Point","coordinates":[89.798443,22.657524]}},{"type":"Feature","id":"a-028-6c5fc84bcb","properties":{"elementId":"A-028","featureId":"a-028-6c5fc84bcb","name":"Supari potti road drain","kind":"water","kindLabel":"내륙 수자원 지물","sourceYear":"2026","recordIds":["bgd-v162-a-028-entity-00356"],"rowCount":1,"featureClass":"drain","lengthKm":0.032},"geometry":{"type":"Point","coordinates":[89.798581,22.657266]}},{"type":"Feature","id":"a-028-6ecde51826","properties":{"elementId":"A-028","featureId":"a-028-6ecde51826","name":"Supari potti road drain","kind":"water","kindLabel":"내륙 수자원 지물","sourceYear":"2026","recordIds":["bgd-v162-a-028-entity-00281"],"rowCount":1,"featureClass":"drain","lengthKm":0.0015},"geometry":{"type":"Point","coordinates":[89.798588,22.657254]}},{"type":"Feature","id":"a-028-de9ea6414e","properties":{"elementId":"A-028","featureId":"a-028-de9ea6414e","name":"Supari potti road drain","kind":"water","kindLabel":"내륙 수자원 지물","sourceYear":"2026","recordIds":["bgd-v162-a-028-entity-00340"],"rowCount":1,"featureClass":"drain","lengthKm":0.0124},"geometry":{"type":"Point","coordinates":[89.798641,22.657154]}},{"type":"Feature","id":"a-028-a691a6ae38","properties":{"elementId":"A-028","featureId":"a-028-a691a6ae38","name":"Supari potti road drain","kind":"water","kindLabel":"내륙 수자원 지물","sourceYear":"2026","recordIds":["bgd-v162-a-028-entity-00271"],"rowCount":1,"featureClass":"drain","lengthKm":0.0007},"geometry":{"type":"Point","coordinates":[89.798644,22.657148]}},{"type":"Feature","id":"a-028-5a8b2937a9","properties":{"elementId":"A-028","featureId":"a-028-5a8b2937a9","name":"Supari potti road drain","kind":"water","kindLabel":"내륙 수자원 지물","sourceYear":"2026","recordIds":["bgd-v162-a-028-entity-00267"],"rowCount":1,"featureClass":"drain","lengthKm":0.0003},"geometry":{"type":"Point","coordinates":[89.798646,22.657146]}},{"type":"Feature","id":"a-028-2e56511b3d","properties":{"elementId":"A-028","featureId":"a-028-2e56511b3d","name":"Surma branch river","kind":"water","kindLabel":"내륙 수자원 지물","sourceYear":"2026","recordIds":["bgd-v162-a-028-entity-01975"],"rowCount":1,"featureClass":"river","lengthKm":57.5204},"geometry":{"type":"Point","coordinates":[91.366851,24.826299]}},{"type":"Feature","id":"a-028-0b1ffdcfee","properties":{"elementId":"A-028","featureId":"a-028-0b1ffdcfee","name":"Surma river","kind":"water","kindLabel":"내륙 수자원 지물","sourceYear":"2026","recordIds":["bgd-v162-a-028-entity-01618"],"rowCount":1,"featureClass":"river","lengthKm":12.7322},"geometry":{"type":"Point","coordinates":[91.193178,24.638384]}},{"type":"Feature","id":"a-028-37a7340b4a","properties":{"elementId":"A-028","featureId":"a-028-37a7340b4a","name":"Susham Khal","kind":"water","kindLabel":"내륙 수자원 지물","sourceYear":"2026","recordIds":["bgd-v162-a-028-entity-00801"],"rowCount":1,"featureClass":"canal","lengthKm":1.1073},"geometry":{"type":"Point","coordinates":[91.483486,22.786687]}},{"type":"Feature","id":"a-028-35cfec787e","properties":{"elementId":"A-028","featureId":"a-028-35cfec787e","name":"Susham Khal","kind":"water","kindLabel":"내륙 수자원 지물","sourceYear":"2026","recordIds":["bgd-v162-a-028-entity-00754"],"rowCount":1,"featureClass":"canal","lengthKm":0.0209},"geometry":{"type":"Point","coordinates":[91.487526,22.772615]}},{"type":"Feature","id":"a-028-ac92494a6a","properties":{"elementId":"A-028","featureId":"a-028-ac92494a6a","name":"Susham Khal","kind":"water","kindLabel":"내륙 수자원 지물","sourceYear":"2026","recordIds":["bgd-v162-a-028-entity-00788"],"rowCount":1,"featureClass":"canal","lengthKm":0.67},"geometry":{"type":"Point","coordinates":[91.487674,22.772487]}},{"type":"Feature","id":"a-028-3e71c2c1d9","properties":{"elementId":"A-028","featureId":"a-028-3e71c2c1d9","name":"Susham Khal","kind":"water","kindLabel":"내륙 수자원 지물","sourceYear":"2026","recordIds":["bgd-v162-a-028-entity-00751"],"rowCount":1,"featureClass":"canal","lengthKm":0.0182},"geometry":{"type":"Point","coordinates":[91.487989,22.783718]}},{"type":"Feature","id":"a-028-e843c5fc1f","properties":{"elementId":"A-028","featureId":"a-028-e843c5fc1f","name":"Susham Khal","kind":"water","kindLabel":"내륙 수자원 지물","sourceYear":"2026","recordIds":["bgd-v162-a-028-entity-00826"],"rowCount":1,"featureClass":"canal","lengthKm":2.9294},"geometry":{"type":"Point","coordinates":[91.488163,22.78369]}},{"type":"Feature","id":"a-028-aebadb6cba","properties":{"elementId":"A-028","featureId":"a-028-aebadb6cba","name":"Sutanali Khal","kind":"water","kindLabel":"내륙 수자원 지물","sourceYear":"2026","recordIds":["bgd-v162-a-028-entity-00817"],"rowCount":1,"featureClass":"canal","lengthKm":2.0833},"geometry":{"type":"Point","coordinates":[91.037061,23.188927]}},{"type":"Feature","id":"a-028-638e32ac05","properties":{"elementId":"A-028","featureId":"a-028-638e32ac05","name":"Sutanoli Khal","kind":"water","kindLabel":"내륙 수자원 지물","sourceYear":"2026","recordIds":["bgd-v162-a-028-entity-00781"],"rowCount":1,"featureClass":"canal","lengthKm":0.5526},"geometry":{"type":"Point","coordinates":[91.00286,23.176879]}},{"type":"Feature","id":"a-028-2abbfaf7c8","properties":{"elementId":"A-028","featureId":"a-028-2abbfaf7c8","name":"Sutanoli Khal","kind":"water","kindLabel":"내륙 수자원 지물","sourceYear":"2026","recordIds":["bgd-v162-a-028-entity-00797"],"rowCount":1,"featureClass":"canal","lengthKm":1.0256},"geometry":{"type":"Point","coordinates":[91.007551,23.179106]}},{"type":"Feature","id":"a-028-b58e20392c","properties":{"elementId":"A-028","featureId":"a-028-b58e20392c","name":"Sutanoli Khal","kind":"water","kindLabel":"내륙 수자원 지물","sourceYear":"2026","recordIds":["bgd-v162-a-028-entity-00825"],"rowCount":1,"featureClass":"canal","lengthKm":2.8938},"geometry":{"type":"Point","coordinates":[91.013974,23.183926]}},{"type":"Feature","id":"a-028-7c5729d8d3","properties":{"elementId":"A-028","featureId":"a-028-7c5729d8d3","name":"Sutarkhali Vadra River","kind":"water","kindLabel":"내륙 수자원 지물","sourceYear":"2026","recordIds":["bgd-v162-a-028-entity-00662"],"rowCount":1,"featureClass":"river","lengthKm":3.1578},"geometry":{"type":"Point","coordinates":[89.472495,22.477427]}},{"type":"Feature","id":"a-028-9174fe0a60","properties":{"elementId":"A-028","featureId":"a-028-9174fe0a60","name":"Sutia River","kind":"water","kindLabel":"내륙 수자원 지물","sourceYear":"2026","recordIds":["bgd-v162-a-028-entity-01603"],"rowCount":1,"featureClass":"river","lengthKm":0.193},"geometry":{"type":"Point","coordinates":[90.298466,24.797643]}},{"type":"Feature","id":"a-028-16fdf9d63d","properties":{"elementId":"A-028","featureId":"a-028-16fdf9d63d","name":"Sutia River","kind":"water","kindLabel":"내륙 수자원 지물","sourceYear":"2026","recordIds":["bgd-v162-a-028-entity-01591"],"rowCount":1,"featureClass":"river","lengthKm":0.0077},"geometry":{"type":"Point","coordinates":[90.299119,24.798695]}},{"type":"Feature","id":"a-028-a667871a17","properties":{"elementId":"A-028","featureId":"a-028-a667871a17","name":"Sutia River","kind":"water","kindLabel":"내륙 수자원 지물","sourceYear":"2026","recordIds":["bgd-v162-a-028-entity-01638"],"rowCount":1,"featureClass":"river","lengthKm":5.5819},"geometry":{"type":"Point","coordinates":[90.299187,24.798725]}},{"type":"Feature","id":"a-028-16e66adfc7","properties":{"elementId":"A-028","featureId":"a-028-16e66adfc7","name":"Sutia River","kind":"water","kindLabel":"내륙 수자원 지물","sourceYear":"2026","recordIds":["bgd-v162-a-028-entity-01634"],"rowCount":1,"featureClass":"river","lengthKm":4.3687},"geometry":{"type":"Point","coordinates":[90.311874,24.775226]}},{"type":"Feature","id":"a-028-46387d1d6d","properties":{"elementId":"A-028","featureId":"a-028-46387d1d6d","name":"Sutia River","kind":"water","kindLabel":"내륙 수자원 지물","sourceYear":"2026","recordIds":["bgd-v162-a-028-entity-01595"],"rowCount":1,"featureClass":"river","lengthKm":0.0195},"geometry":{"type":"Point","coordinates":[90.312064,24.775194]}},{"type":"Feature","id":"a-028-be306c7f66","properties":{"elementId":"A-028","featureId":"a-028-be306c7f66","name":"Sutia River","kind":"water","kindLabel":"내륙 수자원 지물","sourceYear":"2026","recordIds":["bgd-v162-a-028-entity-01624"],"rowCount":1,"featureClass":"river","lengthKm":2.3977},"geometry":{"type":"Point","coordinates":[90.314364,24.761116]}},{"type":"Feature","id":"a-028-31398d4f14","properties":{"elementId":"A-028","featureId":"a-028-31398d4f14","name":"Sutia River","kind":"water","kindLabel":"내륙 수자원 지물","sourceYear":"2026","recordIds":["bgd-v162-a-028-entity-01598"],"rowCount":1,"featureClass":"river","lengthKm":0.0368},"geometry":{"type":"Point","coordinates":[90.314489,24.760805]}},{"type":"Feature","id":"a-028-b7973b535f","properties":{"elementId":"A-028","featureId":"a-028-b7973b535f","name":"Sutia River","kind":"water","kindLabel":"내륙 수자원 지물","sourceYear":"2026","recordIds":["bgd-v162-a-028-entity-01594"],"rowCount":1,"featureClass":"river","lengthKm":0.0176},"geometry":{"type":"Point","coordinates":[90.334586,24.752499]}},{"type":"Feature","id":"a-028-bb412dc230","properties":{"elementId":"A-028","featureId":"a-028-bb412dc230","name":"Sutia River","kind":"water","kindLabel":"내륙 수자원 지물","sourceYear":"2026","recordIds":["bgd-v162-a-028-entity-01625"],"rowCount":1,"featureClass":"river","lengthKm":2.6333},"geometry":{"type":"Point","coordinates":[90.334591,24.752658]}},{"type":"Feature","id":"a-028-e1bfaa77de","properties":{"elementId":"A-028","featureId":"a-028-e1bfaa77de","name":"Sutia River","kind":"water","kindLabel":"내륙 수자원 지물","sourceYear":"2026","recordIds":["bgd-v162-a-028-entity-01607"],"rowCount":1,"featureClass":"river","lengthKm":0.9364},"geometry":{"type":"Point","coordinates":[90.336043,24.744358]}},{"type":"Feature","id":"a-028-c31569d8f5","properties":{"elementId":"A-028","featureId":"a-028-c31569d8f5","name":"Sutia River","kind":"water","kindLabel":"내륙 수자원 지물","sourceYear":"2026","recordIds":["bgd-v162-a-028-entity-01593"],"rowCount":1,"featureClass":"river","lengthKm":0.0138},"geometry":{"type":"Point","coordinates":[90.3361,24.744244]}},{"type":"Feature","id":"a-028-ef43dcc939","properties":{"elementId":"A-028","featureId":"a-028-ef43dcc939","name":"Sutrapur Stream","kind":"water","kindLabel":"내륙 수자원 지물","sourceYear":"2026","recordIds":["bgd-v162-a-028-entity-01015"],"rowCount":1,"featureClass":"canal","lengthKm":0.0279},"geometry":{"type":"Point","coordinates":[90.417637,23.700179]}},{"type":"Feature","id":"a-028-c818ae8368","properties":{"elementId":"A-028","featureId":"a-028-c818ae8368","name":"Sutrapur Stream","kind":"water","kindLabel":"내륙 수자원 지물","sourceYear":"2026","recordIds":["bgd-v162-a-028-entity-01033"],"rowCount":1,"featureClass":"canal","lengthKm":0.2874},"geometry":{"type":"Point","coordinates":[90.419321,23.702027]}},{"type":"Feature","id":"a-028-b09b716c8a","properties":{"elementId":"A-028","featureId":"a-028-b09b716c8a","name":"Syzygium firmum (ঢাকি জাম)","kind":"natural","kindLabel":"기타 자연지형지물","sourceYear":"2026","recordIds":["bgd-v162-a-028-entity-00064"],"rowCount":1,"featureClass":"tree"},"geometry":{"type":"Point","coordinates":[92.097852,21.696734]}},{"type":"Feature","id":"a-028-6adb6ac1b2","properties":{"elementId":"A-028","featureId":"a-028-6adb6ac1b2","name":"Syzygium firmum (ঢাকি জাম)","kind":"natural","kindLabel":"기타 자연지형지물","sourceYear":"2026","recordIds":["bgd-v162-a-028-entity-00063"],"rowCount":1,"featureClass":"tree"},"geometry":{"type":"Point","coordinates":[92.098356,21.696616]}},{"type":"Feature","id":"a-028-1c55d9612e","properties":{"elementId":"A-028","featureId":"a-028-1c55d9612e","name":"Syzygium firmum (ঢাকি জাম)","kind":"natural","kindLabel":"기타 자연지형지물","sourceYear":"2026","recordIds":["bgd-v162-a-028-entity-00059"],"rowCount":1,"featureClass":"tree"},"geometry":{"type":"Point","coordinates":[92.098362,21.694557]}},{"type":"Feature","id":"a-028-d4b82b08ce","properties":{"elementId":"A-028","featureId":"a-028-d4b82b08ce","name":"Syzygium firmum (ঢাকি জাম)","kind":"natural","kindLabel":"기타 자연지형지물","sourceYear":"2026","recordIds":["bgd-v162-a-028-entity-00060"],"rowCount":1,"featureClass":"tree"},"geometry":{"type":"Point","coordinates":[92.098464,21.694599]}},{"type":"Feature","id":"a-028-fbe1c924e4","properties":{"elementId":"A-028","featureId":"a-028-fbe1c924e4","name":"Syzygium firmum (ঢাকি জাম)","kind":"natural","kindLabel":"기타 자연지형지물","sourceYear":"2026","recordIds":["bgd-v162-a-028-entity-00065"],"rowCount":1,"featureClass":"tree"},"geometry":{"type":"Point","coordinates":[92.098888,21.69676]}},{"type":"Feature","id":"a-028-993ab65ebc","properties":{"elementId":"A-028","featureId":"a-028-993ab65ebc","name":"Syzygium firmum (ঢাকি জাম)","kind":"natural","kindLabel":"기타 자연지형지물","sourceYear":"2026","recordIds":["bgd-v162-a-028-entity-00067"],"rowCount":1,"featureClass":"tree"},"geometry":{"type":"Point","coordinates":[92.100277,21.698131]}},{"type":"Feature","id":"a-028-2614c3ff09","properties":{"elementId":"A-028","featureId":"a-028-2614c3ff09","name":"Syzygium firmum (ঢাকি জাম)","kind":"natural","kindLabel":"기타 자연지형지물","sourceYear":"2026","recordIds":["bgd-v162-a-028-entity-00062"],"rowCount":1,"featureClass":"tree"},"geometry":{"type":"Point","coordinates":[92.100505,21.696227]}},{"type":"Feature","id":"a-028-1cf296492e","properties":{"elementId":"A-028","featureId":"a-028-1cf296492e","name":"Talbaria","kind":"water","kindLabel":"내륙 수자원 지물","sourceYear":"2026","recordIds":["bgd-v162-a-028-entity-01460"],"rowCount":1,"featureClass":"canal","lengthKm":2.4605},"geometry":{"type":"Point","coordinates":[90.368839,22.331702]}},{"type":"Feature","id":"a-028-0ba1ecbd43","properties":{"elementId":"A-028","featureId":"a-028-0ba1ecbd43","name":"Taligoan Row Road","kind":"water","kindLabel":"내륙 수자원 지물","sourceYear":"2026","recordIds":["bgd-v162-a-028-entity-01926"],"rowCount":1,"featureClass":"river","lengthKm":0.2694},"geometry":{"type":"Point","coordinates":[91.139604,25.170456]}},{"type":"Feature","id":"a-028-6bb0626d9c","properties":{"elementId":"A-028","featureId":"a-028-6bb0626d9c","name":"Talma River","kind":"water","kindLabel":"내륙 수자원 지물","sourceYear":"2026","recordIds":["bgd-v162-a-028-entity-02061"],"rowCount":1,"featureClass":"river","lengthKm":36.7224},"geometry":{"type":"Point","coordinates":[88.579976,26.506826]}},{"type":"Feature","id":"a-028-c40976d5b7","properties":{"elementId":"A-028","featureId":"a-028-c40976d5b7","name":"Talora-Kahaloo Canal","kind":"water","kindLabel":"내륙 수자원 지물","sourceYear":"2026","recordIds":["bgd-v162-a-028-entity-01790"],"rowCount":1,"featureClass":"canal","lengthKm":12.5176},"geometry":{"type":"Point","coordinates":[89.276292,24.840554]}},{"type":"Feature","id":"a-028-037b6628d8","properties":{"elementId":"A-028","featureId":"a-028-037b6628d8","name":"Taltola Canal","kind":"water","kindLabel":"내륙 수자원 지물","sourceYear":"2026","recordIds":["bgd-v162-a-028-entity-01569"],"rowCount":1,"featureClass":"stream","lengthKm":0.0569},"geometry":{"type":"Point","coordinates":[89.925916,22.127306]}},{"type":"Feature","id":"a-028-0a810d86cd","properties":{"elementId":"A-028","featureId":"a-028-0a810d86cd","name":"Taluker Char Duyani Canal","kind":"water","kindLabel":"내륙 수자원 지물","sourceYear":"2026","recordIds":["bgd-v162-a-028-entity-01573"],"rowCount":1,"featureClass":"stream","lengthKm":0.2645},"geometry":{"type":"Point","coordinates":[89.931982,22.136979]}},{"type":"Feature","id":"a-028-0f5b4023b6","properties":{"elementId":"A-028","featureId":"a-028-0f5b4023b6","name":"Tangir canal","kind":"water","kindLabel":"내륙 수자원 지물","sourceYear":"2026","recordIds":["bgd-v162-a-028-entity-01357"],"rowCount":1,"featureClass":"canal","lengthKm":0.6563},"geometry":{"type":"Point","coordinates":[90.601477,22.76252]}},{"type":"Feature","id":"a-028-66b13ab0bc","properties":{"elementId":"A-028","featureId":"a-028-66b13ab0bc","name":"Tangon","kind":"water","kindLabel":"내륙 수자원 지물","sourceYear":"2026","recordIds":["bgd-v162-a-028-entity-01682"],"rowCount":1,"featureClass":"river","lengthKm":1.1866},"geometry":{"type":"Point","coordinates":[88.456027,26.025284]}},{"type":"Feature","id":"a-028-6beb032d68","properties":{"elementId":"A-028","featureId":"a-028-6beb032d68","name":"Tangon River","kind":"water","kindLabel":"내륙 수자원 지물","sourceYear":"2026","recordIds":["bgd-v162-a-028-entity-01727"],"rowCount":1,"featureClass":"river","lengthKm":38.1273},"geometry":{"type":"Point","coordinates":[88.402862,25.872508]}},{"type":"Feature","id":"a-028-816b6b2c1d","properties":{"elementId":"A-028","featureId":"a-028-816b6b2c1d","name":"Tangon River","kind":"water","kindLabel":"내륙 수자원 지물","sourceYear":"2026","recordIds":["bgd-v162-a-028-entity-01729"],"rowCount":1,"featureClass":"river","lengthKm":4.1185},"geometry":{"type":"Point","coordinates":[88.428051,25.681103]}},{"type":"Feature","id":"a-028-4cff0fcbc9","properties":{"elementId":"A-028","featureId":"a-028-4cff0fcbc9","name":"Tangon River","kind":"water","kindLabel":"내륙 수자원 지물","sourceYear":"2026","recordIds":["bgd-v162-a-028-entity-01716"],"rowCount":1,"featureClass":"river","lengthKm":20.947},"geometry":{"type":"Point","coordinates":[88.45,25.990117]}},{"type":"Feature","id":"a-028-2487b740d9","properties":{"elementId":"A-028","featureId":"a-028-2487b740d9","name":"Tangon River","kind":"water","kindLabel":"내륙 수자원 지물","sourceYear":"2026","recordIds":["bgd-v162-a-028-entity-01726"],"rowCount":1,"featureClass":"river","lengthKm":38.1181},"geometry":{"type":"Point","coordinates":[88.467197,26.193325]}},{"type":"Feature","id":"a-028-6e75536c3d","properties":{"elementId":"A-028","featureId":"a-028-6e75536c3d","name":"Teen Matha","kind":"natural","kindLabel":"기타 자연지형지물","sourceYear":"2026","recordIds":["bgd-v162-a-028-entity-00047"],"rowCount":1,"featureClass":"peak"},"geometry":{"type":"Point","coordinates":[92.607213,21.97464]}},{"type":"Feature","id":"a-028-8ca73143a2","properties":{"elementId":"A-028","featureId":"a-028-8ca73143a2","name":"Teesta","kind":"water","kindLabel":"내륙 수자원 지물","sourceYear":"2026","recordIds":["bgd-v162-a-028-entity-01735"],"rowCount":1,"featureClass":"river","lengthKm":40.3101},"geometry":{"type":"Point","coordinates":[89.049482,26.17832]}},{"type":"Feature","id":"a-028-2e1e34ba3f","properties":{"elementId":"A-028","featureId":"a-028-2e1e34ba3f","name":"Teesta","kind":"water","kindLabel":"내륙 수자원 지물","sourceYear":"2026","recordIds":["bgd-v162-a-028-entity-01702"],"rowCount":1,"featureClass":"river","lengthKm":15.9387},"geometry":{"type":"Point","coordinates":[89.253249,25.868677]}},{"type":"Feature","id":"a-028-df4cde26e8","properties":{"elementId":"A-028","featureId":"a-028-df4cde26e8","name":"Teesta","kind":"water","kindLabel":"내륙 수자원 지물","sourceYear":"2026","recordIds":["bgd-v162-a-028-entity-01703"],"rowCount":1,"featureClass":"river","lengthKm":16.8205},"geometry":{"type":"Point","coordinates":[89.38385,25.844483]}},{"type":"Feature","id":"a-028-02104d8a61","properties":{"elementId":"A-028","featureId":"a-028-02104d8a61","name":"Teesta","kind":"water","kindLabel":"내륙 수자원 지물","sourceYear":"2026","recordIds":["bgd-v162-a-028-entity-01694"],"rowCount":1,"featureClass":"river","lengthKm":13.5443},"geometry":{"type":"Point","coordinates":[89.489369,25.747962]}},{"type":"Feature","id":"a-028-303e56322e","properties":{"elementId":"A-028","featureId":"a-028-303e56322e","name":"Teesta","kind":"water","kindLabel":"내륙 수자원 지물","sourceYear":"2026","recordIds":["bgd-v162-a-028-entity-01748"],"rowCount":1,"featureClass":"river","lengthKm":7.1311},"geometry":{"type":"Point","coordinates":[89.526279,25.70554]}},{"type":"Feature","id":"a-028-ef6cb73d2d","properties":{"elementId":"A-028","featureId":"a-028-ef6cb73d2d","name":"Teesta","kind":"water","kindLabel":"내륙 수자원 지물","sourceYear":"2026","recordIds":["bgd-v162-a-028-entity-01737"],"rowCount":1,"featureClass":"river","lengthKm":43.4827},"geometry":{"type":"Point","coordinates":[89.540004,25.660961]}},{"type":"Feature","id":"a-028-5924039088","properties":{"elementId":"A-028","featureId":"a-028-5924039088","name":"Teesta River","kind":"water","kindLabel":"내륙 수자원 지물","sourceYear":"2026","recordIds":["bgd-v162-a-028-entity-02035"],"rowCount":1,"featureClass":"river","lengthKm":2.6064},"geometry":{"type":"Point","coordinates":[88.88279,26.331093]}},{"type":"Feature","id":"a-028-512d5f4e62","properties":{"elementId":"A-028","featureId":"a-028-512d5f4e62","name":"Teesta River","kind":"water","kindLabel":"내륙 수자원 지물","sourceYear":"2026","recordIds":["bgd-v162-a-028-entity-02042"],"rowCount":1,"featureClass":"river","lengthKm":23.3074},"geometry":{"type":"Point","coordinates":[88.896689,26.3121]}},{"type":"Feature","id":"a-028-3bcc1accce","properties":{"elementId":"A-028","featureId":"a-028-3bcc1accce","name":"Tel potti Bazar Road Drain","kind":"water","kindLabel":"내륙 수자원 지물","sourceYear":"2026","recordIds":["bgd-v162-a-028-entity-00360"],"rowCount":1,"featureClass":"drain","lengthKm":0.0385},"geometry":{"type":"Point","coordinates":[89.797958,22.657618]}},{"type":"Feature","id":"a-028-faba20c3a7","properties":{"elementId":"A-028","featureId":"a-028-faba20c3a7","name":"Telikhal, তেলিখাল","kind":"water","kindLabel":"내륙 수자원 지물","sourceYear":"2026","recordIds":["bgd-v162-a-028-entity-01907"],"rowCount":1,"featureClass":"canal","lengthKm":2.0962},"geometry":{"type":"Point","coordinates":[92.2556,24.923876]}},{"type":"Feature","id":"a-028-8f724a3649","properties":{"elementId":"A-028","featureId":"a-028-8f724a3649","name":"Telipotti Bazar Road Drain","kind":"water","kindLabel":"내륙 수자원 지물","sourceYear":"2026","recordIds":["bgd-v162-a-028-entity-00364"],"rowCount":1,"featureClass":"drain","lengthKm":0.0395},"geometry":{"type":"Point","coordinates":[89.798295,22.657771]}},{"type":"Feature","id":"a-028-7aee8bd991","properties":{"elementId":"A-028","featureId":"a-028-7aee8bd991","name":"Terar Canal","kind":"water","kindLabel":"내륙 수자원 지물","sourceYear":"2026","recordIds":["bgd-v162-a-028-entity-01575"],"rowCount":1,"featureClass":"stream","lengthKm":0.4821},"geometry":{"type":"Point","coordinates":[89.93704,22.140989]}},{"type":"Feature","id":"a-028-961fb863fd","properties":{"elementId":"A-028","featureId":"a-028-961fb863fd","name":"Tero kandi raster mathay khal","kind":"water","kindLabel":"내륙 수자원 지물","sourceYear":"2026","recordIds":["bgd-v162-a-028-entity-01233"],"rowCount":1,"featureClass":"canal","lengthKm":0.0257},"geometry":{"type":"Point","coordinates":[90.659064,22.585423]}},{"type":"Feature","id":"a-028-66dd77ea8c","properties":{"elementId":"A-028","featureId":"a-028-66dd77ea8c","name":"Tetul Tala","kind":"natural","kindLabel":"기타 자연지형지물","sourceYear":"2026","recordIds":["bgd-v162-a-028-entity-00030"],"rowCount":1,"featureClass":"tree"},"geometry":{"type":"Point","coordinates":[89.203943,23.151544]}},{"type":"Feature","id":"a-028-ea886d01ce","properties":{"elementId":"A-028","featureId":"a-028-ea886d01ce","name":"Tetulia River","kind":"water","kindLabel":"내륙 수자원 지물","sourceYear":"2026","recordIds":["bgd-v162-a-028-entity-01544"],"rowCount":1,"featureClass":"river","lengthKm":18.0956},"geometry":{"type":"Point","coordinates":[90.485287,22.124765]}},{"type":"Feature","id":"a-028-0ffcaff3ed","properties":{"elementId":"A-028","featureId":"a-028-0ffcaff3ed","name":"Thakur Bari Canal","kind":"water","kindLabel":"내륙 수자원 지물","sourceYear":"2026","recordIds":["bgd-v162-a-028-entity-00220"],"rowCount":1,"featureClass":"canal","lengthKm":1.1414},"geometry":{"type":"Point","coordinates":[89.460463,22.538349]}},{"type":"Feature","id":"a-028-9ef9af7786","properties":{"elementId":"A-028","featureId":"a-028-9ef9af7786","name":"Thakur Bari Canal","kind":"water","kindLabel":"내륙 수자원 지물","sourceYear":"2026","recordIds":["bgd-v162-a-028-entity-00189"],"rowCount":1,"featureClass":"canal","lengthKm":0.4869},"geometry":{"type":"Point","coordinates":[89.461025,22.542822]}},{"type":"Feature","id":"a-028-d36c5cdf59","properties":{"elementId":"A-028","featureId":"a-028-d36c5cdf59","name":"Thakur Bari Canal","kind":"water","kindLabel":"내륙 수자원 지물","sourceYear":"2026","recordIds":["bgd-v162-a-028-entity-00198"],"rowCount":1,"featureClass":"canal","lengthKm":0.7422},"geometry":{"type":"Point","coordinates":[89.467211,22.541307]}},{"type":"Feature","id":"a-028-0af7c09ad9","properties":{"elementId":"A-028","featureId":"a-028-0af7c09ad9","name":"Thana Road Drain","kind":"water","kindLabel":"내륙 수자원 지물","sourceYear":"2026","recordIds":["bgd-v162-a-028-entity-00464"],"rowCount":1,"featureClass":"drain","lengthKm":0.1444},"geometry":{"type":"Point","coordinates":[89.073341,22.710834]}},{"type":"Feature","id":"a-028-913e3a0d89","properties":{"elementId":"A-028","featureId":"a-028-913e3a0d89","name":"Thana Road Drainage","kind":"water","kindLabel":"내륙 수자원 지물","sourceYear":"2026","recordIds":["bgd-v162-a-028-entity-00375"],"rowCount":1,"featureClass":"drain","lengthKm":0.0513},"geometry":{"type":"Point","coordinates":[89.075777,22.716244]}},{"type":"Feature","id":"a-028-a1f7e17879","properties":{"elementId":"A-028","featureId":"a-028-a1f7e17879","name":"Thatari Bazar Bot Tola","kind":"natural","kindLabel":"기타 자연지형지물","sourceYear":"2026","recordIds":["bgd-v162-a-028-entity-00083"],"rowCount":1,"featureClass":"tree"},"geometry":{"type":"Point","coordinates":[90.413863,23.721011]}},{"type":"Feature","id":"a-028-4539d5089b","properties":{"elementId":"A-028","featureId":"a-028-4539d5089b","name":"Thega","kind":"water","kindLabel":"내륙 수자원 지물","sourceYear":"2026","recordIds":["bgd-v162-a-028-entity-02044"],"rowCount":1,"featureClass":"river","lengthKm":23.665},"geometry":{"type":"Point","coordinates":[92.537171,22.587822]}},{"type":"Feature","id":"a-028-0f7e21fa31","properties":{"elementId":"A-028","featureId":"a-028-0f7e21fa31","name":"Tilla Canal","kind":"water","kindLabel":"내륙 수자원 지물","sourceYear":"2026","recordIds":["bgd-v162-a-028-entity-01485"],"rowCount":1,"featureClass":"canal","lengthKm":5.3801},"geometry":{"type":"Point","coordinates":[90.439557,21.986614]}},{"type":"Feature","id":"a-028-672fe67326","properties":{"elementId":"A-028","featureId":"a-028-672fe67326","name":"Tilla Canall","kind":"water","kindLabel":"내륙 수자원 지물","sourceYear":"2026","recordIds":["bgd-v162-a-028-entity-01352"],"rowCount":1,"featureClass":"canal","lengthKm":0.6305},"geometry":{"type":"Point","coordinates":[90.433853,21.993143]}},{"type":"Feature","id":"a-028-72d5ba26e0","properties":{"elementId":"A-028","featureId":"a-028-72d5ba26e0","name":"Tior Jalal Canal","kind":"water","kindLabel":"내륙 수자원 지물","sourceYear":"2026","recordIds":["bgd-v162-a-028-entity-01893"],"rowCount":1,"featureClass":"canal","lengthKm":0.3281},"geometry":{"type":"Point","coordinates":[91.242132,25.098772]}},{"type":"Feature","id":"a-028-a98d5f8e25","properties":{"elementId":"A-028","featureId":"a-028-a98d5f8e25","name":"Titas River","kind":"water","kindLabel":"내륙 수자원 지물","sourceYear":"2026","recordIds":["bgd-v162-a-028-entity-00905"],"rowCount":1,"featureClass":"river","lengthKm":19.3799},"geometry":{"type":"Point","coordinates":[91.072959,23.955499]}},{"type":"Feature","id":"a-028-b40c5cc16d","properties":{"elementId":"A-028","featureId":"a-028-b40c5cc16d","name":"Titas River","kind":"water","kindLabel":"내륙 수자원 지물","sourceYear":"2026","recordIds":["bgd-v162-a-028-entity-00948"],"rowCount":1,"featureClass":"river","lengthKm":5.1038},"geometry":{"type":"Point","coordinates":[91.084492,23.946684]}},{"type":"Feature","id":"a-028-65dabac81c","properties":{"elementId":"A-028","featureId":"a-028-65dabac81c","name":"Titas River","kind":"water","kindLabel":"내륙 수자원 지물","sourceYear":"2026","recordIds":["bgd-v162-a-028-entity-00919"],"rowCount":1,"featureClass":"river","lengthKm":23.4657},"geometry":{"type":"Point","coordinates":[91.155903,24.097542]}},{"type":"Feature","id":"a-028-f8ca9411c4","properties":{"elementId":"A-028","featureId":"a-028-f8ca9411c4","name":"Titas River","kind":"water","kindLabel":"내륙 수자원 지물","sourceYear":"2026","recordIds":["bgd-v162-a-028-entity-00924"],"rowCount":1,"featureClass":"river","lengthKm":27.8554},"geometry":{"type":"Point","coordinates":[91.165022,24.093918]}},{"type":"Feature","id":"a-028-f10ab49331","properties":{"elementId":"A-028","featureId":"a-028-f10ab49331","name":"Titas River","kind":"water","kindLabel":"내륙 수자원 지물","sourceYear":"2026","recordIds":["bgd-v162-a-028-entity-00916"],"rowCount":1,"featureClass":"river","lengthKm":21.1187},"geometry":{"type":"Point","coordinates":[91.208644,24.054049]}},{"type":"Feature","id":"a-028-f1fb50e044","properties":{"elementId":"A-028","featureId":"a-028-f1fb50e044","name":"Tofsil Office Road Drain","kind":"water","kindLabel":"내륙 수자원 지물","sourceYear":"2026","recordIds":["bgd-v162-a-028-entity-00576"],"rowCount":1,"featureClass":"drain","lengthKm":1.0742},"geometry":{"type":"Point","coordinates":[89.793145,22.663681]}},{"type":"Feature","id":"a-028-7c55b3b051","properties":{"elementId":"A-028","featureId":"a-028-7c55b3b051","name":"Torsa river","kind":"water","kindLabel":"내륙 수자원 지물","sourceYear":"2026","recordIds":["bgd-v162-a-028-entity-02078"],"rowCount":1,"featureClass":"river","lengthKm":5.8875},"geometry":{"type":"Point","coordinates":[89.635584,26.229904]}},{"type":"Feature","id":"a-028-60c1e0ba0f","properties":{"elementId":"A-028","featureId":"a-028-60c1e0ba0f","name":"Touwerdangi Drain","kind":"water","kindLabel":"내륙 수자원 지물","sourceYear":"2026","recordIds":["bgd-v162-a-028-entity-00344"],"rowCount":1,"featureClass":"drain","lengthKm":0.0161},"geometry":{"type":"Point","coordinates":[89.063194,22.682778]}},{"type":"Feature","id":"a-028-cf606d4542","properties":{"elementId":"A-028","featureId":"a-028-cf606d4542","name":"Touwerdangi Drain","kind":"water","kindLabel":"내륙 수자원 지물","sourceYear":"2026","recordIds":["bgd-v162-a-028-entity-00546"],"rowCount":1,"featureClass":"drain","lengthKm":0.3539},"geometry":{"type":"Point","coordinates":[89.064989,22.684907]}},{"type":"Feature","id":"a-028-bc13fd609c","properties":{"elementId":"A-028","featureId":"a-028-bc13fd609c","name":"Trimohini River","kind":"water","kindLabel":"내륙 수자원 지물","sourceYear":"2026","recordIds":["bgd-v162-a-028-entity-01721"],"rowCount":1,"featureClass":"river","lengthKm":28.7067},"geometry":{"type":"Point","coordinates":[89.220159,26.0179]}},{"type":"Feature","id":"a-028-8a0b41a8bb","properties":{"elementId":"A-028","featureId":"a-028-8a0b41a8bb","name":"Tufan Compani Road Drain","kind":"water","kindLabel":"내륙 수자원 지물","sourceYear":"2026","recordIds":["bgd-v162-a-028-entity-00439"],"rowCount":1,"featureClass":"drain","lengthKm":0.1157},"geometry":{"type":"Point","coordinates":[89.069925,22.7094]}},{"type":"Feature","id":"a-028-714163762e","properties":{"elementId":"A-028","featureId":"a-028-714163762e","name":"Tufan Compani Road Drain","kind":"water","kindLabel":"내륙 수자원 지물","sourceYear":"2026","recordIds":["bgd-v162-a-028-entity-00328"],"rowCount":1,"featureClass":"drain","lengthKm":0.0063},"geometry":{"type":"Point","coordinates":[89.070969,22.709009]}},{"type":"Feature","id":"a-028-16c7db72d8","properties":{"elementId":"A-028","featureId":"a-028-16c7db72d8","name":"Tufan Compani Road Drain","kind":"water","kindLabel":"내륙 수자원 지물","sourceYear":"2026","recordIds":["bgd-v162-a-028-entity-00290"],"rowCount":1,"featureClass":"drain","lengthKm":0.002},"geometry":{"type":"Point","coordinates":[89.071029,22.709022]}},{"type":"Feature","id":"a-028-5ad7d851ab","properties":{"elementId":"A-028","featureId":"a-028-5ad7d851ab","name":"Tuiliampul","kind":"water","kindLabel":"내륙 수자원 지물","sourceYear":"2026","recordIds":["bgd-v162-a-028-entity-02077"],"rowCount":1,"featureClass":"river","lengthKm":5.8485},"geometry":{"type":"Point","coordinates":[92.394097,23.26632]}},{"type":"Feature","id":"a-028-98944cd285","properties":{"elementId":"A-028","featureId":"a-028-98944cd285","name":"Tuiliampul","kind":"water","kindLabel":"내륙 수자원 지물","sourceYear":"2026","recordIds":["bgd-v162-a-028-entity-02080"],"rowCount":1,"featureClass":"river","lengthKm":51.6033},"geometry":{"type":"Point","coordinates":[92.401886,23.236555]}},{"type":"Feature","id":"a-028-72669fcc19","properties":{"elementId":"A-028","featureId":"a-028-72669fcc19","name":"Tulshi Gonga River","kind":"water","kindLabel":"내륙 수자원 지물","sourceYear":"2026","recordIds":["bgd-v162-a-028-entity-01859"],"rowCount":1,"featureClass":"river","lengthKm":36.7795},"geometry":{"type":"Point","coordinates":[89.095661,25.07208]}},{"type":"Feature","id":"a-028-6fd3c18250","properties":{"elementId":"A-028","featureId":"a-028-6fd3c18250","name":"Tunggi Bariya Khal","kind":"water","kindLabel":"내륙 수자원 지물","sourceYear":"2026","recordIds":["bgd-v162-a-028-entity-01405"],"rowCount":1,"featureClass":"canal","lengthKm":1.2109},"geometry":{"type":"Point","coordinates":[90.357592,21.953549]}},{"type":"Feature","id":"a-028-b827689b64","properties":{"elementId":"A-028","featureId":"a-028-b827689b64","name":"Tushi Mill Drain","kind":"water","kindLabel":"내륙 수자원 지물","sourceYear":"2026","recordIds":["bgd-v162-a-028-entity-00372"],"rowCount":1,"featureClass":"drain","lengthKm":0.049},"geometry":{"type":"Point","coordinates":[89.085316,22.721567]}},{"type":"Feature","id":"a-028-83811498b0","properties":{"elementId":"A-028","featureId":"a-028-83811498b0","name":"Twain Khal","kind":"water","kindLabel":"내륙 수자원 지물","sourceYear":"2026","recordIds":["bgd-v162-a-028-entity-00901"],"rowCount":1,"featureClass":"river","lengthKm":17.0561},"geometry":{"type":"Point","coordinates":[92.264409,21.678199]}},{"type":"Feature","id":"a-028-d7f4fac43e","properties":{"elementId":"A-028","featureId":"a-028-d7f4fac43e","name":"Twain Khal","kind":"water","kindLabel":"내륙 수자원 지물","sourceYear":"2026","recordIds":["bgd-v162-a-028-entity-00877"],"rowCount":1,"featureClass":"river","lengthKm":1.7439},"geometry":{"type":"Point","coordinates":[92.27464,21.668913]}},{"type":"Feature","id":"a-028-be4792c628","properties":{"elementId":"A-028","featureId":"a-028-be4792c628","name":"Twain Khal","kind":"water","kindLabel":"내륙 수자원 지물","sourceYear":"2026","recordIds":["bgd-v162-a-028-entity-00959"],"rowCount":1,"featureClass":"river","lengthKm":6.3848},"geometry":{"type":"Point","coordinates":[92.311699,21.643592]}},{"type":"Feature","id":"a-028-f675a1d7ec","properties":{"elementId":"A-028","featureId":"a-028-f675a1d7ec","name":"Twain Khal","kind":"water","kindLabel":"내륙 수자원 지물","sourceYear":"2026","recordIds":["bgd-v162-a-028-entity-00955"],"rowCount":1,"featureClass":"river","lengthKm":55.1651},"geometry":{"type":"Point","coordinates":[92.494036,21.538026]}},{"type":"Feature","id":"a-028-7f121e1d81","properties":{"elementId":"A-028","featureId":"a-028-7f121e1d81","name":"U Drain","kind":"water","kindLabel":"내륙 수자원 지물","sourceYear":"2026","recordIds":["bgd-v162-a-028-entity-01521"],"rowCount":1,"featureClass":"drain","lengthKm":0.595},"geometry":{"type":"Point","coordinates":[90.058814,21.927773]}},{"type":"Feature","id":"a-028-122a11631a","properties":{"elementId":"A-028","featureId":"a-028-122a11631a","name":"U-drain","kind":"water","kindLabel":"내륙 수자원 지물","sourceYear":"2026","recordIds":["bgd-v162-a-028-entity-01517"],"rowCount":1,"featureClass":"drain","lengthKm":0.4449},"geometry":{"type":"Point","coordinates":[90.159892,22.059133]}},{"type":"Feature","id":"a-028-9cfa8e4204","properties":{"elementId":"A-028","featureId":"a-028-9cfa8e4204","name":"Ullubonneya Kata Khal","kind":"water","kindLabel":"내륙 수자원 지물","sourceYear":"2026","recordIds":["bgd-v162-a-028-entity-00621"],"rowCount":1,"featureClass":"river","lengthKm":1.9384},"geometry":{"type":"Point","coordinates":[89.639944,22.522927]}},{"type":"Feature","id":"a-028-5874ff0cf7","properties":{"elementId":"A-028","featureId":"a-028-5874ff0cf7","name":"Ulmoktu Drain","kind":"water","kindLabel":"내륙 수자원 지물","sourceYear":"2026","recordIds":["bgd-v162-a-028-entity-00377"],"rowCount":1,"featureClass":"drain","lengthKm":0.0528},"geometry":{"type":"Point","coordinates":[89.090916,22.703847]}},{"type":"Feature","id":"a-028-3d34eec120","properties":{"elementId":"A-028","featureId":"a-028-3d34eec120","name":"Um Sku","kind":"water","kindLabel":"내륙 수자원 지물","sourceYear":"2026","recordIds":["bgd-v162-a-028-entity-02005"],"rowCount":1,"featureClass":"river","lengthKm":0.9458},"geometry":{"type":"Point","coordinates":[92.091536,25.180668]}},{"type":"Feature","id":"a-028-7a7e78c896","properties":{"elementId":"A-028","featureId":"a-028-7a7e78c896","name":"Um Sku","kind":"water","kindLabel":"내륙 수자원 지물","sourceYear":"2026","recordIds":["bgd-v162-a-028-entity-02086"],"rowCount":1,"featureClass":"river","lengthKm":6.394},"geometry":{"type":"Point","coordinates":[92.132938,25.202599]}},{"type":"Feature","id":"a-028-d091480aeb","properties":{"elementId":"A-028","featureId":"a-028-d091480aeb","name":"Upazila Parishad To Pc Collage Road Drain","kind":"water","kindLabel":"내륙 수자원 지물","sourceYear":"2026","recordIds":["bgd-v162-a-028-entity-00517"],"rowCount":1,"featureClass":"drain","lengthKm":0.2392},"geometry":{"type":"Point","coordinates":[89.781057,22.663893]}},{"type":"Feature","id":"a-028-5f4257ec98","properties":{"elementId":"A-028","featureId":"a-028-5f4257ec98","name":"Uttor Sutaluri Khal","kind":"water","kindLabel":"내륙 수자원 지물","sourceYear":"2026","recordIds":["bgd-v162-a-028-entity-00193"],"rowCount":1,"featureClass":"canal","lengthKm":0.6243},"geometry":{"type":"Point","coordinates":[89.813104,22.468509]}},{"type":"Feature","id":"a-028-f542b834aa","properties":{"elementId":"A-028","featureId":"a-028-f542b834aa","name":"VIP Road Drain","kind":"water","kindLabel":"내륙 수자원 지물","sourceYear":"2026","recordIds":["bgd-v162-a-028-entity-00573"],"rowCount":1,"featureClass":"drain","lengthKm":0.738},"geometry":{"type":"Point","coordinates":[89.790314,22.655094]}},{"type":"Feature","id":"a-028-6d59702782","properties":{"elementId":"A-028","featureId":"a-028-6d59702782","name":"VIP Road Drain","kind":"water","kindLabel":"내륙 수자원 지물","sourceYear":"2026","recordIds":["bgd-v162-a-028-entity-00572"],"rowCount":1,"featureClass":"drain","lengthKm":0.7379},"geometry":{"type":"Point","coordinates":[89.790348,22.655039]}},{"type":"Feature","id":"a-028-a4cb8dfdd4","properties":{"elementId":"A-028","featureId":"a-028-a4cb8dfdd4","name":"Vaijora Canel Katherpul","kind":"water","kindLabel":"내륙 수자원 지물","sourceYear":"2026","recordIds":["bgd-v162-a-028-entity-00166"],"rowCount":1,"featureClass":"canal","lengthKm":0.1569},"geometry":{"type":"Point","coordinates":[89.852157,22.433234]}},{"type":"Feature","id":"a-028-8ec39a953d","properties":{"elementId":"A-028","featureId":"a-028-8ec39a953d","name":"Vashandol Umajuri Khal","kind":"water","kindLabel":"내륙 수자원 지물","sourceYear":"2026","recordIds":["bgd-v162-a-028-entity-00172"],"rowCount":1,"featureClass":"canal","lengthKm":0.2227},"geometry":{"type":"Point","coordinates":[89.75395,22.406957]}},{"type":"Feature","id":"a-028-31bba9f5b7","properties":{"elementId":"A-028","featureId":"a-028-31bba9f5b7","name":"Vatesshor Nod","kind":"water","kindLabel":"내륙 수자원 지물","sourceYear":"2026","recordIds":["bgd-v162-a-028-entity-01762"],"rowCount":1,"featureClass":"stream","lengthKm":2.2451},"geometry":{"type":"Point","coordinates":[89.368378,25.919183]}},{"type":"Feature","id":"a-028-347b13bac3","properties":{"elementId":"A-028","featureId":"a-028-347b13bac3","name":"Vatesshor Nod","kind":"water","kindLabel":"내륙 수자원 지물","sourceYear":"2026","recordIds":["bgd-v162-a-028-entity-01759"],"rowCount":1,"featureClass":"stream","lengthKm":0.0108},"geometry":{"type":"Point","coordinates":[89.368456,25.919116]}},{"type":"Feature","id":"a-028-b637c228b3","properties":{"elementId":"A-028","featureId":"a-028-b637c228b3","name":"Vatesshor Nod","kind":"water","kindLabel":"내륙 수자원 지물","sourceYear":"2026","recordIds":["bgd-v162-a-028-entity-01763"],"rowCount":1,"featureClass":"stream","lengthKm":32.904},"geometry":{"type":"Point","coordinates":[89.433501,25.803719]}},{"type":"Feature","id":"a-028-30ecc02683","properties":{"elementId":"A-028","featureId":"a-028-30ecc02683","name":"Vela river","kind":"water","kindLabel":"내륙 수자원 지물","sourceYear":"2026","recordIds":["bgd-v162-a-028-entity-01965"],"rowCount":1,"featureClass":"river","lengthKm":3.8534},"geometry":{"type":"Point","coordinates":[91.27692,24.710072]}},{"type":"Feature","id":"a-028-c17831e804","properties":{"elementId":"A-028","featureId":"a-028-c17831e804","name":"Vhadra River","kind":"water","kindLabel":"내륙 수자원 지물","sourceYear":"2026","recordIds":["bgd-v162-a-028-entity-00646"],"rowCount":1,"featureClass":"river","lengthKm":2.5699},"geometry":{"type":"Point","coordinates":[89.466353,22.599802]}},{"type":"Feature","id":"a-028-2225513502","properties":{"elementId":"A-028","featureId":"a-028-2225513502","name":"Vhadra River","kind":"water","kindLabel":"내륙 수자원 지물","sourceYear":"2026","recordIds":["bgd-v162-a-028-entity-00648"],"rowCount":1,"featureClass":"river","lengthKm":2.6591},"geometry":{"type":"Point","coordinates":[89.475531,22.608903]}},{"type":"Feature","id":"a-028-b853d8d529","properties":{"elementId":"A-028","featureId":"a-028-b853d8d529","name":"Vhadra River","kind":"water","kindLabel":"내륙 수자원 지물","sourceYear":"2026","recordIds":["bgd-v162-a-028-entity-00617"],"rowCount":1,"featureClass":"river","lengthKm":1.402},"geometry":{"type":"Point","coordinates":[89.479408,22.601509]}},{"type":"Feature","id":"a-028-84403a9a4f","properties":{"elementId":"A-028","featureId":"a-028-84403a9a4f","name":"Vhadra River","kind":"water","kindLabel":"내륙 수자원 지물","sourceYear":"2026","recordIds":["bgd-v162-a-028-entity-00609"],"rowCount":1,"featureClass":"river","lengthKm":0.9217},"geometry":{"type":"Point","coordinates":[89.479778,22.593511]}},{"type":"Feature","id":"a-028-7d85fac380","properties":{"elementId":"A-028","featureId":"a-028-7d85fac380","name":"Vobandara Canal","kind":"water","kindLabel":"내륙 수자원 지물","sourceYear":"2026","recordIds":["bgd-v162-a-028-entity-00185"],"rowCount":1,"featureClass":"canal","lengthKm":0.4285},"geometry":{"type":"Point","coordinates":[89.776196,22.441158]}},{"type":"Feature","id":"a-028-3c48856d58","properties":{"elementId":"A-028","featureId":"a-028-3c48856d58","name":"Vola River","kind":"water","kindLabel":"내륙 수자원 지물","sourceYear":"2026","recordIds":["bgd-v162-a-028-entity-00259"],"rowCount":1,"featureClass":"canal","lengthKm":5.2753},"geometry":{"type":"Point","coordinates":[89.857049,22.220094]}},{"type":"Feature","id":"a-028-efda0e2953","properties":{"elementId":"A-028","featureId":"a-028-efda0e2953","name":"Vola river","kind":"water","kindLabel":"내륙 수자원 지물","sourceYear":"2026","recordIds":["bgd-v162-a-028-entity-00597"],"rowCount":1,"featureClass":"river","lengthKm":0.1897},"geometry":{"type":"Point","coordinates":[89.769983,22.37446]}},{"type":"Feature","id":"a-028-6bf196b225","properties":{"elementId":"A-028","featureId":"a-028-6bf196b225","name":"Vola river","kind":"water","kindLabel":"내륙 수자원 지물","sourceYear":"2026","recordIds":["bgd-v162-a-028-entity-00635"],"rowCount":1,"featureClass":"river","lengthKm":14.3953},"geometry":{"type":"Point","coordinates":[89.770769,22.37292]}},{"type":"Feature","id":"a-028-cb34099840","properties":{"elementId":"A-028","featureId":"a-028-cb34099840","name":"Voraghata Khal","kind":"water","kindLabel":"내륙 수자원 지물","sourceYear":"2026","recordIds":["bgd-v162-a-028-entity-00169"],"rowCount":1,"featureClass":"canal","lengthKm":0.2006},"geometry":{"type":"Point","coordinates":[89.843839,22.46606]}},{"type":"Feature","id":"a-028-e868b069b5","properties":{"elementId":"A-028","featureId":"a-028-e868b069b5","name":"Vujonkhali Canal","kind":"water","kindLabel":"내륙 수자원 지물","sourceYear":"2026","recordIds":["bgd-v162-a-028-entity-00252"],"rowCount":1,"featureClass":"canal","lengthKm":3.0707},"geometry":{"type":"Point","coordinates":[89.558739,22.456942]}},{"type":"Feature","id":"a-028-a7d3074f39","properties":{"elementId":"A-028","featureId":"a-028-a7d3074f39","name":"Wahrew","kind":"water","kindLabel":"내륙 수자원 지물","sourceYear":"2026","recordIds":["bgd-v162-a-028-entity-02096"],"rowCount":1,"featureClass":"river","lengthKm":9.035},"geometry":{"type":"Point","coordinates":[91.786839,25.215944]}},{"type":"Feature","id":"a-028-662903e2df","properties":{"elementId":"A-028","featureId":"a-028-662903e2df","name":"Water irrigation beside Molla Market","kind":"water","kindLabel":"내륙 수자원 지물","sourceYear":"2026","recordIds":["bgd-v162-a-028-entity-01290"],"rowCount":1,"featureClass":"canal","lengthKm":0.2457},"geometry":{"type":"Point","coordinates":[90.719883,22.528345]}},{"type":"Feature","id":"a-028-bac903b47a","properties":{"elementId":"A-028","featureId":"a-028-bac903b47a","name":"Water irrigation channels","kind":"water","kindLabel":"내륙 수자원 지물","sourceYear":"2026","recordIds":["bgd-v162-a-028-entity-01264"],"rowCount":1,"featureClass":"canal","lengthKm":0.1223},"geometry":{"type":"Point","coordinates":[90.726454,22.545915]}},{"type":"Feature","id":"a-028-1a427a0c5f","properties":{"elementId":"A-028","featureId":"a-028-1a427a0c5f","name":"Water irrigation of Najmol","kind":"water","kindLabel":"내륙 수자원 지물","sourceYear":"2026","recordIds":["bgd-v162-a-028-entity-01297"],"rowCount":1,"featureClass":"canal","lengthKm":0.2927},"geometry":{"type":"Point","coordinates":[90.7252,22.529965]}},{"type":"Feature","id":"a-028-23c2c469c2","properties":{"elementId":"A-028","featureId":"a-028-23c2c469c2","name":"Waterway","kind":"water","kindLabel":"내륙 수자원 지물","sourceYear":"2026","recordIds":["bgd-v162-a-028-entity-01997"],"rowCount":1,"featureClass":"stream","lengthKm":1.7018},"geometry":{"type":"Point","coordinates":[91.476025,24.74385]}},{"type":"Feature","id":"a-028-658f9a1254","properties":{"elementId":"A-028","featureId":"a-028-658f9a1254","name":"West Harikhali Drain","kind":"water","kindLabel":"내륙 수자원 지물","sourceYear":"2026","recordIds":["bgd-v162-a-028-entity-00410"],"rowCount":1,"featureClass":"drain","lengthKm":0.084},"geometry":{"type":"Point","coordinates":[89.781125,22.670525]}},{"type":"Feature","id":"a-028-566f6c1630","properties":{"elementId":"A-028","featureId":"a-028-566f6c1630","name":"Wood Apple","kind":"natural","kindLabel":"기타 자연지형지물","sourceYear":"2026","recordIds":["bgd-v162-a-028-entity-00021"],"rowCount":1,"featureClass":"tree"},"geometry":{"type":"Point","coordinates":[89.542074,22.784014]}},{"type":"Feature","id":"a-028-9e89bda73d","properties":{"elementId":"A-028","featureId":"a-028-9e89bda73d","name":"Zamzamia Canal","kind":"water","kindLabel":"내륙 수자원 지물","sourceYear":"2026","recordIds":["bgd-v162-a-028-entity-00814"],"rowCount":1,"featureClass":"canal","lengthKm":1.8303},"geometry":{"type":"Point","coordinates":[90.763098,23.270338]}},{"type":"Feature","id":"a-028-0e947c46d3","properties":{"elementId":"A-028","featureId":"a-028-0e947c46d3","name":"Zikkar Khal","kind":"water","kindLabel":"내륙 수자원 지물","sourceYear":"2026","recordIds":["bgd-v162-a-028-entity-01236"],"rowCount":1,"featureClass":"canal","lengthKm":0.0387},"geometry":{"type":"Point","coordinates":[90.697618,22.422058]}},{"type":"Feature","id":"a-028-43dad701f2","properties":{"elementId":"A-028","featureId":"a-028-43dad701f2","name":"Zikkar Khal","kind":"water","kindLabel":"내륙 수자원 지물","sourceYear":"2026","recordIds":["bgd-v162-a-028-entity-01223"],"rowCount":1,"featureClass":"canal","lengthKm":0.0074},"geometry":{"type":"Point","coordinates":[90.697938,22.422176]}},{"type":"Feature","id":"a-028-9a1721c8e1","properties":{"elementId":"A-028","featureId":"a-028-9a1721c8e1","name":"Zikkar Khal","kind":"water","kindLabel":"내륙 수자원 지물","sourceYear":"2026","recordIds":["bgd-v162-a-028-entity-01231"],"rowCount":1,"featureClass":"canal","lengthKm":0.0129},"geometry":{"type":"Point","coordinates":[90.698007,22.422194]}},{"type":"Feature","id":"a-028-3b7c740689","properties":{"elementId":"A-028","featureId":"a-028-3b7c740689","name":"Zora Meghnitola Road Drain","kind":"water","kindLabel":"내륙 수자원 지물","sourceYear":"2026","recordIds":["bgd-v162-a-028-entity-00545"],"rowCount":1,"featureClass":"drain","lengthKm":0.352},"geometry":{"type":"Point","coordinates":[89.792699,22.648785]}},{"type":"Feature","id":"a-028-5190f98172","properties":{"elementId":"A-028","featureId":"a-028-5190f98172","name":"acacia auriculiformois (আকাশ মনি)","kind":"natural","kindLabel":"기타 자연지형지물","sourceYear":"2026","recordIds":["bgd-v162-a-028-entity-00054"],"rowCount":1,"featureClass":"tree"},"geometry":{"type":"Point","coordinates":[92.09451,21.691816]}},{"type":"Feature","id":"a-028-2149b4ade9","properties":{"elementId":"A-028","featureId":"a-028-2149b4ade9","name":"amanatgonj khal","kind":"water","kindLabel":"내륙 수자원 지물","sourceYear":"2026","recordIds":["bgd-v162-a-028-entity-01416"],"rowCount":1,"featureClass":"canal","lengthKm":1.374},"geometry":{"type":"Point","coordinates":[90.380291,22.707579]}},{"type":"Feature","id":"a-028-ef34177a78","properties":{"elementId":"A-028","featureId":"a-028-ef34177a78","name":"aquilaria agallocha (আগর গাছ)","kind":"natural","kindLabel":"기타 자연지형지물","sourceYear":"2026","recordIds":["bgd-v162-a-028-entity-00055"],"rowCount":1,"featureClass":"tree"},"geometry":{"type":"Point","coordinates":[92.096334,21.692992]}},{"type":"Feature","id":"a-028-6fb63a8897","properties":{"elementId":"A-028","featureId":"a-028-6fb63a8897","name":"aquilaria agallocha (আগর গাছের বাগান)","kind":"natural","kindLabel":"기타 자연지형지물","sourceYear":"2026","recordIds":["bgd-v162-a-028-entity-00061"],"rowCount":1,"featureClass":"tree"},"geometry":{"type":"Point","coordinates":[92.100325,21.694851]}},{"type":"Feature","id":"a-028-ae4d19112d","properties":{"elementId":"A-028","featureId":"a-028-ae4d19112d","name":"asddd","kind":"natural","kindLabel":"기타 자연지형지물","sourceYear":"2026","recordIds":["bgd-v162-a-028-entity-00028"],"rowCount":1,"featureClass":"tree"},"geometry":{"type":"Point","coordinates":[89.585663,23.051562]}},{"type":"Feature","id":"a-028-36861f6d21","properties":{"elementId":"A-028","featureId":"a-028-36861f6d21","name":"atharobaki river","kind":"water","kindLabel":"내륙 수자원 지물","sourceYear":"2026","recordIds":["bgd-v162-a-028-entity-00698"],"rowCount":1,"featureClass":"river","lengthKm":6.2371},"geometry":{"type":"Point","coordinates":[89.747136,22.967991]}},{"type":"Feature","id":"a-028-ec8f5b5619","properties":{"elementId":"A-028","featureId":"a-028-ec8f5b5619","name":"badh","kind":"water","kindLabel":"내륙 수자원 지물","sourceYear":"2026","recordIds":["bgd-v162-a-028-entity-01771"],"rowCount":1,"featureClass":"canal","lengthKm":0.0128},"geometry":{"type":"Point","coordinates":[89.597852,24.031038]}},{"type":"Feature","id":"a-028-36a2017933","properties":{"elementId":"A-028","featureId":"a-028-36a2017933","name":"banyan tree","kind":"natural","kindLabel":"기타 자연지형지물","sourceYear":"2026","recordIds":["bgd-v162-a-028-entity-00080"],"rowCount":1,"featureClass":"tree"},"geometry":{"type":"Point","coordinates":[90.426714,23.717868]}},{"type":"Feature","id":"a-028-20cf782e8a","properties":{"elementId":"A-028","featureId":"a-028-20cf782e8a","name":"beek","kind":"water","kindLabel":"내륙 수자원 지물","sourceYear":"2026","recordIds":["bgd-v162-a-028-entity-00978"],"rowCount":1,"featureClass":"stream","lengthKm":0.0982},"geometry":{"type":"Point","coordinates":[91.147513,22.231174]}},{"type":"Feature","id":"a-028-7f8dc1cfad","properties":{"elementId":"A-028","featureId":"a-028-7f8dc1cfad","name":"bonsy bot","kind":"natural","kindLabel":"기타 자연지형지물","sourceYear":"2026","recordIds":["bgd-v162-a-028-entity-00077"],"rowCount":1,"featureClass":"tree"},"geometry":{"type":"Point","coordinates":[90.992641,23.742693]}},{"type":"Feature","id":"a-028-b637c51f5c","properties":{"elementId":"A-028","featureId":"a-028-b637c51f5c","name":"boshundi canal","kind":"water","kindLabel":"내륙 수자원 지물","sourceYear":"2026","recordIds":["bgd-v162-a-028-entity-00224"],"rowCount":1,"featureClass":"canal","lengthKm":1.2549},"geometry":{"type":"Point","coordinates":[89.494243,22.577951]}},{"type":"Feature","id":"a-028-4fadfad541","properties":{"elementId":"A-028","featureId":"a-028-4fadfad541","name":"canal","kind":"water","kindLabel":"내륙 수자원 지물","sourceYear":"2026","recordIds":["bgd-v162-a-028-entity-01793"],"rowCount":1,"featureClass":"canal","lengthKm":2.318},"geometry":{"type":"Point","coordinates":[88.717615,24.370448]}},{"type":"Feature","id":"a-028-92d4813973","properties":{"elementId":"A-028","featureId":"a-028-92d4813973","name":"canal","kind":"water","kindLabel":"내륙 수자원 지물","sourceYear":"2026","recordIds":["bgd-v162-a-028-entity-01785"],"rowCount":1,"featureClass":"canal","lengthKm":1.0109},"geometry":{"type":"Point","coordinates":[88.736327,24.379887]}},{"type":"Feature","id":"a-028-81a5245aab","properties":{"elementId":"A-028","featureId":"a-028-81a5245aab","name":"canal","kind":"water","kindLabel":"내륙 수자원 지물","sourceYear":"2026","recordIds":["bgd-v162-a-028-entity-01797"],"rowCount":1,"featureClass":"canal","lengthKm":3.5486},"geometry":{"type":"Point","coordinates":[88.73911,24.388564]}},{"type":"Feature","id":"a-028-9ca8a456f8","properties":{"elementId":"A-028","featureId":"a-028-9ca8a456f8","name":"canal","kind":"water","kindLabel":"내륙 수자원 지물","sourceYear":"2026","recordIds":["bgd-v162-a-028-entity-01801"],"rowCount":1,"featureClass":"canal","lengthKm":6.4832},"geometry":{"type":"Point","coordinates":[88.765898,24.403313]}},{"type":"Feature","id":"a-028-e810323102","properties":{"elementId":"A-028","featureId":"a-028-e810323102","name":"canal","kind":"water","kindLabel":"내륙 수자원 지물","sourceYear":"2026","recordIds":["bgd-v162-a-028-entity-00242"],"rowCount":1,"featureClass":"canal","lengthKm":2.1404},"geometry":{"type":"Point","coordinates":[89.663131,22.892464]}},{"type":"Feature","id":"a-028-2c9a60eca8","properties":{"elementId":"A-028","featureId":"a-028-2c9a60eca8","name":"canal","kind":"water","kindLabel":"내륙 수자원 지물","sourceYear":"2026","recordIds":["bgd-v162-a-028-entity-00222"],"rowCount":1,"featureClass":"canal","lengthKm":1.2404},"geometry":{"type":"Point","coordinates":[89.688115,22.899484]}},{"type":"Feature","id":"a-028-28e55657e2","properties":{"elementId":"A-028","featureId":"a-028-28e55657e2","name":"canal","kind":"water","kindLabel":"내륙 수자원 지물","sourceYear":"2026","recordIds":["bgd-v162-a-028-entity-01252"],"rowCount":1,"featureClass":"canal","lengthKm":0.0841},"geometry":{"type":"Point","coordinates":[90.039198,21.944742]}},{"type":"Feature","id":"a-028-eaf854ccc9","properties":{"elementId":"A-028","featureId":"a-028-eaf854ccc9","name":"canal","kind":"water","kindLabel":"내륙 수자원 지물","sourceYear":"2026","recordIds":["bgd-v162-a-028-entity-01356"],"rowCount":1,"featureClass":"canal","lengthKm":0.6547},"geometry":{"type":"Point","coordinates":[90.439496,22.26309]}},{"type":"Feature","id":"a-028-c7f6c68cd2","properties":{"elementId":"A-028","featureId":"a-028-c7f6c68cd2","name":"canal (Jula)","kind":"water","kindLabel":"내륙 수자원 지물","sourceYear":"2026","recordIds":["bgd-v162-a-028-entity-01779"],"rowCount":1,"featureClass":"canal","lengthKm":0.4039},"geometry":{"type":"Point","coordinates":[89.59768,24.03448]}},{"type":"Feature","id":"a-028-9d8e75d821","properties":{"elementId":"A-028","featureId":"a-028-9d8e75d821","name":"canal (jula)","kind":"water","kindLabel":"내륙 수자원 지물","sourceYear":"2026","recordIds":["bgd-v162-a-028-entity-01778"],"rowCount":1,"featureClass":"canal","lengthKm":0.358},"geometry":{"type":"Point","coordinates":[89.597898,24.030931]}},{"type":"Feature","id":"a-028-95040c3821","properties":{"elementId":"A-028","featureId":"a-028-95040c3821","name":"canel","kind":"water","kindLabel":"내륙 수자원 지물","sourceYear":"2026","recordIds":["bgd-v162-a-028-entity-01410"],"rowCount":1,"featureClass":"canal","lengthKm":1.2852},"geometry":{"type":"Point","coordinates":[90.013486,22.132914]}},{"type":"Feature","id":"a-028-3497d3a64d","properties":{"elementId":"A-028","featureId":"a-028-3497d3a64d","name":"canel","kind":"water","kindLabel":"내륙 수자원 지물","sourceYear":"2026","recordIds":["bgd-v162-a-028-entity-01465"],"rowCount":1,"featureClass":"canal","lengthKm":2.7217},"geometry":{"type":"Point","coordinates":[90.307864,22.01811]}},{"type":"Feature","id":"a-028-095cbc6592","properties":{"elementId":"A-028","featureId":"a-028-095cbc6592","name":"canel","kind":"water","kindLabel":"내륙 수자원 지물","sourceYear":"2026","recordIds":["bgd-v162-a-028-entity-01363"],"rowCount":1,"featureClass":"canal","lengthKm":0.7338},"geometry":{"type":"Point","coordinates":[90.310208,22.018016]}},{"type":"Feature","id":"a-028-ef7e472f77","properties":{"elementId":"A-028","featureId":"a-028-ef7e472f77","name":"canel","kind":"water","kindLabel":"내륙 수자원 지물","sourceYear":"2026","recordIds":["bgd-v162-a-028-entity-01301"],"rowCount":1,"featureClass":"canal","lengthKm":0.3124},"geometry":{"type":"Point","coordinates":[90.32319,22.034799]}},{"type":"Feature","id":"a-028-1dd4623b8b","properties":{"elementId":"A-028","featureId":"a-028-1dd4623b8b","name":"canel","kind":"water","kindLabel":"내륙 수자원 지물","sourceYear":"2026","recordIds":["bgd-v162-a-028-entity-01325"],"rowCount":1,"featureClass":"canal","lengthKm":0.4527},"geometry":{"type":"Point","coordinates":[90.439485,22.002056]}},{"type":"Feature","id":"a-028-b84d11989c","properties":{"elementId":"A-028","featureId":"a-028-b84d11989c","name":"canel","kind":"water","kindLabel":"내륙 수자원 지물","sourceYear":"2026","recordIds":["bgd-v162-a-028-entity-01442"],"rowCount":1,"featureClass":"canal","lengthKm":1.9272},"geometry":{"type":"Point","coordinates":[90.442049,21.987274]}},{"type":"Feature","id":"a-028-d9c720a027","properties":{"elementId":"A-028","featureId":"a-028-d9c720a027","name":"canel","kind":"water","kindLabel":"내륙 수자원 지물","sourceYear":"2026","recordIds":["bgd-v162-a-028-entity-01412"],"rowCount":1,"featureClass":"canal","lengthKm":1.3162},"geometry":{"type":"Point","coordinates":[90.442243,22.002444]}},{"type":"Feature","id":"a-028-0f73c9ab7a","properties":{"elementId":"A-028","featureId":"a-028-0f73c9ab7a","name":"canel","kind":"water","kindLabel":"내륙 수자원 지물","sourceYear":"2026","recordIds":["bgd-v162-a-028-entity-01359"],"rowCount":1,"featureClass":"canal","lengthKm":0.6914},"geometry":{"type":"Point","coordinates":[90.442243,22.017693]}},{"type":"Feature","id":"a-028-38663c83b2","properties":{"elementId":"A-028","featureId":"a-028-38663c83b2","name":"canel","kind":"water","kindLabel":"내륙 수자원 지물","sourceYear":"2026","recordIds":["bgd-v162-a-028-entity-01455"],"rowCount":1,"featureClass":"canal","lengthKm":2.338},"geometry":{"type":"Point","coordinates":[90.444539,22.007557]}},{"type":"Feature","id":"a-028-34968a4c83","properties":{"elementId":"A-028","featureId":"a-028-34968a4c83","name":"canel","kind":"water","kindLabel":"내륙 수자원 지물","sourceYear":"2026","recordIds":["bgd-v162-a-028-entity-01373"],"rowCount":1,"featureClass":"canal","lengthKm":0.8367},"geometry":{"type":"Point","coordinates":[90.448154,21.990557]}},{"type":"Feature","id":"a-028-ba75cfd4e1","properties":{"elementId":"A-028","featureId":"a-028-ba75cfd4e1","name":"canel","kind":"water","kindLabel":"내륙 수자원 지물","sourceYear":"2026","recordIds":["bgd-v162-a-028-entity-01348"],"rowCount":1,"featureClass":"canal","lengthKm":0.5891},"geometry":{"type":"Point","coordinates":[90.450278,21.99382]}},{"type":"Feature","id":"a-028-105d9917ea","properties":{"elementId":"A-028","featureId":"a-028-105d9917ea","name":"canel","kind":"water","kindLabel":"내륙 수자원 지물","sourceYear":"2026","recordIds":["bgd-v162-a-028-entity-01397"],"rowCount":1,"featureClass":"canal","lengthKm":1.0685},"geometry":{"type":"Point","coordinates":[90.451459,21.990875]}},{"type":"Feature","id":"a-028-3855c1f77c","properties":{"elementId":"A-028","featureId":"a-028-3855c1f77c","name":"canel","kind":"water","kindLabel":"내륙 수자원 지물","sourceYear":"2026","recordIds":["bgd-v162-a-028-entity-01346"],"rowCount":1,"featureClass":"canal","lengthKm":0.5636},"geometry":{"type":"Point","coordinates":[90.4531,22.005165]}},{"type":"Feature","id":"a-028-eb86cf4b29","properties":{"elementId":"A-028","featureId":"a-028-eb86cf4b29","name":"canel","kind":"water","kindLabel":"내륙 수자원 지물","sourceYear":"2026","recordIds":["bgd-v162-a-028-entity-01456"],"rowCount":1,"featureClass":"canal","lengthKm":2.3392},"geometry":{"type":"Point","coordinates":[90.453358,22.000445]}},{"type":"Feature","id":"a-028-bd3143efc0","properties":{"elementId":"A-028","featureId":"a-028-bd3143efc0","name":"canel","kind":"water","kindLabel":"내륙 수자원 지물","sourceYear":"2026","recordIds":["bgd-v162-a-028-entity-01413"],"rowCount":1,"featureClass":"canal","lengthKm":1.3303},"geometry":{"type":"Point","coordinates":[90.453782,22.014092]}},{"type":"Feature","id":"a-028-2f8e501e67","properties":{"elementId":"A-028","featureId":"a-028-2f8e501e67","name":"canel","kind":"water","kindLabel":"내륙 수자원 지물","sourceYear":"2026","recordIds":["bgd-v162-a-028-entity-01343"],"rowCount":1,"featureClass":"canal","lengthKm":0.547},"geometry":{"type":"Point","coordinates":[90.456104,22.005851]}},{"type":"Feature","id":"a-028-cea9faf2ce","properties":{"elementId":"A-028","featureId":"a-028-cea9faf2ce","name":"canel","kind":"water","kindLabel":"내륙 수자원 지물","sourceYear":"2026","recordIds":["bgd-v162-a-028-entity-01327"],"rowCount":1,"featureClass":"canal","lengthKm":0.4642},"geometry":{"type":"Point","coordinates":[90.456201,22.004757]}},{"type":"Feature","id":"a-028-4a71de744d","properties":{"elementId":"A-028","featureId":"a-028-4a71de744d","name":"canel","kind":"water","kindLabel":"내륙 수자원 지물","sourceYear":"2026","recordIds":["bgd-v162-a-028-entity-01309"],"rowCount":1,"featureClass":"canal","lengthKm":0.3709},"geometry":{"type":"Point","coordinates":[90.460229,22.002752]}},{"type":"Feature","id":"a-028-b8359d3a11","properties":{"elementId":"A-028","featureId":"a-028-b8359d3a11","name":"canel","kind":"water","kindLabel":"내륙 수자원 지물","sourceYear":"2026","recordIds":["bgd-v162-a-028-entity-01417"],"rowCount":1,"featureClass":"canal","lengthKm":1.409},"geometry":{"type":"Point","coordinates":[90.460235,22.002892]}},{"type":"Feature","id":"a-028-e023ba81c3","properties":{"elementId":"A-028","featureId":"a-028-e023ba81c3","name":"canel","kind":"water","kindLabel":"내륙 수자원 지물","sourceYear":"2026","recordIds":["bgd-v162-a-028-entity-01332"],"rowCount":1,"featureClass":"canal","lengthKm":0.5049},"geometry":{"type":"Point","coordinates":[90.46149,22.005448]}},{"type":"Feature","id":"a-028-145ba12eee","properties":{"elementId":"A-028","featureId":"a-028-145ba12eee","name":"canel","kind":"water","kindLabel":"내륙 수자원 지물","sourceYear":"2026","recordIds":["bgd-v162-a-028-entity-01395"],"rowCount":1,"featureClass":"canal","lengthKm":1.0547},"geometry":{"type":"Point","coordinates":[90.462187,21.994635]}},{"type":"Feature","id":"a-028-0c22cb0d31","properties":{"elementId":"A-028","featureId":"a-028-0c22cb0d31","name":"canel","kind":"water","kindLabel":"내륙 수자원 지물","sourceYear":"2026","recordIds":["bgd-v162-a-028-entity-01446"],"rowCount":1,"featureClass":"canal","lengthKm":2.0882},"geometry":{"type":"Point","coordinates":[90.462799,21.992646]}},{"type":"Feature","id":"a-028-709b2c6015","properties":{"elementId":"A-028","featureId":"a-028-709b2c6015","name":"canel","kind":"water","kindLabel":"내륙 수자원 지물","sourceYear":"2026","recordIds":["bgd-v162-a-028-entity-01333"],"rowCount":1,"featureClass":"canal","lengthKm":0.5137},"geometry":{"type":"Point","coordinates":[90.463427,21.999674]}},{"type":"Feature","id":"a-028-f4a56ecd43","properties":{"elementId":"A-028","featureId":"a-028-f4a56ecd43","name":"canel","kind":"water","kindLabel":"내륙 수자원 지물","sourceYear":"2026","recordIds":["bgd-v162-a-028-entity-01313"],"rowCount":1,"featureClass":"canal","lengthKm":0.3786},"geometry":{"type":"Point","coordinates":[90.464237,22.010004]}},{"type":"Feature","id":"a-028-1efbf16800","properties":{"elementId":"A-028","featureId":"a-028-1efbf16800","name":"canel","kind":"water","kindLabel":"내륙 수자원 지물","sourceYear":"2026","recordIds":["bgd-v162-a-028-entity-01427"],"rowCount":1,"featureClass":"canal","lengthKm":1.6683},"geometry":{"type":"Point","coordinates":[90.46782,21.983896]}},{"type":"Feature","id":"a-028-a21cb293f9","properties":{"elementId":"A-028","featureId":"a-028-a21cb293f9","name":"canel","kind":"water","kindLabel":"내륙 수자원 지물","sourceYear":"2026","recordIds":["bgd-v162-a-028-entity-01385"],"rowCount":1,"featureClass":"canal","lengthKm":0.954},"geometry":{"type":"Point","coordinates":[90.468378,22.015131]}},{"type":"Feature","id":"a-028-ba0779db03","properties":{"elementId":"A-028","featureId":"a-028-ba0779db03","name":"canel","kind":"water","kindLabel":"내륙 수자원 지물","sourceYear":"2026","recordIds":["bgd-v162-a-028-entity-01362"],"rowCount":1,"featureClass":"canal","lengthKm":0.7189},"geometry":{"type":"Point","coordinates":[90.470331,21.983841]}},{"type":"Feature","id":"a-028-48ab9331c4","properties":{"elementId":"A-028","featureId":"a-028-48ab9331c4","name":"canel","kind":"water","kindLabel":"내륙 수자원 지물","sourceYear":"2026","recordIds":["bgd-v162-a-028-entity-01277"],"rowCount":1,"featureClass":"canal","lengthKm":0.1754},"geometry":{"type":"Point","coordinates":[90.514689,21.909619]}},{"type":"Feature","id":"a-028-2dd73ee5a4","properties":{"elementId":"A-028","featureId":"a-028-2dd73ee5a4","name":"canel","kind":"water","kindLabel":"내륙 수자원 지물","sourceYear":"2026","recordIds":["bgd-v162-a-028-entity-01331"],"rowCount":1,"featureClass":"canal","lengthKm":0.5018},"geometry":{"type":"Point","coordinates":[90.515563,21.914243]}},{"type":"Feature","id":"a-028-76e25bd6ca","properties":{"elementId":"A-028","featureId":"a-028-76e25bd6ca","name":"canel","kind":"water","kindLabel":"내륙 수자원 지물","sourceYear":"2026","recordIds":["bgd-v162-a-028-entity-01248"],"rowCount":1,"featureClass":"canal","lengthKm":0.0641},"geometry":{"type":"Point","coordinates":[90.515628,21.902298]}},{"type":"Feature","id":"a-028-f95ed7439d","properties":{"elementId":"A-028","featureId":"a-028-f95ed7439d","name":"canel","kind":"water","kindLabel":"내륙 수자원 지물","sourceYear":"2026","recordIds":["bgd-v162-a-028-entity-01337"],"rowCount":1,"featureClass":"canal","lengthKm":0.5254},"geometry":{"type":"Point","coordinates":[90.516529,21.903672]}},{"type":"Feature","id":"a-028-7eb82a2797","properties":{"elementId":"A-028","featureId":"a-028-7eb82a2797","name":"canel","kind":"water","kindLabel":"내륙 수자원 지물","sourceYear":"2026","recordIds":["bgd-v162-a-028-entity-01311"],"rowCount":1,"featureClass":"canal","lengthKm":0.3739},"geometry":{"type":"Point","coordinates":[90.520542,21.917816]}},{"type":"Feature","id":"a-028-23388f30bd","properties":{"elementId":"A-028","featureId":"a-028-23388f30bd","name":"canel","kind":"water","kindLabel":"내륙 수자원 지물","sourceYear":"2026","recordIds":["bgd-v162-a-028-entity-01287"],"rowCount":1,"featureClass":"canal","lengthKm":0.2401},"geometry":{"type":"Point","coordinates":[90.525622,21.904199]}},{"type":"Feature","id":"a-028-d0f1f2300d","properties":{"elementId":"A-028","featureId":"a-028-d0f1f2300d","name":"canel","kind":"water","kindLabel":"내륙 수자원 지물","sourceYear":"2026","recordIds":["bgd-v162-a-028-entity-01335"],"rowCount":1,"featureClass":"canal","lengthKm":0.5245},"geometry":{"type":"Point","coordinates":[90.527279,21.903134]}},{"type":"Feature","id":"a-028-b658073879","properties":{"elementId":"A-028","featureId":"a-028-b658073879","name":"canel","kind":"water","kindLabel":"내륙 수자원 지물","sourceYear":"2026","recordIds":["bgd-v162-a-028-entity-01451"],"rowCount":1,"featureClass":"canal","lengthKm":2.138},"geometry":{"type":"Point","coordinates":[90.527419,22.005538]}},{"type":"Feature","id":"a-028-28cf6d5cd8","properties":{"elementId":"A-028","featureId":"a-028-28cf6d5cd8","name":"canel","kind":"water","kindLabel":"내륙 수자원 지물","sourceYear":"2026","recordIds":["bgd-v162-a-028-entity-01441"],"rowCount":1,"featureClass":"canal","lengthKm":1.9047},"geometry":{"type":"Point","coordinates":[90.533245,22.002305]}},{"type":"Feature","id":"a-028-4f6122fabb","properties":{"elementId":"A-028","featureId":"a-028-4f6122fabb","name":"canel","kind":"water","kindLabel":"내륙 수자원 지물","sourceYear":"2026","recordIds":["bgd-v162-a-028-entity-01353"],"rowCount":1,"featureClass":"canal","lengthKm":0.6329},"geometry":{"type":"Point","coordinates":[90.544059,22.013545]}},{"type":"Feature","id":"a-028-c580d41fec","properties":{"elementId":"A-028","featureId":"a-028-c580d41fec","name":"cannel","kind":"water","kindLabel":"내륙 수자원 지물","sourceYear":"2026","recordIds":["bgd-v162-a-028-entity-00692"],"rowCount":1,"featureClass":"river","lengthKm":5.4206},"geometry":{"type":"Point","coordinates":[89.604196,22.913114]}},{"type":"Feature","id":"a-028-ff7eb38c43","properties":{"elementId":"A-028","featureId":"a-028-ff7eb38c43","name":"coconut","kind":"natural","kindLabel":"기타 자연지형지물","sourceYear":"2026","recordIds":["bgd-v162-a-028-entity-00079"],"rowCount":1,"featureClass":"tree"},"geometry":{"type":"Point","coordinates":[90.37353,23.717182]}},{"type":"Feature","id":"a-028-650836b5e3","properties":{"elementId":"A-028","featureId":"a-028-650836b5e3","name":"conection","kind":"water","kindLabel":"내륙 수자원 지물","sourceYear":"2026","recordIds":["bgd-v162-a-028-entity-01550"],"rowCount":1,"featureClass":"river","lengthKm":2.7653},"geometry":{"type":"Point","coordinates":[90.543106,22.402087]}},{"type":"Feature","id":"a-028-159ee2ffe7","properties":{"elementId":"A-028","featureId":"a-028-159ee2ffe7","name":"dakpara khal","kind":"water","kindLabel":"내륙 수자원 지물","sourceYear":"2026","recordIds":["bgd-v162-a-028-entity-01585"],"rowCount":1,"featureClass":"canal","lengthKm":0.3581},"geometry":{"type":"Point","coordinates":[89.962956,24.917002]}},{"type":"Feature","id":"a-028-3c9c31f1d9","properties":{"elementId":"A-028","featureId":"a-028-3c9c31f1d9","name":"drain under road","kind":"water","kindLabel":"내륙 수자원 지물","sourceYear":"2026","recordIds":["bgd-v162-a-028-entity-01067"],"rowCount":1,"featureClass":"drain","lengthKm":0.0081},"geometry":{"type":"Point","coordinates":[90.404032,23.775632]}},{"type":"Feature","id":"a-028-7703d9da02","properties":{"elementId":"A-028","featureId":"a-028-7703d9da02","name":"drain under road","kind":"water","kindLabel":"내륙 수자원 지물","sourceYear":"2026","recordIds":["bgd-v162-a-028-entity-01069"],"rowCount":1,"featureClass":"drain","lengthKm":0.0129},"geometry":{"type":"Point","coordinates":[90.404113,23.775614]}},{"type":"Feature","id":"a-028-3cf9784858","properties":{"elementId":"A-028","featureId":"a-028-3cf9784858","name":"drainage plus road","kind":"water","kindLabel":"내륙 수자원 지물","sourceYear":"2026","recordIds":["bgd-v162-a-028-entity-01516"],"rowCount":1,"featureClass":"drain","lengthKm":0.4263},"geometry":{"type":"Point","coordinates":[90.099912,21.970166]}},{"type":"Feature","id":"a-028-75b121a65a","properties":{"elementId":"A-028","featureId":"a-028-75b121a65a","name":"galachipa river","kind":"water","kindLabel":"내륙 수자원 지물","sourceYear":"2026","recordIds":["bgd-v162-a-028-entity-01539"],"rowCount":1,"featureClass":"river","lengthKm":10.4256},"geometry":{"type":"Point","coordinates":[90.429078,22.352229]}},{"type":"Feature","id":"a-028-94add5a680","properties":{"elementId":"A-028","featureId":"a-028-94add5a680","name":"goila khali canal","kind":"water","kindLabel":"내륙 수자원 지물","sourceYear":"2026","recordIds":["bgd-v162-a-028-entity-01433"],"rowCount":1,"featureClass":"canal","lengthKm":1.7999},"geometry":{"type":"Point","coordinates":[90.595311,22.764864]}},{"type":"Feature","id":"a-028-d717a11376","properties":{"elementId":"A-028","featureId":"a-028-d717a11376","name":"gorai cancal","kind":"water","kindLabel":"내륙 수자원 지물","sourceYear":"2026","recordIds":["bgd-v162-a-028-entity-00238"],"rowCount":1,"featureClass":"canal","lengthKm":15.4286},"geometry":{"type":"Point","coordinates":[89.163623,23.865414]}},{"type":"Feature","id":"a-028-f1860c02b2","properties":{"elementId":"A-028","featureId":"a-028-f1860c02b2","name":"gulgulla bazar ar pesone canal","kind":"water","kindLabel":"내륙 수자원 지물","sourceYear":"2026","recordIds":["bgd-v162-a-028-entity-01329"],"rowCount":1,"featureClass":"canal","lengthKm":0.4903},"geometry":{"type":"Point","coordinates":[90.575522,22.781414]}},{"type":"Feature","id":"a-028-42f4c1e2c8","properties":{"elementId":"A-028","featureId":"a-028-42f4c1e2c8","name":"halta river","kind":"water","kindLabel":"내륙 수자원 지물","sourceYear":"2026","recordIds":["bgd-v162-a-028-entity-01557"],"rowCount":1,"featureClass":"river","lengthKm":3.9244},"geometry":{"type":"Point","coordinates":[89.983821,22.200736]}},{"type":"Feature","id":"a-028-aed0d48d0e","properties":{"elementId":"A-028","featureId":"a-028-aed0d48d0e","name":"helipad sonlogno pukur","kind":"water","kindLabel":"내륙 수자원 지물","sourceYear":"2026","recordIds":["bgd-v162-a-028-entity-01036"],"rowCount":1,"featureClass":"canal","lengthKm":0.3667},"geometry":{"type":"Point","coordinates":[89.816247,22.998395]}},{"type":"Feature","id":"a-028-57e3d7afed","properties":{"elementId":"A-028","featureId":"a-028-57e3d7afed","name":"jAMMADARHAT KHAL","kind":"water","kindLabel":"내륙 수자원 지물","sourceYear":"2026","recordIds":["bgd-v162-a-028-entity-01386"],"rowCount":1,"featureClass":"canal","lengthKm":0.9994},"geometry":{"type":"Point","coordinates":[90.070881,22.579892]}},{"type":"Feature","id":"a-028-a0a358bb18","properties":{"elementId":"A-028","featureId":"a-028-a0a358bb18","name":"kacamatiya river","kind":"water","kindLabel":"내륙 수자원 지물","sourceYear":"2026","recordIds":["bgd-v162-a-028-entity-01609"],"rowCount":1,"featureClass":"river","lengthKm":1.1824},"geometry":{"type":"Point","coordinates":[90.519136,24.644189]}},{"type":"Feature","id":"a-028-71e628d505","properties":{"elementId":"A-028","featureId":"a-028-71e628d505","name":"kacamatiya river","kind":"water","kindLabel":"내륙 수자원 지물","sourceYear":"2026","recordIds":["bgd-v162-a-028-entity-01600"],"rowCount":1,"featureClass":"river","lengthKm":0.0608},"geometry":{"type":"Point","coordinates":[90.52743,24.64044]}},{"type":"Feature","id":"a-028-9d97ef1f75","properties":{"elementId":"A-028","featureId":"a-028-9d97ef1f75","name":"kacamatiya river","kind":"water","kindLabel":"내륙 수자원 지물","sourceYear":"2026","recordIds":["bgd-v162-a-028-entity-01615"],"rowCount":1,"featureClass":"river","lengthKm":10.0901},"geometry":{"type":"Point","coordinates":[90.527816,24.640859]}},{"type":"Feature","id":"a-028-8204618850","properties":{"elementId":"A-028","featureId":"a-028-8204618850","name":"kachari mather mango tree","kind":"natural","kindLabel":"기타 자연지형지물","sourceYear":"2026","recordIds":["bgd-v162-a-028-entity-00123"],"rowCount":1,"featureClass":"tree"},"geometry":{"type":"Point","coordinates":[89.853372,25.654999]}},{"type":"Feature","id":"a-028-90f9e04cb3","properties":{"elementId":"A-028","featureId":"a-028-90f9e04cb3","name":"kalabagi Abda","kind":"water","kindLabel":"내륙 수자원 지물","sourceYear":"2026","recordIds":["bgd-v162-a-028-entity-00164"],"rowCount":1,"featureClass":"canal","lengthKm":0.1542},"geometry":{"type":"Point","coordinates":[89.441114,22.427417]}},{"type":"Feature","id":"a-028-3cdd739549","properties":{"elementId":"A-028","featureId":"a-028-3cdd739549","name":"katakhali canal","kind":"water","kindLabel":"내륙 수자원 지물","sourceYear":"2026","recordIds":["bgd-v162-a-028-entity-00144"],"rowCount":1,"featureClass":"canal","lengthKm":0.0077},"geometry":{"type":"Point","coordinates":[89.48204,22.607876]}},{"type":"Feature","id":"a-028-29940b9321","properties":{"elementId":"A-028","featureId":"a-028-29940b9321","name":"katakhali canal","kind":"water","kindLabel":"내륙 수자원 지물","sourceYear":"2026","recordIds":["bgd-v162-a-028-entity-00227"],"rowCount":1,"featureClass":"canal","lengthKm":1.3737},"geometry":{"type":"Point","coordinates":[89.487183,22.618513]}},{"type":"Feature","id":"a-028-581739ef0b","properties":{"elementId":"A-028","featureId":"a-028-581739ef0b","name":"khal","kind":"water","kindLabel":"내륙 수자원 지물","sourceYear":"2026","recordIds":["bgd-v162-a-028-entity-00777"],"rowCount":1,"featureClass":"canal","lengthKm":0.365},"geometry":{"type":"Point","coordinates":[91.864917,22.316966]}},{"type":"Feature","id":"a-028-9eb7545100","properties":{"elementId":"A-028","featureId":"a-028-9eb7545100","name":"khona baroi khali canal","kind":"water","kindLabel":"내륙 수자원 지물","sourceYear":"2026","recordIds":["bgd-v162-a-028-entity-00211"],"rowCount":1,"featureClass":"canal","lengthKm":0.9372},"geometry":{"type":"Point","coordinates":[89.4845,22.593896]}},{"type":"Feature","id":"a-028-629b825939","properties":{"elementId":"A-028","featureId":"a-028-629b825939","name":"khona vodra river","kind":"water","kindLabel":"내륙 수자원 지물","sourceYear":"2026","recordIds":["bgd-v162-a-028-entity-00246"],"rowCount":1,"featureClass":"canal","lengthKm":2.4344},"geometry":{"type":"Point","coordinates":[89.474486,22.572465]}},{"type":"Feature","id":"a-028-afaba4aff3","properties":{"elementId":"A-028","featureId":"a-028-afaba4aff3","name":"kumira canal","kind":"water","kindLabel":"내륙 수자원 지물","sourceYear":"2026","recordIds":["bgd-v162-a-028-entity-00833"],"rowCount":1,"featureClass":"canal","lengthKm":3.8053},"geometry":{"type":"Point","coordinates":[91.721636,22.512797]}},{"type":"Feature","id":"a-028-61a4b878e2","properties":{"elementId":"A-028","featureId":"a-028-61a4b878e2","name":"mango tree","kind":"natural","kindLabel":"기타 자연지형지물","sourceYear":"2026","recordIds":["bgd-v162-a-028-entity-00103"],"rowCount":1,"featureClass":"tree"},"geometry":{"type":"Point","coordinates":[90.404481,23.752936]}},{"type":"Feature","id":"a-028-e74a492255","properties":{"elementId":"A-028","featureId":"a-028-e74a492255","name":"mango tree","kind":"natural","kindLabel":"기타 자연지형지물","sourceYear":"2026","recordIds":["bgd-v162-a-028-entity-00104"],"rowCount":1,"featureClass":"tree"},"geometry":{"type":"Point","coordinates":[90.413934,23.755136]}},{"type":"Feature","id":"a-028-7755244ce6","properties":{"elementId":"A-028","featureId":"a-028-7755244ce6","name":"medua pond ar pase sech ar jonno nala","kind":"water","kindLabel":"내륙 수자원 지물","sourceYear":"2026","recordIds":["bgd-v162-a-028-entity-01226"],"rowCount":1,"featureClass":"canal","lengthKm":0.0095},"geometry":{"type":"Point","coordinates":[90.591156,22.766655]}},{"type":"Feature","id":"a-028-a2b978addf","properties":{"elementId":"A-028","featureId":"a-028-a2b978addf","name":"mollarhat bajar","kind":"natural","kindLabel":"기타 자연지형지물","sourceYear":"2026","recordIds":["bgd-v162-a-028-entity-00119"],"rowCount":1,"featureClass":"peak"},"geometry":{"type":"Point","coordinates":[90.105437,22.578447]}},{"type":"Feature","id":"a-028-4d189103bf","properties":{"elementId":"A-028","featureId":"a-028-4d189103bf","name":"old khuwai","kind":"water","kindLabel":"내륙 수자원 지물","sourceYear":"2026","recordIds":["bgd-v162-a-028-entity-01939"],"rowCount":1,"featureClass":"river","lengthKm":1.99},"geometry":{"type":"Point","coordinates":[91.529493,24.199051]}},{"type":"Feature","id":"a-028-c612110dc8","properties":{"elementId":"A-028","featureId":"a-028-c612110dc8","name":"palm-tree","kind":"natural","kindLabel":"기타 자연지형지물","sourceYear":"2026","recordIds":["bgd-v162-a-028-entity-00126"],"rowCount":1,"featureClass":"tree"},"geometry":{"type":"Point","coordinates":[89.265388,24.463444]}},{"type":"Feature","id":"a-028-fcfa47d8b4","properties":{"elementId":"A-028","featureId":"a-028-fcfa47d8b4","name":"pond","kind":"water","kindLabel":"내륙 수자원 지물","sourceYear":"2026","recordIds":["bgd-v162-a-028-entity-00853"],"rowCount":1,"featureClass":"river","lengthKm":0.2117},"geometry":{"type":"Point","coordinates":[91.271433,23.033172]}},{"type":"Feature","id":"a-028-ac671b9cd8","properties":{"elementId":"A-028","featureId":"a-028-ac671b9cd8","name":"puratan Barmaputar Nodi","kind":"water","kindLabel":"내륙 수자원 지물","sourceYear":"2026","recordIds":["bgd-v162-a-028-entity-01154"],"rowCount":1,"featureClass":"river","lengthKm":2.0057},"geometry":{"type":"Point","coordinates":[90.637717,24.445936]}},{"type":"Feature","id":"a-028-baaae32a7d","properties":{"elementId":"A-028","featureId":"a-028-baaae32a7d","name":"puratan Barmaputar Nodi","kind":"water","kindLabel":"내륙 수자원 지물","sourceYear":"2026","recordIds":["bgd-v162-a-028-entity-01098"],"rowCount":1,"featureClass":"river","lengthKm":0.0202},"geometry":{"type":"Point","coordinates":[90.637804,24.445773]}},{"type":"Feature","id":"a-028-221db470dc","properties":{"elementId":"A-028","featureId":"a-028-221db470dc","name":"puratan Barmaputar Nodi","kind":"water","kindLabel":"내륙 수자원 지물","sourceYear":"2026","recordIds":["bgd-v162-a-028-entity-01111"],"rowCount":1,"featureClass":"river","lengthKm":0.3295},"geometry":{"type":"Point","coordinates":[90.639627,24.443353]}},{"type":"Feature","id":"a-028-9efcb2f2a5","properties":{"elementId":"A-028","featureId":"a-028-9efcb2f2a5","name":"puratan Barmaputar Nodi","kind":"water","kindLabel":"내륙 수자원 지물","sourceYear":"2026","recordIds":["bgd-v162-a-028-entity-01084"],"rowCount":1,"featureClass":"river","lengthKm":0.0039},"geometry":{"type":"Point","coordinates":[90.639647,24.443324]}},{"type":"Feature","id":"a-028-93b68a5c35","properties":{"elementId":"A-028","featureId":"a-028-93b68a5c35","name":"putro nod","kind":"water","kindLabel":"내륙 수자원 지물","sourceYear":"2026","recordIds":["bgd-v162-a-028-entity-02011"],"rowCount":1,"featureClass":"river","lengthKm":1.7942},"geometry":{"type":"Point","coordinates":[89.890496,25.930839]}},{"type":"Feature","id":"a-028-6e721fa6e7","properties":{"elementId":"A-028","featureId":"a-028-6e721fa6e7","name":"river-01","kind":"water","kindLabel":"내륙 수자원 지물","sourceYear":"2026","recordIds":["bgd-v162-a-028-entity-01533"],"rowCount":1,"featureClass":"river","lengthKm":1.1387},"geometry":{"type":"Point","coordinates":[90.194621,21.970693]}},{"type":"Feature","id":"a-028-3a902d1e2f","properties":{"elementId":"A-028","featureId":"a-028-3a902d1e2f","name":"riviere","kind":"water","kindLabel":"내륙 수자원 지물","sourceYear":"2026","recordIds":["bgd-v162-a-028-entity-01920"],"rowCount":1,"featureClass":"river","lengthKm":0.057},"geometry":{"type":"Point","coordinates":[92.099515,24.762527]}},{"type":"Feature","id":"a-028-6df3ffe1a5","properties":{"elementId":"A-028","featureId":"a-028-6df3ffe1a5","name":"riviere","kind":"water","kindLabel":"내륙 수자원 지물","sourceYear":"2026","recordIds":["bgd-v162-a-028-entity-01929"],"rowCount":1,"featureClass":"river","lengthKm":0.3608},"geometry":{"type":"Point","coordinates":[92.100223,24.766931]}},{"type":"Feature","id":"a-028-7629f89036","properties":{"elementId":"A-028","featureId":"a-028-7629f89036","name":"riviere","kind":"water","kindLabel":"내륙 수자원 지물","sourceYear":"2026","recordIds":["bgd-v162-a-028-entity-01952"],"rowCount":1,"featureClass":"river","lengthKm":2.2599},"geometry":{"type":"Point","coordinates":[92.109866,24.773066]}},{"type":"Feature","id":"a-028-aeecd50103","properties":{"elementId":"A-028","featureId":"a-028-aeecd50103","name":"riviere","kind":"water","kindLabel":"내륙 수자원 지물","sourceYear":"2026","recordIds":["bgd-v162-a-028-entity-01934"],"rowCount":1,"featureClass":"river","lengthKm":0.4916},"geometry":{"type":"Point","coordinates":[92.137345,25.026079]}},{"type":"Feature","id":"a-028-165811f74d","properties":{"elementId":"A-028","featureId":"a-028-165811f74d","name":"riviere","kind":"water","kindLabel":"내륙 수자원 지물","sourceYear":"2026","recordIds":["bgd-v162-a-028-entity-01930"],"rowCount":1,"featureClass":"river","lengthKm":0.3795},"geometry":{"type":"Point","coordinates":[92.141604,25.026088]}},{"type":"Feature","id":"a-028-df53f19dd8","properties":{"elementId":"A-028","featureId":"a-028-df53f19dd8","name":"riviere","kind":"water","kindLabel":"내륙 수자원 지물","sourceYear":"2026","recordIds":["bgd-v162-a-028-entity-01935"],"rowCount":1,"featureClass":"river","lengthKm":0.5992},"geometry":{"type":"Point","coordinates":[92.145692,25.027333]}},{"type":"Feature","id":"a-028-db85288e60","properties":{"elementId":"A-028","featureId":"a-028-db85288e60","name":"riviere","kind":"water","kindLabel":"내륙 수자원 지물","sourceYear":"2026","recordIds":["bgd-v162-a-028-entity-01921"],"rowCount":1,"featureClass":"river","lengthKm":0.0962},"geometry":{"type":"Point","coordinates":[92.145703,25.031834]}},{"type":"Feature","id":"a-028-f0a46cfc13","properties":{"elementId":"A-028","featureId":"a-028-f0a46cfc13","name":"riviere","kind":"water","kindLabel":"내륙 수자원 지물","sourceYear":"2026","recordIds":["bgd-v162-a-028-entity-01927"],"rowCount":1,"featureClass":"river","lengthKm":0.3031},"geometry":{"type":"Point","coordinates":[92.146025,25.036072]}},{"type":"Feature","id":"a-028-e999ba97c2","properties":{"elementId":"A-028","featureId":"a-028-e999ba97c2","name":"riviere","kind":"water","kindLabel":"내륙 수자원 지물","sourceYear":"2026","recordIds":["bgd-v162-a-028-entity-01931"],"rowCount":1,"featureClass":"river","lengthKm":0.4316},"geometry":{"type":"Point","coordinates":[92.14743,25.025554]}},{"type":"Feature","id":"a-028-01b1494726","properties":{"elementId":"A-028","featureId":"a-028-01b1494726","name":"riviere","kind":"water","kindLabel":"내륙 수자원 지물","sourceYear":"2026","recordIds":["bgd-v162-a-028-entity-01938"],"rowCount":1,"featureClass":"river","lengthKm":1.4438},"geometry":{"type":"Point","coordinates":[92.148385,25.03613]}},{"type":"Feature","id":"a-028-1783a06c73","properties":{"elementId":"A-028","featureId":"a-028-1783a06c73","name":"riviere","kind":"water","kindLabel":"내륙 수자원 지물","sourceYear":"2026","recordIds":["bgd-v162-a-028-entity-01933"],"rowCount":1,"featureClass":"river","lengthKm":0.4603},"geometry":{"type":"Point","coordinates":[92.153406,25.030822]}},{"type":"Feature","id":"a-028-809865f7ae","properties":{"elementId":"A-028","featureId":"a-028-809865f7ae","name":"saldo river","kind":"water","kindLabel":"내륙 수자원 지물","sourceYear":"2026","recordIds":["bgd-v162-a-028-entity-01150"],"rowCount":1,"featureClass":"river","lengthKm":14.9438},"geometry":{"type":"Point","coordinates":[90.323913,24.20689]}},{"type":"Feature","id":"a-028-77d1681a21","properties":{"elementId":"A-028","featureId":"a-028-77d1681a21","name":"saldo river","kind":"water","kindLabel":"내륙 수자원 지물","sourceYear":"2026","recordIds":["bgd-v162-a-028-entity-01172"],"rowCount":1,"featureClass":"river","lengthKm":3.4975},"geometry":{"type":"Point","coordinates":[90.346753,24.128141]}},{"type":"Feature","id":"a-028-6b12b39f3d","properties":{"elementId":"A-028","featureId":"a-028-6b12b39f3d","name":"saldo river","kind":"water","kindLabel":"내륙 수자원 지물","sourceYear":"2026","recordIds":["bgd-v162-a-028-entity-01092"],"rowCount":1,"featureClass":"river","lengthKm":0.0122},"geometry":{"type":"Point","coordinates":[90.346802,24.128242]}},{"type":"Feature","id":"a-028-fb34fea5fc","properties":{"elementId":"A-028","featureId":"a-028-fb34fea5fc","name":"sataliya canal","kind":"water","kindLabel":"내륙 수자원 지물","sourceYear":"2026","recordIds":["bgd-v162-a-028-entity-00729"],"rowCount":1,"featureClass":"stream","lengthKm":0.3974},"geometry":{"type":"Point","coordinates":[89.329839,22.427587]}},{"type":"Feature","id":"a-028-97ae729d11","properties":{"elementId":"A-028","featureId":"a-028-97ae729d11","name":"sataliya canal","kind":"water","kindLabel":"내륙 수자원 지물","sourceYear":"2026","recordIds":["bgd-v162-a-028-entity-00725"],"rowCount":1,"featureClass":"stream","lengthKm":0.0237},"geometry":{"type":"Point","coordinates":[89.329845,22.4278]}},{"type":"Feature","id":"a-028-ac99fce52c","properties":{"elementId":"A-028","featureId":"a-028-ac99fce52c","name":"sataliya canal","kind":"water","kindLabel":"내륙 수자원 지물","sourceYear":"2026","recordIds":["bgd-v162-a-028-entity-00731"],"rowCount":1,"featureClass":"stream","lengthKm":0.4677},"geometry":{"type":"Point","coordinates":[89.330692,22.43193]}},{"type":"Feature","id":"a-028-118b1db8ae","properties":{"elementId":"A-028","featureId":"a-028-118b1db8ae","name":"shiv nalini","kind":"water","kindLabel":"내륙 수자원 지물","sourceYear":"2026","recordIds":["bgd-v162-a-028-entity-01208"],"rowCount":1,"featureClass":"river","lengthKm":71.9061},"geometry":{"type":"Point","coordinates":[90.387129,23.374436]}},{"type":"Feature","id":"a-028-cdb564950a","properties":{"elementId":"A-028","featureId":"a-028-cdb564950a","name":"surjamukhi canal","kind":"water","kindLabel":"내륙 수자원 지물","sourceYear":"2026","recordIds":["bgd-v162-a-028-entity-01411"],"rowCount":1,"featureClass":"canal","lengthKm":1.2964},"geometry":{"type":"Point","coordinates":[90.94648,22.147595]}},{"type":"Feature","id":"a-028-fec90aeaa3","properties":{"elementId":"A-028","featureId":"a-028-fec90aeaa3","name":"surjamukhi canal","kind":"water","kindLabel":"내륙 수자원 지물","sourceYear":"2026","recordIds":["bgd-v162-a-028-entity-01431"],"rowCount":1,"featureClass":"canal","lengthKm":1.7815},"geometry":{"type":"Point","coordinates":[90.958044,22.150005]}},{"type":"Feature","id":"a-028-46a70ebe9a","properties":{"elementId":"A-028","featureId":"a-028-46a70ebe9a","name":"under road","kind":"water","kindLabel":"내륙 수자원 지물","sourceYear":"2026","recordIds":["bgd-v162-a-028-entity-01080"],"rowCount":1,"featureClass":"drain","lengthKm":0.0604},"geometry":{"type":"Point","coordinates":[90.40426,23.775686]}},{"type":"Feature","id":"a-028-a5e971158d","properties":{"elementId":"A-028","featureId":"a-028-a5e971158d","name":"vip rd","kind":"natural","kindLabel":"기타 자연지형지물","sourceYear":"2026","recordIds":["bgd-v162-a-028-entity-00070"],"rowCount":1,"featureClass":"tree"},"geometry":{"type":"Point","coordinates":[91.813983,22.237477]}},{"type":"Feature","id":"a-028-697ac995ab","properties":{"elementId":"A-028","featureId":"a-028-697ac995ab","name":"wasa khal","kind":"water","kindLabel":"내륙 수자원 지물","sourceYear":"2026","recordIds":["bgd-v162-a-028-entity-01012"],"rowCount":1,"featureClass":"canal","lengthKm":0.0093},"geometry":{"type":"Point","coordinates":[90.480001,23.723247]}},{"type":"Feature","id":"a-028-8990f28bb1","properties":{"elementId":"A-028","featureId":"a-028-8990f28bb1","name":"wasa khal","kind":"water","kindLabel":"내륙 수자원 지물","sourceYear":"2026","recordIds":["bgd-v162-a-028-entity-01007"],"rowCount":1,"featureClass":"canal","lengthKm":0.007},"geometry":{"type":"Point","coordinates":[90.480044,23.723172]}},{"type":"Feature","id":"a-028-efe53497ff","properties":{"elementId":"A-028","featureId":"a-028-efe53497ff","name":"wasa khal","kind":"water","kindLabel":"내륙 수자원 지물","sourceYear":"2026","recordIds":["bgd-v162-a-028-entity-01006"],"rowCount":1,"featureClass":"canal","lengthKm":0.006},"geometry":{"type":"Point","coordinates":[90.480057,23.723261]}},{"type":"Feature","id":"a-028-403e0a0554","properties":{"elementId":"A-028","featureId":"a-028-403e0a0554","name":"wasa khal","kind":"water","kindLabel":"내륙 수자원 지물","sourceYear":"2026","recordIds":["bgd-v162-a-028-entity-01008"],"rowCount":1,"featureClass":"canal","lengthKm":0.007},"geometry":{"type":"Point","coordinates":[90.480124,23.723278]}},{"type":"Feature","id":"a-028-963a4a53df","properties":{"elementId":"A-028","featureId":"a-028-963a4a53df","name":"wasa khal","kind":"water","kindLabel":"내륙 수자원 지물","sourceYear":"2026","recordIds":["bgd-v162-a-028-entity-01009"],"rowCount":1,"featureClass":"canal","lengthKm":0.0071},"geometry":{"type":"Point","coordinates":[90.48213,23.723896]}},{"type":"Feature","id":"a-028-1d31590cb1","properties":{"elementId":"A-028","featureId":"a-028-1d31590cb1","name":"wasa khal","kind":"water","kindLabel":"내륙 수자원 지물","sourceYear":"2026","recordIds":["bgd-v162-a-028-entity-01032"],"rowCount":1,"featureClass":"canal","lengthKm":0.245},"geometry":{"type":"Point","coordinates":[90.484417,23.724584]}},{"type":"Feature","id":"a-028-a39246ffa3","properties":{"elementId":"A-028","featureId":"a-028-a39246ffa3","name":"waterway","kind":"water","kindLabel":"내륙 수자원 지물","sourceYear":"2026","recordIds":["bgd-v162-a-028-entity-01999"],"rowCount":1,"featureClass":"stream","lengthKm":2.339},"geometry":{"type":"Point","coordinates":[91.069712,24.983156]}},{"type":"Feature","id":"a-028-73017b863d","properties":{"elementId":"A-028","featureId":"a-028-73017b863d","name":"waterway","kind":"water","kindLabel":"내륙 수자원 지물","sourceYear":"2026","recordIds":["bgd-v162-a-028-entity-01995"],"rowCount":1,"featureClass":"stream","lengthKm":1.5111},"geometry":{"type":"Point","coordinates":[91.076684,24.986819]}},{"type":"Feature","id":"a-028-0fb065dc61","properties":{"elementId":"A-028","featureId":"a-028-0fb065dc61","name":"waterway","kind":"water","kindLabel":"내륙 수자원 지물","sourceYear":"2026","recordIds":["bgd-v162-a-028-entity-01993"],"rowCount":1,"featureClass":"stream","lengthKm":1.3585},"geometry":{"type":"Point","coordinates":[91.143072,24.887789]}},{"type":"Feature","id":"a-028-a08a7b9c61","properties":{"elementId":"A-028","featureId":"a-028-a08a7b9c61","name":"waterway","kind":"water","kindLabel":"내륙 수자원 지물","sourceYear":"2026","recordIds":["bgd-v162-a-028-entity-02000"],"rowCount":1,"featureClass":"stream","lengthKm":2.6896},"geometry":{"type":"Point","coordinates":[91.143072,24.898495]}},{"type":"Feature","id":"a-028-940c2853f3","properties":{"elementId":"A-028","featureId":"a-028-940c2853f3","name":"waterway","kind":"water","kindLabel":"내륙 수자원 지물","sourceYear":"2026","recordIds":["bgd-v162-a-028-entity-01994"],"rowCount":1,"featureClass":"stream","lengthKm":1.4267},"geometry":{"type":"Point","coordinates":[91.222567,25.145207]}},{"type":"Feature","id":"a-028-d93acf9ad8","properties":{"elementId":"A-028","featureId":"a-028-d93acf9ad8","name":"waterway","kind":"water","kindLabel":"내륙 수자원 지물","sourceYear":"2026","recordIds":["bgd-v162-a-028-entity-01990"],"rowCount":1,"featureClass":"stream","lengthKm":0.9485},"geometry":{"type":"Point","coordinates":[91.265726,25.065697]}},{"type":"Feature","id":"a-028-41edd6e03a","properties":{"elementId":"A-028","featureId":"a-028-41edd6e03a","name":"waterway","kind":"water","kindLabel":"내륙 수자원 지물","sourceYear":"2026","recordIds":["bgd-v162-a-028-entity-01998"],"rowCount":1,"featureClass":"stream","lengthKm":1.8645},"geometry":{"type":"Point","coordinates":[91.268856,25.085827]}},{"type":"Feature","id":"a-028-1245500905","properties":{"elementId":"A-028","featureId":"a-028-1245500905","name":"waterway","kind":"water","kindLabel":"내륙 수자원 지물","sourceYear":"2026","recordIds":["bgd-v162-a-028-entity-01988"],"rowCount":1,"featureClass":"stream","lengthKm":0.2681},"geometry":{"type":"Point","coordinates":[91.269168,25.084958]}},{"type":"Feature","id":"a-028-628d2f9c1d","properties":{"elementId":"A-028","featureId":"a-028-628d2f9c1d","name":"waterway","kind":"water","kindLabel":"내륙 수자원 지물","sourceYear":"2026","recordIds":["bgd-v162-a-028-entity-01996"],"rowCount":1,"featureClass":"stream","lengthKm":1.6552},"geometry":{"type":"Point","coordinates":[91.356366,24.747055]}},{"type":"Feature","id":"a-028-854a03c5c8","properties":{"elementId":"A-028","featureId":"a-028-854a03c5c8","name":"waterway","kind":"water","kindLabel":"내륙 수자원 지물","sourceYear":"2026","recordIds":["bgd-v162-a-028-entity-01991"],"rowCount":1,"featureClass":"stream","lengthKm":1.096},"geometry":{"type":"Point","coordinates":[91.364515,24.74832]}},{"type":"Feature","id":"a-028-f4210e40fb","properties":{"elementId":"A-028","featureId":"a-028-f4210e40fb","name":"waterway","kind":"water","kindLabel":"내륙 수자원 지물","sourceYear":"2026","recordIds":["bgd-v162-a-028-entity-01987"],"rowCount":1,"featureClass":"stream","lengthKm":0.2302},"geometry":{"type":"Point","coordinates":[91.365555,24.748478]}},{"type":"Feature","id":"a-028-17ee56472b","properties":{"elementId":"A-028","featureId":"a-028-17ee56472b","name":"waterway","kind":"water","kindLabel":"내륙 수자원 지물","sourceYear":"2026","recordIds":["bgd-v162-a-028-entity-01985"],"rowCount":1,"featureClass":"stream","lengthKm":0.1205},"geometry":{"type":"Point","coordinates":[91.366653,24.747087]}},{"type":"Feature","id":"a-028-d55ff453ab","properties":{"elementId":"A-028","featureId":"a-028-d55ff453ab","name":"waterway","kind":"water","kindLabel":"내륙 수자원 지물","sourceYear":"2026","recordIds":["bgd-v162-a-028-entity-01984"],"rowCount":1,"featureClass":"stream","lengthKm":0.0733},"geometry":{"type":"Point","coordinates":[91.36731,24.746842]}},{"type":"Feature","id":"a-028-52e9c4b48d","properties":{"elementId":"A-028","featureId":"a-028-52e9c4b48d","name":"waterway","kind":"water","kindLabel":"내륙 수자원 지물","sourceYear":"2026","recordIds":["bgd-v162-a-028-entity-01986"],"rowCount":1,"featureClass":"stream","lengthKm":0.2028},"geometry":{"type":"Point","coordinates":[91.367454,24.748649]}},{"type":"Feature","id":"a-028-d9a3b3707d","properties":{"elementId":"A-028","featureId":"a-028-d9a3b3707d","name":"waterway","kind":"water","kindLabel":"내륙 수자원 지물","sourceYear":"2026","recordIds":["bgd-v162-a-028-entity-01989"],"rowCount":1,"featureClass":"stream","lengthKm":0.8012},"geometry":{"type":"Point","coordinates":[91.474684,24.740298]}},{"type":"Feature","id":"a-028-4a4c722057","properties":{"elementId":"A-028","featureId":"a-028-4a4c722057","name":"wetlands","kind":"water","kindLabel":"내륙 수자원 지물","sourceYear":"2026","recordIds":["bgd-v162-a-028-entity-00678"],"rowCount":1,"featureClass":"river","lengthKm":4.3328},"geometry":{"type":"Point","coordinates":[89.681012,22.83169]}},{"type":"Feature","id":"a-028-f544f7ffa6","properties":{"elementId":"A-028","featureId":"a-028-f544f7ffa6","name":"আগা সাদেক সড়ক","kind":"water","kindLabel":"내륙 수자원 지물","sourceYear":"2026","recordIds":["bgd-v162-a-028-entity-01081"],"rowCount":1,"featureClass":"drain","lengthKm":0.0665},"geometry":{"type":"Point","coordinates":[90.404203,23.719864]}},{"type":"Feature","id":"a-028-b6c5c5705e","properties":{"elementId":"A-028","featureId":"a-028-b6c5c5705e","name":"আঠারোবাকি নদী","kind":"water","kindLabel":"내륙 수자원 지물","sourceYear":"2026","recordIds":["bgd-v162-a-028-entity-00594"],"rowCount":1,"featureClass":"river","lengthKm":0.1401},"geometry":{"type":"Point","coordinates":[89.679166,22.879774]}},{"type":"Feature","id":"a-028-e491390e82","properties":{"elementId":"A-028","featureId":"a-028-e491390e82","name":"আড়িয়াল খাঁ","kind":"water","kindLabel":"내륙 수자원 지물","sourceYear":"2026","recordIds":["bgd-v162-a-028-entity-01541"],"rowCount":1,"featureClass":"river","lengthKm":11.6781},"geometry":{"type":"Point","coordinates":[90.34843,22.814756]}},{"type":"Feature","id":"a-028-404f2e2c5c","properties":{"elementId":"A-028","featureId":"a-028-404f2e2c5c","name":"আড়িয়াল খাঁ নদ","kind":"water","kindLabel":"내륙 수자원 지물","sourceYear":"2026","recordIds":["bgd-v162-a-028-entity-01136"],"rowCount":1,"featureClass":"river","lengthKm":114.6882},"geometry":{"type":"Point","coordinates":[90.12351,23.48285]}},{"type":"Feature","id":"a-028-aca70eca8b","properties":{"elementId":"A-028","featureId":"a-028-aca70eca8b","name":"আড়িয়াল খাঁ নদ","kind":"water","kindLabel":"내륙 수자원 지물","sourceYear":"2026","recordIds":["bgd-v162-a-028-entity-01554"],"rowCount":1,"featureClass":"river","lengthKm":24.4454},"geometry":{"type":"Point","coordinates":[90.339411,22.985031]}},{"type":"Feature","id":"a-028-cb17033d6e","properties":{"elementId":"A-028","featureId":"a-028-cb17033d6e","name":"আত্রাই","kind":"water","kindLabel":"내륙 수자원 지물","sourceYear":"2026","recordIds":["bgd-v162-a-028-entity-01751"],"rowCount":1,"featureClass":"river","lengthKm":7.7423},"geometry":{"type":"Point","coordinates":[88.698143,25.621707]}},{"type":"Feature","id":"a-028-8ec0df7532","properties":{"elementId":"A-028","featureId":"a-028-8ec0df7532","name":"আত্রাই","kind":"water","kindLabel":"내륙 수자원 지물","sourceYear":"2026","recordIds":["bgd-v162-a-028-entity-01725"],"rowCount":1,"featureClass":"river","lengthKm":37.0762},"geometry":{"type":"Point","coordinates":[88.725433,25.775202]}},{"type":"Feature","id":"a-028-1544ad9c1e","properties":{"elementId":"A-028","featureId":"a-028-1544ad9c1e","name":"আত্রাই নদী","kind":"water","kindLabel":"내륙 수자원 지물","sourceYear":"2026","recordIds":["bgd-v162-a-028-entity-01873"],"rowCount":1,"featureClass":"river","lengthKm":53.8134},"geometry":{"type":"Point","coordinates":[88.936201,24.640954]}},{"type":"Feature","id":"a-028-1cb4e2531f","properties":{"elementId":"A-028","featureId":"a-028-1cb4e2531f","name":"আম গাছ","kind":"natural","kindLabel":"기타 자연지형지물","sourceYear":"2026","recordIds":["bgd-v162-a-028-entity-00090"],"rowCount":1,"featureClass":"tree"},"geometry":{"type":"Point","coordinates":[90.479905,23.727638]}},{"type":"Feature","id":"a-028-0d6d59e0c9","properties":{"elementId":"A-028","featureId":"a-028-0d6d59e0c9","name":"আমতলা","kind":"natural","kindLabel":"기타 자연지형지물","sourceYear":"2026","recordIds":["bgd-v162-a-028-entity-00096"],"rowCount":1,"featureClass":"tree"},"geometry":{"type":"Point","coordinates":[90.393191,23.733532]}},{"type":"Feature","id":"a-028-d0b498b833","properties":{"elementId":"A-028","featureId":"a-028-d0b498b833","name":"আরগোঙ্গা","kind":"water","kindLabel":"내륙 수자원 지물","sourceYear":"2026","recordIds":["bgd-v162-a-028-entity-00794"],"rowCount":1,"featureClass":"canal","lengthKm":0.8233},"geometry":{"type":"Point","coordinates":[91.144798,23.653942]}},{"type":"Feature","id":"a-028-014adaaa9e","properties":{"elementId":"A-028","featureId":"a-028-014adaaa9e","name":"আরগোঙ্গা","kind":"water","kindLabel":"내륙 수자원 지물","sourceYear":"2026","recordIds":["bgd-v162-a-028-entity-00741"],"rowCount":1,"featureClass":"canal","lengthKm":0.0087},"geometry":{"type":"Point","coordinates":[91.144882,23.653933]}},{"type":"Feature","id":"a-028-440fbc8b0f","properties":{"elementId":"A-028","featureId":"a-028-440fbc8b0f","name":"আরগোঙ্গা","kind":"water","kindLabel":"내륙 수자원 지물","sourceYear":"2026","recordIds":["bgd-v162-a-028-entity-00774"],"rowCount":1,"featureClass":"canal","lengthKm":0.2559},"geometry":{"type":"Point","coordinates":[91.147359,23.653552]}},{"type":"Feature","id":"a-028-8fb3c8c791","properties":{"elementId":"A-028","featureId":"a-028-8fb3c8c791","name":"আরগোঙ্গা","kind":"water","kindLabel":"내륙 수자원 지물","sourceYear":"2026","recordIds":["bgd-v162-a-028-entity-00771"],"rowCount":1,"featureClass":"canal","lengthKm":0.2329},"geometry":{"type":"Point","coordinates":[91.149634,23.653434]}},{"type":"Feature","id":"a-028-bfff77943c","properties":{"elementId":"A-028","featureId":"a-028-bfff77943c","name":"আরগোঙ্গা","kind":"water","kindLabel":"내륙 수자원 지물","sourceYear":"2026","recordIds":["bgd-v162-a-028-entity-00760"],"rowCount":1,"featureClass":"canal","lengthKm":0.0225},"geometry":{"type":"Point","coordinates":[91.149846,23.653378]}},{"type":"Feature","id":"a-028-b9418e7fe2","properties":{"elementId":"A-028","featureId":"a-028-b9418e7fe2","name":"আরগোঙ্গা","kind":"water","kindLabel":"내륙 수자원 지물","sourceYear":"2026","recordIds":["bgd-v162-a-028-entity-00805"],"rowCount":1,"featureClass":"canal","lengthKm":1.1909},"geometry":{"type":"Point","coordinates":[91.161293,23.654002]}},{"type":"Feature","id":"a-028-926c057985","properties":{"elementId":"A-028","featureId":"a-028-926c057985","name":"আরগোঙ্গা","kind":"water","kindLabel":"내륙 수자원 지물","sourceYear":"2026","recordIds":["bgd-v162-a-028-entity-00778"],"rowCount":1,"featureClass":"canal","lengthKm":0.408},"geometry":{"type":"Point","coordinates":[91.162288,23.651504]}},{"type":"Feature","id":"a-028-7e5b924c0d","properties":{"elementId":"A-028","featureId":"a-028-7e5b924c0d","name":"আলীপুর খাল","kind":"water","kindLabel":"내륙 수자원 지물","sourceYear":"2026","recordIds":["bgd-v162-a-028-entity-01344"],"rowCount":1,"featureClass":"canal","lengthKm":0.5508},"geometry":{"type":"Point","coordinates":[90.575366,22.180212]}},{"type":"Feature","id":"a-028-a60a26fdd6","properties":{"elementId":"A-028","featureId":"a-028-a60a26fdd6","name":"ইছামতি","kind":"water","kindLabel":"내륙 수자원 지물","sourceYear":"2026","recordIds":["bgd-v162-a-028-entity-00639"],"rowCount":1,"featureClass":"river","lengthKm":16.4515},"geometry":{"type":"Point","coordinates":[89.070668,22.199455]}},{"type":"Feature","id":"a-028-a03ce3ba6f","properties":{"elementId":"A-028","featureId":"a-028-a03ce3ba6f","name":"ইছামতি নদী","kind":"water","kindLabel":"내륙 수자원 지물","sourceYear":"2026","recordIds":["bgd-v162-a-028-entity-01843"],"rowCount":1,"featureClass":"river","lengthKm":26.519},"geometry":{"type":"Point","coordinates":[89.340101,24.065282]}},{"type":"Feature","id":"a-028-ba24eba976","properties":{"elementId":"A-028","featureId":"a-028-ba24eba976","name":"ইছামতি নদী","kind":"water","kindLabel":"내륙 수자원 지물","sourceYear":"2026","recordIds":["bgd-v162-a-028-entity-01823"],"rowCount":1,"featureClass":"river","lengthKm":11.801},"geometry":{"type":"Point","coordinates":[89.410518,24.032697]}},{"type":"Feature","id":"a-028-ba21e73a4f","properties":{"elementId":"A-028","featureId":"a-028-ba21e73a4f","name":"ইছামতি নদী","kind":"water","kindLabel":"내륙 수자원 지물","sourceYear":"2026","recordIds":["bgd-v162-a-028-entity-01819"],"rowCount":1,"featureClass":"river","lengthKm":10.4402},"geometry":{"type":"Point","coordinates":[89.533386,24.801534]}},{"type":"Feature","id":"a-028-a1e140e712","properties":{"elementId":"A-028","featureId":"a-028-a1e140e712","name":"ইছামতি নদী","kind":"water","kindLabel":"내륙 수자원 지물","sourceYear":"2026","recordIds":["bgd-v162-a-028-entity-01878"],"rowCount":1,"featureClass":"river","lengthKm":73.8282},"geometry":{"type":"Point","coordinates":[89.593246,24.426701]}},{"type":"Feature","id":"a-028-6fbae5e6dc","properties":{"elementId":"A-028","featureId":"a-028-6fbae5e6dc","name":"ইছামতি নদী","kind":"water","kindLabel":"내륙 수자원 지물","sourceYear":"2026","recordIds":["bgd-v162-a-028-entity-01864"],"rowCount":1,"featureClass":"river","lengthKm":47.3894},"geometry":{"type":"Point","coordinates":[89.631339,24.082283]}},{"type":"Feature","id":"a-028-fd62fddb6e","properties":{"elementId":"A-028","featureId":"a-028-fd62fddb6e","name":"ইছামতি নদী","kind":"water","kindLabel":"내륙 수자원 지물","sourceYear":"2026","recordIds":["bgd-v162-a-028-entity-01116"],"rowCount":1,"featureClass":"river","lengthKm":0.696},"geometry":{"type":"Point","coordinates":[90.050454,23.711619]}},{"type":"Feature","id":"a-028-f876f95158","properties":{"elementId":"A-028","featureId":"a-028-f876f95158","name":"ইছামতি নদী","kind":"water","kindLabel":"내륙 수자원 지물","sourceYear":"2026","recordIds":["bgd-v162-a-028-entity-01211"],"rowCount":1,"featureClass":"river","lengthKm":8.6925},"geometry":{"type":"Point","coordinates":[90.056507,23.713751]}},{"type":"Feature","id":"a-028-2935158d57","properties":{"elementId":"A-028","featureId":"a-028-2935158d57","name":"ইছামতি নদী","kind":"water","kindLabel":"내륙 수자원 지물","sourceYear":"2026","recordIds":["bgd-v162-a-028-entity-01161"],"rowCount":1,"featureClass":"river","lengthKm":2.7881},"geometry":{"type":"Point","coordinates":[90.428842,23.57684]}},{"type":"Feature","id":"a-028-74c7581456","properties":{"elementId":"A-028","featureId":"a-028-74c7581456","name":"ইছামতি নদী","kind":"water","kindLabel":"내륙 수자원 지물","sourceYear":"2026","recordIds":["bgd-v162-a-028-entity-01207"],"rowCount":1,"featureClass":"river","lengthKm":7.9039},"geometry":{"type":"Point","coordinates":[90.439678,23.555402]}},{"type":"Feature","id":"a-028-b0f072dcaa","properties":{"elementId":"A-028","featureId":"a-028-b0f072dcaa","name":"ইদ্রিস খাঁ বাড়ির খাল","kind":"water","kindLabel":"내륙 수자원 지물","sourceYear":"2026","recordIds":["bgd-v162-a-028-entity-01440"],"rowCount":1,"featureClass":"canal","lengthKm":1.8667},"geometry":{"type":"Point","coordinates":[90.564632,22.173156]}},{"type":"Feature","id":"a-028-446b7095d9","properties":{"elementId":"A-028","featureId":"a-028-446b7095d9","name":"ওয়াসা খাল","kind":"water","kindLabel":"내륙 수자원 지물","sourceYear":"2026","recordIds":["bgd-v162-a-028-entity-01031"],"rowCount":1,"featureClass":"canal","lengthKm":0.2085},"geometry":{"type":"Point","coordinates":[90.482065,23.723875]}},{"type":"Feature","id":"a-028-38083c898d","properties":{"elementId":"A-028","featureId":"a-028-38083c898d","name":"কচুয়া নদী","kind":"water","kindLabel":"내륙 수자원 지물","sourceYear":"2026","recordIds":["bgd-v162-a-028-entity-00970"],"rowCount":1,"featureClass":"river","lengthKm":8.7347},"geometry":{"type":"Point","coordinates":[90.864968,23.270841]}},{"type":"Feature","id":"a-028-c6a4bcea39","properties":{"elementId":"A-028","featureId":"a-028-c6a4bcea39","name":"কড়ই","kind":"natural","kindLabel":"기타 자연지형지물","sourceYear":"2026","recordIds":["bgd-v162-a-028-entity-00093"],"rowCount":1,"featureClass":"tree"},"geometry":{"type":"Point","coordinates":[90.386957,23.729164]}},{"type":"Feature","id":"a-028-8c0e2938e2","properties":{"elementId":"A-028","featureId":"a-028-8c0e2938e2","name":"কড়ই","kind":"natural","kindLabel":"기타 자연지형지물","sourceYear":"2026","recordIds":["bgd-v162-a-028-entity-00086"],"rowCount":1,"featureClass":"tree"},"geometry":{"type":"Point","coordinates":[90.481112,23.724939]}},{"type":"Feature","id":"a-028-1e65b35e4b","properties":{"elementId":"A-028","featureId":"a-028-1e65b35e4b","name":"কড়ই গাছ","kind":"natural","kindLabel":"기타 자연지형지물","sourceYear":"2026","recordIds":["bgd-v162-a-028-entity-00082"],"rowCount":1,"featureClass":"tree"},"geometry":{"type":"Point","coordinates":[90.481504,23.720897]}},{"type":"Feature","id":"a-028-c5795ec399","properties":{"elementId":"A-028","featureId":"a-028-c5795ec399","name":"কড়ই গাছ","kind":"natural","kindLabel":"기타 자연지형지물","sourceYear":"2026","recordIds":["bgd-v162-a-028-entity-00085"],"rowCount":1,"featureClass":"tree"},"geometry":{"type":"Point","coordinates":[90.481516,23.721194]}},{"type":"Feature","id":"a-028-8ab4db67e6","properties":{"elementId":"A-028","featureId":"a-028-8ab4db67e6","name":"কড়ই গাছ","kind":"natural","kindLabel":"기타 자연지형지물","sourceYear":"2026","recordIds":["bgd-v162-a-028-entity-00084"],"rowCount":1,"featureClass":"tree"},"geometry":{"type":"Point","coordinates":[90.481532,23.721126]}},{"type":"Feature","id":"a-028-e91870eb7d","properties":{"elementId":"A-028","featureId":"a-028-e91870eb7d","name":"কড়ই গাছ","kind":"natural","kindLabel":"기타 자연지형지물","sourceYear":"2026","recordIds":["bgd-v162-a-028-entity-00081"],"rowCount":1,"featureClass":"tree"},"geometry":{"type":"Point","coordinates":[90.481629,23.720829]}},{"type":"Feature","id":"a-028-4c70b97aba","properties":{"elementId":"A-028","featureId":"a-028-4c70b97aba","name":"কপিতাল","kind":"natural","kindLabel":"기타 자연지형지물","sourceYear":"2026","recordIds":["bgd-v162-a-028-entity-00045"],"rowCount":1,"featureClass":"peak"},"geometry":{"type":"Point","coordinates":[92.524068,21.901249]}},{"type":"Feature","id":"a-028-4134387cc6","properties":{"elementId":"A-028","featureId":"a-028-4134387cc6","name":"কপোতাক্ষ নদ","kind":"water","kindLabel":"내륙 수자원 지물","sourceYear":"2026","recordIds":["bgd-v162-a-028-entity-00737"],"rowCount":1,"featureClass":"stream","lengthKm":43.053},"geometry":{"type":"Point","coordinates":[88.831641,23.479533]}},{"type":"Feature","id":"a-028-a0a886be46","properties":{"elementId":"A-028","featureId":"a-028-a0a886be46","name":"কপোতাক্ষ নদ","kind":"water","kindLabel":"내륙 수자원 지물","sourceYear":"2026","recordIds":["bgd-v162-a-028-entity-00736"],"rowCount":1,"featureClass":"stream","lengthKm":33.5116},"geometry":{"type":"Point","coordinates":[88.9146,23.360007]}},{"type":"Feature","id":"a-028-58a8c2927f","properties":{"elementId":"A-028","featureId":"a-028-58a8c2927f","name":"কপোতাক্ষ নদ","kind":"water","kindLabel":"내륙 수자원 지물","sourceYear":"2026","recordIds":["bgd-v162-a-028-entity-00733"],"rowCount":1,"featureClass":"stream","lengthKm":12.1833},"geometry":{"type":"Point","coordinates":[88.936191,23.393858]}},{"type":"Feature","id":"a-028-17632087ff","properties":{"elementId":"A-028","featureId":"a-028-17632087ff","name":"কপোতাক্ষ নদ","kind":"water","kindLabel":"내륙 수자원 지물","sourceYear":"2026","recordIds":["bgd-v162-a-028-entity-00734"],"rowCount":1,"featureClass":"stream","lengthKm":22.1295},"geometry":{"type":"Point","coordinates":[89.017388,23.264332]}},{"type":"Feature","id":"a-028-c11ec094ec","properties":{"elementId":"A-028","featureId":"a-028-c11ec094ec","name":"কপোতাক্ষ নদ","kind":"water","kindLabel":"내륙 수자원 지물","sourceYear":"2026","recordIds":["bgd-v162-a-028-entity-00726"],"rowCount":1,"featureClass":"stream","lengthKm":0.0608},"geometry":{"type":"Point","coordinates":[89.017561,23.264855]}},{"type":"Feature","id":"a-028-c7ac51dca3","properties":{"elementId":"A-028","featureId":"a-028-c7ac51dca3","name":"কপোতাক্ষ নদ","kind":"water","kindLabel":"내륙 수자원 지물","sourceYear":"2026","recordIds":["bgd-v162-a-028-entity-00695"],"rowCount":1,"featureClass":"river","lengthKm":5.6943},"geometry":{"type":"Point","coordinates":[89.033564,23.181192]}},{"type":"Feature","id":"a-028-bdac26aa87","properties":{"elementId":"A-028","featureId":"a-028-bdac26aa87","name":"কপোতাক্ষ নদ","kind":"water","kindLabel":"내륙 수자원 지물","sourceYear":"2026","recordIds":["bgd-v162-a-028-entity-00614"],"rowCount":1,"featureClass":"river","lengthKm":1.2386},"geometry":{"type":"Point","coordinates":[89.053085,23.137379]}},{"type":"Feature","id":"a-028-41d67cb747","properties":{"elementId":"A-028","featureId":"a-028-41d67cb747","name":"কপোতাক্ষ নদ","kind":"water","kindLabel":"내륙 수자원 지물","sourceYear":"2026","recordIds":["bgd-v162-a-028-entity-00680"],"rowCount":1,"featureClass":"river","lengthKm":4.5558},"geometry":{"type":"Point","coordinates":[89.062343,23.130321]}},{"type":"Feature","id":"a-028-0e66ddfed4","properties":{"elementId":"A-028","featureId":"a-028-0e66ddfed4","name":"কপোতাক্ষ নদ","kind":"water","kindLabel":"내륙 수자원 지물","sourceYear":"2026","recordIds":["bgd-v162-a-028-entity-00666"],"rowCount":1,"featureClass":"river","lengthKm":3.6005},"geometry":{"type":"Point","coordinates":[89.093509,23.105621]}},{"type":"Feature","id":"a-028-cb7702ffbc","properties":{"elementId":"A-028","featureId":"a-028-cb7702ffbc","name":"কপোতাক্ষ নদ","kind":"water","kindLabel":"내륙 수자원 지물","sourceYear":"2026","recordIds":["bgd-v162-a-028-entity-00704"],"rowCount":1,"featureClass":"river","lengthKm":66.7993},"geometry":{"type":"Point","coordinates":[89.113493,23.079544]}},{"type":"Feature","id":"a-028-2e18f832f5","properties":{"elementId":"A-028","featureId":"a-028-2e18f832f5","name":"কপোতাক্ষ নদ","kind":"water","kindLabel":"내륙 수자원 지물","sourceYear":"2026","recordIds":["bgd-v162-a-028-entity-00705"],"rowCount":1,"featureClass":"river","lengthKm":7.069},"geometry":{"type":"Point","coordinates":[89.150492,22.795876]}},{"type":"Feature","id":"a-028-54fde11bf9","properties":{"elementId":"A-028","featureId":"a-028-54fde11bf9","name":"কপোতাক্ষ নদ","kind":"water","kindLabel":"내륙 수자원 지물","sourceYear":"2026","recordIds":["bgd-v162-a-028-entity-00684"],"rowCount":1,"featureClass":"river","lengthKm":46.1351},"geometry":{"type":"Point","coordinates":[89.171238,22.795376]}},{"type":"Feature","id":"a-028-a38a0ac88e","properties":{"elementId":"A-028","featureId":"a-028-a38a0ac88e","name":"কপোতাক্ষ নদ","kind":"water","kindLabel":"내륙 수자원 지물","sourceYear":"2026","recordIds":["bgd-v162-a-028-entity-00708"],"rowCount":1,"featureClass":"river","lengthKm":7.2052},"geometry":{"type":"Point","coordinates":[89.254442,22.347565]}},{"type":"Feature","id":"a-028-beab7bf1dd","properties":{"elementId":"A-028","featureId":"a-028-beab7bf1dd","name":"কপোতাক্ষ নদ","kind":"water","kindLabel":"내륙 수자원 지물","sourceYear":"2026","recordIds":["bgd-v162-a-028-entity-00636"],"rowCount":1,"featureClass":"river","lengthKm":14.6065},"geometry":{"type":"Point","coordinates":[89.255464,22.404336]}},{"type":"Feature","id":"a-028-4d3fe2605d","properties":{"elementId":"A-028","featureId":"a-028-4d3fe2605d","name":"কপোতাক্ষ নদ","kind":"water","kindLabel":"내륙 수자원 지물","sourceYear":"2026","recordIds":["bgd-v162-a-028-entity-00715"],"rowCount":1,"featureClass":"river","lengthKm":8.8133},"geometry":{"type":"Point","coordinates":[89.257715,22.466918]}},{"type":"Feature","id":"a-028-7229cd5314","properties":{"elementId":"A-028","featureId":"a-028-7229cd5314","name":"কপোতাক্ষ নদ","kind":"water","kindLabel":"내륙 수자원 지물","sourceYear":"2026","recordIds":["bgd-v162-a-028-entity-00637"],"rowCount":1,"featureClass":"river","lengthKm":14.7244},"geometry":{"type":"Point","coordinates":[89.280256,22.293881]}},{"type":"Feature","id":"a-028-9985d5e307","properties":{"elementId":"A-028","featureId":"a-028-9985d5e307","name":"কপোতাক্ষ নদ","kind":"water","kindLabel":"내륙 수자원 지물","sourceYear":"2026","recordIds":["bgd-v162-a-028-entity-00661"],"rowCount":1,"featureClass":"river","lengthKm":29.3071},"geometry":{"type":"Point","coordinates":[89.295845,22.644789]}},{"type":"Feature","id":"a-028-d88236c025","properties":{"elementId":"A-028","featureId":"a-028-d88236c025","name":"কপোতাক্ষ নদ","kind":"water","kindLabel":"내륙 수자원 지물","sourceYear":"2026","recordIds":["bgd-v162-a-028-entity-00604"],"rowCount":1,"featureClass":"river","lengthKm":0.5294},"geometry":{"type":"Point","coordinates":[89.404035,22.519277]}},{"type":"Feature","id":"a-028-1a62cd8290","properties":{"elementId":"A-028","featureId":"a-028-1a62cd8290","name":"করতোয়া নদী","kind":"water","kindLabel":"내륙 수자원 지물","sourceYear":"2026","recordIds":["bgd-v162-a-028-entity-01752"],"rowCount":1,"featureClass":"river","lengthKm":70.7594},"geometry":{"type":"Point","coordinates":[89.292482,25.14883]}},{"type":"Feature","id":"a-028-8cfa68bad7","properties":{"elementId":"A-028","featureId":"a-028-8cfa68bad7","name":"করতোয়া নদী","kind":"water","kindLabel":"내륙 수자원 지물","sourceYear":"2026","recordIds":["bgd-v162-a-028-entity-01822"],"rowCount":1,"featureClass":"river","lengthKm":11.4798},"geometry":{"type":"Point","coordinates":[89.381673,24.843644]}},{"type":"Feature","id":"a-028-e4c8f9c602","properties":{"elementId":"A-028","featureId":"a-028-e4c8f9c602","name":"করতোয়া নদী","kind":"water","kindLabel":"내륙 수자원 지물","sourceYear":"2026","recordIds":["bgd-v162-a-028-entity-01836"],"rowCount":1,"featureClass":"river","lengthKm":2.2974},"geometry":{"type":"Point","coordinates":[89.403374,24.75631]}},{"type":"Feature","id":"a-028-01b3cb205f","properties":{"elementId":"A-028","featureId":"a-028-01b3cb205f","name":"করতোয়া নদী","kind":"water","kindLabel":"내륙 수자원 지물","sourceYear":"2026","recordIds":["bgd-v162-a-028-entity-01845"],"rowCount":1,"featureClass":"river","lengthKm":27.4074},"geometry":{"type":"Point","coordinates":[89.405198,24.740074]}},{"type":"Feature","id":"a-028-0f3d7d37b0","properties":{"elementId":"A-028","featureId":"a-028-0f3d7d37b0","name":"করতোয়া নদী","kind":"water","kindLabel":"내륙 수자원 지물","sourceYear":"2026","recordIds":["bgd-v162-a-028-entity-01808"],"rowCount":1,"featureClass":"river","lengthKm":0.0114},"geometry":{"type":"Point","coordinates":[89.405204,24.740176]}},{"type":"Feature","id":"a-028-a31230b4af","properties":{"elementId":"A-028","featureId":"a-028-a31230b4af","name":"করতোয়া নদী","kind":"water","kindLabel":"내륙 수자원 지물","sourceYear":"2026","recordIds":["bgd-v162-a-028-entity-01874"],"rowCount":1,"featureClass":"river","lengthKm":60.5792},"geometry":{"type":"Point","coordinates":[89.534867,24.530455]}},{"type":"Feature","id":"a-028-c021297318","properties":{"elementId":"A-028","featureId":"a-028-c021297318","name":"করতোয়া নদী","kind":"water","kindLabel":"내륙 수자원 지물","sourceYear":"2026","recordIds":["bgd-v162-a-028-entity-01832"],"rowCount":1,"featureClass":"river","lengthKm":16.5496},"geometry":{"type":"Point","coordinates":[89.602844,24.223821]}},{"type":"Feature","id":"a-028-e80bc6d9b6","properties":{"elementId":"A-028","featureId":"a-028-e80bc6d9b6","name":"কর্ণতলী নদী","kind":"water","kindLabel":"내륙 수자원 지물","sourceYear":"2026","recordIds":["bgd-v162-a-028-entity-01138"],"rowCount":1,"featureClass":"river","lengthKm":12.3991},"geometry":{"type":"Point","coordinates":[90.248064,23.826059]}},{"type":"Feature","id":"a-028-dd70cab828","properties":{"elementId":"A-028","featureId":"a-028-dd70cab828","name":"কর্ণফুলী নদী","kind":"water","kindLabel":"내륙 수자원 지물","sourceYear":"2026","recordIds":["bgd-v162-a-028-entity-00904"],"rowCount":1,"featureClass":"river","lengthKm":18.8292},"geometry":{"type":"Point","coordinates":[91.852842,22.325477]}},{"type":"Feature","id":"a-028-f4b44e53ed","properties":{"elementId":"A-028","featureId":"a-028-f4b44e53ed","name":"কর্ণফুলী নদী","kind":"water","kindLabel":"내륙 수자원 지물","sourceYear":"2026","recordIds":["bgd-v162-a-028-entity-00847"],"rowCount":1,"featureClass":"river","lengthKm":0.0512},"geometry":{"type":"Point","coordinates":[91.853319,22.325611]}},{"type":"Feature","id":"a-028-6cca7ea4fa","properties":{"elementId":"A-028","featureId":"a-028-6cca7ea4fa","name":"কর্ণফুলী নদী","kind":"water","kindLabel":"내륙 수자원 지물","sourceYear":"2026","recordIds":["bgd-v162-a-028-entity-00926"],"rowCount":1,"featureClass":"river","lengthKm":3.0103},"geometry":{"type":"Point","coordinates":[91.981067,22.413929]}},{"type":"Feature","id":"a-028-edf1de0a5a","properties":{"elementId":"A-028","featureId":"a-028-edf1de0a5a","name":"কর্ণফুলী নদী","kind":"water","kindLabel":"내륙 수자원 지물","sourceYear":"2026","recordIds":["bgd-v162-a-028-entity-00848"],"rowCount":1,"featureClass":"river","lengthKm":0.0611},"geometry":{"type":"Point","coordinates":[92.232446,22.494183]}},{"type":"Feature","id":"a-028-d8162f807c","properties":{"elementId":"A-028","featureId":"a-028-d8162f807c","name":"কর্ণফুলী নদী","kind":"water","kindLabel":"내륙 수자원 지물","sourceYear":"2026","recordIds":["bgd-v162-a-028-entity-00963"],"rowCount":1,"featureClass":"river","lengthKm":61.8518},"geometry":{"type":"Point","coordinates":[92.232729,22.4937]}},{"type":"Feature","id":"a-028-4ddac42471","properties":{"elementId":"A-028","featureId":"a-028-4ddac42471","name":"কর্ণফুলী নদী","kind":"water","kindLabel":"내륙 수자원 지물","sourceYear":"2026","recordIds":["bgd-v162-a-028-entity-00961"],"rowCount":1,"featureClass":"river","lengthKm":6.8374},"geometry":{"type":"Point","coordinates":[92.259039,22.533403]}},{"type":"Feature","id":"a-028-477218c198","properties":{"elementId":"A-028","featureId":"a-028-477218c198","name":"কর্ণফুলী নদী","kind":"water","kindLabel":"내륙 수자원 지물","sourceYear":"2026","recordIds":["bgd-v162-a-028-entity-00887"],"rowCount":1,"featureClass":"river","lengthKm":11.9111},"geometry":{"type":"Point","coordinates":[92.276336,22.729142]}},{"type":"Feature","id":"a-028-37db7217be","properties":{"elementId":"A-028","featureId":"a-028-37db7217be","name":"কর্ণফুলী নদী","kind":"water","kindLabel":"내륙 수자원 지물","sourceYear":"2026","recordIds":["bgd-v162-a-028-entity-00954"],"rowCount":1,"featureClass":"river","lengthKm":52.1692},"geometry":{"type":"Point","coordinates":[92.37614,22.92875]}},{"type":"Feature","id":"a-028-5b42baf9e9","properties":{"elementId":"A-028","featureId":"a-028-5b42baf9e9","name":"কল্যাণপুর খাল","kind":"water","kindLabel":"내륙 수자원 지물","sourceYear":"2026","recordIds":["bgd-v162-a-028-entity-01010"],"rowCount":1,"featureClass":"canal","lengthKm":0.0082},"geometry":{"type":"Point","coordinates":[90.344473,23.772491]}},{"type":"Feature","id":"a-028-2147477acb","properties":{"elementId":"A-028","featureId":"a-028-2147477acb","name":"কল্যাণপুর খাল","kind":"water","kindLabel":"내륙 수자원 지물","sourceYear":"2026","recordIds":["bgd-v162-a-028-entity-01021"],"rowCount":1,"featureClass":"canal","lengthKm":0.0568},"geometry":{"type":"Point","coordinates":[90.345009,23.772634]}},{"type":"Feature","id":"a-028-5ad0f21852","properties":{"elementId":"A-028","featureId":"a-028-5ad0f21852","name":"কল্যাণপুর খাল","kind":"water","kindLabel":"내륙 수자원 지물","sourceYear":"2026","recordIds":["bgd-v162-a-028-entity-01061"],"rowCount":1,"featureClass":"canal","lengthKm":4.6947},"geometry":{"type":"Point","coordinates":[90.369402,23.791554]}},{"type":"Feature","id":"a-028-5a85a6d8fc","properties":{"elementId":"A-028","featureId":"a-028-5a85a6d8fc","name":"কল্যাণপুর খাল","kind":"water","kindLabel":"내륙 수자원 지물","sourceYear":"2026","recordIds":["bgd-v162-a-028-entity-01046"],"rowCount":1,"featureClass":"canal","lengthKm":0.8695},"geometry":{"type":"Point","coordinates":[90.370666,23.774517]}},{"type":"Feature","id":"a-028-66e6aca261","properties":{"elementId":"A-028","featureId":"a-028-66e6aca261","name":"কাজিবাছা নদী","kind":"water","kindLabel":"내륙 수자원 지물","sourceYear":"2026","recordIds":["bgd-v162-a-028-entity-00699"],"rowCount":1,"featureClass":"river","lengthKm":6.238},"geometry":{"type":"Point","coordinates":[89.434918,22.678672]}},{"type":"Feature","id":"a-028-20bb124497","properties":{"elementId":"A-028","featureId":"a-028-20bb124497","name":"কাজিবাছা নদী","kind":"water","kindLabel":"내륙 수자원 지물","sourceYear":"2026","recordIds":["bgd-v162-a-028-entity-00691"],"rowCount":1,"featureClass":"river","lengthKm":5.3506},"geometry":{"type":"Point","coordinates":[89.468892,22.708615]}},{"type":"Feature","id":"a-028-2ac3dac632","properties":{"elementId":"A-028","featureId":"a-028-2ac3dac632","name":"কাজিবাছা নদী","kind":"water","kindLabel":"내륙 수자원 지물","sourceYear":"2026","recordIds":["bgd-v162-a-028-entity-00696"],"rowCount":1,"featureClass":"river","lengthKm":5.7052},"geometry":{"type":"Point","coordinates":[89.471154,22.754852]}},{"type":"Feature","id":"a-028-521dfcf0f8","properties":{"elementId":"A-028","featureId":"a-028-521dfcf0f8","name":"কাজিবাছা নদী","kind":"water","kindLabel":"내륙 수자원 지물","sourceYear":"2026","recordIds":["bgd-v162-a-028-entity-00643"],"rowCount":1,"featureClass":"river","lengthKm":2.083},"geometry":{"type":"Point","coordinates":[89.473461,22.770612]}},{"type":"Feature","id":"a-028-7928e4680c","properties":{"elementId":"A-028","featureId":"a-028-7928e4680c","name":"কাজিবাছা নদী","kind":"water","kindLabel":"내륙 수자원 지물","sourceYear":"2026","recordIds":["bgd-v162-a-028-entity-00710"],"rowCount":1,"featureClass":"river","lengthKm":7.8059},"geometry":{"type":"Point","coordinates":[89.525753,22.738713]}},{"type":"Feature","id":"a-028-c94dd15d58","properties":{"elementId":"A-028","featureId":"a-028-c94dd15d58","name":"কাটাখাল","kind":"water","kindLabel":"내륙 수자원 지물","sourceYear":"2026","recordIds":["bgd-v162-a-028-entity-01802"],"rowCount":1,"featureClass":"canal","lengthKm":6.6286},"geometry":{"type":"Point","coordinates":[89.614106,24.450616]}},{"type":"Feature","id":"a-028-1005379ca1","properties":{"elementId":"A-028","featureId":"a-028-1005379ca1","name":"কাটাখাল","kind":"water","kindLabel":"내륙 수자원 지물","sourceYear":"2026","recordIds":["bgd-v162-a-028-entity-01787"],"rowCount":1,"featureClass":"canal","lengthKm":1.283},"geometry":{"type":"Point","coordinates":[89.664311,24.459045]}},{"type":"Feature","id":"a-028-dbb9b901bb","properties":{"elementId":"A-028","featureId":"a-028-dbb9b901bb","name":"কাটাখাল","kind":"water","kindLabel":"내륙 수자원 지물","sourceYear":"2026","recordIds":["bgd-v162-a-028-entity-01782"],"rowCount":1,"featureClass":"canal","lengthKm":0.7233},"geometry":{"type":"Point","coordinates":[89.673096,24.459432]}},{"type":"Feature","id":"a-028-ca3c5d8500","properties":{"elementId":"A-028","featureId":"a-028-ca3c5d8500","name":"কাটাখাল","kind":"water","kindLabel":"내륙 수자원 지물","sourceYear":"2026","recordIds":["bgd-v162-a-028-entity-01784"],"rowCount":1,"featureClass":"canal","lengthKm":0.8247},"geometry":{"type":"Point","coordinates":[89.676193,24.463875]}},{"type":"Feature","id":"a-028-d15c23f37b","properties":{"elementId":"A-028","featureId":"a-028-d15c23f37b","name":"কাটাখাল","kind":"water","kindLabel":"내륙 수자원 지물","sourceYear":"2026","recordIds":["bgd-v162-a-028-entity-01803"],"rowCount":1,"featureClass":"canal","lengthKm":8.3912},"geometry":{"type":"Point","coordinates":[89.676668,24.470636]}},{"type":"Feature","id":"a-028-b5a848ee37","properties":{"elementId":"A-028","featureId":"a-028-b5a848ee37","name":"কাটাখাল","kind":"water","kindLabel":"내륙 수자원 지물","sourceYear":"2026","recordIds":["bgd-v162-a-028-entity-01791"],"rowCount":1,"featureClass":"canal","lengthKm":13.677},"geometry":{"type":"Point","coordinates":[89.697444,24.431556]}},{"type":"Feature","id":"a-028-5fa0746225","properties":{"elementId":"A-028","featureId":"a-028-5fa0746225","name":"কাটাখালী নদী  Katakhali River","kind":"water","kindLabel":"내륙 수자원 지물","sourceYear":"2026","recordIds":["bgd-v162-a-028-entity-00650"],"rowCount":1,"featureClass":"river","lengthKm":2.7984},"geometry":{"type":"Point","coordinates":[89.679197,23.049032]}},{"type":"Feature","id":"a-028-301441031c","properties":{"elementId":"A-028","featureId":"a-028-301441031c","name":"কাটাখালী নদী Katakhali River","kind":"water","kindLabel":"내륙 수자원 지물","sourceYear":"2026","recordIds":["bgd-v162-a-028-entity-00619"],"rowCount":1,"featureClass":"river","lengthKm":1.8504},"geometry":{"type":"Point","coordinates":[89.671275,23.060012]}},{"type":"Feature","id":"a-028-0113f2392e","properties":{"elementId":"A-028","featureId":"a-028-0113f2392e","name":"কাটাসুর খাল","kind":"water","kindLabel":"내륙 수자원 지물","sourceYear":"2026","recordIds":["bgd-v162-a-028-entity-01040"],"rowCount":1,"featureClass":"canal","lengthKm":0.5119},"geometry":{"type":"Point","coordinates":[90.347265,23.756778]}},{"type":"Feature","id":"a-028-e676ee0d2c","properties":{"elementId":"A-028","featureId":"a-028-e676ee0d2c","name":"কাটাসুর খাল","kind":"water","kindLabel":"내륙 수자원 지물","sourceYear":"2026","recordIds":["bgd-v162-a-028-entity-01056"],"rowCount":1,"featureClass":"canal","lengthKm":2.626},"geometry":{"type":"Point","coordinates":[90.348258,23.772843]}},{"type":"Feature","id":"a-028-c75a8bf3c8","properties":{"elementId":"A-028","featureId":"a-028-c75a8bf3c8","name":"কাটাসুর খাল","kind":"water","kindLabel":"내륙 수자원 지물","sourceYear":"2026","recordIds":["bgd-v162-a-028-entity-01024"],"rowCount":1,"featureClass":"canal","lengthKm":0.0842},"geometry":{"type":"Point","coordinates":[90.353522,23.75933]}},{"type":"Feature","id":"a-028-8d7dd79791","properties":{"elementId":"A-028","featureId":"a-028-8d7dd79791","name":"কাটাসুর খাল","kind":"water","kindLabel":"내륙 수자원 지물","sourceYear":"2026","recordIds":["bgd-v162-a-028-entity-01019"],"rowCount":1,"featureClass":"canal","lengthKm":0.0511},"geometry":{"type":"Point","coordinates":[90.354348,23.759282]}},{"type":"Feature","id":"a-028-c6cb3924ed","properties":{"elementId":"A-028","featureId":"a-028-c6cb3924ed","name":"কাটাসুর খাল","kind":"water","kindLabel":"내륙 수자원 지물","sourceYear":"2026","recordIds":["bgd-v162-a-028-entity-01037"],"rowCount":1,"featureClass":"canal","lengthKm":0.4393},"geometry":{"type":"Point","coordinates":[90.354405,23.758826]}},{"type":"Feature","id":"a-028-e5caed76ce","properties":{"elementId":"A-028","featureId":"a-028-e5caed76ce","name":"কাটাসুর খাল","kind":"water","kindLabel":"내륙 수자원 지물","sourceYear":"2026","recordIds":["bgd-v162-a-028-entity-01023"],"rowCount":1,"featureClass":"canal","lengthKm":0.0742},"geometry":{"type":"Point","coordinates":[90.35765,23.75681]}},{"type":"Feature","id":"a-028-ec2034af2f","properties":{"elementId":"A-028","featureId":"a-028-ec2034af2f","name":"কাটাসুর খাল","kind":"water","kindLabel":"내륙 수자원 지물","sourceYear":"2026","recordIds":["bgd-v162-a-028-entity-01044"],"rowCount":1,"featureClass":"canal","lengthKm":0.6592},"geometry":{"type":"Point","coordinates":[90.357761,23.75615]}},{"type":"Feature","id":"a-028-71af54601d","properties":{"elementId":"A-028","featureId":"a-028-71af54601d","name":"কাটাসুর খাল","kind":"water","kindLabel":"내륙 수자원 지물","sourceYear":"2026","recordIds":["bgd-v162-a-028-entity-01011"],"rowCount":1,"featureClass":"canal","lengthKm":0.0088},"geometry":{"type":"Point","coordinates":[90.360607,23.751631]}},{"type":"Feature","id":"a-028-952d377d02","properties":{"elementId":"A-028","featureId":"a-028-952d377d02","name":"কাটাসুর খাল","kind":"water","kindLabel":"내륙 수자원 지물","sourceYear":"2026","recordIds":["bgd-v162-a-028-entity-01020"],"rowCount":1,"featureClass":"canal","lengthKm":0.0545},"geometry":{"type":"Point","coordinates":[90.36062,23.751553]}},{"type":"Feature","id":"a-028-afe75da5b0","properties":{"elementId":"A-028","featureId":"a-028-afe75da5b0","name":"কাদেরের খাল","kind":"water","kindLabel":"내륙 수자원 지물","sourceYear":"2026","recordIds":["bgd-v162-a-028-entity-00192"],"rowCount":1,"featureClass":"canal","lengthKm":0.5403},"geometry":{"type":"Point","coordinates":[89.532774,22.810308]}},{"type":"Feature","id":"a-028-ec93e8948c","properties":{"elementId":"A-028","featureId":"a-028-ec93e8948c","name":"কার্জন","kind":"water","kindLabel":"내륙 수자원 지물","sourceYear":"2026","recordIds":["bgd-v162-a-028-entity-00913"],"rowCount":1,"featureClass":"river","lengthKm":2.9654},"geometry":{"type":"Point","coordinates":[91.056555,23.206515]}},{"type":"Feature","id":"a-028-d64c233d4b","properties":{"elementId":"A-028","featureId":"a-028-d64c233d4b","name":"কার্তিকপুর-জয়পাড়া খাল","kind":"water","kindLabel":"내륙 수자원 지물","sourceYear":"2026","recordIds":["bgd-v162-a-028-entity-01114"],"rowCount":1,"featureClass":"river","lengthKm":0.6337},"geometry":{"type":"Point","coordinates":[90.054338,23.631737]}},{"type":"Feature","id":"a-028-46287ea3c3","properties":{"elementId":"A-028","featureId":"a-028-46287ea3c3","name":"কার্তিকপুর-জয়পাড়া খাল","kind":"water","kindLabel":"내륙 수자원 지물","sourceYear":"2026","recordIds":["bgd-v162-a-028-entity-01129"],"rowCount":1,"featureClass":"river","lengthKm":1.834},"geometry":{"type":"Point","coordinates":[90.059345,23.630854]}},{"type":"Feature","id":"a-028-974c02c941","properties":{"elementId":"A-028","featureId":"a-028-974c02c941","name":"কার্তিকপুর-জয়পাড়া খাল","kind":"water","kindLabel":"내륙 수자원 지물","sourceYear":"2026","recordIds":["bgd-v162-a-028-entity-01187"],"rowCount":1,"featureClass":"river","lengthKm":4.8026},"geometry":{"type":"Point","coordinates":[90.075539,23.628737]}},{"type":"Feature","id":"a-028-de318734be","properties":{"elementId":"A-028","featureId":"a-028-de318734be","name":"কালা পাহাড়","kind":"natural","kindLabel":"기타 자연지형지물","sourceYear":"2026","recordIds":["bgd-v162-a-028-entity-00132"],"rowCount":1,"featureClass":"peak"},"geometry":{"type":"Point","coordinates":[92.079599,24.409207]}},{"type":"Feature","id":"a-028-ed8d8bd708","properties":{"elementId":"A-028","featureId":"a-028-ed8d8bd708","name":"কালাপানি","kind":"water","kindLabel":"내륙 수자원 지물","sourceYear":"2026","recordIds":["bgd-v162-a-028-entity-01055"],"rowCount":1,"featureClass":"canal","lengthKm":2.6256},"geometry":{"type":"Point","coordinates":[90.382298,23.826955]}},{"type":"Feature","id":"a-028-b6d4145399","properties":{"elementId":"A-028","featureId":"a-028-b6d4145399","name":"কালিগঙ্গা নদী","kind":"water","kindLabel":"내륙 수자원 지물","sourceYear":"2026","recordIds":["bgd-v162-a-028-entity-01201"],"rowCount":1,"featureClass":"river","lengthKm":58.7798},"geometry":{"type":"Point","coordinates":[89.942921,23.8736]}},{"type":"Feature","id":"a-028-9899a20014","properties":{"elementId":"A-028","featureId":"a-028-9899a20014","name":"কীর্তনখোলা","kind":"water","kindLabel":"내륙 수자원 지물","sourceYear":"2026","recordIds":["bgd-v162-a-028-entity-01558"],"rowCount":1,"featureClass":"river","lengthKm":30.7911},"geometry":{"type":"Point","coordinates":[90.435312,22.783818]}},{"type":"Feature","id":"a-028-e6f5138a87","properties":{"elementId":"A-028","featureId":"a-028-e6f5138a87","name":"কুঁজো খাল","kind":"water","kindLabel":"내륙 수자원 지물","sourceYear":"2026","recordIds":["bgd-v162-a-028-entity-01188"],"rowCount":1,"featureClass":"river","lengthKm":4.9987},"geometry":{"type":"Point","coordinates":[90.048989,24.634614]}},{"type":"Feature","id":"a-028-508062e9ec","properties":{"elementId":"A-028","featureId":"a-028-508062e9ec","name":"কুঁজো খাল","kind":"water","kindLabel":"내륙 수자원 지물","sourceYear":"2026","recordIds":["bgd-v162-a-028-entity-01121"],"rowCount":1,"featureClass":"river","lengthKm":1.1192},"geometry":{"type":"Point","coordinates":[90.064801,24.607899]}},{"type":"Feature","id":"a-028-258e716638","properties":{"elementId":"A-028","featureId":"a-028-258e716638","name":"কুমলাই নদী","kind":"water","kindLabel":"내륙 수자원 지물","sourceYear":"2026","recordIds":["bgd-v162-a-028-entity-01688"],"rowCount":1,"featureClass":"river","lengthKm":11.0553},"geometry":{"type":"Point","coordinates":[88.91991,26.236608]}},{"type":"Feature","id":"a-028-da37086a4e","properties":{"elementId":"A-028","featureId":"a-028-da37086a4e","name":"কুমার নদ","kind":"water","kindLabel":"내륙 수자원 지물","sourceYear":"2026","recordIds":["bgd-v162-a-028-entity-00673"],"rowCount":1,"featureClass":"river","lengthKm":33.8159},"geometry":{"type":"Point","coordinates":[88.905445,23.613371]}},{"type":"Feature","id":"a-028-c12e05b159","properties":{"elementId":"A-028","featureId":"a-028-c12e05b159","name":"কুমার নদ","kind":"water","kindLabel":"내륙 수자원 지물","sourceYear":"2026","recordIds":["bgd-v162-a-028-entity-00580"],"rowCount":1,"featureClass":"river","lengthKm":0.011},"geometry":{"type":"Point","coordinates":[88.9158,23.873137]}},{"type":"Feature","id":"a-028-b5c6983ab9","properties":{"elementId":"A-028","featureId":"a-028-b5c6983ab9","name":"কুমার নদ","kind":"water","kindLabel":"내륙 수자원 지물","sourceYear":"2026","recordIds":["bgd-v162-a-028-entity-00659"],"rowCount":1,"featureClass":"river","lengthKm":26.1675},"geometry":{"type":"Point","coordinates":[88.915851,23.873225]}},{"type":"Feature","id":"a-028-42ed988b81","properties":{"elementId":"A-028","featureId":"a-028-42ed988b81","name":"কুয়াকাটা সমুদ্র সৈকত","kind":"coastal","kindLabel":"해안 지물","sourceYear":"2026","recordIds":["bgd-v162-a-028-entity-00018"],"rowCount":1,"featureClass":"beach"},"geometry":{"type":"Point","coordinates":[90.122647,21.813085]}},{"type":"Feature","id":"a-028-5b8e3246e8","properties":{"elementId":"A-028","featureId":"a-028-5b8e3246e8","name":"কুশিয়ারা নদী","kind":"water","kindLabel":"내륙 수자원 지물","sourceYear":"2026","recordIds":["bgd-v162-a-028-entity-01202"],"rowCount":1,"featureClass":"river","lengthKm":6.3805},"geometry":{"type":"Point","coordinates":[91.17345,24.479816]}},{"type":"Feature","id":"a-028-b98eb9d452","properties":{"elementId":"A-028","featureId":"a-028-b98eb9d452","name":"কুশিয়ারা নদী","kind":"water","kindLabel":"내륙 수자원 지물","sourceYear":"2026","recordIds":["bgd-v162-a-028-entity-01141"],"rowCount":1,"featureClass":"river","lengthKm":13.3074},"geometry":{"type":"Point","coordinates":[91.199449,24.429165]}},{"type":"Feature","id":"a-028-f84593baff","properties":{"elementId":"A-028","featureId":"a-028-f84593baff","name":"কুশিয়ারা নদী","kind":"water","kindLabel":"내륙 수자원 지물","sourceYear":"2026","recordIds":["bgd-v162-a-028-entity-01942"],"rowCount":1,"featureClass":"river","lengthKm":13.1994},"geometry":{"type":"Point","coordinates":[91.240157,24.576305]}},{"type":"Feature","id":"a-028-75b168ebcf","properties":{"elementId":"A-028","featureId":"a-028-75b168ebcf","name":"কুশিয়ারা নদী","kind":"water","kindLabel":"내륙 수자원 지물","sourceYear":"2026","recordIds":["bgd-v162-a-028-entity-01970"],"rowCount":1,"featureClass":"river","lengthKm":48.4088},"geometry":{"type":"Point","coordinates":[91.531895,24.70326]}},{"type":"Feature","id":"a-028-2510a6cf3d","properties":{"elementId":"A-028","featureId":"a-028-2510a6cf3d","name":"কুশিয়ারা নদী","kind":"water","kindLabel":"내륙 수자원 지물","sourceYear":"2026","recordIds":["bgd-v162-a-028-entity-01963"],"rowCount":1,"featureClass":"river","lengthKm":29.7324},"geometry":{"type":"Point","coordinates":[91.723609,24.595207]}},{"type":"Feature","id":"a-028-6c2ace3ac6","properties":{"elementId":"A-028","featureId":"a-028-6c2ace3ac6","name":"কুশিয়ারা নদী","kind":"water","kindLabel":"내륙 수자원 지물","sourceYear":"2026","recordIds":["bgd-v162-a-028-entity-01961"],"rowCount":1,"featureClass":"river","lengthKm":25.8387},"geometry":{"type":"Point","coordinates":[91.896043,24.646588]}},{"type":"Feature","id":"a-028-6ce4584fa7","properties":{"elementId":"A-028","featureId":"a-028-6ce4584fa7","name":"কুশিয়ারা নদী","kind":"water","kindLabel":"내륙 수자원 지물","sourceYear":"2026","recordIds":["bgd-v162-a-028-entity-01973"],"rowCount":1,"featureClass":"river","lengthKm":54.8757},"geometry":{"type":"Point","coordinates":[92.178544,24.856836]}},{"type":"Feature","id":"a-028-88827c21ee","properties":{"elementId":"A-028","featureId":"a-028-88827c21ee","name":"কুশিয়ারা নদী","kind":"water","kindLabel":"내륙 수자원 지물","sourceYear":"2026","recordIds":["bgd-v162-a-028-entity-02079"],"rowCount":1,"featureClass":"river","lengthKm":50.3745},"geometry":{"type":"Point","coordinates":[92.489126,24.875912]}},{"type":"Feature","id":"a-028-818b4a68fc","properties":{"elementId":"A-028","featureId":"a-028-818b4a68fc","name":"কৃষ্ণচূড়া","kind":"natural","kindLabel":"기타 자연지형지물","sourceYear":"2026","recordIds":["bgd-v162-a-028-entity-00089"],"rowCount":1,"featureClass":"tree"},"geometry":{"type":"Point","coordinates":[90.479701,23.727553]}},{"type":"Feature","id":"a-028-acac72abda","properties":{"elementId":"A-028","featureId":"a-028-acac72abda","name":"কৃষ্ণচূড়া","kind":"natural","kindLabel":"기타 자연지형지물","sourceYear":"2026","recordIds":["bgd-v162-a-028-entity-00087"],"rowCount":1,"featureClass":"tree"},"geometry":{"type":"Point","coordinates":[90.479914,23.726816]}},{"type":"Feature","id":"a-028-069fd4fe62","properties":{"elementId":"A-028","featureId":"a-028-069fd4fe62","name":"কৃষ্ণচূড়া","kind":"natural","kindLabel":"기타 자연지형지물","sourceYear":"2026","recordIds":["bgd-v162-a-028-entity-00088"],"rowCount":1,"featureClass":"tree"},"geometry":{"type":"Point","coordinates":[90.48055,23.72708]}},{"type":"Feature","id":"a-028-daaae8f1ed","properties":{"elementId":"A-028","featureId":"a-028-daaae8f1ed","name":"কেওক্রাডং","kind":"natural","kindLabel":"기타 자연지형지물","sourceYear":"2026","recordIds":["bgd-v162-a-028-entity-00046"],"rowCount":1,"featureClass":"peak"},"geometry":{"type":"Point","coordinates":[92.514521,21.949876]}},{"type":"Feature","id":"a-028-9afa694e70","properties":{"elementId":"A-028","featureId":"a-028-9afa694e70","name":"ক্রিস তং","kind":"natural","kindLabel":"기타 자연지형지물","sourceYear":"2026","recordIds":["bgd-v162-a-028-entity-00039"],"rowCount":1,"featureClass":"peak"},"geometry":{"type":"Point","coordinates":[92.471698,21.65886]}},{"type":"Feature","id":"a-028-e11bcd1ad8","properties":{"elementId":"A-028","featureId":"a-028-e11bcd1ad8","name":"ক্ষণিকের মিলন","kind":"natural","kindLabel":"기타 자연지형지물","sourceYear":"2026","recordIds":["bgd-v162-a-028-entity-00100"],"rowCount":1,"featureClass":"tree"},"geometry":{"type":"Point","coordinates":[90.400918,23.736829]}},{"type":"Feature","id":"a-028-034835bf39","properties":{"elementId":"A-028","featureId":"a-028-034835bf39","name":"কৎ বেল","kind":"natural","kindLabel":"기타 자연지형지물","sourceYear":"2026","recordIds":["bgd-v162-a-028-entity-00127"],"rowCount":1,"featureClass":"tree"},"geometry":{"type":"Point","coordinates":[89.294293,24.473657]}},{"type":"Feature","id":"a-028-dd03401f8f","properties":{"elementId":"A-028","featureId":"a-028-dd03401f8f","name":"খজাপুরি খাল","kind":"water","kindLabel":"내륙 수자원 지물","sourceYear":"2026","recordIds":["bgd-v162-a-028-entity-01900"],"rowCount":1,"featureClass":"canal","lengthKm":0.8067},"geometry":{"type":"Point","coordinates":[92.468932,24.911709]}},{"type":"Feature","id":"a-028-c12d196d30","properties":{"elementId":"A-028","featureId":"a-028-c12d196d30","name":"খাইয়ার ছড়া","kind":"water","kindLabel":"내륙 수자원 지물","sourceYear":"2026","recordIds":["bgd-v162-a-028-entity-00992"],"rowCount":1,"featureClass":"stream","lengthKm":2.4669},"geometry":{"type":"Point","coordinates":[92.099558,21.700478]}},{"type":"Feature","id":"a-028-c91a93dfb2","properties":{"elementId":"A-028","featureId":"a-028-c91a93dfb2","name":"খাল","kind":"water","kindLabel":"내륙 수자원 지물","sourceYear":"2026","recordIds":["bgd-v162-a-028-entity-01586"],"rowCount":1,"featureClass":"canal","lengthKm":1.1518},"geometry":{"type":"Point","coordinates":[90.861848,24.658769]}},{"type":"Feature","id":"a-028-1acb6b0949","properties":{"elementId":"A-028","featureId":"a-028-1acb6b0949","name":"খাল","kind":"water","kindLabel":"내륙 수자원 지물","sourceYear":"2026","recordIds":["bgd-v162-a-028-entity-01583"],"rowCount":1,"featureClass":"canal","lengthKm":0.0171},"geometry":{"type":"Point","coordinates":[90.861971,24.658664]}},{"type":"Feature","id":"a-028-65d1c20344","properties":{"elementId":"A-028","featureId":"a-028-65d1c20344","name":"খাল","kind":"water","kindLabel":"내륙 수자원 지물","sourceYear":"2026","recordIds":["bgd-v162-a-028-entity-01588"],"rowCount":1,"featureClass":"canal","lengthKm":1.6362},"geometry":{"type":"Point","coordinates":[90.877565,24.655945]}},{"type":"Feature","id":"a-028-e7d6994b03","properties":{"elementId":"A-028","featureId":"a-028-e7d6994b03","name":"খাল","kind":"water","kindLabel":"내륙 수자원 지물","sourceYear":"2026","recordIds":["bgd-v162-a-028-entity-01584"],"rowCount":1,"featureClass":"canal","lengthKm":0.0234},"geometry":{"type":"Point","coordinates":[90.877763,24.655835]}},{"type":"Feature","id":"a-028-c48b57c7e5","properties":{"elementId":"A-028","featureId":"a-028-c48b57c7e5","name":"খাল","kind":"water","kindLabel":"내륙 수자원 지물","sourceYear":"2026","recordIds":["bgd-v162-a-028-entity-01587"],"rowCount":1,"featureClass":"canal","lengthKm":1.2335},"geometry":{"type":"Point","coordinates":[90.887696,24.658431]}},{"type":"Feature","id":"a-028-8cd05ab828","properties":{"elementId":"A-028","featureId":"a-028-8cd05ab828","name":"খাল","kind":"water","kindLabel":"내륙 수자원 지물","sourceYear":"2026","recordIds":["bgd-v162-a-028-entity-00813"],"rowCount":1,"featureClass":"canal","lengthKm":1.8112},"geometry":{"type":"Point","coordinates":[91.035799,23.114102]}},{"type":"Feature","id":"a-028-737729b5e7","properties":{"elementId":"A-028","featureId":"a-028-737729b5e7","name":"খাল","kind":"water","kindLabel":"내륙 수자원 지물","sourceYear":"2026","recordIds":["bgd-v162-a-028-entity-00772"],"rowCount":1,"featureClass":"canal","lengthKm":0.2397},"geometry":{"type":"Point","coordinates":[91.036631,23.105585]}},{"type":"Feature","id":"a-028-84c139d6a5","properties":{"elementId":"A-028","featureId":"a-028-84c139d6a5","name":"খাল","kind":"water","kindLabel":"내륙 수자원 지물","sourceYear":"2026","recordIds":["bgd-v162-a-028-entity-00776"],"rowCount":1,"featureClass":"canal","lengthKm":0.3007},"geometry":{"type":"Point","coordinates":[91.037702,23.103748]}},{"type":"Feature","id":"a-028-0d011d8d5a","properties":{"elementId":"A-028","featureId":"a-028-0d011d8d5a","name":"খালেক সিকদার বাড়ির খাল","kind":"water","kindLabel":"내륙 수자원 지물","sourceYear":"2026","recordIds":["bgd-v162-a-028-entity-01322"],"rowCount":1,"featureClass":"canal","lengthKm":0.4402},"geometry":{"type":"Point","coordinates":[90.563705,22.168347]}},{"type":"Feature","id":"a-028-c6583c6f66","properties":{"elementId":"A-028","featureId":"a-028-c6583c6f66","name":"খালেক সিকদার বাড়ির খাল","kind":"water","kindLabel":"내륙 수자원 지물","sourceYear":"2026","recordIds":["bgd-v162-a-028-entity-01274"],"rowCount":1,"featureClass":"canal","lengthKm":0.1656},"geometry":{"type":"Point","coordinates":[90.564777,22.165006]}},{"type":"Feature","id":"a-028-c3478b1077","properties":{"elementId":"A-028","featureId":"a-028-c3478b1077","name":"খিলপাড়া-দক্ষিণ বেতকা","kind":"water","kindLabel":"내륙 수자원 지물","sourceYear":"2026","recordIds":["bgd-v162-a-028-entity-01051"],"rowCount":1,"featureClass":"canal","lengthKm":2.4464},"geometry":{"type":"Point","coordinates":[90.453097,23.529605]}},{"type":"Feature","id":"a-028-c72e5ca573","properties":{"elementId":"A-028","featureId":"a-028-c72e5ca573","name":"খুবজিপুর নদী (আত্রাইয়ের শাখা)","kind":"water","kindLabel":"내륙 수자원 지물","sourceYear":"2026","recordIds":["bgd-v162-a-028-entity-01852"],"rowCount":1,"featureClass":"river","lengthKm":3.7918},"geometry":{"type":"Point","coordinates":[89.239156,24.401521]}},{"type":"Feature","id":"a-028-0a6d6c9698","properties":{"elementId":"A-028","featureId":"a-028-0a6d6c9698","name":"গড়াই-মধুমতি নদী","kind":"water","kindLabel":"내륙 수자원 지물","sourceYear":"2026","recordIds":["bgd-v162-a-028-entity-01879"],"rowCount":1,"featureClass":"river","lengthKm":79.3542},"geometry":{"type":"Point","coordinates":[89.110624,23.958702]}},{"type":"Feature","id":"a-028-9c656b61c8","properties":{"elementId":"A-028","featureId":"a-028-9c656b61c8","name":"গদায় বিল এর রাস্তার ধারের ড্রেন","kind":"water","kindLabel":"내륙 수자원 지물","sourceYear":"2026","recordIds":["bgd-v162-a-028-entity-00382"],"rowCount":1,"featureClass":"drain","lengthKm":0.0613},"geometry":{"type":"Point","coordinates":[89.085647,22.726412]}},{"type":"Feature","id":"a-028-b2a93727f4","properties":{"elementId":"A-028","featureId":"a-028-b2a93727f4","name":"গর্জন গাছ","kind":"natural","kindLabel":"기타 자연지형지물","sourceYear":"2026","recordIds":["bgd-v162-a-028-entity-00053"],"rowCount":1,"featureClass":"tree"},"geometry":{"type":"Point","coordinates":[92.094837,21.691786]}},{"type":"Feature","id":"a-028-630ffef639","properties":{"elementId":"A-028","featureId":"a-028-630ffef639","name":"গর্জন গাছ","kind":"natural","kindLabel":"기타 자연지형지물","sourceYear":"2026","recordIds":["bgd-v162-a-028-entity-00066"],"rowCount":1,"featureClass":"tree"},"geometry":{"type":"Point","coordinates":[92.097827,21.696775]}},{"type":"Feature","id":"a-028-3574d26149","properties":{"elementId":"A-028","featureId":"a-028-3574d26149","name":"গর্জন গাছ","kind":"natural","kindLabel":"기타 자연지형지물","sourceYear":"2026","recordIds":["bgd-v162-a-028-entity-00056"],"rowCount":1,"featureClass":"tree"},"geometry":{"type":"Point","coordinates":[92.098968,21.693755]}},{"type":"Feature","id":"a-028-16c66e55d3","properties":{"elementId":"A-028","featureId":"a-028-16c66e55d3","name":"গর্জন গাছ","kind":"natural","kindLabel":"기타 자연지형지물","sourceYear":"2026","recordIds":["bgd-v162-a-028-entity-00058"],"rowCount":1,"featureClass":"tree"},"geometry":{"type":"Point","coordinates":[92.099703,21.694223]}},{"type":"Feature","id":"a-028-64b03f086b","properties":{"elementId":"A-028","featureId":"a-028-64b03f086b","name":"গর্জন গাছ","kind":"natural","kindLabel":"기타 자연지형지물","sourceYear":"2026","recordIds":["bgd-v162-a-028-entity-00057"],"rowCount":1,"featureClass":"tree"},"geometry":{"type":"Point","coordinates":[92.099971,21.694138]}},{"type":"Feature","id":"a-028-ecbf03877a","properties":{"elementId":"A-028","featureId":"a-028-ecbf03877a","name":"গাজীখালী নদী","kind":"water","kindLabel":"내륙 수자원 지물","sourceYear":"2026","recordIds":["bgd-v162-a-028-entity-01195"],"rowCount":1,"featureClass":"river","lengthKm":48.2021},"geometry":{"type":"Point","coordinates":[89.961976,23.960347]}},{"type":"Feature","id":"a-028-813c77d76d","properties":{"elementId":"A-028","featureId":"a-028-813c77d76d","name":"গাবখান খাল","kind":"water","kindLabel":"내륙 수자원 지물","sourceYear":"2026","recordIds":["bgd-v162-a-028-entity-01445"],"rowCount":1,"featureClass":"canal","lengthKm":14.4554},"geometry":{"type":"Point","coordinates":[90.176516,22.628675]}},{"type":"Feature","id":"a-028-96098de3a1","properties":{"elementId":"A-028","featureId":"a-028-96098de3a1","name":"গুলিয়ারপাড়া ছোট খাঁড়ী","kind":"water","kindLabel":"내륙 수자원 지물","sourceYear":"2026","recordIds":["bgd-v162-a-028-entity-01776"],"rowCount":1,"featureClass":"canal","lengthKm":0.2207},"geometry":{"type":"Point","coordinates":[89.207661,24.837522]}},{"type":"Feature","id":"a-028-2f29c5f828","properties":{"elementId":"A-028","featureId":"a-028-2f29c5f828","name":"গোবরার খাল","kind":"water","kindLabel":"내륙 수자원 지물","sourceYear":"2026","recordIds":["bgd-v162-a-028-entity-00739"],"rowCount":1,"featureClass":"stream","lengthKm":9.5018},"geometry":{"type":"Point","coordinates":[89.497399,23.107727]}},{"type":"Feature","id":"a-028-914ed7bf72","properties":{"elementId":"A-028","featureId":"a-028-914ed7bf72","name":"গোমতী নদী","kind":"water","kindLabel":"내륙 수자원 지물","sourceYear":"2026","recordIds":["bgd-v162-a-028-entity-00960"],"rowCount":1,"featureClass":"river","lengthKm":6.4046},"geometry":{"type":"Point","coordinates":[91.186835,23.479661]}},{"type":"Feature","id":"a-028-81b5242db2","properties":{"elementId":"A-028","featureId":"a-028-81b5242db2","name":"গোহালা নদী","kind":"water","kindLabel":"내륙 수자원 지물","sourceYear":"2026","recordIds":["bgd-v162-a-028-entity-01842"],"rowCount":1,"featureClass":"river","lengthKm":24.9398},"geometry":{"type":"Point","coordinates":[89.455011,24.243893]}},{"type":"Feature","id":"a-028-c781eee29b","properties":{"elementId":"A-028","featureId":"a-028-c781eee29b","name":"ঘাঘট নদী","kind":"water","kindLabel":"내륙 수자원 지물","sourceYear":"2026","recordIds":["bgd-v162-a-028-entity-01756"],"rowCount":1,"featureClass":"river","lengthKm":83.1373},"geometry":{"type":"Point","coordinates":[89.078607,25.99008]}},{"type":"Feature","id":"a-028-38ac1082d4","properties":{"elementId":"A-028","featureId":"a-028-38ac1082d4","name":"ঘাঘট নদী","kind":"water","kindLabel":"내륙 수자원 지물","sourceYear":"2026","recordIds":["bgd-v162-a-028-entity-01750"],"rowCount":1,"featureClass":"river","lengthKm":7.3786},"geometry":{"type":"Point","coordinates":[89.240273,25.676287]}},{"type":"Feature","id":"a-028-edfe6f97b2","properties":{"elementId":"A-028","featureId":"a-028-edfe6f97b2","name":"ঘাঘট নদী","kind":"water","kindLabel":"내륙 수자원 지물","sourceYear":"2026","recordIds":["bgd-v162-a-028-entity-01692"],"rowCount":1,"featureClass":"river","lengthKm":122.3502},"geometry":{"type":"Point","coordinates":[89.274142,25.679548]}},{"type":"Feature","id":"a-028-b6edf0d631","properties":{"elementId":"A-028","featureId":"a-028-b6edf0d631","name":"ঘাঘট নদী","kind":"water","kindLabel":"내륙 수자원 지물","sourceYear":"2026","recordIds":["bgd-v162-a-028-entity-01684"],"rowCount":1,"featureClass":"river","lengthKm":1.5569},"geometry":{"type":"Point","coordinates":[89.394068,25.601416]}},{"type":"Feature","id":"a-028-ca6114ef93","properties":{"elementId":"A-028","featureId":"a-028-ca6114ef93","name":"ঘাঘট নদী","kind":"water","kindLabel":"내륙 수자원 지물","sourceYear":"2026","recordIds":["bgd-v162-a-028-entity-01730"],"rowCount":1,"featureClass":"river","lengthKm":4.1816},"geometry":{"type":"Point","coordinates":[89.629061,25.273708]}},{"type":"Feature","id":"a-028-8ed34f5c6f","properties":{"elementId":"A-028","featureId":"a-028-8ed34f5c6f","name":"চাক্তাই খাল","kind":"water","kindLabel":"내륙 수자원 지물","sourceYear":"2026","recordIds":["bgd-v162-a-028-entity-00798"],"rowCount":1,"featureClass":"canal","lengthKm":1.0615},"geometry":{"type":"Point","coordinates":[91.854336,22.337195]}},{"type":"Feature","id":"a-028-0838f989da","properties":{"elementId":"A-028","featureId":"a-028-0838f989da","name":"চানপুর খাল","kind":"water","kindLabel":"내륙 수자원 지물","sourceYear":"2026","recordIds":["bgd-v162-a-028-entity-01470"],"rowCount":1,"featureClass":"canal","lengthKm":2.9155},"geometry":{"type":"Point","coordinates":[90.572062,22.1802]}},{"type":"Feature","id":"a-028-934ec9d03f","properties":{"elementId":"A-028","featureId":"a-028-934ec9d03f","name":"চিত্রা নদী","kind":"water","kindLabel":"내륙 수자원 지물","sourceYear":"2026","recordIds":["bgd-v162-a-028-entity-00671"],"rowCount":1,"featureClass":"river","lengthKm":32.7113},"geometry":{"type":"Point","coordinates":[89.526529,23.237911]}},{"type":"Feature","id":"a-028-b1e186b429","properties":{"elementId":"A-028","featureId":"a-028-b1e186b429","name":"চিত্রা নদী","kind":"water","kindLabel":"내륙 수자원 지물","sourceYear":"2026","recordIds":["bgd-v162-a-028-entity-00721"],"rowCount":1,"featureClass":"river","lengthKm":9.5793},"geometry":{"type":"Point","coordinates":[89.536081,23.045635]}},{"type":"Feature","id":"a-028-15b63dc301","properties":{"elementId":"A-028","featureId":"a-028-15b63dc301","name":"চিম্বুক","kind":"natural","kindLabel":"기타 자연지형지물","sourceYear":"2026","recordIds":["bgd-v162-a-028-entity-00042"],"rowCount":1,"featureClass":"peak"},"geometry":{"type":"Point","coordinates":[92.379587,21.820305]}},{"type":"Feature","id":"a-028-7ea4ddbf07","properties":{"elementId":"A-028","featureId":"a-028-7ea4ddbf07","name":"চিলাই নদী","kind":"water","kindLabel":"내륙 수자원 지물","sourceYear":"2026","recordIds":["bgd-v162-a-028-entity-01166"],"rowCount":1,"featureClass":"river","lengthKm":23.7576},"geometry":{"type":"Point","coordinates":[90.41893,24.074146]}},{"type":"Feature","id":"a-028-af775b107c","properties":{"elementId":"A-028","featureId":"a-028-af775b107c","name":"চৈত পূজার খাল","kind":"water","kindLabel":"내륙 수자원 지물","sourceYear":"2026","recordIds":["bgd-v162-a-028-entity-01035"],"rowCount":1,"featureClass":"canal","lengthKm":0.3531},"geometry":{"type":"Point","coordinates":[90.062879,24.461731]}},{"type":"Feature","id":"a-028-3d348790e6","properties":{"elementId":"A-028","featureId":"a-028-3d348790e6","name":"ছবেদা বাগান","kind":"natural","kindLabel":"기타 자연지형지물","sourceYear":"2026","recordIds":["bgd-v162-a-028-entity-00026"],"rowCount":1,"featureClass":"tree"},"geometry":{"type":"Point","coordinates":[89.513848,22.874663]}},{"type":"Feature","id":"a-028-c292161887","properties":{"elementId":"A-028","featureId":"a-028-c292161887","name":"ছাতার খাই কাটা গাং","kind":"water","kindLabel":"내륙 수자원 지물","sourceYear":"2026","recordIds":["bgd-v162-a-028-entity-01908"],"rowCount":1,"featureClass":"canal","lengthKm":2.2137},"geometry":{"type":"Point","coordinates":[92.133368,25.016461]}},{"type":"Feature","id":"a-028-c620451b6b","properties":{"elementId":"A-028","featureId":"a-028-c620451b6b","name":"ছাতার খাই কাটা গাং","kind":"water","kindLabel":"내륙 수자원 지물","sourceYear":"2026","recordIds":["bgd-v162-a-028-entity-01911"],"rowCount":1,"featureClass":"canal","lengthKm":3.2894},"geometry":{"type":"Point","coordinates":[92.143217,25.010783]}},{"type":"Feature","id":"a-028-9447fe43e8","properties":{"elementId":"A-028","featureId":"a-028-9447fe43e8","name":"ছোট যমুনা নদী","kind":"water","kindLabel":"내륙 수자원 지물","sourceYear":"2026","recordIds":["bgd-v162-a-028-entity-01877"],"rowCount":1,"featureClass":"river","lengthKm":71.7752},"geometry":{"type":"Point","coordinates":[88.921715,25.021411]}},{"type":"Feature","id":"a-028-c32b1f5db4","properties":{"elementId":"A-028","featureId":"a-028-c32b1f5db4","name":"জমজমিয়া খাল","kind":"water","kindLabel":"내륙 수자원 지물","sourceYear":"2026","recordIds":["bgd-v162-a-028-entity-00839"],"rowCount":1,"featureClass":"canal","lengthKm":6.5878},"geometry":{"type":"Point","coordinates":[90.719607,23.34394]}},{"type":"Feature","id":"a-028-cb18b47138","properties":{"elementId":"A-028","featureId":"a-028-cb18b47138","name":"জমজমিয়া খাল","kind":"water","kindLabel":"내륙 수자원 지물","sourceYear":"2026","recordIds":["bgd-v162-a-028-entity-00836"],"rowCount":1,"featureClass":"canal","lengthKm":4.7802},"geometry":{"type":"Point","coordinates":[90.745949,23.301109]}},{"type":"Feature","id":"a-028-4a054626a8","properties":{"elementId":"A-028","featureId":"a-028-4a054626a8","name":"জমজমিয়া খাল","kind":"water","kindLabel":"내륙 수자원 지물","sourceYear":"2026","recordIds":["bgd-v162-a-028-entity-00837"],"rowCount":1,"featureClass":"canal","lengthKm":5.736},"geometry":{"type":"Point","coordinates":[90.759421,23.256471]}},{"type":"Feature","id":"a-028-7a924785bb","properties":{"elementId":"A-028","featureId":"a-028-7a924785bb","name":"জহুরের খাল","kind":"water","kindLabel":"내륙 수자원 지물","sourceYear":"2026","recordIds":["bgd-v162-a-028-entity-01523"],"rowCount":1,"featureClass":"drain","lengthKm":1.5194},"geometry":{"type":"Point","coordinates":[90.568408,22.177654]}},{"type":"Feature","id":"a-028-db090d2e43","properties":{"elementId":"A-028","featureId":"a-028-db090d2e43","name":"জামতলা সমুদ্র সৈকত","kind":"coastal","kindLabel":"해안 지물","sourceYear":"2026","recordIds":["bgd-v162-a-028-entity-00001"],"rowCount":1,"featureClass":"beach"},"geometry":{"type":"Point","coordinates":[89.822907,21.847183]}},{"type":"Feature","id":"a-028-0b38538234","properties":{"elementId":"A-028","featureId":"a-028-0b38538234","name":"জারুল গাছতলা","kind":"natural","kindLabel":"기타 자연지형지물","sourceYear":"2026","recordIds":["bgd-v162-a-028-entity-00068"],"rowCount":1,"featureClass":"tree"},"geometry":{"type":"Point","coordinates":[92.099808,21.698268]}},{"type":"Feature","id":"a-028-43999eab48","properties":{"elementId":"A-028","featureId":"a-028-43999eab48","name":"ঝিনাই নদী","kind":"water","kindLabel":"내륙 수자원 지물","sourceYear":"2026","recordIds":["bgd-v162-a-028-entity-01132"],"rowCount":1,"featureClass":"river","lengthKm":104.0613},"geometry":{"type":"Point","coordinates":[90.05657,24.333412]}},{"type":"Feature","id":"a-028-7b166f561d","properties":{"elementId":"A-028","featureId":"a-028-7b166f561d","name":"ঝিনাই নদী ও বংশী নদী","kind":"water","kindLabel":"내륙 수자원 지물","sourceYear":"2026","recordIds":["bgd-v162-a-028-entity-01200"],"rowCount":1,"featureClass":"river","lengthKm":54.6391},"geometry":{"type":"Point","coordinates":[90.064684,24.309591]}},{"type":"Feature","id":"a-028-f4a0e31930","properties":{"elementId":"A-028","featureId":"a-028-f4a0e31930","name":"ঝিনাই নদী ও বংশী নদী","kind":"water","kindLabel":"내륙 수자원 지물","sourceYear":"2026","recordIds":["bgd-v162-a-028-entity-01167"],"rowCount":1,"featureClass":"river","lengthKm":24.056},"geometry":{"type":"Point","coordinates":[90.076671,24.438681]}},{"type":"Feature","id":"a-028-bbd2ea5feb","properties":{"elementId":"A-028","featureId":"a-028-bbd2ea5feb","name":"ঝিনাইকুঁড়ি নদী","kind":"water","kindLabel":"내륙 수자원 지물","sourceYear":"2026","recordIds":["bgd-v162-a-028-entity-01673"],"rowCount":1,"featureClass":"river","lengthKm":0.4951},"geometry":{"type":"Point","coordinates":[88.559235,26.191592]}},{"type":"Feature","id":"a-028-4f9daf7f4e","properties":{"elementId":"A-028","featureId":"a-028-4f9daf7f4e","name":"ঝিনাইকুঁড়ি নদী","kind":"water","kindLabel":"내륙 수자원 지물","sourceYear":"2026","recordIds":["bgd-v162-a-028-entity-01671"],"rowCount":1,"featureClass":"river","lengthKm":0.2815},"geometry":{"type":"Point","coordinates":[88.559543,26.194059]}},{"type":"Feature","id":"a-028-aa75fee84b","properties":{"elementId":"A-028","featureId":"a-028-aa75fee84b","name":"ঝিনাইকুঁড়ি নদী","kind":"water","kindLabel":"내륙 수자원 지물","sourceYear":"2026","recordIds":["bgd-v162-a-028-entity-01677"],"rowCount":1,"featureClass":"river","lengthKm":0.7985},"geometry":{"type":"Point","coordinates":[88.559838,26.195676]}},{"type":"Feature","id":"a-028-fcdb3d2972","properties":{"elementId":"A-028","featureId":"a-028-fcdb3d2972","name":"টেপুর খাল","kind":"water","kindLabel":"내륙 수자원 지물","sourceYear":"2026","recordIds":["bgd-v162-a-028-entity-01800"],"rowCount":1,"featureClass":"canal","lengthKm":5.1851},"geometry":{"type":"Point","coordinates":[89.507349,24.79032]}},{"type":"Feature","id":"a-028-9f1730ae5b","properties":{"elementId":"A-028","featureId":"a-028-9f1730ae5b","name":"টেপুর খাল","kind":"water","kindLabel":"내륙 수자원 지물","sourceYear":"2026","recordIds":["bgd-v162-a-028-entity-01837"],"rowCount":1,"featureClass":"river","lengthKm":2.4012},"geometry":{"type":"Point","coordinates":[89.520929,24.805896]}},{"type":"Feature","id":"a-028-ebf869a594","properties":{"elementId":"A-028","featureId":"a-028-ebf869a594","name":"ডাকাতিয়া নদী","kind":"water","kindLabel":"내륙 수자원 지물","sourceYear":"2026","recordIds":["bgd-v162-a-028-entity-00866"],"rowCount":1,"featureClass":"river","lengthKm":0.5664},"geometry":{"type":"Point","coordinates":[90.704478,23.22606]}},{"type":"Feature","id":"a-028-641496969e","properties":{"elementId":"A-028","featureId":"a-028-641496969e","name":"ডাকাতিয়া নদী","kind":"water","kindLabel":"내륙 수자원 지물","sourceYear":"2026","recordIds":["bgd-v162-a-028-entity-00946"],"rowCount":1,"featureClass":"river","lengthKm":49.3567},"geometry":{"type":"Point","coordinates":[90.704663,23.108233]}},{"type":"Feature","id":"a-028-f6bfbdaed2","properties":{"elementId":"A-028","featureId":"a-028-f6bfbdaed2","name":"ডাকাতিয়া নদী","kind":"water","kindLabel":"내륙 수자원 지물","sourceYear":"2026","recordIds":["bgd-v162-a-028-entity-00932"],"rowCount":1,"featureClass":"river","lengthKm":3.829},"geometry":{"type":"Point","coordinates":[90.705511,23.10716]}},{"type":"Feature","id":"a-028-f68eaf727d","properties":{"elementId":"A-028","featureId":"a-028-f68eaf727d","name":"ডাকাতিয়া নদী","kind":"water","kindLabel":"내륙 수자원 지물","sourceYear":"2026","recordIds":["bgd-v162-a-028-entity-00965"],"rowCount":1,"featureClass":"river","lengthKm":68.4016},"geometry":{"type":"Point","coordinates":[90.709905,23.213964]}},{"type":"Feature","id":"a-028-da60cd62f2","properties":{"elementId":"A-028","featureId":"a-028-da60cd62f2","name":"ডাকাতিয়া নদী","kind":"water","kindLabel":"내륙 수자원 지물","sourceYear":"2026","recordIds":["bgd-v162-a-028-entity-00939"],"rowCount":1,"featureClass":"river","lengthKm":38.3008},"geometry":{"type":"Point","coordinates":[90.723777,22.981446]}},{"type":"Feature","id":"a-028-e392e8d027","properties":{"elementId":"A-028","featureId":"a-028-e392e8d027","name":"ডাকাতিয়া নদী","kind":"water","kindLabel":"내륙 수자원 지물","sourceYear":"2026","recordIds":["bgd-v162-a-028-entity-00975"],"rowCount":1,"featureClass":"river","lengthKm":9.6548},"geometry":{"type":"Point","coordinates":[91.042728,23.119333]}},{"type":"Feature","id":"a-028-d4c801b177","properties":{"elementId":"A-028","featureId":"a-028-d4c801b177","name":"ডাকাতিয়া নদী","kind":"water","kindLabel":"내륙 수자원 지물","sourceYear":"2026","recordIds":["bgd-v162-a-028-entity-00968"],"rowCount":1,"featureClass":"river","lengthKm":7.6746},"geometry":{"type":"Point","coordinates":[91.05042,23.157816]}},{"type":"Feature","id":"a-028-a0450a4a10","properties":{"elementId":"A-028","featureId":"a-028-a0450a4a10","name":"ডাকাতিয়া নদী","kind":"water","kindLabel":"내륙 수자원 지물","sourceYear":"2026","recordIds":["bgd-v162-a-028-entity-00892"],"rowCount":1,"featureClass":"river","lengthKm":13.2458},"geometry":{"type":"Point","coordinates":[91.114553,23.229421]}},{"type":"Feature","id":"a-028-f2dd8cbafe","properties":{"elementId":"A-028","featureId":"a-028-f2dd8cbafe","name":"ডাকুয়া নদী","kind":"water","kindLabel":"내륙 수자원 지물","sourceYear":"2026","recordIds":["bgd-v162-a-028-entity-00670"],"rowCount":1,"featureClass":"river","lengthKm":31.1744},"geometry":{"type":"Point","coordinates":[89.198636,23.669566]}},{"type":"Feature","id":"a-028-f7a3f4abfd","properties":{"elementId":"A-028","featureId":"a-028-f7a3f4abfd","name":"ঢাকি নদী","kind":"water","kindLabel":"내륙 수자원 지물","sourceYear":"2026","recordIds":["bgd-v162-a-028-entity-00640"],"rowCount":1,"featureClass":"river","lengthKm":17.6584},"geometry":{"type":"Point","coordinates":[89.47315,22.567494]}},{"type":"Feature","id":"a-028-a5187b5735","properties":{"elementId":"A-028","featureId":"a-028-a5187b5735","name":"তাজিং ডং","kind":"natural","kindLabel":"기타 자연지형지물","sourceYear":"2026","recordIds":["bgd-v162-a-028-entity-00043"],"rowCount":1,"featureClass":"peak"},"geometry":{"type":"Point","coordinates":[92.53646,21.821586]}},{"type":"Feature","id":"a-028-884615547d","properties":{"elementId":"A-028","featureId":"a-028-884615547d","name":"তুরাগ নদী","kind":"water","kindLabel":"내륙 수자원 지물","sourceYear":"2026","recordIds":["bgd-v162-a-028-entity-01174"],"rowCount":1,"featureClass":"river","lengthKm":3.7884},"geometry":{"type":"Point","coordinates":[90.34749,23.920755]}},{"type":"Feature","id":"a-028-c1a6561f94","properties":{"elementId":"A-028","featureId":"a-028-c1a6561f94","name":"তুরাগ নদী","kind":"water","kindLabel":"내륙 수자원 지물","sourceYear":"2026","recordIds":["bgd-v162-a-028-entity-01101"],"rowCount":1,"featureClass":"river","lengthKm":0.0395},"geometry":{"type":"Point","coordinates":[90.348781,23.894612]}},{"type":"Feature","id":"a-028-f971d5bbbd","properties":{"elementId":"A-028","featureId":"a-028-f971d5bbbd","name":"তুরাগ নদী","kind":"water","kindLabel":"내륙 수자원 지물","sourceYear":"2026","recordIds":["bgd-v162-a-028-entity-01126"],"rowCount":1,"featureClass":"river","lengthKm":1.6393},"geometry":{"type":"Point","coordinates":[90.348824,23.894259]}},{"type":"Feature","id":"a-028-60533f5675","properties":{"elementId":"A-028","featureId":"a-028-60533f5675","name":"তুরাগ নদী","kind":"water","kindLabel":"내륙 수자원 지물","sourceYear":"2026","recordIds":["bgd-v162-a-028-entity-01140"],"rowCount":1,"featureClass":"river","lengthKm":12.8302},"geometry":{"type":"Point","coordinates":[90.349893,23.879954]}},{"type":"Feature","id":"a-028-1ced021951","properties":{"elementId":"A-028","featureId":"a-028-1ced021951","name":"তুরাগ নদী","kind":"water","kindLabel":"내륙 수자원 지물","sourceYear":"2026","recordIds":["bgd-v162-a-028-entity-01158"],"rowCount":1,"featureClass":"river","lengthKm":2.2552},"geometry":{"type":"Point","coordinates":[90.359904,23.892391]}},{"type":"Feature","id":"a-028-db1e63b10b","properties":{"elementId":"A-028","featureId":"a-028-db1e63b10b","name":"তুরাগ নদী","kind":"water","kindLabel":"내륙 수자원 지물","sourceYear":"2026","recordIds":["bgd-v162-a-028-entity-01099"],"rowCount":1,"featureClass":"river","lengthKm":0.0292},"geometry":{"type":"Point","coordinates":[90.359971,23.892646]}},{"type":"Feature","id":"a-028-4ea58101a9","properties":{"elementId":"A-028","featureId":"a-028-4ea58101a9","name":"তুরাগ নদী","kind":"water","kindLabel":"내륙 수자원 지물","sourceYear":"2026","recordIds":["bgd-v162-a-028-entity-01146"],"rowCount":1,"featureClass":"river","lengthKm":14.0412},"geometry":{"type":"Point","coordinates":[90.461145,23.883103]}},{"type":"Feature","id":"a-028-e4093feb7b","properties":{"elementId":"A-028","featureId":"a-028-e4093feb7b","name":"তেঁতুল","kind":"natural","kindLabel":"기타 자연지형지물","sourceYear":"2026","recordIds":["bgd-v162-a-028-entity-00091"],"rowCount":1,"featureClass":"tree"},"geometry":{"type":"Point","coordinates":[90.479487,23.728589]}},{"type":"Feature","id":"a-028-0ee24e1b4a","properties":{"elementId":"A-028","featureId":"a-028-0ee24e1b4a","name":"থানার জামগাছ","kind":"natural","kindLabel":"기타 자연지형지물","sourceYear":"2026","recordIds":["bgd-v162-a-028-entity-00118"],"rowCount":1,"featureClass":"tree"},"geometry":{"type":"Point","coordinates":[90.652544,24.424697]}},{"type":"Feature","id":"a-028-cdfad6de0d","properties":{"elementId":"A-028","featureId":"a-028-cdfad6de0d","name":"দুধকুমার নদী","kind":"water","kindLabel":"내륙 수자원 지물","sourceYear":"2026","recordIds":["bgd-v162-a-028-entity-02073"],"rowCount":1,"featureClass":"river","lengthKm":48.8882},"geometry":{"type":"Point","coordinates":[89.674077,26.200472]}},{"type":"Feature","id":"a-028-18710214fa","properties":{"elementId":"A-028","featureId":"a-028-18710214fa","name":"দুধকুমার নদী","kind":"water","kindLabel":"내륙 수자원 지물","sourceYear":"2026","recordIds":["bgd-v162-a-028-entity-01679"],"rowCount":1,"featureClass":"river","lengthKm":1.018},"geometry":{"type":"Point","coordinates":[89.768804,25.922425]}},{"type":"Feature","id":"a-028-205fa4c04f","properties":{"elementId":"A-028","featureId":"a-028-205fa4c04f","name":"দুধকুমার নদী","kind":"water","kindLabel":"내륙 수자원 지물","sourceYear":"2026","recordIds":["bgd-v162-a-028-entity-01728"],"rowCount":1,"featureClass":"river","lengthKm":4.0346},"geometry":{"type":"Point","coordinates":[89.770725,25.969765]}},{"type":"Feature","id":"a-028-8f6de4d2e2","properties":{"elementId":"A-028","featureId":"a-028-8f6de4d2e2","name":"দুধকুমার নদী","kind":"water","kindLabel":"내륙 수자원 지물","sourceYear":"2026","recordIds":["bgd-v162-a-028-entity-01681"],"rowCount":1,"featureClass":"river","lengthKm":1.1015},"geometry":{"type":"Point","coordinates":[89.778439,25.920755]}},{"type":"Feature","id":"a-028-b4161142f9","properties":{"elementId":"A-028","featureId":"a-028-b4161142f9","name":"ধলেশ্বরী নদী","kind":"water","kindLabel":"내륙 수자원 지물","sourceYear":"2026","recordIds":["bgd-v162-a-028-entity-01181"],"rowCount":1,"featureClass":"river","lengthKm":33.4875},"geometry":{"type":"Point","coordinates":[89.960592,24.027802]}},{"type":"Feature","id":"a-028-e984428e9b","properties":{"elementId":"A-028","featureId":"a-028-e984428e9b","name":"ধলেশ্বরী নদী","kind":"water","kindLabel":"내륙 수자원 지물","sourceYear":"2026","recordIds":["bgd-v162-a-028-entity-01169"],"rowCount":1,"featureClass":"river","lengthKm":28.1936},"geometry":{"type":"Point","coordinates":[90.249353,23.733929]}},{"type":"Feature","id":"a-028-04650f7fcf","properties":{"elementId":"A-028","featureId":"a-028-04650f7fcf","name":"ধলেশ্বরী নদী","kind":"water","kindLabel":"내륙 수자원 지물","sourceYear":"2026","recordIds":["bgd-v162-a-028-entity-01143"],"rowCount":1,"featureClass":"river","lengthKm":13.4825},"geometry":{"type":"Point","coordinates":[90.449735,23.626582]}},{"type":"Feature","id":"a-028-5287f931a8","properties":{"elementId":"A-028","featureId":"a-028-5287f931a8","name":"ধুরুং খাল","kind":"water","kindLabel":"내륙 수자원 지물","sourceYear":"2026","recordIds":["bgd-v162-a-028-entity-00829"],"rowCount":1,"featureClass":"canal","lengthKm":23.6257},"geometry":{"type":"Point","coordinates":[91.881754,22.767672]}},{"type":"Feature","id":"a-028-97d39a8bd3","properties":{"elementId":"A-028","featureId":"a-028-97d39a8bd3","name":"নড়াই নদী","kind":"water","kindLabel":"내륙 수자원 지물","sourceYear":"2026","recordIds":["bgd-v162-a-028-entity-01054"],"rowCount":1,"featureClass":"canal","lengthKm":2.5728},"geometry":{"type":"Point","coordinates":[90.423566,23.767866]}},{"type":"Feature","id":"a-028-c92c644c77","properties":{"elementId":"A-028","featureId":"a-028-c92c644c77","name":"নড়াই নদী","kind":"water","kindLabel":"내륙 수자원 지물","sourceYear":"2026","recordIds":["bgd-v162-a-028-entity-01128"],"rowCount":1,"featureClass":"river","lengthKm":1.7525},"geometry":{"type":"Point","coordinates":[90.446156,23.760469]}},{"type":"Feature","id":"a-028-9d8f1add9d","properties":{"elementId":"A-028","featureId":"a-028-9d8f1add9d","name":"নড়াই নদীর","kind":"water","kindLabel":"내륙 수자원 지물","sourceYear":"2026","recordIds":["bgd-v162-a-028-entity-01157"],"rowCount":1,"featureClass":"river","lengthKm":2.247},"geometry":{"type":"Point","coordinates":[90.462738,23.760174]}},{"type":"Feature","id":"a-028-288597ae38","properties":{"elementId":"A-028","featureId":"a-028-288597ae38","name":"নতুন খাল","kind":"water","kindLabel":"내륙 수자원 지물","sourceYear":"2026","recordIds":["bgd-v162-a-028-entity-00869"],"rowCount":1,"featureClass":"river","lengthKm":0.7894},"geometry":{"type":"Point","coordinates":[92.033441,21.422588]}},{"type":"Feature","id":"a-028-65aae19bf8","properties":{"elementId":"A-028","featureId":"a-028-65aae19bf8","name":"নতুন খাল","kind":"water","kindLabel":"내륙 수자원 지물","sourceYear":"2026","recordIds":["bgd-v162-a-028-entity-00844"],"rowCount":1,"featureClass":"river","lengthKm":0.0461},"geometry":{"type":"Point","coordinates":[92.07703,21.405138]}},{"type":"Feature","id":"a-028-514b54c11b","properties":{"elementId":"A-028","featureId":"a-028-514b54c11b","name":"নতুন খাল","kind":"water","kindLabel":"내륙 수자원 지물","sourceYear":"2026","recordIds":["bgd-v162-a-028-entity-00950"],"rowCount":1,"featureClass":"river","lengthKm":5.2073},"geometry":{"type":"Point","coordinates":[92.077089,21.405549]}},{"type":"Feature","id":"a-028-082884adac","properties":{"elementId":"A-028","featureId":"a-028-082884adac","name":"নতুন খাল","kind":"water","kindLabel":"내륙 수자원 지물","sourceYear":"2026","recordIds":["bgd-v162-a-028-entity-00933"],"rowCount":1,"featureClass":"river","lengthKm":3.9373},"geometry":{"type":"Point","coordinates":[92.109217,21.406048]}},{"type":"Feature","id":"a-028-484996f0c9","properties":{"elementId":"A-028","featureId":"a-028-484996f0c9","name":"নবগঙ্গা নদী","kind":"water","kindLabel":"내륙 수자원 지물","sourceYear":"2026","recordIds":["bgd-v162-a-028-entity-00689"],"rowCount":1,"featureClass":"river","lengthKm":5.0917},"geometry":{"type":"Point","coordinates":[89.56036,22.982764]}},{"type":"Feature","id":"a-028-5b8f99906d","properties":{"elementId":"A-028","featureId":"a-028-5b8f99906d","name":"নবগঙ্গা নদী","kind":"water","kindLabel":"내륙 수자원 지물","sourceYear":"2026","recordIds":["bgd-v162-a-028-entity-00660"],"rowCount":1,"featureClass":"river","lengthKm":28.0652},"geometry":{"type":"Point","coordinates":[89.686096,23.093224]}},{"type":"Feature","id":"a-028-577102753b","properties":{"elementId":"A-028","featureId":"a-028-577102753b","name":"নরসুন্দা নদী","kind":"water","kindLabel":"내륙 수자원 지물","sourceYear":"2026","recordIds":["bgd-v162-a-028-entity-01635"],"rowCount":1,"featureClass":"river","lengthKm":41.5441},"geometry":{"type":"Point","coordinates":[90.599431,24.686661]}},{"type":"Feature","id":"a-028-c2affdb92f","properties":{"elementId":"A-028","featureId":"a-028-c2affdb92f","name":"নরসুন্দা নদী","kind":"water","kindLabel":"내륙 수자원 지물","sourceYear":"2026","recordIds":["bgd-v162-a-028-entity-01131"],"rowCount":1,"featureClass":"river","lengthKm":10.3961},"geometry":{"type":"Point","coordinates":[90.806959,24.442686]}},{"type":"Feature","id":"a-028-9d806c5925","properties":{"elementId":"A-028","featureId":"a-028-9d806c5925","name":"নরসুন্দা নদী","kind":"water","kindLabel":"내륙 수자원 지물","sourceYear":"2026","recordIds":["bgd-v162-a-028-entity-01179"],"rowCount":1,"featureClass":"river","lengthKm":31.9375},"geometry":{"type":"Point","coordinates":[90.811181,24.50259]}},{"type":"Feature","id":"a-028-ced5356801","properties":{"elementId":"A-028","featureId":"a-028-ced5356801","name":"নরসুন্দা নদী","kind":"water","kindLabel":"내륙 수자원 지물","sourceYear":"2026","recordIds":["bgd-v162-a-028-entity-01164"],"rowCount":1,"featureClass":"river","lengthKm":20.2956},"geometry":{"type":"Point","coordinates":[90.867158,24.465329]}},{"type":"Feature","id":"a-028-36521bf82f","properties":{"elementId":"A-028","featureId":"a-028-36521bf82f","name":"নরসুন্দা নদী","kind":"water","kindLabel":"내륙 수자원 지물","sourceYear":"2026","recordIds":["bgd-v162-a-028-entity-01104"],"rowCount":1,"featureClass":"river","lengthKm":0.0733},"geometry":{"type":"Point","coordinates":[90.867308,24.464685]}},{"type":"Feature","id":"a-028-5787e1464f","properties":{"elementId":"A-028","featureId":"a-028-5787e1464f","name":"নাউতারা নদী","kind":"water","kindLabel":"내륙 수자원 지물","sourceYear":"2026","recordIds":["bgd-v162-a-028-entity-01697"],"rowCount":1,"featureClass":"river","lengthKm":14.0612},"geometry":{"type":"Point","coordinates":[88.96978,26.175824]}},{"type":"Feature","id":"a-028-6526add5dd","properties":{"elementId":"A-028","featureId":"a-028-6526add5dd","name":"নাউতারা নদী","kind":"water","kindLabel":"내륙 수자원 지물","sourceYear":"2026","recordIds":["bgd-v162-a-028-entity-01665"],"rowCount":1,"featureClass":"river","lengthKm":0.0349},"geometry":{"type":"Point","coordinates":[89.016311,26.084326]}},{"type":"Feature","id":"a-028-9581f9d588","properties":{"elementId":"A-028","featureId":"a-028-9581f9d588","name":"নাউতারা নদী","kind":"water","kindLabel":"내륙 수자원 지물","sourceYear":"2026","recordIds":["bgd-v162-a-028-entity-01676"],"rowCount":1,"featureClass":"river","lengthKm":0.7265},"geometry":{"type":"Point","coordinates":[89.016434,26.084032]}},{"type":"Feature","id":"a-028-a5b8fbd968","properties":{"elementId":"A-028","featureId":"a-028-a5b8fbd968","name":"নাগদা নদী","kind":"water","kindLabel":"내륙 수자원 지물","sourceYear":"2026","recordIds":["bgd-v162-a-028-entity-01197"],"rowCount":1,"featureClass":"river","lengthKm":5.5584},"geometry":{"type":"Point","coordinates":[90.490622,23.924803]}},{"type":"Feature","id":"a-028-cefe53f800","properties":{"elementId":"A-028","featureId":"a-028-cefe53f800","name":"নাগর খাল","kind":"water","kindLabel":"내륙 수자원 지물","sourceYear":"2026","recordIds":["bgd-v162-a-028-entity-01173"],"rowCount":1,"featureClass":"river","lengthKm":3.5152},"geometry":{"type":"Point","coordinates":[90.03181,24.654204]}},{"type":"Feature","id":"a-028-b929cad42c","properties":{"elementId":"A-028","featureId":"a-028-b929cad42c","name":"নাগর নদী","kind":"water","kindLabel":"내륙 수자원 지물","sourceYear":"2026","recordIds":["bgd-v162-a-028-entity-01691"],"rowCount":1,"featureClass":"river","lengthKm":119.7415},"geometry":{"type":"Point","coordinates":[88.179373,26.123878]}},{"type":"Feature","id":"a-028-4b1f7583dd","properties":{"elementId":"A-028","featureId":"a-028-4b1f7583dd","name":"নাগর নদী","kind":"water","kindLabel":"내륙 수자원 지물","sourceYear":"2026","recordIds":["bgd-v162-a-028-entity-01824"],"rowCount":1,"featureClass":"river","lengthKm":11.8707},"geometry":{"type":"Point","coordinates":[89.10584,24.582946]}},{"type":"Feature","id":"a-028-e73ef24db8","properties":{"elementId":"A-028","featureId":"a-028-e73ef24db8","name":"নাগর নদী","kind":"water","kindLabel":"내륙 수자원 지물","sourceYear":"2026","recordIds":["bgd-v162-a-028-entity-01872"],"rowCount":1,"featureClass":"river","lengthKm":53.7441},"geometry":{"type":"Point","coordinates":[89.158318,24.804677]}},{"type":"Feature","id":"a-028-17b84aa5f0","properties":{"elementId":"A-028","featureId":"a-028-17b84aa5f0","name":"নাগর নদী","kind":"water","kindLabel":"내륙 수자원 지물","sourceYear":"2026","recordIds":["bgd-v162-a-028-entity-01871"],"rowCount":1,"featureClass":"river","lengthKm":50.9795},"geometry":{"type":"Point","coordinates":[89.317065,25.007682]}},{"type":"Feature","id":"a-028-c334a7eeb9","properties":{"elementId":"A-028","featureId":"a-028-c334a7eeb9","name":"পতেঙ্গা সী বিচ","kind":"coastal","kindLabel":"해안 지물","sourceYear":"2026","recordIds":["bgd-v162-a-028-entity-00005"],"rowCount":1,"featureClass":"beach"},"geometry":{"type":"Point","coordinates":[91.792255,22.234444]}},{"type":"Feature","id":"a-028-f3a25c9d7a","properties":{"elementId":"A-028","featureId":"a-028-f3a25c9d7a","name":"পদ্মা নদী","kind":"water","kindLabel":"내륙 수자원 지물","sourceYear":"2026","recordIds":["bgd-v162-a-028-entity-01820"],"rowCount":1,"featureClass":"river","lengthKm":109.7583},"geometry":{"type":"Point","coordinates":[88.034992,24.646783]}},{"type":"Feature","id":"a-028-359ac8cae7","properties":{"elementId":"A-028","featureId":"a-028-359ac8cae7","name":"পদ্মা নদী","kind":"water","kindLabel":"내륙 수자원 지물","sourceYear":"2026","recordIds":["bgd-v162-a-028-entity-01882"],"rowCount":1,"featureClass":"river","lengthKm":8.8198},"geometry":{"type":"Point","coordinates":[88.745442,24.206778]}},{"type":"Feature","id":"a-028-1b0ce2183d","properties":{"elementId":"A-028","featureId":"a-028-1b0ce2183d","name":"পদ্মা নদী","kind":"water","kindLabel":"내륙 수자원 지물","sourceYear":"2026","recordIds":["bgd-v162-a-028-entity-01829"],"rowCount":1,"featureClass":"river","lengthKm":14.0261},"geometry":{"type":"Point","coordinates":[88.800014,24.146379]}},{"type":"Feature","id":"a-028-7a2516b085","properties":{"elementId":"A-028","featureId":"a-028-7a2516b085","name":"পদ্মা নদী","kind":"water","kindLabel":"내륙 수자원 지물","sourceYear":"2026","recordIds":["bgd-v162-a-028-entity-00652"],"rowCount":1,"featureClass":"river","lengthKm":20.2741},"geometry":{"type":"Point","coordinates":[88.917926,24.109925]}},{"type":"Feature","id":"a-028-a9d7849fb3","properties":{"elementId":"A-028","featureId":"a-028-a9d7849fb3","name":"পদ্মা নদী","kind":"water","kindLabel":"내륙 수자원 지물","sourceYear":"2026","recordIds":["bgd-v162-a-028-entity-00629"],"rowCount":1,"featureClass":"river","lengthKm":11.766},"geometry":{"type":"Point","coordinates":[89.023107,24.093783]}},{"type":"Feature","id":"a-028-2328908f12","properties":{"elementId":"A-028","featureId":"a-028-2328908f12","name":"পদ্মা নদী","kind":"water","kindLabel":"내륙 수자원 지물","sourceYear":"2026","recordIds":["bgd-v162-a-028-entity-00706"],"rowCount":1,"featureClass":"river","lengthKm":7.144},"geometry":{"type":"Point","coordinates":[89.052589,23.992846]}},{"type":"Feature","id":"a-028-5bfc2aff32","properties":{"elementId":"A-028","featureId":"a-028-5bfc2aff32","name":"পদ্মা নদী","kind":"water","kindLabel":"내륙 수자원 지물","sourceYear":"2026","recordIds":["bgd-v162-a-028-entity-01876"],"rowCount":1,"featureClass":"river","lengthKm":7.2065},"geometry":{"type":"Point","coordinates":[89.110624,23.958702]}},{"type":"Feature","id":"a-028-1cda73be30","properties":{"elementId":"A-028","featureId":"a-028-1cda73be30","name":"পদ্মা নদী","kind":"water","kindLabel":"내륙 수자원 지물","sourceYear":"2026","recordIds":["bgd-v162-a-028-entity-01833"],"rowCount":1,"featureClass":"river","lengthKm":19.2185},"geometry":{"type":"Point","coordinates":[89.176461,23.934918]}},{"type":"Feature","id":"a-028-1c3bff6772","properties":{"elementId":"A-028","featureId":"a-028-1c3bff6772","name":"পদ্মা নদী","kind":"water","kindLabel":"내륙 수자원 지물","sourceYear":"2026","recordIds":["bgd-v162-a-028-entity-01191"],"rowCount":1,"featureClass":"river","lengthKm":46.1663},"geometry":{"type":"Point","coordinates":[89.360231,23.898531]}},{"type":"Feature","id":"a-028-8365ef1e0d","properties":{"elementId":"A-028","featureId":"a-028-8365ef1e0d","name":"পদ্মা নদী","kind":"water","kindLabel":"내륙 수자원 지물","sourceYear":"2026","recordIds":["bgd-v162-a-028-entity-01137"],"rowCount":1,"featureClass":"river","lengthKm":119.6193},"geometry":{"type":"Point","coordinates":[89.774287,23.791805]}},{"type":"Feature","id":"a-028-74fa9b6cee","properties":{"elementId":"A-028","featureId":"a-028-74fa9b6cee","name":"পদ্মা পুকুর এর রাস্তার ধারের ড্রেন","kind":"water","kindLabel":"내륙 수자원 지물","sourceYear":"2026","recordIds":["bgd-v162-a-028-entity-00423"],"rowCount":1,"featureClass":"drain","lengthKm":0.0939},"geometry":{"type":"Point","coordinates":[89.084119,22.724639]}},{"type":"Feature","id":"a-028-e5f8cf7a32","properties":{"elementId":"A-028","featureId":"a-028-e5f8cf7a32","name":"পশুর নদী","kind":"water","kindLabel":"내륙 수자원 지물","sourceYear":"2026","recordIds":["bgd-v162-a-028-entity-00685"],"rowCount":1,"featureClass":"river","lengthKm":46.2693},"geometry":{"type":"Point","coordinates":[89.525753,22.738713]}},{"type":"Feature","id":"a-028-6e63de13e2","properties":{"elementId":"A-028","featureId":"a-028-6e63de13e2","name":"পশুর নদী","kind":"water","kindLabel":"내륙 수자원 지물","sourceYear":"2026","recordIds":["bgd-v162-a-028-entity-00592"],"rowCount":1,"featureClass":"river","lengthKm":0.1198},"geometry":{"type":"Point","coordinates":[89.629869,22.350661]}},{"type":"Feature","id":"a-028-c92652ea13","properties":{"elementId":"A-028","featureId":"a-028-c92652ea13","name":"পশুর নদী","kind":"water","kindLabel":"내륙 수자원 지물","sourceYear":"2026","recordIds":["bgd-v162-a-028-entity-00627"],"rowCount":1,"featureClass":"river","lengthKm":11.3307},"geometry":{"type":"Point","coordinates":[89.633288,22.538671]}},{"type":"Feature","id":"a-028-c5c03692ad","properties":{"elementId":"A-028","featureId":"a-028-c5c03692ad","name":"পশুর নদী","kind":"water","kindLabel":"내륙 수자원 지물","sourceYear":"2026","recordIds":["bgd-v162-a-028-entity-00711"],"rowCount":1,"featureClass":"river","lengthKm":7.8801},"geometry":{"type":"Point","coordinates":[89.680025,22.550274]}},{"type":"Feature","id":"a-028-8c93554350","properties":{"elementId":"A-028","featureId":"a-028-8c93554350","name":"পসুর নদী","kind":"water","kindLabel":"내륙 수자원 지물","sourceYear":"2026","recordIds":["bgd-v162-a-028-entity-00713"],"rowCount":1,"featureClass":"river","lengthKm":75.4151},"geometry":{"type":"Point","coordinates":[89.638081,22.354338]}},{"type":"Feature","id":"a-028-b6a07da41b","properties":{"elementId":"A-028","featureId":"a-028-b6a07da41b","name":"পাগলা বাজার খাল","kind":"water","kindLabel":"내륙 수자원 지물","sourceYear":"2026","recordIds":["bgd-v162-a-028-entity-01468"],"rowCount":1,"featureClass":"canal","lengthKm":2.7984},"geometry":{"type":"Point","coordinates":[90.557492,22.165468]}},{"type":"Feature","id":"a-028-7189e80bb0","properties":{"elementId":"A-028","featureId":"a-028-7189e80bb0","name":"পাটনাই নদী","kind":"water","kindLabel":"내륙 수자원 지물","sourceYear":"2026","recordIds":["bgd-v162-a-028-entity-01944"],"rowCount":1,"featureClass":"river","lengthKm":13.9399},"geometry":{"type":"Point","coordinates":[91.215637,25.111502]}},{"type":"Feature","id":"a-028-9423c3ae44","properties":{"elementId":"A-028","featureId":"a-028-9423c3ae44","name":"পাথরাজ নদী","kind":"water","kindLabel":"내륙 수자원 지물","sourceYear":"2026","recordIds":["bgd-v162-a-028-entity-01713"],"rowCount":1,"featureClass":"river","lengthKm":2.521},"geometry":{"type":"Point","coordinates":[88.546749,26.212695]}},{"type":"Feature","id":"a-028-4c3afeb9b3","properties":{"elementId":"A-028","featureId":"a-028-4c3afeb9b3","name":"পাথরাজ নদী","kind":"water","kindLabel":"내륙 수자원 지물","sourceYear":"2026","recordIds":["bgd-v162-a-028-entity-01662"],"rowCount":1,"featureClass":"river","lengthKm":0.0161},"geometry":{"type":"Point","coordinates":[88.553519,26.197456]}},{"type":"Feature","id":"a-028-e8a201ed73","properties":{"elementId":"A-028","featureId":"a-028-e8a201ed73","name":"পাথরাজ নদী","kind":"water","kindLabel":"내륙 수자원 지물","sourceYear":"2026","recordIds":["bgd-v162-a-028-entity-01744"],"rowCount":1,"featureClass":"river","lengthKm":6.6734},"geometry":{"type":"Point","coordinates":[88.553583,26.197323]}},{"type":"Feature","id":"a-028-e8763ae5ec","properties":{"elementId":"A-028","featureId":"a-028-e8763ae5ec","name":"পারুলী নদী","kind":"water","kindLabel":"내륙 수자원 지물","sourceYear":"2026","recordIds":["bgd-v162-a-028-entity-01093"],"rowCount":1,"featureClass":"river","lengthKm":0.0136},"geometry":{"type":"Point","coordinates":[90.480333,24.054936]}},{"type":"Feature","id":"a-028-4edcbbe6e9","properties":{"elementId":"A-028","featureId":"a-028-4edcbbe6e9","name":"পারুলী নদী","kind":"water","kindLabel":"내륙 수자원 지물","sourceYear":"2026","recordIds":["bgd-v162-a-028-entity-01124"],"rowCount":1,"featureClass":"river","lengthKm":1.2709},"geometry":{"type":"Point","coordinates":[90.480377,24.054821]}},{"type":"Feature","id":"a-028-66812615ae","properties":{"elementId":"A-028","featureId":"a-028-66812615ae","name":"পারুলী নদী","kind":"water","kindLabel":"내륙 수자원 지물","sourceYear":"2026","recordIds":["bgd-v162-a-028-entity-01090"],"rowCount":1,"featureClass":"river","lengthKm":0.0121},"geometry":{"type":"Point","coordinates":[90.484213,24.045729]}},{"type":"Feature","id":"a-028-2f60c91a2a","properties":{"elementId":"A-028","featureId":"a-028-2f60c91a2a","name":"পারুলী নদী","kind":"water","kindLabel":"내륙 수자원 지물","sourceYear":"2026","recordIds":["bgd-v162-a-028-entity-01148"],"rowCount":1,"featureClass":"river","lengthKm":14.4804},"geometry":{"type":"Point","coordinates":[90.484273,24.045635]}},{"type":"Feature","id":"a-028-4c366fd87f","properties":{"elementId":"A-028","featureId":"a-028-4c366fd87f","name":"পারুলী নদী","kind":"water","kindLabel":"내륙 수자원 지물","sourceYear":"2026","recordIds":["bgd-v162-a-028-entity-01159"],"rowCount":1,"featureClass":"river","lengthKm":2.3585},"geometry":{"type":"Point","coordinates":[90.487698,24.07143]}},{"type":"Feature","id":"a-028-2d420b7329","properties":{"elementId":"A-028","featureId":"a-028-2d420b7329","name":"পিয়াইন নদী","kind":"water","kindLabel":"내륙 수자원 지물","sourceYear":"2026","recordIds":["bgd-v162-a-028-entity-01966"],"rowCount":1,"featureClass":"river","lengthKm":4.0997},"geometry":{"type":"Point","coordinates":[91.872034,25.140564]}},{"type":"Feature","id":"a-028-82fe193ea6","properties":{"elementId":"A-028","featureId":"a-028-82fe193ea6","name":"পুনর্ভবা","kind":"water","kindLabel":"내륙 수자원 지물","sourceYear":"2026","recordIds":["bgd-v162-a-028-entity-01689"],"rowCount":1,"featureClass":"river","lengthKm":11.7813},"geometry":{"type":"Point","coordinates":[88.620862,25.646195]}},{"type":"Feature","id":"a-028-6898e8cad6","properties":{"elementId":"A-028","featureId":"a-028-6898e8cad6","name":"পুরাতন ব্রহ্মপুত্র","kind":"water","kindLabel":"내륙 수자원 지물","sourceYear":"2026","recordIds":["bgd-v162-a-028-entity-01183"],"rowCount":1,"featureClass":"river","lengthKm":33.9337},"geometry":{"type":"Point","coordinates":[90.68539,24.243313]}},{"type":"Feature","id":"a-028-8bb8e54eee","properties":{"elementId":"A-028","featureId":"a-028-8bb8e54eee","name":"পুরাতন ব্রহ্মপুত্র নদী","kind":"water","kindLabel":"내륙 수자원 지물","sourceYear":"2026","recordIds":["bgd-v162-a-028-entity-01168"],"rowCount":1,"featureClass":"river","lengthKm":24.9698},"geometry":{"type":"Point","coordinates":[90.797845,24.241623]}},{"type":"Feature","id":"a-028-f5a8e5d2c6","properties":{"elementId":"A-028","featureId":"a-028-f5a8e5d2c6","name":"পুরাতন ব্রহ্মপুত্র নদী","kind":"water","kindLabel":"내륙 수자원 지물","sourceYear":"2026","recordIds":["bgd-v162-a-028-entity-01106"],"rowCount":1,"featureClass":"river","lengthKm":0.0909},"geometry":{"type":"Point","coordinates":[90.846286,24.112681]}},{"type":"Feature","id":"a-028-c2c6e00ead","properties":{"elementId":"A-028","featureId":"a-028-c2c6e00ead","name":"পুরাতন ব্রহ্মপুত্র নদী","kind":"water","kindLabel":"내륙 수자원 지물","sourceYear":"2026","recordIds":["bgd-v162-a-028-entity-01152"],"rowCount":1,"featureClass":"river","lengthKm":19.4701},"geometry":{"type":"Point","coordinates":[90.856883,24.105147]}},{"type":"Feature","id":"a-028-d98d7587dc","properties":{"elementId":"A-028","featureId":"a-028-d98d7587dc","name":"পূর্বাচল এক্সপ্রেসওয়ে খাল","kind":"water","kindLabel":"내륙 수자원 지물","sourceYear":"2026","recordIds":["bgd-v162-a-028-entity-01063"],"rowCount":1,"featureClass":"canal","lengthKm":5.5003},"geometry":{"type":"Point","coordinates":[90.422619,23.825745]}},{"type":"Feature","id":"a-028-aeba769e51","properties":{"elementId":"A-028","featureId":"a-028-aeba769e51","name":"পূর্বাচল এক্সপ্রেসওয়ে খাল","kind":"water","kindLabel":"내륙 수자원 지물","sourceYear":"2026","recordIds":["bgd-v162-a-028-entity-01043"],"rowCount":1,"featureClass":"canal","lengthKm":0.6087},"geometry":{"type":"Point","coordinates":[90.422874,23.824689]}},{"type":"Feature","id":"a-028-18af6d228e","properties":{"elementId":"A-028","featureId":"a-028-18af6d228e","name":"পূর্বাচল এক্সপ্রেসওয়ে খাল","kind":"water","kindLabel":"내륙 수자원 지물","sourceYear":"2026","recordIds":["bgd-v162-a-028-entity-01026"],"rowCount":1,"featureClass":"canal","lengthKm":0.1036},"geometry":{"type":"Point","coordinates":[90.428691,23.825967]}},{"type":"Feature","id":"a-028-7a09d57533","properties":{"elementId":"A-028","featureId":"a-028-7a09d57533","name":"পূর্বাচল এক্সপ্রেসওয়ে খাল","kind":"water","kindLabel":"내륙 수자원 지물","sourceYear":"2026","recordIds":["bgd-v162-a-028-entity-01062"],"rowCount":1,"featureClass":"canal","lengthKm":4.8923},"geometry":{"type":"Point","coordinates":[90.429687,23.826164]}},{"type":"Feature","id":"a-028-c77736a2c0","properties":{"elementId":"A-028","featureId":"a-028-c77736a2c0","name":"পূর্বাচল এক্সপ্রেসওয়ে খাল","kind":"water","kindLabel":"내륙 수자원 지물","sourceYear":"2026","recordIds":["bgd-v162-a-028-entity-01014"],"rowCount":1,"featureClass":"canal","lengthKm":0.0254},"geometry":{"type":"Point","coordinates":[90.475275,23.836957]}},{"type":"Feature","id":"a-028-fe14fa1fb3","properties":{"elementId":"A-028","featureId":"a-028-fe14fa1fb3","name":"পূর্বাচল এক্সপ্রেসওয়ে খাল","kind":"water","kindLabel":"내륙 수자원 지물","sourceYear":"2026","recordIds":["bgd-v162-a-028-entity-01028"],"rowCount":1,"featureClass":"canal","lengthKm":0.1528},"geometry":{"type":"Point","coordinates":[90.47552,23.837005]}},{"type":"Feature","id":"a-028-285d4e49e5","properties":{"elementId":"A-028","featureId":"a-028-285d4e49e5","name":"পূর্বাচল এক্সপ্রেসওয়ে খাল","kind":"water","kindLabel":"내륙 수자원 지물","sourceYear":"2026","recordIds":["bgd-v162-a-028-entity-01018"],"rowCount":1,"featureClass":"canal","lengthKm":0.0494},"geometry":{"type":"Point","coordinates":[90.476509,23.836178]}},{"type":"Feature","id":"a-028-e3ad116dd5","properties":{"elementId":"A-028","featureId":"a-028-e3ad116dd5","name":"পূর্বাচল এক্সপ্রেসওয়ে খাল","kind":"water","kindLabel":"내륙 수자원 지물","sourceYear":"2026","recordIds":["bgd-v162-a-028-entity-01016"],"rowCount":1,"featureClass":"canal","lengthKm":0.0343},"geometry":{"type":"Point","coordinates":[90.476982,23.836279]}},{"type":"Feature","id":"a-028-cbd45ac7a5","properties":{"elementId":"A-028","featureId":"a-028-cbd45ac7a5","name":"ফুটের ঝিরি","kind":"natural","kindLabel":"기타 자연지형지물","sourceYear":"2026","recordIds":["bgd-v162-a-028-entity-00069"],"rowCount":1,"featureClass":"tree"},"geometry":{"type":"Point","coordinates":[92.099603,21.70028]}},{"type":"Feature","id":"a-028-97d3eb43ad","properties":{"elementId":"A-028","featureId":"a-028-97d3eb43ad","name":"ফুরমোন পাহাড়","kind":"natural","kindLabel":"기타 자연지형지물","sourceYear":"2026","recordIds":["bgd-v162-a-028-entity-00051"],"rowCount":1,"featureClass":"peak"},"geometry":{"type":"Point","coordinates":[92.105888,22.654234]}},{"type":"Feature","id":"a-028-8d53b4da67","properties":{"elementId":"A-028","featureId":"a-028-8d53b4da67","name":"ফেনী নদী","kind":"water","kindLabel":"내륙 수자원 지물","sourceYear":"2026","recordIds":["bgd-v162-a-028-entity-00897"],"rowCount":1,"featureClass":"river","lengthKm":16.2612},"geometry":{"type":"Point","coordinates":[91.478485,22.904048]}},{"type":"Feature","id":"a-028-491ae8368c","properties":{"elementId":"A-028","featureId":"a-028-491ae8368c","name":"ফেনী নদী","kind":"water","kindLabel":"내륙 수자원 지물","sourceYear":"2026","recordIds":["bgd-v162-a-028-entity-00949"],"rowCount":1,"featureClass":"river","lengthKm":5.1237},"geometry":{"type":"Point","coordinates":[91.50034,22.910493]}},{"type":"Feature","id":"a-028-d5229ed089","properties":{"elementId":"A-028","featureId":"a-028-d5229ed089","name":"ফেনী নদী","kind":"water","kindLabel":"내륙 수자원 지물","sourceYear":"2026","recordIds":["bgd-v162-a-028-entity-02030"],"rowCount":1,"featureClass":"river","lengthKm":17.8098},"geometry":{"type":"Point","coordinates":[91.587042,22.973636]}},{"type":"Feature","id":"a-028-0eb8f4116f","properties":{"elementId":"A-028","featureId":"a-028-0eb8f4116f","name":"ফেনী নদী","kind":"water","kindLabel":"내륙 수자원 지물","sourceYear":"2026","recordIds":["bgd-v162-a-028-entity-02017"],"rowCount":1,"featureClass":"river","lengthKm":12.2404},"geometry":{"type":"Point","coordinates":[91.61896,22.937646]}},{"type":"Feature","id":"a-028-b578e27714","properties":{"elementId":"A-028","featureId":"a-028-b578e27714","name":"ফেনী নদী","kind":"water","kindLabel":"내륙 수자원 지물","sourceYear":"2026","recordIds":["bgd-v162-a-028-entity-00914"],"rowCount":1,"featureClass":"river","lengthKm":20.0198},"geometry":{"type":"Point","coordinates":[91.720608,22.987501]}},{"type":"Feature","id":"a-028-fee830a0a2","properties":{"elementId":"A-028","featureId":"a-028-fee830a0a2","name":"ফেনী নদী","kind":"water","kindLabel":"내륙 수자원 지물","sourceYear":"2026","recordIds":["bgd-v162-a-028-entity-00942"],"rowCount":1,"featureClass":"river","lengthKm":4.4487},"geometry":{"type":"Point","coordinates":[91.7479,23.014494]}},{"type":"Feature","id":"a-028-51e8c76b60","properties":{"elementId":"A-028","featureId":"a-028-51e8c76b60","name":"ফেনী নদী","kind":"water","kindLabel":"내륙 수자원 지물","sourceYear":"2026","recordIds":["bgd-v162-a-028-entity-02008"],"rowCount":1,"featureClass":"river","lengthKm":1.5449},"geometry":{"type":"Point","coordinates":[91.757485,23.024542]}},{"type":"Feature","id":"a-028-fc506eefae","properties":{"elementId":"A-028","featureId":"a-028-fc506eefae","name":"ফেনী নদী","kind":"water","kindLabel":"내륙 수자원 지물","sourceYear":"2026","recordIds":["bgd-v162-a-028-entity-00889"],"rowCount":1,"featureClass":"river","lengthKm":12.8738},"geometry":{"type":"Point","coordinates":[91.773918,23.270065]}},{"type":"Feature","id":"a-028-e43529caca","properties":{"elementId":"A-028","featureId":"a-028-e43529caca","name":"ফেনী নদী","kind":"water","kindLabel":"내륙 수자원 지물","sourceYear":"2026","recordIds":["bgd-v162-a-028-entity-00883"],"rowCount":1,"featureClass":"river","lengthKm":11.1418},"geometry":{"type":"Point","coordinates":[91.783792,23.325228]}},{"type":"Feature","id":"a-028-26c946b432","properties":{"elementId":"A-028","featureId":"a-028-26c946b432","name":"ফেনী নদী","kind":"water","kindLabel":"내륙 수자원 지물","sourceYear":"2026","recordIds":["bgd-v162-a-028-entity-02094"],"rowCount":1,"featureClass":"river","lengthKm":8.1017},"geometry":{"type":"Point","coordinates":[91.790011,23.207578]}},{"type":"Feature","id":"a-028-fe8a717b2f","properties":{"elementId":"A-028","featureId":"a-028-fe8a717b2f","name":"ফেনী নদী","kind":"water","kindLabel":"내륙 수자원 지물","sourceYear":"2026","recordIds":["bgd-v162-a-028-entity-02006"],"rowCount":1,"featureClass":"river","lengthKm":1.0228},"geometry":{"type":"Point","coordinates":[91.806725,23.16263]}},{"type":"Feature","id":"a-028-1f13b3e5b5","properties":{"elementId":"A-028","featureId":"a-028-1f13b3e5b5","name":"ফেনী নদী","kind":"water","kindLabel":"내륙 수자원 지물","sourceYear":"2026","recordIds":["bgd-v162-a-028-entity-00884"],"rowCount":1,"featureClass":"river","lengthKm":11.2034},"geometry":{"type":"Point","coordinates":[91.80886,23.155481]}},{"type":"Feature","id":"a-028-8416b8e10b","properties":{"elementId":"A-028","featureId":"a-028-8416b8e10b","name":"ফেনী নদী","kind":"water","kindLabel":"내륙 수자원 지물","sourceYear":"2026","recordIds":["bgd-v162-a-028-entity-00860"],"rowCount":1,"featureClass":"river","lengthKm":0.3448},"geometry":{"type":"Point","coordinates":[91.822135,23.086113]}},{"type":"Feature","id":"a-028-d585257cce","properties":{"elementId":"A-028","featureId":"a-028-d585257cce","name":"ফেনী নদী","kind":"water","kindLabel":"내륙 수자원 지물","sourceYear":"2026","recordIds":["bgd-v162-a-028-entity-02043"],"rowCount":1,"featureClass":"river","lengthKm":23.4496},"geometry":{"type":"Point","coordinates":[91.824449,23.084023]}},{"type":"Feature","id":"a-028-a31eb3eb0d","properties":{"elementId":"A-028","featureId":"a-028-a31eb3eb0d","name":"ফেনী নদী","kind":"water","kindLabel":"내륙 수자원 지물","sourceYear":"2026","recordIds":["bgd-v162-a-028-entity-00928"],"rowCount":1,"featureClass":"river","lengthKm":3.203},"geometry":{"type":"Point","coordinates":[91.825332,23.098935]}},{"type":"Feature","id":"a-028-d6d0aec140","properties":{"elementId":"A-028","featureId":"a-028-d6d0aec140","name":"বংশী নদী","kind":"water","kindLabel":"내륙 수자원 지물","sourceYear":"2026","recordIds":["bgd-v162-a-028-entity-01209"],"rowCount":1,"featureClass":"river","lengthKm":73.1783},"geometry":{"type":"Point","coordinates":[90.000596,24.13144]}},{"type":"Feature","id":"a-028-828c92b69d","properties":{"elementId":"A-028","featureId":"a-028-828c92b69d","name":"বংশী নদী","kind":"water","kindLabel":"내륙 수자원 지물","sourceYear":"2026","recordIds":["bgd-v162-a-028-entity-01192"],"rowCount":1,"featureClass":"river","lengthKm":46.2258},"geometry":{"type":"Point","coordinates":[90.009447,24.608944]}},{"type":"Feature","id":"a-028-5f644b6f55","properties":{"elementId":"A-028","featureId":"a-028-5f644b6f55","name":"বংশী নদী","kind":"water","kindLabel":"내륙 수자원 지물","sourceYear":"2026","recordIds":["bgd-v162-a-028-entity-01133"],"rowCount":1,"featureClass":"river","lengthKm":11.4454},"geometry":{"type":"Point","coordinates":[90.061589,24.181457]}},{"type":"Feature","id":"a-028-b29aead600","properties":{"elementId":"A-028","featureId":"a-028-b29aead600","name":"বংশী নদী","kind":"water","kindLabel":"내륙 수자원 지물","sourceYear":"2026","recordIds":["bgd-v162-a-028-entity-01156"],"rowCount":1,"featureClass":"river","lengthKm":2.1402},"geometry":{"type":"Point","coordinates":[90.08895,24.12269]}},{"type":"Feature","id":"a-028-bbd52c622d","properties":{"elementId":"A-028","featureId":"a-028-bbd52c622d","name":"বংশী নদী","kind":"water","kindLabel":"내륙 수자원 지물","sourceYear":"2026","recordIds":["bgd-v162-a-028-entity-01103"],"rowCount":1,"featureClass":"river","lengthKm":0.0471},"geometry":{"type":"Point","coordinates":[90.098863,24.109039]}},{"type":"Feature","id":"a-028-e22df2e5d8","properties":{"elementId":"A-028","featureId":"a-028-e22df2e5d8","name":"বংশী নদী","kind":"water","kindLabel":"내륙 수자원 지물","sourceYear":"2026","recordIds":["bgd-v162-a-028-entity-01199"],"rowCount":1,"featureClass":"river","lengthKm":50.2842},"geometry":{"type":"Point","coordinates":[90.099321,24.108971]}},{"type":"Feature","id":"a-028-6ef3737abd","properties":{"elementId":"A-028","featureId":"a-028-6ef3737abd","name":"বংশী নদী","kind":"water","kindLabel":"내륙 수자원 지물","sourceYear":"2026","recordIds":["bgd-v162-a-028-entity-01204"],"rowCount":1,"featureClass":"river","lengthKm":7.2146},"geometry":{"type":"Point","coordinates":[90.27406,23.775235]}},{"type":"Feature","id":"a-028-f2d4ae15bf","properties":{"elementId":"A-028","featureId":"a-028-f2d4ae15bf","name":"বংশী নদী","kind":"water","kindLabel":"내륙 수자원 지물","sourceYear":"2026","recordIds":["bgd-v162-a-028-entity-01163"],"rowCount":1,"featureClass":"river","lengthKm":20.2184},"geometry":{"type":"Point","coordinates":[90.347002,23.99602]}},{"type":"Feature","id":"a-028-3e9eff20b3","properties":{"elementId":"A-028","featureId":"a-028-3e9eff20b3","name":"বগুড়া পশ্চিম খাল","kind":"water","kindLabel":"내륙 수자원 지물","sourceYear":"2026","recordIds":["bgd-v162-a-028-entity-01794"],"rowCount":1,"featureClass":"canal","lengthKm":2.8512},"geometry":{"type":"Point","coordinates":[89.37578,24.817595]}},{"type":"Feature","id":"a-028-8a37a905a9","properties":{"elementId":"A-028","featureId":"a-028-8a37a905a9","name":"বট গাছ","kind":"natural","kindLabel":"기타 자연지형지물","sourceYear":"2026","recordIds":["bgd-v162-a-028-entity-00129"],"rowCount":1,"featureClass":"tree"},"geometry":{"type":"Point","coordinates":[89.268506,24.485877]}},{"type":"Feature","id":"a-028-8330d9a827","properties":{"elementId":"A-028","featureId":"a-028-8330d9a827","name":"বট গাছ","kind":"natural","kindLabel":"기타 자연지형지물","sourceYear":"2026","recordIds":["bgd-v162-a-028-entity-00128"],"rowCount":1,"featureClass":"tree"},"geometry":{"type":"Point","coordinates":[89.269187,24.481743]}},{"type":"Feature","id":"a-028-3ac6dec6e6","properties":{"elementId":"A-028","featureId":"a-028-3ac6dec6e6","name":"বট গাছ","kind":"natural","kindLabel":"기타 자연지형지물","sourceYear":"2026","recordIds":["bgd-v162-a-028-entity-00120"],"rowCount":1,"featureClass":"tree"},"geometry":{"type":"Point","coordinates":[90.364637,22.678852]}},{"type":"Feature","id":"a-028-3b9c3d6d50","properties":{"elementId":"A-028","featureId":"a-028-3b9c3d6d50","name":"বটতলা","kind":"natural","kindLabel":"기타 자연지형지물","sourceYear":"2026","recordIds":["bgd-v162-a-028-entity-00095"],"rowCount":1,"featureClass":"tree"},"geometry":{"type":"Point","coordinates":[90.420103,23.732785]}},{"type":"Feature","id":"a-028-344b9c78f9","properties":{"elementId":"A-028","featureId":"a-028-344b9c78f9","name":"বড়াল নদী","kind":"water","kindLabel":"내륙 수자원 지물","sourceYear":"2026","recordIds":["bgd-v162-a-028-entity-01825","bgd-v162-a-028-entity-01834"],"rowCount":2,"featureClass":"river"},"geometry":{"type":"Point","coordinates":[89.349746,24.260721]}},{"type":"Feature","id":"a-028-4ad7d27d69","properties":{"elementId":"A-028","featureId":"a-028-4ad7d27d69","name":"বড়াল নদী","kind":"water","kindLabel":"내륙 수자원 지물","sourceYear":"2026","recordIds":["bgd-v162-a-028-entity-01854"],"rowCount":1,"featureClass":"river","lengthKm":30.5893},"geometry":{"type":"Point","coordinates":[89.4624,24.173197]}},{"type":"Feature","id":"a-028-c6c3aec8c5","properties":{"elementId":"A-028","featureId":"a-028-c6c3aec8c5","name":"বড়াল নদী","kind":"water","kindLabel":"내륙 수자원 지물","sourceYear":"2026","recordIds":["bgd-v162-a-028-entity-01840"],"rowCount":1,"featureClass":"river","lengthKm":23.3131},"geometry":{"type":"Point","coordinates":[89.465739,24.173994]}},{"type":"Feature","id":"a-028-1796566c4f","properties":{"elementId":"A-028","featureId":"a-028-1796566c4f","name":"বলেশ্বরী নদী","kind":"water","kindLabel":"내륙 수자원 지물","sourceYear":"2026","recordIds":["bgd-v162-a-028-entity-00672"],"rowCount":1,"featureClass":"river","lengthKm":33.3869},"geometry":{"type":"Point","coordinates":[89.857049,22.220094]}},{"type":"Feature","id":"a-028-d0c44a206f","properties":{"elementId":"A-028","featureId":"a-028-d0c44a206f","name":"বলেশ্বরী নদী","kind":"water","kindLabel":"내륙 수자원 지물","sourceYear":"2026","recordIds":["bgd-v162-a-028-entity-00626"],"rowCount":1,"featureClass":"river","lengthKm":10.9956},"geometry":{"type":"Point","coordinates":[89.860759,22.458112]}},{"type":"Feature","id":"a-028-0d95842d09","properties":{"elementId":"A-028","featureId":"a-028-0d95842d09","name":"বলেশ্বরী নদী","kind":"water","kindLabel":"내륙 수자원 지물","sourceYear":"2026","recordIds":["bgd-v162-a-028-entity-00641"],"rowCount":1,"featureClass":"river","lengthKm":19.2733},"geometry":{"type":"Point","coordinates":[89.89625,22.379815]}},{"type":"Feature","id":"a-028-ae6edf93fa","properties":{"elementId":"A-028","featureId":"a-028-ae6edf93fa","name":"বাকখালী নদী","kind":"water","kindLabel":"내륙 수자원 지물","sourceYear":"2026","recordIds":["bgd-v162-a-028-entity-00885"],"rowCount":1,"featureClass":"river","lengthKm":11.3984},"geometry":{"type":"Point","coordinates":[92.240079,21.58713]}},{"type":"Feature","id":"a-028-c7ab474f50","properties":{"elementId":"A-028","featureId":"a-028-c7ab474f50","name":"বাকখালী নদী","kind":"water","kindLabel":"내륙 수자원 지물","sourceYear":"2026","recordIds":["bgd-v162-a-028-entity-00964"],"rowCount":1,"featureClass":"river","lengthKm":63.3399},"geometry":{"type":"Point","coordinates":[92.251559,21.526756]}},{"type":"Feature","id":"a-028-597dfd5c84","properties":{"elementId":"A-028","featureId":"a-028-597dfd5c84","name":"বাঙ্গালী নদী","kind":"water","kindLabel":"내륙 수자원 지물","sourceYear":"2026","recordIds":["bgd-v162-a-028-entity-01699"],"rowCount":1,"featureClass":"river","lengthKm":146.3549},"geometry":{"type":"Point","coordinates":[89.406964,25.181437]}},{"type":"Feature","id":"a-028-a3c0e28bbf","properties":{"elementId":"A-028","featureId":"a-028-a3c0e28bbf","name":"বাজার মেইন রোড সংলগ্ন ড্রেইন( ঢাকনায","kind":"water","kindLabel":"내륙 수자원 지물","sourceYear":"2026","recordIds":["bgd-v162-a-028-entity-00365"],"rowCount":1,"featureClass":"drain","lengthKm":0.0405},"geometry":{"type":"Point","coordinates":[89.79744,22.658031]}},{"type":"Feature","id":"a-028-b936acf6b5","properties":{"elementId":"A-028","featureId":"a-028-b936acf6b5","name":"বাজার মেইন রোড সংলগ্ন ড্রেইন( ঢাকনায","kind":"water","kindLabel":"내륙 수자원 지물","sourceYear":"2026","recordIds":["bgd-v162-a-028-entity-00347"],"rowCount":1,"featureClass":"drain","lengthKm":0.0182},"geometry":{"type":"Point","coordinates":[89.797714,22.657514]}},{"type":"Feature","id":"a-028-9c596259df","properties":{"elementId":"A-028","featureId":"a-028-9c596259df","name":"বায়সা খাল","kind":"water","kindLabel":"내륙 수자원 지물","sourceYear":"2026","recordIds":["bgd-v162-a-028-entity-00618"],"rowCount":1,"featureClass":"river","lengthKm":1.5145},"geometry":{"type":"Point","coordinates":[89.648683,22.980328]}},{"type":"Feature","id":"a-028-9dcbf40f77","properties":{"elementId":"A-028","featureId":"a-028-9dcbf40f77","name":"বায়সা খাল","kind":"water","kindLabel":"내륙 수자원 지물","sourceYear":"2026","recordIds":["bgd-v162-a-028-entity-00605"],"rowCount":1,"featureClass":"river","lengthKm":0.7631},"geometry":{"type":"Point","coordinates":[89.649209,22.978191]}},{"type":"Feature","id":"a-028-833a26381f","properties":{"elementId":"A-028","featureId":"a-028-833a26381f","name":"বায়সা খাল","kind":"water","kindLabel":"내륙 수자원 지물","sourceYear":"2026","recordIds":["bgd-v162-a-028-entity-00677"],"rowCount":1,"featureClass":"river","lengthKm":4.0373},"geometry":{"type":"Point","coordinates":[89.651508,22.972531]}},{"type":"Feature","id":"a-028-fd00fd4d12","properties":{"elementId":"A-028","featureId":"a-028-fd00fd4d12","name":"বালু নদী","kind":"water","kindLabel":"내륙 수자원 지물","sourceYear":"2026","recordIds":["bgd-v162-a-028-entity-01178"],"rowCount":1,"featureClass":"river","lengthKm":31.6806},"geometry":{"type":"Point","coordinates":[90.490567,23.942604]}},{"type":"Feature","id":"a-028-d9e431d096","properties":{"elementId":"A-028","featureId":"a-028-d9e431d096","name":"বিষখালী নদী","kind":"water","kindLabel":"내륙 수자원 지물","sourceYear":"2026","recordIds":["bgd-v162-a-028-entity-01546"],"rowCount":1,"featureClass":"river","lengthKm":19.1059},"geometry":{"type":"Point","coordinates":[90.022015,22.120431]}},{"type":"Feature","id":"a-028-a435bd7ddb","properties":{"elementId":"A-028","featureId":"a-028-a435bd7ddb","name":"বিষখালী নদী","kind":"water","kindLabel":"내륙 수자원 지물","sourceYear":"2026","recordIds":["bgd-v162-a-028-entity-01552"],"rowCount":1,"featureClass":"river","lengthKm":22.3331},"geometry":{"type":"Point","coordinates":[90.176897,22.626331]}},{"type":"Feature","id":"a-028-0ea63ec0ec","properties":{"elementId":"A-028","featureId":"a-028-0ea63ec0ec","name":"বিষখালী নদী","kind":"water","kindLabel":"내륙 수자원 지물","sourceYear":"2026","recordIds":["bgd-v162-a-028-entity-01562"],"rowCount":1,"featureClass":"river","lengthKm":54.6675},"geometry":{"type":"Point","coordinates":[90.191197,22.482298]}},{"type":"Feature","id":"a-028-90d2c6c4d1","properties":{"elementId":"A-028","featureId":"a-028-90d2c6c4d1","name":"বীজ ভবনের রাস্তার ধারের ড্রেন","kind":"water","kindLabel":"내륙 수자원 지물","sourceYear":"2026","recordIds":["bgd-v162-a-028-entity-00412"],"rowCount":1,"featureClass":"drain","lengthKm":0.0849},"geometry":{"type":"Point","coordinates":[89.073283,22.727681]}},{"type":"Feature","id":"a-028-30fc016b5f","properties":{"elementId":"A-028","featureId":"a-028-30fc016b5f","name":"বুড়িগঙ্গা নদী","kind":"water","kindLabel":"내륙 수자원 지물","sourceYear":"2026","recordIds":["bgd-v162-a-028-entity-01115"],"rowCount":1,"featureClass":"river","lengthKm":0.6895},"geometry":{"type":"Point","coordinates":[90.308961,23.745925]}},{"type":"Feature","id":"a-028-e4c2a1219f","properties":{"elementId":"A-028","featureId":"a-028-e4c2a1219f","name":"বুড়িগঙ্গা নদী","kind":"water","kindLabel":"내륙 수자원 지물","sourceYear":"2026","recordIds":["bgd-v162-a-028-entity-01085"],"rowCount":1,"featureClass":"river","lengthKm":0.0088},"geometry":{"type":"Point","coordinates":[90.309045,23.745908]}},{"type":"Feature","id":"a-028-c60d2a0210","properties":{"elementId":"A-028","featureId":"a-028-c60d2a0210","name":"বুড়িগঙ্গা নদী","kind":"water","kindLabel":"내륙 수자원 지물","sourceYear":"2026","recordIds":["bgd-v162-a-028-entity-01125"],"rowCount":1,"featureClass":"river","lengthKm":1.3011},"geometry":{"type":"Point","coordinates":[90.319143,23.740009]}},{"type":"Feature","id":"a-028-d3bba3524e","properties":{"elementId":"A-028","featureId":"a-028-d3bba3524e","name":"বুড়িগঙ্গা নদী","kind":"water","kindLabel":"내륙 수자원 지물","sourceYear":"2026","recordIds":["bgd-v162-a-028-entity-01086"],"rowCount":1,"featureClass":"river","lengthKm":0.0095},"geometry":{"type":"Point","coordinates":[90.319227,23.739974]}},{"type":"Feature","id":"a-028-34c00340f2","properties":{"elementId":"A-028","featureId":"a-028-34c00340f2","name":"বুড়িগঙ্গা নদী","kind":"water","kindLabel":"내륙 수자원 지물","sourceYear":"2026","recordIds":["bgd-v162-a-028-entity-01118"],"rowCount":1,"featureClass":"river","lengthKm":0.9492},"geometry":{"type":"Point","coordinates":[90.326825,23.735111]}},{"type":"Feature","id":"a-028-04841f6a31","properties":{"elementId":"A-028","featureId":"a-028-04841f6a31","name":"বুড়িগঙ্গা নদী","kind":"water","kindLabel":"내륙 수자원 지물","sourceYear":"2026","recordIds":["bgd-v162-a-028-entity-01096"],"rowCount":1,"featureClass":"river","lengthKm":0.0151},"geometry":{"type":"Point","coordinates":[90.32694,23.735025]}},{"type":"Feature","id":"a-028-35c8b3a923","properties":{"elementId":"A-028","featureId":"a-028-35c8b3a923","name":"বুড়িগঙ্গা নদী","kind":"water","kindLabel":"내륙 수자원 지물","sourceYear":"2026","recordIds":["bgd-v162-a-028-entity-01112"],"rowCount":1,"featureClass":"river","lengthKm":0.3849},"geometry":{"type":"Point","coordinates":[90.329096,23.732417]}},{"type":"Feature","id":"a-028-b613a17fdd","properties":{"elementId":"A-028","featureId":"a-028-b613a17fdd","name":"বুড়িগঙ্গা নদী","kind":"water","kindLabel":"내륙 수자원 지물","sourceYear":"2026","recordIds":["bgd-v162-a-028-entity-01097"],"rowCount":1,"featureClass":"river","lengthKm":0.0193},"geometry":{"type":"Point","coordinates":[90.329193,23.732268]}},{"type":"Feature","id":"a-028-378368cc0d","properties":{"elementId":"A-028","featureId":"a-028-378368cc0d","name":"বুড়িগঙ্গা নদী","kind":"water","kindLabel":"내륙 수자원 지물","sourceYear":"2026","recordIds":["bgd-v162-a-028-entity-01113"],"rowCount":1,"featureClass":"river","lengthKm":0.5489},"geometry":{"type":"Point","coordinates":[90.334162,23.730932]}},{"type":"Feature","id":"a-028-b5bd875425","properties":{"elementId":"A-028","featureId":"a-028-b5bd875425","name":"বুড়িগঙ্গা নদী","kind":"water","kindLabel":"내륙 수자원 지물","sourceYear":"2026","recordIds":["bgd-v162-a-028-entity-01087"],"rowCount":1,"featureClass":"river","lengthKm":0.0104},"geometry":{"type":"Point","coordinates":[90.334264,23.730933]}},{"type":"Feature","id":"a-028-cd065c38f8","properties":{"elementId":"A-028","featureId":"a-028-cd065c38f8","name":"বুড়িগঙ্গা নদী","kind":"water","kindLabel":"내륙 수자원 지물","sourceYear":"2026","recordIds":["bgd-v162-a-028-entity-01151"],"rowCount":1,"featureClass":"river","lengthKm":15.5196},"geometry":{"type":"Point","coordinates":[90.335598,23.784916]}},{"type":"Feature","id":"a-028-d732222af9","properties":{"elementId":"A-028","featureId":"a-028-d732222af9","name":"বুড়িগঙ্গা নদী","kind":"water","kindLabel":"내륙 수자원 지물","sourceYear":"2026","recordIds":["bgd-v162-a-028-entity-01127"],"rowCount":1,"featureClass":"river","lengthKm":1.6509},"geometry":{"type":"Point","coordinates":[90.348703,23.729829]}},{"type":"Feature","id":"a-028-79be46abc3","properties":{"elementId":"A-028","featureId":"a-028-79be46abc3","name":"বুড়িগঙ্গা নদী","kind":"water","kindLabel":"내륙 수자원 지물","sourceYear":"2026","recordIds":["bgd-v162-a-028-entity-01094"],"rowCount":1,"featureClass":"river","lengthKm":0.014},"geometry":{"type":"Point","coordinates":[90.348743,23.729709]}},{"type":"Feature","id":"a-028-1b582e1980","properties":{"elementId":"A-028","featureId":"a-028-1b582e1980","name":"বুড়িগঙ্গা নদী","kind":"water","kindLabel":"내륙 수자원 지물","sourceYear":"2026","recordIds":["bgd-v162-a-028-entity-01130"],"rowCount":1,"featureClass":"river","lengthKm":1.9176},"geometry":{"type":"Point","coordinates":[90.359474,23.71661]}},{"type":"Feature","id":"a-028-1f96aa2a93","properties":{"elementId":"A-028","featureId":"a-028-1f96aa2a93","name":"বুড়িগঙ্গা নদী","kind":"water","kindLabel":"내륙 수자원 지물","sourceYear":"2026","recordIds":["bgd-v162-a-028-entity-01110"],"rowCount":1,"featureClass":"river","lengthKm":0.1598},"geometry":{"type":"Point","coordinates":[90.40114,23.709192]}},{"type":"Feature","id":"a-028-30b5380b06","properties":{"elementId":"A-028","featureId":"a-028-30b5380b06","name":"বুড়িগঙ্গা নদী","kind":"water","kindLabel":"내륙 수자원 지물","sourceYear":"2026","recordIds":["bgd-v162-a-028-entity-01142"],"rowCount":1,"featureClass":"river","lengthKm":13.3854},"geometry":{"type":"Point","coordinates":[90.402481,23.708446]}},{"type":"Feature","id":"a-028-d9a9f80eb8","properties":{"elementId":"A-028","featureId":"a-028-d9a9f80eb8","name":"বুড়িশ্বর নদী","kind":"water","kindLabel":"내륙 수자원 지물","sourceYear":"2026","recordIds":["bgd-v162-a-028-entity-01566"],"rowCount":1,"featureClass":"river","lengthKm":79.8069},"geometry":{"type":"Point","coordinates":[90.362135,22.495422]}},{"type":"Feature","id":"a-028-0dc96a7faf","properties":{"elementId":"A-028","featureId":"a-028-0dc96a7faf","name":"বুড়ী তিস্তা","kind":"water","kindLabel":"내륙 수자원 지물","sourceYear":"2026","recordIds":["bgd-v162-a-028-entity-01710"],"rowCount":1,"featureClass":"river","lengthKm":2.3617},"geometry":{"type":"Point","coordinates":[88.878009,26.210546]}},{"type":"Feature","id":"a-028-19bbb217da","properties":{"elementId":"A-028","featureId":"a-028-19bbb217da","name":"বুড়ী তিস্তা","kind":"water","kindLabel":"내륙 수자원 지물","sourceYear":"2026","recordIds":["bgd-v162-a-028-entity-01668"],"rowCount":1,"featureClass":"river","lengthKm":0.0507},"geometry":{"type":"Point","coordinates":[88.883352,26.200515]}},{"type":"Feature","id":"a-028-22bc70c5b0","properties":{"elementId":"A-028","featureId":"a-028-22bc70c5b0","name":"বুড়ী তিস্তা","kind":"water","kindLabel":"내륙 수자원 지물","sourceYear":"2026","recordIds":["bgd-v162-a-028-entity-01711"],"rowCount":1,"featureClass":"river","lengthKm":2.4759},"geometry":{"type":"Point","coordinates":[88.883799,26.200299]}},{"type":"Feature","id":"a-028-fc0b2cd668","properties":{"elementId":"A-028","featureId":"a-028-fc0b2cd668","name":"বুড়ী তিস্তা","kind":"water","kindLabel":"내륙 수자원 지물","sourceYear":"2026","recordIds":["bgd-v162-a-028-entity-01667"],"rowCount":1,"featureClass":"river","lengthKm":0.0439},"geometry":{"type":"Point","coordinates":[88.88558,26.178869]}},{"type":"Feature","id":"a-028-093c8ce830","properties":{"elementId":"A-028","featureId":"a-028-093c8ce830","name":"বুড়ী তিস্তা","kind":"water","kindLabel":"내륙 수자원 지물","sourceYear":"2026","recordIds":["bgd-v162-a-028-entity-01659"],"rowCount":1,"featureClass":"river","lengthKm":0.0109},"geometry":{"type":"Point","coordinates":[88.885764,26.17851]}},{"type":"Feature","id":"a-028-9f083dfbea","properties":{"elementId":"A-028","featureId":"a-028-9f083dfbea","name":"বুড়ী তিস্তা","kind":"water","kindLabel":"내륙 수자원 지물","sourceYear":"2026","recordIds":["bgd-v162-a-028-entity-01714"],"rowCount":1,"featureClass":"river","lengthKm":2.8298},"geometry":{"type":"Point","coordinates":[88.885821,26.178426]}},{"type":"Feature","id":"a-028-9bef651fa2","properties":{"elementId":"A-028","featureId":"a-028-9bef651fa2","name":"বুড়ী তিস্তা","kind":"water","kindLabel":"내륙 수자원 지물","sourceYear":"2026","recordIds":["bgd-v162-a-028-entity-01712"],"rowCount":1,"featureClass":"river","lengthKm":2.5162},"geometry":{"type":"Point","coordinates":[88.885907,26.188483]}},{"type":"Feature","id":"a-028-8c043d0387","properties":{"elementId":"A-028","featureId":"a-028-8c043d0387","name":"বুড়ী তিস্তা","kind":"water","kindLabel":"내륙 수자원 지물","sourceYear":"2026","recordIds":["bgd-v162-a-028-entity-01686"],"rowCount":1,"featureClass":"river","lengthKm":10.9031},"geometry":{"type":"Point","coordinates":[88.894047,26.163175]}},{"type":"Feature","id":"a-028-3a7a92ddaf","properties":{"elementId":"A-028","featureId":"a-028-3a7a92ddaf","name":"বুড়ী তিস্তা","kind":"water","kindLabel":"내륙 수자원 지물","sourceYear":"2026","recordIds":["bgd-v162-a-028-entity-01658"],"rowCount":1,"featureClass":"river","lengthKm":0.0069},"geometry":{"type":"Point","coordinates":[88.894057,26.163237]}},{"type":"Feature","id":"a-028-89f7b42c81","properties":{"elementId":"A-028","featureId":"a-028-89f7b42c81","name":"বুড়ী তিস্তা","kind":"water","kindLabel":"내륙 수자원 지물","sourceYear":"2026","recordIds":["bgd-v162-a-028-entity-01749"],"rowCount":1,"featureClass":"river","lengthKm":7.3371},"geometry":{"type":"Point","coordinates":[88.913199,26.114493]}},{"type":"Feature","id":"a-028-892ae43dfd","properties":{"elementId":"A-028","featureId":"a-028-892ae43dfd","name":"বুড়ী তিস্তা","kind":"water","kindLabel":"내륙 수자원 지물","sourceYear":"2026","recordIds":["bgd-v162-a-028-entity-01664"],"rowCount":1,"featureClass":"river","lengthKm":0.0337},"geometry":{"type":"Point","coordinates":[88.917765,26.121618]}},{"type":"Feature","id":"a-028-b1883095d2","properties":{"elementId":"A-028","featureId":"a-028-b1883095d2","name":"বুড়ী তিস্তা","kind":"water","kindLabel":"내륙 수자원 지물","sourceYear":"2026","recordIds":["bgd-v162-a-028-entity-01680"],"rowCount":1,"featureClass":"river","lengthKm":1.0833},"geometry":{"type":"Point","coordinates":[88.918041,26.121444]}},{"type":"Feature","id":"a-028-425bba7aa8","properties":{"elementId":"A-028","featureId":"a-028-425bba7aa8","name":"বুড়ী তিস্তা","kind":"water","kindLabel":"내륙 수자원 지물","sourceYear":"2026","recordIds":["bgd-v162-a-028-entity-01663"],"rowCount":1,"featureClass":"river","lengthKm":0.0328},"geometry":{"type":"Point","coordinates":[88.925777,26.11789]}},{"type":"Feature","id":"a-028-1b4682f9f1","properties":{"elementId":"A-028","featureId":"a-028-1b4682f9f1","name":"বুড়ী তিস্তা","kind":"water","kindLabel":"내륙 수자원 지물","sourceYear":"2026","recordIds":["bgd-v162-a-028-entity-01722"],"rowCount":1,"featureClass":"river","lengthKm":3.286},"geometry":{"type":"Point","coordinates":[88.926093,26.11797]}},{"type":"Feature","id":"a-028-32d8c377ad","properties":{"elementId":"A-028","featureId":"a-028-32d8c377ad","name":"বুড়ী তিস্তা","kind":"water","kindLabel":"내륙 수자원 지물","sourceYear":"2026","recordIds":["bgd-v162-a-028-entity-01670"],"rowCount":1,"featureClass":"river","lengthKm":0.1508},"geometry":{"type":"Point","coordinates":[88.934717,26.103442]}},{"type":"Feature","id":"a-028-322e15653c","properties":{"elementId":"A-028","featureId":"a-028-322e15653c","name":"বুড়ী তিস্তা","kind":"water","kindLabel":"내륙 수자원 지물","sourceYear":"2026","recordIds":["bgd-v162-a-028-entity-01669"],"rowCount":1,"featureClass":"river","lengthKm":0.112},"geometry":{"type":"Point","coordinates":[88.940192,26.103082]}},{"type":"Feature","id":"a-028-103e4781b4","properties":{"elementId":"A-028","featureId":"a-028-103e4781b4","name":"বুড়ী তিস্তা","kind":"water","kindLabel":"내륙 수자원 지물","sourceYear":"2026","recordIds":["bgd-v162-a-028-entity-01661"],"rowCount":1,"featureClass":"river","lengthKm":0.0128},"geometry":{"type":"Point","coordinates":[88.941255,26.102772]}},{"type":"Feature","id":"a-028-e31f96f758","properties":{"elementId":"A-028","featureId":"a-028-e31f96f758","name":"বুড়ী তিস্তা","kind":"water","kindLabel":"내륙 수자원 지물","sourceYear":"2026","recordIds":["bgd-v162-a-028-entity-01753"],"rowCount":1,"featureClass":"river","lengthKm":8.6683},"geometry":{"type":"Point","coordinates":[88.941379,26.102743]}},{"type":"Feature","id":"a-028-c6e4e6a4ca","properties":{"elementId":"A-028","featureId":"a-028-c6e4e6a4ca","name":"বুড়ী তিস্তা","kind":"water","kindLabel":"내륙 수자원 지물","sourceYear":"2026","recordIds":["bgd-v162-a-028-entity-01719"],"rowCount":1,"featureClass":"river","lengthKm":26.0246},"geometry":{"type":"Point","coordinates":[88.988003,26.082181]}},{"type":"Feature","id":"a-028-c8236a03c6","properties":{"elementId":"A-028","featureId":"a-028-c8236a03c6","name":"বুড়ী তিস্তা নদী","kind":"water","kindLabel":"내륙 수자원 지물","sourceYear":"2026","recordIds":["bgd-v162-a-028-entity-02038"],"rowCount":1,"featureClass":"river","lengthKm":21.7633},"geometry":{"type":"Point","coordinates":[88.830433,26.33759]}},{"type":"Feature","id":"a-028-1e6fbcb2e4","properties":{"elementId":"A-028","featureId":"a-028-1e6fbcb2e4","name":"বুড়ী তিস্তা নদী","kind":"water","kindLabel":"내륙 수자원 지물","sourceYear":"2026","recordIds":["bgd-v162-a-028-entity-02066"],"rowCount":1,"featureClass":"river","lengthKm":4.5779},"geometry":{"type":"Point","coordinates":[88.868435,26.236087]}},{"type":"Feature","id":"a-028-4c65ce8683","properties":{"elementId":"A-028","featureId":"a-028-4c65ce8683","name":"বেগবতী নদী","kind":"water","kindLabel":"내륙 수자원 지물","sourceYear":"2026","recordIds":["bgd-v162-a-028-entity-00628"],"rowCount":1,"featureClass":"river","lengthKm":11.6672},"geometry":{"type":"Point","coordinates":[89.057027,23.55373]}},{"type":"Feature","id":"a-028-87d183a433","properties":{"elementId":"A-028","featureId":"a-028-87d183a433","name":"বেগবতী নদী","kind":"water","kindLabel":"내륙 수자원 지물","sourceYear":"2026","recordIds":["bgd-v162-a-028-entity-00674"],"rowCount":1,"featureClass":"river","lengthKm":34.8641},"geometry":{"type":"Point","coordinates":[89.10124,23.505766]}},{"type":"Feature","id":"a-028-3619a6cac6","properties":{"elementId":"A-028","featureId":"a-028-3619a6cac6","name":"বৈরান নদী","kind":"water","kindLabel":"내륙 수자원 지물","sourceYear":"2026","recordIds":["bgd-v162-a-028-entity-01184"],"rowCount":1,"featureClass":"river","lengthKm":37.2843},"geometry":{"type":"Point","coordinates":[89.897862,24.67891]}},{"type":"Feature","id":"a-028-594e102e63","properties":{"elementId":"A-028","featureId":"a-028-594e102e63","name":"বোয়ালজুরি নদী","kind":"water","kindLabel":"내륙 수자원 지물","sourceYear":"2026","recordIds":["bgd-v162-a-028-entity-00888"],"rowCount":1,"featureClass":"river","lengthKm":12.4806},"geometry":{"type":"Point","coordinates":[90.857433,23.250819]}},{"type":"Feature","id":"a-028-68c89960a3","properties":{"elementId":"A-028","featureId":"a-028-68c89960a3","name":"ব্রহ্মপুত্র","kind":"water","kindLabel":"내륙 수자원 지물","sourceYear":"2026","recordIds":["bgd-v162-a-028-entity-01715"],"rowCount":1,"featureClass":"river","lengthKm":2.8541},"geometry":{"type":"Point","coordinates":[89.668676,25.631659]}},{"type":"Feature","id":"a-028-4f64b01604","properties":{"elementId":"A-028","featureId":"a-028-4f64b01604","name":"ব্রহ্মপুত্র","kind":"water","kindLabel":"내륙 수자원 지물","sourceYear":"2026","recordIds":["bgd-v162-a-028-entity-01745"],"rowCount":1,"featureClass":"river","lengthKm":6.8877},"geometry":{"type":"Point","coordinates":[89.669969,25.28243]}},{"type":"Feature","id":"a-028-17f6a26fe0","properties":{"elementId":"A-028","featureId":"a-028-17f6a26fe0","name":"ব্রহ্মপুত্র","kind":"water","kindLabel":"내륙 수자원 지물","sourceYear":"2026","recordIds":["bgd-v162-a-028-entity-01660"],"rowCount":1,"featureClass":"river","lengthKm":0.0114},"geometry":{"type":"Point","coordinates":[89.723668,25.25993]}},{"type":"Feature","id":"a-028-c6fac50887","properties":{"elementId":"A-028","featureId":"a-028-c6fac50887","name":"ব্রহ্মপুত্র","kind":"water","kindLabel":"내륙 수자원 지물","sourceYear":"2026","recordIds":["bgd-v162-a-028-entity-01746"],"rowCount":1,"featureClass":"river","lengthKm":6.9847},"geometry":{"type":"Point","coordinates":[89.723757,25.259994]}},{"type":"Feature","id":"a-028-6d206f51ab","properties":{"elementId":"A-028","featureId":"a-028-6d206f51ab","name":"ব্রহ্মপুত্র","kind":"water","kindLabel":"내륙 수자원 지물","sourceYear":"2026","recordIds":["bgd-v162-a-028-entity-01639"],"rowCount":1,"featureClass":"river","lengthKm":55.0074},"geometry":{"type":"Point","coordinates":[89.75197,25.221869]}},{"type":"Feature","id":"a-028-06041d6708","properties":{"elementId":"A-028","featureId":"a-028-06041d6708","name":"ব্রহ্মপুত্র","kind":"water","kindLabel":"내륙 수자원 지물","sourceYear":"2026","recordIds":["bgd-v162-a-028-entity-01216"],"rowCount":1,"featureClass":"river","lengthKm":9.9822},"geometry":{"type":"Point","coordinates":[90.632175,24.344067]}},{"type":"Feature","id":"a-028-8ed9f7d35f","properties":{"elementId":"A-028","featureId":"a-028-8ed9f7d35f","name":"ব্রহ্মপুত্র নদী","kind":"water","kindLabel":"내륙 수자원 지물","sourceYear":"2026","recordIds":["bgd-v162-a-028-entity-01645"],"rowCount":1,"featureClass":"river","lengthKm":65.0224},"geometry":{"type":"Point","coordinates":[89.905627,24.970839]}},{"type":"Feature","id":"a-028-1f0dc57ed6","properties":{"elementId":"A-028","featureId":"a-028-1f0dc57ed6","name":"ভদ্রবতি নদী","kind":"water","kindLabel":"내륙 수자원 지물","sourceYear":"2026","recordIds":["bgd-v162-a-028-entity-01862"],"rowCount":1,"featureClass":"river","lengthKm":4.7827},"geometry":{"type":"Point","coordinates":[89.319426,24.75487]}},{"type":"Feature","id":"a-028-907cb46f83","properties":{"elementId":"A-028","featureId":"a-028-907cb46f83","name":"ভদ্রবতি নদী","kind":"water","kindLabel":"내륙 수자원 지물","sourceYear":"2026","recordIds":["bgd-v162-a-028-entity-01844"],"rowCount":1,"featureClass":"river","lengthKm":26.7444},"geometry":{"type":"Point","coordinates":[89.32079,24.729257]}},{"type":"Feature","id":"a-028-7ca2647e20","properties":{"elementId":"A-028","featureId":"a-028-7ca2647e20","name":"ভদ্রবতি নদী","kind":"water","kindLabel":"내륙 수자원 지물","sourceYear":"2026","recordIds":["bgd-v162-a-028-entity-01815"],"rowCount":1,"featureClass":"river","lengthKm":1.2017},"geometry":{"type":"Point","coordinates":[89.324703,24.75601]}},{"type":"Feature","id":"a-028-e696be2fba","properties":{"elementId":"A-028","featureId":"a-028-e696be2fba","name":"ভদ্রবতি নদী","kind":"water","kindLabel":"내륙 수자원 지물","sourceYear":"2026","recordIds":["bgd-v162-a-028-entity-01856"],"rowCount":1,"featureClass":"river","lengthKm":31.9051},"geometry":{"type":"Point","coordinates":[89.326799,24.576364]}},{"type":"Feature","id":"a-028-1874b98934","properties":{"elementId":"A-028","featureId":"a-028-1874b98934","name":"ভদ্রবতি নদী","kind":"water","kindLabel":"내륙 수자원 지물","sourceYear":"2026","recordIds":["bgd-v162-a-028-entity-01867"],"rowCount":1,"featureClass":"river","lengthKm":5.4172},"geometry":{"type":"Point","coordinates":[89.332117,24.753485]}},{"type":"Feature","id":"a-028-3940e62066","properties":{"elementId":"A-028","featureId":"a-028-3940e62066","name":"ভুবনেসসর খাল","kind":"water","kindLabel":"내륙 수자원 지물","sourceYear":"2026","recordIds":["bgd-v162-a-028-entity-01471"],"rowCount":1,"featureClass":"canal","lengthKm":2.9617},"geometry":{"type":"Point","coordinates":[90.057255,22.481624]}},{"type":"Feature","id":"a-028-1b0de4535e","properties":{"elementId":"A-028","featureId":"a-028-1b0de4535e","name":"ভুবনেসসর খাল","kind":"water","kindLabel":"내륙 수자원 지물","sourceYear":"2026","recordIds":["bgd-v162-a-028-entity-01221"],"rowCount":1,"featureClass":"canal","lengthKm":0.0058},"geometry":{"type":"Point","coordinates":[90.080771,22.479436]}},{"type":"Feature","id":"a-028-13418076b7","properties":{"elementId":"A-028","featureId":"a-028-13418076b7","name":"ভুবনেসসর খাল","kind":"water","kindLabel":"내륙 수자원 지물","sourceYear":"2026","recordIds":["bgd-v162-a-028-entity-01388"],"rowCount":1,"featureClass":"canal","lengthKm":1.0052},"geometry":{"type":"Point","coordinates":[90.080828,22.479436]}},{"type":"Feature","id":"a-028-72d074cc14","properties":{"elementId":"A-028","featureId":"a-028-72d074cc14","name":"ভুবনেসসর খাল","kind":"water","kindLabel":"내륙 수자원 지물","sourceYear":"2026","recordIds":["bgd-v162-a-028-entity-01475"],"rowCount":1,"featureClass":"canal","lengthKm":3.2948},"geometry":{"type":"Point","coordinates":[90.085029,22.474514]}},{"type":"Feature","id":"a-028-7c76b4b0a0","properties":{"elementId":"A-028","featureId":"a-028-7c76b4b0a0","name":"ভুবনেসসর খাল","kind":"water","kindLabel":"내륙 수자원 지물","sourceYear":"2026","recordIds":["bgd-v162-a-028-entity-01225"],"rowCount":1,"featureClass":"canal","lengthKm":0.0085},"geometry":{"type":"Point","coordinates":[90.085042,22.474589]}},{"type":"Feature","id":"a-028-f4931c4617","properties":{"elementId":"A-028","featureId":"a-028-f4931c4617","name":"ভুলুয়া খাল","kind":"water","kindLabel":"내륙 수자원 지물","sourceYear":"2026","recordIds":["bgd-v162-a-028-entity-00815"],"rowCount":1,"featureClass":"canal","lengthKm":12.6494},"geometry":{"type":"Point","coordinates":[90.929852,22.86457]}},{"type":"Feature","id":"a-028-a093275b3f","properties":{"elementId":"A-028","featureId":"a-028-a093275b3f","name":"ভুলুয়া নদী","kind":"water","kindLabel":"내륙 수자원 지물","sourceYear":"2026","recordIds":["bgd-v162-a-028-entity-00925"],"rowCount":1,"featureClass":"river","lengthKm":29.6031},"geometry":{"type":"Point","coordinates":[90.963977,22.829879]}},{"type":"Feature","id":"a-028-06150a327f","properties":{"elementId":"A-028","featureId":"a-028-06150a327f","name":"ভৈরব","kind":"water","kindLabel":"내륙 수자원 지물","sourceYear":"2026","recordIds":["bgd-v162-a-028-entity-00703"],"rowCount":1,"featureClass":"river","lengthKm":66.1045},"geometry":{"type":"Point","coordinates":[88.612565,23.71263]}},{"type":"Feature","id":"a-028-e4cea6fe69","properties":{"elementId":"A-028","featureId":"a-028-e4cea6fe69","name":"ভৈরব নদ","kind":"water","kindLabel":"내륙 수자원 지물","sourceYear":"2026","recordIds":["bgd-v162-a-028-entity-00738"],"rowCount":1,"featureClass":"stream","lengthKm":7.5682},"geometry":{"type":"Point","coordinates":[89.024942,23.278107]}},{"type":"Feature","id":"a-028-a25bf5a726","properties":{"elementId":"A-028","featureId":"a-028-a25bf5a726","name":"ভৈরব নদ","kind":"water","kindLabel":"내륙 수자원 지물","sourceYear":"2026","recordIds":["bgd-v162-a-028-entity-00732"],"rowCount":1,"featureClass":"stream","lengthKm":1.071},"geometry":{"type":"Point","coordinates":[89.026486,23.343905]}},{"type":"Feature","id":"a-028-610d934d08","properties":{"elementId":"A-028","featureId":"a-028-610d934d08","name":"ভৈরব নদ","kind":"water","kindLabel":"내륙 수자원 지물","sourceYear":"2026","recordIds":["bgd-v162-a-028-entity-00716"],"rowCount":1,"featureClass":"river","lengthKm":84.3112},"geometry":{"type":"Point","coordinates":[89.421492,23.308769]}},{"type":"Feature","id":"a-028-4a80cea8c1","properties":{"elementId":"A-028","featureId":"a-028-4a80cea8c1","name":"মগরা নদী","kind":"water","kindLabel":"내륙 수자원 지물","sourceYear":"2026","recordIds":["bgd-v162-a-028-entity-01614"],"rowCount":1,"featureClass":"river","lengthKm":1.9243},"geometry":{"type":"Point","coordinates":[90.947374,24.726775]}},{"type":"Feature","id":"a-028-681374ca1c","properties":{"elementId":"A-028","featureId":"a-028-681374ca1c","name":"মগরা নদী","kind":"water","kindLabel":"내륙 수자원 지물","sourceYear":"2026","recordIds":["bgd-v162-a-028-entity-01631"],"rowCount":1,"featureClass":"river","lengthKm":27.3887},"geometry":{"type":"Point","coordinates":[90.95148,24.716582]}},{"type":"Feature","id":"a-028-4540bc3dc8","properties":{"elementId":"A-028","featureId":"a-028-4540bc3dc8","name":"মধুমতি","kind":"water","kindLabel":"내륙 수자원 지물","sourceYear":"2026","recordIds":["bgd-v162-a-028-entity-01217"],"rowCount":1,"featureClass":"river","lengthKm":91.7708},"geometry":{"type":"Point","coordinates":[89.55659,23.503398]}},{"type":"Feature","id":"a-028-8a849a2274","properties":{"elementId":"A-028","featureId":"a-028-8a849a2274","name":"মহিষবাথান ছোট খাঁড়ী","kind":"water","kindLabel":"내륙 수자원 지물","sourceYear":"2026","recordIds":["bgd-v162-a-028-entity-01777"],"rowCount":1,"featureClass":"canal","lengthKm":0.3001},"geometry":{"type":"Point","coordinates":[89.207379,24.8405]}},{"type":"Feature","id":"a-028-283500dffc","properties":{"elementId":"A-028","featureId":"a-028-283500dffc","name":"মাইনি নদী","kind":"water","kindLabel":"내륙 수자원 지물","sourceYear":"2026","recordIds":["bgd-v162-a-028-entity-00969"],"rowCount":1,"featureClass":"river","lengthKm":8.7338},"geometry":{"type":"Point","coordinates":[92.151794,23.093325]}},{"type":"Feature","id":"a-028-b9102058e5","properties":{"elementId":"A-028","featureId":"a-028-b9102058e5","name":"মাতামুহুরী নদী","kind":"water","kindLabel":"내륙 수자원 지물","sourceYear":"2026","recordIds":["bgd-v162-a-028-entity-00957"],"rowCount":1,"featureClass":"river","lengthKm":58.7533},"geometry":{"type":"Point","coordinates":[92.495728,21.375156]}},{"type":"Feature","id":"a-028-241a0ae936","properties":{"elementId":"A-028","featureId":"a-028-241a0ae936","name":"মাথাভাঙ্গা","kind":"water","kindLabel":"내륙 수자원 지물","sourceYear":"2026","recordIds":["bgd-v162-a-028-entity-00712"],"rowCount":1,"featureClass":"river","lengthKm":74.4217},"geometry":{"type":"Point","coordinates":[88.742209,23.985302]}},{"type":"Feature","id":"a-028-3c05b82777","properties":{"elementId":"A-028","featureId":"a-028-3c05b82777","name":"মাথাভাঙ্গা","kind":"water","kindLabel":"내륙 수자원 지물","sourceYear":"2026","recordIds":["bgd-v162-a-028-entity-00675"],"rowCount":1,"featureClass":"river","lengthKm":37.8797},"geometry":{"type":"Point","coordinates":[88.843855,23.646363]}},{"type":"Feature","id":"a-028-77713a8395","properties":{"elementId":"A-028","featureId":"a-028-77713a8395","name":"মিঠা খাল","kind":"water","kindLabel":"내륙 수자원 지물","sourceYear":"2026","recordIds":["bgd-v162-a-028-entity-00821"],"rowCount":1,"featureClass":"canal","lengthKm":2.4814},"geometry":{"type":"Point","coordinates":[91.768644,22.470052]}},{"type":"Feature","id":"a-028-0f0f6ff1db","properties":{"elementId":"A-028","featureId":"a-028-0f0f6ff1db","name":"মিঠা খাল","kind":"water","kindLabel":"내륙 수자원 지물","sourceYear":"2026","recordIds":["bgd-v162-a-028-entity-00752","bgd-v162-a-028-entity-00811"],"rowCount":2,"featureClass":"canal"},"geometry":{"type":"Point","coordinates":[91.784527,22.475446]}},{"type":"Feature","id":"a-028-8500bfcd87","properties":{"elementId":"A-028","featureId":"a-028-8500bfcd87","name":"মিঠা খাল","kind":"water","kindLabel":"내륙 수자원 지물","sourceYear":"2026","recordIds":["bgd-v162-a-028-entity-00761"],"rowCount":1,"featureClass":"canal","lengthKm":0.0226},"geometry":{"type":"Point","coordinates":[91.792604,22.488838]}},{"type":"Feature","id":"a-028-cdc9985638","properties":{"elementId":"A-028","featureId":"a-028-cdc9985638","name":"মিঠা খাল","kind":"water","kindLabel":"내륙 수자원 지물","sourceYear":"2026","recordIds":["bgd-v162-a-028-entity-00747","bgd-v162-a-028-entity-00793"],"rowCount":2,"featureClass":"canal"},"geometry":{"type":"Point","coordinates":[91.792683,22.484822]}},{"type":"Feature","id":"a-028-077e15542b","properties":{"elementId":"A-028","featureId":"a-028-077e15542b","name":"মিঠা খাল","kind":"water","kindLabel":"내륙 수자원 지물","sourceYear":"2026","recordIds":["bgd-v162-a-028-entity-00775"],"rowCount":1,"featureClass":"canal","lengthKm":0.2933},"geometry":{"type":"Point","coordinates":[91.7927,22.489021]}},{"type":"Feature","id":"a-028-9d64a640df","properties":{"elementId":"A-028","featureId":"a-028-9d64a640df","name":"মিঠা খাল","kind":"water","kindLabel":"내륙 수자원 지물","sourceYear":"2026","recordIds":["bgd-v162-a-028-entity-00749"],"rowCount":1,"featureClass":"canal","lengthKm":0.0169},"geometry":{"type":"Point","coordinates":[91.793421,22.491277]}},{"type":"Feature","id":"a-028-f51ceaf838","properties":{"elementId":"A-028","featureId":"a-028-f51ceaf838","name":"মিঠা খাল","kind":"water","kindLabel":"내륙 수자원 지물","sourceYear":"2026","recordIds":["bgd-v162-a-028-entity-00800"],"rowCount":1,"featureClass":"canal","lengthKm":1.0719},"geometry":{"type":"Point","coordinates":[91.793551,22.49137]}},{"type":"Feature","id":"a-028-90e9abd824","properties":{"elementId":"A-028","featureId":"a-028-90e9abd824","name":"মীর খাল","kind":"water","kindLabel":"내륙 수자원 지물","sourceYear":"2026","recordIds":["bgd-v162-a-028-entity-01423"],"rowCount":1,"featureClass":"canal","lengthKm":1.5533},"geometry":{"type":"Point","coordinates":[90.573413,22.16985]}},{"type":"Feature","id":"a-028-9a60e59408","properties":{"elementId":"A-028","featureId":"a-028-9a60e59408","name":"মৃগী নদী","kind":"water","kindLabel":"내륙 수자원 지물","sourceYear":"2026","recordIds":["bgd-v162-a-028-entity-01622"],"rowCount":1,"featureClass":"river","lengthKm":17.7004},"geometry":{"type":"Point","coordinates":[89.970829,25.085375]}},{"type":"Feature","id":"a-028-efa2526291","properties":{"elementId":"A-028","featureId":"a-028-efa2526291","name":"মেঘনা নদী","kind":"water","kindLabel":"내륙 수자원 지물","sourceYear":"2026","recordIds":["bgd-v162-a-028-entity-01219"],"rowCount":1,"featureClass":"stream","lengthKm":9.0608},"geometry":{"type":"Point","coordinates":[90.595927,23.599131]}},{"type":"Feature","id":"a-028-8ec1962d06","properties":{"elementId":"A-028","featureId":"a-028-8ec1962d06","name":"মেঘনা নদী","kind":"water","kindLabel":"내륙 수자원 지물","sourceYear":"2026","recordIds":["bgd-v162-a-028-entity-00976"],"rowCount":1,"featureClass":"river","lengthKm":98.9125},"geometry":{"type":"Point","coordinates":[90.62798,23.231803]}},{"type":"Feature","id":"a-028-e7ccfa97ca","properties":{"elementId":"A-028","featureId":"a-028-e7ccfa97ca","name":"মেঘনা নদী","kind":"water","kindLabel":"내륙 수자원 지물","sourceYear":"2026","recordIds":["bgd-v162-a-028-entity-01194"],"rowCount":1,"featureClass":"river","lengthKm":47.7466},"geometry":{"type":"Point","coordinates":[90.630498,23.619146]}},{"type":"Feature","id":"a-028-827e2cc6b7","properties":{"elementId":"A-028","featureId":"a-028-827e2cc6b7","name":"মেঘনা নদী","kind":"water","kindLabel":"내륙 수자원 지물","sourceYear":"2026","recordIds":["bgd-v162-a-028-entity-01117"],"rowCount":1,"featureClass":"river","lengthKm":0.8195},"geometry":{"type":"Point","coordinates":[90.677953,23.68554]}},{"type":"Feature","id":"a-028-f979c7cd3b","properties":{"elementId":"A-028","featureId":"a-028-f979c7cd3b","name":"মেঘনা নদী","kind":"water","kindLabel":"내륙 수자원 지물","sourceYear":"2026","recordIds":["bgd-v162-a-028-entity-00974"],"rowCount":1,"featureClass":"river","lengthKm":9.1356},"geometry":{"type":"Point","coordinates":[90.679197,23.678258]}},{"type":"Feature","id":"a-028-8c842b09af","properties":{"elementId":"A-028","featureId":"a-028-8c842b09af","name":"মেঘনা নদী","kind":"water","kindLabel":"내륙 수자원 지물","sourceYear":"2026","recordIds":["bgd-v162-a-028-entity-00967"],"rowCount":1,"featureClass":"river","lengthKm":7.6581},"geometry":{"type":"Point","coordinates":[90.721134,23.741156]}},{"type":"Feature","id":"a-028-1b4a93bc82","properties":{"elementId":"A-028","featureId":"a-028-1b4a93bc82","name":"মেঘনা নদী","kind":"water","kindLabel":"내륙 수자원 지물","sourceYear":"2026","recordIds":["bgd-v162-a-028-entity-00958"],"rowCount":1,"featureClass":"river","lengthKm":6.1851},"geometry":{"type":"Point","coordinates":[90.740267,23.793881]}},{"type":"Feature","id":"a-028-55e5fc20a4","properties":{"elementId":"A-028","featureId":"a-028-55e5fc20a4","name":"মেঘনা নদী","kind":"water","kindLabel":"내륙 수자원 지물","sourceYear":"2026","recordIds":["bgd-v162-a-028-entity-00900"],"rowCount":1,"featureClass":"river","lengthKm":16.9819},"geometry":{"type":"Point","coordinates":[90.829153,23.867658]}},{"type":"Feature","id":"a-028-a1d9980c94","properties":{"elementId":"A-028","featureId":"a-028-a1d9980c94","name":"মেঘনা নদী","kind":"water","kindLabel":"내륙 수자원 지물","sourceYear":"2026","recordIds":["bgd-v162-a-028-entity-00922"],"rowCount":1,"featureClass":"river","lengthKm":24.9908},"geometry":{"type":"Point","coordinates":[90.972684,23.973692]}},{"type":"Feature","id":"a-028-bf159ba3ea","properties":{"elementId":"A-028","featureId":"a-028-bf159ba3ea","name":"মেঘনা নদী","kind":"water","kindLabel":"내륙 수자원 지물","sourceYear":"2026","recordIds":["bgd-v162-a-028-entity-00886"],"rowCount":1,"featureClass":"river","lengthKm":11.8927},"geometry":{"type":"Point","coordinates":[90.986159,24.156979]}},{"type":"Feature","id":"a-028-1364432113","properties":{"elementId":"A-028","featureId":"a-028-1364432113","name":"মেঘনা নদী","kind":"water","kindLabel":"내륙 수자원 지물","sourceYear":"2026","recordIds":["bgd-v162-a-028-entity-01206"],"rowCount":1,"featureClass":"river","lengthKm":7.8705},"geometry":{"type":"Point","coordinates":[90.989692,24.039337]}},{"type":"Feature","id":"a-028-6748a883f0","properties":{"elementId":"A-028","featureId":"a-028-6748a883f0","name":"মেঘনা নদী","kind":"water","kindLabel":"내륙 수자원 지물","sourceYear":"2026","recordIds":["bgd-v162-a-028-entity-00921"],"rowCount":1,"featureClass":"river","lengthKm":24.7355},"geometry":{"type":"Point","coordinates":[91.016671,22.519168]}},{"type":"Feature","id":"a-028-007b02b875","properties":{"elementId":"A-028","featureId":"a-028-007b02b875","name":"মেঘনা নদী","kind":"water","kindLabel":"내륙 수자원 지물","sourceYear":"2026","recordIds":["bgd-v162-a-028-entity-01196"],"rowCount":1,"featureClass":"river","lengthKm":5.0808},"geometry":{"type":"Point","coordinates":[91.021239,24.188126]}},{"type":"Feature","id":"a-028-3f0ce6bcdf","properties":{"elementId":"A-028","featureId":"a-028-3f0ce6bcdf","name":"মেঘনা নদী","kind":"water","kindLabel":"내륙 수자원 지물","sourceYear":"2026","recordIds":["bgd-v162-a-028-entity-00911"],"rowCount":1,"featureClass":"river","lengthKm":2.8418},"geometry":{"type":"Point","coordinates":[91.036689,24.209381]}},{"type":"Feature","id":"a-028-79d97d4b8a","properties":{"elementId":"A-028","featureId":"a-028-79d97d4b8a","name":"মেঘনা নদী","kind":"water","kindLabel":"내륙 수자원 지물","sourceYear":"2026","recordIds":["bgd-v162-a-028-entity-01210"],"rowCount":1,"featureClass":"river","lengthKm":8.1114},"geometry":{"type":"Point","coordinates":[91.053021,24.082659]}},{"type":"Feature","id":"a-028-0f8c1f9b66","properties":{"elementId":"A-028","featureId":"a-028-0f8c1f9b66","name":"মেঘনা নদী","kind":"water","kindLabel":"내륙 수자원 지물","sourceYear":"2026","recordIds":["bgd-v162-a-028-entity-00906"],"rowCount":1,"featureClass":"river","lengthKm":19.6396},"geometry":{"type":"Point","coordinates":[91.118335,24.241208]}},{"type":"Feature","id":"a-028-d044934b52","properties":{"elementId":"A-028","featureId":"a-028-d044934b52","name":"মেঠো পাড়ার রাস্তার ধারের ড্রেন","kind":"water","kindLabel":"내륙 수자원 지물","sourceYear":"2026","recordIds":["bgd-v162-a-028-entity-00370"],"rowCount":1,"featureClass":"drain","lengthKm":0.0436},"geometry":{"type":"Point","coordinates":[89.081852,22.726397]}},{"type":"Feature","id":"a-028-06fca877d6","properties":{"elementId":"A-028","featureId":"a-028-06fca877d6","name":"মেঠো পাড়ার রাস্তার ধারের ড্রেন","kind":"water","kindLabel":"내륙 수자원 지물","sourceYear":"2026","recordIds":["bgd-v162-a-028-entity-00408"],"rowCount":1,"featureClass":"drain","lengthKm":0.0831},"geometry":{"type":"Point","coordinates":[89.082303,22.726291]}},{"type":"Feature","id":"a-028-562e847f0e","properties":{"elementId":"A-028","featureId":"a-028-562e847f0e","name":"যমুনা নদী","kind":"water","kindLabel":"내륙 수자원 지물","sourceYear":"2026","recordIds":["bgd-v162-a-028-entity-01755"],"rowCount":1,"featureClass":"river","lengthKm":82.8443},"geometry":{"type":"Point","coordinates":[88.830088,25.683795]}},{"type":"Feature","id":"a-028-15e877bb7b","properties":{"elementId":"A-028","featureId":"a-028-15e877bb7b","name":"যমুনা নদী","kind":"water","kindLabel":"내륙 수자원 지물","sourceYear":"2026","recordIds":["bgd-v162-a-028-entity-01810"],"rowCount":1,"featureClass":"river","lengthKm":0.0155},"geometry":{"type":"Point","coordinates":[89.007732,25.239275]}},{"type":"Feature","id":"a-028-4307c72cad","properties":{"elementId":"A-028","featureId":"a-028-4307c72cad","name":"যমুনা নদী","kind":"water","kindLabel":"내륙 수자원 지물","sourceYear":"2026","recordIds":["bgd-v162-a-028-entity-01863"],"rowCount":1,"featureClass":"river","lengthKm":43.9711},"geometry":{"type":"Point","coordinates":[89.007738,25.239135]}},{"type":"Feature","id":"a-028-0f73f533d4","properties":{"elementId":"A-028","featureId":"a-028-0f73f533d4","name":"যমুনা নদী","kind":"water","kindLabel":"내륙 수자원 지물","sourceYear":"2026","recordIds":["bgd-v162-a-028-entity-01870"],"rowCount":1,"featureClass":"river","lengthKm":50.632},"geometry":{"type":"Point","coordinates":[89.631617,24.744766]}},{"type":"Feature","id":"a-028-8de5bd7127","properties":{"elementId":"A-028","featureId":"a-028-8de5bd7127","name":"যমুনা নদী","kind":"water","kindLabel":"내륙 수자원 지물","sourceYear":"2026","recordIds":["bgd-v162-a-028-entity-01707"],"rowCount":1,"featureClass":"river","lengthKm":194.1933},"geometry":{"type":"Point","coordinates":[89.680862,25.199536]}},{"type":"Feature","id":"a-028-cf18d81dbf","properties":{"elementId":"A-028","featureId":"a-028-cf18d81dbf","name":"যমুনা নদী","kind":"water","kindLabel":"내륙 수자원 지물","sourceYear":"2026","recordIds":["bgd-v162-a-028-entity-01880"],"rowCount":1,"featureClass":"river","lengthKm":8.4447},"geometry":{"type":"Point","coordinates":[89.747925,24.31548]}},{"type":"Feature","id":"a-028-ee1f0b5580","properties":{"elementId":"A-028","featureId":"a-028-ee1f0b5580","name":"যমুনা নদী","kind":"water","kindLabel":"내륙 수자원 지물","sourceYear":"2026","recordIds":["bgd-v162-a-028-entity-01818"],"rowCount":1,"featureClass":"river","lengthKm":1.7869},"geometry":{"type":"Point","coordinates":[89.748198,24.311193]}},{"type":"Feature","id":"a-028-e1c574736b","properties":{"elementId":"A-028","featureId":"a-028-e1c574736b","name":"যমুনা নদী","kind":"water","kindLabel":"내륙 수자원 지물","sourceYear":"2026","recordIds":["bgd-v162-a-028-entity-01828"],"rowCount":1,"featureClass":"river","lengthKm":13.9996},"geometry":{"type":"Point","coordinates":[89.753097,24.420212]}},{"type":"Feature","id":"a-028-2f524072bc","properties":{"elementId":"A-028","featureId":"a-028-2f524072bc","name":"যমুনা নদী","kind":"water","kindLabel":"내륙 수자원 지물","sourceYear":"2026","recordIds":["bgd-v162-a-028-entity-01841"],"rowCount":1,"featureClass":"river","lengthKm":23.5297},"geometry":{"type":"Point","coordinates":[89.757453,24.394456]}},{"type":"Feature","id":"a-028-dc24092a3a","properties":{"elementId":"A-028","featureId":"a-028-dc24092a3a","name":"যমুনা নদী","kind":"water","kindLabel":"내륙 수자원 지물","sourceYear":"2026","recordIds":["bgd-v162-a-028-entity-01838"],"rowCount":1,"featureClass":"river","lengthKm":2.6599},"geometry":{"type":"Point","coordinates":[89.760012,24.30787]}},{"type":"Feature","id":"a-028-543f9ac3cc","properties":{"elementId":"A-028","featureId":"a-028-543f9ac3cc","name":"যমুনা নদীর পাড়","kind":"water","kindLabel":"내륙 수자원 지물","sourceYear":"2026","recordIds":["bgd-v162-a-028-entity-01875"],"rowCount":1,"featureClass":"river","lengthKm":7.0268},"geometry":{"type":"Point","coordinates":[89.758344,24.250017]}},{"type":"Feature","id":"a-028-72f3be880e","properties":{"elementId":"A-028","featureId":"a-028-72f3be880e","name":"যমুনাশ্বেরী নদী","kind":"water","kindLabel":"내륙 수자원 지물","sourceYear":"2026","recordIds":["bgd-v162-a-028-entity-01747"],"rowCount":1,"featureClass":"river","lengthKm":61.3618},"geometry":{"type":"Point","coordinates":[89.070121,25.683961]}},{"type":"Feature","id":"a-028-6c956f9d63","properties":{"elementId":"A-028","featureId":"a-028-6c956f9d63","name":"যাদুকাটা নদী","kind":"water","kindLabel":"내륙 수자원 지물","sourceYear":"2026","recordIds":["bgd-v162-a-028-entity-01983"],"rowCount":1,"featureClass":"river","lengthKm":9.9864},"geometry":{"type":"Point","coordinates":[91.255776,25.193697]}},{"type":"Feature","id":"a-028-a40ad18a60","properties":{"elementId":"A-028","featureId":"a-028-a40ad18a60","name":"রমনা বটমূল","kind":"natural","kindLabel":"기타 자연지형지물","sourceYear":"2026","recordIds":["bgd-v162-a-028-entity-00098"],"rowCount":1,"featureClass":"tree"},"geometry":{"type":"Point","coordinates":[90.401354,23.735685]}},{"type":"Feature","id":"a-028-5a3069b756","properties":{"elementId":"A-028","featureId":"a-028-5a3069b756","name":"রহিমপুরি খাল","kind":"water","kindLabel":"내륙 수자원 지물","sourceYear":"2026","recordIds":["bgd-v162-a-028-entity-01913"],"rowCount":1,"featureClass":"canal","lengthKm":4.9237},"geometry":{"type":"Point","coordinates":[92.45863,24.87832]}},{"type":"Feature","id":"a-028-d5adcaae49","properties":{"elementId":"A-028","featureId":"a-028-d5adcaae49","name":"রহিমপুরি খাল","kind":"water","kindLabel":"내륙 수자원 지물","sourceYear":"2026","recordIds":["bgd-v162-a-028-entity-01885"],"rowCount":1,"featureClass":"canal","lengthKm":0.0129},"geometry":{"type":"Point","coordinates":[92.458647,24.878205]}},{"type":"Feature","id":"a-028-af83ac29f8","properties":{"elementId":"A-028","featureId":"a-028-af83ac29f8","name":"রহিমপুরি খাল","kind":"water","kindLabel":"내륙 수자원 지물","sourceYear":"2026","recordIds":["bgd-v162-a-028-entity-01895"],"rowCount":1,"featureClass":"canal","lengthKm":0.4081},"geometry":{"type":"Point","coordinates":[92.460188,24.874816]}},{"type":"Feature","id":"a-028-2c4d637d5e","properties":{"elementId":"A-028","featureId":"a-028-2c4d637d5e","name":"রামচন্দ্রপুর খাল","kind":"water","kindLabel":"내륙 수자원 지물","sourceYear":"2026","recordIds":["bgd-v162-a-028-entity-01053"],"rowCount":1,"featureClass":"canal","lengthKm":2.4934},"geometry":{"type":"Point","coordinates":[90.352772,23.753097]}},{"type":"Feature","id":"a-028-da06619489","properties":{"elementId":"A-028","featureId":"a-028-da06619489","name":"রায়েরবাজার খাল","kind":"water","kindLabel":"내륙 수자원 지물","sourceYear":"2026","recordIds":["bgd-v162-a-028-entity-01029"],"rowCount":1,"featureClass":"canal","lengthKm":0.1853},"geometry":{"type":"Point","coordinates":[90.354563,23.753491]}},{"type":"Feature","id":"a-028-2f94da5e9d","properties":{"elementId":"A-028","featureId":"a-028-2f94da5e9d","name":"রায়েরবাজার খাল","kind":"water","kindLabel":"내륙 수자원 지물","sourceYear":"2026","recordIds":["bgd-v162-a-028-entity-01022"],"rowCount":1,"featureClass":"canal","lengthKm":0.0666},"geometry":{"type":"Point","coordinates":[90.355216,23.753522]}},{"type":"Feature","id":"a-028-f0420adf48","properties":{"elementId":"A-028","featureId":"a-028-f0420adf48","name":"রায়েরবাজার খাল","kind":"water","kindLabel":"내륙 수자원 지물","sourceYear":"2026","recordIds":["bgd-v162-a-028-entity-01049"],"rowCount":1,"featureClass":"canal","lengthKm":1.2051},"geometry":{"type":"Point","coordinates":[90.356262,23.745728]}},{"type":"Feature","id":"a-028-8673a6e08a","properties":{"elementId":"A-028","featureId":"a-028-8673a6e08a","name":"রূপসা নদী","kind":"water","kindLabel":"내륙 수자원 지물","sourceYear":"2026","recordIds":["bgd-v162-a-028-entity-00631"],"rowCount":1,"featureClass":"river","lengthKm":12.7598},"geometry":{"type":"Point","coordinates":[89.571546,22.817837]}},{"type":"Feature","id":"a-028-ea802a6eb7","properties":{"elementId":"A-028","featureId":"a-028-ea802a6eb7","name":"রেমাক্রি খাল","kind":"water","kindLabel":"내륙 수자원 지물","sourceYear":"2026","recordIds":["bgd-v162-a-028-entity-00971"],"rowCount":1,"featureClass":"river","lengthKm":8.8248},"geometry":{"type":"Point","coordinates":[92.538802,21.740067]}},{"type":"Feature","id":"a-028-2d651704a2","properties":{"elementId":"A-028","featureId":"a-028-2d651704a2","name":"লাইরাম্পি","kind":"natural","kindLabel":"기타 자연지형지물","sourceYear":"2026","recordIds":["bgd-v162-a-028-entity-00049"],"rowCount":1,"featureClass":"peak"},"geometry":{"type":"Point","coordinates":[92.416236,22.046735]}},{"type":"Feature","id":"a-028-fef83a0a26","properties":{"elementId":"A-028","featureId":"a-028-fef83a0a26","name":"লাখুডং","kind":"natural","kindLabel":"기타 자연지형지물","sourceYear":"2026","recordIds":["bgd-v162-a-028-entity-00044"],"rowCount":1,"featureClass":"peak"},"geometry":{"type":"Point","coordinates":[92.527363,21.875661]}},{"type":"Feature","id":"a-028-200ce87284","properties":{"elementId":"A-028","featureId":"a-028-200ce87284","name":"লাতুর জোলা","kind":"water","kindLabel":"내륙 수자원 지물","sourceYear":"2026","recordIds":["bgd-v162-a-028-entity-01788"],"rowCount":1,"featureClass":"canal","lengthKm":1.3584},"geometry":{"type":"Point","coordinates":[89.251747,24.398641]}},{"type":"Feature","id":"a-028-16fe5d7f0f","properties":{"elementId":"A-028","featureId":"a-028-16fe5d7f0f","name":"লোকমান গাজীর খাল","kind":"water","kindLabel":"내륙 수자원 지물","sourceYear":"2026","recordIds":["bgd-v162-a-028-entity-01428"],"rowCount":1,"featureClass":"canal","lengthKm":1.709},"geometry":{"type":"Point","coordinates":[90.560818,22.169231]}},{"type":"Feature","id":"a-028-d6dfffcd0d","properties":{"elementId":"A-028","featureId":"a-028-d6dfffcd0d","name":"লোকমান গাজীর বিল","kind":"water","kindLabel":"내륙 수자원 지물","sourceYear":"2026","recordIds":["bgd-v162-a-028-entity-01392"],"rowCount":1,"featureClass":"canal","lengthKm":1.0358},"geometry":{"type":"Point","coordinates":[90.563409,22.171976]}},{"type":"Feature","id":"a-028-e8f5dde7c9","properties":{"elementId":"A-028","featureId":"a-028-e8f5dde7c9","name":"শিবসা নদী","kind":"water","kindLabel":"내륙 수자원 지물","sourceYear":"2026","recordIds":["bgd-v162-a-028-entity-00688"],"rowCount":1,"featureClass":"river","lengthKm":49.6262},"geometry":{"type":"Point","coordinates":[89.350421,22.822951]}},{"type":"Feature","id":"a-028-dfc1d3ce23","properties":{"elementId":"A-028","featureId":"a-028-dfc1d3ce23","name":"শিবসা নদী","kind":"water","kindLabel":"내륙 수자원 지물","sourceYear":"2026","recordIds":["bgd-v162-a-028-entity-00584"],"rowCount":1,"featureClass":"river","lengthKm":0.0254},"geometry":{"type":"Point","coordinates":[89.425846,22.461674]}},{"type":"Feature","id":"a-028-53cb0b21ec","properties":{"elementId":"A-028","featureId":"a-028-53cb0b21ec","name":"শিবসা নদী","kind":"water","kindLabel":"내륙 수자원 지물","sourceYear":"2026","recordIds":["bgd-v162-a-028-entity-00701"],"rowCount":1,"featureClass":"river","lengthKm":60.9021},"geometry":{"type":"Point","coordinates":[89.425881,22.461447]}},{"type":"Feature","id":"a-028-5b92cd7178","properties":{"elementId":"A-028","featureId":"a-028-5b92cd7178","name":"শিলবনিয়া সমুদ্র সৈকত","kind":"coastal","kindLabel":"해안 지물","sourceYear":"2026","recordIds":["bgd-v162-a-028-entity-00002"],"rowCount":1,"featureClass":"beach"},"geometry":{"type":"Point","coordinates":[92.326665,20.604846]}},{"type":"Feature","id":"a-028-9eeec75eed","properties":{"elementId":"A-028","featureId":"a-028-9eeec75eed","name":"শুভাঢ্যা খাল","kind":"water","kindLabel":"내륙 수자원 지물","sourceYear":"2026","recordIds":["bgd-v162-a-028-entity-01050"],"rowCount":1,"featureClass":"canal","lengthKm":1.9487},"geometry":{"type":"Point","coordinates":[90.421429,23.692762]}},{"type":"Feature","id":"a-028-35bb8aa25c","properties":{"elementId":"A-028","featureId":"a-028-35bb8aa25c","name":"সতী নদী","kind":"water","kindLabel":"내륙 수자원 지물","sourceYear":"2026","recordIds":["bgd-v162-a-028-entity-01717"],"rowCount":1,"featureClass":"river","lengthKm":22.4167},"geometry":{"type":"Point","coordinates":[89.344864,25.97018]}},{"type":"Feature","id":"a-028-7acacede9c","properties":{"elementId":"A-028","featureId":"a-028-7acacede9c","name":"সাইড ড্রেন","kind":"water","kindLabel":"내륙 수자원 지물","sourceYear":"2026","recordIds":["bgd-v162-a-028-entity-00411"],"rowCount":1,"featureClass":"drain","lengthKm":0.0847},"geometry":{"type":"Point","coordinates":[89.077553,22.726334]}},{"type":"Feature","id":"a-028-49a66873b4","properties":{"elementId":"A-028","featureId":"a-028-49a66873b4","name":"সাকা হাফং","kind":"natural","kindLabel":"기타 자연지형지물","sourceYear":"2026","recordIds":["bgd-v162-a-028-entity-00041"],"rowCount":1,"featureClass":"peak"},"geometry":{"type":"Point","coordinates":[92.609545,21.78605]}},{"type":"Feature","id":"a-028-78ca85b65b","properties":{"elementId":"A-028","featureId":"a-028-78ca85b65b","name":"সাগরদী খাল","kind":"water","kindLabel":"내륙 수자원 지물","sourceYear":"2026","recordIds":["bgd-v162-a-028-entity-01481"],"rowCount":1,"featureClass":"canal","lengthKm":3.9724},"geometry":{"type":"Point","coordinates":[90.350842,22.700177]}},{"type":"Feature","id":"a-028-d69731b411","properties":{"elementId":"A-028","featureId":"a-028-d69731b411","name":"সাঙ্গু নদী","kind":"water","kindLabel":"내륙 수자원 지물","sourceYear":"2026","recordIds":["bgd-v162-a-028-entity-00920"],"rowCount":1,"featureClass":"river","lengthKm":23.974},"geometry":{"type":"Point","coordinates":[91.911621,22.174688]}},{"type":"Feature","id":"a-028-52f58b483a","properties":{"elementId":"A-028","featureId":"a-028-52f58b483a","name":"সাঙ্গু নদী","kind":"water","kindLabel":"내륙 수자원 지물","sourceYear":"2026","recordIds":["bgd-v162-a-028-entity-00929"],"rowCount":1,"featureClass":"river","lengthKm":3.4263},"geometry":{"type":"Point","coordinates":[91.933433,22.178792]}},{"type":"Feature","id":"a-028-7c04ebd103","properties":{"elementId":"A-028","featureId":"a-028-7c04ebd103","name":"সাঙ্গু নদী","kind":"water","kindLabel":"내륙 수자원 지물","sourceYear":"2026","recordIds":["bgd-v162-a-028-entity-00944"],"rowCount":1,"featureClass":"river","lengthKm":4.8177},"geometry":{"type":"Point","coordinates":[91.96747,22.174003]}},{"type":"Feature","id":"a-028-1f45836f9b","properties":{"elementId":"A-028","featureId":"a-028-1f45836f9b","name":"সাঙ্গু নদী","kind":"water","kindLabel":"내륙 수자원 지물","sourceYear":"2026","recordIds":["bgd-v162-a-028-entity-00868"],"rowCount":1,"featureClass":"river","lengthKm":0.7708},"geometry":{"type":"Point","coordinates":[91.968156,22.16712]}},{"type":"Feature","id":"a-028-dd5f018b6f","properties":{"elementId":"A-028","featureId":"a-028-dd5f018b6f","name":"সাঙ্গু নদী","kind":"water","kindLabel":"내륙 수자원 지물","sourceYear":"2026","recordIds":["bgd-v162-a-028-entity-00930"],"rowCount":1,"featureClass":"river","lengthKm":3.4362},"geometry":{"type":"Point","coordinates":[91.988894,22.147282]}},{"type":"Feature","id":"a-028-633be365a8","properties":{"elementId":"A-028","featureId":"a-028-633be365a8","name":"সাঙ্গু নদী","kind":"water","kindLabel":"내륙 수자원 지물","sourceYear":"2026","recordIds":["bgd-v162-a-028-entity-00943"],"rowCount":1,"featureClass":"river","lengthKm":4.6032},"geometry":{"type":"Point","coordinates":[92.013811,22.153393]}},{"type":"Feature","id":"a-028-edfd74b7c7","properties":{"elementId":"A-028","featureId":"a-028-edfd74b7c7","name":"সাঙ্গু নদী","kind":"water","kindLabel":"내륙 수자원 지물","sourceYear":"2026","recordIds":["bgd-v162-a-028-entity-00934"],"rowCount":1,"featureClass":"river","lengthKm":30.017},"geometry":{"type":"Point","coordinates":[92.17555,22.206428]}},{"type":"Feature","id":"a-028-0cbc87f9d2","properties":{"elementId":"A-028","featureId":"a-028-0cbc87f9d2","name":"সাঙ্গু নদী","kind":"water","kindLabel":"내륙 수자원 지물","sourceYear":"2026","recordIds":["bgd-v162-a-028-entity-00972"],"rowCount":1,"featureClass":"river","lengthKm":85.6429},"geometry":{"type":"Point","coordinates":[92.386668,21.892276]}},{"type":"Feature","id":"a-028-57649ff076","properties":{"elementId":"A-028","featureId":"a-028-57649ff076","name":"সাঙ্গু নদী","kind":"water","kindLabel":"내륙 수자원 지물","sourceYear":"2026","recordIds":["bgd-v162-a-028-entity-00896"],"rowCount":1,"featureClass":"river","lengthKm":15.0249},"geometry":{"type":"Point","coordinates":[92.551054,21.577314]}},{"type":"Feature","id":"a-028-3194378abb","properties":{"elementId":"A-028","featureId":"a-028-3194378abb","name":"সাঙ্গু নদী","kind":"water","kindLabel":"내륙 수자원 지물","sourceYear":"2026","recordIds":["bgd-v162-a-028-entity-00917"],"rowCount":1,"featureClass":"river","lengthKm":21.265},"geometry":{"type":"Point","coordinates":[92.574624,21.466241]}},{"type":"Feature","id":"a-028-d01ed8a910","properties":{"elementId":"A-028","featureId":"a-028-d01ed8a910","name":"সাঙ্গু নদী","kind":"water","kindLabel":"내륙 수자원 지물","sourceYear":"2026","recordIds":["bgd-v162-a-028-entity-00915"],"rowCount":1,"featureClass":"river","lengthKm":20.0572},"geometry":{"type":"Point","coordinates":[92.607447,21.272505]}},{"type":"Feature","id":"a-028-8b44fb7918","properties":{"elementId":"A-028","featureId":"a-028-8b44fb7918","name":"সাঙ্গু নদী","kind":"water","kindLabel":"내륙 수자원 지물","sourceYear":"2026","recordIds":["bgd-v162-a-028-entity-00935"],"rowCount":1,"featureClass":"river","lengthKm":34.025},"geometry":{"type":"Point","coordinates":[92.608168,21.344112]}},{"type":"Feature","id":"a-028-c9f36f5256","properties":{"elementId":"A-028","featureId":"a-028-c9f36f5256","name":"সাজাপুর বিনাই খাল","kind":"water","kindLabel":"내륙 수자원 지물","sourceYear":"2026","recordIds":["bgd-v162-a-028-entity-01892"],"rowCount":1,"featureClass":"canal","lengthKm":0.2579},"geometry":{"type":"Point","coordinates":[92.456496,24.921308]}},{"type":"Feature","id":"a-028-f922090ed3","properties":{"elementId":"A-028","featureId":"a-028-f922090ed3","name":"সাজাপুরি খাল","kind":"water","kindLabel":"내륙 수자원 지물","sourceYear":"2026","recordIds":["bgd-v162-a-028-entity-01899"],"rowCount":1,"featureClass":"canal","lengthKm":0.5348},"geometry":{"type":"Point","coordinates":[92.45288,24.919014]}},{"type":"Feature","id":"a-028-0248380881","properties":{"elementId":"A-028","featureId":"a-028-0248380881","name":"সাজাপুরি খাল","kind":"water","kindLabel":"내륙 수자원 지물","sourceYear":"2026","recordIds":["bgd-v162-a-028-entity-01887"],"rowCount":1,"featureClass":"canal","lengthKm":0.0166},"geometry":{"type":"Point","coordinates":[92.454003,24.92322]}},{"type":"Feature","id":"a-028-a015b55413","properties":{"elementId":"A-028","featureId":"a-028-a015b55413","name":"সাদিরখাল","kind":"water","kindLabel":"내륙 수자원 지물","sourceYear":"2026","recordIds":["bgd-v162-a-028-entity-01914"],"rowCount":1,"featureClass":"canal","lengthKm":6.8994},"geometry":{"type":"Point","coordinates":[92.390529,24.96608]}},{"type":"Feature","id":"a-028-b24fcb7e66","properties":{"elementId":"A-028","featureId":"a-028-b24fcb7e66","name":"সাহেবের খাল","kind":"water","kindLabel":"내륙 수자원 지물","sourceYear":"2026","recordIds":["bgd-v162-a-028-entity-01432"],"rowCount":1,"featureClass":"canal","lengthKm":1.7828},"geometry":{"type":"Point","coordinates":[90.567904,22.177048]}},{"type":"Feature","id":"a-028-be468966aa","properties":{"elementId":"A-028","featureId":"a-028-be468966aa","name":"সাহেবের খাল","kind":"water","kindLabel":"내륙 수자원 지물","sourceYear":"2026","recordIds":["bgd-v162-a-028-entity-01314"],"rowCount":1,"featureClass":"canal","lengthKm":0.3946},"geometry":{"type":"Point","coordinates":[90.578692,22.167853]}},{"type":"Feature","id":"a-028-9d684cce1d","properties":{"elementId":"A-028","featureId":"a-028-9d684cce1d","name":"সিংহারা নদী","kind":"water","kindLabel":"내륙 수자원 지물","sourceYear":"2026","recordIds":["bgd-v162-a-028-entity-01666"],"rowCount":1,"featureClass":"river","lengthKm":0.0382},"geometry":{"type":"Point","coordinates":[88.919172,26.190305]}},{"type":"Feature","id":"a-028-eb32a48ee3","properties":{"elementId":"A-028","featureId":"a-028-eb32a48ee3","name":"সিংহারা নদী","kind":"water","kindLabel":"내륙 수자원 지물","sourceYear":"2026","recordIds":["bgd-v162-a-028-entity-01685"],"rowCount":1,"featureClass":"river","lengthKm":10.0019},"geometry":{"type":"Point","coordinates":[88.919339,26.189995]}},{"type":"Feature","id":"a-028-868e8068cd","properties":{"elementId":"A-028","featureId":"a-028-868e8068cd","name":"সিংহারা নদী","kind":"water","kindLabel":"내륙 수자원 지물","sourceYear":"2026","recordIds":["bgd-v162-a-028-entity-01678"],"rowCount":1,"featureClass":"river","lengthKm":0.9924},"geometry":{"type":"Point","coordinates":[88.92209,26.197943]}},{"type":"Feature","id":"a-028-33fe19e0a7","properties":{"elementId":"A-028","featureId":"a-028-33fe19e0a7","name":"সুইচগেইট ক্যানাল","kind":"water","kindLabel":"내륙 수자원 지물","sourceYear":"2026","recordIds":["bgd-v162-a-028-entity-01786"],"rowCount":1,"featureClass":"canal","lengthKm":1.0893},"geometry":{"type":"Point","coordinates":[89.2374,24.400014]}},{"type":"Feature","id":"a-028-447fb92f51","properties":{"elementId":"A-028","featureId":"a-028-447fb92f51","name":"সুইচগেইট ক্যানাল","kind":"water","kindLabel":"내륙 수자원 지물","sourceYear":"2026","recordIds":["bgd-v162-a-028-entity-01770"],"rowCount":1,"featureClass":"canal","lengthKm":0.0122},"geometry":{"type":"Point","coordinates":[89.23752,24.400017]}},{"type":"Feature","id":"a-028-2a8f1852da","properties":{"elementId":"A-028","featureId":"a-028-2a8f1852da","name":"সুইচগেইট ক্যানাল","kind":"water","kindLabel":"내륙 수자원 지물","sourceYear":"2026","recordIds":["bgd-v162-a-028-entity-01775"],"rowCount":1,"featureClass":"canal","lengthKm":0.1218},"geometry":{"type":"Point","coordinates":[89.238722,24.399962]}},{"type":"Feature","id":"a-028-d353328905","properties":{"elementId":"A-028","featureId":"a-028-d353328905","name":"সুগন্ধা","kind":"water","kindLabel":"내륙 수자원 지물","sourceYear":"2026","recordIds":["bgd-v162-a-028-entity-01543"],"rowCount":1,"featureClass":"river","lengthKm":18.0761},"geometry":{"type":"Point","coordinates":[90.323646,22.662717]}},{"type":"Feature","id":"a-028-723c584cbb","properties":{"elementId":"A-028","featureId":"a-028-723c584cbb","name":"সুতিয়া নদী","kind":"water","kindLabel":"내륙 수자원 지물","sourceYear":"2026","recordIds":["bgd-v162-a-028-entity-01640"],"rowCount":1,"featureClass":"river","lengthKm":55.4497},"geometry":{"type":"Point","coordinates":[90.3361,24.744244]}},{"type":"Feature","id":"a-028-5123104193","properties":{"elementId":"A-028","featureId":"a-028-5123104193","name":"সুবিল খাল","kind":"water","kindLabel":"내륙 수자원 지물","sourceYear":"2026","recordIds":["bgd-v162-a-028-entity-01806"],"rowCount":1,"featureClass":"canal","lengthKm":9.91},"geometry":{"type":"Point","coordinates":[89.307528,24.931293]}},{"type":"Feature","id":"a-028-dcc4e3fe9e","properties":{"elementId":"A-028","featureId":"a-028-dcc4e3fe9e","name":"সুবিল খাল","kind":"water","kindLabel":"내륙 수자원 지물","sourceYear":"2026","recordIds":["bgd-v162-a-028-entity-01773"],"rowCount":1,"featureClass":"canal","lengthKm":0.0309},"geometry":{"type":"Point","coordinates":[89.33465,24.901942]}},{"type":"Feature","id":"a-028-3b29c7495e","properties":{"elementId":"A-028","featureId":"a-028-3b29c7495e","name":"সুবিল খাল","kind":"water","kindLabel":"내륙 수자원 지물","sourceYear":"2026","recordIds":["bgd-v162-a-028-entity-01805"],"rowCount":1,"featureClass":"canal","lengthKm":9.3938},"geometry":{"type":"Point","coordinates":[89.334845,24.902157]}},{"type":"Feature","id":"a-028-8d524f5412","properties":{"elementId":"A-028","featureId":"a-028-8d524f5412","name":"সুভলং পাহাড়","kind":"natural","kindLabel":"기타 자연지형지물","sourceYear":"2026","recordIds":["bgd-v162-a-028-entity-00052"],"rowCount":1,"featureClass":"peak"},"geometry":{"type":"Point","coordinates":[92.259731,22.711554]}},{"type":"Feature","id":"a-028-2ff5b46e36","properties":{"elementId":"A-028","featureId":"a-028-2ff5b46e36","name":"সুরমা নদী","kind":"water","kindLabel":"내륙 수자원 지물","sourceYear":"2026","recordIds":["bgd-v162-a-028-entity-01941"],"rowCount":1,"featureClass":"river","lengthKm":111.1934},"geometry":{"type":"Point","coordinates":[91.289557,24.979067]}},{"type":"Feature","id":"a-028-2d9de535ea","properties":{"elementId":"A-028","featureId":"a-028-2d9de535ea","name":"সুরমা নদী","kind":"water","kindLabel":"내륙 수자원 지물","sourceYear":"2026","recordIds":["bgd-v162-a-028-entity-01974"],"rowCount":1,"featureClass":"river","lengthKm":55.7161},"geometry":{"type":"Point","coordinates":[91.605377,25.019079]}},{"type":"Feature","id":"a-028-04ca370955","properties":{"elementId":"A-028","featureId":"a-028-04ca370955","name":"সুরমা নদী","kind":"water","kindLabel":"내륙 수자원 지물","sourceYear":"2026","recordIds":["bgd-v162-a-028-entity-01976"],"rowCount":1,"featureClass":"river","lengthKm":59.3362},"geometry":{"type":"Point","coordinates":[91.858959,24.88711]}},{"type":"Feature","id":"a-028-a7d16f05b1","properties":{"elementId":"A-028","featureId":"a-028-a7d16f05b1","name":"সুরমা নদী","kind":"water","kindLabel":"내륙 수자원 지물","sourceYear":"2026","recordIds":["bgd-v162-a-028-entity-01923"],"rowCount":1,"featureClass":"river","lengthKm":0.1768},"geometry":{"type":"Point","coordinates":[91.860701,24.886933]}},{"type":"Feature","id":"a-028-0c33ee5ba2","properties":{"elementId":"A-028","featureId":"a-028-0c33ee5ba2","name":"সুরমা নদী","kind":"water","kindLabel":"내륙 수자원 지물","sourceYear":"2026","recordIds":["bgd-v162-a-028-entity-01962"],"rowCount":1,"featureClass":"river","lengthKm":28.3845},"geometry":{"type":"Point","coordinates":[92.072296,24.905365]}},{"type":"Feature","id":"a-028-eea931cb2e","properties":{"elementId":"A-028","featureId":"a-028-eea931cb2e","name":"সুরমা নদী","kind":"water","kindLabel":"내륙 수자원 지물","sourceYear":"2026","recordIds":["bgd-v162-a-028-entity-01968"],"rowCount":1,"featureClass":"river","lengthKm":43.9571},"geometry":{"type":"Point","coordinates":[92.296038,25.029578]}},{"type":"Feature","id":"a-028-73146c74c0","properties":{"elementId":"A-028","featureId":"a-028-73146c74c0","name":"সুরমা নদী","kind":"water","kindLabel":"내륙 수자원 지물","sourceYear":"2026","recordIds":["bgd-v162-a-028-entity-02068"],"rowCount":1,"featureClass":"river","lengthKm":43.3263},"geometry":{"type":"Point","coordinates":[92.489126,24.875912]}},{"type":"Feature","id":"a-028-42171c7ec7","properties":{"elementId":"A-028","featureId":"a-028-42171c7ec7","name":"সূত্রাপুর প্রবাহ","kind":"water","kindLabel":"내륙 수자원 지물","sourceYear":"2026","recordIds":["bgd-v162-a-028-entity-01030"],"rowCount":1,"featureClass":"canal","lengthKm":0.1947},"geometry":{"type":"Point","coordinates":[90.417572,23.699936]}},{"type":"Feature","id":"a-028-34a35d10e4","properties":{"elementId":"A-028","featureId":"a-028-34a35d10e4","name":"হরিহর নদী","kind":"water","kindLabel":"내륙 수자원 지물","sourceYear":"2026","recordIds":["bgd-v162-a-028-entity-00668"],"rowCount":1,"featureClass":"river","lengthKm":30.4709},"geometry":{"type":"Point","coordinates":[89.206485,22.931448]}},{"type":"Feature","id":"a-028-e3378eb584","properties":{"elementId":"A-028","featureId":"a-028-e3378eb584","name":"হরিহর নদী","kind":"water","kindLabel":"내륙 수자원 지물","sourceYear":"2026","recordIds":["bgd-v162-a-028-entity-00590"],"rowCount":1,"featureClass":"river","lengthKm":0.0918},"geometry":{"type":"Point","coordinates":[89.350644,22.823752]}},{"type":"Feature","id":"a-028-0bc902e76c","properties":{"elementId":"A-028","featureId":"a-028-0bc902e76c","name":"হাঁড়ি ধোয়া নদী","kind":"water","kindLabel":"내륙 수자원 지물","sourceYear":"2026","recordIds":["bgd-v162-a-028-entity-01205"],"rowCount":1,"featureClass":"river","lengthKm":7.4622},"geometry":{"type":"Point","coordinates":[90.726128,23.799197]}},{"type":"Feature","id":"a-028-42a76ea228","properties":{"elementId":"A-028","featureId":"a-028-42a76ea228","name":"হাড়িখালী সুইচ গেট","kind":"water","kindLabel":"내륙 수자원 지물","sourceYear":"2026","recordIds":["bgd-v162-a-028-entity-00150"],"rowCount":1,"featureClass":"canal","lengthKm":0.0091},"geometry":{"type":"Point","coordinates":[89.784282,22.675866]}},{"type":"Feature","id":"a-028-d0f86bdeca","properties":{"elementId":"A-028","featureId":"a-028-d0f86bdeca","name":"হাতিয়া নদী","kind":"water","kindLabel":"내륙 수자원 지물","sourceYear":"2026","recordIds":["bgd-v162-a-028-entity-00693"],"rowCount":1,"featureClass":"river","lengthKm":5.6247},"geometry":{"type":"Point","coordinates":[89.53892,22.796345]}},{"type":"Feature","id":"a-028-40dc1231b3","properties":{"elementId":"A-028","featureId":"a-028-40dc1231b3","name":"হারাবতি নদী | HARABOTI RIVAR","kind":"water","kindLabel":"내륙 수자원 지물","sourceYear":"2026","recordIds":["bgd-v162-a-028-entity-01857"],"rowCount":1,"featureClass":"river","lengthKm":32.0553},"geometry":{"type":"Point","coordinates":[89.153071,25.188899]}},{"type":"Feature","id":"a-028-a5040e4286","properties":{"elementId":"A-028","featureId":"a-028-a5040e4286","name":"হালদা নদী","kind":"water","kindLabel":"내륙 수자원 지물","sourceYear":"2026","recordIds":["bgd-v162-a-028-entity-00899"],"rowCount":1,"featureClass":"river","lengthKm":16.6255},"geometry":{"type":"Point","coordinates":[91.720349,22.79601]}},{"type":"Feature","id":"a-028-d223b4bed9","properties":{"elementId":"A-028","featureId":"a-028-d223b4bed9","name":"হালদা নদী","kind":"water","kindLabel":"내륙 수자원 지물","sourceYear":"2026","recordIds":["bgd-v162-a-028-entity-00941"],"rowCount":1,"featureClass":"river","lengthKm":4.3019},"geometry":{"type":"Point","coordinates":[91.798077,22.627123]}},{"type":"Feature","id":"a-028-7c29ac53b0","properties":{"elementId":"A-028","featureId":"a-028-7c29ac53b0","name":"হালদা নদী","kind":"water","kindLabel":"내륙 수자원 지물","sourceYear":"2026","recordIds":["bgd-v162-a-028-entity-00937"],"rowCount":1,"featureClass":"river","lengthKm":36.6415},"geometry":{"type":"Point","coordinates":[91.818127,22.598261]}},{"type":"Feature","id":"a-028-01737a207f","properties":{"elementId":"A-028","featureId":"a-028-01737a207f","name":"হুরাসাগর নদী","kind":"water","kindLabel":"내륙 수자원 지물","sourceYear":"2026","recordIds":["bgd-v162-a-028-entity-01846"],"rowCount":1,"featureClass":"river","lengthKm":29.4037},"geometry":{"type":"Point","coordinates":[89.663561,24.369817]}},{"type":"Feature","id":"a-028-36beb1b350","properties":{"elementId":"A-028","featureId":"a-028-36beb1b350","name":"৪ নং ওয়ার্ডের উত্তর সিমান্র খাস খাল","kind":"water","kindLabel":"내륙 수자원 지물","sourceYear":"2026","recordIds":["bgd-v162-a-028-entity-01366"],"rowCount":1,"featureClass":"canal","lengthKm":0.7446},"geometry":{"type":"Point","coordinates":[90.571455,22.17976]}},{"type":"Feature","id":"a-028-4dfa0df655","properties":{"elementId":"A-028","featureId":"a-028-4dfa0df655","name":"နတ်မြစ်","kind":"water","kindLabel":"내륙 수자원 지물","sourceYear":"2026","recordIds":["bgd-v162-a-028-entity-00956"],"rowCount":1,"featureClass":"river","lengthKm":55.9896},"geometry":{"type":"Point","coordinates":[92.180474,21.15919]}},{"type":"Feature","id":"a-028-210a7b8c58","properties":{"elementId":"A-028","featureId":"a-028-210a7b8c58","name":"ボクルツリー","kind":"natural","kindLabel":"기타 자연지형지물","sourceYear":"2026","recordIds":["bgd-v162-a-028-entity-00122"],"rowCount":1,"featureClass":"tree"},"geometry":{"type":"Point","coordinates":[89.943928,24.930509]}}]}
