{"type":"FeatureCollection","name":"bgd-a-024","bbox":[88.2001412,21.4314681,92.4528311,26.6027746],"metadata":{"schemaVersion":"country-points-v162","countryIso3":"BGD","elementId":"A-024","featureCount":946,"sourceRowCount":984,"grouping":"rows with the same coordinate and name are one feature (recordIds, rowCount)","outlineBufferDeg":0.05,"referenceBasis":"구간 중간점"},"features":[{"type":"Feature","id":"a-024-a5923b2cc0","properties":{"elementId":"A-024","featureId":"a-024-a5923b2cc0","name":"11 kV 전력선 구간","kind":"transmission","kindLabel":"고압 송전선","sourceYear":"2026","recordIds":["bgd-v162-a-024-entity-00714"],"rowCount":1,"voltageKv":11,"lengthKm":0.0588},"geometry":{"type":"Point","coordinates":[90.3023584,21.9974829]}},{"type":"Feature","id":"a-024-fa3e6da639","properties":{"elementId":"A-024","featureId":"a-024-fa3e6da639","name":"11 kV 전력선 구간","kind":"transmission","kindLabel":"고압 송전선","sourceYear":"2026","recordIds":["bgd-v162-a-024-entity-00713"],"rowCount":1,"voltageKv":11,"lengthKm":0.0305},"geometry":{"type":"Point","coordinates":[90.3024149,21.9972618]}},{"type":"Feature","id":"a-024-77ed4076d6","properties":{"elementId":"A-024","featureId":"a-024-77ed4076d6","name":"11 kV 전력선 구간","kind":"transmission","kindLabel":"고압 송전선","sourceYear":"2026","recordIds":["bgd-v162-a-024-entity-00716"],"rowCount":1,"voltageKv":11,"lengthKm":0.061},"geometry":{"type":"Point","coordinates":[90.3024837,21.9980039]}},{"type":"Feature","id":"a-024-aff6b71772","properties":{"elementId":"A-024","featureId":"a-024-aff6b71772","name":"11 kV 전력선 구간","kind":"transmission","kindLabel":"고압 송전선","sourceYear":"2026","recordIds":["bgd-v162-a-024-entity-00715"],"rowCount":1,"voltageKv":11,"lengthKm":0.0592},"geometry":{"type":"Point","coordinates":[90.3025563,21.9983059]}},{"type":"Feature","id":"a-024-0512e3eab1","properties":{"elementId":"A-024","featureId":"a-024-0512e3eab1","name":"11 kV 전력선 구간","kind":"transmission","kindLabel":"고압 송전선","sourceYear":"2026","recordIds":["bgd-v162-a-024-entity-00717"],"rowCount":1,"voltageKv":11,"lengthKm":0.1719},"geometry":{"type":"Point","coordinates":[90.3025874,21.9979836]}},{"type":"Feature","id":"a-024-996babaa33","properties":{"elementId":"A-024","featureId":"a-024-996babaa33","name":"11 kV 전력선 구간","kind":"transmission","kindLabel":"고압 송전선","sourceYear":"2026","recordIds":["bgd-v162-a-024-entity-00712"],"rowCount":1,"voltageKv":11,"lengthKm":0.0269},"geometry":{"type":"Point","coordinates":[90.3026098,21.9980771]}},{"type":"Feature","id":"a-024-31115294c7","properties":{"elementId":"A-024","featureId":"a-024-31115294c7","name":"132 kV 전력선 구간","kind":"transmission","kindLabel":"고압 송전선","sourceYear":"2026","recordIds":["bgd-v162-a-024-entity-00840"],"rowCount":1,"voltageKv":132,"lengthKm":12.3194},"geometry":{"type":"Point","coordinates":[88.3521219,24.6041262]}},{"type":"Feature","id":"a-024-9a3dbae0a8","properties":{"elementId":"A-024","featureId":"a-024-9a3dbae0a8","name":"132 kV 전력선 구간","kind":"transmission","kindLabel":"고압 송전선","sourceYear":"2026","recordIds":["bgd-v162-a-024-entity-00836"],"rowCount":1,"voltageKv":132,"lengthKm":0.6179},"geometry":{"type":"Point","coordinates":[88.402707,24.6307849]}},{"type":"Feature","id":"a-024-09639fd95d","properties":{"elementId":"A-024","featureId":"a-024-09639fd95d","name":"132 kV 전력선 구간","kind":"transmission","kindLabel":"고압 송전선","sourceYear":"2026","recordIds":["bgd-v162-a-024-entity-00850"],"rowCount":1,"voltageKv":132,"lengthKm":35.7868},"geometry":{"type":"Point","coordinates":[88.4293865,24.4964931]}},{"type":"Feature","id":"a-024-ff6259c520","properties":{"elementId":"A-024","featureId":"a-024-ff6259c520","name":"132 kV 전력선 구간","kind":"transmission","kindLabel":"고압 송전선","sourceYear":"2026","recordIds":["bgd-v162-a-024-entity-00775"],"rowCount":1,"voltageKv":132,"lengthKm":0.2531},"geometry":{"type":"Point","coordinates":[88.5131009,25.9699103]}},{"type":"Feature","id":"a-024-5db53a5360","properties":{"elementId":"A-024","featureId":"a-024-5db53a5360","name":"132 kV 전력선 구간","kind":"transmission","kindLabel":"고압 송전선","sourceYear":"2026","recordIds":["bgd-v162-a-024-entity-00790"],"rowCount":1,"voltageKv":132,"lengthKm":44.4632},"geometry":{"type":"Point","coordinates":[88.5332703,26.1723296]}},{"type":"Feature","id":"a-024-54846c8819","properties":{"elementId":"A-024","featureId":"a-024-54846c8819","name":"132 kV 전력선 구간","kind":"transmission","kindLabel":"고압 송전선","sourceYear":"2026","recordIds":["bgd-v162-a-024-entity-00832"],"rowCount":1,"voltageKv":132,"lengthKm":0.3367},"geometry":{"type":"Point","coordinates":[88.5726652,24.4109909]}},{"type":"Feature","id":"a-024-774e8ceedd","properties":{"elementId":"A-024","featureId":"a-024-774e8ceedd","name":"132 kV 전력선 구간","kind":"transmission","kindLabel":"고압 송전선","sourceYear":"2026","recordIds":["bgd-v162-a-024-entity-00791"],"rowCount":1,"voltageKv":132,"lengthKm":44.9137},"geometry":{"type":"Point","coordinates":[88.5783728,25.9103476]}},{"type":"Feature","id":"a-024-435c494193","properties":{"elementId":"A-024","featureId":"a-024-435c494193","name":"132 kV 전력선 구간","kind":"transmission","kindLabel":"고압 송전선","sourceYear":"2026","recordIds":["bgd-v162-a-024-entity-00839"],"rowCount":1,"voltageKv":132,"lengthKm":12.2213},"geometry":{"type":"Point","coordinates":[88.6237166,24.3946481]}},{"type":"Feature","id":"a-024-ac199bbfbf","properties":{"elementId":"A-024","featureId":"a-024-ac199bbfbf","name":"132 kV 전력선 구간","kind":"transmission","kindLabel":"고압 송전선","sourceYear":"2026","recordIds":["bgd-v162-a-024-entity-00780"],"rowCount":1,"voltageKv":132,"lengthKm":16.0823},"geometry":{"type":"Point","coordinates":[88.6656791,25.6934225]}},{"type":"Feature","id":"a-024-5dba3e7a9a","properties":{"elementId":"A-024","featureId":"a-024-5dba3e7a9a","name":"132 kV 전력선 구간","kind":"transmission","kindLabel":"고압 송전선","sourceYear":"2026","recordIds":["bgd-v162-a-024-entity-00778"],"rowCount":1,"voltageKv":132,"lengthKm":0.9491},"geometry":{"type":"Point","coordinates":[88.6770795,25.7648176]}},{"type":"Feature","id":"a-024-36182392ba","properties":{"elementId":"A-024","featureId":"a-024-36182392ba","name":"132 kV 전력선 구간","kind":"transmission","kindLabel":"고압 송전선","sourceYear":"2026","recordIds":["bgd-v162-a-024-entity-00774"],"rowCount":1,"voltageKv":132,"lengthKm":0.0867},"geometry":{"type":"Point","coordinates":[88.6790952,25.7545607]}},{"type":"Feature","id":"a-024-5fab660f52","properties":{"elementId":"A-024","featureId":"a-024-5fab660f52","name":"132 kV 전력선 구간","kind":"transmission","kindLabel":"고압 송전선","sourceYear":"2026","recordIds":["bgd-v162-a-024-entity-00783"],"rowCount":1,"voltageKv":132,"lengthKm":24.7359},"geometry":{"type":"Point","coordinates":[88.7853779,25.7670133]}},{"type":"Feature","id":"a-024-192c8f129e","properties":{"elementId":"A-024","featureId":"a-024-192c8f129e","name":"132 kV 전력선 구간","kind":"transmission","kindLabel":"고압 송전선","sourceYear":"2026","recordIds":["bgd-v162-a-024-entity-00860"],"rowCount":1,"voltageKv":132,"lengthKm":45.3849},"geometry":{"type":"Point","coordinates":[88.7886353,24.8362384]}},{"type":"Feature","id":"a-024-11665face4","properties":{"elementId":"A-024","featureId":"a-024-11665face4","name":"132 kV 전력선 구간","kind":"transmission","kindLabel":"고압 송전선","sourceYear":"2026","recordIds":["bgd-v162-a-024-entity-00851"],"rowCount":1,"voltageKv":132,"lengthKm":36.1371},"geometry":{"type":"Point","coordinates":[88.8358775,24.3537421]}},{"type":"Feature","id":"a-024-cac2f10e85","properties":{"elementId":"A-024","featureId":"a-024-cac2f10e85","name":"132 kV 전력선 구간","kind":"transmission","kindLabel":"고압 송전선","sourceYear":"2026","recordIds":["bgd-v162-a-024-entity-00852"],"rowCount":1,"voltageKv":132,"lengthKm":37.6},"geometry":{"type":"Point","coordinates":[88.842605,24.3809997]}},{"type":"Feature","id":"a-024-fd2b8ab816","properties":{"elementId":"A-024","featureId":"a-024-fd2b8ab816","name":"132 kV 전력선 구간","kind":"transmission","kindLabel":"고압 송전선","sourceYear":"2026","recordIds":["bgd-v162-a-024-entity-00784"],"rowCount":1,"voltageKv":132,"lengthKm":29.9303},"geometry":{"type":"Point","coordinates":[88.9036578,25.9347607]}},{"type":"Feature","id":"a-024-3054c24fe6","properties":{"elementId":"A-024","featureId":"a-024-3054c24fe6","name":"132 kV 전력선 구간","kind":"transmission","kindLabel":"고압 송전선","sourceYear":"2026","recordIds":["bgd-v162-a-024-entity-00785"],"rowCount":1,"voltageKv":132,"lengthKm":34.5822},"geometry":{"type":"Point","coordinates":[88.924026,25.685055]}},{"type":"Feature","id":"a-024-4db37e0543","properties":{"elementId":"A-024","featureId":"a-024-4db37e0543","name":"132 kV 전력선 구간","kind":"transmission","kindLabel":"고압 송전선","sourceYear":"2026","recordIds":["bgd-v162-a-024-entity-00831"],"rowCount":1,"voltageKv":132,"lengthKm":0.3122},"geometry":{"type":"Point","coordinates":[88.9637235,24.8016257]}},{"type":"Feature","id":"a-024-4dc838f3ad","properties":{"elementId":"A-024","featureId":"a-024-4dc838f3ad","name":"132 kV 전력선 구간","kind":"transmission","kindLabel":"고압 송전선","sourceYear":"2026","recordIds":["bgd-v162-a-024-entity-00822"],"rowCount":1,"voltageKv":132,"lengthKm":0.14},"geometry":{"type":"Point","coordinates":[88.9648345,24.7987208]}},{"type":"Feature","id":"a-024-df4c608a8d","properties":{"elementId":"A-024","featureId":"a-024-df4c608a8d","name":"132 kV 전력선 구간","kind":"transmission","kindLabel":"고압 송전선","sourceYear":"2026","recordIds":["bgd-v162-a-024-entity-00843"],"rowCount":1,"voltageKv":132,"lengthKm":2.3178},"geometry":{"type":"Point","coordinates":[88.9757064,24.7942155]}},{"type":"Feature","id":"a-024-960e6f7205","properties":{"elementId":"A-024","featureId":"a-024-960e6f7205","name":"132 kV 전력선 구간","kind":"transmission","kindLabel":"고압 송전선","sourceYear":"2026","recordIds":["bgd-v162-a-024-entity-00023"],"rowCount":1,"voltageKv":132,"lengthKm":37.1283},"geometry":{"type":"Point","coordinates":[89.0009742,23.5578694]}},{"type":"Feature","id":"a-024-ccfa4d9be1","properties":{"elementId":"A-024","featureId":"a-024-ccfa4d9be1","name":"132 kV 전력선 구간","kind":"transmission","kindLabel":"고압 송전선","sourceYear":"2026","recordIds":["bgd-v162-a-024-entity-00859"],"rowCount":1,"voltageKv":132,"lengthKm":44.3158},"geometry":{"type":"Point","coordinates":[89.0064194,24.9713377]}},{"type":"Feature","id":"a-024-98f5dafba6","properties":{"elementId":"A-024","featureId":"a-024-98f5dafba6","name":"132 kV 전력선 구간","kind":"transmission","kindLabel":"고압 송전선","sourceYear":"2026","recordIds":["bgd-v162-a-024-entity-00849"],"rowCount":1,"voltageKv":132,"lengthKm":3.6839},"geometry":{"type":"Point","coordinates":[89.0074896,24.4027367]}},{"type":"Feature","id":"a-024-1874d1e36a","properties":{"elementId":"A-024","featureId":"a-024-1874d1e36a","name":"132 kV 전력선 구간","kind":"transmission","kindLabel":"고압 송전선","sourceYear":"2026","recordIds":["bgd-v162-a-024-entity-00011"],"rowCount":1,"voltageKv":132,"lengthKm":1.9859},"geometry":{"type":"Point","coordinates":[89.0179217,24.0576509]}},{"type":"Feature","id":"a-024-fcb84875e9","properties":{"elementId":"A-024","featureId":"a-024-fcb84875e9","name":"132 kV 전력선 구간","kind":"transmission","kindLabel":"고압 송전선","sourceYear":"2026","recordIds":["bgd-v162-a-024-entity-00008"],"rowCount":1,"voltageKv":132,"lengthKm":0.4706},"geometry":{"type":"Point","coordinates":[89.0181584,24.0455836]}},{"type":"Feature","id":"a-024-4147130e37","properties":{"elementId":"A-024","featureId":"a-024-4147130e37","name":"132 kV 전력선 구간","kind":"transmission","kindLabel":"고압 송전선","sourceYear":"2026","recordIds":["bgd-v162-a-024-entity-00848"],"rowCount":1,"voltageKv":132,"lengthKm":3.1163},"geometry":{"type":"Point","coordinates":[89.0318862,24.0683835]}},{"type":"Feature","id":"a-024-3de531396d","properties":{"elementId":"A-024","featureId":"a-024-3de531396d","name":"132 kV 전력선 구간","kind":"transmission","kindLabel":"고압 송전선","sourceYear":"2026","recordIds":["bgd-v162-a-024-entity-00016"],"rowCount":1,"voltageKv":132,"lengthKm":23.3612},"geometry":{"type":"Point","coordinates":[89.0448076,23.9574719]}},{"type":"Feature","id":"a-024-06422a2794","properties":{"elementId":"A-024","featureId":"a-024-06422a2794","name":"132 kV 전력선 구간","kind":"transmission","kindLabel":"고압 송전선","sourceYear":"2026","recordIds":["bgd-v162-a-024-entity-00817"],"rowCount":1,"voltageKv":132,"lengthKm":0.0853},"geometry":{"type":"Point","coordinates":[89.0510747,24.0724376]}},{"type":"Feature","id":"a-024-3f32b89c5b","properties":{"elementId":"A-024","featureId":"a-024-3f32b89c5b","name":"132 kV 전력선 구간","kind":"transmission","kindLabel":"고압 송전선","sourceYear":"2026","recordIds":["bgd-v162-a-024-entity-00788"],"rowCount":1,"voltageKv":132,"lengthKm":40.837},"geometry":{"type":"Point","coordinates":[89.0695701,25.6570497]}},{"type":"Feature","id":"a-024-089923fb29","properties":{"elementId":"A-024","featureId":"a-024-089923fb29","name":"132 kV 전력선 구간","kind":"transmission","kindLabel":"고압 송전선","sourceYear":"2026","recordIds":["bgd-v162-a-024-entity-00854"],"rowCount":1,"voltageKv":132,"lengthKm":4.81},"geometry":{"type":"Point","coordinates":[89.0723241,24.0883393]}},{"type":"Feature","id":"a-024-4ede840ac7","properties":{"elementId":"A-024","featureId":"a-024-4ede840ac7","name":"132 kV 전력선 구간","kind":"transmission","kindLabel":"고압 송전선","sourceYear":"2026","recordIds":["bgd-v162-a-024-entity-00837"],"rowCount":1,"voltageKv":132,"lengthKm":0.7741},"geometry":{"type":"Point","coordinates":[89.0867765,24.0964814]}},{"type":"Feature","id":"a-024-61f4262a90","properties":{"elementId":"A-024","featureId":"a-024-61f4262a90","name":"132 kV 전력선 구간","kind":"transmission","kindLabel":"고압 송전선","sourceYear":"2026","recordIds":["bgd-v162-a-024-entity-00789"],"rowCount":1,"voltageKv":132,"lengthKm":41.5705},"geometry":{"type":"Point","coordinates":[89.0927439,25.8080339]}},{"type":"Feature","id":"a-024-c9be60a48e","properties":{"elementId":"A-024","featureId":"a-024-c9be60a48e","name":"132 kV 전력선 구간","kind":"transmission","kindLabel":"고압 송전선","sourceYear":"2026","recordIds":["bgd-v162-a-024-entity-00856"],"rowCount":1,"voltageKv":132,"lengthKm":41.4487},"geometry":{"type":"Point","coordinates":[89.0927859,24.2457101]}},{"type":"Feature","id":"a-024-79334bf86c","properties":{"elementId":"A-024","featureId":"a-024-79334bf86c","name":"132 kV 전력선 구간","kind":"transmission","kindLabel":"고압 송전선","sourceYear":"2026","recordIds":["bgd-v162-a-024-entity-00022"],"rowCount":1,"voltageKv":132,"lengthKm":30.3773},"geometry":{"type":"Point","coordinates":[89.1016409,23.1170948]}},{"type":"Feature","id":"a-024-fbb615bb8e","properties":{"elementId":"A-024","featureId":"a-024-fbb615bb8e","name":"132 kV 전력선 구간","kind":"transmission","kindLabel":"고압 송전선","sourceYear":"2026","recordIds":["bgd-v162-a-024-entity-00861"],"rowCount":1,"voltageKv":132,"lengthKm":45.8019},"geometry":{"type":"Point","coordinates":[89.140942,24.8586187]}},{"type":"Feature","id":"a-024-bbe096669d","properties":{"elementId":"A-024","featureId":"a-024-bbe096669d","name":"132 kV 전력선 구간","kind":"transmission","kindLabel":"고압 송전선","sourceYear":"2026","recordIds":["bgd-v162-a-024-entity-00028"],"rowCount":1,"voltageKv":132,"lengthKm":43.4951},"geometry":{"type":"Point","coordinates":[89.1474921,23.3077862]}},{"type":"Feature","id":"a-024-f33fa43019","properties":{"elementId":"A-024","featureId":"a-024-f33fa43019","name":"132 kV 전력선 구간","kind":"transmission","kindLabel":"고압 송전선","sourceYear":"2026","recordIds":["bgd-v162-a-024-entity-00027"],"rowCount":1,"voltageKv":132,"lengthKm":43.1364},"geometry":{"type":"Point","coordinates":[89.1521871,23.709965]}},{"type":"Feature","id":"a-024-72936848f3","properties":{"elementId":"A-024","featureId":"a-024-72936848f3","name":"132 kV 전력선 구간","kind":"transmission","kindLabel":"고압 송전선","sourceYear":"2026","recordIds":["bgd-v162-a-024-entity-00002"],"rowCount":1,"voltageKv":132,"lengthKm":0.0829},"geometry":{"type":"Point","coordinates":[89.153707,23.500209]}},{"type":"Feature","id":"a-024-144ac1d147","properties":{"elementId":"A-024","featureId":"a-024-144ac1d147","name":"132 kV 전력선 구간","kind":"transmission","kindLabel":"고압 송전선","sourceYear":"2026","recordIds":["bgd-v162-a-024-entity-00004"],"rowCount":1,"voltageKv":132,"lengthKm":0.0981},"geometry":{"type":"Point","coordinates":[89.1543131,23.5008943]}},{"type":"Feature","id":"a-024-0e5ef1920c","properties":{"elementId":"A-024","featureId":"a-024-0e5ef1920c","name":"132 kV 전력선 구간","kind":"transmission","kindLabel":"고압 송전선","sourceYear":"2026","recordIds":["bgd-v162-a-024-entity-00001","bgd-v162-a-024-entity-00007"],"rowCount":2,"voltageKv":132},"geometry":{"type":"Point","coordinates":[89.1545033,23.5003592]}},{"type":"Feature","id":"a-024-527648a46a","properties":{"elementId":"A-024","featureId":"a-024-527648a46a","name":"132 kV 전력선 구간","kind":"transmission","kindLabel":"고압 송전선","sourceYear":"2026","recordIds":["bgd-v162-a-024-entity-00842"],"rowCount":1,"voltageKv":132,"lengthKm":16.8815},"geometry":{"type":"Point","coordinates":[89.157575,24.0480666]}},{"type":"Feature","id":"a-024-aff8d9eced","properties":{"elementId":"A-024","featureId":"a-024-aff8d9eced","name":"132 kV 전력선 구간","kind":"transmission","kindLabel":"고압 송전선","sourceYear":"2026","recordIds":["bgd-v162-a-024-entity-00014"],"rowCount":1,"voltageKv":132,"lengthKm":2.7397},"geometry":{"type":"Point","coordinates":[89.1612035,23.510188]}},{"type":"Feature","id":"a-024-3bc6d73288","properties":{"elementId":"A-024","featureId":"a-024-3bc6d73288","name":"132 kV 전력선 구간","kind":"transmission","kindLabel":"고압 송전선","sourceYear":"2026","recordIds":["bgd-v162-a-024-entity-00026"],"rowCount":1,"voltageKv":132,"lengthKm":4.2624},"geometry":{"type":"Point","coordinates":[89.1641326,23.5197623]}},{"type":"Feature","id":"a-024-611e12d8a0","properties":{"elementId":"A-024","featureId":"a-024-611e12d8a0","name":"132 kV 전력선 구간","kind":"transmission","kindLabel":"고압 송전선","sourceYear":"2026","recordIds":["bgd-v162-a-024-entity-00006"],"rowCount":1,"voltageKv":132,"lengthKm":0.1729},"geometry":{"type":"Point","coordinates":[89.1670875,23.5229193]}},{"type":"Feature","id":"a-024-fd2df55e31","properties":{"elementId":"A-024","featureId":"a-024-fd2df55e31","name":"132 kV 전력선 구간","kind":"transmission","kindLabel":"고압 송전선","sourceYear":"2026","recordIds":["bgd-v162-a-024-entity-00003"],"rowCount":1,"voltageKv":132,"lengthKm":0.0851},"geometry":{"type":"Point","coordinates":[89.1671956,23.5221605]}},{"type":"Feature","id":"a-024-f1be921bb2","properties":{"elementId":"A-024","featureId":"a-024-f1be921bb2","name":"132 kV 전력선 구간","kind":"transmission","kindLabel":"고압 송전선","sourceYear":"2026","recordIds":["bgd-v162-a-024-entity-00005"],"rowCount":1,"voltageKv":132,"lengthKm":0.1023},"geometry":{"type":"Point","coordinates":[89.1679977,23.5216074]}},{"type":"Feature","id":"a-024-080c54a50e","properties":{"elementId":"A-024","featureId":"a-024-080c54a50e","name":"132 kV 전력선 구간","kind":"transmission","kindLabel":"고압 송전선","sourceYear":"2026","recordIds":["bgd-v162-a-024-entity-00844"],"rowCount":1,"voltageKv":132,"lengthKm":22.3345},"geometry":{"type":"Point","coordinates":[89.1686568,24.0903931]}},{"type":"Feature","id":"a-024-e0c0613427","properties":{"elementId":"A-024","featureId":"a-024-e0c0613427","name":"132 kV 전력선 구간","kind":"transmission","kindLabel":"고압 송전선","sourceYear":"2026","recordIds":["bgd-v162-a-024-entity-00013"],"rowCount":1,"voltageKv":132,"lengthKm":2.0317},"geometry":{"type":"Point","coordinates":[89.178085,23.5232332]}},{"type":"Feature","id":"a-024-1edc7c4b54","properties":{"elementId":"A-024","featureId":"a-024-1edc7c4b54","name":"132 kV 전력선 구간","kind":"transmission","kindLabel":"고압 송전선","sourceYear":"2026","recordIds":["bgd-v162-a-024-entity-00863"],"rowCount":1,"voltageKv":132,"lengthKm":60.6505},"geometry":{"type":"Point","coordinates":[89.2188151,24.6024692]}},{"type":"Feature","id":"a-024-65dfbdc3d6","properties":{"elementId":"A-024","featureId":"a-024-65dfbdc3d6","name":"132 kV 전력선 구간","kind":"transmission","kindLabel":"고압 송전선","sourceYear":"2026","recordIds":["bgd-v162-a-024-entity-00829"],"rowCount":1,"voltageKv":132,"lengthKm":0.2806},"geometry":{"type":"Point","coordinates":[89.2334389,24.0237941]}},{"type":"Feature","id":"a-024-f1011e8924","properties":{"elementId":"A-024","featureId":"a-024-f1011e8924","name":"132 kV 전력선 구간","kind":"transmission","kindLabel":"고압 송전선","sourceYear":"2026","recordIds":["bgd-v162-a-024-entity-00776"],"rowCount":1,"voltageKv":132,"lengthKm":0.4631},"geometry":{"type":"Point","coordinates":[89.2528907,25.7298733]}},{"type":"Feature","id":"a-024-6666631581","properties":{"elementId":"A-024","featureId":"a-024-6666631581","name":"132 kV 전력선 구간","kind":"transmission","kindLabel":"고압 송전선","sourceYear":"2026","recordIds":["bgd-v162-a-024-entity-00033"],"rowCount":1,"voltageKv":132,"lengthKm":79.7432},"geometry":{"type":"Point","coordinates":[89.2647949,23.8587539]}},{"type":"Feature","id":"a-024-9cbdfc5a64","properties":{"elementId":"A-024","featureId":"a-024-9cbdfc5a64","name":"132 kV 전력선 구간","kind":"transmission","kindLabel":"고압 송전선","sourceYear":"2026","recordIds":["bgd-v162-a-024-entity-00017"],"rowCount":1,"voltageKv":132,"lengthKm":26.2128},"geometry":{"type":"Point","coordinates":[89.2893387,23.5171315]}},{"type":"Feature","id":"a-024-6a8e6ffb8d","properties":{"elementId":"A-024","featureId":"a-024-6a8e6ffb8d","name":"132 kV 전력선 구간","kind":"transmission","kindLabel":"고압 송전선","sourceYear":"2026","recordIds":["bgd-v162-a-024-entity-00777"],"rowCount":1,"voltageKv":132,"lengthKm":0.498},"geometry":{"type":"Point","coordinates":[89.2902159,25.5251944]}},{"type":"Feature","id":"a-024-91a0b9eb86","properties":{"elementId":"A-024","featureId":"a-024-91a0b9eb86","name":"132 kV 전력선 구간","kind":"transmission","kindLabel":"고압 송전선","sourceYear":"2026","recordIds":["bgd-v162-a-024-entity-00030"],"rowCount":1,"voltageKv":132,"lengthKm":46.4602},"geometry":{"type":"Point","coordinates":[89.2906231,22.8187894]}},{"type":"Feature","id":"a-024-d19e64e5f6","properties":{"elementId":"A-024","featureId":"a-024-d19e64e5f6","name":"132 kV 전력선 구간","kind":"transmission","kindLabel":"고압 송전선","sourceYear":"2026","recordIds":["bgd-v162-a-024-entity-00792"],"rowCount":1,"voltageKv":132,"lengthKm":52.5668},"geometry":{"type":"Point","coordinates":[89.2940815,25.5178747]}},{"type":"Feature","id":"a-024-e8bbedb210","properties":{"elementId":"A-024","featureId":"a-024-e8bbedb210","name":"132 kV 전력선 구간","kind":"transmission","kindLabel":"고압 송전선","sourceYear":"2026","recordIds":["bgd-v162-a-024-entity-00020"],"rowCount":1,"voltageKv":132,"lengthKm":28.0328},"geometry":{"type":"Point","coordinates":[89.3334377,23.1088615]}},{"type":"Feature","id":"a-024-4b2ed0db02","properties":{"elementId":"A-024","featureId":"a-024-4b2ed0db02","name":"132 kV 전력선 구간","kind":"transmission","kindLabel":"고압 송전선","sourceYear":"2026","recordIds":["bgd-v162-a-024-entity-00862"],"rowCount":1,"voltageKv":132,"lengthKm":6.9082},"geometry":{"type":"Point","coordinates":[89.3381247,24.7854999]}},{"type":"Feature","id":"a-024-d14ca5e84d","properties":{"elementId":"A-024","featureId":"a-024-d14ca5e84d","name":"132 kV 전력선 구간","kind":"transmission","kindLabel":"고압 송전선","sourceYear":"2026","recordIds":["bgd-v162-a-024-entity-00833"],"rowCount":1,"voltageKv":132,"lengthKm":0.3404},"geometry":{"type":"Point","coordinates":[89.3472174,24.824882]}},{"type":"Feature","id":"a-024-7a120ddfe1","properties":{"elementId":"A-024","featureId":"a-024-7a120ddfe1","name":"132 kV 전력선 구간","kind":"transmission","kindLabel":"고압 송전선","sourceYear":"2026","recordIds":["bgd-v162-a-024-entity-00834"],"rowCount":1,"voltageKv":132,"lengthKm":0.3675},"geometry":{"type":"Point","coordinates":[89.3476143,24.8252593]}},{"type":"Feature","id":"a-024-293939c7a3","properties":{"elementId":"A-024","featureId":"a-024-293939c7a3","name":"132 kV 전력선 구간","kind":"transmission","kindLabel":"고압 송전선","sourceYear":"2026","recordIds":["bgd-v162-a-024-entity-00830"],"rowCount":1,"voltageKv":132,"lengthKm":0.2846},"geometry":{"type":"Point","coordinates":[89.348242,24.8290154]}},{"type":"Feature","id":"a-024-b1e24c37ea","properties":{"elementId":"A-024","featureId":"a-024-b1e24c37ea","name":"132 kV 전력선 구간","kind":"transmission","kindLabel":"고압 송전선","sourceYear":"2026","recordIds":["bgd-v162-a-024-entity-00782"],"rowCount":1,"voltageKv":132,"lengthKm":23.2927},"geometry":{"type":"Point","coordinates":[89.3486561,25.752233]}},{"type":"Feature","id":"a-024-243a015270","properties":{"elementId":"A-024","featureId":"a-024-243a015270","name":"132 kV 전력선 구간","kind":"transmission","kindLabel":"고압 송전선","sourceYear":"2026","recordIds":["bgd-v162-a-024-entity-00811"],"rowCount":1,"voltageKv":132,"lengthKm":0.0724},"geometry":{"type":"Point","coordinates":[89.3498341,24.8405384]}},{"type":"Feature","id":"a-024-4e0f701eac","properties":{"elementId":"A-024","featureId":"a-024-4e0f701eac","name":"132 kV 전력선 구간","kind":"transmission","kindLabel":"고압 송전선","sourceYear":"2026","recordIds":["bgd-v162-a-024-entity-00835"],"rowCount":1,"voltageKv":132,"lengthKm":0.4172},"geometry":{"type":"Point","coordinates":[89.3498433,24.8296824]}},{"type":"Feature","id":"a-024-e9ed5a2cee","properties":{"elementId":"A-024","featureId":"a-024-e9ed5a2cee","name":"132 kV 전력선 구간","kind":"transmission","kindLabel":"고압 송전선","sourceYear":"2026","recordIds":["bgd-v162-a-024-entity-00809"],"rowCount":1,"voltageKv":132,"lengthKm":0.0718},"geometry":{"type":"Point","coordinates":[89.3499774,24.8405677]}},{"type":"Feature","id":"a-024-c13e1922f1","properties":{"elementId":"A-024","featureId":"a-024-c13e1922f1","name":"132 kV 전력선 구간","kind":"transmission","kindLabel":"고압 송전선","sourceYear":"2026","recordIds":["bgd-v162-a-024-entity-00826"],"rowCount":1,"voltageKv":132,"lengthKm":0.1642},"geometry":{"type":"Point","coordinates":[89.3500704,24.8406757]}},{"type":"Feature","id":"a-024-9e4c0613e3","properties":{"elementId":"A-024","featureId":"a-024-9e4c0613e3","name":"132 kV 전력선 구간","kind":"transmission","kindLabel":"고압 송전선","sourceYear":"2026","recordIds":["bgd-v162-a-024-entity-00821"],"rowCount":1,"voltageKv":132,"lengthKm":0.1039},"geometry":{"type":"Point","coordinates":[89.3501923,24.8407006]}},{"type":"Feature","id":"a-024-b1ae1f956c","properties":{"elementId":"A-024","featureId":"a-024-b1ae1f956c","name":"132 kV 전력선 구간","kind":"transmission","kindLabel":"고압 송전선","sourceYear":"2026","recordIds":["bgd-v162-a-024-entity-00838"],"rowCount":1,"voltageKv":132,"lengthKm":1.334},"geometry":{"type":"Point","coordinates":[89.3502056,24.8356337]}},{"type":"Feature","id":"a-024-7bf14568d2","properties":{"elementId":"A-024","featureId":"a-024-7bf14568d2","name":"132 kV 전력선 구간","kind":"transmission","kindLabel":"고압 송전선","sourceYear":"2026","recordIds":["bgd-v162-a-024-entity-00820","bgd-v162-a-024-entity-00825"],"rowCount":2,"voltageKv":132},"geometry":{"type":"Point","coordinates":[89.3502135,24.8406159]}},{"type":"Feature","id":"a-024-a18c2eb3af","properties":{"elementId":"A-024","featureId":"a-024-a18c2eb3af","name":"132 kV 전력선 구간","kind":"transmission","kindLabel":"고압 송전선","sourceYear":"2026","recordIds":["bgd-v162-a-024-entity-00815"],"rowCount":1,"voltageKv":132,"lengthKm":0.0763},"geometry":{"type":"Point","coordinates":[89.3502482,24.8410085]}},{"type":"Feature","id":"a-024-627e413497","properties":{"elementId":"A-024","featureId":"a-024-627e413497","name":"132 kV 전력선 구간","kind":"transmission","kindLabel":"고압 송전선","sourceYear":"2026","recordIds":["bgd-v162-a-024-entity-00816"],"rowCount":1,"voltageKv":132,"lengthKm":0.0763},"geometry":{"type":"Point","coordinates":[89.3503689,24.8410524]}},{"type":"Feature","id":"a-024-5ea76c9aae","properties":{"elementId":"A-024","featureId":"a-024-5ea76c9aae","name":"132 kV 전력선 구간","kind":"transmission","kindLabel":"고압 송전선","sourceYear":"2026","recordIds":["bgd-v162-a-024-entity-00819"],"rowCount":1,"voltageKv":132,"lengthKm":0.0975},"geometry":{"type":"Point","coordinates":[89.350393,24.8404706]}},{"type":"Feature","id":"a-024-6b77943d6f","properties":{"elementId":"A-024","featureId":"a-024-6b77943d6f","name":"132 kV 전력선 구간","kind":"transmission","kindLabel":"고압 송전선","sourceYear":"2026","recordIds":["bgd-v162-a-024-entity-00818"],"rowCount":1,"voltageKv":132,"lengthKm":0.0974},"geometry":{"type":"Point","coordinates":[89.3504746,24.8406693]}},{"type":"Feature","id":"a-024-bd6bd6fdc9","properties":{"elementId":"A-024","featureId":"a-024-bd6bd6fdc9","name":"132 kV 전력선 구간","kind":"transmission","kindLabel":"고압 송전선","sourceYear":"2026","recordIds":["bgd-v162-a-024-entity-00806"],"rowCount":1,"voltageKv":132,"lengthKm":0.0598},"geometry":{"type":"Point","coordinates":[89.3505744,24.8407786]}},{"type":"Feature","id":"a-024-79413a0448","properties":{"elementId":"A-024","featureId":"a-024-79413a0448","name":"132 kV 전력선 구간","kind":"transmission","kindLabel":"고압 송전선","sourceYear":"2026","recordIds":["bgd-v162-a-024-entity-00805"],"rowCount":1,"voltageKv":132,"lengthKm":0.0594},"geometry":{"type":"Point","coordinates":[89.3507057,24.8407166]}},{"type":"Feature","id":"a-024-be60c0d32b","properties":{"elementId":"A-024","featureId":"a-024-be60c0d32b","name":"132 kV 전력선 구간","kind":"transmission","kindLabel":"고압 송전선","sourceYear":"2026","recordIds":["bgd-v162-a-024-entity-00841"],"rowCount":1,"voltageKv":132,"lengthKm":14.1259},"geometry":{"type":"Point","coordinates":[89.3511558,24.9027458]}},{"type":"Feature","id":"a-024-03930b9cc9","properties":{"elementId":"A-024","featureId":"a-024-03930b9cc9","name":"132 kV 전력선 구간","kind":"transmission","kindLabel":"고압 송전선","sourceYear":"2026","recordIds":["bgd-v162-a-024-entity-00804","bgd-v162-a-024-entity-00823"],"rowCount":2,"voltageKv":132},"geometry":{"type":"Point","coordinates":[89.3517034,24.8289578]}},{"type":"Feature","id":"a-024-2df0ebbe7b","properties":{"elementId":"A-024","featureId":"a-024-2df0ebbe7b","name":"132 kV 전력선 구간","kind":"transmission","kindLabel":"고압 송전선","sourceYear":"2026","recordIds":["bgd-v162-a-024-entity-00813"],"rowCount":1,"voltageKv":132,"lengthKm":0.0736},"geometry":{"type":"Point","coordinates":[89.3517117,24.8291186]}},{"type":"Feature","id":"a-024-fc58b0c40a","properties":{"elementId":"A-024","featureId":"a-024-fc58b0c40a","name":"132 kV 전력선 구간","kind":"transmission","kindLabel":"고압 송전선","sourceYear":"2026","recordIds":["bgd-v162-a-024-entity-00824"],"rowCount":1,"voltageKv":132,"lengthKm":0.157},"geometry":{"type":"Point","coordinates":[89.3517956,24.8290319]}},{"type":"Feature","id":"a-024-cc1d5b37f3","properties":{"elementId":"A-024","featureId":"a-024-cc1d5b37f3","name":"132 kV 전력선 구간","kind":"transmission","kindLabel":"고압 송전선","sourceYear":"2026","recordIds":["bgd-v162-a-024-entity-00810"],"rowCount":1,"voltageKv":132,"lengthKm":0.0723},"geometry":{"type":"Point","coordinates":[89.352013,24.8290788]}},{"type":"Feature","id":"a-024-f02ba81c30","properties":{"elementId":"A-024","featureId":"a-024-f02ba81c30","name":"132 kV 전력선 구간","kind":"transmission","kindLabel":"고압 송전선","sourceYear":"2026","recordIds":["bgd-v162-a-024-entity-00827"],"rowCount":1,"voltageKv":132,"lengthKm":0.1787},"geometry":{"type":"Point","coordinates":[89.3546605,24.9615979]}},{"type":"Feature","id":"a-024-0d936d9d88","properties":{"elementId":"A-024","featureId":"a-024-0d936d9d88","name":"132 kV 전력선 구간","kind":"transmission","kindLabel":"고압 송전선","sourceYear":"2026","recordIds":["bgd-v162-a-024-entity-00786"],"rowCount":1,"voltageKv":132,"lengthKm":35.7248},"geometry":{"type":"Point","coordinates":[89.3719505,25.6995139]}},{"type":"Feature","id":"a-024-6b5773e0e3","properties":{"elementId":"A-024","featureId":"a-024-6b5773e0e3","name":"132 kV 전력선 구간","kind":"transmission","kindLabel":"고압 송전선","sourceYear":"2026","recordIds":["bgd-v162-a-024-entity-00845"],"rowCount":1,"voltageKv":132,"lengthKm":24.5118},"geometry":{"type":"Point","coordinates":[89.3740844,24.7343313]}},{"type":"Feature","id":"a-024-065395d150","properties":{"elementId":"A-024","featureId":"a-024-065395d150","name":"132 kV 전력선 구간","kind":"transmission","kindLabel":"고압 송전선","sourceYear":"2026","recordIds":["bgd-v162-a-024-entity-00864"],"rowCount":1,"voltageKv":132,"lengthKm":64.0872},"geometry":{"type":"Point","coordinates":[89.3767346,24.0430255]}},{"type":"Feature","id":"a-024-ae07cb9369","properties":{"elementId":"A-024","featureId":"a-024-ae07cb9369","name":"132 kV 전력선 구간","kind":"transmission","kindLabel":"고압 송전선","sourceYear":"2026","recordIds":["bgd-v162-a-024-entity-00787"],"rowCount":1,"voltageKv":132,"lengthKm":36.2696},"geometry":{"type":"Point","coordinates":[89.3807584,25.1209825]}},{"type":"Feature","id":"a-024-d1d988c3ad","properties":{"elementId":"A-024","featureId":"a-024-d1d988c3ad","name":"132 kV 전력선 구간","kind":"transmission","kindLabel":"고압 송전선","sourceYear":"2026","recordIds":["bgd-v162-a-024-entity-00855"],"rowCount":1,"voltageKv":132,"lengthKm":41.1223},"geometry":{"type":"Point","coordinates":[89.402675,24.0995381]}},{"type":"Feature","id":"a-024-828e3723f3","properties":{"elementId":"A-024","featureId":"a-024-828e3723f3","name":"132 kV 전력선 구간","kind":"transmission","kindLabel":"고압 송전선","sourceYear":"2026","recordIds":["bgd-v162-a-024-entity-00009"],"rowCount":1,"voltageKv":132,"lengthKm":1.1453},"geometry":{"type":"Point","coordinates":[89.4105969,23.0230639]}},{"type":"Feature","id":"a-024-385ba74593","properties":{"elementId":"A-024","featureId":"a-024-385ba74593","name":"132 kV 전력선 구간","kind":"transmission","kindLabel":"고압 송전선","sourceYear":"2026","recordIds":["bgd-v162-a-024-entity-00858"],"rowCount":1,"voltageKv":132,"lengthKm":43.931},"geometry":{"type":"Point","coordinates":[89.4377983,24.0907437]}},{"type":"Feature","id":"a-024-4d2bd0d7b0","properties":{"elementId":"A-024","featureId":"a-024-4d2bd0d7b0","name":"132 kV 전력선 구간","kind":"transmission","kindLabel":"고압 송전선","sourceYear":"2026","recordIds":["bgd-v162-a-024-entity-00779"],"rowCount":1,"voltageKv":132,"lengthKm":13.7926},"geometry":{"type":"Point","coordinates":[89.4382794,25.8481725]}},{"type":"Feature","id":"a-024-ff31a977f6","properties":{"elementId":"A-024","featureId":"a-024-ff31a977f6","name":"132 kV 전력선 구간","kind":"transmission","kindLabel":"고압 송전선","sourceYear":"2026","recordIds":["bgd-v162-a-024-entity-00024"],"rowCount":1,"voltageKv":132,"lengthKm":39.4456},"geometry":{"type":"Point","coordinates":[89.4515419,23.3186514]}},{"type":"Feature","id":"a-024-7ff2d24053","properties":{"elementId":"A-024","featureId":"a-024-7ff2d24053","name":"132 kV 전력선 구간","kind":"transmission","kindLabel":"고압 송전선","sourceYear":"2026","recordIds":["bgd-v162-a-024-entity-00015"],"rowCount":1,"voltageKv":132,"lengthKm":22.8844},"geometry":{"type":"Point","coordinates":[89.47551,22.9488902]}},{"type":"Feature","id":"a-024-52db2f87d9","properties":{"elementId":"A-024","featureId":"a-024-52db2f87d9","name":"132 kV 전력선 구간","kind":"transmission","kindLabel":"고압 송전선","sourceYear":"2026","recordIds":["bgd-v162-a-024-entity-00846"],"rowCount":1,"voltageKv":132,"lengthKm":24.8332},"geometry":{"type":"Point","coordinates":[89.4790506,24.1631167]}},{"type":"Feature","id":"a-024-8342005ed9","properties":{"elementId":"A-024","featureId":"a-024-8342005ed9","name":"132 kV 전력선 구간","kind":"transmission","kindLabel":"고압 송전선","sourceYear":"2026","recordIds":["bgd-v162-a-024-entity-00857"],"rowCount":1,"voltageKv":132,"lengthKm":42.3205},"geometry":{"type":"Point","coordinates":[89.5060275,24.4690825]}},{"type":"Feature","id":"a-024-bf63d7f7fc","properties":{"elementId":"A-024","featureId":"a-024-bf63d7f7fc","name":"132 kV 전력선 구간","kind":"transmission","kindLabel":"고압 송전선","sourceYear":"2026","recordIds":["bgd-v162-a-024-entity-00035"],"rowCount":1,"voltageKv":132,"lengthKm":9.0667},"geometry":{"type":"Point","coordinates":[89.5155389,22.8285741]}},{"type":"Feature","id":"a-024-613d3b86d1","properties":{"elementId":"A-024","featureId":"a-024-613d3b86d1","name":"132 kV 전력선 구간","kind":"transmission","kindLabel":"고압 송전선","sourceYear":"2026","recordIds":["bgd-v162-a-024-entity-00025"],"rowCount":1,"voltageKv":132,"lengthKm":4.0824},"geometry":{"type":"Point","coordinates":[89.5157815,22.7836719]}},{"type":"Feature","id":"a-024-0799a50199","properties":{"elementId":"A-024","featureId":"a-024-0799a50199","name":"132 kV 전력선 구간","kind":"transmission","kindLabel":"고압 송전선","sourceYear":"2026","recordIds":["bgd-v162-a-024-entity-00781"],"rowCount":1,"voltageKv":132,"lengthKm":17.3297},"geometry":{"type":"Point","coordinates":[89.5233446,25.7973652]}},{"type":"Feature","id":"a-024-d2461fb432","properties":{"elementId":"A-024","featureId":"a-024-d2461fb432","name":"132 kV 전력선 구간","kind":"transmission","kindLabel":"고압 송전선","sourceYear":"2026","recordIds":["bgd-v162-a-024-entity-00010"],"rowCount":1,"voltageKv":132,"lengthKm":1.8242},"geometry":{"type":"Point","coordinates":[89.5338231,22.8648973]}},{"type":"Feature","id":"a-024-b3c56a31af","properties":{"elementId":"A-024","featureId":"a-024-b3c56a31af","name":"132 kV 전력선 구간","kind":"transmission","kindLabel":"고압 송전선","sourceYear":"2026","recordIds":["bgd-v162-a-024-entity-00847"],"rowCount":1,"voltageKv":132,"lengthKm":25.5243},"geometry":{"type":"Point","coordinates":[89.5750504,24.2886819]}},{"type":"Feature","id":"a-024-da8f91999a","properties":{"elementId":"A-024","featureId":"a-024-da8f91999a","name":"132 kV 전력선 구간","kind":"transmission","kindLabel":"고압 송전선","sourceYear":"2026","recordIds":["bgd-v162-a-024-entity-00828"],"rowCount":1,"voltageKv":132,"lengthKm":0.2065},"geometry":{"type":"Point","coordinates":[89.5831141,24.1729318]}},{"type":"Feature","id":"a-024-7ead1739b5","properties":{"elementId":"A-024","featureId":"a-024-7ead1739b5","name":"132 kV 전력선 구간","kind":"transmission","kindLabel":"고압 송전선","sourceYear":"2026","recordIds":["bgd-v162-a-024-entity-00012"],"rowCount":1,"voltageKv":132,"lengthKm":16.8743},"geometry":{"type":"Point","coordinates":[89.5929587,22.8554028]}},{"type":"Feature","id":"a-024-6514e6a707","properties":{"elementId":"A-024","featureId":"a-024-6514e6a707","name":"132 kV 전력선 구간","kind":"transmission","kindLabel":"고압 송전선","sourceYear":"2026","recordIds":["bgd-v162-a-024-entity-00034"],"rowCount":1,"voltageKv":132,"lengthKm":8.8904},"geometry":{"type":"Point","coordinates":[89.5985833,22.5428499]}},{"type":"Feature","id":"a-024-6f37edb8ea","properties":{"elementId":"A-024","featureId":"a-024-6f37edb8ea","name":"132 kV 전력선 구간","kind":"transmission","kindLabel":"고압 송전선","sourceYear":"2026","recordIds":["bgd-v162-a-024-entity-00853"],"rowCount":1,"voltageKv":132,"lengthKm":39.9065},"geometry":{"type":"Point","coordinates":[89.5989805,24.2782824]}},{"type":"Feature","id":"a-024-61e620cee4","properties":{"elementId":"A-024","featureId":"a-024-61e620cee4","name":"132 kV 전력선 구간","kind":"transmission","kindLabel":"고압 송전선","sourceYear":"2026","recordIds":["bgd-v162-a-024-entity-00032"],"rowCount":1,"voltageKv":132,"lengthKm":6.3618},"geometry":{"type":"Point","coordinates":[89.6100926,22.7747694]}},{"type":"Feature","id":"a-024-8434a07050","properties":{"elementId":"A-024","featureId":"a-024-8434a07050","name":"132 kV 전력선 구간","kind":"transmission","kindLabel":"고압 송전선","sourceYear":"2026","recordIds":["bgd-v162-a-024-entity-00471"],"rowCount":1,"voltageKv":132,"lengthKm":0.9673},"geometry":{"type":"Point","coordinates":[89.620854,23.7511077]}},{"type":"Feature","id":"a-024-87e5bb608b","properties":{"elementId":"A-024","featureId":"a-024-87e5bb608b","name":"132 kV 전력선 구간","kind":"transmission","kindLabel":"고압 송전선","sourceYear":"2026","recordIds":["bgd-v162-a-024-entity-00812"],"rowCount":1,"voltageKv":132,"lengthKm":0.0727},"geometry":{"type":"Point","coordinates":[89.6700399,24.4471888]}},{"type":"Feature","id":"a-024-779c402bcf","properties":{"elementId":"A-024","featureId":"a-024-779c402bcf","name":"132 kV 전력선 구간","kind":"transmission","kindLabel":"고압 송전선","sourceYear":"2026","recordIds":["bgd-v162-a-024-entity-00814"],"rowCount":1,"voltageKv":132,"lengthKm":0.075},"geometry":{"type":"Point","coordinates":[89.6700828,24.4472938]}},{"type":"Feature","id":"a-024-37489e8658","properties":{"elementId":"A-024","featureId":"a-024-37489e8658","name":"132 kV 전력선 구간","kind":"transmission","kindLabel":"고압 송전선","sourceYear":"2026","recordIds":["bgd-v162-a-024-entity-00807"],"rowCount":1,"voltageKv":132,"lengthKm":0.0684},"geometry":{"type":"Point","coordinates":[89.670166,24.4475038]}},{"type":"Feature","id":"a-024-8096062842","properties":{"elementId":"A-024","featureId":"a-024-8096062842","name":"132 kV 전력선 구간","kind":"transmission","kindLabel":"고압 송전선","sourceYear":"2026","recordIds":["bgd-v162-a-024-entity-00808"],"rowCount":1,"voltageKv":132,"lengthKm":0.0687},"geometry":{"type":"Point","coordinates":[89.6701955,24.4476014]}},{"type":"Feature","id":"a-024-aa847c033d","properties":{"elementId":"A-024","featureId":"a-024-aa847c033d","name":"132 kV 전력선 구간","kind":"transmission","kindLabel":"고압 송전선","sourceYear":"2026","recordIds":["bgd-v162-a-024-entity-00029"],"rowCount":1,"voltageKv":132,"lengthKm":43.669},"geometry":{"type":"Point","coordinates":[89.6750451,22.774842]}},{"type":"Feature","id":"a-024-81a98cfcd0","properties":{"elementId":"A-024","featureId":"a-024-81a98cfcd0","name":"132 kV 전력선 구간","kind":"transmission","kindLabel":"고압 송전선","sourceYear":"2026","recordIds":["bgd-v162-a-024-entity-00019"],"rowCount":1,"voltageKv":132,"lengthKm":27.6511},"geometry":{"type":"Point","coordinates":[89.6858258,22.5779822]}},{"type":"Feature","id":"a-024-e76c1b4886","properties":{"elementId":"A-024","featureId":"a-024-e76c1b4886","name":"132 kV 전력선 구간","kind":"transmission","kindLabel":"고압 송전선","sourceYear":"2026","recordIds":["bgd-v162-a-024-entity-00865"],"rowCount":1,"voltageKv":132,"lengthKm":9.7322},"geometry":{"type":"Point","coordinates":[89.6906769,24.4115173]}},{"type":"Feature","id":"a-024-2e51cf7af2","properties":{"elementId":"A-024","featureId":"a-024-2e51cf7af2","name":"132 kV 전력선 구간","kind":"transmission","kindLabel":"고압 송전선","sourceYear":"2026","recordIds":["bgd-v162-a-024-entity-00031"],"rowCount":1,"voltageKv":132,"lengthKm":51.7175},"geometry":{"type":"Point","coordinates":[89.6949752,22.8746628]}},{"type":"Feature","id":"a-024-ead25beb73","properties":{"elementId":"A-024","featureId":"a-024-ead25beb73","name":"132 kV 전력선 구간","kind":"transmission","kindLabel":"고압 송전선","sourceYear":"2026","recordIds":["bgd-v162-a-024-entity-00506"],"rowCount":1,"voltageKv":132,"lengthKm":25.5077},"geometry":{"type":"Point","coordinates":[89.7046182,23.6685931]}},{"type":"Feature","id":"a-024-ba70ad88ff","properties":{"elementId":"A-024","featureId":"a-024-ba70ad88ff","name":"132 kV 전력선 구간","kind":"transmission","kindLabel":"고압 송전선","sourceYear":"2026","recordIds":["bgd-v162-a-024-entity-00018"],"rowCount":1,"voltageKv":132,"lengthKm":27.2668},"geometry":{"type":"Point","coordinates":[89.7125503,22.7020536]}},{"type":"Feature","id":"a-024-b44b7d1f87","properties":{"elementId":"A-024","featureId":"a-024-b44b7d1f87","name":"132 kV 전력선 구간","kind":"transmission","kindLabel":"고압 송전선","sourceYear":"2026","recordIds":["bgd-v162-a-024-entity-00531"],"rowCount":1,"voltageKv":132,"lengthKm":6.8118},"geometry":{"type":"Point","coordinates":[89.768838,23.5941524]}},{"type":"Feature","id":"a-024-70dee81f51","properties":{"elementId":"A-024","featureId":"a-024-70dee81f51","name":"132 kV 전력선 구간","kind":"transmission","kindLabel":"고압 송전선","sourceYear":"2026","recordIds":["bgd-v162-a-024-entity-00465"],"rowCount":1,"voltageKv":132,"lengthKm":0.5168},"geometry":{"type":"Point","coordinates":[89.8236448,23.0306832]}},{"type":"Feature","id":"a-024-876f091498","properties":{"elementId":"A-024","featureId":"a-024-876f091498","name":"132 kV 전력선 구간","kind":"transmission","kindLabel":"고압 송전선","sourceYear":"2026","recordIds":["bgd-v162-a-024-entity-00489"],"rowCount":1,"voltageKv":132,"lengthKm":14.5944},"geometry":{"type":"Point","coordinates":[89.8448503,22.9855134]}},{"type":"Feature","id":"a-024-0e10ed330f","properties":{"elementId":"A-024","featureId":"a-024-0e10ed330f","name":"132 kV 전력선 구간","kind":"transmission","kindLabel":"고압 송전선","sourceYear":"2026","recordIds":["bgd-v162-a-024-entity-00504"],"rowCount":1,"voltageKv":132,"lengthKm":24.4577},"geometry":{"type":"Point","coordinates":[89.9019855,23.1147182]}},{"type":"Feature","id":"a-024-e446877e61","properties":{"elementId":"A-024","featureId":"a-024-e446877e61","name":"132 kV 전력선 구간","kind":"transmission","kindLabel":"고압 송전선","sourceYear":"2026","recordIds":["bgd-v162-a-024-entity-00021"],"rowCount":1,"voltageKv":132,"lengthKm":29.7392},"geometry":{"type":"Point","coordinates":[89.9129367,22.5960515]}},{"type":"Feature","id":"a-024-64fe097b57","properties":{"elementId":"A-024","featureId":"a-024-64fe097b57","name":"132 kV 전력선 구간","kind":"transmission","kindLabel":"고압 송전선","sourceYear":"2026","recordIds":["bgd-v162-a-024-entity-00522"],"rowCount":1,"voltageKv":132,"lengthKm":42.9378},"geometry":{"type":"Point","coordinates":[89.9284378,23.4520213]}},{"type":"Feature","id":"a-024-2c87a69328","properties":{"elementId":"A-024","featureId":"a-024-2c87a69328","name":"132 kV 전력선 구간","kind":"transmission","kindLabel":"고압 송전선","sourceYear":"2026","recordIds":["bgd-v162-a-024-entity-00482"],"rowCount":1,"voltageKv":132,"lengthKm":11.0183},"geometry":{"type":"Point","coordinates":[89.9814461,23.244051]}},{"type":"Feature","id":"a-024-f991d3b624","properties":{"elementId":"A-024","featureId":"a-024-f991d3b624","name":"132 kV 전력선 구간","kind":"transmission","kindLabel":"고압 송전선","sourceYear":"2026","recordIds":["bgd-v162-a-024-entity-00468"],"rowCount":1,"voltageKv":132,"lengthKm":0.6956},"geometry":{"type":"Point","coordinates":[89.9898583,24.541975]}},{"type":"Feature","id":"a-024-24b13f51d1","properties":{"elementId":"A-024","featureId":"a-024-24b13f51d1","name":"132 kV 전력선 구간","kind":"transmission","kindLabel":"고압 송전선","sourceYear":"2026","recordIds":["bgd-v162-a-024-entity-00761"],"rowCount":1,"voltageKv":132,"lengthKm":22.5792},"geometry":{"type":"Point","coordinates":[90.0046402,24.9841568]}},{"type":"Feature","id":"a-024-b3813de1d6","properties":{"elementId":"A-024","featureId":"a-024-b3813de1d6","name":"132 kV 전력선 구간","kind":"transmission","kindLabel":"고압 송전선","sourceYear":"2026","recordIds":["bgd-v162-a-024-entity-00475"],"rowCount":1,"voltageKv":132,"lengthKm":1.4649},"geometry":{"type":"Point","coordinates":[90.0062164,23.2665989]}},{"type":"Feature","id":"a-024-1b1d5ab925","properties":{"elementId":"A-024","featureId":"a-024-1b1d5ab925","name":"132 kV 전력선 구간","kind":"transmission","kindLabel":"고압 송전선","sourceYear":"2026","recordIds":["bgd-v162-a-024-entity-00477"],"rowCount":1,"voltageKv":132,"lengthKm":1.5729},"geometry":{"type":"Point","coordinates":[90.0113404,23.2714989]}},{"type":"Feature","id":"a-024-dbb8454b6b","properties":{"elementId":"A-024","featureId":"a-024-dbb8454b6b","name":"132 kV 전력선 구간","kind":"transmission","kindLabel":"고압 송전선","sourceYear":"2026","recordIds":["bgd-v162-a-024-entity-00427"],"rowCount":1,"voltageKv":132,"lengthKm":0.0477},"geometry":{"type":"Point","coordinates":[90.0118233,23.27494]}},{"type":"Feature","id":"a-024-875b2901fe","properties":{"elementId":"A-024","featureId":"a-024-875b2901fe","name":"132 kV 전력선 구간","kind":"transmission","kindLabel":"고압 송전선","sourceYear":"2026","recordIds":["bgd-v162-a-024-entity-00429"],"rowCount":1,"voltageKv":132,"lengthKm":0.0487},"geometry":{"type":"Point","coordinates":[90.0122386,23.2752123]}},{"type":"Feature","id":"a-024-8574e165c3","properties":{"elementId":"A-024","featureId":"a-024-8574e165c3","name":"132 kV 전력선 구간","kind":"transmission","kindLabel":"고압 송전선","sourceYear":"2026","recordIds":["bgd-v162-a-024-entity-00428","bgd-v162-a-024-entity-00454"],"rowCount":2,"voltageKv":132},"geometry":{"type":"Point","coordinates":[90.0123317,23.2747967]}},{"type":"Feature","id":"a-024-2b16b1d4ec","properties":{"elementId":"A-024","featureId":"a-024-2b16b1d4ec","name":"132 kV 전력선 구간","kind":"transmission","kindLabel":"고압 송전선","sourceYear":"2026","recordIds":["bgd-v162-a-024-entity-00517"],"rowCount":1,"voltageKv":132,"lengthKm":39.3194},"geometry":{"type":"Point","coordinates":[90.0415633,24.1359345]}},{"type":"Feature","id":"a-024-be07b96f7e","properties":{"elementId":"A-024","featureId":"a-024-be07b96f7e","name":"132 kV 전력선 구간","kind":"transmission","kindLabel":"고압 송전선","sourceYear":"2026","recordIds":["bgd-v162-a-024-entity-00500"],"rowCount":1,"voltageKv":132,"lengthKm":21.2156},"geometry":{"type":"Point","coordinates":[90.0475094,23.197282]}},{"type":"Feature","id":"a-024-8297e538f2","properties":{"elementId":"A-024","featureId":"a-024-8297e538f2","name":"132 kV 전력선 구간","kind":"transmission","kindLabel":"고압 송전선","sourceYear":"2026","recordIds":["bgd-v162-a-024-entity-00494"],"rowCount":1,"voltageKv":132,"lengthKm":19.2268},"geometry":{"type":"Point","coordinates":[90.0592352,23.1800598]}},{"type":"Feature","id":"a-024-f87178c816","properties":{"elementId":"A-024","featureId":"a-024-f87178c816","name":"132 kV 전력선 구간","kind":"transmission","kindLabel":"고압 송전선","sourceYear":"2026","recordIds":["bgd-v162-a-024-entity-00719"],"rowCount":1,"voltageKv":132,"lengthKm":0.2892},"geometry":{"type":"Point","coordinates":[90.069438,22.479924]}},{"type":"Feature","id":"a-024-fe94003e06","properties":{"elementId":"A-024","featureId":"a-024-fe94003e06","name":"132 kV 전력선 구간","kind":"transmission","kindLabel":"고압 송전선","sourceYear":"2026","recordIds":["bgd-v162-a-024-entity-00726"],"rowCount":1,"voltageKv":132,"lengthKm":8.9301},"geometry":{"type":"Point","coordinates":[90.0765851,22.5061606]}},{"type":"Feature","id":"a-024-78f38a6217","properties":{"elementId":"A-024","featureId":"a-024-78f38a6217","name":"132 kV 전력선 구간","kind":"transmission","kindLabel":"고압 송전선","sourceYear":"2026","recordIds":["bgd-v162-a-024-entity-00479"],"rowCount":1,"voltageKv":132,"lengthKm":1.664},"geometry":{"type":"Point","coordinates":[90.0817164,24.1175561]}},{"type":"Feature","id":"a-024-ed22ddb149","properties":{"elementId":"A-024","featureId":"a-024-ed22ddb149","name":"132 kV 전력선 구간","kind":"transmission","kindLabel":"고압 송전선","sourceYear":"2026","recordIds":["bgd-v162-a-024-entity-00535"],"rowCount":1,"voltageKv":132,"lengthKm":93.5553},"geometry":{"type":"Point","coordinates":[90.0853559,24.5988653]}},{"type":"Feature","id":"a-024-1189d9adc9","properties":{"elementId":"A-024","featureId":"a-024-1189d9adc9","name":"132 kV 전력선 구간","kind":"transmission","kindLabel":"고압 송전선","sourceYear":"2026","recordIds":["bgd-v162-a-024-entity-00473"],"rowCount":1,"voltageKv":132,"lengthKm":1.1349},"geometry":{"type":"Point","coordinates":[90.1446468,23.1478384]}},{"type":"Feature","id":"a-024-00c6047f32","properties":{"elementId":"A-024","featureId":"a-024-00c6047f32","name":"132 kV 전력선 구간","kind":"transmission","kindLabel":"고압 송전선","sourceYear":"2026","recordIds":["bgd-v162-a-024-entity-00514"],"rowCount":1,"voltageKv":132,"lengthKm":31.973},"geometry":{"type":"Point","coordinates":[90.1457732,23.9282747]}},{"type":"Feature","id":"a-024-5dc04c7ed4","properties":{"elementId":"A-024","featureId":"a-024-5dc04c7ed4","name":"132 kV 전력선 구간","kind":"transmission","kindLabel":"고압 송전선","sourceYear":"2026","recordIds":["bgd-v162-a-024-entity-00723"],"rowCount":1,"voltageKv":132,"lengthKm":45.9887},"geometry":{"type":"Point","coordinates":[90.1524633,22.6345633]}},{"type":"Feature","id":"a-024-1ccf130a72","properties":{"elementId":"A-024","featureId":"a-024-1ccf130a72","name":"132 kV 전력선 구간","kind":"transmission","kindLabel":"고압 송전선","sourceYear":"2026","recordIds":["bgd-v162-a-024-entity-00722"],"rowCount":1,"voltageKv":132,"lengthKm":40.4768},"geometry":{"type":"Point","coordinates":[90.1698962,22.6410887]}},{"type":"Feature","id":"a-024-9e58eda54a","properties":{"elementId":"A-024","featureId":"a-024-9e58eda54a","name":"132 kV 전력선 구간","kind":"transmission","kindLabel":"고압 송전선","sourceYear":"2026","recordIds":["bgd-v162-a-024-entity-00491"],"rowCount":1,"voltageKv":132,"lengthKm":15.0549},"geometry":{"type":"Point","coordinates":[90.173032,23.8713132]}},{"type":"Feature","id":"a-024-a7dabe7927","properties":{"elementId":"A-024","featureId":"a-024-a7dabe7927","name":"132 kV 전력선 구간","kind":"transmission","kindLabel":"고압 송전선","sourceYear":"2026","recordIds":["bgd-v162-a-024-entity-00503"],"rowCount":1,"voltageKv":132,"lengthKm":22.7792},"geometry":{"type":"Point","coordinates":[90.1765346,23.9921951]}},{"type":"Feature","id":"a-024-3362b4d75c","properties":{"elementId":"A-024","featureId":"a-024-3362b4d75c","name":"132 kV 전력선 구간","kind":"transmission","kindLabel":"고압 송전선","sourceYear":"2026","recordIds":["bgd-v162-a-024-entity-00767"],"rowCount":1,"voltageKv":132,"lengthKm":54.8807},"geometry":{"type":"Point","coordinates":[90.1916408,24.8561238]}},{"type":"Feature","id":"a-024-70c02d6328","properties":{"elementId":"A-024","featureId":"a-024-70c02d6328","name":"132 kV 전력선 구간","kind":"transmission","kindLabel":"고압 송전선","sourceYear":"2026","recordIds":["bgd-v162-a-024-entity-00518"],"rowCount":1,"voltageKv":132,"lengthKm":4.1786},"geometry":{"type":"Point","coordinates":[90.1925661,24.0749588]}},{"type":"Feature","id":"a-024-7b8c0b299a","properties":{"elementId":"A-024","featureId":"a-024-7b8c0b299a","name":"132 kV 전력선 구간","kind":"transmission","kindLabel":"고압 송전선","sourceYear":"2026","recordIds":["bgd-v162-a-024-entity-00432"],"rowCount":1,"voltageKv":132,"lengthKm":0.0606},"geometry":{"type":"Point","coordinates":[90.1970628,24.0929746]}},{"type":"Feature","id":"a-024-b7f635e764","properties":{"elementId":"A-024","featureId":"a-024-b7f635e764","name":"132 kV 전력선 구간","kind":"transmission","kindLabel":"고압 송전선","sourceYear":"2026","recordIds":["bgd-v162-a-024-entity-00435","bgd-v162-a-024-entity-00446"],"rowCount":2,"voltageKv":132},"geometry":{"type":"Point","coordinates":[90.1973641,24.0924523]}},{"type":"Feature","id":"a-024-72bab2cfbf","properties":{"elementId":"A-024","featureId":"a-024-72bab2cfbf","name":"132 kV 전력선 구간","kind":"transmission","kindLabel":"고압 송전선","sourceYear":"2026","recordIds":["bgd-v162-a-024-entity-00481"],"rowCount":1,"voltageKv":132,"lengthKm":10.1184},"geometry":{"type":"Point","coordinates":[90.2052577,24.0255565]}},{"type":"Feature","id":"a-024-ea6ef470e4","properties":{"elementId":"A-024","featureId":"a-024-ea6ef470e4","name":"132 kV 전력선 구간","kind":"transmission","kindLabel":"고압 송전선","sourceYear":"2026","recordIds":["bgd-v162-a-024-entity-00724"],"rowCount":1,"voltageKv":132,"lengthKm":50.2231},"geometry":{"type":"Point","coordinates":[90.2065167,22.3715026]}},{"type":"Feature","id":"a-024-327a656dc5","properties":{"elementId":"A-024","featureId":"a-024-327a656dc5","name":"132 kV 전력선 구간","kind":"transmission","kindLabel":"고압 송전선","sourceYear":"2026","recordIds":["bgd-v162-a-024-entity-00725"],"rowCount":1,"voltageKv":132,"lengthKm":50.4185},"geometry":{"type":"Point","coordinates":[90.2408637,22.950299]}},{"type":"Feature","id":"a-024-33f082b8c1","properties":{"elementId":"A-024","featureId":"a-024-33f082b8c1","name":"132 kV 전력선 구간","kind":"transmission","kindLabel":"고압 송전선","sourceYear":"2026","recordIds":["bgd-v162-a-024-entity-00507"],"rowCount":1,"voltageKv":132,"lengthKm":26.9159},"geometry":{"type":"Point","coordinates":[90.2432536,23.6457699]}},{"type":"Feature","id":"a-024-bb36d1ec6b","properties":{"elementId":"A-024","featureId":"a-024-bb36d1ec6b","name":"132 kV 전력선 구간","kind":"transmission","kindLabel":"고압 송전선","sourceYear":"2026","recordIds":["bgd-v162-a-024-entity-00490"],"rowCount":1,"voltageKv":132,"lengthKm":14.7352},"geometry":{"type":"Point","coordinates":[90.2432722,23.7699081]}},{"type":"Feature","id":"a-024-1f5b1a6cd0","properties":{"elementId":"A-024","featureId":"a-024-1f5b1a6cd0","name":"132 kV 전력선 구간","kind":"transmission","kindLabel":"고압 송전선","sourceYear":"2026","recordIds":["bgd-v162-a-024-entity-00501"],"rowCount":1,"voltageKv":132,"lengthKm":21.6321},"geometry":{"type":"Point","coordinates":[90.2447302,23.1570223]}},{"type":"Feature","id":"a-024-eeff80362d","properties":{"elementId":"A-024","featureId":"a-024-eeff80362d","name":"132 kV 전력선 구간","kind":"transmission","kindLabel":"고압 송전선","sourceYear":"2026","recordIds":["bgd-v162-a-024-entity-00534"],"rowCount":1,"voltageKv":132,"lengthKm":8.493},"geometry":{"type":"Point","coordinates":[90.2974598,23.993419]}},{"type":"Feature","id":"a-024-f319cea630","properties":{"elementId":"A-024","featureId":"a-024-f319cea630","name":"132 kV 전력선 구간","kind":"transmission","kindLabel":"고압 송전선","sourceYear":"2026","recordIds":["bgd-v162-a-024-entity-00718"],"rowCount":1,"voltageKv":132,"lengthKm":0.2},"geometry":{"type":"Point","coordinates":[90.310282,22.7514824]}},{"type":"Feature","id":"a-024-ef51da1be7","properties":{"elementId":"A-024","featureId":"a-024-ef51da1be7","name":"132 kV 전력선 구간","kind":"transmission","kindLabel":"고압 송전선","sourceYear":"2026","recordIds":["bgd-v162-a-024-entity-00425"],"rowCount":1,"voltageKv":132,"lengthKm":0.0423},"geometry":{"type":"Point","coordinates":[90.3163672,23.7867504]}},{"type":"Feature","id":"a-024-04c7a46b2f","properties":{"elementId":"A-024","featureId":"a-024-04c7a46b2f","name":"132 kV 전력선 구간","kind":"transmission","kindLabel":"고압 송전선","sourceYear":"2026","recordIds":["bgd-v162-a-024-entity-00460"],"rowCount":1,"voltageKv":132,"lengthKm":0.1674},"geometry":{"type":"Point","coordinates":[90.3164452,23.7872817]}},{"type":"Feature","id":"a-024-d26f90128e","properties":{"elementId":"A-024","featureId":"a-024-d26f90128e","name":"132 kV 전력선 구간","kind":"transmission","kindLabel":"고압 송전선","sourceYear":"2026","recordIds":["bgd-v162-a-024-entity-00434"],"rowCount":1,"voltageKv":132,"lengthKm":0.0609},"geometry":{"type":"Point","coordinates":[90.3164766,23.7874927]}},{"type":"Feature","id":"a-024-d52fbf2337","properties":{"elementId":"A-024","featureId":"a-024-d52fbf2337","name":"132 kV 전력선 구간","kind":"transmission","kindLabel":"고압 송전선","sourceYear":"2026","recordIds":["bgd-v162-a-024-entity-00431"],"rowCount":1,"voltageKv":132,"lengthKm":0.0604},"geometry":{"type":"Point","coordinates":[90.3164925,23.7876008]}},{"type":"Feature","id":"a-024-5d079b9b69","properties":{"elementId":"A-024","featureId":"a-024-5d079b9b69","name":"132 kV 전력선 구간","kind":"transmission","kindLabel":"고압 송전선","sourceYear":"2026","recordIds":["bgd-v162-a-024-entity-00426"],"rowCount":1,"voltageKv":132,"lengthKm":0.0449},"geometry":{"type":"Point","coordinates":[90.316503,23.7868348]}},{"type":"Feature","id":"a-024-096a81c84a","properties":{"elementId":"A-024","featureId":"a-024-096a81c84a","name":"132 kV 전력선 구간","kind":"transmission","kindLabel":"고압 송전선","sourceYear":"2026","recordIds":["bgd-v162-a-024-entity-00448"],"rowCount":1,"voltageKv":132,"lengthKm":0.1005},"geometry":{"type":"Point","coordinates":[90.3165365,23.7870611]}},{"type":"Feature","id":"a-024-4124350542","properties":{"elementId":"A-024","featureId":"a-024-4124350542","name":"132 kV 전력선 구간","kind":"transmission","kindLabel":"고압 송전선","sourceYear":"2026","recordIds":["bgd-v162-a-024-entity-00459"],"rowCount":1,"voltageKv":132,"lengthKm":0.1674},"geometry":{"type":"Point","coordinates":[90.3165666,23.7872651]}},{"type":"Feature","id":"a-024-1be77c15e8","properties":{"elementId":"A-024","featureId":"a-024-1be77c15e8","name":"132 kV 전력선 구간","kind":"transmission","kindLabel":"고압 송전선","sourceYear":"2026","recordIds":["bgd-v162-a-024-entity-00439"],"rowCount":1,"voltageKv":132,"lengthKm":0.0666},"geometry":{"type":"Point","coordinates":[90.3165825,23.7873724]}},{"type":"Feature","id":"a-024-3fa928b30a","properties":{"elementId":"A-024","featureId":"a-024-3fa928b30a","name":"132 kV 전력선 구간","kind":"transmission","kindLabel":"고압 송전선","sourceYear":"2026","recordIds":["bgd-v162-a-024-entity-00438"],"rowCount":1,"voltageKv":132,"lengthKm":0.0663},"geometry":{"type":"Point","coordinates":[90.3166612,23.78791]}},{"type":"Feature","id":"a-024-7b4d149e20","properties":{"elementId":"A-024","featureId":"a-024-7b4d149e20","name":"132 kV 전력선 구간","kind":"transmission","kindLabel":"고압 송전선","sourceYear":"2026","recordIds":["bgd-v162-a-024-entity-00447"],"rowCount":1,"voltageKv":132,"lengthKm":0.0975},"geometry":{"type":"Point","coordinates":[90.3167576,23.7869235]}},{"type":"Feature","id":"a-024-e935e9e7ae","properties":{"elementId":"A-024","featureId":"a-024-e935e9e7ae","name":"132 kV 전력선 구간","kind":"transmission","kindLabel":"고압 송전선","sourceYear":"2026","recordIds":["bgd-v162-a-024-entity-00440"],"rowCount":1,"voltageKv":132,"lengthKm":0.0685},"geometry":{"type":"Point","coordinates":[90.3167929,23.7872347]}},{"type":"Feature","id":"a-024-f6c0bdc920","properties":{"elementId":"A-024","featureId":"a-024-f6c0bdc920","name":"132 kV 전력선 구간","kind":"transmission","kindLabel":"고압 송전선","sourceYear":"2026","recordIds":["bgd-v162-a-024-entity-00437"],"rowCount":1,"voltageKv":132,"lengthKm":0.064},"geometry":{"type":"Point","coordinates":[90.3168783,23.7879936]}},{"type":"Feature","id":"a-024-bd7f5344fb","properties":{"elementId":"A-024","featureId":"a-024-bd7f5344fb","name":"132 kV 전력선 구간","kind":"transmission","kindLabel":"고압 송전선","sourceYear":"2026","recordIds":["bgd-v162-a-024-entity-00525"],"rowCount":1,"voltageKv":132,"lengthKm":5.8665},"geometry":{"type":"Point","coordinates":[90.3225142,23.764444]}},{"type":"Feature","id":"a-024-877c7e7179","properties":{"elementId":"A-024","featureId":"a-024-877c7e7179","name":"132 kV 전력선 구간","kind":"transmission","kindLabel":"고압 송전선","sourceYear":"2026","recordIds":["bgd-v162-a-024-entity-00727"],"rowCount":1,"voltageKv":132,"lengthKm":9.1437},"geometry":{"type":"Point","coordinates":[90.3278445,22.7131502]}},{"type":"Feature","id":"a-024-8b68c09fa4","properties":{"elementId":"A-024","featureId":"a-024-8b68c09fa4","name":"132 kV 전력선 구간","kind":"transmission","kindLabel":"고압 송전선","sourceYear":"2026","recordIds":["bgd-v162-a-024-entity-00512"],"rowCount":1,"voltageKv":132,"lengthKm":3.8603},"geometry":{"type":"Point","coordinates":[90.330323,23.7789482]}},{"type":"Feature","id":"a-024-25c521063c","properties":{"elementId":"A-024","featureId":"a-024-25c521063c","name":"132 kV 전력선 구간","kind":"transmission","kindLabel":"고압 송전선","sourceYear":"2026","recordIds":["bgd-v162-a-024-entity-00493"],"rowCount":1,"voltageKv":132,"lengthKm":15.9093},"geometry":{"type":"Point","coordinates":[90.3315465,23.595749]}},{"type":"Feature","id":"a-024-5501332c90","properties":{"elementId":"A-024","featureId":"a-024-5501332c90","name":"132 kV 전력선 구간","kind":"transmission","kindLabel":"고압 송전선","sourceYear":"2026","recordIds":["bgd-v162-a-024-entity-00466"],"rowCount":1,"voltageKv":132,"lengthKm":0.5436},"geometry":{"type":"Point","coordinates":[90.3350991,23.9899137]}},{"type":"Feature","id":"a-024-9e1df6391c","properties":{"elementId":"A-024","featureId":"a-024-9e1df6391c","name":"132 kV 전력선 구간","kind":"transmission","kindLabel":"고압 송전선","sourceYear":"2026","recordIds":["bgd-v162-a-024-entity-00721"],"rowCount":1,"voltageKv":132,"lengthKm":38.4907},"geometry":{"type":"Point","coordinates":[90.3369847,22.5300204]}},{"type":"Feature","id":"a-024-2ef6e5cfbe","properties":{"elementId":"A-024","featureId":"a-024-2ef6e5cfbe","name":"132 kV 전력선 구간","kind":"transmission","kindLabel":"고압 송전선","sourceYear":"2026","recordIds":["bgd-v162-a-024-entity-00513"],"rowCount":1,"voltageKv":132,"lengthKm":3.9488},"geometry":{"type":"Point","coordinates":[90.3371203,23.666158]}},{"type":"Feature","id":"a-024-b442e71e82","properties":{"elementId":"A-024","featureId":"a-024-b442e71e82","name":"132 kV 전력선 구간","kind":"transmission","kindLabel":"고압 송전선","sourceYear":"2026","recordIds":["bgd-v162-a-024-entity-00532"],"rowCount":1,"voltageKv":132,"lengthKm":6.9003},"geometry":{"type":"Point","coordinates":[90.3379215,23.8148511]}},{"type":"Feature","id":"a-024-5a9da9cbac","properties":{"elementId":"A-024","featureId":"a-024-5a9da9cbac","name":"132 kV 전력선 구간","kind":"transmission","kindLabel":"고압 송전선","sourceYear":"2026","recordIds":["bgd-v162-a-024-entity-00497"],"rowCount":1,"voltageKv":132,"lengthKm":2.7736},"geometry":{"type":"Point","coordinates":[90.3405681,23.6956796]}},{"type":"Feature","id":"a-024-0a774ec16a","properties":{"elementId":"A-024","featureId":"a-024-0a774ec16a","name":"132 kV 전력선 구간","kind":"transmission","kindLabel":"고압 송전선","sourceYear":"2026","recordIds":["bgd-v162-a-024-entity-00502"],"rowCount":1,"voltageKv":132,"lengthKm":21.9968},"geometry":{"type":"Point","coordinates":[90.3419781,23.9401142]}},{"type":"Feature","id":"a-024-32eb88aa42","properties":{"elementId":"A-024","featureId":"a-024-32eb88aa42","name":"132 kV 전력선 구간","kind":"transmission","kindLabel":"고압 송전선","sourceYear":"2026","recordIds":["bgd-v162-a-024-entity-00720"],"rowCount":1,"voltageKv":132,"lengthKm":2.0699},"geometry":{"type":"Point","coordinates":[90.3421369,22.6655756]}},{"type":"Feature","id":"a-024-2ebfa8350a","properties":{"elementId":"A-024","featureId":"a-024-2ebfa8350a","name":"132 kV 전력선 구간","kind":"transmission","kindLabel":"고압 송전선","sourceYear":"2026","recordIds":["bgd-v162-a-024-entity-00487"],"rowCount":1,"voltageKv":132,"lengthKm":13.4638},"geometry":{"type":"Point","coordinates":[90.3441028,23.735705]}},{"type":"Feature","id":"a-024-0136a1c960","properties":{"elementId":"A-024","featureId":"a-024-0136a1c960","name":"132 kV 전력선 구간","kind":"transmission","kindLabel":"고압 송전선","sourceYear":"2026","recordIds":["bgd-v162-a-024-entity-00441"],"rowCount":1,"voltageKv":132,"lengthKm":0.0739},"geometry":{"type":"Point","coordinates":[90.3471747,23.7819587]}},{"type":"Feature","id":"a-024-d51e6d85af","properties":{"elementId":"A-024","featureId":"a-024-d51e6d85af","name":"132 kV 전력선 구간","kind":"transmission","kindLabel":"고압 송전선","sourceYear":"2026","recordIds":["bgd-v162-a-024-entity-00442"],"rowCount":1,"voltageKv":132,"lengthKm":0.0747},"geometry":{"type":"Point","coordinates":[90.3472644,23.7820976]}},{"type":"Feature","id":"a-024-3f411f4e76","properties":{"elementId":"A-024","featureId":"a-024-3f411f4e76","name":"132 kV 전력선 구간","kind":"transmission","kindLabel":"고압 송전선","sourceYear":"2026","recordIds":["bgd-v162-a-024-entity-00452"],"rowCount":1,"voltageKv":132,"lengthKm":0.1071},"geometry":{"type":"Point","coordinates":[90.3473726,23.7820995]}},{"type":"Feature","id":"a-024-37d879a036","properties":{"elementId":"A-024","featureId":"a-024-37d879a036","name":"132 kV 전력선 구간","kind":"transmission","kindLabel":"고압 송전선","sourceYear":"2026","recordIds":["bgd-v162-a-024-entity-00436"],"rowCount":1,"voltageKv":132,"lengthKm":0.0614},"geometry":{"type":"Point","coordinates":[90.3474692,23.7822123]}},{"type":"Feature","id":"a-024-4c038c258a","properties":{"elementId":"A-024","featureId":"a-024-4c038c258a","name":"132 kV 전력선 구간","kind":"transmission","kindLabel":"고압 송전선","sourceYear":"2026","recordIds":["bgd-v162-a-024-entity-00433","bgd-v162-a-024-entity-00453"],"rowCount":2,"voltageKv":132},"geometry":{"type":"Point","coordinates":[90.3474718,23.7821013]}},{"type":"Feature","id":"a-024-d3c6c1a84e","properties":{"elementId":"A-024","featureId":"a-024-d3c6c1a84e","name":"132 kV 전력선 구간","kind":"transmission","kindLabel":"고압 송전선","sourceYear":"2026","recordIds":["bgd-v162-a-024-entity-00463"],"rowCount":1,"voltageKv":132,"lengthKm":0.2778},"geometry":{"type":"Point","coordinates":[90.3474786,23.650507]}},{"type":"Feature","id":"a-024-396299401e","properties":{"elementId":"A-024","featureId":"a-024-396299401e","name":"132 kV 전력선 구간","kind":"transmission","kindLabel":"고압 송전선","sourceYear":"2026","recordIds":["bgd-v162-a-024-entity-00423"],"rowCount":1,"voltageKv":132,"lengthKm":0.0124},"geometry":{"type":"Point","coordinates":[90.3475711,23.782215]}},{"type":"Feature","id":"a-024-f7ebfd9454","properties":{"elementId":"A-024","featureId":"a-024-f7ebfd9454","name":"132 kV 전력선 구간","kind":"transmission","kindLabel":"고압 송전선","sourceYear":"2026","recordIds":["bgd-v162-a-024-entity-00424"],"rowCount":1,"voltageKv":132,"lengthKm":0.0125},"geometry":{"type":"Point","coordinates":[90.3476945,23.7822182]}},{"type":"Feature","id":"a-024-78f7faca86","properties":{"elementId":"A-024","featureId":"a-024-78f7faca86","name":"132 kV 전력선 구간","kind":"transmission","kindLabel":"고압 송전선","sourceYear":"2026","recordIds":["bgd-v162-a-024-entity-00472"],"rowCount":1,"voltageKv":132,"lengthKm":1.085},"geometry":{"type":"Point","coordinates":[90.352184,23.8692661]}},{"type":"Feature","id":"a-024-4ddd0d789a","properties":{"elementId":"A-024","featureId":"a-024-4ddd0d789a","name":"132 kV 전력선 구간","kind":"transmission","kindLabel":"고압 송전선","sourceYear":"2026","recordIds":["bgd-v162-a-024-entity-00495"],"rowCount":1,"voltageKv":132,"lengthKm":2.3269},"geometry":{"type":"Point","coordinates":[90.3546113,23.6850545]}},{"type":"Feature","id":"a-024-fbf59f2998","properties":{"elementId":"A-024","featureId":"a-024-fbf59f2998","name":"132 kV 전력선 구간","kind":"transmission","kindLabel":"고압 송전선","sourceYear":"2026","recordIds":["bgd-v162-a-024-entity-00524"],"rowCount":1,"voltageKv":132,"lengthKm":5.637},"geometry":{"type":"Point","coordinates":[90.3554602,23.7227565]}},{"type":"Feature","id":"a-024-f86c9bdfcc","properties":{"elementId":"A-024","featureId":"a-024-f86c9bdfcc","name":"132 kV 전력선 구간","kind":"transmission","kindLabel":"고압 송전선","sourceYear":"2026","recordIds":["bgd-v162-a-024-entity-00467"],"rowCount":1,"voltageKv":132,"lengthKm":0.5945},"geometry":{"type":"Point","coordinates":[90.3562153,23.7211624]}},{"type":"Feature","id":"a-024-1703548818","properties":{"elementId":"A-024","featureId":"a-024-1703548818","name":"132 kV 전력선 구간","kind":"transmission","kindLabel":"고압 송전선","sourceYear":"2026","recordIds":["bgd-v162-a-024-entity-00496"],"rowCount":1,"voltageKv":132,"lengthKm":2.7184},"geometry":{"type":"Point","coordinates":[90.3565437,23.8388567]}},{"type":"Feature","id":"a-024-8ffe87d860","properties":{"elementId":"A-024","featureId":"a-024-8ffe87d860","name":"132 kV 전력선 구간","kind":"transmission","kindLabel":"고압 송전선","sourceYear":"2026","recordIds":["bgd-v162-a-024-entity-00456"],"rowCount":1,"voltageKv":132,"lengthKm":0.1226},"geometry":{"type":"Point","coordinates":[90.3593514,23.8299627]}},{"type":"Feature","id":"a-024-a4ed882f0f","properties":{"elementId":"A-024","featureId":"a-024-a4ed882f0f","name":"132 kV 전력선 구간","kind":"transmission","kindLabel":"고압 송전선","sourceYear":"2026","recordIds":["bgd-v162-a-024-entity-00443"],"rowCount":1,"voltageKv":132,"lengthKm":0.0804},"geometry":{"type":"Point","coordinates":[90.3593621,23.8301295]}},{"type":"Feature","id":"a-024-1e97562163","properties":{"elementId":"A-024","featureId":"a-024-1e97562163","name":"132 kV 전력선 구간","kind":"transmission","kindLabel":"고압 송전선","sourceYear":"2026","recordIds":["bgd-v162-a-024-entity-00445"],"rowCount":1,"voltageKv":132,"lengthKm":0.0846},"geometry":{"type":"Point","coordinates":[90.3593809,23.8305984]}},{"type":"Feature","id":"a-024-507a594207","properties":{"elementId":"A-024","featureId":"a-024-507a594207","name":"132 kV 전력선 구간","kind":"transmission","kindLabel":"고압 송전선","sourceYear":"2026","recordIds":["bgd-v162-a-024-entity-00444"],"rowCount":1,"voltageKv":132,"lengthKm":0.0839},"geometry":{"type":"Point","coordinates":[90.3593811,23.8307463]}},{"type":"Feature","id":"a-024-1cafce76e5","properties":{"elementId":"A-024","featureId":"a-024-1cafce76e5","name":"132 kV 전력선 구간","kind":"transmission","kindLabel":"고압 송전선","sourceYear":"2026","recordIds":["bgd-v162-a-024-entity-00455"],"rowCount":1,"voltageKv":132,"lengthKm":0.1205},"geometry":{"type":"Point","coordinates":[90.359611,23.8305986]}},{"type":"Feature","id":"a-024-7ffa978603","properties":{"elementId":"A-024","featureId":"a-024-7ffa978603","name":"132 kV 전력선 구간","kind":"transmission","kindLabel":"고압 송전선","sourceYear":"2026","recordIds":["bgd-v162-a-024-entity-00519"],"rowCount":1,"voltageKv":132,"lengthKm":4.5527},"geometry":{"type":"Point","coordinates":[90.361021,23.698989]}},{"type":"Feature","id":"a-024-6c34b0d6f9","properties":{"elementId":"A-024","featureId":"a-024-6c34b0d6f9","name":"132 kV 전력선 구간","kind":"transmission","kindLabel":"고압 송전선","sourceYear":"2026","recordIds":["bgd-v162-a-024-entity-00760"],"rowCount":1,"voltageKv":132,"lengthKm":22.3552},"geometry":{"type":"Point","coordinates":[90.362193,24.3070083]}},{"type":"Feature","id":"a-024-58213c99cb","properties":{"elementId":"A-024","featureId":"a-024-58213c99cb","name":"132 kV 전력선 구간","kind":"transmission","kindLabel":"고압 송전선","sourceYear":"2026","recordIds":["bgd-v162-a-024-entity-00498"],"rowCount":1,"voltageKv":132,"lengthKm":2.9315},"geometry":{"type":"Point","coordinates":[90.3669765,23.876665]}},{"type":"Feature","id":"a-024-1e0d84143d","properties":{"elementId":"A-024","featureId":"a-024-1e0d84143d","name":"132 kV 전력선 구간","kind":"transmission","kindLabel":"고압 송전선","sourceYear":"2026","recordIds":["bgd-v162-a-024-entity-00528"],"rowCount":1,"voltageKv":132,"lengthKm":6.514},"geometry":{"type":"Point","coordinates":[90.3683143,24.0035368]}},{"type":"Feature","id":"a-024-d1a00c8399","properties":{"elementId":"A-024","featureId":"a-024-d1a00c8399","name":"132 kV 전력선 구간","kind":"transmission","kindLabel":"고압 송전선","sourceYear":"2026","recordIds":["bgd-v162-a-024-entity-00486"],"rowCount":1,"voltageKv":132,"lengthKm":11.8563},"geometry":{"type":"Point","coordinates":[90.3749106,23.9140095]}},{"type":"Feature","id":"a-024-5eb990e818","properties":{"elementId":"A-024","featureId":"a-024-5eb990e818","name":"132 kV 전력선 구간","kind":"transmission","kindLabel":"고압 송전선","sourceYear":"2026","recordIds":["bgd-v162-a-024-entity-00530"],"rowCount":1,"voltageKv":132,"lengthKm":6.7876},"geometry":{"type":"Point","coordinates":[90.3971889,23.6857161]}},{"type":"Feature","id":"a-024-ac2a83cbee","properties":{"elementId":"A-024","featureId":"a-024-ac2a83cbee","name":"132 kV 전력선 구간","kind":"transmission","kindLabel":"고압 송전선","sourceYear":"2026","recordIds":["bgd-v162-a-024-entity-00505"],"rowCount":1,"voltageKv":132,"lengthKm":24.9745},"geometry":{"type":"Point","coordinates":[90.4034525,24.0504418]}},{"type":"Feature","id":"a-024-972dfd03b9","properties":{"elementId":"A-024","featureId":"a-024-972dfd03b9","name":"132 kV 전력선 구간","kind":"transmission","kindLabel":"고압 송전선","sourceYear":"2026","recordIds":["bgd-v162-a-024-entity-00766"],"rowCount":1,"voltageKv":132,"lengthKm":43.1806},"geometry":{"type":"Point","coordinates":[90.4040514,24.5522139]}},{"type":"Feature","id":"a-024-7287c332d5","properties":{"elementId":"A-024","featureId":"a-024-7287c332d5","name":"132 kV 전력선 구간","kind":"transmission","kindLabel":"고압 송전선","sourceYear":"2026","recordIds":["bgd-v162-a-024-entity-00450"],"rowCount":1,"voltageKv":132,"lengthKm":0.1065},"geometry":{"type":"Point","coordinates":[90.4132906,23.8974618]}},{"type":"Feature","id":"a-024-a8cdcd4789","properties":{"elementId":"A-024","featureId":"a-024-a8cdcd4789","name":"132 kV 전력선 구간","kind":"transmission","kindLabel":"고압 송전선","sourceYear":"2026","recordIds":["bgd-v162-a-024-entity-00451"],"rowCount":1,"voltageKv":132,"lengthKm":0.1066},"geometry":{"type":"Point","coordinates":[90.4133389,23.89781]}},{"type":"Feature","id":"a-024-b6d64d513c","properties":{"elementId":"A-024","featureId":"a-024-b6d64d513c","name":"132 kV 전력선 구간","kind":"transmission","kindLabel":"고압 송전선","sourceYear":"2026","recordIds":["bgd-v162-a-024-entity-00449"],"rowCount":1,"voltageKv":132,"lengthKm":0.1054},"geometry":{"type":"Point","coordinates":[90.4133711,23.8979375]}},{"type":"Feature","id":"a-024-581b782634","properties":{"elementId":"A-024","featureId":"a-024-581b782634","name":"132 kV 전력선 구간","kind":"transmission","kindLabel":"고압 송전선","sourceYear":"2026","recordIds":["bgd-v162-a-024-entity-00470"],"rowCount":1,"voltageKv":132,"lengthKm":0.8166},"geometry":{"type":"Point","coordinates":[90.4159416,23.765048]}},{"type":"Feature","id":"a-024-cbd8476595","properties":{"elementId":"A-024","featureId":"a-024-cbd8476595","name":"132 kV 전력선 구간","kind":"transmission","kindLabel":"고압 송전선","sourceYear":"2026","recordIds":["bgd-v162-a-024-entity-00765"],"rowCount":1,"voltageKv":132,"lengthKm":4.3764},"geometry":{"type":"Point","coordinates":[90.4308807,24.7455]}},{"type":"Feature","id":"a-024-96318e0f27","properties":{"elementId":"A-024","featureId":"a-024-96318e0f27","name":"132 kV 전력선 구간","kind":"transmission","kindLabel":"고압 송전선","sourceYear":"2026","recordIds":["bgd-v162-a-024-entity-00764"],"rowCount":1,"voltageKv":132,"lengthKm":4.1155},"geometry":{"type":"Point","coordinates":[90.4381171,24.7407591]}},{"type":"Feature","id":"a-024-7e3d3f5258","properties":{"elementId":"A-024","featureId":"a-024-7e3d3f5258","name":"132 kV 전력선 구간","kind":"transmission","kindLabel":"고압 송전선","sourceYear":"2026","recordIds":["bgd-v162-a-024-entity-00533"],"rowCount":1,"voltageKv":132,"lengthKm":7.9115},"geometry":{"type":"Point","coordinates":[90.4452668,23.6521924]}},{"type":"Feature","id":"a-024-ee728ca7a4","properties":{"elementId":"A-024","featureId":"a-024-ee728ca7a4","name":"132 kV 전력선 구간","kind":"transmission","kindLabel":"고압 송전선","sourceYear":"2026","recordIds":["bgd-v162-a-024-entity-00430"],"rowCount":1,"voltageKv":132,"lengthKm":0.0566},"geometry":{"type":"Point","coordinates":[90.4487861,23.6736516]}},{"type":"Feature","id":"a-024-bab6274019","properties":{"elementId":"A-024","featureId":"a-024-bab6274019","name":"132 kV 전력선 구간","kind":"transmission","kindLabel":"고압 송전선","sourceYear":"2026","recordIds":["bgd-v162-a-024-entity-00464"],"rowCount":1,"voltageKv":132,"lengthKm":0.3161},"geometry":{"type":"Point","coordinates":[90.4529473,23.6372831]}},{"type":"Feature","id":"a-024-f6fe2234fb","properties":{"elementId":"A-024","featureId":"a-024-f6fe2234fb","name":"132 kV 전력선 구간","kind":"transmission","kindLabel":"고압 송전선","sourceYear":"2026","recordIds":["bgd-v162-a-024-entity-00509"],"rowCount":1,"voltageKv":132,"lengthKm":3.2801},"geometry":{"type":"Point","coordinates":[90.4544735,23.7237045]}},{"type":"Feature","id":"a-024-4f975a1dd6","properties":{"elementId":"A-024","featureId":"a-024-4f975a1dd6","name":"132 kV 전력선 구간","kind":"transmission","kindLabel":"고압 송전선","sourceYear":"2026","recordIds":["bgd-v162-a-024-entity-00499"],"rowCount":1,"voltageKv":132,"lengthKm":20.3899},"geometry":{"type":"Point","coordinates":[90.4559555,24.1755699]}},{"type":"Feature","id":"a-024-d8c4c6058a","properties":{"elementId":"A-024","featureId":"a-024-d8c4c6058a","name":"132 kV 전력선 구간","kind":"transmission","kindLabel":"고압 송전선","sourceYear":"2026","recordIds":["bgd-v162-a-024-entity-00758"],"rowCount":1,"voltageKv":132,"lengthKm":0.7863},"geometry":{"type":"Point","coordinates":[90.4582848,24.7525172]}},{"type":"Feature","id":"a-024-1c6e930522","properties":{"elementId":"A-024","featureId":"a-024-1c6e930522","name":"132 kV 전력선 구간","kind":"transmission","kindLabel":"고압 송전선","sourceYear":"2026","recordIds":["bgd-v162-a-024-entity-00492"],"rowCount":1,"voltageKv":132,"lengthKm":15.0638},"geometry":{"type":"Point","coordinates":[90.4703621,23.7235327]}},{"type":"Feature","id":"a-024-8644aa2efb","properties":{"elementId":"A-024","featureId":"a-024-8644aa2efb","name":"132 kV 전력선 구간","kind":"transmission","kindLabel":"고압 송전선","sourceYear":"2026","recordIds":["bgd-v162-a-024-entity-00488"],"rowCount":1,"voltageKv":132,"lengthKm":13.6437},"geometry":{"type":"Point","coordinates":[90.4881299,23.7193909]}},{"type":"Feature","id":"a-024-b2a1fa371d","properties":{"elementId":"A-024","featureId":"a-024-b2a1fa371d","name":"132 kV 전력선 구간","kind":"transmission","kindLabel":"고압 송전선","sourceYear":"2026","recordIds":["bgd-v162-a-024-entity-00483"],"rowCount":1,"voltageKv":132,"lengthKm":11.0421},"geometry":{"type":"Point","coordinates":[90.4885552,23.6556437]}},{"type":"Feature","id":"a-024-539d6af12e","properties":{"elementId":"A-024","featureId":"a-024-539d6af12e","name":"132 kV 전력선 구간","kind":"transmission","kindLabel":"고압 송전선","sourceYear":"2026","recordIds":["bgd-v162-a-024-entity-00529"],"rowCount":1,"voltageKv":132,"lengthKm":6.7106},"geometry":{"type":"Point","coordinates":[90.4888267,23.5979352]}},{"type":"Feature","id":"a-024-32d04e46c1","properties":{"elementId":"A-024","featureId":"a-024-32d04e46c1","name":"132 kV 전력선 구간","kind":"transmission","kindLabel":"고압 송전선","sourceYear":"2026","recordIds":["bgd-v162-a-024-entity-00527"],"rowCount":1,"voltageKv":132,"lengthKm":6.2403},"geometry":{"type":"Point","coordinates":[90.4889276,23.7086859]}},{"type":"Feature","id":"a-024-ca50b1d4a3","properties":{"elementId":"A-024","featureId":"a-024-ca50b1d4a3","name":"132 kV 전력선 구간","kind":"transmission","kindLabel":"고압 송전선","sourceYear":"2026","recordIds":["bgd-v162-a-024-entity-00508"],"rowCount":1,"voltageKv":132,"lengthKm":28.2547},"geometry":{"type":"Point","coordinates":[90.4912293,23.9592999]}},{"type":"Feature","id":"a-024-a2f78db1cd","properties":{"elementId":"A-024","featureId":"a-024-a2f78db1cd","name":"132 kV 전력선 구간","kind":"transmission","kindLabel":"고압 송전선","sourceYear":"2026","recordIds":["bgd-v162-a-024-entity-00762"],"rowCount":1,"voltageKv":132,"lengthKm":29.2481},"geometry":{"type":"Point","coordinates":[90.4962875,24.3656236]}},{"type":"Feature","id":"a-024-aa93a5b96e","properties":{"elementId":"A-024","featureId":"a-024-aa93a5b96e","name":"132 kV 전력선 구간","kind":"transmission","kindLabel":"고압 송전선","sourceYear":"2026","recordIds":["bgd-v162-a-024-entity-00521"],"rowCount":1,"voltageKv":132,"lengthKm":4.8744},"geometry":{"type":"Point","coordinates":[90.5043178,23.6691933]}},{"type":"Feature","id":"a-024-b847b1505a","properties":{"elementId":"A-024","featureId":"a-024-b847b1505a","name":"132 kV 전력선 구간","kind":"transmission","kindLabel":"고압 송전선","sourceYear":"2026","recordIds":["bgd-v162-a-024-entity-00469"],"rowCount":1,"voltageKv":132,"lengthKm":0.725},"geometry":{"type":"Point","coordinates":[90.5103377,23.6838189]}},{"type":"Feature","id":"a-024-3f8603a926","properties":{"elementId":"A-024","featureId":"a-024-3f8603a926","name":"132 kV 전력선 구간","kind":"transmission","kindLabel":"고압 송전선","sourceYear":"2026","recordIds":["bgd-v162-a-024-entity-00484"],"rowCount":1,"voltageKv":132,"lengthKm":11.407},"geometry":{"type":"Point","coordinates":[90.535487,23.6392659]}},{"type":"Feature","id":"a-024-d997d63840","properties":{"elementId":"A-024","featureId":"a-024-d997d63840","name":"132 kV 전력선 구간","kind":"transmission","kindLabel":"고압 송전선","sourceYear":"2026","recordIds":["bgd-v162-a-024-entity-00763"],"rowCount":1,"voltageKv":132,"lengthKm":33.916},"geometry":{"type":"Point","coordinates":[90.5388725,24.8310499]}},{"type":"Feature","id":"a-024-4664e919ef","properties":{"elementId":"A-024","featureId":"a-024-4664e919ef","name":"132 kV 전력선 구간","kind":"transmission","kindLabel":"고압 송전선","sourceYear":"2026","recordIds":["bgd-v162-a-024-entity-00520"],"rowCount":1,"voltageKv":132,"lengthKm":4.7826},"geometry":{"type":"Point","coordinates":[90.5436099,23.7062075]}},{"type":"Feature","id":"a-024-d09e9d84c8","properties":{"elementId":"A-024","featureId":"a-024-d09e9d84c8","name":"132 kV 전력선 구간","kind":"transmission","kindLabel":"고압 송전선","sourceYear":"2026","recordIds":["bgd-v162-a-024-entity-00510"],"rowCount":1,"voltageKv":132,"lengthKm":3.4334},"geometry":{"type":"Point","coordinates":[90.5694598,23.6233625]}},{"type":"Feature","id":"a-024-571c7ec895","properties":{"elementId":"A-024","featureId":"a-024-571c7ec895","name":"132 kV 전력선 구간","kind":"transmission","kindLabel":"고압 송전선","sourceYear":"2026","recordIds":["bgd-v162-a-024-entity-00480"],"rowCount":1,"voltageKv":132,"lengthKm":10.0854},"geometry":{"type":"Point","coordinates":[90.5712655,23.6787522]}},{"type":"Feature","id":"a-024-7920e0679f","properties":{"elementId":"A-024","featureId":"a-024-7920e0679f","name":"132 kV 전력선 구간","kind":"transmission","kindLabel":"고압 송전선","sourceYear":"2026","recordIds":["bgd-v162-a-024-entity-00478"],"rowCount":1,"voltageKv":132,"lengthKm":1.6042},"geometry":{"type":"Point","coordinates":[90.5834358,23.6378464]}},{"type":"Feature","id":"a-024-618ca6c94a","properties":{"elementId":"A-024","featureId":"a-024-618ca6c94a","name":"132 kV 전력선 구간","kind":"transmission","kindLabel":"고압 송전선","sourceYear":"2026","recordIds":["bgd-v162-a-024-entity-00516"],"rowCount":1,"voltageKv":132,"lengthKm":32.4015},"geometry":{"type":"Point","coordinates":[90.5898594,23.8129357]}},{"type":"Feature","id":"a-024-56714b2554","properties":{"elementId":"A-024","featureId":"a-024-56714b2554","name":"132 kV 전력선 구간","kind":"transmission","kindLabel":"고압 송전선","sourceYear":"2026","recordIds":["bgd-v162-a-024-entity-00511"],"rowCount":1,"voltageKv":132,"lengthKm":3.5802},"geometry":{"type":"Point","coordinates":[90.5958544,23.6208315]}},{"type":"Feature","id":"a-024-9baa6213b5","properties":{"elementId":"A-024","featureId":"a-024-9baa6213b5","name":"132 kV 전력선 구간","kind":"transmission","kindLabel":"고압 송전선","sourceYear":"2026","recordIds":["bgd-v162-a-024-entity-00281"],"rowCount":1,"voltageKv":132,"lengthKm":0.852},"geometry":{"type":"Point","coordinates":[90.6704282,23.2223042]}},{"type":"Feature","id":"a-024-ad64ccb678","properties":{"elementId":"A-024","featureId":"a-024-ad64ccb678","name":"132 kV 전력선 구간","kind":"transmission","kindLabel":"고압 송전선","sourceYear":"2026","recordIds":["bgd-v162-a-024-entity-00485"],"rowCount":1,"voltageKv":132,"lengthKm":11.6195},"geometry":{"type":"Point","coordinates":[90.67203,23.9482956]}},{"type":"Feature","id":"a-024-462f2d7a0d","properties":{"elementId":"A-024","featureId":"a-024-462f2d7a0d","name":"132 kV 전력선 구간","kind":"transmission","kindLabel":"고압 송전선","sourceYear":"2026","recordIds":["bgd-v162-a-024-entity-00284"],"rowCount":1,"voltageKv":132,"lengthKm":1.5366},"geometry":{"type":"Point","coordinates":[90.6742537,23.2142949]}},{"type":"Feature","id":"a-024-747fd04ee6","properties":{"elementId":"A-024","featureId":"a-024-747fd04ee6","name":"132 kV 전력선 구간","kind":"transmission","kindLabel":"고압 송전선","sourceYear":"2026","recordIds":["bgd-v162-a-024-entity-00257"],"rowCount":1,"voltageKv":132,"lengthKm":0.0221},"geometry":{"type":"Point","coordinates":[90.6746359,23.2236803]}},{"type":"Feature","id":"a-024-e8b5effe31","properties":{"elementId":"A-024","featureId":"a-024-e8b5effe31","name":"132 kV 전력선 구간","kind":"transmission","kindLabel":"고압 송전선","sourceYear":"2026","recordIds":["bgd-v162-a-024-entity-00462"],"rowCount":1,"voltageKv":132,"lengthKm":0.2172},"geometry":{"type":"Point","coordinates":[90.6913823,23.9057994]}},{"type":"Feature","id":"a-024-ca7e5a81e0","properties":{"elementId":"A-024","featureId":"a-024-ca7e5a81e0","name":"132 kV 전력선 구간","kind":"transmission","kindLabel":"고압 송전선","sourceYear":"2026","recordIds":["bgd-v162-a-024-entity-00458"],"rowCount":1,"voltageKv":132,"lengthKm":0.1553},"geometry":{"type":"Point","coordinates":[90.6914856,23.9085592]}},{"type":"Feature","id":"a-024-dc239d3839","properties":{"elementId":"A-024","featureId":"a-024-dc239d3839","name":"132 kV 전력선 구간","kind":"transmission","kindLabel":"고압 송전선","sourceYear":"2026","recordIds":["bgd-v162-a-024-entity-00457"],"rowCount":1,"voltageKv":132,"lengthKm":0.1469},"geometry":{"type":"Point","coordinates":[90.6915258,23.9087382]}},{"type":"Feature","id":"a-024-16a54b03b8","properties":{"elementId":"A-024","featureId":"a-024-16a54b03b8","name":"132 kV 전력선 구간","kind":"transmission","kindLabel":"고압 송전선","sourceYear":"2026","recordIds":["bgd-v162-a-024-entity-00461"],"rowCount":1,"voltageKv":132,"lengthKm":0.2169},"geometry":{"type":"Point","coordinates":[90.6919482,23.9058448]}},{"type":"Feature","id":"a-024-354f1fdffc","properties":{"elementId":"A-024","featureId":"a-024-354f1fdffc","name":"132 kV 전력선 구간","kind":"transmission","kindLabel":"고압 송전선","sourceYear":"2026","recordIds":["bgd-v162-a-024-entity-00768"],"rowCount":1,"voltageKv":132,"lengthKm":55.4072},"geometry":{"type":"Point","coordinates":[90.6974466,24.6468553]}},{"type":"Feature","id":"a-024-f682bc4d05","properties":{"elementId":"A-024","featureId":"a-024-f682bc4d05","name":"132 kV 전력선 구간","kind":"transmission","kindLabel":"고압 송전선","sourceYear":"2026","recordIds":["bgd-v162-a-024-entity-00474"],"rowCount":1,"voltageKv":132,"lengthKm":1.4575},"geometry":{"type":"Point","coordinates":[90.7006627,23.9093059]}},{"type":"Feature","id":"a-024-b2b63dd8a0","properties":{"elementId":"A-024","featureId":"a-024-b2b63dd8a0","name":"132 kV 전력선 구간","kind":"transmission","kindLabel":"고압 송전선","sourceYear":"2026","recordIds":["bgd-v162-a-024-entity-00476"],"rowCount":1,"voltageKv":132,"lengthKm":1.5084},"geometry":{"type":"Point","coordinates":[90.7007834,23.9079205]}},{"type":"Feature","id":"a-024-1ed5f43522","properties":{"elementId":"A-024","featureId":"a-024-1ed5f43522","name":"132 kV 전력선 구간","kind":"transmission","kindLabel":"고압 송전선","sourceYear":"2026","recordIds":["bgd-v162-a-024-entity-00515"],"rowCount":1,"voltageKv":132,"lengthKm":32.2102},"geometry":{"type":"Point","coordinates":[90.7040537,23.7588075]}},{"type":"Feature","id":"a-024-df2ae3a806","properties":{"elementId":"A-024","featureId":"a-024-df2ae3a806","name":"132 kV 전력선 구간","kind":"transmission","kindLabel":"고압 송전선","sourceYear":"2026","recordIds":["bgd-v162-a-024-entity-00759"],"rowCount":1,"voltageKv":132,"lengthKm":16.8299},"geometry":{"type":"Point","coordinates":[90.7332363,24.9159004]}},{"type":"Feature","id":"a-024-b233ca2dd2","properties":{"elementId":"A-024","featureId":"a-024-b233ca2dd2","name":"132 kV 전력선 구간","kind":"transmission","kindLabel":"고압 송전선","sourceYear":"2026","recordIds":["bgd-v162-a-024-entity-00303"],"rowCount":1,"voltageKv":132,"lengthKm":23.5353},"geometry":{"type":"Point","coordinates":[90.7354196,23.2730191]}},{"type":"Feature","id":"a-024-f8e3a88d25","properties":{"elementId":"A-024","featureId":"a-024-f8e3a88d25","name":"132 kV 전력선 구간","kind":"transmission","kindLabel":"고압 송전선","sourceYear":"2026","recordIds":["bgd-v162-a-024-entity-00308"],"rowCount":1,"voltageKv":132,"lengthKm":29.244},"geometry":{"type":"Point","coordinates":[90.7355003,23.1181876]}},{"type":"Feature","id":"a-024-6cb2e7f1b9","properties":{"elementId":"A-024","featureId":"a-024-6cb2e7f1b9","name":"132 kV 전력선 구간","kind":"transmission","kindLabel":"고압 송전선","sourceYear":"2026","recordIds":["bgd-v162-a-024-entity-00283"],"rowCount":1,"voltageKv":132,"lengthKm":1.1544},"geometry":{"type":"Point","coordinates":[90.7771334,23.5507467]}},{"type":"Feature","id":"a-024-12387a8918","properties":{"elementId":"A-024","featureId":"a-024-12387a8918","name":"132 kV 전력선 구간","kind":"transmission","kindLabel":"고압 송전선","sourceYear":"2026","recordIds":["bgd-v162-a-024-entity-00298"],"rowCount":1,"voltageKv":132,"lengthKm":19.3286},"geometry":{"type":"Point","coordinates":[90.7973639,23.6376109]}},{"type":"Feature","id":"a-024-bb01f28e94","properties":{"elementId":"A-024","featureId":"a-024-bb01f28e94","name":"132 kV 전력선 구간","kind":"transmission","kindLabel":"고압 송전선","sourceYear":"2026","recordIds":["bgd-v162-a-024-entity-00523"],"rowCount":1,"voltageKv":132,"lengthKm":44.7898},"geometry":{"type":"Point","coordinates":[90.8122882,23.9666668]}},{"type":"Feature","id":"a-024-100c91f926","properties":{"elementId":"A-024","featureId":"a-024-100c91f926","name":"132 kV 전력선 구간","kind":"transmission","kindLabel":"고압 송전선","sourceYear":"2026","recordIds":["bgd-v162-a-024-entity-00526"],"rowCount":1,"voltageKv":132,"lengthKm":51.956},"geometry":{"type":"Point","coordinates":[90.9003026,24.2028759]}},{"type":"Feature","id":"a-024-998b75e0fb","properties":{"elementId":"A-024","featureId":"a-024-998b75e0fb","name":"132 kV 전력선 구간","kind":"transmission","kindLabel":"고압 송전선","sourceYear":"2026","recordIds":["bgd-v162-a-024-entity-00330"],"rowCount":1,"voltageKv":132,"lengthKm":55.4629},"geometry":{"type":"Point","coordinates":[90.9116077,23.8386874]}},{"type":"Feature","id":"a-024-63a298325d","properties":{"elementId":"A-024","featureId":"a-024-63a298325d","name":"132 kV 전력선 구간","kind":"transmission","kindLabel":"고압 송전선","sourceYear":"2026","recordIds":["bgd-v162-a-024-entity-00318"],"rowCount":1,"voltageKv":132,"lengthKm":35.6391},"geometry":{"type":"Point","coordinates":[90.9686814,23.6187623]}},{"type":"Feature","id":"a-024-91d76cc2f1","properties":{"elementId":"A-024","featureId":"a-024-91d76cc2f1","name":"132 kV 전력선 구간","kind":"transmission","kindLabel":"고압 송전선","sourceYear":"2026","recordIds":["bgd-v162-a-024-entity-00280"],"rowCount":1,"voltageKv":132,"lengthKm":0.7635},"geometry":{"type":"Point","coordinates":[90.9732851,23.4917301]}},{"type":"Feature","id":"a-024-75bb02e84c","properties":{"elementId":"A-024","featureId":"a-024-75bb02e84c","name":"132 kV 전력선 구간","kind":"transmission","kindLabel":"고압 송전선","sourceYear":"2026","recordIds":["bgd-v162-a-024-entity-00316"],"rowCount":1,"voltageKv":132,"lengthKm":31.745},"geometry":{"type":"Point","coordinates":[91.0068396,23.2570604]}},{"type":"Feature","id":"a-024-d3bca6d75b","properties":{"elementId":"A-024","featureId":"a-024-d3bca6d75b","name":"132 kV 전력선 구간","kind":"transmission","kindLabel":"고압 송전선","sourceYear":"2026","recordIds":["bgd-v162-a-024-entity-00319"],"rowCount":1,"voltageKv":132,"lengthKm":37.6399},"geometry":{"type":"Point","coordinates":[91.0127804,23.0680274]}},{"type":"Feature","id":"a-024-7f62446771","properties":{"elementId":"A-024","featureId":"a-024-7f62446771","name":"132 kV 전력선 구간","kind":"transmission","kindLabel":"고압 송전선","sourceYear":"2026","recordIds":["bgd-v162-a-024-entity-00322"],"rowCount":1,"voltageKv":132,"lengthKm":4.3767},"geometry":{"type":"Point","coordinates":[91.0131249,24.0282553]}},{"type":"Feature","id":"a-024-8c452b6362","properties":{"elementId":"A-024","featureId":"a-024-8c452b6362","name":"132 kV 전력선 구간","kind":"transmission","kindLabel":"고압 송전선","sourceYear":"2026","recordIds":["bgd-v162-a-024-entity-00259"],"rowCount":1,"voltageKv":132,"lengthKm":0.0335},"geometry":{"type":"Point","coordinates":[91.0155032,24.0422486]}},{"type":"Feature","id":"a-024-41da57d1ba","properties":{"elementId":"A-024","featureId":"a-024-41da57d1ba","name":"132 kV 전력선 구간","kind":"transmission","kindLabel":"고압 송전선","sourceYear":"2026","recordIds":["bgd-v162-a-024-entity-00258"],"rowCount":1,"voltageKv":132,"lengthKm":0.033},"geometry":{"type":"Point","coordinates":[91.0157395,24.042346]}},{"type":"Feature","id":"a-024-2e18791b38","properties":{"elementId":"A-024","featureId":"a-024-2e18791b38","name":"132 kV 전력선 구간","kind":"transmission","kindLabel":"고압 송전선","sourceYear":"2026","recordIds":["bgd-v162-a-024-entity-00271"],"rowCount":1,"voltageKv":132,"lengthKm":0.0713},"geometry":{"type":"Point","coordinates":[91.0162406,24.0423]}},{"type":"Feature","id":"a-024-c0e6594eb0","properties":{"elementId":"A-024","featureId":"a-024-c0e6594eb0","name":"132 kV 전력선 구간","kind":"transmission","kindLabel":"고압 송전선","sourceYear":"2026","recordIds":["bgd-v162-a-024-entity-00266"],"rowCount":1,"voltageKv":132,"lengthKm":0.0683},"geometry":{"type":"Point","coordinates":[91.0162569,24.0425594]}},{"type":"Feature","id":"a-024-7d9f27b707","properties":{"elementId":"A-024","featureId":"a-024-7d9f27b707","name":"132 kV 전력선 구간","kind":"transmission","kindLabel":"고압 송전선","sourceYear":"2026","recordIds":["bgd-v162-a-024-entity-00265"],"rowCount":1,"voltageKv":132,"lengthKm":0.068},"geometry":{"type":"Point","coordinates":[91.0165625,24.0424225]}},{"type":"Feature","id":"a-024-dea8e6acdb","properties":{"elementId":"A-024","featureId":"a-024-dea8e6acdb","name":"132 kV 전력선 구간","kind":"transmission","kindLabel":"고압 송전선","sourceYear":"2026","recordIds":["bgd-v162-a-024-entity-00264"],"rowCount":1,"voltageKv":132,"lengthKm":0.0676},"geometry":{"type":"Point","coordinates":[91.0165909,24.0426972]}},{"type":"Feature","id":"a-024-1b8f9351c1","properties":{"elementId":"A-024","featureId":"a-024-1b8f9351c1","name":"132 kV 전력선 구간","kind":"transmission","kindLabel":"고압 송전선","sourceYear":"2026","recordIds":["bgd-v162-a-024-entity-00275"],"rowCount":1,"voltageKv":132,"lengthKm":0.3147},"geometry":{"type":"Point","coordinates":[91.0167508,24.0428902]}},{"type":"Feature","id":"a-024-5e90ecb3aa","properties":{"elementId":"A-024","featureId":"a-024-5e90ecb3aa","name":"132 kV 전력선 구간","kind":"transmission","kindLabel":"고압 송전선","sourceYear":"2026","recordIds":["bgd-v162-a-024-entity-00262","bgd-v162-a-024-entity-00276"],"rowCount":2,"voltageKv":132},"geometry":{"type":"Point","coordinates":[91.0168077,24.0427866]}},{"type":"Feature","id":"a-024-ca532158bb","properties":{"elementId":"A-024","featureId":"a-024-ca532158bb","name":"132 kV 전력선 구간","kind":"transmission","kindLabel":"고압 송전선","sourceYear":"2026","recordIds":["bgd-v162-a-024-entity-00269"],"rowCount":1,"voltageKv":132,"lengthKm":0.069},"geometry":{"type":"Point","coordinates":[91.0172357,24.042713]}},{"type":"Feature","id":"a-024-d1a49756d6","properties":{"elementId":"A-024","featureId":"a-024-d1a49756d6","name":"132 kV 전력선 구간","kind":"transmission","kindLabel":"고압 송전선","sourceYear":"2026","recordIds":["bgd-v162-a-024-entity-00268"],"rowCount":1,"voltageKv":132,"lengthKm":0.0688},"geometry":{"type":"Point","coordinates":[91.0172708,24.0429776]}},{"type":"Feature","id":"a-024-500daac5c5","properties":{"elementId":"A-024","featureId":"a-024-500daac5c5","name":"132 kV 전력선 구간","kind":"transmission","kindLabel":"고압 송전선","sourceYear":"2026","recordIds":["bgd-v162-a-024-entity-00260"],"rowCount":1,"voltageKv":132,"lengthKm":0.0386},"geometry":{"type":"Point","coordinates":[91.0173249,24.0431201]}},{"type":"Feature","id":"a-024-6132b795cc","properties":{"elementId":"A-024","featureId":"a-024-6132b795cc","name":"132 kV 전력선 구간","kind":"transmission","kindLabel":"고압 송전선","sourceYear":"2026","recordIds":["bgd-v162-a-024-entity-00261"],"rowCount":1,"voltageKv":132,"lengthKm":0.0386},"geometry":{"type":"Point","coordinates":[91.0174287,24.0431617]}},{"type":"Feature","id":"a-024-9932ed7ca6","properties":{"elementId":"A-024","featureId":"a-024-9932ed7ca6","name":"132 kV 전력선 구간","kind":"transmission","kindLabel":"고압 송전선","sourceYear":"2026","recordIds":["bgd-v162-a-024-entity-00279"],"rowCount":1,"voltageKv":132,"lengthKm":0.7284},"geometry":{"type":"Point","coordinates":[91.0178453,24.042779]}},{"type":"Feature","id":"a-024-aa03780acf","properties":{"elementId":"A-024","featureId":"a-024-aa03780acf","name":"132 kV 전력선 구간","kind":"transmission","kindLabel":"고압 송전선","sourceYear":"2026","recordIds":["bgd-v162-a-024-entity-00320"],"rowCount":1,"voltageKv":132,"lengthKm":38.3373},"geometry":{"type":"Point","coordinates":[91.0231293,23.3242774]}},{"type":"Feature","id":"a-024-54d89d2b0e","properties":{"elementId":"A-024","featureId":"a-024-54d89d2b0e","name":"132 kV 전력선 구간","kind":"transmission","kindLabel":"고압 송전선","sourceYear":"2026","recordIds":["bgd-v162-a-024-entity-00326"],"rowCount":1,"voltageKv":132,"lengthKm":5.6121},"geometry":{"type":"Point","coordinates":[91.0399222,24.0351587]}},{"type":"Feature","id":"a-024-a0b8ab9ff8","properties":{"elementId":"A-024","featureId":"a-024-a0b8ab9ff8","name":"132 kV 전력선 구간","kind":"transmission","kindLabel":"고압 송전선","sourceYear":"2026","recordIds":["bgd-v162-a-024-entity-00293"],"rowCount":1,"voltageKv":132,"lengthKm":14.9835},"geometry":{"type":"Point","coordinates":[91.0409211,23.4927166]}},{"type":"Feature","id":"a-024-9fac3ac38e","properties":{"elementId":"A-024","featureId":"a-024-9fac3ac38e","name":"132 kV 전력선 구간","kind":"transmission","kindLabel":"고압 송전선","sourceYear":"2026","recordIds":["bgd-v162-a-024-entity-00288"],"rowCount":1,"voltageKv":132,"lengthKm":10.9373},"geometry":{"type":"Point","coordinates":[91.0795372,23.9895668]}},{"type":"Feature","id":"a-024-ff3bad28f9","properties":{"elementId":"A-024","featureId":"a-024-ff3bad28f9","name":"132 kV 전력선 구간","kind":"transmission","kindLabel":"고압 송전선","sourceYear":"2026","recordIds":["bgd-v162-a-024-entity-00295"],"rowCount":1,"voltageKv":132,"lengthKm":15.7644},"geometry":{"type":"Point","coordinates":[91.1008458,23.4421076]}},{"type":"Feature","id":"a-024-2212d334f6","properties":{"elementId":"A-024","featureId":"a-024-2212d334f6","name":"132 kV 전력선 구간","kind":"transmission","kindLabel":"고압 송전선","sourceYear":"2026","recordIds":["bgd-v162-a-024-entity-00310"],"rowCount":1,"voltageKv":132,"lengthKm":3.3038},"geometry":{"type":"Point","coordinates":[91.1049575,22.9602654]}},{"type":"Feature","id":"a-024-7b64ca174b","properties":{"elementId":"A-024","featureId":"a-024-7b64ca174b","name":"132 kV 전력선 구간","kind":"transmission","kindLabel":"고압 송전선","sourceYear":"2026","recordIds":["bgd-v162-a-024-entity-00292"],"rowCount":1,"voltageKv":132,"lengthKm":12.1227},"geometry":{"type":"Point","coordinates":[91.1322285,23.4592525]}},{"type":"Feature","id":"a-024-1f41dcb6a8","properties":{"elementId":"A-024","featureId":"a-024-1f41dcb6a8","name":"132 kV 전력선 구간","kind":"transmission","kindLabel":"고압 송전선","sourceYear":"2026","recordIds":["bgd-v162-a-024-entity-00333"],"rowCount":1,"voltageKv":132,"lengthKm":64.2231},"geometry":{"type":"Point","coordinates":[91.1387479,23.613262]}},{"type":"Feature","id":"a-024-46fc545a98","properties":{"elementId":"A-024","featureId":"a-024-46fc545a98","name":"132 kV 전력선 구간","kind":"transmission","kindLabel":"고압 송전선","sourceYear":"2026","recordIds":["bgd-v162-a-024-entity-00329"],"rowCount":1,"voltageKv":132,"lengthKm":52.3022},"geometry":{"type":"Point","coordinates":[91.247362,24.0649322]}},{"type":"Feature","id":"a-024-253e0f0250","properties":{"elementId":"A-024","featureId":"a-024-253e0f0250","name":"132 kV 전력선 구간","kind":"transmission","kindLabel":"고압 송전선","sourceYear":"2026","recordIds":["bgd-v162-a-024-entity-00317"],"rowCount":1,"voltageKv":132,"lengthKm":32.3987},"geometry":{"type":"Point","coordinates":[91.2533335,22.9672549]}},{"type":"Feature","id":"a-024-44bf8a6b5c","properties":{"elementId":"A-024","featureId":"a-024-44bf8a6b5c","name":"132 kV 전력선 구간","kind":"transmission","kindLabel":"고압 송전선","sourceYear":"2026","recordIds":["bgd-v162-a-024-entity-00983"],"rowCount":1,"voltageKv":132,"lengthKm":11.9432},"geometry":{"type":"Point","coordinates":[91.2604693,23.8464705]}},{"type":"Feature","id":"a-024-b5dae5af4e","properties":{"elementId":"A-024","featureId":"a-024-b5dae5af4e","name":"132 kV 전력선 구간","kind":"transmission","kindLabel":"고압 송전선","sourceYear":"2026","recordIds":["bgd-v162-a-024-entity-00305"],"rowCount":1,"voltageKv":132,"lengthKm":27.1617},"geometry":{"type":"Point","coordinates":[91.2634714,23.3424509]}},{"type":"Feature","id":"a-024-16ae8fde47","properties":{"elementId":"A-024","featureId":"a-024-16ae8fde47","name":"132 kV 전력선 구간","kind":"transmission","kindLabel":"고압 송전선","sourceYear":"2026","recordIds":["bgd-v162-a-024-entity-00325"],"rowCount":1,"voltageKv":132,"lengthKm":46.3535},"geometry":{"type":"Point","coordinates":[91.2832485,24.0694208]}},{"type":"Feature","id":"a-024-0045d310ce","properties":{"elementId":"A-024","featureId":"a-024-0045d310ce","name":"132 kV 전력선 구간","kind":"transmission","kindLabel":"고압 송전선","sourceYear":"2026","recordIds":["bgd-v162-a-024-entity-00270"],"rowCount":1,"voltageKv":132,"lengthKm":0.0694},"geometry":{"type":"Point","coordinates":[91.2910908,23.2298116]}},{"type":"Feature","id":"a-024-3971f64512","properties":{"elementId":"A-024","featureId":"a-024-3971f64512","name":"132 kV 전력선 구간","kind":"transmission","kindLabel":"고압 송전선","sourceYear":"2026","recordIds":["bgd-v162-a-024-entity-00267","bgd-v162-a-024-entity-00273"],"rowCount":2,"voltageKv":132},"geometry":{"type":"Point","coordinates":[91.2913051,23.2304039]}},{"type":"Feature","id":"a-024-38193f65a2","properties":{"elementId":"A-024","featureId":"a-024-38193f65a2","name":"132 kV 전력선 구간","kind":"transmission","kindLabel":"고압 송전선","sourceYear":"2026","recordIds":["bgd-v162-a-024-entity-00304"],"rowCount":1,"voltageKv":132,"lengthKm":26.5053},"geometry":{"type":"Point","coordinates":[91.32716,23.1260567]}},{"type":"Feature","id":"a-024-00873da07a","properties":{"elementId":"A-024","featureId":"a-024-00873da07a","name":"132 kV 전력선 구간","kind":"transmission","kindLabel":"고압 송전선","sourceYear":"2026","recordIds":["bgd-v162-a-024-entity-00300"],"rowCount":1,"voltageKv":132,"lengthKm":2.2789},"geometry":{"type":"Point","coordinates":[91.3416059,23.0048187]}},{"type":"Feature","id":"a-024-a85aa3c512","properties":{"elementId":"A-024","featureId":"a-024-a85aa3c512","name":"132 kV 전력선 구간","kind":"transmission","kindLabel":"고압 송전선","sourceYear":"2026","recordIds":["bgd-v162-a-024-entity-00323"],"rowCount":1,"voltageKv":132,"lengthKm":4.7646},"geometry":{"type":"Point","coordinates":[91.3728243,23.0156238]}},{"type":"Feature","id":"a-024-23fae5a6a4","properties":{"elementId":"A-024","featureId":"a-024-23fae5a6a4","name":"132 kV 전력선 구간","kind":"transmission","kindLabel":"고압 송전선","sourceYear":"2026","recordIds":["bgd-v162-a-024-entity-00296"],"rowCount":1,"voltageKv":132,"lengthKm":16.6232},"geometry":{"type":"Point","coordinates":[91.4430771,22.9600346]}},{"type":"Feature","id":"a-024-12fe0ddef3","properties":{"elementId":"A-024","featureId":"a-024-12fe0ddef3","name":"132 kV 전력선 구간","kind":"transmission","kindLabel":"고압 송전선","sourceYear":"2026","recordIds":["bgd-v162-a-024-entity-00263"],"rowCount":1,"voltageKv":132,"lengthKm":0.0468},"geometry":{"type":"Point","coordinates":[91.5140909,22.9289989]}},{"type":"Feature","id":"a-024-1c04f75d47","properties":{"elementId":"A-024","featureId":"a-024-1c04f75d47","name":"132 kV 전력선 구간","kind":"transmission","kindLabel":"고압 송전선","sourceYear":"2026","recordIds":["bgd-v162-a-024-entity-00321"],"rowCount":1,"voltageKv":132,"lengthKm":4.2186},"geometry":{"type":"Point","coordinates":[91.5254723,22.9126335]}},{"type":"Feature","id":"a-024-7cba665c10","properties":{"elementId":"A-024","featureId":"a-024-7cba665c10","name":"132 kV 전력선 구간","kind":"transmission","kindLabel":"고압 송전선","sourceYear":"2026","recordIds":["bgd-v162-a-024-entity-00972"],"rowCount":1,"voltageKv":132,"lengthKm":36.094},"geometry":{"type":"Point","coordinates":[91.5333959,24.2935391]}},{"type":"Feature","id":"a-024-9a9cf25ef7","properties":{"elementId":"A-024","featureId":"a-024-9a9cf25ef7","name":"132 kV 전력선 구간","kind":"transmission","kindLabel":"고압 송전선","sourceYear":"2026","recordIds":["bgd-v162-a-024-entity-00970"],"rowCount":1,"voltageKv":132,"lengthKm":31.9199},"geometry":{"type":"Point","coordinates":[91.5362781,25.016937]}},{"type":"Feature","id":"a-024-a5ae7a55ad","properties":{"elementId":"A-024","featureId":"a-024-a5ae7a55ad","name":"132 kV 전력선 구간","kind":"transmission","kindLabel":"고압 송전선","sourceYear":"2026","recordIds":["bgd-v162-a-024-entity-00302"],"rowCount":1,"voltageKv":132,"lengthKm":2.6844},"geometry":{"type":"Point","coordinates":[91.5480074,22.89838]}},{"type":"Feature","id":"a-024-7e47cc09fe","properties":{"elementId":"A-024","featureId":"a-024-7e47cc09fe","name":"132 kV 전력선 구간","kind":"transmission","kindLabel":"고압 송전선","sourceYear":"2026","recordIds":["bgd-v162-a-024-entity-00311"],"rowCount":1,"voltageKv":132,"lengthKm":3.4792},"geometry":{"type":"Point","coordinates":[91.5485553,22.9275697]}},{"type":"Feature","id":"a-024-bf957795eb","properties":{"elementId":"A-024","featureId":"a-024-bf957795eb","name":"132 kV 전력선 구간","kind":"transmission","kindLabel":"고압 송전선","sourceYear":"2026","recordIds":["bgd-v162-a-024-entity-00299"],"rowCount":1,"voltageKv":132,"lengthKm":2.1472},"geometry":{"type":"Point","coordinates":[91.552019,22.9148453]}},{"type":"Feature","id":"a-024-22f83e014f","properties":{"elementId":"A-024","featureId":"a-024-22f83e014f","name":"132 kV 전력선 구간","kind":"transmission","kindLabel":"고압 송전선","sourceYear":"2026","recordIds":["bgd-v162-a-024-entity-00971"],"rowCount":1,"voltageKv":132,"lengthKm":32.959},"geometry":{"type":"Point","coordinates":[91.7064378,24.9035897]}},{"type":"Feature","id":"a-024-948057444b","properties":{"elementId":"A-024","featureId":"a-024-948057444b","name":"132 kV 전력선 구간","kind":"transmission","kindLabel":"고압 송전선","sourceYear":"2026","recordIds":["bgd-v162-a-024-entity-00314"],"rowCount":1,"voltageKv":132,"lengthKm":3.9203},"geometry":{"type":"Point","coordinates":[91.7355661,22.4623831]}},{"type":"Feature","id":"a-024-9a78f89d25","properties":{"elementId":"A-024","featureId":"a-024-9a78f89d25","name":"132 kV 전력선 구간","kind":"transmission","kindLabel":"고압 송전선","sourceYear":"2026","recordIds":["bgd-v162-a-024-entity-00332"],"rowCount":1,"voltageKv":132,"lengthKm":62.8751},"geometry":{"type":"Point","coordinates":[91.7370788,22.7418451]}},{"type":"Feature","id":"a-024-4d3f1d535e","properties":{"elementId":"A-024","featureId":"a-024-4d3f1d535e","name":"132 kV 전력선 구간","kind":"transmission","kindLabel":"고압 송전선","sourceYear":"2026","recordIds":["bgd-v162-a-024-entity-00272"],"rowCount":1,"voltageKv":132,"lengthKm":0.0998},"geometry":{"type":"Point","coordinates":[91.7431454,22.4454418]}},{"type":"Feature","id":"a-024-3517d2b226","properties":{"elementId":"A-024","featureId":"a-024-3517d2b226","name":"132 kV 전력선 구간","kind":"transmission","kindLabel":"고압 송전선","sourceYear":"2026","recordIds":["bgd-v162-a-024-entity-00290"],"rowCount":1,"voltageKv":132,"lengthKm":11.2454},"geometry":{"type":"Point","coordinates":[91.7593422,22.4008693]}},{"type":"Feature","id":"a-024-f0771d651a","properties":{"elementId":"A-024","featureId":"a-024-f0771d651a","name":"132 kV 전력선 구간","kind":"transmission","kindLabel":"고압 송전선","sourceYear":"2026","recordIds":["bgd-v162-a-024-entity-00340"],"rowCount":1,"voltageKv":132,"lengthKm":9.7154},"geometry":{"type":"Point","coordinates":[91.7665494,22.4928056]}},{"type":"Feature","id":"a-024-338bfb43d4","properties":{"elementId":"A-024","featureId":"a-024-338bfb43d4","name":"132 kV 전력선 구간","kind":"transmission","kindLabel":"고압 송전선","sourceYear":"2026","recordIds":["bgd-v162-a-024-entity-00287"],"rowCount":1,"voltageKv":132,"lengthKm":10.4417},"geometry":{"type":"Point","coordinates":[91.7684276,22.3385134]}},{"type":"Feature","id":"a-024-fb6d3b38ad","properties":{"elementId":"A-024","featureId":"a-024-fb6d3b38ad","name":"132 kV 전력선 구간","kind":"transmission","kindLabel":"고압 송전선","sourceYear":"2026","recordIds":["bgd-v162-a-024-entity-00339"],"rowCount":1,"voltageKv":132,"lengthKm":9.0937},"geometry":{"type":"Point","coordinates":[91.7732352,22.3556127]}},{"type":"Feature","id":"a-024-a9069faf06","properties":{"elementId":"A-024","featureId":"a-024-a9069faf06","name":"132 kV 전력선 구간","kind":"transmission","kindLabel":"고압 송전선","sourceYear":"2026","recordIds":["bgd-v162-a-024-entity-00301"],"rowCount":1,"voltageKv":132,"lengthKm":2.3209},"geometry":{"type":"Point","coordinates":[91.778882,22.2770789]}},{"type":"Feature","id":"a-024-313e73d10a","properties":{"elementId":"A-024","featureId":"a-024-313e73d10a","name":"132 kV 전력선 구간","kind":"transmission","kindLabel":"고압 송전선","sourceYear":"2026","recordIds":["bgd-v162-a-024-entity-00282"],"rowCount":1,"voltageKv":132,"lengthKm":1.0295},"geometry":{"type":"Point","coordinates":[91.779104,22.2952067]}},{"type":"Feature","id":"a-024-b8f44d95a7","properties":{"elementId":"A-024","featureId":"a-024-b8f44d95a7","name":"132 kV 전력선 구간","kind":"transmission","kindLabel":"고압 송전선","sourceYear":"2026","recordIds":["bgd-v162-a-024-entity-00278"],"rowCount":1,"voltageKv":132,"lengthKm":0.6078},"geometry":{"type":"Point","coordinates":[91.7804558,22.2875148]}},{"type":"Feature","id":"a-024-4ca9ff0e49","properties":{"elementId":"A-024","featureId":"a-024-4ca9ff0e49","name":"132 kV 전력선 구간","kind":"transmission","kindLabel":"고압 송전선","sourceYear":"2026","recordIds":["bgd-v162-a-024-entity-00286"],"rowCount":1,"voltageKv":132,"lengthKm":1.7974},"geometry":{"type":"Point","coordinates":[91.7816292,22.2750587]}},{"type":"Feature","id":"a-024-537650ad23","properties":{"elementId":"A-024","featureId":"a-024-537650ad23","name":"132 kV 전력선 구간","kind":"transmission","kindLabel":"고압 송전선","sourceYear":"2026","recordIds":["bgd-v162-a-024-entity-00285"],"rowCount":1,"voltageKv":132,"lengthKm":1.7735},"geometry":{"type":"Point","coordinates":[91.7816788,22.2784305]}},{"type":"Feature","id":"a-024-bf3d6aa9ab","properties":{"elementId":"A-024","featureId":"a-024-bf3d6aa9ab","name":"132 kV 전력선 구간","kind":"transmission","kindLabel":"고압 송전선","sourceYear":"2026","recordIds":["bgd-v162-a-024-entity-00289"],"rowCount":1,"voltageKv":132,"lengthKm":11.0024},"geometry":{"type":"Point","coordinates":[91.7885998,22.5214428]}},{"type":"Feature","id":"a-024-b46550b5f3","properties":{"elementId":"A-024","featureId":"a-024-b46550b5f3","name":"132 kV 전력선 구간","kind":"transmission","kindLabel":"고압 송전선","sourceYear":"2026","recordIds":["bgd-v162-a-024-entity-00309"],"rowCount":1,"voltageKv":132,"lengthKm":3.1568},"geometry":{"type":"Point","coordinates":[91.7915924,22.3027127]}},{"type":"Feature","id":"a-024-1513fdbc9d","properties":{"elementId":"A-024","featureId":"a-024-1513fdbc9d","name":"132 kV 전력선 구간","kind":"transmission","kindLabel":"고압 송전선","sourceYear":"2026","recordIds":["bgd-v162-a-024-entity-00973"],"rowCount":1,"voltageKv":132,"lengthKm":48.9048},"geometry":{"type":"Point","coordinates":[91.8049133,24.504468]}},{"type":"Feature","id":"a-024-b4fe8cba52","properties":{"elementId":"A-024","featureId":"a-024-b4fe8cba52","name":"132 kV 전력선 구간","kind":"transmission","kindLabel":"고압 송전선","sourceYear":"2026","recordIds":["bgd-v162-a-024-entity-00331"],"rowCount":1,"voltageKv":132,"lengthKm":6.536},"geometry":{"type":"Point","coordinates":[91.8175402,22.4675034]}},{"type":"Feature","id":"a-024-452eb48358","properties":{"elementId":"A-024","featureId":"a-024-452eb48358","name":"132 kV 전력선 구간","kind":"transmission","kindLabel":"고압 송전선","sourceYear":"2026","recordIds":["bgd-v162-a-024-entity-00327"],"rowCount":1,"voltageKv":132,"lengthKm":5.6558},"geometry":{"type":"Point","coordinates":[91.8309184,22.2828531]}},{"type":"Feature","id":"a-024-b26f417064","properties":{"elementId":"A-024","featureId":"a-024-b26f417064","name":"132 kV 전력선 구간","kind":"transmission","kindLabel":"고압 송전선","sourceYear":"2026","recordIds":["bgd-v162-a-024-entity-00334"],"rowCount":1,"voltageKv":132,"lengthKm":7.2114},"geometry":{"type":"Point","coordinates":[91.8388016,22.30873]}},{"type":"Feature","id":"a-024-4a7b6b79bd","properties":{"elementId":"A-024","featureId":"a-024-4a7b6b79bd","name":"132 kV 전력선 구간","kind":"transmission","kindLabel":"고압 송전선","sourceYear":"2026","recordIds":["bgd-v162-a-024-entity-00294"],"rowCount":1,"voltageKv":132,"lengthKm":15.4574},"geometry":{"type":"Point","coordinates":[91.843728,22.4051137]}},{"type":"Feature","id":"a-024-ba0d3c780a","properties":{"elementId":"A-024","featureId":"a-024-ba0d3c780a","name":"132 kV 전력선 구간","kind":"transmission","kindLabel":"고압 송전선","sourceYear":"2026","recordIds":["bgd-v162-a-024-entity-00964"],"rowCount":1,"voltageKv":132,"lengthKm":11.1334},"geometry":{"type":"Point","coordinates":[91.8496868,24.8634132]}},{"type":"Feature","id":"a-024-acd2d0f34a","properties":{"elementId":"A-024","featureId":"a-024-acd2d0f34a","name":"132 kV 전력선 구간","kind":"transmission","kindLabel":"고압 송전선","sourceYear":"2026","recordIds":["bgd-v162-a-024-entity-00312"],"rowCount":1,"voltageKv":132,"lengthKm":3.7994},"geometry":{"type":"Point","coordinates":[91.856736,22.4425949]}},{"type":"Feature","id":"a-024-939dec6158","properties":{"elementId":"A-024","featureId":"a-024-939dec6158","name":"132 kV 전력선 구간","kind":"transmission","kindLabel":"고압 송전선","sourceYear":"2026","recordIds":["bgd-v162-a-024-entity-00313"],"rowCount":1,"voltageKv":132,"lengthKm":3.851},"geometry":{"type":"Point","coordinates":[91.8569951,22.3399348]}},{"type":"Feature","id":"a-024-bf3999baac","properties":{"elementId":"A-024","featureId":"a-024-bf3999baac","name":"132 kV 전력선 구간","kind":"transmission","kindLabel":"고압 송전선","sourceYear":"2026","recordIds":["bgd-v162-a-024-entity-00337"],"rowCount":1,"voltageKv":132,"lengthKm":8.9295},"geometry":{"type":"Point","coordinates":[91.8642003,22.3065526]}},{"type":"Feature","id":"a-024-62838d3f5a","properties":{"elementId":"A-024","featureId":"a-024-62838d3f5a","name":"132 kV 전력선 구간","kind":"transmission","kindLabel":"고압 송전선","sourceYear":"2026","recordIds":["bgd-v162-a-024-entity-00335"],"rowCount":1,"voltageKv":132,"lengthKm":8.2155},"geometry":{"type":"Point","coordinates":[91.8871584,22.3427405]}},{"type":"Feature","id":"a-024-05f9dc9021","properties":{"elementId":"A-024","featureId":"a-024-05f9dc9021","name":"132 kV 전력선 구간","kind":"transmission","kindLabel":"고압 송전선","sourceYear":"2026","recordIds":["bgd-v162-a-024-entity-00962"],"rowCount":1,"voltageKv":132,"lengthKm":0.2325},"geometry":{"type":"Point","coordinates":[91.8891053,24.8330709]}},{"type":"Feature","id":"a-024-a87500794a","properties":{"elementId":"A-024","featureId":"a-024-a87500794a","name":"132 kV 전력선 구간","kind":"transmission","kindLabel":"고압 송전선","sourceYear":"2026","recordIds":["bgd-v162-a-024-entity-00274"],"rowCount":1,"voltageKv":132,"lengthKm":0.2277},"geometry":{"type":"Point","coordinates":[91.8909538,22.3816377]}},{"type":"Feature","id":"a-024-ee547384fc","properties":{"elementId":"A-024","featureId":"a-024-ee547384fc","name":"132 kV 전력선 구간","kind":"transmission","kindLabel":"고압 송전선","sourceYear":"2026","recordIds":["bgd-v162-a-024-entity-00963"],"rowCount":1,"voltageKv":132,"lengthKm":1.8549},"geometry":{"type":"Point","coordinates":[91.8984246,24.8400763]}},{"type":"Feature","id":"a-024-4c4fe7cc10","properties":{"elementId":"A-024","featureId":"a-024-4c4fe7cc10","name":"132 kV 전력선 구간","kind":"transmission","kindLabel":"고압 송전선","sourceYear":"2026","recordIds":["bgd-v162-a-024-entity-00336"],"rowCount":1,"voltageKv":132,"lengthKm":8.4038},"geometry":{"type":"Point","coordinates":[91.9011736,22.4053611]}},{"type":"Feature","id":"a-024-91521e9bbd","properties":{"elementId":"A-024","featureId":"a-024-91521e9bbd","name":"132 kV 전력선 구간","kind":"transmission","kindLabel":"고압 송전선","sourceYear":"2026","recordIds":["bgd-v162-a-024-entity-00965"],"rowCount":1,"voltageKv":132,"lengthKm":17.0294},"geometry":{"type":"Point","coordinates":[91.9053258,24.7562482]}},{"type":"Feature","id":"a-024-fb6c532114","properties":{"elementId":"A-024","featureId":"a-024-fb6c532114","name":"132 kV 전력선 구간","kind":"transmission","kindLabel":"고압 송전선","sourceYear":"2026","recordIds":["bgd-v162-a-024-entity-00967"],"rowCount":1,"voltageKv":132,"lengthKm":3.4022},"geometry":{"type":"Point","coordinates":[91.9250659,24.6699294]}},{"type":"Feature","id":"a-024-10bc7bad17","properties":{"elementId":"A-024","featureId":"a-024-10bc7bad17","name":"132 kV 전력선 구간","kind":"transmission","kindLabel":"고압 송전선","sourceYear":"2026","recordIds":["bgd-v162-a-024-entity-00968"],"rowCount":1,"voltageKv":132,"lengthKm":3.4928},"geometry":{"type":"Point","coordinates":[91.9261116,24.6702581]}},{"type":"Feature","id":"a-024-873f517707","properties":{"elementId":"A-024","featureId":"a-024-873f517707","name":"132 kV 전력선 구간","kind":"transmission","kindLabel":"고압 송전선","sourceYear":"2026","recordIds":["bgd-v162-a-024-entity-00306"],"rowCount":1,"voltageKv":132,"lengthKm":27.1788},"geometry":{"type":"Point","coordinates":[91.9842914,22.4622696]}},{"type":"Feature","id":"a-024-e83f2a3f02","properties":{"elementId":"A-024","featureId":"a-024-e83f2a3f02","name":"132 kV 전력선 구간","kind":"transmission","kindLabel":"고압 송전선","sourceYear":"2026","recordIds":["bgd-v162-a-024-entity-00297"],"rowCount":1,"voltageKv":132,"lengthKm":18.1507},"geometry":{"type":"Point","coordinates":[91.9882104,21.7413462]}},{"type":"Feature","id":"a-024-c462618a70","properties":{"elementId":"A-024","featureId":"a-024-c462618a70","name":"132 kV 전력선 구간","kind":"transmission","kindLabel":"고압 송전선","sourceYear":"2026","recordIds":["bgd-v162-a-024-entity-00324"],"rowCount":1,"voltageKv":132,"lengthKm":44.7152},"geometry":{"type":"Point","coordinates":[91.9883042,22.5401001]}},{"type":"Feature","id":"a-024-df875d3167","properties":{"elementId":"A-024","featureId":"a-024-df875d3167","name":"132 kV 전력선 구간","kind":"transmission","kindLabel":"고압 송전선","sourceYear":"2026","recordIds":["bgd-v162-a-024-entity-00341"],"rowCount":1,"voltageKv":132,"lengthKm":9.8888},"geometry":{"type":"Point","coordinates":[91.993875,21.4674072]}},{"type":"Feature","id":"a-024-fc19ef35dd","properties":{"elementId":"A-024","featureId":"a-024-fc19ef35dd","name":"132 kV 전력선 구간","kind":"transmission","kindLabel":"고압 송전선","sourceYear":"2026","recordIds":["bgd-v162-a-024-entity-00315"],"rowCount":1,"voltageKv":132,"lengthKm":30.8949},"geometry":{"type":"Point","coordinates":[91.994735,22.2705048]}},{"type":"Feature","id":"a-024-49ff656dd3","properties":{"elementId":"A-024","featureId":"a-024-49ff656dd3","name":"132 kV 전력선 구간","kind":"transmission","kindLabel":"고압 송전선","sourceYear":"2026","recordIds":["bgd-v162-a-024-entity-00966"],"rowCount":1,"voltageKv":132,"lengthKm":22.9838},"geometry":{"type":"Point","coordinates":[92.0014368,24.6109859]}},{"type":"Feature","id":"a-024-33ad6f641a","properties":{"elementId":"A-024","featureId":"a-024-33ad6f641a","name":"132 kV 전력선 구간","kind":"transmission","kindLabel":"고압 송전선","sourceYear":"2026","recordIds":["bgd-v162-a-024-entity-00969"],"rowCount":1,"voltageKv":132,"lengthKm":30.4407},"geometry":{"type":"Point","coordinates":[92.0146631,24.9046273]}},{"type":"Feature","id":"a-024-b7a8d9fdd2","properties":{"elementId":"A-024","featureId":"a-024-b7a8d9fdd2","name":"132 kV 전력선 구간","kind":"transmission","kindLabel":"고압 송전선","sourceYear":"2026","recordIds":["bgd-v162-a-024-entity-00328"],"rowCount":1,"voltageKv":132,"lengthKm":52.2344},"geometry":{"type":"Point","coordinates":[92.0277288,22.8640787]}},{"type":"Feature","id":"a-024-917de7f5fc","properties":{"elementId":"A-024","featureId":"a-024-917de7f5fc","name":"132 kV 전력선 구간","kind":"transmission","kindLabel":"고압 송전선","sourceYear":"2026","recordIds":["bgd-v162-a-024-entity-00338"],"rowCount":1,"voltageKv":132,"lengthKm":88.2948},"geometry":{"type":"Point","coordinates":[92.0730951,21.7607889]}},{"type":"Feature","id":"a-024-5cda5cf8d9","properties":{"elementId":"A-024","featureId":"a-024-5cda5cf8d9","name":"132 kV 전력선 구간","kind":"transmission","kindLabel":"고압 송전선","sourceYear":"2026","recordIds":["bgd-v162-a-024-entity-00307"],"rowCount":1,"voltageKv":132,"lengthKm":27.6495},"geometry":{"type":"Point","coordinates":[92.0850601,22.5920552]}},{"type":"Feature","id":"a-024-d74df1f603","properties":{"elementId":"A-024","featureId":"a-024-d74df1f603","name":"132 kV 전력선 구간","kind":"transmission","kindLabel":"고압 송전선","sourceYear":"2026","recordIds":["bgd-v162-a-024-entity-00291"],"rowCount":1,"voltageKv":132,"lengthKm":12.0755},"geometry":{"type":"Point","coordinates":[92.1679249,22.5021547]}},{"type":"Feature","id":"a-024-67a20ffe82","properties":{"elementId":"A-024","featureId":"a-024-67a20ffe82","name":"132 kV 전력선 구간","kind":"transmission","kindLabel":"고압 송전선","sourceYear":"2026","recordIds":["bgd-v162-a-024-entity-00277"],"rowCount":1,"voltageKv":132,"lengthKm":0.3871},"geometry":{"type":"Point","coordinates":[92.2154115,22.4969043]}},{"type":"Feature","id":"a-024-5762f1d834","properties":{"elementId":"A-024","featureId":"a-024-5762f1d834","name":"2 kV 전력선 구간","kind":"transmission","kindLabel":"고압 송전선","sourceYear":"2026","recordIds":["bgd-v162-a-024-entity-00974"],"rowCount":1,"voltageKv":2,"lengthKm":1.3406},"geometry":{"type":"Point","coordinates":[92.4528311,24.9200689]}},{"type":"Feature","id":"a-024-a63e8449c6","properties":{"elementId":"A-024","featureId":"a-024-a63e8449c6","name":"23 kV 전력선 구간","kind":"transmission","kindLabel":"고압 송전선","sourceYear":"2026","recordIds":["bgd-v162-a-024-entity-00537"],"rowCount":1,"voltageKv":23,"lengthKm":0.0824},"geometry":{"type":"Point","coordinates":[90.4138392,23.8971534]}},{"type":"Feature","id":"a-024-5300989c02","properties":{"elementId":"A-024","featureId":"a-024-5300989c02","name":"23 kV 전력선 구간","kind":"transmission","kindLabel":"고압 송전선","sourceYear":"2026","recordIds":["bgd-v162-a-024-entity-00536"],"rowCount":1,"voltageKv":23,"lengthKm":0.0712},"geometry":{"type":"Point","coordinates":[90.4146073,23.8976521]}},{"type":"Feature","id":"a-024-8c1815af17","properties":{"elementId":"A-024","featureId":"a-024-8c1815af17","name":"230 kV 전력선 구간","kind":"transmission","kindLabel":"고압 송전선","sourceYear":"2026","recordIds":["bgd-v162-a-024-entity-00799"],"rowCount":1,"voltageKv":230,"lengthKm":37.8435},"geometry":{"type":"Point","coordinates":[88.8032339,25.6487008]}},{"type":"Feature","id":"a-024-2f8bc7b086","properties":{"elementId":"A-024","featureId":"a-024-2f8bc7b086","name":"230 kV 전력선 구간","kind":"transmission","kindLabel":"고압 송전선","sourceYear":"2026","recordIds":["bgd-v162-a-024-entity-00902"],"rowCount":1,"voltageKv":230,"lengthKm":78.8949},"geometry":{"type":"Point","coordinates":[88.8507485,24.3342765]}},{"type":"Feature","id":"a-024-104b746e37","properties":{"elementId":"A-024","featureId":"a-024-104b746e37","name":"230 kV 전력선 구간","kind":"transmission","kindLabel":"고압 송전선","sourceYear":"2026","recordIds":["bgd-v162-a-024-entity-00800"],"rowCount":1,"voltageKv":230,"lengthKm":7.3696},"geometry":{"type":"Point","coordinates":[88.9501244,25.6001099]}},{"type":"Feature","id":"a-024-e22162b8d9","properties":{"elementId":"A-024","featureId":"a-024-e22162b8d9","name":"230 kV 전력선 구간","kind":"transmission","kindLabel":"고압 송전선","sourceYear":"2026","recordIds":["bgd-v162-a-024-entity-00798"],"rowCount":1,"voltageKv":230,"lengthKm":2.5107},"geometry":{"type":"Point","coordinates":[88.9516542,25.5668849]}},{"type":"Feature","id":"a-024-884eca7dbd","properties":{"elementId":"A-024","featureId":"a-024-884eca7dbd","name":"230 kV 전력선 구간","kind":"transmission","kindLabel":"고압 송전선","sourceYear":"2026","recordIds":["bgd-v162-a-024-entity-00794"],"rowCount":1,"voltageKv":230,"lengthKm":0.1616},"geometry":{"type":"Point","coordinates":[88.9526637,25.5555224]}},{"type":"Feature","id":"a-024-4357e19b94","properties":{"elementId":"A-024","featureId":"a-024-4357e19b94","name":"230 kV 전력선 구간","kind":"transmission","kindLabel":"고압 송전선","sourceYear":"2026","recordIds":["bgd-v162-a-024-entity-00793","bgd-v162-a-024-entity-00795"],"rowCount":2,"voltageKv":230},"geometry":{"type":"Point","coordinates":[88.9528656,25.5561504]}},{"type":"Feature","id":"a-024-3445ec83f7","properties":{"elementId":"A-024","featureId":"a-024-3445ec83f7","name":"230 kV 전력선 구간","kind":"transmission","kindLabel":"고압 송전선","sourceYear":"2026","recordIds":["bgd-v162-a-024-entity-00796"],"rowCount":1,"voltageKv":230,"lengthKm":0.703},"geometry":{"type":"Point","coordinates":[88.9543523,25.5513455]}},{"type":"Feature","id":"a-024-02de09a765","properties":{"elementId":"A-024","featureId":"a-024-02de09a765","name":"230 kV 전력선 구간","kind":"transmission","kindLabel":"고압 송전선","sourceYear":"2026","recordIds":["bgd-v162-a-024-entity-00070"],"rowCount":1,"voltageKv":230,"lengthKm":0.0371},"geometry":{"type":"Point","coordinates":[88.999371,24.0663663]}},{"type":"Feature","id":"a-024-253121e9b3","properties":{"elementId":"A-024","featureId":"a-024-253121e9b3","name":"230 kV 전력선 구간","kind":"transmission","kindLabel":"고압 송전선","sourceYear":"2026","recordIds":["bgd-v162-a-024-entity-00057"],"rowCount":1,"voltageKv":230,"lengthKm":0.0316},"geometry":{"type":"Point","coordinates":[88.9994198,24.0663767]}},{"type":"Feature","id":"a-024-992b6a0871","properties":{"elementId":"A-024","featureId":"a-024-992b6a0871","name":"230 kV 전력선 구간","kind":"transmission","kindLabel":"고압 송전선","sourceYear":"2026","recordIds":["bgd-v162-a-024-entity-00050"],"rowCount":1,"voltageKv":230,"lengthKm":0.0272},"geometry":{"type":"Point","coordinates":[88.9994626,24.0663858]}},{"type":"Feature","id":"a-024-a0d6cccd0f","properties":{"elementId":"A-024","featureId":"a-024-a0d6cccd0f","name":"230 kV 전력선 구간","kind":"transmission","kindLabel":"고압 송전선","sourceYear":"2026","recordIds":["bgd-v162-a-024-entity-00056"],"rowCount":1,"voltageKv":230,"lengthKm":0.0311},"geometry":{"type":"Point","coordinates":[88.9995445,24.0654823]}},{"type":"Feature","id":"a-024-9cb3ac04bc","properties":{"elementId":"A-024","featureId":"a-024-9cb3ac04bc","name":"230 kV 전력선 구간","kind":"transmission","kindLabel":"고압 송전선","sourceYear":"2026","recordIds":["bgd-v162-a-024-entity-00090"],"rowCount":1,"voltageKv":230,"lengthKm":0.0386},"geometry":{"type":"Point","coordinates":[88.9995844,24.0664271]}},{"type":"Feature","id":"a-024-a124ec22b0","properties":{"elementId":"A-024","featureId":"a-024-a124ec22b0","name":"230 kV 전력선 구간","kind":"transmission","kindLabel":"고압 송전선","sourceYear":"2026","recordIds":["bgd-v162-a-024-entity-00063"],"rowCount":1,"voltageKv":230,"lengthKm":0.035},"geometry":{"type":"Point","coordinates":[88.9995891,24.0654928]}},{"type":"Feature","id":"a-024-574770c303","properties":{"elementId":"A-024","featureId":"a-024-574770c303","name":"230 kV 전력선 구간","kind":"transmission","kindLabel":"고압 송전선","sourceYear":"2026","recordIds":["bgd-v162-a-024-entity-00062"],"rowCount":1,"voltageKv":230,"lengthKm":0.0338},"geometry":{"type":"Point","coordinates":[88.9996262,24.0664387]}},{"type":"Feature","id":"a-024-d46a02e084","properties":{"elementId":"A-024","featureId":"a-024-d46a02e084","name":"230 kV 전력선 구간","kind":"transmission","kindLabel":"고압 송전선","sourceYear":"2026","recordIds":["bgd-v162-a-024-entity-00094"],"rowCount":1,"voltageKv":230,"lengthKm":0.0406},"geometry":{"type":"Point","coordinates":[88.9996345,24.0655034]}},{"type":"Feature","id":"a-024-b54b166e9f","properties":{"elementId":"A-024","featureId":"a-024-b54b166e9f","name":"230 kV 전력선 구간","kind":"transmission","kindLabel":"고압 송전선","sourceYear":"2026","recordIds":["bgd-v162-a-024-entity-00055"],"rowCount":1,"voltageKv":230,"lengthKm":0.0293},"geometry":{"type":"Point","coordinates":[88.9996703,24.0664509]}},{"type":"Feature","id":"a-024-d1113f662a","properties":{"elementId":"A-024","featureId":"a-024-d1113f662a","name":"230 kV 전력선 구간","kind":"transmission","kindLabel":"고압 송전선","sourceYear":"2026","recordIds":["bgd-v162-a-024-entity-00107"],"rowCount":1,"voltageKv":230,"lengthKm":0.091},"geometry":{"type":"Point","coordinates":[88.9997515,24.0666414]}},{"type":"Feature","id":"a-024-c9119e2a11","properties":{"elementId":"A-024","featureId":"a-024-c9119e2a11","name":"230 kV 전력선 구간","kind":"transmission","kindLabel":"고압 송전선","sourceYear":"2026","recordIds":["bgd-v162-a-024-entity-00097","bgd-v162-a-024-entity-00102"],"rowCount":2,"voltageKv":230},"geometry":{"type":"Point","coordinates":[88.99976,24.0654041]}},{"type":"Feature","id":"a-024-5713c8dfe0","properties":{"elementId":"A-024","featureId":"a-024-5713c8dfe0","name":"230 kV 전력선 구간","kind":"transmission","kindLabel":"고압 송전선","sourceYear":"2026","recordIds":["bgd-v162-a-024-entity-00089"],"rowCount":1,"voltageKv":230,"lengthKm":0.0383},"geometry":{"type":"Point","coordinates":[88.9997999,24.0664867]}},{"type":"Feature","id":"a-024-f661ab403b","properties":{"elementId":"A-024","featureId":"a-024-f661ab403b","name":"230 kV 전력선 구간","kind":"transmission","kindLabel":"고압 송전선","sourceYear":"2026","recordIds":["bgd-v162-a-024-entity-00110"],"rowCount":1,"voltageKv":230,"lengthKm":0.095},"geometry":{"type":"Point","coordinates":[88.9998099,24.0666136]}},{"type":"Feature","id":"a-024-5120e03b5b","properties":{"elementId":"A-024","featureId":"a-024-5120e03b5b","name":"230 kV 전력선 구간","kind":"transmission","kindLabel":"고압 송전선","sourceYear":"2026","recordIds":["bgd-v162-a-024-entity-00096","bgd-v162-a-024-entity-00106"],"rowCount":2,"voltageKv":230},"geometry":{"type":"Point","coordinates":[88.9998127,24.0653781]}},{"type":"Feature","id":"a-024-45c1403c5e","properties":{"elementId":"A-024","featureId":"a-024-45c1403c5e","name":"230 kV 전력선 구간","kind":"transmission","kindLabel":"고압 송전선","sourceYear":"2026","recordIds":["bgd-v162-a-024-entity-00061"],"rowCount":1,"voltageKv":230,"lengthKm":0.0336},"geometry":{"type":"Point","coordinates":[88.9998428,24.0664986]}},{"type":"Feature","id":"a-024-811c09e8fe","properties":{"elementId":"A-024","featureId":"a-024-811c09e8fe","name":"230 kV 전력선 구간","kind":"transmission","kindLabel":"고압 송전선","sourceYear":"2026","recordIds":["bgd-v162-a-024-entity-00111"],"rowCount":1,"voltageKv":230,"lengthKm":0.0997},"geometry":{"type":"Point","coordinates":[88.9998627,24.0665849]}},{"type":"Feature","id":"a-024-4a9e634b8a","properties":{"elementId":"A-024","featureId":"a-024-4a9e634b8a","name":"230 kV 전력선 구간","kind":"transmission","kindLabel":"고압 송전선","sourceYear":"2026","recordIds":["bgd-v162-a-024-entity-00098","bgd-v162-a-024-entity-00108"],"rowCount":2,"voltageKv":230},"geometry":{"type":"Point","coordinates":[88.9998692,24.0653475]}},{"type":"Feature","id":"a-024-0bdb8e1775","properties":{"elementId":"A-024","featureId":"a-024-0bdb8e1775","name":"230 kV 전력선 구간","kind":"transmission","kindLabel":"고압 송전선","sourceYear":"2026","recordIds":["bgd-v162-a-024-entity-00054"],"rowCount":1,"voltageKv":230,"lengthKm":0.0291},"geometry":{"type":"Point","coordinates":[88.9998849,24.0665103]}},{"type":"Feature","id":"a-024-3087fb5d14","properties":{"elementId":"A-024","featureId":"a-024-3087fb5d14","name":"230 kV 전력선 구간","kind":"transmission","kindLabel":"고압 송전선","sourceYear":"2026","recordIds":["bgd-v162-a-024-entity-00105"],"rowCount":1,"voltageKv":230,"lengthKm":0.0838},"geometry":{"type":"Point","coordinates":[88.999894,24.06567]}},{"type":"Feature","id":"a-024-8d8f7cc883","properties":{"elementId":"A-024","featureId":"a-024-8d8f7cc883","name":"230 kV 전력선 구간","kind":"transmission","kindLabel":"고압 송전선","sourceYear":"2026","recordIds":["bgd-v162-a-024-entity-00104"],"rowCount":1,"voltageKv":230,"lengthKm":0.0836},"geometry":{"type":"Point","coordinates":[88.9999363,24.0656802]}},{"type":"Feature","id":"a-024-719a0713cc","properties":{"elementId":"A-024","featureId":"a-024-719a0713cc","name":"230 kV 전력선 구간","kind":"transmission","kindLabel":"고압 송전선","sourceYear":"2026","recordIds":["bgd-v162-a-024-entity-00103"],"rowCount":1,"voltageKv":230,"lengthKm":0.0835},"geometry":{"type":"Point","coordinates":[88.9999781,24.0656902]}},{"type":"Feature","id":"a-024-86d4df0af8","properties":{"elementId":"A-024","featureId":"a-024-86d4df0af8","name":"230 kV 전력선 구간","kind":"transmission","kindLabel":"고압 송전선","sourceYear":"2026","recordIds":["bgd-v162-a-024-entity-00084"],"rowCount":1,"voltageKv":230,"lengthKm":0.038},"geometry":{"type":"Point","coordinates":[88.9999933,24.0665403]}},{"type":"Feature","id":"a-024-817b9156b7","properties":{"elementId":"A-024","featureId":"a-024-817b9156b7","name":"230 kV 전력선 구간","kind":"transmission","kindLabel":"고압 송전선","sourceYear":"2026","recordIds":["bgd-v162-a-024-entity-00060"],"rowCount":1,"voltageKv":230,"lengthKm":0.0333},"geometry":{"type":"Point","coordinates":[89.0000345,24.0665517]}},{"type":"Feature","id":"a-024-6353d78f11","properties":{"elementId":"A-024","featureId":"a-024-6353d78f11","name":"230 kV 전력선 구간","kind":"transmission","kindLabel":"고압 송전선","sourceYear":"2026","recordIds":["bgd-v162-a-024-entity-00053"],"rowCount":1,"voltageKv":230,"lengthKm":0.0289},"geometry":{"type":"Point","coordinates":[89.0000791,24.0665641]}},{"type":"Feature","id":"a-024-d3eb4f07ed","properties":{"elementId":"A-024","featureId":"a-024-d3eb4f07ed","name":"230 kV 전력선 구간","kind":"transmission","kindLabel":"고압 송전선","sourceYear":"2026","recordIds":["bgd-v162-a-024-entity-00046"],"rowCount":1,"voltageKv":230,"lengthKm":0.0191},"geometry":{"type":"Point","coordinates":[89.0002169,24.0674043]}},{"type":"Feature","id":"a-024-c11092bb82","properties":{"elementId":"A-024","featureId":"a-024-c11092bb82","name":"230 kV 전력선 구간","kind":"transmission","kindLabel":"고압 송전선","sourceYear":"2026","recordIds":["bgd-v162-a-024-entity-00042"],"rowCount":1,"voltageKv":230,"lengthKm":0.0169},"geometry":{"type":"Point","coordinates":[89.0002939,24.0672065]}},{"type":"Feature","id":"a-024-4d85a9c17e","properties":{"elementId":"A-024","featureId":"a-024-4d85a9c17e","name":"230 kV 전력선 구간","kind":"transmission","kindLabel":"고압 송전선","sourceYear":"2026","recordIds":["bgd-v162-a-024-entity-00137"],"rowCount":1,"voltageKv":230,"lengthKm":0.2232},"geometry":{"type":"Point","coordinates":[89.0003024,24.0661716]}},{"type":"Feature","id":"a-024-b3ad4e55f9","properties":{"elementId":"A-024","featureId":"a-024-b3ad4e55f9","name":"230 kV 전력선 구간","kind":"transmission","kindLabel":"고압 송전선","sourceYear":"2026","recordIds":["bgd-v162-a-024-entity-00120"],"rowCount":1,"voltageKv":230,"lengthKm":0.1584},"geometry":{"type":"Point","coordinates":[89.000315,24.065553]}},{"type":"Feature","id":"a-024-4caffeb7a6","properties":{"elementId":"A-024","featureId":"a-024-4caffeb7a6","name":"230 kV 전력선 구간","kind":"transmission","kindLabel":"고압 송전선","sourceYear":"2026","recordIds":["bgd-v162-a-024-entity-00038"],"rowCount":1,"voltageKv":230,"lengthKm":0.0105},"geometry":{"type":"Point","coordinates":[89.000333,24.0674354]}},{"type":"Feature","id":"a-024-b3e8f820f8","properties":{"elementId":"A-024","featureId":"a-024-b3e8f820f8","name":"230 kV 전력선 구간","kind":"transmission","kindLabel":"고압 송전선","sourceYear":"2026","recordIds":["bgd-v162-a-024-entity-00041"],"rowCount":1,"voltageKv":230,"lengthKm":0.016},"geometry":{"type":"Point","coordinates":[89.0003462,24.0673969]}},{"type":"Feature","id":"a-024-830cf4eba4","properties":{"elementId":"A-024","featureId":"a-024-830cf4eba4","name":"230 kV 전력선 구간","kind":"transmission","kindLabel":"고압 송전선","sourceYear":"2026","recordIds":["bgd-v162-a-024-entity-00138"],"rowCount":1,"voltageKv":230,"lengthKm":0.2238},"geometry":{"type":"Point","coordinates":[89.0003564,24.0661416]}},{"type":"Feature","id":"a-024-8eb5f811f2","properties":{"elementId":"A-024","featureId":"a-024-8eb5f811f2","name":"230 kV 전력선 구간","kind":"transmission","kindLabel":"고압 송전선","sourceYear":"2026","recordIds":["bgd-v162-a-024-entity-00119"],"rowCount":1,"voltageKv":230,"lengthKm":0.1577},"geometry":{"type":"Point","coordinates":[89.0003692,24.0655285]}},{"type":"Feature","id":"a-024-1764d0befe","properties":{"elementId":"A-024","featureId":"a-024-1764d0befe","name":"230 kV 전력선 구간","kind":"transmission","kindLabel":"고압 송전선","sourceYear":"2026","recordIds":["bgd-v162-a-024-entity-00036"],"rowCount":1,"voltageKv":230,"lengthKm":0.008},"geometry":{"type":"Point","coordinates":[89.0004006,24.0672352]}},{"type":"Feature","id":"a-024-9e3d5b819d","properties":{"elementId":"A-024","featureId":"a-024-9e3d5b819d","name":"230 kV 전력선 구간","kind":"transmission","kindLabel":"고압 송전선","sourceYear":"2026","recordIds":["bgd-v162-a-024-entity-00140"],"rowCount":1,"voltageKv":230,"lengthKm":0.2245},"geometry":{"type":"Point","coordinates":[89.0004126,24.066116]}},{"type":"Feature","id":"a-024-d31462f841","properties":{"elementId":"A-024","featureId":"a-024-d31462f841","name":"230 kV 전력선 구간","kind":"transmission","kindLabel":"고압 송전선","sourceYear":"2026","recordIds":["bgd-v162-a-024-entity-00118"],"rowCount":1,"voltageKv":230,"lengthKm":0.1572},"geometry":{"type":"Point","coordinates":[89.0004258,24.0654968]}},{"type":"Feature","id":"a-024-8f4be4e97a","properties":{"elementId":"A-024","featureId":"a-024-8f4be4e97a","name":"230 kV 전력선 구간","kind":"transmission","kindLabel":"고압 송전선","sourceYear":"2026","recordIds":["bgd-v162-a-024-entity-00045"],"rowCount":1,"voltageKv":230,"lengthKm":0.018},"geometry":{"type":"Point","coordinates":[89.0004419,24.0674647]}},{"type":"Feature","id":"a-024-5bff39b5cf","properties":{"elementId":"A-024","featureId":"a-024-5bff39b5cf","name":"230 kV 전력선 구간","kind":"transmission","kindLabel":"고압 송전선","sourceYear":"2026","recordIds":["bgd-v162-a-024-entity-00040"],"rowCount":1,"voltageKv":230,"lengthKm":0.0159},"geometry":{"type":"Point","coordinates":[89.0004902,24.0672593]}},{"type":"Feature","id":"a-024-212bc617e2","properties":{"elementId":"A-024","featureId":"a-024-212bc617e2","name":"230 kV 전력선 구간","kind":"transmission","kindLabel":"고압 송전선","sourceYear":"2026","recordIds":["bgd-v162-a-024-entity-00077","bgd-v162-a-024-entity-00125"],"rowCount":2,"voltageKv":230},"geometry":{"type":"Point","coordinates":[89.0005156,24.0667058]}},{"type":"Feature","id":"a-024-279c0b19f8","properties":{"elementId":"A-024","featureId":"a-024-279c0b19f8","name":"230 kV 전력선 구간","kind":"transmission","kindLabel":"고압 송전선","sourceYear":"2026","recordIds":["bgd-v162-a-024-entity-00081","bgd-v162-a-024-entity-00124"],"rowCount":2,"voltageKv":230},"geometry":{"type":"Point","coordinates":[89.0005679,24.0666788]}},{"type":"Feature","id":"a-024-1b590472fb","properties":{"elementId":"A-024","featureId":"a-024-1b590472fb","name":"230 kV 전력선 구간","kind":"transmission","kindLabel":"고압 송전선","sourceYear":"2026","recordIds":["bgd-v162-a-024-entity-00078","bgd-v162-a-024-entity-00126"],"rowCount":2,"voltageKv":230},"geometry":{"type":"Point","coordinates":[89.0006221,24.0666528]}},{"type":"Feature","id":"a-024-06ae5d0d77","properties":{"elementId":"A-024","featureId":"a-024-06ae5d0d77","name":"230 kV 전력선 구간","kind":"transmission","kindLabel":"고압 송전선","sourceYear":"2026","recordIds":["bgd-v162-a-024-entity-00073"],"rowCount":1,"voltageKv":230,"lengthKm":0.0373},"geometry":{"type":"Point","coordinates":[89.0008389,24.0656953]}},{"type":"Feature","id":"a-024-2ea414ca97","properties":{"elementId":"A-024","featureId":"a-024-2ea414ca97","name":"230 kV 전력선 구간","kind":"transmission","kindLabel":"고압 송전선","sourceYear":"2026","recordIds":["bgd-v162-a-024-entity-00047"],"rowCount":1,"voltageKv":230,"lengthKm":0.0202},"geometry":{"type":"Point","coordinates":[89.0008643,24.0675724]}},{"type":"Feature","id":"a-024-de1669565d","properties":{"elementId":"A-024","featureId":"a-024-de1669565d","name":"230 kV 전력선 구간","kind":"transmission","kindLabel":"고압 송전선","sourceYear":"2026","recordIds":["bgd-v162-a-024-entity-00072"],"rowCount":1,"voltageKv":230,"lengthKm":0.0373},"geometry":{"type":"Point","coordinates":[89.000895,24.0656687]}},{"type":"Feature","id":"a-024-303425c472","properties":{"elementId":"A-024","featureId":"a-024-303425c472","name":"230 kV 전력선 구간","kind":"transmission","kindLabel":"고압 송전선","sourceYear":"2026","recordIds":["bgd-v162-a-024-entity-00048"],"rowCount":1,"voltageKv":230,"lengthKm":0.0208},"geometry":{"type":"Point","coordinates":[89.0009004,24.0673626]}},{"type":"Feature","id":"a-024-794fc59756","properties":{"elementId":"A-024","featureId":"a-024-794fc59756","name":"230 kV 전력선 구간","kind":"transmission","kindLabel":"고압 송전선","sourceYear":"2026","recordIds":["bgd-v162-a-024-entity-00113"],"rowCount":1,"voltageKv":230,"lengthKm":0.1467},"geometry":{"type":"Point","coordinates":[89.0009363,24.066268]}},{"type":"Feature","id":"a-024-580ce890fd","properties":{"elementId":"A-024","featureId":"a-024-580ce890fd","name":"230 kV 전력선 구간","kind":"transmission","kindLabel":"고압 송전선","sourceYear":"2026","recordIds":["bgd-v162-a-024-entity-00071"],"rowCount":1,"voltageKv":230,"lengthKm":0.0373},"geometry":{"type":"Point","coordinates":[89.0009516,24.0656413]}},{"type":"Feature","id":"a-024-4a63e5910b","properties":{"elementId":"A-024","featureId":"a-024-4a63e5910b","name":"230 kV 전력선 구간","kind":"transmission","kindLabel":"고압 송전선","sourceYear":"2026","recordIds":["bgd-v162-a-024-entity-00039"],"rowCount":1,"voltageKv":230,"lengthKm":0.0122},"geometry":{"type":"Point","coordinates":[89.000964,24.0675991]}},{"type":"Feature","id":"a-024-4be8100c93","properties":{"elementId":"A-024","featureId":"a-024-4be8100c93","name":"230 kV 전력선 구간","kind":"transmission","kindLabel":"고압 송전선","sourceYear":"2026","recordIds":["bgd-v162-a-024-entity-00114"],"rowCount":1,"voltageKv":230,"lengthKm":0.1483},"geometry":{"type":"Point","coordinates":[89.0009994,24.0659418]}},{"type":"Feature","id":"a-024-23b8b15b2b","properties":{"elementId":"A-024","featureId":"a-024-23b8b15b2b","name":"230 kV 전력선 구간","kind":"transmission","kindLabel":"고압 송전선","sourceYear":"2026","recordIds":["bgd-v162-a-024-entity-00037"],"rowCount":1,"voltageKv":230,"lengthKm":0.0104},"geometry":{"type":"Point","coordinates":[89.0010095,24.0673919]}},{"type":"Feature","id":"a-024-7394941008","properties":{"elementId":"A-024","featureId":"a-024-7394941008","name":"230 kV 전력선 구간","kind":"transmission","kindLabel":"고압 송전선","sourceYear":"2026","recordIds":["bgd-v162-a-024-entity-00043"],"rowCount":1,"voltageKv":230,"lengthKm":0.0174},"geometry":{"type":"Point","coordinates":[89.0010141,24.0674238]}},{"type":"Feature","id":"a-024-ebd393b435","properties":{"elementId":"A-024","featureId":"a-024-ebd393b435","name":"230 kV 전력선 구간","kind":"transmission","kindLabel":"고압 송전선","sourceYear":"2026","recordIds":["bgd-v162-a-024-entity-00049"],"rowCount":1,"voltageKv":230,"lengthKm":0.0216},"geometry":{"type":"Point","coordinates":[89.0010644,24.0676261]}},{"type":"Feature","id":"a-024-eb334b32d2","properties":{"elementId":"A-024","featureId":"a-024-eb334b32d2","name":"230 kV 전력선 구간","kind":"transmission","kindLabel":"고압 송전선","sourceYear":"2026","recordIds":["bgd-v162-a-024-entity-00112"],"rowCount":1,"voltageKv":230,"lengthKm":0.1455},"geometry":{"type":"Point","coordinates":[89.0010835,24.065962]}},{"type":"Feature","id":"a-024-96cf320ced","properties":{"elementId":"A-024","featureId":"a-024-96cf320ced","name":"230 kV 전력선 구간","kind":"transmission","kindLabel":"고압 송전선","sourceYear":"2026","recordIds":["bgd-v162-a-024-entity-00044"],"rowCount":1,"voltageKv":230,"lengthKm":0.0175},"geometry":{"type":"Point","coordinates":[89.0011198,24.0674215]}},{"type":"Feature","id":"a-024-7affdafd7e","properties":{"elementId":"A-024","featureId":"a-024-7affdafd7e","name":"230 kV 전력선 구간","kind":"transmission","kindLabel":"고압 송전선","sourceYear":"2026","recordIds":["bgd-v162-a-024-entity-00116"],"rowCount":1,"voltageKv":230,"lengthKm":0.1495},"geometry":{"type":"Point","coordinates":[89.0012995,24.0662457]}},{"type":"Feature","id":"a-024-c4b7165eba","properties":{"elementId":"A-024","featureId":"a-024-c4b7165eba","name":"230 kV 전력선 구간","kind":"transmission","kindLabel":"고압 송전선","sourceYear":"2026","recordIds":["bgd-v162-a-024-entity-00115"],"rowCount":1,"voltageKv":230,"lengthKm":0.1483},"geometry":{"type":"Point","coordinates":[89.0013213,24.0660434]}},{"type":"Feature","id":"a-024-2f23b3f581","properties":{"elementId":"A-024","featureId":"a-024-2f23b3f581","name":"230 kV 전력선 구간","kind":"transmission","kindLabel":"고압 송전선","sourceYear":"2026","recordIds":["bgd-v162-a-024-entity-00144"],"rowCount":1,"voltageKv":230,"lengthKm":0.2603},"geometry":{"type":"Point","coordinates":[89.0013336,24.0664984]}},{"type":"Feature","id":"a-024-9c072d932e","properties":{"elementId":"A-024","featureId":"a-024-9c072d932e","name":"230 kV 전력선 구간","kind":"transmission","kindLabel":"고압 송전선","sourceYear":"2026","recordIds":["bgd-v162-a-024-entity-00150"],"rowCount":1,"voltageKv":230,"lengthKm":0.2944},"geometry":{"type":"Point","coordinates":[89.0013479,24.0664544]}},{"type":"Feature","id":"a-024-9129776ef7","properties":{"elementId":"A-024","featureId":"a-024-9129776ef7","name":"230 kV 전력선 구간","kind":"transmission","kindLabel":"고압 송전선","sourceYear":"2026","recordIds":["bgd-v162-a-024-entity-00143"],"rowCount":1,"voltageKv":230,"lengthKm":0.2574},"geometry":{"type":"Point","coordinates":[89.001376,24.0665102]}},{"type":"Feature","id":"a-024-986a7eb012","properties":{"elementId":"A-024","featureId":"a-024-986a7eb012","name":"230 kV 전력선 구간","kind":"transmission","kindLabel":"고압 송전선","sourceYear":"2026","recordIds":["bgd-v162-a-024-entity-00148"],"rowCount":1,"voltageKv":230,"lengthKm":0.2943},"geometry":{"type":"Point","coordinates":[89.001403,24.0664273]}},{"type":"Feature","id":"a-024-e1c096b9c4","properties":{"elementId":"A-024","featureId":"a-024-e1c096b9c4","name":"230 kV 전력선 구간","kind":"transmission","kindLabel":"고압 송전선","sourceYear":"2026","recordIds":["bgd-v162-a-024-entity-00117"],"rowCount":1,"voltageKv":230,"lengthKm":0.1511},"geometry":{"type":"Point","coordinates":[89.0014054,24.0660636]}},{"type":"Feature","id":"a-024-050bb7edcf","properties":{"elementId":"A-024","featureId":"a-024-050bb7edcf","name":"230 kV 전력선 구간","kind":"transmission","kindLabel":"고압 송전선","sourceYear":"2026","recordIds":["bgd-v162-a-024-entity-00142"],"rowCount":1,"voltageKv":230,"lengthKm":0.2555},"geometry":{"type":"Point","coordinates":[89.0014171,24.0665216]}},{"type":"Feature","id":"a-024-0f1f38d569","properties":{"elementId":"A-024","featureId":"a-024-0f1f38d569","name":"230 kV 전력선 구간","kind":"transmission","kindLabel":"고압 송전선","sourceYear":"2026","recordIds":["bgd-v162-a-024-entity-00149"],"rowCount":1,"voltageKv":230,"lengthKm":0.2944},"geometry":{"type":"Point","coordinates":[89.0014566,24.0664009]}},{"type":"Feature","id":"a-024-b1f425d5fc","properties":{"elementId":"A-024","featureId":"a-024-b1f425d5fc","name":"230 kV 전력선 구간","kind":"transmission","kindLabel":"고압 송전선","sourceYear":"2026","recordIds":["bgd-v162-a-024-entity-00093"],"rowCount":1,"voltageKv":230,"lengthKm":0.039},"geometry":{"type":"Point","coordinates":[89.0015716,24.0669866]}},{"type":"Feature","id":"a-024-581ea70935","properties":{"elementId":"A-024","featureId":"a-024-581ea70935","name":"230 kV 전력선 구간","kind":"transmission","kindLabel":"고압 송전선","sourceYear":"2026","recordIds":["bgd-v162-a-024-entity-00074"],"rowCount":1,"voltageKv":230,"lengthKm":0.0373},"geometry":{"type":"Point","coordinates":[89.0015878,24.0658591]}},{"type":"Feature","id":"a-024-e70c2d0cef","properties":{"elementId":"A-024","featureId":"a-024-e70c2d0cef","name":"230 kV 전력선 구간","kind":"transmission","kindLabel":"고압 송전선","sourceYear":"2026","recordIds":["bgd-v162-a-024-entity-00092"],"rowCount":1,"voltageKv":230,"lengthKm":0.0386},"geometry":{"type":"Point","coordinates":[89.0016256,24.0669615]}},{"type":"Feature","id":"a-024-c6559397ff","properties":{"elementId":"A-024","featureId":"a-024-c6559397ff","name":"230 kV 전력선 구간","kind":"transmission","kindLabel":"고압 송전선","sourceYear":"2026","recordIds":["bgd-v162-a-024-entity-00091"],"rowCount":1,"voltageKv":230,"lengthKm":0.0386},"geometry":{"type":"Point","coordinates":[89.0016803,24.0669299]}},{"type":"Feature","id":"a-024-0452fc5304","properties":{"elementId":"A-024","featureId":"a-024-0452fc5304","name":"230 kV 전력선 구간","kind":"transmission","kindLabel":"고압 송전선","sourceYear":"2026","recordIds":["bgd-v162-a-024-entity-00127","bgd-v162-a-024-entity-00147"],"rowCount":2,"voltageKv":230},"geometry":{"type":"Point","coordinates":[89.0017508,24.0664115]}},{"type":"Feature","id":"a-024-66e5755e40","properties":{"elementId":"A-024","featureId":"a-024-66e5755e40","name":"230 kV 전력선 구간","kind":"transmission","kindLabel":"고압 송전선","sourceYear":"2026","recordIds":["bgd-v162-a-024-entity-00128","bgd-v162-a-024-entity-00146"],"rowCount":2,"voltageKv":230},"geometry":{"type":"Point","coordinates":[89.0018056,24.0663852]}},{"type":"Feature","id":"a-024-74fd640768","properties":{"elementId":"A-024","featureId":"a-024-74fd640768","name":"230 kV 전력선 구간","kind":"transmission","kindLabel":"고압 송전선","sourceYear":"2026","recordIds":["bgd-v162-a-024-entity-00129","bgd-v162-a-024-entity-00145"],"rowCount":2,"voltageKv":230},"geometry":{"type":"Point","coordinates":[89.0018599,24.0663576]}},{"type":"Feature","id":"a-024-86bac3cfae","properties":{"elementId":"A-024","featureId":"a-024-86bac3cfae","name":"230 kV 전력선 구간","kind":"transmission","kindLabel":"고압 송전선","sourceYear":"2026","recordIds":["bgd-v162-a-024-entity-00076"],"rowCount":1,"voltageKv":230,"lengthKm":0.0373},"geometry":{"type":"Point","coordinates":[89.0018836,24.0659852]}},{"type":"Feature","id":"a-024-789c1b9f74","properties":{"elementId":"A-024","featureId":"a-024-789c1b9f74","name":"230 kV 전력선 구간","kind":"transmission","kindLabel":"고압 송전선","sourceYear":"2026","recordIds":["bgd-v162-a-024-entity-00087"],"rowCount":1,"voltageKv":230,"lengthKm":0.0382},"geometry":{"type":"Point","coordinates":[89.0018876,24.0679501]}},{"type":"Feature","id":"a-024-b17a743c5b","properties":{"elementId":"A-024","featureId":"a-024-b17a743c5b","name":"230 kV 전력선 구간","kind":"transmission","kindLabel":"고압 송전선","sourceYear":"2026","recordIds":["bgd-v162-a-024-entity-00141"],"rowCount":1,"voltageKv":230,"lengthKm":0.2286},"geometry":{"type":"Point","coordinates":[89.00189,24.0670756]}},{"type":"Feature","id":"a-024-bca0e63141","properties":{"elementId":"A-024","featureId":"a-024-bca0e63141","name":"230 kV 전력선 구간","kind":"transmission","kindLabel":"고압 송전선","sourceYear":"2026","recordIds":["bgd-v162-a-024-entity-00059"],"rowCount":1,"voltageKv":230,"lengthKm":0.033},"geometry":{"type":"Point","coordinates":[89.001899,24.0678939]}},{"type":"Feature","id":"a-024-eba03162fe","properties":{"elementId":"A-024","featureId":"a-024-eba03162fe","name":"230 kV 전력선 구간","kind":"transmission","kindLabel":"고압 송전선","sourceYear":"2026","recordIds":["bgd-v162-a-024-entity-00051"],"rowCount":1,"voltageKv":230,"lengthKm":0.0287},"geometry":{"type":"Point","coordinates":[89.0019127,24.0678336]}},{"type":"Feature","id":"a-024-04c3a67077","properties":{"elementId":"A-024","featureId":"a-024-04c3a67077","name":"230 kV 전력선 구간","kind":"transmission","kindLabel":"고압 송전선","sourceYear":"2026","recordIds":["bgd-v162-a-024-entity-00136"],"rowCount":1,"voltageKv":230,"lengthKm":0.222},"geometry":{"type":"Point","coordinates":[89.0019433,24.0670493]}},{"type":"Feature","id":"a-024-9bc7770445","properties":{"elementId":"A-024","featureId":"a-024-9bc7770445","name":"230 kV 전력선 구간","kind":"transmission","kindLabel":"고압 송전선","sourceYear":"2026","recordIds":["bgd-v162-a-024-entity-00083"],"rowCount":1,"voltageKv":230,"lengthKm":0.0379},"geometry":{"type":"Point","coordinates":[89.0019519,24.0677039]}},{"type":"Feature","id":"a-024-10866b072e","properties":{"elementId":"A-024","featureId":"a-024-10866b072e","name":"230 kV 전력선 구간","kind":"transmission","kindLabel":"고압 송전선","sourceYear":"2026","recordIds":["bgd-v162-a-024-entity-00058"],"rowCount":1,"voltageKv":230,"lengthKm":0.0326},"geometry":{"type":"Point","coordinates":[89.0019737,24.0676476]}},{"type":"Feature","id":"a-024-726b83b4bb","properties":{"elementId":"A-024","featureId":"a-024-726b83b4bb","name":"230 kV 전력선 구간","kind":"transmission","kindLabel":"고압 송전선","sourceYear":"2026","recordIds":["bgd-v162-a-024-entity-00075"],"rowCount":1,"voltageKv":230,"lengthKm":0.0373},"geometry":{"type":"Point","coordinates":[89.0019949,24.0659276]}},{"type":"Feature","id":"a-024-c701e08aa9","properties":{"elementId":"A-024","featureId":"a-024-c701e08aa9","name":"230 kV 전력선 구간","kind":"transmission","kindLabel":"고압 송전선","sourceYear":"2026","recordIds":["bgd-v162-a-024-entity-00130"],"rowCount":1,"voltageKv":230,"lengthKm":0.2149},"geometry":{"type":"Point","coordinates":[89.0019981,24.0670187]}},{"type":"Feature","id":"a-024-20ac8a755e","properties":{"elementId":"A-024","featureId":"a-024-20ac8a755e","name":"230 kV 전력선 구간","kind":"transmission","kindLabel":"고압 송전선","sourceYear":"2026","recordIds":["bgd-v162-a-024-entity-00052"],"rowCount":1,"voltageKv":230,"lengthKm":0.0288},"geometry":{"type":"Point","coordinates":[89.0019997,24.0675914]}},{"type":"Feature","id":"a-024-edddde9a18","properties":{"elementId":"A-024","featureId":"a-024-edddde9a18","name":"230 kV 전력선 구간","kind":"transmission","kindLabel":"고압 송전선","sourceYear":"2026","recordIds":["bgd-v162-a-024-entity-00080"],"rowCount":1,"voltageKv":230,"lengthKm":0.0376},"geometry":{"type":"Point","coordinates":[89.0022453,24.0671707]}},{"type":"Feature","id":"a-024-3bae62c1f4","properties":{"elementId":"A-024","featureId":"a-024-3bae62c1f4","name":"230 kV 전력선 구간","kind":"transmission","kindLabel":"고압 송전선","sourceYear":"2026","recordIds":["bgd-v162-a-024-entity-00079"],"rowCount":1,"voltageKv":230,"lengthKm":0.0376},"geometry":{"type":"Point","coordinates":[89.0022981,24.0671454]}},{"type":"Feature","id":"a-024-fb1c44c9d9","properties":{"elementId":"A-024","featureId":"a-024-fb1c44c9d9","name":"230 kV 전력선 구간","kind":"transmission","kindLabel":"고압 송전선","sourceYear":"2026","recordIds":["bgd-v162-a-024-entity-00082"],"rowCount":1,"voltageKv":230,"lengthKm":0.0378},"geometry":{"type":"Point","coordinates":[89.0023558,24.0671145]}},{"type":"Feature","id":"a-024-2e732ceb73","properties":{"elementId":"A-024","featureId":"a-024-2e732ceb73","name":"230 kV 전력선 구간","kind":"transmission","kindLabel":"고압 송전선","sourceYear":"2026","recordIds":["bgd-v162-a-024-entity-00139"],"rowCount":1,"voltageKv":230,"lengthKm":0.224},"geometry":{"type":"Point","coordinates":[89.0024342,24.066599]}},{"type":"Feature","id":"a-024-e83ef43a23","properties":{"elementId":"A-024","featureId":"a-024-e83ef43a23","name":"230 kV 전력선 구간","kind":"transmission","kindLabel":"고압 송전선","sourceYear":"2026","recordIds":["bgd-v162-a-024-entity-00135"],"rowCount":1,"voltageKv":230,"lengthKm":0.221},"geometry":{"type":"Point","coordinates":[89.0024885,24.066571]}},{"type":"Feature","id":"a-024-3c08a1b4b9","properties":{"elementId":"A-024","featureId":"a-024-3c08a1b4b9","name":"230 kV 전력선 구간","kind":"transmission","kindLabel":"고압 송전선","sourceYear":"2026","recordIds":["bgd-v162-a-024-entity-00134"],"rowCount":1,"voltageKv":230,"lengthKm":0.2198},"geometry":{"type":"Point","coordinates":[89.0025416,24.0665441]}},{"type":"Feature","id":"a-024-e428e823ce","properties":{"elementId":"A-024","featureId":"a-024-e428e823ce","name":"230 kV 전력선 구간","kind":"transmission","kindLabel":"고압 송전선","sourceYear":"2026","recordIds":["bgd-v162-a-024-entity-00133"],"rowCount":1,"voltageKv":230,"lengthKm":0.2167},"geometry":{"type":"Point","coordinates":[89.0025538,24.0667836]}},{"type":"Feature","id":"a-024-c94f434ab4","properties":{"elementId":"A-024","featureId":"a-024-c94f434ab4","name":"230 kV 전력선 구간","kind":"transmission","kindLabel":"고압 송전선","sourceYear":"2026","recordIds":["bgd-v162-a-024-entity-00086"],"rowCount":1,"voltageKv":230,"lengthKm":0.0382},"geometry":{"type":"Point","coordinates":[89.0025774,24.0661657]}},{"type":"Feature","id":"a-024-8a0633d597","properties":{"elementId":"A-024","featureId":"a-024-8a0633d597","name":"230 kV 전력선 구간","kind":"transmission","kindLabel":"고압 송전선","sourceYear":"2026","recordIds":["bgd-v162-a-024-entity-00131"],"rowCount":1,"voltageKv":230,"lengthKm":0.215},"geometry":{"type":"Point","coordinates":[89.0026071,24.0667579]}},{"type":"Feature","id":"a-024-bd296bc15e","properties":{"elementId":"A-024","featureId":"a-024-bd296bc15e","name":"230 kV 전력선 구간","kind":"transmission","kindLabel":"고압 송전선","sourceYear":"2026","recordIds":["bgd-v162-a-024-entity-00085"],"rowCount":1,"voltageKv":230,"lengthKm":0.0382},"geometry":{"type":"Point","coordinates":[89.0026312,24.0661403]}},{"type":"Feature","id":"a-024-13850e53a0","properties":{"elementId":"A-024","featureId":"a-024-13850e53a0","name":"230 kV 전력선 구간","kind":"transmission","kindLabel":"고압 송전선","sourceYear":"2026","recordIds":["bgd-v162-a-024-entity-00132"],"rowCount":1,"voltageKv":230,"lengthKm":0.2152},"geometry":{"type":"Point","coordinates":[89.0026628,24.0667266]}},{"type":"Feature","id":"a-024-fad36a07e4","properties":{"elementId":"A-024","featureId":"a-024-fad36a07e4","name":"230 kV 전력선 구간","kind":"transmission","kindLabel":"고압 송전선","sourceYear":"2026","recordIds":["bgd-v162-a-024-entity-00088"],"rowCount":1,"voltageKv":230,"lengthKm":0.0383},"geometry":{"type":"Point","coordinates":[89.0026835,24.0661083]}},{"type":"Feature","id":"a-024-bd379da547","properties":{"elementId":"A-024","featureId":"a-024-bd379da547","name":"230 kV 전력선 구간","kind":"transmission","kindLabel":"고압 송전선","sourceYear":"2026","recordIds":["bgd-v162-a-024-entity-00069"],"rowCount":1,"voltageKv":230,"lengthKm":0.037},"geometry":{"type":"Point","coordinates":[89.0027601,24.0673099]}},{"type":"Feature","id":"a-024-21bdae742b","properties":{"elementId":"A-024","featureId":"a-024-21bdae742b","name":"230 kV 전력선 구간","kind":"transmission","kindLabel":"고압 송전선","sourceYear":"2026","recordIds":["bgd-v162-a-024-entity-00068"],"rowCount":1,"voltageKv":230,"lengthKm":0.037},"geometry":{"type":"Point","coordinates":[89.0028131,24.0672844]}},{"type":"Feature","id":"a-024-8c8361be0a","properties":{"elementId":"A-024","featureId":"a-024-8c8361be0a","name":"230 kV 전력선 구간","kind":"transmission","kindLabel":"고압 송전선","sourceYear":"2026","recordIds":["bgd-v162-a-024-entity-00064"],"rowCount":1,"voltageKv":230,"lengthKm":0.0369},"geometry":{"type":"Point","coordinates":[89.0028697,24.0672534]}},{"type":"Feature","id":"a-024-00ecf1136b","properties":{"elementId":"A-024","featureId":"a-024-00ecf1136b","name":"230 kV 전력선 구간","kind":"transmission","kindLabel":"고압 송전선","sourceYear":"2026","recordIds":["bgd-v162-a-024-entity-00122"],"rowCount":1,"voltageKv":230,"lengthKm":0.169},"geometry":{"type":"Point","coordinates":[89.0029486,24.0667405]}},{"type":"Feature","id":"a-024-c1a82f2f61","properties":{"elementId":"A-024","featureId":"a-024-c1a82f2f61","name":"230 kV 전력선 구간","kind":"transmission","kindLabel":"고압 송전선","sourceYear":"2026","recordIds":["bgd-v162-a-024-entity-00121"],"rowCount":1,"voltageKv":230,"lengthKm":0.169},"geometry":{"type":"Point","coordinates":[89.0030029,24.0667127]}},{"type":"Feature","id":"a-024-02c6613ff1","properties":{"elementId":"A-024","featureId":"a-024-02c6613ff1","name":"230 kV 전력선 구간","kind":"transmission","kindLabel":"고압 송전선","sourceYear":"2026","recordIds":["bgd-v162-a-024-entity-00123"],"rowCount":1,"voltageKv":230,"lengthKm":0.1691},"geometry":{"type":"Point","coordinates":[89.0030552,24.0666858]}},{"type":"Feature","id":"a-024-2dc0bdce13","properties":{"elementId":"A-024","featureId":"a-024-2dc0bdce13","name":"230 kV 전력선 구간","kind":"transmission","kindLabel":"고압 송전선","sourceYear":"2026","recordIds":["bgd-v162-a-024-entity-00067"],"rowCount":1,"voltageKv":230,"lengthKm":0.037},"geometry":{"type":"Point","coordinates":[89.0030926,24.0663052]}},{"type":"Feature","id":"a-024-cf54b60d06","properties":{"elementId":"A-024","featureId":"a-024-cf54b60d06","name":"230 kV 전력선 구간","kind":"transmission","kindLabel":"고압 송전선","sourceYear":"2026","recordIds":["bgd-v162-a-024-entity-00066"],"rowCount":1,"voltageKv":230,"lengthKm":0.037},"geometry":{"type":"Point","coordinates":[89.0031464,24.0662803]}},{"type":"Feature","id":"a-024-def2734c02","properties":{"elementId":"A-024","featureId":"a-024-def2734c02","name":"230 kV 전력선 구간","kind":"transmission","kindLabel":"고압 송전선","sourceYear":"2026","recordIds":["bgd-v162-a-024-entity-00065"],"rowCount":1,"voltageKv":230,"lengthKm":0.037},"geometry":{"type":"Point","coordinates":[89.0031983,24.0662477]}},{"type":"Feature","id":"a-024-30e9281140","properties":{"elementId":"A-024","featureId":"a-024-30e9281140","name":"230 kV 전력선 구간","kind":"transmission","kindLabel":"고압 송전선","sourceYear":"2026","recordIds":["bgd-v162-a-024-entity-00101"],"rowCount":1,"voltageKv":230,"lengthKm":0.0819},"geometry":{"type":"Point","coordinates":[89.0034366,24.0677284]}},{"type":"Feature","id":"a-024-74b03e85be","properties":{"elementId":"A-024","featureId":"a-024-74b03e85be","name":"230 kV 전력선 구간","kind":"transmission","kindLabel":"고압 송전선","sourceYear":"2026","recordIds":["bgd-v162-a-024-entity-00100"],"rowCount":1,"voltageKv":230,"lengthKm":0.0819},"geometry":{"type":"Point","coordinates":[89.0034896,24.0677029]}},{"type":"Feature","id":"a-024-cda3e8f0db","properties":{"elementId":"A-024","featureId":"a-024-cda3e8f0db","name":"230 kV 전력선 구간","kind":"transmission","kindLabel":"고압 송전선","sourceYear":"2026","recordIds":["bgd-v162-a-024-entity-00099"],"rowCount":1,"voltageKv":230,"lengthKm":0.0817},"geometry":{"type":"Point","coordinates":[89.0035462,24.0676719]}},{"type":"Feature","id":"a-024-cc825b7268","properties":{"elementId":"A-024","featureId":"a-024-cc825b7268","name":"230 kV 전력선 구간","kind":"transmission","kindLabel":"고압 송전선","sourceYear":"2026","recordIds":["bgd-v162-a-024-entity-00155"],"rowCount":1,"voltageKv":230,"lengthKm":2.076},"geometry":{"type":"Point","coordinates":[89.0109586,24.0653351]}},{"type":"Feature","id":"a-024-5a052d34d0","properties":{"elementId":"A-024","featureId":"a-024-5a052d34d0","name":"230 kV 전력선 구간","kind":"transmission","kindLabel":"고압 송전선","sourceYear":"2026","recordIds":["bgd-v162-a-024-entity-00156"],"rowCount":1,"voltageKv":230,"lengthKm":2.8577},"geometry":{"type":"Point","coordinates":[89.0146412,24.0631635]}},{"type":"Feature","id":"a-024-7da28e061c","properties":{"elementId":"A-024","featureId":"a-024-7da28e061c","name":"230 kV 전력선 구간","kind":"transmission","kindLabel":"고압 송전선","sourceYear":"2026","recordIds":["bgd-v162-a-024-entity-00892"],"rowCount":1,"voltageKv":230,"lengthKm":12.6691},"geometry":{"type":"Point","coordinates":[89.0380982,24.1056997]}},{"type":"Feature","id":"a-024-f7f614e06b","properties":{"elementId":"A-024","featureId":"a-024-f7f614e06b","name":"230 kV 전력선 구간","kind":"transmission","kindLabel":"고압 송전선","sourceYear":"2026","recordIds":["bgd-v162-a-024-entity-00899"],"rowCount":1,"voltageKv":230,"lengthKm":7.7361},"geometry":{"type":"Point","coordinates":[89.0420995,24.0697795]}},{"type":"Feature","id":"a-024-c82782ef66","properties":{"elementId":"A-024","featureId":"a-024-c82782ef66","name":"230 kV 전력선 구간","kind":"transmission","kindLabel":"고압 송전선","sourceYear":"2026","recordIds":["bgd-v162-a-024-entity-00159"],"rowCount":1,"voltageKv":230,"lengthKm":71.8959},"geometry":{"type":"Point","coordinates":[89.0731898,23.8056734]}},{"type":"Feature","id":"a-024-7684e67bba","properties":{"elementId":"A-024","featureId":"a-024-7684e67bba","name":"230 kV 전력선 구간","kind":"transmission","kindLabel":"고압 송전선","sourceYear":"2026","recordIds":["bgd-v162-a-024-entity-00888"],"rowCount":1,"voltageKv":230,"lengthKm":0.2424},"geometry":{"type":"Point","coordinates":[89.0823683,24.0968438]}},{"type":"Feature","id":"a-024-b4afc653a5","properties":{"elementId":"A-024","featureId":"a-024-b4afc653a5","name":"230 kV 전력선 구간","kind":"transmission","kindLabel":"고압 송전선","sourceYear":"2026","recordIds":["bgd-v162-a-024-entity-00894"],"rowCount":1,"voltageKv":230,"lengthKm":30.8168},"geometry":{"type":"Point","coordinates":[89.1050863,24.8060021]}},{"type":"Feature","id":"a-024-94b397268b","properties":{"elementId":"A-024","featureId":"a-024-94b397268b","name":"230 kV 전력선 구간","kind":"transmission","kindLabel":"고압 송전선","sourceYear":"2026","recordIds":["bgd-v162-a-024-entity-00152"],"rowCount":1,"voltageKv":230,"lengthKm":1.9139},"geometry":{"type":"Point","coordinates":[89.1538757,23.5041422]}},{"type":"Feature","id":"a-024-5750878198","properties":{"elementId":"A-024","featureId":"a-024-5750878198","name":"230 kV 전력선 구간","kind":"transmission","kindLabel":"고압 송전선","sourceYear":"2026","recordIds":["bgd-v162-a-024-entity-00895"],"rowCount":1,"voltageKv":230,"lengthKm":33.9396},"geometry":{"type":"Point","coordinates":[89.1913703,24.893743]}},{"type":"Feature","id":"a-024-8e83640d1c","properties":{"elementId":"A-024","featureId":"a-024-8e83640d1c","name":"230 kV 전력선 구간","kind":"transmission","kindLabel":"고압 송전선","sourceYear":"2026","recordIds":["bgd-v162-a-024-entity-00797"],"rowCount":1,"voltageKv":230,"lengthKm":100.3354},"geometry":{"type":"Point","coordinates":[89.2412839,25.2266299]}},{"type":"Feature","id":"a-024-66a182ba5a","properties":{"elementId":"A-024","featureId":"a-024-66a182ba5a","name":"230 kV 전력선 구간","kind":"transmission","kindLabel":"고압 송전선","sourceYear":"2026","recordIds":["bgd-v162-a-024-entity-00885"],"rowCount":1,"voltageKv":230,"lengthKm":0.145},"geometry":{"type":"Point","coordinates":[89.243825,24.7893548]}},{"type":"Feature","id":"a-024-ffb70158fd","properties":{"elementId":"A-024","featureId":"a-024-ffb70158fd","name":"230 kV 전력선 구간","kind":"transmission","kindLabel":"고압 송전선","sourceYear":"2026","recordIds":["bgd-v162-a-024-entity-00889"],"rowCount":1,"voltageKv":230,"lengthKm":1.3701},"geometry":{"type":"Point","coordinates":[89.2443332,24.7929098]}},{"type":"Feature","id":"a-024-d8c136a74e","properties":{"elementId":"A-024","featureId":"a-024-d8c136a74e","name":"230 kV 전력선 구간","kind":"transmission","kindLabel":"고압 송전선","sourceYear":"2026","recordIds":["bgd-v162-a-024-entity-00870"],"rowCount":1,"voltageKv":230,"lengthKm":0.0535},"geometry":{"type":"Point","coordinates":[89.2449297,24.7894299]}},{"type":"Feature","id":"a-024-c0ec269f86","properties":{"elementId":"A-024","featureId":"a-024-c0ec269f86","name":"230 kV 전력선 구간","kind":"transmission","kindLabel":"고압 송전선","sourceYear":"2026","recordIds":["bgd-v162-a-024-entity-00869"],"rowCount":1,"voltageKv":230,"lengthKm":0.0529},"geometry":{"type":"Point","coordinates":[89.2451765,24.7894299]}},{"type":"Feature","id":"a-024-8567376598","properties":{"elementId":"A-024","featureId":"a-024-8567376598","name":"230 kV 전력선 구간","kind":"transmission","kindLabel":"고압 송전선","sourceYear":"2026","recordIds":["bgd-v162-a-024-entity-00882"],"rowCount":1,"voltageKv":230,"lengthKm":0.12},"geometry":{"type":"Point","coordinates":[89.2452266,24.7894299]}},{"type":"Feature","id":"a-024-2411351c8a","properties":{"elementId":"A-024","featureId":"a-024-2411351c8a","name":"230 kV 전력선 구간","kind":"transmission","kindLabel":"고압 송전선","sourceYear":"2026","recordIds":["bgd-v162-a-024-entity-00153"],"rowCount":1,"voltageKv":230,"lengthKm":104.9409},"geometry":{"type":"Point","coordinates":[89.2452984,23.1164412]}},{"type":"Feature","id":"a-024-70c0e98a50","properties":{"elementId":"A-024","featureId":"a-024-70c0e98a50","name":"230 kV 전력선 구간","kind":"transmission","kindLabel":"고압 송전선","sourceYear":"2026","recordIds":["bgd-v162-a-024-entity-00868"],"rowCount":1,"voltageKv":230,"lengthKm":0.0515},"geometry":{"type":"Point","coordinates":[89.2454089,24.7889673]}},{"type":"Feature","id":"a-024-ecca9a44ee","properties":{"elementId":"A-024","featureId":"a-024-ecca9a44ee","name":"230 kV 전력선 구간","kind":"transmission","kindLabel":"고압 송전선","sourceYear":"2026","recordIds":["bgd-v162-a-024-entity-00890"],"rowCount":1,"voltageKv":230,"lengthKm":11.0109},"geometry":{"type":"Point","coordinates":[89.2910707,24.8081105]}},{"type":"Feature","id":"a-024-a8462d954b","properties":{"elementId":"A-024","featureId":"a-024-a8462d954b","name":"230 kV 전력선 구간","kind":"transmission","kindLabel":"고압 송전선","sourceYear":"2026","recordIds":["bgd-v162-a-024-entity-00891"],"rowCount":1,"voltageKv":230,"lengthKm":11.8331},"geometry":{"type":"Point","coordinates":[89.2988196,24.817715]}},{"type":"Feature","id":"a-024-c84bf2b004","properties":{"elementId":"A-024","featureId":"a-024-c84bf2b004","name":"230 kV 전력선 구간","kind":"transmission","kindLabel":"고압 송전선","sourceYear":"2026","recordIds":["bgd-v162-a-024-entity-00898"],"rowCount":1,"voltageKv":230,"lengthKm":65.2119},"geometry":{"type":"Point","coordinates":[89.3000236,24.0845284]}},{"type":"Feature","id":"a-024-8214a42d78","properties":{"elementId":"A-024","featureId":"a-024-8214a42d78","name":"230 kV 전력선 구간","kind":"transmission","kindLabel":"고압 송전선","sourceYear":"2026","recordIds":["bgd-v162-a-024-entity-00897"],"rowCount":1,"voltageKv":230,"lengthKm":54.3333},"geometry":{"type":"Point","coordinates":[89.3348743,24.1059227]}},{"type":"Feature","id":"a-024-fbd81333ac","properties":{"elementId":"A-024","featureId":"a-024-fbd81333ac","name":"230 kV 전력선 구간","kind":"transmission","kindLabel":"고압 송전선","sourceYear":"2026","recordIds":["bgd-v162-a-024-entity-00893"],"rowCount":1,"voltageKv":230,"lengthKm":2.5083},"geometry":{"type":"Point","coordinates":[89.3390614,24.828409]}},{"type":"Feature","id":"a-024-abc963f937","properties":{"elementId":"A-024","featureId":"a-024-abc963f937","name":"230 kV 전력선 구간","kind":"transmission","kindLabel":"고압 송전선","sourceYear":"2026","recordIds":["bgd-v162-a-024-entity-00878"],"rowCount":1,"voltageKv":230,"lengthKm":0.1037},"geometry":{"type":"Point","coordinates":[89.3503125,24.8286967]}},{"type":"Feature","id":"a-024-31efd4d2d3","properties":{"elementId":"A-024","featureId":"a-024-31efd4d2d3","name":"230 kV 전력선 구간","kind":"transmission","kindLabel":"고압 송전선","sourceYear":"2026","recordIds":["bgd-v162-a-024-entity-00876"],"rowCount":1,"voltageKv":230,"lengthKm":0.1032},"geometry":{"type":"Point","coordinates":[89.350715,24.8288232]}},{"type":"Feature","id":"a-024-733b8e607e","properties":{"elementId":"A-024","featureId":"a-024-733b8e607e","name":"230 kV 전력선 구간","kind":"transmission","kindLabel":"고압 송전선","sourceYear":"2026","recordIds":["bgd-v162-a-024-entity-00879"],"rowCount":1,"voltageKv":230,"lengthKm":0.1042},"geometry":{"type":"Point","coordinates":[89.3508755,24.8281093]}},{"type":"Feature","id":"a-024-624dd892bf","properties":{"elementId":"A-024","featureId":"a-024-624dd892bf","name":"230 kV 전력선 구간","kind":"transmission","kindLabel":"고압 송전선","sourceYear":"2026","recordIds":["bgd-v162-a-024-entity-00884"],"rowCount":1,"voltageKv":230,"lengthKm":0.1423},"geometry":{"type":"Point","coordinates":[89.3510781,24.8284685]}},{"type":"Feature","id":"a-024-ed732edaf9","properties":{"elementId":"A-024","featureId":"a-024-ed732edaf9","name":"230 kV 전력선 구간","kind":"transmission","kindLabel":"고압 송전선","sourceYear":"2026","recordIds":["bgd-v162-a-024-entity-00871","bgd-v162-a-024-entity-00883"],"rowCount":2,"voltageKv":230},"geometry":{"type":"Point","coordinates":[89.351165,24.8285327]}},{"type":"Feature","id":"a-024-05f91b6834","properties":{"elementId":"A-024","featureId":"a-024-05f91b6834","name":"230 kV 전력선 구간","kind":"transmission","kindLabel":"고압 송전선","sourceYear":"2026","recordIds":["bgd-v162-a-024-entity-00877"],"rowCount":1,"voltageKv":230,"lengthKm":0.1035},"geometry":{"type":"Point","coordinates":[89.3513165,24.8282334]}},{"type":"Feature","id":"a-024-d872e89650","properties":{"elementId":"A-024","featureId":"a-024-d872e89650","name":"230 kV 전력선 구간","kind":"transmission","kindLabel":"고압 송전선","sourceYear":"2026","recordIds":["bgd-v162-a-024-entity-00903"],"rowCount":1,"voltageKv":230,"lengthKm":90.3817},"geometry":{"type":"Point","coordinates":[89.4005759,24.1696266]}},{"type":"Feature","id":"a-024-1c0c3c6b7c","properties":{"elementId":"A-024","featureId":"a-024-1c0c3c6b7c","name":"230 kV 전력선 구간","kind":"transmission","kindLabel":"고압 송전선","sourceYear":"2026","recordIds":["bgd-v162-a-024-entity-00901"],"rowCount":1,"voltageKv":230,"lengthKm":72.3398},"geometry":{"type":"Point","coordinates":[89.496035,24.5498368]}},{"type":"Feature","id":"a-024-5d639086f8","properties":{"elementId":"A-024","featureId":"a-024-5d639086f8","name":"230 kV 전력선 구간","kind":"transmission","kindLabel":"고압 송전선","sourceYear":"2026","recordIds":["bgd-v162-a-024-entity-00109"],"rowCount":1,"voltageKv":230,"lengthKm":0.095},"geometry":{"type":"Point","coordinates":[89.5070257,22.7937443]}},{"type":"Feature","id":"a-024-97892ff920","properties":{"elementId":"A-024","featureId":"a-024-97892ff920","name":"230 kV 전력선 구간","kind":"transmission","kindLabel":"고압 송전선","sourceYear":"2026","recordIds":["bgd-v162-a-024-entity-00095"],"rowCount":1,"voltageKv":230,"lengthKm":0.0711},"geometry":{"type":"Point","coordinates":[89.5073533,22.7937094]}},{"type":"Feature","id":"a-024-67b48eca23","properties":{"elementId":"A-024","featureId":"a-024-67b48eca23","name":"230 kV 전력선 구간","kind":"transmission","kindLabel":"고압 송전선","sourceYear":"2026","recordIds":["bgd-v162-a-024-entity-00158"],"rowCount":1,"voltageKv":230,"lengthKm":4.6948},"geometry":{"type":"Point","coordinates":[89.5167679,22.7714084]}},{"type":"Feature","id":"a-024-15923fd44f","properties":{"elementId":"A-024","featureId":"a-024-15923fd44f","name":"230 kV 전력선 구간","kind":"transmission","kindLabel":"고압 송전선","sourceYear":"2026","recordIds":["bgd-v162-a-024-entity-00151"],"rowCount":1,"voltageKv":230,"lengthKm":0.4957},"geometry":{"type":"Point","coordinates":[89.5289987,22.756732]}},{"type":"Feature","id":"a-024-cd56d66ebf","properties":{"elementId":"A-024","featureId":"a-024-cd56d66ebf","name":"230 kV 전력선 구간","kind":"transmission","kindLabel":"고압 송전선","sourceYear":"2026","recordIds":["bgd-v162-a-024-entity-00154"],"rowCount":1,"voltageKv":230,"lengthKm":18.6612},"geometry":{"type":"Point","coordinates":[89.5529616,22.6772133]}},{"type":"Feature","id":"a-024-e96aae4b4d","properties":{"elementId":"A-024","featureId":"a-024-e96aae4b4d","name":"230 kV 전력선 구간","kind":"transmission","kindLabel":"고압 송전선","sourceYear":"2026","recordIds":["bgd-v162-a-024-entity-00896"],"rowCount":1,"voltageKv":230,"lengthKm":38.3703},"geometry":{"type":"Point","coordinates":[89.6172343,24.2780308]}},{"type":"Feature","id":"a-024-039ba3d1de","properties":{"elementId":"A-024","featureId":"a-024-039ba3d1de","name":"230 kV 전력선 구간","kind":"transmission","kindLabel":"고압 송전선","sourceYear":"2026","recordIds":["bgd-v162-a-024-entity-00157"],"rowCount":1,"voltageKv":230,"lengthKm":25.0742},"geometry":{"type":"Point","coordinates":[89.6218928,22.7894269]}},{"type":"Feature","id":"a-024-2359724f85","properties":{"elementId":"A-024","featureId":"a-024-2359724f85","name":"230 kV 전력선 구간","kind":"transmission","kindLabel":"고압 송전선","sourceYear":"2026","recordIds":["bgd-v162-a-024-entity-00872"],"rowCount":1,"voltageKv":230,"lengthKm":0.0977},"geometry":{"type":"Point","coordinates":[89.7430896,24.3884774]}},{"type":"Feature","id":"a-024-3154e4e0e3","properties":{"elementId":"A-024","featureId":"a-024-3154e4e0e3","name":"230 kV 전력선 구간","kind":"transmission","kindLabel":"고압 송전선","sourceYear":"2026","recordIds":["bgd-v162-a-024-entity-00873"],"rowCount":1,"voltageKv":230,"lengthKm":0.0981},"geometry":{"type":"Point","coordinates":[89.7432588,24.3887373]}},{"type":"Feature","id":"a-024-640e1499c9","properties":{"elementId":"A-024","featureId":"a-024-640e1499c9","name":"230 kV 전력선 구간","kind":"transmission","kindLabel":"고압 송전선","sourceYear":"2026","recordIds":["bgd-v162-a-024-entity-00867"],"rowCount":1,"voltageKv":230,"lengthKm":0.0473},"geometry":{"type":"Point","coordinates":[89.7434383,24.3883193]}},{"type":"Feature","id":"a-024-077fdd1b40","properties":{"elementId":"A-024","featureId":"a-024-077fdd1b40","name":"230 kV 전력선 구간","kind":"transmission","kindLabel":"고압 송전선","sourceYear":"2026","recordIds":["bgd-v162-a-024-entity-00880"],"rowCount":1,"voltageKv":230,"lengthKm":0.1095},"geometry":{"type":"Point","coordinates":[89.7436099,24.3884717]}},{"type":"Feature","id":"a-024-d553027fd4","properties":{"elementId":"A-024","featureId":"a-024-d553027fd4","name":"230 kV 전력선 구간","kind":"transmission","kindLabel":"고압 송전선","sourceYear":"2026","recordIds":["bgd-v162-a-024-entity-00887"],"rowCount":1,"voltageKv":230,"lengthKm":0.2092},"geometry":{"type":"Point","coordinates":[89.743618,24.3883172]}},{"type":"Feature","id":"a-024-d6ea0e8d5c","properties":{"elementId":"A-024","featureId":"a-024-d6ea0e8d5c","name":"230 kV 전력선 구간","kind":"transmission","kindLabel":"고압 송전선","sourceYear":"2026","recordIds":["bgd-v162-a-024-entity-00881"],"rowCount":1,"voltageKv":230,"lengthKm":0.1099},"geometry":{"type":"Point","coordinates":[89.7437845,24.3887348]}},{"type":"Feature","id":"a-024-3e2210f195","properties":{"elementId":"A-024","featureId":"a-024-3e2210f195","name":"230 kV 전력선 구간","kind":"transmission","kindLabel":"고압 송전선","sourceYear":"2026","recordIds":["bgd-v162-a-024-entity-00886"],"rowCount":1,"voltageKv":230,"lengthKm":0.2089},"geometry":{"type":"Point","coordinates":[89.7437896,24.3884697]}},{"type":"Feature","id":"a-024-0c4f01226b","properties":{"elementId":"A-024","featureId":"a-024-0c4f01226b","name":"230 kV 전력선 구간","kind":"transmission","kindLabel":"고압 송전선","sourceYear":"2026","recordIds":["bgd-v162-a-024-entity-00866"],"rowCount":1,"voltageKv":230,"lengthKm":0.0459},"geometry":{"type":"Point","coordinates":[89.7439532,24.3883132]}},{"type":"Feature","id":"a-024-1e7e893ba4","properties":{"elementId":"A-024","featureId":"a-024-1e7e893ba4","name":"230 kV 전력선 구간","kind":"transmission","kindLabel":"고압 송전선","sourceYear":"2026","recordIds":["bgd-v162-a-024-entity-00875"],"rowCount":1,"voltageKv":230,"lengthKm":0.1005},"geometry":{"type":"Point","coordinates":[89.7446348,24.3887519]}},{"type":"Feature","id":"a-024-df6b84c598","properties":{"elementId":"A-024","featureId":"a-024-df6b84c598","name":"230 kV 전력선 구간","kind":"transmission","kindLabel":"고압 송전선","sourceYear":"2026","recordIds":["bgd-v162-a-024-entity-00874"],"rowCount":1,"voltageKv":230,"lengthKm":0.0999},"geometry":{"type":"Point","coordinates":[89.7448196,24.3884584]}},{"type":"Feature","id":"a-024-640b4e0f35","properties":{"elementId":"A-024","featureId":"a-024-640b4e0f35","name":"230 kV 전력선 구간","kind":"transmission","kindLabel":"고압 송전선","sourceYear":"2026","recordIds":["bgd-v162-a-024-entity-00900"],"rowCount":1,"voltageKv":230,"lengthKm":7.9221},"geometry":{"type":"Point","coordinates":[89.7461751,24.3747335]}},{"type":"Feature","id":"a-024-80963d690c","properties":{"elementId":"A-024","featureId":"a-024-80963d690c","name":"230 kV 전력선 구간","kind":"transmission","kindLabel":"고압 송전선","sourceYear":"2026","recordIds":["bgd-v162-a-024-entity-00604"],"rowCount":1,"voltageKv":230,"lengthKm":33.1991},"geometry":{"type":"Point","coordinates":[89.8617047,24.2476608]}},{"type":"Feature","id":"a-024-4c1487887d","properties":{"elementId":"A-024","featureId":"a-024-4c1487887d","name":"230 kV 전력선 구간","kind":"transmission","kindLabel":"고압 송전선","sourceYear":"2026","recordIds":["bgd-v162-a-024-entity-00597"],"rowCount":1,"voltageKv":230,"lengthKm":173.0749},"geometry":{"type":"Point","coordinates":[89.8961826,23.8410388]}},{"type":"Feature","id":"a-024-532465973f","properties":{"elementId":"A-024","featureId":"a-024-532465973f","name":"230 kV 전력선 구간","kind":"transmission","kindLabel":"고압 송전선","sourceYear":"2026","recordIds":["bgd-v162-a-024-entity-00608"],"rowCount":1,"voltageKv":230,"lengthKm":48.838},"geometry":{"type":"Point","coordinates":[89.9069942,23.4673572]}},{"type":"Feature","id":"a-024-a60b958513","properties":{"elementId":"A-024","featureId":"a-024-a60b958513","name":"230 kV 전력선 구간","kind":"transmission","kindLabel":"고압 송전선","sourceYear":"2026","recordIds":["bgd-v162-a-024-entity-00611"],"rowCount":1,"voltageKv":230,"lengthKm":71.786},"geometry":{"type":"Point","coordinates":[89.9668197,24.3220367]}},{"type":"Feature","id":"a-024-4df44c831d","properties":{"elementId":"A-024","featureId":"a-024-4df44c831d","name":"230 kV 전력선 구간","kind":"transmission","kindLabel":"고압 송전선","sourceYear":"2026","recordIds":["bgd-v162-a-024-entity-00539"],"rowCount":1,"voltageKv":230,"lengthKm":0.0374},"geometry":{"type":"Point","coordinates":[90.011543,23.2762748]}},{"type":"Feature","id":"a-024-5221ccb22f","properties":{"elementId":"A-024","featureId":"a-024-5221ccb22f","name":"230 kV 전력선 구간","kind":"transmission","kindLabel":"고압 송전선","sourceYear":"2026","recordIds":["bgd-v162-a-024-entity-00551"],"rowCount":1,"voltageKv":230,"lengthKm":0.0778},"geometry":{"type":"Point","coordinates":[90.0118309,23.2766593]}},{"type":"Feature","id":"a-024-4102e8186a","properties":{"elementId":"A-024","featureId":"a-024-4102e8186a","name":"230 kV 전력선 구간","kind":"transmission","kindLabel":"고압 송전선","sourceYear":"2026","recordIds":["bgd-v162-a-024-entity-00538"],"rowCount":1,"voltageKv":230,"lengthKm":0.0366},"geometry":{"type":"Point","coordinates":[90.0118615,23.2765186]}},{"type":"Feature","id":"a-024-c29cc83888","properties":{"elementId":"A-024","featureId":"a-024-c29cc83888","name":"230 kV 전력선 구간","kind":"transmission","kindLabel":"고압 송전선","sourceYear":"2026","recordIds":["bgd-v162-a-024-entity-00578"],"rowCount":1,"voltageKv":230,"lengthKm":0.2534},"geometry":{"type":"Point","coordinates":[90.0125453,23.276945]}},{"type":"Feature","id":"a-024-8a7cb60793","properties":{"elementId":"A-024","featureId":"a-024-8a7cb60793","name":"230 kV 전력선 구간","kind":"transmission","kindLabel":"고압 송전선","sourceYear":"2026","recordIds":["bgd-v162-a-024-entity-00550"],"rowCount":1,"voltageKv":230,"lengthKm":0.0778},"geometry":{"type":"Point","coordinates":[90.0126084,23.2766544]}},{"type":"Feature","id":"a-024-d7191ed31f","properties":{"elementId":"A-024","featureId":"a-024-d7191ed31f","name":"230 kV 전력선 구간","kind":"transmission","kindLabel":"고압 송전선","sourceYear":"2026","recordIds":["bgd-v162-a-024-entity-00555"],"rowCount":1,"voltageKv":230,"lengthKm":0.0967},"geometry":{"type":"Point","coordinates":[90.0129833,23.2770542]}},{"type":"Feature","id":"a-024-5bd37db4c7","properties":{"elementId":"A-024","featureId":"a-024-5bd37db4c7","name":"230 kV 전력선 구간","kind":"transmission","kindLabel":"고압 송전선","sourceYear":"2026","recordIds":["bgd-v162-a-024-entity-00554"],"rowCount":1,"voltageKv":230,"lengthKm":0.0947},"geometry":{"type":"Point","coordinates":[90.0130796,23.2766151]}},{"type":"Feature","id":"a-024-ea5a133a39","properties":{"elementId":"A-024","featureId":"a-024-ea5a133a39","name":"230 kV 전력선 구간","kind":"transmission","kindLabel":"고압 송전선","sourceYear":"2026","recordIds":["bgd-v162-a-024-entity-00601"],"rowCount":1,"voltageKv":230,"lengthKm":29.346},"geometry":{"type":"Point","coordinates":[90.077452,24.0411793]}},{"type":"Feature","id":"a-024-903cf612f3","properties":{"elementId":"A-024","featureId":"a-024-903cf612f3","name":"230 kV 전력선 구간","kind":"transmission","kindLabel":"고압 송전선","sourceYear":"2026","recordIds":["bgd-v162-a-024-entity-00736"],"rowCount":1,"voltageKv":230,"lengthKm":72.6785},"geometry":{"type":"Point","coordinates":[90.1735663,23.0200186]}},{"type":"Feature","id":"a-024-dc2bb09678","properties":{"elementId":"A-024","featureId":"a-024-dc2bb09678","name":"230 kV 전력선 구간","kind":"transmission","kindLabel":"고압 송전선","sourceYear":"2026","recordIds":["bgd-v162-a-024-entity-00583"],"rowCount":1,"voltageKv":230,"lengthKm":0.4665},"geometry":{"type":"Point","coordinates":[90.1980638,24.0950904]}},{"type":"Feature","id":"a-024-4cc34a887d","properties":{"elementId":"A-024","featureId":"a-024-4cc34a887d","name":"230 kV 전력선 구간","kind":"transmission","kindLabel":"고압 송전선","sourceYear":"2026","recordIds":["bgd-v162-a-024-entity-00541"],"rowCount":1,"voltageKv":230,"lengthKm":0.0402},"geometry":{"type":"Point","coordinates":[90.1981219,24.0944662]}},{"type":"Feature","id":"a-024-7fb66b3e9c","properties":{"elementId":"A-024","featureId":"a-024-7fb66b3e9c","name":"230 kV 전력선 구간","kind":"transmission","kindLabel":"고압 송전선","sourceYear":"2026","recordIds":["bgd-v162-a-024-entity-00542"],"rowCount":1,"voltageKv":230,"lengthKm":0.0406},"geometry":{"type":"Point","coordinates":[90.1981708,24.0939394]}},{"type":"Feature","id":"a-024-25b00f5d9d","properties":{"elementId":"A-024","featureId":"a-024-25b00f5d9d","name":"230 kV 전력선 구간","kind":"transmission","kindLabel":"고압 송전선","sourceYear":"2026","recordIds":["bgd-v162-a-024-entity-00570"],"rowCount":1,"voltageKv":230,"lengthKm":0.1616},"geometry":{"type":"Point","coordinates":[90.1986056,24.0951323]}},{"type":"Feature","id":"a-024-437c76156e","properties":{"elementId":"A-024","featureId":"a-024-437c76156e","name":"230 kV 전력선 구간","kind":"transmission","kindLabel":"고압 송전선","sourceYear":"2026","recordIds":["bgd-v162-a-024-entity-00573"],"rowCount":1,"voltageKv":230,"lengthKm":0.1703},"geometry":{"type":"Point","coordinates":[90.1987352,24.0958975]}},{"type":"Feature","id":"a-024-728292708c","properties":{"elementId":"A-024","featureId":"a-024-728292708c","name":"230 kV 전력선 구간","kind":"transmission","kindLabel":"고압 송전선","sourceYear":"2026","recordIds":["bgd-v162-a-024-entity-00562","bgd-v162-a-024-entity-00576"],"rowCount":2,"voltageKv":230},"geometry":{"type":"Point","coordinates":[90.1994312,24.0944021]}},{"type":"Feature","id":"a-024-ead7966e55","properties":{"elementId":"A-024","featureId":"a-024-ead7966e55","name":"230 kV 전력선 구간","kind":"transmission","kindLabel":"고압 송전선","sourceYear":"2026","recordIds":["bgd-v162-a-024-entity-00569"],"rowCount":1,"voltageKv":230,"lengthKm":0.1532},"geometry":{"type":"Point","coordinates":[90.2002104,24.0961889]}},{"type":"Feature","id":"a-024-fc6736bd64","properties":{"elementId":"A-024","featureId":"a-024-fc6736bd64","name":"230 kV 전력선 구간","kind":"transmission","kindLabel":"고압 송전선","sourceYear":"2026","recordIds":["bgd-v162-a-024-entity-00729"],"rowCount":1,"voltageKv":230,"lengthKm":0.1107},"geometry":{"type":"Point","coordinates":[90.290622,22.0011318]}},{"type":"Feature","id":"a-024-ac908cfdb1","properties":{"elementId":"A-024","featureId":"a-024-ac908cfdb1","name":"230 kV 전력선 구간","kind":"transmission","kindLabel":"고압 송전선","sourceYear":"2026","recordIds":["bgd-v162-a-024-entity-00730"],"rowCount":1,"voltageKv":230,"lengthKm":0.2736},"geometry":{"type":"Point","coordinates":[90.2906923,22.0016882]}},{"type":"Feature","id":"a-024-b5281ad170","properties":{"elementId":"A-024","featureId":"a-024-b5281ad170","name":"230 kV 전력선 구간","kind":"transmission","kindLabel":"고압 송전선","sourceYear":"2026","recordIds":["bgd-v162-a-024-entity-00728"],"rowCount":1,"voltageKv":230,"lengthKm":0.1096},"geometry":{"type":"Point","coordinates":[90.2917062,22.0012405]}},{"type":"Feature","id":"a-024-5c35014fe3","properties":{"elementId":"A-024","featureId":"a-024-5c35014fe3","name":"230 kV 전력선 구간","kind":"transmission","kindLabel":"고압 송전선","sourceYear":"2026","recordIds":["bgd-v162-a-024-entity-00734"],"rowCount":1,"voltageKv":230,"lengthKm":49.8602},"geometry":{"type":"Point","coordinates":[90.2933827,22.5348146]}},{"type":"Feature","id":"a-024-2da7a756dc","properties":{"elementId":"A-024","featureId":"a-024-2da7a756dc","name":"230 kV 전력선 구간","kind":"transmission","kindLabel":"고압 송전선","sourceYear":"2026","recordIds":["bgd-v162-a-024-entity-00732"],"rowCount":1,"voltageKv":230,"lengthKm":2.2921},"geometry":{"type":"Point","coordinates":[90.2935375,22.7531945]}},{"type":"Feature","id":"a-024-cd5b47050b","properties":{"elementId":"A-024","featureId":"a-024-cd5b47050b","name":"230 kV 전력선 구간","kind":"transmission","kindLabel":"고압 송전선","sourceYear":"2026","recordIds":["bgd-v162-a-024-entity-00592"],"rowCount":1,"voltageKv":230,"lengthKm":11.1416},"geometry":{"type":"Point","coordinates":[90.3069527,23.7408374]}},{"type":"Feature","id":"a-024-ce79bf910d","properties":{"elementId":"A-024","featureId":"a-024-ce79bf910d","name":"230 kV 전력선 구간","kind":"transmission","kindLabel":"고압 송전선","sourceYear":"2026","recordIds":["bgd-v162-a-024-entity-00553"],"rowCount":1,"voltageKv":230,"lengthKm":0.0932},"geometry":{"type":"Point","coordinates":[90.3152878,23.7872892]}},{"type":"Feature","id":"a-024-5fcfe30484","properties":{"elementId":"A-024","featureId":"a-024-5fcfe30484","name":"230 kV 전력선 구간","kind":"transmission","kindLabel":"고압 송전선","sourceYear":"2026","recordIds":["bgd-v162-a-024-entity-00571"],"rowCount":1,"voltageKv":230,"lengthKm":0.1661},"geometry":{"type":"Point","coordinates":[90.3154223,23.7883833]}},{"type":"Feature","id":"a-024-2b8f7b8fc1","properties":{"elementId":"A-024","featureId":"a-024-2b8f7b8fc1","name":"230 kV 전력선 구간","kind":"transmission","kindLabel":"고압 송전선","sourceYear":"2026","recordIds":["bgd-v162-a-024-entity-00548"],"rowCount":1,"voltageKv":230,"lengthKm":0.0671},"geometry":{"type":"Point","coordinates":[90.3154401,23.7857027]}},{"type":"Feature","id":"a-024-bf983641be","properties":{"elementId":"A-024","featureId":"a-024-bf983641be","name":"230 kV 전력선 구간","kind":"transmission","kindLabel":"고압 송전선","sourceYear":"2026","recordIds":["bgd-v162-a-024-entity-00552"],"rowCount":1,"voltageKv":230,"lengthKm":0.0869},"geometry":{"type":"Point","coordinates":[90.3155408,23.7871071]}},{"type":"Feature","id":"a-024-00e9104073","properties":{"elementId":"A-024","featureId":"a-024-00e9104073","name":"230 kV 전력선 구간","kind":"transmission","kindLabel":"고압 송전선","sourceYear":"2026","recordIds":["bgd-v162-a-024-entity-00580"],"rowCount":1,"voltageKv":230,"lengthKm":0.2542},"geometry":{"type":"Point","coordinates":[90.315581,23.787402]}},{"type":"Feature","id":"a-024-d54163ddb3","properties":{"elementId":"A-024","featureId":"a-024-d54163ddb3","name":"230 kV 전력선 구간","kind":"transmission","kindLabel":"고압 송전선","sourceYear":"2026","recordIds":["bgd-v162-a-024-entity-00544"],"rowCount":1,"voltageKv":230,"lengthKm":0.0568},"geometry":{"type":"Point","coordinates":[90.3155965,23.7864539]}},{"type":"Feature","id":"a-024-f57c5487c6","properties":{"elementId":"A-024","featureId":"a-024-f57c5487c6","name":"230 kV 전력선 구간","kind":"transmission","kindLabel":"고압 송전선","sourceYear":"2026","recordIds":["bgd-v162-a-024-entity-00547","bgd-v162-a-024-entity-00579"],"rowCount":2,"voltageKv":230},"geometry":{"type":"Point","coordinates":[90.3157251,23.7873923]}},{"type":"Feature","id":"a-024-d9f8393c37","properties":{"elementId":"A-024","featureId":"a-024-d9f8393c37","name":"230 kV 전력선 구간","kind":"transmission","kindLabel":"고압 송전선","sourceYear":"2026","recordIds":["bgd-v162-a-024-entity-00572"],"rowCount":1,"voltageKv":230,"lengthKm":0.1679},"geometry":{"type":"Point","coordinates":[90.3157312,23.788504]}},{"type":"Feature","id":"a-024-9f22a8a9f2","properties":{"elementId":"A-024","featureId":"a-024-9f22a8a9f2","name":"230 kV 전력선 구간","kind":"transmission","kindLabel":"고압 송전선","sourceYear":"2026","recordIds":["bgd-v162-a-024-entity-00545"],"rowCount":1,"voltageKv":230,"lengthKm":0.0631},"geometry":{"type":"Point","coordinates":[90.3157479,23.7875489]}},{"type":"Feature","id":"a-024-5f4178808d","properties":{"elementId":"A-024","featureId":"a-024-5f4178808d","name":"230 kV 전력선 구간","kind":"transmission","kindLabel":"고압 송전선","sourceYear":"2026","recordIds":["bgd-v162-a-024-entity-00546"],"rowCount":1,"voltageKv":230,"lengthKm":0.0636},"geometry":{"type":"Point","coordinates":[90.3157693,23.7876968]}},{"type":"Feature","id":"a-024-cf9d5b6cdc","properties":{"elementId":"A-024","featureId":"a-024-cf9d5b6cdc","name":"230 kV 전력선 구간","kind":"transmission","kindLabel":"고압 송전선","sourceYear":"2026","recordIds":["bgd-v162-a-024-entity-00543","bgd-v162-a-024-entity-00549"],"rowCount":2,"voltageKv":230},"geometry":{"type":"Point","coordinates":[90.315784,23.7862726]}},{"type":"Feature","id":"a-024-0eda1c2bbd","properties":{"elementId":"A-024","featureId":"a-024-0eda1c2bbd","name":"230 kV 전력선 구간","kind":"transmission","kindLabel":"고압 송전선","sourceYear":"2026","recordIds":["bgd-v162-a-024-entity-00540"],"rowCount":1,"voltageKv":230,"lengthKm":0.0395},"geometry":{"type":"Point","coordinates":[90.3164329,23.7871984]}},{"type":"Feature","id":"a-024-469c31b091","properties":{"elementId":"A-024","featureId":"a-024-469c31b091","name":"230 kV 전력선 구간","kind":"transmission","kindLabel":"고압 송전선","sourceYear":"2026","recordIds":["bgd-v162-a-024-entity-00561"],"rowCount":1,"voltageKv":230,"lengthKm":0.1112},"geometry":{"type":"Point","coordinates":[90.3164796,23.7861241]}},{"type":"Feature","id":"a-024-62bab99479","properties":{"elementId":"A-024","featureId":"a-024-62bab99479","name":"230 kV 전력선 구간","kind":"transmission","kindLabel":"고압 송전선","sourceYear":"2026","recordIds":["bgd-v162-a-024-entity-00731"],"rowCount":1,"voltageKv":230,"lengthKm":0.3227},"geometry":{"type":"Point","coordinates":[90.3164899,22.3581354]}},{"type":"Feature","id":"a-024-73727c241f","properties":{"elementId":"A-024","featureId":"a-024-73727c241f","name":"230 kV 전력선 구간","kind":"transmission","kindLabel":"고압 송전선","sourceYear":"2026","recordIds":["bgd-v162-a-024-entity-00733"],"rowCount":1,"voltageKv":230,"lengthKm":45.3309},"geometry":{"type":"Point","coordinates":[90.3265428,22.1689457]}},{"type":"Feature","id":"a-024-604aa95ef5","properties":{"elementId":"A-024","featureId":"a-024-604aa95ef5","name":"230 kV 전력선 구간","kind":"transmission","kindLabel":"고압 송전선","sourceYear":"2026","recordIds":["bgd-v162-a-024-entity-00602"],"rowCount":1,"voltageKv":230,"lengthKm":3.4294},"geometry":{"type":"Point","coordinates":[90.3326524,23.7789348]}},{"type":"Feature","id":"a-024-5dfd435899","properties":{"elementId":"A-024","featureId":"a-024-5dfd435899","name":"230 kV 전력선 구간","kind":"transmission","kindLabel":"고압 송전선","sourceYear":"2026","recordIds":["bgd-v162-a-024-entity-00603"],"rowCount":1,"voltageKv":230,"lengthKm":31.4649},"geometry":{"type":"Point","coordinates":[90.3392535,24.0519469]}},{"type":"Feature","id":"a-024-4268e9fdbc","properties":{"elementId":"A-024","featureId":"a-024-4268e9fdbc","name":"230 kV 전력선 구간","kind":"transmission","kindLabel":"고압 송전선","sourceYear":"2026","recordIds":["bgd-v162-a-024-entity-00586"],"rowCount":1,"voltageKv":230,"lengthKm":0.9526},"geometry":{"type":"Point","coordinates":[90.3408153,23.9873906]}},{"type":"Feature","id":"a-024-c5e6df608b","properties":{"elementId":"A-024","featureId":"a-024-c5e6df608b","name":"230 kV 전력선 구간","kind":"transmission","kindLabel":"고압 송전선","sourceYear":"2026","recordIds":["bgd-v162-a-024-entity-00596"],"rowCount":1,"voltageKv":230,"lengthKm":15.6338},"geometry":{"type":"Point","coordinates":[90.3416671,23.8594562]}},{"type":"Feature","id":"a-024-2104e67d2e","properties":{"elementId":"A-024","featureId":"a-024-2104e67d2e","name":"230 kV 전력선 구간","kind":"transmission","kindLabel":"고압 송전선","sourceYear":"2026","recordIds":["bgd-v162-a-024-entity-00590"],"rowCount":1,"voltageKv":230,"lengthKm":10.3404},"geometry":{"type":"Point","coordinates":[90.3818928,23.6796464]}},{"type":"Feature","id":"a-024-19295be1ce","properties":{"elementId":"A-024","featureId":"a-024-19295be1ce","name":"230 kV 전력선 구간","kind":"transmission","kindLabel":"고압 송전선","sourceYear":"2026","recordIds":["bgd-v162-a-024-entity-00587"],"rowCount":1,"voltageKv":230,"lengthKm":1.1512},"geometry":{"type":"Point","coordinates":[90.3915395,24.2266424]}},{"type":"Feature","id":"a-024-8ed767525e","properties":{"elementId":"A-024","featureId":"a-024-8ed767525e","name":"230 kV 전력선 구간","kind":"transmission","kindLabel":"고압 송전선","sourceYear":"2026","recordIds":["bgd-v162-a-024-entity-00613"],"rowCount":1,"voltageKv":230,"lengthKm":9.5469},"geometry":{"type":"Point","coordinates":[90.4017108,23.9285482]}},{"type":"Feature","id":"a-024-dbf03baddc","properties":{"elementId":"A-024","featureId":"a-024-dbf03baddc","name":"230 kV 전력선 구간","kind":"transmission","kindLabel":"고압 송전선","sourceYear":"2026","recordIds":["bgd-v162-a-024-entity-00556"],"rowCount":1,"voltageKv":230,"lengthKm":0.097},"geometry":{"type":"Point","coordinates":[90.4140287,23.8978588]}},{"type":"Feature","id":"a-024-26b1e60d06","properties":{"elementId":"A-024","featureId":"a-024-26b1e60d06","name":"230 kV 전력선 구간","kind":"transmission","kindLabel":"고압 송전선","sourceYear":"2026","recordIds":["bgd-v162-a-024-entity-00558"],"rowCount":1,"voltageKv":230,"lengthKm":0.1009},"geometry":{"type":"Point","coordinates":[90.4141564,23.8977076]}},{"type":"Feature","id":"a-024-37be0830b4","properties":{"elementId":"A-024","featureId":"a-024-37be0830b4","name":"230 kV 전력선 구간","kind":"transmission","kindLabel":"고압 송전선","sourceYear":"2026","recordIds":["bgd-v162-a-024-entity-00559"],"rowCount":1,"voltageKv":230,"lengthKm":0.1009},"geometry":{"type":"Point","coordinates":[90.4141765,23.897841]}},{"type":"Feature","id":"a-024-d6e27d1c3c","properties":{"elementId":"A-024","featureId":"a-024-d6e27d1c3c","name":"230 kV 전력선 구간","kind":"transmission","kindLabel":"고압 송전선","sourceYear":"2026","recordIds":["bgd-v162-a-024-entity-00557"],"rowCount":1,"voltageKv":230,"lengthKm":0.0995},"geometry":{"type":"Point","coordinates":[90.4142079,23.8980503]}},{"type":"Feature","id":"a-024-bfe034bae0","properties":{"elementId":"A-024","featureId":"a-024-bfe034bae0","name":"230 kV 전력선 구간","kind":"transmission","kindLabel":"고압 송전선","sourceYear":"2026","recordIds":["bgd-v162-a-024-entity-00566"],"rowCount":1,"voltageKv":230,"lengthKm":0.1304},"geometry":{"type":"Point","coordinates":[90.4143635,23.8980405]}},{"type":"Feature","id":"a-024-7c26b047cf","properties":{"elementId":"A-024","featureId":"a-024-7c26b047cf","name":"230 kV 전력선 구간","kind":"transmission","kindLabel":"고압 송전선","sourceYear":"2026","recordIds":["bgd-v162-a-024-entity-00564"],"rowCount":1,"voltageKv":230,"lengthKm":0.1257},"geometry":{"type":"Point","coordinates":[90.4144822,23.8978039]}},{"type":"Feature","id":"a-024-9cb1dc7762","properties":{"elementId":"A-024","featureId":"a-024-9cb1dc7762","name":"230 kV 전력선 구간","kind":"transmission","kindLabel":"고압 송전선","sourceYear":"2026","recordIds":["bgd-v162-a-024-entity-00568"],"rowCount":1,"voltageKv":230,"lengthKm":0.1528},"geometry":{"type":"Point","coordinates":[90.4145566,23.8973392]}},{"type":"Feature","id":"a-024-31f6d93e64","properties":{"elementId":"A-024","featureId":"a-024-31f6d93e64","name":"230 kV 전력선 구간","kind":"transmission","kindLabel":"고압 송전선","sourceYear":"2026","recordIds":["bgd-v162-a-024-entity-00606"],"rowCount":1,"voltageKv":230,"lengthKm":4.132},"geometry":{"type":"Point","coordinates":[90.43929,23.6663326]}},{"type":"Feature","id":"a-024-a108e9d416","properties":{"elementId":"A-024","featureId":"a-024-a108e9d416","name":"230 kV 전력선 구간","kind":"transmission","kindLabel":"고압 송전선","sourceYear":"2026","recordIds":["bgd-v162-a-024-entity-00591"],"rowCount":1,"voltageKv":230,"lengthKm":10.8571},"geometry":{"type":"Point","coordinates":[90.4860654,23.7184149]}},{"type":"Feature","id":"a-024-2f7d64f889","properties":{"elementId":"A-024","featureId":"a-024-2f7d64f889","name":"230 kV 전력선 구간","kind":"transmission","kindLabel":"고압 송전선","sourceYear":"2026","recordIds":["bgd-v162-a-024-entity-00594"],"rowCount":1,"voltageKv":230,"lengthKm":13.4664},"geometry":{"type":"Point","coordinates":[90.4926771,23.7614044]}},{"type":"Feature","id":"a-024-e8aca9d988","properties":{"elementId":"A-024","featureId":"a-024-e8aca9d988","name":"230 kV 전력선 구간","kind":"transmission","kindLabel":"고압 송전선","sourceYear":"2026","recordIds":["bgd-v162-a-024-entity-00614"],"rowCount":1,"voltageKv":230,"lengthKm":9.7624},"geometry":{"type":"Point","coordinates":[90.494523,23.6701356]}},{"type":"Feature","id":"a-024-6b482d1607","properties":{"elementId":"A-024","featureId":"a-024-6b482d1607","name":"230 kV 전력선 구간","kind":"transmission","kindLabel":"고압 송전선","sourceYear":"2026","recordIds":["bgd-v162-a-024-entity-00595"],"rowCount":1,"voltageKv":230,"lengthKm":15.1127},"geometry":{"type":"Point","coordinates":[90.4996793,23.7710626]}},{"type":"Feature","id":"a-024-eda24bf7e6","properties":{"elementId":"A-024","featureId":"a-024-eda24bf7e6","name":"230 kV 전력선 구간","kind":"transmission","kindLabel":"고압 송전선","sourceYear":"2026","recordIds":["bgd-v162-a-024-entity-00735"],"rowCount":1,"voltageKv":230,"lengthKm":62.3949},"geometry":{"type":"Point","coordinates":[90.4997468,22.6223196]}},{"type":"Feature","id":"a-024-32d4f7ebef","properties":{"elementId":"A-024","featureId":"a-024-32d4f7ebef","name":"230 kV 전력선 구간","kind":"transmission","kindLabel":"고압 송전선","sourceYear":"2026","recordIds":["bgd-v162-a-024-entity-00588"],"rowCount":1,"voltageKv":230,"lengthKm":1.5157},"geometry":{"type":"Point","coordinates":[90.5242882,23.6842234]}},{"type":"Feature","id":"a-024-37772d4de3","properties":{"elementId":"A-024","featureId":"a-024-37772d4de3","name":"230 kV 전력선 구간","kind":"transmission","kindLabel":"고압 송전선","sourceYear":"2026","recordIds":["bgd-v162-a-024-entity-00600"],"rowCount":1,"voltageKv":230,"lengthKm":26.1935},"geometry":{"type":"Point","coordinates":[90.5250035,23.9373395]}},{"type":"Feature","id":"a-024-40e4f23b13","properties":{"elementId":"A-024","featureId":"a-024-40e4f23b13","name":"230 kV 전력선 구간","kind":"transmission","kindLabel":"고압 송전선","sourceYear":"2026","recordIds":["bgd-v162-a-024-entity-00585"],"rowCount":1,"voltageKv":230,"lengthKm":0.7164},"geometry":{"type":"Point","coordinates":[90.5301399,23.6824811]}},{"type":"Feature","id":"a-024-cc0d300395","properties":{"elementId":"A-024","featureId":"a-024-cc0d300395","name":"230 kV 전력선 구간","kind":"transmission","kindLabel":"고압 송전선","sourceYear":"2026","recordIds":["bgd-v162-a-024-entity-00584"],"rowCount":1,"voltageKv":230,"lengthKm":0.6108},"geometry":{"type":"Point","coordinates":[90.5326857,23.6819892]}},{"type":"Feature","id":"a-024-1c063c009e","properties":{"elementId":"A-024","featureId":"a-024-1c063c009e","name":"230 kV 전력선 구간","kind":"transmission","kindLabel":"고압 송전선","sourceYear":"2026","recordIds":["bgd-v162-a-024-entity-00599"],"rowCount":1,"voltageKv":230,"lengthKm":2.6045},"geometry":{"type":"Point","coordinates":[90.5388923,23.6812598]}},{"type":"Feature","id":"a-024-2c305cfcb7","properties":{"elementId":"A-024","featureId":"a-024-2c305cfcb7","name":"230 kV 전력선 구간","kind":"transmission","kindLabel":"고압 송전선","sourceYear":"2026","recordIds":["bgd-v162-a-024-entity-00612"],"rowCount":1,"voltageKv":230,"lengthKm":8.0071},"geometry":{"type":"Point","coordinates":[90.5448124,23.7222469]}},{"type":"Feature","id":"a-024-4156a9281e","properties":{"elementId":"A-024","featureId":"a-024-4156a9281e","name":"230 kV 전력선 구간","kind":"transmission","kindLabel":"고압 송전선","sourceYear":"2026","recordIds":["bgd-v162-a-024-entity-00615"],"rowCount":1,"voltageKv":230,"lengthKm":9.9908},"geometry":{"type":"Point","coordinates":[90.5582319,23.6239605]}},{"type":"Feature","id":"a-024-03688a803e","properties":{"elementId":"A-024","featureId":"a-024-03688a803e","name":"230 kV 전력선 구간","kind":"transmission","kindLabel":"고압 송전선","sourceYear":"2026","recordIds":["bgd-v162-a-024-entity-00593"],"rowCount":1,"voltageKv":230,"lengthKm":11.7726},"geometry":{"type":"Point","coordinates":[90.5594067,23.6457082]}},{"type":"Feature","id":"a-024-3e3052c3a0","properties":{"elementId":"A-024","featureId":"a-024-3e3052c3a0","name":"230 kV 전력선 구간","kind":"transmission","kindLabel":"고압 송전선","sourceYear":"2026","recordIds":["bgd-v162-a-024-entity-00598"],"rowCount":1,"voltageKv":230,"lengthKm":2.0753},"geometry":{"type":"Point","coordinates":[90.5685478,23.7599689]}},{"type":"Feature","id":"a-024-7ee83d73d7","properties":{"elementId":"A-024","featureId":"a-024-7ee83d73d7","name":"230 kV 전력선 구간","kind":"transmission","kindLabel":"고압 송전선","sourceYear":"2026","recordIds":["bgd-v162-a-024-entity-00574"],"rowCount":1,"voltageKv":230,"lengthKm":0.1768},"geometry":{"type":"Point","coordinates":[90.5979682,23.6116995]}},{"type":"Feature","id":"a-024-e9f846292d","properties":{"elementId":"A-024","featureId":"a-024-e9f846292d","name":"230 kV 전력선 구간","kind":"transmission","kindLabel":"고압 송전선","sourceYear":"2026","recordIds":["bgd-v162-a-024-entity-00563"],"rowCount":1,"voltageKv":230,"lengthKm":0.1255},"geometry":{"type":"Point","coordinates":[90.5988166,23.6115324]}},{"type":"Feature","id":"a-024-d6b2e46658","properties":{"elementId":"A-024","featureId":"a-024-d6b2e46658","name":"230 kV 전력선 구간","kind":"transmission","kindLabel":"고압 송전선","sourceYear":"2026","recordIds":["bgd-v162-a-024-entity-00575"],"rowCount":1,"voltageKv":230,"lengthKm":0.2044},"geometry":{"type":"Point","coordinates":[90.5993361,23.6108442]}},{"type":"Feature","id":"a-024-9e90229fee","properties":{"elementId":"A-024","featureId":"a-024-9e90229fee","name":"230 kV 전력선 구간","kind":"transmission","kindLabel":"고압 송전선","sourceYear":"2026","recordIds":["bgd-v162-a-024-entity-00560"],"rowCount":1,"voltageKv":230,"lengthKm":0.1017},"geometry":{"type":"Point","coordinates":[90.5994593,23.6094383]}},{"type":"Feature","id":"a-024-3a02c24577","properties":{"elementId":"A-024","featureId":"a-024-3a02c24577","name":"230 kV 전력선 구간","kind":"transmission","kindLabel":"고압 송전선","sourceYear":"2026","recordIds":["bgd-v162-a-024-entity-00567"],"rowCount":1,"voltageKv":230,"lengthKm":0.1485},"geometry":{"type":"Point","coordinates":[90.599953,23.6114144]}},{"type":"Feature","id":"a-024-475845713c","properties":{"elementId":"A-024","featureId":"a-024-475845713c","name":"230 kV 전력선 구간","kind":"transmission","kindLabel":"고압 송전선","sourceYear":"2026","recordIds":["bgd-v162-a-024-entity-00577"],"rowCount":1,"voltageKv":230,"lengthKm":0.24},"geometry":{"type":"Point","coordinates":[90.600208,23.6104694]}},{"type":"Feature","id":"a-024-6bcc676cb3","properties":{"elementId":"A-024","featureId":"a-024-6bcc676cb3","name":"230 kV 전력선 구간","kind":"transmission","kindLabel":"고압 송전선","sourceYear":"2026","recordIds":["bgd-v162-a-024-entity-00565"],"rowCount":1,"voltageKv":230,"lengthKm":0.1273},"geometry":{"type":"Point","coordinates":[90.6006942,23.611355]}},{"type":"Feature","id":"a-024-deaa010d50","properties":{"elementId":"A-024","featureId":"a-024-deaa010d50","name":"230 kV 전력선 구간","kind":"transmission","kindLabel":"고압 송전선","sourceYear":"2026","recordIds":["bgd-v162-a-024-entity-00582"],"rowCount":1,"voltageKv":230,"lengthKm":0.4189},"geometry":{"type":"Point","coordinates":[90.6012815,23.6105388]}},{"type":"Feature","id":"a-024-f745339747","properties":{"elementId":"A-024","featureId":"a-024-f745339747","name":"230 kV 전력선 구간","kind":"transmission","kindLabel":"고압 송전선","sourceYear":"2026","recordIds":["bgd-v162-a-024-entity-00581"],"rowCount":1,"voltageKv":230,"lengthKm":0.4183},"geometry":{"type":"Point","coordinates":[90.6014291,23.610562]}},{"type":"Feature","id":"a-024-f57aa0d005","properties":{"elementId":"A-024","featureId":"a-024-f57aa0d005","name":"230 kV 전력선 구간","kind":"transmission","kindLabel":"고압 송전선","sourceYear":"2026","recordIds":["bgd-v162-a-024-entity-00609"],"rowCount":1,"voltageKv":230,"lengthKm":5.81},"geometry":{"type":"Point","coordinates":[90.6344068,23.5380444]}},{"type":"Feature","id":"a-024-cd1aed7417","properties":{"elementId":"A-024","featureId":"a-024-cd1aed7417","name":"230 kV 전력선 구간","kind":"transmission","kindLabel":"고압 송전선","sourceYear":"2026","recordIds":["bgd-v162-a-024-entity-00589"],"rowCount":1,"voltageKv":230,"lengthKm":1.6562},"geometry":{"type":"Point","coordinates":[90.6755251,23.509942]}},{"type":"Feature","id":"a-024-2faae197a7","properties":{"elementId":"A-024","featureId":"a-024-2faae197a7","name":"230 kV 전력선 구간","kind":"transmission","kindLabel":"고압 송전선","sourceYear":"2026","recordIds":["bgd-v162-a-024-entity-00605"],"rowCount":1,"voltageKv":230,"lengthKm":34.5453},"geometry":{"type":"Point","coordinates":[90.6897932,23.8583859]}},{"type":"Feature","id":"a-024-9fa675dd63","properties":{"elementId":"A-024","featureId":"a-024-9fa675dd63","name":"230 kV 전력선 구간","kind":"transmission","kindLabel":"고압 송전선","sourceYear":"2026","recordIds":["bgd-v162-a-024-entity-00610"],"rowCount":1,"voltageKv":230,"lengthKm":71.1261},"geometry":{"type":"Point","coordinates":[90.7030517,24.1312357]}},{"type":"Feature","id":"a-024-17286cef44","properties":{"elementId":"A-024","featureId":"a-024-17286cef44","name":"230 kV 전력선 구간","kind":"transmission","kindLabel":"고압 송전선","sourceYear":"2026","recordIds":["bgd-v162-a-024-entity-00361"],"rowCount":1,"voltageKv":230,"lengthKm":29.8815},"geometry":{"type":"Point","coordinates":[90.797241,23.3766969]}},{"type":"Feature","id":"a-024-f30e0df3d8","properties":{"elementId":"A-024","featureId":"a-024-f30e0df3d8","name":"230 kV 전력선 구간","kind":"transmission","kindLabel":"고압 송전선","sourceYear":"2026","recordIds":["bgd-v162-a-024-entity-00607"],"rowCount":1,"voltageKv":230,"lengthKm":43.0606},"geometry":{"type":"Point","coordinates":[90.8291894,23.9860607]}},{"type":"Feature","id":"a-024-a3e9bcbb50","properties":{"elementId":"A-024","featureId":"a-024-a3e9bcbb50","name":"230 kV 전력선 구간","kind":"transmission","kindLabel":"고압 송전선","sourceYear":"2026","recordIds":["bgd-v162-a-024-entity-00368"],"rowCount":1,"voltageKv":230,"lengthKm":57.1401},"geometry":{"type":"Point","coordinates":[90.8369521,23.5179898]}},{"type":"Feature","id":"a-024-682c5ad108","properties":{"elementId":"A-024","featureId":"a-024-682c5ad108","name":"230 kV 전력선 구간","kind":"transmission","kindLabel":"고압 송전선","sourceYear":"2026","recordIds":["bgd-v162-a-024-entity-00366"],"rowCount":1,"voltageKv":230,"lengthKm":50.4424},"geometry":{"type":"Point","coordinates":[90.998375,23.120309]}},{"type":"Feature","id":"a-024-6897881ccb","properties":{"elementId":"A-024","featureId":"a-024-6897881ccb","name":"230 kV 전력선 구간","kind":"transmission","kindLabel":"고압 송전선","sourceYear":"2026","recordIds":["bgd-v162-a-024-entity-00353"],"rowCount":1,"voltageKv":230,"lengthKm":0.8489},"geometry":{"type":"Point","coordinates":[91.0128954,24.0443786]}},{"type":"Feature","id":"a-024-90dc5999d6","properties":{"elementId":"A-024","featureId":"a-024-90dc5999d6","name":"230 kV 전력선 구간","kind":"transmission","kindLabel":"고압 송전선","sourceYear":"2026","recordIds":["bgd-v162-a-024-entity-00352"],"rowCount":1,"voltageKv":230,"lengthKm":0.8405},"geometry":{"type":"Point","coordinates":[91.0130128,24.0444565]}},{"type":"Feature","id":"a-024-f4b2a9ee19","properties":{"elementId":"A-024","featureId":"a-024-f4b2a9ee19","name":"230 kV 전력선 구간","kind":"transmission","kindLabel":"고압 송전선","sourceYear":"2026","recordIds":["bgd-v162-a-024-entity-00347"],"rowCount":1,"voltageKv":230,"lengthKm":0.1566},"geometry":{"type":"Point","coordinates":[91.0152364,24.0408261]}},{"type":"Feature","id":"a-024-c12335df2a","properties":{"elementId":"A-024","featureId":"a-024-c12335df2a","name":"230 kV 전력선 구간","kind":"transmission","kindLabel":"고압 송전선","sourceYear":"2026","recordIds":["bgd-v162-a-024-entity-00345"],"rowCount":1,"voltageKv":230,"lengthKm":0.1507},"geometry":{"type":"Point","coordinates":[91.0153984,24.0408744]}},{"type":"Feature","id":"a-024-a8d8d00942","properties":{"elementId":"A-024","featureId":"a-024-a8d8d00942","name":"230 kV 전력선 구간","kind":"transmission","kindLabel":"고압 송전선","sourceYear":"2026","recordIds":["bgd-v162-a-024-entity-00348"],"rowCount":1,"voltageKv":230,"lengthKm":0.1899},"geometry":{"type":"Point","coordinates":[91.0156226,24.0409143]}},{"type":"Feature","id":"a-024-6615091a74","properties":{"elementId":"A-024","featureId":"a-024-6615091a74","name":"230 kV 전력선 구간","kind":"transmission","kindLabel":"고압 송전선","sourceYear":"2026","recordIds":["bgd-v162-a-024-entity-00349"],"rowCount":1,"voltageKv":230,"lengthKm":0.1915},"geometry":{"type":"Point","coordinates":[91.0157997,24.0410025]}},{"type":"Feature","id":"a-024-6bdd12fce1","properties":{"elementId":"A-024","featureId":"a-024-6bdd12fce1","name":"230 kV 전력선 구간","kind":"transmission","kindLabel":"고압 송전선","sourceYear":"2026","recordIds":["bgd-v162-a-024-entity-00343"],"rowCount":1,"voltageKv":230,"lengthKm":0.1421},"geometry":{"type":"Point","coordinates":[91.0160529,24.0411977]}},{"type":"Feature","id":"a-024-0293fdc508","properties":{"elementId":"A-024","featureId":"a-024-0293fdc508","name":"230 kV 전력선 구간","kind":"transmission","kindLabel":"고압 송전선","sourceYear":"2026","recordIds":["bgd-v162-a-024-entity-00344"],"rowCount":1,"voltageKv":230,"lengthKm":0.1425},"geometry":{"type":"Point","coordinates":[91.0162234,24.0413013]}},{"type":"Feature","id":"a-024-af77b415d1","properties":{"elementId":"A-024","featureId":"a-024-af77b415d1","name":"230 kV 전력선 구간","kind":"transmission","kindLabel":"고압 송전선","sourceYear":"2026","recordIds":["bgd-v162-a-024-entity-00371"],"rowCount":1,"voltageKv":230,"lengthKm":79.3456},"geometry":{"type":"Point","coordinates":[91.1048791,23.7560161]}},{"type":"Feature","id":"a-024-bd9f961a22","properties":{"elementId":"A-024","featureId":"a-024-bd9f961a22","name":"230 kV 전력선 구간","kind":"transmission","kindLabel":"고압 송전선","sourceYear":"2026","recordIds":["bgd-v162-a-024-entity-00373"],"rowCount":1,"voltageKv":230,"lengthKm":95.4731},"geometry":{"type":"Point","coordinates":[91.1998978,23.887133]}},{"type":"Feature","id":"a-024-add77b1dfd","properties":{"elementId":"A-024","featureId":"a-024-add77b1dfd","name":"230 kV 전력선 구간","kind":"transmission","kindLabel":"고압 송전선","sourceYear":"2026","recordIds":["bgd-v162-a-024-entity-00372"],"rowCount":1,"voltageKv":230,"lengthKm":92.2378},"geometry":{"type":"Point","coordinates":[91.3016164,23.1983651]}},{"type":"Feature","id":"a-024-3b0c2849d3","properties":{"elementId":"A-024","featureId":"a-024-3b0c2849d3","name":"230 kV 전력선 구간","kind":"transmission","kindLabel":"고압 송전선","sourceYear":"2026","recordIds":["bgd-v162-a-024-entity-00367"],"rowCount":1,"voltageKv":230,"lengthKm":53.6158},"geometry":{"type":"Point","coordinates":[91.3206714,22.9673459]}},{"type":"Feature","id":"a-024-5778407dda","properties":{"elementId":"A-024","featureId":"a-024-5778407dda","name":"230 kV 전력선 구간","kind":"transmission","kindLabel":"고압 송전선","sourceYear":"2026","recordIds":["bgd-v162-a-024-entity-00977"],"rowCount":1,"voltageKv":230,"lengthKm":0.2496},"geometry":{"type":"Point","coordinates":[91.3738327,24.2536573]}},{"type":"Feature","id":"a-024-87376b6f61","properties":{"elementId":"A-024","featureId":"a-024-87376b6f61","name":"230 kV 전력선 구간","kind":"transmission","kindLabel":"고압 송전선","sourceYear":"2026","recordIds":["bgd-v162-a-024-entity-00976"],"rowCount":1,"voltageKv":230,"lengthKm":0.1513},"geometry":{"type":"Point","coordinates":[91.3745567,24.252934]}},{"type":"Feature","id":"a-024-7a3efddac9","properties":{"elementId":"A-024","featureId":"a-024-7a3efddac9","name":"230 kV 전력선 구간","kind":"transmission","kindLabel":"고압 송전선","sourceYear":"2026","recordIds":["bgd-v162-a-024-entity-00975"],"rowCount":1,"voltageKv":230,"lengthKm":0.139},"geometry":{"type":"Point","coordinates":[91.374612,24.2532643]}},{"type":"Feature","id":"a-024-0d66836807","properties":{"elementId":"A-024","featureId":"a-024-0d66836807","name":"230 kV 전력선 구간","kind":"transmission","kindLabel":"고압 송전선","sourceYear":"2026","recordIds":["bgd-v162-a-024-entity-00357"],"rowCount":1,"voltageKv":230,"lengthKm":13.2381},"geometry":{"type":"Point","coordinates":[91.4354801,22.8040948]}},{"type":"Feature","id":"a-024-de07dd6ce2","properties":{"elementId":"A-024","featureId":"a-024-de07dd6ce2","name":"230 kV 전력선 구간","kind":"transmission","kindLabel":"고압 송전선","sourceYear":"2026","recordIds":["bgd-v162-a-024-entity-00354"],"rowCount":1,"voltageKv":230,"lengthKm":1.4175},"geometry":{"type":"Point","coordinates":[91.4525127,22.7614561]}},{"type":"Feature","id":"a-024-1d75208610","properties":{"elementId":"A-024","featureId":"a-024-1d75208610","name":"230 kV 전력선 구간","kind":"transmission","kindLabel":"고압 송전선","sourceYear":"2026","recordIds":["bgd-v162-a-024-entity-00350"],"rowCount":1,"voltageKv":230,"lengthKm":0.2465},"geometry":{"type":"Point","coordinates":[91.4529864,22.7577941]}},{"type":"Feature","id":"a-024-5781202b96","properties":{"elementId":"A-024","featureId":"a-024-5781202b96","name":"230 kV 전력선 구간","kind":"transmission","kindLabel":"고압 송전선","sourceYear":"2026","recordIds":["bgd-v162-a-024-entity-00365"],"rowCount":1,"voltageKv":230,"lengthKm":5.7987},"geometry":{"type":"Point","coordinates":[91.5374083,22.8818444]}},{"type":"Feature","id":"a-024-b4ce835e1d","properties":{"elementId":"A-024","featureId":"a-024-b4ce835e1d","name":"230 kV 전력선 구간","kind":"transmission","kindLabel":"고압 송전선","sourceYear":"2026","recordIds":["bgd-v162-a-024-entity-00363"],"rowCount":1,"voltageKv":230,"lengthKm":5},"geometry":{"type":"Point","coordinates":[91.5430232,22.9219033]}},{"type":"Feature","id":"a-024-1abbe9684e","properties":{"elementId":"A-024","featureId":"a-024-1abbe9684e","name":"230 kV 전력선 구간","kind":"transmission","kindLabel":"고압 송전선","sourceYear":"2026","recordIds":["bgd-v162-a-024-entity-00342"],"rowCount":1,"voltageKv":230,"lengthKm":0.0565},"geometry":{"type":"Point","coordinates":[91.5472262,22.8575275]}},{"type":"Feature","id":"a-024-eb212640b5","properties":{"elementId":"A-024","featureId":"a-024-eb212640b5","name":"230 kV 전력선 구간","kind":"transmission","kindLabel":"고압 송전선","sourceYear":"2026","recordIds":["bgd-v162-a-024-entity-00980"],"rowCount":1,"voltageKv":230,"lengthKm":58.5314},"geometry":{"type":"Point","coordinates":[91.5590145,24.4164979]}},{"type":"Feature","id":"a-024-a7e55083d4","properties":{"elementId":"A-024","featureId":"a-024-a7e55083d4","name":"230 kV 전력선 구간","kind":"transmission","kindLabel":"고압 송전선","sourceYear":"2026","recordIds":["bgd-v162-a-024-entity-00362"],"rowCount":1,"voltageKv":230,"lengthKm":41.8762},"geometry":{"type":"Point","coordinates":[91.6145254,22.6847743]}},{"type":"Feature","id":"a-024-a338326b79","properties":{"elementId":"A-024","featureId":"a-024-a338326b79","name":"230 kV 전력선 구간","kind":"transmission","kindLabel":"고압 송전선","sourceYear":"2026","recordIds":["bgd-v162-a-024-entity-00346"],"rowCount":1,"voltageKv":230,"lengthKm":0.1553},"geometry":{"type":"Point","coordinates":[91.7039891,22.5370209]}},{"type":"Feature","id":"a-024-2164fa251a","properties":{"elementId":"A-024","featureId":"a-024-2164fa251a","name":"230 kV 전력선 구간","kind":"transmission","kindLabel":"고압 송전선","sourceYear":"2026","recordIds":["bgd-v162-a-024-entity-00369"],"rowCount":1,"voltageKv":230,"lengthKm":6.543},"geometry":{"type":"Point","coordinates":[91.7203372,22.4956057]}},{"type":"Feature","id":"a-024-f99ed4112a","properties":{"elementId":"A-024","featureId":"a-024-f99ed4112a","name":"230 kV 전력선 구간","kind":"transmission","kindLabel":"고압 송전선","sourceYear":"2026","recordIds":["bgd-v162-a-024-entity-00355"],"rowCount":1,"voltageKv":230,"lengthKm":11.3136},"geometry":{"type":"Point","coordinates":[91.7537838,22.4957306]}},{"type":"Feature","id":"a-024-5849eb9484","properties":{"elementId":"A-024","featureId":"a-024-5849eb9484","name":"230 kV 전력선 구간","kind":"transmission","kindLabel":"고압 송전선","sourceYear":"2026","recordIds":["bgd-v162-a-024-entity-00978"],"rowCount":1,"voltageKv":230,"lengthKm":33.0879},"geometry":{"type":"Point","coordinates":[91.7798505,24.6115234]}},{"type":"Feature","id":"a-024-295fbaa348","properties":{"elementId":"A-024","featureId":"a-024-295fbaa348","name":"230 kV 전력선 구간","kind":"transmission","kindLabel":"고압 송전선","sourceYear":"2026","recordIds":["bgd-v162-a-024-entity-00358"],"rowCount":1,"voltageKv":230,"lengthKm":14.7364},"geometry":{"type":"Point","coordinates":[91.8418702,22.4447201]}},{"type":"Feature","id":"a-024-99522daba0","properties":{"elementId":"A-024","featureId":"a-024-99522daba0","name":"230 kV 전력선 구간","kind":"transmission","kindLabel":"고압 송전선","sourceYear":"2026","recordIds":["bgd-v162-a-024-entity-00351"],"rowCount":1,"voltageKv":230,"lengthKm":0.7755},"geometry":{"type":"Point","coordinates":[91.8714765,22.3235867]}},{"type":"Feature","id":"a-024-634ef6f01e","properties":{"elementId":"A-024","featureId":"a-024-634ef6f01e","name":"230 kV 전력선 구간","kind":"transmission","kindLabel":"고압 송전선","sourceYear":"2026","recordIds":["bgd-v162-a-024-entity-00359"],"rowCount":1,"voltageKv":230,"lengthKm":16.4325},"geometry":{"type":"Point","coordinates":[91.8776107,22.2579067]}},{"type":"Feature","id":"a-024-4111951b11","properties":{"elementId":"A-024","featureId":"a-024-4111951b11","name":"230 kV 전력선 구간","kind":"transmission","kindLabel":"고압 송전선","sourceYear":"2026","recordIds":["bgd-v162-a-024-entity-00370"],"rowCount":1,"voltageKv":230,"lengthKm":7.1159},"geometry":{"type":"Point","coordinates":[91.8933928,22.4414577]}},{"type":"Feature","id":"a-024-4be2bac4b1","properties":{"elementId":"A-024","featureId":"a-024-4be2bac4b1","name":"230 kV 전력선 구간","kind":"transmission","kindLabel":"고압 송전선","sourceYear":"2026","recordIds":["bgd-v162-a-024-entity-00360"],"rowCount":1,"voltageKv":230,"lengthKm":22.4996},"geometry":{"type":"Point","coordinates":[91.8964049,22.5190984]}},{"type":"Feature","id":"a-024-85689e33ab","properties":{"elementId":"A-024","featureId":"a-024-85689e33ab","name":"230 kV 전력선 구간","kind":"transmission","kindLabel":"고압 송전선","sourceYear":"2026","recordIds":["bgd-v162-a-024-entity-00364"],"rowCount":1,"voltageKv":230,"lengthKm":5.5656},"geometry":{"type":"Point","coordinates":[91.9035503,22.4418618]}},{"type":"Feature","id":"a-024-83417427e3","properties":{"elementId":"A-024","featureId":"a-024-83417427e3","name":"230 kV 전력선 구간","kind":"transmission","kindLabel":"고압 송전선","sourceYear":"2026","recordIds":["bgd-v162-a-024-entity-00356"],"rowCount":1,"voltageKv":230,"lengthKm":12.7836},"geometry":{"type":"Point","coordinates":[91.9089925,22.3708751]}},{"type":"Feature","id":"a-024-6898a80dc1","properties":{"elementId":"A-024","featureId":"a-024-6898a80dc1","name":"230 kV 전력선 구간","kind":"transmission","kindLabel":"고압 송전선","sourceYear":"2026","recordIds":["bgd-v162-a-024-entity-00979"],"rowCount":1,"voltageKv":230,"lengthKm":4.0281},"geometry":{"type":"Point","coordinates":[91.9208425,24.6710666]}},{"type":"Feature","id":"a-024-9927b92525","properties":{"elementId":"A-024","featureId":"a-024-9927b92525","name":"33 kV 전력선 구간","kind":"transmission","kindLabel":"고압 송전선","sourceYear":"2026","recordIds":["bgd-v162-a-024-entity-00374"],"rowCount":1,"voltageKv":33,"lengthKm":2.8728},"geometry":{"type":"Point","coordinates":[91.0116687,23.4171516]}},{"type":"Feature","id":"a-024-83c2db57ba","properties":{"elementId":"A-024","featureId":"a-024-83c2db57ba","name":"400 kV 전력선 구간","kind":"transmission","kindLabel":"고압 송전선","sourceYear":"2026","recordIds":["bgd-v162-a-024-entity-00917"],"rowCount":1,"voltageKv":400,"lengthKm":30.3436},"geometry":{"type":"Point","coordinates":[88.2001412,24.7533788]}},{"type":"Feature","id":"a-024-6806ad8360","properties":{"elementId":"A-024","featureId":"a-024-6806ad8360","name":"400 kV 전력선 구간","kind":"transmission","kindLabel":"고압 송전선","sourceYear":"2026","recordIds":["bgd-v162-a-024-entity-00912"],"rowCount":1,"voltageKv":400,"lengthKm":0.1093},"geometry":{"type":"Point","coordinates":[88.3308624,24.7847739]}},{"type":"Feature","id":"a-024-8c19c9c161","properties":{"elementId":"A-024","featureId":"a-024-8c19c9c161","name":"400 kV 전력선 구간","kind":"transmission","kindLabel":"고압 송전선","sourceYear":"2026","recordIds":["bgd-v162-a-024-entity-00913","bgd-v162-a-024-entity-00915"],"rowCount":2,"voltageKv":400},"geometry":{"type":"Point","coordinates":[88.3310997,24.7847053]}},{"type":"Feature","id":"a-024-c8431a4d58","properties":{"elementId":"A-024","featureId":"a-024-c8431a4d58","name":"400 kV 전력선 구간","kind":"transmission","kindLabel":"고압 송전선","sourceYear":"2026","recordIds":["bgd-v162-a-024-entity-00916"],"rowCount":1,"voltageKv":400,"lengthKm":104.8888},"geometry":{"type":"Point","coordinates":[88.7750807,24.6799505]}},{"type":"Feature","id":"a-024-d9827dcbfd","properties":{"elementId":"A-024","featureId":"a-024-d9827dcbfd","name":"400 kV 전력선 구간","kind":"transmission","kindLabel":"고압 송전선","sourceYear":"2026","recordIds":["bgd-v162-a-024-entity-00233"],"rowCount":1,"voltageKv":400,"lengthKm":29.1253},"geometry":{"type":"Point","coordinates":[88.8658078,24.0567191]}},{"type":"Feature","id":"a-024-0b6fe45629","properties":{"elementId":"A-024","featureId":"a-024-0b6fe45629","name":"400 kV 전력선 구간","kind":"transmission","kindLabel":"고압 송전선","sourceYear":"2026","recordIds":["bgd-v162-a-024-entity-00234"],"rowCount":1,"voltageKv":400,"lengthKm":29.7935},"geometry":{"type":"Point","coordinates":[88.8738987,24.0612577]}},{"type":"Feature","id":"a-024-91fbaa1045","properties":{"elementId":"A-024","featureId":"a-024-91fbaa1045","name":"400 kV 전력선 구간","kind":"transmission","kindLabel":"고압 송전선","sourceYear":"2026","recordIds":["bgd-v162-a-024-entity-00222"],"rowCount":1,"voltageKv":400,"lengthKm":0.2125},"geometry":{"type":"Point","coordinates":[88.9985657,24.0689236]}},{"type":"Feature","id":"a-024-0f15049042","properties":{"elementId":"A-024","featureId":"a-024-0f15049042","name":"400 kV 전력선 구간","kind":"transmission","kindLabel":"고압 송전선","sourceYear":"2026","recordIds":["bgd-v162-a-024-entity-00221"],"rowCount":1,"voltageKv":400,"lengthKm":0.2086},"geometry":{"type":"Point","coordinates":[88.9986056,24.0689938]}},{"type":"Feature","id":"a-024-84a147a24d","properties":{"elementId":"A-024","featureId":"a-024-84a147a24d","name":"400 kV 전력선 구간","kind":"transmission","kindLabel":"고압 송전선","sourceYear":"2026","recordIds":["bgd-v162-a-024-entity-00220"],"rowCount":1,"voltageKv":400,"lengthKm":0.2051},"geometry":{"type":"Point","coordinates":[88.9986449,24.0690653]}},{"type":"Feature","id":"a-024-8bf51ce5a6","properties":{"elementId":"A-024","featureId":"a-024-8bf51ce5a6","name":"400 kV 전력선 구간","kind":"transmission","kindLabel":"고압 송전선","sourceYear":"2026","recordIds":["bgd-v162-a-024-entity-00189"],"rowCount":1,"voltageKv":400,"lengthKm":0.0457},"geometry":{"type":"Point","coordinates":[88.9988308,24.0691147]}},{"type":"Feature","id":"a-024-da0689e0af","properties":{"elementId":"A-024","featureId":"a-024-da0689e0af","name":"400 kV 전력선 구간","kind":"transmission","kindLabel":"고압 송전선","sourceYear":"2026","recordIds":["bgd-v162-a-024-entity-00190"],"rowCount":1,"voltageKv":400,"lengthKm":0.0459},"geometry":{"type":"Point","coordinates":[88.9988484,24.0690598]}},{"type":"Feature","id":"a-024-d97de584f3","properties":{"elementId":"A-024","featureId":"a-024-d97de584f3","name":"400 kV 전력선 구간","kind":"transmission","kindLabel":"고압 송전선","sourceYear":"2026","recordIds":["bgd-v162-a-024-entity-00191"],"rowCount":1,"voltageKv":400,"lengthKm":0.0461},"geometry":{"type":"Point","coordinates":[88.9988656,24.0690061]}},{"type":"Feature","id":"a-024-2cda11226f","properties":{"elementId":"A-024","featureId":"a-024-2cda11226f","name":"400 kV 전력선 구간","kind":"transmission","kindLabel":"고압 송전선","sourceYear":"2026","recordIds":["bgd-v162-a-024-entity-00198"],"rowCount":1,"voltageKv":400,"lengthKm":0.081},"geometry":{"type":"Point","coordinates":[88.9988863,24.0674723]}},{"type":"Feature","id":"a-024-5f12d08e4e","properties":{"elementId":"A-024","featureId":"a-024-5f12d08e4e","name":"400 kV 전력선 구간","kind":"transmission","kindLabel":"고압 송전선","sourceYear":"2026","recordIds":["bgd-v162-a-024-entity-00193"],"rowCount":1,"voltageKv":400,"lengthKm":0.0781},"geometry":{"type":"Point","coordinates":[88.9989285,24.0675425]}},{"type":"Feature","id":"a-024-7c4b597199","properties":{"elementId":"A-024","featureId":"a-024-7c4b597199","name":"400 kV 전력선 구간","kind":"transmission","kindLabel":"고압 송전선","sourceYear":"2026","recordIds":["bgd-v162-a-024-entity-00216"],"rowCount":1,"voltageKv":400,"lengthKm":0.1933},"geometry":{"type":"Point","coordinates":[88.9990007,24.0690433]}},{"type":"Feature","id":"a-024-5068554da7","properties":{"elementId":"A-024","featureId":"a-024-5068554da7","name":"400 kV 전력선 구간","kind":"transmission","kindLabel":"고압 송전선","sourceYear":"2026","recordIds":["bgd-v162-a-024-entity-00215"],"rowCount":1,"voltageKv":400,"lengthKm":0.1911},"geometry":{"type":"Point","coordinates":[88.9990394,24.0691116]}},{"type":"Feature","id":"a-024-cb7e485355","properties":{"elementId":"A-024","featureId":"a-024-cb7e485355","name":"400 kV 전력선 구간","kind":"transmission","kindLabel":"고압 송전선","sourceYear":"2026","recordIds":["bgd-v162-a-024-entity-00200"],"rowCount":1,"voltageKv":400,"lengthKm":0.0816},"geometry":{"type":"Point","coordinates":[88.9990411,24.0673923]}},{"type":"Feature","id":"a-024-0612796679","properties":{"elementId":"A-024","featureId":"a-024-0612796679","name":"400 kV 전력선 구간","kind":"transmission","kindLabel":"고압 송전선","sourceYear":"2026","recordIds":["bgd-v162-a-024-entity-00214"],"rowCount":1,"voltageKv":400,"lengthKm":0.1907},"geometry":{"type":"Point","coordinates":[88.999077,24.0691801]}},{"type":"Feature","id":"a-024-d99c446789","properties":{"elementId":"A-024","featureId":"a-024-d99c446789","name":"400 kV 전력선 구간","kind":"transmission","kindLabel":"고압 송전선","sourceYear":"2026","recordIds":["bgd-v162-a-024-entity-00199","bgd-v162-a-024-entity-00202"],"rowCount":2,"voltageKv":400},"geometry":{"type":"Point","coordinates":[88.9991428,24.0675408]}},{"type":"Feature","id":"a-024-7e60715609","properties":{"elementId":"A-024","featureId":"a-024-7e60715609","name":"400 kV 전력선 구간","kind":"transmission","kindLabel":"고압 송전선","sourceYear":"2026","recordIds":["bgd-v162-a-024-entity-00194","bgd-v162-a-024-entity-00203"],"rowCount":2,"voltageKv":400},"geometry":{"type":"Point","coordinates":[88.9991859,24.0676079]}},{"type":"Feature","id":"a-024-897c60fc6a","properties":{"elementId":"A-024","featureId":"a-024-897c60fc6a","name":"400 kV 전력선 구간","kind":"transmission","kindLabel":"고압 송전선","sourceYear":"2026","recordIds":["bgd-v162-a-024-entity-00204"],"rowCount":1,"voltageKv":400,"lengthKm":0.1049},"geometry":{"type":"Point","coordinates":[88.9992267,24.0676742]}},{"type":"Feature","id":"a-024-7355c66380","properties":{"elementId":"A-024","featureId":"a-024-7355c66380","name":"400 kV 전력선 구간","kind":"transmission","kindLabel":"고압 송전선","sourceYear":"2026","recordIds":["bgd-v162-a-024-entity-00201"],"rowCount":1,"voltageKv":400,"lengthKm":0.0816},"geometry":{"type":"Point","coordinates":[88.9992971,24.0674624]}},{"type":"Feature","id":"a-024-ffc727f943","properties":{"elementId":"A-024","featureId":"a-024-ffc727f943","name":"400 kV 전력선 구간","kind":"transmission","kindLabel":"고압 송전선","sourceYear":"2026","recordIds":["bgd-v162-a-024-entity-00211","bgd-v162-a-024-entity-00228"],"rowCount":2,"voltageKv":400},"geometry":{"type":"Point","coordinates":[88.9993904,24.0685967]}},{"type":"Feature","id":"a-024-0219c4275a","properties":{"elementId":"A-024","featureId":"a-024-0219c4275a","name":"400 kV 전력선 구간","kind":"transmission","kindLabel":"고압 송전선","sourceYear":"2026","recordIds":["bgd-v162-a-024-entity-00196"],"rowCount":1,"voltageKv":400,"lengthKm":0.0805},"geometry":{"type":"Point","coordinates":[88.9994044,24.0676102]}},{"type":"Feature","id":"a-024-237121cc80","properties":{"elementId":"A-024","featureId":"a-024-237121cc80","name":"400 kV 전력선 구간","kind":"transmission","kindLabel":"고압 송전선","sourceYear":"2026","recordIds":["bgd-v162-a-024-entity-00212","bgd-v162-a-024-entity-00227"],"rowCount":2,"voltageKv":400},"geometry":{"type":"Point","coordinates":[88.9994318,24.0686667]}},{"type":"Feature","id":"a-024-27b37dca71","properties":{"elementId":"A-024","featureId":"a-024-27b37dca71","name":"400 kV 전력선 구간","kind":"transmission","kindLabel":"고압 송전선","sourceYear":"2026","recordIds":["bgd-v162-a-024-entity-00195"],"rowCount":1,"voltageKv":400,"lengthKm":0.08},"geometry":{"type":"Point","coordinates":[88.9994431,24.0676747]}},{"type":"Feature","id":"a-024-db841d50b6","properties":{"elementId":"A-024","featureId":"a-024-db841d50b6","name":"400 kV 전력선 구간","kind":"transmission","kindLabel":"고압 송전선","sourceYear":"2026","recordIds":["bgd-v162-a-024-entity-00172"],"rowCount":1,"voltageKv":400,"lengthKm":0.0439},"geometry":{"type":"Point","coordinates":[88.9994541,24.0692822]}},{"type":"Feature","id":"a-024-95511e0a94","properties":{"elementId":"A-024","featureId":"a-024-95511e0a94","name":"400 kV 전력선 구간","kind":"transmission","kindLabel":"고압 송전선","sourceYear":"2026","recordIds":["bgd-v162-a-024-entity-00213","bgd-v162-a-024-entity-00226"],"rowCount":2,"voltageKv":400},"geometry":{"type":"Point","coordinates":[88.9994706,24.0687341]}},{"type":"Feature","id":"a-024-8b8f37d656","properties":{"elementId":"A-024","featureId":"a-024-8b8f37d656","name":"400 kV 전력선 구간","kind":"transmission","kindLabel":"고압 송전선","sourceYear":"2026","recordIds":["bgd-v162-a-024-entity-00174"],"rowCount":1,"voltageKv":400,"lengthKm":0.0441},"geometry":{"type":"Point","coordinates":[88.9994726,24.0692297]}},{"type":"Feature","id":"a-024-a55d834bb8","properties":{"elementId":"A-024","featureId":"a-024-a55d834bb8","name":"400 kV 전력선 구간","kind":"transmission","kindLabel":"고압 송전선","sourceYear":"2026","recordIds":["bgd-v162-a-024-entity-00197"],"rowCount":1,"voltageKv":400,"lengthKm":0.0805},"geometry":{"type":"Point","coordinates":[88.9994814,24.0677386]}},{"type":"Feature","id":"a-024-7509edd0b0","properties":{"elementId":"A-024","featureId":"a-024-7509edd0b0","name":"400 kV 전력선 구간","kind":"transmission","kindLabel":"고압 송전선","sourceYear":"2026","recordIds":["bgd-v162-a-024-entity-00173"],"rowCount":1,"voltageKv":400,"lengthKm":0.0441},"geometry":{"type":"Point","coordinates":[88.9994906,24.0691783]}},{"type":"Feature","id":"a-024-b0865d9cae","properties":{"elementId":"A-024","featureId":"a-024-b0865d9cae","name":"400 kV 전력선 구간","kind":"transmission","kindLabel":"고압 송전선","sourceYear":"2026","recordIds":["bgd-v162-a-024-entity-00185"],"rowCount":1,"voltageKv":400,"lengthKm":0.0454},"geometry":{"type":"Point","coordinates":[88.9998133,24.0680784]}},{"type":"Feature","id":"a-024-38885f99b5","properties":{"elementId":"A-024","featureId":"a-024-38885f99b5","name":"400 kV 전력선 구간","kind":"transmission","kindLabel":"고압 송전선","sourceYear":"2026","recordIds":["bgd-v162-a-024-entity-00184"],"rowCount":1,"voltageKv":400,"lengthKm":0.0454},"geometry":{"type":"Point","coordinates":[88.9998295,24.0680241]}},{"type":"Feature","id":"a-024-cc488fabae","properties":{"elementId":"A-024","featureId":"a-024-cc488fabae","name":"400 kV 전력선 구간","kind":"transmission","kindLabel":"고압 송전선","sourceYear":"2026","recordIds":["bgd-v162-a-024-entity-00183"],"rowCount":1,"voltageKv":400,"lengthKm":0.0454},"geometry":{"type":"Point","coordinates":[88.9998461,24.0679742]}},{"type":"Feature","id":"a-024-b5d13ad746","properties":{"elementId":"A-024","featureId":"a-024-b5d13ad746","name":"400 kV 전력선 구간","kind":"transmission","kindLabel":"고압 송전선","sourceYear":"2026","recordIds":["bgd-v162-a-024-entity-00208","bgd-v162-a-024-entity-00229"],"rowCount":2,"voltageKv":400},"geometry":{"type":"Point","coordinates":[88.9998756,24.0685268]}},{"type":"Feature","id":"a-024-379817b7bb","properties":{"elementId":"A-024","featureId":"a-024-379817b7bb","name":"400 kV 전력선 구간","kind":"transmission","kindLabel":"고압 송전선","sourceYear":"2026","recordIds":["bgd-v162-a-024-entity-00210"],"rowCount":1,"voltageKv":400,"lengthKm":0.1862},"geometry":{"type":"Point","coordinates":[88.9999168,24.0685936]}},{"type":"Feature","id":"a-024-33b23a2ed2","properties":{"elementId":"A-024","featureId":"a-024-33b23a2ed2","name":"400 kV 전력선 구간","kind":"transmission","kindLabel":"고압 송전선","sourceYear":"2026","recordIds":["bgd-v162-a-024-entity-00209"],"rowCount":1,"voltageKv":400,"lengthKm":0.1857},"geometry":{"type":"Point","coordinates":[88.9999555,24.0686604]}},{"type":"Feature","id":"a-024-c2cd7f74c3","properties":{"elementId":"A-024","featureId":"a-024-c2cd7f74c3","name":"400 kV 전력선 구간","kind":"transmission","kindLabel":"고압 송전선","sourceYear":"2026","recordIds":["bgd-v162-a-024-entity-00230"],"rowCount":1,"voltageKv":400,"lengthKm":0.3046},"geometry":{"type":"Point","coordinates":[88.9999887,24.0683749]}},{"type":"Feature","id":"a-024-9d908f7a34","properties":{"elementId":"A-024","featureId":"a-024-9d908f7a34","name":"400 kV 전력선 구간","kind":"transmission","kindLabel":"고압 송전선","sourceYear":"2026","recordIds":["bgd-v162-a-024-entity-00231"],"rowCount":1,"voltageKv":400,"lengthKm":0.3072},"geometry":{"type":"Point","coordinates":[89.0000455,24.0683908]}},{"type":"Feature","id":"a-024-e025e6bc52","properties":{"elementId":"A-024","featureId":"a-024-e025e6bc52","name":"400 kV 전력선 구간","kind":"transmission","kindLabel":"고압 송전선","sourceYear":"2026","recordIds":["bgd-v162-a-024-entity-00224"],"rowCount":1,"voltageKv":400,"lengthKm":0.2415},"geometry":{"type":"Point","coordinates":[89.0004175,24.0695292]}},{"type":"Feature","id":"a-024-d847b01341","properties":{"elementId":"A-024","featureId":"a-024-d847b01341","name":"400 kV 전력선 구간","kind":"transmission","kindLabel":"고압 송전선","sourceYear":"2026","recordIds":["bgd-v162-a-024-entity-00225"],"rowCount":1,"voltageKv":400,"lengthKm":0.2417},"geometry":{"type":"Point","coordinates":[89.0004932,24.0688918]}},{"type":"Feature","id":"a-024-4ee3daddda","properties":{"elementId":"A-024","featureId":"a-024-4ee3daddda","name":"400 kV 전력선 구간","kind":"transmission","kindLabel":"고압 송전선","sourceYear":"2026","recordIds":["bgd-v162-a-024-entity-00223"],"rowCount":1,"voltageKv":400,"lengthKm":0.2406},"geometry":{"type":"Point","coordinates":[89.0005318,24.0689652]}},{"type":"Feature","id":"a-024-be7b4ba6fc","properties":{"elementId":"A-024","featureId":"a-024-be7b4ba6fc","name":"400 kV 전력선 구간","kind":"transmission","kindLabel":"고압 송전선","sourceYear":"2026","recordIds":["bgd-v162-a-024-entity-00182"],"rowCount":1,"voltageKv":400,"lengthKm":0.0453},"geometry":{"type":"Point","coordinates":[89.0007554,24.0695268]}},{"type":"Feature","id":"a-024-83198328b8","properties":{"elementId":"A-024","featureId":"a-024-83198328b8","name":"400 kV 전력선 구간","kind":"transmission","kindLabel":"고압 송전선","sourceYear":"2026","recordIds":["bgd-v162-a-024-entity-00187"],"rowCount":1,"voltageKv":400,"lengthKm":0.0454},"geometry":{"type":"Point","coordinates":[89.000799,24.0695875]}},{"type":"Feature","id":"a-024-60e3171778","properties":{"elementId":"A-024","featureId":"a-024-60e3171778","name":"400 kV 전력선 구간","kind":"transmission","kindLabel":"고압 송전선","sourceYear":"2026","recordIds":["bgd-v162-a-024-entity-00176"],"rowCount":1,"voltageKv":400,"lengthKm":0.0445},"geometry":{"type":"Point","coordinates":[89.0008373,24.0696445]}},{"type":"Feature","id":"a-024-cbc1f0d851","properties":{"elementId":"A-024","featureId":"a-024-cbc1f0d851","name":"400 kV 전력선 구간","kind":"transmission","kindLabel":"고압 송전선","sourceYear":"2026","recordIds":["bgd-v162-a-024-entity-00218"],"rowCount":1,"voltageKv":400,"lengthKm":0.1976},"geometry":{"type":"Point","coordinates":[89.0009748,24.0688236]}},{"type":"Feature","id":"a-024-64ba81acc7","properties":{"elementId":"A-024","featureId":"a-024-64ba81acc7","name":"400 kV 전력선 구간","kind":"transmission","kindLabel":"고압 송전선","sourceYear":"2026","recordIds":["bgd-v162-a-024-entity-00217"],"rowCount":1,"voltageKv":400,"lengthKm":0.1968},"geometry":{"type":"Point","coordinates":[89.0010167,24.0688912]}},{"type":"Feature","id":"a-024-4650366eda","properties":{"elementId":"A-024","featureId":"a-024-4650366eda","name":"400 kV 전력선 구간","kind":"transmission","kindLabel":"고압 송전선","sourceYear":"2026","recordIds":["bgd-v162-a-024-entity-00219"],"rowCount":1,"voltageKv":400,"lengthKm":0.1981},"geometry":{"type":"Point","coordinates":[89.0010496,24.0689603]}},{"type":"Feature","id":"a-024-b2d36a193a","properties":{"elementId":"A-024","featureId":"a-024-b2d36a193a","name":"400 kV 전력선 구간","kind":"transmission","kindLabel":"고압 송전선","sourceYear":"2026","recordIds":["bgd-v162-a-024-entity-00175"],"rowCount":1,"voltageKv":400,"lengthKm":0.0445},"geometry":{"type":"Point","coordinates":[89.0011325,24.0683184]}},{"type":"Feature","id":"a-024-3d90656cdf","properties":{"elementId":"A-024","featureId":"a-024-3d90656cdf","name":"400 kV 전력선 구간","kind":"transmission","kindLabel":"고압 송전선","sourceYear":"2026","recordIds":["bgd-v162-a-024-entity-00177"],"rowCount":1,"voltageKv":400,"lengthKm":0.0446},"geometry":{"type":"Point","coordinates":[89.0011779,24.0683757]}},{"type":"Feature","id":"a-024-630b114a89","properties":{"elementId":"A-024","featureId":"a-024-630b114a89","name":"400 kV 전력선 구간","kind":"transmission","kindLabel":"고압 송전선","sourceYear":"2026","recordIds":["bgd-v162-a-024-entity-00192"],"rowCount":1,"voltageKv":400,"lengthKm":0.0499},"geometry":{"type":"Point","coordinates":[89.001208,24.0684499]}},{"type":"Feature","id":"a-024-b4614bbe1e","properties":{"elementId":"A-024","featureId":"a-024-b4614bbe1e","name":"400 kV 전력선 구간","kind":"transmission","kindLabel":"고압 송전선","sourceYear":"2026","recordIds":["bgd-v162-a-024-entity-00188"],"rowCount":1,"voltageKv":400,"lengthKm":0.0455},"geometry":{"type":"Point","coordinates":[89.0013304,24.0685229]}},{"type":"Feature","id":"a-024-0817e7a311","properties":{"elementId":"A-024","featureId":"a-024-0817e7a311","name":"400 kV 전력선 구간","kind":"transmission","kindLabel":"고압 송전선","sourceYear":"2026","recordIds":["bgd-v162-a-024-entity-00166"],"rowCount":1,"voltageKv":400,"lengthKm":0.0399},"geometry":{"type":"Point","coordinates":[89.0013908,24.0685291]}},{"type":"Feature","id":"a-024-3148e786ac","properties":{"elementId":"A-024","featureId":"a-024-3148e786ac","name":"400 kV 전력선 구간","kind":"transmission","kindLabel":"고압 송전선","sourceYear":"2026","recordIds":["bgd-v162-a-024-entity-00162"],"rowCount":1,"voltageKv":400,"lengthKm":0.0371},"geometry":{"type":"Point","coordinates":[89.0014498,24.0685474]}},{"type":"Feature","id":"a-024-17d44882ef","properties":{"elementId":"A-024","featureId":"a-024-17d44882ef","name":"400 kV 전력선 구간","kind":"transmission","kindLabel":"고압 송전선","sourceYear":"2026","recordIds":["bgd-v162-a-024-entity-00186"],"rowCount":1,"voltageKv":400,"lengthKm":0.0454},"geometry":{"type":"Point","coordinates":[89.001596,24.0685829]}},{"type":"Feature","id":"a-024-0b8fd4741c","properties":{"elementId":"A-024","featureId":"a-024-0b8fd4741c","name":"400 kV 전력선 구간","kind":"transmission","kindLabel":"고압 송전선","sourceYear":"2026","recordIds":["bgd-v162-a-024-entity-00167"],"rowCount":1,"voltageKv":400,"lengthKm":0.0404},"geometry":{"type":"Point","coordinates":[89.0016496,24.0685952]}},{"type":"Feature","id":"a-024-aec0a2d2ed","properties":{"elementId":"A-024","featureId":"a-024-aec0a2d2ed","name":"400 kV 전력선 구간","kind":"transmission","kindLabel":"고압 송전선","sourceYear":"2026","recordIds":["bgd-v162-a-024-entity-00207"],"rowCount":1,"voltageKv":400,"lengthKm":0.1675},"geometry":{"type":"Point","coordinates":[89.0016792,24.0683232]}},{"type":"Feature","id":"a-024-071d22c81a","properties":{"elementId":"A-024","featureId":"a-024-071d22c81a","name":"400 kV 전력선 구간","kind":"transmission","kindLabel":"고압 송전선","sourceYear":"2026","recordIds":["bgd-v162-a-024-entity-00165"],"rowCount":1,"voltageKv":400,"lengthKm":0.038},"geometry":{"type":"Point","coordinates":[89.0017126,24.0686123]}},{"type":"Feature","id":"a-024-295267f340","properties":{"elementId":"A-024","featureId":"a-024-295267f340","name":"400 kV 전력선 구간","kind":"transmission","kindLabel":"고압 송전선","sourceYear":"2026","recordIds":["bgd-v162-a-024-entity-00205"],"rowCount":1,"voltageKv":400,"lengthKm":0.1659},"geometry":{"type":"Point","coordinates":[89.0017782,24.0684255]}},{"type":"Feature","id":"a-024-a44937daf2","properties":{"elementId":"A-024","featureId":"a-024-a44937daf2","name":"400 kV 전력선 구간","kind":"transmission","kindLabel":"고압 송전선","sourceYear":"2026","recordIds":["bgd-v162-a-024-entity-00181"],"rowCount":1,"voltageKv":400,"lengthKm":0.0453},"geometry":{"type":"Point","coordinates":[89.0018199,24.0686821]}},{"type":"Feature","id":"a-024-d8dccc1a71","properties":{"elementId":"A-024","featureId":"a-024-d8dccc1a71","name":"400 kV 전력선 구간","kind":"transmission","kindLabel":"고압 송전선","sourceYear":"2026","recordIds":["bgd-v162-a-024-entity-00171"],"rowCount":1,"voltageKv":400,"lengthKm":0.0412},"geometry":{"type":"Point","coordinates":[89.001895,24.0687029]}},{"type":"Feature","id":"a-024-a872f49918","properties":{"elementId":"A-024","featureId":"a-024-a872f49918","name":"400 kV 전력선 구간","kind":"transmission","kindLabel":"고압 송전선","sourceYear":"2026","recordIds":["bgd-v162-a-024-entity-00164"],"rowCount":1,"voltageKv":400,"lengthKm":0.0374},"geometry":{"type":"Point","coordinates":[89.0019581,24.068714]}},{"type":"Feature","id":"a-024-78f66b82fe","properties":{"elementId":"A-024","featureId":"a-024-78f66b82fe","name":"400 kV 전력선 구간","kind":"transmission","kindLabel":"고압 송전선","sourceYear":"2026","recordIds":["bgd-v162-a-024-entity-00206"],"rowCount":1,"voltageKv":400,"lengthKm":0.1662},"geometry":{"type":"Point","coordinates":[89.0019841,24.0684433]}},{"type":"Feature","id":"a-024-2529753dff","properties":{"elementId":"A-024","featureId":"a-024-2529753dff","name":"400 kV 전력선 구간","kind":"transmission","kindLabel":"고압 송전선","sourceYear":"2026","recordIds":["bgd-v162-a-024-entity-00180"],"rowCount":1,"voltageKv":400,"lengthKm":0.0451},"geometry":{"type":"Point","coordinates":[89.0020801,24.0687458]}},{"type":"Feature","id":"a-024-d61974072b","properties":{"elementId":"A-024","featureId":"a-024-d61974072b","name":"400 kV 전력선 구간","kind":"transmission","kindLabel":"고압 송전선","sourceYear":"2026","recordIds":["bgd-v162-a-024-entity-00170"],"rowCount":1,"voltageKv":400,"lengthKm":0.0409},"geometry":{"type":"Point","coordinates":[89.0021512,24.0687605]}},{"type":"Feature","id":"a-024-88aa495025","properties":{"elementId":"A-024","featureId":"a-024-88aa495025","name":"400 kV 전력선 구간","kind":"transmission","kindLabel":"고압 송전선","sourceYear":"2026","recordIds":["bgd-v162-a-024-entity-00163"],"rowCount":1,"voltageKv":400,"lengthKm":0.0372},"geometry":{"type":"Point","coordinates":[89.0022209,24.0687727]}},{"type":"Feature","id":"a-024-bb65e67e5e","properties":{"elementId":"A-024","featureId":"a-024-bb65e67e5e","name":"400 kV 전력선 구간","kind":"transmission","kindLabel":"고압 송전선","sourceYear":"2026","recordIds":["bgd-v162-a-024-entity-00179"],"rowCount":1,"voltageKv":400,"lengthKm":0.0448},"geometry":{"type":"Point","coordinates":[89.0023389,24.0687997]}},{"type":"Feature","id":"a-024-b0694a98a9","properties":{"elementId":"A-024","featureId":"a-024-b0694a98a9","name":"400 kV 전력선 구간","kind":"transmission","kindLabel":"고압 송전선","sourceYear":"2026","recordIds":["bgd-v162-a-024-entity-00169"],"rowCount":1,"voltageKv":400,"lengthKm":0.0407},"geometry":{"type":"Point","coordinates":[89.0024073,24.0688242]}},{"type":"Feature","id":"a-024-250f4d0166","properties":{"elementId":"A-024","featureId":"a-024-250f4d0166","name":"400 kV 전력선 구간","kind":"transmission","kindLabel":"고압 송전선","sourceYear":"2026","recordIds":["bgd-v162-a-024-entity-00161"],"rowCount":1,"voltageKv":400,"lengthKm":0.037},"geometry":{"type":"Point","coordinates":[89.0024784,24.0688438]}},{"type":"Feature","id":"a-024-3f0f2a845f","properties":{"elementId":"A-024","featureId":"a-024-3f0f2a845f","name":"400 kV 전력선 구간","kind":"transmission","kindLabel":"고압 송전선","sourceYear":"2026","recordIds":["bgd-v162-a-024-entity-00178"],"rowCount":1,"voltageKv":400,"lengthKm":0.0447},"geometry":{"type":"Point","coordinates":[89.0025911,24.0688793]}},{"type":"Feature","id":"a-024-3c2678a539","properties":{"elementId":"A-024","featureId":"a-024-3c2678a539","name":"400 kV 전력선 구간","kind":"transmission","kindLabel":"고압 송전선","sourceYear":"2026","recordIds":["bgd-v162-a-024-entity-00168"],"rowCount":1,"voltageKv":400,"lengthKm":0.0404},"geometry":{"type":"Point","coordinates":[89.0026595,24.068894]}},{"type":"Feature","id":"a-024-3b6ba46e34","properties":{"elementId":"A-024","featureId":"a-024-3b6ba46e34","name":"400 kV 전력선 구간","kind":"transmission","kindLabel":"고압 송전선","sourceYear":"2026","recordIds":["bgd-v162-a-024-entity-00160"],"rowCount":1,"voltageKv":400,"lengthKm":0.0369},"geometry":{"type":"Point","coordinates":[89.0027252,24.0689136]}},{"type":"Feature","id":"a-024-1786d26a28","properties":{"elementId":"A-024","featureId":"a-024-1786d26a28","name":"400 kV 전력선 구간","kind":"transmission","kindLabel":"고압 송전선","sourceYear":"2026","recordIds":["bgd-v162-a-024-entity-00801"],"rowCount":1,"voltageKv":400,"lengthKm":69.2764},"geometry":{"type":"Point","coordinates":[89.0341184,25.3887216]}},{"type":"Feature","id":"a-024-3f9b8f62b4","properties":{"elementId":"A-024","featureId":"a-024-3f9b8f62b4","name":"400 kV 전력선 구간","kind":"transmission","kindLabel":"고압 송전선","sourceYear":"2026","recordIds":["bgd-v162-a-024-entity-00910","bgd-v162-a-024-entity-00911"],"rowCount":2,"voltageKv":400},"geometry":{"type":"Point","coordinates":[89.0377374,24.0616067]}},{"type":"Feature","id":"a-024-d73cc02a09","properties":{"elementId":"A-024","featureId":"a-024-d73cc02a09","name":"400 kV 전력선 구간","kind":"transmission","kindLabel":"고압 송전선","sourceYear":"2026","recordIds":["bgd-v162-a-024-entity-00922"],"rowCount":1,"voltageKv":400,"lengthKm":90.1785},"geometry":{"type":"Point","coordinates":[89.1643605,24.4066983]}},{"type":"Feature","id":"a-024-a7f301e384","properties":{"elementId":"A-024","featureId":"a-024-a7f301e384","name":"400 kV 전력선 구간","kind":"transmission","kindLabel":"고압 송전선","sourceYear":"2026","recordIds":["bgd-v162-a-024-entity-00909"],"rowCount":1,"voltageKv":400,"lengthKm":0.0613},"geometry":{"type":"Point","coordinates":[89.244742,24.7881183]}},{"type":"Feature","id":"a-024-312c9a790c","properties":{"elementId":"A-024","featureId":"a-024-312c9a790c","name":"400 kV 전력선 구간","kind":"transmission","kindLabel":"고압 송전선","sourceYear":"2026","recordIds":["bgd-v162-a-024-entity-00906"],"rowCount":1,"voltageKv":400,"lengthKm":0.0473},"geometry":{"type":"Point","coordinates":[89.2449458,24.7889494]}},{"type":"Feature","id":"a-024-0bd72eceae","properties":{"elementId":"A-024","featureId":"a-024-0bd72eceae","name":"400 kV 전력선 구간","kind":"transmission","kindLabel":"고압 송전선","sourceYear":"2026","recordIds":["bgd-v162-a-024-entity-00904"],"rowCount":1,"voltageKv":400,"lengthKm":0.0409},"geometry":{"type":"Point","coordinates":[89.2450977,24.7885258]}},{"type":"Feature","id":"a-024-d03e11a5fa","properties":{"elementId":"A-024","featureId":"a-024-d03e11a5fa","name":"400 kV 전력선 구간","kind":"transmission","kindLabel":"고압 송전선","sourceYear":"2026","recordIds":["bgd-v162-a-024-entity-00907"],"rowCount":1,"voltageKv":400,"lengthKm":0.0476},"geometry":{"type":"Point","coordinates":[89.2451872,24.7889543]}},{"type":"Feature","id":"a-024-944b3d87b7","properties":{"elementId":"A-024","featureId":"a-024-944b3d87b7","name":"400 kV 전력선 구간","kind":"transmission","kindLabel":"고압 송전선","sourceYear":"2026","recordIds":["bgd-v162-a-024-entity-00914"],"rowCount":1,"voltageKv":400,"lengthKm":0.1141},"geometry":{"type":"Point","coordinates":[89.2452016,24.7885268]}},{"type":"Feature","id":"a-024-93941b784c","properties":{"elementId":"A-024","featureId":"a-024-93941b784c","name":"400 kV 전력선 구간","kind":"transmission","kindLabel":"고압 송전선","sourceYear":"2026","recordIds":["bgd-v162-a-024-entity-00905"],"rowCount":1,"voltageKv":400,"lengthKm":0.0422},"geometry":{"type":"Point","coordinates":[89.245357,24.7885284]}},{"type":"Feature","id":"a-024-daae07734e","properties":{"elementId":"A-024","featureId":"a-024-daae07734e","name":"400 kV 전력선 구간","kind":"transmission","kindLabel":"고압 송전선","sourceYear":"2026","recordIds":["bgd-v162-a-024-entity-00908"],"rowCount":1,"voltageKv":400,"lengthKm":0.0487},"geometry":{"type":"Point","coordinates":[89.2454126,24.7885289]}},{"type":"Feature","id":"a-024-9170347513","properties":{"elementId":"A-024","featureId":"a-024-9170347513","name":"400 kV 전력선 구간","kind":"transmission","kindLabel":"고압 송전선","sourceYear":"2026","recordIds":["bgd-v162-a-024-entity-00921"],"rowCount":1,"voltageKv":400,"lengthKm":88.3444},"geometry":{"type":"Point","coordinates":[89.3584648,24.2240344]}},{"type":"Feature","id":"a-024-cf530e237c","properties":{"elementId":"A-024","featureId":"a-024-cf530e237c","name":"400 kV 전력선 구간","kind":"transmission","kindLabel":"고압 송전선","sourceYear":"2026","recordIds":["bgd-v162-a-024-entity-00232"],"rowCount":1,"voltageKv":400,"lengthKm":157.6358},"geometry":{"type":"Point","coordinates":[89.4423205,23.6243577]}},{"type":"Feature","id":"a-024-14b498d272","properties":{"elementId":"A-024","featureId":"a-024-14b498d272","name":"400 kV 전력선 구간","kind":"transmission","kindLabel":"고압 송전선","sourceYear":"2026","recordIds":["bgd-v162-a-024-entity-00919"],"rowCount":1,"voltageKv":400,"lengthKm":73.2267},"geometry":{"type":"Point","coordinates":[89.5114464,24.5996262]}},{"type":"Feature","id":"a-024-155eef171c","properties":{"elementId":"A-024","featureId":"a-024-155eef171c","name":"400 kV 전력선 구간","kind":"transmission","kindLabel":"고압 송전선","sourceYear":"2026","recordIds":["bgd-v162-a-024-entity-00920"],"rowCount":1,"voltageKv":400,"lengthKm":8.4614},"geometry":{"type":"Point","coordinates":[89.7536529,24.415156]}},{"type":"Feature","id":"a-024-6486c172d0","properties":{"elementId":"A-024","featureId":"a-024-6486c172d0","name":"400 kV 전력선 구간","kind":"transmission","kindLabel":"고압 송전선","sourceYear":"2026","recordIds":["bgd-v162-a-024-entity-00918"],"rowCount":1,"voltageKv":400,"lengthKm":7.9099},"geometry":{"type":"Point","coordinates":[89.7784186,24.3820458]}},{"type":"Feature","id":"a-024-2df1884d4f","properties":{"elementId":"A-024","featureId":"a-024-2df1884d4f","name":"400 kV 전력선 구간","kind":"transmission","kindLabel":"고압 송전선","sourceYear":"2026","recordIds":["bgd-v162-a-024-entity-00235"],"rowCount":1,"voltageKv":400,"lengthKm":97.0083},"geometry":{"type":"Point","coordinates":[89.8150268,22.9124408]}},{"type":"Feature","id":"a-024-4c446acbe7","properties":{"elementId":"A-024","featureId":"a-024-4c446acbe7","name":"400 kV 전력선 구간","kind":"transmission","kindLabel":"고압 송전선","sourceYear":"2026","recordIds":["bgd-v162-a-024-entity-00673"],"rowCount":1,"voltageKv":400,"lengthKm":60.749},"geometry":{"type":"Point","coordinates":[89.9372122,24.1727632]}},{"type":"Feature","id":"a-024-1b447243c0","properties":{"elementId":"A-024","featureId":"a-024-1b447243c0","name":"400 kV 전력선 구간","kind":"transmission","kindLabel":"고압 송전선","sourceYear":"2026","recordIds":["bgd-v162-a-024-entity-00653"],"rowCount":1,"voltageKv":400,"lengthKm":0.2135},"geometry":{"type":"Point","coordinates":[90.0093582,23.2747883]}},{"type":"Feature","id":"a-024-dcb6d0c940","properties":{"elementId":"A-024","featureId":"a-024-dcb6d0c940","name":"400 kV 전력선 구간","kind":"transmission","kindLabel":"고압 송전선","sourceYear":"2026","recordIds":["bgd-v162-a-024-entity-00654"],"rowCount":1,"voltageKv":400,"lengthKm":0.2219},"geometry":{"type":"Point","coordinates":[90.0094047,23.2743315]}},{"type":"Feature","id":"a-024-da11621c46","properties":{"elementId":"A-024","featureId":"a-024-da11621c46","name":"400 kV 전력선 구간","kind":"transmission","kindLabel":"고압 송전선","sourceYear":"2026","recordIds":["bgd-v162-a-024-entity-00631"],"rowCount":1,"voltageKv":400,"lengthKm":0.1116},"geometry":{"type":"Point","coordinates":[90.0101409,23.2760358]}},{"type":"Feature","id":"a-024-68638ad4d0","properties":{"elementId":"A-024","featureId":"a-024-68638ad4d0","name":"400 kV 전력선 구간","kind":"transmission","kindLabel":"고압 송전선","sourceYear":"2026","recordIds":["bgd-v162-a-024-entity-00651","bgd-v162-a-024-entity-00656"],"rowCount":2,"voltageKv":400},"geometry":{"type":"Point","coordinates":[90.0102744,23.2753996]}},{"type":"Feature","id":"a-024-16b82f8e16","properties":{"elementId":"A-024","featureId":"a-024-16b82f8e16","name":"400 kV 전력선 구간","kind":"transmission","kindLabel":"고압 송전선","sourceYear":"2026","recordIds":["bgd-v162-a-024-entity-00629"],"rowCount":1,"voltageKv":400,"lengthKm":0.1116},"geometry":{"type":"Point","coordinates":[90.0103786,23.2749037]}},{"type":"Feature","id":"a-024-b4590e1b61","properties":{"elementId":"A-024","featureId":"a-024-b4590e1b61","name":"400 kV 전력선 구간","kind":"transmission","kindLabel":"고압 송전선","sourceYear":"2026","recordIds":["bgd-v162-a-024-entity-00627"],"rowCount":1,"voltageKv":400,"lengthKm":0.1116},"geometry":{"type":"Point","coordinates":[90.0104675,23.27448]}},{"type":"Feature","id":"a-024-ba63de0f0d","properties":{"elementId":"A-024","featureId":"a-024-ba63de0f0d","name":"400 kV 전력선 구간","kind":"transmission","kindLabel":"고압 송전선","sourceYear":"2026","recordIds":["bgd-v162-a-024-entity-00632"],"rowCount":1,"voltageKv":400,"lengthKm":0.1116},"geometry":{"type":"Point","coordinates":[90.0111689,23.2764381]}},{"type":"Feature","id":"a-024-956d77b4ce","properties":{"elementId":"A-024","featureId":"a-024-956d77b4ce","name":"400 kV 전력선 구간","kind":"transmission","kindLabel":"고압 송전선","sourceYear":"2026","recordIds":["bgd-v162-a-024-entity-00623"],"rowCount":1,"voltageKv":400,"lengthKm":0.0341},"geometry":{"type":"Point","coordinates":[90.0112139,23.2762236]}},{"type":"Feature","id":"a-024-e338e8a6a4","properties":{"elementId":"A-024","featureId":"a-024-e338e8a6a4","name":"400 kV 전력선 구간","kind":"transmission","kindLabel":"고압 송전선","sourceYear":"2026","recordIds":["bgd-v162-a-024-entity-00630","bgd-v162-a-024-entity-00650"],"rowCount":2,"voltageKv":400},"geometry":{"type":"Point","coordinates":[90.0113934,23.2753686]}},{"type":"Feature","id":"a-024-0fd39af97d","properties":{"elementId":"A-024","featureId":"a-024-0fd39af97d","name":"400 kV 전력선 구간","kind":"transmission","kindLabel":"고압 송전선","sourceYear":"2026","recordIds":["bgd-v162-a-024-entity-00622","bgd-v162-a-024-entity-00628"],"rowCount":2,"voltageKv":400},"geometry":{"type":"Point","coordinates":[90.0114969,23.2748756]}},{"type":"Feature","id":"a-024-79bc6ce608","properties":{"elementId":"A-024","featureId":"a-024-79bc6ce608","name":"400 kV 전력선 구간","kind":"transmission","kindLabel":"고압 송전선","sourceYear":"2026","recordIds":["bgd-v162-a-024-entity-00624"],"rowCount":1,"voltageKv":400,"lengthKm":0.0348},"geometry":{"type":"Point","coordinates":[90.0115054,23.2764842]}},{"type":"Feature","id":"a-024-ce6b32be8d","properties":{"elementId":"A-024","featureId":"a-024-ce6b32be8d","name":"400 kV 전력선 구간","kind":"transmission","kindLabel":"고압 송전선","sourceYear":"2026","recordIds":["bgd-v162-a-024-entity-00620"],"rowCount":1,"voltageKv":400,"lengthKm":0.0328},"geometry":{"type":"Point","coordinates":[90.0117669,23.2751494]}},{"type":"Feature","id":"a-024-61db839246","properties":{"elementId":"A-024","featureId":"a-024-61db839246","name":"400 kV 전력선 구간","kind":"transmission","kindLabel":"고압 송전선","sourceYear":"2026","recordIds":["bgd-v162-a-024-entity-00621"],"rowCount":1,"voltageKv":400,"lengthKm":0.034},"geometry":{"type":"Point","coordinates":[90.0118662,23.2747305]}},{"type":"Feature","id":"a-024-c5aa6dd11f","properties":{"elementId":"A-024","featureId":"a-024-c5aa6dd11f","name":"400 kV 전력선 구간","kind":"transmission","kindLabel":"고압 송전선","sourceYear":"2026","recordIds":["bgd-v162-a-024-entity-00655"],"rowCount":1,"voltageKv":400,"lengthKm":0.2221},"geometry":{"type":"Point","coordinates":[90.0124053,23.2757542]}},{"type":"Feature","id":"a-024-818c94d909","properties":{"elementId":"A-024","featureId":"a-024-818c94d909","name":"400 kV 전력선 구간","kind":"transmission","kindLabel":"고압 송전선","sourceYear":"2026","recordIds":["bgd-v162-a-024-entity-00671"],"rowCount":1,"voltageKv":400,"lengthKm":57.552},"geometry":{"type":"Point","coordinates":[90.0401247,24.2775765]}},{"type":"Feature","id":"a-024-1ea89eafb6","properties":{"elementId":"A-024","featureId":"a-024-1ea89eafb6","name":"400 kV 전력선 구간","kind":"transmission","kindLabel":"고압 송전선","sourceYear":"2026","recordIds":["bgd-v162-a-024-entity-00737"],"rowCount":1,"voltageKv":400,"lengthKm":0.0706},"geometry":{"type":"Point","coordinates":[90.064123,21.9622575]}},{"type":"Feature","id":"a-024-ec5bc30116","properties":{"elementId":"A-024","featureId":"a-024-ec5bc30116","name":"400 kV 전력선 구간","kind":"transmission","kindLabel":"고압 송전선","sourceYear":"2026","recordIds":["bgd-v162-a-024-entity-00739"],"rowCount":1,"voltageKv":400,"lengthKm":0.0827},"geometry":{"type":"Point","coordinates":[90.0643862,21.9623874]}},{"type":"Feature","id":"a-024-bc4e07ce28","properties":{"elementId":"A-024","featureId":"a-024-bc4e07ce28","name":"400 kV 전력선 구간","kind":"transmission","kindLabel":"고압 송전선","sourceYear":"2026","recordIds":["bgd-v162-a-024-entity-00636"],"rowCount":1,"voltageKv":400,"lengthKm":0.114},"geometry":{"type":"Point","coordinates":[90.1724124,24.048835]}},{"type":"Feature","id":"a-024-667e6f694b","properties":{"elementId":"A-024","featureId":"a-024-667e6f694b","name":"400 kV 전력선 구간","kind":"transmission","kindLabel":"고압 송전선","sourceYear":"2026","recordIds":["bgd-v162-a-024-entity-00642"],"rowCount":1,"voltageKv":400,"lengthKm":0.12},"geometry":{"type":"Point","coordinates":[90.1732654,24.0481688]}},{"type":"Feature","id":"a-024-f04a48b59a","properties":{"elementId":"A-024","featureId":"a-024-f04a48b59a","name":"400 kV 전력선 구간","kind":"transmission","kindLabel":"고압 송전선","sourceYear":"2026","recordIds":["bgd-v162-a-024-entity-00643"],"rowCount":1,"voltageKv":400,"lengthKm":0.1216},"geometry":{"type":"Point","coordinates":[90.1735336,24.0492196]}},{"type":"Feature","id":"a-024-a9a46e356e","properties":{"elementId":"A-024","featureId":"a-024-a9a46e356e","name":"400 kV 전력선 구간","kind":"transmission","kindLabel":"고압 송전선","sourceYear":"2026","recordIds":["bgd-v162-a-024-entity-00753"],"rowCount":1,"voltageKv":400,"lengthKm":26.7672},"geometry":{"type":"Point","coordinates":[90.1747861,22.007567]}},{"type":"Feature","id":"a-024-7fe00a25e3","properties":{"elementId":"A-024","featureId":"a-024-7fe00a25e3","name":"400 kV 전력선 구간","kind":"transmission","kindLabel":"고압 송전선","sourceYear":"2026","recordIds":["bgd-v162-a-024-entity-00669"],"rowCount":1,"voltageKv":400,"lengthKm":5.415},"geometry":{"type":"Point","coordinates":[90.1867837,24.069298]}},{"type":"Feature","id":"a-024-23c133530c","properties":{"elementId":"A-024","featureId":"a-024-23c133530c","name":"400 kV 전력선 구간","kind":"transmission","kindLabel":"고압 송전선","sourceYear":"2026","recordIds":["bgd-v162-a-024-entity-00668"],"rowCount":1,"voltageKv":400,"lengthKm":45.1996},"geometry":{"type":"Point","coordinates":[90.187862,23.8549817]}},{"type":"Feature","id":"a-024-3d896067c5","properties":{"elementId":"A-024","featureId":"a-024-3d896067c5","name":"400 kV 전력선 구간","kind":"transmission","kindLabel":"고압 송전선","sourceYear":"2026","recordIds":["bgd-v162-a-024-entity-00660"],"rowCount":1,"voltageKv":400,"lengthKm":0.2696},"geometry":{"type":"Point","coordinates":[90.1956137,24.0960355]}},{"type":"Feature","id":"a-024-a95df6e842","properties":{"elementId":"A-024","featureId":"a-024-a95df6e842","name":"400 kV 전력선 구간","kind":"transmission","kindLabel":"고압 송전선","sourceYear":"2026","recordIds":["bgd-v162-a-024-entity-00657"],"rowCount":1,"voltageKv":400,"lengthKm":0.2242},"geometry":{"type":"Point","coordinates":[90.1960802,24.0923655]}},{"type":"Feature","id":"a-024-1356b34244","properties":{"elementId":"A-024","featureId":"a-024-1356b34244","name":"400 kV 전력선 구간","kind":"transmission","kindLabel":"고압 송전선","sourceYear":"2026","recordIds":["bgd-v162-a-024-entity-00661"],"rowCount":1,"voltageKv":400,"lengthKm":0.2738},"geometry":{"type":"Point","coordinates":[90.1961394,24.0960869]}},{"type":"Feature","id":"a-024-a31ed75331","properties":{"elementId":"A-024","featureId":"a-024-a31ed75331","name":"400 kV 전력선 구간","kind":"transmission","kindLabel":"고압 송전선","sourceYear":"2026","recordIds":["bgd-v162-a-024-entity-00648"],"rowCount":1,"voltageKv":400,"lengthKm":0.1813},"geometry":{"type":"Point","coordinates":[90.196695,24.0932739]}},{"type":"Feature","id":"a-024-f7e46a590c","properties":{"elementId":"A-024","featureId":"a-024-f7e46a590c","name":"400 kV 전력선 구간","kind":"transmission","kindLabel":"고압 송전선","sourceYear":"2026","recordIds":["bgd-v162-a-024-entity-00649"],"rowCount":1,"voltageKv":400,"lengthKm":0.1813},"geometry":{"type":"Point","coordinates":[90.1968903,24.0949263]}},{"type":"Feature","id":"a-024-4993bff1eb","properties":{"elementId":"A-024","featureId":"a-024-4993bff1eb","name":"400 kV 전력선 구간","kind":"transmission","kindLabel":"고압 송전선","sourceYear":"2026","recordIds":["bgd-v162-a-024-entity-00652"],"rowCount":1,"voltageKv":400,"lengthKm":0.2121},"geometry":{"type":"Point","coordinates":[90.1969031,24.0958784]}},{"type":"Feature","id":"a-024-fd93a2a017","properties":{"elementId":"A-024","featureId":"a-024-fd93a2a017","name":"400 kV 전력선 구간","kind":"transmission","kindLabel":"고압 송전선","sourceYear":"2026","recordIds":["bgd-v162-a-024-entity-00626"],"rowCount":1,"voltageKv":400,"lengthKm":0.0365},"geometry":{"type":"Point","coordinates":[90.1970324,24.0933013]}},{"type":"Feature","id":"a-024-c0766e9ebc","properties":{"elementId":"A-024","featureId":"a-024-c0766e9ebc","name":"400 kV 전력선 구간","kind":"transmission","kindLabel":"고압 송전선","sourceYear":"2026","recordIds":["bgd-v162-a-024-entity-00647"],"rowCount":1,"voltageKv":400,"lengthKm":0.1812},"geometry":{"type":"Point","coordinates":[90.1972743,24.0933209]}},{"type":"Feature","id":"a-024-53b8c0e04b","properties":{"elementId":"A-024","featureId":"a-024-53b8c0e04b","name":"400 kV 전력선 구간","kind":"transmission","kindLabel":"고압 송전선","sourceYear":"2026","recordIds":["bgd-v162-a-024-entity-00625"],"rowCount":1,"voltageKv":400,"lengthKm":0.0357},"geometry":{"type":"Point","coordinates":[90.197306,24.0930007]}},{"type":"Feature","id":"a-024-59ed627b63","properties":{"elementId":"A-024","featureId":"a-024-59ed627b63","name":"400 kV 전력선 구간","kind":"transmission","kindLabel":"고압 송전선","sourceYear":"2026","recordIds":["bgd-v162-a-024-entity-00666"],"rowCount":1,"voltageKv":400,"lengthKm":0.5856},"geometry":{"type":"Point","coordinates":[90.1974369,24.0944069]}},{"type":"Feature","id":"a-024-2a4aa7ed22","properties":{"elementId":"A-024","featureId":"a-024-2a4aa7ed22","name":"400 kV 전력선 구간","kind":"transmission","kindLabel":"고압 송전선","sourceYear":"2026","recordIds":["bgd-v162-a-024-entity-00617"],"rowCount":1,"voltageKv":400,"lengthKm":0.0297},"geometry":{"type":"Point","coordinates":[90.1977278,24.0944321]}},{"type":"Feature","id":"a-024-012ccd01b4","properties":{"elementId":"A-024","featureId":"a-024-012ccd01b4","name":"400 kV 전력선 구간","kind":"transmission","kindLabel":"고압 송전선","sourceYear":"2026","recordIds":["bgd-v162-a-024-entity-00616"],"rowCount":1,"voltageKv":400,"lengthKm":0.0294},"geometry":{"type":"Point","coordinates":[90.1977727,24.0939074]}},{"type":"Feature","id":"a-024-3ed15196b6","properties":{"elementId":"A-024","featureId":"a-024-3ed15196b6","name":"400 kV 전력선 구간","kind":"transmission","kindLabel":"고압 송전선","sourceYear":"2026","recordIds":["bgd-v162-a-024-entity-00752"],"rowCount":1,"voltageKv":400,"lengthKm":155.4297},"geometry":{"type":"Point","coordinates":[90.2327406,22.7028108]}},{"type":"Feature","id":"a-024-1f46f53539","properties":{"elementId":"A-024","featureId":"a-024-1f46f53539","name":"400 kV 전력선 구간","kind":"transmission","kindLabel":"고압 송전선","sourceYear":"2026","recordIds":["bgd-v162-a-024-entity-00743"],"rowCount":1,"voltageKv":400,"lengthKm":0.124},"geometry":{"type":"Point","coordinates":[90.2378673,22.08279]}},{"type":"Feature","id":"a-024-910e26a0f2","properties":{"elementId":"A-024","featureId":"a-024-910e26a0f2","name":"400 kV 전력선 구간","kind":"transmission","kindLabel":"고압 송전선","sourceYear":"2026","recordIds":["bgd-v162-a-024-entity-00751"],"rowCount":1,"voltageKv":400,"lengthKm":14.0662},"geometry":{"type":"Point","coordinates":[90.2613169,22.0342723]}},{"type":"Feature","id":"a-024-8105b58676","properties":{"elementId":"A-024","featureId":"a-024-8105b58676","name":"400 kV 전력선 구간","kind":"transmission","kindLabel":"고압 송전선","sourceYear":"2026","recordIds":["bgd-v162-a-024-entity-00754"],"rowCount":1,"voltageKv":400,"lengthKm":9.7716},"geometry":{"type":"Point","coordinates":[90.2689826,22.0536492]}},{"type":"Feature","id":"a-024-923e938eaf","properties":{"elementId":"A-024","featureId":"a-024-923e938eaf","name":"400 kV 전력선 구간","kind":"transmission","kindLabel":"고압 송전선","sourceYear":"2026","recordIds":["bgd-v162-a-024-entity-00748"],"rowCount":1,"voltageKv":400,"lengthKm":0.2033},"geometry":{"type":"Point","coordinates":[90.2926639,22.0010017]}},{"type":"Feature","id":"a-024-66a521248c","properties":{"elementId":"A-024","featureId":"a-024-66a521248c","name":"400 kV 전력선 구간","kind":"transmission","kindLabel":"고압 송전선","sourceYear":"2026","recordIds":["bgd-v162-a-024-entity-00749"],"rowCount":1,"voltageKv":400,"lengthKm":0.7881},"geometry":{"type":"Point","coordinates":[90.2943292,21.9986493]}},{"type":"Feature","id":"a-024-915c1c4c3f","properties":{"elementId":"A-024","featureId":"a-024-915c1c4c3f","name":"400 kV 전력선 구간","kind":"transmission","kindLabel":"고압 송전선","sourceYear":"2026","recordIds":["bgd-v162-a-024-entity-00750"],"rowCount":1,"voltageKv":400,"lengthKm":0.8803},"geometry":{"type":"Point","coordinates":[90.2950698,21.999629]}},{"type":"Feature","id":"a-024-d73cd57641","properties":{"elementId":"A-024","featureId":"a-024-d73cd57641","name":"400 kV 전력선 구간","kind":"transmission","kindLabel":"고압 송전선","sourceYear":"2026","recordIds":["bgd-v162-a-024-entity-00674"],"rowCount":1,"voltageKv":400,"lengthKm":82.6971},"geometry":{"type":"Point","coordinates":[90.2990181,23.4931421]}},{"type":"Feature","id":"a-024-f8851cbacb","properties":{"elementId":"A-024","featureId":"a-024-f8851cbacb","name":"400 kV 전력선 구간","kind":"transmission","kindLabel":"고압 송전선","sourceYear":"2026","recordIds":["bgd-v162-a-024-entity-00747"],"rowCount":1,"voltageKv":400,"lengthKm":0.1643},"geometry":{"type":"Point","coordinates":[90.3010829,21.9979308]}},{"type":"Feature","id":"a-024-5824c372e8","properties":{"elementId":"A-024","featureId":"a-024-5824c372e8","name":"400 kV 전력선 구간","kind":"transmission","kindLabel":"고압 송전선","sourceYear":"2026","recordIds":["bgd-v162-a-024-entity-00745"],"rowCount":1,"voltageKv":400,"lengthKm":0.1499},"geometry":{"type":"Point","coordinates":[90.3010963,21.9984232]}},{"type":"Feature","id":"a-024-deb08fa8a7","properties":{"elementId":"A-024","featureId":"a-024-deb08fa8a7","name":"400 kV 전력선 구간","kind":"transmission","kindLabel":"고압 송전선","sourceYear":"2026","recordIds":["bgd-v162-a-024-entity-00746"],"rowCount":1,"voltageKv":400,"lengthKm":0.1598},"geometry":{"type":"Point","coordinates":[90.3011499,21.9983362]}},{"type":"Feature","id":"a-024-9a25f942c8","properties":{"elementId":"A-024","featureId":"a-024-9a25f942c8","name":"400 kV 전력선 구간","kind":"transmission","kindLabel":"고압 송전선","sourceYear":"2026","recordIds":["bgd-v162-a-024-entity-00744"],"rowCount":1,"voltageKv":400,"lengthKm":0.1336},"geometry":{"type":"Point","coordinates":[90.3012089,21.9986048]}},{"type":"Feature","id":"a-024-8815c7c07e","properties":{"elementId":"A-024","featureId":"a-024-8815c7c07e","name":"400 kV 전력선 구간","kind":"transmission","kindLabel":"고압 송전선","sourceYear":"2026","recordIds":["bgd-v162-a-024-entity-00742"],"rowCount":1,"voltageKv":400,"lengthKm":0.1226},"geometry":{"type":"Point","coordinates":[90.3012791,21.9983123]}},{"type":"Feature","id":"a-024-ef9108cc06","properties":{"elementId":"A-024","featureId":"a-024-ef9108cc06","name":"400 kV 전력선 구간","kind":"transmission","kindLabel":"고압 송전선","sourceYear":"2026","recordIds":["bgd-v162-a-024-entity-00738"],"rowCount":1,"voltageKv":400,"lengthKm":0.0798},"geometry":{"type":"Point","coordinates":[90.3013745,21.9981189]}},{"type":"Feature","id":"a-024-aa96deb252","properties":{"elementId":"A-024","featureId":"a-024-aa96deb252","name":"400 kV 전력선 구간","kind":"transmission","kindLabel":"고압 송전선","sourceYear":"2026","recordIds":["bgd-v162-a-024-entity-00740"],"rowCount":1,"voltageKv":400,"lengthKm":0.0895},"geometry":{"type":"Point","coordinates":[90.3014101,21.9979358]}},{"type":"Feature","id":"a-024-7f30927757","properties":{"elementId":"A-024","featureId":"a-024-7f30927757","name":"400 kV 전력선 구간","kind":"transmission","kindLabel":"고압 송전선","sourceYear":"2026","recordIds":["bgd-v162-a-024-entity-00741"],"rowCount":1,"voltageKv":400,"lengthKm":0.0952},"geometry":{"type":"Point","coordinates":[90.3014852,21.9982691]}},{"type":"Feature","id":"a-024-b7ab1c6ad4","properties":{"elementId":"A-024","featureId":"a-024-b7ab1c6ad4","name":"400 kV 전력선 구간","kind":"transmission","kindLabel":"고압 송전선","sourceYear":"2026","recordIds":["bgd-v162-a-024-entity-00639"],"rowCount":1,"voltageKv":400,"lengthKm":0.1196},"geometry":{"type":"Point","coordinates":[90.314717,23.7844332]}},{"type":"Feature","id":"a-024-69352da537","properties":{"elementId":"A-024","featureId":"a-024-69352da537","name":"400 kV 전력선 구간","kind":"transmission","kindLabel":"고압 송전선","sourceYear":"2026","recordIds":["bgd-v162-a-024-entity-00646"],"rowCount":1,"voltageKv":400,"lengthKm":0.1335},"geometry":{"type":"Point","coordinates":[90.3148023,23.786099]}},{"type":"Feature","id":"a-024-312454af98","properties":{"elementId":"A-024","featureId":"a-024-312454af98","name":"400 kV 전력선 구간","kind":"transmission","kindLabel":"고압 송전선","sourceYear":"2026","recordIds":["bgd-v162-a-024-entity-00658"],"rowCount":1,"voltageKv":400,"lengthKm":0.2388},"geometry":{"type":"Point","coordinates":[90.3148216,23.7833493]}},{"type":"Feature","id":"a-024-58939397df","properties":{"elementId":"A-024","featureId":"a-024-58939397df","name":"400 kV 전력선 구간","kind":"transmission","kindLabel":"고압 송전선","sourceYear":"2026","recordIds":["bgd-v162-a-024-entity-00641"],"rowCount":1,"voltageKv":400,"lengthKm":0.1196},"geometry":{"type":"Point","coordinates":[90.3151681,23.7854618]}},{"type":"Feature","id":"a-024-7139f6f531","properties":{"elementId":"A-024","featureId":"a-024-7139f6f531","name":"400 kV 전력선 구간","kind":"transmission","kindLabel":"고압 송전선","sourceYear":"2026","recordIds":["bgd-v162-a-024-entity-00638"],"rowCount":1,"voltageKv":400,"lengthKm":0.1196},"geometry":{"type":"Point","coordinates":[90.3152353,23.7843679]}},{"type":"Feature","id":"a-024-d2effcc9d9","properties":{"elementId":"A-024","featureId":"a-024-d2effcc9d9","name":"400 kV 전력선 구간","kind":"transmission","kindLabel":"고압 송전선","sourceYear":"2026","recordIds":["bgd-v162-a-024-entity-00619"],"rowCount":1,"voltageKv":400,"lengthKm":0.0303},"geometry":{"type":"Point","coordinates":[90.3153949,23.7854333]}},{"type":"Feature","id":"a-024-fe3f36b918","properties":{"elementId":"A-024","featureId":"a-024-fe3f36b918","name":"400 kV 전력선 구간","kind":"transmission","kindLabel":"고압 송전선","sourceYear":"2026","recordIds":["bgd-v162-a-024-entity-00659"],"rowCount":1,"voltageKv":400,"lengthKm":0.259},"geometry":{"type":"Point","coordinates":[90.3154272,23.7831739]}},{"type":"Feature","id":"a-024-25a5aeef63","properties":{"elementId":"A-024","featureId":"a-024-25a5aeef63","name":"400 kV 전력선 구간","kind":"transmission","kindLabel":"고압 송전선","sourceYear":"2026","recordIds":["bgd-v162-a-024-entity-00640"],"rowCount":1,"voltageKv":400,"lengthKm":0.1196},"geometry":{"type":"Point","coordinates":[90.3156343,23.7854032]}},{"type":"Feature","id":"a-024-759389a86e","properties":{"elementId":"A-024","featureId":"a-024-759389a86e","name":"400 kV 전력선 구간","kind":"transmission","kindLabel":"고압 송전선","sourceYear":"2026","recordIds":["bgd-v162-a-024-entity-00618"],"rowCount":1,"voltageKv":400,"lengthKm":0.03},"geometry":{"type":"Point","coordinates":[90.315666,23.7856716]}},{"type":"Feature","id":"a-024-cf97087856","properties":{"elementId":"A-024","featureId":"a-024-cf97087856","name":"400 kV 전력선 구간","kind":"transmission","kindLabel":"고압 송전선","sourceYear":"2026","recordIds":["bgd-v162-a-024-entity-00665"],"rowCount":1,"voltageKv":400,"lengthKm":0.4941},"geometry":{"type":"Point","coordinates":[90.3157054,23.7843087]}},{"type":"Feature","id":"a-024-3215f751ca","properties":{"elementId":"A-024","featureId":"a-024-3215f751ca","name":"400 kV 전력선 구간","kind":"transmission","kindLabel":"고압 송전선","sourceYear":"2026","recordIds":["bgd-v162-a-024-entity-00672"],"rowCount":1,"voltageKv":400,"lengthKm":57.845},"geometry":{"type":"Point","coordinates":[90.3210968,24.280008]}},{"type":"Feature","id":"a-024-6959ad503d","properties":{"elementId":"A-024","featureId":"a-024-6959ad503d","name":"400 kV 전력선 구간","kind":"transmission","kindLabel":"고압 송전선","sourceYear":"2026","recordIds":["bgd-v162-a-024-entity-00670"],"rowCount":1,"voltageKv":400,"lengthKm":52.8544},"geometry":{"type":"Point","coordinates":[90.3896265,23.6104734]}},{"type":"Feature","id":"a-024-58482c3c71","properties":{"elementId":"A-024","featureId":"a-024-58482c3c71","name":"400 kV 전력선 구간","kind":"transmission","kindLabel":"고압 송전선","sourceYear":"2026","recordIds":["bgd-v162-a-024-entity-00770"],"rowCount":1,"voltageKv":400,"lengthKm":9.8497},"geometry":{"type":"Point","coordinates":[90.423954,24.6204491]}},{"type":"Feature","id":"a-024-9b4a2dc54c","properties":{"elementId":"A-024","featureId":"a-024-9b4a2dc54c","name":"400 kV 전력선 구간","kind":"transmission","kindLabel":"고압 송전선","sourceYear":"2026","recordIds":["bgd-v162-a-024-entity-00769"],"rowCount":1,"voltageKv":400,"lengthKm":7.2483},"geometry":{"type":"Point","coordinates":[90.4927452,24.7032223]}},{"type":"Feature","id":"a-024-97fd6ebc42","properties":{"elementId":"A-024","featureId":"a-024-97fd6ebc42","name":"400 kV 전력선 구간","kind":"transmission","kindLabel":"고압 송전선","sourceYear":"2026","recordIds":["bgd-v162-a-024-entity-00664"],"rowCount":1,"voltageKv":400,"lengthKm":0.4556},"geometry":{"type":"Point","coordinates":[90.5933154,23.6136061]}},{"type":"Feature","id":"a-024-b2e0316987","properties":{"elementId":"A-024","featureId":"a-024-b2e0316987","name":"400 kV 전력선 구간","kind":"transmission","kindLabel":"고압 송전선","sourceYear":"2026","recordIds":["bgd-v162-a-024-entity-00645"],"rowCount":1,"voltageKv":400,"lengthKm":0.1327},"geometry":{"type":"Point","coordinates":[90.5943057,23.6123864]}},{"type":"Feature","id":"a-024-433c68b19e","properties":{"elementId":"A-024","featureId":"a-024-433c68b19e","name":"400 kV 전력선 구간","kind":"transmission","kindLabel":"고압 송전선","sourceYear":"2026","recordIds":["bgd-v162-a-024-entity-00644"],"rowCount":1,"voltageKv":400,"lengthKm":0.1283},"geometry":{"type":"Point","coordinates":[90.594531,23.6124184]}},{"type":"Feature","id":"a-024-1b165bad97","properties":{"elementId":"A-024","featureId":"a-024-1b165bad97","name":"400 kV 전력선 구간","kind":"transmission","kindLabel":"고압 송전선","sourceYear":"2026","recordIds":["bgd-v162-a-024-entity-00663"],"rowCount":1,"voltageKv":400,"lengthKm":0.4192},"geometry":{"type":"Point","coordinates":[90.5945907,23.6120554]}},{"type":"Feature","id":"a-024-f2c01fcd4e","properties":{"elementId":"A-024","featureId":"a-024-f2c01fcd4e","name":"400 kV 전력선 구간","kind":"transmission","kindLabel":"고압 송전선","sourceYear":"2026","recordIds":["bgd-v162-a-024-entity-00662"],"rowCount":1,"voltageKv":400,"lengthKm":0.2784},"geometry":{"type":"Point","coordinates":[90.5946681,23.6133261]}},{"type":"Feature","id":"a-024-1b8bb47340","properties":{"elementId":"A-024","featureId":"a-024-1b8bb47340","name":"400 kV 전력선 구간","kind":"transmission","kindLabel":"고압 송전선","sourceYear":"2026","recordIds":["bgd-v162-a-024-entity-00633"],"rowCount":1,"voltageKv":400,"lengthKm":0.1118},"geometry":{"type":"Point","coordinates":[90.5947668,23.611063]}},{"type":"Feature","id":"a-024-72873810a9","properties":{"elementId":"A-024","featureId":"a-024-72873810a9","name":"400 kV 전력선 구간","kind":"transmission","kindLabel":"고압 송전선","sourceYear":"2026","recordIds":["bgd-v162-a-024-entity-00635"],"rowCount":1,"voltageKv":400,"lengthKm":0.1118},"geometry":{"type":"Point","coordinates":[90.5948191,23.6120881]}},{"type":"Feature","id":"a-024-4f4f73768a","properties":{"elementId":"A-024","featureId":"a-024-4f4f73768a","name":"400 kV 전력선 구간","kind":"transmission","kindLabel":"고압 송전선","sourceYear":"2026","recordIds":["bgd-v162-a-024-entity-00634"],"rowCount":1,"voltageKv":400,"lengthKm":0.1118},"geometry":{"type":"Point","coordinates":[90.5952242,23.6111285]}},{"type":"Feature","id":"a-024-a50b41cf6d","properties":{"elementId":"A-024","featureId":"a-024-a50b41cf6d","name":"400 kV 전력선 구간","kind":"transmission","kindLabel":"고압 송전선","sourceYear":"2026","recordIds":["bgd-v162-a-024-entity-00637"],"rowCount":1,"voltageKv":400,"lengthKm":0.115},"geometry":{"type":"Point","coordinates":[90.5954366,23.6113876]}},{"type":"Feature","id":"a-024-ab63538e2e","properties":{"elementId":"A-024","featureId":"a-024-ab63538e2e","name":"400 kV 전력선 구간","kind":"transmission","kindLabel":"고압 송전선","sourceYear":"2026","recordIds":["bgd-v162-a-024-entity-00667"],"rowCount":1,"voltageKv":400,"lengthKm":169.4022},"geometry":{"type":"Point","coordinates":[90.8701165,24.3812985]}},{"type":"Feature","id":"a-024-0f947b7154","properties":{"elementId":"A-024","featureId":"a-024-0f947b7154","name":"400 kV 전력선 구간","kind":"transmission","kindLabel":"고압 송전선","sourceYear":"2026","recordIds":["bgd-v162-a-024-entity-00379"],"rowCount":1,"voltageKv":400,"lengthKm":69.0152},"geometry":{"type":"Point","coordinates":[90.8921939,23.8208746]}},{"type":"Feature","id":"a-024-c9f279b1c0","properties":{"elementId":"A-024","featureId":"a-024-c9f279b1c0","name":"400 kV 전력선 구간","kind":"transmission","kindLabel":"고압 송전선","sourceYear":"2026","recordIds":["bgd-v162-a-024-entity-00375"],"rowCount":1,"voltageKv":400,"lengthKm":141.0154},"geometry":{"type":"Point","coordinates":[91.1207813,23.2795604]}},{"type":"Feature","id":"a-024-e6a1881a9b","properties":{"elementId":"A-024","featureId":"a-024-e6a1881a9b","name":"400 kV 전력선 구간","kind":"transmission","kindLabel":"고압 송전선","sourceYear":"2026","recordIds":["bgd-v162-a-024-entity-00376"],"rowCount":1,"voltageKv":400,"lengthKm":27.5563},"geometry":{"type":"Point","coordinates":[91.5283763,22.8482967]}},{"type":"Feature","id":"a-024-ff2c75c691","properties":{"elementId":"A-024","featureId":"a-024-ff2c75c691","name":"400 kV 전력선 구간","kind":"transmission","kindLabel":"고압 송전선","sourceYear":"2026","recordIds":["bgd-v162-a-024-entity-00380"],"rowCount":1,"voltageKv":400,"lengthKm":76.2},"geometry":{"type":"Point","coordinates":[91.7587674,22.7113274]}},{"type":"Feature","id":"a-024-4b17a75f08","properties":{"elementId":"A-024","featureId":"a-024-4b17a75f08","name":"400 kV 전력선 구간","kind":"transmission","kindLabel":"고압 송전선","sourceYear":"2026","recordIds":["bgd-v162-a-024-entity-00378"],"rowCount":1,"voltageKv":400,"lengthKm":58.721},"geometry":{"type":"Point","coordinates":[91.8847641,22.2188985]}},{"type":"Feature","id":"a-024-cb87c57a2d","properties":{"elementId":"A-024","featureId":"a-024-cb87c57a2d","name":"400 kV 전력선 구간","kind":"transmission","kindLabel":"고압 송전선","sourceYear":"2026","recordIds":["bgd-v162-a-024-entity-00377"],"rowCount":1,"voltageKv":400,"lengthKm":41.4861},"geometry":{"type":"Point","coordinates":[91.9494885,21.8449761]}},{"type":"Feature","id":"a-024-bb764d17d6","properties":{"elementId":"A-024","featureId":"a-024-bb764d17d6","name":"500 kV 전력선 구간","kind":"transmission","kindLabel":"고압 송전선","sourceYear":"2026","recordIds":["bgd-v162-a-024-entity-00984"],"rowCount":1,"voltageKv":500,"lengthKm":20.5628},"geometry":{"type":"Point","coordinates":[88.3805563,26.6027746]}},{"type":"Feature","id":"a-024-2c6e32771b","properties":{"elementId":"A-024","featureId":"a-024-2c6e32771b","name":"kV 전력선 구간","kind":"transmission","kindLabel":"고압 송전선","sourceYear":"2026","recordIds":["bgd-v162-a-024-entity-00956"],"rowCount":1,"lengthKm":1.1763},"geometry":{"type":"Point","coordinates":[88.291137,24.5818377]}},{"type":"Feature","id":"a-024-45daef742f","properties":{"elementId":"A-024","featureId":"a-024-45daef742f","name":"kV 전력선 구간","kind":"transmission","kindLabel":"고압 송전선","sourceYear":"2026","recordIds":["bgd-v162-a-024-entity-00961"],"rowCount":1,"lengthKm":8.6217},"geometry":{"type":"Point","coordinates":[88.3032127,24.6154975]}},{"type":"Feature","id":"a-024-9654c85ea9","properties":{"elementId":"A-024","featureId":"a-024-9654c85ea9","name":"kV 전력선 구간","kind":"transmission","kindLabel":"고압 송전선","sourceYear":"2026","recordIds":["bgd-v162-a-024-entity-00957"],"rowCount":1,"lengthKm":1.9256},"geometry":{"type":"Point","coordinates":[88.3225347,24.7887554]}},{"type":"Feature","id":"a-024-c7c02eff7a","properties":{"elementId":"A-024","featureId":"a-024-c7c02eff7a","name":"kV 전력선 구간","kind":"transmission","kindLabel":"고압 송전선","sourceYear":"2026","recordIds":["bgd-v162-a-024-entity-00802"],"rowCount":1,"lengthKm":0.0066},"geometry":{"type":"Point","coordinates":[88.5535759,26.1968827]}},{"type":"Feature","id":"a-024-62f1aa8493","properties":{"elementId":"A-024","featureId":"a-024-62f1aa8493","name":"kV 전력선 구간","kind":"transmission","kindLabel":"고압 송전선","sourceYear":"2026","recordIds":["bgd-v162-a-024-entity-00960"],"rowCount":1,"lengthKm":29.4107},"geometry":{"type":"Point","coordinates":[88.8479739,25.1168058]}},{"type":"Feature","id":"a-024-8856e6b554","properties":{"elementId":"A-024","featureId":"a-024-8856e6b554","name":"kV 전력선 구간","kind":"transmission","kindLabel":"고압 송전선","sourceYear":"2026","recordIds":["bgd-v162-a-024-entity-00938"],"rowCount":1,"lengthKm":0.0496},"geometry":{"type":"Point","coordinates":[89.0380368,24.0624715]}},{"type":"Feature","id":"a-024-6514f7acf9","properties":{"elementId":"A-024","featureId":"a-024-6514f7acf9","name":"kV 전력선 구간","kind":"transmission","kindLabel":"고압 송전선","sourceYear":"2026","recordIds":["bgd-v162-a-024-entity-00933"],"rowCount":1,"lengthKm":0.0279},"geometry":{"type":"Point","coordinates":[89.0382089,24.0622764]}},{"type":"Feature","id":"a-024-64bcec39ee","properties":{"elementId":"A-024","featureId":"a-024-64bcec39ee","name":"kV 전력선 구간","kind":"transmission","kindLabel":"고압 송전선","sourceYear":"2026","recordIds":["bgd-v162-a-024-entity-00934"],"rowCount":1,"lengthKm":0.0288},"geometry":{"type":"Point","coordinates":[89.0382776,24.0621984]}},{"type":"Feature","id":"a-024-e1102092e1","properties":{"elementId":"A-024","featureId":"a-024-e1102092e1","name":"kV 전력선 구간","kind":"transmission","kindLabel":"고압 송전선","sourceYear":"2026","recordIds":["bgd-v162-a-024-entity-00939"],"rowCount":1,"lengthKm":0.0516},"geometry":{"type":"Point","coordinates":[89.038469,24.0619814]}},{"type":"Feature","id":"a-024-25b3c8fc13","properties":{"elementId":"A-024","featureId":"a-024-25b3c8fc13","name":"kV 전력선 구간","kind":"transmission","kindLabel":"고압 송전선","sourceYear":"2026","recordIds":["bgd-v162-a-024-entity-00949"],"rowCount":1,"lengthKm":0.1148},"geometry":{"type":"Point","coordinates":[89.0389004,24.0624437]}},{"type":"Feature","id":"a-024-aa0c056054","properties":{"elementId":"A-024","featureId":"a-024-aa0c056054","name":"kV 전력선 구간","kind":"transmission","kindLabel":"고압 송전선","sourceYear":"2026","recordIds":["bgd-v162-a-024-entity-00940"],"rowCount":1,"lengthKm":0.0529},"geometry":{"type":"Point","coordinates":[89.0391838,24.0625961]}},{"type":"Feature","id":"a-024-894e2a9441","properties":{"elementId":"A-024","featureId":"a-024-894e2a9441","name":"kV 전력선 구간","kind":"transmission","kindLabel":"고압 송전선","sourceYear":"2026","recordIds":["bgd-v162-a-024-entity-00923"],"rowCount":1,"lengthKm":0.0144},"geometry":{"type":"Point","coordinates":[89.039243,24.0625265]}},{"type":"Feature","id":"a-024-d2debd26de","properties":{"elementId":"A-024","featureId":"a-024-d2debd26de","name":"kV 전력선 구간","kind":"transmission","kindLabel":"고압 송전선","sourceYear":"2026","recordIds":["bgd-v162-a-024-entity-00950"],"rowCount":1,"lengthKm":0.1411},"geometry":{"type":"Point","coordinates":[89.0392453,24.0621626]}},{"type":"Feature","id":"a-024-ef34040b16","properties":{"elementId":"A-024","featureId":"a-024-ef34040b16","name":"kV 전력선 구간","kind":"transmission","kindLabel":"고압 송전선","sourceYear":"2026","recordIds":["bgd-v162-a-024-entity-00936"],"rowCount":1,"lengthKm":0.0467},"geometry":{"type":"Point","coordinates":[89.0394932,24.0622443]}},{"type":"Feature","id":"a-024-7924a6943f","properties":{"elementId":"A-024","featureId":"a-024-7924a6943f","name":"kV 전력선 구간","kind":"transmission","kindLabel":"고압 송전선","sourceYear":"2026","recordIds":["bgd-v162-a-024-entity-00932"],"rowCount":1,"lengthKm":0.0249},"geometry":{"type":"Point","coordinates":[89.0395722,24.0623229]}},{"type":"Feature","id":"a-024-5e44e6b378","properties":{"elementId":"A-024","featureId":"a-024-5e44e6b378","name":"kV 전력선 구간","kind":"transmission","kindLabel":"고압 송전선","sourceYear":"2026","recordIds":["bgd-v162-a-024-entity-00925"],"rowCount":1,"lengthKm":0.0188},"geometry":{"type":"Point","coordinates":[89.0396899,24.0610837]}},{"type":"Feature","id":"a-024-7a6359686b","properties":{"elementId":"A-024","featureId":"a-024-7a6359686b","name":"kV 전력선 구간","kind":"transmission","kindLabel":"고압 송전선","sourceYear":"2026","recordIds":["bgd-v162-a-024-entity-00931"],"rowCount":1,"lengthKm":0.0207},"geometry":{"type":"Point","coordinates":[89.0397464,24.0612888]}},{"type":"Feature","id":"a-024-4a93ed153e","properties":{"elementId":"A-024","featureId":"a-024-4a93ed153e","name":"kV 전력선 구간","kind":"transmission","kindLabel":"고압 송전선","sourceYear":"2026","recordIds":["bgd-v162-a-024-entity-00930","bgd-v162-a-024-entity-00952"],"rowCount":2},"geometry":{"type":"Point","coordinates":[89.0398278,24.0611964]}},{"type":"Feature","id":"a-024-37fca3feed","properties":{"elementId":"A-024","featureId":"a-024-37fca3feed","name":"kV 전력선 구간","kind":"transmission","kindLabel":"고압 송전선","sourceYear":"2026","recordIds":["bgd-v162-a-024-entity-00929"],"rowCount":1,"lengthKm":0.0203},"geometry":{"type":"Point","coordinates":[89.0399185,24.0610935]}},{"type":"Feature","id":"a-024-44824962fb","properties":{"elementId":"A-024","featureId":"a-024-44824962fb","name":"kV 전력선 구간","kind":"transmission","kindLabel":"고압 송전선","sourceYear":"2026","recordIds":["bgd-v162-a-024-entity-00924"],"rowCount":1,"lengthKm":0.0184},"geometry":{"type":"Point","coordinates":[89.0399758,24.0610285]}},{"type":"Feature","id":"a-024-57699f9c3d","properties":{"elementId":"A-024","featureId":"a-024-57699f9c3d","name":"kV 전력선 구간","kind":"transmission","kindLabel":"고압 송전선","sourceYear":"2026","recordIds":["bgd-v162-a-024-entity-00928"],"rowCount":1,"lengthKm":0.0203},"geometry":{"type":"Point","coordinates":[89.0400066,24.0609935]}},{"type":"Feature","id":"a-024-888fdc9476","properties":{"elementId":"A-024","featureId":"a-024-888fdc9476","name":"kV 전력선 구간","kind":"transmission","kindLabel":"고압 송전선","sourceYear":"2026","recordIds":["bgd-v162-a-024-entity-00954"],"rowCount":1,"lengthKm":0.9508},"geometry":{"type":"Point","coordinates":[89.0401632,24.0625511]}},{"type":"Feature","id":"a-024-28cc8926e4","properties":{"elementId":"A-024","featureId":"a-024-28cc8926e4","name":"kV 전력선 구간","kind":"transmission","kindLabel":"고압 송전선","sourceYear":"2026","recordIds":["bgd-v162-a-024-entity-00926"],"rowCount":1,"lengthKm":0.0198},"geometry":{"type":"Point","coordinates":[89.0401699,24.0608081]}},{"type":"Feature","id":"a-024-65a8bd424f","properties":{"elementId":"A-024","featureId":"a-024-65a8bd424f","name":"kV 전력선 구간","kind":"transmission","kindLabel":"고압 송전선","sourceYear":"2026","recordIds":["bgd-v162-a-024-entity-00927"],"rowCount":1,"lengthKm":0.0199},"geometry":{"type":"Point","coordinates":[89.0402495,24.0610028]}},{"type":"Feature","id":"a-024-7a819e320a","properties":{"elementId":"A-024","featureId":"a-024-7a819e320a","name":"kV 전력선 구간","kind":"transmission","kindLabel":"고압 송전선","sourceYear":"2026","recordIds":["bgd-v162-a-024-entity-00955"],"rowCount":1,"lengthKm":1.1505},"geometry":{"type":"Point","coordinates":[89.0432983,24.0626571]}},{"type":"Feature","id":"a-024-a36af529e2","properties":{"elementId":"A-024","featureId":"a-024-a36af529e2","name":"kV 전력선 구간","kind":"transmission","kindLabel":"고압 송전선","sourceYear":"2026","recordIds":["bgd-v162-a-024-entity-00945"],"rowCount":1,"lengthKm":0.0958},"geometry":{"type":"Point","coordinates":[89.0433325,24.0517793]}},{"type":"Feature","id":"a-024-ceea81de62","properties":{"elementId":"A-024","featureId":"a-024-ceea81de62","name":"kV 전력선 구간","kind":"transmission","kindLabel":"고압 송전선","sourceYear":"2026","recordIds":["bgd-v162-a-024-entity-00937"],"rowCount":1,"lengthKm":0.0489},"geometry":{"type":"Point","coordinates":[89.0446141,24.0619385]}},{"type":"Feature","id":"a-024-5e3a5140f1","properties":{"elementId":"A-024","featureId":"a-024-5e3a5140f1","name":"kV 전력선 구간","kind":"transmission","kindLabel":"고압 송전선","sourceYear":"2026","recordIds":["bgd-v162-a-024-entity-00947"],"rowCount":1,"lengthKm":0.0991},"geometry":{"type":"Point","coordinates":[89.045663,24.0662808]}},{"type":"Feature","id":"a-024-7a245485cb","properties":{"elementId":"A-024","featureId":"a-024-7a245485cb","name":"kV 전력선 구간","kind":"transmission","kindLabel":"고압 송전선","sourceYear":"2026","recordIds":["bgd-v162-a-024-entity-00946"],"rowCount":1,"lengthKm":0.099},"geometry":{"type":"Point","coordinates":[89.0457309,24.0663677]}},{"type":"Feature","id":"a-024-e92fbc1e99","properties":{"elementId":"A-024","featureId":"a-024-e92fbc1e99","name":"kV 전력선 구간","kind":"transmission","kindLabel":"고압 송전선","sourceYear":"2026","recordIds":["bgd-v162-a-024-entity-00943"],"rowCount":1,"lengthKm":0.0932},"geometry":{"type":"Point","coordinates":[89.0470321,24.0647124]}},{"type":"Feature","id":"a-024-8098dfac98","properties":{"elementId":"A-024","featureId":"a-024-8098dfac98","name":"kV 전력선 구간","kind":"transmission","kindLabel":"고압 송전선","sourceYear":"2026","recordIds":["bgd-v162-a-024-entity-00948"],"rowCount":1,"lengthKm":0.1143},"geometry":{"type":"Point","coordinates":[89.0470684,24.0648394]}},{"type":"Feature","id":"a-024-34ca00ded4","properties":{"elementId":"A-024","featureId":"a-024-34ca00ded4","name":"kV 전력선 구간","kind":"transmission","kindLabel":"고압 송전선","sourceYear":"2026","recordIds":["bgd-v162-a-024-entity-00958"],"rowCount":1,"lengthKm":2.7053},"geometry":{"type":"Point","coordinates":[89.0642738,24.1132659]}},{"type":"Feature","id":"a-024-c5c8d3a619","properties":{"elementId":"A-024","featureId":"a-024-c5c8d3a619","name":"kV 전력선 구간","kind":"transmission","kindLabel":"고압 송전선","sourceYear":"2026","recordIds":["bgd-v162-a-024-entity-00959"],"rowCount":1,"lengthKm":20.3023},"geometry":{"type":"Point","coordinates":[89.0808172,24.0168901]}},{"type":"Feature","id":"a-024-b5846dfb57","properties":{"elementId":"A-024","featureId":"a-024-b5846dfb57","name":"kV 전력선 구간","kind":"transmission","kindLabel":"고압 송전선","sourceYear":"2026","recordIds":["bgd-v162-a-024-entity-00239"],"rowCount":1,"lengthKm":0.0966},"geometry":{"type":"Point","coordinates":[89.1773225,23.5304321]}},{"type":"Feature","id":"a-024-edef3a33bf","properties":{"elementId":"A-024","featureId":"a-024-edef3a33bf","name":"kV 전력선 구간","kind":"distribution","kindLabel":"배전급 전력선","sourceYear":"2026","recordIds":["bgd-v162-a-024-entity-00256"],"rowCount":1,"lengthKm":4.0749},"geometry":{"type":"Point","coordinates":[89.2666228,22.6005332]}},{"type":"Feature","id":"a-024-84bd7dc8b2","properties":{"elementId":"A-024","featureId":"a-024-84bd7dc8b2","name":"kV 전력선 구간","kind":"transmission","kindLabel":"고압 송전선","sourceYear":"2026","recordIds":["bgd-v162-a-024-entity-00803"],"rowCount":1,"lengthKm":0.7064},"geometry":{"type":"Point","coordinates":[89.2792405,25.6544459]}},{"type":"Feature","id":"a-024-eb47d9b650","properties":{"elementId":"A-024","featureId":"a-024-eb47d9b650","name":"kV 전력선 구간","kind":"transmission","kindLabel":"고압 송전선","sourceYear":"2026","recordIds":["bgd-v162-a-024-entity-00951"],"rowCount":1,"lengthKm":0.1932},"geometry":{"type":"Point","coordinates":[89.349744,24.8399619]}},{"type":"Feature","id":"a-024-d1ed0424e0","properties":{"elementId":"A-024","featureId":"a-024-d1ed0424e0","name":"kV 전력선 구간","kind":"transmission","kindLabel":"고압 송전선","sourceYear":"2026","recordIds":["bgd-v162-a-024-entity-00941"],"rowCount":1,"lengthKm":0.0858},"geometry":{"type":"Point","coordinates":[89.3560553,24.9606058]}},{"type":"Feature","id":"a-024-6570d55542","properties":{"elementId":"A-024","featureId":"a-024-6570d55542","name":"kV 전력선 구간","kind":"transmission","kindLabel":"고압 송전선","sourceYear":"2026","recordIds":["bgd-v162-a-024-entity-00942"],"rowCount":1,"lengthKm":0.0862},"geometry":{"type":"Point","coordinates":[89.3566561,24.9600538]}},{"type":"Feature","id":"a-024-e0af876b0c","properties":{"elementId":"A-024","featureId":"a-024-e0af876b0c","name":"kV 전력선 구간","kind":"transmission","kindLabel":"고압 송전선","sourceYear":"2026","recordIds":["bgd-v162-a-024-entity-00944"],"rowCount":1,"lengthKm":0.094},"geometry":{"type":"Point","coordinates":[89.3728001,24.8468281]}},{"type":"Feature","id":"a-024-5ad09843cf","properties":{"elementId":"A-024","featureId":"a-024-5ad09843cf","name":"kV 전력선 구간","kind":"distribution","kindLabel":"배전급 전력선","sourceYear":"2026","recordIds":["bgd-v162-a-024-entity-00245"],"rowCount":1,"lengthKm":0.3399},"geometry":{"type":"Point","coordinates":[89.3888661,22.6053817]}},{"type":"Feature","id":"a-024-71aa3750bd","properties":{"elementId":"A-024","featureId":"a-024-71aa3750bd","name":"kV 전력선 구간","kind":"distribution","kindLabel":"배전급 전력선","sourceYear":"2026","recordIds":["bgd-v162-a-024-entity-00252"],"rowCount":1,"lengthKm":2.5277},"geometry":{"type":"Point","coordinates":[89.3893186,22.6117421]}},{"type":"Feature","id":"a-024-d3bfb69e0a","properties":{"elementId":"A-024","featureId":"a-024-d3bfb69e0a","name":"kV 전력선 구간","kind":"distribution","kindLabel":"배전급 전력선","sourceYear":"2026","recordIds":["bgd-v162-a-024-entity-00243"],"rowCount":1,"lengthKm":0.2289},"geometry":{"type":"Point","coordinates":[89.3914474,22.6014652]}},{"type":"Feature","id":"a-024-9f8dc36ac7","properties":{"elementId":"A-024","featureId":"a-024-9f8dc36ac7","name":"kV 전력선 구간","kind":"distribution","kindLabel":"배전급 전력선","sourceYear":"2026","recordIds":["bgd-v162-a-024-entity-00253"],"rowCount":1,"lengthKm":2.6865},"geometry":{"type":"Point","coordinates":[89.3920083,22.5941037]}},{"type":"Feature","id":"a-024-40092e8db1","properties":{"elementId":"A-024","featureId":"a-024-40092e8db1","name":"kV 전력선 구간","kind":"distribution","kindLabel":"배전급 전력선","sourceYear":"2026","recordIds":["bgd-v162-a-024-entity-00240"],"rowCount":1,"lengthKm":0.1238},"geometry":{"type":"Point","coordinates":[89.4028263,22.6101668]}},{"type":"Feature","id":"a-024-562773049e","properties":{"elementId":"A-024","featureId":"a-024-562773049e","name":"kV 전력선 구간","kind":"distribution","kindLabel":"배전급 전력선","sourceYear":"2026","recordIds":["bgd-v162-a-024-entity-00255"],"rowCount":1,"lengthKm":3.3006},"geometry":{"type":"Point","coordinates":[89.4030868,22.6120889]}},{"type":"Feature","id":"a-024-44e2c9a735","properties":{"elementId":"A-024","featureId":"a-024-44e2c9a735","name":"kV 전력선 구간","kind":"distribution","kindLabel":"배전급 전력선","sourceYear":"2026","recordIds":["bgd-v162-a-024-entity-00251"],"rowCount":1,"lengthKm":2.0699},"geometry":{"type":"Point","coordinates":[89.4037985,22.628716]}},{"type":"Feature","id":"a-024-ad5ff73ab9","properties":{"elementId":"A-024","featureId":"a-024-ad5ff73ab9","name":"kV 전력선 구간","kind":"distribution","kindLabel":"배전급 전력선","sourceYear":"2026","recordIds":["bgd-v162-a-024-entity-00236"],"rowCount":1,"lengthKm":0.0494},"geometry":{"type":"Point","coordinates":[89.4045006,22.6129995]}},{"type":"Feature","id":"a-024-31ef0bf721","properties":{"elementId":"A-024","featureId":"a-024-31ef0bf721","name":"kV 전력선 구간","kind":"distribution","kindLabel":"배전급 전력선","sourceYear":"2026","recordIds":["bgd-v162-a-024-entity-00238"],"rowCount":1,"lengthKm":0.0907},"geometry":{"type":"Point","coordinates":[89.4064487,22.6142421]}},{"type":"Feature","id":"a-024-b2794f9d7f","properties":{"elementId":"A-024","featureId":"a-024-b2794f9d7f","name":"kV 전력선 구간","kind":"distribution","kindLabel":"배전급 전력선","sourceYear":"2026","recordIds":["bgd-v162-a-024-entity-00254"],"rowCount":1,"lengthKm":2.8446},"geometry":{"type":"Point","coordinates":[89.4067446,22.5994371]}},{"type":"Feature","id":"a-024-1a8b6a5f64","properties":{"elementId":"A-024","featureId":"a-024-1a8b6a5f64","name":"kV 전력선 구간","kind":"distribution","kindLabel":"배전급 전력선","sourceYear":"2026","recordIds":["bgd-v162-a-024-entity-00242"],"rowCount":1,"lengthKm":0.2274},"geometry":{"type":"Point","coordinates":[89.411732,22.6253503]}},{"type":"Feature","id":"a-024-a8ce5f8e8b","properties":{"elementId":"A-024","featureId":"a-024-a8ce5f8e8b","name":"kV 전력선 구간","kind":"distribution","kindLabel":"배전급 전력선","sourceYear":"2026","recordIds":["bgd-v162-a-024-entity-00244"],"rowCount":1,"lengthKm":0.262},"geometry":{"type":"Point","coordinates":[89.4132293,22.62684]}},{"type":"Feature","id":"a-024-a06b3f3cef","properties":{"elementId":"A-024","featureId":"a-024-a06b3f3cef","name":"kV 전력선 구간","kind":"distribution","kindLabel":"배전급 전력선","sourceYear":"2026","recordIds":["bgd-v162-a-024-entity-00249"],"rowCount":1,"lengthKm":1.6987},"geometry":{"type":"Point","coordinates":[89.4142784,22.6253639]}},{"type":"Feature","id":"a-024-b369b1ba2a","properties":{"elementId":"A-024","featureId":"a-024-b369b1ba2a","name":"kV 전력선 구간","kind":"distribution","kindLabel":"배전급 전력선","sourceYear":"2026","recordIds":["bgd-v162-a-024-entity-00247"],"rowCount":1,"lengthKm":0.4545},"geometry":{"type":"Point","coordinates":[89.4152666,22.6338743]}},{"type":"Feature","id":"a-024-5d85a76a16","properties":{"elementId":"A-024","featureId":"a-024-5d85a76a16","name":"kV 전력선 구간","kind":"distribution","kindLabel":"배전급 전력선","sourceYear":"2026","recordIds":["bgd-v162-a-024-entity-00250"],"rowCount":1,"lengthKm":1.9559},"geometry":{"type":"Point","coordinates":[89.415815,22.6172026]}},{"type":"Feature","id":"a-024-d0a1401805","properties":{"elementId":"A-024","featureId":"a-024-d0a1401805","name":"kV 전력선 구간","kind":"distribution","kindLabel":"배전급 전력선","sourceYear":"2026","recordIds":["bgd-v162-a-024-entity-00241"],"rowCount":1,"lengthKm":0.1895},"geometry":{"type":"Point","coordinates":[89.4161576,22.6305889]}},{"type":"Feature","id":"a-024-4317b7e51c","properties":{"elementId":"A-024","featureId":"a-024-4317b7e51c","name":"kV 전력선 구간","kind":"distribution","kindLabel":"배전급 전력선","sourceYear":"2026","recordIds":["bgd-v162-a-024-entity-00237"],"rowCount":1,"lengthKm":0.0504},"geometry":{"type":"Point","coordinates":[89.4164364,22.6180545]}},{"type":"Feature","id":"a-024-f2a473e00c","properties":{"elementId":"A-024","featureId":"a-024-f2a473e00c","name":"kV 전력선 구간","kind":"transmission","kindLabel":"고압 송전선","sourceYear":"2026","recordIds":["bgd-v162-a-024-entity-00935"],"rowCount":1,"lengthKm":0.0334},"geometry":{"type":"Point","coordinates":[89.593872,24.1350687]}},{"type":"Feature","id":"a-024-c146656310","properties":{"elementId":"A-024","featureId":"a-024-c146656310","name":"kV 전력선 구간","kind":"transmission","kindLabel":"고압 송전선","sourceYear":"2026","recordIds":["bgd-v162-a-024-entity-00953"],"rowCount":1,"lengthKm":0.6844},"geometry":{"type":"Point","coordinates":[89.596644,24.1377219]}},{"type":"Feature","id":"a-024-2b9fdf8541","properties":{"elementId":"A-024","featureId":"a-024-2b9fdf8541","name":"kV 전력선 구간","kind":"transmission","kindLabel":"고압 송전선","sourceYear":"2026","recordIds":["bgd-v162-a-024-entity-00246"],"rowCount":1,"lengthKm":0.3811},"geometry":{"type":"Point","coordinates":[89.8036727,22.649266]}},{"type":"Feature","id":"a-024-799ba860f0","properties":{"elementId":"A-024","featureId":"a-024-799ba860f0","name":"kV 전력선 구간","kind":"transmission","kindLabel":"고압 송전선","sourceYear":"2026","recordIds":["bgd-v162-a-024-entity-00248"],"rowCount":1,"lengthKm":0.6707},"geometry":{"type":"Point","coordinates":[89.8068521,22.6494617]}},{"type":"Feature","id":"a-024-8d46f5ba65","properties":{"elementId":"A-024","featureId":"a-024-8d46f5ba65","name":"kV 전력선 구간","kind":"distribution","kindLabel":"배전급 전력선","sourceYear":"2026","recordIds":["bgd-v162-a-024-entity-00771"],"rowCount":1,"lengthKm":0.8098},"geometry":{"type":"Point","coordinates":[89.9702516,24.9202648]}},{"type":"Feature","id":"a-024-a5ad5c6e1b","properties":{"elementId":"A-024","featureId":"a-024-a5ad5c6e1b","name":"kV 전력선 구간","kind":"transmission","kindLabel":"고압 송전선","sourceYear":"2026","recordIds":["bgd-v162-a-024-entity-00773"],"rowCount":1,"lengthKm":3.0692},"geometry":{"type":"Point","coordinates":[89.9764408,24.9025952]}},{"type":"Feature","id":"a-024-ef9bbae460","properties":{"elementId":"A-024","featureId":"a-024-ef9bbae460","name":"kV 전력선 구간","kind":"distribution","kindLabel":"배전급 전력선","sourceYear":"2026","recordIds":["bgd-v162-a-024-entity-00701"],"rowCount":1,"lengthKm":1.8039},"geometry":{"type":"Point","coordinates":[90.0085402,24.1508384]}},{"type":"Feature","id":"a-024-86f4aa19d8","properties":{"elementId":"A-024","featureId":"a-024-86f4aa19d8","name":"kV 전력선 구간","kind":"distribution","kindLabel":"배전급 전력선","sourceYear":"2026","recordIds":["bgd-v162-a-024-entity-00704"],"rowCount":1,"lengthKm":2.2358},"geometry":{"type":"Point","coordinates":[90.0098062,24.1178476]}},{"type":"Feature","id":"a-024-7481e2b5dc","properties":{"elementId":"A-024","featureId":"a-024-7481e2b5dc","name":"kV 전력선 구간","kind":"distribution","kindLabel":"배전급 전력선","sourceYear":"2026","recordIds":["bgd-v162-a-024-entity-00698"],"rowCount":1,"lengthKm":1.3029},"geometry":{"type":"Point","coordinates":[90.0218278,24.1263739]}},{"type":"Feature","id":"a-024-18046f155f","properties":{"elementId":"A-024","featureId":"a-024-18046f155f","name":"kV 전력선 구간","kind":"distribution","kindLabel":"배전급 전력선","sourceYear":"2026","recordIds":["bgd-v162-a-024-entity-00694"],"rowCount":1,"lengthKm":0.8333},"geometry":{"type":"Point","coordinates":[90.0248533,24.1236469]}},{"type":"Feature","id":"a-024-2045cc691e","properties":{"elementId":"A-024","featureId":"a-024-2045cc691e","name":"kV 전력선 구간","kind":"distribution","kindLabel":"배전급 전력선","sourceYear":"2026","recordIds":["bgd-v162-a-024-entity-00697"],"rowCount":1,"lengthKm":0.9858},"geometry":{"type":"Point","coordinates":[90.0274819,24.1333527]}},{"type":"Feature","id":"a-024-08395879f5","properties":{"elementId":"A-024","featureId":"a-024-08395879f5","name":"kV 전력선 구간","kind":"distribution","kindLabel":"배전급 전력선","sourceYear":"2026","recordIds":["bgd-v162-a-024-entity-00755"],"rowCount":1,"lengthKm":0.0613},"geometry":{"type":"Point","coordinates":[90.1057485,22.5679083]}},{"type":"Feature","id":"a-024-f309833e7b","properties":{"elementId":"A-024","featureId":"a-024-f309833e7b","name":"kV 전력선 구간","kind":"transmission","kindLabel":"고압 송전선","sourceYear":"2026","recordIds":["bgd-v162-a-024-entity-00708"],"rowCount":1,"lengthKm":3.6142},"geometry":{"type":"Point","coordinates":[90.1251572,24.1107529]}},{"type":"Feature","id":"a-024-9f4b3539be","properties":{"elementId":"A-024","featureId":"a-024-9f4b3539be","name":"kV 전력선 구간","kind":"transmission","kindLabel":"고압 송전선","sourceYear":"2026","recordIds":["bgd-v162-a-024-entity-00684"],"rowCount":1,"lengthKm":0.3045},"geometry":{"type":"Point","coordinates":[90.195711,24.0948485]}},{"type":"Feature","id":"a-024-c0b421c097","properties":{"elementId":"A-024","featureId":"a-024-c0b421c097","name":"kV 전력선 구간","kind":"transmission","kindLabel":"고압 송전선","sourceYear":"2026","recordIds":["bgd-v162-a-024-entity-00677"],"rowCount":1,"lengthKm":0.1824},"geometry":{"type":"Point","coordinates":[90.1960434,24.0948655]}},{"type":"Feature","id":"a-024-de4d34a366","properties":{"elementId":"A-024","featureId":"a-024-de4d34a366","name":"kV 전력선 구간","kind":"distribution","kindLabel":"배전급 전력선","sourceYear":"2026","recordIds":["bgd-v162-a-024-entity-00676","bgd-v162-a-024-entity-00679","bgd-v162-a-024-entity-00680"],"rowCount":3},"geometry":{"type":"Point","coordinates":[90.1989417,23.9063904]}},{"type":"Feature","id":"a-024-0e5ec29694","properties":{"elementId":"A-024","featureId":"a-024-0e5ec29694","name":"kV 전력선 구간","kind":"transmission","kindLabel":"고압 송전선","sourceYear":"2026","recordIds":["bgd-v162-a-024-entity-00686"],"rowCount":1,"lengthKm":0.4335},"geometry":{"type":"Point","coordinates":[90.2032626,23.9062635]}},{"type":"Feature","id":"a-024-2ea9987050","properties":{"elementId":"A-024","featureId":"a-024-2ea9987050","name":"kV 전력선 구간","kind":"transmission","kindLabel":"고압 송전선","sourceYear":"2026","recordIds":["bgd-v162-a-024-entity-00685"],"rowCount":1,"lengthKm":0.3125},"geometry":{"type":"Point","coordinates":[90.3401551,23.9900166]}},{"type":"Feature","id":"a-024-3bffcade8f","properties":{"elementId":"A-024","featureId":"a-024-3bffcade8f","name":"kV 전력선 구간","kind":"transmission","kindLabel":"고압 송전선","sourceYear":"2026","recordIds":["bgd-v162-a-024-entity-00688"],"rowCount":1,"lengthKm":0.547},"geometry":{"type":"Point","coordinates":[90.3427005,23.6500942]}},{"type":"Feature","id":"a-024-a3a43d199f","properties":{"elementId":"A-024","featureId":"a-024-a3a43d199f","name":"kV 전력선 구간","kind":"transmission","kindLabel":"고압 송전선","sourceYear":"2026","recordIds":["bgd-v162-a-024-entity-00757"],"rowCount":1,"lengthKm":1.1512},"geometry":{"type":"Point","coordinates":[90.3433747,22.6502192]}},{"type":"Feature","id":"a-024-1ed8f77c45","properties":{"elementId":"A-024","featureId":"a-024-1ed8f77c45","name":"kV 전력선 구간","kind":"transmission","kindLabel":"고압 송전선","sourceYear":"2026","recordIds":["bgd-v162-a-024-entity-00706"],"rowCount":1,"lengthKm":2.7887},"geometry":{"type":"Point","coordinates":[90.3797131,23.7150925]}},{"type":"Feature","id":"a-024-34bb16699f","properties":{"elementId":"A-024","featureId":"a-024-34bb16699f","name":"kV 전력선 구간","kind":"transmission","kindLabel":"고압 송전선","sourceYear":"2026","recordIds":["bgd-v162-a-024-entity-00690"],"rowCount":1,"lengthKm":0.5944},"geometry":{"type":"Point","coordinates":[90.3901965,23.7101538]}},{"type":"Feature","id":"a-024-74e2f027a4","properties":{"elementId":"A-024","featureId":"a-024-74e2f027a4","name":"kV 전력선 구간","kind":"transmission","kindLabel":"고압 송전선","sourceYear":"2026","recordIds":["bgd-v162-a-024-entity-00700"],"rowCount":1,"lengthKm":1.7807},"geometry":{"type":"Point","coordinates":[90.4215349,23.7703591]}},{"type":"Feature","id":"a-024-a2fc7ec7e2","properties":{"elementId":"A-024","featureId":"a-024-a2fc7ec7e2","name":"kV 전력선 구간","kind":"transmission","kindLabel":"고압 송전선","sourceYear":"2026","recordIds":["bgd-v162-a-024-entity-00691"],"rowCount":1,"lengthKm":0.5972},"geometry":{"type":"Point","coordinates":[90.4292319,23.6821496]}},{"type":"Feature","id":"a-024-4b91909808","properties":{"elementId":"A-024","featureId":"a-024-4b91909808","name":"kV 전력선 구간","kind":"transmission","kindLabel":"고압 송전선","sourceYear":"2026","recordIds":["bgd-v162-a-024-entity-00711"],"rowCount":1,"lengthKm":8.7822},"geometry":{"type":"Point","coordinates":[90.4360358,23.8510609]}},{"type":"Feature","id":"a-024-6bd38b33e6","properties":{"elementId":"A-024","featureId":"a-024-6bd38b33e6","name":"kV 전력선 구간","kind":"transmission","kindLabel":"고압 송전선","sourceYear":"2026","recordIds":["bgd-v162-a-024-entity-00702"],"rowCount":1,"lengthKm":1.977},"geometry":{"type":"Point","coordinates":[90.4363347,23.810008]}},{"type":"Feature","id":"a-024-83b1d7379b","properties":{"elementId":"A-024","featureId":"a-024-83b1d7379b","name":"kV 전력선 구간","kind":"transmission","kindLabel":"고압 송전선","sourceYear":"2026","recordIds":["bgd-v162-a-024-entity-00703"],"rowCount":1,"lengthKm":14.9894},"geometry":{"type":"Point","coordinates":[90.4374546,23.8316639]}},{"type":"Feature","id":"a-024-7f9732ce01","properties":{"elementId":"A-024","featureId":"a-024-7f9732ce01","name":"kV 전력선 구간","kind":"transmission","kindLabel":"고압 송전선","sourceYear":"2026","recordIds":["bgd-v162-a-024-entity-00772"],"rowCount":1,"lengthKm":1.2672},"geometry":{"type":"Point","coordinates":[90.4522538,24.7124105]}},{"type":"Feature","id":"a-024-4926755ddc","properties":{"elementId":"A-024","featureId":"a-024-4926755ddc","name":"kV 전력선 구간","kind":"transmission","kindLabel":"고압 송전선","sourceYear":"2026","recordIds":["bgd-v162-a-024-entity-00710"],"rowCount":1,"lengthKm":7.3717},"geometry":{"type":"Point","coordinates":[90.4738196,23.9119255]}},{"type":"Feature","id":"a-024-4200d83e8d","properties":{"elementId":"A-024","featureId":"a-024-4200d83e8d","name":"kV 전력선 구간","kind":"transmission","kindLabel":"고압 송전선","sourceYear":"2026","recordIds":["bgd-v162-a-024-entity-00696"],"rowCount":1,"lengthKm":0.9357},"geometry":{"type":"Point","coordinates":[90.4840422,23.568914]}},{"type":"Feature","id":"a-024-75a3277c42","properties":{"elementId":"A-024","featureId":"a-024-75a3277c42","name":"kV 전력선 구간","kind":"transmission","kindLabel":"고압 송전선","sourceYear":"2026","recordIds":["bgd-v162-a-024-entity-00682"],"rowCount":1,"lengthKm":0.2681},"geometry":{"type":"Point","coordinates":[90.4881138,23.5999016]}},{"type":"Feature","id":"a-024-37f296df5c","properties":{"elementId":"A-024","featureId":"a-024-37f296df5c","name":"kV 전력선 구간","kind":"transmission","kindLabel":"고압 송전선","sourceYear":"2026","recordIds":["bgd-v162-a-024-entity-00689"],"rowCount":1,"lengthKm":0.5593},"geometry":{"type":"Point","coordinates":[90.4927996,23.5729347]}},{"type":"Feature","id":"a-024-02e8594539","properties":{"elementId":"A-024","featureId":"a-024-02e8594539","name":"kV 전력선 구간","kind":"transmission","kindLabel":"고압 송전선","sourceYear":"2026","recordIds":["bgd-v162-a-024-entity-00678"],"rowCount":1,"lengthKm":0.1898},"geometry":{"type":"Point","coordinates":[90.492973,23.9373389]}},{"type":"Feature","id":"a-024-b051eeae3d","properties":{"elementId":"A-024","featureId":"a-024-b051eeae3d","name":"kV 전력선 구간","kind":"transmission","kindLabel":"고압 송전선","sourceYear":"2026","recordIds":["bgd-v162-a-024-entity-00695"],"rowCount":1,"lengthKm":0.8372},"geometry":{"type":"Point","coordinates":[90.4931376,23.5972347]}},{"type":"Feature","id":"a-024-d445205dfa","properties":{"elementId":"A-024","featureId":"a-024-d445205dfa","name":"kV 전력선 구간","kind":"transmission","kindLabel":"고압 송전선","sourceYear":"2026","recordIds":["bgd-v162-a-024-entity-00683"],"rowCount":1,"lengthKm":0.2838},"geometry":{"type":"Point","coordinates":[90.4940091,23.9359183]}},{"type":"Feature","id":"a-024-c91fd04656","properties":{"elementId":"A-024","featureId":"a-024-c91fd04656","name":"kV 전력선 구간","kind":"transmission","kindLabel":"고압 송전선","sourceYear":"2026","recordIds":["bgd-v162-a-024-entity-00707"],"rowCount":1,"lengthKm":2.814},"geometry":{"type":"Point","coordinates":[90.5006987,23.5846963]}},{"type":"Feature","id":"a-024-a129e039ca","properties":{"elementId":"A-024","featureId":"a-024-a129e039ca","name":"kV 전력선 구간","kind":"transmission","kindLabel":"고압 송전선","sourceYear":"2026","recordIds":["bgd-v162-a-024-entity-00705"],"rowCount":1,"lengthKm":2.713},"geometry":{"type":"Point","coordinates":[90.5018254,23.9453164]}},{"type":"Feature","id":"a-024-40767aada2","properties":{"elementId":"A-024","featureId":"a-024-40767aada2","name":"kV 전력선 구간","kind":"transmission","kindLabel":"고압 송전선","sourceYear":"2026","recordIds":["bgd-v162-a-024-entity-00699"],"rowCount":1,"lengthKm":1.4527},"geometry":{"type":"Point","coordinates":[90.5062562,23.5873192]}},{"type":"Feature","id":"a-024-21d31fa82c","properties":{"elementId":"A-024","featureId":"a-024-21d31fa82c","name":"kV 전력선 구간","kind":"distribution","kindLabel":"배전급 전력선","sourceYear":"2026","recordIds":["bgd-v162-a-024-entity-00687"],"rowCount":1,"lengthKm":0.4851},"geometry":{"type":"Point","coordinates":[90.5116944,23.7769063]}},{"type":"Feature","id":"a-024-97224df92a","properties":{"elementId":"A-024","featureId":"a-024-97224df92a","name":"kV 전력선 구간","kind":"transmission","kindLabel":"고압 송전선","sourceYear":"2026","recordIds":["bgd-v162-a-024-entity-00692"],"rowCount":1,"lengthKm":0.6212},"geometry":{"type":"Point","coordinates":[90.5308704,23.6872534]}},{"type":"Feature","id":"a-024-97cbd58ea0","properties":{"elementId":"A-024","featureId":"a-024-97cbd58ea0","name":"kV 전력선 구간","kind":"transmission","kindLabel":"고압 송전선","sourceYear":"2026","recordIds":["bgd-v162-a-024-entity-00681"],"rowCount":1,"lengthKm":0.2265},"geometry":{"type":"Point","coordinates":[90.5974993,23.6126574]}},{"type":"Feature","id":"a-024-f9913614ff","properties":{"elementId":"A-024","featureId":"a-024-f9913614ff","name":"kV 전력선 구간","kind":"transmission","kindLabel":"고압 송전선","sourceYear":"2026","recordIds":["bgd-v162-a-024-entity-00693"],"rowCount":1,"lengthKm":0.7413},"geometry":{"type":"Point","coordinates":[90.6428692,23.9732075]}},{"type":"Feature","id":"a-024-05f6fde568","properties":{"elementId":"A-024","featureId":"a-024-05f6fde568","name":"kV 전력선 구간","kind":"transmission","kindLabel":"고압 송전선","sourceYear":"2026","recordIds":["bgd-v162-a-024-entity-00675"],"rowCount":1,"lengthKm":0.0742},"geometry":{"type":"Point","coordinates":[90.7040933,23.9124629]}},{"type":"Feature","id":"a-024-0b67fdf0fe","properties":{"elementId":"A-024","featureId":"a-024-0b67fdf0fe","name":"kV 전력선 구간","kind":"transmission","kindLabel":"고압 송전선","sourceYear":"2026","recordIds":["bgd-v162-a-024-entity-00756"],"rowCount":1,"lengthKm":0.74},"geometry":{"type":"Point","coordinates":[90.7073102,22.4785526]}},{"type":"Feature","id":"a-024-fd90409407","properties":{"elementId":"A-024","featureId":"a-024-fd90409407","name":"kV 전력선 구간","kind":"distribution","kindLabel":"배전급 전력선","sourceYear":"2026","recordIds":["bgd-v162-a-024-entity-00409"],"rowCount":1,"lengthKm":1.1635},"geometry":{"type":"Point","coordinates":[90.7557768,23.5510926]}},{"type":"Feature","id":"a-024-e77e58e61a","properties":{"elementId":"A-024","featureId":"a-024-e77e58e61a","name":"kV 전력선 구간","kind":"transmission","kindLabel":"고압 송전선","sourceYear":"2026","recordIds":["bgd-v162-a-024-entity-00709"],"rowCount":1,"lengthKm":4.7299},"geometry":{"type":"Point","coordinates":[90.9848159,24.0667192]}},{"type":"Feature","id":"a-024-7f6a45d13b","properties":{"elementId":"A-024","featureId":"a-024-7f6a45d13b","name":"kV 전력선 구간","kind":"transmission","kindLabel":"고압 송전선","sourceYear":"2026","recordIds":["bgd-v162-a-024-entity-00410"],"rowCount":1,"lengthKm":1.1935},"geometry":{"type":"Point","coordinates":[91.0100448,24.0418688]}},{"type":"Feature","id":"a-024-88203d3a97","properties":{"elementId":"A-024","featureId":"a-024-88203d3a97","name":"kV 전력선 구간","kind":"transmission","kindLabel":"고압 송전선","sourceYear":"2026","recordIds":["bgd-v162-a-024-entity-00397"],"rowCount":1,"lengthKm":0.2001},"geometry":{"type":"Point","coordinates":[91.100273,23.509605]}},{"type":"Feature","id":"a-024-5ba2f0fcd5","properties":{"elementId":"A-024","featureId":"a-024-5ba2f0fcd5","name":"kV 전력선 구간","kind":"distribution","kindLabel":"배전급 전력선","sourceYear":"2026","recordIds":["bgd-v162-a-024-entity-00389"],"rowCount":1,"lengthKm":0.0397},"geometry":{"type":"Point","coordinates":[91.1251015,23.1649099]}},{"type":"Feature","id":"a-024-56b9a02951","properties":{"elementId":"A-024","featureId":"a-024-56b9a02951","name":"kV 전력선 구간","kind":"transmission","kindLabel":"고압 송전선","sourceYear":"2026","recordIds":["bgd-v162-a-024-entity-00384"],"rowCount":1,"lengthKm":0.009},"geometry":{"type":"Point","coordinates":[91.125218,23.1649357]}},{"type":"Feature","id":"a-024-555c7dd52e","properties":{"elementId":"A-024","featureId":"a-024-555c7dd52e","name":"kV 전력선 구간","kind":"transmission","kindLabel":"고압 송전선","sourceYear":"2026","recordIds":["bgd-v162-a-024-entity-00382"],"rowCount":1,"lengthKm":0.0087},"geometry":{"type":"Point","coordinates":[91.1252772,23.1649384]}},{"type":"Feature","id":"a-024-6b538d71bb","properties":{"elementId":"A-024","featureId":"a-024-6b538d71bb","name":"kV 전력선 구간","kind":"distribution","kindLabel":"배전급 전력선","sourceYear":"2026","recordIds":["bgd-v162-a-024-entity-00390"],"rowCount":1,"lengthKm":0.0522},"geometry":{"type":"Point","coordinates":[91.1253126,23.1648605]}},{"type":"Feature","id":"a-024-06c9db852e","properties":{"elementId":"A-024","featureId":"a-024-06c9db852e","name":"kV 전력선 구간","kind":"transmission","kindLabel":"고압 송전선","sourceYear":"2026","recordIds":["bgd-v162-a-024-entity-00383"],"rowCount":1,"lengthKm":0.0088},"geometry":{"type":"Point","coordinates":[91.1253222,23.1649393]}},{"type":"Feature","id":"a-024-4c379b6399","properties":{"elementId":"A-024","featureId":"a-024-4c379b6399","name":"kV 전력선 구간","kind":"mixed","kindLabel":"배전급 전력선 · 고압 송전선","sourceYear":"2026","recordIds":["bgd-v162-a-024-entity-00381","bgd-v162-a-024-entity-00388"],"rowCount":2},"geometry":{"type":"Point","coordinates":[91.1253656,23.1645676]}},{"type":"Feature","id":"a-024-b28f2c0e22","properties":{"elementId":"A-024","featureId":"a-024-b28f2c0e22","name":"kV 전력선 구간","kind":"mixed","kindLabel":"고압 송전선 · 배전급 전력선","sourceYear":"2026","recordIds":["bgd-v162-a-024-entity-00385","bgd-v162-a-024-entity-00394"],"rowCount":2},"geometry":{"type":"Point","coordinates":[91.1253807,23.1649414]}},{"type":"Feature","id":"a-024-8aee2d1141","properties":{"elementId":"A-024","featureId":"a-024-8aee2d1141","name":"kV 전력선 구간","kind":"distribution","kindLabel":"배전급 전력선","sourceYear":"2026","recordIds":["bgd-v162-a-024-entity-00387"],"rowCount":1,"lengthKm":0.0347},"geometry":{"type":"Point","coordinates":[91.1254188,23.1646972]}},{"type":"Feature","id":"a-024-026ed8f0b7","properties":{"elementId":"A-024","featureId":"a-024-026ed8f0b7","name":"kV 전력선 구간","kind":"distribution","kindLabel":"배전급 전력선","sourceYear":"2026","recordIds":["bgd-v162-a-024-entity-00395"],"rowCount":1,"lengthKm":0.1365},"geometry":{"type":"Point","coordinates":[91.1261309,23.1648334]}},{"type":"Feature","id":"a-024-6cf79468a3","properties":{"elementId":"A-024","featureId":"a-024-6cf79468a3","name":"kV 전력선 구간","kind":"distribution","kindLabel":"배전급 전력선","sourceYear":"2026","recordIds":["bgd-v162-a-024-entity-00391"],"rowCount":1,"lengthKm":0.0627},"geometry":{"type":"Point","coordinates":[91.1265487,23.164866]}},{"type":"Feature","id":"a-024-3a8d1f0ede","properties":{"elementId":"A-024","featureId":"a-024-3a8d1f0ede","name":"kV 전력선 구간","kind":"distribution","kindLabel":"배전급 전력선","sourceYear":"2026","recordIds":["bgd-v162-a-024-entity-00392"],"rowCount":1,"lengthKm":0.0886},"geometry":{"type":"Point","coordinates":[91.1267786,23.1648324]}},{"type":"Feature","id":"a-024-1c3c1185cd","properties":{"elementId":"A-024","featureId":"a-024-1c3c1185cd","name":"kV 전력선 구간","kind":"distribution","kindLabel":"배전급 전력선","sourceYear":"2026","recordIds":["bgd-v162-a-024-entity-00393"],"rowCount":1,"lengthKm":0.0899},"geometry":{"type":"Point","coordinates":[91.1269763,23.1648021]}},{"type":"Feature","id":"a-024-8aff6c8004","properties":{"elementId":"A-024","featureId":"a-024-8aff6c8004","name":"kV 전력선 구간","kind":"transmission","kindLabel":"고압 송전선","sourceYear":"2026","recordIds":["bgd-v162-a-024-entity-00386"],"rowCount":1,"lengthKm":0.0323},"geometry":{"type":"Point","coordinates":[91.3003572,22.8475065]}},{"type":"Feature","id":"a-024-9c7ceb6fe5","properties":{"elementId":"A-024","featureId":"a-024-9c7ceb6fe5","name":"kV 전력선 구간","kind":"transmission","kindLabel":"고압 송전선","sourceYear":"2026","recordIds":["bgd-v162-a-024-entity-00406"],"rowCount":1,"lengthKm":0.5971},"geometry":{"type":"Point","coordinates":[91.3498431,23.0222386]}},{"type":"Feature","id":"a-024-3c8b04bdb1","properties":{"elementId":"A-024","featureId":"a-024-3c8b04bdb1","name":"kV 전력선 구간","kind":"transmission","kindLabel":"고압 송전선","sourceYear":"2026","recordIds":["bgd-v162-a-024-entity-00418"],"rowCount":1,"lengthKm":1.7495},"geometry":{"type":"Point","coordinates":[91.5471894,22.8624047]}},{"type":"Feature","id":"a-024-ab1bbaa081","properties":{"elementId":"A-024","featureId":"a-024-ab1bbaa081","name":"kV 전력선 구간","kind":"transmission","kindLabel":"고압 송전선","sourceYear":"2026","recordIds":["bgd-v162-a-024-entity-00421"],"rowCount":1,"lengthKm":2.3972},"geometry":{"type":"Point","coordinates":[91.7413116,22.5594887]}},{"type":"Feature","id":"a-024-393adfbae3","properties":{"elementId":"A-024","featureId":"a-024-393adfbae3","name":"kV 전력선 구간","kind":"transmission","kindLabel":"고압 송전선","sourceYear":"2026","recordIds":["bgd-v162-a-024-entity-00404"],"rowCount":1,"lengthKm":0.4905},"geometry":{"type":"Point","coordinates":[91.8082508,22.3003437]}},{"type":"Feature","id":"a-024-52bd17cd4d","properties":{"elementId":"A-024","featureId":"a-024-52bd17cd4d","name":"kV 전력선 구간","kind":"distribution","kindLabel":"배전급 전력선","sourceYear":"2026","recordIds":["bgd-v162-a-024-entity-00408"],"rowCount":1,"lengthKm":0.8622},"geometry":{"type":"Point","coordinates":[91.8103167,22.3024063]}},{"type":"Feature","id":"a-024-8e1abd53c9","properties":{"elementId":"A-024","featureId":"a-024-8e1abd53c9","name":"kV 전력선 구간","kind":"distribution","kindLabel":"배전급 전력선","sourceYear":"2026","recordIds":["bgd-v162-a-024-entity-00411"],"rowCount":1,"lengthKm":1.1962},"geometry":{"type":"Point","coordinates":[91.8123646,22.3012182]}},{"type":"Feature","id":"a-024-75660d0c29","properties":{"elementId":"A-024","featureId":"a-024-75660d0c29","name":"kV 전력선 구간","kind":"transmission","kindLabel":"고압 송전선","sourceYear":"2026","recordIds":["bgd-v162-a-024-entity-00420"],"rowCount":1,"lengthKm":11.7753},"geometry":{"type":"Point","coordinates":[91.8245765,22.3984156]}},{"type":"Feature","id":"a-024-4f8388c573","properties":{"elementId":"A-024","featureId":"a-024-4f8388c573","name":"kV 전력선 구간","kind":"transmission","kindLabel":"고압 송전선","sourceYear":"2026","recordIds":["bgd-v162-a-024-entity-00419"],"rowCount":1,"lengthKm":11.6664},"geometry":{"type":"Point","coordinates":[91.8284136,22.4034022]}},{"type":"Feature","id":"a-024-e64063cad6","properties":{"elementId":"A-024","featureId":"a-024-e64063cad6","name":"kV 전력선 구간","kind":"transmission","kindLabel":"고압 송전선","sourceYear":"2026","recordIds":["bgd-v162-a-024-entity-00982"],"rowCount":1,"lengthKm":0.3188},"geometry":{"type":"Point","coordinates":[91.8299616,24.9059441]}},{"type":"Feature","id":"a-024-c7a1896fc8","properties":{"elementId":"A-024","featureId":"a-024-c7a1896fc8","name":"kV 전력선 구간","kind":"transmission","kindLabel":"고압 송전선","sourceYear":"2026","recordIds":["bgd-v162-a-024-entity-00414"],"rowCount":1,"lengthKm":1.3592},"geometry":{"type":"Point","coordinates":[91.8760349,22.326177]}},{"type":"Feature","id":"a-024-86d371844e","properties":{"elementId":"A-024","featureId":"a-024-86d371844e","name":"kV 전력선 구간","kind":"transmission","kindLabel":"고압 송전선","sourceYear":"2026","recordIds":["bgd-v162-a-024-entity-00401"],"rowCount":1,"lengthKm":0.4113},"geometry":{"type":"Point","coordinates":[91.876739,22.3355058]}},{"type":"Feature","id":"a-024-a6db43b8c1","properties":{"elementId":"A-024","featureId":"a-024-a6db43b8c1","name":"kV 전력선 구간","kind":"transmission","kindLabel":"고압 송전선","sourceYear":"2026","recordIds":["bgd-v162-a-024-entity-00407"],"rowCount":1,"lengthKm":0.807},"geometry":{"type":"Point","coordinates":[91.8768087,22.326445]}},{"type":"Feature","id":"a-024-3e4b2c3fa5","properties":{"elementId":"A-024","featureId":"a-024-3e4b2c3fa5","name":"kV 전력선 구간","kind":"transmission","kindLabel":"고압 송전선","sourceYear":"2026","recordIds":["bgd-v162-a-024-entity-00399"],"rowCount":1,"lengthKm":0.2902},"geometry":{"type":"Point","coordinates":[91.8771708,22.3330471]}},{"type":"Feature","id":"a-024-c94c6e976c","properties":{"elementId":"A-024","featureId":"a-024-c94c6e976c","name":"kV 전력선 구간","kind":"distribution","kindLabel":"배전급 전력선","sourceYear":"2026","recordIds":["bgd-v162-a-024-entity-00422"],"rowCount":1,"lengthKm":4.9209},"geometry":{"type":"Point","coordinates":[91.9045964,21.701124]}},{"type":"Feature","id":"a-024-233b483ec9","properties":{"elementId":"A-024","featureId":"a-024-233b483ec9","name":"kV 전력선 구간","kind":"distribution","kindLabel":"배전급 전력선","sourceYear":"2026","recordIds":["bgd-v162-a-024-entity-00400"],"rowCount":1,"lengthKm":0.2965},"geometry":{"type":"Point","coordinates":[91.9083153,21.7139652]}},{"type":"Feature","id":"a-024-c2f49a04be","properties":{"elementId":"A-024","featureId":"a-024-c2f49a04be","name":"kV 전력선 구간","kind":"distribution","kindLabel":"배전급 전력선","sourceYear":"2026","recordIds":["bgd-v162-a-024-entity-00416"],"rowCount":1,"lengthKm":1.612},"geometry":{"type":"Point","coordinates":[91.9109224,21.7097751]}},{"type":"Feature","id":"a-024-d217275f97","properties":{"elementId":"A-024","featureId":"a-024-d217275f97","name":"kV 전력선 구간","kind":"distribution","kindLabel":"배전급 전력선","sourceYear":"2026","recordIds":["bgd-v162-a-024-entity-00417"],"rowCount":1,"lengthKm":1.6334},"geometry":{"type":"Point","coordinates":[91.9158992,21.7155675]}},{"type":"Feature","id":"a-024-5f56538301","properties":{"elementId":"A-024","featureId":"a-024-5f56538301","name":"kV 전력선 구간","kind":"distribution","kindLabel":"배전급 전력선","sourceYear":"2026","recordIds":["bgd-v162-a-024-entity-00402"],"rowCount":1,"lengthKm":0.4458},"geometry":{"type":"Point","coordinates":[91.9255766,22.5245887]}},{"type":"Feature","id":"a-024-d49bc9d88a","properties":{"elementId":"A-024","featureId":"a-024-d49bc9d88a","name":"kV 전력선 구간","kind":"transmission","kindLabel":"고압 송전선","sourceYear":"2026","recordIds":["bgd-v162-a-024-entity-00981"],"rowCount":1,"lengthKm":0.0939},"geometry":{"type":"Point","coordinates":[91.9332361,24.6592891]}},{"type":"Feature","id":"a-024-d1a9810ea3","properties":{"elementId":"A-024","featureId":"a-024-d1a9810ea3","name":"kV 전력선 구간","kind":"distribution","kindLabel":"배전급 전력선","sourceYear":"2026","recordIds":["bgd-v162-a-024-entity-00403"],"rowCount":1,"lengthKm":0.4569},"geometry":{"type":"Point","coordinates":[92.0172146,21.4314681]}},{"type":"Feature","id":"a-024-270103b9e3","properties":{"elementId":"A-024","featureId":"a-024-270103b9e3","name":"kV 전력선 구간","kind":"transmission","kindLabel":"고압 송전선","sourceYear":"2026","recordIds":["bgd-v162-a-024-entity-00413"],"rowCount":1,"lengthKm":1.3426},"geometry":{"type":"Point","coordinates":[92.0215447,22.4602355]}},{"type":"Feature","id":"a-024-21b6e70518","properties":{"elementId":"A-024","featureId":"a-024-21b6e70518","name":"kV 전력선 구간","kind":"distribution","kindLabel":"배전급 전력선","sourceYear":"2026","recordIds":["bgd-v162-a-024-entity-00415"],"rowCount":1,"lengthKm":1.3691},"geometry":{"type":"Point","coordinates":[92.0276229,21.4327613]}},{"type":"Feature","id":"a-024-e4f39a5d92","properties":{"elementId":"A-024","featureId":"a-024-e4f39a5d92","name":"kV 전력선 구간","kind":"distribution","kindLabel":"배전급 전력선","sourceYear":"2026","recordIds":["bgd-v162-a-024-entity-00412"],"rowCount":1,"lengthKm":1.244},"geometry":{"type":"Point","coordinates":[92.0290321,21.4334825]}},{"type":"Feature","id":"a-024-221442c64a","properties":{"elementId":"A-024","featureId":"a-024-221442c64a","name":"kV 전력선 구간","kind":"distribution","kindLabel":"배전급 전력선","sourceYear":"2026","recordIds":["bgd-v162-a-024-entity-00398"],"rowCount":1,"lengthKm":0.2547},"geometry":{"type":"Point","coordinates":[92.0306225,21.4388247]}},{"type":"Feature","id":"a-024-d271ec1bef","properties":{"elementId":"A-024","featureId":"a-024-d271ec1bef","name":"kV 전력선 구간","kind":"distribution","kindLabel":"배전급 전력선","sourceYear":"2026","recordIds":["bgd-v162-a-024-entity-00405"],"rowCount":1,"lengthKm":0.5925},"geometry":{"type":"Point","coordinates":[92.0681508,21.7448289]}},{"type":"Feature","id":"a-024-2548a89e9f","properties":{"elementId":"A-024","featureId":"a-024-2548a89e9f","name":"kV 전력선 구간","kind":"distribution","kindLabel":"배전급 전력선","sourceYear":"2026","recordIds":["bgd-v162-a-024-entity-00396"],"rowCount":1,"lengthKm":0.185},"geometry":{"type":"Point","coordinates":[92.3083667,21.6322755]}}]}
