
> react-typescript@1.0.0 finalize:v151
> npm run finalize:v140 && npm run audit:boundary-34:v151 -- --skip-browser && npm run audit:boundary-policy:v151-2


> react-typescript@1.0.0 finalize:v140
> npm run verify:dataset-directory:v150 && npm run finalize:v136 && npm run qa:role-split:v140 && npm run qa:analysis:v140:baseline


> react-typescript@1.0.0 verify:dataset-directory:v150
> node scripts/v150-1/dataset-directory-v150-1.mjs verify

dataset directory verified: 152 items, 294 files, generated 2026-09-24T11:27:34.109Z from e878c0a6f9ed207af400a1df2c7508638eeb2283

> react-typescript@1.0.0 finalize:v136
> npm run audit:release:v136


> react-typescript@1.0.0 audit:release:v136
> node scripts/audit-vietnam-release-v136.mjs

{"type":"command-start","command":"node --test scripts/ci/browser-timeout.test.mjs","timeoutMs":600000,"time":"2026-09-29T02:30:25.027Z"}
TAP version 13
# Subtest: unanswered CDP command rejects and removes pending request
ok 1 - unanswered CDP command rejects and removes pending request
  ---
  duration_ms: 29.2505
  type: 'test'
  ...
# Subtest: successful reply clears the timer
ok 2 - successful reply clears the timer
  ---
  duration_ms: 1.0913
  type: 'test'
  ...
# Subtest: socket closure rejects outstanding commands
ok 3 - socket closure rejects outstanding commands
  ---
  duration_ms: 0.2581
  type: 'test'
  ...
# Subtest: condition deadline also bounds a stalled Runtime.evaluate
ok 4 - condition deadline also bounds a stalled Runtime.evaluate
  ---
  duration_ms: 58.5262
  type: 'test'
  ...
# Subtest: release command failure is not converted to success
ok 5 - release command failure is not converted to success
  ---
  duration_ms: 139.7593
  type: 'test'
  ...
# Subtest: release command watchdog stops a stalled process
ok 6 - release command watchdog stops a stalled process
  ---
  duration_ms: 1011.3474
  type: 'test'
  ...
1..6
# tests 6
# suites 0
# pass 6
# fail 0
# cancelled 0
# skipped 0
# todo 0
# duration_ms 1456.2882
{"type":"command-end","command":"node --test scripts/ci/browser-timeout.test.mjs","exitCode":0,"timedOut":false,"elapsedMs":1626}
{"type":"command-start","command":"npm run build","timeoutMs":900000,"time":"2026-09-29T02:30:26.654Z"}

> react-typescript@1.0.0 prebuild
> node scripts/v150-1/dataset-directory-v150-1.mjs verify

dataset directory verified: 152 items, 294 files, generated 2026-09-24T11:27:34.109Z from e878c0a6f9ed207af400a1df2c7508638eeb2283

> react-typescript@1.0.0 build
> node ./node_modules/react-scripts/bin/react-scripts.js build

Creating an optimized production build...
Compiled successfully.

File sizes after gzip:

  469.01 kB (+2.68 kB)  build\static\js\main.1750cd07.js
  276.6 kB              build\static\js\872.b6f713b7.chunk.js
  126.78 kB             build\static\js\586.3c29f6c9.chunk.js
  116.54 kB             build\static\js\217.da27c0e2.chunk.js
  46.24 kB (+13 B)      build\static\js\390.2e07aee9.chunk.js
  40.96 kB              build\static\css\main.5367dd49.css
  29.02 kB              build\static\js\857.3ba595e2.chunk.js
  11.86 kB              build\static\js\83.e0804bab.chunk.js
  9.99 kB               build\static\css\872.25edd82a.chunk.css
  9.76 kB (+8 B)        build\static\js\245.c5708f23.chunk.js
  7.07 kB               build\static\js\6.aa94fbb1.chunk.js
  6.6 kB                build\static\css\390.5862b00b.chunk.css
  5.75 kB               build\static\js\900.e32131d0.chunk.js
  4.17 kB               build\static\js\minimap-engine-v152.0edbc2c0.chunk.js
  3.25 kB               build\static\js\694.1d18d8ee.chunk.js
  3.15 kB               build\static\js\809.6e5d7964.chunk.js
  2.48 kB               build\static\js\674.16d64738.chunk.js
  2.07 kB               build\static\css\900.98320332.chunk.css
  2.03 kB               build\static\css\694.6dd808ac.chunk.css
  2.03 kB               build\static\css\809.6dd808ac.chunk.css
  1.75 kB               build\static\css\245.507adfce.chunk.css
  1.21 kB               build\static\js\map-icon-kit-v152.f35d5f85.chunk.js
  990 B                 build\static\css\674.175757c8.chunk.css
  789 B                 build\static\css\map-icon-kit-v152.f902d484.chunk.css
  740 B                 build\static\css\minimap-engine-v152.32837bd6.chunk.css

The project was built assuming it is hosted at /.
You can control this with the homepage field in your package.json.

The build folder is ready to be deployed.
You may serve it with a static server:

  npm install -g serve
  serve -s build

Find out more about deployment here:

  https://cra.link/deployment

{"type":"command-end","command":"npm run build","exitCode":0,"timedOut":false,"elapsedMs":27898}
{"type":"command-start","command":"npm run audit:generated-data:v133","timeoutMs":600000,"time":"2026-09-29T02:30:54.553Z"}

> react-typescript@1.0.0 audit:generated-data:v133
> node scripts/audit-vietnam-generated-data-v133.mjs

{"type":"check","name":"COMMITTED_REQUIRED_ASSETS","status":"PASS","actual":12,"expected":12,"details":{"missing":[]}}
{"type":"check","name":"MALFORMED_JSON_COUNT","status":"PASS","actual":0,"expected":0,"details":[]}
{"type":"check","name":"FRAMEWORK_ELEMENTS","status":"PASS","actual":{"manifest":152,"catalog":152,"coverage":152},"expected":152}
{"type":"check","name":"ACCOUNTED_ELEMENTS","status":"PASS","actual":{"manifest":152,"coverage":152},"expected":152}
{"type":"check","name":"UNEXPLAINED_ELEMENTS","status":"PASS","actual":{"manifest":0,"coverage":0},"expected":0}
{"type":"check","name":"ROW_BALANCE","status":"PASS","actual":{"sourceRows":171875,"processedRows":171875,"publicPopulatedRows":168848,"catalogProcessedRows":171875,"catalogPublicPopulatedRows":168848,"catalogRowBreakdown":{"metadataRows":2219,"nonstandardRows":310,"observationRows":16267,"entityRows":153079,"publicPopulatedRows":168848}},"expected":{"matches":true,"catalogProcessedRows":171875,"catalogPublicPopulatedRows":168848}}
{"type":"check","name":"ASSET_INTEGRITY_COVERAGE","status":"PASS","actual":{"declared":555,"recorded":555,"expected":555,"missing":0,"unexpected":0,"duplicate":0},"expected":{"missing":0,"unexpected":0,"duplicate":0}}
{"type":"check","name":"ASSET_HASH_FAILURE_COUNT","status":"PASS","actual":0,"expected":0,"details":[]}
{"type":"check","name":"BROKEN_ASSET_COUNT","status":"PASS","actual":0,"expected":0,"details":{"checked":556,"broken":[]}}
{"type":"check","name":"DOWNLOAD_INTEGRITY","status":"PASS","actual":{"checked":294,"invalid":0},"expected":{"checked":"> 0","invalid":0},"details":[]}
{"type":"check","name":"DOWNLOAD_ROW_RECONCILIATION","status":"PASS","actual":{"checked":147,"failed":0},"expected":{"checked":"> 0","failed":0},"details":[]}
{"type":"check","name":"MAP_INTEGRITY","status":"PASS","actual":{"declaredLayers":42,"layers":42,"connectedTargets":42,"missingTargetLayers":[],"declaredFeatures":4463,"features":4463,"declaredMatchesActual":true},"expected":{"layers":"declared count, <= 43 targets, every connected target present","features":">= 2900","declaredMatchesActual":true,"fakeGeometry":0}}
{"type":"check","name":"SEMANTIC_ASSET_INTEGRITY","status":"PASS","actual":{"integrityContracts":152,"contracts":152,"elementAssets":152},"expected":152}
{"type":"check","name":"SOURCE_ZIP_TRACKED","status":"PASS","actual":false,"expected":false,"details":[]}
{"type":"check","name":"SOURCE_ZIP_REQUIRED_IN_CI","status":"PASS","actual":false,"expected":false,"details":{"sourceFilesystemDependencyCount":0}}
{"type":"summary","status":"PASS","passed":15,"failed":0,"total":15,"failedChecks":[]}
{"type":"command-end","command":"npm run audit:generated-data:v133","exitCode":0,"timedOut":false,"elapsedMs":8025}
{"type":"command-start","command":"node scripts/ci/audit-large-source-table.mjs","timeoutMs":600000,"time":"2026-09-29T02:31:02.579Z"}
{"type":"large-table-check","elementId":"B-005","total":31688,"closed":{"open":false,"rows":0,"nodes":3018,"heap":295443072},"first":{"open":true,"rows":200,"pages":159,"nodes":4884,"heap":307857539},"last":{"open":true,"rows":88,"pages":159,"nodes":4165,"heap":307857539},"status":"PASS"}
{"type":"large-table-check","elementId":"B-006","total":32608,"closed":{"open":false,"rows":0,"nodes":3362,"heap":433338936},"first":{"open":true,"rows":200,"pages":164,"nodes":4922,"heap":421963070},"last":{"open":true,"rows":8,"pages":164,"nodes":3960,"heap":421963070},"status":"PASS"}
{"type":"large-table-check","elementId":"B-007","total":32370,"closed":{"open":false,"rows":0,"nodes":3377,"heap":837256093},"first":{"open":true,"rows":200,"pages":162,"nodes":4899,"heap":856641134},"last":{"open":true,"rows":170,"pages":162,"nodes":5105,"heap":856641134},"status":"PASS"}
{"type":"command-end","command":"node scripts/ci/audit-large-source-table.mjs","exitCode":0,"timedOut":false,"elapsedMs":6089}
{"type":"command-start","command":"npm run audit:ci-contract:v133","timeoutMs":600000,"time":"2026-09-29T02:31:08.670Z"}

> react-typescript@1.0.0 audit:ci-contract:v133
> node scripts/audit-vietnam-ci-contract-v133.mjs

{"type":"check","name":"V133_CI_SCRIPT_CONTRACT","status":"PASS","actual":5,"expected":5,"details":[]}
{"type":"check","name":"CI_WORKFLOW_CURRENT_RELEASE_GATE","status":"PASS","actual":{"finalize":true,"build":true,"currentGateName":true,"currentReports":true,"screenshotCaptureSeparated":true,"noLegacyGate":true,"noLocalSourceAudit":true},"expected":{"finalize":true,"build":true,"currentGateName":true,"currentReports":true,"screenshotCaptureSeparated":true,"noLegacyGate":true,"noLocalSourceAudit":true}}
{"type":"check","name":"PAGES_WORKFLOW_CURRENT_RELEASE_GATE","status":"PASS","actual":{"finalize":true,"build":true,"publicUrl":true,"deploy":true,"smoke":true,"currentReports":true,"screenshotCaptureSeparated":true,"noLegacyGate":true,"noLocalSourceAudit":true},"expected":{"finalize":true,"build":true,"publicUrl":true,"deploy":true,"smoke":true,"currentReports":true,"screenshotCaptureSeparated":true,"noLegacyGate":true,"noLocalSourceAudit":true}}
{"type":"check","name":"SOURCE_ZIP_REQUIRED_IN_CI","status":"PASS","actual":false,"expected":false,"details":{"generatedAuditSourceIndependent":true}}
{"type":"check","name":"SOURCE_ZIP_TRACKED","status":"PASS","actual":false,"expected":false,"details":[]}
{"type":"check","name":"SOURCE_ZIP_IGNORE_CONTRACT","status":"PASS","actual":true,"expected":true,"details":{"rule":".gitignore:18:_source/\t_source/vietnam/v124/vietnam-data(4).zip"}}
{"type":"check","name":"WORLD_COUNTRIES_CANONICAL_EOL","status":"PASS","actual":"text eol=lf","expected":"text eol=lf"}
{"type":"summary","status":"PASS","passed":7,"failed":0,"total":7,"failedChecks":[]}
{"type":"command-end","command":"npm run audit:ci-contract:v133","exitCode":0,"timedOut":false,"elapsedMs":750}
{"type":"command-start","command":"npm run audit:project-scope:v130","timeoutMs":600000,"time":"2026-09-29T02:31:09.420Z"}

> react-typescript@1.0.0 audit:project-scope:v130
> node scripts/audit-project-scope-v130.mjs

{"type":"check","name":"D018_PROJECT_COUNT","status":"PASS","actual":4,"expected":4}
{"type":"check","name":"D018_REGIONAL_PROJECTS","status":"PASS","actual":2,"expected":2}
{"type":"check","name":"D018_SPATIAL_PROJECT_JOIN","status":"PASS","actual":{"join":{"failures":[],"matchedCount":2,"panelOnlyEntityCount":2,"requiredCount":2,"sourceEntityCount":4},"featureCount":4},"expected":{"requiredCount":2,"matchedCount":2,"featureCount":4}}
{"type":"check","name":"D018_NO_STALE_FILTER","status":"PASS","actual":[],"expected":[]}
{"type":"check","name":"GREATER_MEKONG_SCOPE","status":"PASS","actual":{"scope":"multi-country-regional","countries":["KHM","LAO","THA","VNM"]},"expected":{"scope":"multi-country-regional","countries":["KHM","LAO","THA","VNM"]}}
{"type":"check","name":"GREATER_MEKONG_SOURCE_COORDINATE_COUNT","status":"PASS","actual":4,"expected":4}
{"type":"check","name":"GREATER_MEKONG_DISPLAY_MODE","status":"PASS","actual":{"displayedCoordinates":0,"geometryTypes":["MultiPolygon"]},"expected":"one participating-country MultiPolygon; zero project-site points"}
{"type":"check","name":"POINT_WITH_UNKNOWN_MEANING","status":"PASS","actual":0,"expected":0}
{"type":"check","name":"REGIONAL_PROJECT_AS_SINGLE_POINT","status":"PASS","actual":0,"expected":0}
{"type":"check","name":"COUNTRY_PROJECT_AS_FAKE_SITE","status":"PASS","actual":0,"expected":0}
{"type":"check","name":"FIRST_COORDINATE_AS_PROJECT_LOCATION","status":"PASS","actual":0,"expected":0}
{"type":"check","name":"D023_PANEL_ONLY","status":"PASS","actual":{"mapEligibleEntities":0,"catalogMapMode":"panel-only","catalogMapFeatureCount":0,"semanticMapLinkage":{"enabled":false,"featureCount":0,"mapMode":"panel-only","stateParameters":["element","measure","sex","year","period","dim.*"]}},"expected":"entities disabled; catalog and semantic contract panel-only"}
{"type":"check","name":"C025_VISIBLE_PUBLIC_NAME","status":"PASS","actual":0,"expected":0,"details":[]}
{"type":"check","name":"C025_NONSPATIAL_REASON_ACCURATE","status":"PASS","actual":0,"expected":0}
{"type":"check","name":"ALL_PROJECT_RECORDS_CLASSIFIED","status":"PASS","actual":465,"expected":465}
{"type":"summary","audit":"PROJECT_SCOPE_V130","status":"PASS","passed":15,"failed":0,"total":15,"failedChecks":[],"d018ProjectCount":4,"d018RegionalProjectCount":2,"greaterMekongDisplayMode":"regional-scope"}
{"type":"command-end","command":"npm run audit:project-scope:v130","exitCode":0,"timedOut":false,"elapsedMs":659}
{"type":"command-start","command":"npm run audit:map-dedup:v130","timeoutMs":600000,"time":"2026-09-29T02:31:10.079Z"}

> react-typescript@1.0.0 audit:map-dedup:v130
> node scripts/audit-map-dedup-v130.mjs

{"type":"check","name":"D023_D018_DUPLICATE_COUNT_BEFORE","status":"PASS","actual":4,"expected":4}
{"type":"check","name":"D023_D018_VISIBLE_DUPLICATE_COUNT_BEFORE","status":"PASS","actual":{"visibleBefore":0,"visibleAfter":0},"expected":{"visibleBefore":">= visibleAfter","visibleAfter":0}}
{"type":"check","name":"D023_ACTIVE_MAP_LAYER_REMOVED","status":"PASS","actual":{"activeLayers":0,"catalogMapMode":"panel-only","semanticMapMode":"panel-only"},"expected":"no active layer or preset type; catalog/semantic panel-only"}
{"type":"check","name":"CROSS_LAYER_DUPLICATE_VISIBLE_COUNT","status":"PASS","actual":0,"expected":0}
{"type":"check","name":"CLIMATE_FINANCE_PRESET_PRIMARY_D018","status":"PASS","actual":"preset source","expected":"D-018 primary"}
{"type":"check","name":"CLIMATE_FINANCE_PRESET_NO_D023_LAYER","status":"PASS","actual":"preset composition","expected":"no D-023"}
{"type":"check","name":"D023_MAP_SELECTOR_BINDING_REMOVED","status":"PASS","actual":"selector binding source","expected":"no D-023 map selector binding"}
{"type":"summary","audit":"MAP_DEDUP_V130","status":"PASS","passed":7,"failed":0,"total":7,"failedChecks":[],"duplicateCountBefore":4,"duplicateVisibleCountAfter":0}
{"type":"command-end","command":"npm run audit:map-dedup:v130","exitCode":0,"timedOut":false,"elapsedMs":668}
{"type":"command-start","command":"npm run audit:map-semantic-geography:v130","timeoutMs":600000,"time":"2026-09-29T02:31:10.748Z"}

> react-typescript@1.0.0 audit:map-semantic-geography:v130
> node scripts/audit-map-semantic-geography-v130.mjs

{"type":"check","name":"VISIBLE_FEATURE_WITHOUT_SPATIAL_SCOPE","status":"PASS","actual":0,"expected":0,"details":[]}
{"type":"check","name":"VISIBLE_POINT_SOURCE_EVIDENCE","status":"PASS","actual":0,"expected":0,"details":[]}
{"type":"check","name":"TRANSMISSION_NETWORK_SPATIAL_MEANING","status":"PASS","actual":{"spatialScopeType":"network","coordinateMeaning":"verified-network-geometry","sourceCoordinateCount":6693,"displayedCoordinateCount":6693},"expected":{"spatialScopeType":"network","coordinateMeaning":"verified-network-geometry","sourceCoordinateCount":6693,"displayedCoordinateCount":6693}}
{"type":"check","name":"GREATER_MEKONG_NO_FALSE_POINT","status":"PASS","actual":["MultiPolygon"],"expected":["MultiPolygon"]}
{"type":"check","name":"D018_REGIONAL_ASSET_CONTRACT","status":"PASS","actual":{"total":4,"scopes":2,"sites":2},"expected":{"total":4,"scopes":2,"sites":2}}
{"type":"check","name":"D018_ROLE_MEANING","status":"PASS","actual":0,"expected":0}
{"type":"check","name":"D018_SCOPE_PROVENANCE","status":"PASS","actual":{"attribution":"Adaptation Fund Board Secretariat; Natural Earth","elementId":"D-018","fakeGeometryCount":0,"featureCount":4,"geometryTypes":["MultiPolygon","Point"],"kind":"regional-project-scope","license":{"projectMetadata":"Adaptation Fund Legal Notice (World Bank terms apply)","scopeBoundary":"Natural Earth public domain"},"publicSpatialNotice":"참여국 경계는 협력범위이며 정밀 사업구역이나 시설 위치가 아닙니다.","regionalScopeCount":2,"sha256":"946324c92083bcacbfcab1c9057924505fb3c0f53bc4af494d6393965d1ef36d","source":{"projectEvidence":"Adaptation Fund official project pages and proposals","scopeBoundary":"Natural Earth-derived local country boundaries","scopeBoundaryUrl":"/data/world-countries.geojson"},"url":"/data/vietnam/v2/spatial/projects/d-018-regional.geojson","verifiedActivitySiteCount":2,"version":"Adaptation Fund snapshot 2026; local country boundary release V130"},"expected":"source/version/license/attribution"}
{"type":"check","name":"RUNTIME_MISSING_VALUE_NOT_ZERO","status":"PASS","actual":[],"expected":[]}
{"type":"check","name":"FALLBACK_REGIONAL_ROLE_COVERAGE","status":"PASS","actual":"runtime source","expected":"scope and activity-site fallback renderers"}
{"type":"check","name":"ZERO_IMPUTATION","status":"PASS","actual":0,"expected":0}
{"type":"check","name":"FAKE_GEOMETRY","status":"PASS","actual":0,"expected":0}
{"type":"check","name":"D008_PUBLIC_TITLE_MATCHES_MAPPED_RECORDS","status":"PASS","actual":"성·시 기후변화 지출","expected":"성·시 기후변화 지출"}
{"type":"check","name":"FINAL_MAP_FEATURE_OR_SCOPE_COUNT","status":"PASS","actual":4463,"expected":4463}
{"type":"summary","audit":"MAP_SEMANTIC_GEOGRAPHY_V130","status":"PASS","passed":13,"failed":0,"total":13,"failedChecks":[],"visibleFeatureWithoutSpatialScope":0,"zeroImputationCount":0,"fakeGeometryCount":0}
{"type":"command-end","command":"npm run audit:map-semantic-geography:v130","exitCode":0,"timedOut":false,"elapsedMs":683}
{"type":"command-start","command":"npm run audit:public-naming:v131","timeoutMs":600000,"time":"2026-09-29T02:31:11.432Z"}

> react-typescript@1.0.0 audit:public-naming:v131
> node scripts/audit-vietnam-public-naming-v131.mjs

{"type":"check","audit":"public-naming:v131","name":"CATALOG_JSON","status":"PASS","actual":null,"expected":null}
{"type":"check","audit":"public-naming:v131","name":"PACK_PAYLOADS","status":"PASS","actual":0,"expected":0,"details":[]}
{"type":"check","audit":"public-naming:v131","name":"FRAMEWORK_ELEMENTS","status":"PASS","actual":152,"expected":152}
{"type":"check","audit":"public-naming:v131","name":"ACCOUNTED_ELEMENTS","status":"PASS","actual":152,"expected":152}
{"type":"check","audit":"public-naming:v131","name":"PUBLIC_ENTITY_TITLE_POLICY_API","status":"PASS","actual":{"error":null,"resolve":"function","title":"function"},"expected":{"error":null,"resolve":"function","title":"function"}}
{"type":"check","audit":"public-naming:v131","name":"PUBLIC_PLACEHOLDER_PRIMARY_TITLE_COUNT","status":"PASS","actual":0,"expected":0,"details":[]}
{"type":"check","audit":"public-naming:v131","name":"PUBLIC_BLANK_PRIMARY_TITLE_COUNT","status":"PASS","actual":0,"expected":0,"details":[]}
{"type":"check","audit":"public-naming:v131","name":"RAW_TECHNICAL_PRIMARY_LABEL_COUNT","status":"PASS","actual":0,"expected":0,"details":[]}
{"type":"check","audit":"public-naming:v131","name":"UNAVAILABLE_TITLE_STRATEGY_COUNT","status":"PASS","actual":0,"expected":0,"details":[]}
{"type":"check","audit":"public-naming:v131","name":"ENTITY_TITLE_RECONCILIATION","status":"PASS","actual":154806,"expected":"all public entities"}
{"type":"summary","audit":"public-naming:v131","status":"PASS","passed":10,"failed":0,"total":10,"failedChecks":[],"entityCount":154806,"entityContextTitleCount":144411,"publicPlaceholderPrimaryTitleCount":0,"publicBlankPrimaryTitleCount":0,"rawTechnicalPrimaryLabelCount":0,"strategyCounts":{"element-title-field":2147,"factual-composite":144409,"record-type":2,"source-name":7861,"template-title-field":387}}
{"type":"command-end","command":"npm run audit:public-naming:v131","exitCode":0,"timedOut":false,"elapsedMs":6829}
{"type":"command-start","command":"npm run audit:entity-cards:v131","timeoutMs":600000,"time":"2026-09-29T02:31:18.262Z"}

> react-typescript@1.0.0 audit:entity-cards:v131
> node scripts/audit-vietnam-entity-cards-v131.mjs

{"type":"progress","audit":"entity-cards:v131","elementId":"A-023","phase":"start"}
{"type":"progress","audit":"entity-cards:v131","elementId":"A-023","phase":"complete"}
{"type":"progress","audit":"entity-cards:v131","elementId":"A-024","phase":"start"}
{"type":"progress","audit":"entity-cards:v131","elementId":"A-024","phase":"complete"}
{"type":"progress","audit":"entity-cards:v131","elementId":"A-025","phase":"start"}
{"type":"progress","audit":"entity-cards:v131","elementId":"A-025","phase":"complete"}
{"type":"progress","audit":"entity-cards:v131","elementId":"B-003","phase":"start"}
{"type":"progress","audit":"entity-cards:v131","elementId":"B-003","phase":"complete"}
{"type":"progress","audit":"entity-cards:v131","elementId":"B-004","phase":"start"}
{"type":"progress","audit":"entity-cards:v131","elementId":"B-004","phase":"complete"}
{"type":"progress","audit":"entity-cards:v131","elementId":"B-005","phase":"start"}
{"type":"progress","audit":"entity-cards:v131","elementId":"B-005","phase":"complete"}
{"type":"progress","audit":"entity-cards:v131","elementId":"B-006","phase":"start"}
{"type":"progress","audit":"entity-cards:v131","elementId":"B-006","phase":"complete"}
{"type":"progress","audit":"entity-cards:v131","elementId":"B-007","phase":"start"}
{"type":"progress","audit":"entity-cards:v131","elementId":"B-007","phase":"complete"}
{"type":"progress","audit":"entity-cards:v131","elementId":"B-008","phase":"start"}
{"type":"progress","audit":"entity-cards:v131","elementId":"B-008","phase":"complete"}
{"type":"progress","audit":"entity-cards:v131","elementId":"B-017","phase":"start"}
{"type":"progress","audit":"entity-cards:v131","elementId":"B-017","phase":"complete"}
{"type":"progress","audit":"entity-cards:v131","elementId":"B-023","phase":"start"}
{"type":"progress","audit":"entity-cards:v131","elementId":"B-023","phase":"complete"}
{"type":"progress","audit":"entity-cards:v131","elementId":"B-025","phase":"start"}
{"type":"progress","audit":"entity-cards:v131","elementId":"B-025","phase":"complete"}
{"type":"progress","audit":"entity-cards:v131","elementId":"B-026","phase":"start"}
{"type":"progress","audit":"entity-cards:v131","elementId":"B-026","phase":"complete"}
{"type":"progress","audit":"entity-cards:v131","elementId":"B-028","phase":"start"}
{"type":"progress","audit":"entity-cards:v131","elementId":"B-028","phase":"complete"}
{"type":"progress","audit":"entity-cards:v131","elementId":"B-029","phase":"start"}
{"type":"progress","audit":"entity-cards:v131","elementId":"B-029","phase":"complete"}
{"type":"progress","audit":"entity-cards:v131","elementId":"B-030","phase":"start"}
{"type":"progress","audit":"entity-cards:v131","elementId":"B-030","phase":"complete"}
{"type":"progress","audit":"entity-cards:v131","elementId":"B-031","phase":"start"}
{"type":"progress","audit":"entity-cards:v131","elementId":"B-031","phase":"complete"}
{"type":"progress","audit":"entity-cards:v131","elementId":"B-032","phase":"start"}
{"type":"progress","audit":"entity-cards:v131","elementId":"B-032","phase":"complete"}
{"type":"progress","audit":"entity-cards:v131","elementId":"B-033","phase":"start"}
{"type":"progress","audit":"entity-cards:v131","elementId":"B-033","phase":"complete"}
{"type":"progress","audit":"entity-cards:v131","elementId":"B-034","phase":"start"}
{"type":"progress","audit":"entity-cards:v131","elementId":"B-034","phase":"complete"}
{"type":"progress","audit":"entity-cards:v131","elementId":"B-037","phase":"start"}
{"type":"progress","audit":"entity-cards:v131","elementId":"B-037","phase":"complete"}
{"type":"progress","audit":"entity-cards:v131","elementId":"B-039","phase":"start"}
{"type":"progress","audit":"entity-cards:v131","elementId":"B-039","phase":"complete"}
{"type":"progress","audit":"entity-cards:v131","elementId":"B-040","phase":"start"}
{"type":"progress","audit":"entity-cards:v131","elementId":"B-040","phase":"complete"}
{"type":"progress","audit":"entity-cards:v131","elementId":"B-041","phase":"start"}
{"type":"progress","audit":"entity-cards:v131","elementId":"B-041","phase":"complete"}
{"type":"progress","audit":"entity-cards:v131","elementId":"B-042","phase":"start"}
{"type":"progress","audit":"entity-cards:v131","elementId":"B-042","phase":"complete"}
{"type":"progress","audit":"entity-cards:v131","elementId":"B-048","phase":"start"}
{"type":"progress","audit":"entity-cards:v131","elementId":"B-048","phase":"complete"}
{"type":"progress","audit":"entity-cards:v131","elementId":"C-007","phase":"start"}
{"type":"progress","audit":"entity-cards:v131","elementId":"C-007","phase":"complete"}
{"type":"progress","audit":"entity-cards:v131","elementId":"C-008","phase":"start"}
{"type":"progress","audit":"entity-cards:v131","elementId":"C-008","phase":"complete"}
{"type":"progress","audit":"entity-cards:v131","elementId":"C-011","phase":"start"}
{"type":"progress","audit":"entity-cards:v131","elementId":"C-011","phase":"complete"}
{"type":"progress","audit":"entity-cards:v131","elementId":"C-016","phase":"start"}
{"type":"progress","audit":"entity-cards:v131","elementId":"C-016","phase":"complete"}
{"type":"progress","audit":"entity-cards:v131","elementId":"C-018","phase":"start"}
{"type":"progress","audit":"entity-cards:v131","elementId":"C-018","phase":"complete"}
{"type":"progress","audit":"entity-cards:v131","elementId":"C-025","phase":"start"}
{"type":"progress","audit":"entity-cards:v131","elementId":"C-025","phase":"complete"}
{"type":"progress","audit":"entity-cards:v131","elementId":"D-012","phase":"start"}
{"type":"progress","audit":"entity-cards:v131","elementId":"D-012","phase":"complete"}
{"type":"progress","audit":"entity-cards:v131","elementId":"D-014","phase":"start"}
{"type":"progress","audit":"entity-cards:v131","elementId":"D-014","phase":"complete"}
{"type":"progress","audit":"entity-cards:v131","elementId":"D-015","phase":"start"}
{"type":"progress","audit":"entity-cards:v131","elementId":"D-015","phase":"complete"}
{"type":"progress","audit":"entity-cards:v131","elementId":"D-016","phase":"start"}
{"type":"progress","audit":"entity-cards:v131","elementId":"D-016","phase":"complete"}
{"type":"progress","audit":"entity-cards:v131","elementId":"D-017","phase":"start"}
{"type":"progress","audit":"entity-cards:v131","elementId":"D-017","phase":"complete"}
{"type":"progress","audit":"entity-cards:v131","elementId":"D-018","phase":"start"}
{"type":"progress","audit":"entity-cards:v131","elementId":"D-018","phase":"complete"}
{"type":"progress","audit":"entity-cards:v131","elementId":"D-019","phase":"start"}
{"type":"progress","audit":"entity-cards:v131","elementId":"D-019","phase":"complete"}
{"type":"progress","audit":"entity-cards:v131","elementId":"D-020","phase":"start"}
{"type":"progress","audit":"entity-cards:v131","elementId":"D-020","phase":"complete"}
{"type":"progress","audit":"entity-cards:v131","elementId":"D-021","phase":"start"}
{"type":"progress","audit":"entity-cards:v131","elementId":"D-021","phase":"complete"}
{"type":"progress","audit":"entity-cards:v131","elementId":"D-022","phase":"start"}
{"type":"progress","audit":"entity-cards:v131","elementId":"D-022","phase":"complete"}
{"type":"progress","audit":"entity-cards:v131","elementId":"D-023","phase":"start"}
{"type":"progress","audit":"entity-cards:v131","elementId":"D-023","phase":"complete"}
{"type":"progress","audit":"entity-cards:v131","elementId":"D-025","phase":"start"}
{"type":"progress","audit":"entity-cards:v131","elementId":"D-025","phase":"complete"}
{"type":"progress","audit":"entity-cards:v131","elementId":"D-026","phase":"start"}
{"type":"progress","audit":"entity-cards:v131","elementId":"D-026","phase":"complete"}
{"type":"progress","audit":"entity-cards:v131","elementId":"E-001","phase":"start"}
{"type":"progress","audit":"entity-cards:v131","elementId":"E-001","phase":"complete"}
{"type":"progress","audit":"entity-cards:v131","elementId":"E-002","phase":"start"}
{"type":"progress","audit":"entity-cards:v131","elementId":"E-002","phase":"complete"}
{"type":"progress","audit":"entity-cards:v131","elementId":"E-003","phase":"start"}
{"type":"progress","audit":"entity-cards:v131","elementId":"E-003","phase":"complete"}
{"type":"progress","audit":"entity-cards:v131","elementId":"E-004","phase":"start"}
{"type":"progress","audit":"entity-cards:v131","elementId":"E-004","phase":"complete"}
{"type":"progress","audit":"entity-cards:v131","elementId":"E-005","phase":"start"}
{"type":"progress","audit":"entity-cards:v131","elementId":"E-005","phase":"complete"}
{"type":"progress","audit":"entity-cards:v131","elementId":"E-006","phase":"start"}
{"type":"progress","audit":"entity-cards:v131","elementId":"E-006","phase":"complete"}
{"type":"progress","audit":"entity-cards:v131","elementId":"E-018","phase":"start"}
{"type":"progress","audit":"entity-cards:v131","elementId":"E-018","phase":"complete"}
{"type":"progress","audit":"entity-cards:v131","elementId":"E-019","phase":"start"}
{"type":"progress","audit":"entity-cards:v131","elementId":"E-019","phase":"complete"}
{"type":"progress","audit":"entity-cards:v131","elementId":"E-020","phase":"start"}
{"type":"progress","audit":"entity-cards:v131","elementId":"E-020","phase":"complete"}
{"type":"check","audit":"entity-cards:v131","name":"CATALOG_JSON","status":"PASS","actual":null,"expected":null}
{"type":"check","audit":"entity-cards:v131","name":"PACK_PAYLOADS","status":"PASS","actual":0,"expected":0,"details":[]}
{"type":"check","audit":"entity-cards:v131","name":"CARD_COMPONENT_CONTRACT","status":"PASS","actual":true,"expected":true}
{"type":"check","audit":"entity-cards:v131","name":"ENTITY_CARD_ROUTE_COVERAGE","status":"PASS","actual":54,"expected":54,"details":{"runtimeFailure":null,"routeFailures":[]}}
{"type":"check","audit":"entity-cards:v131","name":"EXCLUDED_ENTITY_ROUTE_NOTICE_V156","status":"PASS","actual":[{"elementId":"D-024","pass":true,"problems":[]},{"elementId":"E-008","pass":true,"problems":[]}],"expected":{"routes":["D-024","E-008"],"notice":"card, no chart, no download link"}}
{"type":"check","audit":"entity-cards:v131","name":"ENTITY_CARD_WITHOUT_MEANINGFUL_PRIMARY_TITLE","status":"PASS","actual":0,"expected":0,"details":[]}
{"type":"check","audit":"entity-cards:v131","name":"ENTITY_CARD_LONG_UNSTRUCTURED_TEXT_COUNT","status":"PASS","actual":0,"expected":0}
{"type":"check","audit":"entity-cards:v131","name":"ENTITY_CARD_RESPONSIVE","status":"PASS","actual":0,"expected":0,"details":[]}
{"type":"check","audit":"entity-cards:v131","name":"ENTITY_CARD_COLUMNS_MAX","status":"PASS","actual":4,"expected":"<= 4"}
{"type":"check","audit":"entity-cards:v131","name":"ENTITY_CARD_FACT_LIMIT","status":"PASS","actual":0,"expected":0}
{"type":"check","audit":"entity-cards:v131","name":"ENTITY_CARD_ROUTE_RENDERING","status":"PASS","actual":0,"expected":0,"details":[]}
{"type":"check","audit":"entity-cards:v131","name":"SPECIALIZED_ENTITY_TABLES","status":"PASS","actual":[{"elementId":"B-023","heading":"관측지점별 건기 최저·우기 최고유량","tableCount":3,"rowCount":9,"valid":true},{"elementId":"B-025","heading":"유역 전체 면적과 베트남 내 면적","tableCount":1,"rowCount":8,"valid":true},{"elementId":"B-026","heading":"선택 성·시의 8방향 비율","tableCount":1,"rowCount":8,"valid":true},{"elementId":"B-028","heading":"관측지점별 유량 관측값","tableCount":5,"rowCount":11,"valid":true},{"elementId":"C-011","heading":"여행경보·연락처·범죄 통계를 용도별로 정리한 표","tableCount":8,"rowCount":42,"valid":true}],"expected":"three populated, titled tables with value/context columns"}
{"type":"check","audit":"entity-cards:v131","name":"ENTITY_RECORDS_SHOWN_SOMEHOW","status":"PASS","actual":[],"expected":[]}
{"type":"check","audit":"entity-cards:v131","name":"LISTED_RECORD_COUNT_MATCHES_CATALOG","status":"PASS","actual":[{"elementId":"E-006","renderer":"investor-network-v153","listed":15,"catalogEntityCount":15}],"expected":"every listed record renderer shows the catalog's entityCount rows"}
{"type":"check","audit":"entity-cards:v131","name":"ENTITY_CARD_DUPLICATE_PRIMARY_TITLE_COUNT","status":"PASS","actual":0,"expected":0,"details":[]}
{"type":"check","audit":"entity-cards:v131","name":"ENTITY_CARD_PUBLIC_TITLE_RESOLVER","status":"PASS","actual":true,"expected":true}
{"type":"check","audit":"entity-cards:v131","name":"ENTITY_CARD_PUBLIC_DOM_POLICY","status":"PASS","actual":true,"expected":true}
{"type":"check","audit":"entity-cards:v131","name":"CONSOLE_ERROR","status":"PASS","actual":[],"expected":[]}
{"type":"summary","audit":"entity-cards:v131","status":"PASS","passed":18,"failed":0,"total":18,"failedChecks":[],"entityElementRouteCount":54,"entityCardCount":232,"entityContextTitleCount":0,"entityCardLongTextCount":0,"entityCardDuplicatePrimaryTitleCount":0,"responsiveWidthCount":6,"runtimeFailure":null}
{"type":"command-end","command":"npm run audit:entity-cards:v131","exitCode":0,"timedOut":false,"elapsedMs":27278}
{"type":"command-start","command":"npm run audit:composition:v132","timeoutMs":600000,"time":"2026-09-29T02:31:45.542Z"}

> react-typescript@1.0.0 audit:composition:v132
> node scripts/audit-vietnam-composition-v132.mjs

{"type":"check","audit":"composition:v132","name":"PACK_PAYLOADS","status":"PASS","actual":[],"expected":[]}
{"type":"check","audit":"composition:v132","name":"COMPOSITION_ELEMENT_REVIEW","status":"PASS","actual":["A-005","A-016","A-018","B-024","D-005"],"expected":">= 4 elements"}
{"type":"check","audit":"composition:v132","name":"COMPOSITION_WITH_TIME_ANALYSIS","status":"PASS","actual":{"runtimeError":null,"eligible":["A-005","A-016","A-018","B-024","A-020"],"failures":[]},"expected":{"runtimeError":null,"failures":[]}}
{"type":"check","audit":"composition:v132","name":"A016_OBSERVATION_RECONCILIATION","status":"PASS","actual":{"observations":427,"years":61,"components":6,"totalRows":61},"expected":{"observations":427,"years":61,"components":6,"totalRows":61}}
{"type":"check","audit":"composition:v132","name":"A016_TOTAL_SEPARATED_FROM_COMPONENTS","status":"PASS","actual":{"totalLine":true,"totalLegend":true,"totalIncludedAsComponentFalse":true},"expected":{"totalLine":true,"totalLegend":true,"totalIncludedAsComponentFalse":true}}
{"type":"check","audit":"composition:v132","name":"A016_PRIMARY_ANALYSIS_STRUCTURE","status":"PASS","actual":[],"expected":[]}
{"type":"check","audit":"composition:v132","name":"EMISSIONS_BENCHMARK_STRUCTURE","status":"PASS","actual":[],"expected":[]}
{"type":"check","audit":"composition:v132","name":"EMISSIONS_COMPLETE_YEAR_DERIVATION","status":"PASS","actual":{"a010":{"seriesCount":4,"completeYearCount":35},"a011":{"seriesCount":9,"completeYearCount":55}},"expected":{"a010":{"seriesCount":4,"completeYearCount":35},"a011":{"seriesCount":9,"completeYearCount":55}}}
{"type":"check","audit":"composition:v132","name":"MIXED_UNIT_AXIS","status":"PASS","actual":[],"expected":[]}
{"type":"check","audit":"composition:v132","name":"ZERO_IMPUTATION","status":"PASS","actual":false,"expected":false}
{"type":"summary","audit":"composition:v132","status":"PASS","passed":10,"failed":0,"total":10,"failedChecks":[],"reviewedElementIds":["A-005","A-016","A-018","B-024","D-005","A-020"],"trendEligibleElementIds":["A-005","A-016","A-018","B-024","A-020"],"trendDataWithoutTrendVisualCount":0,"compositionWithoutTimeAnalysisCount":0,"totalIncludedAsComponentCount":0,"mixedUnitAxisCount":0,"a016Result":"PASS"}
{"type":"command-end","command":"npm run audit:composition:v132","exitCode":0,"timedOut":false,"elapsedMs":4361}
{"type":"command-start","command":"npm run audit:portfolio-analysis:v132","timeoutMs":600000,"time":"2026-09-29T02:31:49.903Z"}

> react-typescript@1.0.0 audit:portfolio-analysis:v132
> node scripts/audit-vietnam-portfolio-analysis-v132.mjs

{"type":"check","audit":"portfolio-analysis:v132","name":"PACK_PAYLOADS","status":"PASS","actual":[],"expected":[]}
{"type":"check","audit":"portfolio-analysis:v132","name":"PORTFOLIO_ELEMENT_COUNT","status":"PASS","actual":17,"expected":">= 16"}
{"type":"check","audit":"portfolio-analysis:v132","name":"D012_PORTFOLIO_ANALYSIS","status":"PASS","actual":true,"expected":true}
{"type":"check","audit":"portfolio-analysis:v132","name":"PORTFOLIO_DATA_ACCOUNTED","status":"PASS","actual":[],"expected":[]}
{"type":"check","audit":"portfolio-analysis:v132","name":"PORTFOLIO_DATA_SOURCE_MATCHES_BUILD","status":"PASS","actual":[],"expected":[]}
{"type":"check","audit":"portfolio-analysis:v132","name":"PORTFOLIO_YEAR_NOT_INVENTED","status":"PASS","actual":[],"expected":[]}
{"type":"check","audit":"portfolio-analysis:v132","name":"PORTFOLIO_LIST_BEFORE_SUMMARY","status":"PASS","actual":{"runtimeFailure":null,"checked":16,"failures":[]},"expected":{"runtimeFailure":null,"checked":16,"failures":[]}}
{"type":"check","audit":"portfolio-analysis:v132","name":"EXCLUDED_PORTFOLIO_ROUTE_NOTICE_V156","status":"PASS","actual":[{"elementId":"D-024","pass":true,"problems":[]}],"expected":{"routes":["D-024"],"notice":"card, no chart, no download link"}}
{"type":"check","audit":"portfolio-analysis:v132","name":"E008_ANALYSIS_BEFORE_LIST","status":"PASS","actual":{"excluded":true,"notice":{"pass":true,"problems":[]}},"expected":{"excluded":true,"notice":"card, no chart, no download link"}}
{"type":"check","audit":"portfolio-analysis:v132","name":"RESEARCH_LIST_BEFORE_ANALYSIS","status":"PASS","actual":{"excluded":true,"notice":true},"expected":{"excluded":true,"notice":true}}
{"type":"check","audit":"portfolio-analysis:v132","name":"E008_PUBLIC_TITLE_POLICY","status":"PASS","actual":{"excluded":true,"notice":true},"expected":{"excluded":true,"notice":true}}
{"type":"check","audit":"portfolio-analysis:v132","name":"PUBLIC_FIELD_WHITELIST","status":"PASS","actual":{"directNormalizedAttributeAccess":false,"reviewedProjectionUsed":true},"expected":{"directNormalizedAttributeAccess":false,"reviewedProjectionUsed":true}}
{"type":"check","audit":"portfolio-analysis:v132","name":"CONSOLE_ERROR","status":"PASS","actual":[],"expected":[]}
{"type":"summary","audit":"portfolio-analysis:v132","status":"PASS","passed":13,"failed":0,"total":13,"failedChecks":[],"portfolioElementCount":17,"entityBearingPortfolioElementCount":17,"portfolioListBeforeSummaryCount":0,"researchListBeforeAnalysisCount":1,"e008Result":"FAIL","runtimeFailure":null}
{"type":"command-end","command":"npm run audit:portfolio-analysis:v132","exitCode":0,"timedOut":false,"elapsedMs":10977}
{"type":"command-start","command":"npm run audit:map-tooltip:v132","timeoutMs":600000,"time":"2026-09-29T02:32:00.881Z"}

> react-typescript@1.0.0 audit:map-tooltip:v132
> node scripts/audit-vietnam-map-tooltip-v132.mjs

{"type":"check","audit":"map-tooltip:v132","name":"FINAL_MAP_LAYERS","status":"PASS","actual":{"active":42,"declared":42},"expected":"declared active count, at least the twelve ETL layers"}
{"type":"check","audit":"map-tooltip:v132","name":"FINAL_MAP_FEATURE_OR_SCOPE_COUNT","status":"PASS","actual":{"declared":4463,"actual":4463},"expected":{"declared":"equal to actual","actual":">= 2900"}}
{"type":"check","audit":"map-tooltip:v132","name":"V130_MAP_REGRESSION","status":"PASS","actual":{"type":"summary","audit":"map-copy:v131","status":"PASS","passed":12,"failed":0,"total":12,"failedChecks":[],"finalMapLayerCount":12,"finalMapFeatureOrScopeCount":3144,"mapTooltipPlaceholderCount":0,"mapSelectedPanelPlaceholderCount":0,"v130RegressionResult":"PASS","overlapPickerResult":{"count":2,"selectionKey":"v124-c-025-entity-00146"},"runtimeFailure":null},"expected":{"finalMapLayerCount":"12..42","finalMapFeatureOrScopeCount":">= 2900","v130RegressionResult":"PASS"}}
{"type":"check","audit":"map-tooltip:v132","name":"A023_TOOLTIP_PUBLIC_TITLE_RESOLVER","status":"PASS","actual":{"resolver":true,"tooltipHook":true,"facts":true},"expected":{"resolver":true,"tooltipHook":true,"facts":true}}
{"type":"check","audit":"map-tooltip:v132","name":"MAP_PLACEHOLDER_PRIMARY_TITLE","status":"PASS","actual":{"runtimeFailure":null,"a023Result":{"title":"Kon Dao","text":"국가베트남명칭Kon Dao발전원수력소유·운영미기재설비용량1 MW가동 연도1984소재지꽝응아이(Quảng Ngãi) · 개편 후 34개 기준 · 구 Kon Tum자료 출처WRI GPPD (2021) · Open Development Vietnam · 링크자료연도2021","meaningfulTitle":true,"fuel":true,"capacity":true,"status":false,"year":true}},"expected":{"runtimeFailure":null,"meaningfulTitle":true}}
{"type":"check","audit":"map-tooltip:v132","name":"MAP_TOOLTIP_MISSING_KEY_FACTS","status":"PASS","actual":{"title":"Kon Dao","text":"국가베트남명칭Kon Dao발전원수력소유·운영미기재설비용량1 MW가동 연도1984소재지꽝응아이(Quảng Ngãi) · 개편 후 34개 기준 · 구 Kon Tum자료 출처WRI GPPD (2021) · Open Development Vietnam · 링크자료연도2021","meaningfulTitle":true,"fuel":true,"capacity":true,"status":false,"year":true,"sourceStatusAvailable":false},"expected":{"fuel":true,"capacity":true,"status":"when source provides it","year":true}}
{"type":"check","audit":"map-tooltip:v132","name":"B033_MAP_REGION_TREND","status":"PASS","actual":{"runtimeFailure":null,"b033Result":{"region":"An Giang","count":24,"unit":"ha","chart":true,"tableRows":24},"sourceYearCount":24},"expected":{"region":"named ADM1","count":"every year the source holds for that region","unit":"source unit","chart":true,"tableRows":"same as count"}}
{"type":"check","audit":"map-tooltip:v132","name":"CONSOLE_ERROR","status":"PASS","actual":[],"expected":[]}
{"type":"summary","audit":"map-tooltip:v132","status":"PASS","passed":8,"failed":0,"total":8,"failedChecks":[],"mapLayerCount":42,"mapFeatureOrScopeCount":4463,"mapPlaceholderPrimaryTitleCount":0,"mapTooltipMissingKeyFactsCount":0,"a023TooltipResult":"PASS","b033MapTrendResult":"PASS","v130RegressionResult":"PASS","runtimeFailure":null}
{"type":"command-end","command":"npm run audit:map-tooltip:v132","exitCode":0,"timedOut":false,"elapsedMs":7365}
{"type":"command-start","command":"npm run audit:benchmark-fit:v132","timeoutMs":600000,"time":"2026-09-29T02:32:08.247Z"}

> react-typescript@1.0.0 audit:benchmark-fit:v132
> node scripts/audit-vietnam-benchmark-fit-v132.mjs

{"type":"check","audit":"benchmark-fit:v132","name":"FRAMEWORK_ELEMENTS","status":"PASS","actual":152,"expected":152}
{"type":"check","audit":"benchmark-fit:v132","name":"BENCHMARK_TYPE_COUNT","status":"PASS","actual":7,"expected":7}
{"type":"check","audit":"benchmark-fit:v132","name":"BENCHMARK_OFFICIAL_REFERENCE","status":"PASS","actual":[],"expected":[]}
{"type":"check","audit":"benchmark-fit:v132","name":"BENCHMARK_MATRIX_CSV","status":"PASS","actual":7,"expected":7}
{"type":"check","audit":"benchmark-fit:v132","name":"FINAL_VISUALIZATION_CONTRACT_COVERAGE","status":"PASS","actual":{"contracts":152,"missingCatalogIds":[],"unknownContractIds":[],"duplicateContractIds":[]},"expected":{"contracts":152,"missingCatalogIds":[],"unknownContractIds":[],"duplicateContractIds":[]}}
{"type":"check","audit":"benchmark-fit:v132","name":"FINAL_VISUALIZATION_CONTRACT_FIELDS","status":"PASS","actual":[],"expected":[]}
{"type":"check","audit":"benchmark-fit:v132","name":"RUNTIME_REVIEW_COVERAGE","status":"PASS","actual":{"rows":152,"unique":152},"expected":{"rows":152,"unique":152}}
{"type":"check","audit":"benchmark-fit:v132","name":"RUNTIME_VISUALIZATION_VERIFIED","status":"PASS","actual":152,"expected":152,"details":[]}
{"type":"check","audit":"benchmark-fit:v132","name":"SCREENSHOT_ACCEPTANCE","status":"PASS","actual":{"schemaVersion":"v132-screenshot-manifest-1","generatedAt":"2026-09-01T08:42:01.931Z","status":"PASS","requiredCount":10,"screenshotCount":10,"runtimeFailure":null,"runtimeErrors":[],"invalid":[],"duplicateHashes":[],"powerPlantTooltips":{"named":{"fileName":"a023-map-tooltip-named.png","title":"A Vuong","text":"A Vuong발전소발전원 수력 · 용량 210 MW자료연도 2021"},"fallback":{"fileName":"a023-map-tooltip-fallback.png","title":"태양광 발전시설","text":"태양광 발전시설발전소발전원 태양광자료연도 2026"}},"screenshots":[{"name":"a016-energy-absolute-trend.png","width":1130,"height":621,"byteSize":132360,"sha256":"d2bf449415c72ecb62a3aaa29690f0e12e2e3d6c09e1adce643abf111ebac889","error":null},{"name":"a016-energy-share-trend.png","width":1130,"height":552,"byteSize":296588,"sha256":"4a75bd4badec6843e9de1f463ff2c0c3e95004b49e705b68f3a1519823098dc8","error":null},{"name":"a016-energy-selected-year.png","width":1130,"height":394,"byteSize":28041,"sha256":"2173ff7c88409be89dde274b9dd8f73ffd9ad4ee00e54dcb28478b4ba295c2a7","error":null},{"name":"e008-research-trend.png","width":1130,"height":529,"byteSize":31192,"sha256":"64a47adf437dc9140b56d9ed425d9a1850190c98624045c2ccdf50c2d9aea8d6","error":null},{"name":"e008-research-breakdown.png","width":1130,"height":814,"byteSize":87838,"sha256":"1b9323791068294cf32389203e95e426f44c6e330ad292410567b090fd5e7963","error":null},{"name":"e008-research-list.png","width":1130,"height":874,"byteSize":128726,"sha256":"ce4a049a747dce286e9a4b504d3e9192f58692a35e13347d6460fd6372fc052c","error":null},{"name":"a023-map-tooltip-named.png","width":1425,"height":1034,"byteSize":191957,"sha256":"04dcfa315b36c0cd429346e9ea91d23c5304a8361fbf16f8fc917d6f5bfba8d6","error":null},{"name":"a023-map-tooltip-fallback.png","width":1425,"height":1034,"byteSize":230431,"sha256":"d20dc89273d2406caea356f29cd5ded30131a1f2d2d813c0ca5d87667e84be69","error":null},{"name":"b033-map-region-trend.png","width":442,"height":569,"byteSize":36479,"sha256":"9db20359cc52677cc86775b9269c1d50f29ab45b7728f76e0314f0d9f1f763db","error":null},{"name":"portfolio-summary-before-list.png","width":1108,"height":750,"byteSize":68306,"sha256":"aad7645bd718c7eee9ac1407d41ff2dafd278a8b10a664c5cd45adcde13c139e","error":null}]},"expected":{"status":"PASS","requiredCount":10,"screenshotCount":10,"runtimeErrors":[]}}
{"type":"summary","audit":"benchmark-fit:v132","status":"PASS","passed":9,"failed":0,"total":9,"failedChecks":[],"frameworkElementCount":152,"benchmarkTypeCount":7,"finalVisualizationContractCount":152,"runtimeVerifiedCount":152,"screenshotCount":10,"remainingBlockers":0}
{"type":"command-end","command":"npm run audit:benchmark-fit:v132","exitCode":0,"timedOut":false,"elapsedMs":639}
{"type":"command-start","command":"npm run audit:map-focus:v133","timeoutMs":600000,"time":"2026-09-29T02:32:08.887Z"}

> react-typescript@1.0.0 audit:map-focus:v133
> node scripts/audit-vietnam-map-focus-v133.mjs

{"type":"check","audit":"map-focus:v133","name":"MAP_INDEX_JSON","status":"PASS","actual":null,"expected":null}
{"type":"check","audit":"map-focus:v133","name":"MAP_LAYERS","status":"PASS","actual":{"active":42,"declared":42,"targets":43},"expected":"declared count, between 12 and 43"}
{"type":"check","audit":"map-focus:v133","name":"MAP_FEATURE_OR_SCOPE_COUNT","status":"PASS","actual":{"declared":4463,"actual":4463},"expected":{"declared":"equal to actual","actual":">= 2900"}}
{"type":"check","audit":"map-focus:v133","name":"PRESET_COUNT","status":"PASS","actual":["POWER_INFRASTRUCTURE","RENEWABLE_PLANNING","FOREST_CHANGE","CLIMATE_VULNERABILITY","CLIMATE_FINANCE_PROJECTS"],"expected":["POWER_INFRASTRUCTURE","RENEWABLE_PLANNING","FOREST_CHANGE","CLIMATE_VULNERABILITY","CLIMATE_FINANCE_PROJECTS"]}
{"type":"check","audit":"map-focus:v133","name":"PRESET_DRAWS_NAMED_COMBINATION","status":"PASS","actual":{"runtimeFailure":null,"failures":[]},"expected":{"runtimeFailure":null,"failures":[]}}
{"type":"check","audit":"map-focus:v133","name":"DEFAULT_CONTEXT_STATE_CONTRACT","status":"PASS","actual":true,"expected":true}
{"type":"check","audit":"map-focus:v133","name":"PRIMARY_LAYER_MAX","status":"PASS","actual":1,"expected":1}
{"type":"check","audit":"map-focus:v133","name":"CONTEXT_SELECTION_KEPT","status":"PASS","actual":{"companionLimit":64,"contextCount":2},"expected":{"companionLimit":">= 42","contextCount":">= 2, all in legend"}}
{"type":"check","audit":"map-focus:v133","name":"SIMULTANEOUS_POLYGON_FILL_CONTEXT_COUNT","status":"PASS","actual":{"runtimeFailure":null,"polygonFillContextCount":0,"renderedPolygonFillContextCount":0,"contextShapes":{"D-008":"circle","D-018":"diamond"},"rendered":[{"elementId":"B-021","role":"primary","shape":"area","fill":"rgb(149, 117, 182)","fillOpacity":1,"label":"지역 취약성 · 중부고원 · 41.4 / 100"},{"elementId":"B-021","role":"primary","shape":"area","fill":"rgb(172, 152, 197)","fillOpacity":1,"label":"지역 취약성 · 메콩강 삼각주 · 38.6 / 100"},{"elementId":"B-021","role":"primary","shape":"area","fill":"rgb(163, 140, 191)","fillOpacity":1,"label":"지역 취약성 · 북중부·남중부 해안 · 39.6 / 100"},{"elementId":"B-021","role":"primary","shape":"area","fill":"rgb(122, 76, 165)","fillOpacity":1,"label":"지역 취약성 · 동북부·서북부 · 44.7 / 100"},{"elementId":"B-021","role":"primary","shape":"area","fill":"rgb(185, 173, 205)","fillOpacity":1,"label":"지역 취약성 · 홍강 삼각주 · 36.9 / 100"},{"elementId":"B-021","role":"primary","shape":"area","fill":"rgb(230, 242, 234)","fillOpacity":1,"label":"지역 취약성 · 동남부 · 31.4 / 100"},{"elementId":"D-018","role":"context","shape":"area","fill":"none","fillOpacity":1,"label":"적응기금 사업 · Mekong EbA South: Enhancing Climate Resilience in the Greater Mekong Sub-region through Ecosystem-based Adaptation in the Context of South-South Cooperation (Thailand, Viet Nam) · 결측"},{"elementId":"D-018","role":"context","shape":"area","fill":"none","fillOpacity":1,"label":"적응기금 사업 · Groundwater resources in the Greater Mekong Subregion: Collaborative management to increase resilience (Cambodia, Lao People’s Democratic Republic, Thailand, Viet Nam) · 결측"},{"elementId":"D-018","role":"context","shape":"diamond","fill":"rgb(0, 0, 0)","fillOpacity":1,"label":"적응기금 사업 · Young Basin · Mekong EbA South: Enhancing Climate Resilience in the Greater Mekong Sub-region through Ecosystem-based Adaptation in the Context of South-South Cooperation (Thailand, Viet Nam)"},{"elementId":"D-018","role":"context","shape":"diamond","fill":"rgb(0, 0, 0)","fillOpacity":1,"label":"적응기금 사업 · surrounding Tram Chim National Park,Vietnam · Mekong EbA South: Enhancing Climate Resilience in the Greater Mekong Sub-region through Ecosystem-based Adaptation in the Context of South-South Cooperation (Thailand, Viet Nam)"},{"elementId":"D-008","role":"context","shape":"circle","fill":"rgb(0, 0, 0)","fillOpacity":1,"label":"지역 기후예산 · An Giang · 179,000,000,000 VND · 성·시 단위 통계"},{"elementId":"D-008","role":"context","shape":"circle","fill":"rgb(0, 0, 0)","fillOpacity":1,"label":"지역 기후예산 · Bắc Ninh · 481,000,000,000 VND · 성·시 단위 통계"},{"elementId":"D-008","role":"context","shape":"circle","fill":"rgb(0, 0, 0)","fillOpacity":1,"label":"지역 기후예산 · Đà Nẵng · 850,000,000,000 VND · 성·시 단위 통계"}]},"expected":{"runtimeFailure":null,"polygonFillContextCount":0,"renderedPolygonFillContextCount":0}}
{"type":"check","audit":"map-focus:v133","name":"CLIMATE_CONTEXT_VISUAL_DISTINCTION","status":"PASS","actual":{"D-008":"circle","D-018":"diamond"},"expected":{"D-008":"circle","D-018":"diamond or regional-scope"}}
{"type":"check","audit":"map-focus:v133","name":"RESPONSIVE_VIEWPORTS","status":"PASS","actual":[{"width":390,"horizontalOverflow":0,"rootExists":true,"canvasWidth":375},{"width":768,"horizontalOverflow":0,"rootExists":true,"canvasWidth":753},{"width":1024,"horizontalOverflow":0,"rootExists":true,"canvasWidth":789},{"width":1440,"horizontalOverflow":0,"rootExists":true,"canvasWidth":721},{"width":1920,"horizontalOverflow":0,"rootExists":true,"canvasWidth":1201}],"expected":"390/768/1024/1440/1920 with map canvas and no horizontal overflow"}
{"type":"check","audit":"map-focus:v133","name":"MAP_FOCUS_PUBLIC_COPY","status":"PASS","actual":{"primary":true,"compare":true,"settings":true},"expected":{"primary":true,"compare":true,"settings":true}}
{"type":"check","audit":"map-focus:v133","name":"CONSOLE_ERROR","status":"PASS","actual":[],"expected":[]}
{"type":"summary","audit":"map-focus:v133","status":"PASS","passed":13,"failed":0,"total":13,"failedChecks":[],"mapLayerCount":42,"mapFeatureOrScopeCount":4463,"presetCombinationFailures":0,"primaryLayerMax":1,"companionLimit":64,"simultaneousPolygonFillContextCount":0,"renderedPolygonFillContextCount":0,"presetSnapshots":[{"presetId":"POWER_INFRASTRUCTURE","primaryCount":1,"contextCount":1,"primaryElement":"A-024","contextElements":"A-023","legend":[{"elementId":"A-024","role":"primary","shape":"line","text":"베트남 송전망분석 기준 · 전체 전압 · kV표시 끄기"},{"elementId":"A-023","role":"context","shape":"circle","text":"발전소함께 보기 · 발전소 위치·발전원 · 곳표시 끄기"}]},{"presetId":"RENEWABLE_PLANNING","primaryCount":1,"contextCount":2,"primaryElement":"C-016","contextElements":"A-024,A-023","legend":[{"elementId":"C-016","role":"primary","shape":"area","text":"재생에너지 지역계획색상 지도 · 분석 기준 · 옥상태양광(ĐMT mái nhà) 계획용량 · MW표시 끄기"},{"elementId":"A-024","role":"context","shape":"line","text":"베트남 송전망함께 보기 · 전체 전압 · kV표시 끄기"},{"elementId":"A-023","role":"context","shape":"circle","text":"발전소함께 보기 · 발전소 위치·발전원 · 곳표시 끄기"}]},{"presetId":"FOREST_CHANGE","primaryCount":1,"contextCount":2,"primaryElement":"B-033","contextElements":"B-031,B-034","legend":[{"elementId":"B-033","role":"primary","shape":"area","text":"연간 산림손실색상 지도 · 분석 기준 · 연간 수관 손실 — 성(省) 단위 · ha표시 끄기"},{"elementId":"B-031","role":"context","shape":"area","text":"산림 총면적함께 보기 · 외곽선·클릭값 · 성(省)별 수관 면적(2010) · ha표시 끄기"},{"elementId":"B-034","role":"context","shape":"area","text":"산림 탄소함께 보기 · 외곽선·클릭값 · 산림탄소 순플럭스(연평균) · Mg CO2e/yr표시 끄기"}]},{"presetId":"CLIMATE_VULNERABILITY","primaryCount":1,"contextCount":2,"primaryElement":"B-021","contextElements":"D-008,D-018","legend":[{"elementId":"B-021","role":"primary","shape":"area","text":"지역 취약성색상 지도 · 분석 기준 · GVI 취약성 지수 · 0–100 지수표시 끄기"},{"elementId":"D-008","role":"context","shape":"circle","text":"지역 기후예산함께 보기 · 성 단위 기후변화 지출 누계 · VND · 원 크기 = 예산표시 끄기"},{"elementId":"D-018","role":"context","shape":"diamond","text":"적응기금 사업함께 보기 · 지역 협력범위·세부 활동지역 · 사업표시 끄기"}]},{"presetId":"CLIMATE_FINANCE_PROJECTS","primaryCount":1,"contextCount":1,"primaryElement":"D-018","contextElements":"C-025","legend":[{"elementId":"D-018","role":"primary","shape":"diamond","text":"적응기금 사업분석 기준 · 지역 협력범위·세부 활동지역 · 사업표시 끄기"},{"elementId":"C-025","role":"context","shape":"square","text":"탄소크레딧 사업함께 보기 · 사업 위치·유형 · 건표시 끄기"}]}],"distinctionSnapshot":{"primaryCount":1,"contextCount":2,"items":[{"elementId":"B-021","role":"primary","shape":"area","text":"지역 취약성색상 지도 · 분석 기준 · GVI 취약성 지수 · 0–100 지수표시 끄기"},{"elementId":"D-008","role":"context","shape":"circle","text":"지역 기후예산함께 보기 · 성 단위 기후변화 지출 누계 · VND · 원 크기 = 예산표시 끄기"},{"elementId":"D-018","role":"context","shape":"diamond","text":"적응기금 사업함께 보기 · 지역 협력범위·세부 활동지역 · 사업표시 끄기"}],"rendered":[{"elementId":"B-021","role":"primary","shape":"area","fill":"rgb(149, 117, 182)","fillOpacity":1,"label":"지역 취약성 · 중부고원 · 41.4 / 100"},{"elementId":"B-021","role":"primary","shape":"area","fill":"rgb(172, 152, 197)","fillOpacity":1,"label":"지역 취약성 · 메콩강 삼각주 · 38.6 / 100"},{"elementId":"B-021","role":"primary","shape":"area","fill":"rgb(163, 140, 191)","fillOpacity":1,"label":"지역 취약성 · 북중부·남중부 해안 · 39.6 / 100"},{"elementId":"B-021","role":"primary","shape":"area","fill":"rgb(122, 76, 165)","fillOpacity":1,"label":"지역 취약성 · 동북부·서북부 · 44.7 / 100"},{"elementId":"B-021","role":"primary","shape":"area","fill":"rgb(185, 173, 205)","fillOpacity":1,"label":"지역 취약성 · 홍강 삼각주 · 36.9 / 100"},{"elementId":"B-021","role":"primary","shape":"area","fill":"rgb(230, 242, 234)","fillOpacity":1,"label":"지역 취약성 · 동남부 · 31.4 / 100"},{"elementId":"D-018","role":"context","shape":"area","fill":"none","fillOpacity":1,"label":"적응기금 사업 · Mekong EbA South: Enhancing Climate Resilience in the Greater Mekong Sub-region through Ecosystem-based Adaptation in the Context of South-South Cooperation (Thailand, Viet Nam) · 결측"},{"elementId":"D-018","role":"context","shape":"area","fill":"none","fillOpacity":1,"label":"적응기금 사업 · Groundwater resources in the Greater Mekong Subregion: Collaborative management to increase resilience (Cambodia, Lao People’s Democratic Republic, Thailand, Viet Nam) · 결측"},{"elementId":"D-018","role":"context","shape":"diamond","fill":"rgb(0, 0, 0)","fillOpacity":1,"label":"적응기금 사업 · Young Basin · Mekong EbA South: Enhancing Climate Resilience in the Greater Mekong Sub-region through Ecosystem-based Adaptation in the Context of South-South Cooperation (Thailand, Viet Nam)"},{"elementId":"D-018","role":"context","shape":"diamond","fill":"rgb(0, 0, 0)","fillOpacity":1,"label":"적응기금 사업 · surrounding Tram Chim National Park,Vietnam · Mekong EbA South: Enhancing Climate Resilience in the Greater Mekong Sub-region through Ecosystem-based Adaptation in the Context of South-South Cooperation (Thailand, Viet Nam)"},{"elementId":"D-008","role":"context","shape":"circle","fill":"rgb(0, 0, 0)","fillOpacity":1,"label":"지역 기후예산 · An Giang · 179,000,000,000 VND · 성·시 단위 통계"},{"elementId":"D-008","role":"context","shape":"circle","fill":"rgb(0, 0, 0)","fillOpacity":1,"label":"지역 기후예산 · Bắc Ninh · 481,000,000,000 VND · 성·시 단위 통계"},{"elementId":"D-008","role":"context","shape":"circle","fill":"rgb(0, 0, 0)","fillOpacity":1,"label":"지역 기후예산 · Đà Nẵng · 850,000,000,000 VND · 성·시 단위 통계"}]},"responsiveChecks":[{"width":390,"horizontalOverflow":0,"rootExists":true,"canvasWidth":375},{"width":768,"horizontalOverflow":0,"rootExists":true,"canvasWidth":753},{"width":1024,"horizontalOverflow":0,"rootExists":true,"canvasWidth":789},{"width":1440,"horizontalOverflow":0,"rootExists":true,"canvasWidth":721},{"width":1920,"horizontalOverflow":0,"rootExists":true,"canvasWidth":1201}],"runtimeFailure":null}
{"type":"command-end","command":"npm run audit:map-focus:v133","exitCode":0,"timedOut":false,"elapsedMs":6739}
{"type":"command-start","command":"npm run audit:map-popup:v133","timeoutMs":600000,"time":"2026-09-29T02:32:15.627Z"}

> react-typescript@1.0.0 audit:map-popup:v133
> node scripts/audit-vietnam-map-popup-v133.mjs

{"type":"check","audit":"map-popup:v133","name":"B021_SPATIAL_JSON","status":"PASS","actual":null,"expected":null}
{"type":"check","audit":"map-popup:v133","name":"GVI_UNIQUE_SOURCE_REGION_COUNT","status":"PASS","actual":{"uniqueRegionCount":6,"regions":[["North East, North West",44.7],["Central Highlands",41.4],["North Central Coast and South Central Coast",39.6],["Mekong River Delta",38.6],["Red River Delta",36.9],["South East",31.4]]},"expected":{"uniqueRegionCount":6}}
{"type":"check","audit":"map-popup:v133","name":"GVI_REGION_RANK_USES_UNIQUE_REGIONS","status":"PASS","actual":{"sourceUsesUniqueRegions":true,"expectedRankByRegion":{"North East, North West":1,"Central Highlands":2,"North Central Coast and South Central Coast":3,"Mekong River Delta":4,"Red River Delta":5,"South East":6}},"expected":"six unique sourceRegion values"}
{"type":"check","audit":"map-popup:v133","name":"GVI_HOVER_POPUP","status":"PASS","actual":{"runtimeFailure":null,"hoverRequired":{"place":true,"measure":true,"period":true,"value":true,"direction":true,"sourceRegion":true,"rank":true},"hoverTextLength":75,"hoverText":"중부고원지역 취약성(GVI) · 2023 · 41.4 / 100 · 높을수록 취약 · [권역값] 중부고원 · 베트남 6개 권역 중 2위"},"expected":{"runtimeFailure":null,"required":"place, measure, period, value, direction, region, rank","maximumCharacters":360}}
{"type":"check","audit":"map-popup:v133","name":"GVI_HOVER_LONG_METHODOLOGY_COUNT","status":"PASS","actual":"중부고원지역 취약성(GVI) · 2023 · 41.4 / 100 · 높을수록 취약 · [권역값] 중부고원 · 베트남 6개 권역 중 2위","expected":"short hover without methodology paragraph"}
{"type":"check","audit":"map-popup:v133","name":"GVI_HOVER_PIXEL_VISIBLE","status":"PASS","actual":{"runtimeFailure":null,"visual":{"text":"중부고원지역 취약성(GVI) · 2023 · 41.4 / 100 · 높을수록 취약 · [권역값] 중부고원 · 베트남 6개 권역 중 2위","informationBlocks":3,"internalTokenCount":0,"visible":true,"rect":{"left":704.5,"top":440.21875,"width":260,"height":115.09375},"topmostTag":"SPAN","topmostClass":""}},"expected":{"runtimeFailure":null,"visible":true}}
{"type":"check","audit":"map-popup:v133","name":"GVI_POPUP_INTERNAL_TOKEN_COUNT","status":"PASS","actual":{"runtimeCount":0,"tokens":[]},"expected":0}
{"type":"check","audit":"map-popup:v133","name":"HOVER_POPUP_WITHOUT_KEY_VALUE","status":"PASS","actual":{"place":true,"measure":true,"period":true,"value":true,"direction":true,"sourceRegion":true,"rank":true},"expected":{"measure":true,"value":true}}
{"type":"check","audit":"map-popup:v133","name":"CLICK_FEATURE_WITHOUT_DETAIL","status":"PASS","actual":{"runtimeFailure":null,"detailRequired":{"selectedArea":true,"value":true,"unit":true,"period":true,"rank":true,"spatialUnit":true,"explanation":true,"detailLink":true},"detailText":"중부고원데이터명지역 취약성항목GVI 취약성 지수 — 지역(6권역)값41.4 / 100단위0–100 지수자료연도2023값 해석높을수록 사회경제적 취약성이 큼지역중부고원비교·공간단위중부고원 권역의 값 · 개편 전 성·시 단위 독립값이 아님자료 설명중부고원의 개별 추정값이 아니라 중부고원 권역의 값을 표시합니다.권역 비교베트남 6개 권역 중 2위 · 현재 값이 큰 순서출처Global Data Lab GVI (Huisman et al., 2025)지도 표시권역 소속 성·시 경계(권역값 동일 표시) · 성·시 경계 값"},"expected":{"runtimeFailure":null,"allDetailFields":true}}
{"type":"check","audit":"map-popup:v133","name":"HOVER_CLICK_ROLE_SEPARATION","status":"PASS","actual":{"hoverText":"중부고원지역 취약성(GVI) · 2023 · 41.4 / 100 · 높을수록 취약 · [권역값] 중부고원 · 베트남 6개 권역 중 2위","detailText":"중부고원데이터명지역 취약성항목GVI 취약성 지수 — 지역(6권역)값41.4 / 100단위0–100 지수자료연도2023값 해석높을수록 사회경제적 취약성이 큼지역중부고원비교·공간단위중부고원 권역의 값 · 개편 전 성·시 단위 독립값이 아님자료 설명중부고원의 개별 추정값이 아니라 중부고원 권역의 값을 표시합니다.권역 비교베트남 6개 권역 중 2위 · 현재 값이 큰 순서출처Global Data Lab GVI (Huisman et al., 2025)지도 표시권역 소속 성·시 경계(권역값 동일 표시) · 성·시 경계 값"},"expected":"methodology only in selected detail"}
{"type":"check","audit":"map-popup:v133","name":"MAP_HIT_PRIORITY_CONTRACT","status":"PASS","actual":{"overlapRuntimePriorityPass":true,"overlapSnapshot":{"count":2,"choices":[{"element":"B-021","role":"primary","priority":100,"label":"주 분석지역 취약성38.6 0–100 지수메콩강 삼각주GVI(글로벌데이터랩 취약성지수) 취약성 지수 · 2023 · 메콩강 삼각주 · 권역 값"},{"element":"D-008","role":"context","priority":200,"label":"함께 보기지역 기후예산179,000,000,000 VND(베트남 동)An Giang성 단위 기후변화 지출 누계 · 2010-2013"}]},"deterministicPriority":true,"overlapPicker":true},"expected":{"deterministicPriority":true,"overlapPicker":true}}
{"type":"check","audit":"map-popup:v133","name":"CONSOLE_ERROR","status":"PASS","actual":[],"expected":[]}
{"type":"summary","audit":"map-popup:v133","status":"PASS","passed":12,"failed":0,"total":12,"failedChecks":[],"uniqueSourceRegionCount":6,"expectedRankByRegion":{"North East, North West":1,"Central Highlands":2,"North Central Coast and South Central Coast":3,"Mekong River Delta":4,"Red River Delta":5,"South East":6},"hoverPopupWithoutKeyValue":0,"clickFeatureWithoutDetail":0,"gviPopupInternalTokenCount":0,"hoverSnapshot":{"text":"중부고원지역 취약성(GVI) · 2023 · 41.4 / 100 · 높을수록 취약 · [권역값] 중부고원 · 베트남 6개 권역 중 2위","informationBlocks":3,"internalTokenCount":0,"visible":true,"rect":{"left":704.5,"top":440.21875,"width":260,"height":115.09375},"topmostTag":"SPAN","topmostClass":""},"detailSnapshot":{"text":"중부고원데이터명지역 취약성항목GVI 취약성 지수 — 지역(6권역)값41.4 / 100단위0–100 지수자료연도2023값 해석높을수록 사회경제적 취약성이 큼지역중부고원비교·공간단위중부고원 권역의 값 · 개편 전 성·시 단위 독립값이 아님자료 설명중부고원의 개별 추정값이 아니라 중부고원 권역의 값을 표시합니다.권역 비교베트남 6개 권역 중 2위 · 현재 값이 큰 순서출처Global Data Lab GVI (Huisman et al., 2025)지도 표시권역 소속 성·시 경계(권역값 동일 표시) · 성·시 경계 값","panelText":"지도 분석선택한 대상의 정보와 자료 내 분포를 확인하세요.접기자료정보 · 현재 분석데이터명지역 취약성항목GVI 취약성 지수자료연도2023단위0–100 지수값 해석높을수록 사회경제적 취약성이 큼비교·공간단위GDL 6개 권역의 값을 해당 성·시에 표시하며, 성 단위 독립 추정값이 아닙니다.지표 읽는 법경제·교육·보건·성·인프라·거버넌스·인구 차원의 사회경제적 취약성을 종합합니다.0은 취약성이 매우 낮고 100은 매우 높음을 뜻합니다.GDL 6개 권역의 값을 해당 성·시에 표시하며, 성 단위 독립 추정값이 아닙니다.지역별 비교지역 취약성 · 2023 · GVI 취약성 지수자료가 있는 권역6/6개 권역최솟값31.4 0–100 지수중앙값(파생)39.1 0–100 지수최댓값44.7 0–100 지수값이 가장 작은 지역동남부 · 31.4 0–100 지수값이 가장 큰 지역동북부·서북부 · 44.7 0–100 지수미제공 권역0개 권역중앙값은 값이 있는 권역의 값을 오름차순으로 정렬해 가운데 값을 계산한 파생 통계입니다.선택 지역중부고원데이터명지역 취약성항목GVI 취약성 지수 — 지역(6권역)값41.4 / 100단위0–100 지수자료연도2023값 해석높을수록 사회경제적 취약성이 큼지역중부고원비교·공간단위중부고원 권역의 값 · 개편 전 성·시 단위 독립값이 아님자료 설명중부고원의 개별 추정값이 아니라 중부고원 권역의 값을 표시합니다.권역 비교베트남 6개 권역 중 2위 · 현재 값이 큰 순서출처Global Data Lab GVI (Huisman et al., 2025)지도 표시권역 소속 성·시 경계(권역값 동일 표시) · 성·시 경계 값데이터 상세다운로드공식 출처","labels":[]},"overlapSnapshot":{"count":2,"choices":[{"element":"B-021","role":"primary","priority":100,"label":"주 분석지역 취약성38.6 0–100 지수메콩강 삼각주GVI(글로벌데이터랩 취약성지수) 취약성 지수 · 2023 · 메콩강 삼각주 · 권역 값"},{"element":"D-008","role":"context","priority":200,"label":"함께 보기지역 기후예산179,000,000,000 VND(베트남 동)An Giang성 단위 기후변화 지출 누계 · 2010-2013"}]},"runtimeFailure":null}
{"type":"command-end","command":"npm run audit:map-popup:v133","exitCode":0,"timedOut":false,"elapsedMs":3719}
{"type":"command-start","command":"npm run audit:map-layer-distinction:v133","timeoutMs":600000,"time":"2026-09-29T02:32:19.347Z"}

> react-typescript@1.0.0 audit:map-layer-distinction:v133
> node scripts/audit-vietnam-map-layer-distinction-v133.mjs

{"type":"check","audit":"map-layer-distinction:v133","name":"MAP_INDEX_JSON","status":"PASS","actual":null,"expected":null}
{"type":"check","audit":"map-layer-distinction:v133","name":"MAP_LAYER_COUNT","status":"PASS","actual":{"active":42,"declared":42},"expected":"declared active count, at least the twelve ETL layers"}
{"type":"check","audit":"map-layer-distinction:v133","name":"MAP_LAYER_PUBLIC_CONTRACT","status":"PASS","actual":[],"expected":[]}
{"type":"check","audit":"map-layer-distinction:v133","name":"D023_DUPLICATE_MAP_FEATURE","status":"PASS","actual":0,"expected":0}
{"type":"check","audit":"map-layer-distinction:v133","name":"CLIMATE_LAYER_VISUAL_DISTINCTION","status":"PASS","actual":{"runtimeFailure":null,"climateSnapshot":{"primaryElement":"B-021","contextElements":"D-008,D-018","legendText":"현재 표시 중지역 취약성색상 지도 · 분석 기준 · GVI 취약성 지수 · 0–100 지수표시 끄기지역 기후예산함께 보기 · 성 단위 기후변화 지출 누계 · VND · 원 크기 = 예산표시 끄기적응기금 사업함께 보기 · 지역 협력범위·세부 활동지역 · 사업표시 끄기○ 지역 기후예산 · 성·시 단위 통계 대표점이며 실제 사업 위치가 아닙니다.","hoverPopupText":"","items":[{"elementId":"B-021","role":"primary","shape":"area","unit":"0–100 지수","text":"지역 취약성색상 지도 · 분석 기준 · GVI 취약성 지수 · 0–100 지수표시 끄기","hasToggle":true},{"elementId":"D-008","role":"context","shape":"circle","unit":"VND","text":"지역 기후예산함께 보기 · 성 단위 기후변화 지출 누계 · VND · 원 크기 = 예산표시 끄기","hasToggle":true},{"elementId":"D-018","role":"context","shape":"diamond","unit":"사업","text":"적응기금 사업함께 보기 · 지역 협력범위·세부 활동지역 · 사업표시 끄기","hasToggle":true}],"rendered":[{"elementId":"B-021","role":"primary","shape":"area","interactiveSymbol":false},{"elementId":"D-018","role":"context","shape":"area","interactiveSymbol":false},{"elementId":"D-018","role":"context","shape":"diamond","interactiveSymbol":true},{"elementId":"D-008","role":"context","shape":"circle","interactiveSymbol":true}],"renderedPointSymbols":[{"elementId":"D-018","role":"context","shape":"diamond","interactiveSymbol":true},{"elementId":"D-008","role":"context","shape":"circle","interactiveSymbol":true}],"renderedMapSymbols":[{"elementId":"B-021","role":"primary","shape":"area"},{"elementId":"D-008","role":"context","shape":"circle"},{"elementId":"D-018","role":"context","shape":"diamond"}]}},"expected":{"B-021":"primary area","D-008":"context circle","D-018":"context diamond"}}
{"type":"check","audit":"map-layer-distinction:v133","name":"VISIBLE_MAP_SYMBOL_WITHOUT_LEGEND","status":"PASS","actual":{"runtimeFailure":null,"visibleSymbolWithoutLegend":0,"incompleteLegendItems":[],"renderedSymbolsWithoutLegend":[],"liveSymbolsWithoutLegend":[],"legendWithoutLiveSymbol":[],"items":[{"elementId":"B-021","role":"primary","shape":"area","unit":"0–100 지수","text":"지역 취약성색상 지도 · 분석 기준 · GVI 취약성 지수 · 0–100 지수표시 끄기","hasToggle":true},{"elementId":"D-008","role":"context","shape":"circle","unit":"VND","text":"지역 기후예산함께 보기 · 성 단위 기후변화 지출 누계 · VND · 원 크기 = 예산표시 끄기","hasToggle":true},{"elementId":"D-018","role":"context","shape":"diamond","unit":"사업","text":"적응기금 사업함께 보기 · 지역 협력범위·세부 활동지역 · 사업표시 끄기","hasToggle":true}],"rendered":[{"elementId":"B-021","role":"primary","shape":"area","interactiveSymbol":false},{"elementId":"D-018","role":"context","shape":"area","interactiveSymbol":false},{"elementId":"D-018","role":"context","shape":"diamond","interactiveSymbol":true},{"elementId":"D-008","role":"context","shape":"circle","interactiveSymbol":true}]},"expected":0}
{"type":"check","audit":"map-layer-distinction:v133","name":"COMPACT_LEGEND_PUBLIC_COPY","status":"PASS","actual":{"text":"현재 표시 중지역 취약성색상 지도 · 분석 기준 · GVI 취약성 지수 · 0–100 지수표시 끄기지역 기후예산함께 보기 · 성 단위 기후변화 지출 누계 · VND · 원 크기 = 예산표시 끄기적응기금 사업함께 보기 · 지역 협력범위·세부 활동지역 · 사업표시 끄기○ 지역 기후예산 · 성·시 단위 통계 대표점이며 실제 사업 위치가 아닙니다.","tokens":[]},"expected":"Korean primary/compare legend without developer tokens"}
{"type":"check","audit":"map-layer-distinction:v133","name":"FINANCE_PRESET_DRAWS_BOTH","status":"PASS","actual":{"primaryElement":"D-018","contextElements":"C-025","legendText":"현재 표시 중적응기금 사업분석 기준 · 지역 협력범위·세부 활동지역 · 사업표시 끄기탄소크레딧 사업함께 보기 · 사업 위치·유형 · 건표시 끄기","hoverPopupText":"","items":[{"elementId":"D-018","role":"primary","shape":"diamond","unit":"사업","text":"적응기금 사업분석 기준 · 지역 협력범위·세부 활동지역 · 사업표시 끄기","hasToggle":true},{"elementId":"C-025","role":"context","shape":"square","unit":"건","text":"탄소크레딧 사업함께 보기 · 사업 위치·유형 · 건표시 끄기","hasToggle":true}],"rendered":[{"elementId":"D-018","role":"primary","shape":"area","interactiveSymbol":false},{"elementId":"D-018","role":"primary","shape":"diamond","interactiveSymbol":true},{"elementId":"C-025","role":"context","shape":"square","interactiveSymbol":true}],"renderedPointSymbols":[{"elementId":"D-018","role":"primary","shape":"diamond","interactiveSymbol":true},{"elementId":"C-025","role":"context","shape":"square","interactiveSymbol":true}],"renderedMapSymbols":[{"elementId":"D-018","role":"primary","shape":"diamond"},{"elementId":"C-025","role":"context","shape":"square"}],"summaryText":"기후재원 사업사업 유형적응기금탄소크레딧비교해서 보기사업 수2건승인·발행 관련 핵심금액원천의 사업별 금액 범위위치 또는 참여범위 확인2건◇ 적응기금 사업·지역 협력범위"},"expected":"D-018 primary + C-025 companion, nothing from the previous preset"}
{"type":"check","audit":"map-layer-distinction:v133","name":"FINANCE_CARBON_ONLY_SELECTION","status":"PASS","actual":{"primaryElement":"C-025","contextElements":"none","legendText":"현재 표시 중탄소크레딧 사업분석 기준 · 사업 위치·유형 · 건표시 끄기","hoverPopupText":"","items":[{"elementId":"C-025","role":"primary","shape":"square","unit":"건","text":"탄소크레딧 사업분석 기준 · 사업 위치·유형 · 건표시 끄기","hasToggle":true}],"rendered":[{"elementId":"C-025","role":"primary","shape":"square","interactiveSymbol":true}],"renderedPointSymbols":[{"elementId":"C-025","role":"primary","shape":"square","interactiveSymbol":true}],"renderedMapSymbols":[{"elementId":"C-025","role":"primary","shape":"square"}]},"expected":"C-025 only"}
{"type":"check","audit":"map-layer-distinction:v133","name":"FINANCE_COMPARE_DISTINCT_SYMBOLS","status":"PASS","actual":{"a":{"elementId":"D-018","ready":"true","legendText":"적응기금 사업지역 협력범위·세부 활동지역 · 사업 · 2026지역 협력사업 2건의 참여국 범위 2개와 검증된 세부 활동지역 2곳","color":"rgb(23, 106, 75)"},"b":{"elementId":"C-025","ready":"true","legendText":"탄소크레딧 사업사업 위치·유형 · 건 · 2026위치자료 262건","color":"rgb(138, 75, 18)"}},"expected":"two comparison panes with distinct colours and legends"}
{"type":"check","audit":"map-layer-distinction:v133","name":"FINANCE_PORTFOLIO_SUMMARY","status":"PASS","actual":"기후재원 사업사업 유형적응기금탄소크레딧비교해서 보기사업 수2건승인·발행 관련 핵심금액원천의 사업별 금액 범위위치 또는 참여범위 확인2건◇ 적응기금 사업·지역 협력범위","expected":"project count, amount, verified location/scope count"}
{"type":"check","audit":"map-layer-distinction:v133","name":"FINANCE_TYPE_SELECTOR_CONTRACT","status":"PASS","actual":{"selector":true,"adaptation":true,"carbon":true},"expected":{"selector":true,"adaptation":true,"carbon":true}}
{"type":"check","audit":"map-layer-distinction:v133","name":"CONSOLE_ERROR","status":"PASS","actual":[],"expected":[]}
{"type":"summary","audit":"map-layer-distinction:v133","status":"PASS","passed":13,"failed":0,"total":13,"failedChecks":[],"mapLayerCount":42,"visibleMapSymbolWithoutLegend":0,"climateSnapshot":{"primaryElement":"B-021","contextElements":"D-008,D-018","legendText":"현재 표시 중지역 취약성색상 지도 · 분석 기준 · GVI 취약성 지수 · 0–100 지수표시 끄기지역 기후예산함께 보기 · 성 단위 기후변화 지출 누계 · VND · 원 크기 = 예산표시 끄기적응기금 사업함께 보기 · 지역 협력범위·세부 활동지역 · 사업표시 끄기○ 지역 기후예산 · 성·시 단위 통계 대표점이며 실제 사업 위치가 아닙니다.","hoverPopupText":"","items":[{"elementId":"B-021","role":"primary","shape":"area","unit":"0–100 지수","text":"지역 취약성색상 지도 · 분석 기준 · GVI 취약성 지수 · 0–100 지수표시 끄기","hasToggle":true},{"elementId":"D-008","role":"context","shape":"circle","unit":"VND","text":"지역 기후예산함께 보기 · 성 단위 기후변화 지출 누계 · VND · 원 크기 = 예산표시 끄기","hasToggle":true},{"elementId":"D-018","role":"context","shape":"diamond","unit":"사업","text":"적응기금 사업함께 보기 · 지역 협력범위·세부 활동지역 · 사업표시 끄기","hasToggle":true}],"rendered":[{"elementId":"B-021","role":"primary","shape":"area","interactiveSymbol":false},{"elementId":"D-018","role":"context","shape":"area","interactiveSymbol":false},{"elementId":"D-018","role":"context","shape":"diamond","interactiveSymbol":true},{"elementId":"D-008","role":"context","shape":"circle","interactiveSymbol":true}],"renderedPointSymbols":[{"elementId":"D-018","role":"context","shape":"diamond","interactiveSymbol":true},{"elementId":"D-008","role":"context","shape":"circle","interactiveSymbol":true}],"renderedMapSymbols":[{"elementId":"B-021","role":"primary","shape":"area"},{"elementId":"D-008","role":"context","shape":"circle"},{"elementId":"D-018","role":"context","shape":"diamond"}]},"financeAdaptation":{"primaryElement":"D-018","contextElements":"C-025","legendText":"현재 표시 중적응기금 사업분석 기준 · 지역 협력범위·세부 활동지역 · 사업표시 끄기탄소크레딧 사업함께 보기 · 사업 위치·유형 · 건표시 끄기","hoverPopupText":"","items":[{"elementId":"D-018","role":"primary","shape":"diamond","unit":"사업","text":"적응기금 사업분석 기준 · 지역 협력범위·세부 활동지역 · 사업표시 끄기","hasToggle":true},{"elementId":"C-025","role":"context","shape":"square","unit":"건","text":"탄소크레딧 사업함께 보기 · 사업 위치·유형 · 건표시 끄기","hasToggle":true}],"rendered":[{"elementId":"D-018","role":"primary","shape":"area","interactiveSymbol":false},{"elementId":"D-018","role":"primary","shape":"diamond","interactiveSymbol":true},{"elementId":"C-025","role":"context","shape":"square","interactiveSymbol":true}],"renderedPointSymbols":[{"elementId":"D-018","role":"primary","shape":"diamond","interactiveSymbol":true},{"elementId":"C-025","role":"context","shape":"square","interactiveSymbol":true}],"renderedMapSymbols":[{"elementId":"D-018","role":"primary","shape":"diamond"},{"elementId":"C-025","role":"context","shape":"square"}],"summaryText":"기후재원 사업사업 유형적응기금탄소크레딧비교해서 보기사업 수2건승인·발행 관련 핵심금액원천의 사업별 금액 범위위치 또는 참여범위 확인2건◇ 적응기금 사업·지역 협력범위"},"financeCarbon":{"primaryElement":"C-025","contextElements":"none","legendText":"현재 표시 중탄소크레딧 사업분석 기준 · 사업 위치·유형 · 건표시 끄기","hoverPopupText":"","items":[{"elementId":"C-025","role":"primary","shape":"square","unit":"건","text":"탄소크레딧 사업분석 기준 · 사업 위치·유형 · 건표시 끄기","hasToggle":true}],"rendered":[{"elementId":"C-025","role":"primary","shape":"square","interactiveSymbol":true}],"renderedPointSymbols":[{"elementId":"C-025","role":"primary","shape":"square","interactiveSymbol":true}],"renderedMapSymbols":[{"elementId":"C-025","role":"primary","shape":"square"}]},"financeCompare":{"a":{"elementId":"D-018","ready":"true","legendText":"적응기금 사업지역 협력범위·세부 활동지역 · 사업 · 2026지역 협력사업 2건의 참여국 범위 2개와 검증된 세부 활동지역 2곳","color":"rgb(23, 106, 75)"},"b":{"elementId":"C-025","ready":"true","legendText":"탄소크레딧 사업사업 위치·유형 · 건 · 2026위치자료 262건","color":"rgb(138, 75, 18)"}},"runtimeFailure":null}
{"type":"command-end","command":"npm run audit:map-layer-distinction:v133","exitCode":0,"timedOut":false,"elapsedMs":4396}
{"type":"command-start","command":"npm run audit:glossary:v134","timeoutMs":600000,"time":"2026-09-29T02:32:23.744Z"}

> react-typescript@1.0.0 audit:glossary:v134
> node scripts/audit-vietnam-glossary-v134.mjs

{"type":"progress","audit":"glossary:v134","route":"home","phase":"start","time":"2026-09-29T02:32:25.483Z","inspectedRoutes":0}
{"type":"progress","audit":"glossary:v134","route":"home","phase":"complete","time":"2026-09-29T02:32:25.665Z","inspectedRoutes":1}
{"type":"progress","audit":"glossary:v134","route":"finder","phase":"start","time":"2026-09-29T02:32:25.665Z","inspectedRoutes":1}
{"type":"progress","audit":"glossary:v134","route":"finder","phase":"complete","time":"2026-09-29T02:32:28.906Z","inspectedRoutes":2}
{"type":"progress","audit":"glossary:v134","route":"map","phase":"start","time":"2026-09-29T02:32:28.906Z","inspectedRoutes":2}
{"type":"progress","audit":"glossary:v134","route":"map","phase":"complete","time":"2026-09-29T02:32:29.286Z","inspectedRoutes":3}
{"type":"progress","audit":"glossary:v134","route":"download","phase":"start","time":"2026-09-29T02:32:29.286Z","inspectedRoutes":3}
{"type":"progress","audit":"glossary:v134","route":"download","phase":"complete","time":"2026-09-29T02:32:29.547Z","inspectedRoutes":4}
{"type":"progress","audit":"glossary:v134","route":"guide","phase":"start","time":"2026-09-29T02:32:29.547Z","inspectedRoutes":4}
{"type":"progress","audit":"glossary:v134","route":"guide","phase":"complete","time":"2026-09-29T02:32:29.747Z","inspectedRoutes":5}
{"type":"progress","audit":"glossary:v134","route":"map:active-gvi","phase":"start","time":"2026-09-29T02:32:29.747Z","inspectedRoutes":5}
{"type":"progress","audit":"glossary:v134","route":"map:active-gvi","phase":"complete","time":"2026-09-29T02:32:30.711Z","inspectedRoutes":5}
{"type":"progress","audit":"glossary:v134","route":"A-001","phase":"start","time":"2026-09-29T02:32:30.712Z","inspectedRoutes":5}
{"type":"progress","audit":"glossary:v134","route":"A-001","phase":"complete","time":"2026-09-29T02:32:31.014Z","inspectedRoutes":6}
{"type":"progress","audit":"glossary:v134","route":"A-002","phase":"start","time":"2026-09-29T02:32:31.014Z","inspectedRoutes":6}
{"type":"progress","audit":"glossary:v134","route":"A-002","phase":"complete","time":"2026-09-29T02:32:31.278Z","inspectedRoutes":7}
{"type":"progress","audit":"glossary:v134","route":"A-003","phase":"start","time":"2026-09-29T02:32:31.278Z","inspectedRoutes":7}
{"type":"progress","audit":"glossary:v134","route":"A-003","phase":"complete","time":"2026-09-29T02:32:31.542Z","inspectedRoutes":8}
{"type":"progress","audit":"glossary:v134","route":"A-004","phase":"start","time":"2026-09-29T02:32:31.542Z","inspectedRoutes":8}
{"type":"progress","audit":"glossary:v134","route":"A-004","phase":"complete","time":"2026-09-29T02:32:31.742Z","inspectedRoutes":9}
{"type":"progress","audit":"glossary:v134","route":"A-005","phase":"start","time":"2026-09-29T02:32:31.742Z","inspectedRoutes":9}
{"type":"progress","audit":"glossary:v134","route":"A-005","phase":"complete","time":"2026-09-29T02:32:31.919Z","inspectedRoutes":10}
{"type":"progress","audit":"glossary:v134","route":"A-006","phase":"start","time":"2026-09-29T02:32:31.919Z","inspectedRoutes":10}
{"type":"progress","audit":"glossary:v134","route":"A-006","phase":"complete","time":"2026-09-29T02:32:32.127Z","inspectedRoutes":11}
{"type":"progress","audit":"glossary:v134","route":"A-007","phase":"start","time":"2026-09-29T02:32:32.127Z","inspectedRoutes":11}
{"type":"progress","audit":"glossary:v134","route":"A-007","phase":"complete","time":"2026-09-29T02:32:32.352Z","inspectedRoutes":12}
{"type":"progress","audit":"glossary:v134","route":"A-008","phase":"start","time":"2026-09-29T02:32:32.352Z","inspectedRoutes":12}
{"type":"progress","audit":"glossary:v134","route":"A-008","phase":"complete","time":"2026-09-29T02:32:32.527Z","inspectedRoutes":13}
{"type":"progress","audit":"glossary:v134","route":"A-009","phase":"start","time":"2026-09-29T02:32:32.527Z","inspectedRoutes":13}
{"type":"progress","audit":"glossary:v134","route":"A-009","phase":"complete","time":"2026-09-29T02:32:32.783Z","inspectedRoutes":14}
{"type":"progress","audit":"glossary:v134","route":"A-010","phase":"start","time":"2026-09-29T02:32:32.783Z","inspectedRoutes":14}
{"type":"progress","audit":"glossary:v134","route":"A-010","phase":"complete","time":"2026-09-29T02:32:33.198Z","inspectedRoutes":15}
{"type":"progress","audit":"glossary:v134","route":"A-011","phase":"start","time":"2026-09-29T02:32:33.198Z","inspectedRoutes":15}
{"type":"progress","audit":"glossary:v134","route":"A-011","phase":"complete","time":"2026-09-29T02:32:33.631Z","inspectedRoutes":16}
{"type":"progress","audit":"glossary:v134","route":"A-012","phase":"start","time":"2026-09-29T02:32:33.631Z","inspectedRoutes":16}
{"type":"progress","audit":"glossary:v134","route":"A-012","phase":"complete","time":"2026-09-29T02:32:33.856Z","inspectedRoutes":17}
{"type":"progress","audit":"glossary:v134","route":"A-013","phase":"start","time":"2026-09-29T02:32:33.856Z","inspectedRoutes":17}
{"type":"progress","audit":"glossary:v134","route":"A-013","phase":"complete","time":"2026-09-29T02:32:34.127Z","inspectedRoutes":18}
{"type":"progress","audit":"glossary:v134","route":"A-014","phase":"start","time":"2026-09-29T02:32:34.127Z","inspectedRoutes":18}
{"type":"progress","audit":"glossary:v134","route":"A-014","phase":"complete","time":"2026-09-29T02:32:34.477Z","inspectedRoutes":19}
{"type":"progress","audit":"glossary:v134","route":"A-015","phase":"start","time":"2026-09-29T02:32:34.477Z","inspectedRoutes":19}
{"type":"progress","audit":"glossary:v134","route":"A-015","phase":"complete","time":"2026-09-29T02:32:34.730Z","inspectedRoutes":20}
{"type":"progress","audit":"glossary:v134","route":"A-016","phase":"start","time":"2026-09-29T02:32:34.730Z","inspectedRoutes":20}
{"type":"progress","audit":"glossary:v134","route":"A-016","phase":"complete","time":"2026-09-29T02:32:35.011Z","inspectedRoutes":21}
{"type":"progress","audit":"glossary:v134","route":"A-018","phase":"start","time":"2026-09-29T02:32:35.011Z","inspectedRoutes":21}
{"type":"progress","audit":"glossary:v134","route":"A-018","phase":"complete","time":"2026-09-29T02:32:35.250Z","inspectedRoutes":22}
{"type":"progress","audit":"glossary:v134","route":"A-019","phase":"start","time":"2026-09-29T02:32:35.250Z","inspectedRoutes":22}
{"type":"progress","audit":"glossary:v134","route":"A-019","phase":"complete","time":"2026-09-29T02:32:35.491Z","inspectedRoutes":23}
{"type":"progress","audit":"glossary:v134","route":"A-020","phase":"start","time":"2026-09-29T02:32:35.491Z","inspectedRoutes":23}
{"type":"progress","audit":"glossary:v134","route":"A-020","phase":"complete","time":"2026-09-29T02:32:35.701Z","inspectedRoutes":24}
{"type":"progress","audit":"glossary:v134","route":"A-021","phase":"start","time":"2026-09-29T02:32:35.701Z","inspectedRoutes":24}
{"type":"progress","audit":"glossary:v134","route":"A-021","phase":"complete","time":"2026-09-29T02:32:35.933Z","inspectedRoutes":25}
{"type":"progress","audit":"glossary:v134","route":"A-022","phase":"start","time":"2026-09-29T02:32:35.933Z","inspectedRoutes":25}
{"type":"progress","audit":"glossary:v134","route":"A-022","phase":"complete","time":"2026-09-29T02:32:36.155Z","inspectedRoutes":26}
{"type":"progress","audit":"glossary:v134","route":"A-023","phase":"start","time":"2026-09-29T02:32:36.155Z","inspectedRoutes":26}
{"type":"progress","audit":"glossary:v134","route":"A-023","phase":"complete","time":"2026-09-29T02:32:36.432Z","inspectedRoutes":27}
{"type":"progress","audit":"glossary:v134","route":"A-024","phase":"start","time":"2026-09-29T02:32:36.433Z","inspectedRoutes":27}
{"type":"progress","audit":"glossary:v134","route":"A-024","phase":"complete","time":"2026-09-29T02:32:36.647Z","inspectedRoutes":28}
{"type":"progress","audit":"glossary:v134","route":"A-025","phase":"start","time":"2026-09-29T02:32:36.647Z","inspectedRoutes":28}
{"type":"progress","audit":"glossary:v134","route":"A-025","phase":"complete","time":"2026-09-29T02:32:36.842Z","inspectedRoutes":29}
{"type":"progress","audit":"glossary:v134","route":"A-026","phase":"start","time":"2026-09-29T02:32:36.842Z","inspectedRoutes":29}
{"type":"progress","audit":"glossary:v134","route":"A-026","phase":"complete","time":"2026-09-29T02:32:37.049Z","inspectedRoutes":30}
{"type":"progress","audit":"glossary:v134","route":"A-027","phase":"start","time":"2026-09-29T02:32:37.049Z","inspectedRoutes":30}
{"type":"progress","audit":"glossary:v134","route":"A-027","phase":"complete","time":"2026-09-29T02:32:37.218Z","inspectedRoutes":31}
{"type":"progress","audit":"glossary:v134","route":"A-028","phase":"start","time":"2026-09-29T02:32:37.218Z","inspectedRoutes":31}
{"type":"progress","audit":"glossary:v134","route":"A-028","phase":"complete","time":"2026-09-29T02:32:37.372Z","inspectedRoutes":32}
{"type":"progress","audit":"glossary:v134","route":"A-029","phase":"start","time":"2026-09-29T02:32:37.372Z","inspectedRoutes":32}
{"type":"progress","audit":"glossary:v134","route":"A-029","phase":"complete","time":"2026-09-29T02:32:37.540Z","inspectedRoutes":33}
{"type":"progress","audit":"glossary:v134","route":"A-030","phase":"start","time":"2026-09-29T02:32:37.540Z","inspectedRoutes":33}
{"type":"progress","audit":"glossary:v134","route":"A-030","phase":"complete","time":"2026-09-29T02:32:37.693Z","inspectedRoutes":34}
{"type":"progress","audit":"glossary:v134","route":"A-031","phase":"start","time":"2026-09-29T02:32:37.693Z","inspectedRoutes":34}
{"type":"progress","audit":"glossary:v134","route":"A-031","phase":"complete","time":"2026-09-29T02:32:37.883Z","inspectedRoutes":35}
{"type":"progress","audit":"glossary:v134","route":"A-032","phase":"start","time":"2026-09-29T02:32:37.883Z","inspectedRoutes":35}
{"type":"progress","audit":"glossary:v134","route":"A-032","phase":"complete","time":"2026-09-29T02:32:38.065Z","inspectedRoutes":36}
{"type":"progress","audit":"glossary:v134","route":"A-033","phase":"start","time":"2026-09-29T02:32:38.065Z","inspectedRoutes":36}
{"type":"progress","audit":"glossary:v134","route":"A-033","phase":"complete","time":"2026-09-29T02:32:38.264Z","inspectedRoutes":37}
{"type":"progress","audit":"glossary:v134","route":"B-001","phase":"start","time":"2026-09-29T02:32:38.264Z","inspectedRoutes":37}
{"type":"progress","audit":"glossary:v134","route":"B-001","phase":"complete","time":"2026-09-29T02:32:38.434Z","inspectedRoutes":38}
{"type":"progress","audit":"glossary:v134","route":"B-002","phase":"start","time":"2026-09-29T02:32:38.434Z","inspectedRoutes":38}
{"type":"progress","audit":"glossary:v134","route":"B-002","phase":"complete","time":"2026-09-29T02:32:38.602Z","inspectedRoutes":39}
{"type":"progress","audit":"glossary:v134","route":"B-003","phase":"start","time":"2026-09-29T02:32:38.602Z","inspectedRoutes":39}
{"type":"progress","audit":"glossary:v134","route":"B-003","phase":"complete","time":"2026-09-29T02:32:39.015Z","inspectedRoutes":40}
{"type":"progress","audit":"glossary:v134","route":"B-004","phase":"start","time":"2026-09-29T02:32:39.016Z","inspectedRoutes":40}
{"type":"progress","audit":"glossary:v134","route":"B-004","phase":"complete","time":"2026-09-29T02:32:40.219Z","inspectedRoutes":41}
{"type":"progress","audit":"glossary:v134","route":"B-005","phase":"start","time":"2026-09-29T02:32:40.219Z","inspectedRoutes":41}
{"type":"progress","audit":"glossary:v134","route":"B-005","phase":"complete","time":"2026-09-29T02:32:41.262Z","inspectedRoutes":42}
{"type":"progress","audit":"glossary:v134","route":"B-006","phase":"start","time":"2026-09-29T02:32:41.262Z","inspectedRoutes":42}
{"type":"progress","audit":"glossary:v134","route":"B-006","phase":"complete","time":"2026-09-29T02:32:42.442Z","inspectedRoutes":43}
{"type":"progress","audit":"glossary:v134","route":"B-007","phase":"start","time":"2026-09-29T02:32:42.442Z","inspectedRoutes":43}
{"type":"progress","audit":"glossary:v134","route":"B-007","phase":"complete","time":"2026-09-29T02:32:43.652Z","inspectedRoutes":44}
{"type":"progress","audit":"glossary:v134","route":"B-008","phase":"start","time":"2026-09-29T02:32:43.652Z","inspectedRoutes":44}
{"type":"progress","audit":"glossary:v134","route":"B-008","phase":"complete","time":"2026-09-29T02:32:43.880Z","inspectedRoutes":45}
{"type":"progress","audit":"glossary:v134","route":"B-009","phase":"start","time":"2026-09-29T02:32:43.880Z","inspectedRoutes":45}
{"type":"progress","audit":"glossary:v134","route":"B-009","phase":"complete","time":"2026-09-29T02:32:44.308Z","inspectedRoutes":46}
{"type":"progress","audit":"glossary:v134","route":"B-010","phase":"start","time":"2026-09-29T02:32:44.308Z","inspectedRoutes":46}
{"type":"progress","audit":"glossary:v134","route":"B-010","phase":"complete","time":"2026-09-29T02:32:44.467Z","inspectedRoutes":47}
{"type":"progress","audit":"glossary:v134","route":"B-011","phase":"start","time":"2026-09-29T02:32:44.467Z","inspectedRoutes":47}
{"type":"progress","audit":"glossary:v134","route":"B-011","phase":"complete","time":"2026-09-29T02:32:44.703Z","inspectedRoutes":48}
{"type":"progress","audit":"glossary:v134","route":"B-012","phase":"start","time":"2026-09-29T02:32:44.704Z","inspectedRoutes":48}
{"type":"progress","audit":"glossary:v134","route":"B-012","phase":"complete","time":"2026-09-29T02:32:44.929Z","inspectedRoutes":49}
{"type":"progress","audit":"glossary:v134","route":"B-013","phase":"start","time":"2026-09-29T02:32:44.930Z","inspectedRoutes":49}
{"type":"progress","audit":"glossary:v134","route":"B-013","phase":"complete","time":"2026-09-29T02:32:45.114Z","inspectedRoutes":50}
{"type":"progress","audit":"glossary:v134","route":"B-014","phase":"start","time":"2026-09-29T02:32:45.114Z","inspectedRoutes":50}
{"type":"progress","audit":"glossary:v134","route":"B-014","phase":"complete","time":"2026-09-29T02:32:45.272Z","inspectedRoutes":51}
{"type":"progress","audit":"glossary:v134","route":"B-015","phase":"start","time":"2026-09-29T02:32:45.272Z","inspectedRoutes":51}
{"type":"progress","audit":"glossary:v134","route":"B-015","phase":"complete","time":"2026-09-29T02:32:45.470Z","inspectedRoutes":52}
{"type":"progress","audit":"glossary:v134","route":"B-016","phase":"start","time":"2026-09-29T02:32:45.470Z","inspectedRoutes":52}
{"type":"progress","audit":"glossary:v134","route":"B-016","phase":"complete","time":"2026-09-29T02:32:45.681Z","inspectedRoutes":53}
{"type":"progress","audit":"glossary:v134","route":"B-017","phase":"start","time":"2026-09-29T02:32:45.681Z","inspectedRoutes":53}
{"type":"progress","audit":"glossary:v134","route":"B-017","phase":"complete","time":"2026-09-29T02:32:46.041Z","inspectedRoutes":54}
{"type":"progress","audit":"glossary:v134","route":"B-018","phase":"start","time":"2026-09-29T02:32:46.041Z","inspectedRoutes":54}
{"type":"progress","audit":"glossary:v134","route":"B-018","phase":"complete","time":"2026-09-29T02:32:46.352Z","inspectedRoutes":55}
{"type":"progress","audit":"glossary:v134","route":"B-019","phase":"start","time":"2026-09-29T02:32:46.352Z","inspectedRoutes":55}
{"type":"progress","audit":"glossary:v134","route":"B-019","phase":"complete","time":"2026-09-29T02:32:46.593Z","inspectedRoutes":56}
{"type":"progress","audit":"glossary:v134","route":"B-020","phase":"start","time":"2026-09-29T02:32:46.593Z","inspectedRoutes":56}
{"type":"progress","audit":"glossary:v134","route":"B-020","phase":"complete","time":"2026-09-29T02:32:46.926Z","inspectedRoutes":57}
{"type":"progress","audit":"glossary:v134","route":"B-021","phase":"start","time":"2026-09-29T02:32:46.927Z","inspectedRoutes":57}
{"type":"progress","audit":"glossary:v134","route":"B-021","phase":"complete","time":"2026-09-29T02:32:47.348Z","inspectedRoutes":58}
{"type":"progress","audit":"glossary:v134","route":"B-022","phase":"start","time":"2026-09-29T02:32:47.349Z","inspectedRoutes":58}
{"type":"progress","audit":"glossary:v134","route":"B-022","phase":"complete","time":"2026-09-29T02:32:47.544Z","inspectedRoutes":59}
{"type":"progress","audit":"glossary:v134","route":"B-023","phase":"start","time":"2026-09-29T02:32:47.544Z","inspectedRoutes":59}
{"type":"progress","audit":"glossary:v134","route":"B-023","phase":"complete","time":"2026-09-29T02:32:47.730Z","inspectedRoutes":60}
{"type":"progress","audit":"glossary:v134","route":"B-024","phase":"start","time":"2026-09-29T02:32:47.730Z","inspectedRoutes":60}
{"type":"progress","audit":"glossary:v134","route":"B-024","phase":"complete","time":"2026-09-29T02:32:47.947Z","inspectedRoutes":61}
{"type":"progress","audit":"glossary:v134","route":"B-025","phase":"start","time":"2026-09-29T02:32:47.947Z","inspectedRoutes":61}
{"type":"progress","audit":"glossary:v134","route":"B-025","phase":"complete","time":"2026-09-29T02:32:48.125Z","inspectedRoutes":62}
{"type":"progress","audit":"glossary:v134","route":"B-026","phase":"start","time":"2026-09-29T02:32:48.125Z","inspectedRoutes":62}
{"type":"progress","audit":"glossary:v134","route":"B-026","phase":"complete","time":"2026-09-29T02:32:48.299Z","inspectedRoutes":63}
{"type":"progress","audit":"glossary:v134","route":"B-027","phase":"start","time":"2026-09-29T02:32:48.299Z","inspectedRoutes":63}
{"type":"progress","audit":"glossary:v134","route":"B-027","phase":"complete","time":"2026-09-29T02:32:48.461Z","inspectedRoutes":64}
{"type":"progress","audit":"glossary:v134","route":"B-028","phase":"start","time":"2026-09-29T02:32:48.461Z","inspectedRoutes":64}
{"type":"progress","audit":"glossary:v134","route":"B-028","phase":"complete","time":"2026-09-29T02:32:48.632Z","inspectedRoutes":65}
{"type":"progress","audit":"glossary:v134","route":"B-029","phase":"start","time":"2026-09-29T02:32:48.632Z","inspectedRoutes":65}
{"type":"progress","audit":"glossary:v134","route":"B-029","phase":"complete","time":"2026-09-29T02:32:48.858Z","inspectedRoutes":66}
{"type":"progress","audit":"glossary:v134","route":"B-030","phase":"start","time":"2026-09-29T02:32:48.858Z","inspectedRoutes":66}
{"type":"progress","audit":"glossary:v134","route":"B-030","phase":"complete","time":"2026-09-29T02:32:49.036Z","inspectedRoutes":67}
{"type":"progress","audit":"glossary:v134","route":"B-031","phase":"start","time":"2026-09-29T02:32:49.036Z","inspectedRoutes":67}
{"type":"progress","audit":"glossary:v134","route":"B-031","phase":"complete","time":"2026-09-29T02:32:49.324Z","inspectedRoutes":68}
{"type":"progress","audit":"glossary:v134","route":"B-032","phase":"start","time":"2026-09-29T02:32:49.324Z","inspectedRoutes":68}
{"type":"progress","audit":"glossary:v134","route":"B-032","phase":"complete","time":"2026-09-29T02:32:49.542Z","inspectedRoutes":69}
{"type":"progress","audit":"glossary:v134","route":"B-033","phase":"start","time":"2026-09-29T02:32:49.542Z","inspectedRoutes":69}
{"type":"progress","audit":"glossary:v134","route":"B-033","phase":"complete","time":"2026-09-29T02:32:49.823Z","inspectedRoutes":70}
{"type":"progress","audit":"glossary:v134","route":"B-034","phase":"start","time":"2026-09-29T02:32:49.823Z","inspectedRoutes":70}
{"type":"progress","audit":"glossary:v134","route":"B-034","phase":"complete","time":"2026-09-29T02:32:50.033Z","inspectedRoutes":71}
{"type":"progress","audit":"glossary:v134","route":"B-035","phase":"start","time":"2026-09-29T02:32:50.033Z","inspectedRoutes":71}
{"type":"progress","audit":"glossary:v134","route":"B-035","phase":"complete","time":"2026-09-29T02:32:50.295Z","inspectedRoutes":72}
{"type":"progress","audit":"glossary:v134","route":"B-036","phase":"start","time":"2026-09-29T02:32:50.295Z","inspectedRoutes":72}
{"type":"progress","audit":"glossary:v134","route":"B-036","phase":"complete","time":"2026-09-29T02:32:50.515Z","inspectedRoutes":73}
{"type":"progress","audit":"glossary:v134","route":"B-037","phase":"start","time":"2026-09-29T02:32:50.515Z","inspectedRoutes":73}
{"type":"progress","audit":"glossary:v134","route":"B-037","phase":"complete","time":"2026-09-29T02:32:50.729Z","inspectedRoutes":74}
{"type":"progress","audit":"glossary:v134","route":"B-038","phase":"start","time":"2026-09-29T02:32:50.730Z","inspectedRoutes":74}
{"type":"progress","audit":"glossary:v134","route":"B-038","phase":"complete","time":"2026-09-29T02:32:50.987Z","inspectedRoutes":75}
{"type":"progress","audit":"glossary:v134","route":"B-039","phase":"start","time":"2026-09-29T02:32:50.987Z","inspectedRoutes":75}
{"type":"progress","audit":"glossary:v134","route":"B-039","phase":"complete","time":"2026-09-29T02:32:51.237Z","inspectedRoutes":76}
{"type":"progress","audit":"glossary:v134","route":"B-040","phase":"start","time":"2026-09-29T02:32:51.237Z","inspectedRoutes":76}
{"type":"progress","audit":"glossary:v134","route":"B-040","phase":"complete","time":"2026-09-29T02:32:51.457Z","inspectedRoutes":77}
{"type":"progress","audit":"glossary:v134","route":"B-041","phase":"start","time":"2026-09-29T02:32:51.457Z","inspectedRoutes":77}
{"type":"progress","audit":"glossary:v134","route":"B-041","phase":"complete","time":"2026-09-29T02:32:51.659Z","inspectedRoutes":78}
{"type":"progress","audit":"glossary:v134","route":"B-042","phase":"start","time":"2026-09-29T02:32:51.659Z","inspectedRoutes":78}
{"type":"progress","audit":"glossary:v134","route":"B-042","phase":"complete","time":"2026-09-29T02:32:51.859Z","inspectedRoutes":79}
{"type":"progress","audit":"glossary:v134","route":"B-043","phase":"start","time":"2026-09-29T02:32:51.860Z","inspectedRoutes":79}
{"type":"progress","audit":"glossary:v134","route":"B-043","phase":"complete","time":"2026-09-29T02:32:52.113Z","inspectedRoutes":80}
{"type":"progress","audit":"glossary:v134","route":"B-044","phase":"start","time":"2026-09-29T02:32:52.113Z","inspectedRoutes":80}
{"type":"progress","audit":"glossary:v134","route":"B-044","phase":"complete","time":"2026-09-29T02:32:52.273Z","inspectedRoutes":81}
{"type":"progress","audit":"glossary:v134","route":"B-045","phase":"start","time":"2026-09-29T02:32:52.273Z","inspectedRoutes":81}
{"type":"progress","audit":"glossary:v134","route":"B-045","phase":"complete","time":"2026-09-29T02:32:52.441Z","inspectedRoutes":82}
{"type":"progress","audit":"glossary:v134","route":"B-046","phase":"start","time":"2026-09-29T02:32:52.441Z","inspectedRoutes":82}
{"type":"progress","audit":"glossary:v134","route":"B-046","phase":"complete","time":"2026-09-29T02:32:52.611Z","inspectedRoutes":83}
{"type":"progress","audit":"glossary:v134","route":"B-047","phase":"start","time":"2026-09-29T02:32:52.611Z","inspectedRoutes":83}
{"type":"progress","audit":"glossary:v134","route":"B-047","phase":"complete","time":"2026-09-29T02:32:52.778Z","inspectedRoutes":84}
{"type":"progress","audit":"glossary:v134","route":"B-048","phase":"start","time":"2026-09-29T02:32:52.778Z","inspectedRoutes":84}
{"type":"progress","audit":"glossary:v134","route":"B-048","phase":"complete","time":"2026-09-29T02:32:52.965Z","inspectedRoutes":85}
{"type":"progress","audit":"glossary:v134","route":"C-001","phase":"start","time":"2026-09-29T02:32:52.965Z","inspectedRoutes":85}
{"type":"progress","audit":"glossary:v134","route":"C-001","phase":"complete","time":"2026-09-29T02:32:53.177Z","inspectedRoutes":86}
{"type":"progress","audit":"glossary:v134","route":"C-002","phase":"start","time":"2026-09-29T02:32:53.177Z","inspectedRoutes":86}
{"type":"progress","audit":"glossary:v134","route":"C-002","phase":"complete","time":"2026-09-29T02:32:53.385Z","inspectedRoutes":87}
{"type":"progress","audit":"glossary:v134","route":"C-003","phase":"start","time":"2026-09-29T02:32:53.385Z","inspectedRoutes":87}
{"type":"progress","audit":"glossary:v134","route":"C-003","phase":"complete","time":"2026-09-29T02:32:53.612Z","inspectedRoutes":88}
{"type":"progress","audit":"glossary:v134","route":"C-004","phase":"start","time":"2026-09-29T02:32:53.613Z","inspectedRoutes":88}
{"type":"command-running","command":"npm run audit:glossary:v134","elapsedMs":30023}
{"type":"progress","audit":"glossary:v134","route":"C-004","phase":"complete","time":"2026-09-29T02:32:53.830Z","inspectedRoutes":89}
{"type":"progress","audit":"glossary:v134","route":"C-005","phase":"start","time":"2026-09-29T02:32:53.830Z","inspectedRoutes":89}
{"type":"progress","audit":"glossary:v134","route":"C-005","phase":"complete","time":"2026-09-29T02:32:54.077Z","inspectedRoutes":90}
{"type":"progress","audit":"glossary:v134","route":"C-006","phase":"start","time":"2026-09-29T02:32:54.077Z","inspectedRoutes":90}
{"type":"progress","audit":"glossary:v134","route":"C-006","phase":"complete","time":"2026-09-29T02:32:54.248Z","inspectedRoutes":91}
{"type":"progress","audit":"glossary:v134","route":"C-007","phase":"start","time":"2026-09-29T02:32:54.248Z","inspectedRoutes":91}
{"type":"progress","audit":"glossary:v134","route":"C-007","phase":"complete","time":"2026-09-29T02:32:54.417Z","inspectedRoutes":92}
{"type":"progress","audit":"glossary:v134","route":"C-008","phase":"start","time":"2026-09-29T02:32:54.417Z","inspectedRoutes":92}
{"type":"progress","audit":"glossary:v134","route":"C-008","phase":"complete","time":"2026-09-29T02:32:54.786Z","inspectedRoutes":93}
{"type":"progress","audit":"glossary:v134","route":"C-009","phase":"start","time":"2026-09-29T02:32:54.786Z","inspectedRoutes":93}
{"type":"progress","audit":"glossary:v134","route":"C-009","phase":"complete","time":"2026-09-29T02:32:55.102Z","inspectedRoutes":94}
{"type":"progress","audit":"glossary:v134","route":"C-010","phase":"start","time":"2026-09-29T02:32:55.102Z","inspectedRoutes":94}
{"type":"progress","audit":"glossary:v134","route":"C-010","phase":"complete","time":"2026-09-29T02:32:55.330Z","inspectedRoutes":95}
{"type":"progress","audit":"glossary:v134","route":"C-011","phase":"start","time":"2026-09-29T02:32:55.330Z","inspectedRoutes":95}
{"type":"progress","audit":"glossary:v134","route":"C-011","phase":"complete","time":"2026-09-29T02:32:55.521Z","inspectedRoutes":96}
{"type":"progress","audit":"glossary:v134","route":"C-012","phase":"start","time":"2026-09-29T02:32:55.521Z","inspectedRoutes":96}
{"type":"progress","audit":"glossary:v134","route":"C-012","phase":"complete","time":"2026-09-29T02:32:55.792Z","inspectedRoutes":97}
{"type":"progress","audit":"glossary:v134","route":"C-013","phase":"start","time":"2026-09-29T02:32:55.792Z","inspectedRoutes":97}
{"type":"progress","audit":"glossary:v134","route":"C-013","phase":"complete","time":"2026-09-29T02:32:55.988Z","inspectedRoutes":98}
{"type":"progress","audit":"glossary:v134","route":"C-014","phase":"start","time":"2026-09-29T02:32:55.988Z","inspectedRoutes":98}
{"type":"progress","audit":"glossary:v134","route":"C-014","phase":"complete","time":"2026-09-29T02:32:56.194Z","inspectedRoutes":99}
{"type":"progress","audit":"glossary:v134","route":"C-016","phase":"start","time":"2026-09-29T02:32:56.195Z","inspectedRoutes":99}
{"type":"progress","audit":"glossary:v134","route":"C-016","phase":"complete","time":"2026-09-29T02:32:56.431Z","inspectedRoutes":100}
{"type":"progress","audit":"glossary:v134","route":"C-017","phase":"start","time":"2026-09-29T02:32:56.432Z","inspectedRoutes":100}
{"type":"progress","audit":"glossary:v134","route":"C-017","phase":"complete","time":"2026-09-29T02:32:56.629Z","inspectedRoutes":101}
{"type":"progress","audit":"glossary:v134","route":"C-018","phase":"start","time":"2026-09-29T02:32:56.629Z","inspectedRoutes":101}
{"type":"progress","audit":"glossary:v134","route":"C-018","phase":"complete","time":"2026-09-29T02:32:56.839Z","inspectedRoutes":102}
{"type":"progress","audit":"glossary:v134","route":"C-019","phase":"start","time":"2026-09-29T02:32:56.839Z","inspectedRoutes":102}
{"type":"progress","audit":"glossary:v134","route":"C-019","phase":"complete","time":"2026-09-29T02:32:57.084Z","inspectedRoutes":103}
{"type":"progress","audit":"glossary:v134","route":"C-021","phase":"start","time":"2026-09-29T02:32:57.084Z","inspectedRoutes":103}
{"type":"progress","audit":"glossary:v134","route":"C-021","phase":"complete","time":"2026-09-29T02:32:57.301Z","inspectedRoutes":104}
{"type":"progress","audit":"glossary:v134","route":"C-022","phase":"start","time":"2026-09-29T02:32:57.301Z","inspectedRoutes":104}
{"type":"progress","audit":"glossary:v134","route":"C-022","phase":"complete","time":"2026-09-29T02:32:57.522Z","inspectedRoutes":105}
{"type":"progress","audit":"glossary:v134","route":"C-024","phase":"start","time":"2026-09-29T02:32:57.522Z","inspectedRoutes":105}
{"type":"progress","audit":"glossary:v134","route":"C-024","phase":"complete","time":"2026-09-29T02:32:57.703Z","inspectedRoutes":106}
{"type":"progress","audit":"glossary:v134","route":"C-025","phase":"start","time":"2026-09-29T02:32:57.704Z","inspectedRoutes":106}
{"type":"progress","audit":"glossary:v134","route":"C-025","phase":"complete","time":"2026-09-29T02:32:58.206Z","inspectedRoutes":107}
{"type":"progress","audit":"glossary:v134","route":"D-001","phase":"start","time":"2026-09-29T02:32:58.206Z","inspectedRoutes":107}
{"type":"progress","audit":"glossary:v134","route":"D-001","phase":"complete","time":"2026-09-29T02:32:58.395Z","inspectedRoutes":108}
{"type":"progress","audit":"glossary:v134","route":"D-002","phase":"start","time":"2026-09-29T02:32:58.395Z","inspectedRoutes":108}
{"type":"progress","audit":"glossary:v134","route":"D-002","phase":"complete","time":"2026-09-29T02:32:58.562Z","inspectedRoutes":109}
{"type":"progress","audit":"glossary:v134","route":"D-003","phase":"start","time":"2026-09-29T02:32:58.562Z","inspectedRoutes":109}
{"type":"progress","audit":"glossary:v134","route":"D-003","phase":"complete","time":"2026-09-29T02:32:58.717Z","inspectedRoutes":110}
{"type":"progress","audit":"glossary:v134","route":"D-004","phase":"start","time":"2026-09-29T02:32:58.717Z","inspectedRoutes":110}
{"type":"progress","audit":"glossary:v134","route":"D-004","phase":"complete","time":"2026-09-29T02:32:58.886Z","inspectedRoutes":111}
{"type":"progress","audit":"glossary:v134","route":"D-005","phase":"start","time":"2026-09-29T02:32:58.886Z","inspectedRoutes":111}
{"type":"progress","audit":"glossary:v134","route":"D-005","phase":"complete","time":"2026-09-29T02:32:59.055Z","inspectedRoutes":112}
{"type":"progress","audit":"glossary:v134","route":"D-006","phase":"start","time":"2026-09-29T02:32:59.055Z","inspectedRoutes":112}
{"type":"progress","audit":"glossary:v134","route":"D-006","phase":"complete","time":"2026-09-29T02:32:59.244Z","inspectedRoutes":113}
{"type":"progress","audit":"glossary:v134","route":"D-007","phase":"start","time":"2026-09-29T02:32:59.244Z","inspectedRoutes":113}
{"type":"progress","audit":"glossary:v134","route":"D-007","phase":"complete","time":"2026-09-29T02:32:59.409Z","inspectedRoutes":114}
{"type":"progress","audit":"glossary:v134","route":"D-008","phase":"start","time":"2026-09-29T02:32:59.409Z","inspectedRoutes":114}
{"type":"progress","audit":"glossary:v134","route":"D-008","phase":"complete","time":"2026-09-29T02:32:59.614Z","inspectedRoutes":115}
{"type":"progress","audit":"glossary:v134","route":"D-009","phase":"start","time":"2026-09-29T02:32:59.614Z","inspectedRoutes":115}
{"type":"progress","audit":"glossary:v134","route":"D-009","phase":"complete","time":"2026-09-29T02:32:59.774Z","inspectedRoutes":116}
{"type":"progress","audit":"glossary:v134","route":"D-010","phase":"start","time":"2026-09-29T02:32:59.774Z","inspectedRoutes":116}
{"type":"progress","audit":"glossary:v134","route":"D-010","phase":"complete","time":"2026-09-29T02:32:59.951Z","inspectedRoutes":117}
{"type":"progress","audit":"glossary:v134","route":"D-011","phase":"start","time":"2026-09-29T02:32:59.951Z","inspectedRoutes":117}
{"type":"progress","audit":"glossary:v134","route":"D-011","phase":"complete","time":"2026-09-29T02:33:00.124Z","inspectedRoutes":118}
{"type":"progress","audit":"glossary:v134","route":"D-012","phase":"start","time":"2026-09-29T02:33:00.124Z","inspectedRoutes":118}
{"type":"progress","audit":"glossary:v134","route":"D-012","phase":"complete","time":"2026-09-29T02:33:00.324Z","inspectedRoutes":119}
{"type":"progress","audit":"glossary:v134","route":"D-013","phase":"start","time":"2026-09-29T02:33:00.324Z","inspectedRoutes":119}
{"type":"progress","audit":"glossary:v134","route":"D-013","phase":"complete","time":"2026-09-29T02:33:00.494Z","inspectedRoutes":120}
{"type":"progress","audit":"glossary:v134","route":"D-014","phase":"start","time":"2026-09-29T02:33:00.494Z","inspectedRoutes":120}
{"type":"progress","audit":"glossary:v134","route":"D-014","phase":"complete","time":"2026-09-29T02:33:00.982Z","inspectedRoutes":121}
{"type":"progress","audit":"glossary:v134","route":"D-015","phase":"start","time":"2026-09-29T02:33:00.982Z","inspectedRoutes":121}
{"type":"progress","audit":"glossary:v134","route":"D-015","phase":"complete","time":"2026-09-29T02:33:01.809Z","inspectedRoutes":122}
{"type":"progress","audit":"glossary:v134","route":"D-016","phase":"start","time":"2026-09-29T02:33:01.810Z","inspectedRoutes":122}
{"type":"progress","audit":"glossary:v134","route":"D-016","phase":"complete","time":"2026-09-29T02:33:02.491Z","inspectedRoutes":123}
{"type":"progress","audit":"glossary:v134","route":"D-017","phase":"start","time":"2026-09-29T02:33:02.491Z","inspectedRoutes":123}
{"type":"progress","audit":"glossary:v134","route":"D-017","phase":"complete","time":"2026-09-29T02:33:02.693Z","inspectedRoutes":124}
{"type":"progress","audit":"glossary:v134","route":"D-018","phase":"start","time":"2026-09-29T02:33:02.694Z","inspectedRoutes":124}
{"type":"progress","audit":"glossary:v134","route":"D-018","phase":"complete","time":"2026-09-29T02:33:02.918Z","inspectedRoutes":125}
{"type":"progress","audit":"glossary:v134","route":"D-019","phase":"start","time":"2026-09-29T02:33:02.918Z","inspectedRoutes":125}
{"type":"progress","audit":"glossary:v134","route":"D-019","phase":"complete","time":"2026-09-29T02:33:03.118Z","inspectedRoutes":126}
{"type":"progress","audit":"glossary:v134","route":"D-020","phase":"start","time":"2026-09-29T02:33:03.118Z","inspectedRoutes":126}
{"type":"progress","audit":"glossary:v134","route":"D-020","phase":"complete","time":"2026-09-29T02:33:03.291Z","inspectedRoutes":127}
{"type":"progress","audit":"glossary:v134","route":"D-021","phase":"start","time":"2026-09-29T02:33:03.291Z","inspectedRoutes":127}
{"type":"progress","audit":"glossary:v134","route":"D-021","phase":"complete","time":"2026-09-29T02:33:03.723Z","inspectedRoutes":128}
{"type":"progress","audit":"glossary:v134","route":"D-022","phase":"start","time":"2026-09-29T02:33:03.723Z","inspectedRoutes":128}
{"type":"progress","audit":"glossary:v134","route":"D-022","phase":"complete","time":"2026-09-29T02:33:03.936Z","inspectedRoutes":129}
{"type":"progress","audit":"glossary:v134","route":"D-023","phase":"start","time":"2026-09-29T02:33:03.936Z","inspectedRoutes":129}
{"type":"progress","audit":"glossary:v134","route":"D-023","phase":"complete","time":"2026-09-29T02:33:04.151Z","inspectedRoutes":130}
{"type":"progress","audit":"glossary:v134","route":"D-025","phase":"start","time":"2026-09-29T02:33:04.151Z","inspectedRoutes":130}
{"type":"progress","audit":"glossary:v134","route":"D-025","phase":"complete","time":"2026-09-29T02:33:04.357Z","inspectedRoutes":131}
{"type":"progress","audit":"glossary:v134","route":"D-026","phase":"start","time":"2026-09-29T02:33:04.357Z","inspectedRoutes":131}
{"type":"progress","audit":"glossary:v134","route":"D-026","phase":"complete","time":"2026-09-29T02:33:04.543Z","inspectedRoutes":132}
{"type":"progress","audit":"glossary:v134","route":"E-001","phase":"start","time":"2026-09-29T02:33:04.544Z","inspectedRoutes":132}
{"type":"progress","audit":"glossary:v134","route":"E-001","phase":"complete","time":"2026-09-29T02:33:04.770Z","inspectedRoutes":133}
{"type":"progress","audit":"glossary:v134","route":"E-002","phase":"start","time":"2026-09-29T02:33:04.771Z","inspectedRoutes":133}
{"type":"progress","audit":"glossary:v134","route":"E-002","phase":"complete","time":"2026-09-29T02:33:04.969Z","inspectedRoutes":134}
{"type":"progress","audit":"glossary:v134","route":"E-003","phase":"start","time":"2026-09-29T02:33:04.969Z","inspectedRoutes":134}
{"type":"progress","audit":"glossary:v134","route":"E-003","phase":"complete","time":"2026-09-29T02:33:05.180Z","inspectedRoutes":135}
{"type":"progress","audit":"glossary:v134","route":"E-004","phase":"start","time":"2026-09-29T02:33:05.180Z","inspectedRoutes":135}
{"type":"progress","audit":"glossary:v134","route":"E-004","phase":"complete","time":"2026-09-29T02:33:05.399Z","inspectedRoutes":136}
{"type":"progress","audit":"glossary:v134","route":"E-005","phase":"start","time":"2026-09-29T02:33:05.399Z","inspectedRoutes":136}
{"type":"progress","audit":"glossary:v134","route":"E-005","phase":"complete","time":"2026-09-29T02:33:05.637Z","inspectedRoutes":137}
{"type":"progress","audit":"glossary:v134","route":"E-006","phase":"start","time":"2026-09-29T02:33:05.637Z","inspectedRoutes":137}
{"type":"progress","audit":"glossary:v134","route":"E-006","phase":"complete","time":"2026-09-29T02:33:05.814Z","inspectedRoutes":138}
{"type":"progress","audit":"glossary:v134","route":"E-007","phase":"start","time":"2026-09-29T02:33:05.814Z","inspectedRoutes":138}
{"type":"progress","audit":"glossary:v134","route":"E-007","phase":"complete","time":"2026-09-29T02:33:05.990Z","inspectedRoutes":139}
{"type":"progress","audit":"glossary:v134","route":"E-009","phase":"start","time":"2026-09-29T02:33:05.990Z","inspectedRoutes":139}
{"type":"progress","audit":"glossary:v134","route":"E-009","phase":"complete","time":"2026-09-29T02:33:06.202Z","inspectedRoutes":140}
{"type":"progress","audit":"glossary:v134","route":"E-010","phase":"start","time":"2026-09-29T02:33:06.202Z","inspectedRoutes":140}
{"type":"progress","audit":"glossary:v134","route":"E-010","phase":"complete","time":"2026-09-29T02:33:06.377Z","inspectedRoutes":141}
{"type":"progress","audit":"glossary:v134","route":"E-012","phase":"start","time":"2026-09-29T02:33:06.378Z","inspectedRoutes":141}
{"type":"progress","audit":"glossary:v134","route":"E-012","phase":"complete","time":"2026-09-29T02:33:06.581Z","inspectedRoutes":142}
{"type":"progress","audit":"glossary:v134","route":"E-014","phase":"start","time":"2026-09-29T02:33:06.581Z","inspectedRoutes":142}
{"type":"progress","audit":"glossary:v134","route":"E-014","phase":"complete","time":"2026-09-29T02:33:06.752Z","inspectedRoutes":143}
{"type":"progress","audit":"glossary:v134","route":"E-015","phase":"start","time":"2026-09-29T02:33:06.752Z","inspectedRoutes":143}
{"type":"progress","audit":"glossary:v134","route":"E-015","phase":"complete","time":"2026-09-29T02:33:06.963Z","inspectedRoutes":144}
{"type":"progress","audit":"glossary:v134","route":"E-018","phase":"start","time":"2026-09-29T02:33:06.964Z","inspectedRoutes":144}
{"type":"progress","audit":"glossary:v134","route":"E-018","phase":"complete","time":"2026-09-29T02:33:07.177Z","inspectedRoutes":145}
{"type":"progress","audit":"glossary:v134","route":"E-019","phase":"start","time":"2026-09-29T02:33:07.177Z","inspectedRoutes":145}
{"type":"progress","audit":"glossary:v134","route":"E-019","phase":"complete","time":"2026-09-29T02:33:07.349Z","inspectedRoutes":146}
{"type":"progress","audit":"glossary:v134","route":"E-020","phase":"start","time":"2026-09-29T02:33:07.349Z","inspectedRoutes":146}
{"type":"progress","audit":"glossary:v134","route":"E-020","phase":"complete","time":"2026-09-29T02:33:07.529Z","inspectedRoutes":147}
{"type":"check","audit":"glossary:v134","name":"GLOSSARY_REQUIRED_SEED","status":"PASS","actual":[],"expected":[]}
{"type":"check","audit":"glossary:v134","name":"GLOSSARY_ENTRY_COMPLETENESS","status":"PASS","actual":[],"expected":[]}
{"type":"check","audit":"glossary:v134","name":"GLOSSARY_UNIQUE_ID","status":"PASS","actual":[],"expected":[]}
{"type":"check","audit":"glossary:v134","name":"SPEI12_PATTERN","status":"PASS","actual":{"id":"spei-12","term":"SPEI12","englishName":"Standardised Precipitation-Evapotranspiration Index (12-month)","koreanName":"12개월 표준강수증발산지수","definition":"강수량과 잠재증발산을 함께 반영해 평년 대비 건조·습윤 상태를 나타내는 표준화 지수입니다 12개월 누적기간을 반영합니다.","category":"climate-risk","aliases":["SPEI"],"displayTerm":"SPEI12","derivedFrom":"SPEI"},"expected":"SPEI-derived"}
{"type":"check","audit":"glossary:v134","name":"SSP245_PATTERN","status":"PASS","actual":"사회경제적 중간 경로와 2100년 복사강제력 4.5 W/m²를 가정한 시나리오입니다.","expected":"scenario forcing explanation"}
{"type":"check","audit":"glossary:v134","name":"FRAMEWORK_ELEMENTS","status":"PASS","actual":152,"expected":152}
{"type":"check","audit":"glossary:v134","name":"PRODUCTION_DOM_ROUTE_COVERAGE","status":"PASS","actual":{"inspectedRoutes":147,"routeFailures":[],"runtimeFailure":null},"expected":{"inspectedRoutes":147,"routeFailures":[]}}
{"type":"check","audit":"glossary:v134","name":"VISIBLE_ACRONYM_WITHOUT_GLOSSARY","status":"PASS","actual":[],"expected":[]}
{"type":"check","audit":"glossary:v134","name":"SELECTED_OPTION_GLOSSARY_HELP","status":"PASS","actual":[],"expected":[]}
{"type":"check","audit":"glossary:v134","name":"FINDER_ALL_CARDS_AUDITED","status":"PASS","actual":141,"expected":141}
{"type":"check","audit":"glossary:v134","name":"EXCLUDED_DETAIL_NOTICE_V156","status":"PASS","actual":[{"elementId":"A-017","pass":true,"problems":[]},{"elementId":"C-015","pass":true,"problems":[]},{"elementId":"C-020","pass":true,"problems":[]},{"elementId":"C-023","pass":true,"problems":[]},{"elementId":"D-024","pass":true,"problems":[]},{"elementId":"E-008","pass":true,"problems":[]},{"elementId":"E-011","pass":true,"problems":[]},{"elementId":"E-013","pass":true,"problems":[]},{"elementId":"E-016","pass":true,"problems":[]},{"elementId":"E-017","pass":true,"problems":[]}],"expected":"notice card, no chart, no download link"}
{"type":"check","audit":"glossary:v134","name":"GLOSSARY_HOVER_PASS","status":"PASS","actual":true,"expected":true}
{"type":"check","audit":"glossary:v134","name":"GLOSSARY_KEYBOARD_PASS","status":"PASS","actual":true,"expected":true}
{"type":"check","audit":"glossary:v134","name":"GLOSSARY_MOBILE_PASS","status":"PASS","actual":true,"expected":true}
{"type":"check","audit":"glossary:v134","name":"MAP_GLOSSARY_INTERACTION_PASS","status":"PASS","actual":true,"expected":true}
{"type":"check","audit":"glossary:v134","name":"BROKEN_ASSET","status":"PASS","actual":[],"expected":[]}
{"type":"check","audit":"glossary:v134","name":"CONSOLE_ERROR","status":"PASS","actual":[],"expected":[]}
{"type":"summary","audit":"glossary:v134","status":"PASS","passed":17,"failed":0,"total":17,"failedChecks":[],"frameworkElements":152,"accountedElements":152,"glossaryTermCount":538,"visibleAcronymWithoutGlossaryCount":0,"acronymInventoryCount":838,"selectedOptionGlossaryFailureCount":0,"mapInteractionPass":true,"inspectedRoutes":147,"runtimeFailure":null}
{"type":"command-end","command":"npm run audit:glossary:v134","exitCode":0,"timedOut":false,"elapsedMs":46923}
{"type":"command-start","command":"npm run audit:oda-analysis:v134","timeoutMs":600000,"time":"2026-09-29T02:33:10.668Z"}

> react-typescript@1.0.0 audit:oda-analysis:v134
> node scripts/audit-vietnam-oda-analysis-v134.mjs

{"type":"check","audit":"oda-analysis:v134","name":"FRAMEWORK_ELEMENTS","status":"PASS","actual":152,"expected":152}
{"type":"check","audit":"oda-analysis:v134","name":"D011_SOURCE_PAYLOAD","status":"PASS","actual":{"errors":[],"rows":400},"expected":{"errors":[],"rows":400}}
{"type":"check","audit":"oda-analysis:v134","name":"D011_PROVIDER_COUNT","status":"PASS","actual":48,"expected":"> 0"}
{"type":"check","audit":"oda-analysis:v134","name":"D011_SUB_PROVIDER_COUNT","status":"PASS","actual":28,"expected":28}
{"type":"check","audit":"oda-analysis:v134","name":"D011_POPULATED_RECONCILIATION","status":"PASS","actual":354,"expected":354}
{"type":"check","audit":"oda-analysis:v134","name":"D011_TOTAL_YEAR_RANGE","status":"PASS","actual":[2020,2021,2022,2023,2024],"expected":[2020,2021,2022,2023,2024]}
{"type":"check","audit":"oda-analysis:v134","name":"D011_TOTAL_SERIES","status":"PASS","actual":5,"expected":5}
{"type":"check","audit":"oda-analysis:v134","name":"D011_SPECIALIZED_RENDERER","status":"PASS","actual":"OdaProviderAnalysisV134 + D-011","expected":"wired"}
{"type":"check","audit":"oda-analysis:v134","name":"D011_PROVIDER_RANKING_CONTRACT","status":"PASS","actual":true,"expected":true}
{"type":"check","audit":"oda-analysis:v134","name":"D011_TOTAL_TREND_CONTRACT","status":"PASS","actual":true,"expected":true}
{"type":"check","audit":"oda-analysis:v134","name":"D011_PROVIDER_TREND_CONTRACT","status":"PASS","actual":true,"expected":true}
{"type":"check","audit":"oda-analysis:v134","name":"D011_RUNTIME_MOUNT","status":"PASS","actual":{"runtimeFailure":null,"snapshot":{"mounted":true,"providerOptionCount":48,"totalTrend":true,"rankingCount":11,"providerTrend":true,"detailTable":true,"detailTableRowCount":354,"detailTableGlossaryControlCount":4,"populatedRowCount":354,"subProviderRowCount":115,"oecdVisible":true,"yearRangeVisible":true,"rawCategoryCodeVisible":false,"internalCodeVisible":false}},"expected":{"runtimeFailure":null,"mounted":true}}
{"type":"check","audit":"oda-analysis:v134","name":"D011_PROVIDER_RANKING","status":"PASS","actual":11,"expected":">= 10"}
{"type":"check","audit":"oda-analysis:v134","name":"D011_TOTAL_TREND","status":"PASS","actual":true,"expected":true}
{"type":"check","audit":"oda-analysis:v134","name":"D011_PROVIDER_TREND","status":"PASS","actual":true,"expected":true}
{"type":"check","audit":"oda-analysis:v134","name":"D011_PROVIDER_SELECTOR","status":"PASS","actual":48,"expected":48}
{"type":"check","audit":"oda-analysis:v134","name":"D011_PUBLIC_ROW_RECONCILIATION","status":"PASS","actual":{"mounted":true,"providerOptionCount":48,"totalTrend":true,"rankingCount":11,"providerTrend":true,"detailTable":true,"detailTableRowCount":354,"detailTableGlossaryControlCount":4,"populatedRowCount":354,"subProviderRowCount":115,"oecdVisible":true,"yearRangeVisible":true,"rawCategoryCodeVisible":false,"internalCodeVisible":false},"expected":{"detailTableRowCount":354,"populatedRowCount":354,"subProviderRowCount":115}}
{"type":"check","audit":"oda-analysis:v134","name":"D011_PUBLIC_METADATA","status":"PASS","actual":{"mounted":true,"providerOptionCount":48,"totalTrend":true,"rankingCount":11,"providerTrend":true,"detailTable":true,"detailTableRowCount":354,"detailTableGlossaryControlCount":4,"populatedRowCount":354,"subProviderRowCount":115,"oecdVisible":true,"yearRangeVisible":true,"rawCategoryCodeVisible":false,"internalCodeVisible":false},"expected":"OECD + 2020–2024 + detail table"}
{"type":"check","audit":"oda-analysis:v134","name":"D011_RAW_CATEGORY_CODE_VISIBLE","status":"PASS","actual":false,"expected":false}
{"type":"check","audit":"oda-analysis:v134","name":"D011_INTERNAL_CODE_VISIBLE","status":"PASS","actual":false,"expected":false}
{"type":"check","audit":"oda-analysis:v134","name":"D011_DETAIL_TABLE_GLOSSARY_CONTROL_DENSITY","status":"PASS","actual":4,"expected":"1–4 adjacent help controls; no per-row repetition"}
{"type":"check","audit":"oda-analysis:v134","name":"BROKEN_ASSET","status":"PASS","actual":[],"expected":[]}
{"type":"check","audit":"oda-analysis:v134","name":"CONSOLE_ERROR","status":"PASS","actual":[],"expected":[]}
{"type":"summary","audit":"oda-analysis:v134","status":"PASS","passed":23,"failed":0,"total":23,"failedChecks":[],"odaProviderCount":48,"odaYearRange":"2020–2024","totalObservationCount":5,"runtimeFailure":null}
{"type":"command-end","command":"npm run audit:oda-analysis:v134","exitCode":0,"timedOut":false,"elapsedMs":6648}
{"type":"command-start","command":"npm run audit:drought-analysis:v134","timeoutMs":600000,"time":"2026-09-29T02:33:17.317Z"}

> react-typescript@1.0.0 audit:drought-analysis:v134
> node scripts/audit-vietnam-drought-analysis-v134.mjs

{"type":"check","audit":"drought-analysis:v134","name":"FRAMEWORK_ELEMENTS","status":"PASS","actual":152,"expected":152}
{"type":"check","audit":"drought-analysis:v134","name":"B005_SOURCE_PAYLOAD","status":"PASS","actual":{"errors":[],"rows":31688},"expected":{"errors":[],"rows":31688}}
{"type":"check","audit":"drought-analysis:v134","name":"B005_SPEI_DELIVERED","status":"PASS","actual":{"rows":30877,"years":[1951,2100]},"expected":{"rows":"> 0","years":"stated by the delivery"}}
{"type":"check","audit":"drought-analysis:v134","name":"B005_CDD_DELIVERED","status":"PASS","actual":{"rows":26004,"years":[1950,2100]},"expected":{"rows":"> 0","years":"stated by the delivery"}}
{"type":"check","audit":"drought-analysis:v134","name":"B005_SCENARIO_COUNT","status":"PASS","actual":["historical","ssp119","ssp126","ssp245","ssp370","ssp585"],"expected":{"historical":true,"projections":">= 2"}}
{"type":"check","audit":"drought-analysis:v134","name":"B005_SCENARIO_RENDERER","status":"PASS","actual":"PublicRegionScenarioSummaryV138 wired","expected":"wired"}
{"type":"check","audit":"drought-analysis:v134","name":"B005_NO_DERIVED_NATIONAL_MEAN","status":"PASS","actual":true,"expected":true}
{"type":"check","audit":"drought-analysis:v134","name":"B005_RUNTIME_MOUNT","status":"PASS","actual":{"runtimeFailure":null,"mounted":true,"emptyClaim":false},"expected":{"runtimeFailure":null,"mounted":true,"emptyClaim":false}}
{"type":"check","audit":"drought-analysis:v134","name":"B005_SPEI_MEASURE_ON_SCREEN","status":"PASS","actual":"표준강수증발산지수(SPEI-12) (지수) · 1951~2100년 · 성·시 값의 분위 · 처음·마지막 연도와 변화","expected":"SPEI with 1951~2100"}
{"type":"check","audit":"drought-analysis:v134","name":"B005_SPEI_MEANING_VISIBLE","status":"PASS","actual":true,"expected":true}
{"type":"check","audit":"drought-analysis:v134","name":"B005_SCENARIO_TREND","status":"PASS","actual":{"shown":["과거 모형(historical)","SSP1-1.9","SSP1-2.6","SSP2-4.5","SSP3-7.0","SSP5-8.5"],"missing":[]},"expected":{"shown":["과거 모형(historical)","SSP1-1.9","SSP1-2.6","SSP2-4.5","SSP3-7.0","SSP5-8.5"],"missing":[]}}
{"type":"check","audit":"drought-analysis:v134","name":"B005_REGION_DISTRIBUTION","status":"PASS","actual":{"shown":[63,62,60,61,51,47,43,4,39,37,36,35,34,33,3,29,28,27,26,25,22,2,19,18,16,13,12,11,1,9,8,7,5,6],"delivered":64},"expected":{"shown":"<= 64","delivered":64}}
{"type":"check","audit":"drought-analysis:v134","name":"B005_ZERO_IMPUTATION","status":"PASS","actual":false,"expected":false}
{"type":"check","audit":"drought-analysis:v134","name":"B005_ARBITRARY_THRESHOLD","status":"PASS","actual":false,"expected":false}
{"type":"check","audit":"drought-analysis:v134","name":"B005_INTERNAL_CODE_VISIBLE","status":"PASS","actual":false,"expected":false}
{"type":"check","audit":"drought-analysis:v134","name":"BROKEN_ASSET","status":"PASS","actual":[],"expected":[]}
{"type":"check","audit":"drought-analysis:v134","name":"CONSOLE_ERROR","status":"PASS","actual":[],"expected":[]}
{"type":"summary","audit":"drought-analysis:v134","status":"PASS","passed":17,"failed":0,"total":17,"failedChecks":[],"speiYearRange":"1951–2100","cddYearRange":"1950–2100","speiScenarioCount":6,"speiScenarioLabels":["과거 모형(historical)","SSP1-1.9","SSP1-2.6","SSP2-4.5","SSP3-7.0","SSP5-8.5"],"speiRegionCount":64,"publishedRows":31688,"runtimeFailure":null}
{"type":"command-end","command":"npm run audit:drought-analysis:v134","exitCode":0,"timedOut":false,"elapsedMs":8089}
{"type":"command-start","command":"npm run audit:public-copy:v134","timeoutMs":600000,"time":"2026-09-29T02:33:25.407Z"}

> react-typescript@1.0.0 audit:public-copy:v134
> node scripts/audit-vietnam-public-copy-v134.mjs

{"type":"progress","audit":"public-copy:v134","route":"A-001","elapsedMs":1003}
{"type":"progress","audit":"public-copy:v134","route":"A-002","elapsedMs":1061}
{"type":"progress","audit":"public-copy:v134","route":"A-003","elapsedMs":1135}
{"type":"progress","audit":"public-copy:v134","route":"A-004","elapsedMs":1047}
{"type":"progress","audit":"public-copy:v134","route":"A-005","elapsedMs":1224}
{"type":"progress","audit":"public-copy:v134","route":"A-006","elapsedMs":1187}
{"type":"progress","audit":"public-copy:v134","route":"A-007","elapsedMs":1158}
{"type":"progress","audit":"public-copy:v134","route":"A-008","elapsedMs":1263}
{"type":"progress","audit":"public-copy:v134","route":"A-009","elapsedMs":1117}
{"type":"progress","audit":"public-copy:v134","route":"A-010","elapsedMs":1468}
{"type":"progress","audit":"public-copy:v134","route":"A-011","elapsedMs":1308}
{"type":"progress","audit":"public-copy:v134","route":"A-012","elapsedMs":1319}
{"type":"progress","audit":"public-copy:v134","route":"A-013","elapsedMs":1261}
{"type":"progress","audit":"public-copy:v134","route":"A-014","elapsedMs":1267}
{"type":"progress","audit":"public-copy:v134","route":"A-015","elapsedMs":1122}
{"type":"progress","audit":"public-copy:v134","route":"A-016","elapsedMs":1233}
{"type":"progress","audit":"public-copy:v134","route":"A-018","elapsedMs":1104}
{"type":"progress","audit":"public-copy:v134","route":"A-019","elapsedMs":1112}
{"type":"progress","audit":"public-copy:v134","route":"A-020","elapsedMs":1227}
{"type":"progress","audit":"public-copy:v134","route":"A-021","elapsedMs":1243}
{"type":"progress","audit":"public-copy:v134","route":"A-022","elapsedMs":1127}
{"type":"progress","audit":"public-copy:v134","route":"A-023","elapsedMs":1335}
{"type":"progress","audit":"public-copy:v134","route":"A-024","elapsedMs":1176}
{"type":"progress","audit":"public-copy:v134","route":"A-025","elapsedMs":1057}
{"type":"command-running","command":"npm run audit:public-copy:v134","elapsedMs":30030}
{"type":"progress","audit":"public-copy:v134","route":"A-026","elapsedMs":1102}
{"type":"progress","audit":"public-copy:v134","route":"A-027","elapsedMs":1240}
{"type":"progress","audit":"public-copy:v134","route":"A-028","elapsedMs":1077}
{"type":"progress","audit":"public-copy:v134","route":"A-029","elapsedMs":1044}
{"type":"progress","audit":"public-copy:v134","route":"A-030","elapsedMs":1144}
{"type":"progress","audit":"public-copy:v134","route":"A-031","elapsedMs":1248}
{"type":"progress","audit":"public-copy:v134","route":"A-032","elapsedMs":1200}
{"type":"progress","audit":"public-copy:v134","route":"A-033","elapsedMs":1253}
{"type":"progress","audit":"public-copy:v134","route":"B-001","elapsedMs":1168}
{"type":"progress","audit":"public-copy:v134","route":"B-002","elapsedMs":1140}
{"type":"progress","audit":"public-copy:v134","route":"B-003","elapsedMs":1482}
{"type":"progress","audit":"public-copy:v134","route":"B-004","elapsedMs":2288}
{"type":"progress","audit":"public-copy:v134","route":"B-005","elapsedMs":2200}
{"type":"progress","audit":"public-copy:v134","route":"B-006","elapsedMs":2161}
{"type":"progress","audit":"public-copy:v134","route":"B-007","elapsedMs":2176}
{"type":"progress","audit":"public-copy:v134","route":"B-008","elapsedMs":1290}
{"type":"progress","audit":"public-copy:v134","route":"B-009","elapsedMs":1361}
{"type":"progress","audit":"public-copy:v134","route":"B-010","elapsedMs":1160}
{"type":"progress","audit":"public-copy:v134","route":"B-011","elapsedMs":1334}
{"type":"progress","audit":"public-copy:v134","route":"B-012","elapsedMs":1203}
{"type":"progress","audit":"public-copy:v134","route":"B-013","elapsedMs":1244}
{"type":"command-running","command":"npm run audit:public-copy:v134","elapsedMs":60035}
{"type":"progress","audit":"public-copy:v134","route":"B-014","elapsedMs":1190}
{"type":"progress","audit":"public-copy:v134","route":"B-015","elapsedMs":1227}
{"type":"progress","audit":"public-copy:v134","route":"B-016","elapsedMs":1246}
{"type":"progress","audit":"public-copy:v134","route":"B-017","elapsedMs":1450}
{"type":"progress","audit":"public-copy:v134","route":"B-018","elapsedMs":1354}
{"type":"progress","audit":"public-copy:v134","route":"B-019","elapsedMs":1211}
{"type":"progress","audit":"public-copy:v134","route":"B-020","elapsedMs":1290}
{"type":"progress","audit":"public-copy:v134","route":"B-021","elapsedMs":1511}
{"type":"progress","audit":"public-copy:v134","route":"B-022","elapsedMs":1353}
{"type":"progress","audit":"public-copy:v134","route":"B-023","elapsedMs":1195}
{"type":"progress","audit":"public-copy:v134","route":"B-024","elapsedMs":1245}
{"type":"progress","audit":"public-copy:v134","route":"B-025","elapsedMs":1118}
{"type":"progress","audit":"public-copy:v134","route":"B-026","elapsedMs":1113}
{"type":"progress","audit":"public-copy:v134","route":"B-027","elapsedMs":1149}
{"type":"progress","audit":"public-copy:v134","route":"B-028","elapsedMs":1070}
{"type":"progress","audit":"public-copy:v134","route":"B-029","elapsedMs":1251}
{"type":"progress","audit":"public-copy:v134","route":"B-030","elapsedMs":1233}
{"type":"progress","audit":"public-copy:v134","route":"B-031","elapsedMs":1243}
{"type":"progress","audit":"public-copy:v134","route":"B-032","elapsedMs":1215}
{"type":"progress","audit":"public-copy:v134","route":"B-033","elapsedMs":1316}
{"type":"progress","audit":"public-copy:v134","route":"B-034","elapsedMs":1253}
{"type":"progress","audit":"public-copy:v134","route":"B-035","elapsedMs":1295}
{"type":"progress","audit":"public-copy:v134","route":"B-036","elapsedMs":1361}
{"type":"progress","audit":"public-copy:v134","route":"B-037","elapsedMs":1312}
{"type":"command-running","command":"npm run audit:public-copy:v134","elapsedMs":90052}
{"type":"progress","audit":"public-copy:v134","route":"B-038","elapsedMs":1638}
{"type":"progress","audit":"public-copy:v134","route":"B-039","elapsedMs":1284}
{"type":"progress","audit":"public-copy:v134","route":"B-040","elapsedMs":1151}
{"type":"progress","audit":"public-copy:v134","route":"B-041","elapsedMs":1086}
{"type":"progress","audit":"public-copy:v134","route":"B-042","elapsedMs":1172}
{"type":"progress","audit":"public-copy:v134","route":"B-043","elapsedMs":1158}
{"type":"progress","audit":"public-copy:v134","route":"B-044","elapsedMs":1058}
{"type":"progress","audit":"public-copy:v134","route":"B-045","elapsedMs":1116}
{"type":"progress","audit":"public-copy:v134","route":"B-046","elapsedMs":1153}
{"type":"progress","audit":"public-copy:v134","route":"B-047","elapsedMs":1153}
{"type":"progress","audit":"public-copy:v134","route":"B-048","elapsedMs":1227}
{"type":"progress","audit":"public-copy:v134","route":"C-001","elapsedMs":1149}
{"type":"progress","audit":"public-copy:v134","route":"C-002","elapsedMs":1163}
{"type":"progress","audit":"public-copy:v134","route":"C-003","elapsedMs":1241}
{"type":"progress","audit":"public-copy:v134","route":"C-004","elapsedMs":1173}
{"type":"progress","audit":"public-copy:v134","route":"C-005","elapsedMs":1231}
{"type":"progress","audit":"public-copy:v134","route":"C-006","elapsedMs":1192}
{"type":"progress","audit":"public-copy:v134","route":"C-007","elapsedMs":1269}
{"type":"progress","audit":"public-copy:v134","route":"C-008","elapsedMs":1422}
{"type":"progress","audit":"public-copy:v134","route":"C-009","elapsedMs":1372}
{"type":"progress","audit":"public-copy:v134","route":"C-010","elapsedMs":1269}
{"type":"progress","audit":"public-copy:v134","route":"C-011","elapsedMs":1143}
{"type":"progress","audit":"public-copy:v134","route":"C-012","elapsedMs":1425}
{"type":"progress","audit":"public-copy:v134","route":"C-013","elapsedMs":1630}
{"type":"command-running","command":"npm run audit:public-copy:v134","elapsedMs":120061}
{"type":"progress","audit":"public-copy:v134","route":"C-014","elapsedMs":1421}
{"type":"progress","audit":"public-copy:v134","route":"C-016","elapsedMs":1359}
{"type":"progress","audit":"public-copy:v134","route":"C-017","elapsedMs":1365}
{"type":"progress","audit":"public-copy:v134","route":"C-018","elapsedMs":1335}
{"type":"progress","audit":"public-copy:v134","route":"C-019","elapsedMs":1590}
{"type":"progress","audit":"public-copy:v134","route":"C-021","elapsedMs":1520}
{"type":"progress","audit":"public-copy:v134","route":"C-022","elapsedMs":1421}
{"type":"progress","audit":"public-copy:v134","route":"C-024","elapsedMs":1240}
{"type":"progress","audit":"public-copy:v134","route":"C-025","elapsedMs":1654}
{"type":"progress","audit":"public-copy:v134","route":"D-001","elapsedMs":1156}
{"type":"progress","audit":"public-copy:v134","route":"D-002","elapsedMs":1105}
{"type":"progress","audit":"public-copy:v134","route":"D-003","elapsedMs":1176}
{"type":"progress","audit":"public-copy:v134","route":"D-004","elapsedMs":1145}
{"type":"progress","audit":"public-copy:v134","route":"D-005","elapsedMs":1314}
{"type":"progress","audit":"public-copy:v134","route":"D-006","elapsedMs":1269}
{"type":"progress","audit":"public-copy:v134","route":"D-007","elapsedMs":1145}
{"type":"progress","audit":"public-copy:v134","route":"D-008","elapsedMs":1414}
{"type":"progress","audit":"public-copy:v134","route":"D-009","elapsedMs":1165}
{"type":"progress","audit":"public-copy:v134","route":"D-010","elapsedMs":1132}
{"type":"progress","audit":"public-copy:v134","route":"D-011","elapsedMs":1154}
{"type":"progress","audit":"public-copy:v134","route":"D-012","elapsedMs":1132}
{"type":"progress","audit":"public-copy:v134","route":"D-013","elapsedMs":1282}
{"type":"progress","audit":"public-copy:v134","route":"D-014","elapsedMs":1645}
{"type":"command-running","command":"npm run audit:public-copy:v134","elapsedMs":150071}
{"type":"progress","audit":"public-copy:v134","route":"D-015","elapsedMs":1784}
{"type":"progress","audit":"public-copy:v134","route":"D-016","elapsedMs":1715}
{"type":"progress","audit":"public-copy:v134","route":"D-017","elapsedMs":1701}
{"type":"progress","audit":"public-copy:v134","route":"D-018","elapsedMs":1290}
{"type":"progress","audit":"public-copy:v134","route":"D-019","elapsedMs":1328}
{"type":"progress","audit":"public-copy:v134","route":"D-020","elapsedMs":1296}
{"type":"progress","audit":"public-copy:v134","route":"D-021","elapsedMs":1430}
{"type":"progress","audit":"public-copy:v134","route":"D-022","elapsedMs":1481}
{"type":"progress","audit":"public-copy:v134","route":"D-023","elapsedMs":1242}
{"type":"progress","audit":"public-copy:v134","route":"D-025","elapsedMs":1499}
{"type":"progress","audit":"public-copy:v134","route":"D-026","elapsedMs":1294}
{"type":"progress","audit":"public-copy:v134","route":"E-001","elapsedMs":1347}
{"type":"progress","audit":"public-copy:v134","route":"E-002","elapsedMs":1175}
{"type":"progress","audit":"public-copy:v134","route":"E-003","elapsedMs":1216}
{"type":"progress","audit":"public-copy:v134","route":"E-004","elapsedMs":1290}
{"type":"progress","audit":"public-copy:v134","route":"E-005","elapsedMs":1210}
{"type":"progress","audit":"public-copy:v134","route":"E-006","elapsedMs":1224}
{"type":"progress","audit":"public-copy:v134","route":"E-007","elapsedMs":1173}
{"type":"progress","audit":"public-copy:v134","route":"E-009","elapsedMs":1170}
{"type":"progress","audit":"public-copy:v134","route":"E-010","elapsedMs":1194}
{"type":"progress","audit":"public-copy:v134","route":"E-012","elapsedMs":1208}
{"type":"progress","audit":"public-copy:v134","route":"E-014","elapsedMs":1098}
{"type":"progress","audit":"public-copy:v134","route":"E-015","elapsedMs":1128}
{"type":"command-running","command":"npm run audit:public-copy:v134","elapsedMs":180072}
{"type":"progress","audit":"public-copy:v134","route":"E-018","elapsedMs":1197}
{"type":"progress","audit":"public-copy:v134","route":"E-019","elapsedMs":1134}
{"type":"progress","audit":"public-copy:v134","route":"E-020","elapsedMs":1290}
{"type":"check","audit":"public-copy:v134","name":"FRAMEWORK_ELEMENTS","status":"PASS","actual":152,"expected":152}
{"type":"check","audit":"public-copy:v134","name":"PUBLIC_ANALYSIS_HEADING_COVERAGE","status":"PASS","actual":{"count":152,"duplicateIds":[],"missingElements":[]},"expected":{"count":152,"duplicateIds":[],"missingElements":[]}}
{"type":"check","audit":"public-copy:v134","name":"PUBLIC_ANALYSIS_HEADING_FIELDS","status":"PASS","actual":[],"expected":[]}
{"type":"check","audit":"public-copy:v134","name":"ANALYSIS_TITLE_NOT_DATASET_TITLE","status":"PASS","actual":[],"expected":[]}
{"type":"check","audit":"public-copy:v134","name":"STATUS_ONLY_COPY_PROMISES_NO_FAKE_ANALYSIS","status":"PASS","actual":[],"expected":[]}
{"type":"check","audit":"public-copy:v134","name":"GENERIC_COPY_STATIC","status":"PASS","actual":[],"expected":[]}
{"type":"check","audit":"public-copy:v134","name":"SAFE_DIMENSION_COPY_DOES_NOT_RESURRECT_REJECTED_RAW_TEXT","status":"PASS","actual":true,"expected":true}
{"type":"check","audit":"public-copy:v134","name":"DETAIL_ROUTE_RUNTIME_COVERAGE","status":"PASS","actual":{"inspectedRoutes":142,"routeFailures":[],"runtimeFailure":null},"expected":{"inspectedRoutes":142,"routeFailures":[]}}
{"type":"check","audit":"public-copy:v134","name":"GENERIC_ANALYSIS_COPY_COUNT","status":"PASS","actual":[],"expected":[]}
{"type":"check","audit":"public-copy:v134","name":"DATA_SPECIFIC_TITLE_MATCH","status":"PASS","actual":[],"expected":[]}
{"type":"check","audit":"public-copy:v134","name":"PAGE_AND_ANALYSIS_HEADING_DISTINCT","status":"PASS","actual":[],"expected":[]}
{"type":"check","audit":"public-copy:v134","name":"BROKEN_ASSET","status":"PASS","actual":[],"expected":[]}
{"type":"check","audit":"public-copy:v134","name":"CONSOLE_ERROR","status":"PASS","actual":[],"expected":[]}
{"type":"summary","audit":"public-copy:v134","status":"PASS","passed":13,"failed":0,"total":13,"failedChecks":[],"headingCount":152,"genericPublicCopyCount":0,"titleMismatchCount":0,"repeatedRuntimeHeadingCount":0,"inspectedRoutes":142,"runtimeFailure":null}
{"type":"command-end","command":"npm run audit:public-copy:v134","exitCode":0,"timedOut":false,"elapsedMs":184600}
{"type":"command-start","command":"npm run audit:visual-qa-contract:v134","timeoutMs":600000,"time":"2026-09-29T02:36:30.008Z"}

> react-typescript@1.0.0 audit:visual-qa-contract:v134
> node scripts/audit-vietnam-visual-qa-contract-v134.mjs

{"type":"check","name":"V134_VISUAL_QA_SCRIPT_CONTRACT","status":"PASS","actual":2,"expected":2,"details":[]}
{"type":"check","name":"SCREENSHOT_CAPTURE_IS_RELEASE_BLOCKER","status":"PASS","actual":false,"expected":false,"details":[]}
{"type":"check","name":"FUNCTIONAL_BROWSER_AUDIT_IS_RELEASE_BLOCKER","status":"PASS","actual":{"generatedData":true,"mapFocus":true,"mapPopup":true,"mapLayerDistinction":true,"mapClickDetail":true},"expected":{"generatedData":true,"mapFocus":true,"mapPopup":true,"mapLayerDistinction":true,"mapClickDetail":true}}
{"type":"check","name":"CI_BLOCKING_RELEASE_JOB","status":"PASS","actual":{"finalizeCurrentGate":true,"productionBuild":true,"noScreenshotCapture":true,"currentReports":true},"expected":{"finalizeCurrentGate":true,"productionBuild":true,"noScreenshotCapture":true,"currentReports":true}}
{"type":"check","name":"PAGES_BLOCKING_RELEASE_JOB","status":"PASS","actual":{"finalizeCurrentGate":true,"productionBuild":true,"noScreenshotCapture":true,"currentReports":true},"expected":{"finalizeCurrentGate":true,"productionBuild":true,"noScreenshotCapture":true,"currentReports":true}}
{"type":"check","name":"NON_BLOCKING_VISUAL_QA_WORKFLOW","status":"PASS","actual":{"separateWorkflow":true,"productionBuild":true,"captureCurrentScreenshots":true,"captureContinuesOnError":true,"artifactAlwaysUploaded":true,"artifactPath":true,"noFinalizeDependency":true},"expected":{"separateWorkflow":true,"productionBuild":true,"captureCurrentScreenshots":true,"captureContinuesOnError":true,"artifactAlwaysUploaded":true,"artifactPath":true,"noFinalizeDependency":true}}
{"type":"summary","status":"PASS","passed":6,"failed":0,"total":6,"failedChecks":[]}
{"type":"command-end","command":"npm run audit:visual-qa-contract:v134","exitCode":0,"timedOut":false,"elapsedMs":656}
{"type":"command-start","command":"npm run audit:finder-card:v135","timeoutMs":600000,"time":"2026-09-29T02:36:30.665Z"}

> react-typescript@1.0.0 audit:finder-card:v135
> node scripts/audit-vietnam-finder-card-v135.mjs

{"type":"check","audit":"finder-card:v135","name":"FRAMEWORK_ELEMENTS","status":"PASS","actual":152,"expected":152}
{"type":"check","audit":"finder-card:v135","name":"FINDER_CARD_RUNTIME_COVERAGE","status":"PASS","actual":{"runtimeFailure":null,"cardCount":141},"expected":{"cardCount":141}}
{"type":"check","audit":"finder-card:v135","name":"FINDER_INTERNAL_METADATA_COUNT","status":"PASS","actual":[],"expected":[]}
{"type":"check","audit":"finder-card:v135","name":"FINDER_DUPLICATE_MEASURE_TITLE_COUNT","status":"PASS","actual":[],"expected":[]}
{"type":"check","audit":"finder-card:v135","name":"GENERIC_FINDER_DESCRIPTION_COUNT","status":"PASS","actual":[],"expected":[]}
{"type":"check","audit":"finder-card:v135","name":"FINDER_BLANK_PUBLIC_TITLE_COUNT","status":"PASS","actual":[],"expected":[]}
{"type":"check","audit":"finder-card:v135","name":"FINDER_PRIMARY_ACTION_COVERAGE","status":"PASS","actual":[],"expected":[]}
{"type":"check","audit":"finder-card:v135","name":"FINDER_TAG_MAXIMUM","status":"PASS","actual":[],"expected":[]}
{"type":"check","audit":"finder-card:v135","name":"FINDER_BROKEN_ACTION","status":"PASS","actual":[],"expected":[]}
{"type":"check","audit":"finder-card:v135","name":"FINDER_HORIZONTAL_OVERFLOW","status":"PASS","actual":-15,"expected":"<=1px"}
{"type":"check","audit":"finder-card:v135","name":"BROKEN_ASSET","status":"PASS","actual":[],"expected":[]}
{"type":"check","audit":"finder-card:v135","name":"CONSOLE_ERROR","status":"PASS","actual":[],"expected":[]}
{"type":"summary","audit":"finder-card:v135","status":"PASS","passed":12,"failed":0,"total":12,"failedChecks":[],"cardCount":141,"finderInternalMetadataCount":0,"finderDuplicateMeasureTitleCount":0,"genericFinderDescriptionCount":0,"finderDescriptionCoverage":141,"runtimeFailure":null}
{"type":"command-end","command":"npm run audit:finder-card:v135","exitCode":0,"timedOut":false,"elapsedMs":6511}
{"type":"command-start","command":"npm run audit:temporal-depth:v135","timeoutMs":600000,"time":"2026-09-29T02:36:37.178Z"}

> react-typescript@1.0.0 audit:temporal-depth:v135
> node scripts/audit-vietnam-temporal-depth-v135.mjs

{"type":"command-running","command":"npm run audit:temporal-depth:v135","elapsedMs":30022}
{"type":"check","audit":"temporal-depth:v135","name":"FRAMEWORK_ELEMENTS","status":"PASS","actual":152,"expected":152}
{"type":"check","audit":"temporal-depth:v135","name":"TEMPORAL_RUNTIME_COVERAGE","status":"PASS","actual":{"runtimeFailure":null,"routeCount":142,"routeFailures":[]},"expected":{"routeCount":142,"routeFailures":[]}}
{"type":"check","audit":"temporal-depth:v135","name":"TEMPORAL_DEPTH_MARKER_COVERAGE","status":"PASS","actual":[],"expected":[]}
{"type":"check","audit":"temporal-depth:v135","name":"TEMPORAL_DEPTH_CONTRACT_MATCH","status":"PASS","actual":[],"expected":[]}
{"type":"check","audit":"temporal-depth:v135","name":"SINGLE_YEAR_TIME_SERIES_COUNT","status":"PASS","actual":[],"expected":[]}
{"type":"check","audit":"temporal-depth:v135","name":"TWO_YEAR_GENERIC_TREND_COUNT","status":"PASS","actual":[],"expected":[]}
{"type":"check","audit":"temporal-depth:v135","name":"ONE_POINT_CHART_COUNT","status":"PASS","actual":[],"expected":[]}
{"type":"check","audit":"temporal-depth:v135","name":"STATUS_ONLY_TEMPORAL_VISUAL_COUNT","status":"PASS","actual":[],"expected":[]}
{"type":"check","audit":"temporal-depth:v135","name":"GHG_ANALYTICAL_VIEW","status":"PASS","actual":{"sectorGasObservations":0,"sectorGasView":{"present":false,"rawMatrixPrimary":null},"inventoryValid":true,"inventoryPresentation":"kpi-tiles-v159","analyticalView":false,"rawTableIsPrimary":false},"expected":{"inventoryValid || analyticalView":true,"rawTableIsPrimary":false}}
{"type":"check","audit":"temporal-depth:v135","name":"BROKEN_ASSET","status":"PASS","actual":[],"expected":[]}
{"type":"check","audit":"temporal-depth:v135","name":"CONSOLE_ERROR","status":"PASS","actual":[],"expected":[]}
{"type":"summary","audit":"temporal-depth:v135","status":"PASS","passed":11,"failed":0,"total":11,"failedChecks":[],"inspectedRoutes":142,"temporalDepthCounts":{"single-year":25,"two-year":9,"time-series":37,"scenario":3,"non-temporal":68},"singleYearTimeSeriesCount":0,"twoYearGenericTrendCount":0,"onePointChartCount":0,"rawMatrixAsPrimaryCount":0,"runtimeFailure":null}
{"type":"command-end","command":"npm run audit:temporal-depth:v135","exitCode":0,"timedOut":false,"elapsedMs":43444}
{"type":"command-start","command":"npm run audit:detail-hierarchy:v135","timeoutMs":600000,"time":"2026-09-29T02:37:20.624Z"}

> react-typescript@1.0.0 audit:detail-hierarchy:v135
> node scripts/audit-vietnam-detail-hierarchy-v135.mjs

{"type":"command-running","command":"npm run audit:detail-hierarchy:v135","elapsedMs":30032}
{"type":"check","audit":"detail-hierarchy:v135","name":"FRAMEWORK_ELEMENTS","status":"PASS","actual":152,"expected":152}
{"type":"check","audit":"detail-hierarchy:v135","name":"DETAIL_ROUTE_RUNTIME_COVERAGE","status":"PASS","actual":{"runtimeFailure":null,"routeCount":142,"routeFailures":[]},"expected":{"routeCount":142,"routeFailures":[]}}
{"type":"check","audit":"detail-hierarchy:v135","name":"DETAIL_PUBLIC_TITLE_COVERAGE","status":"PASS","actual":[],"expected":[]}
{"type":"check","audit":"detail-hierarchy:v135","name":"DETAIL_PRIMARY_ANALYSIS_COVERAGE","status":"PASS","actual":[],"expected":[]}
{"type":"check","audit":"detail-hierarchy:v135","name":"DETAIL_METADATA_MARKER_COVERAGE","status":"PASS","actual":[],"expected":[]}
{"type":"check","audit":"detail-hierarchy:v135","name":"DETAIL_METADATA_BEFORE_ANALYSIS_COUNT","status":"PASS","actual":[],"expected":[]}
{"type":"check","audit":"detail-hierarchy:v135","name":"RAW_TABLE_BEFORE_ANALYSIS_COUNT","status":"PASS","actual":[],"expected":[]}
{"type":"check","audit":"detail-hierarchy:v135","name":"RAW_MATRIX_AS_PRIMARY_COUNT","status":"PASS","actual":[],"expected":[]}
{"type":"check","audit":"detail-hierarchy:v135","name":"PORTFOLIO_LIST_BEFORE_SUMMARY_COUNT","status":"PASS","actual":[],"expected":[]}
{"type":"check","audit":"detail-hierarchy:v135","name":"GHG_ANALYTICAL_HIERARCHY","status":"PASS","actual":{"sectorGasObservations":0,"route":{"elementId":"C-002","title":"보고서에 수록된 배출량과 이행 정보","primary":true,"metadata":true,"primaryBeforeMetadata":true,"primaryBeforeRaw":true,"portfolioSummary":false,"portfolioList":false,"portfolioSummaryBeforeList":true,"ghgPresent":false,"rawMatrixPrimary":null,"genericRawMatrixHeading":false,"alert":""}},"expected":{"primary":true,"primaryBeforeRaw":true,"genericRawMatrixHeading":false}}
{"type":"check","audit":"detail-hierarchy:v135","name":"BROKEN_ASSET","status":"PASS","actual":[],"expected":[]}
{"type":"check","audit":"detail-hierarchy:v135","name":"CONSOLE_ERROR","status":"PASS","actual":[],"expected":[]}
{"type":"summary","audit":"detail-hierarchy:v135","status":"PASS","passed":12,"failed":0,"total":12,"failedChecks":[],"inspectedRoutes":142,"detailMetadataBeforeAnalysisCount":0,"rawMatrixAsPrimaryCount":0,"portfolioListBeforeSummaryCount":0,"runtimeFailure":null}
{"type":"command-end","command":"npm run audit:detail-hierarchy:v135","exitCode":0,"timedOut":false,"elapsedMs":40708}
{"type":"command-start","command":"npm run audit:map-guide:v135","timeoutMs":600000,"time":"2026-09-29T02:38:01.333Z"}

> react-typescript@1.0.0 audit:map-guide:v135
> node scripts/audit-vietnam-map-guide-v135.mjs

{"type":"check","audit":"map-guide:v135","name":"MAP_GUIDE_RUNTIME","status":"PASS","actual":{"runtimeFailure":null,"snapshotPresent":true},"expected":{"snapshotPresent":true}}
{"type":"check","audit":"map-guide:v135","name":"MAP_GUIDE_DEFAULT_OPEN","status":"PASS","actual":false,"expected":false}
{"type":"check","audit":"map-guide:v135","name":"MAP_GUIDE_ROW_COUNT","status":"PASS","actual":42,"expected":42}
{"type":"check","audit":"map-guide:v135","name":"MAP_GUIDE_COLUMN_DATA_FUNCTION","status":"PASS","actual":["데이터명","지도 표시","기준기간","데이터 기능","참고사항","데이터명","지도 표시","기준기간","데이터 기능","참고사항","데이터명","지도 표시","기준기간","데이터 기능","참고사항","데이터명","지도 표시","기준기간","데이터 기능","참고사항","데이터명","지도 표시","기준기간","데이터 기능","참고사항","데이터명","지도 표시","기준기간","데이터 기능","참고사항","데이터명","지도 표시","기준기간","데이터 기능","참고사항"],"expected":"데이터 기능"}
{"type":"check","audit":"map-guide:v135","name":"MAP_GUIDE_COLUMN_REFERENCE","status":"PASS","actual":["데이터명","지도 표시","기준기간","데이터 기능","참고사항","데이터명","지도 표시","기준기간","데이터 기능","참고사항","데이터명","지도 표시","기준기간","데이터 기능","참고사항","데이터명","지도 표시","기준기간","데이터 기능","참고사항","데이터명","지도 표시","기준기간","데이터 기능","참고사항","데이터명","지도 표시","기준기간","데이터 기능","참고사항","데이터명","지도 표시","기준기간","데이터 기능","참고사항"],"expected":"참고사항"}
{"type":"check","audit":"map-guide:v135","name":"MAP_GUIDE_LEGACY_COLUMNS","status":"PASS","actual":["데이터명","지도 표시","기준기간","데이터 기능","참고사항","데이터명","지도 표시","기준기간","데이터 기능","참고사항","데이터명","지도 표시","기준기간","데이터 기능","참고사항","데이터명","지도 표시","기준기간","데이터 기능","참고사항","데이터명","지도 표시","기준기간","데이터 기능","참고사항","데이터명","지도 표시","기준기간","데이터 기능","참고사항","데이터명","지도 표시","기준기간","데이터 기능","참고사항"],"expected":"legacy columns absent"}
{"type":"check","audit":"map-guide:v135","name":"MAP_GUIDE_FUNCTION_COVERAGE","status":"PASS","actual":[],"expected":[]}
{"type":"check","audit":"map-guide:v135","name":"MAP_GUIDE_FUNCTION_COPY_STYLE","status":"PASS","actual":[],"expected":[]}
{"type":"check","audit":"map-guide:v135","name":"MAP_POLICY_PARAGRAPH_COUNT","status":"PASS","actual":[],"expected":[]}
{"type":"check","audit":"map-guide:v135","name":"MAP_PRESET_COUNT","status":"PASS","actual":0,"expected":0}
{"type":"check","audit":"map-guide:v135","name":"MAP_COUNTRY_INFO_BUTTON_COUNT","status":"PASS","actual":0,"expected":0}
{"type":"check","audit":"map-guide:v135","name":"BROKEN_ASSET","status":"PASS","actual":[],"expected":[]}
{"type":"check","audit":"map-guide:v135","name":"CONSOLE_ERROR","status":"PASS","actual":[],"expected":[]}
{"type":"summary","audit":"map-guide:v135","status":"PASS","passed":13,"failed":0,"total":13,"failedChecks":[],"mapGuideDefaultOpen":false,"mapGuideRowCount":42,"mapPolicyParagraphCount":0,"mapCountryInfoButtonCount":0,"runtimeFailure":null}
{"type":"command-end","command":"npm run audit:map-guide:v135","exitCode":0,"timedOut":false,"elapsedMs":2997}
{"type":"command-start","command":"npm run audit:map-access:v135","timeoutMs":600000,"time":"2026-09-29T02:38:04.331Z"}

> react-typescript@1.0.0 audit:map-access:v135
> node scripts/audit-vietnam-map-access-v135.mjs

{"type":"check","audit":"map-access:v135","name":"MAP_LAYER_COUNT","status":"PASS","actual":42,"expected":42}
{"type":"check","audit":"map-access:v135","name":"ALL_MAP_LAYER_ACCESS_COUNT","status":"PASS","actual":{"actualLayerIds":["A-023","A-024","B-003","B-004","B-008","B-012","B-021","B-033","B-037","B-039","B-041","B-042","C-016","C-025","D-018","E-004","E-005","E-006","E-018","E-019","A-025","B-040","B-005","B-006","B-007","B-023","B-025","B-028","B-048","B-029","B-030","B-031","B-032","B-034","C-024","C-009","C-010","C-012","C-013","C-019","C-022","D-008"],"missingLayers":[],"nonInteractive":[]},"expected":{"count":42,"missingLayers":[],"nonInteractive":[]}}
{"type":"check","audit":"map-access:v135","name":"MAP_PRESET_COUNT","status":"PASS","actual":0,"expected":0}
{"type":"check","audit":"map-access:v135","name":"MAP_ALL_DATA_GROUP_COUNT","status":"PASS","actual":["핵심 레이어20개발전소입지·발전원·설비용량 분포 · WRI(세계자원연구소) 2021i베트남 송전망선로 경로·전압별 분포 · 2016i연평균 기온·강수성·시 경계(개편 후 34개 기본 · 개편 전 63개 토글) · 2025i미래기후 전망(CMIP6)성·시 경계(개편 후 34개 기본 · 개편 전 63개 토글) · 2100i해수면 상승 전망관측소 점 · 2100i재해 이력사건 점 · 2024i지역 취약성권역별 취약성 수준 · 2023i연간 산림손실지역별 손실·연도 변화 · 2024i토지피복 분류별 면적성·시 경계(개편 후 34개 기본 · 개편 전 63개 토글) · 2021i수력 이론 잠재량성·시 경계(개편 후 34개 기본 · 개편 전 63개 토글) · 2017i태양광 자원성·시 경계(개편 후 34개 기본 · 개편 전 63개 토글) · 1999–2018 장기평균(LTA)i풍력 자원성·시 경계(개편 후 34개 기본 · 개편 전 63개 토글) · 2008–2017 장기평균(ERA5(유럽중기예보센터 제5세대 재분석자료) 기반)i재생에너지 지역계획성·시별 계획용량 · 2025-2030i탄소크레딧 사업위치·유형별 분포 · 2026i적응기금 사업참여지역·활동지역 · 2026i국제기구 현지사무소사무소 점(정밀도 표시) · 2026i대학·연구기관·NGO(비정부기구)기관 점(정밀도 표시) · 2026i현지 투자자 네트워크거점 점(정밀도 표시) · 2026i한국 기업 진출사업지 점(진출 상태·정밀도 표시) · 2026i한국 기관 사무소사무소 점(정밀도 표시) · 2026i","에너지·인프라2개CCS(탄소포집·저장) 시설·실증 및 후보지역시설·후보지 점 · 2026i지열 자원(심도별 지온)성·시 경계(개편 후 34개 기본 · 개편 전 63개 토글) · 2026i","기후·위험3개가뭄성·시 경계(개편 후 34개 기본 · 개편 전 63개 토글) · 2100i폭염성·시 경계(개편 후 34개 기본 · 개편 전 63개 토글) · 2100i극한강수성·시 경계(개편 후 34개 기본 · 개편 전 63개 토글) · 2100i","물·자원5개 · 준비 중 1물 스트레스위치자료 미확보 · 지도 표시 제외준비 중i건기·우기 유량 차이관측지점 점 · 유역 대표점 · 2026i유역면적유역 대표점 · 2026i하천유량관측지점 점 · 유역 대표점 · 2026i주요 광산위치·광종 분포 · 2022i","산림·토지6개이탄지 면적(산림 유형별 면적 중)성·시 경계(개편 후 34개 기본 · 개편 전 63개 토글) · 2022i산림 이득성·시 경계(개편 후 34개 기본 · 개편 전 63개 토글) · 2000–2020i산림 총면적성·시별 산림면적 · 2010i수관 피복률성·시별 수관피복률 · 2010i산림 탄소저장·배출·흡수량 · 2001–2024iREDD+(산림전용·산림황폐화 배출 감축 플러스) 사업 참여지역성·시 경계(개편 후 34개 기본 · 개편 전 63개 토글) · 2022i","정책·사업여건6개기후 법제도(지방 문서)성·시 경계(개편 후 34개 기본 · 개편 전 63개 토글) · 2021–2025i환경 법제도(지방 문서)성·시 경계(개편 후 34개 기본 · 개편 전 63개 토글) · 2021–2025iPPP(민관협력) 사업 이력34개 성·시 값을 소속 63개 경계에 동일 표시 · 1997–2024i외국인 투자 규정(지역 특별 인센티브)34개 성·시 값을 소속 63개 경계에 동일 표시 · 2014–2025i탄소시장 대상시설(인벤토리 의무)34개 성·시 값을 소속 63개 경계에 동일 표시 · 2026i탄소시장 대상시설 업종 구성34개 성·시 값을 소속 63개 경계에 동일 표시 · 2026i","국제사업·재원1개지역 기후예산성·시별 기후예산 규모 · 2010-2013i"],"expected":">=5"}
{"type":"check","audit":"map-access:v135","name":"LEFT_PANEL_POINTER_RESIZE_PASS","status":"PASS","actual":{"before":{"left":{"width":320,"left":0,"right":320},"map":{"width":1201,"left":332,"right":1533},"separator":{"width":12,"left":320,"top":71,"height":1034},"stored":[["cdp-map-right-panel-width-v150","360"],["cdp-map-backdrop-v151","terrain"],["cdp-map-left-panel-width-v150","320"],["cdp-map-boundary-system-v151","post-2025-34"]],"contextCount":0,"primary":"none"},"after":{"left":{"width":465,"left":0,"right":465},"map":{"width":1056,"left":477,"right":1533},"separator":{"width":12,"left":465,"top":71,"height":1034},"stored":[["cdp-map-right-panel-width-v150","360"],["cdp-map-backdrop-v151","terrain"],["cdp-map-left-panel-width-v150","465"],["cdp-map-boundary-system-v151","post-2025-34"]],"contextCount":0,"primary":"none"},"restored":{"left":{"width":465,"left":0,"right":465},"map":{"width":1056,"left":477,"right":1533},"separator":{"width":12,"left":465,"top":71,"height":1034},"stored":[["cdp-map-right-panel-width-v150","360"],["cdp-map-backdrop-v151","terrain"],["cdp-map-left-panel-width-v150","465"],["cdp-map-boundary-system-v151","post-2025-34"]],"contextCount":0,"primary":"none"}},"expected":"left >=420px, map width changed, persisted"}
{"type":"check","audit":"map-access:v135","name":"MAP_RESIZE_CALL_CONTRACT","status":"PASS","actual":{"staticResizeContract":true},"expected":true}
{"type":"check","audit":"map-access:v135","name":"MULTI_SELECT_KEEPS_COMPANIONS","status":"PASS","actual":2,"expected":">= 2 companions kept"}
{"type":"check","audit":"map-access:v135","name":"MAP_COUNTRY_INFO_BUTTON_COUNT","status":"PASS","actual":0,"expected":0}
{"type":"check","audit":"map-access:v135","name":"MAP_TOOLTIP_UI_STATE_LABEL_COUNT","status":"PASS","actual":[],"expected":[]}
{"type":"check","audit":"map-access:v135","name":"MAP_MINE_ACTIVATION","status":"PASS","actual":{"elementId":"B-048","controlSelector":"[data-testid=\"map-all-data-layer-v135\"][data-element-id=\"B-048\"]","controlFound":true,"controlTag":"INPUT","controlRole":"input","controlText":"","controlDisabled":false,"clickDispatched":true,"clickAttempts":1,"primaryBefore":"none","primaryAfter":"B-048","renderedMapSymbols":"B-048|primary|diamond","featureControlCount":2,"url":"http://127.0.0.1:62103/?layer=electricityGap&layers=juyo-gwangsan-wici&layerOpacities=0.78&focusLayer=juyo-gwangsan-wici&primaryLayer=juyo-gwangsan-wici&contextLayers=none&mapSelectors=%7B%22juyo-gwangsan-wici%22%3A%7B%22variable%22%3A%22locations%22%2C%22period%22%3A%222022%22%7D%7D&layerYears=2022&scope=priority&country=VNM&baseOpacity=0.58&view=106.40000%2C16.05644%2C5.33&mapList=all&element=juyo-gwangsan-wici&year=2022&period=2022#map","failure":null},"expected":{"controlFound":true,"clickDispatched":true,"primaryAfter":"B-048","renderedMapSymbols":"B-048|primary|…"}}
{"type":"check","audit":"map-access:v135","name":"MAP_MINE_TOOLTIP","status":"PASS","actual":{"tooltipText":"주요 광산Ban Phuc","diagnostics":{"elementId":"B-048","targetSelector":".cdp-map-fallback__feature-control[data-element-id=\"B-048\"]","targetFound":true,"targetLabel":"주요 광산 · Ban Phuc","targetName":"Ban Phuc","targetRect":{"x":653,"y":326,"width":19,"height":19},"eventDispatched":true,"tooltipNodeExists":true,"tooltipText":"주요 광산Ban Phuc","primaryElement":"B-048","renderedMapSymbols":"B-048|primary|diamond","failure":null,"targetCount":2}},"expected":"meaningful mine tooltip"}
{"type":"check","audit":"map-access:v135","name":"BROKEN_ASSET","status":"PASS","actual":[],"expected":[]}
{"type":"check","audit":"map-access:v135","name":"CONSOLE_ERROR","status":"PASS","actual":[],"expected":[]}
{"type":"summary","audit":"map-access:v135","status":"PASS","passed":13,"failed":0,"total":13,"failedChecks":[],"mapLayerCount":42,"allMapLayerAccessCount":42,"mapPresetCount":0,"leftPanelPointerResizePass":true,"companionsObserved":2,"mapTooltipUiStateLabelCount":0,"mineActivationDiagnostics":{"elementId":"B-048","controlSelector":"[data-testid=\"map-all-data-layer-v135\"][data-element-id=\"B-048\"]","controlFound":true,"controlTag":"INPUT","controlRole":"input","controlText":"","controlDisabled":false,"clickDispatched":true,"clickAttempts":1,"primaryBefore":"none","primaryAfter":"B-048","renderedMapSymbols":"B-048|primary|diamond","featureControlCount":2,"url":"http://127.0.0.1:62103/?layer=electricityGap&layers=juyo-gwangsan-wici&layerOpacities=0.78&focusLayer=juyo-gwangsan-wici&primaryLayer=juyo-gwangsan-wici&contextLayers=none&mapSelectors=%7B%22juyo-gwangsan-wici%22%3A%7B%22variable%22%3A%22locations%22%2C%22period%22%3A%222022%22%7D%7D&layerYears=2022&scope=priority&country=VNM&baseOpacity=0.58&view=106.40000%2C16.05644%2C5.33&mapList=all&element=juyo-gwangsan-wici&year=2022&period=2022#map","failure":null},"contextActivationDiagnostics":{"elementId":"A-023","controlSelector":"[data-testid=\"map-all-data-layer-v135\"][data-element-id=\"A-023\"]","controlFound":true,"controlTag":"INPUT","controlRole":"input","controlText":"","controlDisabled":false,"clickDispatched":true,"clickAttempts":1,"primaryBefore":"none","primaryAfter":"A-023","renderedMapSymbols":"A-023|primary|circle","featureControlCount":0,"url":"http://127.0.0.1:62103/?layer=electricityGap&layers=baljeonso-wici-yongryang&layerOpacities=0.78&focusLayer=baljeonso-wici-yongryang&primaryLayer=baljeonso-wici-yongryang&contextLayers=none&mapSelectors=%7B%22baljeonso-wici-yongryang%22%3A%7B%22variable%22%3A%22locations%22%2C%22period%22%3A%222026%22%7D%7D&layerYears=2026&scope=priority&country=VNM&baseOpacity=0.58&view=106.40000%2C16.05644%2C5.33&mapList=all&element=baljeonso-wici-yongryang&year=2021&period=2021&dim.sourceKey=wri#map","failure":null},"mineTooltipDiagnostics":{"elementId":"B-048","targetSelector":".cdp-map-fallback__feature-control[data-element-id=\"B-048\"]","targetFound":true,"targetLabel":"주요 광산 · Ban Phuc","targetName":"Ban Phuc","targetRect":{"x":653,"y":326,"width":19,"height":19},"eventDispatched":true,"tooltipNodeExists":true,"tooltipText":"주요 광산Ban Phuc","primaryElement":"B-048","renderedMapSymbols":"B-048|primary|diamond","failure":null,"targetCount":2},"runtimeFailure":null}
{"type":"command-end","command":"npm run audit:map-access:v135","exitCode":0,"timedOut":false,"elapsedMs":20386}
{"type":"command-start","command":"npm run audit:map-compare:v135","timeoutMs":600000,"time":"2026-09-29T02:38:24.718Z"}

> react-typescript@1.0.0 audit:map-compare:v135
> node scripts/audit-vietnam-map-compare-v135.mjs

{"type":"check","audit":"map-compare:v135","name":"COMPARE_RUNTIME","status":"PASS","actual":{"runtimeFailure":null,"present":true},"expected":{"present":true}}
{"type":"check","audit":"map-compare:v135","name":"COMPARE_PAIR_COVERAGE","status":"PASS","actual":[{"name":"finance","selection":{"changed":true,"changedA":true,"changedB":true},"present":true},{"name":"vulnerability-budget","selection":{"changed":true,"changedA":true,"changedB":true},"present":true},{"name":"forest","selection":{"changed":true,"changedA":true,"changedB":true},"present":true}],"expected":3}
{"type":"check","audit":"map-compare:v135","name":"COMPARE_SIDE_BY_SIDE_DESKTOP","status":"PASS","actual":{"present":true,"mode":"side-by-side","synchronized":"true","a":{"box":{"left":0,"right":712,"top":90.953125,"bottom":1000,"width":712,"height":909.046875},"elementId":"D-018","legendCount":1,"selectorCount":1,"viewBox":"","text":"데이터 A데이터 A 선택발전소베트남 송전망CCS 시설·실증 및 후보지역연평균 기온·강수미래기후 전망(CMIP6)가뭄폭염극한강수해수면 상승 전망재해 이력지역 취약성건기·우기 유량 차이유역면적하천유량이탄지 면적(산림 유형별 면적 중)산림 이득산림 총면적수관 피복률연간 산림손실산림 탄소토지피복 분류별 면적수력 이론 잠재량지열 자원(심도별 지온)태양광 자원풍력 자원주요 광산기후 법제도(지방 문서)환경 법제도(지방 문서)PPP 사업 이력외국인 투자 규정(지역 특별 인센티브)재생에너지 지역계획탄소시장 대상시설(인벤토리 의무)탄소시장 대상시설 업종 구성REDD+ 사업 참여지역탄소크레딧 사업지역 기후예산적응기금 사업국제기구 현지사무소대학·연구기관·NGO현지 투자자 네트워크한국 기업 진출한국 기관 사무소지표지역 협력범위·세부 활동지역자료연도2026적응기금 사업지역 협력범위·세부 활동지역 · 사업 · 2026지역 협력사업 2건의 참여국 범위 2개와 검증된 세부 활동지역 2곳"},"b":{"box":{"left":713,"right":1425,"top":90.953125,"bottom":1000,"width":712,"height":909.046875},"elementId":"C-025","legendCount":1,"selectorCount":1,"viewBox":"","text":"데이터 B데이터 B 선택발전소베트남 송전망CCS 시설·실증 및 후보지역연평균 기온·강수미래기후 전망(CMIP6)가뭄폭염극한강수해수면 상승 전망재해 이력지역 취약성건기·우기 유량 차이유역면적하천유량이탄지 면적(산림 유형별 면적 중)산림 이득산림 총면적수관 피복률연간 산림손실산림 탄소토지피복 분류별 면적수력 이론 잠재량지열 자원(심도별 지온)태양광 자원풍력 자원주요 광산기후 법제도(지방 문서)환경 법제도(지방 문서)PPP 사업 이력외국인 투자 규정(지역 특별 인센티브)재생에너지 지역계획탄소시장 대상시설(인벤토리 의무)탄소시장 대상시설 업종 구성REDD+ 사업 참여지역탄소크레딧 사업지역 기후예산적응기금 사업국제기구 현지사무소대학·연구기관·NGO현지 투자자 네트워크한국 기업 진출한국 기관 사무소지표사업 위치·유형자료연도2026탄소크레딧 사업사업 위치·유형 · 건 · 2026위치자료 262건"},"url":"http://127.0.0.1:54076/?layer=electricityGap&layers=adaptation-fund-peurojegteu-peurojegteumyeong-gugga-silhaenggigwan-nie-mie-gubun-gigwanmye%2Ctansokeuredis-balhaeng-sogag-siljeog-peurojegteumyeong-deungrog-pyojun-vcs-gs-gugga-gisul&layerOpacities=0.78%2C0.78&focusLayer=adaptation-fund-peurojegteu-peurojegteumyeong-gugga-silhaenggigwan-nie-mie-gubun-gigwanmye&primaryLayer=adaptation-fund-peurojegteu-peurojegteumyeong-gugga-silhaenggigwan-nie-mie-gubun-gigwanmye&contextLayers=none&mapMode=compare&compareLayers=adaptation-fund-peurojegteu-peurojegteumyeong-gugga-silhaenggigwan-nie-mie-gubun-gigwanmye%2Ctansokeuredis-balhaeng-sogag-siljeog-peurojegteumyeong-deungrog-pyojun-vcs-gs-gugga-gisul&mapSelectors=%7B%22adaptation-fund-peurojegteu-peurojegteumyeong-gugga-silhaenggigwan-nie-mie-gubun-gigwanmye%22%3A%7B%22variable%22%3A%22regional-scope%22%2C%22period%22%3A%222026%22%7D%2C%22tansokeuredis-balhaeng-sogag-siljeog-peurojegteumyeong-deungrog-pyojun-vcs-gs-gugga-gisul%22%3A%7B%22variable%22%3A%22locations%22%2C%22period%22%3A%222026%22%7D%7D&layerYears=2026%2C2026&scope=priority&country=VNM&baseOpacity=0.58&view=105.66764%2C15.82147%2C5.22&mapList=all&element=adaptation-fund-peurojegteu-peurojegteumyeong-gugga-silhaenggigwan-nie-mie-gubun-gigwanmye#map","pageOverflow":-15,"backAction":true},"expected":"two non-overlapping horizontal panes"}
{"type":"check","audit":"map-compare:v135","name":"COMPARE_STACKED_MOBILE","status":"PASS","actual":{"present":true,"mode":"side-by-side","synchronized":"true","a":{"box":{"left":0,"right":360,"top":92.390625,"bottom":612.390625,"width":360,"height":520},"elementId":"D-018","legendCount":1,"selectorCount":1,"viewBox":"","text":"데이터 A데이터 A 선택발전소베트남 송전망CCS 시설·실증 및 후보지역연평균 기온·강수미래기후 전망(CMIP6)가뭄폭염극한강수해수면 상승 전망재해 이력지역 취약성건기·우기 유량 차이유역면적하천유량이탄지 면적(산림 유형별 면적 중)산림 이득산림 총면적수관 피복률연간 산림손실산림 탄소토지피복 분류별 면적수력 이론 잠재량지열 자원(심도별 지온)태양광 자원풍력 자원주요 광산기후 법제도(지방 문서)환경 법제도(지방 문서)PPP 사업 이력외국인 투자 규정(지역 특별 인센티브)재생에너지 지역계획탄소시장 대상시설(인벤토리 의무)탄소시장 대상시설 업종 구성REDD+ 사업 참여지역탄소크레딧 사업지역 기후예산적응기금 사업국제기구 현지사무소대학·연구기관·NGO현지 투자자 네트워크한국 기업 진출한국 기관 사무소지표지역 협력범위·세부 활동지역자료연도2026적응기금 사업지역 협력범위·세부 활동지역 · 사업 · 2026지역 협력사업 2건의 참여국 범위 2개와 검증된 세부 활동지역 2곳"},"b":{"box":{"left":0,"right":360,"top":613.390625,"bottom":1133.390625,"width":360,"height":520},"elementId":"C-025","legendCount":1,"selectorCount":1,"viewBox":"","text":"데이터 B데이터 B 선택발전소베트남 송전망CCS 시설·실증 및 후보지역연평균 기온·강수미래기후 전망(CMIP6)가뭄폭염극한강수해수면 상승 전망재해 이력지역 취약성건기·우기 유량 차이유역면적하천유량이탄지 면적(산림 유형별 면적 중)산림 이득산림 총면적수관 피복률연간 산림손실산림 탄소토지피복 분류별 면적수력 이론 잠재량지열 자원(심도별 지온)태양광 자원풍력 자원주요 광산기후 법제도(지방 문서)환경 법제도(지방 문서)PPP 사업 이력외국인 투자 규정(지역 특별 인센티브)재생에너지 지역계획탄소시장 대상시설(인벤토리 의무)탄소시장 대상시설 업종 구성REDD+ 사업 참여지역탄소크레딧 사업지역 기후예산적응기금 사업국제기구 현지사무소대학·연구기관·NGO현지 투자자 네트워크한국 기업 진출한국 기관 사무소지표지표 미기재자료연도미기재선택한 지도 데이터를 불러오는 중입니다지도 데이터 준비 중"},"url":"http://127.0.0.1:54076/?layer=electricityGap&layers=adaptation-fund-peurojegteu-peurojegteumyeong-gugga-silhaenggigwan-nie-mie-gubun-gigwanmye%2Ctansokeuredis-balhaeng-sogag-siljeog-peurojegteumyeong-deungrog-pyojun-vcs-gs-gugga-gisul&layerOpacities=0.78%2C0.78&focusLayer=adaptation-fund-peurojegteu-peurojegteumyeong-gugga-silhaenggigwan-nie-mie-gubun-gigwanmye&primaryLayer=adaptation-fund-peurojegteu-peurojegteumyeong-gugga-silhaenggigwan-nie-mie-gubun-gigwanmye&contextLayers=none&mapMode=compare&compareLayers=adaptation-fund-peurojegteu-peurojegteumyeong-gugga-silhaenggigwan-nie-mie-gubun-gigwanmye%2Ctansokeuredis-balhaeng-sogag-siljeog-peurojegteumyeong-deungrog-pyojun-vcs-gs-gugga-gisul&mapSelectors=%7B%22adaptation-fund-peurojegteu-peurojegteumyeong-gugga-silhaenggigwan-nie-mie-gubun-gigwanmye%22%3A%7B%22variable%22%3A%22regional-scope%22%2C%22period%22%3A%222026%22%7D%2C%22tansokeuredis-balhaeng-sogag-siljeog-peurojegteumyeong-deungrog-pyojun-vcs-gs-gugga-gisul%22%3A%7B%22variable%22%3A%22locations%22%2C%22period%22%3A%222026%22%7D%7D&layerYears=2026%2C2026&scope=priority&country=VNM&baseOpacity=0.58&view=105.66764%2C15.82147%2C5.22&mapList=all&element=adaptation-fund-peurojegteu-peurojegteumyeong-gugga-silhaenggigwan-nie-mie-gubun-gigwanmye#map","pageOverflow":-15,"backAction":true},"expected":"two stacked panes without overflow"}
{"type":"check","audit":"map-compare:v135","name":"COMPARE_INDEPENDENT_LEGENDS","status":"PASS","actual":[{"name":"finance","a":1,"b":1},{"name":"vulnerability-budget","a":1,"b":1},{"name":"forest","a":1,"b":1}],"expected":"both panes have legends"}
{"type":"check","audit":"map-compare:v135","name":"COMPARE_SYNCHRONIZED_VIEW","status":"PASS","actual":{"runtimeSyncEvidence":true,"sourceSyncContract":true},"expected":true}
{"type":"check","audit":"map-compare:v135","name":"COMPARE_URL_RESTORATION","status":"PASS","actual":{"present":true,"mode":"side-by-side","synchronized":"true","a":{"box":{"left":0,"right":712,"top":90.953125,"bottom":1000,"width":712,"height":909.046875},"elementId":"D-018","legendCount":1,"selectorCount":1,"viewBox":"","text":"데이터 A데이터 A 선택지표지표 미기재자료연도미기재선택한 지도 데이터를 불러오는 중입니다지도 데이터 준비 중"},"b":{"box":{"left":713,"right":1425,"top":90.953125,"bottom":1000,"width":712,"height":909.046875},"elementId":"C-025","legendCount":1,"selectorCount":1,"viewBox":"","text":"데이터 B데이터 B 선택지표지표 미기재자료연도미기재선택한 지도 데이터를 불러오는 중입니다지도 데이터 준비 중"},"url":"http://127.0.0.1:54076/?layer=electricityGap&layers=adaptation-fund-peurojegteu-peurojegteumyeong-gugga-silhaenggigwan-nie-mie-gubun-gigwanmye&layerOpacities=0.78&focusLayer=adaptation-fund-peurojegteu-peurojegteumyeong-gugga-silhaenggigwan-nie-mie-gubun-gigwanmye&primaryLayer=adaptation-fund-peurojegteu-peurojegteumyeong-gugga-silhaenggigwan-nie-mie-gubun-gigwanmye&contextLayers=none&mapMode=compare&compareLayers=adaptation-fund-peurojegteu-peurojegteumyeong-gugga-silhaenggigwan-nie-mie-gubun-gigwanmye%2Ctansokeuredis-balhaeng-sogag-siljeog-peurojegteumyeong-deungrog-pyojun-vcs-gs-gugga-gisul&mapSelectors=%7B%22adaptation-fund-peurojegteu-peurojegteumyeong-gugga-silhaenggigwan-nie-mie-gubun-gigwanmye%22%3A%7B%22variable%22%3A%22regional-scope%22%2C%22period%22%3A%222026%22%7D%2C%22tansokeuredis-balhaeng-sogag-siljeog-peurojegteumyeong-deungrog-pyojun-vcs-gs-gugga-gisul%22%3A%7B%22variable%22%3A%22locations%22%2C%22period%22%3A%222026%22%7D%7D&layerYears=2026&scope=priority&country=VNM&baseOpacity=0.58&view=105.66764%2C15.82147%2C5.22&mapList=all&element=adaptation-fund-peurojegteu-peurojegteumyeong-gugga-silhaenggigwan-nie-mie-gubun-gigwanmye#map","pageOverflow":-15,"backAction":true},"expected":true}
{"type":"check","audit":"map-compare:v135","name":"COMPARE_NORMAL_MAP_RETURN","status":"PASS","actual":true,"expected":true}
{"type":"check","audit":"map-compare:v135","name":"COMPARE_RUNTIME_ERROR_COUNT","status":"PASS","actual":[],"expected":[]}
{"type":"check","audit":"map-compare:v135","name":"BROKEN_ASSET","status":"PASS","actual":[],"expected":[]}
{"type":"summary","audit":"map-compare:v135","status":"PASS","passed":10,"failed":0,"total":10,"failedChecks":[],"pairResults":[{"name":"finance","a":"D-018","b":"C-025","selection":{"changed":true,"changedA":true,"changedB":true},"snapshot":{"present":true,"mode":"side-by-side","synchronized":"true","a":{"box":{"left":0,"right":712,"top":90.953125,"bottom":1000,"width":712,"height":909.046875},"elementId":"D-018","legendCount":1,"selectorCount":1,"viewBox":"","text":"데이터 A데이터 A 선택발전소베트남 송전망CCS 시설·실증 및 후보지역연평균 기온·강수미래기후 전망(CMIP6)가뭄폭염극한강수해수면 상승 전망재해 이력지역 취약성건기·우기 유량 차이유역면적하천유량이탄지 면적(산림 유형별 면적 중)산림 이득산림 총면적수관 피복률연간 산림손실산림 탄소토지피복 분류별 면적수력 이론 잠재량지열 자원(심도별 지온)태양광 자원풍력 자원주요 광산기후 법제도(지방 문서)환경 법제도(지방 문서)PPP 사업 이력외국인 투자 규정(지역 특별 인센티브)재생에너지 지역계획탄소시장 대상시설(인벤토리 의무)탄소시장 대상시설 업종 구성REDD+ 사업 참여지역탄소크레딧 사업지역 기후예산적응기금 사업국제기구 현지사무소대학·연구기관·NGO현지 투자자 네트워크한국 기업 진출한국 기관 사무소지표지역 협력범위·세부 활동지역자료연도2026적응기금 사업지역 협력범위·세부 활동지역 · 사업 · 2026지역 협력사업 2건의 참여국 범위 2개와 검증된 세부 활동지역 2곳"},"b":{"box":{"left":713,"right":1425,"top":90.953125,"bottom":1000,"width":712,"height":909.046875},"elementId":"C-025","legendCount":1,"selectorCount":1,"viewBox":"","text":"데이터 B데이터 B 선택발전소베트남 송전망CCS 시설·실증 및 후보지역연평균 기온·강수미래기후 전망(CMIP6)가뭄폭염극한강수해수면 상승 전망재해 이력지역 취약성건기·우기 유량 차이유역면적하천유량이탄지 면적(산림 유형별 면적 중)산림 이득산림 총면적수관 피복률연간 산림손실산림 탄소토지피복 분류별 면적수력 이론 잠재량지열 자원(심도별 지온)태양광 자원풍력 자원주요 광산기후 법제도(지방 문서)환경 법제도(지방 문서)PPP 사업 이력외국인 투자 규정(지역 특별 인센티브)재생에너지 지역계획탄소시장 대상시설(인벤토리 의무)탄소시장 대상시설 업종 구성REDD+ 사업 참여지역탄소크레딧 사업지역 기후예산적응기금 사업국제기구 현지사무소대학·연구기관·NGO현지 투자자 네트워크한국 기업 진출한국 기관 사무소지표사업 위치·유형자료연도2026탄소크레딧 사업사업 위치·유형 · 건 · 2026위치자료 262건"},"url":"http://127.0.0.1:54076/?layer=electricityGap&layers=adaptation-fund-peurojegteu-peurojegteumyeong-gugga-silhaenggigwan-nie-mie-gubun-gigwanmye%2Ctansokeuredis-balhaeng-sogag-siljeog-peurojegteumyeong-deungrog-pyojun-vcs-gs-gugga-gisul&layerOpacities=0.78%2C0.78&focusLayer=adaptation-fund-peurojegteu-peurojegteumyeong-gugga-silhaenggigwan-nie-mie-gubun-gigwanmye&primaryLayer=adaptation-fund-peurojegteu-peurojegteumyeong-gugga-silhaenggigwan-nie-mie-gubun-gigwanmye&contextLayers=none&mapMode=compare&compareLayers=adaptation-fund-peurojegteu-peurojegteumyeong-gugga-silhaenggigwan-nie-mie-gubun-gigwanmye%2Ctansokeuredis-balhaeng-sogag-siljeog-peurojegteumyeong-deungrog-pyojun-vcs-gs-gugga-gisul&mapSelectors=%7B%22adaptation-fund-peurojegteu-peurojegteumyeong-gugga-silhaenggigwan-nie-mie-gubun-gigwanmye%22%3A%7B%22variable%22%3A%22regional-scope%22%2C%22period%22%3A%222026%22%7D%2C%22tansokeuredis-balhaeng-sogag-siljeog-peurojegteumyeong-deungrog-pyojun-vcs-gs-gugga-gisul%22%3A%7B%22variable%22%3A%22locations%22%2C%22period%22%3A%222026%22%7D%7D&layerYears=2026%2C2026&scope=priority&country=VNM&baseOpacity=0.58&view=105.66764%2C15.82147%2C5.22&mapList=all&element=adaptation-fund-peurojegteu-peurojegteumyeong-gugga-silhaenggigwan-nie-mie-gubun-gigwanmye#map","pageOverflow":-15,"backAction":true}},{"name":"vulnerability-budget","a":"B-021","b":"D-008","selection":{"changed":true,"changedA":true,"changedB":true},"snapshot":{"present":true,"mode":"side-by-side","synchronized":"true","a":{"box":{"left":0,"right":712,"top":90.953125,"bottom":1000,"width":712,"height":909.046875},"elementId":"B-021","legendCount":1,"selectorCount":3,"viewBox":"","text":"데이터 A데이터 A 선택발전소베트남 송전망CCS 시설·실증 및 후보지역연평균 기온·강수미래기후 전망(CMIP6)가뭄폭염극한강수해수면 상승 전망재해 이력지역 취약성건기·우기 유량 차이유역면적하천유량이탄지 면적(산림 유형별 면적 중)산림 이득산림 총면적수관 피복률연간 산림손실산림 탄소토지피복 분류별 면적수력 이론 잠재량지열 자원(심도별 지온)태양광 자원풍력 자원주요 광산기후 법제도(지방 문서)환경 법제도(지방 문서)PPP 사업 이력외국인 투자 규정(지역 특별 인센티브)재생에너지 지역계획탄소시장 대상시설(인벤토리 의무)탄소시장 대상시설 업종 구성REDD+ 사업 참여지역탄소크레딧 사업지역 기후예산적응기금 사업국제기구 현지사무소대학·연구기관·NGO현지 투자자 네트워크한국 기업 진출한국 기관 사무소지표GVI 취약성 지수 — 지역(6권역)구성지표 — 1인당 GNI(로그)구성지표 — 기대수명구성지표 — 도시화율구성지표 — 부양비구성지표 — 빈곤 가구 비율(IWI<70)구성지표 — 상수도 보급 가구 비율구성지표 — 성개발지수(GDI)구성지표 — 전기 보급 가구 비율구성지표 — 종합 지방부패지수(SCI)구성지표 — 평균 교육연수(25세 이상)구성지표 — 휴대폰 보유 가구 비율자료연도200020012002200320042005200620072008200920102011201220132014201520162017201820192020202120222023지역 취약성GVI 취약성 지수 — 지역(6권역) · 0–100 지수 · 2023GDL 6개 권역값을 명시적 대응표로 63개 성·시 경계에 표시"},"b":{"box":{"left":713,"right":1425,"top":90.953125,"bottom":1000,"width":712,"height":909.046875},"elementId":"D-008","legendCount":1,"selectorCount":1,"viewBox":"","text":"데이터 B데이터 B 선택발전소베트남 송전망CCS 시설·실증 및 후보지역연평균 기온·강수미래기후 전망(CMIP6)가뭄폭염극한강수해수면 상승 전망재해 이력지역 취약성건기·우기 유량 차이유역면적하천유량이탄지 면적(산림 유형별 면적 중)산림 이득산림 총면적수관 피복률연간 산림손실산림 탄소토지피복 분류별 면적수력 이론 잠재량지열 자원(심도별 지온)태양광 자원풍력 자원주요 광산기후 법제도(지방 문서)환경 법제도(지방 문서)PPP 사업 이력외국인 투자 규정(지역 특별 인센티브)재생에너지 지역계획탄소시장 대상시설(인벤토리 의무)탄소시장 대상시설 업종 구성REDD+ 사업 참여지역탄소크레딧 사업지역 기후예산적응기금 사업국제기구 현지사무소대학·연구기관·NGO현지 투자자 네트워크한국 기업 진출한국 기관 사무소지표성 단위 기후변화 지출 누계자료연도2010-2013지역 기후예산성 단위 기후변화 지출 누계 · VND · 2010-2013개편 전 63개 성·시 중 선택 계열 최대 3개"},"url":"http://127.0.0.1:54076/?layer=electricityGap&layers=global-data-lab-gvi-vulnerability-index%2Cjugwan-buceobyeol-gihu-yesan-gyumo&layerOpacities=0.78%2C0.78&focusLayer=global-data-lab-gvi-vulnerability-index&primaryLayer=global-data-lab-gvi-vulnerability-index&contextLayers=none&mapMode=compare&compareLayers=global-data-lab-gvi-vulnerability-index%2Cjugwan-buceobyeol-gihu-yesan-gyumo&mapSelectors=%7B%22global-data-lab-gvi-vulnerability-index%22%3A%7B%22variable%22%3A%22gvi-6%22%2C%22period%22%3A%222023%22%7D%2C%22jugwan-buceobyeol-gihu-yesan-gyumo%22%3A%7B%22variable%22%3A%22provincial-climate-budget%22%2C%22period%22%3A%222010-2013%22%7D%7D&layerYears=2023%2C2010&scope=priority&country=VNM&baseOpacity=0.58&view=105.66764%2C15.82147%2C5.22&mapList=all&element=global-data-lab-gvi-vulnerability-index#map","pageOverflow":-15,"backAction":true}},{"name":"forest","a":"B-033","b":"B-034","selection":{"changed":true,"changedA":true,"changedB":true},"snapshot":{"present":true,"mode":"side-by-side","synchronized":"true","a":{"box":{"left":0,"right":712,"top":90.953125,"bottom":1000,"width":712,"height":909.046875},"elementId":"B-033","legendCount":1,"selectorCount":2,"viewBox":"","text":"데이터 A데이터 A 선택발전소베트남 송전망CCS 시설·실증 및 후보지역연평균 기온·강수미래기후 전망(CMIP6)가뭄폭염극한강수해수면 상승 전망재해 이력지역 취약성건기·우기 유량 차이유역면적하천유량이탄지 면적(산림 유형별 면적 중)산림 이득산림 총면적수관 피복률연간 산림손실산림 탄소토지피복 분류별 면적수력 이론 잠재량지열 자원(심도별 지온)태양광 자원풍력 자원주요 광산기후 법제도(지방 문서)환경 법제도(지방 문서)PPP 사업 이력외국인 투자 규정(지역 특별 인센티브)재생에너지 지역계획탄소시장 대상시설(인벤토리 의무)탄소시장 대상시설 업종 구성REDD+ 사업 참여지역탄소크레딧 사업지역 기후예산적응기금 사업국제기구 현지사무소대학·연구기관·NGO현지 투자자 네트워크한국 기업 진출한국 기관 사무소지표연간 수관 손실 — 성(省) 단위자료연도200120022003200420052006200720082009201020112012201320142015201620172018201920202021202220232024연간 산림손실연간 수관 손실 — 성(省) 단위 · ha · 2024개편 전 63개 성·시 중 선택 계열 최대 63개"},"b":{"box":{"left":713,"right":1425,"top":90.953125,"bottom":1000,"width":712,"height":909.046875},"elementId":"B-034","legendCount":1,"selectorCount":2,"viewBox":"","text":"데이터 B데이터 B 선택발전소베트남 송전망CCS 시설·실증 및 후보지역연평균 기온·강수미래기후 전망(CMIP6)가뭄폭염극한강수해수면 상승 전망재해 이력지역 취약성건기·우기 유량 차이유역면적하천유량이탄지 면적(산림 유형별 면적 중)산림 이득산림 총면적수관 피복률연간 산림손실산림 탄소토지피복 분류별 면적수력 이론 잠재량지열 자원(심도별 지온)태양광 자원풍력 자원주요 광산기후 법제도(지방 문서)환경 법제도(지방 문서)PPP 사업 이력외국인 투자 규정(지역 특별 인센티브)재생에너지 지역계획탄소시장 대상시설(인벤토리 의무)탄소시장 대상시설 업종 구성REDD+ 사업 참여지역탄소크레딧 사업지역 기후예산적응기금 사업국제기구 현지사무소대학·연구기관·NGO현지 투자자 네트워크한국 기업 진출한국 기관 사무소지표산림탄소 순플럭스(연평균)산림탄소 총배출(연평균)산림탄소 총흡수(연평균)지상부 탄소밀도지상부 탄소저장량자료연도2001–2024산림 탄소산림탄소 순플럭스(연평균) · Mg CO2e/yr · 2001–2024개편 전 63개 성·시 중 선택 계열 최대 63개"},"url":"http://127.0.0.1:54076/?layer=electricityGap&layers=yeongan-sanrim-sonsil%2Ctanso-jeojangryang&layerOpacities=0.78%2C0.78&focusLayer=yeongan-sanrim-sonsil&primaryLayer=yeongan-sanrim-sonsil&contextLayers=none&mapMode=compare&compareLayers=yeongan-sanrim-sonsil%2Ctanso-jeojangryang&mapSelectors=%7B%22yeongan-sanrim-sonsil%22%3A%7B%22variable%22%3A%22annual-tree-cover-loss%22%2C%22period%22%3A%222024%22%7D%2C%22tanso-jeojangryang%22%3A%7B%22variable%22%3A%226d25ef451c11%22%2C%22period%22%3A%222001%E2%80%932024%22%7D%7D&layerYears=2024%2C2001&scope=priority&country=VNM&baseOpacity=0.58&view=105.66764%2C15.82147%2C5.22&mapList=all&element=yeongan-sanrim-sonsil#map","pageOverflow":-15,"backAction":true}}],"compareSideBySideDesktop":true,"compareStackedMobile":true,"compareUrlRestoration":true,"compareRuntimeErrorCount":0,"runtimeFailure":null}
{"type":"command-end","command":"npm run audit:map-compare:v135","exitCode":0,"timedOut":false,"elapsedMs":5000}
{"type":"command-start","command":"npm run audit:public-screen:v135","timeoutMs":600000,"time":"2026-09-29T02:38:29.719Z"}

> react-typescript@1.0.0 audit:public-screen:v135
> node scripts/audit-vietnam-public-screen-v135.mjs

{"type":"command-running","command":"npm run audit:public-screen:v135","elapsedMs":30029}
{"type":"check","audit":"public-screen:v135","name":"FRAMEWORK_ELEMENTS","status":"PASS","actual":152,"expected":152}
{"type":"check","audit":"public-screen:v135","name":"PUBLIC_SCREEN_RUNTIME","status":"PASS","actual":{"runtimeFailure":null},"expected":{"runtimeFailure":null}}
{"type":"check","audit":"public-screen:v135","name":"PUBLIC_ROUTE_CONTRACT","status":"PASS","actual":[],"expected":[]}
{"type":"check","audit":"public-screen:v135","name":"NO_NEW_PUBLIC_PAGE","status":"PASS","actual":[],"expected":[]}
{"type":"check","audit":"public-screen:v135","name":"PUBLIC_GENERIC_COPY_COUNT","status":"PASS","actual":[],"expected":[]}
{"type":"check","audit":"public-screen:v135","name":"PUBLIC_HORIZONTAL_OVERFLOW","status":"PASS","actual":[],"expected":[]}
{"type":"check","audit":"public-screen:v135","name":"BROKEN_ASSET","status":"PASS","actual":[],"expected":[]}
{"type":"check","audit":"public-screen:v135","name":"CONSOLE_ERROR","status":"PASS","actual":[],"expected":[]}
{"type":"summary","audit":"public-screen:v135","status":"PASS","passed":8,"failed":0,"total":8,"failedChecks":[],"inspectedRoutes":5,"inspectedDetailRoutes":152,"publicGenericCopyCount":0,"runtimeFailure":null}
{"type":"command-end","command":"npm run audit:public-screen:v135","exitCode":0,"timedOut":false,"elapsedMs":47328}
{"type":"command-start","command":"npm run audit:public-text:v136","timeoutMs":600000,"time":"2026-09-29T02:39:17.049Z"}

> react-typescript@1.0.0 audit:public-text:v136
> node scripts/audit-vietnam-public-text-v136.mjs

{"type":"route-start","audit":"public-text:v136","elementId":"A-001"}
{"type":"route-end","elementId":"A-001","elapsedMs":1164}
{"type":"route-start","audit":"public-text:v136","elementId":"A-002"}
{"type":"route-end","elementId":"A-002","elapsedMs":1250}
{"type":"route-start","audit":"public-text:v136","elementId":"A-003"}
{"type":"route-end","elementId":"A-003","elapsedMs":1354}
{"type":"route-start","audit":"public-text:v136","elementId":"A-004"}
{"type":"route-end","elementId":"A-004","elapsedMs":1190}
{"type":"route-start","audit":"public-text:v136","elementId":"A-005"}
{"type":"route-end","elementId":"A-005","elapsedMs":1237}
{"type":"route-start","audit":"public-text:v136","elementId":"A-006"}
{"type":"route-end","elementId":"A-006","elapsedMs":1371}
{"type":"route-start","audit":"public-text:v136","elementId":"A-007"}
{"type":"route-end","elementId":"A-007","elapsedMs":1379}
{"type":"route-start","audit":"public-text:v136","elementId":"A-008"}
{"type":"route-end","elementId":"A-008","elapsedMs":1326}
{"type":"route-start","audit":"public-text:v136","elementId":"A-009"}
{"type":"route-end","elementId":"A-009","elapsedMs":1168}
{"type":"route-start","audit":"public-text:v136","elementId":"A-010"}
{"type":"route-end","elementId":"A-010","elapsedMs":1439}
{"type":"route-start","audit":"public-text:v136","elementId":"A-011"}
{"type":"route-end","elementId":"A-011","elapsedMs":1749}
{"type":"route-start","audit":"public-text:v136","elementId":"A-012"}
{"type":"route-end","elementId":"A-012","elapsedMs":1286}
{"type":"route-start","audit":"public-text:v136","elementId":"A-013"}
{"type":"route-end","elementId":"A-013","elapsedMs":1360}
{"type":"route-start","audit":"public-text:v136","elementId":"A-014"}
{"type":"route-end","elementId":"A-014","elapsedMs":1346}
{"type":"route-start","audit":"public-text:v136","elementId":"A-015"}
{"type":"route-end","elementId":"A-015","elapsedMs":1151}
{"type":"route-start","audit":"public-text:v136","elementId":"A-016"}
{"type":"route-end","elementId":"A-016","elapsedMs":1352}
{"type":"route-start","audit":"public-text:v136","elementId":"A-018"}
{"type":"route-end","elementId":"A-018","elapsedMs":1311}
{"type":"route-start","audit":"public-text:v136","elementId":"A-019"}
{"type":"route-end","elementId":"A-019","elapsedMs":1258}
{"type":"route-start","audit":"public-text:v136","elementId":"A-020"}
{"type":"route-end","elementId":"A-020","elapsedMs":1204}
{"type":"route-start","audit":"public-text:v136","elementId":"A-021"}
{"type":"command-running","command":"npm run audit:public-text:v136","elapsedMs":30042}
{"type":"route-end","elementId":"A-021","elapsedMs":1301}
{"type":"route-start","audit":"public-text:v136","elementId":"A-022"}
{"type":"route-end","elementId":"A-022","elapsedMs":1224}
{"type":"route-start","audit":"public-text:v136","elementId":"A-023"}
{"type":"route-end","elementId":"A-023","elapsedMs":1287}
{"type":"route-start","audit":"public-text:v136","elementId":"A-024"}
{"type":"route-end","elementId":"A-024","elapsedMs":1228}
{"type":"route-start","audit":"public-text:v136","elementId":"A-025"}
{"type":"route-end","elementId":"A-025","elapsedMs":1312}
{"type":"route-start","audit":"public-text:v136","elementId":"A-026"}
{"type":"route-end","elementId":"A-026","elapsedMs":1443}
{"type":"route-start","audit":"public-text:v136","elementId":"A-027"}
{"type":"route-end","elementId":"A-027","elapsedMs":1187}
{"type":"route-start","audit":"public-text:v136","elementId":"A-028"}
{"type":"route-end","elementId":"A-028","elapsedMs":1184}
{"type":"route-start","audit":"public-text:v136","elementId":"A-029"}
{"type":"route-end","elementId":"A-029","elapsedMs":1110}
{"type":"route-start","audit":"public-text:v136","elementId":"A-030"}
{"type":"route-end","elementId":"A-030","elapsedMs":1121}
{"type":"route-start","audit":"public-text:v136","elementId":"A-031"}
{"type":"route-end","elementId":"A-031","elapsedMs":1245}
{"type":"route-start","audit":"public-text:v136","elementId":"A-032"}
{"type":"route-end","elementId":"A-032","elapsedMs":1149}
{"type":"route-start","audit":"public-text:v136","elementId":"A-033"}
{"type":"route-end","elementId":"A-033","elapsedMs":1209}
{"type":"route-start","audit":"public-text:v136","elementId":"B-001"}
{"type":"route-end","elementId":"B-001","elapsedMs":1258}
{"type":"route-start","audit":"public-text:v136","elementId":"B-002"}
{"type":"route-end","elementId":"B-002","elapsedMs":1088}
{"type":"route-start","audit":"public-text:v136","elementId":"B-003"}
{"type":"route-end","elementId":"B-003","elapsedMs":1427}
{"type":"route-start","audit":"public-text:v136","elementId":"B-004"}
{"type":"route-end","elementId":"B-004","elapsedMs":2200}
{"type":"route-start","audit":"public-text:v136","elementId":"B-005"}
{"type":"route-end","elementId":"B-005","elapsedMs":2044}
{"type":"route-start","audit":"public-text:v136","elementId":"B-006"}
{"type":"route-end","elementId":"B-006","elapsedMs":2100}
{"type":"route-start","audit":"public-text:v136","elementId":"B-007"}
{"type":"route-end","elementId":"B-007","elapsedMs":2176}
{"type":"route-start","audit":"public-text:v136","elementId":"B-008"}
{"type":"route-end","elementId":"B-008","elapsedMs":1272}
{"type":"route-start","audit":"public-text:v136","elementId":"B-009"}
{"type":"command-running","command":"npm run audit:public-text:v136","elapsedMs":60047}
{"type":"route-end","elementId":"B-009","elapsedMs":1439}
{"type":"route-start","audit":"public-text:v136","elementId":"B-010"}
{"type":"route-end","elementId":"B-010","elapsedMs":1124}
{"type":"route-start","audit":"public-text:v136","elementId":"B-011"}
{"type":"route-end","elementId":"B-011","elapsedMs":1237}
{"type":"route-start","audit":"public-text:v136","elementId":"B-012"}
{"type":"route-end","elementId":"B-012","elapsedMs":1191}
{"type":"route-start","audit":"public-text:v136","elementId":"B-013"}
{"type":"route-end","elementId":"B-013","elapsedMs":1218}
{"type":"route-start","audit":"public-text:v136","elementId":"B-014"}
{"type":"route-end","elementId":"B-014","elapsedMs":1084}
{"type":"route-start","audit":"public-text:v136","elementId":"B-015"}
{"type":"route-end","elementId":"B-015","elapsedMs":1114}
{"type":"route-start","audit":"public-text:v136","elementId":"B-016"}
{"type":"route-end","elementId":"B-016","elapsedMs":1115}
{"type":"route-start","audit":"public-text:v136","elementId":"B-017"}
{"type":"route-end","elementId":"B-017","elapsedMs":1261}
{"type":"route-start","audit":"public-text:v136","elementId":"B-018"}
{"type":"route-end","elementId":"B-018","elapsedMs":1369}
{"type":"route-start","audit":"public-text:v136","elementId":"B-019"}
{"type":"route-end","elementId":"B-019","elapsedMs":1196}
{"type":"route-start","audit":"public-text:v136","elementId":"B-020"}
{"type":"route-end","elementId":"B-020","elapsedMs":1383}
{"type":"route-start","audit":"public-text:v136","elementId":"B-021"}
{"type":"route-end","elementId":"B-021","elapsedMs":1415}
{"type":"route-start","audit":"public-text:v136","elementId":"B-022"}
{"type":"route-end","elementId":"B-022","elapsedMs":1384}
{"type":"route-start","audit":"public-text:v136","elementId":"B-023"}
{"type":"route-end","elementId":"B-023","elapsedMs":1269}
{"type":"route-start","audit":"public-text:v136","elementId":"B-024"}
{"type":"route-end","elementId":"B-024","elapsedMs":1309}
{"type":"route-start","audit":"public-text:v136","elementId":"B-025"}
{"type":"route-end","elementId":"B-025","elapsedMs":1160}
{"type":"route-start","audit":"public-text:v136","elementId":"B-026"}
{"type":"route-end","elementId":"B-026","elapsedMs":1126}
{"type":"route-start","audit":"public-text:v136","elementId":"B-027"}
{"type":"route-end","elementId":"B-027","elapsedMs":1218}
{"type":"route-start","audit":"public-text:v136","elementId":"B-028"}
{"type":"route-end","elementId":"B-028","elapsedMs":1115}
{"type":"route-start","audit":"public-text:v136","elementId":"B-029"}
{"type":"route-end","elementId":"B-029","elapsedMs":1247}
{"type":"route-start","audit":"public-text:v136","elementId":"B-030"}
{"type":"route-end","elementId":"B-030","elapsedMs":1132}
{"type":"route-start","audit":"public-text:v136","elementId":"B-031"}
{"type":"route-end","elementId":"B-031","elapsedMs":1258}
{"type":"route-start","audit":"public-text:v136","elementId":"B-032"}
{"type":"route-end","elementId":"B-032","elapsedMs":1269}
{"type":"route-start","audit":"public-text:v136","elementId":"B-033"}
{"type":"command-running","command":"npm run audit:public-text:v136","elapsedMs":90052}
{"type":"route-end","elementId":"B-033","elapsedMs":1261}
{"type":"route-start","audit":"public-text:v136","elementId":"B-034"}
{"type":"route-end","elementId":"B-034","elapsedMs":1439}
{"type":"route-start","audit":"public-text:v136","elementId":"B-035"}
{"type":"route-end","elementId":"B-035","elapsedMs":1359}
{"type":"route-start","audit":"public-text:v136","elementId":"B-036"}
{"type":"route-end","elementId":"B-036","elapsedMs":1259}
{"type":"route-start","audit":"public-text:v136","elementId":"B-037"}
{"type":"route-end","elementId":"B-037","elapsedMs":1254}
{"type":"route-start","audit":"public-text:v136","elementId":"B-038"}
{"type":"route-end","elementId":"B-038","elapsedMs":1294}
{"type":"route-start","audit":"public-text:v136","elementId":"B-039"}
{"type":"route-end","elementId":"B-039","elapsedMs":1393}
{"type":"route-start","audit":"public-text:v136","elementId":"B-040"}
{"type":"route-end","elementId":"B-040","elapsedMs":1234}
{"type":"route-start","audit":"public-text:v136","elementId":"B-041"}
{"type":"route-end","elementId":"B-041","elapsedMs":1107}
{"type":"route-start","audit":"public-text:v136","elementId":"B-042"}
{"type":"route-end","elementId":"B-042","elapsedMs":1097}
{"type":"route-start","audit":"public-text:v136","elementId":"B-043"}
{"type":"route-end","elementId":"B-043","elapsedMs":1282}
{"type":"route-start","audit":"public-text:v136","elementId":"B-044"}
{"type":"route-end","elementId":"B-044","elapsedMs":1095}
{"type":"route-start","audit":"public-text:v136","elementId":"B-045"}
{"type":"route-end","elementId":"B-045","elapsedMs":1203}
{"type":"route-start","audit":"public-text:v136","elementId":"B-046"}
{"type":"route-end","elementId":"B-046","elapsedMs":1131}
{"type":"route-start","audit":"public-text:v136","elementId":"B-047"}
{"type":"route-end","elementId":"B-047","elapsedMs":1161}
{"type":"route-start","audit":"public-text:v136","elementId":"B-048"}
{"type":"route-end","elementId":"B-048","elapsedMs":1121}
{"type":"route-start","audit":"public-text:v136","elementId":"C-001"}
{"type":"route-end","elementId":"C-001","elapsedMs":1175}
{"type":"route-start","audit":"public-text:v136","elementId":"C-002"}
{"type":"route-end","elementId":"C-002","elapsedMs":1204}
{"type":"route-start","audit":"public-text:v136","elementId":"C-003"}
{"type":"route-end","elementId":"C-003","elapsedMs":1172}
{"type":"route-start","audit":"public-text:v136","elementId":"C-004"}
{"type":"route-end","elementId":"C-004","elapsedMs":1120}
{"type":"route-start","audit":"public-text:v136","elementId":"C-005"}
{"type":"route-end","elementId":"C-005","elapsedMs":1170}
{"type":"route-start","audit":"public-text:v136","elementId":"C-006"}
{"type":"route-end","elementId":"C-006","elapsedMs":1121}
{"type":"route-start","audit":"public-text:v136","elementId":"C-007"}
{"type":"route-end","elementId":"C-007","elapsedMs":1264}
{"type":"route-start","audit":"public-text:v136","elementId":"C-008"}
{"type":"route-end","elementId":"C-008","elapsedMs":1413}
{"type":"route-start","audit":"public-text:v136","elementId":"C-009"}
{"type":"command-running","command":"npm run audit:public-text:v136","elapsedMs":120062}
{"type":"route-end","elementId":"C-009","elapsedMs":2144}
{"type":"route-start","audit":"public-text:v136","elementId":"C-010"}
{"type":"route-end","elementId":"C-010","elapsedMs":1840}
{"type":"route-start","audit":"public-text:v136","elementId":"C-011"}
{"type":"route-end","elementId":"C-011","elapsedMs":1568}
{"type":"route-start","audit":"public-text:v136","elementId":"C-012"}
{"type":"route-end","elementId":"C-012","elapsedMs":1836}
{"type":"route-start","audit":"public-text:v136","elementId":"C-013"}
{"type":"route-end","elementId":"C-013","elapsedMs":1746}
{"type":"route-start","audit":"public-text:v136","elementId":"C-014"}
{"type":"route-end","elementId":"C-014","elapsedMs":1286}
{"type":"route-start","audit":"public-text:v136","elementId":"C-016"}
{"type":"route-end","elementId":"C-016","elapsedMs":1230}
{"type":"route-start","audit":"public-text:v136","elementId":"C-017"}
{"type":"route-end","elementId":"C-017","elapsedMs":1202}
{"type":"route-start","audit":"public-text:v136","elementId":"C-018"}
{"type":"route-end","elementId":"C-018","elapsedMs":1193}
{"type":"route-start","audit":"public-text:v136","elementId":"C-019"}
{"type":"route-end","elementId":"C-019","elapsedMs":1209}
{"type":"route-start","audit":"public-text:v136","elementId":"C-021"}
{"type":"route-end","elementId":"C-021","elapsedMs":1050}
{"type":"route-start","audit":"public-text:v136","elementId":"C-022"}
{"type":"route-end","elementId":"C-022","elapsedMs":1268}
{"type":"route-start","audit":"public-text:v136","elementId":"C-024"}
{"type":"route-end","elementId":"C-024","elapsedMs":1194}
{"type":"route-start","audit":"public-text:v136","elementId":"C-025"}
{"type":"route-end","elementId":"C-025","elapsedMs":1489}
{"type":"route-start","audit":"public-text:v136","elementId":"D-001"}
{"type":"route-end","elementId":"D-001","elapsedMs":1130}
{"type":"route-start","audit":"public-text:v136","elementId":"D-002"}
{"type":"route-end","elementId":"D-002","elapsedMs":1215}
{"type":"route-start","audit":"public-text:v136","elementId":"D-003"}
{"type":"route-end","elementId":"D-003","elapsedMs":1150}
{"type":"route-start","audit":"public-text:v136","elementId":"D-004"}
{"type":"route-end","elementId":"D-004","elapsedMs":1139}
{"type":"route-start","audit":"public-text:v136","elementId":"D-005"}
{"type":"route-end","elementId":"D-005","elapsedMs":1129}
{"type":"route-start","audit":"public-text:v136","elementId":"D-006"}
{"type":"route-end","elementId":"D-006","elapsedMs":1256}
{"type":"route-start","audit":"public-text:v136","elementId":"D-007"}
{"type":"route-end","elementId":"D-007","elapsedMs":1263}
{"type":"route-start","audit":"public-text:v136","elementId":"D-008"}
{"type":"route-end","elementId":"D-008","elapsedMs":1382}
{"type":"route-start","audit":"public-text:v136","elementId":"D-009"}
{"type":"command-running","command":"npm run audit:public-text:v136","elapsedMs":150070}
{"type":"route-end","elementId":"D-009","elapsedMs":1240}
{"type":"route-start","audit":"public-text:v136","elementId":"D-010"}
{"type":"route-end","elementId":"D-010","elapsedMs":1206}
{"type":"route-start","audit":"public-text:v136","elementId":"D-011"}
{"type":"route-end","elementId":"D-011","elapsedMs":1331}
{"type":"route-start","audit":"public-text:v136","elementId":"D-012"}
{"type":"route-end","elementId":"D-012","elapsedMs":1214}
{"type":"route-start","audit":"public-text:v136","elementId":"D-013"}
{"type":"route-end","elementId":"D-013","elapsedMs":1179}
{"type":"route-start","audit":"public-text:v136","elementId":"D-014"}
{"type":"route-end","elementId":"D-014","elapsedMs":1559}
{"type":"route-start","audit":"public-text:v136","elementId":"D-015"}
{"type":"route-end","elementId":"D-015","elapsedMs":1812}
{"type":"route-start","audit":"public-text:v136","elementId":"D-016"}
{"type":"route-end","elementId":"D-016","elapsedMs":1758}
{"type":"route-start","audit":"public-text:v136","elementId":"D-017"}
{"type":"route-end","elementId":"D-017","elapsedMs":1216}
{"type":"route-start","audit":"public-text:v136","elementId":"D-018"}
{"type":"route-end","elementId":"D-018","elapsedMs":1255}
{"type":"route-start","audit":"public-text:v136","elementId":"D-019"}
{"type":"route-end","elementId":"D-019","elapsedMs":1178}
{"type":"route-start","audit":"public-text:v136","elementId":"D-020"}
{"type":"route-end","elementId":"D-020","elapsedMs":1140}
{"type":"route-start","audit":"public-text:v136","elementId":"D-021"}
{"type":"route-end","elementId":"D-021","elapsedMs":1537}
{"type":"route-start","audit":"public-text:v136","elementId":"D-022"}
{"type":"route-end","elementId":"D-022","elapsedMs":1372}
{"type":"route-start","audit":"public-text:v136","elementId":"D-023"}
{"type":"route-end","elementId":"D-023","elapsedMs":1552}
{"type":"route-start","audit":"public-text:v136","elementId":"D-025"}
{"type":"route-end","elementId":"D-025","elapsedMs":1308}
{"type":"route-start","audit":"public-text:v136","elementId":"D-026"}
{"type":"route-end","elementId":"D-026","elapsedMs":1140}
{"type":"route-start","audit":"public-text:v136","elementId":"E-001"}
{"type":"route-end","elementId":"E-001","elapsedMs":1226}
{"type":"route-start","audit":"public-text:v136","elementId":"E-002"}
{"type":"route-end","elementId":"E-002","elapsedMs":1134}
{"type":"route-start","audit":"public-text:v136","elementId":"E-003"}
{"type":"route-end","elementId":"E-003","elapsedMs":1165}
{"type":"route-start","audit":"public-text:v136","elementId":"E-004"}
{"type":"route-end","elementId":"E-004","elapsedMs":1254}
{"type":"route-start","audit":"public-text:v136","elementId":"E-005"}
{"type":"route-end","elementId":"E-005","elapsedMs":1174}
{"type":"route-start","audit":"public-text:v136","elementId":"E-006"}
{"type":"route-end","elementId":"E-006","elapsedMs":1100}
{"type":"route-start","audit":"public-text:v136","elementId":"E-007"}
{"type":"command-running","command":"npm run audit:public-text:v136","elapsedMs":180072}
{"type":"route-end","elementId":"E-007","elapsedMs":1167}
{"type":"route-start","audit":"public-text:v136","elementId":"E-009"}
{"type":"route-end","elementId":"E-009","elapsedMs":1051}
{"type":"route-start","audit":"public-text:v136","elementId":"E-010"}
{"type":"route-end","elementId":"E-010","elapsedMs":1150}
{"type":"route-start","audit":"public-text:v136","elementId":"E-012"}
{"type":"route-end","elementId":"E-012","elapsedMs":1171}
{"type":"route-start","audit":"public-text:v136","elementId":"E-014"}
{"type":"route-end","elementId":"E-014","elapsedMs":1070}
{"type":"route-start","audit":"public-text:v136","elementId":"E-015"}
{"type":"route-end","elementId":"E-015","elapsedMs":1098}
{"type":"route-start","audit":"public-text:v136","elementId":"E-018"}
{"type":"route-end","elementId":"E-018","elapsedMs":1155}
{"type":"route-start","audit":"public-text:v136","elementId":"E-019"}
{"type":"route-end","elementId":"E-019","elapsedMs":1135}
{"type":"route-start","audit":"public-text:v136","elementId":"E-020"}
{"type":"route-end","elementId":"E-020","elapsedMs":1100}
{"type":"check","audit":"public-text:v136","name":"FRAMEWORK_ELEMENTS","status":"PASS","actual":152,"expected":152}
{"type":"check","audit":"public-text:v136","name":"PUBLIC_TEXT_RUNTIME","status":"PASS","actual":{"runtimeFailure":null},"expected":{"runtimeFailure":null}}
{"type":"check","audit":"public-text:v136","name":"PUBLIC_ROUTE_COUNT","status":"PASS","actual":148,"expected":">=147"}
{"type":"check","audit":"public-text:v136","name":"PUBLIC_TEXT_INVENTORY_COUNT","status":"PASS","actual":45989,"expected":">0"}
{"type":"check","audit":"public-text:v136","name":"INTERNAL_PUBLIC_TOKEN_COUNT","status":"PASS","actual":[],"expected":[]}
{"type":"check","audit":"public-text:v136","name":"AWKWARD_GENERIC_COPY_COUNT","status":"PASS","actual":[],"expected":[]}
{"type":"check","audit":"public-text:v136","name":"PUBLIC_VERSION_TOKEN_COUNT","status":"PASS","actual":[],"expected":[]}
{"type":"check","audit":"public-text:v136","name":"BROKEN_ASSET","status":"PASS","actual":[],"expected":[]}
{"type":"check","audit":"public-text:v136","name":"CONSOLE_ERROR","status":"PASS","actual":[],"expected":[]}
{"type":"summary","audit":"public-text:v136","status":"PASS","passed":9,"failed":0,"total":9,"failedChecks":[],"publicTextInventoryCount":45989,"publicTextRewriteCount":0,"publicTextRemoveCount":0,"publicRouteCount":148,"internalPublicTokenCount":0,"awkwardGenericCopyCount":0,"runtimeFailure":null,"routeTimings":[{"elementId":"A-001","elapsedMs":1164},{"elementId":"A-002","elapsedMs":1250},{"elementId":"A-003","elapsedMs":1354},{"elementId":"A-004","elapsedMs":1190},{"elementId":"A-005","elapsedMs":1237},{"elementId":"A-006","elapsedMs":1371},{"elementId":"A-007","elapsedMs":1379},{"elementId":"A-008","elapsedMs":1326},{"elementId":"A-009","elapsedMs":1168},{"elementId":"A-010","elapsedMs":1439},{"elementId":"A-011","elapsedMs":1749},{"elementId":"A-012","elapsedMs":1286},{"elementId":"A-013","elapsedMs":1360},{"elementId":"A-014","elapsedMs":1346},{"elementId":"A-015","elapsedMs":1151},{"elementId":"A-016","elapsedMs":1352},{"elementId":"A-018","elapsedMs":1311},{"elementId":"A-019","elapsedMs":1258},{"elementId":"A-020","elapsedMs":1204},{"elementId":"A-021","elapsedMs":1301},{"elementId":"A-022","elapsedMs":1224},{"elementId":"A-023","elapsedMs":1287},{"elementId":"A-024","elapsedMs":1228},{"elementId":"A-025","elapsedMs":1312},{"elementId":"A-026","elapsedMs":1443},{"elementId":"A-027","elapsedMs":1187},{"elementId":"A-028","elapsedMs":1184},{"elementId":"A-029","elapsedMs":1110},{"elementId":"A-030","elapsedMs":1121},{"elementId":"A-031","elapsedMs":1245},{"elementId":"A-032","elapsedMs":1149},{"elementId":"A-033","elapsedMs":1209},{"elementId":"B-001","elapsedMs":1258},{"elementId":"B-002","elapsedMs":1088},{"elementId":"B-003","elapsedMs":1427},{"elementId":"B-004","elapsedMs":2200},{"elementId":"B-005","elapsedMs":2044},{"elementId":"B-006","elapsedMs":2100},{"elementId":"B-007","elapsedMs":2176},{"elementId":"B-008","elapsedMs":1272},{"elementId":"B-009","elapsedMs":1439},{"elementId":"B-010","elapsedMs":1124},{"elementId":"B-011","elapsedMs":1237},{"elementId":"B-012","elapsedMs":1191},{"elementId":"B-013","elapsedMs":1218},{"elementId":"B-014","elapsedMs":1084},{"elementId":"B-015","elapsedMs":1114},{"elementId":"B-016","elapsedMs":1115},{"elementId":"B-017","elapsedMs":1261},{"elementId":"B-018","elapsedMs":1369},{"elementId":"B-019","elapsedMs":1196},{"elementId":"B-020","elapsedMs":1383},{"elementId":"B-021","elapsedMs":1415},{"elementId":"B-022","elapsedMs":1384},{"elementId":"B-023","elapsedMs":1269},{"elementId":"B-024","elapsedMs":1309},{"elementId":"B-025","elapsedMs":1160},{"elementId":"B-026","elapsedMs":1126},{"elementId":"B-027","elapsedMs":1218},{"elementId":"B-028","elapsedMs":1115},{"elementId":"B-029","elapsedMs":1247},{"elementId":"B-030","elapsedMs":1132},{"elementId":"B-031","elapsedMs":1258},{"elementId":"B-032","elapsedMs":1269},{"elementId":"B-033","elapsedMs":1261},{"elementId":"B-034","elapsedMs":1439},{"elementId":"B-035","elapsedMs":1359},{"elementId":"B-036","elapsedMs":1259},{"elementId":"B-037","elapsedMs":1254},{"elementId":"B-038","elapsedMs":1294},{"elementId":"B-039","elapsedMs":1393},{"elementId":"B-040","elapsedMs":1234},{"elementId":"B-041","elapsedMs":1107},{"elementId":"B-042","elapsedMs":1097},{"elementId":"B-043","elapsedMs":1282},{"elementId":"B-044","elapsedMs":1095},{"elementId":"B-045","elapsedMs":1203},{"elementId":"B-046","elapsedMs":1131},{"elementId":"B-047","elapsedMs":1161},{"elementId":"B-048","elapsedMs":1121},{"elementId":"C-001","elapsedMs":1175},{"elementId":"C-002","elapsedMs":1204},{"elementId":"C-003","elapsedMs":1172},{"elementId":"C-004","elapsedMs":1120},{"elementId":"C-005","elapsedMs":1170},{"elementId":"C-006","elapsedMs":1121},{"elementId":"C-007","elapsedMs":1264},{"elementId":"C-008","elapsedMs":1413},{"elementId":"C-009","elapsedMs":2144},{"elementId":"C-010","elapsedMs":1840},{"elementId":"C-011","elapsedMs":1568},{"elementId":"C-012","elapsedMs":1836},{"elementId":"C-013","elapsedMs":1746},{"elementId":"C-014","elapsedMs":1286},{"elementId":"C-016","elapsedMs":1230},{"elementId":"C-017","elapsedMs":1202},{"elementId":"C-018","elapsedMs":1193},{"elementId":"C-019","elapsedMs":1209},{"elementId":"C-021","elapsedMs":1050},{"elementId":"C-022","elapsedMs":1268},{"elementId":"C-024","elapsedMs":1194},{"elementId":"C-025","elapsedMs":1489},{"elementId":"D-001","elapsedMs":1130},{"elementId":"D-002","elapsedMs":1215},{"elementId":"D-003","elapsedMs":1150},{"elementId":"D-004","elapsedMs":1139},{"elementId":"D-005","elapsedMs":1129},{"elementId":"D-006","elapsedMs":1256},{"elementId":"D-007","elapsedMs":1263},{"elementId":"D-008","elapsedMs":1382},{"elementId":"D-009","elapsedMs":1240},{"elementId":"D-010","elapsedMs":1206},{"elementId":"D-011","elapsedMs":1331},{"elementId":"D-012","elapsedMs":1214},{"elementId":"D-013","elapsedMs":1179},{"elementId":"D-014","elapsedMs":1559},{"elementId":"D-015","elapsedMs":1812},{"elementId":"D-016","elapsedMs":1758},{"elementId":"D-017","elapsedMs":1216},{"elementId":"D-018","elapsedMs":1255},{"elementId":"D-019","elapsedMs":1178},{"elementId":"D-020","elapsedMs":1140},{"elementId":"D-021","elapsedMs":1537},{"elementId":"D-022","elapsedMs":1372},{"elementId":"D-023","elapsedMs":1552},{"elementId":"D-025","elapsedMs":1308},{"elementId":"D-026","elapsedMs":1140},{"elementId":"E-001","elapsedMs":1226},{"elementId":"E-002","elapsedMs":1134},{"elementId":"E-003","elapsedMs":1165},{"elementId":"E-004","elapsedMs":1254},{"elementId":"E-005","elapsedMs":1174},{"elementId":"E-006","elapsedMs":1100},{"elementId":"E-007","elapsedMs":1167},{"elementId":"E-009","elapsedMs":1051},{"elementId":"E-010","elapsedMs":1150},{"elementId":"E-012","elapsedMs":1171},{"elementId":"E-014","elapsedMs":1070},{"elementId":"E-015","elapsedMs":1098},{"elementId":"E-018","elapsedMs":1155},{"elementId":"E-019","elapsedMs":1135},{"elementId":"E-020","elapsedMs":1100}]}
{"type":"command-end","command":"npm run audit:public-text:v136","exitCode":0,"timedOut":false,"elapsedMs":190704}
{"type":"command-start","command":"npm run audit:duplicate-copy:v136","timeoutMs":600000,"time":"2026-09-29T02:42:27.755Z"}

> react-typescript@1.0.0 audit:duplicate-copy:v136
> node scripts/audit-vietnam-duplicate-copy-v136.mjs

{"type":"command-running","command":"npm run audit:duplicate-copy:v136","elapsedMs":30033}
{"type":"check","audit":"duplicate-copy:v136","name":"DUPLICATE_COPY_RUNTIME","status":"PASS","actual":{"runtimeFailure":null},"expected":{"runtimeFailure":null}}
{"type":"check","audit":"duplicate-copy:v136","name":"INSPECTED_ROUTE_COUNT","status":"PASS","actual":144,"expected":">=144"}
{"type":"check","audit":"duplicate-copy:v136","name":"DUPLICATE_VISIBLE_COPY_COUNT","status":"PASS","actual":{"glued":[],"repeatedHeadings":[]},"expected":[]}
{"type":"check","audit":"duplicate-copy:v136","name":"CONSOLE_ERROR","status":"PASS","actual":[],"expected":[]}
{"type":"summary","audit":"duplicate-copy:v136","status":"PASS","passed":4,"failed":0,"total":4,"failedChecks":[],"duplicateVisibleCopyCount":0,"gluedFindings":[],"repeatedHeadingFindings":[],"inspectedRoutes":144,"runtimeFailure":null}
{"type":"command-end","command":"npm run audit:duplicate-copy:v136","exitCode":0,"timedOut":false,"elapsedMs":43639}
{"type":"command-start","command":"npm run audit:map-list-ui:v136","timeoutMs":600000,"time":"2026-09-29T02:43:11.395Z"}

> react-typescript@1.0.0 audit:map-list-ui:v136
> node scripts/audit-vietnam-map-list-ui-v136.mjs

{"type":"check","audit":"map-list-ui:v136","name":"MAP_DATA_ITEM_COUNT","status":"PASS","actual":43,"expected":43}
{"type":"check","audit":"map-list-ui:v136","name":"MAP_DATA_AVAILABLE_COUNT","status":"PASS","actual":{"available":42,"unavailable":["B-017"]},"expected":42}
{"type":"check","audit":"map-list-ui:v136","name":"MAP_DATA_GROUP_COUNT","status":"PASS","actual":7,"expected":7}
{"type":"check","audit":"map-list-ui:v136","name":"MAP_GROUP_COUNT_LABELS","status":"PASS","actual":[{"name":"핵심 레이어","toggle":"true","toggleHeight":44,"count":20,"countText":"20개"},{"name":"에너지·인프라","toggle":"true","toggleHeight":44,"count":2,"countText":"2개"},{"name":"기후·위험","toggle":"true","toggleHeight":44,"count":3,"countText":"3개"},{"name":"물·자원","toggle":"true","toggleHeight":44,"count":5,"countText":"5개 · 준비 중 1"},{"name":"산림·토지","toggle":"true","toggleHeight":44,"count":6,"countText":"6개"},{"name":"정책·사업여건","toggle":"true","toggleHeight":44,"count":6,"countText":"6개"},{"name":"국제사업·재원","toggle":"true","toggleHeight":44,"count":1,"countText":"1개"}],"expected":"each category header states its own row count"}
{"type":"check","audit":"map-list-ui:v136","name":"MAP_NATIVE_BULLET_COUNT","status":"PASS","actual":0,"expected":0}
{"type":"check","audit":"map-list-ui:v136","name":"MAP_NATIVE_BUTTON_STYLE_COUNT","status":"PASS","actual":[],"expected":[]}
{"type":"check","audit":"map-list-ui:v136","name":"MAP_ITEM_CHECKBOX_CONTROL","status":"PASS","actual":[],"expected":"every row is a labelled checkbox"}
{"type":"check","audit":"map-list-ui:v136","name":"MAP_UNAVAILABLE_ROWS_DISABLED","status":"PASS","actual":[],"expected":[]}
{"type":"check","audit":"map-list-ui:v136","name":"MAP_ITEM_DUPLICATE_TITLE_COUNT","status":"PASS","actual":[],"expected":[]}
{"type":"check","audit":"map-list-ui:v136","name":"MAP_ITEM_TITLE_SUMMARY_SEPARATED","status":"PASS","actual":[],"expected":[]}
{"type":"check","audit":"map-list-ui:v136","name":"MAP_GROUP_TOGGLE_MINIMUM_TARGET","status":"PASS","actual":[],"expected":"all >= 44px"}
{"type":"check","audit":"map-list-ui:v136","name":"MAP_ITEM_MINIMUM_TARGET","status":"PASS","actual":[],"expected":"label >= 24px"}
{"type":"check","audit":"map-list-ui:v136","name":"MAP_ITEM_ACTIVE_STATE","status":"PASS","actual":{"checked":true,"role":"primary","badge":"분석 기준","groupCountText":"5개 · 준비 중 1 · 선택 1","catalogStatus":"42개 자료 · 선택 1개 · 준비 중 1개 · 색상·분석 기준: 주요 광산"},"expected":"selected dataset is checked, marked as the analysis, and counted in its category"}
{"type":"check","audit":"map-list-ui:v136","name":"MAP_GROUP_FOLD_KEEPS_SELECTION","status":"PASS","actual":{"expandedAfterFold":"false","listHidden":true,"primaryAfterFold":"B-048","expandedAfterUnfold":"true"},"expected":"folding hides rows and keeps the selection"}
{"type":"check","audit":"map-list-ui:v136","name":"MAP_LIST_RESPONSIVE_COVERAGE","status":"PASS","actual":{"widths":[390,768,1024,1280,1440,1920],"shortAtWidth":[]},"expected":[390,768,1024,1280,1440,1920]}
{"type":"check","audit":"map-list-ui:v136","name":"MAP_LIST_HORIZONTAL_OVERFLOW","status":"PASS","actual":[],"expected":[]}
{"type":"check","audit":"map-list-ui:v136","name":"BROKEN_ASSET","status":"PASS","actual":[],"expected":[]}
{"type":"check","audit":"map-list-ui:v136","name":"CONSOLE_ERROR","status":"PASS","actual":[],"expected":[]}
{"type":"check","audit":"map-list-ui:v136","name":"MAP_LIST_RUNTIME","status":"PASS","actual":{"runtimeFailure":null},"expected":{"runtimeFailure":null}}
{"type":"summary","audit":"map-list-ui:v136","status":"PASS","passed":19,"failed":0,"total":19,"failedChecks":[],"expectedLayers":42,"expectedTargets":43,"mapDataItemCount":43,"mapDataAvailableCount":42,"mapNativeBulletCount":0,"mapNativeButtonStyleCount":0,"mapItemDuplicateTitleCount":0,"groups":[{"name":"핵심 레이어","toggle":"true","toggleHeight":44,"count":20,"countText":"20개"},{"name":"에너지·인프라","toggle":"true","toggleHeight":44,"count":2,"countText":"2개"},{"name":"기후·위험","toggle":"true","toggleHeight":44,"count":3,"countText":"3개"},{"name":"물·자원","toggle":"true","toggleHeight":44,"count":5,"countText":"5개 · 준비 중 1"},{"name":"산림·토지","toggle":"true","toggleHeight":44,"count":6,"countText":"6개"},{"name":"정책·사업여건","toggle":"true","toggleHeight":44,"count":6,"countText":"6개"},{"name":"국제사업·재원","toggle":"true","toggleHeight":44,"count":1,"countText":"1개"}],"items":[{"elementId":"A-023","available":true,"checkbox":true,"checked":false,"disabled":false,"labelledBy":true,"title":"발전소","summary":"입지·발전원·설비용량 분포 · WRI(세계자원연구소) 2021","strongDisplay":"block","smallDisplay":"block","visible":true,"height":45,"role":"inactive","badge":""},{"elementId":"A-024","available":true,"checkbox":true,"checked":false,"disabled":false,"labelledBy":true,"title":"베트남 송전망","summary":"선로 경로·전압별 분포 · 2016","strongDisplay":"block","smallDisplay":"block","visible":true,"height":31,"role":"inactive","badge":""},{"elementId":"B-003","available":true,"checkbox":true,"checked":false,"disabled":false,"labelledBy":true,"title":"연평균 기온·강수","summary":"성·시 경계(개편 후 34개 기본 · 개편 전 63개 토글) · 2025","strongDisplay":"block","smallDisplay":"block","visible":true,"height":45,"role":"inactive","badge":""},{"elementId":"B-004","available":true,"checkbox":true,"checked":false,"disabled":false,"labelledBy":true,"title":"미래기후 전망(CMIP6)","summary":"성·시 경계(개편 후 34개 기본 · 개편 전 63개 토글) · 2100","strongDisplay":"block","smallDisplay":"block","visible":true,"height":45,"role":"inactive","badge":""},{"elementId":"B-008","available":true,"checkbox":true,"checked":false,"disabled":false,"labelledBy":true,"title":"해수면 상승 전망","summary":"관측소 점 · 2100","strongDisplay":"block","smallDisplay":"block","visible":true,"height":31,"role":"inactive","badge":""},{"elementId":"B-012","available":true,"checkbox":true,"checked":false,"disabled":false,"labelledBy":true,"title":"재해 이력","summary":"사건 점 · 2024","strongDisplay":"block","smallDisplay":"block","visible":true,"height":31,"role":"inactive","badge":""},{"elementId":"B-021","available":true,"checkbox":true,"checked":false,"disabled":false,"labelledBy":true,"title":"지역 취약성","summary":"권역별 취약성 수준 · 2023","strongDisplay":"block","smallDisplay":"block","visible":true,"height":31,"role":"inactive","badge":""},{"elementId":"B-033","available":true,"checkbox":true,"checked":false,"disabled":false,"labelledBy":true,"title":"연간 산림손실","summary":"지역별 손실·연도 변화 · 2024","strongDisplay":"block","smallDisplay":"block","visible":true,"height":31,"role":"inactive","badge":""},{"elementId":"B-037","available":true,"checkbox":true,"checked":false,"disabled":false,"labelledBy":true,"title":"토지피복 분류별 면적","summary":"성·시 경계(개편 후 34개 기본 · 개편 전 63개 토글) · 2021","strongDisplay":"block","smallDisplay":"block","visible":true,"height":45,"role":"inactive","badge":""},{"elementId":"B-039","available":true,"checkbox":true,"checked":false,"disabled":false,"labelledBy":true,"title":"수력 이론 잠재량","summary":"성·시 경계(개편 후 34개 기본 · 개편 전 63개 토글) · 2017","strongDisplay":"block","smallDisplay":"block","visible":true,"height":45,"role":"inactive","badge":""},{"elementId":"B-041","available":true,"checkbox":true,"checked":false,"disabled":false,"labelledBy":true,"title":"태양광 자원","summary":"성·시 경계(개편 후 34개 기본 · 개편 전 63개 토글) · 1999–2018 장기평균(LTA)","strongDisplay":"block","smallDisplay":"block","visible":true,"height":59,"role":"inactive","badge":""},{"elementId":"B-042","available":true,"checkbox":true,"checked":false,"disabled":false,"labelledBy":true,"title":"풍력 자원","summary":"성·시 경계(개편 후 34개 기본 · 개편 전 63개 토글) · 2008–2017 장기평균(ERA5(유럽중기예보센터 제5세대 재분석자료) 기반)","strongDisplay":"block","smallDisplay":"block","visible":true,"height":74,"role":"inactive","badge":""},{"elementId":"C-016","available":true,"checkbox":true,"checked":false,"disabled":false,"labelledBy":true,"title":"재생에너지 지역계획","summary":"성·시별 계획용량 · 2025-2030","strongDisplay":"block","smallDisplay":"block","visible":true,"height":31,"role":"inactive","badge":""},{"elementId":"C-025","available":true,"checkbox":true,"checked":false,"disabled":false,"labelledBy":true,"title":"탄소크레딧 사업","summary":"위치·유형별 분포 · 2026","strongDisplay":"block","smallDisplay":"block","visible":true,"height":31,"role":"inactive","badge":""},{"elementId":"D-018","available":true,"checkbox":true,"checked":false,"disabled":false,"labelledBy":true,"title":"적응기금 사업","summary":"참여지역·활동지역 · 2026","strongDisplay":"block","smallDisplay":"block","visible":true,"height":31,"role":"inactive","badge":""},{"elementId":"E-004","available":true,"checkbox":true,"checked":false,"disabled":false,"labelledBy":true,"title":"국제기구 현지사무소","summary":"사무소 점(정밀도 표시) · 2026","strongDisplay":"block","smallDisplay":"block","visible":true,"height":31,"role":"inactive","badge":""},{"elementId":"E-005","available":true,"checkbox":true,"checked":false,"disabled":false,"labelledBy":true,"title":"대학·연구기관·NGO(비정부기구)","summary":"기관 점(정밀도 표시) · 2026","strongDisplay":"block","smallDisplay":"block","visible":true,"height":31,"role":"inactive","badge":""},{"elementId":"E-006","available":true,"checkbox":true,"checked":false,"disabled":false,"labelledBy":true,"title":"현지 투자자 네트워크","summary":"거점 점(정밀도 표시) · 2026","strongDisplay":"block","smallDisplay":"block","visible":true,"height":31,"role":"inactive","badge":""},{"elementId":"E-018","available":true,"checkbox":true,"checked":false,"disabled":false,"labelledBy":true,"title":"한국 기업 진출","summary":"사업지 점(진출 상태·정밀도 표시) · 2026","strongDisplay":"block","smallDisplay":"block","visible":true,"height":45,"role":"inactive","badge":""},{"elementId":"E-019","available":true,"checkbox":true,"checked":false,"disabled":false,"labelledBy":true,"title":"한국 기관 사무소","summary":"사무소 점(정밀도 표시) · 2026","strongDisplay":"block","smallDisplay":"block","visible":true,"height":31,"role":"inactive","badge":""},{"elementId":"A-025","available":true,"checkbox":true,"checked":false,"disabled":false,"labelledBy":true,"title":"CCS(탄소포집·저장) 시설·실증 및 후보지역","summary":"시설·후보지 점 · 2026","strongDisplay":"block","smallDisplay":"block","visible":true,"height":46,"role":"inactive","badge":""},{"elementId":"B-040","available":true,"checkbox":true,"checked":false,"disabled":false,"labelledBy":true,"title":"지열 자원(심도별 지온)","summary":"성·시 경계(개편 후 34개 기본 · 개편 전 63개 토글) · 2026","strongDisplay":"block","smallDisplay":"block","visible":true,"height":45,"role":"inactive","badge":""},{"elementId":"B-005","available":true,"checkbox":true,"checked":false,"disabled":false,"labelledBy":true,"title":"가뭄","summary":"성·시 경계(개편 후 34개 기본 · 개편 전 63개 토글) · 2100","strongDisplay":"block","smallDisplay":"block","visible":true,"height":45,"role":"inactive","badge":""},{"elementId":"B-006","available":true,"checkbox":true,"checked":false,"disabled":false,"labelledBy":true,"title":"폭염","summary":"성·시 경계(개편 후 34개 기본 · 개편 전 63개 토글) · 2100","strongDisplay":"block","smallDisplay":"block","visible":true,"height":45,"role":"inactive","badge":""},{"elementId":"B-007","available":true,"checkbox":true,"checked":false,"disabled":false,"labelledBy":true,"title":"극한강수","summary":"성·시 경계(개편 후 34개 기본 · 개편 전 63개 토글) · 2100","strongDisplay":"block","smallDisplay":"block","visible":true,"height":45,"role":"inactive","badge":""},{"elementId":"B-017","available":false,"checkbox":true,"checked":false,"disabled":true,"labelledBy":true,"title":"물 스트레스","summary":"위치자료 미확보 · 지도 표시 제외","strongDisplay":"block","smallDisplay":"block","visible":true,"height":45,"role":"inactive","badge":""},{"elementId":"B-023","available":true,"checkbox":true,"checked":false,"disabled":false,"labelledBy":true,"title":"건기·우기 유량 차이","summary":"관측지점 점 · 유역 대표점 · 2026","strongDisplay":"block","smallDisplay":"block","visible":true,"height":31,"role":"inactive","badge":""},{"elementId":"B-025","available":true,"checkbox":true,"checked":false,"disabled":false,"labelledBy":true,"title":"유역면적","summary":"유역 대표점 · 2026","strongDisplay":"block","smallDisplay":"block","visible":true,"height":31,"role":"inactive","badge":""},{"elementId":"B-028","available":true,"checkbox":true,"checked":false,"disabled":false,"labelledBy":true,"title":"하천유량","summary":"관측지점 점 · 유역 대표점 · 2026","strongDisplay":"block","smallDisplay":"block","visible":true,"height":31,"role":"inactive","badge":""},{"elementId":"B-048","available":true,"checkbox":true,"checked":false,"disabled":false,"labelledBy":true,"title":"주요 광산","summary":"위치·광종 분포 · 2022","strongDisplay":"block","smallDisplay":"block","visible":true,"height":31,"role":"inactive","badge":""},{"elementId":"B-029","available":true,"checkbox":true,"checked":false,"disabled":false,"labelledBy":true,"title":"이탄지 면적(산림 유형별 면적 중)","summary":"성·시 경계(개편 후 34개 기본 · 개편 전 63개 토글) · 2022","strongDisplay":"block","smallDisplay":"block","visible":true,"height":45,"role":"inactive","badge":""},{"elementId":"B-030","available":true,"checkbox":true,"checked":false,"disabled":false,"labelledBy":true,"title":"산림 이득","summary":"성·시 경계(개편 후 34개 기본 · 개편 전 63개 토글) · 2000–2020","strongDisplay":"block","smallDisplay":"block","visible":true,"height":45,"role":"inactive","badge":""},{"elementId":"B-031","available":true,"checkbox":true,"checked":false,"disabled":false,"labelledBy":true,"title":"산림 총면적","summary":"성·시별 산림면적 · 2010","strongDisplay":"block","smallDisplay":"block","visible":true,"height":31,"role":"inactive","badge":""},{"elementId":"B-032","available":true,"checkbox":true,"checked":false,"disabled":false,"labelledBy":true,"title":"수관 피복률","summary":"성·시별 수관피복률 · 2010","strongDisplay":"block","smallDisplay":"block","visible":true,"height":31,"role":"inactive","badge":""},{"elementId":"B-034","available":true,"checkbox":true,"checked":false,"disabled":false,"labelledBy":true,"title":"산림 탄소","summary":"저장·배출·흡수량 · 2001–2024","strongDisplay":"block","smallDisplay":"block","visible":true,"height":31,"role":"inactive","badge":""},{"elementId":"C-024","available":true,"checkbox":true,"checked":false,"disabled":false,"labelledBy":true,"title":"REDD+(산림전용·산림황폐화 배출 감축 플러스) 사업 참여지역","summary":"성·시 경계(개편 후 34개 기본 · 개편 전 63개 토글) · 2022","strongDisplay":"block","smallDisplay":"block","visible":true,"height":61,"role":"inactive","badge":""},{"elementId":"C-009","available":true,"checkbox":true,"checked":false,"disabled":false,"labelledBy":true,"title":"기후 법제도(지방 문서)","summary":"성·시 경계(개편 후 34개 기본 · 개편 전 63개 토글) · 2021–2025","strongDisplay":"block","smallDisplay":"block","visible":true,"height":45,"role":"inactive","badge":""},{"elementId":"C-010","available":true,"checkbox":true,"checked":false,"disabled":false,"labelledBy":true,"title":"환경 법제도(지방 문서)","summary":"성·시 경계(개편 후 34개 기본 · 개편 전 63개 토글) · 2021–2025","strongDisplay":"block","smallDisplay":"block","visible":true,"height":45,"role":"inactive","badge":""},{"elementId":"C-012","available":true,"checkbox":true,"checked":false,"disabled":false,"labelledBy":true,"title":"PPP(민관협력) 사업 이력","summary":"34개 성·시 값을 소속 63개 경계에 동일 표시 · 1997–2024","strongDisplay":"block","smallDisplay":"block","visible":true,"height":45,"role":"inactive","badge":""},{"elementId":"C-013","available":true,"checkbox":true,"checked":false,"disabled":false,"labelledBy":true,"title":"외국인 투자 규정(지역 특별 인센티브)","summary":"34개 성·시 값을 소속 63개 경계에 동일 표시 · 2014–2025","strongDisplay":"block","smallDisplay":"block","visible":true,"height":61,"role":"inactive","badge":""},{"elementId":"C-019","available":true,"checkbox":true,"checked":false,"disabled":false,"labelledBy":true,"title":"탄소시장 대상시설(인벤토리 의무)","summary":"34개 성·시 값을 소속 63개 경계에 동일 표시 · 2026","strongDisplay":"block","smallDisplay":"block","visible":true,"height":45,"role":"inactive","badge":""},{"elementId":"C-022","available":true,"checkbox":true,"checked":false,"disabled":false,"labelledBy":true,"title":"탄소시장 대상시설 업종 구성","summary":"34개 성·시 값을 소속 63개 경계에 동일 표시 · 2026","strongDisplay":"block","smallDisplay":"block","visible":true,"height":45,"role":"inactive","badge":""},{"elementId":"D-008","available":true,"checkbox":true,"checked":false,"disabled":false,"labelledBy":true,"title":"지역 기후예산","summary":"성·시별 기후예산 규모 · 2010-2013","strongDisplay":"block","smallDisplay":"block","visible":true,"height":31,"role":"inactive","badge":""}],"activeState":{"checked":true,"role":"primary","badge":"분석 기준","groupCountText":"5개 · 준비 중 1 · 선택 1","catalogStatus":"42개 자료 · 선택 1개 · 준비 중 1개 · 색상·분석 기준: 주요 광산"},"foldState":{"expandedAfterFold":"false","listHidden":true,"primaryAfterFold":"B-048","expandedAfterUnfold":"true"},"responsive":[{"width":390,"itemCount":43,"overflow":-15},{"width":768,"itemCount":43,"overflow":-15},{"width":1024,"itemCount":43,"overflow":-15},{"width":1280,"itemCount":43,"overflow":-15},{"width":1440,"itemCount":43,"overflow":-15},{"width":1920,"itemCount":43,"overflow":-15}],"runtimeFailure":null}
{"type":"command-end","command":"npm run audit:map-list-ui:v136","exitCode":0,"timedOut":false,"elapsedMs":5944}
{"type":"command-start","command":"npm run audit:map-copy:v136","timeoutMs":600000,"time":"2026-09-29T02:43:17.340Z"}

> react-typescript@1.0.0 audit:map-copy:v136
> node scripts/audit-vietnam-map-copy-v136.mjs

{"type":"check","audit":"map-copy:v136","name":"MAP_COPY_RUNTIME","status":"PASS","actual":{"runtimeFailure":null},"expected":{"runtimeFailure":null}}
{"type":"check","audit":"map-copy:v136","name":"MAP_PANEL_REQUIRED_COPY","status":"PASS","actual":[],"expected":[]}
{"type":"check","audit":"map-copy:v136","name":"MAP_PANEL_RETIRED_COPY","status":"PASS","actual":[],"expected":[]}
{"type":"check","audit":"map-copy:v136","name":"MAP_SOURCE_RETIRED_COPY","status":"PASS","actual":[],"expected":[]}
{"type":"check","audit":"map-copy:v136","name":"MAP_PANEL_SECTION_ORDER","status":"PASS","actual":["데이터 지도","지도 데이터"],"expected":"지도 데이터 present, no 추천 분석 section (V150)"}
{"type":"check","audit":"map-copy:v136","name":"MAP_PRESET_COUNT","status":"PASS","actual":0,"expected":0}
{"type":"check","audit":"map-copy:v136","name":"MAP_DATA_ITEM_COUNT","status":"PASS","actual":43,"expected":43}
{"type":"check","audit":"map-copy:v136","name":"MAP_GUIDE_DEFAULT_OPEN","status":"PASS","actual":false,"expected":false}
{"type":"check","audit":"map-copy:v136","name":"MAP_GUIDE_ROW_COUNT","status":"PASS","actual":42,"expected":42}
{"type":"check","audit":"map-copy:v136","name":"MAP_GUIDE_READER_COLUMNS","status":"PASS","actual":["데이터명","지도 표시","기준기간","데이터 기능","참고사항","데이터명","지도 표시","기준기간","데이터 기능","참고사항","데이터명","지도 표시","기준기간","데이터 기능","참고사항","데이터명","지도 표시","기준기간","데이터 기능","참고사항","데이터명","지도 표시","기준기간","데이터 기능","참고사항","데이터명","지도 표시","기준기간","데이터 기능","참고사항","데이터명","지도 표시","기준기간","데이터 기능","참고사항"],"expected":"지도 표시 replaces 공간 표현"}
{"type":"check","audit":"map-copy:v136","name":"CONSOLE_ERROR","status":"PASS","actual":[],"expected":[]}
{"type":"summary","audit":"map-copy:v136","status":"PASS","passed":11,"failed":0,"total":11,"failedChecks":[],"panelHeadingOrder":["데이터 지도","지도 데이터"],"guideHeadings":["데이터명","지도 표시","기준기간","데이터 기능","참고사항","데이터명","지도 표시","기준기간","데이터 기능","참고사항","데이터명","지도 표시","기준기간","데이터 기능","참고사항","데이터명","지도 표시","기준기간","데이터 기능","참고사항","데이터명","지도 표시","기준기간","데이터 기능","참고사항","데이터명","지도 표시","기준기간","데이터 기능","참고사항","데이터명","지도 표시","기준기간","데이터 기능","참고사항"],"missingCopy":[],"retiredCopy":[],"runtimeFailure":null}
{"type":"command-end","command":"npm run audit:map-copy:v136","exitCode":0,"timedOut":false,"elapsedMs":2960}
{"type":"command-start","command":"npm run audit:public-controls:v136","timeoutMs":600000,"time":"2026-09-29T02:43:20.301Z"}

> react-typescript@1.0.0 audit:public-controls:v136
> node scripts/audit-vietnam-public-controls-v136.mjs

{"type":"check","audit":"public-controls:v136","name":"PUBLIC_CONTROLS_RUNTIME","status":"PASS","actual":{"runtimeFailure":null,"mapPanel":true},"expected":{"runtimeFailure":null,"mapPanel":true}}
{"type":"check","audit":"public-controls:v136","name":"MAP_NATIVE_BUTTON_STYLE_COUNT","status":"PASS","actual":[],"expected":[]}
{"type":"check","audit":"public-controls:v136","name":"MAP_NATIVE_BULLET_COUNT","status":"PASS","actual":[],"expected":[]}
{"type":"check","audit":"public-controls:v136","name":"FINDER_NATIVE_BUTTON_STYLE_COUNT","status":"PASS","actual":[],"expected":[]}
{"type":"check","audit":"public-controls:v136","name":"CONSOLE_ERROR","status":"PASS","actual":[],"expected":[]}
{"type":"summary","audit":"public-controls:v136","status":"PASS","passed":5,"failed":0,"total":5,"failedChecks":[],"mapNativeButtonStyleCount":0,"mapNativeBulletCount":0,"finderNativeButtonStyleCount":0,"runtimeFailure":null}
{"type":"command-end","command":"npm run audit:public-controls:v136","exitCode":0,"timedOut":false,"elapsedMs":3327}
{"type":"command-start","command":"npm run audit:finder-scroll:v136","timeoutMs":600000,"time":"2026-09-29T02:43:23.629Z"}

> react-typescript@1.0.0 audit:finder-scroll:v136
> node scripts/audit-vietnam-finder-scroll-v136.mjs

{"type":"check","audit":"finder-scroll:v136","name":"FINDER_SCROLL_RUNTIME","status":"PASS","actual":{"runtimeFailure":null},"expected":{"runtimeFailure":null}}
{"type":"check","audit":"finder-scroll:v136","name":"FINDER_LOAD_MORE_VISIBLE_COUNT","status":"PASS","actual":0,"expected":0}
{"type":"check","audit":"finder-scroll:v136","name":"FINDER_INTERSECTION_OBSERVER","status":"PASS","actual":{"usesObserver":true},"expected":true}
{"type":"check","audit":"finder-scroll:v136","name":"INITIAL_VISIBLE_COUNT","status":"PASS","actual":24,"expected":24}
{"type":"check","audit":"finder-scroll:v136","name":"AUTO_LOAD_SEQUENCE","status":"PASS","actual":[24,48,72,96,120,141],"expected":[24,48,72,96,120,141]}
{"type":"check","audit":"finder-scroll:v136","name":"DUPLICATE_CARD_COUNT","status":"PASS","actual":0,"expected":0}
{"type":"check","audit":"finder-scroll:v136","name":"FILTER_RESET_VISIBLE_COUNT","status":"PASS","actual":{"visible":24,"total":70,"resetTo":24},"expected":{"resetTo":24}}
{"type":"check","audit":"finder-scroll:v136","name":"BACK_NAV_VISIBLE_COUNT_RESTORED","status":"PASS","actual":{"beforeLeave":{"count":96,"scrollY":14335,"maxScrollY":18926},"afterBack":{"count":96,"scrollY":14335,"maxScrollY":18926,"savedScrollY":14335,"restoreState":"settled"},"restoreDurationMs":293},"expected":"restored revealed rows"}
{"type":"check","audit":"finder-scroll:v136","name":"BACK_NAV_SCROLL_RESTORED","status":"PASS","actual":{"beforeLeave":{"count":96,"scrollY":14335,"maxScrollY":18926},"afterBack":{"count":96,"scrollY":14335,"maxScrollY":18926,"savedScrollY":14335,"restoreState":"settled"},"restoreDurationMs":293,"scrollDrift":0},"expected":"settled within 200px of the previous offset"}
{"type":"check","audit":"finder-scroll:v136","name":"ARIA_BUSY_CONTRACT","status":"PASS","actual":{"busyAttributePresent":true,"busySettled":true,"sentinelFocusable":false,"sentinelHidden":true},"expected":{"busyAttributePresent":true,"busySettled":true,"sentinelFocusable":false}}
{"type":"check","audit":"finder-scroll:v136","name":"FINDER_RESPONSIVE_AUTOLOAD","status":"PASS","actual":[],"expected":[]}
{"type":"check","audit":"finder-scroll:v136","name":"FINDER_RESPONSIVE_OVERFLOW","status":"PASS","actual":[],"expected":[]}
{"type":"check","audit":"finder-scroll:v136","name":"CONSOLE_ERROR","status":"PASS","actual":[],"expected":[]}
{"type":"summary","audit":"finder-scroll:v136","status":"PASS","passed":13,"failed":0,"total":13,"failedChecks":[],"finderLoadMoreVisibleCount":0,"finderIntersectionObserver":true,"initialVisibleCount":24,"autoLoadSequence":[24,48,72,96,120,141],"duplicateCardCount":0,"filterReset":{"visible":24,"total":70,"resetTo":24},"backNav":{"beforeLeave":{"count":96,"scrollY":14335,"maxScrollY":18926},"afterBack":{"count":96,"scrollY":14335,"maxScrollY":18926,"savedScrollY":14335,"restoreState":"settled"},"restoreDurationMs":293,"savedScrollY":14335,"finalScrollY":14335,"scrollDrift":0,"maxScrollY":18926,"restoreState":"settled","restoreDuration":293},"ariaContract":{"busyAttributePresent":true,"busySettled":true,"sentinelFocusable":false,"sentinelHidden":true},"responsive":[{"width":390,"revealed":[24,48,72],"overflow":-15},{"width":768,"revealed":[24,48,72],"overflow":-15},{"width":1024,"revealed":[24,48,72],"overflow":-15},{"width":1280,"revealed":[24,48,72],"overflow":-15},{"width":1440,"revealed":[24,48,72],"overflow":-15},{"width":1920,"revealed":[24,48,72],"overflow":-15}],"runtimeFailure":null}
{"type":"command-end","command":"npm run audit:finder-scroll:v136","exitCode":0,"timedOut":false,"elapsedMs":10550}
{"type":"command-start","command":"npm run test:unit","timeoutMs":600000,"time":"2026-09-29T02:43:34.180Z"}

> react-typescript@1.0.0 test:unit
> react-scripts test --env=jsdom --watchAll=false

PASS src/data/spec/coreFirstV160.test.ts
PASS src/data/map/boundaryPolicyV151.test.ts
  ● Console

    console.log
      [B-031] national total preserved across 3 variable/period series

      at Object.<anonymous> (src/data/map/boundaryPolicyV151.test.ts:141:11)

    console.log
      [B-032] Lâm Đồng (real memberAreaKm2): value=58.519891604823044 min=35.57 max=73.35 valueCount=3

      at Object.<anonymous> (src/data/map/boundaryPolicyV151.test.ts:175:11)

    console.log
      [C-019] 34 of 34 units carry the replicated value (34 source regions)

      at Object.<anonymous> (src/data/map/boundaryPolicyV151.test.ts:201:11)

PASS src/data/visualization/detailAnalysisV146.test.ts
PASS src/data/visualization/publicIndicatorCopyV144.test.ts
PASS src/data/visualization/detailModelsV147.test.ts
PASS src/components/data/templates/templateVariantsV159.test.ts
PASS src/data/visualization/publicRecordRoleV142.test.ts
PASS src/components/data/public/PublicPortfolioWorkspaceV143.test.ts
PASS src/components/data/public/PolicyDescriptionV153.test.tsx
PASS src/components/data/public/ResearchPatentAnalysisV144.test.ts
PASS src/pages/HomePage.v160.test.tsx
PASS src/data/visualization/publicVisualizationContractV153.test.ts
PASS src/components/data/description/DataDescriptionV159.test.tsx
PASS src/pages/DataExplorerPage.filterByTier.test.ts
PASS src/components/data/description/SourceLineV159.test.tsx
PASS src/components/help/PublicTermV134.test.tsx
PASS src/data/countryContext.test.ts
PASS src/data/map/mapLabelsV151.test.ts
  ● Console

    console.log
      [mapLabelsV151.test] centroid anchors outside their polygon: 2 / 97

      at Object.<anonymous> (src/data/map/mapLabelsV151.test.ts:67:11)

PASS src/data/spec/datasetTypologyV159.test.ts
PASS src/components/data/public/RankFoldV160.test.tsx
PASS src/map/layers/iconCensusV152.test.ts
PASS src/map/layers/pointIconLayer.test.ts
PASS src/data/visualization/facilityCardV153.test.ts
PASS src/hooks/useResizableMapPanelsV129.test.tsx
  ● Console

    console.error
      Warning: The current testing environment is not configured to support act(...)

    [0m [90m 40 |[39m   document[33m.[39mbody[33m.[39mappendChild(container)[33m;[39m
     [90m 41 |[39m   root [33m=[39m createRoot(container)[33m;[39m
    [31m[1m>[22m[39m[90m 42 |[39m   act(() [33m=>[39m root[33m.[39mrender([33m<[39m[33mHarness[39m [33m/[39m[33m>[39m))[33m;[39m
     [90m    |[39m                  [31m[1m^[22m[39m
     [90m 43 |[39m })[33m;[39m
     [90m 44 |[39m afterEach(() [33m=>[39m {
     [90m 45 |[39m   act(() [33m=>[39m root[33m.[39munmount())[33m;[39m[0m

      at printWarning (node_modules/react-dom/cjs/react-dom.development.js:86:30)
      at error (node_modules/react-dom/cjs/react-dom.development.js:60:7)
      at isConcurrentActEnvironment (node_modules/react-dom/cjs/react-dom.development.js:25260:7)
      at warnIfUpdatesNotWrappedWithActDEV (node_modules/react-dom/cjs/react-dom.development.js:27559:12)
      at scheduleUpdateOnFiber (node_modules/react-dom/cjs/react-dom.development.js:25508:5)
      at updateContainer (node_modules/react-dom/cjs/react-dom.development.js:28858:5)
      at ReactDOMRoot.render (node_modules/react-dom/cjs/react-dom.development.js:29314:3)
      at src/hooks/useResizableMapPanelsV129.test.tsx:42:18
      at act (node_modules/react/cjs/react.development.js:2512:16)
      at Object.<anonymous> (src/hooks/useResizableMapPanelsV129.test.tsx:42:6)

    console.error
      Warning: The current testing environment is not configured to support act(...)

    [0m [90m 111 |[39m         drag[33m.[39mcurrent [33m=[39m { side[33m,[39m x[33m:[39m event[33m.[39mclientX[33m,[39m width[33m:[39m effective[side] }[33m;[39m
     [90m 112 |[39m         attach()[33m;[39m
    [31m[1m>[22m[39m[90m 113 |[39m         setIsResizing([36mtrue[39m)[33m;[39m
     [90m     |[39m         [31m[1m^[22m[39m
     [90m 114 |[39m       }[33m,[39m
     [90m 115 |[39m       onKeyDown[33m:[39m (event[33m:[39m [33mKeyboardEvent[39m[33m<[39m[33mHTMLDivElement[39m[33m>[39m) [33m=>[39m {
     [90m 116 |[39m         [36mif[39m (disabled [33m||[39m [33m![39m[[32m"ArrowLeft"[39m[33m,[39m [32m"ArrowRight"[39m[33m,[39m [32m"Home"[39m[33m,[39m [32m"End"[39m][33m.[39mincludes(event[33m.[39mkey)) [36mreturn[39m[33m;[39m[0m

      at printWarning (node_modules/react-dom/cjs/react-dom.development.js:86:30)
      at error (node_modules/react-dom/cjs/react-dom.development.js:60:7)
      at isConcurrentActEnvironment (node_modules/react-dom/cjs/react-dom.development.js:25260:7)
      at warnIfUpdatesNotWrappedWithActDEV (node_modules/react-dom/cjs/react-dom.development.js:27559:12)
      at scheduleUpdateOnFiber (node_modules/react-dom/cjs/react-dom.development.js:25508:5)
      at setIsResizing (node_modules/react-dom/cjs/react-dom.development.js:17527:7)
      at onPointerDown (src/hooks/useResizableMapPanelsV129.ts:113:9)
      at HTMLUnknownElement.callCallback (node_modules/react-dom/cjs/react-dom.development.js:4164:14)
      at HTMLUnknownElement.callTheUserObjectsOperation (node_modules/jsdom/lib/jsdom/living/generated/EventListener.js:26:30)
      at innerInvokeEventListeners (node_modules/jsdom/lib/jsdom/living/events/EventTarget-impl.js:338:25)
      at invokeEventListeners (node_modules/jsdom/lib/jsdom/living/events/EventTarget-impl.js:274:3)
      at HTMLUnknownElementImpl._dispatch (node_modules/jsdom/lib/jsdom/living/events/EventTarget-impl.js:221:9)
      at HTMLUnknownElementImpl.dispatchEvent (node_modules/jsdom/lib/jsdom/living/events/EventTarget-impl.js:94:17)
      at HTMLUnknownElement.dispatchEvent (node_modules/jsdom/lib/jsdom/living/generated/EventTarget.js:231:34)
      at Object.invokeGuardedCallbackDev (node_modules/react-dom/cjs/react-dom.development.js:4213:16)
      at invokeGuardedCallback (node_modules/react-dom/cjs/react-dom.development.js:4277:31)
      at invokeGuardedCallbackAndCatchFirstError (node_modules/react-dom/cjs/react-dom.development.js:4291:25)
      at executeDispatch (node_modules/react-dom/cjs/react-dom.development.js:9041:3)
      at processDispatchQueueItemsInOrder (node_modules/react-dom/cjs/react-dom.development.js:9073:7)
      at processDispatchQueue (node_modules/react-dom/cjs/react-dom.development.js:9086:5)
      at dispatchEventsForPlugins (node_modules/react-dom/cjs/react-dom.development.js:9097:3)
      at node_modules/react-dom/cjs/react-dom.development.js:9288:12
      at batchedUpdates$1 (node_modules/react-dom/cjs/react-dom.development.js:26140:12)
      at batchedUpdates (node_modules/react-dom/cjs/react-dom.development.js:3991:12)
      at dispatchEventForPluginEventSystem (node_modules/react-dom/cjs/react-dom.development.js:9287:3)
      at dispatchEventWithEnableCapturePhaseSelectiveHydrationWithoutDiscreteEventReplay (node_modules/react-dom/cjs/react-dom.development.js:6465:5)
      at dispatchEvent (node_modules/react-dom/cjs/react-dom.development.js:6457:5)
      at dispatchDiscreteEvent (node_modules/react-dom/cjs/react-dom.development.js:6430:5)
      at HTMLDivElement.callTheUserObjectsOperation (node_modules/jsdom/lib/jsdom/living/generated/EventListener.js:26:30)
      at innerInvokeEventListeners (node_modules/jsdom/lib/jsdom/living/events/EventTarget-impl.js:338:25)
      at invokeEventListeners (node_modules/jsdom/lib/jsdom/living/events/EventTarget-impl.js:274:3)
      at HTMLDivElementImpl._dispatch (node_modules/jsdom/lib/jsdom/living/events/EventTarget-impl.js:221:9)
      at HTMLDivElementImpl.dispatchEvent (node_modules/jsdom/lib/jsdom/living/events/EventTarget-impl.js:94:17)
      at HTMLDivElement.dispatchEvent (node_modules/jsdom/lib/jsdom/living/generated/EventTarget.js:231:34)
      at src/hooks/useResizableMapPanelsV129.test.tsx:58:17
      at act (node_modules/react/cjs/react.development.js:2512:16)
      at Object.<anonymous> (src/hooks/useResizableMapPanelsV129.test.tsx:55:8)

    console.error
      Warning: The current testing environment is not configured to support act(...)

    [0m [90m 55 |[39m   }[33m,[39m [layoutWidth])[33m;[39m
     [90m 56 |[39m   [36mconst[39m setWidth [33m=[39m useCallback((side[33m:[39m [33mResizableMapPanelSideV129[39m[33m,[39m value[33m:[39m number) [33m=>[39m {
    [31m[1m>[22m[39m[90m 57 |[39m     setPriority(side)[33m;[39m
     [90m    |[39m     [31m[1m^[22m[39m
     [90m 58 |[39m     [36mconst[39m width [33m=[39m currentLayoutWidth()[33m;[39m
     [90m 59 |[39m     setWidths(current [33m=>[39m {
     [90m 60 |[39m       [36mconst[39m fitted [33m=[39m fitMapPanelsV150(width[33m,[39m side [33m===[39m [32m"left"[39m [33m?[39m value [33m:[39m current[33m.[39mleft[33m,[39m side [33m===[39m [32m"right"[39m [33m?[39m value [33m:[39m current[33m.[39mright[33m,[39m leftPanelOpen[33m,[39m rightPanelOpen[33m,[39m side)[33m;[39m[0m

      at printWarning (node_modules/react-dom/cjs/react-dom.development.js:86:30)
      at error (node_modules/react-dom/cjs/react-dom.development.js:60:7)
      at isConcurrentActEnvironment (node_modules/react-dom/cjs/react-dom.development.js:25260:7)
      at warnIfUpdatesNotWrappedWithActDEV (node_modules/react-dom/cjs/react-dom.development.js:27559:12)
      at scheduleUpdateOnFiber (node_modules/react-dom/cjs/react-dom.development.js:25508:5)
      at setPriority (node_modules/react-dom/cjs/react-dom.development.js:17527:7)
      at Object.current (src/hooks/useResizableMapPanelsV129.ts:57:5)
      at move (src/hooks/useResizableMapPanelsV129.ts:91:19)
      at callTheUserObjectsOperation (node_modules/jsdom/lib/jsdom/living/generated/EventListener.js:26:30)
      at innerInvokeEventListeners (node_modules/jsdom/lib/jsdom/living/events/EventTarget-impl.js:338:25)
      at invokeEventListeners (node_modules/jsdom/lib/jsdom/living/events/EventTarget-impl.js:274:3)
      at EventTargetImpl._dispatch (node_modules/jsdom/lib/jsdom/living/events/EventTarget-impl.js:221:9)
      at EventTargetImpl.dispatchEvent (node_modules/jsdom/lib/jsdom/living/events/EventTarget-impl.js:94:17)
      at dispatchEvent (node_modules/jsdom/lib/jsdom/living/generated/EventTarget.js:231:34)
      at src/hooks/useResizableMapPanelsV129.test.tsx:59:14
      at act (node_modules/react/cjs/react.development.js:2512:16)
      at Object.<anonymous> (src/hooks/useResizableMapPanelsV129.test.tsx:55:8)

    console.error
      Warning: The current testing environment is not configured to support act(...)

    [0m [90m 57 |[39m     setPriority(side)[33m;[39m
     [90m 58 |[39m     [36mconst[39m width [33m=[39m currentLayoutWidth()[33m;[39m
    [31m[1m>[22m[39m[90m 59 |[39m     setWidths(current [33m=>[39m {
     [90m    |[39m     [31m[1m^[22m[39m
     [90m 60 |[39m       [36mconst[39m fitted [33m=[39m fitMapPanelsV150(width[33m,[39m side [33m===[39m [32m"left"[39m [33m?[39m value [33m:[39m current[33m.[39mleft[33m,[39m side [33m===[39m [32m"right"[39m [33m?[39m value [33m:[39m current[33m.[39mright[33m,[39m leftPanelOpen[33m,[39m rightPanelOpen[33m,[39m side)[33m;[39m
     [90m 61 |[39m       [36mreturn[39m { left[33m:[39m leftPanelOpen [33m?[39m fitted[33m.[39mleft [33m:[39m current[33m.[39mleft[33m,[39m right[33m:[39m rightPanelOpen [33m?[39m fitted[33m.[39mright [33m:[39m current[33m.[39mright }[33m;[39m
     [90m 62 |[39m     })[33m;[39m[0m

      at printWarning (node_modules/react-dom/cjs/react-dom.development.js:86:30)
      at error (node_modules/react-dom/cjs/react-dom.development.js:60:7)
      at isConcurrentActEnvironment (node_modules/react-dom/cjs/react-dom.development.js:25260:7)
      at warnIfUpdatesNotWrappedWithActDEV (node_modules/react-dom/cjs/react-dom.development.js:27559:12)
      at scheduleUpdateOnFiber (node_modules/react-dom/cjs/react-dom.development.js:25508:5)
      at setWidths (node_modules/react-dom/cjs/react-dom.development.js:17527:7)
      at Object.current (src/hooks/useResizableMapPanelsV129.ts:59:5)
      at move (src/hooks/useResizableMapPanelsV129.ts:91:19)
      at callTheUserObjectsOperation (node_modules/jsdom/lib/jsdom/living/generated/EventListener.js:26:30)
      at innerInvokeEventListeners (node_modules/jsdom/lib/jsdom/living/events/EventTarget-impl.js:338:25)
      at invokeEventListeners (node_modules/jsdom/lib/jsdom/living/events/EventTarget-impl.js:274:3)
      at EventTargetImpl._dispatch (node_modules/jsdom/lib/jsdom/living/events/EventTarget-impl.js:221:9)
      at EventTargetImpl.dispatchEvent (node_modules/jsdom/lib/jsdom/living/events/EventTarget-impl.js:94:17)
      at dispatchEvent (node_modules/jsdom/lib/jsdom/living/generated/EventTarget.js:231:34)
      at src/hooks/useResizableMapPanelsV129.test.tsx:59:14
      at act (node_modules/react/cjs/react.development.js:2512:16)
      at Object.<anonymous> (src/hooks/useResizableMapPanelsV129.test.tsx:55:8)

    console.error
      Warning: The current testing environment is not configured to support act(...)

    [0m [90m 78 |[39m     detach[33m.[39mcurrent[33m?[39m[33m.[39m()[33m;[39m detach[33m.[39mcurrent [33m=[39m [36mnull[39m[33m;[39m
     [90m 79 |[39m     [36mif[39m ([33m![39mdrag[33m.[39mcurrent) [36mreturn[39m[33m;[39m
    [31m[1m>[22m[39m[90m 80 |[39m     drag[33m.[39mcurrent [33m=[39m [36mnull[39m[33m;[39m setIsResizing([36mfalse[39m)[33m;[39m
     [90m    |[39m                          [31m[1m^[22m[39m
     [90m 81 |[39m     document[33m.[39mbody[33m.[39mstyle[33m.[39muserSelect [33m=[39m oldUserSelect[33m.[39mcurrent[33m;[39m
     [90m 82 |[39m     document[33m.[39mbody[33m.[39mclassList[33m.[39mremove([32m"cdp-map-panel-resize-active"[39m)[33m;[39m
     [90m 83 |[39m   }[33m,[39m [])[33m;[39m[0m

      at printWarning (node_modules/react-dom/cjs/react-dom.development.js:86:30)
      at error (node_modules/react-dom/cjs/react-dom.development.js:60:7)
      at isConcurrentActEnvironment (node_modules/react-dom/cjs/react-dom.development.js:25260:7)
      at warnIfUpdatesNotWrappedWithActDEV (node_modules/react-dom/cjs/react-dom.development.js:27559:12)
      at scheduleUpdateOnFiber (node_modules/react-dom/cjs/react-dom.development.js:25508:5)
      at setIsResizing (node_modules/react-dom/cjs/react-dom.development.js:17527:7)
      at src/hooks/useResizableMapPanelsV129.ts:80:26
      at callTheUserObjectsOperation (node_modules/jsdom/lib/jsdom/living/generated/EventListener.js:26:30)
      at innerInvokeEventListeners (node_modules/jsdom/lib/jsdom/living/events/EventTarget-impl.js:338:25)
      at invokeEventListeners (node_modules/jsdom/lib/jsdom/living/events/EventTarget-impl.js:274:3)
      at EventTargetImpl._dispatch (node_modules/jsdom/lib/jsdom/living/events/EventTarget-impl.js:221:9)
      at EventTargetImpl.dispatchEvent (node_modules/jsdom/lib/jsdom/living/events/EventTarget-impl.js:94:17)
      at dispatchEvent (node_modules/jsdom/lib/jsdom/living/generated/EventTarget.js:231:34)
      at src/hooks/useResizableMapPanelsV129.test.tsx:60:14
      at act (node_modules/react/cjs/react.development.js:2512:16)
      at Object.<anonymous> (src/hooks/useResizableMapPanelsV129.test.tsx:55:8)

    console.error
      Warning: The current testing environment is not configured to support act(...)

    [0m [90m 43 |[39m })[33m;[39m
     [90m 44 |[39m afterEach(() [33m=>[39m {
    [31m[1m>[22m[39m[90m 45 |[39m   act(() [33m=>[39m root[33m.[39munmount())[33m;[39m
     [90m    |[39m                  [31m[1m^[22m[39m
     [90m 46 |[39m   container[33m.[39mremove()[33m;[39m
     [90m 47 |[39m })[33m;[39m
     [90m 48 |[39m[0m

      at printWarning (node_modules/react-dom/cjs/react-dom.development.js:86:30)
      at error (node_modules/react-dom/cjs/react-dom.development.js:60:7)
      at isConcurrentActEnvironment (node_modules/react-dom/cjs/react-dom.development.js:25260:7)
      at warnIfUpdatesNotWrappedWithActDEV (node_modules/react-dom/cjs/react-dom.development.js:27559:12)
      at scheduleUpdateOnFiber (node_modules/react-dom/cjs/react-dom.development.js:25508:5)
      at updateContainer (node_modules/react-dom/cjs/react-dom.development.js:28858:5)
      at node_modules/react-dom/cjs/react-dom.development.js:29337:7
      at flushSync (node_modules/react-dom/cjs/react-dom.development.js:26189:14)
      at ReactDOMRoot.unmount (node_modules/react-dom/cjs/react-dom.development.js:29336:5)
      at src/hooks/useResizableMapPanelsV129.test.tsx:45:18
      at act (node_modules/react/cjs/react.development.js:2512:16)
      at Object.<anonymous> (src/hooks/useResizableMapPanelsV129.test.tsx:45:6)

    console.error
      Warning: The current testing environment is not configured to support act(...)

    [0m [90m 40 |[39m   document[33m.[39mbody[33m.[39mappendChild(container)[33m;[39m
     [90m 41 |[39m   root [33m=[39m createRoot(container)[33m;[39m
    [31m[1m>[22m[39m[90m 42 |[39m   act(() [33m=>[39m root[33m.[39mrender([33m<[39m[33mHarness[39m [33m/[39m[33m>[39m))[33m;[39m
     [90m    |[39m                  [31m[1m^[22m[39m
     [90m 43 |[39m })[33m;[39m
     [90m 44 |[39m afterEach(() [33m=>[39m {
     [90m 45 |[39m   act(() [33m=>[39m root[33m.[39munmount())[33m;[39m[0m

      at printWarning (node_modules/react-dom/cjs/react-dom.development.js:86:30)
      at error (node_modules/react-dom/cjs/react-dom.development.js:60:7)
      at isConcurrentActEnvironment (node_modules/react-dom/cjs/react-dom.development.js:25260:7)
      at warnIfUpdatesNotWrappedWithActDEV (node_modules/react-dom/cjs/react-dom.development.js:27559:12)
      at scheduleUpdateOnFiber (node_modules/react-dom/cjs/react-dom.development.js:25508:5)
      at updateContainer (node_modules/react-dom/cjs/react-dom.development.js:28858:5)
      at ReactDOMRoot.render (node_modules/react-dom/cjs/react-dom.development.js:29314:3)
      at src/hooks/useResizableMapPanelsV129.test.tsx:42:18
      at act (node_modules/react/cjs/react.development.js:2512:16)
      at Object.<anonymous> (src/hooks/useResizableMapPanelsV129.test.tsx:42:6)

    console.error
      Warning: The current testing environment is not configured to support act(...)

    [0m [90m 111 |[39m         drag[33m.[39mcurrent [33m=[39m { side[33m,[39m x[33m:[39m event[33m.[39mclientX[33m,[39m width[33m:[39m effective[side] }[33m;[39m
     [90m 112 |[39m         attach()[33m;[39m
    [31m[1m>[22m[39m[90m 113 |[39m         setIsResizing([36mtrue[39m)[33m;[39m
     [90m     |[39m         [31m[1m^[22m[39m
     [90m 114 |[39m       }[33m,[39m
     [90m 115 |[39m       onKeyDown[33m:[39m (event[33m:[39m [33mKeyboardEvent[39m[33m<[39m[33mHTMLDivElement[39m[33m>[39m) [33m=>[39m {
     [90m 116 |[39m         [36mif[39m (disabled [33m||[39m [33m![39m[[32m"ArrowLeft"[39m[33m,[39m [32m"ArrowRight"[39m[33m,[39m [32m"Home"[39m[33m,[39m [32m"End"[39m][33m.[39mincludes(event[33m.[39mkey)) [36mreturn[39m[33m;[39m[0m

      at printWarning (node_modules/react-dom/cjs/react-dom.development.js:86:30)
      at error (node_modules/react-dom/cjs/react-dom.development.js:60:7)
      at isConcurrentActEnvironment (node_modules/react-dom/cjs/react-dom.development.js:25260:7)
      at warnIfUpdatesNotWrappedWithActDEV (node_modules/react-dom/cjs/react-dom.development.js:27559:12)
      at scheduleUpdateOnFiber (node_modules/react-dom/cjs/react-dom.development.js:25508:5)
      at setIsResizing (node_modules/react-dom/cjs/react-dom.development.js:17527:7)
      at onPointerDown (src/hooks/useResizableMapPanelsV129.ts:113:9)
      at HTMLUnknownElement.callCallback (node_modules/react-dom/cjs/react-dom.development.js:4164:14)
      at HTMLUnknownElement.callTheUserObjectsOperation (node_modules/jsdom/lib/jsdom/living/generated/EventListener.js:26:30)
      at innerInvokeEventListeners (node_modules/jsdom/lib/jsdom/living/events/EventTarget-impl.js:338:25)
      at invokeEventListeners (node_modules/jsdom/lib/jsdom/living/events/EventTarget-impl.js:274:3)
      at HTMLUnknownElementImpl._dispatch (node_modules/jsdom/lib/jsdom/living/events/EventTarget-impl.js:221:9)
      at HTMLUnknownElementImpl.dispatchEvent (node_modules/jsdom/lib/jsdom/living/events/EventTarget-impl.js:94:17)
      at HTMLUnknownElement.dispatchEvent (node_modules/jsdom/lib/jsdom/living/generated/EventTarget.js:231:34)
      at Object.invokeGuardedCallbackDev (node_modules/react-dom/cjs/react-dom.development.js:4213:16)
      at invokeGuardedCallback (node_modules/react-dom/cjs/react-dom.development.js:4277:31)
      at invokeGuardedCallbackAndCatchFirstError (node_modules/react-dom/cjs/react-dom.development.js:4291:25)
      at executeDispatch (node_modules/react-dom/cjs/react-dom.development.js:9041:3)
      at processDispatchQueueItemsInOrder (node_modules/react-dom/cjs/react-dom.development.js:9073:7)
      at processDispatchQueue (node_modules/react-dom/cjs/react-dom.development.js:9086:5)
      at dispatchEventsForPlugins (node_modules/react-dom/cjs/react-dom.development.js:9097:3)
      at node_modules/react-dom/cjs/react-dom.development.js:9288:12
      at batchedUpdates$1 (node_modules/react-dom/cjs/react-dom.development.js:26140:12)
      at batchedUpdates (node_modules/react-dom/cjs/react-dom.development.js:3991:12)
      at dispatchEventForPluginEventSystem (node_modules/react-dom/cjs/react-dom.development.js:9287:3)
      at dispatchEventWithEnableCapturePhaseSelectiveHydrationWithoutDiscreteEventReplay (node_modules/react-dom/cjs/react-dom.development.js:6465:5)
      at dispatchEvent (node_modules/react-dom/cjs/react-dom.development.js:6457:5)
      at dispatchDiscreteEvent (node_modules/react-dom/cjs/react-dom.development.js:6430:5)
      at HTMLDivElement.callTheUserObjectsOperation (node_modules/jsdom/lib/jsdom/living/generated/EventListener.js:26:30)
      at innerInvokeEventListeners (node_modules/jsdom/lib/jsdom/living/events/EventTarget-impl.js:338:25)
      at invokeEventListeners (node_modules/jsdom/lib/jsdom/living/events/EventTarget-impl.js:274:3)
      at HTMLDivElementImpl._dispatch (node_modules/jsdom/lib/jsdom/living/events/EventTarget-impl.js:221:9)
      at HTMLDivElementImpl.dispatchEvent (node_modules/jsdom/lib/jsdom/living/events/EventTarget-impl.js:94:17)
      at HTMLDivElement.dispatchEvent (node_modules/jsdom/lib/jsdom/living/generated/EventTarget.js:231:34)
      at src/hooks/useResizableMapPanelsV129.test.tsx:72:17
      at act (node_modules/react/cjs/react.development.js:2512:16)
      at Object.<anonymous> (src/hooks/useResizableMapPanelsV129.test.tsx:71:8)

    console.error
      Warning: The current testing environment is not configured to support act(...)

    [0m [90m 55 |[39m   }[33m,[39m [layoutWidth])[33m;[39m
     [90m 56 |[39m   [36mconst[39m setWidth [33m=[39m useCallback((side[33m:[39m [33mResizableMapPanelSideV129[39m[33m,[39m value[33m:[39m number) [33m=>[39m {
    [31m[1m>[22m[39m[90m 57 |[39m     setPriority(side)[33m;[39m
     [90m    |[39m     [31m[1m^[22m[39m
     [90m 58 |[39m     [36mconst[39m width [33m=[39m currentLayoutWidth()[33m;[39m
     [90m 59 |[39m     setWidths(current [33m=>[39m {
     [90m 60 |[39m       [36mconst[39m fitted [33m=[39m fitMapPanelsV150(width[33m,[39m side [33m===[39m [32m"left"[39m [33m?[39m value [33m:[39m current[33m.[39mleft[33m,[39m side [33m===[39m [32m"right"[39m [33m?[39m value [33m:[39m current[33m.[39mright[33m,[39m leftPanelOpen[33m,[39m rightPanelOpen[33m,[39m side)[33m;[39m[0m

      at printWarning (node_modules/react-dom/cjs/react-dom.development.js:86:30)
      at error (node_modules/react-dom/cjs/react-dom.development.js:60:7)
      at isConcurrentActEnvironment (node_modules/react-dom/cjs/react-dom.development.js:25260:7)
      at warnIfUpdatesNotWrappedWithActDEV (node_modules/react-dom/cjs/react-dom.development.js:27559:12)
      at scheduleUpdateOnFiber (node_modules/react-dom/cjs/react-dom.development.js:25508:5)
      at setPriority (node_modules/react-dom/cjs/react-dom.development.js:17527:7)
      at Object.current (src/hooks/useResizableMapPanelsV129.ts:57:5)
      at move (src/hooks/useResizableMapPanelsV129.ts:91:19)
      at callTheUserObjectsOperation (node_modules/jsdom/lib/jsdom/living/generated/EventListener.js:26:30)
      at innerInvokeEventListeners (node_modules/jsdom/lib/jsdom/living/events/EventTarget-impl.js:338:25)
      at invokeEventListeners (node_modules/jsdom/lib/jsdom/living/events/EventTarget-impl.js:274:3)
      at EventTargetImpl._dispatch (node_modules/jsdom/lib/jsdom/living/events/EventTarget-impl.js:221:9)
      at EventTargetImpl.dispatchEvent (node_modules/jsdom/lib/jsdom/living/events/EventTarget-impl.js:94:17)
      at dispatchEvent (node_modules/jsdom/lib/jsdom/living/generated/EventTarget.js:231:34)
      at src/hooks/useResizableMapPanelsV129.test.tsx:73:14
      at act (node_modules/react/cjs/react.development.js:2512:16)
      at Object.<anonymous> (src/hooks/useResizableMapPanelsV129.test.tsx:71:8)

    console.error
      Warning: The current testing environment is not configured to support act(...)

    [0m [90m 57 |[39m     setPriority(side)[33m;[39m
     [90m 58 |[39m     [36mconst[39m width [33m=[39m currentLayoutWidth()[33m;[39m
    [31m[1m>[22m[39m[90m 59 |[39m     setWidths(current [33m=>[39m {
     [90m    |[39m     [31m[1m^[22m[39m
     [90m 60 |[39m       [36mconst[39m fitted [33m=[39m fitMapPanelsV150(width[33m,[39m side [33m===[39m [32m"left"[39m [33m?[39m value [33m:[39m current[33m.[39mleft[33m,[39m side [33m===[39m [32m"right"[39m [33m?[39m value [33m:[39m current[33m.[39mright[33m,[39m leftPanelOpen[33m,[39m rightPanelOpen[33m,[39m side)[33m;[39m
     [90m 61 |[39m       [36mreturn[39m { left[33m:[39m leftPanelOpen [33m?[39m fitted[33m.[39mleft [33m:[39m current[33m.[39mleft[33m,[39m right[33m:[39m rightPanelOpen [33m?[39m fitted[33m.[39mright [33m:[39m current[33m.[39mright }[33m;[39m
     [90m 62 |[39m     })[33m;[39m[0m

      at printWarning (node_modules/react-dom/cjs/react-dom.development.js:86:30)
      at error (node_modules/react-dom/cjs/react-dom.development.js:60:7)
      at isConcurrentActEnvironment (node_modules/react-dom/cjs/react-dom.development.js:25260:7)
      at warnIfUpdatesNotWrappedWithActDEV (node_modules/react-dom/cjs/react-dom.development.js:27559:12)
      at scheduleUpdateOnFiber (node_modules/react-dom/cjs/react-dom.development.js:25508:5)
      at setWidths (node_modules/react-dom/cjs/react-dom.development.js:17527:7)
      at Object.current (src/hooks/useResizableMapPanelsV129.ts:59:5)
      at move (src/hooks/useResizableMapPanelsV129.ts:91:19)
      at callTheUserObjectsOperation (node_modules/jsdom/lib/jsdom/living/generated/EventListener.js:26:30)
      at innerInvokeEventListeners (node_modules/jsdom/lib/jsdom/living/events/EventTarget-impl.js:338:25)
      at invokeEventListeners (node_modules/jsdom/lib/jsdom/living/events/EventTarget-impl.js:274:3)
      at EventTargetImpl._dispatch (node_modules/jsdom/lib/jsdom/living/events/EventTarget-impl.js:221:9)
      at EventTargetImpl.dispatchEvent (node_modules/jsdom/lib/jsdom/living/events/EventTarget-impl.js:94:17)
      at dispatchEvent (node_modules/jsdom/lib/jsdom/living/generated/EventTarget.js:231:34)
      at src/hooks/useResizableMapPanelsV129.test.tsx:73:14
      at act (node_modules/react/cjs/react.development.js:2512:16)
      at Object.<anonymous> (src/hooks/useResizableMapPanelsV129.test.tsx:71:8)

    console.error
      Warning: The current testing environment is not configured to support act(...)

    [0m [90m 78 |[39m     detach[33m.[39mcurrent[33m?[39m[33m.[39m()[33m;[39m detach[33m.[39mcurrent [33m=[39m [36mnull[39m[33m;[39m
     [90m 79 |[39m     [36mif[39m ([33m![39mdrag[33m.[39mcurrent) [36mreturn[39m[33m;[39m
    [31m[1m>[22m[39m[90m 80 |[39m     drag[33m.[39mcurrent [33m=[39m [36mnull[39m[33m;[39m setIsResizing([36mfalse[39m)[33m;[39m
     [90m    |[39m                          [31m[1m^[22m[39m
     [90m 81 |[39m     document[33m.[39mbody[33m.[39mstyle[33m.[39muserSelect [33m=[39m oldUserSelect[33m.[39mcurrent[33m;[39m
     [90m 82 |[39m     document[33m.[39mbody[33m.[39mclassList[33m.[39mremove([32m"cdp-map-panel-resize-active"[39m)[33m;[39m
     [90m 83 |[39m   }[33m,[39m [])[33m;[39m[0m

      at printWarning (node_modules/react-dom/cjs/react-dom.development.js:86:30)
      at error (node_modules/react-dom/cjs/react-dom.development.js:60:7)
      at isConcurrentActEnvironment (node_modules/react-dom/cjs/react-dom.development.js:25260:7)
      at warnIfUpdatesNotWrappedWithActDEV (node_modules/react-dom/cjs/react-dom.development.js:27559:12)
      at scheduleUpdateOnFiber (node_modules/react-dom/cjs/react-dom.development.js:25508:5)
      at setIsResizing (node_modules/react-dom/cjs/react-dom.development.js:17527:7)
      at src/hooks/useResizableMapPanelsV129.ts:80:26
      at callTheUserObjectsOperation (node_modules/jsdom/lib/jsdom/living/generated/EventListener.js:26:30)
      at innerInvokeEventListeners (node_modules/jsdom/lib/jsdom/living/events/EventTarget-impl.js:338:25)
      at invokeEventListeners (node_modules/jsdom/lib/jsdom/living/events/EventTarget-impl.js:274:3)
      at EventTargetImpl._dispatch (node_modules/jsdom/lib/jsdom/living/events/EventTarget-impl.js:221:9)
      at EventTargetImpl.dispatchEvent (node_modules/jsdom/lib/jsdom/living/events/EventTarget-impl.js:94:17)
      at dispatchEvent (node_modules/jsdom/lib/jsdom/living/generated/EventTarget.js:231:34)
      at src/hooks/useResizableMapPanelsV129.test.tsx:74:14
      at act (node_modules/react/cjs/react.development.js:2512:16)
      at Object.<anonymous> (src/hooks/useResizableMapPanelsV129.test.tsx:71:8)

    console.error
      Warning: The current testing environment is not configured to support act(...)

    [0m [90m 43 |[39m })[33m;[39m
     [90m 44 |[39m afterEach(() [33m=>[39m {
    [31m[1m>[22m[39m[90m 45 |[39m   act(() [33m=>[39m root[33m.[39munmount())[33m;[39m
     [90m    |[39m                  [31m[1m^[22m[39m
     [90m 46 |[39m   container[33m.[39mremove()[33m;[39m
     [90m 47 |[39m })[33m;[39m
     [90m 48 |[39m[0m

      at printWarning (node_modules/react-dom/cjs/react-dom.development.js:86:30)
      at error (node_modules/react-dom/cjs/react-dom.development.js:60:7)
      at isConcurrentActEnvironment (node_modules/react-dom/cjs/react-dom.development.js:25260:7)
      at warnIfUpdatesNotWrappedWithActDEV (node_modules/react-dom/cjs/react-dom.development.js:27559:12)
      at scheduleUpdateOnFiber (node_modules/react-dom/cjs/react-dom.development.js:25508:5)
      at updateContainer (node_modules/react-dom/cjs/react-dom.development.js:28858:5)
      at node_modules/react-dom/cjs/react-dom.development.js:29337:7
      at flushSync (node_modules/react-dom/cjs/react-dom.development.js:26189:14)
      at ReactDOMRoot.unmount (node_modules/react-dom/cjs/react-dom.development.js:29336:5)
      at src/hooks/useResizableMapPanelsV129.test.tsx:45:18
      at act (node_modules/react/cjs/react.development.js:2512:16)
      at Object.<anonymous> (src/hooks/useResizableMapPanelsV129.test.tsx:45:6)

    console.error
      Warning: The current testing environment is not configured to support act(...)

    [0m [90m 40 |[39m   document[33m.[39mbody[33m.[39mappendChild(container)[33m;[39m
     [90m 41 |[39m   root [33m=[39m createRoot(container)[33m;[39m
    [31m[1m>[22m[39m[90m 42 |[39m   act(() [33m=>[39m root[33m.[39mrender([33m<[39m[33mHarness[39m [33m/[39m[33m>[39m))[33m;[39m
     [90m    |[39m                  [31m[1m^[22m[39m
     [90m 43 |[39m })[33m;[39m
     [90m 44 |[39m afterEach(() [33m=>[39m {
     [90m 45 |[39m   act(() [33m=>[39m root[33m.[39munmount())[33m;[39m[0m

      at printWarning (node_modules/react-dom/cjs/react-dom.development.js:86:30)
      at error (node_modules/react-dom/cjs/react-dom.development.js:60:7)
      at isConcurrentActEnvironment (node_modules/react-dom/cjs/react-dom.development.js:25260:7)
      at warnIfUpdatesNotWrappedWithActDEV (node_modules/react-dom/cjs/react-dom.development.js:27559:12)
      at scheduleUpdateOnFiber (node_modules/react-dom/cjs/react-dom.development.js:25508:5)
      at updateContainer (node_modules/react-dom/cjs/react-dom.development.js:28858:5)
      at ReactDOMRoot.render (node_modules/react-dom/cjs/react-dom.development.js:29314:3)
      at src/hooks/useResizableMapPanelsV129.test.tsx:42:18
      at act (node_modules/react/cjs/react.development.js:2512:16)
      at Object.<anonymous> (src/hooks/useResizableMapPanelsV129.test.tsx:42:6)

    console.error
      Warning: The current testing environment is not configured to support act(...)

    [0m [90m 111 |[39m         drag[33m.[39mcurrent [33m=[39m { side[33m,[39m x[33m:[39m event[33m.[39mclientX[33m,[39m width[33m:[39m effective[side] }[33m;[39m
     [90m 112 |[39m         attach()[33m;[39m
    [31m[1m>[22m[39m[90m 113 |[39m         setIsResizing([36mtrue[39m)[33m;[39m
     [90m     |[39m         [31m[1m^[22m[39m
     [90m 114 |[39m       }[33m,[39m
     [90m 115 |[39m       onKeyDown[33m:[39m (event[33m:[39m [33mKeyboardEvent[39m[33m<[39m[33mHTMLDivElement[39m[33m>[39m) [33m=>[39m {
     [90m 116 |[39m         [36mif[39m (disabled [33m||[39m [33m![39m[[32m"ArrowLeft"[39m[33m,[39m [32m"ArrowRight"[39m[33m,[39m [32m"Home"[39m[33m,[39m [32m"End"[39m][33m.[39mincludes(event[33m.[39mkey)) [36mreturn[39m[33m;[39m[0m

      at printWarning (node_modules/react-dom/cjs/react-dom.development.js:86:30)
      at error (node_modules/react-dom/cjs/react-dom.development.js:60:7)
      at isConcurrentActEnvironment (node_modules/react-dom/cjs/react-dom.development.js:25260:7)
      at warnIfUpdatesNotWrappedWithActDEV (node_modules/react-dom/cjs/react-dom.development.js:27559:12)
      at scheduleUpdateOnFiber (node_modules/react-dom/cjs/react-dom.development.js:25508:5)
      at setIsResizing (node_modules/react-dom/cjs/react-dom.development.js:17527:7)
      at onPointerDown (src/hooks/useResizableMapPanelsV129.ts:113:9)
      at HTMLUnknownElement.callCallback (node_modules/react-dom/cjs/react-dom.development.js:4164:14)
      at HTMLUnknownElement.callTheUserObjectsOperation (node_modules/jsdom/lib/jsdom/living/generated/EventListener.js:26:30)
      at innerInvokeEventListeners (node_modules/jsdom/lib/jsdom/living/events/EventTarget-impl.js:338:25)
      at invokeEventListeners (node_modules/jsdom/lib/jsdom/living/events/EventTarget-impl.js:274:3)
      at HTMLUnknownElementImpl._dispatch (node_modules/jsdom/lib/jsdom/living/events/EventTarget-impl.js:221:9)
      at HTMLUnknownElementImpl.dispatchEvent (node_modules/jsdom/lib/jsdom/living/events/EventTarget-impl.js:94:17)
      at HTMLUnknownElement.dispatchEvent (node_modules/jsdom/lib/jsdom/living/generated/EventTarget.js:231:34)
      at Object.invokeGuardedCallbackDev (node_modules/react-dom/cjs/react-dom.development.js:4213:16)
      at invokeGuardedCallback (node_modules/react-dom/cjs/react-dom.development.js:4277:31)
      at invokeGuardedCallbackAndCatchFirstError (node_modules/react-dom/cjs/react-dom.development.js:4291:25)
      at executeDispatch (node_modules/react-dom/cjs/react-dom.development.js:9041:3)
      at processDispatchQueueItemsInOrder (node_modules/react-dom/cjs/react-dom.development.js:9073:7)
      at processDispatchQueue (node_modules/react-dom/cjs/react-dom.development.js:9086:5)
      at dispatchEventsForPlugins (node_modules/react-dom/cjs/react-dom.development.js:9097:3)
      at node_modules/react-dom/cjs/react-dom.development.js:9288:12
      at batchedUpdates$1 (node_modules/react-dom/cjs/react-dom.development.js:26140:12)
      at batchedUpdates (node_modules/react-dom/cjs/react-dom.development.js:3991:12)
      at dispatchEventForPluginEventSystem (node_modules/react-dom/cjs/react-dom.development.js:9287:3)
      at dispatchEventWithEnableCapturePhaseSelectiveHydrationWithoutDiscreteEventReplay (node_modules/react-dom/cjs/react-dom.development.js:6465:5)
      at dispatchEvent (node_modules/react-dom/cjs/react-dom.development.js:6457:5)
      at dispatchDiscreteEvent (node_modules/react-dom/cjs/react-dom.development.js:6430:5)
      at HTMLDivElement.callTheUserObjectsOperation (node_modules/jsdom/lib/jsdom/living/generated/EventListener.js:26:30)
      at innerInvokeEventListeners (node_modules/jsdom/lib/jsdom/living/events/EventTarget-impl.js:338:25)
      at invokeEventListeners (node_modules/jsdom/lib/jsdom/living/events/EventTarget-impl.js:274:3)
      at HTMLDivElementImpl._dispatch (node_modules/jsdom/lib/jsdom/living/events/EventTarget-impl.js:221:9)
      at HTMLDivElementImpl.dispatchEvent (node_modules/jsdom/lib/jsdom/living/events/EventTarget-impl.js:94:17)
      at HTMLDivElement.dispatchEvent (node_modules/jsdom/lib/jsdom/living/generated/EventTarget.js:231:34)
      at src/hooks/useResizableMapPanelsV129.test.tsx:84:17
      at act (node_modules/react/cjs/react.development.js:2512:16)
      at Object.<anonymous> (src/hooks/useResizableMapPanelsV129.test.tsx:83:8)

    console.error
      Warning: The current testing environment is not configured to support act(...)

    [0m [90m 78 |[39m     detach[33m.[39mcurrent[33m?[39m[33m.[39m()[33m;[39m detach[33m.[39mcurrent [33m=[39m [36mnull[39m[33m;[39m
     [90m 79 |[39m     [36mif[39m ([33m![39mdrag[33m.[39mcurrent) [36mreturn[39m[33m;[39m
    [31m[1m>[22m[39m[90m 80 |[39m     drag[33m.[39mcurrent [33m=[39m [36mnull[39m[33m;[39m setIsResizing([36mfalse[39m)[33m;[39m
     [90m    |[39m                          [31m[1m^[22m[39m
     [90m 81 |[39m     document[33m.[39mbody[33m.[39mstyle[33m.[39muserSelect [33m=[39m oldUserSelect[33m.[39mcurrent[33m;[39m
     [90m 82 |[39m     document[33m.[39mbody[33m.[39mclassList[33m.[39mremove([32m"cdp-map-panel-resize-active"[39m)[33m;[39m
     [90m 83 |[39m   }[33m,[39m [])[33m;[39m[0m

      at printWarning (node_modules/react-dom/cjs/react-dom.development.js:86:30)
      at error (node_modules/react-dom/cjs/react-dom.development.js:60:7)
      at isConcurrentActEnvironment (node_modules/react-dom/cjs/react-dom.development.js:25260:7)
      at warnIfUpdatesNotWrappedWithActDEV (node_modules/react-dom/cjs/react-dom.development.js:27559:12)
      at scheduleUpdateOnFiber (node_modules/react-dom/cjs/react-dom.development.js:25508:5)
      at setIsResizing (node_modules/react-dom/cjs/react-dom.development.js:17527:7)
      at src/hooks/useResizableMapPanelsV129.ts:80:26
      at callTheUserObjectsOperation (node_modules/jsdom/lib/jsdom/living/generated/EventListener.js:26:30)
      at innerInvokeEventListeners (node_modules/jsdom/lib/jsdom/living/events/EventTarget-impl.js:338:25)
      at invokeEventListeners (node_modules/jsdom/lib/jsdom/living/events/EventTarget-impl.js:274:3)
      at EventTargetImpl._dispatch (node_modules/jsdom/lib/jsdom/living/events/EventTarget-impl.js:221:9)
      at EventTargetImpl.dispatchEvent (node_modules/jsdom/lib/jsdom/living/events/EventTarget-impl.js:94:17)
      at dispatchEvent (node_modules/jsdom/lib/jsdom/living/generated/EventTarget.js:231:34)
      at src/hooks/useResizableMapPanelsV129.test.tsx:85:14
      at act (node_modules/react/cjs/react.development.js:2512:16)
      at Object.<anonymous> (src/hooks/useResizableMapPanelsV129.test.tsx:83:8)

    console.error
      Warning: The current testing environment is not configured to support act(...)

    [0m [90m 111 |[39m         drag[33m.[39mcurrent [33m=[39m { side[33m,[39m x[33m:[39m event[33m.[39mclientX[33m,[39m width[33m:[39m effective[side] }[33m;[39m
     [90m 112 |[39m         attach()[33m;[39m
    [31m[1m>[22m[39m[90m 113 |[39m         setIsResizing([36mtrue[39m)[33m;[39m
     [90m     |[39m         [31m[1m^[22m[39m
     [90m 114 |[39m       }[33m,[39m
     [90m 115 |[39m       onKeyDown[33m:[39m (event[33m:[39m [33mKeyboardEvent[39m[33m<[39m[33mHTMLDivElement[39m[33m>[39m) [33m=>[39m {
     [90m 116 |[39m         [36mif[39m (disabled [33m||[39m [33m![39m[[32m"ArrowLeft"[39m[33m,[39m [32m"ArrowRight"[39m[33m,[39m [32m"Home"[39m[33m,[39m [32m"End"[39m][33m.[39mincludes(event[33m.[39mkey)) [36mreturn[39m[33m;[39m[0m

      at printWarning (node_modules/react-dom/cjs/react-dom.development.js:86:30)
      at error (node_modules/react-dom/cjs/react-dom.development.js:60:7)
      at isConcurrentActEnvironment (node_modules/react-dom/cjs/react-dom.development.js:25260:7)
      at warnIfUpdatesNotWrappedWithActDEV (node_modules/react-dom/cjs/react-dom.development.js:27559:12)
      at scheduleUpdateOnFiber (node_modules/react-dom/cjs/react-dom.development.js:25508:5)
      at setIsResizing (node_modules/react-dom/cjs/react-dom.development.js:17527:7)
      at onPointerDown (src/hooks/useResizableMapPanelsV129.ts:113:9)
      at HTMLUnknownElement.callCallback (node_modules/react-dom/cjs/react-dom.development.js:4164:14)
      at HTMLUnknownElement.callTheUserObjectsOperation (node_modules/jsdom/lib/jsdom/living/generated/EventListener.js:26:30)
      at innerInvokeEventListeners (node_modules/jsdom/lib/jsdom/living/events/EventTarget-impl.js:338:25)
      at invokeEventListeners (node_modules/jsdom/lib/jsdom/living/events/EventTarget-impl.js:274:3)
      at HTMLUnknownElementImpl._dispatch (node_modules/jsdom/lib/jsdom/living/events/EventTarget-impl.js:221:9)
      at HTMLUnknownElementImpl.dispatchEvent (node_modules/jsdom/lib/jsdom/living/events/EventTarget-impl.js:94:17)
      at HTMLUnknownElement.dispatchEvent (node_modules/jsdom/lib/jsdom/living/generated/EventTarget.js:231:34)
      at Object.invokeGuardedCallbackDev (node_modules/react-dom/cjs/react-dom.development.js:4213:16)
      at invokeGuardedCallback (node_modules/react-dom/cjs/react-dom.development.js:4277:31)
      at invokeGuardedCallbackAndCatchFirstError (node_modules/react-dom/cjs/react-dom.development.js:4291:25)
      at executeDispatch (node_modules/react-dom/cjs/react-dom.development.js:9041:3)
      at processDispatchQueueItemsInOrder (node_modules/react-dom/cjs/react-dom.development.js:9073:7)
      at processDispatchQueue (node_modules/react-dom/cjs/react-dom.development.js:9086:5)
      at dispatchEventsForPlugins (node_modules/react-dom/cjs/react-dom.development.js:9097:3)
      at node_modules/react-dom/cjs/react-dom.development.js:9288:12
      at batchedUpdates$1 (node_modules/react-dom/cjs/react-dom.development.js:26140:12)
      at batchedUpdates (node_modules/react-dom/cjs/react-dom.development.js:3991:12)
      at dispatchEventForPluginEventSystem (node_modules/react-dom/cjs/react-dom.development.js:9287:3)
      at dispatchEventWithEnableCapturePhaseSelectiveHydrationWithoutDiscreteEventReplay (node_modules/react-dom/cjs/react-dom.development.js:6465:5)
      at dispatchEvent (node_modules/react-dom/cjs/react-dom.development.js:6457:5)
      at dispatchDiscreteEvent (node_modules/react-dom/cjs/react-dom.development.js:6430:5)
      at HTMLDivElement.callTheUserObjectsOperation (node_modules/jsdom/lib/jsdom/living/generated/EventListener.js:26:30)
      at innerInvokeEventListeners (node_modules/jsdom/lib/jsdom/living/events/EventTarget-impl.js:338:25)
      at invokeEventListeners (node_modules/jsdom/lib/jsdom/living/events/EventTarget-impl.js:274:3)
      at HTMLDivElementImpl._dispatch (node_modules/jsdom/lib/jsdom/living/events/EventTarget-impl.js:221:9)
      at HTMLDivElementImpl.dispatchEvent (node_modules/jsdom/lib/jsdom/living/events/EventTarget-impl.js:94:17)
      at HTMLDivElement.dispatchEvent (node_modules/jsdom/lib/jsdom/living/generated/EventTarget.js:231:34)
      at src/hooks/useResizableMapPanelsV129.test.tsx:90:17
      at act (node_modules/react/cjs/react.development.js:2512:16)
      at Object.<anonymous> (src/hooks/useResizableMapPanelsV129.test.tsx:89:8)

    console.error
      Warning: The current testing environment is not configured to support act(...)

    [0m [90m 55 |[39m   }[33m,[39m [layoutWidth])[33m;[39m
     [90m 56 |[39m   [36mconst[39m setWidth [33m=[39m useCallback((side[33m:[39m [33mResizableMapPanelSideV129[39m[33m,[39m value[33m:[39m number) [33m=>[39m {
    [31m[1m>[22m[39m[90m 57 |[39m     setPriority(side)[33m;[39m
     [90m    |[39m     [31m[1m^[22m[39m
     [90m 58 |[39m     [36mconst[39m width [33m=[39m currentLayoutWidth()[33m;[39m
     [90m 59 |[39m     setWidths(current [33m=>[39m {
     [90m 60 |[39m       [36mconst[39m fitted [33m=[39m fitMapPanelsV150(width[33m,[39m side [33m===[39m [32m"left"[39m [33m?[39m value [33m:[39m current[33m.[39mleft[33m,[39m side [33m===[39m [32m"right"[39m [33m?[39m value [33m:[39m current[33m.[39mright[33m,[39m leftPanelOpen[33m,[39m rightPanelOpen[33m,[39m side)[33m;[39m[0m

      at printWarning (node_modules/react-dom/cjs/react-dom.development.js:86:30)
      at error (node_modules/react-dom/cjs/react-dom.development.js:60:7)
      at isConcurrentActEnvironment (node_modules/react-dom/cjs/react-dom.development.js:25260:7)
      at warnIfUpdatesNotWrappedWithActDEV (node_modules/react-dom/cjs/react-dom.development.js:27559:12)
      at scheduleUpdateOnFiber (node_modules/react-dom/cjs/react-dom.development.js:25508:5)
      at setPriority (node_modules/react-dom/cjs/react-dom.development.js:17527:7)
      at Object.current (src/hooks/useResizableMapPanelsV129.ts:57:5)
      at move (src/hooks/useResizableMapPanelsV129.ts:91:19)
      at callTheUserObjectsOperation (node_modules/jsdom/lib/jsdom/living/generated/EventListener.js:26:30)
      at innerInvokeEventListeners (node_modules/jsdom/lib/jsdom/living/events/EventTarget-impl.js:338:25)
      at invokeEventListeners (node_modules/jsdom/lib/jsdom/living/events/EventTarget-impl.js:274:3)
      at EventTargetImpl._dispatch (node_modules/jsdom/lib/jsdom/living/events/EventTarget-impl.js:221:9)
      at EventTargetImpl.dispatchEvent (node_modules/jsdom/lib/jsdom/living/events/EventTarget-impl.js:94:17)
      at dispatchEvent (node_modules/jsdom/lib/jsdom/living/generated/EventTarget.js:231:34)
      at src/hooks/useResizableMapPanelsV129.test.tsx:91:14
      at act (node_modules/react/cjs/react.development.js:2512:16)
      at Object.<anonymous> (src/hooks/useResizableMapPanelsV129.test.tsx:89:8)

    console.error
      Warning: The current testing environment is not configured to support act(...)

    [0m [90m 57 |[39m     setPriority(side)[33m;[39m
     [90m 58 |[39m     [36mconst[39m width [33m=[39m currentLayoutWidth()[33m;[39m
    [31m[1m>[22m[39m[90m 59 |[39m     setWidths(current [33m=>[39m {
     [90m    |[39m     [31m[1m^[22m[39m
     [90m 60 |[39m       [36mconst[39m fitted [33m=[39m fitMapPanelsV150(width[33m,[39m side [33m===[39m [32m"left"[39m [33m?[39m value [33m:[39m current[33m.[39mleft[33m,[39m side [33m===[39m [32m"right"[39m [33m?[39m value [33m:[39m current[33m.[39mright[33m,[39m leftPanelOpen[33m,[39m rightPanelOpen[33m,[39m side)[33m;[39m
     [90m 61 |[39m       [36mreturn[39m { left[33m:[39m leftPanelOpen [33m?[39m fitted[33m.[39mleft [33m:[39m current[33m.[39mleft[33m,[39m right[33m:[39m rightPanelOpen [33m?[39m fitted[33m.[39mright [33m:[39m current[33m.[39mright }[33m;[39m
     [90m 62 |[39m     })[33m;[39m[0m

      at printWarning (node_modules/react-dom/cjs/react-dom.development.js:86:30)
      at error (node_modules/react-dom/cjs/react-dom.development.js:60:7)
      at isConcurrentActEnvironment (node_modules/react-dom/cjs/react-dom.development.js:25260:7)
      at warnIfUpdatesNotWrappedWithActDEV (node_modules/react-dom/cjs/react-dom.development.js:27559:12)
      at scheduleUpdateOnFiber (node_modules/react-dom/cjs/react-dom.development.js:25508:5)
      at setWidths (node_modules/react-dom/cjs/react-dom.development.js:17527:7)
      at Object.current (src/hooks/useResizableMapPanelsV129.ts:59:5)
      at move (src/hooks/useResizableMapPanelsV129.ts:91:19)
      at callTheUserObjectsOperation (node_modules/jsdom/lib/jsdom/living/generated/EventListener.js:26:30)
      at innerInvokeEventListeners (node_modules/jsdom/lib/jsdom/living/events/EventTarget-impl.js:338:25)
      at invokeEventListeners (node_modules/jsdom/lib/jsdom/living/events/EventTarget-impl.js:274:3)
      at EventTargetImpl._dispatch (node_modules/jsdom/lib/jsdom/living/events/EventTarget-impl.js:221:9)
      at EventTargetImpl.dispatchEvent (node_modules/jsdom/lib/jsdom/living/events/EventTarget-impl.js:94:17)
      at dispatchEvent (node_modules/jsdom/lib/jsdom/living/generated/EventTarget.js:231:34)
      at src/hooks/useResizableMapPanelsV129.test.tsx:91:14
      at act (node_modules/react/cjs/react.development.js:2512:16)
      at Object.<anonymous> (src/hooks/useResizableMapPanelsV129.test.tsx:89:8)

    console.error
      Warning: The current testing environment is not configured to support act(...)

    [0m [90m 78 |[39m     detach[33m.[39mcurrent[33m?[39m[33m.[39m()[33m;[39m detach[33m.[39mcurrent [33m=[39m [36mnull[39m[33m;[39m
     [90m 79 |[39m     [36mif[39m ([33m![39mdrag[33m.[39mcurrent) [36mreturn[39m[33m;[39m
    [31m[1m>[22m[39m[90m 80 |[39m     drag[33m.[39mcurrent [33m=[39m [36mnull[39m[33m;[39m setIsResizing([36mfalse[39m)[33m;[39m
     [90m    |[39m                          [31m[1m^[22m[39m
     [90m 81 |[39m     document[33m.[39mbody[33m.[39mstyle[33m.[39muserSelect [33m=[39m oldUserSelect[33m.[39mcurrent[33m;[39m
     [90m 82 |[39m     document[33m.[39mbody[33m.[39mclassList[33m.[39mremove([32m"cdp-map-panel-resize-active"[39m)[33m;[39m
     [90m 83 |[39m   }[33m,[39m [])[33m;[39m[0m

      at printWarning (node_modules/react-dom/cjs/react-dom.development.js:86:30)
      at error (node_modules/react-dom/cjs/react-dom.development.js:60:7)
      at isConcurrentActEnvironment (node_modules/react-dom/cjs/react-dom.development.js:25260:7)
      at warnIfUpdatesNotWrappedWithActDEV (node_modules/react-dom/cjs/react-dom.development.js:27559:12)
      at scheduleUpdateOnFiber (node_modules/react-dom/cjs/react-dom.development.js:25508:5)
      at setIsResizing (node_modules/react-dom/cjs/react-dom.development.js:17527:7)
      at src/hooks/useResizableMapPanelsV129.ts:80:26
      at callTheUserObjectsOperation (node_modules/jsdom/lib/jsdom/living/generated/EventListener.js:26:30)
      at innerInvokeEventListeners (node_modules/jsdom/lib/jsdom/living/events/EventTarget-impl.js:338:25)
      at invokeEventListeners (node_modules/jsdom/lib/jsdom/living/events/EventTarget-impl.js:274:3)
      at EventTargetImpl._dispatch (node_modules/jsdom/lib/jsdom/living/events/EventTarget-impl.js:221:9)
      at EventTargetImpl.dispatchEvent (node_modules/jsdom/lib/jsdom/living/events/EventTarget-impl.js:94:17)
      at dispatchEvent (node_modules/jsdom/lib/jsdom/living/generated/EventTarget.js:231:34)
      at src/hooks/useResizableMapPanelsV129.test.tsx:92:14
      at act (node_modules/react/cjs/react.development.js:2512:16)
      at Object.<anonymous> (src/hooks/useResizableMapPanelsV129.test.tsx:89:8)

    console.error
      Warning: The current testing environment is not configured to support act(...)

    [0m [90m 55 |[39m   }[33m,[39m [layoutWidth])[33m;[39m
     [90m 56 |[39m   [36mconst[39m setWidth [33m=[39m useCallback((side[33m:[39m [33mResizableMapPanelSideV129[39m[33m,[39m value[33m:[39m number) [33m=>[39m {
    [31m[1m>[22m[39m[90m 57 |[39m     setPriority(side)[33m;[39m
     [90m    |[39m     [31m[1m^[22m[39m
     [90m 58 |[39m     [36mconst[39m width [33m=[39m currentLayoutWidth()[33m;[39m
     [90m 59 |[39m     setWidths(current [33m=>[39m {
     [90m 60 |[39m       [36mconst[39m fitted [33m=[39m fitMapPanelsV150(width[33m,[39m side [33m===[39m [32m"left"[39m [33m?[39m value [33m:[39m current[33m.[39mleft[33m,[39m side [33m===[39m [32m"right"[39m [33m?[39m value [33m:[39m current[33m.[39mright[33m,[39m leftPanelOpen[33m,[39m rightPanelOpen[33m,[39m side)[33m;[39m[0m

      at printWarning (node_modules/react-dom/cjs/react-dom.development.js:86:30)
      at error (node_modules/react-dom/cjs/react-dom.development.js:60:7)
      at isConcurrentActEnvironment (node_modules/react-dom/cjs/react-dom.development.js:25260:7)
      at warnIfUpdatesNotWrappedWithActDEV (node_modules/react-dom/cjs/react-dom.development.js:27559:12)
      at scheduleUpdateOnFiber (node_modules/react-dom/cjs/react-dom.development.js:25508:5)
      at setPriority (node_modules/react-dom/cjs/react-dom.development.js:17527:7)
      at setWidth (src/hooks/useResizableMapPanelsV129.ts:57:5)
      at onDoubleClick (src/hooks/useResizableMapPanelsV129.ts:104:45)
      at HTMLUnknownElement.callCallback (node_modules/react-dom/cjs/react-dom.development.js:4164:14)
      at HTMLUnknownElement.callTheUserObjectsOperation (node_modules/jsdom/lib/jsdom/living/generated/EventListener.js:26:30)
      at innerInvokeEventListeners (node_modules/jsdom/lib/jsdom/living/events/EventTarget-impl.js:338:25)
      at invokeEventListeners (node_modules/jsdom/lib/jsdom/living/events/EventTarget-impl.js:274:3)
      at HTMLUnknownElementImpl._dispatch (node_modules/jsdom/lib/jsdom/living/events/EventTarget-impl.js:221:9)
      at HTMLUnknownElementImpl.dispatchEvent (node_modules/jsdom/lib/jsdom/living/events/EventTarget-impl.js:94:17)
      at HTMLUnknownElement.dispatchEvent (node_modules/jsdom/lib/jsdom/living/generated/EventTarget.js:231:34)
      at Object.invokeGuardedCallbackDev (node_modules/react-dom/cjs/react-dom.development.js:4213:16)
      at invokeGuardedCallback (node_modules/react-dom/cjs/react-dom.development.js:4277:31)
      at invokeGuardedCallbackAndCatchFirstError (node_modules/react-dom/cjs/react-dom.development.js:4291:25)
      at executeDispatch (node_modules/react-dom/cjs/react-dom.development.js:9041:3)
      at processDispatchQueueItemsInOrder (node_modules/react-dom/cjs/react-dom.development.js:9073:7)
      at processDispatchQueue (node_modules/react-dom/cjs/react-dom.development.js:9086:5)
      at dispatchEventsForPlugins (node_modules/react-dom/cjs/react-dom.development.js:9097:3)
      at node_modules/react-dom/cjs/react-dom.development.js:9288:12
      at batchedUpdates$1 (node_modules/react-dom/cjs/react-dom.development.js:26140:12)
      at batchedUpdates (node_modules/react-dom/cjs/react-dom.development.js:3991:12)
      at dispatchEventForPluginEventSystem (node_modules/react-dom/cjs/react-dom.development.js:9287:3)
      at dispatchEventWithEnableCapturePhaseSelectiveHydrationWithoutDiscreteEventReplay (node_modules/react-dom/cjs/react-dom.development.js:6465:5)
      at dispatchEvent (node_modules/react-dom/cjs/react-dom.development.js:6457:5)
      at dispatchDiscreteEvent (node_modules/react-dom/cjs/react-dom.development.js:6430:5)
      at HTMLDivElement.callTheUserObjectsOperation (node_modules/jsdom/lib/jsdom/living/generated/EventListener.js:26:30)
      at innerInvokeEventListeners (node_modules/jsdom/lib/jsdom/living/events/EventTarget-impl.js:338:25)
      at invokeEventListeners (node_modules/jsdom/lib/jsdom/living/events/EventTarget-impl.js:274:3)
      at HTMLDivElementImpl._dispatch (node_modules/jsdom/lib/jsdom/living/events/EventTarget-impl.js:221:9)
      at HTMLDivElementImpl.dispatchEvent (node_modules/jsdom/lib/jsdom/living/events/EventTarget-impl.js:94:17)
      at HTMLDivElement.dispatchEvent (node_modules/jsdom/lib/jsdom/living/generated/EventTarget.js:231:34)
      at src/hooks/useResizableMapPanelsV129.test.tsx:96:17
      at act (node_modules/react/cjs/react.development.js:2512:16)
      at Object.<anonymous> (src/hooks/useResizableMapPanelsV129.test.tsx:95:8)

    console.error
      Warning: The current testing environment is not configured to support act(...)

    [0m [90m 57 |[39m     setPriority(side)[33m;[39m
     [90m 58 |[39m     [36mconst[39m width [33m=[39m currentLayoutWidth()[33m;[39m
    [31m[1m>[22m[39m[90m 59 |[39m     setWidths(current [33m=>[39m {
     [90m    |[39m     [31m[1m^[22m[39m
     [90m 60 |[39m       [36mconst[39m fitted [33m=[39m fitMapPanelsV150(width[33m,[39m side [33m===[39m [32m"left"[39m [33m?[39m value [33m:[39m current[33m.[39mleft[33m,[39m side [33m===[39m [32m"right"[39m [33m?[39m value [33m:[39m current[33m.[39mright[33m,[39m leftPanelOpen[33m,[39m rightPanelOpen[33m,[39m side)[33m;[39m
     [90m 61 |[39m       [36mreturn[39m { left[33m:[39m leftPanelOpen [33m?[39m fitted[33m.[39mleft [33m:[39m current[33m.[39mleft[33m,[39m right[33m:[39m rightPanelOpen [33m?[39m fitted[33m.[39mright [33m:[39m current[33m.[39mright }[33m;[39m
     [90m 62 |[39m     })[33m;[39m[0m

      at printWarning (node_modules/react-dom/cjs/react-dom.development.js:86:30)
      at error (node_modules/react-dom/cjs/react-dom.development.js:60:7)
      at isConcurrentActEnvironment (node_modules/react-dom/cjs/react-dom.development.js:25260:7)
      at warnIfUpdatesNotWrappedWithActDEV (node_modules/react-dom/cjs/react-dom.development.js:27559:12)
      at scheduleUpdateOnFiber (node_modules/react-dom/cjs/react-dom.development.js:25508:5)
      at setWidths (node_modules/react-dom/cjs/react-dom.development.js:17527:7)
      at setWidth (src/hooks/useResizableMapPanelsV129.ts:59:5)
      at onDoubleClick (src/hooks/useResizableMapPanelsV129.ts:104:45)
      at HTMLUnknownElement.callCallback (node_modules/react-dom/cjs/react-dom.development.js:4164:14)
      at HTMLUnknownElement.callTheUserObjectsOperation (node_modules/jsdom/lib/jsdom/living/generated/EventListener.js:26:30)
      at innerInvokeEventListeners (node_modules/jsdom/lib/jsdom/living/events/EventTarget-impl.js:338:25)
      at invokeEventListeners (node_modules/jsdom/lib/jsdom/living/events/EventTarget-impl.js:274:3)
      at HTMLUnknownElementImpl._dispatch (node_modules/jsdom/lib/jsdom/living/events/EventTarget-impl.js:221:9)
      at HTMLUnknownElementImpl.dispatchEvent (node_modules/jsdom/lib/jsdom/living/events/EventTarget-impl.js:94:17)
      at HTMLUnknownElement.dispatchEvent (node_modules/jsdom/lib/jsdom/living/generated/EventTarget.js:231:34)
      at Object.invokeGuardedCallbackDev (node_modules/react-dom/cjs/react-dom.development.js:4213:16)
      at invokeGuardedCallback (node_modules/react-dom/cjs/react-dom.development.js:4277:31)
      at invokeGuardedCallbackAndCatchFirstError (node_modules/react-dom/cjs/react-dom.development.js:4291:25)
      at executeDispatch (node_modules/react-dom/cjs/react-dom.development.js:9041:3)
      at processDispatchQueueItemsInOrder (node_modules/react-dom/cjs/react-dom.development.js:9073:7)
      at processDispatchQueue (node_modules/react-dom/cjs/react-dom.development.js:9086:5)
      at dispatchEventsForPlugins (node_modules/react-dom/cjs/react-dom.development.js:9097:3)
      at node_modules/react-dom/cjs/react-dom.development.js:9288:12
      at batchedUpdates$1 (node_modules/react-dom/cjs/react-dom.development.js:26140:12)
      at batchedUpdates (node_modules/react-dom/cjs/react-dom.development.js:3991:12)
      at dispatchEventForPluginEventSystem (node_modules/react-dom/cjs/react-dom.development.js:9287:3)
      at dispatchEventWithEnableCapturePhaseSelectiveHydrationWithoutDiscreteEventReplay (node_modules/react-dom/cjs/react-dom.development.js:6465:5)
      at dispatchEvent (node_modules/react-dom/cjs/react-dom.development.js:6457:5)
      at dispatchDiscreteEvent (node_modules/react-dom/cjs/react-dom.development.js:6430:5)
      at HTMLDivElement.callTheUserObjectsOperation (node_modules/jsdom/lib/jsdom/living/generated/EventListener.js:26:30)
      at innerInvokeEventListeners (node_modules/jsdom/lib/jsdom/living/events/EventTarget-impl.js:338:25)
      at invokeEventListeners (node_modules/jsdom/lib/jsdom/living/events/EventTarget-impl.js:274:3)
      at HTMLDivElementImpl._dispatch (node_modules/jsdom/lib/jsdom/living/events/EventTarget-impl.js:221:9)
      at HTMLDivElementImpl.dispatchEvent (node_modules/jsdom/lib/jsdom/living/events/EventTarget-impl.js:94:17)
      at HTMLDivElement.dispatchEvent (node_modules/jsdom/lib/jsdom/living/generated/EventTarget.js:231:34)
      at src/hooks/useResizableMapPanelsV129.test.tsx:96:17
      at act (node_modules/react/cjs/react.development.js:2512:16)
      at Object.<anonymous> (src/hooks/useResizableMapPanelsV129.test.tsx:95:8)

    console.error
      Warning: The current testing environment is not configured to support act(...)

    [0m [90m 43 |[39m })[33m;[39m
     [90m 44 |[39m afterEach(() [33m=>[39m {
    [31m[1m>[22m[39m[90m 45 |[39m   act(() [33m=>[39m root[33m.[39munmount())[33m;[39m
     [90m    |[39m                  [31m[1m^[22m[39m
     [90m 46 |[39m   container[33m.[39mremove()[33m;[39m
     [90m 47 |[39m })[33m;[39m
     [90m 48 |[39m[0m

      at printWarning (node_modules/react-dom/cjs/react-dom.development.js:86:30)
      at error (node_modules/react-dom/cjs/react-dom.development.js:60:7)
      at isConcurrentActEnvironment (node_modules/react-dom/cjs/react-dom.development.js:25260:7)
      at warnIfUpdatesNotWrappedWithActDEV (node_modules/react-dom/cjs/react-dom.development.js:27559:12)
      at scheduleUpdateOnFiber (node_modules/react-dom/cjs/react-dom.development.js:25508:5)
      at updateContainer (node_modules/react-dom/cjs/react-dom.development.js:28858:5)
      at node_modules/react-dom/cjs/react-dom.development.js:29337:7
      at flushSync (node_modules/react-dom/cjs/react-dom.development.js:26189:14)
      at ReactDOMRoot.unmount (node_modules/react-dom/cjs/react-dom.development.js:29336:5)
      at src/hooks/useResizableMapPanelsV129.test.tsx:45:18
      at act (node_modules/react/cjs/react.development.js:2512:16)
      at Object.<anonymous> (src/hooks/useResizableMapPanelsV129.test.tsx:45:6)

PASS src/components/data/public/CountryCompareBlockV158.test.tsx
  ● Console

    console.error
      Warning: The current testing environment is not configured to support act(...)

    [0m [90m 51 |[39m [36mfunction[39m draw(series[33m:[39m [33mCountryCompareSeriesV158[39m[][33m,[39m mode[33m?[39m[33m:[39m [32m"grouped-bars"[39m [33m|[39m [32m"multi-line"[39m) {
     [90m 52 |[39m   act(() [33m=>[39m {
    [31m[1m>[22m[39m[90m 53 |[39m     root[33m.[39mrender(
     [90m    |[39m          [31m[1m^[22m[39m
     [90m 54 |[39m       [33m<[39m[33mCountryCompareBlockV158[39m
     [90m 55 |[39m         elementId[33m=[39m[32m"A-003"[39m
     [90m 56 |[39m         title[33m=[39m[32m"GDP 비교"[39m[0m

      at printWarning (node_modules/react-dom/cjs/react-dom.development.js:86:30)
      at error (node_modules/react-dom/cjs/react-dom.development.js:60:7)
      at isConcurrentActEnvironment (node_modules/react-dom/cjs/react-dom.development.js:25260:7)
      at warnIfUpdatesNotWrappedWithActDEV (node_modules/react-dom/cjs/react-dom.development.js:27559:12)
      at scheduleUpdateOnFiber (node_modules/react-dom/cjs/react-dom.development.js:25508:5)
      at updateContainer (node_modules/react-dom/cjs/react-dom.development.js:28858:5)
      at ReactDOMRoot.render (node_modules/react-dom/cjs/react-dom.development.js:29314:3)
      at src/components/data/public/CountryCompareBlockV158.test.tsx:53:10
      at act (node_modules/react/cjs/react.development.js:2512:16)
      at draw (src/components/data/public/CountryCompareBlockV158.test.tsx:52:6)
      at Object.<anonymous> (src/components/data/public/CountryCompareBlockV158.test.tsx:68:12)

    console.error
      Warning: The current testing environment is not configured to support act(...)

    [0m [90m 45 |[39m
     [90m 46 |[39m afterEach(() [33m=>[39m {
    [31m[1m>[22m[39m[90m 47 |[39m   act(() [33m=>[39m root[33m.[39munmount())[33m;[39m
     [90m    |[39m                  [31m[1m^[22m[39m
     [90m 48 |[39m   container[33m.[39mremove()[33m;[39m
     [90m 49 |[39m })[33m;[39m
     [90m 50 |[39m[0m

      at printWarning (node_modules/react-dom/cjs/react-dom.development.js:86:30)
      at error (node_modules/react-dom/cjs/react-dom.development.js:60:7)
      at isConcurrentActEnvironment (node_modules/react-dom/cjs/react-dom.development.js:25260:7)
      at warnIfUpdatesNotWrappedWithActDEV (node_modules/react-dom/cjs/react-dom.development.js:27559:12)
      at scheduleUpdateOnFiber (node_modules/react-dom/cjs/react-dom.development.js:25508:5)
      at updateContainer (node_modules/react-dom/cjs/react-dom.development.js:28858:5)
      at node_modules/react-dom/cjs/react-dom.development.js:29337:7
      at flushSync (node_modules/react-dom/cjs/react-dom.development.js:26189:14)
      at ReactDOMRoot.unmount (node_modules/react-dom/cjs/react-dom.development.js:29336:5)
      at src/components/data/public/CountryCompareBlockV158.test.tsx:47:18
      at act (node_modules/react/cjs/react.development.js:2512:16)
      at Object.<anonymous> (src/components/data/public/CountryCompareBlockV158.test.tsx:47:6)

    console.error
      Warning: The current testing environment is not configured to support act(...)

    [0m [90m 51 |[39m [36mfunction[39m draw(series[33m:[39m [33mCountryCompareSeriesV158[39m[][33m,[39m mode[33m?[39m[33m:[39m [32m"grouped-bars"[39m [33m|[39m [32m"multi-line"[39m) {
     [90m 52 |[39m   act(() [33m=>[39m {
    [31m[1m>[22m[39m[90m 53 |[39m     root[33m.[39mrender(
     [90m    |[39m          [31m[1m^[22m[39m
     [90m 54 |[39m       [33m<[39m[33mCountryCompareBlockV158[39m
     [90m 55 |[39m         elementId[33m=[39m[32m"A-003"[39m
     [90m 56 |[39m         title[33m=[39m[32m"GDP 비교"[39m[0m

      at printWarning (node_modules/react-dom/cjs/react-dom.development.js:86:30)
      at error (node_modules/react-dom/cjs/react-dom.development.js:60:7)
      at isConcurrentActEnvironment (node_modules/react-dom/cjs/react-dom.development.js:25260:7)
      at warnIfUpdatesNotWrappedWithActDEV (node_modules/react-dom/cjs/react-dom.development.js:27559:12)
      at scheduleUpdateOnFiber (node_modules/react-dom/cjs/react-dom.development.js:25508:5)
      at updateContainer (node_modules/react-dom/cjs/react-dom.development.js:28858:5)
      at ReactDOMRoot.render (node_modules/react-dom/cjs/react-dom.development.js:29314:3)
      at src/components/data/public/CountryCompareBlockV158.test.tsx:53:10
      at act (node_modules/react/cjs/react.development.js:2512:16)
      at draw (src/components/data/public/CountryCompareBlockV158.test.tsx:52:6)
      at Object.<anonymous> (src/components/data/public/CountryCompareBlockV158.test.tsx:75:7)

    console.error
      Warning: The current testing environment is not configured to support act(...)

    [0m [90m 45 |[39m
     [90m 46 |[39m afterEach(() [33m=>[39m {
    [31m[1m>[22m[39m[90m 47 |[39m   act(() [33m=>[39m root[33m.[39munmount())[33m;[39m
     [90m    |[39m                  [31m[1m^[22m[39m
     [90m 48 |[39m   container[33m.[39mremove()[33m;[39m
     [90m 49 |[39m })[33m;[39m
     [90m 50 |[39m[0m

      at printWarning (node_modules/react-dom/cjs/react-dom.development.js:86:30)
      at error (node_modules/react-dom/cjs/react-dom.development.js:60:7)
      at isConcurrentActEnvironment (node_modules/react-dom/cjs/react-dom.development.js:25260:7)
      at warnIfUpdatesNotWrappedWithActDEV (node_modules/react-dom/cjs/react-dom.development.js:27559:12)
      at scheduleUpdateOnFiber (node_modules/react-dom/cjs/react-dom.development.js:25508:5)
      at updateContainer (node_modules/react-dom/cjs/react-dom.development.js:28858:5)
      at node_modules/react-dom/cjs/react-dom.development.js:29337:7
      at flushSync (node_modules/react-dom/cjs/react-dom.development.js:26189:14)
      at ReactDOMRoot.unmount (node_modules/react-dom/cjs/react-dom.development.js:29336:5)
      at src/components/data/public/CountryCompareBlockV158.test.tsx:47:18
      at act (node_modules/react/cjs/react.development.js:2512:16)
      at Object.<anonymous> (src/components/data/public/CountryCompareBlockV158.test.tsx:47:6)

    console.error
      Warning: The current testing environment is not configured to support act(...)

    [0m [90m 51 |[39m [36mfunction[39m draw(series[33m:[39m [33mCountryCompareSeriesV158[39m[][33m,[39m mode[33m?[39m[33m:[39m [32m"grouped-bars"[39m [33m|[39m [32m"multi-line"[39m) {
     [90m 52 |[39m   act(() [33m=>[39m {
    [31m[1m>[22m[39m[90m 53 |[39m     root[33m.[39mrender(
     [90m    |[39m          [31m[1m^[22m[39m
     [90m 54 |[39m       [33m<[39m[33mCountryCompareBlockV158[39m
     [90m 55 |[39m         elementId[33m=[39m[32m"A-003"[39m
     [90m 56 |[39m         title[33m=[39m[32m"GDP 비교"[39m[0m

      at printWarning (node_modules/react-dom/cjs/react-dom.development.js:86:30)
      at error (node_modules/react-dom/cjs/react-dom.development.js:60:7)
      at isConcurrentActEnvironment (node_modules/react-dom/cjs/react-dom.development.js:25260:7)
      at warnIfUpdatesNotWrappedWithActDEV (node_modules/react-dom/cjs/react-dom.development.js:27559:12)
      at scheduleUpdateOnFiber (node_modules/react-dom/cjs/react-dom.development.js:25508:5)
      at updateContainer (node_modules/react-dom/cjs/react-dom.development.js:28858:5)
      at ReactDOMRoot.render (node_modules/react-dom/cjs/react-dom.development.js:29314:3)
      at src/components/data/public/CountryCompareBlockV158.test.tsx:53:10
      at act (node_modules/react/cjs/react.development.js:2512:16)
      at draw (src/components/data/public/CountryCompareBlockV158.test.tsx:52:6)
      at Object.<anonymous> (src/components/data/public/CountryCompareBlockV158.test.tsx:81:18)

    console.error
      Warning: The current testing environment is not configured to support act(...)

    [0m [90m 45 |[39m
     [90m 46 |[39m afterEach(() [33m=>[39m {
    [31m[1m>[22m[39m[90m 47 |[39m   act(() [33m=>[39m root[33m.[39munmount())[33m;[39m
     [90m    |[39m                  [31m[1m^[22m[39m
     [90m 48 |[39m   container[33m.[39mremove()[33m;[39m
     [90m 49 |[39m })[33m;[39m
     [90m 50 |[39m[0m

      at printWarning (node_modules/react-dom/cjs/react-dom.development.js:86:30)
      at error (node_modules/react-dom/cjs/react-dom.development.js:60:7)
      at isConcurrentActEnvironment (node_modules/react-dom/cjs/react-dom.development.js:25260:7)
      at warnIfUpdatesNotWrappedWithActDEV (node_modules/react-dom/cjs/react-dom.development.js:27559:12)
      at scheduleUpdateOnFiber (node_modules/react-dom/cjs/react-dom.development.js:25508:5)
      at updateContainer (node_modules/react-dom/cjs/react-dom.development.js:28858:5)
      at node_modules/react-dom/cjs/react-dom.development.js:29337:7
      at flushSync (node_modules/react-dom/cjs/react-dom.development.js:26189:14)
      at ReactDOMRoot.unmount (node_modules/react-dom/cjs/react-dom.development.js:29336:5)
      at src/components/data/public/CountryCompareBlockV158.test.tsx:47:18
      at act (node_modules/react/cjs/react.development.js:2512:16)
      at Object.<anonymous> (src/components/data/public/CountryCompareBlockV158.test.tsx:47:6)

    console.error
      Warning: The current testing environment is not configured to support act(...)

    [0m [90m 51 |[39m [36mfunction[39m draw(series[33m:[39m [33mCountryCompareSeriesV158[39m[][33m,[39m mode[33m?[39m[33m:[39m [32m"grouped-bars"[39m [33m|[39m [32m"multi-line"[39m) {
     [90m 52 |[39m   act(() [33m=>[39m {
    [31m[1m>[22m[39m[90m 53 |[39m     root[33m.[39mrender(
     [90m    |[39m          [31m[1m^[22m[39m
     [90m 54 |[39m       [33m<[39m[33mCountryCompareBlockV158[39m
     [90m 55 |[39m         elementId[33m=[39m[32m"A-003"[39m
     [90m 56 |[39m         title[33m=[39m[32m"GDP 비교"[39m[0m

      at printWarning (node_modules/react-dom/cjs/react-dom.development.js:86:30)
      at error (node_modules/react-dom/cjs/react-dom.development.js:60:7)
      at isConcurrentActEnvironment (node_modules/react-dom/cjs/react-dom.development.js:25260:7)
      at warnIfUpdatesNotWrappedWithActDEV (node_modules/react-dom/cjs/react-dom.development.js:27559:12)
      at scheduleUpdateOnFiber (node_modules/react-dom/cjs/react-dom.development.js:25508:5)
      at updateContainer (node_modules/react-dom/cjs/react-dom.development.js:28858:5)
      at ReactDOMRoot.render (node_modules/react-dom/cjs/react-dom.development.js:29314:3)
      at src/components/data/public/CountryCompareBlockV158.test.tsx:53:10
      at act (node_modules/react/cjs/react.development.js:2512:16)
      at draw (src/components/data/public/CountryCompareBlockV158.test.tsx:52:6)
      at Object.<anonymous> (src/components/data/public/CountryCompareBlockV158.test.tsx:96:18)

    console.error
      Warning: The current testing environment is not configured to support act(...)

    [0m [90m 45 |[39m
     [90m 46 |[39m afterEach(() [33m=>[39m {
    [31m[1m>[22m[39m[90m 47 |[39m   act(() [33m=>[39m root[33m.[39munmount())[33m;[39m
     [90m    |[39m                  [31m[1m^[22m[39m
     [90m 48 |[39m   container[33m.[39mremove()[33m;[39m
     [90m 49 |[39m })[33m;[39m
     [90m 50 |[39m[0m

      at printWarning (node_modules/react-dom/cjs/react-dom.development.js:86:30)
      at error (node_modules/react-dom/cjs/react-dom.development.js:60:7)
      at isConcurrentActEnvironment (node_modules/react-dom/cjs/react-dom.development.js:25260:7)
      at warnIfUpdatesNotWrappedWithActDEV (node_modules/react-dom/cjs/react-dom.development.js:27559:12)
      at scheduleUpdateOnFiber (node_modules/react-dom/cjs/react-dom.development.js:25508:5)
      at updateContainer (node_modules/react-dom/cjs/react-dom.development.js:28858:5)
      at node_modules/react-dom/cjs/react-dom.development.js:29337:7
      at flushSync (node_modules/react-dom/cjs/react-dom.development.js:26189:14)
      at ReactDOMRoot.unmount (node_modules/react-dom/cjs/react-dom.development.js:29336:5)
      at src/components/data/public/CountryCompareBlockV158.test.tsx:47:18
      at act (node_modules/react/cjs/react.development.js:2512:16)
      at Object.<anonymous> (src/components/data/public/CountryCompareBlockV158.test.tsx:47:6)

    console.error
      Warning: The current testing environment is not configured to support act(...)

    [0m [90m 51 |[39m [36mfunction[39m draw(series[33m:[39m [33mCountryCompareSeriesV158[39m[][33m,[39m mode[33m?[39m[33m:[39m [32m"grouped-bars"[39m [33m|[39m [32m"multi-line"[39m) {
     [90m 52 |[39m   act(() [33m=>[39m {
    [31m[1m>[22m[39m[90m 53 |[39m     root[33m.[39mrender(
     [90m    |[39m          [31m[1m^[22m[39m
     [90m 54 |[39m       [33m<[39m[33mCountryCompareBlockV158[39m
     [90m 55 |[39m         elementId[33m=[39m[32m"A-003"[39m
     [90m 56 |[39m         title[33m=[39m[32m"GDP 비교"[39m[0m

      at printWarning (node_modules/react-dom/cjs/react-dom.development.js:86:30)
      at error (node_modules/react-dom/cjs/react-dom.development.js:60:7)
      at isConcurrentActEnvironment (node_modules/react-dom/cjs/react-dom.development.js:25260:7)
      at warnIfUpdatesNotWrappedWithActDEV (node_modules/react-dom/cjs/react-dom.development.js:27559:12)
      at scheduleUpdateOnFiber (node_modules/react-dom/cjs/react-dom.development.js:25508:5)
      at updateContainer (node_modules/react-dom/cjs/react-dom.development.js:28858:5)
      at ReactDOMRoot.render (node_modules/react-dom/cjs/react-dom.development.js:29314:3)
      at src/components/data/public/CountryCompareBlockV158.test.tsx:53:10
      at act (node_modules/react/cjs/react.development.js:2512:16)
      at draw (src/components/data/public/CountryCompareBlockV158.test.tsx:52:6)
      at Object.<anonymous> (src/components/data/public/CountryCompareBlockV158.test.tsx:116:18)

    console.error
      Warning: The current testing environment is not configured to support act(...)

    [0m [90m 45 |[39m
     [90m 46 |[39m afterEach(() [33m=>[39m {
    [31m[1m>[22m[39m[90m 47 |[39m   act(() [33m=>[39m root[33m.[39munmount())[33m;[39m
     [90m    |[39m                  [31m[1m^[22m[39m
     [90m 48 |[39m   container[33m.[39mremove()[33m;[39m
     [90m 49 |[39m })[33m;[39m
     [90m 50 |[39m[0m

      at printWarning (node_modules/react-dom/cjs/react-dom.development.js:86:30)
      at error (node_modules/react-dom/cjs/react-dom.development.js:60:7)
      at isConcurrentActEnvironment (node_modules/react-dom/cjs/react-dom.development.js:25260:7)
      at warnIfUpdatesNotWrappedWithActDEV (node_modules/react-dom/cjs/react-dom.development.js:27559:12)
      at scheduleUpdateOnFiber (node_modules/react-dom/cjs/react-dom.development.js:25508:5)
      at updateContainer (node_modules/react-dom/cjs/react-dom.development.js:28858:5)
      at node_modules/react-dom/cjs/react-dom.development.js:29337:7
      at flushSync (node_modules/react-dom/cjs/react-dom.development.js:26189:14)
      at ReactDOMRoot.unmount (node_modules/react-dom/cjs/react-dom.development.js:29336:5)
      at src/components/data/public/CountryCompareBlockV158.test.tsx:47:18
      at act (node_modules/react/cjs/react.development.js:2512:16)
      at Object.<anonymous> (src/components/data/public/CountryCompareBlockV158.test.tsx:47:6)

    console.error
      Warning: The current testing environment is not configured to support act(...)

    [0m [90m 51 |[39m [36mfunction[39m draw(series[33m:[39m [33mCountryCompareSeriesV158[39m[][33m,[39m mode[33m?[39m[33m:[39m [32m"grouped-bars"[39m [33m|[39m [32m"multi-line"[39m) {
     [90m 52 |[39m   act(() [33m=>[39m {
    [31m[1m>[22m[39m[90m 53 |[39m     root[33m.[39mrender(
     [90m    |[39m          [31m[1m^[22m[39m
     [90m 54 |[39m       [33m<[39m[33mCountryCompareBlockV158[39m
     [90m 55 |[39m         elementId[33m=[39m[32m"A-003"[39m
     [90m 56 |[39m         title[33m=[39m[32m"GDP 비교"[39m[0m

      at printWarning (node_modules/react-dom/cjs/react-dom.development.js:86:30)
      at error (node_modules/react-dom/cjs/react-dom.development.js:60:7)
      at isConcurrentActEnvironment (node_modules/react-dom/cjs/react-dom.development.js:25260:7)
      at warnIfUpdatesNotWrappedWithActDEV (node_modules/react-dom/cjs/react-dom.development.js:27559:12)
      at scheduleUpdateOnFiber (node_modules/react-dom/cjs/react-dom.development.js:25508:5)
      at updateContainer (node_modules/react-dom/cjs/react-dom.development.js:28858:5)
      at ReactDOMRoot.render (node_modules/react-dom/cjs/react-dom.development.js:29314:3)
      at src/components/data/public/CountryCompareBlockV158.test.tsx:53:10
      at act (node_modules/react/cjs/react.development.js:2512:16)
      at draw (src/components/data/public/CountryCompareBlockV158.test.tsx:52:6)
      at Object.<anonymous> (src/components/data/public/CountryCompareBlockV158.test.tsx:129:18)

    console.error
      Warning: The current testing environment is not configured to support act(...)

    [0m [90m 45 |[39m
     [90m 46 |[39m afterEach(() [33m=>[39m {
    [31m[1m>[22m[39m[90m 47 |[39m   act(() [33m=>[39m root[33m.[39munmount())[33m;[39m
     [90m    |[39m                  [31m[1m^[22m[39m
     [90m 48 |[39m   container[33m.[39mremove()[33m;[39m
     [90m 49 |[39m })[33m;[39m
     [90m 50 |[39m[0m

      at printWarning (node_modules/react-dom/cjs/react-dom.development.js:86:30)
      at error (node_modules/react-dom/cjs/react-dom.development.js:60:7)
      at isConcurrentActEnvironment (node_modules/react-dom/cjs/react-dom.development.js:25260:7)
      at warnIfUpdatesNotWrappedWithActDEV (node_modules/react-dom/cjs/react-dom.development.js:27559:12)
      at scheduleUpdateOnFiber (node_modules/react-dom/cjs/react-dom.development.js:25508:5)
      at updateContainer (node_modules/react-dom/cjs/react-dom.development.js:28858:5)
      at node_modules/react-dom/cjs/react-dom.development.js:29337:7
      at flushSync (node_modules/react-dom/cjs/react-dom.development.js:26189:14)
      at ReactDOMRoot.unmount (node_modules/react-dom/cjs/react-dom.development.js:29336:5)
      at src/components/data/public/CountryCompareBlockV158.test.tsx:47:18
      at act (node_modules/react/cjs/react.development.js:2512:16)
      at Object.<anonymous> (src/components/data/public/CountryCompareBlockV158.test.tsx:47:6)

PASS src/utils/technologyIdV153.test.ts
PASS src/data/map/mapPresentationV148.test.ts
PASS src/components/data/public/PublicRawDataTablesV126.test.tsx
PASS src/components/data/public/HydroStationObservationsV142.test.ts
PASS src/data/structure/adaptStructureV159.test.ts
PASS src/data/visualization/policyDescriptionsV153.test.ts
PASS src/components/data/layers/DetailLayerV160.test.tsx
PASS src/data/structure/S2RegionObservationV159.test.ts
PASS src/data/map/mapIconsV152.test.ts
PASS src/components/map/mapOverlapPopupV145.test.ts
PASS src/data/map/mapBackdropV151.test.ts
PASS src/data/structure/spatialLayerS2V159.test.ts
PASS src/data/structure/decisionPointsV159.test.ts
PASS src/data/visualization/koreanTermsV153.test.ts
PASS src/data/publicUsageV149.test.ts
PASS src/data/visualization/statedValueRoleV142.test.ts
PASS src/components/map/miniMapStateV152.test.ts
PASS src/data/structure/S1CountryObservationV159.test.ts
PASS src/data/structure/S3LocatedEntityV159.test.ts
PASS src/utils/publicTermTokenizerV134.test.ts
PASS src/data/visualization/mineralResourcesV153.test.ts
PASS src/data/visualization/readabilityV150.test.ts
PASS src/data/map/adminBoundaryV151.test.ts
PASS src/data/visualization/countryCompareContractV158.test.ts
PASS src/data/visualization/publicFieldPolicyV126.test.ts
PASS src/data/map/publicMapOverlapV145.test.ts
PASS src/data/geo/regionNameV161.test.ts
PASS src/utils/publicCategoryGroupingV136_3.test.ts
PASS src/components/data/templates/DecisionPointsV159.test.tsx
PASS src/data/visualization/unitDisplayV150.test.ts
PASS src/components/data/semantic/documentTimelineBaselineV153.test.tsx
PASS src/data/visualization/mapSelectorBindingsV142.test.ts
PASS src/components/data/description/highlightIndicatorsV159.test.ts
PASS src/data/structure/S4EntityV159.test.ts
PASS src/components/data/description/DatasetCardTitleV159.test.tsx

Test Suites: 60 passed, 60 total
Tests:       593 passed, 593 total
Snapshots:   0 total
Time:        9.803 s
Ran all test suites.
{"type":"command-end","command":"npm run test:unit","exitCode":0,"timedOut":false,"elapsedMs":12187}
{"type":"command-start","command":"npm run audit:generic-detail-public:v136-2","timeoutMs":600000,"time":"2026-09-29T02:43:46.369Z"}

> react-typescript@1.0.0 audit:generic-detail-public:v136-2
> node scripts/audit-vietnam-generic-detail-public-v136-2.mjs

{"type":"route-start","audit":"generic-detail-public:v136-2","elementId":"A-001"}
{"type":"route-finish","elementId":"A-001","elapsedMs":1339}
{"type":"route-start","audit":"generic-detail-public:v136-2","elementId":"A-002"}
{"type":"route-finish","elementId":"A-002","elapsedMs":1149}
{"type":"route-start","audit":"generic-detail-public:v136-2","elementId":"A-003"}
{"type":"route-finish","elementId":"A-003","elapsedMs":1484}
{"type":"route-start","audit":"generic-detail-public:v136-2","elementId":"A-004"}
{"type":"route-finish","elementId":"A-004","elapsedMs":1228}
{"type":"route-start","audit":"generic-detail-public:v136-2","elementId":"A-005"}
{"type":"route-finish","elementId":"A-005","elapsedMs":1139}
{"type":"route-start","audit":"generic-detail-public:v136-2","elementId":"A-006"}
{"type":"route-finish","elementId":"A-006","elapsedMs":1251}
{"type":"route-start","audit":"generic-detail-public:v136-2","elementId":"A-007"}
{"type":"route-finish","elementId":"A-007","elapsedMs":1361}
{"type":"route-start","audit":"generic-detail-public:v136-2","elementId":"A-008"}
{"type":"route-finish","elementId":"A-008","elapsedMs":1196}
{"type":"route-start","audit":"generic-detail-public:v136-2","elementId":"A-009"}
{"type":"route-finish","elementId":"A-009","elapsedMs":1329}
{"type":"route-start","audit":"generic-detail-public:v136-2","elementId":"A-010"}
{"type":"route-finish","elementId":"A-010","elapsedMs":1383}
{"type":"route-start","audit":"generic-detail-public:v136-2","elementId":"A-011"}
{"type":"route-finish","elementId":"A-011","elapsedMs":1378}
{"type":"route-start","audit":"generic-detail-public:v136-2","elementId":"A-012"}
{"type":"route-finish","elementId":"A-012","elapsedMs":1342}
{"type":"route-start","audit":"generic-detail-public:v136-2","elementId":"A-013"}
{"type":"route-finish","elementId":"A-013","elapsedMs":1257}
{"type":"route-start","audit":"generic-detail-public:v136-2","elementId":"A-014"}
{"type":"route-finish","elementId":"A-014","elapsedMs":1700}
{"type":"route-start","audit":"generic-detail-public:v136-2","elementId":"A-015"}
{"type":"route-finish","elementId":"A-015","elapsedMs":1086}
{"type":"route-start","audit":"generic-detail-public:v136-2","elementId":"A-016"}
{"type":"route-finish","elementId":"A-016","elapsedMs":1310}
{"type":"route-start","audit":"generic-detail-public:v136-2","elementId":"A-018"}
{"type":"route-finish","elementId":"A-018","elapsedMs":1333}
{"type":"route-start","audit":"generic-detail-public:v136-2","elementId":"A-019"}
{"type":"route-finish","elementId":"A-019","elapsedMs":1107}
{"type":"route-start","audit":"generic-detail-public:v136-2","elementId":"A-020"}
{"type":"route-finish","elementId":"A-020","elapsedMs":1250}
{"type":"route-start","audit":"generic-detail-public:v136-2","elementId":"A-021"}
{"type":"route-finish","elementId":"A-021","elapsedMs":1261}
{"type":"route-start","audit":"generic-detail-public:v136-2","elementId":"A-022"}
{"type":"route-finish","elementId":"A-022","elapsedMs":1488}
{"type":"route-start","audit":"generic-detail-public:v136-2","elementId":"A-023"}
{"type":"route-finish","elementId":"A-023","elapsedMs":1099}
{"type":"route-start","audit":"generic-detail-public:v136-2","elementId":"A-024"}
{"type":"command-running","command":"npm run audit:generic-detail-public:v136-2","elapsedMs":30030}
{"type":"route-finish","elementId":"A-024","elapsedMs":1212}
{"type":"route-start","audit":"generic-detail-public:v136-2","elementId":"A-025"}
{"type":"route-finish","elementId":"A-025","elapsedMs":1175}
{"type":"route-start","audit":"generic-detail-public:v136-2","elementId":"A-026"}
{"type":"route-finish","elementId":"A-026","elapsedMs":986}
{"type":"route-start","audit":"generic-detail-public:v136-2","elementId":"A-027"}
{"type":"route-finish","elementId":"A-027","elapsedMs":1004}
{"type":"route-start","audit":"generic-detail-public:v136-2","elementId":"A-028"}
{"type":"route-finish","elementId":"A-028","elapsedMs":944}
{"type":"route-start","audit":"generic-detail-public:v136-2","elementId":"A-029"}
{"type":"route-finish","elementId":"A-029","elapsedMs":1067}
{"type":"route-start","audit":"generic-detail-public:v136-2","elementId":"A-030"}
{"type":"route-finish","elementId":"A-030","elapsedMs":1107}
{"type":"route-start","audit":"generic-detail-public:v136-2","elementId":"A-031"}
{"type":"route-finish","elementId":"A-031","elapsedMs":1162}
{"type":"route-start","audit":"generic-detail-public:v136-2","elementId":"A-032"}
{"type":"route-finish","elementId":"A-032","elapsedMs":1225}
{"type":"route-start","audit":"generic-detail-public:v136-2","elementId":"A-033"}
{"type":"route-finish","elementId":"A-033","elapsedMs":1186}
{"type":"route-start","audit":"generic-detail-public:v136-2","elementId":"B-001"}
{"type":"route-finish","elementId":"B-001","elapsedMs":1088}
{"type":"route-start","audit":"generic-detail-public:v136-2","elementId":"B-002"}
{"type":"route-finish","elementId":"B-002","elapsedMs":1040}
{"type":"route-start","audit":"generic-detail-public:v136-2","elementId":"B-003"}
{"type":"route-finish","elementId":"B-003","elapsedMs":1299}
{"type":"route-start","audit":"generic-detail-public:v136-2","elementId":"B-004"}
{"type":"route-finish","elementId":"B-004","elapsedMs":2100}
{"type":"route-start","audit":"generic-detail-public:v136-2","elementId":"B-005"}
{"type":"route-finish","elementId":"B-005","elapsedMs":1920}
{"type":"route-start","audit":"generic-detail-public:v136-2","elementId":"B-006"}
{"type":"route-finish","elementId":"B-006","elapsedMs":2015}
{"type":"route-start","audit":"generic-detail-public:v136-2","elementId":"B-007"}
{"type":"route-finish","elementId":"B-007","elapsedMs":2005}
{"type":"route-start","audit":"generic-detail-public:v136-2","elementId":"B-008"}
{"type":"route-finish","elementId":"B-008","elapsedMs":1125}
{"type":"route-start","audit":"generic-detail-public:v136-2","elementId":"B-009"}
{"type":"route-finish","elementId":"B-009","elapsedMs":1588}
{"type":"route-start","audit":"generic-detail-public:v136-2","elementId":"B-010"}
{"type":"route-finish","elementId":"B-010","elapsedMs":1151}
{"type":"route-start","audit":"generic-detail-public:v136-2","elementId":"B-011"}
{"type":"route-finish","elementId":"B-011","elapsedMs":1312}
{"type":"route-start","audit":"generic-detail-public:v136-2","elementId":"B-012"}
{"type":"route-finish","elementId":"B-012","elapsedMs":1152}
{"type":"route-start","audit":"generic-detail-public:v136-2","elementId":"B-013"}
{"type":"route-finish","elementId":"B-013","elapsedMs":1171}
{"type":"route-start","audit":"generic-detail-public:v136-2","elementId":"B-014"}
{"type":"command-running","command":"npm run audit:generic-detail-public:v136-2","elapsedMs":60041}
{"type":"route-finish","elementId":"B-014","elapsedMs":1088}
{"type":"route-start","audit":"generic-detail-public:v136-2","elementId":"B-015"}
{"type":"route-finish","elementId":"B-015","elapsedMs":1107}
{"type":"route-start","audit":"generic-detail-public:v136-2","elementId":"B-016"}
{"type":"route-finish","elementId":"B-016","elapsedMs":1335}
{"type":"route-start","audit":"generic-detail-public:v136-2","elementId":"B-017"}
{"type":"route-finish","elementId":"B-017","elapsedMs":1253}
{"type":"route-start","audit":"generic-detail-public:v136-2","elementId":"B-018"}
{"type":"route-finish","elementId":"B-018","elapsedMs":2107}
{"type":"route-start","audit":"generic-detail-public:v136-2","elementId":"B-019"}
{"type":"route-finish","elementId":"B-019","elapsedMs":1369}
{"type":"route-start","audit":"generic-detail-public:v136-2","elementId":"B-020"}
{"type":"route-finish","elementId":"B-020","elapsedMs":2095}
{"type":"route-start","audit":"generic-detail-public:v136-2","elementId":"B-021"}
{"type":"route-finish","elementId":"B-021","elapsedMs":2537}
{"type":"route-start","audit":"generic-detail-public:v136-2","elementId":"B-022"}
{"type":"route-finish","elementId":"B-022","elapsedMs":1324}
{"type":"route-start","audit":"generic-detail-public:v136-2","elementId":"B-023"}
{"type":"route-finish","elementId":"B-023","elapsedMs":1213}
{"type":"route-start","audit":"generic-detail-public:v136-2","elementId":"B-024"}
{"type":"route-finish","elementId":"B-024","elapsedMs":1221}
{"type":"route-start","audit":"generic-detail-public:v136-2","elementId":"B-025"}
{"type":"route-finish","elementId":"B-025","elapsedMs":1075}
{"type":"route-start","audit":"generic-detail-public:v136-2","elementId":"B-026"}
{"type":"route-finish","elementId":"B-026","elapsedMs":1023}
{"type":"route-start","audit":"generic-detail-public:v136-2","elementId":"B-027"}
{"type":"route-finish","elementId":"B-027","elapsedMs":1204}
{"type":"route-start","audit":"generic-detail-public:v136-2","elementId":"B-028"}
{"type":"route-finish","elementId":"B-028","elapsedMs":1072}
{"type":"route-start","audit":"generic-detail-public:v136-2","elementId":"B-029"}
{"type":"route-finish","elementId":"B-029","elapsedMs":1245}
{"type":"route-start","audit":"generic-detail-public:v136-2","elementId":"B-030"}
{"type":"route-finish","elementId":"B-030","elapsedMs":1191}
{"type":"route-start","audit":"generic-detail-public:v136-2","elementId":"B-031"}
{"type":"route-finish","elementId":"B-031","elapsedMs":1300}
{"type":"route-start","audit":"generic-detail-public:v136-2","elementId":"B-032"}
{"type":"route-finish","elementId":"B-032","elapsedMs":1233}
{"type":"route-start","audit":"generic-detail-public:v136-2","elementId":"B-033"}
{"type":"route-finish","elementId":"B-033","elapsedMs":1267}
{"type":"route-start","audit":"generic-detail-public:v136-2","elementId":"B-034"}
{"type":"route-finish","elementId":"B-034","elapsedMs":1218}
{"type":"route-start","audit":"generic-detail-public:v136-2","elementId":"B-035"}
{"type":"route-finish","elementId":"B-035","elapsedMs":1608}
{"type":"route-start","audit":"generic-detail-public:v136-2","elementId":"B-036"}
{"type":"command-running","command":"npm run audit:generic-detail-public:v136-2","elapsedMs":90043}
{"type":"route-finish","elementId":"B-036","elapsedMs":1269}
{"type":"route-start","audit":"generic-detail-public:v136-2","elementId":"B-037"}
{"type":"route-finish","elementId":"B-037","elapsedMs":1213}
{"type":"route-start","audit":"generic-detail-public:v136-2","elementId":"B-038"}
{"type":"route-finish","elementId":"B-038","elapsedMs":1362}
{"type":"route-start","audit":"generic-detail-public:v136-2","elementId":"B-039"}
{"type":"route-finish","elementId":"B-039","elapsedMs":1347}
{"type":"route-start","audit":"generic-detail-public:v136-2","elementId":"B-040"}
{"type":"route-finish","elementId":"B-040","elapsedMs":1249}
{"type":"route-start","audit":"generic-detail-public:v136-2","elementId":"B-041"}
{"type":"route-finish","elementId":"B-041","elapsedMs":1150}
{"type":"route-start","audit":"generic-detail-public:v136-2","elementId":"B-042"}
{"type":"route-finish","elementId":"B-042","elapsedMs":1296}
{"type":"route-start","audit":"generic-detail-public:v136-2","elementId":"B-043"}
{"type":"route-finish","elementId":"B-043","elapsedMs":1476}
{"type":"route-start","audit":"generic-detail-public:v136-2","elementId":"B-044"}
{"type":"route-finish","elementId":"B-044","elapsedMs":1444}
{"type":"route-start","audit":"generic-detail-public:v136-2","elementId":"B-045"}
{"type":"route-finish","elementId":"B-045","elapsedMs":1296}
{"type":"route-start","audit":"generic-detail-public:v136-2","elementId":"B-046"}
{"type":"route-finish","elementId":"B-046","elapsedMs":1133}
{"type":"route-start","audit":"generic-detail-public:v136-2","elementId":"B-047"}
{"type":"route-finish","elementId":"B-047","elapsedMs":1111}
{"type":"route-start","audit":"generic-detail-public:v136-2","elementId":"B-048"}
{"type":"route-finish","elementId":"B-048","elapsedMs":1107}
{"type":"route-start","audit":"generic-detail-public:v136-2","elementId":"C-001"}
{"type":"route-finish","elementId":"C-001","elapsedMs":1277}
{"type":"route-start","audit":"generic-detail-public:v136-2","elementId":"C-002"}
{"type":"route-finish","elementId":"C-002","elapsedMs":1277}
{"type":"route-start","audit":"generic-detail-public:v136-2","elementId":"C-003"}
{"type":"route-finish","elementId":"C-003","elapsedMs":1174}
{"type":"route-start","audit":"generic-detail-public:v136-2","elementId":"C-004"}
{"type":"route-finish","elementId":"C-004","elapsedMs":1165}
{"type":"route-start","audit":"generic-detail-public:v136-2","elementId":"C-005"}
{"type":"route-finish","elementId":"C-005","elapsedMs":1161}
{"type":"route-start","audit":"generic-detail-public:v136-2","elementId":"C-006"}
{"type":"route-finish","elementId":"C-006","elapsedMs":1167}
{"type":"route-start","audit":"generic-detail-public:v136-2","elementId":"C-007"}
{"type":"route-finish","elementId":"C-007","elapsedMs":1115}
{"type":"route-start","audit":"generic-detail-public:v136-2","elementId":"C-008"}
{"type":"route-finish","elementId":"C-008","elapsedMs":1313}
{"type":"route-start","audit":"generic-detail-public:v136-2","elementId":"C-009"}
{"type":"route-finish","elementId":"C-009","elapsedMs":1325}
{"type":"route-start","audit":"generic-detail-public:v136-2","elementId":"C-010"}
{"type":"route-finish","elementId":"C-010","elapsedMs":1194}
{"type":"route-start","audit":"generic-detail-public:v136-2","elementId":"C-011"}
{"type":"route-finish","elementId":"C-011","elapsedMs":1224}
{"type":"route-start","audit":"generic-detail-public:v136-2","elementId":"C-012"}
{"type":"command-running","command":"npm run audit:generic-detail-public:v136-2","elapsedMs":120051}
{"type":"route-finish","elementId":"C-012","elapsedMs":1210}
{"type":"route-start","audit":"generic-detail-public:v136-2","elementId":"C-013"}
{"type":"route-finish","elementId":"C-013","elapsedMs":1062}
{"type":"route-start","audit":"generic-detail-public:v136-2","elementId":"C-014"}
{"type":"route-finish","elementId":"C-014","elapsedMs":1229}
{"type":"route-start","audit":"generic-detail-public:v136-2","elementId":"C-016"}
{"type":"route-finish","elementId":"C-016","elapsedMs":1107}
{"type":"route-start","audit":"generic-detail-public:v136-2","elementId":"C-017"}
{"type":"route-finish","elementId":"C-017","elapsedMs":1108}
{"type":"route-start","audit":"generic-detail-public:v136-2","elementId":"C-018"}
{"type":"route-finish","elementId":"C-018","elapsedMs":1146}
{"type":"route-start","audit":"generic-detail-public:v136-2","elementId":"C-019"}
{"type":"route-finish","elementId":"C-019","elapsedMs":1298}
{"type":"route-start","audit":"generic-detail-public:v136-2","elementId":"C-021"}
{"type":"route-finish","elementId":"C-021","elapsedMs":1069}
{"type":"route-start","audit":"generic-detail-public:v136-2","elementId":"C-022"}
{"type":"route-finish","elementId":"C-022","elapsedMs":1231}
{"type":"route-start","audit":"generic-detail-public:v136-2","elementId":"C-024"}
{"type":"route-finish","elementId":"C-024","elapsedMs":1254}
{"type":"route-start","audit":"generic-detail-public:v136-2","elementId":"C-025"}
{"type":"route-finish","elementId":"C-025","elapsedMs":1836}
{"type":"route-start","audit":"generic-detail-public:v136-2","elementId":"D-001"}
{"type":"route-finish","elementId":"D-001","elapsedMs":1094}
{"type":"route-start","audit":"generic-detail-public:v136-2","elementId":"D-002"}
{"type":"route-finish","elementId":"D-002","elapsedMs":1283}
{"type":"route-start","audit":"generic-detail-public:v136-2","elementId":"D-003"}
{"type":"route-finish","elementId":"D-003","elapsedMs":1230}
{"type":"route-start","audit":"generic-detail-public:v136-2","elementId":"D-004"}
{"type":"route-finish","elementId":"D-004","elapsedMs":1181}
{"type":"route-start","audit":"generic-detail-public:v136-2","elementId":"D-005"}
{"type":"route-finish","elementId":"D-005","elapsedMs":1111}
{"type":"route-start","audit":"generic-detail-public:v136-2","elementId":"D-006"}
{"type":"route-finish","elementId":"D-006","elapsedMs":1456}
{"type":"route-start","audit":"generic-detail-public:v136-2","elementId":"D-007"}
{"type":"route-finish","elementId":"D-007","elapsedMs":1174}
{"type":"route-start","audit":"generic-detail-public:v136-2","elementId":"D-008"}
{"type":"route-finish","elementId":"D-008","elapsedMs":1270}
{"type":"route-start","audit":"generic-detail-public:v136-2","elementId":"D-009"}
{"type":"route-finish","elementId":"D-009","elapsedMs":1228}
{"type":"route-start","audit":"generic-detail-public:v136-2","elementId":"D-010"}
{"type":"route-finish","elementId":"D-010","elapsedMs":1223}
{"type":"route-start","audit":"generic-detail-public:v136-2","elementId":"D-011"}
{"type":"route-finish","elementId":"D-011","elapsedMs":1221}
{"type":"route-start","audit":"generic-detail-public:v136-2","elementId":"D-012"}
{"type":"route-finish","elementId":"D-012","elapsedMs":1158}
{"type":"route-start","audit":"generic-detail-public:v136-2","elementId":"D-013"}
{"type":"route-finish","elementId":"D-013","elapsedMs":1254}
{"type":"route-start","audit":"generic-detail-public:v136-2","elementId":"D-014"}
{"type":"command-running","command":"npm run audit:generic-detail-public:v136-2","elapsedMs":150062}
{"type":"route-finish","elementId":"D-014","elapsedMs":1470}
{"type":"route-start","audit":"generic-detail-public:v136-2","elementId":"D-015"}
{"type":"route-finish","elementId":"D-015","elapsedMs":1750}
{"type":"route-start","audit":"generic-detail-public:v136-2","elementId":"D-016"}
{"type":"route-finish","elementId":"D-016","elapsedMs":1753}
{"type":"route-start","audit":"generic-detail-public:v136-2","elementId":"D-017"}
{"type":"route-finish","elementId":"D-017","elapsedMs":1298}
{"type":"route-start","audit":"generic-detail-public:v136-2","elementId":"D-018"}
{"type":"route-finish","elementId":"D-018","elapsedMs":1208}
{"type":"route-start","audit":"generic-detail-public:v136-2","elementId":"D-019"}
{"type":"route-finish","elementId":"D-019","elapsedMs":1118}
{"type":"route-start","audit":"generic-detail-public:v136-2","elementId":"D-020"}
{"type":"route-finish","elementId":"D-020","elapsedMs":1080}
{"type":"route-start","audit":"generic-detail-public:v136-2","elementId":"D-021"}
{"type":"route-finish","elementId":"D-021","elapsedMs":1331}
{"type":"route-start","audit":"generic-detail-public:v136-2","elementId":"D-022"}
{"type":"route-finish","elementId":"D-022","elapsedMs":1150}
{"type":"route-start","audit":"generic-detail-public:v136-2","elementId":"D-023"}
{"type":"route-finish","elementId":"D-023","elapsedMs":1204}
{"type":"route-start","audit":"generic-detail-public:v136-2","elementId":"D-025"}
{"type":"route-finish","elementId":"D-025","elapsedMs":1214}
{"type":"route-start","audit":"generic-detail-public:v136-2","elementId":"D-026"}
{"type":"route-finish","elementId":"D-026","elapsedMs":1109}
{"type":"route-start","audit":"generic-detail-public:v136-2","elementId":"E-001"}
{"type":"route-finish","elementId":"E-001","elapsedMs":1252}
{"type":"route-start","audit":"generic-detail-public:v136-2","elementId":"E-002"}
{"type":"route-finish","elementId":"E-002","elapsedMs":1082}
{"type":"route-start","audit":"generic-detail-public:v136-2","elementId":"E-003"}
{"type":"route-finish","elementId":"E-003","elapsedMs":1343}
{"type":"route-start","audit":"generic-detail-public:v136-2","elementId":"E-004"}
{"type":"route-finish","elementId":"E-004","elapsedMs":1539}
{"type":"route-start","audit":"generic-detail-public:v136-2","elementId":"E-005"}
{"type":"route-finish","elementId":"E-005","elapsedMs":1322}
{"type":"route-start","audit":"generic-detail-public:v136-2","elementId":"E-006"}
{"type":"route-finish","elementId":"E-006","elapsedMs":1082}
{"type":"route-start","audit":"generic-detail-public:v136-2","elementId":"E-007"}
{"type":"route-finish","elementId":"E-007","elapsedMs":1250}
{"type":"route-start","audit":"generic-detail-public:v136-2","elementId":"E-009"}
{"type":"route-finish","elementId":"E-009","elapsedMs":1038}
{"type":"route-start","audit":"generic-detail-public:v136-2","elementId":"E-010"}
{"type":"route-finish","elementId":"E-010","elapsedMs":1254}
{"type":"route-start","audit":"generic-detail-public:v136-2","elementId":"E-012"}
{"type":"route-finish","elementId":"E-012","elapsedMs":1163}
{"type":"route-start","audit":"generic-detail-public:v136-2","elementId":"E-014"}
{"type":"route-finish","elementId":"E-014","elapsedMs":1292}
{"type":"route-start","audit":"generic-detail-public:v136-2","elementId":"E-015"}
{"type":"route-finish","elementId":"E-015","elapsedMs":1079}
{"type":"route-start","audit":"generic-detail-public:v136-2","elementId":"E-018"}
{"type":"command-running","command":"npm run audit:generic-detail-public:v136-2","elapsedMs":180069}
{"type":"route-finish","elementId":"E-018","elapsedMs":1117}
{"type":"route-start","audit":"generic-detail-public:v136-2","elementId":"E-019"}
{"type":"route-finish","elementId":"E-019","elapsedMs":1135}
{"type":"route-start","audit":"generic-detail-public:v136-2","elementId":"E-020"}
{"type":"route-finish","elementId":"E-020","elapsedMs":1105}
{"type":"check","audit":"generic-detail-public:v136-2","name":"GENERIC_DETAIL_RUNTIME","status":"PASS","actual":{"runtimeFailure":null},"expected":{"runtimeFailure":null}}
{"type":"check","audit":"generic-detail-public:v136-2","name":"DETAIL_ROUTE_COUNT","status":"PASS","actual":142,"expected":142}
{"type":"check","audit":"generic-detail-public:v136-2","name":"GENERIC_DETAIL_ROUTE_COUNT","status":"PASS","actual":85,"expected":">0"}
{"type":"check","audit":"generic-detail-public:v136-2","name":"PUBLIC_MEASUREMENT_TERM_COUNT","status":"PASS","actual":[],"expected":[]}
{"type":"check","audit":"generic-detail-public:v136-2","name":"PUBLIC_RECORD_TERM_COUNT","status":"PASS","actual":[],"expected":[]}
{"type":"check","audit":"generic-detail-public:v136-2","name":"PUBLIC_RAW_TABLE_TERM_COUNT","status":"PASS","actual":[],"expected":[]}
{"type":"check","audit":"generic-detail-public:v136-2","name":"KPI_RAW_NUMERIC_DIMENSION_DUMP_COUNT","status":"PASS","actual":[],"expected":[]}
{"type":"check","audit":"generic-detail-public:v136-2","name":"KPI_LONG_DIMENSION_LIST_COUNT","status":"PASS","actual":[],"expected":[]}
{"type":"check","audit":"generic-detail-public:v136-2","name":"KPI_INTERNAL_AGGREGATION_COPY_COUNT","status":"PASS","actual":[],"expected":[]}
{"type":"check","audit":"generic-detail-public:v136-2","name":"KPI_UNSCALED_LARGE_NUMBER_COUNT","status":"PASS","actual":[],"expected":[]}
{"type":"check","audit":"generic-detail-public:v136-2","name":"KPI_GENERIC_NOTE_COUNT","status":"PASS","actual":[],"expected":[]}
{"type":"check","audit":"generic-detail-public:v136-2","name":"GENERIC_SELECTOR_INTERNAL_LABEL_COUNT","status":"PASS","actual":[],"expected":[]}
{"type":"check","audit":"generic-detail-public:v136-2","name":"EMPTY_MISSING_REASON_LABEL_COUNT","status":"PASS","actual":[],"expected":[]}
{"type":"check","audit":"generic-detail-public:v136-2","name":"PORTFOLIO_RAW_CODE_LIST_COUNT","status":"PASS","actual":[],"expected":[]}
{"type":"check","audit":"generic-detail-public:v136-2","name":"D022_SOURCE_RECORDS","status":"PASS","actual":15,"expected":">0"}
{"type":"check","audit":"generic-detail-public:v136-2","name":"D022_CARD_TITLE_INTERNAL_IDENTIFIER_COUNT","status":"PASS","actual":[],"expected":[]}
{"type":"check","audit":"generic-detail-public:v136-2","name":"D022_OFFICIAL_TITLE_FACT_PRESENT","status":"PASS","actual":{"states":1,"withOfficialTitle":1},"expected":{"states":1,"withOfficialTitle":1}}
{"type":"check","audit":"generic-detail-public:v136-2","name":"CATEGORY_GROUPING_PRESERVED","status":"PASS","actual":[],"expected":[]}
{"type":"check","audit":"generic-detail-public:v136-2","name":"CATEGORY_SOURCE_TOTAL_RECONCILED","status":"PASS","actual":{"sourceCategoryTotal":15,"records":15},"expected":{"sourceCategoryTotal":15,"records":15}}
{"type":"check","audit":"generic-detail-public:v136-2","name":"CONSOLE_ERROR","status":"PASS","actual":[],"expected":[]}
{"type":"summary","audit":"generic-detail-public:v136-2","status":"PASS","passed":20,"failed":0,"total":20,"failedChecks":[],"detailRouteCount":142,"genericDetailRouteCount":85,"selectorStatesVisited":412,"findingCount":0,"d022SourceRecordCount":15,"d022SourceCategoryCount":10,"d022PortfolioStates":1,"d022TitlesWithInternalIdentifiers":0,"categoryGroupingMismatches":0,"findingsByKind":{},"runtimeFailure":null,"routeTimings":[{"elementId":"A-001","elapsedMs":1339},{"elementId":"A-002","elapsedMs":1149},{"elementId":"A-003","elapsedMs":1484},{"elementId":"A-004","elapsedMs":1228},{"elementId":"A-005","elapsedMs":1139},{"elementId":"A-006","elapsedMs":1251},{"elementId":"A-007","elapsedMs":1361},{"elementId":"A-008","elapsedMs":1196},{"elementId":"A-009","elapsedMs":1329},{"elementId":"A-010","elapsedMs":1383},{"elementId":"A-011","elapsedMs":1378},{"elementId":"A-012","elapsedMs":1342},{"elementId":"A-013","elapsedMs":1257},{"elementId":"A-014","elapsedMs":1700},{"elementId":"A-015","elapsedMs":1086},{"elementId":"A-016","elapsedMs":1310},{"elementId":"A-018","elapsedMs":1333},{"elementId":"A-019","elapsedMs":1107},{"elementId":"A-020","elapsedMs":1250},{"elementId":"A-021","elapsedMs":1261},{"elementId":"A-022","elapsedMs":1488},{"elementId":"A-023","elapsedMs":1099},{"elementId":"A-024","elapsedMs":1212},{"elementId":"A-025","elapsedMs":1175},{"elementId":"A-026","elapsedMs":986},{"elementId":"A-027","elapsedMs":1004},{"elementId":"A-028","elapsedMs":944},{"elementId":"A-029","elapsedMs":1067},{"elementId":"A-030","elapsedMs":1107},{"elementId":"A-031","elapsedMs":1162},{"elementId":"A-032","elapsedMs":1225},{"elementId":"A-033","elapsedMs":1186},{"elementId":"B-001","elapsedMs":1088},{"elementId":"B-002","elapsedMs":1040},{"elementId":"B-003","elapsedMs":1299},{"elementId":"B-004","elapsedMs":2100},{"elementId":"B-005","elapsedMs":1920},{"elementId":"B-006","elapsedMs":2015},{"elementId":"B-007","elapsedMs":2005},{"elementId":"B-008","elapsedMs":1125},{"elementId":"B-009","elapsedMs":1588},{"elementId":"B-010","elapsedMs":1151},{"elementId":"B-011","elapsedMs":1312},{"elementId":"B-012","elapsedMs":1152},{"elementId":"B-013","elapsedMs":1171},{"elementId":"B-014","elapsedMs":1088},{"elementId":"B-015","elapsedMs":1107},{"elementId":"B-016","elapsedMs":1335},{"elementId":"B-017","elapsedMs":1253},{"elementId":"B-018","elapsedMs":2107},{"elementId":"B-019","elapsedMs":1369},{"elementId":"B-020","elapsedMs":2095},{"elementId":"B-021","elapsedMs":2537},{"elementId":"B-022","elapsedMs":1324},{"elementId":"B-023","elapsedMs":1213},{"elementId":"B-024","elapsedMs":1221},{"elementId":"B-025","elapsedMs":1075},{"elementId":"B-026","elapsedMs":1023},{"elementId":"B-027","elapsedMs":1204},{"elementId":"B-028","elapsedMs":1072},{"elementId":"B-029","elapsedMs":1245},{"elementId":"B-030","elapsedMs":1191},{"elementId":"B-031","elapsedMs":1300},{"elementId":"B-032","elapsedMs":1233},{"elementId":"B-033","elapsedMs":1267},{"elementId":"B-034","elapsedMs":1218},{"elementId":"B-035","elapsedMs":1608},{"elementId":"B-036","elapsedMs":1269},{"elementId":"B-037","elapsedMs":1213},{"elementId":"B-038","elapsedMs":1362},{"elementId":"B-039","elapsedMs":1347},{"elementId":"B-040","elapsedMs":1249},{"elementId":"B-041","elapsedMs":1150},{"elementId":"B-042","elapsedMs":1296},{"elementId":"B-043","elapsedMs":1476},{"elementId":"B-044","elapsedMs":1444},{"elementId":"B-045","elapsedMs":1296},{"elementId":"B-046","elapsedMs":1133},{"elementId":"B-047","elapsedMs":1111},{"elementId":"B-048","elapsedMs":1107},{"elementId":"C-001","elapsedMs":1277},{"elementId":"C-002","elapsedMs":1277},{"elementId":"C-003","elapsedMs":1174},{"elementId":"C-004","elapsedMs":1165},{"elementId":"C-005","elapsedMs":1161},{"elementId":"C-006","elapsedMs":1167},{"elementId":"C-007","elapsedMs":1115},{"elementId":"C-008","elapsedMs":1313},{"elementId":"C-009","elapsedMs":1325},{"elementId":"C-010","elapsedMs":1194},{"elementId":"C-011","elapsedMs":1224},{"elementId":"C-012","elapsedMs":1210},{"elementId":"C-013","elapsedMs":1062},{"elementId":"C-014","elapsedMs":1229},{"elementId":"C-016","elapsedMs":1107},{"elementId":"C-017","elapsedMs":1108},{"elementId":"C-018","elapsedMs":1146},{"elementId":"C-019","elapsedMs":1298},{"elementId":"C-021","elapsedMs":1069},{"elementId":"C-022","elapsedMs":1231},{"elementId":"C-024","elapsedMs":1254},{"elementId":"C-025","elapsedMs":1836},{"elementId":"D-001","elapsedMs":1094},{"elementId":"D-002","elapsedMs":1283},{"elementId":"D-003","elapsedMs":1230},{"elementId":"D-004","elapsedMs":1181},{"elementId":"D-005","elapsedMs":1111},{"elementId":"D-006","elapsedMs":1456},{"elementId":"D-007","elapsedMs":1174},{"elementId":"D-008","elapsedMs":1270},{"elementId":"D-009","elapsedMs":1228},{"elementId":"D-010","elapsedMs":1223},{"elementId":"D-011","elapsedMs":1221},{"elementId":"D-012","elapsedMs":1158},{"elementId":"D-013","elapsedMs":1254},{"elementId":"D-014","elapsedMs":1470},{"elementId":"D-015","elapsedMs":1750},{"elementId":"D-016","elapsedMs":1753},{"elementId":"D-017","elapsedMs":1298},{"elementId":"D-018","elapsedMs":1208},{"elementId":"D-019","elapsedMs":1118},{"elementId":"D-020","elapsedMs":1080},{"elementId":"D-021","elapsedMs":1331},{"elementId":"D-022","elapsedMs":1150},{"elementId":"D-023","elapsedMs":1204},{"elementId":"D-025","elapsedMs":1214},{"elementId":"D-026","elapsedMs":1109},{"elementId":"E-001","elapsedMs":1252},{"elementId":"E-002","elapsedMs":1082},{"elementId":"E-003","elapsedMs":1343},{"elementId":"E-004","elapsedMs":1539},{"elementId":"E-005","elapsedMs":1322},{"elementId":"E-006","elapsedMs":1082},{"elementId":"E-007","elapsedMs":1250},{"elementId":"E-009","elapsedMs":1038},{"elementId":"E-010","elapsedMs":1254},{"elementId":"E-012","elapsedMs":1163},{"elementId":"E-014","elapsedMs":1292},{"elementId":"E-015","elapsedMs":1079},{"elementId":"E-018","elapsedMs":1117},{"elementId":"E-019","elapsedMs":1135},{"elementId":"E-020","elapsedMs":1105}]}
{"type":"command-end","command":"npm run audit:generic-detail-public:v136-2","exitCode":0,"timedOut":false,"elapsedMs":187216}
{"type":"command-start","command":"npm run audit:screen-usability:v136-4","timeoutMs":600000,"time":"2026-09-29T02:46:53.586Z"}

> react-typescript@1.0.0 audit:screen-usability:v136-4
> node scripts/audit-vietnam-screen-usability-v136-4.mjs

{"type":"command-running","command":"npm run audit:screen-usability:v136-4","elapsedMs":30019}
{"type":"check","audit":"screen-usability:v136-4","name":"SCREEN_USABILITY_RUNTIME","status":"PASS","actual":{"runtimeFailure":null},"expected":{"runtimeFailure":null}}
{"type":"check","audit":"screen-usability:v136-4","name":"INSPECTED_ROUTE_COUNT","status":"PASS","actual":146,"expected":146}
{"type":"check","audit":"screen-usability:v136-4","name":"NESTED_INTERACTIVE_CONTROL_COUNT","status":"PASS","actual":[],"expected":[]}
{"type":"check","audit":"screen-usability:v136-4","name":"TERM_HELP_NAVIGATION_CONFLICT_COUNT","status":"PASS","actual":[],"expected":[]}
{"type":"check","audit":"screen-usability:v136-4","name":"CAPACITY_FILTER_MIXED_UNIT_COUNT","status":"PASS","actual":[],"expected":[]}
{"type":"check","audit":"screen-usability:v136-4","name":"CONSOLE_ERROR","status":"PASS","actual":[],"expected":[]}
{"type":"summary","audit":"screen-usability:v136-4","status":"PASS","passed":6,"failed":0,"total":6,"failedChecks":[],"inspectedRouteCount":146,"nestedInteractiveControlCount":0,"termHelpConflictCount":0,"capacityMixedUnitCount":0,"capacityMixedUnitSamples":[],"runtimeFailure":null}
{"type":"command-end","command":"npm run audit:screen-usability:v136-4","exitCode":0,"timedOut":false,"elapsedMs":41049}
{"type":"command-start","command":"npm run audit:exclusions:v156","timeoutMs":600000,"time":"2026-09-29T02:47:34.636Z"}

> react-typescript@1.0.0 audit:exclusions:v156
> node scripts/audit-vietnam-exclusions-v156.mjs

{"type":"command-running","command":"npm run audit:exclusions:v156","elapsedMs":30048}
{"type":"command-running","command":"npm run audit:exclusions:v156","elapsedMs":60058}
{"type":"check","audit":"exclusions:v156","name":"EXCLUSION_DECISIONS_MATCH_CATALOG","status":"PASS","actual":{"decisions":["A-017","C-015","C-020","C-023","D-024","E-008","E-011","E-013","E-016","E-017"],"catalogExcluded":["A-017","C-015","C-020","C-023","D-024","E-008","E-011","E-013","E-016","E-017"],"declared":10},"expected":"same elements, declared count = list"}
{"type":"check","audit":"exclusions:v156","name":"EXCLUSION_DECISION_FIELDS","status":"PASS","actual":[],"expected":[]}
{"type":"check","audit":"exclusions:v156","name":"FRAMEWORK_SET_UNCHANGED","status":"PASS","actual":{"catalog":152,"frameworkElements":152,"accountedElements":152},"expected":"catalog = manifest framework = accounted"}
{"type":"check","audit":"exclusions:v156","name":"PUBLIC_SET_DERIVED","status":"PASS","actual":{"publicSet":142,"catalogMinusExcluded":142,"manifestPublic":142},"expected":"public = full - excluded (catalog and manifest agree)"}
{"type":"check","audit":"exclusions:v156","name":"EXCLUDED_DOWNLOAD_NOT_OFFERED_DATA","status":"PASS","actual":{"downloadAllowed":[],"downloadableElementCount":141,"publicWithDownloadAssets":141},"expected":{"downloadAllowed":[],"downloadableElementCount":141}}
{"type":"check","audit":"exclusions:v156","name":"EXCLUDED_ABSENT_FROM_HOME_DATA","status":"PASS","actual":{"cards":142,"excludedCards":[],"excludedInPreview":[]},"expected":{"cards":142,"excludedCards":[],"excludedInPreview":[]}}
{"type":"check","audit":"exclusions:v156","name":"EXCLUSIONS_RUNTIME","status":"FAIL","actual":{"runtimeFailure":"condition timeout; last value: undefined; last error: DevTools command timeout after 2ms: Runtime.evaluate"},"expected":{"runtimeFailure":null}}
{"type":"check","audit":"exclusions:v156","name":"EXCLUDED_ABSENT_FROM_FINDER","status":"FAIL","actual":{"count":141,"total":141,"excluded":[]},"expected":{"count":142,"total":142,"excluded":[]}}
{"type":"check","audit":"exclusions:v156","name":"CATEGORY_COUNTS_PUBLIC_ONLY","status":"FAIL","actual":[{"code":"A","shown":32,"expected":32,"full":33},{"code":"B","shown":48,"expected":48,"full":48},{"code":"C","shown":21,"expected":22,"full":25},{"code":"D","shown":25,"expected":25,"full":26},{"code":"E","shown":15,"expected":15,"full":20}],"expected":"each category shows its public elements only"}
{"type":"check","audit":"exclusions:v156","name":"EXCLUDED_ABSENT_FROM_SEARCH","status":"PASS","actual":{"control":{"elementId":"A-001","query":"CPI(Corruption Perceptions Index, 부패인식지수)","found":true},"excluded":[{"elementId":"A-017","query":"LCOE(균등화 발전비용)","found":false},{"elementId":"C-015","query":"상기 문서들의 원본 링크","found":false},{"elementId":"C-020","query":"GHG 감축 사업 타당성 기초 정보","found":false},{"elementId":"C-023","query":"한계저감비용(MAC)","found":false},{"elementId":"D-024","query":"VC·임팩트 투자 현황[투자 라운드(Seed/Series A-C), 투자자명, 투자 금액, 대상 기업/기술, 국가, 투자 연도, 기후 분야(RE/효율/모빌리티/AgTech), 공동투자 참여 가능 여부 및 형태]","found":false},{"elementId":"E-008","query":"논문·특허[논문·특허명, 기후기술 분야, 특허 출원인 국적, 특허 출원 연구기관·대학명, 논문 국제 공저 비율, 한국과의 공동 출원·공저 여부]","found":false},{"elementId":"E-011","query":"기술준비수준(TRL)","found":false},{"elementId":"E-013","query":"운영·유지보수 역량[숙련 기술인력 가용성, 부품 조달 가능성(국내생산/수입의존), 예방정비 체계 수준, A/S 인프라(서비스센터/원격모니터링 유무), 과거 유사시설 O&M 실적]","found":false},{"elementId":"E-016","query":"한국 기후기술 TRL","found":false},{"elementId":"E-017","query":"한국-경쟁국 기후기술 비교우위","found":false}]},"expected":{"control":"public label found","excluded":"no excluded element found by its own label"}}
{"type":"check","audit":"exclusions:v156","name":"EXCLUDED_ABSENT_FROM_HOME","status":"FAIL","actual":{"sorts":[],"figures":null},"expected":{"excluded":[],"items":142,"downloadable":141}}
{"type":"check","audit":"exclusions:v156","name":"EXCLUDED_DOWNLOAD_NOT_OFFERED","status":"FAIL","actual":null,"expected":{"count":142,"excluded":[]}}
{"type":"check","audit":"exclusions:v156","name":"EXCLUDED_DETAIL_NOTICE","status":"FAIL","actual":[],"expected":"notice card with decision, reason and date; no chart, table or download"}
{"type":"summary","audit":"exclusions:v156","status":"FAIL","passed":7,"failed":6,"total":13,"failedChecks":["EXCLUSIONS_RUNTIME","EXCLUDED_ABSENT_FROM_FINDER","CATEGORY_COUNTS_PUBLIC_ONLY","EXCLUDED_ABSENT_FROM_HOME","EXCLUDED_DOWNLOAD_NOT_OFFERED","EXCLUDED_DETAIL_NOTICE"],"frameworkElements":152,"publicElements":142,"excludedElements":["A-017","C-015","C-020","C-023","D-024","E-008","E-011","E-013","E-016","E-017"],"publicDownloadable":141}
{"type":"command-end","command":"npm run audit:exclusions:v156","exitCode":1,"timedOut":false,"elapsedMs":70461}
{"type":"check","audit":"release:v136","name":"CI_PROCESS_GUARDS","status":"PASS","actual":{"name":"CI_PROCESS_GUARDS","command":"node --test scripts/ci/browser-timeout.test.mjs","exitCode":0,"signal":null,"error":null,"elapsedMs":1626,"timedOut":false},"expected":{"exitCode":0}}
{"type":"check","audit":"release:v136","name":"PRODUCTION_BUILD_FOR_RUNTIME","status":"PASS","actual":{"name":"PRODUCTION_BUILD_FOR_RUNTIME","command":"npm run build","exitCode":0,"signal":null,"error":null,"elapsedMs":27898,"timedOut":false},"expected":{"exitCode":0}}
{"type":"check","audit":"release:v136","name":"V133_GENERATED_DATA","status":"PASS","actual":{"name":"V133_GENERATED_DATA","command":"npm run audit:generated-data:v133","exitCode":0,"signal":null,"error":null,"elapsedMs":8025,"timedOut":false},"expected":{"exitCode":0}}
{"type":"check","audit":"release:v136","name":"LARGE_SOURCE_TABLE","status":"PASS","actual":{"name":"LARGE_SOURCE_TABLE","command":"node scripts/ci/audit-large-source-table.mjs","exitCode":0,"signal":null,"error":null,"elapsedMs":6089,"timedOut":false},"expected":{"exitCode":0}}
{"type":"check","audit":"release:v136","name":"V133_CI_CONTRACT","status":"PASS","actual":{"name":"V133_CI_CONTRACT","command":"npm run audit:ci-contract:v133","exitCode":0,"signal":null,"error":null,"elapsedMs":750,"timedOut":false},"expected":{"exitCode":0}}
{"type":"check","audit":"release:v136","name":"V130_PROJECT_SCOPE","status":"PASS","actual":{"name":"V130_PROJECT_SCOPE","command":"npm run audit:project-scope:v130","exitCode":0,"signal":null,"error":null,"elapsedMs":659,"timedOut":false},"expected":{"exitCode":0}}
{"type":"check","audit":"release:v136","name":"V130_MAP_DEDUP","status":"PASS","actual":{"name":"V130_MAP_DEDUP","command":"npm run audit:map-dedup:v130","exitCode":0,"signal":null,"error":null,"elapsedMs":668,"timedOut":false},"expected":{"exitCode":0}}
{"type":"check","audit":"release:v136","name":"V130_SEMANTIC_GEOGRAPHY","status":"PASS","actual":{"name":"V130_SEMANTIC_GEOGRAPHY","command":"npm run audit:map-semantic-geography:v130","exitCode":0,"signal":null,"error":null,"elapsedMs":683,"timedOut":false},"expected":{"exitCode":0}}
{"type":"check","audit":"release:v136","name":"V131_PUBLIC_NAMING","status":"PASS","actual":{"name":"V131_PUBLIC_NAMING","command":"npm run audit:public-naming:v131","exitCode":0,"signal":null,"error":null,"elapsedMs":6829,"timedOut":false},"expected":{"exitCode":0}}
{"type":"check","audit":"release:v136","name":"V131_ENTITY_CARDS","status":"PASS","actual":{"name":"V131_ENTITY_CARDS","command":"npm run audit:entity-cards:v131","exitCode":0,"signal":null,"error":null,"elapsedMs":27278,"timedOut":false},"expected":{"exitCode":0}}
{"type":"check","audit":"release:v136","name":"V132_COMPOSITION","status":"PASS","actual":{"name":"V132_COMPOSITION","command":"npm run audit:composition:v132","exitCode":0,"signal":null,"error":null,"elapsedMs":4361,"timedOut":false},"expected":{"exitCode":0}}
{"type":"check","audit":"release:v136","name":"V132_PORTFOLIO","status":"PASS","actual":{"name":"V132_PORTFOLIO","command":"npm run audit:portfolio-analysis:v132","exitCode":0,"signal":null,"error":null,"elapsedMs":10977,"timedOut":false},"expected":{"exitCode":0}}
{"type":"check","audit":"release:v136","name":"V132_MAP_TOOLTIP","status":"PASS","actual":{"name":"V132_MAP_TOOLTIP","command":"npm run audit:map-tooltip:v132","exitCode":0,"signal":null,"error":null,"elapsedMs":7365,"timedOut":false},"expected":{"exitCode":0}}
{"type":"check","audit":"release:v136","name":"V132_BENCHMARK_FIT","status":"PASS","actual":{"name":"V132_BENCHMARK_FIT","command":"npm run audit:benchmark-fit:v132","exitCode":0,"signal":null,"error":null,"elapsedMs":639,"timedOut":false},"expected":{"exitCode":0}}
{"type":"check","audit":"release:v136","name":"V133_MAP_FOCUS","status":"PASS","actual":{"name":"V133_MAP_FOCUS","command":"npm run audit:map-focus:v133","exitCode":0,"signal":null,"error":null,"elapsedMs":6739,"timedOut":false},"expected":{"exitCode":0}}
{"type":"check","audit":"release:v136","name":"V133_MAP_POPUP","status":"PASS","actual":{"name":"V133_MAP_POPUP","command":"npm run audit:map-popup:v133","exitCode":0,"signal":null,"error":null,"elapsedMs":3719,"timedOut":false},"expected":{"exitCode":0}}
{"type":"check","audit":"release:v136","name":"V133_LAYER_DISTINCTION","status":"PASS","actual":{"name":"V133_LAYER_DISTINCTION","command":"npm run audit:map-layer-distinction:v133","exitCode":0,"signal":null,"error":null,"elapsedMs":4396,"timedOut":false},"expected":{"exitCode":0}}
{"type":"check","audit":"release:v136","name":"V134_GLOSSARY","status":"PASS","actual":{"name":"V134_GLOSSARY","command":"npm run audit:glossary:v134","exitCode":0,"signal":null,"error":null,"elapsedMs":46923,"timedOut":false},"expected":{"exitCode":0}}
{"type":"check","audit":"release:v136","name":"V134_ODA_ANALYSIS","status":"PASS","actual":{"name":"V134_ODA_ANALYSIS","command":"npm run audit:oda-analysis:v134","exitCode":0,"signal":null,"error":null,"elapsedMs":6648,"timedOut":false},"expected":{"exitCode":0}}
{"type":"check","audit":"release:v136","name":"V134_DROUGHT_ANALYSIS","status":"PASS","actual":{"name":"V134_DROUGHT_ANALYSIS","command":"npm run audit:drought-analysis:v134","exitCode":0,"signal":null,"error":null,"elapsedMs":8089,"timedOut":false},"expected":{"exitCode":0}}
{"type":"check","audit":"release:v136","name":"V134_PUBLIC_COPY","status":"PASS","actual":{"name":"V134_PUBLIC_COPY","command":"npm run audit:public-copy:v134","exitCode":0,"signal":null,"error":null,"elapsedMs":184600,"timedOut":false},"expected":{"exitCode":0}}
{"type":"check","audit":"release:v136","name":"V134_VISUAL_QA_CONTRACT","status":"PASS","actual":{"name":"V134_VISUAL_QA_CONTRACT","command":"npm run audit:visual-qa-contract:v134","exitCode":0,"signal":null,"error":null,"elapsedMs":656,"timedOut":false},"expected":{"exitCode":0}}
{"type":"check","audit":"release:v136","name":"V135_FINDER_CARD","status":"PASS","actual":{"name":"V135_FINDER_CARD","command":"npm run audit:finder-card:v135","exitCode":0,"signal":null,"error":null,"elapsedMs":6511,"timedOut":false},"expected":{"exitCode":0}}
{"type":"check","audit":"release:v136","name":"V135_TEMPORAL_DEPTH","status":"PASS","actual":{"name":"V135_TEMPORAL_DEPTH","command":"npm run audit:temporal-depth:v135","exitCode":0,"signal":null,"error":null,"elapsedMs":43444,"timedOut":false},"expected":{"exitCode":0}}
{"type":"check","audit":"release:v136","name":"V135_DETAIL_HIERARCHY","status":"PASS","actual":{"name":"V135_DETAIL_HIERARCHY","command":"npm run audit:detail-hierarchy:v135","exitCode":0,"signal":null,"error":null,"elapsedMs":40708,"timedOut":false},"expected":{"exitCode":0}}
{"type":"check","audit":"release:v136","name":"V135_MAP_GUIDE","status":"PASS","actual":{"name":"V135_MAP_GUIDE","command":"npm run audit:map-guide:v135","exitCode":0,"signal":null,"error":null,"elapsedMs":2997,"timedOut":false},"expected":{"exitCode":0}}
{"type":"check","audit":"release:v136","name":"V135_MAP_ACCESS","status":"PASS","actual":{"name":"V135_MAP_ACCESS","command":"npm run audit:map-access:v135","exitCode":0,"signal":null,"error":null,"elapsedMs":20386,"timedOut":false},"expected":{"exitCode":0}}
{"type":"check","audit":"release:v136","name":"V135_MAP_COMPARE","status":"PASS","actual":{"name":"V135_MAP_COMPARE","command":"npm run audit:map-compare:v135","exitCode":0,"signal":null,"error":null,"elapsedMs":5000,"timedOut":false},"expected":{"exitCode":0}}
{"type":"check","audit":"release:v136","name":"V135_PUBLIC_SCREEN","status":"PASS","actual":{"name":"V135_PUBLIC_SCREEN","command":"npm run audit:public-screen:v135","exitCode":0,"signal":null,"error":null,"elapsedMs":47328,"timedOut":false},"expected":{"exitCode":0}}
{"type":"check","audit":"release:v136","name":"V136_PUBLIC_TEXT","status":"PASS","actual":{"name":"V136_PUBLIC_TEXT","command":"npm run audit:public-text:v136","exitCode":0,"signal":null,"error":null,"elapsedMs":190704,"timedOut":false},"expected":{"exitCode":0}}
{"type":"check","audit":"release:v136","name":"V136_DUPLICATE_COPY","status":"PASS","actual":{"name":"V136_DUPLICATE_COPY","command":"npm run audit:duplicate-copy:v136","exitCode":0,"signal":null,"error":null,"elapsedMs":43639,"timedOut":false},"expected":{"exitCode":0}}
{"type":"check","audit":"release:v136","name":"V136_MAP_LIST_UI","status":"PASS","actual":{"name":"V136_MAP_LIST_UI","command":"npm run audit:map-list-ui:v136","exitCode":0,"signal":null,"error":null,"elapsedMs":5944,"timedOut":false},"expected":{"exitCode":0}}
{"type":"check","audit":"release:v136","name":"V136_MAP_COPY","status":"PASS","actual":{"name":"V136_MAP_COPY","command":"npm run audit:map-copy:v136","exitCode":0,"signal":null,"error":null,"elapsedMs":2960,"timedOut":false},"expected":{"exitCode":0}}
{"type":"check","audit":"release:v136","name":"V136_PUBLIC_CONTROLS","status":"PASS","actual":{"name":"V136_PUBLIC_CONTROLS","command":"npm run audit:public-controls:v136","exitCode":0,"signal":null,"error":null,"elapsedMs":3327,"timedOut":false},"expected":{"exitCode":0}}
{"type":"check","audit":"release:v136","name":"V136_FINDER_SCROLL","status":"PASS","actual":{"name":"V136_FINDER_SCROLL","command":"npm run audit:finder-scroll:v136","exitCode":0,"signal":null,"error":null,"elapsedMs":10550,"timedOut":false},"expected":{"exitCode":0}}
{"type":"check","audit":"release:v136","name":"V136_3_UNIT_TESTS","status":"PASS","actual":{"name":"V136_3_UNIT_TESTS","command":"npm run test:unit","exitCode":0,"signal":null,"error":null,"elapsedMs":12187,"timedOut":false},"expected":{"exitCode":0}}
{"type":"check","audit":"release:v136","name":"V136_2_GENERIC_DETAIL_PUBLIC","status":"PASS","actual":{"name":"V136_2_GENERIC_DETAIL_PUBLIC","command":"npm run audit:generic-detail-public:v136-2","exitCode":0,"signal":null,"error":null,"elapsedMs":187216,"timedOut":false},"expected":{"exitCode":0}}
{"type":"check","audit":"release:v136","name":"V136_4_SCREEN_USABILITY","status":"PASS","actual":{"name":"V136_4_SCREEN_USABILITY","command":"npm run audit:screen-usability:v136-4","exitCode":0,"signal":null,"error":null,"elapsedMs":41049,"timedOut":false},"expected":{"exitCode":0}}
{"type":"check","audit":"release:v136","name":"V156_EXCLUSIONS","status":"FAIL","actual":{"name":"V156_EXCLUSIONS","command":"npm run audit:exclusions:v156","exitCode":1,"signal":null,"error":null,"elapsedMs":70461,"timedOut":false},"expected":{"exitCode":0}}
{"type":"check","audit":"release:v136","name":"FRAMEWORK_ELEMENTS","status":"PASS","actual":152,"expected":152}
{"type":"check","audit":"release:v136","name":"ACCOUNTED_ELEMENTS","status":"PASS","actual":152,"expected":152}
{"type":"check","audit":"release:v136","name":"PUBLIC_ROUTE_COUNT","status":"PASS","actual":148,"expected":">=147"}
{"type":"check","audit":"release:v136","name":"INTERNAL_PUBLIC_TOKEN_COUNT","status":"PASS","actual":0,"expected":0}
{"type":"check","audit":"release:v136","name":"DUPLICATE_VISIBLE_COPY_COUNT","status":"PASS","actual":0,"expected":0}
{"type":"check","audit":"release:v136","name":"AWKWARD_GENERIC_COPY_COUNT","status":"PASS","actual":0,"expected":0}
{"type":"check","audit":"release:v136","name":"MAP_LAYER_COUNT","status":"PASS","actual":42,"expected":42}
{"type":"check","audit":"release:v136","name":"ALL_MAP_LAYER_ACCESS_COUNT","status":"PASS","actual":42,"expected":42}
{"type":"check","audit":"release:v136","name":"MAP_PRESET_COUNT","status":"PASS","actual":0,"expected":0}
{"type":"check","audit":"release:v136","name":"MAP_DATA_ITEM_COUNT","status":"PASS","actual":43,"expected":43}
{"type":"check","audit":"release:v136","name":"MAP_NATIVE_BULLET_COUNT","status":"PASS","actual":{"list":0,"controls":0},"expected":0}
{"type":"check","audit":"release:v136","name":"MAP_NATIVE_BUTTON_STYLE_COUNT","status":"PASS","actual":{"list":0,"controls":0},"expected":0}
{"type":"check","audit":"release:v136","name":"MAP_ITEM_DUPLICATE_TITLE_COUNT","status":"PASS","actual":0,"expected":0}
{"type":"check","audit":"release:v136","name":"MAP_GUIDE_DEFAULT_OPEN","status":"PASS","actual":false,"expected":false}
{"type":"check","audit":"release:v136","name":"LEFT_PANEL_POINTER_RESIZE_PASS","status":"PASS","actual":true,"expected":true}
{"type":"check","audit":"release:v136","name":"MAP_COMPARE_RESULT","status":"PASS","actual":"PASS","expected":"PASS"}
{"type":"check","audit":"release:v136","name":"VISIBLE_ACRONYM_WITHOUT_GLOSSARY","status":"PASS","actual":0,"expected":0}
{"type":"check","audit":"release:v136","name":"V130_REGRESSION","status":"PASS","actual":{"projectScope":"PASS","dedup":"PASS","geography":"PASS"},"expected":"PASS"}
{"type":"check","audit":"release:v136","name":"V131_REGRESSION","status":"PASS","actual":{"naming":"PASS","cards":"PASS"},"expected":"PASS"}
{"type":"check","audit":"release:v136","name":"V132_REGRESSION","status":"PASS","actual":{"composition":"PASS","portfolio":"PASS","mapTooltip":"PASS","benchmark":"PASS"},"expected":"PASS"}
{"type":"check","audit":"release:v136","name":"V133_REGRESSION","status":"PASS","actual":{"focus":"PASS","popup":"PASS","layerDistinction":"PASS"},"expected":"PASS"}
{"type":"check","audit":"release:v136","name":"V134_REGRESSION","status":"PASS","actual":{"glossary":"PASS","oda":"PASS","drought":"PASS","publicCopy":"PASS","visualContract":"PASS"},"expected":"PASS"}
{"type":"check","audit":"release:v136","name":"V135_REGRESSION","status":"PASS","actual":{"finderCard":"PASS","temporalDepth":"PASS","detailHierarchy":"PASS","mapGuide":"PASS","mapAccess":"PASS","mapCompare":"PASS","publicScreen":"PASS"},"expected":"PASS"}
{"type":"check","audit":"release:v136","name":"V136_REGRESSION","status":"PASS","actual":{"publicText":"PASS","duplicateCopy":"PASS","mapListUi":"PASS","mapCopy":"PASS","publicControls":"PASS"},"expected":"PASS"}
{"type":"check","audit":"release:v136","name":"FINDER_LOAD_MORE_VISIBLE_COUNT","status":"PASS","actual":0,"expected":0}
{"type":"check","audit":"release:v136","name":"FINDER_AUTO_LOAD_SEQUENCE","status":"PASS","actual":[24,48,72,96,120,141],"expected":[24,48,72,96,120,141]}
{"type":"check","audit":"release:v136","name":"FINDER_DUPLICATE_CARD_COUNT","status":"PASS","actual":0,"expected":0}
{"type":"check","audit":"release:v136","name":"FINDER_HUMAN_REVIEW_COUNT","status":"FAIL","actual":152,"expected":141}
{"type":"check","audit":"release:v136","name":"DETAIL_HUMAN_REVIEW_COUNT","status":"FAIL","actual":152,"expected":142}
{"type":"check","audit":"release:v136","name":"MAP_DATASET_HUMAN_REVIEW_COUNT","status":"PASS","actual":42,"expected":42}
{"type":"check","audit":"release:v136","name":"UNRESOLVED_REWRITE_COUNT","status":"PASS","actual":0,"expected":0}
{"type":"check","audit":"release:v136","name":"UNRESOLVED_REMOVE_COUNT","status":"PASS","actual":0,"expected":0}
{"type":"check","audit":"release:v136","name":"V136_1_REGRESSION","status":"PASS","actual":{"finderScroll":"PASS","humanReview":"PASS"},"expected":"PASS"}
{"type":"check","audit":"release:v136","name":"CI_CURRENT_RELEASE_GATE","status":"PASS","actual":"finalize:v136","expected":"finalize:v136"}
{"type":"check","audit":"release:v136","name":"PAGES_CURRENT_RELEASE_GATE","status":"PASS","actual":"finalize:v136","expected":"finalize:v136"}
{"type":"check","audit":"release:v136","name":"VISUAL_QA_CURRENT_CAPTURE","status":"PASS","actual":"capture:screenshots:v136","expected":"capture:screenshots:v136"}
{"type":"check","audit":"release:v136","name":"OLD_V135_CURRENT_GATE_COUNT","status":"PASS","actual":0,"expected":0}
{"type":"check","audit":"release:v136","name":"SCREENSHOT_CAPTURE_IS_RELEASE_BLOCKER","status":"PASS","actual":["node --test scripts/ci/browser-timeout.test.mjs","npm run build","npm run audit:generated-data:v133","node scripts/ci/audit-large-source-table.mjs","npm run audit:ci-contract:v133","npm run audit:project-scope:v130","npm run audit:map-dedup:v130","npm run audit:map-semantic-geography:v130","npm run audit:public-naming:v131","npm run audit:entity-cards:v131","npm run audit:composition:v132","npm run audit:portfolio-analysis:v132","npm run audit:map-tooltip:v132","npm run audit:benchmark-fit:v132","npm run audit:map-focus:v133","npm run audit:map-popup:v133","npm run audit:map-layer-distinction:v133","npm run audit:glossary:v134","npm run audit:oda-analysis:v134","npm run audit:drought-analysis:v134","npm run audit:public-copy:v134","npm run audit:visual-qa-contract:v134","npm run audit:finder-card:v135","npm run audit:temporal-depth:v135","npm run audit:detail-hierarchy:v135","npm run audit:map-guide:v135","npm run audit:map-access:v135","npm run audit:map-compare:v135","npm run audit:public-screen:v135","npm run audit:public-text:v136","npm run audit:duplicate-copy:v136","npm run audit:map-list-ui:v136","npm run audit:map-copy:v136","npm run audit:public-controls:v136","npm run audit:finder-scroll:v136","npm run test:unit","npm run audit:generic-detail-public:v136-2","npm run audit:screen-usability:v136-4","npm run audit:exclusions:v156","npm run audit:human-review:v136","npm run audit:workflow:v136"],"expected":"no screenshot command"}
{"type":"check","audit":"release:v136","name":"REMAINING_BLOCKERS","status":"FAIL","actual":[{"name":"V156_EXCLUSIONS","command":"npm run audit:exclusions:v156","exitCode":1,"signal":null,"error":null,"elapsedMs":70461,"timedOut":false}],"expected":[]}
{"type":"summary","audit":"release:v136","status":"FAIL","passed":74,"failed":4,"total":78,"failedChecks":["V156_EXCLUSIONS","FINDER_HUMAN_REVIEW_COUNT","DETAIL_HUMAN_REVIEW_COUNT","REMAINING_BLOCKERS"],"commandResults":[{"name":"CI_PROCESS_GUARDS","command":"node --test scripts/ci/browser-timeout.test.mjs","exitCode":0,"signal":null,"error":null,"elapsedMs":1626,"timedOut":false},{"name":"PRODUCTION_BUILD_FOR_RUNTIME","command":"npm run build","exitCode":0,"signal":null,"error":null,"elapsedMs":27898,"timedOut":false},{"name":"V133_GENERATED_DATA","command":"npm run audit:generated-data:v133","exitCode":0,"signal":null,"error":null,"elapsedMs":8025,"timedOut":false},{"name":"LARGE_SOURCE_TABLE","command":"node scripts/ci/audit-large-source-table.mjs","exitCode":0,"signal":null,"error":null,"elapsedMs":6089,"timedOut":false},{"name":"V133_CI_CONTRACT","command":"npm run audit:ci-contract:v133","exitCode":0,"signal":null,"error":null,"elapsedMs":750,"timedOut":false},{"name":"V130_PROJECT_SCOPE","command":"npm run audit:project-scope:v130","exitCode":0,"signal":null,"error":null,"elapsedMs":659,"timedOut":false},{"name":"V130_MAP_DEDUP","command":"npm run audit:map-dedup:v130","exitCode":0,"signal":null,"error":null,"elapsedMs":668,"timedOut":false},{"name":"V130_SEMANTIC_GEOGRAPHY","command":"npm run audit:map-semantic-geography:v130","exitCode":0,"signal":null,"error":null,"elapsedMs":683,"timedOut":false},{"name":"V131_PUBLIC_NAMING","command":"npm run audit:public-naming:v131","exitCode":0,"signal":null,"error":null,"elapsedMs":6829,"timedOut":false},{"name":"V131_ENTITY_CARDS","command":"npm run audit:entity-cards:v131","exitCode":0,"signal":null,"error":null,"elapsedMs":27278,"timedOut":false},{"name":"V132_COMPOSITION","command":"npm run audit:composition:v132","exitCode":0,"signal":null,"error":null,"elapsedMs":4361,"timedOut":false},{"name":"V132_PORTFOLIO","command":"npm run audit:portfolio-analysis:v132","exitCode":0,"signal":null,"error":null,"elapsedMs":10977,"timedOut":false},{"name":"V132_MAP_TOOLTIP","command":"npm run audit:map-tooltip:v132","exitCode":0,"signal":null,"error":null,"elapsedMs":7365,"timedOut":false},{"name":"V132_BENCHMARK_FIT","command":"npm run audit:benchmark-fit:v132","exitCode":0,"signal":null,"error":null,"elapsedMs":639,"timedOut":false},{"name":"V133_MAP_FOCUS","command":"npm run audit:map-focus:v133","exitCode":0,"signal":null,"error":null,"elapsedMs":6739,"timedOut":false},{"name":"V133_MAP_POPUP","command":"npm run audit:map-popup:v133","exitCode":0,"signal":null,"error":null,"elapsedMs":3719,"timedOut":false},{"name":"V133_LAYER_DISTINCTION","command":"npm run audit:map-layer-distinction:v133","exitCode":0,"signal":null,"error":null,"elapsedMs":4396,"timedOut":false},{"name":"V134_GLOSSARY","command":"npm run audit:glossary:v134","exitCode":0,"signal":null,"error":null,"elapsedMs":46923,"timedOut":false},{"name":"V134_ODA_ANALYSIS","command":"npm run audit:oda-analysis:v134","exitCode":0,"signal":null,"error":null,"elapsedMs":6648,"timedOut":false},{"name":"V134_DROUGHT_ANALYSIS","command":"npm run audit:drought-analysis:v134","exitCode":0,"signal":null,"error":null,"elapsedMs":8089,"timedOut":false},{"name":"V134_PUBLIC_COPY","command":"npm run audit:public-copy:v134","exitCode":0,"signal":null,"error":null,"elapsedMs":184600,"timedOut":false},{"name":"V134_VISUAL_QA_CONTRACT","command":"npm run audit:visual-qa-contract:v134","exitCode":0,"signal":null,"error":null,"elapsedMs":656,"timedOut":false},{"name":"V135_FINDER_CARD","command":"npm run audit:finder-card:v135","exitCode":0,"signal":null,"error":null,"elapsedMs":6511,"timedOut":false},{"name":"V135_TEMPORAL_DEPTH","command":"npm run audit:temporal-depth:v135","exitCode":0,"signal":null,"error":null,"elapsedMs":43444,"timedOut":false},{"name":"V135_DETAIL_HIERARCHY","command":"npm run audit:detail-hierarchy:v135","exitCode":0,"signal":null,"error":null,"elapsedMs":40708,"timedOut":false},{"name":"V135_MAP_GUIDE","command":"npm run audit:map-guide:v135","exitCode":0,"signal":null,"error":null,"elapsedMs":2997,"timedOut":false},{"name":"V135_MAP_ACCESS","command":"npm run audit:map-access:v135","exitCode":0,"signal":null,"error":null,"elapsedMs":20386,"timedOut":false},{"name":"V135_MAP_COMPARE","command":"npm run audit:map-compare:v135","exitCode":0,"signal":null,"error":null,"elapsedMs":5000,"timedOut":false},{"name":"V135_PUBLIC_SCREEN","command":"npm run audit:public-screen:v135","exitCode":0,"signal":null,"error":null,"elapsedMs":47328,"timedOut":false},{"name":"V136_PUBLIC_TEXT","command":"npm run audit:public-text:v136","exitCode":0,"signal":null,"error":null,"elapsedMs":190704,"timedOut":false},{"name":"V136_DUPLICATE_COPY","command":"npm run audit:duplicate-copy:v136","exitCode":0,"signal":null,"error":null,"elapsedMs":43639,"timedOut":false},{"name":"V136_MAP_LIST_UI","command":"npm run audit:map-list-ui:v136","exitCode":0,"signal":null,"error":null,"elapsedMs":5944,"timedOut":false},{"name":"V136_MAP_COPY","command":"npm run audit:map-copy:v136","exitCode":0,"signal":null,"error":null,"elapsedMs":2960,"timedOut":false},{"name":"V136_PUBLIC_CONTROLS","command":"npm run audit:public-controls:v136","exitCode":0,"signal":null,"error":null,"elapsedMs":3327,"timedOut":false},{"name":"V136_FINDER_SCROLL","command":"npm run audit:finder-scroll:v136","exitCode":0,"signal":null,"error":null,"elapsedMs":10550,"timedOut":false},{"name":"V136_3_UNIT_TESTS","command":"npm run test:unit","exitCode":0,"signal":null,"error":null,"elapsedMs":12187,"timedOut":false},{"name":"V136_2_GENERIC_DETAIL_PUBLIC","command":"npm run audit:generic-detail-public:v136-2","exitCode":0,"signal":null,"error":null,"elapsedMs":187216,"timedOut":false},{"name":"V136_4_SCREEN_USABILITY","command":"npm run audit:screen-usability:v136-4","exitCode":0,"signal":null,"error":null,"elapsedMs":41049,"timedOut":false},{"name":"V156_EXCLUSIONS","command":"npm run audit:exclusions:v156","exitCode":1,"signal":null,"error":null,"elapsedMs":70461,"timedOut":false}],"reportStatuses":{"v130ProjectScope":"PASS","v130Dedup":"PASS","v130Geography":"PASS","v131Naming":"PASS","v131Cards":"PASS","v132Composition":"PASS","v132Portfolio":"PASS","v132MapTooltip":"PASS","v132Benchmark":"PASS","v133MapFocus":"PASS","v133MapPopup":"PASS","v133LayerDistinction":"PASS","generatedData":"PASS","ciContract":"PASS","glossary":"PASS","oda":"PASS","drought":"PASS","publicCopy":"PASS","visualContract":"PASS","v135FinderCard":"PASS","v135TemporalDepth":"PASS","v135DetailHierarchy":"PASS","v135MapGuide":"PASS","v135MapAccess":"PASS","v135MapCompare":"PASS","v135PublicScreen":"PASS","publicText":"PASS","duplicateCopy":"PASS","mapListUi":"PASS","mapCopy":"PASS","publicControls":"PASS","finderScroll":"PASS","genericDetailPublic":"PASS","humanReview":"PASS","workflow":"PASS"},"frameworkElements":152,"accountedElements":152,"publicTextInventoryCount":45989,"publicRouteCount":148,"internalPublicTokenCount":0,"duplicateVisibleCopyCount":0,"mapDataItemCount":43,"screenshotCaptureIsReleaseBlocker":false,"remainingBlockers":1}
EXIT 1
