element_id,element_label,record_type,record_id,indicator_id,country_iso3,year,period_start,period_end,period,statistic_type,source_year_label,value,unit,name,latitude,longitude,attributes_json,missing_reason_code,note,source_org,source_url,license_code,source_file,source_sheet,source_row,publication_decision_id
A-003,"GDP[현재가, PPP, 성장률, 1인당]",observation,v124-a-003-obs-00001,A-003_gdp_current_usd,VNM,1985,1985,1985,,,,14094687820.7445,USD,,,,,,[명목] World Bank 「NY.GDP.MKTP.CD」 기준. current US$. 38대 기후기술을 특정하지 않는 배경·여건 지표이므로 매핑하지 않음(tech_ids=해당없음).,World Bank,https://data.worldbank.org/indicator/NY.GDP.MKTP.CD?locations=VN,CC-BY-4.0,A-003.xlsx,1.1_observation(측정값),4,
A-003,"GDP[현재가, PPP, 성장률, 1인당]",observation,v124-a-003-obs-00002,A-003_gdp_current_usd,VNM,1986,1986,1986,,,,26336616250.4397,USD,,,,,,[명목] World Bank 「NY.GDP.MKTP.CD」 기준. current US$. 38대 기후기술을 특정하지 않는 배경·여건 지표이므로 매핑하지 않음(tech_ids=해당없음).,World Bank,https://data.worldbank.org/indicator/NY.GDP.MKTP.CD?locations=VN,CC-BY-4.0,A-003.xlsx,1.1_observation(측정값),5,
A-003,"GDP[현재가, PPP, 성장률, 1인당]",observation,v124-a-003-obs-00003,A-003_gdp_current_usd,VNM,1987,1987,1987,,,,36658108850.3148,USD,,,,,,[명목] World Bank 「NY.GDP.MKTP.CD」 기준. current US$. 38대 기후기술을 특정하지 않는 배경·여건 지표이므로 매핑하지 않음(tech_ids=해당없음).,World Bank,https://data.worldbank.org/indicator/NY.GDP.MKTP.CD?locations=VN,CC-BY-4.0,A-003.xlsx,1.1_observation(측정값),6,
A-003,"GDP[현재가, PPP, 성장률, 1인당]",observation,v124-a-003-obs-00004,A-003_gdp_current_usd,VNM,1988,1988,1988,,,,25423812648.5941,USD,,,,,,[명목] World Bank 「NY.GDP.MKTP.CD」 기준. current US$. 38대 기후기술을 특정하지 않는 배경·여건 지표이므로 매핑하지 않음(tech_ids=해당없음).,World Bank,https://data.worldbank.org/indicator/NY.GDP.MKTP.CD?locations=VN,CC-BY-4.0,A-003.xlsx,1.1_observation(측정값),7,
A-003,"GDP[현재가, PPP, 성장률, 1인당]",observation,v124-a-003-obs-00005,A-003_gdp_current_usd,VNM,1989,1989,1989,,,,6293304974.59403,USD,,,,,,[명목] World Bank 「NY.GDP.MKTP.CD」 기준. current US$. 38대 기후기술을 특정하지 않는 배경·여건 지표이므로 매핑하지 않음(tech_ids=해당없음).,World Bank,https://data.worldbank.org/indicator/NY.GDP.MKTP.CD?locations=VN,CC-BY-4.0,A-003.xlsx,1.1_observation(측정값),8,
A-003,"GDP[현재가, PPP, 성장률, 1인당]",observation,v124-a-003-obs-00006,A-003_gdp_current_usd,VNM,1990,1990,1990,,,,6471740805.56984,USD,,,,,,[명목] World Bank 「NY.GDP.MKTP.CD」 기준. current US$. 38대 기후기술을 특정하지 않는 배경·여건 지표이므로 매핑하지 않음(tech_ids=해당없음).,World Bank,https://data.worldbank.org/indicator/NY.GDP.MKTP.CD?locations=VN,CC-BY-4.0,A-003.xlsx,1.1_observation(측정값),9,
A-003,"GDP[현재가, PPP, 성장률, 1인당]",observation,v124-a-003-obs-00007,A-003_gdp_current_usd,VNM,1991,1991,1991,,,,9613369520.41885,USD,,,,,,[명목] World Bank 「NY.GDP.MKTP.CD」 기준. current US$. 38대 기후기술을 특정하지 않는 배경·여건 지표이므로 매핑하지 않음(tech_ids=해당없음).,World Bank,https://data.worldbank.org/indicator/NY.GDP.MKTP.CD?locations=VN,CC-BY-4.0,A-003.xlsx,1.1_observation(측정값),10,
A-003,"GDP[현재가, PPP, 성장률, 1인당]",observation,v124-a-003-obs-00008,A-003_gdp_current_usd,VNM,1992,1992,1992,,,,9866990236.43587,USD,,,,,,[명목] World Bank 「NY.GDP.MKTP.CD」 기준. current US$. 38대 기후기술을 특정하지 않는 배경·여건 지표이므로 매핑하지 않음(tech_ids=해당없음).,World Bank,https://data.worldbank.org/indicator/NY.GDP.MKTP.CD?locations=VN,CC-BY-4.0,A-003.xlsx,1.1_observation(측정값),11,
A-003,"GDP[현재가, PPP, 성장률, 1인당]",observation,v124-a-003-obs-00009,A-003_gdp_current_usd,VNM,1993,1993,1993,,,,13180953598.1716,USD,,,,,,[명목] World Bank 「NY.GDP.MKTP.CD」 기준. current US$. 38대 기후기술을 특정하지 않는 배경·여건 지표이므로 매핑하지 않음(tech_ids=해당없음).,World Bank,https://data.worldbank.org/indicator/NY.GDP.MKTP.CD?locations=VN,CC-BY-4.0,A-003.xlsx,1.1_observation(측정값),12,
A-003,"GDP[현재가, PPP, 성장률, 1인당]",observation,v124-a-003-obs-00010,A-003_gdp_current_usd,VNM,1994,1994,1994,,,,16286433533.3228,USD,,,,,,[명목] World Bank 「NY.GDP.MKTP.CD」 기준. current US$. 38대 기후기술을 특정하지 않는 배경·여건 지표이므로 매핑하지 않음(tech_ids=해당없음).,World Bank,https://data.worldbank.org/indicator/NY.GDP.MKTP.CD?locations=VN,CC-BY-4.0,A-003.xlsx,1.1_observation(측정값),13,
A-003,"GDP[현재가, PPP, 성장률, 1인당]",observation,v124-a-003-obs-00011,A-003_gdp_current_usd,VNM,1995,1995,1995,,,,20736164458.9505,USD,,,,,,[명목] World Bank 「NY.GDP.MKTP.CD」 기준. current US$. 38대 기후기술을 특정하지 않는 배경·여건 지표이므로 매핑하지 않음(tech_ids=해당없음).,World Bank,https://data.worldbank.org/indicator/NY.GDP.MKTP.CD?locations=VN,CC-BY-4.0,A-003.xlsx,1.1_observation(측정값),14,
A-003,"GDP[현재가, PPP, 성장률, 1인당]",observation,v124-a-003-obs-00012,A-003_gdp_current_usd,VNM,1996,1996,1996,,,,24657470574.7501,USD,,,,,,[명목] World Bank 「NY.GDP.MKTP.CD」 기준. current US$. 38대 기후기술을 특정하지 않는 배경·여건 지표이므로 매핑하지 않음(tech_ids=해당없음).,World Bank,https://data.worldbank.org/indicator/NY.GDP.MKTP.CD?locations=VN,CC-BY-4.0,A-003.xlsx,1.1_observation(측정값),15,
A-003,"GDP[현재가, PPP, 성장률, 1인당]",observation,v124-a-003-obs-00013,A-003_gdp_current_usd,VNM,1997,1997,1997,,,,26843700441.5482,USD,,,,,,[명목] World Bank 「NY.GDP.MKTP.CD」 기준. current US$. 38대 기후기술을 특정하지 않는 배경·여건 지표이므로 매핑하지 않음(tech_ids=해당없음).,World Bank,https://data.worldbank.org/indicator/NY.GDP.MKTP.CD?locations=VN,CC-BY-4.0,A-003.xlsx,1.1_observation(측정값),16,
A-003,"GDP[현재가, PPP, 성장률, 1인당]",observation,v124-a-003-obs-00014,A-003_gdp_current_usd,VNM,1998,1998,1998,,,,27209602050.0452,USD,,,,,,[명목] World Bank 「NY.GDP.MKTP.CD」 기준. current US$. 38대 기후기술을 특정하지 않는 배경·여건 지표이므로 매핑하지 않음(tech_ids=해당없음).,World Bank,https://data.worldbank.org/indicator/NY.GDP.MKTP.CD?locations=VN,CC-BY-4.0,A-003.xlsx,1.1_observation(측정값),17,
A-003,"GDP[현재가, PPP, 성장률, 1인당]",observation,v124-a-003-obs-00015,A-003_gdp_current_usd,VNM,1999,1999,1999,,,,28683659006.7752,USD,,,,,,[명목] World Bank 「NY.GDP.MKTP.CD」 기준. current US$. 38대 기후기술을 특정하지 않는 배경·여건 지표이므로 매핑하지 않음(tech_ids=해당없음).,World Bank,https://data.worldbank.org/indicator/NY.GDP.MKTP.CD?locations=VN,CC-BY-4.0,A-003.xlsx,1.1_observation(측정값),18,
A-003,"GDP[현재가, PPP, 성장률, 1인당]",observation,v124-a-003-obs-00016,A-003_gdp_current_usd,VNM,2000,2000,2000,,,,31172518403.3162,USD,,,,,,[명목] World Bank 「NY.GDP.MKTP.CD」 기준. current US$. 38대 기후기술을 특정하지 않는 배경·여건 지표이므로 매핑하지 않음(tech_ids=해당없음).,World Bank,https://data.worldbank.org/indicator/NY.GDP.MKTP.CD?locations=VN,CC-BY-4.0,A-003.xlsx,1.1_observation(측정값),19,
A-003,"GDP[현재가, PPP, 성장률, 1인당]",observation,v124-a-003-obs-00017,A-003_gdp_current_usd,VNM,2001,2001,2001,,,,32685198808.5549,USD,,,,,,[명목] World Bank 「NY.GDP.MKTP.CD」 기준. current US$. 38대 기후기술을 특정하지 않는 배경·여건 지표이므로 매핑하지 않음(tech_ids=해당없음).,World Bank,https://data.worldbank.org/indicator/NY.GDP.MKTP.CD?locations=VN,CC-BY-4.0,A-003.xlsx,1.1_observation(측정값),20,
A-003,"GDP[현재가, PPP, 성장률, 1인당]",observation,v124-a-003-obs-00018,A-003_gdp_current_usd,VNM,2002,2002,2002,,,,35064105500.8344,USD,,,,,,[명목] World Bank 「NY.GDP.MKTP.CD」 기준. current US$. 38대 기후기술을 특정하지 않는 배경·여건 지표이므로 매핑하지 않음(tech_ids=해당없음).,World Bank,https://data.worldbank.org/indicator/NY.GDP.MKTP.CD?locations=VN,CC-BY-4.0,A-003.xlsx,1.1_observation(측정값),21,
A-003,"GDP[현재가, PPP, 성장률, 1인당]",observation,v124-a-003-obs-00019,A-003_gdp_current_usd,VNM,2003,2003,2003,,,,39552513231.9169,USD,,,,,,[명목] World Bank 「NY.GDP.MKTP.CD」 기준. current US$. 38대 기후기술을 특정하지 않는 배경·여건 지표이므로 매핑하지 않음(tech_ids=해당없음).,World Bank,https://data.worldbank.org/indicator/NY.GDP.MKTP.CD?locations=VN,CC-BY-4.0,A-003.xlsx,1.1_observation(측정값),22,
A-003,"GDP[현재가, PPP, 성장률, 1인당]",observation,v124-a-003-obs-00020,A-003_gdp_current_usd,VNM,2004,2004,2004,,,,45427854693.2554,USD,,,,,,[명목] World Bank 「NY.GDP.MKTP.CD」 기준. current US$. 38대 기후기술을 특정하지 않는 배경·여건 지표이므로 매핑하지 않음(tech_ids=해당없음).,World Bank,https://data.worldbank.org/indicator/NY.GDP.MKTP.CD?locations=VN,CC-BY-4.0,A-003.xlsx,1.1_observation(측정값),23,
A-003,"GDP[현재가, PPP, 성장률, 1인당]",observation,v124-a-003-obs-00021,A-003_gdp_current_usd,VNM,2005,2005,2005,,,,57633255738.1992,USD,,,,,,[명목] World Bank 「NY.GDP.MKTP.CD」 기준. current US$. 38대 기후기술을 특정하지 않는 배경·여건 지표이므로 매핑하지 않음(tech_ids=해당없음).,World Bank,https://data.worldbank.org/indicator/NY.GDP.MKTP.CD?locations=VN,CC-BY-4.0,A-003.xlsx,1.1_observation(측정값),24,
A-003,"GDP[현재가, PPP, 성장률, 1인당]",observation,v124-a-003-obs-00022,A-003_gdp_current_usd,VNM,2006,2006,2006,,,,66371664817.0436,USD,,,,,,[명목] World Bank 「NY.GDP.MKTP.CD」 기준. current US$. 38대 기후기술을 특정하지 않는 배경·여건 지표이므로 매핑하지 않음(tech_ids=해당없음).,World Bank,https://data.worldbank.org/indicator/NY.GDP.MKTP.CD?locations=VN,CC-BY-4.0,A-003.xlsx,1.1_observation(측정값),25,
A-003,"GDP[현재가, PPP, 성장률, 1인당]",observation,v124-a-003-obs-00023,A-003_gdp_current_usd,VNM,2007,2007,2007,,,,77414425532.2452,USD,,,,,,[명목] World Bank 「NY.GDP.MKTP.CD」 기준. current US$. 38대 기후기술을 특정하지 않는 배경·여건 지표이므로 매핑하지 않음(tech_ids=해당없음).,World Bank,https://data.worldbank.org/indicator/NY.GDP.MKTP.CD?locations=VN,CC-BY-4.0,A-003.xlsx,1.1_observation(측정값),26,
A-003,"GDP[현재가, PPP, 성장률, 1인당]",observation,v124-a-003-obs-00024,A-003_gdp_current_usd,VNM,2008,2008,2008,,,,99130304099.1274,USD,,,,,,[명목] World Bank 「NY.GDP.MKTP.CD」 기준. current US$. 38대 기후기술을 특정하지 않는 배경·여건 지표이므로 매핑하지 않음(tech_ids=해당없음).,World Bank,https://data.worldbank.org/indicator/NY.GDP.MKTP.CD?locations=VN,CC-BY-4.0,A-003.xlsx,1.1_observation(측정값),27,
A-003,"GDP[현재가, PPP, 성장률, 1인당]",observation,v124-a-003-obs-00025,A-003_gdp_current_usd,VNM,2009,2009,2009,,,,106014659565.214,USD,,,,,,[명목] World Bank 「NY.GDP.MKTP.CD」 기준. current US$. 38대 기후기술을 특정하지 않는 배경·여건 지표이므로 매핑하지 않음(tech_ids=해당없음).,World Bank,https://data.worldbank.org/indicator/NY.GDP.MKTP.CD?locations=VN,CC-BY-4.0,A-003.xlsx,1.1_observation(측정값),28,
A-003,"GDP[현재가, PPP, 성장률, 1인당]",observation,v124-a-003-obs-00026,A-003_gdp_current_usd,VNM,2010,2010,2010,,,,147201173196.979,USD,,,,,,[명목] World Bank 「NY.GDP.MKTP.CD」 기준. current US$. 38대 기후기술을 특정하지 않는 배경·여건 지표이므로 매핑하지 않음(tech_ids=해당없음).,World Bank,https://data.worldbank.org/indicator/NY.GDP.MKTP.CD?locations=VN,CC-BY-4.0,A-003.xlsx,1.1_observation(측정값),29,
A-003,"GDP[현재가, PPP, 성장률, 1인당]",observation,v124-a-003-obs-00027,A-003_gdp_current_usd,VNM,2011,2011,2011,,,,172595049183.925,USD,,,,,,[명목] World Bank 「NY.GDP.MKTP.CD」 기준. current US$. 38대 기후기술을 특정하지 않는 배경·여건 지표이므로 매핑하지 않음(tech_ids=해당없음).,World Bank,https://data.worldbank.org/indicator/NY.GDP.MKTP.CD?locations=VN,CC-BY-4.0,A-003.xlsx,1.1_observation(측정값),30,
A-003,"GDP[현재가, PPP, 성장률, 1인당]",observation,v124-a-003-obs-00028,A-003_gdp_current_usd,VNM,2012,2012,2012,,,,195590661129.249,USD,,,,,,[명목] World Bank 「NY.GDP.MKTP.CD」 기준. current US$. 38대 기후기술을 특정하지 않는 배경·여건 지표이므로 매핑하지 않음(tech_ids=해당없음).,World Bank,https://data.worldbank.org/indicator/NY.GDP.MKTP.CD?locations=VN,CC-BY-4.0,A-003.xlsx,1.1_observation(측정값),31,
A-003,"GDP[현재가, PPP, 성장률, 1인당]",observation,v124-a-003-obs-00029,A-003_gdp_current_usd,VNM,2013,2013,2013,,,,213708811665.34,USD,,,,,,[명목] World Bank 「NY.GDP.MKTP.CD」 기준. current US$. 38대 기후기술을 특정하지 않는 배경·여건 지표이므로 매핑하지 않음(tech_ids=해당없음).,World Bank,https://data.worldbank.org/indicator/NY.GDP.MKTP.CD?locations=VN,CC-BY-4.0,A-003.xlsx,1.1_observation(측정값),32,
A-003,"GDP[현재가, PPP, 성장률, 1인당]",observation,v124-a-003-obs-00030,A-003_gdp_current_usd,VNM,2014,2014,2014,,,,233451469642.519,USD,,,,,,[명목] World Bank 「NY.GDP.MKTP.CD」 기준. current US$. 38대 기후기술을 특정하지 않는 배경·여건 지표이므로 매핑하지 않음(tech_ids=해당없음).,World Bank,https://data.worldbank.org/indicator/NY.GDP.MKTP.CD?locations=VN,CC-BY-4.0,A-003.xlsx,1.1_observation(측정값),33,
A-003,"GDP[현재가, PPP, 성장률, 1인당]",observation,v124-a-003-obs-00031,A-003_gdp_current_usd,VNM,2015,2015,2015,,,,239258328381.741,USD,,,,,,[명목] World Bank 「NY.GDP.MKTP.CD」 기준. current US$. 38대 기후기술을 특정하지 않는 배경·여건 지표이므로 매핑하지 않음(tech_ids=해당없음).,World Bank,https://data.worldbank.org/indicator/NY.GDP.MKTP.CD?locations=VN,CC-BY-4.0,A-003.xlsx,1.1_observation(측정값),34,
A-003,"GDP[현재가, PPP, 성장률, 1인당]",observation,v124-a-003-obs-00032,A-003_gdp_current_usd,VNM,2016,2016,2016,,,,257096001177.982,USD,,,,,,[명목] World Bank 「NY.GDP.MKTP.CD」 기준. current US$. 38대 기후기술을 특정하지 않는 배경·여건 지표이므로 매핑하지 않음(tech_ids=해당없음).,World Bank,https://data.worldbank.org/indicator/NY.GDP.MKTP.CD?locations=VN,CC-BY-4.0,A-003.xlsx,1.1_observation(측정값),35,
A-003,"GDP[현재가, PPP, 성장률, 1인당]",observation,v124-a-003-obs-00033,A-003_gdp_current_usd,VNM,2017,2017,2017,,,,281353605986.903,USD,,,,,,[명목] World Bank 「NY.GDP.MKTP.CD」 기준. current US$. 38대 기후기술을 특정하지 않는 배경·여건 지표이므로 매핑하지 않음(tech_ids=해당없음).,World Bank,https://data.worldbank.org/indicator/NY.GDP.MKTP.CD?locations=VN,CC-BY-4.0,A-003.xlsx,1.1_observation(측정값),36,
A-003,"GDP[현재가, PPP, 성장률, 1인당]",observation,v124-a-003-obs-00034,A-003_gdp_current_usd,VNM,2018,2018,2018,,,,310106478394.659,USD,,,,,,[명목] World Bank 「NY.GDP.MKTP.CD」 기준. current US$. 38대 기후기술을 특정하지 않는 배경·여건 지표이므로 매핑하지 않음(tech_ids=해당없음).,World Bank,https://data.worldbank.org/indicator/NY.GDP.MKTP.CD?locations=VN,CC-BY-4.0,A-003.xlsx,1.1_observation(측정값),37,
A-003,"GDP[현재가, PPP, 성장률, 1인당]",observation,v124-a-003-obs-00035,A-003_gdp_current_usd,VNM,2019,2019,2019,,,,334365270496.667,USD,,,,,,[명목] World Bank 「NY.GDP.MKTP.CD」 기준. current US$. 38대 기후기술을 특정하지 않는 배경·여건 지표이므로 매핑하지 않음(tech_ids=해당없음).,World Bank,https://data.worldbank.org/indicator/NY.GDP.MKTP.CD?locations=VN,CC-BY-4.0,A-003.xlsx,1.1_observation(측정값),38,
A-003,"GDP[현재가, PPP, 성장률, 1인당]",observation,v124-a-003-obs-00036,A-003_gdp_current_usd,VNM,2020,2020,2020,,,,346615738537.796,USD,,,,,,[명목] World Bank 「NY.GDP.MKTP.CD」 기준. current US$. 38대 기후기술을 특정하지 않는 배경·여건 지표이므로 매핑하지 않음(tech_ids=해당없음).,World Bank,https://data.worldbank.org/indicator/NY.GDP.MKTP.CD?locations=VN,CC-BY-4.0,A-003.xlsx,1.1_observation(측정값),39,
A-003,"GDP[현재가, PPP, 성장률, 1인당]",observation,v124-a-003-obs-00037,A-003_gdp_current_usd,VNM,2021,2021,2021,,,,366474752771.009,USD,,,,,,[명목] World Bank 「NY.GDP.MKTP.CD」 기준. current US$. 38대 기후기술을 특정하지 않는 배경·여건 지표이므로 매핑하지 않음(tech_ids=해당없음).,World Bank,https://data.worldbank.org/indicator/NY.GDP.MKTP.CD?locations=VN,CC-BY-4.0,A-003.xlsx,1.1_observation(측정값),40,
A-003,"GDP[현재가, PPP, 성장률, 1인당]",observation,v124-a-003-obs-00038,A-003_gdp_current_usd,VNM,2022,2022,2022,,,,413445230668.578,USD,,,,,,[명목] World Bank 「NY.GDP.MKTP.CD」 기준. current US$. 38대 기후기술을 특정하지 않는 배경·여건 지표이므로 매핑하지 않음(tech_ids=해당없음).,World Bank,https://data.worldbank.org/indicator/NY.GDP.MKTP.CD?locations=VN,CC-BY-4.0,A-003.xlsx,1.1_observation(측정값),41,
A-003,"GDP[현재가, PPP, 성장률, 1인당]",observation,v124-a-003-obs-00039,A-003_gdp_current_usd,VNM,2023,2023,2023,,,,433805036898.465,USD,,,,,,[명목] World Bank 「NY.GDP.MKTP.CD」 기준. current US$. 38대 기후기술을 특정하지 않는 배경·여건 지표이므로 매핑하지 않음(tech_ids=해당없음).,World Bank,https://data.worldbank.org/indicator/NY.GDP.MKTP.CD?locations=VN,CC-BY-4.0,A-003.xlsx,1.1_observation(측정값),42,
A-003,"GDP[현재가, PPP, 성장률, 1인당]",observation,v124-a-003-obs-00040,A-003_gdp_current_usd,VNM,2024,2024,2024,,,,476324572783.807,USD,,,,,,[명목] World Bank 「NY.GDP.MKTP.CD」 기준. current US$. 38대 기후기술을 특정하지 않는 배경·여건 지표이므로 매핑하지 않음(tech_ids=해당없음).,World Bank,https://data.worldbank.org/indicator/NY.GDP.MKTP.CD?locations=VN,CC-BY-4.0,A-003.xlsx,1.1_observation(측정값),43,
A-003,"GDP[현재가, PPP, 성장률, 1인당]",observation,v124-a-003-obs-00041,A-003_gdp_current_usd,VNM,2025,2025,2025,,,,514697215165.065,USD,,,,,,[명목] World Bank 「NY.GDP.MKTP.CD」 기준. current US$. 38대 기후기술을 특정하지 않는 배경·여건 지표이므로 매핑하지 않음(tech_ids=해당없음).,World Bank,https://data.worldbank.org/indicator/NY.GDP.MKTP.CD?locations=VN,CC-BY-4.0,A-003.xlsx,1.1_observation(측정값),44,
A-003,"GDP[현재가, PPP, 성장률, 1인당]",observation,v124-a-003-obs-00042,A-003_gdp_growth_rate,VNM,1985,1985,1985,,,,3.80585566810947,%,,,,,,[총액] World Bank 「NY.GDP.MKTP.KD.ZG」 기준. 불변가격 기준 연간 %. 38대 기후기술을 특정하지 않는 배경·여건 지표이므로 매핑하지 않음(tech_ids=해당없음).,World Bank,https://data.worldbank.org/indicator/NY.GDP.MKTP.KD.ZG?locations=VN,CC-BY-4.0,A-003.xlsx,1.1_observation(측정값),45,
A-003,"GDP[현재가, PPP, 성장률, 1인당]",observation,v124-a-003-obs-00043,A-003_gdp_growth_rate,VNM,1986,1986,1986,,,,2.78929157479443,%,,,,,,[총액] World Bank 「NY.GDP.MKTP.KD.ZG」 기준. 불변가격 기준 연간 %. 38대 기후기술을 특정하지 않는 배경·여건 지표이므로 매핑하지 않음(tech_ids=해당없음).,World Bank,https://data.worldbank.org/indicator/NY.GDP.MKTP.KD.ZG?locations=VN,CC-BY-4.0,A-003.xlsx,1.1_observation(측정값),46,
A-003,"GDP[현재가, PPP, 성장률, 1인당]",observation,v124-a-003-obs-00044,A-003_gdp_growth_rate,VNM,1987,1987,1987,,,,3.5834696313072,%,,,,,,[총액] World Bank 「NY.GDP.MKTP.KD.ZG」 기준. 불변가격 기준 연간 %. 38대 기후기술을 특정하지 않는 배경·여건 지표이므로 매핑하지 않음(tech_ids=해당없음).,World Bank,https://data.worldbank.org/indicator/NY.GDP.MKTP.KD.ZG?locations=VN,CC-BY-4.0,A-003.xlsx,1.1_observation(측정값),47,
A-003,"GDP[현재가, PPP, 성장률, 1인당]",observation,v124-a-003-obs-00045,A-003_gdp_growth_rate,VNM,1988,1988,1988,,,,5.13501167157808,%,,,,,,[총액] World Bank 「NY.GDP.MKTP.KD.ZG」 기준. 불변가격 기준 연간 %. 38대 기후기술을 특정하지 않는 배경·여건 지표이므로 매핑하지 않음(tech_ids=해당없음).,World Bank,https://data.worldbank.org/indicator/NY.GDP.MKTP.KD.ZG?locations=VN,CC-BY-4.0,A-003.xlsx,1.1_observation(측정값),48,
A-003,"GDP[현재가, PPP, 성장률, 1인당]",observation,v124-a-003-obs-00046,A-003_gdp_growth_rate,VNM,1989,1989,1989,,,,7.36451289395819,%,,,,,,[총액] World Bank 「NY.GDP.MKTP.KD.ZG」 기준. 불변가격 기준 연간 %. 38대 기후기술을 특정하지 않는 배경·여건 지표이므로 매핑하지 않음(tech_ids=해당없음).,World Bank,https://data.worldbank.org/indicator/NY.GDP.MKTP.KD.ZG?locations=VN,CC-BY-4.0,A-003.xlsx,1.1_observation(측정값),49,
A-003,"GDP[현재가, PPP, 성장률, 1인당]",observation,v124-a-003-obs-00047,A-003_gdp_growth_rate,VNM,1990,1990,1990,,,,5.10091813908369,%,,,,,,[총액] World Bank 「NY.GDP.MKTP.KD.ZG」 기준. 불변가격 기준 연간 %. 38대 기후기술을 특정하지 않는 배경·여건 지표이므로 매핑하지 않음(tech_ids=해당없음).,World Bank,https://data.worldbank.org/indicator/NY.GDP.MKTP.KD.ZG?locations=VN,CC-BY-4.0,A-003.xlsx,1.1_observation(측정값),50,
A-003,"GDP[현재가, PPP, 성장률, 1인당]",observation,v124-a-003-obs-00048,A-003_gdp_growth_rate,VNM,1991,1991,1991,,,,5.96084393218912,%,,,,,,[총액] World Bank 「NY.GDP.MKTP.KD.ZG」 기준. 불변가격 기준 연간 %. 38대 기후기술을 특정하지 않는 배경·여건 지표이므로 매핑하지 않음(tech_ids=해당없음).,World Bank,https://data.worldbank.org/indicator/NY.GDP.MKTP.KD.ZG?locations=VN,CC-BY-4.0,A-003.xlsx,1.1_observation(측정값),51,
A-003,"GDP[현재가, PPP, 성장률, 1인당]",observation,v124-a-003-obs-00049,A-003_gdp_growth_rate,VNM,1992,1992,1992,,,,8.64604745934572,%,,,,,,[총액] World Bank 「NY.GDP.MKTP.KD.ZG」 기준. 불변가격 기준 연간 %. 38대 기후기술을 특정하지 않는 배경·여건 지표이므로 매핑하지 않음(tech_ids=해당없음).,World Bank,https://data.worldbank.org/indicator/NY.GDP.MKTP.KD.ZG?locations=VN,CC-BY-4.0,A-003.xlsx,1.1_observation(측정값),52,
A-003,"GDP[현재가, PPP, 성장률, 1인당]",observation,v124-a-003-obs-00050,A-003_gdp_growth_rate,VNM,1993,1993,1993,,,,8.07273065739605,%,,,,,,[총액] World Bank 「NY.GDP.MKTP.KD.ZG」 기준. 불변가격 기준 연간 %. 38대 기후기술을 특정하지 않는 배경·여건 지표이므로 매핑하지 않음(tech_ids=해당없음).,World Bank,https://data.worldbank.org/indicator/NY.GDP.MKTP.KD.ZG?locations=VN,CC-BY-4.0,A-003.xlsx,1.1_observation(측정값),53,
A-003,"GDP[현재가, PPP, 성장률, 1인당]",observation,v124-a-003-obs-00051,A-003_gdp_growth_rate,VNM,1994,1994,1994,,,,8.83898095245374,%,,,,,,[총액] World Bank 「NY.GDP.MKTP.KD.ZG」 기준. 불변가격 기준 연간 %. 38대 기후기술을 특정하지 않는 배경·여건 지표이므로 매핑하지 않음(tech_ids=해당없음).,World Bank,https://data.worldbank.org/indicator/NY.GDP.MKTP.KD.ZG?locations=VN,CC-BY-4.0,A-003.xlsx,1.1_observation(측정값),54,
A-003,"GDP[현재가, PPP, 성장률, 1인당]",observation,v124-a-003-obs-00052,A-003_gdp_growth_rate,VNM,1995,1995,1995,,,,9.54048017491264,%,,,,,,[총액] World Bank 「NY.GDP.MKTP.KD.ZG」 기준. 불변가격 기준 연간 %. 38대 기후기술을 특정하지 않는 배경·여건 지표이므로 매핑하지 않음(tech_ids=해당없음).,World Bank,https://data.worldbank.org/indicator/NY.GDP.MKTP.KD.ZG?locations=VN,CC-BY-4.0,A-003.xlsx,1.1_observation(측정값),55,
A-003,"GDP[현재가, PPP, 성장률, 1인당]",observation,v124-a-003-obs-00053,A-003_gdp_growth_rate,VNM,1996,1996,1996,,,,9.34001749939179,%,,,,,,[총액] World Bank 「NY.GDP.MKTP.KD.ZG」 기준. 불변가격 기준 연간 %. 38대 기후기술을 특정하지 않는 배경·여건 지표이므로 매핑하지 않음(tech_ids=해당없음).,World Bank,https://data.worldbank.org/indicator/NY.GDP.MKTP.KD.ZG?locations=VN,CC-BY-4.0,A-003.xlsx,1.1_observation(측정값),56,
A-003,"GDP[현재가, PPP, 성장률, 1인당]",observation,v124-a-003-obs-00054,A-003_gdp_growth_rate,VNM,1997,1997,1997,,,,8.1520841433542,%,,,,,,[총액] World Bank 「NY.GDP.MKTP.KD.ZG」 기준. 불변가격 기준 연간 %. 38대 기후기술을 특정하지 않는 배경·여건 지표이므로 매핑하지 않음(tech_ids=해당없음).,World Bank,https://data.worldbank.org/indicator/NY.GDP.MKTP.KD.ZG?locations=VN,CC-BY-4.0,A-003.xlsx,1.1_observation(측정값),57,
A-003,"GDP[현재가, PPP, 성장률, 1인당]",observation,v124-a-003-obs-00055,A-003_gdp_growth_rate,VNM,1998,1998,1998,,,,5.76445545848843,%,,,,,,[총액] World Bank 「NY.GDP.MKTP.KD.ZG」 기준. 불변가격 기준 연간 %. 38대 기후기술을 특정하지 않는 배경·여건 지표이므로 매핑하지 않음(tech_ids=해당없음).,World Bank,https://data.worldbank.org/indicator/NY.GDP.MKTP.KD.ZG?locations=VN,CC-BY-4.0,A-003.xlsx,1.1_observation(측정값),58,
A-003,"GDP[현재가, PPP, 성장률, 1인당]",observation,v124-a-003-obs-00056,A-003_gdp_growth_rate,VNM,1999,1999,1999,,,,4.77358688344989,%,,,,,,[총액] World Bank 「NY.GDP.MKTP.KD.ZG」 기준. 불변가격 기준 연간 %. 38대 기후기술을 특정하지 않는 배경·여건 지표이므로 매핑하지 않음(tech_ids=해당없음).,World Bank,https://data.worldbank.org/indicator/NY.GDP.MKTP.KD.ZG?locations=VN,CC-BY-4.0,A-003.xlsx,1.1_observation(측정값),59,
A-003,"GDP[현재가, PPP, 성장률, 1인당]",observation,v124-a-003-obs-00057,A-003_gdp_growth_rate,VNM,2000,2000,2000,,,,6.78731640463151,%,,,,,,[총액] World Bank 「NY.GDP.MKTP.KD.ZG」 기준. 불변가격 기준 연간 %. 38대 기후기술을 특정하지 않는 배경·여건 지표이므로 매핑하지 않음(tech_ids=해당없음).,World Bank,https://data.worldbank.org/indicator/NY.GDP.MKTP.KD.ZG?locations=VN,CC-BY-4.0,A-003.xlsx,1.1_observation(측정값),60,
A-003,"GDP[현재가, PPP, 성장률, 1인당]",observation,v124-a-003-obs-00058,A-003_gdp_growth_rate,VNM,2001,2001,2001,,,,6.19289331233377,%,,,,,,[총액] World Bank 「NY.GDP.MKTP.KD.ZG」 기준. 불변가격 기준 연간 %. 38대 기후기술을 특정하지 않는 배경·여건 지표이므로 매핑하지 않음(tech_ids=해당없음).,World Bank,https://data.worldbank.org/indicator/NY.GDP.MKTP.KD.ZG?locations=VN,CC-BY-4.0,A-003.xlsx,1.1_observation(측정값),61,
A-003,"GDP[현재가, PPP, 성장률, 1인당]",observation,v124-a-003-obs-00059,A-003_gdp_growth_rate,VNM,2002,2002,2002,,,,6.32082099160833,%,,,,,,[총액] World Bank 「NY.GDP.MKTP.KD.ZG」 기준. 불변가격 기준 연간 %. 38대 기후기술을 특정하지 않는 배경·여건 지표이므로 매핑하지 않음(tech_ids=해당없음).,World Bank,https://data.worldbank.org/indicator/NY.GDP.MKTP.KD.ZG?locations=VN,CC-BY-4.0,A-003.xlsx,1.1_observation(측정값),62,
A-003,"GDP[현재가, PPP, 성장률, 1인당]",observation,v124-a-003-obs-00060,A-003_gdp_growth_rate,VNM,2003,2003,2003,,,,6.89906349055258,%,,,,,,[총액] World Bank 「NY.GDP.MKTP.KD.ZG」 기준. 불변가격 기준 연간 %. 38대 기후기술을 특정하지 않는 배경·여건 지표이므로 매핑하지 않음(tech_ids=해당없음).,World Bank,https://data.worldbank.org/indicator/NY.GDP.MKTP.KD.ZG?locations=VN,CC-BY-4.0,A-003.xlsx,1.1_observation(측정값),63,
A-003,"GDP[현재가, PPP, 성장률, 1인당]",observation,v124-a-003-obs-00061,A-003_gdp_growth_rate,VNM,2004,2004,2004,,,,7.53641060890386,%,,,,,,[총액] World Bank 「NY.GDP.MKTP.KD.ZG」 기준. 불변가격 기준 연간 %. 38대 기후기술을 특정하지 않는 배경·여건 지표이므로 매핑하지 않음(tech_ids=해당없음).,World Bank,https://data.worldbank.org/indicator/NY.GDP.MKTP.KD.ZG?locations=VN,CC-BY-4.0,A-003.xlsx,1.1_observation(측정값),64,
A-003,"GDP[현재가, PPP, 성장률, 1인당]",observation,v124-a-003-obs-00062,A-003_gdp_growth_rate,VNM,2005,2005,2005,,,,7.54724772895918,%,,,,,,[총액] World Bank 「NY.GDP.MKTP.KD.ZG」 기준. 불변가격 기준 연간 %. 38대 기후기술을 특정하지 않는 배경·여건 지표이므로 매핑하지 않음(tech_ids=해당없음).,World Bank,https://data.worldbank.org/indicator/NY.GDP.MKTP.KD.ZG?locations=VN,CC-BY-4.0,A-003.xlsx,1.1_observation(측정값),65,
A-003,"GDP[현재가, PPP, 성장률, 1인당]",observation,v124-a-003-obs-00063,A-003_gdp_growth_rate,VNM,2006,2006,2006,,,,6.97795481056711,%,,,,,,[총액] World Bank 「NY.GDP.MKTP.KD.ZG」 기준. 불변가격 기준 연간 %. 38대 기후기술을 특정하지 않는 배경·여건 지표이므로 매핑하지 않음(tech_ids=해당없음).,World Bank,https://data.worldbank.org/indicator/NY.GDP.MKTP.KD.ZG?locations=VN,CC-BY-4.0,A-003.xlsx,1.1_observation(측정값),66,
A-003,"GDP[현재가, PPP, 성장률, 1인당]",observation,v124-a-003-obs-00064,A-003_gdp_growth_rate,VNM,2007,2007,2007,,,,7.12950448605439,%,,,,,,[총액] World Bank 「NY.GDP.MKTP.KD.ZG」 기준. 불변가격 기준 연간 %. 38대 기후기술을 특정하지 않는 배경·여건 지표이므로 매핑하지 않음(tech_ids=해당없음).,World Bank,https://data.worldbank.org/indicator/NY.GDP.MKTP.KD.ZG?locations=VN,CC-BY-4.0,A-003.xlsx,1.1_observation(측정값),67,
A-003,"GDP[현재가, PPP, 성장률, 1인당]",observation,v124-a-003-obs-00065,A-003_gdp_growth_rate,VNM,2008,2008,2008,,,,5.66177120891362,%,,,,,,[총액] World Bank 「NY.GDP.MKTP.KD.ZG」 기준. 불변가격 기준 연간 %. 38대 기후기술을 특정하지 않는 배경·여건 지표이므로 매핑하지 않음(tech_ids=해당없음).,World Bank,https://data.worldbank.org/indicator/NY.GDP.MKTP.KD.ZG?locations=VN,CC-BY-4.0,A-003.xlsx,1.1_observation(측정값),68,
A-003,"GDP[현재가, PPP, 성장률, 1인당]",observation,v124-a-003-obs-00066,A-003_gdp_growth_rate,VNM,2009,2009,2009,,,,5.39789754014181,%,,,,,,[총액] World Bank 「NY.GDP.MKTP.KD.ZG」 기준. 불변가격 기준 연간 %. 38대 기후기술을 특정하지 않는 배경·여건 지표이므로 매핑하지 않음(tech_ids=해당없음).,World Bank,https://data.worldbank.org/indicator/NY.GDP.MKTP.KD.ZG?locations=VN,CC-BY-4.0,A-003.xlsx,1.1_observation(측정값),69,
A-003,"GDP[현재가, PPP, 성장률, 1인당]",observation,v124-a-003-obs-00067,A-003_gdp_growth_rate,VNM,2010,2010,2010,,,,6.42324482239482,%,,,,,,[총액] World Bank 「NY.GDP.MKTP.KD.ZG」 기준. 불변가격 기준 연간 %. 38대 기후기술을 특정하지 않는 배경·여건 지표이므로 매핑하지 않음(tech_ids=해당없음).,World Bank,https://data.worldbank.org/indicator/NY.GDP.MKTP.KD.ZG?locations=VN,CC-BY-4.0,A-003.xlsx,1.1_observation(측정값),70,
A-003,"GDP[현재가, PPP, 성장률, 1인당]",observation,v124-a-003-obs-00068,A-003_gdp_growth_rate,VNM,2011,2011,2011,,,,6.41316889681683,%,,,,,,[총액] World Bank 「NY.GDP.MKTP.KD.ZG」 기준. 불변가격 기준 연간 %. 38대 기후기술을 특정하지 않는 배경·여건 지표이므로 매핑하지 않음(tech_ids=해당없음).,World Bank,https://data.worldbank.org/indicator/NY.GDP.MKTP.KD.ZG?locations=VN,CC-BY-4.0,A-003.xlsx,1.1_observation(측정값),71,
A-003,"GDP[현재가, PPP, 성장률, 1인당]",observation,v124-a-003-obs-00069,A-003_gdp_growth_rate,VNM,2012,2012,2012,,,,5.5045447041189,%,,,,,,[총액] World Bank 「NY.GDP.MKTP.KD.ZG」 기준. 불변가격 기준 연간 %. 38대 기후기술을 특정하지 않는 배경·여건 지표이므로 매핑하지 않음(tech_ids=해당없음).,World Bank,https://data.worldbank.org/indicator/NY.GDP.MKTP.KD.ZG?locations=VN,CC-BY-4.0,A-003.xlsx,1.1_observation(측정값),72,
A-003,"GDP[현재가, PPP, 성장률, 1인당]",observation,v124-a-003-obs-00070,A-003_gdp_growth_rate,VNM,2013,2013,2013,,,,5.55351081026072,%,,,,,,[총액] World Bank 「NY.GDP.MKTP.KD.ZG」 기준. 불변가격 기준 연간 %. 38대 기후기술을 특정하지 않는 배경·여건 지표이므로 매핑하지 않음(tech_ids=해당없음).,World Bank,https://data.worldbank.org/indicator/NY.GDP.MKTP.KD.ZG?locations=VN,CC-BY-4.0,A-003.xlsx,1.1_observation(측정값),73,
A-003,"GDP[현재가, PPP, 성장률, 1인당]",observation,v124-a-003-obs-00071,A-003_gdp_growth_rate,VNM,2014,2014,2014,,,,6.42224312118567,%,,,,,,[총액] World Bank 「NY.GDP.MKTP.KD.ZG」 기준. 불변가격 기준 연간 %. 38대 기후기술을 특정하지 않는 배경·여건 지표이므로 매핑하지 않음(tech_ids=해당없음).,World Bank,https://data.worldbank.org/indicator/NY.GDP.MKTP.KD.ZG?locations=VN,CC-BY-4.0,A-003.xlsx,1.1_observation(측정값),74,
A-003,"GDP[현재가, PPP, 성장률, 1인당]",observation,v124-a-003-obs-00072,A-003_gdp_growth_rate,VNM,2015,2015,2015,,,,6.98715430598611,%,,,,,,[총액] World Bank 「NY.GDP.MKTP.KD.ZG」 기준. 불변가격 기준 연간 %. 38대 기후기술을 특정하지 않는 배경·여건 지표이므로 매핑하지 않음(tech_ids=해당없음).,World Bank,https://data.worldbank.org/indicator/NY.GDP.MKTP.KD.ZG?locations=VN,CC-BY-4.0,A-003.xlsx,1.1_observation(측정값),75,
A-003,"GDP[현재가, PPP, 성장률, 1인당]",observation,v124-a-003-obs-00073,A-003_gdp_growth_rate,VNM,2016,2016,2016,,,,6.69000892660424,%,,,,,,[총액] World Bank 「NY.GDP.MKTP.KD.ZG」 기준. 불변가격 기준 연간 %. 38대 기후기술을 특정하지 않는 배경·여건 지표이므로 매핑하지 않음(tech_ids=해당없음).,World Bank,https://data.worldbank.org/indicator/NY.GDP.MKTP.KD.ZG?locations=VN,CC-BY-4.0,A-003.xlsx,1.1_observation(측정값),76,
A-003,"GDP[현재가, PPP, 성장률, 1인당]",observation,v124-a-003-obs-00074,A-003_gdp_growth_rate,VNM,2017,2017,2017,,,,6.94019037359206,%,,,,,,[총액] World Bank 「NY.GDP.MKTP.KD.ZG」 기준. 불변가격 기준 연간 %. 38대 기후기술을 특정하지 않는 배경·여건 지표이므로 매핑하지 않음(tech_ids=해당없음).,World Bank,https://data.worldbank.org/indicator/NY.GDP.MKTP.KD.ZG?locations=VN,CC-BY-4.0,A-003.xlsx,1.1_observation(측정값),77,
A-003,"GDP[현재가, PPP, 성장률, 1인당]",observation,v124-a-003-obs-00075,A-003_gdp_growth_rate,VNM,2018,2018,2018,,,,7.46500685572751,%,,,,,,[총액] World Bank 「NY.GDP.MKTP.KD.ZG」 기준. 불변가격 기준 연간 %. 38대 기후기술을 특정하지 않는 배경·여건 지표이므로 매핑하지 않음(tech_ids=해당없음).,World Bank,https://data.worldbank.org/indicator/NY.GDP.MKTP.KD.ZG?locations=VN,CC-BY-4.0,A-003.xlsx,1.1_observation(측정값),78,
A-003,"GDP[현재가, PPP, 성장률, 1인당]",observation,v124-a-003-obs-00076,A-003_gdp_growth_rate,VNM,2019,2019,2019,,,,7.35926270105006,%,,,,,,[총액] World Bank 「NY.GDP.MKTP.KD.ZG」 기준. 불변가격 기준 연간 %. 38대 기후기술을 특정하지 않는 배경·여건 지표이므로 매핑하지 않음(tech_ids=해당없음).,World Bank,https://data.worldbank.org/indicator/NY.GDP.MKTP.KD.ZG?locations=VN,CC-BY-4.0,A-003.xlsx,1.1_observation(측정값),79,
A-003,"GDP[현재가, PPP, 성장률, 1인당]",observation,v124-a-003-obs-00077,A-003_gdp_growth_rate,VNM,2020,2020,2020,,,,2.86541320912272,%,,,,,,[총액] World Bank 「NY.GDP.MKTP.KD.ZG」 기준. 불변가격 기준 연간 %. 38대 기후기술을 특정하지 않는 배경·여건 지표이므로 매핑하지 않음(tech_ids=해당없음).,World Bank,https://data.worldbank.org/indicator/NY.GDP.MKTP.KD.ZG?locations=VN,CC-BY-4.0,A-003.xlsx,1.1_observation(측정값),80,
A-003,"GDP[현재가, PPP, 성장률, 1인당]",observation,v124-a-003-obs-00078,A-003_gdp_growth_rate,VNM,2021,2021,2021,,,,2.55372852648131,%,,,,,,[총액] World Bank 「NY.GDP.MKTP.KD.ZG」 기준. 불변가격 기준 연간 %. 38대 기후기술을 특정하지 않는 배경·여건 지표이므로 매핑하지 않음(tech_ids=해당없음).,World Bank,https://data.worldbank.org/indicator/NY.GDP.MKTP.KD.ZG?locations=VN,CC-BY-4.0,A-003.xlsx,1.1_observation(측정값),81,
A-003,"GDP[현재가, PPP, 성장률, 1인당]",observation,v124-a-003-obs-00079,A-003_gdp_growth_rate,VNM,2022,2022,2022,,,,8.53750041218142,%,,,,,,[총액] World Bank 「NY.GDP.MKTP.KD.ZG」 기준. 불변가격 기준 연간 %. 38대 기후기술을 특정하지 않는 배경·여건 지표이므로 매핑하지 않음(tech_ids=해당없음).,World Bank,https://data.worldbank.org/indicator/NY.GDP.MKTP.KD.ZG?locations=VN,CC-BY-4.0,A-003.xlsx,1.1_observation(측정값),82,
A-003,"GDP[현재가, PPP, 성장률, 1인당]",observation,v124-a-003-obs-00080,A-003_gdp_growth_rate,VNM,2023,2023,2023,,,,4.97865959483225,%,,,,,,[총액] World Bank 「NY.GDP.MKTP.KD.ZG」 기준. 불변가격 기준 연간 %. 38대 기후기술을 특정하지 않는 배경·여건 지표이므로 매핑하지 않음(tech_ids=해당없음).,World Bank,https://data.worldbank.org/indicator/NY.GDP.MKTP.KD.ZG?locations=VN,CC-BY-4.0,A-003.xlsx,1.1_observation(측정값),83,
A-003,"GDP[현재가, PPP, 성장률, 1인당]",observation,v124-a-003-obs-00081,A-003_gdp_growth_rate,VNM,2024,2024,2024,,,,7.03955197123018,%,,,,,,[총액] World Bank 「NY.GDP.MKTP.KD.ZG」 기준. 불변가격 기준 연간 %. 38대 기후기술을 특정하지 않는 배경·여건 지표이므로 매핑하지 않음(tech_ids=해당없음).,World Bank,https://data.worldbank.org/indicator/NY.GDP.MKTP.KD.ZG?locations=VN,CC-BY-4.0,A-003.xlsx,1.1_observation(측정값),84,
A-003,"GDP[현재가, PPP, 성장률, 1인당]",observation,v124-a-003-obs-00082,A-003_gdp_growth_rate,VNM,2025,2025,2025,,,,8.01882998978245,%,,,,,,[총액] World Bank 「NY.GDP.MKTP.KD.ZG」 기준. 불변가격 기준 연간 %. 38대 기후기술을 특정하지 않는 배경·여건 지표이므로 매핑하지 않음(tech_ids=해당없음).,World Bank,https://data.worldbank.org/indicator/NY.GDP.MKTP.KD.ZG?locations=VN,CC-BY-4.0,A-003.xlsx,1.1_observation(측정값),85,
A-003,"GDP[현재가, PPP, 성장률, 1인당]",observation,v124-a-003-obs-00083,A-003_gdp_per_capita_current_usd,VNM,1985,1985,1985,,,,238.647805313403,USD,,,,,,[명목] World Bank 「NY.GDP.PCAP.CD」 기준. current US$. 38대 기후기술을 특정하지 않는 배경·여건 지표이므로 매핑하지 않음(tech_ids=해당없음).,World Bank,https://data.worldbank.org/indicator/NY.GDP.PCAP.CD?locations=VN,CC-BY-4.0,A-003.xlsx,1.1_observation(측정값),158,
A-003,"GDP[현재가, PPP, 성장률, 1인당]",observation,v124-a-003-obs-00084,A-003_gdp_per_capita_current_usd,VNM,1986,1986,1986,,,,436.4192967722245,USD,,,,,,[명목] World Bank 「NY.GDP.PCAP.CD」 기준. current US$. 38대 기후기술을 특정하지 않는 배경·여건 지표이므로 매핑하지 않음(tech_ids=해당없음).,World Bank,https://data.worldbank.org/indicator/NY.GDP.PCAP.CD?locations=VN,CC-BY-4.0,A-003.xlsx,1.1_observation(측정값),159,
A-003,"GDP[현재가, PPP, 성장률, 1인당]",observation,v124-a-003-obs-00085,A-003_gdp_per_capita_current_usd,VNM,1987,1987,1987,,,,595.247488701606,USD,,,,,,[명목] World Bank 「NY.GDP.PCAP.CD」 기준. current US$. 38대 기후기술을 특정하지 않는 배경·여건 지표이므로 매핑하지 않음(tech_ids=해당없음).,World Bank,https://data.worldbank.org/indicator/NY.GDP.PCAP.CD?locations=VN,CC-BY-4.0,A-003.xlsx,1.1_observation(측정값),160,
A-003,"GDP[현재가, PPP, 성장률, 1인당]",observation,v124-a-003-obs-00086,A-003_gdp_per_capita_current_usd,VNM,1988,1988,1988,,,,404.5593050788878,USD,,,,,,[명목] World Bank 「NY.GDP.PCAP.CD」 기준. current US$. 38대 기후기술을 특정하지 않는 배경·여건 지표이므로 매핑하지 않음(tech_ids=해당없음).,World Bank,https://data.worldbank.org/indicator/NY.GDP.PCAP.CD?locations=VN,CC-BY-4.0,A-003.xlsx,1.1_observation(측정값),161,
A-003,"GDP[현재가, PPP, 성장률, 1인당]",observation,v124-a-003-obs-00087,A-003_gdp_per_capita_current_usd,VNM,1989,1989,1989,,,,98.10701721595765,USD,,,,,,[명목] World Bank 「NY.GDP.PCAP.CD」 기준. current US$. 38대 기후기술을 특정하지 않는 배경·여건 지표이므로 매핑하지 않음(tech_ids=해당없음).,World Bank,https://data.worldbank.org/indicator/NY.GDP.PCAP.CD?locations=VN,CC-BY-4.0,A-003.xlsx,1.1_observation(측정값),162,
A-003,"GDP[현재가, PPP, 성장률, 1인당]",observation,v124-a-003-obs-00088,A-003_gdp_per_capita_current_usd,VNM,1990,1990,1990,,,,98.79833703114006,USD,,,,,,[명목] World Bank 「NY.GDP.PCAP.CD」 기준. current US$. 38대 기후기술을 특정하지 않는 배경·여건 지표이므로 매핑하지 않음(tech_ids=해당없음).,World Bank,https://data.worldbank.org/indicator/NY.GDP.PCAP.CD?locations=VN,CC-BY-4.0,A-003.xlsx,1.1_observation(측정값),163,
A-003,"GDP[현재가, PPP, 성장률, 1인당]",observation,v124-a-003-obs-00089,A-003_gdp_per_capita_current_usd,VNM,1991,1991,1991,,,,143.7152702319358,USD,,,,,,[명목] World Bank 「NY.GDP.PCAP.CD」 기준. current US$. 38대 기후기술을 특정하지 않는 배경·여건 지표이므로 매핑하지 않음(tech_ids=해당없음).,World Bank,https://data.worldbank.org/indicator/NY.GDP.PCAP.CD?locations=VN,CC-BY-4.0,A-003.xlsx,1.1_observation(측정값),164,
A-003,"GDP[현재가, PPP, 성장률, 1인당]",observation,v124-a-003-obs-00090,A-003_gdp_per_capita_current_usd,VNM,1992,1992,1992,,,,144.5493923716766,USD,,,,,,[명목] World Bank 「NY.GDP.PCAP.CD」 기준. current US$. 38대 기후기술을 특정하지 않는 배경·여건 지표이므로 매핑하지 않음(tech_ids=해당없음).,World Bank,https://data.worldbank.org/indicator/NY.GDP.PCAP.CD?locations=VN,CC-BY-4.0,A-003.xlsx,1.1_observation(측정값),165,
A-003,"GDP[현재가, PPP, 성장률, 1인당]",observation,v124-a-003-obs-00091,A-003_gdp_per_capita_current_usd,VNM,1993,1993,1993,,,,189.4185735843322,USD,,,,,,[명목] World Bank 「NY.GDP.PCAP.CD」 기준. current US$. 38대 기후기술을 특정하지 않는 배경·여건 지표이므로 매핑하지 않음(tech_ids=해당없음).,World Bank,https://data.worldbank.org/indicator/NY.GDP.PCAP.CD?locations=VN,CC-BY-4.0,A-003.xlsx,1.1_observation(측정값),166,
A-003,"GDP[현재가, PPP, 성장률, 1인당]",observation,v124-a-003-obs-00092,A-003_gdp_per_capita_current_usd,VNM,1994,1994,1994,,,,229.8577872657568,USD,,,,,,[명목] World Bank 「NY.GDP.PCAP.CD」 기준. current US$. 38대 기후기술을 특정하지 않는 배경·여건 지표이므로 매핑하지 않음(tech_ids=해당없음).,World Bank,https://data.worldbank.org/indicator/NY.GDP.PCAP.CD?locations=VN,CC-BY-4.0,A-003.xlsx,1.1_observation(측정값),167,
A-003,"GDP[현재가, PPP, 성장률, 1인당]",observation,v124-a-003-obs-00093,A-003_gdp_per_capita_current_usd,VNM,1995,1995,1995,,,,287.802661028593,USD,,,,,,[명목] World Bank 「NY.GDP.PCAP.CD」 기준. current US$. 38대 기후기술을 특정하지 않는 배경·여건 지표이므로 매핑하지 않음(tech_ids=해당없음).,World Bank,https://data.worldbank.org/indicator/NY.GDP.PCAP.CD?locations=VN,CC-BY-4.0,A-003.xlsx,1.1_observation(측정값),168,
A-003,"GDP[현재가, PPP, 성장률, 1인당]",observation,v124-a-003-obs-00094,A-003_gdp_per_capita_current_usd,VNM,1996,1996,1996,,,,337.0512317902771,USD,,,,,,[명목] World Bank 「NY.GDP.PCAP.CD」 기준. current US$. 38대 기후기술을 특정하지 않는 배경·여건 지표이므로 매핑하지 않음(tech_ids=해당없음).,World Bank,https://data.worldbank.org/indicator/NY.GDP.PCAP.CD?locations=VN,CC-BY-4.0,A-003.xlsx,1.1_observation(측정값),169,
A-003,"GDP[현재가, PPP, 성장률, 1인당]",observation,v124-a-003-obs-00095,A-003_gdp_per_capita_current_usd,VNM,1997,1997,1997,,,,361.6438840855664,USD,,,,,,[명목] World Bank 「NY.GDP.PCAP.CD」 기준. current US$. 38대 기후기술을 특정하지 않는 배경·여건 지표이므로 매핑하지 않음(tech_ids=해당없음).,World Bank,https://data.worldbank.org/indicator/NY.GDP.PCAP.CD?locations=VN,CC-BY-4.0,A-003.xlsx,1.1_observation(측정값),170,
A-003,"GDP[현재가, PPP, 성장률, 1인당]",observation,v124-a-003-obs-00096,A-003_gdp_per_capita_current_usd,VNM,1998,1998,1998,,,,361.3509284111671,USD,,,,,,[명목] World Bank 「NY.GDP.PCAP.CD」 기준. current US$. 38대 기후기술을 특정하지 않는 배경·여건 지표이므로 매핑하지 않음(tech_ids=해당없음).,World Bank,https://data.worldbank.org/indicator/NY.GDP.PCAP.CD?locations=VN,CC-BY-4.0,A-003.xlsx,1.1_observation(측정값),171,
A-003,"GDP[현재가, PPP, 성장률, 1인당]",observation,v124-a-003-obs-00097,A-003_gdp_per_capita_current_usd,VNM,1999,1999,1999,,,,375.9944559004962,USD,,,,,,[명목] World Bank 「NY.GDP.PCAP.CD」 기준. current US$. 38대 기후기술을 특정하지 않는 배경·여건 지표이므로 매핑하지 않음(tech_ids=해당없음).,World Bank,https://data.worldbank.org/indicator/NY.GDP.PCAP.CD?locations=VN,CC-BY-4.0,A-003.xlsx,1.1_observation(측정값),172,
A-003,"GDP[현재가, PPP, 성장률, 1인당]",observation,v124-a-003-obs-00098,A-003_gdp_per_capita_current_usd,VNM,2000,2000,2000,,,,404.0297840551183,USD,,,,,,[명목] World Bank 「NY.GDP.PCAP.CD」 기준. current US$. 38대 기후기술을 특정하지 않는 배경·여건 지표이므로 매핑하지 않음(tech_ids=해당없음).,World Bank,https://data.worldbank.org/indicator/NY.GDP.PCAP.CD?locations=VN,CC-BY-4.0,A-003.xlsx,1.1_observation(측정값),173,
A-003,"GDP[현재가, PPP, 성장률, 1인당]",observation,v124-a-003-obs-00099,A-003_gdp_per_capita_current_usd,VNM,2001,2001,2001,,,,419.2056775809007,USD,,,,,,[명목] World Bank 「NY.GDP.PCAP.CD」 기준. current US$. 38대 기후기술을 특정하지 않는 배경·여건 지표이므로 매핑하지 않음(tech_ids=해당없음).,World Bank,https://data.worldbank.org/indicator/NY.GDP.PCAP.CD?locations=VN,CC-BY-4.0,A-003.xlsx,1.1_observation(측정값),174,
A-003,"GDP[현재가, PPP, 성장률, 1인당]",observation,v124-a-003-obs-00100,A-003_gdp_per_capita_current_usd,VNM,2002,2002,2002,,,,445.1328618173133,USD,,,,,,[명목] World Bank 「NY.GDP.PCAP.CD」 기준. current US$. 38대 기후기술을 특정하지 않는 배경·여건 지표이므로 매핑하지 않음(tech_ids=해당없음).,World Bank,https://data.worldbank.org/indicator/NY.GDP.PCAP.CD?locations=VN,CC-BY-4.0,A-003.xlsx,1.1_observation(측정값),175,
A-003,"GDP[현재가, PPP, 성장률, 1인당]",observation,v124-a-003-obs-00101,A-003_gdp_per_capita_current_usd,VNM,2003,2003,2003,,,,497.1170892492557,USD,,,,,,[명목] World Bank 「NY.GDP.PCAP.CD」 기준. current US$. 38대 기후기술을 특정하지 않는 배경·여건 지표이므로 매핑하지 않음(tech_ids=해당없음).,World Bank,https://data.worldbank.org/indicator/NY.GDP.PCAP.CD?locations=VN,CC-BY-4.0,A-003.xlsx,1.1_observation(측정값),176,
A-003,"GDP[현재가, PPP, 성장률, 1인당]",observation,v124-a-003-obs-00102,A-003_gdp_per_capita_current_usd,VNM,2004,2004,2004,,,,565.452284586212,USD,,,,,,[명목] World Bank 「NY.GDP.PCAP.CD」 기준. current US$. 38대 기후기술을 특정하지 않는 배경·여건 지표이므로 매핑하지 않음(tech_ids=해당없음).,World Bank,https://data.worldbank.org/indicator/NY.GDP.PCAP.CD?locations=VN,CC-BY-4.0,A-003.xlsx,1.1_observation(측정값),177,
A-003,"GDP[현재가, PPP, 성장률, 1인당]",observation,v124-a-003-obs-00103,A-003_gdp_per_capita_current_usd,VNM,2005,2005,2005,,,,710.7467599948609,USD,,,,,,[명목] World Bank 「NY.GDP.PCAP.CD」 기준. current US$. 38대 기후기술을 특정하지 않는 배경·여건 지표이므로 매핑하지 않음(tech_ids=해당없음).,World Bank,https://data.worldbank.org/indicator/NY.GDP.PCAP.CD?locations=VN,CC-BY-4.0,A-003.xlsx,1.1_observation(측정값),178,
A-003,"GDP[현재가, PPP, 성장률, 1인당]",observation,v124-a-003-obs-00104,A-003_gdp_per_capita_current_usd,VNM,2006,2006,2006,,,,807.7566451170537,USD,,,,,,[명목] World Bank 「NY.GDP.PCAP.CD」 기준. current US$. 38대 기후기술을 특정하지 않는 배경·여건 지표이므로 매핑하지 않음(tech_ids=해당없음).,World Bank,https://data.worldbank.org/indicator/NY.GDP.PCAP.CD?locations=VN,CC-BY-4.0,A-003.xlsx,1.1_observation(측정값),179,
A-003,"GDP[현재가, PPP, 성장률, 1인당]",observation,v124-a-003-obs-00105,A-003_gdp_per_capita_current_usd,VNM,2007,2007,2007,,,,925.6403383487174,USD,,,,,,[명목] World Bank 「NY.GDP.PCAP.CD」 기준. current US$. 38대 기후기술을 특정하지 않는 배경·여건 지표이므로 매핑하지 않음(tech_ids=해당없음).,World Bank,https://data.worldbank.org/indicator/NY.GDP.PCAP.CD?locations=VN,CC-BY-4.0,A-003.xlsx,1.1_observation(측정값),180,
A-003,"GDP[현재가, PPP, 성장률, 1인당]",observation,v124-a-003-obs-00106,A-003_gdp_per_capita_current_usd,VNM,2008,2008,2008,,,,1163.831957728732,USD,,,,,,[명목] World Bank 「NY.GDP.PCAP.CD」 기준. current US$. 38대 기후기술을 특정하지 않는 배경·여건 지표이므로 매핑하지 않음(tech_ids=해당없음).,World Bank,https://data.worldbank.org/indicator/NY.GDP.PCAP.CD?locations=VN,CC-BY-4.0,A-003.xlsx,1.1_observation(측정값),181,
A-003,"GDP[현재가, PPP, 성장률, 1인당]",observation,v124-a-003-obs-00107,A-003_gdp_per_capita_current_usd,VNM,2009,2009,2009,,,,1226.169760515362,USD,,,,,,[명목] World Bank 「NY.GDP.PCAP.CD」 기준. current US$. 38대 기후기술을 특정하지 않는 배경·여건 지표이므로 매핑하지 않음(tech_ids=해당없음).,World Bank,https://data.worldbank.org/indicator/NY.GDP.PCAP.CD?locations=VN,CC-BY-4.0,A-003.xlsx,1.1_observation(측정값),182,
A-003,"GDP[현재가, PPP, 성장률, 1인당]",observation,v124-a-003-obs-00108,A-003_gdp_per_capita_current_usd,VNM,2010,2010,2010,,,,1683.161824439786,USD,,,,,,[명목] World Bank 「NY.GDP.PCAP.CD」 기준. current US$. 38대 기후기술을 특정하지 않는 배경·여건 지표이므로 매핑하지 않음(tech_ids=해당없음).,World Bank,https://data.worldbank.org/indicator/NY.GDP.PCAP.CD?locations=VN,CC-BY-4.0,A-003.xlsx,1.1_observation(측정값),183,
A-003,"GDP[현재가, PPP, 성장률, 1인당]",observation,v124-a-003-obs-00109,A-003_gdp_per_capita_current_usd,VNM,2011,2011,2011,,,,1950.925041749125,USD,,,,,,[명목] World Bank 「NY.GDP.PCAP.CD」 기준. current US$. 38대 기후기술을 특정하지 않는 배경·여건 지표이므로 매핑하지 않음(tech_ids=해당없음).,World Bank,https://data.worldbank.org/indicator/NY.GDP.PCAP.CD?locations=VN,CC-BY-4.0,A-003.xlsx,1.1_observation(측정값),184,
A-003,"GDP[현재가, PPP, 성장률, 1인당]",observation,v124-a-003-obs-00110,A-003_gdp_per_capita_current_usd,VNM,2012,2012,2012,,,,2185.117676542914,USD,,,,,,[명목] World Bank 「NY.GDP.PCAP.CD」 기준. current US$. 38대 기후기술을 특정하지 않는 배경·여건 지표이므로 매핑하지 않음(tech_ids=해당없음).,World Bank,https://data.worldbank.org/indicator/NY.GDP.PCAP.CD?locations=VN,CC-BY-4.0,A-003.xlsx,1.1_observation(측정값),185,
A-003,"GDP[현재가, PPP, 성장률, 1인당]",observation,v124-a-003-obs-00111,A-003_gdp_per_capita_current_usd,VNM,2013,2013,2013,,,,2359.517364728279,USD,,,,,,[명목] World Bank 「NY.GDP.PCAP.CD」 기준. current US$. 38대 기후기술을 특정하지 않는 배경·여건 지표이므로 매핑하지 않음(tech_ids=해당없음).,World Bank,https://data.worldbank.org/indicator/NY.GDP.PCAP.CD?locations=VN,CC-BY-4.0,A-003.xlsx,1.1_observation(측정값),186,
A-003,"GDP[현재가, PPP, 성장률, 1인당]",observation,v124-a-003-obs-00112,A-003_gdp_per_capita_current_usd,VNM,2014,2014,2014,,,,2546.384644599033,USD,,,,,,[명목] World Bank 「NY.GDP.PCAP.CD」 기준. current US$. 38대 기후기술을 특정하지 않는 배경·여건 지표이므로 매핑하지 않음(tech_ids=해당없음).,World Bank,https://data.worldbank.org/indicator/NY.GDP.PCAP.CD?locations=VN,CC-BY-4.0,A-003.xlsx,1.1_observation(측정값),187,
A-003,"GDP[현재가, PPP, 성장률, 1인당]",observation,v124-a-003-obs-00113,A-003_gdp_per_capita_current_usd,VNM,2015,2015,2015,,,,2577.568853401125,USD,,,,,,[명목] World Bank 「NY.GDP.PCAP.CD」 기준. current US$. 38대 기후기술을 특정하지 않는 배경·여건 지표이므로 매핑하지 않음(tech_ids=해당없음).,World Bank,https://data.worldbank.org/indicator/NY.GDP.PCAP.CD?locations=VN,CC-BY-4.0,A-003.xlsx,1.1_observation(측정값),188,
A-003,"GDP[현재가, PPP, 성장률, 1인당]",observation,v124-a-003-obs-00114,A-003_gdp_per_capita_current_usd,VNM,2016,2016,2016,,,,2735.060438041602,USD,,,,,,[명목] World Bank 「NY.GDP.PCAP.CD」 기준. current US$. 38대 기후기술을 특정하지 않는 배경·여건 지표이므로 매핑하지 않음(tech_ids=해당없음).,World Bank,https://data.worldbank.org/indicator/NY.GDP.PCAP.CD?locations=VN,CC-BY-4.0,A-003.xlsx,1.1_observation(측정값),189,
A-003,"GDP[현재가, PPP, 성장률, 1인당]",observation,v124-a-003-obs-00115,A-003_gdp_per_capita_current_usd,VNM,2017,2017,2017,,,,2956.109921277532,USD,,,,,,[명목] World Bank 「NY.GDP.PCAP.CD」 기준. current US$. 38대 기후기술을 특정하지 않는 배경·여건 지표이므로 매핑하지 않음(tech_ids=해당없음).,World Bank,https://data.worldbank.org/indicator/NY.GDP.PCAP.CD?locations=VN,CC-BY-4.0,A-003.xlsx,1.1_observation(측정값),190,
A-003,"GDP[현재가, PPP, 성장률, 1인당]",observation,v124-a-003-obs-00116,A-003_gdp_per_capita_current_usd,VNM,2018,2018,2018,,,,3222.310031253664,USD,,,,,,[명목] World Bank 「NY.GDP.PCAP.CD」 기준. current US$. 38대 기후기술을 특정하지 않는 배경·여건 지표이므로 매핑하지 않음(tech_ids=해당없음).,World Bank,https://data.worldbank.org/indicator/NY.GDP.PCAP.CD?locations=VN,CC-BY-4.0,A-003.xlsx,1.1_observation(측정값),191,
A-003,"GDP[현재가, PPP, 성장률, 1인당]",observation,v124-a-003-obs-00117,A-003_gdp_per_capita_current_usd,VNM,2019,2019,2019,,,,3440.900253754337,USD,,,,,,[명목] World Bank 「NY.GDP.PCAP.CD」 기준. current US$. 38대 기후기술을 특정하지 않는 배경·여건 지표이므로 매핑하지 않음(tech_ids=해당없음).,World Bank,https://data.worldbank.org/indicator/NY.GDP.PCAP.CD?locations=VN,CC-BY-4.0,A-003.xlsx,1.1_observation(측정값),192,
A-003,"GDP[현재가, PPP, 성장률, 1인당]",observation,v124-a-003-obs-00118,A-003_gdp_per_capita_current_usd,VNM,2020,2020,2020,,,,3534.039534826468,USD,,,,,,[명목] World Bank 「NY.GDP.PCAP.CD」 기준. current US$. 38대 기후기술을 특정하지 않는 배경·여건 지표이므로 매핑하지 않음(tech_ids=해당없음).,World Bank,https://data.worldbank.org/indicator/NY.GDP.PCAP.CD?locations=VN,CC-BY-4.0,A-003.xlsx,1.1_observation(측정값),193,
A-003,"GDP[현재가, PPP, 성장률, 1인당]",observation,v124-a-003-obs-00119,A-003_gdp_per_capita_current_usd,VNM,2021,2021,2021,,,,3704.193559003796,USD,,,,,,[명목] World Bank 「NY.GDP.PCAP.CD」 기준. current US$. 38대 기후기술을 특정하지 않는 배경·여건 지표이므로 매핑하지 않음(tech_ids=해당없음).,World Bank,https://data.worldbank.org/indicator/NY.GDP.PCAP.CD?locations=VN,CC-BY-4.0,A-003.xlsx,1.1_observation(측정값),194,
A-003,"GDP[현재가, PPP, 성장률, 1인당]",observation,v124-a-003-obs-00120,A-003_gdp_per_capita_current_usd,VNM,2022,2022,2022,,,,4147.69777213621,USD,,,,,,[명목] World Bank 「NY.GDP.PCAP.CD」 기준. current US$. 38대 기후기술을 특정하지 않는 배경·여건 지표이므로 매핑하지 않음(tech_ids=해당없음).,World Bank,https://data.worldbank.org/indicator/NY.GDP.PCAP.CD?locations=VN,CC-BY-4.0,A-003.xlsx,1.1_observation(측정값),195,
A-003,"GDP[현재가, PPP, 성장률, 1인당]",observation,v124-a-003-obs-00121,A-003_gdp_per_capita_current_usd,VNM,2023,2023,2023,,,,4322.825722615656,USD,,,,,,[명목] World Bank 「NY.GDP.PCAP.CD」 기준. current US$. 38대 기후기술을 특정하지 않는 배경·여건 지표이므로 매핑하지 않음(tech_ids=해당없음).,World Bank,https://data.worldbank.org/indicator/NY.GDP.PCAP.CD?locations=VN,CC-BY-4.0,A-003.xlsx,1.1_observation(측정값),196,
A-003,"GDP[현재가, PPP, 성장률, 1인당]",observation,v124-a-003-obs-00122,A-003_gdp_per_capita_current_usd,VNM,2024,2024,2024,,,,4716.659937963201,USD,,,,,,[명목] World Bank 「NY.GDP.PCAP.CD」 기준. current US$. 38대 기후기술을 특정하지 않는 배경·여건 지표이므로 매핑하지 않음(tech_ids=해당없음).,World Bank,https://data.worldbank.org/indicator/NY.GDP.PCAP.CD?locations=VN,CC-BY-4.0,A-003.xlsx,1.1_observation(측정값),197,
A-003,"GDP[현재가, PPP, 성장률, 1인당]",observation,v124-a-003-obs-00123,A-003_gdp_per_capita_current_usd,VNM,2025,2025,2025,,,,5065.990918992995,USD,,,,,,[명목] World Bank 「NY.GDP.PCAP.CD」 기준. current US$. 38대 기후기술을 특정하지 않는 배경·여건 지표이므로 매핑하지 않음(tech_ids=해당없음).,World Bank,https://data.worldbank.org/indicator/NY.GDP.PCAP.CD?locations=VN,CC-BY-4.0,A-003.xlsx,1.1_observation(측정값),198,
A-003,"GDP[현재가, PPP, 성장률, 1인당]",observation,v124-a-003-obs-00124,A-003_gdp_per_capita_growth_rate,VNM,1985,1985,1985,,,,1.425069010892813,%,,,,,,[1인당 GDP 성장률] World Bank 「NY.GDP.PCAP.KD.ZG」 기준. 불변가격 기준 연간 %. 38대 기후기술을 특정하지 않는 배경·여건 지표이므로 매핑하지 않음(tech_ids=해당없음).,World Bank,https://data.worldbank.org/indicator/NY.GDP.PCAP.KD.ZG?locations=VN,CC-BY-4.0,A-003.xlsx,1.1_observation(측정값),235,
A-003,"GDP[현재가, PPP, 성장률, 1인당]",observation,v124-a-003-obs-00125,A-003_gdp_per_capita_growth_rate,VNM,1986,1986,1986,,,,0.598118657713286,%,,,,,,[1인당 GDP 성장률] World Bank 「NY.GDP.PCAP.KD.ZG」 기준. 불변가격 기준 연간 %. 38대 기후기술을 특정하지 않는 배경·여건 지표이므로 매핑하지 않음(tech_ids=해당없음).,World Bank,https://data.worldbank.org/indicator/NY.GDP.PCAP.KD.ZG?locations=VN,CC-BY-4.0,A-003.xlsx,1.1_observation(측정값),236,
A-003,"GDP[현재가, PPP, 성장률, 1인당]",observation,v124-a-003-obs-00126,A-003_gdp_per_capita_growth_rate,VNM,1987,1987,1987,,,,1.501859835936045,%,,,,,,[1인당 GDP 성장률] World Bank 「NY.GDP.PCAP.KD.ZG」 기준. 불변가격 기준 연간 %. 38대 기후기술을 특정하지 않는 배경·여건 지표이므로 매핑하지 않음(tech_ids=해당없음).,World Bank,https://data.worldbank.org/indicator/NY.GDP.PCAP.KD.ZG?locations=VN,CC-BY-4.0,A-003.xlsx,1.1_observation(측정값),237,
A-003,"GDP[현재가, PPP, 성장률, 1인당]",observation,v124-a-003-obs-00127,A-003_gdp_per_capita_growth_rate,VNM,1988,1988,1988,,,,3.029446572589521,%,,,,,,[1인당 GDP 성장률] World Bank 「NY.GDP.PCAP.KD.ZG」 기준. 불변가격 기준 연간 %. 38대 기후기술을 특정하지 않는 배경·여건 지표이므로 매핑하지 않음(tech_ids=해당없음).,World Bank,https://data.worldbank.org/indicator/NY.GDP.PCAP.KD.ZG?locations=VN,CC-BY-4.0,A-003.xlsx,1.1_observation(측정값),238,
A-003,"GDP[현재가, PPP, 성장률, 1인당]",observation,v124-a-003-obs-00128,A-003_gdp_per_capita_growth_rate,VNM,1989,1989,1989,,,,5.181784957095246,%,,,,,,[1인당 GDP 성장률] World Bank 「NY.GDP.PCAP.KD.ZG」 기준. 불변가격 기준 연간 %. 38대 기후기술을 특정하지 않는 배경·여건 지표이므로 매핑하지 않음(tech_ids=해당없음).,World Bank,https://data.worldbank.org/indicator/NY.GDP.PCAP.KD.ZG?locations=VN,CC-BY-4.0,A-003.xlsx,1.1_observation(측정값),239,
A-003,"GDP[현재가, PPP, 성장률, 1인당]",observation,v124-a-003-obs-00129,A-003_gdp_per_capita_growth_rate,VNM,1990,1990,1990,,,,2.923307848702066,%,,,,,,[1인당 GDP 성장률] World Bank 「NY.GDP.PCAP.KD.ZG」 기준. 불변가격 기준 연간 %. 38대 기후기술을 특정하지 않는 배경·여건 지표이므로 매핑하지 않음(tech_ids=해당없음).,World Bank,https://data.worldbank.org/indicator/NY.GDP.PCAP.KD.ZG?locations=VN,CC-BY-4.0,A-003.xlsx,1.1_observation(측정값),240,
A-003,"GDP[현재가, PPP, 성장률, 1인당]",observation,v124-a-003-obs-00130,A-003_gdp_per_capita_growth_rate,VNM,1991,1991,1991,,,,3.763394099199274,%,,,,,,[1인당 GDP 성장률] World Bank 「NY.GDP.PCAP.KD.ZG」 기준. 불변가격 기준 연간 %. 38대 기후기술을 특정하지 않는 배경·여건 지표이므로 매핑하지 않음(tech_ids=해당없음).,World Bank,https://data.worldbank.org/indicator/NY.GDP.PCAP.KD.ZG?locations=VN,CC-BY-4.0,A-003.xlsx,1.1_observation(측정값),241,
A-003,"GDP[현재가, PPP, 성장률, 1인당]",observation,v124-a-003-obs-00131,A-003_gdp_per_capita_growth_rate,VNM,1992,1992,1992,,,,6.467786136037915,%,,,,,,[1인당 GDP 성장률] World Bank 「NY.GDP.PCAP.KD.ZG」 기준. 불변가격 기준 연간 %. 38대 기후기술을 특정하지 않는 배경·여건 지표이므로 매핑하지 않음(tech_ids=해당없음).,World Bank,https://data.worldbank.org/indicator/NY.GDP.PCAP.KD.ZG?locations=VN,CC-BY-4.0,A-003.xlsx,1.1_observation(측정값),242,
A-003,"GDP[현재가, PPP, 성장률, 1인당]",observation,v124-a-003-obs-00132,A-003_gdp_per_capita_growth_rate,VNM,1993,1993,1993,,,,6.013282931673601,%,,,,,,[1인당 GDP 성장률] World Bank 「NY.GDP.PCAP.KD.ZG」 기준. 불변가격 기준 연간 %. 38대 기후기술을 특정하지 않는 배경·여건 지표이므로 매핑하지 않음(tech_ids=해당없음).,World Bank,https://data.worldbank.org/indicator/NY.GDP.PCAP.KD.ZG?locations=VN,CC-BY-4.0,A-003.xlsx,1.1_observation(측정값),243,
A-003,"GDP[현재가, PPP, 성장률, 1인당]",observation,v124-a-003-obs-00133,A-003_gdp_per_capita_growth_rate,VNM,1994,1994,1994,,,,6.891203436158719,%,,,,,,[1인당 GDP 성장률] World Bank 「NY.GDP.PCAP.KD.ZG」 기준. 불변가격 기준 연간 %. 38대 기후기술을 특정하지 않는 배경·여건 지표이므로 매핑하지 않음(tech_ids=해당없음).,World Bank,https://data.worldbank.org/indicator/NY.GDP.PCAP.KD.ZG?locations=VN,CC-BY-4.0,A-003.xlsx,1.1_observation(측정값),244,
A-003,"GDP[현재가, PPP, 성장률, 1인당]",observation,v124-a-003-obs-00134,A-003_gdp_per_capita_growth_rate,VNM,1995,1995,1995,,,,7.722837973786085,%,,,,,,[1인당 GDP 성장률] World Bank 「NY.GDP.PCAP.KD.ZG」 기준. 불변가격 기준 연간 %. 38대 기후기술을 특정하지 않는 배경·여건 지표이므로 매핑하지 않음(tech_ids=해당없음).,World Bank,https://data.worldbank.org/indicator/NY.GDP.PCAP.KD.ZG?locations=VN,CC-BY-4.0,A-003.xlsx,1.1_observation(측정값),245,
A-003,"GDP[현재가, PPP, 성장률, 1인당]",observation,v124-a-003-obs-00135,A-003_gdp_per_capita_growth_rate,VNM,1996,1996,1996,,,,7.686226210932972,%,,,,,,[1인당 GDP 성장률] World Bank 「NY.GDP.PCAP.KD.ZG」 기준. 불변가격 기준 연간 %. 38대 기후기술을 특정하지 않는 배경·여건 지표이므로 매핑하지 않음(tech_ids=해당없음).,World Bank,https://data.worldbank.org/indicator/NY.GDP.PCAP.KD.ZG?locations=VN,CC-BY-4.0,A-003.xlsx,1.1_observation(측정값),246,
A-003,"GDP[현재가, PPP, 성장률, 1인당]",observation,v124-a-003-obs-00136,A-003_gdp_per_capita_growth_rate,VNM,1997,1997,1997,,,,6.592399576019289,%,,,,,,[1인당 GDP 성장률] World Bank 「NY.GDP.PCAP.KD.ZG」 기준. 불변가격 기준 연간 %. 38대 기후기술을 특정하지 않는 배경·여건 지표이므로 매핑하지 않음(tech_ids=해당없음).,World Bank,https://data.worldbank.org/indicator/NY.GDP.PCAP.KD.ZG?locations=VN,CC-BY-4.0,A-003.xlsx,1.1_observation(측정값),247,
A-003,"GDP[현재가, PPP, 성장률, 1인당]",observation,v124-a-003-obs-00137,A-003_gdp_per_capita_growth_rate,VNM,1998,1998,1998,,,,4.257661926530147,%,,,,,,[1인당 GDP 성장률] World Bank 「NY.GDP.PCAP.KD.ZG」 기준. 불변가격 기준 연간 %. 38대 기후기술을 특정하지 않는 배경·여건 지표이므로 매핑하지 않음(tech_ids=해당없음).,World Bank,https://data.worldbank.org/indicator/NY.GDP.PCAP.KD.ZG?locations=VN,CC-BY-4.0,A-003.xlsx,1.1_observation(측정값),248,
A-003,"GDP[현재가, PPP, 성장률, 1인당]",observation,v124-a-003-obs-00138,A-003_gdp_per_capita_growth_rate,VNM,1999,1999,1999,,,,3.416948167363557,%,,,,,,[1인당 GDP 성장률] World Bank 「NY.GDP.PCAP.KD.ZG」 기준. 불변가격 기준 연간 %. 38대 기후기술을 특정하지 않는 배경·여건 지표이므로 매핑하지 않음(tech_ids=해당없음).,World Bank,https://data.worldbank.org/indicator/NY.GDP.PCAP.KD.ZG?locations=VN,CC-BY-4.0,A-003.xlsx,1.1_observation(측정값),249,
A-003,"GDP[현재가, PPP, 성장률, 1인당]",observation,v124-a-003-obs-00139,A-003_gdp_per_capita_growth_rate,VNM,2000,2000,2000,,,,5.587929504107564,%,,,,,,[1인당 GDP 성장률] World Bank 「NY.GDP.PCAP.KD.ZG」 기준. 불변가격 기준 연간 %. 38대 기후기술을 특정하지 않는 배경·여건 지표이므로 매핑하지 않음(tech_ids=해당없음).,World Bank,https://data.worldbank.org/indicator/NY.GDP.PCAP.KD.ZG?locations=VN,CC-BY-4.0,A-003.xlsx,1.1_observation(측정값),250,
A-003,"GDP[현재가, PPP, 성장률, 1인당]",observation,v124-a-003-obs-00140,A-003_gdp_per_capita_growth_rate,VNM,2001,2001,2001,,,,5.082401005461932,%,,,,,,[1인당 GDP 성장률] World Bank 「NY.GDP.PCAP.KD.ZG」 기준. 불변가격 기준 연간 %. 38대 기후기술을 특정하지 않는 배경·여건 지표이므로 매핑하지 않음(tech_ids=해당없음).,World Bank,https://data.worldbank.org/indicator/NY.GDP.PCAP.KD.ZG?locations=VN,CC-BY-4.0,A-003.xlsx,1.1_observation(측정값),251,
A-003,"GDP[현재가, PPP, 성장률, 1인당]",observation,v124-a-003-obs-00141,A-003_gdp_per_capita_growth_rate,VNM,2002,2002,2002,,,,5.237176923062222,%,,,,,,[1인당 GDP 성장률] World Bank 「NY.GDP.PCAP.KD.ZG」 기준. 불변가격 기준 연간 %. 38대 기후기술을 특정하지 않는 배경·여건 지표이므로 매핑하지 않음(tech_ids=해당없음).,World Bank,https://data.worldbank.org/indicator/NY.GDP.PCAP.KD.ZG?locations=VN,CC-BY-4.0,A-003.xlsx,1.1_observation(측정값),252,
A-003,"GDP[현재가, PPP, 성장률, 1인당]",observation,v124-a-003-obs-00142,A-003_gdp_per_capita_growth_rate,VNM,2003,2003,2003,,,,5.835561007467376,%,,,,,,[1인당 GDP 성장률] World Bank 「NY.GDP.PCAP.KD.ZG」 기준. 불변가격 기준 연간 %. 38대 기후기술을 특정하지 않는 배경·여건 지표이므로 매핑하지 않음(tech_ids=해당없음).,World Bank,https://data.worldbank.org/indicator/NY.GDP.PCAP.KD.ZG?locations=VN,CC-BY-4.0,A-003.xlsx,1.1_observation(측정값),253,
A-003,"GDP[현재가, PPP, 성장률, 1인당]",observation,v124-a-003-obs-00143,A-003_gdp_per_capita_growth_rate,VNM,2004,2004,2004,,,,6.49878740751187,%,,,,,,[1인당 GDP 성장률] World Bank 「NY.GDP.PCAP.KD.ZG」 기준. 불변가격 기준 연간 %. 38대 기후기술을 특정하지 않는 배경·여건 지표이므로 매핑하지 않음(tech_ids=해당없음).,World Bank,https://data.worldbank.org/indicator/NY.GDP.PCAP.KD.ZG?locations=VN,CC-BY-4.0,A-003.xlsx,1.1_observation(측정값),254,
A-003,"GDP[현재가, PPP, 성장률, 1인당]",observation,v124-a-003-obs-00144,A-003_gdp_per_capita_growth_rate,VNM,2005,2005,2005,,,,6.553397114411169,%,,,,,,[1인당 GDP 성장률] World Bank 「NY.GDP.PCAP.KD.ZG」 기준. 불변가격 기준 연간 %. 38대 기후기술을 특정하지 않는 배경·여건 지표이므로 매핑하지 않음(tech_ids=해당없음).,World Bank,https://data.worldbank.org/indicator/NY.GDP.PCAP.KD.ZG?locations=VN,CC-BY-4.0,A-003.xlsx,1.1_observation(측정값),255,
A-003,"GDP[현재가, PPP, 성장률, 1인당]",observation,v124-a-003-obs-00145,A-003_gdp_per_capita_growth_rate,VNM,2006,2006,2006,,,,5.572397499465282,%,,,,,,[1인당 GDP 성장률] World Bank 「NY.GDP.PCAP.KD.ZG」 기준. 불변가격 기준 연간 %. 38대 기후기술을 특정하지 않는 배경·여건 지표이므로 매핑하지 않음(tech_ids=해당없음).,World Bank,https://data.worldbank.org/indicator/NY.GDP.PCAP.KD.ZG?locations=VN,CC-BY-4.0,A-003.xlsx,1.1_observation(측정값),256,
A-003,"GDP[현재가, PPP, 성장률, 1인당]",observation,v124-a-003-obs-00146,A-003_gdp_per_capita_growth_rate,VNM,2007,2007,2007,,,,5.252312133417476,%,,,,,,[1인당 GDP 성장률] World Bank 「NY.GDP.PCAP.KD.ZG」 기준. 불변가격 기준 연간 %. 38대 기후기술을 특정하지 않는 배경·여건 지표이므로 매핑하지 않음(tech_ids=해당없음).,World Bank,https://data.worldbank.org/indicator/NY.GDP.PCAP.KD.ZG?locations=VN,CC-BY-4.0,A-003.xlsx,1.1_observation(측정값),257,
A-003,"GDP[현재가, PPP, 성장률, 1인당]",observation,v124-a-003-obs-00147,A-003_gdp_per_capita_growth_rate,VNM,2008,2008,2008,,,,3.748386039930466,%,,,,,,[1인당 GDP 성장률] World Bank 「NY.GDP.PCAP.KD.ZG」 기준. 불변가격 기준 연간 %. 38대 기후기술을 특정하지 않는 배경·여건 지표이므로 매핑하지 않음(tech_ids=해당없음).,World Bank,https://data.worldbank.org/indicator/NY.GDP.PCAP.KD.ZG?locations=VN,CC-BY-4.0,A-003.xlsx,1.1_observation(측정값),258,
A-003,"GDP[현재가, PPP, 성장률, 1인당]",observation,v124-a-003-obs-00148,A-003_gdp_per_capita_growth_rate,VNM,2009,2009,2009,,,,3.832374595675418,%,,,,,,[1인당 GDP 성장률] World Bank 「NY.GDP.PCAP.KD.ZG」 기준. 불변가격 기준 연간 %. 38대 기후기술을 특정하지 않는 배경·여건 지표이므로 매핑하지 않음(tech_ids=해당없음).,World Bank,https://data.worldbank.org/indicator/NY.GDP.PCAP.KD.ZG?locations=VN,CC-BY-4.0,A-003.xlsx,1.1_observation(측정값),259,
A-003,"GDP[현재가, PPP, 성장률, 1인당]",observation,v124-a-003-obs-00149,A-003_gdp_per_capita_growth_rate,VNM,2010,2010,2010,,,,5.212276836048076,%,,,,,,[1인당 GDP 성장률] World Bank 「NY.GDP.PCAP.KD.ZG」 기준. 불변가격 기준 연간 %. 38대 기후기술을 특정하지 않는 배경·여건 지표이므로 매핑하지 않음(tech_ids=해당없음).,World Bank,https://data.worldbank.org/indicator/NY.GDP.PCAP.KD.ZG?locations=VN,CC-BY-4.0,A-003.xlsx,1.1_observation(측정값),260,
A-003,"GDP[현재가, PPP, 성장률, 1인당]",observation,v124-a-003-obs-00150,A-003_gdp_per_capita_growth_rate,VNM,2011,2011,2011,,,,5.194497779993696,%,,,,,,[1인당 GDP 성장률] World Bank 「NY.GDP.PCAP.KD.ZG」 기준. 불변가격 기준 연간 %. 38대 기후기술을 특정하지 않는 배경·여건 지표이므로 매핑하지 않음(tech_ids=해당없음).,World Bank,https://data.worldbank.org/indicator/NY.GDP.PCAP.KD.ZG?locations=VN,CC-BY-4.0,A-003.xlsx,1.1_observation(측정값),261,
A-003,"GDP[현재가, PPP, 성장률, 1인당]",observation,v124-a-003-obs-00151,A-003_gdp_per_capita_growth_rate,VNM,2012,2012,2012,,,,4.276305071460442,%,,,,,,[1인당 GDP 성장률] World Bank 「NY.GDP.PCAP.KD.ZG」 기준. 불변가격 기준 연간 %. 38대 기후기술을 특정하지 않는 배경·여건 지표이므로 매핑하지 않음(tech_ids=해당없음).,World Bank,https://data.worldbank.org/indicator/NY.GDP.PCAP.KD.ZG?locations=VN,CC-BY-4.0,A-003.xlsx,1.1_observation(측정값),262,
A-003,"GDP[현재가, PPP, 성장률, 1인당]",observation,v124-a-003-obs-00152,A-003_gdp_per_capita_growth_rate,VNM,2013,2013,2013,,,,4.314988803699208,%,,,,,,[1인당 GDP 성장률] World Bank 「NY.GDP.PCAP.KD.ZG」 기준. 불변가격 기준 연간 %. 38대 기후기술을 특정하지 않는 배경·여건 지표이므로 매핑하지 않음(tech_ids=해당없음).,World Bank,https://data.worldbank.org/indicator/NY.GDP.PCAP.KD.ZG?locations=VN,CC-BY-4.0,A-003.xlsx,1.1_observation(측정값),263,
A-003,"GDP[현재가, PPP, 성장률, 1인당]",observation,v124-a-003-obs-00153,A-003_gdp_per_capita_growth_rate,VNM,2014,2014,2014,,,,5.137840993644559,%,,,,,,[1인당 GDP 성장률] World Bank 「NY.GDP.PCAP.KD.ZG」 기준. 불변가격 기준 연간 %. 38대 기후기술을 특정하지 않는 배경·여건 지표이므로 매핑하지 않음(tech_ids=해당없음).,World Bank,https://data.worldbank.org/indicator/NY.GDP.PCAP.KD.ZG?locations=VN,CC-BY-4.0,A-003.xlsx,1.1_observation(측정값),264,
A-003,"GDP[현재가, PPP, 성장률, 1인당]",observation,v124-a-003-obs-00154,A-003_gdp_per_capita_growth_rate,VNM,2015,2015,2015,,,,5.668964785415611,%,,,,,,[1인당 GDP 성장률] World Bank 「NY.GDP.PCAP.KD.ZG」 기준. 불변가격 기준 연간 %. 38대 기후기술을 특정하지 않는 배경·여건 지표이므로 매핑하지 않음(tech_ids=해당없음).,World Bank,https://data.worldbank.org/indicator/NY.GDP.PCAP.KD.ZG?locations=VN,CC-BY-4.0,A-003.xlsx,1.1_observation(측정값),265,
A-003,"GDP[현재가, PPP, 성장률, 1인당]",observation,v124-a-003-obs-00155,A-003_gdp_per_capita_growth_rate,VNM,2016,2016,2016,,,,5.354270972412209,%,,,,,,[1인당 GDP 성장률] World Bank 「NY.GDP.PCAP.KD.ZG」 기준. 불변가격 기준 연간 %. 38대 기후기술을 특정하지 않는 배경·여건 지표이므로 매핑하지 않음(tech_ids=해당없음).,World Bank,https://data.worldbank.org/indicator/NY.GDP.PCAP.KD.ZG?locations=VN,CC-BY-4.0,A-003.xlsx,1.1_observation(측정값),266,
A-003,"GDP[현재가, PPP, 성장률, 1인당]",observation,v124-a-003-obs-00156,A-003_gdp_per_capita_growth_rate,VNM,2017,2017,2017,,,,5.617878650631326,%,,,,,,[1인당 GDP 성장률] World Bank 「NY.GDP.PCAP.KD.ZG」 기준. 불변가격 기준 연간 %. 38대 기후기술을 특정하지 않는 배경·여건 지표이므로 매핑하지 않음(tech_ids=해당없음).,World Bank,https://data.worldbank.org/indicator/NY.GDP.PCAP.KD.ZG?locations=VN,CC-BY-4.0,A-003.xlsx,1.1_observation(측정값),267,
A-003,"GDP[현재가, PPP, 성장률, 1인당]",observation,v124-a-003-obs-00157,A-003_gdp_per_capita_growth_rate,VNM,2018,2018,2018,,,,6.280958282019668,%,,,,,,[1인당 GDP 성장률] World Bank 「NY.GDP.PCAP.KD.ZG」 기준. 불변가격 기준 연간 %. 38대 기후기술을 특정하지 않는 배경·여건 지표이므로 매핑하지 않음(tech_ids=해당없음).,World Bank,https://data.worldbank.org/indicator/NY.GDP.PCAP.KD.ZG?locations=VN,CC-BY-4.0,A-003.xlsx,1.1_observation(측정값),268,
A-003,"GDP[현재가, PPP, 성장률, 1인당]",observation,v124-a-003-obs-00158,A-003_gdp_per_capita_growth_rate,VNM,2019,2019,2019,,,,6.324648865819071,%,,,,,,[1인당 GDP 성장률] World Bank 「NY.GDP.PCAP.KD.ZG」 기준. 불변가격 기준 연간 %. 38대 기후기술을 특정하지 않는 배경·여건 지표이므로 매핑하지 않음(tech_ids=해당없음).,World Bank,https://data.worldbank.org/indicator/NY.GDP.PCAP.KD.ZG?locations=VN,CC-BY-4.0,A-003.xlsx,1.1_observation(측정값),269,
A-003,"GDP[현재가, PPP, 성장률, 1인당]",observation,v124-a-003-obs-00159,A-003_gdp_per_capita_growth_rate,VNM,2020,2020,2020,,,,1.91581434772165,%,,,,,,[1인당 GDP 성장률] World Bank 「NY.GDP.PCAP.KD.ZG」 기준. 불변가격 기준 연간 %. 38대 기후기술을 특정하지 않는 배경·여건 지표이므로 매핑하지 않음(tech_ids=해당없음).,World Bank,https://data.worldbank.org/indicator/NY.GDP.PCAP.KD.ZG?locations=VN,CC-BY-4.0,A-003.xlsx,1.1_observation(측정값),270,
A-003,"GDP[현재가, PPP, 성장률, 1인당]",observation,v124-a-003-obs-00160,A-003_gdp_per_capita_growth_rate,VNM,2021,2021,2021,,,,1.66651604176819,%,,,,,,[1인당 GDP 성장률] World Bank 「NY.GDP.PCAP.KD.ZG」 기준. 불변가격 기준 연간 %. 38대 기후기술을 특정하지 않는 배경·여건 지표이므로 매핑하지 않음(tech_ids=해당없음).,World Bank,https://data.worldbank.org/indicator/NY.GDP.PCAP.KD.ZG?locations=VN,CC-BY-4.0,A-003.xlsx,1.1_observation(측정값),271,
A-003,"GDP[현재가, PPP, 성장률, 1인당]",observation,v124-a-003-obs-00161,A-003_gdp_per_capita_growth_rate,VNM,2022,2022,2022,,,,7.725699033119398,%,,,,,,[1인당 GDP 성장률] World Bank 「NY.GDP.PCAP.KD.ZG」 기준. 불변가격 기준 연간 %. 38대 기후기술을 특정하지 않는 배경·여건 지표이므로 매핑하지 않음(tech_ids=해당없음).,World Bank,https://data.worldbank.org/indicator/NY.GDP.PCAP.KD.ZG?locations=VN,CC-BY-4.0,A-003.xlsx,1.1_observation(측정값),272,
A-003,"GDP[현재가, PPP, 성장률, 1인당]",observation,v124-a-003-obs-00162,A-003_gdp_per_capita_growth_rate,VNM,2023,2023,2023,,,,4.276163189688134,%,,,,,,[1인당 GDP 성장률] World Bank 「NY.GDP.PCAP.KD.ZG」 기준. 불변가격 기준 연간 %. 38대 기후기술을 특정하지 않는 배경·여건 지표이므로 매핑하지 않음(tech_ids=해당없음).,World Bank,https://data.worldbank.org/indicator/NY.GDP.PCAP.KD.ZG?locations=VN,CC-BY-4.0,A-003.xlsx,1.1_observation(측정값),273,
A-003,"GDP[현재가, PPP, 성장률, 1인당]",observation,v124-a-003-obs-00163,A-003_gdp_per_capita_growth_rate,VNM,2024,2024,2024,,,,6.365974867578103,%,,,,,,[1인당 GDP 성장률] World Bank 「NY.GDP.PCAP.KD.ZG」 기준. 불변가격 기준 연간 %. 38대 기후기술을 특정하지 않는 배경·여건 지표이므로 매핑하지 않음(tech_ids=해당없음).,World Bank,https://data.worldbank.org/indicator/NY.GDP.PCAP.KD.ZG?locations=VN,CC-BY-4.0,A-003.xlsx,1.1_observation(측정값),274,
A-003,"GDP[현재가, PPP, 성장률, 1인당]",observation,v124-a-003-obs-00164,A-003_gdp_per_capita_growth_rate,VNM,2025,2025,2025,,,,7.369388190987578,%,,,,,,[1인당 GDP 성장률] World Bank 「NY.GDP.PCAP.KD.ZG」 기준. 불변가격 기준 연간 %. 38대 기후기술을 특정하지 않는 배경·여건 지표이므로 매핑하지 않음(tech_ids=해당없음).,World Bank,https://data.worldbank.org/indicator/NY.GDP.PCAP.KD.ZG?locations=VN,CC-BY-4.0,A-003.xlsx,1.1_observation(측정값),275,
A-003,"GDP[현재가, PPP, 성장률, 1인당]",observation,v124-a-003-obs-00165,A-003_gdp_per_capita_ppp_current,VNM,1990,1990,1990,,,,1209.686444729665,국제달러,,,,,,[PPP] World Bank 「NY.GDP.PCAP.PP.CD」 기준. current international $. 38대 기후기술을 특정하지 않는 배경·여건 지표이므로 매핑하지 않음(tech_ids=해당없음).,World Bank,https://data.worldbank.org/indicator/NY.GDP.PCAP.PP.CD?locations=VN,CC-BY-4.0,A-003.xlsx,1.1_observation(측정값),199,
A-003,"GDP[현재가, PPP, 성장률, 1인당]",observation,v124-a-003-obs-00166,A-003_gdp_per_capita_ppp_current,VNM,1991,1991,1991,,,,1297.660604814324,국제달러,,,,,,[PPP] World Bank 「NY.GDP.PCAP.PP.CD」 기준. current international $. 38대 기후기술을 특정하지 않는 배경·여건 지표이므로 매핑하지 않음(tech_ids=해당없음).,World Bank,https://data.worldbank.org/indicator/NY.GDP.PCAP.PP.CD?locations=VN,CC-BY-4.0,A-003.xlsx,1.1_observation(측정값),200,
A-003,"GDP[현재가, PPP, 성장률, 1인당]",observation,v124-a-003-obs-00167,A-003_gdp_per_capita_ppp_current,VNM,1992,1992,1992,,,,1413.07495321401,국제달러,,,,,,[PPP] World Bank 「NY.GDP.PCAP.PP.CD」 기준. current international $. 38대 기후기술을 특정하지 않는 배경·여건 지표이므로 매핑하지 않음(tech_ids=해당없음).,World Bank,https://data.worldbank.org/indicator/NY.GDP.PCAP.PP.CD?locations=VN,CC-BY-4.0,A-003.xlsx,1.1_observation(측정값),201,
A-003,"GDP[현재가, PPP, 성장률, 1인당]",observation,v124-a-003-obs-00168,A-003_gdp_per_capita_ppp_current,VNM,1993,1993,1993,,,,1533.555731782349,국제달러,,,,,,[PPP] World Bank 「NY.GDP.PCAP.PP.CD」 기준. current international $. 38대 기후기술을 특정하지 않는 배경·여건 지표이므로 매핑하지 않음(tech_ids=해당없음).,World Bank,https://data.worldbank.org/indicator/NY.GDP.PCAP.PP.CD?locations=VN,CC-BY-4.0,A-003.xlsx,1.1_observation(측정값),202,
A-003,"GDP[현재가, PPP, 성장률, 1인당]",observation,v124-a-003-obs-00169,A-003_gdp_per_capita_ppp_current,VNM,1994,1994,1994,,,,1674.237122031337,국제달러,,,,,,[PPP] World Bank 「NY.GDP.PCAP.PP.CD」 기준. current international $. 38대 기후기술을 특정하지 않는 배경·여건 지표이므로 매핑하지 않음(tech_ids=해당없음).,World Bank,https://data.worldbank.org/indicator/NY.GDP.PCAP.PP.CD?locations=VN,CC-BY-4.0,A-003.xlsx,1.1_observation(측정값),203,
A-003,"GDP[현재가, PPP, 성장률, 1인당]",observation,v124-a-003-obs-00170,A-003_gdp_per_capita_ppp_current,VNM,1995,1995,1995,,,,1841.350268445083,국제달러,,,,,,[PPP] World Bank 「NY.GDP.PCAP.PP.CD」 기준. current international $. 38대 기후기술을 특정하지 않는 배경·여건 지표이므로 매핑하지 않음(tech_ids=해당없음).,World Bank,https://data.worldbank.org/indicator/NY.GDP.PCAP.PP.CD?locations=VN,CC-BY-4.0,A-003.xlsx,1.1_observation(측정값),204,
A-003,"GDP[현재가, PPP, 성장률, 1인당]",observation,v124-a-003-obs-00171,A-003_gdp_per_capita_ppp_current,VNM,1996,1996,1996,,,,2019.182490884692,국제달러,,,,,,[PPP] World Bank 「NY.GDP.PCAP.PP.CD」 기준. current international $. 38대 기후기술을 특정하지 않는 배경·여건 지표이므로 매핑하지 않음(tech_ids=해당없음).,World Bank,https://data.worldbank.org/indicator/NY.GDP.PCAP.PP.CD?locations=VN,CC-BY-4.0,A-003.xlsx,1.1_observation(측정값),205,
A-003,"GDP[현재가, PPP, 성장률, 1인당]",observation,v124-a-003-obs-00172,A-003_gdp_per_capita_ppp_current,VNM,1997,1997,1997,,,,2189.410277278184,국제달러,,,,,,[PPP] World Bank 「NY.GDP.PCAP.PP.CD」 기준. current international $. 38대 기후기술을 특정하지 않는 배경·여건 지표이므로 매핑하지 않음(tech_ids=해당없음).,World Bank,https://data.worldbank.org/indicator/NY.GDP.PCAP.PP.CD?locations=VN,CC-BY-4.0,A-003.xlsx,1.1_observation(측정값),206,
A-003,"GDP[현재가, PPP, 성장률, 1인당]",observation,v124-a-003-obs-00173,A-003_gdp_per_capita_ppp_current,VNM,1998,1998,1998,,,,2308.281635910808,국제달러,,,,,,[PPP] World Bank 「NY.GDP.PCAP.PP.CD」 기준. current international $. 38대 기후기술을 특정하지 않는 배경·여건 지표이므로 매핑하지 않음(tech_ids=해당없음).,World Bank,https://data.worldbank.org/indicator/NY.GDP.PCAP.PP.CD?locations=VN,CC-BY-4.0,A-003.xlsx,1.1_observation(측정값),207,
A-003,"GDP[현재가, PPP, 성장률, 1인당]",observation,v124-a-003-obs-00174,A-003_gdp_per_capita_ppp_current,VNM,1999,1999,1999,,,,2420.935000370364,국제달러,,,,,,[PPP] World Bank 「NY.GDP.PCAP.PP.CD」 기준. current international $. 38대 기후기술을 특정하지 않는 배경·여건 지표이므로 매핑하지 않음(tech_ids=해당없음).,World Bank,https://data.worldbank.org/indicator/NY.GDP.PCAP.PP.CD?locations=VN,CC-BY-4.0,A-003.xlsx,1.1_observation(측정값),208,
A-003,"GDP[현재가, PPP, 성장률, 1인당]",observation,v124-a-003-obs-00175,A-003_gdp_per_capita_ppp_current,VNM,2000,2000,2000,,,,2614.118403574726,국제달러,,,,,,[PPP] World Bank 「NY.GDP.PCAP.PP.CD」 기준. current international $. 38대 기후기술을 특정하지 않는 배경·여건 지표이므로 매핑하지 않음(tech_ids=해당없음).,World Bank,https://data.worldbank.org/indicator/NY.GDP.PCAP.PP.CD?locations=VN,CC-BY-4.0,A-003.xlsx,1.1_observation(측정값),209,
A-003,"GDP[현재가, PPP, 성장률, 1인당]",observation,v124-a-003-obs-00176,A-003_gdp_per_capita_ppp_current,VNM,2001,2001,2001,,,,2808.831819105207,국제달러,,,,,,[PPP] World Bank 「NY.GDP.PCAP.PP.CD」 기준. current international $. 38대 기후기술을 특정하지 않는 배경·여건 지표이므로 매핑하지 않음(tech_ids=해당없음).,World Bank,https://data.worldbank.org/indicator/NY.GDP.PCAP.PP.CD?locations=VN,CC-BY-4.0,A-003.xlsx,1.1_observation(측정값),210,
A-003,"GDP[현재가, PPP, 성장률, 1인당]",observation,v124-a-003-obs-00177,A-003_gdp_per_capita_ppp_current,VNM,2002,2002,2002,,,,3001.870387605594,국제달러,,,,,,[PPP] World Bank 「NY.GDP.PCAP.PP.CD」 기준. current international $. 38대 기후기술을 특정하지 않는 배경·여건 지표이므로 매핑하지 않음(tech_ids=해당없음).,World Bank,https://data.worldbank.org/indicator/NY.GDP.PCAP.PP.CD?locations=VN,CC-BY-4.0,A-003.xlsx,1.1_observation(측정값),211,
A-003,"GDP[현재가, PPP, 성장률, 1인당]",observation,v124-a-003-obs-00178,A-003_gdp_per_capita_ppp_current,VNM,2003,2003,2003,,,,3239.771259075411,국제달러,,,,,,[PPP] World Bank 「NY.GDP.PCAP.PP.CD」 기준. current international $. 38대 기후기술을 특정하지 않는 배경·여건 지표이므로 매핑하지 않음(tech_ids=해당없음).,World Bank,https://data.worldbank.org/indicator/NY.GDP.PCAP.PP.CD?locations=VN,CC-BY-4.0,A-003.xlsx,1.1_observation(측정값),212,
A-003,"GDP[현재가, PPP, 성장률, 1인당]",observation,v124-a-003-obs-00179,A-003_gdp_per_capita_ppp_current,VNM,2004,2004,2004,,,,3543.09915523223,국제달러,,,,,,[PPP] World Bank 「NY.GDP.PCAP.PP.CD」 기준. current international $. 38대 기후기술을 특정하지 않는 배경·여건 지표이므로 매핑하지 않음(tech_ids=해당없음).,World Bank,https://data.worldbank.org/indicator/NY.GDP.PCAP.PP.CD?locations=VN,CC-BY-4.0,A-003.xlsx,1.1_observation(측정값),213,
A-003,"GDP[현재가, PPP, 성장률, 1인당]",observation,v124-a-003-obs-00180,A-003_gdp_per_capita_ppp_current,VNM,2005,2005,2005,,,,3893.66509419393,국제달러,,,,,,[PPP] World Bank 「NY.GDP.PCAP.PP.CD」 기준. current international $. 38대 기후기술을 특정하지 않는 배경·여건 지표이므로 매핑하지 않음(tech_ids=해당없음).,World Bank,https://data.worldbank.org/indicator/NY.GDP.PCAP.PP.CD?locations=VN,CC-BY-4.0,A-003.xlsx,1.1_observation(측정값),214,
A-003,"GDP[현재가, PPP, 성장률, 1인당]",observation,v124-a-003-obs-00181,A-003_gdp_per_capita_ppp_current,VNM,2006,2006,2006,,,,4237.40088097171,국제달러,,,,,,[PPP] World Bank 「NY.GDP.PCAP.PP.CD」 기준. current international $. 38대 기후기술을 특정하지 않는 배경·여건 지표이므로 매핑하지 않음(tech_ids=해당없음).,World Bank,https://data.worldbank.org/indicator/NY.GDP.PCAP.PP.CD?locations=VN,CC-BY-4.0,A-003.xlsx,1.1_observation(측정값),215,
A-003,"GDP[현재가, PPP, 성장률, 1인당]",observation,v124-a-003-obs-00182,A-003_gdp_per_capita_ppp_current,VNM,2007,2007,2007,,,,4580.794311192465,국제달러,,,,,,[PPP] World Bank 「NY.GDP.PCAP.PP.CD」 기준. current international $. 38대 기후기술을 특정하지 않는 배경·여건 지표이므로 매핑하지 않음(tech_ids=해당없음).,World Bank,https://data.worldbank.org/indicator/NY.GDP.PCAP.PP.CD?locations=VN,CC-BY-4.0,A-003.xlsx,1.1_observation(측정값),216,
A-003,"GDP[현재가, PPP, 성장률, 1인당]",observation,v124-a-003-obs-00183,A-003_gdp_per_capita_ppp_current,VNM,2008,2008,2008,,,,4844.067047344558,국제달러,,,,,,[PPP] World Bank 「NY.GDP.PCAP.PP.CD」 기준. current international $. 38대 기후기술을 특정하지 않는 배경·여건 지표이므로 매핑하지 않음(tech_ids=해당없음).,World Bank,https://data.worldbank.org/indicator/NY.GDP.PCAP.PP.CD?locations=VN,CC-BY-4.0,A-003.xlsx,1.1_observation(측정값),217,
A-003,"GDP[현재가, PPP, 성장률, 1인당]",observation,v124-a-003-obs-00184,A-003_gdp_per_capita_ppp_current,VNM,2009,2009,2009,,,,5060.732122722762,국제달러,,,,,,[PPP] World Bank 「NY.GDP.PCAP.PP.CD」 기준. current international $. 38대 기후기술을 특정하지 않는 배경·여건 지표이므로 매핑하지 않음(tech_ids=해당없음).,World Bank,https://data.worldbank.org/indicator/NY.GDP.PCAP.PP.CD?locations=VN,CC-BY-4.0,A-003.xlsx,1.1_observation(측정값),218,
A-003,"GDP[현재가, PPP, 성장률, 1인당]",observation,v124-a-003-obs-00185,A-003_gdp_per_capita_ppp_current,VNM,2010,2010,2010,,,,5389.219569760621,국제달러,,,,,,[PPP] World Bank 「NY.GDP.PCAP.PP.CD」 기준. current international $. 38대 기후기술을 특정하지 않는 배경·여건 지표이므로 매핑하지 않음(tech_ids=해당없음).,World Bank,https://data.worldbank.org/indicator/NY.GDP.PCAP.PP.CD?locations=VN,CC-BY-4.0,A-003.xlsx,1.1_observation(측정값),219,
A-003,"GDP[현재가, PPP, 성장률, 1인당]",observation,v124-a-003-obs-00186,A-003_gdp_per_capita_ppp_current,VNM,2011,2011,2011,,,,5786.12348870721,국제달러,,,,,,[PPP] World Bank 「NY.GDP.PCAP.PP.CD」 기준. current international $. 38대 기후기술을 특정하지 않는 배경·여건 지표이므로 매핑하지 않음(tech_ids=해당없음).,World Bank,https://data.worldbank.org/indicator/NY.GDP.PCAP.PP.CD?locations=VN,CC-BY-4.0,A-003.xlsx,1.1_observation(측정값),220,
A-003,"GDP[현재가, PPP, 성장률, 1인당]",observation,v124-a-003-obs-00187,A-003_gdp_per_capita_ppp_current,VNM,2012,2012,2012,,,,6376.797657061718,국제달러,,,,,,[PPP] World Bank 「NY.GDP.PCAP.PP.CD」 기준. current international $. 38대 기후기술을 특정하지 않는 배경·여건 지표이므로 매핑하지 않음(tech_ids=해당없음).,World Bank,https://data.worldbank.org/indicator/NY.GDP.PCAP.PP.CD?locations=VN,CC-BY-4.0,A-003.xlsx,1.1_observation(측정값),221,
A-003,"GDP[현재가, PPP, 성장률, 1인당]",observation,v124-a-003-obs-00188,A-003_gdp_per_capita_ppp_current,VNM,2013,2013,2013,,,,6758.404336347488,국제달러,,,,,,[PPP] World Bank 「NY.GDP.PCAP.PP.CD」 기준. current international $. 38대 기후기술을 특정하지 않는 배경·여건 지표이므로 매핑하지 않음(tech_ids=해당없음).,World Bank,https://data.worldbank.org/indicator/NY.GDP.PCAP.PP.CD?locations=VN,CC-BY-4.0,A-003.xlsx,1.1_observation(측정값),222,
A-003,"GDP[현재가, PPP, 성장률, 1인당]",observation,v124-a-003-obs-00189,A-003_gdp_per_capita_ppp_current,VNM,2014,2014,2014,,,,7296.879480873805,국제달러,,,,,,[PPP] World Bank 「NY.GDP.PCAP.PP.CD」 기준. current international $. 38대 기후기술을 특정하지 않는 배경·여건 지표이므로 매핑하지 않음(tech_ids=해당없음).,World Bank,https://data.worldbank.org/indicator/NY.GDP.PCAP.PP.CD?locations=VN,CC-BY-4.0,A-003.xlsx,1.1_observation(측정값),223,
A-003,"GDP[현재가, PPP, 성장률, 1인당]",observation,v124-a-003-obs-00190,A-003_gdp_per_capita_ppp_current,VNM,2015,2015,2015,,,,7671.581977808395,국제달러,,,,,,[PPP] World Bank 「NY.GDP.PCAP.PP.CD」 기준. current international $. 38대 기후기술을 특정하지 않는 배경·여건 지표이므로 매핑하지 않음(tech_ids=해당없음).,World Bank,https://data.worldbank.org/indicator/NY.GDP.PCAP.PP.CD?locations=VN,CC-BY-4.0,A-003.xlsx,1.1_observation(측정값),224,
A-003,"GDP[현재가, PPP, 성장률, 1인당]",observation,v124-a-003-obs-00191,A-003_gdp_per_capita_ppp_current,VNM,2016,2016,2016,,,,8374.506845161175,국제달러,,,,,,[PPP] World Bank 「NY.GDP.PCAP.PP.CD」 기준. current international $. 38대 기후기술을 특정하지 않는 배경·여건 지표이므로 매핑하지 않음(tech_ids=해당없음).,World Bank,https://data.worldbank.org/indicator/NY.GDP.PCAP.PP.CD?locations=VN,CC-BY-4.0,A-003.xlsx,1.1_observation(측정값),225,
A-003,"GDP[현재가, PPP, 성장률, 1인당]",observation,v124-a-003-obs-00192,A-003_gdp_per_capita_ppp_current,VNM,2017,2017,2017,,,,9169.731920528548,국제달러,,,,,,[PPP] World Bank 「NY.GDP.PCAP.PP.CD」 기준. current international $. 38대 기후기술을 특정하지 않는 배경·여건 지표이므로 매핑하지 않음(tech_ids=해당없음).,World Bank,https://data.worldbank.org/indicator/NY.GDP.PCAP.PP.CD?locations=VN,CC-BY-4.0,A-003.xlsx,1.1_observation(측정값),226,
A-003,"GDP[현재가, PPP, 성장률, 1인당]",observation,v124-a-003-obs-00193,A-003_gdp_per_capita_ppp_current,VNM,2018,2018,2018,,,,10009.97147560056,국제달러,,,,,,[PPP] World Bank 「NY.GDP.PCAP.PP.CD」 기준. current international $. 38대 기후기술을 특정하지 않는 배경·여건 지표이므로 매핑하지 않음(tech_ids=해당없음).,World Bank,https://data.worldbank.org/indicator/NY.GDP.PCAP.PP.CD?locations=VN,CC-BY-4.0,A-003.xlsx,1.1_observation(측정값),227,
A-003,"GDP[현재가, PPP, 성장률, 1인당]",observation,v124-a-003-obs-00194,A-003_gdp_per_capita_ppp_current,VNM,2019,2019,2019,,,,11029.27320839631,국제달러,,,,,,[PPP] World Bank 「NY.GDP.PCAP.PP.CD」 기준. current international $. 38대 기후기술을 특정하지 않는 배경·여건 지표이므로 매핑하지 않음(tech_ids=해당없음).,World Bank,https://data.worldbank.org/indicator/NY.GDP.PCAP.PP.CD?locations=VN,CC-BY-4.0,A-003.xlsx,1.1_observation(측정값),228,
A-003,"GDP[현재가, PPP, 성장률, 1인당]",observation,v124-a-003-obs-00195,A-003_gdp_per_capita_ppp_current,VNM,2020,2020,2020,,,,11609.31772764233,국제달러,,,,,,[PPP] World Bank 「NY.GDP.PCAP.PP.CD」 기준. current international $. 38대 기후기술을 특정하지 않는 배경·여건 지표이므로 매핑하지 않음(tech_ids=해당없음).,World Bank,https://data.worldbank.org/indicator/NY.GDP.PCAP.PP.CD?locations=VN,CC-BY-4.0,A-003.xlsx,1.1_observation(측정값),229,
A-003,"GDP[현재가, PPP, 성장률, 1인당]",observation,v124-a-003-obs-00196,A-003_gdp_per_capita_ppp_current,VNM,2021,2021,2021,,,,12048.9019935536,국제달러,,,,,,[PPP] World Bank 「NY.GDP.PCAP.PP.CD」 기준. current international $. 38대 기후기술을 특정하지 않는 배경·여건 지표이므로 매핑하지 않음(tech_ids=해당없음).,World Bank,https://data.worldbank.org/indicator/NY.GDP.PCAP.PP.CD?locations=VN,CC-BY-4.0,A-003.xlsx,1.1_observation(측정값),230,
A-003,"GDP[현재가, PPP, 성장률, 1인당]",observation,v124-a-003-obs-00197,A-003_gdp_per_capita_ppp_current,VNM,2022,2022,2022,,,,13902.94998670886,국제달러,,,,,,[PPP] World Bank 「NY.GDP.PCAP.PP.CD」 기준. current international $. 38대 기후기술을 특정하지 않는 배경·여건 지표이므로 매핑하지 않음(tech_ids=해당없음).,World Bank,https://data.worldbank.org/indicator/NY.GDP.PCAP.PP.CD?locations=VN,CC-BY-4.0,A-003.xlsx,1.1_observation(측정값),231,
A-003,"GDP[현재가, PPP, 성장률, 1인당]",observation,v124-a-003-obs-00198,A-003_gdp_per_capita_ppp_current,VNM,2023,2023,2023,,,,15033.89996948297,국제달러,,,,,,[PPP] World Bank 「NY.GDP.PCAP.PP.CD」 기준. current international $. 38대 기후기술을 특정하지 않는 배경·여건 지표이므로 매핑하지 않음(tech_ids=해당없음).,World Bank,https://data.worldbank.org/indicator/NY.GDP.PCAP.PP.CD?locations=VN,CC-BY-4.0,A-003.xlsx,1.1_observation(측정값),232,
A-003,"GDP[현재가, PPP, 성장률, 1인당]",observation,v124-a-003-obs-00199,A-003_gdp_per_capita_ppp_current,VNM,2024,2024,2024,,,,16387.90879541125,국제달러,,,,,,[PPP] World Bank 「NY.GDP.PCAP.PP.CD」 기준. current international $. 38대 기후기술을 특정하지 않는 배경·여건 지표이므로 매핑하지 않음(tech_ids=해당없음).,World Bank,https://data.worldbank.org/indicator/NY.GDP.PCAP.PP.CD?locations=VN,CC-BY-4.0,A-003.xlsx,1.1_observation(측정값),233,
A-003,"GDP[현재가, PPP, 성장률, 1인당]",observation,v124-a-003-obs-00200,A-003_gdp_per_capita_ppp_current,VNM,2025,2025,2025,,,,18088.49158716301,국제달러,,,,,,[PPP] World Bank 「NY.GDP.PCAP.PP.CD」 기준. current international $. 38대 기후기술을 특정하지 않는 배경·여건 지표이므로 매핑하지 않음(tech_ids=해당없음).,World Bank,https://data.worldbank.org/indicator/NY.GDP.PCAP.PP.CD?locations=VN,CC-BY-4.0,A-003.xlsx,1.1_observation(측정값),234,
A-003,"GDP[현재가, PPP, 성장률, 1인당]",observation,v124-a-003-obs-00201,A-003_gdp_ppp_current,VNM,1990,1990,1990,,,,79239968622.48944,국제달러,,,,,,[PPP] World Bank 「NY.GDP.MKTP.PP.CD」 기준. current international $. 38대 기후기술을 특정하지 않는 배경·여건 지표이므로 매핑하지 않음(tech_ids=해당없음).,World Bank,https://data.worldbank.org/indicator/NY.GDP.MKTP.PP.CD?locations=VN,CC-BY-4.0,A-003.xlsx,1.1_observation(측정값),86,
A-003,"GDP[현재가, PPP, 성장률, 1인당]",observation,v124-a-003-obs-00202,A-003_gdp_ppp_current,VNM,1991,1991,1991,,,,86802821203.60364,국제달러,,,,,,[PPP] World Bank 「NY.GDP.MKTP.PP.CD」 기준. current international $. 38대 기후기술을 특정하지 않는 배경·여건 지표이므로 매핑하지 않음(tech_ids=해당없음).,World Bank,https://data.worldbank.org/indicator/NY.GDP.MKTP.PP.CD?locations=VN,CC-BY-4.0,A-003.xlsx,1.1_observation(측정값),87,
A-003,"GDP[현재가, PPP, 성장률, 1인당]",observation,v124-a-003-obs-00203,A-003_gdp_ppp_current,VNM,1992,1992,1992,,,,96456972512.64752,국제달러,,,,,,[PPP] World Bank 「NY.GDP.MKTP.PP.CD」 기준. current international $. 38대 기후기술을 특정하지 않는 배경·여건 지표이므로 매핑하지 않음(tech_ids=해당없음).,World Bank,https://data.worldbank.org/indicator/NY.GDP.MKTP.PP.CD?locations=VN,CC-BY-4.0,A-003.xlsx,1.1_observation(측정값),88,
A-003,"GDP[현재가, PPP, 성장률, 1인당]",observation,v124-a-003-obs-00204,A-003_gdp_ppp_current,VNM,1993,1993,1993,,,,106714598037.2076,국제달러,,,,,,[PPP] World Bank 「NY.GDP.MKTP.PP.CD」 기준. current international $. 38대 기후기술을 특정하지 않는 배경·여건 지표이므로 매핑하지 않음(tech_ids=해당없음).,World Bank,https://data.worldbank.org/indicator/NY.GDP.MKTP.PP.CD?locations=VN,CC-BY-4.0,A-003.xlsx,1.1_observation(측정값),89,
A-003,"GDP[현재가, PPP, 성장률, 1인당]",observation,v124-a-003-obs-00205,A-003_gdp_ppp_current,VNM,1994,1994,1994,,,,118627051671.123,국제달러,,,,,,[PPP] World Bank 「NY.GDP.MKTP.PP.CD」 기준. current international $. 38대 기후기술을 특정하지 않는 배경·여건 지표이므로 매핑하지 않음(tech_ids=해당없음).,World Bank,https://data.worldbank.org/indicator/NY.GDP.MKTP.PP.CD?locations=VN,CC-BY-4.0,A-003.xlsx,1.1_observation(측정값),90,
A-003,"GDP[현재가, PPP, 성장률, 1인당]",observation,v124-a-003-obs-00206,A-003_gdp_ppp_current,VNM,1995,1995,1995,,,,132669176360.4521,국제달러,,,,,,[PPP] World Bank 「NY.GDP.MKTP.PP.CD」 기준. current international $. 38대 기후기술을 특정하지 않는 배경·여건 지표이므로 매핑하지 않음(tech_ids=해당없음).,World Bank,https://data.worldbank.org/indicator/NY.GDP.MKTP.PP.CD?locations=VN,CC-BY-4.0,A-003.xlsx,1.1_observation(측정값),91,
A-003,"GDP[현재가, PPP, 성장률, 1인당]",observation,v124-a-003-obs-00207,A-003_gdp_ppp_current,VNM,1996,1996,1996,,,,147716216877.734,국제달러,,,,,,[PPP] World Bank 「NY.GDP.MKTP.PP.CD」 기준. current international $. 38대 기후기술을 특정하지 않는 배경·여건 지표이므로 매핑하지 않음(tech_ids=해당없음).,World Bank,https://data.worldbank.org/indicator/NY.GDP.MKTP.PP.CD?locations=VN,CC-BY-4.0,A-003.xlsx,1.1_observation(측정값),92,
A-003,"GDP[현재가, PPP, 성장률, 1인당]",observation,v124-a-003-obs-00208,A-003_gdp_ppp_current,VNM,1997,1997,1997,,,,162513113626.987,국제달러,,,,,,[PPP] World Bank 「NY.GDP.MKTP.PP.CD」 기준. current international $. 38대 기후기술을 특정하지 않는 배경·여건 지표이므로 매핑하지 않음(tech_ids=해당없음).,World Bank,https://data.worldbank.org/indicator/NY.GDP.MKTP.PP.CD?locations=VN,CC-BY-4.0,A-003.xlsx,1.1_observation(측정값),93,
A-003,"GDP[현재가, PPP, 성장률, 1인당]",observation,v124-a-003-obs-00209,A-003_gdp_ppp_current,VNM,1998,1998,1998,,,,173812822368.3276,국제달러,,,,,,[PPP] World Bank 「NY.GDP.MKTP.PP.CD」 기준. current international $. 38대 기후기술을 특정하지 않는 배경·여건 지표이므로 매핑하지 않음(tech_ids=해당없음).,World Bank,https://data.worldbank.org/indicator/NY.GDP.MKTP.PP.CD?locations=VN,CC-BY-4.0,A-003.xlsx,1.1_observation(측정값),94,
A-003,"GDP[현재가, PPP, 성장률, 1인당]",observation,v124-a-003-obs-00210,A-003_gdp_ppp_current,VNM,1999,1999,1999,,,,184686962635.8741,국제달러,,,,,,[PPP] World Bank 「NY.GDP.MKTP.PP.CD」 기준. current international $. 38대 기후기술을 특정하지 않는 배경·여건 지표이므로 매핑하지 않음(tech_ids=해당없음).,World Bank,https://data.worldbank.org/indicator/NY.GDP.MKTP.PP.CD?locations=VN,CC-BY-4.0,A-003.xlsx,1.1_observation(측정값),95,
A-003,"GDP[현재가, PPP, 성장률, 1인당]",observation,v124-a-003-obs-00211,A-003_gdp_ppp_current,VNM,2000,2000,2000,,,,201689720064.7068,국제달러,,,,,,[PPP] World Bank 「NY.GDP.MKTP.PP.CD」 기준. current international $. 38대 기후기술을 특정하지 않는 배경·여건 지표이므로 매핑하지 않음(tech_ids=해당없음).,World Bank,https://data.worldbank.org/indicator/NY.GDP.MKTP.PP.CD?locations=VN,CC-BY-4.0,A-003.xlsx,1.1_observation(측정값),96,
A-003,"GDP[현재가, PPP, 성장률, 1인당]",observation,v124-a-003-obs-00212,A-003_gdp_ppp_current,VNM,2001,2001,2001,,,,219002822092.1006,국제달러,,,,,,[PPP] World Bank 「NY.GDP.MKTP.PP.CD」 기준. current international $. 38대 기후기술을 특정하지 않는 배경·여건 지표이므로 매핑하지 않음(tech_ids=해당없음).,World Bank,https://data.worldbank.org/indicator/NY.GDP.MKTP.PP.CD?locations=VN,CC-BY-4.0,A-003.xlsx,1.1_observation(측정값),97,
A-003,"GDP[현재가, PPP, 성장률, 1인당]",observation,v124-a-003-obs-00213,A-003_gdp_ppp_current,VNM,2002,2002,2002,,,,236464006591.4347,국제달러,,,,,,[PPP] World Bank 「NY.GDP.MKTP.PP.CD」 기준. current international $. 38대 기후기술을 특정하지 않는 배경·여건 지표이므로 매핑하지 않음(tech_ids=해당없음).,World Bank,https://data.worldbank.org/indicator/NY.GDP.MKTP.PP.CD?locations=VN,CC-BY-4.0,A-003.xlsx,1.1_observation(측정값),98,
A-003,"GDP[현재가, PPP, 성장률, 1인당]",observation,v124-a-003-obs-00214,A-003_gdp_ppp_current,VNM,2003,2003,2003,,,,257768437988.0852,국제달러,,,,,,[PPP] World Bank 「NY.GDP.MKTP.PP.CD」 기준. current international $. 38대 기후기술을 특정하지 않는 배경·여건 지표이므로 매핑하지 않음(tech_ids=해당없음).,World Bank,https://data.worldbank.org/indicator/NY.GDP.MKTP.PP.CD?locations=VN,CC-BY-4.0,A-003.xlsx,1.1_observation(측정값),99,
A-003,"GDP[현재가, PPP, 성장률, 1인당]",observation,v124-a-003-obs-00215,A-003_gdp_ppp_current,VNM,2004,2004,2004,,,,284648940282.3267,국제달러,,,,,,[PPP] World Bank 「NY.GDP.MKTP.PP.CD」 기준. current international $. 38대 기후기술을 특정하지 않는 배경·여건 지표이므로 매핑하지 않음(tech_ids=해당없음).,World Bank,https://data.worldbank.org/indicator/NY.GDP.MKTP.PP.CD?locations=VN,CC-BY-4.0,A-003.xlsx,1.1_observation(측정값),100,
A-003,"GDP[현재가, PPP, 성장률, 1인당]",observation,v124-a-003-obs-00216,A-003_gdp_ppp_current,VNM,2005,2005,2005,,,,315730733875.1719,국제달러,,,,,,[PPP] World Bank 「NY.GDP.MKTP.PP.CD」 기준. current international $. 38대 기후기술을 특정하지 않는 배경·여건 지표이므로 매핑하지 않음(tech_ids=해당없음).,World Bank,https://data.worldbank.org/indicator/NY.GDP.MKTP.PP.CD?locations=VN,CC-BY-4.0,A-003.xlsx,1.1_observation(측정값),101,
A-003,"GDP[현재가, PPP, 성장률, 1인당]",observation,v124-a-003-obs-00217,A-003_gdp_ppp_current,VNM,2006,2006,2006,,,,348178319135.3927,국제달러,,,,,,[PPP] World Bank 「NY.GDP.MKTP.PP.CD」 기준. current international $. 38대 기후기술을 특정하지 않는 배경·여건 지표이므로 매핑하지 않음(tech_ids=해당없음).,World Bank,https://data.worldbank.org/indicator/NY.GDP.MKTP.PP.CD?locations=VN,CC-BY-4.0,A-003.xlsx,1.1_observation(측정값),102,
A-003,"GDP[현재가, PPP, 성장률, 1인당]",observation,v124-a-003-obs-00218,A-003_gdp_ppp_current,VNM,2007,2007,2007,,,,383107288425.8261,국제달러,,,,,,[PPP] World Bank 「NY.GDP.MKTP.PP.CD」 기준. current international $. 38대 기후기술을 특정하지 않는 배경·여건 지표이므로 매핑하지 않음(tech_ids=해당없음).,World Bank,https://data.worldbank.org/indicator/NY.GDP.MKTP.PP.CD?locations=VN,CC-BY-4.0,A-003.xlsx,1.1_observation(측정값),103,
A-003,"GDP[현재가, PPP, 성장률, 1인당]",observation,v124-a-003-obs-00219,A-003_gdp_ppp_current,VNM,2008,2008,2008,,,,412597227882.406,국제달러,,,,,,[PPP] World Bank 「NY.GDP.MKTP.PP.CD」 기준. current international $. 38대 기후기술을 특정하지 않는 배경·여건 지표이므로 매핑하지 않음(tech_ids=해당없음).,World Bank,https://data.worldbank.org/indicator/NY.GDP.MKTP.PP.CD?locations=VN,CC-BY-4.0,A-003.xlsx,1.1_observation(측정값),104,
A-003,"GDP[현재가, PPP, 성장률, 1인당]",observation,v124-a-003-obs-00220,A-003_gdp_ppp_current,VNM,2009,2009,2009,,,,437550990423.7882,국제달러,,,,,,[PPP] World Bank 「NY.GDP.MKTP.PP.CD」 기준. current international $. 38대 기후기술을 특정하지 않는 배경·여건 지표이므로 매핑하지 않음(tech_ids=해당없음).,World Bank,https://data.worldbank.org/indicator/NY.GDP.MKTP.PP.CD?locations=VN,CC-BY-4.0,A-003.xlsx,1.1_observation(측정값),105,
A-003,"GDP[현재가, PPP, 성장률, 1인당]",observation,v124-a-003-obs-00221,A-003_gdp_ppp_current,VNM,2010,2010,2010,,,,471315016634.7897,국제달러,,,,,,[PPP] World Bank 「NY.GDP.MKTP.PP.CD」 기준. current international $. 38대 기후기술을 특정하지 않는 배경·여건 지표이므로 매핑하지 않음(tech_ids=해당없음).,World Bank,https://data.worldbank.org/indicator/NY.GDP.MKTP.PP.CD?locations=VN,CC-BY-4.0,A-003.xlsx,1.1_observation(측정값),106,
A-003,"GDP[현재가, PPP, 성장률, 1인당]",observation,v124-a-003-obs-00222,A-003_gdp_ppp_current,VNM,2011,2011,2011,,,,511888589641.7249,국제달러,,,,,,[PPP] World Bank 「NY.GDP.MKTP.PP.CD」 기준. current international $. 38대 기후기술을 특정하지 않는 배경·여건 지표이므로 매핑하지 않음(tech_ids=해당없음).,World Bank,https://data.worldbank.org/indicator/NY.GDP.MKTP.PP.CD?locations=VN,CC-BY-4.0,A-003.xlsx,1.1_observation(측정값),107,
A-003,"GDP[현재가, PPP, 성장률, 1인당]",observation,v124-a-003-obs-00223,A-003_gdp_ppp_current,VNM,2012,2012,2012,,,,570789428423.5603,국제달러,,,,,,[PPP] World Bank 「NY.GDP.MKTP.PP.CD」 기준. current international $. 38대 기후기술을 특정하지 않는 배경·여건 지표이므로 매핑하지 않음(tech_ids=해당없음).,World Bank,https://data.worldbank.org/indicator/NY.GDP.MKTP.PP.CD?locations=VN,CC-BY-4.0,A-003.xlsx,1.1_observation(측정값),108,
A-003,"GDP[현재가, PPP, 성장률, 1인당]",observation,v124-a-003-obs-00224,A-003_gdp_ppp_current,VNM,2013,2013,2013,,,,612129658830.052,국제달러,,,,,,[PPP] World Bank 「NY.GDP.MKTP.PP.CD」 기준. current international $. 38대 기후기술을 특정하지 않는 배경·여건 지표이므로 매핑하지 않음(tech_ids=해당없음).,World Bank,https://data.worldbank.org/indicator/NY.GDP.MKTP.PP.CD?locations=VN,CC-BY-4.0,A-003.xlsx,1.1_observation(측정값),109,
A-003,"GDP[현재가, PPP, 성장률, 1인당]",observation,v124-a-003-obs-00225,A-003_gdp_ppp_current,VNM,2014,2014,2014,,,,668974831523.3695,국제달러,,,,,,[PPP] World Bank 「NY.GDP.MKTP.PP.CD」 기준. current international $. 38대 기후기술을 특정하지 않는 배경·여건 지표이므로 매핑하지 않음(tech_ids=해당없음).,World Bank,https://data.worldbank.org/indicator/NY.GDP.MKTP.PP.CD?locations=VN,CC-BY-4.0,A-003.xlsx,1.1_observation(측정값),110,
A-003,"GDP[현재가, PPP, 성장률, 1인당]",observation,v124-a-003-obs-00226,A-003_gdp_ppp_current,VNM,2015,2015,2015,,,,712101202507.931,국제달러,,,,,,[PPP] World Bank 「NY.GDP.MKTP.PP.CD」 기준. current international $. 38대 기후기술을 특정하지 않는 배경·여건 지표이므로 매핑하지 않음(tech_ids=해당없음).,World Bank,https://data.worldbank.org/indicator/NY.GDP.MKTP.PP.CD?locations=VN,CC-BY-4.0,A-003.xlsx,1.1_observation(측정값),111,
A-003,"GDP[현재가, PPP, 성장률, 1인당]",observation,v124-a-003-obs-00227,A-003_gdp_ppp_current,VNM,2016,2016,2016,,,,787204623262.4514,국제달러,,,,,,[PPP] World Bank 「NY.GDP.MKTP.PP.CD」 기준. current international $. 38대 기후기술을 특정하지 않는 배경·여건 지표이므로 매핑하지 않음(tech_ids=해당없음).,World Bank,https://data.worldbank.org/indicator/NY.GDP.MKTP.PP.CD?locations=VN,CC-BY-4.0,A-003.xlsx,1.1_observation(측정값),112,
A-003,"GDP[현재가, PPP, 성장률, 1인당]",observation,v124-a-003-obs-00228,A-003_gdp_ppp_current,VNM,2017,2017,2017,,,,872747364096.3114,국제달러,,,,,,[PPP] World Bank 「NY.GDP.MKTP.PP.CD」 기준. current international $. 38대 기후기술을 특정하지 않는 배경·여건 지표이므로 매핑하지 않음(tech_ids=해당없음).,World Bank,https://data.worldbank.org/indicator/NY.GDP.MKTP.PP.CD?locations=VN,CC-BY-4.0,A-003.xlsx,1.1_observation(측정값),113,
A-003,"GDP[현재가, PPP, 성장률, 1인당]",observation,v124-a-003-obs-00229,A-003_gdp_ppp_current,VNM,2018,2018,2018,,,,963332818078.2721,국제달러,,,,,,[PPP] World Bank 「NY.GDP.MKTP.PP.CD」 기준. current international $. 38대 기후기술을 특정하지 않는 배경·여건 지표이므로 매핑하지 않음(tech_ids=해당없음).,World Bank,https://data.worldbank.org/indicator/NY.GDP.MKTP.PP.CD?locations=VN,CC-BY-4.0,A-003.xlsx,1.1_observation(측정값),114,
A-003,"GDP[현재가, PPP, 성장률, 1인당]",observation,v124-a-003-obs-00230,A-003_gdp_ppp_current,VNM,2019,2019,2019,,,,1071756124195.505,국제달러,,,,,,[PPP] World Bank 「NY.GDP.MKTP.PP.CD」 기준. current international $. 38대 기후기술을 특정하지 않는 배경·여건 지표이므로 매핑하지 않음(tech_ids=해당없음).,World Bank,https://data.worldbank.org/indicator/NY.GDP.MKTP.PP.CD?locations=VN,CC-BY-4.0,A-003.xlsx,1.1_observation(측정값),115,
A-003,"GDP[현재가, PPP, 성장률, 1인당]",observation,v124-a-003-obs-00231,A-003_gdp_ppp_current,VNM,2020,2020,2020,,,,1138632490789.118,국제달러,,,,,,[PPP] World Bank 「NY.GDP.MKTP.PP.CD」 기준. current international $. 38대 기후기술을 특정하지 않는 배경·여건 지표이므로 매핑하지 않음(tech_ids=해당없음).,World Bank,https://data.worldbank.org/indicator/NY.GDP.MKTP.PP.CD?locations=VN,CC-BY-4.0,A-003.xlsx,1.1_observation(측정값),116,
A-003,"GDP[현재가, PPP, 성장률, 1인당]",observation,v124-a-003-obs-00232,A-003_gdp_ppp_current,VNM,2021,2021,2021,,,,1192059299524.621,국제달러,,,,,,[PPP] World Bank 「NY.GDP.MKTP.PP.CD」 기준. current international $. 38대 기후기술을 특정하지 않는 배경·여건 지표이므로 매핑하지 않음(tech_ids=해당없음).,World Bank,https://data.worldbank.org/indicator/NY.GDP.MKTP.PP.CD?locations=VN,CC-BY-4.0,A-003.xlsx,1.1_observation(측정값),117,
A-003,"GDP[현재가, PPP, 성장률, 1인당]",observation,v124-a-003-obs-00233,A-003_gdp_ppp_current,VNM,2022,2022,2022,,,,1385855161107.38,국제달러,,,,,,[PPP] World Bank 「NY.GDP.MKTP.PP.CD」 기준. current international $. 38대 기후기술을 특정하지 않는 배경·여건 지표이므로 매핑하지 않음(tech_ids=해당없음).,World Bank,https://data.worldbank.org/indicator/NY.GDP.MKTP.PP.CD?locations=VN,CC-BY-4.0,A-003.xlsx,1.1_observation(측정값),118,
A-003,"GDP[현재가, PPP, 성장률, 1인당]",observation,v124-a-003-obs-00234,A-003_gdp_ppp_current,VNM,2023,2023,2023,,,,1508684816246.349,국제달러,,,,,,[PPP] World Bank 「NY.GDP.MKTP.PP.CD」 기준. current international $. 38대 기후기술을 특정하지 않는 배경·여건 지표이므로 매핑하지 않음(tech_ids=해당없음).,World Bank,https://data.worldbank.org/indicator/NY.GDP.MKTP.PP.CD?locations=VN,CC-BY-4.0,A-003.xlsx,1.1_observation(측정값),119,
A-003,"GDP[현재가, PPP, 성장률, 1인당]",observation,v124-a-003-obs-00235,A-003_gdp_ppp_current,VNM,2024,2024,2024,,,,1654976987627.63,국제달러,,,,,,[PPP] World Bank 「NY.GDP.MKTP.PP.CD」 기준. current international $. 38대 기후기술을 특정하지 않는 배경·여건 지표이므로 매핑하지 않음(tech_ids=해당없음).,World Bank,https://data.worldbank.org/indicator/NY.GDP.MKTP.PP.CD?locations=VN,CC-BY-4.0,A-003.xlsx,1.1_observation(측정값),120,
A-003,"GDP[현재가, PPP, 성장률, 1인당]",observation,v124-a-003-obs-00236,A-003_gdp_ppp_current,VNM,2025,2025,2025,,,,1837764100907.654,국제달러,,,,,,[PPP] World Bank 「NY.GDP.MKTP.PP.CD」 기준. current international $. 38대 기후기술을 특정하지 않는 배경·여건 지표이므로 매핑하지 않음(tech_ids=해당없음).,World Bank,https://data.worldbank.org/indicator/NY.GDP.MKTP.PP.CD?locations=VN,CC-BY-4.0,A-003.xlsx,1.1_observation(측정값),121,
A-003,"GDP[현재가, PPP, 성장률, 1인당]",observation,v124-a-003-obs-00237,A-003_gni_ppp_current,VNM,1990,1990,1990,,,,75266904225.26633,국제달러,,,,,,[PPP] World Bank 「NY.GNP.MKTP.PP.CD」 기준. current international $. 38대 기후기술을 특정하지 않는 배경·여건 지표이므로 매핑하지 않음(tech_ids=해당없음).,World Bank,https://data.worldbank.org/indicator/NY.GNP.MKTP.PP.CD?locations=VN,CC-BY-4.0,A-003.xlsx,1.1_observation(측정값),122,
A-003,"GDP[현재가, PPP, 성장률, 1인당]",observation,v124-a-003-obs-00238,A-003_gni_ppp_current,VNM,1991,1991,1991,,,,83160362579.02641,국제달러,,,,,,[PPP] World Bank 「NY.GNP.MKTP.PP.CD」 기준. current international $. 38대 기후기술을 특정하지 않는 배경·여건 지표이므로 매핑하지 않음(tech_ids=해당없음).,World Bank,https://data.worldbank.org/indicator/NY.GNP.MKTP.PP.CD?locations=VN,CC-BY-4.0,A-003.xlsx,1.1_observation(측정값),123,
A-003,"GDP[현재가, PPP, 성장률, 1인당]",observation,v124-a-003-obs-00239,A-003_gni_ppp_current,VNM,1992,1992,1992,,,,93862472356.83687,국제달러,,,,,,[PPP] World Bank 「NY.GNP.MKTP.PP.CD」 기준. current international $. 38대 기후기술을 특정하지 않는 배경·여건 지표이므로 매핑하지 않음(tech_ids=해당없음).,World Bank,https://data.worldbank.org/indicator/NY.GNP.MKTP.PP.CD?locations=VN,CC-BY-4.0,A-003.xlsx,1.1_observation(측정값),124,
A-003,"GDP[현재가, PPP, 성장률, 1인당]",observation,v124-a-003-obs-00240,A-003_gni_ppp_current,VNM,1993,1993,1993,,,,103511759484.7412,국제달러,,,,,,[PPP] World Bank 「NY.GNP.MKTP.PP.CD」 기준. current international $. 38대 기후기술을 특정하지 않는 배경·여건 지표이므로 매핑하지 않음(tech_ids=해당없음).,World Bank,https://data.worldbank.org/indicator/NY.GNP.MKTP.PP.CD?locations=VN,CC-BY-4.0,A-003.xlsx,1.1_observation(측정값),125,
A-003,"GDP[현재가, PPP, 성장률, 1인당]",observation,v124-a-003-obs-00241,A-003_gni_ppp_current,VNM,1994,1994,1994,,,,116263288080.9701,국제달러,,,,,,[PPP] World Bank 「NY.GNP.MKTP.PP.CD」 기준. current international $. 38대 기후기술을 특정하지 않는 배경·여건 지표이므로 매핑하지 않음(tech_ids=해당없음).,World Bank,https://data.worldbank.org/indicator/NY.GNP.MKTP.PP.CD?locations=VN,CC-BY-4.0,A-003.xlsx,1.1_observation(측정값),126,
A-003,"GDP[현재가, PPP, 성장률, 1인당]",observation,v124-a-003-obs-00242,A-003_gni_ppp_current,VNM,1995,1995,1995,,,,132571031169.1637,국제달러,,,,,,[PPP] World Bank 「NY.GNP.MKTP.PP.CD」 기준. current international $. 38대 기후기술을 특정하지 않는 배경·여건 지표이므로 매핑하지 않음(tech_ids=해당없음).,World Bank,https://data.worldbank.org/indicator/NY.GNP.MKTP.PP.CD?locations=VN,CC-BY-4.0,A-003.xlsx,1.1_observation(측정값),127,
A-003,"GDP[현재가, PPP, 성장률, 1인당]",observation,v124-a-003-obs-00243,A-003_gni_ppp_current,VNM,1996,1996,1996,,,,146697544100.9377,국제달러,,,,,,[PPP] World Bank 「NY.GNP.MKTP.PP.CD」 기준. current international $. 38대 기후기술을 특정하지 않는 배경·여건 지표이므로 매핑하지 않음(tech_ids=해당없음).,World Bank,https://data.worldbank.org/indicator/NY.GNP.MKTP.PP.CD?locations=VN,CC-BY-4.0,A-003.xlsx,1.1_observation(측정값),128,
A-003,"GDP[현재가, PPP, 성장률, 1인당]",observation,v124-a-003-obs-00244,A-003_gni_ppp_current,VNM,1997,1997,1997,,,,160463203450.8713,국제달러,,,,,,[PPP] World Bank 「NY.GNP.MKTP.PP.CD」 기준. current international $. 38대 기후기술을 특정하지 않는 배경·여건 지표이므로 매핑하지 않음(tech_ids=해당없음).,World Bank,https://data.worldbank.org/indicator/NY.GNP.MKTP.PP.CD?locations=VN,CC-BY-4.0,A-003.xlsx,1.1_observation(측정값),129,
A-003,"GDP[현재가, PPP, 성장률, 1인당]",observation,v124-a-003-obs-00245,A-003_gni_ppp_current,VNM,1998,1998,1998,,,,170710751621.4995,국제달러,,,,,,[PPP] World Bank 「NY.GNP.MKTP.PP.CD」 기준. current international $. 38대 기후기술을 특정하지 않는 배경·여건 지표이므로 매핑하지 않음(tech_ids=해당없음).,World Bank,https://data.worldbank.org/indicator/NY.GNP.MKTP.PP.CD?locations=VN,CC-BY-4.0,A-003.xlsx,1.1_observation(측정값),130,
A-003,"GDP[현재가, PPP, 성장률, 1인당]",observation,v124-a-003-obs-00246,A-003_gni_ppp_current,VNM,1999,1999,1999,,,,182050579824.3589,국제달러,,,,,,[PPP] World Bank 「NY.GNP.MKTP.PP.CD」 기준. current international $. 38대 기후기술을 특정하지 않는 배경·여건 지표이므로 매핑하지 않음(tech_ids=해당없음).,World Bank,https://data.worldbank.org/indicator/NY.GNP.MKTP.PP.CD?locations=VN,CC-BY-4.0,A-003.xlsx,1.1_observation(측정값),131,
A-003,"GDP[현재가, PPP, 성장률, 1인당]",observation,v124-a-003-obs-00247,A-003_gni_ppp_current,VNM,2000,2000,2000,,,,199414106870.6807,국제달러,,,,,,[PPP] World Bank 「NY.GNP.MKTP.PP.CD」 기준. current international $. 38대 기후기술을 특정하지 않는 배경·여건 지표이므로 매핑하지 않음(tech_ids=해당없음).,World Bank,https://data.worldbank.org/indicator/NY.GNP.MKTP.PP.CD?locations=VN,CC-BY-4.0,A-003.xlsx,1.1_observation(측정값),132,
A-003,"GDP[현재가, PPP, 성장률, 1인당]",observation,v124-a-003-obs-00248,A-003_gni_ppp_current,VNM,2001,2001,2001,,,,216694930656.7005,국제달러,,,,,,[PPP] World Bank 「NY.GNP.MKTP.PP.CD」 기준. current international $. 38대 기후기술을 특정하지 않는 배경·여건 지표이므로 매핑하지 않음(tech_ids=해당없음).,World Bank,https://data.worldbank.org/indicator/NY.GNP.MKTP.PP.CD?locations=VN,CC-BY-4.0,A-003.xlsx,1.1_observation(측정값),133,
A-003,"GDP[현재가, PPP, 성장률, 1인당]",observation,v124-a-003-obs-00249,A-003_gni_ppp_current,VNM,2002,2002,2002,,,,233437769524.5164,국제달러,,,,,,[PPP] World Bank 「NY.GNP.MKTP.PP.CD」 기준. current international $. 38대 기후기술을 특정하지 않는 배경·여건 지표이므로 매핑하지 않음(tech_ids=해당없음).,World Bank,https://data.worldbank.org/indicator/NY.GNP.MKTP.PP.CD?locations=VN,CC-BY-4.0,A-003.xlsx,1.1_observation(측정값),134,
A-003,"GDP[현재가, PPP, 성장률, 1인당]",observation,v124-a-003-obs-00250,A-003_gni_ppp_current,VNM,2003,2003,2003,,,,254540137547.8455,국제달러,,,,,,[PPP] World Bank 「NY.GNP.MKTP.PP.CD」 기준. current international $. 38대 기후기술을 특정하지 않는 배경·여건 지표이므로 매핑하지 않음(tech_ids=해당없음).,World Bank,https://data.worldbank.org/indicator/NY.GNP.MKTP.PP.CD?locations=VN,CC-BY-4.0,A-003.xlsx,1.1_observation(측정값),135,
A-003,"GDP[현재가, PPP, 성장률, 1인당]",observation,v124-a-003-obs-00251,A-003_gni_ppp_current,VNM,2004,2004,2004,,,,280448977419.1946,국제달러,,,,,,[PPP] World Bank 「NY.GNP.MKTP.PP.CD」 기준. current international $. 38대 기후기술을 특정하지 않는 배경·여건 지표이므로 매핑하지 않음(tech_ids=해당없음).,World Bank,https://data.worldbank.org/indicator/NY.GNP.MKTP.PP.CD?locations=VN,CC-BY-4.0,A-003.xlsx,1.1_observation(측정값),136,
A-003,"GDP[현재가, PPP, 성장률, 1인당]",observation,v124-a-003-obs-00252,A-003_gni_ppp_current,VNM,2005,2005,2005,,,,311165874438.387,국제달러,,,,,,[PPP] World Bank 「NY.GNP.MKTP.PP.CD」 기준. current international $. 38대 기후기술을 특정하지 않는 배경·여건 지표이므로 매핑하지 않음(tech_ids=해당없음).,World Bank,https://data.worldbank.org/indicator/NY.GNP.MKTP.PP.CD?locations=VN,CC-BY-4.0,A-003.xlsx,1.1_observation(측정값),137,
A-003,"GDP[현재가, PPP, 성장률, 1인당]",observation,v124-a-003-obs-00253,A-003_gni_ppp_current,VNM,2006,2006,2006,,,,342286199379.6868,국제달러,,,,,,[PPP] World Bank 「NY.GNP.MKTP.PP.CD」 기준. current international $. 38대 기후기술을 특정하지 않는 배경·여건 지표이므로 매핑하지 않음(tech_ids=해당없음).,World Bank,https://data.worldbank.org/indicator/NY.GNP.MKTP.PP.CD?locations=VN,CC-BY-4.0,A-003.xlsx,1.1_observation(측정값),138,
A-003,"GDP[현재가, PPP, 성장률, 1인당]",observation,v124-a-003-obs-00254,A-003_gni_ppp_current,VNM,2007,2007,2007,,,,374646043706.9989,국제달러,,,,,,[PPP] World Bank 「NY.GNP.MKTP.PP.CD」 기준. current international $. 38대 기후기술을 특정하지 않는 배경·여건 지표이므로 매핑하지 않음(tech_ids=해당없음).,World Bank,https://data.worldbank.org/indicator/NY.GNP.MKTP.PP.CD?locations=VN,CC-BY-4.0,A-003.xlsx,1.1_observation(측정값),139,
A-003,"GDP[현재가, PPP, 성장률, 1인당]",observation,v124-a-003-obs-00255,A-003_gni_ppp_current,VNM,2008,2008,2008,,,,402928818710.9561,국제달러,,,,,,[PPP] World Bank 「NY.GNP.MKTP.PP.CD」 기준. current international $. 38대 기후기술을 특정하지 않는 배경·여건 지표이므로 매핑하지 않음(tech_ids=해당없음).,World Bank,https://data.worldbank.org/indicator/NY.GNP.MKTP.PP.CD?locations=VN,CC-BY-4.0,A-003.xlsx,1.1_observation(측정값),140,
A-003,"GDP[현재가, PPP, 성장률, 1인당]",observation,v124-a-003-obs-00256,A-003_gni_ppp_current,VNM,2009,2009,2009,,,,422707398307.174,국제달러,,,,,,[PPP] World Bank 「NY.GNP.MKTP.PP.CD」 기준. current international $. 38대 기후기술을 특정하지 않는 배경·여건 지표이므로 매핑하지 않음(tech_ids=해당없음).,World Bank,https://data.worldbank.org/indicator/NY.GNP.MKTP.PP.CD?locations=VN,CC-BY-4.0,A-003.xlsx,1.1_observation(측정값),141,
A-003,"GDP[현재가, PPP, 성장률, 1인당]",observation,v124-a-003-obs-00257,A-003_gni_ppp_current,VNM,2010,2010,2010,,,,456692413944.6245,국제달러,,,,,,[PPP] World Bank 「NY.GNP.MKTP.PP.CD」 기준. current international $. 38대 기후기술을 특정하지 않는 배경·여건 지표이므로 매핑하지 않음(tech_ids=해당없음).,World Bank,https://data.worldbank.org/indicator/NY.GNP.MKTP.PP.CD?locations=VN,CC-BY-4.0,A-003.xlsx,1.1_observation(측정값),142,
A-003,"GDP[현재가, PPP, 성장률, 1인당]",observation,v124-a-003-obs-00258,A-003_gni_ppp_current,VNM,2011,2011,2011,,,,497552154232.6226,국제달러,,,,,,[PPP] World Bank 「NY.GNP.MKTP.PP.CD」 기준. current international $. 38대 기후기술을 특정하지 않는 배경·여건 지표이므로 매핑하지 않음(tech_ids=해당없음).,World Bank,https://data.worldbank.org/indicator/NY.GNP.MKTP.PP.CD?locations=VN,CC-BY-4.0,A-003.xlsx,1.1_observation(측정값),143,
A-003,"GDP[현재가, PPP, 성장률, 1인당]",observation,v124-a-003-obs-00259,A-003_gni_ppp_current,VNM,2012,2012,2012,,,,552611427110.4452,국제달러,,,,,,[PPP] World Bank 「NY.GNP.MKTP.PP.CD」 기준. current international $. 38대 기후기술을 특정하지 않는 배경·여건 지표이므로 매핑하지 않음(tech_ids=해당없음).,World Bank,https://data.worldbank.org/indicator/NY.GNP.MKTP.PP.CD?locations=VN,CC-BY-4.0,A-003.xlsx,1.1_observation(측정값),144,
A-003,"GDP[현재가, PPP, 성장률, 1인당]",observation,v124-a-003-obs-00260,A-003_gni_ppp_current,VNM,2013,2013,2013,,,,591114739558.6738,국제달러,,,,,,[PPP] World Bank 「NY.GNP.MKTP.PP.CD」 기준. current international $. 38대 기후기술을 특정하지 않는 배경·여건 지표이므로 매핑하지 않음(tech_ids=해당없음).,World Bank,https://data.worldbank.org/indicator/NY.GNP.MKTP.PP.CD?locations=VN,CC-BY-4.0,A-003.xlsx,1.1_observation(측정값),145,
A-003,"GDP[현재가, PPP, 성장률, 1인당]",observation,v124-a-003-obs-00261,A-003_gni_ppp_current,VNM,2014,2014,2014,,,,643626834554.3905,국제달러,,,,,,[PPP] World Bank 「NY.GNP.MKTP.PP.CD」 기준. current international $. 38대 기후기술을 특정하지 않는 배경·여건 지표이므로 매핑하지 않음(tech_ids=해당없음).,World Bank,https://data.worldbank.org/indicator/NY.GNP.MKTP.PP.CD?locations=VN,CC-BY-4.0,A-003.xlsx,1.1_observation(측정값),146,
A-003,"GDP[현재가, PPP, 성장률, 1인당]",observation,v124-a-003-obs-00262,A-003_gni_ppp_current,VNM,2015,2015,2015,,,,675964750828.8094,국제달러,,,,,,[PPP] World Bank 「NY.GNP.MKTP.PP.CD」 기준. current international $. 38대 기후기술을 특정하지 않는 배경·여건 지표이므로 매핑하지 않음(tech_ids=해당없음).,World Bank,https://data.worldbank.org/indicator/NY.GNP.MKTP.PP.CD?locations=VN,CC-BY-4.0,A-003.xlsx,1.1_observation(측정값),147,
A-003,"GDP[현재가, PPP, 성장률, 1인당]",observation,v124-a-003-obs-00263,A-003_gni_ppp_current,VNM,2016,2016,2016,,,,743900376751.0925,국제달러,,,,,,[PPP] World Bank 「NY.GNP.MKTP.PP.CD」 기준. current international $. 38대 기후기술을 특정하지 않는 배경·여건 지표이므로 매핑하지 않음(tech_ids=해당없음).,World Bank,https://data.worldbank.org/indicator/NY.GNP.MKTP.PP.CD?locations=VN,CC-BY-4.0,A-003.xlsx,1.1_observation(측정값),148,
A-003,"GDP[현재가, PPP, 성장률, 1인당]",observation,v124-a-003-obs-00264,A-003_gni_ppp_current,VNM,2017,2017,2017,,,,820021816285.0188,국제달러,,,,,,[PPP] World Bank 「NY.GNP.MKTP.PP.CD」 기준. current international $. 38대 기후기술을 특정하지 않는 배경·여건 지표이므로 매핑하지 않음(tech_ids=해당없음).,World Bank,https://data.worldbank.org/indicator/NY.GNP.MKTP.PP.CD?locations=VN,CC-BY-4.0,A-003.xlsx,1.1_observation(측정값),149,
A-003,"GDP[현재가, PPP, 성장률, 1인당]",observation,v124-a-003-obs-00265,A-003_gni_ppp_current,VNM,2018,2018,2018,,,,914187294043.872,국제달러,,,,,,[PPP] World Bank 「NY.GNP.MKTP.PP.CD」 기준. current international $. 38대 기후기술을 특정하지 않는 배경·여건 지표이므로 매핑하지 않음(tech_ids=해당없음).,World Bank,https://data.worldbank.org/indicator/NY.GNP.MKTP.PP.CD?locations=VN,CC-BY-4.0,A-003.xlsx,1.1_observation(측정값),150,
A-003,"GDP[현재가, PPP, 성장률, 1인당]",observation,v124-a-003-obs-00266,A-003_gni_ppp_current,VNM,2019,2019,2019,,,,1017913175806.383,국제달러,,,,,,[PPP] World Bank 「NY.GNP.MKTP.PP.CD」 기준. current international $. 38대 기후기술을 특정하지 않는 배경·여건 지표이므로 매핑하지 않음(tech_ids=해당없음).,World Bank,https://data.worldbank.org/indicator/NY.GNP.MKTP.PP.CD?locations=VN,CC-BY-4.0,A-003.xlsx,1.1_observation(측정값),151,
A-003,"GDP[현재가, PPP, 성장률, 1인당]",observation,v124-a-003-obs-00267,A-003_gni_ppp_current,VNM,2020,2020,2020,,,,1089957330437.954,국제달러,,,,,,[PPP] World Bank 「NY.GNP.MKTP.PP.CD」 기준. current international $. 38대 기후기술을 특정하지 않는 배경·여건 지표이므로 매핑하지 않음(tech_ids=해당없음).,World Bank,https://data.worldbank.org/indicator/NY.GNP.MKTP.PP.CD?locations=VN,CC-BY-4.0,A-003.xlsx,1.1_observation(측정값),152,
A-003,"GDP[현재가, PPP, 성장률, 1인당]",observation,v124-a-003-obs-00268,A-003_gni_ppp_current,VNM,2021,2021,2021,,,,1131072479989.588,국제달러,,,,,,[PPP] World Bank 「NY.GNP.MKTP.PP.CD」 기준. current international $. 38대 기후기술을 특정하지 않는 배경·여건 지표이므로 매핑하지 않음(tech_ids=해당없음).,World Bank,https://data.worldbank.org/indicator/NY.GNP.MKTP.PP.CD?locations=VN,CC-BY-4.0,A-003.xlsx,1.1_observation(측정값),153,
A-003,"GDP[현재가, PPP, 성장률, 1인당]",observation,v124-a-003-obs-00269,A-003_gni_ppp_current,VNM,2022,2022,2022,,,,1319102385532.661,국제달러,,,,,,[PPP] World Bank 「NY.GNP.MKTP.PP.CD」 기준. current international $. 38대 기후기술을 특정하지 않는 배경·여건 지표이므로 매핑하지 않음(tech_ids=해당없음).,World Bank,https://data.worldbank.org/indicator/NY.GNP.MKTP.PP.CD?locations=VN,CC-BY-4.0,A-003.xlsx,1.1_observation(측정값),154,
A-003,"GDP[현재가, PPP, 성장률, 1인당]",observation,v124-a-003-obs-00270,A-003_gni_ppp_current,VNM,2023,2023,2023,,,,1430563116070.538,국제달러,,,,,,[PPP] World Bank 「NY.GNP.MKTP.PP.CD」 기준. current international $. 38대 기후기술을 특정하지 않는 배경·여건 지표이므로 매핑하지 않음(tech_ids=해당없음).,World Bank,https://data.worldbank.org/indicator/NY.GNP.MKTP.PP.CD?locations=VN,CC-BY-4.0,A-003.xlsx,1.1_observation(측정값),155,
A-003,"GDP[현재가, PPP, 성장률, 1인당]",observation,v124-a-003-obs-00271,A-003_gni_ppp_current,VNM,2024,2024,2024,,,,1600452078876.743,국제달러,,,,,,[PPP] World Bank 「NY.GNP.MKTP.PP.CD」 기준. current international $. 38대 기후기술을 특정하지 않는 배경·여건 지표이므로 매핑하지 않음(tech_ids=해당없음).,World Bank,https://data.worldbank.org/indicator/NY.GNP.MKTP.PP.CD?locations=VN,CC-BY-4.0,A-003.xlsx,1.1_observation(측정값),156,
A-003,"GDP[현재가, PPP, 성장률, 1인당]",observation,v124-a-003-obs-00272,A-003_gni_ppp_current,VNM,2025,2025,2025,,,,1786022723580.501,국제달러,,,,,,[PPP] World Bank 「NY.GNP.MKTP.PP.CD」 기준. current international $. 38대 기후기술을 특정하지 않는 배경·여건 지표이므로 매핑하지 않음(tech_ids=해당없음).,World Bank,https://data.worldbank.org/indicator/NY.GNP.MKTP.PP.CD?locations=VN,CC-BY-4.0,A-003.xlsx,1.1_observation(측정값),157,
