element_id,element_label,record_type,record_id,indicator_id,country_iso3,year,period_start,period_end,period,statistic_type,source_year_label,value,unit,name,latitude,longitude,attributes_json,missing_reason_code,note,source_org,source_url,license_code,source_file,source_sheet,source_row,publication_decision_id
A-002,"CPIA(Country Policy and Institutional Assessment, 국가 신용도·거버넌스 수준 지표)",observation,v124-a-002-obs-00001,A-002_wgi_cc_est,VNM,1996,1996,1996,,,,-0.698169,,,,,,,World Bank 「GOV_WGI_CC.EST」 기준. 표준정규(-2.5 약함 ~ +2.5 강함). 38대 기후기술을 특정하지 않는 배경·여건 지표이므로 매핑하지 않음(tech_ids=해당없음).,,,,"A-002_WGI(Worldwide Governance Indicators, 국가 거버넌스 평가 지표).xlsx",1.1_observation(측정값),294,
A-002,"CPIA(Country Policy and Institutional Assessment, 국가 신용도·거버넌스 수준 지표)",observation,v124-a-002-obs-00002,A-002_wgi_cc_est,VNM,1997,1997,1997,,,,,,,,,,M01,[M01·원자료 결측] 원천(World Bank / GOV_WGI_CC.EST)이 1997년 값을 제공하지 않음. WGI가 2002년까지 격년으로 산출되었기 때문임. 38대 기후기술을 특정하지 않는 배경·여건 지표이므로 매핑하지 않음(tech_ids=해당없음).,,,,"A-002_WGI(Worldwide Governance Indicators, 국가 거버넌스 평가 지표).xlsx",1.1_observation(측정값),320,
A-002,"CPIA(Country Policy and Institutional Assessment, 국가 신용도·거버넌스 수준 지표)",observation,v124-a-002-obs-00003,A-002_wgi_cc_est,VNM,1998,1998,1998,,,,-0.791072,,,,,,,World Bank 「GOV_WGI_CC.EST」 기준. 표준정규(-2.5 약함 ~ +2.5 강함). 38대 기후기술을 특정하지 않는 배경·여건 지표이므로 매핑하지 않음(tech_ids=해당없음).,,,,"A-002_WGI(Worldwide Governance Indicators, 국가 거버넌스 평가 지표).xlsx",1.1_observation(측정값),295,
A-002,"CPIA(Country Policy and Institutional Assessment, 국가 신용도·거버넌스 수준 지표)",observation,v124-a-002-obs-00004,A-002_wgi_cc_est,VNM,1999,1999,1999,,,,,,,,,,M01,[M01·원자료 결측] 원천(World Bank / GOV_WGI_CC.EST)이 1999년 값을 제공하지 않음. WGI가 2002년까지 격년으로 산출되었기 때문임. 38대 기후기술을 특정하지 않는 배경·여건 지표이므로 매핑하지 않음(tech_ids=해당없음).,,,,"A-002_WGI(Worldwide Governance Indicators, 국가 거버넌스 평가 지표).xlsx",1.1_observation(측정값),321,
A-002,"CPIA(Country Policy and Institutional Assessment, 국가 신용도·거버넌스 수준 지표)",observation,v124-a-002-obs-00005,A-002_wgi_cc_est,VNM,2000,2000,2000,,,,-0.757434,,,,,,,World Bank 「GOV_WGI_CC.EST」 기준. 표준정규(-2.5 약함 ~ +2.5 강함). 38대 기후기술을 특정하지 않는 배경·여건 지표이므로 매핑하지 않음(tech_ids=해당없음).,,,,"A-002_WGI(Worldwide Governance Indicators, 국가 거버넌스 평가 지표).xlsx",1.1_observation(측정값),296,
A-002,"CPIA(Country Policy and Institutional Assessment, 국가 신용도·거버넌스 수준 지표)",observation,v124-a-002-obs-00006,A-002_wgi_cc_est,VNM,2001,2001,2001,,,,,,,,,,M01,[M01·원자료 결측] 원천(World Bank / GOV_WGI_CC.EST)이 2001년 값을 제공하지 않음. WGI가 2002년까지 격년으로 산출되었기 때문임. 38대 기후기술을 특정하지 않는 배경·여건 지표이므로 매핑하지 않음(tech_ids=해당없음).,,,,"A-002_WGI(Worldwide Governance Indicators, 국가 거버넌스 평가 지표).xlsx",1.1_observation(측정값),322,
A-002,"CPIA(Country Policy and Institutional Assessment, 국가 신용도·거버넌스 수준 지표)",observation,v124-a-002-obs-00007,A-002_wgi_cc_est,VNM,2002,2002,2002,,,,-0.800942,,,,,,,World Bank 「GOV_WGI_CC.EST」 기준. 표준정규(-2.5 약함 ~ +2.5 강함). 38대 기후기술을 특정하지 않는 배경·여건 지표이므로 매핑하지 않음(tech_ids=해당없음).,,,,"A-002_WGI(Worldwide Governance Indicators, 국가 거버넌스 평가 지표).xlsx",1.1_observation(측정값),297,
A-002,"CPIA(Country Policy and Institutional Assessment, 국가 신용도·거버넌스 수준 지표)",observation,v124-a-002-obs-00008,A-002_wgi_cc_est,VNM,2003,2003,2003,,,,-0.674192,,,,,,,World Bank 「GOV_WGI_CC.EST」 기준. 표준정규(-2.5 약함 ~ +2.5 강함). 38대 기후기술을 특정하지 않는 배경·여건 지표이므로 매핑하지 않음(tech_ids=해당없음).,,,,"A-002_WGI(Worldwide Governance Indicators, 국가 거버넌스 평가 지표).xlsx",1.1_observation(측정값),298,
A-002,"CPIA(Country Policy and Institutional Assessment, 국가 신용도·거버넌스 수준 지표)",observation,v124-a-002-obs-00009,A-002_wgi_cc_est,VNM,2004,2004,2004,,,,-0.804947,,,,,,,World Bank 「GOV_WGI_CC.EST」 기준. 표준정규(-2.5 약함 ~ +2.5 강함). 38대 기후기술을 특정하지 않는 배경·여건 지표이므로 매핑하지 않음(tech_ids=해당없음).,,,,"A-002_WGI(Worldwide Governance Indicators, 국가 거버넌스 평가 지표).xlsx",1.1_observation(측정값),299,
A-002,"CPIA(Country Policy and Institutional Assessment, 국가 신용도·거버넌스 수준 지표)",observation,v124-a-002-obs-00010,A-002_wgi_cc_est,VNM,2005,2005,2005,,,,-0.791206,,,,,,,World Bank 「GOV_WGI_CC.EST」 기준. 표준정규(-2.5 약함 ~ +2.5 강함). 38대 기후기술을 특정하지 않는 배경·여건 지표이므로 매핑하지 않음(tech_ids=해당없음).,,,,"A-002_WGI(Worldwide Governance Indicators, 국가 거버넌스 평가 지표).xlsx",1.1_observation(측정값),300,
A-002,"CPIA(Country Policy and Institutional Assessment, 국가 신용도·거버넌스 수준 지표)",observation,v124-a-002-obs-00011,A-002_wgi_cc_est,VNM,2006,2006,2006,,,,-0.58128,,,,,,,World Bank 「GOV_WGI_CC.EST」 기준. 표준정규(-2.5 약함 ~ +2.5 강함). 38대 기후기술을 특정하지 않는 배경·여건 지표이므로 매핑하지 않음(tech_ids=해당없음).,,,,"A-002_WGI(Worldwide Governance Indicators, 국가 거버넌스 평가 지표).xlsx",1.1_observation(측정값),301,
A-002,"CPIA(Country Policy and Institutional Assessment, 국가 신용도·거버넌스 수준 지표)",observation,v124-a-002-obs-00012,A-002_wgi_cc_est,VNM,2007,2007,2007,,,,-0.425813,,,,,,,World Bank 「GOV_WGI_CC.EST」 기준. 표준정규(-2.5 약함 ~ +2.5 강함). 38대 기후기술을 특정하지 않는 배경·여건 지표이므로 매핑하지 않음(tech_ids=해당없음).,,,,"A-002_WGI(Worldwide Governance Indicators, 국가 거버넌스 평가 지표).xlsx",1.1_observation(측정값),302,
A-002,"CPIA(Country Policy and Institutional Assessment, 국가 신용도·거버넌스 수준 지표)",observation,v124-a-002-obs-00013,A-002_wgi_cc_est,VNM,2008,2008,2008,,,,-0.355976,,,,,,,World Bank 「GOV_WGI_CC.EST」 기준. 표준정규(-2.5 약함 ~ +2.5 강함). 38대 기후기술을 특정하지 않는 배경·여건 지표이므로 매핑하지 않음(tech_ids=해당없음).,,,,"A-002_WGI(Worldwide Governance Indicators, 국가 거버넌스 평가 지표).xlsx",1.1_observation(측정값),303,
A-002,"CPIA(Country Policy and Institutional Assessment, 국가 신용도·거버넌스 수준 지표)",observation,v124-a-002-obs-00014,A-002_wgi_cc_est,VNM,2009,2009,2009,,,,-0.316417,,,,,,,World Bank 「GOV_WGI_CC.EST」 기준. 표준정규(-2.5 약함 ~ +2.5 강함). 38대 기후기술을 특정하지 않는 배경·여건 지표이므로 매핑하지 않음(tech_ids=해당없음).,,,,"A-002_WGI(Worldwide Governance Indicators, 국가 거버넌스 평가 지표).xlsx",1.1_observation(측정값),304,
A-002,"CPIA(Country Policy and Institutional Assessment, 국가 신용도·거버넌스 수준 지표)",observation,v124-a-002-obs-00015,A-002_wgi_cc_est,VNM,2010,2010,2010,,,,-0.411599,,,,,,,World Bank 「GOV_WGI_CC.EST」 기준. 표준정규(-2.5 약함 ~ +2.5 강함). 38대 기후기술을 특정하지 않는 배경·여건 지표이므로 매핑하지 않음(tech_ids=해당없음).,,,,"A-002_WGI(Worldwide Governance Indicators, 국가 거버넌스 평가 지표).xlsx",1.1_observation(측정값),305,
A-002,"CPIA(Country Policy and Institutional Assessment, 국가 신용도·거버넌스 수준 지표)",observation,v124-a-002-obs-00016,A-002_wgi_cc_est,VNM,2011,2011,2011,,,,-0.35881,,,,,,,World Bank 「GOV_WGI_CC.EST」 기준. 표준정규(-2.5 약함 ~ +2.5 강함). 38대 기후기술을 특정하지 않는 배경·여건 지표이므로 매핑하지 않음(tech_ids=해당없음).,,,,"A-002_WGI(Worldwide Governance Indicators, 국가 거버넌스 평가 지표).xlsx",1.1_observation(측정값),306,
A-002,"CPIA(Country Policy and Institutional Assessment, 국가 신용도·거버넌스 수준 지표)",observation,v124-a-002-obs-00017,A-002_wgi_cc_est,VNM,2012,2012,2012,,,,-0.462566,,,,,,,World Bank 「GOV_WGI_CC.EST」 기준. 표준정규(-2.5 약함 ~ +2.5 강함). 38대 기후기술을 특정하지 않는 배경·여건 지표이므로 매핑하지 않음(tech_ids=해당없음).,,,,"A-002_WGI(Worldwide Governance Indicators, 국가 거버넌스 평가 지표).xlsx",1.1_observation(측정값),307,
A-002,"CPIA(Country Policy and Institutional Assessment, 국가 신용도·거버넌스 수준 지표)",observation,v124-a-002-obs-00018,A-002_wgi_cc_est,VNM,2013,2013,2013,,,,-0.416948,,,,,,,World Bank 「GOV_WGI_CC.EST」 기준. 표준정규(-2.5 약함 ~ +2.5 강함). 38대 기후기술을 특정하지 않는 배경·여건 지표이므로 매핑하지 않음(tech_ids=해당없음).,,,,"A-002_WGI(Worldwide Governance Indicators, 국가 거버넌스 평가 지표).xlsx",1.1_observation(측정값),308,
A-002,"CPIA(Country Policy and Institutional Assessment, 국가 신용도·거버넌스 수준 지표)",observation,v124-a-002-obs-00019,A-002_wgi_cc_est,VNM,2014,2014,2014,,,,-0.361941,,,,,,,World Bank 「GOV_WGI_CC.EST」 기준. 표준정규(-2.5 약함 ~ +2.5 강함). 38대 기후기술을 특정하지 않는 배경·여건 지표이므로 매핑하지 않음(tech_ids=해당없음).,,,,"A-002_WGI(Worldwide Governance Indicators, 국가 거버넌스 평가 지표).xlsx",1.1_observation(측정값),309,
A-002,"CPIA(Country Policy and Institutional Assessment, 국가 신용도·거버넌스 수준 지표)",observation,v124-a-002-obs-00020,A-002_wgi_cc_est,VNM,2015,2015,2015,,,,-0.377413,,,,,,,World Bank 「GOV_WGI_CC.EST」 기준. 표준정규(-2.5 약함 ~ +2.5 강함). 38대 기후기술을 특정하지 않는 배경·여건 지표이므로 매핑하지 않음(tech_ids=해당없음).,,,,"A-002_WGI(Worldwide Governance Indicators, 국가 거버넌스 평가 지표).xlsx",1.1_observation(측정값),310,
A-002,"CPIA(Country Policy and Institutional Assessment, 국가 신용도·거버넌스 수준 지표)",observation,v124-a-002-obs-00021,A-002_wgi_cc_est,VNM,2016,2016,2016,,,,-0.356688,,,,,,,World Bank 「GOV_WGI_CC.EST」 기준. 표준정규(-2.5 약함 ~ +2.5 강함). 38대 기후기술을 특정하지 않는 배경·여건 지표이므로 매핑하지 않음(tech_ids=해당없음).,,,,"A-002_WGI(Worldwide Governance Indicators, 국가 거버넌스 평가 지표).xlsx",1.1_observation(측정값),311,
A-002,"CPIA(Country Policy and Institutional Assessment, 국가 신용도·거버넌스 수준 지표)",observation,v124-a-002-obs-00022,A-002_wgi_cc_est,VNM,2017,2017,2017,,,,-0.423821,,,,,,,World Bank 「GOV_WGI_CC.EST」 기준. 표준정규(-2.5 약함 ~ +2.5 강함). 38대 기후기술을 특정하지 않는 배경·여건 지표이므로 매핑하지 않음(tech_ids=해당없음).,,,,"A-002_WGI(Worldwide Governance Indicators, 국가 거버넌스 평가 지표).xlsx",1.1_observation(측정값),312,
A-002,"CPIA(Country Policy and Institutional Assessment, 국가 신용도·거버넌스 수준 지표)",observation,v124-a-002-obs-00023,A-002_wgi_cc_est,VNM,2018,2018,2018,,,,-0.395105,,,,,,,World Bank 「GOV_WGI_CC.EST」 기준. 표준정규(-2.5 약함 ~ +2.5 강함). 38대 기후기술을 특정하지 않는 배경·여건 지표이므로 매핑하지 않음(tech_ids=해당없음).,,,,"A-002_WGI(Worldwide Governance Indicators, 국가 거버넌스 평가 지표).xlsx",1.1_observation(측정값),313,
A-002,"CPIA(Country Policy and Institutional Assessment, 국가 신용도·거버넌스 수준 지표)",observation,v124-a-002-obs-00024,A-002_wgi_cc_est,VNM,2019,2019,2019,,,,-0.362143,,,,,,,World Bank 「GOV_WGI_CC.EST」 기준. 표준정규(-2.5 약함 ~ +2.5 강함). 38대 기후기술을 특정하지 않는 배경·여건 지표이므로 매핑하지 않음(tech_ids=해당없음).,,,,"A-002_WGI(Worldwide Governance Indicators, 국가 거버넌스 평가 지표).xlsx",1.1_observation(측정값),314,
A-002,"CPIA(Country Policy and Institutional Assessment, 국가 신용도·거버넌스 수준 지표)",observation,v124-a-002-obs-00025,A-002_wgi_cc_est,VNM,2020,2020,2020,,,,-0.313181,,,,,,,World Bank 「GOV_WGI_CC.EST」 기준. 표준정규(-2.5 약함 ~ +2.5 강함). 38대 기후기술을 특정하지 않는 배경·여건 지표이므로 매핑하지 않음(tech_ids=해당없음).,,,,"A-002_WGI(Worldwide Governance Indicators, 국가 거버넌스 평가 지표).xlsx",1.1_observation(측정값),315,
A-002,"CPIA(Country Policy and Institutional Assessment, 국가 신용도·거버넌스 수준 지표)",observation,v124-a-002-obs-00026,A-002_wgi_cc_est,VNM,2021,2021,2021,,,,-0.310677,,,,,,,World Bank 「GOV_WGI_CC.EST」 기준. 표준정규(-2.5 약함 ~ +2.5 강함). 38대 기후기술을 특정하지 않는 배경·여건 지표이므로 매핑하지 않음(tech_ids=해당없음).,,,,"A-002_WGI(Worldwide Governance Indicators, 국가 거버넌스 평가 지표).xlsx",1.1_observation(측정값),316,
A-002,"CPIA(Country Policy and Institutional Assessment, 국가 신용도·거버넌스 수준 지표)",observation,v124-a-002-obs-00027,A-002_wgi_cc_est,VNM,2022,2022,2022,,,,-0.245987,,,,,,,World Bank 「GOV_WGI_CC.EST」 기준. 표준정규(-2.5 약함 ~ +2.5 강함). 38대 기후기술을 특정하지 않는 배경·여건 지표이므로 매핑하지 않음(tech_ids=해당없음).,,,,"A-002_WGI(Worldwide Governance Indicators, 국가 거버넌스 평가 지표).xlsx",1.1_observation(측정값),317,
A-002,"CPIA(Country Policy and Institutional Assessment, 국가 신용도·거버넌스 수준 지표)",observation,v124-a-002-obs-00028,A-002_wgi_cc_est,VNM,2023,2023,2023,,,,-0.308396,,,,,,,World Bank 「GOV_WGI_CC.EST」 기준. 표준정규(-2.5 약함 ~ +2.5 강함). 38대 기후기술을 특정하지 않는 배경·여건 지표이므로 매핑하지 않음(tech_ids=해당없음).,,,,"A-002_WGI(Worldwide Governance Indicators, 국가 거버넌스 평가 지표).xlsx",1.1_observation(측정값),318,
A-002,"CPIA(Country Policy and Institutional Assessment, 국가 신용도·거버넌스 수준 지표)",observation,v124-a-002-obs-00029,A-002_wgi_cc_est,VNM,2024,2024,2024,,,,-0.251699,,,,,,,World Bank 「GOV_WGI_CC.EST」 기준. 표준정규(-2.5 약함 ~ +2.5 강함). 38대 기후기술을 특정하지 않는 배경·여건 지표이므로 매핑하지 않음(tech_ids=해당없음).,,,,"A-002_WGI(Worldwide Governance Indicators, 국가 거버넌스 평가 지표).xlsx",1.1_observation(측정값),319,
A-002,"CPIA(Country Policy and Institutional Assessment, 국가 신용도·거버넌스 수준 지표)",observation,v124-a-002-obs-00030,A-002_wgi_cc_pctrank,VNM,1996,1996,1996,,,,33.722814,,,,,,,World Bank 「GOV_WGI_CC.SC」 기준. 백분위 순위(0 최하위 ~ 100 최상위). 38대 기후기술을 특정하지 않는 배경·여건 지표이므로 매핑하지 않음(tech_ids=해당없음).,,,,"A-002_WGI(Worldwide Governance Indicators, 국가 거버넌스 평가 지표).xlsx",1.1_observation(측정값),323,
A-002,"CPIA(Country Policy and Institutional Assessment, 국가 신용도·거버넌스 수준 지표)",observation,v124-a-002-obs-00031,A-002_wgi_cc_pctrank,VNM,1997,1997,1997,,,,,,,,,,M01,[M01·원자료 결측] 원천(World Bank / GOV_WGI_CC.SC)이 1997년 값을 제공하지 않음. WGI가 2002년까지 격년으로 산출되었기 때문임. 38대 기후기술을 특정하지 않는 배경·여건 지표이므로 매핑하지 않음(tech_ids=해당없음).,,,,"A-002_WGI(Worldwide Governance Indicators, 국가 거버넌스 평가 지표).xlsx",1.1_observation(측정값),349,
A-002,"CPIA(Country Policy and Institutional Assessment, 국가 신용도·거버넌스 수준 지표)",observation,v124-a-002-obs-00032,A-002_wgi_cc_pctrank,VNM,1998,1998,1998,,,,31.842318,,,,,,,World Bank 「GOV_WGI_CC.SC」 기준. 백분위 순위(0 최하위 ~ 100 최상위). 38대 기후기술을 특정하지 않는 배경·여건 지표이므로 매핑하지 않음(tech_ids=해당없음).,,,,"A-002_WGI(Worldwide Governance Indicators, 국가 거버넌스 평가 지표).xlsx",1.1_observation(측정값),324,
A-002,"CPIA(Country Policy and Institutional Assessment, 국가 신용도·거버넌스 수준 지표)",observation,v124-a-002-obs-00033,A-002_wgi_cc_pctrank,VNM,1999,1999,1999,,,,,,,,,,M01,[M01·원자료 결측] 원천(World Bank / GOV_WGI_CC.SC)이 1999년 값을 제공하지 않음. WGI가 2002년까지 격년으로 산출되었기 때문임. 38대 기후기술을 특정하지 않는 배경·여건 지표이므로 매핑하지 않음(tech_ids=해당없음).,,,,"A-002_WGI(Worldwide Governance Indicators, 국가 거버넌스 평가 지표).xlsx",1.1_observation(측정값),350,
A-002,"CPIA(Country Policy and Institutional Assessment, 국가 신용도·거버넌스 수준 지표)",observation,v124-a-002-obs-00034,A-002_wgi_cc_pctrank,VNM,2000,2000,2000,,,,32.523195,,,,,,,World Bank 「GOV_WGI_CC.SC」 기준. 백분위 순위(0 최하위 ~ 100 최상위). 38대 기후기술을 특정하지 않는 배경·여건 지표이므로 매핑하지 않음(tech_ids=해당없음).,,,,"A-002_WGI(Worldwide Governance Indicators, 국가 거버넌스 평가 지표).xlsx",1.1_observation(측정값),325,
A-002,"CPIA(Country Policy and Institutional Assessment, 국가 신용도·거버넌스 수준 지표)",observation,v124-a-002-obs-00035,A-002_wgi_cc_pctrank,VNM,2001,2001,2001,,,,,,,,,,M01,[M01·원자료 결측] 원천(World Bank / GOV_WGI_CC.SC)이 2001년 값을 제공하지 않음. WGI가 2002년까지 격년으로 산출되었기 때문임. 38대 기후기술을 특정하지 않는 배경·여건 지표이므로 매핑하지 않음(tech_ids=해당없음).,,,,"A-002_WGI(Worldwide Governance Indicators, 국가 거버넌스 평가 지표).xlsx",1.1_observation(측정값),351,
A-002,"CPIA(Country Policy and Institutional Assessment, 국가 신용도·거버넌스 수준 지표)",observation,v124-a-002-obs-00036,A-002_wgi_cc_pctrank,VNM,2002,2002,2002,,,,31.642528,,,,,,,World Bank 「GOV_WGI_CC.SC」 기준. 백분위 순위(0 최하위 ~ 100 최상위). 38대 기후기술을 특정하지 않는 배경·여건 지표이므로 매핑하지 않음(tech_ids=해당없음).,,,,"A-002_WGI(Worldwide Governance Indicators, 국가 거버넌스 평가 지표).xlsx",1.1_observation(측정값),326,
A-002,"CPIA(Country Policy and Institutional Assessment, 국가 신용도·거버넌스 수준 지표)",observation,v124-a-002-obs-00037,A-002_wgi_cc_pctrank,VNM,2003,2003,2003,,,,34.208141,,,,,,,World Bank 「GOV_WGI_CC.SC」 기준. 백분위 순위(0 최하위 ~ 100 최상위). 38대 기후기술을 특정하지 않는 배경·여건 지표이므로 매핑하지 않음(tech_ids=해당없음).,,,,"A-002_WGI(Worldwide Governance Indicators, 국가 거버넌스 평가 지표).xlsx",1.1_observation(측정값),327,
A-002,"CPIA(Country Policy and Institutional Assessment, 국가 신용도·거버넌스 수준 지표)",observation,v124-a-002-obs-00038,A-002_wgi_cc_pctrank,VNM,2004,2004,2004,,,,31.561463,,,,,,,World Bank 「GOV_WGI_CC.SC」 기준. 백분위 순위(0 최하위 ~ 100 최상위). 38대 기후기술을 특정하지 않는 배경·여건 지표이므로 매핑하지 않음(tech_ids=해당없음).,,,,"A-002_WGI(Worldwide Governance Indicators, 국가 거버넌스 평가 지표).xlsx",1.1_observation(측정값),328,
A-002,"CPIA(Country Policy and Institutional Assessment, 국가 신용도·거버넌스 수준 지표)",observation,v124-a-002-obs-00039,A-002_wgi_cc_pctrank,VNM,2005,2005,2005,,,,31.839594,,,,,,,World Bank 「GOV_WGI_CC.SC」 기준. 백분위 순위(0 최하위 ~ 100 최상위). 38대 기후기술을 특정하지 않는 배경·여건 지표이므로 매핑하지 않음(tech_ids=해당없음).,,,,"A-002_WGI(Worldwide Governance Indicators, 국가 거버넌스 평가 지표).xlsx",1.1_observation(측정값),329,
A-002,"CPIA(Country Policy and Institutional Assessment, 국가 신용도·거버넌스 수준 지표)",observation,v124-a-002-obs-00040,A-002_wgi_cc_pctrank,VNM,2006,2006,2006,,,,36.088826,,,,,,,World Bank 「GOV_WGI_CC.SC」 기준. 백분위 순위(0 최하위 ~ 100 최상위). 38대 기후기술을 특정하지 않는 배경·여건 지표이므로 매핑하지 않음(tech_ids=해당없음).,,,,"A-002_WGI(Worldwide Governance Indicators, 국가 거버넌스 평가 지표).xlsx",1.1_observation(측정값),330,
A-002,"CPIA(Country Policy and Institutional Assessment, 국가 신용도·거버넌스 수준 지표)",observation,v124-a-002-obs-00041,A-002_wgi_cc_pctrank,VNM,2007,2007,2007,,,,39.235721,,,,,,,World Bank 「GOV_WGI_CC.SC」 기준. 백분위 순위(0 최하위 ~ 100 최상위). 38대 기후기술을 특정하지 않는 배경·여건 지표이므로 매핑하지 않음(tech_ids=해당없음).,,,,"A-002_WGI(Worldwide Governance Indicators, 국가 거버넌스 평가 지표).xlsx",1.1_observation(측정값),331,
A-002,"CPIA(Country Policy and Institutional Assessment, 국가 신용도·거버넌스 수준 지표)",observation,v124-a-002-obs-00042,A-002_wgi_cc_pctrank,VNM,2008,2008,2008,,,,40.649337,,,,,,,World Bank 「GOV_WGI_CC.SC」 기준. 백분위 순위(0 최하위 ~ 100 최상위). 38대 기후기술을 특정하지 않는 배경·여건 지표이므로 매핑하지 않음(tech_ids=해당없음).,,,,"A-002_WGI(Worldwide Governance Indicators, 국가 거버넌스 평가 지표).xlsx",1.1_observation(측정값),332,
A-002,"CPIA(Country Policy and Institutional Assessment, 국가 신용도·거버넌스 수준 지표)",observation,v124-a-002-obs-00043,A-002_wgi_cc_pctrank,VNM,2009,2009,2009,,,,41.450054,,,,,,,World Bank 「GOV_WGI_CC.SC」 기준. 백분위 순위(0 최하위 ~ 100 최상위). 38대 기후기술을 특정하지 않는 배경·여건 지표이므로 매핑하지 않음(tech_ids=해당없음).,,,,"A-002_WGI(Worldwide Governance Indicators, 국가 거버넌스 평가 지표).xlsx",1.1_observation(측정값),333,
A-002,"CPIA(Country Policy and Institutional Assessment, 국가 신용도·거버넌스 수준 지표)",observation,v124-a-002-obs-00044,A-002_wgi_cc_pctrank,VNM,2010,2010,2010,,,,39.523434,,,,,,,World Bank 「GOV_WGI_CC.SC」 기준. 백분위 순위(0 최하위 ~ 100 최상위). 38대 기후기술을 특정하지 않는 배경·여건 지표이므로 매핑하지 않음(tech_ids=해당없음).,,,,"A-002_WGI(Worldwide Governance Indicators, 국가 거버넌스 평가 지표).xlsx",1.1_observation(측정값),334,
A-002,"CPIA(Country Policy and Institutional Assessment, 국가 신용도·거버넌스 수준 지표)",observation,v124-a-002-obs-00045,A-002_wgi_cc_pctrank,VNM,2011,2011,2011,,,,40.591966,,,,,,,World Bank 「GOV_WGI_CC.SC」 기준. 백분위 순위(0 최하위 ~ 100 최상위). 38대 기후기술을 특정하지 않는 배경·여건 지표이므로 매핑하지 않음(tech_ids=해당없음).,,,,"A-002_WGI(Worldwide Governance Indicators, 국가 거버넌스 평가 지표).xlsx",1.1_observation(측정값),335,
A-002,"CPIA(Country Policy and Institutional Assessment, 국가 신용도·거버넌스 수준 지표)",observation,v124-a-002-obs-00046,A-002_wgi_cc_pctrank,VNM,2012,2012,2012,,,,38.491778,,,,,,,World Bank 「GOV_WGI_CC.SC」 기준. 백분위 순위(0 최하위 ~ 100 최상위). 38대 기후기술을 특정하지 않는 배경·여건 지표이므로 매핑하지 않음(tech_ids=해당없음).,,,,"A-002_WGI(Worldwide Governance Indicators, 국가 거버넌스 평가 지표).xlsx",1.1_observation(측정값),336,
A-002,"CPIA(Country Policy and Institutional Assessment, 국가 신용도·거버넌스 수준 지표)",observation,v124-a-002-obs-00047,A-002_wgi_cc_pctrank,VNM,2013,2013,2013,,,,39.415164,,,,,,,World Bank 「GOV_WGI_CC.SC」 기준. 백분위 순위(0 최하위 ~ 100 최상위). 38대 기후기술을 특정하지 않는 배경·여건 지표이므로 매핑하지 않음(tech_ids=해당없음).,,,,"A-002_WGI(Worldwide Governance Indicators, 국가 거버넌스 평가 지표).xlsx",1.1_observation(측정값),337,
A-002,"CPIA(Country Policy and Institutional Assessment, 국가 신용도·거버넌스 수준 지표)",observation,v124-a-002-obs-00048,A-002_wgi_cc_pctrank,VNM,2014,2014,2014,,,,40.528578,,,,,,,World Bank 「GOV_WGI_CC.SC」 기준. 백분위 순위(0 최하위 ~ 100 최상위). 38대 기후기술을 특정하지 않는 배경·여건 지표이므로 매핑하지 않음(tech_ids=해당없음).,,,,"A-002_WGI(Worldwide Governance Indicators, 국가 거버넌스 평가 지표).xlsx",1.1_observation(측정값),338,
A-002,"CPIA(Country Policy and Institutional Assessment, 국가 신용도·거버넌스 수준 지표)",observation,v124-a-002-obs-00049,A-002_wgi_cc_pctrank,VNM,2015,2015,2015,,,,40.215407,,,,,,,World Bank 「GOV_WGI_CC.SC」 기준. 백분위 순위(0 최하위 ~ 100 최상위). 38대 기후기술을 특정하지 않는 배경·여건 지표이므로 매핑하지 않음(tech_ids=해당없음).,,,,"A-002_WGI(Worldwide Governance Indicators, 국가 거버넌스 평가 지표).xlsx",1.1_observation(측정값),339,
A-002,"CPIA(Country Policy and Institutional Assessment, 국가 신용도·거버넌스 수준 지표)",observation,v124-a-002-obs-00050,A-002_wgi_cc_pctrank,VNM,2016,2016,2016,,,,40.634905,,,,,,,World Bank 「GOV_WGI_CC.SC」 기준. 백분위 순위(0 최하위 ~ 100 최상위). 38대 기후기술을 특정하지 않는 배경·여건 지표이므로 매핑하지 않음(tech_ids=해당없음).,,,,"A-002_WGI(Worldwide Governance Indicators, 국가 거버넌스 평가 지표).xlsx",1.1_observation(측정값),340,
A-002,"CPIA(Country Policy and Institutional Assessment, 국가 신용도·거버넌스 수준 지표)",observation,v124-a-002-obs-00051,A-002_wgi_cc_pctrank,VNM,2017,2017,2017,,,,39.276038,,,,,,,World Bank 「GOV_WGI_CC.SC」 기준. 백분위 순위(0 최하위 ~ 100 최상위). 38대 기후기술을 특정하지 않는 배경·여건 지표이므로 매핑하지 않음(tech_ids=해당없음).,,,,"A-002_WGI(Worldwide Governance Indicators, 국가 거버넌스 평가 지표).xlsx",1.1_observation(측정값),341,
A-002,"CPIA(Country Policy and Institutional Assessment, 국가 신용도·거버넌스 수준 지표)",observation,v124-a-002-obs-00052,A-002_wgi_cc_pctrank,VNM,2018,2018,2018,,,,39.85729,,,,,,,World Bank 「GOV_WGI_CC.SC」 기준. 백분위 순위(0 최하위 ~ 100 최상위). 38대 기후기술을 특정하지 않는 배경·여건 지표이므로 매핑하지 않음(tech_ids=해당없음).,,,,"A-002_WGI(Worldwide Governance Indicators, 국가 거버넌스 평가 지표).xlsx",1.1_observation(측정값),342,
A-002,"CPIA(Country Policy and Institutional Assessment, 국가 신용도·거버넌스 수준 지표)",observation,v124-a-002-obs-00053,A-002_wgi_cc_pctrank,VNM,2019,2019,2019,,,,40.524491,,,,,,,World Bank 「GOV_WGI_CC.SC」 기준. 백분위 순위(0 최하위 ~ 100 최상위). 38대 기후기술을 특정하지 않는 배경·여건 지표이므로 매핑하지 않음(tech_ids=해당없음).,,,,"A-002_WGI(Worldwide Governance Indicators, 국가 거버넌스 평가 지표).xlsx",1.1_observation(측정값),343,
A-002,"CPIA(Country Policy and Institutional Assessment, 국가 신용도·거버넌스 수준 지표)",observation,v124-a-002-obs-00054,A-002_wgi_cc_pctrank,VNM,2020,2020,2020,,,,41.515559,,,,,,,World Bank 「GOV_WGI_CC.SC」 기준. 백분위 순위(0 최하위 ~ 100 최상위). 38대 기후기술을 특정하지 않는 배경·여건 지표이므로 매핑하지 않음(tech_ids=해당없음).,,,,"A-002_WGI(Worldwide Governance Indicators, 국가 거버넌스 평가 지표).xlsx",1.1_observation(측정값),344,
A-002,"CPIA(Country Policy and Institutional Assessment, 국가 신용도·거버넌스 수준 지표)",observation,v124-a-002-obs-00055,A-002_wgi_cc_pctrank,VNM,2021,2021,2021,,,,41.566248,,,,,,,World Bank 「GOV_WGI_CC.SC」 기준. 백분위 순위(0 최하위 ~ 100 최상위). 38대 기후기술을 특정하지 않는 배경·여건 지표이므로 매핑하지 않음(tech_ids=해당없음).,,,,"A-002_WGI(Worldwide Governance Indicators, 국가 거버넌스 평가 지표).xlsx",1.1_observation(측정값),345,
A-002,"CPIA(Country Policy and Institutional Assessment, 국가 신용도·거버넌스 수준 지표)",observation,v124-a-002-obs-00056,A-002_wgi_cc_pctrank,VNM,2022,2022,2022,,,,42.875681,,,,,,,World Bank 「GOV_WGI_CC.SC」 기준. 백분위 순위(0 최하위 ~ 100 최상위). 38대 기후기술을 특정하지 않는 배경·여건 지표이므로 매핑하지 않음(tech_ids=해당없음).,,,,"A-002_WGI(Worldwide Governance Indicators, 국가 거버넌스 평가 지표).xlsx",1.1_observation(측정값),346,
A-002,"CPIA(Country Policy and Institutional Assessment, 국가 신용도·거버넌스 수준 지표)",observation,v124-a-002-obs-00057,A-002_wgi_cc_pctrank,VNM,2023,2023,2023,,,,41.612423,,,,,,,World Bank 「GOV_WGI_CC.SC」 기준. 백분위 순위(0 최하위 ~ 100 최상위). 38대 기후기술을 특정하지 않는 배경·여건 지표이므로 매핑하지 않음(tech_ids=해당없음).,,,,"A-002_WGI(Worldwide Governance Indicators, 국가 거버넌스 평가 지표).xlsx",1.1_observation(측정값),347,
A-002,"CPIA(Country Policy and Institutional Assessment, 국가 신용도·거버넌스 수준 지표)",observation,v124-a-002-obs-00058,A-002_wgi_cc_pctrank,VNM,2024,2024,2024,,,,42.760055,,,,,,,World Bank 「GOV_WGI_CC.SC」 기준. 백분위 순위(0 최하위 ~ 100 최상위). 38대 기후기술을 특정하지 않는 배경·여건 지표이므로 매핑하지 않음(tech_ids=해당없음).,,,,"A-002_WGI(Worldwide Governance Indicators, 국가 거버넌스 평가 지표).xlsx",1.1_observation(측정값),348,
A-002,"CPIA(Country Policy and Institutional Assessment, 국가 신용도·거버넌스 수준 지표)",observation,v124-a-002-obs-00059,A-002_wgi_ge_est,VNM,1996,1996,1996,,,,-0.565066,,,,,,,World Bank 「GOV_WGI_GE.EST」 기준. 표준정규(-2.5 약함 ~ +2.5 강함). 38대 기후기술을 특정하지 않는 배경·여건 지표이므로 매핑하지 않음(tech_ids=해당없음).,,,,"A-002_WGI(Worldwide Governance Indicators, 국가 거버넌스 평가 지표).xlsx",1.1_observation(측정값),120,
A-002,"CPIA(Country Policy and Institutional Assessment, 국가 신용도·거버넌스 수준 지표)",observation,v124-a-002-obs-00060,A-002_wgi_ge_est,VNM,1997,1997,1997,,,,,,,,,,M01,[M01·원자료 결측] 원천(World Bank / GOV_WGI_GE.EST)이 1997년 값을 제공하지 않음. WGI가 2002년까지 격년으로 산출되었기 때문임. 38대 기후기술을 특정하지 않는 배경·여건 지표이므로 매핑하지 않음(tech_ids=해당없음).,,,,"A-002_WGI(Worldwide Governance Indicators, 국가 거버넌스 평가 지표).xlsx",1.1_observation(측정값),146,
A-002,"CPIA(Country Policy and Institutional Assessment, 국가 신용도·거버넌스 수준 지표)",observation,v124-a-002-obs-00061,A-002_wgi_ge_est,VNM,1998,1998,1998,,,,-0.454216,,,,,,,World Bank 「GOV_WGI_GE.EST」 기준. 표준정규(-2.5 약함 ~ +2.5 강함). 38대 기후기술을 특정하지 않는 배경·여건 지표이므로 매핑하지 않음(tech_ids=해당없음).,,,,"A-002_WGI(Worldwide Governance Indicators, 국가 거버넌스 평가 지표).xlsx",1.1_observation(측정값),121,
A-002,"CPIA(Country Policy and Institutional Assessment, 국가 신용도·거버넌스 수준 지표)",observation,v124-a-002-obs-00062,A-002_wgi_ge_est,VNM,1999,1999,1999,,,,,,,,,,M01,[M01·원자료 결측] 원천(World Bank / GOV_WGI_GE.EST)이 1999년 값을 제공하지 않음. WGI가 2002년까지 격년으로 산출되었기 때문임. 38대 기후기술을 특정하지 않는 배경·여건 지표이므로 매핑하지 않음(tech_ids=해당없음).,,,,"A-002_WGI(Worldwide Governance Indicators, 국가 거버넌스 평가 지표).xlsx",1.1_observation(측정값),147,
A-002,"CPIA(Country Policy and Institutional Assessment, 국가 신용도·거버넌스 수준 지표)",observation,v124-a-002-obs-00063,A-002_wgi_ge_est,VNM,2000,2000,2000,,,,-0.696031,,,,,,,World Bank 「GOV_WGI_GE.EST」 기준. 표준정규(-2.5 약함 ~ +2.5 강함). 38대 기후기술을 특정하지 않는 배경·여건 지표이므로 매핑하지 않음(tech_ids=해당없음).,,,,"A-002_WGI(Worldwide Governance Indicators, 국가 거버넌스 평가 지표).xlsx",1.1_observation(측정값),122,
A-002,"CPIA(Country Policy and Institutional Assessment, 국가 신용도·거버넌스 수준 지표)",observation,v124-a-002-obs-00064,A-002_wgi_ge_est,VNM,2001,2001,2001,,,,,,,,,,M01,[M01·원자료 결측] 원천(World Bank / GOV_WGI_GE.EST)이 2001년 값을 제공하지 않음. WGI가 2002년까지 격년으로 산출되었기 때문임. 38대 기후기술을 특정하지 않는 배경·여건 지표이므로 매핑하지 않음(tech_ids=해당없음).,,,,"A-002_WGI(Worldwide Governance Indicators, 국가 거버넌스 평가 지표).xlsx",1.1_observation(측정값),148,
A-002,"CPIA(Country Policy and Institutional Assessment, 국가 신용도·거버넌스 수준 지표)",observation,v124-a-002-obs-00065,A-002_wgi_ge_est,VNM,2002,2002,2002,,,,-0.714355,,,,,,,World Bank 「GOV_WGI_GE.EST」 기준. 표준정규(-2.5 약함 ~ +2.5 강함). 38대 기후기술을 특정하지 않는 배경·여건 지표이므로 매핑하지 않음(tech_ids=해당없음).,,,,"A-002_WGI(Worldwide Governance Indicators, 국가 거버넌스 평가 지표).xlsx",1.1_observation(측정값),123,
A-002,"CPIA(Country Policy and Institutional Assessment, 국가 신용도·거버넌스 수준 지표)",observation,v124-a-002-obs-00066,A-002_wgi_ge_est,VNM,2003,2003,2003,,,,-0.678229,,,,,,,World Bank 「GOV_WGI_GE.EST」 기준. 표준정규(-2.5 약함 ~ +2.5 강함). 38대 기후기술을 특정하지 않는 배경·여건 지표이므로 매핑하지 않음(tech_ids=해당없음).,,,,"A-002_WGI(Worldwide Governance Indicators, 국가 거버넌스 평가 지표).xlsx",1.1_observation(측정값),124,
A-002,"CPIA(Country Policy and Institutional Assessment, 국가 신용도·거버넌스 수준 지표)",observation,v124-a-002-obs-00067,A-002_wgi_ge_est,VNM,2004,2004,2004,,,,-0.649871,,,,,,,World Bank 「GOV_WGI_GE.EST」 기준. 표준정규(-2.5 약함 ~ +2.5 강함). 38대 기후기술을 특정하지 않는 배경·여건 지표이므로 매핑하지 않음(tech_ids=해당없음).,,,,"A-002_WGI(Worldwide Governance Indicators, 국가 거버넌스 평가 지표).xlsx",1.1_observation(측정값),125,
A-002,"CPIA(Country Policy and Institutional Assessment, 국가 신용도·거버넌스 수준 지표)",observation,v124-a-002-obs-00068,A-002_wgi_ge_est,VNM,2005,2005,2005,,,,-0.45287,,,,,,,World Bank 「GOV_WGI_GE.EST」 기준. 표준정규(-2.5 약함 ~ +2.5 강함). 38대 기후기술을 특정하지 않는 배경·여건 지표이므로 매핑하지 않음(tech_ids=해당없음).,,,,"A-002_WGI(Worldwide Governance Indicators, 국가 거버넌스 평가 지표).xlsx",1.1_observation(측정값),126,
A-002,"CPIA(Country Policy and Institutional Assessment, 국가 신용도·거버넌스 수준 지표)",observation,v124-a-002-obs-00069,A-002_wgi_ge_est,VNM,2006,2006,2006,,,,-0.417764,,,,,,,World Bank 「GOV_WGI_GE.EST」 기준. 표준정규(-2.5 약함 ~ +2.5 강함). 38대 기후기술을 특정하지 않는 배경·여건 지표이므로 매핑하지 않음(tech_ids=해당없음).,,,,"A-002_WGI(Worldwide Governance Indicators, 국가 거버넌스 평가 지표).xlsx",1.1_observation(측정값),127,
A-002,"CPIA(Country Policy and Institutional Assessment, 국가 신용도·거버넌스 수준 지표)",observation,v124-a-002-obs-00070,A-002_wgi_ge_est,VNM,2007,2007,2007,,,,-0.429585,,,,,,,World Bank 「GOV_WGI_GE.EST」 기준. 표준정규(-2.5 약함 ~ +2.5 강함). 38대 기후기술을 특정하지 않는 배경·여건 지표이므로 매핑하지 않음(tech_ids=해당없음).,,,,"A-002_WGI(Worldwide Governance Indicators, 국가 거버넌스 평가 지표).xlsx",1.1_observation(측정값),128,
A-002,"CPIA(Country Policy and Institutional Assessment, 국가 신용도·거버넌스 수준 지표)",observation,v124-a-002-obs-00071,A-002_wgi_ge_est,VNM,2008,2008,2008,,,,-0.368755,,,,,,,World Bank 「GOV_WGI_GE.EST」 기준. 표준정규(-2.5 약함 ~ +2.5 강함). 38대 기후기술을 특정하지 않는 배경·여건 지표이므로 매핑하지 않음(tech_ids=해당없음).,,,,"A-002_WGI(Worldwide Governance Indicators, 국가 거버넌스 평가 지표).xlsx",1.1_observation(측정값),129,
A-002,"CPIA(Country Policy and Institutional Assessment, 국가 신용도·거버넌스 수준 지표)",observation,v124-a-002-obs-00072,A-002_wgi_ge_est,VNM,2009,2009,2009,,,,-0.319301,,,,,,,World Bank 「GOV_WGI_GE.EST」 기준. 표준정규(-2.5 약함 ~ +2.5 강함). 38대 기후기술을 특정하지 않는 배경·여건 지표이므로 매핑하지 않음(tech_ids=해당없음).,,,,"A-002_WGI(Worldwide Governance Indicators, 국가 거버넌스 평가 지표).xlsx",1.1_observation(측정값),130,
A-002,"CPIA(Country Policy and Institutional Assessment, 국가 신용도·거버넌스 수준 지표)",observation,v124-a-002-obs-00073,A-002_wgi_ge_est,VNM,2010,2010,2010,,,,-0.357282,,,,,,,World Bank 「GOV_WGI_GE.EST」 기준. 표준정규(-2.5 약함 ~ +2.5 강함). 38대 기후기술을 특정하지 않는 배경·여건 지표이므로 매핑하지 않음(tech_ids=해당없음).,,,,"A-002_WGI(Worldwide Governance Indicators, 국가 거버넌스 평가 지표).xlsx",1.1_observation(측정값),131,
A-002,"CPIA(Country Policy and Institutional Assessment, 국가 신용도·거버넌스 수준 지표)",observation,v124-a-002-obs-00074,A-002_wgi_ge_est,VNM,2011,2011,2011,,,,-0.340801,,,,,,,World Bank 「GOV_WGI_GE.EST」 기준. 표준정규(-2.5 약함 ~ +2.5 강함). 38대 기후기술을 특정하지 않는 배경·여건 지표이므로 매핑하지 않음(tech_ids=해당없음).,,,,"A-002_WGI(Worldwide Governance Indicators, 국가 거버넌스 평가 지표).xlsx",1.1_observation(측정값),132,
A-002,"CPIA(Country Policy and Institutional Assessment, 국가 신용도·거버넌스 수준 지표)",observation,v124-a-002-obs-00075,A-002_wgi_ge_est,VNM,2012,2012,2012,,,,-0.334916,,,,,,,World Bank 「GOV_WGI_GE.EST」 기준. 표준정규(-2.5 약함 ~ +2.5 강함). 38대 기후기술을 특정하지 않는 배경·여건 지표이므로 매핑하지 않음(tech_ids=해당없음).,,,,"A-002_WGI(Worldwide Governance Indicators, 국가 거버넌스 평가 지표).xlsx",1.1_observation(측정값),133,
A-002,"CPIA(Country Policy and Institutional Assessment, 국가 신용도·거버넌스 수준 지표)",observation,v124-a-002-obs-00076,A-002_wgi_ge_est,VNM,2013,2013,2013,,,,-0.3213,,,,,,,World Bank 「GOV_WGI_GE.EST」 기준. 표준정규(-2.5 약함 ~ +2.5 강함). 38대 기후기술을 특정하지 않는 배경·여건 지표이므로 매핑하지 않음(tech_ids=해당없음).,,,,"A-002_WGI(Worldwide Governance Indicators, 국가 거버넌스 평가 지표).xlsx",1.1_observation(측정값),134,
A-002,"CPIA(Country Policy and Institutional Assessment, 국가 신용도·거버넌스 수준 지표)",observation,v124-a-002-obs-00077,A-002_wgi_ge_est,VNM,2014,2014,2014,,,,0.081326,,,,,,,World Bank 「GOV_WGI_GE.EST」 기준. 표준정규(-2.5 약함 ~ +2.5 강함). 38대 기후기술을 특정하지 않는 배경·여건 지표이므로 매핑하지 않음(tech_ids=해당없음).,,,,"A-002_WGI(Worldwide Governance Indicators, 국가 거버넌스 평가 지표).xlsx",1.1_observation(측정값),135,
A-002,"CPIA(Country Policy and Institutional Assessment, 국가 신용도·거버넌스 수준 지표)",observation,v124-a-002-obs-00078,A-002_wgi_ge_est,VNM,2015,2015,2015,,,,0.099682,,,,,,,World Bank 「GOV_WGI_GE.EST」 기준. 표준정규(-2.5 약함 ~ +2.5 강함). 38대 기후기술을 특정하지 않는 배경·여건 지표이므로 매핑하지 않음(tech_ids=해당없음).,,,,"A-002_WGI(Worldwide Governance Indicators, 국가 거버넌스 평가 지표).xlsx",1.1_observation(측정값),136,
A-002,"CPIA(Country Policy and Institutional Assessment, 국가 신용도·거버넌스 수준 지표)",observation,v124-a-002-obs-00079,A-002_wgi_ge_est,VNM,2016,2016,2016,,,,0.054351,,,,,,,World Bank 「GOV_WGI_GE.EST」 기준. 표준정규(-2.5 약함 ~ +2.5 강함). 38대 기후기술을 특정하지 않는 배경·여건 지표이므로 매핑하지 않음(tech_ids=해당없음).,,,,"A-002_WGI(Worldwide Governance Indicators, 국가 거버넌스 평가 지표).xlsx",1.1_observation(측정값),137,
A-002,"CPIA(Country Policy and Institutional Assessment, 국가 신용도·거버넌스 수준 지표)",observation,v124-a-002-obs-00080,A-002_wgi_ge_est,VNM,2017,2017,2017,,,,0.070354,,,,,,,World Bank 「GOV_WGI_GE.EST」 기준. 표준정규(-2.5 약함 ~ +2.5 강함). 38대 기후기술을 특정하지 않는 배경·여건 지표이므로 매핑하지 않음(tech_ids=해당없음).,,,,"A-002_WGI(Worldwide Governance Indicators, 국가 거버넌스 평가 지표).xlsx",1.1_observation(측정값),138,
A-002,"CPIA(Country Policy and Institutional Assessment, 국가 신용도·거버넌스 수준 지표)",observation,v124-a-002-obs-00081,A-002_wgi_ge_est,VNM,2018,2018,2018,,,,0.018463,,,,,,,World Bank 「GOV_WGI_GE.EST」 기준. 표준정규(-2.5 약함 ~ +2.5 강함). 38대 기후기술을 특정하지 않는 배경·여건 지표이므로 매핑하지 않음(tech_ids=해당없음).,,,,"A-002_WGI(Worldwide Governance Indicators, 국가 거버넌스 평가 지표).xlsx",1.1_observation(측정값),139,
A-002,"CPIA(Country Policy and Institutional Assessment, 국가 신용도·거버넌스 수준 지표)",observation,v124-a-002-obs-00082,A-002_wgi_ge_est,VNM,2019,2019,2019,,,,0.040936,,,,,,,World Bank 「GOV_WGI_GE.EST」 기준. 표준정규(-2.5 약함 ~ +2.5 강함). 38대 기후기술을 특정하지 않는 배경·여건 지표이므로 매핑하지 않음(tech_ids=해당없음).,,,,"A-002_WGI(Worldwide Governance Indicators, 국가 거버넌스 평가 지표).xlsx",1.1_observation(측정값),140,
A-002,"CPIA(Country Policy and Institutional Assessment, 국가 신용도·거버넌스 수준 지표)",observation,v124-a-002-obs-00083,A-002_wgi_ge_est,VNM,2020,2020,2020,,,,0.067967,,,,,,,World Bank 「GOV_WGI_GE.EST」 기준. 표준정규(-2.5 약함 ~ +2.5 강함). 38대 기후기술을 특정하지 않는 배경·여건 지표이므로 매핑하지 않음(tech_ids=해당없음).,,,,"A-002_WGI(Worldwide Governance Indicators, 국가 거버넌스 평가 지표).xlsx",1.1_observation(측정값),141,
A-002,"CPIA(Country Policy and Institutional Assessment, 국가 신용도·거버넌스 수준 지표)",observation,v124-a-002-obs-00084,A-002_wgi_ge_est,VNM,2021,2021,2021,,,,0.04824,,,,,,,World Bank 「GOV_WGI_GE.EST」 기준. 표준정규(-2.5 약함 ~ +2.5 강함). 38대 기후기술을 특정하지 않는 배경·여건 지표이므로 매핑하지 않음(tech_ids=해당없음).,,,,"A-002_WGI(Worldwide Governance Indicators, 국가 거버넌스 평가 지표).xlsx",1.1_observation(측정값),142,
A-002,"CPIA(Country Policy and Institutional Assessment, 국가 신용도·거버넌스 수준 지표)",observation,v124-a-002-obs-00085,A-002_wgi_ge_est,VNM,2022,2022,2022,,,,-0.103318,,,,,,,World Bank 「GOV_WGI_GE.EST」 기준. 표준정규(-2.5 약함 ~ +2.5 강함). 38대 기후기술을 특정하지 않는 배경·여건 지표이므로 매핑하지 않음(tech_ids=해당없음).,,,,"A-002_WGI(Worldwide Governance Indicators, 국가 거버넌스 평가 지표).xlsx",1.1_observation(측정값),143,
A-002,"CPIA(Country Policy and Institutional Assessment, 국가 신용도·거버넌스 수준 지표)",observation,v124-a-002-obs-00086,A-002_wgi_ge_est,VNM,2023,2023,2023,,,,-0.179404,,,,,,,World Bank 「GOV_WGI_GE.EST」 기준. 표준정규(-2.5 약함 ~ +2.5 강함). 38대 기후기술을 특정하지 않는 배경·여건 지표이므로 매핑하지 않음(tech_ids=해당없음).,,,,"A-002_WGI(Worldwide Governance Indicators, 국가 거버넌스 평가 지표).xlsx",1.1_observation(측정값),144,
A-002,"CPIA(Country Policy and Institutional Assessment, 국가 신용도·거버넌스 수준 지표)",observation,v124-a-002-obs-00087,A-002_wgi_ge_est,VNM,2024,2024,2024,,,,-0.092297,,,,,,,World Bank 「GOV_WGI_GE.EST」 기준. 표준정규(-2.5 약함 ~ +2.5 강함). 38대 기후기술을 특정하지 않는 배경·여건 지표이므로 매핑하지 않음(tech_ids=해당없음).,,,,"A-002_WGI(Worldwide Governance Indicators, 국가 거버넌스 평가 지표).xlsx",1.1_observation(측정값),145,
A-002,"CPIA(Country Policy and Institutional Assessment, 국가 신용도·거버넌스 수준 지표)",observation,v124-a-002-obs-00088,A-002_wgi_ge_pctrank,VNM,1996,1996,1996,,,,40.353332,,,,,,,World Bank 「GOV_WGI_GE.SC」 기준. 백분위 순위(0 최하위 ~ 100 최상위). 38대 기후기술을 특정하지 않는 배경·여건 지표이므로 매핑하지 않음(tech_ids=해당없음).,,,,"A-002_WGI(Worldwide Governance Indicators, 국가 거버넌스 평가 지표).xlsx",1.1_observation(측정값),149,
A-002,"CPIA(Country Policy and Institutional Assessment, 국가 신용도·거버넌스 수준 지표)",observation,v124-a-002-obs-00089,A-002_wgi_ge_pctrank,VNM,1997,1997,1997,,,,,,,,,,M01,[M01·원자료 결측] 원천(World Bank / GOV_WGI_GE.SC)이 1997년 값을 제공하지 않음. WGI가 2002년까지 격년으로 산출되었기 때문임. 38대 기후기술을 특정하지 않는 배경·여건 지표이므로 매핑하지 않음(tech_ids=해당없음).,,,,"A-002_WGI(Worldwide Governance Indicators, 국가 거버넌스 평가 지표).xlsx",1.1_observation(측정값),175,
A-002,"CPIA(Country Policy and Institutional Assessment, 국가 신용도·거버넌스 수준 지표)",observation,v124-a-002-obs-00090,A-002_wgi_ge_pctrank,VNM,1998,1998,1998,,,,42.508686,,,,,,,World Bank 「GOV_WGI_GE.SC」 기준. 백분위 순위(0 최하위 ~ 100 최상위). 38대 기후기술을 특정하지 않는 배경·여건 지표이므로 매핑하지 않음(tech_ids=해당없음).,,,,"A-002_WGI(Worldwide Governance Indicators, 국가 거버넌스 평가 지표).xlsx",1.1_observation(측정값),150,
A-002,"CPIA(Country Policy and Institutional Assessment, 국가 신용도·거버넌스 수준 지표)",observation,v124-a-002-obs-00091,A-002_wgi_ge_pctrank,VNM,1999,1999,1999,,,,,,,,,,M01,[M01·원자료 결측] 원천(World Bank / GOV_WGI_GE.SC)이 1999년 값을 제공하지 않음. WGI가 2002년까지 격년으로 산출되었기 때문임. 38대 기후기술을 특정하지 않는 배경·여건 지표이므로 매핑하지 않음(tech_ids=해당없음).,,,,"A-002_WGI(Worldwide Governance Indicators, 국가 거버넌스 평가 지표).xlsx",1.1_observation(측정값),176,
A-002,"CPIA(Country Policy and Institutional Assessment, 국가 신용도·거버넌스 수준 지표)",observation,v124-a-002-obs-00092,A-002_wgi_ge_pctrank,VNM,2000,2000,2000,,,,37.806834,,,,,,,World Bank 「GOV_WGI_GE.SC」 기준. 백분위 순위(0 최하위 ~ 100 최상위). 38대 기후기술을 특정하지 않는 배경·여건 지표이므로 매핑하지 않음(tech_ids=해당없음).,,,,"A-002_WGI(Worldwide Governance Indicators, 국가 거버넌스 평가 지표).xlsx",1.1_observation(측정값),151,
A-002,"CPIA(Country Policy and Institutional Assessment, 국가 신용도·거버넌스 수준 지표)",observation,v124-a-002-obs-00093,A-002_wgi_ge_pctrank,VNM,2001,2001,2001,,,,,,,,,,M01,[M01·원자료 결측] 원천(World Bank / GOV_WGI_GE.SC)이 2001년 값을 제공하지 않음. WGI가 2002년까지 격년으로 산출되었기 때문임. 38대 기후기술을 특정하지 않는 배경·여건 지표이므로 매핑하지 않음(tech_ids=해당없음).,,,,"A-002_WGI(Worldwide Governance Indicators, 국가 거버넌스 평가 지표).xlsx",1.1_observation(측정값),177,
A-002,"CPIA(Country Policy and Institutional Assessment, 국가 신용도·거버넌스 수준 지표)",observation,v124-a-002-obs-00094,A-002_wgi_ge_pctrank,VNM,2002,2002,2002,,,,37.45054,,,,,,,World Bank 「GOV_WGI_GE.SC」 기준. 백분위 순위(0 최하위 ~ 100 최상위). 38대 기후기술을 특정하지 않는 배경·여건 지표이므로 매핑하지 않음(tech_ids=해당없음).,,,,"A-002_WGI(Worldwide Governance Indicators, 국가 거버넌스 평가 지표).xlsx",1.1_observation(측정값),152,
A-002,"CPIA(Country Policy and Institutional Assessment, 국가 신용도·거버넌스 수준 지표)",observation,v124-a-002-obs-00095,A-002_wgi_ge_pctrank,VNM,2003,2003,2003,,,,38.152986,,,,,,,World Bank 「GOV_WGI_GE.SC」 기준. 백분위 순위(0 최하위 ~ 100 최상위). 38대 기후기술을 특정하지 않는 배경·여건 지표이므로 매핑하지 않음(tech_ids=해당없음).,,,,"A-002_WGI(Worldwide Governance Indicators, 국가 거버넌스 평가 지표).xlsx",1.1_observation(측정값),153,
A-002,"CPIA(Country Policy and Institutional Assessment, 국가 신용도·거버넌스 수준 지표)",observation,v124-a-002-obs-00096,A-002_wgi_ge_pctrank,VNM,2004,2004,2004,,,,38.704364,,,,,,,World Bank 「GOV_WGI_GE.SC」 기준. 백분위 순위(0 최하위 ~ 100 최상위). 38대 기후기술을 특정하지 않는 배경·여건 지표이므로 매핑하지 않음(tech_ids=해당없음).,,,,"A-002_WGI(Worldwide Governance Indicators, 국가 거버넌스 평가 지표).xlsx",1.1_observation(측정값),154,
A-002,"CPIA(Country Policy and Institutional Assessment, 국가 신용도·거버넌스 수준 지표)",observation,v124-a-002-obs-00097,A-002_wgi_ge_pctrank,VNM,2005,2005,2005,,,,42.534859,,,,,,,World Bank 「GOV_WGI_GE.SC」 기준. 백분위 순위(0 최하위 ~ 100 최상위). 38대 기후기술을 특정하지 않는 배경·여건 지표이므로 매핑하지 않음(tech_ids=해당없음).,,,,"A-002_WGI(Worldwide Governance Indicators, 국가 거버넌스 평가 지표).xlsx",1.1_observation(측정값),155,
A-002,"CPIA(Country Policy and Institutional Assessment, 국가 신용도·거버넌스 수준 지표)",observation,v124-a-002-obs-00098,A-002_wgi_ge_pctrank,VNM,2006,2006,2006,,,,43.217461,,,,,,,World Bank 「GOV_WGI_GE.SC」 기준. 백분위 순위(0 최하위 ~ 100 최상위). 38대 기후기술을 특정하지 않는 배경·여건 지표이므로 매핑하지 않음(tech_ids=해당없음).,,,,"A-002_WGI(Worldwide Governance Indicators, 국가 거버넌스 평가 지표).xlsx",1.1_observation(측정값),156,
A-002,"CPIA(Country Policy and Institutional Assessment, 국가 신용도·거버넌스 수준 지표)",observation,v124-a-002-obs-00099,A-002_wgi_ge_pctrank,VNM,2007,2007,2007,,,,42.987617,,,,,,,World Bank 「GOV_WGI_GE.SC」 기준. 백분위 순위(0 최하위 ~ 100 최상위). 38대 기후기술을 특정하지 않는 배경·여건 지표이므로 매핑하지 않음(tech_ids=해당없음).,,,,"A-002_WGI(Worldwide Governance Indicators, 국가 거버넌스 평가 지표).xlsx",1.1_observation(측정값),157,
A-002,"CPIA(Country Policy and Institutional Assessment, 국가 신용도·거버넌스 수준 지표)",observation,v124-a-002-obs-00100,A-002_wgi_ge_pctrank,VNM,2008,2008,2008,,,,44.170407,,,,,,,World Bank 「GOV_WGI_GE.SC」 기준. 백분위 순위(0 최하위 ~ 100 최상위). 38대 기후기술을 특정하지 않는 배경·여건 지표이므로 매핑하지 않음(tech_ids=해당없음).,,,,"A-002_WGI(Worldwide Governance Indicators, 국가 거버넌스 평가 지표).xlsx",1.1_observation(측정값),158,
A-002,"CPIA(Country Policy and Institutional Assessment, 국가 신용도·거버넌스 수준 지표)",observation,v124-a-002-obs-00101,A-002_wgi_ge_pctrank,VNM,2009,2009,2009,,,,45.131981,,,,,,,World Bank 「GOV_WGI_GE.SC」 기준. 백분위 순위(0 최하위 ~ 100 최상위). 38대 기후기술을 특정하지 않는 배경·여건 지표이므로 매핑하지 않음(tech_ids=해당없음).,,,,"A-002_WGI(Worldwide Governance Indicators, 국가 거버넌스 평가 지표).xlsx",1.1_observation(측정값),159,
A-002,"CPIA(Country Policy and Institutional Assessment, 국가 신용도·거버넌스 수준 지표)",observation,v124-a-002-obs-00102,A-002_wgi_ge_pctrank,VNM,2010,2010,2010,,,,44.393486,,,,,,,World Bank 「GOV_WGI_GE.SC」 기준. 백분위 순위(0 최하위 ~ 100 최상위). 38대 기후기술을 특정하지 않는 배경·여건 지표이므로 매핑하지 않음(tech_ids=해당없음).,,,,"A-002_WGI(Worldwide Governance Indicators, 국가 거버넌스 평가 지표).xlsx",1.1_observation(측정값),160,
A-002,"CPIA(Country Policy and Institutional Assessment, 국가 신용도·거버넌스 수준 지표)",observation,v124-a-002-obs-00103,A-002_wgi_ge_pctrank,VNM,2011,2011,2011,,,,44.713939,,,,,,,World Bank 「GOV_WGI_GE.SC」 기준. 백분위 순위(0 최하위 ~ 100 최상위). 38대 기후기술을 특정하지 않는 배경·여건 지표이므로 매핑하지 않음(tech_ids=해당없음).,,,,"A-002_WGI(Worldwide Governance Indicators, 국가 거버넌스 평가 지표).xlsx",1.1_observation(측정값),161,
A-002,"CPIA(Country Policy and Institutional Assessment, 국가 신용도·거버넌스 수준 지표)",observation,v124-a-002-obs-00104,A-002_wgi_ge_pctrank,VNM,2012,2012,2012,,,,44.828357,,,,,,,World Bank 「GOV_WGI_GE.SC」 기준. 백분위 순위(0 최하위 ~ 100 최상위). 38대 기후기술을 특정하지 않는 배경·여건 지표이므로 매핑하지 않음(tech_ids=해당없음).,,,,"A-002_WGI(Worldwide Governance Indicators, 국가 거버넌스 평가 지표).xlsx",1.1_observation(측정값),162,
A-002,"CPIA(Country Policy and Institutional Assessment, 국가 신용도·거버넌스 수준 지표)",observation,v124-a-002-obs-00105,A-002_wgi_ge_pctrank,VNM,2013,2013,2013,,,,45.093121,,,,,,,World Bank 「GOV_WGI_GE.SC」 기준. 백분위 순위(0 최하위 ~ 100 최상위). 38대 기후기술을 특정하지 않는 배경·여건 지표이므로 매핑하지 않음(tech_ids=해당없음).,,,,"A-002_WGI(Worldwide Governance Indicators, 국가 거버넌스 평가 지표).xlsx",1.1_observation(측정값),163,
A-002,"CPIA(Country Policy and Institutional Assessment, 국가 신용도·거버넌스 수준 지표)",observation,v124-a-002-obs-00106,A-002_wgi_ge_pctrank,VNM,2014,2014,2014,,,,52.921779,,,,,,,World Bank 「GOV_WGI_GE.SC」 기준. 백분위 순위(0 최하위 ~ 100 최상위). 38대 기후기술을 특정하지 않는 배경·여건 지표이므로 매핑하지 않음(tech_ids=해당없음).,,,,"A-002_WGI(Worldwide Governance Indicators, 국가 거버넌스 평가 지표).xlsx",1.1_observation(측정값),164,
A-002,"CPIA(Country Policy and Institutional Assessment, 국가 신용도·거버넌스 수준 지표)",observation,v124-a-002-obs-00107,A-002_wgi_ge_pctrank,VNM,2015,2015,2015,,,,53.278707,,,,,,,World Bank 「GOV_WGI_GE.SC」 기준. 백분위 순위(0 최하위 ~ 100 최상위). 38대 기후기술을 특정하지 않는 배경·여건 지표이므로 매핑하지 않음(tech_ids=해당없음).,,,,"A-002_WGI(Worldwide Governance Indicators, 국가 거버넌스 평가 지표).xlsx",1.1_observation(측정값),165,
A-002,"CPIA(Country Policy and Institutional Assessment, 국가 신용도·거버넌스 수준 지표)",observation,v124-a-002-obs-00108,A-002_wgi_ge_pctrank,VNM,2016,2016,2016,,,,52.397273,,,,,,,World Bank 「GOV_WGI_GE.SC」 기준. 백분위 순위(0 최하위 ~ 100 최상위). 38대 기후기술을 특정하지 않는 배경·여건 지표이므로 매핑하지 않음(tech_ids=해당없음).,,,,"A-002_WGI(Worldwide Governance Indicators, 국가 거버넌스 평가 지표).xlsx",1.1_observation(측정값),166,
A-002,"CPIA(Country Policy and Institutional Assessment, 국가 신용도·거버넌스 수준 지표)",observation,v124-a-002-obs-00109,A-002_wgi_ge_pctrank,VNM,2017,2017,2017,,,,52.708443,,,,,,,World Bank 「GOV_WGI_GE.SC」 기준. 백분위 순위(0 최하위 ~ 100 최상위). 38대 기후기술을 특정하지 않는 배경·여건 지표이므로 매핑하지 않음(tech_ids=해당없음).,,,,"A-002_WGI(Worldwide Governance Indicators, 국가 거버넌스 평가 지표).xlsx",1.1_observation(측정값),167,
A-002,"CPIA(Country Policy and Institutional Assessment, 국가 신용도·거버넌스 수준 지표)",observation,v124-a-002-obs-00110,A-002_wgi_ge_pctrank,VNM,2018,2018,2018,,,,51.699473,,,,,,,World Bank 「GOV_WGI_GE.SC」 기준. 백분위 순위(0 최하위 ~ 100 최상위). 38대 기후기술을 특정하지 않는 배경·여건 지표이므로 매핑하지 않음(tech_ids=해당없음).,,,,"A-002_WGI(Worldwide Governance Indicators, 국가 거버넌스 평가 지표).xlsx",1.1_observation(측정값),168,
A-002,"CPIA(Country Policy and Institutional Assessment, 국가 신용도·거버넌스 수준 지표)",observation,v124-a-002-obs-00111,A-002_wgi_ge_pctrank,VNM,2019,2019,2019,,,,52.136435,,,,,,,World Bank 「GOV_WGI_GE.SC」 기준. 백분위 순위(0 최하위 ~ 100 최상위). 38대 기후기술을 특정하지 않는 배경·여건 지표이므로 매핑하지 않음(tech_ids=해당없음).,,,,"A-002_WGI(Worldwide Governance Indicators, 국가 거버넌스 평가 지표).xlsx",1.1_observation(측정값),169,
A-002,"CPIA(Country Policy and Institutional Assessment, 국가 신용도·거버넌스 수준 지표)",observation,v124-a-002-obs-00112,A-002_wgi_ge_pctrank,VNM,2020,2020,2020,,,,52.662026,,,,,,,World Bank 「GOV_WGI_GE.SC」 기준. 백분위 순위(0 최하위 ~ 100 최상위). 38대 기후기술을 특정하지 않는 배경·여건 지표이므로 매핑하지 않음(tech_ids=해당없음).,,,,"A-002_WGI(Worldwide Governance Indicators, 국가 거버넌스 평가 지표).xlsx",1.1_observation(측정값),170,
A-002,"CPIA(Country Policy and Institutional Assessment, 국가 신용도·거버넌스 수준 지표)",observation,v124-a-002-obs-00113,A-002_wgi_ge_pctrank,VNM,2021,2021,2021,,,,52.278462,,,,,,,World Bank 「GOV_WGI_GE.SC」 기준. 백분위 순위(0 최하위 ~ 100 최상위). 38대 기후기술을 특정하지 않는 배경·여건 지표이므로 매핑하지 않음(tech_ids=해당없음).,,,,"A-002_WGI(Worldwide Governance Indicators, 국가 거버넌스 평가 지표).xlsx",1.1_observation(측정값),171,
A-002,"CPIA(Country Policy and Institutional Assessment, 국가 신용도·거버넌스 수준 지표)",observation,v124-a-002-obs-00114,A-002_wgi_ge_pctrank,VNM,2022,2022,2022,,,,49.331569,,,,,,,World Bank 「GOV_WGI_GE.SC」 기준. 백분위 순위(0 최하위 ~ 100 최상위). 38대 기후기술을 특정하지 않는 배경·여건 지표이므로 매핑하지 않음(tech_ids=해당없음).,,,,"A-002_WGI(Worldwide Governance Indicators, 국가 거버넌스 평가 지표).xlsx",1.1_observation(측정값),172,
A-002,"CPIA(Country Policy and Institutional Assessment, 국가 신용도·거버넌스 수준 지표)",observation,v124-a-002-obs-00115,A-002_wgi_ge_pctrank,VNM,2023,2023,2023,,,,47.852134,,,,,,,World Bank 「GOV_WGI_GE.SC」 기준. 백분위 순위(0 최하위 ~ 100 최상위). 38대 기후기술을 특정하지 않는 배경·여건 지표이므로 매핑하지 않음(tech_ids=해당없음).,,,,"A-002_WGI(Worldwide Governance Indicators, 국가 거버넌스 평가 지표).xlsx",1.1_observation(측정값),173,
A-002,"CPIA(Country Policy and Institutional Assessment, 국가 신용도·거버넌스 수준 지표)",observation,v124-a-002-obs-00116,A-002_wgi_ge_pctrank,VNM,2024,2024,2024,,,,49.545858,,,,,,,World Bank 「GOV_WGI_GE.SC」 기준. 백분위 순위(0 최하위 ~ 100 최상위). 38대 기후기술을 특정하지 않는 배경·여건 지표이므로 매핑하지 않음(tech_ids=해당없음).,,,,"A-002_WGI(Worldwide Governance Indicators, 국가 거버넌스 평가 지표).xlsx",1.1_observation(측정값),174,
A-002,"CPIA(Country Policy and Institutional Assessment, 국가 신용도·거버넌스 수준 지표)",observation,v124-a-002-obs-00117,A-002_wgi_pv_est,VNM,1996,1996,1996,,,,0.442681,,,,,,,World Bank 「GOV_WGI_PV.EST」 기준. 표준정규(-2.5 약함 ~ +2.5 강함). 38대 기후기술을 특정하지 않는 배경·여건 지표이므로 매핑하지 않음(tech_ids=해당없음).,,,,"A-002_WGI(Worldwide Governance Indicators, 국가 거버넌스 평가 지표).xlsx",1.1_observation(측정값),62,
A-002,"CPIA(Country Policy and Institutional Assessment, 국가 신용도·거버넌스 수준 지표)",observation,v124-a-002-obs-00118,A-002_wgi_pv_est,VNM,1997,1997,1997,,,,,,,,,,M01,[M01·원자료 결측] 원천(World Bank / GOV_WGI_PV.EST)이 1997년 값을 제공하지 않음. WGI가 2002년까지 격년으로 산출되었기 때문임. 38대 기후기술을 특정하지 않는 배경·여건 지표이므로 매핑하지 않음(tech_ids=해당없음).,,,,"A-002_WGI(Worldwide Governance Indicators, 국가 거버넌스 평가 지표).xlsx",1.1_observation(측정값),88,
A-002,"CPIA(Country Policy and Institutional Assessment, 국가 신용도·거버넌스 수준 지표)",observation,v124-a-002-obs-00119,A-002_wgi_pv_est,VNM,1998,1998,1998,,,,0.262631,,,,,,,World Bank 「GOV_WGI_PV.EST」 기준. 표준정규(-2.5 약함 ~ +2.5 강함). 38대 기후기술을 특정하지 않는 배경·여건 지표이므로 매핑하지 않음(tech_ids=해당없음).,,,,"A-002_WGI(Worldwide Governance Indicators, 국가 거버넌스 평가 지표).xlsx",1.1_observation(측정값),63,
A-002,"CPIA(Country Policy and Institutional Assessment, 국가 신용도·거버넌스 수준 지표)",observation,v124-a-002-obs-00120,A-002_wgi_pv_est,VNM,1999,1999,1999,,,,,,,,,,M01,[M01·원자료 결측] 원천(World Bank / GOV_WGI_PV.EST)이 1999년 값을 제공하지 않음. WGI가 2002년까지 격년으로 산출되었기 때문임. 38대 기후기술을 특정하지 않는 배경·여건 지표이므로 매핑하지 않음(tech_ids=해당없음).,,,,"A-002_WGI(Worldwide Governance Indicators, 국가 거버넌스 평가 지표).xlsx",1.1_observation(측정값),89,
A-002,"CPIA(Country Policy and Institutional Assessment, 국가 신용도·거버넌스 수준 지표)",observation,v124-a-002-obs-00121,A-002_wgi_pv_est,VNM,2000,2000,2000,,,,0.292471,,,,,,,World Bank 「GOV_WGI_PV.EST」 기준. 표준정규(-2.5 약함 ~ +2.5 강함). 38대 기후기술을 특정하지 않는 배경·여건 지표이므로 매핑하지 않음(tech_ids=해당없음).,,,,"A-002_WGI(Worldwide Governance Indicators, 국가 거버넌스 평가 지표).xlsx",1.1_observation(측정값),64,
A-002,"CPIA(Country Policy and Institutional Assessment, 국가 신용도·거버넌스 수준 지표)",observation,v124-a-002-obs-00122,A-002_wgi_pv_est,VNM,2001,2001,2001,,,,,,,,,,M01,[M01·원자료 결측] 원천(World Bank / GOV_WGI_PV.EST)이 2001년 값을 제공하지 않음. WGI가 2002년까지 격년으로 산출되었기 때문임. 38대 기후기술을 특정하지 않는 배경·여건 지표이므로 매핑하지 않음(tech_ids=해당없음).,,,,"A-002_WGI(Worldwide Governance Indicators, 국가 거버넌스 평가 지표).xlsx",1.1_observation(측정값),90,
A-002,"CPIA(Country Policy and Institutional Assessment, 국가 신용도·거버넌스 수준 지표)",observation,v124-a-002-obs-00123,A-002_wgi_pv_est,VNM,2002,2002,2002,,,,0.385333,,,,,,,World Bank 「GOV_WGI_PV.EST」 기준. 표준정규(-2.5 약함 ~ +2.5 강함). 38대 기후기술을 특정하지 않는 배경·여건 지표이므로 매핑하지 않음(tech_ids=해당없음).,,,,"A-002_WGI(Worldwide Governance Indicators, 국가 거버넌스 평가 지표).xlsx",1.1_observation(측정값),65,
A-002,"CPIA(Country Policy and Institutional Assessment, 국가 신용도·거버넌스 수준 지표)",observation,v124-a-002-obs-00124,A-002_wgi_pv_est,VNM,2003,2003,2003,,,,0.135314,,,,,,,World Bank 「GOV_WGI_PV.EST」 기준. 표준정규(-2.5 약함 ~ +2.5 강함). 38대 기후기술을 특정하지 않는 배경·여건 지표이므로 매핑하지 않음(tech_ids=해당없음).,,,,"A-002_WGI(Worldwide Governance Indicators, 국가 거버넌스 평가 지표).xlsx",1.1_observation(측정값),66,
A-002,"CPIA(Country Policy and Institutional Assessment, 국가 신용도·거버넌스 수준 지표)",observation,v124-a-002-obs-00125,A-002_wgi_pv_est,VNM,2004,2004,2004,,,,-0.006291,,,,,,,World Bank 「GOV_WGI_PV.EST」 기준. 표준정규(-2.5 약함 ~ +2.5 강함). 38대 기후기술을 특정하지 않는 배경·여건 지표이므로 매핑하지 않음(tech_ids=해당없음).,,,,"A-002_WGI(Worldwide Governance Indicators, 국가 거버넌스 평가 지표).xlsx",1.1_observation(측정값),67,
A-002,"CPIA(Country Policy and Institutional Assessment, 국가 신용도·거버넌스 수준 지표)",observation,v124-a-002-obs-00126,A-002_wgi_pv_est,VNM,2005,2005,2005,,,,0.343898,,,,,,,World Bank 「GOV_WGI_PV.EST」 기준. 표준정규(-2.5 약함 ~ +2.5 강함). 38대 기후기술을 특정하지 않는 배경·여건 지표이므로 매핑하지 않음(tech_ids=해당없음).,,,,"A-002_WGI(Worldwide Governance Indicators, 국가 거버넌스 평가 지표).xlsx",1.1_observation(측정값),68,
A-002,"CPIA(Country Policy and Institutional Assessment, 국가 신용도·거버넌스 수준 지표)",observation,v124-a-002-obs-00127,A-002_wgi_pv_est,VNM,2006,2006,2006,,,,0.300158,,,,,,,World Bank 「GOV_WGI_PV.EST」 기준. 표준정규(-2.5 약함 ~ +2.5 강함). 38대 기후기술을 특정하지 않는 배경·여건 지표이므로 매핑하지 않음(tech_ids=해당없음).,,,,"A-002_WGI(Worldwide Governance Indicators, 국가 거버넌스 평가 지표).xlsx",1.1_observation(측정값),69,
A-002,"CPIA(Country Policy and Institutional Assessment, 국가 신용도·거버넌스 수준 지표)",observation,v124-a-002-obs-00128,A-002_wgi_pv_est,VNM,2007,2007,2007,,,,0.153074,,,,,,,World Bank 「GOV_WGI_PV.EST」 기준. 표준정규(-2.5 약함 ~ +2.5 강함). 38대 기후기술을 특정하지 않는 배경·여건 지표이므로 매핑하지 않음(tech_ids=해당없음).,,,,"A-002_WGI(Worldwide Governance Indicators, 국가 거버넌스 평가 지표).xlsx",1.1_observation(측정값),70,
A-002,"CPIA(Country Policy and Institutional Assessment, 국가 신용도·거버넌스 수준 지표)",observation,v124-a-002-obs-00129,A-002_wgi_pv_est,VNM,2008,2008,2008,,,,0.048795,,,,,,,World Bank 「GOV_WGI_PV.EST」 기준. 표준정규(-2.5 약함 ~ +2.5 강함). 38대 기후기술을 특정하지 않는 배경·여건 지표이므로 매핑하지 않음(tech_ids=해당없음).,,,,"A-002_WGI(Worldwide Governance Indicators, 국가 거버넌스 평가 지표).xlsx",1.1_observation(측정값),71,
A-002,"CPIA(Country Policy and Institutional Assessment, 국가 신용도·거버넌스 수준 지표)",observation,v124-a-002-obs-00130,A-002_wgi_pv_est,VNM,2009,2009,2009,,,,0.192212,,,,,,,World Bank 「GOV_WGI_PV.EST」 기준. 표준정규(-2.5 약함 ~ +2.5 강함). 38대 기후기술을 특정하지 않는 배경·여건 지표이므로 매핑하지 않음(tech_ids=해당없음).,,,,"A-002_WGI(Worldwide Governance Indicators, 국가 거버넌스 평가 지표).xlsx",1.1_observation(측정값),72,
A-002,"CPIA(Country Policy and Institutional Assessment, 국가 신용도·거버넌스 수준 지표)",observation,v124-a-002-obs-00131,A-002_wgi_pv_est,VNM,2010,2010,2010,,,,0.119868,,,,,,,World Bank 「GOV_WGI_PV.EST」 기준. 표준정규(-2.5 약함 ~ +2.5 강함). 38대 기후기술을 특정하지 않는 배경·여건 지표이므로 매핑하지 않음(tech_ids=해당없음).,,,,"A-002_WGI(Worldwide Governance Indicators, 국가 거버넌스 평가 지표).xlsx",1.1_observation(측정값),73,
A-002,"CPIA(Country Policy and Institutional Assessment, 국가 신용도·거버넌스 수준 지표)",observation,v124-a-002-obs-00132,A-002_wgi_pv_est,VNM,2011,2011,2011,,,,0.125534,,,,,,,World Bank 「GOV_WGI_PV.EST」 기준. 표준정규(-2.5 약함 ~ +2.5 강함). 38대 기후기술을 특정하지 않는 배경·여건 지표이므로 매핑하지 않음(tech_ids=해당없음).,,,,"A-002_WGI(Worldwide Governance Indicators, 국가 거버넌스 평가 지표).xlsx",1.1_observation(측정값),74,
A-002,"CPIA(Country Policy and Institutional Assessment, 국가 신용도·거버넌스 수준 지표)",observation,v124-a-002-obs-00133,A-002_wgi_pv_est,VNM,2012,2012,2012,,,,0.105564,,,,,,,World Bank 「GOV_WGI_PV.EST」 기준. 표준정규(-2.5 약함 ~ +2.5 강함). 38대 기후기술을 특정하지 않는 배경·여건 지표이므로 매핑하지 않음(tech_ids=해당없음).,,,,"A-002_WGI(Worldwide Governance Indicators, 국가 거버넌스 평가 지표).xlsx",1.1_observation(측정값),75,
A-002,"CPIA(Country Policy and Institutional Assessment, 국가 신용도·거버넌스 수준 지표)",observation,v124-a-002-obs-00134,A-002_wgi_pv_est,VNM,2013,2013,2013,,,,0.115421,,,,,,,World Bank 「GOV_WGI_PV.EST」 기준. 표준정규(-2.5 약함 ~ +2.5 강함). 38대 기후기술을 특정하지 않는 배경·여건 지표이므로 매핑하지 않음(tech_ids=해당없음).,,,,"A-002_WGI(Worldwide Governance Indicators, 국가 거버넌스 평가 지표).xlsx",1.1_observation(측정값),76,
A-002,"CPIA(Country Policy and Institutional Assessment, 국가 신용도·거버넌스 수준 지표)",observation,v124-a-002-obs-00135,A-002_wgi_pv_est,VNM,2014,2014,2014,,,,-0.012694,,,,,,,World Bank 「GOV_WGI_PV.EST」 기준. 표준정규(-2.5 약함 ~ +2.5 강함). 38대 기후기술을 특정하지 않는 배경·여건 지표이므로 매핑하지 않음(tech_ids=해당없음).,,,,"A-002_WGI(Worldwide Governance Indicators, 국가 거버넌스 평가 지표).xlsx",1.1_observation(측정값),77,
A-002,"CPIA(Country Policy and Institutional Assessment, 국가 신용도·거버넌스 수준 지표)",observation,v124-a-002-obs-00136,A-002_wgi_pv_est,VNM,2015,2015,2015,,,,0.068179,,,,,,,World Bank 「GOV_WGI_PV.EST」 기준. 표준정규(-2.5 약함 ~ +2.5 강함). 38대 기후기술을 특정하지 않는 배경·여건 지표이므로 매핑하지 않음(tech_ids=해당없음).,,,,"A-002_WGI(Worldwide Governance Indicators, 국가 거버넌스 평가 지표).xlsx",1.1_observation(측정값),78,
A-002,"CPIA(Country Policy and Institutional Assessment, 국가 신용도·거버넌스 수준 지표)",observation,v124-a-002-obs-00137,A-002_wgi_pv_est,VNM,2016,2016,2016,,,,0.182497,,,,,,,World Bank 「GOV_WGI_PV.EST」 기준. 표준정규(-2.5 약함 ~ +2.5 강함). 38대 기후기술을 특정하지 않는 배경·여건 지표이므로 매핑하지 않음(tech_ids=해당없음).,,,,"A-002_WGI(Worldwide Governance Indicators, 국가 거버넌스 평가 지표).xlsx",1.1_observation(측정값),79,
A-002,"CPIA(Country Policy and Institutional Assessment, 국가 신용도·거버넌스 수준 지표)",observation,v124-a-002-obs-00138,A-002_wgi_pv_est,VNM,2017,2017,2017,,,,0.150018,,,,,,,World Bank 「GOV_WGI_PV.EST」 기준. 표준정규(-2.5 약함 ~ +2.5 강함). 38대 기후기술을 특정하지 않는 배경·여건 지표이므로 매핑하지 않음(tech_ids=해당없음).,,,,"A-002_WGI(Worldwide Governance Indicators, 국가 거버넌스 평가 지표).xlsx",1.1_observation(측정값),80,
A-002,"CPIA(Country Policy and Institutional Assessment, 국가 신용도·거버넌스 수준 지표)",observation,v124-a-002-obs-00139,A-002_wgi_pv_est,VNM,2018,2018,2018,,,,-0.054259,,,,,,,World Bank 「GOV_WGI_PV.EST」 기준. 표준정규(-2.5 약함 ~ +2.5 강함). 38대 기후기술을 특정하지 않는 배경·여건 지표이므로 매핑하지 않음(tech_ids=해당없음).,,,,"A-002_WGI(Worldwide Governance Indicators, 국가 거버넌스 평가 지표).xlsx",1.1_observation(측정값),81,
A-002,"CPIA(Country Policy and Institutional Assessment, 국가 신용도·거버넌스 수준 지표)",observation,v124-a-002-obs-00140,A-002_wgi_pv_est,VNM,2019,2019,2019,,,,0.091674,,,,,,,World Bank 「GOV_WGI_PV.EST」 기준. 표준정규(-2.5 약함 ~ +2.5 강함). 38대 기후기술을 특정하지 않는 배경·여건 지표이므로 매핑하지 않음(tech_ids=해당없음).,,,,"A-002_WGI(Worldwide Governance Indicators, 국가 거버넌스 평가 지표).xlsx",1.1_observation(측정값),82,
A-002,"CPIA(Country Policy and Institutional Assessment, 국가 신용도·거버넌스 수준 지표)",observation,v124-a-002-obs-00141,A-002_wgi_pv_est,VNM,2020,2020,2020,,,,0.130235,,,,,,,World Bank 「GOV_WGI_PV.EST」 기준. 표준정규(-2.5 약함 ~ +2.5 강함). 38대 기후기술을 특정하지 않는 배경·여건 지표이므로 매핑하지 않음(tech_ids=해당없음).,,,,"A-002_WGI(Worldwide Governance Indicators, 국가 거버넌스 평가 지표).xlsx",1.1_observation(측정값),83,
A-002,"CPIA(Country Policy and Institutional Assessment, 국가 신용도·거버넌스 수준 지표)",observation,v124-a-002-obs-00142,A-002_wgi_pv_est,VNM,2021,2021,2021,,,,0.134584,,,,,,,World Bank 「GOV_WGI_PV.EST」 기준. 표준정규(-2.5 약함 ~ +2.5 강함). 38대 기후기술을 특정하지 않는 배경·여건 지표이므로 매핑하지 않음(tech_ids=해당없음).,,,,"A-002_WGI(Worldwide Governance Indicators, 국가 거버넌스 평가 지표).xlsx",1.1_observation(측정값),84,
A-002,"CPIA(Country Policy and Institutional Assessment, 국가 신용도·거버넌스 수준 지표)",observation,v124-a-002-obs-00143,A-002_wgi_pv_est,VNM,2022,2022,2022,,,,0.122794,,,,,,,World Bank 「GOV_WGI_PV.EST」 기준. 표준정규(-2.5 약함 ~ +2.5 강함). 38대 기후기술을 특정하지 않는 배경·여건 지표이므로 매핑하지 않음(tech_ids=해당없음).,,,,"A-002_WGI(Worldwide Governance Indicators, 국가 거버넌스 평가 지표).xlsx",1.1_observation(측정값),85,
A-002,"CPIA(Country Policy and Institutional Assessment, 국가 신용도·거버넌스 수준 지표)",observation,v124-a-002-obs-00144,A-002_wgi_pv_est,VNM,2023,2023,2023,,,,0.090751,,,,,,,World Bank 「GOV_WGI_PV.EST」 기준. 표준정규(-2.5 약함 ~ +2.5 강함). 38대 기후기술을 특정하지 않는 배경·여건 지표이므로 매핑하지 않음(tech_ids=해당없음).,,,,"A-002_WGI(Worldwide Governance Indicators, 국가 거버넌스 평가 지표).xlsx",1.1_observation(측정값),86,
A-002,"CPIA(Country Policy and Institutional Assessment, 국가 신용도·거버넌스 수준 지표)",observation,v124-a-002-obs-00145,A-002_wgi_pv_est,VNM,2024,2024,2024,,,,0.005674,,,,,,,World Bank 「GOV_WGI_PV.EST」 기준. 표준정규(-2.5 약함 ~ +2.5 강함). 38대 기후기술을 특정하지 않는 배경·여건 지표이므로 매핑하지 않음(tech_ids=해당없음).,,,,"A-002_WGI(Worldwide Governance Indicators, 국가 거버넌스 평가 지표).xlsx",1.1_observation(측정값),87,
A-002,"CPIA(Country Policy and Institutional Assessment, 국가 신용도·거버넌스 수준 지표)",observation,v124-a-002-obs-00146,A-002_wgi_pv_pctrank,VNM,1996,1996,1996,,,,73.456097,,,,,,,World Bank 「GOV_WGI_PV.SC」 기준. 백분위 순위(0 최하위 ~ 100 최상위). 38대 기후기술을 특정하지 않는 배경·여건 지표이므로 매핑하지 않음(tech_ids=해당없음).,,,,"A-002_WGI(Worldwide Governance Indicators, 국가 거버넌스 평가 지표).xlsx",1.1_observation(측정값),91,
A-002,"CPIA(Country Policy and Institutional Assessment, 국가 신용도·거버넌스 수준 지표)",observation,v124-a-002-obs-00147,A-002_wgi_pv_pctrank,VNM,1997,1997,1997,,,,,,,,,,M01,[M01·원자료 결측] 원천(World Bank / GOV_WGI_PV.SC)이 1997년 값을 제공하지 않음. WGI가 2002년까지 격년으로 산출되었기 때문임. 38대 기후기술을 특정하지 않는 배경·여건 지표이므로 매핑하지 않음(tech_ids=해당없음).,,,,"A-002_WGI(Worldwide Governance Indicators, 국가 거버넌스 평가 지표).xlsx",1.1_observation(측정값),117,
A-002,"CPIA(Country Policy and Institutional Assessment, 국가 신용도·거버넌스 수준 지표)",observation,v124-a-002-obs-00148,A-002_wgi_pv_pctrank,VNM,1998,1998,1998,,,,70.380555,,,,,,,World Bank 「GOV_WGI_PV.SC」 기준. 백분위 순위(0 최하위 ~ 100 최상위). 38대 기후기술을 특정하지 않는 배경·여건 지표이므로 매핑하지 않음(tech_ids=해당없음).,,,,"A-002_WGI(Worldwide Governance Indicators, 국가 거버넌스 평가 지표).xlsx",1.1_observation(측정값),92,
A-002,"CPIA(Country Policy and Institutional Assessment, 국가 신용도·거버넌스 수준 지표)",observation,v124-a-002-obs-00149,A-002_wgi_pv_pctrank,VNM,1999,1999,1999,,,,,,,,,,M01,[M01·원자료 결측] 원천(World Bank / GOV_WGI_PV.SC)이 1999년 값을 제공하지 않음. WGI가 2002년까지 격년으로 산출되었기 때문임. 38대 기후기술을 특정하지 않는 배경·여건 지표이므로 매핑하지 않음(tech_ids=해당없음).,,,,"A-002_WGI(Worldwide Governance Indicators, 국가 거버넌스 평가 지표).xlsx",1.1_observation(측정값),118,
A-002,"CPIA(Country Policy and Institutional Assessment, 국가 신용도·거버넌스 수준 지표)",observation,v124-a-002-obs-00150,A-002_wgi_pv_pctrank,VNM,2000,2000,2000,,,,70.890271,,,,,,,World Bank 「GOV_WGI_PV.SC」 기준. 백분위 순위(0 최하위 ~ 100 최상위). 38대 기후기술을 특정하지 않는 배경·여건 지표이므로 매핑하지 않음(tech_ids=해당없음).,,,,"A-002_WGI(Worldwide Governance Indicators, 국가 거버넌스 평가 지표).xlsx",1.1_observation(측정값),93,
A-002,"CPIA(Country Policy and Institutional Assessment, 국가 신용도·거버넌스 수준 지표)",observation,v124-a-002-obs-00151,A-002_wgi_pv_pctrank,VNM,2001,2001,2001,,,,,,,,,,M01,[M01·원자료 결측] 원천(World Bank / GOV_WGI_PV.SC)이 2001년 값을 제공하지 않음. WGI가 2002년까지 격년으로 산출되었기 때문임. 38대 기후기술을 특정하지 않는 배경·여건 지표이므로 매핑하지 않음(tech_ids=해당없음).,,,,"A-002_WGI(Worldwide Governance Indicators, 국가 거버넌스 평가 지표).xlsx",1.1_observation(측정값),119,
A-002,"CPIA(Country Policy and Institutional Assessment, 국가 신용도·거버넌스 수준 지표)",observation,v124-a-002-obs-00152,A-002_wgi_pv_pctrank,VNM,2002,2002,2002,,,,72.476498,,,,,,,World Bank 「GOV_WGI_PV.SC」 기준. 백분위 순위(0 최하위 ~ 100 최상위). 38대 기후기술을 특정하지 않는 배경·여건 지표이므로 매핑하지 않음(tech_ids=해당없음).,,,,"A-002_WGI(Worldwide Governance Indicators, 국가 거버넌스 평가 지표).xlsx",1.1_observation(측정값),94,
A-002,"CPIA(Country Policy and Institutional Assessment, 국가 신용도·거버넌스 수준 지표)",observation,v124-a-002-obs-00153,A-002_wgi_pv_pctrank,VNM,2003,2003,2003,,,,68.205771,,,,,,,World Bank 「GOV_WGI_PV.SC」 기준. 백분위 순위(0 최하위 ~ 100 최상위). 38대 기후기술을 특정하지 않는 배경·여건 지표이므로 매핑하지 않음(tech_ids=해당없음).,,,,"A-002_WGI(Worldwide Governance Indicators, 국가 거버넌스 평가 지표).xlsx",1.1_observation(측정값),95,
A-002,"CPIA(Country Policy and Institutional Assessment, 국가 신용도·거버넌스 수준 지표)",observation,v124-a-002-obs-00154,A-002_wgi_pv_pctrank,VNM,2004,2004,2004,,,,65.786941,,,,,,,World Bank 「GOV_WGI_PV.SC」 기준. 백분위 순위(0 최하위 ~ 100 최상위). 38대 기후기술을 특정하지 않는 배경·여건 지표이므로 매핑하지 않음(tech_ids=해당없음).,,,,"A-002_WGI(Worldwide Governance Indicators, 국가 거버넌스 평가 지표).xlsx",1.1_observation(측정값),96,
A-002,"CPIA(Country Policy and Institutional Assessment, 국가 신용도·거버넌스 수준 지표)",observation,v124-a-002-obs-00155,A-002_wgi_pv_pctrank,VNM,2005,2005,2005,,,,71.768728,,,,,,,World Bank 「GOV_WGI_PV.SC」 기준. 백분위 순위(0 최하위 ~ 100 최상위). 38대 기후기술을 특정하지 않는 배경·여건 지표이므로 매핑하지 않음(tech_ids=해당없음).,,,,"A-002_WGI(Worldwide Governance Indicators, 국가 거버넌스 평가 지표).xlsx",1.1_observation(측정값),97,
A-002,"CPIA(Country Policy and Institutional Assessment, 국가 신용도·거버넌스 수준 지표)",observation,v124-a-002-obs-00156,A-002_wgi_pv_pctrank,VNM,2006,2006,2006,,,,71.021571,,,,,,,World Bank 「GOV_WGI_PV.SC」 기준. 백분위 순위(0 최하위 ~ 100 최상위). 38대 기후기술을 특정하지 않는 배경·여건 지표이므로 매핑하지 않음(tech_ids=해당없음).,,,,"A-002_WGI(Worldwide Governance Indicators, 국가 거버넌스 평가 지표).xlsx",1.1_observation(측정값),98,
A-002,"CPIA(Country Policy and Institutional Assessment, 국가 신용도·거버넌스 수준 지표)",observation,v124-a-002-obs-00157,A-002_wgi_pv_pctrank,VNM,2007,2007,2007,,,,68.509139,,,,,,,World Bank 「GOV_WGI_PV.SC」 기준. 백분위 순위(0 최하위 ~ 100 최상위). 38대 기후기술을 특정하지 않는 배경·여건 지표이므로 매핑하지 않음(tech_ids=해당없음).,,,,"A-002_WGI(Worldwide Governance Indicators, 국가 거버넌스 평가 지표).xlsx",1.1_observation(측정값),99,
A-002,"CPIA(Country Policy and Institutional Assessment, 국가 신용도·거버넌스 수준 지표)",observation,v124-a-002-obs-00158,A-002_wgi_pv_pctrank,VNM,2008,2008,2008,,,,66.727893,,,,,,,World Bank 「GOV_WGI_PV.SC」 기준. 백분위 순위(0 최하위 ~ 100 최상위). 38대 기후기술을 특정하지 않는 배경·여건 지표이므로 매핑하지 않음(tech_ids=해당없음).,,,,"A-002_WGI(Worldwide Governance Indicators, 국가 거버넌스 평가 지표).xlsx",1.1_observation(측정값),100,
A-002,"CPIA(Country Policy and Institutional Assessment, 국가 신용도·거버넌스 수준 지표)",observation,v124-a-002-obs-00159,A-002_wgi_pv_pctrank,VNM,2009,2009,2009,,,,69.17768,,,,,,,World Bank 「GOV_WGI_PV.SC」 기준. 백분위 순위(0 최하위 ~ 100 최상위). 38대 기후기술을 특정하지 않는 배경·여건 지표이므로 매핑하지 않음(tech_ids=해당없음).,,,,"A-002_WGI(Worldwide Governance Indicators, 국가 거버넌스 평가 지표).xlsx",1.1_observation(측정값),101,
A-002,"CPIA(Country Policy and Institutional Assessment, 국가 신용도·거버넌스 수준 지표)",observation,v124-a-002-obs-00160,A-002_wgi_pv_pctrank,VNM,2010,2010,2010,,,,67.941929,,,,,,,World Bank 「GOV_WGI_PV.SC」 기준. 백분위 순위(0 최하위 ~ 100 최상위). 38대 기후기술을 특정하지 않는 배경·여건 지표이므로 매핑하지 않음(tech_ids=해당없음).,,,,"A-002_WGI(Worldwide Governance Indicators, 국가 거버넌스 평가 지표).xlsx",1.1_observation(측정값),102,
A-002,"CPIA(Country Policy and Institutional Assessment, 국가 신용도·거버넌스 수준 지표)",observation,v124-a-002-obs-00161,A-002_wgi_pv_pctrank,VNM,2011,2011,2011,,,,68.038715,,,,,,,World Bank 「GOV_WGI_PV.SC」 기준. 백분위 순위(0 최하위 ~ 100 최상위). 38대 기후기술을 특정하지 않는 배경·여건 지표이므로 매핑하지 않음(tech_ids=해당없음).,,,,"A-002_WGI(Worldwide Governance Indicators, 국가 거버넌스 평가 지표).xlsx",1.1_observation(측정값),103,
A-002,"CPIA(Country Policy and Institutional Assessment, 국가 신용도·거버넌스 수준 지표)",observation,v124-a-002-obs-00162,A-002_wgi_pv_pctrank,VNM,2012,2012,2012,,,,67.697599,,,,,,,World Bank 「GOV_WGI_PV.SC」 기준. 백분위 순위(0 최하위 ~ 100 최상위). 38대 기후기술을 특정하지 않는 배경·여건 지표이므로 매핑하지 않음(tech_ids=해당없음).,,,,"A-002_WGI(Worldwide Governance Indicators, 국가 거버넌스 평가 지표).xlsx",1.1_observation(측정값),104,
A-002,"CPIA(Country Policy and Institutional Assessment, 국가 신용도·거버넌스 수준 지표)",observation,v124-a-002-obs-00163,A-002_wgi_pv_pctrank,VNM,2013,2013,2013,,,,67.865967,,,,,,,World Bank 「GOV_WGI_PV.SC」 기준. 백분위 순위(0 최하위 ~ 100 최상위). 38대 기후기술을 특정하지 않는 배경·여건 지표이므로 매핑하지 않음(tech_ids=해당없음).,,,,"A-002_WGI(Worldwide Governance Indicators, 국가 거버넌스 평가 지표).xlsx",1.1_observation(측정값),105,
A-002,"CPIA(Country Policy and Institutional Assessment, 국가 신용도·거버넌스 수준 지표)",observation,v124-a-002-obs-00164,A-002_wgi_pv_pctrank,VNM,2014,2014,2014,,,,65.677556,,,,,,,World Bank 「GOV_WGI_PV.SC」 기준. 백분위 순위(0 최하위 ~ 100 최상위). 38대 기후기술을 특정하지 않는 배경·여건 지표이므로 매핑하지 않음(tech_ids=해당없음).,,,,"A-002_WGI(Worldwide Governance Indicators, 국가 거버넌스 평가 지표).xlsx",1.1_observation(측정값),106,
A-002,"CPIA(Country Policy and Institutional Assessment, 국가 신용도·거버넌스 수준 지표)",observation,v124-a-002-obs-00165,A-002_wgi_pv_pctrank,VNM,2015,2015,2015,,,,67.058993,,,,,,,World Bank 「GOV_WGI_PV.SC」 기준. 백분위 순위(0 최하위 ~ 100 최상위). 38대 기후기술을 특정하지 않는 배경·여건 지표이므로 매핑하지 않음(tech_ids=해당없음).,,,,"A-002_WGI(Worldwide Governance Indicators, 국가 거버넌스 평가 지표).xlsx",1.1_observation(측정값),107,
A-002,"CPIA(Country Policy and Institutional Assessment, 국가 신용도·거버넌스 수준 지표)",observation,v124-a-002-obs-00166,A-002_wgi_pv_pctrank,VNM,2016,2016,2016,,,,69.011736,,,,,,,World Bank 「GOV_WGI_PV.SC」 기준. 백분위 순위(0 최하위 ~ 100 최상위). 38대 기후기술을 특정하지 않는 배경·여건 지표이므로 매핑하지 않음(tech_ids=해당없음).,,,,"A-002_WGI(Worldwide Governance Indicators, 국가 거버넌스 평가 지표).xlsx",1.1_observation(측정값),108,
A-002,"CPIA(Country Policy and Institutional Assessment, 국가 신용도·거버넌스 수준 지표)",observation,v124-a-002-obs-00167,A-002_wgi_pv_pctrank,VNM,2017,2017,2017,,,,68.456939,,,,,,,World Bank 「GOV_WGI_PV.SC」 기준. 백분위 순위(0 최하위 ~ 100 최상위). 38대 기후기술을 특정하지 않는 배경·여건 지표이므로 매핑하지 않음(tech_ids=해당없음).,,,,"A-002_WGI(Worldwide Governance Indicators, 국가 거버넌스 평가 지표).xlsx",1.1_observation(측정값),109,
A-002,"CPIA(Country Policy and Institutional Assessment, 국가 신용도·거버넌스 수준 지표)",observation,v124-a-002-obs-00168,A-002_wgi_pv_pctrank,VNM,2018,2018,2018,,,,64.967558,,,,,,,World Bank 「GOV_WGI_PV.SC」 기준. 백분위 순위(0 최하위 ~ 100 최상위). 38대 기후기술을 특정하지 않는 배경·여건 지표이므로 매핑하지 않음(tech_ids=해당없음).,,,,"A-002_WGI(Worldwide Governance Indicators, 국가 거버넌스 평가 지표).xlsx",1.1_observation(측정값),110,
A-002,"CPIA(Country Policy and Institutional Assessment, 국가 신용도·거버넌스 수준 지표)",observation,v124-a-002-obs-00169,A-002_wgi_pv_pctrank,VNM,2019,2019,2019,,,,67.460341,,,,,,,World Bank 「GOV_WGI_PV.SC」 기준. 백분위 순위(0 최하위 ~ 100 최상위). 38대 기후기술을 특정하지 않는 배경·여건 지표이므로 매핑하지 않음(tech_ids=해당없음).,,,,"A-002_WGI(Worldwide Governance Indicators, 국가 거버넌스 평가 지표).xlsx",1.1_observation(측정값),111,
A-002,"CPIA(Country Policy and Institutional Assessment, 국가 신용도·거버넌스 수준 지표)",observation,v124-a-002-obs-00170,A-002_wgi_pv_pctrank,VNM,2020,2020,2020,,,,68.119009,,,,,,,World Bank 「GOV_WGI_PV.SC」 기준. 백분위 순위(0 최하위 ~ 100 최상위). 38대 기후기술을 특정하지 않는 배경·여건 지표이므로 매핑하지 않음(tech_ids=해당없음).,,,,"A-002_WGI(Worldwide Governance Indicators, 국가 거버넌스 평가 지표).xlsx",1.1_observation(측정값),112,
A-002,"CPIA(Country Policy and Institutional Assessment, 국가 신용도·거버넌스 수준 지표)",observation,v124-a-002-obs-00171,A-002_wgi_pv_pctrank,VNM,2021,2021,2021,,,,68.19331,,,,,,,World Bank 「GOV_WGI_PV.SC」 기준. 백분위 순위(0 최하위 ~ 100 최상위). 38대 기후기술을 특정하지 않는 배경·여건 지표이므로 매핑하지 않음(tech_ids=해당없음).,,,,"A-002_WGI(Worldwide Governance Indicators, 국가 거버넌스 평가 지표).xlsx",1.1_observation(측정값),113,
A-002,"CPIA(Country Policy and Institutional Assessment, 국가 신용도·거버넌스 수준 지표)",observation,v124-a-002-obs-00172,A-002_wgi_pv_pctrank,VNM,2022,2022,2022,,,,67.991918,,,,,,,World Bank 「GOV_WGI_PV.SC」 기준. 백분위 순위(0 최하위 ~ 100 최상위). 38대 기후기술을 특정하지 않는 배경·여건 지표이므로 매핑하지 않음(tech_ids=해당없음).,,,,"A-002_WGI(Worldwide Governance Indicators, 국가 거버넌스 평가 지표).xlsx",1.1_observation(측정값),114,
A-002,"CPIA(Country Policy and Institutional Assessment, 국가 신용도·거버넌스 수준 지표)",observation,v124-a-002-obs-00173,A-002_wgi_pv_pctrank,VNM,2023,2023,2023,,,,67.444574,,,,,,,World Bank 「GOV_WGI_PV.SC」 기준. 백분위 순위(0 최하위 ~ 100 최상위). 38대 기후기술을 특정하지 않는 배경·여건 지표이므로 매핑하지 않음(tech_ids=해당없음).,,,,"A-002_WGI(Worldwide Governance Indicators, 국가 거버넌스 평가 지표).xlsx",1.1_observation(측정값),115,
A-002,"CPIA(Country Policy and Institutional Assessment, 국가 신용도·거버넌스 수준 지표)",observation,v124-a-002-obs-00174,A-002_wgi_pv_pctrank,VNM,2024,2024,2024,,,,65.991307,,,,,,,World Bank 「GOV_WGI_PV.SC」 기준. 백분위 순위(0 최하위 ~ 100 최상위). 38대 기후기술을 특정하지 않는 배경·여건 지표이므로 매핑하지 않음(tech_ids=해당없음).,,,,"A-002_WGI(Worldwide Governance Indicators, 국가 거버넌스 평가 지표).xlsx",1.1_observation(측정값),116,
A-002,"CPIA(Country Policy and Institutional Assessment, 국가 신용도·거버넌스 수준 지표)",observation,v124-a-002-obs-00175,A-002_wgi_rl_est,VNM,1996,1996,1996,,,,-0.679393,,,,,,,World Bank 「GOV_WGI_RL.EST」 기준. 표준정규(-2.5 약함 ~ +2.5 강함). 38대 기후기술을 특정하지 않는 배경·여건 지표이므로 매핑하지 않음(tech_ids=해당없음).,,,,"A-002_WGI(Worldwide Governance Indicators, 국가 거버넌스 평가 지표).xlsx",1.1_observation(측정값),236,
A-002,"CPIA(Country Policy and Institutional Assessment, 국가 신용도·거버넌스 수준 지표)",observation,v124-a-002-obs-00176,A-002_wgi_rl_est,VNM,1997,1997,1997,,,,,,,,,,M01,[M01·원자료 결측] 원천(World Bank / GOV_WGI_RL.EST)이 1997년 값을 제공하지 않음. WGI가 2002년까지 격년으로 산출되었기 때문임. 38대 기후기술을 특정하지 않는 배경·여건 지표이므로 매핑하지 않음(tech_ids=해당없음).,,,,"A-002_WGI(Worldwide Governance Indicators, 국가 거버넌스 평가 지표).xlsx",1.1_observation(측정값),262,
A-002,"CPIA(Country Policy and Institutional Assessment, 국가 신용도·거버넌스 수준 지표)",observation,v124-a-002-obs-00177,A-002_wgi_rl_est,VNM,1998,1998,1998,,,,-0.586445,,,,,,,World Bank 「GOV_WGI_RL.EST」 기준. 표준정규(-2.5 약함 ~ +2.5 강함). 38대 기후기술을 특정하지 않는 배경·여건 지표이므로 매핑하지 않음(tech_ids=해당없음).,,,,"A-002_WGI(Worldwide Governance Indicators, 국가 거버넌스 평가 지표).xlsx",1.1_observation(측정값),237,
A-002,"CPIA(Country Policy and Institutional Assessment, 국가 신용도·거버넌스 수준 지표)",observation,v124-a-002-obs-00178,A-002_wgi_rl_est,VNM,1999,1999,1999,,,,,,,,,,M01,[M01·원자료 결측] 원천(World Bank / GOV_WGI_RL.EST)이 1999년 값을 제공하지 않음. WGI가 2002년까지 격년으로 산출되었기 때문임. 38대 기후기술을 특정하지 않는 배경·여건 지표이므로 매핑하지 않음(tech_ids=해당없음).,,,,"A-002_WGI(Worldwide Governance Indicators, 국가 거버넌스 평가 지표).xlsx",1.1_observation(측정값),263,
A-002,"CPIA(Country Policy and Institutional Assessment, 국가 신용도·거버넌스 수준 지표)",observation,v124-a-002-obs-00179,A-002_wgi_rl_est,VNM,2000,2000,2000,,,,-0.614835,,,,,,,World Bank 「GOV_WGI_RL.EST」 기준. 표준정규(-2.5 약함 ~ +2.5 강함). 38대 기후기술을 특정하지 않는 배경·여건 지표이므로 매핑하지 않음(tech_ids=해당없음).,,,,"A-002_WGI(Worldwide Governance Indicators, 국가 거버넌스 평가 지표).xlsx",1.1_observation(측정값),238,
A-002,"CPIA(Country Policy and Institutional Assessment, 국가 신용도·거버넌스 수준 지표)",observation,v124-a-002-obs-00180,A-002_wgi_rl_est,VNM,2001,2001,2001,,,,,,,,,,M01,[M01·원자료 결측] 원천(World Bank / GOV_WGI_RL.EST)이 2001년 값을 제공하지 않음. WGI가 2002년까지 격년으로 산출되었기 때문임. 38대 기후기술을 특정하지 않는 배경·여건 지표이므로 매핑하지 않음(tech_ids=해당없음).,,,,"A-002_WGI(Worldwide Governance Indicators, 국가 거버넌스 평가 지표).xlsx",1.1_observation(측정값),264,
A-002,"CPIA(Country Policy and Institutional Assessment, 국가 신용도·거버넌스 수준 지표)",observation,v124-a-002-obs-00181,A-002_wgi_rl_est,VNM,2002,2002,2002,,,,-0.849406,,,,,,,World Bank 「GOV_WGI_RL.EST」 기준. 표준정규(-2.5 약함 ~ +2.5 강함). 38대 기후기술을 특정하지 않는 배경·여건 지표이므로 매핑하지 않음(tech_ids=해당없음).,,,,"A-002_WGI(Worldwide Governance Indicators, 국가 거버넌스 평가 지표).xlsx",1.1_observation(측정값),239,
A-002,"CPIA(Country Policy and Institutional Assessment, 국가 신용도·거버넌스 수준 지표)",observation,v124-a-002-obs-00182,A-002_wgi_rl_est,VNM,2003,2003,2003,,,,-0.832591,,,,,,,World Bank 「GOV_WGI_RL.EST」 기준. 표준정규(-2.5 약함 ~ +2.5 강함). 38대 기후기술을 특정하지 않는 배경·여건 지표이므로 매핑하지 않음(tech_ids=해당없음).,,,,"A-002_WGI(Worldwide Governance Indicators, 국가 거버넌스 평가 지표).xlsx",1.1_observation(측정값),240,
A-002,"CPIA(Country Policy and Institutional Assessment, 국가 신용도·거버넌스 수준 지표)",observation,v124-a-002-obs-00183,A-002_wgi_rl_est,VNM,2004,2004,2004,,,,-0.740381,,,,,,,World Bank 「GOV_WGI_RL.EST」 기준. 표준정규(-2.5 약함 ~ +2.5 강함). 38대 기후기술을 특정하지 않는 배경·여건 지표이므로 매핑하지 않음(tech_ids=해당없음).,,,,"A-002_WGI(Worldwide Governance Indicators, 국가 거버넌스 평가 지표).xlsx",1.1_observation(측정값),241,
A-002,"CPIA(Country Policy and Institutional Assessment, 국가 신용도·거버넌스 수준 지표)",observation,v124-a-002-obs-00184,A-002_wgi_rl_est,VNM,2005,2005,2005,,,,-0.565088,,,,,,,World Bank 「GOV_WGI_RL.EST」 기준. 표준정규(-2.5 약함 ~ +2.5 강함). 38대 기후기술을 특정하지 않는 배경·여건 지표이므로 매핑하지 않음(tech_ids=해당없음).,,,,"A-002_WGI(Worldwide Governance Indicators, 국가 거버넌스 평가 지표).xlsx",1.1_observation(측정값),242,
A-002,"CPIA(Country Policy and Institutional Assessment, 국가 신용도·거버넌스 수준 지표)",observation,v124-a-002-obs-00185,A-002_wgi_rl_est,VNM,2006,2006,2006,,,,-0.571666,,,,,,,World Bank 「GOV_WGI_RL.EST」 기준. 표준정규(-2.5 약함 ~ +2.5 강함). 38대 기후기술을 특정하지 않는 배경·여건 지표이므로 매핑하지 않음(tech_ids=해당없음).,,,,"A-002_WGI(Worldwide Governance Indicators, 국가 거버넌스 평가 지표).xlsx",1.1_observation(측정값),243,
A-002,"CPIA(Country Policy and Institutional Assessment, 국가 신용도·거버넌스 수준 지표)",observation,v124-a-002-obs-00186,A-002_wgi_rl_est,VNM,2007,2007,2007,,,,-0.545441,,,,,,,World Bank 「GOV_WGI_RL.EST」 기준. 표준정규(-2.5 약함 ~ +2.5 강함). 38대 기후기술을 특정하지 않는 배경·여건 지표이므로 매핑하지 않음(tech_ids=해당없음).,,,,"A-002_WGI(Worldwide Governance Indicators, 국가 거버넌스 평가 지표).xlsx",1.1_observation(측정값),244,
A-002,"CPIA(Country Policy and Institutional Assessment, 국가 신용도·거버넌스 수준 지표)",observation,v124-a-002-obs-00187,A-002_wgi_rl_est,VNM,2008,2008,2008,,,,-0.559886,,,,,,,World Bank 「GOV_WGI_RL.EST」 기준. 표준정규(-2.5 약함 ~ +2.5 강함). 38대 기후기술을 특정하지 않는 배경·여건 지표이므로 매핑하지 않음(tech_ids=해당없음).,,,,"A-002_WGI(Worldwide Governance Indicators, 국가 거버넌스 평가 지표).xlsx",1.1_observation(측정값),245,
A-002,"CPIA(Country Policy and Institutional Assessment, 국가 신용도·거버넌스 수준 지표)",observation,v124-a-002-obs-00188,A-002_wgi_rl_est,VNM,2009,2009,2009,,,,-0.60593,,,,,,,World Bank 「GOV_WGI_RL.EST」 기준. 표준정규(-2.5 약함 ~ +2.5 강함). 38대 기후기술을 특정하지 않는 배경·여건 지표이므로 매핑하지 않음(tech_ids=해당없음).,,,,"A-002_WGI(Worldwide Governance Indicators, 국가 거버넌스 평가 지표).xlsx",1.1_observation(측정값),246,
A-002,"CPIA(Country Policy and Institutional Assessment, 국가 신용도·거버넌스 수준 지표)",observation,v124-a-002-obs-00189,A-002_wgi_rl_est,VNM,2010,2010,2010,,,,-0.639696,,,,,,,World Bank 「GOV_WGI_RL.EST」 기준. 표준정규(-2.5 약함 ~ +2.5 강함). 38대 기후기술을 특정하지 않는 배경·여건 지표이므로 매핑하지 않음(tech_ids=해당없음).,,,,"A-002_WGI(Worldwide Governance Indicators, 국가 거버넌스 평가 지표).xlsx",1.1_observation(측정값),247,
A-002,"CPIA(Country Policy and Institutional Assessment, 국가 신용도·거버넌스 수준 지표)",observation,v124-a-002-obs-00190,A-002_wgi_rl_est,VNM,2011,2011,2011,,,,-0.527576,,,,,,,World Bank 「GOV_WGI_RL.EST」 기준. 표준정규(-2.5 약함 ~ +2.5 강함). 38대 기후기술을 특정하지 않는 배경·여건 지표이므로 매핑하지 않음(tech_ids=해당없음).,,,,"A-002_WGI(Worldwide Governance Indicators, 국가 거버넌스 평가 지표).xlsx",1.1_observation(측정값),248,
A-002,"CPIA(Country Policy and Institutional Assessment, 국가 신용도·거버넌스 수준 지표)",observation,v124-a-002-obs-00191,A-002_wgi_rl_est,VNM,2012,2012,2012,,,,-0.576023,,,,,,,World Bank 「GOV_WGI_RL.EST」 기준. 표준정규(-2.5 약함 ~ +2.5 강함). 38대 기후기술을 특정하지 않는 배경·여건 지표이므로 매핑하지 않음(tech_ids=해당없음).,,,,"A-002_WGI(Worldwide Governance Indicators, 국가 거버넌스 평가 지표).xlsx",1.1_observation(측정값),249,
A-002,"CPIA(Country Policy and Institutional Assessment, 국가 신용도·거버넌스 수준 지표)",observation,v124-a-002-obs-00192,A-002_wgi_rl_est,VNM,2013,2013,2013,,,,-0.616734,,,,,,,World Bank 「GOV_WGI_RL.EST」 기준. 표준정규(-2.5 약함 ~ +2.5 강함). 38대 기후기술을 특정하지 않는 배경·여건 지표이므로 매핑하지 않음(tech_ids=해당없음).,,,,"A-002_WGI(Worldwide Governance Indicators, 국가 거버넌스 평가 지표).xlsx",1.1_observation(측정값),250,
A-002,"CPIA(Country Policy and Institutional Assessment, 국가 신용도·거버넌스 수준 지표)",observation,v124-a-002-obs-00193,A-002_wgi_rl_est,VNM,2014,2014,2014,,,,-0.491024,,,,,,,World Bank 「GOV_WGI_RL.EST」 기준. 표준정규(-2.5 약함 ~ +2.5 강함). 38대 기후기술을 특정하지 않는 배경·여건 지표이므로 매핑하지 않음(tech_ids=해당없음).,,,,"A-002_WGI(Worldwide Governance Indicators, 국가 거버넌스 평가 지표).xlsx",1.1_observation(측정값),251,
A-002,"CPIA(Country Policy and Institutional Assessment, 국가 신용도·거버넌스 수준 지표)",observation,v124-a-002-obs-00194,A-002_wgi_rl_est,VNM,2015,2015,2015,,,,-0.372697,,,,,,,World Bank 「GOV_WGI_RL.EST」 기준. 표준정규(-2.5 약함 ~ +2.5 강함). 38대 기후기술을 특정하지 않는 배경·여건 지표이므로 매핑하지 않음(tech_ids=해당없음).,,,,"A-002_WGI(Worldwide Governance Indicators, 국가 거버넌스 평가 지표).xlsx",1.1_observation(측정값),252,
A-002,"CPIA(Country Policy and Institutional Assessment, 국가 신용도·거버넌스 수준 지표)",observation,v124-a-002-obs-00195,A-002_wgi_rl_est,VNM,2016,2016,2016,,,,-0.260587,,,,,,,World Bank 「GOV_WGI_RL.EST」 기준. 표준정규(-2.5 약함 ~ +2.5 강함). 38대 기후기술을 특정하지 않는 배경·여건 지표이므로 매핑하지 않음(tech_ids=해당없음).,,,,"A-002_WGI(Worldwide Governance Indicators, 국가 거버넌스 평가 지표).xlsx",1.1_observation(측정값),253,
A-002,"CPIA(Country Policy and Institutional Assessment, 국가 신용도·거버넌스 수준 지표)",observation,v124-a-002-obs-00196,A-002_wgi_rl_est,VNM,2017,2017,2017,,,,-0.309361,,,,,,,World Bank 「GOV_WGI_RL.EST」 기준. 표준정규(-2.5 약함 ~ +2.5 강함). 38대 기후기술을 특정하지 않는 배경·여건 지표이므로 매핑하지 않음(tech_ids=해당없음).,,,,"A-002_WGI(Worldwide Governance Indicators, 국가 거버넌스 평가 지표).xlsx",1.1_observation(측정값),254,
A-002,"CPIA(Country Policy and Institutional Assessment, 국가 신용도·거버넌스 수준 지표)",observation,v124-a-002-obs-00197,A-002_wgi_rl_est,VNM,2018,2018,2018,,,,-0.285472,,,,,,,World Bank 「GOV_WGI_RL.EST」 기준. 표준정규(-2.5 약함 ~ +2.5 강함). 38대 기후기술을 특정하지 않는 배경·여건 지표이므로 매핑하지 않음(tech_ids=해당없음).,,,,"A-002_WGI(Worldwide Governance Indicators, 국가 거버넌스 평가 지표).xlsx",1.1_observation(측정값),255,
A-002,"CPIA(Country Policy and Institutional Assessment, 국가 신용도·거버넌스 수준 지표)",observation,v124-a-002-obs-00198,A-002_wgi_rl_est,VNM,2019,2019,2019,,,,-0.295336,,,,,,,World Bank 「GOV_WGI_RL.EST」 기준. 표준정규(-2.5 약함 ~ +2.5 강함). 38대 기후기술을 특정하지 않는 배경·여건 지표이므로 매핑하지 않음(tech_ids=해당없음).,,,,"A-002_WGI(Worldwide Governance Indicators, 국가 거버넌스 평가 지표).xlsx",1.1_observation(측정값),256,
A-002,"CPIA(Country Policy and Institutional Assessment, 국가 신용도·거버넌스 수준 지표)",observation,v124-a-002-obs-00199,A-002_wgi_rl_est,VNM,2020,2020,2020,,,,-0.301675,,,,,,,World Bank 「GOV_WGI_RL.EST」 기준. 표준정규(-2.5 약함 ~ +2.5 강함). 38대 기후기술을 특정하지 않는 배경·여건 지표이므로 매핑하지 않음(tech_ids=해당없음).,,,,"A-002_WGI(Worldwide Governance Indicators, 국가 거버넌스 평가 지표).xlsx",1.1_observation(측정값),257,
A-002,"CPIA(Country Policy and Institutional Assessment, 국가 신용도·거버넌스 수준 지표)",observation,v124-a-002-obs-00200,A-002_wgi_rl_est,VNM,2021,2021,2021,,,,-0.310642,,,,,,,World Bank 「GOV_WGI_RL.EST」 기준. 표준정규(-2.5 약함 ~ +2.5 강함). 38대 기후기술을 특정하지 않는 배경·여건 지표이므로 매핑하지 않음(tech_ids=해당없음).,,,,"A-002_WGI(Worldwide Governance Indicators, 국가 거버넌스 평가 지표).xlsx",1.1_observation(측정값),258,
A-002,"CPIA(Country Policy and Institutional Assessment, 국가 신용도·거버넌스 수준 지표)",observation,v124-a-002-obs-00201,A-002_wgi_rl_est,VNM,2022,2022,2022,,,,-0.336849,,,,,,,World Bank 「GOV_WGI_RL.EST」 기준. 표준정규(-2.5 약함 ~ +2.5 강함). 38대 기후기술을 특정하지 않는 배경·여건 지표이므로 매핑하지 않음(tech_ids=해당없음).,,,,"A-002_WGI(Worldwide Governance Indicators, 국가 거버넌스 평가 지표).xlsx",1.1_observation(측정값),259,
A-002,"CPIA(Country Policy and Institutional Assessment, 국가 신용도·거버넌스 수준 지표)",observation,v124-a-002-obs-00202,A-002_wgi_rl_est,VNM,2023,2023,2023,,,,-0.340199,,,,,,,World Bank 「GOV_WGI_RL.EST」 기준. 표준정규(-2.5 약함 ~ +2.5 강함). 38대 기후기술을 특정하지 않는 배경·여건 지표이므로 매핑하지 않음(tech_ids=해당없음).,,,,"A-002_WGI(Worldwide Governance Indicators, 국가 거버넌스 평가 지표).xlsx",1.1_observation(측정값),260,
A-002,"CPIA(Country Policy and Institutional Assessment, 국가 신용도·거버넌스 수준 지표)",observation,v124-a-002-obs-00203,A-002_wgi_rl_est,VNM,2024,2024,2024,,,,-0.313934,,,,,,,World Bank 「GOV_WGI_RL.EST」 기준. 표준정규(-2.5 약함 ~ +2.5 강함). 38대 기후기술을 특정하지 않는 배경·여건 지표이므로 매핑하지 않음(tech_ids=해당없음).,,,,"A-002_WGI(Worldwide Governance Indicators, 국가 거버넌스 평가 지표).xlsx",1.1_observation(측정값),261,
A-002,"CPIA(Country Policy and Institutional Assessment, 국가 신용도·거버넌스 수준 지표)",observation,v124-a-002-obs-00204,A-002_wgi_rl_pctrank,VNM,1996,1996,1996,,,,45.271882,,,,,,,World Bank 「GOV_WGI_RL.SC」 기준. 백분위 순위(0 최하위 ~ 100 최상위). 38대 기후기술을 특정하지 않는 배경·여건 지표이므로 매핑하지 않음(tech_ids=해당없음).,,,,"A-002_WGI(Worldwide Governance Indicators, 국가 거버넌스 평가 지표).xlsx",1.1_observation(측정값),265,
A-002,"CPIA(Country Policy and Institutional Assessment, 국가 신용도·거버넌스 수준 지표)",observation,v124-a-002-obs-00205,A-002_wgi_rl_pctrank,VNM,1997,1997,1997,,,,,,,,,,M01,[M01·원자료 결측] 원천(World Bank / GOV_WGI_RL.SC)이 1997년 값을 제공하지 않음. WGI가 2002년까지 격년으로 산출되었기 때문임. 38대 기후기술을 특정하지 않는 배경·여건 지표이므로 매핑하지 않음(tech_ids=해당없음).,,,,"A-002_WGI(Worldwide Governance Indicators, 국가 거버넌스 평가 지표).xlsx",1.1_observation(측정값),291,
A-002,"CPIA(Country Policy and Institutional Assessment, 국가 신용도·거버넌스 수준 지표)",observation,v124-a-002-obs-00206,A-002_wgi_rl_pctrank,VNM,1998,1998,1998,,,,46.871581,,,,,,,World Bank 「GOV_WGI_RL.SC」 기준. 백분위 순위(0 최하위 ~ 100 최상위). 38대 기후기술을 특정하지 않는 배경·여건 지표이므로 매핑하지 않음(tech_ids=해당없음).,,,,"A-002_WGI(Worldwide Governance Indicators, 국가 거버넌스 평가 지표).xlsx",1.1_observation(측정값),266,
A-002,"CPIA(Country Policy and Institutional Assessment, 국가 신용도·거버넌스 수준 지표)",observation,v124-a-002-obs-00207,A-002_wgi_rl_pctrank,VNM,1999,1999,1999,,,,,,,,,,M01,[M01·원자료 결측] 원천(World Bank / GOV_WGI_RL.SC)이 1999년 값을 제공하지 않음. WGI가 2002년까지 격년으로 산출되었기 때문임. 38대 기후기술을 특정하지 않는 배경·여건 지표이므로 매핑하지 않음(tech_ids=해당없음).,,,,"A-002_WGI(Worldwide Governance Indicators, 국가 거버넌스 평가 지표).xlsx",1.1_observation(측정값),292,
A-002,"CPIA(Country Policy and Institutional Assessment, 국가 신용도·거버넌스 수준 지표)",observation,v124-a-002-obs-00208,A-002_wgi_rl_pctrank,VNM,2000,2000,2000,,,,46.382971,,,,,,,World Bank 「GOV_WGI_RL.SC」 기준. 백분위 순위(0 최하위 ~ 100 최상위). 38대 기후기술을 특정하지 않는 배경·여건 지표이므로 매핑하지 않음(tech_ids=해당없음).,,,,"A-002_WGI(Worldwide Governance Indicators, 국가 거버넌스 평가 지표).xlsx",1.1_observation(측정값),267,
A-002,"CPIA(Country Policy and Institutional Assessment, 국가 신용도·거버넌스 수준 지표)",observation,v124-a-002-obs-00209,A-002_wgi_rl_pctrank,VNM,2001,2001,2001,,,,,,,,,,M01,[M01·원자료 결측] 원천(World Bank / GOV_WGI_RL.SC)이 2001년 값을 제공하지 않음. WGI가 2002년까지 격년으로 산출되었기 때문임. 38대 기후기술을 특정하지 않는 배경·여건 지표이므로 매핑하지 않음(tech_ids=해당없음).,,,,"A-002_WGI(Worldwide Governance Indicators, 국가 거버넌스 평가 지표).xlsx",1.1_observation(측정값),293,
A-002,"CPIA(Country Policy and Institutional Assessment, 국가 신용도·거버넌스 수준 지표)",observation,v124-a-002-obs-00210,A-002_wgi_rl_pctrank,VNM,2002,2002,2002,,,,42.345829,,,,,,,World Bank 「GOV_WGI_RL.SC」 기준. 백분위 순위(0 최하위 ~ 100 최상위). 38대 기후기술을 특정하지 않는 배경·여건 지표이므로 매핑하지 않음(tech_ids=해당없음).,,,,"A-002_WGI(Worldwide Governance Indicators, 국가 거버넌스 평가 지표).xlsx",1.1_observation(측정값),268,
A-002,"CPIA(Country Policy and Institutional Assessment, 국가 신용도·거버넌스 수준 지표)",observation,v124-a-002-obs-00211,A-002_wgi_rl_pctrank,VNM,2003,2003,2003,,,,42.635241,,,,,,,World Bank 「GOV_WGI_RL.SC」 기준. 백분위 순위(0 최하위 ~ 100 최상위). 38대 기후기술을 특정하지 않는 배경·여건 지표이므로 매핑하지 않음(tech_ids=해당없음).,,,,"A-002_WGI(Worldwide Governance Indicators, 국가 거버넌스 평가 지표).xlsx",1.1_observation(측정값),269,
A-002,"CPIA(Country Policy and Institutional Assessment, 국가 신용도·거버넌스 수준 지표)",observation,v124-a-002-obs-00212,A-002_wgi_rl_pctrank,VNM,2004,2004,2004,,,,44.222226,,,,,,,World Bank 「GOV_WGI_RL.SC」 기준. 백분위 순위(0 최하위 ~ 100 최상위). 38대 기후기술을 특정하지 않는 배경·여건 지표이므로 매핑하지 않음(tech_ids=해당없음).,,,,"A-002_WGI(Worldwide Governance Indicators, 국가 거버넌스 평가 지표).xlsx",1.1_observation(측정값),270,
A-002,"CPIA(Country Policy and Institutional Assessment, 국가 신용도·거버넌스 수준 지표)",observation,v124-a-002-obs-00213,A-002_wgi_rl_pctrank,VNM,2005,2005,2005,,,,47.239143,,,,,,,World Bank 「GOV_WGI_RL.SC」 기준. 백분위 순위(0 최하위 ~ 100 최상위). 38대 기후기술을 특정하지 않는 배경·여건 지표이므로 매핑하지 않음(tech_ids=해당없음).,,,,"A-002_WGI(Worldwide Governance Indicators, 국가 거버넌스 평가 지표).xlsx",1.1_observation(측정값),271,
A-002,"CPIA(Country Policy and Institutional Assessment, 국가 신용도·거버넌스 수준 지표)",observation,v124-a-002-obs-00214,A-002_wgi_rl_pctrank,VNM,2006,2006,2006,,,,47.12593,,,,,,,World Bank 「GOV_WGI_RL.SC」 기준. 백분위 순위(0 최하위 ~ 100 최상위). 38대 기후기술을 특정하지 않는 배경·여건 지표이므로 매핑하지 않음(tech_ids=해당없음).,,,,"A-002_WGI(Worldwide Governance Indicators, 국가 거버넌스 평가 지표).xlsx",1.1_observation(측정값),272,
A-002,"CPIA(Country Policy and Institutional Assessment, 국가 신용도·거버넌스 수준 지표)",observation,v124-a-002-obs-00215,A-002_wgi_rl_pctrank,VNM,2007,2007,2007,,,,47.577294,,,,,,,World Bank 「GOV_WGI_RL.SC」 기준. 백분위 순위(0 최하위 ~ 100 최상위). 38대 기후기술을 특정하지 않는 배경·여건 지표이므로 매핑하지 않음(tech_ids=해당없음).,,,,"A-002_WGI(Worldwide Governance Indicators, 국가 거버넌스 평가 지표).xlsx",1.1_observation(측정값),273,
A-002,"CPIA(Country Policy and Institutional Assessment, 국가 신용도·거버넌스 수준 지표)",observation,v124-a-002-obs-00216,A-002_wgi_rl_pctrank,VNM,2008,2008,2008,,,,47.328673,,,,,,,World Bank 「GOV_WGI_RL.SC」 기준. 백분위 순위(0 최하위 ~ 100 최상위). 38대 기후기술을 특정하지 않는 배경·여건 지표이므로 매핑하지 않음(tech_ids=해당없음).,,,,"A-002_WGI(Worldwide Governance Indicators, 국가 거버넌스 평가 지표).xlsx",1.1_observation(측정값),274,
A-002,"CPIA(Country Policy and Institutional Assessment, 국가 신용도·거버넌스 수준 지표)",observation,v124-a-002-obs-00217,A-002_wgi_rl_pctrank,VNM,2009,2009,2009,,,,46.53622,,,,,,,World Bank 「GOV_WGI_RL.SC」 기준. 백분위 순위(0 최하위 ~ 100 최상위). 38대 기후기술을 특정하지 않는 배경·여건 지표이므로 매핑하지 않음(tech_ids=해당없음).,,,,"A-002_WGI(Worldwide Governance Indicators, 국가 거버넌스 평가 지표).xlsx",1.1_observation(측정값),275,
A-002,"CPIA(Country Policy and Institutional Assessment, 국가 신용도·거버넌스 수준 지표)",observation,v124-a-002-obs-00218,A-002_wgi_rl_pctrank,VNM,2010,2010,2010,,,,45.955092,,,,,,,World Bank 「GOV_WGI_RL.SC」 기준. 백분위 순위(0 최하위 ~ 100 최상위). 38대 기후기술을 특정하지 않는 배경·여건 지표이므로 매핑하지 않음(tech_ids=해당없음).,,,,"A-002_WGI(Worldwide Governance Indicators, 국가 거버넌스 평가 지표).xlsx",1.1_observation(측정값),276,
A-002,"CPIA(Country Policy and Institutional Assessment, 국가 신용도·거버넌스 수준 지표)",observation,v124-a-002-obs-00219,A-002_wgi_rl_pctrank,VNM,2011,2011,2011,,,,47.884749,,,,,,,World Bank 「GOV_WGI_RL.SC」 기준. 백분위 순위(0 최하위 ~ 100 최상위). 38대 기후기술을 특정하지 않는 배경·여건 지표이므로 매핑하지 않음(tech_ids=해당없음).,,,,"A-002_WGI(Worldwide Governance Indicators, 국가 거버넌스 평가 지표).xlsx",1.1_observation(측정값),277,
A-002,"CPIA(Country Policy and Institutional Assessment, 국가 신용도·거버넌스 수준 지표)",observation,v124-a-002-obs-00220,A-002_wgi_rl_pctrank,VNM,2012,2012,2012,,,,47.050956,,,,,,,World Bank 「GOV_WGI_RL.SC」 기준. 백분위 순위(0 최하위 ~ 100 최상위). 38대 기후기술을 특정하지 않는 배경·여건 지표이므로 매핑하지 않음(tech_ids=해당없음).,,,,"A-002_WGI(Worldwide Governance Indicators, 국가 거버넌스 평가 지표).xlsx",1.1_observation(측정값),278,
A-002,"CPIA(Country Policy and Institutional Assessment, 국가 신용도·거버넌스 수준 지표)",observation,v124-a-002-obs-00221,A-002_wgi_rl_pctrank,VNM,2013,2013,2013,,,,46.350291,,,,,,,World Bank 「GOV_WGI_RL.SC」 기준. 백분위 순위(0 최하위 ~ 100 최상위). 38대 기후기술을 특정하지 않는 배경·여건 지표이므로 매핑하지 않음(tech_ids=해당없음).,,,,"A-002_WGI(Worldwide Governance Indicators, 국가 거버넌스 평가 지표).xlsx",1.1_observation(측정값),279,
A-002,"CPIA(Country Policy and Institutional Assessment, 국가 신용도·거버넌스 수준 지표)",observation,v124-a-002-obs-00222,A-002_wgi_rl_pctrank,VNM,2014,2014,2014,,,,48.513833,,,,,,,World Bank 「GOV_WGI_RL.SC」 기준. 백분위 순위(0 최하위 ~ 100 최상위). 38대 기후기술을 특정하지 않는 배경·여건 지표이므로 매핑하지 않음(tech_ids=해당없음).,,,,"A-002_WGI(Worldwide Governance Indicators, 국가 거버넌스 평가 지표).xlsx",1.1_observation(측정값),280,
A-002,"CPIA(Country Policy and Institutional Assessment, 국가 신용도·거버넌스 수준 지표)",observation,v124-a-002-obs-00223,A-002_wgi_rl_pctrank,VNM,2015,2015,2015,,,,50.550333,,,,,,,World Bank 「GOV_WGI_RL.SC」 기준. 백분위 순위(0 최하위 ~ 100 최상위). 38대 기후기술을 특정하지 않는 배경·여건 지표이므로 매핑하지 않음(tech_ids=해당없음).,,,,"A-002_WGI(Worldwide Governance Indicators, 국가 거버넌스 평가 지표).xlsx",1.1_observation(측정값),281,
A-002,"CPIA(Country Policy and Institutional Assessment, 국가 신용도·거버넌스 수준 지표)",observation,v124-a-002-obs-00224,A-002_wgi_rl_pctrank,VNM,2016,2016,2016,,,,52.47983,,,,,,,World Bank 「GOV_WGI_RL.SC」 기준. 백분위 순위(0 최하위 ~ 100 최상위). 38대 기후기술을 특정하지 않는 배경·여건 지표이므로 매핑하지 않음(tech_ids=해당없음).,,,,"A-002_WGI(Worldwide Governance Indicators, 국가 거버넌스 평가 지표).xlsx",1.1_observation(측정값),282,
A-002,"CPIA(Country Policy and Institutional Assessment, 국가 신용도·거버넌스 수준 지표)",observation,v124-a-002-obs-00225,A-002_wgi_rl_pctrank,VNM,2017,2017,2017,,,,51.64039,,,,,,,World Bank 「GOV_WGI_RL.SC」 기준. 백분위 순위(0 최하위 ~ 100 최상위). 38대 기후기술을 특정하지 않는 배경·여건 지표이므로 매핑하지 않음(tech_ids=해당없음).,,,,"A-002_WGI(Worldwide Governance Indicators, 국가 거버넌스 평가 지표).xlsx",1.1_observation(측정값),283,
A-002,"CPIA(Country Policy and Institutional Assessment, 국가 신용도·거버넌스 수준 지표)",observation,v124-a-002-obs-00226,A-002_wgi_rl_pctrank,VNM,2018,2018,2018,,,,52.051538,,,,,,,World Bank 「GOV_WGI_RL.SC」 기준. 백분위 순위(0 최하위 ~ 100 최상위). 38대 기후기술을 특정하지 않는 배경·여건 지표이므로 매핑하지 않음(tech_ids=해당없음).,,,,"A-002_WGI(Worldwide Governance Indicators, 국가 거버넌스 평가 지표).xlsx",1.1_observation(측정값),284,
A-002,"CPIA(Country Policy and Institutional Assessment, 국가 신용도·거버넌스 수준 지표)",observation,v124-a-002-obs-00227,A-002_wgi_rl_pctrank,VNM,2019,2019,2019,,,,51.881775,,,,,,,World Bank 「GOV_WGI_RL.SC」 기준. 백분위 순위(0 최하위 ~ 100 최상위). 38대 기후기술을 특정하지 않는 배경·여건 지표이므로 매핑하지 않음(tech_ids=해당없음).,,,,"A-002_WGI(Worldwide Governance Indicators, 국가 거버넌스 평가 지표).xlsx",1.1_observation(측정값),285,
A-002,"CPIA(Country Policy and Institutional Assessment, 국가 신용도·거버넌스 수준 지표)",observation,v124-a-002-obs-00228,A-002_wgi_rl_pctrank,VNM,2020,2020,2020,,,,51.772665,,,,,,,World Bank 「GOV_WGI_RL.SC」 기준. 백분위 순위(0 최하위 ~ 100 최상위). 38대 기후기술을 특정하지 않는 배경·여건 지표이므로 매핑하지 않음(tech_ids=해당없음).,,,,"A-002_WGI(Worldwide Governance Indicators, 국가 거버넌스 평가 지표).xlsx",1.1_observation(측정값),286,
A-002,"CPIA(Country Policy and Institutional Assessment, 국가 신용도·거버넌스 수준 지표)",observation,v124-a-002-obs-00229,A-002_wgi_rl_pctrank,VNM,2021,2021,2021,,,,51.61835,,,,,,,World Bank 「GOV_WGI_RL.SC」 기준. 백분위 순위(0 최하위 ~ 100 최상위). 38대 기후기술을 특정하지 않는 배경·여건 지표이므로 매핑하지 않음(tech_ids=해당없음).,,,,"A-002_WGI(Worldwide Governance Indicators, 국가 거버넌스 평가 지표).xlsx",1.1_observation(측정값),287,
A-002,"CPIA(Country Policy and Institutional Assessment, 국가 신용도·거버넌스 수준 지표)",observation,v124-a-002-obs-00230,A-002_wgi_rl_pctrank,VNM,2022,2022,2022,,,,51.1673,,,,,,,World Bank 「GOV_WGI_RL.SC」 기준. 백분위 순위(0 최하위 ~ 100 최상위). 38대 기후기술을 특정하지 않는 배경·여건 지표이므로 매핑하지 않음(tech_ids=해당없음).,,,,"A-002_WGI(Worldwide Governance Indicators, 국가 거버넌스 평가 지표).xlsx",1.1_observation(측정값),288,
A-002,"CPIA(Country Policy and Institutional Assessment, 국가 신용도·거버넌스 수준 지표)",observation,v124-a-002-obs-00231,A-002_wgi_rl_pctrank,VNM,2023,2023,2023,,,,51.109648,,,,,,,World Bank 「GOV_WGI_RL.SC」 기준. 백분위 순위(0 최하위 ~ 100 최상위). 38대 기후기술을 특정하지 않는 배경·여건 지표이므로 매핑하지 않음(tech_ids=해당없음).,,,,"A-002_WGI(Worldwide Governance Indicators, 국가 거버넌스 평가 지표).xlsx",1.1_observation(측정값),289,
A-002,"CPIA(Country Policy and Institutional Assessment, 국가 신용도·거버넌스 수준 지표)",observation,v124-a-002-obs-00232,A-002_wgi_rl_pctrank,VNM,2024,2024,2024,,,,51.56168,,,,,,,World Bank 「GOV_WGI_RL.SC」 기준. 백분위 순위(0 최하위 ~ 100 최상위). 38대 기후기술을 특정하지 않는 배경·여건 지표이므로 매핑하지 않음(tech_ids=해당없음).,,,,"A-002_WGI(Worldwide Governance Indicators, 국가 거버넌스 평가 지표).xlsx",1.1_observation(측정값),290,
A-002,"CPIA(Country Policy and Institutional Assessment, 국가 신용도·거버넌스 수준 지표)",observation,v124-a-002-obs-00233,A-002_wgi_rq_est,VNM,1996,1996,1996,,,,-0.811365,,,,,,,World Bank 「GOV_WGI_RQ.EST」 기준. 표준정규(-2.5 약함 ~ +2.5 강함). 38대 기후기술을 특정하지 않는 배경·여건 지표이므로 매핑하지 않음(tech_ids=해당없음).,,,,"A-002_WGI(Worldwide Governance Indicators, 국가 거버넌스 평가 지표).xlsx",1.1_observation(측정값),178,
A-002,"CPIA(Country Policy and Institutional Assessment, 국가 신용도·거버넌스 수준 지표)",observation,v124-a-002-obs-00234,A-002_wgi_rq_est,VNM,1997,1997,1997,,,,,,,,,,M01,[M01·원자료 결측] 원천(World Bank / GOV_WGI_RQ.EST)이 1997년 값을 제공하지 않음. WGI가 2002년까지 격년으로 산출되었기 때문임. 38대 기후기술을 특정하지 않는 배경·여건 지표이므로 매핑하지 않음(tech_ids=해당없음).,,,,"A-002_WGI(Worldwide Governance Indicators, 국가 거버넌스 평가 지표).xlsx",1.1_observation(측정값),204,
A-002,"CPIA(Country Policy and Institutional Assessment, 국가 신용도·거버넌스 수준 지표)",observation,v124-a-002-obs-00235,A-002_wgi_rq_est,VNM,1998,1998,1998,,,,-0.779992,,,,,,,World Bank 「GOV_WGI_RQ.EST」 기준. 표준정규(-2.5 약함 ~ +2.5 강함). 38대 기후기술을 특정하지 않는 배경·여건 지표이므로 매핑하지 않음(tech_ids=해당없음).,,,,"A-002_WGI(Worldwide Governance Indicators, 국가 거버넌스 평가 지표).xlsx",1.1_observation(측정값),179,
A-002,"CPIA(Country Policy and Institutional Assessment, 국가 신용도·거버넌스 수준 지표)",observation,v124-a-002-obs-00236,A-002_wgi_rq_est,VNM,1999,1999,1999,,,,,,,,,,M01,[M01·원자료 결측] 원천(World Bank / GOV_WGI_RQ.EST)이 1999년 값을 제공하지 않음. WGI가 2002년까지 격년으로 산출되었기 때문임. 38대 기후기술을 특정하지 않는 배경·여건 지표이므로 매핑하지 않음(tech_ids=해당없음).,,,,"A-002_WGI(Worldwide Governance Indicators, 국가 거버넌스 평가 지표).xlsx",1.1_observation(측정값),205,
A-002,"CPIA(Country Policy and Institutional Assessment, 국가 신용도·거버넌스 수준 지표)",observation,v124-a-002-obs-00237,A-002_wgi_rq_est,VNM,2000,2000,2000,,,,-0.673927,,,,,,,World Bank 「GOV_WGI_RQ.EST」 기준. 표준정규(-2.5 약함 ~ +2.5 강함). 38대 기후기술을 특정하지 않는 배경·여건 지표이므로 매핑하지 않음(tech_ids=해당없음).,,,,"A-002_WGI(Worldwide Governance Indicators, 국가 거버넌스 평가 지표).xlsx",1.1_observation(측정값),180,
A-002,"CPIA(Country Policy and Institutional Assessment, 국가 신용도·거버넌스 수준 지표)",observation,v124-a-002-obs-00238,A-002_wgi_rq_est,VNM,2001,2001,2001,,,,,,,,,,M01,[M01·원자료 결측] 원천(World Bank / GOV_WGI_RQ.EST)이 2001년 값을 제공하지 않음. WGI가 2002년까지 격년으로 산출되었기 때문임. 38대 기후기술을 특정하지 않는 배경·여건 지표이므로 매핑하지 않음(tech_ids=해당없음).,,,,"A-002_WGI(Worldwide Governance Indicators, 국가 거버넌스 평가 지표).xlsx",1.1_observation(측정값),206,
A-002,"CPIA(Country Policy and Institutional Assessment, 국가 신용도·거버넌스 수준 지표)",observation,v124-a-002-obs-00239,A-002_wgi_rq_est,VNM,2002,2002,2002,,,,-0.834225,,,,,,,World Bank 「GOV_WGI_RQ.EST」 기준. 표준정규(-2.5 약함 ~ +2.5 강함). 38대 기후기술을 특정하지 않는 배경·여건 지표이므로 매핑하지 않음(tech_ids=해당없음).,,,,"A-002_WGI(Worldwide Governance Indicators, 국가 거버넌스 평가 지표).xlsx",1.1_observation(측정값),181,
A-002,"CPIA(Country Policy and Institutional Assessment, 국가 신용도·거버넌스 수준 지표)",observation,v124-a-002-obs-00240,A-002_wgi_rq_est,VNM,2003,2003,2003,,,,-0.738417,,,,,,,World Bank 「GOV_WGI_RQ.EST」 기준. 표준정규(-2.5 약함 ~ +2.5 강함). 38대 기후기술을 특정하지 않는 배경·여건 지표이므로 매핑하지 않음(tech_ids=해당없음).,,,,"A-002_WGI(Worldwide Governance Indicators, 국가 거버넌스 평가 지표).xlsx",1.1_observation(측정값),182,
A-002,"CPIA(Country Policy and Institutional Assessment, 국가 신용도·거버넌스 수준 지표)",observation,v124-a-002-obs-00241,A-002_wgi_rq_est,VNM,2004,2004,2004,,,,-0.574224,,,,,,,World Bank 「GOV_WGI_RQ.EST」 기준. 표준정규(-2.5 약함 ~ +2.5 강함). 38대 기후기술을 특정하지 않는 배경·여건 지표이므로 매핑하지 않음(tech_ids=해당없음).,,,,"A-002_WGI(Worldwide Governance Indicators, 국가 거버넌스 평가 지표).xlsx",1.1_observation(측정값),183,
A-002,"CPIA(Country Policy and Institutional Assessment, 국가 신용도·거버넌스 수준 지표)",observation,v124-a-002-obs-00242,A-002_wgi_rq_est,VNM,2005,2005,2005,,,,-0.521636,,,,,,,World Bank 「GOV_WGI_RQ.EST」 기준. 표준정규(-2.5 약함 ~ +2.5 강함). 38대 기후기술을 특정하지 않는 배경·여건 지표이므로 매핑하지 않음(tech_ids=해당없음).,,,,"A-002_WGI(Worldwide Governance Indicators, 국가 거버넌스 평가 지표).xlsx",1.1_observation(측정값),184,
A-002,"CPIA(Country Policy and Institutional Assessment, 국가 신용도·거버넌스 수준 지표)",observation,v124-a-002-obs-00243,A-002_wgi_rq_est,VNM,2006,2006,2006,,,,-0.492859,,,,,,,World Bank 「GOV_WGI_RQ.EST」 기준. 표준정규(-2.5 약함 ~ +2.5 강함). 38대 기후기술을 특정하지 않는 배경·여건 지표이므로 매핑하지 않음(tech_ids=해당없음).,,,,"A-002_WGI(Worldwide Governance Indicators, 국가 거버넌스 평가 지표).xlsx",1.1_observation(측정값),185,
A-002,"CPIA(Country Policy and Institutional Assessment, 국가 신용도·거버넌스 수준 지표)",observation,v124-a-002-obs-00244,A-002_wgi_rq_est,VNM,2007,2007,2007,,,,-0.432283,,,,,,,World Bank 「GOV_WGI_RQ.EST」 기준. 표준정규(-2.5 약함 ~ +2.5 강함). 38대 기후기술을 특정하지 않는 배경·여건 지표이므로 매핑하지 않음(tech_ids=해당없음).,,,,"A-002_WGI(Worldwide Governance Indicators, 국가 거버넌스 평가 지표).xlsx",1.1_observation(측정값),186,
A-002,"CPIA(Country Policy and Institutional Assessment, 국가 신용도·거버넌스 수준 지표)",observation,v124-a-002-obs-00245,A-002_wgi_rq_est,VNM,2008,2008,2008,,,,-0.433213,,,,,,,World Bank 「GOV_WGI_RQ.EST」 기준. 표준정규(-2.5 약함 ~ +2.5 강함). 38대 기후기술을 특정하지 않는 배경·여건 지표이므로 매핑하지 않음(tech_ids=해당없음).,,,,"A-002_WGI(Worldwide Governance Indicators, 국가 거버넌스 평가 지표).xlsx",1.1_observation(측정값),187,
A-002,"CPIA(Country Policy and Institutional Assessment, 국가 신용도·거버넌스 수준 지표)",observation,v124-a-002-obs-00246,A-002_wgi_rq_est,VNM,2009,2009,2009,,,,-0.493849,,,,,,,World Bank 「GOV_WGI_RQ.EST」 기준. 표준정규(-2.5 약함 ~ +2.5 강함). 38대 기후기술을 특정하지 않는 배경·여건 지표이므로 매핑하지 않음(tech_ids=해당없음).,,,,"A-002_WGI(Worldwide Governance Indicators, 국가 거버넌스 평가 지표).xlsx",1.1_observation(측정값),188,
A-002,"CPIA(Country Policy and Institutional Assessment, 국가 신용도·거버넌스 수준 지표)",observation,v124-a-002-obs-00247,A-002_wgi_rq_est,VNM,2010,2010,2010,,,,-0.542973,,,,,,,World Bank 「GOV_WGI_RQ.EST」 기준. 표준정규(-2.5 약함 ~ +2.5 강함). 38대 기후기술을 특정하지 않는 배경·여건 지표이므로 매핑하지 않음(tech_ids=해당없음).,,,,"A-002_WGI(Worldwide Governance Indicators, 국가 거버넌스 평가 지표).xlsx",1.1_observation(측정값),189,
A-002,"CPIA(Country Policy and Institutional Assessment, 국가 신용도·거버넌스 수준 지표)",observation,v124-a-002-obs-00248,A-002_wgi_rq_est,VNM,2011,2011,2011,,,,-0.491981,,,,,,,World Bank 「GOV_WGI_RQ.EST」 기준. 표준정규(-2.5 약함 ~ +2.5 강함). 38대 기후기술을 특정하지 않는 배경·여건 지표이므로 매핑하지 않음(tech_ids=해당없음).,,,,"A-002_WGI(Worldwide Governance Indicators, 국가 거버넌스 평가 지표).xlsx",1.1_observation(측정값),190,
A-002,"CPIA(Country Policy and Institutional Assessment, 국가 신용도·거버넌스 수준 지표)",observation,v124-a-002-obs-00249,A-002_wgi_rq_est,VNM,2012,2012,2012,,,,-0.633677,,,,,,,World Bank 「GOV_WGI_RQ.EST」 기준. 표준정규(-2.5 약함 ~ +2.5 강함). 38대 기후기술을 특정하지 않는 배경·여건 지표이므로 매핑하지 않음(tech_ids=해당없음).,,,,"A-002_WGI(Worldwide Governance Indicators, 국가 거버넌스 평가 지표).xlsx",1.1_observation(측정값),191,
A-002,"CPIA(Country Policy and Institutional Assessment, 국가 신용도·거버넌스 수준 지표)",observation,v124-a-002-obs-00250,A-002_wgi_rq_est,VNM,2013,2013,2013,,,,-0.600269,,,,,,,World Bank 「GOV_WGI_RQ.EST」 기준. 표준정규(-2.5 약함 ~ +2.5 강함). 38대 기후기술을 특정하지 않는 배경·여건 지표이므로 매핑하지 않음(tech_ids=해당없음).,,,,"A-002_WGI(Worldwide Governance Indicators, 국가 거버넌스 평가 지표).xlsx",1.1_observation(측정값),192,
A-002,"CPIA(Country Policy and Institutional Assessment, 국가 신용도·거버넌스 수준 지표)",observation,v124-a-002-obs-00251,A-002_wgi_rq_est,VNM,2014,2014,2014,,,,-0.487077,,,,,,,World Bank 「GOV_WGI_RQ.EST」 기준. 표준정규(-2.5 약함 ~ +2.5 강함). 38대 기후기술을 특정하지 않는 배경·여건 지표이므로 매핑하지 않음(tech_ids=해당없음).,,,,"A-002_WGI(Worldwide Governance Indicators, 국가 거버넌스 평가 지표).xlsx",1.1_observation(측정값),193,
A-002,"CPIA(Country Policy and Institutional Assessment, 국가 신용도·거버넌스 수준 지표)",observation,v124-a-002-obs-00252,A-002_wgi_rq_est,VNM,2015,2015,2015,,,,-0.328967,,,,,,,World Bank 「GOV_WGI_RQ.EST」 기준. 표준정규(-2.5 약함 ~ +2.5 강함). 38대 기후기술을 특정하지 않는 배경·여건 지표이므로 매핑하지 않음(tech_ids=해당없음).,,,,"A-002_WGI(Worldwide Governance Indicators, 국가 거버넌스 평가 지표).xlsx",1.1_observation(측정값),194,
A-002,"CPIA(Country Policy and Institutional Assessment, 국가 신용도·거버넌스 수준 지표)",observation,v124-a-002-obs-00253,A-002_wgi_rq_est,VNM,2016,2016,2016,,,,-0.311746,,,,,,,World Bank 「GOV_WGI_RQ.EST」 기준. 표준정규(-2.5 약함 ~ +2.5 강함). 38대 기후기술을 특정하지 않는 배경·여건 지표이므로 매핑하지 않음(tech_ids=해당없음).,,,,"A-002_WGI(Worldwide Governance Indicators, 국가 거버넌스 평가 지표).xlsx",1.1_observation(측정값),195,
A-002,"CPIA(Country Policy and Institutional Assessment, 국가 신용도·거버넌스 수준 지표)",observation,v124-a-002-obs-00254,A-002_wgi_rq_est,VNM,2017,2017,2017,,,,-0.273611,,,,,,,World Bank 「GOV_WGI_RQ.EST」 기준. 표준정규(-2.5 약함 ~ +2.5 강함). 38대 기후기술을 특정하지 않는 배경·여건 지표이므로 매핑하지 않음(tech_ids=해당없음).,,,,"A-002_WGI(Worldwide Governance Indicators, 국가 거버넌스 평가 지표).xlsx",1.1_observation(측정값),196,
A-002,"CPIA(Country Policy and Institutional Assessment, 국가 신용도·거버넌스 수준 지표)",observation,v124-a-002-obs-00255,A-002_wgi_rq_est,VNM,2018,2018,2018,,,,-0.292071,,,,,,,World Bank 「GOV_WGI_RQ.EST」 기준. 표준정규(-2.5 약함 ~ +2.5 강함). 38대 기후기술을 특정하지 않는 배경·여건 지표이므로 매핑하지 않음(tech_ids=해당없음).,,,,"A-002_WGI(Worldwide Governance Indicators, 국가 거버넌스 평가 지표).xlsx",1.1_observation(측정값),197,
A-002,"CPIA(Country Policy and Institutional Assessment, 국가 신용도·거버넌스 수준 지표)",observation,v124-a-002-obs-00256,A-002_wgi_rq_est,VNM,2019,2019,2019,,,,-0.278044,,,,,,,World Bank 「GOV_WGI_RQ.EST」 기준. 표준정규(-2.5 약함 ~ +2.5 강함). 38대 기후기술을 특정하지 않는 배경·여건 지표이므로 매핑하지 않음(tech_ids=해당없음).,,,,"A-002_WGI(Worldwide Governance Indicators, 국가 거버넌스 평가 지표).xlsx",1.1_observation(측정값),198,
A-002,"CPIA(Country Policy and Institutional Assessment, 국가 신용도·거버넌스 수준 지표)",observation,v124-a-002-obs-00257,A-002_wgi_rq_est,VNM,2020,2020,2020,,,,-0.235853,,,,,,,World Bank 「GOV_WGI_RQ.EST」 기준. 표준정규(-2.5 약함 ~ +2.5 강함). 38대 기후기술을 특정하지 않는 배경·여건 지표이므로 매핑하지 않음(tech_ids=해당없음).,,,,"A-002_WGI(Worldwide Governance Indicators, 국가 거버넌스 평가 지표).xlsx",1.1_observation(측정값),199,
A-002,"CPIA(Country Policy and Institutional Assessment, 국가 신용도·거버넌스 수준 지표)",observation,v124-a-002-obs-00258,A-002_wgi_rq_est,VNM,2021,2021,2021,,,,-0.34472,,,,,,,World Bank 「GOV_WGI_RQ.EST」 기준. 표준정규(-2.5 약함 ~ +2.5 강함). 38대 기후기술을 특정하지 않는 배경·여건 지표이므로 매핑하지 않음(tech_ids=해당없음).,,,,"A-002_WGI(Worldwide Governance Indicators, 국가 거버넌스 평가 지표).xlsx",1.1_observation(측정값),200,
A-002,"CPIA(Country Policy and Institutional Assessment, 국가 신용도·거버넌스 수준 지표)",observation,v124-a-002-obs-00259,A-002_wgi_rq_est,VNM,2022,2022,2022,,,,-0.347202,,,,,,,World Bank 「GOV_WGI_RQ.EST」 기준. 표준정규(-2.5 약함 ~ +2.5 강함). 38대 기후기술을 특정하지 않는 배경·여건 지표이므로 매핑하지 않음(tech_ids=해당없음).,,,,"A-002_WGI(Worldwide Governance Indicators, 국가 거버넌스 평가 지표).xlsx",1.1_observation(측정값),201,
A-002,"CPIA(Country Policy and Institutional Assessment, 국가 신용도·거버넌스 수준 지표)",observation,v124-a-002-obs-00260,A-002_wgi_rq_est,VNM,2023,2023,2023,,,,-0.279432,,,,,,,World Bank 「GOV_WGI_RQ.EST」 기준. 표준정규(-2.5 약함 ~ +2.5 강함). 38대 기후기술을 특정하지 않는 배경·여건 지표이므로 매핑하지 않음(tech_ids=해당없음).,,,,"A-002_WGI(Worldwide Governance Indicators, 국가 거버넌스 평가 지표).xlsx",1.1_observation(측정값),202,
A-002,"CPIA(Country Policy and Institutional Assessment, 국가 신용도·거버넌스 수준 지표)",observation,v124-a-002-obs-00261,A-002_wgi_rq_est,VNM,2024,2024,2024,,,,-0.266806,,,,,,,World Bank 「GOV_WGI_RQ.EST」 기준. 표준정규(-2.5 약함 ~ +2.5 강함). 38대 기후기술을 특정하지 않는 배경·여건 지표이므로 매핑하지 않음(tech_ids=해당없음).,,,,"A-002_WGI(Worldwide Governance Indicators, 국가 거버넌스 평가 지표).xlsx",1.1_observation(측정값),203,
A-002,"CPIA(Country Policy and Institutional Assessment, 국가 신용도·거버넌스 수준 지표)",observation,v124-a-002-obs-00262,A-002_wgi_rq_pctrank,VNM,1996,1996,1996,,,,42.066413,,,,,,,World Bank 「GOV_WGI_RQ.SC」 기준. 백분위 순위(0 최하위 ~ 100 최상위). 38대 기후기술을 특정하지 않는 배경·여건 지표이므로 매핑하지 않음(tech_ids=해당없음).,,,,"A-002_WGI(Worldwide Governance Indicators, 국가 거버넌스 평가 지표).xlsx",1.1_observation(측정값),207,
A-002,"CPIA(Country Policy and Institutional Assessment, 국가 신용도·거버넌스 수준 지표)",observation,v124-a-002-obs-00263,A-002_wgi_rq_pctrank,VNM,1997,1997,1997,,,,,,,,,,M01,[M01·원자료 결측] 원천(World Bank / GOV_WGI_RQ.SC)이 1997년 값을 제공하지 않음. WGI가 2002년까지 격년으로 산출되었기 때문임. 38대 기후기술을 특정하지 않는 배경·여건 지표이므로 매핑하지 않음(tech_ids=해당없음).,,,,"A-002_WGI(Worldwide Governance Indicators, 국가 거버넌스 평가 지표).xlsx",1.1_observation(측정값),233,
A-002,"CPIA(Country Policy and Institutional Assessment, 국가 신용도·거버넌스 수준 지표)",observation,v124-a-002-obs-00264,A-002_wgi_rq_pctrank,VNM,1998,1998,1998,,,,42.561208,,,,,,,World Bank 「GOV_WGI_RQ.SC」 기준. 백분위 순위(0 최하위 ~ 100 최상위). 38대 기후기술을 특정하지 않는 배경·여건 지표이므로 매핑하지 않음(tech_ids=해당없음).,,,,"A-002_WGI(Worldwide Governance Indicators, 국가 거버넌스 평가 지표).xlsx",1.1_observation(측정값),208,
A-002,"CPIA(Country Policy and Institutional Assessment, 국가 신용도·거버넌스 수준 지표)",observation,v124-a-002-obs-00265,A-002_wgi_rq_pctrank,VNM,1999,1999,1999,,,,,,,,,,M01,[M01·원자료 결측] 원천(World Bank / GOV_WGI_RQ.SC)이 1999년 값을 제공하지 않음. WGI가 2002년까지 격년으로 산출되었기 때문임. 38대 기후기술을 특정하지 않는 배경·여건 지표이므로 매핑하지 않음(tech_ids=해당없음).,,,,"A-002_WGI(Worldwide Governance Indicators, 국가 거버넌스 평가 지표).xlsx",1.1_observation(측정값),234,
A-002,"CPIA(Country Policy and Institutional Assessment, 국가 신용도·거버넌스 수준 지표)",observation,v124-a-002-obs-00266,A-002_wgi_rq_pctrank,VNM,2000,2000,2000,,,,44.233999,,,,,,,World Bank 「GOV_WGI_RQ.SC」 기준. 백분위 순위(0 최하위 ~ 100 최상위). 38대 기후기술을 특정하지 않는 배경·여건 지표이므로 매핑하지 않음(tech_ids=해당없음).,,,,"A-002_WGI(Worldwide Governance Indicators, 국가 거버넌스 평가 지표).xlsx",1.1_observation(측정값),209,
A-002,"CPIA(Country Policy and Institutional Assessment, 국가 신용도·거버넌스 수준 지표)",observation,v124-a-002-obs-00267,A-002_wgi_rq_pctrank,VNM,2001,2001,2001,,,,,,,,,,M01,[M01·원자료 결측] 원천(World Bank / GOV_WGI_RQ.SC)이 2001년 값을 제공하지 않음. WGI가 2002년까지 격년으로 산출되었기 때문임. 38대 기후기술을 특정하지 않는 배경·여건 지표이므로 매핑하지 않음(tech_ids=해당없음).,,,,"A-002_WGI(Worldwide Governance Indicators, 국가 거버넌스 평가 지표).xlsx",1.1_observation(측정값),235,
A-002,"CPIA(Country Policy and Institutional Assessment, 국가 신용도·거버넌스 수준 지표)",observation,v124-a-002-obs-00268,A-002_wgi_rq_pctrank,VNM,2002,2002,2002,,,,41.705878,,,,,,,World Bank 「GOV_WGI_RQ.SC」 기준. 백분위 순위(0 최하위 ~ 100 최상위). 38대 기후기술을 특정하지 않는 배경·여건 지표이므로 매핑하지 않음(tech_ids=해당없음).,,,,"A-002_WGI(Worldwide Governance Indicators, 국가 거버넌스 평가 지표).xlsx",1.1_observation(측정값),210,
A-002,"CPIA(Country Policy and Institutional Assessment, 국가 신용도·거버넌스 수준 지표)",observation,v124-a-002-obs-00269,A-002_wgi_rq_pctrank,VNM,2003,2003,2003,,,,43.216899,,,,,,,World Bank 「GOV_WGI_RQ.SC」 기준. 백분위 순위(0 최하위 ~ 100 최상위). 38대 기후기술을 특정하지 않는 배경·여건 지표이므로 매핑하지 않음(tech_ids=해당없음).,,,,"A-002_WGI(Worldwide Governance Indicators, 국가 거버넌스 평가 지표).xlsx",1.1_observation(측정값),211,
A-002,"CPIA(Country Policy and Institutional Assessment, 국가 신용도·거버넌스 수준 지표)",observation,v124-a-002-obs-00270,A-002_wgi_rq_pctrank,VNM,2004,2004,2004,,,,45.806467,,,,,,,World Bank 「GOV_WGI_RQ.SC」 기준. 백분위 순위(0 최하위 ~ 100 최상위). 38대 기후기술을 특정하지 않는 배경·여건 지표이므로 매핑하지 않음(tech_ids=해당없음).,,,,"A-002_WGI(Worldwide Governance Indicators, 국가 거버넌스 평가 지표).xlsx",1.1_observation(측정값),212,
A-002,"CPIA(Country Policy and Institutional Assessment, 국가 신용도·거버넌스 수준 지표)",observation,v124-a-002-obs-00271,A-002_wgi_rq_pctrank,VNM,2005,2005,2005,,,,46.635859,,,,,,,World Bank 「GOV_WGI_RQ.SC」 기준. 백분위 순위(0 최하위 ~ 100 최상위). 38대 기후기술을 특정하지 않는 배경·여건 지표이므로 매핑하지 않음(tech_ids=해당없음).,,,,"A-002_WGI(Worldwide Governance Indicators, 국가 거버넌스 평가 지표).xlsx",1.1_observation(측정값),213,
A-002,"CPIA(Country Policy and Institutional Assessment, 국가 신용도·거버넌스 수준 지표)",observation,v124-a-002-obs-00272,A-002_wgi_rq_pctrank,VNM,2006,2006,2006,,,,47.089712,,,,,,,World Bank 「GOV_WGI_RQ.SC」 기준. 백분위 순위(0 최하위 ~ 100 최상위). 38대 기후기술을 특정하지 않는 배경·여건 지표이므로 매핑하지 않음(tech_ids=해당없음).,,,,"A-002_WGI(Worldwide Governance Indicators, 국가 거버넌스 평가 지표).xlsx",1.1_observation(측정값),214,
A-002,"CPIA(Country Policy and Institutional Assessment, 국가 신용도·거버넌스 수준 지표)",observation,v124-a-002-obs-00273,A-002_wgi_rq_pctrank,VNM,2007,2007,2007,,,,48.04507,,,,,,,World Bank 「GOV_WGI_RQ.SC」 기준. 백분위 순위(0 최하위 ~ 100 최상위). 38대 기후기술을 특정하지 않는 배경·여건 지표이므로 매핑하지 않음(tech_ids=해당없음).,,,,"A-002_WGI(Worldwide Governance Indicators, 국가 거버넌스 평가 지표).xlsx",1.1_observation(측정값),215,
A-002,"CPIA(Country Policy and Institutional Assessment, 국가 신용도·거버넌스 수준 지표)",observation,v124-a-002-obs-00274,A-002_wgi_rq_pctrank,VNM,2008,2008,2008,,,,48.030399,,,,,,,World Bank 「GOV_WGI_RQ.SC」 기준. 백분위 순위(0 최하위 ~ 100 최상위). 38대 기후기술을 특정하지 않는 배경·여건 지표이므로 매핑하지 않음(tech_ids=해당없음).,,,,"A-002_WGI(Worldwide Governance Indicators, 국가 거버넌스 평가 지표).xlsx",1.1_observation(측정값),216,
A-002,"CPIA(Country Policy and Institutional Assessment, 국가 신용도·거버넌스 수준 지표)",observation,v124-a-002-obs-00275,A-002_wgi_rq_pctrank,VNM,2009,2009,2009,,,,47.074092,,,,,,,World Bank 「GOV_WGI_RQ.SC」 기준. 백분위 순위(0 최하위 ~ 100 최상위). 38대 기후기술을 특정하지 않는 배경·여건 지표이므로 매핑하지 않음(tech_ids=해당없음).,,,,"A-002_WGI(Worldwide Governance Indicators, 국가 거버넌스 평가 지표).xlsx",1.1_observation(측정값),217,
A-002,"CPIA(Country Policy and Institutional Assessment, 국가 신용도·거버넌스 수준 지표)",observation,v124-a-002-obs-00276,A-002_wgi_rq_pctrank,VNM,2010,2010,2010,,,,46.29933,,,,,,,World Bank 「GOV_WGI_RQ.SC」 기준. 백분위 순위(0 최하위 ~ 100 최상위). 38대 기후기술을 특정하지 않는 배경·여건 지표이므로 매핑하지 않음(tech_ids=해당없음).,,,,"A-002_WGI(Worldwide Governance Indicators, 국가 거버넌스 평가 지표).xlsx",1.1_observation(측정값),218,
A-002,"CPIA(Country Policy and Institutional Assessment, 국가 신용도·거버넌스 수준 지표)",observation,v124-a-002-obs-00277,A-002_wgi_rq_pctrank,VNM,2011,2011,2011,,,,47.103554,,,,,,,World Bank 「GOV_WGI_RQ.SC」 기준. 백분위 순위(0 최하위 ~ 100 최상위). 38대 기후기술을 특정하지 않는 배경·여건 지표이므로 매핑하지 않음(tech_ids=해당없음).,,,,"A-002_WGI(Worldwide Governance Indicators, 국가 거버넌스 평가 지표).xlsx",1.1_observation(측정값),219,
A-002,"CPIA(Country Policy and Institutional Assessment, 국가 신용도·거버넌스 수준 지표)",observation,v124-a-002-obs-00278,A-002_wgi_rq_pctrank,VNM,2012,2012,2012,,,,44.868805,,,,,,,World Bank 「GOV_WGI_RQ.SC」 기준. 백분위 순위(0 최하위 ~ 100 최상위). 38대 기후기술을 특정하지 않는 배경·여건 지표이므로 매핑하지 않음(tech_ids=해당없음).,,,,"A-002_WGI(Worldwide Governance Indicators, 국가 거버넌스 평가 지표).xlsx",1.1_observation(측정값),220,
A-002,"CPIA(Country Policy and Institutional Assessment, 국가 신용도·거버넌스 수준 지표)",observation,v124-a-002-obs-00279,A-002_wgi_rq_pctrank,VNM,2013,2013,2013,,,,45.395703,,,,,,,World Bank 「GOV_WGI_RQ.SC」 기준. 백분위 순위(0 최하위 ~ 100 최상위). 38대 기후기술을 특정하지 않는 배경·여건 지표이므로 매핑하지 않음(tech_ids=해당없음).,,,,"A-002_WGI(Worldwide Governance Indicators, 국가 거버넌스 평가 지표).xlsx",1.1_observation(측정값),221,
A-002,"CPIA(Country Policy and Institutional Assessment, 국가 신용도·거버넌스 수준 지표)",observation,v124-a-002-obs-00280,A-002_wgi_rq_pctrank,VNM,2014,2014,2014,,,,47.180894,,,,,,,World Bank 「GOV_WGI_RQ.SC」 기준. 백분위 순위(0 최하위 ~ 100 최상위). 38대 기후기술을 특정하지 않는 배경·여건 지표이므로 매핑하지 않음(tech_ids=해당없음).,,,,"A-002_WGI(Worldwide Governance Indicators, 국가 거버넌스 평가 지표).xlsx",1.1_observation(측정값),222,
A-002,"CPIA(Country Policy and Institutional Assessment, 국가 신용도·거버넌스 수준 지표)",observation,v124-a-002-obs-00281,A-002_wgi_rq_pctrank,VNM,2015,2015,2015,,,,49.674509,,,,,,,World Bank 「GOV_WGI_RQ.SC」 기준. 백분위 순위(0 최하위 ~ 100 최상위). 38대 기후기술을 특정하지 않는 배경·여건 지표이므로 매핑하지 않음(tech_ids=해당없음).,,,,"A-002_WGI(Worldwide Governance Indicators, 국가 거버넌스 평가 지표).xlsx",1.1_observation(측정값),223,
A-002,"CPIA(Country Policy and Institutional Assessment, 국가 신용도·거버넌스 수준 지표)",observation,v124-a-002-obs-00282,A-002_wgi_rq_pctrank,VNM,2016,2016,2016,,,,49.946107,,,,,,,World Bank 「GOV_WGI_RQ.SC」 기준. 백분위 순위(0 최하위 ~ 100 최상위). 38대 기후기술을 특정하지 않는 배경·여건 지표이므로 매핑하지 않음(tech_ids=해당없음).,,,,"A-002_WGI(Worldwide Governance Indicators, 국가 거버넌스 평가 지표).xlsx",1.1_observation(측정값),224,
A-002,"CPIA(Country Policy and Institutional Assessment, 국가 신용도·거버넌스 수준 지표)",observation,v124-a-002-obs-00283,A-002_wgi_rq_pctrank,VNM,2017,2017,2017,,,,50.547559,,,,,,,World Bank 「GOV_WGI_RQ.SC」 기준. 백분위 순위(0 최하위 ~ 100 최상위). 38대 기후기술을 특정하지 않는 배경·여건 지표이므로 매핑하지 않음(tech_ids=해당없음).,,,,"A-002_WGI(Worldwide Governance Indicators, 국가 거버넌스 평가 지표).xlsx",1.1_observation(측정값),225,
A-002,"CPIA(Country Policy and Institutional Assessment, 국가 신용도·거버넌스 수준 지표)",observation,v124-a-002-obs-00284,A-002_wgi_rq_pctrank,VNM,2018,2018,2018,,,,50.256414,,,,,,,World Bank 「GOV_WGI_RQ.SC」 기준. 백분위 순위(0 최하위 ~ 100 최상위). 38대 기후기술을 특정하지 않는 배경·여건 지표이므로 매핑하지 않음(tech_ids=해당없음).,,,,"A-002_WGI(Worldwide Governance Indicators, 국가 거버넌스 평가 지표).xlsx",1.1_observation(측정값),226,
A-002,"CPIA(Country Policy and Institutional Assessment, 국가 신용도·거버넌스 수준 지표)",observation,v124-a-002-obs-00285,A-002_wgi_rq_pctrank,VNM,2019,2019,2019,,,,50.477638,,,,,,,World Bank 「GOV_WGI_RQ.SC」 기준. 백분위 순위(0 최하위 ~ 100 최상위). 38대 기후기술을 특정하지 않는 배경·여건 지표이므로 매핑하지 않음(tech_ids=해당없음).,,,,"A-002_WGI(Worldwide Governance Indicators, 국가 거버넌스 평가 지표).xlsx",1.1_observation(측정값),227,
A-002,"CPIA(Country Policy and Institutional Assessment, 국가 신용도·거버넌스 수준 지표)",observation,v124-a-002-obs-00286,A-002_wgi_rq_pctrank,VNM,2020,2020,2020,,,,51.143053,,,,,,,World Bank 「GOV_WGI_RQ.SC」 기준. 백분위 순위(0 최하위 ~ 100 최상위). 38대 기후기술을 특정하지 않는 배경·여건 지표이므로 매핑하지 않음(tech_ids=해당없음).,,,,"A-002_WGI(Worldwide Governance Indicators, 국가 거버넌스 평가 지표).xlsx",1.1_observation(측정값),228,
A-002,"CPIA(Country Policy and Institutional Assessment, 국가 신용도·거버넌스 수준 지표)",observation,v124-a-002-obs-00287,A-002_wgi_rq_pctrank,VNM,2021,2021,2021,,,,49.426065,,,,,,,World Bank 「GOV_WGI_RQ.SC」 기준. 백분위 순위(0 최하위 ~ 100 최상위). 38대 기후기술을 특정하지 않는 배경·여건 지표이므로 매핑하지 않음(tech_ids=해당없음).,,,,"A-002_WGI(Worldwide Governance Indicators, 국가 거버넌스 평가 지표).xlsx",1.1_observation(측정값),229,
A-002,"CPIA(Country Policy and Institutional Assessment, 국가 신용도·거버넌스 수준 지표)",observation,v124-a-002-obs-00288,A-002_wgi_rq_pctrank,VNM,2022,2022,2022,,,,49.386915,,,,,,,World Bank 「GOV_WGI_RQ.SC」 기준. 백분위 순위(0 최하위 ~ 100 최상위). 38대 기후기술을 특정하지 않는 배경·여건 지표이므로 매핑하지 않음(tech_ids=해당없음).,,,,"A-002_WGI(Worldwide Governance Indicators, 국가 거버넌스 평가 지표).xlsx",1.1_observation(측정값),230,
A-002,"CPIA(Country Policy and Institutional Assessment, 국가 신용도·거버넌스 수준 지표)",observation,v124-a-002-obs-00289,A-002_wgi_rq_pctrank,VNM,2023,2023,2023,,,,50.455759,,,,,,,World Bank 「GOV_WGI_RQ.SC」 기준. 백분위 순위(0 최하위 ~ 100 최상위). 38대 기후기술을 특정하지 않는 배경·여건 지표이므로 매핑하지 않음(tech_ids=해당없음).,,,,"A-002_WGI(Worldwide Governance Indicators, 국가 거버넌스 평가 지표).xlsx",1.1_observation(측정값),231,
A-002,"CPIA(Country Policy and Institutional Assessment, 국가 신용도·거버넌스 수준 지표)",observation,v124-a-002-obs-00290,A-002_wgi_rq_pctrank,VNM,2024,2024,2024,,,,50.654877,,,,,,,World Bank 「GOV_WGI_RQ.SC」 기준. 백분위 순위(0 최하위 ~ 100 최상위). 38대 기후기술을 특정하지 않는 배경·여건 지표이므로 매핑하지 않음(tech_ids=해당없음).,,,,"A-002_WGI(Worldwide Governance Indicators, 국가 거버넌스 평가 지표).xlsx",1.1_observation(측정값),232,
A-002,"CPIA(Country Policy and Institutional Assessment, 국가 신용도·거버넌스 수준 지표)",observation,v124-a-002-obs-00291,A-002_wgi_va_est,VNM,1996,1996,1996,,,,-1.174436,,,,,,,World Bank 「GOV_WGI_VA.EST」 기준. 표준정규(-2.5 약함 ~ +2.5 강함). 38대 기후기술을 특정하지 않는 배경·여건 지표이므로 매핑하지 않음(tech_ids=해당없음).,,,,"A-002_WGI(Worldwide Governance Indicators, 국가 거버넌스 평가 지표).xlsx",1.1_observation(측정값),4,
A-002,"CPIA(Country Policy and Institutional Assessment, 국가 신용도·거버넌스 수준 지표)",observation,v124-a-002-obs-00292,A-002_wgi_va_est,VNM,1997,1997,1997,,,,,,,,,,M01,[M01·원자료 결측] 원천(World Bank / GOV_WGI_VA.EST)이 1997년 값을 제공하지 않음. WGI가 2002년까지 격년으로 산출되었기 때문임. 38대 기후기술을 특정하지 않는 배경·여건 지표이므로 매핑하지 않음(tech_ids=해당없음).,,,,"A-002_WGI(Worldwide Governance Indicators, 국가 거버넌스 평가 지표).xlsx",1.1_observation(측정값),30,
A-002,"CPIA(Country Policy and Institutional Assessment, 국가 신용도·거버넌스 수준 지표)",observation,v124-a-002-obs-00293,A-002_wgi_va_est,VNM,1998,1998,1998,,,,-1.374701,,,,,,,World Bank 「GOV_WGI_VA.EST」 기준. 표준정규(-2.5 약함 ~ +2.5 강함). 38대 기후기술을 특정하지 않는 배경·여건 지표이므로 매핑하지 않음(tech_ids=해당없음).,,,,"A-002_WGI(Worldwide Governance Indicators, 국가 거버넌스 평가 지표).xlsx",1.1_observation(측정값),5,
A-002,"CPIA(Country Policy and Institutional Assessment, 국가 신용도·거버넌스 수준 지표)",observation,v124-a-002-obs-00294,A-002_wgi_va_est,VNM,1999,1999,1999,,,,,,,,,,M01,[M01·원자료 결측] 원천(World Bank / GOV_WGI_VA.EST)이 1999년 값을 제공하지 않음. WGI가 2002년까지 격년으로 산출되었기 때문임. 38대 기후기술을 특정하지 않는 배경·여건 지표이므로 매핑하지 않음(tech_ids=해당없음).,,,,"A-002_WGI(Worldwide Governance Indicators, 국가 거버넌스 평가 지표).xlsx",1.1_observation(측정값),31,
A-002,"CPIA(Country Policy and Institutional Assessment, 국가 신용도·거버넌스 수준 지표)",observation,v124-a-002-obs-00295,A-002_wgi_va_est,VNM,2000,2000,2000,,,,-1.27634,,,,,,,World Bank 「GOV_WGI_VA.EST」 기준. 표준정규(-2.5 약함 ~ +2.5 강함). 38대 기후기술을 특정하지 않는 배경·여건 지표이므로 매핑하지 않음(tech_ids=해당없음).,,,,"A-002_WGI(Worldwide Governance Indicators, 국가 거버넌스 평가 지표).xlsx",1.1_observation(측정값),6,
A-002,"CPIA(Country Policy and Institutional Assessment, 국가 신용도·거버넌스 수준 지표)",observation,v124-a-002-obs-00296,A-002_wgi_va_est,VNM,2001,2001,2001,,,,,,,,,,M01,[M01·원자료 결측] 원천(World Bank / GOV_WGI_VA.EST)이 2001년 값을 제공하지 않음. WGI가 2002년까지 격년으로 산출되었기 때문임. 38대 기후기술을 특정하지 않는 배경·여건 지표이므로 매핑하지 않음(tech_ids=해당없음).,,,,"A-002_WGI(Worldwide Governance Indicators, 국가 거버넌스 평가 지표).xlsx",1.1_observation(측정값),32,
A-002,"CPIA(Country Policy and Institutional Assessment, 국가 신용도·거버넌스 수준 지표)",observation,v124-a-002-obs-00297,A-002_wgi_va_est,VNM,2002,2002,2002,,,,-1.494205,,,,,,,World Bank 「GOV_WGI_VA.EST」 기준. 표준정규(-2.5 약함 ~ +2.5 강함). 38대 기후기술을 특정하지 않는 배경·여건 지표이므로 매핑하지 않음(tech_ids=해당없음).,,,,"A-002_WGI(Worldwide Governance Indicators, 국가 거버넌스 평가 지표).xlsx",1.1_observation(측정값),7,
A-002,"CPIA(Country Policy and Institutional Assessment, 국가 신용도·거버넌스 수준 지표)",observation,v124-a-002-obs-00298,A-002_wgi_va_est,VNM,2003,2003,2003,,,,-1.424883,,,,,,,World Bank 「GOV_WGI_VA.EST」 기준. 표준정규(-2.5 약함 ~ +2.5 강함). 38대 기후기술을 특정하지 않는 배경·여건 지표이므로 매핑하지 않음(tech_ids=해당없음).,,,,"A-002_WGI(Worldwide Governance Indicators, 국가 거버넌스 평가 지표).xlsx",1.1_observation(측정값),8,
A-002,"CPIA(Country Policy and Institutional Assessment, 국가 신용도·거버넌스 수준 지표)",observation,v124-a-002-obs-00299,A-002_wgi_va_est,VNM,2004,2004,2004,,,,-1.341514,,,,,,,World Bank 「GOV_WGI_VA.EST」 기준. 표준정규(-2.5 약함 ~ +2.5 강함). 38대 기후기술을 특정하지 않는 배경·여건 지표이므로 매핑하지 않음(tech_ids=해당없음).,,,,"A-002_WGI(Worldwide Governance Indicators, 국가 거버넌스 평가 지표).xlsx",1.1_observation(측정값),9,
A-002,"CPIA(Country Policy and Institutional Assessment, 국가 신용도·거버넌스 수준 지표)",observation,v124-a-002-obs-00300,A-002_wgi_va_est,VNM,2005,2005,2005,,,,-1.270935,,,,,,,World Bank 「GOV_WGI_VA.EST」 기준. 표준정규(-2.5 약함 ~ +2.5 강함). 38대 기후기술을 특정하지 않는 배경·여건 지표이므로 매핑하지 않음(tech_ids=해당없음).,,,,"A-002_WGI(Worldwide Governance Indicators, 국가 거버넌스 평가 지표).xlsx",1.1_observation(측정값),10,
A-002,"CPIA(Country Policy and Institutional Assessment, 국가 신용도·거버넌스 수준 지표)",observation,v124-a-002-obs-00301,A-002_wgi_va_est,VNM,2006,2006,2006,,,,-1.215614,,,,,,,World Bank 「GOV_WGI_VA.EST」 기준. 표준정규(-2.5 약함 ~ +2.5 강함). 38대 기후기술을 특정하지 않는 배경·여건 지표이므로 매핑하지 않음(tech_ids=해당없음).,,,,"A-002_WGI(Worldwide Governance Indicators, 국가 거버넌스 평가 지표).xlsx",1.1_observation(측정값),11,
A-002,"CPIA(Country Policy and Institutional Assessment, 국가 신용도·거버넌스 수준 지표)",observation,v124-a-002-obs-00302,A-002_wgi_va_est,VNM,2007,2007,2007,,,,-1.200571,,,,,,,World Bank 「GOV_WGI_VA.EST」 기준. 표준정규(-2.5 약함 ~ +2.5 강함). 38대 기후기술을 특정하지 않는 배경·여건 지표이므로 매핑하지 않음(tech_ids=해당없음).,,,,"A-002_WGI(Worldwide Governance Indicators, 국가 거버넌스 평가 지표).xlsx",1.1_observation(측정값),12,
A-002,"CPIA(Country Policy and Institutional Assessment, 국가 신용도·거버넌스 수준 지표)",observation,v124-a-002-obs-00303,A-002_wgi_va_est,VNM,2008,2008,2008,,,,-1.217391,,,,,,,World Bank 「GOV_WGI_VA.EST」 기준. 표준정규(-2.5 약함 ~ +2.5 강함). 38대 기후기술을 특정하지 않는 배경·여건 지표이므로 매핑하지 않음(tech_ids=해당없음).,,,,"A-002_WGI(Worldwide Governance Indicators, 국가 거버넌스 평가 지표).xlsx",1.1_observation(측정값),13,
A-002,"CPIA(Country Policy and Institutional Assessment, 국가 신용도·거버넌스 수준 지표)",observation,v124-a-002-obs-00304,A-002_wgi_va_est,VNM,2009,2009,2009,,,,-1.216923,,,,,,,World Bank 「GOV_WGI_VA.EST」 기준. 표준정규(-2.5 약함 ~ +2.5 강함). 38대 기후기술을 특정하지 않는 배경·여건 지표이므로 매핑하지 않음(tech_ids=해당없음).,,,,"A-002_WGI(Worldwide Governance Indicators, 국가 거버넌스 평가 지표).xlsx",1.1_observation(측정값),14,
A-002,"CPIA(Country Policy and Institutional Assessment, 국가 신용도·거버넌스 수준 지표)",observation,v124-a-002-obs-00305,A-002_wgi_va_est,VNM,2010,2010,2010,,,,-1.262778,,,,,,,World Bank 「GOV_WGI_VA.EST」 기준. 표준정규(-2.5 약함 ~ +2.5 강함). 38대 기후기술을 특정하지 않는 배경·여건 지표이므로 매핑하지 않음(tech_ids=해당없음).,,,,"A-002_WGI(Worldwide Governance Indicators, 국가 거버넌스 평가 지표).xlsx",1.1_observation(측정값),15,
A-002,"CPIA(Country Policy and Institutional Assessment, 국가 신용도·거버넌스 수준 지표)",observation,v124-a-002-obs-00306,A-002_wgi_va_est,VNM,2011,2011,2011,,,,-1.163292,,,,,,,World Bank 「GOV_WGI_VA.EST」 기준. 표준정규(-2.5 약함 ~ +2.5 강함). 38대 기후기술을 특정하지 않는 배경·여건 지표이므로 매핑하지 않음(tech_ids=해당없음).,,,,"A-002_WGI(Worldwide Governance Indicators, 국가 거버넌스 평가 지표).xlsx",1.1_observation(측정값),16,
A-002,"CPIA(Country Policy and Institutional Assessment, 국가 신용도·거버넌스 수준 지표)",observation,v124-a-002-obs-00307,A-002_wgi_va_est,VNM,2012,2012,2012,,,,-1.256158,,,,,,,World Bank 「GOV_WGI_VA.EST」 기준. 표준정규(-2.5 약함 ~ +2.5 강함). 38대 기후기술을 특정하지 않는 배경·여건 지표이므로 매핑하지 않음(tech_ids=해당없음).,,,,"A-002_WGI(Worldwide Governance Indicators, 국가 거버넌스 평가 지표).xlsx",1.1_observation(측정값),17,
A-002,"CPIA(Country Policy and Institutional Assessment, 국가 신용도·거버넌스 수준 지표)",observation,v124-a-002-obs-00308,A-002_wgi_va_est,VNM,2013,2013,2013,,,,-1.212417,,,,,,,World Bank 「GOV_WGI_VA.EST」 기준. 표준정규(-2.5 약함 ~ +2.5 강함). 38대 기후기술을 특정하지 않는 배경·여건 지표이므로 매핑하지 않음(tech_ids=해당없음).,,,,"A-002_WGI(Worldwide Governance Indicators, 국가 거버넌스 평가 지표).xlsx",1.1_observation(측정값),18,
A-002,"CPIA(Country Policy and Institutional Assessment, 국가 신용도·거버넌스 수준 지표)",observation,v124-a-002-obs-00309,A-002_wgi_va_est,VNM,2014,2014,2014,,,,-1.167341,,,,,,,World Bank 「GOV_WGI_VA.EST」 기준. 표준정규(-2.5 약함 ~ +2.5 강함). 38대 기후기술을 특정하지 않는 배경·여건 지표이므로 매핑하지 않음(tech_ids=해당없음).,,,,"A-002_WGI(Worldwide Governance Indicators, 국가 거버넌스 평가 지표).xlsx",1.1_observation(측정값),19,
A-002,"CPIA(Country Policy and Institutional Assessment, 국가 신용도·거버넌스 수준 지표)",observation,v124-a-002-obs-00310,A-002_wgi_va_est,VNM,2015,2015,2015,,,,-1.006907,,,,,,,World Bank 「GOV_WGI_VA.EST」 기준. 표준정규(-2.5 약함 ~ +2.5 강함). 38대 기후기술을 특정하지 않는 배경·여건 지표이므로 매핑하지 않음(tech_ids=해당없음).,,,,"A-002_WGI(Worldwide Governance Indicators, 국가 거버넌스 평가 지표).xlsx",1.1_observation(측정값),20,
A-002,"CPIA(Country Policy and Institutional Assessment, 국가 신용도·거버넌스 수준 지표)",observation,v124-a-002-obs-00311,A-002_wgi_va_est,VNM,2016,2016,2016,,,,-1.021564,,,,,,,World Bank 「GOV_WGI_VA.EST」 기준. 표준정규(-2.5 약함 ~ +2.5 강함). 38대 기후기술을 특정하지 않는 배경·여건 지표이므로 매핑하지 않음(tech_ids=해당없음).,,,,"A-002_WGI(Worldwide Governance Indicators, 국가 거버넌스 평가 지표).xlsx",1.1_observation(측정값),21,
A-002,"CPIA(Country Policy and Institutional Assessment, 국가 신용도·거버넌스 수준 지표)",observation,v124-a-002-obs-00312,A-002_wgi_va_est,VNM,2017,2017,2017,,,,-1.122005,,,,,,,World Bank 「GOV_WGI_VA.EST」 기준. 표준정규(-2.5 약함 ~ +2.5 강함). 38대 기후기술을 특정하지 않는 배경·여건 지표이므로 매핑하지 않음(tech_ids=해당없음).,,,,"A-002_WGI(Worldwide Governance Indicators, 국가 거버넌스 평가 지표).xlsx",1.1_observation(측정값),22,
A-002,"CPIA(Country Policy and Institutional Assessment, 국가 신용도·거버넌스 수준 지표)",observation,v124-a-002-obs-00313,A-002_wgi_va_est,VNM,2018,2018,2018,,,,-1.08421,,,,,,,World Bank 「GOV_WGI_VA.EST」 기준. 표준정규(-2.5 약함 ~ +2.5 강함). 38대 기후기술을 특정하지 않는 배경·여건 지표이므로 매핑하지 않음(tech_ids=해당없음).,,,,"A-002_WGI(Worldwide Governance Indicators, 국가 거버넌스 평가 지표).xlsx",1.1_observation(측정값),23,
A-002,"CPIA(Country Policy and Institutional Assessment, 국가 신용도·거버넌스 수준 지표)",observation,v124-a-002-obs-00314,A-002_wgi_va_est,VNM,2019,2019,2019,,,,-1.041175,,,,,,,World Bank 「GOV_WGI_VA.EST」 기준. 표준정규(-2.5 약함 ~ +2.5 강함). 38대 기후기술을 특정하지 않는 배경·여건 지표이므로 매핑하지 않음(tech_ids=해당없음).,,,,"A-002_WGI(Worldwide Governance Indicators, 국가 거버넌스 평가 지표).xlsx",1.1_observation(측정값),24,
A-002,"CPIA(Country Policy and Institutional Assessment, 국가 신용도·거버넌스 수준 지표)",observation,v124-a-002-obs-00315,A-002_wgi_va_est,VNM,2020,2020,2020,,,,-1.091072,,,,,,,World Bank 「GOV_WGI_VA.EST」 기준. 표준정규(-2.5 약함 ~ +2.5 강함). 38대 기후기술을 특정하지 않는 배경·여건 지표이므로 매핑하지 않음(tech_ids=해당없음).,,,,"A-002_WGI(Worldwide Governance Indicators, 국가 거버넌스 평가 지표).xlsx",1.1_observation(측정값),25,
A-002,"CPIA(Country Policy and Institutional Assessment, 국가 신용도·거버넌스 수준 지표)",observation,v124-a-002-obs-00316,A-002_wgi_va_est,VNM,2021,2021,2021,,,,-1.066112,,,,,,,World Bank 「GOV_WGI_VA.EST」 기준. 표준정규(-2.5 약함 ~ +2.5 강함). 38대 기후기술을 특정하지 않는 배경·여건 지표이므로 매핑하지 않음(tech_ids=해당없음).,,,,"A-002_WGI(Worldwide Governance Indicators, 국가 거버넌스 평가 지표).xlsx",1.1_observation(측정값),26,
A-002,"CPIA(Country Policy and Institutional Assessment, 국가 신용도·거버넌스 수준 지표)",observation,v124-a-002-obs-00317,A-002_wgi_va_est,VNM,2022,2022,2022,,,,-1.086399,,,,,,,World Bank 「GOV_WGI_VA.EST」 기준. 표준정규(-2.5 약함 ~ +2.5 강함). 38대 기후기술을 특정하지 않는 배경·여건 지표이므로 매핑하지 않음(tech_ids=해당없음).,,,,"A-002_WGI(Worldwide Governance Indicators, 국가 거버넌스 평가 지표).xlsx",1.1_observation(측정값),27,
A-002,"CPIA(Country Policy and Institutional Assessment, 국가 신용도·거버넌스 수준 지표)",observation,v124-a-002-obs-00318,A-002_wgi_va_est,VNM,2023,2023,2023,,,,-1.104919,,,,,,,World Bank 「GOV_WGI_VA.EST」 기준. 표준정규(-2.5 약함 ~ +2.5 강함). 38대 기후기술을 특정하지 않는 배경·여건 지표이므로 매핑하지 않음(tech_ids=해당없음).,,,,"A-002_WGI(Worldwide Governance Indicators, 국가 거버넌스 평가 지표).xlsx",1.1_observation(측정값),28,
A-002,"CPIA(Country Policy and Institutional Assessment, 국가 신용도·거버넌스 수준 지표)",observation,v124-a-002-obs-00319,A-002_wgi_va_est,VNM,2024,2024,2024,,,,-1.098309,,,,,,,World Bank 「GOV_WGI_VA.EST」 기준. 표준정규(-2.5 약함 ~ +2.5 강함). 38대 기후기술을 특정하지 않는 배경·여건 지표이므로 매핑하지 않음(tech_ids=해당없음).,,,,"A-002_WGI(Worldwide Governance Indicators, 국가 거버넌스 평가 지표).xlsx",1.1_observation(측정값),29,
A-002,"CPIA(Country Policy and Institutional Assessment, 국가 신용도·거버넌스 수준 지표)",observation,v124-a-002-obs-00320,A-002_wgi_va_pctrank,VNM,1996,1996,1996,,,,36.293679,,,,,,,World Bank 「GOV_WGI_VA.SC」 기준. 백분위 순위(0 최하위 ~ 100 최상위). 38대 기후기술을 특정하지 않는 배경·여건 지표이므로 매핑하지 않음(tech_ids=해당없음).,,,,"A-002_WGI(Worldwide Governance Indicators, 국가 거버넌스 평가 지표).xlsx",1.1_observation(측정값),33,
A-002,"CPIA(Country Policy and Institutional Assessment, 국가 신용도·거버넌스 수준 지표)",observation,v124-a-002-obs-00321,A-002_wgi_va_pctrank,VNM,1997,1997,1997,,,,,,,,,,M01,[M01·원자료 결측] 원천(World Bank / GOV_WGI_VA.SC)이 1997년 값을 제공하지 않음. WGI가 2002년까지 격년으로 산출되었기 때문임. 38대 기후기술을 특정하지 않는 배경·여건 지표이므로 매핑하지 않음(tech_ids=해당없음).,,,,"A-002_WGI(Worldwide Governance Indicators, 국가 거버넌스 평가 지표).xlsx",1.1_observation(측정값),59,
A-002,"CPIA(Country Policy and Institutional Assessment, 국가 신용도·거버넌스 수준 지표)",observation,v124-a-002-obs-00322,A-002_wgi_va_pctrank,VNM,1998,1998,1998,,,,32.788552,,,,,,,World Bank 「GOV_WGI_VA.SC」 기준. 백분위 순위(0 최하위 ~ 100 최상위). 38대 기후기술을 특정하지 않는 배경·여건 지표이므로 매핑하지 않음(tech_ids=해당없음).,,,,"A-002_WGI(Worldwide Governance Indicators, 국가 거버넌스 평가 지표).xlsx",1.1_observation(측정값),34,
A-002,"CPIA(Country Policy and Institutional Assessment, 국가 신용도·거버넌스 수준 지표)",observation,v124-a-002-obs-00323,A-002_wgi_va_pctrank,VNM,1999,1999,1999,,,,,,,,,,M01,[M01·원자료 결측] 원천(World Bank / GOV_WGI_VA.SC)이 1999년 값을 제공하지 않음. WGI가 2002년까지 격년으로 산출되었기 때문임. 38대 기후기술을 특정하지 않는 배경·여건 지표이므로 매핑하지 않음(tech_ids=해당없음).,,,,"A-002_WGI(Worldwide Governance Indicators, 국가 거버넌스 평가 지표).xlsx",1.1_observation(측정값),60,
A-002,"CPIA(Country Policy and Institutional Assessment, 국가 신용도·거버넌스 수준 지표)",observation,v124-a-002-obs-00324,A-002_wgi_va_pctrank,VNM,2000,2000,2000,,,,34.510114,,,,,,,World Bank 「GOV_WGI_VA.SC」 기준. 백분위 순위(0 최하위 ~ 100 최상위). 38대 기후기술을 특정하지 않는 배경·여건 지표이므로 매핑하지 않음(tech_ids=해당없음).,,,,"A-002_WGI(Worldwide Governance Indicators, 국가 거버넌스 평가 지표).xlsx",1.1_observation(측정값),35,
A-002,"CPIA(Country Policy and Institutional Assessment, 국가 신용도·거버넌스 수준 지표)",observation,v124-a-002-obs-00325,A-002_wgi_va_pctrank,VNM,2001,2001,2001,,,,,,,,,,M01,[M01·원자료 결측] 원천(World Bank / GOV_WGI_VA.SC)이 2001년 값을 제공하지 않음. WGI가 2002년까지 격년으로 산출되었기 때문임. 38대 기후기술을 특정하지 않는 배경·여건 지표이므로 매핑하지 않음(tech_ids=해당없음).,,,,"A-002_WGI(Worldwide Governance Indicators, 국가 거버넌스 평가 지표).xlsx",1.1_observation(측정값),61,
A-002,"CPIA(Country Policy and Institutional Assessment, 국가 신용도·거버넌스 수준 지표)",observation,v124-a-002-obs-00326,A-002_wgi_va_pctrank,VNM,2002,2002,2002,,,,30.696926,,,,,,,World Bank 「GOV_WGI_VA.SC」 기준. 백분위 순위(0 최하위 ~ 100 최상위). 38대 기후기술을 특정하지 않는 배경·여건 지표이므로 매핑하지 않음(tech_ids=해당없음).,,,,"A-002_WGI(Worldwide Governance Indicators, 국가 거버넌스 평가 지표).xlsx",1.1_observation(측정값),36,
A-002,"CPIA(Country Policy and Institutional Assessment, 국가 신용도·거버넌스 수준 지표)",observation,v124-a-002-obs-00327,A-002_wgi_va_pctrank,VNM,2003,2003,2003,,,,31.910246,,,,,,,World Bank 「GOV_WGI_VA.SC」 기준. 백분위 순위(0 최하위 ~ 100 최상위). 38대 기후기술을 특정하지 않는 배경·여건 지표이므로 매핑하지 않음(tech_ids=해당없음).,,,,"A-002_WGI(Worldwide Governance Indicators, 국가 거버넌스 평가 지표).xlsx",1.1_observation(측정값),37,
A-002,"CPIA(Country Policy and Institutional Assessment, 국가 신용도·거버넌스 수준 지표)",observation,v124-a-002-obs-00328,A-002_wgi_va_pctrank,VNM,2004,2004,2004,,,,33.369412,,,,,,,World Bank 「GOV_WGI_VA.SC」 기준. 백분위 순위(0 최하위 ~ 100 최상위). 38대 기후기술을 특정하지 않는 배경·여건 지표이므로 매핑하지 않음(tech_ids=해당없음).,,,,"A-002_WGI(Worldwide Governance Indicators, 국가 거버넌스 평가 지표).xlsx",1.1_observation(측정값),38,
A-002,"CPIA(Country Policy and Institutional Assessment, 국가 신용도·거버넌스 수준 지표)",observation,v124-a-002-obs-00329,A-002_wgi_va_pctrank,VNM,2005,2005,2005,,,,34.604706,,,,,,,World Bank 「GOV_WGI_VA.SC」 기준. 백분위 순위(0 최하위 ~ 100 최상위). 38대 기후기술을 특정하지 않는 배경·여건 지표이므로 매핑하지 않음(tech_ids=해당없음).,,,,"A-002_WGI(Worldwide Governance Indicators, 국가 거버넌스 평가 지표).xlsx",1.1_observation(측정값),39,
A-002,"CPIA(Country Policy and Institutional Assessment, 국가 신용도·거버넌스 수준 지표)",observation,v124-a-002-obs-00330,A-002_wgi_va_pctrank,VNM,2006,2006,2006,,,,35.572962,,,,,,,World Bank 「GOV_WGI_VA.SC」 기준. 백분위 순위(0 최하위 ~ 100 최상위). 38대 기후기술을 특정하지 않는 배경·여건 지표이므로 매핑하지 않음(tech_ids=해당없음).,,,,"A-002_WGI(Worldwide Governance Indicators, 국가 거버넌스 평가 지표).xlsx",1.1_observation(측정값),40,
A-002,"CPIA(Country Policy and Institutional Assessment, 국가 신용도·거버넌스 수준 지표)",observation,v124-a-002-obs-00331,A-002_wgi_va_pctrank,VNM,2007,2007,2007,,,,35.83625,,,,,,,World Bank 「GOV_WGI_VA.SC」 기준. 백분위 순위(0 최하위 ~ 100 최상위). 38대 기후기술을 특정하지 않는 배경·여건 지표이므로 매핑하지 않음(tech_ids=해당없음).,,,,"A-002_WGI(Worldwide Governance Indicators, 국가 거버넌스 평가 지표).xlsx",1.1_observation(측정값),41,
A-002,"CPIA(Country Policy and Institutional Assessment, 국가 신용도·거버넌스 수준 지표)",observation,v124-a-002-obs-00332,A-002_wgi_va_pctrank,VNM,2008,2008,2008,,,,35.54186,,,,,,,World Bank 「GOV_WGI_VA.SC」 기준. 백분위 순위(0 최하위 ~ 100 최상위). 38대 기후기술을 특정하지 않는 배경·여건 지표이므로 매핑하지 않음(tech_ids=해당없음).,,,,"A-002_WGI(Worldwide Governance Indicators, 국가 거버넌스 평가 지표).xlsx",1.1_observation(측정값),42,
A-002,"CPIA(Country Policy and Institutional Assessment, 국가 신용도·거버넌스 수준 지표)",observation,v124-a-002-obs-00333,A-002_wgi_va_pctrank,VNM,2009,2009,2009,,,,35.550056,,,,,,,World Bank 「GOV_WGI_VA.SC」 기준. 백분위 순위(0 최하위 ~ 100 최상위). 38대 기후기술을 특정하지 않는 배경·여건 지표이므로 매핑하지 않음(tech_ids=해당없음).,,,,"A-002_WGI(Worldwide Governance Indicators, 국가 거버넌스 평가 지표).xlsx",1.1_observation(측정값),43,
A-002,"CPIA(Country Policy and Institutional Assessment, 국가 신용도·거버넌스 수준 지표)",observation,v124-a-002-obs-00334,A-002_wgi_va_pctrank,VNM,2010,2010,2010,,,,34.747487,,,,,,,World Bank 「GOV_WGI_VA.SC」 기준. 백분위 순위(0 최하위 ~ 100 최상위). 38대 기후기술을 특정하지 않는 배경·여건 지표이므로 매핑하지 않음(tech_ids=해당없음).,,,,"A-002_WGI(Worldwide Governance Indicators, 국가 거버넌스 평가 지표).xlsx",1.1_observation(측정값),44,
A-002,"CPIA(Country Policy and Institutional Assessment, 국가 신용도·거버넌스 수준 지표)",observation,v124-a-002-obs-00335,A-002_wgi_va_pctrank,VNM,2011,2011,2011,,,,36.488725,,,,,,,World Bank 「GOV_WGI_VA.SC」 기준. 백분위 순위(0 최하위 ~ 100 최상위). 38대 기후기술을 특정하지 않는 배경·여건 지표이므로 매핑하지 않음(tech_ids=해당없음).,,,,"A-002_WGI(Worldwide Governance Indicators, 국가 거버넌스 평가 지표).xlsx",1.1_observation(측정값),45,
A-002,"CPIA(Country Policy and Institutional Assessment, 국가 신용도·거버넌스 수준 지표)",observation,v124-a-002-obs-00336,A-002_wgi_va_pctrank,VNM,2012,2012,2012,,,,34.863339,,,,,,,World Bank 「GOV_WGI_VA.SC」 기준. 백분위 순위(0 최하위 ~ 100 최상위). 38대 기후기술을 특정하지 않는 배경·여건 지표이므로 매핑하지 않음(tech_ids=해당없음).,,,,"A-002_WGI(Worldwide Governance Indicators, 국가 거버넌스 평가 지표).xlsx",1.1_observation(측정값),46,
A-002,"CPIA(Country Policy and Institutional Assessment, 국가 신용도·거버넌스 수준 지표)",observation,v124-a-002-obs-00337,A-002_wgi_va_pctrank,VNM,2013,2013,2013,,,,35.628933,,,,,,,World Bank 「GOV_WGI_VA.SC」 기준. 백분위 순위(0 최하위 ~ 100 최상위). 38대 기후기술을 특정하지 않는 배경·여건 지표이므로 매핑하지 않음(tech_ids=해당없음).,,,,"A-002_WGI(Worldwide Governance Indicators, 국가 거버넌스 평가 지표).xlsx",1.1_observation(측정값),47,
A-002,"CPIA(Country Policy and Institutional Assessment, 국가 신용도·거버넌스 수준 지표)",observation,v124-a-002-obs-00338,A-002_wgi_va_pctrank,VNM,2014,2014,2014,,,,36.417859,,,,,,,World Bank 「GOV_WGI_VA.SC」 기준. 백분위 순위(0 최하위 ~ 100 최상위). 38대 기후기술을 특정하지 않는 배경·여건 지표이므로 매핑하지 않음(tech_ids=해당없음).,,,,"A-002_WGI(Worldwide Governance Indicators, 국가 거버넌스 평가 지표).xlsx",1.1_observation(측정값),48,
A-002,"CPIA(Country Policy and Institutional Assessment, 국가 신용도·거버넌스 수준 지표)",observation,v124-a-002-obs-00339,A-002_wgi_va_pctrank,VNM,2015,2015,2015,,,,39.225861,,,,,,,World Bank 「GOV_WGI_VA.SC」 기준. 백분위 순위(0 최하위 ~ 100 최상위). 38대 기후기술을 특정하지 않는 배경·여건 지표이므로 매핑하지 않음(tech_ids=해당없음).,,,,"A-002_WGI(Worldwide Governance Indicators, 국가 거버넌스 평가 지표).xlsx",1.1_observation(측정값),49,
A-002,"CPIA(Country Policy and Institutional Assessment, 국가 신용도·거버넌스 수준 지표)",observation,v124-a-002-obs-00340,A-002_wgi_va_pctrank,VNM,2016,2016,2016,,,,38.969328,,,,,,,World Bank 「GOV_WGI_VA.SC」 기준. 백분위 순위(0 최하위 ~ 100 최상위). 38대 기후기술을 특정하지 않는 배경·여건 지표이므로 매핑하지 않음(tech_ids=해당없음).,,,,"A-002_WGI(Worldwide Governance Indicators, 국가 거버넌스 평가 지표).xlsx",1.1_observation(측정값),50,
A-002,"CPIA(Country Policy and Institutional Assessment, 국가 신용도·거버넌스 수준 지표)",observation,v124-a-002-obs-00341,A-002_wgi_va_pctrank,VNM,2017,2017,2017,,,,37.211354,,,,,,,World Bank 「GOV_WGI_VA.SC」 기준. 백분위 순위(0 최하위 ~ 100 최상위). 38대 기후기술을 특정하지 않는 배경·여건 지표이므로 매핑하지 않음(tech_ids=해당없음).,,,,"A-002_WGI(Worldwide Governance Indicators, 국가 거버넌스 평가 지표).xlsx",1.1_observation(측정값),51,
A-002,"CPIA(Country Policy and Institutional Assessment, 국가 신용도·거버넌스 수준 지표)",observation,v124-a-002-obs-00342,A-002_wgi_va_pctrank,VNM,2018,2018,2018,,,,37.872869,,,,,,,World Bank 「GOV_WGI_VA.SC」 기준. 백분위 순위(0 최하위 ~ 100 최상위). 38대 기후기술을 특정하지 않는 배경·여건 지표이므로 매핑하지 않음(tech_ids=해당없음).,,,,"A-002_WGI(Worldwide Governance Indicators, 국가 거버넌스 평가 지표).xlsx",1.1_observation(측정값),52,
A-002,"CPIA(Country Policy and Institutional Assessment, 국가 신용도·거버넌스 수준 지표)",observation,v124-a-002-obs-00343,A-002_wgi_va_pctrank,VNM,2019,2019,2019,,,,38.626082,,,,,,,World Bank 「GOV_WGI_VA.SC」 기준. 백분위 순위(0 최하위 ~ 100 최상위). 38대 기후기술을 특정하지 않는 배경·여건 지표이므로 매핑하지 않음(tech_ids=해당없음).,,,,"A-002_WGI(Worldwide Governance Indicators, 국가 거버넌스 평가 지표).xlsx",1.1_observation(측정값),53,
A-002,"CPIA(Country Policy and Institutional Assessment, 국가 신용도·거버넌스 수준 지표)",observation,v124-a-002-obs-00344,A-002_wgi_va_pctrank,VNM,2020,2020,2020,,,,37.752762,,,,,,,World Bank 「GOV_WGI_VA.SC」 기준. 백분위 순위(0 최하위 ~ 100 최상위). 38대 기후기술을 특정하지 않는 배경·여건 지표이므로 매핑하지 않음(tech_ids=해당없음).,,,,"A-002_WGI(Worldwide Governance Indicators, 국가 거버넌스 평가 지표).xlsx",1.1_observation(측정값),54,
A-002,"CPIA(Country Policy and Institutional Assessment, 국가 신용도·거버넌스 수준 지표)",observation,v124-a-002-obs-00345,A-002_wgi_va_pctrank,VNM,2021,2021,2021,,,,38.189619,,,,,,,World Bank 「GOV_WGI_VA.SC」 기준. 백분위 순위(0 최하위 ~ 100 최상위). 38대 기후기술을 특정하지 않는 배경·여건 지표이므로 매핑하지 않음(tech_ids=해당없음).,,,,"A-002_WGI(Worldwide Governance Indicators, 국가 거버넌스 평가 지표).xlsx",1.1_observation(측정값),55,
A-002,"CPIA(Country Policy and Institutional Assessment, 국가 신용도·거버넌스 수준 지표)",observation,v124-a-002-obs-00346,A-002_wgi_va_pctrank,VNM,2022,2022,2022,,,,37.834551,,,,,,,World Bank 「GOV_WGI_VA.SC」 기준. 백분위 순위(0 최하위 ~ 100 최상위). 38대 기후기술을 특정하지 않는 배경·여건 지표이므로 매핑하지 않음(tech_ids=해당없음).,,,,"A-002_WGI(Worldwide Governance Indicators, 국가 거버넌스 평가 지표).xlsx",1.1_observation(측정값),56,
A-002,"CPIA(Country Policy and Institutional Assessment, 국가 신용도·거버넌스 수준 지표)",observation,v124-a-002-obs-00347,A-002_wgi_va_pctrank,VNM,2023,2023,2023,,,,37.51041,,,,,,,World Bank 「GOV_WGI_VA.SC」 기준. 백분위 순위(0 최하위 ~ 100 최상위). 38대 기후기술을 특정하지 않는 배경·여건 지표이므로 매핑하지 않음(tech_ids=해당없음).,,,,"A-002_WGI(Worldwide Governance Indicators, 국가 거버넌스 평가 지표).xlsx",1.1_observation(측정값),57,
A-002,"CPIA(Country Policy and Institutional Assessment, 국가 신용도·거버넌스 수준 지표)",observation,v124-a-002-obs-00348,A-002_wgi_va_pctrank,VNM,2024,2024,2024,,,,37.626095,,,,,,,World Bank 「GOV_WGI_VA.SC」 기준. 백분위 순위(0 최하위 ~ 100 최상위). 38대 기후기술을 특정하지 않는 배경·여건 지표이므로 매핑하지 않음(tech_ids=해당없음).,,,,"A-002_WGI(Worldwide Governance Indicators, 국가 거버넌스 평가 지표).xlsx",1.1_observation(측정값),58,
