element_id,element_label,record_type,record_id,indicator_id,country_iso3,year,period_start,period_end,period,statistic_type,source_year_label,value,unit,name,latitude,longitude,attributes_json,missing_reason_code,note,source_org,source_url,license_code,source_file,source_sheet,source_row,publication_decision_id
A-011,"GHG 배출량[에너지, 산업공정, 농업, 폐기물]",observation,v124-a-011-obs-00001,A-011_emissions_sector_agriculture,VNM,1970,1970,1970,,,,36.781619175,Mt CO2eq,,,,,,"[농축수산 부문 기술 (Agriculture & fisheries)] [농업] European Commission, Joint Research Centre (JRC) — EDGAR 「EDGAR GHG_Agriculture」 기준. Mt CO2eq (GWP-100 AR5). IPCC 2006 코드 3.A.1, 3.A.2, 3.C.1, 3.C.2, 3.C.3, 3.C.4, 3.C.5, 3.C.6, 3.C.7.","European Commission, Joint Research Centre (JRC) — EDGAR",https://edgar.jrc.ec.europa.eu/dataset_ghg2025,CC-BY-4.0,"A-011_GHG 배출량[에너지, 산업공정, 농업, 폐기물].xlsx",1.1_observation(측정값),4,
A-011,"GHG 배출량[에너지, 산업공정, 농업, 폐기물]",observation,v124-a-011-obs-00002,A-011_emissions_sector_agriculture,VNM,1971,1971,1971,,,,36.9898801044,Mt CO2eq,,,,,,"[농축수산 부문 기술 (Agriculture & fisheries)] [농업] European Commission, Joint Research Centre (JRC) — EDGAR 「EDGAR GHG_Agriculture」 기준. Mt CO2eq (GWP-100 AR5). IPCC 2006 코드 3.A.1, 3.A.2, 3.C.1, 3.C.2, 3.C.3, 3.C.4, 3.C.5, 3.C.6, 3.C.7.","European Commission, Joint Research Centre (JRC) — EDGAR",https://edgar.jrc.ec.europa.eu/dataset_ghg2025,CC-BY-4.0,"A-011_GHG 배출량[에너지, 산업공정, 농업, 폐기물].xlsx",1.1_observation(측정값),5,
A-011,"GHG 배출량[에너지, 산업공정, 농업, 폐기물]",observation,v124-a-011-obs-00003,A-011_emissions_sector_agriculture,VNM,1972,1972,1972,,,,37.8139244538,Mt CO2eq,,,,,,"[농축수산 부문 기술 (Agriculture & fisheries)] [농업] European Commission, Joint Research Centre (JRC) — EDGAR 「EDGAR GHG_Agriculture」 기준. Mt CO2eq (GWP-100 AR5). IPCC 2006 코드 3.A.1, 3.A.2, 3.C.1, 3.C.2, 3.C.3, 3.C.4, 3.C.5, 3.C.6, 3.C.7.","European Commission, Joint Research Centre (JRC) — EDGAR",https://edgar.jrc.ec.europa.eu/dataset_ghg2025,CC-BY-4.0,"A-011_GHG 배출량[에너지, 산업공정, 농업, 폐기물].xlsx",1.1_observation(측정값),6,
A-011,"GHG 배출량[에너지, 산업공정, 농업, 폐기물]",observation,v124-a-011-obs-00004,A-011_emissions_sector_agriculture,VNM,1973,1973,1973,,,,39.0304073477,Mt CO2eq,,,,,,"[농축수산 부문 기술 (Agriculture & fisheries)] [농업] European Commission, Joint Research Centre (JRC) — EDGAR 「EDGAR GHG_Agriculture」 기준. Mt CO2eq (GWP-100 AR5). IPCC 2006 코드 3.A.1, 3.A.2, 3.C.1, 3.C.2, 3.C.3, 3.C.4, 3.C.5, 3.C.6, 3.C.7.","European Commission, Joint Research Centre (JRC) — EDGAR",https://edgar.jrc.ec.europa.eu/dataset_ghg2025,CC-BY-4.0,"A-011_GHG 배출량[에너지, 산업공정, 농업, 폐기물].xlsx",1.1_observation(측정값),7,
A-011,"GHG 배출량[에너지, 산업공정, 농업, 폐기물]",observation,v124-a-011-obs-00005,A-011_emissions_sector_agriculture,VNM,1974,1974,1974,,,,39.3518573864,Mt CO2eq,,,,,,"[농축수산 부문 기술 (Agriculture & fisheries)] [농업] European Commission, Joint Research Centre (JRC) — EDGAR 「EDGAR GHG_Agriculture」 기준. Mt CO2eq (GWP-100 AR5). IPCC 2006 코드 3.A.1, 3.A.2, 3.C.1, 3.C.2, 3.C.3, 3.C.4, 3.C.5, 3.C.6, 3.C.7.","European Commission, Joint Research Centre (JRC) — EDGAR",https://edgar.jrc.ec.europa.eu/dataset_ghg2025,CC-BY-4.0,"A-011_GHG 배출량[에너지, 산업공정, 농업, 폐기물].xlsx",1.1_observation(측정값),8,
A-011,"GHG 배출량[에너지, 산업공정, 농업, 폐기물]",observation,v124-a-011-obs-00006,A-011_emissions_sector_agriculture,VNM,1975,1975,1975,,,,37.3004295395,Mt CO2eq,,,,,,"[농축수산 부문 기술 (Agriculture & fisheries)] [농업] European Commission, Joint Research Centre (JRC) — EDGAR 「EDGAR GHG_Agriculture」 기준. Mt CO2eq (GWP-100 AR5). IPCC 2006 코드 3.A.1, 3.A.2, 3.C.1, 3.C.2, 3.C.3, 3.C.4, 3.C.5, 3.C.6, 3.C.7.","European Commission, Joint Research Centre (JRC) — EDGAR",https://edgar.jrc.ec.europa.eu/dataset_ghg2025,CC-BY-4.0,"A-011_GHG 배출량[에너지, 산업공정, 농업, 폐기물].xlsx",1.1_observation(측정값),9,
A-011,"GHG 배출량[에너지, 산업공정, 농업, 폐기물]",observation,v124-a-011-obs-00007,A-011_emissions_sector_agriculture,VNM,1976,1976,1976,,,,40.4626848752,Mt CO2eq,,,,,,"[농축수산 부문 기술 (Agriculture & fisheries)] [농업] European Commission, Joint Research Centre (JRC) — EDGAR 「EDGAR GHG_Agriculture」 기준. Mt CO2eq (GWP-100 AR5). IPCC 2006 코드 3.A.1, 3.A.2, 3.C.1, 3.C.2, 3.C.3, 3.C.4, 3.C.5, 3.C.6, 3.C.7.","European Commission, Joint Research Centre (JRC) — EDGAR",https://edgar.jrc.ec.europa.eu/dataset_ghg2025,CC-BY-4.0,"A-011_GHG 배출량[에너지, 산업공정, 농업, 폐기물].xlsx",1.1_observation(측정값),10,
A-011,"GHG 배출량[에너지, 산업공정, 농업, 폐기물]",observation,v124-a-011-obs-00008,A-011_emissions_sector_agriculture,VNM,1977,1977,1977,,,,40.6731436614,Mt CO2eq,,,,,,"[농축수산 부문 기술 (Agriculture & fisheries)] [농업] European Commission, Joint Research Centre (JRC) — EDGAR 「EDGAR GHG_Agriculture」 기준. Mt CO2eq (GWP-100 AR5). IPCC 2006 코드 3.A.1, 3.A.2, 3.C.1, 3.C.2, 3.C.3, 3.C.4, 3.C.5, 3.C.6, 3.C.7.","European Commission, Joint Research Centre (JRC) — EDGAR",https://edgar.jrc.ec.europa.eu/dataset_ghg2025,CC-BY-4.0,"A-011_GHG 배출량[에너지, 산업공정, 농업, 폐기물].xlsx",1.1_observation(측정값),11,
A-011,"GHG 배출량[에너지, 산업공정, 농업, 폐기물]",observation,v124-a-011-obs-00009,A-011_emissions_sector_agriculture,VNM,1978,1978,1978,,,,39.1342477936,Mt CO2eq,,,,,,"[농축수산 부문 기술 (Agriculture & fisheries)] [농업] European Commission, Joint Research Centre (JRC) — EDGAR 「EDGAR GHG_Agriculture」 기준. Mt CO2eq (GWP-100 AR5). IPCC 2006 코드 3.A.1, 3.A.2, 3.C.1, 3.C.2, 3.C.3, 3.C.4, 3.C.5, 3.C.6, 3.C.7.","European Commission, Joint Research Centre (JRC) — EDGAR",https://edgar.jrc.ec.europa.eu/dataset_ghg2025,CC-BY-4.0,"A-011_GHG 배출량[에너지, 산업공정, 농업, 폐기물].xlsx",1.1_observation(측정값),12,
A-011,"GHG 배출량[에너지, 산업공정, 농업, 폐기물]",observation,v124-a-011-obs-00010,A-011_emissions_sector_agriculture,VNM,1979,1979,1979,,,,40.6534842021,Mt CO2eq,,,,,,"[농축수산 부문 기술 (Agriculture & fisheries)] [농업] European Commission, Joint Research Centre (JRC) — EDGAR 「EDGAR GHG_Agriculture」 기준. Mt CO2eq (GWP-100 AR5). IPCC 2006 코드 3.A.1, 3.A.2, 3.C.1, 3.C.2, 3.C.3, 3.C.4, 3.C.5, 3.C.6, 3.C.7.","European Commission, Joint Research Centre (JRC) — EDGAR",https://edgar.jrc.ec.europa.eu/dataset_ghg2025,CC-BY-4.0,"A-011_GHG 배출량[에너지, 산업공정, 농업, 폐기물].xlsx",1.1_observation(측정값),13,
A-011,"GHG 배출량[에너지, 산업공정, 농업, 폐기물]",observation,v124-a-011-obs-00011,A-011_emissions_sector_agriculture,VNM,1980,1980,1980,,,,41.6239847342,Mt CO2eq,,,,,,"[농축수산 부문 기술 (Agriculture & fisheries)] [농업] European Commission, Joint Research Centre (JRC) — EDGAR 「EDGAR GHG_Agriculture」 기준. Mt CO2eq (GWP-100 AR5). IPCC 2006 코드 3.A.1, 3.A.2, 3.C.1, 3.C.2, 3.C.3, 3.C.4, 3.C.5, 3.C.6, 3.C.7.","European Commission, Joint Research Centre (JRC) — EDGAR",https://edgar.jrc.ec.europa.eu/dataset_ghg2025,CC-BY-4.0,"A-011_GHG 배출량[에너지, 산업공정, 농업, 폐기물].xlsx",1.1_observation(측정값),14,
A-011,"GHG 배출량[에너지, 산업공정, 농업, 폐기물]",observation,v124-a-011-obs-00012,A-011_emissions_sector_agriculture,VNM,1981,1981,1981,,,,43.5208827505,Mt CO2eq,,,,,,"[농축수산 부문 기술 (Agriculture & fisheries)] [농업] European Commission, Joint Research Centre (JRC) — EDGAR 「EDGAR GHG_Agriculture」 기준. Mt CO2eq (GWP-100 AR5). IPCC 2006 코드 3.A.1, 3.A.2, 3.C.1, 3.C.2, 3.C.3, 3.C.4, 3.C.5, 3.C.6, 3.C.7.","European Commission, Joint Research Centre (JRC) — EDGAR",https://edgar.jrc.ec.europa.eu/dataset_ghg2025,CC-BY-4.0,"A-011_GHG 배출량[에너지, 산업공정, 농업, 폐기물].xlsx",1.1_observation(측정값),15,
A-011,"GHG 배출량[에너지, 산업공정, 농업, 폐기물]",observation,v124-a-011-obs-00013,A-011_emissions_sector_agriculture,VNM,1982,1982,1982,,,,46.807284731,Mt CO2eq,,,,,,"[농축수산 부문 기술 (Agriculture & fisheries)] [농업] European Commission, Joint Research Centre (JRC) — EDGAR 「EDGAR GHG_Agriculture」 기준. Mt CO2eq (GWP-100 AR5). IPCC 2006 코드 3.A.1, 3.A.2, 3.C.1, 3.C.2, 3.C.3, 3.C.4, 3.C.5, 3.C.6, 3.C.7.","European Commission, Joint Research Centre (JRC) — EDGAR",https://edgar.jrc.ec.europa.eu/dataset_ghg2025,CC-BY-4.0,"A-011_GHG 배출량[에너지, 산업공정, 농업, 폐기물].xlsx",1.1_observation(측정값),16,
A-011,"GHG 배출량[에너지, 산업공정, 농업, 폐기물]",observation,v124-a-011-obs-00014,A-011_emissions_sector_agriculture,VNM,1983,1983,1983,,,,48.3107001142,Mt CO2eq,,,,,,"[농축수산 부문 기술 (Agriculture & fisheries)] [농업] European Commission, Joint Research Centre (JRC) — EDGAR 「EDGAR GHG_Agriculture」 기준. Mt CO2eq (GWP-100 AR5). IPCC 2006 코드 3.A.1, 3.A.2, 3.C.1, 3.C.2, 3.C.3, 3.C.4, 3.C.5, 3.C.6, 3.C.7.","European Commission, Joint Research Centre (JRC) — EDGAR",https://edgar.jrc.ec.europa.eu/dataset_ghg2025,CC-BY-4.0,"A-011_GHG 배출량[에너지, 산업공정, 농업, 폐기물].xlsx",1.1_observation(측정값),17,
A-011,"GHG 배출량[에너지, 산업공정, 농업, 폐기물]",observation,v124-a-011-obs-00015,A-011_emissions_sector_agriculture,VNM,1984,1984,1984,,,,49.8442261243,Mt CO2eq,,,,,,"[농축수산 부문 기술 (Agriculture & fisheries)] [농업] European Commission, Joint Research Centre (JRC) — EDGAR 「EDGAR GHG_Agriculture」 기준. Mt CO2eq (GWP-100 AR5). IPCC 2006 코드 3.A.1, 3.A.2, 3.C.1, 3.C.2, 3.C.3, 3.C.4, 3.C.5, 3.C.6, 3.C.7.","European Commission, Joint Research Centre (JRC) — EDGAR",https://edgar.jrc.ec.europa.eu/dataset_ghg2025,CC-BY-4.0,"A-011_GHG 배출량[에너지, 산업공정, 농업, 폐기물].xlsx",1.1_observation(측정값),18,
A-011,"GHG 배출량[에너지, 산업공정, 농업, 폐기물]",observation,v124-a-011-obs-00016,A-011_emissions_sector_agriculture,VNM,1985,1985,1985,,,,51.051653422,Mt CO2eq,,,,,,"[농축수산 부문 기술 (Agriculture & fisheries)] [농업] European Commission, Joint Research Centre (JRC) — EDGAR 「EDGAR GHG_Agriculture」 기준. Mt CO2eq (GWP-100 AR5). IPCC 2006 코드 3.A.1, 3.A.2, 3.C.1, 3.C.2, 3.C.3, 3.C.4, 3.C.5, 3.C.6, 3.C.7.","European Commission, Joint Research Centre (JRC) — EDGAR",https://edgar.jrc.ec.europa.eu/dataset_ghg2025,CC-BY-4.0,"A-011_GHG 배출량[에너지, 산업공정, 농업, 폐기물].xlsx",1.1_observation(측정값),19,
A-011,"GHG 배출량[에너지, 산업공정, 농업, 폐기물]",observation,v124-a-011-obs-00017,A-011_emissions_sector_agriculture,VNM,1986,1986,1986,,,,52.0708689722,Mt CO2eq,,,,,,"[농축수산 부문 기술 (Agriculture & fisheries)] [농업] European Commission, Joint Research Centre (JRC) — EDGAR 「EDGAR GHG_Agriculture」 기준. Mt CO2eq (GWP-100 AR5). IPCC 2006 코드 3.A.1, 3.A.2, 3.C.1, 3.C.2, 3.C.3, 3.C.4, 3.C.5, 3.C.6, 3.C.7.","European Commission, Joint Research Centre (JRC) — EDGAR",https://edgar.jrc.ec.europa.eu/dataset_ghg2025,CC-BY-4.0,"A-011_GHG 배출량[에너지, 산업공정, 농업, 폐기물].xlsx",1.1_observation(측정값),20,
A-011,"GHG 배출량[에너지, 산업공정, 농업, 폐기물]",observation,v124-a-011-obs-00018,A-011_emissions_sector_agriculture,VNM,1987,1987,1987,,,,51.1079670562,Mt CO2eq,,,,,,"[농축수산 부문 기술 (Agriculture & fisheries)] [농업] European Commission, Joint Research Centre (JRC) — EDGAR 「EDGAR GHG_Agriculture」 기준. Mt CO2eq (GWP-100 AR5). IPCC 2006 코드 3.A.1, 3.A.2, 3.C.1, 3.C.2, 3.C.3, 3.C.4, 3.C.5, 3.C.6, 3.C.7.","European Commission, Joint Research Centre (JRC) — EDGAR",https://edgar.jrc.ec.europa.eu/dataset_ghg2025,CC-BY-4.0,"A-011_GHG 배출량[에너지, 산업공정, 농업, 폐기물].xlsx",1.1_observation(측정값),21,
A-011,"GHG 배출량[에너지, 산업공정, 농업, 폐기물]",observation,v124-a-011-obs-00019,A-011_emissions_sector_agriculture,VNM,1988,1988,1988,,,,54.3390653453,Mt CO2eq,,,,,,"[농축수산 부문 기술 (Agriculture & fisheries)] [농업] European Commission, Joint Research Centre (JRC) — EDGAR 「EDGAR GHG_Agriculture」 기준. Mt CO2eq (GWP-100 AR5). IPCC 2006 코드 3.A.1, 3.A.2, 3.C.1, 3.C.2, 3.C.3, 3.C.4, 3.C.5, 3.C.6, 3.C.7.","European Commission, Joint Research Centre (JRC) — EDGAR",https://edgar.jrc.ec.europa.eu/dataset_ghg2025,CC-BY-4.0,"A-011_GHG 배출량[에너지, 산업공정, 농업, 폐기물].xlsx",1.1_observation(측정값),22,
A-011,"GHG 배출량[에너지, 산업공정, 농업, 폐기물]",observation,v124-a-011-obs-00020,A-011_emissions_sector_agriculture,VNM,1989,1989,1989,,,,56.9444229607,Mt CO2eq,,,,,,"[농축수산 부문 기술 (Agriculture & fisheries)] [농업] European Commission, Joint Research Centre (JRC) — EDGAR 「EDGAR GHG_Agriculture」 기준. Mt CO2eq (GWP-100 AR5). IPCC 2006 코드 3.A.1, 3.A.2, 3.C.1, 3.C.2, 3.C.3, 3.C.4, 3.C.5, 3.C.6, 3.C.7.","European Commission, Joint Research Centre (JRC) — EDGAR",https://edgar.jrc.ec.europa.eu/dataset_ghg2025,CC-BY-4.0,"A-011_GHG 배출량[에너지, 산업공정, 농업, 폐기물].xlsx",1.1_observation(측정값),23,
A-011,"GHG 배출량[에너지, 산업공정, 농업, 폐기물]",observation,v124-a-011-obs-00021,A-011_emissions_sector_agriculture,VNM,1990,1990,1990,,,,57.5689333617,Mt CO2eq,,,,,,"[농축수산 부문 기술 (Agriculture & fisheries)] [농업] European Commission, Joint Research Centre (JRC) — EDGAR 「EDGAR GHG_Agriculture」 기준. Mt CO2eq (GWP-100 AR5). IPCC 2006 코드 3.A.1, 3.A.2, 3.C.1, 3.C.2, 3.C.3, 3.C.4, 3.C.5, 3.C.6, 3.C.7.","European Commission, Joint Research Centre (JRC) — EDGAR",https://edgar.jrc.ec.europa.eu/dataset_ghg2025,CC-BY-4.0,"A-011_GHG 배출량[에너지, 산업공정, 농업, 폐기물].xlsx",1.1_observation(측정값),24,
A-011,"GHG 배출량[에너지, 산업공정, 농업, 폐기물]",observation,v124-a-011-obs-00022,A-011_emissions_sector_agriculture,VNM,1991,1991,1991,,,,60.1526264321,Mt CO2eq,,,,,,"[농축수산 부문 기술 (Agriculture & fisheries)] [농업] European Commission, Joint Research Centre (JRC) — EDGAR 「EDGAR GHG_Agriculture」 기준. Mt CO2eq (GWP-100 AR5). IPCC 2006 코드 3.A.1, 3.A.2, 3.C.1, 3.C.2, 3.C.3, 3.C.4, 3.C.5, 3.C.6, 3.C.7.","European Commission, Joint Research Centre (JRC) — EDGAR",https://edgar.jrc.ec.europa.eu/dataset_ghg2025,CC-BY-4.0,"A-011_GHG 배출량[에너지, 산업공정, 농업, 폐기물].xlsx",1.1_observation(측정값),25,
A-011,"GHG 배출량[에너지, 산업공정, 농업, 폐기물]",observation,v124-a-011-obs-00023,A-011_emissions_sector_agriculture,VNM,1992,1992,1992,,,,62.2840237853,Mt CO2eq,,,,,,"[농축수산 부문 기술 (Agriculture & fisheries)] [농업] European Commission, Joint Research Centre (JRC) — EDGAR 「EDGAR GHG_Agriculture」 기준. Mt CO2eq (GWP-100 AR5). IPCC 2006 코드 3.A.1, 3.A.2, 3.C.1, 3.C.2, 3.C.3, 3.C.4, 3.C.5, 3.C.6, 3.C.7.","European Commission, Joint Research Centre (JRC) — EDGAR",https://edgar.jrc.ec.europa.eu/dataset_ghg2025,CC-BY-4.0,"A-011_GHG 배출량[에너지, 산업공정, 농업, 폐기물].xlsx",1.1_observation(측정값),26,
A-011,"GHG 배출량[에너지, 산업공정, 농업, 폐기물]",observation,v124-a-011-obs-00024,A-011_emissions_sector_agriculture,VNM,1993,1993,1993,,,,64.2827235898,Mt CO2eq,,,,,,"[농축수산 부문 기술 (Agriculture & fisheries)] [농업] European Commission, Joint Research Centre (JRC) — EDGAR 「EDGAR GHG_Agriculture」 기준. Mt CO2eq (GWP-100 AR5). IPCC 2006 코드 3.A.1, 3.A.2, 3.C.1, 3.C.2, 3.C.3, 3.C.4, 3.C.5, 3.C.6, 3.C.7.","European Commission, Joint Research Centre (JRC) — EDGAR",https://edgar.jrc.ec.europa.eu/dataset_ghg2025,CC-BY-4.0,"A-011_GHG 배출량[에너지, 산업공정, 농업, 폐기물].xlsx",1.1_observation(측정값),27,
A-011,"GHG 배출량[에너지, 산업공정, 농업, 폐기물]",observation,v124-a-011-obs-00025,A-011_emissions_sector_agriculture,VNM,1994,1994,1994,,,,67.5474809704,Mt CO2eq,,,,,,"[농축수산 부문 기술 (Agriculture & fisheries)] [농업] European Commission, Joint Research Centre (JRC) — EDGAR 「EDGAR GHG_Agriculture」 기준. Mt CO2eq (GWP-100 AR5). IPCC 2006 코드 3.A.1, 3.A.2, 3.C.1, 3.C.2, 3.C.3, 3.C.4, 3.C.5, 3.C.6, 3.C.7.","European Commission, Joint Research Centre (JRC) — EDGAR",https://edgar.jrc.ec.europa.eu/dataset_ghg2025,CC-BY-4.0,"A-011_GHG 배출량[에너지, 산업공정, 농업, 폐기물].xlsx",1.1_observation(측정값),28,
A-011,"GHG 배출량[에너지, 산업공정, 농업, 폐기물]",observation,v124-a-011-obs-00026,A-011_emissions_sector_agriculture,VNM,1995,1995,1995,,,,69.0932915907,Mt CO2eq,,,,,,"[농축수산 부문 기술 (Agriculture & fisheries)] [농업] European Commission, Joint Research Centre (JRC) — EDGAR 「EDGAR GHG_Agriculture」 기준. Mt CO2eq (GWP-100 AR5). IPCC 2006 코드 3.A.1, 3.A.2, 3.C.1, 3.C.2, 3.C.3, 3.C.4, 3.C.5, 3.C.6, 3.C.7.","European Commission, Joint Research Centre (JRC) — EDGAR",https://edgar.jrc.ec.europa.eu/dataset_ghg2025,CC-BY-4.0,"A-011_GHG 배출량[에너지, 산업공정, 농업, 폐기물].xlsx",1.1_observation(측정값),29,
A-011,"GHG 배출량[에너지, 산업공정, 농업, 폐기물]",observation,v124-a-011-obs-00027,A-011_emissions_sector_agriculture,VNM,1996,1996,1996,,,,72.9482520684,Mt CO2eq,,,,,,"[농축수산 부문 기술 (Agriculture & fisheries)] [농업] European Commission, Joint Research Centre (JRC) — EDGAR 「EDGAR GHG_Agriculture」 기준. Mt CO2eq (GWP-100 AR5). IPCC 2006 코드 3.A.1, 3.A.2, 3.C.1, 3.C.2, 3.C.3, 3.C.4, 3.C.5, 3.C.6, 3.C.7.","European Commission, Joint Research Centre (JRC) — EDGAR",https://edgar.jrc.ec.europa.eu/dataset_ghg2025,CC-BY-4.0,"A-011_GHG 배출량[에너지, 산업공정, 농업, 폐기물].xlsx",1.1_observation(측정값),30,
A-011,"GHG 배출량[에너지, 산업공정, 농업, 폐기물]",observation,v124-a-011-obs-00028,A-011_emissions_sector_agriculture,VNM,1997,1997,1997,,,,73.8776883332,Mt CO2eq,,,,,,"[농축수산 부문 기술 (Agriculture & fisheries)] [농업] European Commission, Joint Research Centre (JRC) — EDGAR 「EDGAR GHG_Agriculture」 기준. Mt CO2eq (GWP-100 AR5). IPCC 2006 코드 3.A.1, 3.A.2, 3.C.1, 3.C.2, 3.C.3, 3.C.4, 3.C.5, 3.C.6, 3.C.7.","European Commission, Joint Research Centre (JRC) — EDGAR",https://edgar.jrc.ec.europa.eu/dataset_ghg2025,CC-BY-4.0,"A-011_GHG 배출량[에너지, 산업공정, 농업, 폐기물].xlsx",1.1_observation(측정값),31,
A-011,"GHG 배출량[에너지, 산업공정, 농업, 폐기물]",observation,v124-a-011-obs-00029,A-011_emissions_sector_agriculture,VNM,1998,1998,1998,,,,78.5551318115,Mt CO2eq,,,,,,"[농축수산 부문 기술 (Agriculture & fisheries)] [농업] European Commission, Joint Research Centre (JRC) — EDGAR 「EDGAR GHG_Agriculture」 기준. Mt CO2eq (GWP-100 AR5). IPCC 2006 코드 3.A.1, 3.A.2, 3.C.1, 3.C.2, 3.C.3, 3.C.4, 3.C.5, 3.C.6, 3.C.7.","European Commission, Joint Research Centre (JRC) — EDGAR",https://edgar.jrc.ec.europa.eu/dataset_ghg2025,CC-BY-4.0,"A-011_GHG 배출량[에너지, 산업공정, 농업, 폐기물].xlsx",1.1_observation(측정값),32,
A-011,"GHG 배출량[에너지, 산업공정, 농업, 폐기물]",observation,v124-a-011-obs-00030,A-011_emissions_sector_agriculture,VNM,1999,1999,1999,,,,81.6621459079,Mt CO2eq,,,,,,"[농축수산 부문 기술 (Agriculture & fisheries)] [농업] European Commission, Joint Research Centre (JRC) — EDGAR 「EDGAR GHG_Agriculture」 기준. Mt CO2eq (GWP-100 AR5). IPCC 2006 코드 3.A.1, 3.A.2, 3.C.1, 3.C.2, 3.C.3, 3.C.4, 3.C.5, 3.C.6, 3.C.7.","European Commission, Joint Research Centre (JRC) — EDGAR",https://edgar.jrc.ec.europa.eu/dataset_ghg2025,CC-BY-4.0,"A-011_GHG 배출량[에너지, 산업공정, 농업, 폐기물].xlsx",1.1_observation(측정값),33,
A-011,"GHG 배출량[에너지, 산업공정, 농업, 폐기물]",observation,v124-a-011-obs-00031,A-011_emissions_sector_agriculture,VNM,2000,2000,2000,,,,83.643500738,Mt CO2eq,,,,,,"[농축수산 부문 기술 (Agriculture & fisheries)] [농업] European Commission, Joint Research Centre (JRC) — EDGAR 「EDGAR GHG_Agriculture」 기준. Mt CO2eq (GWP-100 AR5). IPCC 2006 코드 3.A.1, 3.A.2, 3.C.1, 3.C.2, 3.C.3, 3.C.4, 3.C.5, 3.C.6, 3.C.7.","European Commission, Joint Research Centre (JRC) — EDGAR",https://edgar.jrc.ec.europa.eu/dataset_ghg2025,CC-BY-4.0,"A-011_GHG 배출량[에너지, 산업공정, 농업, 폐기물].xlsx",1.1_observation(측정값),34,
A-011,"GHG 배출량[에너지, 산업공정, 농업, 폐기물]",observation,v124-a-011-obs-00032,A-011_emissions_sector_agriculture,VNM,2001,2001,2001,,,,80.9920150835,Mt CO2eq,,,,,,"[농축수산 부문 기술 (Agriculture & fisheries)] [농업] European Commission, Joint Research Centre (JRC) — EDGAR 「EDGAR GHG_Agriculture」 기준. Mt CO2eq (GWP-100 AR5). IPCC 2006 코드 3.A.1, 3.A.2, 3.C.1, 3.C.2, 3.C.3, 3.C.4, 3.C.5, 3.C.6, 3.C.7.","European Commission, Joint Research Centre (JRC) — EDGAR",https://edgar.jrc.ec.europa.eu/dataset_ghg2025,CC-BY-4.0,"A-011_GHG 배출량[에너지, 산업공정, 농업, 폐기물].xlsx",1.1_observation(측정값),35,
A-011,"GHG 배출량[에너지, 산업공정, 농업, 폐기물]",observation,v124-a-011-obs-00033,A-011_emissions_sector_agriculture,VNM,2002,2002,2002,,,,84.2950633481,Mt CO2eq,,,,,,"[농축수산 부문 기술 (Agriculture & fisheries)] [농업] European Commission, Joint Research Centre (JRC) — EDGAR 「EDGAR GHG_Agriculture」 기준. Mt CO2eq (GWP-100 AR5). IPCC 2006 코드 3.A.1, 3.A.2, 3.C.1, 3.C.2, 3.C.3, 3.C.4, 3.C.5, 3.C.6, 3.C.7.","European Commission, Joint Research Centre (JRC) — EDGAR",https://edgar.jrc.ec.europa.eu/dataset_ghg2025,CC-BY-4.0,"A-011_GHG 배출량[에너지, 산업공정, 농업, 폐기물].xlsx",1.1_observation(측정값),36,
A-011,"GHG 배출량[에너지, 산업공정, 농업, 폐기물]",observation,v124-a-011-obs-00034,A-011_emissions_sector_agriculture,VNM,2003,2003,2003,,,,85.7038274095,Mt CO2eq,,,,,,"[농축수산 부문 기술 (Agriculture & fisheries)] [농업] European Commission, Joint Research Centre (JRC) — EDGAR 「EDGAR GHG_Agriculture」 기준. Mt CO2eq (GWP-100 AR5). IPCC 2006 코드 3.A.1, 3.A.2, 3.C.1, 3.C.2, 3.C.3, 3.C.4, 3.C.5, 3.C.6, 3.C.7.","European Commission, Joint Research Centre (JRC) — EDGAR",https://edgar.jrc.ec.europa.eu/dataset_ghg2025,CC-BY-4.0,"A-011_GHG 배출량[에너지, 산업공정, 농업, 폐기물].xlsx",1.1_observation(측정값),37,
A-011,"GHG 배출량[에너지, 산업공정, 농업, 폐기물]",observation,v124-a-011-obs-00035,A-011_emissions_sector_agriculture,VNM,2004,2004,2004,,,,88.4843034358,Mt CO2eq,,,,,,"[농축수산 부문 기술 (Agriculture & fisheries)] [농업] European Commission, Joint Research Centre (JRC) — EDGAR 「EDGAR GHG_Agriculture」 기준. Mt CO2eq (GWP-100 AR5). IPCC 2006 코드 3.A.1, 3.A.2, 3.C.1, 3.C.2, 3.C.3, 3.C.4, 3.C.5, 3.C.6, 3.C.7.","European Commission, Joint Research Centre (JRC) — EDGAR",https://edgar.jrc.ec.europa.eu/dataset_ghg2025,CC-BY-4.0,"A-011_GHG 배출량[에너지, 산업공정, 농업, 폐기물].xlsx",1.1_observation(측정값),38,
A-011,"GHG 배출량[에너지, 산업공정, 농업, 폐기물]",observation,v124-a-011-obs-00036,A-011_emissions_sector_agriculture,VNM,2005,2005,2005,,,,87.669244987,Mt CO2eq,,,,,,"[농축수산 부문 기술 (Agriculture & fisheries)] [농업] European Commission, Joint Research Centre (JRC) — EDGAR 「EDGAR GHG_Agriculture」 기준. Mt CO2eq (GWP-100 AR5). IPCC 2006 코드 3.A.1, 3.A.2, 3.C.1, 3.C.2, 3.C.3, 3.C.4, 3.C.5, 3.C.6, 3.C.7.","European Commission, Joint Research Centre (JRC) — EDGAR",https://edgar.jrc.ec.europa.eu/dataset_ghg2025,CC-BY-4.0,"A-011_GHG 배출량[에너지, 산업공정, 농업, 폐기물].xlsx",1.1_observation(측정값),39,
A-011,"GHG 배출량[에너지, 산업공정, 농업, 폐기물]",observation,v124-a-011-obs-00037,A-011_emissions_sector_agriculture,VNM,2006,2006,2006,,,,89.1470417917,Mt CO2eq,,,,,,"[농축수산 부문 기술 (Agriculture & fisheries)] [농업] European Commission, Joint Research Centre (JRC) — EDGAR 「EDGAR GHG_Agriculture」 기준. Mt CO2eq (GWP-100 AR5). IPCC 2006 코드 3.A.1, 3.A.2, 3.C.1, 3.C.2, 3.C.3, 3.C.4, 3.C.5, 3.C.6, 3.C.7.","European Commission, Joint Research Centre (JRC) — EDGAR",https://edgar.jrc.ec.europa.eu/dataset_ghg2025,CC-BY-4.0,"A-011_GHG 배출량[에너지, 산업공정, 농업, 폐기물].xlsx",1.1_observation(측정값),40,
A-011,"GHG 배출량[에너지, 산업공정, 농업, 폐기물]",observation,v124-a-011-obs-00038,A-011_emissions_sector_agriculture,VNM,2007,2007,2007,,,,89.4719367436,Mt CO2eq,,,,,,"[농축수산 부문 기술 (Agriculture & fisheries)] [농업] European Commission, Joint Research Centre (JRC) — EDGAR 「EDGAR GHG_Agriculture」 기준. Mt CO2eq (GWP-100 AR5). IPCC 2006 코드 3.A.1, 3.A.2, 3.C.1, 3.C.2, 3.C.3, 3.C.4, 3.C.5, 3.C.6, 3.C.7.","European Commission, Joint Research Centre (JRC) — EDGAR",https://edgar.jrc.ec.europa.eu/dataset_ghg2025,CC-BY-4.0,"A-011_GHG 배출량[에너지, 산업공정, 농업, 폐기물].xlsx",1.1_observation(측정값),41,
A-011,"GHG 배출량[에너지, 산업공정, 농업, 폐기물]",observation,v124-a-011-obs-00039,A-011_emissions_sector_agriculture,VNM,2008,2008,2008,,,,89.5019472745,Mt CO2eq,,,,,,"[농축수산 부문 기술 (Agriculture & fisheries)] [농업] European Commission, Joint Research Centre (JRC) — EDGAR 「EDGAR GHG_Agriculture」 기준. Mt CO2eq (GWP-100 AR5). IPCC 2006 코드 3.A.1, 3.A.2, 3.C.1, 3.C.2, 3.C.3, 3.C.4, 3.C.5, 3.C.6, 3.C.7.","European Commission, Joint Research Centre (JRC) — EDGAR",https://edgar.jrc.ec.europa.eu/dataset_ghg2025,CC-BY-4.0,"A-011_GHG 배출량[에너지, 산업공정, 농업, 폐기물].xlsx",1.1_observation(측정값),42,
A-011,"GHG 배출량[에너지, 산업공정, 농업, 폐기물]",observation,v124-a-011-obs-00040,A-011_emissions_sector_agriculture,VNM,2009,2009,2009,,,,91.2987259855,Mt CO2eq,,,,,,"[농축수산 부문 기술 (Agriculture & fisheries)] [농업] European Commission, Joint Research Centre (JRC) — EDGAR 「EDGAR GHG_Agriculture」 기준. Mt CO2eq (GWP-100 AR5). IPCC 2006 코드 3.A.1, 3.A.2, 3.C.1, 3.C.2, 3.C.3, 3.C.4, 3.C.5, 3.C.6, 3.C.7.","European Commission, Joint Research Centre (JRC) — EDGAR",https://edgar.jrc.ec.europa.eu/dataset_ghg2025,CC-BY-4.0,"A-011_GHG 배출량[에너지, 산업공정, 농업, 폐기물].xlsx",1.1_observation(측정값),43,
A-011,"GHG 배출량[에너지, 산업공정, 농업, 폐기물]",observation,v124-a-011-obs-00041,A-011_emissions_sector_agriculture,VNM,2010,2010,2010,,,,91.532444868,Mt CO2eq,,,,,,"[농축수산 부문 기술 (Agriculture & fisheries)] [농업] European Commission, Joint Research Centre (JRC) — EDGAR 「EDGAR GHG_Agriculture」 기준. Mt CO2eq (GWP-100 AR5). IPCC 2006 코드 3.A.1, 3.A.2, 3.C.1, 3.C.2, 3.C.3, 3.C.4, 3.C.5, 3.C.6, 3.C.7.","European Commission, Joint Research Centre (JRC) — EDGAR",https://edgar.jrc.ec.europa.eu/dataset_ghg2025,CC-BY-4.0,"A-011_GHG 배출량[에너지, 산업공정, 농업, 폐기물].xlsx",1.1_observation(측정값),44,
A-011,"GHG 배출량[에너지, 산업공정, 농업, 폐기물]",observation,v124-a-011-obs-00042,A-011_emissions_sector_agriculture,VNM,2011,2011,2011,,,,92.7406910091,Mt CO2eq,,,,,,"[농축수산 부문 기술 (Agriculture & fisheries)] [농업] European Commission, Joint Research Centre (JRC) — EDGAR 「EDGAR GHG_Agriculture」 기준. Mt CO2eq (GWP-100 AR5). IPCC 2006 코드 3.A.1, 3.A.2, 3.C.1, 3.C.2, 3.C.3, 3.C.4, 3.C.5, 3.C.6, 3.C.7.","European Commission, Joint Research Centre (JRC) — EDGAR",https://edgar.jrc.ec.europa.eu/dataset_ghg2025,CC-BY-4.0,"A-011_GHG 배출량[에너지, 산업공정, 농업, 폐기물].xlsx",1.1_observation(측정값),45,
A-011,"GHG 배출량[에너지, 산업공정, 농업, 폐기물]",observation,v124-a-011-obs-00043,A-011_emissions_sector_agriculture,VNM,2012,2012,2012,,,,93.8633602384,Mt CO2eq,,,,,,"[농축수산 부문 기술 (Agriculture & fisheries)] [농업] European Commission, Joint Research Centre (JRC) — EDGAR 「EDGAR GHG_Agriculture」 기준. Mt CO2eq (GWP-100 AR5). IPCC 2006 코드 3.A.1, 3.A.2, 3.C.1, 3.C.2, 3.C.3, 3.C.4, 3.C.5, 3.C.6, 3.C.7.","European Commission, Joint Research Centre (JRC) — EDGAR",https://edgar.jrc.ec.europa.eu/dataset_ghg2025,CC-BY-4.0,"A-011_GHG 배출량[에너지, 산업공정, 농업, 폐기물].xlsx",1.1_observation(측정값),46,
A-011,"GHG 배출량[에너지, 산업공정, 농업, 폐기물]",observation,v124-a-011-obs-00044,A-011_emissions_sector_agriculture,VNM,2013,2013,2013,,,,95.6615127716,Mt CO2eq,,,,,,"[농축수산 부문 기술 (Agriculture & fisheries)] [농업] European Commission, Joint Research Centre (JRC) — EDGAR 「EDGAR GHG_Agriculture」 기준. Mt CO2eq (GWP-100 AR5). IPCC 2006 코드 3.A.1, 3.A.2, 3.C.1, 3.C.2, 3.C.3, 3.C.4, 3.C.5, 3.C.6, 3.C.7.","European Commission, Joint Research Centre (JRC) — EDGAR",https://edgar.jrc.ec.europa.eu/dataset_ghg2025,CC-BY-4.0,"A-011_GHG 배출량[에너지, 산업공정, 농업, 폐기물].xlsx",1.1_observation(측정값),47,
A-011,"GHG 배출량[에너지, 산업공정, 농업, 폐기물]",observation,v124-a-011-obs-00045,A-011_emissions_sector_agriculture,VNM,2014,2014,2014,,,,94.9314068495,Mt CO2eq,,,,,,"[농축수산 부문 기술 (Agriculture & fisheries)] [농업] European Commission, Joint Research Centre (JRC) — EDGAR 「EDGAR GHG_Agriculture」 기준. Mt CO2eq (GWP-100 AR5). IPCC 2006 코드 3.A.1, 3.A.2, 3.C.1, 3.C.2, 3.C.3, 3.C.4, 3.C.5, 3.C.6, 3.C.7.","European Commission, Joint Research Centre (JRC) — EDGAR",https://edgar.jrc.ec.europa.eu/dataset_ghg2025,CC-BY-4.0,"A-011_GHG 배출량[에너지, 산업공정, 농업, 폐기물].xlsx",1.1_observation(측정값),48,
A-011,"GHG 배출량[에너지, 산업공정, 농업, 폐기물]",observation,v124-a-011-obs-00046,A-011_emissions_sector_agriculture,VNM,2015,2015,2015,,,,98.575726065,Mt CO2eq,,,,,,"[농축수산 부문 기술 (Agriculture & fisheries)] [농업] European Commission, Joint Research Centre (JRC) — EDGAR 「EDGAR GHG_Agriculture」 기준. Mt CO2eq (GWP-100 AR5). IPCC 2006 코드 3.A.1, 3.A.2, 3.C.1, 3.C.2, 3.C.3, 3.C.4, 3.C.5, 3.C.6, 3.C.7.","European Commission, Joint Research Centre (JRC) — EDGAR",https://edgar.jrc.ec.europa.eu/dataset_ghg2025,CC-BY-4.0,"A-011_GHG 배출량[에너지, 산업공정, 농업, 폐기물].xlsx",1.1_observation(측정값),49,
A-011,"GHG 배출량[에너지, 산업공정, 농업, 폐기물]",observation,v124-a-011-obs-00047,A-011_emissions_sector_agriculture,VNM,2016,2016,2016,,,,95.4370990516,Mt CO2eq,,,,,,"[농축수산 부문 기술 (Agriculture & fisheries)] [농업] European Commission, Joint Research Centre (JRC) — EDGAR 「EDGAR GHG_Agriculture」 기준. Mt CO2eq (GWP-100 AR5). IPCC 2006 코드 3.A.1, 3.A.2, 3.C.1, 3.C.2, 3.C.3, 3.C.4, 3.C.5, 3.C.6, 3.C.7.","European Commission, Joint Research Centre (JRC) — EDGAR",https://edgar.jrc.ec.europa.eu/dataset_ghg2025,CC-BY-4.0,"A-011_GHG 배출량[에너지, 산업공정, 농업, 폐기물].xlsx",1.1_observation(측정값),50,
A-011,"GHG 배출량[에너지, 산업공정, 농업, 폐기물]",observation,v124-a-011-obs-00048,A-011_emissions_sector_agriculture,VNM,2017,2017,2017,,,,95.5202937034,Mt CO2eq,,,,,,"[농축수산 부문 기술 (Agriculture & fisheries)] [농업] European Commission, Joint Research Centre (JRC) — EDGAR 「EDGAR GHG_Agriculture」 기준. Mt CO2eq (GWP-100 AR5). IPCC 2006 코드 3.A.1, 3.A.2, 3.C.1, 3.C.2, 3.C.3, 3.C.4, 3.C.5, 3.C.6, 3.C.7.","European Commission, Joint Research Centre (JRC) — EDGAR",https://edgar.jrc.ec.europa.eu/dataset_ghg2025,CC-BY-4.0,"A-011_GHG 배출량[에너지, 산업공정, 농업, 폐기물].xlsx",1.1_observation(측정값),51,
A-011,"GHG 배출량[에너지, 산업공정, 농업, 폐기물]",observation,v124-a-011-obs-00049,A-011_emissions_sector_agriculture,VNM,2018,2018,2018,,,,95.4464428297,Mt CO2eq,,,,,,"[농축수산 부문 기술 (Agriculture & fisheries)] [농업] European Commission, Joint Research Centre (JRC) — EDGAR 「EDGAR GHG_Agriculture」 기준. Mt CO2eq (GWP-100 AR5). IPCC 2006 코드 3.A.1, 3.A.2, 3.C.1, 3.C.2, 3.C.3, 3.C.4, 3.C.5, 3.C.6, 3.C.7.","European Commission, Joint Research Centre (JRC) — EDGAR",https://edgar.jrc.ec.europa.eu/dataset_ghg2025,CC-BY-4.0,"A-011_GHG 배출량[에너지, 산업공정, 농업, 폐기물].xlsx",1.1_observation(측정값),52,
A-011,"GHG 배출량[에너지, 산업공정, 농업, 폐기물]",observation,v124-a-011-obs-00050,A-011_emissions_sector_agriculture,VNM,2019,2019,2019,,,,93.7817388485,Mt CO2eq,,,,,,"[농축수산 부문 기술 (Agriculture & fisheries)] [농업] European Commission, Joint Research Centre (JRC) — EDGAR 「EDGAR GHG_Agriculture」 기준. Mt CO2eq (GWP-100 AR5). IPCC 2006 코드 3.A.1, 3.A.2, 3.C.1, 3.C.2, 3.C.3, 3.C.4, 3.C.5, 3.C.6, 3.C.7.","European Commission, Joint Research Centre (JRC) — EDGAR",https://edgar.jrc.ec.europa.eu/dataset_ghg2025,CC-BY-4.0,"A-011_GHG 배출량[에너지, 산업공정, 농업, 폐기물].xlsx",1.1_observation(측정값),53,
A-011,"GHG 배출량[에너지, 산업공정, 농업, 폐기물]",observation,v124-a-011-obs-00051,A-011_emissions_sector_agriculture,VNM,2020,2020,2020,,,,90.0445007602,Mt CO2eq,,,,,,"[농축수산 부문 기술 (Agriculture & fisheries)] [농업] European Commission, Joint Research Centre (JRC) — EDGAR 「EDGAR GHG_Agriculture」 기준. Mt CO2eq (GWP-100 AR5). IPCC 2006 코드 3.A.1, 3.A.2, 3.C.1, 3.C.2, 3.C.3, 3.C.4, 3.C.5, 3.C.6, 3.C.7.","European Commission, Joint Research Centre (JRC) — EDGAR",https://edgar.jrc.ec.europa.eu/dataset_ghg2025,CC-BY-4.0,"A-011_GHG 배출량[에너지, 산업공정, 농업, 폐기물].xlsx",1.1_observation(측정값),54,
A-011,"GHG 배출량[에너지, 산업공정, 농업, 폐기물]",observation,v124-a-011-obs-00052,A-011_emissions_sector_agriculture,VNM,2021,2021,2021,,,,93.7317256317,Mt CO2eq,,,,,,"[농축수산 부문 기술 (Agriculture & fisheries)] [농업] European Commission, Joint Research Centre (JRC) — EDGAR 「EDGAR GHG_Agriculture」 기준. Mt CO2eq (GWP-100 AR5). IPCC 2006 코드 3.A.1, 3.A.2, 3.C.1, 3.C.2, 3.C.3, 3.C.4, 3.C.5, 3.C.6, 3.C.7.","European Commission, Joint Research Centre (JRC) — EDGAR",https://edgar.jrc.ec.europa.eu/dataset_ghg2025,CC-BY-4.0,"A-011_GHG 배출량[에너지, 산업공정, 농업, 폐기물].xlsx",1.1_observation(측정값),55,
A-011,"GHG 배출량[에너지, 산업공정, 농업, 폐기물]",observation,v124-a-011-obs-00053,A-011_emissions_sector_agriculture,VNM,2022,2022,2022,,,,90.8427204174,Mt CO2eq,,,,,,"[농축수산 부문 기술 (Agriculture & fisheries)] [농업] European Commission, Joint Research Centre (JRC) — EDGAR 「EDGAR GHG_Agriculture」 기준. Mt CO2eq (GWP-100 AR5). IPCC 2006 코드 3.A.1, 3.A.2, 3.C.1, 3.C.2, 3.C.3, 3.C.4, 3.C.5, 3.C.6, 3.C.7.","European Commission, Joint Research Centre (JRC) — EDGAR",https://edgar.jrc.ec.europa.eu/dataset_ghg2025,CC-BY-4.0,"A-011_GHG 배출량[에너지, 산업공정, 농업, 폐기물].xlsx",1.1_observation(측정값),56,
A-011,"GHG 배출량[에너지, 산업공정, 농업, 폐기물]",observation,v124-a-011-obs-00054,A-011_emissions_sector_agriculture,VNM,2023,2023,2023,,,,90.8155201903,Mt CO2eq,,,,,,"[농축수산 부문 기술 (Agriculture & fisheries)] [농업] European Commission, Joint Research Centre (JRC) — EDGAR 「EDGAR GHG_Agriculture」 기준. Mt CO2eq (GWP-100 AR5). IPCC 2006 코드 3.A.1, 3.A.2, 3.C.1, 3.C.2, 3.C.3, 3.C.4, 3.C.5, 3.C.6, 3.C.7.","European Commission, Joint Research Centre (JRC) — EDGAR",https://edgar.jrc.ec.europa.eu/dataset_ghg2025,CC-BY-4.0,"A-011_GHG 배출량[에너지, 산업공정, 농업, 폐기물].xlsx",1.1_observation(측정값),57,
A-011,"GHG 배출량[에너지, 산업공정, 농업, 폐기물]",observation,v124-a-011-obs-00055,A-011_emissions_sector_agriculture,VNM,2024,2024,2024,,,,91.1116527988,Mt CO2eq,,,,,,"[농축수산 부문 기술 (Agriculture & fisheries)] [농업] European Commission, Joint Research Centre (JRC) — EDGAR 「EDGAR GHG_Agriculture」 기준. Mt CO2eq (GWP-100 AR5). IPCC 2006 코드 3.A.1, 3.A.2, 3.C.1, 3.C.2, 3.C.3, 3.C.4, 3.C.5, 3.C.6, 3.C.7.","European Commission, Joint Research Centre (JRC) — EDGAR",https://edgar.jrc.ec.europa.eu/dataset_ghg2025,CC-BY-4.0,"A-011_GHG 배출량[에너지, 산업공정, 농업, 폐기물].xlsx",1.1_observation(측정값),58,
A-011,"GHG 배출량[에너지, 산업공정, 농업, 폐기물]",observation,v124-a-011-obs-00056,A-011_emissions_sector_buildings,VNM,1970,1970,1970,,,,14.4685697219,Mt CO2eq,,,,,,"[건물효율 기술 (Building efficiency)] [건물] European Commission, Joint Research Centre (JRC) — EDGAR 「EDGAR_AR5_GHG / IPCC 2006」 기준. Mt CO2eq (GWP-100 AR5). IPCC 2006 코드 1.A.4, 1.A.5.","European Commission, Joint Research Centre (JRC) — EDGAR",https://edgar.jrc.ec.europa.eu/dataset_ghg2025,CC-BY-4.0,"A-011_GHG 배출량[에너지, 산업공정, 농업, 폐기물].xlsx",1.1_observation(측정값),389,
A-011,"GHG 배출량[에너지, 산업공정, 농업, 폐기물]",observation,v124-a-011-obs-00057,A-011_emissions_sector_buildings,VNM,1971,1971,1971,,,,14.4685697219,Mt CO2eq,,,,,,"[건물효율 기술 (Building efficiency)] [건물] European Commission, Joint Research Centre (JRC) — EDGAR 「EDGAR_AR5_GHG / IPCC 2006」 기준. Mt CO2eq (GWP-100 AR5). IPCC 2006 코드 1.A.4, 1.A.5.","European Commission, Joint Research Centre (JRC) — EDGAR",https://edgar.jrc.ec.europa.eu/dataset_ghg2025,CC-BY-4.0,"A-011_GHG 배출량[에너지, 산업공정, 농업, 폐기물].xlsx",1.1_observation(측정값),390,
A-011,"GHG 배출량[에너지, 산업공정, 농업, 폐기물]",observation,v124-a-011-obs-00058,A-011_emissions_sector_buildings,VNM,1972,1972,1972,,,,13.7648437583,Mt CO2eq,,,,,,"[건물효율 기술 (Building efficiency)] [건물] European Commission, Joint Research Centre (JRC) — EDGAR 「EDGAR_AR5_GHG / IPCC 2006」 기준. Mt CO2eq (GWP-100 AR5). IPCC 2006 코드 1.A.4, 1.A.5.","European Commission, Joint Research Centre (JRC) — EDGAR",https://edgar.jrc.ec.europa.eu/dataset_ghg2025,CC-BY-4.0,"A-011_GHG 배출량[에너지, 산업공정, 농업, 폐기물].xlsx",1.1_observation(측정값),391,
A-011,"GHG 배출량[에너지, 산업공정, 농업, 폐기물]",observation,v124-a-011-obs-00059,A-011_emissions_sector_buildings,VNM,1973,1973,1973,,,,15.668968338,Mt CO2eq,,,,,,"[건물효율 기술 (Building efficiency)] [건물] European Commission, Joint Research Centre (JRC) — EDGAR 「EDGAR_AR5_GHG / IPCC 2006」 기준. Mt CO2eq (GWP-100 AR5). IPCC 2006 코드 1.A.4, 1.A.5.","European Commission, Joint Research Centre (JRC) — EDGAR",https://edgar.jrc.ec.europa.eu/dataset_ghg2025,CC-BY-4.0,"A-011_GHG 배출량[에너지, 산업공정, 농업, 폐기물].xlsx",1.1_observation(측정값),392,
A-011,"GHG 배출량[에너지, 산업공정, 농업, 폐기물]",observation,v124-a-011-obs-00060,A-011_emissions_sector_buildings,VNM,1974,1974,1974,,,,13.5526194993,Mt CO2eq,,,,,,"[건물효율 기술 (Building efficiency)] [건물] European Commission, Joint Research Centre (JRC) — EDGAR 「EDGAR_AR5_GHG / IPCC 2006」 기준. Mt CO2eq (GWP-100 AR5). IPCC 2006 코드 1.A.4, 1.A.5.","European Commission, Joint Research Centre (JRC) — EDGAR",https://edgar.jrc.ec.europa.eu/dataset_ghg2025,CC-BY-4.0,"A-011_GHG 배출량[에너지, 산업공정, 농업, 폐기물].xlsx",1.1_observation(측정값),393,
A-011,"GHG 배출량[에너지, 산업공정, 농업, 폐기물]",observation,v124-a-011-obs-00061,A-011_emissions_sector_buildings,VNM,1975,1975,1975,,,,16.1476533225,Mt CO2eq,,,,,,"[건물효율 기술 (Building efficiency)] [건물] European Commission, Joint Research Centre (JRC) — EDGAR 「EDGAR_AR5_GHG / IPCC 2006」 기준. Mt CO2eq (GWP-100 AR5). IPCC 2006 코드 1.A.4, 1.A.5.","European Commission, Joint Research Centre (JRC) — EDGAR",https://edgar.jrc.ec.europa.eu/dataset_ghg2025,CC-BY-4.0,"A-011_GHG 배출량[에너지, 산업공정, 농업, 폐기물].xlsx",1.1_observation(측정값),394,
A-011,"GHG 배출량[에너지, 산업공정, 농업, 폐기물]",observation,v124-a-011-obs-00062,A-011_emissions_sector_buildings,VNM,1976,1976,1976,,,,11.7543908168,Mt CO2eq,,,,,,"[건물효율 기술 (Building efficiency)] [건물] European Commission, Joint Research Centre (JRC) — EDGAR 「EDGAR_AR5_GHG / IPCC 2006」 기준. Mt CO2eq (GWP-100 AR5). IPCC 2006 코드 1.A.4, 1.A.5.","European Commission, Joint Research Centre (JRC) — EDGAR",https://edgar.jrc.ec.europa.eu/dataset_ghg2025,CC-BY-4.0,"A-011_GHG 배출량[에너지, 산업공정, 농업, 폐기물].xlsx",1.1_observation(측정값),395,
A-011,"GHG 배출량[에너지, 산업공정, 농업, 폐기물]",observation,v124-a-011-obs-00063,A-011_emissions_sector_buildings,VNM,1977,1977,1977,,,,12.6605474306,Mt CO2eq,,,,,,"[건물효율 기술 (Building efficiency)] [건물] European Commission, Joint Research Centre (JRC) — EDGAR 「EDGAR_AR5_GHG / IPCC 2006」 기준. Mt CO2eq (GWP-100 AR5). IPCC 2006 코드 1.A.4, 1.A.5.","European Commission, Joint Research Centre (JRC) — EDGAR",https://edgar.jrc.ec.europa.eu/dataset_ghg2025,CC-BY-4.0,"A-011_GHG 배출량[에너지, 산업공정, 농업, 폐기물].xlsx",1.1_observation(측정값),396,
A-011,"GHG 배출량[에너지, 산업공정, 농업, 폐기물]",observation,v124-a-011-obs-00064,A-011_emissions_sector_buildings,VNM,1978,1978,1978,,,,12.9433649358,Mt CO2eq,,,,,,"[건물효율 기술 (Building efficiency)] [건물] European Commission, Joint Research Centre (JRC) — EDGAR 「EDGAR_AR5_GHG / IPCC 2006」 기준. Mt CO2eq (GWP-100 AR5). IPCC 2006 코드 1.A.4, 1.A.5.","European Commission, Joint Research Centre (JRC) — EDGAR",https://edgar.jrc.ec.europa.eu/dataset_ghg2025,CC-BY-4.0,"A-011_GHG 배출량[에너지, 산업공정, 농업, 폐기물].xlsx",1.1_observation(측정값),397,
A-011,"GHG 배출량[에너지, 산업공정, 농업, 폐기물]",observation,v124-a-011-obs-00065,A-011_emissions_sector_buildings,VNM,1979,1979,1979,,,,14.0369648816,Mt CO2eq,,,,,,"[건물효율 기술 (Building efficiency)] [건물] European Commission, Joint Research Centre (JRC) — EDGAR 「EDGAR_AR5_GHG / IPCC 2006」 기준. Mt CO2eq (GWP-100 AR5). IPCC 2006 코드 1.A.4, 1.A.5.","European Commission, Joint Research Centre (JRC) — EDGAR",https://edgar.jrc.ec.europa.eu/dataset_ghg2025,CC-BY-4.0,"A-011_GHG 배출량[에너지, 산업공정, 농업, 폐기물].xlsx",1.1_observation(측정값),398,
A-011,"GHG 배출량[에너지, 산업공정, 농업, 폐기물]",observation,v124-a-011-obs-00066,A-011_emissions_sector_buildings,VNM,1980,1980,1980,,,,7.001660985,Mt CO2eq,,,,,,"[건물효율 기술 (Building efficiency)] [건물] European Commission, Joint Research Centre (JRC) — EDGAR 「EDGAR_AR5_GHG / IPCC 2006」 기준. Mt CO2eq (GWP-100 AR5). IPCC 2006 코드 1.A.4, 1.A.5.","European Commission, Joint Research Centre (JRC) — EDGAR",https://edgar.jrc.ec.europa.eu/dataset_ghg2025,CC-BY-4.0,"A-011_GHG 배출량[에너지, 산업공정, 농업, 폐기물].xlsx",1.1_observation(측정값),399,
A-011,"GHG 배출량[에너지, 산업공정, 농업, 폐기물]",observation,v124-a-011-obs-00067,A-011_emissions_sector_buildings,VNM,1981,1981,1981,,,,7.8090232617,Mt CO2eq,,,,,,"[건물효율 기술 (Building efficiency)] [건물] European Commission, Joint Research Centre (JRC) — EDGAR 「EDGAR_AR5_GHG / IPCC 2006」 기준. Mt CO2eq (GWP-100 AR5). IPCC 2006 코드 1.A.4, 1.A.5.","European Commission, Joint Research Centre (JRC) — EDGAR",https://edgar.jrc.ec.europa.eu/dataset_ghg2025,CC-BY-4.0,"A-011_GHG 배출량[에너지, 산업공정, 농업, 폐기물].xlsx",1.1_observation(측정값),400,
A-011,"GHG 배출량[에너지, 산업공정, 농업, 폐기물]",observation,v124-a-011-obs-00068,A-011_emissions_sector_buildings,VNM,1982,1982,1982,,,,8.2114587428,Mt CO2eq,,,,,,"[건물효율 기술 (Building efficiency)] [건물] European Commission, Joint Research Centre (JRC) — EDGAR 「EDGAR_AR5_GHG / IPCC 2006」 기준. Mt CO2eq (GWP-100 AR5). IPCC 2006 코드 1.A.4, 1.A.5.","European Commission, Joint Research Centre (JRC) — EDGAR",https://edgar.jrc.ec.europa.eu/dataset_ghg2025,CC-BY-4.0,"A-011_GHG 배출량[에너지, 산업공정, 농업, 폐기물].xlsx",1.1_observation(측정값),401,
A-011,"GHG 배출량[에너지, 산업공정, 농업, 폐기물]",observation,v124-a-011-obs-00069,A-011_emissions_sector_buildings,VNM,1983,1983,1983,,,,7.5698279807,Mt CO2eq,,,,,,"[건물효율 기술 (Building efficiency)] [건물] European Commission, Joint Research Centre (JRC) — EDGAR 「EDGAR_AR5_GHG / IPCC 2006」 기준. Mt CO2eq (GWP-100 AR5). IPCC 2006 코드 1.A.4, 1.A.5.","European Commission, Joint Research Centre (JRC) — EDGAR",https://edgar.jrc.ec.europa.eu/dataset_ghg2025,CC-BY-4.0,"A-011_GHG 배출량[에너지, 산업공정, 농업, 폐기물].xlsx",1.1_observation(측정값),402,
A-011,"GHG 배출량[에너지, 산업공정, 농업, 폐기물]",observation,v124-a-011-obs-00070,A-011_emissions_sector_buildings,VNM,1984,1984,1984,,,,6.3934736998,Mt CO2eq,,,,,,"[건물효율 기술 (Building efficiency)] [건물] European Commission, Joint Research Centre (JRC) — EDGAR 「EDGAR_AR5_GHG / IPCC 2006」 기준. Mt CO2eq (GWP-100 AR5). IPCC 2006 코드 1.A.4, 1.A.5.","European Commission, Joint Research Centre (JRC) — EDGAR",https://edgar.jrc.ec.europa.eu/dataset_ghg2025,CC-BY-4.0,"A-011_GHG 배출량[에너지, 산업공정, 농업, 폐기물].xlsx",1.1_observation(측정값),403,
A-011,"GHG 배출량[에너지, 산업공정, 농업, 폐기물]",observation,v124-a-011-obs-00071,A-011_emissions_sector_buildings,VNM,1985,1985,1985,,,,5.3222439285,Mt CO2eq,,,,,,"[건물효율 기술 (Building efficiency)] [건물] European Commission, Joint Research Centre (JRC) — EDGAR 「EDGAR_AR5_GHG / IPCC 2006」 기준. Mt CO2eq (GWP-100 AR5). IPCC 2006 코드 1.A.4, 1.A.5.","European Commission, Joint Research Centre (JRC) — EDGAR",https://edgar.jrc.ec.europa.eu/dataset_ghg2025,CC-BY-4.0,"A-011_GHG 배출량[에너지, 산업공정, 농업, 폐기물].xlsx",1.1_observation(측정값),404,
A-011,"GHG 배출량[에너지, 산업공정, 농업, 폐기물]",observation,v124-a-011-obs-00072,A-011_emissions_sector_buildings,VNM,1986,1986,1986,,,,5.5086771174,Mt CO2eq,,,,,,"[건물효율 기술 (Building efficiency)] [건물] European Commission, Joint Research Centre (JRC) — EDGAR 「EDGAR_AR5_GHG / IPCC 2006」 기준. Mt CO2eq (GWP-100 AR5). IPCC 2006 코드 1.A.4, 1.A.5.","European Commission, Joint Research Centre (JRC) — EDGAR",https://edgar.jrc.ec.europa.eu/dataset_ghg2025,CC-BY-4.0,"A-011_GHG 배출량[에너지, 산업공정, 농업, 폐기물].xlsx",1.1_observation(측정값),405,
A-011,"GHG 배출량[에너지, 산업공정, 농업, 폐기물]",observation,v124-a-011-obs-00073,A-011_emissions_sector_buildings,VNM,1987,1987,1987,,,,6.0577534881,Mt CO2eq,,,,,,"[건물효율 기술 (Building efficiency)] [건물] European Commission, Joint Research Centre (JRC) — EDGAR 「EDGAR_AR5_GHG / IPCC 2006」 기준. Mt CO2eq (GWP-100 AR5). IPCC 2006 코드 1.A.4, 1.A.5.","European Commission, Joint Research Centre (JRC) — EDGAR",https://edgar.jrc.ec.europa.eu/dataset_ghg2025,CC-BY-4.0,"A-011_GHG 배출량[에너지, 산업공정, 농업, 폐기물].xlsx",1.1_observation(측정값),406,
A-011,"GHG 배출량[에너지, 산업공정, 농업, 폐기물]",observation,v124-a-011-obs-00074,A-011_emissions_sector_buildings,VNM,1988,1988,1988,,,,5.7516255682,Mt CO2eq,,,,,,"[건물효율 기술 (Building efficiency)] [건물] European Commission, Joint Research Centre (JRC) — EDGAR 「EDGAR_AR5_GHG / IPCC 2006」 기준. Mt CO2eq (GWP-100 AR5). IPCC 2006 코드 1.A.4, 1.A.5.","European Commission, Joint Research Centre (JRC) — EDGAR",https://edgar.jrc.ec.europa.eu/dataset_ghg2025,CC-BY-4.0,"A-011_GHG 배출량[에너지, 산업공정, 농업, 폐기물].xlsx",1.1_observation(측정값),407,
A-011,"GHG 배출량[에너지, 산업공정, 농업, 폐기물]",observation,v124-a-011-obs-00075,A-011_emissions_sector_buildings,VNM,1989,1989,1989,,,,5.7389405122,Mt CO2eq,,,,,,"[건물효율 기술 (Building efficiency)] [건물] European Commission, Joint Research Centre (JRC) — EDGAR 「EDGAR_AR5_GHG / IPCC 2006」 기준. Mt CO2eq (GWP-100 AR5). IPCC 2006 코드 1.A.4, 1.A.5.","European Commission, Joint Research Centre (JRC) — EDGAR",https://edgar.jrc.ec.europa.eu/dataset_ghg2025,CC-BY-4.0,"A-011_GHG 배출량[에너지, 산업공정, 농업, 폐기물].xlsx",1.1_observation(측정값),408,
A-011,"GHG 배출량[에너지, 산업공정, 농업, 폐기물]",observation,v124-a-011-obs-00076,A-011_emissions_sector_buildings,VNM,1990,1990,1990,,,,6.330577073,Mt CO2eq,,,,,,"[건물효율 기술 (Building efficiency)] [건물] European Commission, Joint Research Centre (JRC) — EDGAR 「EDGAR_AR5_GHG / IPCC 2006」 기준. Mt CO2eq (GWP-100 AR5). IPCC 2006 코드 1.A.4, 1.A.5.","European Commission, Joint Research Centre (JRC) — EDGAR",https://edgar.jrc.ec.europa.eu/dataset_ghg2025,CC-BY-4.0,"A-011_GHG 배출량[에너지, 산업공정, 농업, 폐기물].xlsx",1.1_observation(측정값),409,
A-011,"GHG 배출량[에너지, 산업공정, 농업, 폐기물]",observation,v124-a-011-obs-00077,A-011_emissions_sector_buildings,VNM,1991,1991,1991,,,,7.0244675876,Mt CO2eq,,,,,,"[건물효율 기술 (Building efficiency)] [건물] European Commission, Joint Research Centre (JRC) — EDGAR 「EDGAR_AR5_GHG / IPCC 2006」 기준. Mt CO2eq (GWP-100 AR5). IPCC 2006 코드 1.A.4, 1.A.5.","European Commission, Joint Research Centre (JRC) — EDGAR",https://edgar.jrc.ec.europa.eu/dataset_ghg2025,CC-BY-4.0,"A-011_GHG 배출량[에너지, 산업공정, 농업, 폐기물].xlsx",1.1_observation(측정값),410,
A-011,"GHG 배출량[에너지, 산업공정, 농업, 폐기물]",observation,v124-a-011-obs-00078,A-011_emissions_sector_buildings,VNM,1992,1992,1992,,,,7.3152445238,Mt CO2eq,,,,,,"[건물효율 기술 (Building efficiency)] [건물] European Commission, Joint Research Centre (JRC) — EDGAR 「EDGAR_AR5_GHG / IPCC 2006」 기준. Mt CO2eq (GWP-100 AR5). IPCC 2006 코드 1.A.4, 1.A.5.","European Commission, Joint Research Centre (JRC) — EDGAR",https://edgar.jrc.ec.europa.eu/dataset_ghg2025,CC-BY-4.0,"A-011_GHG 배출량[에너지, 산업공정, 농업, 폐기물].xlsx",1.1_observation(측정값),411,
A-011,"GHG 배출량[에너지, 산업공정, 농업, 폐기물]",observation,v124-a-011-obs-00079,A-011_emissions_sector_buildings,VNM,1993,1993,1993,,,,8.298033294,Mt CO2eq,,,,,,"[건물효율 기술 (Building efficiency)] [건물] European Commission, Joint Research Centre (JRC) — EDGAR 「EDGAR_AR5_GHG / IPCC 2006」 기준. Mt CO2eq (GWP-100 AR5). IPCC 2006 코드 1.A.4, 1.A.5.","European Commission, Joint Research Centre (JRC) — EDGAR",https://edgar.jrc.ec.europa.eu/dataset_ghg2025,CC-BY-4.0,"A-011_GHG 배출량[에너지, 산업공정, 농업, 폐기물].xlsx",1.1_observation(측정값),412,
A-011,"GHG 배출량[에너지, 산업공정, 농업, 폐기물]",observation,v124-a-011-obs-00080,A-011_emissions_sector_buildings,VNM,1994,1994,1994,,,,8.5550071119,Mt CO2eq,,,,,,"[건물효율 기술 (Building efficiency)] [건물] European Commission, Joint Research Centre (JRC) — EDGAR 「EDGAR_AR5_GHG / IPCC 2006」 기준. Mt CO2eq (GWP-100 AR5). IPCC 2006 코드 1.A.4, 1.A.5.","European Commission, Joint Research Centre (JRC) — EDGAR",https://edgar.jrc.ec.europa.eu/dataset_ghg2025,CC-BY-4.0,"A-011_GHG 배출량[에너지, 산업공정, 농업, 폐기물].xlsx",1.1_observation(측정값),413,
A-011,"GHG 배출량[에너지, 산업공정, 농업, 폐기물]",observation,v124-a-011-obs-00081,A-011_emissions_sector_buildings,VNM,1995,1995,1995,,,,9.1022024932,Mt CO2eq,,,,,,"[건물효율 기술 (Building efficiency)] [건물] European Commission, Joint Research Centre (JRC) — EDGAR 「EDGAR_AR5_GHG / IPCC 2006」 기준. Mt CO2eq (GWP-100 AR5). IPCC 2006 코드 1.A.4, 1.A.5.","European Commission, Joint Research Centre (JRC) — EDGAR",https://edgar.jrc.ec.europa.eu/dataset_ghg2025,CC-BY-4.0,"A-011_GHG 배출량[에너지, 산업공정, 농업, 폐기물].xlsx",1.1_observation(측정값),414,
A-011,"GHG 배출량[에너지, 산업공정, 농업, 폐기물]",observation,v124-a-011-obs-00082,A-011_emissions_sector_buildings,VNM,1996,1996,1996,,,,10.1347094712,Mt CO2eq,,,,,,"[건물효율 기술 (Building efficiency)] [건물] European Commission, Joint Research Centre (JRC) — EDGAR 「EDGAR_AR5_GHG / IPCC 2006」 기준. Mt CO2eq (GWP-100 AR5). IPCC 2006 코드 1.A.4, 1.A.5.","European Commission, Joint Research Centre (JRC) — EDGAR",https://edgar.jrc.ec.europa.eu/dataset_ghg2025,CC-BY-4.0,"A-011_GHG 배출량[에너지, 산업공정, 농업, 폐기물].xlsx",1.1_observation(측정값),415,
A-011,"GHG 배출량[에너지, 산업공정, 농업, 폐기물]",observation,v124-a-011-obs-00083,A-011_emissions_sector_buildings,VNM,1997,1997,1997,,,,10.34274436,Mt CO2eq,,,,,,"[건물효율 기술 (Building efficiency)] [건물] European Commission, Joint Research Centre (JRC) — EDGAR 「EDGAR_AR5_GHG / IPCC 2006」 기준. Mt CO2eq (GWP-100 AR5). IPCC 2006 코드 1.A.4, 1.A.5.","European Commission, Joint Research Centre (JRC) — EDGAR",https://edgar.jrc.ec.europa.eu/dataset_ghg2025,CC-BY-4.0,"A-011_GHG 배출량[에너지, 산업공정, 농업, 폐기물].xlsx",1.1_observation(측정값),416,
A-011,"GHG 배출량[에너지, 산업공정, 농업, 폐기물]",observation,v124-a-011-obs-00084,A-011_emissions_sector_buildings,VNM,1998,1998,1998,,,,10.9500324027,Mt CO2eq,,,,,,"[건물효율 기술 (Building efficiency)] [건물] European Commission, Joint Research Centre (JRC) — EDGAR 「EDGAR_AR5_GHG / IPCC 2006」 기준. Mt CO2eq (GWP-100 AR5). IPCC 2006 코드 1.A.4, 1.A.5.","European Commission, Joint Research Centre (JRC) — EDGAR",https://edgar.jrc.ec.europa.eu/dataset_ghg2025,CC-BY-4.0,"A-011_GHG 배출량[에너지, 산업공정, 농업, 폐기물].xlsx",1.1_observation(측정값),417,
A-011,"GHG 배출량[에너지, 산업공정, 농업, 폐기물]",observation,v124-a-011-obs-00085,A-011_emissions_sector_buildings,VNM,1999,1999,1999,,,,11.2652873505,Mt CO2eq,,,,,,"[건물효율 기술 (Building efficiency)] [건물] European Commission, Joint Research Centre (JRC) — EDGAR 「EDGAR_AR5_GHG / IPCC 2006」 기준. Mt CO2eq (GWP-100 AR5). IPCC 2006 코드 1.A.4, 1.A.5.","European Commission, Joint Research Centre (JRC) — EDGAR",https://edgar.jrc.ec.europa.eu/dataset_ghg2025,CC-BY-4.0,"A-011_GHG 배출량[에너지, 산업공정, 농업, 폐기물].xlsx",1.1_observation(측정값),418,
A-011,"GHG 배출량[에너지, 산업공정, 농업, 폐기물]",observation,v124-a-011-obs-00086,A-011_emissions_sector_buildings,VNM,2000,2000,2000,,,,12.0117729608,Mt CO2eq,,,,,,"[건물효율 기술 (Building efficiency)] [건물] European Commission, Joint Research Centre (JRC) — EDGAR 「EDGAR_AR5_GHG / IPCC 2006」 기준. Mt CO2eq (GWP-100 AR5). IPCC 2006 코드 1.A.4, 1.A.5.","European Commission, Joint Research Centre (JRC) — EDGAR",https://edgar.jrc.ec.europa.eu/dataset_ghg2025,CC-BY-4.0,"A-011_GHG 배출량[에너지, 산업공정, 농업, 폐기물].xlsx",1.1_observation(측정값),419,
A-011,"GHG 배출량[에너지, 산업공정, 농업, 폐기물]",observation,v124-a-011-obs-00087,A-011_emissions_sector_buildings,VNM,2001,2001,2001,,,,13.064610214,Mt CO2eq,,,,,,"[건물효율 기술 (Building efficiency)] [건물] European Commission, Joint Research Centre (JRC) — EDGAR 「EDGAR_AR5_GHG / IPCC 2006」 기준. Mt CO2eq (GWP-100 AR5). IPCC 2006 코드 1.A.4, 1.A.5.","European Commission, Joint Research Centre (JRC) — EDGAR",https://edgar.jrc.ec.europa.eu/dataset_ghg2025,CC-BY-4.0,"A-011_GHG 배출량[에너지, 산업공정, 농업, 폐기물].xlsx",1.1_observation(측정값),420,
A-011,"GHG 배출량[에너지, 산업공정, 농업, 폐기물]",observation,v124-a-011-obs-00088,A-011_emissions_sector_buildings,VNM,2002,2002,2002,,,,13.8505945331,Mt CO2eq,,,,,,"[건물효율 기술 (Building efficiency)] [건물] European Commission, Joint Research Centre (JRC) — EDGAR 「EDGAR_AR5_GHG / IPCC 2006」 기준. Mt CO2eq (GWP-100 AR5). IPCC 2006 코드 1.A.4, 1.A.5.","European Commission, Joint Research Centre (JRC) — EDGAR",https://edgar.jrc.ec.europa.eu/dataset_ghg2025,CC-BY-4.0,"A-011_GHG 배출량[에너지, 산업공정, 농업, 폐기물].xlsx",1.1_observation(측정값),421,
A-011,"GHG 배출량[에너지, 산업공정, 농업, 폐기물]",observation,v124-a-011-obs-00089,A-011_emissions_sector_buildings,VNM,2003,2003,2003,,,,13.9341423896,Mt CO2eq,,,,,,"[건물효율 기술 (Building efficiency)] [건물] European Commission, Joint Research Centre (JRC) — EDGAR 「EDGAR_AR5_GHG / IPCC 2006」 기준. Mt CO2eq (GWP-100 AR5). IPCC 2006 코드 1.A.4, 1.A.5.","European Commission, Joint Research Centre (JRC) — EDGAR",https://edgar.jrc.ec.europa.eu/dataset_ghg2025,CC-BY-4.0,"A-011_GHG 배출량[에너지, 산업공정, 농업, 폐기물].xlsx",1.1_observation(측정값),422,
A-011,"GHG 배출량[에너지, 산업공정, 농업, 폐기물]",observation,v124-a-011-obs-00090,A-011_emissions_sector_buildings,VNM,2004,2004,2004,,,,15.7611027891,Mt CO2eq,,,,,,"[건물효율 기술 (Building efficiency)] [건물] European Commission, Joint Research Centre (JRC) — EDGAR 「EDGAR_AR5_GHG / IPCC 2006」 기준. Mt CO2eq (GWP-100 AR5). IPCC 2006 코드 1.A.4, 1.A.5.","European Commission, Joint Research Centre (JRC) — EDGAR",https://edgar.jrc.ec.europa.eu/dataset_ghg2025,CC-BY-4.0,"A-011_GHG 배출량[에너지, 산업공정, 농업, 폐기물].xlsx",1.1_observation(측정값),423,
A-011,"GHG 배출량[에너지, 산업공정, 농업, 폐기물]",observation,v124-a-011-obs-00091,A-011_emissions_sector_buildings,VNM,2005,2005,2005,,,,16.3080644025,Mt CO2eq,,,,,,"[건물효율 기술 (Building efficiency)] [건물] European Commission, Joint Research Centre (JRC) — EDGAR 「EDGAR_AR5_GHG / IPCC 2006」 기준. Mt CO2eq (GWP-100 AR5). IPCC 2006 코드 1.A.4, 1.A.5.","European Commission, Joint Research Centre (JRC) — EDGAR",https://edgar.jrc.ec.europa.eu/dataset_ghg2025,CC-BY-4.0,"A-011_GHG 배출량[에너지, 산업공정, 농업, 폐기물].xlsx",1.1_observation(측정값),424,
A-011,"GHG 배출량[에너지, 산업공정, 농업, 폐기물]",observation,v124-a-011-obs-00092,A-011_emissions_sector_buildings,VNM,2006,2006,2006,,,,16.1544078627,Mt CO2eq,,,,,,"[건물효율 기술 (Building efficiency)] [건물] European Commission, Joint Research Centre (JRC) — EDGAR 「EDGAR_AR5_GHG / IPCC 2006」 기준. Mt CO2eq (GWP-100 AR5). IPCC 2006 코드 1.A.4, 1.A.5.","European Commission, Joint Research Centre (JRC) — EDGAR",https://edgar.jrc.ec.europa.eu/dataset_ghg2025,CC-BY-4.0,"A-011_GHG 배출량[에너지, 산업공정, 농업, 폐기물].xlsx",1.1_observation(측정값),425,
A-011,"GHG 배출량[에너지, 산업공정, 농업, 폐기물]",observation,v124-a-011-obs-00093,A-011_emissions_sector_buildings,VNM,2007,2007,2007,,,,16.3725174105,Mt CO2eq,,,,,,"[건물효율 기술 (Building efficiency)] [건물] European Commission, Joint Research Centre (JRC) — EDGAR 「EDGAR_AR5_GHG / IPCC 2006」 기준. Mt CO2eq (GWP-100 AR5). IPCC 2006 코드 1.A.4, 1.A.5.","European Commission, Joint Research Centre (JRC) — EDGAR",https://edgar.jrc.ec.europa.eu/dataset_ghg2025,CC-BY-4.0,"A-011_GHG 배출량[에너지, 산업공정, 농업, 폐기물].xlsx",1.1_observation(측정값),426,
A-011,"GHG 배출량[에너지, 산업공정, 농업, 폐기물]",observation,v124-a-011-obs-00094,A-011_emissions_sector_buildings,VNM,2008,2008,2008,,,,16.4555572411,Mt CO2eq,,,,,,"[건물효율 기술 (Building efficiency)] [건물] European Commission, Joint Research Centre (JRC) — EDGAR 「EDGAR_AR5_GHG / IPCC 2006」 기준. Mt CO2eq (GWP-100 AR5). IPCC 2006 코드 1.A.4, 1.A.5.","European Commission, Joint Research Centre (JRC) — EDGAR",https://edgar.jrc.ec.europa.eu/dataset_ghg2025,CC-BY-4.0,"A-011_GHG 배출량[에너지, 산업공정, 농업, 폐기물].xlsx",1.1_observation(측정값),427,
A-011,"GHG 배출량[에너지, 산업공정, 농업, 폐기물]",observation,v124-a-011-obs-00095,A-011_emissions_sector_buildings,VNM,2009,2009,2009,,,,16.658090348,Mt CO2eq,,,,,,"[건물효율 기술 (Building efficiency)] [건물] European Commission, Joint Research Centre (JRC) — EDGAR 「EDGAR_AR5_GHG / IPCC 2006」 기준. Mt CO2eq (GWP-100 AR5). IPCC 2006 코드 1.A.4, 1.A.5.","European Commission, Joint Research Centre (JRC) — EDGAR",https://edgar.jrc.ec.europa.eu/dataset_ghg2025,CC-BY-4.0,"A-011_GHG 배출량[에너지, 산업공정, 농업, 폐기물].xlsx",1.1_observation(측정값),428,
A-011,"GHG 배출량[에너지, 산업공정, 농업, 폐기물]",observation,v124-a-011-obs-00096,A-011_emissions_sector_buildings,VNM,2010,2010,2010,,,,17.5113693697,Mt CO2eq,,,,,,"[건물효율 기술 (Building efficiency)] [건물] European Commission, Joint Research Centre (JRC) — EDGAR 「EDGAR_AR5_GHG / IPCC 2006」 기준. Mt CO2eq (GWP-100 AR5). IPCC 2006 코드 1.A.4, 1.A.5.","European Commission, Joint Research Centre (JRC) — EDGAR",https://edgar.jrc.ec.europa.eu/dataset_ghg2025,CC-BY-4.0,"A-011_GHG 배출량[에너지, 산업공정, 농업, 폐기물].xlsx",1.1_observation(측정값),429,
A-011,"GHG 배출량[에너지, 산업공정, 농업, 폐기물]",observation,v124-a-011-obs-00097,A-011_emissions_sector_buildings,VNM,2011,2011,2011,,,,17.2275295576,Mt CO2eq,,,,,,"[건물효율 기술 (Building efficiency)] [건물] European Commission, Joint Research Centre (JRC) — EDGAR 「EDGAR_AR5_GHG / IPCC 2006」 기준. Mt CO2eq (GWP-100 AR5). IPCC 2006 코드 1.A.4, 1.A.5.","European Commission, Joint Research Centre (JRC) — EDGAR",https://edgar.jrc.ec.europa.eu/dataset_ghg2025,CC-BY-4.0,"A-011_GHG 배출량[에너지, 산업공정, 농업, 폐기물].xlsx",1.1_observation(측정값),430,
A-011,"GHG 배출량[에너지, 산업공정, 농업, 폐기물]",observation,v124-a-011-obs-00098,A-011_emissions_sector_buildings,VNM,2012,2012,2012,,,,16.2958074009,Mt CO2eq,,,,,,"[건물효율 기술 (Building efficiency)] [건물] European Commission, Joint Research Centre (JRC) — EDGAR 「EDGAR_AR5_GHG / IPCC 2006」 기준. Mt CO2eq (GWP-100 AR5). IPCC 2006 코드 1.A.4, 1.A.5.","European Commission, Joint Research Centre (JRC) — EDGAR",https://edgar.jrc.ec.europa.eu/dataset_ghg2025,CC-BY-4.0,"A-011_GHG 배출량[에너지, 산업공정, 농업, 폐기물].xlsx",1.1_observation(측정값),431,
A-011,"GHG 배출량[에너지, 산업공정, 농업, 폐기물]",observation,v124-a-011-obs-00099,A-011_emissions_sector_buildings,VNM,2013,2013,2013,,,,17.1733896818,Mt CO2eq,,,,,,"[건물효율 기술 (Building efficiency)] [건물] European Commission, Joint Research Centre (JRC) — EDGAR 「EDGAR_AR5_GHG / IPCC 2006」 기준. Mt CO2eq (GWP-100 AR5). IPCC 2006 코드 1.A.4, 1.A.5.","European Commission, Joint Research Centre (JRC) — EDGAR",https://edgar.jrc.ec.europa.eu/dataset_ghg2025,CC-BY-4.0,"A-011_GHG 배출량[에너지, 산업공정, 농업, 폐기물].xlsx",1.1_observation(측정값),432,
A-011,"GHG 배출량[에너지, 산업공정, 농업, 폐기물]",observation,v124-a-011-obs-00100,A-011_emissions_sector_buildings,VNM,2014,2014,2014,,,,16.8216462201,Mt CO2eq,,,,,,"[건물효율 기술 (Building efficiency)] [건물] European Commission, Joint Research Centre (JRC) — EDGAR 「EDGAR_AR5_GHG / IPCC 2006」 기준. Mt CO2eq (GWP-100 AR5). IPCC 2006 코드 1.A.4, 1.A.5.","European Commission, Joint Research Centre (JRC) — EDGAR",https://edgar.jrc.ec.europa.eu/dataset_ghg2025,CC-BY-4.0,"A-011_GHG 배출량[에너지, 산업공정, 농업, 폐기물].xlsx",1.1_observation(측정값),433,
A-011,"GHG 배출량[에너지, 산업공정, 농업, 폐기물]",observation,v124-a-011-obs-00101,A-011_emissions_sector_buildings,VNM,2015,2015,2015,,,,17.5546746392,Mt CO2eq,,,,,,"[건물효율 기술 (Building efficiency)] [건물] European Commission, Joint Research Centre (JRC) — EDGAR 「EDGAR_AR5_GHG / IPCC 2006」 기준. Mt CO2eq (GWP-100 AR5). IPCC 2006 코드 1.A.4, 1.A.5.","European Commission, Joint Research Centre (JRC) — EDGAR",https://edgar.jrc.ec.europa.eu/dataset_ghg2025,CC-BY-4.0,"A-011_GHG 배출량[에너지, 산업공정, 농업, 폐기물].xlsx",1.1_observation(측정값),434,
A-011,"GHG 배출량[에너지, 산업공정, 농업, 폐기물]",observation,v124-a-011-obs-00102,A-011_emissions_sector_buildings,VNM,2016,2016,2016,,,,16.8819772019,Mt CO2eq,,,,,,"[건물효율 기술 (Building efficiency)] [건물] European Commission, Joint Research Centre (JRC) — EDGAR 「EDGAR_AR5_GHG / IPCC 2006」 기준. Mt CO2eq (GWP-100 AR5). IPCC 2006 코드 1.A.4, 1.A.5.","European Commission, Joint Research Centre (JRC) — EDGAR",https://edgar.jrc.ec.europa.eu/dataset_ghg2025,CC-BY-4.0,"A-011_GHG 배출량[에너지, 산업공정, 농업, 폐기물].xlsx",1.1_observation(측정값),435,
A-011,"GHG 배출량[에너지, 산업공정, 농업, 폐기물]",observation,v124-a-011-obs-00103,A-011_emissions_sector_buildings,VNM,2017,2017,2017,,,,17.6718634039,Mt CO2eq,,,,,,"[건물효율 기술 (Building efficiency)] [건물] European Commission, Joint Research Centre (JRC) — EDGAR 「EDGAR_AR5_GHG / IPCC 2006」 기준. Mt CO2eq (GWP-100 AR5). IPCC 2006 코드 1.A.4, 1.A.5.","European Commission, Joint Research Centre (JRC) — EDGAR",https://edgar.jrc.ec.europa.eu/dataset_ghg2025,CC-BY-4.0,"A-011_GHG 배출량[에너지, 산업공정, 농업, 폐기물].xlsx",1.1_observation(측정값),436,
A-011,"GHG 배출량[에너지, 산업공정, 농업, 폐기물]",observation,v124-a-011-obs-00104,A-011_emissions_sector_buildings,VNM,2018,2018,2018,,,,17.4534623982,Mt CO2eq,,,,,,"[건물효율 기술 (Building efficiency)] [건물] European Commission, Joint Research Centre (JRC) — EDGAR 「EDGAR_AR5_GHG / IPCC 2006」 기준. Mt CO2eq (GWP-100 AR5). IPCC 2006 코드 1.A.4, 1.A.5.","European Commission, Joint Research Centre (JRC) — EDGAR",https://edgar.jrc.ec.europa.eu/dataset_ghg2025,CC-BY-4.0,"A-011_GHG 배출량[에너지, 산업공정, 농업, 폐기물].xlsx",1.1_observation(측정값),437,
A-011,"GHG 배출량[에너지, 산업공정, 농업, 폐기물]",observation,v124-a-011-obs-00105,A-011_emissions_sector_buildings,VNM,2019,2019,2019,,,,17.2885671903,Mt CO2eq,,,,,,"[건물효율 기술 (Building efficiency)] [건물] European Commission, Joint Research Centre (JRC) — EDGAR 「EDGAR_AR5_GHG / IPCC 2006」 기준. Mt CO2eq (GWP-100 AR5). IPCC 2006 코드 1.A.4, 1.A.5.","European Commission, Joint Research Centre (JRC) — EDGAR",https://edgar.jrc.ec.europa.eu/dataset_ghg2025,CC-BY-4.0,"A-011_GHG 배출량[에너지, 산업공정, 농업, 폐기물].xlsx",1.1_observation(측정값),438,
A-011,"GHG 배출량[에너지, 산업공정, 농업, 폐기물]",observation,v124-a-011-obs-00106,A-011_emissions_sector_buildings,VNM,2020,2020,2020,,,,16.3581902413,Mt CO2eq,,,,,,"[건물효율 기술 (Building efficiency)] [건물] European Commission, Joint Research Centre (JRC) — EDGAR 「EDGAR_AR5_GHG / IPCC 2006」 기준. Mt CO2eq (GWP-100 AR5). IPCC 2006 코드 1.A.4, 1.A.5.","European Commission, Joint Research Centre (JRC) — EDGAR",https://edgar.jrc.ec.europa.eu/dataset_ghg2025,CC-BY-4.0,"A-011_GHG 배출량[에너지, 산업공정, 농업, 폐기물].xlsx",1.1_observation(측정값),439,
A-011,"GHG 배출량[에너지, 산업공정, 농업, 폐기물]",observation,v124-a-011-obs-00107,A-011_emissions_sector_buildings,VNM,2021,2021,2021,,,,16.0289850637,Mt CO2eq,,,,,,"[건물효율 기술 (Building efficiency)] [건물] European Commission, Joint Research Centre (JRC) — EDGAR 「EDGAR_AR5_GHG / IPCC 2006」 기준. Mt CO2eq (GWP-100 AR5). IPCC 2006 코드 1.A.4, 1.A.5.","European Commission, Joint Research Centre (JRC) — EDGAR",https://edgar.jrc.ec.europa.eu/dataset_ghg2025,CC-BY-4.0,"A-011_GHG 배출량[에너지, 산업공정, 농업, 폐기물].xlsx",1.1_observation(측정값),440,
A-011,"GHG 배출량[에너지, 산업공정, 농업, 폐기물]",observation,v124-a-011-obs-00108,A-011_emissions_sector_buildings,VNM,2022,2022,2022,,,,16.0078195886,Mt CO2eq,,,,,,"[건물효율 기술 (Building efficiency)] [건물] European Commission, Joint Research Centre (JRC) — EDGAR 「EDGAR_AR5_GHG / IPCC 2006」 기준. Mt CO2eq (GWP-100 AR5). IPCC 2006 코드 1.A.4, 1.A.5.","European Commission, Joint Research Centre (JRC) — EDGAR",https://edgar.jrc.ec.europa.eu/dataset_ghg2025,CC-BY-4.0,"A-011_GHG 배출량[에너지, 산업공정, 농업, 폐기물].xlsx",1.1_observation(측정값),441,
A-011,"GHG 배출량[에너지, 산업공정, 농업, 폐기물]",observation,v124-a-011-obs-00109,A-011_emissions_sector_buildings,VNM,2023,2023,2023,,,,17.2120313599,Mt CO2eq,,,,,,"[건물효율 기술 (Building efficiency)] [건물] European Commission, Joint Research Centre (JRC) — EDGAR 「EDGAR_AR5_GHG / IPCC 2006」 기준. Mt CO2eq (GWP-100 AR5). IPCC 2006 코드 1.A.4, 1.A.5.","European Commission, Joint Research Centre (JRC) — EDGAR",https://edgar.jrc.ec.europa.eu/dataset_ghg2025,CC-BY-4.0,"A-011_GHG 배출량[에너지, 산업공정, 농업, 폐기물].xlsx",1.1_observation(측정값),442,
A-011,"GHG 배출량[에너지, 산업공정, 농업, 폐기물]",observation,v124-a-011-obs-00110,A-011_emissions_sector_buildings,VNM,2024,2024,2024,,,,18.4521548602,Mt CO2eq,,,,,,"[건물효율 기술 (Building efficiency)] [건물] European Commission, Joint Research Centre (JRC) — EDGAR 「EDGAR_AR5_GHG / IPCC 2006」 기준. Mt CO2eq (GWP-100 AR5). IPCC 2006 코드 1.A.4, 1.A.5.","European Commission, Joint Research Centre (JRC) — EDGAR",https://edgar.jrc.ec.europa.eu/dataset_ghg2025,CC-BY-4.0,"A-011_GHG 배출량[에너지, 산업공정, 농업, 폐기물].xlsx",1.1_observation(측정값),443,
A-011,"GHG 배출량[에너지, 산업공정, 농업, 폐기물]",observation,v124-a-011-obs-00111,A-011_emissions_sector_fuel_exploitation,VNM,1970,1970,1970,,,,2.0252077202,Mt CO2eq,,,,,,"[메탄(CH4) 처리 기술 (Methane abatement)] [연료 채굴·수송 누출] European Commission, Joint Research Centre (JRC) — EDGAR 「EDGAR_AR5_GHG / IPCC 2006」 기준. Mt CO2eq (GWP-100 AR5). IPCC 2006 코드 1.B.1, 1.B.2, 1.B.3, 1.C.","European Commission, Joint Research Centre (JRC) — EDGAR",https://edgar.jrc.ec.europa.eu/dataset_ghg2025,CC-BY-4.0,"A-011_GHG 배출량[에너지, 산업공정, 농업, 폐기물].xlsx",1.1_observation(측정값),334,
A-011,"GHG 배출량[에너지, 산업공정, 농업, 폐기물]",observation,v124-a-011-obs-00112,A-011_emissions_sector_fuel_exploitation,VNM,1971,1971,1971,,,,2.0233284258,Mt CO2eq,,,,,,"[메탄(CH4) 처리 기술 (Methane abatement)] [연료 채굴·수송 누출] European Commission, Joint Research Centre (JRC) — EDGAR 「EDGAR_AR5_GHG / IPCC 2006」 기준. Mt CO2eq (GWP-100 AR5). IPCC 2006 코드 1.B.1, 1.B.2, 1.B.3, 1.C.","European Commission, Joint Research Centre (JRC) — EDGAR",https://edgar.jrc.ec.europa.eu/dataset_ghg2025,CC-BY-4.0,"A-011_GHG 배출량[에너지, 산업공정, 농업, 폐기물].xlsx",1.1_observation(측정값),335,
A-011,"GHG 배출량[에너지, 산업공정, 농업, 폐기물]",observation,v124-a-011-obs-00113,A-011_emissions_sector_fuel_exploitation,VNM,1972,1972,1972,,,,1.581960796,Mt CO2eq,,,,,,"[메탄(CH4) 처리 기술 (Methane abatement)] [연료 채굴·수송 누출] European Commission, Joint Research Centre (JRC) — EDGAR 「EDGAR_AR5_GHG / IPCC 2006」 기준. Mt CO2eq (GWP-100 AR5). IPCC 2006 코드 1.B.1, 1.B.2, 1.B.3, 1.C.","European Commission, Joint Research Centre (JRC) — EDGAR",https://edgar.jrc.ec.europa.eu/dataset_ghg2025,CC-BY-4.0,"A-011_GHG 배출량[에너지, 산업공정, 농업, 폐기물].xlsx",1.1_observation(측정값),336,
A-011,"GHG 배출량[에너지, 산업공정, 농업, 폐기물]",observation,v124-a-011-obs-00114,A-011_emissions_sector_fuel_exploitation,VNM,1973,1973,1973,,,,2.0431981309,Mt CO2eq,,,,,,"[메탄(CH4) 처리 기술 (Methane abatement)] [연료 채굴·수송 누출] European Commission, Joint Research Centre (JRC) — EDGAR 「EDGAR_AR5_GHG / IPCC 2006」 기준. Mt CO2eq (GWP-100 AR5). IPCC 2006 코드 1.B.1, 1.B.2, 1.B.3, 1.C.","European Commission, Joint Research Centre (JRC) — EDGAR",https://edgar.jrc.ec.europa.eu/dataset_ghg2025,CC-BY-4.0,"A-011_GHG 배출량[에너지, 산업공정, 농업, 폐기물].xlsx",1.1_observation(측정값),337,
A-011,"GHG 배출량[에너지, 산업공정, 농업, 폐기물]",observation,v124-a-011-obs-00115,A-011_emissions_sector_fuel_exploitation,VNM,1974,1974,1974,,,,2.5132959199,Mt CO2eq,,,,,,"[메탄(CH4) 처리 기술 (Methane abatement)] [연료 채굴·수송 누출] European Commission, Joint Research Centre (JRC) — EDGAR 「EDGAR_AR5_GHG / IPCC 2006」 기준. Mt CO2eq (GWP-100 AR5). IPCC 2006 코드 1.B.1, 1.B.2, 1.B.3, 1.C.","European Commission, Joint Research Centre (JRC) — EDGAR",https://edgar.jrc.ec.europa.eu/dataset_ghg2025,CC-BY-4.0,"A-011_GHG 배출량[에너지, 산업공정, 농업, 폐기물].xlsx",1.1_observation(측정값),338,
A-011,"GHG 배출량[에너지, 산업공정, 농업, 폐기물]",observation,v124-a-011-obs-00116,A-011_emissions_sector_fuel_exploitation,VNM,1975,1975,1975,,,,3.069475184,Mt CO2eq,,,,,,"[메탄(CH4) 처리 기술 (Methane abatement)] [연료 채굴·수송 누출] European Commission, Joint Research Centre (JRC) — EDGAR 「EDGAR_AR5_GHG / IPCC 2006」 기준. Mt CO2eq (GWP-100 AR5). IPCC 2006 코드 1.B.1, 1.B.2, 1.B.3, 1.C.","European Commission, Joint Research Centre (JRC) — EDGAR",https://edgar.jrc.ec.europa.eu/dataset_ghg2025,CC-BY-4.0,"A-011_GHG 배출량[에너지, 산업공정, 농업, 폐기물].xlsx",1.1_observation(측정값),339,
A-011,"GHG 배출량[에너지, 산업공정, 농업, 폐기물]",observation,v124-a-011-obs-00117,A-011_emissions_sector_fuel_exploitation,VNM,1976,1976,1976,,,,3.2728416131,Mt CO2eq,,,,,,"[메탄(CH4) 처리 기술 (Methane abatement)] [연료 채굴·수송 누출] European Commission, Joint Research Centre (JRC) — EDGAR 「EDGAR_AR5_GHG / IPCC 2006」 기준. Mt CO2eq (GWP-100 AR5). IPCC 2006 코드 1.B.1, 1.B.2, 1.B.3, 1.C.","European Commission, Joint Research Centre (JRC) — EDGAR",https://edgar.jrc.ec.europa.eu/dataset_ghg2025,CC-BY-4.0,"A-011_GHG 배출량[에너지, 산업공정, 농업, 폐기물].xlsx",1.1_observation(측정값),340,
A-011,"GHG 배출량[에너지, 산업공정, 농업, 폐기물]",observation,v124-a-011-obs-00118,A-011_emissions_sector_fuel_exploitation,VNM,1977,1977,1977,,,,3.5638875495,Mt CO2eq,,,,,,"[메탄(CH4) 처리 기술 (Methane abatement)] [연료 채굴·수송 누출] European Commission, Joint Research Centre (JRC) — EDGAR 「EDGAR_AR5_GHG / IPCC 2006」 기준. Mt CO2eq (GWP-100 AR5). IPCC 2006 코드 1.B.1, 1.B.2, 1.B.3, 1.C.","European Commission, Joint Research Centre (JRC) — EDGAR",https://edgar.jrc.ec.europa.eu/dataset_ghg2025,CC-BY-4.0,"A-011_GHG 배출량[에너지, 산업공정, 농업, 폐기물].xlsx",1.1_observation(측정값),341,
A-011,"GHG 배출량[에너지, 산업공정, 농업, 폐기물]",observation,v124-a-011-obs-00119,A-011_emissions_sector_fuel_exploitation,VNM,1978,1978,1978,,,,3.491711845,Mt CO2eq,,,,,,"[메탄(CH4) 처리 기술 (Methane abatement)] [연료 채굴·수송 누출] European Commission, Joint Research Centre (JRC) — EDGAR 「EDGAR_AR5_GHG / IPCC 2006」 기준. Mt CO2eq (GWP-100 AR5). IPCC 2006 코드 1.B.1, 1.B.2, 1.B.3, 1.C.","European Commission, Joint Research Centre (JRC) — EDGAR",https://edgar.jrc.ec.europa.eu/dataset_ghg2025,CC-BY-4.0,"A-011_GHG 배출량[에너지, 산업공정, 농업, 폐기물].xlsx",1.1_observation(측정값),342,
A-011,"GHG 배출량[에너지, 산업공정, 농업, 폐기물]",observation,v124-a-011-obs-00120,A-011_emissions_sector_fuel_exploitation,VNM,1979,1979,1979,,,,3.2834809053,Mt CO2eq,,,,,,"[메탄(CH4) 처리 기술 (Methane abatement)] [연료 채굴·수송 누출] European Commission, Joint Research Centre (JRC) — EDGAR 「EDGAR_AR5_GHG / IPCC 2006」 기준. Mt CO2eq (GWP-100 AR5). IPCC 2006 코드 1.B.1, 1.B.2, 1.B.3, 1.C.","European Commission, Joint Research Centre (JRC) — EDGAR",https://edgar.jrc.ec.europa.eu/dataset_ghg2025,CC-BY-4.0,"A-011_GHG 배출량[에너지, 산업공정, 농업, 폐기물].xlsx",1.1_observation(측정값),343,
A-011,"GHG 배출량[에너지, 산업공정, 농업, 폐기물]",observation,v124-a-011-obs-00121,A-011_emissions_sector_fuel_exploitation,VNM,1980,1980,1980,,,,3.1663001282,Mt CO2eq,,,,,,"[메탄(CH4) 처리 기술 (Methane abatement)] [연료 채굴·수송 누출] European Commission, Joint Research Centre (JRC) — EDGAR 「EDGAR_AR5_GHG / IPCC 2006」 기준. Mt CO2eq (GWP-100 AR5). IPCC 2006 코드 1.B.1, 1.B.2, 1.B.3, 1.C.","European Commission, Joint Research Centre (JRC) — EDGAR",https://edgar.jrc.ec.europa.eu/dataset_ghg2025,CC-BY-4.0,"A-011_GHG 배출량[에너지, 산업공정, 농업, 폐기물].xlsx",1.1_observation(측정값),344,
A-011,"GHG 배출량[에너지, 산업공정, 농업, 폐기물]",observation,v124-a-011-obs-00122,A-011_emissions_sector_fuel_exploitation,VNM,1981,1981,1981,,,,3.5492879567,Mt CO2eq,,,,,,"[메탄(CH4) 처리 기술 (Methane abatement)] [연료 채굴·수송 누출] European Commission, Joint Research Centre (JRC) — EDGAR 「EDGAR_AR5_GHG / IPCC 2006」 기준. Mt CO2eq (GWP-100 AR5). IPCC 2006 코드 1.B.1, 1.B.2, 1.B.3, 1.C.","European Commission, Joint Research Centre (JRC) — EDGAR",https://edgar.jrc.ec.europa.eu/dataset_ghg2025,CC-BY-4.0,"A-011_GHG 배출량[에너지, 산업공정, 농업, 폐기물].xlsx",1.1_observation(측정값),345,
A-011,"GHG 배출량[에너지, 산업공정, 농업, 폐기물]",observation,v124-a-011-obs-00123,A-011_emissions_sector_fuel_exploitation,VNM,1982,1982,1982,,,,3.6962029204,Mt CO2eq,,,,,,"[메탄(CH4) 처리 기술 (Methane abatement)] [연료 채굴·수송 누출] European Commission, Joint Research Centre (JRC) — EDGAR 「EDGAR_AR5_GHG / IPCC 2006」 기준. Mt CO2eq (GWP-100 AR5). IPCC 2006 코드 1.B.1, 1.B.2, 1.B.3, 1.C.","European Commission, Joint Research Centre (JRC) — EDGAR",https://edgar.jrc.ec.europa.eu/dataset_ghg2025,CC-BY-4.0,"A-011_GHG 배출량[에너지, 산업공정, 농업, 폐기물].xlsx",1.1_observation(측정값),346,
A-011,"GHG 배출량[에너지, 산업공정, 농업, 폐기물]",observation,v124-a-011-obs-00124,A-011_emissions_sector_fuel_exploitation,VNM,1983,1983,1983,,,,3.7224972052,Mt CO2eq,,,,,,"[메탄(CH4) 처리 기술 (Methane abatement)] [연료 채굴·수송 누출] European Commission, Joint Research Centre (JRC) — EDGAR 「EDGAR_AR5_GHG / IPCC 2006」 기준. Mt CO2eq (GWP-100 AR5). IPCC 2006 코드 1.B.1, 1.B.2, 1.B.3, 1.C.","European Commission, Joint Research Centre (JRC) — EDGAR",https://edgar.jrc.ec.europa.eu/dataset_ghg2025,CC-BY-4.0,"A-011_GHG 배출량[에너지, 산업공정, 농업, 폐기물].xlsx",1.1_observation(측정값),347,
A-011,"GHG 배출량[에너지, 산업공정, 농업, 폐기물]",observation,v124-a-011-obs-00125,A-011_emissions_sector_fuel_exploitation,VNM,1984,1984,1984,,,,3.151708853,Mt CO2eq,,,,,,"[메탄(CH4) 처리 기술 (Methane abatement)] [연료 채굴·수송 누출] European Commission, Joint Research Centre (JRC) — EDGAR 「EDGAR_AR5_GHG / IPCC 2006」 기준. Mt CO2eq (GWP-100 AR5). IPCC 2006 코드 1.B.1, 1.B.2, 1.B.3, 1.C.","European Commission, Joint Research Centre (JRC) — EDGAR",https://edgar.jrc.ec.europa.eu/dataset_ghg2025,CC-BY-4.0,"A-011_GHG 배출량[에너지, 산업공정, 농업, 폐기물].xlsx",1.1_observation(측정값),348,
A-011,"GHG 배출량[에너지, 산업공정, 농업, 폐기물]",observation,v124-a-011-obs-00126,A-011_emissions_sector_fuel_exploitation,VNM,1985,1985,1985,,,,3.4442605576,Mt CO2eq,,,,,,"[메탄(CH4) 처리 기술 (Methane abatement)] [연료 채굴·수송 누출] European Commission, Joint Research Centre (JRC) — EDGAR 「EDGAR_AR5_GHG / IPCC 2006」 기준. Mt CO2eq (GWP-100 AR5). IPCC 2006 코드 1.B.1, 1.B.2, 1.B.3, 1.C.","European Commission, Joint Research Centre (JRC) — EDGAR",https://edgar.jrc.ec.europa.eu/dataset_ghg2025,CC-BY-4.0,"A-011_GHG 배출량[에너지, 산업공정, 농업, 폐기물].xlsx",1.1_observation(측정값),349,
A-011,"GHG 배출량[에너지, 산업공정, 농업, 폐기물]",observation,v124-a-011-obs-00127,A-011_emissions_sector_fuel_exploitation,VNM,1986,1986,1986,,,,3.7070023594,Mt CO2eq,,,,,,"[메탄(CH4) 처리 기술 (Methane abatement)] [연료 채굴·수송 누출] European Commission, Joint Research Centre (JRC) — EDGAR 「EDGAR_AR5_GHG / IPCC 2006」 기준. Mt CO2eq (GWP-100 AR5). IPCC 2006 코드 1.B.1, 1.B.2, 1.B.3, 1.C.","European Commission, Joint Research Centre (JRC) — EDGAR",https://edgar.jrc.ec.europa.eu/dataset_ghg2025,CC-BY-4.0,"A-011_GHG 배출량[에너지, 산업공정, 농업, 폐기물].xlsx",1.1_observation(측정값),350,
A-011,"GHG 배출량[에너지, 산업공정, 농업, 폐기물]",observation,v124-a-011-obs-00128,A-011_emissions_sector_fuel_exploitation,VNM,1987,1987,1987,,,,3.825356254,Mt CO2eq,,,,,,"[메탄(CH4) 처리 기술 (Methane abatement)] [연료 채굴·수송 누출] European Commission, Joint Research Centre (JRC) — EDGAR 「EDGAR_AR5_GHG / IPCC 2006」 기준. Mt CO2eq (GWP-100 AR5). IPCC 2006 코드 1.B.1, 1.B.2, 1.B.3, 1.C.","European Commission, Joint Research Centre (JRC) — EDGAR",https://edgar.jrc.ec.europa.eu/dataset_ghg2025,CC-BY-4.0,"A-011_GHG 배출량[에너지, 산업공정, 농업, 폐기물].xlsx",1.1_observation(측정값),351,
A-011,"GHG 배출량[에너지, 산업공정, 농업, 폐기물]",observation,v124-a-011-obs-00129,A-011_emissions_sector_fuel_exploitation,VNM,1988,1988,1988,,,,4.2550427015,Mt CO2eq,,,,,,"[메탄(CH4) 처리 기술 (Methane abatement)] [연료 채굴·수송 누출] European Commission, Joint Research Centre (JRC) — EDGAR 「EDGAR_AR5_GHG / IPCC 2006」 기준. Mt CO2eq (GWP-100 AR5). IPCC 2006 코드 1.B.1, 1.B.2, 1.B.3, 1.C.","European Commission, Joint Research Centre (JRC) — EDGAR",https://edgar.jrc.ec.europa.eu/dataset_ghg2025,CC-BY-4.0,"A-011_GHG 배출량[에너지, 산업공정, 농업, 폐기물].xlsx",1.1_observation(측정값),352,
A-011,"GHG 배출량[에너지, 산업공정, 농업, 폐기물]",observation,v124-a-011-obs-00130,A-011_emissions_sector_fuel_exploitation,VNM,1989,1989,1989,,,,4.457083502,Mt CO2eq,,,,,,"[메탄(CH4) 처리 기술 (Methane abatement)] [연료 채굴·수송 누출] European Commission, Joint Research Centre (JRC) — EDGAR 「EDGAR_AR5_GHG / IPCC 2006」 기준. Mt CO2eq (GWP-100 AR5). IPCC 2006 코드 1.B.1, 1.B.2, 1.B.3, 1.C.","European Commission, Joint Research Centre (JRC) — EDGAR",https://edgar.jrc.ec.europa.eu/dataset_ghg2025,CC-BY-4.0,"A-011_GHG 배출량[에너지, 산업공정, 농업, 폐기물].xlsx",1.1_observation(측정값),353,
A-011,"GHG 배출량[에너지, 산업공정, 농업, 폐기물]",observation,v124-a-011-obs-00131,A-011_emissions_sector_fuel_exploitation,VNM,1990,1990,1990,,,,4.8915384027,Mt CO2eq,,,,,,"[메탄(CH4) 처리 기술 (Methane abatement)] [연료 채굴·수송 누출] European Commission, Joint Research Centre (JRC) — EDGAR 「EDGAR_AR5_GHG / IPCC 2006」 기준. Mt CO2eq (GWP-100 AR5). IPCC 2006 코드 1.B.1, 1.B.2, 1.B.3, 1.C.","European Commission, Joint Research Centre (JRC) — EDGAR",https://edgar.jrc.ec.europa.eu/dataset_ghg2025,CC-BY-4.0,"A-011_GHG 배출량[에너지, 산업공정, 농업, 폐기물].xlsx",1.1_observation(측정값),354,
A-011,"GHG 배출량[에너지, 산업공정, 농업, 폐기물]",observation,v124-a-011-obs-00132,A-011_emissions_sector_fuel_exploitation,VNM,1991,1991,1991,,,,6.1528678243,Mt CO2eq,,,,,,"[메탄(CH4) 처리 기술 (Methane abatement)] [연료 채굴·수송 누출] European Commission, Joint Research Centre (JRC) — EDGAR 「EDGAR_AR5_GHG / IPCC 2006」 기준. Mt CO2eq (GWP-100 AR5). IPCC 2006 코드 1.B.1, 1.B.2, 1.B.3, 1.C.","European Commission, Joint Research Centre (JRC) — EDGAR",https://edgar.jrc.ec.europa.eu/dataset_ghg2025,CC-BY-4.0,"A-011_GHG 배출량[에너지, 산업공정, 농업, 폐기물].xlsx",1.1_observation(측정값),355,
A-011,"GHG 배출량[에너지, 산업공정, 농업, 폐기물]",observation,v124-a-011-obs-00133,A-011_emissions_sector_fuel_exploitation,VNM,1992,1992,1992,,,,7.0638351946,Mt CO2eq,,,,,,"[메탄(CH4) 처리 기술 (Methane abatement)] [연료 채굴·수송 누출] European Commission, Joint Research Centre (JRC) — EDGAR 「EDGAR_AR5_GHG / IPCC 2006」 기준. Mt CO2eq (GWP-100 AR5). IPCC 2006 코드 1.B.1, 1.B.2, 1.B.3, 1.C.","European Commission, Joint Research Centre (JRC) — EDGAR",https://edgar.jrc.ec.europa.eu/dataset_ghg2025,CC-BY-4.0,"A-011_GHG 배출량[에너지, 산업공정, 농업, 폐기물].xlsx",1.1_observation(측정값),356,
A-011,"GHG 배출량[에너지, 산업공정, 농업, 폐기물]",observation,v124-a-011-obs-00134,A-011_emissions_sector_fuel_exploitation,VNM,1993,1993,1993,,,,7.9471192744,Mt CO2eq,,,,,,"[메탄(CH4) 처리 기술 (Methane abatement)] [연료 채굴·수송 누출] European Commission, Joint Research Centre (JRC) — EDGAR 「EDGAR_AR5_GHG / IPCC 2006」 기준. Mt CO2eq (GWP-100 AR5). IPCC 2006 코드 1.B.1, 1.B.2, 1.B.3, 1.C.","European Commission, Joint Research Centre (JRC) — EDGAR",https://edgar.jrc.ec.europa.eu/dataset_ghg2025,CC-BY-4.0,"A-011_GHG 배출량[에너지, 산업공정, 농업, 폐기물].xlsx",1.1_observation(측정값),357,
A-011,"GHG 배출량[에너지, 산업공정, 농업, 폐기물]",observation,v124-a-011-obs-00135,A-011_emissions_sector_fuel_exploitation,VNM,1994,1994,1994,,,,9.5136325942,Mt CO2eq,,,,,,"[메탄(CH4) 처리 기술 (Methane abatement)] [연료 채굴·수송 누출] European Commission, Joint Research Centre (JRC) — EDGAR 「EDGAR_AR5_GHG / IPCC 2006」 기준. Mt CO2eq (GWP-100 AR5). IPCC 2006 코드 1.B.1, 1.B.2, 1.B.3, 1.C.","European Commission, Joint Research Centre (JRC) — EDGAR",https://edgar.jrc.ec.europa.eu/dataset_ghg2025,CC-BY-4.0,"A-011_GHG 배출량[에너지, 산업공정, 농업, 폐기물].xlsx",1.1_observation(측정값),358,
A-011,"GHG 배출량[에너지, 산업공정, 농업, 폐기물]",observation,v124-a-011-obs-00136,A-011_emissions_sector_fuel_exploitation,VNM,1995,1995,1995,,,,11.7560698896,Mt CO2eq,,,,,,"[메탄(CH4) 처리 기술 (Methane abatement)] [연료 채굴·수송 누출] European Commission, Joint Research Centre (JRC) — EDGAR 「EDGAR_AR5_GHG / IPCC 2006」 기준. Mt CO2eq (GWP-100 AR5). IPCC 2006 코드 1.B.1, 1.B.2, 1.B.3, 1.C.","European Commission, Joint Research Centre (JRC) — EDGAR",https://edgar.jrc.ec.europa.eu/dataset_ghg2025,CC-BY-4.0,"A-011_GHG 배출량[에너지, 산업공정, 농업, 폐기물].xlsx",1.1_observation(측정값),359,
A-011,"GHG 배출량[에너지, 산업공정, 농업, 폐기물]",observation,v124-a-011-obs-00137,A-011_emissions_sector_fuel_exploitation,VNM,1996,1996,1996,,,,11.8741885575,Mt CO2eq,,,,,,"[메탄(CH4) 처리 기술 (Methane abatement)] [연료 채굴·수송 누출] European Commission, Joint Research Centre (JRC) — EDGAR 「EDGAR_AR5_GHG / IPCC 2006」 기준. Mt CO2eq (GWP-100 AR5). IPCC 2006 코드 1.B.1, 1.B.2, 1.B.3, 1.C.","European Commission, Joint Research Centre (JRC) — EDGAR",https://edgar.jrc.ec.europa.eu/dataset_ghg2025,CC-BY-4.0,"A-011_GHG 배출량[에너지, 산업공정, 농업, 폐기물].xlsx",1.1_observation(측정값),360,
A-011,"GHG 배출량[에너지, 산업공정, 농업, 폐기물]",observation,v124-a-011-obs-00138,A-011_emissions_sector_fuel_exploitation,VNM,1997,1997,1997,,,,11.1130802221,Mt CO2eq,,,,,,"[메탄(CH4) 처리 기술 (Methane abatement)] [연료 채굴·수송 누출] European Commission, Joint Research Centre (JRC) — EDGAR 「EDGAR_AR5_GHG / IPCC 2006」 기준. Mt CO2eq (GWP-100 AR5). IPCC 2006 코드 1.B.1, 1.B.2, 1.B.3, 1.C.","European Commission, Joint Research Centre (JRC) — EDGAR",https://edgar.jrc.ec.europa.eu/dataset_ghg2025,CC-BY-4.0,"A-011_GHG 배출량[에너지, 산업공정, 농업, 폐기물].xlsx",1.1_observation(측정값),361,
A-011,"GHG 배출량[에너지, 산업공정, 농업, 폐기물]",observation,v124-a-011-obs-00139,A-011_emissions_sector_fuel_exploitation,VNM,1998,1998,1998,,,,11.6501786322,Mt CO2eq,,,,,,"[메탄(CH4) 처리 기술 (Methane abatement)] [연료 채굴·수송 누출] European Commission, Joint Research Centre (JRC) — EDGAR 「EDGAR_AR5_GHG / IPCC 2006」 기준. Mt CO2eq (GWP-100 AR5). IPCC 2006 코드 1.B.1, 1.B.2, 1.B.3, 1.C.","European Commission, Joint Research Centre (JRC) — EDGAR",https://edgar.jrc.ec.europa.eu/dataset_ghg2025,CC-BY-4.0,"A-011_GHG 배출량[에너지, 산업공정, 농업, 폐기물].xlsx",1.1_observation(측정값),362,
A-011,"GHG 배출량[에너지, 산업공정, 농업, 폐기물]",observation,v124-a-011-obs-00140,A-011_emissions_sector_fuel_exploitation,VNM,1999,1999,1999,,,,13.6537065692,Mt CO2eq,,,,,,"[메탄(CH4) 처리 기술 (Methane abatement)] [연료 채굴·수송 누출] European Commission, Joint Research Centre (JRC) — EDGAR 「EDGAR_AR5_GHG / IPCC 2006」 기준. Mt CO2eq (GWP-100 AR5). IPCC 2006 코드 1.B.1, 1.B.2, 1.B.3, 1.C.","European Commission, Joint Research Centre (JRC) — EDGAR",https://edgar.jrc.ec.europa.eu/dataset_ghg2025,CC-BY-4.0,"A-011_GHG 배출량[에너지, 산업공정, 농업, 폐기물].xlsx",1.1_observation(측정값),363,
A-011,"GHG 배출량[에너지, 산업공정, 농업, 폐기물]",observation,v124-a-011-obs-00141,A-011_emissions_sector_fuel_exploitation,VNM,2000,2000,2000,,,,12.8602852551,Mt CO2eq,,,,,,"[메탄(CH4) 처리 기술 (Methane abatement)] [연료 채굴·수송 누출] European Commission, Joint Research Centre (JRC) — EDGAR 「EDGAR_AR5_GHG / IPCC 2006」 기준. Mt CO2eq (GWP-100 AR5). IPCC 2006 코드 1.B.1, 1.B.2, 1.B.3, 1.C.","European Commission, Joint Research Centre (JRC) — EDGAR",https://edgar.jrc.ec.europa.eu/dataset_ghg2025,CC-BY-4.0,"A-011_GHG 배출량[에너지, 산업공정, 농업, 폐기물].xlsx",1.1_observation(측정값),364,
A-011,"GHG 배출량[에너지, 산업공정, 농업, 폐기물]",observation,v124-a-011-obs-00142,A-011_emissions_sector_fuel_exploitation,VNM,2001,2001,2001,,,,13.4416037979,Mt CO2eq,,,,,,"[메탄(CH4) 처리 기술 (Methane abatement)] [연료 채굴·수송 누출] European Commission, Joint Research Centre (JRC) — EDGAR 「EDGAR_AR5_GHG / IPCC 2006」 기준. Mt CO2eq (GWP-100 AR5). IPCC 2006 코드 1.B.1, 1.B.2, 1.B.3, 1.C.","European Commission, Joint Research Centre (JRC) — EDGAR",https://edgar.jrc.ec.europa.eu/dataset_ghg2025,CC-BY-4.0,"A-011_GHG 배출량[에너지, 산업공정, 농업, 폐기물].xlsx",1.1_observation(측정값),365,
A-011,"GHG 배출량[에너지, 산업공정, 농업, 폐기물]",observation,v124-a-011-obs-00143,A-011_emissions_sector_fuel_exploitation,VNM,2002,2002,2002,,,,13.2810400354,Mt CO2eq,,,,,,"[메탄(CH4) 처리 기술 (Methane abatement)] [연료 채굴·수송 누출] European Commission, Joint Research Centre (JRC) — EDGAR 「EDGAR_AR5_GHG / IPCC 2006」 기준. Mt CO2eq (GWP-100 AR5). IPCC 2006 코드 1.B.1, 1.B.2, 1.B.3, 1.C.","European Commission, Joint Research Centre (JRC) — EDGAR",https://edgar.jrc.ec.europa.eu/dataset_ghg2025,CC-BY-4.0,"A-011_GHG 배출량[에너지, 산업공정, 농업, 폐기물].xlsx",1.1_observation(측정값),366,
A-011,"GHG 배출량[에너지, 산업공정, 농업, 폐기물]",observation,v124-a-011-obs-00144,A-011_emissions_sector_fuel_exploitation,VNM,2003,2003,2003,,,,14.577908331,Mt CO2eq,,,,,,"[메탄(CH4) 처리 기술 (Methane abatement)] [연료 채굴·수송 누출] European Commission, Joint Research Centre (JRC) — EDGAR 「EDGAR_AR5_GHG / IPCC 2006」 기준. Mt CO2eq (GWP-100 AR5). IPCC 2006 코드 1.B.1, 1.B.2, 1.B.3, 1.C.","European Commission, Joint Research Centre (JRC) — EDGAR",https://edgar.jrc.ec.europa.eu/dataset_ghg2025,CC-BY-4.0,"A-011_GHG 배출량[에너지, 산업공정, 농업, 폐기물].xlsx",1.1_observation(측정값),367,
A-011,"GHG 배출량[에너지, 산업공정, 농업, 폐기물]",observation,v124-a-011-obs-00145,A-011_emissions_sector_fuel_exploitation,VNM,2004,2004,2004,,,,19.2800897736,Mt CO2eq,,,,,,"[메탄(CH4) 처리 기술 (Methane abatement)] [연료 채굴·수송 누출] European Commission, Joint Research Centre (JRC) — EDGAR 「EDGAR_AR5_GHG / IPCC 2006」 기준. Mt CO2eq (GWP-100 AR5). IPCC 2006 코드 1.B.1, 1.B.2, 1.B.3, 1.C.","European Commission, Joint Research Centre (JRC) — EDGAR",https://edgar.jrc.ec.europa.eu/dataset_ghg2025,CC-BY-4.0,"A-011_GHG 배출량[에너지, 산업공정, 농업, 폐기물].xlsx",1.1_observation(측정값),368,
A-011,"GHG 배출량[에너지, 산업공정, 농업, 폐기물]",observation,v124-a-011-obs-00146,A-011_emissions_sector_fuel_exploitation,VNM,2005,2005,2005,,,,21.9943428885,Mt CO2eq,,,,,,"[메탄(CH4) 처리 기술 (Methane abatement)] [연료 채굴·수송 누출] European Commission, Joint Research Centre (JRC) — EDGAR 「EDGAR_AR5_GHG / IPCC 2006」 기준. Mt CO2eq (GWP-100 AR5). IPCC 2006 코드 1.B.1, 1.B.2, 1.B.3, 1.C.","European Commission, Joint Research Centre (JRC) — EDGAR",https://edgar.jrc.ec.europa.eu/dataset_ghg2025,CC-BY-4.0,"A-011_GHG 배출량[에너지, 산업공정, 농업, 폐기물].xlsx",1.1_observation(측정값),369,
A-011,"GHG 배출량[에너지, 산업공정, 농업, 폐기물]",observation,v124-a-011-obs-00147,A-011_emissions_sector_fuel_exploitation,VNM,2006,2006,2006,,,,23.4215828921,Mt CO2eq,,,,,,"[메탄(CH4) 처리 기술 (Methane abatement)] [연료 채굴·수송 누출] European Commission, Joint Research Centre (JRC) — EDGAR 「EDGAR_AR5_GHG / IPCC 2006」 기준. Mt CO2eq (GWP-100 AR5). IPCC 2006 코드 1.B.1, 1.B.2, 1.B.3, 1.C.","European Commission, Joint Research Centre (JRC) — EDGAR",https://edgar.jrc.ec.europa.eu/dataset_ghg2025,CC-BY-4.0,"A-011_GHG 배출량[에너지, 산업공정, 농업, 폐기물].xlsx",1.1_observation(측정값),370,
A-011,"GHG 배출량[에너지, 산업공정, 농업, 폐기물]",observation,v124-a-011-obs-00148,A-011_emissions_sector_fuel_exploitation,VNM,2007,2007,2007,,,,25.3095207131,Mt CO2eq,,,,,,"[메탄(CH4) 처리 기술 (Methane abatement)] [연료 채굴·수송 누출] European Commission, Joint Research Centre (JRC) — EDGAR 「EDGAR_AR5_GHG / IPCC 2006」 기준. Mt CO2eq (GWP-100 AR5). IPCC 2006 코드 1.B.1, 1.B.2, 1.B.3, 1.C.","European Commission, Joint Research Centre (JRC) — EDGAR",https://edgar.jrc.ec.europa.eu/dataset_ghg2025,CC-BY-4.0,"A-011_GHG 배출량[에너지, 산업공정, 농업, 폐기물].xlsx",1.1_observation(측정값),371,
A-011,"GHG 배출량[에너지, 산업공정, 농업, 폐기물]",observation,v124-a-011-obs-00149,A-011_emissions_sector_fuel_exploitation,VNM,2008,2008,2008,,,,23.6566201412,Mt CO2eq,,,,,,"[메탄(CH4) 처리 기술 (Methane abatement)] [연료 채굴·수송 누출] European Commission, Joint Research Centre (JRC) — EDGAR 「EDGAR_AR5_GHG / IPCC 2006」 기준. Mt CO2eq (GWP-100 AR5). IPCC 2006 코드 1.B.1, 1.B.2, 1.B.3, 1.C.","European Commission, Joint Research Centre (JRC) — EDGAR",https://edgar.jrc.ec.europa.eu/dataset_ghg2025,CC-BY-4.0,"A-011_GHG 배출량[에너지, 산업공정, 농업, 폐기물].xlsx",1.1_observation(측정값),372,
A-011,"GHG 배출량[에너지, 산업공정, 농업, 폐기물]",observation,v124-a-011-obs-00150,A-011_emissions_sector_fuel_exploitation,VNM,2009,2009,2009,,,,26.2185970697,Mt CO2eq,,,,,,"[메탄(CH4) 처리 기술 (Methane abatement)] [연료 채굴·수송 누출] European Commission, Joint Research Centre (JRC) — EDGAR 「EDGAR_AR5_GHG / IPCC 2006」 기준. Mt CO2eq (GWP-100 AR5). IPCC 2006 코드 1.B.1, 1.B.2, 1.B.3, 1.C.","European Commission, Joint Research Centre (JRC) — EDGAR",https://edgar.jrc.ec.europa.eu/dataset_ghg2025,CC-BY-4.0,"A-011_GHG 배출량[에너지, 산업공정, 농업, 폐기물].xlsx",1.1_observation(측정값),373,
A-011,"GHG 배출량[에너지, 산업공정, 농업, 폐기물]",observation,v124-a-011-obs-00151,A-011_emissions_sector_fuel_exploitation,VNM,2010,2010,2010,,,,26.2157709573,Mt CO2eq,,,,,,"[메탄(CH4) 처리 기술 (Methane abatement)] [연료 채굴·수송 누출] European Commission, Joint Research Centre (JRC) — EDGAR 「EDGAR_AR5_GHG / IPCC 2006」 기준. Mt CO2eq (GWP-100 AR5). IPCC 2006 코드 1.B.1, 1.B.2, 1.B.3, 1.C.","European Commission, Joint Research Centre (JRC) — EDGAR",https://edgar.jrc.ec.europa.eu/dataset_ghg2025,CC-BY-4.0,"A-011_GHG 배출량[에너지, 산업공정, 농업, 폐기물].xlsx",1.1_observation(측정값),374,
A-011,"GHG 배출량[에너지, 산업공정, 농업, 폐기물]",observation,v124-a-011-obs-00152,A-011_emissions_sector_fuel_exploitation,VNM,2011,2011,2011,,,,26.9333224687,Mt CO2eq,,,,,,"[메탄(CH4) 처리 기술 (Methane abatement)] [연료 채굴·수송 누출] European Commission, Joint Research Centre (JRC) — EDGAR 「EDGAR_AR5_GHG / IPCC 2006」 기준. Mt CO2eq (GWP-100 AR5). IPCC 2006 코드 1.B.1, 1.B.2, 1.B.3, 1.C.","European Commission, Joint Research Centre (JRC) — EDGAR",https://edgar.jrc.ec.europa.eu/dataset_ghg2025,CC-BY-4.0,"A-011_GHG 배출량[에너지, 산업공정, 농업, 폐기물].xlsx",1.1_observation(측정값),375,
A-011,"GHG 배출량[에너지, 산업공정, 농업, 폐기물]",observation,v124-a-011-obs-00153,A-011_emissions_sector_fuel_exploitation,VNM,2012,2012,2012,,,,26.1858306117,Mt CO2eq,,,,,,"[메탄(CH4) 처리 기술 (Methane abatement)] [연료 채굴·수송 누출] European Commission, Joint Research Centre (JRC) — EDGAR 「EDGAR_AR5_GHG / IPCC 2006」 기준. Mt CO2eq (GWP-100 AR5). IPCC 2006 코드 1.B.1, 1.B.2, 1.B.3, 1.C.","European Commission, Joint Research Centre (JRC) — EDGAR",https://edgar.jrc.ec.europa.eu/dataset_ghg2025,CC-BY-4.0,"A-011_GHG 배출량[에너지, 산업공정, 농업, 폐기물].xlsx",1.1_observation(측정값),376,
A-011,"GHG 배출량[에너지, 산업공정, 농업, 폐기물]",observation,v124-a-011-obs-00154,A-011_emissions_sector_fuel_exploitation,VNM,2013,2013,2013,,,,25.8734194961,Mt CO2eq,,,,,,"[메탄(CH4) 처리 기술 (Methane abatement)] [연료 채굴·수송 누출] European Commission, Joint Research Centre (JRC) — EDGAR 「EDGAR_AR5_GHG / IPCC 2006」 기준. Mt CO2eq (GWP-100 AR5). IPCC 2006 코드 1.B.1, 1.B.2, 1.B.3, 1.C.","European Commission, Joint Research Centre (JRC) — EDGAR",https://edgar.jrc.ec.europa.eu/dataset_ghg2025,CC-BY-4.0,"A-011_GHG 배출량[에너지, 산업공정, 농업, 폐기물].xlsx",1.1_observation(측정값),377,
A-011,"GHG 배출량[에너지, 산업공정, 농업, 폐기물]",observation,v124-a-011-obs-00155,A-011_emissions_sector_fuel_exploitation,VNM,2014,2014,2014,,,,25.975995509,Mt CO2eq,,,,,,"[메탄(CH4) 처리 기술 (Methane abatement)] [연료 채굴·수송 누출] European Commission, Joint Research Centre (JRC) — EDGAR 「EDGAR_AR5_GHG / IPCC 2006」 기준. Mt CO2eq (GWP-100 AR5). IPCC 2006 코드 1.B.1, 1.B.2, 1.B.3, 1.C.","European Commission, Joint Research Centre (JRC) — EDGAR",https://edgar.jrc.ec.europa.eu/dataset_ghg2025,CC-BY-4.0,"A-011_GHG 배출량[에너지, 산업공정, 농업, 폐기물].xlsx",1.1_observation(측정값),378,
A-011,"GHG 배출량[에너지, 산업공정, 농업, 폐기물]",observation,v124-a-011-obs-00156,A-011_emissions_sector_fuel_exploitation,VNM,2015,2015,2015,,,,24.6527935303,Mt CO2eq,,,,,,"[메탄(CH4) 처리 기술 (Methane abatement)] [연료 채굴·수송 누출] European Commission, Joint Research Centre (JRC) — EDGAR 「EDGAR_AR5_GHG / IPCC 2006」 기준. Mt CO2eq (GWP-100 AR5). IPCC 2006 코드 1.B.1, 1.B.2, 1.B.3, 1.C.","European Commission, Joint Research Centre (JRC) — EDGAR",https://edgar.jrc.ec.europa.eu/dataset_ghg2025,CC-BY-4.0,"A-011_GHG 배출량[에너지, 산업공정, 농업, 폐기물].xlsx",1.1_observation(측정값),379,
A-011,"GHG 배출량[에너지, 산업공정, 농업, 폐기물]",observation,v124-a-011-obs-00157,A-011_emissions_sector_fuel_exploitation,VNM,2016,2016,2016,,,,23.1445911739,Mt CO2eq,,,,,,"[메탄(CH4) 처리 기술 (Methane abatement)] [연료 채굴·수송 누출] European Commission, Joint Research Centre (JRC) — EDGAR 「EDGAR_AR5_GHG / IPCC 2006」 기준. Mt CO2eq (GWP-100 AR5). IPCC 2006 코드 1.B.1, 1.B.2, 1.B.3, 1.C.","European Commission, Joint Research Centre (JRC) — EDGAR",https://edgar.jrc.ec.europa.eu/dataset_ghg2025,CC-BY-4.0,"A-011_GHG 배출량[에너지, 산업공정, 농업, 폐기물].xlsx",1.1_observation(측정값),380,
A-011,"GHG 배출량[에너지, 산업공정, 농업, 폐기물]",observation,v124-a-011-obs-00158,A-011_emissions_sector_fuel_exploitation,VNM,2017,2017,2017,,,,22.8504102432,Mt CO2eq,,,,,,"[메탄(CH4) 처리 기술 (Methane abatement)] [연료 채굴·수송 누출] European Commission, Joint Research Centre (JRC) — EDGAR 「EDGAR_AR5_GHG / IPCC 2006」 기준. Mt CO2eq (GWP-100 AR5). IPCC 2006 코드 1.B.1, 1.B.2, 1.B.3, 1.C.","European Commission, Joint Research Centre (JRC) — EDGAR",https://edgar.jrc.ec.europa.eu/dataset_ghg2025,CC-BY-4.0,"A-011_GHG 배출량[에너지, 산업공정, 농업, 폐기물].xlsx",1.1_observation(측정값),381,
A-011,"GHG 배출량[에너지, 산업공정, 농업, 폐기물]",observation,v124-a-011-obs-00159,A-011_emissions_sector_fuel_exploitation,VNM,2018,2018,2018,,,,24.554303907,Mt CO2eq,,,,,,"[메탄(CH4) 처리 기술 (Methane abatement)] [연료 채굴·수송 누출] European Commission, Joint Research Centre (JRC) — EDGAR 「EDGAR_AR5_GHG / IPCC 2006」 기준. Mt CO2eq (GWP-100 AR5). IPCC 2006 코드 1.B.1, 1.B.2, 1.B.3, 1.C.","European Commission, Joint Research Centre (JRC) — EDGAR",https://edgar.jrc.ec.europa.eu/dataset_ghg2025,CC-BY-4.0,"A-011_GHG 배출량[에너지, 산업공정, 농업, 폐기물].xlsx",1.1_observation(측정값),382,
A-011,"GHG 배출량[에너지, 산업공정, 농업, 폐기물]",observation,v124-a-011-obs-00160,A-011_emissions_sector_fuel_exploitation,VNM,2019,2019,2019,,,,26.5601647863,Mt CO2eq,,,,,,"[메탄(CH4) 처리 기술 (Methane abatement)] [연료 채굴·수송 누출] European Commission, Joint Research Centre (JRC) — EDGAR 「EDGAR_AR5_GHG / IPCC 2006」 기준. Mt CO2eq (GWP-100 AR5). IPCC 2006 코드 1.B.1, 1.B.2, 1.B.3, 1.C.","European Commission, Joint Research Centre (JRC) — EDGAR",https://edgar.jrc.ec.europa.eu/dataset_ghg2025,CC-BY-4.0,"A-011_GHG 배출량[에너지, 산업공정, 농업, 폐기물].xlsx",1.1_observation(측정값),383,
A-011,"GHG 배출량[에너지, 산업공정, 농업, 폐기물]",observation,v124-a-011-obs-00161,A-011_emissions_sector_fuel_exploitation,VNM,2020,2020,2020,,,,24.7680612367,Mt CO2eq,,,,,,"[메탄(CH4) 처리 기술 (Methane abatement)] [연료 채굴·수송 누출] European Commission, Joint Research Centre (JRC) — EDGAR 「EDGAR_AR5_GHG / IPCC 2006」 기준. Mt CO2eq (GWP-100 AR5). IPCC 2006 코드 1.B.1, 1.B.2, 1.B.3, 1.C.","European Commission, Joint Research Centre (JRC) — EDGAR",https://edgar.jrc.ec.europa.eu/dataset_ghg2025,CC-BY-4.0,"A-011_GHG 배출량[에너지, 산업공정, 농업, 폐기물].xlsx",1.1_observation(측정값),384,
A-011,"GHG 배출량[에너지, 산업공정, 농업, 폐기물]",observation,v124-a-011-obs-00162,A-011_emissions_sector_fuel_exploitation,VNM,2021,2021,2021,,,,26.8699132081,Mt CO2eq,,,,,,"[메탄(CH4) 처리 기술 (Methane abatement)] [연료 채굴·수송 누출] European Commission, Joint Research Centre (JRC) — EDGAR 「EDGAR_AR5_GHG / IPCC 2006」 기준. Mt CO2eq (GWP-100 AR5). IPCC 2006 코드 1.B.1, 1.B.2, 1.B.3, 1.C.","European Commission, Joint Research Centre (JRC) — EDGAR",https://edgar.jrc.ec.europa.eu/dataset_ghg2025,CC-BY-4.0,"A-011_GHG 배출량[에너지, 산업공정, 농업, 폐기물].xlsx",1.1_observation(측정값),385,
A-011,"GHG 배출량[에너지, 산업공정, 농업, 폐기물]",observation,v124-a-011-obs-00163,A-011_emissions_sector_fuel_exploitation,VNM,2022,2022,2022,,,,27.8188468739,Mt CO2eq,,,,,,"[메탄(CH4) 처리 기술 (Methane abatement)] [연료 채굴·수송 누출] European Commission, Joint Research Centre (JRC) — EDGAR 「EDGAR_AR5_GHG / IPCC 2006」 기준. Mt CO2eq (GWP-100 AR5). IPCC 2006 코드 1.B.1, 1.B.2, 1.B.3, 1.C.","European Commission, Joint Research Centre (JRC) — EDGAR",https://edgar.jrc.ec.europa.eu/dataset_ghg2025,CC-BY-4.0,"A-011_GHG 배출량[에너지, 산업공정, 농업, 폐기물].xlsx",1.1_observation(측정값),386,
A-011,"GHG 배출량[에너지, 산업공정, 농업, 폐기물]",observation,v124-a-011-obs-00164,A-011_emissions_sector_fuel_exploitation,VNM,2023,2023,2023,,,,26.8976418713,Mt CO2eq,,,,,,"[메탄(CH4) 처리 기술 (Methane abatement)] [연료 채굴·수송 누출] European Commission, Joint Research Centre (JRC) — EDGAR 「EDGAR_AR5_GHG / IPCC 2006」 기준. Mt CO2eq (GWP-100 AR5). IPCC 2006 코드 1.B.1, 1.B.2, 1.B.3, 1.C.","European Commission, Joint Research Centre (JRC) — EDGAR",https://edgar.jrc.ec.europa.eu/dataset_ghg2025,CC-BY-4.0,"A-011_GHG 배출량[에너지, 산업공정, 농업, 폐기물].xlsx",1.1_observation(측정값),387,
A-011,"GHG 배출량[에너지, 산업공정, 농업, 폐기물]",observation,v124-a-011-obs-00165,A-011_emissions_sector_fuel_exploitation,VNM,2024,2024,2024,,,,25.1382144075,Mt CO2eq,,,,,,"[메탄(CH4) 처리 기술 (Methane abatement)] [연료 채굴·수송 누출] European Commission, Joint Research Centre (JRC) — EDGAR 「EDGAR_AR5_GHG / IPCC 2006」 기준. Mt CO2eq (GWP-100 AR5). IPCC 2006 코드 1.B.1, 1.B.2, 1.B.3, 1.C.","European Commission, Joint Research Centre (JRC) — EDGAR",https://edgar.jrc.ec.europa.eu/dataset_ghg2025,CC-BY-4.0,"A-011_GHG 배출량[에너지, 산업공정, 농업, 폐기물].xlsx",1.1_observation(측정값),388,
A-011,"GHG 배출량[에너지, 산업공정, 농업, 폐기물]",observation,v124-a-011-obs-00166,A-011_emissions_sector_industrial_combustion,VNM,1970,1970,1970,,,,0.1591911803,Mt CO2eq,,,,,,"[산업효율 기술 (Industrial efficiency)] [산업연소] European Commission, Joint Research Centre (JRC) — EDGAR 「EDGAR GHG_Industrial Combustion」 기준. Mt CO2eq (GWP-100 AR5). IPCC 2006 코드 1.A.2.","European Commission, Joint Research Centre (JRC) — EDGAR",https://edgar.jrc.ec.europa.eu/dataset_ghg2025,CC-BY-4.0,"A-011_GHG 배출량[에너지, 산업공정, 농업, 폐기물].xlsx",1.1_observation(측정값),59,
A-011,"GHG 배출량[에너지, 산업공정, 농업, 폐기물]",observation,v124-a-011-obs-00167,A-011_emissions_sector_industrial_combustion,VNM,1971,1971,1971,,,,0.1591911803,Mt CO2eq,,,,,,"[산업효율 기술 (Industrial efficiency)] [산업연소] European Commission, Joint Research Centre (JRC) — EDGAR 「EDGAR GHG_Industrial Combustion」 기준. Mt CO2eq (GWP-100 AR5). IPCC 2006 코드 1.A.2.","European Commission, Joint Research Centre (JRC) — EDGAR",https://edgar.jrc.ec.europa.eu/dataset_ghg2025,CC-BY-4.0,"A-011_GHG 배출량[에너지, 산업공정, 농업, 폐기물].xlsx",1.1_observation(측정값),60,
A-011,"GHG 배출량[에너지, 산업공정, 농업, 폐기물]",observation,v124-a-011-obs-00168,A-011_emissions_sector_industrial_combustion,VNM,1972,1972,1972,,,,0.1627004803,Mt CO2eq,,,,,,"[산업효율 기술 (Industrial efficiency)] [산업연소] European Commission, Joint Research Centre (JRC) — EDGAR 「EDGAR GHG_Industrial Combustion」 기준. Mt CO2eq (GWP-100 AR5). IPCC 2006 코드 1.A.2.","European Commission, Joint Research Centre (JRC) — EDGAR",https://edgar.jrc.ec.europa.eu/dataset_ghg2025,CC-BY-4.0,"A-011_GHG 배출량[에너지, 산업공정, 농업, 폐기물].xlsx",1.1_observation(측정값),61,
A-011,"GHG 배출량[에너지, 산업공정, 농업, 폐기물]",observation,v124-a-011-obs-00169,A-011_emissions_sector_industrial_combustion,VNM,1973,1973,1973,,,,0.1663256803,Mt CO2eq,,,,,,"[산업효율 기술 (Industrial efficiency)] [산업연소] European Commission, Joint Research Centre (JRC) — EDGAR 「EDGAR GHG_Industrial Combustion」 기준. Mt CO2eq (GWP-100 AR5). IPCC 2006 코드 1.A.2.","European Commission, Joint Research Centre (JRC) — EDGAR",https://edgar.jrc.ec.europa.eu/dataset_ghg2025,CC-BY-4.0,"A-011_GHG 배출량[에너지, 산업공정, 농업, 폐기물].xlsx",1.1_observation(측정값),62,
A-011,"GHG 배출량[에너지, 산업공정, 농업, 폐기물]",observation,v124-a-011-obs-00170,A-011_emissions_sector_industrial_combustion,VNM,1974,1974,1974,,,,0.1671776808,Mt CO2eq,,,,,,"[산업효율 기술 (Industrial efficiency)] [산업연소] European Commission, Joint Research Centre (JRC) — EDGAR 「EDGAR GHG_Industrial Combustion」 기준. Mt CO2eq (GWP-100 AR5). IPCC 2006 코드 1.A.2.","European Commission, Joint Research Centre (JRC) — EDGAR",https://edgar.jrc.ec.europa.eu/dataset_ghg2025,CC-BY-4.0,"A-011_GHG 배출량[에너지, 산업공정, 농업, 폐기물].xlsx",1.1_observation(측정값),63,
A-011,"GHG 배출량[에너지, 산업공정, 농업, 폐기물]",observation,v124-a-011-obs-00171,A-011_emissions_sector_industrial_combustion,VNM,1975,1975,1975,,,,0.1996545333,Mt CO2eq,,,,,,"[산업효율 기술 (Industrial efficiency)] [산업연소] European Commission, Joint Research Centre (JRC) — EDGAR 「EDGAR GHG_Industrial Combustion」 기준. Mt CO2eq (GWP-100 AR5). IPCC 2006 코드 1.A.2.","European Commission, Joint Research Centre (JRC) — EDGAR",https://edgar.jrc.ec.europa.eu/dataset_ghg2025,CC-BY-4.0,"A-011_GHG 배출량[에너지, 산업공정, 농업, 폐기물].xlsx",1.1_observation(측정값),64,
A-011,"GHG 배출량[에너지, 산업공정, 농업, 폐기물]",observation,v124-a-011-obs-00172,A-011_emissions_sector_industrial_combustion,VNM,1976,1976,1976,,,,0.2953012898,Mt CO2eq,,,,,,"[산업효율 기술 (Industrial efficiency)] [산업연소] European Commission, Joint Research Centre (JRC) — EDGAR 「EDGAR GHG_Industrial Combustion」 기준. Mt CO2eq (GWP-100 AR5). IPCC 2006 코드 1.A.2.","European Commission, Joint Research Centre (JRC) — EDGAR",https://edgar.jrc.ec.europa.eu/dataset_ghg2025,CC-BY-4.0,"A-011_GHG 배출량[에너지, 산업공정, 농업, 폐기물].xlsx",1.1_observation(측정값),65,
A-011,"GHG 배출량[에너지, 산업공정, 농업, 폐기물]",observation,v124-a-011-obs-00173,A-011_emissions_sector_industrial_combustion,VNM,1977,1977,1977,,,,0.2389078853,Mt CO2eq,,,,,,"[산업효율 기술 (Industrial efficiency)] [산업연소] European Commission, Joint Research Centre (JRC) — EDGAR 「EDGAR GHG_Industrial Combustion」 기준. Mt CO2eq (GWP-100 AR5). IPCC 2006 코드 1.A.2.","European Commission, Joint Research Centre (JRC) — EDGAR",https://edgar.jrc.ec.europa.eu/dataset_ghg2025,CC-BY-4.0,"A-011_GHG 배출량[에너지, 산업공정, 농업, 폐기물].xlsx",1.1_observation(측정값),66,
A-011,"GHG 배출량[에너지, 산업공정, 농업, 폐기물]",observation,v124-a-011-obs-00174,A-011_emissions_sector_industrial_combustion,VNM,1978,1978,1978,,,,0.2631598938,Mt CO2eq,,,,,,"[산업효율 기술 (Industrial efficiency)] [산업연소] European Commission, Joint Research Centre (JRC) — EDGAR 「EDGAR GHG_Industrial Combustion」 기준. Mt CO2eq (GWP-100 AR5). IPCC 2006 코드 1.A.2.","European Commission, Joint Research Centre (JRC) — EDGAR",https://edgar.jrc.ec.europa.eu/dataset_ghg2025,CC-BY-4.0,"A-011_GHG 배출량[에너지, 산업공정, 농업, 폐기물].xlsx",1.1_observation(측정값),67,
A-011,"GHG 배출량[에너지, 산업공정, 농업, 폐기물]",observation,v124-a-011-obs-00175,A-011_emissions_sector_industrial_combustion,VNM,1979,1979,1979,,,,0.2008731843,Mt CO2eq,,,,,,"[산업효율 기술 (Industrial efficiency)] [산업연소] European Commission, Joint Research Centre (JRC) — EDGAR 「EDGAR GHG_Industrial Combustion」 기준. Mt CO2eq (GWP-100 AR5). IPCC 2006 코드 1.A.2.","European Commission, Joint Research Centre (JRC) — EDGAR",https://edgar.jrc.ec.europa.eu/dataset_ghg2025,CC-BY-4.0,"A-011_GHG 배출량[에너지, 산업공정, 농업, 폐기물].xlsx",1.1_observation(측정값),68,
A-011,"GHG 배출량[에너지, 산업공정, 농업, 폐기물]",observation,v124-a-011-obs-00176,A-011_emissions_sector_industrial_combustion,VNM,1980,1980,1980,,,,5.5111323308,Mt CO2eq,,,,,,"[산업효율 기술 (Industrial efficiency)] [산업연소] European Commission, Joint Research Centre (JRC) — EDGAR 「EDGAR GHG_Industrial Combustion」 기준. Mt CO2eq (GWP-100 AR5). IPCC 2006 코드 1.A.2.","European Commission, Joint Research Centre (JRC) — EDGAR",https://edgar.jrc.ec.europa.eu/dataset_ghg2025,CC-BY-4.0,"A-011_GHG 배출량[에너지, 산업공정, 농업, 폐기물].xlsx",1.1_observation(측정값),69,
A-011,"GHG 배출량[에너지, 산업공정, 농업, 폐기물]",observation,v124-a-011-obs-00177,A-011_emissions_sector_industrial_combustion,VNM,1981,1981,1981,,,,5.4141898622,Mt CO2eq,,,,,,"[산업효율 기술 (Industrial efficiency)] [산업연소] European Commission, Joint Research Centre (JRC) — EDGAR 「EDGAR GHG_Industrial Combustion」 기준. Mt CO2eq (GWP-100 AR5). IPCC 2006 코드 1.A.2.","European Commission, Joint Research Centre (JRC) — EDGAR",https://edgar.jrc.ec.europa.eu/dataset_ghg2025,CC-BY-4.0,"A-011_GHG 배출량[에너지, 산업공정, 농업, 폐기물].xlsx",1.1_observation(측정값),70,
A-011,"GHG 배출량[에너지, 산업공정, 농업, 폐기물]",observation,v124-a-011-obs-00178,A-011_emissions_sector_industrial_combustion,VNM,1982,1982,1982,,,,5.9646638968,Mt CO2eq,,,,,,"[산업효율 기술 (Industrial efficiency)] [산업연소] European Commission, Joint Research Centre (JRC) — EDGAR 「EDGAR GHG_Industrial Combustion」 기준. Mt CO2eq (GWP-100 AR5). IPCC 2006 코드 1.A.2.","European Commission, Joint Research Centre (JRC) — EDGAR",https://edgar.jrc.ec.europa.eu/dataset_ghg2025,CC-BY-4.0,"A-011_GHG 배출량[에너지, 산업공정, 농업, 폐기물].xlsx",1.1_observation(측정값),71,
A-011,"GHG 배출량[에너지, 산업공정, 농업, 폐기물]",observation,v124-a-011-obs-00179,A-011_emissions_sector_industrial_combustion,VNM,1983,1983,1983,,,,6.8139171035,Mt CO2eq,,,,,,"[산업효율 기술 (Industrial efficiency)] [산업연소] European Commission, Joint Research Centre (JRC) — EDGAR 「EDGAR GHG_Industrial Combustion」 기준. Mt CO2eq (GWP-100 AR5). IPCC 2006 코드 1.A.2.","European Commission, Joint Research Centre (JRC) — EDGAR",https://edgar.jrc.ec.europa.eu/dataset_ghg2025,CC-BY-4.0,"A-011_GHG 배출량[에너지, 산업공정, 농업, 폐기물].xlsx",1.1_observation(측정값),72,
A-011,"GHG 배출량[에너지, 산업공정, 농업, 폐기물]",observation,v124-a-011-obs-00180,A-011_emissions_sector_industrial_combustion,VNM,1984,1984,1984,,,,7.503209579,Mt CO2eq,,,,,,"[산업효율 기술 (Industrial efficiency)] [산업연소] European Commission, Joint Research Centre (JRC) — EDGAR 「EDGAR GHG_Industrial Combustion」 기준. Mt CO2eq (GWP-100 AR5). IPCC 2006 코드 1.A.2.","European Commission, Joint Research Centre (JRC) — EDGAR",https://edgar.jrc.ec.europa.eu/dataset_ghg2025,CC-BY-4.0,"A-011_GHG 배출량[에너지, 산업공정, 농업, 폐기물].xlsx",1.1_observation(측정값),73,
A-011,"GHG 배출량[에너지, 산업공정, 농업, 폐기물]",observation,v124-a-011-obs-00181,A-011_emissions_sector_industrial_combustion,VNM,1985,1985,1985,,,,7.4539489458,Mt CO2eq,,,,,,"[산업효율 기술 (Industrial efficiency)] [산업연소] European Commission, Joint Research Centre (JRC) — EDGAR 「EDGAR GHG_Industrial Combustion」 기준. Mt CO2eq (GWP-100 AR5). IPCC 2006 코드 1.A.2.","European Commission, Joint Research Centre (JRC) — EDGAR",https://edgar.jrc.ec.europa.eu/dataset_ghg2025,CC-BY-4.0,"A-011_GHG 배출량[에너지, 산업공정, 농업, 폐기물].xlsx",1.1_observation(측정값),74,
A-011,"GHG 배출량[에너지, 산업공정, 농업, 폐기물]",observation,v124-a-011-obs-00182,A-011_emissions_sector_industrial_combustion,VNM,1986,1986,1986,,,,8.1557015075,Mt CO2eq,,,,,,"[산업효율 기술 (Industrial efficiency)] [산업연소] European Commission, Joint Research Centre (JRC) — EDGAR 「EDGAR GHG_Industrial Combustion」 기준. Mt CO2eq (GWP-100 AR5). IPCC 2006 코드 1.A.2.","European Commission, Joint Research Centre (JRC) — EDGAR",https://edgar.jrc.ec.europa.eu/dataset_ghg2025,CC-BY-4.0,"A-011_GHG 배출량[에너지, 산업공정, 농업, 폐기물].xlsx",1.1_observation(측정값),75,
A-011,"GHG 배출량[에너지, 산업공정, 농업, 폐기물]",observation,v124-a-011-obs-00183,A-011_emissions_sector_industrial_combustion,VNM,1987,1987,1987,,,,8.8811533736,Mt CO2eq,,,,,,"[산업효율 기술 (Industrial efficiency)] [산업연소] European Commission, Joint Research Centre (JRC) — EDGAR 「EDGAR GHG_Industrial Combustion」 기준. Mt CO2eq (GWP-100 AR5). IPCC 2006 코드 1.A.2.","European Commission, Joint Research Centre (JRC) — EDGAR",https://edgar.jrc.ec.europa.eu/dataset_ghg2025,CC-BY-4.0,"A-011_GHG 배출량[에너지, 산업공정, 농업, 폐기물].xlsx",1.1_observation(측정값),76,
A-011,"GHG 배출량[에너지, 산업공정, 농업, 폐기물]",observation,v124-a-011-obs-00184,A-011_emissions_sector_industrial_combustion,VNM,1988,1988,1988,,,,6.8401947546,Mt CO2eq,,,,,,"[산업효율 기술 (Industrial efficiency)] [산업연소] European Commission, Joint Research Centre (JRC) — EDGAR 「EDGAR GHG_Industrial Combustion」 기준. Mt CO2eq (GWP-100 AR5). IPCC 2006 코드 1.A.2.","European Commission, Joint Research Centre (JRC) — EDGAR",https://edgar.jrc.ec.europa.eu/dataset_ghg2025,CC-BY-4.0,"A-011_GHG 배출량[에너지, 산업공정, 농업, 폐기물].xlsx",1.1_observation(측정값),77,
A-011,"GHG 배출량[에너지, 산업공정, 농업, 폐기물]",observation,v124-a-011-obs-00185,A-011_emissions_sector_industrial_combustion,VNM,1989,1989,1989,,,,6.4839933548,Mt CO2eq,,,,,,"[산업효율 기술 (Industrial efficiency)] [산업연소] European Commission, Joint Research Centre (JRC) — EDGAR 「EDGAR GHG_Industrial Combustion」 기준. Mt CO2eq (GWP-100 AR5). IPCC 2006 코드 1.A.2.","European Commission, Joint Research Centre (JRC) — EDGAR",https://edgar.jrc.ec.europa.eu/dataset_ghg2025,CC-BY-4.0,"A-011_GHG 배출량[에너지, 산업공정, 농업, 폐기물].xlsx",1.1_observation(측정값),78,
A-011,"GHG 배출량[에너지, 산업공정, 농업, 폐기물]",observation,v124-a-011-obs-00186,A-011_emissions_sector_industrial_combustion,VNM,1990,1990,1990,,,,5.9263891535,Mt CO2eq,,,,,,"[산업효율 기술 (Industrial efficiency)] [산업연소] European Commission, Joint Research Centre (JRC) — EDGAR 「EDGAR GHG_Industrial Combustion」 기준. Mt CO2eq (GWP-100 AR5). IPCC 2006 코드 1.A.2.","European Commission, Joint Research Centre (JRC) — EDGAR",https://edgar.jrc.ec.europa.eu/dataset_ghg2025,CC-BY-4.0,"A-011_GHG 배출량[에너지, 산업공정, 농업, 폐기물].xlsx",1.1_observation(측정값),79,
A-011,"GHG 배출량[에너지, 산업공정, 농업, 폐기물]",observation,v124-a-011-obs-00187,A-011_emissions_sector_industrial_combustion,VNM,1991,1991,1991,,,,6.5265630178,Mt CO2eq,,,,,,"[산업효율 기술 (Industrial efficiency)] [산업연소] European Commission, Joint Research Centre (JRC) — EDGAR 「EDGAR GHG_Industrial Combustion」 기준. Mt CO2eq (GWP-100 AR5). IPCC 2006 코드 1.A.2.","European Commission, Joint Research Centre (JRC) — EDGAR",https://edgar.jrc.ec.europa.eu/dataset_ghg2025,CC-BY-4.0,"A-011_GHG 배출량[에너지, 산업공정, 농업, 폐기물].xlsx",1.1_observation(측정값),80,
A-011,"GHG 배출량[에너지, 산업공정, 농업, 폐기물]",observation,v124-a-011-obs-00188,A-011_emissions_sector_industrial_combustion,VNM,1992,1992,1992,,,,7.0496854844,Mt CO2eq,,,,,,"[산업효율 기술 (Industrial efficiency)] [산업연소] European Commission, Joint Research Centre (JRC) — EDGAR 「EDGAR GHG_Industrial Combustion」 기준. Mt CO2eq (GWP-100 AR5). IPCC 2006 코드 1.A.2.","European Commission, Joint Research Centre (JRC) — EDGAR",https://edgar.jrc.ec.europa.eu/dataset_ghg2025,CC-BY-4.0,"A-011_GHG 배출량[에너지, 산업공정, 농업, 폐기물].xlsx",1.1_observation(측정값),81,
A-011,"GHG 배출량[에너지, 산업공정, 농업, 폐기물]",observation,v124-a-011-obs-00189,A-011_emissions_sector_industrial_combustion,VNM,1993,1993,1993,,,,7.5062922286,Mt CO2eq,,,,,,"[산업효율 기술 (Industrial efficiency)] [산업연소] European Commission, Joint Research Centre (JRC) — EDGAR 「EDGAR GHG_Industrial Combustion」 기준. Mt CO2eq (GWP-100 AR5). IPCC 2006 코드 1.A.2.","European Commission, Joint Research Centre (JRC) — EDGAR",https://edgar.jrc.ec.europa.eu/dataset_ghg2025,CC-BY-4.0,"A-011_GHG 배출량[에너지, 산업공정, 농업, 폐기물].xlsx",1.1_observation(측정값),82,
A-011,"GHG 배출량[에너지, 산업공정, 농업, 폐기물]",observation,v124-a-011-obs-00190,A-011_emissions_sector_industrial_combustion,VNM,1994,1994,1994,,,,7.6664015297,Mt CO2eq,,,,,,"[산업효율 기술 (Industrial efficiency)] [산업연소] European Commission, Joint Research Centre (JRC) — EDGAR 「EDGAR GHG_Industrial Combustion」 기준. Mt CO2eq (GWP-100 AR5). IPCC 2006 코드 1.A.2.","European Commission, Joint Research Centre (JRC) — EDGAR",https://edgar.jrc.ec.europa.eu/dataset_ghg2025,CC-BY-4.0,"A-011_GHG 배출량[에너지, 산업공정, 농업, 폐기물].xlsx",1.1_observation(측정값),83,
A-011,"GHG 배출량[에너지, 산업공정, 농업, 폐기물]",observation,v124-a-011-obs-00191,A-011_emissions_sector_industrial_combustion,VNM,1995,1995,1995,,,,10.7393243961,Mt CO2eq,,,,,,"[산업효율 기술 (Industrial efficiency)] [산업연소] European Commission, Joint Research Centre (JRC) — EDGAR 「EDGAR GHG_Industrial Combustion」 기준. Mt CO2eq (GWP-100 AR5). IPCC 2006 코드 1.A.2.","European Commission, Joint Research Centre (JRC) — EDGAR",https://edgar.jrc.ec.europa.eu/dataset_ghg2025,CC-BY-4.0,"A-011_GHG 배출량[에너지, 산업공정, 농업, 폐기물].xlsx",1.1_observation(측정값),84,
A-011,"GHG 배출량[에너지, 산업공정, 농업, 폐기물]",observation,v124-a-011-obs-00192,A-011_emissions_sector_industrial_combustion,VNM,1996,1996,1996,,,,11.3057547282,Mt CO2eq,,,,,,"[산업효율 기술 (Industrial efficiency)] [산업연소] European Commission, Joint Research Centre (JRC) — EDGAR 「EDGAR GHG_Industrial Combustion」 기준. Mt CO2eq (GWP-100 AR5). IPCC 2006 코드 1.A.2.","European Commission, Joint Research Centre (JRC) — EDGAR",https://edgar.jrc.ec.europa.eu/dataset_ghg2025,CC-BY-4.0,"A-011_GHG 배출량[에너지, 산업공정, 농업, 폐기물].xlsx",1.1_observation(측정값),85,
A-011,"GHG 배출량[에너지, 산업공정, 농업, 폐기물]",observation,v124-a-011-obs-00193,A-011_emissions_sector_industrial_combustion,VNM,1997,1997,1997,,,,13.5126839874,Mt CO2eq,,,,,,"[산업효율 기술 (Industrial efficiency)] [산업연소] European Commission, Joint Research Centre (JRC) — EDGAR 「EDGAR GHG_Industrial Combustion」 기준. Mt CO2eq (GWP-100 AR5). IPCC 2006 코드 1.A.2.","European Commission, Joint Research Centre (JRC) — EDGAR",https://edgar.jrc.ec.europa.eu/dataset_ghg2025,CC-BY-4.0,"A-011_GHG 배출량[에너지, 산업공정, 농업, 폐기물].xlsx",1.1_observation(측정값),86,
A-011,"GHG 배출량[에너지, 산업공정, 농업, 폐기물]",observation,v124-a-011-obs-00194,A-011_emissions_sector_industrial_combustion,VNM,1998,1998,1998,,,,14.0430435933,Mt CO2eq,,,,,,"[산업효율 기술 (Industrial efficiency)] [산업연소] European Commission, Joint Research Centre (JRC) — EDGAR 「EDGAR GHG_Industrial Combustion」 기준. Mt CO2eq (GWP-100 AR5). IPCC 2006 코드 1.A.2.","European Commission, Joint Research Centre (JRC) — EDGAR",https://edgar.jrc.ec.europa.eu/dataset_ghg2025,CC-BY-4.0,"A-011_GHG 배출량[에너지, 산업공정, 농업, 폐기물].xlsx",1.1_observation(측정값),87,
A-011,"GHG 배출량[에너지, 산업공정, 농업, 폐기물]",observation,v124-a-011-obs-00195,A-011_emissions_sector_industrial_combustion,VNM,1999,1999,1999,,,,14.0956146709,Mt CO2eq,,,,,,"[산업효율 기술 (Industrial efficiency)] [산업연소] European Commission, Joint Research Centre (JRC) — EDGAR 「EDGAR GHG_Industrial Combustion」 기준. Mt CO2eq (GWP-100 AR5). IPCC 2006 코드 1.A.2.","European Commission, Joint Research Centre (JRC) — EDGAR",https://edgar.jrc.ec.europa.eu/dataset_ghg2025,CC-BY-4.0,"A-011_GHG 배출량[에너지, 산업공정, 농업, 폐기물].xlsx",1.1_observation(측정값),88,
A-011,"GHG 배출량[에너지, 산업공정, 농업, 폐기물]",observation,v124-a-011-obs-00196,A-011_emissions_sector_industrial_combustion,VNM,2000,2000,2000,,,,14.7952111334,Mt CO2eq,,,,,,"[산업효율 기술 (Industrial efficiency)] [산업연소] European Commission, Joint Research Centre (JRC) — EDGAR 「EDGAR GHG_Industrial Combustion」 기준. Mt CO2eq (GWP-100 AR5). IPCC 2006 코드 1.A.2.","European Commission, Joint Research Centre (JRC) — EDGAR",https://edgar.jrc.ec.europa.eu/dataset_ghg2025,CC-BY-4.0,"A-011_GHG 배출량[에너지, 산업공정, 농업, 폐기물].xlsx",1.1_observation(측정값),89,
A-011,"GHG 배출량[에너지, 산업공정, 농업, 폐기물]",observation,v124-a-011-obs-00197,A-011_emissions_sector_industrial_combustion,VNM,2001,2001,2001,,,,16.810425864,Mt CO2eq,,,,,,"[산업효율 기술 (Industrial efficiency)] [산업연소] European Commission, Joint Research Centre (JRC) — EDGAR 「EDGAR GHG_Industrial Combustion」 기준. Mt CO2eq (GWP-100 AR5). IPCC 2006 코드 1.A.2.","European Commission, Joint Research Centre (JRC) — EDGAR",https://edgar.jrc.ec.europa.eu/dataset_ghg2025,CC-BY-4.0,"A-011_GHG 배출량[에너지, 산업공정, 농업, 폐기물].xlsx",1.1_observation(측정값),90,
A-011,"GHG 배출량[에너지, 산업공정, 농업, 폐기물]",observation,v124-a-011-obs-00198,A-011_emissions_sector_industrial_combustion,VNM,2002,2002,2002,,,,18.7082191705,Mt CO2eq,,,,,,"[산업효율 기술 (Industrial efficiency)] [산업연소] European Commission, Joint Research Centre (JRC) — EDGAR 「EDGAR GHG_Industrial Combustion」 기준. Mt CO2eq (GWP-100 AR5). IPCC 2006 코드 1.A.2.","European Commission, Joint Research Centre (JRC) — EDGAR",https://edgar.jrc.ec.europa.eu/dataset_ghg2025,CC-BY-4.0,"A-011_GHG 배출량[에너지, 산업공정, 농업, 폐기물].xlsx",1.1_observation(측정값),91,
A-011,"GHG 배출량[에너지, 산업공정, 농업, 폐기물]",observation,v124-a-011-obs-00199,A-011_emissions_sector_industrial_combustion,VNM,2003,2003,2003,,,,19.9961877002,Mt CO2eq,,,,,,"[산업효율 기술 (Industrial efficiency)] [산업연소] European Commission, Joint Research Centre (JRC) — EDGAR 「EDGAR GHG_Industrial Combustion」 기준. Mt CO2eq (GWP-100 AR5). IPCC 2006 코드 1.A.2.","European Commission, Joint Research Centre (JRC) — EDGAR",https://edgar.jrc.ec.europa.eu/dataset_ghg2025,CC-BY-4.0,"A-011_GHG 배출량[에너지, 산업공정, 농업, 폐기물].xlsx",1.1_observation(측정값),92,
A-011,"GHG 배출량[에너지, 산업공정, 농업, 폐기물]",observation,v124-a-011-obs-00200,A-011_emissions_sector_industrial_combustion,VNM,2004,2004,2004,,,,23.1779401497,Mt CO2eq,,,,,,"[산업효율 기술 (Industrial efficiency)] [산업연소] European Commission, Joint Research Centre (JRC) — EDGAR 「EDGAR GHG_Industrial Combustion」 기준. Mt CO2eq (GWP-100 AR5). IPCC 2006 코드 1.A.2.","European Commission, Joint Research Centre (JRC) — EDGAR",https://edgar.jrc.ec.europa.eu/dataset_ghg2025,CC-BY-4.0,"A-011_GHG 배출량[에너지, 산업공정, 농업, 폐기물].xlsx",1.1_observation(측정값),93,
A-011,"GHG 배출량[에너지, 산업공정, 농업, 폐기물]",observation,v124-a-011-obs-00201,A-011_emissions_sector_industrial_combustion,VNM,2005,2005,2005,,,,24.4459118119,Mt CO2eq,,,,,,"[산업효율 기술 (Industrial efficiency)] [산업연소] European Commission, Joint Research Centre (JRC) — EDGAR 「EDGAR GHG_Industrial Combustion」 기준. Mt CO2eq (GWP-100 AR5). IPCC 2006 코드 1.A.2.","European Commission, Joint Research Centre (JRC) — EDGAR",https://edgar.jrc.ec.europa.eu/dataset_ghg2025,CC-BY-4.0,"A-011_GHG 배출량[에너지, 산업공정, 농업, 폐기물].xlsx",1.1_observation(측정값),94,
A-011,"GHG 배출량[에너지, 산업공정, 농업, 폐기물]",observation,v124-a-011-obs-00202,A-011_emissions_sector_industrial_combustion,VNM,2006,2006,2006,,,,24.5454505271,Mt CO2eq,,,,,,"[산업효율 기술 (Industrial efficiency)] [산업연소] European Commission, Joint Research Centre (JRC) — EDGAR 「EDGAR GHG_Industrial Combustion」 기준. Mt CO2eq (GWP-100 AR5). IPCC 2006 코드 1.A.2.","European Commission, Joint Research Centre (JRC) — EDGAR",https://edgar.jrc.ec.europa.eu/dataset_ghg2025,CC-BY-4.0,"A-011_GHG 배출량[에너지, 산업공정, 농업, 폐기물].xlsx",1.1_observation(측정값),95,
A-011,"GHG 배출량[에너지, 산업공정, 농업, 폐기물]",observation,v124-a-011-obs-00203,A-011_emissions_sector_industrial_combustion,VNM,2007,2007,2007,,,,27.2647192012,Mt CO2eq,,,,,,"[산업효율 기술 (Industrial efficiency)] [산업연소] European Commission, Joint Research Centre (JRC) — EDGAR 「EDGAR GHG_Industrial Combustion」 기준. Mt CO2eq (GWP-100 AR5). IPCC 2006 코드 1.A.2.","European Commission, Joint Research Centre (JRC) — EDGAR",https://edgar.jrc.ec.europa.eu/dataset_ghg2025,CC-BY-4.0,"A-011_GHG 배출량[에너지, 산업공정, 농업, 폐기물].xlsx",1.1_observation(측정값),96,
A-011,"GHG 배출량[에너지, 산업공정, 농업, 폐기물]",observation,v124-a-011-obs-00204,A-011_emissions_sector_industrial_combustion,VNM,2008,2008,2008,,,,35.8038372868,Mt CO2eq,,,,,,"[산업효율 기술 (Industrial efficiency)] [산업연소] European Commission, Joint Research Centre (JRC) — EDGAR 「EDGAR GHG_Industrial Combustion」 기준. Mt CO2eq (GWP-100 AR5). IPCC 2006 코드 1.A.2.","European Commission, Joint Research Centre (JRC) — EDGAR",https://edgar.jrc.ec.europa.eu/dataset_ghg2025,CC-BY-4.0,"A-011_GHG 배출량[에너지, 산업공정, 농업, 폐기물].xlsx",1.1_observation(측정값),97,
A-011,"GHG 배출량[에너지, 산업공정, 농업, 폐기물]",observation,v124-a-011-obs-00205,A-011_emissions_sector_industrial_combustion,VNM,2009,2009,2009,,,,39.4147873838,Mt CO2eq,,,,,,"[산업효율 기술 (Industrial efficiency)] [산업연소] European Commission, Joint Research Centre (JRC) — EDGAR 「EDGAR GHG_Industrial Combustion」 기준. Mt CO2eq (GWP-100 AR5). IPCC 2006 코드 1.A.2.","European Commission, Joint Research Centre (JRC) — EDGAR",https://edgar.jrc.ec.europa.eu/dataset_ghg2025,CC-BY-4.0,"A-011_GHG 배출량[에너지, 산업공정, 농업, 폐기물].xlsx",1.1_observation(측정값),98,
A-011,"GHG 배출량[에너지, 산업공정, 농업, 폐기물]",observation,v124-a-011-obs-00206,A-011_emissions_sector_industrial_combustion,VNM,2010,2010,2010,,,,42.0459172879,Mt CO2eq,,,,,,"[산업효율 기술 (Industrial efficiency)] [산업연소] European Commission, Joint Research Centre (JRC) — EDGAR 「EDGAR GHG_Industrial Combustion」 기준. Mt CO2eq (GWP-100 AR5). IPCC 2006 코드 1.A.2.","European Commission, Joint Research Centre (JRC) — EDGAR",https://edgar.jrc.ec.europa.eu/dataset_ghg2025,CC-BY-4.0,"A-011_GHG 배출량[에너지, 산업공정, 농업, 폐기물].xlsx",1.1_observation(측정값),99,
A-011,"GHG 배출량[에너지, 산업공정, 농업, 폐기물]",observation,v124-a-011-obs-00207,A-011_emissions_sector_industrial_combustion,VNM,2011,2011,2011,,,,43.8226545529,Mt CO2eq,,,,,,"[산업효율 기술 (Industrial efficiency)] [산업연소] European Commission, Joint Research Centre (JRC) — EDGAR 「EDGAR GHG_Industrial Combustion」 기준. Mt CO2eq (GWP-100 AR5). IPCC 2006 코드 1.A.2.","European Commission, Joint Research Centre (JRC) — EDGAR",https://edgar.jrc.ec.europa.eu/dataset_ghg2025,CC-BY-4.0,"A-011_GHG 배출량[에너지, 산업공정, 농업, 폐기물].xlsx",1.1_observation(측정값),100,
A-011,"GHG 배출량[에너지, 산업공정, 농업, 폐기물]",observation,v124-a-011-obs-00208,A-011_emissions_sector_industrial_combustion,VNM,2012,2012,2012,,,,43.2478667458,Mt CO2eq,,,,,,"[산업효율 기술 (Industrial efficiency)] [산업연소] European Commission, Joint Research Centre (JRC) — EDGAR 「EDGAR GHG_Industrial Combustion」 기준. Mt CO2eq (GWP-100 AR5). IPCC 2006 코드 1.A.2.","European Commission, Joint Research Centre (JRC) — EDGAR",https://edgar.jrc.ec.europa.eu/dataset_ghg2025,CC-BY-4.0,"A-011_GHG 배출량[에너지, 산업공정, 농업, 폐기물].xlsx",1.1_observation(측정값),101,
A-011,"GHG 배출량[에너지, 산업공정, 농업, 폐기물]",observation,v124-a-011-obs-00209,A-011_emissions_sector_industrial_combustion,VNM,2013,2013,2013,,,,46.5331735466,Mt CO2eq,,,,,,"[산업효율 기술 (Industrial efficiency)] [산업연소] European Commission, Joint Research Centre (JRC) — EDGAR 「EDGAR GHG_Industrial Combustion」 기준. Mt CO2eq (GWP-100 AR5). IPCC 2006 코드 1.A.2.","European Commission, Joint Research Centre (JRC) — EDGAR",https://edgar.jrc.ec.europa.eu/dataset_ghg2025,CC-BY-4.0,"A-011_GHG 배출량[에너지, 산업공정, 농업, 폐기물].xlsx",1.1_observation(측정값),102,
A-011,"GHG 배출량[에너지, 산업공정, 농업, 폐기물]",observation,v124-a-011-obs-00210,A-011_emissions_sector_industrial_combustion,VNM,2014,2014,2014,,,,51.7266484412,Mt CO2eq,,,,,,"[산업효율 기술 (Industrial efficiency)] [산업연소] European Commission, Joint Research Centre (JRC) — EDGAR 「EDGAR GHG_Industrial Combustion」 기준. Mt CO2eq (GWP-100 AR5). IPCC 2006 코드 1.A.2.","European Commission, Joint Research Centre (JRC) — EDGAR",https://edgar.jrc.ec.europa.eu/dataset_ghg2025,CC-BY-4.0,"A-011_GHG 배출량[에너지, 산업공정, 농업, 폐기물].xlsx",1.1_observation(측정값),103,
A-011,"GHG 배출량[에너지, 산업공정, 농업, 폐기물]",observation,v124-a-011-obs-00211,A-011_emissions_sector_industrial_combustion,VNM,2015,2015,2015,,,,33.7826699983,Mt CO2eq,,,,,,"[산업효율 기술 (Industrial efficiency)] [산업연소] European Commission, Joint Research Centre (JRC) — EDGAR 「EDGAR GHG_Industrial Combustion」 기준. Mt CO2eq (GWP-100 AR5). IPCC 2006 코드 1.A.2.","European Commission, Joint Research Centre (JRC) — EDGAR",https://edgar.jrc.ec.europa.eu/dataset_ghg2025,CC-BY-4.0,"A-011_GHG 배출량[에너지, 산업공정, 농업, 폐기물].xlsx",1.1_observation(측정값),104,
A-011,"GHG 배출량[에너지, 산업공정, 농업, 폐기물]",observation,v124-a-011-obs-00212,A-011_emissions_sector_industrial_combustion,VNM,2016,2016,2016,,,,36.2363340139,Mt CO2eq,,,,,,"[산업효율 기술 (Industrial efficiency)] [산업연소] European Commission, Joint Research Centre (JRC) — EDGAR 「EDGAR GHG_Industrial Combustion」 기준. Mt CO2eq (GWP-100 AR5). IPCC 2006 코드 1.A.2.","European Commission, Joint Research Centre (JRC) — EDGAR",https://edgar.jrc.ec.europa.eu/dataset_ghg2025,CC-BY-4.0,"A-011_GHG 배출량[에너지, 산업공정, 농업, 폐기물].xlsx",1.1_observation(측정값),105,
A-011,"GHG 배출량[에너지, 산업공정, 농업, 폐기물]",observation,v124-a-011-obs-00213,A-011_emissions_sector_industrial_combustion,VNM,2017,2017,2017,,,,37.6343599918,Mt CO2eq,,,,,,"[산업효율 기술 (Industrial efficiency)] [산업연소] European Commission, Joint Research Centre (JRC) — EDGAR 「EDGAR GHG_Industrial Combustion」 기준. Mt CO2eq (GWP-100 AR5). IPCC 2006 코드 1.A.2.","European Commission, Joint Research Centre (JRC) — EDGAR",https://edgar.jrc.ec.europa.eu/dataset_ghg2025,CC-BY-4.0,"A-011_GHG 배출량[에너지, 산업공정, 농업, 폐기물].xlsx",1.1_observation(측정값),106,
A-011,"GHG 배출량[에너지, 산업공정, 농업, 폐기물]",observation,v124-a-011-obs-00214,A-011_emissions_sector_industrial_combustion,VNM,2018,2018,2018,,,,59.3549059903,Mt CO2eq,,,,,,"[산업효율 기술 (Industrial efficiency)] [산업연소] European Commission, Joint Research Centre (JRC) — EDGAR 「EDGAR GHG_Industrial Combustion」 기준. Mt CO2eq (GWP-100 AR5). IPCC 2006 코드 1.A.2.","European Commission, Joint Research Centre (JRC) — EDGAR",https://edgar.jrc.ec.europa.eu/dataset_ghg2025,CC-BY-4.0,"A-011_GHG 배출량[에너지, 산업공정, 농업, 폐기물].xlsx",1.1_observation(측정값),107,
A-011,"GHG 배출량[에너지, 산업공정, 농업, 폐기물]",observation,v124-a-011-obs-00215,A-011_emissions_sector_industrial_combustion,VNM,2019,2019,2019,,,,72.2901068439,Mt CO2eq,,,,,,"[산업효율 기술 (Industrial efficiency)] [산업연소] European Commission, Joint Research Centre (JRC) — EDGAR 「EDGAR GHG_Industrial Combustion」 기준. Mt CO2eq (GWP-100 AR5). IPCC 2006 코드 1.A.2.","European Commission, Joint Research Centre (JRC) — EDGAR",https://edgar.jrc.ec.europa.eu/dataset_ghg2025,CC-BY-4.0,"A-011_GHG 배출량[에너지, 산업공정, 농업, 폐기물].xlsx",1.1_observation(측정값),108,
A-011,"GHG 배출량[에너지, 산업공정, 농업, 폐기물]",observation,v124-a-011-obs-00216,A-011_emissions_sector_industrial_combustion,VNM,2020,2020,2020,,,,93.1895443462,Mt CO2eq,,,,,,"[산업효율 기술 (Industrial efficiency)] [산업연소] European Commission, Joint Research Centre (JRC) — EDGAR 「EDGAR GHG_Industrial Combustion」 기준. Mt CO2eq (GWP-100 AR5). IPCC 2006 코드 1.A.2.","European Commission, Joint Research Centre (JRC) — EDGAR",https://edgar.jrc.ec.europa.eu/dataset_ghg2025,CC-BY-4.0,"A-011_GHG 배출량[에너지, 산업공정, 농업, 폐기물].xlsx",1.1_observation(측정값),109,
A-011,"GHG 배출량[에너지, 산업공정, 농업, 폐기물]",observation,v124-a-011-obs-00217,A-011_emissions_sector_industrial_combustion,VNM,2021,2021,2021,,,,93.3298491566,Mt CO2eq,,,,,,"[산업효율 기술 (Industrial efficiency)] [산업연소] European Commission, Joint Research Centre (JRC) — EDGAR 「EDGAR GHG_Industrial Combustion」 기준. Mt CO2eq (GWP-100 AR5). IPCC 2006 코드 1.A.2.","European Commission, Joint Research Centre (JRC) — EDGAR",https://edgar.jrc.ec.europa.eu/dataset_ghg2025,CC-BY-4.0,"A-011_GHG 배출량[에너지, 산업공정, 농업, 폐기물].xlsx",1.1_observation(측정값),110,
A-011,"GHG 배출량[에너지, 산업공정, 농업, 폐기물]",observation,v124-a-011-obs-00218,A-011_emissions_sector_industrial_combustion,VNM,2022,2022,2022,,,,88.9204251965,Mt CO2eq,,,,,,"[산업효율 기술 (Industrial efficiency)] [산업연소] European Commission, Joint Research Centre (JRC) — EDGAR 「EDGAR GHG_Industrial Combustion」 기준. Mt CO2eq (GWP-100 AR5). IPCC 2006 코드 1.A.2.","European Commission, Joint Research Centre (JRC) — EDGAR",https://edgar.jrc.ec.europa.eu/dataset_ghg2025,CC-BY-4.0,"A-011_GHG 배출량[에너지, 산업공정, 농업, 폐기물].xlsx",1.1_observation(측정값),111,
A-011,"GHG 배출량[에너지, 산업공정, 농업, 폐기물]",observation,v124-a-011-obs-00219,A-011_emissions_sector_industrial_combustion,VNM,2023,2023,2023,,,,103.6086630999,Mt CO2eq,,,,,,"[산업효율 기술 (Industrial efficiency)] [산업연소] European Commission, Joint Research Centre (JRC) — EDGAR 「EDGAR GHG_Industrial Combustion」 기준. Mt CO2eq (GWP-100 AR5). IPCC 2006 코드 1.A.2.","European Commission, Joint Research Centre (JRC) — EDGAR",https://edgar.jrc.ec.europa.eu/dataset_ghg2025,CC-BY-4.0,"A-011_GHG 배출량[에너지, 산업공정, 농업, 폐기물].xlsx",1.1_observation(측정값),112,
A-011,"GHG 배출량[에너지, 산업공정, 농업, 폐기물]",observation,v124-a-011-obs-00220,A-011_emissions_sector_industrial_combustion,VNM,2024,2024,2024,,,,112.7987689796,Mt CO2eq,,,,,,"[산업효율 기술 (Industrial efficiency)] [산업연소] European Commission, Joint Research Centre (JRC) — EDGAR 「EDGAR GHG_Industrial Combustion」 기준. Mt CO2eq (GWP-100 AR5). IPCC 2006 코드 1.A.2.","European Commission, Joint Research Centre (JRC) — EDGAR",https://edgar.jrc.ec.europa.eu/dataset_ghg2025,CC-BY-4.0,"A-011_GHG 배출량[에너지, 산업공정, 농업, 폐기물].xlsx",1.1_observation(측정값),113,
A-011,"GHG 배출량[에너지, 산업공정, 농업, 폐기물]",observation,v124-a-011-obs-00221,A-011_emissions_sector_industrial_processes,VNM,1970,1970,1970,,,,0.7550714209,Mt CO2eq,,,,,,"[기타 온실가스 처리 및 대체 기술 (Other GHG treatment)] [산업공정(IPPU)] European Commission, Joint Research Centre (JRC) — EDGAR 「EDGAR_AR5_GHG / IPCC 2006」 기준. Mt CO2eq (GWP-100 AR5). IPCC 2006 코드 2.A.1, 2.A.2, 2.A.3, 2.A.4, 2.B, 2.C, 2.D, 2.E, 2.F, 2.G, 2.H.","European Commission, Joint Research Centre (JRC) — EDGAR",https://edgar.jrc.ec.europa.eu/dataset_ghg2025,CC-BY-4.0,"A-011_GHG 배출량[에너지, 산업공정, 농업, 폐기물].xlsx",1.1_observation(측정값),279,
A-011,"GHG 배출량[에너지, 산업공정, 농업, 폐기물]",observation,v124-a-011-obs-00222,A-011_emissions_sector_industrial_processes,VNM,1971,1971,1971,,,,0.7710593326,Mt CO2eq,,,,,,"[기타 온실가스 처리 및 대체 기술 (Other GHG treatment)] [산업공정(IPPU)] European Commission, Joint Research Centre (JRC) — EDGAR 「EDGAR_AR5_GHG / IPCC 2006」 기준. Mt CO2eq (GWP-100 AR5). IPCC 2006 코드 2.A.1, 2.A.2, 2.A.3, 2.A.4, 2.B, 2.C, 2.D, 2.E, 2.F, 2.G, 2.H.","European Commission, Joint Research Centre (JRC) — EDGAR",https://edgar.jrc.ec.europa.eu/dataset_ghg2025,CC-BY-4.0,"A-011_GHG 배출량[에너지, 산업공정, 농업, 폐기물].xlsx",1.1_observation(측정값),280,
A-011,"GHG 배출량[에너지, 산업공정, 농업, 폐기물]",observation,v124-a-011-obs-00223,A-011_emissions_sector_industrial_processes,VNM,1972,1972,1972,,,,0.6685221941,Mt CO2eq,,,,,,"[기타 온실가스 처리 및 대체 기술 (Other GHG treatment)] [산업공정(IPPU)] European Commission, Joint Research Centre (JRC) — EDGAR 「EDGAR_AR5_GHG / IPCC 2006」 기준. Mt CO2eq (GWP-100 AR5). IPCC 2006 코드 2.A.1, 2.A.2, 2.A.3, 2.A.4, 2.B, 2.C, 2.D, 2.E, 2.F, 2.G, 2.H.","European Commission, Joint Research Centre (JRC) — EDGAR",https://edgar.jrc.ec.europa.eu/dataset_ghg2025,CC-BY-4.0,"A-011_GHG 배출량[에너지, 산업공정, 농업, 폐기물].xlsx",1.1_observation(측정값),281,
A-011,"GHG 배출량[에너지, 산업공정, 농업, 폐기물]",observation,v124-a-011-obs-00224,A-011_emissions_sector_industrial_processes,VNM,1973,1973,1973,,,,0.8346884613,Mt CO2eq,,,,,,"[기타 온실가스 처리 및 대체 기술 (Other GHG treatment)] [산업공정(IPPU)] European Commission, Joint Research Centre (JRC) — EDGAR 「EDGAR_AR5_GHG / IPCC 2006」 기준. Mt CO2eq (GWP-100 AR5). IPCC 2006 코드 2.A.1, 2.A.2, 2.A.3, 2.A.4, 2.B, 2.C, 2.D, 2.E, 2.F, 2.G, 2.H.","European Commission, Joint Research Centre (JRC) — EDGAR",https://edgar.jrc.ec.europa.eu/dataset_ghg2025,CC-BY-4.0,"A-011_GHG 배출량[에너지, 산업공정, 농업, 폐기물].xlsx",1.1_observation(측정값),282,
A-011,"GHG 배출량[에너지, 산업공정, 농업, 폐기물]",observation,v124-a-011-obs-00225,A-011_emissions_sector_industrial_processes,VNM,1974,1974,1974,,,,0.8337368441,Mt CO2eq,,,,,,"[기타 온실가스 처리 및 대체 기술 (Other GHG treatment)] [산업공정(IPPU)] European Commission, Joint Research Centre (JRC) — EDGAR 「EDGAR_AR5_GHG / IPCC 2006」 기준. Mt CO2eq (GWP-100 AR5). IPCC 2006 코드 2.A.1, 2.A.2, 2.A.3, 2.A.4, 2.B, 2.C, 2.D, 2.E, 2.F, 2.G, 2.H.","European Commission, Joint Research Centre (JRC) — EDGAR",https://edgar.jrc.ec.europa.eu/dataset_ghg2025,CC-BY-4.0,"A-011_GHG 배출량[에너지, 산업공정, 농업, 폐기물].xlsx",1.1_observation(측정값),283,
A-011,"GHG 배출량[에너지, 산업공정, 농업, 폐기물]",observation,v124-a-011-obs-00226,A-011_emissions_sector_industrial_processes,VNM,1975,1975,1975,,,,0.7855427168,Mt CO2eq,,,,,,"[기타 온실가스 처리 및 대체 기술 (Other GHG treatment)] [산업공정(IPPU)] European Commission, Joint Research Centre (JRC) — EDGAR 「EDGAR_AR5_GHG / IPCC 2006」 기준. Mt CO2eq (GWP-100 AR5). IPCC 2006 코드 2.A.1, 2.A.2, 2.A.3, 2.A.4, 2.B, 2.C, 2.D, 2.E, 2.F, 2.G, 2.H.","European Commission, Joint Research Centre (JRC) — EDGAR",https://edgar.jrc.ec.europa.eu/dataset_ghg2025,CC-BY-4.0,"A-011_GHG 배출량[에너지, 산업공정, 농업, 폐기물].xlsx",1.1_observation(측정값),284,
A-011,"GHG 배출량[에너지, 산업공정, 농업, 폐기물]",observation,v124-a-011-obs-00227,A-011_emissions_sector_industrial_processes,VNM,1976,1976,1976,,,,0.9205443358,Mt CO2eq,,,,,,"[기타 온실가스 처리 및 대체 기술 (Other GHG treatment)] [산업공정(IPPU)] European Commission, Joint Research Centre (JRC) — EDGAR 「EDGAR_AR5_GHG / IPCC 2006」 기준. Mt CO2eq (GWP-100 AR5). IPCC 2006 코드 2.A.1, 2.A.2, 2.A.3, 2.A.4, 2.B, 2.C, 2.D, 2.E, 2.F, 2.G, 2.H.","European Commission, Joint Research Centre (JRC) — EDGAR",https://edgar.jrc.ec.europa.eu/dataset_ghg2025,CC-BY-4.0,"A-011_GHG 배출량[에너지, 산업공정, 농업, 폐기물].xlsx",1.1_observation(측정값),285,
A-011,"GHG 배출량[에너지, 산업공정, 농업, 폐기물]",observation,v124-a-011-obs-00228,A-011_emissions_sector_industrial_processes,VNM,1977,1977,1977,,,,1.0242677488,Mt CO2eq,,,,,,"[기타 온실가스 처리 및 대체 기술 (Other GHG treatment)] [산업공정(IPPU)] European Commission, Joint Research Centre (JRC) — EDGAR 「EDGAR_AR5_GHG / IPCC 2006」 기준. Mt CO2eq (GWP-100 AR5). IPCC 2006 코드 2.A.1, 2.A.2, 2.A.3, 2.A.4, 2.B, 2.C, 2.D, 2.E, 2.F, 2.G, 2.H.","European Commission, Joint Research Centre (JRC) — EDGAR",https://edgar.jrc.ec.europa.eu/dataset_ghg2025,CC-BY-4.0,"A-011_GHG 배출량[에너지, 산업공정, 농업, 폐기물].xlsx",1.1_observation(측정값),286,
A-011,"GHG 배출량[에너지, 산업공정, 농업, 폐기물]",observation,v124-a-011-obs-00229,A-011_emissions_sector_industrial_processes,VNM,1978,1978,1978,,,,1.0674014061,Mt CO2eq,,,,,,"[기타 온실가스 처리 및 대체 기술 (Other GHG treatment)] [산업공정(IPPU)] European Commission, Joint Research Centre (JRC) — EDGAR 「EDGAR_AR5_GHG / IPCC 2006」 기준. Mt CO2eq (GWP-100 AR5). IPCC 2006 코드 2.A.1, 2.A.2, 2.A.3, 2.A.4, 2.B, 2.C, 2.D, 2.E, 2.F, 2.G, 2.H.","European Commission, Joint Research Centre (JRC) — EDGAR",https://edgar.jrc.ec.europa.eu/dataset_ghg2025,CC-BY-4.0,"A-011_GHG 배출량[에너지, 산업공정, 농업, 폐기물].xlsx",1.1_observation(측정값),287,
A-011,"GHG 배출량[에너지, 산업공정, 농업, 폐기물]",observation,v124-a-011-obs-00230,A-011_emissions_sector_industrial_processes,VNM,1979,1979,1979,,,,1.0237613315,Mt CO2eq,,,,,,"[기타 온실가스 처리 및 대체 기술 (Other GHG treatment)] [산업공정(IPPU)] European Commission, Joint Research Centre (JRC) — EDGAR 「EDGAR_AR5_GHG / IPCC 2006」 기준. Mt CO2eq (GWP-100 AR5). IPCC 2006 코드 2.A.1, 2.A.2, 2.A.3, 2.A.4, 2.B, 2.C, 2.D, 2.E, 2.F, 2.G, 2.H.","European Commission, Joint Research Centre (JRC) — EDGAR",https://edgar.jrc.ec.europa.eu/dataset_ghg2025,CC-BY-4.0,"A-011_GHG 배출량[에너지, 산업공정, 농업, 폐기물].xlsx",1.1_observation(측정값),288,
A-011,"GHG 배출량[에너지, 산업공정, 농업, 폐기물]",observation,v124-a-011-obs-00231,A-011_emissions_sector_industrial_processes,VNM,1980,1980,1980,,,,1.0240407942,Mt CO2eq,,,,,,"[기타 온실가스 처리 및 대체 기술 (Other GHG treatment)] [산업공정(IPPU)] European Commission, Joint Research Centre (JRC) — EDGAR 「EDGAR_AR5_GHG / IPCC 2006」 기준. Mt CO2eq (GWP-100 AR5). IPCC 2006 코드 2.A.1, 2.A.2, 2.A.3, 2.A.4, 2.B, 2.C, 2.D, 2.E, 2.F, 2.G, 2.H.","European Commission, Joint Research Centre (JRC) — EDGAR",https://edgar.jrc.ec.europa.eu/dataset_ghg2025,CC-BY-4.0,"A-011_GHG 배출량[에너지, 산업공정, 농업, 폐기물].xlsx",1.1_observation(측정값),289,
A-011,"GHG 배출량[에너지, 산업공정, 농업, 폐기물]",observation,v124-a-011-obs-00232,A-011_emissions_sector_industrial_processes,VNM,1981,1981,1981,,,,1.0013483,Mt CO2eq,,,,,,"[기타 온실가스 처리 및 대체 기술 (Other GHG treatment)] [산업공정(IPPU)] European Commission, Joint Research Centre (JRC) — EDGAR 「EDGAR_AR5_GHG / IPCC 2006」 기준. Mt CO2eq (GWP-100 AR5). IPCC 2006 코드 2.A.1, 2.A.2, 2.A.3, 2.A.4, 2.B, 2.C, 2.D, 2.E, 2.F, 2.G, 2.H.","European Commission, Joint Research Centre (JRC) — EDGAR",https://edgar.jrc.ec.europa.eu/dataset_ghg2025,CC-BY-4.0,"A-011_GHG 배출량[에너지, 산업공정, 농업, 폐기물].xlsx",1.1_observation(측정값),290,
A-011,"GHG 배출량[에너지, 산업공정, 농업, 폐기물]",observation,v124-a-011-obs-00233,A-011_emissions_sector_industrial_processes,VNM,1982,1982,1982,,,,1.1182571413,Mt CO2eq,,,,,,"[기타 온실가스 처리 및 대체 기술 (Other GHG treatment)] [산업공정(IPPU)] European Commission, Joint Research Centre (JRC) — EDGAR 「EDGAR_AR5_GHG / IPCC 2006」 기준. Mt CO2eq (GWP-100 AR5). IPCC 2006 코드 2.A.1, 2.A.2, 2.A.3, 2.A.4, 2.B, 2.C, 2.D, 2.E, 2.F, 2.G, 2.H.","European Commission, Joint Research Centre (JRC) — EDGAR",https://edgar.jrc.ec.europa.eu/dataset_ghg2025,CC-BY-4.0,"A-011_GHG 배출량[에너지, 산업공정, 농업, 폐기물].xlsx",1.1_observation(측정값),291,
A-011,"GHG 배출량[에너지, 산업공정, 농업, 폐기물]",observation,v124-a-011-obs-00234,A-011_emissions_sector_industrial_processes,VNM,1983,1983,1983,,,,1.2347011181,Mt CO2eq,,,,,,"[기타 온실가스 처리 및 대체 기술 (Other GHG treatment)] [산업공정(IPPU)] European Commission, Joint Research Centre (JRC) — EDGAR 「EDGAR_AR5_GHG / IPCC 2006」 기준. Mt CO2eq (GWP-100 AR5). IPCC 2006 코드 2.A.1, 2.A.2, 2.A.3, 2.A.4, 2.B, 2.C, 2.D, 2.E, 2.F, 2.G, 2.H.","European Commission, Joint Research Centre (JRC) — EDGAR",https://edgar.jrc.ec.europa.eu/dataset_ghg2025,CC-BY-4.0,"A-011_GHG 배출량[에너지, 산업공정, 농업, 폐기물].xlsx",1.1_observation(측정값),292,
A-011,"GHG 배출량[에너지, 산업공정, 농업, 폐기물]",observation,v124-a-011-obs-00235,A-011_emissions_sector_industrial_processes,VNM,1984,1984,1984,,,,1.4677092605,Mt CO2eq,,,,,,"[기타 온실가스 처리 및 대체 기술 (Other GHG treatment)] [산업공정(IPPU)] European Commission, Joint Research Centre (JRC) — EDGAR 「EDGAR_AR5_GHG / IPCC 2006」 기준. Mt CO2eq (GWP-100 AR5). IPCC 2006 코드 2.A.1, 2.A.2, 2.A.3, 2.A.4, 2.B, 2.C, 2.D, 2.E, 2.F, 2.G, 2.H.","European Commission, Joint Research Centre (JRC) — EDGAR",https://edgar.jrc.ec.europa.eu/dataset_ghg2025,CC-BY-4.0,"A-011_GHG 배출량[에너지, 산업공정, 농업, 폐기물].xlsx",1.1_observation(측정값),293,
A-011,"GHG 배출량[에너지, 산업공정, 농업, 폐기물]",observation,v124-a-011-obs-00236,A-011_emissions_sector_industrial_processes,VNM,1985,1985,1985,,,,1.5972004966,Mt CO2eq,,,,,,"[기타 온실가스 처리 및 대체 기술 (Other GHG treatment)] [산업공정(IPPU)] European Commission, Joint Research Centre (JRC) — EDGAR 「EDGAR_AR5_GHG / IPCC 2006」 기준. Mt CO2eq (GWP-100 AR5). IPCC 2006 코드 2.A.1, 2.A.2, 2.A.3, 2.A.4, 2.B, 2.C, 2.D, 2.E, 2.F, 2.G, 2.H.","European Commission, Joint Research Centre (JRC) — EDGAR",https://edgar.jrc.ec.europa.eu/dataset_ghg2025,CC-BY-4.0,"A-011_GHG 배출량[에너지, 산업공정, 농업, 폐기물].xlsx",1.1_observation(측정값),294,
A-011,"GHG 배출량[에너지, 산업공정, 농업, 폐기물]",observation,v124-a-011-obs-00237,A-011_emissions_sector_industrial_processes,VNM,1986,1986,1986,,,,1.713117963,Mt CO2eq,,,,,,"[기타 온실가스 처리 및 대체 기술 (Other GHG treatment)] [산업공정(IPPU)] European Commission, Joint Research Centre (JRC) — EDGAR 「EDGAR_AR5_GHG / IPCC 2006」 기준. Mt CO2eq (GWP-100 AR5). IPCC 2006 코드 2.A.1, 2.A.2, 2.A.3, 2.A.4, 2.B, 2.C, 2.D, 2.E, 2.F, 2.G, 2.H.","European Commission, Joint Research Centre (JRC) — EDGAR",https://edgar.jrc.ec.europa.eu/dataset_ghg2025,CC-BY-4.0,"A-011_GHG 배출량[에너지, 산업공정, 농업, 폐기물].xlsx",1.1_observation(측정값),295,
A-011,"GHG 배출량[에너지, 산업공정, 농업, 폐기물]",observation,v124-a-011-obs-00238,A-011_emissions_sector_industrial_processes,VNM,1987,1987,1987,,,,1.7998986562,Mt CO2eq,,,,,,"[기타 온실가스 처리 및 대체 기술 (Other GHG treatment)] [산업공정(IPPU)] European Commission, Joint Research Centre (JRC) — EDGAR 「EDGAR_AR5_GHG / IPCC 2006」 기준. Mt CO2eq (GWP-100 AR5). IPCC 2006 코드 2.A.1, 2.A.2, 2.A.3, 2.A.4, 2.B, 2.C, 2.D, 2.E, 2.F, 2.G, 2.H.","European Commission, Joint Research Centre (JRC) — EDGAR",https://edgar.jrc.ec.europa.eu/dataset_ghg2025,CC-BY-4.0,"A-011_GHG 배출량[에너지, 산업공정, 농업, 폐기물].xlsx",1.1_observation(측정값),296,
A-011,"GHG 배출량[에너지, 산업공정, 농업, 폐기물]",observation,v124-a-011-obs-00239,A-011_emissions_sector_industrial_processes,VNM,1988,1988,1988,,,,1.8542153218,Mt CO2eq,,,,,,"[기타 온실가스 처리 및 대체 기술 (Other GHG treatment)] [산업공정(IPPU)] European Commission, Joint Research Centre (JRC) — EDGAR 「EDGAR_AR5_GHG / IPCC 2006」 기준. Mt CO2eq (GWP-100 AR5). IPCC 2006 코드 2.A.1, 2.A.2, 2.A.3, 2.A.4, 2.B, 2.C, 2.D, 2.E, 2.F, 2.G, 2.H.","European Commission, Joint Research Centre (JRC) — EDGAR",https://edgar.jrc.ec.europa.eu/dataset_ghg2025,CC-BY-4.0,"A-011_GHG 배출량[에너지, 산업공정, 농업, 폐기물].xlsx",1.1_observation(측정값),297,
A-011,"GHG 배출량[에너지, 산업공정, 농업, 폐기물]",observation,v124-a-011-obs-00240,A-011_emissions_sector_industrial_processes,VNM,1989,1989,1989,,,,1.8060524877,Mt CO2eq,,,,,,"[기타 온실가스 처리 및 대체 기술 (Other GHG treatment)] [산업공정(IPPU)] European Commission, Joint Research Centre (JRC) — EDGAR 「EDGAR_AR5_GHG / IPCC 2006」 기준. Mt CO2eq (GWP-100 AR5). IPCC 2006 코드 2.A.1, 2.A.2, 2.A.3, 2.A.4, 2.B, 2.C, 2.D, 2.E, 2.F, 2.G, 2.H.","European Commission, Joint Research Centre (JRC) — EDGAR",https://edgar.jrc.ec.europa.eu/dataset_ghg2025,CC-BY-4.0,"A-011_GHG 배출량[에너지, 산업공정, 농업, 폐기물].xlsx",1.1_observation(측정값),298,
A-011,"GHG 배출량[에너지, 산업공정, 농업, 폐기물]",observation,v124-a-011-obs-00241,A-011_emissions_sector_industrial_processes,VNM,1990,1990,1990,,,,2.2356889973,Mt CO2eq,,,,,,"[기타 온실가스 처리 및 대체 기술 (Other GHG treatment)] [산업공정(IPPU)] European Commission, Joint Research Centre (JRC) — EDGAR 「EDGAR_AR5_GHG / IPCC 2006」 기준. Mt CO2eq (GWP-100 AR5). IPCC 2006 코드 2.A.1, 2.A.2, 2.A.3, 2.A.4, 2.B, 2.C, 2.D, 2.E, 2.F, 2.G, 2.H.","European Commission, Joint Research Centre (JRC) — EDGAR",https://edgar.jrc.ec.europa.eu/dataset_ghg2025,CC-BY-4.0,"A-011_GHG 배출량[에너지, 산업공정, 농업, 폐기물].xlsx",1.1_observation(측정값),299,
A-011,"GHG 배출량[에너지, 산업공정, 농업, 폐기물]",observation,v124-a-011-obs-00242,A-011_emissions_sector_industrial_processes,VNM,1991,1991,1991,,,,2.5461286482,Mt CO2eq,,,,,,"[기타 온실가스 처리 및 대체 기술 (Other GHG treatment)] [산업공정(IPPU)] European Commission, Joint Research Centre (JRC) — EDGAR 「EDGAR_AR5_GHG / IPCC 2006」 기준. Mt CO2eq (GWP-100 AR5). IPCC 2006 코드 2.A.1, 2.A.2, 2.A.3, 2.A.4, 2.B, 2.C, 2.D, 2.E, 2.F, 2.G, 2.H.","European Commission, Joint Research Centre (JRC) — EDGAR",https://edgar.jrc.ec.europa.eu/dataset_ghg2025,CC-BY-4.0,"A-011_GHG 배출량[에너지, 산업공정, 농업, 폐기물].xlsx",1.1_observation(측정값),300,
A-011,"GHG 배출량[에너지, 산업공정, 농업, 폐기물]",observation,v124-a-011-obs-00243,A-011_emissions_sector_industrial_processes,VNM,1992,1992,1992,,,,3.0230566713,Mt CO2eq,,,,,,"[기타 온실가스 처리 및 대체 기술 (Other GHG treatment)] [산업공정(IPPU)] European Commission, Joint Research Centre (JRC) — EDGAR 「EDGAR_AR5_GHG / IPCC 2006」 기준. Mt CO2eq (GWP-100 AR5). IPCC 2006 코드 2.A.1, 2.A.2, 2.A.3, 2.A.4, 2.B, 2.C, 2.D, 2.E, 2.F, 2.G, 2.H.","European Commission, Joint Research Centre (JRC) — EDGAR",https://edgar.jrc.ec.europa.eu/dataset_ghg2025,CC-BY-4.0,"A-011_GHG 배출량[에너지, 산업공정, 농업, 폐기물].xlsx",1.1_observation(측정값),301,
A-011,"GHG 배출량[에너지, 산업공정, 농업, 폐기물]",observation,v124-a-011-obs-00244,A-011_emissions_sector_industrial_processes,VNM,1993,1993,1993,,,,3.3206125306,Mt CO2eq,,,,,,"[기타 온실가스 처리 및 대체 기술 (Other GHG treatment)] [산업공정(IPPU)] European Commission, Joint Research Centre (JRC) — EDGAR 「EDGAR_AR5_GHG / IPCC 2006」 기준. Mt CO2eq (GWP-100 AR5). IPCC 2006 코드 2.A.1, 2.A.2, 2.A.3, 2.A.4, 2.B, 2.C, 2.D, 2.E, 2.F, 2.G, 2.H.","European Commission, Joint Research Centre (JRC) — EDGAR",https://edgar.jrc.ec.europa.eu/dataset_ghg2025,CC-BY-4.0,"A-011_GHG 배출량[에너지, 산업공정, 농업, 폐기물].xlsx",1.1_observation(측정값),302,
A-011,"GHG 배출량[에너지, 산업공정, 농업, 폐기물]",observation,v124-a-011-obs-00245,A-011_emissions_sector_industrial_processes,VNM,1994,1994,1994,,,,3.7546332479,Mt CO2eq,,,,,,"[기타 온실가스 처리 및 대체 기술 (Other GHG treatment)] [산업공정(IPPU)] European Commission, Joint Research Centre (JRC) — EDGAR 「EDGAR_AR5_GHG / IPCC 2006」 기준. Mt CO2eq (GWP-100 AR5). IPCC 2006 코드 2.A.1, 2.A.2, 2.A.3, 2.A.4, 2.B, 2.C, 2.D, 2.E, 2.F, 2.G, 2.H.","European Commission, Joint Research Centre (JRC) — EDGAR",https://edgar.jrc.ec.europa.eu/dataset_ghg2025,CC-BY-4.0,"A-011_GHG 배출량[에너지, 산업공정, 농업, 폐기물].xlsx",1.1_observation(측정값),303,
A-011,"GHG 배출량[에너지, 산업공정, 농업, 폐기물]",observation,v124-a-011-obs-00246,A-011_emissions_sector_industrial_processes,VNM,1995,1995,1995,,,,4.2289213011,Mt CO2eq,,,,,,"[기타 온실가스 처리 및 대체 기술 (Other GHG treatment)] [산업공정(IPPU)] European Commission, Joint Research Centre (JRC) — EDGAR 「EDGAR_AR5_GHG / IPCC 2006」 기준. Mt CO2eq (GWP-100 AR5). IPCC 2006 코드 2.A.1, 2.A.2, 2.A.3, 2.A.4, 2.B, 2.C, 2.D, 2.E, 2.F, 2.G, 2.H.","European Commission, Joint Research Centre (JRC) — EDGAR",https://edgar.jrc.ec.europa.eu/dataset_ghg2025,CC-BY-4.0,"A-011_GHG 배출량[에너지, 산업공정, 농업, 폐기물].xlsx",1.1_observation(측정값),304,
A-011,"GHG 배출량[에너지, 산업공정, 농업, 폐기물]",observation,v124-a-011-obs-00247,A-011_emissions_sector_industrial_processes,VNM,1996,1996,1996,,,,4.9908015995,Mt CO2eq,,,,,,"[기타 온실가스 처리 및 대체 기술 (Other GHG treatment)] [산업공정(IPPU)] European Commission, Joint Research Centre (JRC) — EDGAR 「EDGAR_AR5_GHG / IPCC 2006」 기준. Mt CO2eq (GWP-100 AR5). IPCC 2006 코드 2.A.1, 2.A.2, 2.A.3, 2.A.4, 2.B, 2.C, 2.D, 2.E, 2.F, 2.G, 2.H.","European Commission, Joint Research Centre (JRC) — EDGAR",https://edgar.jrc.ec.europa.eu/dataset_ghg2025,CC-BY-4.0,"A-011_GHG 배출량[에너지, 산업공정, 농업, 폐기물].xlsx",1.1_observation(측정값),305,
A-011,"GHG 배출량[에너지, 산업공정, 농업, 폐기물]",observation,v124-a-011-obs-00248,A-011_emissions_sector_industrial_processes,VNM,1997,1997,1997,,,,5.9249857834,Mt CO2eq,,,,,,"[기타 온실가스 처리 및 대체 기술 (Other GHG treatment)] [산업공정(IPPU)] European Commission, Joint Research Centre (JRC) — EDGAR 「EDGAR_AR5_GHG / IPCC 2006」 기준. Mt CO2eq (GWP-100 AR5). IPCC 2006 코드 2.A.1, 2.A.2, 2.A.3, 2.A.4, 2.B, 2.C, 2.D, 2.E, 2.F, 2.G, 2.H.","European Commission, Joint Research Centre (JRC) — EDGAR",https://edgar.jrc.ec.europa.eu/dataset_ghg2025,CC-BY-4.0,"A-011_GHG 배출량[에너지, 산업공정, 농업, 폐기물].xlsx",1.1_observation(측정값),306,
A-011,"GHG 배출량[에너지, 산업공정, 농업, 폐기물]",observation,v124-a-011-obs-00249,A-011_emissions_sector_industrial_processes,VNM,1998,1998,1998,,,,6.7759232155,Mt CO2eq,,,,,,"[기타 온실가스 처리 및 대체 기술 (Other GHG treatment)] [산업공정(IPPU)] European Commission, Joint Research Centre (JRC) — EDGAR 「EDGAR_AR5_GHG / IPCC 2006」 기준. Mt CO2eq (GWP-100 AR5). IPCC 2006 코드 2.A.1, 2.A.2, 2.A.3, 2.A.4, 2.B, 2.C, 2.D, 2.E, 2.F, 2.G, 2.H.","European Commission, Joint Research Centre (JRC) — EDGAR",https://edgar.jrc.ec.europa.eu/dataset_ghg2025,CC-BY-4.0,"A-011_GHG 배출량[에너지, 산업공정, 농업, 폐기물].xlsx",1.1_observation(측정값),307,
A-011,"GHG 배출량[에너지, 산업공정, 농업, 폐기물]",observation,v124-a-011-obs-00250,A-011_emissions_sector_industrial_processes,VNM,1999,1999,1999,,,,7.477137827,Mt CO2eq,,,,,,"[기타 온실가스 처리 및 대체 기술 (Other GHG treatment)] [산업공정(IPPU)] European Commission, Joint Research Centre (JRC) — EDGAR 「EDGAR_AR5_GHG / IPCC 2006」 기준. Mt CO2eq (GWP-100 AR5). IPCC 2006 코드 2.A.1, 2.A.2, 2.A.3, 2.A.4, 2.B, 2.C, 2.D, 2.E, 2.F, 2.G, 2.H.","European Commission, Joint Research Centre (JRC) — EDGAR",https://edgar.jrc.ec.europa.eu/dataset_ghg2025,CC-BY-4.0,"A-011_GHG 배출량[에너지, 산업공정, 농업, 폐기물].xlsx",1.1_observation(측정값),308,
A-011,"GHG 배출량[에너지, 산업공정, 농업, 폐기물]",observation,v124-a-011-obs-00251,A-011_emissions_sector_industrial_processes,VNM,2000,2000,2000,,,,9.4550284405,Mt CO2eq,,,,,,"[기타 온실가스 처리 및 대체 기술 (Other GHG treatment)] [산업공정(IPPU)] European Commission, Joint Research Centre (JRC) — EDGAR 「EDGAR_AR5_GHG / IPCC 2006」 기준. Mt CO2eq (GWP-100 AR5). IPCC 2006 코드 2.A.1, 2.A.2, 2.A.3, 2.A.4, 2.B, 2.C, 2.D, 2.E, 2.F, 2.G, 2.H.","European Commission, Joint Research Centre (JRC) — EDGAR",https://edgar.jrc.ec.europa.eu/dataset_ghg2025,CC-BY-4.0,"A-011_GHG 배출량[에너지, 산업공정, 농업, 폐기물].xlsx",1.1_observation(측정값),309,
A-011,"GHG 배출량[에너지, 산업공정, 농업, 폐기물]",observation,v124-a-011-obs-00252,A-011_emissions_sector_industrial_processes,VNM,2001,2001,2001,,,,11.0412152148,Mt CO2eq,,,,,,"[기타 온실가스 처리 및 대체 기술 (Other GHG treatment)] [산업공정(IPPU)] European Commission, Joint Research Centre (JRC) — EDGAR 「EDGAR_AR5_GHG / IPCC 2006」 기준. Mt CO2eq (GWP-100 AR5). IPCC 2006 코드 2.A.1, 2.A.2, 2.A.3, 2.A.4, 2.B, 2.C, 2.D, 2.E, 2.F, 2.G, 2.H.","European Commission, Joint Research Centre (JRC) — EDGAR",https://edgar.jrc.ec.europa.eu/dataset_ghg2025,CC-BY-4.0,"A-011_GHG 배출량[에너지, 산업공정, 농업, 폐기물].xlsx",1.1_observation(측정값),310,
A-011,"GHG 배출량[에너지, 산업공정, 농업, 폐기물]",observation,v124-a-011-obs-00253,A-011_emissions_sector_industrial_processes,VNM,2002,2002,2002,,,,13.8320424989,Mt CO2eq,,,,,,"[기타 온실가스 처리 및 대체 기술 (Other GHG treatment)] [산업공정(IPPU)] European Commission, Joint Research Centre (JRC) — EDGAR 「EDGAR_AR5_GHG / IPCC 2006」 기준. Mt CO2eq (GWP-100 AR5). IPCC 2006 코드 2.A.1, 2.A.2, 2.A.3, 2.A.4, 2.B, 2.C, 2.D, 2.E, 2.F, 2.G, 2.H.","European Commission, Joint Research Centre (JRC) — EDGAR",https://edgar.jrc.ec.europa.eu/dataset_ghg2025,CC-BY-4.0,"A-011_GHG 배출량[에너지, 산업공정, 농업, 폐기물].xlsx",1.1_observation(측정값),311,
A-011,"GHG 배출량[에너지, 산업공정, 농업, 폐기물]",observation,v124-a-011-obs-00254,A-011_emissions_sector_industrial_processes,VNM,2003,2003,2003,,,,15.4888411521,Mt CO2eq,,,,,,"[기타 온실가스 처리 및 대체 기술 (Other GHG treatment)] [산업공정(IPPU)] European Commission, Joint Research Centre (JRC) — EDGAR 「EDGAR_AR5_GHG / IPCC 2006」 기준. Mt CO2eq (GWP-100 AR5). IPCC 2006 코드 2.A.1, 2.A.2, 2.A.3, 2.A.4, 2.B, 2.C, 2.D, 2.E, 2.F, 2.G, 2.H.","European Commission, Joint Research Centre (JRC) — EDGAR",https://edgar.jrc.ec.europa.eu/dataset_ghg2025,CC-BY-4.0,"A-011_GHG 배출량[에너지, 산업공정, 농업, 폐기물].xlsx",1.1_observation(측정값),312,
A-011,"GHG 배출량[에너지, 산업공정, 농업, 폐기물]",observation,v124-a-011-obs-00255,A-011_emissions_sector_industrial_processes,VNM,2004,2004,2004,,,,16.5060899291,Mt CO2eq,,,,,,"[기타 온실가스 처리 및 대체 기술 (Other GHG treatment)] [산업공정(IPPU)] European Commission, Joint Research Centre (JRC) — EDGAR 「EDGAR_AR5_GHG / IPCC 2006」 기준. Mt CO2eq (GWP-100 AR5). IPCC 2006 코드 2.A.1, 2.A.2, 2.A.3, 2.A.4, 2.B, 2.C, 2.D, 2.E, 2.F, 2.G, 2.H.","European Commission, Joint Research Centre (JRC) — EDGAR",https://edgar.jrc.ec.europa.eu/dataset_ghg2025,CC-BY-4.0,"A-011_GHG 배출량[에너지, 산업공정, 농업, 폐기물].xlsx",1.1_observation(측정값),313,
A-011,"GHG 배출량[에너지, 산업공정, 농업, 폐기물]",observation,v124-a-011-obs-00256,A-011_emissions_sector_industrial_processes,VNM,2005,2005,2005,,,,20.2141626606,Mt CO2eq,,,,,,"[기타 온실가스 처리 및 대체 기술 (Other GHG treatment)] [산업공정(IPPU)] European Commission, Joint Research Centre (JRC) — EDGAR 「EDGAR_AR5_GHG / IPCC 2006」 기준. Mt CO2eq (GWP-100 AR5). IPCC 2006 코드 2.A.1, 2.A.2, 2.A.3, 2.A.4, 2.B, 2.C, 2.D, 2.E, 2.F, 2.G, 2.H.","European Commission, Joint Research Centre (JRC) — EDGAR",https://edgar.jrc.ec.europa.eu/dataset_ghg2025,CC-BY-4.0,"A-011_GHG 배출량[에너지, 산업공정, 농업, 폐기물].xlsx",1.1_observation(측정값),314,
A-011,"GHG 배출량[에너지, 산업공정, 농업, 폐기물]",observation,v124-a-011-obs-00257,A-011_emissions_sector_industrial_processes,VNM,2006,2006,2006,,,,20.8758971405,Mt CO2eq,,,,,,"[기타 온실가스 처리 및 대체 기술 (Other GHG treatment)] [산업공정(IPPU)] European Commission, Joint Research Centre (JRC) — EDGAR 「EDGAR_AR5_GHG / IPCC 2006」 기준. Mt CO2eq (GWP-100 AR5). IPCC 2006 코드 2.A.1, 2.A.2, 2.A.3, 2.A.4, 2.B, 2.C, 2.D, 2.E, 2.F, 2.G, 2.H.","European Commission, Joint Research Centre (JRC) — EDGAR",https://edgar.jrc.ec.europa.eu/dataset_ghg2025,CC-BY-4.0,"A-011_GHG 배출량[에너지, 산업공정, 농업, 폐기물].xlsx",1.1_observation(측정값),315,
A-011,"GHG 배출량[에너지, 산업공정, 농업, 폐기물]",observation,v124-a-011-obs-00258,A-011_emissions_sector_industrial_processes,VNM,2007,2007,2007,,,,23.3984930406,Mt CO2eq,,,,,,"[기타 온실가스 처리 및 대체 기술 (Other GHG treatment)] [산업공정(IPPU)] European Commission, Joint Research Centre (JRC) — EDGAR 「EDGAR_AR5_GHG / IPCC 2006」 기준. Mt CO2eq (GWP-100 AR5). IPCC 2006 코드 2.A.1, 2.A.2, 2.A.3, 2.A.4, 2.B, 2.C, 2.D, 2.E, 2.F, 2.G, 2.H.","European Commission, Joint Research Centre (JRC) — EDGAR",https://edgar.jrc.ec.europa.eu/dataset_ghg2025,CC-BY-4.0,"A-011_GHG 배출량[에너지, 산업공정, 농업, 폐기물].xlsx",1.1_observation(측정값),316,
A-011,"GHG 배출량[에너지, 산업공정, 농업, 폐기물]",observation,v124-a-011-obs-00259,A-011_emissions_sector_industrial_processes,VNM,2008,2008,2008,,,,24.2413547223,Mt CO2eq,,,,,,"[기타 온실가스 처리 및 대체 기술 (Other GHG treatment)] [산업공정(IPPU)] European Commission, Joint Research Centre (JRC) — EDGAR 「EDGAR_AR5_GHG / IPCC 2006」 기준. Mt CO2eq (GWP-100 AR5). IPCC 2006 코드 2.A.1, 2.A.2, 2.A.3, 2.A.4, 2.B, 2.C, 2.D, 2.E, 2.F, 2.G, 2.H.","European Commission, Joint Research Centre (JRC) — EDGAR",https://edgar.jrc.ec.europa.eu/dataset_ghg2025,CC-BY-4.0,"A-011_GHG 배출량[에너지, 산업공정, 농업, 폐기물].xlsx",1.1_observation(측정값),317,
A-011,"GHG 배출량[에너지, 산업공정, 농업, 폐기물]",observation,v124-a-011-obs-00260,A-011_emissions_sector_industrial_processes,VNM,2009,2009,2009,,,,27.8848424284,Mt CO2eq,,,,,,"[기타 온실가스 처리 및 대체 기술 (Other GHG treatment)] [산업공정(IPPU)] European Commission, Joint Research Centre (JRC) — EDGAR 「EDGAR_AR5_GHG / IPCC 2006」 기준. Mt CO2eq (GWP-100 AR5). IPCC 2006 코드 2.A.1, 2.A.2, 2.A.3, 2.A.4, 2.B, 2.C, 2.D, 2.E, 2.F, 2.G, 2.H.","European Commission, Joint Research Centre (JRC) — EDGAR",https://edgar.jrc.ec.europa.eu/dataset_ghg2025,CC-BY-4.0,"A-011_GHG 배출량[에너지, 산업공정, 농업, 폐기물].xlsx",1.1_observation(측정값),318,
A-011,"GHG 배출량[에너지, 산업공정, 농업, 폐기물]",observation,v124-a-011-obs-00261,A-011_emissions_sector_industrial_processes,VNM,2010,2010,2010,,,,29.3861891292,Mt CO2eq,,,,,,"[기타 온실가스 처리 및 대체 기술 (Other GHG treatment)] [산업공정(IPPU)] European Commission, Joint Research Centre (JRC) — EDGAR 「EDGAR_AR5_GHG / IPCC 2006」 기준. Mt CO2eq (GWP-100 AR5). IPCC 2006 코드 2.A.1, 2.A.2, 2.A.3, 2.A.4, 2.B, 2.C, 2.D, 2.E, 2.F, 2.G, 2.H.","European Commission, Joint Research Centre (JRC) — EDGAR",https://edgar.jrc.ec.europa.eu/dataset_ghg2025,CC-BY-4.0,"A-011_GHG 배출량[에너지, 산업공정, 농업, 폐기물].xlsx",1.1_observation(측정값),319,
A-011,"GHG 배출량[에너지, 산업공정, 농업, 폐기물]",observation,v124-a-011-obs-00262,A-011_emissions_sector_industrial_processes,VNM,2011,2011,2011,,,,29.4897677592,Mt CO2eq,,,,,,"[기타 온실가스 처리 및 대체 기술 (Other GHG treatment)] [산업공정(IPPU)] European Commission, Joint Research Centre (JRC) — EDGAR 「EDGAR_AR5_GHG / IPCC 2006」 기준. Mt CO2eq (GWP-100 AR5). IPCC 2006 코드 2.A.1, 2.A.2, 2.A.3, 2.A.4, 2.B, 2.C, 2.D, 2.E, 2.F, 2.G, 2.H.","European Commission, Joint Research Centre (JRC) — EDGAR",https://edgar.jrc.ec.europa.eu/dataset_ghg2025,CC-BY-4.0,"A-011_GHG 배출량[에너지, 산업공정, 농업, 폐기물].xlsx",1.1_observation(측정값),320,
A-011,"GHG 배출량[에너지, 산업공정, 농업, 폐기물]",observation,v124-a-011-obs-00263,A-011_emissions_sector_industrial_processes,VNM,2012,2012,2012,,,,28.753800312,Mt CO2eq,,,,,,"[기타 온실가스 처리 및 대체 기술 (Other GHG treatment)] [산업공정(IPPU)] European Commission, Joint Research Centre (JRC) — EDGAR 「EDGAR_AR5_GHG / IPCC 2006」 기준. Mt CO2eq (GWP-100 AR5). IPCC 2006 코드 2.A.1, 2.A.2, 2.A.3, 2.A.4, 2.B, 2.C, 2.D, 2.E, 2.F, 2.G, 2.H.","European Commission, Joint Research Centre (JRC) — EDGAR",https://edgar.jrc.ec.europa.eu/dataset_ghg2025,CC-BY-4.0,"A-011_GHG 배출량[에너지, 산업공정, 농업, 폐기물].xlsx",1.1_observation(측정값),321,
A-011,"GHG 배출량[에너지, 산업공정, 농업, 폐기물]",observation,v124-a-011-obs-00264,A-011_emissions_sector_industrial_processes,VNM,2013,2013,2013,,,,28.9556060644,Mt CO2eq,,,,,,"[기타 온실가스 처리 및 대체 기술 (Other GHG treatment)] [산업공정(IPPU)] European Commission, Joint Research Centre (JRC) — EDGAR 「EDGAR_AR5_GHG / IPCC 2006」 기준. Mt CO2eq (GWP-100 AR5). IPCC 2006 코드 2.A.1, 2.A.2, 2.A.3, 2.A.4, 2.B, 2.C, 2.D, 2.E, 2.F, 2.G, 2.H.","European Commission, Joint Research Centre (JRC) — EDGAR",https://edgar.jrc.ec.europa.eu/dataset_ghg2025,CC-BY-4.0,"A-011_GHG 배출량[에너지, 산업공정, 농업, 폐기물].xlsx",1.1_observation(측정값),322,
A-011,"GHG 배출량[에너지, 산업공정, 농업, 폐기물]",observation,v124-a-011-obs-00265,A-011_emissions_sector_industrial_processes,VNM,2014,2014,2014,,,,31.229528697,Mt CO2eq,,,,,,"[기타 온실가스 처리 및 대체 기술 (Other GHG treatment)] [산업공정(IPPU)] European Commission, Joint Research Centre (JRC) — EDGAR 「EDGAR_AR5_GHG / IPCC 2006」 기준. Mt CO2eq (GWP-100 AR5). IPCC 2006 코드 2.A.1, 2.A.2, 2.A.3, 2.A.4, 2.B, 2.C, 2.D, 2.E, 2.F, 2.G, 2.H.","European Commission, Joint Research Centre (JRC) — EDGAR",https://edgar.jrc.ec.europa.eu/dataset_ghg2025,CC-BY-4.0,"A-011_GHG 배출량[에너지, 산업공정, 농업, 폐기물].xlsx",1.1_observation(측정값),323,
A-011,"GHG 배출량[에너지, 산업공정, 농업, 폐기물]",observation,v124-a-011-obs-00266,A-011_emissions_sector_industrial_processes,VNM,2015,2015,2015,,,,33.6502025023,Mt CO2eq,,,,,,"[기타 온실가스 처리 및 대체 기술 (Other GHG treatment)] [산업공정(IPPU)] European Commission, Joint Research Centre (JRC) — EDGAR 「EDGAR_AR5_GHG / IPCC 2006」 기준. Mt CO2eq (GWP-100 AR5). IPCC 2006 코드 2.A.1, 2.A.2, 2.A.3, 2.A.4, 2.B, 2.C, 2.D, 2.E, 2.F, 2.G, 2.H.","European Commission, Joint Research Centre (JRC) — EDGAR",https://edgar.jrc.ec.europa.eu/dataset_ghg2025,CC-BY-4.0,"A-011_GHG 배출량[에너지, 산업공정, 농업, 폐기물].xlsx",1.1_observation(측정값),324,
A-011,"GHG 배출량[에너지, 산업공정, 농업, 폐기물]",observation,v124-a-011-obs-00267,A-011_emissions_sector_industrial_processes,VNM,2016,2016,2016,,,,39.2480252563,Mt CO2eq,,,,,,"[기타 온실가스 처리 및 대체 기술 (Other GHG treatment)] [산업공정(IPPU)] European Commission, Joint Research Centre (JRC) — EDGAR 「EDGAR_AR5_GHG / IPCC 2006」 기준. Mt CO2eq (GWP-100 AR5). IPCC 2006 코드 2.A.1, 2.A.2, 2.A.3, 2.A.4, 2.B, 2.C, 2.D, 2.E, 2.F, 2.G, 2.H.","European Commission, Joint Research Centre (JRC) — EDGAR",https://edgar.jrc.ec.europa.eu/dataset_ghg2025,CC-BY-4.0,"A-011_GHG 배출량[에너지, 산업공정, 농업, 폐기물].xlsx",1.1_observation(측정값),325,
A-011,"GHG 배출량[에너지, 산업공정, 농업, 폐기물]",observation,v124-a-011-obs-00268,A-011_emissions_sector_industrial_processes,VNM,2017,2017,2017,,,,43.6588693024,Mt CO2eq,,,,,,"[기타 온실가스 처리 및 대체 기술 (Other GHG treatment)] [산업공정(IPPU)] European Commission, Joint Research Centre (JRC) — EDGAR 「EDGAR_AR5_GHG / IPCC 2006」 기준. Mt CO2eq (GWP-100 AR5). IPCC 2006 코드 2.A.1, 2.A.2, 2.A.3, 2.A.4, 2.B, 2.C, 2.D, 2.E, 2.F, 2.G, 2.H.","European Commission, Joint Research Centre (JRC) — EDGAR",https://edgar.jrc.ec.europa.eu/dataset_ghg2025,CC-BY-4.0,"A-011_GHG 배출량[에너지, 산업공정, 농업, 폐기물].xlsx",1.1_observation(측정값),326,
A-011,"GHG 배출량[에너지, 산업공정, 농업, 폐기물]",observation,v124-a-011-obs-00269,A-011_emissions_sector_industrial_processes,VNM,2018,2018,2018,,,,47.3904647847,Mt CO2eq,,,,,,"[기타 온실가스 처리 및 대체 기술 (Other GHG treatment)] [산업공정(IPPU)] European Commission, Joint Research Centre (JRC) — EDGAR 「EDGAR_AR5_GHG / IPCC 2006」 기준. Mt CO2eq (GWP-100 AR5). IPCC 2006 코드 2.A.1, 2.A.2, 2.A.3, 2.A.4, 2.B, 2.C, 2.D, 2.E, 2.F, 2.G, 2.H.","European Commission, Joint Research Centre (JRC) — EDGAR",https://edgar.jrc.ec.europa.eu/dataset_ghg2025,CC-BY-4.0,"A-011_GHG 배출량[에너지, 산업공정, 농업, 폐기물].xlsx",1.1_observation(측정값),327,
A-011,"GHG 배출량[에너지, 산업공정, 농업, 폐기물]",observation,v124-a-011-obs-00270,A-011_emissions_sector_industrial_processes,VNM,2019,2019,2019,,,,54.5049325313,Mt CO2eq,,,,,,"[기타 온실가스 처리 및 대체 기술 (Other GHG treatment)] [산업공정(IPPU)] European Commission, Joint Research Centre (JRC) — EDGAR 「EDGAR_AR5_GHG / IPCC 2006」 기준. Mt CO2eq (GWP-100 AR5). IPCC 2006 코드 2.A.1, 2.A.2, 2.A.3, 2.A.4, 2.B, 2.C, 2.D, 2.E, 2.F, 2.G, 2.H.","European Commission, Joint Research Centre (JRC) — EDGAR",https://edgar.jrc.ec.europa.eu/dataset_ghg2025,CC-BY-4.0,"A-011_GHG 배출량[에너지, 산업공정, 농업, 폐기물].xlsx",1.1_observation(측정값),328,
A-011,"GHG 배출량[에너지, 산업공정, 농업, 폐기물]",observation,v124-a-011-obs-00271,A-011_emissions_sector_industrial_processes,VNM,2020,2020,2020,,,,57.840878042,Mt CO2eq,,,,,,"[기타 온실가스 처리 및 대체 기술 (Other GHG treatment)] [산업공정(IPPU)] European Commission, Joint Research Centre (JRC) — EDGAR 「EDGAR_AR5_GHG / IPCC 2006」 기준. Mt CO2eq (GWP-100 AR5). IPCC 2006 코드 2.A.1, 2.A.2, 2.A.3, 2.A.4, 2.B, 2.C, 2.D, 2.E, 2.F, 2.G, 2.H.","European Commission, Joint Research Centre (JRC) — EDGAR",https://edgar.jrc.ec.europa.eu/dataset_ghg2025,CC-BY-4.0,"A-011_GHG 배출량[에너지, 산업공정, 농업, 폐기물].xlsx",1.1_observation(측정값),329,
A-011,"GHG 배출량[에너지, 산업공정, 농업, 폐기물]",observation,v124-a-011-obs-00272,A-011_emissions_sector_industrial_processes,VNM,2021,2021,2021,,,,58.8689079085,Mt CO2eq,,,,,,"[기타 온실가스 처리 및 대체 기술 (Other GHG treatment)] [산업공정(IPPU)] European Commission, Joint Research Centre (JRC) — EDGAR 「EDGAR_AR5_GHG / IPCC 2006」 기준. Mt CO2eq (GWP-100 AR5). IPCC 2006 코드 2.A.1, 2.A.2, 2.A.3, 2.A.4, 2.B, 2.C, 2.D, 2.E, 2.F, 2.G, 2.H.","European Commission, Joint Research Centre (JRC) — EDGAR",https://edgar.jrc.ec.europa.eu/dataset_ghg2025,CC-BY-4.0,"A-011_GHG 배출량[에너지, 산업공정, 농업, 폐기물].xlsx",1.1_observation(측정값),330,
A-011,"GHG 배출량[에너지, 산업공정, 농업, 폐기물]",observation,v124-a-011-obs-00273,A-011_emissions_sector_industrial_processes,VNM,2022,2022,2022,,,,62.4935742003,Mt CO2eq,,,,,,"[기타 온실가스 처리 및 대체 기술 (Other GHG treatment)] [산업공정(IPPU)] European Commission, Joint Research Centre (JRC) — EDGAR 「EDGAR_AR5_GHG / IPCC 2006」 기준. Mt CO2eq (GWP-100 AR5). IPCC 2006 코드 2.A.1, 2.A.2, 2.A.3, 2.A.4, 2.B, 2.C, 2.D, 2.E, 2.F, 2.G, 2.H.","European Commission, Joint Research Centre (JRC) — EDGAR",https://edgar.jrc.ec.europa.eu/dataset_ghg2025,CC-BY-4.0,"A-011_GHG 배출량[에너지, 산업공정, 농업, 폐기물].xlsx",1.1_observation(측정값),331,
A-011,"GHG 배출량[에너지, 산업공정, 농업, 폐기물]",observation,v124-a-011-obs-00274,A-011_emissions_sector_industrial_processes,VNM,2023,2023,2023,,,,60.2699329427,Mt CO2eq,,,,,,"[기타 온실가스 처리 및 대체 기술 (Other GHG treatment)] [산업공정(IPPU)] European Commission, Joint Research Centre (JRC) — EDGAR 「EDGAR_AR5_GHG / IPCC 2006」 기준. Mt CO2eq (GWP-100 AR5). IPCC 2006 코드 2.A.1, 2.A.2, 2.A.3, 2.A.4, 2.B, 2.C, 2.D, 2.E, 2.F, 2.G, 2.H.","European Commission, Joint Research Centre (JRC) — EDGAR",https://edgar.jrc.ec.europa.eu/dataset_ghg2025,CC-BY-4.0,"A-011_GHG 배출량[에너지, 산업공정, 농업, 폐기물].xlsx",1.1_observation(측정값),332,
A-011,"GHG 배출량[에너지, 산업공정, 농업, 폐기물]",observation,v124-a-011-obs-00275,A-011_emissions_sector_industrial_processes,VNM,2024,2024,2024,,,,61.153950468,Mt CO2eq,,,,,,"[기타 온실가스 처리 및 대체 기술 (Other GHG treatment)] [산업공정(IPPU)] European Commission, Joint Research Centre (JRC) — EDGAR 「EDGAR_AR5_GHG / IPCC 2006」 기준. Mt CO2eq (GWP-100 AR5). IPCC 2006 코드 2.A.1, 2.A.2, 2.A.3, 2.A.4, 2.B, 2.C, 2.D, 2.E, 2.F, 2.G, 2.H.","European Commission, Joint Research Centre (JRC) — EDGAR",https://edgar.jrc.ec.europa.eu/dataset_ghg2025,CC-BY-4.0,"A-011_GHG 배출량[에너지, 산업공정, 농업, 폐기물].xlsx",1.1_observation(측정값),333,
A-011,"GHG 배출량[에너지, 산업공정, 농업, 폐기물]",observation,v124-a-011-obs-00276,A-011_emissions_sector_other_indirect_n2o,VNM,1970,1970,1970,,,,0.2836741921,Mt CO2eq,,,,,,"[기타 온실가스 처리 및 대체 기술 (Other GHG treatment)] [기타(간접 N2O)] European Commission, Joint Research Centre (JRC) — EDGAR 「EDGAR_AR5_GHG / IPCC 2006」 기준. Mt CO2eq (GWP-100 AR5). IPCC 2006 코드 5.A.","European Commission, Joint Research Centre (JRC) — EDGAR",https://edgar.jrc.ec.europa.eu/dataset_ghg2025,CC-BY-4.0,"A-011_GHG 배출량[에너지, 산업공정, 농업, 폐기물].xlsx",1.1_observation(측정값),444,
A-011,"GHG 배출량[에너지, 산업공정, 농업, 폐기물]",observation,v124-a-011-obs-00277,A-011_emissions_sector_other_indirect_n2o,VNM,1971,1971,1971,,,,0.2827686046,Mt CO2eq,,,,,,"[기타 온실가스 처리 및 대체 기술 (Other GHG treatment)] [기타(간접 N2O)] European Commission, Joint Research Centre (JRC) — EDGAR 「EDGAR_AR5_GHG / IPCC 2006」 기준. Mt CO2eq (GWP-100 AR5). IPCC 2006 코드 5.A.","European Commission, Joint Research Centre (JRC) — EDGAR",https://edgar.jrc.ec.europa.eu/dataset_ghg2025,CC-BY-4.0,"A-011_GHG 배출량[에너지, 산업공정, 농업, 폐기물].xlsx",1.1_observation(측정값),445,
A-011,"GHG 배출량[에너지, 산업공정, 농업, 폐기물]",observation,v124-a-011-obs-00278,A-011_emissions_sector_other_indirect_n2o,VNM,1972,1972,1972,,,,0.2851279344,Mt CO2eq,,,,,,"[기타 온실가스 처리 및 대체 기술 (Other GHG treatment)] [기타(간접 N2O)] European Commission, Joint Research Centre (JRC) — EDGAR 「EDGAR_AR5_GHG / IPCC 2006」 기준. Mt CO2eq (GWP-100 AR5). IPCC 2006 코드 5.A.","European Commission, Joint Research Centre (JRC) — EDGAR",https://edgar.jrc.ec.europa.eu/dataset_ghg2025,CC-BY-4.0,"A-011_GHG 배출량[에너지, 산업공정, 농업, 폐기물].xlsx",1.1_observation(측정값),446,
A-011,"GHG 배출량[에너지, 산업공정, 농업, 폐기물]",observation,v124-a-011-obs-00279,A-011_emissions_sector_other_indirect_n2o,VNM,1973,1973,1973,,,,0.2921678488,Mt CO2eq,,,,,,"[기타 온실가스 처리 및 대체 기술 (Other GHG treatment)] [기타(간접 N2O)] European Commission, Joint Research Centre (JRC) — EDGAR 「EDGAR_AR5_GHG / IPCC 2006」 기준. Mt CO2eq (GWP-100 AR5). IPCC 2006 코드 5.A.","European Commission, Joint Research Centre (JRC) — EDGAR",https://edgar.jrc.ec.europa.eu/dataset_ghg2025,CC-BY-4.0,"A-011_GHG 배출량[에너지, 산업공정, 농업, 폐기물].xlsx",1.1_observation(측정값),447,
A-011,"GHG 배출량[에너지, 산업공정, 농업, 폐기물]",observation,v124-a-011-obs-00280,A-011_emissions_sector_other_indirect_n2o,VNM,1974,1974,1974,,,,0.2866381138,Mt CO2eq,,,,,,"[기타 온실가스 처리 및 대체 기술 (Other GHG treatment)] [기타(간접 N2O)] European Commission, Joint Research Centre (JRC) — EDGAR 「EDGAR_AR5_GHG / IPCC 2006」 기준. Mt CO2eq (GWP-100 AR5). IPCC 2006 코드 5.A.","European Commission, Joint Research Centre (JRC) — EDGAR",https://edgar.jrc.ec.europa.eu/dataset_ghg2025,CC-BY-4.0,"A-011_GHG 배출량[에너지, 산업공정, 농업, 폐기물].xlsx",1.1_observation(측정값),448,
A-011,"GHG 배출량[에너지, 산업공정, 농업, 폐기물]",observation,v124-a-011-obs-00281,A-011_emissions_sector_other_indirect_n2o,VNM,1975,1975,1975,,,,0.2974191576,Mt CO2eq,,,,,,"[기타 온실가스 처리 및 대체 기술 (Other GHG treatment)] [기타(간접 N2O)] European Commission, Joint Research Centre (JRC) — EDGAR 「EDGAR_AR5_GHG / IPCC 2006」 기준. Mt CO2eq (GWP-100 AR5). IPCC 2006 코드 5.A.","European Commission, Joint Research Centre (JRC) — EDGAR",https://edgar.jrc.ec.europa.eu/dataset_ghg2025,CC-BY-4.0,"A-011_GHG 배출량[에너지, 산업공정, 농업, 폐기물].xlsx",1.1_observation(측정값),449,
A-011,"GHG 배출량[에너지, 산업공정, 농업, 폐기물]",observation,v124-a-011-obs-00282,A-011_emissions_sector_other_indirect_n2o,VNM,1976,1976,1976,,,,0.2770015838,Mt CO2eq,,,,,,"[기타 온실가스 처리 및 대체 기술 (Other GHG treatment)] [기타(간접 N2O)] European Commission, Joint Research Centre (JRC) — EDGAR 「EDGAR_AR5_GHG / IPCC 2006」 기준. Mt CO2eq (GWP-100 AR5). IPCC 2006 코드 5.A.","European Commission, Joint Research Centre (JRC) — EDGAR",https://edgar.jrc.ec.europa.eu/dataset_ghg2025,CC-BY-4.0,"A-011_GHG 배출량[에너지, 산업공정, 농업, 폐기물].xlsx",1.1_observation(측정값),450,
A-011,"GHG 배출량[에너지, 산업공정, 농업, 폐기물]",observation,v124-a-011-obs-00283,A-011_emissions_sector_other_indirect_n2o,VNM,1977,1977,1977,,,,0.2812877087,Mt CO2eq,,,,,,"[기타 온실가스 처리 및 대체 기술 (Other GHG treatment)] [기타(간접 N2O)] European Commission, Joint Research Centre (JRC) — EDGAR 「EDGAR_AR5_GHG / IPCC 2006」 기준. Mt CO2eq (GWP-100 AR5). IPCC 2006 코드 5.A.","European Commission, Joint Research Centre (JRC) — EDGAR",https://edgar.jrc.ec.europa.eu/dataset_ghg2025,CC-BY-4.0,"A-011_GHG 배출량[에너지, 산업공정, 농업, 폐기물].xlsx",1.1_observation(측정값),451,
A-011,"GHG 배출량[에너지, 산업공정, 농업, 폐기물]",observation,v124-a-011-obs-00284,A-011_emissions_sector_other_indirect_n2o,VNM,1978,1978,1978,,,,0.2859546806,Mt CO2eq,,,,,,"[기타 온실가스 처리 및 대체 기술 (Other GHG treatment)] [기타(간접 N2O)] European Commission, Joint Research Centre (JRC) — EDGAR 「EDGAR_AR5_GHG / IPCC 2006」 기준. Mt CO2eq (GWP-100 AR5). IPCC 2006 코드 5.A.","European Commission, Joint Research Centre (JRC) — EDGAR",https://edgar.jrc.ec.europa.eu/dataset_ghg2025,CC-BY-4.0,"A-011_GHG 배출량[에너지, 산업공정, 농업, 폐기물].xlsx",1.1_observation(측정값),452,
A-011,"GHG 배출량[에너지, 산업공정, 농업, 폐기물]",observation,v124-a-011-obs-00285,A-011_emissions_sector_other_indirect_n2o,VNM,1979,1979,1979,,,,0.2918005066,Mt CO2eq,,,,,,"[기타 온실가스 처리 및 대체 기술 (Other GHG treatment)] [기타(간접 N2O)] European Commission, Joint Research Centre (JRC) — EDGAR 「EDGAR_AR5_GHG / IPCC 2006」 기준. Mt CO2eq (GWP-100 AR5). IPCC 2006 코드 5.A.","European Commission, Joint Research Centre (JRC) — EDGAR",https://edgar.jrc.ec.europa.eu/dataset_ghg2025,CC-BY-4.0,"A-011_GHG 배출량[에너지, 산업공정, 농업, 폐기물].xlsx",1.1_observation(측정값),453,
A-011,"GHG 배출량[에너지, 산업공정, 농업, 폐기물]",observation,v124-a-011-obs-00286,A-011_emissions_sector_other_indirect_n2o,VNM,1980,1980,1980,,,,0.3433321055,Mt CO2eq,,,,,,"[기타 온실가스 처리 및 대체 기술 (Other GHG treatment)] [기타(간접 N2O)] European Commission, Joint Research Centre (JRC) — EDGAR 「EDGAR_AR5_GHG / IPCC 2006」 기준. Mt CO2eq (GWP-100 AR5). IPCC 2006 코드 5.A.","European Commission, Joint Research Centre (JRC) — EDGAR",https://edgar.jrc.ec.europa.eu/dataset_ghg2025,CC-BY-4.0,"A-011_GHG 배출량[에너지, 산업공정, 농업, 폐기물].xlsx",1.1_observation(측정값),454,
A-011,"GHG 배출량[에너지, 산업공정, 농업, 폐기물]",observation,v124-a-011-obs-00287,A-011_emissions_sector_other_indirect_n2o,VNM,1981,1981,1981,,,,0.3427606379,Mt CO2eq,,,,,,"[기타 온실가스 처리 및 대체 기술 (Other GHG treatment)] [기타(간접 N2O)] European Commission, Joint Research Centre (JRC) — EDGAR 「EDGAR_AR5_GHG / IPCC 2006」 기준. Mt CO2eq (GWP-100 AR5). IPCC 2006 코드 5.A.","European Commission, Joint Research Centre (JRC) — EDGAR",https://edgar.jrc.ec.europa.eu/dataset_ghg2025,CC-BY-4.0,"A-011_GHG 배출량[에너지, 산업공정, 농업, 폐기물].xlsx",1.1_observation(측정값),455,
A-011,"GHG 배출량[에너지, 산업공정, 농업, 폐기물]",observation,v124-a-011-obs-00288,A-011_emissions_sector_other_indirect_n2o,VNM,1982,1982,1982,,,,0.4791810229,Mt CO2eq,,,,,,"[기타 온실가스 처리 및 대체 기술 (Other GHG treatment)] [기타(간접 N2O)] European Commission, Joint Research Centre (JRC) — EDGAR 「EDGAR_AR5_GHG / IPCC 2006」 기준. Mt CO2eq (GWP-100 AR5). IPCC 2006 코드 5.A.","European Commission, Joint Research Centre (JRC) — EDGAR",https://edgar.jrc.ec.europa.eu/dataset_ghg2025,CC-BY-4.0,"A-011_GHG 배출량[에너지, 산업공정, 농업, 폐기물].xlsx",1.1_observation(측정값),456,
A-011,"GHG 배출량[에너지, 산업공정, 농업, 폐기물]",observation,v124-a-011-obs-00289,A-011_emissions_sector_other_indirect_n2o,VNM,1983,1983,1983,,,,0.4603786845,Mt CO2eq,,,,,,"[기타 온실가스 처리 및 대체 기술 (Other GHG treatment)] [기타(간접 N2O)] European Commission, Joint Research Centre (JRC) — EDGAR 「EDGAR_AR5_GHG / IPCC 2006」 기준. Mt CO2eq (GWP-100 AR5). IPCC 2006 코드 5.A.","European Commission, Joint Research Centre (JRC) — EDGAR",https://edgar.jrc.ec.europa.eu/dataset_ghg2025,CC-BY-4.0,"A-011_GHG 배출량[에너지, 산업공정, 농업, 폐기물].xlsx",1.1_observation(측정값),457,
A-011,"GHG 배출량[에너지, 산업공정, 농업, 폐기물]",observation,v124-a-011-obs-00290,A-011_emissions_sector_other_indirect_n2o,VNM,1984,1984,1984,,,,0.4419969353,Mt CO2eq,,,,,,"[기타 온실가스 처리 및 대체 기술 (Other GHG treatment)] [기타(간접 N2O)] European Commission, Joint Research Centre (JRC) — EDGAR 「EDGAR_AR5_GHG / IPCC 2006」 기준. Mt CO2eq (GWP-100 AR5). IPCC 2006 코드 5.A.","European Commission, Joint Research Centre (JRC) — EDGAR",https://edgar.jrc.ec.europa.eu/dataset_ghg2025,CC-BY-4.0,"A-011_GHG 배출량[에너지, 산업공정, 농업, 폐기물].xlsx",1.1_observation(측정값),458,
A-011,"GHG 배출량[에너지, 산업공정, 농업, 폐기물]",observation,v124-a-011-obs-00291,A-011_emissions_sector_other_indirect_n2o,VNM,1985,1985,1985,,,,0.4311372182,Mt CO2eq,,,,,,"[기타 온실가스 처리 및 대체 기술 (Other GHG treatment)] [기타(간접 N2O)] European Commission, Joint Research Centre (JRC) — EDGAR 「EDGAR_AR5_GHG / IPCC 2006」 기준. Mt CO2eq (GWP-100 AR5). IPCC 2006 코드 5.A.","European Commission, Joint Research Centre (JRC) — EDGAR",https://edgar.jrc.ec.europa.eu/dataset_ghg2025,CC-BY-4.0,"A-011_GHG 배출량[에너지, 산업공정, 농업, 폐기물].xlsx",1.1_observation(측정값),459,
A-011,"GHG 배출량[에너지, 산업공정, 농업, 폐기물]",observation,v124-a-011-obs-00292,A-011_emissions_sector_other_indirect_n2o,VNM,1986,1986,1986,,,,0.4604340655,Mt CO2eq,,,,,,"[기타 온실가스 처리 및 대체 기술 (Other GHG treatment)] [기타(간접 N2O)] European Commission, Joint Research Centre (JRC) — EDGAR 「EDGAR_AR5_GHG / IPCC 2006」 기준. Mt CO2eq (GWP-100 AR5). IPCC 2006 코드 5.A.","European Commission, Joint Research Centre (JRC) — EDGAR",https://edgar.jrc.ec.europa.eu/dataset_ghg2025,CC-BY-4.0,"A-011_GHG 배출량[에너지, 산업공정, 농업, 폐기물].xlsx",1.1_observation(측정값),460,
A-011,"GHG 배출량[에너지, 산업공정, 농업, 폐기물]",observation,v124-a-011-obs-00293,A-011_emissions_sector_other_indirect_n2o,VNM,1987,1987,1987,,,,0.492051823,Mt CO2eq,,,,,,"[기타 온실가스 처리 및 대체 기술 (Other GHG treatment)] [기타(간접 N2O)] European Commission, Joint Research Centre (JRC) — EDGAR 「EDGAR_AR5_GHG / IPCC 2006」 기준. Mt CO2eq (GWP-100 AR5). IPCC 2006 코드 5.A.","European Commission, Joint Research Centre (JRC) — EDGAR",https://edgar.jrc.ec.europa.eu/dataset_ghg2025,CC-BY-4.0,"A-011_GHG 배출량[에너지, 산업공정, 농업, 폐기물].xlsx",1.1_observation(측정값),461,
A-011,"GHG 배출량[에너지, 산업공정, 농업, 폐기물]",observation,v124-a-011-obs-00294,A-011_emissions_sector_other_indirect_n2o,VNM,1988,1988,1988,,,,0.4848691115,Mt CO2eq,,,,,,"[기타 온실가스 처리 및 대체 기술 (Other GHG treatment)] [기타(간접 N2O)] European Commission, Joint Research Centre (JRC) — EDGAR 「EDGAR_AR5_GHG / IPCC 2006」 기준. Mt CO2eq (GWP-100 AR5). IPCC 2006 코드 5.A.","European Commission, Joint Research Centre (JRC) — EDGAR",https://edgar.jrc.ec.europa.eu/dataset_ghg2025,CC-BY-4.0,"A-011_GHG 배출량[에너지, 산업공정, 농업, 폐기물].xlsx",1.1_observation(측정값),462,
A-011,"GHG 배출량[에너지, 산업공정, 농업, 폐기물]",observation,v124-a-011-obs-00295,A-011_emissions_sector_other_indirect_n2o,VNM,1989,1989,1989,,,,0.4828104114,Mt CO2eq,,,,,,"[기타 온실가스 처리 및 대체 기술 (Other GHG treatment)] [기타(간접 N2O)] European Commission, Joint Research Centre (JRC) — EDGAR 「EDGAR_AR5_GHG / IPCC 2006」 기준. Mt CO2eq (GWP-100 AR5). IPCC 2006 코드 5.A.","European Commission, Joint Research Centre (JRC) — EDGAR",https://edgar.jrc.ec.europa.eu/dataset_ghg2025,CC-BY-4.0,"A-011_GHG 배출량[에너지, 산업공정, 농업, 폐기물].xlsx",1.1_observation(측정값),463,
A-011,"GHG 배출량[에너지, 산업공정, 농업, 폐기물]",observation,v124-a-011-obs-00296,A-011_emissions_sector_other_indirect_n2o,VNM,1990,1990,1990,,,,0.484647516,Mt CO2eq,,,,,,"[기타 온실가스 처리 및 대체 기술 (Other GHG treatment)] [기타(간접 N2O)] European Commission, Joint Research Centre (JRC) — EDGAR 「EDGAR_AR5_GHG / IPCC 2006」 기준. Mt CO2eq (GWP-100 AR5). IPCC 2006 코드 5.A.","European Commission, Joint Research Centre (JRC) — EDGAR",https://edgar.jrc.ec.europa.eu/dataset_ghg2025,CC-BY-4.0,"A-011_GHG 배출량[에너지, 산업공정, 농업, 폐기물].xlsx",1.1_observation(측정값),464,
A-011,"GHG 배출량[에너지, 산업공정, 농업, 폐기물]",observation,v124-a-011-obs-00297,A-011_emissions_sector_other_indirect_n2o,VNM,1991,1991,1991,,,,0.5057952176,Mt CO2eq,,,,,,"[기타 온실가스 처리 및 대체 기술 (Other GHG treatment)] [기타(간접 N2O)] European Commission, Joint Research Centre (JRC) — EDGAR 「EDGAR_AR5_GHG / IPCC 2006」 기준. Mt CO2eq (GWP-100 AR5). IPCC 2006 코드 5.A.","European Commission, Joint Research Centre (JRC) — EDGAR",https://edgar.jrc.ec.europa.eu/dataset_ghg2025,CC-BY-4.0,"A-011_GHG 배출량[에너지, 산업공정, 농업, 폐기물].xlsx",1.1_observation(측정값),465,
A-011,"GHG 배출량[에너지, 산업공정, 농업, 폐기물]",observation,v124-a-011-obs-00298,A-011_emissions_sector_other_indirect_n2o,VNM,1992,1992,1992,,,,0.4978498163,Mt CO2eq,,,,,,"[기타 온실가스 처리 및 대체 기술 (Other GHG treatment)] [기타(간접 N2O)] European Commission, Joint Research Centre (JRC) — EDGAR 「EDGAR_AR5_GHG / IPCC 2006」 기준. Mt CO2eq (GWP-100 AR5). IPCC 2006 코드 5.A.","European Commission, Joint Research Centre (JRC) — EDGAR",https://edgar.jrc.ec.europa.eu/dataset_ghg2025,CC-BY-4.0,"A-011_GHG 배출량[에너지, 산업공정, 농업, 폐기물].xlsx",1.1_observation(측정값),466,
A-011,"GHG 배출량[에너지, 산업공정, 농업, 폐기물]",observation,v124-a-011-obs-00299,A-011_emissions_sector_other_indirect_n2o,VNM,1993,1993,1993,,,,0.5920378362,Mt CO2eq,,,,,,"[기타 온실가스 처리 및 대체 기술 (Other GHG treatment)] [기타(간접 N2O)] European Commission, Joint Research Centre (JRC) — EDGAR 「EDGAR_AR5_GHG / IPCC 2006」 기준. Mt CO2eq (GWP-100 AR5). IPCC 2006 코드 5.A.","European Commission, Joint Research Centre (JRC) — EDGAR",https://edgar.jrc.ec.europa.eu/dataset_ghg2025,CC-BY-4.0,"A-011_GHG 배출량[에너지, 산업공정, 농업, 폐기물].xlsx",1.1_observation(측정값),467,
A-011,"GHG 배출량[에너지, 산업공정, 농업, 폐기물]",observation,v124-a-011-obs-00300,A-011_emissions_sector_other_indirect_n2o,VNM,1994,1994,1994,,,,0.5401566426,Mt CO2eq,,,,,,"[기타 온실가스 처리 및 대체 기술 (Other GHG treatment)] [기타(간접 N2O)] European Commission, Joint Research Centre (JRC) — EDGAR 「EDGAR_AR5_GHG / IPCC 2006」 기준. Mt CO2eq (GWP-100 AR5). IPCC 2006 코드 5.A.","European Commission, Joint Research Centre (JRC) — EDGAR",https://edgar.jrc.ec.europa.eu/dataset_ghg2025,CC-BY-4.0,"A-011_GHG 배출량[에너지, 산업공정, 농업, 폐기물].xlsx",1.1_observation(측정값),468,
A-011,"GHG 배출량[에너지, 산업공정, 농업, 폐기물]",observation,v124-a-011-obs-00301,A-011_emissions_sector_other_indirect_n2o,VNM,1995,1995,1995,,,,0.5637302261,Mt CO2eq,,,,,,"[기타 온실가스 처리 및 대체 기술 (Other GHG treatment)] [기타(간접 N2O)] European Commission, Joint Research Centre (JRC) — EDGAR 「EDGAR_AR5_GHG / IPCC 2006」 기준. Mt CO2eq (GWP-100 AR5). IPCC 2006 코드 5.A.","European Commission, Joint Research Centre (JRC) — EDGAR",https://edgar.jrc.ec.europa.eu/dataset_ghg2025,CC-BY-4.0,"A-011_GHG 배출량[에너지, 산업공정, 농업, 폐기물].xlsx",1.1_observation(측정값),469,
A-011,"GHG 배출량[에너지, 산업공정, 농업, 폐기물]",observation,v124-a-011-obs-00302,A-011_emissions_sector_other_indirect_n2o,VNM,1996,1996,1996,,,,0.6416603573,Mt CO2eq,,,,,,"[기타 온실가스 처리 및 대체 기술 (Other GHG treatment)] [기타(간접 N2O)] European Commission, Joint Research Centre (JRC) — EDGAR 「EDGAR_AR5_GHG / IPCC 2006」 기준. Mt CO2eq (GWP-100 AR5). IPCC 2006 코드 5.A.","European Commission, Joint Research Centre (JRC) — EDGAR",https://edgar.jrc.ec.europa.eu/dataset_ghg2025,CC-BY-4.0,"A-011_GHG 배출량[에너지, 산업공정, 농업, 폐기물].xlsx",1.1_observation(측정값),470,
A-011,"GHG 배출량[에너지, 산업공정, 농업, 폐기물]",observation,v124-a-011-obs-00303,A-011_emissions_sector_other_indirect_n2o,VNM,1997,1997,1997,,,,0.6208255316,Mt CO2eq,,,,,,"[기타 온실가스 처리 및 대체 기술 (Other GHG treatment)] [기타(간접 N2O)] European Commission, Joint Research Centre (JRC) — EDGAR 「EDGAR_AR5_GHG / IPCC 2006」 기준. Mt CO2eq (GWP-100 AR5). IPCC 2006 코드 5.A.","European Commission, Joint Research Centre (JRC) — EDGAR",https://edgar.jrc.ec.europa.eu/dataset_ghg2025,CC-BY-4.0,"A-011_GHG 배출량[에너지, 산업공정, 농업, 폐기물].xlsx",1.1_observation(측정값),471,
A-011,"GHG 배출량[에너지, 산업공정, 농업, 폐기물]",observation,v124-a-011-obs-00304,A-011_emissions_sector_other_indirect_n2o,VNM,1998,1998,1998,,,,0.6967526846,Mt CO2eq,,,,,,"[기타 온실가스 처리 및 대체 기술 (Other GHG treatment)] [기타(간접 N2O)] European Commission, Joint Research Centre (JRC) — EDGAR 「EDGAR_AR5_GHG / IPCC 2006」 기준. Mt CO2eq (GWP-100 AR5). IPCC 2006 코드 5.A.","European Commission, Joint Research Centre (JRC) — EDGAR",https://edgar.jrc.ec.europa.eu/dataset_ghg2025,CC-BY-4.0,"A-011_GHG 배출량[에너지, 산업공정, 농업, 폐기물].xlsx",1.1_observation(측정값),472,
A-011,"GHG 배출량[에너지, 산업공정, 농업, 폐기물]",observation,v124-a-011-obs-00305,A-011_emissions_sector_other_indirect_n2o,VNM,1999,1999,1999,,,,0.6595740008,Mt CO2eq,,,,,,"[기타 온실가스 처리 및 대체 기술 (Other GHG treatment)] [기타(간접 N2O)] European Commission, Joint Research Centre (JRC) — EDGAR 「EDGAR_AR5_GHG / IPCC 2006」 기준. Mt CO2eq (GWP-100 AR5). IPCC 2006 코드 5.A.","European Commission, Joint Research Centre (JRC) — EDGAR",https://edgar.jrc.ec.europa.eu/dataset_ghg2025,CC-BY-4.0,"A-011_GHG 배출량[에너지, 산업공정, 농업, 폐기물].xlsx",1.1_observation(측정값),473,
A-011,"GHG 배출량[에너지, 산업공정, 농업, 폐기물]",observation,v124-a-011-obs-00306,A-011_emissions_sector_other_indirect_n2o,VNM,2000,2000,2000,,,,0.6942716315,Mt CO2eq,,,,,,"[기타 온실가스 처리 및 대체 기술 (Other GHG treatment)] [기타(간접 N2O)] European Commission, Joint Research Centre (JRC) — EDGAR 「EDGAR_AR5_GHG / IPCC 2006」 기준. Mt CO2eq (GWP-100 AR5). IPCC 2006 코드 5.A.","European Commission, Joint Research Centre (JRC) — EDGAR",https://edgar.jrc.ec.europa.eu/dataset_ghg2025,CC-BY-4.0,"A-011_GHG 배출량[에너지, 산업공정, 농업, 폐기물].xlsx",1.1_observation(측정값),474,
A-011,"GHG 배출량[에너지, 산업공정, 농업, 폐기물]",observation,v124-a-011-obs-00307,A-011_emissions_sector_other_indirect_n2o,VNM,2001,2001,2001,,,,0.7306845128,Mt CO2eq,,,,,,"[기타 온실가스 처리 및 대체 기술 (Other GHG treatment)] [기타(간접 N2O)] European Commission, Joint Research Centre (JRC) — EDGAR 「EDGAR_AR5_GHG / IPCC 2006」 기준. Mt CO2eq (GWP-100 AR5). IPCC 2006 코드 5.A.","European Commission, Joint Research Centre (JRC) — EDGAR",https://edgar.jrc.ec.europa.eu/dataset_ghg2025,CC-BY-4.0,"A-011_GHG 배출량[에너지, 산업공정, 농업, 폐기물].xlsx",1.1_observation(측정값),475,
A-011,"GHG 배출량[에너지, 산업공정, 농업, 폐기물]",observation,v124-a-011-obs-00308,A-011_emissions_sector_other_indirect_n2o,VNM,2002,2002,2002,,,,0.779538698,Mt CO2eq,,,,,,"[기타 온실가스 처리 및 대체 기술 (Other GHG treatment)] [기타(간접 N2O)] European Commission, Joint Research Centre (JRC) — EDGAR 「EDGAR_AR5_GHG / IPCC 2006」 기준. Mt CO2eq (GWP-100 AR5). IPCC 2006 코드 5.A.","European Commission, Joint Research Centre (JRC) — EDGAR",https://edgar.jrc.ec.europa.eu/dataset_ghg2025,CC-BY-4.0,"A-011_GHG 배출량[에너지, 산업공정, 농업, 폐기물].xlsx",1.1_observation(측정값),476,
A-011,"GHG 배출량[에너지, 산업공정, 농업, 폐기물]",observation,v124-a-011-obs-00309,A-011_emissions_sector_other_indirect_n2o,VNM,2003,2003,2003,,,,0.8428031541,Mt CO2eq,,,,,,"[기타 온실가스 처리 및 대체 기술 (Other GHG treatment)] [기타(간접 N2O)] European Commission, Joint Research Centre (JRC) — EDGAR 「EDGAR_AR5_GHG / IPCC 2006」 기준. Mt CO2eq (GWP-100 AR5). IPCC 2006 코드 5.A.","European Commission, Joint Research Centre (JRC) — EDGAR",https://edgar.jrc.ec.europa.eu/dataset_ghg2025,CC-BY-4.0,"A-011_GHG 배출량[에너지, 산업공정, 농업, 폐기물].xlsx",1.1_observation(측정값),477,
A-011,"GHG 배출량[에너지, 산업공정, 농업, 폐기물]",observation,v124-a-011-obs-00310,A-011_emissions_sector_other_indirect_n2o,VNM,2004,2004,2004,,,,0.9399234986,Mt CO2eq,,,,,,"[기타 온실가스 처리 및 대체 기술 (Other GHG treatment)] [기타(간접 N2O)] European Commission, Joint Research Centre (JRC) — EDGAR 「EDGAR_AR5_GHG / IPCC 2006」 기준. Mt CO2eq (GWP-100 AR5). IPCC 2006 코드 5.A.","European Commission, Joint Research Centre (JRC) — EDGAR",https://edgar.jrc.ec.europa.eu/dataset_ghg2025,CC-BY-4.0,"A-011_GHG 배출량[에너지, 산업공정, 농업, 폐기물].xlsx",1.1_observation(측정값),478,
A-011,"GHG 배출량[에너지, 산업공정, 농업, 폐기물]",observation,v124-a-011-obs-00311,A-011_emissions_sector_other_indirect_n2o,VNM,2005,2005,2005,,,,0.9275738357,Mt CO2eq,,,,,,"[기타 온실가스 처리 및 대체 기술 (Other GHG treatment)] [기타(간접 N2O)] European Commission, Joint Research Centre (JRC) — EDGAR 「EDGAR_AR5_GHG / IPCC 2006」 기준. Mt CO2eq (GWP-100 AR5). IPCC 2006 코드 5.A.","European Commission, Joint Research Centre (JRC) — EDGAR",https://edgar.jrc.ec.europa.eu/dataset_ghg2025,CC-BY-4.0,"A-011_GHG 배출량[에너지, 산업공정, 농업, 폐기물].xlsx",1.1_observation(측정값),479,
A-011,"GHG 배출량[에너지, 산업공정, 농업, 폐기물]",observation,v124-a-011-obs-00312,A-011_emissions_sector_other_indirect_n2o,VNM,2006,2006,2006,,,,0.8864436646,Mt CO2eq,,,,,,"[기타 온실가스 처리 및 대체 기술 (Other GHG treatment)] [기타(간접 N2O)] European Commission, Joint Research Centre (JRC) — EDGAR 「EDGAR_AR5_GHG / IPCC 2006」 기준. Mt CO2eq (GWP-100 AR5). IPCC 2006 코드 5.A.","European Commission, Joint Research Centre (JRC) — EDGAR",https://edgar.jrc.ec.europa.eu/dataset_ghg2025,CC-BY-4.0,"A-011_GHG 배출량[에너지, 산업공정, 농업, 폐기물].xlsx",1.1_observation(측정값),480,
A-011,"GHG 배출량[에너지, 산업공정, 농업, 폐기물]",observation,v124-a-011-obs-00313,A-011_emissions_sector_other_indirect_n2o,VNM,2007,2007,2007,,,,1.0141630799,Mt CO2eq,,,,,,"[기타 온실가스 처리 및 대체 기술 (Other GHG treatment)] [기타(간접 N2O)] European Commission, Joint Research Centre (JRC) — EDGAR 「EDGAR_AR5_GHG / IPCC 2006」 기준. Mt CO2eq (GWP-100 AR5). IPCC 2006 코드 5.A.","European Commission, Joint Research Centre (JRC) — EDGAR",https://edgar.jrc.ec.europa.eu/dataset_ghg2025,CC-BY-4.0,"A-011_GHG 배출량[에너지, 산업공정, 농업, 폐기물].xlsx",1.1_observation(측정값),481,
A-011,"GHG 배출량[에너지, 산업공정, 농업, 폐기물]",observation,v124-a-011-obs-00314,A-011_emissions_sector_other_indirect_n2o,VNM,2008,2008,2008,,,,1.004883903,Mt CO2eq,,,,,,"[기타 온실가스 처리 및 대체 기술 (Other GHG treatment)] [기타(간접 N2O)] European Commission, Joint Research Centre (JRC) — EDGAR 「EDGAR_AR5_GHG / IPCC 2006」 기준. Mt CO2eq (GWP-100 AR5). IPCC 2006 코드 5.A.","European Commission, Joint Research Centre (JRC) — EDGAR",https://edgar.jrc.ec.europa.eu/dataset_ghg2025,CC-BY-4.0,"A-011_GHG 배출량[에너지, 산업공정, 농업, 폐기물].xlsx",1.1_observation(측정값),482,
A-011,"GHG 배출량[에너지, 산업공정, 농업, 폐기물]",observation,v124-a-011-obs-00315,A-011_emissions_sector_other_indirect_n2o,VNM,2009,2009,2009,,,,1.0913620059,Mt CO2eq,,,,,,"[기타 온실가스 처리 및 대체 기술 (Other GHG treatment)] [기타(간접 N2O)] European Commission, Joint Research Centre (JRC) — EDGAR 「EDGAR_AR5_GHG / IPCC 2006」 기준. Mt CO2eq (GWP-100 AR5). IPCC 2006 코드 5.A.","European Commission, Joint Research Centre (JRC) — EDGAR",https://edgar.jrc.ec.europa.eu/dataset_ghg2025,CC-BY-4.0,"A-011_GHG 배출량[에너지, 산업공정, 농업, 폐기물].xlsx",1.1_observation(측정값),483,
A-011,"GHG 배출량[에너지, 산업공정, 농업, 폐기물]",observation,v124-a-011-obs-00316,A-011_emissions_sector_other_indirect_n2o,VNM,2010,2010,2010,,,,1.1783682864,Mt CO2eq,,,,,,"[기타 온실가스 처리 및 대체 기술 (Other GHG treatment)] [기타(간접 N2O)] European Commission, Joint Research Centre (JRC) — EDGAR 「EDGAR_AR5_GHG / IPCC 2006」 기준. Mt CO2eq (GWP-100 AR5). IPCC 2006 코드 5.A.","European Commission, Joint Research Centre (JRC) — EDGAR",https://edgar.jrc.ec.europa.eu/dataset_ghg2025,CC-BY-4.0,"A-011_GHG 배출량[에너지, 산업공정, 농업, 폐기물].xlsx",1.1_observation(측정값),484,
A-011,"GHG 배출량[에너지, 산업공정, 농업, 폐기물]",observation,v124-a-011-obs-00317,A-011_emissions_sector_other_indirect_n2o,VNM,2011,2011,2011,,,,1.1365859193,Mt CO2eq,,,,,,"[기타 온실가스 처리 및 대체 기술 (Other GHG treatment)] [기타(간접 N2O)] European Commission, Joint Research Centre (JRC) — EDGAR 「EDGAR_AR5_GHG / IPCC 2006」 기준. Mt CO2eq (GWP-100 AR5). IPCC 2006 코드 5.A.","European Commission, Joint Research Centre (JRC) — EDGAR",https://edgar.jrc.ec.europa.eu/dataset_ghg2025,CC-BY-4.0,"A-011_GHG 배출량[에너지, 산업공정, 농업, 폐기물].xlsx",1.1_observation(측정값),485,
A-011,"GHG 배출량[에너지, 산업공정, 농업, 폐기물]",observation,v124-a-011-obs-00318,A-011_emissions_sector_other_indirect_n2o,VNM,2012,2012,2012,,,,1.1374798129,Mt CO2eq,,,,,,"[기타 온실가스 처리 및 대체 기술 (Other GHG treatment)] [기타(간접 N2O)] European Commission, Joint Research Centre (JRC) — EDGAR 「EDGAR_AR5_GHG / IPCC 2006」 기준. Mt CO2eq (GWP-100 AR5). IPCC 2006 코드 5.A.","European Commission, Joint Research Centre (JRC) — EDGAR",https://edgar.jrc.ec.europa.eu/dataset_ghg2025,CC-BY-4.0,"A-011_GHG 배출량[에너지, 산업공정, 농업, 폐기물].xlsx",1.1_observation(측정값),486,
A-011,"GHG 배출량[에너지, 산업공정, 농업, 폐기물]",observation,v124-a-011-obs-00319,A-011_emissions_sector_other_indirect_n2o,VNM,2013,2013,2013,,,,1.128471897,Mt CO2eq,,,,,,"[기타 온실가스 처리 및 대체 기술 (Other GHG treatment)] [기타(간접 N2O)] European Commission, Joint Research Centre (JRC) — EDGAR 「EDGAR_AR5_GHG / IPCC 2006」 기준. Mt CO2eq (GWP-100 AR5). IPCC 2006 코드 5.A.","European Commission, Joint Research Centre (JRC) — EDGAR",https://edgar.jrc.ec.europa.eu/dataset_ghg2025,CC-BY-4.0,"A-011_GHG 배출량[에너지, 산업공정, 농업, 폐기물].xlsx",1.1_observation(측정값),487,
A-011,"GHG 배출량[에너지, 산업공정, 농업, 폐기물]",observation,v124-a-011-obs-00320,A-011_emissions_sector_other_indirect_n2o,VNM,2014,2014,2014,,,,1.2359315476,Mt CO2eq,,,,,,"[기타 온실가스 처리 및 대체 기술 (Other GHG treatment)] [기타(간접 N2O)] European Commission, Joint Research Centre (JRC) — EDGAR 「EDGAR_AR5_GHG / IPCC 2006」 기준. Mt CO2eq (GWP-100 AR5). IPCC 2006 코드 5.A.","European Commission, Joint Research Centre (JRC) — EDGAR",https://edgar.jrc.ec.europa.eu/dataset_ghg2025,CC-BY-4.0,"A-011_GHG 배출량[에너지, 산업공정, 농업, 폐기물].xlsx",1.1_observation(측정값),488,
A-011,"GHG 배출량[에너지, 산업공정, 농업, 폐기물]",observation,v124-a-011-obs-00321,A-011_emissions_sector_other_indirect_n2o,VNM,2015,2015,2015,,,,1.0979120615,Mt CO2eq,,,,,,"[기타 온실가스 처리 및 대체 기술 (Other GHG treatment)] [기타(간접 N2O)] European Commission, Joint Research Centre (JRC) — EDGAR 「EDGAR_AR5_GHG / IPCC 2006」 기준. Mt CO2eq (GWP-100 AR5). IPCC 2006 코드 5.A.","European Commission, Joint Research Centre (JRC) — EDGAR",https://edgar.jrc.ec.europa.eu/dataset_ghg2025,CC-BY-4.0,"A-011_GHG 배출량[에너지, 산업공정, 농업, 폐기물].xlsx",1.1_observation(측정값),489,
A-011,"GHG 배출량[에너지, 산업공정, 농업, 폐기물]",observation,v124-a-011-obs-00322,A-011_emissions_sector_other_indirect_n2o,VNM,2016,2016,2016,,,,1.1781578552,Mt CO2eq,,,,,,"[기타 온실가스 처리 및 대체 기술 (Other GHG treatment)] [기타(간접 N2O)] European Commission, Joint Research Centre (JRC) — EDGAR 「EDGAR_AR5_GHG / IPCC 2006」 기준. Mt CO2eq (GWP-100 AR5). IPCC 2006 코드 5.A.","European Commission, Joint Research Centre (JRC) — EDGAR",https://edgar.jrc.ec.europa.eu/dataset_ghg2025,CC-BY-4.0,"A-011_GHG 배출량[에너지, 산업공정, 농업, 폐기물].xlsx",1.1_observation(측정값),490,
A-011,"GHG 배출량[에너지, 산업공정, 농업, 폐기물]",observation,v124-a-011-obs-00323,A-011_emissions_sector_other_indirect_n2o,VNM,2017,2017,2017,,,,1.148167638,Mt CO2eq,,,,,,"[기타 온실가스 처리 및 대체 기술 (Other GHG treatment)] [기타(간접 N2O)] European Commission, Joint Research Centre (JRC) — EDGAR 「EDGAR_AR5_GHG / IPCC 2006」 기준. Mt CO2eq (GWP-100 AR5). IPCC 2006 코드 5.A.","European Commission, Joint Research Centre (JRC) — EDGAR",https://edgar.jrc.ec.europa.eu/dataset_ghg2025,CC-BY-4.0,"A-011_GHG 배출량[에너지, 산업공정, 농업, 폐기물].xlsx",1.1_observation(측정값),491,
A-011,"GHG 배출량[에너지, 산업공정, 농업, 폐기물]",observation,v124-a-011-obs-00324,A-011_emissions_sector_other_indirect_n2o,VNM,2018,2018,2018,,,,1.4576446001,Mt CO2eq,,,,,,"[기타 온실가스 처리 및 대체 기술 (Other GHG treatment)] [기타(간접 N2O)] European Commission, Joint Research Centre (JRC) — EDGAR 「EDGAR_AR5_GHG / IPCC 2006」 기준. Mt CO2eq (GWP-100 AR5). IPCC 2006 코드 5.A.","European Commission, Joint Research Centre (JRC) — EDGAR",https://edgar.jrc.ec.europa.eu/dataset_ghg2025,CC-BY-4.0,"A-011_GHG 배출량[에너지, 산업공정, 농업, 폐기물].xlsx",1.1_observation(측정값),492,
A-011,"GHG 배출량[에너지, 산업공정, 농업, 폐기물]",observation,v124-a-011-obs-00325,A-011_emissions_sector_other_indirect_n2o,VNM,2019,2019,2019,,,,1.6713678299,Mt CO2eq,,,,,,"[기타 온실가스 처리 및 대체 기술 (Other GHG treatment)] [기타(간접 N2O)] European Commission, Joint Research Centre (JRC) — EDGAR 「EDGAR_AR5_GHG / IPCC 2006」 기준. Mt CO2eq (GWP-100 AR5). IPCC 2006 코드 5.A.","European Commission, Joint Research Centre (JRC) — EDGAR",https://edgar.jrc.ec.europa.eu/dataset_ghg2025,CC-BY-4.0,"A-011_GHG 배출량[에너지, 산업공정, 농업, 폐기물].xlsx",1.1_observation(측정값),493,
A-011,"GHG 배출량[에너지, 산업공정, 농업, 폐기물]",observation,v124-a-011-obs-00326,A-011_emissions_sector_other_indirect_n2o,VNM,2020,2020,2020,,,,1.7419493402,Mt CO2eq,,,,,,"[기타 온실가스 처리 및 대체 기술 (Other GHG treatment)] [기타(간접 N2O)] European Commission, Joint Research Centre (JRC) — EDGAR 「EDGAR_AR5_GHG / IPCC 2006」 기준. Mt CO2eq (GWP-100 AR5). IPCC 2006 코드 5.A.","European Commission, Joint Research Centre (JRC) — EDGAR",https://edgar.jrc.ec.europa.eu/dataset_ghg2025,CC-BY-4.0,"A-011_GHG 배출량[에너지, 산업공정, 농업, 폐기물].xlsx",1.1_observation(측정값),494,
A-011,"GHG 배출량[에너지, 산업공정, 농업, 폐기물]",observation,v124-a-011-obs-00327,A-011_emissions_sector_other_indirect_n2o,VNM,2021,2021,2021,,,,1.7505131007,Mt CO2eq,,,,,,"[기타 온실가스 처리 및 대체 기술 (Other GHG treatment)] [기타(간접 N2O)] European Commission, Joint Research Centre (JRC) — EDGAR 「EDGAR_AR5_GHG / IPCC 2006」 기준. Mt CO2eq (GWP-100 AR5). IPCC 2006 코드 5.A.","European Commission, Joint Research Centre (JRC) — EDGAR",https://edgar.jrc.ec.europa.eu/dataset_ghg2025,CC-BY-4.0,"A-011_GHG 배출량[에너지, 산업공정, 농업, 폐기물].xlsx",1.1_observation(측정값),495,
A-011,"GHG 배출량[에너지, 산업공정, 농업, 폐기물]",observation,v124-a-011-obs-00328,A-011_emissions_sector_other_indirect_n2o,VNM,2022,2022,2022,,,,1.7577515026,Mt CO2eq,,,,,,"[기타 온실가스 처리 및 대체 기술 (Other GHG treatment)] [기타(간접 N2O)] European Commission, Joint Research Centre (JRC) — EDGAR 「EDGAR_AR5_GHG / IPCC 2006」 기준. Mt CO2eq (GWP-100 AR5). IPCC 2006 코드 5.A.","European Commission, Joint Research Centre (JRC) — EDGAR",https://edgar.jrc.ec.europa.eu/dataset_ghg2025,CC-BY-4.0,"A-011_GHG 배출량[에너지, 산업공정, 농업, 폐기물].xlsx",1.1_observation(측정값),496,
A-011,"GHG 배출량[에너지, 산업공정, 농업, 폐기물]",observation,v124-a-011-obs-00329,A-011_emissions_sector_other_indirect_n2o,VNM,2023,2023,2023,,,,2.0059636341,Mt CO2eq,,,,,,"[기타 온실가스 처리 및 대체 기술 (Other GHG treatment)] [기타(간접 N2O)] European Commission, Joint Research Centre (JRC) — EDGAR 「EDGAR_AR5_GHG / IPCC 2006」 기준. Mt CO2eq (GWP-100 AR5). IPCC 2006 코드 5.A.","European Commission, Joint Research Centre (JRC) — EDGAR",https://edgar.jrc.ec.europa.eu/dataset_ghg2025,CC-BY-4.0,"A-011_GHG 배출량[에너지, 산업공정, 농업, 폐기물].xlsx",1.1_observation(측정값),497,
A-011,"GHG 배출량[에너지, 산업공정, 농업, 폐기물]",observation,v124-a-011-obs-00330,A-011_emissions_sector_other_indirect_n2o,VNM,2024,2024,2024,,,,2.1871287978,Mt CO2eq,,,,,,"[기타 온실가스 처리 및 대체 기술 (Other GHG treatment)] [기타(간접 N2O)] European Commission, Joint Research Centre (JRC) — EDGAR 「EDGAR_AR5_GHG / IPCC 2006」 기준. Mt CO2eq (GWP-100 AR5). IPCC 2006 코드 5.A.","European Commission, Joint Research Centre (JRC) — EDGAR",https://edgar.jrc.ec.europa.eu/dataset_ghg2025,CC-BY-4.0,"A-011_GHG 배출량[에너지, 산업공정, 농업, 폐기물].xlsx",1.1_observation(측정값),498,
A-011,"GHG 배출량[에너지, 산업공정, 농업, 폐기물]",observation,v124-a-011-obs-00331,A-011_emissions_sector_power_industry,VNM,1970,1970,1970,,,,1.9483034406,Mt CO2eq,,,,,,"[발전효율 기술 (Power generation efficiency)] [발전] European Commission, Joint Research Centre (JRC) — EDGAR 「EDGAR GHG_Power Industry」 기준. Mt CO2eq (GWP-100 AR5). IPCC 2006 코드 1.A.1.a.","European Commission, Joint Research Centre (JRC) — EDGAR",https://edgar.jrc.ec.europa.eu/dataset_ghg2025,CC-BY-4.0,"A-011_GHG 배출량[에너지, 산업공정, 농업, 폐기물].xlsx",1.1_observation(측정값),114,
A-011,"GHG 배출량[에너지, 산업공정, 농업, 폐기물]",observation,v124-a-011-obs-00332,A-011_emissions_sector_power_industry,VNM,1971,1971,1971,,,,1.9483034406,Mt CO2eq,,,,,,"[발전효율 기술 (Power generation efficiency)] [발전] European Commission, Joint Research Centre (JRC) — EDGAR 「EDGAR GHG_Power Industry」 기준. Mt CO2eq (GWP-100 AR5). IPCC 2006 코드 1.A.1.a.","European Commission, Joint Research Centre (JRC) — EDGAR",https://edgar.jrc.ec.europa.eu/dataset_ghg2025,CC-BY-4.0,"A-011_GHG 배출량[에너지, 산업공정, 농업, 폐기물].xlsx",1.1_observation(측정값),115,
A-011,"GHG 배출량[에너지, 산업공정, 농업, 폐기물]",observation,v124-a-011-obs-00333,A-011_emissions_sector_power_industry,VNM,1972,1972,1972,,,,2.0547432265,Mt CO2eq,,,,,,"[발전효율 기술 (Power generation efficiency)] [발전] European Commission, Joint Research Centre (JRC) — EDGAR 「EDGAR GHG_Power Industry」 기준. Mt CO2eq (GWP-100 AR5). IPCC 2006 코드 1.A.1.a.","European Commission, Joint Research Centre (JRC) — EDGAR",https://edgar.jrc.ec.europa.eu/dataset_ghg2025,CC-BY-4.0,"A-011_GHG 배출량[에너지, 산업공정, 농업, 폐기물].xlsx",1.1_observation(측정값),116,
A-011,"GHG 배출량[에너지, 산업공정, 농업, 폐기물]",observation,v124-a-011-obs-00334,A-011_emissions_sector_power_industry,VNM,1973,1973,1973,,,,2.2306000067,Mt CO2eq,,,,,,"[발전효율 기술 (Power generation efficiency)] [발전] European Commission, Joint Research Centre (JRC) — EDGAR 「EDGAR GHG_Power Industry」 기준. Mt CO2eq (GWP-100 AR5). IPCC 2006 코드 1.A.1.a.","European Commission, Joint Research Centre (JRC) — EDGAR",https://edgar.jrc.ec.europa.eu/dataset_ghg2025,CC-BY-4.0,"A-011_GHG 배출량[에너지, 산업공정, 농업, 폐기물].xlsx",1.1_observation(측정값),117,
A-011,"GHG 배출량[에너지, 산업공정, 농업, 폐기물]",observation,v124-a-011-obs-00335,A-011_emissions_sector_power_industry,VNM,1974,1974,1974,,,,1.9066530467,Mt CO2eq,,,,,,"[발전효율 기술 (Power generation efficiency)] [발전] European Commission, Joint Research Centre (JRC) — EDGAR 「EDGAR GHG_Power Industry」 기준. Mt CO2eq (GWP-100 AR5). IPCC 2006 코드 1.A.1.a.","European Commission, Joint Research Centre (JRC) — EDGAR",https://edgar.jrc.ec.europa.eu/dataset_ghg2025,CC-BY-4.0,"A-011_GHG 배출량[에너지, 산업공정, 농업, 폐기물].xlsx",1.1_observation(측정값),118,
A-011,"GHG 배출량[에너지, 산업공정, 농업, 폐기물]",observation,v124-a-011-obs-00336,A-011_emissions_sector_power_industry,VNM,1975,1975,1975,,,,2.2282857121,Mt CO2eq,,,,,,"[발전효율 기술 (Power generation efficiency)] [발전] European Commission, Joint Research Centre (JRC) — EDGAR 「EDGAR GHG_Power Industry」 기준. Mt CO2eq (GWP-100 AR5). IPCC 2006 코드 1.A.1.a.","European Commission, Joint Research Centre (JRC) — EDGAR",https://edgar.jrc.ec.europa.eu/dataset_ghg2025,CC-BY-4.0,"A-011_GHG 배출량[에너지, 산업공정, 농업, 폐기물].xlsx",1.1_observation(측정값),119,
A-011,"GHG 배출량[에너지, 산업공정, 농업, 폐기물]",observation,v124-a-011-obs-00337,A-011_emissions_sector_power_industry,VNM,1976,1976,1976,,,,2.7743654745,Mt CO2eq,,,,,,"[발전효율 기술 (Power generation efficiency)] [발전] European Commission, Joint Research Centre (JRC) — EDGAR 「EDGAR GHG_Power Industry」 기준. Mt CO2eq (GWP-100 AR5). IPCC 2006 코드 1.A.1.a.","European Commission, Joint Research Centre (JRC) — EDGAR",https://edgar.jrc.ec.europa.eu/dataset_ghg2025,CC-BY-4.0,"A-011_GHG 배출량[에너지, 산업공정, 농업, 폐기물].xlsx",1.1_observation(측정값),120,
A-011,"GHG 배출량[에너지, 산업공정, 농업, 폐기물]",observation,v124-a-011-obs-00338,A-011_emissions_sector_power_industry,VNM,1977,1977,1977,,,,3.3204462239,Mt CO2eq,,,,,,"[발전효율 기술 (Power generation efficiency)] [발전] European Commission, Joint Research Centre (JRC) — EDGAR 「EDGAR GHG_Power Industry」 기준. Mt CO2eq (GWP-100 AR5). IPCC 2006 코드 1.A.1.a.","European Commission, Joint Research Centre (JRC) — EDGAR",https://edgar.jrc.ec.europa.eu/dataset_ghg2025,CC-BY-4.0,"A-011_GHG 배출량[에너지, 산업공정, 농업, 폐기물].xlsx",1.1_observation(측정값),121,
A-011,"GHG 배출량[에너지, 산업공정, 농업, 폐기물]",observation,v124-a-011-obs-00339,A-011_emissions_sector_power_industry,VNM,1978,1978,1978,,,,3.2348321284,Mt CO2eq,,,,,,"[발전효율 기술 (Power generation efficiency)] [발전] European Commission, Joint Research Centre (JRC) — EDGAR 「EDGAR GHG_Power Industry」 기준. Mt CO2eq (GWP-100 AR5). IPCC 2006 코드 1.A.1.a.","European Commission, Joint Research Centre (JRC) — EDGAR",https://edgar.jrc.ec.europa.eu/dataset_ghg2025,CC-BY-4.0,"A-011_GHG 배출량[에너지, 산업공정, 농업, 폐기물].xlsx",1.1_observation(측정값),122,
A-011,"GHG 배출량[에너지, 산업공정, 농업, 폐기물]",observation,v124-a-011-obs-00340,A-011_emissions_sector_power_industry,VNM,1979,1979,1979,,,,3.0034421476,Mt CO2eq,,,,,,"[발전효율 기술 (Power generation efficiency)] [발전] European Commission, Joint Research Centre (JRC) — EDGAR 「EDGAR GHG_Power Industry」 기준. Mt CO2eq (GWP-100 AR5). IPCC 2006 코드 1.A.1.a.","European Commission, Joint Research Centre (JRC) — EDGAR",https://edgar.jrc.ec.europa.eu/dataset_ghg2025,CC-BY-4.0,"A-011_GHG 배출량[에너지, 산업공정, 농업, 폐기물].xlsx",1.1_observation(측정값),123,
A-011,"GHG 배출량[에너지, 산업공정, 농업, 폐기물]",observation,v124-a-011-obs-00341,A-011_emissions_sector_power_industry,VNM,1980,1980,1980,,,,3.7282397652,Mt CO2eq,,,,,,"[발전효율 기술 (Power generation efficiency)] [발전] European Commission, Joint Research Centre (JRC) — EDGAR 「EDGAR GHG_Power Industry」 기준. Mt CO2eq (GWP-100 AR5). IPCC 2006 코드 1.A.1.a.","European Commission, Joint Research Centre (JRC) — EDGAR",https://edgar.jrc.ec.europa.eu/dataset_ghg2025,CC-BY-4.0,"A-011_GHG 배출량[에너지, 산업공정, 농업, 폐기물].xlsx",1.1_observation(측정값),124,
A-011,"GHG 배출량[에너지, 산업공정, 농업, 폐기물]",observation,v124-a-011-obs-00342,A-011_emissions_sector_power_industry,VNM,1981,1981,1981,,,,3.9209690367,Mt CO2eq,,,,,,"[발전효율 기술 (Power generation efficiency)] [발전] European Commission, Joint Research Centre (JRC) — EDGAR 「EDGAR GHG_Power Industry」 기준. Mt CO2eq (GWP-100 AR5). IPCC 2006 코드 1.A.1.a.","European Commission, Joint Research Centre (JRC) — EDGAR",https://edgar.jrc.ec.europa.eu/dataset_ghg2025,CC-BY-4.0,"A-011_GHG 배출량[에너지, 산업공정, 농업, 폐기물].xlsx",1.1_observation(측정값),125,
A-011,"GHG 배출량[에너지, 산업공정, 농업, 폐기물]",observation,v124-a-011-obs-00343,A-011_emissions_sector_power_industry,VNM,1982,1982,1982,,,,4.1395910858,Mt CO2eq,,,,,,"[발전효율 기술 (Power generation efficiency)] [발전] European Commission, Joint Research Centre (JRC) — EDGAR 「EDGAR GHG_Power Industry」 기준. Mt CO2eq (GWP-100 AR5). IPCC 2006 코드 1.A.1.a.","European Commission, Joint Research Centre (JRC) — EDGAR",https://edgar.jrc.ec.europa.eu/dataset_ghg2025,CC-BY-4.0,"A-011_GHG 배출량[에너지, 산업공정, 농업, 폐기물].xlsx",1.1_observation(측정값),126,
A-011,"GHG 배출량[에너지, 산업공정, 농업, 폐기물]",observation,v124-a-011-obs-00344,A-011_emissions_sector_power_industry,VNM,1983,1983,1983,,,,4.7870309162,Mt CO2eq,,,,,,"[발전효율 기술 (Power generation efficiency)] [발전] European Commission, Joint Research Centre (JRC) — EDGAR 「EDGAR GHG_Power Industry」 기준. Mt CO2eq (GWP-100 AR5). IPCC 2006 코드 1.A.1.a.","European Commission, Joint Research Centre (JRC) — EDGAR",https://edgar.jrc.ec.europa.eu/dataset_ghg2025,CC-BY-4.0,"A-011_GHG 배출량[에너지, 산업공정, 농업, 폐기물].xlsx",1.1_observation(측정값),127,
A-011,"GHG 배출량[에너지, 산업공정, 농업, 폐기물]",observation,v124-a-011-obs-00345,A-011_emissions_sector_power_industry,VNM,1984,1984,1984,,,,5.181241629,Mt CO2eq,,,,,,"[발전효율 기술 (Power generation efficiency)] [발전] European Commission, Joint Research Centre (JRC) — EDGAR 「EDGAR GHG_Power Industry」 기준. Mt CO2eq (GWP-100 AR5). IPCC 2006 코드 1.A.1.a.","European Commission, Joint Research Centre (JRC) — EDGAR",https://edgar.jrc.ec.europa.eu/dataset_ghg2025,CC-BY-4.0,"A-011_GHG 배출량[에너지, 산업공정, 농업, 폐기물].xlsx",1.1_observation(측정값),128,
A-011,"GHG 배출량[에너지, 산업공정, 농업, 폐기물]",observation,v124-a-011-obs-00346,A-011_emissions_sector_power_industry,VNM,1985,1985,1985,,,,5.3166972117,Mt CO2eq,,,,,,"[발전효율 기술 (Power generation efficiency)] [발전] European Commission, Joint Research Centre (JRC) — EDGAR 「EDGAR GHG_Power Industry」 기준. Mt CO2eq (GWP-100 AR5). IPCC 2006 코드 1.A.1.a.","European Commission, Joint Research Centre (JRC) — EDGAR",https://edgar.jrc.ec.europa.eu/dataset_ghg2025,CC-BY-4.0,"A-011_GHG 배출량[에너지, 산업공정, 농업, 폐기물].xlsx",1.1_observation(측정값),129,
A-011,"GHG 배출량[에너지, 산업공정, 농업, 폐기물]",observation,v124-a-011-obs-00347,A-011_emissions_sector_power_industry,VNM,1986,1986,1986,,,,5.8791470318,Mt CO2eq,,,,,,"[발전효율 기술 (Power generation efficiency)] [발전] European Commission, Joint Research Centre (JRC) — EDGAR 「EDGAR GHG_Power Industry」 기준. Mt CO2eq (GWP-100 AR5). IPCC 2006 코드 1.A.1.a.","European Commission, Joint Research Centre (JRC) — EDGAR",https://edgar.jrc.ec.europa.eu/dataset_ghg2025,CC-BY-4.0,"A-011_GHG 배출량[에너지, 산업공정, 농업, 폐기물].xlsx",1.1_observation(측정값),130,
A-011,"GHG 배출량[에너지, 산업공정, 농업, 폐기물]",observation,v124-a-011-obs-00348,A-011_emissions_sector_power_industry,VNM,1987,1987,1987,,,,6.6542572,Mt CO2eq,,,,,,"[발전효율 기술 (Power generation efficiency)] [발전] European Commission, Joint Research Centre (JRC) — EDGAR 「EDGAR GHG_Power Industry」 기준. Mt CO2eq (GWP-100 AR5). IPCC 2006 코드 1.A.1.a.","European Commission, Joint Research Centre (JRC) — EDGAR",https://edgar.jrc.ec.europa.eu/dataset_ghg2025,CC-BY-4.0,"A-011_GHG 배출량[에너지, 산업공정, 농업, 폐기물].xlsx",1.1_observation(측정값),131,
A-011,"GHG 배출량[에너지, 산업공정, 농업, 폐기물]",observation,v124-a-011-obs-00349,A-011_emissions_sector_power_industry,VNM,1988,1988,1988,,,,8.1236449532,Mt CO2eq,,,,,,"[발전효율 기술 (Power generation efficiency)] [발전] European Commission, Joint Research Centre (JRC) — EDGAR 「EDGAR GHG_Power Industry」 기준. Mt CO2eq (GWP-100 AR5). IPCC 2006 코드 1.A.1.a.","European Commission, Joint Research Centre (JRC) — EDGAR",https://edgar.jrc.ec.europa.eu/dataset_ghg2025,CC-BY-4.0,"A-011_GHG 배출량[에너지, 산업공정, 농업, 폐기물].xlsx",1.1_observation(측정값),132,
A-011,"GHG 배출량[에너지, 산업공정, 농업, 폐기물]",observation,v124-a-011-obs-00350,A-011_emissions_sector_power_industry,VNM,1989,1989,1989,,,,5.6473097165,Mt CO2eq,,,,,,"[발전효율 기술 (Power generation efficiency)] [발전] European Commission, Joint Research Centre (JRC) — EDGAR 「EDGAR GHG_Power Industry」 기준. Mt CO2eq (GWP-100 AR5). IPCC 2006 코드 1.A.1.a.","European Commission, Joint Research Centre (JRC) — EDGAR",https://edgar.jrc.ec.europa.eu/dataset_ghg2025,CC-BY-4.0,"A-011_GHG 배출량[에너지, 산업공정, 농업, 폐기물].xlsx",1.1_observation(측정값),133,
A-011,"GHG 배출량[에너지, 산업공정, 농업, 폐기물]",observation,v124-a-011-obs-00351,A-011_emissions_sector_power_industry,VNM,1990,1990,1990,,,,4.8974653128,Mt CO2eq,,,,,,"[발전효율 기술 (Power generation efficiency)] [발전] European Commission, Joint Research Centre (JRC) — EDGAR 「EDGAR GHG_Power Industry」 기준. Mt CO2eq (GWP-100 AR5). IPCC 2006 코드 1.A.1.a.","European Commission, Joint Research Centre (JRC) — EDGAR",https://edgar.jrc.ec.europa.eu/dataset_ghg2025,CC-BY-4.0,"A-011_GHG 배출량[에너지, 산업공정, 농업, 폐기물].xlsx",1.1_observation(측정값),134,
A-011,"GHG 배출량[에너지, 산업공정, 농업, 폐기물]",observation,v124-a-011-obs-00352,A-011_emissions_sector_power_industry,VNM,1991,1991,1991,,,,3.6444837414,Mt CO2eq,,,,,,"[발전효율 기술 (Power generation efficiency)] [발전] European Commission, Joint Research Centre (JRC) — EDGAR 「EDGAR GHG_Power Industry」 기준. Mt CO2eq (GWP-100 AR5). IPCC 2006 코드 1.A.1.a.","European Commission, Joint Research Centre (JRC) — EDGAR",https://edgar.jrc.ec.europa.eu/dataset_ghg2025,CC-BY-4.0,"A-011_GHG 배출량[에너지, 산업공정, 농업, 폐기물].xlsx",1.1_observation(측정값),135,
A-011,"GHG 배출량[에너지, 산업공정, 농업, 폐기물]",observation,v124-a-011-obs-00353,A-011_emissions_sector_power_industry,VNM,1992,1992,1992,,,,3.0555137296,Mt CO2eq,,,,,,"[발전효율 기술 (Power generation efficiency)] [발전] European Commission, Joint Research Centre (JRC) — EDGAR 「EDGAR GHG_Power Industry」 기준. Mt CO2eq (GWP-100 AR5). IPCC 2006 코드 1.A.1.a.","European Commission, Joint Research Centre (JRC) — EDGAR",https://edgar.jrc.ec.europa.eu/dataset_ghg2025,CC-BY-4.0,"A-011_GHG 배출량[에너지, 산업공정, 농업, 폐기물].xlsx",1.1_observation(측정값),136,
A-011,"GHG 배출량[에너지, 산업공정, 농업, 폐기물]",observation,v124-a-011-obs-00354,A-011_emissions_sector_power_industry,VNM,1993,1993,1993,,,,2.7928881786,Mt CO2eq,,,,,,"[발전효율 기술 (Power generation efficiency)] [발전] European Commission, Joint Research Centre (JRC) — EDGAR 「EDGAR GHG_Power Industry」 기준. Mt CO2eq (GWP-100 AR5). IPCC 2006 코드 1.A.1.a.","European Commission, Joint Research Centre (JRC) — EDGAR",https://edgar.jrc.ec.europa.eu/dataset_ghg2025,CC-BY-4.0,"A-011_GHG 배출량[에너지, 산업공정, 농업, 폐기물].xlsx",1.1_observation(측정값),137,
A-011,"GHG 배출량[에너지, 산업공정, 농업, 폐기물]",observation,v124-a-011-obs-00355,A-011_emissions_sector_power_industry,VNM,1994,1994,1994,,,,3.7323776608,Mt CO2eq,,,,,,"[발전효율 기술 (Power generation efficiency)] [발전] European Commission, Joint Research Centre (JRC) — EDGAR 「EDGAR GHG_Power Industry」 기준. Mt CO2eq (GWP-100 AR5). IPCC 2006 코드 1.A.1.a.","European Commission, Joint Research Centre (JRC) — EDGAR",https://edgar.jrc.ec.europa.eu/dataset_ghg2025,CC-BY-4.0,"A-011_GHG 배출량[에너지, 산업공정, 농업, 폐기물].xlsx",1.1_observation(측정값),138,
A-011,"GHG 배출량[에너지, 산업공정, 농업, 폐기물]",observation,v124-a-011-obs-00356,A-011_emissions_sector_power_industry,VNM,1995,1995,1995,,,,4.5025726524,Mt CO2eq,,,,,,"[발전효율 기술 (Power generation efficiency)] [발전] European Commission, Joint Research Centre (JRC) — EDGAR 「EDGAR GHG_Power Industry」 기준. Mt CO2eq (GWP-100 AR5). IPCC 2006 코드 1.A.1.a.","European Commission, Joint Research Centre (JRC) — EDGAR",https://edgar.jrc.ec.europa.eu/dataset_ghg2025,CC-BY-4.0,"A-011_GHG 배출량[에너지, 산업공정, 농업, 폐기물].xlsx",1.1_observation(측정값),139,
A-011,"GHG 배출량[에너지, 산업공정, 농업, 폐기물]",observation,v124-a-011-obs-00357,A-011_emissions_sector_power_industry,VNM,1996,1996,1996,,,,5.6479131252,Mt CO2eq,,,,,,"[발전효율 기술 (Power generation efficiency)] [발전] European Commission, Joint Research Centre (JRC) — EDGAR 「EDGAR GHG_Power Industry」 기준. Mt CO2eq (GWP-100 AR5). IPCC 2006 코드 1.A.1.a.","European Commission, Joint Research Centre (JRC) — EDGAR",https://edgar.jrc.ec.europa.eu/dataset_ghg2025,CC-BY-4.0,"A-011_GHG 배출량[에너지, 산업공정, 농업, 폐기물].xlsx",1.1_observation(측정값),140,
A-011,"GHG 배출량[에너지, 산업공정, 농업, 폐기물]",observation,v124-a-011-obs-00358,A-011_emissions_sector_power_industry,VNM,1997,1997,1997,,,,8.1529574425,Mt CO2eq,,,,,,"[발전효율 기술 (Power generation efficiency)] [발전] European Commission, Joint Research Centre (JRC) — EDGAR 「EDGAR GHG_Power Industry」 기준. Mt CO2eq (GWP-100 AR5). IPCC 2006 코드 1.A.1.a.","European Commission, Joint Research Centre (JRC) — EDGAR",https://edgar.jrc.ec.europa.eu/dataset_ghg2025,CC-BY-4.0,"A-011_GHG 배출량[에너지, 산업공정, 농업, 폐기물].xlsx",1.1_observation(측정값),141,
A-011,"GHG 배출량[에너지, 산업공정, 농업, 폐기물]",observation,v124-a-011-obs-00359,A-011_emissions_sector_power_industry,VNM,1998,1998,1998,,,,10.5196125206,Mt CO2eq,,,,,,"[발전효율 기술 (Power generation efficiency)] [발전] European Commission, Joint Research Centre (JRC) — EDGAR 「EDGAR GHG_Power Industry」 기준. Mt CO2eq (GWP-100 AR5). IPCC 2006 코드 1.A.1.a.","European Commission, Joint Research Centre (JRC) — EDGAR",https://edgar.jrc.ec.europa.eu/dataset_ghg2025,CC-BY-4.0,"A-011_GHG 배출량[에너지, 산업공정, 농업, 폐기물].xlsx",1.1_observation(측정값),142,
A-011,"GHG 배출량[에너지, 산업공정, 농업, 폐기물]",observation,v124-a-011-obs-00360,A-011_emissions_sector_power_industry,VNM,1999,1999,1999,,,,9.6657508006,Mt CO2eq,,,,,,"[발전효율 기술 (Power generation efficiency)] [발전] European Commission, Joint Research Centre (JRC) — EDGAR 「EDGAR GHG_Power Industry」 기준. Mt CO2eq (GWP-100 AR5). IPCC 2006 코드 1.A.1.a.","European Commission, Joint Research Centre (JRC) — EDGAR",https://edgar.jrc.ec.europa.eu/dataset_ghg2025,CC-BY-4.0,"A-011_GHG 배출량[에너지, 산업공정, 농업, 폐기물].xlsx",1.1_observation(측정값),143,
A-011,"GHG 배출량[에너지, 산업공정, 농업, 폐기물]",observation,v124-a-011-obs-00361,A-011_emissions_sector_power_industry,VNM,2000,2000,2000,,,,11.5302031657,Mt CO2eq,,,,,,"[발전효율 기술 (Power generation efficiency)] [발전] European Commission, Joint Research Centre (JRC) — EDGAR 「EDGAR GHG_Power Industry」 기준. Mt CO2eq (GWP-100 AR5). IPCC 2006 코드 1.A.1.a.","European Commission, Joint Research Centre (JRC) — EDGAR",https://edgar.jrc.ec.europa.eu/dataset_ghg2025,CC-BY-4.0,"A-011_GHG 배출량[에너지, 산업공정, 농업, 폐기물].xlsx",1.1_observation(측정값),144,
A-011,"GHG 배출량[에너지, 산업공정, 농업, 폐기물]",observation,v124-a-011-obs-00362,A-011_emissions_sector_power_industry,VNM,2001,2001,2001,,,,12.4068302801,Mt CO2eq,,,,,,"[발전효율 기술 (Power generation efficiency)] [발전] European Commission, Joint Research Centre (JRC) — EDGAR 「EDGAR GHG_Power Industry」 기준. Mt CO2eq (GWP-100 AR5). IPCC 2006 코드 1.A.1.a.","European Commission, Joint Research Centre (JRC) — EDGAR",https://edgar.jrc.ec.europa.eu/dataset_ghg2025,CC-BY-4.0,"A-011_GHG 배출량[에너지, 산업공정, 농업, 폐기물].xlsx",1.1_observation(측정값),145,
A-011,"GHG 배출량[에너지, 산업공정, 농업, 폐기물]",observation,v124-a-011-obs-00363,A-011_emissions_sector_power_industry,VNM,2002,2002,2002,,,,15.6285569273,Mt CO2eq,,,,,,"[발전효율 기술 (Power generation efficiency)] [발전] European Commission, Joint Research Centre (JRC) — EDGAR 「EDGAR GHG_Power Industry」 기준. Mt CO2eq (GWP-100 AR5). IPCC 2006 코드 1.A.1.a.","European Commission, Joint Research Centre (JRC) — EDGAR",https://edgar.jrc.ec.europa.eu/dataset_ghg2025,CC-BY-4.0,"A-011_GHG 배출량[에너지, 산업공정, 농업, 폐기물].xlsx",1.1_observation(측정값),146,
A-011,"GHG 배출량[에너지, 산업공정, 농업, 폐기물]",observation,v124-a-011-obs-00364,A-011_emissions_sector_power_industry,VNM,2003,2003,2003,,,,15.8445198092,Mt CO2eq,,,,,,"[발전효율 기술 (Power generation efficiency)] [발전] European Commission, Joint Research Centre (JRC) — EDGAR 「EDGAR GHG_Power Industry」 기준. Mt CO2eq (GWP-100 AR5). IPCC 2006 코드 1.A.1.a.","European Commission, Joint Research Centre (JRC) — EDGAR",https://edgar.jrc.ec.europa.eu/dataset_ghg2025,CC-BY-4.0,"A-011_GHG 배출량[에너지, 산업공정, 농업, 폐기물].xlsx",1.1_observation(측정값),147,
A-011,"GHG 배출량[에너지, 산업공정, 농업, 폐기물]",observation,v124-a-011-obs-00365,A-011_emissions_sector_power_industry,VNM,2004,2004,2004,,,,20.5937473685,Mt CO2eq,,,,,,"[발전효율 기술 (Power generation efficiency)] [발전] European Commission, Joint Research Centre (JRC) — EDGAR 「EDGAR GHG_Power Industry」 기준. Mt CO2eq (GWP-100 AR5). IPCC 2006 코드 1.A.1.a.","European Commission, Joint Research Centre (JRC) — EDGAR",https://edgar.jrc.ec.europa.eu/dataset_ghg2025,CC-BY-4.0,"A-011_GHG 배출량[에너지, 산업공정, 농업, 폐기물].xlsx",1.1_observation(측정값),148,
A-011,"GHG 배출량[에너지, 산업공정, 농업, 폐기물]",observation,v124-a-011-obs-00366,A-011_emissions_sector_power_industry,VNM,2005,2005,2005,,,,24.3619758047,Mt CO2eq,,,,,,"[발전효율 기술 (Power generation efficiency)] [발전] European Commission, Joint Research Centre (JRC) — EDGAR 「EDGAR GHG_Power Industry」 기준. Mt CO2eq (GWP-100 AR5). IPCC 2006 코드 1.A.1.a.","European Commission, Joint Research Centre (JRC) — EDGAR",https://edgar.jrc.ec.europa.eu/dataset_ghg2025,CC-BY-4.0,"A-011_GHG 배출량[에너지, 산업공정, 농업, 폐기물].xlsx",1.1_observation(측정값),149,
A-011,"GHG 배출량[에너지, 산업공정, 농업, 폐기물]",observation,v124-a-011-obs-00367,A-011_emissions_sector_power_industry,VNM,2006,2006,2006,,,,26.8963964023,Mt CO2eq,,,,,,"[발전효율 기술 (Power generation efficiency)] [발전] European Commission, Joint Research Centre (JRC) — EDGAR 「EDGAR GHG_Power Industry」 기준. Mt CO2eq (GWP-100 AR5). IPCC 2006 코드 1.A.1.a.","European Commission, Joint Research Centre (JRC) — EDGAR",https://edgar.jrc.ec.europa.eu/dataset_ghg2025,CC-BY-4.0,"A-011_GHG 배출량[에너지, 산업공정, 농업, 폐기물].xlsx",1.1_observation(측정값),150,
A-011,"GHG 배출량[에너지, 산업공정, 농업, 폐기물]",observation,v124-a-011-obs-00368,A-011_emissions_sector_power_industry,VNM,2007,2007,2007,,,,29.1441272256,Mt CO2eq,,,,,,"[발전효율 기술 (Power generation efficiency)] [발전] European Commission, Joint Research Centre (JRC) — EDGAR 「EDGAR GHG_Power Industry」 기준. Mt CO2eq (GWP-100 AR5). IPCC 2006 코드 1.A.1.a.","European Commission, Joint Research Centre (JRC) — EDGAR",https://edgar.jrc.ec.europa.eu/dataset_ghg2025,CC-BY-4.0,"A-011_GHG 배출량[에너지, 산업공정, 농업, 폐기물].xlsx",1.1_observation(측정값),151,
A-011,"GHG 배출량[에너지, 산업공정, 농업, 폐기물]",observation,v124-a-011-obs-00369,A-011_emissions_sector_power_industry,VNM,2008,2008,2008,,,,30.4044763251,Mt CO2eq,,,,,,"[발전효율 기술 (Power generation efficiency)] [발전] European Commission, Joint Research Centre (JRC) — EDGAR 「EDGAR GHG_Power Industry」 기준. Mt CO2eq (GWP-100 AR5). IPCC 2006 코드 1.A.1.a.","European Commission, Joint Research Centre (JRC) — EDGAR",https://edgar.jrc.ec.europa.eu/dataset_ghg2025,CC-BY-4.0,"A-011_GHG 배출량[에너지, 산업공정, 농업, 폐기물].xlsx",1.1_observation(측정값),152,
A-011,"GHG 배출량[에너지, 산업공정, 농업, 폐기물]",observation,v124-a-011-obs-00370,A-011_emissions_sector_power_industry,VNM,2009,2009,2009,,,,32.6980005998,Mt CO2eq,,,,,,"[발전효율 기술 (Power generation efficiency)] [발전] European Commission, Joint Research Centre (JRC) — EDGAR 「EDGAR GHG_Power Industry」 기준. Mt CO2eq (GWP-100 AR5). IPCC 2006 코드 1.A.1.a.","European Commission, Joint Research Centre (JRC) — EDGAR",https://edgar.jrc.ec.europa.eu/dataset_ghg2025,CC-BY-4.0,"A-011_GHG 배출량[에너지, 산업공정, 농업, 폐기물].xlsx",1.1_observation(측정값),153,
A-011,"GHG 배출량[에너지, 산업공정, 농업, 폐기물]",observation,v124-a-011-obs-00371,A-011_emissions_sector_power_industry,VNM,2010,2010,2010,,,,41.8776590204,Mt CO2eq,,,,,,"[발전효율 기술 (Power generation efficiency)] [발전] European Commission, Joint Research Centre (JRC) — EDGAR 「EDGAR GHG_Power Industry」 기준. Mt CO2eq (GWP-100 AR5). IPCC 2006 코드 1.A.1.a.","European Commission, Joint Research Centre (JRC) — EDGAR",https://edgar.jrc.ec.europa.eu/dataset_ghg2025,CC-BY-4.0,"A-011_GHG 배출량[에너지, 산업공정, 농업, 폐기물].xlsx",1.1_observation(측정값),154,
A-011,"GHG 배출량[에너지, 산업공정, 농업, 폐기물]",observation,v124-a-011-obs-00372,A-011_emissions_sector_power_industry,VNM,2011,2011,2011,,,,41.2163688666,Mt CO2eq,,,,,,"[발전효율 기술 (Power generation efficiency)] [발전] European Commission, Joint Research Centre (JRC) — EDGAR 「EDGAR GHG_Power Industry」 기준. Mt CO2eq (GWP-100 AR5). IPCC 2006 코드 1.A.1.a.","European Commission, Joint Research Centre (JRC) — EDGAR",https://edgar.jrc.ec.europa.eu/dataset_ghg2025,CC-BY-4.0,"A-011_GHG 배출량[에너지, 산업공정, 농업, 폐기물].xlsx",1.1_observation(측정값),155,
A-011,"GHG 배출량[에너지, 산업공정, 농업, 폐기물]",observation,v124-a-011-obs-00373,A-011_emissions_sector_power_industry,VNM,2012,2012,2012,,,,42.8129584919,Mt CO2eq,,,,,,"[발전효율 기술 (Power generation efficiency)] [발전] European Commission, Joint Research Centre (JRC) — EDGAR 「EDGAR GHG_Power Industry」 기준. Mt CO2eq (GWP-100 AR5). IPCC 2006 코드 1.A.1.a.","European Commission, Joint Research Centre (JRC) — EDGAR",https://edgar.jrc.ec.europa.eu/dataset_ghg2025,CC-BY-4.0,"A-011_GHG 배출량[에너지, 산업공정, 농업, 폐기물].xlsx",1.1_observation(측정값),156,
A-011,"GHG 배출량[에너지, 산업공정, 농업, 폐기물]",observation,v124-a-011-obs-00374,A-011_emissions_sector_power_industry,VNM,2013,2013,2013,,,,45.7842820091,Mt CO2eq,,,,,,"[발전효율 기술 (Power generation efficiency)] [발전] European Commission, Joint Research Centre (JRC) — EDGAR 「EDGAR GHG_Power Industry」 기준. Mt CO2eq (GWP-100 AR5). IPCC 2006 코드 1.A.1.a.","European Commission, Joint Research Centre (JRC) — EDGAR",https://edgar.jrc.ec.europa.eu/dataset_ghg2025,CC-BY-4.0,"A-011_GHG 배출량[에너지, 산업공정, 농업, 폐기물].xlsx",1.1_observation(측정값),157,
A-011,"GHG 배출량[에너지, 산업공정, 농업, 폐기물]",observation,v124-a-011-obs-00375,A-011_emissions_sector_power_industry,VNM,2014,2014,2014,,,,54.1690556678,Mt CO2eq,,,,,,"[발전효율 기술 (Power generation efficiency)] [발전] European Commission, Joint Research Centre (JRC) — EDGAR 「EDGAR GHG_Power Industry」 기준. Mt CO2eq (GWP-100 AR5). IPCC 2006 코드 1.A.1.a.","European Commission, Joint Research Centre (JRC) — EDGAR",https://edgar.jrc.ec.europa.eu/dataset_ghg2025,CC-BY-4.0,"A-011_GHG 배출량[에너지, 산업공정, 농업, 폐기물].xlsx",1.1_observation(측정값),158,
A-011,"GHG 배출량[에너지, 산업공정, 농업, 폐기물]",observation,v124-a-011-obs-00376,A-011_emissions_sector_power_industry,VNM,2015,2015,2015,,,,86.5783602017,Mt CO2eq,,,,,,"[발전효율 기술 (Power generation efficiency)] [발전] European Commission, Joint Research Centre (JRC) — EDGAR 「EDGAR GHG_Power Industry」 기준. Mt CO2eq (GWP-100 AR5). IPCC 2006 코드 1.A.1.a.","European Commission, Joint Research Centre (JRC) — EDGAR",https://edgar.jrc.ec.europa.eu/dataset_ghg2025,CC-BY-4.0,"A-011_GHG 배출량[에너지, 산업공정, 농업, 폐기물].xlsx",1.1_observation(측정값),159,
A-011,"GHG 배출량[에너지, 산업공정, 농업, 폐기물]",observation,v124-a-011-obs-00377,A-011_emissions_sector_power_industry,VNM,2016,2016,2016,,,,100.434843228,Mt CO2eq,,,,,,"[발전효율 기술 (Power generation efficiency)] [발전] European Commission, Joint Research Centre (JRC) — EDGAR 「EDGAR GHG_Power Industry」 기준. Mt CO2eq (GWP-100 AR5). IPCC 2006 코드 1.A.1.a.","European Commission, Joint Research Centre (JRC) — EDGAR",https://edgar.jrc.ec.europa.eu/dataset_ghg2025,CC-BY-4.0,"A-011_GHG 배출량[에너지, 산업공정, 농업, 폐기물].xlsx",1.1_observation(측정값),160,
A-011,"GHG 배출량[에너지, 산업공정, 농업, 폐기물]",observation,v124-a-011-obs-00378,A-011_emissions_sector_power_industry,VNM,2017,2017,2017,,,,96.2917307241,Mt CO2eq,,,,,,"[발전효율 기술 (Power generation efficiency)] [발전] European Commission, Joint Research Centre (JRC) — EDGAR 「EDGAR GHG_Power Industry」 기준. Mt CO2eq (GWP-100 AR5). IPCC 2006 코드 1.A.1.a.","European Commission, Joint Research Centre (JRC) — EDGAR",https://edgar.jrc.ec.europa.eu/dataset_ghg2025,CC-BY-4.0,"A-011_GHG 배출량[에너지, 산업공정, 농업, 폐기물].xlsx",1.1_observation(측정값),161,
A-011,"GHG 배출량[에너지, 산업공정, 농업, 폐기물]",observation,v124-a-011-obs-00379,A-011_emissions_sector_power_industry,VNM,2018,2018,2018,,,,124.1704278512,Mt CO2eq,,,,,,"[발전효율 기술 (Power generation efficiency)] [발전] European Commission, Joint Research Centre (JRC) — EDGAR 「EDGAR GHG_Power Industry」 기준. Mt CO2eq (GWP-100 AR5). IPCC 2006 코드 1.A.1.a.","European Commission, Joint Research Centre (JRC) — EDGAR",https://edgar.jrc.ec.europa.eu/dataset_ghg2025,CC-BY-4.0,"A-011_GHG 배출량[에너지, 산업공정, 농업, 폐기물].xlsx",1.1_observation(측정값),162,
A-011,"GHG 배출량[에너지, 산업공정, 농업, 폐기물]",observation,v124-a-011-obs-00380,A-011_emissions_sector_power_industry,VNM,2019,2019,2019,,,,158.3364526234,Mt CO2eq,,,,,,"[발전효율 기술 (Power generation efficiency)] [발전] European Commission, Joint Research Centre (JRC) — EDGAR 「EDGAR GHG_Power Industry」 기준. Mt CO2eq (GWP-100 AR5). IPCC 2006 코드 1.A.1.a.","European Commission, Joint Research Centre (JRC) — EDGAR",https://edgar.jrc.ec.europa.eu/dataset_ghg2025,CC-BY-4.0,"A-011_GHG 배출량[에너지, 산업공정, 농업, 폐기물].xlsx",1.1_observation(측정값),163,
A-011,"GHG 배출량[에너지, 산업공정, 농업, 폐기물]",observation,v124-a-011-obs-00381,A-011_emissions_sector_power_industry,VNM,2020,2020,2020,,,,155.1451530954,Mt CO2eq,,,,,,"[발전효율 기술 (Power generation efficiency)] [발전] European Commission, Joint Research Centre (JRC) — EDGAR 「EDGAR GHG_Power Industry」 기준. Mt CO2eq (GWP-100 AR5). IPCC 2006 코드 1.A.1.a.","European Commission, Joint Research Centre (JRC) — EDGAR",https://edgar.jrc.ec.europa.eu/dataset_ghg2025,CC-BY-4.0,"A-011_GHG 배출량[에너지, 산업공정, 농업, 폐기물].xlsx",1.1_observation(측정값),164,
A-011,"GHG 배출량[에너지, 산업공정, 농업, 폐기물]",observation,v124-a-011-obs-00382,A-011_emissions_sector_power_industry,VNM,2021,2021,2021,,,,146.2614896858,Mt CO2eq,,,,,,"[발전효율 기술 (Power generation efficiency)] [발전] European Commission, Joint Research Centre (JRC) — EDGAR 「EDGAR GHG_Power Industry」 기준. Mt CO2eq (GWP-100 AR5). IPCC 2006 코드 1.A.1.a.","European Commission, Joint Research Centre (JRC) — EDGAR",https://edgar.jrc.ec.europa.eu/dataset_ghg2025,CC-BY-4.0,"A-011_GHG 배출량[에너지, 산업공정, 농업, 폐기물].xlsx",1.1_observation(측정값),165,
A-011,"GHG 배출량[에너지, 산업공정, 농업, 폐기물]",observation,v124-a-011-obs-00383,A-011_emissions_sector_power_industry,VNM,2022,2022,2022,,,,144.2084968367,Mt CO2eq,,,,,,"[발전효율 기술 (Power generation efficiency)] [발전] European Commission, Joint Research Centre (JRC) — EDGAR 「EDGAR GHG_Power Industry」 기준. Mt CO2eq (GWP-100 AR5). IPCC 2006 코드 1.A.1.a.","European Commission, Joint Research Centre (JRC) — EDGAR",https://edgar.jrc.ec.europa.eu/dataset_ghg2025,CC-BY-4.0,"A-011_GHG 배출량[에너지, 산업공정, 농업, 폐기물].xlsx",1.1_observation(측정값),166,
A-011,"GHG 배출량[에너지, 산업공정, 농업, 폐기물]",observation,v124-a-011-obs-00384,A-011_emissions_sector_power_industry,VNM,2023,2023,2023,,,,175.3075231558,Mt CO2eq,,,,,,"[발전효율 기술 (Power generation efficiency)] [발전] European Commission, Joint Research Centre (JRC) — EDGAR 「EDGAR GHG_Power Industry」 기준. Mt CO2eq (GWP-100 AR5). IPCC 2006 코드 1.A.1.a.","European Commission, Joint Research Centre (JRC) — EDGAR",https://edgar.jrc.ec.europa.eu/dataset_ghg2025,CC-BY-4.0,"A-011_GHG 배출량[에너지, 산업공정, 농업, 폐기물].xlsx",1.1_observation(측정값),167,
A-011,"GHG 배출량[에너지, 산업공정, 농업, 폐기물]",observation,v124-a-011-obs-00385,A-011_emissions_sector_power_industry,VNM,2024,2024,2024,,,,202.2436736753,Mt CO2eq,,,,,,"[발전효율 기술 (Power generation efficiency)] [발전] European Commission, Joint Research Centre (JRC) — EDGAR 「EDGAR GHG_Power Industry」 기준. Mt CO2eq (GWP-100 AR5). IPCC 2006 코드 1.A.1.a.","European Commission, Joint Research Centre (JRC) — EDGAR",https://edgar.jrc.ec.europa.eu/dataset_ghg2025,CC-BY-4.0,"A-011_GHG 배출량[에너지, 산업공정, 농업, 폐기물].xlsx",1.1_observation(측정값),168,
A-011,"GHG 배출량[에너지, 산업공정, 농업, 폐기물]",observation,v124-a-011-obs-00386,A-011_emissions_sector_transport,VNM,1970,1970,1970,,,,2.8597816898,Mt CO2eq,,,,,,"[수송효율 기술 (Transport efficiency)] [수송] European Commission, Joint Research Centre (JRC) — EDGAR 「EDGAR_AR5_GHG / IPCC 2006」 기준. Mt CO2eq (GWP-100 AR5). IPCC 2006 코드 1.A.3.a, 1.A.3.b_noRES, 1.A.3.c, 1.A.3.d, 1.A.3.e.","European Commission, Joint Research Centre (JRC) — EDGAR",https://edgar.jrc.ec.europa.eu/dataset_ghg2025,CC-BY-4.0,"A-011_GHG 배출량[에너지, 산업공정, 농업, 폐기물].xlsx",1.1_observation(측정값),224,
A-011,"GHG 배출량[에너지, 산업공정, 농업, 폐기물]",observation,v124-a-011-obs-00387,A-011_emissions_sector_transport,VNM,1971,1971,1971,,,,2.8630892593,Mt CO2eq,,,,,,"[수송효율 기술 (Transport efficiency)] [수송] European Commission, Joint Research Centre (JRC) — EDGAR 「EDGAR_AR5_GHG / IPCC 2006」 기준. Mt CO2eq (GWP-100 AR5). IPCC 2006 코드 1.A.3.a, 1.A.3.b_noRES, 1.A.3.c, 1.A.3.d, 1.A.3.e.","European Commission, Joint Research Centre (JRC) — EDGAR",https://edgar.jrc.ec.europa.eu/dataset_ghg2025,CC-BY-4.0,"A-011_GHG 배출량[에너지, 산업공정, 농업, 폐기물].xlsx",1.1_observation(측정값),225,
A-011,"GHG 배출량[에너지, 산업공정, 농업, 폐기물]",observation,v124-a-011-obs-00388,A-011_emissions_sector_transport,VNM,1972,1972,1972,,,,2.9584541808,Mt CO2eq,,,,,,"[수송효율 기술 (Transport efficiency)] [수송] European Commission, Joint Research Centre (JRC) — EDGAR 「EDGAR_AR5_GHG / IPCC 2006」 기준. Mt CO2eq (GWP-100 AR5). IPCC 2006 코드 1.A.3.a, 1.A.3.b_noRES, 1.A.3.c, 1.A.3.d, 1.A.3.e.","European Commission, Joint Research Centre (JRC) — EDGAR",https://edgar.jrc.ec.europa.eu/dataset_ghg2025,CC-BY-4.0,"A-011_GHG 배출량[에너지, 산업공정, 농업, 폐기물].xlsx",1.1_observation(측정값),226,
A-011,"GHG 배출량[에너지, 산업공정, 농업, 폐기물]",observation,v124-a-011-obs-00389,A-011_emissions_sector_transport,VNM,1973,1973,1973,,,,2.8595128406,Mt CO2eq,,,,,,"[수송효율 기술 (Transport efficiency)] [수송] European Commission, Joint Research Centre (JRC) — EDGAR 「EDGAR_AR5_GHG / IPCC 2006」 기준. Mt CO2eq (GWP-100 AR5). IPCC 2006 코드 1.A.3.a, 1.A.3.b_noRES, 1.A.3.c, 1.A.3.d, 1.A.3.e.","European Commission, Joint Research Centre (JRC) — EDGAR",https://edgar.jrc.ec.europa.eu/dataset_ghg2025,CC-BY-4.0,"A-011_GHG 배출량[에너지, 산업공정, 농업, 폐기물].xlsx",1.1_observation(측정값),227,
A-011,"GHG 배출량[에너지, 산업공정, 농업, 폐기물]",observation,v124-a-011-obs-00390,A-011_emissions_sector_transport,VNM,1974,1974,1974,,,,2.3308283138,Mt CO2eq,,,,,,"[수송효율 기술 (Transport efficiency)] [수송] European Commission, Joint Research Centre (JRC) — EDGAR 「EDGAR_AR5_GHG / IPCC 2006」 기준. Mt CO2eq (GWP-100 AR5). IPCC 2006 코드 1.A.3.a, 1.A.3.b_noRES, 1.A.3.c, 1.A.3.d, 1.A.3.e.","European Commission, Joint Research Centre (JRC) — EDGAR",https://edgar.jrc.ec.europa.eu/dataset_ghg2025,CC-BY-4.0,"A-011_GHG 배출량[에너지, 산업공정, 농업, 폐기물].xlsx",1.1_observation(측정값),228,
A-011,"GHG 배출량[에너지, 산업공정, 농업, 폐기물]",observation,v124-a-011-obs-00391,A-011_emissions_sector_transport,VNM,1975,1975,1975,,,,2.3314521698,Mt CO2eq,,,,,,"[수송효율 기술 (Transport efficiency)] [수송] European Commission, Joint Research Centre (JRC) — EDGAR 「EDGAR_AR5_GHG / IPCC 2006」 기준. Mt CO2eq (GWP-100 AR5). IPCC 2006 코드 1.A.3.a, 1.A.3.b_noRES, 1.A.3.c, 1.A.3.d, 1.A.3.e.","European Commission, Joint Research Centre (JRC) — EDGAR",https://edgar.jrc.ec.europa.eu/dataset_ghg2025,CC-BY-4.0,"A-011_GHG 배출량[에너지, 산업공정, 농업, 폐기물].xlsx",1.1_observation(측정값),229,
A-011,"GHG 배출량[에너지, 산업공정, 농업, 폐기물]",observation,v124-a-011-obs-00392,A-011_emissions_sector_transport,VNM,1976,1976,1976,,,,0.7773498647,Mt CO2eq,,,,,,"[수송효율 기술 (Transport efficiency)] [수송] European Commission, Joint Research Centre (JRC) — EDGAR 「EDGAR_AR5_GHG / IPCC 2006」 기준. Mt CO2eq (GWP-100 AR5). IPCC 2006 코드 1.A.3.a, 1.A.3.b_noRES, 1.A.3.c, 1.A.3.d, 1.A.3.e.","European Commission, Joint Research Centre (JRC) — EDGAR",https://edgar.jrc.ec.europa.eu/dataset_ghg2025,CC-BY-4.0,"A-011_GHG 배출량[에너지, 산업공정, 농업, 폐기물].xlsx",1.1_observation(측정값),230,
A-011,"GHG 배출량[에너지, 산업공정, 농업, 폐기물]",observation,v124-a-011-obs-00393,A-011_emissions_sector_transport,VNM,1977,1977,1977,,,,0.4969036197,Mt CO2eq,,,,,,"[수송효율 기술 (Transport efficiency)] [수송] European Commission, Joint Research Centre (JRC) — EDGAR 「EDGAR_AR5_GHG / IPCC 2006」 기준. Mt CO2eq (GWP-100 AR5). IPCC 2006 코드 1.A.3.a, 1.A.3.b_noRES, 1.A.3.c, 1.A.3.d, 1.A.3.e.","European Commission, Joint Research Centre (JRC) — EDGAR",https://edgar.jrc.ec.europa.eu/dataset_ghg2025,CC-BY-4.0,"A-011_GHG 배출량[에너지, 산업공정, 농업, 폐기물].xlsx",1.1_observation(측정값),231,
A-011,"GHG 배출량[에너지, 산업공정, 농업, 폐기물]",observation,v124-a-011-obs-00394,A-011_emissions_sector_transport,VNM,1978,1978,1978,,,,0.5744603494,Mt CO2eq,,,,,,"[수송효율 기술 (Transport efficiency)] [수송] European Commission, Joint Research Centre (JRC) — EDGAR 「EDGAR_AR5_GHG / IPCC 2006」 기준. Mt CO2eq (GWP-100 AR5). IPCC 2006 코드 1.A.3.a, 1.A.3.b_noRES, 1.A.3.c, 1.A.3.d, 1.A.3.e.","European Commission, Joint Research Centre (JRC) — EDGAR",https://edgar.jrc.ec.europa.eu/dataset_ghg2025,CC-BY-4.0,"A-011_GHG 배출량[에너지, 산업공정, 농업, 폐기물].xlsx",1.1_observation(측정값),232,
A-011,"GHG 배출량[에너지, 산업공정, 농업, 폐기물]",observation,v124-a-011-obs-00395,A-011_emissions_sector_transport,VNM,1979,1979,1979,,,,0.683378886,Mt CO2eq,,,,,,"[수송효율 기술 (Transport efficiency)] [수송] European Commission, Joint Research Centre (JRC) — EDGAR 「EDGAR_AR5_GHG / IPCC 2006」 기준. Mt CO2eq (GWP-100 AR5). IPCC 2006 코드 1.A.3.a, 1.A.3.b_noRES, 1.A.3.c, 1.A.3.d, 1.A.3.e.","European Commission, Joint Research Centre (JRC) — EDGAR",https://edgar.jrc.ec.europa.eu/dataset_ghg2025,CC-BY-4.0,"A-011_GHG 배출량[에너지, 산업공정, 농업, 폐기물].xlsx",1.1_observation(측정값),233,
A-011,"GHG 배출량[에너지, 산업공정, 농업, 폐기물]",observation,v124-a-011-obs-00396,A-011_emissions_sector_transport,VNM,1980,1980,1980,,,,2.0207204475,Mt CO2eq,,,,,,"[수송효율 기술 (Transport efficiency)] [수송] European Commission, Joint Research Centre (JRC) — EDGAR 「EDGAR_AR5_GHG / IPCC 2006」 기준. Mt CO2eq (GWP-100 AR5). IPCC 2006 코드 1.A.3.a, 1.A.3.b_noRES, 1.A.3.c, 1.A.3.d, 1.A.3.e.","European Commission, Joint Research Centre (JRC) — EDGAR",https://edgar.jrc.ec.europa.eu/dataset_ghg2025,CC-BY-4.0,"A-011_GHG 배출량[에너지, 산업공정, 농업, 폐기물].xlsx",1.1_observation(측정값),234,
A-011,"GHG 배출량[에너지, 산업공정, 농업, 폐기물]",observation,v124-a-011-obs-00397,A-011_emissions_sector_transport,VNM,1981,1981,1981,,,,1.654603762,Mt CO2eq,,,,,,"[수송효율 기술 (Transport efficiency)] [수송] European Commission, Joint Research Centre (JRC) — EDGAR 「EDGAR_AR5_GHG / IPCC 2006」 기준. Mt CO2eq (GWP-100 AR5). IPCC 2006 코드 1.A.3.a, 1.A.3.b_noRES, 1.A.3.c, 1.A.3.d, 1.A.3.e.","European Commission, Joint Research Centre (JRC) — EDGAR",https://edgar.jrc.ec.europa.eu/dataset_ghg2025,CC-BY-4.0,"A-011_GHG 배출량[에너지, 산업공정, 농업, 폐기물].xlsx",1.1_observation(측정값),235,
A-011,"GHG 배출량[에너지, 산업공정, 농업, 폐기물]",observation,v124-a-011-obs-00398,A-011_emissions_sector_transport,VNM,1982,1982,1982,,,,1.7360228416,Mt CO2eq,,,,,,"[수송효율 기술 (Transport efficiency)] [수송] European Commission, Joint Research Centre (JRC) — EDGAR 「EDGAR_AR5_GHG / IPCC 2006」 기준. Mt CO2eq (GWP-100 AR5). IPCC 2006 코드 1.A.3.a, 1.A.3.b_noRES, 1.A.3.c, 1.A.3.d, 1.A.3.e.","European Commission, Joint Research Centre (JRC) — EDGAR",https://edgar.jrc.ec.europa.eu/dataset_ghg2025,CC-BY-4.0,"A-011_GHG 배출량[에너지, 산업공정, 농업, 폐기물].xlsx",1.1_observation(측정값),236,
A-011,"GHG 배출량[에너지, 산업공정, 농업, 폐기물]",observation,v124-a-011-obs-00399,A-011_emissions_sector_transport,VNM,1983,1983,1983,,,,1.9368255217,Mt CO2eq,,,,,,"[수송효율 기술 (Transport efficiency)] [수송] European Commission, Joint Research Centre (JRC) — EDGAR 「EDGAR_AR5_GHG / IPCC 2006」 기준. Mt CO2eq (GWP-100 AR5). IPCC 2006 코드 1.A.3.a, 1.A.3.b_noRES, 1.A.3.c, 1.A.3.d, 1.A.3.e.","European Commission, Joint Research Centre (JRC) — EDGAR",https://edgar.jrc.ec.europa.eu/dataset_ghg2025,CC-BY-4.0,"A-011_GHG 배출량[에너지, 산업공정, 농업, 폐기물].xlsx",1.1_observation(측정값),237,
A-011,"GHG 배출량[에너지, 산업공정, 농업, 폐기물]",observation,v124-a-011-obs-00400,A-011_emissions_sector_transport,VNM,1984,1984,1984,,,,1.8866999516,Mt CO2eq,,,,,,"[수송효율 기술 (Transport efficiency)] [수송] European Commission, Joint Research Centre (JRC) — EDGAR 「EDGAR_AR5_GHG / IPCC 2006」 기준. Mt CO2eq (GWP-100 AR5). IPCC 2006 코드 1.A.3.a, 1.A.3.b_noRES, 1.A.3.c, 1.A.3.d, 1.A.3.e.","European Commission, Joint Research Centre (JRC) — EDGAR",https://edgar.jrc.ec.europa.eu/dataset_ghg2025,CC-BY-4.0,"A-011_GHG 배출량[에너지, 산업공정, 농업, 폐기물].xlsx",1.1_observation(측정값),238,
A-011,"GHG 배출량[에너지, 산업공정, 농업, 폐기물]",observation,v124-a-011-obs-00401,A-011_emissions_sector_transport,VNM,1985,1985,1985,,,,2.9235475213,Mt CO2eq,,,,,,"[수송효율 기술 (Transport efficiency)] [수송] European Commission, Joint Research Centre (JRC) — EDGAR 「EDGAR_AR5_GHG / IPCC 2006」 기준. Mt CO2eq (GWP-100 AR5). IPCC 2006 코드 1.A.3.a, 1.A.3.b_noRES, 1.A.3.c, 1.A.3.d, 1.A.3.e.","European Commission, Joint Research Centre (JRC) — EDGAR",https://edgar.jrc.ec.europa.eu/dataset_ghg2025,CC-BY-4.0,"A-011_GHG 배출량[에너지, 산업공정, 농업, 폐기물].xlsx",1.1_observation(측정값),239,
A-011,"GHG 배출량[에너지, 산업공정, 농업, 폐기물]",observation,v124-a-011-obs-00402,A-011_emissions_sector_transport,VNM,1986,1986,1986,,,,3.2539670212,Mt CO2eq,,,,,,"[수송효율 기술 (Transport efficiency)] [수송] European Commission, Joint Research Centre (JRC) — EDGAR 「EDGAR_AR5_GHG / IPCC 2006」 기준. Mt CO2eq (GWP-100 AR5). IPCC 2006 코드 1.A.3.a, 1.A.3.b_noRES, 1.A.3.c, 1.A.3.d, 1.A.3.e.","European Commission, Joint Research Centre (JRC) — EDGAR",https://edgar.jrc.ec.europa.eu/dataset_ghg2025,CC-BY-4.0,"A-011_GHG 배출량[에너지, 산업공정, 농업, 폐기물].xlsx",1.1_observation(측정값),240,
A-011,"GHG 배출량[에너지, 산업공정, 농업, 폐기물]",observation,v124-a-011-obs-00403,A-011_emissions_sector_transport,VNM,1987,1987,1987,,,,3.7942566841,Mt CO2eq,,,,,,"[수송효율 기술 (Transport efficiency)] [수송] European Commission, Joint Research Centre (JRC) — EDGAR 「EDGAR_AR5_GHG / IPCC 2006」 기준. Mt CO2eq (GWP-100 AR5). IPCC 2006 코드 1.A.3.a, 1.A.3.b_noRES, 1.A.3.c, 1.A.3.d, 1.A.3.e.","European Commission, Joint Research Centre (JRC) — EDGAR",https://edgar.jrc.ec.europa.eu/dataset_ghg2025,CC-BY-4.0,"A-011_GHG 배출량[에너지, 산업공정, 농업, 폐기물].xlsx",1.1_observation(측정값),241,
A-011,"GHG 배출량[에너지, 산업공정, 농업, 폐기물]",observation,v124-a-011-obs-00404,A-011_emissions_sector_transport,VNM,1988,1988,1988,,,,4.0495637417,Mt CO2eq,,,,,,"[수송효율 기술 (Transport efficiency)] [수송] European Commission, Joint Research Centre (JRC) — EDGAR 「EDGAR_AR5_GHG / IPCC 2006」 기준. Mt CO2eq (GWP-100 AR5). IPCC 2006 코드 1.A.3.a, 1.A.3.b_noRES, 1.A.3.c, 1.A.3.d, 1.A.3.e.","European Commission, Joint Research Centre (JRC) — EDGAR",https://edgar.jrc.ec.europa.eu/dataset_ghg2025,CC-BY-4.0,"A-011_GHG 배출량[에너지, 산업공정, 농업, 폐기물].xlsx",1.1_observation(측정값),242,
A-011,"GHG 배출량[에너지, 산업공정, 농업, 폐기물]",observation,v124-a-011-obs-00405,A-011_emissions_sector_transport,VNM,1989,1989,1989,,,,3.6707631596,Mt CO2eq,,,,,,"[수송효율 기술 (Transport efficiency)] [수송] European Commission, Joint Research Centre (JRC) — EDGAR 「EDGAR_AR5_GHG / IPCC 2006」 기준. Mt CO2eq (GWP-100 AR5). IPCC 2006 코드 1.A.3.a, 1.A.3.b_noRES, 1.A.3.c, 1.A.3.d, 1.A.3.e.","European Commission, Joint Research Centre (JRC) — EDGAR",https://edgar.jrc.ec.europa.eu/dataset_ghg2025,CC-BY-4.0,"A-011_GHG 배출량[에너지, 산업공정, 농업, 폐기물].xlsx",1.1_observation(측정값),243,
A-011,"GHG 배출량[에너지, 산업공정, 농업, 폐기물]",observation,v124-a-011-obs-00406,A-011_emissions_sector_transport,VNM,1990,1990,1990,,,,4.2523819564,Mt CO2eq,,,,,,"[수송효율 기술 (Transport efficiency)] [수송] European Commission, Joint Research Centre (JRC) — EDGAR 「EDGAR_AR5_GHG / IPCC 2006」 기준. Mt CO2eq (GWP-100 AR5). IPCC 2006 코드 1.A.3.a, 1.A.3.b_noRES, 1.A.3.c, 1.A.3.d, 1.A.3.e.","European Commission, Joint Research Centre (JRC) — EDGAR",https://edgar.jrc.ec.europa.eu/dataset_ghg2025,CC-BY-4.0,"A-011_GHG 배출량[에너지, 산업공정, 농업, 폐기물].xlsx",1.1_observation(측정값),244,
A-011,"GHG 배출량[에너지, 산업공정, 농업, 폐기물]",observation,v124-a-011-obs-00407,A-011_emissions_sector_transport,VNM,1991,1991,1991,,,,4.0245872266,Mt CO2eq,,,,,,"[수송효율 기술 (Transport efficiency)] [수송] European Commission, Joint Research Centre (JRC) — EDGAR 「EDGAR_AR5_GHG / IPCC 2006」 기준. Mt CO2eq (GWP-100 AR5). IPCC 2006 코드 1.A.3.a, 1.A.3.b_noRES, 1.A.3.c, 1.A.3.d, 1.A.3.e.","European Commission, Joint Research Centre (JRC) — EDGAR",https://edgar.jrc.ec.europa.eu/dataset_ghg2025,CC-BY-4.0,"A-011_GHG 배출량[에너지, 산업공정, 농업, 폐기물].xlsx",1.1_observation(측정값),245,
A-011,"GHG 배출량[에너지, 산업공정, 농업, 폐기물]",observation,v124-a-011-obs-00408,A-011_emissions_sector_transport,VNM,1992,1992,1992,,,,4.5027560572,Mt CO2eq,,,,,,"[수송효율 기술 (Transport efficiency)] [수송] European Commission, Joint Research Centre (JRC) — EDGAR 「EDGAR_AR5_GHG / IPCC 2006」 기준. Mt CO2eq (GWP-100 AR5). IPCC 2006 코드 1.A.3.a, 1.A.3.b_noRES, 1.A.3.c, 1.A.3.d, 1.A.3.e.","European Commission, Joint Research Centre (JRC) — EDGAR",https://edgar.jrc.ec.europa.eu/dataset_ghg2025,CC-BY-4.0,"A-011_GHG 배출량[에너지, 산업공정, 농업, 폐기물].xlsx",1.1_observation(측정값),246,
A-011,"GHG 배출량[에너지, 산업공정, 농업, 폐기물]",observation,v124-a-011-obs-00409,A-011_emissions_sector_transport,VNM,1993,1993,1993,,,,7.0382414343,Mt CO2eq,,,,,,"[수송효율 기술 (Transport efficiency)] [수송] European Commission, Joint Research Centre (JRC) — EDGAR 「EDGAR_AR5_GHG / IPCC 2006」 기준. Mt CO2eq (GWP-100 AR5). IPCC 2006 코드 1.A.3.a, 1.A.3.b_noRES, 1.A.3.c, 1.A.3.d, 1.A.3.e.","European Commission, Joint Research Centre (JRC) — EDGAR",https://edgar.jrc.ec.europa.eu/dataset_ghg2025,CC-BY-4.0,"A-011_GHG 배출량[에너지, 산업공정, 농업, 폐기물].xlsx",1.1_observation(측정값),247,
A-011,"GHG 배출량[에너지, 산업공정, 농업, 폐기물]",observation,v124-a-011-obs-00410,A-011_emissions_sector_transport,VNM,1994,1994,1994,,,,7.7662479428,Mt CO2eq,,,,,,"[수송효율 기술 (Transport efficiency)] [수송] European Commission, Joint Research Centre (JRC) — EDGAR 「EDGAR_AR5_GHG / IPCC 2006」 기준. Mt CO2eq (GWP-100 AR5). IPCC 2006 코드 1.A.3.a, 1.A.3.b_noRES, 1.A.3.c, 1.A.3.d, 1.A.3.e.","European Commission, Joint Research Centre (JRC) — EDGAR",https://edgar.jrc.ec.europa.eu/dataset_ghg2025,CC-BY-4.0,"A-011_GHG 배출량[에너지, 산업공정, 농업, 폐기물].xlsx",1.1_observation(측정값),248,
A-011,"GHG 배출량[에너지, 산업공정, 농업, 폐기물]",observation,v124-a-011-obs-00411,A-011_emissions_sector_transport,VNM,1995,1995,1995,,,,7.4149927145,Mt CO2eq,,,,,,"[수송효율 기술 (Transport efficiency)] [수송] European Commission, Joint Research Centre (JRC) — EDGAR 「EDGAR_AR5_GHG / IPCC 2006」 기준. Mt CO2eq (GWP-100 AR5). IPCC 2006 코드 1.A.3.a, 1.A.3.b_noRES, 1.A.3.c, 1.A.3.d, 1.A.3.e.","European Commission, Joint Research Centre (JRC) — EDGAR",https://edgar.jrc.ec.europa.eu/dataset_ghg2025,CC-BY-4.0,"A-011_GHG 배출량[에너지, 산업공정, 농업, 폐기물].xlsx",1.1_observation(측정값),249,
A-011,"GHG 배출량[에너지, 산업공정, 농업, 폐기물]",observation,v124-a-011-obs-00412,A-011_emissions_sector_transport,VNM,1996,1996,1996,,,,8.1536855338,Mt CO2eq,,,,,,"[수송효율 기술 (Transport efficiency)] [수송] European Commission, Joint Research Centre (JRC) — EDGAR 「EDGAR_AR5_GHG / IPCC 2006」 기준. Mt CO2eq (GWP-100 AR5). IPCC 2006 코드 1.A.3.a, 1.A.3.b_noRES, 1.A.3.c, 1.A.3.d, 1.A.3.e.","European Commission, Joint Research Centre (JRC) — EDGAR",https://edgar.jrc.ec.europa.eu/dataset_ghg2025,CC-BY-4.0,"A-011_GHG 배출량[에너지, 산업공정, 농업, 폐기물].xlsx",1.1_observation(측정값),250,
A-011,"GHG 배출량[에너지, 산업공정, 농업, 폐기물]",observation,v124-a-011-obs-00413,A-011_emissions_sector_transport,VNM,1997,1997,1997,,,,8.9126908423,Mt CO2eq,,,,,,"[수송효율 기술 (Transport efficiency)] [수송] European Commission, Joint Research Centre (JRC) — EDGAR 「EDGAR_AR5_GHG / IPCC 2006」 기준. Mt CO2eq (GWP-100 AR5). IPCC 2006 코드 1.A.3.a, 1.A.3.b_noRES, 1.A.3.c, 1.A.3.d, 1.A.3.e.","European Commission, Joint Research Centre (JRC) — EDGAR",https://edgar.jrc.ec.europa.eu/dataset_ghg2025,CC-BY-4.0,"A-011_GHG 배출량[에너지, 산업공정, 농업, 폐기물].xlsx",1.1_observation(측정값),251,
A-011,"GHG 배출량[에너지, 산업공정, 농업, 폐기물]",observation,v124-a-011-obs-00414,A-011_emissions_sector_transport,VNM,1998,1998,1998,,,,9.3856614881,Mt CO2eq,,,,,,"[수송효율 기술 (Transport efficiency)] [수송] European Commission, Joint Research Centre (JRC) — EDGAR 「EDGAR_AR5_GHG / IPCC 2006」 기준. Mt CO2eq (GWP-100 AR5). IPCC 2006 코드 1.A.3.a, 1.A.3.b_noRES, 1.A.3.c, 1.A.3.d, 1.A.3.e.","European Commission, Joint Research Centre (JRC) — EDGAR",https://edgar.jrc.ec.europa.eu/dataset_ghg2025,CC-BY-4.0,"A-011_GHG 배출량[에너지, 산업공정, 농업, 폐기물].xlsx",1.1_observation(측정값),252,
A-011,"GHG 배출량[에너지, 산업공정, 농업, 폐기물]",observation,v124-a-011-obs-00415,A-011_emissions_sector_transport,VNM,1999,1999,1999,,,,10.0458103941,Mt CO2eq,,,,,,"[수송효율 기술 (Transport efficiency)] [수송] European Commission, Joint Research Centre (JRC) — EDGAR 「EDGAR_AR5_GHG / IPCC 2006」 기준. Mt CO2eq (GWP-100 AR5). IPCC 2006 코드 1.A.3.a, 1.A.3.b_noRES, 1.A.3.c, 1.A.3.d, 1.A.3.e.","European Commission, Joint Research Centre (JRC) — EDGAR",https://edgar.jrc.ec.europa.eu/dataset_ghg2025,CC-BY-4.0,"A-011_GHG 배출량[에너지, 산업공정, 농업, 폐기물].xlsx",1.1_observation(측정값),253,
A-011,"GHG 배출량[에너지, 산업공정, 농업, 폐기물]",observation,v124-a-011-obs-00416,A-011_emissions_sector_transport,VNM,2000,2000,2000,,,,10.7711960728,Mt CO2eq,,,,,,"[수송효율 기술 (Transport efficiency)] [수송] European Commission, Joint Research Centre (JRC) — EDGAR 「EDGAR_AR5_GHG / IPCC 2006」 기준. Mt CO2eq (GWP-100 AR5). IPCC 2006 코드 1.A.3.a, 1.A.3.b_noRES, 1.A.3.c, 1.A.3.d, 1.A.3.e.","European Commission, Joint Research Centre (JRC) — EDGAR",https://edgar.jrc.ec.europa.eu/dataset_ghg2025,CC-BY-4.0,"A-011_GHG 배출량[에너지, 산업공정, 농업, 폐기물].xlsx",1.1_observation(측정값),254,
A-011,"GHG 배출량[에너지, 산업공정, 농업, 폐기물]",observation,v124-a-011-obs-00417,A-011_emissions_sector_transport,VNM,2001,2001,2001,,,,11.5096109736,Mt CO2eq,,,,,,"[수송효율 기술 (Transport efficiency)] [수송] European Commission, Joint Research Centre (JRC) — EDGAR 「EDGAR_AR5_GHG / IPCC 2006」 기준. Mt CO2eq (GWP-100 AR5). IPCC 2006 코드 1.A.3.a, 1.A.3.b_noRES, 1.A.3.c, 1.A.3.d, 1.A.3.e.","European Commission, Joint Research Centre (JRC) — EDGAR",https://edgar.jrc.ec.europa.eu/dataset_ghg2025,CC-BY-4.0,"A-011_GHG 배출량[에너지, 산업공정, 농업, 폐기물].xlsx",1.1_observation(측정값),255,
A-011,"GHG 배출량[에너지, 산업공정, 농업, 폐기물]",observation,v124-a-011-obs-00418,A-011_emissions_sector_transport,VNM,2002,2002,2002,,,,14.1058106859,Mt CO2eq,,,,,,"[수송효율 기술 (Transport efficiency)] [수송] European Commission, Joint Research Centre (JRC) — EDGAR 「EDGAR_AR5_GHG / IPCC 2006」 기준. Mt CO2eq (GWP-100 AR5). IPCC 2006 코드 1.A.3.a, 1.A.3.b_noRES, 1.A.3.c, 1.A.3.d, 1.A.3.e.","European Commission, Joint Research Centre (JRC) — EDGAR",https://edgar.jrc.ec.europa.eu/dataset_ghg2025,CC-BY-4.0,"A-011_GHG 배출량[에너지, 산업공정, 농업, 폐기물].xlsx",1.1_observation(측정값),256,
A-011,"GHG 배출량[에너지, 산업공정, 농업, 폐기물]",observation,v124-a-011-obs-00419,A-011_emissions_sector_transport,VNM,2003,2003,2003,,,,15.9609174392,Mt CO2eq,,,,,,"[수송효율 기술 (Transport efficiency)] [수송] European Commission, Joint Research Centre (JRC) — EDGAR 「EDGAR_AR5_GHG / IPCC 2006」 기준. Mt CO2eq (GWP-100 AR5). IPCC 2006 코드 1.A.3.a, 1.A.3.b_noRES, 1.A.3.c, 1.A.3.d, 1.A.3.e.","European Commission, Joint Research Centre (JRC) — EDGAR",https://edgar.jrc.ec.europa.eu/dataset_ghg2025,CC-BY-4.0,"A-011_GHG 배출량[에너지, 산업공정, 농업, 폐기물].xlsx",1.1_observation(측정값),257,
A-011,"GHG 배출량[에너지, 산업공정, 농업, 폐기물]",observation,v124-a-011-obs-00420,A-011_emissions_sector_transport,VNM,2004,2004,2004,,,,19.5707503148,Mt CO2eq,,,,,,"[수송효율 기술 (Transport efficiency)] [수송] European Commission, Joint Research Centre (JRC) — EDGAR 「EDGAR_AR5_GHG / IPCC 2006」 기준. Mt CO2eq (GWP-100 AR5). IPCC 2006 코드 1.A.3.a, 1.A.3.b_noRES, 1.A.3.c, 1.A.3.d, 1.A.3.e.","European Commission, Joint Research Centre (JRC) — EDGAR",https://edgar.jrc.ec.europa.eu/dataset_ghg2025,CC-BY-4.0,"A-011_GHG 배출량[에너지, 산업공정, 농업, 폐기물].xlsx",1.1_observation(측정값),258,
A-011,"GHG 배출량[에너지, 산업공정, 농업, 폐기물]",observation,v124-a-011-obs-00421,A-011_emissions_sector_transport,VNM,2005,2005,2005,,,,19.7771750176,Mt CO2eq,,,,,,"[수송효율 기술 (Transport efficiency)] [수송] European Commission, Joint Research Centre (JRC) — EDGAR 「EDGAR_AR5_GHG / IPCC 2006」 기준. Mt CO2eq (GWP-100 AR5). IPCC 2006 코드 1.A.3.a, 1.A.3.b_noRES, 1.A.3.c, 1.A.3.d, 1.A.3.e.","European Commission, Joint Research Centre (JRC) — EDGAR",https://edgar.jrc.ec.europa.eu/dataset_ghg2025,CC-BY-4.0,"A-011_GHG 배출량[에너지, 산업공정, 농업, 폐기물].xlsx",1.1_observation(측정값),259,
A-011,"GHG 배출량[에너지, 산업공정, 농업, 폐기물]",observation,v124-a-011-obs-00422,A-011_emissions_sector_transport,VNM,2006,2006,2006,,,,19.7582710869,Mt CO2eq,,,,,,"[수송효율 기술 (Transport efficiency)] [수송] European Commission, Joint Research Centre (JRC) — EDGAR 「EDGAR_AR5_GHG / IPCC 2006」 기준. Mt CO2eq (GWP-100 AR5). IPCC 2006 코드 1.A.3.a, 1.A.3.b_noRES, 1.A.3.c, 1.A.3.d, 1.A.3.e.","European Commission, Joint Research Centre (JRC) — EDGAR",https://edgar.jrc.ec.europa.eu/dataset_ghg2025,CC-BY-4.0,"A-011_GHG 배출량[에너지, 산업공정, 농업, 폐기물].xlsx",1.1_observation(측정값),260,
A-011,"GHG 배출량[에너지, 산업공정, 농업, 폐기물]",observation,v124-a-011-obs-00423,A-011_emissions_sector_transport,VNM,2007,2007,2007,,,,23.1027784798,Mt CO2eq,,,,,,"[수송효율 기술 (Transport efficiency)] [수송] European Commission, Joint Research Centre (JRC) — EDGAR 「EDGAR_AR5_GHG / IPCC 2006」 기준. Mt CO2eq (GWP-100 AR5). IPCC 2006 코드 1.A.3.a, 1.A.3.b_noRES, 1.A.3.c, 1.A.3.d, 1.A.3.e.","European Commission, Joint Research Centre (JRC) — EDGAR",https://edgar.jrc.ec.europa.eu/dataset_ghg2025,CC-BY-4.0,"A-011_GHG 배출량[에너지, 산업공정, 농업, 폐기물].xlsx",1.1_observation(측정값),261,
A-011,"GHG 배출량[에너지, 산업공정, 농업, 폐기물]",observation,v124-a-011-obs-00424,A-011_emissions_sector_transport,VNM,2008,2008,2008,,,,24.5881012614,Mt CO2eq,,,,,,"[수송효율 기술 (Transport efficiency)] [수송] European Commission, Joint Research Centre (JRC) — EDGAR 「EDGAR_AR5_GHG / IPCC 2006」 기준. Mt CO2eq (GWP-100 AR5). IPCC 2006 코드 1.A.3.a, 1.A.3.b_noRES, 1.A.3.c, 1.A.3.d, 1.A.3.e.","European Commission, Joint Research Centre (JRC) — EDGAR",https://edgar.jrc.ec.europa.eu/dataset_ghg2025,CC-BY-4.0,"A-011_GHG 배출량[에너지, 산업공정, 농업, 폐기물].xlsx",1.1_observation(측정값),262,
A-011,"GHG 배출량[에너지, 산업공정, 농업, 폐기물]",observation,v124-a-011-obs-00425,A-011_emissions_sector_transport,VNM,2009,2009,2009,,,,29.4852843735,Mt CO2eq,,,,,,"[수송효율 기술 (Transport efficiency)] [수송] European Commission, Joint Research Centre (JRC) — EDGAR 「EDGAR_AR5_GHG / IPCC 2006」 기준. Mt CO2eq (GWP-100 AR5). IPCC 2006 코드 1.A.3.a, 1.A.3.b_noRES, 1.A.3.c, 1.A.3.d, 1.A.3.e.","European Commission, Joint Research Centre (JRC) — EDGAR",https://edgar.jrc.ec.europa.eu/dataset_ghg2025,CC-BY-4.0,"A-011_GHG 배출량[에너지, 산업공정, 농업, 폐기물].xlsx",1.1_observation(측정값),263,
A-011,"GHG 배출량[에너지, 산업공정, 농업, 폐기물]",observation,v124-a-011-obs-00426,A-011_emissions_sector_transport,VNM,2010,2010,2010,,,,31.6642487626,Mt CO2eq,,,,,,"[수송효율 기술 (Transport efficiency)] [수송] European Commission, Joint Research Centre (JRC) — EDGAR 「EDGAR_AR5_GHG / IPCC 2006」 기준. Mt CO2eq (GWP-100 AR5). IPCC 2006 코드 1.A.3.a, 1.A.3.b_noRES, 1.A.3.c, 1.A.3.d, 1.A.3.e.","European Commission, Joint Research Centre (JRC) — EDGAR",https://edgar.jrc.ec.europa.eu/dataset_ghg2025,CC-BY-4.0,"A-011_GHG 배출량[에너지, 산업공정, 농업, 폐기물].xlsx",1.1_observation(측정값),264,
A-011,"GHG 배출량[에너지, 산업공정, 농업, 폐기물]",observation,v124-a-011-obs-00427,A-011_emissions_sector_transport,VNM,2011,2011,2011,,,,31.0393559426,Mt CO2eq,,,,,,"[수송효율 기술 (Transport efficiency)] [수송] European Commission, Joint Research Centre (JRC) — EDGAR 「EDGAR_AR5_GHG / IPCC 2006」 기준. Mt CO2eq (GWP-100 AR5). IPCC 2006 코드 1.A.3.a, 1.A.3.b_noRES, 1.A.3.c, 1.A.3.d, 1.A.3.e.","European Commission, Joint Research Centre (JRC) — EDGAR",https://edgar.jrc.ec.europa.eu/dataset_ghg2025,CC-BY-4.0,"A-011_GHG 배출량[에너지, 산업공정, 농업, 폐기물].xlsx",1.1_observation(측정값),265,
A-011,"GHG 배출량[에너지, 산업공정, 농업, 폐기물]",observation,v124-a-011-obs-00428,A-011_emissions_sector_transport,VNM,2012,2012,2012,,,,30.5610417532,Mt CO2eq,,,,,,"[수송효율 기술 (Transport efficiency)] [수송] European Commission, Joint Research Centre (JRC) — EDGAR 「EDGAR_AR5_GHG / IPCC 2006」 기준. Mt CO2eq (GWP-100 AR5). IPCC 2006 코드 1.A.3.a, 1.A.3.b_noRES, 1.A.3.c, 1.A.3.d, 1.A.3.e.","European Commission, Joint Research Centre (JRC) — EDGAR",https://edgar.jrc.ec.europa.eu/dataset_ghg2025,CC-BY-4.0,"A-011_GHG 배출량[에너지, 산업공정, 농업, 폐기물].xlsx",1.1_observation(측정값),266,
A-011,"GHG 배출량[에너지, 산업공정, 농업, 폐기물]",observation,v124-a-011-obs-00429,A-011_emissions_sector_transport,VNM,2013,2013,2013,,,,29.7919271404,Mt CO2eq,,,,,,"[수송효율 기술 (Transport efficiency)] [수송] European Commission, Joint Research Centre (JRC) — EDGAR 「EDGAR_AR5_GHG / IPCC 2006」 기준. Mt CO2eq (GWP-100 AR5). IPCC 2006 코드 1.A.3.a, 1.A.3.b_noRES, 1.A.3.c, 1.A.3.d, 1.A.3.e.","European Commission, Joint Research Centre (JRC) — EDGAR",https://edgar.jrc.ec.europa.eu/dataset_ghg2025,CC-BY-4.0,"A-011_GHG 배출량[에너지, 산업공정, 농업, 폐기물].xlsx",1.1_observation(측정값),267,
A-011,"GHG 배출량[에너지, 산업공정, 농업, 폐기물]",observation,v124-a-011-obs-00430,A-011_emissions_sector_transport,VNM,2014,2014,2014,,,,30.4433826546,Mt CO2eq,,,,,,"[수송효율 기술 (Transport efficiency)] [수송] European Commission, Joint Research Centre (JRC) — EDGAR 「EDGAR_AR5_GHG / IPCC 2006」 기준. Mt CO2eq (GWP-100 AR5). IPCC 2006 코드 1.A.3.a, 1.A.3.b_noRES, 1.A.3.c, 1.A.3.d, 1.A.3.e.","European Commission, Joint Research Centre (JRC) — EDGAR",https://edgar.jrc.ec.europa.eu/dataset_ghg2025,CC-BY-4.0,"A-011_GHG 배출량[에너지, 산업공정, 농업, 폐기물].xlsx",1.1_observation(측정값),268,
A-011,"GHG 배출량[에너지, 산업공정, 농업, 폐기물]",observation,v124-a-011-obs-00431,A-011_emissions_sector_transport,VNM,2015,2015,2015,,,,33.6874204526,Mt CO2eq,,,,,,"[수송효율 기술 (Transport efficiency)] [수송] European Commission, Joint Research Centre (JRC) — EDGAR 「EDGAR_AR5_GHG / IPCC 2006」 기준. Mt CO2eq (GWP-100 AR5). IPCC 2006 코드 1.A.3.a, 1.A.3.b_noRES, 1.A.3.c, 1.A.3.d, 1.A.3.e.","European Commission, Joint Research Centre (JRC) — EDGAR",https://edgar.jrc.ec.europa.eu/dataset_ghg2025,CC-BY-4.0,"A-011_GHG 배출량[에너지, 산업공정, 농업, 폐기물].xlsx",1.1_observation(측정값),269,
A-011,"GHG 배출량[에너지, 산업공정, 농업, 폐기물]",observation,v124-a-011-obs-00432,A-011_emissions_sector_transport,VNM,2016,2016,2016,,,,37.3464884374,Mt CO2eq,,,,,,"[수송효율 기술 (Transport efficiency)] [수송] European Commission, Joint Research Centre (JRC) — EDGAR 「EDGAR_AR5_GHG / IPCC 2006」 기준. Mt CO2eq (GWP-100 AR5). IPCC 2006 코드 1.A.3.a, 1.A.3.b_noRES, 1.A.3.c, 1.A.3.d, 1.A.3.e.","European Commission, Joint Research Centre (JRC) — EDGAR",https://edgar.jrc.ec.europa.eu/dataset_ghg2025,CC-BY-4.0,"A-011_GHG 배출량[에너지, 산업공정, 농업, 폐기물].xlsx",1.1_observation(측정값),270,
A-011,"GHG 배출량[에너지, 산업공정, 농업, 폐기물]",observation,v124-a-011-obs-00433,A-011_emissions_sector_transport,VNM,2017,2017,2017,,,,40.6415349449,Mt CO2eq,,,,,,"[수송효율 기술 (Transport efficiency)] [수송] European Commission, Joint Research Centre (JRC) — EDGAR 「EDGAR_AR5_GHG / IPCC 2006」 기준. Mt CO2eq (GWP-100 AR5). IPCC 2006 코드 1.A.3.a, 1.A.3.b_noRES, 1.A.3.c, 1.A.3.d, 1.A.3.e.","European Commission, Joint Research Centre (JRC) — EDGAR",https://edgar.jrc.ec.europa.eu/dataset_ghg2025,CC-BY-4.0,"A-011_GHG 배출량[에너지, 산업공정, 농업, 폐기물].xlsx",1.1_observation(측정값),271,
A-011,"GHG 배출량[에너지, 산업공정, 농업, 폐기물]",observation,v124-a-011-obs-00434,A-011_emissions_sector_transport,VNM,2018,2018,2018,,,,42.4613851599,Mt CO2eq,,,,,,"[수송효율 기술 (Transport efficiency)] [수송] European Commission, Joint Research Centre (JRC) — EDGAR 「EDGAR_AR5_GHG / IPCC 2006」 기준. Mt CO2eq (GWP-100 AR5). IPCC 2006 코드 1.A.3.a, 1.A.3.b_noRES, 1.A.3.c, 1.A.3.d, 1.A.3.e.","European Commission, Joint Research Centre (JRC) — EDGAR",https://edgar.jrc.ec.europa.eu/dataset_ghg2025,CC-BY-4.0,"A-011_GHG 배출량[에너지, 산업공정, 농업, 폐기물].xlsx",1.1_observation(측정값),272,
A-011,"GHG 배출량[에너지, 산업공정, 농업, 폐기물]",observation,v124-a-011-obs-00435,A-011_emissions_sector_transport,VNM,2019,2019,2019,,,,44.2049020533,Mt CO2eq,,,,,,"[수송효율 기술 (Transport efficiency)] [수송] European Commission, Joint Research Centre (JRC) — EDGAR 「EDGAR_AR5_GHG / IPCC 2006」 기준. Mt CO2eq (GWP-100 AR5). IPCC 2006 코드 1.A.3.a, 1.A.3.b_noRES, 1.A.3.c, 1.A.3.d, 1.A.3.e.","European Commission, Joint Research Centre (JRC) — EDGAR",https://edgar.jrc.ec.europa.eu/dataset_ghg2025,CC-BY-4.0,"A-011_GHG 배출량[에너지, 산업공정, 농업, 폐기물].xlsx",1.1_observation(측정값),273,
A-011,"GHG 배출량[에너지, 산업공정, 농업, 폐기물]",observation,v124-a-011-obs-00436,A-011_emissions_sector_transport,VNM,2020,2020,2020,,,,37.160590927,Mt CO2eq,,,,,,"[수송효율 기술 (Transport efficiency)] [수송] European Commission, Joint Research Centre (JRC) — EDGAR 「EDGAR_AR5_GHG / IPCC 2006」 기준. Mt CO2eq (GWP-100 AR5). IPCC 2006 코드 1.A.3.a, 1.A.3.b_noRES, 1.A.3.c, 1.A.3.d, 1.A.3.e.","European Commission, Joint Research Centre (JRC) — EDGAR",https://edgar.jrc.ec.europa.eu/dataset_ghg2025,CC-BY-4.0,"A-011_GHG 배출량[에너지, 산업공정, 농업, 폐기물].xlsx",1.1_observation(측정값),274,
A-011,"GHG 배출량[에너지, 산업공정, 농업, 폐기물]",observation,v124-a-011-obs-00437,A-011_emissions_sector_transport,VNM,2021,2021,2021,,,,32.5809098207,Mt CO2eq,,,,,,"[수송효율 기술 (Transport efficiency)] [수송] European Commission, Joint Research Centre (JRC) — EDGAR 「EDGAR_AR5_GHG / IPCC 2006」 기준. Mt CO2eq (GWP-100 AR5). IPCC 2006 코드 1.A.3.a, 1.A.3.b_noRES, 1.A.3.c, 1.A.3.d, 1.A.3.e.","European Commission, Joint Research Centre (JRC) — EDGAR",https://edgar.jrc.ec.europa.eu/dataset_ghg2025,CC-BY-4.0,"A-011_GHG 배출량[에너지, 산업공정, 농업, 폐기물].xlsx",1.1_observation(측정값),275,
A-011,"GHG 배출량[에너지, 산업공정, 농업, 폐기물]",observation,v124-a-011-obs-00438,A-011_emissions_sector_transport,VNM,2022,2022,2022,,,,44.4615647555,Mt CO2eq,,,,,,"[수송효율 기술 (Transport efficiency)] [수송] European Commission, Joint Research Centre (JRC) — EDGAR 「EDGAR_AR5_GHG / IPCC 2006」 기준. Mt CO2eq (GWP-100 AR5). IPCC 2006 코드 1.A.3.a, 1.A.3.b_noRES, 1.A.3.c, 1.A.3.d, 1.A.3.e.","European Commission, Joint Research Centre (JRC) — EDGAR",https://edgar.jrc.ec.europa.eu/dataset_ghg2025,CC-BY-4.0,"A-011_GHG 배출량[에너지, 산업공정, 농업, 폐기물].xlsx",1.1_observation(측정값),276,
A-011,"GHG 배출량[에너지, 산업공정, 농업, 폐기물]",observation,v124-a-011-obs-00439,A-011_emissions_sector_transport,VNM,2023,2023,2023,,,,48.3323808533,Mt CO2eq,,,,,,"[수송효율 기술 (Transport efficiency)] [수송] European Commission, Joint Research Centre (JRC) — EDGAR 「EDGAR_AR5_GHG / IPCC 2006」 기준. Mt CO2eq (GWP-100 AR5). IPCC 2006 코드 1.A.3.a, 1.A.3.b_noRES, 1.A.3.c, 1.A.3.d, 1.A.3.e.","European Commission, Joint Research Centre (JRC) — EDGAR",https://edgar.jrc.ec.europa.eu/dataset_ghg2025,CC-BY-4.0,"A-011_GHG 배출량[에너지, 산업공정, 농업, 폐기물].xlsx",1.1_observation(측정값),277,
A-011,"GHG 배출량[에너지, 산업공정, 농업, 폐기물]",observation,v124-a-011-obs-00440,A-011_emissions_sector_transport,VNM,2024,2024,2024,,,,52.1503687531,Mt CO2eq,,,,,,"[수송효율 기술 (Transport efficiency)] [수송] European Commission, Joint Research Centre (JRC) — EDGAR 「EDGAR_AR5_GHG / IPCC 2006」 기준. Mt CO2eq (GWP-100 AR5). IPCC 2006 코드 1.A.3.a, 1.A.3.b_noRES, 1.A.3.c, 1.A.3.d, 1.A.3.e.","European Commission, Joint Research Centre (JRC) — EDGAR",https://edgar.jrc.ec.europa.eu/dataset_ghg2025,CC-BY-4.0,"A-011_GHG 배출량[에너지, 산업공정, 농업, 폐기물].xlsx",1.1_observation(측정값),278,
A-011,"GHG 배출량[에너지, 산업공정, 농업, 폐기물]",observation,v124-a-011-obs-00441,A-011_emissions_sector_waste,VNM,1970,1970,1970,,,,3.4002576772,Mt CO2eq,,,,,,"[폐자원 기술 (Waste-to-resource)] [폐기물] European Commission, Joint Research Centre (JRC) — EDGAR 「EDGAR GHG_Waste」 기준. Mt CO2eq (GWP-100 AR5). IPCC 2006 코드 4.A, 4.B, 4.C, 4.D, 4.E.","European Commission, Joint Research Centre (JRC) — EDGAR",https://edgar.jrc.ec.europa.eu/dataset_ghg2025,CC-BY-4.0,"A-011_GHG 배출량[에너지, 산업공정, 농업, 폐기물].xlsx",1.1_observation(측정값),169,
A-011,"GHG 배출량[에너지, 산업공정, 농업, 폐기물]",observation,v124-a-011-obs-00442,A-011_emissions_sector_waste,VNM,1971,1971,1971,,,,3.5858932498,Mt CO2eq,,,,,,"[폐자원 기술 (Waste-to-resource)] [폐기물] European Commission, Joint Research Centre (JRC) — EDGAR 「EDGAR GHG_Waste」 기준. Mt CO2eq (GWP-100 AR5). IPCC 2006 코드 4.A, 4.B, 4.C, 4.D, 4.E.","European Commission, Joint Research Centre (JRC) — EDGAR",https://edgar.jrc.ec.europa.eu/dataset_ghg2025,CC-BY-4.0,"A-011_GHG 배출량[에너지, 산업공정, 농업, 폐기물].xlsx",1.1_observation(측정값),170,
A-011,"GHG 배출량[에너지, 산업공정, 농업, 폐기물]",observation,v124-a-011-obs-00443,A-011_emissions_sector_waste,VNM,1972,1972,1972,,,,3.6700454176,Mt CO2eq,,,,,,"[폐자원 기술 (Waste-to-resource)] [폐기물] European Commission, Joint Research Centre (JRC) — EDGAR 「EDGAR GHG_Waste」 기준. Mt CO2eq (GWP-100 AR5). IPCC 2006 코드 4.A, 4.B, 4.C, 4.D, 4.E.","European Commission, Joint Research Centre (JRC) — EDGAR",https://edgar.jrc.ec.europa.eu/dataset_ghg2025,CC-BY-4.0,"A-011_GHG 배출량[에너지, 산업공정, 농업, 폐기물].xlsx",1.1_observation(측정값),171,
A-011,"GHG 배출량[에너지, 산업공정, 농업, 폐기물]",observation,v124-a-011-obs-00444,A-011_emissions_sector_waste,VNM,1973,1973,1973,,,,3.730556982,Mt CO2eq,,,,,,"[폐자원 기술 (Waste-to-resource)] [폐기물] European Commission, Joint Research Centre (JRC) — EDGAR 「EDGAR GHG_Waste」 기준. Mt CO2eq (GWP-100 AR5). IPCC 2006 코드 4.A, 4.B, 4.C, 4.D, 4.E.","European Commission, Joint Research Centre (JRC) — EDGAR",https://edgar.jrc.ec.europa.eu/dataset_ghg2025,CC-BY-4.0,"A-011_GHG 배출량[에너지, 산업공정, 농업, 폐기물].xlsx",1.1_observation(측정값),172,
A-011,"GHG 배출량[에너지, 산업공정, 농업, 폐기물]",observation,v124-a-011-obs-00445,A-011_emissions_sector_waste,VNM,1974,1974,1974,,,,3.8120160678,Mt CO2eq,,,,,,"[폐자원 기술 (Waste-to-resource)] [폐기물] European Commission, Joint Research Centre (JRC) — EDGAR 「EDGAR GHG_Waste」 기준. Mt CO2eq (GWP-100 AR5). IPCC 2006 코드 4.A, 4.B, 4.C, 4.D, 4.E.","European Commission, Joint Research Centre (JRC) — EDGAR",https://edgar.jrc.ec.europa.eu/dataset_ghg2025,CC-BY-4.0,"A-011_GHG 배출량[에너지, 산업공정, 농업, 폐기물].xlsx",1.1_observation(측정값),173,
A-011,"GHG 배출량[에너지, 산업공정, 농업, 폐기물]",observation,v124-a-011-obs-00446,A-011_emissions_sector_waste,VNM,1975,1975,1975,,,,3.862667366,Mt CO2eq,,,,,,"[폐자원 기술 (Waste-to-resource)] [폐기물] European Commission, Joint Research Centre (JRC) — EDGAR 「EDGAR GHG_Waste」 기준. Mt CO2eq (GWP-100 AR5). IPCC 2006 코드 4.A, 4.B, 4.C, 4.D, 4.E.","European Commission, Joint Research Centre (JRC) — EDGAR",https://edgar.jrc.ec.europa.eu/dataset_ghg2025,CC-BY-4.0,"A-011_GHG 배출량[에너지, 산업공정, 농업, 폐기물].xlsx",1.1_observation(측정값),174,
A-011,"GHG 배출량[에너지, 산업공정, 농업, 폐기물]",observation,v124-a-011-obs-00447,A-011_emissions_sector_waste,VNM,1976,1976,1976,,,,3.942934944,Mt CO2eq,,,,,,"[폐자원 기술 (Waste-to-resource)] [폐기물] European Commission, Joint Research Centre (JRC) — EDGAR 「EDGAR GHG_Waste」 기준. Mt CO2eq (GWP-100 AR5). IPCC 2006 코드 4.A, 4.B, 4.C, 4.D, 4.E.","European Commission, Joint Research Centre (JRC) — EDGAR",https://edgar.jrc.ec.europa.eu/dataset_ghg2025,CC-BY-4.0,"A-011_GHG 배출량[에너지, 산업공정, 농업, 폐기물].xlsx",1.1_observation(측정값),175,
A-011,"GHG 배출량[에너지, 산업공정, 농업, 폐기물]",observation,v124-a-011-obs-00448,A-011_emissions_sector_waste,VNM,1977,1977,1977,,,,4.0166635191,Mt CO2eq,,,,,,"[폐자원 기술 (Waste-to-resource)] [폐기물] European Commission, Joint Research Centre (JRC) — EDGAR 「EDGAR GHG_Waste」 기준. Mt CO2eq (GWP-100 AR5). IPCC 2006 코드 4.A, 4.B, 4.C, 4.D, 4.E.","European Commission, Joint Research Centre (JRC) — EDGAR",https://edgar.jrc.ec.europa.eu/dataset_ghg2025,CC-BY-4.0,"A-011_GHG 배출량[에너지, 산업공정, 농업, 폐기물].xlsx",1.1_observation(측정값),176,
A-011,"GHG 배출량[에너지, 산업공정, 농업, 폐기물]",observation,v124-a-011-obs-00449,A-011_emissions_sector_waste,VNM,1978,1978,1978,,,,4.0965990071,Mt CO2eq,,,,,,"[폐자원 기술 (Waste-to-resource)] [폐기물] European Commission, Joint Research Centre (JRC) — EDGAR 「EDGAR GHG_Waste」 기준. Mt CO2eq (GWP-100 AR5). IPCC 2006 코드 4.A, 4.B, 4.C, 4.D, 4.E.","European Commission, Joint Research Centre (JRC) — EDGAR",https://edgar.jrc.ec.europa.eu/dataset_ghg2025,CC-BY-4.0,"A-011_GHG 배출량[에너지, 산업공정, 농업, 폐기물].xlsx",1.1_observation(측정값),177,
A-011,"GHG 배출량[에너지, 산업공정, 농업, 폐기물]",observation,v124-a-011-obs-00450,A-011_emissions_sector_waste,VNM,1979,1979,1979,,,,4.1990897592,Mt CO2eq,,,,,,"[폐자원 기술 (Waste-to-resource)] [폐기물] European Commission, Joint Research Centre (JRC) — EDGAR 「EDGAR GHG_Waste」 기준. Mt CO2eq (GWP-100 AR5). IPCC 2006 코드 4.A, 4.B, 4.C, 4.D, 4.E.","European Commission, Joint Research Centre (JRC) — EDGAR",https://edgar.jrc.ec.europa.eu/dataset_ghg2025,CC-BY-4.0,"A-011_GHG 배출량[에너지, 산업공정, 농업, 폐기물].xlsx",1.1_observation(측정값),178,
A-011,"GHG 배출량[에너지, 산업공정, 농업, 폐기물]",observation,v124-a-011-obs-00451,A-011_emissions_sector_waste,VNM,1980,1980,1980,,,,4.2902761273,Mt CO2eq,,,,,,"[폐자원 기술 (Waste-to-resource)] [폐기물] European Commission, Joint Research Centre (JRC) — EDGAR 「EDGAR GHG_Waste」 기준. Mt CO2eq (GWP-100 AR5). IPCC 2006 코드 4.A, 4.B, 4.C, 4.D, 4.E.","European Commission, Joint Research Centre (JRC) — EDGAR",https://edgar.jrc.ec.europa.eu/dataset_ghg2025,CC-BY-4.0,"A-011_GHG 배출량[에너지, 산업공정, 농업, 폐기물].xlsx",1.1_observation(측정값),179,
A-011,"GHG 배출량[에너지, 산업공정, 농업, 폐기물]",observation,v124-a-011-obs-00452,A-011_emissions_sector_waste,VNM,1981,1981,1981,,,,4.4007231827,Mt CO2eq,,,,,,"[폐자원 기술 (Waste-to-resource)] [폐기물] European Commission, Joint Research Centre (JRC) — EDGAR 「EDGAR GHG_Waste」 기준. Mt CO2eq (GWP-100 AR5). IPCC 2006 코드 4.A, 4.B, 4.C, 4.D, 4.E.","European Commission, Joint Research Centre (JRC) — EDGAR",https://edgar.jrc.ec.europa.eu/dataset_ghg2025,CC-BY-4.0,"A-011_GHG 배출량[에너지, 산업공정, 농업, 폐기물].xlsx",1.1_observation(측정값),180,
A-011,"GHG 배출량[에너지, 산업공정, 농업, 폐기물]",observation,v124-a-011-obs-00453,A-011_emissions_sector_waste,VNM,1982,1982,1982,,,,4.4959667193,Mt CO2eq,,,,,,"[폐자원 기술 (Waste-to-resource)] [폐기물] European Commission, Joint Research Centre (JRC) — EDGAR 「EDGAR GHG_Waste」 기준. Mt CO2eq (GWP-100 AR5). IPCC 2006 코드 4.A, 4.B, 4.C, 4.D, 4.E.","European Commission, Joint Research Centre (JRC) — EDGAR",https://edgar.jrc.ec.europa.eu/dataset_ghg2025,CC-BY-4.0,"A-011_GHG 배출량[에너지, 산업공정, 농업, 폐기물].xlsx",1.1_observation(측정값),181,
A-011,"GHG 배출량[에너지, 산업공정, 농업, 폐기물]",observation,v124-a-011-obs-00454,A-011_emissions_sector_waste,VNM,1983,1983,1983,,,,4.6013270208,Mt CO2eq,,,,,,"[폐자원 기술 (Waste-to-resource)] [폐기물] European Commission, Joint Research Centre (JRC) — EDGAR 「EDGAR GHG_Waste」 기준. Mt CO2eq (GWP-100 AR5). IPCC 2006 코드 4.A, 4.B, 4.C, 4.D, 4.E.","European Commission, Joint Research Centre (JRC) — EDGAR",https://edgar.jrc.ec.europa.eu/dataset_ghg2025,CC-BY-4.0,"A-011_GHG 배출량[에너지, 산업공정, 농업, 폐기물].xlsx",1.1_observation(측정값),182,
A-011,"GHG 배출량[에너지, 산업공정, 농업, 폐기물]",observation,v124-a-011-obs-00455,A-011_emissions_sector_waste,VNM,1984,1984,1984,,,,4.7097922058,Mt CO2eq,,,,,,"[폐자원 기술 (Waste-to-resource)] [폐기물] European Commission, Joint Research Centre (JRC) — EDGAR 「EDGAR GHG_Waste」 기준. Mt CO2eq (GWP-100 AR5). IPCC 2006 코드 4.A, 4.B, 4.C, 4.D, 4.E.","European Commission, Joint Research Centre (JRC) — EDGAR",https://edgar.jrc.ec.europa.eu/dataset_ghg2025,CC-BY-4.0,"A-011_GHG 배출량[에너지, 산업공정, 농업, 폐기물].xlsx",1.1_observation(측정값),183,
A-011,"GHG 배출량[에너지, 산업공정, 농업, 폐기물]",observation,v124-a-011-obs-00456,A-011_emissions_sector_waste,VNM,1985,1985,1985,,,,4.7974923696,Mt CO2eq,,,,,,"[폐자원 기술 (Waste-to-resource)] [폐기물] European Commission, Joint Research Centre (JRC) — EDGAR 「EDGAR GHG_Waste」 기준. Mt CO2eq (GWP-100 AR5). IPCC 2006 코드 4.A, 4.B, 4.C, 4.D, 4.E.","European Commission, Joint Research Centre (JRC) — EDGAR",https://edgar.jrc.ec.europa.eu/dataset_ghg2025,CC-BY-4.0,"A-011_GHG 배출량[에너지, 산업공정, 농업, 폐기물].xlsx",1.1_observation(측정값),184,
A-011,"GHG 배출량[에너지, 산업공정, 농업, 폐기물]",observation,v124-a-011-obs-00457,A-011_emissions_sector_waste,VNM,1986,1986,1986,,,,4.9199440653,Mt CO2eq,,,,,,"[폐자원 기술 (Waste-to-resource)] [폐기물] European Commission, Joint Research Centre (JRC) — EDGAR 「EDGAR GHG_Waste」 기준. Mt CO2eq (GWP-100 AR5). IPCC 2006 코드 4.A, 4.B, 4.C, 4.D, 4.E.","European Commission, Joint Research Centre (JRC) — EDGAR",https://edgar.jrc.ec.europa.eu/dataset_ghg2025,CC-BY-4.0,"A-011_GHG 배출량[에너지, 산업공정, 농업, 폐기물].xlsx",1.1_observation(측정값),185,
A-011,"GHG 배출량[에너지, 산업공정, 농업, 폐기물]",observation,v124-a-011-obs-00458,A-011_emissions_sector_waste,VNM,1987,1987,1987,,,,5.0241184767,Mt CO2eq,,,,,,"[폐자원 기술 (Waste-to-resource)] [폐기물] European Commission, Joint Research Centre (JRC) — EDGAR 「EDGAR GHG_Waste」 기준. Mt CO2eq (GWP-100 AR5). IPCC 2006 코드 4.A, 4.B, 4.C, 4.D, 4.E.","European Commission, Joint Research Centre (JRC) — EDGAR",https://edgar.jrc.ec.europa.eu/dataset_ghg2025,CC-BY-4.0,"A-011_GHG 배출량[에너지, 산업공정, 농업, 폐기물].xlsx",1.1_observation(측정값),186,
A-011,"GHG 배출량[에너지, 산업공정, 농업, 폐기물]",observation,v124-a-011-obs-00459,A-011_emissions_sector_waste,VNM,1988,1988,1988,,,,5.1363497502,Mt CO2eq,,,,,,"[폐자원 기술 (Waste-to-resource)] [폐기물] European Commission, Joint Research Centre (JRC) — EDGAR 「EDGAR GHG_Waste」 기준. Mt CO2eq (GWP-100 AR5). IPCC 2006 코드 4.A, 4.B, 4.C, 4.D, 4.E.","European Commission, Joint Research Centre (JRC) — EDGAR",https://edgar.jrc.ec.europa.eu/dataset_ghg2025,CC-BY-4.0,"A-011_GHG 배출량[에너지, 산업공정, 농업, 폐기물].xlsx",1.1_observation(측정값),187,
A-011,"GHG 배출량[에너지, 산업공정, 농업, 폐기물]",observation,v124-a-011-obs-00460,A-011_emissions_sector_waste,VNM,1989,1989,1989,,,,5.2522932423,Mt CO2eq,,,,,,"[폐자원 기술 (Waste-to-resource)] [폐기물] European Commission, Joint Research Centre (JRC) — EDGAR 「EDGAR GHG_Waste」 기준. Mt CO2eq (GWP-100 AR5). IPCC 2006 코드 4.A, 4.B, 4.C, 4.D, 4.E.","European Commission, Joint Research Centre (JRC) — EDGAR",https://edgar.jrc.ec.europa.eu/dataset_ghg2025,CC-BY-4.0,"A-011_GHG 배출량[에너지, 산업공정, 농업, 폐기물].xlsx",1.1_observation(측정값),188,
A-011,"GHG 배출량[에너지, 산업공정, 농업, 폐기물]",observation,v124-a-011-obs-00461,A-011_emissions_sector_waste,VNM,1990,1990,1990,,,,5.3725727119,Mt CO2eq,,,,,,"[폐자원 기술 (Waste-to-resource)] [폐기물] European Commission, Joint Research Centre (JRC) — EDGAR 「EDGAR GHG_Waste」 기준. Mt CO2eq (GWP-100 AR5). IPCC 2006 코드 4.A, 4.B, 4.C, 4.D, 4.E.","European Commission, Joint Research Centre (JRC) — EDGAR",https://edgar.jrc.ec.europa.eu/dataset_ghg2025,CC-BY-4.0,"A-011_GHG 배출량[에너지, 산업공정, 농업, 폐기물].xlsx",1.1_observation(측정값),189,
A-011,"GHG 배출량[에너지, 산업공정, 농업, 폐기물]",observation,v124-a-011-obs-00462,A-011_emissions_sector_waste,VNM,1991,1991,1991,,,,5.5533434224,Mt CO2eq,,,,,,"[폐자원 기술 (Waste-to-resource)] [폐기물] European Commission, Joint Research Centre (JRC) — EDGAR 「EDGAR GHG_Waste」 기준. Mt CO2eq (GWP-100 AR5). IPCC 2006 코드 4.A, 4.B, 4.C, 4.D, 4.E.","European Commission, Joint Research Centre (JRC) — EDGAR",https://edgar.jrc.ec.europa.eu/dataset_ghg2025,CC-BY-4.0,"A-011_GHG 배출량[에너지, 산업공정, 농업, 폐기물].xlsx",1.1_observation(측정값),190,
A-011,"GHG 배출량[에너지, 산업공정, 농업, 폐기물]",observation,v124-a-011-obs-00463,A-011_emissions_sector_waste,VNM,1992,1992,1992,,,,5.7890396044,Mt CO2eq,,,,,,"[폐자원 기술 (Waste-to-resource)] [폐기물] European Commission, Joint Research Centre (JRC) — EDGAR 「EDGAR GHG_Waste」 기준. Mt CO2eq (GWP-100 AR5). IPCC 2006 코드 4.A, 4.B, 4.C, 4.D, 4.E.","European Commission, Joint Research Centre (JRC) — EDGAR",https://edgar.jrc.ec.europa.eu/dataset_ghg2025,CC-BY-4.0,"A-011_GHG 배출량[에너지, 산업공정, 농업, 폐기물].xlsx",1.1_observation(측정값),191,
A-011,"GHG 배출량[에너지, 산업공정, 농업, 폐기물]",observation,v124-a-011-obs-00464,A-011_emissions_sector_waste,VNM,1993,1993,1993,,,,6.0219504766,Mt CO2eq,,,,,,"[폐자원 기술 (Waste-to-resource)] [폐기물] European Commission, Joint Research Centre (JRC) — EDGAR 「EDGAR GHG_Waste」 기준. Mt CO2eq (GWP-100 AR5). IPCC 2006 코드 4.A, 4.B, 4.C, 4.D, 4.E.","European Commission, Joint Research Centre (JRC) — EDGAR",https://edgar.jrc.ec.europa.eu/dataset_ghg2025,CC-BY-4.0,"A-011_GHG 배출량[에너지, 산업공정, 농업, 폐기물].xlsx",1.1_observation(측정값),192,
A-011,"GHG 배출량[에너지, 산업공정, 농업, 폐기물]",observation,v124-a-011-obs-00465,A-011_emissions_sector_waste,VNM,1994,1994,1994,,,,6.2298108684,Mt CO2eq,,,,,,"[폐자원 기술 (Waste-to-resource)] [폐기물] European Commission, Joint Research Centre (JRC) — EDGAR 「EDGAR GHG_Waste」 기준. Mt CO2eq (GWP-100 AR5). IPCC 2006 코드 4.A, 4.B, 4.C, 4.D, 4.E.","European Commission, Joint Research Centre (JRC) — EDGAR",https://edgar.jrc.ec.europa.eu/dataset_ghg2025,CC-BY-4.0,"A-011_GHG 배출량[에너지, 산업공정, 농업, 폐기물].xlsx",1.1_observation(측정값),193,
A-011,"GHG 배출량[에너지, 산업공정, 농업, 폐기물]",observation,v124-a-011-obs-00466,A-011_emissions_sector_waste,VNM,1995,1995,1995,,,,6.4518638508,Mt CO2eq,,,,,,"[폐자원 기술 (Waste-to-resource)] [폐기물] European Commission, Joint Research Centre (JRC) — EDGAR 「EDGAR GHG_Waste」 기준. Mt CO2eq (GWP-100 AR5). IPCC 2006 코드 4.A, 4.B, 4.C, 4.D, 4.E.","European Commission, Joint Research Centre (JRC) — EDGAR",https://edgar.jrc.ec.europa.eu/dataset_ghg2025,CC-BY-4.0,"A-011_GHG 배출량[에너지, 산업공정, 농업, 폐기물].xlsx",1.1_observation(측정값),194,
A-011,"GHG 배출량[에너지, 산업공정, 농업, 폐기물]",observation,v124-a-011-obs-00467,A-011_emissions_sector_waste,VNM,1996,1996,1996,,,,6.7143277621,Mt CO2eq,,,,,,"[폐자원 기술 (Waste-to-resource)] [폐기물] European Commission, Joint Research Centre (JRC) — EDGAR 「EDGAR GHG_Waste」 기준. Mt CO2eq (GWP-100 AR5). IPCC 2006 코드 4.A, 4.B, 4.C, 4.D, 4.E.","European Commission, Joint Research Centre (JRC) — EDGAR",https://edgar.jrc.ec.europa.eu/dataset_ghg2025,CC-BY-4.0,"A-011_GHG 배출량[에너지, 산업공정, 농업, 폐기물].xlsx",1.1_observation(측정값),195,
A-011,"GHG 배출량[에너지, 산업공정, 농업, 폐기물]",observation,v124-a-011-obs-00468,A-011_emissions_sector_waste,VNM,1997,1997,1997,,,,6.9558963009,Mt CO2eq,,,,,,"[폐자원 기술 (Waste-to-resource)] [폐기물] European Commission, Joint Research Centre (JRC) — EDGAR 「EDGAR GHG_Waste」 기준. Mt CO2eq (GWP-100 AR5). IPCC 2006 코드 4.A, 4.B, 4.C, 4.D, 4.E.","European Commission, Joint Research Centre (JRC) — EDGAR",https://edgar.jrc.ec.europa.eu/dataset_ghg2025,CC-BY-4.0,"A-011_GHG 배출량[에너지, 산업공정, 농업, 폐기물].xlsx",1.1_observation(측정값),196,
A-011,"GHG 배출량[에너지, 산업공정, 농업, 폐기물]",observation,v124-a-011-obs-00469,A-011_emissions_sector_waste,VNM,1998,1998,1998,,,,7.1810767321,Mt CO2eq,,,,,,"[폐자원 기술 (Waste-to-resource)] [폐기물] European Commission, Joint Research Centre (JRC) — EDGAR 「EDGAR GHG_Waste」 기준. Mt CO2eq (GWP-100 AR5). IPCC 2006 코드 4.A, 4.B, 4.C, 4.D, 4.E.","European Commission, Joint Research Centre (JRC) — EDGAR",https://edgar.jrc.ec.europa.eu/dataset_ghg2025,CC-BY-4.0,"A-011_GHG 배출량[에너지, 산업공정, 농업, 폐기물].xlsx",1.1_observation(측정값),197,
A-011,"GHG 배출량[에너지, 산업공정, 농업, 폐기물]",observation,v124-a-011-obs-00470,A-011_emissions_sector_waste,VNM,1999,1999,1999,,,,7.6448038281,Mt CO2eq,,,,,,"[폐자원 기술 (Waste-to-resource)] [폐기물] European Commission, Joint Research Centre (JRC) — EDGAR 「EDGAR GHG_Waste」 기준. Mt CO2eq (GWP-100 AR5). IPCC 2006 코드 4.A, 4.B, 4.C, 4.D, 4.E.","European Commission, Joint Research Centre (JRC) — EDGAR",https://edgar.jrc.ec.europa.eu/dataset_ghg2025,CC-BY-4.0,"A-011_GHG 배출량[에너지, 산업공정, 농업, 폐기물].xlsx",1.1_observation(측정값),198,
A-011,"GHG 배출량[에너지, 산업공정, 농업, 폐기물]",observation,v124-a-011-obs-00471,A-011_emissions_sector_waste,VNM,2000,2000,2000,,,,7.9263547082,Mt CO2eq,,,,,,"[폐자원 기술 (Waste-to-resource)] [폐기물] European Commission, Joint Research Centre (JRC) — EDGAR 「EDGAR GHG_Waste」 기준. Mt CO2eq (GWP-100 AR5). IPCC 2006 코드 4.A, 4.B, 4.C, 4.D, 4.E.","European Commission, Joint Research Centre (JRC) — EDGAR",https://edgar.jrc.ec.europa.eu/dataset_ghg2025,CC-BY-4.0,"A-011_GHG 배출량[에너지, 산업공정, 농업, 폐기물].xlsx",1.1_observation(측정값),199,
A-011,"GHG 배출량[에너지, 산업공정, 농업, 폐기물]",observation,v124-a-011-obs-00472,A-011_emissions_sector_waste,VNM,2001,2001,2001,,,,8.1872600515,Mt CO2eq,,,,,,"[폐자원 기술 (Waste-to-resource)] [폐기물] European Commission, Joint Research Centre (JRC) — EDGAR 「EDGAR GHG_Waste」 기준. Mt CO2eq (GWP-100 AR5). IPCC 2006 코드 4.A, 4.B, 4.C, 4.D, 4.E.","European Commission, Joint Research Centre (JRC) — EDGAR",https://edgar.jrc.ec.europa.eu/dataset_ghg2025,CC-BY-4.0,"A-011_GHG 배출량[에너지, 산업공정, 농업, 폐기물].xlsx",1.1_observation(측정값),200,
A-011,"GHG 배출량[에너지, 산업공정, 농업, 폐기물]",observation,v124-a-011-obs-00473,A-011_emissions_sector_waste,VNM,2002,2002,2002,,,,8.4744688611,Mt CO2eq,,,,,,"[폐자원 기술 (Waste-to-resource)] [폐기물] European Commission, Joint Research Centre (JRC) — EDGAR 「EDGAR GHG_Waste」 기준. Mt CO2eq (GWP-100 AR5). IPCC 2006 코드 4.A, 4.B, 4.C, 4.D, 4.E.","European Commission, Joint Research Centre (JRC) — EDGAR",https://edgar.jrc.ec.europa.eu/dataset_ghg2025,CC-BY-4.0,"A-011_GHG 배출량[에너지, 산업공정, 농업, 폐기물].xlsx",1.1_observation(측정값),201,
A-011,"GHG 배출량[에너지, 산업공정, 농업, 폐기물]",observation,v124-a-011-obs-00474,A-011_emissions_sector_waste,VNM,2003,2003,2003,,,,8.7836707739,Mt CO2eq,,,,,,"[폐자원 기술 (Waste-to-resource)] [폐기물] European Commission, Joint Research Centre (JRC) — EDGAR 「EDGAR GHG_Waste」 기준. Mt CO2eq (GWP-100 AR5). IPCC 2006 코드 4.A, 4.B, 4.C, 4.D, 4.E.","European Commission, Joint Research Centre (JRC) — EDGAR",https://edgar.jrc.ec.europa.eu/dataset_ghg2025,CC-BY-4.0,"A-011_GHG 배출량[에너지, 산업공정, 농업, 폐기물].xlsx",1.1_observation(측정값),202,
A-011,"GHG 배출량[에너지, 산업공정, 농업, 폐기물]",observation,v124-a-011-obs-00475,A-011_emissions_sector_waste,VNM,2004,2004,2004,,,,9.2124229143,Mt CO2eq,,,,,,"[폐자원 기술 (Waste-to-resource)] [폐기물] European Commission, Joint Research Centre (JRC) — EDGAR 「EDGAR GHG_Waste」 기준. Mt CO2eq (GWP-100 AR5). IPCC 2006 코드 4.A, 4.B, 4.C, 4.D, 4.E.","European Commission, Joint Research Centre (JRC) — EDGAR",https://edgar.jrc.ec.europa.eu/dataset_ghg2025,CC-BY-4.0,"A-011_GHG 배출량[에너지, 산업공정, 농업, 폐기물].xlsx",1.1_observation(측정값),203,
A-011,"GHG 배출량[에너지, 산업공정, 농업, 폐기물]",observation,v124-a-011-obs-00476,A-011_emissions_sector_waste,VNM,2005,2005,2005,,,,9.5985118997,Mt CO2eq,,,,,,"[폐자원 기술 (Waste-to-resource)] [폐기물] European Commission, Joint Research Centre (JRC) — EDGAR 「EDGAR GHG_Waste」 기준. Mt CO2eq (GWP-100 AR5). IPCC 2006 코드 4.A, 4.B, 4.C, 4.D, 4.E.","European Commission, Joint Research Centre (JRC) — EDGAR",https://edgar.jrc.ec.europa.eu/dataset_ghg2025,CC-BY-4.0,"A-011_GHG 배출량[에너지, 산업공정, 농업, 폐기물].xlsx",1.1_observation(측정값),204,
A-011,"GHG 배출량[에너지, 산업공정, 농업, 폐기물]",observation,v124-a-011-obs-00477,A-011_emissions_sector_waste,VNM,2006,2006,2006,,,,9.8050893846,Mt CO2eq,,,,,,"[폐자원 기술 (Waste-to-resource)] [폐기물] European Commission, Joint Research Centre (JRC) — EDGAR 「EDGAR GHG_Waste」 기준. Mt CO2eq (GWP-100 AR5). IPCC 2006 코드 4.A, 4.B, 4.C, 4.D, 4.E.","European Commission, Joint Research Centre (JRC) — EDGAR",https://edgar.jrc.ec.europa.eu/dataset_ghg2025,CC-BY-4.0,"A-011_GHG 배출량[에너지, 산업공정, 농업, 폐기물].xlsx",1.1_observation(측정값),205,
A-011,"GHG 배출량[에너지, 산업공정, 농업, 폐기물]",observation,v124-a-011-obs-00478,A-011_emissions_sector_waste,VNM,2007,2007,2007,,,,10.2099571111,Mt CO2eq,,,,,,"[폐자원 기술 (Waste-to-resource)] [폐기물] European Commission, Joint Research Centre (JRC) — EDGAR 「EDGAR GHG_Waste」 기준. Mt CO2eq (GWP-100 AR5). IPCC 2006 코드 4.A, 4.B, 4.C, 4.D, 4.E.","European Commission, Joint Research Centre (JRC) — EDGAR",https://edgar.jrc.ec.europa.eu/dataset_ghg2025,CC-BY-4.0,"A-011_GHG 배출량[에너지, 산업공정, 농업, 폐기물].xlsx",1.1_observation(측정값),206,
A-011,"GHG 배출량[에너지, 산업공정, 농업, 폐기물]",observation,v124-a-011-obs-00479,A-011_emissions_sector_waste,VNM,2008,2008,2008,,,,10.5847161077,Mt CO2eq,,,,,,"[폐자원 기술 (Waste-to-resource)] [폐기물] European Commission, Joint Research Centre (JRC) — EDGAR 「EDGAR GHG_Waste」 기준. Mt CO2eq (GWP-100 AR5). IPCC 2006 코드 4.A, 4.B, 4.C, 4.D, 4.E.","European Commission, Joint Research Centre (JRC) — EDGAR",https://edgar.jrc.ec.europa.eu/dataset_ghg2025,CC-BY-4.0,"A-011_GHG 배출량[에너지, 산업공정, 농업, 폐기물].xlsx",1.1_observation(측정값),207,
A-011,"GHG 배출량[에너지, 산업공정, 농업, 폐기물]",observation,v124-a-011-obs-00480,A-011_emissions_sector_waste,VNM,2009,2009,2009,,,,10.9897172134,Mt CO2eq,,,,,,"[폐자원 기술 (Waste-to-resource)] [폐기물] European Commission, Joint Research Centre (JRC) — EDGAR 「EDGAR GHG_Waste」 기준. Mt CO2eq (GWP-100 AR5). IPCC 2006 코드 4.A, 4.B, 4.C, 4.D, 4.E.","European Commission, Joint Research Centre (JRC) — EDGAR",https://edgar.jrc.ec.europa.eu/dataset_ghg2025,CC-BY-4.0,"A-011_GHG 배출량[에너지, 산업공정, 농업, 폐기물].xlsx",1.1_observation(측정값),208,
A-011,"GHG 배출량[에너지, 산업공정, 농업, 폐기물]",observation,v124-a-011-obs-00481,A-011_emissions_sector_waste,VNM,2010,2010,2010,,,,11.4085729889,Mt CO2eq,,,,,,"[폐자원 기술 (Waste-to-resource)] [폐기물] European Commission, Joint Research Centre (JRC) — EDGAR 「EDGAR GHG_Waste」 기준. Mt CO2eq (GWP-100 AR5). IPCC 2006 코드 4.A, 4.B, 4.C, 4.D, 4.E.","European Commission, Joint Research Centre (JRC) — EDGAR",https://edgar.jrc.ec.europa.eu/dataset_ghg2025,CC-BY-4.0,"A-011_GHG 배출량[에너지, 산업공정, 농업, 폐기물].xlsx",1.1_observation(측정값),209,
A-011,"GHG 배출량[에너지, 산업공정, 농업, 폐기물]",observation,v124-a-011-obs-00482,A-011_emissions_sector_waste,VNM,2011,2011,2011,,,,12.0877873758,Mt CO2eq,,,,,,"[폐자원 기술 (Waste-to-resource)] [폐기물] European Commission, Joint Research Centre (JRC) — EDGAR 「EDGAR GHG_Waste」 기준. Mt CO2eq (GWP-100 AR5). IPCC 2006 코드 4.A, 4.B, 4.C, 4.D, 4.E.","European Commission, Joint Research Centre (JRC) — EDGAR",https://edgar.jrc.ec.europa.eu/dataset_ghg2025,CC-BY-4.0,"A-011_GHG 배출량[에너지, 산업공정, 농업, 폐기물].xlsx",1.1_observation(측정값),210,
A-011,"GHG 배출량[에너지, 산업공정, 농업, 폐기물]",observation,v124-a-011-obs-00483,A-011_emissions_sector_waste,VNM,2012,2012,2012,,,,12.6729065157,Mt CO2eq,,,,,,"[폐자원 기술 (Waste-to-resource)] [폐기물] European Commission, Joint Research Centre (JRC) — EDGAR 「EDGAR GHG_Waste」 기준. Mt CO2eq (GWP-100 AR5). IPCC 2006 코드 4.A, 4.B, 4.C, 4.D, 4.E.","European Commission, Joint Research Centre (JRC) — EDGAR",https://edgar.jrc.ec.europa.eu/dataset_ghg2025,CC-BY-4.0,"A-011_GHG 배출량[에너지, 산업공정, 농업, 폐기물].xlsx",1.1_observation(측정값),211,
A-011,"GHG 배출량[에너지, 산업공정, 농업, 폐기물]",observation,v124-a-011-obs-00484,A-011_emissions_sector_waste,VNM,2013,2013,2013,,,,13.1688468436,Mt CO2eq,,,,,,"[폐자원 기술 (Waste-to-resource)] [폐기물] European Commission, Joint Research Centre (JRC) — EDGAR 「EDGAR GHG_Waste」 기준. Mt CO2eq (GWP-100 AR5). IPCC 2006 코드 4.A, 4.B, 4.C, 4.D, 4.E.","European Commission, Joint Research Centre (JRC) — EDGAR",https://edgar.jrc.ec.europa.eu/dataset_ghg2025,CC-BY-4.0,"A-011_GHG 배출량[에너지, 산업공정, 농업, 폐기물].xlsx",1.1_observation(측정값),212,
A-011,"GHG 배출량[에너지, 산업공정, 농업, 폐기물]",observation,v124-a-011-obs-00485,A-011_emissions_sector_waste,VNM,2014,2014,2014,,,,13.6116986753,Mt CO2eq,,,,,,"[폐자원 기술 (Waste-to-resource)] [폐기물] European Commission, Joint Research Centre (JRC) — EDGAR 「EDGAR GHG_Waste」 기준. Mt CO2eq (GWP-100 AR5). IPCC 2006 코드 4.A, 4.B, 4.C, 4.D, 4.E.","European Commission, Joint Research Centre (JRC) — EDGAR",https://edgar.jrc.ec.europa.eu/dataset_ghg2025,CC-BY-4.0,"A-011_GHG 배출량[에너지, 산업공정, 농업, 폐기물].xlsx",1.1_observation(측정값),213,
A-011,"GHG 배출량[에너지, 산업공정, 농업, 폐기물]",observation,v124-a-011-obs-00486,A-011_emissions_sector_waste,VNM,2015,2015,2015,,,,14.1016654429,Mt CO2eq,,,,,,"[폐자원 기술 (Waste-to-resource)] [폐기물] European Commission, Joint Research Centre (JRC) — EDGAR 「EDGAR GHG_Waste」 기준. Mt CO2eq (GWP-100 AR5). IPCC 2006 코드 4.A, 4.B, 4.C, 4.D, 4.E.","European Commission, Joint Research Centre (JRC) — EDGAR",https://edgar.jrc.ec.europa.eu/dataset_ghg2025,CC-BY-4.0,"A-011_GHG 배출량[에너지, 산업공정, 농업, 폐기물].xlsx",1.1_observation(측정값),214,
A-011,"GHG 배출량[에너지, 산업공정, 농업, 폐기물]",observation,v124-a-011-obs-00487,A-011_emissions_sector_waste,VNM,2016,2016,2016,,,,14.5256813498,Mt CO2eq,,,,,,"[폐자원 기술 (Waste-to-resource)] [폐기물] European Commission, Joint Research Centre (JRC) — EDGAR 「EDGAR GHG_Waste」 기준. Mt CO2eq (GWP-100 AR5). IPCC 2006 코드 4.A, 4.B, 4.C, 4.D, 4.E.","European Commission, Joint Research Centre (JRC) — EDGAR",https://edgar.jrc.ec.europa.eu/dataset_ghg2025,CC-BY-4.0,"A-011_GHG 배출량[에너지, 산업공정, 농업, 폐기물].xlsx",1.1_observation(측정값),215,
A-011,"GHG 배출량[에너지, 산업공정, 농업, 폐기물]",observation,v124-a-011-obs-00488,A-011_emissions_sector_waste,VNM,2017,2017,2017,,,,15.004694932,Mt CO2eq,,,,,,"[폐자원 기술 (Waste-to-resource)] [폐기물] European Commission, Joint Research Centre (JRC) — EDGAR 「EDGAR GHG_Waste」 기준. Mt CO2eq (GWP-100 AR5). IPCC 2006 코드 4.A, 4.B, 4.C, 4.D, 4.E.","European Commission, Joint Research Centre (JRC) — EDGAR",https://edgar.jrc.ec.europa.eu/dataset_ghg2025,CC-BY-4.0,"A-011_GHG 배출량[에너지, 산업공정, 농업, 폐기물].xlsx",1.1_observation(측정값),216,
A-011,"GHG 배출량[에너지, 산업공정, 농업, 폐기물]",observation,v124-a-011-obs-00489,A-011_emissions_sector_waste,VNM,2018,2018,2018,,,,15.4877090874,Mt CO2eq,,,,,,"[폐자원 기술 (Waste-to-resource)] [폐기물] European Commission, Joint Research Centre (JRC) — EDGAR 「EDGAR GHG_Waste」 기준. Mt CO2eq (GWP-100 AR5). IPCC 2006 코드 4.A, 4.B, 4.C, 4.D, 4.E.","European Commission, Joint Research Centre (JRC) — EDGAR",https://edgar.jrc.ec.europa.eu/dataset_ghg2025,CC-BY-4.0,"A-011_GHG 배출량[에너지, 산업공정, 농업, 폐기물].xlsx",1.1_observation(측정값),217,
A-011,"GHG 배출량[에너지, 산업공정, 농업, 폐기물]",observation,v124-a-011-obs-00490,A-011_emissions_sector_waste,VNM,2019,2019,2019,,,,16.1119455092,Mt CO2eq,,,,,,"[폐자원 기술 (Waste-to-resource)] [폐기물] European Commission, Joint Research Centre (JRC) — EDGAR 「EDGAR GHG_Waste」 기준. Mt CO2eq (GWP-100 AR5). IPCC 2006 코드 4.A, 4.B, 4.C, 4.D, 4.E.","European Commission, Joint Research Centre (JRC) — EDGAR",https://edgar.jrc.ec.europa.eu/dataset_ghg2025,CC-BY-4.0,"A-011_GHG 배출량[에너지, 산업공정, 농업, 폐기물].xlsx",1.1_observation(측정값),218,
A-011,"GHG 배출량[에너지, 산업공정, 농업, 폐기물]",observation,v124-a-011-obs-00491,A-011_emissions_sector_waste,VNM,2020,2020,2020,,,,16.7484210733,Mt CO2eq,,,,,,"[폐자원 기술 (Waste-to-resource)] [폐기물] European Commission, Joint Research Centre (JRC) — EDGAR 「EDGAR GHG_Waste」 기준. Mt CO2eq (GWP-100 AR5). IPCC 2006 코드 4.A, 4.B, 4.C, 4.D, 4.E.","European Commission, Joint Research Centre (JRC) — EDGAR",https://edgar.jrc.ec.europa.eu/dataset_ghg2025,CC-BY-4.0,"A-011_GHG 배출량[에너지, 산업공정, 농업, 폐기물].xlsx",1.1_observation(측정값),219,
A-011,"GHG 배출량[에너지, 산업공정, 농업, 폐기물]",observation,v124-a-011-obs-00492,A-011_emissions_sector_waste,VNM,2021,2021,2021,,,,17.3927152075,Mt CO2eq,,,,,,"[폐자원 기술 (Waste-to-resource)] [폐기물] European Commission, Joint Research Centre (JRC) — EDGAR 「EDGAR GHG_Waste」 기준. Mt CO2eq (GWP-100 AR5). IPCC 2006 코드 4.A, 4.B, 4.C, 4.D, 4.E.","European Commission, Joint Research Centre (JRC) — EDGAR",https://edgar.jrc.ec.europa.eu/dataset_ghg2025,CC-BY-4.0,"A-011_GHG 배출량[에너지, 산업공정, 농업, 폐기물].xlsx",1.1_observation(측정값),220,
A-011,"GHG 배출량[에너지, 산업공정, 농업, 폐기물]",observation,v124-a-011-obs-00493,A-011_emissions_sector_waste,VNM,2022,2022,2022,,,,17.9909219615,Mt CO2eq,,,,,,"[폐자원 기술 (Waste-to-resource)] [폐기물] European Commission, Joint Research Centre (JRC) — EDGAR 「EDGAR GHG_Waste」 기준. Mt CO2eq (GWP-100 AR5). IPCC 2006 코드 4.A, 4.B, 4.C, 4.D, 4.E.","European Commission, Joint Research Centre (JRC) — EDGAR",https://edgar.jrc.ec.europa.eu/dataset_ghg2025,CC-BY-4.0,"A-011_GHG 배출량[에너지, 산업공정, 농업, 폐기물].xlsx",1.1_observation(측정값),221,
A-011,"GHG 배출량[에너지, 산업공정, 농업, 폐기물]",observation,v124-a-011-obs-00494,A-011_emissions_sector_waste,VNM,2023,2023,2023,,,,18.5148514429,Mt CO2eq,,,,,,"[폐자원 기술 (Waste-to-resource)] [폐기물] European Commission, Joint Research Centre (JRC) — EDGAR 「EDGAR GHG_Waste」 기준. Mt CO2eq (GWP-100 AR5). IPCC 2006 코드 4.A, 4.B, 4.C, 4.D, 4.E.","European Commission, Joint Research Centre (JRC) — EDGAR",https://edgar.jrc.ec.europa.eu/dataset_ghg2025,CC-BY-4.0,"A-011_GHG 배출량[에너지, 산업공정, 농업, 폐기물].xlsx",1.1_observation(측정값),222,
A-011,"GHG 배출량[에너지, 산업공정, 농업, 폐기물]",observation,v124-a-011-obs-00495,A-011_emissions_sector_waste,VNM,2024,2024,2024,,,,19.0563571607,Mt CO2eq,,,,,,"[폐자원 기술 (Waste-to-resource)] [폐기물] European Commission, Joint Research Centre (JRC) — EDGAR 「EDGAR GHG_Waste」 기준. Mt CO2eq (GWP-100 AR5). IPCC 2006 코드 4.A, 4.B, 4.C, 4.D, 4.E.","European Commission, Joint Research Centre (JRC) — EDGAR",https://edgar.jrc.ec.europa.eu/dataset_ghg2025,CC-BY-4.0,"A-011_GHG 배출량[에너지, 산업공정, 농업, 폐기물].xlsx",1.1_observation(측정값),223,
