element_id,element_label,record_type,record_id,indicator_id,country_iso3,year,period_start,period_end,period,statistic_type,source_year_label,value,unit,name,latitude,longitude,attributes_json,missing_reason_code,note,source_org,source_url,license_code,source_file,source_sheet,source_row,publication_decision_id
B-009,WWF 생물다양성·기후 리스크,observation,v124-b-009-obs-00001,B-009_brf_prov_sph_an_giang,VNM,2026,2026,2026,,,,3.28,점,,,,,,[실적치],WWF Biodiversity Risk Filter (RFS V3.0),https://riskfilter.org/biodiversity/explore/country-profiles,기관 이용약관,B-009.xlsx,1.1_observation(측정값),187,
B-009,WWF 생물다양성·기후 리스크,observation,v124-b-009-obs-00002,B-009_brf_prov_sph_ba_ria_vung_tau,VNM,2026,2026,2026,,,,2.79,점,,,,,,[실적치],WWF Biodiversity Risk Filter (RFS V3.0),https://riskfilter.org/biodiversity/explore/country-profiles,기관 이용약관,B-009.xlsx,1.1_observation(측정값),188,
B-009,WWF 생물다양성·기후 리스크,observation,v124-b-009-obs-00003,B-009_brf_prov_sph_bac_can,VNM,2026,2026,2026,,,,2.73,점,,,,,,[실적치],WWF Biodiversity Risk Filter (RFS V3.0),https://riskfilter.org/biodiversity/explore/country-profiles,기관 이용약관,B-009.xlsx,1.1_observation(측정값),189,
B-009,WWF 생물다양성·기후 리스크,observation,v124-b-009-obs-00004,B-009_brf_prov_sph_bac_giang,VNM,2026,2026,2026,,,,2.91,점,,,,,,[실적치],WWF Biodiversity Risk Filter (RFS V3.0),https://riskfilter.org/biodiversity/explore/country-profiles,기관 이용약관,B-009.xlsx,1.1_observation(측정값),190,
B-009,WWF 생물다양성·기후 리스크,observation,v124-b-009-obs-00005,B-009_brf_prov_sph_bac_lieu,VNM,2026,2026,2026,,,,3.04,점,,,,,,[실적치],WWF Biodiversity Risk Filter (RFS V3.0),https://riskfilter.org/biodiversity/explore/country-profiles,기관 이용약관,B-009.xlsx,1.1_observation(측정값),191,
B-009,WWF 생물다양성·기후 리스크,observation,v124-b-009-obs-00006,B-009_brf_prov_sph_bac_ninh,VNM,2026,2026,2026,,,,3.53,점,,,,,,[실적치],WWF Biodiversity Risk Filter (RFS V3.0),https://riskfilter.org/biodiversity/explore/country-profiles,기관 이용약관,B-009.xlsx,1.1_observation(측정값),192,
B-009,WWF 생물다양성·기후 리스크,observation,v124-b-009-obs-00007,B-009_brf_prov_sph_ben_tre,VNM,2026,2026,2026,,,,3.3,점,,,,,,[실적치],WWF Biodiversity Risk Filter (RFS V3.0),https://riskfilter.org/biodiversity/explore/country-profiles,기관 이용약관,B-009.xlsx,1.1_observation(측정값),193,
B-009,WWF 생물다양성·기후 리스크,observation,v124-b-009-obs-00008,B-009_brf_prov_sph_binh_dinh,VNM,2026,2026,2026,,,,2.76,점,,,,,,[실적치],WWF Biodiversity Risk Filter (RFS V3.0),https://riskfilter.org/biodiversity/explore/country-profiles,기관 이용약관,B-009.xlsx,1.1_observation(측정값),194,
B-009,WWF 생물다양성·기후 리스크,observation,v124-b-009-obs-00009,B-009_brf_prov_sph_binh_duong,VNM,2026,2026,2026,,,,2.89,점,,,,,,[실적치],WWF Biodiversity Risk Filter (RFS V3.0),https://riskfilter.org/biodiversity/explore/country-profiles,기관 이용약관,B-009.xlsx,1.1_observation(측정값),195,
B-009,WWF 생물다양성·기후 리스크,observation,v124-b-009-obs-00010,B-009_brf_prov_sph_binh_phuoc,VNM,2026,2026,2026,,,,2.66,점,,,,,,[실적치],WWF Biodiversity Risk Filter (RFS V3.0),https://riskfilter.org/biodiversity/explore/country-profiles,기관 이용약관,B-009.xlsx,1.1_observation(측정값),196,
B-009,WWF 생물다양성·기후 리스크,observation,v124-b-009-obs-00011,B-009_brf_prov_sph_binh_thuan,VNM,2026,2026,2026,,,,2.66,점,,,,,,[실적치],WWF Biodiversity Risk Filter (RFS V3.0),https://riskfilter.org/biodiversity/explore/country-profiles,기관 이용약관,B-009.xlsx,1.1_observation(측정값),197,
B-009,WWF 생물다양성·기후 리스크,observation,v124-b-009-obs-00012,B-009_brf_prov_sph_ca_mau,VNM,2026,2026,2026,,,,2.67,점,,,,,,[실적치],WWF Biodiversity Risk Filter (RFS V3.0),https://riskfilter.org/biodiversity/explore/country-profiles,기관 이용약관,B-009.xlsx,1.1_observation(측정값),198,
B-009,WWF 생물다양성·기후 리스크,observation,v124-b-009-obs-00013,B-009_brf_prov_sph_can_tho,VNM,2026,2026,2026,,,,3.32,점,,,,,,[실적치],WWF Biodiversity Risk Filter (RFS V3.0),https://riskfilter.org/biodiversity/explore/country-profiles,기관 이용약관,B-009.xlsx,1.1_observation(측정값),199,
B-009,WWF 생물다양성·기후 리스크,observation,v124-b-009-obs-00014,B-009_brf_prov_sph_cao_bang,VNM,2026,2026,2026,,,,2.53,점,,,,,,[실적치],WWF Biodiversity Risk Filter (RFS V3.0),https://riskfilter.org/biodiversity/explore/country-profiles,기관 이용약관,B-009.xlsx,1.1_observation(측정값),200,
B-009,WWF 생물다양성·기후 리스크,observation,v124-b-009-obs-00015,B-009_brf_prov_sph_da_nang,VNM,2026,2026,2026,,,,2.31,점,,,,,,[실적치],WWF Biodiversity Risk Filter (RFS V3.0),https://riskfilter.org/biodiversity/explore/country-profiles,기관 이용약관,B-009.xlsx,1.1_observation(측정값),201,
B-009,WWF 생물다양성·기후 리스크,observation,v124-b-009-obs-00016,B-009_brf_prov_sph_dac_lac,VNM,2026,2026,2026,,,,2.51,점,,,,,,[실적치],WWF Biodiversity Risk Filter (RFS V3.0),https://riskfilter.org/biodiversity/explore/country-profiles,기관 이용약관,B-009.xlsx,1.1_observation(측정값),202,
B-009,WWF 생물다양성·기후 리스크,observation,v124-b-009-obs-00017,B-009_brf_prov_sph_dac_nong,VNM,2026,2026,2026,,,,2.42,점,,,,,,[실적치],WWF Biodiversity Risk Filter (RFS V3.0),https://riskfilter.org/biodiversity/explore/country-profiles,기관 이용약관,B-009.xlsx,1.1_observation(측정값),203,
B-009,WWF 생물다양성·기후 리스크,observation,v124-b-009-obs-00018,B-009_brf_prov_sph_dien_bien,VNM,2026,2026,2026,,,,3.11,점,,,,,,[실적치],WWF Biodiversity Risk Filter (RFS V3.0),https://riskfilter.org/biodiversity/explore/country-profiles,기관 이용약관,B-009.xlsx,1.1_observation(측정값),204,
B-009,WWF 생물다양성·기후 리스크,observation,v124-b-009-obs-00019,B-009_brf_prov_sph_dong_nai,VNM,2026,2026,2026,,,,2.65,점,,,,,,[실적치],WWF Biodiversity Risk Filter (RFS V3.0),https://riskfilter.org/biodiversity/explore/country-profiles,기관 이용약관,B-009.xlsx,1.1_observation(측정값),205,
B-009,WWF 생물다양성·기후 리스크,observation,v124-b-009-obs-00020,B-009_brf_prov_sph_dong_thap,VNM,2026,2026,2026,,,,3.43,점,,,,,,[실적치],WWF Biodiversity Risk Filter (RFS V3.0),https://riskfilter.org/biodiversity/explore/country-profiles,기관 이용약관,B-009.xlsx,1.1_observation(측정값),206,
B-009,WWF 생물다양성·기후 리스크,observation,v124-b-009-obs-00021,B-009_brf_prov_sph_gia_lai,VNM,2026,2026,2026,,,,2.57,점,,,,,,[실적치],WWF Biodiversity Risk Filter (RFS V3.0),https://riskfilter.org/biodiversity/explore/country-profiles,기관 이용약관,B-009.xlsx,1.1_observation(측정값),207,
B-009,WWF 생물다양성·기후 리스크,observation,v124-b-009-obs-00022,B-009_brf_prov_sph_ha_giang,VNM,2026,2026,2026,,,,2.56,점,,,,,,[실적치],WWF Biodiversity Risk Filter (RFS V3.0),https://riskfilter.org/biodiversity/explore/country-profiles,기관 이용약관,B-009.xlsx,1.1_observation(측정값),208,
B-009,WWF 생물다양성·기후 리스크,observation,v124-b-009-obs-00023,B-009_brf_prov_sph_ha_nam,VNM,2026,2026,2026,,,,3.14,점,,,,,,[실적치],WWF Biodiversity Risk Filter (RFS V3.0),https://riskfilter.org/biodiversity/explore/country-profiles,기관 이용약관,B-009.xlsx,1.1_observation(측정값),209,
B-009,WWF 생물다양성·기후 리스크,observation,v124-b-009-obs-00024,B-009_brf_prov_sph_ha_tinh,VNM,2026,2026,2026,,,,2.58,점,,,,,,[실적치],WWF Biodiversity Risk Filter (RFS V3.0),https://riskfilter.org/biodiversity/explore/country-profiles,기관 이용약관,B-009.xlsx,1.1_observation(측정값),210,
B-009,WWF 생물다양성·기후 리스크,observation,v124-b-009-obs-00025,B-009_brf_prov_sph_hai_duong,VNM,2026,2026,2026,,,,3.25,점,,,,,,[실적치],WWF Biodiversity Risk Filter (RFS V3.0),https://riskfilter.org/biodiversity/explore/country-profiles,기관 이용약관,B-009.xlsx,1.1_observation(측정값),211,
B-009,WWF 생물다양성·기후 리스크,observation,v124-b-009-obs-00026,B-009_brf_prov_sph_haiphong,VNM,2026,2026,2026,,,,3.08,점,,,,,,[실적치],WWF Biodiversity Risk Filter (RFS V3.0),https://riskfilter.org/biodiversity/explore/country-profiles,기관 이용약관,B-009.xlsx,1.1_observation(측정값),212,
B-009,WWF 생물다양성·기후 리스크,observation,v124-b-009-obs-00027,B-009_brf_prov_sph_hanoi,VNM,2026,2026,2026,,,,3.11,점,,,,,,[실적치],WWF Biodiversity Risk Filter (RFS V3.0),https://riskfilter.org/biodiversity/explore/country-profiles,기관 이용약관,B-009.xlsx,1.1_observation(측정값),213,
B-009,WWF 생물다양성·기후 리스크,observation,v124-b-009-obs-00028,B-009_brf_prov_sph_hau_giang,VNM,2026,2026,2026,,,,3.16,점,,,,,,[실적치],WWF Biodiversity Risk Filter (RFS V3.0),https://riskfilter.org/biodiversity/explore/country-profiles,기관 이용약관,B-009.xlsx,1.1_observation(측정값),214,
B-009,WWF 생물다양성·기후 리스크,observation,v124-b-009-obs-00029,B-009_brf_prov_sph_ho_chi_minh,VNM,2026,2026,2026,,,,3.13,점,,,,,,[실적치],WWF Biodiversity Risk Filter (RFS V3.0),https://riskfilter.org/biodiversity/explore/country-profiles,기관 이용약관,B-009.xlsx,1.1_observation(측정값),215,
B-009,WWF 생물다양성·기후 리스크,observation,v124-b-009-obs-00030,B-009_brf_prov_sph_hoa_binh,VNM,2026,2026,2026,,,,2.9,점,,,,,,[실적치],WWF Biodiversity Risk Filter (RFS V3.0),https://riskfilter.org/biodiversity/explore/country-profiles,기관 이용약관,B-009.xlsx,1.1_observation(측정값),216,
B-009,WWF 생물다양성·기후 리스크,observation,v124-b-009-obs-00031,B-009_brf_prov_sph_hung_yen,VNM,2026,2026,2026,,,,3.22,점,,,,,,[실적치],WWF Biodiversity Risk Filter (RFS V3.0),https://riskfilter.org/biodiversity/explore/country-profiles,기관 이용약관,B-009.xlsx,1.1_observation(측정값),217,
B-009,WWF 생물다양성·기후 리스크,observation,v124-b-009-obs-00032,B-009_brf_prov_sph_khanh_hoa,VNM,2026,2026,2026,,,,2.47,점,,,,,,[실적치],WWF Biodiversity Risk Filter (RFS V3.0),https://riskfilter.org/biodiversity/explore/country-profiles,기관 이용약관,B-009.xlsx,1.1_observation(측정값),218,
B-009,WWF 생물다양성·기후 리스크,observation,v124-b-009-obs-00033,B-009_brf_prov_sph_kien_giang,VNM,2026,2026,2026,,,,2.94,점,,,,,,[실적치],WWF Biodiversity Risk Filter (RFS V3.0),https://riskfilter.org/biodiversity/explore/country-profiles,기관 이용약관,B-009.xlsx,1.1_observation(측정값),219,
B-009,WWF 생물다양성·기후 리스크,observation,v124-b-009-obs-00034,B-009_brf_prov_sph_kon_tum,VNM,2026,2026,2026,,,,2.45,점,,,,,,[실적치],WWF Biodiversity Risk Filter (RFS V3.0),https://riskfilter.org/biodiversity/explore/country-profiles,기관 이용약관,B-009.xlsx,1.1_observation(측정값),220,
B-009,WWF 생물다양성·기후 리스크,observation,v124-b-009-obs-00035,B-009_brf_prov_sph_lai_chau,VNM,2026,2026,2026,,,,2.79,점,,,,,,[실적치],WWF Biodiversity Risk Filter (RFS V3.0),https://riskfilter.org/biodiversity/explore/country-profiles,기관 이용약관,B-009.xlsx,1.1_observation(측정값),221,
B-009,WWF 생물다양성·기후 리스크,observation,v124-b-009-obs-00036,B-009_brf_prov_sph_lam_dong,VNM,2026,2026,2026,,,,2.44,점,,,,,,[실적치],WWF Biodiversity Risk Filter (RFS V3.0),https://riskfilter.org/biodiversity/explore/country-profiles,기관 이용약관,B-009.xlsx,1.1_observation(측정값),222,
B-009,WWF 생물다양성·기후 리스크,observation,v124-b-009-obs-00037,B-009_brf_prov_sph_lang_son,VNM,2026,2026,2026,,,,2.74,점,,,,,,[실적치],WWF Biodiversity Risk Filter (RFS V3.0),https://riskfilter.org/biodiversity/explore/country-profiles,기관 이용약관,B-009.xlsx,1.1_observation(측정값),223,
B-009,WWF 생물다양성·기후 리스크,observation,v124-b-009-obs-00038,B-009_brf_prov_sph_lao_cai,VNM,2026,2026,2026,,,,2.47,점,,,,,,[실적치],WWF Biodiversity Risk Filter (RFS V3.0),https://riskfilter.org/biodiversity/explore/country-profiles,기관 이용약관,B-009.xlsx,1.1_observation(측정값),224,
B-009,WWF 생물다양성·기후 리스크,observation,v124-b-009-obs-00039,B-009_brf_prov_sph_long_an,VNM,2026,2026,2026,,,,3.37,점,,,,,,[실적치],WWF Biodiversity Risk Filter (RFS V3.0),https://riskfilter.org/biodiversity/explore/country-profiles,기관 이용약관,B-009.xlsx,1.1_observation(측정값),225,
B-009,WWF 생물다양성·기후 리스크,observation,v124-b-009-obs-00040,B-009_brf_prov_sph_nam_dinh,VNM,2026,2026,2026,,,,3.14,점,,,,,,[실적치],WWF Biodiversity Risk Filter (RFS V3.0),https://riskfilter.org/biodiversity/explore/country-profiles,기관 이용약관,B-009.xlsx,1.1_observation(측정값),226,
B-009,WWF 생물다양성·기후 리스크,observation,v124-b-009-obs-00041,B-009_brf_prov_sph_nghe_an,VNM,2026,2026,2026,,,,2.87,점,,,,,,[실적치],WWF Biodiversity Risk Filter (RFS V3.0),https://riskfilter.org/biodiversity/explore/country-profiles,기관 이용약관,B-009.xlsx,1.1_observation(측정값),227,
B-009,WWF 생물다양성·기후 리스크,observation,v124-b-009-obs-00042,B-009_brf_prov_sph_ninh_binh,VNM,2026,2026,2026,,,,3.13,점,,,,,,[실적치],WWF Biodiversity Risk Filter (RFS V3.0),https://riskfilter.org/biodiversity/explore/country-profiles,기관 이용약관,B-009.xlsx,1.1_observation(측정값),228,
B-009,WWF 생물다양성·기후 리스크,observation,v124-b-009-obs-00043,B-009_brf_prov_sph_ninh_thuan,VNM,2026,2026,2026,,,,2.47,점,,,,,,[실적치],WWF Biodiversity Risk Filter (RFS V3.0),https://riskfilter.org/biodiversity/explore/country-profiles,기관 이용약관,B-009.xlsx,1.1_observation(측정값),229,
B-009,WWF 생물다양성·기후 리스크,observation,v124-b-009-obs-00044,B-009_brf_prov_sph_phu_tho,VNM,2026,2026,2026,,,,2.64,점,,,,,,[실적치],WWF Biodiversity Risk Filter (RFS V3.0),https://riskfilter.org/biodiversity/explore/country-profiles,기관 이용약관,B-009.xlsx,1.1_observation(측정값),230,
B-009,WWF 생물다양성·기후 리스크,observation,v124-b-009-obs-00045,B-009_brf_prov_sph_phu_yen,VNM,2026,2026,2026,,,,2.55,점,,,,,,[실적치],WWF Biodiversity Risk Filter (RFS V3.0),https://riskfilter.org/biodiversity/explore/country-profiles,기관 이용약관,B-009.xlsx,1.1_observation(측정값),231,
B-009,WWF 생물다양성·기후 리스크,observation,v124-b-009-obs-00046,B-009_brf_prov_sph_quang_binh,VNM,2026,2026,2026,,,,2.37,점,,,,,,[실적치],WWF Biodiversity Risk Filter (RFS V3.0),https://riskfilter.org/biodiversity/explore/country-profiles,기관 이용약관,B-009.xlsx,1.1_observation(측정값),232,
B-009,WWF 생물다양성·기후 리스크,observation,v124-b-009-obs-00047,B-009_brf_prov_sph_quang_nam,VNM,2026,2026,2026,,,,2.49,점,,,,,,[실적치],WWF Biodiversity Risk Filter (RFS V3.0),https://riskfilter.org/biodiversity/explore/country-profiles,기관 이용약관,B-009.xlsx,1.1_observation(측정값),233,
B-009,WWF 생물다양성·기후 리스크,observation,v124-b-009-obs-00048,B-009_brf_prov_sph_quang_ngai,VNM,2026,2026,2026,,,,2.56,점,,,,,,[실적치],WWF Biodiversity Risk Filter (RFS V3.0),https://riskfilter.org/biodiversity/explore/country-profiles,기관 이용약관,B-009.xlsx,1.1_observation(측정값),234,
B-009,WWF 생물다양성·기후 리스크,observation,v124-b-009-obs-00049,B-009_brf_prov_sph_quang_ninh,VNM,2026,2026,2026,,,,2.95,점,,,,,,[실적치],WWF Biodiversity Risk Filter (RFS V3.0),https://riskfilter.org/biodiversity/explore/country-profiles,기관 이용약관,B-009.xlsx,1.1_observation(측정값),235,
B-009,WWF 생물다양성·기후 리스크,observation,v124-b-009-obs-00050,B-009_brf_prov_sph_quang_tri,VNM,2026,2026,2026,,,,2.44,점,,,,,,[실적치],WWF Biodiversity Risk Filter (RFS V3.0),https://riskfilter.org/biodiversity/explore/country-profiles,기관 이용약관,B-009.xlsx,1.1_observation(측정값),236,
B-009,WWF 생물다양성·기후 리스크,observation,v124-b-009-obs-00051,B-009_brf_prov_sph_soc_trang,VNM,2026,2026,2026,,,,3.14,점,,,,,,[실적치],WWF Biodiversity Risk Filter (RFS V3.0),https://riskfilter.org/biodiversity/explore/country-profiles,기관 이용약관,B-009.xlsx,1.1_observation(측정값),237,
B-009,WWF 생물다양성·기후 리스크,observation,v124-b-009-obs-00052,B-009_brf_prov_sph_son_la,VNM,2026,2026,2026,,,,2.68,점,,,,,,[실적치],WWF Biodiversity Risk Filter (RFS V3.0),https://riskfilter.org/biodiversity/explore/country-profiles,기관 이용약관,B-009.xlsx,1.1_observation(측정값),238,
B-009,WWF 생물다양성·기후 리스크,observation,v124-b-009-obs-00053,B-009_brf_prov_sph_tay_ninh,VNM,2026,2026,2026,,,,3.12,점,,,,,,[실적치],WWF Biodiversity Risk Filter (RFS V3.0),https://riskfilter.org/biodiversity/explore/country-profiles,기관 이용약관,B-009.xlsx,1.1_observation(측정값),239,
B-009,WWF 생물다양성·기후 리스크,observation,v124-b-009-obs-00054,B-009_brf_prov_sph_thai_binh,VNM,2026,2026,2026,,,,3.23,점,,,,,,[실적치],WWF Biodiversity Risk Filter (RFS V3.0),https://riskfilter.org/biodiversity/explore/country-profiles,기관 이용약관,B-009.xlsx,1.1_observation(측정값),240,
B-009,WWF 생물다양성·기후 리스크,observation,v124-b-009-obs-00055,B-009_brf_prov_sph_thai_nguyen,VNM,2026,2026,2026,,,,2.77,점,,,,,,[실적치],WWF Biodiversity Risk Filter (RFS V3.0),https://riskfilter.org/biodiversity/explore/country-profiles,기관 이용약관,B-009.xlsx,1.1_observation(측정값),241,
B-009,WWF 생물다양성·기후 리스크,observation,v124-b-009-obs-00056,B-009_brf_prov_sph_thanh_hoa,VNM,2026,2026,2026,,,,2.9,점,,,,,,[실적치],WWF Biodiversity Risk Filter (RFS V3.0),https://riskfilter.org/biodiversity/explore/country-profiles,기관 이용약관,B-009.xlsx,1.1_observation(측정값),242,
B-009,WWF 생물다양성·기후 리스크,observation,v124-b-009-obs-00057,B-009_brf_prov_sph_thua_thien_hue,VNM,2026,2026,2026,,,,2.36,점,,,,,,[실적치],WWF Biodiversity Risk Filter (RFS V3.0),https://riskfilter.org/biodiversity/explore/country-profiles,기관 이용약관,B-009.xlsx,1.1_observation(측정값),243,
B-009,WWF 생물다양성·기후 리스크,observation,v124-b-009-obs-00058,B-009_brf_prov_sph_tien_giang,VNM,2026,2026,2026,,,,3.37,점,,,,,,[실적치],WWF Biodiversity Risk Filter (RFS V3.0),https://riskfilter.org/biodiversity/explore/country-profiles,기관 이용약관,B-009.xlsx,1.1_observation(측정값),244,
B-009,WWF 생물다양성·기후 리스크,observation,v124-b-009-obs-00059,B-009_brf_prov_sph_tra_vinh,VNM,2026,2026,2026,,,,3.33,점,,,,,,[실적치],WWF Biodiversity Risk Filter (RFS V3.0),https://riskfilter.org/biodiversity/explore/country-profiles,기관 이용약관,B-009.xlsx,1.1_observation(측정값),245,
B-009,WWF 생물다양성·기후 리스크,observation,v124-b-009-obs-00060,B-009_brf_prov_sph_tuyen_quang,VNM,2026,2026,2026,,,,2.76,점,,,,,,[실적치],WWF Biodiversity Risk Filter (RFS V3.0),https://riskfilter.org/biodiversity/explore/country-profiles,기관 이용약관,B-009.xlsx,1.1_observation(측정값),246,
B-009,WWF 생물다양성·기후 리스크,observation,v124-b-009-obs-00061,B-009_brf_prov_sph_vinh_long,VNM,2026,2026,2026,,,,3.37,점,,,,,,[실적치],WWF Biodiversity Risk Filter (RFS V3.0),https://riskfilter.org/biodiversity/explore/country-profiles,기관 이용약관,B-009.xlsx,1.1_observation(측정값),247,
B-009,WWF 생물다양성·기후 리스크,observation,v124-b-009-obs-00062,B-009_brf_prov_sph_vinh_phuc,VNM,2026,2026,2026,,,,3.06,점,,,,,,[실적치],WWF Biodiversity Risk Filter (RFS V3.0),https://riskfilter.org/biodiversity/explore/country-profiles,기관 이용약관,B-009.xlsx,1.1_observation(측정값),248,
B-009,WWF 생물다양성·기후 리스크,observation,v124-b-009-obs-00063,B-009_brf_prov_sph_yen_bai,VNM,2026,2026,2026,,,,2.51,점,,,,,,[실적치],WWF Biodiversity Risk Filter (RFS V3.0),https://riskfilter.org/biodiversity/explore/country-profiles,기관 이용약관,B-009.xlsx,1.1_observation(측정값),249,
B-009,WWF 생물다양성·기후 리스크,observation,v124-b-009-obs-00064,B-009_brf_prov_src1_an_giang,VNM,2026,2026,2026,,,,2.87,점,,,,,,[실적치],WWF Biodiversity Risk Filter (RFS V3.0),https://riskfilter.org/biodiversity/explore/country-profiles,기관 이용약관,B-009.xlsx,1.1_observation(측정값),250,
B-009,WWF 생물다양성·기후 리스크,observation,v124-b-009-obs-00065,B-009_brf_prov_src1_ba_ria_vung_tau,VNM,2026,2026,2026,,,,2.49,점,,,,,,[실적치],WWF Biodiversity Risk Filter (RFS V3.0),https://riskfilter.org/biodiversity/explore/country-profiles,기관 이용약관,B-009.xlsx,1.1_observation(측정값),251,
B-009,WWF 생물다양성·기후 리스크,observation,v124-b-009-obs-00066,B-009_brf_prov_src1_bac_can,VNM,2026,2026,2026,,,,1.48,점,,,,,,[실적치],WWF Biodiversity Risk Filter (RFS V3.0),https://riskfilter.org/biodiversity/explore/country-profiles,기관 이용약관,B-009.xlsx,1.1_observation(측정값),252,
B-009,WWF 생물다양성·기후 리스크,observation,v124-b-009-obs-00067,B-009_brf_prov_src1_bac_giang,VNM,2026,2026,2026,,,,1.85,점,,,,,,[실적치],WWF Biodiversity Risk Filter (RFS V3.0),https://riskfilter.org/biodiversity/explore/country-profiles,기관 이용약관,B-009.xlsx,1.1_observation(측정값),253,
B-009,WWF 생물다양성·기후 리스크,observation,v124-b-009-obs-00068,B-009_brf_prov_src1_bac_lieu,VNM,2026,2026,2026,,,,2.82,점,,,,,,[실적치],WWF Biodiversity Risk Filter (RFS V3.0),https://riskfilter.org/biodiversity/explore/country-profiles,기관 이용약관,B-009.xlsx,1.1_observation(측정값),254,
B-009,WWF 생물다양성·기후 리스크,observation,v124-b-009-obs-00069,B-009_brf_prov_src1_bac_ninh,VNM,2026,2026,2026,,,,3.51,점,,,,,,[실적치],WWF Biodiversity Risk Filter (RFS V3.0),https://riskfilter.org/biodiversity/explore/country-profiles,기관 이용약관,B-009.xlsx,1.1_observation(측정값),255,
B-009,WWF 생물다양성·기후 리스크,observation,v124-b-009-obs-00070,B-009_brf_prov_src1_ben_tre,VNM,2026,2026,2026,,,,3.3,점,,,,,,[실적치],WWF Biodiversity Risk Filter (RFS V3.0),https://riskfilter.org/biodiversity/explore/country-profiles,기관 이용약관,B-009.xlsx,1.1_observation(측정값),256,
B-009,WWF 생물다양성·기후 리스크,observation,v124-b-009-obs-00071,B-009_brf_prov_src1_binh_dinh,VNM,2026,2026,2026,,,,1.94,점,,,,,,[실적치],WWF Biodiversity Risk Filter (RFS V3.0),https://riskfilter.org/biodiversity/explore/country-profiles,기관 이용약관,B-009.xlsx,1.1_observation(측정값),257,
B-009,WWF 생물다양성·기후 리스크,observation,v124-b-009-obs-00072,B-009_brf_prov_src1_binh_duong,VNM,2026,2026,2026,,,,2.41,점,,,,,,[실적치],WWF Biodiversity Risk Filter (RFS V3.0),https://riskfilter.org/biodiversity/explore/country-profiles,기관 이용약관,B-009.xlsx,1.1_observation(측정값),258,
B-009,WWF 생물다양성·기후 리스크,observation,v124-b-009-obs-00073,B-009_brf_prov_src1_binh_phuoc,VNM,2026,2026,2026,,,,2.27,점,,,,,,[실적치],WWF Biodiversity Risk Filter (RFS V3.0),https://riskfilter.org/biodiversity/explore/country-profiles,기관 이용약관,B-009.xlsx,1.1_observation(측정값),259,
B-009,WWF 생물다양성·기후 리스크,observation,v124-b-009-obs-00074,B-009_brf_prov_src1_binh_thuan,VNM,2026,2026,2026,,,,2.22,점,,,,,,[실적치],WWF Biodiversity Risk Filter (RFS V3.0),https://riskfilter.org/biodiversity/explore/country-profiles,기관 이용약관,B-009.xlsx,1.1_observation(측정값),260,
B-009,WWF 생물다양성·기후 리스크,observation,v124-b-009-obs-00075,B-009_brf_prov_src1_ca_mau,VNM,2026,2026,2026,,,,2.68,점,,,,,,[실적치],WWF Biodiversity Risk Filter (RFS V3.0),https://riskfilter.org/biodiversity/explore/country-profiles,기관 이용약관,B-009.xlsx,1.1_observation(측정값),261,
B-009,WWF 생물다양성·기후 리스크,observation,v124-b-009-obs-00076,B-009_brf_prov_src1_can_tho,VNM,2026,2026,2026,,,,2.87,점,,,,,,[실적치],WWF Biodiversity Risk Filter (RFS V3.0),https://riskfilter.org/biodiversity/explore/country-profiles,기관 이용약관,B-009.xlsx,1.1_observation(측정값),262,
B-009,WWF 생물다양성·기후 리스크,observation,v124-b-009-obs-00077,B-009_brf_prov_src1_cao_bang,VNM,2026,2026,2026,,,,1.45,점,,,,,,[실적치],WWF Biodiversity Risk Filter (RFS V3.0),https://riskfilter.org/biodiversity/explore/country-profiles,기관 이용약관,B-009.xlsx,1.1_observation(측정값),263,
B-009,WWF 생물다양성·기후 리스크,observation,v124-b-009-obs-00078,B-009_brf_prov_src1_da_nang,VNM,2026,2026,2026,,,,1.23,점,,,,,,[실적치],WWF Biodiversity Risk Filter (RFS V3.0),https://riskfilter.org/biodiversity/explore/country-profiles,기관 이용약관,B-009.xlsx,1.1_observation(측정값),264,
B-009,WWF 생물다양성·기후 리스크,observation,v124-b-009-obs-00079,B-009_brf_prov_src1_dac_lac,VNM,2026,2026,2026,,,,1.91,점,,,,,,[실적치],WWF Biodiversity Risk Filter (RFS V3.0),https://riskfilter.org/biodiversity/explore/country-profiles,기관 이용약관,B-009.xlsx,1.1_observation(측정값),265,
B-009,WWF 생물다양성·기후 리스크,observation,v124-b-009-obs-00080,B-009_brf_prov_src1_dac_nong,VNM,2026,2026,2026,,,,1.9,점,,,,,,[실적치],WWF Biodiversity Risk Filter (RFS V3.0),https://riskfilter.org/biodiversity/explore/country-profiles,기관 이용약관,B-009.xlsx,1.1_observation(측정값),266,
B-009,WWF 생물다양성·기후 리스크,observation,v124-b-009-obs-00081,B-009_brf_prov_src1_dien_bien,VNM,2026,2026,2026,,,,2.81,점,,,,,,[실적치],WWF Biodiversity Risk Filter (RFS V3.0),https://riskfilter.org/biodiversity/explore/country-profiles,기관 이용약관,B-009.xlsx,1.1_observation(측정값),267,
B-009,WWF 생물다양성·기후 리스크,observation,v124-b-009-obs-00082,B-009_brf_prov_src1_dong_nai,VNM,2026,2026,2026,,,,2.43,점,,,,,,[실적치],WWF Biodiversity Risk Filter (RFS V3.0),https://riskfilter.org/biodiversity/explore/country-profiles,기관 이용약관,B-009.xlsx,1.1_observation(측정값),268,
B-009,WWF 생물다양성·기후 리스크,observation,v124-b-009-obs-00083,B-009_brf_prov_src1_dong_thap,VNM,2026,2026,2026,,,,3.5,점,,,,,,[실적치],WWF Biodiversity Risk Filter (RFS V3.0),https://riskfilter.org/biodiversity/explore/country-profiles,기관 이용약관,B-009.xlsx,1.1_observation(측정값),269,
B-009,WWF 생물다양성·기후 리스크,observation,v124-b-009-obs-00084,B-009_brf_prov_src1_gia_lai,VNM,2026,2026,2026,,,,1.75,점,,,,,,[실적치],WWF Biodiversity Risk Filter (RFS V3.0),https://riskfilter.org/biodiversity/explore/country-profiles,기관 이용약관,B-009.xlsx,1.1_observation(측정값),270,
B-009,WWF 생물다양성·기후 리스크,observation,v124-b-009-obs-00085,B-009_brf_prov_src1_ha_giang,VNM,2026,2026,2026,,,,1.66,점,,,,,,[실적치],WWF Biodiversity Risk Filter (RFS V3.0),https://riskfilter.org/biodiversity/explore/country-profiles,기관 이용약관,B-009.xlsx,1.1_observation(측정값),271,
B-009,WWF 생물다양성·기후 리스크,observation,v124-b-009-obs-00086,B-009_brf_prov_src1_ha_nam,VNM,2026,2026,2026,,,,1.93,점,,,,,,[실적치],WWF Biodiversity Risk Filter (RFS V3.0),https://riskfilter.org/biodiversity/explore/country-profiles,기관 이용약관,B-009.xlsx,1.1_observation(측정값),272,
B-009,WWF 생물다양성·기후 리스크,observation,v124-b-009-obs-00087,B-009_brf_prov_src1_ha_tinh,VNM,2026,2026,2026,,,,1.76,점,,,,,,[실적치],WWF Biodiversity Risk Filter (RFS V3.0),https://riskfilter.org/biodiversity/explore/country-profiles,기관 이용약관,B-009.xlsx,1.1_observation(측정값),273,
B-009,WWF 생물다양성·기후 리스크,observation,v124-b-009-obs-00088,B-009_brf_prov_src1_hai_duong,VNM,2026,2026,2026,,,,3.18,점,,,,,,[실적치],WWF Biodiversity Risk Filter (RFS V3.0),https://riskfilter.org/biodiversity/explore/country-profiles,기관 이용약관,B-009.xlsx,1.1_observation(측정값),274,
B-009,WWF 생물다양성·기후 리스크,observation,v124-b-009-obs-00089,B-009_brf_prov_src1_haiphong,VNM,2026,2026,2026,,,,2.54,점,,,,,,[실적치],WWF Biodiversity Risk Filter (RFS V3.0),https://riskfilter.org/biodiversity/explore/country-profiles,기관 이용약관,B-009.xlsx,1.1_observation(측정값),275,
B-009,WWF 생물다양성·기후 리스크,observation,v124-b-009-obs-00090,B-009_brf_prov_src1_hanoi,VNM,2026,2026,2026,,,,2,점,,,,,,[실적치],WWF Biodiversity Risk Filter (RFS V3.0),https://riskfilter.org/biodiversity/explore/country-profiles,기관 이용약관,B-009.xlsx,1.1_observation(측정값),276,
B-009,WWF 생물다양성·기후 리스크,observation,v124-b-009-obs-00091,B-009_brf_prov_src1_hau_giang,VNM,2026,2026,2026,,,,2.77,점,,,,,,[실적치],WWF Biodiversity Risk Filter (RFS V3.0),https://riskfilter.org/biodiversity/explore/country-profiles,기관 이용약관,B-009.xlsx,1.1_observation(측정값),277,
B-009,WWF 생물다양성·기후 리스크,observation,v124-b-009-obs-00092,B-009_brf_prov_src1_ho_chi_minh,VNM,2026,2026,2026,,,,2.7,점,,,,,,[실적치],WWF Biodiversity Risk Filter (RFS V3.0),https://riskfilter.org/biodiversity/explore/country-profiles,기관 이용약관,B-009.xlsx,1.1_observation(측정값),278,
B-009,WWF 생물다양성·기후 리스크,observation,v124-b-009-obs-00093,B-009_brf_prov_src1_hoa_binh,VNM,2026,2026,2026,,,,1.66,점,,,,,,[실적치],WWF Biodiversity Risk Filter (RFS V3.0),https://riskfilter.org/biodiversity/explore/country-profiles,기관 이용약관,B-009.xlsx,1.1_observation(측정값),279,
B-009,WWF 생물다양성·기후 리스크,observation,v124-b-009-obs-00094,B-009_brf_prov_src1_hung_yen,VNM,2026,2026,2026,,,,2.88,점,,,,,,[실적치],WWF Biodiversity Risk Filter (RFS V3.0),https://riskfilter.org/biodiversity/explore/country-profiles,기관 이용약관,B-009.xlsx,1.1_observation(측정값),280,
B-009,WWF 생물다양성·기후 리스크,observation,v124-b-009-obs-00095,B-009_brf_prov_src1_khanh_hoa,VNM,2026,2026,2026,,,,1.84,점,,,,,,[실적치],WWF Biodiversity Risk Filter (RFS V3.0),https://riskfilter.org/biodiversity/explore/country-profiles,기관 이용약관,B-009.xlsx,1.1_observation(측정값),281,
B-009,WWF 생물다양성·기후 리스크,observation,v124-b-009-obs-00096,B-009_brf_prov_src1_kien_giang,VNM,2026,2026,2026,,,,2.72,점,,,,,,[실적치],WWF Biodiversity Risk Filter (RFS V3.0),https://riskfilter.org/biodiversity/explore/country-profiles,기관 이용약관,B-009.xlsx,1.1_observation(측정값),282,
B-009,WWF 생물다양성·기후 리스크,observation,v124-b-009-obs-00097,B-009_brf_prov_src1_kon_tum,VNM,2026,2026,2026,,,,1.44,점,,,,,,[실적치],WWF Biodiversity Risk Filter (RFS V3.0),https://riskfilter.org/biodiversity/explore/country-profiles,기관 이용약관,B-009.xlsx,1.1_observation(측정값),283,
B-009,WWF 생물다양성·기후 리스크,observation,v124-b-009-obs-00098,B-009_brf_prov_src1_lai_chau,VNM,2026,2026,2026,,,,2.47,점,,,,,,[실적치],WWF Biodiversity Risk Filter (RFS V3.0),https://riskfilter.org/biodiversity/explore/country-profiles,기관 이용약관,B-009.xlsx,1.1_observation(측정값),284,
B-009,WWF 생물다양성·기후 리스크,observation,v124-b-009-obs-00099,B-009_brf_prov_src1_lam_dong,VNM,2026,2026,2026,,,,1.9,점,,,,,,[실적치],WWF Biodiversity Risk Filter (RFS V3.0),https://riskfilter.org/biodiversity/explore/country-profiles,기관 이용약관,B-009.xlsx,1.1_observation(측정값),285,
B-009,WWF 생물다양성·기후 리스크,observation,v124-b-009-obs-00100,B-009_brf_prov_src1_lang_son,VNM,2026,2026,2026,,,,1.55,점,,,,,,[실적치],WWF Biodiversity Risk Filter (RFS V3.0),https://riskfilter.org/biodiversity/explore/country-profiles,기관 이용약관,B-009.xlsx,1.1_observation(측정값),286,
B-009,WWF 생물다양성·기후 리스크,observation,v124-b-009-obs-00101,B-009_brf_prov_src1_lao_cai,VNM,2026,2026,2026,,,,1.63,점,,,,,,[실적치],WWF Biodiversity Risk Filter (RFS V3.0),https://riskfilter.org/biodiversity/explore/country-profiles,기관 이용약관,B-009.xlsx,1.1_observation(측정값),287,
B-009,WWF 생물다양성·기후 리스크,observation,v124-b-009-obs-00102,B-009_brf_prov_src1_long_an,VNM,2026,2026,2026,,,,4.11,점,,,,,,[실적치],WWF Biodiversity Risk Filter (RFS V3.0),https://riskfilter.org/biodiversity/explore/country-profiles,기관 이용약관,B-009.xlsx,1.1_observation(측정값),288,
B-009,WWF 생물다양성·기후 리스크,observation,v124-b-009-obs-00103,B-009_brf_prov_src1_nam_dinh,VNM,2026,2026,2026,,,,1.94,점,,,,,,[실적치],WWF Biodiversity Risk Filter (RFS V3.0),https://riskfilter.org/biodiversity/explore/country-profiles,기관 이용약관,B-009.xlsx,1.1_observation(측정값),289,
B-009,WWF 생물다양성·기후 리스크,observation,v124-b-009-obs-00104,B-009_brf_prov_src1_nghe_an,VNM,2026,2026,2026,,,,1.99,점,,,,,,[실적치],WWF Biodiversity Risk Filter (RFS V3.0),https://riskfilter.org/biodiversity/explore/country-profiles,기관 이용약관,B-009.xlsx,1.1_observation(측정값),290,
B-009,WWF 생물다양성·기후 리스크,observation,v124-b-009-obs-00105,B-009_brf_prov_src1_ninh_binh,VNM,2026,2026,2026,,,,1.94,점,,,,,,[실적치],WWF Biodiversity Risk Filter (RFS V3.0),https://riskfilter.org/biodiversity/explore/country-profiles,기관 이용약관,B-009.xlsx,1.1_observation(측정값),291,
B-009,WWF 생물다양성·기후 리스크,observation,v124-b-009-obs-00106,B-009_brf_prov_src1_ninh_thuan,VNM,2026,2026,2026,,,,1.83,점,,,,,,[실적치],WWF Biodiversity Risk Filter (RFS V3.0),https://riskfilter.org/biodiversity/explore/country-profiles,기관 이용약관,B-009.xlsx,1.1_observation(측정값),292,
B-009,WWF 생물다양성·기후 리스크,observation,v124-b-009-obs-00107,B-009_brf_prov_src1_phu_tho,VNM,2026,2026,2026,,,,1.25,점,,,,,,[실적치],WWF Biodiversity Risk Filter (RFS V3.0),https://riskfilter.org/biodiversity/explore/country-profiles,기관 이용약관,B-009.xlsx,1.1_observation(측정값),293,
B-009,WWF 생물다양성·기후 리스크,observation,v124-b-009-obs-00108,B-009_brf_prov_src1_phu_yen,VNM,2026,2026,2026,,,,1.82,점,,,,,,[실적치],WWF Biodiversity Risk Filter (RFS V3.0),https://riskfilter.org/biodiversity/explore/country-profiles,기관 이용약관,B-009.xlsx,1.1_observation(측정값),294,
B-009,WWF 생물다양성·기후 리스크,observation,v124-b-009-obs-00109,B-009_brf_prov_src1_quang_binh,VNM,2026,2026,2026,,,,1.31,점,,,,,,[실적치],WWF Biodiversity Risk Filter (RFS V3.0),https://riskfilter.org/biodiversity/explore/country-profiles,기관 이용약관,B-009.xlsx,1.1_observation(측정값),295,
B-009,WWF 생물다양성·기후 리스크,observation,v124-b-009-obs-00110,B-009_brf_prov_src1_quang_nam,VNM,2026,2026,2026,,,,1.3,점,,,,,,[실적치],WWF Biodiversity Risk Filter (RFS V3.0),https://riskfilter.org/biodiversity/explore/country-profiles,기관 이용약관,B-009.xlsx,1.1_observation(측정값),296,
B-009,WWF 생물다양성·기후 리스크,observation,v124-b-009-obs-00111,B-009_brf_prov_src1_quang_ngai,VNM,2026,2026,2026,,,,1.58,점,,,,,,[실적치],WWF Biodiversity Risk Filter (RFS V3.0),https://riskfilter.org/biodiversity/explore/country-profiles,기관 이용약관,B-009.xlsx,1.1_observation(측정값),297,
B-009,WWF 생물다양성·기후 리스크,observation,v124-b-009-obs-00112,B-009_brf_prov_src1_quang_ninh,VNM,2026,2026,2026,,,,1.78,점,,,,,,[실적치],WWF Biodiversity Risk Filter (RFS V3.0),https://riskfilter.org/biodiversity/explore/country-profiles,기관 이용약관,B-009.xlsx,1.1_observation(측정값),298,
B-009,WWF 생물다양성·기후 리스크,observation,v124-b-009-obs-00113,B-009_brf_prov_src1_quang_tri,VNM,2026,2026,2026,,,,1.22,점,,,,,,[실적치],WWF Biodiversity Risk Filter (RFS V3.0),https://riskfilter.org/biodiversity/explore/country-profiles,기관 이용약관,B-009.xlsx,1.1_observation(측정값),299,
B-009,WWF 생물다양성·기후 리스크,observation,v124-b-009-obs-00114,B-009_brf_prov_src1_soc_trang,VNM,2026,2026,2026,,,,2.81,점,,,,,,[실적치],WWF Biodiversity Risk Filter (RFS V3.0),https://riskfilter.org/biodiversity/explore/country-profiles,기관 이용약관,B-009.xlsx,1.1_observation(측정값),300,
B-009,WWF 생물다양성·기후 리스크,observation,v124-b-009-obs-00115,B-009_brf_prov_src1_son_la,VNM,2026,2026,2026,,,,1.62,점,,,,,,[실적치],WWF Biodiversity Risk Filter (RFS V3.0),https://riskfilter.org/biodiversity/explore/country-profiles,기관 이용약관,B-009.xlsx,1.1_observation(측정값),301,
B-009,WWF 생물다양성·기후 리스크,observation,v124-b-009-obs-00116,B-009_brf_prov_src1_tay_ninh,VNM,2026,2026,2026,,,,3.51,점,,,,,,[실적치],WWF Biodiversity Risk Filter (RFS V3.0),https://riskfilter.org/biodiversity/explore/country-profiles,기관 이용약관,B-009.xlsx,1.1_observation(측정값),302,
B-009,WWF 생물다양성·기후 리스크,observation,v124-b-009-obs-00117,B-009_brf_prov_src1_thai_binh,VNM,2026,2026,2026,,,,3.03,점,,,,,,[실적치],WWF Biodiversity Risk Filter (RFS V3.0),https://riskfilter.org/biodiversity/explore/country-profiles,기관 이용약관,B-009.xlsx,1.1_observation(측정값),303,
B-009,WWF 생물다양성·기후 리스크,observation,v124-b-009-obs-00118,B-009_brf_prov_src1_thai_nguyen,VNM,2026,2026,2026,,,,1.75,점,,,,,,[실적치],WWF Biodiversity Risk Filter (RFS V3.0),https://riskfilter.org/biodiversity/explore/country-profiles,기관 이용약관,B-009.xlsx,1.1_observation(측정값),304,
B-009,WWF 생물다양성·기후 리스크,observation,v124-b-009-obs-00119,B-009_brf_prov_src1_thanh_hoa,VNM,2026,2026,2026,,,,2.11,점,,,,,,[실적치],WWF Biodiversity Risk Filter (RFS V3.0),https://riskfilter.org/biodiversity/explore/country-profiles,기관 이용약관,B-009.xlsx,1.1_observation(측정값),305,
B-009,WWF 생물다양성·기후 리스크,observation,v124-b-009-obs-00120,B-009_brf_prov_src1_thua_thien_hue,VNM,2026,2026,2026,,,,1.25,점,,,,,,[실적치],WWF Biodiversity Risk Filter (RFS V3.0),https://riskfilter.org/biodiversity/explore/country-profiles,기관 이용약관,B-009.xlsx,1.1_observation(측정값),306,
B-009,WWF 생물다양성·기후 리스크,observation,v124-b-009-obs-00121,B-009_brf_prov_src1_tien_giang,VNM,2026,2026,2026,,,,3.73,점,,,,,,[실적치],WWF Biodiversity Risk Filter (RFS V3.0),https://riskfilter.org/biodiversity/explore/country-profiles,기관 이용약관,B-009.xlsx,1.1_observation(측정값),307,
B-009,WWF 생물다양성·기후 리스크,observation,v124-b-009-obs-00122,B-009_brf_prov_src1_tra_vinh,VNM,2026,2026,2026,,,,3.25,점,,,,,,[실적치],WWF Biodiversity Risk Filter (RFS V3.0),https://riskfilter.org/biodiversity/explore/country-profiles,기관 이용약관,B-009.xlsx,1.1_observation(측정값),308,
B-009,WWF 생물다양성·기후 리스크,observation,v124-b-009-obs-00123,B-009_brf_prov_src1_tuyen_quang,VNM,2026,2026,2026,,,,1.48,점,,,,,,[실적치],WWF Biodiversity Risk Filter (RFS V3.0),https://riskfilter.org/biodiversity/explore/country-profiles,기관 이용약관,B-009.xlsx,1.1_observation(측정값),309,
B-009,WWF 생물다양성·기후 리스크,observation,v124-b-009-obs-00124,B-009_brf_prov_src1_vinh_long,VNM,2026,2026,2026,,,,3.19,점,,,,,,[실적치],WWF Biodiversity Risk Filter (RFS V3.0),https://riskfilter.org/biodiversity/explore/country-profiles,기관 이용약관,B-009.xlsx,1.1_observation(측정값),310,
B-009,WWF 생물다양성·기후 리스크,observation,v124-b-009-obs-00125,B-009_brf_prov_src1_vinh_phuc,VNM,2026,2026,2026,,,,1.91,점,,,,,,[실적치],WWF Biodiversity Risk Filter (RFS V3.0),https://riskfilter.org/biodiversity/explore/country-profiles,기관 이용약관,B-009.xlsx,1.1_observation(측정값),311,
B-009,WWF 생물다양성·기후 리스크,observation,v124-b-009-obs-00126,B-009_brf_prov_src1_yen_bai,VNM,2026,2026,2026,,,,1.24,점,,,,,,[실적치],WWF Biodiversity Risk Filter (RFS V3.0),https://riskfilter.org/biodiversity/explore/country-profiles,기관 이용약관,B-009.xlsx,1.1_observation(측정값),312,
B-009,WWF 생물다양성·기후 리스크,observation,v124-b-009-obs-00127,B-009_brf_prov_src2_an_giang,VNM,2026,2026,2026,,,,3.98,점,,,,,,[실적치],WWF Biodiversity Risk Filter (RFS V3.0),https://riskfilter.org/biodiversity/explore/country-profiles,기관 이용약관,B-009.xlsx,1.1_observation(측정값),313,
B-009,WWF 생물다양성·기후 리스크,observation,v124-b-009-obs-00128,B-009_brf_prov_src2_ba_ria_vung_tau,VNM,2026,2026,2026,,,,3.51,점,,,,,,[실적치],WWF Biodiversity Risk Filter (RFS V3.0),https://riskfilter.org/biodiversity/explore/country-profiles,기관 이용약관,B-009.xlsx,1.1_observation(측정값),314,
B-009,WWF 생물다양성·기후 리스크,observation,v124-b-009-obs-00129,B-009_brf_prov_src2_bac_can,VNM,2026,2026,2026,,,,3.88,점,,,,,,[실적치],WWF Biodiversity Risk Filter (RFS V3.0),https://riskfilter.org/biodiversity/explore/country-profiles,기관 이용약관,B-009.xlsx,1.1_observation(측정값),315,
B-009,WWF 생물다양성·기후 리스크,observation,v124-b-009-obs-00130,B-009_brf_prov_src2_bac_giang,VNM,2026,2026,2026,,,,4.28,점,,,,,,[실적치],WWF Biodiversity Risk Filter (RFS V3.0),https://riskfilter.org/biodiversity/explore/country-profiles,기관 이용약관,B-009.xlsx,1.1_observation(측정값),316,
B-009,WWF 생물다양성·기후 리스크,observation,v124-b-009-obs-00131,B-009_brf_prov_src2_bac_lieu,VNM,2026,2026,2026,,,,3.64,점,,,,,,[실적치],WWF Biodiversity Risk Filter (RFS V3.0),https://riskfilter.org/biodiversity/explore/country-profiles,기관 이용약관,B-009.xlsx,1.1_observation(측정값),317,
B-009,WWF 생물다양성·기후 리스크,observation,v124-b-009-obs-00132,B-009_brf_prov_src2_bac_ninh,VNM,2026,2026,2026,,,,4.89,점,,,,,,[실적치],WWF Biodiversity Risk Filter (RFS V3.0),https://riskfilter.org/biodiversity/explore/country-profiles,기관 이용약관,B-009.xlsx,1.1_observation(측정값),318,
B-009,WWF 생물다양성·기후 리스크,observation,v124-b-009-obs-00133,B-009_brf_prov_src2_ben_tre,VNM,2026,2026,2026,,,,3.78,점,,,,,,[실적치],WWF Biodiversity Risk Filter (RFS V3.0),https://riskfilter.org/biodiversity/explore/country-profiles,기관 이용약관,B-009.xlsx,1.1_observation(측정값),319,
B-009,WWF 생물다양성·기후 리스크,observation,v124-b-009-obs-00134,B-009_brf_prov_src2_binh_dinh,VNM,2026,2026,2026,,,,3.01,점,,,,,,[실적치],WWF Biodiversity Risk Filter (RFS V3.0),https://riskfilter.org/biodiversity/explore/country-profiles,기관 이용약관,B-009.xlsx,1.1_observation(측정값),320,
B-009,WWF 생물다양성·기후 리스크,observation,v124-b-009-obs-00135,B-009_brf_prov_src2_binh_duong,VNM,2026,2026,2026,,,,4.21,점,,,,,,[실적치],WWF Biodiversity Risk Filter (RFS V3.0),https://riskfilter.org/biodiversity/explore/country-profiles,기관 이용약관,B-009.xlsx,1.1_observation(측정값),321,
B-009,WWF 생물다양성·기후 리스크,observation,v124-b-009-obs-00136,B-009_brf_prov_src2_binh_phuoc,VNM,2026,2026,2026,,,,3.49,점,,,,,,[실적치],WWF Biodiversity Risk Filter (RFS V3.0),https://riskfilter.org/biodiversity/explore/country-profiles,기관 이용약관,B-009.xlsx,1.1_observation(측정값),322,
B-009,WWF 생물다양성·기후 리스크,observation,v124-b-009-obs-00137,B-009_brf_prov_src2_binh_thuan,VNM,2026,2026,2026,,,,3.26,점,,,,,,[실적치],WWF Biodiversity Risk Filter (RFS V3.0),https://riskfilter.org/biodiversity/explore/country-profiles,기관 이용약관,B-009.xlsx,1.1_observation(측정값),323,
B-009,WWF 생물다양성·기후 리스크,observation,v124-b-009-obs-00138,B-009_brf_prov_src2_ca_mau,VNM,2026,2026,2026,,,,3.03,점,,,,,,[실적치],WWF Biodiversity Risk Filter (RFS V3.0),https://riskfilter.org/biodiversity/explore/country-profiles,기관 이용약관,B-009.xlsx,1.1_observation(측정값),324,
B-009,WWF 생물다양성·기후 리스크,observation,v124-b-009-obs-00139,B-009_brf_prov_src2_can_tho,VNM,2026,2026,2026,,,,4.28,점,,,,,,[실적치],WWF Biodiversity Risk Filter (RFS V3.0),https://riskfilter.org/biodiversity/explore/country-profiles,기관 이용약관,B-009.xlsx,1.1_observation(측정값),325,
B-009,WWF 생물다양성·기후 리스크,observation,v124-b-009-obs-00140,B-009_brf_prov_src2_cao_bang,VNM,2026,2026,2026,,,,3.61,점,,,,,,[실적치],WWF Biodiversity Risk Filter (RFS V3.0),https://riskfilter.org/biodiversity/explore/country-profiles,기관 이용약관,B-009.xlsx,1.1_observation(측정값),326,
B-009,WWF 생물다양성·기후 리스크,observation,v124-b-009-obs-00141,B-009_brf_prov_src2_da_nang,VNM,2026,2026,2026,,,,3,점,,,,,,[실적치],WWF Biodiversity Risk Filter (RFS V3.0),https://riskfilter.org/biodiversity/explore/country-profiles,기관 이용약관,B-009.xlsx,1.1_observation(측정값),327,
B-009,WWF 생물다양성·기후 리스크,observation,v124-b-009-obs-00142,B-009_brf_prov_src2_dac_lac,VNM,2026,2026,2026,,,,3.06,점,,,,,,[실적치],WWF Biodiversity Risk Filter (RFS V3.0),https://riskfilter.org/biodiversity/explore/country-profiles,기관 이용약관,B-009.xlsx,1.1_observation(측정값),328,
B-009,WWF 생물다양성·기후 리스크,observation,v124-b-009-obs-00143,B-009_brf_prov_src2_dac_nong,VNM,2026,2026,2026,,,,3.04,점,,,,,,[실적치],WWF Biodiversity Risk Filter (RFS V3.0),https://riskfilter.org/biodiversity/explore/country-profiles,기관 이용약관,B-009.xlsx,1.1_observation(측정값),329,
B-009,WWF 생물다양성·기후 리스크,observation,v124-b-009-obs-00144,B-009_brf_prov_src2_dien_bien,VNM,2026,2026,2026,,,,3.08,점,,,,,,[실적치],WWF Biodiversity Risk Filter (RFS V3.0),https://riskfilter.org/biodiversity/explore/country-profiles,기관 이용약관,B-009.xlsx,1.1_observation(측정값),330,
B-009,WWF 생물다양성·기후 리스크,observation,v124-b-009-obs-00145,B-009_brf_prov_src2_dong_nai,VNM,2026,2026,2026,,,,3.25,점,,,,,,[실적치],WWF Biodiversity Risk Filter (RFS V3.0),https://riskfilter.org/biodiversity/explore/country-profiles,기관 이용약관,B-009.xlsx,1.1_observation(측정값),331,
B-009,WWF 생물다양성·기후 리스크,observation,v124-b-009-obs-00146,B-009_brf_prov_src2_dong_thap,VNM,2026,2026,2026,,,,3.98,점,,,,,,[실적치],WWF Biodiversity Risk Filter (RFS V3.0),https://riskfilter.org/biodiversity/explore/country-profiles,기관 이용약관,B-009.xlsx,1.1_observation(측정값),332,
B-009,WWF 생물다양성·기후 리스크,observation,v124-b-009-obs-00147,B-009_brf_prov_src2_gia_lai,VNM,2026,2026,2026,,,,3.02,점,,,,,,[실적치],WWF Biodiversity Risk Filter (RFS V3.0),https://riskfilter.org/biodiversity/explore/country-profiles,기관 이용약관,B-009.xlsx,1.1_observation(측정값),333,
B-009,WWF 생물다양성·기후 리스크,observation,v124-b-009-obs-00148,B-009_brf_prov_src2_ha_giang,VNM,2026,2026,2026,,,,3.5,점,,,,,,[실적치],WWF Biodiversity Risk Filter (RFS V3.0),https://riskfilter.org/biodiversity/explore/country-profiles,기관 이용약관,B-009.xlsx,1.1_observation(측정값),334,
B-009,WWF 생물다양성·기후 리스크,observation,v124-b-009-obs-00149,B-009_brf_prov_src2_ha_nam,VNM,2026,2026,2026,,,,5,점,,,,,,[실적치],WWF Biodiversity Risk Filter (RFS V3.0),https://riskfilter.org/biodiversity/explore/country-profiles,기관 이용약관,B-009.xlsx,1.1_observation(측정값),335,
B-009,WWF 생물다양성·기후 리스크,observation,v124-b-009-obs-00150,B-009_brf_prov_src2_ha_tinh,VNM,2026,2026,2026,,,,3.56,점,,,,,,[실적치],WWF Biodiversity Risk Filter (RFS V3.0),https://riskfilter.org/biodiversity/explore/country-profiles,기관 이용약관,B-009.xlsx,1.1_observation(측정값),336,
B-009,WWF 생물다양성·기후 리스크,observation,v124-b-009-obs-00151,B-009_brf_prov_src2_hai_duong,VNM,2026,2026,2026,,,,4.08,점,,,,,,[실적치],WWF Biodiversity Risk Filter (RFS V3.0),https://riskfilter.org/biodiversity/explore/country-profiles,기관 이용약관,B-009.xlsx,1.1_observation(측정값),337,
B-009,WWF 생물다양성·기후 리스크,observation,v124-b-009-obs-00152,B-009_brf_prov_src2_haiphong,VNM,2026,2026,2026,,,,3.89,점,,,,,,[실적치],WWF Biodiversity Risk Filter (RFS V3.0),https://riskfilter.org/biodiversity/explore/country-profiles,기관 이용약관,B-009.xlsx,1.1_observation(측정값),338,
B-009,WWF 생물다양성·기후 리스크,observation,v124-b-009-obs-00153,B-009_brf_prov_src2_hanoi,VNM,2026,2026,2026,,,,4.95,점,,,,,,[실적치],WWF Biodiversity Risk Filter (RFS V3.0),https://riskfilter.org/biodiversity/explore/country-profiles,기관 이용약관,B-009.xlsx,1.1_observation(측정값),339,
B-009,WWF 생물다양성·기후 리스크,observation,v124-b-009-obs-00154,B-009_brf_prov_src2_hau_giang,VNM,2026,2026,2026,,,,3.79,점,,,,,,[실적치],WWF Biodiversity Risk Filter (RFS V3.0),https://riskfilter.org/biodiversity/explore/country-profiles,기관 이용약관,B-009.xlsx,1.1_observation(측정값),340,
B-009,WWF 생물다양성·기후 리스크,observation,v124-b-009-obs-00155,B-009_brf_prov_src2_ho_chi_minh,VNM,2026,2026,2026,,,,4.75,점,,,,,,[실적치],WWF Biodiversity Risk Filter (RFS V3.0),https://riskfilter.org/biodiversity/explore/country-profiles,기관 이용약관,B-009.xlsx,1.1_observation(측정값),341,
B-009,WWF 생물다양성·기후 리스크,observation,v124-b-009-obs-00156,B-009_brf_prov_src2_hoa_binh,VNM,2026,2026,2026,,,,4.56,점,,,,,,[실적치],WWF Biodiversity Risk Filter (RFS V3.0),https://riskfilter.org/biodiversity/explore/country-profiles,기관 이용약관,B-009.xlsx,1.1_observation(측정값),342,
B-009,WWF 생물다양성·기후 리스크,observation,v124-b-009-obs-00157,B-009_brf_prov_src2_hung_yen,VNM,2026,2026,2026,,,,4.36,점,,,,,,[실적치],WWF Biodiversity Risk Filter (RFS V3.0),https://riskfilter.org/biodiversity/explore/country-profiles,기관 이용약관,B-009.xlsx,1.1_observation(측정값),343,
B-009,WWF 생물다양성·기후 리스크,observation,v124-b-009-obs-00158,B-009_brf_prov_src2_khanh_hoa,VNM,2026,2026,2026,,,,3.04,점,,,,,,[실적치],WWF Biodiversity Risk Filter (RFS V3.0),https://riskfilter.org/biodiversity/explore/country-profiles,기관 이용약관,B-009.xlsx,1.1_observation(측정값),344,
B-009,WWF 생물다양성·기후 리스크,observation,v124-b-009-obs-00159,B-009_brf_prov_src2_kien_giang,VNM,2026,2026,2026,,,,3.36,점,,,,,,[실적치],WWF Biodiversity Risk Filter (RFS V3.0),https://riskfilter.org/biodiversity/explore/country-profiles,기관 이용약관,B-009.xlsx,1.1_observation(측정값),345,
B-009,WWF 생물다양성·기후 리스크,observation,v124-b-009-obs-00160,B-009_brf_prov_src2_kon_tum,VNM,2026,2026,2026,,,,2.95,점,,,,,,[실적치],WWF Biodiversity Risk Filter (RFS V3.0),https://riskfilter.org/biodiversity/explore/country-profiles,기관 이용약관,B-009.xlsx,1.1_observation(측정값),346,
B-009,WWF 생물다양성·기후 리스크,observation,v124-b-009-obs-00161,B-009_brf_prov_src2_lai_chau,VNM,2026,2026,2026,,,,3.1,점,,,,,,[실적치],WWF Biodiversity Risk Filter (RFS V3.0),https://riskfilter.org/biodiversity/explore/country-profiles,기관 이용약관,B-009.xlsx,1.1_observation(측정값),347,
B-009,WWF 생물다양성·기후 리스크,observation,v124-b-009-obs-00162,B-009_brf_prov_src2_lam_dong,VNM,2026,2026,2026,,,,3.01,점,,,,,,[실적치],WWF Biodiversity Risk Filter (RFS V3.0),https://riskfilter.org/biodiversity/explore/country-profiles,기관 이용약관,B-009.xlsx,1.1_observation(측정값),348,
B-009,WWF 생물다양성·기후 리스크,observation,v124-b-009-obs-00163,B-009_brf_prov_src2_lang_son,VNM,2026,2026,2026,,,,4.05,점,,,,,,[실적치],WWF Biodiversity Risk Filter (RFS V3.0),https://riskfilter.org/biodiversity/explore/country-profiles,기관 이용약관,B-009.xlsx,1.1_observation(측정값),349,
B-009,WWF 생물다양성·기후 리스크,observation,v124-b-009-obs-00164,B-009_brf_prov_src2_lao_cai,VNM,2026,2026,2026,,,,3.6,점,,,,,,[실적치],WWF Biodiversity Risk Filter (RFS V3.0),https://riskfilter.org/biodiversity/explore/country-profiles,기관 이용약관,B-009.xlsx,1.1_observation(측정값),350,
B-009,WWF 생물다양성·기후 리스크,observation,v124-b-009-obs-00165,B-009_brf_prov_src2_long_an,VNM,2026,2026,2026,,,,3.58,점,,,,,,[실적치],WWF Biodiversity Risk Filter (RFS V3.0),https://riskfilter.org/biodiversity/explore/country-profiles,기관 이용약관,B-009.xlsx,1.1_observation(측정값),351,
B-009,WWF 생물다양성·기후 리스크,observation,v124-b-009-obs-00166,B-009_brf_prov_src2_nam_dinh,VNM,2026,2026,2026,,,,5,점,,,,,,[실적치],WWF Biodiversity Risk Filter (RFS V3.0),https://riskfilter.org/biodiversity/explore/country-profiles,기관 이용약관,B-009.xlsx,1.1_observation(측정값),352,
B-009,WWF 생물다양성·기후 리스크,observation,v124-b-009-obs-00167,B-009_brf_prov_src2_nghe_an,VNM,2026,2026,2026,,,,3.14,점,,,,,,[실적치],WWF Biodiversity Risk Filter (RFS V3.0),https://riskfilter.org/biodiversity/explore/country-profiles,기관 이용약관,B-009.xlsx,1.1_observation(측정값),353,
B-009,WWF 생물다양성·기후 리스크,observation,v124-b-009-obs-00168,B-009_brf_prov_src2_ninh_binh,VNM,2026,2026,2026,,,,5,점,,,,,,[실적치],WWF Biodiversity Risk Filter (RFS V3.0),https://riskfilter.org/biodiversity/explore/country-profiles,기관 이용약관,B-009.xlsx,1.1_observation(측정값),354,
B-009,WWF 생물다양성·기후 리스크,observation,v124-b-009-obs-00169,B-009_brf_prov_src2_ninh_thuan,VNM,2026,2026,2026,,,,3.04,점,,,,,,[실적치],WWF Biodiversity Risk Filter (RFS V3.0),https://riskfilter.org/biodiversity/explore/country-profiles,기관 이용약관,B-009.xlsx,1.1_observation(측정값),355,
B-009,WWF 생물다양성·기후 리스크,observation,v124-b-009-obs-00170,B-009_brf_prov_src2_phu_tho,VNM,2026,2026,2026,,,,4.34,점,,,,,,[실적치],WWF Biodiversity Risk Filter (RFS V3.0),https://riskfilter.org/biodiversity/explore/country-profiles,기관 이용약관,B-009.xlsx,1.1_observation(측정값),356,
B-009,WWF 생물다양성·기후 리스크,observation,v124-b-009-obs-00171,B-009_brf_prov_src2_phu_yen,VNM,2026,2026,2026,,,,3.29,점,,,,,,[실적치],WWF Biodiversity Risk Filter (RFS V3.0),https://riskfilter.org/biodiversity/explore/country-profiles,기관 이용약관,B-009.xlsx,1.1_observation(측정값),357,
B-009,WWF 생물다양성·기후 리스크,observation,v124-b-009-obs-00172,B-009_brf_prov_src2_quang_binh,VNM,2026,2026,2026,,,,3.16,점,,,,,,[실적치],WWF Biodiversity Risk Filter (RFS V3.0),https://riskfilter.org/biodiversity/explore/country-profiles,기관 이용약관,B-009.xlsx,1.1_observation(측정값),358,
B-009,WWF 생물다양성·기후 리스크,observation,v124-b-009-obs-00173,B-009_brf_prov_src2_quang_nam,VNM,2026,2026,2026,,,,3.09,점,,,,,,[실적치],WWF Biodiversity Risk Filter (RFS V3.0),https://riskfilter.org/biodiversity/explore/country-profiles,기관 이용약관,B-009.xlsx,1.1_observation(측정값),359,
B-009,WWF 생물다양성·기후 리스크,observation,v124-b-009-obs-00174,B-009_brf_prov_src2_quang_ngai,VNM,2026,2026,2026,,,,2.81,점,,,,,,[실적치],WWF Biodiversity Risk Filter (RFS V3.0),https://riskfilter.org/biodiversity/explore/country-profiles,기관 이용약관,B-009.xlsx,1.1_observation(측정값),360,
B-009,WWF 생물다양성·기후 리스크,observation,v124-b-009-obs-00175,B-009_brf_prov_src2_quang_ninh,VNM,2026,2026,2026,,,,3.97,점,,,,,,[실적치],WWF Biodiversity Risk Filter (RFS V3.0),https://riskfilter.org/biodiversity/explore/country-profiles,기관 이용약관,B-009.xlsx,1.1_observation(측정값),361,
B-009,WWF 생물다양성·기후 리스크,observation,v124-b-009-obs-00176,B-009_brf_prov_src2_quang_tri,VNM,2026,2026,2026,,,,3.37,점,,,,,,[실적치],WWF Biodiversity Risk Filter (RFS V3.0),https://riskfilter.org/biodiversity/explore/country-profiles,기관 이용약관,B-009.xlsx,1.1_observation(측정값),362,
B-009,WWF 생물다양성·기후 리스크,observation,v124-b-009-obs-00177,B-009_brf_prov_src2_soc_trang,VNM,2026,2026,2026,,,,3.78,점,,,,,,[실적치],WWF Biodiversity Risk Filter (RFS V3.0),https://riskfilter.org/biodiversity/explore/country-profiles,기관 이용약관,B-009.xlsx,1.1_observation(측정값),363,
B-009,WWF 생물다양성·기후 리스크,observation,v124-b-009-obs-00178,B-009_brf_prov_src2_son_la,VNM,2026,2026,2026,,,,3.44,점,,,,,,[실적치],WWF Biodiversity Risk Filter (RFS V3.0),https://riskfilter.org/biodiversity/explore/country-profiles,기관 이용약관,B-009.xlsx,1.1_observation(측정값),364,
B-009,WWF 생물다양성·기후 리스크,observation,v124-b-009-obs-00179,B-009_brf_prov_src2_tay_ninh,VNM,2026,2026,2026,,,,3.92,점,,,,,,[실적치],WWF Biodiversity Risk Filter (RFS V3.0),https://riskfilter.org/biodiversity/explore/country-profiles,기관 이용약관,B-009.xlsx,1.1_observation(측정값),365,
B-009,WWF 생물다양성·기후 리스크,observation,v124-b-009-obs-00180,B-009_brf_prov_src2_thai_binh,VNM,2026,2026,2026,,,,4.26,점,,,,,,[실적치],WWF Biodiversity Risk Filter (RFS V3.0),https://riskfilter.org/biodiversity/explore/country-profiles,기관 이용약관,B-009.xlsx,1.1_observation(측정값),366,
B-009,WWF 생물다양성·기후 리스크,observation,v124-b-009-obs-00181,B-009_brf_prov_src2_thai_nguyen,VNM,2026,2026,2026,,,,4.28,점,,,,,,[실적치],WWF Biodiversity Risk Filter (RFS V3.0),https://riskfilter.org/biodiversity/explore/country-profiles,기관 이용약관,B-009.xlsx,1.1_observation(측정값),367,
B-009,WWF 생물다양성·기후 리스크,observation,v124-b-009-obs-00182,B-009_brf_prov_src2_thanh_hoa,VNM,2026,2026,2026,,,,3.55,점,,,,,,[실적치],WWF Biodiversity Risk Filter (RFS V3.0),https://riskfilter.org/biodiversity/explore/country-profiles,기관 이용약관,B-009.xlsx,1.1_observation(측정값),368,
B-009,WWF 생물다양성·기후 리스크,observation,v124-b-009-obs-00183,B-009_brf_prov_src2_thua_thien_hue,VNM,2026,2026,2026,,,,3.09,점,,,,,,[실적치],WWF Biodiversity Risk Filter (RFS V3.0),https://riskfilter.org/biodiversity/explore/country-profiles,기관 이용약관,B-009.xlsx,1.1_observation(측정값),369,
B-009,WWF 생물다양성·기후 리스크,observation,v124-b-009-obs-00184,B-009_brf_prov_src2_tien_giang,VNM,2026,2026,2026,,,,3.65,점,,,,,,[실적치],WWF Biodiversity Risk Filter (RFS V3.0),https://riskfilter.org/biodiversity/explore/country-profiles,기관 이용약관,B-009.xlsx,1.1_observation(측정값),370,
B-009,WWF 생물다양성·기후 리스크,observation,v124-b-009-obs-00185,B-009_brf_prov_src2_tra_vinh,VNM,2026,2026,2026,,,,3.96,점,,,,,,[실적치],WWF Biodiversity Risk Filter (RFS V3.0),https://riskfilter.org/biodiversity/explore/country-profiles,기관 이용약관,B-009.xlsx,1.1_observation(측정값),371,
B-009,WWF 생물다양성·기후 리스크,observation,v124-b-009-obs-00186,B-009_brf_prov_src2_tuyen_quang,VNM,2026,2026,2026,,,,4.15,점,,,,,,[실적치],WWF Biodiversity Risk Filter (RFS V3.0),https://riskfilter.org/biodiversity/explore/country-profiles,기관 이용약관,B-009.xlsx,1.1_observation(측정값),372,
B-009,WWF 생물다양성·기후 리스크,observation,v124-b-009-obs-00187,B-009_brf_prov_src2_vinh_long,VNM,2026,2026,2026,,,,4.15,점,,,,,,[실적치],WWF Biodiversity Risk Filter (RFS V3.0),https://riskfilter.org/biodiversity/explore/country-profiles,기관 이용약관,B-009.xlsx,1.1_observation(측정값),373,
B-009,WWF 생물다양성·기후 리스크,observation,v124-b-009-obs-00188,B-009_brf_prov_src2_vinh_phuc,VNM,2026,2026,2026,,,,5,점,,,,,,[실적치],WWF Biodiversity Risk Filter (RFS V3.0),https://riskfilter.org/biodiversity/explore/country-profiles,기관 이용약관,B-009.xlsx,1.1_observation(측정값),374,
B-009,WWF 생물다양성·기후 리스크,observation,v124-b-009-obs-00189,B-009_brf_prov_src2_yen_bai,VNM,2026,2026,2026,,,,4,점,,,,,,[실적치],WWF Biodiversity Risk Filter (RFS V3.0),https://riskfilter.org/biodiversity/explore/country-profiles,기관 이용약관,B-009.xlsx,1.1_observation(측정값),375,
B-009,WWF 생물다양성·기후 리스크,observation,v124-b-009-obs-00190,B-009_brf_prov_src3_an_giang,VNM,2026,2026,2026,,,,4.32,점,,,,,,[실적치],WWF Biodiversity Risk Filter (RFS V3.0),https://riskfilter.org/biodiversity/explore/country-profiles,기관 이용약관,B-009.xlsx,1.1_observation(측정값),376,
B-009,WWF 생물다양성·기후 리스크,observation,v124-b-009-obs-00191,B-009_brf_prov_src3_ba_ria_vung_tau,VNM,2026,2026,2026,,,,4.12,점,,,,,,[실적치],WWF Biodiversity Risk Filter (RFS V3.0),https://riskfilter.org/biodiversity/explore/country-profiles,기관 이용약관,B-009.xlsx,1.1_observation(측정값),377,
B-009,WWF 생물다양성·기후 리스크,observation,v124-b-009-obs-00192,B-009_brf_prov_src3_bac_can,VNM,2026,2026,2026,,,,4.23,점,,,,,,[실적치],WWF Biodiversity Risk Filter (RFS V3.0),https://riskfilter.org/biodiversity/explore/country-profiles,기관 이용약관,B-009.xlsx,1.1_observation(측정값),378,
B-009,WWF 생물다양성·기후 리스크,observation,v124-b-009-obs-00193,B-009_brf_prov_src3_bac_giang,VNM,2026,2026,2026,,,,4.51,점,,,,,,[실적치],WWF Biodiversity Risk Filter (RFS V3.0),https://riskfilter.org/biodiversity/explore/country-profiles,기관 이용약관,B-009.xlsx,1.1_observation(측정값),379,
B-009,WWF 생물다양성·기후 리스크,observation,v124-b-009-obs-00194,B-009_brf_prov_src3_bac_lieu,VNM,2026,2026,2026,,,,3.85,점,,,,,,[실적치],WWF Biodiversity Risk Filter (RFS V3.0),https://riskfilter.org/biodiversity/explore/country-profiles,기관 이용약관,B-009.xlsx,1.1_observation(측정값),380,
B-009,WWF 생물다양성·기후 리스크,observation,v124-b-009-obs-00195,B-009_brf_prov_src3_bac_ninh,VNM,2026,2026,2026,,,,4.73,점,,,,,,[실적치],WWF Biodiversity Risk Filter (RFS V3.0),https://riskfilter.org/biodiversity/explore/country-profiles,기관 이용약관,B-009.xlsx,1.1_observation(측정값),381,
B-009,WWF 생물다양성·기후 리스크,observation,v124-b-009-obs-00196,B-009_brf_prov_src3_ben_tre,VNM,2026,2026,2026,,,,4.12,점,,,,,,[실적치],WWF Biodiversity Risk Filter (RFS V3.0),https://riskfilter.org/biodiversity/explore/country-profiles,기관 이용약관,B-009.xlsx,1.1_observation(측정값),382,
B-009,WWF 생물다양성·기후 리스크,observation,v124-b-009-obs-00197,B-009_brf_prov_src3_binh_dinh,VNM,2026,2026,2026,,,,4.26,점,,,,,,[실적치],WWF Biodiversity Risk Filter (RFS V3.0),https://riskfilter.org/biodiversity/explore/country-profiles,기관 이용약관,B-009.xlsx,1.1_observation(측정값),383,
B-009,WWF 생물다양성·기후 리스크,observation,v124-b-009-obs-00198,B-009_brf_prov_src3_binh_duong,VNM,2026,2026,2026,,,,3.93,점,,,,,,[실적치],WWF Biodiversity Risk Filter (RFS V3.0),https://riskfilter.org/biodiversity/explore/country-profiles,기관 이용약관,B-009.xlsx,1.1_observation(측정값),384,
B-009,WWF 생물다양성·기후 리스크,observation,v124-b-009-obs-00199,B-009_brf_prov_src3_binh_phuoc,VNM,2026,2026,2026,,,,3.82,점,,,,,,[실적치],WWF Biodiversity Risk Filter (RFS V3.0),https://riskfilter.org/biodiversity/explore/country-profiles,기관 이용약관,B-009.xlsx,1.1_observation(측정값),385,
B-009,WWF 생물다양성·기후 리스크,observation,v124-b-009-obs-00200,B-009_brf_prov_src3_binh_thuan,VNM,2026,2026,2026,,,,4.17,점,,,,,,[실적치],WWF Biodiversity Risk Filter (RFS V3.0),https://riskfilter.org/biodiversity/explore/country-profiles,기관 이용약관,B-009.xlsx,1.1_observation(측정값),386,
B-009,WWF 생물다양성·기후 리스크,observation,v124-b-009-obs-00201,B-009_brf_prov_src3_ca_mau,VNM,2026,2026,2026,,,,3.14,점,,,,,,[실적치],WWF Biodiversity Risk Filter (RFS V3.0),https://riskfilter.org/biodiversity/explore/country-profiles,기관 이용약관,B-009.xlsx,1.1_observation(측정값),387,
B-009,WWF 생물다양성·기후 리스크,observation,v124-b-009-obs-00202,B-009_brf_prov_src3_can_tho,VNM,2026,2026,2026,,,,4.12,점,,,,,,[실적치],WWF Biodiversity Risk Filter (RFS V3.0),https://riskfilter.org/biodiversity/explore/country-profiles,기관 이용약관,B-009.xlsx,1.1_observation(측정값),388,
B-009,WWF 생물다양성·기후 리스크,observation,v124-b-009-obs-00203,B-009_brf_prov_src3_cao_bang,VNM,2026,2026,2026,,,,3.92,점,,,,,,[실적치],WWF Biodiversity Risk Filter (RFS V3.0),https://riskfilter.org/biodiversity/explore/country-profiles,기관 이용약관,B-009.xlsx,1.1_observation(측정값),389,
B-009,WWF 생물다양성·기후 리스크,observation,v124-b-009-obs-00204,B-009_brf_prov_src3_da_nang,VNM,2026,2026,2026,,,,4,점,,,,,,[실적치],WWF Biodiversity Risk Filter (RFS V3.0),https://riskfilter.org/biodiversity/explore/country-profiles,기관 이용약관,B-009.xlsx,1.1_observation(측정값),390,
B-009,WWF 생물다양성·기후 리스크,observation,v124-b-009-obs-00205,B-009_brf_prov_src3_dac_lac,VNM,2026,2026,2026,,,,3.7,점,,,,,,[실적치],WWF Biodiversity Risk Filter (RFS V3.0),https://riskfilter.org/biodiversity/explore/country-profiles,기관 이용약관,B-009.xlsx,1.1_observation(측정값),391,
B-009,WWF 생물다양성·기후 리스크,observation,v124-b-009-obs-00206,B-009_brf_prov_src3_dac_nong,VNM,2026,2026,2026,,,,3.75,점,,,,,,[실적치],WWF Biodiversity Risk Filter (RFS V3.0),https://riskfilter.org/biodiversity/explore/country-profiles,기관 이용약관,B-009.xlsx,1.1_observation(측정값),392,
B-009,WWF 생물다양성·기후 리스크,observation,v124-b-009-obs-00207,B-009_brf_prov_src3_dien_bien,VNM,2026,2026,2026,,,,4.59,점,,,,,,[실적치],WWF Biodiversity Risk Filter (RFS V3.0),https://riskfilter.org/biodiversity/explore/country-profiles,기관 이용약관,B-009.xlsx,1.1_observation(측정값),393,
B-009,WWF 생물다양성·기후 리스크,observation,v124-b-009-obs-00208,B-009_brf_prov_src3_dong_nai,VNM,2026,2026,2026,,,,3.9,점,,,,,,[실적치],WWF Biodiversity Risk Filter (RFS V3.0),https://riskfilter.org/biodiversity/explore/country-profiles,기관 이용약관,B-009.xlsx,1.1_observation(측정값),394,
B-009,WWF 생물다양성·기후 리스크,observation,v124-b-009-obs-00209,B-009_brf_prov_src3_dong_thap,VNM,2026,2026,2026,,,,4.22,점,,,,,,[실적치],WWF Biodiversity Risk Filter (RFS V3.0),https://riskfilter.org/biodiversity/explore/country-profiles,기관 이용약관,B-009.xlsx,1.1_observation(측정값),395,
B-009,WWF 생물다양성·기후 리스크,observation,v124-b-009-obs-00210,B-009_brf_prov_src3_gia_lai,VNM,2026,2026,2026,,,,3.71,점,,,,,,[실적치],WWF Biodiversity Risk Filter (RFS V3.0),https://riskfilter.org/biodiversity/explore/country-profiles,기관 이용약관,B-009.xlsx,1.1_observation(측정값),396,
B-009,WWF 생물다양성·기후 리스크,observation,v124-b-009-obs-00211,B-009_brf_prov_src3_ha_giang,VNM,2026,2026,2026,,,,3.77,점,,,,,,[실적치],WWF Biodiversity Risk Filter (RFS V3.0),https://riskfilter.org/biodiversity/explore/country-profiles,기관 이용약관,B-009.xlsx,1.1_observation(측정값),397,
B-009,WWF 생물다양성·기후 리스크,observation,v124-b-009-obs-00212,B-009_brf_prov_src3_ha_nam,VNM,2026,2026,2026,,,,4.62,점,,,,,,[실적치],WWF Biodiversity Risk Filter (RFS V3.0),https://riskfilter.org/biodiversity/explore/country-profiles,기관 이용약관,B-009.xlsx,1.1_observation(측정값),398,
B-009,WWF 생물다양성·기후 리스크,observation,v124-b-009-obs-00213,B-009_brf_prov_src3_ha_tinh,VNM,2026,2026,2026,,,,3.99,점,,,,,,[실적치],WWF Biodiversity Risk Filter (RFS V3.0),https://riskfilter.org/biodiversity/explore/country-profiles,기관 이용약관,B-009.xlsx,1.1_observation(측정값),399,
B-009,WWF 생물다양성·기후 리스크,observation,v124-b-009-obs-00214,B-009_brf_prov_src3_hai_duong,VNM,2026,2026,2026,,,,4.73,점,,,,,,[실적치],WWF Biodiversity Risk Filter (RFS V3.0),https://riskfilter.org/biodiversity/explore/country-profiles,기관 이용약관,B-009.xlsx,1.1_observation(측정값),400,
B-009,WWF 생물다양성·기후 리스크,observation,v124-b-009-obs-00215,B-009_brf_prov_src3_haiphong,VNM,2026,2026,2026,,,,4.87,점,,,,,,[실적치],WWF Biodiversity Risk Filter (RFS V3.0),https://riskfilter.org/biodiversity/explore/country-profiles,기관 이용약관,B-009.xlsx,1.1_observation(측정값),401,
B-009,WWF 생물다양성·기후 리스크,observation,v124-b-009-obs-00216,B-009_brf_prov_src3_hanoi,VNM,2026,2026,2026,,,,4.5,점,,,,,,[실적치],WWF Biodiversity Risk Filter (RFS V3.0),https://riskfilter.org/biodiversity/explore/country-profiles,기관 이용약관,B-009.xlsx,1.1_observation(측정값),402,
B-009,WWF 생물다양성·기후 리스크,observation,v124-b-009-obs-00217,B-009_brf_prov_src3_hau_giang,VNM,2026,2026,2026,,,,4.09,점,,,,,,[실적치],WWF Biodiversity Risk Filter (RFS V3.0),https://riskfilter.org/biodiversity/explore/country-profiles,기관 이용약관,B-009.xlsx,1.1_observation(측정값),403,
B-009,WWF 생물다양성·기후 리스크,observation,v124-b-009-obs-00218,B-009_brf_prov_src3_ho_chi_minh,VNM,2026,2026,2026,,,,4.06,점,,,,,,[실적치],WWF Biodiversity Risk Filter (RFS V3.0),https://riskfilter.org/biodiversity/explore/country-profiles,기관 이용약관,B-009.xlsx,1.1_observation(측정값),404,
B-009,WWF 생물다양성·기후 리스크,observation,v124-b-009-obs-00219,B-009_brf_prov_src3_hoa_binh,VNM,2026,2026,2026,,,,4.26,점,,,,,,[실적치],WWF Biodiversity Risk Filter (RFS V3.0),https://riskfilter.org/biodiversity/explore/country-profiles,기관 이용약관,B-009.xlsx,1.1_observation(측정값),405,
B-009,WWF 생물다양성·기후 리스크,observation,v124-b-009-obs-00220,B-009_brf_prov_src3_hung_yen,VNM,2026,2026,2026,,,,4.62,점,,,,,,[실적치],WWF Biodiversity Risk Filter (RFS V3.0),https://riskfilter.org/biodiversity/explore/country-profiles,기관 이용약관,B-009.xlsx,1.1_observation(측정값),406,
B-009,WWF 생물다양성·기후 리스크,observation,v124-b-009-obs-00221,B-009_brf_prov_src3_khanh_hoa,VNM,2026,2026,2026,,,,4,점,,,,,,[실적치],WWF Biodiversity Risk Filter (RFS V3.0),https://riskfilter.org/biodiversity/explore/country-profiles,기관 이용약관,B-009.xlsx,1.1_observation(측정값),407,
B-009,WWF 생물다양성·기후 리스크,observation,v124-b-009-obs-00222,B-009_brf_prov_src3_kien_giang,VNM,2026,2026,2026,,,,3.82,점,,,,,,[실적치],WWF Biodiversity Risk Filter (RFS V3.0),https://riskfilter.org/biodiversity/explore/country-profiles,기관 이용약관,B-009.xlsx,1.1_observation(측정값),408,
B-009,WWF 생물다양성·기후 리스크,observation,v124-b-009-obs-00223,B-009_brf_prov_src3_kon_tum,VNM,2026,2026,2026,,,,3.84,점,,,,,,[실적치],WWF Biodiversity Risk Filter (RFS V3.0),https://riskfilter.org/biodiversity/explore/country-profiles,기관 이용약관,B-009.xlsx,1.1_observation(측정값),409,
B-009,WWF 생물다양성·기후 리스크,observation,v124-b-009-obs-00224,B-009_brf_prov_src3_lai_chau,VNM,2026,2026,2026,,,,4.13,점,,,,,,[실적치],WWF Biodiversity Risk Filter (RFS V3.0),https://riskfilter.org/biodiversity/explore/country-profiles,기관 이용약관,B-009.xlsx,1.1_observation(측정값),410,
B-009,WWF 생물다양성·기후 리스크,observation,v124-b-009-obs-00225,B-009_brf_prov_src3_lam_dong,VNM,2026,2026,2026,,,,3.84,점,,,,,,[실적치],WWF Biodiversity Risk Filter (RFS V3.0),https://riskfilter.org/biodiversity/explore/country-profiles,기관 이용약관,B-009.xlsx,1.1_observation(측정값),411,
B-009,WWF 생물다양성·기후 리스크,observation,v124-b-009-obs-00226,B-009_brf_prov_src3_lang_son,VNM,2026,2026,2026,,,,4.32,점,,,,,,[실적치],WWF Biodiversity Risk Filter (RFS V3.0),https://riskfilter.org/biodiversity/explore/country-profiles,기관 이용약관,B-009.xlsx,1.1_observation(측정값),412,
B-009,WWF 생물다양성·기후 리스크,observation,v124-b-009-obs-00227,B-009_brf_prov_src3_lao_cai,VNM,2026,2026,2026,,,,3.65,점,,,,,,[실적치],WWF Biodiversity Risk Filter (RFS V3.0),https://riskfilter.org/biodiversity/explore/country-profiles,기관 이용약관,B-009.xlsx,1.1_observation(측정값),413,
B-009,WWF 생물다양성·기후 리스크,observation,v124-b-009-obs-00228,B-009_brf_prov_src3_long_an,VNM,2026,2026,2026,,,,4.15,점,,,,,,[실적치],WWF Biodiversity Risk Filter (RFS V3.0),https://riskfilter.org/biodiversity/explore/country-profiles,기관 이용약관,B-009.xlsx,1.1_observation(측정값),414,
B-009,WWF 생물다양성·기후 리스크,observation,v124-b-009-obs-00229,B-009_brf_prov_src3_nam_dinh,VNM,2026,2026,2026,,,,4.62,점,,,,,,[실적치],WWF Biodiversity Risk Filter (RFS V3.0),https://riskfilter.org/biodiversity/explore/country-profiles,기관 이용약관,B-009.xlsx,1.1_observation(측정값),415,
B-009,WWF 생물다양성·기후 리스크,observation,v124-b-009-obs-00230,B-009_brf_prov_src3_nghe_an,VNM,2026,2026,2026,,,,4.09,점,,,,,,[실적치],WWF Biodiversity Risk Filter (RFS V3.0),https://riskfilter.org/biodiversity/explore/country-profiles,기관 이용약관,B-009.xlsx,1.1_observation(측정값),416,
B-009,WWF 생물다양성·기후 리스크,observation,v124-b-009-obs-00231,B-009_brf_prov_src3_ninh_binh,VNM,2026,2026,2026,,,,4.6,점,,,,,,[실적치],WWF Biodiversity Risk Filter (RFS V3.0),https://riskfilter.org/biodiversity/explore/country-profiles,기관 이용약관,B-009.xlsx,1.1_observation(측정값),417,
B-009,WWF 생물다양성·기후 리스크,observation,v124-b-009-obs-00232,B-009_brf_prov_src3_ninh_thuan,VNM,2026,2026,2026,,,,4,점,,,,,,[실적치],WWF Biodiversity Risk Filter (RFS V3.0),https://riskfilter.org/biodiversity/explore/country-profiles,기관 이용약관,B-009.xlsx,1.1_observation(측정값),418,
B-009,WWF 생물다양성·기후 리스크,observation,v124-b-009-obs-00233,B-009_brf_prov_src3_phu_tho,VNM,2026,2026,2026,,,,3.95,점,,,,,,[실적치],WWF Biodiversity Risk Filter (RFS V3.0),https://riskfilter.org/biodiversity/explore/country-profiles,기관 이용약관,B-009.xlsx,1.1_observation(측정값),419,
B-009,WWF 생물다양성·기후 리스크,observation,v124-b-009-obs-00234,B-009_brf_prov_src3_phu_yen,VNM,2026,2026,2026,,,,4.04,점,,,,,,[실적치],WWF Biodiversity Risk Filter (RFS V3.0),https://riskfilter.org/biodiversity/explore/country-profiles,기관 이용약관,B-009.xlsx,1.1_observation(측정값),420,
B-009,WWF 생물다양성·기후 리스크,observation,v124-b-009-obs-00235,B-009_brf_prov_src3_quang_binh,VNM,2026,2026,2026,,,,4,점,,,,,,[실적치],WWF Biodiversity Risk Filter (RFS V3.0),https://riskfilter.org/biodiversity/explore/country-profiles,기관 이용약관,B-009.xlsx,1.1_observation(측정값),421,
B-009,WWF 생물다양성·기후 리스크,observation,v124-b-009-obs-00236,B-009_brf_prov_src3_quang_nam,VNM,2026,2026,2026,,,,4.23,점,,,,,,[실적치],WWF Biodiversity Risk Filter (RFS V3.0),https://riskfilter.org/biodiversity/explore/country-profiles,기관 이용약관,B-009.xlsx,1.1_observation(측정값),422,
B-009,WWF 생물다양성·기후 리스크,observation,v124-b-009-obs-00237,B-009_brf_prov_src3_quang_ngai,VNM,2026,2026,2026,,,,4.82,점,,,,,,[실적치],WWF Biodiversity Risk Filter (RFS V3.0),https://riskfilter.org/biodiversity/explore/country-profiles,기관 이용약관,B-009.xlsx,1.1_observation(측정값),423,
B-009,WWF 생물다양성·기후 리스크,observation,v124-b-009-obs-00238,B-009_brf_prov_src3_quang_ninh,VNM,2026,2026,2026,,,,4.9,점,,,,,,[실적치],WWF Biodiversity Risk Filter (RFS V3.0),https://riskfilter.org/biodiversity/explore/country-profiles,기관 이용약관,B-009.xlsx,1.1_observation(측정값),424,
B-009,WWF 생물다양성·기후 리스크,observation,v124-b-009-obs-00239,B-009_brf_prov_src3_quang_tri,VNM,2026,2026,2026,,,,4,점,,,,,,[실적치],WWF Biodiversity Risk Filter (RFS V3.0),https://riskfilter.org/biodiversity/explore/country-profiles,기관 이용약관,B-009.xlsx,1.1_observation(측정값),425,
B-009,WWF 생물다양성·기후 리스크,observation,v124-b-009-obs-00240,B-009_brf_prov_src3_soc_trang,VNM,2026,2026,2026,,,,3.98,점,,,,,,[실적치],WWF Biodiversity Risk Filter (RFS V3.0),https://riskfilter.org/biodiversity/explore/country-profiles,기관 이용약관,B-009.xlsx,1.1_observation(측정값),426,
B-009,WWF 생물다양성·기후 리스크,observation,v124-b-009-obs-00241,B-009_brf_prov_src3_son_la,VNM,2026,2026,2026,,,,4.2,점,,,,,,[실적치],WWF Biodiversity Risk Filter (RFS V3.0),https://riskfilter.org/biodiversity/explore/country-profiles,기관 이용약관,B-009.xlsx,1.1_observation(측정값),427,
B-009,WWF 생물다양성·기후 리스크,observation,v124-b-009-obs-00242,B-009_brf_prov_src3_tay_ninh,VNM,2026,2026,2026,,,,4.06,점,,,,,,[실적치],WWF Biodiversity Risk Filter (RFS V3.0),https://riskfilter.org/biodiversity/explore/country-profiles,기관 이용약관,B-009.xlsx,1.1_observation(측정값),428,
B-009,WWF 생물다양성·기후 리스크,observation,v124-b-009-obs-00243,B-009_brf_prov_src3_thai_binh,VNM,2026,2026,2026,,,,4.62,점,,,,,,[실적치],WWF Biodiversity Risk Filter (RFS V3.0),https://riskfilter.org/biodiversity/explore/country-profiles,기관 이용약관,B-009.xlsx,1.1_observation(측정값),429,
B-009,WWF 생물다양성·기후 리스크,observation,v124-b-009-obs-00244,B-009_brf_prov_src3_thai_nguyen,VNM,2026,2026,2026,,,,4.04,점,,,,,,[실적치],WWF Biodiversity Risk Filter (RFS V3.0),https://riskfilter.org/biodiversity/explore/country-profiles,기관 이용약관,B-009.xlsx,1.1_observation(측정값),430,
B-009,WWF 생물다양성·기후 리스크,observation,v124-b-009-obs-00245,B-009_brf_prov_src3_thanh_hoa,VNM,2026,2026,2026,,,,4.29,점,,,,,,[실적치],WWF Biodiversity Risk Filter (RFS V3.0),https://riskfilter.org/biodiversity/explore/country-profiles,기관 이용약관,B-009.xlsx,1.1_observation(측정값),431,
B-009,WWF 생물다양성·기후 리스크,observation,v124-b-009-obs-00246,B-009_brf_prov_src3_thua_thien_hue,VNM,2026,2026,2026,,,,4,점,,,,,,[실적치],WWF Biodiversity Risk Filter (RFS V3.0),https://riskfilter.org/biodiversity/explore/country-profiles,기관 이용약관,B-009.xlsx,1.1_observation(측정값),432,
B-009,WWF 생물다양성·기후 리스크,observation,v124-b-009-obs-00247,B-009_brf_prov_src3_tien_giang,VNM,2026,2026,2026,,,,4.14,점,,,,,,[실적치],WWF Biodiversity Risk Filter (RFS V3.0),https://riskfilter.org/biodiversity/explore/country-profiles,기관 이용약관,B-009.xlsx,1.1_observation(측정값),433,
B-009,WWF 생물다양성·기후 리스크,observation,v124-b-009-obs-00248,B-009_brf_prov_src3_tra_vinh,VNM,2026,2026,2026,,,,4.12,점,,,,,,[실적치],WWF Biodiversity Risk Filter (RFS V3.0),https://riskfilter.org/biodiversity/explore/country-profiles,기관 이용약관,B-009.xlsx,1.1_observation(측정값),434,
B-009,WWF 생물다양성·기후 리스크,observation,v124-b-009-obs-00249,B-009_brf_prov_src3_tuyen_quang,VNM,2026,2026,2026,,,,4.18,점,,,,,,[실적치],WWF Biodiversity Risk Filter (RFS V3.0),https://riskfilter.org/biodiversity/explore/country-profiles,기관 이용약관,B-009.xlsx,1.1_observation(측정값),435,
B-009,WWF 생물다양성·기후 리스크,observation,v124-b-009-obs-00250,B-009_brf_prov_src3_vinh_long,VNM,2026,2026,2026,,,,4.12,점,,,,,,[실적치],WWF Biodiversity Risk Filter (RFS V3.0),https://riskfilter.org/biodiversity/explore/country-profiles,기관 이용약관,B-009.xlsx,1.1_observation(측정값),436,
B-009,WWF 생물다양성·기후 리스크,observation,v124-b-009-obs-00251,B-009_brf_prov_src3_vinh_phuc,VNM,2026,2026,2026,,,,4.31,점,,,,,,[실적치],WWF Biodiversity Risk Filter (RFS V3.0),https://riskfilter.org/biodiversity/explore/country-profiles,기관 이용약관,B-009.xlsx,1.1_observation(측정값),437,
B-009,WWF 생물다양성·기후 리스크,observation,v124-b-009-obs-00252,B-009_brf_prov_src3_yen_bai,VNM,2026,2026,2026,,,,3.69,점,,,,,,[실적치],WWF Biodiversity Risk Filter (RFS V3.0),https://riskfilter.org/biodiversity/explore/country-profiles,기관 이용약관,B-009.xlsx,1.1_observation(측정값),438,
B-009,WWF 생물다양성·기후 리스크,observation,v124-b-009-obs-00253,B-009_ndgain_ecosystems,VNM,1995,1995,1995,,,,0.6162,지수,,,,,,[실적치],University of Notre Dame ND-GAIN Country Index 2026,https://gain.nd.edu/assets/647440/ndgain_countryindex_2026.zip,기관 이용약관,B-009.xlsx,1.1_observation(측정값),94,
B-009,WWF 생물다양성·기후 리스크,observation,v124-b-009-obs-00254,B-009_ndgain_ecosystems,VNM,1996,1996,1996,,,,0.6167,지수,,,,,,[실적치],University of Notre Dame ND-GAIN Country Index 2026,https://gain.nd.edu/assets/647440/ndgain_countryindex_2026.zip,기관 이용약관,B-009.xlsx,1.1_observation(측정값),95,
B-009,WWF 생물다양성·기후 리스크,observation,v124-b-009-obs-00255,B-009_ndgain_ecosystems,VNM,1997,1997,1997,,,,0.6176,지수,,,,,,[실적치],University of Notre Dame ND-GAIN Country Index 2026,https://gain.nd.edu/assets/647440/ndgain_countryindex_2026.zip,기관 이용약관,B-009.xlsx,1.1_observation(측정값),96,
B-009,WWF 생물다양성·기후 리스크,observation,v124-b-009-obs-00256,B-009_ndgain_ecosystems,VNM,1998,1998,1998,,,,0.6135,지수,,,,,,[실적치],University of Notre Dame ND-GAIN Country Index 2026,https://gain.nd.edu/assets/647440/ndgain_countryindex_2026.zip,기관 이용약관,B-009.xlsx,1.1_observation(측정값),97,
B-009,WWF 생물다양성·기후 리스크,observation,v124-b-009-obs-00257,B-009_ndgain_ecosystems,VNM,1999,1999,1999,,,,0.6129,지수,,,,,,[실적치],University of Notre Dame ND-GAIN Country Index 2026,https://gain.nd.edu/assets/647440/ndgain_countryindex_2026.zip,기관 이용약관,B-009.xlsx,1.1_observation(측정값),98,
B-009,WWF 생물다양성·기후 리스크,observation,v124-b-009-obs-00258,B-009_ndgain_ecosystems,VNM,2000,2000,2000,,,,0.6127,지수,,,,,,[실적치],University of Notre Dame ND-GAIN Country Index 2026,https://gain.nd.edu/assets/647440/ndgain_countryindex_2026.zip,기관 이용약관,B-009.xlsx,1.1_observation(측정값),99,
B-009,WWF 생물다양성·기후 리스크,observation,v124-b-009-obs-00259,B-009_ndgain_ecosystems,VNM,2001,2001,2001,,,,0.6055,지수,,,,,,[실적치],University of Notre Dame ND-GAIN Country Index 2026,https://gain.nd.edu/assets/647440/ndgain_countryindex_2026.zip,기관 이용약관,B-009.xlsx,1.1_observation(측정값),100,
B-009,WWF 생물다양성·기후 리스크,observation,v124-b-009-obs-00260,B-009_ndgain_ecosystems,VNM,2002,2002,2002,,,,0.5995,지수,,,,,,[실적치],University of Notre Dame ND-GAIN Country Index 2026,https://gain.nd.edu/assets/647440/ndgain_countryindex_2026.zip,기관 이용약관,B-009.xlsx,1.1_observation(측정값),101,
B-009,WWF 생물다양성·기후 리스크,observation,v124-b-009-obs-00261,B-009_ndgain_ecosystems,VNM,2003,2003,2003,,,,0.5982,지수,,,,,,[실적치],University of Notre Dame ND-GAIN Country Index 2026,https://gain.nd.edu/assets/647440/ndgain_countryindex_2026.zip,기관 이용약관,B-009.xlsx,1.1_observation(측정값),102,
B-009,WWF 생물다양성·기후 리스크,observation,v124-b-009-obs-00262,B-009_ndgain_ecosystems,VNM,2004,2004,2004,,,,0.5957,지수,,,,,,[실적치],University of Notre Dame ND-GAIN Country Index 2026,https://gain.nd.edu/assets/647440/ndgain_countryindex_2026.zip,기관 이용약관,B-009.xlsx,1.1_observation(측정값),103,
B-009,WWF 생물다양성·기후 리스크,observation,v124-b-009-obs-00263,B-009_ndgain_ecosystems,VNM,2005,2005,2005,,,,0.5947,지수,,,,,,[실적치],University of Notre Dame ND-GAIN Country Index 2026,https://gain.nd.edu/assets/647440/ndgain_countryindex_2026.zip,기관 이용약관,B-009.xlsx,1.1_observation(측정값),104,
B-009,WWF 생물다양성·기후 리스크,observation,v124-b-009-obs-00264,B-009_ndgain_ecosystems,VNM,2006,2006,2006,,,,0.5929,지수,,,,,,[실적치],University of Notre Dame ND-GAIN Country Index 2026,https://gain.nd.edu/assets/647440/ndgain_countryindex_2026.zip,기관 이용약관,B-009.xlsx,1.1_observation(측정값),105,
B-009,WWF 생물다양성·기후 리스크,observation,v124-b-009-obs-00265,B-009_ndgain_ecosystems,VNM,2007,2007,2007,,,,0.5925,지수,,,,,,[실적치],University of Notre Dame ND-GAIN Country Index 2026,https://gain.nd.edu/assets/647440/ndgain_countryindex_2026.zip,기관 이용약관,B-009.xlsx,1.1_observation(측정값),106,
B-009,WWF 생물다양성·기후 리스크,observation,v124-b-009-obs-00266,B-009_ndgain_ecosystems,VNM,2008,2008,2008,,,,0.5925,지수,,,,,,[실적치],University of Notre Dame ND-GAIN Country Index 2026,https://gain.nd.edu/assets/647440/ndgain_countryindex_2026.zip,기관 이용약관,B-009.xlsx,1.1_observation(측정값),107,
B-009,WWF 생물다양성·기후 리스크,observation,v124-b-009-obs-00267,B-009_ndgain_ecosystems,VNM,2009,2009,2009,,,,0.592,지수,,,,,,[실적치],University of Notre Dame ND-GAIN Country Index 2026,https://gain.nd.edu/assets/647440/ndgain_countryindex_2026.zip,기관 이용약관,B-009.xlsx,1.1_observation(측정값),108,
B-009,WWF 생물다양성·기후 리스크,observation,v124-b-009-obs-00268,B-009_ndgain_ecosystems,VNM,2010,2010,2010,,,,0.592,지수,,,,,,[실적치],University of Notre Dame ND-GAIN Country Index 2026,https://gain.nd.edu/assets/647440/ndgain_countryindex_2026.zip,기관 이용약관,B-009.xlsx,1.1_observation(측정값),109,
B-009,WWF 생물다양성·기후 리스크,observation,v124-b-009-obs-00269,B-009_ndgain_ecosystems,VNM,2011,2011,2011,,,,0.591,지수,,,,,,[실적치],University of Notre Dame ND-GAIN Country Index 2026,https://gain.nd.edu/assets/647440/ndgain_countryindex_2026.zip,기관 이용약관,B-009.xlsx,1.1_observation(측정값),110,
B-009,WWF 생물다양성·기후 리스크,observation,v124-b-009-obs-00270,B-009_ndgain_ecosystems,VNM,2012,2012,2012,,,,0.5902,지수,,,,,,[실적치],University of Notre Dame ND-GAIN Country Index 2026,https://gain.nd.edu/assets/647440/ndgain_countryindex_2026.zip,기관 이용약관,B-009.xlsx,1.1_observation(측정값),111,
B-009,WWF 생물다양성·기후 리스크,observation,v124-b-009-obs-00271,B-009_ndgain_ecosystems,VNM,2013,2013,2013,,,,0.5854,지수,,,,,,[실적치],University of Notre Dame ND-GAIN Country Index 2026,https://gain.nd.edu/assets/647440/ndgain_countryindex_2026.zip,기관 이용약관,B-009.xlsx,1.1_observation(측정값),112,
B-009,WWF 생물다양성·기후 리스크,observation,v124-b-009-obs-00272,B-009_ndgain_ecosystems,VNM,2014,2014,2014,,,,0.5822,지수,,,,,,[실적치],University of Notre Dame ND-GAIN Country Index 2026,https://gain.nd.edu/assets/647440/ndgain_countryindex_2026.zip,기관 이용약관,B-009.xlsx,1.1_observation(측정값),113,
B-009,WWF 생물다양성·기후 리스크,observation,v124-b-009-obs-00273,B-009_ndgain_ecosystems,VNM,2015,2015,2015,,,,0.583,지수,,,,,,[실적치],University of Notre Dame ND-GAIN Country Index 2026,https://gain.nd.edu/assets/647440/ndgain_countryindex_2026.zip,기관 이용약관,B-009.xlsx,1.1_observation(측정값),114,
B-009,WWF 생물다양성·기후 리스크,observation,v124-b-009-obs-00274,B-009_ndgain_ecosystems,VNM,2016,2016,2016,,,,0.5839,지수,,,,,,[실적치],University of Notre Dame ND-GAIN Country Index 2026,https://gain.nd.edu/assets/647440/ndgain_countryindex_2026.zip,기관 이용약관,B-009.xlsx,1.1_observation(측정값),115,
B-009,WWF 생물다양성·기후 리스크,observation,v124-b-009-obs-00275,B-009_ndgain_ecosystems,VNM,2017,2017,2017,,,,0.5848,지수,,,,,,[실적치],University of Notre Dame ND-GAIN Country Index 2026,https://gain.nd.edu/assets/647440/ndgain_countryindex_2026.zip,기관 이용약관,B-009.xlsx,1.1_observation(측정값),116,
B-009,WWF 생물다양성·기후 리스크,observation,v124-b-009-obs-00276,B-009_ndgain_ecosystems,VNM,2018,2018,2018,,,,0.5858,지수,,,,,,[실적치],University of Notre Dame ND-GAIN Country Index 2026,https://gain.nd.edu/assets/647440/ndgain_countryindex_2026.zip,기관 이용약관,B-009.xlsx,1.1_observation(측정값),117,
B-009,WWF 생물다양성·기후 리스크,observation,v124-b-009-obs-00277,B-009_ndgain_ecosystems,VNM,2019,2019,2019,,,,0.5864,지수,,,,,,[실적치],University of Notre Dame ND-GAIN Country Index 2026,https://gain.nd.edu/assets/647440/ndgain_countryindex_2026.zip,기관 이용약관,B-009.xlsx,1.1_observation(측정값),118,
B-009,WWF 생물다양성·기후 리스크,observation,v124-b-009-obs-00278,B-009_ndgain_ecosystems,VNM,2020,2020,2020,,,,0.5871,지수,,,,,,[실적치],University of Notre Dame ND-GAIN Country Index 2026,https://gain.nd.edu/assets/647440/ndgain_countryindex_2026.zip,기관 이용약관,B-009.xlsx,1.1_observation(측정값),119,
B-009,WWF 생물다양성·기후 리스크,observation,v124-b-009-obs-00279,B-009_ndgain_ecosystems,VNM,2021,2021,2021,,,,0.588,지수,,,,,,[실적치],University of Notre Dame ND-GAIN Country Index 2026,https://gain.nd.edu/assets/647440/ndgain_countryindex_2026.zip,기관 이용약관,B-009.xlsx,1.1_observation(측정값),120,
B-009,WWF 생물다양성·기후 리스크,observation,v124-b-009-obs-00280,B-009_ndgain_ecosystems,VNM,2022,2022,2022,,,,0.5899,지수,,,,,,[실적치],University of Notre Dame ND-GAIN Country Index 2026,https://gain.nd.edu/assets/647440/ndgain_countryindex_2026.zip,기관 이용약관,B-009.xlsx,1.1_observation(측정값),121,
B-009,WWF 생물다양성·기후 리스크,observation,v124-b-009-obs-00281,B-009_ndgain_ecosystems,VNM,2023,2023,2023,,,,0.5917,지수,,,,,,[실적치],University of Notre Dame ND-GAIN Country Index 2026,https://gain.nd.edu/assets/647440/ndgain_countryindex_2026.zip,기관 이용약관,B-009.xlsx,1.1_observation(측정값),122,
B-009,WWF 생물다양성·기후 리스크,observation,v124-b-009-obs-00282,B-009_ndgain_ecosystems,VNM,2024,2024,2024,,,,0.5922,지수,,,,,,[실적치],University of Notre Dame ND-GAIN Country Index 2026,https://gain.nd.edu/assets/647440/ndgain_countryindex_2026.zip,기관 이용약관,B-009.xlsx,1.1_observation(측정값),123,
B-009,WWF 생물다양성·기후 리스크,observation,v124-b-009-obs-00283,B-009_ndgain_food,VNM,1995,1995,1995,,,,0.555,지수,,,,,,[실적치],University of Notre Dame ND-GAIN Country Index 2026,https://gain.nd.edu/assets/647440/ndgain_countryindex_2026.zip,기관 이용약관,B-009.xlsx,1.1_observation(측정값),4,
B-009,WWF 생물다양성·기후 리스크,observation,v124-b-009-obs-00284,B-009_ndgain_food,VNM,1996,1996,1996,,,,0.5455,지수,,,,,,[실적치],University of Notre Dame ND-GAIN Country Index 2026,https://gain.nd.edu/assets/647440/ndgain_countryindex_2026.zip,기관 이용약관,B-009.xlsx,1.1_observation(측정값),5,
B-009,WWF 생물다양성·기후 리스크,observation,v124-b-009-obs-00285,B-009_ndgain_food,VNM,1997,1997,1997,,,,0.5447,지수,,,,,,[실적치],University of Notre Dame ND-GAIN Country Index 2026,https://gain.nd.edu/assets/647440/ndgain_countryindex_2026.zip,기관 이용약관,B-009.xlsx,1.1_observation(측정값),6,
B-009,WWF 생물다양성·기후 리스크,observation,v124-b-009-obs-00286,B-009_ndgain_food,VNM,1998,1998,1998,,,,0.5564,지수,,,,,,[실적치],University of Notre Dame ND-GAIN Country Index 2026,https://gain.nd.edu/assets/647440/ndgain_countryindex_2026.zip,기관 이용약관,B-009.xlsx,1.1_observation(측정값),7,
B-009,WWF 생물다양성·기후 리스크,observation,v124-b-009-obs-00287,B-009_ndgain_food,VNM,1999,1999,1999,,,,0.5534,지수,,,,,,[실적치],University of Notre Dame ND-GAIN Country Index 2026,https://gain.nd.edu/assets/647440/ndgain_countryindex_2026.zip,기관 이용약관,B-009.xlsx,1.1_observation(측정값),8,
B-009,WWF 생물다양성·기후 리스크,observation,v124-b-009-obs-00288,B-009_ndgain_food,VNM,2000,2000,2000,,,,0.5171,지수,,,,,,[실적치],University of Notre Dame ND-GAIN Country Index 2026,https://gain.nd.edu/assets/647440/ndgain_countryindex_2026.zip,기관 이용약관,B-009.xlsx,1.1_observation(측정값),9,
B-009,WWF 생물다양성·기후 리스크,observation,v124-b-009-obs-00289,B-009_ndgain_food,VNM,2001,2001,2001,,,,0.5272,지수,,,,,,[실적치],University of Notre Dame ND-GAIN Country Index 2026,https://gain.nd.edu/assets/647440/ndgain_countryindex_2026.zip,기관 이용약관,B-009.xlsx,1.1_observation(측정값),10,
B-009,WWF 생물다양성·기후 리스크,observation,v124-b-009-obs-00290,B-009_ndgain_food,VNM,2002,2002,2002,,,,0.5315,지수,,,,,,[실적치],University of Notre Dame ND-GAIN Country Index 2026,https://gain.nd.edu/assets/647440/ndgain_countryindex_2026.zip,기관 이용약관,B-009.xlsx,1.1_observation(측정값),11,
B-009,WWF 생물다양성·기후 리스크,observation,v124-b-009-obs-00291,B-009_ndgain_food,VNM,2003,2003,2003,,,,0.5409,지수,,,,,,[실적치],University of Notre Dame ND-GAIN Country Index 2026,https://gain.nd.edu/assets/647440/ndgain_countryindex_2026.zip,기관 이용약관,B-009.xlsx,1.1_observation(측정값),12,
B-009,WWF 생물다양성·기후 리스크,observation,v124-b-009-obs-00292,B-009_ndgain_food,VNM,2004,2004,2004,,,,0.5387,지수,,,,,,[실적치],University of Notre Dame ND-GAIN Country Index 2026,https://gain.nd.edu/assets/647440/ndgain_countryindex_2026.zip,기관 이용약관,B-009.xlsx,1.1_observation(측정값),13,
B-009,WWF 생물다양성·기후 리스크,observation,v124-b-009-obs-00293,B-009_ndgain_food,VNM,2005,2005,2005,,,,0.5319,지수,,,,,,[실적치],University of Notre Dame ND-GAIN Country Index 2026,https://gain.nd.edu/assets/647440/ndgain_countryindex_2026.zip,기관 이용약관,B-009.xlsx,1.1_observation(측정값),14,
B-009,WWF 생물다양성·기후 리스크,observation,v124-b-009-obs-00294,B-009_ndgain_food,VNM,2006,2006,2006,,,,0.5207,지수,,,,,,[실적치],University of Notre Dame ND-GAIN Country Index 2026,https://gain.nd.edu/assets/647440/ndgain_countryindex_2026.zip,기관 이용약관,B-009.xlsx,1.1_observation(측정값),15,
B-009,WWF 생물다양성·기후 리스크,observation,v124-b-009-obs-00295,B-009_ndgain_food,VNM,2007,2007,2007,,,,0.5178,지수,,,,,,[실적치],University of Notre Dame ND-GAIN Country Index 2026,https://gain.nd.edu/assets/647440/ndgain_countryindex_2026.zip,기관 이용약관,B-009.xlsx,1.1_observation(측정값),16,
B-009,WWF 생물다양성·기후 리스크,observation,v124-b-009-obs-00296,B-009_ndgain_food,VNM,2008,2008,2008,,,,0.5108,지수,,,,,,[실적치],University of Notre Dame ND-GAIN Country Index 2026,https://gain.nd.edu/assets/647440/ndgain_countryindex_2026.zip,기관 이용약관,B-009.xlsx,1.1_observation(측정값),17,
B-009,WWF 생물다양성·기후 리스크,observation,v124-b-009-obs-00297,B-009_ndgain_food,VNM,2009,2009,2009,,,,0.4941,지수,,,,,,[실적치],University of Notre Dame ND-GAIN Country Index 2026,https://gain.nd.edu/assets/647440/ndgain_countryindex_2026.zip,기관 이용약관,B-009.xlsx,1.1_observation(측정값),18,
B-009,WWF 생물다양성·기후 리스크,observation,v124-b-009-obs-00298,B-009_ndgain_food,VNM,2010,2010,2010,,,,0.4753,지수,,,,,,[실적치],University of Notre Dame ND-GAIN Country Index 2026,https://gain.nd.edu/assets/647440/ndgain_countryindex_2026.zip,기관 이용약관,B-009.xlsx,1.1_observation(측정값),19,
B-009,WWF 생물다양성·기후 리스크,observation,v124-b-009-obs-00299,B-009_ndgain_food,VNM,2011,2011,2011,,,,0.4833,지수,,,,,,[실적치],University of Notre Dame ND-GAIN Country Index 2026,https://gain.nd.edu/assets/647440/ndgain_countryindex_2026.zip,기관 이용약관,B-009.xlsx,1.1_observation(측정값),20,
B-009,WWF 생물다양성·기후 리스크,observation,v124-b-009-obs-00300,B-009_ndgain_food,VNM,2012,2012,2012,,,,0.4768,지수,,,,,,[실적치],University of Notre Dame ND-GAIN Country Index 2026,https://gain.nd.edu/assets/647440/ndgain_countryindex_2026.zip,기관 이용약관,B-009.xlsx,1.1_observation(측정값),21,
B-009,WWF 생물다양성·기후 리스크,observation,v124-b-009-obs-00301,B-009_ndgain_food,VNM,2013,2013,2013,,,,0.4708,지수,,,,,,[실적치],University of Notre Dame ND-GAIN Country Index 2026,https://gain.nd.edu/assets/647440/ndgain_countryindex_2026.zip,기관 이용약관,B-009.xlsx,1.1_observation(측정값),22,
B-009,WWF 생물다양성·기후 리스크,observation,v124-b-009-obs-00302,B-009_ndgain_food,VNM,2014,2014,2014,,,,0.4591,지수,,,,,,[실적치],University of Notre Dame ND-GAIN Country Index 2026,https://gain.nd.edu/assets/647440/ndgain_countryindex_2026.zip,기관 이용약관,B-009.xlsx,1.1_observation(측정값),23,
B-009,WWF 생물다양성·기후 리스크,observation,v124-b-009-obs-00303,B-009_ndgain_food,VNM,2015,2015,2015,,,,0.4629,지수,,,,,,[실적치],University of Notre Dame ND-GAIN Country Index 2026,https://gain.nd.edu/assets/647440/ndgain_countryindex_2026.zip,기관 이용약관,B-009.xlsx,1.1_observation(측정값),24,
B-009,WWF 생물다양성·기후 리스크,observation,v124-b-009-obs-00304,B-009_ndgain_food,VNM,2016,2016,2016,,,,0.4606,지수,,,,,,[실적치],University of Notre Dame ND-GAIN Country Index 2026,https://gain.nd.edu/assets/647440/ndgain_countryindex_2026.zip,기관 이용약관,B-009.xlsx,1.1_observation(측정값),25,
B-009,WWF 생물다양성·기후 리스크,observation,v124-b-009-obs-00305,B-009_ndgain_food,VNM,2017,2017,2017,,,,0.4688,지수,,,,,,[실적치],University of Notre Dame ND-GAIN Country Index 2026,https://gain.nd.edu/assets/647440/ndgain_countryindex_2026.zip,기관 이용약관,B-009.xlsx,1.1_observation(측정값),26,
B-009,WWF 생물다양성·기후 리스크,observation,v124-b-009-obs-00306,B-009_ndgain_food,VNM,2018,2018,2018,,,,0.434,지수,,,,,,[실적치],University of Notre Dame ND-GAIN Country Index 2026,https://gain.nd.edu/assets/647440/ndgain_countryindex_2026.zip,기관 이용약관,B-009.xlsx,1.1_observation(측정값),27,
B-009,WWF 생물다양성·기후 리스크,observation,v124-b-009-obs-00307,B-009_ndgain_food,VNM,2019,2019,2019,,,,0.4304,지수,,,,,,[실적치],University of Notre Dame ND-GAIN Country Index 2026,https://gain.nd.edu/assets/647440/ndgain_countryindex_2026.zip,기관 이용약관,B-009.xlsx,1.1_observation(측정값),28,
B-009,WWF 생물다양성·기후 리스크,observation,v124-b-009-obs-00308,B-009_ndgain_food,VNM,2020,2020,2020,,,,0.4531,지수,,,,,,[실적치],University of Notre Dame ND-GAIN Country Index 2026,https://gain.nd.edu/assets/647440/ndgain_countryindex_2026.zip,기관 이용약관,B-009.xlsx,1.1_observation(측정값),29,
B-009,WWF 생물다양성·기후 리스크,observation,v124-b-009-obs-00309,B-009_ndgain_food,VNM,2021,2021,2021,,,,0.4244,지수,,,,,,[실적치],University of Notre Dame ND-GAIN Country Index 2026,https://gain.nd.edu/assets/647440/ndgain_countryindex_2026.zip,기관 이용약관,B-009.xlsx,1.1_observation(측정값),30,
B-009,WWF 생물다양성·기후 리스크,observation,v124-b-009-obs-00310,B-009_ndgain_food,VNM,2022,2022,2022,,,,0.4222,지수,,,,,,[실적치],University of Notre Dame ND-GAIN Country Index 2026,https://gain.nd.edu/assets/647440/ndgain_countryindex_2026.zip,기관 이용약관,B-009.xlsx,1.1_observation(측정값),31,
B-009,WWF 생물다양성·기후 리스크,observation,v124-b-009-obs-00311,B-009_ndgain_food,VNM,2023,2023,2023,,,,0.422,지수,,,,,,[실적치],University of Notre Dame ND-GAIN Country Index 2026,https://gain.nd.edu/assets/647440/ndgain_countryindex_2026.zip,기관 이용약관,B-009.xlsx,1.1_observation(측정값),32,
B-009,WWF 생물다양성·기후 리스크,observation,v124-b-009-obs-00312,B-009_ndgain_food,VNM,2024,2024,2024,,,,0.4213,지수,,,,,,[실적치],University of Notre Dame ND-GAIN Country Index 2026,https://gain.nd.edu/assets/647440/ndgain_countryindex_2026.zip,기관 이용약관,B-009.xlsx,1.1_observation(측정값),33,
B-009,WWF 생물다양성·기후 리스크,observation,v124-b-009-obs-00313,B-009_ndgain_habitat,VNM,1995,1995,1995,,,,0.5039,지수,,,,,,[실적치],University of Notre Dame ND-GAIN Country Index 2026,https://gain.nd.edu/assets/647440/ndgain_countryindex_2026.zip,기관 이용약관,B-009.xlsx,1.1_observation(측정값),124,
B-009,WWF 생물다양성·기후 리스크,observation,v124-b-009-obs-00314,B-009_ndgain_habitat,VNM,1996,1996,1996,,,,0.5036,지수,,,,,,[실적치],University of Notre Dame ND-GAIN Country Index 2026,https://gain.nd.edu/assets/647440/ndgain_countryindex_2026.zip,기관 이용약관,B-009.xlsx,1.1_observation(측정값),125,
B-009,WWF 생물다양성·기후 리스크,observation,v124-b-009-obs-00315,B-009_ndgain_habitat,VNM,1997,1997,1997,,,,0.5014,지수,,,,,,[실적치],University of Notre Dame ND-GAIN Country Index 2026,https://gain.nd.edu/assets/647440/ndgain_countryindex_2026.zip,기관 이용약관,B-009.xlsx,1.1_observation(측정값),126,
B-009,WWF 생물다양성·기후 리스크,observation,v124-b-009-obs-00316,B-009_ndgain_habitat,VNM,1998,1998,1998,,,,0.4987,지수,,,,,,[실적치],University of Notre Dame ND-GAIN Country Index 2026,https://gain.nd.edu/assets/647440/ndgain_countryindex_2026.zip,기관 이용약관,B-009.xlsx,1.1_observation(측정값),127,
B-009,WWF 생물다양성·기후 리스크,observation,v124-b-009-obs-00317,B-009_ndgain_habitat,VNM,1999,1999,1999,,,,0.4904,지수,,,,,,[실적치],University of Notre Dame ND-GAIN Country Index 2026,https://gain.nd.edu/assets/647440/ndgain_countryindex_2026.zip,기관 이용약관,B-009.xlsx,1.1_observation(측정값),128,
B-009,WWF 생물다양성·기후 리스크,observation,v124-b-009-obs-00318,B-009_ndgain_habitat,VNM,2000,2000,2000,,,,0.4824,지수,,,,,,[실적치],University of Notre Dame ND-GAIN Country Index 2026,https://gain.nd.edu/assets/647440/ndgain_countryindex_2026.zip,기관 이용약관,B-009.xlsx,1.1_observation(측정값),129,
B-009,WWF 생물다양성·기후 리스크,observation,v124-b-009-obs-00319,B-009_ndgain_habitat,VNM,2001,2001,2001,,,,0.4748,지수,,,,,,[실적치],University of Notre Dame ND-GAIN Country Index 2026,https://gain.nd.edu/assets/647440/ndgain_countryindex_2026.zip,기관 이용약관,B-009.xlsx,1.1_observation(측정값),130,
B-009,WWF 생물다양성·기후 리스크,observation,v124-b-009-obs-00320,B-009_ndgain_habitat,VNM,2002,2002,2002,,,,0.4677,지수,,,,,,[실적치],University of Notre Dame ND-GAIN Country Index 2026,https://gain.nd.edu/assets/647440/ndgain_countryindex_2026.zip,기관 이용약관,B-009.xlsx,1.1_observation(측정값),131,
B-009,WWF 생물다양성·기후 리스크,observation,v124-b-009-obs-00321,B-009_ndgain_habitat,VNM,2003,2003,2003,,,,0.4608,지수,,,,,,[실적치],University of Notre Dame ND-GAIN Country Index 2026,https://gain.nd.edu/assets/647440/ndgain_countryindex_2026.zip,기관 이용약관,B-009.xlsx,1.1_observation(측정값),132,
B-009,WWF 생물다양성·기후 리스크,observation,v124-b-009-obs-00322,B-009_ndgain_habitat,VNM,2004,2004,2004,,,,0.4538,지수,,,,,,[실적치],University of Notre Dame ND-GAIN Country Index 2026,https://gain.nd.edu/assets/647440/ndgain_countryindex_2026.zip,기관 이용약관,B-009.xlsx,1.1_observation(측정값),133,
B-009,WWF 생물다양성·기후 리스크,observation,v124-b-009-obs-00323,B-009_ndgain_habitat,VNM,2005,2005,2005,,,,0.4492,지수,,,,,,[실적치],University of Notre Dame ND-GAIN Country Index 2026,https://gain.nd.edu/assets/647440/ndgain_countryindex_2026.zip,기관 이용약관,B-009.xlsx,1.1_observation(측정값),134,
B-009,WWF 생물다양성·기후 리스크,observation,v124-b-009-obs-00324,B-009_ndgain_habitat,VNM,2006,2006,2006,,,,0.4443,지수,,,,,,[실적치],University of Notre Dame ND-GAIN Country Index 2026,https://gain.nd.edu/assets/647440/ndgain_countryindex_2026.zip,기관 이용약관,B-009.xlsx,1.1_observation(측정값),135,
B-009,WWF 생물다양성·기후 리스크,observation,v124-b-009-obs-00325,B-009_ndgain_habitat,VNM,2007,2007,2007,,,,0.4412,지수,,,,,,[실적치],University of Notre Dame ND-GAIN Country Index 2026,https://gain.nd.edu/assets/647440/ndgain_countryindex_2026.zip,기관 이용약관,B-009.xlsx,1.1_observation(측정값),136,
B-009,WWF 생물다양성·기후 리스크,observation,v124-b-009-obs-00326,B-009_ndgain_habitat,VNM,2008,2008,2008,,,,0.4386,지수,,,,,,[실적치],University of Notre Dame ND-GAIN Country Index 2026,https://gain.nd.edu/assets/647440/ndgain_countryindex_2026.zip,기관 이용약관,B-009.xlsx,1.1_observation(측정값),137,
B-009,WWF 생물다양성·기후 리스크,observation,v124-b-009-obs-00327,B-009_ndgain_habitat,VNM,2009,2009,2009,,,,0.4362,지수,,,,,,[실적치],University of Notre Dame ND-GAIN Country Index 2026,https://gain.nd.edu/assets/647440/ndgain_countryindex_2026.zip,기관 이용약관,B-009.xlsx,1.1_observation(측정값),138,
B-009,WWF 생물다양성·기후 리스크,observation,v124-b-009-obs-00328,B-009_ndgain_habitat,VNM,2010,2010,2010,,,,0.4342,지수,,,,,,[실적치],University of Notre Dame ND-GAIN Country Index 2026,https://gain.nd.edu/assets/647440/ndgain_countryindex_2026.zip,기관 이용약관,B-009.xlsx,1.1_observation(측정값),139,
B-009,WWF 생물다양성·기후 리스크,observation,v124-b-009-obs-00329,B-009_ndgain_habitat,VNM,2011,2011,2011,,,,0.4309,지수,,,,,,[실적치],University of Notre Dame ND-GAIN Country Index 2026,https://gain.nd.edu/assets/647440/ndgain_countryindex_2026.zip,기관 이용약관,B-009.xlsx,1.1_observation(측정값),140,
B-009,WWF 생물다양성·기후 리스크,observation,v124-b-009-obs-00330,B-009_ndgain_habitat,VNM,2012,2012,2012,,,,0.4284,지수,,,,,,[실적치],University of Notre Dame ND-GAIN Country Index 2026,https://gain.nd.edu/assets/647440/ndgain_countryindex_2026.zip,기관 이용약관,B-009.xlsx,1.1_observation(측정값),141,
B-009,WWF 생물다양성·기후 리스크,observation,v124-b-009-obs-00331,B-009_ndgain_habitat,VNM,2013,2013,2013,,,,0.4199,지수,,,,,,[실적치],University of Notre Dame ND-GAIN Country Index 2026,https://gain.nd.edu/assets/647440/ndgain_countryindex_2026.zip,기관 이용약관,B-009.xlsx,1.1_observation(측정값),142,
B-009,WWF 생물다양성·기후 리스크,observation,v124-b-009-obs-00332,B-009_ndgain_habitat,VNM,2014,2014,2014,,,,0.412,지수,,,,,,[실적치],University of Notre Dame ND-GAIN Country Index 2026,https://gain.nd.edu/assets/647440/ndgain_countryindex_2026.zip,기관 이용약관,B-009.xlsx,1.1_observation(측정값),143,
B-009,WWF 생물다양성·기후 리스크,observation,v124-b-009-obs-00333,B-009_ndgain_habitat,VNM,2015,2015,2015,,,,0.4225,지수,,,,,,[실적치],University of Notre Dame ND-GAIN Country Index 2026,https://gain.nd.edu/assets/647440/ndgain_countryindex_2026.zip,기관 이용약관,B-009.xlsx,1.1_observation(측정값),144,
B-009,WWF 생물다양성·기후 리스크,observation,v124-b-009-obs-00334,B-009_ndgain_habitat,VNM,2016,2016,2016,,,,0.4335,지수,,,,,,[실적치],University of Notre Dame ND-GAIN Country Index 2026,https://gain.nd.edu/assets/647440/ndgain_countryindex_2026.zip,기관 이용약관,B-009.xlsx,1.1_observation(측정값),145,
B-009,WWF 생물다양성·기후 리스크,observation,v124-b-009-obs-00335,B-009_ndgain_habitat,VNM,2017,2017,2017,,,,0.4296,지수,,,,,,[실적치],University of Notre Dame ND-GAIN Country Index 2026,https://gain.nd.edu/assets/647440/ndgain_countryindex_2026.zip,기관 이용약관,B-009.xlsx,1.1_observation(측정값),146,
B-009,WWF 생물다양성·기후 리스크,observation,v124-b-009-obs-00336,B-009_ndgain_habitat,VNM,2018,2018,2018,,,,0.4255,지수,,,,,,[실적치],University of Notre Dame ND-GAIN Country Index 2026,https://gain.nd.edu/assets/647440/ndgain_countryindex_2026.zip,기관 이용약관,B-009.xlsx,1.1_observation(측정값),147,
B-009,WWF 생물다양성·기후 리스크,observation,v124-b-009-obs-00337,B-009_ndgain_habitat,VNM,2019,2019,2019,,,,0.4257,지수,,,,,,[실적치],University of Notre Dame ND-GAIN Country Index 2026,https://gain.nd.edu/assets/647440/ndgain_countryindex_2026.zip,기관 이용약관,B-009.xlsx,1.1_observation(측정값),148,
B-009,WWF 생물다양성·기후 리스크,observation,v124-b-009-obs-00338,B-009_ndgain_habitat,VNM,2020,2020,2020,,,,0.426,지수,,,,,,[실적치],University of Notre Dame ND-GAIN Country Index 2026,https://gain.nd.edu/assets/647440/ndgain_countryindex_2026.zip,기관 이용약관,B-009.xlsx,1.1_observation(측정값),149,
B-009,WWF 생물다양성·기후 리스크,observation,v124-b-009-obs-00339,B-009_ndgain_habitat,VNM,2021,2021,2021,,,,0.4265,지수,,,,,,[실적치],University of Notre Dame ND-GAIN Country Index 2026,https://gain.nd.edu/assets/647440/ndgain_countryindex_2026.zip,기관 이용약관,B-009.xlsx,1.1_observation(측정값),150,
B-009,WWF 생물다양성·기후 리스크,observation,v124-b-009-obs-00340,B-009_ndgain_habitat,VNM,2022,2022,2022,,,,0.4264,지수,,,,,,[실적치],University of Notre Dame ND-GAIN Country Index 2026,https://gain.nd.edu/assets/647440/ndgain_countryindex_2026.zip,기관 이용약관,B-009.xlsx,1.1_observation(측정값),151,
B-009,WWF 생물다양성·기후 리스크,observation,v124-b-009-obs-00341,B-009_ndgain_habitat,VNM,2023,2023,2023,,,,0.4277,지수,,,,,,[실적치],University of Notre Dame ND-GAIN Country Index 2026,https://gain.nd.edu/assets/647440/ndgain_countryindex_2026.zip,기관 이용약관,B-009.xlsx,1.1_observation(측정값),152,
B-009,WWF 생물다양성·기후 리스크,observation,v124-b-009-obs-00342,B-009_ndgain_habitat,VNM,2024,2024,2024,,,,0.4285,지수,,,,,,[실적치],University of Notre Dame ND-GAIN Country Index 2026,https://gain.nd.edu/assets/647440/ndgain_countryindex_2026.zip,기관 이용약관,B-009.xlsx,1.1_observation(측정값),153,
B-009,WWF 생물다양성·기후 리스크,observation,v124-b-009-obs-00343,B-009_ndgain_health,VNM,1995,1995,1995,,,,0.5002,지수,,,,,,[실적치],University of Notre Dame ND-GAIN Country Index 2026,https://gain.nd.edu/assets/647440/ndgain_countryindex_2026.zip,기관 이용약관,B-009.xlsx,1.1_observation(측정값),64,
B-009,WWF 생물다양성·기후 리스크,observation,v124-b-009-obs-00344,B-009_ndgain_health,VNM,1996,1996,1996,,,,0.5002,지수,,,,,,[실적치],University of Notre Dame ND-GAIN Country Index 2026,https://gain.nd.edu/assets/647440/ndgain_countryindex_2026.zip,기관 이용약관,B-009.xlsx,1.1_observation(측정값),65,
B-009,WWF 생물다양성·기후 리스크,observation,v124-b-009-obs-00345,B-009_ndgain_health,VNM,1997,1997,1997,,,,0.5002,지수,,,,,,[실적치],University of Notre Dame ND-GAIN Country Index 2026,https://gain.nd.edu/assets/647440/ndgain_countryindex_2026.zip,기관 이용약관,B-009.xlsx,1.1_observation(측정값),66,
B-009,WWF 생물다양성·기후 리스크,observation,v124-b-009-obs-00346,B-009_ndgain_health,VNM,1998,1998,1998,,,,0.5007,지수,,,,,,[실적치],University of Notre Dame ND-GAIN Country Index 2026,https://gain.nd.edu/assets/647440/ndgain_countryindex_2026.zip,기관 이용약관,B-009.xlsx,1.1_observation(측정값),67,
B-009,WWF 생물다양성·기후 리스크,observation,v124-b-009-obs-00347,B-009_ndgain_health,VNM,1999,1999,1999,,,,0.5005,지수,,,,,,[실적치],University of Notre Dame ND-GAIN Country Index 2026,https://gain.nd.edu/assets/647440/ndgain_countryindex_2026.zip,기관 이용약관,B-009.xlsx,1.1_observation(측정값),68,
B-009,WWF 생물다양성·기후 리스크,observation,v124-b-009-obs-00348,B-009_ndgain_health,VNM,2000,2000,2000,,,,0.5005,지수,,,,,,[실적치],University of Notre Dame ND-GAIN Country Index 2026,https://gain.nd.edu/assets/647440/ndgain_countryindex_2026.zip,기관 이용약관,B-009.xlsx,1.1_observation(측정값),69,
B-009,WWF 생물다양성·기후 리스크,observation,v124-b-009-obs-00349,B-009_ndgain_health,VNM,2001,2001,2001,,,,0.4923,지수,,,,,,[실적치],University of Notre Dame ND-GAIN Country Index 2026,https://gain.nd.edu/assets/647440/ndgain_countryindex_2026.zip,기관 이용약관,B-009.xlsx,1.1_observation(측정값),70,
B-009,WWF 생물다양성·기후 리스크,observation,v124-b-009-obs-00350,B-009_ndgain_health,VNM,2002,2002,2002,,,,0.4908,지수,,,,,,[실적치],University of Notre Dame ND-GAIN Country Index 2026,https://gain.nd.edu/assets/647440/ndgain_countryindex_2026.zip,기관 이용약관,B-009.xlsx,1.1_observation(측정값),71,
B-009,WWF 생물다양성·기후 리스크,observation,v124-b-009-obs-00351,B-009_ndgain_health,VNM,2003,2003,2003,,,,0.4867,지수,,,,,,[실적치],University of Notre Dame ND-GAIN Country Index 2026,https://gain.nd.edu/assets/647440/ndgain_countryindex_2026.zip,기관 이용약관,B-009.xlsx,1.1_observation(측정값),72,
B-009,WWF 생물다양성·기후 리스크,observation,v124-b-009-obs-00352,B-009_ndgain_health,VNM,2004,2004,2004,,,,0.4849,지수,,,,,,[실적치],University of Notre Dame ND-GAIN Country Index 2026,https://gain.nd.edu/assets/647440/ndgain_countryindex_2026.zip,기관 이용약관,B-009.xlsx,1.1_observation(측정값),73,
B-009,WWF 생물다양성·기후 리스크,observation,v124-b-009-obs-00353,B-009_ndgain_health,VNM,2005,2005,2005,,,,0.4711,지수,,,,,,[실적치],University of Notre Dame ND-GAIN Country Index 2026,https://gain.nd.edu/assets/647440/ndgain_countryindex_2026.zip,기관 이용약관,B-009.xlsx,1.1_observation(측정값),74,
B-009,WWF 생물다양성·기후 리스크,observation,v124-b-009-obs-00354,B-009_ndgain_health,VNM,2006,2006,2006,,,,0.4656,지수,,,,,,[실적치],University of Notre Dame ND-GAIN Country Index 2026,https://gain.nd.edu/assets/647440/ndgain_countryindex_2026.zip,기관 이용약관,B-009.xlsx,1.1_observation(측정값),75,
B-009,WWF 생물다양성·기후 리스크,observation,v124-b-009-obs-00355,B-009_ndgain_health,VNM,2007,2007,2007,,,,0.4579,지수,,,,,,[실적치],University of Notre Dame ND-GAIN Country Index 2026,https://gain.nd.edu/assets/647440/ndgain_countryindex_2026.zip,기관 이용약관,B-009.xlsx,1.1_observation(측정값),76,
B-009,WWF 생물다양성·기후 리스크,observation,v124-b-009-obs-00356,B-009_ndgain_health,VNM,2008,2008,2008,,,,0.445,지수,,,,,,[실적치],University of Notre Dame ND-GAIN Country Index 2026,https://gain.nd.edu/assets/647440/ndgain_countryindex_2026.zip,기관 이용약관,B-009.xlsx,1.1_observation(측정값),77,
B-009,WWF 생물다양성·기후 리스크,observation,v124-b-009-obs-00357,B-009_ndgain_health,VNM,2009,2009,2009,,,,0.4405,지수,,,,,,[실적치],University of Notre Dame ND-GAIN Country Index 2026,https://gain.nd.edu/assets/647440/ndgain_countryindex_2026.zip,기관 이용약관,B-009.xlsx,1.1_observation(측정값),78,
B-009,WWF 생물다양성·기후 리스크,observation,v124-b-009-obs-00358,B-009_ndgain_health,VNM,2010,2010,2010,,,,0.4335,지수,,,,,,[실적치],University of Notre Dame ND-GAIN Country Index 2026,https://gain.nd.edu/assets/647440/ndgain_countryindex_2026.zip,기관 이용약관,B-009.xlsx,1.1_observation(측정값),79,
B-009,WWF 생물다양성·기후 리스크,observation,v124-b-009-obs-00359,B-009_ndgain_health,VNM,2011,2011,2011,,,,0.429,지수,,,,,,[실적치],University of Notre Dame ND-GAIN Country Index 2026,https://gain.nd.edu/assets/647440/ndgain_countryindex_2026.zip,기관 이용약관,B-009.xlsx,1.1_observation(측정값),80,
B-009,WWF 생물다양성·기후 리스크,observation,v124-b-009-obs-00360,B-009_ndgain_health,VNM,2012,2012,2012,,,,0.4234,지수,,,,,,[실적치],University of Notre Dame ND-GAIN Country Index 2026,https://gain.nd.edu/assets/647440/ndgain_countryindex_2026.zip,기관 이용약관,B-009.xlsx,1.1_observation(측정값),81,
B-009,WWF 생물다양성·기후 리스크,observation,v124-b-009-obs-00361,B-009_ndgain_health,VNM,2013,2013,2013,,,,0.4192,지수,,,,,,[실적치],University of Notre Dame ND-GAIN Country Index 2026,https://gain.nd.edu/assets/647440/ndgain_countryindex_2026.zip,기관 이용약관,B-009.xlsx,1.1_observation(측정값),82,
B-009,WWF 생물다양성·기후 리스크,observation,v124-b-009-obs-00362,B-009_ndgain_health,VNM,2014,2014,2014,,,,0.4177,지수,,,,,,[실적치],University of Notre Dame ND-GAIN Country Index 2026,https://gain.nd.edu/assets/647440/ndgain_countryindex_2026.zip,기관 이용약관,B-009.xlsx,1.1_observation(측정값),83,
B-009,WWF 생물다양성·기후 리스크,observation,v124-b-009-obs-00363,B-009_ndgain_health,VNM,2015,2015,2015,,,,0.4067,지수,,,,,,[실적치],University of Notre Dame ND-GAIN Country Index 2026,https://gain.nd.edu/assets/647440/ndgain_countryindex_2026.zip,기관 이용약관,B-009.xlsx,1.1_observation(측정값),84,
B-009,WWF 생물다양성·기후 리스크,observation,v124-b-009-obs-00364,B-009_ndgain_health,VNM,2016,2016,2016,,,,0.4016,지수,,,,,,[실적치],University of Notre Dame ND-GAIN Country Index 2026,https://gain.nd.edu/assets/647440/ndgain_countryindex_2026.zip,기관 이용약관,B-009.xlsx,1.1_observation(측정값),85,
B-009,WWF 생물다양성·기후 리스크,observation,v124-b-009-obs-00365,B-009_ndgain_health,VNM,2017,2017,2017,,,,0.3945,지수,,,,,,[실적치],University of Notre Dame ND-GAIN Country Index 2026,https://gain.nd.edu/assets/647440/ndgain_countryindex_2026.zip,기관 이용약관,B-009.xlsx,1.1_observation(측정값),86,
B-009,WWF 생물다양성·기후 리스크,observation,v124-b-009-obs-00366,B-009_ndgain_health,VNM,2018,2018,2018,,,,0.3933,지수,,,,,,[실적치],University of Notre Dame ND-GAIN Country Index 2026,https://gain.nd.edu/assets/647440/ndgain_countryindex_2026.zip,기관 이용약관,B-009.xlsx,1.1_observation(측정값),87,
B-009,WWF 생물다양성·기후 리스크,observation,v124-b-009-obs-00367,B-009_ndgain_health,VNM,2019,2019,2019,,,,0.3916,지수,,,,,,[실적치],University of Notre Dame ND-GAIN Country Index 2026,https://gain.nd.edu/assets/647440/ndgain_countryindex_2026.zip,기관 이용약관,B-009.xlsx,1.1_observation(측정값),88,
B-009,WWF 생물다양성·기후 리스크,observation,v124-b-009-obs-00368,B-009_ndgain_health,VNM,2020,2020,2020,,,,0.3955,지수,,,,,,[실적치],University of Notre Dame ND-GAIN Country Index 2026,https://gain.nd.edu/assets/647440/ndgain_countryindex_2026.zip,기관 이용약관,B-009.xlsx,1.1_observation(측정값),89,
B-009,WWF 생물다양성·기후 리스크,observation,v124-b-009-obs-00369,B-009_ndgain_health,VNM,2021,2021,2021,,,,0.413,지수,,,,,,[실적치],University of Notre Dame ND-GAIN Country Index 2026,https://gain.nd.edu/assets/647440/ndgain_countryindex_2026.zip,기관 이용약관,B-009.xlsx,1.1_observation(측정값),90,
B-009,WWF 생물다양성·기후 리스크,observation,v124-b-009-obs-00370,B-009_ndgain_health,VNM,2022,2022,2022,,,,0.4368,지수,,,,,,[실적치],University of Notre Dame ND-GAIN Country Index 2026,https://gain.nd.edu/assets/647440/ndgain_countryindex_2026.zip,기관 이용약관,B-009.xlsx,1.1_observation(측정값),91,
B-009,WWF 생물다양성·기후 리스크,observation,v124-b-009-obs-00371,B-009_ndgain_health,VNM,2023,2023,2023,,,,0.4334,지수,,,,,,[실적치],University of Notre Dame ND-GAIN Country Index 2026,https://gain.nd.edu/assets/647440/ndgain_countryindex_2026.zip,기관 이용약관,B-009.xlsx,1.1_observation(측정값),92,
B-009,WWF 생물다양성·기후 리스크,observation,v124-b-009-obs-00372,B-009_ndgain_health,VNM,2024,2024,2024,,,,0.4317,지수,,,,,,[실적치],University of Notre Dame ND-GAIN Country Index 2026,https://gain.nd.edu/assets/647440/ndgain_countryindex_2026.zip,기관 이용약관,B-009.xlsx,1.1_observation(측정값),93,
B-009,WWF 생물다양성·기후 리스크,observation,v124-b-009-obs-00373,B-009_ndgain_infrastructure,VNM,1995,1995,1995,,,,0.5109,지수,,,,,,[실적치],University of Notre Dame ND-GAIN Country Index 2026,https://gain.nd.edu/assets/647440/ndgain_countryindex_2026.zip,기관 이용약관,B-009.xlsx,1.1_observation(측정값),154,
B-009,WWF 생물다양성·기후 리스크,observation,v124-b-009-obs-00374,B-009_ndgain_infrastructure,VNM,1996,1996,1996,,,,0.5109,지수,,,,,,[실적치],University of Notre Dame ND-GAIN Country Index 2026,https://gain.nd.edu/assets/647440/ndgain_countryindex_2026.zip,기관 이용약관,B-009.xlsx,1.1_observation(측정값),155,
B-009,WWF 생물다양성·기후 리스크,observation,v124-b-009-obs-00375,B-009_ndgain_infrastructure,VNM,1997,1997,1997,,,,0.5109,지수,,,,,,[실적치],University of Notre Dame ND-GAIN Country Index 2026,https://gain.nd.edu/assets/647440/ndgain_countryindex_2026.zip,기관 이용약관,B-009.xlsx,1.1_observation(측정값),156,
B-009,WWF 생물다양성·기후 리스크,observation,v124-b-009-obs-00376,B-009_ndgain_infrastructure,VNM,1998,1998,1998,,,,0.4952,지수,,,,,,[실적치],University of Notre Dame ND-GAIN Country Index 2026,https://gain.nd.edu/assets/647440/ndgain_countryindex_2026.zip,기관 이용약관,B-009.xlsx,1.1_observation(측정값),157,
B-009,WWF 생물다양성·기후 리스크,observation,v124-b-009-obs-00377,B-009_ndgain_infrastructure,VNM,1999,1999,1999,,,,0.4935,지수,,,,,,[실적치],University of Notre Dame ND-GAIN Country Index 2026,https://gain.nd.edu/assets/647440/ndgain_countryindex_2026.zip,기관 이용약관,B-009.xlsx,1.1_observation(측정값),158,
B-009,WWF 생물다양성·기후 리스크,observation,v124-b-009-obs-00378,B-009_ndgain_infrastructure,VNM,2000,2000,2000,,,,0.4911,지수,,,,,,[실적치],University of Notre Dame ND-GAIN Country Index 2026,https://gain.nd.edu/assets/647440/ndgain_countryindex_2026.zip,기관 이용약관,B-009.xlsx,1.1_observation(측정값),159,
B-009,WWF 생물다양성·기후 리스크,observation,v124-b-009-obs-00379,B-009_ndgain_infrastructure,VNM,2001,2001,2001,,,,0.4897,지수,,,,,,[실적치],University of Notre Dame ND-GAIN Country Index 2026,https://gain.nd.edu/assets/647440/ndgain_countryindex_2026.zip,기관 이용약관,B-009.xlsx,1.1_observation(측정값),160,
B-009,WWF 생물다양성·기후 리스크,observation,v124-b-009-obs-00380,B-009_ndgain_infrastructure,VNM,2002,2002,2002,,,,0.4893,지수,,,,,,[실적치],University of Notre Dame ND-GAIN Country Index 2026,https://gain.nd.edu/assets/647440/ndgain_countryindex_2026.zip,기관 이용약관,B-009.xlsx,1.1_observation(측정값),161,
B-009,WWF 생물다양성·기후 리스크,observation,v124-b-009-obs-00381,B-009_ndgain_infrastructure,VNM,2003,2003,2003,,,,0.4868,지수,,,,,,[실적치],University of Notre Dame ND-GAIN Country Index 2026,https://gain.nd.edu/assets/647440/ndgain_countryindex_2026.zip,기관 이용약관,B-009.xlsx,1.1_observation(측정값),162,
B-009,WWF 생물다양성·기후 리스크,observation,v124-b-009-obs-00382,B-009_ndgain_infrastructure,VNM,2004,2004,2004,,,,0.4854,지수,,,,,,[실적치],University of Notre Dame ND-GAIN Country Index 2026,https://gain.nd.edu/assets/647440/ndgain_countryindex_2026.zip,기관 이용약관,B-009.xlsx,1.1_observation(측정값),163,
B-009,WWF 생물다양성·기후 리스크,observation,v124-b-009-obs-00383,B-009_ndgain_infrastructure,VNM,2005,2005,2005,,,,0.4751,지수,,,,,,[실적치],University of Notre Dame ND-GAIN Country Index 2026,https://gain.nd.edu/assets/647440/ndgain_countryindex_2026.zip,기관 이용약관,B-009.xlsx,1.1_observation(측정값),164,
B-009,WWF 생물다양성·기후 리스크,observation,v124-b-009-obs-00384,B-009_ndgain_infrastructure,VNM,2006,2006,2006,,,,0.4753,지수,,,,,,[실적치],University of Notre Dame ND-GAIN Country Index 2026,https://gain.nd.edu/assets/647440/ndgain_countryindex_2026.zip,기관 이용약관,B-009.xlsx,1.1_observation(측정값),165,
B-009,WWF 생물다양성·기후 리스크,observation,v124-b-009-obs-00385,B-009_ndgain_infrastructure,VNM,2007,2007,2007,,,,0.4812,지수,,,,,,[실적치],University of Notre Dame ND-GAIN Country Index 2026,https://gain.nd.edu/assets/647440/ndgain_countryindex_2026.zip,기관 이용약관,B-009.xlsx,1.1_observation(측정값),166,
B-009,WWF 생물다양성·기후 리스크,observation,v124-b-009-obs-00386,B-009_ndgain_infrastructure,VNM,2008,2008,2008,,,,0.4798,지수,,,,,,[실적치],University of Notre Dame ND-GAIN Country Index 2026,https://gain.nd.edu/assets/647440/ndgain_countryindex_2026.zip,기관 이용약관,B-009.xlsx,1.1_observation(측정값),167,
B-009,WWF 생물다양성·기후 리스크,observation,v124-b-009-obs-00387,B-009_ndgain_infrastructure,VNM,2009,2009,2009,,,,0.4751,지수,,,,,,[실적치],University of Notre Dame ND-GAIN Country Index 2026,https://gain.nd.edu/assets/647440/ndgain_countryindex_2026.zip,기관 이용약관,B-009.xlsx,1.1_observation(측정값),168,
B-009,WWF 생물다양성·기후 리스크,observation,v124-b-009-obs-00388,B-009_ndgain_infrastructure,VNM,2010,2010,2010,,,,0.4725,지수,,,,,,[실적치],University of Notre Dame ND-GAIN Country Index 2026,https://gain.nd.edu/assets/647440/ndgain_countryindex_2026.zip,기관 이용약관,B-009.xlsx,1.1_observation(측정값),169,
B-009,WWF 생물다양성·기후 리스크,observation,v124-b-009-obs-00389,B-009_ndgain_infrastructure,VNM,2011,2011,2011,,,,0.4693,지수,,,,,,[실적치],University of Notre Dame ND-GAIN Country Index 2026,https://gain.nd.edu/assets/647440/ndgain_countryindex_2026.zip,기관 이용약관,B-009.xlsx,1.1_observation(측정값),170,
B-009,WWF 생물다양성·기후 리스크,observation,v124-b-009-obs-00390,B-009_ndgain_infrastructure,VNM,2012,2012,2012,,,,0.4715,지수,,,,,,[실적치],University of Notre Dame ND-GAIN Country Index 2026,https://gain.nd.edu/assets/647440/ndgain_countryindex_2026.zip,기관 이용약관,B-009.xlsx,1.1_observation(측정값),171,
B-009,WWF 생물다양성·기후 리스크,observation,v124-b-009-obs-00391,B-009_ndgain_infrastructure,VNM,2013,2013,2013,,,,0.4703,지수,,,,,,[실적치],University of Notre Dame ND-GAIN Country Index 2026,https://gain.nd.edu/assets/647440/ndgain_countryindex_2026.zip,기관 이용약관,B-009.xlsx,1.1_observation(측정값),172,
B-009,WWF 생물다양성·기후 리스크,observation,v124-b-009-obs-00392,B-009_ndgain_infrastructure,VNM,2014,2014,2014,,,,0.4689,지수,,,,,,[실적치],University of Notre Dame ND-GAIN Country Index 2026,https://gain.nd.edu/assets/647440/ndgain_countryindex_2026.zip,기관 이용약관,B-009.xlsx,1.1_observation(측정값),173,
B-009,WWF 생물다양성·기후 리스크,observation,v124-b-009-obs-00393,B-009_ndgain_infrastructure,VNM,2015,2015,2015,,,,0.4852,지수,,,,,,[실적치],University of Notre Dame ND-GAIN Country Index 2026,https://gain.nd.edu/assets/647440/ndgain_countryindex_2026.zip,기관 이용약관,B-009.xlsx,1.1_observation(측정값),174,
B-009,WWF 생물다양성·기후 리스크,observation,v124-b-009-obs-00394,B-009_ndgain_infrastructure,VNM,2016,2016,2016,,,,0.5009,지수,,,,,,[실적치],University of Notre Dame ND-GAIN Country Index 2026,https://gain.nd.edu/assets/647440/ndgain_countryindex_2026.zip,기관 이용약관,B-009.xlsx,1.1_observation(측정값),175,
B-009,WWF 생물다양성·기후 리스크,observation,v124-b-009-obs-00395,B-009_ndgain_infrastructure,VNM,2017,2017,2017,,,,0.5051,지수,,,,,,[실적치],University of Notre Dame ND-GAIN Country Index 2026,https://gain.nd.edu/assets/647440/ndgain_countryindex_2026.zip,기관 이용약관,B-009.xlsx,1.1_observation(측정값),176,
B-009,WWF 생물다양성·기후 리스크,observation,v124-b-009-obs-00396,B-009_ndgain_infrastructure,VNM,2018,2018,2018,,,,0.5209,지수,,,,,,[실적치],University of Notre Dame ND-GAIN Country Index 2026,https://gain.nd.edu/assets/647440/ndgain_countryindex_2026.zip,기관 이용약관,B-009.xlsx,1.1_observation(측정값),177,
B-009,WWF 생물다양성·기후 리스크,observation,v124-b-009-obs-00397,B-009_ndgain_infrastructure,VNM,2019,2019,2019,,,,0.5469,지수,,,,,,[실적치],University of Notre Dame ND-GAIN Country Index 2026,https://gain.nd.edu/assets/647440/ndgain_countryindex_2026.zip,기관 이용약관,B-009.xlsx,1.1_observation(측정값),178,
B-009,WWF 생물다양성·기후 리스크,observation,v124-b-009-obs-00398,B-009_ndgain_infrastructure,VNM,2020,2020,2020,,,,0.5605,지수,,,,,,[실적치],University of Notre Dame ND-GAIN Country Index 2026,https://gain.nd.edu/assets/647440/ndgain_countryindex_2026.zip,기관 이용약관,B-009.xlsx,1.1_observation(측정값),179,
B-009,WWF 생물다양성·기후 리스크,observation,v124-b-009-obs-00399,B-009_ndgain_infrastructure,VNM,2021,2021,2021,,,,0.5352,지수,,,,,,[실적치],University of Notre Dame ND-GAIN Country Index 2026,https://gain.nd.edu/assets/647440/ndgain_countryindex_2026.zip,기관 이용약관,B-009.xlsx,1.1_observation(측정값),180,
B-009,WWF 생물다양성·기후 리스크,observation,v124-b-009-obs-00400,B-009_ndgain_infrastructure,VNM,2022,2022,2022,,,,0.5353,지수,,,,,,[실적치],University of Notre Dame ND-GAIN Country Index 2026,https://gain.nd.edu/assets/647440/ndgain_countryindex_2026.zip,기관 이용약관,B-009.xlsx,1.1_observation(측정값),181,
B-009,WWF 생물다양성·기후 리스크,observation,v124-b-009-obs-00401,B-009_ndgain_infrastructure,VNM,2023,2023,2023,,,,0.5584,지수,,,,,,[실적치],University of Notre Dame ND-GAIN Country Index 2026,https://gain.nd.edu/assets/647440/ndgain_countryindex_2026.zip,기관 이용약관,B-009.xlsx,1.1_observation(측정값),182,
B-009,WWF 생물다양성·기후 리스크,observation,v124-b-009-obs-00402,B-009_ndgain_infrastructure,VNM,2024,2024,2024,,,,0.5584,지수,,,,,,[실적치],University of Notre Dame ND-GAIN Country Index 2026,https://gain.nd.edu/assets/647440/ndgain_countryindex_2026.zip,기관 이용약관,B-009.xlsx,1.1_observation(측정값),183,
B-009,WWF 생물다양성·기후 리스크,observation,v124-b-009-obs-00403,B-009_ndgain_water,VNM,1995,1995,1995,,,,0.5702,지수,,,,,,[실적치],University of Notre Dame ND-GAIN Country Index 2026,https://gain.nd.edu/assets/647440/ndgain_countryindex_2026.zip,기관 이용약관,B-009.xlsx,1.1_observation(측정값),34,
B-009,WWF 생물다양성·기후 리스크,observation,v124-b-009-obs-00404,B-009_ndgain_water,VNM,1996,1996,1996,,,,0.5712,지수,,,,,,[실적치],University of Notre Dame ND-GAIN Country Index 2026,https://gain.nd.edu/assets/647440/ndgain_countryindex_2026.zip,기관 이용약관,B-009.xlsx,1.1_observation(측정값),35,
B-009,WWF 생물다양성·기후 리스크,observation,v124-b-009-obs-00405,B-009_ndgain_water,VNM,1997,1997,1997,,,,0.5724,지수,,,,,,[실적치],University of Notre Dame ND-GAIN Country Index 2026,https://gain.nd.edu/assets/647440/ndgain_countryindex_2026.zip,기관 이용약관,B-009.xlsx,1.1_observation(측정값),36,
B-009,WWF 생물다양성·기후 리스크,observation,v124-b-009-obs-00406,B-009_ndgain_water,VNM,1998,1998,1998,,,,0.5735,지수,,,,,,[실적치],University of Notre Dame ND-GAIN Country Index 2026,https://gain.nd.edu/assets/647440/ndgain_countryindex_2026.zip,기관 이용약관,B-009.xlsx,1.1_observation(측정값),37,
B-009,WWF 생물다양성·기후 리스크,observation,v124-b-009-obs-00407,B-009_ndgain_water,VNM,1999,1999,1999,,,,0.5744,지수,,,,,,[실적치],University of Notre Dame ND-GAIN Country Index 2026,https://gain.nd.edu/assets/647440/ndgain_countryindex_2026.zip,기관 이용약관,B-009.xlsx,1.1_observation(측정값),38,
B-009,WWF 생물다양성·기후 리스크,observation,v124-b-009-obs-00408,B-009_ndgain_water,VNM,2000,2000,2000,,,,0.5755,지수,,,,,,[실적치],University of Notre Dame ND-GAIN Country Index 2026,https://gain.nd.edu/assets/647440/ndgain_countryindex_2026.zip,기관 이용약관,B-009.xlsx,1.1_observation(측정값),39,
B-009,WWF 생물다양성·기후 리스크,observation,v124-b-009-obs-00409,B-009_ndgain_water,VNM,2001,2001,2001,,,,0.5749,지수,,,,,,[실적치],University of Notre Dame ND-GAIN Country Index 2026,https://gain.nd.edu/assets/647440/ndgain_countryindex_2026.zip,기관 이용약관,B-009.xlsx,1.1_observation(측정값),40,
B-009,WWF 생물다양성·기후 리스크,observation,v124-b-009-obs-00410,B-009_ndgain_water,VNM,2002,2002,2002,,,,0.5744,지수,,,,,,[실적치],University of Notre Dame ND-GAIN Country Index 2026,https://gain.nd.edu/assets/647440/ndgain_countryindex_2026.zip,기관 이용약관,B-009.xlsx,1.1_observation(측정값),41,
B-009,WWF 생물다양성·기후 리스크,observation,v124-b-009-obs-00411,B-009_ndgain_water,VNM,2003,2003,2003,,,,0.5744,지수,,,,,,[실적치],University of Notre Dame ND-GAIN Country Index 2026,https://gain.nd.edu/assets/647440/ndgain_countryindex_2026.zip,기관 이용약관,B-009.xlsx,1.1_observation(측정값),42,
B-009,WWF 생물다양성·기후 리스크,observation,v124-b-009-obs-00412,B-009_ndgain_water,VNM,2004,2004,2004,,,,0.5745,지수,,,,,,[실적치],University of Notre Dame ND-GAIN Country Index 2026,https://gain.nd.edu/assets/647440/ndgain_countryindex_2026.zip,기관 이용약관,B-009.xlsx,1.1_observation(측정값),43,
B-009,WWF 생물다양성·기후 리스크,observation,v124-b-009-obs-00413,B-009_ndgain_water,VNM,2005,2005,2005,,,,0.5745,지수,,,,,,[실적치],University of Notre Dame ND-GAIN Country Index 2026,https://gain.nd.edu/assets/647440/ndgain_countryindex_2026.zip,기관 이용약관,B-009.xlsx,1.1_observation(측정값),44,
B-009,WWF 생물다양성·기후 리스크,observation,v124-b-009-obs-00414,B-009_ndgain_water,VNM,2006,2006,2006,,,,0.5738,지수,,,,,,[실적치],University of Notre Dame ND-GAIN Country Index 2026,https://gain.nd.edu/assets/647440/ndgain_countryindex_2026.zip,기관 이용약관,B-009.xlsx,1.1_observation(측정값),45,
B-009,WWF 생물다양성·기후 리스크,observation,v124-b-009-obs-00415,B-009_ndgain_water,VNM,2007,2007,2007,,,,0.5733,지수,,,,,,[실적치],University of Notre Dame ND-GAIN Country Index 2026,https://gain.nd.edu/assets/647440/ndgain_countryindex_2026.zip,기관 이용약관,B-009.xlsx,1.1_observation(측정값),46,
B-009,WWF 생물다양성·기후 리스크,observation,v124-b-009-obs-00416,B-009_ndgain_water,VNM,2008,2008,2008,,,,0.5728,지수,,,,,,[실적치],University of Notre Dame ND-GAIN Country Index 2026,https://gain.nd.edu/assets/647440/ndgain_countryindex_2026.zip,기관 이용약관,B-009.xlsx,1.1_observation(측정값),47,
B-009,WWF 생물다양성·기후 리스크,observation,v124-b-009-obs-00417,B-009_ndgain_water,VNM,2009,2009,2009,,,,0.5802,지수,,,,,,[실적치],University of Notre Dame ND-GAIN Country Index 2026,https://gain.nd.edu/assets/647440/ndgain_countryindex_2026.zip,기관 이용약관,B-009.xlsx,1.1_observation(측정값),48,
B-009,WWF 생물다양성·기후 리스크,observation,v124-b-009-obs-00418,B-009_ndgain_water,VNM,2010,2010,2010,,,,0.5795,지수,,,,,,[실적치],University of Notre Dame ND-GAIN Country Index 2026,https://gain.nd.edu/assets/647440/ndgain_countryindex_2026.zip,기관 이용약관,B-009.xlsx,1.1_observation(측정값),49,
B-009,WWF 생물다양성·기후 리스크,observation,v124-b-009-obs-00419,B-009_ndgain_water,VNM,2011,2011,2011,,,,0.5709,지수,,,,,,[실적치],University of Notre Dame ND-GAIN Country Index 2026,https://gain.nd.edu/assets/647440/ndgain_countryindex_2026.zip,기관 이용약관,B-009.xlsx,1.1_observation(측정값),50,
B-009,WWF 생물다양성·기후 리스크,observation,v124-b-009-obs-00420,B-009_ndgain_water,VNM,2012,2012,2012,,,,0.5702,지수,,,,,,[실적치],University of Notre Dame ND-GAIN Country Index 2026,https://gain.nd.edu/assets/647440/ndgain_countryindex_2026.zip,기관 이용약관,B-009.xlsx,1.1_observation(측정값),51,
B-009,WWF 생물다양성·기후 리스크,observation,v124-b-009-obs-00421,B-009_ndgain_water,VNM,2013,2013,2013,,,,0.5695,지수,,,,,,[실적치],University of Notre Dame ND-GAIN Country Index 2026,https://gain.nd.edu/assets/647440/ndgain_countryindex_2026.zip,기관 이용약관,B-009.xlsx,1.1_observation(측정값),52,
B-009,WWF 생물다양성·기후 리스크,observation,v124-b-009-obs-00422,B-009_ndgain_water,VNM,2014,2014,2014,,,,0.5688,지수,,,,,,[실적치],University of Notre Dame ND-GAIN Country Index 2026,https://gain.nd.edu/assets/647440/ndgain_countryindex_2026.zip,기관 이용약관,B-009.xlsx,1.1_observation(측정값),53,
B-009,WWF 생물다양성·기후 리스크,observation,v124-b-009-obs-00423,B-009_ndgain_water,VNM,2015,2015,2015,,,,0.5682,지수,,,,,,[실적치],University of Notre Dame ND-GAIN Country Index 2026,https://gain.nd.edu/assets/647440/ndgain_countryindex_2026.zip,기관 이용약관,B-009.xlsx,1.1_observation(측정값),54,
B-009,WWF 생물다양성·기후 리스크,observation,v124-b-009-obs-00424,B-009_ndgain_water,VNM,2016,2016,2016,,,,0.5674,지수,,,,,,[실적치],University of Notre Dame ND-GAIN Country Index 2026,https://gain.nd.edu/assets/647440/ndgain_countryindex_2026.zip,기관 이용약관,B-009.xlsx,1.1_observation(측정값),55,
B-009,WWF 생물다양성·기후 리스크,observation,v124-b-009-obs-00425,B-009_ndgain_water,VNM,2017,2017,2017,,,,0.5667,지수,,,,,,[실적치],University of Notre Dame ND-GAIN Country Index 2026,https://gain.nd.edu/assets/647440/ndgain_countryindex_2026.zip,기관 이용약관,B-009.xlsx,1.1_observation(측정값),56,
B-009,WWF 생물다양성·기후 리스크,observation,v124-b-009-obs-00426,B-009_ndgain_water,VNM,2018,2018,2018,,,,0.566,지수,,,,,,[실적치],University of Notre Dame ND-GAIN Country Index 2026,https://gain.nd.edu/assets/647440/ndgain_countryindex_2026.zip,기관 이용약관,B-009.xlsx,1.1_observation(측정값),57,
B-009,WWF 생물다양성·기후 리스크,observation,v124-b-009-obs-00427,B-009_ndgain_water,VNM,2019,2019,2019,,,,0.5653,지수,,,,,,[실적치],University of Notre Dame ND-GAIN Country Index 2026,https://gain.nd.edu/assets/647440/ndgain_countryindex_2026.zip,기관 이용약관,B-009.xlsx,1.1_observation(측정값),58,
B-009,WWF 생물다양성·기후 리스크,observation,v124-b-009-obs-00428,B-009_ndgain_water,VNM,2020,2020,2020,,,,0.5646,지수,,,,,,[실적치],University of Notre Dame ND-GAIN Country Index 2026,https://gain.nd.edu/assets/647440/ndgain_countryindex_2026.zip,기관 이용약관,B-009.xlsx,1.1_observation(측정값),59,
B-009,WWF 생물다양성·기후 리스크,observation,v124-b-009-obs-00429,B-009_ndgain_water,VNM,2021,2021,2021,,,,0.5639,지수,,,,,,[실적치],University of Notre Dame ND-GAIN Country Index 2026,https://gain.nd.edu/assets/647440/ndgain_countryindex_2026.zip,기관 이용약관,B-009.xlsx,1.1_observation(측정값),60,
B-009,WWF 생물다양성·기후 리스크,observation,v124-b-009-obs-00430,B-009_ndgain_water,VNM,2022,2022,2022,,,,0.5632,지수,,,,,,[실적치],University of Notre Dame ND-GAIN Country Index 2026,https://gain.nd.edu/assets/647440/ndgain_countryindex_2026.zip,기관 이용약관,B-009.xlsx,1.1_observation(측정값),61,
B-009,WWF 생물다양성·기후 리스크,observation,v124-b-009-obs-00431,B-009_ndgain_water,VNM,2023,2023,2023,,,,0.5625,지수,,,,,,[실적치],University of Notre Dame ND-GAIN Country Index 2026,https://gain.nd.edu/assets/647440/ndgain_countryindex_2026.zip,기관 이용약관,B-009.xlsx,1.1_observation(측정값),62,
B-009,WWF 생물다양성·기후 리스크,observation,v124-b-009-obs-00432,B-009_ndgain_water,VNM,2024,2024,2024,,,,0.5616,지수,,,,,,[실적치],University of Notre Dame ND-GAIN Country Index 2026,https://gain.nd.edu/assets/647440/ndgain_countryindex_2026.zip,기관 이용약관,B-009.xlsx,1.1_observation(측정값),63,
B-009,WWF 생물다양성·기후 리스크,observation,v124-b-009-obs-00433,B-009_wwf_brf_physical,VNM,2026,2026,2026,,,,2.74,지수,,,,,,[실적치] · BRF Country Profiles 2026(RFS V3.0) Country Risk 시트 SPH — 면적가중 평균 위험도,WWF Biodiversity Risk Filter,https://riskfilter.org/biodiversity/explore/country-profiles,기관 이용약관,B-009.xlsx,1.1_observation(측정값),184,
B-009,WWF 생물다양성·기후 리스크,observation,v124-b-009-obs-00434,B-009_wwf_brf_regulatory,VNM,2026,2026,2026,,,,2.75,지수,,,,,,[실적치] · BRF Country Profiles 2026 Country Risk 시트 SRG — 면적가중 평균 위험도,WWF Biodiversity Risk Filter,https://riskfilter.org/biodiversity/explore/country-profiles,기관 이용약관,B-009.xlsx,1.1_observation(측정값),185,
B-009,WWF 생물다양성·기후 리스크,observation,v124-b-009-obs-00435,B-009_wwf_brf_reputational,VNM,2026,2026,2026,,,,3.71,지수,,,,,,[실적치] · BRF Country Profiles 2026 Country Risk 시트 SRP — 면적가중 평균 위험도,WWF Biodiversity Risk Filter,https://riskfilter.org/biodiversity/explore/country-profiles,기관 이용약관,B-009.xlsx,1.1_observation(측정값),186,
