element_id,element_label,record_type,record_id,indicator_id,country_iso3,year,value,unit,name,latitude,longitude,attributes_json,missing_reason_code,note,source_org,source_url,license_code,source_file,source_sheet,source_row,publication_decision_id
B-005,"가뭄[연속 건조일수(CDD), 표준강수지수(SPEI12), 토양수분]",observation,vnm-v121-b-005-obs-4-a77fc364e8b3125c,B-005_cdd_historical,VNM,1950,22.08,일,,,,,,[실적치],World Bank CCKP (CMIP6 x0.25),"https://cckpapi.worldbank.org/cckp/v1/cmip6-x0.25_timeseries_rx1day,rx5day,r20mm,r50mm,cwd,cdd_timeseries_annual_1950-2014_median_historical_ensemble_all_mean/VNM?_format=json",기관 이용약관,"B-005_가뭄： 연속 건조일수(CDD), 표준강수지수(SPEI12), 토양수분.xlsx",1.1_observation(측정값),4,
B-005,"가뭄[연속 건조일수(CDD), 표준강수지수(SPEI12), 토양수분]",observation,vnm-v121-b-005-obs-5-22cfd85ad9a79e72,B-005_cdd_historical,VNM,1951,23.59,일,,,,,,[실적치],World Bank CCKP (CMIP6 x0.25),"https://cckpapi.worldbank.org/cckp/v1/cmip6-x0.25_timeseries_rx1day,rx5day,r20mm,r50mm,cwd,cdd_timeseries_annual_1950-2014_median_historical_ensemble_all_mean/VNM?_format=json",기관 이용약관,"B-005_가뭄： 연속 건조일수(CDD), 표준강수지수(SPEI12), 토양수분.xlsx",1.1_observation(측정값),5,
B-005,"가뭄[연속 건조일수(CDD), 표준강수지수(SPEI12), 토양수분]",observation,vnm-v121-b-005-obs-6-22bfdd7fe6e61bd1,B-005_cdd_historical,VNM,1952,23.17,일,,,,,,[실적치],World Bank CCKP (CMIP6 x0.25),"https://cckpapi.worldbank.org/cckp/v1/cmip6-x0.25_timeseries_rx1day,rx5day,r20mm,r50mm,cwd,cdd_timeseries_annual_1950-2014_median_historical_ensemble_all_mean/VNM?_format=json",기관 이용약관,"B-005_가뭄： 연속 건조일수(CDD), 표준강수지수(SPEI12), 토양수분.xlsx",1.1_observation(측정값),6,
B-005,"가뭄[연속 건조일수(CDD), 표준강수지수(SPEI12), 토양수분]",observation,vnm-v121-b-005-obs-7-42b0bfc4bd256673,B-005_cdd_historical,VNM,1953,22.69,일,,,,,,[실적치],World Bank CCKP (CMIP6 x0.25),"https://cckpapi.worldbank.org/cckp/v1/cmip6-x0.25_timeseries_rx1day,rx5day,r20mm,r50mm,cwd,cdd_timeseries_annual_1950-2014_median_historical_ensemble_all_mean/VNM?_format=json",기관 이용약관,"B-005_가뭄： 연속 건조일수(CDD), 표준강수지수(SPEI12), 토양수분.xlsx",1.1_observation(측정값),7,
B-005,"가뭄[연속 건조일수(CDD), 표준강수지수(SPEI12), 토양수분]",observation,vnm-v121-b-005-obs-8-38737290e8852b1b,B-005_cdd_historical,VNM,1954,21.64,일,,,,,,[실적치],World Bank CCKP (CMIP6 x0.25),"https://cckpapi.worldbank.org/cckp/v1/cmip6-x0.25_timeseries_rx1day,rx5day,r20mm,r50mm,cwd,cdd_timeseries_annual_1950-2014_median_historical_ensemble_all_mean/VNM?_format=json",기관 이용약관,"B-005_가뭄： 연속 건조일수(CDD), 표준강수지수(SPEI12), 토양수분.xlsx",1.1_observation(측정값),8,
B-005,"가뭄[연속 건조일수(CDD), 표준강수지수(SPEI12), 토양수분]",observation,vnm-v121-b-005-obs-9-91347c1dfaecaa8d,B-005_cdd_historical,VNM,1955,26.3,일,,,,,,[실적치],World Bank CCKP (CMIP6 x0.25),"https://cckpapi.worldbank.org/cckp/v1/cmip6-x0.25_timeseries_rx1day,rx5day,r20mm,r50mm,cwd,cdd_timeseries_annual_1950-2014_median_historical_ensemble_all_mean/VNM?_format=json",기관 이용약관,"B-005_가뭄： 연속 건조일수(CDD), 표준강수지수(SPEI12), 토양수분.xlsx",1.1_observation(측정값),9,
B-005,"가뭄[연속 건조일수(CDD), 표준강수지수(SPEI12), 토양수분]",observation,vnm-v121-b-005-obs-10-012e9ad43aa22eeb,B-005_cdd_historical,VNM,1956,19.89,일,,,,,,[실적치],World Bank CCKP (CMIP6 x0.25),"https://cckpapi.worldbank.org/cckp/v1/cmip6-x0.25_timeseries_rx1day,rx5day,r20mm,r50mm,cwd,cdd_timeseries_annual_1950-2014_median_historical_ensemble_all_mean/VNM?_format=json",기관 이용약관,"B-005_가뭄： 연속 건조일수(CDD), 표준강수지수(SPEI12), 토양수분.xlsx",1.1_observation(측정값),10,
B-005,"가뭄[연속 건조일수(CDD), 표준강수지수(SPEI12), 토양수분]",observation,vnm-v121-b-005-obs-11-26dfcec16e0829e5,B-005_cdd_historical,VNM,1957,22.95,일,,,,,,[실적치],World Bank CCKP (CMIP6 x0.25),"https://cckpapi.worldbank.org/cckp/v1/cmip6-x0.25_timeseries_rx1day,rx5day,r20mm,r50mm,cwd,cdd_timeseries_annual_1950-2014_median_historical_ensemble_all_mean/VNM?_format=json",기관 이용약관,"B-005_가뭄： 연속 건조일수(CDD), 표준강수지수(SPEI12), 토양수분.xlsx",1.1_observation(측정값),11,
B-005,"가뭄[연속 건조일수(CDD), 표준강수지수(SPEI12), 토양수분]",observation,vnm-v121-b-005-obs-12-829371aaa4c56b66,B-005_cdd_historical,VNM,1958,23.86,일,,,,,,[실적치],World Bank CCKP (CMIP6 x0.25),"https://cckpapi.worldbank.org/cckp/v1/cmip6-x0.25_timeseries_rx1day,rx5day,r20mm,r50mm,cwd,cdd_timeseries_annual_1950-2014_median_historical_ensemble_all_mean/VNM?_format=json",기관 이용약관,"B-005_가뭄： 연속 건조일수(CDD), 표준강수지수(SPEI12), 토양수분.xlsx",1.1_observation(측정값),12,
B-005,"가뭄[연속 건조일수(CDD), 표준강수지수(SPEI12), 토양수분]",observation,vnm-v121-b-005-obs-13-b84175db5206cf4b,B-005_cdd_historical,VNM,1959,21.72,일,,,,,,[실적치],World Bank CCKP (CMIP6 x0.25),"https://cckpapi.worldbank.org/cckp/v1/cmip6-x0.25_timeseries_rx1day,rx5day,r20mm,r50mm,cwd,cdd_timeseries_annual_1950-2014_median_historical_ensemble_all_mean/VNM?_format=json",기관 이용약관,"B-005_가뭄： 연속 건조일수(CDD), 표준강수지수(SPEI12), 토양수분.xlsx",1.1_observation(측정값),13,
B-005,"가뭄[연속 건조일수(CDD), 표준강수지수(SPEI12), 토양수분]",observation,vnm-v121-b-005-obs-14-f16bcc98afebb7e1,B-005_cdd_historical,VNM,1960,24.41,일,,,,,,[실적치],World Bank CCKP (CMIP6 x0.25),"https://cckpapi.worldbank.org/cckp/v1/cmip6-x0.25_timeseries_rx1day,rx5day,r20mm,r50mm,cwd,cdd_timeseries_annual_1950-2014_median_historical_ensemble_all_mean/VNM?_format=json",기관 이용약관,"B-005_가뭄： 연속 건조일수(CDD), 표준강수지수(SPEI12), 토양수분.xlsx",1.1_observation(측정값),14,
B-005,"가뭄[연속 건조일수(CDD), 표준강수지수(SPEI12), 토양수분]",observation,vnm-v121-b-005-obs-15-0a19f75ffb1eddbc,B-005_cdd_historical,VNM,1961,23.85,일,,,,,,[실적치],World Bank CCKP (CMIP6 x0.25),"https://cckpapi.worldbank.org/cckp/v1/cmip6-x0.25_timeseries_rx1day,rx5day,r20mm,r50mm,cwd,cdd_timeseries_annual_1950-2014_median_historical_ensemble_all_mean/VNM?_format=json",기관 이용약관,"B-005_가뭄： 연속 건조일수(CDD), 표준강수지수(SPEI12), 토양수분.xlsx",1.1_observation(측정값),15,
B-005,"가뭄[연속 건조일수(CDD), 표준강수지수(SPEI12), 토양수분]",observation,vnm-v121-b-005-obs-16-3e8bc75f9ee06ae2,B-005_cdd_historical,VNM,1962,22.12,일,,,,,,[실적치],World Bank CCKP (CMIP6 x0.25),"https://cckpapi.worldbank.org/cckp/v1/cmip6-x0.25_timeseries_rx1day,rx5day,r20mm,r50mm,cwd,cdd_timeseries_annual_1950-2014_median_historical_ensemble_all_mean/VNM?_format=json",기관 이용약관,"B-005_가뭄： 연속 건조일수(CDD), 표준강수지수(SPEI12), 토양수분.xlsx",1.1_observation(측정값),16,
B-005,"가뭄[연속 건조일수(CDD), 표준강수지수(SPEI12), 토양수분]",observation,vnm-v121-b-005-obs-17-5fcea17a800c9474,B-005_cdd_historical,VNM,1963,19.28,일,,,,,,[실적치],World Bank CCKP (CMIP6 x0.25),"https://cckpapi.worldbank.org/cckp/v1/cmip6-x0.25_timeseries_rx1day,rx5day,r20mm,r50mm,cwd,cdd_timeseries_annual_1950-2014_median_historical_ensemble_all_mean/VNM?_format=json",기관 이용약관,"B-005_가뭄： 연속 건조일수(CDD), 표준강수지수(SPEI12), 토양수분.xlsx",1.1_observation(측정값),17,
B-005,"가뭄[연속 건조일수(CDD), 표준강수지수(SPEI12), 토양수분]",observation,vnm-v121-b-005-obs-18-a76a6198be498c29,B-005_cdd_historical,VNM,1964,23.26,일,,,,,,[실적치],World Bank CCKP (CMIP6 x0.25),"https://cckpapi.worldbank.org/cckp/v1/cmip6-x0.25_timeseries_rx1day,rx5day,r20mm,r50mm,cwd,cdd_timeseries_annual_1950-2014_median_historical_ensemble_all_mean/VNM?_format=json",기관 이용약관,"B-005_가뭄： 연속 건조일수(CDD), 표준강수지수(SPEI12), 토양수분.xlsx",1.1_observation(측정값),18,
B-005,"가뭄[연속 건조일수(CDD), 표준강수지수(SPEI12), 토양수분]",observation,vnm-v121-b-005-obs-19-4c15ceaa899677a5,B-005_cdd_historical,VNM,1965,25.38,일,,,,,,[실적치],World Bank CCKP (CMIP6 x0.25),"https://cckpapi.worldbank.org/cckp/v1/cmip6-x0.25_timeseries_rx1day,rx5day,r20mm,r50mm,cwd,cdd_timeseries_annual_1950-2014_median_historical_ensemble_all_mean/VNM?_format=json",기관 이용약관,"B-005_가뭄： 연속 건조일수(CDD), 표준강수지수(SPEI12), 토양수분.xlsx",1.1_observation(측정값),19,
B-005,"가뭄[연속 건조일수(CDD), 표준강수지수(SPEI12), 토양수분]",observation,vnm-v121-b-005-obs-20-2a15288a9b414458,B-005_cdd_historical,VNM,1966,22.82,일,,,,,,[실적치],World Bank CCKP (CMIP6 x0.25),"https://cckpapi.worldbank.org/cckp/v1/cmip6-x0.25_timeseries_rx1day,rx5day,r20mm,r50mm,cwd,cdd_timeseries_annual_1950-2014_median_historical_ensemble_all_mean/VNM?_format=json",기관 이용약관,"B-005_가뭄： 연속 건조일수(CDD), 표준강수지수(SPEI12), 토양수분.xlsx",1.1_observation(측정값),20,
B-005,"가뭄[연속 건조일수(CDD), 표준강수지수(SPEI12), 토양수분]",observation,vnm-v121-b-005-obs-21-113b28903025bf03,B-005_cdd_historical,VNM,1967,21.73,일,,,,,,[실적치],World Bank CCKP (CMIP6 x0.25),"https://cckpapi.worldbank.org/cckp/v1/cmip6-x0.25_timeseries_rx1day,rx5day,r20mm,r50mm,cwd,cdd_timeseries_annual_1950-2014_median_historical_ensemble_all_mean/VNM?_format=json",기관 이용약관,"B-005_가뭄： 연속 건조일수(CDD), 표준강수지수(SPEI12), 토양수분.xlsx",1.1_observation(측정값),21,
B-005,"가뭄[연속 건조일수(CDD), 표준강수지수(SPEI12), 토양수분]",observation,vnm-v121-b-005-obs-22-448415cf413cf143,B-005_cdd_historical,VNM,1968,21.6,일,,,,,,[실적치],World Bank CCKP (CMIP6 x0.25),"https://cckpapi.worldbank.org/cckp/v1/cmip6-x0.25_timeseries_rx1day,rx5day,r20mm,r50mm,cwd,cdd_timeseries_annual_1950-2014_median_historical_ensemble_all_mean/VNM?_format=json",기관 이용약관,"B-005_가뭄： 연속 건조일수(CDD), 표준강수지수(SPEI12), 토양수분.xlsx",1.1_observation(측정값),22,
B-005,"가뭄[연속 건조일수(CDD), 표준강수지수(SPEI12), 토양수분]",observation,vnm-v121-b-005-obs-23-ce55971c025a6b11,B-005_cdd_historical,VNM,1969,22.97,일,,,,,,[실적치],World Bank CCKP (CMIP6 x0.25),"https://cckpapi.worldbank.org/cckp/v1/cmip6-x0.25_timeseries_rx1day,rx5day,r20mm,r50mm,cwd,cdd_timeseries_annual_1950-2014_median_historical_ensemble_all_mean/VNM?_format=json",기관 이용약관,"B-005_가뭄： 연속 건조일수(CDD), 표준강수지수(SPEI12), 토양수분.xlsx",1.1_observation(측정값),23,
B-005,"가뭄[연속 건조일수(CDD), 표준강수지수(SPEI12), 토양수분]",observation,vnm-v121-b-005-obs-24-243ec3bfb585cffa,B-005_cdd_historical,VNM,1970,21.39,일,,,,,,[실적치],World Bank CCKP (CMIP6 x0.25),"https://cckpapi.worldbank.org/cckp/v1/cmip6-x0.25_timeseries_rx1day,rx5day,r20mm,r50mm,cwd,cdd_timeseries_annual_1950-2014_median_historical_ensemble_all_mean/VNM?_format=json",기관 이용약관,"B-005_가뭄： 연속 건조일수(CDD), 표준강수지수(SPEI12), 토양수분.xlsx",1.1_observation(측정값),24,
B-005,"가뭄[연속 건조일수(CDD), 표준강수지수(SPEI12), 토양수분]",observation,vnm-v121-b-005-obs-25-f300ea0fad91f187,B-005_cdd_historical,VNM,1971,22.58,일,,,,,,[실적치],World Bank CCKP (CMIP6 x0.25),"https://cckpapi.worldbank.org/cckp/v1/cmip6-x0.25_timeseries_rx1day,rx5day,r20mm,r50mm,cwd,cdd_timeseries_annual_1950-2014_median_historical_ensemble_all_mean/VNM?_format=json",기관 이용약관,"B-005_가뭄： 연속 건조일수(CDD), 표준강수지수(SPEI12), 토양수분.xlsx",1.1_observation(측정값),25,
B-005,"가뭄[연속 건조일수(CDD), 표준강수지수(SPEI12), 토양수분]",observation,vnm-v121-b-005-obs-26-46523dda6e31bacd,B-005_cdd_historical,VNM,1972,22.75,일,,,,,,[실적치],World Bank CCKP (CMIP6 x0.25),"https://cckpapi.worldbank.org/cckp/v1/cmip6-x0.25_timeseries_rx1day,rx5day,r20mm,r50mm,cwd,cdd_timeseries_annual_1950-2014_median_historical_ensemble_all_mean/VNM?_format=json",기관 이용약관,"B-005_가뭄： 연속 건조일수(CDD), 표준강수지수(SPEI12), 토양수분.xlsx",1.1_observation(측정값),26,
B-005,"가뭄[연속 건조일수(CDD), 표준강수지수(SPEI12), 토양수분]",observation,vnm-v121-b-005-obs-27-9427a5c06444e5b5,B-005_cdd_historical,VNM,1973,25.14,일,,,,,,[실적치],World Bank CCKP (CMIP6 x0.25),"https://cckpapi.worldbank.org/cckp/v1/cmip6-x0.25_timeseries_rx1day,rx5day,r20mm,r50mm,cwd,cdd_timeseries_annual_1950-2014_median_historical_ensemble_all_mean/VNM?_format=json",기관 이용약관,"B-005_가뭄： 연속 건조일수(CDD), 표준강수지수(SPEI12), 토양수분.xlsx",1.1_observation(측정값),27,
B-005,"가뭄[연속 건조일수(CDD), 표준강수지수(SPEI12), 토양수분]",observation,vnm-v121-b-005-obs-28-6b399c3c269c0eeb,B-005_cdd_historical,VNM,1974,23.71,일,,,,,,[실적치],World Bank CCKP (CMIP6 x0.25),"https://cckpapi.worldbank.org/cckp/v1/cmip6-x0.25_timeseries_rx1day,rx5day,r20mm,r50mm,cwd,cdd_timeseries_annual_1950-2014_median_historical_ensemble_all_mean/VNM?_format=json",기관 이용약관,"B-005_가뭄： 연속 건조일수(CDD), 표준강수지수(SPEI12), 토양수분.xlsx",1.1_observation(측정값),28,
B-005,"가뭄[연속 건조일수(CDD), 표준강수지수(SPEI12), 토양수분]",observation,vnm-v121-b-005-obs-29-a5b20f8d0065c390,B-005_cdd_historical,VNM,1975,23.2,일,,,,,,[실적치],World Bank CCKP (CMIP6 x0.25),"https://cckpapi.worldbank.org/cckp/v1/cmip6-x0.25_timeseries_rx1day,rx5day,r20mm,r50mm,cwd,cdd_timeseries_annual_1950-2014_median_historical_ensemble_all_mean/VNM?_format=json",기관 이용약관,"B-005_가뭄： 연속 건조일수(CDD), 표준강수지수(SPEI12), 토양수분.xlsx",1.1_observation(측정값),29,
B-005,"가뭄[연속 건조일수(CDD), 표준강수지수(SPEI12), 토양수분]",observation,vnm-v121-b-005-obs-30-562b97bde5ca30e1,B-005_cdd_historical,VNM,1976,23.79,일,,,,,,[실적치],World Bank CCKP (CMIP6 x0.25),"https://cckpapi.worldbank.org/cckp/v1/cmip6-x0.25_timeseries_rx1day,rx5day,r20mm,r50mm,cwd,cdd_timeseries_annual_1950-2014_median_historical_ensemble_all_mean/VNM?_format=json",기관 이용약관,"B-005_가뭄： 연속 건조일수(CDD), 표준강수지수(SPEI12), 토양수분.xlsx",1.1_observation(측정값),30,
B-005,"가뭄[연속 건조일수(CDD), 표준강수지수(SPEI12), 토양수분]",observation,vnm-v121-b-005-obs-31-36baadec0d4fe614,B-005_cdd_historical,VNM,1977,24.64,일,,,,,,[실적치],World Bank CCKP (CMIP6 x0.25),"https://cckpapi.worldbank.org/cckp/v1/cmip6-x0.25_timeseries_rx1day,rx5day,r20mm,r50mm,cwd,cdd_timeseries_annual_1950-2014_median_historical_ensemble_all_mean/VNM?_format=json",기관 이용약관,"B-005_가뭄： 연속 건조일수(CDD), 표준강수지수(SPEI12), 토양수분.xlsx",1.1_observation(측정값),31,
B-005,"가뭄[연속 건조일수(CDD), 표준강수지수(SPEI12), 토양수분]",observation,vnm-v121-b-005-obs-32-c519b0edfcbf7c32,B-005_cdd_historical,VNM,1978,23.05,일,,,,,,[실적치],World Bank CCKP (CMIP6 x0.25),"https://cckpapi.worldbank.org/cckp/v1/cmip6-x0.25_timeseries_rx1day,rx5day,r20mm,r50mm,cwd,cdd_timeseries_annual_1950-2014_median_historical_ensemble_all_mean/VNM?_format=json",기관 이용약관,"B-005_가뭄： 연속 건조일수(CDD), 표준강수지수(SPEI12), 토양수분.xlsx",1.1_observation(측정값),32,
B-005,"가뭄[연속 건조일수(CDD), 표준강수지수(SPEI12), 토양수분]",observation,vnm-v121-b-005-obs-33-9a812d2dde230e8e,B-005_cdd_historical,VNM,1979,23.46,일,,,,,,[실적치],World Bank CCKP (CMIP6 x0.25),"https://cckpapi.worldbank.org/cckp/v1/cmip6-x0.25_timeseries_rx1day,rx5day,r20mm,r50mm,cwd,cdd_timeseries_annual_1950-2014_median_historical_ensemble_all_mean/VNM?_format=json",기관 이용약관,"B-005_가뭄： 연속 건조일수(CDD), 표준강수지수(SPEI12), 토양수분.xlsx",1.1_observation(측정값),33,
B-005,"가뭄[연속 건조일수(CDD), 표준강수지수(SPEI12), 토양수분]",observation,vnm-v121-b-005-obs-34-b7cececea780215d,B-005_cdd_historical,VNM,1980,23.23,일,,,,,,[실적치],World Bank CCKP (CMIP6 x0.25),"https://cckpapi.worldbank.org/cckp/v1/cmip6-x0.25_timeseries_rx1day,rx5day,r20mm,r50mm,cwd,cdd_timeseries_annual_1950-2014_median_historical_ensemble_all_mean/VNM?_format=json",기관 이용약관,"B-005_가뭄： 연속 건조일수(CDD), 표준강수지수(SPEI12), 토양수분.xlsx",1.1_observation(측정값),34,
B-005,"가뭄[연속 건조일수(CDD), 표준강수지수(SPEI12), 토양수분]",observation,vnm-v121-b-005-obs-35-e4280f9569261056,B-005_cdd_historical,VNM,1981,22.42,일,,,,,,[실적치],World Bank CCKP (CMIP6 x0.25),"https://cckpapi.worldbank.org/cckp/v1/cmip6-x0.25_timeseries_rx1day,rx5day,r20mm,r50mm,cwd,cdd_timeseries_annual_1950-2014_median_historical_ensemble_all_mean/VNM?_format=json",기관 이용약관,"B-005_가뭄： 연속 건조일수(CDD), 표준강수지수(SPEI12), 토양수분.xlsx",1.1_observation(측정값),35,
B-005,"가뭄[연속 건조일수(CDD), 표준강수지수(SPEI12), 토양수분]",observation,vnm-v121-b-005-obs-36-e047acdbf4bbbf56,B-005_cdd_historical,VNM,1982,26.41,일,,,,,,[실적치],World Bank CCKP (CMIP6 x0.25),"https://cckpapi.worldbank.org/cckp/v1/cmip6-x0.25_timeseries_rx1day,rx5day,r20mm,r50mm,cwd,cdd_timeseries_annual_1950-2014_median_historical_ensemble_all_mean/VNM?_format=json",기관 이용약관,"B-005_가뭄： 연속 건조일수(CDD), 표준강수지수(SPEI12), 토양수분.xlsx",1.1_observation(측정값),36,
B-005,"가뭄[연속 건조일수(CDD), 표준강수지수(SPEI12), 토양수분]",observation,vnm-v121-b-005-obs-37-6d7f6a6e194a016f,B-005_cdd_historical,VNM,1983,22.03,일,,,,,,[실적치],World Bank CCKP (CMIP6 x0.25),"https://cckpapi.worldbank.org/cckp/v1/cmip6-x0.25_timeseries_rx1day,rx5day,r20mm,r50mm,cwd,cdd_timeseries_annual_1950-2014_median_historical_ensemble_all_mean/VNM?_format=json",기관 이용약관,"B-005_가뭄： 연속 건조일수(CDD), 표준강수지수(SPEI12), 토양수분.xlsx",1.1_observation(측정값),37,
B-005,"가뭄[연속 건조일수(CDD), 표준강수지수(SPEI12), 토양수분]",observation,vnm-v121-b-005-obs-38-96a1c5094afaef7b,B-005_cdd_historical,VNM,1984,22.87,일,,,,,,[실적치],World Bank CCKP (CMIP6 x0.25),"https://cckpapi.worldbank.org/cckp/v1/cmip6-x0.25_timeseries_rx1day,rx5day,r20mm,r50mm,cwd,cdd_timeseries_annual_1950-2014_median_historical_ensemble_all_mean/VNM?_format=json",기관 이용약관,"B-005_가뭄： 연속 건조일수(CDD), 표준강수지수(SPEI12), 토양수분.xlsx",1.1_observation(측정값),38,
B-005,"가뭄[연속 건조일수(CDD), 표준강수지수(SPEI12), 토양수분]",observation,vnm-v121-b-005-obs-39-cbc1e16566cb7726,B-005_cdd_historical,VNM,1985,21.35,일,,,,,,[실적치],World Bank CCKP (CMIP6 x0.25),"https://cckpapi.worldbank.org/cckp/v1/cmip6-x0.25_timeseries_rx1day,rx5day,r20mm,r50mm,cwd,cdd_timeseries_annual_1950-2014_median_historical_ensemble_all_mean/VNM?_format=json",기관 이용약관,"B-005_가뭄： 연속 건조일수(CDD), 표준강수지수(SPEI12), 토양수분.xlsx",1.1_observation(측정값),39,
B-005,"가뭄[연속 건조일수(CDD), 표준강수지수(SPEI12), 토양수분]",observation,vnm-v121-b-005-obs-40-2a65f3889aee2bb8,B-005_cdd_historical,VNM,1986,24.03,일,,,,,,[실적치],World Bank CCKP (CMIP6 x0.25),"https://cckpapi.worldbank.org/cckp/v1/cmip6-x0.25_timeseries_rx1day,rx5day,r20mm,r50mm,cwd,cdd_timeseries_annual_1950-2014_median_historical_ensemble_all_mean/VNM?_format=json",기관 이용약관,"B-005_가뭄： 연속 건조일수(CDD), 표준강수지수(SPEI12), 토양수분.xlsx",1.1_observation(측정값),40,
B-005,"가뭄[연속 건조일수(CDD), 표준강수지수(SPEI12), 토양수분]",observation,vnm-v121-b-005-obs-41-045cf3781266b758,B-005_cdd_historical,VNM,1987,23.37,일,,,,,,[실적치],World Bank CCKP (CMIP6 x0.25),"https://cckpapi.worldbank.org/cckp/v1/cmip6-x0.25_timeseries_rx1day,rx5day,r20mm,r50mm,cwd,cdd_timeseries_annual_1950-2014_median_historical_ensemble_all_mean/VNM?_format=json",기관 이용약관,"B-005_가뭄： 연속 건조일수(CDD), 표준강수지수(SPEI12), 토양수분.xlsx",1.1_observation(측정값),41,
B-005,"가뭄[연속 건조일수(CDD), 표준강수지수(SPEI12), 토양수분]",observation,vnm-v121-b-005-obs-42-6da04da6463b17db,B-005_cdd_historical,VNM,1988,23.82,일,,,,,,[실적치],World Bank CCKP (CMIP6 x0.25),"https://cckpapi.worldbank.org/cckp/v1/cmip6-x0.25_timeseries_rx1day,rx5day,r20mm,r50mm,cwd,cdd_timeseries_annual_1950-2014_median_historical_ensemble_all_mean/VNM?_format=json",기관 이용약관,"B-005_가뭄： 연속 건조일수(CDD), 표준강수지수(SPEI12), 토양수분.xlsx",1.1_observation(측정값),42,
B-005,"가뭄[연속 건조일수(CDD), 표준강수지수(SPEI12), 토양수분]",observation,vnm-v121-b-005-obs-43-b3471fda46a51029,B-005_cdd_historical,VNM,1989,23.08,일,,,,,,[실적치],World Bank CCKP (CMIP6 x0.25),"https://cckpapi.worldbank.org/cckp/v1/cmip6-x0.25_timeseries_rx1day,rx5day,r20mm,r50mm,cwd,cdd_timeseries_annual_1950-2014_median_historical_ensemble_all_mean/VNM?_format=json",기관 이용약관,"B-005_가뭄： 연속 건조일수(CDD), 표준강수지수(SPEI12), 토양수분.xlsx",1.1_observation(측정값),43,
B-005,"가뭄[연속 건조일수(CDD), 표준강수지수(SPEI12), 토양수분]",observation,vnm-v121-b-005-obs-44-61987f7179400b20,B-005_cdd_historical,VNM,1990,24,일,,,,,,[실적치],World Bank CCKP (CMIP6 x0.25),"https://cckpapi.worldbank.org/cckp/v1/cmip6-x0.25_timeseries_rx1day,rx5day,r20mm,r50mm,cwd,cdd_timeseries_annual_1950-2014_median_historical_ensemble_all_mean/VNM?_format=json",기관 이용약관,"B-005_가뭄： 연속 건조일수(CDD), 표준강수지수(SPEI12), 토양수분.xlsx",1.1_observation(측정값),44,
B-005,"가뭄[연속 건조일수(CDD), 표준강수지수(SPEI12), 토양수분]",observation,vnm-v121-b-005-obs-45-2485e9007ba68b96,B-005_cdd_historical,VNM,1991,23.62,일,,,,,,[실적치],World Bank CCKP (CMIP6 x0.25),"https://cckpapi.worldbank.org/cckp/v1/cmip6-x0.25_timeseries_rx1day,rx5day,r20mm,r50mm,cwd,cdd_timeseries_annual_1950-2014_median_historical_ensemble_all_mean/VNM?_format=json",기관 이용약관,"B-005_가뭄： 연속 건조일수(CDD), 표준강수지수(SPEI12), 토양수분.xlsx",1.1_observation(측정값),45,
B-005,"가뭄[연속 건조일수(CDD), 표준강수지수(SPEI12), 토양수분]",observation,vnm-v121-b-005-obs-46-42fa3c3431d6c8cc,B-005_cdd_historical,VNM,1992,25.3,일,,,,,,[실적치],World Bank CCKP (CMIP6 x0.25),"https://cckpapi.worldbank.org/cckp/v1/cmip6-x0.25_timeseries_rx1day,rx5day,r20mm,r50mm,cwd,cdd_timeseries_annual_1950-2014_median_historical_ensemble_all_mean/VNM?_format=json",기관 이용약관,"B-005_가뭄： 연속 건조일수(CDD), 표준강수지수(SPEI12), 토양수분.xlsx",1.1_observation(측정값),46,
B-005,"가뭄[연속 건조일수(CDD), 표준강수지수(SPEI12), 토양수분]",observation,vnm-v121-b-005-obs-47-c4b249c76a065efe,B-005_cdd_historical,VNM,1993,25.52,일,,,,,,[실적치],World Bank CCKP (CMIP6 x0.25),"https://cckpapi.worldbank.org/cckp/v1/cmip6-x0.25_timeseries_rx1day,rx5day,r20mm,r50mm,cwd,cdd_timeseries_annual_1950-2014_median_historical_ensemble_all_mean/VNM?_format=json",기관 이용약관,"B-005_가뭄： 연속 건조일수(CDD), 표준강수지수(SPEI12), 토양수분.xlsx",1.1_observation(측정값),47,
B-005,"가뭄[연속 건조일수(CDD), 표준강수지수(SPEI12), 토양수분]",observation,vnm-v121-b-005-obs-48-00d22401adfc6053,B-005_cdd_historical,VNM,1994,23.81,일,,,,,,[실적치],World Bank CCKP (CMIP6 x0.25),"https://cckpapi.worldbank.org/cckp/v1/cmip6-x0.25_timeseries_rx1day,rx5day,r20mm,r50mm,cwd,cdd_timeseries_annual_1950-2014_median_historical_ensemble_all_mean/VNM?_format=json",기관 이용약관,"B-005_가뭄： 연속 건조일수(CDD), 표준강수지수(SPEI12), 토양수분.xlsx",1.1_observation(측정값),48,
B-005,"가뭄[연속 건조일수(CDD), 표준강수지수(SPEI12), 토양수분]",observation,vnm-v121-b-005-obs-49-1f704ea989675963,B-005_cdd_historical,VNM,1995,25.05,일,,,,,,[실적치],World Bank CCKP (CMIP6 x0.25),"https://cckpapi.worldbank.org/cckp/v1/cmip6-x0.25_timeseries_rx1day,rx5day,r20mm,r50mm,cwd,cdd_timeseries_annual_1950-2014_median_historical_ensemble_all_mean/VNM?_format=json",기관 이용약관,"B-005_가뭄： 연속 건조일수(CDD), 표준강수지수(SPEI12), 토양수분.xlsx",1.1_observation(측정값),49,
B-005,"가뭄[연속 건조일수(CDD), 표준강수지수(SPEI12), 토양수분]",observation,vnm-v121-b-005-obs-50-e0c7f526d76ee74b,B-005_cdd_historical,VNM,1996,24.38,일,,,,,,[실적치],World Bank CCKP (CMIP6 x0.25),"https://cckpapi.worldbank.org/cckp/v1/cmip6-x0.25_timeseries_rx1day,rx5day,r20mm,r50mm,cwd,cdd_timeseries_annual_1950-2014_median_historical_ensemble_all_mean/VNM?_format=json",기관 이용약관,"B-005_가뭄： 연속 건조일수(CDD), 표준강수지수(SPEI12), 토양수분.xlsx",1.1_observation(측정값),50,
B-005,"가뭄[연속 건조일수(CDD), 표준강수지수(SPEI12), 토양수분]",observation,vnm-v121-b-005-obs-51-6c7ffb494a828ac0,B-005_cdd_historical,VNM,1997,23.82,일,,,,,,[실적치],World Bank CCKP (CMIP6 x0.25),"https://cckpapi.worldbank.org/cckp/v1/cmip6-x0.25_timeseries_rx1day,rx5day,r20mm,r50mm,cwd,cdd_timeseries_annual_1950-2014_median_historical_ensemble_all_mean/VNM?_format=json",기관 이용약관,"B-005_가뭄： 연속 건조일수(CDD), 표준강수지수(SPEI12), 토양수분.xlsx",1.1_observation(측정값),51,
B-005,"가뭄[연속 건조일수(CDD), 표준강수지수(SPEI12), 토양수분]",observation,vnm-v121-b-005-obs-52-8252d03bdce475bf,B-005_cdd_historical,VNM,1998,23.93,일,,,,,,[실적치],World Bank CCKP (CMIP6 x0.25),"https://cckpapi.worldbank.org/cckp/v1/cmip6-x0.25_timeseries_rx1day,rx5day,r20mm,r50mm,cwd,cdd_timeseries_annual_1950-2014_median_historical_ensemble_all_mean/VNM?_format=json",기관 이용약관,"B-005_가뭄： 연속 건조일수(CDD), 표준강수지수(SPEI12), 토양수분.xlsx",1.1_observation(측정값),52,
B-005,"가뭄[연속 건조일수(CDD), 표준강수지수(SPEI12), 토양수분]",observation,vnm-v121-b-005-obs-53-95861b2cb529fb18,B-005_cdd_historical,VNM,1999,21.02,일,,,,,,[실적치],World Bank CCKP (CMIP6 x0.25),"https://cckpapi.worldbank.org/cckp/v1/cmip6-x0.25_timeseries_rx1day,rx5day,r20mm,r50mm,cwd,cdd_timeseries_annual_1950-2014_median_historical_ensemble_all_mean/VNM?_format=json",기관 이용약관,"B-005_가뭄： 연속 건조일수(CDD), 표준강수지수(SPEI12), 토양수분.xlsx",1.1_observation(측정값),53,
B-005,"가뭄[연속 건조일수(CDD), 표준강수지수(SPEI12), 토양수분]",observation,vnm-v121-b-005-obs-54-2491125e0b3fbf14,B-005_cdd_historical,VNM,2000,21.52,일,,,,,,[실적치],World Bank CCKP (CMIP6 x0.25),"https://cckpapi.worldbank.org/cckp/v1/cmip6-x0.25_timeseries_rx1day,rx5day,r20mm,r50mm,cwd,cdd_timeseries_annual_1950-2014_median_historical_ensemble_all_mean/VNM?_format=json",기관 이용약관,"B-005_가뭄： 연속 건조일수(CDD), 표준강수지수(SPEI12), 토양수분.xlsx",1.1_observation(측정값),54,
B-005,"가뭄[연속 건조일수(CDD), 표준강수지수(SPEI12), 토양수분]",observation,vnm-v121-b-005-obs-55-01159ab2073a140b,B-005_cdd_historical,VNM,2001,25.69,일,,,,,,[실적치],World Bank CCKP (CMIP6 x0.25),"https://cckpapi.worldbank.org/cckp/v1/cmip6-x0.25_timeseries_rx1day,rx5day,r20mm,r50mm,cwd,cdd_timeseries_annual_1950-2014_median_historical_ensemble_all_mean/VNM?_format=json",기관 이용약관,"B-005_가뭄： 연속 건조일수(CDD), 표준강수지수(SPEI12), 토양수분.xlsx",1.1_observation(측정값),55,
B-005,"가뭄[연속 건조일수(CDD), 표준강수지수(SPEI12), 토양수분]",observation,vnm-v121-b-005-obs-56-3ed06a5e0e029654,B-005_cdd_historical,VNM,2002,26.19,일,,,,,,[실적치],World Bank CCKP (CMIP6 x0.25),"https://cckpapi.worldbank.org/cckp/v1/cmip6-x0.25_timeseries_rx1day,rx5day,r20mm,r50mm,cwd,cdd_timeseries_annual_1950-2014_median_historical_ensemble_all_mean/VNM?_format=json",기관 이용약관,"B-005_가뭄： 연속 건조일수(CDD), 표준강수지수(SPEI12), 토양수분.xlsx",1.1_observation(측정값),56,
B-005,"가뭄[연속 건조일수(CDD), 표준강수지수(SPEI12), 토양수분]",observation,vnm-v121-b-005-obs-57-548d7c7fc7b4ed27,B-005_cdd_historical,VNM,2003,25.94,일,,,,,,[실적치],World Bank CCKP (CMIP6 x0.25),"https://cckpapi.worldbank.org/cckp/v1/cmip6-x0.25_timeseries_rx1day,rx5day,r20mm,r50mm,cwd,cdd_timeseries_annual_1950-2014_median_historical_ensemble_all_mean/VNM?_format=json",기관 이용약관,"B-005_가뭄： 연속 건조일수(CDD), 표준강수지수(SPEI12), 토양수분.xlsx",1.1_observation(측정값),57,
B-005,"가뭄[연속 건조일수(CDD), 표준강수지수(SPEI12), 토양수분]",observation,vnm-v121-b-005-obs-58-66878d8a081e52e0,B-005_cdd_historical,VNM,2004,24.35,일,,,,,,[실적치],World Bank CCKP (CMIP6 x0.25),"https://cckpapi.worldbank.org/cckp/v1/cmip6-x0.25_timeseries_rx1day,rx5day,r20mm,r50mm,cwd,cdd_timeseries_annual_1950-2014_median_historical_ensemble_all_mean/VNM?_format=json",기관 이용약관,"B-005_가뭄： 연속 건조일수(CDD), 표준강수지수(SPEI12), 토양수분.xlsx",1.1_observation(측정값),58,
B-005,"가뭄[연속 건조일수(CDD), 표준강수지수(SPEI12), 토양수분]",observation,vnm-v121-b-005-obs-59-2728b8d3f3100744,B-005_cdd_historical,VNM,2005,24.32,일,,,,,,[실적치],World Bank CCKP (CMIP6 x0.25),"https://cckpapi.worldbank.org/cckp/v1/cmip6-x0.25_timeseries_rx1day,rx5day,r20mm,r50mm,cwd,cdd_timeseries_annual_1950-2014_median_historical_ensemble_all_mean/VNM?_format=json",기관 이용약관,"B-005_가뭄： 연속 건조일수(CDD), 표준강수지수(SPEI12), 토양수분.xlsx",1.1_observation(측정값),59,
B-005,"가뭄[연속 건조일수(CDD), 표준강수지수(SPEI12), 토양수분]",observation,vnm-v121-b-005-obs-60-3aa9d18e05ac411f,B-005_cdd_historical,VNM,2006,23.45,일,,,,,,[실적치],World Bank CCKP (CMIP6 x0.25),"https://cckpapi.worldbank.org/cckp/v1/cmip6-x0.25_timeseries_rx1day,rx5day,r20mm,r50mm,cwd,cdd_timeseries_annual_1950-2014_median_historical_ensemble_all_mean/VNM?_format=json",기관 이용약관,"B-005_가뭄： 연속 건조일수(CDD), 표준강수지수(SPEI12), 토양수분.xlsx",1.1_observation(측정값),60,
B-005,"가뭄[연속 건조일수(CDD), 표준강수지수(SPEI12), 토양수분]",observation,vnm-v121-b-005-obs-61-1115b8d973267007,B-005_cdd_historical,VNM,2007,22.05,일,,,,,,[실적치],World Bank CCKP (CMIP6 x0.25),"https://cckpapi.worldbank.org/cckp/v1/cmip6-x0.25_timeseries_rx1day,rx5day,r20mm,r50mm,cwd,cdd_timeseries_annual_1950-2014_median_historical_ensemble_all_mean/VNM?_format=json",기관 이용약관,"B-005_가뭄： 연속 건조일수(CDD), 표준강수지수(SPEI12), 토양수분.xlsx",1.1_observation(측정값),61,
B-005,"가뭄[연속 건조일수(CDD), 표준강수지수(SPEI12), 토양수분]",observation,vnm-v121-b-005-obs-62-9dee6ecc4e1f5e2c,B-005_cdd_historical,VNM,2008,25.82,일,,,,,,[실적치],World Bank CCKP (CMIP6 x0.25),"https://cckpapi.worldbank.org/cckp/v1/cmip6-x0.25_timeseries_rx1day,rx5day,r20mm,r50mm,cwd,cdd_timeseries_annual_1950-2014_median_historical_ensemble_all_mean/VNM?_format=json",기관 이용약관,"B-005_가뭄： 연속 건조일수(CDD), 표준강수지수(SPEI12), 토양수분.xlsx",1.1_observation(측정값),62,
B-005,"가뭄[연속 건조일수(CDD), 표준강수지수(SPEI12), 토양수분]",observation,vnm-v121-b-005-obs-63-5f2efe21d29c7b52,B-005_cdd_historical,VNM,2009,21.87,일,,,,,,[실적치],World Bank CCKP (CMIP6 x0.25),"https://cckpapi.worldbank.org/cckp/v1/cmip6-x0.25_timeseries_rx1day,rx5day,r20mm,r50mm,cwd,cdd_timeseries_annual_1950-2014_median_historical_ensemble_all_mean/VNM?_format=json",기관 이용약관,"B-005_가뭄： 연속 건조일수(CDD), 표준강수지수(SPEI12), 토양수분.xlsx",1.1_observation(측정값),63,
B-005,"가뭄[연속 건조일수(CDD), 표준강수지수(SPEI12), 토양수분]",observation,vnm-v121-b-005-obs-64-f96232bdf544ec87,B-005_cdd_historical,VNM,2010,24.06,일,,,,,,[실적치],World Bank CCKP (CMIP6 x0.25),"https://cckpapi.worldbank.org/cckp/v1/cmip6-x0.25_timeseries_rx1day,rx5day,r20mm,r50mm,cwd,cdd_timeseries_annual_1950-2014_median_historical_ensemble_all_mean/VNM?_format=json",기관 이용약관,"B-005_가뭄： 연속 건조일수(CDD), 표준강수지수(SPEI12), 토양수분.xlsx",1.1_observation(측정값),64,
B-005,"가뭄[연속 건조일수(CDD), 표준강수지수(SPEI12), 토양수분]",observation,vnm-v121-b-005-obs-65-634574965271f3ad,B-005_cdd_historical,VNM,2011,24.98,일,,,,,,[실적치],World Bank CCKP (CMIP6 x0.25),"https://cckpapi.worldbank.org/cckp/v1/cmip6-x0.25_timeseries_rx1day,rx5day,r20mm,r50mm,cwd,cdd_timeseries_annual_1950-2014_median_historical_ensemble_all_mean/VNM?_format=json",기관 이용약관,"B-005_가뭄： 연속 건조일수(CDD), 표준강수지수(SPEI12), 토양수분.xlsx",1.1_observation(측정값),65,
B-005,"가뭄[연속 건조일수(CDD), 표준강수지수(SPEI12), 토양수분]",observation,vnm-v121-b-005-obs-66-3080577b0ccbd0b5,B-005_cdd_historical,VNM,2012,23.8,일,,,,,,[실적치],World Bank CCKP (CMIP6 x0.25),"https://cckpapi.worldbank.org/cckp/v1/cmip6-x0.25_timeseries_rx1day,rx5day,r20mm,r50mm,cwd,cdd_timeseries_annual_1950-2014_median_historical_ensemble_all_mean/VNM?_format=json",기관 이용약관,"B-005_가뭄： 연속 건조일수(CDD), 표준강수지수(SPEI12), 토양수분.xlsx",1.1_observation(측정값),66,
B-005,"가뭄[연속 건조일수(CDD), 표준강수지수(SPEI12), 토양수분]",observation,vnm-v121-b-005-obs-67-1e22e9fe63bec355,B-005_cdd_historical,VNM,2013,23.74,일,,,,,,[실적치],World Bank CCKP (CMIP6 x0.25),"https://cckpapi.worldbank.org/cckp/v1/cmip6-x0.25_timeseries_rx1day,rx5day,r20mm,r50mm,cwd,cdd_timeseries_annual_1950-2014_median_historical_ensemble_all_mean/VNM?_format=json",기관 이용약관,"B-005_가뭄： 연속 건조일수(CDD), 표준강수지수(SPEI12), 토양수분.xlsx",1.1_observation(측정값),67,
B-005,"가뭄[연속 건조일수(CDD), 표준강수지수(SPEI12), 토양수분]",observation,vnm-v121-b-005-obs-68-585107fd1ad40820,B-005_cdd_historical,VNM,2014,21.53,일,,,,,,[실적치],World Bank CCKP (CMIP6 x0.25),"https://cckpapi.worldbank.org/cckp/v1/cmip6-x0.25_timeseries_rx1day,rx5day,r20mm,r50mm,cwd,cdd_timeseries_annual_1950-2014_median_historical_ensemble_all_mean/VNM?_format=json",기관 이용약관,"B-005_가뭄： 연속 건조일수(CDD), 표준강수지수(SPEI12), 토양수분.xlsx",1.1_observation(측정값),68,
B-005,"가뭄[연속 건조일수(CDD), 표준강수지수(SPEI12), 토양수분]",observation,vnm-v121-b-005-obs-69-a2c208d7587264c3,B-005_cdd_ssp245,VNM,2015,24.45,일,,,,,,[전망치],World Bank CCKP (CMIP6 x0.25),"https://cckpapi.worldbank.org/cckp/v1/cmip6-x0.25_timeseries_rx1day,rx5day,r20mm,r50mm,cwd,cdd_timeseries_annual_2015-2100_median_ssp245_ensemble_all_mean/VNM?_format=json",기관 이용약관,"B-005_가뭄： 연속 건조일수(CDD), 표준강수지수(SPEI12), 토양수분.xlsx",1.1_observation(측정값),69,
B-005,"가뭄[연속 건조일수(CDD), 표준강수지수(SPEI12), 토양수분]",observation,vnm-v121-b-005-obs-70-003eca8ea2f5983b,B-005_cdd_ssp245,VNM,2016,24.99,일,,,,,,[전망치],World Bank CCKP (CMIP6 x0.25),"https://cckpapi.worldbank.org/cckp/v1/cmip6-x0.25_timeseries_rx1day,rx5day,r20mm,r50mm,cwd,cdd_timeseries_annual_2015-2100_median_ssp245_ensemble_all_mean/VNM?_format=json",기관 이용약관,"B-005_가뭄： 연속 건조일수(CDD), 표준강수지수(SPEI12), 토양수분.xlsx",1.1_observation(측정값),70,
B-005,"가뭄[연속 건조일수(CDD), 표준강수지수(SPEI12), 토양수분]",observation,vnm-v121-b-005-obs-71-2b4360feb1cfff87,B-005_cdd_ssp245,VNM,2017,23.7,일,,,,,,[전망치],World Bank CCKP (CMIP6 x0.25),"https://cckpapi.worldbank.org/cckp/v1/cmip6-x0.25_timeseries_rx1day,rx5day,r20mm,r50mm,cwd,cdd_timeseries_annual_2015-2100_median_ssp245_ensemble_all_mean/VNM?_format=json",기관 이용약관,"B-005_가뭄： 연속 건조일수(CDD), 표준강수지수(SPEI12), 토양수분.xlsx",1.1_observation(측정값),71,
B-005,"가뭄[연속 건조일수(CDD), 표준강수지수(SPEI12), 토양수분]",observation,vnm-v121-b-005-obs-72-eaccbf2dde8628f2,B-005_cdd_ssp245,VNM,2018,24.37,일,,,,,,[전망치],World Bank CCKP (CMIP6 x0.25),"https://cckpapi.worldbank.org/cckp/v1/cmip6-x0.25_timeseries_rx1day,rx5day,r20mm,r50mm,cwd,cdd_timeseries_annual_2015-2100_median_ssp245_ensemble_all_mean/VNM?_format=json",기관 이용약관,"B-005_가뭄： 연속 건조일수(CDD), 표준강수지수(SPEI12), 토양수분.xlsx",1.1_observation(측정값),72,
B-005,"가뭄[연속 건조일수(CDD), 표준강수지수(SPEI12), 토양수분]",observation,vnm-v121-b-005-obs-73-3aadb8b12648d59a,B-005_cdd_ssp245,VNM,2019,22.87,일,,,,,,[전망치],World Bank CCKP (CMIP6 x0.25),"https://cckpapi.worldbank.org/cckp/v1/cmip6-x0.25_timeseries_rx1day,rx5day,r20mm,r50mm,cwd,cdd_timeseries_annual_2015-2100_median_ssp245_ensemble_all_mean/VNM?_format=json",기관 이용약관,"B-005_가뭄： 연속 건조일수(CDD), 표준강수지수(SPEI12), 토양수분.xlsx",1.1_observation(측정값),73,
B-005,"가뭄[연속 건조일수(CDD), 표준강수지수(SPEI12), 토양수분]",observation,vnm-v121-b-005-obs-74-48620238beb79f39,B-005_cdd_ssp245,VNM,2020,23.23,일,,,,,,[전망치],World Bank CCKP (CMIP6 x0.25),"https://cckpapi.worldbank.org/cckp/v1/cmip6-x0.25_timeseries_rx1day,rx5day,r20mm,r50mm,cwd,cdd_timeseries_annual_2015-2100_median_ssp245_ensemble_all_mean/VNM?_format=json",기관 이용약관,"B-005_가뭄： 연속 건조일수(CDD), 표준강수지수(SPEI12), 토양수분.xlsx",1.1_observation(측정값),74,
B-005,"가뭄[연속 건조일수(CDD), 표준강수지수(SPEI12), 토양수분]",observation,vnm-v121-b-005-obs-75-f7fc307559c0af58,B-005_cdd_ssp245,VNM,2021,25.38,일,,,,,,[전망치],World Bank CCKP (CMIP6 x0.25),"https://cckpapi.worldbank.org/cckp/v1/cmip6-x0.25_timeseries_rx1day,rx5day,r20mm,r50mm,cwd,cdd_timeseries_annual_2015-2100_median_ssp245_ensemble_all_mean/VNM?_format=json",기관 이용약관,"B-005_가뭄： 연속 건조일수(CDD), 표준강수지수(SPEI12), 토양수분.xlsx",1.1_observation(측정값),75,
B-005,"가뭄[연속 건조일수(CDD), 표준강수지수(SPEI12), 토양수분]",observation,vnm-v121-b-005-obs-76-868ba8e15bf045a6,B-005_cdd_ssp245,VNM,2022,26.94,일,,,,,,[전망치],World Bank CCKP (CMIP6 x0.25),"https://cckpapi.worldbank.org/cckp/v1/cmip6-x0.25_timeseries_rx1day,rx5day,r20mm,r50mm,cwd,cdd_timeseries_annual_2015-2100_median_ssp245_ensemble_all_mean/VNM?_format=json",기관 이용약관,"B-005_가뭄： 연속 건조일수(CDD), 표준강수지수(SPEI12), 토양수분.xlsx",1.1_observation(측정값),76,
B-005,"가뭄[연속 건조일수(CDD), 표준강수지수(SPEI12), 토양수분]",observation,vnm-v121-b-005-obs-77-16d76dac4bb0c6f1,B-005_cdd_ssp245,VNM,2023,23.35,일,,,,,,[전망치],World Bank CCKP (CMIP6 x0.25),"https://cckpapi.worldbank.org/cckp/v1/cmip6-x0.25_timeseries_rx1day,rx5day,r20mm,r50mm,cwd,cdd_timeseries_annual_2015-2100_median_ssp245_ensemble_all_mean/VNM?_format=json",기관 이용약관,"B-005_가뭄： 연속 건조일수(CDD), 표준강수지수(SPEI12), 토양수분.xlsx",1.1_observation(측정값),77,
B-005,"가뭄[연속 건조일수(CDD), 표준강수지수(SPEI12), 토양수분]",observation,vnm-v121-b-005-obs-78-166b213172570a51,B-005_cdd_ssp245,VNM,2024,25.02,일,,,,,,[전망치],World Bank CCKP (CMIP6 x0.25),"https://cckpapi.worldbank.org/cckp/v1/cmip6-x0.25_timeseries_rx1day,rx5day,r20mm,r50mm,cwd,cdd_timeseries_annual_2015-2100_median_ssp245_ensemble_all_mean/VNM?_format=json",기관 이용약관,"B-005_가뭄： 연속 건조일수(CDD), 표준강수지수(SPEI12), 토양수분.xlsx",1.1_observation(측정값),78,
B-005,"가뭄[연속 건조일수(CDD), 표준강수지수(SPEI12), 토양수분]",observation,vnm-v121-b-005-obs-79-d4d6e82ba924e6a2,B-005_cdd_ssp245,VNM,2025,25.57,일,,,,,,[전망치],World Bank CCKP (CMIP6 x0.25),"https://cckpapi.worldbank.org/cckp/v1/cmip6-x0.25_timeseries_rx1day,rx5day,r20mm,r50mm,cwd,cdd_timeseries_annual_2015-2100_median_ssp245_ensemble_all_mean/VNM?_format=json",기관 이용약관,"B-005_가뭄： 연속 건조일수(CDD), 표준강수지수(SPEI12), 토양수분.xlsx",1.1_observation(측정값),79,
B-005,"가뭄[연속 건조일수(CDD), 표준강수지수(SPEI12), 토양수분]",observation,vnm-v121-b-005-obs-80-3144cb03b10d4798,B-005_cdd_ssp245,VNM,2026,25.74,일,,,,,,[전망치],World Bank CCKP (CMIP6 x0.25),"https://cckpapi.worldbank.org/cckp/v1/cmip6-x0.25_timeseries_rx1day,rx5day,r20mm,r50mm,cwd,cdd_timeseries_annual_2015-2100_median_ssp245_ensemble_all_mean/VNM?_format=json",기관 이용약관,"B-005_가뭄： 연속 건조일수(CDD), 표준강수지수(SPEI12), 토양수분.xlsx",1.1_observation(측정값),80,
B-005,"가뭄[연속 건조일수(CDD), 표준강수지수(SPEI12), 토양수분]",observation,vnm-v121-b-005-obs-81-87cae3a3abb0c595,B-005_cdd_ssp245,VNM,2027,26.27,일,,,,,,[전망치],World Bank CCKP (CMIP6 x0.25),"https://cckpapi.worldbank.org/cckp/v1/cmip6-x0.25_timeseries_rx1day,rx5day,r20mm,r50mm,cwd,cdd_timeseries_annual_2015-2100_median_ssp245_ensemble_all_mean/VNM?_format=json",기관 이용약관,"B-005_가뭄： 연속 건조일수(CDD), 표준강수지수(SPEI12), 토양수분.xlsx",1.1_observation(측정값),81,
B-005,"가뭄[연속 건조일수(CDD), 표준강수지수(SPEI12), 토양수분]",observation,vnm-v121-b-005-obs-82-d5d33f975e262de4,B-005_cdd_ssp245,VNM,2028,21.84,일,,,,,,[전망치],World Bank CCKP (CMIP6 x0.25),"https://cckpapi.worldbank.org/cckp/v1/cmip6-x0.25_timeseries_rx1day,rx5day,r20mm,r50mm,cwd,cdd_timeseries_annual_2015-2100_median_ssp245_ensemble_all_mean/VNM?_format=json",기관 이용약관,"B-005_가뭄： 연속 건조일수(CDD), 표준강수지수(SPEI12), 토양수분.xlsx",1.1_observation(측정값),82,
B-005,"가뭄[연속 건조일수(CDD), 표준강수지수(SPEI12), 토양수분]",observation,vnm-v121-b-005-obs-83-a55b4f8b83f3d359,B-005_cdd_ssp245,VNM,2029,24.17,일,,,,,,[전망치],World Bank CCKP (CMIP6 x0.25),"https://cckpapi.worldbank.org/cckp/v1/cmip6-x0.25_timeseries_rx1day,rx5day,r20mm,r50mm,cwd,cdd_timeseries_annual_2015-2100_median_ssp245_ensemble_all_mean/VNM?_format=json",기관 이용약관,"B-005_가뭄： 연속 건조일수(CDD), 표준강수지수(SPEI12), 토양수분.xlsx",1.1_observation(측정값),83,
B-005,"가뭄[연속 건조일수(CDD), 표준강수지수(SPEI12), 토양수분]",observation,vnm-v121-b-005-obs-84-771b0d46992f7853,B-005_cdd_ssp245,VNM,2030,26.51,일,,,,,,[전망치],World Bank CCKP (CMIP6 x0.25),"https://cckpapi.worldbank.org/cckp/v1/cmip6-x0.25_timeseries_rx1day,rx5day,r20mm,r50mm,cwd,cdd_timeseries_annual_2015-2100_median_ssp245_ensemble_all_mean/VNM?_format=json",기관 이용약관,"B-005_가뭄： 연속 건조일수(CDD), 표준강수지수(SPEI12), 토양수분.xlsx",1.1_observation(측정값),84,
B-005,"가뭄[연속 건조일수(CDD), 표준강수지수(SPEI12), 토양수분]",observation,vnm-v121-b-005-obs-85-a623c880b1df2fcc,B-005_cdd_ssp245,VNM,2031,25.37,일,,,,,,[전망치],World Bank CCKP (CMIP6 x0.25),"https://cckpapi.worldbank.org/cckp/v1/cmip6-x0.25_timeseries_rx1day,rx5day,r20mm,r50mm,cwd,cdd_timeseries_annual_2015-2100_median_ssp245_ensemble_all_mean/VNM?_format=json",기관 이용약관,"B-005_가뭄： 연속 건조일수(CDD), 표준강수지수(SPEI12), 토양수분.xlsx",1.1_observation(측정값),85,
B-005,"가뭄[연속 건조일수(CDD), 표준강수지수(SPEI12), 토양수분]",observation,vnm-v121-b-005-obs-86-9ab63ccb67a8cab6,B-005_cdd_ssp245,VNM,2032,27.36,일,,,,,,[전망치],World Bank CCKP (CMIP6 x0.25),"https://cckpapi.worldbank.org/cckp/v1/cmip6-x0.25_timeseries_rx1day,rx5day,r20mm,r50mm,cwd,cdd_timeseries_annual_2015-2100_median_ssp245_ensemble_all_mean/VNM?_format=json",기관 이용약관,"B-005_가뭄： 연속 건조일수(CDD), 표준강수지수(SPEI12), 토양수분.xlsx",1.1_observation(측정값),86,
B-005,"가뭄[연속 건조일수(CDD), 표준강수지수(SPEI12), 토양수분]",observation,vnm-v121-b-005-obs-87-d3867f35fd90d27a,B-005_cdd_ssp245,VNM,2033,28.09,일,,,,,,[전망치],World Bank CCKP (CMIP6 x0.25),"https://cckpapi.worldbank.org/cckp/v1/cmip6-x0.25_timeseries_rx1day,rx5day,r20mm,r50mm,cwd,cdd_timeseries_annual_2015-2100_median_ssp245_ensemble_all_mean/VNM?_format=json",기관 이용약관,"B-005_가뭄： 연속 건조일수(CDD), 표준강수지수(SPEI12), 토양수분.xlsx",1.1_observation(측정값),87,
B-005,"가뭄[연속 건조일수(CDD), 표준강수지수(SPEI12), 토양수분]",observation,vnm-v121-b-005-obs-88-b1a7a2b872abd129,B-005_cdd_ssp245,VNM,2034,23.94,일,,,,,,[전망치],World Bank CCKP (CMIP6 x0.25),"https://cckpapi.worldbank.org/cckp/v1/cmip6-x0.25_timeseries_rx1day,rx5day,r20mm,r50mm,cwd,cdd_timeseries_annual_2015-2100_median_ssp245_ensemble_all_mean/VNM?_format=json",기관 이용약관,"B-005_가뭄： 연속 건조일수(CDD), 표준강수지수(SPEI12), 토양수분.xlsx",1.1_observation(측정값),88,
B-005,"가뭄[연속 건조일수(CDD), 표준강수지수(SPEI12), 토양수분]",observation,vnm-v121-b-005-obs-89-80d982370023cbb9,B-005_cdd_ssp245,VNM,2035,27.77,일,,,,,,[전망치],World Bank CCKP (CMIP6 x0.25),"https://cckpapi.worldbank.org/cckp/v1/cmip6-x0.25_timeseries_rx1day,rx5day,r20mm,r50mm,cwd,cdd_timeseries_annual_2015-2100_median_ssp245_ensemble_all_mean/VNM?_format=json",기관 이용약관,"B-005_가뭄： 연속 건조일수(CDD), 표준강수지수(SPEI12), 토양수분.xlsx",1.1_observation(측정값),89,
B-005,"가뭄[연속 건조일수(CDD), 표준강수지수(SPEI12), 토양수분]",observation,vnm-v121-b-005-obs-90-4085d1aa0d5c9f54,B-005_cdd_ssp245,VNM,2036,25.59,일,,,,,,[전망치],World Bank CCKP (CMIP6 x0.25),"https://cckpapi.worldbank.org/cckp/v1/cmip6-x0.25_timeseries_rx1day,rx5day,r20mm,r50mm,cwd,cdd_timeseries_annual_2015-2100_median_ssp245_ensemble_all_mean/VNM?_format=json",기관 이용약관,"B-005_가뭄： 연속 건조일수(CDD), 표준강수지수(SPEI12), 토양수분.xlsx",1.1_observation(측정값),90,
B-005,"가뭄[연속 건조일수(CDD), 표준강수지수(SPEI12), 토양수분]",observation,vnm-v121-b-005-obs-91-fe8280b70d973878,B-005_cdd_ssp245,VNM,2037,27.6,일,,,,,,[전망치],World Bank CCKP (CMIP6 x0.25),"https://cckpapi.worldbank.org/cckp/v1/cmip6-x0.25_timeseries_rx1day,rx5day,r20mm,r50mm,cwd,cdd_timeseries_annual_2015-2100_median_ssp245_ensemble_all_mean/VNM?_format=json",기관 이용약관,"B-005_가뭄： 연속 건조일수(CDD), 표준강수지수(SPEI12), 토양수분.xlsx",1.1_observation(측정값),91,
B-005,"가뭄[연속 건조일수(CDD), 표준강수지수(SPEI12), 토양수분]",observation,vnm-v121-b-005-obs-92-82380240d3b06884,B-005_cdd_ssp245,VNM,2038,26.1,일,,,,,,[전망치],World Bank CCKP (CMIP6 x0.25),"https://cckpapi.worldbank.org/cckp/v1/cmip6-x0.25_timeseries_rx1day,rx5day,r20mm,r50mm,cwd,cdd_timeseries_annual_2015-2100_median_ssp245_ensemble_all_mean/VNM?_format=json",기관 이용약관,"B-005_가뭄： 연속 건조일수(CDD), 표준강수지수(SPEI12), 토양수분.xlsx",1.1_observation(측정값),92,
B-005,"가뭄[연속 건조일수(CDD), 표준강수지수(SPEI12), 토양수분]",observation,vnm-v121-b-005-obs-93-79c4d75c00c15382,B-005_cdd_ssp245,VNM,2039,23.13,일,,,,,,[전망치],World Bank CCKP (CMIP6 x0.25),"https://cckpapi.worldbank.org/cckp/v1/cmip6-x0.25_timeseries_rx1day,rx5day,r20mm,r50mm,cwd,cdd_timeseries_annual_2015-2100_median_ssp245_ensemble_all_mean/VNM?_format=json",기관 이용약관,"B-005_가뭄： 연속 건조일수(CDD), 표준강수지수(SPEI12), 토양수분.xlsx",1.1_observation(측정값),93,
B-005,"가뭄[연속 건조일수(CDD), 표준강수지수(SPEI12), 토양수분]",observation,vnm-v121-b-005-obs-94-4889f56520413b79,B-005_cdd_ssp245,VNM,2040,25.05,일,,,,,,[전망치],World Bank CCKP (CMIP6 x0.25),"https://cckpapi.worldbank.org/cckp/v1/cmip6-x0.25_timeseries_rx1day,rx5day,r20mm,r50mm,cwd,cdd_timeseries_annual_2015-2100_median_ssp245_ensemble_all_mean/VNM?_format=json",기관 이용약관,"B-005_가뭄： 연속 건조일수(CDD), 표준강수지수(SPEI12), 토양수분.xlsx",1.1_observation(측정값),94,
B-005,"가뭄[연속 건조일수(CDD), 표준강수지수(SPEI12), 토양수분]",observation,vnm-v121-b-005-obs-95-4400b1270da3d767,B-005_cdd_ssp245,VNM,2041,25.24,일,,,,,,[전망치],World Bank CCKP (CMIP6 x0.25),"https://cckpapi.worldbank.org/cckp/v1/cmip6-x0.25_timeseries_rx1day,rx5day,r20mm,r50mm,cwd,cdd_timeseries_annual_2015-2100_median_ssp245_ensemble_all_mean/VNM?_format=json",기관 이용약관,"B-005_가뭄： 연속 건조일수(CDD), 표준강수지수(SPEI12), 토양수분.xlsx",1.1_observation(측정값),95,
B-005,"가뭄[연속 건조일수(CDD), 표준강수지수(SPEI12), 토양수분]",observation,vnm-v121-b-005-obs-96-701bd91fe7950725,B-005_cdd_ssp245,VNM,2042,22.34,일,,,,,,[전망치],World Bank CCKP (CMIP6 x0.25),"https://cckpapi.worldbank.org/cckp/v1/cmip6-x0.25_timeseries_rx1day,rx5day,r20mm,r50mm,cwd,cdd_timeseries_annual_2015-2100_median_ssp245_ensemble_all_mean/VNM?_format=json",기관 이용약관,"B-005_가뭄： 연속 건조일수(CDD), 표준강수지수(SPEI12), 토양수분.xlsx",1.1_observation(측정값),96,
B-005,"가뭄[연속 건조일수(CDD), 표준강수지수(SPEI12), 토양수분]",observation,vnm-v121-b-005-obs-97-887bddfe21856b6f,B-005_cdd_ssp245,VNM,2043,22.75,일,,,,,,[전망치],World Bank CCKP (CMIP6 x0.25),"https://cckpapi.worldbank.org/cckp/v1/cmip6-x0.25_timeseries_rx1day,rx5day,r20mm,r50mm,cwd,cdd_timeseries_annual_2015-2100_median_ssp245_ensemble_all_mean/VNM?_format=json",기관 이용약관,"B-005_가뭄： 연속 건조일수(CDD), 표준강수지수(SPEI12), 토양수분.xlsx",1.1_observation(측정값),97,
B-005,"가뭄[연속 건조일수(CDD), 표준강수지수(SPEI12), 토양수분]",observation,vnm-v121-b-005-obs-98-e5f8b28c6a532b4f,B-005_cdd_ssp245,VNM,2044,26.38,일,,,,,,[전망치],World Bank CCKP (CMIP6 x0.25),"https://cckpapi.worldbank.org/cckp/v1/cmip6-x0.25_timeseries_rx1day,rx5day,r20mm,r50mm,cwd,cdd_timeseries_annual_2015-2100_median_ssp245_ensemble_all_mean/VNM?_format=json",기관 이용약관,"B-005_가뭄： 연속 건조일수(CDD), 표준강수지수(SPEI12), 토양수분.xlsx",1.1_observation(측정값),98,
B-005,"가뭄[연속 건조일수(CDD), 표준강수지수(SPEI12), 토양수분]",observation,vnm-v121-b-005-obs-99-e3bf6b37f7043be9,B-005_cdd_ssp245,VNM,2045,23.05,일,,,,,,[전망치],World Bank CCKP (CMIP6 x0.25),"https://cckpapi.worldbank.org/cckp/v1/cmip6-x0.25_timeseries_rx1day,rx5day,r20mm,r50mm,cwd,cdd_timeseries_annual_2015-2100_median_ssp245_ensemble_all_mean/VNM?_format=json",기관 이용약관,"B-005_가뭄： 연속 건조일수(CDD), 표준강수지수(SPEI12), 토양수분.xlsx",1.1_observation(측정값),99,
B-005,"가뭄[연속 건조일수(CDD), 표준강수지수(SPEI12), 토양수분]",observation,vnm-v121-b-005-obs-100-93f121cac8951fb7,B-005_cdd_ssp245,VNM,2046,27.3,일,,,,,,[전망치],World Bank CCKP (CMIP6 x0.25),"https://cckpapi.worldbank.org/cckp/v1/cmip6-x0.25_timeseries_rx1day,rx5day,r20mm,r50mm,cwd,cdd_timeseries_annual_2015-2100_median_ssp245_ensemble_all_mean/VNM?_format=json",기관 이용약관,"B-005_가뭄： 연속 건조일수(CDD), 표준강수지수(SPEI12), 토양수분.xlsx",1.1_observation(측정값),100,
B-005,"가뭄[연속 건조일수(CDD), 표준강수지수(SPEI12), 토양수분]",observation,vnm-v121-b-005-obs-101-451de0712d811d91,B-005_cdd_ssp245,VNM,2047,25.7,일,,,,,,[전망치],World Bank CCKP (CMIP6 x0.25),"https://cckpapi.worldbank.org/cckp/v1/cmip6-x0.25_timeseries_rx1day,rx5day,r20mm,r50mm,cwd,cdd_timeseries_annual_2015-2100_median_ssp245_ensemble_all_mean/VNM?_format=json",기관 이용약관,"B-005_가뭄： 연속 건조일수(CDD), 표준강수지수(SPEI12), 토양수분.xlsx",1.1_observation(측정값),101,
B-005,"가뭄[연속 건조일수(CDD), 표준강수지수(SPEI12), 토양수분]",observation,vnm-v121-b-005-obs-102-d01caff090214a6c,B-005_cdd_ssp245,VNM,2048,22.39,일,,,,,,[전망치],World Bank CCKP (CMIP6 x0.25),"https://cckpapi.worldbank.org/cckp/v1/cmip6-x0.25_timeseries_rx1day,rx5day,r20mm,r50mm,cwd,cdd_timeseries_annual_2015-2100_median_ssp245_ensemble_all_mean/VNM?_format=json",기관 이용약관,"B-005_가뭄： 연속 건조일수(CDD), 표준강수지수(SPEI12), 토양수분.xlsx",1.1_observation(측정값),102,
B-005,"가뭄[연속 건조일수(CDD), 표준강수지수(SPEI12), 토양수분]",observation,vnm-v121-b-005-obs-103-fbcedc8f90a9cea2,B-005_cdd_ssp245,VNM,2049,25.98,일,,,,,,[전망치],World Bank CCKP (CMIP6 x0.25),"https://cckpapi.worldbank.org/cckp/v1/cmip6-x0.25_timeseries_rx1day,rx5day,r20mm,r50mm,cwd,cdd_timeseries_annual_2015-2100_median_ssp245_ensemble_all_mean/VNM?_format=json",기관 이용약관,"B-005_가뭄： 연속 건조일수(CDD), 표준강수지수(SPEI12), 토양수분.xlsx",1.1_observation(측정값),103,
B-005,"가뭄[연속 건조일수(CDD), 표준강수지수(SPEI12), 토양수분]",observation,vnm-v121-b-005-obs-104-299a994b315a30a9,B-005_cdd_ssp245,VNM,2050,24.1,일,,,,,,[전망치],World Bank CCKP (CMIP6 x0.25),"https://cckpapi.worldbank.org/cckp/v1/cmip6-x0.25_timeseries_rx1day,rx5day,r20mm,r50mm,cwd,cdd_timeseries_annual_2015-2100_median_ssp245_ensemble_all_mean/VNM?_format=json",기관 이용약관,"B-005_가뭄： 연속 건조일수(CDD), 표준강수지수(SPEI12), 토양수분.xlsx",1.1_observation(측정값),104,
B-005,"가뭄[연속 건조일수(CDD), 표준강수지수(SPEI12), 토양수분]",observation,vnm-v121-b-005-obs-105-69453465363351a3,B-005_cdd_ssp245,VNM,2051,24.74,일,,,,,,[전망치],World Bank CCKP (CMIP6 x0.25),"https://cckpapi.worldbank.org/cckp/v1/cmip6-x0.25_timeseries_rx1day,rx5day,r20mm,r50mm,cwd,cdd_timeseries_annual_2015-2100_median_ssp245_ensemble_all_mean/VNM?_format=json",기관 이용약관,"B-005_가뭄： 연속 건조일수(CDD), 표준강수지수(SPEI12), 토양수분.xlsx",1.1_observation(측정값),105,
B-005,"가뭄[연속 건조일수(CDD), 표준강수지수(SPEI12), 토양수분]",observation,vnm-v121-b-005-obs-106-30ef2ee99a6401cc,B-005_cdd_ssp245,VNM,2052,26.12,일,,,,,,[전망치],World Bank CCKP (CMIP6 x0.25),"https://cckpapi.worldbank.org/cckp/v1/cmip6-x0.25_timeseries_rx1day,rx5day,r20mm,r50mm,cwd,cdd_timeseries_annual_2015-2100_median_ssp245_ensemble_all_mean/VNM?_format=json",기관 이용약관,"B-005_가뭄： 연속 건조일수(CDD), 표준강수지수(SPEI12), 토양수분.xlsx",1.1_observation(측정값),106,
B-005,"가뭄[연속 건조일수(CDD), 표준강수지수(SPEI12), 토양수분]",observation,vnm-v121-b-005-obs-107-5850928c2613d2bc,B-005_cdd_ssp245,VNM,2053,23.82,일,,,,,,[전망치],World Bank CCKP (CMIP6 x0.25),"https://cckpapi.worldbank.org/cckp/v1/cmip6-x0.25_timeseries_rx1day,rx5day,r20mm,r50mm,cwd,cdd_timeseries_annual_2015-2100_median_ssp245_ensemble_all_mean/VNM?_format=json",기관 이용약관,"B-005_가뭄： 연속 건조일수(CDD), 표준강수지수(SPEI12), 토양수분.xlsx",1.1_observation(측정값),107,
B-005,"가뭄[연속 건조일수(CDD), 표준강수지수(SPEI12), 토양수분]",observation,vnm-v121-b-005-obs-108-09885bc2a48a8f6d,B-005_cdd_ssp245,VNM,2054,26.56,일,,,,,,[전망치],World Bank CCKP (CMIP6 x0.25),"https://cckpapi.worldbank.org/cckp/v1/cmip6-x0.25_timeseries_rx1day,rx5day,r20mm,r50mm,cwd,cdd_timeseries_annual_2015-2100_median_ssp245_ensemble_all_mean/VNM?_format=json",기관 이용약관,"B-005_가뭄： 연속 건조일수(CDD), 표준강수지수(SPEI12), 토양수분.xlsx",1.1_observation(측정값),108,
B-005,"가뭄[연속 건조일수(CDD), 표준강수지수(SPEI12), 토양수분]",observation,vnm-v121-b-005-obs-109-e7e1ac440f350550,B-005_cdd_ssp245,VNM,2055,25.48,일,,,,,,[전망치],World Bank CCKP (CMIP6 x0.25),"https://cckpapi.worldbank.org/cckp/v1/cmip6-x0.25_timeseries_rx1day,rx5day,r20mm,r50mm,cwd,cdd_timeseries_annual_2015-2100_median_ssp245_ensemble_all_mean/VNM?_format=json",기관 이용약관,"B-005_가뭄： 연속 건조일수(CDD), 표준강수지수(SPEI12), 토양수분.xlsx",1.1_observation(측정값),109,
B-005,"가뭄[연속 건조일수(CDD), 표준강수지수(SPEI12), 토양수분]",observation,vnm-v121-b-005-obs-110-766c48cc88eb65e5,B-005_cdd_ssp245,VNM,2056,25.68,일,,,,,,[전망치],World Bank CCKP (CMIP6 x0.25),"https://cckpapi.worldbank.org/cckp/v1/cmip6-x0.25_timeseries_rx1day,rx5day,r20mm,r50mm,cwd,cdd_timeseries_annual_2015-2100_median_ssp245_ensemble_all_mean/VNM?_format=json",기관 이용약관,"B-005_가뭄： 연속 건조일수(CDD), 표준강수지수(SPEI12), 토양수분.xlsx",1.1_observation(측정값),110,
B-005,"가뭄[연속 건조일수(CDD), 표준강수지수(SPEI12), 토양수분]",observation,vnm-v121-b-005-obs-111-0165eb229944a628,B-005_cdd_ssp245,VNM,2057,23.09,일,,,,,,[전망치],World Bank CCKP (CMIP6 x0.25),"https://cckpapi.worldbank.org/cckp/v1/cmip6-x0.25_timeseries_rx1day,rx5day,r20mm,r50mm,cwd,cdd_timeseries_annual_2015-2100_median_ssp245_ensemble_all_mean/VNM?_format=json",기관 이용약관,"B-005_가뭄： 연속 건조일수(CDD), 표준강수지수(SPEI12), 토양수분.xlsx",1.1_observation(측정값),111,
B-005,"가뭄[연속 건조일수(CDD), 표준강수지수(SPEI12), 토양수분]",observation,vnm-v121-b-005-obs-112-f2d109e9357ae8c2,B-005_cdd_ssp245,VNM,2058,23.62,일,,,,,,[전망치],World Bank CCKP (CMIP6 x0.25),"https://cckpapi.worldbank.org/cckp/v1/cmip6-x0.25_timeseries_rx1day,rx5day,r20mm,r50mm,cwd,cdd_timeseries_annual_2015-2100_median_ssp245_ensemble_all_mean/VNM?_format=json",기관 이용약관,"B-005_가뭄： 연속 건조일수(CDD), 표준강수지수(SPEI12), 토양수분.xlsx",1.1_observation(측정값),112,
B-005,"가뭄[연속 건조일수(CDD), 표준강수지수(SPEI12), 토양수분]",observation,vnm-v121-b-005-obs-113-2219bad69141f0bc,B-005_cdd_ssp245,VNM,2059,25.58,일,,,,,,[전망치],World Bank CCKP (CMIP6 x0.25),"https://cckpapi.worldbank.org/cckp/v1/cmip6-x0.25_timeseries_rx1day,rx5day,r20mm,r50mm,cwd,cdd_timeseries_annual_2015-2100_median_ssp245_ensemble_all_mean/VNM?_format=json",기관 이용약관,"B-005_가뭄： 연속 건조일수(CDD), 표준강수지수(SPEI12), 토양수분.xlsx",1.1_observation(측정값),113,
B-005,"가뭄[연속 건조일수(CDD), 표준강수지수(SPEI12), 토양수분]",observation,vnm-v121-b-005-obs-114-ff2fd7a8c850837d,B-005_cdd_ssp245,VNM,2060,25.63,일,,,,,,[전망치],World Bank CCKP (CMIP6 x0.25),"https://cckpapi.worldbank.org/cckp/v1/cmip6-x0.25_timeseries_rx1day,rx5day,r20mm,r50mm,cwd,cdd_timeseries_annual_2015-2100_median_ssp245_ensemble_all_mean/VNM?_format=json",기관 이용약관,"B-005_가뭄： 연속 건조일수(CDD), 표준강수지수(SPEI12), 토양수분.xlsx",1.1_observation(측정값),114,
B-005,"가뭄[연속 건조일수(CDD), 표준강수지수(SPEI12), 토양수분]",observation,vnm-v121-b-005-obs-115-6dc26dd12ecbf5a1,B-005_cdd_ssp245,VNM,2061,26.29,일,,,,,,[전망치],World Bank CCKP (CMIP6 x0.25),"https://cckpapi.worldbank.org/cckp/v1/cmip6-x0.25_timeseries_rx1day,rx5day,r20mm,r50mm,cwd,cdd_timeseries_annual_2015-2100_median_ssp245_ensemble_all_mean/VNM?_format=json",기관 이용약관,"B-005_가뭄： 연속 건조일수(CDD), 표준강수지수(SPEI12), 토양수분.xlsx",1.1_observation(측정값),115,
B-005,"가뭄[연속 건조일수(CDD), 표준강수지수(SPEI12), 토양수분]",observation,vnm-v121-b-005-obs-116-4b4ed7d39ac21d6a,B-005_cdd_ssp245,VNM,2062,24.04,일,,,,,,[전망치],World Bank CCKP (CMIP6 x0.25),"https://cckpapi.worldbank.org/cckp/v1/cmip6-x0.25_timeseries_rx1day,rx5day,r20mm,r50mm,cwd,cdd_timeseries_annual_2015-2100_median_ssp245_ensemble_all_mean/VNM?_format=json",기관 이용약관,"B-005_가뭄： 연속 건조일수(CDD), 표준강수지수(SPEI12), 토양수분.xlsx",1.1_observation(측정값),116,
B-005,"가뭄[연속 건조일수(CDD), 표준강수지수(SPEI12), 토양수분]",observation,vnm-v121-b-005-obs-117-b8e84052f2176b7a,B-005_cdd_ssp245,VNM,2063,24.81,일,,,,,,[전망치],World Bank CCKP (CMIP6 x0.25),"https://cckpapi.worldbank.org/cckp/v1/cmip6-x0.25_timeseries_rx1day,rx5day,r20mm,r50mm,cwd,cdd_timeseries_annual_2015-2100_median_ssp245_ensemble_all_mean/VNM?_format=json",기관 이용약관,"B-005_가뭄： 연속 건조일수(CDD), 표준강수지수(SPEI12), 토양수분.xlsx",1.1_observation(측정값),117,
B-005,"가뭄[연속 건조일수(CDD), 표준강수지수(SPEI12), 토양수분]",observation,vnm-v121-b-005-obs-118-52f2703afcfe95d5,B-005_cdd_ssp245,VNM,2064,24.94,일,,,,,,[전망치],World Bank CCKP (CMIP6 x0.25),"https://cckpapi.worldbank.org/cckp/v1/cmip6-x0.25_timeseries_rx1day,rx5day,r20mm,r50mm,cwd,cdd_timeseries_annual_2015-2100_median_ssp245_ensemble_all_mean/VNM?_format=json",기관 이용약관,"B-005_가뭄： 연속 건조일수(CDD), 표준강수지수(SPEI12), 토양수분.xlsx",1.1_observation(측정값),118,
B-005,"가뭄[연속 건조일수(CDD), 표준강수지수(SPEI12), 토양수분]",observation,vnm-v121-b-005-obs-119-5af36810cd539b6c,B-005_cdd_ssp245,VNM,2065,26.36,일,,,,,,[전망치],World Bank CCKP (CMIP6 x0.25),"https://cckpapi.worldbank.org/cckp/v1/cmip6-x0.25_timeseries_rx1day,rx5day,r20mm,r50mm,cwd,cdd_timeseries_annual_2015-2100_median_ssp245_ensemble_all_mean/VNM?_format=json",기관 이용약관,"B-005_가뭄： 연속 건조일수(CDD), 표준강수지수(SPEI12), 토양수분.xlsx",1.1_observation(측정값),119,
B-005,"가뭄[연속 건조일수(CDD), 표준강수지수(SPEI12), 토양수분]",observation,vnm-v121-b-005-obs-120-86d4417bb503b217,B-005_cdd_ssp245,VNM,2066,26.92,일,,,,,,[전망치],World Bank CCKP (CMIP6 x0.25),"https://cckpapi.worldbank.org/cckp/v1/cmip6-x0.25_timeseries_rx1day,rx5day,r20mm,r50mm,cwd,cdd_timeseries_annual_2015-2100_median_ssp245_ensemble_all_mean/VNM?_format=json",기관 이용약관,"B-005_가뭄： 연속 건조일수(CDD), 표준강수지수(SPEI12), 토양수분.xlsx",1.1_observation(측정값),120,
B-005,"가뭄[연속 건조일수(CDD), 표준강수지수(SPEI12), 토양수분]",observation,vnm-v121-b-005-obs-121-4b5b622f4120793a,B-005_cdd_ssp245,VNM,2067,25.68,일,,,,,,[전망치],World Bank CCKP (CMIP6 x0.25),"https://cckpapi.worldbank.org/cckp/v1/cmip6-x0.25_timeseries_rx1day,rx5day,r20mm,r50mm,cwd,cdd_timeseries_annual_2015-2100_median_ssp245_ensemble_all_mean/VNM?_format=json",기관 이용약관,"B-005_가뭄： 연속 건조일수(CDD), 표준강수지수(SPEI12), 토양수분.xlsx",1.1_observation(측정값),121,
B-005,"가뭄[연속 건조일수(CDD), 표준강수지수(SPEI12), 토양수분]",observation,vnm-v121-b-005-obs-122-28faee30f9715a7e,B-005_cdd_ssp245,VNM,2068,28.26,일,,,,,,[전망치],World Bank CCKP (CMIP6 x0.25),"https://cckpapi.worldbank.org/cckp/v1/cmip6-x0.25_timeseries_rx1day,rx5day,r20mm,r50mm,cwd,cdd_timeseries_annual_2015-2100_median_ssp245_ensemble_all_mean/VNM?_format=json",기관 이용약관,"B-005_가뭄： 연속 건조일수(CDD), 표준강수지수(SPEI12), 토양수분.xlsx",1.1_observation(측정값),122,
B-005,"가뭄[연속 건조일수(CDD), 표준강수지수(SPEI12), 토양수분]",observation,vnm-v121-b-005-obs-123-62d8bdb8f35e3840,B-005_cdd_ssp245,VNM,2069,24.74,일,,,,,,[전망치],World Bank CCKP (CMIP6 x0.25),"https://cckpapi.worldbank.org/cckp/v1/cmip6-x0.25_timeseries_rx1day,rx5day,r20mm,r50mm,cwd,cdd_timeseries_annual_2015-2100_median_ssp245_ensemble_all_mean/VNM?_format=json",기관 이용약관,"B-005_가뭄： 연속 건조일수(CDD), 표준강수지수(SPEI12), 토양수분.xlsx",1.1_observation(측정값),123,
B-005,"가뭄[연속 건조일수(CDD), 표준강수지수(SPEI12), 토양수분]",observation,vnm-v121-b-005-obs-124-573db4b277f525dc,B-005_cdd_ssp245,VNM,2070,22.34,일,,,,,,[전망치],World Bank CCKP (CMIP6 x0.25),"https://cckpapi.worldbank.org/cckp/v1/cmip6-x0.25_timeseries_rx1day,rx5day,r20mm,r50mm,cwd,cdd_timeseries_annual_2015-2100_median_ssp245_ensemble_all_mean/VNM?_format=json",기관 이용약관,"B-005_가뭄： 연속 건조일수(CDD), 표준강수지수(SPEI12), 토양수분.xlsx",1.1_observation(측정값),124,
B-005,"가뭄[연속 건조일수(CDD), 표준강수지수(SPEI12), 토양수분]",observation,vnm-v121-b-005-obs-125-b5da8f2b430fc313,B-005_cdd_ssp245,VNM,2071,26.1,일,,,,,,[전망치],World Bank CCKP (CMIP6 x0.25),"https://cckpapi.worldbank.org/cckp/v1/cmip6-x0.25_timeseries_rx1day,rx5day,r20mm,r50mm,cwd,cdd_timeseries_annual_2015-2100_median_ssp245_ensemble_all_mean/VNM?_format=json",기관 이용약관,"B-005_가뭄： 연속 건조일수(CDD), 표준강수지수(SPEI12), 토양수분.xlsx",1.1_observation(측정값),125,
B-005,"가뭄[연속 건조일수(CDD), 표준강수지수(SPEI12), 토양수분]",observation,vnm-v121-b-005-obs-126-7a7a1a32e5255ef6,B-005_cdd_ssp245,VNM,2072,25.5,일,,,,,,[전망치],World Bank CCKP (CMIP6 x0.25),"https://cckpapi.worldbank.org/cckp/v1/cmip6-x0.25_timeseries_rx1day,rx5day,r20mm,r50mm,cwd,cdd_timeseries_annual_2015-2100_median_ssp245_ensemble_all_mean/VNM?_format=json",기관 이용약관,"B-005_가뭄： 연속 건조일수(CDD), 표준강수지수(SPEI12), 토양수분.xlsx",1.1_observation(측정값),126,
B-005,"가뭄[연속 건조일수(CDD), 표준강수지수(SPEI12), 토양수분]",observation,vnm-v121-b-005-obs-127-bce9f1a43a1cf390,B-005_cdd_ssp245,VNM,2073,25.31,일,,,,,,[전망치],World Bank CCKP (CMIP6 x0.25),"https://cckpapi.worldbank.org/cckp/v1/cmip6-x0.25_timeseries_rx1day,rx5day,r20mm,r50mm,cwd,cdd_timeseries_annual_2015-2100_median_ssp245_ensemble_all_mean/VNM?_format=json",기관 이용약관,"B-005_가뭄： 연속 건조일수(CDD), 표준강수지수(SPEI12), 토양수분.xlsx",1.1_observation(측정값),127,
B-005,"가뭄[연속 건조일수(CDD), 표준강수지수(SPEI12), 토양수분]",observation,vnm-v121-b-005-obs-128-b58fa257c0e25703,B-005_cdd_ssp245,VNM,2074,21.68,일,,,,,,[전망치],World Bank CCKP (CMIP6 x0.25),"https://cckpapi.worldbank.org/cckp/v1/cmip6-x0.25_timeseries_rx1day,rx5day,r20mm,r50mm,cwd,cdd_timeseries_annual_2015-2100_median_ssp245_ensemble_all_mean/VNM?_format=json",기관 이용약관,"B-005_가뭄： 연속 건조일수(CDD), 표준강수지수(SPEI12), 토양수분.xlsx",1.1_observation(측정값),128,
B-005,"가뭄[연속 건조일수(CDD), 표준강수지수(SPEI12), 토양수분]",observation,vnm-v121-b-005-obs-129-a3de367888fa569d,B-005_cdd_ssp245,VNM,2075,26.45,일,,,,,,[전망치],World Bank CCKP (CMIP6 x0.25),"https://cckpapi.worldbank.org/cckp/v1/cmip6-x0.25_timeseries_rx1day,rx5day,r20mm,r50mm,cwd,cdd_timeseries_annual_2015-2100_median_ssp245_ensemble_all_mean/VNM?_format=json",기관 이용약관,"B-005_가뭄： 연속 건조일수(CDD), 표준강수지수(SPEI12), 토양수분.xlsx",1.1_observation(측정값),129,
B-005,"가뭄[연속 건조일수(CDD), 표준강수지수(SPEI12), 토양수분]",observation,vnm-v121-b-005-obs-130-1fe673a63aa04d2c,B-005_cdd_ssp245,VNM,2076,22.45,일,,,,,,[전망치],World Bank CCKP (CMIP6 x0.25),"https://cckpapi.worldbank.org/cckp/v1/cmip6-x0.25_timeseries_rx1day,rx5day,r20mm,r50mm,cwd,cdd_timeseries_annual_2015-2100_median_ssp245_ensemble_all_mean/VNM?_format=json",기관 이용약관,"B-005_가뭄： 연속 건조일수(CDD), 표준강수지수(SPEI12), 토양수분.xlsx",1.1_observation(측정값),130,
B-005,"가뭄[연속 건조일수(CDD), 표준강수지수(SPEI12), 토양수분]",observation,vnm-v121-b-005-obs-131-3ce458bb3bcbac22,B-005_cdd_ssp245,VNM,2077,26.6,일,,,,,,[전망치],World Bank CCKP (CMIP6 x0.25),"https://cckpapi.worldbank.org/cckp/v1/cmip6-x0.25_timeseries_rx1day,rx5day,r20mm,r50mm,cwd,cdd_timeseries_annual_2015-2100_median_ssp245_ensemble_all_mean/VNM?_format=json",기관 이용약관,"B-005_가뭄： 연속 건조일수(CDD), 표준강수지수(SPEI12), 토양수분.xlsx",1.1_observation(측정값),131,
B-005,"가뭄[연속 건조일수(CDD), 표준강수지수(SPEI12), 토양수분]",observation,vnm-v121-b-005-obs-132-62dfe5c642326575,B-005_cdd_ssp245,VNM,2078,26.07,일,,,,,,[전망치],World Bank CCKP (CMIP6 x0.25),"https://cckpapi.worldbank.org/cckp/v1/cmip6-x0.25_timeseries_rx1day,rx5day,r20mm,r50mm,cwd,cdd_timeseries_annual_2015-2100_median_ssp245_ensemble_all_mean/VNM?_format=json",기관 이용약관,"B-005_가뭄： 연속 건조일수(CDD), 표준강수지수(SPEI12), 토양수분.xlsx",1.1_observation(측정값),132,
B-005,"가뭄[연속 건조일수(CDD), 표준강수지수(SPEI12), 토양수분]",observation,vnm-v121-b-005-obs-133-3c198e53e5fbc254,B-005_cdd_ssp245,VNM,2079,25.41,일,,,,,,[전망치],World Bank CCKP (CMIP6 x0.25),"https://cckpapi.worldbank.org/cckp/v1/cmip6-x0.25_timeseries_rx1day,rx5day,r20mm,r50mm,cwd,cdd_timeseries_annual_2015-2100_median_ssp245_ensemble_all_mean/VNM?_format=json",기관 이용약관,"B-005_가뭄： 연속 건조일수(CDD), 표준강수지수(SPEI12), 토양수분.xlsx",1.1_observation(측정값),133,
B-005,"가뭄[연속 건조일수(CDD), 표준강수지수(SPEI12), 토양수분]",observation,vnm-v121-b-005-obs-134-c770d110ab809798,B-005_cdd_ssp245,VNM,2080,27.73,일,,,,,,[전망치],World Bank CCKP (CMIP6 x0.25),"https://cckpapi.worldbank.org/cckp/v1/cmip6-x0.25_timeseries_rx1day,rx5day,r20mm,r50mm,cwd,cdd_timeseries_annual_2015-2100_median_ssp245_ensemble_all_mean/VNM?_format=json",기관 이용약관,"B-005_가뭄： 연속 건조일수(CDD), 표준강수지수(SPEI12), 토양수분.xlsx",1.1_observation(측정값),134,
B-005,"가뭄[연속 건조일수(CDD), 표준강수지수(SPEI12), 토양수분]",observation,vnm-v121-b-005-obs-135-8dcc5ac09b1971d8,B-005_cdd_ssp245,VNM,2081,24.72,일,,,,,,[전망치],World Bank CCKP (CMIP6 x0.25),"https://cckpapi.worldbank.org/cckp/v1/cmip6-x0.25_timeseries_rx1day,rx5day,r20mm,r50mm,cwd,cdd_timeseries_annual_2015-2100_median_ssp245_ensemble_all_mean/VNM?_format=json",기관 이용약관,"B-005_가뭄： 연속 건조일수(CDD), 표준강수지수(SPEI12), 토양수분.xlsx",1.1_observation(측정값),135,
B-005,"가뭄[연속 건조일수(CDD), 표준강수지수(SPEI12), 토양수분]",observation,vnm-v121-b-005-obs-136-db3e8880897950e5,B-005_cdd_ssp245,VNM,2082,22.55,일,,,,,,[전망치],World Bank CCKP (CMIP6 x0.25),"https://cckpapi.worldbank.org/cckp/v1/cmip6-x0.25_timeseries_rx1day,rx5day,r20mm,r50mm,cwd,cdd_timeseries_annual_2015-2100_median_ssp245_ensemble_all_mean/VNM?_format=json",기관 이용약관,"B-005_가뭄： 연속 건조일수(CDD), 표준강수지수(SPEI12), 토양수분.xlsx",1.1_observation(측정값),136,
B-005,"가뭄[연속 건조일수(CDD), 표준강수지수(SPEI12), 토양수분]",observation,vnm-v121-b-005-obs-137-612f8f4e1a0de170,B-005_cdd_ssp245,VNM,2083,26.14,일,,,,,,[전망치],World Bank CCKP (CMIP6 x0.25),"https://cckpapi.worldbank.org/cckp/v1/cmip6-x0.25_timeseries_rx1day,rx5day,r20mm,r50mm,cwd,cdd_timeseries_annual_2015-2100_median_ssp245_ensemble_all_mean/VNM?_format=json",기관 이용약관,"B-005_가뭄： 연속 건조일수(CDD), 표준강수지수(SPEI12), 토양수분.xlsx",1.1_observation(측정값),137,
B-005,"가뭄[연속 건조일수(CDD), 표준강수지수(SPEI12), 토양수분]",observation,vnm-v121-b-005-obs-138-f770e5e2cb379250,B-005_cdd_ssp245,VNM,2084,26.83,일,,,,,,[전망치],World Bank CCKP (CMIP6 x0.25),"https://cckpapi.worldbank.org/cckp/v1/cmip6-x0.25_timeseries_rx1day,rx5day,r20mm,r50mm,cwd,cdd_timeseries_annual_2015-2100_median_ssp245_ensemble_all_mean/VNM?_format=json",기관 이용약관,"B-005_가뭄： 연속 건조일수(CDD), 표준강수지수(SPEI12), 토양수분.xlsx",1.1_observation(측정값),138,
B-005,"가뭄[연속 건조일수(CDD), 표준강수지수(SPEI12), 토양수분]",observation,vnm-v121-b-005-obs-139-916eefe2ccd4acc0,B-005_cdd_ssp245,VNM,2085,26.26,일,,,,,,[전망치],World Bank CCKP (CMIP6 x0.25),"https://cckpapi.worldbank.org/cckp/v1/cmip6-x0.25_timeseries_rx1day,rx5day,r20mm,r50mm,cwd,cdd_timeseries_annual_2015-2100_median_ssp245_ensemble_all_mean/VNM?_format=json",기관 이용약관,"B-005_가뭄： 연속 건조일수(CDD), 표준강수지수(SPEI12), 토양수분.xlsx",1.1_observation(측정값),139,
B-005,"가뭄[연속 건조일수(CDD), 표준강수지수(SPEI12), 토양수분]",observation,vnm-v121-b-005-obs-140-c55be935e17ea60b,B-005_cdd_ssp245,VNM,2086,26.68,일,,,,,,[전망치],World Bank CCKP (CMIP6 x0.25),"https://cckpapi.worldbank.org/cckp/v1/cmip6-x0.25_timeseries_rx1day,rx5day,r20mm,r50mm,cwd,cdd_timeseries_annual_2015-2100_median_ssp245_ensemble_all_mean/VNM?_format=json",기관 이용약관,"B-005_가뭄： 연속 건조일수(CDD), 표준강수지수(SPEI12), 토양수분.xlsx",1.1_observation(측정값),140,
B-005,"가뭄[연속 건조일수(CDD), 표준강수지수(SPEI12), 토양수분]",observation,vnm-v121-b-005-obs-141-95a698ef49724dd5,B-005_cdd_ssp245,VNM,2087,23.75,일,,,,,,[전망치],World Bank CCKP (CMIP6 x0.25),"https://cckpapi.worldbank.org/cckp/v1/cmip6-x0.25_timeseries_rx1day,rx5day,r20mm,r50mm,cwd,cdd_timeseries_annual_2015-2100_median_ssp245_ensemble_all_mean/VNM?_format=json",기관 이용약관,"B-005_가뭄： 연속 건조일수(CDD), 표준강수지수(SPEI12), 토양수분.xlsx",1.1_observation(측정값),141,
B-005,"가뭄[연속 건조일수(CDD), 표준강수지수(SPEI12), 토양수분]",observation,vnm-v121-b-005-obs-142-945f93e3fa8fdb1c,B-005_cdd_ssp245,VNM,2088,27.31,일,,,,,,[전망치],World Bank CCKP (CMIP6 x0.25),"https://cckpapi.worldbank.org/cckp/v1/cmip6-x0.25_timeseries_rx1day,rx5day,r20mm,r50mm,cwd,cdd_timeseries_annual_2015-2100_median_ssp245_ensemble_all_mean/VNM?_format=json",기관 이용약관,"B-005_가뭄： 연속 건조일수(CDD), 표준강수지수(SPEI12), 토양수분.xlsx",1.1_observation(측정값),142,
B-005,"가뭄[연속 건조일수(CDD), 표준강수지수(SPEI12), 토양수분]",observation,vnm-v121-b-005-obs-143-9d9e72645e723e8d,B-005_cdd_ssp245,VNM,2089,23.11,일,,,,,,[전망치],World Bank CCKP (CMIP6 x0.25),"https://cckpapi.worldbank.org/cckp/v1/cmip6-x0.25_timeseries_rx1day,rx5day,r20mm,r50mm,cwd,cdd_timeseries_annual_2015-2100_median_ssp245_ensemble_all_mean/VNM?_format=json",기관 이용약관,"B-005_가뭄： 연속 건조일수(CDD), 표준강수지수(SPEI12), 토양수분.xlsx",1.1_observation(측정값),143,
B-005,"가뭄[연속 건조일수(CDD), 표준강수지수(SPEI12), 토양수분]",observation,vnm-v121-b-005-obs-144-88f806bb7cbde926,B-005_cdd_ssp245,VNM,2090,23.18,일,,,,,,[전망치],World Bank CCKP (CMIP6 x0.25),"https://cckpapi.worldbank.org/cckp/v1/cmip6-x0.25_timeseries_rx1day,rx5day,r20mm,r50mm,cwd,cdd_timeseries_annual_2015-2100_median_ssp245_ensemble_all_mean/VNM?_format=json",기관 이용약관,"B-005_가뭄： 연속 건조일수(CDD), 표준강수지수(SPEI12), 토양수분.xlsx",1.1_observation(측정값),144,
B-005,"가뭄[연속 건조일수(CDD), 표준강수지수(SPEI12), 토양수분]",observation,vnm-v121-b-005-obs-145-08cacd8bf48bdfec,B-005_cdd_ssp245,VNM,2091,24.61,일,,,,,,[전망치],World Bank CCKP (CMIP6 x0.25),"https://cckpapi.worldbank.org/cckp/v1/cmip6-x0.25_timeseries_rx1day,rx5day,r20mm,r50mm,cwd,cdd_timeseries_annual_2015-2100_median_ssp245_ensemble_all_mean/VNM?_format=json",기관 이용약관,"B-005_가뭄： 연속 건조일수(CDD), 표준강수지수(SPEI12), 토양수분.xlsx",1.1_observation(측정값),145,
B-005,"가뭄[연속 건조일수(CDD), 표준강수지수(SPEI12), 토양수분]",observation,vnm-v121-b-005-obs-146-56968a450df525bd,B-005_cdd_ssp245,VNM,2092,26.84,일,,,,,,[전망치],World Bank CCKP (CMIP6 x0.25),"https://cckpapi.worldbank.org/cckp/v1/cmip6-x0.25_timeseries_rx1day,rx5day,r20mm,r50mm,cwd,cdd_timeseries_annual_2015-2100_median_ssp245_ensemble_all_mean/VNM?_format=json",기관 이용약관,"B-005_가뭄： 연속 건조일수(CDD), 표준강수지수(SPEI12), 토양수분.xlsx",1.1_observation(측정값),146,
B-005,"가뭄[연속 건조일수(CDD), 표준강수지수(SPEI12), 토양수분]",observation,vnm-v121-b-005-obs-147-7cc2b4b0e323b37e,B-005_cdd_ssp245,VNM,2093,26.6,일,,,,,,[전망치],World Bank CCKP (CMIP6 x0.25),"https://cckpapi.worldbank.org/cckp/v1/cmip6-x0.25_timeseries_rx1day,rx5day,r20mm,r50mm,cwd,cdd_timeseries_annual_2015-2100_median_ssp245_ensemble_all_mean/VNM?_format=json",기관 이용약관,"B-005_가뭄： 연속 건조일수(CDD), 표준강수지수(SPEI12), 토양수분.xlsx",1.1_observation(측정값),147,
B-005,"가뭄[연속 건조일수(CDD), 표준강수지수(SPEI12), 토양수분]",observation,vnm-v121-b-005-obs-148-503c3061cd917987,B-005_cdd_ssp245,VNM,2094,22.61,일,,,,,,[전망치],World Bank CCKP (CMIP6 x0.25),"https://cckpapi.worldbank.org/cckp/v1/cmip6-x0.25_timeseries_rx1day,rx5day,r20mm,r50mm,cwd,cdd_timeseries_annual_2015-2100_median_ssp245_ensemble_all_mean/VNM?_format=json",기관 이용약관,"B-005_가뭄： 연속 건조일수(CDD), 표준강수지수(SPEI12), 토양수분.xlsx",1.1_observation(측정값),148,
B-005,"가뭄[연속 건조일수(CDD), 표준강수지수(SPEI12), 토양수분]",observation,vnm-v121-b-005-obs-149-14eb2b232984764a,B-005_cdd_ssp245,VNM,2095,26.23,일,,,,,,[전망치],World Bank CCKP (CMIP6 x0.25),"https://cckpapi.worldbank.org/cckp/v1/cmip6-x0.25_timeseries_rx1day,rx5day,r20mm,r50mm,cwd,cdd_timeseries_annual_2015-2100_median_ssp245_ensemble_all_mean/VNM?_format=json",기관 이용약관,"B-005_가뭄： 연속 건조일수(CDD), 표준강수지수(SPEI12), 토양수분.xlsx",1.1_observation(측정값),149,
B-005,"가뭄[연속 건조일수(CDD), 표준강수지수(SPEI12), 토양수분]",observation,vnm-v121-b-005-obs-150-37fbf2a0d0dbc904,B-005_cdd_ssp245,VNM,2096,27.11,일,,,,,,[전망치],World Bank CCKP (CMIP6 x0.25),"https://cckpapi.worldbank.org/cckp/v1/cmip6-x0.25_timeseries_rx1day,rx5day,r20mm,r50mm,cwd,cdd_timeseries_annual_2015-2100_median_ssp245_ensemble_all_mean/VNM?_format=json",기관 이용약관,"B-005_가뭄： 연속 건조일수(CDD), 표준강수지수(SPEI12), 토양수분.xlsx",1.1_observation(측정값),150,
B-005,"가뭄[연속 건조일수(CDD), 표준강수지수(SPEI12), 토양수분]",observation,vnm-v121-b-005-obs-151-7e489b6c2dd6b250,B-005_cdd_ssp245,VNM,2097,24.17,일,,,,,,[전망치],World Bank CCKP (CMIP6 x0.25),"https://cckpapi.worldbank.org/cckp/v1/cmip6-x0.25_timeseries_rx1day,rx5day,r20mm,r50mm,cwd,cdd_timeseries_annual_2015-2100_median_ssp245_ensemble_all_mean/VNM?_format=json",기관 이용약관,"B-005_가뭄： 연속 건조일수(CDD), 표준강수지수(SPEI12), 토양수분.xlsx",1.1_observation(측정값),151,
B-005,"가뭄[연속 건조일수(CDD), 표준강수지수(SPEI12), 토양수분]",observation,vnm-v121-b-005-obs-152-f5e9f47e6c2895d9,B-005_cdd_ssp245,VNM,2098,24.2,일,,,,,,[전망치],World Bank CCKP (CMIP6 x0.25),"https://cckpapi.worldbank.org/cckp/v1/cmip6-x0.25_timeseries_rx1day,rx5day,r20mm,r50mm,cwd,cdd_timeseries_annual_2015-2100_median_ssp245_ensemble_all_mean/VNM?_format=json",기관 이용약관,"B-005_가뭄： 연속 건조일수(CDD), 표준강수지수(SPEI12), 토양수분.xlsx",1.1_observation(측정값),152,
B-005,"가뭄[연속 건조일수(CDD), 표준강수지수(SPEI12), 토양수분]",observation,vnm-v121-b-005-obs-153-11b415dab5561251,B-005_cdd_ssp245,VNM,2099,24.18,일,,,,,,[전망치],World Bank CCKP (CMIP6 x0.25),"https://cckpapi.worldbank.org/cckp/v1/cmip6-x0.25_timeseries_rx1day,rx5day,r20mm,r50mm,cwd,cdd_timeseries_annual_2015-2100_median_ssp245_ensemble_all_mean/VNM?_format=json",기관 이용약관,"B-005_가뭄： 연속 건조일수(CDD), 표준강수지수(SPEI12), 토양수분.xlsx",1.1_observation(측정값),153,
B-005,"가뭄[연속 건조일수(CDD), 표준강수지수(SPEI12), 토양수분]",observation,vnm-v121-b-005-obs-154-678518296a9521b3,B-005_cdd_ssp245,VNM,2100,24.45,일,,,,,,[전망치],World Bank CCKP (CMIP6 x0.25),"https://cckpapi.worldbank.org/cckp/v1/cmip6-x0.25_timeseries_rx1day,rx5day,r20mm,r50mm,cwd,cdd_timeseries_annual_2015-2100_median_ssp245_ensemble_all_mean/VNM?_format=json",기관 이용약관,"B-005_가뭄： 연속 건조일수(CDD), 표준강수지수(SPEI12), 토양수분.xlsx",1.1_observation(측정값),154,
B-005,"가뭄[연속 건조일수(CDD), 표준강수지수(SPEI12), 토양수분]",observation,vnm-v121-b-005-obs-155-a3cb171577753391,B-005_cdd_ssp585,VNM,2015,23.29,일,,,,,,[전망치],World Bank CCKP (CMIP6 x0.25),"https://cckpapi.worldbank.org/cckp/v1/cmip6-x0.25_timeseries_rx1day,rx5day,r20mm,r50mm,cwd,cdd_timeseries_annual_2015-2100_median_ssp585_ensemble_all_mean/VNM?_format=json",기관 이용약관,"B-005_가뭄： 연속 건조일수(CDD), 표준강수지수(SPEI12), 토양수분.xlsx",1.1_observation(측정값),155,
B-005,"가뭄[연속 건조일수(CDD), 표준강수지수(SPEI12), 토양수분]",observation,vnm-v121-b-005-obs-156-62d336fa17380d05,B-005_cdd_ssp585,VNM,2016,24.31,일,,,,,,[전망치],World Bank CCKP (CMIP6 x0.25),"https://cckpapi.worldbank.org/cckp/v1/cmip6-x0.25_timeseries_rx1day,rx5day,r20mm,r50mm,cwd,cdd_timeseries_annual_2015-2100_median_ssp585_ensemble_all_mean/VNM?_format=json",기관 이용약관,"B-005_가뭄： 연속 건조일수(CDD), 표준강수지수(SPEI12), 토양수분.xlsx",1.1_observation(측정값),156,
B-005,"가뭄[연속 건조일수(CDD), 표준강수지수(SPEI12), 토양수분]",observation,vnm-v121-b-005-obs-157-e3f257d206fdbe70,B-005_cdd_ssp585,VNM,2017,23.46,일,,,,,,[전망치],World Bank CCKP (CMIP6 x0.25),"https://cckpapi.worldbank.org/cckp/v1/cmip6-x0.25_timeseries_rx1day,rx5day,r20mm,r50mm,cwd,cdd_timeseries_annual_2015-2100_median_ssp585_ensemble_all_mean/VNM?_format=json",기관 이용약관,"B-005_가뭄： 연속 건조일수(CDD), 표준강수지수(SPEI12), 토양수분.xlsx",1.1_observation(측정값),157,
B-005,"가뭄[연속 건조일수(CDD), 표준강수지수(SPEI12), 토양수분]",observation,vnm-v121-b-005-obs-158-d0078b982c48a9b3,B-005_cdd_ssp585,VNM,2018,24.56,일,,,,,,[전망치],World Bank CCKP (CMIP6 x0.25),"https://cckpapi.worldbank.org/cckp/v1/cmip6-x0.25_timeseries_rx1day,rx5day,r20mm,r50mm,cwd,cdd_timeseries_annual_2015-2100_median_ssp585_ensemble_all_mean/VNM?_format=json",기관 이용약관,"B-005_가뭄： 연속 건조일수(CDD), 표준강수지수(SPEI12), 토양수분.xlsx",1.1_observation(측정값),158,
B-005,"가뭄[연속 건조일수(CDD), 표준강수지수(SPEI12), 토양수분]",observation,vnm-v121-b-005-obs-159-c6f8e602a9b2cbf9,B-005_cdd_ssp585,VNM,2019,26.12,일,,,,,,[전망치],World Bank CCKP (CMIP6 x0.25),"https://cckpapi.worldbank.org/cckp/v1/cmip6-x0.25_timeseries_rx1day,rx5day,r20mm,r50mm,cwd,cdd_timeseries_annual_2015-2100_median_ssp585_ensemble_all_mean/VNM?_format=json",기관 이용약관,"B-005_가뭄： 연속 건조일수(CDD), 표준강수지수(SPEI12), 토양수분.xlsx",1.1_observation(측정값),159,
B-005,"가뭄[연속 건조일수(CDD), 표준강수지수(SPEI12), 토양수분]",observation,vnm-v121-b-005-obs-160-bda4161a2a0f3283,B-005_cdd_ssp585,VNM,2020,22.55,일,,,,,,[전망치],World Bank CCKP (CMIP6 x0.25),"https://cckpapi.worldbank.org/cckp/v1/cmip6-x0.25_timeseries_rx1day,rx5day,r20mm,r50mm,cwd,cdd_timeseries_annual_2015-2100_median_ssp585_ensemble_all_mean/VNM?_format=json",기관 이용약관,"B-005_가뭄： 연속 건조일수(CDD), 표준강수지수(SPEI12), 토양수분.xlsx",1.1_observation(측정값),160,
B-005,"가뭄[연속 건조일수(CDD), 표준강수지수(SPEI12), 토양수분]",observation,vnm-v121-b-005-obs-161-463b8173a5bac7ec,B-005_cdd_ssp585,VNM,2021,24.3,일,,,,,,[전망치],World Bank CCKP (CMIP6 x0.25),"https://cckpapi.worldbank.org/cckp/v1/cmip6-x0.25_timeseries_rx1day,rx5day,r20mm,r50mm,cwd,cdd_timeseries_annual_2015-2100_median_ssp585_ensemble_all_mean/VNM?_format=json",기관 이용약관,"B-005_가뭄： 연속 건조일수(CDD), 표준강수지수(SPEI12), 토양수분.xlsx",1.1_observation(측정값),161,
B-005,"가뭄[연속 건조일수(CDD), 표준강수지수(SPEI12), 토양수분]",observation,vnm-v121-b-005-obs-162-df78ac70889b5110,B-005_cdd_ssp585,VNM,2022,24.49,일,,,,,,[전망치],World Bank CCKP (CMIP6 x0.25),"https://cckpapi.worldbank.org/cckp/v1/cmip6-x0.25_timeseries_rx1day,rx5day,r20mm,r50mm,cwd,cdd_timeseries_annual_2015-2100_median_ssp585_ensemble_all_mean/VNM?_format=json",기관 이용약관,"B-005_가뭄： 연속 건조일수(CDD), 표준강수지수(SPEI12), 토양수분.xlsx",1.1_observation(측정값),162,
B-005,"가뭄[연속 건조일수(CDD), 표준강수지수(SPEI12), 토양수분]",observation,vnm-v121-b-005-obs-163-7bcd506b3573ff96,B-005_cdd_ssp585,VNM,2023,22.56,일,,,,,,[전망치],World Bank CCKP (CMIP6 x0.25),"https://cckpapi.worldbank.org/cckp/v1/cmip6-x0.25_timeseries_rx1day,rx5day,r20mm,r50mm,cwd,cdd_timeseries_annual_2015-2100_median_ssp585_ensemble_all_mean/VNM?_format=json",기관 이용약관,"B-005_가뭄： 연속 건조일수(CDD), 표준강수지수(SPEI12), 토양수분.xlsx",1.1_observation(측정값),163,
B-005,"가뭄[연속 건조일수(CDD), 표준강수지수(SPEI12), 토양수분]",observation,vnm-v121-b-005-obs-164-17a4b48779905ceb,B-005_cdd_ssp585,VNM,2024,25.72,일,,,,,,[전망치],World Bank CCKP (CMIP6 x0.25),"https://cckpapi.worldbank.org/cckp/v1/cmip6-x0.25_timeseries_rx1day,rx5day,r20mm,r50mm,cwd,cdd_timeseries_annual_2015-2100_median_ssp585_ensemble_all_mean/VNM?_format=json",기관 이용약관,"B-005_가뭄： 연속 건조일수(CDD), 표준강수지수(SPEI12), 토양수분.xlsx",1.1_observation(측정값),164,
B-005,"가뭄[연속 건조일수(CDD), 표준강수지수(SPEI12), 토양수분]",observation,vnm-v121-b-005-obs-165-cf6005713c19ab5f,B-005_cdd_ssp585,VNM,2025,24.45,일,,,,,,[전망치],World Bank CCKP (CMIP6 x0.25),"https://cckpapi.worldbank.org/cckp/v1/cmip6-x0.25_timeseries_rx1day,rx5day,r20mm,r50mm,cwd,cdd_timeseries_annual_2015-2100_median_ssp585_ensemble_all_mean/VNM?_format=json",기관 이용약관,"B-005_가뭄： 연속 건조일수(CDD), 표준강수지수(SPEI12), 토양수분.xlsx",1.1_observation(측정값),165,
B-005,"가뭄[연속 건조일수(CDD), 표준강수지수(SPEI12), 토양수분]",observation,vnm-v121-b-005-obs-166-b62e69eb01e61ae3,B-005_cdd_ssp585,VNM,2026,24.17,일,,,,,,[전망치],World Bank CCKP (CMIP6 x0.25),"https://cckpapi.worldbank.org/cckp/v1/cmip6-x0.25_timeseries_rx1day,rx5day,r20mm,r50mm,cwd,cdd_timeseries_annual_2015-2100_median_ssp585_ensemble_all_mean/VNM?_format=json",기관 이용약관,"B-005_가뭄： 연속 건조일수(CDD), 표준강수지수(SPEI12), 토양수분.xlsx",1.1_observation(측정값),166,
B-005,"가뭄[연속 건조일수(CDD), 표준강수지수(SPEI12), 토양수분]",observation,vnm-v121-b-005-obs-167-cb0808ddbd218b11,B-005_cdd_ssp585,VNM,2027,23.64,일,,,,,,[전망치],World Bank CCKP (CMIP6 x0.25),"https://cckpapi.worldbank.org/cckp/v1/cmip6-x0.25_timeseries_rx1day,rx5day,r20mm,r50mm,cwd,cdd_timeseries_annual_2015-2100_median_ssp585_ensemble_all_mean/VNM?_format=json",기관 이용약관,"B-005_가뭄： 연속 건조일수(CDD), 표준강수지수(SPEI12), 토양수분.xlsx",1.1_observation(측정값),167,
B-005,"가뭄[연속 건조일수(CDD), 표준강수지수(SPEI12), 토양수분]",observation,vnm-v121-b-005-obs-168-995c823e3997a9a9,B-005_cdd_ssp585,VNM,2028,24.73,일,,,,,,[전망치],World Bank CCKP (CMIP6 x0.25),"https://cckpapi.worldbank.org/cckp/v1/cmip6-x0.25_timeseries_rx1day,rx5day,r20mm,r50mm,cwd,cdd_timeseries_annual_2015-2100_median_ssp585_ensemble_all_mean/VNM?_format=json",기관 이용약관,"B-005_가뭄： 연속 건조일수(CDD), 표준강수지수(SPEI12), 토양수분.xlsx",1.1_observation(측정값),168,
B-005,"가뭄[연속 건조일수(CDD), 표준강수지수(SPEI12), 토양수분]",observation,vnm-v121-b-005-obs-169-35d029e12fff2400,B-005_cdd_ssp585,VNM,2029,27.23,일,,,,,,[전망치],World Bank CCKP (CMIP6 x0.25),"https://cckpapi.worldbank.org/cckp/v1/cmip6-x0.25_timeseries_rx1day,rx5day,r20mm,r50mm,cwd,cdd_timeseries_annual_2015-2100_median_ssp585_ensemble_all_mean/VNM?_format=json",기관 이용약관,"B-005_가뭄： 연속 건조일수(CDD), 표준강수지수(SPEI12), 토양수분.xlsx",1.1_observation(측정값),169,
B-005,"가뭄[연속 건조일수(CDD), 표준강수지수(SPEI12), 토양수분]",observation,vnm-v121-b-005-obs-170-1d629b99d09291a0,B-005_cdd_ssp585,VNM,2030,24.91,일,,,,,,[전망치],World Bank CCKP (CMIP6 x0.25),"https://cckpapi.worldbank.org/cckp/v1/cmip6-x0.25_timeseries_rx1day,rx5day,r20mm,r50mm,cwd,cdd_timeseries_annual_2015-2100_median_ssp585_ensemble_all_mean/VNM?_format=json",기관 이용약관,"B-005_가뭄： 연속 건조일수(CDD), 표준강수지수(SPEI12), 토양수분.xlsx",1.1_observation(측정값),170,
B-005,"가뭄[연속 건조일수(CDD), 표준강수지수(SPEI12), 토양수분]",observation,vnm-v121-b-005-obs-171-9bc191df8050eae5,B-005_cdd_ssp585,VNM,2031,22.85,일,,,,,,[전망치],World Bank CCKP (CMIP6 x0.25),"https://cckpapi.worldbank.org/cckp/v1/cmip6-x0.25_timeseries_rx1day,rx5day,r20mm,r50mm,cwd,cdd_timeseries_annual_2015-2100_median_ssp585_ensemble_all_mean/VNM?_format=json",기관 이용약관,"B-005_가뭄： 연속 건조일수(CDD), 표준강수지수(SPEI12), 토양수분.xlsx",1.1_observation(측정값),171,
B-005,"가뭄[연속 건조일수(CDD), 표준강수지수(SPEI12), 토양수분]",observation,vnm-v121-b-005-obs-172-a7dadf7f544f0946,B-005_cdd_ssp585,VNM,2032,23.3,일,,,,,,[전망치],World Bank CCKP (CMIP6 x0.25),"https://cckpapi.worldbank.org/cckp/v1/cmip6-x0.25_timeseries_rx1day,rx5day,r20mm,r50mm,cwd,cdd_timeseries_annual_2015-2100_median_ssp585_ensemble_all_mean/VNM?_format=json",기관 이용약관,"B-005_가뭄： 연속 건조일수(CDD), 표준강수지수(SPEI12), 토양수분.xlsx",1.1_observation(측정값),172,
B-005,"가뭄[연속 건조일수(CDD), 표준강수지수(SPEI12), 토양수분]",observation,vnm-v121-b-005-obs-173-e3ffb6d3f5fced4c,B-005_cdd_ssp585,VNM,2033,23.89,일,,,,,,[전망치],World Bank CCKP (CMIP6 x0.25),"https://cckpapi.worldbank.org/cckp/v1/cmip6-x0.25_timeseries_rx1day,rx5day,r20mm,r50mm,cwd,cdd_timeseries_annual_2015-2100_median_ssp585_ensemble_all_mean/VNM?_format=json",기관 이용약관,"B-005_가뭄： 연속 건조일수(CDD), 표준강수지수(SPEI12), 토양수분.xlsx",1.1_observation(측정값),173,
B-005,"가뭄[연속 건조일수(CDD), 표준강수지수(SPEI12), 토양수분]",observation,vnm-v121-b-005-obs-174-518b3c6c1cce034d,B-005_cdd_ssp585,VNM,2034,22.78,일,,,,,,[전망치],World Bank CCKP (CMIP6 x0.25),"https://cckpapi.worldbank.org/cckp/v1/cmip6-x0.25_timeseries_rx1day,rx5day,r20mm,r50mm,cwd,cdd_timeseries_annual_2015-2100_median_ssp585_ensemble_all_mean/VNM?_format=json",기관 이용약관,"B-005_가뭄： 연속 건조일수(CDD), 표준강수지수(SPEI12), 토양수분.xlsx",1.1_observation(측정값),174,
B-005,"가뭄[연속 건조일수(CDD), 표준강수지수(SPEI12), 토양수분]",observation,vnm-v121-b-005-obs-175-a4225247af7a73d7,B-005_cdd_ssp585,VNM,2035,23.07,일,,,,,,[전망치],World Bank CCKP (CMIP6 x0.25),"https://cckpapi.worldbank.org/cckp/v1/cmip6-x0.25_timeseries_rx1day,rx5day,r20mm,r50mm,cwd,cdd_timeseries_annual_2015-2100_median_ssp585_ensemble_all_mean/VNM?_format=json",기관 이용약관,"B-005_가뭄： 연속 건조일수(CDD), 표준강수지수(SPEI12), 토양수분.xlsx",1.1_observation(측정값),175,
B-005,"가뭄[연속 건조일수(CDD), 표준강수지수(SPEI12), 토양수분]",observation,vnm-v121-b-005-obs-176-cbc957f3dc402440,B-005_cdd_ssp585,VNM,2036,27.34,일,,,,,,[전망치],World Bank CCKP (CMIP6 x0.25),"https://cckpapi.worldbank.org/cckp/v1/cmip6-x0.25_timeseries_rx1day,rx5day,r20mm,r50mm,cwd,cdd_timeseries_annual_2015-2100_median_ssp585_ensemble_all_mean/VNM?_format=json",기관 이용약관,"B-005_가뭄： 연속 건조일수(CDD), 표준강수지수(SPEI12), 토양수분.xlsx",1.1_observation(측정값),176,
B-005,"가뭄[연속 건조일수(CDD), 표준강수지수(SPEI12), 토양수분]",observation,vnm-v121-b-005-obs-177-f68dbbe3c9a8e9f0,B-005_cdd_ssp585,VNM,2037,24.03,일,,,,,,[전망치],World Bank CCKP (CMIP6 x0.25),"https://cckpapi.worldbank.org/cckp/v1/cmip6-x0.25_timeseries_rx1day,rx5day,r20mm,r50mm,cwd,cdd_timeseries_annual_2015-2100_median_ssp585_ensemble_all_mean/VNM?_format=json",기관 이용약관,"B-005_가뭄： 연속 건조일수(CDD), 표준강수지수(SPEI12), 토양수분.xlsx",1.1_observation(측정값),177,
B-005,"가뭄[연속 건조일수(CDD), 표준강수지수(SPEI12), 토양수분]",observation,vnm-v121-b-005-obs-178-39c57c0201635bae,B-005_cdd_ssp585,VNM,2038,24.02,일,,,,,,[전망치],World Bank CCKP (CMIP6 x0.25),"https://cckpapi.worldbank.org/cckp/v1/cmip6-x0.25_timeseries_rx1day,rx5day,r20mm,r50mm,cwd,cdd_timeseries_annual_2015-2100_median_ssp585_ensemble_all_mean/VNM?_format=json",기관 이용약관,"B-005_가뭄： 연속 건조일수(CDD), 표준강수지수(SPEI12), 토양수분.xlsx",1.1_observation(측정값),178,
B-005,"가뭄[연속 건조일수(CDD), 표준강수지수(SPEI12), 토양수분]",observation,vnm-v121-b-005-obs-179-1addb8b2396c2e7c,B-005_cdd_ssp585,VNM,2039,24.52,일,,,,,,[전망치],World Bank CCKP (CMIP6 x0.25),"https://cckpapi.worldbank.org/cckp/v1/cmip6-x0.25_timeseries_rx1day,rx5day,r20mm,r50mm,cwd,cdd_timeseries_annual_2015-2100_median_ssp585_ensemble_all_mean/VNM?_format=json",기관 이용약관,"B-005_가뭄： 연속 건조일수(CDD), 표준강수지수(SPEI12), 토양수분.xlsx",1.1_observation(측정값),179,
B-005,"가뭄[연속 건조일수(CDD), 표준강수지수(SPEI12), 토양수분]",observation,vnm-v121-b-005-obs-180-46c8e602c36a07eb,B-005_cdd_ssp585,VNM,2040,26.53,일,,,,,,[전망치],World Bank CCKP (CMIP6 x0.25),"https://cckpapi.worldbank.org/cckp/v1/cmip6-x0.25_timeseries_rx1day,rx5day,r20mm,r50mm,cwd,cdd_timeseries_annual_2015-2100_median_ssp585_ensemble_all_mean/VNM?_format=json",기관 이용약관,"B-005_가뭄： 연속 건조일수(CDD), 표준강수지수(SPEI12), 토양수분.xlsx",1.1_observation(측정값),180,
B-005,"가뭄[연속 건조일수(CDD), 표준강수지수(SPEI12), 토양수분]",observation,vnm-v121-b-005-obs-181-c702df712a1e83c8,B-005_cdd_ssp585,VNM,2041,25.69,일,,,,,,[전망치],World Bank CCKP (CMIP6 x0.25),"https://cckpapi.worldbank.org/cckp/v1/cmip6-x0.25_timeseries_rx1day,rx5day,r20mm,r50mm,cwd,cdd_timeseries_annual_2015-2100_median_ssp585_ensemble_all_mean/VNM?_format=json",기관 이용약관,"B-005_가뭄： 연속 건조일수(CDD), 표준강수지수(SPEI12), 토양수분.xlsx",1.1_observation(측정값),181,
B-005,"가뭄[연속 건조일수(CDD), 표준강수지수(SPEI12), 토양수분]",observation,vnm-v121-b-005-obs-182-6a47a3be14ce7c21,B-005_cdd_ssp585,VNM,2042,26.16,일,,,,,,[전망치],World Bank CCKP (CMIP6 x0.25),"https://cckpapi.worldbank.org/cckp/v1/cmip6-x0.25_timeseries_rx1day,rx5day,r20mm,r50mm,cwd,cdd_timeseries_annual_2015-2100_median_ssp585_ensemble_all_mean/VNM?_format=json",기관 이용약관,"B-005_가뭄： 연속 건조일수(CDD), 표준강수지수(SPEI12), 토양수분.xlsx",1.1_observation(측정값),182,
B-005,"가뭄[연속 건조일수(CDD), 표준강수지수(SPEI12), 토양수분]",observation,vnm-v121-b-005-obs-183-c752464e300af8ae,B-005_cdd_ssp585,VNM,2043,24.23,일,,,,,,[전망치],World Bank CCKP (CMIP6 x0.25),"https://cckpapi.worldbank.org/cckp/v1/cmip6-x0.25_timeseries_rx1day,rx5day,r20mm,r50mm,cwd,cdd_timeseries_annual_2015-2100_median_ssp585_ensemble_all_mean/VNM?_format=json",기관 이용약관,"B-005_가뭄： 연속 건조일수(CDD), 표준강수지수(SPEI12), 토양수분.xlsx",1.1_observation(측정값),183,
B-005,"가뭄[연속 건조일수(CDD), 표준강수지수(SPEI12), 토양수분]",observation,vnm-v121-b-005-obs-184-05152407c66c0b7b,B-005_cdd_ssp585,VNM,2044,24.28,일,,,,,,[전망치],World Bank CCKP (CMIP6 x0.25),"https://cckpapi.worldbank.org/cckp/v1/cmip6-x0.25_timeseries_rx1day,rx5day,r20mm,r50mm,cwd,cdd_timeseries_annual_2015-2100_median_ssp585_ensemble_all_mean/VNM?_format=json",기관 이용약관,"B-005_가뭄： 연속 건조일수(CDD), 표준강수지수(SPEI12), 토양수분.xlsx",1.1_observation(측정값),184,
B-005,"가뭄[연속 건조일수(CDD), 표준강수지수(SPEI12), 토양수분]",observation,vnm-v121-b-005-obs-185-1c6a6d1bacf4961d,B-005_cdd_ssp585,VNM,2045,23.04,일,,,,,,[전망치],World Bank CCKP (CMIP6 x0.25),"https://cckpapi.worldbank.org/cckp/v1/cmip6-x0.25_timeseries_rx1day,rx5day,r20mm,r50mm,cwd,cdd_timeseries_annual_2015-2100_median_ssp585_ensemble_all_mean/VNM?_format=json",기관 이용약관,"B-005_가뭄： 연속 건조일수(CDD), 표준강수지수(SPEI12), 토양수분.xlsx",1.1_observation(측정값),185,
B-005,"가뭄[연속 건조일수(CDD), 표준강수지수(SPEI12), 토양수분]",observation,vnm-v121-b-005-obs-186-c5d96c33bf554496,B-005_cdd_ssp585,VNM,2046,24.42,일,,,,,,[전망치],World Bank CCKP (CMIP6 x0.25),"https://cckpapi.worldbank.org/cckp/v1/cmip6-x0.25_timeseries_rx1day,rx5day,r20mm,r50mm,cwd,cdd_timeseries_annual_2015-2100_median_ssp585_ensemble_all_mean/VNM?_format=json",기관 이용약관,"B-005_가뭄： 연속 건조일수(CDD), 표준강수지수(SPEI12), 토양수분.xlsx",1.1_observation(측정값),186,
B-005,"가뭄[연속 건조일수(CDD), 표준강수지수(SPEI12), 토양수분]",observation,vnm-v121-b-005-obs-187-8873cce818922a1c,B-005_cdd_ssp585,VNM,2047,24.16,일,,,,,,[전망치],World Bank CCKP (CMIP6 x0.25),"https://cckpapi.worldbank.org/cckp/v1/cmip6-x0.25_timeseries_rx1day,rx5day,r20mm,r50mm,cwd,cdd_timeseries_annual_2015-2100_median_ssp585_ensemble_all_mean/VNM?_format=json",기관 이용약관,"B-005_가뭄： 연속 건조일수(CDD), 표준강수지수(SPEI12), 토양수분.xlsx",1.1_observation(측정값),187,
B-005,"가뭄[연속 건조일수(CDD), 표준강수지수(SPEI12), 토양수분]",observation,vnm-v121-b-005-obs-188-d64c4eb26c620b39,B-005_cdd_ssp585,VNM,2048,22.96,일,,,,,,[전망치],World Bank CCKP (CMIP6 x0.25),"https://cckpapi.worldbank.org/cckp/v1/cmip6-x0.25_timeseries_rx1day,rx5day,r20mm,r50mm,cwd,cdd_timeseries_annual_2015-2100_median_ssp585_ensemble_all_mean/VNM?_format=json",기관 이용약관,"B-005_가뭄： 연속 건조일수(CDD), 표준강수지수(SPEI12), 토양수분.xlsx",1.1_observation(측정값),188,
B-005,"가뭄[연속 건조일수(CDD), 표준강수지수(SPEI12), 토양수분]",observation,vnm-v121-b-005-obs-189-b324e9eda3dc4a39,B-005_cdd_ssp585,VNM,2049,27.29,일,,,,,,[전망치],World Bank CCKP (CMIP6 x0.25),"https://cckpapi.worldbank.org/cckp/v1/cmip6-x0.25_timeseries_rx1day,rx5day,r20mm,r50mm,cwd,cdd_timeseries_annual_2015-2100_median_ssp585_ensemble_all_mean/VNM?_format=json",기관 이용약관,"B-005_가뭄： 연속 건조일수(CDD), 표준강수지수(SPEI12), 토양수분.xlsx",1.1_observation(측정값),189,
B-005,"가뭄[연속 건조일수(CDD), 표준강수지수(SPEI12), 토양수분]",observation,vnm-v121-b-005-obs-190-d21119e1c5679206,B-005_cdd_ssp585,VNM,2050,23.61,일,,,,,,[전망치],World Bank CCKP (CMIP6 x0.25),"https://cckpapi.worldbank.org/cckp/v1/cmip6-x0.25_timeseries_rx1day,rx5day,r20mm,r50mm,cwd,cdd_timeseries_annual_2015-2100_median_ssp585_ensemble_all_mean/VNM?_format=json",기관 이용약관,"B-005_가뭄： 연속 건조일수(CDD), 표준강수지수(SPEI12), 토양수분.xlsx",1.1_observation(측정값),190,
B-005,"가뭄[연속 건조일수(CDD), 표준강수지수(SPEI12), 토양수분]",observation,vnm-v121-b-005-obs-191-dba79474be617b72,B-005_cdd_ssp585,VNM,2051,24.03,일,,,,,,[전망치],World Bank CCKP (CMIP6 x0.25),"https://cckpapi.worldbank.org/cckp/v1/cmip6-x0.25_timeseries_rx1day,rx5day,r20mm,r50mm,cwd,cdd_timeseries_annual_2015-2100_median_ssp585_ensemble_all_mean/VNM?_format=json",기관 이용약관,"B-005_가뭄： 연속 건조일수(CDD), 표준강수지수(SPEI12), 토양수분.xlsx",1.1_observation(측정값),191,
B-005,"가뭄[연속 건조일수(CDD), 표준강수지수(SPEI12), 토양수분]",observation,vnm-v121-b-005-obs-192-55aada6f9f50df74,B-005_cdd_ssp585,VNM,2052,23.61,일,,,,,,[전망치],World Bank CCKP (CMIP6 x0.25),"https://cckpapi.worldbank.org/cckp/v1/cmip6-x0.25_timeseries_rx1day,rx5day,r20mm,r50mm,cwd,cdd_timeseries_annual_2015-2100_median_ssp585_ensemble_all_mean/VNM?_format=json",기관 이용약관,"B-005_가뭄： 연속 건조일수(CDD), 표준강수지수(SPEI12), 토양수분.xlsx",1.1_observation(측정값),192,
B-005,"가뭄[연속 건조일수(CDD), 표준강수지수(SPEI12), 토양수분]",observation,vnm-v121-b-005-obs-193-4bdf75b2116dc3aa,B-005_cdd_ssp585,VNM,2053,22.07,일,,,,,,[전망치],World Bank CCKP (CMIP6 x0.25),"https://cckpapi.worldbank.org/cckp/v1/cmip6-x0.25_timeseries_rx1day,rx5day,r20mm,r50mm,cwd,cdd_timeseries_annual_2015-2100_median_ssp585_ensemble_all_mean/VNM?_format=json",기관 이용약관,"B-005_가뭄： 연속 건조일수(CDD), 표준강수지수(SPEI12), 토양수분.xlsx",1.1_observation(측정값),193,
B-005,"가뭄[연속 건조일수(CDD), 표준강수지수(SPEI12), 토양수분]",observation,vnm-v121-b-005-obs-194-45182a291767814c,B-005_cdd_ssp585,VNM,2054,25.04,일,,,,,,[전망치],World Bank CCKP (CMIP6 x0.25),"https://cckpapi.worldbank.org/cckp/v1/cmip6-x0.25_timeseries_rx1day,rx5day,r20mm,r50mm,cwd,cdd_timeseries_annual_2015-2100_median_ssp585_ensemble_all_mean/VNM?_format=json",기관 이용약관,"B-005_가뭄： 연속 건조일수(CDD), 표준강수지수(SPEI12), 토양수분.xlsx",1.1_observation(측정값),194,
B-005,"가뭄[연속 건조일수(CDD), 표준강수지수(SPEI12), 토양수분]",observation,vnm-v121-b-005-obs-195-d925582a21d6622e,B-005_cdd_ssp585,VNM,2055,21.6,일,,,,,,[전망치],World Bank CCKP (CMIP6 x0.25),"https://cckpapi.worldbank.org/cckp/v1/cmip6-x0.25_timeseries_rx1day,rx5day,r20mm,r50mm,cwd,cdd_timeseries_annual_2015-2100_median_ssp585_ensemble_all_mean/VNM?_format=json",기관 이용약관,"B-005_가뭄： 연속 건조일수(CDD), 표준강수지수(SPEI12), 토양수분.xlsx",1.1_observation(측정값),195,
B-005,"가뭄[연속 건조일수(CDD), 표준강수지수(SPEI12), 토양수분]",observation,vnm-v121-b-005-obs-196-56edc2bb933633a0,B-005_cdd_ssp585,VNM,2056,29.94,일,,,,,,[전망치],World Bank CCKP (CMIP6 x0.25),"https://cckpapi.worldbank.org/cckp/v1/cmip6-x0.25_timeseries_rx1day,rx5day,r20mm,r50mm,cwd,cdd_timeseries_annual_2015-2100_median_ssp585_ensemble_all_mean/VNM?_format=json",기관 이용약관,"B-005_가뭄： 연속 건조일수(CDD), 표준강수지수(SPEI12), 토양수분.xlsx",1.1_observation(측정값),196,
B-005,"가뭄[연속 건조일수(CDD), 표준강수지수(SPEI12), 토양수분]",observation,vnm-v121-b-005-obs-197-5d2db2020baedaa2,B-005_cdd_ssp585,VNM,2057,24.19,일,,,,,,[전망치],World Bank CCKP (CMIP6 x0.25),"https://cckpapi.worldbank.org/cckp/v1/cmip6-x0.25_timeseries_rx1day,rx5day,r20mm,r50mm,cwd,cdd_timeseries_annual_2015-2100_median_ssp585_ensemble_all_mean/VNM?_format=json",기관 이용약관,"B-005_가뭄： 연속 건조일수(CDD), 표준강수지수(SPEI12), 토양수분.xlsx",1.1_observation(측정값),197,
B-005,"가뭄[연속 건조일수(CDD), 표준강수지수(SPEI12), 토양수분]",observation,vnm-v121-b-005-obs-198-fff02224763a1d8d,B-005_cdd_ssp585,VNM,2058,25.57,일,,,,,,[전망치],World Bank CCKP (CMIP6 x0.25),"https://cckpapi.worldbank.org/cckp/v1/cmip6-x0.25_timeseries_rx1day,rx5day,r20mm,r50mm,cwd,cdd_timeseries_annual_2015-2100_median_ssp585_ensemble_all_mean/VNM?_format=json",기관 이용약관,"B-005_가뭄： 연속 건조일수(CDD), 표준강수지수(SPEI12), 토양수분.xlsx",1.1_observation(측정값),198,
B-005,"가뭄[연속 건조일수(CDD), 표준강수지수(SPEI12), 토양수분]",observation,vnm-v121-b-005-obs-199-c1ba93b8b4c314d5,B-005_cdd_ssp585,VNM,2059,24.58,일,,,,,,[전망치],World Bank CCKP (CMIP6 x0.25),"https://cckpapi.worldbank.org/cckp/v1/cmip6-x0.25_timeseries_rx1day,rx5day,r20mm,r50mm,cwd,cdd_timeseries_annual_2015-2100_median_ssp585_ensemble_all_mean/VNM?_format=json",기관 이용약관,"B-005_가뭄： 연속 건조일수(CDD), 표준강수지수(SPEI12), 토양수분.xlsx",1.1_observation(측정값),199,
B-005,"가뭄[연속 건조일수(CDD), 표준강수지수(SPEI12), 토양수분]",observation,vnm-v121-b-005-obs-200-a7557c67dae0da18,B-005_cdd_ssp585,VNM,2060,25.04,일,,,,,,[전망치],World Bank CCKP (CMIP6 x0.25),"https://cckpapi.worldbank.org/cckp/v1/cmip6-x0.25_timeseries_rx1day,rx5day,r20mm,r50mm,cwd,cdd_timeseries_annual_2015-2100_median_ssp585_ensemble_all_mean/VNM?_format=json",기관 이용약관,"B-005_가뭄： 연속 건조일수(CDD), 표준강수지수(SPEI12), 토양수분.xlsx",1.1_observation(측정값),200,
B-005,"가뭄[연속 건조일수(CDD), 표준강수지수(SPEI12), 토양수분]",observation,vnm-v121-b-005-obs-201-c0ff7c1f0c6fed5d,B-005_cdd_ssp585,VNM,2061,24.47,일,,,,,,[전망치],World Bank CCKP (CMIP6 x0.25),"https://cckpapi.worldbank.org/cckp/v1/cmip6-x0.25_timeseries_rx1day,rx5day,r20mm,r50mm,cwd,cdd_timeseries_annual_2015-2100_median_ssp585_ensemble_all_mean/VNM?_format=json",기관 이용약관,"B-005_가뭄： 연속 건조일수(CDD), 표준강수지수(SPEI12), 토양수분.xlsx",1.1_observation(측정값),201,
B-005,"가뭄[연속 건조일수(CDD), 표준강수지수(SPEI12), 토양수분]",observation,vnm-v121-b-005-obs-202-ad51b58f82560189,B-005_cdd_ssp585,VNM,2062,25.16,일,,,,,,[전망치],World Bank CCKP (CMIP6 x0.25),"https://cckpapi.worldbank.org/cckp/v1/cmip6-x0.25_timeseries_rx1day,rx5day,r20mm,r50mm,cwd,cdd_timeseries_annual_2015-2100_median_ssp585_ensemble_all_mean/VNM?_format=json",기관 이용약관,"B-005_가뭄： 연속 건조일수(CDD), 표준강수지수(SPEI12), 토양수분.xlsx",1.1_observation(측정값),202,
B-005,"가뭄[연속 건조일수(CDD), 표준강수지수(SPEI12), 토양수분]",observation,vnm-v121-b-005-obs-203-3493ba06531881f4,B-005_cdd_ssp585,VNM,2063,25.76,일,,,,,,[전망치],World Bank CCKP (CMIP6 x0.25),"https://cckpapi.worldbank.org/cckp/v1/cmip6-x0.25_timeseries_rx1day,rx5day,r20mm,r50mm,cwd,cdd_timeseries_annual_2015-2100_median_ssp585_ensemble_all_mean/VNM?_format=json",기관 이용약관,"B-005_가뭄： 연속 건조일수(CDD), 표준강수지수(SPEI12), 토양수분.xlsx",1.1_observation(측정값),203,
B-005,"가뭄[연속 건조일수(CDD), 표준강수지수(SPEI12), 토양수분]",observation,vnm-v121-b-005-obs-204-15f6559d258f3703,B-005_cdd_ssp585,VNM,2064,28.23,일,,,,,,[전망치],World Bank CCKP (CMIP6 x0.25),"https://cckpapi.worldbank.org/cckp/v1/cmip6-x0.25_timeseries_rx1day,rx5day,r20mm,r50mm,cwd,cdd_timeseries_annual_2015-2100_median_ssp585_ensemble_all_mean/VNM?_format=json",기관 이용약관,"B-005_가뭄： 연속 건조일수(CDD), 표준강수지수(SPEI12), 토양수분.xlsx",1.1_observation(측정값),204,
B-005,"가뭄[연속 건조일수(CDD), 표준강수지수(SPEI12), 토양수분]",observation,vnm-v121-b-005-obs-205-2e18f4f8e07eb7f6,B-005_cdd_ssp585,VNM,2065,22.73,일,,,,,,[전망치],World Bank CCKP (CMIP6 x0.25),"https://cckpapi.worldbank.org/cckp/v1/cmip6-x0.25_timeseries_rx1day,rx5day,r20mm,r50mm,cwd,cdd_timeseries_annual_2015-2100_median_ssp585_ensemble_all_mean/VNM?_format=json",기관 이용약관,"B-005_가뭄： 연속 건조일수(CDD), 표준강수지수(SPEI12), 토양수분.xlsx",1.1_observation(측정값),205,
B-005,"가뭄[연속 건조일수(CDD), 표준강수지수(SPEI12), 토양수분]",observation,vnm-v121-b-005-obs-206-9245098eeee878ba,B-005_cdd_ssp585,VNM,2066,25.01,일,,,,,,[전망치],World Bank CCKP (CMIP6 x0.25),"https://cckpapi.worldbank.org/cckp/v1/cmip6-x0.25_timeseries_rx1day,rx5day,r20mm,r50mm,cwd,cdd_timeseries_annual_2015-2100_median_ssp585_ensemble_all_mean/VNM?_format=json",기관 이용약관,"B-005_가뭄： 연속 건조일수(CDD), 표준강수지수(SPEI12), 토양수분.xlsx",1.1_observation(측정값),206,
B-005,"가뭄[연속 건조일수(CDD), 표준강수지수(SPEI12), 토양수분]",observation,vnm-v121-b-005-obs-207-964ebcb89f52e3fc,B-005_cdd_ssp585,VNM,2067,22.67,일,,,,,,[전망치],World Bank CCKP (CMIP6 x0.25),"https://cckpapi.worldbank.org/cckp/v1/cmip6-x0.25_timeseries_rx1day,rx5day,r20mm,r50mm,cwd,cdd_timeseries_annual_2015-2100_median_ssp585_ensemble_all_mean/VNM?_format=json",기관 이용약관,"B-005_가뭄： 연속 건조일수(CDD), 표준강수지수(SPEI12), 토양수분.xlsx",1.1_observation(측정값),207,
B-005,"가뭄[연속 건조일수(CDD), 표준강수지수(SPEI12), 토양수분]",observation,vnm-v121-b-005-obs-208-7cbab56a67a67216,B-005_cdd_ssp585,VNM,2068,24.25,일,,,,,,[전망치],World Bank CCKP (CMIP6 x0.25),"https://cckpapi.worldbank.org/cckp/v1/cmip6-x0.25_timeseries_rx1day,rx5day,r20mm,r50mm,cwd,cdd_timeseries_annual_2015-2100_median_ssp585_ensemble_all_mean/VNM?_format=json",기관 이용약관,"B-005_가뭄： 연속 건조일수(CDD), 표준강수지수(SPEI12), 토양수분.xlsx",1.1_observation(측정값),208,
B-005,"가뭄[연속 건조일수(CDD), 표준강수지수(SPEI12), 토양수분]",observation,vnm-v121-b-005-obs-209-63f3325dbef8dbb1,B-005_cdd_ssp585,VNM,2069,27.92,일,,,,,,[전망치],World Bank CCKP (CMIP6 x0.25),"https://cckpapi.worldbank.org/cckp/v1/cmip6-x0.25_timeseries_rx1day,rx5day,r20mm,r50mm,cwd,cdd_timeseries_annual_2015-2100_median_ssp585_ensemble_all_mean/VNM?_format=json",기관 이용약관,"B-005_가뭄： 연속 건조일수(CDD), 표준강수지수(SPEI12), 토양수분.xlsx",1.1_observation(측정값),209,
B-005,"가뭄[연속 건조일수(CDD), 표준강수지수(SPEI12), 토양수분]",observation,vnm-v121-b-005-obs-210-4787342e58ea6296,B-005_cdd_ssp585,VNM,2070,28.99,일,,,,,,[전망치],World Bank CCKP (CMIP6 x0.25),"https://cckpapi.worldbank.org/cckp/v1/cmip6-x0.25_timeseries_rx1day,rx5day,r20mm,r50mm,cwd,cdd_timeseries_annual_2015-2100_median_ssp585_ensemble_all_mean/VNM?_format=json",기관 이용약관,"B-005_가뭄： 연속 건조일수(CDD), 표준강수지수(SPEI12), 토양수분.xlsx",1.1_observation(측정값),210,
B-005,"가뭄[연속 건조일수(CDD), 표준강수지수(SPEI12), 토양수분]",observation,vnm-v121-b-005-obs-211-54b9a6919153dadc,B-005_cdd_ssp585,VNM,2071,29.18,일,,,,,,[전망치],World Bank CCKP (CMIP6 x0.25),"https://cckpapi.worldbank.org/cckp/v1/cmip6-x0.25_timeseries_rx1day,rx5day,r20mm,r50mm,cwd,cdd_timeseries_annual_2015-2100_median_ssp585_ensemble_all_mean/VNM?_format=json",기관 이용약관,"B-005_가뭄： 연속 건조일수(CDD), 표준강수지수(SPEI12), 토양수분.xlsx",1.1_observation(측정값),211,
B-005,"가뭄[연속 건조일수(CDD), 표준강수지수(SPEI12), 토양수분]",observation,vnm-v121-b-005-obs-212-b653c4a12ec9c2c0,B-005_cdd_ssp585,VNM,2072,25.48,일,,,,,,[전망치],World Bank CCKP (CMIP6 x0.25),"https://cckpapi.worldbank.org/cckp/v1/cmip6-x0.25_timeseries_rx1day,rx5day,r20mm,r50mm,cwd,cdd_timeseries_annual_2015-2100_median_ssp585_ensemble_all_mean/VNM?_format=json",기관 이용약관,"B-005_가뭄： 연속 건조일수(CDD), 표준강수지수(SPEI12), 토양수분.xlsx",1.1_observation(측정값),212,
B-005,"가뭄[연속 건조일수(CDD), 표준강수지수(SPEI12), 토양수분]",observation,vnm-v121-b-005-obs-213-bd533a5b6d807429,B-005_cdd_ssp585,VNM,2073,23.89,일,,,,,,[전망치],World Bank CCKP (CMIP6 x0.25),"https://cckpapi.worldbank.org/cckp/v1/cmip6-x0.25_timeseries_rx1day,rx5day,r20mm,r50mm,cwd,cdd_timeseries_annual_2015-2100_median_ssp585_ensemble_all_mean/VNM?_format=json",기관 이용약관,"B-005_가뭄： 연속 건조일수(CDD), 표준강수지수(SPEI12), 토양수분.xlsx",1.1_observation(측정값),213,
B-005,"가뭄[연속 건조일수(CDD), 표준강수지수(SPEI12), 토양수분]",observation,vnm-v121-b-005-obs-214-4a32d360b93cb951,B-005_cdd_ssp585,VNM,2074,26.52,일,,,,,,[전망치],World Bank CCKP (CMIP6 x0.25),"https://cckpapi.worldbank.org/cckp/v1/cmip6-x0.25_timeseries_rx1day,rx5day,r20mm,r50mm,cwd,cdd_timeseries_annual_2015-2100_median_ssp585_ensemble_all_mean/VNM?_format=json",기관 이용약관,"B-005_가뭄： 연속 건조일수(CDD), 표준강수지수(SPEI12), 토양수분.xlsx",1.1_observation(측정값),214,
B-005,"가뭄[연속 건조일수(CDD), 표준강수지수(SPEI12), 토양수분]",observation,vnm-v121-b-005-obs-215-057aa3a49fefd406,B-005_cdd_ssp585,VNM,2075,29.57,일,,,,,,[전망치],World Bank CCKP (CMIP6 x0.25),"https://cckpapi.worldbank.org/cckp/v1/cmip6-x0.25_timeseries_rx1day,rx5day,r20mm,r50mm,cwd,cdd_timeseries_annual_2015-2100_median_ssp585_ensemble_all_mean/VNM?_format=json",기관 이용약관,"B-005_가뭄： 연속 건조일수(CDD), 표준강수지수(SPEI12), 토양수분.xlsx",1.1_observation(측정값),215,
B-005,"가뭄[연속 건조일수(CDD), 표준강수지수(SPEI12), 토양수분]",observation,vnm-v121-b-005-obs-216-d51649d109999043,B-005_cdd_ssp585,VNM,2076,24.63,일,,,,,,[전망치],World Bank CCKP (CMIP6 x0.25),"https://cckpapi.worldbank.org/cckp/v1/cmip6-x0.25_timeseries_rx1day,rx5day,r20mm,r50mm,cwd,cdd_timeseries_annual_2015-2100_median_ssp585_ensemble_all_mean/VNM?_format=json",기관 이용약관,"B-005_가뭄： 연속 건조일수(CDD), 표준강수지수(SPEI12), 토양수분.xlsx",1.1_observation(측정값),216,
B-005,"가뭄[연속 건조일수(CDD), 표준강수지수(SPEI12), 토양수분]",observation,vnm-v121-b-005-obs-217-76697486362c67fc,B-005_cdd_ssp585,VNM,2077,26.89,일,,,,,,[전망치],World Bank CCKP (CMIP6 x0.25),"https://cckpapi.worldbank.org/cckp/v1/cmip6-x0.25_timeseries_rx1day,rx5day,r20mm,r50mm,cwd,cdd_timeseries_annual_2015-2100_median_ssp585_ensemble_all_mean/VNM?_format=json",기관 이용약관,"B-005_가뭄： 연속 건조일수(CDD), 표준강수지수(SPEI12), 토양수분.xlsx",1.1_observation(측정값),217,
B-005,"가뭄[연속 건조일수(CDD), 표준강수지수(SPEI12), 토양수분]",observation,vnm-v121-b-005-obs-218-eeebf58e5113b19f,B-005_cdd_ssp585,VNM,2078,25.24,일,,,,,,[전망치],World Bank CCKP (CMIP6 x0.25),"https://cckpapi.worldbank.org/cckp/v1/cmip6-x0.25_timeseries_rx1day,rx5day,r20mm,r50mm,cwd,cdd_timeseries_annual_2015-2100_median_ssp585_ensemble_all_mean/VNM?_format=json",기관 이용약관,"B-005_가뭄： 연속 건조일수(CDD), 표준강수지수(SPEI12), 토양수분.xlsx",1.1_observation(측정값),218,
B-005,"가뭄[연속 건조일수(CDD), 표준강수지수(SPEI12), 토양수분]",observation,vnm-v121-b-005-obs-219-ee0c5a0f8c1461c3,B-005_cdd_ssp585,VNM,2079,26.67,일,,,,,,[전망치],World Bank CCKP (CMIP6 x0.25),"https://cckpapi.worldbank.org/cckp/v1/cmip6-x0.25_timeseries_rx1day,rx5day,r20mm,r50mm,cwd,cdd_timeseries_annual_2015-2100_median_ssp585_ensemble_all_mean/VNM?_format=json",기관 이용약관,"B-005_가뭄： 연속 건조일수(CDD), 표준강수지수(SPEI12), 토양수분.xlsx",1.1_observation(측정값),219,
B-005,"가뭄[연속 건조일수(CDD), 표준강수지수(SPEI12), 토양수분]",observation,vnm-v121-b-005-obs-220-eb11443ad1eb3ae2,B-005_cdd_ssp585,VNM,2080,27.05,일,,,,,,[전망치],World Bank CCKP (CMIP6 x0.25),"https://cckpapi.worldbank.org/cckp/v1/cmip6-x0.25_timeseries_rx1day,rx5day,r20mm,r50mm,cwd,cdd_timeseries_annual_2015-2100_median_ssp585_ensemble_all_mean/VNM?_format=json",기관 이용약관,"B-005_가뭄： 연속 건조일수(CDD), 표준강수지수(SPEI12), 토양수분.xlsx",1.1_observation(측정값),220,
B-005,"가뭄[연속 건조일수(CDD), 표준강수지수(SPEI12), 토양수분]",observation,vnm-v121-b-005-obs-221-4a0a291cfd61e2a3,B-005_cdd_ssp585,VNM,2081,25.91,일,,,,,,[전망치],World Bank CCKP (CMIP6 x0.25),"https://cckpapi.worldbank.org/cckp/v1/cmip6-x0.25_timeseries_rx1day,rx5day,r20mm,r50mm,cwd,cdd_timeseries_annual_2015-2100_median_ssp585_ensemble_all_mean/VNM?_format=json",기관 이용약관,"B-005_가뭄： 연속 건조일수(CDD), 표준강수지수(SPEI12), 토양수분.xlsx",1.1_observation(측정값),221,
B-005,"가뭄[연속 건조일수(CDD), 표준강수지수(SPEI12), 토양수분]",observation,vnm-v121-b-005-obs-222-99c3631aea4ac615,B-005_cdd_ssp585,VNM,2082,28.83,일,,,,,,[전망치],World Bank CCKP (CMIP6 x0.25),"https://cckpapi.worldbank.org/cckp/v1/cmip6-x0.25_timeseries_rx1day,rx5day,r20mm,r50mm,cwd,cdd_timeseries_annual_2015-2100_median_ssp585_ensemble_all_mean/VNM?_format=json",기관 이용약관,"B-005_가뭄： 연속 건조일수(CDD), 표준강수지수(SPEI12), 토양수분.xlsx",1.1_observation(측정값),222,
B-005,"가뭄[연속 건조일수(CDD), 표준강수지수(SPEI12), 토양수분]",observation,vnm-v121-b-005-obs-223-7fdec27ab902d901,B-005_cdd_ssp585,VNM,2083,23.62,일,,,,,,[전망치],World Bank CCKP (CMIP6 x0.25),"https://cckpapi.worldbank.org/cckp/v1/cmip6-x0.25_timeseries_rx1day,rx5day,r20mm,r50mm,cwd,cdd_timeseries_annual_2015-2100_median_ssp585_ensemble_all_mean/VNM?_format=json",기관 이용약관,"B-005_가뭄： 연속 건조일수(CDD), 표준강수지수(SPEI12), 토양수분.xlsx",1.1_observation(측정값),223,
B-005,"가뭄[연속 건조일수(CDD), 표준강수지수(SPEI12), 토양수분]",observation,vnm-v121-b-005-obs-224-f9ef3082b3abbafd,B-005_cdd_ssp585,VNM,2084,25.8,일,,,,,,[전망치],World Bank CCKP (CMIP6 x0.25),"https://cckpapi.worldbank.org/cckp/v1/cmip6-x0.25_timeseries_rx1day,rx5day,r20mm,r50mm,cwd,cdd_timeseries_annual_2015-2100_median_ssp585_ensemble_all_mean/VNM?_format=json",기관 이용약관,"B-005_가뭄： 연속 건조일수(CDD), 표준강수지수(SPEI12), 토양수분.xlsx",1.1_observation(측정값),224,
B-005,"가뭄[연속 건조일수(CDD), 표준강수지수(SPEI12), 토양수분]",observation,vnm-v121-b-005-obs-225-93706a6b09bb284e,B-005_cdd_ssp585,VNM,2085,29.78,일,,,,,,[전망치],World Bank CCKP (CMIP6 x0.25),"https://cckpapi.worldbank.org/cckp/v1/cmip6-x0.25_timeseries_rx1day,rx5day,r20mm,r50mm,cwd,cdd_timeseries_annual_2015-2100_median_ssp585_ensemble_all_mean/VNM?_format=json",기관 이용약관,"B-005_가뭄： 연속 건조일수(CDD), 표준강수지수(SPEI12), 토양수분.xlsx",1.1_observation(측정값),225,
B-005,"가뭄[연속 건조일수(CDD), 표준강수지수(SPEI12), 토양수분]",observation,vnm-v121-b-005-obs-226-43e570227a595692,B-005_cdd_ssp585,VNM,2086,28.42,일,,,,,,[전망치],World Bank CCKP (CMIP6 x0.25),"https://cckpapi.worldbank.org/cckp/v1/cmip6-x0.25_timeseries_rx1day,rx5day,r20mm,r50mm,cwd,cdd_timeseries_annual_2015-2100_median_ssp585_ensemble_all_mean/VNM?_format=json",기관 이용약관,"B-005_가뭄： 연속 건조일수(CDD), 표준강수지수(SPEI12), 토양수분.xlsx",1.1_observation(측정값),226,
B-005,"가뭄[연속 건조일수(CDD), 표준강수지수(SPEI12), 토양수분]",observation,vnm-v121-b-005-obs-227-b6e83be7059db782,B-005_cdd_ssp585,VNM,2087,24.28,일,,,,,,[전망치],World Bank CCKP (CMIP6 x0.25),"https://cckpapi.worldbank.org/cckp/v1/cmip6-x0.25_timeseries_rx1day,rx5day,r20mm,r50mm,cwd,cdd_timeseries_annual_2015-2100_median_ssp585_ensemble_all_mean/VNM?_format=json",기관 이용약관,"B-005_가뭄： 연속 건조일수(CDD), 표준강수지수(SPEI12), 토양수분.xlsx",1.1_observation(측정값),227,
B-005,"가뭄[연속 건조일수(CDD), 표준강수지수(SPEI12), 토양수분]",observation,vnm-v121-b-005-obs-228-4fa5b83d27b1fcd1,B-005_cdd_ssp585,VNM,2088,27.9,일,,,,,,[전망치],World Bank CCKP (CMIP6 x0.25),"https://cckpapi.worldbank.org/cckp/v1/cmip6-x0.25_timeseries_rx1day,rx5day,r20mm,r50mm,cwd,cdd_timeseries_annual_2015-2100_median_ssp585_ensemble_all_mean/VNM?_format=json",기관 이용약관,"B-005_가뭄： 연속 건조일수(CDD), 표준강수지수(SPEI12), 토양수분.xlsx",1.1_observation(측정값),228,
B-005,"가뭄[연속 건조일수(CDD), 표준강수지수(SPEI12), 토양수분]",observation,vnm-v121-b-005-obs-229-60d2ef5c7d984fbb,B-005_cdd_ssp585,VNM,2089,28.74,일,,,,,,[전망치],World Bank CCKP (CMIP6 x0.25),"https://cckpapi.worldbank.org/cckp/v1/cmip6-x0.25_timeseries_rx1day,rx5day,r20mm,r50mm,cwd,cdd_timeseries_annual_2015-2100_median_ssp585_ensemble_all_mean/VNM?_format=json",기관 이용약관,"B-005_가뭄： 연속 건조일수(CDD), 표준강수지수(SPEI12), 토양수분.xlsx",1.1_observation(측정값),229,
B-005,"가뭄[연속 건조일수(CDD), 표준강수지수(SPEI12), 토양수분]",observation,vnm-v121-b-005-obs-230-e6b2fc29d2025f87,B-005_cdd_ssp585,VNM,2090,26.01,일,,,,,,[전망치],World Bank CCKP (CMIP6 x0.25),"https://cckpapi.worldbank.org/cckp/v1/cmip6-x0.25_timeseries_rx1day,rx5day,r20mm,r50mm,cwd,cdd_timeseries_annual_2015-2100_median_ssp585_ensemble_all_mean/VNM?_format=json",기관 이용약관,"B-005_가뭄： 연속 건조일수(CDD), 표준강수지수(SPEI12), 토양수분.xlsx",1.1_observation(측정값),230,
B-005,"가뭄[연속 건조일수(CDD), 표준강수지수(SPEI12), 토양수분]",observation,vnm-v121-b-005-obs-231-d4ed4878d81883d4,B-005_cdd_ssp585,VNM,2091,26.32,일,,,,,,[전망치],World Bank CCKP (CMIP6 x0.25),"https://cckpapi.worldbank.org/cckp/v1/cmip6-x0.25_timeseries_rx1day,rx5day,r20mm,r50mm,cwd,cdd_timeseries_annual_2015-2100_median_ssp585_ensemble_all_mean/VNM?_format=json",기관 이용약관,"B-005_가뭄： 연속 건조일수(CDD), 표준강수지수(SPEI12), 토양수분.xlsx",1.1_observation(측정값),231,
B-005,"가뭄[연속 건조일수(CDD), 표준강수지수(SPEI12), 토양수분]",observation,vnm-v121-b-005-obs-232-09bc3cb5a12c18b9,B-005_cdd_ssp585,VNM,2092,27.66,일,,,,,,[전망치],World Bank CCKP (CMIP6 x0.25),"https://cckpapi.worldbank.org/cckp/v1/cmip6-x0.25_timeseries_rx1day,rx5day,r20mm,r50mm,cwd,cdd_timeseries_annual_2015-2100_median_ssp585_ensemble_all_mean/VNM?_format=json",기관 이용약관,"B-005_가뭄： 연속 건조일수(CDD), 표준강수지수(SPEI12), 토양수분.xlsx",1.1_observation(측정값),232,
B-005,"가뭄[연속 건조일수(CDD), 표준강수지수(SPEI12), 토양수분]",observation,vnm-v121-b-005-obs-233-f534ea0ec79bf16a,B-005_cdd_ssp585,VNM,2093,26.06,일,,,,,,[전망치],World Bank CCKP (CMIP6 x0.25),"https://cckpapi.worldbank.org/cckp/v1/cmip6-x0.25_timeseries_rx1day,rx5day,r20mm,r50mm,cwd,cdd_timeseries_annual_2015-2100_median_ssp585_ensemble_all_mean/VNM?_format=json",기관 이용약관,"B-005_가뭄： 연속 건조일수(CDD), 표준강수지수(SPEI12), 토양수분.xlsx",1.1_observation(측정값),233,
B-005,"가뭄[연속 건조일수(CDD), 표준강수지수(SPEI12), 토양수분]",observation,vnm-v121-b-005-obs-234-2a0d8b026d751850,B-005_cdd_ssp585,VNM,2094,29.68,일,,,,,,[전망치],World Bank CCKP (CMIP6 x0.25),"https://cckpapi.worldbank.org/cckp/v1/cmip6-x0.25_timeseries_rx1day,rx5day,r20mm,r50mm,cwd,cdd_timeseries_annual_2015-2100_median_ssp585_ensemble_all_mean/VNM?_format=json",기관 이용약관,"B-005_가뭄： 연속 건조일수(CDD), 표준강수지수(SPEI12), 토양수분.xlsx",1.1_observation(측정값),234,
B-005,"가뭄[연속 건조일수(CDD), 표준강수지수(SPEI12), 토양수분]",observation,vnm-v121-b-005-obs-235-9bd9d734a1d1bd41,B-005_cdd_ssp585,VNM,2095,28,일,,,,,,[전망치],World Bank CCKP (CMIP6 x0.25),"https://cckpapi.worldbank.org/cckp/v1/cmip6-x0.25_timeseries_rx1day,rx5day,r20mm,r50mm,cwd,cdd_timeseries_annual_2015-2100_median_ssp585_ensemble_all_mean/VNM?_format=json",기관 이용약관,"B-005_가뭄： 연속 건조일수(CDD), 표준강수지수(SPEI12), 토양수분.xlsx",1.1_observation(측정값),235,
B-005,"가뭄[연속 건조일수(CDD), 표준강수지수(SPEI12), 토양수분]",observation,vnm-v121-b-005-obs-236-236d8da63176a202,B-005_cdd_ssp585,VNM,2096,29.89,일,,,,,,[전망치],World Bank CCKP (CMIP6 x0.25),"https://cckpapi.worldbank.org/cckp/v1/cmip6-x0.25_timeseries_rx1day,rx5day,r20mm,r50mm,cwd,cdd_timeseries_annual_2015-2100_median_ssp585_ensemble_all_mean/VNM?_format=json",기관 이용약관,"B-005_가뭄： 연속 건조일수(CDD), 표준강수지수(SPEI12), 토양수분.xlsx",1.1_observation(측정값),236,
B-005,"가뭄[연속 건조일수(CDD), 표준강수지수(SPEI12), 토양수분]",observation,vnm-v121-b-005-obs-237-c6e31613e419e77a,B-005_cdd_ssp585,VNM,2097,27.16,일,,,,,,[전망치],World Bank CCKP (CMIP6 x0.25),"https://cckpapi.worldbank.org/cckp/v1/cmip6-x0.25_timeseries_rx1day,rx5day,r20mm,r50mm,cwd,cdd_timeseries_annual_2015-2100_median_ssp585_ensemble_all_mean/VNM?_format=json",기관 이용약관,"B-005_가뭄： 연속 건조일수(CDD), 표준강수지수(SPEI12), 토양수분.xlsx",1.1_observation(측정값),237,
B-005,"가뭄[연속 건조일수(CDD), 표준강수지수(SPEI12), 토양수분]",observation,vnm-v121-b-005-obs-238-ada42630260976c4,B-005_cdd_ssp585,VNM,2098,26.14,일,,,,,,[전망치],World Bank CCKP (CMIP6 x0.25),"https://cckpapi.worldbank.org/cckp/v1/cmip6-x0.25_timeseries_rx1day,rx5day,r20mm,r50mm,cwd,cdd_timeseries_annual_2015-2100_median_ssp585_ensemble_all_mean/VNM?_format=json",기관 이용약관,"B-005_가뭄： 연속 건조일수(CDD), 표준강수지수(SPEI12), 토양수분.xlsx",1.1_observation(측정값),238,
B-005,"가뭄[연속 건조일수(CDD), 표준강수지수(SPEI12), 토양수분]",observation,vnm-v121-b-005-obs-239-8597152f21ec7725,B-005_cdd_ssp585,VNM,2099,27.52,일,,,,,,[전망치],World Bank CCKP (CMIP6 x0.25),"https://cckpapi.worldbank.org/cckp/v1/cmip6-x0.25_timeseries_rx1day,rx5day,r20mm,r50mm,cwd,cdd_timeseries_annual_2015-2100_median_ssp585_ensemble_all_mean/VNM?_format=json",기관 이용약관,"B-005_가뭄： 연속 건조일수(CDD), 표준강수지수(SPEI12), 토양수분.xlsx",1.1_observation(측정값),239,
B-005,"가뭄[연속 건조일수(CDD), 표준강수지수(SPEI12), 토양수분]",observation,vnm-v121-b-005-obs-240-9e67436fa2f8fbf7,B-005_cdd_ssp585,VNM,2100,27.94,일,,,,,,[전망치],World Bank CCKP (CMIP6 x0.25),"https://cckpapi.worldbank.org/cckp/v1/cmip6-x0.25_timeseries_rx1day,rx5day,r20mm,r50mm,cwd,cdd_timeseries_annual_2015-2100_median_ssp585_ensemble_all_mean/VNM?_format=json",기관 이용약관,"B-005_가뭄： 연속 건조일수(CDD), 표준강수지수(SPEI12), 토양수분.xlsx",1.1_observation(측정값),240,
B-005,"가뭄[연속 건조일수(CDD), 표준강수지수(SPEI12), 토양수분]",observation,vnm-v121-b-005-obs-241-c2b30eab50637ac1,B-005_spei12_historical,VNM,1951,0.31,지수,,,,,,[실적치],World Bank CCKP (CMIP6 x0.25),https://cckpapi.worldbank.org/cckp/v1/cmip6-x0.25_timeseries_spei12_timeseries_annual_1950-2014_median_historical_ensemble_all_mean/VNM?_format=json,기관 이용약관,"B-005_가뭄： 연속 건조일수(CDD), 표준강수지수(SPEI12), 토양수분.xlsx",1.1_observation(측정값),241,
B-005,"가뭄[연속 건조일수(CDD), 표준강수지수(SPEI12), 토양수분]",observation,vnm-v121-b-005-obs-242-0052ea64ac6f192d,B-005_spei12_historical,VNM,1952,0.3,지수,,,,,,[실적치],World Bank CCKP (CMIP6 x0.25),https://cckpapi.worldbank.org/cckp/v1/cmip6-x0.25_timeseries_spei12_timeseries_annual_1950-2014_median_historical_ensemble_all_mean/VNM?_format=json,기관 이용약관,"B-005_가뭄： 연속 건조일수(CDD), 표준강수지수(SPEI12), 토양수분.xlsx",1.1_observation(측정값),242,
B-005,"가뭄[연속 건조일수(CDD), 표준강수지수(SPEI12), 토양수분]",observation,vnm-v121-b-005-obs-243-19029ee6e897557c,B-005_spei12_historical,VNM,1953,0.24,지수,,,,,,[실적치],World Bank CCKP (CMIP6 x0.25),https://cckpapi.worldbank.org/cckp/v1/cmip6-x0.25_timeseries_spei12_timeseries_annual_1950-2014_median_historical_ensemble_all_mean/VNM?_format=json,기관 이용약관,"B-005_가뭄： 연속 건조일수(CDD), 표준강수지수(SPEI12), 토양수분.xlsx",1.1_observation(측정값),243,
B-005,"가뭄[연속 건조일수(CDD), 표준강수지수(SPEI12), 토양수분]",observation,vnm-v121-b-005-obs-244-48cd62c8b7945ff0,B-005_spei12_historical,VNM,1954,0.16,지수,,,,,,[실적치],World Bank CCKP (CMIP6 x0.25),https://cckpapi.worldbank.org/cckp/v1/cmip6-x0.25_timeseries_spei12_timeseries_annual_1950-2014_median_historical_ensemble_all_mean/VNM?_format=json,기관 이용약관,"B-005_가뭄： 연속 건조일수(CDD), 표준강수지수(SPEI12), 토양수분.xlsx",1.1_observation(측정값),244,
B-005,"가뭄[연속 건조일수(CDD), 표준강수지수(SPEI12), 토양수분]",observation,vnm-v121-b-005-obs-245-6ff717a4b98b7ddd,B-005_spei12_historical,VNM,1955,0.14,지수,,,,,,[실적치],World Bank CCKP (CMIP6 x0.25),https://cckpapi.worldbank.org/cckp/v1/cmip6-x0.25_timeseries_spei12_timeseries_annual_1950-2014_median_historical_ensemble_all_mean/VNM?_format=json,기관 이용약관,"B-005_가뭄： 연속 건조일수(CDD), 표준강수지수(SPEI12), 토양수분.xlsx",1.1_observation(측정값),245,
B-005,"가뭄[연속 건조일수(CDD), 표준강수지수(SPEI12), 토양수분]",observation,vnm-v121-b-005-obs-246-386ac24914aeb716,B-005_spei12_historical,VNM,1956,0.37,지수,,,,,,[실적치],World Bank CCKP (CMIP6 x0.25),https://cckpapi.worldbank.org/cckp/v1/cmip6-x0.25_timeseries_spei12_timeseries_annual_1950-2014_median_historical_ensemble_all_mean/VNM?_format=json,기관 이용약관,"B-005_가뭄： 연속 건조일수(CDD), 표준강수지수(SPEI12), 토양수분.xlsx",1.1_observation(측정값),246,
B-005,"가뭄[연속 건조일수(CDD), 표준강수지수(SPEI12), 토양수분]",observation,vnm-v121-b-005-obs-247-0d34d80e84d817d0,B-005_spei12_historical,VNM,1957,0.43,지수,,,,,,[실적치],World Bank CCKP (CMIP6 x0.25),https://cckpapi.worldbank.org/cckp/v1/cmip6-x0.25_timeseries_spei12_timeseries_annual_1950-2014_median_historical_ensemble_all_mean/VNM?_format=json,기관 이용약관,"B-005_가뭄： 연속 건조일수(CDD), 표준강수지수(SPEI12), 토양수분.xlsx",1.1_observation(측정값),247,
B-005,"가뭄[연속 건조일수(CDD), 표준강수지수(SPEI12), 토양수분]",observation,vnm-v121-b-005-obs-248-605bc03d5ec411f5,B-005_spei12_historical,VNM,1958,0.18,지수,,,,,,[실적치],World Bank CCKP (CMIP6 x0.25),https://cckpapi.worldbank.org/cckp/v1/cmip6-x0.25_timeseries_spei12_timeseries_annual_1950-2014_median_historical_ensemble_all_mean/VNM?_format=json,기관 이용약관,"B-005_가뭄： 연속 건조일수(CDD), 표준강수지수(SPEI12), 토양수분.xlsx",1.1_observation(측정값),248,
B-005,"가뭄[연속 건조일수(CDD), 표준강수지수(SPEI12), 토양수분]",observation,vnm-v121-b-005-obs-249-c87430ac7f0539b5,B-005_spei12_historical,VNM,1959,0.51,지수,,,,,,[실적치],World Bank CCKP (CMIP6 x0.25),https://cckpapi.worldbank.org/cckp/v1/cmip6-x0.25_timeseries_spei12_timeseries_annual_1950-2014_median_historical_ensemble_all_mean/VNM?_format=json,기관 이용약관,"B-005_가뭄： 연속 건조일수(CDD), 표준강수지수(SPEI12), 토양수분.xlsx",1.1_observation(측정값),249,
B-005,"가뭄[연속 건조일수(CDD), 표준강수지수(SPEI12), 토양수분]",observation,vnm-v121-b-005-obs-250-81e26dc6d3cc63cd,B-005_spei12_historical,VNM,1960,0.04,지수,,,,,,[실적치],World Bank CCKP (CMIP6 x0.25),https://cckpapi.worldbank.org/cckp/v1/cmip6-x0.25_timeseries_spei12_timeseries_annual_1950-2014_median_historical_ensemble_all_mean/VNM?_format=json,기관 이용약관,"B-005_가뭄： 연속 건조일수(CDD), 표준강수지수(SPEI12), 토양수분.xlsx",1.1_observation(측정값),250,
B-005,"가뭄[연속 건조일수(CDD), 표준강수지수(SPEI12), 토양수분]",observation,vnm-v121-b-005-obs-251-02800c7b5d284cc5,B-005_spei12_historical,VNM,1961,0.08,지수,,,,,,[실적치],World Bank CCKP (CMIP6 x0.25),https://cckpapi.worldbank.org/cckp/v1/cmip6-x0.25_timeseries_spei12_timeseries_annual_1950-2014_median_historical_ensemble_all_mean/VNM?_format=json,기관 이용약관,"B-005_가뭄： 연속 건조일수(CDD), 표준강수지수(SPEI12), 토양수분.xlsx",1.1_observation(측정값),251,
B-005,"가뭄[연속 건조일수(CDD), 표준강수지수(SPEI12), 토양수분]",observation,vnm-v121-b-005-obs-252-b75b5a8824aa2d60,B-005_spei12_historical,VNM,1962,0.21,지수,,,,,,[실적치],World Bank CCKP (CMIP6 x0.25),https://cckpapi.worldbank.org/cckp/v1/cmip6-x0.25_timeseries_spei12_timeseries_annual_1950-2014_median_historical_ensemble_all_mean/VNM?_format=json,기관 이용약관,"B-005_가뭄： 연속 건조일수(CDD), 표준강수지수(SPEI12), 토양수분.xlsx",1.1_observation(측정값),252,
B-005,"가뭄[연속 건조일수(CDD), 표준강수지수(SPEI12), 토양수분]",observation,vnm-v121-b-005-obs-253-476e8cf71468a003,B-005_spei12_historical,VNM,1963,0.24,지수,,,,,,[실적치],World Bank CCKP (CMIP6 x0.25),https://cckpapi.worldbank.org/cckp/v1/cmip6-x0.25_timeseries_spei12_timeseries_annual_1950-2014_median_historical_ensemble_all_mean/VNM?_format=json,기관 이용약관,"B-005_가뭄： 연속 건조일수(CDD), 표준강수지수(SPEI12), 토양수분.xlsx",1.1_observation(측정값),253,
B-005,"가뭄[연속 건조일수(CDD), 표준강수지수(SPEI12), 토양수분]",observation,vnm-v121-b-005-obs-254-7caf484acac59086,B-005_spei12_historical,VNM,1964,0.12,지수,,,,,,[실적치],World Bank CCKP (CMIP6 x0.25),https://cckpapi.worldbank.org/cckp/v1/cmip6-x0.25_timeseries_spei12_timeseries_annual_1950-2014_median_historical_ensemble_all_mean/VNM?_format=json,기관 이용약관,"B-005_가뭄： 연속 건조일수(CDD), 표준강수지수(SPEI12), 토양수분.xlsx",1.1_observation(측정값),254,
B-005,"가뭄[연속 건조일수(CDD), 표준강수지수(SPEI12), 토양수분]",observation,vnm-v121-b-005-obs-255-effb4856f59c0b64,B-005_spei12_historical,VNM,1965,0.02,지수,,,,,,[실적치],World Bank CCKP (CMIP6 x0.25),https://cckpapi.worldbank.org/cckp/v1/cmip6-x0.25_timeseries_spei12_timeseries_annual_1950-2014_median_historical_ensemble_all_mean/VNM?_format=json,기관 이용약관,"B-005_가뭄： 연속 건조일수(CDD), 표준강수지수(SPEI12), 토양수분.xlsx",1.1_observation(측정값),255,
B-005,"가뭄[연속 건조일수(CDD), 표준강수지수(SPEI12), 토양수분]",observation,vnm-v121-b-005-obs-256-6dfc8377c2372b67,B-005_spei12_historical,VNM,1966,0.16,지수,,,,,,[실적치],World Bank CCKP (CMIP6 x0.25),https://cckpapi.worldbank.org/cckp/v1/cmip6-x0.25_timeseries_spei12_timeseries_annual_1950-2014_median_historical_ensemble_all_mean/VNM?_format=json,기관 이용약관,"B-005_가뭄： 연속 건조일수(CDD), 표준강수지수(SPEI12), 토양수분.xlsx",1.1_observation(측정값),256,
B-005,"가뭄[연속 건조일수(CDD), 표준강수지수(SPEI12), 토양수분]",observation,vnm-v121-b-005-obs-257-44a2b5f761c41bee,B-005_spei12_historical,VNM,1967,0.19,지수,,,,,,[실적치],World Bank CCKP (CMIP6 x0.25),https://cckpapi.worldbank.org/cckp/v1/cmip6-x0.25_timeseries_spei12_timeseries_annual_1950-2014_median_historical_ensemble_all_mean/VNM?_format=json,기관 이용약관,"B-005_가뭄： 연속 건조일수(CDD), 표준강수지수(SPEI12), 토양수분.xlsx",1.1_observation(측정값),257,
B-005,"가뭄[연속 건조일수(CDD), 표준강수지수(SPEI12), 토양수분]",observation,vnm-v121-b-005-obs-258-f5041c2e46c11f5c,B-005_spei12_historical,VNM,1968,0.28,지수,,,,,,[실적치],World Bank CCKP (CMIP6 x0.25),https://cckpapi.worldbank.org/cckp/v1/cmip6-x0.25_timeseries_spei12_timeseries_annual_1950-2014_median_historical_ensemble_all_mean/VNM?_format=json,기관 이용약관,"B-005_가뭄： 연속 건조일수(CDD), 표준강수지수(SPEI12), 토양수분.xlsx",1.1_observation(측정값),258,
B-005,"가뭄[연속 건조일수(CDD), 표준강수지수(SPEI12), 토양수분]",observation,vnm-v121-b-005-obs-259-65ee3ed550e5f0c9,B-005_spei12_historical,VNM,1969,0.14,지수,,,,,,[실적치],World Bank CCKP (CMIP6 x0.25),https://cckpapi.worldbank.org/cckp/v1/cmip6-x0.25_timeseries_spei12_timeseries_annual_1950-2014_median_historical_ensemble_all_mean/VNM?_format=json,기관 이용약관,"B-005_가뭄： 연속 건조일수(CDD), 표준강수지수(SPEI12), 토양수분.xlsx",1.1_observation(측정값),259,
B-005,"가뭄[연속 건조일수(CDD), 표준강수지수(SPEI12), 토양수분]",observation,vnm-v121-b-005-obs-260-ad5cd2ded4c1c885,B-005_spei12_historical,VNM,1970,0.19,지수,,,,,,[실적치],World Bank CCKP (CMIP6 x0.25),https://cckpapi.worldbank.org/cckp/v1/cmip6-x0.25_timeseries_spei12_timeseries_annual_1950-2014_median_historical_ensemble_all_mean/VNM?_format=json,기관 이용약관,"B-005_가뭄： 연속 건조일수(CDD), 표준강수지수(SPEI12), 토양수분.xlsx",1.1_observation(측정값),260,
B-005,"가뭄[연속 건조일수(CDD), 표준강수지수(SPEI12), 토양수분]",observation,vnm-v121-b-005-obs-261-ebdcac81b94b6ce5,B-005_spei12_historical,VNM,1971,0.25,지수,,,,,,[실적치],World Bank CCKP (CMIP6 x0.25),https://cckpapi.worldbank.org/cckp/v1/cmip6-x0.25_timeseries_spei12_timeseries_annual_1950-2014_median_historical_ensemble_all_mean/VNM?_format=json,기관 이용약관,"B-005_가뭄： 연속 건조일수(CDD), 표준강수지수(SPEI12), 토양수분.xlsx",1.1_observation(측정값),261,
B-005,"가뭄[연속 건조일수(CDD), 표준강수지수(SPEI12), 토양수분]",observation,vnm-v121-b-005-obs-262-e142e7aae0795e56,B-005_spei12_historical,VNM,1972,0.03,지수,,,,,,[실적치],World Bank CCKP (CMIP6 x0.25),https://cckpapi.worldbank.org/cckp/v1/cmip6-x0.25_timeseries_spei12_timeseries_annual_1950-2014_median_historical_ensemble_all_mean/VNM?_format=json,기관 이용약관,"B-005_가뭄： 연속 건조일수(CDD), 표준강수지수(SPEI12), 토양수분.xlsx",1.1_observation(측정값),262,
B-005,"가뭄[연속 건조일수(CDD), 표준강수지수(SPEI12), 토양수분]",observation,vnm-v121-b-005-obs-263-a8d2f3c99b1bf3fd,B-005_spei12_historical,VNM,1973,-0.16,지수,,,,,,[실적치],World Bank CCKP (CMIP6 x0.25),https://cckpapi.worldbank.org/cckp/v1/cmip6-x0.25_timeseries_spei12_timeseries_annual_1950-2014_median_historical_ensemble_all_mean/VNM?_format=json,기관 이용약관,"B-005_가뭄： 연속 건조일수(CDD), 표준강수지수(SPEI12), 토양수분.xlsx",1.1_observation(측정값),263,
B-005,"가뭄[연속 건조일수(CDD), 표준강수지수(SPEI12), 토양수분]",observation,vnm-v121-b-005-obs-264-769713fe6c112ebd,B-005_spei12_historical,VNM,1974,-0.07,지수,,,,,,[실적치],World Bank CCKP (CMIP6 x0.25),https://cckpapi.worldbank.org/cckp/v1/cmip6-x0.25_timeseries_spei12_timeseries_annual_1950-2014_median_historical_ensemble_all_mean/VNM?_format=json,기관 이용약관,"B-005_가뭄： 연속 건조일수(CDD), 표준강수지수(SPEI12), 토양수분.xlsx",1.1_observation(측정값),264,
B-005,"가뭄[연속 건조일수(CDD), 표준강수지수(SPEI12), 토양수분]",observation,vnm-v121-b-005-obs-265-157e84fea2d7a518,B-005_spei12_historical,VNM,1975,0.08,지수,,,,,,[실적치],World Bank CCKP (CMIP6 x0.25),https://cckpapi.worldbank.org/cckp/v1/cmip6-x0.25_timeseries_spei12_timeseries_annual_1950-2014_median_historical_ensemble_all_mean/VNM?_format=json,기관 이용약관,"B-005_가뭄： 연속 건조일수(CDD), 표준강수지수(SPEI12), 토양수분.xlsx",1.1_observation(측정값),265,
B-005,"가뭄[연속 건조일수(CDD), 표준강수지수(SPEI12), 토양수분]",observation,vnm-v121-b-005-obs-266-85391d12d3dd7fc9,B-005_spei12_historical,VNM,1976,0.11,지수,,,,,,[실적치],World Bank CCKP (CMIP6 x0.25),https://cckpapi.worldbank.org/cckp/v1/cmip6-x0.25_timeseries_spei12_timeseries_annual_1950-2014_median_historical_ensemble_all_mean/VNM?_format=json,기관 이용약관,"B-005_가뭄： 연속 건조일수(CDD), 표준강수지수(SPEI12), 토양수분.xlsx",1.1_observation(측정값),266,
B-005,"가뭄[연속 건조일수(CDD), 표준강수지수(SPEI12), 토양수분]",observation,vnm-v121-b-005-obs-267-54209e315ec42541,B-005_spei12_historical,VNM,1977,-0.2,지수,,,,,,[실적치],World Bank CCKP (CMIP6 x0.25),https://cckpapi.worldbank.org/cckp/v1/cmip6-x0.25_timeseries_spei12_timeseries_annual_1950-2014_median_historical_ensemble_all_mean/VNM?_format=json,기관 이용약관,"B-005_가뭄： 연속 건조일수(CDD), 표준강수지수(SPEI12), 토양수분.xlsx",1.1_observation(측정값),267,
B-005,"가뭄[연속 건조일수(CDD), 표준강수지수(SPEI12), 토양수분]",observation,vnm-v121-b-005-obs-268-3b9b5ac05f147caa,B-005_spei12_historical,VNM,1978,0.2,지수,,,,,,[실적치],World Bank CCKP (CMIP6 x0.25),https://cckpapi.worldbank.org/cckp/v1/cmip6-x0.25_timeseries_spei12_timeseries_annual_1950-2014_median_historical_ensemble_all_mean/VNM?_format=json,기관 이용약관,"B-005_가뭄： 연속 건조일수(CDD), 표준강수지수(SPEI12), 토양수분.xlsx",1.1_observation(측정값),268,
B-005,"가뭄[연속 건조일수(CDD), 표준강수지수(SPEI12), 토양수분]",observation,vnm-v121-b-005-obs-269-62b6382e62e52b72,B-005_spei12_historical,VNM,1979,0.13,지수,,,,,,[실적치],World Bank CCKP (CMIP6 x0.25),https://cckpapi.worldbank.org/cckp/v1/cmip6-x0.25_timeseries_spei12_timeseries_annual_1950-2014_median_historical_ensemble_all_mean/VNM?_format=json,기관 이용약관,"B-005_가뭄： 연속 건조일수(CDD), 표준강수지수(SPEI12), 토양수분.xlsx",1.1_observation(측정값),269,
B-005,"가뭄[연속 건조일수(CDD), 표준강수지수(SPEI12), 토양수분]",observation,vnm-v121-b-005-obs-270-f49de44d067af5e6,B-005_spei12_historical,VNM,1980,0.15,지수,,,,,,[실적치],World Bank CCKP (CMIP6 x0.25),https://cckpapi.worldbank.org/cckp/v1/cmip6-x0.25_timeseries_spei12_timeseries_annual_1950-2014_median_historical_ensemble_all_mean/VNM?_format=json,기관 이용약관,"B-005_가뭄： 연속 건조일수(CDD), 표준강수지수(SPEI12), 토양수분.xlsx",1.1_observation(측정값),270,
B-005,"가뭄[연속 건조일수(CDD), 표준강수지수(SPEI12), 토양수분]",observation,vnm-v121-b-005-obs-271-d38d159aa1c402c7,B-005_spei12_historical,VNM,1981,-0.02,지수,,,,,,[실적치],World Bank CCKP (CMIP6 x0.25),https://cckpapi.worldbank.org/cckp/v1/cmip6-x0.25_timeseries_spei12_timeseries_annual_1950-2014_median_historical_ensemble_all_mean/VNM?_format=json,기관 이용약관,"B-005_가뭄： 연속 건조일수(CDD), 표준강수지수(SPEI12), 토양수분.xlsx",1.1_observation(측정값),271,
B-005,"가뭄[연속 건조일수(CDD), 표준강수지수(SPEI12), 토양수분]",observation,vnm-v121-b-005-obs-272-80ca008b7ac79582,B-005_spei12_historical,VNM,1982,-0.28,지수,,,,,,[실적치],World Bank CCKP (CMIP6 x0.25),https://cckpapi.worldbank.org/cckp/v1/cmip6-x0.25_timeseries_spei12_timeseries_annual_1950-2014_median_historical_ensemble_all_mean/VNM?_format=json,기관 이용약관,"B-005_가뭄： 연속 건조일수(CDD), 표준강수지수(SPEI12), 토양수분.xlsx",1.1_observation(측정값),272,
B-005,"가뭄[연속 건조일수(CDD), 표준강수지수(SPEI12), 토양수분]",observation,vnm-v121-b-005-obs-273-98edffea3c990c0a,B-005_spei12_historical,VNM,1983,-0.15,지수,,,,,,[실적치],World Bank CCKP (CMIP6 x0.25),https://cckpapi.worldbank.org/cckp/v1/cmip6-x0.25_timeseries_spei12_timeseries_annual_1950-2014_median_historical_ensemble_all_mean/VNM?_format=json,기관 이용약관,"B-005_가뭄： 연속 건조일수(CDD), 표준강수지수(SPEI12), 토양수분.xlsx",1.1_observation(측정값),273,
B-005,"가뭄[연속 건조일수(CDD), 표준강수지수(SPEI12), 토양수분]",observation,vnm-v121-b-005-obs-274-0b8b381be5afe389,B-005_spei12_historical,VNM,1984,-0.05,지수,,,,,,[실적치],World Bank CCKP (CMIP6 x0.25),https://cckpapi.worldbank.org/cckp/v1/cmip6-x0.25_timeseries_spei12_timeseries_annual_1950-2014_median_historical_ensemble_all_mean/VNM?_format=json,기관 이용약관,"B-005_가뭄： 연속 건조일수(CDD), 표준강수지수(SPEI12), 토양수분.xlsx",1.1_observation(측정값),274,
B-005,"가뭄[연속 건조일수(CDD), 표준강수지수(SPEI12), 토양수분]",observation,vnm-v121-b-005-obs-275-618741e12dc6f5c1,B-005_spei12_historical,VNM,1985,0.13,지수,,,,,,[실적치],World Bank CCKP (CMIP6 x0.25),https://cckpapi.worldbank.org/cckp/v1/cmip6-x0.25_timeseries_spei12_timeseries_annual_1950-2014_median_historical_ensemble_all_mean/VNM?_format=json,기관 이용약관,"B-005_가뭄： 연속 건조일수(CDD), 표준강수지수(SPEI12), 토양수분.xlsx",1.1_observation(측정값),275,
B-005,"가뭄[연속 건조일수(CDD), 표준강수지수(SPEI12), 토양수분]",observation,vnm-v121-b-005-obs-276-c7f880b3e1e5d085,B-005_spei12_historical,VNM,1986,0.08,지수,,,,,,[실적치],World Bank CCKP (CMIP6 x0.25),https://cckpapi.worldbank.org/cckp/v1/cmip6-x0.25_timeseries_spei12_timeseries_annual_1950-2014_median_historical_ensemble_all_mean/VNM?_format=json,기관 이용약관,"B-005_가뭄： 연속 건조일수(CDD), 표준강수지수(SPEI12), 토양수분.xlsx",1.1_observation(측정값),276,
B-005,"가뭄[연속 건조일수(CDD), 표준강수지수(SPEI12), 토양수분]",observation,vnm-v121-b-005-obs-277-1171608463e22d54,B-005_spei12_historical,VNM,1987,0.11,지수,,,,,,[실적치],World Bank CCKP (CMIP6 x0.25),https://cckpapi.worldbank.org/cckp/v1/cmip6-x0.25_timeseries_spei12_timeseries_annual_1950-2014_median_historical_ensemble_all_mean/VNM?_format=json,기관 이용약관,"B-005_가뭄： 연속 건조일수(CDD), 표준강수지수(SPEI12), 토양수분.xlsx",1.1_observation(측정값),277,
B-005,"가뭄[연속 건조일수(CDD), 표준강수지수(SPEI12), 토양수분]",observation,vnm-v121-b-005-obs-278-c4b3068c2ea528bc,B-005_spei12_historical,VNM,1988,-0.01,지수,,,,,,[실적치],World Bank CCKP (CMIP6 x0.25),https://cckpapi.worldbank.org/cckp/v1/cmip6-x0.25_timeseries_spei12_timeseries_annual_1950-2014_median_historical_ensemble_all_mean/VNM?_format=json,기관 이용약관,"B-005_가뭄： 연속 건조일수(CDD), 표준강수지수(SPEI12), 토양수분.xlsx",1.1_observation(측정값),278,
B-005,"가뭄[연속 건조일수(CDD), 표준강수지수(SPEI12), 토양수분]",observation,vnm-v121-b-005-obs-279-c999880e564d9376,B-005_spei12_historical,VNM,1989,0.04,지수,,,,,,[실적치],World Bank CCKP (CMIP6 x0.25),https://cckpapi.worldbank.org/cckp/v1/cmip6-x0.25_timeseries_spei12_timeseries_annual_1950-2014_median_historical_ensemble_all_mean/VNM?_format=json,기관 이용약관,"B-005_가뭄： 연속 건조일수(CDD), 표준강수지수(SPEI12), 토양수분.xlsx",1.1_observation(측정값),279,
B-005,"가뭄[연속 건조일수(CDD), 표준강수지수(SPEI12), 토양수분]",observation,vnm-v121-b-005-obs-280-e7ff556534e4bbd2,B-005_spei12_historical,VNM,1990,-0.27,지수,,,,,,[실적치],World Bank CCKP (CMIP6 x0.25),https://cckpapi.worldbank.org/cckp/v1/cmip6-x0.25_timeseries_spei12_timeseries_annual_1950-2014_median_historical_ensemble_all_mean/VNM?_format=json,기관 이용약관,"B-005_가뭄： 연속 건조일수(CDD), 표준강수지수(SPEI12), 토양수분.xlsx",1.1_observation(측정값),280,
B-005,"가뭄[연속 건조일수(CDD), 표준강수지수(SPEI12), 토양수분]",observation,vnm-v121-b-005-obs-281-0b194978b1bbabdc,B-005_spei12_historical,VNM,1991,-0.23,지수,,,,,,[실적치],World Bank CCKP (CMIP6 x0.25),https://cckpapi.worldbank.org/cckp/v1/cmip6-x0.25_timeseries_spei12_timeseries_annual_1950-2014_median_historical_ensemble_all_mean/VNM?_format=json,기관 이용약관,"B-005_가뭄： 연속 건조일수(CDD), 표준강수지수(SPEI12), 토양수분.xlsx",1.1_observation(측정값),281,
B-005,"가뭄[연속 건조일수(CDD), 표준강수지수(SPEI12), 토양수분]",observation,vnm-v121-b-005-obs-282-84e7db4ab6b60c8c,B-005_spei12_historical,VNM,1992,-0.1,지수,,,,,,[실적치],World Bank CCKP (CMIP6 x0.25),https://cckpapi.worldbank.org/cckp/v1/cmip6-x0.25_timeseries_spei12_timeseries_annual_1950-2014_median_historical_ensemble_all_mean/VNM?_format=json,기관 이용약관,"B-005_가뭄： 연속 건조일수(CDD), 표준강수지수(SPEI12), 토양수분.xlsx",1.1_observation(측정값),282,
B-005,"가뭄[연속 건조일수(CDD), 표준강수지수(SPEI12), 토양수분]",observation,vnm-v121-b-005-obs-283-0f92b8aa12020237,B-005_spei12_historical,VNM,1993,-0.07,지수,,,,,,[실적치],World Bank CCKP (CMIP6 x0.25),https://cckpapi.worldbank.org/cckp/v1/cmip6-x0.25_timeseries_spei12_timeseries_annual_1950-2014_median_historical_ensemble_all_mean/VNM?_format=json,기관 이용약관,"B-005_가뭄： 연속 건조일수(CDD), 표준강수지수(SPEI12), 토양수분.xlsx",1.1_observation(측정값),283,
B-005,"가뭄[연속 건조일수(CDD), 표준강수지수(SPEI12), 토양수분]",observation,vnm-v121-b-005-obs-284-0ad017502675b16b,B-005_spei12_historical,VNM,1994,-0.14,지수,,,,,,[실적치],World Bank CCKP (CMIP6 x0.25),https://cckpapi.worldbank.org/cckp/v1/cmip6-x0.25_timeseries_spei12_timeseries_annual_1950-2014_median_historical_ensemble_all_mean/VNM?_format=json,기관 이용약관,"B-005_가뭄： 연속 건조일수(CDD), 표준강수지수(SPEI12), 토양수분.xlsx",1.1_observation(측정값),284,
B-005,"가뭄[연속 건조일수(CDD), 표준강수지수(SPEI12), 토양수분]",observation,vnm-v121-b-005-obs-285-3c8d7467e418a5ff,B-005_spei12_historical,VNM,1995,0,지수,,,,,,[실적치],World Bank CCKP (CMIP6 x0.25),https://cckpapi.worldbank.org/cckp/v1/cmip6-x0.25_timeseries_spei12_timeseries_annual_1950-2014_median_historical_ensemble_all_mean/VNM?_format=json,기관 이용약관,"B-005_가뭄： 연속 건조일수(CDD), 표준강수지수(SPEI12), 토양수분.xlsx",1.1_observation(측정값),285,
B-005,"가뭄[연속 건조일수(CDD), 표준강수지수(SPEI12), 토양수분]",observation,vnm-v121-b-005-obs-286-7082ce1305c429d3,B-005_spei12_historical,VNM,1996,-0.09,지수,,,,,,[실적치],World Bank CCKP (CMIP6 x0.25),https://cckpapi.worldbank.org/cckp/v1/cmip6-x0.25_timeseries_spei12_timeseries_annual_1950-2014_median_historical_ensemble_all_mean/VNM?_format=json,기관 이용약관,"B-005_가뭄： 연속 건조일수(CDD), 표준강수지수(SPEI12), 토양수분.xlsx",1.1_observation(측정값),286,
B-005,"가뭄[연속 건조일수(CDD), 표준강수지수(SPEI12), 토양수분]",observation,vnm-v121-b-005-obs-287-3192ed6c96cc31f4,B-005_spei12_historical,VNM,1997,0.04,지수,,,,,,[실적치],World Bank CCKP (CMIP6 x0.25),https://cckpapi.worldbank.org/cckp/v1/cmip6-x0.25_timeseries_spei12_timeseries_annual_1950-2014_median_historical_ensemble_all_mean/VNM?_format=json,기관 이용약관,"B-005_가뭄： 연속 건조일수(CDD), 표준강수지수(SPEI12), 토양수분.xlsx",1.1_observation(측정값),287,
B-005,"가뭄[연속 건조일수(CDD), 표준강수지수(SPEI12), 토양수분]",observation,vnm-v121-b-005-obs-288-d5b667d9741b4828,B-005_spei12_historical,VNM,1998,-0.09,지수,,,,,,[실적치],World Bank CCKP (CMIP6 x0.25),https://cckpapi.worldbank.org/cckp/v1/cmip6-x0.25_timeseries_spei12_timeseries_annual_1950-2014_median_historical_ensemble_all_mean/VNM?_format=json,기관 이용약관,"B-005_가뭄： 연속 건조일수(CDD), 표준강수지수(SPEI12), 토양수분.xlsx",1.1_observation(측정값),288,
B-005,"가뭄[연속 건조일수(CDD), 표준강수지수(SPEI12), 토양수분]",observation,vnm-v121-b-005-obs-289-d10d3a8df6e4947c,B-005_spei12_historical,VNM,1999,0.04,지수,,,,,,[실적치],World Bank CCKP (CMIP6 x0.25),https://cckpapi.worldbank.org/cckp/v1/cmip6-x0.25_timeseries_spei12_timeseries_annual_1950-2014_median_historical_ensemble_all_mean/VNM?_format=json,기관 이용약관,"B-005_가뭄： 연속 건조일수(CDD), 표준강수지수(SPEI12), 토양수분.xlsx",1.1_observation(측정값),289,
B-005,"가뭄[연속 건조일수(CDD), 표준강수지수(SPEI12), 토양수분]",observation,vnm-v121-b-005-obs-290-b9d78d8da72dfd46,B-005_spei12_historical,VNM,2000,0.15,지수,,,,,,[실적치],World Bank CCKP (CMIP6 x0.25),https://cckpapi.worldbank.org/cckp/v1/cmip6-x0.25_timeseries_spei12_timeseries_annual_1950-2014_median_historical_ensemble_all_mean/VNM?_format=json,기관 이용약관,"B-005_가뭄： 연속 건조일수(CDD), 표준강수지수(SPEI12), 토양수분.xlsx",1.1_observation(측정값),290,
B-005,"가뭄[연속 건조일수(CDD), 표준강수지수(SPEI12), 토양수분]",observation,vnm-v121-b-005-obs-291-4225081590caa882,B-005_spei12_historical,VNM,2001,-0.16,지수,,,,,,[실적치],World Bank CCKP (CMIP6 x0.25),https://cckpapi.worldbank.org/cckp/v1/cmip6-x0.25_timeseries_spei12_timeseries_annual_1950-2014_median_historical_ensemble_all_mean/VNM?_format=json,기관 이용약관,"B-005_가뭄： 연속 건조일수(CDD), 표준강수지수(SPEI12), 토양수분.xlsx",1.1_observation(측정값),291,
B-005,"가뭄[연속 건조일수(CDD), 표준강수지수(SPEI12), 토양수분]",observation,vnm-v121-b-005-obs-292-46a83d64c330836e,B-005_spei12_historical,VNM,2002,-0.15,지수,,,,,,[실적치],World Bank CCKP (CMIP6 x0.25),https://cckpapi.worldbank.org/cckp/v1/cmip6-x0.25_timeseries_spei12_timeseries_annual_1950-2014_median_historical_ensemble_all_mean/VNM?_format=json,기관 이용약관,"B-005_가뭄： 연속 건조일수(CDD), 표준강수지수(SPEI12), 토양수분.xlsx",1.1_observation(측정값),292,
B-005,"가뭄[연속 건조일수(CDD), 표준강수지수(SPEI12), 토양수분]",observation,vnm-v121-b-005-obs-293-779df0524add72b5,B-005_spei12_historical,VNM,2003,-0.04,지수,,,,,,[실적치],World Bank CCKP (CMIP6 x0.25),https://cckpapi.worldbank.org/cckp/v1/cmip6-x0.25_timeseries_spei12_timeseries_annual_1950-2014_median_historical_ensemble_all_mean/VNM?_format=json,기관 이용약관,"B-005_가뭄： 연속 건조일수(CDD), 표준강수지수(SPEI12), 토양수분.xlsx",1.1_observation(측정값),293,
B-005,"가뭄[연속 건조일수(CDD), 표준강수지수(SPEI12), 토양수분]",observation,vnm-v121-b-005-obs-294-48661d5b7effd9a0,B-005_spei12_historical,VNM,2004,-0.33,지수,,,,,,[실적치],World Bank CCKP (CMIP6 x0.25),https://cckpapi.worldbank.org/cckp/v1/cmip6-x0.25_timeseries_spei12_timeseries_annual_1950-2014_median_historical_ensemble_all_mean/VNM?_format=json,기관 이용약관,"B-005_가뭄： 연속 건조일수(CDD), 표준강수지수(SPEI12), 토양수분.xlsx",1.1_observation(측정값),294,
B-005,"가뭄[연속 건조일수(CDD), 표준강수지수(SPEI12), 토양수분]",observation,vnm-v121-b-005-obs-295-37d5c7db29458539,B-005_spei12_historical,VNM,2005,-0.01,지수,,,,,,[실적치],World Bank CCKP (CMIP6 x0.25),https://cckpapi.worldbank.org/cckp/v1/cmip6-x0.25_timeseries_spei12_timeseries_annual_1950-2014_median_historical_ensemble_all_mean/VNM?_format=json,기관 이용약관,"B-005_가뭄： 연속 건조일수(CDD), 표준강수지수(SPEI12), 토양수분.xlsx",1.1_observation(측정값),295,
B-005,"가뭄[연속 건조일수(CDD), 표준강수지수(SPEI12), 토양수분]",observation,vnm-v121-b-005-obs-296-c3b3372e97953573,B-005_spei12_historical,VNM,2006,-0.11,지수,,,,,,[실적치],World Bank CCKP (CMIP6 x0.25),https://cckpapi.worldbank.org/cckp/v1/cmip6-x0.25_timeseries_spei12_timeseries_annual_1950-2014_median_historical_ensemble_all_mean/VNM?_format=json,기관 이용약관,"B-005_가뭄： 연속 건조일수(CDD), 표준강수지수(SPEI12), 토양수분.xlsx",1.1_observation(측정값),296,
B-005,"가뭄[연속 건조일수(CDD), 표준강수지수(SPEI12), 토양수분]",observation,vnm-v121-b-005-obs-297-e45c76208cfbe101,B-005_spei12_historical,VNM,2007,-0.06,지수,,,,,,[실적치],World Bank CCKP (CMIP6 x0.25),https://cckpapi.worldbank.org/cckp/v1/cmip6-x0.25_timeseries_spei12_timeseries_annual_1950-2014_median_historical_ensemble_all_mean/VNM?_format=json,기관 이용약관,"B-005_가뭄： 연속 건조일수(CDD), 표준강수지수(SPEI12), 토양수분.xlsx",1.1_observation(측정값),297,
B-005,"가뭄[연속 건조일수(CDD), 표준강수지수(SPEI12), 토양수분]",observation,vnm-v121-b-005-obs-298-d5f991433e66d2ee,B-005_spei12_historical,VNM,2008,-0.24,지수,,,,,,[실적치],World Bank CCKP (CMIP6 x0.25),https://cckpapi.worldbank.org/cckp/v1/cmip6-x0.25_timeseries_spei12_timeseries_annual_1950-2014_median_historical_ensemble_all_mean/VNM?_format=json,기관 이용약관,"B-005_가뭄： 연속 건조일수(CDD), 표준강수지수(SPEI12), 토양수분.xlsx",1.1_observation(측정값),298,
B-005,"가뭄[연속 건조일수(CDD), 표준강수지수(SPEI12), 토양수분]",observation,vnm-v121-b-005-obs-299-736e5c22e0dc0e62,B-005_spei12_historical,VNM,2009,-0.28,지수,,,,,,[실적치],World Bank CCKP (CMIP6 x0.25),https://cckpapi.worldbank.org/cckp/v1/cmip6-x0.25_timeseries_spei12_timeseries_annual_1950-2014_median_historical_ensemble_all_mean/VNM?_format=json,기관 이용약관,"B-005_가뭄： 연속 건조일수(CDD), 표준강수지수(SPEI12), 토양수분.xlsx",1.1_observation(측정값),299,
B-005,"가뭄[연속 건조일수(CDD), 표준강수지수(SPEI12), 토양수분]",observation,vnm-v121-b-005-obs-300-72141b3cde77867d,B-005_spei12_historical,VNM,2010,-0.22,지수,,,,,,[실적치],World Bank CCKP (CMIP6 x0.25),https://cckpapi.worldbank.org/cckp/v1/cmip6-x0.25_timeseries_spei12_timeseries_annual_1950-2014_median_historical_ensemble_all_mean/VNM?_format=json,기관 이용약관,"B-005_가뭄： 연속 건조일수(CDD), 표준강수지수(SPEI12), 토양수분.xlsx",1.1_observation(측정값),300,
B-005,"가뭄[연속 건조일수(CDD), 표준강수지수(SPEI12), 토양수분]",observation,vnm-v121-b-005-obs-301-67a47c84218f5e8a,B-005_spei12_historical,VNM,2011,-0.17,지수,,,,,,[실적치],World Bank CCKP (CMIP6 x0.25),https://cckpapi.worldbank.org/cckp/v1/cmip6-x0.25_timeseries_spei12_timeseries_annual_1950-2014_median_historical_ensemble_all_mean/VNM?_format=json,기관 이용약관,"B-005_가뭄： 연속 건조일수(CDD), 표준강수지수(SPEI12), 토양수분.xlsx",1.1_observation(측정값),301,
B-005,"가뭄[연속 건조일수(CDD), 표준강수지수(SPEI12), 토양수분]",observation,vnm-v121-b-005-obs-302-0d95927f205799bf,B-005_spei12_historical,VNM,2012,-0.25,지수,,,,,,[실적치],World Bank CCKP (CMIP6 x0.25),https://cckpapi.worldbank.org/cckp/v1/cmip6-x0.25_timeseries_spei12_timeseries_annual_1950-2014_median_historical_ensemble_all_mean/VNM?_format=json,기관 이용약관,"B-005_가뭄： 연속 건조일수(CDD), 표준강수지수(SPEI12), 토양수분.xlsx",1.1_observation(측정값),302,
B-005,"가뭄[연속 건조일수(CDD), 표준강수지수(SPEI12), 토양수분]",observation,vnm-v121-b-005-obs-303-0b77afc6dcaebf97,B-005_spei12_historical,VNM,2013,-0.21,지수,,,,,,[실적치],World Bank CCKP (CMIP6 x0.25),https://cckpapi.worldbank.org/cckp/v1/cmip6-x0.25_timeseries_spei12_timeseries_annual_1950-2014_median_historical_ensemble_all_mean/VNM?_format=json,기관 이용약관,"B-005_가뭄： 연속 건조일수(CDD), 표준강수지수(SPEI12), 토양수분.xlsx",1.1_observation(측정값),303,
B-005,"가뭄[연속 건조일수(CDD), 표준강수지수(SPEI12), 토양수분]",observation,vnm-v121-b-005-obs-304-12c3fe0ce101d0ac,B-005_spei12_historical,VNM,2014,-0.19,지수,,,,,,[실적치],World Bank CCKP (CMIP6 x0.25),https://cckpapi.worldbank.org/cckp/v1/cmip6-x0.25_timeseries_spei12_timeseries_annual_1950-2014_median_historical_ensemble_all_mean/VNM?_format=json,기관 이용약관,"B-005_가뭄： 연속 건조일수(CDD), 표준강수지수(SPEI12), 토양수분.xlsx",1.1_observation(측정값),304,
B-005,"가뭄[연속 건조일수(CDD), 표준강수지수(SPEI12), 토양수분]",observation,vnm-v121-b-005-obs-305-0e7b54c4f08c28f2,B-005_spei12_ssp245,VNM,2015,-0.05,지수,,,,,,[전망치],World Bank CCKP (CMIP6 x0.25),https://cckpapi.worldbank.org/cckp/v1/cmip6-x0.25_timeseries_spei12_timeseries_annual_2015-2100_median_ssp245_ensemble_all_mean/VNM?_format=json,기관 이용약관,"B-005_가뭄： 연속 건조일수(CDD), 표준강수지수(SPEI12), 토양수분.xlsx",1.1_observation(측정값),305,
B-005,"가뭄[연속 건조일수(CDD), 표준강수지수(SPEI12), 토양수분]",observation,vnm-v121-b-005-obs-306-c54648a7df252a52,B-005_spei12_ssp245,VNM,2016,0.09,지수,,,,,,[전망치],World Bank CCKP (CMIP6 x0.25),https://cckpapi.worldbank.org/cckp/v1/cmip6-x0.25_timeseries_spei12_timeseries_annual_2015-2100_median_ssp245_ensemble_all_mean/VNM?_format=json,기관 이용약관,"B-005_가뭄： 연속 건조일수(CDD), 표준강수지수(SPEI12), 토양수분.xlsx",1.1_observation(측정값),306,
B-005,"가뭄[연속 건조일수(CDD), 표준강수지수(SPEI12), 토양수분]",observation,vnm-v121-b-005-obs-307-78bc569e6ae674b8,B-005_spei12_ssp245,VNM,2017,-0.08,지수,,,,,,[전망치],World Bank CCKP (CMIP6 x0.25),https://cckpapi.worldbank.org/cckp/v1/cmip6-x0.25_timeseries_spei12_timeseries_annual_2015-2100_median_ssp245_ensemble_all_mean/VNM?_format=json,기관 이용약관,"B-005_가뭄： 연속 건조일수(CDD), 표준강수지수(SPEI12), 토양수분.xlsx",1.1_observation(측정값),307,
B-005,"가뭄[연속 건조일수(CDD), 표준강수지수(SPEI12), 토양수분]",observation,vnm-v121-b-005-obs-308-0b3f5162079303e3,B-005_spei12_ssp245,VNM,2018,-0.01,지수,,,,,,[전망치],World Bank CCKP (CMIP6 x0.25),https://cckpapi.worldbank.org/cckp/v1/cmip6-x0.25_timeseries_spei12_timeseries_annual_2015-2100_median_ssp245_ensemble_all_mean/VNM?_format=json,기관 이용약관,"B-005_가뭄： 연속 건조일수(CDD), 표준강수지수(SPEI12), 토양수분.xlsx",1.1_observation(측정값),308,
B-005,"가뭄[연속 건조일수(CDD), 표준강수지수(SPEI12), 토양수분]",observation,vnm-v121-b-005-obs-309-7629daca820e2757,B-005_spei12_ssp245,VNM,2019,-0.03,지수,,,,,,[전망치],World Bank CCKP (CMIP6 x0.25),https://cckpapi.worldbank.org/cckp/v1/cmip6-x0.25_timeseries_spei12_timeseries_annual_2015-2100_median_ssp245_ensemble_all_mean/VNM?_format=json,기관 이용약관,"B-005_가뭄： 연속 건조일수(CDD), 표준강수지수(SPEI12), 토양수분.xlsx",1.1_observation(측정값),309,
B-005,"가뭄[연속 건조일수(CDD), 표준강수지수(SPEI12), 토양수분]",observation,vnm-v121-b-005-obs-310-89656f3ba709ea42,B-005_spei12_ssp245,VNM,2020,-0.1,지수,,,,,,[전망치],World Bank CCKP (CMIP6 x0.25),https://cckpapi.worldbank.org/cckp/v1/cmip6-x0.25_timeseries_spei12_timeseries_annual_2015-2100_median_ssp245_ensemble_all_mean/VNM?_format=json,기관 이용약관,"B-005_가뭄： 연속 건조일수(CDD), 표준강수지수(SPEI12), 토양수분.xlsx",1.1_observation(측정값),310,
B-005,"가뭄[연속 건조일수(CDD), 표준강수지수(SPEI12), 토양수분]",observation,vnm-v121-b-005-obs-311-a7083de6ce03117d,B-005_spei12_ssp245,VNM,2021,-0.18,지수,,,,,,[전망치],World Bank CCKP (CMIP6 x0.25),https://cckpapi.worldbank.org/cckp/v1/cmip6-x0.25_timeseries_spei12_timeseries_annual_2015-2100_median_ssp245_ensemble_all_mean/VNM?_format=json,기관 이용약관,"B-005_가뭄： 연속 건조일수(CDD), 표준강수지수(SPEI12), 토양수분.xlsx",1.1_observation(측정값),311,
B-005,"가뭄[연속 건조일수(CDD), 표준강수지수(SPEI12), 토양수분]",observation,vnm-v121-b-005-obs-312-d6258a20b55eeb1d,B-005_spei12_ssp245,VNM,2022,-0.32,지수,,,,,,[전망치],World Bank CCKP (CMIP6 x0.25),https://cckpapi.worldbank.org/cckp/v1/cmip6-x0.25_timeseries_spei12_timeseries_annual_2015-2100_median_ssp245_ensemble_all_mean/VNM?_format=json,기관 이용약관,"B-005_가뭄： 연속 건조일수(CDD), 표준강수지수(SPEI12), 토양수분.xlsx",1.1_observation(측정값),312,
B-005,"가뭄[연속 건조일수(CDD), 표준강수지수(SPEI12), 토양수분]",observation,vnm-v121-b-005-obs-313-0a567d8e03d136a9,B-005_spei12_ssp245,VNM,2023,-0.09,지수,,,,,,[전망치],World Bank CCKP (CMIP6 x0.25),https://cckpapi.worldbank.org/cckp/v1/cmip6-x0.25_timeseries_spei12_timeseries_annual_2015-2100_median_ssp245_ensemble_all_mean/VNM?_format=json,기관 이용약관,"B-005_가뭄： 연속 건조일수(CDD), 표준강수지수(SPEI12), 토양수분.xlsx",1.1_observation(측정값),313,
B-005,"가뭄[연속 건조일수(CDD), 표준강수지수(SPEI12), 토양수분]",observation,vnm-v121-b-005-obs-314-53206c24b25881e0,B-005_spei12_ssp245,VNM,2024,-0.04,지수,,,,,,[전망치],World Bank CCKP (CMIP6 x0.25),https://cckpapi.worldbank.org/cckp/v1/cmip6-x0.25_timeseries_spei12_timeseries_annual_2015-2100_median_ssp245_ensemble_all_mean/VNM?_format=json,기관 이용약관,"B-005_가뭄： 연속 건조일수(CDD), 표준강수지수(SPEI12), 토양수분.xlsx",1.1_observation(측정값),314,
B-005,"가뭄[연속 건조일수(CDD), 표준강수지수(SPEI12), 토양수분]",observation,vnm-v121-b-005-obs-315-dee7335110460288,B-005_spei12_ssp245,VNM,2025,-0.32,지수,,,,,,[전망치],World Bank CCKP (CMIP6 x0.25),https://cckpapi.worldbank.org/cckp/v1/cmip6-x0.25_timeseries_spei12_timeseries_annual_2015-2100_median_ssp245_ensemble_all_mean/VNM?_format=json,기관 이용약관,"B-005_가뭄： 연속 건조일수(CDD), 표준강수지수(SPEI12), 토양수분.xlsx",1.1_observation(측정값),315,
B-005,"가뭄[연속 건조일수(CDD), 표준강수지수(SPEI12), 토양수분]",observation,vnm-v121-b-005-obs-316-5607320063db60d4,B-005_spei12_ssp245,VNM,2026,-0.12,지수,,,,,,[전망치],World Bank CCKP (CMIP6 x0.25),https://cckpapi.worldbank.org/cckp/v1/cmip6-x0.25_timeseries_spei12_timeseries_annual_2015-2100_median_ssp245_ensemble_all_mean/VNM?_format=json,기관 이용약관,"B-005_가뭄： 연속 건조일수(CDD), 표준강수지수(SPEI12), 토양수분.xlsx",1.1_observation(측정값),316,
B-005,"가뭄[연속 건조일수(CDD), 표준강수지수(SPEI12), 토양수분]",observation,vnm-v121-b-005-obs-317-a05eeaf8a01b923b,B-005_spei12_ssp245,VNM,2027,0,지수,,,,,,[전망치],World Bank CCKP (CMIP6 x0.25),https://cckpapi.worldbank.org/cckp/v1/cmip6-x0.25_timeseries_spei12_timeseries_annual_2015-2100_median_ssp245_ensemble_all_mean/VNM?_format=json,기관 이용약관,"B-005_가뭄： 연속 건조일수(CDD), 표준강수지수(SPEI12), 토양수분.xlsx",1.1_observation(측정값),317,
B-005,"가뭄[연속 건조일수(CDD), 표준강수지수(SPEI12), 토양수분]",observation,vnm-v121-b-005-obs-318-3928bb03f4255be6,B-005_spei12_ssp245,VNM,2028,-0.07,지수,,,,,,[전망치],World Bank CCKP (CMIP6 x0.25),https://cckpapi.worldbank.org/cckp/v1/cmip6-x0.25_timeseries_spei12_timeseries_annual_2015-2100_median_ssp245_ensemble_all_mean/VNM?_format=json,기관 이용약관,"B-005_가뭄： 연속 건조일수(CDD), 표준강수지수(SPEI12), 토양수분.xlsx",1.1_observation(측정값),318,
B-005,"가뭄[연속 건조일수(CDD), 표준강수지수(SPEI12), 토양수분]",observation,vnm-v121-b-005-obs-319-1500a2bc855fe43e,B-005_spei12_ssp245,VNM,2029,-0.15,지수,,,,,,[전망치],World Bank CCKP (CMIP6 x0.25),https://cckpapi.worldbank.org/cckp/v1/cmip6-x0.25_timeseries_spei12_timeseries_annual_2015-2100_median_ssp245_ensemble_all_mean/VNM?_format=json,기관 이용약관,"B-005_가뭄： 연속 건조일수(CDD), 표준강수지수(SPEI12), 토양수분.xlsx",1.1_observation(측정값),319,
B-005,"가뭄[연속 건조일수(CDD), 표준강수지수(SPEI12), 토양수분]",observation,vnm-v121-b-005-obs-320-a734f87ec34366e9,B-005_spei12_ssp245,VNM,2030,-0.08,지수,,,,,,[전망치],World Bank CCKP (CMIP6 x0.25),https://cckpapi.worldbank.org/cckp/v1/cmip6-x0.25_timeseries_spei12_timeseries_annual_2015-2100_median_ssp245_ensemble_all_mean/VNM?_format=json,기관 이용약관,"B-005_가뭄： 연속 건조일수(CDD), 표준강수지수(SPEI12), 토양수분.xlsx",1.1_observation(측정값),320,
B-005,"가뭄[연속 건조일수(CDD), 표준강수지수(SPEI12), 토양수분]",observation,vnm-v121-b-005-obs-321-4f6e7cb4e12f98cc,B-005_spei12_ssp245,VNM,2031,-0.08,지수,,,,,,[전망치],World Bank CCKP (CMIP6 x0.25),https://cckpapi.worldbank.org/cckp/v1/cmip6-x0.25_timeseries_spei12_timeseries_annual_2015-2100_median_ssp245_ensemble_all_mean/VNM?_format=json,기관 이용약관,"B-005_가뭄： 연속 건조일수(CDD), 표준강수지수(SPEI12), 토양수분.xlsx",1.1_observation(측정값),321,
B-005,"가뭄[연속 건조일수(CDD), 표준강수지수(SPEI12), 토양수분]",observation,vnm-v121-b-005-obs-322-31f9511c9826fe46,B-005_spei12_ssp245,VNM,2032,-0.11,지수,,,,,,[전망치],World Bank CCKP (CMIP6 x0.25),https://cckpapi.worldbank.org/cckp/v1/cmip6-x0.25_timeseries_spei12_timeseries_annual_2015-2100_median_ssp245_ensemble_all_mean/VNM?_format=json,기관 이용약관,"B-005_가뭄： 연속 건조일수(CDD), 표준강수지수(SPEI12), 토양수분.xlsx",1.1_observation(측정값),322,
B-005,"가뭄[연속 건조일수(CDD), 표준강수지수(SPEI12), 토양수분]",observation,vnm-v121-b-005-obs-323-07415e8e4c460a0b,B-005_spei12_ssp245,VNM,2033,-0.22,지수,,,,,,[전망치],World Bank CCKP (CMIP6 x0.25),https://cckpapi.worldbank.org/cckp/v1/cmip6-x0.25_timeseries_spei12_timeseries_annual_2015-2100_median_ssp245_ensemble_all_mean/VNM?_format=json,기관 이용약관,"B-005_가뭄： 연속 건조일수(CDD), 표준강수지수(SPEI12), 토양수분.xlsx",1.1_observation(측정값),323,
B-005,"가뭄[연속 건조일수(CDD), 표준강수지수(SPEI12), 토양수분]",observation,vnm-v121-b-005-obs-324-b5bb1007059b18bb,B-005_spei12_ssp245,VNM,2034,0.16,지수,,,,,,[전망치],World Bank CCKP (CMIP6 x0.25),https://cckpapi.worldbank.org/cckp/v1/cmip6-x0.25_timeseries_spei12_timeseries_annual_2015-2100_median_ssp245_ensemble_all_mean/VNM?_format=json,기관 이용약관,"B-005_가뭄： 연속 건조일수(CDD), 표준강수지수(SPEI12), 토양수분.xlsx",1.1_observation(측정값),324,
B-005,"가뭄[연속 건조일수(CDD), 표준강수지수(SPEI12), 토양수분]",observation,vnm-v121-b-005-obs-325-174744b9815080ee,B-005_spei12_ssp245,VNM,2035,-0.14,지수,,,,,,[전망치],World Bank CCKP (CMIP6 x0.25),https://cckpapi.worldbank.org/cckp/v1/cmip6-x0.25_timeseries_spei12_timeseries_annual_2015-2100_median_ssp245_ensemble_all_mean/VNM?_format=json,기관 이용약관,"B-005_가뭄： 연속 건조일수(CDD), 표준강수지수(SPEI12), 토양수분.xlsx",1.1_observation(측정값),325,
B-005,"가뭄[연속 건조일수(CDD), 표준강수지수(SPEI12), 토양수분]",observation,vnm-v121-b-005-obs-326-d14656729afacd07,B-005_spei12_ssp245,VNM,2036,-0.06,지수,,,,,,[전망치],World Bank CCKP (CMIP6 x0.25),https://cckpapi.worldbank.org/cckp/v1/cmip6-x0.25_timeseries_spei12_timeseries_annual_2015-2100_median_ssp245_ensemble_all_mean/VNM?_format=json,기관 이용약관,"B-005_가뭄： 연속 건조일수(CDD), 표준강수지수(SPEI12), 토양수분.xlsx",1.1_observation(측정값),326,
B-005,"가뭄[연속 건조일수(CDD), 표준강수지수(SPEI12), 토양수분]",observation,vnm-v121-b-005-obs-327-1fe7cc46efd381e4,B-005_spei12_ssp245,VNM,2037,-0.05,지수,,,,,,[전망치],World Bank CCKP (CMIP6 x0.25),https://cckpapi.worldbank.org/cckp/v1/cmip6-x0.25_timeseries_spei12_timeseries_annual_2015-2100_median_ssp245_ensemble_all_mean/VNM?_format=json,기관 이용약관,"B-005_가뭄： 연속 건조일수(CDD), 표준강수지수(SPEI12), 토양수분.xlsx",1.1_observation(측정값),327,
B-005,"가뭄[연속 건조일수(CDD), 표준강수지수(SPEI12), 토양수분]",observation,vnm-v121-b-005-obs-328-576e2983e033b5df,B-005_spei12_ssp245,VNM,2038,-0.25,지수,,,,,,[전망치],World Bank CCKP (CMIP6 x0.25),https://cckpapi.worldbank.org/cckp/v1/cmip6-x0.25_timeseries_spei12_timeseries_annual_2015-2100_median_ssp245_ensemble_all_mean/VNM?_format=json,기관 이용약관,"B-005_가뭄： 연속 건조일수(CDD), 표준강수지수(SPEI12), 토양수분.xlsx",1.1_observation(측정값),328,
B-005,"가뭄[연속 건조일수(CDD), 표준강수지수(SPEI12), 토양수분]",observation,vnm-v121-b-005-obs-329-6f64056de9640325,B-005_spei12_ssp245,VNM,2039,-0.01,지수,,,,,,[전망치],World Bank CCKP (CMIP6 x0.25),https://cckpapi.worldbank.org/cckp/v1/cmip6-x0.25_timeseries_spei12_timeseries_annual_2015-2100_median_ssp245_ensemble_all_mean/VNM?_format=json,기관 이용약관,"B-005_가뭄： 연속 건조일수(CDD), 표준강수지수(SPEI12), 토양수분.xlsx",1.1_observation(측정값),329,
B-005,"가뭄[연속 건조일수(CDD), 표준강수지수(SPEI12), 토양수분]",observation,vnm-v121-b-005-obs-330-3761df985ae482d3,B-005_spei12_ssp245,VNM,2040,-0.05,지수,,,,,,[전망치],World Bank CCKP (CMIP6 x0.25),https://cckpapi.worldbank.org/cckp/v1/cmip6-x0.25_timeseries_spei12_timeseries_annual_2015-2100_median_ssp245_ensemble_all_mean/VNM?_format=json,기관 이용약관,"B-005_가뭄： 연속 건조일수(CDD), 표준강수지수(SPEI12), 토양수분.xlsx",1.1_observation(측정값),330,
B-005,"가뭄[연속 건조일수(CDD), 표준강수지수(SPEI12), 토양수분]",observation,vnm-v121-b-005-obs-331-73218f6ce1fc65ea,B-005_spei12_ssp245,VNM,2041,-0.33,지수,,,,,,[전망치],World Bank CCKP (CMIP6 x0.25),https://cckpapi.worldbank.org/cckp/v1/cmip6-x0.25_timeseries_spei12_timeseries_annual_2015-2100_median_ssp245_ensemble_all_mean/VNM?_format=json,기관 이용약관,"B-005_가뭄： 연속 건조일수(CDD), 표준강수지수(SPEI12), 토양수분.xlsx",1.1_observation(측정값),331,
B-005,"가뭄[연속 건조일수(CDD), 표준강수지수(SPEI12), 토양수분]",observation,vnm-v121-b-005-obs-332-ac05501c4c027690,B-005_spei12_ssp245,VNM,2042,0.11,지수,,,,,,[전망치],World Bank CCKP (CMIP6 x0.25),https://cckpapi.worldbank.org/cckp/v1/cmip6-x0.25_timeseries_spei12_timeseries_annual_2015-2100_median_ssp245_ensemble_all_mean/VNM?_format=json,기관 이용약관,"B-005_가뭄： 연속 건조일수(CDD), 표준강수지수(SPEI12), 토양수분.xlsx",1.1_observation(측정값),332,
B-005,"가뭄[연속 건조일수(CDD), 표준강수지수(SPEI12), 토양수분]",observation,vnm-v121-b-005-obs-333-29bf002d2827d443,B-005_spei12_ssp245,VNM,2043,0.12,지수,,,,,,[전망치],World Bank CCKP (CMIP6 x0.25),https://cckpapi.worldbank.org/cckp/v1/cmip6-x0.25_timeseries_spei12_timeseries_annual_2015-2100_median_ssp245_ensemble_all_mean/VNM?_format=json,기관 이용약관,"B-005_가뭄： 연속 건조일수(CDD), 표준강수지수(SPEI12), 토양수분.xlsx",1.1_observation(측정값),333,
B-005,"가뭄[연속 건조일수(CDD), 표준강수지수(SPEI12), 토양수분]",observation,vnm-v121-b-005-obs-334-39bc0dd1abeb65d1,B-005_spei12_ssp245,VNM,2044,-0.07,지수,,,,,,[전망치],World Bank CCKP (CMIP6 x0.25),https://cckpapi.worldbank.org/cckp/v1/cmip6-x0.25_timeseries_spei12_timeseries_annual_2015-2100_median_ssp245_ensemble_all_mean/VNM?_format=json,기관 이용약관,"B-005_가뭄： 연속 건조일수(CDD), 표준강수지수(SPEI12), 토양수분.xlsx",1.1_observation(측정값),334,
B-005,"가뭄[연속 건조일수(CDD), 표준강수지수(SPEI12), 토양수분]",observation,vnm-v121-b-005-obs-335-8fe6ed7e2dd9bde6,B-005_spei12_ssp245,VNM,2045,0.36,지수,,,,,,[전망치],World Bank CCKP (CMIP6 x0.25),https://cckpapi.worldbank.org/cckp/v1/cmip6-x0.25_timeseries_spei12_timeseries_annual_2015-2100_median_ssp245_ensemble_all_mean/VNM?_format=json,기관 이용약관,"B-005_가뭄： 연속 건조일수(CDD), 표준강수지수(SPEI12), 토양수분.xlsx",1.1_observation(측정값),335,
B-005,"가뭄[연속 건조일수(CDD), 표준강수지수(SPEI12), 토양수분]",observation,vnm-v121-b-005-obs-336-2ca4197a49d8cc75,B-005_spei12_ssp245,VNM,2046,0.2,지수,,,,,,[전망치],World Bank CCKP (CMIP6 x0.25),https://cckpapi.worldbank.org/cckp/v1/cmip6-x0.25_timeseries_spei12_timeseries_annual_2015-2100_median_ssp245_ensemble_all_mean/VNM?_format=json,기관 이용약관,"B-005_가뭄： 연속 건조일수(CDD), 표준강수지수(SPEI12), 토양수분.xlsx",1.1_observation(측정값),336,
B-005,"가뭄[연속 건조일수(CDD), 표준강수지수(SPEI12), 토양수분]",observation,vnm-v121-b-005-obs-337-c88690303fdc04b8,B-005_spei12_ssp245,VNM,2047,-0.14,지수,,,,,,[전망치],World Bank CCKP (CMIP6 x0.25),https://cckpapi.worldbank.org/cckp/v1/cmip6-x0.25_timeseries_spei12_timeseries_annual_2015-2100_median_ssp245_ensemble_all_mean/VNM?_format=json,기관 이용약관,"B-005_가뭄： 연속 건조일수(CDD), 표준강수지수(SPEI12), 토양수분.xlsx",1.1_observation(측정값),337,
B-005,"가뭄[연속 건조일수(CDD), 표준강수지수(SPEI12), 토양수분]",observation,vnm-v121-b-005-obs-338-731c57668682e482,B-005_spei12_ssp245,VNM,2048,-0.16,지수,,,,,,[전망치],World Bank CCKP (CMIP6 x0.25),https://cckpapi.worldbank.org/cckp/v1/cmip6-x0.25_timeseries_spei12_timeseries_annual_2015-2100_median_ssp245_ensemble_all_mean/VNM?_format=json,기관 이용약관,"B-005_가뭄： 연속 건조일수(CDD), 표준강수지수(SPEI12), 토양수분.xlsx",1.1_observation(측정값),338,
B-005,"가뭄[연속 건조일수(CDD), 표준강수지수(SPEI12), 토양수분]",observation,vnm-v121-b-005-obs-339-b8b3aab9877c1e87,B-005_spei12_ssp245,VNM,2049,-0.26,지수,,,,,,[전망치],World Bank CCKP (CMIP6 x0.25),https://cckpapi.worldbank.org/cckp/v1/cmip6-x0.25_timeseries_spei12_timeseries_annual_2015-2100_median_ssp245_ensemble_all_mean/VNM?_format=json,기관 이용약관,"B-005_가뭄： 연속 건조일수(CDD), 표준강수지수(SPEI12), 토양수분.xlsx",1.1_observation(측정값),339,
B-005,"가뭄[연속 건조일수(CDD), 표준강수지수(SPEI12), 토양수분]",observation,vnm-v121-b-005-obs-340-4453a0ab0fa189a7,B-005_spei12_ssp245,VNM,2050,0.12,지수,,,,,,[전망치],World Bank CCKP (CMIP6 x0.25),https://cckpapi.worldbank.org/cckp/v1/cmip6-x0.25_timeseries_spei12_timeseries_annual_2015-2100_median_ssp245_ensemble_all_mean/VNM?_format=json,기관 이용약관,"B-005_가뭄： 연속 건조일수(CDD), 표준강수지수(SPEI12), 토양수분.xlsx",1.1_observation(측정값),340,
B-005,"가뭄[연속 건조일수(CDD), 표준강수지수(SPEI12), 토양수분]",observation,vnm-v121-b-005-obs-341-f86a7df6d803e461,B-005_spei12_ssp245,VNM,2051,0.14,지수,,,,,,[전망치],World Bank CCKP (CMIP6 x0.25),https://cckpapi.worldbank.org/cckp/v1/cmip6-x0.25_timeseries_spei12_timeseries_annual_2015-2100_median_ssp245_ensemble_all_mean/VNM?_format=json,기관 이용약관,"B-005_가뭄： 연속 건조일수(CDD), 표준강수지수(SPEI12), 토양수분.xlsx",1.1_observation(측정값),341,
B-005,"가뭄[연속 건조일수(CDD), 표준강수지수(SPEI12), 토양수분]",observation,vnm-v121-b-005-obs-342-30336aadc671fdfb,B-005_spei12_ssp245,VNM,2052,0.06,지수,,,,,,[전망치],World Bank CCKP (CMIP6 x0.25),https://cckpapi.worldbank.org/cckp/v1/cmip6-x0.25_timeseries_spei12_timeseries_annual_2015-2100_median_ssp245_ensemble_all_mean/VNM?_format=json,기관 이용약관,"B-005_가뭄： 연속 건조일수(CDD), 표준강수지수(SPEI12), 토양수분.xlsx",1.1_observation(측정값),342,
B-005,"가뭄[연속 건조일수(CDD), 표준강수지수(SPEI12), 토양수분]",observation,vnm-v121-b-005-obs-343-4facbde05665f060,B-005_spei12_ssp245,VNM,2053,0.15,지수,,,,,,[전망치],World Bank CCKP (CMIP6 x0.25),https://cckpapi.worldbank.org/cckp/v1/cmip6-x0.25_timeseries_spei12_timeseries_annual_2015-2100_median_ssp245_ensemble_all_mean/VNM?_format=json,기관 이용약관,"B-005_가뭄： 연속 건조일수(CDD), 표준강수지수(SPEI12), 토양수분.xlsx",1.1_observation(측정값),343,
B-005,"가뭄[연속 건조일수(CDD), 표준강수지수(SPEI12), 토양수분]",observation,vnm-v121-b-005-obs-344-3b2e4a0288387ae1,B-005_spei12_ssp245,VNM,2054,0.01,지수,,,,,,[전망치],World Bank CCKP (CMIP6 x0.25),https://cckpapi.worldbank.org/cckp/v1/cmip6-x0.25_timeseries_spei12_timeseries_annual_2015-2100_median_ssp245_ensemble_all_mean/VNM?_format=json,기관 이용약관,"B-005_가뭄： 연속 건조일수(CDD), 표준강수지수(SPEI12), 토양수분.xlsx",1.1_observation(측정값),344,
B-005,"가뭄[연속 건조일수(CDD), 표준강수지수(SPEI12), 토양수분]",observation,vnm-v121-b-005-obs-345-174c9175b47da459,B-005_spei12_ssp245,VNM,2055,-0.04,지수,,,,,,[전망치],World Bank CCKP (CMIP6 x0.25),https://cckpapi.worldbank.org/cckp/v1/cmip6-x0.25_timeseries_spei12_timeseries_annual_2015-2100_median_ssp245_ensemble_all_mean/VNM?_format=json,기관 이용약관,"B-005_가뭄： 연속 건조일수(CDD), 표준강수지수(SPEI12), 토양수분.xlsx",1.1_observation(측정값),345,
B-005,"가뭄[연속 건조일수(CDD), 표준강수지수(SPEI12), 토양수분]",observation,vnm-v121-b-005-obs-346-e5986accdd9f323a,B-005_spei12_ssp245,VNM,2056,-0.03,지수,,,,,,[전망치],World Bank CCKP (CMIP6 x0.25),https://cckpapi.worldbank.org/cckp/v1/cmip6-x0.25_timeseries_spei12_timeseries_annual_2015-2100_median_ssp245_ensemble_all_mean/VNM?_format=json,기관 이용약관,"B-005_가뭄： 연속 건조일수(CDD), 표준강수지수(SPEI12), 토양수분.xlsx",1.1_observation(측정값),346,
B-005,"가뭄[연속 건조일수(CDD), 표준강수지수(SPEI12), 토양수분]",observation,vnm-v121-b-005-obs-347-ba2e73cb59374419,B-005_spei12_ssp245,VNM,2057,0.16,지수,,,,,,[전망치],World Bank CCKP (CMIP6 x0.25),https://cckpapi.worldbank.org/cckp/v1/cmip6-x0.25_timeseries_spei12_timeseries_annual_2015-2100_median_ssp245_ensemble_all_mean/VNM?_format=json,기관 이용약관,"B-005_가뭄： 연속 건조일수(CDD), 표준강수지수(SPEI12), 토양수분.xlsx",1.1_observation(측정값),347,
B-005,"가뭄[연속 건조일수(CDD), 표준강수지수(SPEI12), 토양수분]",observation,vnm-v121-b-005-obs-348-4a54b1f5d2afbd88,B-005_spei12_ssp245,VNM,2058,-0.07,지수,,,,,,[전망치],World Bank CCKP (CMIP6 x0.25),https://cckpapi.worldbank.org/cckp/v1/cmip6-x0.25_timeseries_spei12_timeseries_annual_2015-2100_median_ssp245_ensemble_all_mean/VNM?_format=json,기관 이용약관,"B-005_가뭄： 연속 건조일수(CDD), 표준강수지수(SPEI12), 토양수분.xlsx",1.1_observation(측정값),348,
B-005,"가뭄[연속 건조일수(CDD), 표준강수지수(SPEI12), 토양수분]",observation,vnm-v121-b-005-obs-349-f0cf1054bd412e48,B-005_spei12_ssp245,VNM,2059,-0.27,지수,,,,,,[전망치],World Bank CCKP (CMIP6 x0.25),https://cckpapi.worldbank.org/cckp/v1/cmip6-x0.25_timeseries_spei12_timeseries_annual_2015-2100_median_ssp245_ensemble_all_mean/VNM?_format=json,기관 이용약관,"B-005_가뭄： 연속 건조일수(CDD), 표준강수지수(SPEI12), 토양수분.xlsx",1.1_observation(측정값),349,
B-005,"가뭄[연속 건조일수(CDD), 표준강수지수(SPEI12), 토양수분]",observation,vnm-v121-b-005-obs-350-6522fe4d36b3d7a5,B-005_spei12_ssp245,VNM,2060,-0.2,지수,,,,,,[전망치],World Bank CCKP (CMIP6 x0.25),https://cckpapi.worldbank.org/cckp/v1/cmip6-x0.25_timeseries_spei12_timeseries_annual_2015-2100_median_ssp245_ensemble_all_mean/VNM?_format=json,기관 이용약관,"B-005_가뭄： 연속 건조일수(CDD), 표준강수지수(SPEI12), 토양수분.xlsx",1.1_observation(측정값),350,
B-005,"가뭄[연속 건조일수(CDD), 표준강수지수(SPEI12), 토양수분]",observation,vnm-v121-b-005-obs-351-06cbed7c4a99661a,B-005_spei12_ssp245,VNM,2061,-0.06,지수,,,,,,[전망치],World Bank CCKP (CMIP6 x0.25),https://cckpapi.worldbank.org/cckp/v1/cmip6-x0.25_timeseries_spei12_timeseries_annual_2015-2100_median_ssp245_ensemble_all_mean/VNM?_format=json,기관 이용약관,"B-005_가뭄： 연속 건조일수(CDD), 표준강수지수(SPEI12), 토양수분.xlsx",1.1_observation(측정값),351,
B-005,"가뭄[연속 건조일수(CDD), 표준강수지수(SPEI12), 토양수분]",observation,vnm-v121-b-005-obs-352-ab7bfcd946613d41,B-005_spei12_ssp245,VNM,2062,0.08,지수,,,,,,[전망치],World Bank CCKP (CMIP6 x0.25),https://cckpapi.worldbank.org/cckp/v1/cmip6-x0.25_timeseries_spei12_timeseries_annual_2015-2100_median_ssp245_ensemble_all_mean/VNM?_format=json,기관 이용약관,"B-005_가뭄： 연속 건조일수(CDD), 표준강수지수(SPEI12), 토양수분.xlsx",1.1_observation(측정값),352,
B-005,"가뭄[연속 건조일수(CDD), 표준강수지수(SPEI12), 토양수분]",observation,vnm-v121-b-005-obs-353-dc34a0926d15c2bc,B-005_spei12_ssp245,VNM,2063,-0.1,지수,,,,,,[전망치],World Bank CCKP (CMIP6 x0.25),https://cckpapi.worldbank.org/cckp/v1/cmip6-x0.25_timeseries_spei12_timeseries_annual_2015-2100_median_ssp245_ensemble_all_mean/VNM?_format=json,기관 이용약관,"B-005_가뭄： 연속 건조일수(CDD), 표준강수지수(SPEI12), 토양수분.xlsx",1.1_observation(측정값),353,
B-005,"가뭄[연속 건조일수(CDD), 표준강수지수(SPEI12), 토양수분]",observation,vnm-v121-b-005-obs-354-ed1d7a16598e2cdc,B-005_spei12_ssp245,VNM,2064,-0.11,지수,,,,,,[전망치],World Bank CCKP (CMIP6 x0.25),https://cckpapi.worldbank.org/cckp/v1/cmip6-x0.25_timeseries_spei12_timeseries_annual_2015-2100_median_ssp245_ensemble_all_mean/VNM?_format=json,기관 이용약관,"B-005_가뭄： 연속 건조일수(CDD), 표준강수지수(SPEI12), 토양수분.xlsx",1.1_observation(측정값),354,
B-005,"가뭄[연속 건조일수(CDD), 표준강수지수(SPEI12), 토양수분]",observation,vnm-v121-b-005-obs-355-4a646caf90baa22b,B-005_spei12_ssp245,VNM,2065,0,지수,,,,,,[전망치],World Bank CCKP (CMIP6 x0.25),https://cckpapi.worldbank.org/cckp/v1/cmip6-x0.25_timeseries_spei12_timeseries_annual_2015-2100_median_ssp245_ensemble_all_mean/VNM?_format=json,기관 이용약관,"B-005_가뭄： 연속 건조일수(CDD), 표준강수지수(SPEI12), 토양수분.xlsx",1.1_observation(측정값),355,
B-005,"가뭄[연속 건조일수(CDD), 표준강수지수(SPEI12), 토양수분]",observation,vnm-v121-b-005-obs-356-f4ccdaa016160efa,B-005_spei12_ssp245,VNM,2066,-0.12,지수,,,,,,[전망치],World Bank CCKP (CMIP6 x0.25),https://cckpapi.worldbank.org/cckp/v1/cmip6-x0.25_timeseries_spei12_timeseries_annual_2015-2100_median_ssp245_ensemble_all_mean/VNM?_format=json,기관 이용약관,"B-005_가뭄： 연속 건조일수(CDD), 표준강수지수(SPEI12), 토양수분.xlsx",1.1_observation(측정값),356,
B-005,"가뭄[연속 건조일수(CDD), 표준강수지수(SPEI12), 토양수분]",observation,vnm-v121-b-005-obs-357-b5e1da050eae4f13,B-005_spei12_ssp245,VNM,2067,0.03,지수,,,,,,[전망치],World Bank CCKP (CMIP6 x0.25),https://cckpapi.worldbank.org/cckp/v1/cmip6-x0.25_timeseries_spei12_timeseries_annual_2015-2100_median_ssp245_ensemble_all_mean/VNM?_format=json,기관 이용약관,"B-005_가뭄： 연속 건조일수(CDD), 표준강수지수(SPEI12), 토양수분.xlsx",1.1_observation(측정값),357,
B-005,"가뭄[연속 건조일수(CDD), 표준강수지수(SPEI12), 토양수분]",observation,vnm-v121-b-005-obs-358-dbe0d088c8c74ee8,B-005_spei12_ssp245,VNM,2068,-0.19,지수,,,,,,[전망치],World Bank CCKP (CMIP6 x0.25),https://cckpapi.worldbank.org/cckp/v1/cmip6-x0.25_timeseries_spei12_timeseries_annual_2015-2100_median_ssp245_ensemble_all_mean/VNM?_format=json,기관 이용약관,"B-005_가뭄： 연속 건조일수(CDD), 표준강수지수(SPEI12), 토양수분.xlsx",1.1_observation(측정값),358,
B-005,"가뭄[연속 건조일수(CDD), 표준강수지수(SPEI12), 토양수분]",observation,vnm-v121-b-005-obs-359-51ba893c77abad36,B-005_spei12_ssp245,VNM,2069,-0.1,지수,,,,,,[전망치],World Bank CCKP (CMIP6 x0.25),https://cckpapi.worldbank.org/cckp/v1/cmip6-x0.25_timeseries_spei12_timeseries_annual_2015-2100_median_ssp245_ensemble_all_mean/VNM?_format=json,기관 이용약관,"B-005_가뭄： 연속 건조일수(CDD), 표준강수지수(SPEI12), 토양수분.xlsx",1.1_observation(측정값),359,
B-005,"가뭄[연속 건조일수(CDD), 표준강수지수(SPEI12), 토양수분]",observation,vnm-v121-b-005-obs-360-6e6ddf37229dc2c4,B-005_spei12_ssp245,VNM,2070,0.06,지수,,,,,,[전망치],World Bank CCKP (CMIP6 x0.25),https://cckpapi.worldbank.org/cckp/v1/cmip6-x0.25_timeseries_spei12_timeseries_annual_2015-2100_median_ssp245_ensemble_all_mean/VNM?_format=json,기관 이용약관,"B-005_가뭄： 연속 건조일수(CDD), 표준강수지수(SPEI12), 토양수분.xlsx",1.1_observation(측정값),360,
B-005,"가뭄[연속 건조일수(CDD), 표준강수지수(SPEI12), 토양수분]",observation,vnm-v121-b-005-obs-361-a480f5cbb319bdc5,B-005_spei12_ssp245,VNM,2071,0.04,지수,,,,,,[전망치],World Bank CCKP (CMIP6 x0.25),https://cckpapi.worldbank.org/cckp/v1/cmip6-x0.25_timeseries_spei12_timeseries_annual_2015-2100_median_ssp245_ensemble_all_mean/VNM?_format=json,기관 이용약관,"B-005_가뭄： 연속 건조일수(CDD), 표준강수지수(SPEI12), 토양수분.xlsx",1.1_observation(측정값),361,
B-005,"가뭄[연속 건조일수(CDD), 표준강수지수(SPEI12), 토양수분]",observation,vnm-v121-b-005-obs-362-c86dfd6c1d46ac9e,B-005_spei12_ssp245,VNM,2072,0,지수,,,,,,[전망치],World Bank CCKP (CMIP6 x0.25),https://cckpapi.worldbank.org/cckp/v1/cmip6-x0.25_timeseries_spei12_timeseries_annual_2015-2100_median_ssp245_ensemble_all_mean/VNM?_format=json,기관 이용약관,"B-005_가뭄： 연속 건조일수(CDD), 표준강수지수(SPEI12), 토양수분.xlsx",1.1_observation(측정값),362,
B-005,"가뭄[연속 건조일수(CDD), 표준강수지수(SPEI12), 토양수분]",observation,vnm-v121-b-005-obs-363-3c39cca71f10ba48,B-005_spei12_ssp245,VNM,2073,-0.17,지수,,,,,,[전망치],World Bank CCKP (CMIP6 x0.25),https://cckpapi.worldbank.org/cckp/v1/cmip6-x0.25_timeseries_spei12_timeseries_annual_2015-2100_median_ssp245_ensemble_all_mean/VNM?_format=json,기관 이용약관,"B-005_가뭄： 연속 건조일수(CDD), 표준강수지수(SPEI12), 토양수분.xlsx",1.1_observation(측정값),363,
B-005,"가뭄[연속 건조일수(CDD), 표준강수지수(SPEI12), 토양수분]",observation,vnm-v121-b-005-obs-364-67e09576894534f7,B-005_spei12_ssp245,VNM,2074,-0.09,지수,,,,,,[전망치],World Bank CCKP (CMIP6 x0.25),https://cckpapi.worldbank.org/cckp/v1/cmip6-x0.25_timeseries_spei12_timeseries_annual_2015-2100_median_ssp245_ensemble_all_mean/VNM?_format=json,기관 이용약관,"B-005_가뭄： 연속 건조일수(CDD), 표준강수지수(SPEI12), 토양수분.xlsx",1.1_observation(측정값),364,
B-005,"가뭄[연속 건조일수(CDD), 표준강수지수(SPEI12), 토양수분]",observation,vnm-v121-b-005-obs-365-ddbb5abac6512707,B-005_spei12_ssp245,VNM,2075,0.12,지수,,,,,,[전망치],World Bank CCKP (CMIP6 x0.25),https://cckpapi.worldbank.org/cckp/v1/cmip6-x0.25_timeseries_spei12_timeseries_annual_2015-2100_median_ssp245_ensemble_all_mean/VNM?_format=json,기관 이용약관,"B-005_가뭄： 연속 건조일수(CDD), 표준강수지수(SPEI12), 토양수분.xlsx",1.1_observation(측정값),365,
B-005,"가뭄[연속 건조일수(CDD), 표준강수지수(SPEI12), 토양수분]",observation,vnm-v121-b-005-obs-366-364329578fed0537,B-005_spei12_ssp245,VNM,2076,0.04,지수,,,,,,[전망치],World Bank CCKP (CMIP6 x0.25),https://cckpapi.worldbank.org/cckp/v1/cmip6-x0.25_timeseries_spei12_timeseries_annual_2015-2100_median_ssp245_ensemble_all_mean/VNM?_format=json,기관 이용약관,"B-005_가뭄： 연속 건조일수(CDD), 표준강수지수(SPEI12), 토양수분.xlsx",1.1_observation(측정값),366,
B-005,"가뭄[연속 건조일수(CDD), 표준강수지수(SPEI12), 토양수분]",observation,vnm-v121-b-005-obs-367-b7fe9aa5a720e5f5,B-005_spei12_ssp245,VNM,2077,0.11,지수,,,,,,[전망치],World Bank CCKP (CMIP6 x0.25),https://cckpapi.worldbank.org/cckp/v1/cmip6-x0.25_timeseries_spei12_timeseries_annual_2015-2100_median_ssp245_ensemble_all_mean/VNM?_format=json,기관 이용약관,"B-005_가뭄： 연속 건조일수(CDD), 표준강수지수(SPEI12), 토양수분.xlsx",1.1_observation(측정값),367,
B-005,"가뭄[연속 건조일수(CDD), 표준강수지수(SPEI12), 토양수분]",observation,vnm-v121-b-005-obs-368-e7de70a654e6a330,B-005_spei12_ssp245,VNM,2078,-0.08,지수,,,,,,[전망치],World Bank CCKP (CMIP6 x0.25),https://cckpapi.worldbank.org/cckp/v1/cmip6-x0.25_timeseries_spei12_timeseries_annual_2015-2100_median_ssp245_ensemble_all_mean/VNM?_format=json,기관 이용약관,"B-005_가뭄： 연속 건조일수(CDD), 표준강수지수(SPEI12), 토양수분.xlsx",1.1_observation(측정값),368,
B-005,"가뭄[연속 건조일수(CDD), 표준강수지수(SPEI12), 토양수분]",observation,vnm-v121-b-005-obs-369-0b4ac2c584c31390,B-005_spei12_ssp245,VNM,2079,-0.02,지수,,,,,,[전망치],World Bank CCKP (CMIP6 x0.25),https://cckpapi.worldbank.org/cckp/v1/cmip6-x0.25_timeseries_spei12_timeseries_annual_2015-2100_median_ssp245_ensemble_all_mean/VNM?_format=json,기관 이용약관,"B-005_가뭄： 연속 건조일수(CDD), 표준강수지수(SPEI12), 토양수분.xlsx",1.1_observation(측정값),369,
B-005,"가뭄[연속 건조일수(CDD), 표준강수지수(SPEI12), 토양수분]",observation,vnm-v121-b-005-obs-370-f579ae41aa53c6e2,B-005_spei12_ssp245,VNM,2080,0.03,지수,,,,,,[전망치],World Bank CCKP (CMIP6 x0.25),https://cckpapi.worldbank.org/cckp/v1/cmip6-x0.25_timeseries_spei12_timeseries_annual_2015-2100_median_ssp245_ensemble_all_mean/VNM?_format=json,기관 이용약관,"B-005_가뭄： 연속 건조일수(CDD), 표준강수지수(SPEI12), 토양수분.xlsx",1.1_observation(측정값),370,
B-005,"가뭄[연속 건조일수(CDD), 표준강수지수(SPEI12), 토양수분]",observation,vnm-v121-b-005-obs-371-0bc665268bc4a621,B-005_spei12_ssp245,VNM,2081,0.06,지수,,,,,,[전망치],World Bank CCKP (CMIP6 x0.25),https://cckpapi.worldbank.org/cckp/v1/cmip6-x0.25_timeseries_spei12_timeseries_annual_2015-2100_median_ssp245_ensemble_all_mean/VNM?_format=json,기관 이용약관,"B-005_가뭄： 연속 건조일수(CDD), 표준강수지수(SPEI12), 토양수분.xlsx",1.1_observation(측정값),371,
B-005,"가뭄[연속 건조일수(CDD), 표준강수지수(SPEI12), 토양수분]",observation,vnm-v121-b-005-obs-372-3c1fbf643cb3bea2,B-005_spei12_ssp245,VNM,2082,-0.04,지수,,,,,,[전망치],World Bank CCKP (CMIP6 x0.25),https://cckpapi.worldbank.org/cckp/v1/cmip6-x0.25_timeseries_spei12_timeseries_annual_2015-2100_median_ssp245_ensemble_all_mean/VNM?_format=json,기관 이용약관,"B-005_가뭄： 연속 건조일수(CDD), 표준강수지수(SPEI12), 토양수분.xlsx",1.1_observation(측정값),372,
B-005,"가뭄[연속 건조일수(CDD), 표준강수지수(SPEI12), 토양수분]",observation,vnm-v121-b-005-obs-373-2360d2417220cdcd,B-005_spei12_ssp245,VNM,2083,-0.11,지수,,,,,,[전망치],World Bank CCKP (CMIP6 x0.25),https://cckpapi.worldbank.org/cckp/v1/cmip6-x0.25_timeseries_spei12_timeseries_annual_2015-2100_median_ssp245_ensemble_all_mean/VNM?_format=json,기관 이용약관,"B-005_가뭄： 연속 건조일수(CDD), 표준강수지수(SPEI12), 토양수분.xlsx",1.1_observation(측정값),373,
B-005,"가뭄[연속 건조일수(CDD), 표준강수지수(SPEI12), 토양수분]",observation,vnm-v121-b-005-obs-374-2f56c3ac5ef7fd04,B-005_spei12_ssp245,VNM,2084,0.01,지수,,,,,,[전망치],World Bank CCKP (CMIP6 x0.25),https://cckpapi.worldbank.org/cckp/v1/cmip6-x0.25_timeseries_spei12_timeseries_annual_2015-2100_median_ssp245_ensemble_all_mean/VNM?_format=json,기관 이용약관,"B-005_가뭄： 연속 건조일수(CDD), 표준강수지수(SPEI12), 토양수분.xlsx",1.1_observation(측정값),374,
B-005,"가뭄[연속 건조일수(CDD), 표준강수지수(SPEI12), 토양수분]",observation,vnm-v121-b-005-obs-375-9010d4f95e4e6dad,B-005_spei12_ssp245,VNM,2085,-0.11,지수,,,,,,[전망치],World Bank CCKP (CMIP6 x0.25),https://cckpapi.worldbank.org/cckp/v1/cmip6-x0.25_timeseries_spei12_timeseries_annual_2015-2100_median_ssp245_ensemble_all_mean/VNM?_format=json,기관 이용약관,"B-005_가뭄： 연속 건조일수(CDD), 표준강수지수(SPEI12), 토양수분.xlsx",1.1_observation(측정값),375,
B-005,"가뭄[연속 건조일수(CDD), 표준강수지수(SPEI12), 토양수분]",observation,vnm-v121-b-005-obs-376-20476188177d2d59,B-005_spei12_ssp245,VNM,2086,-0.04,지수,,,,,,[전망치],World Bank CCKP (CMIP6 x0.25),https://cckpapi.worldbank.org/cckp/v1/cmip6-x0.25_timeseries_spei12_timeseries_annual_2015-2100_median_ssp245_ensemble_all_mean/VNM?_format=json,기관 이용약관,"B-005_가뭄： 연속 건조일수(CDD), 표준강수지수(SPEI12), 토양수분.xlsx",1.1_observation(측정값),376,
B-005,"가뭄[연속 건조일수(CDD), 표준강수지수(SPEI12), 토양수분]",observation,vnm-v121-b-005-obs-377-a9fea9f952c36e80,B-005_spei12_ssp245,VNM,2087,0.19,지수,,,,,,[전망치],World Bank CCKP (CMIP6 x0.25),https://cckpapi.worldbank.org/cckp/v1/cmip6-x0.25_timeseries_spei12_timeseries_annual_2015-2100_median_ssp245_ensemble_all_mean/VNM?_format=json,기관 이용약관,"B-005_가뭄： 연속 건조일수(CDD), 표준강수지수(SPEI12), 토양수분.xlsx",1.1_observation(측정값),377,
B-005,"가뭄[연속 건조일수(CDD), 표준강수지수(SPEI12), 토양수분]",observation,vnm-v121-b-005-obs-378-3a99bd45555bbec8,B-005_spei12_ssp245,VNM,2088,-0.1,지수,,,,,,[전망치],World Bank CCKP (CMIP6 x0.25),https://cckpapi.worldbank.org/cckp/v1/cmip6-x0.25_timeseries_spei12_timeseries_annual_2015-2100_median_ssp245_ensemble_all_mean/VNM?_format=json,기관 이용약관,"B-005_가뭄： 연속 건조일수(CDD), 표준강수지수(SPEI12), 토양수분.xlsx",1.1_observation(측정값),378,
B-005,"가뭄[연속 건조일수(CDD), 표준강수지수(SPEI12), 토양수분]",observation,vnm-v121-b-005-obs-379-b12adc105fd9dd6f,B-005_spei12_ssp245,VNM,2089,-0.22,지수,,,,,,[전망치],World Bank CCKP (CMIP6 x0.25),https://cckpapi.worldbank.org/cckp/v1/cmip6-x0.25_timeseries_spei12_timeseries_annual_2015-2100_median_ssp245_ensemble_all_mean/VNM?_format=json,기관 이용약관,"B-005_가뭄： 연속 건조일수(CDD), 표준강수지수(SPEI12), 토양수분.xlsx",1.1_observation(측정값),379,
B-005,"가뭄[연속 건조일수(CDD), 표준강수지수(SPEI12), 토양수분]",observation,vnm-v121-b-005-obs-380-7d2d07ac22b5b36a,B-005_spei12_ssp245,VNM,2090,-0.09,지수,,,,,,[전망치],World Bank CCKP (CMIP6 x0.25),https://cckpapi.worldbank.org/cckp/v1/cmip6-x0.25_timeseries_spei12_timeseries_annual_2015-2100_median_ssp245_ensemble_all_mean/VNM?_format=json,기관 이용약관,"B-005_가뭄： 연속 건조일수(CDD), 표준강수지수(SPEI12), 토양수분.xlsx",1.1_observation(측정값),380,
B-005,"가뭄[연속 건조일수(CDD), 표준강수지수(SPEI12), 토양수분]",observation,vnm-v121-b-005-obs-381-0a88cd273c7aeb84,B-005_spei12_ssp245,VNM,2091,0.06,지수,,,,,,[전망치],World Bank CCKP (CMIP6 x0.25),https://cckpapi.worldbank.org/cckp/v1/cmip6-x0.25_timeseries_spei12_timeseries_annual_2015-2100_median_ssp245_ensemble_all_mean/VNM?_format=json,기관 이용약관,"B-005_가뭄： 연속 건조일수(CDD), 표준강수지수(SPEI12), 토양수분.xlsx",1.1_observation(측정값),381,
B-005,"가뭄[연속 건조일수(CDD), 표준강수지수(SPEI12), 토양수분]",observation,vnm-v121-b-005-obs-382-7526caeaf00785f0,B-005_spei12_ssp245,VNM,2092,0.12,지수,,,,,,[전망치],World Bank CCKP (CMIP6 x0.25),https://cckpapi.worldbank.org/cckp/v1/cmip6-x0.25_timeseries_spei12_timeseries_annual_2015-2100_median_ssp245_ensemble_all_mean/VNM?_format=json,기관 이용약관,"B-005_가뭄： 연속 건조일수(CDD), 표준강수지수(SPEI12), 토양수분.xlsx",1.1_observation(측정값),382,
B-005,"가뭄[연속 건조일수(CDD), 표준강수지수(SPEI12), 토양수분]",observation,vnm-v121-b-005-obs-383-0089e6f2502a0fef,B-005_spei12_ssp245,VNM,2093,0.06,지수,,,,,,[전망치],World Bank CCKP (CMIP6 x0.25),https://cckpapi.worldbank.org/cckp/v1/cmip6-x0.25_timeseries_spei12_timeseries_annual_2015-2100_median_ssp245_ensemble_all_mean/VNM?_format=json,기관 이용약관,"B-005_가뭄： 연속 건조일수(CDD), 표준강수지수(SPEI12), 토양수분.xlsx",1.1_observation(측정값),383,
B-005,"가뭄[연속 건조일수(CDD), 표준강수지수(SPEI12), 토양수분]",observation,vnm-v121-b-005-obs-384-d7c95522c68f61b7,B-005_spei12_ssp245,VNM,2094,0.1,지수,,,,,,[전망치],World Bank CCKP (CMIP6 x0.25),https://cckpapi.worldbank.org/cckp/v1/cmip6-x0.25_timeseries_spei12_timeseries_annual_2015-2100_median_ssp245_ensemble_all_mean/VNM?_format=json,기관 이용약관,"B-005_가뭄： 연속 건조일수(CDD), 표준강수지수(SPEI12), 토양수분.xlsx",1.1_observation(측정값),384,
B-005,"가뭄[연속 건조일수(CDD), 표준강수지수(SPEI12), 토양수분]",observation,vnm-v121-b-005-obs-385-a04c45b5adfb0eff,B-005_spei12_ssp245,VNM,2095,-0.2,지수,,,,,,[전망치],World Bank CCKP (CMIP6 x0.25),https://cckpapi.worldbank.org/cckp/v1/cmip6-x0.25_timeseries_spei12_timeseries_annual_2015-2100_median_ssp245_ensemble_all_mean/VNM?_format=json,기관 이용약관,"B-005_가뭄： 연속 건조일수(CDD), 표준강수지수(SPEI12), 토양수분.xlsx",1.1_observation(측정값),385,
B-005,"가뭄[연속 건조일수(CDD), 표준강수지수(SPEI12), 토양수분]",observation,vnm-v121-b-005-obs-386-a05160cfaa2f39dc,B-005_spei12_ssp245,VNM,2096,-0.05,지수,,,,,,[전망치],World Bank CCKP (CMIP6 x0.25),https://cckpapi.worldbank.org/cckp/v1/cmip6-x0.25_timeseries_spei12_timeseries_annual_2015-2100_median_ssp245_ensemble_all_mean/VNM?_format=json,기관 이용약관,"B-005_가뭄： 연속 건조일수(CDD), 표준강수지수(SPEI12), 토양수분.xlsx",1.1_observation(측정값),386,
B-005,"가뭄[연속 건조일수(CDD), 표준강수지수(SPEI12), 토양수분]",observation,vnm-v121-b-005-obs-387-f9c7b81764381c1d,B-005_spei12_ssp245,VNM,2097,0.23,지수,,,,,,[전망치],World Bank CCKP (CMIP6 x0.25),https://cckpapi.worldbank.org/cckp/v1/cmip6-x0.25_timeseries_spei12_timeseries_annual_2015-2100_median_ssp245_ensemble_all_mean/VNM?_format=json,기관 이용약관,"B-005_가뭄： 연속 건조일수(CDD), 표준강수지수(SPEI12), 토양수분.xlsx",1.1_observation(측정값),387,
B-005,"가뭄[연속 건조일수(CDD), 표준강수지수(SPEI12), 토양수분]",observation,vnm-v121-b-005-obs-388-74f6fcfc178e960c,B-005_spei12_ssp245,VNM,2098,-0.12,지수,,,,,,[전망치],World Bank CCKP (CMIP6 x0.25),https://cckpapi.worldbank.org/cckp/v1/cmip6-x0.25_timeseries_spei12_timeseries_annual_2015-2100_median_ssp245_ensemble_all_mean/VNM?_format=json,기관 이용약관,"B-005_가뭄： 연속 건조일수(CDD), 표준강수지수(SPEI12), 토양수분.xlsx",1.1_observation(측정값),388,
B-005,"가뭄[연속 건조일수(CDD), 표준강수지수(SPEI12), 토양수분]",observation,vnm-v121-b-005-obs-389-b7157dc304d5b863,B-005_spei12_ssp245,VNM,2099,0.16,지수,,,,,,[전망치],World Bank CCKP (CMIP6 x0.25),https://cckpapi.worldbank.org/cckp/v1/cmip6-x0.25_timeseries_spei12_timeseries_annual_2015-2100_median_ssp245_ensemble_all_mean/VNM?_format=json,기관 이용약관,"B-005_가뭄： 연속 건조일수(CDD), 표준강수지수(SPEI12), 토양수분.xlsx",1.1_observation(측정값),389,
B-005,"가뭄[연속 건조일수(CDD), 표준강수지수(SPEI12), 토양수분]",observation,vnm-v121-b-005-obs-390-44cef6b0eb67eb4e,B-005_spei12_ssp245,VNM,2100,0.16,지수,,,,,,[전망치],World Bank CCKP (CMIP6 x0.25),https://cckpapi.worldbank.org/cckp/v1/cmip6-x0.25_timeseries_spei12_timeseries_annual_2015-2100_median_ssp245_ensemble_all_mean/VNM?_format=json,기관 이용약관,"B-005_가뭄： 연속 건조일수(CDD), 표준강수지수(SPEI12), 토양수분.xlsx",1.1_observation(측정값),390,
B-005,"가뭄[연속 건조일수(CDD), 표준강수지수(SPEI12), 토양수분]",observation,vnm-v121-b-005-obs-391-9c63b4311e664153,B-005_spei12_ssp585,VNM,2015,0,지수,,,,,,[전망치],World Bank CCKP (CMIP6 x0.25),https://cckpapi.worldbank.org/cckp/v1/cmip6-x0.25_timeseries_spei12_timeseries_annual_2015-2100_median_ssp585_ensemble_all_mean/VNM?_format=json,기관 이용약관,"B-005_가뭄： 연속 건조일수(CDD), 표준강수지수(SPEI12), 토양수분.xlsx",1.1_observation(측정값),391,
B-005,"가뭄[연속 건조일수(CDD), 표준강수지수(SPEI12), 토양수분]",observation,vnm-v121-b-005-obs-392-a745c589e589dfda,B-005_spei12_ssp585,VNM,2016,-0.04,지수,,,,,,[전망치],World Bank CCKP (CMIP6 x0.25),https://cckpapi.worldbank.org/cckp/v1/cmip6-x0.25_timeseries_spei12_timeseries_annual_2015-2100_median_ssp585_ensemble_all_mean/VNM?_format=json,기관 이용약관,"B-005_가뭄： 연속 건조일수(CDD), 표준강수지수(SPEI12), 토양수분.xlsx",1.1_observation(측정값),392,
B-005,"가뭄[연속 건조일수(CDD), 표준강수지수(SPEI12), 토양수분]",observation,vnm-v121-b-005-obs-393-a797abbd02876988,B-005_spei12_ssp585,VNM,2017,0,지수,,,,,,[전망치],World Bank CCKP (CMIP6 x0.25),https://cckpapi.worldbank.org/cckp/v1/cmip6-x0.25_timeseries_spei12_timeseries_annual_2015-2100_median_ssp585_ensemble_all_mean/VNM?_format=json,기관 이용약관,"B-005_가뭄： 연속 건조일수(CDD), 표준강수지수(SPEI12), 토양수분.xlsx",1.1_observation(측정값),393,
B-005,"가뭄[연속 건조일수(CDD), 표준강수지수(SPEI12), 토양수분]",observation,vnm-v121-b-005-obs-394-e68ef58e49399904,B-005_spei12_ssp585,VNM,2018,-0.24,지수,,,,,,[전망치],World Bank CCKP (CMIP6 x0.25),https://cckpapi.worldbank.org/cckp/v1/cmip6-x0.25_timeseries_spei12_timeseries_annual_2015-2100_median_ssp585_ensemble_all_mean/VNM?_format=json,기관 이용약관,"B-005_가뭄： 연속 건조일수(CDD), 표준강수지수(SPEI12), 토양수분.xlsx",1.1_observation(측정값),394,
B-005,"가뭄[연속 건조일수(CDD), 표준강수지수(SPEI12), 토양수분]",observation,vnm-v121-b-005-obs-395-bdc73a05d549e19a,B-005_spei12_ssp585,VNM,2019,-0.07,지수,,,,,,[전망치],World Bank CCKP (CMIP6 x0.25),https://cckpapi.worldbank.org/cckp/v1/cmip6-x0.25_timeseries_spei12_timeseries_annual_2015-2100_median_ssp585_ensemble_all_mean/VNM?_format=json,기관 이용약관,"B-005_가뭄： 연속 건조일수(CDD), 표준강수지수(SPEI12), 토양수분.xlsx",1.1_observation(측정값),395,
B-005,"가뭄[연속 건조일수(CDD), 표준강수지수(SPEI12), 토양수분]",observation,vnm-v121-b-005-obs-396-12e91d4f5227d7ea,B-005_spei12_ssp585,VNM,2020,-0.01,지수,,,,,,[전망치],World Bank CCKP (CMIP6 x0.25),https://cckpapi.worldbank.org/cckp/v1/cmip6-x0.25_timeseries_spei12_timeseries_annual_2015-2100_median_ssp585_ensemble_all_mean/VNM?_format=json,기관 이용약관,"B-005_가뭄： 연속 건조일수(CDD), 표준강수지수(SPEI12), 토양수분.xlsx",1.1_observation(측정값),396,
B-005,"가뭄[연속 건조일수(CDD), 표준강수지수(SPEI12), 토양수분]",observation,vnm-v121-b-005-obs-397-a9d1b5139d3583ea,B-005_spei12_ssp585,VNM,2021,0.05,지수,,,,,,[전망치],World Bank CCKP (CMIP6 x0.25),https://cckpapi.worldbank.org/cckp/v1/cmip6-x0.25_timeseries_spei12_timeseries_annual_2015-2100_median_ssp585_ensemble_all_mean/VNM?_format=json,기관 이용약관,"B-005_가뭄： 연속 건조일수(CDD), 표준강수지수(SPEI12), 토양수분.xlsx",1.1_observation(측정값),397,
B-005,"가뭄[연속 건조일수(CDD), 표준강수지수(SPEI12), 토양수분]",observation,vnm-v121-b-005-obs-398-513e3a6162a45804,B-005_spei12_ssp585,VNM,2022,-0.03,지수,,,,,,[전망치],World Bank CCKP (CMIP6 x0.25),https://cckpapi.worldbank.org/cckp/v1/cmip6-x0.25_timeseries_spei12_timeseries_annual_2015-2100_median_ssp585_ensemble_all_mean/VNM?_format=json,기관 이용약관,"B-005_가뭄： 연속 건조일수(CDD), 표준강수지수(SPEI12), 토양수분.xlsx",1.1_observation(측정값),398,
B-005,"가뭄[연속 건조일수(CDD), 표준강수지수(SPEI12), 토양수분]",observation,vnm-v121-b-005-obs-399-773b7f2f007fcdcd,B-005_spei12_ssp585,VNM,2023,0.06,지수,,,,,,[전망치],World Bank CCKP (CMIP6 x0.25),https://cckpapi.worldbank.org/cckp/v1/cmip6-x0.25_timeseries_spei12_timeseries_annual_2015-2100_median_ssp585_ensemble_all_mean/VNM?_format=json,기관 이용약관,"B-005_가뭄： 연속 건조일수(CDD), 표준강수지수(SPEI12), 토양수분.xlsx",1.1_observation(측정값),399,
B-005,"가뭄[연속 건조일수(CDD), 표준강수지수(SPEI12), 토양수분]",observation,vnm-v121-b-005-obs-400-0bb7f1b29cdb3480,B-005_spei12_ssp585,VNM,2024,-0.08,지수,,,,,,[전망치],World Bank CCKP (CMIP6 x0.25),https://cckpapi.worldbank.org/cckp/v1/cmip6-x0.25_timeseries_spei12_timeseries_annual_2015-2100_median_ssp585_ensemble_all_mean/VNM?_format=json,기관 이용약관,"B-005_가뭄： 연속 건조일수(CDD), 표준강수지수(SPEI12), 토양수분.xlsx",1.1_observation(측정값),400,
B-005,"가뭄[연속 건조일수(CDD), 표준강수지수(SPEI12), 토양수분]",observation,vnm-v121-b-005-obs-401-d9538e8c6992ed97,B-005_spei12_ssp585,VNM,2025,0.05,지수,,,,,,[전망치],World Bank CCKP (CMIP6 x0.25),https://cckpapi.worldbank.org/cckp/v1/cmip6-x0.25_timeseries_spei12_timeseries_annual_2015-2100_median_ssp585_ensemble_all_mean/VNM?_format=json,기관 이용약관,"B-005_가뭄： 연속 건조일수(CDD), 표준강수지수(SPEI12), 토양수분.xlsx",1.1_observation(측정값),401,
B-005,"가뭄[연속 건조일수(CDD), 표준강수지수(SPEI12), 토양수분]",observation,vnm-v121-b-005-obs-402-bfaa101dc6ea8264,B-005_spei12_ssp585,VNM,2026,0.1,지수,,,,,,[전망치],World Bank CCKP (CMIP6 x0.25),https://cckpapi.worldbank.org/cckp/v1/cmip6-x0.25_timeseries_spei12_timeseries_annual_2015-2100_median_ssp585_ensemble_all_mean/VNM?_format=json,기관 이용약관,"B-005_가뭄： 연속 건조일수(CDD), 표준강수지수(SPEI12), 토양수분.xlsx",1.1_observation(측정값),402,
B-005,"가뭄[연속 건조일수(CDD), 표준강수지수(SPEI12), 토양수분]",observation,vnm-v121-b-005-obs-403-4ca17246fc5da511,B-005_spei12_ssp585,VNM,2027,0.02,지수,,,,,,[전망치],World Bank CCKP (CMIP6 x0.25),https://cckpapi.worldbank.org/cckp/v1/cmip6-x0.25_timeseries_spei12_timeseries_annual_2015-2100_median_ssp585_ensemble_all_mean/VNM?_format=json,기관 이용약관,"B-005_가뭄： 연속 건조일수(CDD), 표준강수지수(SPEI12), 토양수분.xlsx",1.1_observation(측정값),403,
B-005,"가뭄[연속 건조일수(CDD), 표준강수지수(SPEI12), 토양수분]",observation,vnm-v121-b-005-obs-404-eeeba457a570ff9a,B-005_spei12_ssp585,VNM,2028,0.06,지수,,,,,,[전망치],World Bank CCKP (CMIP6 x0.25),https://cckpapi.worldbank.org/cckp/v1/cmip6-x0.25_timeseries_spei12_timeseries_annual_2015-2100_median_ssp585_ensemble_all_mean/VNM?_format=json,기관 이용약관,"B-005_가뭄： 연속 건조일수(CDD), 표준강수지수(SPEI12), 토양수분.xlsx",1.1_observation(측정값),404,
B-005,"가뭄[연속 건조일수(CDD), 표준강수지수(SPEI12), 토양수분]",observation,vnm-v121-b-005-obs-405-f473f118df9b0705,B-005_spei12_ssp585,VNM,2029,-0.03,지수,,,,,,[전망치],World Bank CCKP (CMIP6 x0.25),https://cckpapi.worldbank.org/cckp/v1/cmip6-x0.25_timeseries_spei12_timeseries_annual_2015-2100_median_ssp585_ensemble_all_mean/VNM?_format=json,기관 이용약관,"B-005_가뭄： 연속 건조일수(CDD), 표준강수지수(SPEI12), 토양수분.xlsx",1.1_observation(측정값),405,
B-005,"가뭄[연속 건조일수(CDD), 표준강수지수(SPEI12), 토양수분]",observation,vnm-v121-b-005-obs-406-235384715f56f7fb,B-005_spei12_ssp585,VNM,2030,-0.09,지수,,,,,,[전망치],World Bank CCKP (CMIP6 x0.25),https://cckpapi.worldbank.org/cckp/v1/cmip6-x0.25_timeseries_spei12_timeseries_annual_2015-2100_median_ssp585_ensemble_all_mean/VNM?_format=json,기관 이용약관,"B-005_가뭄： 연속 건조일수(CDD), 표준강수지수(SPEI12), 토양수분.xlsx",1.1_observation(측정값),406,
B-005,"가뭄[연속 건조일수(CDD), 표준강수지수(SPEI12), 토양수분]",observation,vnm-v121-b-005-obs-407-57bc88a1c46f471d,B-005_spei12_ssp585,VNM,2031,-0.07,지수,,,,,,[전망치],World Bank CCKP (CMIP6 x0.25),https://cckpapi.worldbank.org/cckp/v1/cmip6-x0.25_timeseries_spei12_timeseries_annual_2015-2100_median_ssp585_ensemble_all_mean/VNM?_format=json,기관 이용약관,"B-005_가뭄： 연속 건조일수(CDD), 표준강수지수(SPEI12), 토양수분.xlsx",1.1_observation(측정값),407,
B-005,"가뭄[연속 건조일수(CDD), 표준강수지수(SPEI12), 토양수분]",observation,vnm-v121-b-005-obs-408-0a48eec02d86e5a0,B-005_spei12_ssp585,VNM,2032,-0.03,지수,,,,,,[전망치],World Bank CCKP (CMIP6 x0.25),https://cckpapi.worldbank.org/cckp/v1/cmip6-x0.25_timeseries_spei12_timeseries_annual_2015-2100_median_ssp585_ensemble_all_mean/VNM?_format=json,기관 이용약관,"B-005_가뭄： 연속 건조일수(CDD), 표준강수지수(SPEI12), 토양수분.xlsx",1.1_observation(측정값),408,
B-005,"가뭄[연속 건조일수(CDD), 표준강수지수(SPEI12), 토양수분]",observation,vnm-v121-b-005-obs-409-3b6863e2dee3736f,B-005_spei12_ssp585,VNM,2033,-0.07,지수,,,,,,[전망치],World Bank CCKP (CMIP6 x0.25),https://cckpapi.worldbank.org/cckp/v1/cmip6-x0.25_timeseries_spei12_timeseries_annual_2015-2100_median_ssp585_ensemble_all_mean/VNM?_format=json,기관 이용약관,"B-005_가뭄： 연속 건조일수(CDD), 표준강수지수(SPEI12), 토양수분.xlsx",1.1_observation(측정값),409,
B-005,"가뭄[연속 건조일수(CDD), 표준강수지수(SPEI12), 토양수분]",observation,vnm-v121-b-005-obs-410-c39890694ecef763,B-005_spei12_ssp585,VNM,2034,0.08,지수,,,,,,[전망치],World Bank CCKP (CMIP6 x0.25),https://cckpapi.worldbank.org/cckp/v1/cmip6-x0.25_timeseries_spei12_timeseries_annual_2015-2100_median_ssp585_ensemble_all_mean/VNM?_format=json,기관 이용약관,"B-005_가뭄： 연속 건조일수(CDD), 표준강수지수(SPEI12), 토양수분.xlsx",1.1_observation(측정값),410,
B-005,"가뭄[연속 건조일수(CDD), 표준강수지수(SPEI12), 토양수분]",observation,vnm-v121-b-005-obs-411-c1b019871ffdeea9,B-005_spei12_ssp585,VNM,2035,0.21,지수,,,,,,[전망치],World Bank CCKP (CMIP6 x0.25),https://cckpapi.worldbank.org/cckp/v1/cmip6-x0.25_timeseries_spei12_timeseries_annual_2015-2100_median_ssp585_ensemble_all_mean/VNM?_format=json,기관 이용약관,"B-005_가뭄： 연속 건조일수(CDD), 표준강수지수(SPEI12), 토양수분.xlsx",1.1_observation(측정값),411,
B-005,"가뭄[연속 건조일수(CDD), 표준강수지수(SPEI12), 토양수분]",observation,vnm-v121-b-005-obs-412-6e4d42d325c697d1,B-005_spei12_ssp585,VNM,2036,-0.07,지수,,,,,,[전망치],World Bank CCKP (CMIP6 x0.25),https://cckpapi.worldbank.org/cckp/v1/cmip6-x0.25_timeseries_spei12_timeseries_annual_2015-2100_median_ssp585_ensemble_all_mean/VNM?_format=json,기관 이용약관,"B-005_가뭄： 연속 건조일수(CDD), 표준강수지수(SPEI12), 토양수분.xlsx",1.1_observation(측정값),412,
B-005,"가뭄[연속 건조일수(CDD), 표준강수지수(SPEI12), 토양수분]",observation,vnm-v121-b-005-obs-413-3f250c550e129be3,B-005_spei12_ssp585,VNM,2037,0.1,지수,,,,,,[전망치],World Bank CCKP (CMIP6 x0.25),https://cckpapi.worldbank.org/cckp/v1/cmip6-x0.25_timeseries_spei12_timeseries_annual_2015-2100_median_ssp585_ensemble_all_mean/VNM?_format=json,기관 이용약관,"B-005_가뭄： 연속 건조일수(CDD), 표준강수지수(SPEI12), 토양수분.xlsx",1.1_observation(측정값),413,
B-005,"가뭄[연속 건조일수(CDD), 표준강수지수(SPEI12), 토양수분]",observation,vnm-v121-b-005-obs-414-66fcb3cce113fede,B-005_spei12_ssp585,VNM,2038,-0.02,지수,,,,,,[전망치],World Bank CCKP (CMIP6 x0.25),https://cckpapi.worldbank.org/cckp/v1/cmip6-x0.25_timeseries_spei12_timeseries_annual_2015-2100_median_ssp585_ensemble_all_mean/VNM?_format=json,기관 이용약관,"B-005_가뭄： 연속 건조일수(CDD), 표준강수지수(SPEI12), 토양수분.xlsx",1.1_observation(측정값),414,
B-005,"가뭄[연속 건조일수(CDD), 표준강수지수(SPEI12), 토양수분]",observation,vnm-v121-b-005-obs-415-eb40b490fd8722e5,B-005_spei12_ssp585,VNM,2039,-0.09,지수,,,,,,[전망치],World Bank CCKP (CMIP6 x0.25),https://cckpapi.worldbank.org/cckp/v1/cmip6-x0.25_timeseries_spei12_timeseries_annual_2015-2100_median_ssp585_ensemble_all_mean/VNM?_format=json,기관 이용약관,"B-005_가뭄： 연속 건조일수(CDD), 표준강수지수(SPEI12), 토양수분.xlsx",1.1_observation(측정값),415,
B-005,"가뭄[연속 건조일수(CDD), 표준강수지수(SPEI12), 토양수분]",observation,vnm-v121-b-005-obs-416-7b29e74c96151224,B-005_spei12_ssp585,VNM,2040,-0.28,지수,,,,,,[전망치],World Bank CCKP (CMIP6 x0.25),https://cckpapi.worldbank.org/cckp/v1/cmip6-x0.25_timeseries_spei12_timeseries_annual_2015-2100_median_ssp585_ensemble_all_mean/VNM?_format=json,기관 이용약관,"B-005_가뭄： 연속 건조일수(CDD), 표준강수지수(SPEI12), 토양수분.xlsx",1.1_observation(측정값),416,
B-005,"가뭄[연속 건조일수(CDD), 표준강수지수(SPEI12), 토양수분]",observation,vnm-v121-b-005-obs-417-668a41e8dc1b7c4a,B-005_spei12_ssp585,VNM,2041,-0.19,지수,,,,,,[전망치],World Bank CCKP (CMIP6 x0.25),https://cckpapi.worldbank.org/cckp/v1/cmip6-x0.25_timeseries_spei12_timeseries_annual_2015-2100_median_ssp585_ensemble_all_mean/VNM?_format=json,기관 이용약관,"B-005_가뭄： 연속 건조일수(CDD), 표준강수지수(SPEI12), 토양수분.xlsx",1.1_observation(측정값),417,
B-005,"가뭄[연속 건조일수(CDD), 표준강수지수(SPEI12), 토양수분]",observation,vnm-v121-b-005-obs-418-f54ddfa85739eae4,B-005_spei12_ssp585,VNM,2042,-0.07,지수,,,,,,[전망치],World Bank CCKP (CMIP6 x0.25),https://cckpapi.worldbank.org/cckp/v1/cmip6-x0.25_timeseries_spei12_timeseries_annual_2015-2100_median_ssp585_ensemble_all_mean/VNM?_format=json,기관 이용약관,"B-005_가뭄： 연속 건조일수(CDD), 표준강수지수(SPEI12), 토양수분.xlsx",1.1_observation(측정값),418,
B-005,"가뭄[연속 건조일수(CDD), 표준강수지수(SPEI12), 토양수분]",observation,vnm-v121-b-005-obs-419-db1f3e9d29125be5,B-005_spei12_ssp585,VNM,2043,-0.17,지수,,,,,,[전망치],World Bank CCKP (CMIP6 x0.25),https://cckpapi.worldbank.org/cckp/v1/cmip6-x0.25_timeseries_spei12_timeseries_annual_2015-2100_median_ssp585_ensemble_all_mean/VNM?_format=json,기관 이용약관,"B-005_가뭄： 연속 건조일수(CDD), 표준강수지수(SPEI12), 토양수분.xlsx",1.1_observation(측정값),419,
B-005,"가뭄[연속 건조일수(CDD), 표준강수지수(SPEI12), 토양수분]",observation,vnm-v121-b-005-obs-420-6e257bc30231af58,B-005_spei12_ssp585,VNM,2044,-0.3,지수,,,,,,[전망치],World Bank CCKP (CMIP6 x0.25),https://cckpapi.worldbank.org/cckp/v1/cmip6-x0.25_timeseries_spei12_timeseries_annual_2015-2100_median_ssp585_ensemble_all_mean/VNM?_format=json,기관 이용약관,"B-005_가뭄： 연속 건조일수(CDD), 표준강수지수(SPEI12), 토양수분.xlsx",1.1_observation(측정값),420,
B-005,"가뭄[연속 건조일수(CDD), 표준강수지수(SPEI12), 토양수분]",observation,vnm-v121-b-005-obs-421-b038c2349a2954f0,B-005_spei12_ssp585,VNM,2045,-0.23,지수,,,,,,[전망치],World Bank CCKP (CMIP6 x0.25),https://cckpapi.worldbank.org/cckp/v1/cmip6-x0.25_timeseries_spei12_timeseries_annual_2015-2100_median_ssp585_ensemble_all_mean/VNM?_format=json,기관 이용약관,"B-005_가뭄： 연속 건조일수(CDD), 표준강수지수(SPEI12), 토양수분.xlsx",1.1_observation(측정값),421,
B-005,"가뭄[연속 건조일수(CDD), 표준강수지수(SPEI12), 토양수분]",observation,vnm-v121-b-005-obs-422-4f0c5078306f29d0,B-005_spei12_ssp585,VNM,2046,-0.08,지수,,,,,,[전망치],World Bank CCKP (CMIP6 x0.25),https://cckpapi.worldbank.org/cckp/v1/cmip6-x0.25_timeseries_spei12_timeseries_annual_2015-2100_median_ssp585_ensemble_all_mean/VNM?_format=json,기관 이용약관,"B-005_가뭄： 연속 건조일수(CDD), 표준강수지수(SPEI12), 토양수분.xlsx",1.1_observation(측정값),422,
B-005,"가뭄[연속 건조일수(CDD), 표준강수지수(SPEI12), 토양수분]",observation,vnm-v121-b-005-obs-423-ea79d09ab4357408,B-005_spei12_ssp585,VNM,2047,0.06,지수,,,,,,[전망치],World Bank CCKP (CMIP6 x0.25),https://cckpapi.worldbank.org/cckp/v1/cmip6-x0.25_timeseries_spei12_timeseries_annual_2015-2100_median_ssp585_ensemble_all_mean/VNM?_format=json,기관 이용약관,"B-005_가뭄： 연속 건조일수(CDD), 표준강수지수(SPEI12), 토양수분.xlsx",1.1_observation(측정값),423,
B-005,"가뭄[연속 건조일수(CDD), 표준강수지수(SPEI12), 토양수분]",observation,vnm-v121-b-005-obs-424-9d4674fd9d633f38,B-005_spei12_ssp585,VNM,2048,0.14,지수,,,,,,[전망치],World Bank CCKP (CMIP6 x0.25),https://cckpapi.worldbank.org/cckp/v1/cmip6-x0.25_timeseries_spei12_timeseries_annual_2015-2100_median_ssp585_ensemble_all_mean/VNM?_format=json,기관 이용약관,"B-005_가뭄： 연속 건조일수(CDD), 표준강수지수(SPEI12), 토양수분.xlsx",1.1_observation(측정값),424,
B-005,"가뭄[연속 건조일수(CDD), 표준강수지수(SPEI12), 토양수분]",observation,vnm-v121-b-005-obs-425-3dd77a5c0eaf5d01,B-005_spei12_ssp585,VNM,2049,0.08,지수,,,,,,[전망치],World Bank CCKP (CMIP6 x0.25),https://cckpapi.worldbank.org/cckp/v1/cmip6-x0.25_timeseries_spei12_timeseries_annual_2015-2100_median_ssp585_ensemble_all_mean/VNM?_format=json,기관 이용약관,"B-005_가뭄： 연속 건조일수(CDD), 표준강수지수(SPEI12), 토양수분.xlsx",1.1_observation(측정값),425,
B-005,"가뭄[연속 건조일수(CDD), 표준강수지수(SPEI12), 토양수분]",observation,vnm-v121-b-005-obs-426-5db35e870629eb9a,B-005_spei12_ssp585,VNM,2050,0.1,지수,,,,,,[전망치],World Bank CCKP (CMIP6 x0.25),https://cckpapi.worldbank.org/cckp/v1/cmip6-x0.25_timeseries_spei12_timeseries_annual_2015-2100_median_ssp585_ensemble_all_mean/VNM?_format=json,기관 이용약관,"B-005_가뭄： 연속 건조일수(CDD), 표준강수지수(SPEI12), 토양수분.xlsx",1.1_observation(측정값),426,
B-005,"가뭄[연속 건조일수(CDD), 표준강수지수(SPEI12), 토양수분]",observation,vnm-v121-b-005-obs-427-05691859fce8850e,B-005_spei12_ssp585,VNM,2051,0.03,지수,,,,,,[전망치],World Bank CCKP (CMIP6 x0.25),https://cckpapi.worldbank.org/cckp/v1/cmip6-x0.25_timeseries_spei12_timeseries_annual_2015-2100_median_ssp585_ensemble_all_mean/VNM?_format=json,기관 이용약관,"B-005_가뭄： 연속 건조일수(CDD), 표준강수지수(SPEI12), 토양수분.xlsx",1.1_observation(측정값),427,
B-005,"가뭄[연속 건조일수(CDD), 표준강수지수(SPEI12), 토양수분]",observation,vnm-v121-b-005-obs-428-098804a5e8cfc11f,B-005_spei12_ssp585,VNM,2052,-0.19,지수,,,,,,[전망치],World Bank CCKP (CMIP6 x0.25),https://cckpapi.worldbank.org/cckp/v1/cmip6-x0.25_timeseries_spei12_timeseries_annual_2015-2100_median_ssp585_ensemble_all_mean/VNM?_format=json,기관 이용약관,"B-005_가뭄： 연속 건조일수(CDD), 표준강수지수(SPEI12), 토양수분.xlsx",1.1_observation(측정값),428,
B-005,"가뭄[연속 건조일수(CDD), 표준강수지수(SPEI12), 토양수분]",observation,vnm-v121-b-005-obs-429-618ad7ae3577b51c,B-005_spei12_ssp585,VNM,2053,0.2,지수,,,,,,[전망치],World Bank CCKP (CMIP6 x0.25),https://cckpapi.worldbank.org/cckp/v1/cmip6-x0.25_timeseries_spei12_timeseries_annual_2015-2100_median_ssp585_ensemble_all_mean/VNM?_format=json,기관 이용약관,"B-005_가뭄： 연속 건조일수(CDD), 표준강수지수(SPEI12), 토양수분.xlsx",1.1_observation(측정값),429,
B-005,"가뭄[연속 건조일수(CDD), 표준강수지수(SPEI12), 토양수분]",observation,vnm-v121-b-005-obs-430-d078558e8482a028,B-005_spei12_ssp585,VNM,2054,-0.04,지수,,,,,,[전망치],World Bank CCKP (CMIP6 x0.25),https://cckpapi.worldbank.org/cckp/v1/cmip6-x0.25_timeseries_spei12_timeseries_annual_2015-2100_median_ssp585_ensemble_all_mean/VNM?_format=json,기관 이용약관,"B-005_가뭄： 연속 건조일수(CDD), 표준강수지수(SPEI12), 토양수분.xlsx",1.1_observation(측정값),430,
B-005,"가뭄[연속 건조일수(CDD), 표준강수지수(SPEI12), 토양수분]",observation,vnm-v121-b-005-obs-431-f55f62d714de7f8c,B-005_spei12_ssp585,VNM,2055,-0.1,지수,,,,,,[전망치],World Bank CCKP (CMIP6 x0.25),https://cckpapi.worldbank.org/cckp/v1/cmip6-x0.25_timeseries_spei12_timeseries_annual_2015-2100_median_ssp585_ensemble_all_mean/VNM?_format=json,기관 이용약관,"B-005_가뭄： 연속 건조일수(CDD), 표준강수지수(SPEI12), 토양수분.xlsx",1.1_observation(측정값),431,
B-005,"가뭄[연속 건조일수(CDD), 표준강수지수(SPEI12), 토양수분]",observation,vnm-v121-b-005-obs-432-07c8f52fe1108ae5,B-005_spei12_ssp585,VNM,2056,-0.23,지수,,,,,,[전망치],World Bank CCKP (CMIP6 x0.25),https://cckpapi.worldbank.org/cckp/v1/cmip6-x0.25_timeseries_spei12_timeseries_annual_2015-2100_median_ssp585_ensemble_all_mean/VNM?_format=json,기관 이용약관,"B-005_가뭄： 연속 건조일수(CDD), 표준강수지수(SPEI12), 토양수분.xlsx",1.1_observation(측정값),432,
B-005,"가뭄[연속 건조일수(CDD), 표준강수지수(SPEI12), 토양수분]",observation,vnm-v121-b-005-obs-433-5c06acefcb5c6c0a,B-005_spei12_ssp585,VNM,2057,0.04,지수,,,,,,[전망치],World Bank CCKP (CMIP6 x0.25),https://cckpapi.worldbank.org/cckp/v1/cmip6-x0.25_timeseries_spei12_timeseries_annual_2015-2100_median_ssp585_ensemble_all_mean/VNM?_format=json,기관 이용약관,"B-005_가뭄： 연속 건조일수(CDD), 표준강수지수(SPEI12), 토양수분.xlsx",1.1_observation(측정값),433,
B-005,"가뭄[연속 건조일수(CDD), 표준강수지수(SPEI12), 토양수분]",observation,vnm-v121-b-005-obs-434-7eaa2845ab97b77d,B-005_spei12_ssp585,VNM,2058,0.03,지수,,,,,,[전망치],World Bank CCKP (CMIP6 x0.25),https://cckpapi.worldbank.org/cckp/v1/cmip6-x0.25_timeseries_spei12_timeseries_annual_2015-2100_median_ssp585_ensemble_all_mean/VNM?_format=json,기관 이용약관,"B-005_가뭄： 연속 건조일수(CDD), 표준강수지수(SPEI12), 토양수분.xlsx",1.1_observation(측정값),434,
B-005,"가뭄[연속 건조일수(CDD), 표준강수지수(SPEI12), 토양수분]",observation,vnm-v121-b-005-obs-435-c02755689a798f66,B-005_spei12_ssp585,VNM,2059,0.03,지수,,,,,,[전망치],World Bank CCKP (CMIP6 x0.25),https://cckpapi.worldbank.org/cckp/v1/cmip6-x0.25_timeseries_spei12_timeseries_annual_2015-2100_median_ssp585_ensemble_all_mean/VNM?_format=json,기관 이용약관,"B-005_가뭄： 연속 건조일수(CDD), 표준강수지수(SPEI12), 토양수분.xlsx",1.1_observation(측정값),435,
B-005,"가뭄[연속 건조일수(CDD), 표준강수지수(SPEI12), 토양수분]",observation,vnm-v121-b-005-obs-436-a6dae0ba56b8d274,B-005_spei12_ssp585,VNM,2060,-0.01,지수,,,,,,[전망치],World Bank CCKP (CMIP6 x0.25),https://cckpapi.worldbank.org/cckp/v1/cmip6-x0.25_timeseries_spei12_timeseries_annual_2015-2100_median_ssp585_ensemble_all_mean/VNM?_format=json,기관 이용약관,"B-005_가뭄： 연속 건조일수(CDD), 표준강수지수(SPEI12), 토양수분.xlsx",1.1_observation(측정값),436,
B-005,"가뭄[연속 건조일수(CDD), 표준강수지수(SPEI12), 토양수분]",observation,vnm-v121-b-005-obs-437-8c0f7096a4a5d541,B-005_spei12_ssp585,VNM,2061,-0.1,지수,,,,,,[전망치],World Bank CCKP (CMIP6 x0.25),https://cckpapi.worldbank.org/cckp/v1/cmip6-x0.25_timeseries_spei12_timeseries_annual_2015-2100_median_ssp585_ensemble_all_mean/VNM?_format=json,기관 이용약관,"B-005_가뭄： 연속 건조일수(CDD), 표준강수지수(SPEI12), 토양수분.xlsx",1.1_observation(측정값),437,
B-005,"가뭄[연속 건조일수(CDD), 표준강수지수(SPEI12), 토양수분]",observation,vnm-v121-b-005-obs-438-56c0d2b11316dd5a,B-005_spei12_ssp585,VNM,2062,-0.1,지수,,,,,,[전망치],World Bank CCKP (CMIP6 x0.25),https://cckpapi.worldbank.org/cckp/v1/cmip6-x0.25_timeseries_spei12_timeseries_annual_2015-2100_median_ssp585_ensemble_all_mean/VNM?_format=json,기관 이용약관,"B-005_가뭄： 연속 건조일수(CDD), 표준강수지수(SPEI12), 토양수분.xlsx",1.1_observation(측정값),438,
B-005,"가뭄[연속 건조일수(CDD), 표준강수지수(SPEI12), 토양수분]",observation,vnm-v121-b-005-obs-439-09f92b4fd5603142,B-005_spei12_ssp585,VNM,2063,0.15,지수,,,,,,[전망치],World Bank CCKP (CMIP6 x0.25),https://cckpapi.worldbank.org/cckp/v1/cmip6-x0.25_timeseries_spei12_timeseries_annual_2015-2100_median_ssp585_ensemble_all_mean/VNM?_format=json,기관 이용약관,"B-005_가뭄： 연속 건조일수(CDD), 표준강수지수(SPEI12), 토양수분.xlsx",1.1_observation(측정값),439,
B-005,"가뭄[연속 건조일수(CDD), 표준강수지수(SPEI12), 토양수분]",observation,vnm-v121-b-005-obs-440-84b638f5ed1947a9,B-005_spei12_ssp585,VNM,2064,0.02,지수,,,,,,[전망치],World Bank CCKP (CMIP6 x0.25),https://cckpapi.worldbank.org/cckp/v1/cmip6-x0.25_timeseries_spei12_timeseries_annual_2015-2100_median_ssp585_ensemble_all_mean/VNM?_format=json,기관 이용약관,"B-005_가뭄： 연속 건조일수(CDD), 표준강수지수(SPEI12), 토양수분.xlsx",1.1_observation(측정값),440,
B-005,"가뭄[연속 건조일수(CDD), 표준강수지수(SPEI12), 토양수분]",observation,vnm-v121-b-005-obs-441-db42d54e4d83c304,B-005_spei12_ssp585,VNM,2065,0.06,지수,,,,,,[전망치],World Bank CCKP (CMIP6 x0.25),https://cckpapi.worldbank.org/cckp/v1/cmip6-x0.25_timeseries_spei12_timeseries_annual_2015-2100_median_ssp585_ensemble_all_mean/VNM?_format=json,기관 이용약관,"B-005_가뭄： 연속 건조일수(CDD), 표준강수지수(SPEI12), 토양수분.xlsx",1.1_observation(측정값),441,
B-005,"가뭄[연속 건조일수(CDD), 표준강수지수(SPEI12), 토양수분]",observation,vnm-v121-b-005-obs-442-9967f568c71c5142,B-005_spei12_ssp585,VNM,2066,-0.05,지수,,,,,,[전망치],World Bank CCKP (CMIP6 x0.25),https://cckpapi.worldbank.org/cckp/v1/cmip6-x0.25_timeseries_spei12_timeseries_annual_2015-2100_median_ssp585_ensemble_all_mean/VNM?_format=json,기관 이용약관,"B-005_가뭄： 연속 건조일수(CDD), 표준강수지수(SPEI12), 토양수분.xlsx",1.1_observation(측정값),442,
B-005,"가뭄[연속 건조일수(CDD), 표준강수지수(SPEI12), 토양수분]",observation,vnm-v121-b-005-obs-443-196fa1ac1ec6be35,B-005_spei12_ssp585,VNM,2067,-0.03,지수,,,,,,[전망치],World Bank CCKP (CMIP6 x0.25),https://cckpapi.worldbank.org/cckp/v1/cmip6-x0.25_timeseries_spei12_timeseries_annual_2015-2100_median_ssp585_ensemble_all_mean/VNM?_format=json,기관 이용약관,"B-005_가뭄： 연속 건조일수(CDD), 표준강수지수(SPEI12), 토양수분.xlsx",1.1_observation(측정값),443,
B-005,"가뭄[연속 건조일수(CDD), 표준강수지수(SPEI12), 토양수분]",observation,vnm-v121-b-005-obs-444-a6673132660e9457,B-005_spei12_ssp585,VNM,2068,-0.18,지수,,,,,,[전망치],World Bank CCKP (CMIP6 x0.25),https://cckpapi.worldbank.org/cckp/v1/cmip6-x0.25_timeseries_spei12_timeseries_annual_2015-2100_median_ssp585_ensemble_all_mean/VNM?_format=json,기관 이용약관,"B-005_가뭄： 연속 건조일수(CDD), 표준강수지수(SPEI12), 토양수분.xlsx",1.1_observation(측정값),444,
B-005,"가뭄[연속 건조일수(CDD), 표준강수지수(SPEI12), 토양수분]",observation,vnm-v121-b-005-obs-445-37f9e335d34e5d27,B-005_spei12_ssp585,VNM,2069,-0.15,지수,,,,,,[전망치],World Bank CCKP (CMIP6 x0.25),https://cckpapi.worldbank.org/cckp/v1/cmip6-x0.25_timeseries_spei12_timeseries_annual_2015-2100_median_ssp585_ensemble_all_mean/VNM?_format=json,기관 이용약관,"B-005_가뭄： 연속 건조일수(CDD), 표준강수지수(SPEI12), 토양수분.xlsx",1.1_observation(측정값),445,
B-005,"가뭄[연속 건조일수(CDD), 표준강수지수(SPEI12), 토양수분]",observation,vnm-v121-b-005-obs-446-336b35bbcef4503f,B-005_spei12_ssp585,VNM,2070,-0.46,지수,,,,,,[전망치],World Bank CCKP (CMIP6 x0.25),https://cckpapi.worldbank.org/cckp/v1/cmip6-x0.25_timeseries_spei12_timeseries_annual_2015-2100_median_ssp585_ensemble_all_mean/VNM?_format=json,기관 이용약관,"B-005_가뭄： 연속 건조일수(CDD), 표준강수지수(SPEI12), 토양수분.xlsx",1.1_observation(측정값),446,
B-005,"가뭄[연속 건조일수(CDD), 표준강수지수(SPEI12), 토양수분]",observation,vnm-v121-b-005-obs-447-32a55c9616808287,B-005_spei12_ssp585,VNM,2071,-0.35,지수,,,,,,[전망치],World Bank CCKP (CMIP6 x0.25),https://cckpapi.worldbank.org/cckp/v1/cmip6-x0.25_timeseries_spei12_timeseries_annual_2015-2100_median_ssp585_ensemble_all_mean/VNM?_format=json,기관 이용약관,"B-005_가뭄： 연속 건조일수(CDD), 표준강수지수(SPEI12), 토양수분.xlsx",1.1_observation(측정값),447,
B-005,"가뭄[연속 건조일수(CDD), 표준강수지수(SPEI12), 토양수분]",observation,vnm-v121-b-005-obs-448-784696e7fc296de4,B-005_spei12_ssp585,VNM,2072,-0.05,지수,,,,,,[전망치],World Bank CCKP (CMIP6 x0.25),https://cckpapi.worldbank.org/cckp/v1/cmip6-x0.25_timeseries_spei12_timeseries_annual_2015-2100_median_ssp585_ensemble_all_mean/VNM?_format=json,기관 이용약관,"B-005_가뭄： 연속 건조일수(CDD), 표준강수지수(SPEI12), 토양수분.xlsx",1.1_observation(측정값),448,
B-005,"가뭄[연속 건조일수(CDD), 표준강수지수(SPEI12), 토양수분]",observation,vnm-v121-b-005-obs-449-4f5808666e4fa407,B-005_spei12_ssp585,VNM,2073,-0.13,지수,,,,,,[전망치],World Bank CCKP (CMIP6 x0.25),https://cckpapi.worldbank.org/cckp/v1/cmip6-x0.25_timeseries_spei12_timeseries_annual_2015-2100_median_ssp585_ensemble_all_mean/VNM?_format=json,기관 이용약관,"B-005_가뭄： 연속 건조일수(CDD), 표준강수지수(SPEI12), 토양수분.xlsx",1.1_observation(측정값),449,
B-005,"가뭄[연속 건조일수(CDD), 표준강수지수(SPEI12), 토양수분]",observation,vnm-v121-b-005-obs-450-841c9fb39929473f,B-005_spei12_ssp585,VNM,2074,-0.07,지수,,,,,,[전망치],World Bank CCKP (CMIP6 x0.25),https://cckpapi.worldbank.org/cckp/v1/cmip6-x0.25_timeseries_spei12_timeseries_annual_2015-2100_median_ssp585_ensemble_all_mean/VNM?_format=json,기관 이용약관,"B-005_가뭄： 연속 건조일수(CDD), 표준강수지수(SPEI12), 토양수분.xlsx",1.1_observation(측정값),450,
B-005,"가뭄[연속 건조일수(CDD), 표준강수지수(SPEI12), 토양수분]",observation,vnm-v121-b-005-obs-451-69ad390a9e2a0da6,B-005_spei12_ssp585,VNM,2075,-0.15,지수,,,,,,[전망치],World Bank CCKP (CMIP6 x0.25),https://cckpapi.worldbank.org/cckp/v1/cmip6-x0.25_timeseries_spei12_timeseries_annual_2015-2100_median_ssp585_ensemble_all_mean/VNM?_format=json,기관 이용약관,"B-005_가뭄： 연속 건조일수(CDD), 표준강수지수(SPEI12), 토양수분.xlsx",1.1_observation(측정값),451,
B-005,"가뭄[연속 건조일수(CDD), 표준강수지수(SPEI12), 토양수분]",observation,vnm-v121-b-005-obs-452-5e66f988ea83b9ad,B-005_spei12_ssp585,VNM,2076,0.02,지수,,,,,,[전망치],World Bank CCKP (CMIP6 x0.25),https://cckpapi.worldbank.org/cckp/v1/cmip6-x0.25_timeseries_spei12_timeseries_annual_2015-2100_median_ssp585_ensemble_all_mean/VNM?_format=json,기관 이용약관,"B-005_가뭄： 연속 건조일수(CDD), 표준강수지수(SPEI12), 토양수분.xlsx",1.1_observation(측정값),452,
B-005,"가뭄[연속 건조일수(CDD), 표준강수지수(SPEI12), 토양수분]",observation,vnm-v121-b-005-obs-453-47f7a6c9eb5c882b,B-005_spei12_ssp585,VNM,2077,0.15,지수,,,,,,[전망치],World Bank CCKP (CMIP6 x0.25),https://cckpapi.worldbank.org/cckp/v1/cmip6-x0.25_timeseries_spei12_timeseries_annual_2015-2100_median_ssp585_ensemble_all_mean/VNM?_format=json,기관 이용약관,"B-005_가뭄： 연속 건조일수(CDD), 표준강수지수(SPEI12), 토양수분.xlsx",1.1_observation(측정값),453,
B-005,"가뭄[연속 건조일수(CDD), 표준강수지수(SPEI12), 토양수분]",observation,vnm-v121-b-005-obs-454-54b1f14d4c2e9aa4,B-005_spei12_ssp585,VNM,2078,0.21,지수,,,,,,[전망치],World Bank CCKP (CMIP6 x0.25),https://cckpapi.worldbank.org/cckp/v1/cmip6-x0.25_timeseries_spei12_timeseries_annual_2015-2100_median_ssp585_ensemble_all_mean/VNM?_format=json,기관 이용약관,"B-005_가뭄： 연속 건조일수(CDD), 표준강수지수(SPEI12), 토양수분.xlsx",1.1_observation(측정값),454,
B-005,"가뭄[연속 건조일수(CDD), 표준강수지수(SPEI12), 토양수분]",observation,vnm-v121-b-005-obs-455-3a54e5d38c2492ac,B-005_spei12_ssp585,VNM,2079,0.11,지수,,,,,,[전망치],World Bank CCKP (CMIP6 x0.25),https://cckpapi.worldbank.org/cckp/v1/cmip6-x0.25_timeseries_spei12_timeseries_annual_2015-2100_median_ssp585_ensemble_all_mean/VNM?_format=json,기관 이용약관,"B-005_가뭄： 연속 건조일수(CDD), 표준강수지수(SPEI12), 토양수분.xlsx",1.1_observation(측정값),455,
B-005,"가뭄[연속 건조일수(CDD), 표준강수지수(SPEI12), 토양수분]",observation,vnm-v121-b-005-obs-456-f20c67981af8d5fb,B-005_spei12_ssp585,VNM,2080,-0.04,지수,,,,,,[전망치],World Bank CCKP (CMIP6 x0.25),https://cckpapi.worldbank.org/cckp/v1/cmip6-x0.25_timeseries_spei12_timeseries_annual_2015-2100_median_ssp585_ensemble_all_mean/VNM?_format=json,기관 이용약관,"B-005_가뭄： 연속 건조일수(CDD), 표준강수지수(SPEI12), 토양수분.xlsx",1.1_observation(측정값),456,
B-005,"가뭄[연속 건조일수(CDD), 표준강수지수(SPEI12), 토양수분]",observation,vnm-v121-b-005-obs-457-36756b5daa458524,B-005_spei12_ssp585,VNM,2081,-0.39,지수,,,,,,[전망치],World Bank CCKP (CMIP6 x0.25),https://cckpapi.worldbank.org/cckp/v1/cmip6-x0.25_timeseries_spei12_timeseries_annual_2015-2100_median_ssp585_ensemble_all_mean/VNM?_format=json,기관 이용약관,"B-005_가뭄： 연속 건조일수(CDD), 표준강수지수(SPEI12), 토양수분.xlsx",1.1_observation(측정값),457,
B-005,"가뭄[연속 건조일수(CDD), 표준강수지수(SPEI12), 토양수분]",observation,vnm-v121-b-005-obs-458-faacd1c3979a32c2,B-005_spei12_ssp585,VNM,2082,-0.24,지수,,,,,,[전망치],World Bank CCKP (CMIP6 x0.25),https://cckpapi.worldbank.org/cckp/v1/cmip6-x0.25_timeseries_spei12_timeseries_annual_2015-2100_median_ssp585_ensemble_all_mean/VNM?_format=json,기관 이용약관,"B-005_가뭄： 연속 건조일수(CDD), 표준강수지수(SPEI12), 토양수분.xlsx",1.1_observation(측정값),458,
B-005,"가뭄[연속 건조일수(CDD), 표준강수지수(SPEI12), 토양수분]",observation,vnm-v121-b-005-obs-459-76cdc682c421027c,B-005_spei12_ssp585,VNM,2083,-0.09,지수,,,,,,[전망치],World Bank CCKP (CMIP6 x0.25),https://cckpapi.worldbank.org/cckp/v1/cmip6-x0.25_timeseries_spei12_timeseries_annual_2015-2100_median_ssp585_ensemble_all_mean/VNM?_format=json,기관 이용약관,"B-005_가뭄： 연속 건조일수(CDD), 표준강수지수(SPEI12), 토양수분.xlsx",1.1_observation(측정값),459,
B-005,"가뭄[연속 건조일수(CDD), 표준강수지수(SPEI12), 토양수분]",observation,vnm-v121-b-005-obs-460-aabe73858278f515,B-005_spei12_ssp585,VNM,2084,-0.09,지수,,,,,,[전망치],World Bank CCKP (CMIP6 x0.25),https://cckpapi.worldbank.org/cckp/v1/cmip6-x0.25_timeseries_spei12_timeseries_annual_2015-2100_median_ssp585_ensemble_all_mean/VNM?_format=json,기관 이용약관,"B-005_가뭄： 연속 건조일수(CDD), 표준강수지수(SPEI12), 토양수분.xlsx",1.1_observation(측정값),460,
B-005,"가뭄[연속 건조일수(CDD), 표준강수지수(SPEI12), 토양수분]",observation,vnm-v121-b-005-obs-461-7ec86bb2d6570993,B-005_spei12_ssp585,VNM,2085,0.09,지수,,,,,,[전망치],World Bank CCKP (CMIP6 x0.25),https://cckpapi.worldbank.org/cckp/v1/cmip6-x0.25_timeseries_spei12_timeseries_annual_2015-2100_median_ssp585_ensemble_all_mean/VNM?_format=json,기관 이용약관,"B-005_가뭄： 연속 건조일수(CDD), 표준강수지수(SPEI12), 토양수분.xlsx",1.1_observation(측정값),461,
B-005,"가뭄[연속 건조일수(CDD), 표준강수지수(SPEI12), 토양수분]",observation,vnm-v121-b-005-obs-462-1ea4e3bc711549ec,B-005_spei12_ssp585,VNM,2086,-0.41,지수,,,,,,[전망치],World Bank CCKP (CMIP6 x0.25),https://cckpapi.worldbank.org/cckp/v1/cmip6-x0.25_timeseries_spei12_timeseries_annual_2015-2100_median_ssp585_ensemble_all_mean/VNM?_format=json,기관 이용약관,"B-005_가뭄： 연속 건조일수(CDD), 표준강수지수(SPEI12), 토양수분.xlsx",1.1_observation(측정값),462,
B-005,"가뭄[연속 건조일수(CDD), 표준강수지수(SPEI12), 토양수분]",observation,vnm-v121-b-005-obs-463-472a2f8161f669a4,B-005_spei12_ssp585,VNM,2087,0.09,지수,,,,,,[전망치],World Bank CCKP (CMIP6 x0.25),https://cckpapi.worldbank.org/cckp/v1/cmip6-x0.25_timeseries_spei12_timeseries_annual_2015-2100_median_ssp585_ensemble_all_mean/VNM?_format=json,기관 이용약관,"B-005_가뭄： 연속 건조일수(CDD), 표준강수지수(SPEI12), 토양수분.xlsx",1.1_observation(측정값),463,
B-005,"가뭄[연속 건조일수(CDD), 표준강수지수(SPEI12), 토양수분]",observation,vnm-v121-b-005-obs-464-965e91ef4b932270,B-005_spei12_ssp585,VNM,2088,-0.21,지수,,,,,,[전망치],World Bank CCKP (CMIP6 x0.25),https://cckpapi.worldbank.org/cckp/v1/cmip6-x0.25_timeseries_spei12_timeseries_annual_2015-2100_median_ssp585_ensemble_all_mean/VNM?_format=json,기관 이용약관,"B-005_가뭄： 연속 건조일수(CDD), 표준강수지수(SPEI12), 토양수분.xlsx",1.1_observation(측정값),464,
B-005,"가뭄[연속 건조일수(CDD), 표준강수지수(SPEI12), 토양수분]",observation,vnm-v121-b-005-obs-465-1249b7540e61161a,B-005_spei12_ssp585,VNM,2089,-0.39,지수,,,,,,[전망치],World Bank CCKP (CMIP6 x0.25),https://cckpapi.worldbank.org/cckp/v1/cmip6-x0.25_timeseries_spei12_timeseries_annual_2015-2100_median_ssp585_ensemble_all_mean/VNM?_format=json,기관 이용약관,"B-005_가뭄： 연속 건조일수(CDD), 표준강수지수(SPEI12), 토양수분.xlsx",1.1_observation(측정값),465,
B-005,"가뭄[연속 건조일수(CDD), 표준강수지수(SPEI12), 토양수분]",observation,vnm-v121-b-005-obs-466-ae552e8f382dc693,B-005_spei12_ssp585,VNM,2090,-0.22,지수,,,,,,[전망치],World Bank CCKP (CMIP6 x0.25),https://cckpapi.worldbank.org/cckp/v1/cmip6-x0.25_timeseries_spei12_timeseries_annual_2015-2100_median_ssp585_ensemble_all_mean/VNM?_format=json,기관 이용약관,"B-005_가뭄： 연속 건조일수(CDD), 표준강수지수(SPEI12), 토양수분.xlsx",1.1_observation(측정값),466,
B-005,"가뭄[연속 건조일수(CDD), 표준강수지수(SPEI12), 토양수분]",observation,vnm-v121-b-005-obs-467-53ff271c6436085f,B-005_spei12_ssp585,VNM,2091,-0.17,지수,,,,,,[전망치],World Bank CCKP (CMIP6 x0.25),https://cckpapi.worldbank.org/cckp/v1/cmip6-x0.25_timeseries_spei12_timeseries_annual_2015-2100_median_ssp585_ensemble_all_mean/VNM?_format=json,기관 이용약관,"B-005_가뭄： 연속 건조일수(CDD), 표준강수지수(SPEI12), 토양수분.xlsx",1.1_observation(측정값),467,
B-005,"가뭄[연속 건조일수(CDD), 표준강수지수(SPEI12), 토양수분]",observation,vnm-v121-b-005-obs-468-31966689279defcf,B-005_spei12_ssp585,VNM,2092,-0.14,지수,,,,,,[전망치],World Bank CCKP (CMIP6 x0.25),https://cckpapi.worldbank.org/cckp/v1/cmip6-x0.25_timeseries_spei12_timeseries_annual_2015-2100_median_ssp585_ensemble_all_mean/VNM?_format=json,기관 이용약관,"B-005_가뭄： 연속 건조일수(CDD), 표준강수지수(SPEI12), 토양수분.xlsx",1.1_observation(측정값),468,
B-005,"가뭄[연속 건조일수(CDD), 표준강수지수(SPEI12), 토양수분]",observation,vnm-v121-b-005-obs-469-388fbed24c4c5868,B-005_spei12_ssp585,VNM,2093,-0.18,지수,,,,,,[전망치],World Bank CCKP (CMIP6 x0.25),https://cckpapi.worldbank.org/cckp/v1/cmip6-x0.25_timeseries_spei12_timeseries_annual_2015-2100_median_ssp585_ensemble_all_mean/VNM?_format=json,기관 이용약관,"B-005_가뭄： 연속 건조일수(CDD), 표준강수지수(SPEI12), 토양수분.xlsx",1.1_observation(측정값),469,
B-005,"가뭄[연속 건조일수(CDD), 표준강수지수(SPEI12), 토양수분]",observation,vnm-v121-b-005-obs-470-7b1d836343db1806,B-005_spei12_ssp585,VNM,2094,-0.41,지수,,,,,,[전망치],World Bank CCKP (CMIP6 x0.25),https://cckpapi.worldbank.org/cckp/v1/cmip6-x0.25_timeseries_spei12_timeseries_annual_2015-2100_median_ssp585_ensemble_all_mean/VNM?_format=json,기관 이용약관,"B-005_가뭄： 연속 건조일수(CDD), 표준강수지수(SPEI12), 토양수분.xlsx",1.1_observation(측정값),470,
B-005,"가뭄[연속 건조일수(CDD), 표준강수지수(SPEI12), 토양수분]",observation,vnm-v121-b-005-obs-471-f6be27f8ded40faf,B-005_spei12_ssp585,VNM,2095,-0.3,지수,,,,,,[전망치],World Bank CCKP (CMIP6 x0.25),https://cckpapi.worldbank.org/cckp/v1/cmip6-x0.25_timeseries_spei12_timeseries_annual_2015-2100_median_ssp585_ensemble_all_mean/VNM?_format=json,기관 이용약관,"B-005_가뭄： 연속 건조일수(CDD), 표준강수지수(SPEI12), 토양수분.xlsx",1.1_observation(측정값),471,
B-005,"가뭄[연속 건조일수(CDD), 표준강수지수(SPEI12), 토양수분]",observation,vnm-v121-b-005-obs-472-9c015987beb8c3d9,B-005_spei12_ssp585,VNM,2096,-0.15,지수,,,,,,[전망치],World Bank CCKP (CMIP6 x0.25),https://cckpapi.worldbank.org/cckp/v1/cmip6-x0.25_timeseries_spei12_timeseries_annual_2015-2100_median_ssp585_ensemble_all_mean/VNM?_format=json,기관 이용약관,"B-005_가뭄： 연속 건조일수(CDD), 표준강수지수(SPEI12), 토양수분.xlsx",1.1_observation(측정값),472,
B-005,"가뭄[연속 건조일수(CDD), 표준강수지수(SPEI12), 토양수분]",observation,vnm-v121-b-005-obs-473-a8aed16a8292f80b,B-005_spei12_ssp585,VNM,2097,-0.16,지수,,,,,,[전망치],World Bank CCKP (CMIP6 x0.25),https://cckpapi.worldbank.org/cckp/v1/cmip6-x0.25_timeseries_spei12_timeseries_annual_2015-2100_median_ssp585_ensemble_all_mean/VNM?_format=json,기관 이용약관,"B-005_가뭄： 연속 건조일수(CDD), 표준강수지수(SPEI12), 토양수분.xlsx",1.1_observation(측정값),473,
B-005,"가뭄[연속 건조일수(CDD), 표준강수지수(SPEI12), 토양수분]",observation,vnm-v121-b-005-obs-474-8d280fdd2cca22ff,B-005_spei12_ssp585,VNM,2098,0.03,지수,,,,,,[전망치],World Bank CCKP (CMIP6 x0.25),https://cckpapi.worldbank.org/cckp/v1/cmip6-x0.25_timeseries_spei12_timeseries_annual_2015-2100_median_ssp585_ensemble_all_mean/VNM?_format=json,기관 이용약관,"B-005_가뭄： 연속 건조일수(CDD), 표준강수지수(SPEI12), 토양수분.xlsx",1.1_observation(측정값),474,
B-005,"가뭄[연속 건조일수(CDD), 표준강수지수(SPEI12), 토양수분]",observation,vnm-v121-b-005-obs-475-280e7e1af15d44d9,B-005_spei12_ssp585,VNM,2099,0.23,지수,,,,,,[전망치],World Bank CCKP (CMIP6 x0.25),https://cckpapi.worldbank.org/cckp/v1/cmip6-x0.25_timeseries_spei12_timeseries_annual_2015-2100_median_ssp585_ensemble_all_mean/VNM?_format=json,기관 이용약관,"B-005_가뭄： 연속 건조일수(CDD), 표준강수지수(SPEI12), 토양수분.xlsx",1.1_observation(측정값),475,
B-005,"가뭄[연속 건조일수(CDD), 표준강수지수(SPEI12), 토양수분]",observation,vnm-v121-b-005-obs-476-1313340c1e7e0d37,B-005_spei12_ssp585,VNM,2100,-0.13,지수,,,,,,[전망치],World Bank CCKP (CMIP6 x0.25),https://cckpapi.worldbank.org/cckp/v1/cmip6-x0.25_timeseries_spei12_timeseries_annual_2015-2100_median_ssp585_ensemble_all_mean/VNM?_format=json,기관 이용약관,"B-005_가뭄： 연속 건조일수(CDD), 표준강수지수(SPEI12), 토양수분.xlsx",1.1_observation(측정값),476,
B-005,"가뭄[연속 건조일수(CDD), 표준강수지수(SPEI12), 토양수분]",observation,vnm-v121-b-005-obs-477-d652063c173c0448,B-005_soil_moisture,VNM,1991,0.3651,m³/m³,,,,,,[실적치],Copernicus ERA5-Land,https://cds.climate.copernicus.eu/datasets/reanalysis-era5-land,기관 이용약관,"B-005_가뭄： 연속 건조일수(CDD), 표준강수지수(SPEI12), 토양수분.xlsx",1.1_observation(측정값),477,
B-005,"가뭄[연속 건조일수(CDD), 표준강수지수(SPEI12), 토양수분]",observation,vnm-v121-b-005-obs-478-6b7829d8c372f7da,B-005_soil_moisture,VNM,1992,0.3664,m³/m³,,,,,,[실적치],Copernicus ERA5-Land,https://cds.climate.copernicus.eu/datasets/reanalysis-era5-land,기관 이용약관,"B-005_가뭄： 연속 건조일수(CDD), 표준강수지수(SPEI12), 토양수분.xlsx",1.1_observation(측정값),478,
B-005,"가뭄[연속 건조일수(CDD), 표준강수지수(SPEI12), 토양수분]",observation,vnm-v121-b-005-obs-479-6ec2efa58a865454,B-005_soil_moisture,VNM,1993,0.3687,m³/m³,,,,,,[실적치],Copernicus ERA5-Land,https://cds.climate.copernicus.eu/datasets/reanalysis-era5-land,기관 이용약관,"B-005_가뭄： 연속 건조일수(CDD), 표준강수지수(SPEI12), 토양수분.xlsx",1.1_observation(측정값),479,
B-005,"가뭄[연속 건조일수(CDD), 표준강수지수(SPEI12), 토양수분]",observation,vnm-v121-b-005-obs-480-97bf2932b106eb25,B-005_soil_moisture,VNM,1994,0.3756,m³/m³,,,,,,[실적치],Copernicus ERA5-Land,https://cds.climate.copernicus.eu/datasets/reanalysis-era5-land,기관 이용약관,"B-005_가뭄： 연속 건조일수(CDD), 표준강수지수(SPEI12), 토양수분.xlsx",1.1_observation(측정값),480,
B-005,"가뭄[연속 건조일수(CDD), 표준강수지수(SPEI12), 토양수분]",observation,vnm-v121-b-005-obs-481-cf4da316ef372aa4,B-005_soil_moisture,VNM,1995,0.3738,m³/m³,,,,,,[실적치],Copernicus ERA5-Land,https://cds.climate.copernicus.eu/datasets/reanalysis-era5-land,기관 이용약관,"B-005_가뭄： 연속 건조일수(CDD), 표준강수지수(SPEI12), 토양수분.xlsx",1.1_observation(측정값),481,
B-005,"가뭄[연속 건조일수(CDD), 표준강수지수(SPEI12), 토양수분]",observation,vnm-v121-b-005-obs-482-c333f7d827733ba3,B-005_soil_moisture,VNM,1996,0.3825,m³/m³,,,,,,[실적치],Copernicus ERA5-Land,https://cds.climate.copernicus.eu/datasets/reanalysis-era5-land,기관 이용약관,"B-005_가뭄： 연속 건조일수(CDD), 표준강수지수(SPEI12), 토양수분.xlsx",1.1_observation(측정값),482,
B-005,"가뭄[연속 건조일수(CDD), 표준강수지수(SPEI12), 토양수분]",observation,vnm-v121-b-005-obs-483-02b72422a01051bb,B-005_soil_moisture,VNM,1997,0.3755,m³/m³,,,,,,[실적치],Copernicus ERA5-Land,https://cds.climate.copernicus.eu/datasets/reanalysis-era5-land,기관 이용약관,"B-005_가뭄： 연속 건조일수(CDD), 표준강수지수(SPEI12), 토양수분.xlsx",1.1_observation(측정값),483,
B-005,"가뭄[연속 건조일수(CDD), 표준강수지수(SPEI12), 토양수분]",observation,vnm-v121-b-005-obs-484-bf2111c9a91e7afa,B-005_soil_moisture,VNM,1998,0.3632,m³/m³,,,,,,[실적치],Copernicus ERA5-Land,https://cds.climate.copernicus.eu/datasets/reanalysis-era5-land,기관 이용약관,"B-005_가뭄： 연속 건조일수(CDD), 표준강수지수(SPEI12), 토양수분.xlsx",1.1_observation(측정값),484,
B-005,"가뭄[연속 건조일수(CDD), 표준강수지수(SPEI12), 토양수분]",observation,vnm-v121-b-005-obs-485-c5793fe73c8b0d2e,B-005_soil_moisture,VNM,1999,0.3904,m³/m³,,,,,,[실적치],Copernicus ERA5-Land,https://cds.climate.copernicus.eu/datasets/reanalysis-era5-land,기관 이용약관,"B-005_가뭄： 연속 건조일수(CDD), 표준강수지수(SPEI12), 토양수분.xlsx",1.1_observation(측정값),485,
B-005,"가뭄[연속 건조일수(CDD), 표준강수지수(SPEI12), 토양수분]",observation,vnm-v121-b-005-obs-486-f807041414567131,B-005_soil_moisture,VNM,2000,0.3859,m³/m³,,,,,,[실적치],Copernicus ERA5-Land,https://cds.climate.copernicus.eu/datasets/reanalysis-era5-land,기관 이용약관,"B-005_가뭄： 연속 건조일수(CDD), 표준강수지수(SPEI12), 토양수분.xlsx",1.1_observation(측정값),486,
B-005,"가뭄[연속 건조일수(CDD), 표준강수지수(SPEI12), 토양수분]",observation,vnm-v121-b-005-obs-487-8d280107cf7616c3,B-005_soil_moisture,VNM,2001,0.3821,m³/m³,,,,,,[실적치],Copernicus ERA5-Land,https://cds.climate.copernicus.eu/datasets/reanalysis-era5-land,기관 이용약관,"B-005_가뭄： 연속 건조일수(CDD), 표준강수지수(SPEI12), 토양수분.xlsx",1.1_observation(측정값),487,
B-005,"가뭄[연속 건조일수(CDD), 표준강수지수(SPEI12), 토양수분]",observation,vnm-v121-b-005-obs-488-2d9984008640e9af,B-005_soil_moisture,VNM,2002,0.3735,m³/m³,,,,,,[실적치],Copernicus ERA5-Land,https://cds.climate.copernicus.eu/datasets/reanalysis-era5-land,기관 이용약관,"B-005_가뭄： 연속 건조일수(CDD), 표준강수지수(SPEI12), 토양수분.xlsx",1.1_observation(측정값),488,
B-005,"가뭄[연속 건조일수(CDD), 표준강수지수(SPEI12), 토양수분]",observation,vnm-v121-b-005-obs-489-86b3321b4e45aa75,B-005_soil_moisture,VNM,2003,0.3651,m³/m³,,,,,,[실적치],Copernicus ERA5-Land,https://cds.climate.copernicus.eu/datasets/reanalysis-era5-land,기관 이용약관,"B-005_가뭄： 연속 건조일수(CDD), 표준강수지수(SPEI12), 토양수분.xlsx",1.1_observation(측정값),489,
B-005,"가뭄[연속 건조일수(CDD), 표준강수지수(SPEI12), 토양수분]",observation,vnm-v121-b-005-obs-490-8016eb3c8e3a36aa,B-005_soil_moisture,VNM,2004,0.3559,m³/m³,,,,,,[실적치],Copernicus ERA5-Land,https://cds.climate.copernicus.eu/datasets/reanalysis-era5-land,기관 이용약관,"B-005_가뭄： 연속 건조일수(CDD), 표준강수지수(SPEI12), 토양수분.xlsx",1.1_observation(측정값),490,
B-005,"가뭄[연속 건조일수(CDD), 표준강수지수(SPEI12), 토양수분]",observation,vnm-v121-b-005-obs-491-e24d82321d95759b,B-005_soil_moisture,VNM,2005,0.365,m³/m³,,,,,,[실적치],Copernicus ERA5-Land,https://cds.climate.copernicus.eu/datasets/reanalysis-era5-land,기관 이용약관,"B-005_가뭄： 연속 건조일수(CDD), 표준강수지수(SPEI12), 토양수분.xlsx",1.1_observation(측정값),491,
B-005,"가뭄[연속 건조일수(CDD), 표준강수지수(SPEI12), 토양수분]",observation,vnm-v121-b-005-obs-492-bb375e57cac2f926,B-005_soil_moisture,VNM,2006,0.366,m³/m³,,,,,,[실적치],Copernicus ERA5-Land,https://cds.climate.copernicus.eu/datasets/reanalysis-era5-land,기관 이용약관,"B-005_가뭄： 연속 건조일수(CDD), 표준강수지수(SPEI12), 토양수분.xlsx",1.1_observation(측정값),492,
B-005,"가뭄[연속 건조일수(CDD), 표준강수지수(SPEI12), 토양수분]",observation,vnm-v121-b-005-obs-493-995b2719d166af81,B-005_soil_moisture,VNM,2007,0.3696,m³/m³,,,,,,[실적치],Copernicus ERA5-Land,https://cds.climate.copernicus.eu/datasets/reanalysis-era5-land,기관 이용약관,"B-005_가뭄： 연속 건조일수(CDD), 표준강수지수(SPEI12), 토양수분.xlsx",1.1_observation(측정값),493,
B-005,"가뭄[연속 건조일수(CDD), 표준강수지수(SPEI12), 토양수분]",observation,vnm-v121-b-005-obs-494-e2356a5fc0f65a0e,B-005_soil_moisture,VNM,2008,0.3838,m³/m³,,,,,,[실적치],Copernicus ERA5-Land,https://cds.climate.copernicus.eu/datasets/reanalysis-era5-land,기관 이용약관,"B-005_가뭄： 연속 건조일수(CDD), 표준강수지수(SPEI12), 토양수분.xlsx",1.1_observation(측정값),494,
B-005,"가뭄[연속 건조일수(CDD), 표준강수지수(SPEI12), 토양수분]",observation,vnm-v121-b-005-obs-495-6ce147170f0f44fe,B-005_soil_moisture,VNM,2009,0.3707,m³/m³,,,,,,[실적치],Copernicus ERA5-Land,https://cds.climate.copernicus.eu/datasets/reanalysis-era5-land,기관 이용약관,"B-005_가뭄： 연속 건조일수(CDD), 표준강수지수(SPEI12), 토양수분.xlsx",1.1_observation(측정값),495,
B-005,"가뭄[연속 건조일수(CDD), 표준강수지수(SPEI12), 토양수분]",observation,vnm-v121-b-005-obs-496-5a10828bfb7f1e30,B-005_soil_moisture,VNM,2010,0.3701,m³/m³,,,,,,[실적치],Copernicus ERA5-Land,https://cds.climate.copernicus.eu/datasets/reanalysis-era5-land,기관 이용약관,"B-005_가뭄： 연속 건조일수(CDD), 표준강수지수(SPEI12), 토양수분.xlsx",1.1_observation(측정값),496,
B-005,"가뭄[연속 건조일수(CDD), 표준강수지수(SPEI12), 토양수분]",observation,vnm-v121-b-005-obs-497-3fb5878656b8f001,B-005_soil_moisture,VNM,2011,0.3773,m³/m³,,,,,,[실적치],Copernicus ERA5-Land,https://cds.climate.copernicus.eu/datasets/reanalysis-era5-land,기관 이용약관,"B-005_가뭄： 연속 건조일수(CDD), 표준강수지수(SPEI12), 토양수분.xlsx",1.1_observation(측정값),497,
B-005,"가뭄[연속 건조일수(CDD), 표준강수지수(SPEI12), 토양수분]",observation,vnm-v121-b-005-obs-498-6e714d002bae10c3,B-005_soil_moisture,VNM,2012,0.382,m³/m³,,,,,,[실적치],Copernicus ERA5-Land,https://cds.climate.copernicus.eu/datasets/reanalysis-era5-land,기관 이용약관,"B-005_가뭄： 연속 건조일수(CDD), 표준강수지수(SPEI12), 토양수분.xlsx",1.1_observation(측정값),498,
B-005,"가뭄[연속 건조일수(CDD), 표준강수지수(SPEI12), 토양수분]",observation,vnm-v121-b-005-obs-499-079eda4bde44acfb,B-005_soil_moisture,VNM,2013,0.3825,m³/m³,,,,,,[실적치],Copernicus ERA5-Land,https://cds.climate.copernicus.eu/datasets/reanalysis-era5-land,기관 이용약관,"B-005_가뭄： 연속 건조일수(CDD), 표준강수지수(SPEI12), 토양수분.xlsx",1.1_observation(측정값),499,
B-005,"가뭄[연속 건조일수(CDD), 표준강수지수(SPEI12), 토양수분]",observation,vnm-v121-b-005-obs-500-99c918f294a33adc,B-005_soil_moisture,VNM,2014,0.3726,m³/m³,,,,,,[실적치],Copernicus ERA5-Land,https://cds.climate.copernicus.eu/datasets/reanalysis-era5-land,기관 이용약관,"B-005_가뭄： 연속 건조일수(CDD), 표준강수지수(SPEI12), 토양수분.xlsx",1.1_observation(측정값),500,
B-005,"가뭄[연속 건조일수(CDD), 표준강수지수(SPEI12), 토양수분]",observation,vnm-v121-b-005-obs-501-0e7a9dec564d59b1,B-005_soil_moisture,VNM,2015,0.3672,m³/m³,,,,,,[실적치],Copernicus ERA5-Land,https://cds.climate.copernicus.eu/datasets/reanalysis-era5-land,기관 이용약관,"B-005_가뭄： 연속 건조일수(CDD), 표준강수지수(SPEI12), 토양수분.xlsx",1.1_observation(측정값),501,
B-005,"가뭄[연속 건조일수(CDD), 표준강수지수(SPEI12), 토양수분]",observation,vnm-v121-b-005-obs-502-eac314e0336d019f,B-005_soil_moisture,VNM,2016,0.3747,m³/m³,,,,,,[실적치],Copernicus ERA5-Land,https://cds.climate.copernicus.eu/datasets/reanalysis-era5-land,기관 이용약관,"B-005_가뭄： 연속 건조일수(CDD), 표준강수지수(SPEI12), 토양수분.xlsx",1.1_observation(측정값),502,
B-005,"가뭄[연속 건조일수(CDD), 표준강수지수(SPEI12), 토양수분]",observation,vnm-v121-b-005-obs-503-0224bb2a8cc4f0d5,B-005_soil_moisture,VNM,2017,0.3947,m³/m³,,,,,,[실적치],Copernicus ERA5-Land,https://cds.climate.copernicus.eu/datasets/reanalysis-era5-land,기관 이용약관,"B-005_가뭄： 연속 건조일수(CDD), 표준강수지수(SPEI12), 토양수분.xlsx",1.1_observation(측정값),503,
B-005,"가뭄[연속 건조일수(CDD), 표준강수지수(SPEI12), 토양수분]",observation,vnm-v121-b-005-obs-504-eb0ca79fbbd823f8,B-005_soil_moisture,VNM,2018,0.3825,m³/m³,,,,,,[실적치],Copernicus ERA5-Land,https://cds.climate.copernicus.eu/datasets/reanalysis-era5-land,기관 이용약관,"B-005_가뭄： 연속 건조일수(CDD), 표준강수지수(SPEI12), 토양수분.xlsx",1.1_observation(측정값),504,
B-005,"가뭄[연속 건조일수(CDD), 표준강수지수(SPEI12), 토양수분]",observation,vnm-v121-b-005-obs-505-a12fc7edff76546b,B-005_soil_moisture,VNM,2019,0.3614,m³/m³,,,,,,[실적치],Copernicus ERA5-Land,https://cds.climate.copernicus.eu/datasets/reanalysis-era5-land,기관 이용약관,"B-005_가뭄： 연속 건조일수(CDD), 표준강수지수(SPEI12), 토양수분.xlsx",1.1_observation(측정값),505,
B-005,"가뭄[연속 건조일수(CDD), 표준강수지수(SPEI12), 토양수분]",observation,vnm-v121-b-005-obs-506-702a0e5caf049cbf,B-005_soil_moisture,VNM,2020,0.3665,m³/m³,,,,,,[실적치],Copernicus ERA5-Land,https://cds.climate.copernicus.eu/datasets/reanalysis-era5-land,기관 이용약관,"B-005_가뭄： 연속 건조일수(CDD), 표준강수지수(SPEI12), 토양수분.xlsx",1.1_observation(측정값),506,
