element_id,element_label,record_type,record_id,indicator_id,country_iso3,year,value,unit,name,latitude,longitude,attributes_json,missing_reason_code,note,source_org,source_url,license_code,source_file,source_sheet,source_row,publication_decision_id
B-008,"NASA 해수면 상승 전망[SSP1, SSP2, SSP3, SSP4, SSP5]",observation,vnm-v121-b-008-obs-4-f15f0322ad10246d,B-008_rsl_841_ssp119_q17,VNM,2020,0.037,m,,,,,,[전망치],IPCC AR6 Sea Level Projection Tool (NASA/IPCC),https://sealevel.nasa.gov/data_tools/17,기관 이용약관,B-008_NASA 해수면 상승 전망 (SSP 1~5).xlsx,1.1_observation(측정값),4,
B-008,"NASA 해수면 상승 전망[SSP1, SSP2, SSP3, SSP4, SSP5]",observation,vnm-v121-b-008-obs-5-25df18857d4ca634,B-008_rsl_841_ssp119_q17,VNM,2030,0.069,m,,,,,,[전망치],IPCC AR6 Sea Level Projection Tool (NASA/IPCC),https://sealevel.nasa.gov/data_tools/17,기관 이용약관,B-008_NASA 해수면 상승 전망 (SSP 1~5).xlsx,1.1_observation(측정값),5,
B-008,"NASA 해수면 상승 전망[SSP1, SSP2, SSP3, SSP4, SSP5]",observation,vnm-v121-b-008-obs-6-eaefc392fdff67f0,B-008_rsl_841_ssp119_q17,VNM,2040,0.096,m,,,,,,[전망치],IPCC AR6 Sea Level Projection Tool (NASA/IPCC),https://sealevel.nasa.gov/data_tools/17,기관 이용약관,B-008_NASA 해수면 상승 전망 (SSP 1~5).xlsx,1.1_observation(측정값),6,
B-008,"NASA 해수면 상승 전망[SSP1, SSP2, SSP3, SSP4, SSP5]",observation,vnm-v121-b-008-obs-7-f7a037565715acd8,B-008_rsl_841_ssp119_q17,VNM,2050,0.139,m,,,,,,[전망치],IPCC AR6 Sea Level Projection Tool (NASA/IPCC),https://sealevel.nasa.gov/data_tools/17,기관 이용약관,B-008_NASA 해수면 상승 전망 (SSP 1~5).xlsx,1.1_observation(측정값),7,
B-008,"NASA 해수면 상승 전망[SSP1, SSP2, SSP3, SSP4, SSP5]",observation,vnm-v121-b-008-obs-8-9fe88756b8150eb8,B-008_rsl_841_ssp119_q17,VNM,2060,0.159,m,,,,,,[전망치],IPCC AR6 Sea Level Projection Tool (NASA/IPCC),https://sealevel.nasa.gov/data_tools/17,기관 이용약관,B-008_NASA 해수면 상승 전망 (SSP 1~5).xlsx,1.1_observation(측정값),8,
B-008,"NASA 해수면 상승 전망[SSP1, SSP2, SSP3, SSP4, SSP5]",observation,vnm-v121-b-008-obs-9-34d4a6a6d7edcb9b,B-008_rsl_841_ssp119_q17,VNM,2070,0.185,m,,,,,,[전망치],IPCC AR6 Sea Level Projection Tool (NASA/IPCC),https://sealevel.nasa.gov/data_tools/17,기관 이용약관,B-008_NASA 해수면 상승 전망 (SSP 1~5).xlsx,1.1_observation(측정값),9,
B-008,"NASA 해수면 상승 전망[SSP1, SSP2, SSP3, SSP4, SSP5]",observation,vnm-v121-b-008-obs-10-1dfa5cd10025bedb,B-008_rsl_841_ssp119_q17,VNM,2080,0.206,m,,,,,,[전망치],IPCC AR6 Sea Level Projection Tool (NASA/IPCC),https://sealevel.nasa.gov/data_tools/17,기관 이용약관,B-008_NASA 해수면 상승 전망 (SSP 1~5).xlsx,1.1_observation(측정값),10,
B-008,"NASA 해수면 상승 전망[SSP1, SSP2, SSP3, SSP4, SSP5]",observation,vnm-v121-b-008-obs-11-f565462eecd4b001,B-008_rsl_841_ssp119_q17,VNM,2090,0.238,m,,,,,,[전망치],IPCC AR6 Sea Level Projection Tool (NASA/IPCC),https://sealevel.nasa.gov/data_tools/17,기관 이용약관,B-008_NASA 해수면 상승 전망 (SSP 1~5).xlsx,1.1_observation(측정값),11,
B-008,"NASA 해수면 상승 전망[SSP1, SSP2, SSP3, SSP4, SSP5]",observation,vnm-v121-b-008-obs-12-84914408763a24d1,B-008_rsl_841_ssp119_q17,VNM,2100,0.235,m,,,,,,[전망치],IPCC AR6 Sea Level Projection Tool (NASA/IPCC),https://sealevel.nasa.gov/data_tools/17,기관 이용약관,B-008_NASA 해수면 상승 전망 (SSP 1~5).xlsx,1.1_observation(측정값),12,
B-008,"NASA 해수면 상승 전망[SSP1, SSP2, SSP3, SSP4, SSP5]",observation,vnm-v121-b-008-obs-13-81cfda3513dd05ec,B-008_rsl_841_ssp119_q50,VNM,2020,0.054,m,,,,,,[전망치],IPCC AR6 Sea Level Projection Tool (NASA/IPCC),https://sealevel.nasa.gov/data_tools/17,기관 이용약관,B-008_NASA 해수면 상승 전망 (SSP 1~5).xlsx,1.1_observation(측정값),13,
B-008,"NASA 해수면 상승 전망[SSP1, SSP2, SSP3, SSP4, SSP5]",observation,vnm-v121-b-008-obs-14-513074bb35f27f64,B-008_rsl_841_ssp119_q50,VNM,2030,0.1,m,,,,,,[전망치],IPCC AR6 Sea Level Projection Tool (NASA/IPCC),https://sealevel.nasa.gov/data_tools/17,기관 이용약관,B-008_NASA 해수면 상승 전망 (SSP 1~5).xlsx,1.1_observation(측정값),14,
B-008,"NASA 해수면 상승 전망[SSP1, SSP2, SSP3, SSP4, SSP5]",observation,vnm-v121-b-008-obs-15-0a147a0c6ab56ed3,B-008_rsl_841_ssp119_q50,VNM,2040,0.139,m,,,,,,[전망치],IPCC AR6 Sea Level Projection Tool (NASA/IPCC),https://sealevel.nasa.gov/data_tools/17,기관 이용약관,B-008_NASA 해수면 상승 전망 (SSP 1~5).xlsx,1.1_observation(측정값),15,
B-008,"NASA 해수면 상승 전망[SSP1, SSP2, SSP3, SSP4, SSP5]",observation,vnm-v121-b-008-obs-16-b6c5a2d63221efd5,B-008_rsl_841_ssp119_q50,VNM,2050,0.192,m,,,,,,[전망치],IPCC AR6 Sea Level Projection Tool (NASA/IPCC),https://sealevel.nasa.gov/data_tools/17,기관 이용약관,B-008_NASA 해수면 상승 전망 (SSP 1~5).xlsx,1.1_observation(측정값),16,
B-008,"NASA 해수면 상승 전망[SSP1, SSP2, SSP3, SSP4, SSP5]",observation,vnm-v121-b-008-obs-17-d02f303809298b39,B-008_rsl_841_ssp119_q50,VNM,2060,0.226,m,,,,,,[전망치],IPCC AR6 Sea Level Projection Tool (NASA/IPCC),https://sealevel.nasa.gov/data_tools/17,기관 이용약관,B-008_NASA 해수면 상승 전망 (SSP 1~5).xlsx,1.1_observation(측정값),17,
B-008,"NASA 해수면 상승 전망[SSP1, SSP2, SSP3, SSP4, SSP5]",observation,vnm-v121-b-008-obs-18-728d00e02e38cef0,B-008_rsl_841_ssp119_q50,VNM,2070,0.271,m,,,,,,[전망치],IPCC AR6 Sea Level Projection Tool (NASA/IPCC),https://sealevel.nasa.gov/data_tools/17,기관 이용약관,B-008_NASA 해수면 상승 전망 (SSP 1~5).xlsx,1.1_observation(측정값),18,
B-008,"NASA 해수면 상승 전망[SSP1, SSP2, SSP3, SSP4, SSP5]",observation,vnm-v121-b-008-obs-19-4c18c656f330584f,B-008_rsl_841_ssp119_q50,VNM,2080,0.31,m,,,,,,[전망치],IPCC AR6 Sea Level Projection Tool (NASA/IPCC),https://sealevel.nasa.gov/data_tools/17,기관 이용약관,B-008_NASA 해수면 상승 전망 (SSP 1~5).xlsx,1.1_observation(측정값),19,
B-008,"NASA 해수면 상승 전망[SSP1, SSP2, SSP3, SSP4, SSP5]",observation,vnm-v121-b-008-obs-20-135b6e9783397b8e,B-008_rsl_841_ssp119_q50,VNM,2090,0.357,m,,,,,,[전망치],IPCC AR6 Sea Level Projection Tool (NASA/IPCC),https://sealevel.nasa.gov/data_tools/17,기관 이용약관,B-008_NASA 해수면 상승 전망 (SSP 1~5).xlsx,1.1_observation(측정값),20,
B-008,"NASA 해수면 상승 전망[SSP1, SSP2, SSP3, SSP4, SSP5]",observation,vnm-v121-b-008-obs-21-5a805657f912b4f5,B-008_rsl_841_ssp119_q50,VNM,2100,0.393,m,,,,,,[전망치],IPCC AR6 Sea Level Projection Tool (NASA/IPCC),https://sealevel.nasa.gov/data_tools/17,기관 이용약관,B-008_NASA 해수면 상승 전망 (SSP 1~5).xlsx,1.1_observation(측정값),21,
B-008,"NASA 해수면 상승 전망[SSP1, SSP2, SSP3, SSP4, SSP5]",observation,vnm-v121-b-008-obs-22-7907461f9ff30607,B-008_rsl_841_ssp119_q83,VNM,2020,0.073,m,,,,,,[전망치],IPCC AR6 Sea Level Projection Tool (NASA/IPCC),https://sealevel.nasa.gov/data_tools/17,기관 이용약관,B-008_NASA 해수면 상승 전망 (SSP 1~5).xlsx,1.1_observation(측정값),22,
B-008,"NASA 해수면 상승 전망[SSP1, SSP2, SSP3, SSP4, SSP5]",observation,vnm-v121-b-008-obs-23-371e095d6a04cfbb,B-008_rsl_841_ssp119_q83,VNM,2030,0.139,m,,,,,,[전망치],IPCC AR6 Sea Level Projection Tool (NASA/IPCC),https://sealevel.nasa.gov/data_tools/17,기관 이용약관,B-008_NASA 해수면 상승 전망 (SSP 1~5).xlsx,1.1_observation(측정값),23,
B-008,"NASA 해수면 상승 전망[SSP1, SSP2, SSP3, SSP4, SSP5]",observation,vnm-v121-b-008-obs-24-98ec9d6990dec3cf,B-008_rsl_841_ssp119_q83,VNM,2040,0.195,m,,,,,,[전망치],IPCC AR6 Sea Level Projection Tool (NASA/IPCC),https://sealevel.nasa.gov/data_tools/17,기관 이용약관,B-008_NASA 해수면 상승 전망 (SSP 1~5).xlsx,1.1_observation(측정값),24,
B-008,"NASA 해수면 상승 전망[SSP1, SSP2, SSP3, SSP4, SSP5]",observation,vnm-v121-b-008-obs-25-e18e63e3429e559e,B-008_rsl_841_ssp119_q83,VNM,2050,0.263,m,,,,,,[전망치],IPCC AR6 Sea Level Projection Tool (NASA/IPCC),https://sealevel.nasa.gov/data_tools/17,기관 이용약관,B-008_NASA 해수면 상승 전망 (SSP 1~5).xlsx,1.1_observation(측정값),25,
B-008,"NASA 해수면 상승 전망[SSP1, SSP2, SSP3, SSP4, SSP5]",observation,vnm-v121-b-008-obs-26-4fff249819cd271e,B-008_rsl_841_ssp119_q83,VNM,2060,0.32,m,,,,,,[전망치],IPCC AR6 Sea Level Projection Tool (NASA/IPCC),https://sealevel.nasa.gov/data_tools/17,기관 이용약관,B-008_NASA 해수면 상승 전망 (SSP 1~5).xlsx,1.1_observation(측정값),26,
B-008,"NASA 해수면 상승 전망[SSP1, SSP2, SSP3, SSP4, SSP5]",observation,vnm-v121-b-008-obs-27-5039188248806986,B-008_rsl_841_ssp119_q83,VNM,2070,0.391,m,,,,,,[전망치],IPCC AR6 Sea Level Projection Tool (NASA/IPCC),https://sealevel.nasa.gov/data_tools/17,기관 이용약관,B-008_NASA 해수면 상승 전망 (SSP 1~5).xlsx,1.1_observation(측정값),27,
B-008,"NASA 해수면 상승 전망[SSP1, SSP2, SSP3, SSP4, SSP5]",observation,vnm-v121-b-008-obs-28-6092e3a2521c3f0c,B-008_rsl_841_ssp119_q83,VNM,2080,0.453,m,,,,,,[전망치],IPCC AR6 Sea Level Projection Tool (NASA/IPCC),https://sealevel.nasa.gov/data_tools/17,기관 이용약관,B-008_NASA 해수면 상승 전망 (SSP 1~5).xlsx,1.1_observation(측정값),28,
B-008,"NASA 해수면 상승 전망[SSP1, SSP2, SSP3, SSP4, SSP5]",observation,vnm-v121-b-008-obs-29-a27856b9b1976fef,B-008_rsl_841_ssp119_q83,VNM,2090,0.524,m,,,,,,[전망치],IPCC AR6 Sea Level Projection Tool (NASA/IPCC),https://sealevel.nasa.gov/data_tools/17,기관 이용약관,B-008_NASA 해수면 상승 전망 (SSP 1~5).xlsx,1.1_observation(측정값),29,
B-008,"NASA 해수면 상승 전망[SSP1, SSP2, SSP3, SSP4, SSP5]",observation,vnm-v121-b-008-obs-30-4533cea4ea079df8,B-008_rsl_841_ssp119_q83,VNM,2100,0.595,m,,,,,,[전망치],IPCC AR6 Sea Level Projection Tool (NASA/IPCC),https://sealevel.nasa.gov/data_tools/17,기관 이용약관,B-008_NASA 해수면 상승 전망 (SSP 1~5).xlsx,1.1_observation(측정값),30,
B-008,"NASA 해수면 상승 전망[SSP1, SSP2, SSP3, SSP4, SSP5]",observation,vnm-v121-b-008-obs-31-a8475e39265ed7fc,B-008_rsl_841_ssp126_q17,VNM,2020,0.018,m,,,,,,[전망치],IPCC AR6 Sea Level Projection Tool (NASA/IPCC),https://sealevel.nasa.gov/data_tools/17,기관 이용약관,B-008_NASA 해수면 상승 전망 (SSP 1~5).xlsx,1.1_observation(측정값),31,
B-008,"NASA 해수면 상승 전망[SSP1, SSP2, SSP3, SSP4, SSP5]",observation,vnm-v121-b-008-obs-32-91851b650ba3e13e,B-008_rsl_841_ssp126_q17,VNM,2030,0.052,m,,,,,,[전망치],IPCC AR6 Sea Level Projection Tool (NASA/IPCC),https://sealevel.nasa.gov/data_tools/17,기관 이용약관,B-008_NASA 해수면 상승 전망 (SSP 1~5).xlsx,1.1_observation(측정값),32,
B-008,"NASA 해수면 상승 전망[SSP1, SSP2, SSP3, SSP4, SSP5]",observation,vnm-v121-b-008-obs-33-52630a867eea1d37,B-008_rsl_841_ssp126_q17,VNM,2040,0.091,m,,,,,,[전망치],IPCC AR6 Sea Level Projection Tool (NASA/IPCC),https://sealevel.nasa.gov/data_tools/17,기관 이용약관,B-008_NASA 해수면 상승 전망 (SSP 1~5).xlsx,1.1_observation(측정값),33,
B-008,"NASA 해수면 상승 전망[SSP1, SSP2, SSP3, SSP4, SSP5]",observation,vnm-v121-b-008-obs-34-f64ae03b6f74eca7,B-008_rsl_841_ssp126_q17,VNM,2050,0.136,m,,,,,,[전망치],IPCC AR6 Sea Level Projection Tool (NASA/IPCC),https://sealevel.nasa.gov/data_tools/17,기관 이용약관,B-008_NASA 해수면 상승 전망 (SSP 1~5).xlsx,1.1_observation(측정값),34,
B-008,"NASA 해수면 상승 전망[SSP1, SSP2, SSP3, SSP4, SSP5]",observation,vnm-v121-b-008-obs-35-0b1c20e1d0bd12b0,B-008_rsl_841_ssp126_q17,VNM,2060,0.169,m,,,,,,[전망치],IPCC AR6 Sea Level Projection Tool (NASA/IPCC),https://sealevel.nasa.gov/data_tools/17,기관 이용약관,B-008_NASA 해수면 상승 전망 (SSP 1~5).xlsx,1.1_observation(측정값),35,
B-008,"NASA 해수면 상승 전망[SSP1, SSP2, SSP3, SSP4, SSP5]",observation,vnm-v121-b-008-obs-36-9e1e68ebc31401b7,B-008_rsl_841_ssp126_q17,VNM,2070,0.212,m,,,,,,[전망치],IPCC AR6 Sea Level Projection Tool (NASA/IPCC),https://sealevel.nasa.gov/data_tools/17,기관 이용약관,B-008_NASA 해수면 상승 전망 (SSP 1~5).xlsx,1.1_observation(측정값),36,
B-008,"NASA 해수면 상승 전망[SSP1, SSP2, SSP3, SSP4, SSP5]",observation,vnm-v121-b-008-obs-37-6bcf7c1684f08950,B-008_rsl_841_ssp126_q17,VNM,2080,0.241,m,,,,,,[전망치],IPCC AR6 Sea Level Projection Tool (NASA/IPCC),https://sealevel.nasa.gov/data_tools/17,기관 이용약관,B-008_NASA 해수면 상승 전망 (SSP 1~5).xlsx,1.1_observation(측정값),37,
B-008,"NASA 해수면 상승 전망[SSP1, SSP2, SSP3, SSP4, SSP5]",observation,vnm-v121-b-008-obs-38-95e5c9dc3386ec6e,B-008_rsl_841_ssp126_q17,VNM,2090,0.272,m,,,,,,[전망치],IPCC AR6 Sea Level Projection Tool (NASA/IPCC),https://sealevel.nasa.gov/data_tools/17,기관 이용약관,B-008_NASA 해수면 상승 전망 (SSP 1~5).xlsx,1.1_observation(측정값),38,
B-008,"NASA 해수면 상승 전망[SSP1, SSP2, SSP3, SSP4, SSP5]",observation,vnm-v121-b-008-obs-39-1003433083078f00,B-008_rsl_841_ssp126_q17,VNM,2100,0.278,m,,,,,,[전망치],IPCC AR6 Sea Level Projection Tool (NASA/IPCC),https://sealevel.nasa.gov/data_tools/17,기관 이용약관,B-008_NASA 해수면 상승 전망 (SSP 1~5).xlsx,1.1_observation(측정값),39,
B-008,"NASA 해수면 상승 전망[SSP1, SSP2, SSP3, SSP4, SSP5]",observation,vnm-v121-b-008-obs-40-5924ba46e47612ac,B-008_rsl_841_ssp126_q50,VNM,2020,0.049,m,,,,,,[전망치],IPCC AR6 Sea Level Projection Tool (NASA/IPCC),https://sealevel.nasa.gov/data_tools/17,기관 이용약관,B-008_NASA 해수면 상승 전망 (SSP 1~5).xlsx,1.1_observation(측정값),40,
B-008,"NASA 해수면 상승 전망[SSP1, SSP2, SSP3, SSP4, SSP5]",observation,vnm-v121-b-008-obs-41-81df49bdeb361692,B-008_rsl_841_ssp126_q50,VNM,2030,0.092,m,,,,,,[전망치],IPCC AR6 Sea Level Projection Tool (NASA/IPCC),https://sealevel.nasa.gov/data_tools/17,기관 이용약관,B-008_NASA 해수면 상승 전망 (SSP 1~5).xlsx,1.1_observation(측정값),41,
B-008,"NASA 해수면 상승 전망[SSP1, SSP2, SSP3, SSP4, SSP5]",observation,vnm-v121-b-008-obs-42-673847e88b3122c7,B-008_rsl_841_ssp126_q50,VNM,2040,0.136,m,,,,,,[전망치],IPCC AR6 Sea Level Projection Tool (NASA/IPCC),https://sealevel.nasa.gov/data_tools/17,기관 이용약관,B-008_NASA 해수면 상승 전망 (SSP 1~5).xlsx,1.1_observation(측정값),42,
B-008,"NASA 해수면 상승 전망[SSP1, SSP2, SSP3, SSP4, SSP5]",observation,vnm-v121-b-008-obs-43-ff649d3b72e2bc6d,B-008_rsl_841_ssp126_q50,VNM,2050,0.192,m,,,,,,[전망치],IPCC AR6 Sea Level Projection Tool (NASA/IPCC),https://sealevel.nasa.gov/data_tools/17,기관 이용약관,B-008_NASA 해수면 상승 전망 (SSP 1~5).xlsx,1.1_observation(측정값),43,
B-008,"NASA 해수면 상승 전망[SSP1, SSP2, SSP3, SSP4, SSP5]",observation,vnm-v121-b-008-obs-44-9862da47ab3bc22f,B-008_rsl_841_ssp126_q50,VNM,2060,0.238,m,,,,,,[전망치],IPCC AR6 Sea Level Projection Tool (NASA/IPCC),https://sealevel.nasa.gov/data_tools/17,기관 이용약관,B-008_NASA 해수면 상승 전망 (SSP 1~5).xlsx,1.1_observation(측정값),44,
B-008,"NASA 해수면 상승 전망[SSP1, SSP2, SSP3, SSP4, SSP5]",observation,vnm-v121-b-008-obs-45-2dbd6efbc183859d,B-008_rsl_841_ssp126_q50,VNM,2070,0.296,m,,,,,,[전망치],IPCC AR6 Sea Level Projection Tool (NASA/IPCC),https://sealevel.nasa.gov/data_tools/17,기관 이용약관,B-008_NASA 해수면 상승 전망 (SSP 1~5).xlsx,1.1_observation(측정값),45,
B-008,"NASA 해수면 상승 전망[SSP1, SSP2, SSP3, SSP4, SSP5]",observation,vnm-v121-b-008-obs-46-ebf90fbf56006464,B-008_rsl_841_ssp126_q50,VNM,2080,0.346,m,,,,,,[전망치],IPCC AR6 Sea Level Projection Tool (NASA/IPCC),https://sealevel.nasa.gov/data_tools/17,기관 이용약관,B-008_NASA 해수면 상승 전망 (SSP 1~5).xlsx,1.1_observation(측정값),46,
B-008,"NASA 해수면 상승 전망[SSP1, SSP2, SSP3, SSP4, SSP5]",observation,vnm-v121-b-008-obs-47-3709f14dcd38f064,B-008_rsl_841_ssp126_q50,VNM,2090,0.394,m,,,,,,[전망치],IPCC AR6 Sea Level Projection Tool (NASA/IPCC),https://sealevel.nasa.gov/data_tools/17,기관 이용약관,B-008_NASA 해수면 상승 전망 (SSP 1~5).xlsx,1.1_observation(측정값),47,
B-008,"NASA 해수면 상승 전망[SSP1, SSP2, SSP3, SSP4, SSP5]",observation,vnm-v121-b-008-obs-48-4628e2b5eb0538ec,B-008_rsl_841_ssp126_q50,VNM,2100,0.436,m,,,,,,[전망치],IPCC AR6 Sea Level Projection Tool (NASA/IPCC),https://sealevel.nasa.gov/data_tools/17,기관 이용약관,B-008_NASA 해수면 상승 전망 (SSP 1~5).xlsx,1.1_observation(측정값),48,
B-008,"NASA 해수면 상승 전망[SSP1, SSP2, SSP3, SSP4, SSP5]",observation,vnm-v121-b-008-obs-49-c616c9e2262b38ed,B-008_rsl_841_ssp126_q83,VNM,2020,0.083,m,,,,,,[전망치],IPCC AR6 Sea Level Projection Tool (NASA/IPCC),https://sealevel.nasa.gov/data_tools/17,기관 이용약관,B-008_NASA 해수면 상승 전망 (SSP 1~5).xlsx,1.1_observation(측정값),49,
B-008,"NASA 해수면 상승 전망[SSP1, SSP2, SSP3, SSP4, SSP5]",observation,vnm-v121-b-008-obs-50-74eac2d22df57a76,B-008_rsl_841_ssp126_q83,VNM,2030,0.138,m,,,,,,[전망치],IPCC AR6 Sea Level Projection Tool (NASA/IPCC),https://sealevel.nasa.gov/data_tools/17,기관 이용약관,B-008_NASA 해수면 상승 전망 (SSP 1~5).xlsx,1.1_observation(측정값),50,
B-008,"NASA 해수면 상승 전망[SSP1, SSP2, SSP3, SSP4, SSP5]",observation,vnm-v121-b-008-obs-51-61f88e2c9c551d77,B-008_rsl_841_ssp126_q83,VNM,2040,0.192,m,,,,,,[전망치],IPCC AR6 Sea Level Projection Tool (NASA/IPCC),https://sealevel.nasa.gov/data_tools/17,기관 이용약관,B-008_NASA 해수면 상승 전망 (SSP 1~5).xlsx,1.1_observation(측정값),51,
B-008,"NASA 해수면 상승 전망[SSP1, SSP2, SSP3, SSP4, SSP5]",observation,vnm-v121-b-008-obs-52-770db745250801f4,B-008_rsl_841_ssp126_q83,VNM,2050,0.267,m,,,,,,[전망치],IPCC AR6 Sea Level Projection Tool (NASA/IPCC),https://sealevel.nasa.gov/data_tools/17,기관 이용약관,B-008_NASA 해수면 상승 전망 (SSP 1~5).xlsx,1.1_observation(측정값),52,
B-008,"NASA 해수면 상승 전망[SSP1, SSP2, SSP3, SSP4, SSP5]",observation,vnm-v121-b-008-obs-53-6d49d80fe3846849,B-008_rsl_841_ssp126_q83,VNM,2060,0.332,m,,,,,,[전망치],IPCC AR6 Sea Level Projection Tool (NASA/IPCC),https://sealevel.nasa.gov/data_tools/17,기관 이용약관,B-008_NASA 해수면 상승 전망 (SSP 1~5).xlsx,1.1_observation(측정값),53,
B-008,"NASA 해수면 상승 전망[SSP1, SSP2, SSP3, SSP4, SSP5]",observation,vnm-v121-b-008-obs-54-31fe71063318630a,B-008_rsl_841_ssp126_q83,VNM,2070,0.412,m,,,,,,[전망치],IPCC AR6 Sea Level Projection Tool (NASA/IPCC),https://sealevel.nasa.gov/data_tools/17,기관 이용약관,B-008_NASA 해수면 상승 전망 (SSP 1~5).xlsx,1.1_observation(측정값),54,
B-008,"NASA 해수면 상승 전망[SSP1, SSP2, SSP3, SSP4, SSP5]",observation,vnm-v121-b-008-obs-55-92111ad882f0b830,B-008_rsl_841_ssp126_q83,VNM,2080,0.491,m,,,,,,[전망치],IPCC AR6 Sea Level Projection Tool (NASA/IPCC),https://sealevel.nasa.gov/data_tools/17,기관 이용약관,B-008_NASA 해수면 상승 전망 (SSP 1~5).xlsx,1.1_observation(측정값),55,
B-008,"NASA 해수면 상승 전망[SSP1, SSP2, SSP3, SSP4, SSP5]",observation,vnm-v121-b-008-obs-56-28272bed273447b1,B-008_rsl_841_ssp126_q83,VNM,2090,0.565,m,,,,,,[전망치],IPCC AR6 Sea Level Projection Tool (NASA/IPCC),https://sealevel.nasa.gov/data_tools/17,기관 이용약관,B-008_NASA 해수면 상승 전망 (SSP 1~5).xlsx,1.1_observation(측정값),56,
B-008,"NASA 해수면 상승 전망[SSP1, SSP2, SSP3, SSP4, SSP5]",observation,vnm-v121-b-008-obs-57-ea00c06e32f5cd1c,B-008_rsl_841_ssp126_q83,VNM,2100,0.644,m,,,,,,[전망치],IPCC AR6 Sea Level Projection Tool (NASA/IPCC),https://sealevel.nasa.gov/data_tools/17,기관 이용약관,B-008_NASA 해수면 상승 전망 (SSP 1~5).xlsx,1.1_observation(측정값),57,
B-008,"NASA 해수면 상승 전망[SSP1, SSP2, SSP3, SSP4, SSP5]",observation,vnm-v121-b-008-obs-58-9c7bbf174952d70a,B-008_rsl_841_ssp245_q17,VNM,2020,0.024,m,,,,,,[전망치],IPCC AR6 Sea Level Projection Tool (NASA/IPCC),https://sealevel.nasa.gov/data_tools/17,기관 이용약관,B-008_NASA 해수면 상승 전망 (SSP 1~5).xlsx,1.1_observation(측정값),58,
B-008,"NASA 해수면 상승 전망[SSP1, SSP2, SSP3, SSP4, SSP5]",observation,vnm-v121-b-008-obs-59-d786421b0c068e4f,B-008_rsl_841_ssp245_q17,VNM,2030,0.058,m,,,,,,[전망치],IPCC AR6 Sea Level Projection Tool (NASA/IPCC),https://sealevel.nasa.gov/data_tools/17,기관 이용약관,B-008_NASA 해수면 상승 전망 (SSP 1~5).xlsx,1.1_observation(측정값),59,
B-008,"NASA 해수면 상승 전망[SSP1, SSP2, SSP3, SSP4, SSP5]",observation,vnm-v121-b-008-obs-60-6e5bef26baf74136,B-008_rsl_841_ssp245_q17,VNM,2040,0.095,m,,,,,,[전망치],IPCC AR6 Sea Level Projection Tool (NASA/IPCC),https://sealevel.nasa.gov/data_tools/17,기관 이용약관,B-008_NASA 해수면 상승 전망 (SSP 1~5).xlsx,1.1_observation(측정값),60,
B-008,"NASA 해수면 상승 전망[SSP1, SSP2, SSP3, SSP4, SSP5]",observation,vnm-v121-b-008-obs-61-a9d123f2a5ef4c69,B-008_rsl_841_ssp245_q17,VNM,2050,0.147,m,,,,,,[전망치],IPCC AR6 Sea Level Projection Tool (NASA/IPCC),https://sealevel.nasa.gov/data_tools/17,기관 이용약관,B-008_NASA 해수면 상승 전망 (SSP 1~5).xlsx,1.1_observation(측정값),61,
B-008,"NASA 해수면 상승 전망[SSP1, SSP2, SSP3, SSP4, SSP5]",observation,vnm-v121-b-008-obs-62-f0ede177c6ad9c6b,B-008_rsl_841_ssp245_q17,VNM,2060,0.194,m,,,,,,[전망치],IPCC AR6 Sea Level Projection Tool (NASA/IPCC),https://sealevel.nasa.gov/data_tools/17,기관 이용약관,B-008_NASA 해수면 상승 전망 (SSP 1~5).xlsx,1.1_observation(측정값),62,
B-008,"NASA 해수면 상승 전망[SSP1, SSP2, SSP3, SSP4, SSP5]",observation,vnm-v121-b-008-obs-63-39009357ef9ff518,B-008_rsl_841_ssp245_q17,VNM,2070,0.242,m,,,,,,[전망치],IPCC AR6 Sea Level Projection Tool (NASA/IPCC),https://sealevel.nasa.gov/data_tools/17,기관 이용약관,B-008_NASA 해수면 상승 전망 (SSP 1~5).xlsx,1.1_observation(측정값),63,
B-008,"NASA 해수면 상승 전망[SSP1, SSP2, SSP3, SSP4, SSP5]",observation,vnm-v121-b-008-obs-64-4b7e6ab4bef8a78d,B-008_rsl_841_ssp245_q17,VNM,2080,0.288,m,,,,,,[전망치],IPCC AR6 Sea Level Projection Tool (NASA/IPCC),https://sealevel.nasa.gov/data_tools/17,기관 이용약관,B-008_NASA 해수면 상승 전망 (SSP 1~5).xlsx,1.1_observation(측정값),64,
B-008,"NASA 해수면 상승 전망[SSP1, SSP2, SSP3, SSP4, SSP5]",observation,vnm-v121-b-008-obs-65-28d3d5d9a3b3e124,B-008_rsl_841_ssp245_q17,VNM,2090,0.342,m,,,,,,[전망치],IPCC AR6 Sea Level Projection Tool (NASA/IPCC),https://sealevel.nasa.gov/data_tools/17,기관 이용약관,B-008_NASA 해수면 상승 전망 (SSP 1~5).xlsx,1.1_observation(측정값),65,
B-008,"NASA 해수면 상승 전망[SSP1, SSP2, SSP3, SSP4, SSP5]",observation,vnm-v121-b-008-obs-66-1302ed826b034681,B-008_rsl_841_ssp245_q17,VNM,2100,0.409,m,,,,,,[전망치],IPCC AR6 Sea Level Projection Tool (NASA/IPCC),https://sealevel.nasa.gov/data_tools/17,기관 이용약관,B-008_NASA 해수면 상승 전망 (SSP 1~5).xlsx,1.1_observation(측정값),66,
B-008,"NASA 해수면 상승 전망[SSP1, SSP2, SSP3, SSP4, SSP5]",observation,vnm-v121-b-008-obs-67-ddbaa9da58b1581b,B-008_rsl_841_ssp245_q50,VNM,2020,0.048,m,,,,,,[전망치],IPCC AR6 Sea Level Projection Tool (NASA/IPCC),https://sealevel.nasa.gov/data_tools/17,기관 이용약관,B-008_NASA 해수면 상승 전망 (SSP 1~5).xlsx,1.1_observation(측정값),67,
B-008,"NASA 해수면 상승 전망[SSP1, SSP2, SSP3, SSP4, SSP5]",observation,vnm-v121-b-008-obs-68-6c4e2505c8cf6674,B-008_rsl_841_ssp245_q50,VNM,2030,0.092,m,,,,,,[전망치],IPCC AR6 Sea Level Projection Tool (NASA/IPCC),https://sealevel.nasa.gov/data_tools/17,기관 이용약관,B-008_NASA 해수면 상승 전망 (SSP 1~5).xlsx,1.1_observation(측정값),68,
B-008,"NASA 해수면 상승 전망[SSP1, SSP2, SSP3, SSP4, SSP5]",observation,vnm-v121-b-008-obs-69-dcfb12a6c90df4f0,B-008_rsl_841_ssp245_q50,VNM,2040,0.14,m,,,,,,[전망치],IPCC AR6 Sea Level Projection Tool (NASA/IPCC),https://sealevel.nasa.gov/data_tools/17,기관 이용약관,B-008_NASA 해수면 상승 전망 (SSP 1~5).xlsx,1.1_observation(측정값),69,
B-008,"NASA 해수면 상승 전망[SSP1, SSP2, SSP3, SSP4, SSP5]",observation,vnm-v121-b-008-obs-70-514a0720a4cf43e2,B-008_rsl_841_ssp245_q50,VNM,2050,0.204,m,,,,,,[전망치],IPCC AR6 Sea Level Projection Tool (NASA/IPCC),https://sealevel.nasa.gov/data_tools/17,기관 이용약관,B-008_NASA 해수면 상승 전망 (SSP 1~5).xlsx,1.1_observation(측정값),70,
B-008,"NASA 해수면 상승 전망[SSP1, SSP2, SSP3, SSP4, SSP5]",observation,vnm-v121-b-008-obs-71-41a24a759033ef0f,B-008_rsl_841_ssp245_q50,VNM,2060,0.264,m,,,,,,[전망치],IPCC AR6 Sea Level Projection Tool (NASA/IPCC),https://sealevel.nasa.gov/data_tools/17,기관 이용약관,B-008_NASA 해수면 상승 전망 (SSP 1~5).xlsx,1.1_observation(측정값),71,
B-008,"NASA 해수면 상승 전망[SSP1, SSP2, SSP3, SSP4, SSP5]",observation,vnm-v121-b-008-obs-72-339d8bb5c6a2df6b,B-008_rsl_841_ssp245_q50,VNM,2070,0.331,m,,,,,,[전망치],IPCC AR6 Sea Level Projection Tool (NASA/IPCC),https://sealevel.nasa.gov/data_tools/17,기관 이용약관,B-008_NASA 해수면 상승 전망 (SSP 1~5).xlsx,1.1_observation(측정값),72,
B-008,"NASA 해수면 상승 전망[SSP1, SSP2, SSP3, SSP4, SSP5]",observation,vnm-v121-b-008-obs-73-d8f836c0950f2f81,B-008_rsl_841_ssp245_q50,VNM,2080,0.4,m,,,,,,[전망치],IPCC AR6 Sea Level Projection Tool (NASA/IPCC),https://sealevel.nasa.gov/data_tools/17,기관 이용약관,B-008_NASA 해수면 상승 전망 (SSP 1~5).xlsx,1.1_observation(측정값),73,
B-008,"NASA 해수면 상승 전망[SSP1, SSP2, SSP3, SSP4, SSP5]",observation,vnm-v121-b-008-obs-74-fde22d6456803e5a,B-008_rsl_841_ssp245_q50,VNM,2090,0.474,m,,,,,,[전망치],IPCC AR6 Sea Level Projection Tool (NASA/IPCC),https://sealevel.nasa.gov/data_tools/17,기관 이용약관,B-008_NASA 해수면 상승 전망 (SSP 1~5).xlsx,1.1_observation(측정값),74,
B-008,"NASA 해수면 상승 전망[SSP1, SSP2, SSP3, SSP4, SSP5]",observation,vnm-v121-b-008-obs-75-00459e7ea1750d6f,B-008_rsl_841_ssp245_q50,VNM,2100,0.568,m,,,,,,[전망치],IPCC AR6 Sea Level Projection Tool (NASA/IPCC),https://sealevel.nasa.gov/data_tools/17,기관 이용약관,B-008_NASA 해수면 상승 전망 (SSP 1~5).xlsx,1.1_observation(측정값),75,
B-008,"NASA 해수면 상승 전망[SSP1, SSP2, SSP3, SSP4, SSP5]",observation,vnm-v121-b-008-obs-76-d2d29679bc23a476,B-008_rsl_841_ssp245_q83,VNM,2020,0.075,m,,,,,,[전망치],IPCC AR6 Sea Level Projection Tool (NASA/IPCC),https://sealevel.nasa.gov/data_tools/17,기관 이용약관,B-008_NASA 해수면 상승 전망 (SSP 1~5).xlsx,1.1_observation(측정값),76,
B-008,"NASA 해수면 상승 전망[SSP1, SSP2, SSP3, SSP4, SSP5]",observation,vnm-v121-b-008-obs-77-89c58c3239f8fd4f,B-008_rsl_841_ssp245_q83,VNM,2030,0.132,m,,,,,,[전망치],IPCC AR6 Sea Level Projection Tool (NASA/IPCC),https://sealevel.nasa.gov/data_tools/17,기관 이용약관,B-008_NASA 해수면 상승 전망 (SSP 1~5).xlsx,1.1_observation(측정값),77,
B-008,"NASA 해수면 상승 전망[SSP1, SSP2, SSP3, SSP4, SSP5]",observation,vnm-v121-b-008-obs-78-20600a5bd9449431,B-008_rsl_841_ssp245_q83,VNM,2040,0.195,m,,,,,,[전망치],IPCC AR6 Sea Level Projection Tool (NASA/IPCC),https://sealevel.nasa.gov/data_tools/17,기관 이용약관,B-008_NASA 해수면 상승 전망 (SSP 1~5).xlsx,1.1_observation(측정값),78,
B-008,"NASA 해수면 상승 전망[SSP1, SSP2, SSP3, SSP4, SSP5]",observation,vnm-v121-b-008-obs-79-a8179566fc496cc5,B-008_rsl_841_ssp245_q83,VNM,2050,0.279,m,,,,,,[전망치],IPCC AR6 Sea Level Projection Tool (NASA/IPCC),https://sealevel.nasa.gov/data_tools/17,기관 이용약관,B-008_NASA 해수면 상승 전망 (SSP 1~5).xlsx,1.1_observation(측정값),79,
B-008,"NASA 해수면 상승 전망[SSP1, SSP2, SSP3, SSP4, SSP5]",observation,vnm-v121-b-008-obs-80-80d57a625941b48e,B-008_rsl_841_ssp245_q83,VNM,2060,0.362,m,,,,,,[전망치],IPCC AR6 Sea Level Projection Tool (NASA/IPCC),https://sealevel.nasa.gov/data_tools/17,기관 이용약관,B-008_NASA 해수면 상승 전망 (SSP 1~5).xlsx,1.1_observation(측정값),80,
B-008,"NASA 해수면 상승 전망[SSP1, SSP2, SSP3, SSP4, SSP5]",observation,vnm-v121-b-008-obs-81-a0db3586dd7876e5,B-008_rsl_841_ssp245_q83,VNM,2070,0.459,m,,,,,,[전망치],IPCC AR6 Sea Level Projection Tool (NASA/IPCC),https://sealevel.nasa.gov/data_tools/17,기관 이용약관,B-008_NASA 해수면 상승 전망 (SSP 1~5).xlsx,1.1_observation(측정값),81,
B-008,"NASA 해수면 상승 전망[SSP1, SSP2, SSP3, SSP4, SSP5]",observation,vnm-v121-b-008-obs-82-37a1067fcf70ee41,B-008_rsl_841_ssp245_q83,VNM,2080,0.56,m,,,,,,[전망치],IPCC AR6 Sea Level Projection Tool (NASA/IPCC),https://sealevel.nasa.gov/data_tools/17,기관 이용약관,B-008_NASA 해수면 상승 전망 (SSP 1~5).xlsx,1.1_observation(측정값),82,
B-008,"NASA 해수면 상승 전망[SSP1, SSP2, SSP3, SSP4, SSP5]",observation,vnm-v121-b-008-obs-83-157ba9d2a6ab2b4c,B-008_rsl_841_ssp245_q83,VNM,2090,0.67,m,,,,,,[전망치],IPCC AR6 Sea Level Projection Tool (NASA/IPCC),https://sealevel.nasa.gov/data_tools/17,기관 이용약관,B-008_NASA 해수면 상승 전망 (SSP 1~5).xlsx,1.1_observation(측정값),83,
B-008,"NASA 해수면 상승 전망[SSP1, SSP2, SSP3, SSP4, SSP5]",observation,vnm-v121-b-008-obs-84-89fcea12421dae32,B-008_rsl_841_ssp245_q83,VNM,2100,0.801,m,,,,,,[전망치],IPCC AR6 Sea Level Projection Tool (NASA/IPCC),https://sealevel.nasa.gov/data_tools/17,기관 이용약관,B-008_NASA 해수면 상승 전망 (SSP 1~5).xlsx,1.1_observation(측정값),84,
B-008,"NASA 해수면 상승 전망[SSP1, SSP2, SSP3, SSP4, SSP5]",observation,vnm-v121-b-008-obs-85-1b103e9b0844ce14,B-008_rsl_841_ssp370_q17,VNM,2020,0.02,m,,,,,,[전망치],IPCC AR6 Sea Level Projection Tool (NASA/IPCC),https://sealevel.nasa.gov/data_tools/17,기관 이용약관,B-008_NASA 해수면 상승 전망 (SSP 1~5).xlsx,1.1_observation(측정값),85,
B-008,"NASA 해수면 상승 전망[SSP1, SSP2, SSP3, SSP4, SSP5]",observation,vnm-v121-b-008-obs-86-2b437db9542b00d6,B-008_rsl_841_ssp370_q17,VNM,2030,0.055,m,,,,,,[전망치],IPCC AR6 Sea Level Projection Tool (NASA/IPCC),https://sealevel.nasa.gov/data_tools/17,기관 이용약관,B-008_NASA 해수면 상승 전망 (SSP 1~5).xlsx,1.1_observation(측정값),86,
B-008,"NASA 해수면 상승 전망[SSP1, SSP2, SSP3, SSP4, SSP5]",observation,vnm-v121-b-008-obs-87-3e4e0439dc131bf1,B-008_rsl_841_ssp370_q17,VNM,2040,0.096,m,,,,,,[전망치],IPCC AR6 Sea Level Projection Tool (NASA/IPCC),https://sealevel.nasa.gov/data_tools/17,기관 이용약관,B-008_NASA 해수면 상승 전망 (SSP 1~5).xlsx,1.1_observation(측정값),87,
B-008,"NASA 해수면 상승 전망[SSP1, SSP2, SSP3, SSP4, SSP5]",observation,vnm-v121-b-008-obs-88-d53c12987a47fe5f,B-008_rsl_841_ssp370_q17,VNM,2050,0.147,m,,,,,,[전망치],IPCC AR6 Sea Level Projection Tool (NASA/IPCC),https://sealevel.nasa.gov/data_tools/17,기관 이용약관,B-008_NASA 해수면 상승 전망 (SSP 1~5).xlsx,1.1_observation(측정값),88,
B-008,"NASA 해수면 상승 전망[SSP1, SSP2, SSP3, SSP4, SSP5]",observation,vnm-v121-b-008-obs-89-864443667f80a028,B-008_rsl_841_ssp370_q17,VNM,2060,0.197,m,,,,,,[전망치],IPCC AR6 Sea Level Projection Tool (NASA/IPCC),https://sealevel.nasa.gov/data_tools/17,기관 이용약관,B-008_NASA 해수면 상승 전망 (SSP 1~5).xlsx,1.1_observation(측정값),89,
B-008,"NASA 해수면 상승 전망[SSP1, SSP2, SSP3, SSP4, SSP5]",observation,vnm-v121-b-008-obs-90-fb8ee2c297051404,B-008_rsl_841_ssp370_q17,VNM,2070,0.263,m,,,,,,[전망치],IPCC AR6 Sea Level Projection Tool (NASA/IPCC),https://sealevel.nasa.gov/data_tools/17,기관 이용약관,B-008_NASA 해수면 상승 전망 (SSP 1~5).xlsx,1.1_observation(측정값),90,
B-008,"NASA 해수면 상승 전망[SSP1, SSP2, SSP3, SSP4, SSP5]",observation,vnm-v121-b-008-obs-91-32965e16c6676fd0,B-008_rsl_841_ssp370_q17,VNM,2080,0.333,m,,,,,,[전망치],IPCC AR6 Sea Level Projection Tool (NASA/IPCC),https://sealevel.nasa.gov/data_tools/17,기관 이용약관,B-008_NASA 해수면 상승 전망 (SSP 1~5).xlsx,1.1_observation(측정값),91,
B-008,"NASA 해수면 상승 전망[SSP1, SSP2, SSP3, SSP4, SSP5]",observation,vnm-v121-b-008-obs-92-eabc9517f89ceee3,B-008_rsl_841_ssp370_q17,VNM,2090,0.417,m,,,,,,[전망치],IPCC AR6 Sea Level Projection Tool (NASA/IPCC),https://sealevel.nasa.gov/data_tools/17,기관 이용약관,B-008_NASA 해수면 상승 전망 (SSP 1~5).xlsx,1.1_observation(측정값),92,
B-008,"NASA 해수면 상승 전망[SSP1, SSP2, SSP3, SSP4, SSP5]",observation,vnm-v121-b-008-obs-93-ece4b9e3e6475e0a,B-008_rsl_841_ssp370_q17,VNM,2100,0.502,m,,,,,,[전망치],IPCC AR6 Sea Level Projection Tool (NASA/IPCC),https://sealevel.nasa.gov/data_tools/17,기관 이용약관,B-008_NASA 해수면 상승 전망 (SSP 1~5).xlsx,1.1_observation(측정값),93,
B-008,"NASA 해수면 상승 전망[SSP1, SSP2, SSP3, SSP4, SSP5]",observation,vnm-v121-b-008-obs-94-1db92a346b2591ee,B-008_rsl_841_ssp370_q50,VNM,2020,0.044,m,,,,,,[전망치],IPCC AR6 Sea Level Projection Tool (NASA/IPCC),https://sealevel.nasa.gov/data_tools/17,기관 이용약관,B-008_NASA 해수면 상승 전망 (SSP 1~5).xlsx,1.1_observation(측정값),94,
B-008,"NASA 해수면 상승 전망[SSP1, SSP2, SSP3, SSP4, SSP5]",observation,vnm-v121-b-008-obs-95-29d087e181eb6d93,B-008_rsl_841_ssp370_q50,VNM,2030,0.09,m,,,,,,[전망치],IPCC AR6 Sea Level Projection Tool (NASA/IPCC),https://sealevel.nasa.gov/data_tools/17,기관 이용약관,B-008_NASA 해수면 상승 전망 (SSP 1~5).xlsx,1.1_observation(측정값),95,
B-008,"NASA 해수면 상승 전망[SSP1, SSP2, SSP3, SSP4, SSP5]",observation,vnm-v121-b-008-obs-96-e7ad699ed1d89c3e,B-008_rsl_841_ssp370_q50,VNM,2040,0.14,m,,,,,,[전망치],IPCC AR6 Sea Level Projection Tool (NASA/IPCC),https://sealevel.nasa.gov/data_tools/17,기관 이용약관,B-008_NASA 해수면 상승 전망 (SSP 1~5).xlsx,1.1_observation(측정값),96,
B-008,"NASA 해수면 상승 전망[SSP1, SSP2, SSP3, SSP4, SSP5]",observation,vnm-v121-b-008-obs-97-5ce9e13487bc9a0d,B-008_rsl_841_ssp370_q50,VNM,2050,0.206,m,,,,,,[전망치],IPCC AR6 Sea Level Projection Tool (NASA/IPCC),https://sealevel.nasa.gov/data_tools/17,기관 이용약관,B-008_NASA 해수면 상승 전망 (SSP 1~5).xlsx,1.1_observation(측정값),97,
B-008,"NASA 해수면 상승 전망[SSP1, SSP2, SSP3, SSP4, SSP5]",observation,vnm-v121-b-008-obs-98-f6f89e13457d5ba1,B-008_rsl_841_ssp370_q50,VNM,2060,0.27,m,,,,,,[전망치],IPCC AR6 Sea Level Projection Tool (NASA/IPCC),https://sealevel.nasa.gov/data_tools/17,기관 이용약관,B-008_NASA 해수면 상승 전망 (SSP 1~5).xlsx,1.1_observation(측정값),98,
B-008,"NASA 해수면 상승 전망[SSP1, SSP2, SSP3, SSP4, SSP5]",observation,vnm-v121-b-008-obs-99-b6fad3006d2fc3a9,B-008_rsl_841_ssp370_q50,VNM,2070,0.355,m,,,,,,[전망치],IPCC AR6 Sea Level Projection Tool (NASA/IPCC),https://sealevel.nasa.gov/data_tools/17,기관 이용약관,B-008_NASA 해수면 상승 전망 (SSP 1~5).xlsx,1.1_observation(측정값),99,
B-008,"NASA 해수면 상승 전망[SSP1, SSP2, SSP3, SSP4, SSP5]",observation,vnm-v121-b-008-obs-100-0d8e0f01918d6582,B-008_rsl_841_ssp370_q50,VNM,2080,0.448,m,,,,,,[전망치],IPCC AR6 Sea Level Projection Tool (NASA/IPCC),https://sealevel.nasa.gov/data_tools/17,기관 이용약관,B-008_NASA 해수면 상승 전망 (SSP 1~5).xlsx,1.1_observation(측정값),100,
B-008,"NASA 해수면 상승 전망[SSP1, SSP2, SSP3, SSP4, SSP5]",observation,vnm-v121-b-008-obs-101-425031233d947dc6,B-008_rsl_841_ssp370_q50,VNM,2090,0.554,m,,,,,,[전망치],IPCC AR6 Sea Level Projection Tool (NASA/IPCC),https://sealevel.nasa.gov/data_tools/17,기관 이용약관,B-008_NASA 해수면 상승 전망 (SSP 1~5).xlsx,1.1_observation(측정값),101,
B-008,"NASA 해수면 상승 전망[SSP1, SSP2, SSP3, SSP4, SSP5]",observation,vnm-v121-b-008-obs-102-8c9fd0d8afdd0565,B-008_rsl_841_ssp370_q50,VNM,2100,0.678,m,,,,,,[전망치],IPCC AR6 Sea Level Projection Tool (NASA/IPCC),https://sealevel.nasa.gov/data_tools/17,기관 이용약관,B-008_NASA 해수면 상승 전망 (SSP 1~5).xlsx,1.1_observation(측정값),102,
B-008,"NASA 해수면 상승 전망[SSP1, SSP2, SSP3, SSP4, SSP5]",observation,vnm-v121-b-008-obs-103-2fbf42d92cd2f73f,B-008_rsl_841_ssp370_q83,VNM,2020,0.072,m,,,,,,[전망치],IPCC AR6 Sea Level Projection Tool (NASA/IPCC),https://sealevel.nasa.gov/data_tools/17,기관 이용약관,B-008_NASA 해수면 상승 전망 (SSP 1~5).xlsx,1.1_observation(측정값),103,
B-008,"NASA 해수면 상승 전망[SSP1, SSP2, SSP3, SSP4, SSP5]",observation,vnm-v121-b-008-obs-104-5cb646ff11488cf4,B-008_rsl_841_ssp370_q83,VNM,2030,0.13,m,,,,,,[전망치],IPCC AR6 Sea Level Projection Tool (NASA/IPCC),https://sealevel.nasa.gov/data_tools/17,기관 이용약관,B-008_NASA 해수면 상승 전망 (SSP 1~5).xlsx,1.1_observation(측정값),104,
B-008,"NASA 해수면 상승 전망[SSP1, SSP2, SSP3, SSP4, SSP5]",observation,vnm-v121-b-008-obs-105-dcb7e5498f46e85f,B-008_rsl_841_ssp370_q83,VNM,2040,0.198,m,,,,,,[전망치],IPCC AR6 Sea Level Projection Tool (NASA/IPCC),https://sealevel.nasa.gov/data_tools/17,기관 이용약관,B-008_NASA 해수면 상승 전망 (SSP 1~5).xlsx,1.1_observation(측정값),105,
B-008,"NASA 해수면 상승 전망[SSP1, SSP2, SSP3, SSP4, SSP5]",observation,vnm-v121-b-008-obs-106-00036ef278d9a548,B-008_rsl_841_ssp370_q83,VNM,2050,0.284,m,,,,,,[전망치],IPCC AR6 Sea Level Projection Tool (NASA/IPCC),https://sealevel.nasa.gov/data_tools/17,기관 이용약관,B-008_NASA 해수면 상승 전망 (SSP 1~5).xlsx,1.1_observation(측정값),106,
B-008,"NASA 해수면 상승 전망[SSP1, SSP2, SSP3, SSP4, SSP5]",observation,vnm-v121-b-008-obs-107-261a32beafc3d0ee,B-008_rsl_841_ssp370_q83,VNM,2060,0.372,m,,,,,,[전망치],IPCC AR6 Sea Level Projection Tool (NASA/IPCC),https://sealevel.nasa.gov/data_tools/17,기관 이용약관,B-008_NASA 해수면 상승 전망 (SSP 1~5).xlsx,1.1_observation(측정값),107,
B-008,"NASA 해수면 상승 전망[SSP1, SSP2, SSP3, SSP4, SSP5]",observation,vnm-v121-b-008-obs-108-535a6ca17ff15cbb,B-008_rsl_841_ssp370_q83,VNM,2070,0.485,m,,,,,,[전망치],IPCC AR6 Sea Level Projection Tool (NASA/IPCC),https://sealevel.nasa.gov/data_tools/17,기관 이용약관,B-008_NASA 해수면 상승 전망 (SSP 1~5).xlsx,1.1_observation(측정값),108,
B-008,"NASA 해수면 상승 전망[SSP1, SSP2, SSP3, SSP4, SSP5]",observation,vnm-v121-b-008-obs-109-5d37271d0b71f1e9,B-008_rsl_841_ssp370_q83,VNM,2080,0.616,m,,,,,,[전망치],IPCC AR6 Sea Level Projection Tool (NASA/IPCC),https://sealevel.nasa.gov/data_tools/17,기관 이용약관,B-008_NASA 해수면 상승 전망 (SSP 1~5).xlsx,1.1_observation(측정값),109,
B-008,"NASA 해수면 상승 전망[SSP1, SSP2, SSP3, SSP4, SSP5]",observation,vnm-v121-b-008-obs-110-0dcf15d10afc511a,B-008_rsl_841_ssp370_q83,VNM,2090,0.76,m,,,,,,[전망치],IPCC AR6 Sea Level Projection Tool (NASA/IPCC),https://sealevel.nasa.gov/data_tools/17,기관 이용약관,B-008_NASA 해수면 상승 전망 (SSP 1~5).xlsx,1.1_observation(측정값),110,
B-008,"NASA 해수면 상승 전망[SSP1, SSP2, SSP3, SSP4, SSP5]",observation,vnm-v121-b-008-obs-111-cb108ff582de79bc,B-008_rsl_841_ssp370_q83,VNM,2100,0.931,m,,,,,,[전망치],IPCC AR6 Sea Level Projection Tool (NASA/IPCC),https://sealevel.nasa.gov/data_tools/17,기관 이용약관,B-008_NASA 해수면 상승 전망 (SSP 1~5).xlsx,1.1_observation(측정값),111,
B-008,"NASA 해수면 상승 전망[SSP1, SSP2, SSP3, SSP4, SSP5]",observation,vnm-v121-b-008-obs-112-5296c563e67848d6,B-008_rsl_841_ssp585_q17,VNM,2020,0.026,m,,,,,,[전망치],IPCC AR6 Sea Level Projection Tool (NASA/IPCC),https://sealevel.nasa.gov/data_tools/17,기관 이용약관,B-008_NASA 해수면 상승 전망 (SSP 1~5).xlsx,1.1_observation(측정값),112,
B-008,"NASA 해수면 상승 전망[SSP1, SSP2, SSP3, SSP4, SSP5]",observation,vnm-v121-b-008-obs-113-95a453a7fa506f58,B-008_rsl_841_ssp585_q17,VNM,2030,0.063,m,,,,,,[전망치],IPCC AR6 Sea Level Projection Tool (NASA/IPCC),https://sealevel.nasa.gov/data_tools/17,기관 이용약관,B-008_NASA 해수면 상승 전망 (SSP 1~5).xlsx,1.1_observation(측정값),113,
B-008,"NASA 해수면 상승 전망[SSP1, SSP2, SSP3, SSP4, SSP5]",observation,vnm-v121-b-008-obs-114-11a3c5ab402a424f,B-008_rsl_841_ssp585_q17,VNM,2040,0.11,m,,,,,,[전망치],IPCC AR6 Sea Level Projection Tool (NASA/IPCC),https://sealevel.nasa.gov/data_tools/17,기관 이용약관,B-008_NASA 해수면 상승 전망 (SSP 1~5).xlsx,1.1_observation(측정값),114,
B-008,"NASA 해수면 상승 전망[SSP1, SSP2, SSP3, SSP4, SSP5]",observation,vnm-v121-b-008-obs-115-2cc5e792f5ae6b07,B-008_rsl_841_ssp585_q17,VNM,2050,0.171,m,,,,,,[전망치],IPCC AR6 Sea Level Projection Tool (NASA/IPCC),https://sealevel.nasa.gov/data_tools/17,기관 이용약관,B-008_NASA 해수면 상승 전망 (SSP 1~5).xlsx,1.1_observation(측정값),115,
B-008,"NASA 해수면 상승 전망[SSP1, SSP2, SSP3, SSP4, SSP5]",observation,vnm-v121-b-008-obs-116-69a0fee4b0273167,B-008_rsl_841_ssp585_q17,VNM,2060,0.232,m,,,,,,[전망치],IPCC AR6 Sea Level Projection Tool (NASA/IPCC),https://sealevel.nasa.gov/data_tools/17,기관 이용약관,B-008_NASA 해수면 상승 전망 (SSP 1~5).xlsx,1.1_observation(측정값),116,
B-008,"NASA 해수면 상승 전망[SSP1, SSP2, SSP3, SSP4, SSP5]",observation,vnm-v121-b-008-obs-117-441ba03a7740bf8e,B-008_rsl_841_ssp585_q17,VNM,2070,0.31,m,,,,,,[전망치],IPCC AR6 Sea Level Projection Tool (NASA/IPCC),https://sealevel.nasa.gov/data_tools/17,기관 이용약관,B-008_NASA 해수면 상승 전망 (SSP 1~5).xlsx,1.1_observation(측정값),117,
B-008,"NASA 해수면 상승 전망[SSP1, SSP2, SSP3, SSP4, SSP5]",observation,vnm-v121-b-008-obs-118-9e20a24bf1cb9900,B-008_rsl_841_ssp585_q17,VNM,2080,0.394,m,,,,,,[전망치],IPCC AR6 Sea Level Projection Tool (NASA/IPCC),https://sealevel.nasa.gov/data_tools/17,기관 이용약관,B-008_NASA 해수면 상승 전망 (SSP 1~5).xlsx,1.1_observation(측정값),118,
B-008,"NASA 해수면 상승 전망[SSP1, SSP2, SSP3, SSP4, SSP5]",observation,vnm-v121-b-008-obs-119-077b26b136c2885d,B-008_rsl_841_ssp585_q17,VNM,2090,0.495,m,,,,,,[전망치],IPCC AR6 Sea Level Projection Tool (NASA/IPCC),https://sealevel.nasa.gov/data_tools/17,기관 이용약관,B-008_NASA 해수면 상승 전망 (SSP 1~5).xlsx,1.1_observation(측정값),119,
B-008,"NASA 해수면 상승 전망[SSP1, SSP2, SSP3, SSP4, SSP5]",observation,vnm-v121-b-008-obs-120-93d10e76297fb96f,B-008_rsl_841_ssp585_q17,VNM,2100,0.597,m,,,,,,[전망치],IPCC AR6 Sea Level Projection Tool (NASA/IPCC),https://sealevel.nasa.gov/data_tools/17,기관 이용약관,B-008_NASA 해수면 상승 전망 (SSP 1~5).xlsx,1.1_observation(측정값),120,
B-008,"NASA 해수면 상승 전망[SSP1, SSP2, SSP3, SSP4, SSP5]",observation,vnm-v121-b-008-obs-121-eece8bc942f22361,B-008_rsl_841_ssp585_q50,VNM,2020,0.048,m,,,,,,[전망치],IPCC AR6 Sea Level Projection Tool (NASA/IPCC),https://sealevel.nasa.gov/data_tools/17,기관 이용약관,B-008_NASA 해수면 상승 전망 (SSP 1~5).xlsx,1.1_observation(측정값),121,
B-008,"NASA 해수면 상승 전망[SSP1, SSP2, SSP3, SSP4, SSP5]",observation,vnm-v121-b-008-obs-122-d6ee385ee78cfe12,B-008_rsl_841_ssp585_q50,VNM,2030,0.097,m,,,,,,[전망치],IPCC AR6 Sea Level Projection Tool (NASA/IPCC),https://sealevel.nasa.gov/data_tools/17,기관 이용약관,B-008_NASA 해수면 상승 전망 (SSP 1~5).xlsx,1.1_observation(측정값),122,
B-008,"NASA 해수면 상승 전망[SSP1, SSP2, SSP3, SSP4, SSP5]",observation,vnm-v121-b-008-obs-123-c0cfb6abd2688299,B-008_rsl_841_ssp585_q50,VNM,2040,0.156,m,,,,,,[전망치],IPCC AR6 Sea Level Projection Tool (NASA/IPCC),https://sealevel.nasa.gov/data_tools/17,기관 이용약관,B-008_NASA 해수면 상승 전망 (SSP 1~5).xlsx,1.1_observation(측정값),123,
B-008,"NASA 해수면 상승 전망[SSP1, SSP2, SSP3, SSP4, SSP5]",observation,vnm-v121-b-008-obs-124-10d16c0c927ea9f2,B-008_rsl_841_ssp585_q50,VNM,2050,0.231,m,,,,,,[전망치],IPCC AR6 Sea Level Projection Tool (NASA/IPCC),https://sealevel.nasa.gov/data_tools/17,기관 이용약관,B-008_NASA 해수면 상승 전망 (SSP 1~5).xlsx,1.1_observation(측정값),124,
B-008,"NASA 해수면 상승 전망[SSP1, SSP2, SSP3, SSP4, SSP5]",observation,vnm-v121-b-008-obs-125-84565579ad9b069a,B-008_rsl_841_ssp585_q50,VNM,2060,0.304,m,,,,,,[전망치],IPCC AR6 Sea Level Projection Tool (NASA/IPCC),https://sealevel.nasa.gov/data_tools/17,기관 이용약관,B-008_NASA 해수면 상승 전망 (SSP 1~5).xlsx,1.1_observation(측정값),125,
B-008,"NASA 해수면 상승 전망[SSP1, SSP2, SSP3, SSP4, SSP5]",observation,vnm-v121-b-008-obs-126-0d0c5d36996343a3,B-008_rsl_841_ssp585_q50,VNM,2070,0.401,m,,,,,,[전망치],IPCC AR6 Sea Level Projection Tool (NASA/IPCC),https://sealevel.nasa.gov/data_tools/17,기관 이용약관,B-008_NASA 해수면 상승 전망 (SSP 1~5).xlsx,1.1_observation(측정값),126,
B-008,"NASA 해수면 상승 전망[SSP1, SSP2, SSP3, SSP4, SSP5]",observation,vnm-v121-b-008-obs-127-29d158318ec24073,B-008_rsl_841_ssp585_q50,VNM,2080,0.511,m,,,,,,[전망치],IPCC AR6 Sea Level Projection Tool (NASA/IPCC),https://sealevel.nasa.gov/data_tools/17,기관 이용약관,B-008_NASA 해수면 상승 전망 (SSP 1~5).xlsx,1.1_observation(측정값),127,
B-008,"NASA 해수면 상승 전망[SSP1, SSP2, SSP3, SSP4, SSP5]",observation,vnm-v121-b-008-obs-128-b7e668accfbc9be5,B-008_rsl_841_ssp585_q50,VNM,2090,0.638,m,,,,,,[전망치],IPCC AR6 Sea Level Projection Tool (NASA/IPCC),https://sealevel.nasa.gov/data_tools/17,기관 이용약관,B-008_NASA 해수면 상승 전망 (SSP 1~5).xlsx,1.1_observation(측정값),128,
B-008,"NASA 해수면 상승 전망[SSP1, SSP2, SSP3, SSP4, SSP5]",observation,vnm-v121-b-008-obs-129-4d1ed8d5e2e4e040,B-008_rsl_841_ssp585_q50,VNM,2100,0.778,m,,,,,,[전망치],IPCC AR6 Sea Level Projection Tool (NASA/IPCC),https://sealevel.nasa.gov/data_tools/17,기관 이용약관,B-008_NASA 해수면 상승 전망 (SSP 1~5).xlsx,1.1_observation(측정값),129,
B-008,"NASA 해수면 상승 전망[SSP1, SSP2, SSP3, SSP4, SSP5]",observation,vnm-v121-b-008-obs-130-a323d5baab0f23a0,B-008_rsl_841_ssp585_q83,VNM,2020,0.074,m,,,,,,[전망치],IPCC AR6 Sea Level Projection Tool (NASA/IPCC),https://sealevel.nasa.gov/data_tools/17,기관 이용약관,B-008_NASA 해수면 상승 전망 (SSP 1~5).xlsx,1.1_observation(측정값),130,
B-008,"NASA 해수면 상승 전망[SSP1, SSP2, SSP3, SSP4, SSP5]",observation,vnm-v121-b-008-obs-131-2e34818b182553fa,B-008_rsl_841_ssp585_q83,VNM,2030,0.137,m,,,,,,[전망치],IPCC AR6 Sea Level Projection Tool (NASA/IPCC),https://sealevel.nasa.gov/data_tools/17,기관 이용약관,B-008_NASA 해수면 상승 전망 (SSP 1~5).xlsx,1.1_observation(측정값),131,
B-008,"NASA 해수면 상승 전망[SSP1, SSP2, SSP3, SSP4, SSP5]",observation,vnm-v121-b-008-obs-132-4f8bebe924ed01b9,B-008_rsl_841_ssp585_q83,VNM,2040,0.215,m,,,,,,[전망치],IPCC AR6 Sea Level Projection Tool (NASA/IPCC),https://sealevel.nasa.gov/data_tools/17,기관 이용약관,B-008_NASA 해수면 상승 전망 (SSP 1~5).xlsx,1.1_observation(측정값),132,
B-008,"NASA 해수면 상승 전망[SSP1, SSP2, SSP3, SSP4, SSP5]",observation,vnm-v121-b-008-obs-133-ccc90eb875a48f32,B-008_rsl_841_ssp585_q83,VNM,2050,0.311,m,,,,,,[전망치],IPCC AR6 Sea Level Projection Tool (NASA/IPCC),https://sealevel.nasa.gov/data_tools/17,기관 이용약관,B-008_NASA 해수면 상승 전망 (SSP 1~5).xlsx,1.1_observation(측정값),133,
B-008,"NASA 해수면 상승 전망[SSP1, SSP2, SSP3, SSP4, SSP5]",observation,vnm-v121-b-008-obs-134-a49522de320182e7,B-008_rsl_841_ssp585_q83,VNM,2060,0.409,m,,,,,,[전망치],IPCC AR6 Sea Level Projection Tool (NASA/IPCC),https://sealevel.nasa.gov/data_tools/17,기관 이용약관,B-008_NASA 해수면 상승 전망 (SSP 1~5).xlsx,1.1_observation(측정값),134,
B-008,"NASA 해수면 상승 전망[SSP1, SSP2, SSP3, SSP4, SSP5]",observation,vnm-v121-b-008-obs-135-9fb5933c80bd90d0,B-008_rsl_841_ssp585_q83,VNM,2070,0.539,m,,,,,,[전망치],IPCC AR6 Sea Level Projection Tool (NASA/IPCC),https://sealevel.nasa.gov/data_tools/17,기관 이용약관,B-008_NASA 해수면 상승 전망 (SSP 1~5).xlsx,1.1_observation(측정값),135,
B-008,"NASA 해수면 상승 전망[SSP1, SSP2, SSP3, SSP4, SSP5]",observation,vnm-v121-b-008-obs-136-2dbab79a6dfb9731,B-008_rsl_841_ssp585_q83,VNM,2080,0.69,m,,,,,,[전망치],IPCC AR6 Sea Level Projection Tool (NASA/IPCC),https://sealevel.nasa.gov/data_tools/17,기관 이용약관,B-008_NASA 해수면 상승 전망 (SSP 1~5).xlsx,1.1_observation(측정값),136,
B-008,"NASA 해수면 상승 전망[SSP1, SSP2, SSP3, SSP4, SSP5]",observation,vnm-v121-b-008-obs-137-0dbb92bfe6bb177a,B-008_rsl_841_ssp585_q83,VNM,2090,0.862,m,,,,,,[전망치],IPCC AR6 Sea Level Projection Tool (NASA/IPCC),https://sealevel.nasa.gov/data_tools/17,기관 이용약관,B-008_NASA 해수면 상승 전망 (SSP 1~5).xlsx,1.1_observation(측정값),137,
B-008,"NASA 해수면 상승 전망[SSP1, SSP2, SSP3, SSP4, SSP5]",observation,vnm-v121-b-008-obs-138-5f5e209fc8778776,B-008_rsl_841_ssp585_q83,VNM,2100,1.058,m,,,,,,[전망치],IPCC AR6 Sea Level Projection Tool (NASA/IPCC),https://sealevel.nasa.gov/data_tools/17,기관 이용약관,B-008_NASA 해수면 상승 전망 (SSP 1~5).xlsx,1.1_observation(측정값),138,
B-008,"NASA 해수면 상승 전망[SSP1, SSP2, SSP3, SSP4, SSP5]",observation,vnm-v121-b-008-obs-139-ae440a70f892af44,B-008_rsl_1003_ssp119_q17,VNM,2020,-0.069,m,,,,,,[전망치],IPCC AR6 Sea Level Projection Tool (NASA/IPCC),https://sealevel.nasa.gov/data_tools/17,기관 이용약관,B-008_NASA 해수면 상승 전망 (SSP 1~5).xlsx,1.1_observation(측정값),139,
B-008,"NASA 해수면 상승 전망[SSP1, SSP2, SSP3, SSP4, SSP5]",observation,vnm-v121-b-008-obs-140-cb4660917368125d,B-008_rsl_1003_ssp119_q17,VNM,2030,-0.109,m,,,,,,[전망치],IPCC AR6 Sea Level Projection Tool (NASA/IPCC),https://sealevel.nasa.gov/data_tools/17,기관 이용약관,B-008_NASA 해수면 상승 전망 (SSP 1~5).xlsx,1.1_observation(측정값),140,
B-008,"NASA 해수면 상승 전망[SSP1, SSP2, SSP3, SSP4, SSP5]",observation,vnm-v121-b-008-obs-141-ba9e8c3dd2c1e1a1,B-008_rsl_1003_ssp119_q17,VNM,2040,-0.153,m,,,,,,[전망치],IPCC AR6 Sea Level Projection Tool (NASA/IPCC),https://sealevel.nasa.gov/data_tools/17,기관 이용약관,B-008_NASA 해수면 상승 전망 (SSP 1~5).xlsx,1.1_observation(측정값),141,
B-008,"NASA 해수면 상승 전망[SSP1, SSP2, SSP3, SSP4, SSP5]",observation,vnm-v121-b-008-obs-142-c43aa410f23d931b,B-008_rsl_1003_ssp119_q17,VNM,2050,-0.181,m,,,,,,[전망치],IPCC AR6 Sea Level Projection Tool (NASA/IPCC),https://sealevel.nasa.gov/data_tools/17,기관 이용약관,B-008_NASA 해수면 상승 전망 (SSP 1~5).xlsx,1.1_observation(측정값),142,
B-008,"NASA 해수면 상승 전망[SSP1, SSP2, SSP3, SSP4, SSP5]",observation,vnm-v121-b-008-obs-143-4db48f8630b9151a,B-008_rsl_1003_ssp119_q17,VNM,2060,-0.231,m,,,,,,[전망치],IPCC AR6 Sea Level Projection Tool (NASA/IPCC),https://sealevel.nasa.gov/data_tools/17,기관 이용약관,B-008_NASA 해수면 상승 전망 (SSP 1~5).xlsx,1.1_observation(측정값),143,
B-008,"NASA 해수면 상승 전망[SSP1, SSP2, SSP3, SSP4, SSP5]",observation,vnm-v121-b-008-obs-144-f76f9d34af811b79,B-008_rsl_1003_ssp119_q17,VNM,2070,-0.276,m,,,,,,[전망치],IPCC AR6 Sea Level Projection Tool (NASA/IPCC),https://sealevel.nasa.gov/data_tools/17,기관 이용약관,B-008_NASA 해수면 상승 전망 (SSP 1~5).xlsx,1.1_observation(측정값),144,
B-008,"NASA 해수면 상승 전망[SSP1, SSP2, SSP3, SSP4, SSP5]",observation,vnm-v121-b-008-obs-145-fcb9447b261c3524,B-008_rsl_1003_ssp119_q17,VNM,2080,-0.325,m,,,,,,[전망치],IPCC AR6 Sea Level Projection Tool (NASA/IPCC),https://sealevel.nasa.gov/data_tools/17,기관 이용약관,B-008_NASA 해수면 상승 전망 (SSP 1~5).xlsx,1.1_observation(측정값),145,
B-008,"NASA 해수면 상승 전망[SSP1, SSP2, SSP3, SSP4, SSP5]",observation,vnm-v121-b-008-obs-146-ed6b4c21ff6abc64,B-008_rsl_1003_ssp119_q17,VNM,2090,-0.364,m,,,,,,[전망치],IPCC AR6 Sea Level Projection Tool (NASA/IPCC),https://sealevel.nasa.gov/data_tools/17,기관 이용약관,B-008_NASA 해수면 상승 전망 (SSP 1~5).xlsx,1.1_observation(측정값),146,
B-008,"NASA 해수면 상승 전망[SSP1, SSP2, SSP3, SSP4, SSP5]",observation,vnm-v121-b-008-obs-147-8b0442990227c8a1,B-008_rsl_1003_ssp119_q17,VNM,2100,-0.438,m,,,,,,[전망치],IPCC AR6 Sea Level Projection Tool (NASA/IPCC),https://sealevel.nasa.gov/data_tools/17,기관 이용약관,B-008_NASA 해수면 상승 전망 (SSP 1~5).xlsx,1.1_observation(측정값),147,
B-008,"NASA 해수면 상승 전망[SSP1, SSP2, SSP3, SSP4, SSP5]",observation,vnm-v121-b-008-obs-148-2a924a30646f0f7b,B-008_rsl_1003_ssp119_q50,VNM,2020,-0.052,m,,,,,,[전망치],IPCC AR6 Sea Level Projection Tool (NASA/IPCC),https://sealevel.nasa.gov/data_tools/17,기관 이용약관,B-008_NASA 해수면 상승 전망 (SSP 1~5).xlsx,1.1_observation(측정값),148,
B-008,"NASA 해수면 상승 전망[SSP1, SSP2, SSP3, SSP4, SSP5]",observation,vnm-v121-b-008-obs-149-1ee2e2affe5f9ba4,B-008_rsl_1003_ssp119_q50,VNM,2030,-0.076,m,,,,,,[전망치],IPCC AR6 Sea Level Projection Tool (NASA/IPCC),https://sealevel.nasa.gov/data_tools/17,기관 이용약관,B-008_NASA 해수면 상승 전망 (SSP 1~5).xlsx,1.1_observation(측정값),149,
B-008,"NASA 해수면 상승 전망[SSP1, SSP2, SSP3, SSP4, SSP5]",observation,vnm-v121-b-008-obs-150-4c5a61cb306f5c4d,B-008_rsl_1003_ssp119_q50,VNM,2040,-0.108,m,,,,,,[전망치],IPCC AR6 Sea Level Projection Tool (NASA/IPCC),https://sealevel.nasa.gov/data_tools/17,기관 이용약관,B-008_NASA 해수면 상승 전망 (SSP 1~5).xlsx,1.1_observation(측정값),150,
B-008,"NASA 해수면 상승 전망[SSP1, SSP2, SSP3, SSP4, SSP5]",observation,vnm-v121-b-008-obs-151-71d89ed9b296be54,B-008_rsl_1003_ssp119_q50,VNM,2050,-0.125,m,,,,,,[전망치],IPCC AR6 Sea Level Projection Tool (NASA/IPCC),https://sealevel.nasa.gov/data_tools/17,기관 이용약관,B-008_NASA 해수면 상승 전망 (SSP 1~5).xlsx,1.1_observation(측정값),151,
B-008,"NASA 해수면 상승 전망[SSP1, SSP2, SSP3, SSP4, SSP5]",observation,vnm-v121-b-008-obs-152-1628fee8bab22df2,B-008_rsl_1003_ssp119_q50,VNM,2060,-0.161,m,,,,,,[전망치],IPCC AR6 Sea Level Projection Tool (NASA/IPCC),https://sealevel.nasa.gov/data_tools/17,기관 이용약관,B-008_NASA 해수면 상승 전망 (SSP 1~5).xlsx,1.1_observation(측정값),152,
B-008,"NASA 해수면 상승 전망[SSP1, SSP2, SSP3, SSP4, SSP5]",observation,vnm-v121-b-008-obs-153-ebdfceca500984fa,B-008_rsl_1003_ssp119_q50,VNM,2070,-0.186,m,,,,,,[전망치],IPCC AR6 Sea Level Projection Tool (NASA/IPCC),https://sealevel.nasa.gov/data_tools/17,기관 이용약관,B-008_NASA 해수면 상승 전망 (SSP 1~5).xlsx,1.1_observation(측정값),153,
B-008,"NASA 해수면 상승 전망[SSP1, SSP2, SSP3, SSP4, SSP5]",observation,vnm-v121-b-008-obs-154-d3e151b08ec33e9c,B-008_rsl_1003_ssp119_q50,VNM,2080,-0.218,m,,,,,,[전망치],IPCC AR6 Sea Level Projection Tool (NASA/IPCC),https://sealevel.nasa.gov/data_tools/17,기관 이용약관,B-008_NASA 해수면 상승 전망 (SSP 1~5).xlsx,1.1_observation(측정값),154,
B-008,"NASA 해수면 상승 전망[SSP1, SSP2, SSP3, SSP4, SSP5]",observation,vnm-v121-b-008-obs-155-9b63a90153207397,B-008_rsl_1003_ssp119_q50,VNM,2090,-0.241,m,,,,,,[전망치],IPCC AR6 Sea Level Projection Tool (NASA/IPCC),https://sealevel.nasa.gov/data_tools/17,기관 이용약관,B-008_NASA 해수면 상승 전망 (SSP 1~5).xlsx,1.1_observation(측정값),155,
B-008,"NASA 해수면 상승 전망[SSP1, SSP2, SSP3, SSP4, SSP5]",observation,vnm-v121-b-008-obs-156-bd19d30980e6b7d7,B-008_rsl_1003_ssp119_q50,VNM,2100,-0.274,m,,,,,,[전망치],IPCC AR6 Sea Level Projection Tool (NASA/IPCC),https://sealevel.nasa.gov/data_tools/17,기관 이용약관,B-008_NASA 해수면 상승 전망 (SSP 1~5).xlsx,1.1_observation(측정값),156,
B-008,"NASA 해수면 상승 전망[SSP1, SSP2, SSP3, SSP4, SSP5]",observation,vnm-v121-b-008-obs-157-66095a4941c2df9c,B-008_rsl_1003_ssp119_q83,VNM,2020,-0.031,m,,,,,,[전망치],IPCC AR6 Sea Level Projection Tool (NASA/IPCC),https://sealevel.nasa.gov/data_tools/17,기관 이용약관,B-008_NASA 해수면 상승 전망 (SSP 1~5).xlsx,1.1_observation(측정값),157,
B-008,"NASA 해수면 상승 전망[SSP1, SSP2, SSP3, SSP4, SSP5]",observation,vnm-v121-b-008-obs-158-b20fea49f0a07756,B-008_rsl_1003_ssp119_q83,VNM,2030,-0.036,m,,,,,,[전망치],IPCC AR6 Sea Level Projection Tool (NASA/IPCC),https://sealevel.nasa.gov/data_tools/17,기관 이용약관,B-008_NASA 해수면 상승 전망 (SSP 1~5).xlsx,1.1_observation(측정값),158,
B-008,"NASA 해수면 상승 전망[SSP1, SSP2, SSP3, SSP4, SSP5]",observation,vnm-v121-b-008-obs-159-6fa7c7d189b65d86,B-008_rsl_1003_ssp119_q83,VNM,2040,-0.05,m,,,,,,[전망치],IPCC AR6 Sea Level Projection Tool (NASA/IPCC),https://sealevel.nasa.gov/data_tools/17,기관 이용약관,B-008_NASA 해수면 상승 전망 (SSP 1~5).xlsx,1.1_observation(측정값),159,
B-008,"NASA 해수면 상승 전망[SSP1, SSP2, SSP3, SSP4, SSP5]",observation,vnm-v121-b-008-obs-160-b14424b0a2f007c8,B-008_rsl_1003_ssp119_q83,VNM,2050,-0.051,m,,,,,,[전망치],IPCC AR6 Sea Level Projection Tool (NASA/IPCC),https://sealevel.nasa.gov/data_tools/17,기관 이용약관,B-008_NASA 해수면 상승 전망 (SSP 1~5).xlsx,1.1_observation(측정값),160,
B-008,"NASA 해수면 상승 전망[SSP1, SSP2, SSP3, SSP4, SSP5]",observation,vnm-v121-b-008-obs-161-7a27b4b7ee166bbe,B-008_rsl_1003_ssp119_q83,VNM,2060,-0.065,m,,,,,,[전망치],IPCC AR6 Sea Level Projection Tool (NASA/IPCC),https://sealevel.nasa.gov/data_tools/17,기관 이용약관,B-008_NASA 해수면 상승 전망 (SSP 1~5).xlsx,1.1_observation(측정값),161,
B-008,"NASA 해수면 상승 전망[SSP1, SSP2, SSP3, SSP4, SSP5]",observation,vnm-v121-b-008-obs-162-2e62e083674db5b0,B-008_rsl_1003_ssp119_q83,VNM,2070,-0.063,m,,,,,,[전망치],IPCC AR6 Sea Level Projection Tool (NASA/IPCC),https://sealevel.nasa.gov/data_tools/17,기관 이용약관,B-008_NASA 해수면 상승 전망 (SSP 1~5).xlsx,1.1_observation(측정값),162,
B-008,"NASA 해수면 상승 전망[SSP1, SSP2, SSP3, SSP4, SSP5]",observation,vnm-v121-b-008-obs-163-08e2528659e173b7,B-008_rsl_1003_ssp119_q83,VNM,2080,-0.071,m,,,,,,[전망치],IPCC AR6 Sea Level Projection Tool (NASA/IPCC),https://sealevel.nasa.gov/data_tools/17,기관 이용약관,B-008_NASA 해수면 상승 전망 (SSP 1~5).xlsx,1.1_observation(측정값),163,
B-008,"NASA 해수면 상승 전망[SSP1, SSP2, SSP3, SSP4, SSP5]",observation,vnm-v121-b-008-obs-164-70f3b8dfea944d87,B-008_rsl_1003_ssp119_q83,VNM,2090,-0.07,m,,,,,,[전망치],IPCC AR6 Sea Level Projection Tool (NASA/IPCC),https://sealevel.nasa.gov/data_tools/17,기관 이용약관,B-008_NASA 해수면 상승 전망 (SSP 1~5).xlsx,1.1_observation(측정값),164,
B-008,"NASA 해수면 상승 전망[SSP1, SSP2, SSP3, SSP4, SSP5]",observation,vnm-v121-b-008-obs-165-26808720565b4074,B-008_rsl_1003_ssp119_q83,VNM,2100,-0.069,m,,,,,,[전망치],IPCC AR6 Sea Level Projection Tool (NASA/IPCC),https://sealevel.nasa.gov/data_tools/17,기관 이용약관,B-008_NASA 해수면 상승 전망 (SSP 1~5).xlsx,1.1_observation(측정값),165,
B-008,"NASA 해수면 상승 전망[SSP1, SSP2, SSP3, SSP4, SSP5]",observation,vnm-v121-b-008-obs-166-acaaac1ad55bce1a,B-008_rsl_1003_ssp126_q17,VNM,2020,-0.088,m,,,,,,[전망치],IPCC AR6 Sea Level Projection Tool (NASA/IPCC),https://sealevel.nasa.gov/data_tools/17,기관 이용약관,B-008_NASA 해수면 상승 전망 (SSP 1~5).xlsx,1.1_observation(측정값),166,
B-008,"NASA 해수면 상승 전망[SSP1, SSP2, SSP3, SSP4, SSP5]",observation,vnm-v121-b-008-obs-167-2e8a4aecf55ba182,B-008_rsl_1003_ssp126_q17,VNM,2030,-0.125,m,,,,,,[전망치],IPCC AR6 Sea Level Projection Tool (NASA/IPCC),https://sealevel.nasa.gov/data_tools/17,기관 이용약관,B-008_NASA 해수면 상승 전망 (SSP 1~5).xlsx,1.1_observation(측정값),167,
B-008,"NASA 해수면 상승 전망[SSP1, SSP2, SSP3, SSP4, SSP5]",observation,vnm-v121-b-008-obs-168-a48199f602788712,B-008_rsl_1003_ssp126_q17,VNM,2040,-0.158,m,,,,,,[전망치],IPCC AR6 Sea Level Projection Tool (NASA/IPCC),https://sealevel.nasa.gov/data_tools/17,기관 이용약관,B-008_NASA 해수면 상승 전망 (SSP 1~5).xlsx,1.1_observation(측정값),168,
B-008,"NASA 해수면 상승 전망[SSP1, SSP2, SSP3, SSP4, SSP5]",observation,vnm-v121-b-008-obs-169-bb740b650f2c1b1c,B-008_rsl_1003_ssp126_q17,VNM,2050,-0.184,m,,,,,,[전망치],IPCC AR6 Sea Level Projection Tool (NASA/IPCC),https://sealevel.nasa.gov/data_tools/17,기관 이용약관,B-008_NASA 해수면 상승 전망 (SSP 1~5).xlsx,1.1_observation(측정값),169,
B-008,"NASA 해수면 상승 전망[SSP1, SSP2, SSP3, SSP4, SSP5]",observation,vnm-v121-b-008-obs-170-b0af56546c518e3c,B-008_rsl_1003_ssp126_q17,VNM,2060,-0.222,m,,,,,,[전망치],IPCC AR6 Sea Level Projection Tool (NASA/IPCC),https://sealevel.nasa.gov/data_tools/17,기관 이용약관,B-008_NASA 해수면 상승 전망 (SSP 1~5).xlsx,1.1_observation(측정값),170,
B-008,"NASA 해수면 상승 전망[SSP1, SSP2, SSP3, SSP4, SSP5]",observation,vnm-v121-b-008-obs-171-dce7cdbdd9737e2e,B-008_rsl_1003_ssp126_q17,VNM,2070,-0.25,m,,,,,,[전망치],IPCC AR6 Sea Level Projection Tool (NASA/IPCC),https://sealevel.nasa.gov/data_tools/17,기관 이용약관,B-008_NASA 해수면 상승 전망 (SSP 1~5).xlsx,1.1_observation(측정값),171,
B-008,"NASA 해수면 상승 전망[SSP1, SSP2, SSP3, SSP4, SSP5]",observation,vnm-v121-b-008-obs-172-81a5093f8e27f05a,B-008_rsl_1003_ssp126_q17,VNM,2080,-0.291,m,,,,,,[전망치],IPCC AR6 Sea Level Projection Tool (NASA/IPCC),https://sealevel.nasa.gov/data_tools/17,기관 이용약관,B-008_NASA 해수면 상승 전망 (SSP 1~5).xlsx,1.1_observation(측정값),172,
B-008,"NASA 해수면 상승 전망[SSP1, SSP2, SSP3, SSP4, SSP5]",observation,vnm-v121-b-008-obs-173-0afee8e963c30490,B-008_rsl_1003_ssp126_q17,VNM,2090,-0.33,m,,,,,,[전망치],IPCC AR6 Sea Level Projection Tool (NASA/IPCC),https://sealevel.nasa.gov/data_tools/17,기관 이용약관,B-008_NASA 해수면 상승 전망 (SSP 1~5).xlsx,1.1_observation(측정값),173,
B-008,"NASA 해수면 상승 전망[SSP1, SSP2, SSP3, SSP4, SSP5]",observation,vnm-v121-b-008-obs-174-0be64caa6ebad638,B-008_rsl_1003_ssp126_q17,VNM,2100,-0.394,m,,,,,,[전망치],IPCC AR6 Sea Level Projection Tool (NASA/IPCC),https://sealevel.nasa.gov/data_tools/17,기관 이용약관,B-008_NASA 해수면 상승 전망 (SSP 1~5).xlsx,1.1_observation(측정값),174,
B-008,"NASA 해수면 상승 전망[SSP1, SSP2, SSP3, SSP4, SSP5]",observation,vnm-v121-b-008-obs-175-a7e08850bd4c5f80,B-008_rsl_1003_ssp126_q50,VNM,2020,-0.057,m,,,,,,[전망치],IPCC AR6 Sea Level Projection Tool (NASA/IPCC),https://sealevel.nasa.gov/data_tools/17,기관 이용약관,B-008_NASA 해수면 상승 전망 (SSP 1~5).xlsx,1.1_observation(측정값),175,
B-008,"NASA 해수면 상승 전망[SSP1, SSP2, SSP3, SSP4, SSP5]",observation,vnm-v121-b-008-obs-176-3a408c116c2555a3,B-008_rsl_1003_ssp126_q50,VNM,2030,-0.084,m,,,,,,[전망치],IPCC AR6 Sea Level Projection Tool (NASA/IPCC),https://sealevel.nasa.gov/data_tools/17,기관 이용약관,B-008_NASA 해수면 상승 전망 (SSP 1~5).xlsx,1.1_observation(측정값),176,
B-008,"NASA 해수면 상승 전망[SSP1, SSP2, SSP3, SSP4, SSP5]",observation,vnm-v121-b-008-obs-177-c508ec1fc77246fa,B-008_rsl_1003_ssp126_q50,VNM,2040,-0.11,m,,,,,,[전망치],IPCC AR6 Sea Level Projection Tool (NASA/IPCC),https://sealevel.nasa.gov/data_tools/17,기관 이용약관,B-008_NASA 해수면 상승 전망 (SSP 1~5).xlsx,1.1_observation(측정값),177,
B-008,"NASA 해수면 상승 전망[SSP1, SSP2, SSP3, SSP4, SSP5]",observation,vnm-v121-b-008-obs-178-273f95ff413a922b,B-008_rsl_1003_ssp126_q50,VNM,2050,-0.124,m,,,,,,[전망치],IPCC AR6 Sea Level Projection Tool (NASA/IPCC),https://sealevel.nasa.gov/data_tools/17,기관 이용약관,B-008_NASA 해수면 상승 전망 (SSP 1~5).xlsx,1.1_observation(측정값),178,
B-008,"NASA 해수면 상승 전망[SSP1, SSP2, SSP3, SSP4, SSP5]",observation,vnm-v121-b-008-obs-179-b4ebedcbf2fb4f68,B-008_rsl_1003_ssp126_q50,VNM,2060,-0.15,m,,,,,,[전망치],IPCC AR6 Sea Level Projection Tool (NASA/IPCC),https://sealevel.nasa.gov/data_tools/17,기관 이용약관,B-008_NASA 해수면 상승 전망 (SSP 1~5).xlsx,1.1_observation(측정값),179,
B-008,"NASA 해수면 상승 전망[SSP1, SSP2, SSP3, SSP4, SSP5]",observation,vnm-v121-b-008-obs-180-82d0c097cc7cc07a,B-008_rsl_1003_ssp126_q50,VNM,2070,-0.162,m,,,,,,[전망치],IPCC AR6 Sea Level Projection Tool (NASA/IPCC),https://sealevel.nasa.gov/data_tools/17,기관 이용약관,B-008_NASA 해수면 상승 전망 (SSP 1~5).xlsx,1.1_observation(측정값),180,
B-008,"NASA 해수면 상승 전망[SSP1, SSP2, SSP3, SSP4, SSP5]",observation,vnm-v121-b-008-obs-181-d997024cf63baec6,B-008_rsl_1003_ssp126_q50,VNM,2080,-0.182,m,,,,,,[전망치],IPCC AR6 Sea Level Projection Tool (NASA/IPCC),https://sealevel.nasa.gov/data_tools/17,기관 이용약관,B-008_NASA 해수면 상승 전망 (SSP 1~5).xlsx,1.1_observation(측정값),181,
B-008,"NASA 해수면 상승 전망[SSP1, SSP2, SSP3, SSP4, SSP5]",observation,vnm-v121-b-008-obs-182-8332f01e1c97091b,B-008_rsl_1003_ssp126_q50,VNM,2090,-0.204,m,,,,,,[전망치],IPCC AR6 Sea Level Projection Tool (NASA/IPCC),https://sealevel.nasa.gov/data_tools/17,기관 이용약관,B-008_NASA 해수면 상승 전망 (SSP 1~5).xlsx,1.1_observation(측정값),182,
B-008,"NASA 해수면 상승 전망[SSP1, SSP2, SSP3, SSP4, SSP5]",observation,vnm-v121-b-008-obs-183-151641b757587afc,B-008_rsl_1003_ssp126_q50,VNM,2100,-0.232,m,,,,,,[전망치],IPCC AR6 Sea Level Projection Tool (NASA/IPCC),https://sealevel.nasa.gov/data_tools/17,기관 이용약관,B-008_NASA 해수면 상승 전망 (SSP 1~5).xlsx,1.1_observation(측정값),183,
B-008,"NASA 해수면 상승 전망[SSP1, SSP2, SSP3, SSP4, SSP5]",observation,vnm-v121-b-008-obs-184-da67f9f4f9e980ce,B-008_rsl_1003_ssp126_q83,VNM,2020,-0.023,m,,,,,,[전망치],IPCC AR6 Sea Level Projection Tool (NASA/IPCC),https://sealevel.nasa.gov/data_tools/17,기관 이용약관,B-008_NASA 해수면 상승 전망 (SSP 1~5).xlsx,1.1_observation(측정값),184,
B-008,"NASA 해수면 상승 전망[SSP1, SSP2, SSP3, SSP4, SSP5]",observation,vnm-v121-b-008-obs-185-ebb59cac546b20d6,B-008_rsl_1003_ssp126_q83,VNM,2030,-0.038,m,,,,,,[전망치],IPCC AR6 Sea Level Projection Tool (NASA/IPCC),https://sealevel.nasa.gov/data_tools/17,기관 이용약관,B-008_NASA 해수면 상승 전망 (SSP 1~5).xlsx,1.1_observation(측정값),185,
B-008,"NASA 해수면 상승 전망[SSP1, SSP2, SSP3, SSP4, SSP5]",observation,vnm-v121-b-008-obs-186-d287e8eb1c62ca3d,B-008_rsl_1003_ssp126_q83,VNM,2040,-0.053,m,,,,,,[전망치],IPCC AR6 Sea Level Projection Tool (NASA/IPCC),https://sealevel.nasa.gov/data_tools/17,기관 이용약관,B-008_NASA 해수면 상승 전망 (SSP 1~5).xlsx,1.1_observation(측정값),186,
B-008,"NASA 해수면 상승 전망[SSP1, SSP2, SSP3, SSP4, SSP5]",observation,vnm-v121-b-008-obs-187-9009ad28152016f6,B-008_rsl_1003_ssp126_q83,VNM,2050,-0.048,m,,,,,,[전망치],IPCC AR6 Sea Level Projection Tool (NASA/IPCC),https://sealevel.nasa.gov/data_tools/17,기관 이용약관,B-008_NASA 해수면 상승 전망 (SSP 1~5).xlsx,1.1_observation(측정값),187,
B-008,"NASA 해수면 상승 전망[SSP1, SSP2, SSP3, SSP4, SSP5]",observation,vnm-v121-b-008-obs-188-c984e8be1616d0bf,B-008_rsl_1003_ssp126_q83,VNM,2060,-0.053,m,,,,,,[전망치],IPCC AR6 Sea Level Projection Tool (NASA/IPCC),https://sealevel.nasa.gov/data_tools/17,기관 이용약관,B-008_NASA 해수면 상승 전망 (SSP 1~5).xlsx,1.1_observation(측정값),188,
B-008,"NASA 해수면 상승 전망[SSP1, SSP2, SSP3, SSP4, SSP5]",observation,vnm-v121-b-008-obs-189-15cac46496922fa4,B-008_rsl_1003_ssp126_q83,VNM,2070,-0.042,m,,,,,,[전망치],IPCC AR6 Sea Level Projection Tool (NASA/IPCC),https://sealevel.nasa.gov/data_tools/17,기관 이용약관,B-008_NASA 해수면 상승 전망 (SSP 1~5).xlsx,1.1_observation(측정값),189,
B-008,"NASA 해수면 상승 전망[SSP1, SSP2, SSP3, SSP4, SSP5]",observation,vnm-v121-b-008-obs-190-e39d2e3d26c683e3,B-008_rsl_1003_ssp126_q83,VNM,2080,-0.034,m,,,,,,[전망치],IPCC AR6 Sea Level Projection Tool (NASA/IPCC),https://sealevel.nasa.gov/data_tools/17,기관 이용약관,B-008_NASA 해수면 상승 전망 (SSP 1~5).xlsx,1.1_observation(측정값),190,
B-008,"NASA 해수면 상승 전망[SSP1, SSP2, SSP3, SSP4, SSP5]",observation,vnm-v121-b-008-obs-191-d826a49c1c74173c,B-008_rsl_1003_ssp126_q83,VNM,2090,-0.029,m,,,,,,[전망치],IPCC AR6 Sea Level Projection Tool (NASA/IPCC),https://sealevel.nasa.gov/data_tools/17,기관 이용약관,B-008_NASA 해수면 상승 전망 (SSP 1~5).xlsx,1.1_observation(측정값),191,
B-008,"NASA 해수면 상승 전망[SSP1, SSP2, SSP3, SSP4, SSP5]",observation,vnm-v121-b-008-obs-192-3f3de55cb6e79a67,B-008_rsl_1003_ssp126_q83,VNM,2100,-0.021,m,,,,,,[전망치],IPCC AR6 Sea Level Projection Tool (NASA/IPCC),https://sealevel.nasa.gov/data_tools/17,기관 이용약관,B-008_NASA 해수면 상승 전망 (SSP 1~5).xlsx,1.1_observation(측정값),192,
B-008,"NASA 해수면 상승 전망[SSP1, SSP2, SSP3, SSP4, SSP5]",observation,vnm-v121-b-008-obs-193-1c95ceae9ef45ee5,B-008_rsl_1003_ssp245_q17,VNM,2020,-0.083,m,,,,,,[전망치],IPCC AR6 Sea Level Projection Tool (NASA/IPCC),https://sealevel.nasa.gov/data_tools/17,기관 이용약관,B-008_NASA 해수면 상승 전망 (SSP 1~5).xlsx,1.1_observation(측정값),193,
B-008,"NASA 해수면 상승 전망[SSP1, SSP2, SSP3, SSP4, SSP5]",observation,vnm-v121-b-008-obs-194-8ff8a6c6fd5b4248,B-008_rsl_1003_ssp245_q17,VNM,2030,-0.119,m,,,,,,[전망치],IPCC AR6 Sea Level Projection Tool (NASA/IPCC),https://sealevel.nasa.gov/data_tools/17,기관 이용약관,B-008_NASA 해수면 상승 전망 (SSP 1~5).xlsx,1.1_observation(측정값),194,
B-008,"NASA 해수면 상승 전망[SSP1, SSP2, SSP3, SSP4, SSP5]",observation,vnm-v121-b-008-obs-195-0eb226fd81c3c50b,B-008_rsl_1003_ssp245_q17,VNM,2040,-0.153,m,,,,,,[전망치],IPCC AR6 Sea Level Projection Tool (NASA/IPCC),https://sealevel.nasa.gov/data_tools/17,기관 이용약관,B-008_NASA 해수면 상승 전망 (SSP 1~5).xlsx,1.1_observation(측정값),195,
B-008,"NASA 해수면 상승 전망[SSP1, SSP2, SSP3, SSP4, SSP5]",observation,vnm-v121-b-008-obs-196-b8f396270dd1b739,B-008_rsl_1003_ssp245_q17,VNM,2050,-0.173,m,,,,,,[전망치],IPCC AR6 Sea Level Projection Tool (NASA/IPCC),https://sealevel.nasa.gov/data_tools/17,기관 이용약관,B-008_NASA 해수면 상승 전망 (SSP 1~5).xlsx,1.1_observation(측정값),196,
B-008,"NASA 해수면 상승 전망[SSP1, SSP2, SSP3, SSP4, SSP5]",observation,vnm-v121-b-008-obs-197-ff11063b3708ac70,B-008_rsl_1003_ssp245_q17,VNM,2060,-0.197,m,,,,,,[전망치],IPCC AR6 Sea Level Projection Tool (NASA/IPCC),https://sealevel.nasa.gov/data_tools/17,기관 이용약관,B-008_NASA 해수면 상승 전망 (SSP 1~5).xlsx,1.1_observation(측정값),197,
B-008,"NASA 해수면 상승 전망[SSP1, SSP2, SSP3, SSP4, SSP5]",observation,vnm-v121-b-008-obs-198-2402ad97ab2b20e0,B-008_rsl_1003_ssp245_q17,VNM,2070,-0.22,m,,,,,,[전망치],IPCC AR6 Sea Level Projection Tool (NASA/IPCC),https://sealevel.nasa.gov/data_tools/17,기관 이용약관,B-008_NASA 해수면 상승 전망 (SSP 1~5).xlsx,1.1_observation(측정값),198,
B-008,"NASA 해수면 상승 전망[SSP1, SSP2, SSP3, SSP4, SSP5]",observation,vnm-v121-b-008-obs-199-a2fcce4bffd7e1bf,B-008_rsl_1003_ssp245_q17,VNM,2080,-0.244,m,,,,,,[전망치],IPCC AR6 Sea Level Projection Tool (NASA/IPCC),https://sealevel.nasa.gov/data_tools/17,기관 이용약관,B-008_NASA 해수면 상승 전망 (SSP 1~5).xlsx,1.1_observation(측정값),199,
B-008,"NASA 해수면 상승 전망[SSP1, SSP2, SSP3, SSP4, SSP5]",observation,vnm-v121-b-008-obs-200-bf4cdbe27dd63866,B-008_rsl_1003_ssp245_q17,VNM,2090,-0.261,m,,,,,,[전망치],IPCC AR6 Sea Level Projection Tool (NASA/IPCC),https://sealevel.nasa.gov/data_tools/17,기관 이용약관,B-008_NASA 해수면 상승 전망 (SSP 1~5).xlsx,1.1_observation(측정값),200,
B-008,"NASA 해수면 상승 전망[SSP1, SSP2, SSP3, SSP4, SSP5]",observation,vnm-v121-b-008-obs-201-de0d4d8f38d5df64,B-008_rsl_1003_ssp245_q17,VNM,2100,-0.264,m,,,,,,[전망치],IPCC AR6 Sea Level Projection Tool (NASA/IPCC),https://sealevel.nasa.gov/data_tools/17,기관 이용약관,B-008_NASA 해수면 상승 전망 (SSP 1~5).xlsx,1.1_observation(측정값),201,
B-008,"NASA 해수면 상승 전망[SSP1, SSP2, SSP3, SSP4, SSP5]",observation,vnm-v121-b-008-obs-202-b659ac23b0044241,B-008_rsl_1003_ssp245_q50,VNM,2020,-0.057,m,,,,,,[전망치],IPCC AR6 Sea Level Projection Tool (NASA/IPCC),https://sealevel.nasa.gov/data_tools/17,기관 이용약관,B-008_NASA 해수면 상승 전망 (SSP 1~5).xlsx,1.1_observation(측정값),202,
B-008,"NASA 해수면 상승 전망[SSP1, SSP2, SSP3, SSP4, SSP5]",observation,vnm-v121-b-008-obs-203-5922014a26264644,B-008_rsl_1003_ssp245_q50,VNM,2030,-0.084,m,,,,,,[전망치],IPCC AR6 Sea Level Projection Tool (NASA/IPCC),https://sealevel.nasa.gov/data_tools/17,기관 이용약관,B-008_NASA 해수면 상승 전망 (SSP 1~5).xlsx,1.1_observation(측정값),203,
B-008,"NASA 해수면 상승 전망[SSP1, SSP2, SSP3, SSP4, SSP5]",observation,vnm-v121-b-008-obs-204-5c332e14a6d34845,B-008_rsl_1003_ssp245_q50,VNM,2040,-0.106,m,,,,,,[전망치],IPCC AR6 Sea Level Projection Tool (NASA/IPCC),https://sealevel.nasa.gov/data_tools/17,기관 이용약관,B-008_NASA 해수면 상승 전망 (SSP 1~5).xlsx,1.1_observation(측정값),204,
B-008,"NASA 해수면 상승 전망[SSP1, SSP2, SSP3, SSP4, SSP5]",observation,vnm-v121-b-008-obs-205-6ff67e6bf2ffb2cd,B-008_rsl_1003_ssp245_q50,VNM,2050,-0.113,m,,,,,,[전망치],IPCC AR6 Sea Level Projection Tool (NASA/IPCC),https://sealevel.nasa.gov/data_tools/17,기관 이용약관,B-008_NASA 해수면 상승 전망 (SSP 1~5).xlsx,1.1_observation(측정값),205,
B-008,"NASA 해수면 상승 전망[SSP1, SSP2, SSP3, SSP4, SSP5]",observation,vnm-v121-b-008-obs-206-2391f711f8fc3b59,B-008_rsl_1003_ssp245_q50,VNM,2060,-0.124,m,,,,,,[전망치],IPCC AR6 Sea Level Projection Tool (NASA/IPCC),https://sealevel.nasa.gov/data_tools/17,기관 이용약관,B-008_NASA 해수면 상승 전망 (SSP 1~5).xlsx,1.1_observation(측정값),206,
B-008,"NASA 해수면 상승 전망[SSP1, SSP2, SSP3, SSP4, SSP5]",observation,vnm-v121-b-008-obs-207-ef61e655011c9681,B-008_rsl_1003_ssp245_q50,VNM,2070,-0.126,m,,,,,,[전망치],IPCC AR6 Sea Level Projection Tool (NASA/IPCC),https://sealevel.nasa.gov/data_tools/17,기관 이용약관,B-008_NASA 해수면 상승 전망 (SSP 1~5).xlsx,1.1_observation(측정값),207,
B-008,"NASA 해수면 상승 전망[SSP1, SSP2, SSP3, SSP4, SSP5]",observation,vnm-v121-b-008-obs-208-4e3fa612ae7abad5,B-008_rsl_1003_ssp245_q50,VNM,2080,-0.128,m,,,,,,[전망치],IPCC AR6 Sea Level Projection Tool (NASA/IPCC),https://sealevel.nasa.gov/data_tools/17,기관 이용약관,B-008_NASA 해수면 상승 전망 (SSP 1~5).xlsx,1.1_observation(측정값),208,
B-008,"NASA 해수면 상승 전망[SSP1, SSP2, SSP3, SSP4, SSP5]",observation,vnm-v121-b-008-obs-209-dbf079ad18aad1d5,B-008_rsl_1003_ssp245_q50,VNM,2090,-0.123,m,,,,,,[전망치],IPCC AR6 Sea Level Projection Tool (NASA/IPCC),https://sealevel.nasa.gov/data_tools/17,기관 이용약관,B-008_NASA 해수면 상승 전망 (SSP 1~5).xlsx,1.1_observation(측정값),209,
B-008,"NASA 해수면 상승 전망[SSP1, SSP2, SSP3, SSP4, SSP5]",observation,vnm-v121-b-008-obs-210-783d7e4daf0a79f8,B-008_rsl_1003_ssp245_q50,VNM,2100,-0.099,m,,,,,,[전망치],IPCC AR6 Sea Level Projection Tool (NASA/IPCC),https://sealevel.nasa.gov/data_tools/17,기관 이용약관,B-008_NASA 해수면 상승 전망 (SSP 1~5).xlsx,1.1_observation(측정값),210,
B-008,"NASA 해수면 상승 전망[SSP1, SSP2, SSP3, SSP4, SSP5]",observation,vnm-v121-b-008-obs-211-765377b4050e8d4d,B-008_rsl_1003_ssp245_q83,VNM,2020,-0.03,m,,,,,,[전망치],IPCC AR6 Sea Level Projection Tool (NASA/IPCC),https://sealevel.nasa.gov/data_tools/17,기관 이용약관,B-008_NASA 해수면 상승 전망 (SSP 1~5).xlsx,1.1_observation(측정값),211,
B-008,"NASA 해수면 상승 전망[SSP1, SSP2, SSP3, SSP4, SSP5]",observation,vnm-v121-b-008-obs-212-e057a205e60b1f2a,B-008_rsl_1003_ssp245_q83,VNM,2030,-0.043,m,,,,,,[전망치],IPCC AR6 Sea Level Projection Tool (NASA/IPCC),https://sealevel.nasa.gov/data_tools/17,기관 이용약관,B-008_NASA 해수면 상승 전망 (SSP 1~5).xlsx,1.1_observation(측정값),212,
B-008,"NASA 해수면 상승 전망[SSP1, SSP2, SSP3, SSP4, SSP5]",observation,vnm-v121-b-008-obs-213-8c187cab83f3984b,B-008_rsl_1003_ssp245_q83,VNM,2040,-0.049,m,,,,,,[전망치],IPCC AR6 Sea Level Projection Tool (NASA/IPCC),https://sealevel.nasa.gov/data_tools/17,기관 이용약관,B-008_NASA 해수면 상승 전망 (SSP 1~5).xlsx,1.1_observation(측정값),213,
B-008,"NASA 해수면 상승 전망[SSP1, SSP2, SSP3, SSP4, SSP5]",observation,vnm-v121-b-008-obs-214-a431a8d26f49e09d,B-008_rsl_1003_ssp245_q83,VNM,2050,-0.035,m,,,,,,[전망치],IPCC AR6 Sea Level Projection Tool (NASA/IPCC),https://sealevel.nasa.gov/data_tools/17,기관 이용약관,B-008_NASA 해수면 상승 전망 (SSP 1~5).xlsx,1.1_observation(측정값),214,
B-008,"NASA 해수면 상승 전망[SSP1, SSP2, SSP3, SSP4, SSP5]",observation,vnm-v121-b-008-obs-215-715c6312ca9a4706,B-008_rsl_1003_ssp245_q83,VNM,2060,-0.023,m,,,,,,[전망치],IPCC AR6 Sea Level Projection Tool (NASA/IPCC),https://sealevel.nasa.gov/data_tools/17,기관 이용약관,B-008_NASA 해수면 상승 전망 (SSP 1~5).xlsx,1.1_observation(측정값),215,
B-008,"NASA 해수면 상승 전망[SSP1, SSP2, SSP3, SSP4, SSP5]",observation,vnm-v121-b-008-obs-216-b8986e0c8e08dc82,B-008_rsl_1003_ssp245_q83,VNM,2070,0.006,m,,,,,,[전망치],IPCC AR6 Sea Level Projection Tool (NASA/IPCC),https://sealevel.nasa.gov/data_tools/17,기관 이용약관,B-008_NASA 해수면 상승 전망 (SSP 1~5).xlsx,1.1_observation(측정값),216,
B-008,"NASA 해수면 상승 전망[SSP1, SSP2, SSP3, SSP4, SSP5]",observation,vnm-v121-b-008-obs-217-4107a6027645d822,B-008_rsl_1003_ssp245_q83,VNM,2080,0.036,m,,,,,,[전망치],IPCC AR6 Sea Level Projection Tool (NASA/IPCC),https://sealevel.nasa.gov/data_tools/17,기관 이용약관,B-008_NASA 해수면 상승 전망 (SSP 1~5).xlsx,1.1_observation(측정값),217,
B-008,"NASA 해수면 상승 전망[SSP1, SSP2, SSP3, SSP4, SSP5]",observation,vnm-v121-b-008-obs-218-6f12dd7fddf6c4f8,B-008_rsl_1003_ssp245_q83,VNM,2090,0.075,m,,,,,,[전망치],IPCC AR6 Sea Level Projection Tool (NASA/IPCC),https://sealevel.nasa.gov/data_tools/17,기관 이용약관,B-008_NASA 해수면 상승 전망 (SSP 1~5).xlsx,1.1_observation(측정값),218,
B-008,"NASA 해수면 상승 전망[SSP1, SSP2, SSP3, SSP4, SSP5]",observation,vnm-v121-b-008-obs-219-69b277e3c8fbcbf3,B-008_rsl_1003_ssp245_q83,VNM,2100,0.137,m,,,,,,[전망치],IPCC AR6 Sea Level Projection Tool (NASA/IPCC),https://sealevel.nasa.gov/data_tools/17,기관 이용약관,B-008_NASA 해수면 상승 전망 (SSP 1~5).xlsx,1.1_observation(측정값),219,
B-008,"NASA 해수면 상승 전망[SSP1, SSP2, SSP3, SSP4, SSP5]",observation,vnm-v121-b-008-obs-220-11c9ce5d07fdb9a3,B-008_rsl_1003_ssp370_q17,VNM,2020,-0.086,m,,,,,,[전망치],IPCC AR6 Sea Level Projection Tool (NASA/IPCC),https://sealevel.nasa.gov/data_tools/17,기관 이용약관,B-008_NASA 해수면 상승 전망 (SSP 1~5).xlsx,1.1_observation(측정값),220,
B-008,"NASA 해수면 상승 전망[SSP1, SSP2, SSP3, SSP4, SSP5]",observation,vnm-v121-b-008-obs-221-2046394ff37f2ac7,B-008_rsl_1003_ssp370_q17,VNM,2030,-0.122,m,,,,,,[전망치],IPCC AR6 Sea Level Projection Tool (NASA/IPCC),https://sealevel.nasa.gov/data_tools/17,기관 이용약관,B-008_NASA 해수면 상승 전망 (SSP 1~5).xlsx,1.1_observation(측정값),221,
B-008,"NASA 해수면 상승 전망[SSP1, SSP2, SSP3, SSP4, SSP5]",observation,vnm-v121-b-008-obs-222-da479c6448fd3e87,B-008_rsl_1003_ssp370_q17,VNM,2040,-0.152,m,,,,,,[전망치],IPCC AR6 Sea Level Projection Tool (NASA/IPCC),https://sealevel.nasa.gov/data_tools/17,기관 이용약관,B-008_NASA 해수면 상승 전망 (SSP 1~5).xlsx,1.1_observation(측정값),222,
B-008,"NASA 해수면 상승 전망[SSP1, SSP2, SSP3, SSP4, SSP5]",observation,vnm-v121-b-008-obs-223-a72b298f69d28458,B-008_rsl_1003_ssp370_q17,VNM,2050,-0.172,m,,,,,,[전망치],IPCC AR6 Sea Level Projection Tool (NASA/IPCC),https://sealevel.nasa.gov/data_tools/17,기관 이용약관,B-008_NASA 해수면 상승 전망 (SSP 1~5).xlsx,1.1_observation(측정값),223,
B-008,"NASA 해수면 상승 전망[SSP1, SSP2, SSP3, SSP4, SSP5]",observation,vnm-v121-b-008-obs-224-65e14d798de6a305,B-008_rsl_1003_ssp370_q17,VNM,2060,-0.192,m,,,,,,[전망치],IPCC AR6 Sea Level Projection Tool (NASA/IPCC),https://sealevel.nasa.gov/data_tools/17,기관 이용약관,B-008_NASA 해수면 상승 전망 (SSP 1~5).xlsx,1.1_observation(측정값),224,
B-008,"NASA 해수면 상승 전망[SSP1, SSP2, SSP3, SSP4, SSP5]",observation,vnm-v121-b-008-obs-225-7548f1b9fa1a250f,B-008_rsl_1003_ssp370_q17,VNM,2070,-0.197,m,,,,,,[전망치],IPCC AR6 Sea Level Projection Tool (NASA/IPCC),https://sealevel.nasa.gov/data_tools/17,기관 이용약관,B-008_NASA 해수면 상승 전망 (SSP 1~5).xlsx,1.1_observation(측정값),225,
B-008,"NASA 해수면 상승 전망[SSP1, SSP2, SSP3, SSP4, SSP5]",observation,vnm-v121-b-008-obs-226-3f850887016a1a5d,B-008_rsl_1003_ssp370_q17,VNM,2080,-0.199,m,,,,,,[전망치],IPCC AR6 Sea Level Projection Tool (NASA/IPCC),https://sealevel.nasa.gov/data_tools/17,기관 이용약관,B-008_NASA 해수면 상승 전망 (SSP 1~5).xlsx,1.1_observation(측정값),226,
B-008,"NASA 해수면 상승 전망[SSP1, SSP2, SSP3, SSP4, SSP5]",observation,vnm-v121-b-008-obs-227-46466789fd0bb136,B-008_rsl_1003_ssp370_q17,VNM,2090,-0.186,m,,,,,,[전망치],IPCC AR6 Sea Level Projection Tool (NASA/IPCC),https://sealevel.nasa.gov/data_tools/17,기관 이용약관,B-008_NASA 해수면 상승 전망 (SSP 1~5).xlsx,1.1_observation(측정값),227,
B-008,"NASA 해수면 상승 전망[SSP1, SSP2, SSP3, SSP4, SSP5]",observation,vnm-v121-b-008-obs-228-3397428015387c08,B-008_rsl_1003_ssp370_q17,VNM,2100,-0.17,m,,,,,,[전망치],IPCC AR6 Sea Level Projection Tool (NASA/IPCC),https://sealevel.nasa.gov/data_tools/17,기관 이용약관,B-008_NASA 해수면 상승 전망 (SSP 1~5).xlsx,1.1_observation(측정값),228,
B-008,"NASA 해수면 상승 전망[SSP1, SSP2, SSP3, SSP4, SSP5]",observation,vnm-v121-b-008-obs-229-e2f070309b52c2b2,B-008_rsl_1003_ssp370_q50,VNM,2020,-0.062,m,,,,,,[전망치],IPCC AR6 Sea Level Projection Tool (NASA/IPCC),https://sealevel.nasa.gov/data_tools/17,기관 이용약관,B-008_NASA 해수면 상승 전망 (SSP 1~5).xlsx,1.1_observation(측정값),229,
B-008,"NASA 해수면 상승 전망[SSP1, SSP2, SSP3, SSP4, SSP5]",observation,vnm-v121-b-008-obs-230-5b35023dff39601d,B-008_rsl_1003_ssp370_q50,VNM,2030,-0.087,m,,,,,,[전망치],IPCC AR6 Sea Level Projection Tool (NASA/IPCC),https://sealevel.nasa.gov/data_tools/17,기관 이용약관,B-008_NASA 해수면 상승 전망 (SSP 1~5).xlsx,1.1_observation(측정값),230,
B-008,"NASA 해수면 상승 전망[SSP1, SSP2, SSP3, SSP4, SSP5]",observation,vnm-v121-b-008-obs-231-63a348383cd12cd6,B-008_rsl_1003_ssp370_q50,VNM,2040,-0.106,m,,,,,,[전망치],IPCC AR6 Sea Level Projection Tool (NASA/IPCC),https://sealevel.nasa.gov/data_tools/17,기관 이용약관,B-008_NASA 해수면 상승 전망 (SSP 1~5).xlsx,1.1_observation(측정값),231,
B-008,"NASA 해수면 상승 전망[SSP1, SSP2, SSP3, SSP4, SSP5]",observation,vnm-v121-b-008-obs-232-f4f86b0f199a4e1d,B-008_rsl_1003_ssp370_q50,VNM,2050,-0.11,m,,,,,,[전망치],IPCC AR6 Sea Level Projection Tool (NASA/IPCC),https://sealevel.nasa.gov/data_tools/17,기관 이용약관,B-008_NASA 해수면 상승 전망 (SSP 1~5).xlsx,1.1_observation(측정값),232,
B-008,"NASA 해수면 상승 전망[SSP1, SSP2, SSP3, SSP4, SSP5]",observation,vnm-v121-b-008-obs-233-73ab86c4234fa674,B-008_rsl_1003_ssp370_q50,VNM,2060,-0.116,m,,,,,,[전망치],IPCC AR6 Sea Level Projection Tool (NASA/IPCC),https://sealevel.nasa.gov/data_tools/17,기관 이용약관,B-008_NASA 해수면 상승 전망 (SSP 1~5).xlsx,1.1_observation(측정값),233,
B-008,"NASA 해수면 상승 전망[SSP1, SSP2, SSP3, SSP4, SSP5]",observation,vnm-v121-b-008-obs-234-8d30d276d4c7eff3,B-008_rsl_1003_ssp370_q50,VNM,2070,-0.102,m,,,,,,[전망치],IPCC AR6 Sea Level Projection Tool (NASA/IPCC),https://sealevel.nasa.gov/data_tools/17,기관 이용약관,B-008_NASA 해수면 상승 전망 (SSP 1~5).xlsx,1.1_observation(측정값),234,
B-008,"NASA 해수면 상승 전망[SSP1, SSP2, SSP3, SSP4, SSP5]",observation,vnm-v121-b-008-obs-235-d5b5ffb900c2da76,B-008_rsl_1003_ssp370_q50,VNM,2080,-0.079,m,,,,,,[전망치],IPCC AR6 Sea Level Projection Tool (NASA/IPCC),https://sealevel.nasa.gov/data_tools/17,기관 이용약관,B-008_NASA 해수면 상승 전망 (SSP 1~5).xlsx,1.1_observation(측정값),235,
B-008,"NASA 해수면 상승 전망[SSP1, SSP2, SSP3, SSP4, SSP5]",observation,vnm-v121-b-008-obs-236-09d16dafe2f1f4a1,B-008_rsl_1003_ssp370_q50,VNM,2090,-0.044,m,,,,,,[전망치],IPCC AR6 Sea Level Projection Tool (NASA/IPCC),https://sealevel.nasa.gov/data_tools/17,기관 이용약관,B-008_NASA 해수면 상승 전망 (SSP 1~5).xlsx,1.1_observation(측정값),236,
B-008,"NASA 해수면 상승 전망[SSP1, SSP2, SSP3, SSP4, SSP5]",observation,vnm-v121-b-008-obs-237-b036276436df8cad,B-008_rsl_1003_ssp370_q50,VNM,2100,0.011,m,,,,,,[전망치],IPCC AR6 Sea Level Projection Tool (NASA/IPCC),https://sealevel.nasa.gov/data_tools/17,기관 이용약관,B-008_NASA 해수면 상승 전망 (SSP 1~5).xlsx,1.1_observation(측정값),237,
B-008,"NASA 해수면 상승 전망[SSP1, SSP2, SSP3, SSP4, SSP5]",observation,vnm-v121-b-008-obs-238-0582940f85cb2e82,B-008_rsl_1003_ssp370_q83,VNM,2020,-0.034,m,,,,,,[전망치],IPCC AR6 Sea Level Projection Tool (NASA/IPCC),https://sealevel.nasa.gov/data_tools/17,기관 이용약관,B-008_NASA 해수면 상승 전망 (SSP 1~5).xlsx,1.1_observation(측정값),238,
B-008,"NASA 해수면 상승 전망[SSP1, SSP2, SSP3, SSP4, SSP5]",observation,vnm-v121-b-008-obs-239-ffae2759c991171f,B-008_rsl_1003_ssp370_q83,VNM,2030,-0.045,m,,,,,,[전망치],IPCC AR6 Sea Level Projection Tool (NASA/IPCC),https://sealevel.nasa.gov/data_tools/17,기관 이용약관,B-008_NASA 해수면 상승 전망 (SSP 1~5).xlsx,1.1_observation(측정값),239,
B-008,"NASA 해수면 상승 전망[SSP1, SSP2, SSP3, SSP4, SSP5]",observation,vnm-v121-b-008-obs-240-008defdd10094bb6,B-008_rsl_1003_ssp370_q83,VNM,2040,-0.047,m,,,,,,[전망치],IPCC AR6 Sea Level Projection Tool (NASA/IPCC),https://sealevel.nasa.gov/data_tools/17,기관 이용약관,B-008_NASA 해수면 상승 전망 (SSP 1~5).xlsx,1.1_observation(측정값),240,
B-008,"NASA 해수면 상승 전망[SSP1, SSP2, SSP3, SSP4, SSP5]",observation,vnm-v121-b-008-obs-241-d17d4426b149e892,B-008_rsl_1003_ssp370_q83,VNM,2050,-0.031,m,,,,,,[전망치],IPCC AR6 Sea Level Projection Tool (NASA/IPCC),https://sealevel.nasa.gov/data_tools/17,기관 이용약관,B-008_NASA 해수면 상승 전망 (SSP 1~5).xlsx,1.1_observation(측정값),241,
B-008,"NASA 해수면 상승 전망[SSP1, SSP2, SSP3, SSP4, SSP5]",observation,vnm-v121-b-008-obs-242-508dc7494f6c191b,B-008_rsl_1003_ssp370_q83,VNM,2060,-0.013,m,,,,,,[전망치],IPCC AR6 Sea Level Projection Tool (NASA/IPCC),https://sealevel.nasa.gov/data_tools/17,기관 이용약관,B-008_NASA 해수면 상승 전망 (SSP 1~5).xlsx,1.1_observation(측정값),242,
B-008,"NASA 해수면 상승 전망[SSP1, SSP2, SSP3, SSP4, SSP5]",observation,vnm-v121-b-008-obs-243-689bc2ace3c655e3,B-008_rsl_1003_ssp370_q83,VNM,2070,0.03,m,,,,,,[전망치],IPCC AR6 Sea Level Projection Tool (NASA/IPCC),https://sealevel.nasa.gov/data_tools/17,기관 이용약관,B-008_NASA 해수면 상승 전망 (SSP 1~5).xlsx,1.1_observation(측정값),243,
B-008,"NASA 해수면 상승 전망[SSP1, SSP2, SSP3, SSP4, SSP5]",observation,vnm-v121-b-008-obs-244-2d4b5bdcae6df9bc,B-008_rsl_1003_ssp370_q83,VNM,2080,0.09,m,,,,,,[전망치],IPCC AR6 Sea Level Projection Tool (NASA/IPCC),https://sealevel.nasa.gov/data_tools/17,기관 이용약관,B-008_NASA 해수면 상승 전망 (SSP 1~5).xlsx,1.1_observation(측정값),244,
B-008,"NASA 해수면 상승 전망[SSP1, SSP2, SSP3, SSP4, SSP5]",observation,vnm-v121-b-008-obs-245-f03a38009953466b,B-008_rsl_1003_ssp370_q83,VNM,2090,0.165,m,,,,,,[전망치],IPCC AR6 Sea Level Projection Tool (NASA/IPCC),https://sealevel.nasa.gov/data_tools/17,기관 이용약관,B-008_NASA 해수면 상승 전망 (SSP 1~5).xlsx,1.1_observation(측정값),245,
B-008,"NASA 해수면 상승 전망[SSP1, SSP2, SSP3, SSP4, SSP5]",observation,vnm-v121-b-008-obs-246-795cc81861fc3c2a,B-008_rsl_1003_ssp370_q83,VNM,2100,0.266,m,,,,,,[전망치],IPCC AR6 Sea Level Projection Tool (NASA/IPCC),https://sealevel.nasa.gov/data_tools/17,기관 이용약관,B-008_NASA 해수면 상승 전망 (SSP 1~5).xlsx,1.1_observation(측정값),246,
B-008,"NASA 해수면 상승 전망[SSP1, SSP2, SSP3, SSP4, SSP5]",observation,vnm-v121-b-008-obs-247-4b5c47610d312933,B-008_rsl_1003_ssp585_q17,VNM,2020,-0.081,m,,,,,,[전망치],IPCC AR6 Sea Level Projection Tool (NASA/IPCC),https://sealevel.nasa.gov/data_tools/17,기관 이용약관,B-008_NASA 해수면 상승 전망 (SSP 1~5).xlsx,1.1_observation(측정값),247,
B-008,"NASA 해수면 상승 전망[SSP1, SSP2, SSP3, SSP4, SSP5]",observation,vnm-v121-b-008-obs-248-30b631c41af67dad,B-008_rsl_1003_ssp585_q17,VNM,2030,-0.114,m,,,,,,[전망치],IPCC AR6 Sea Level Projection Tool (NASA/IPCC),https://sealevel.nasa.gov/data_tools/17,기관 이용약관,B-008_NASA 해수면 상승 전망 (SSP 1~5).xlsx,1.1_observation(측정값),248,
B-008,"NASA 해수면 상승 전망[SSP1, SSP2, SSP3, SSP4, SSP5]",observation,vnm-v121-b-008-obs-249-5d9e48ef7455ab31,B-008_rsl_1003_ssp585_q17,VNM,2040,-0.139,m,,,,,,[전망치],IPCC AR6 Sea Level Projection Tool (NASA/IPCC),https://sealevel.nasa.gov/data_tools/17,기관 이용약관,B-008_NASA 해수면 상승 전망 (SSP 1~5).xlsx,1.1_observation(측정값),249,
B-008,"NASA 해수면 상승 전망[SSP1, SSP2, SSP3, SSP4, SSP5]",observation,vnm-v121-b-008-obs-250-9c8c521384b1e649,B-008_rsl_1003_ssp585_q17,VNM,2050,-0.149,m,,,,,,[전망치],IPCC AR6 Sea Level Projection Tool (NASA/IPCC),https://sealevel.nasa.gov/data_tools/17,기관 이용약관,B-008_NASA 해수면 상승 전망 (SSP 1~5).xlsx,1.1_observation(측정값),250,
B-008,"NASA 해수면 상승 전망[SSP1, SSP2, SSP3, SSP4, SSP5]",observation,vnm-v121-b-008-obs-251-e3f30ab8d8408a25,B-008_rsl_1003_ssp585_q17,VNM,2060,-0.159,m,,,,,,[전망치],IPCC AR6 Sea Level Projection Tool (NASA/IPCC),https://sealevel.nasa.gov/data_tools/17,기관 이용약관,B-008_NASA 해수면 상승 전망 (SSP 1~5).xlsx,1.1_observation(측정값),251,
B-008,"NASA 해수면 상승 전망[SSP1, SSP2, SSP3, SSP4, SSP5]",observation,vnm-v121-b-008-obs-252-cd21fcf5cd94dbee,B-008_rsl_1003_ssp585_q17,VNM,2070,-0.152,m,,,,,,[전망치],IPCC AR6 Sea Level Projection Tool (NASA/IPCC),https://sealevel.nasa.gov/data_tools/17,기관 이용약관,B-008_NASA 해수면 상승 전망 (SSP 1~5).xlsx,1.1_observation(측정값),252,
B-008,"NASA 해수면 상승 전망[SSP1, SSP2, SSP3, SSP4, SSP5]",observation,vnm-v121-b-008-obs-253-f171ee118185ac83,B-008_rsl_1003_ssp585_q17,VNM,2080,-0.138,m,,,,,,[전망치],IPCC AR6 Sea Level Projection Tool (NASA/IPCC),https://sealevel.nasa.gov/data_tools/17,기관 이용약관,B-008_NASA 해수면 상승 전망 (SSP 1~5).xlsx,1.1_observation(측정값),253,
B-008,"NASA 해수면 상승 전망[SSP1, SSP2, SSP3, SSP4, SSP5]",observation,vnm-v121-b-008-obs-254-8642664cbf2d7e82,B-008_rsl_1003_ssp585_q17,VNM,2090,-0.108,m,,,,,,[전망치],IPCC AR6 Sea Level Projection Tool (NASA/IPCC),https://sealevel.nasa.gov/data_tools/17,기관 이용약관,B-008_NASA 해수면 상승 전망 (SSP 1~5).xlsx,1.1_observation(측정값),254,
B-008,"NASA 해수면 상승 전망[SSP1, SSP2, SSP3, SSP4, SSP5]",observation,vnm-v121-b-008-obs-255-4078592abc263fb7,B-008_rsl_1003_ssp585_q17,VNM,2100,-0.076,m,,,,,,[전망치],IPCC AR6 Sea Level Projection Tool (NASA/IPCC),https://sealevel.nasa.gov/data_tools/17,기관 이용약관,B-008_NASA 해수면 상승 전망 (SSP 1~5).xlsx,1.1_observation(측정값),255,
B-008,"NASA 해수면 상승 전망[SSP1, SSP2, SSP3, SSP4, SSP5]",observation,vnm-v121-b-008-obs-256-0cc94e2715cf8e15,B-008_rsl_1003_ssp585_q50,VNM,2020,-0.057,m,,,,,,[전망치],IPCC AR6 Sea Level Projection Tool (NASA/IPCC),https://sealevel.nasa.gov/data_tools/17,기관 이용약관,B-008_NASA 해수면 상승 전망 (SSP 1~5).xlsx,1.1_observation(측정값),256,
B-008,"NASA 해수면 상승 전망[SSP1, SSP2, SSP3, SSP4, SSP5]",observation,vnm-v121-b-008-obs-257-735bddbeaf2287f3,B-008_rsl_1003_ssp585_q50,VNM,2030,-0.079,m,,,,,,[전망치],IPCC AR6 Sea Level Projection Tool (NASA/IPCC),https://sealevel.nasa.gov/data_tools/17,기관 이용약관,B-008_NASA 해수면 상승 전망 (SSP 1~5).xlsx,1.1_observation(측정값),257,
B-008,"NASA 해수면 상승 전망[SSP1, SSP2, SSP3, SSP4, SSP5]",observation,vnm-v121-b-008-obs-258-8e53ab6268dfb040,B-008_rsl_1003_ssp585_q50,VNM,2040,-0.09,m,,,,,,[전망치],IPCC AR6 Sea Level Projection Tool (NASA/IPCC),https://sealevel.nasa.gov/data_tools/17,기관 이용약관,B-008_NASA 해수면 상승 전망 (SSP 1~5).xlsx,1.1_observation(측정값),258,
B-008,"NASA 해수면 상승 전망[SSP1, SSP2, SSP3, SSP4, SSP5]",observation,vnm-v121-b-008-obs-259-9059484fb498ed49,B-008_rsl_1003_ssp585_q50,VNM,2050,-0.086,m,,,,,,[전망치],IPCC AR6 Sea Level Projection Tool (NASA/IPCC),https://sealevel.nasa.gov/data_tools/17,기관 이용약관,B-008_NASA 해수면 상승 전망 (SSP 1~5).xlsx,1.1_observation(측정값),259,
B-008,"NASA 해수면 상승 전망[SSP1, SSP2, SSP3, SSP4, SSP5]",observation,vnm-v121-b-008-obs-260-ee5c5efe3629ad09,B-008_rsl_1003_ssp585_q50,VNM,2060,-0.083,m,,,,,,[전망치],IPCC AR6 Sea Level Projection Tool (NASA/IPCC),https://sealevel.nasa.gov/data_tools/17,기관 이용약관,B-008_NASA 해수면 상승 전망 (SSP 1~5).xlsx,1.1_observation(측정값),260,
B-008,"NASA 해수면 상승 전망[SSP1, SSP2, SSP3, SSP4, SSP5]",observation,vnm-v121-b-008-obs-261-b960625ea62dc844,B-008_rsl_1003_ssp585_q50,VNM,2070,-0.058,m,,,,,,[전망치],IPCC AR6 Sea Level Projection Tool (NASA/IPCC),https://sealevel.nasa.gov/data_tools/17,기관 이용약관,B-008_NASA 해수면 상승 전망 (SSP 1~5).xlsx,1.1_observation(측정값),261,
B-008,"NASA 해수면 상승 전망[SSP1, SSP2, SSP3, SSP4, SSP5]",observation,vnm-v121-b-008-obs-262-3db769a67b846773,B-008_rsl_1003_ssp585_q50,VNM,2080,-0.017,m,,,,,,[전망치],IPCC AR6 Sea Level Projection Tool (NASA/IPCC),https://sealevel.nasa.gov/data_tools/17,기관 이용약관,B-008_NASA 해수면 상승 전망 (SSP 1~5).xlsx,1.1_observation(측정값),262,
B-008,"NASA 해수면 상승 전망[SSP1, SSP2, SSP3, SSP4, SSP5]",observation,vnm-v121-b-008-obs-263-3d4422b2a7b6786c,B-008_rsl_1003_ssp585_q50,VNM,2090,0.04,m,,,,,,[전망치],IPCC AR6 Sea Level Projection Tool (NASA/IPCC),https://sealevel.nasa.gov/data_tools/17,기관 이용약관,B-008_NASA 해수면 상승 전망 (SSP 1~5).xlsx,1.1_observation(측정값),263,
B-008,"NASA 해수면 상승 전망[SSP1, SSP2, SSP3, SSP4, SSP5]",observation,vnm-v121-b-008-obs-264-085c8aeff3cfe0ee,B-008_rsl_1003_ssp585_q50,VNM,2100,0.108,m,,,,,,[전망치],IPCC AR6 Sea Level Projection Tool (NASA/IPCC),https://sealevel.nasa.gov/data_tools/17,기관 이용약관,B-008_NASA 해수면 상승 전망 (SSP 1~5).xlsx,1.1_observation(측정값),264,
B-008,"NASA 해수면 상승 전망[SSP1, SSP2, SSP3, SSP4, SSP5]",observation,vnm-v121-b-008-obs-265-239795a3f6ca138d,B-008_rsl_1003_ssp585_q83,VNM,2020,-0.031,m,,,,,,[전망치],IPCC AR6 Sea Level Projection Tool (NASA/IPCC),https://sealevel.nasa.gov/data_tools/17,기관 이용약관,B-008_NASA 해수면 상승 전망 (SSP 1~5).xlsx,1.1_observation(측정값),265,
B-008,"NASA 해수면 상승 전망[SSP1, SSP2, SSP3, SSP4, SSP5]",observation,vnm-v121-b-008-obs-266-6ab5981442b94b64,B-008_rsl_1003_ssp585_q83,VNM,2030,-0.038,m,,,,,,[전망치],IPCC AR6 Sea Level Projection Tool (NASA/IPCC),https://sealevel.nasa.gov/data_tools/17,기관 이용약관,B-008_NASA 해수면 상승 전망 (SSP 1~5).xlsx,1.1_observation(측정값),266,
B-008,"NASA 해수면 상승 전망[SSP1, SSP2, SSP3, SSP4, SSP5]",observation,vnm-v121-b-008-obs-267-69b717909ef691bc,B-008_rsl_1003_ssp585_q83,VNM,2040,-0.03,m,,,,,,[전망치],IPCC AR6 Sea Level Projection Tool (NASA/IPCC),https://sealevel.nasa.gov/data_tools/17,기관 이용약관,B-008_NASA 해수면 상승 전망 (SSP 1~5).xlsx,1.1_observation(측정값),267,
B-008,"NASA 해수면 상승 전망[SSP1, SSP2, SSP3, SSP4, SSP5]",observation,vnm-v121-b-008-obs-268-6321a4212447be29,B-008_rsl_1003_ssp585_q83,VNM,2050,-0.004,m,,,,,,[전망치],IPCC AR6 Sea Level Projection Tool (NASA/IPCC),https://sealevel.nasa.gov/data_tools/17,기관 이용약관,B-008_NASA 해수면 상승 전망 (SSP 1~5).xlsx,1.1_observation(측정값),268,
B-008,"NASA 해수면 상승 전망[SSP1, SSP2, SSP3, SSP4, SSP5]",observation,vnm-v121-b-008-obs-269-36406f5e61aceea2,B-008_rsl_1003_ssp585_q83,VNM,2060,0.024,m,,,,,,[전망치],IPCC AR6 Sea Level Projection Tool (NASA/IPCC),https://sealevel.nasa.gov/data_tools/17,기관 이용약관,B-008_NASA 해수면 상승 전망 (SSP 1~5).xlsx,1.1_observation(측정값),269,
B-008,"NASA 해수면 상승 전망[SSP1, SSP2, SSP3, SSP4, SSP5]",observation,vnm-v121-b-008-obs-270-8792d01aecc80826,B-008_rsl_1003_ssp585_q83,VNM,2070,0.084,m,,,,,,[전망치],IPCC AR6 Sea Level Projection Tool (NASA/IPCC),https://sealevel.nasa.gov/data_tools/17,기관 이용약관,B-008_NASA 해수면 상승 전망 (SSP 1~5).xlsx,1.1_observation(측정값),270,
B-008,"NASA 해수면 상승 전망[SSP1, SSP2, SSP3, SSP4, SSP5]",observation,vnm-v121-b-008-obs-271-9cb162f01da63c09,B-008_rsl_1003_ssp585_q83,VNM,2080,0.164,m,,,,,,[전망치],IPCC AR6 Sea Level Projection Tool (NASA/IPCC),https://sealevel.nasa.gov/data_tools/17,기관 이용약관,B-008_NASA 해수면 상승 전망 (SSP 1~5).xlsx,1.1_observation(측정값),271,
B-008,"NASA 해수면 상승 전망[SSP1, SSP2, SSP3, SSP4, SSP5]",observation,vnm-v121-b-008-obs-272-48848daf5fd476e8,B-008_rsl_1003_ssp585_q83,VNM,2090,0.268,m,,,,,,[전망치],IPCC AR6 Sea Level Projection Tool (NASA/IPCC),https://sealevel.nasa.gov/data_tools/17,기관 이용약관,B-008_NASA 해수면 상승 전망 (SSP 1~5).xlsx,1.1_observation(측정값),272,
B-008,"NASA 해수면 상승 전망[SSP1, SSP2, SSP3, SSP4, SSP5]",observation,vnm-v121-b-008-obs-273-7d6c7ecf7dd1c7e2,B-008_rsl_1003_ssp585_q83,VNM,2100,0.393,m,,,,,,[전망치],IPCC AR6 Sea Level Projection Tool (NASA/IPCC),https://sealevel.nasa.gov/data_tools/17,기관 이용약관,B-008_NASA 해수면 상승 전망 (SSP 1~5).xlsx,1.1_observation(측정값),273,
B-008,"NASA 해수면 상승 전망[SSP1, SSP2, SSP3, SSP4, SSP5]",observation,vnm-v121-b-008-obs-274-7bdec74bfd36b3cc,B-008_rsl_1449_ssp119_q17,VNM,2020,0.005,m,,,,,,[전망치],IPCC AR6 Sea Level Projection Tool (NASA/IPCC),https://sealevel.nasa.gov/data_tools/17,기관 이용약관,B-008_NASA 해수면 상승 전망 (SSP 1~5).xlsx,1.1_observation(측정값),274,
B-008,"NASA 해수면 상승 전망[SSP1, SSP2, SSP3, SSP4, SSP5]",observation,vnm-v121-b-008-obs-275-09d789ad73d58740,B-008_rsl_1449_ssp119_q17,VNM,2030,0.019,m,,,,,,[전망치],IPCC AR6 Sea Level Projection Tool (NASA/IPCC),https://sealevel.nasa.gov/data_tools/17,기관 이용약관,B-008_NASA 해수면 상승 전망 (SSP 1~5).xlsx,1.1_observation(측정값),275,
B-008,"NASA 해수면 상승 전망[SSP1, SSP2, SSP3, SSP4, SSP5]",observation,vnm-v121-b-008-obs-276-e51207fdeda0549b,B-008_rsl_1449_ssp119_q17,VNM,2040,0.03,m,,,,,,[전망치],IPCC AR6 Sea Level Projection Tool (NASA/IPCC),https://sealevel.nasa.gov/data_tools/17,기관 이용약관,B-008_NASA 해수면 상승 전망 (SSP 1~5).xlsx,1.1_observation(측정값),276,
B-008,"NASA 해수면 상승 전망[SSP1, SSP2, SSP3, SSP4, SSP5]",observation,vnm-v121-b-008-obs-277-c36d06e595a99002,B-008_rsl_1449_ssp119_q17,VNM,2050,0.051,m,,,,,,[전망치],IPCC AR6 Sea Level Projection Tool (NASA/IPCC),https://sealevel.nasa.gov/data_tools/17,기관 이용약관,B-008_NASA 해수면 상승 전망 (SSP 1~5).xlsx,1.1_observation(측정값),277,
B-008,"NASA 해수면 상승 전망[SSP1, SSP2, SSP3, SSP4, SSP5]",observation,vnm-v121-b-008-obs-278-c445f5151b4bd174,B-008_rsl_1449_ssp119_q17,VNM,2060,0.052,m,,,,,,[전망치],IPCC AR6 Sea Level Projection Tool (NASA/IPCC),https://sealevel.nasa.gov/data_tools/17,기관 이용약관,B-008_NASA 해수면 상승 전망 (SSP 1~5).xlsx,1.1_observation(측정값),278,
B-008,"NASA 해수면 상승 전망[SSP1, SSP2, SSP3, SSP4, SSP5]",observation,vnm-v121-b-008-obs-279-1d22a28fc39d7ad3,B-008_rsl_1449_ssp119_q17,VNM,2070,0.064,m,,,,,,[전망치],IPCC AR6 Sea Level Projection Tool (NASA/IPCC),https://sealevel.nasa.gov/data_tools/17,기관 이용약관,B-008_NASA 해수면 상승 전망 (SSP 1~5).xlsx,1.1_observation(측정값),279,
B-008,"NASA 해수면 상승 전망[SSP1, SSP2, SSP3, SSP4, SSP5]",observation,vnm-v121-b-008-obs-280-09f7b58262dc8082,B-008_rsl_1449_ssp119_q17,VNM,2080,0.071,m,,,,,,[전망치],IPCC AR6 Sea Level Projection Tool (NASA/IPCC),https://sealevel.nasa.gov/data_tools/17,기관 이용약관,B-008_NASA 해수면 상승 전망 (SSP 1~5).xlsx,1.1_observation(측정값),280,
B-008,"NASA 해수면 상승 전망[SSP1, SSP2, SSP3, SSP4, SSP5]",observation,vnm-v121-b-008-obs-281-c722f4e1ea904ec0,B-008_rsl_1449_ssp119_q17,VNM,2090,0.087,m,,,,,,[전망치],IPCC AR6 Sea Level Projection Tool (NASA/IPCC),https://sealevel.nasa.gov/data_tools/17,기관 이용약관,B-008_NASA 해수면 상승 전망 (SSP 1~5).xlsx,1.1_observation(측정값),281,
B-008,"NASA 해수면 상승 전망[SSP1, SSP2, SSP3, SSP4, SSP5]",observation,vnm-v121-b-008-obs-282-690fb3011768911d,B-008_rsl_1449_ssp119_q17,VNM,2100,0.079,m,,,,,,[전망치],IPCC AR6 Sea Level Projection Tool (NASA/IPCC),https://sealevel.nasa.gov/data_tools/17,기관 이용약관,B-008_NASA 해수면 상승 전망 (SSP 1~5).xlsx,1.1_observation(측정값),282,
B-008,"NASA 해수면 상승 전망[SSP1, SSP2, SSP3, SSP4, SSP5]",observation,vnm-v121-b-008-obs-283-b53cabb113d96281,B-008_rsl_1449_ssp119_q50,VNM,2020,0.031,m,,,,,,[전망치],IPCC AR6 Sea Level Projection Tool (NASA/IPCC),https://sealevel.nasa.gov/data_tools/17,기관 이용약관,B-008_NASA 해수면 상승 전망 (SSP 1~5).xlsx,1.1_observation(측정값),283,
B-008,"NASA 해수면 상승 전망[SSP1, SSP2, SSP3, SSP4, SSP5]",observation,vnm-v121-b-008-obs-284-37165940c7d77fa4,B-008_rsl_1449_ssp119_q50,VNM,2030,0.062,m,,,,,,[전망치],IPCC AR6 Sea Level Projection Tool (NASA/IPCC),https://sealevel.nasa.gov/data_tools/17,기관 이용약관,B-008_NASA 해수면 상승 전망 (SSP 1~5).xlsx,1.1_observation(측정값),284,
B-008,"NASA 해수면 상승 전망[SSP1, SSP2, SSP3, SSP4, SSP5]",observation,vnm-v121-b-008-obs-285-9c2e25350cf7be23,B-008_rsl_1449_ssp119_q50,VNM,2040,0.084,m,,,,,,[전망치],IPCC AR6 Sea Level Projection Tool (NASA/IPCC),https://sealevel.nasa.gov/data_tools/17,기관 이용약관,B-008_NASA 해수면 상승 전망 (SSP 1~5).xlsx,1.1_observation(측정값),285,
B-008,"NASA 해수면 상승 전망[SSP1, SSP2, SSP3, SSP4, SSP5]",observation,vnm-v121-b-008-obs-286-aa90c85c24f1581b,B-008_rsl_1449_ssp119_q50,VNM,2050,0.118,m,,,,,,[전망치],IPCC AR6 Sea Level Projection Tool (NASA/IPCC),https://sealevel.nasa.gov/data_tools/17,기관 이용약관,B-008_NASA 해수면 상승 전망 (SSP 1~5).xlsx,1.1_observation(측정값),286,
B-008,"NASA 해수면 상승 전망[SSP1, SSP2, SSP3, SSP4, SSP5]",observation,vnm-v121-b-008-obs-287-610b6018d190808b,B-008_rsl_1449_ssp119_q50,VNM,2060,0.136,m,,,,,,[전망치],IPCC AR6 Sea Level Projection Tool (NASA/IPCC),https://sealevel.nasa.gov/data_tools/17,기관 이용약관,B-008_NASA 해수면 상승 전망 (SSP 1~5).xlsx,1.1_observation(측정값),287,
B-008,"NASA 해수면 상승 전망[SSP1, SSP2, SSP3, SSP4, SSP5]",observation,vnm-v121-b-008-obs-288-66e5fbd169cce836,B-008_rsl_1449_ssp119_q50,VNM,2070,0.17,m,,,,,,[전망치],IPCC AR6 Sea Level Projection Tool (NASA/IPCC),https://sealevel.nasa.gov/data_tools/17,기관 이용약관,B-008_NASA 해수면 상승 전망 (SSP 1~5).xlsx,1.1_observation(측정값),288,
B-008,"NASA 해수면 상승 전망[SSP1, SSP2, SSP3, SSP4, SSP5]",observation,vnm-v121-b-008-obs-289-9bf7a896aa096d6b,B-008_rsl_1449_ssp119_q50,VNM,2080,0.198,m,,,,,,[전망치],IPCC AR6 Sea Level Projection Tool (NASA/IPCC),https://sealevel.nasa.gov/data_tools/17,기관 이용약관,B-008_NASA 해수면 상승 전망 (SSP 1~5).xlsx,1.1_observation(측정값),289,
B-008,"NASA 해수면 상승 전망[SSP1, SSP2, SSP3, SSP4, SSP5]",observation,vnm-v121-b-008-obs-290-a7daf14958be0c43,B-008_rsl_1449_ssp119_q50,VNM,2090,0.234,m,,,,,,[전망치],IPCC AR6 Sea Level Projection Tool (NASA/IPCC),https://sealevel.nasa.gov/data_tools/17,기관 이용약관,B-008_NASA 해수면 상승 전망 (SSP 1~5).xlsx,1.1_observation(측정값),290,
B-008,"NASA 해수면 상승 전망[SSP1, SSP2, SSP3, SSP4, SSP5]",observation,vnm-v121-b-008-obs-291-2a70680bceda6cec,B-008_rsl_1449_ssp119_q50,VNM,2100,0.252,m,,,,,,[전망치],IPCC AR6 Sea Level Projection Tool (NASA/IPCC),https://sealevel.nasa.gov/data_tools/17,기관 이용약관,B-008_NASA 해수면 상승 전망 (SSP 1~5).xlsx,1.1_observation(측정값),291,
B-008,"NASA 해수면 상승 전망[SSP1, SSP2, SSP3, SSP4, SSP5]",observation,vnm-v121-b-008-obs-292-6b326ae9cb2b07aa,B-008_rsl_1449_ssp119_q83,VNM,2020,0.059,m,,,,,,[전망치],IPCC AR6 Sea Level Projection Tool (NASA/IPCC),https://sealevel.nasa.gov/data_tools/17,기관 이용약관,B-008_NASA 해수면 상승 전망 (SSP 1~5).xlsx,1.1_observation(측정값),292,
B-008,"NASA 해수면 상승 전망[SSP1, SSP2, SSP3, SSP4, SSP5]",observation,vnm-v121-b-008-obs-293-f159842c727fee7c,B-008_rsl_1449_ssp119_q83,VNM,2030,0.111,m,,,,,,[전망치],IPCC AR6 Sea Level Projection Tool (NASA/IPCC),https://sealevel.nasa.gov/data_tools/17,기관 이용약관,B-008_NASA 해수면 상승 전망 (SSP 1~5).xlsx,1.1_observation(측정값),293,
B-008,"NASA 해수면 상승 전망[SSP1, SSP2, SSP3, SSP4, SSP5]",observation,vnm-v121-b-008-obs-294-1fdb39da37c0481b,B-008_rsl_1449_ssp119_q83,VNM,2040,0.149,m,,,,,,[전망치],IPCC AR6 Sea Level Projection Tool (NASA/IPCC),https://sealevel.nasa.gov/data_tools/17,기관 이용약관,B-008_NASA 해수면 상승 전망 (SSP 1~5).xlsx,1.1_observation(측정값),294,
B-008,"NASA 해수면 상승 전망[SSP1, SSP2, SSP3, SSP4, SSP5]",observation,vnm-v121-b-008-obs-295-80429d083aa8c7c1,B-008_rsl_1449_ssp119_q83,VNM,2050,0.201,m,,,,,,[전망치],IPCC AR6 Sea Level Projection Tool (NASA/IPCC),https://sealevel.nasa.gov/data_tools/17,기관 이용약관,B-008_NASA 해수면 상승 전망 (SSP 1~5).xlsx,1.1_observation(측정값),295,
B-008,"NASA 해수면 상승 전망[SSP1, SSP2, SSP3, SSP4, SSP5]",observation,vnm-v121-b-008-obs-296-7041e3d9dd30a18c,B-008_rsl_1449_ssp119_q83,VNM,2060,0.246,m,,,,,,[전망치],IPCC AR6 Sea Level Projection Tool (NASA/IPCC),https://sealevel.nasa.gov/data_tools/17,기관 이용약관,B-008_NASA 해수면 상승 전망 (SSP 1~5).xlsx,1.1_observation(측정값),296,
B-008,"NASA 해수면 상승 전망[SSP1, SSP2, SSP3, SSP4, SSP5]",observation,vnm-v121-b-008-obs-297-1b4625fc83a6b65c,B-008_rsl_1449_ssp119_q83,VNM,2070,0.309,m,,,,,,[전망치],IPCC AR6 Sea Level Projection Tool (NASA/IPCC),https://sealevel.nasa.gov/data_tools/17,기관 이용약관,B-008_NASA 해수면 상승 전망 (SSP 1~5).xlsx,1.1_observation(측정값),297,
B-008,"NASA 해수면 상승 전망[SSP1, SSP2, SSP3, SSP4, SSP5]",observation,vnm-v121-b-008-obs-298-6cf47b0684c21fe1,B-008_rsl_1449_ssp119_q83,VNM,2080,0.362,m,,,,,,[전망치],IPCC AR6 Sea Level Projection Tool (NASA/IPCC),https://sealevel.nasa.gov/data_tools/17,기관 이용약관,B-008_NASA 해수면 상승 전망 (SSP 1~5).xlsx,1.1_observation(측정값),298,
B-008,"NASA 해수면 상승 전망[SSP1, SSP2, SSP3, SSP4, SSP5]",observation,vnm-v121-b-008-obs-299-bb676b4ea997449b,B-008_rsl_1449_ssp119_q83,VNM,2090,0.424,m,,,,,,[전망치],IPCC AR6 Sea Level Projection Tool (NASA/IPCC),https://sealevel.nasa.gov/data_tools/17,기관 이용약관,B-008_NASA 해수면 상승 전망 (SSP 1~5).xlsx,1.1_observation(측정값),299,
B-008,"NASA 해수면 상승 전망[SSP1, SSP2, SSP3, SSP4, SSP5]",observation,vnm-v121-b-008-obs-300-88264f7b70a0623f,B-008_rsl_1449_ssp119_q83,VNM,2100,0.47,m,,,,,,[전망치],IPCC AR6 Sea Level Projection Tool (NASA/IPCC),https://sealevel.nasa.gov/data_tools/17,기관 이용약관,B-008_NASA 해수면 상승 전망 (SSP 1~5).xlsx,1.1_observation(측정값),300,
B-008,"NASA 해수면 상승 전망[SSP1, SSP2, SSP3, SSP4, SSP5]",observation,vnm-v121-b-008-obs-301-dfc45ba33eb82fe4,B-008_rsl_1449_ssp126_q17,VNM,2020,-0.021,m,,,,,,[전망치],IPCC AR6 Sea Level Projection Tool (NASA/IPCC),https://sealevel.nasa.gov/data_tools/17,기관 이용약관,B-008_NASA 해수면 상승 전망 (SSP 1~5).xlsx,1.1_observation(측정값),301,
B-008,"NASA 해수면 상승 전망[SSP1, SSP2, SSP3, SSP4, SSP5]",observation,vnm-v121-b-008-obs-302-1a00af77a0cbef0b,B-008_rsl_1449_ssp126_q17,VNM,2030,-0.005,m,,,,,,[전망치],IPCC AR6 Sea Level Projection Tool (NASA/IPCC),https://sealevel.nasa.gov/data_tools/17,기관 이용약관,B-008_NASA 해수면 상승 전망 (SSP 1~5).xlsx,1.1_observation(측정값),302,
B-008,"NASA 해수면 상승 전망[SSP1, SSP2, SSP3, SSP4, SSP5]",observation,vnm-v121-b-008-obs-303-1757ad1ff731af39,B-008_rsl_1449_ssp126_q17,VNM,2040,0.014,m,,,,,,[전망치],IPCC AR6 Sea Level Projection Tool (NASA/IPCC),https://sealevel.nasa.gov/data_tools/17,기관 이용약관,B-008_NASA 해수면 상승 전망 (SSP 1~5).xlsx,1.1_observation(측정값),303,
B-008,"NASA 해수면 상승 전망[SSP1, SSP2, SSP3, SSP4, SSP5]",observation,vnm-v121-b-008-obs-304-c1efe0f3bd538cae,B-008_rsl_1449_ssp126_q17,VNM,2050,0.043,m,,,,,,[전망치],IPCC AR6 Sea Level Projection Tool (NASA/IPCC),https://sealevel.nasa.gov/data_tools/17,기관 이용약관,B-008_NASA 해수면 상승 전망 (SSP 1~5).xlsx,1.1_observation(측정값),304,
B-008,"NASA 해수면 상승 전망[SSP1, SSP2, SSP3, SSP4, SSP5]",observation,vnm-v121-b-008-obs-305-c874ddf0c09fbfe5,B-008_rsl_1449_ssp126_q17,VNM,2060,0.059,m,,,,,,[전망치],IPCC AR6 Sea Level Projection Tool (NASA/IPCC),https://sealevel.nasa.gov/data_tools/17,기관 이용약관,B-008_NASA 해수면 상승 전망 (SSP 1~5).xlsx,1.1_observation(측정값),305,
B-008,"NASA 해수면 상승 전망[SSP1, SSP2, SSP3, SSP4, SSP5]",observation,vnm-v121-b-008-obs-306-7b6fd34cdeac93e6,B-008_rsl_1449_ssp126_q17,VNM,2070,0.084,m,,,,,,[전망치],IPCC AR6 Sea Level Projection Tool (NASA/IPCC),https://sealevel.nasa.gov/data_tools/17,기관 이용약관,B-008_NASA 해수면 상승 전망 (SSP 1~5).xlsx,1.1_observation(측정값),306,
B-008,"NASA 해수면 상승 전망[SSP1, SSP2, SSP3, SSP4, SSP5]",observation,vnm-v121-b-008-obs-307-87a7c930ea4ef44f,B-008_rsl_1449_ssp126_q17,VNM,2080,0.102,m,,,,,,[전망치],IPCC AR6 Sea Level Projection Tool (NASA/IPCC),https://sealevel.nasa.gov/data_tools/17,기관 이용약관,B-008_NASA 해수면 상승 전망 (SSP 1~5).xlsx,1.1_observation(측정값),307,
B-008,"NASA 해수면 상승 전망[SSP1, SSP2, SSP3, SSP4, SSP5]",observation,vnm-v121-b-008-obs-308-b8d5da337402a525,B-008_rsl_1449_ssp126_q17,VNM,2090,0.118,m,,,,,,[전망치],IPCC AR6 Sea Level Projection Tool (NASA/IPCC),https://sealevel.nasa.gov/data_tools/17,기관 이용약관,B-008_NASA 해수면 상승 전망 (SSP 1~5).xlsx,1.1_observation(측정값),308,
B-008,"NASA 해수면 상승 전망[SSP1, SSP2, SSP3, SSP4, SSP5]",observation,vnm-v121-b-008-obs-309-9e459547d98ad87d,B-008_rsl_1449_ssp126_q17,VNM,2100,0.104,m,,,,,,[전망치],IPCC AR6 Sea Level Projection Tool (NASA/IPCC),https://sealevel.nasa.gov/data_tools/17,기관 이용약관,B-008_NASA 해수면 상승 전망 (SSP 1~5).xlsx,1.1_observation(측정값),309,
B-008,"NASA 해수면 상승 전망[SSP1, SSP2, SSP3, SSP4, SSP5]",observation,vnm-v121-b-008-obs-310-930b95f44c7ee191,B-008_rsl_1449_ssp126_q50,VNM,2020,0.024,m,,,,,,[전망치],IPCC AR6 Sea Level Projection Tool (NASA/IPCC),https://sealevel.nasa.gov/data_tools/17,기관 이용약관,B-008_NASA 해수면 상승 전망 (SSP 1~5).xlsx,1.1_observation(측정값),310,
B-008,"NASA 해수면 상승 전망[SSP1, SSP2, SSP3, SSP4, SSP5]",observation,vnm-v121-b-008-obs-311-61aa3da446e0ce7b,B-008_rsl_1449_ssp126_q50,VNM,2030,0.05,m,,,,,,[전망치],IPCC AR6 Sea Level Projection Tool (NASA/IPCC),https://sealevel.nasa.gov/data_tools/17,기관 이용약관,B-008_NASA 해수면 상승 전망 (SSP 1~5).xlsx,1.1_observation(측정값),311,
B-008,"NASA 해수면 상승 전망[SSP1, SSP2, SSP3, SSP4, SSP5]",observation,vnm-v121-b-008-obs-312-b8282992354ff963,B-008_rsl_1449_ssp126_q50,VNM,2040,0.078,m,,,,,,[전망치],IPCC AR6 Sea Level Projection Tool (NASA/IPCC),https://sealevel.nasa.gov/data_tools/17,기관 이용약관,B-008_NASA 해수면 상승 전망 (SSP 1~5).xlsx,1.1_observation(측정값),312,
B-008,"NASA 해수면 상승 전망[SSP1, SSP2, SSP3, SSP4, SSP5]",observation,vnm-v121-b-008-obs-313-ed0f515bf94881bc,B-008_rsl_1449_ssp126_q50,VNM,2050,0.119,m,,,,,,[전망치],IPCC AR6 Sea Level Projection Tool (NASA/IPCC),https://sealevel.nasa.gov/data_tools/17,기관 이용약관,B-008_NASA 해수면 상승 전망 (SSP 1~5).xlsx,1.1_observation(측정값),313,
B-008,"NASA 해수면 상승 전망[SSP1, SSP2, SSP3, SSP4, SSP5]",observation,vnm-v121-b-008-obs-314-d3cc02591dacc166,B-008_rsl_1449_ssp126_q50,VNM,2060,0.15,m,,,,,,[전망치],IPCC AR6 Sea Level Projection Tool (NASA/IPCC),https://sealevel.nasa.gov/data_tools/17,기관 이용약관,B-008_NASA 해수면 상승 전망 (SSP 1~5).xlsx,1.1_observation(측정값),314,
B-008,"NASA 해수면 상승 전망[SSP1, SSP2, SSP3, SSP4, SSP5]",observation,vnm-v121-b-008-obs-315-5300bcef788cd8c5,B-008_rsl_1449_ssp126_q50,VNM,2070,0.196,m,,,,,,[전망치],IPCC AR6 Sea Level Projection Tool (NASA/IPCC),https://sealevel.nasa.gov/data_tools/17,기관 이용약관,B-008_NASA 해수면 상승 전망 (SSP 1~5).xlsx,1.1_observation(측정값),315,
B-008,"NASA 해수면 상승 전망[SSP1, SSP2, SSP3, SSP4, SSP5]",observation,vnm-v121-b-008-obs-316-b3d264c7824684a1,B-008_rsl_1449_ssp126_q50,VNM,2080,0.235,m,,,,,,[전망치],IPCC AR6 Sea Level Projection Tool (NASA/IPCC),https://sealevel.nasa.gov/data_tools/17,기관 이용약관,B-008_NASA 해수면 상승 전망 (SSP 1~5).xlsx,1.1_observation(측정값),316,
B-008,"NASA 해수면 상승 전망[SSP1, SSP2, SSP3, SSP4, SSP5]",observation,vnm-v121-b-008-obs-317-c33ef5d9e25e51b5,B-008_rsl_1449_ssp126_q50,VNM,2090,0.271,m,,,,,,[전망치],IPCC AR6 Sea Level Projection Tool (NASA/IPCC),https://sealevel.nasa.gov/data_tools/17,기관 이용약관,B-008_NASA 해수면 상승 전망 (SSP 1~5).xlsx,1.1_observation(측정값),317,
B-008,"NASA 해수면 상승 전망[SSP1, SSP2, SSP3, SSP4, SSP5]",observation,vnm-v121-b-008-obs-318-2026ebf06cd6acda,B-008_rsl_1449_ssp126_q50,VNM,2100,0.306,m,,,,,,[전망치],IPCC AR6 Sea Level Projection Tool (NASA/IPCC),https://sealevel.nasa.gov/data_tools/17,기관 이용약관,B-008_NASA 해수면 상승 전망 (SSP 1~5).xlsx,1.1_observation(측정값),318,
B-008,"NASA 해수면 상승 전망[SSP1, SSP2, SSP3, SSP4, SSP5]",observation,vnm-v121-b-008-obs-319-e65291694ed084d3,B-008_rsl_1449_ssp126_q83,VNM,2020,0.072,m,,,,,,[전망치],IPCC AR6 Sea Level Projection Tool (NASA/IPCC),https://sealevel.nasa.gov/data_tools/17,기관 이용약관,B-008_NASA 해수면 상승 전망 (SSP 1~5).xlsx,1.1_observation(측정값),319,
B-008,"NASA 해수면 상승 전망[SSP1, SSP2, SSP3, SSP4, SSP5]",observation,vnm-v121-b-008-obs-320-46dfa3aa5885adfe,B-008_rsl_1449_ssp126_q83,VNM,2030,0.111,m,,,,,,[전망치],IPCC AR6 Sea Level Projection Tool (NASA/IPCC),https://sealevel.nasa.gov/data_tools/17,기관 이용약관,B-008_NASA 해수면 상승 전망 (SSP 1~5).xlsx,1.1_observation(측정값),320,
B-008,"NASA 해수면 상승 전망[SSP1, SSP2, SSP3, SSP4, SSP5]",observation,vnm-v121-b-008-obs-321-8ad544e412d4eead,B-008_rsl_1449_ssp126_q83,VNM,2040,0.151,m,,,,,,[전망치],IPCC AR6 Sea Level Projection Tool (NASA/IPCC),https://sealevel.nasa.gov/data_tools/17,기관 이용약관,B-008_NASA 해수면 상승 전망 (SSP 1~5).xlsx,1.1_observation(측정값),321,
B-008,"NASA 해수면 상승 전망[SSP1, SSP2, SSP3, SSP4, SSP5]",observation,vnm-v121-b-008-obs-322-4e83eca6e348e81c,B-008_rsl_1449_ssp126_q83,VNM,2050,0.211,m,,,,,,[전망치],IPCC AR6 Sea Level Projection Tool (NASA/IPCC),https://sealevel.nasa.gov/data_tools/17,기관 이용약관,B-008_NASA 해수면 상승 전망 (SSP 1~5).xlsx,1.1_observation(측정값),322,
B-008,"NASA 해수면 상승 전망[SSP1, SSP2, SSP3, SSP4, SSP5]",observation,vnm-v121-b-008-obs-323-2182fe002dd3f0b2,B-008_rsl_1449_ssp126_q83,VNM,2060,0.262,m,,,,,,[전망치],IPCC AR6 Sea Level Projection Tool (NASA/IPCC),https://sealevel.nasa.gov/data_tools/17,기관 이용약관,B-008_NASA 해수면 상승 전망 (SSP 1~5).xlsx,1.1_observation(측정값),323,
B-008,"NASA 해수면 상승 전망[SSP1, SSP2, SSP3, SSP4, SSP5]",observation,vnm-v121-b-008-obs-324-fcc36d8f45b8cff6,B-008_rsl_1449_ssp126_q83,VNM,2070,0.337,m,,,,,,[전망치],IPCC AR6 Sea Level Projection Tool (NASA/IPCC),https://sealevel.nasa.gov/data_tools/17,기관 이용약관,B-008_NASA 해수면 상승 전망 (SSP 1~5).xlsx,1.1_observation(측정값),324,
B-008,"NASA 해수면 상승 전망[SSP1, SSP2, SSP3, SSP4, SSP5]",observation,vnm-v121-b-008-obs-325-55dbd597d81c4cdd,B-008_rsl_1449_ssp126_q83,VNM,2080,0.403,m,,,,,,[전망치],IPCC AR6 Sea Level Projection Tool (NASA/IPCC),https://sealevel.nasa.gov/data_tools/17,기관 이용약관,B-008_NASA 해수면 상승 전망 (SSP 1~5).xlsx,1.1_observation(측정값),325,
B-008,"NASA 해수면 상승 전망[SSP1, SSP2, SSP3, SSP4, SSP5]",observation,vnm-v121-b-008-obs-326-47b0929de45a1799,B-008_rsl_1449_ssp126_q83,VNM,2090,0.467,m,,,,,,[전망치],IPCC AR6 Sea Level Projection Tool (NASA/IPCC),https://sealevel.nasa.gov/data_tools/17,기관 이용약관,B-008_NASA 해수면 상승 전망 (SSP 1~5).xlsx,1.1_observation(측정값),326,
B-008,"NASA 해수면 상승 전망[SSP1, SSP2, SSP3, SSP4, SSP5]",observation,vnm-v121-b-008-obs-327-fa3b4c78423d8369,B-008_rsl_1449_ssp126_q83,VNM,2100,0.549,m,,,,,,[전망치],IPCC AR6 Sea Level Projection Tool (NASA/IPCC),https://sealevel.nasa.gov/data_tools/17,기관 이용약관,B-008_NASA 해수면 상승 전망 (SSP 1~5).xlsx,1.1_observation(측정값),327,
B-008,"NASA 해수면 상승 전망[SSP1, SSP2, SSP3, SSP4, SSP5]",observation,vnm-v121-b-008-obs-328-1e235e2f7452525e,B-008_rsl_1449_ssp245_q17,VNM,2020,-0.012,m,,,,,,[전망치],IPCC AR6 Sea Level Projection Tool (NASA/IPCC),https://sealevel.nasa.gov/data_tools/17,기관 이용약관,B-008_NASA 해수면 상승 전망 (SSP 1~5).xlsx,1.1_observation(측정값),328,
B-008,"NASA 해수면 상승 전망[SSP1, SSP2, SSP3, SSP4, SSP5]",observation,vnm-v121-b-008-obs-329-615abac1c56313e0,B-008_rsl_1449_ssp245_q17,VNM,2030,0.004,m,,,,,,[전망치],IPCC AR6 Sea Level Projection Tool (NASA/IPCC),https://sealevel.nasa.gov/data_tools/17,기관 이용약관,B-008_NASA 해수면 상승 전망 (SSP 1~5).xlsx,1.1_observation(측정값),329,
B-008,"NASA 해수면 상승 전망[SSP1, SSP2, SSP3, SSP4, SSP5]",observation,vnm-v121-b-008-obs-330-c242a041f2dffe43,B-008_rsl_1449_ssp245_q17,VNM,2040,0.025,m,,,,,,[전망치],IPCC AR6 Sea Level Projection Tool (NASA/IPCC),https://sealevel.nasa.gov/data_tools/17,기관 이용약관,B-008_NASA 해수면 상승 전망 (SSP 1~5).xlsx,1.1_observation(측정값),330,
B-008,"NASA 해수면 상승 전망[SSP1, SSP2, SSP3, SSP4, SSP5]",observation,vnm-v121-b-008-obs-331-a6a5fa5b71616865,B-008_rsl_1449_ssp245_q17,VNM,2050,0.052,m,,,,,,[전망치],IPCC AR6 Sea Level Projection Tool (NASA/IPCC),https://sealevel.nasa.gov/data_tools/17,기관 이용약관,B-008_NASA 해수면 상승 전망 (SSP 1~5).xlsx,1.1_observation(측정값),331,
B-008,"NASA 해수면 상승 전망[SSP1, SSP2, SSP3, SSP4, SSP5]",observation,vnm-v121-b-008-obs-332-8f34e306b672c892,B-008_rsl_1449_ssp245_q17,VNM,2060,0.082,m,,,,,,[전망치],IPCC AR6 Sea Level Projection Tool (NASA/IPCC),https://sealevel.nasa.gov/data_tools/17,기관 이용약관,B-008_NASA 해수면 상승 전망 (SSP 1~5).xlsx,1.1_observation(측정값),332,
B-008,"NASA 해수면 상승 전망[SSP1, SSP2, SSP3, SSP4, SSP5]",observation,vnm-v121-b-008-obs-333-78ee065d62f231da,B-008_rsl_1449_ssp245_q17,VNM,2070,0.118,m,,,,,,[전망치],IPCC AR6 Sea Level Projection Tool (NASA/IPCC),https://sealevel.nasa.gov/data_tools/17,기관 이용약관,B-008_NASA 해수면 상승 전망 (SSP 1~5).xlsx,1.1_observation(측정값),333,
B-008,"NASA 해수면 상승 전망[SSP1, SSP2, SSP3, SSP4, SSP5]",observation,vnm-v121-b-008-obs-334-76dede973dc2e352,B-008_rsl_1449_ssp245_q17,VNM,2080,0.15,m,,,,,,[전망치],IPCC AR6 Sea Level Projection Tool (NASA/IPCC),https://sealevel.nasa.gov/data_tools/17,기관 이용약관,B-008_NASA 해수면 상승 전망 (SSP 1~5).xlsx,1.1_observation(측정값),334,
B-008,"NASA 해수면 상승 전망[SSP1, SSP2, SSP3, SSP4, SSP5]",observation,vnm-v121-b-008-obs-335-910121441042215e,B-008_rsl_1449_ssp245_q17,VNM,2090,0.184,m,,,,,,[전망치],IPCC AR6 Sea Level Projection Tool (NASA/IPCC),https://sealevel.nasa.gov/data_tools/17,기관 이용약관,B-008_NASA 해수면 상승 전망 (SSP 1~5).xlsx,1.1_observation(측정값),335,
B-008,"NASA 해수면 상승 전망[SSP1, SSP2, SSP3, SSP4, SSP5]",observation,vnm-v121-b-008-obs-336-d74ea71273a6b141,B-008_rsl_1449_ssp245_q17,VNM,2100,0.237,m,,,,,,[전망치],IPCC AR6 Sea Level Projection Tool (NASA/IPCC),https://sealevel.nasa.gov/data_tools/17,기관 이용약관,B-008_NASA 해수면 상승 전망 (SSP 1~5).xlsx,1.1_observation(측정값),336,
B-008,"NASA 해수면 상승 전망[SSP1, SSP2, SSP3, SSP4, SSP5]",observation,vnm-v121-b-008-obs-337-c0f796ab5224db44,B-008_rsl_1449_ssp245_q50,VNM,2020,0.026,m,,,,,,[전망치],IPCC AR6 Sea Level Projection Tool (NASA/IPCC),https://sealevel.nasa.gov/data_tools/17,기관 이용약관,B-008_NASA 해수면 상승 전망 (SSP 1~5).xlsx,1.1_observation(측정값),337,
B-008,"NASA 해수면 상승 전망[SSP1, SSP2, SSP3, SSP4, SSP5]",observation,vnm-v121-b-008-obs-338-1d423861a045e3c5,B-008_rsl_1449_ssp245_q50,VNM,2030,0.052,m,,,,,,[전망치],IPCC AR6 Sea Level Projection Tool (NASA/IPCC),https://sealevel.nasa.gov/data_tools/17,기관 이용약관,B-008_NASA 해수면 상승 전망 (SSP 1~5).xlsx,1.1_observation(측정값),338,
B-008,"NASA 해수면 상승 전망[SSP1, SSP2, SSP3, SSP4, SSP5]",observation,vnm-v121-b-008-obs-339-bc3e646fc357c1ba,B-008_rsl_1449_ssp245_q50,VNM,2040,0.084,m,,,,,,[전망치],IPCC AR6 Sea Level Projection Tool (NASA/IPCC),https://sealevel.nasa.gov/data_tools/17,기관 이용약관,B-008_NASA 해수면 상승 전망 (SSP 1~5).xlsx,1.1_observation(측정값),339,
B-008,"NASA 해수면 상승 전망[SSP1, SSP2, SSP3, SSP4, SSP5]",observation,vnm-v121-b-008-obs-340-d1c720867e83d2e7,B-008_rsl_1449_ssp245_q50,VNM,2050,0.132,m,,,,,,[전망치],IPCC AR6 Sea Level Projection Tool (NASA/IPCC),https://sealevel.nasa.gov/data_tools/17,기관 이용약관,B-008_NASA 해수면 상승 전망 (SSP 1~5).xlsx,1.1_observation(측정값),340,
B-008,"NASA 해수면 상승 전망[SSP1, SSP2, SSP3, SSP4, SSP5]",observation,vnm-v121-b-008-obs-341-e90c0b05793f6010,B-008_rsl_1449_ssp245_q50,VNM,2060,0.176,m,,,,,,[전망치],IPCC AR6 Sea Level Projection Tool (NASA/IPCC),https://sealevel.nasa.gov/data_tools/17,기관 이용약관,B-008_NASA 해수면 상승 전망 (SSP 1~5).xlsx,1.1_observation(측정값),341,
B-008,"NASA 해수면 상승 전망[SSP1, SSP2, SSP3, SSP4, SSP5]",observation,vnm-v121-b-008-obs-342-890f3f610e0f22b1,B-008_rsl_1449_ssp245_q50,VNM,2070,0.233,m,,,,,,[전망치],IPCC AR6 Sea Level Projection Tool (NASA/IPCC),https://sealevel.nasa.gov/data_tools/17,기관 이용약관,B-008_NASA 해수면 상승 전망 (SSP 1~5).xlsx,1.1_observation(측정값),342,
B-008,"NASA 해수면 상승 전망[SSP1, SSP2, SSP3, SSP4, SSP5]",observation,vnm-v121-b-008-obs-343-3fd80368f3f8a5a2,B-008_rsl_1449_ssp245_q50,VNM,2080,0.29,m,,,,,,[전망치],IPCC AR6 Sea Level Projection Tool (NASA/IPCC),https://sealevel.nasa.gov/data_tools/17,기관 이용약관,B-008_NASA 해수면 상승 전망 (SSP 1~5).xlsx,1.1_observation(측정값),343,
B-008,"NASA 해수면 상승 전망[SSP1, SSP2, SSP3, SSP4, SSP5]",observation,vnm-v121-b-008-obs-344-e3008c5131adc5ca,B-008_rsl_1449_ssp245_q50,VNM,2090,0.35,m,,,,,,[전망치],IPCC AR6 Sea Level Projection Tool (NASA/IPCC),https://sealevel.nasa.gov/data_tools/17,기관 이용약관,B-008_NASA 해수면 상승 전망 (SSP 1~5).xlsx,1.1_observation(측정값),344,
B-008,"NASA 해수면 상승 전망[SSP1, SSP2, SSP3, SSP4, SSP5]",observation,vnm-v121-b-008-obs-345-984840f62c120b6b,B-008_rsl_1449_ssp245_q50,VNM,2100,0.426,m,,,,,,[전망치],IPCC AR6 Sea Level Projection Tool (NASA/IPCC),https://sealevel.nasa.gov/data_tools/17,기관 이용약관,B-008_NASA 해수면 상승 전망 (SSP 1~5).xlsx,1.1_observation(측정값),345,
B-008,"NASA 해수면 상승 전망[SSP1, SSP2, SSP3, SSP4, SSP5]",observation,vnm-v121-b-008-obs-346-da6bc91c1f09d331,B-008_rsl_1449_ssp245_q83,VNM,2020,0.067,m,,,,,,[전망치],IPCC AR6 Sea Level Projection Tool (NASA/IPCC),https://sealevel.nasa.gov/data_tools/17,기관 이용약관,B-008_NASA 해수면 상승 전망 (SSP 1~5).xlsx,1.1_observation(측정값),346,
B-008,"NASA 해수면 상승 전망[SSP1, SSP2, SSP3, SSP4, SSP5]",observation,vnm-v121-b-008-obs-347-c3515a9a66b1caf1,B-008_rsl_1449_ssp245_q83,VNM,2030,0.105,m,,,,,,[전망치],IPCC AR6 Sea Level Projection Tool (NASA/IPCC),https://sealevel.nasa.gov/data_tools/17,기관 이용약관,B-008_NASA 해수면 상승 전망 (SSP 1~5).xlsx,1.1_observation(측정값),347,
B-008,"NASA 해수면 상승 전망[SSP1, SSP2, SSP3, SSP4, SSP5]",observation,vnm-v121-b-008-obs-348-a738b44f2afca456,B-008_rsl_1449_ssp245_q83,VNM,2040,0.154,m,,,,,,[전망치],IPCC AR6 Sea Level Projection Tool (NASA/IPCC),https://sealevel.nasa.gov/data_tools/17,기관 이용약관,B-008_NASA 해수면 상승 전망 (SSP 1~5).xlsx,1.1_observation(측정값),348,
B-008,"NASA 해수면 상승 전망[SSP1, SSP2, SSP3, SSP4, SSP5]",observation,vnm-v121-b-008-obs-349-e991831ec4721a39,B-008_rsl_1449_ssp245_q83,VNM,2050,0.227,m,,,,,,[전망치],IPCC AR6 Sea Level Projection Tool (NASA/IPCC),https://sealevel.nasa.gov/data_tools/17,기관 이용약관,B-008_NASA 해수면 상승 전망 (SSP 1~5).xlsx,1.1_observation(측정값),349,
B-008,"NASA 해수면 상승 전망[SSP1, SSP2, SSP3, SSP4, SSP5]",observation,vnm-v121-b-008-obs-350-ad877d8e352b095e,B-008_rsl_1449_ssp245_q83,VNM,2060,0.294,m,,,,,,[전망치],IPCC AR6 Sea Level Projection Tool (NASA/IPCC),https://sealevel.nasa.gov/data_tools/17,기관 이용약관,B-008_NASA 해수면 상승 전망 (SSP 1~5).xlsx,1.1_observation(측정값),350,
B-008,"NASA 해수면 상승 전망[SSP1, SSP2, SSP3, SSP4, SSP5]",observation,vnm-v121-b-008-obs-351-f02654b4dcfbd749,B-008_rsl_1449_ssp245_q83,VNM,2070,0.383,m,,,,,,[전망치],IPCC AR6 Sea Level Projection Tool (NASA/IPCC),https://sealevel.nasa.gov/data_tools/17,기관 이용약관,B-008_NASA 해수면 상승 전망 (SSP 1~5).xlsx,1.1_observation(측정값),351,
B-008,"NASA 해수면 상승 전망[SSP1, SSP2, SSP3, SSP4, SSP5]",observation,vnm-v121-b-008-obs-352-9361d94d0ebd1e1b,B-008_rsl_1449_ssp245_q83,VNM,2080,0.476,m,,,,,,[전망치],IPCC AR6 Sea Level Projection Tool (NASA/IPCC),https://sealevel.nasa.gov/data_tools/17,기관 이용약관,B-008_NASA 해수면 상승 전망 (SSP 1~5).xlsx,1.1_observation(측정값),352,
B-008,"NASA 해수면 상승 전망[SSP1, SSP2, SSP3, SSP4, SSP5]",observation,vnm-v121-b-008-obs-353-80d7e3ac52a080f4,B-008_rsl_1449_ssp245_q83,VNM,2090,0.572,m,,,,,,[전망치],IPCC AR6 Sea Level Projection Tool (NASA/IPCC),https://sealevel.nasa.gov/data_tools/17,기관 이용약관,B-008_NASA 해수면 상승 전망 (SSP 1~5).xlsx,1.1_observation(측정값),353,
B-008,"NASA 해수면 상승 전망[SSP1, SSP2, SSP3, SSP4, SSP5]",observation,vnm-v121-b-008-obs-354-6331bf14ef673842,B-008_rsl_1449_ssp245_q83,VNM,2100,0.686,m,,,,,,[전망치],IPCC AR6 Sea Level Projection Tool (NASA/IPCC),https://sealevel.nasa.gov/data_tools/17,기관 이용약관,B-008_NASA 해수면 상승 전망 (SSP 1~5).xlsx,1.1_observation(측정값),354,
B-008,"NASA 해수면 상승 전망[SSP1, SSP2, SSP3, SSP4, SSP5]",observation,vnm-v121-b-008-obs-355-c2ab012b4935ce91,B-008_rsl_1449_ssp370_q17,VNM,2020,-0.011,m,,,,,,[전망치],IPCC AR6 Sea Level Projection Tool (NASA/IPCC),https://sealevel.nasa.gov/data_tools/17,기관 이용약관,B-008_NASA 해수면 상승 전망 (SSP 1~5).xlsx,1.1_observation(측정값),355,
B-008,"NASA 해수면 상승 전망[SSP1, SSP2, SSP3, SSP4, SSP5]",observation,vnm-v121-b-008-obs-356-319347d2e3a55dac,B-008_rsl_1449_ssp370_q17,VNM,2030,0.006,m,,,,,,[전망치],IPCC AR6 Sea Level Projection Tool (NASA/IPCC),https://sealevel.nasa.gov/data_tools/17,기관 이용약관,B-008_NASA 해수면 상승 전망 (SSP 1~5).xlsx,1.1_observation(측정값),356,
B-008,"NASA 해수면 상승 전망[SSP1, SSP2, SSP3, SSP4, SSP5]",observation,vnm-v121-b-008-obs-357-4ddaa1021f27fc05,B-008_rsl_1449_ssp370_q17,VNM,2040,0.028,m,,,,,,[전망치],IPCC AR6 Sea Level Projection Tool (NASA/IPCC),https://sealevel.nasa.gov/data_tools/17,기관 이용약관,B-008_NASA 해수면 상승 전망 (SSP 1~5).xlsx,1.1_observation(측정값),357,
B-008,"NASA 해수면 상승 전망[SSP1, SSP2, SSP3, SSP4, SSP5]",observation,vnm-v121-b-008-obs-358-aca930205c3934c3,B-008_rsl_1449_ssp370_q17,VNM,2050,0.062,m,,,,,,[전망치],IPCC AR6 Sea Level Projection Tool (NASA/IPCC),https://sealevel.nasa.gov/data_tools/17,기관 이용약관,B-008_NASA 해수면 상승 전망 (SSP 1~5).xlsx,1.1_observation(측정값),358,
B-008,"NASA 해수면 상승 전망[SSP1, SSP2, SSP3, SSP4, SSP5]",observation,vnm-v121-b-008-obs-359-39f99d1f0bdfd9f0,B-008_rsl_1449_ssp370_q17,VNM,2060,0.093,m,,,,,,[전망치],IPCC AR6 Sea Level Projection Tool (NASA/IPCC),https://sealevel.nasa.gov/data_tools/17,기관 이용약관,B-008_NASA 해수면 상승 전망 (SSP 1~5).xlsx,1.1_observation(측정값),359,
B-008,"NASA 해수면 상승 전망[SSP1, SSP2, SSP3, SSP4, SSP5]",observation,vnm-v121-b-008-obs-360-535561a85ef1bc20,B-008_rsl_1449_ssp370_q17,VNM,2070,0.142,m,,,,,,[전망치],IPCC AR6 Sea Level Projection Tool (NASA/IPCC),https://sealevel.nasa.gov/data_tools/17,기관 이용약관,B-008_NASA 해수면 상승 전망 (SSP 1~5).xlsx,1.1_observation(측정값),360,
B-008,"NASA 해수면 상승 전망[SSP1, SSP2, SSP3, SSP4, SSP5]",observation,vnm-v121-b-008-obs-361-0bda79afd1440158,B-008_rsl_1449_ssp370_q17,VNM,2080,0.194,m,,,,,,[전망치],IPCC AR6 Sea Level Projection Tool (NASA/IPCC),https://sealevel.nasa.gov/data_tools/17,기관 이용약관,B-008_NASA 해수면 상승 전망 (SSP 1~5).xlsx,1.1_observation(측정값),361,
B-008,"NASA 해수면 상승 전망[SSP1, SSP2, SSP3, SSP4, SSP5]",observation,vnm-v121-b-008-obs-362-6d61a037c0cf4371,B-008_rsl_1449_ssp370_q17,VNM,2090,0.258,m,,,,,,[전망치],IPCC AR6 Sea Level Projection Tool (NASA/IPCC),https://sealevel.nasa.gov/data_tools/17,기관 이용약관,B-008_NASA 해수면 상승 전망 (SSP 1~5).xlsx,1.1_observation(측정값),362,
B-008,"NASA 해수면 상승 전망[SSP1, SSP2, SSP3, SSP4, SSP5]",observation,vnm-v121-b-008-obs-363-4ce117438c5876f0,B-008_rsl_1449_ssp370_q17,VNM,2100,0.326,m,,,,,,[전망치],IPCC AR6 Sea Level Projection Tool (NASA/IPCC),https://sealevel.nasa.gov/data_tools/17,기관 이용약관,B-008_NASA 해수면 상승 전망 (SSP 1~5).xlsx,1.1_observation(측정값),363,
B-008,"NASA 해수면 상승 전망[SSP1, SSP2, SSP3, SSP4, SSP5]",observation,vnm-v121-b-008-obs-364-377e146df5605217,B-008_rsl_1449_ssp370_q50,VNM,2020,0.026,m,,,,,,[전망치],IPCC AR6 Sea Level Projection Tool (NASA/IPCC),https://sealevel.nasa.gov/data_tools/17,기관 이용약관,B-008_NASA 해수면 상승 전망 (SSP 1~5).xlsx,1.1_observation(측정값),364,
B-008,"NASA 해수면 상승 전망[SSP1, SSP2, SSP3, SSP4, SSP5]",observation,vnm-v121-b-008-obs-365-300a2690a1f77ce9,B-008_rsl_1449_ssp370_q50,VNM,2030,0.053,m,,,,,,[전망치],IPCC AR6 Sea Level Projection Tool (NASA/IPCC),https://sealevel.nasa.gov/data_tools/17,기관 이용약관,B-008_NASA 해수면 상승 전망 (SSP 1~5).xlsx,1.1_observation(측정값),365,
B-008,"NASA 해수면 상승 전망[SSP1, SSP2, SSP3, SSP4, SSP5]",observation,vnm-v121-b-008-obs-366-62b53c09c1157733,B-008_rsl_1449_ssp370_q50,VNM,2040,0.086,m,,,,,,[전망치],IPCC AR6 Sea Level Projection Tool (NASA/IPCC),https://sealevel.nasa.gov/data_tools/17,기관 이용약관,B-008_NASA 해수면 상승 전망 (SSP 1~5).xlsx,1.1_observation(측정값),366,
B-008,"NASA 해수면 상승 전망[SSP1, SSP2, SSP3, SSP4, SSP5]",observation,vnm-v121-b-008-obs-367-27f8b78bc8ea1b0b,B-008_rsl_1449_ssp370_q50,VNM,2050,0.139,m,,,,,,[전망치],IPCC AR6 Sea Level Projection Tool (NASA/IPCC),https://sealevel.nasa.gov/data_tools/17,기관 이용약관,B-008_NASA 해수면 상승 전망 (SSP 1~5).xlsx,1.1_observation(측정값),367,
B-008,"NASA 해수면 상승 전망[SSP1, SSP2, SSP3, SSP4, SSP5]",observation,vnm-v121-b-008-obs-368-99b459bea75b21fe,B-008_rsl_1449_ssp370_q50,VNM,2060,0.189,m,,,,,,[전망치],IPCC AR6 Sea Level Projection Tool (NASA/IPCC),https://sealevel.nasa.gov/data_tools/17,기관 이용약관,B-008_NASA 해수면 상승 전망 (SSP 1~5).xlsx,1.1_observation(측정값),368,
B-008,"NASA 해수면 상승 전망[SSP1, SSP2, SSP3, SSP4, SSP5]",observation,vnm-v121-b-008-obs-369-62ec1ea418f819f0,B-008_rsl_1449_ssp370_q50,VNM,2070,0.26,m,,,,,,[전망치],IPCC AR6 Sea Level Projection Tool (NASA/IPCC),https://sealevel.nasa.gov/data_tools/17,기관 이용약관,B-008_NASA 해수면 상승 전망 (SSP 1~5).xlsx,1.1_observation(측정값),369,
B-008,"NASA 해수면 상승 전망[SSP1, SSP2, SSP3, SSP4, SSP5]",observation,vnm-v121-b-008-obs-370-1181f9309e48891c,B-008_rsl_1449_ssp370_q50,VNM,2080,0.338,m,,,,,,[전망치],IPCC AR6 Sea Level Projection Tool (NASA/IPCC),https://sealevel.nasa.gov/data_tools/17,기관 이용약관,B-008_NASA 해수면 상승 전망 (SSP 1~5).xlsx,1.1_observation(측정값),370,
B-008,"NASA 해수면 상승 전망[SSP1, SSP2, SSP3, SSP4, SSP5]",observation,vnm-v121-b-008-obs-371-122c625c7126750a,B-008_rsl_1449_ssp370_q50,VNM,2090,0.428,m,,,,,,[전망치],IPCC AR6 Sea Level Projection Tool (NASA/IPCC),https://sealevel.nasa.gov/data_tools/17,기관 이용약관,B-008_NASA 해수면 상승 전망 (SSP 1~5).xlsx,1.1_observation(측정값),371,
B-008,"NASA 해수면 상승 전망[SSP1, SSP2, SSP3, SSP4, SSP5]",observation,vnm-v121-b-008-obs-372-aaf4469aa5116fc7,B-008_rsl_1449_ssp370_q50,VNM,2100,0.534,m,,,,,,[전망치],IPCC AR6 Sea Level Projection Tool (NASA/IPCC),https://sealevel.nasa.gov/data_tools/17,기관 이용약관,B-008_NASA 해수면 상승 전망 (SSP 1~5).xlsx,1.1_observation(측정값),372,
B-008,"NASA 해수면 상승 전망[SSP1, SSP2, SSP3, SSP4, SSP5]",observation,vnm-v121-b-008-obs-373-ac0c0e5331b04855,B-008_rsl_1449_ssp370_q83,VNM,2020,0.065,m,,,,,,[전망치],IPCC AR6 Sea Level Projection Tool (NASA/IPCC),https://sealevel.nasa.gov/data_tools/17,기관 이용약관,B-008_NASA 해수면 상승 전망 (SSP 1~5).xlsx,1.1_observation(측정값),373,
B-008,"NASA 해수면 상승 전망[SSP1, SSP2, SSP3, SSP4, SSP5]",observation,vnm-v121-b-008-obs-374-e53280a00d31e86e,B-008_rsl_1449_ssp370_q83,VNM,2030,0.105,m,,,,,,[전망치],IPCC AR6 Sea Level Projection Tool (NASA/IPCC),https://sealevel.nasa.gov/data_tools/17,기관 이용약관,B-008_NASA 해수면 상승 전망 (SSP 1~5).xlsx,1.1_observation(측정값),374,
B-008,"NASA 해수면 상승 전망[SSP1, SSP2, SSP3, SSP4, SSP5]",observation,vnm-v121-b-008-obs-375-7222e717ce9d6f69,B-008_rsl_1449_ssp370_q83,VNM,2040,0.156,m,,,,,,[전망치],IPCC AR6 Sea Level Projection Tool (NASA/IPCC),https://sealevel.nasa.gov/data_tools/17,기관 이용약관,B-008_NASA 해수면 상승 전망 (SSP 1~5).xlsx,1.1_observation(측정값),375,
B-008,"NASA 해수면 상승 전망[SSP1, SSP2, SSP3, SSP4, SSP5]",observation,vnm-v121-b-008-obs-376-b23d6c67a442f9d5,B-008_rsl_1449_ssp370_q83,VNM,2050,0.233,m,,,,,,[전망치],IPCC AR6 Sea Level Projection Tool (NASA/IPCC),https://sealevel.nasa.gov/data_tools/17,기관 이용약관,B-008_NASA 해수면 상승 전망 (SSP 1~5).xlsx,1.1_observation(측정값),376,
B-008,"NASA 해수면 상승 전망[SSP1, SSP2, SSP3, SSP4, SSP5]",observation,vnm-v121-b-008-obs-377-dc875d4cbd06248a,B-008_rsl_1449_ssp370_q83,VNM,2060,0.309,m,,,,,,[전망치],IPCC AR6 Sea Level Projection Tool (NASA/IPCC),https://sealevel.nasa.gov/data_tools/17,기관 이용약관,B-008_NASA 해수면 상승 전망 (SSP 1~5).xlsx,1.1_observation(측정값),377,
B-008,"NASA 해수면 상승 전망[SSP1, SSP2, SSP3, SSP4, SSP5]",observation,vnm-v121-b-008-obs-378-a99b2bf93002069d,B-008_rsl_1449_ssp370_q83,VNM,2070,0.411,m,,,,,,[전망치],IPCC AR6 Sea Level Projection Tool (NASA/IPCC),https://sealevel.nasa.gov/data_tools/17,기관 이용약관,B-008_NASA 해수면 상승 전망 (SSP 1~5).xlsx,1.1_observation(측정값),378,
B-008,"NASA 해수면 상승 전망[SSP1, SSP2, SSP3, SSP4, SSP5]",observation,vnm-v121-b-008-obs-379-506b9178162dd907,B-008_rsl_1449_ssp370_q83,VNM,2080,0.527,m,,,,,,[전망치],IPCC AR6 Sea Level Projection Tool (NASA/IPCC),https://sealevel.nasa.gov/data_tools/17,기관 이용약관,B-008_NASA 해수면 상승 전망 (SSP 1~5).xlsx,1.1_observation(측정값),379,
B-008,"NASA 해수면 상승 전망[SSP1, SSP2, SSP3, SSP4, SSP5]",observation,vnm-v121-b-008-obs-380-56e4141783c3b100,B-008_rsl_1449_ssp370_q83,VNM,2090,0.659,m,,,,,,[전망치],IPCC AR6 Sea Level Projection Tool (NASA/IPCC),https://sealevel.nasa.gov/data_tools/17,기관 이용약관,B-008_NASA 해수면 상승 전망 (SSP 1~5).xlsx,1.1_observation(측정값),380,
B-008,"NASA 해수면 상승 전망[SSP1, SSP2, SSP3, SSP4, SSP5]",observation,vnm-v121-b-008-obs-381-5a7d369783c14307,B-008_rsl_1449_ssp370_q83,VNM,2100,0.812,m,,,,,,[전망치],IPCC AR6 Sea Level Projection Tool (NASA/IPCC),https://sealevel.nasa.gov/data_tools/17,기관 이용약관,B-008_NASA 해수면 상승 전망 (SSP 1~5).xlsx,1.1_observation(측정값),381,
B-008,"NASA 해수면 상승 전망[SSP1, SSP2, SSP3, SSP4, SSP5]",observation,vnm-v121-b-008-obs-382-bcc6e79778d60fe6,B-008_rsl_1449_ssp585_q17,VNM,2020,-0.011,m,,,,,,[전망치],IPCC AR6 Sea Level Projection Tool (NASA/IPCC),https://sealevel.nasa.gov/data_tools/17,기관 이용약관,B-008_NASA 해수면 상승 전망 (SSP 1~5).xlsx,1.1_observation(측정값),382,
B-008,"NASA 해수면 상승 전망[SSP1, SSP2, SSP3, SSP4, SSP5]",observation,vnm-v121-b-008-obs-383-4218f1bd0b14b738,B-008_rsl_1449_ssp585_q17,VNM,2030,0.012,m,,,,,,[전망치],IPCC AR6 Sea Level Projection Tool (NASA/IPCC),https://sealevel.nasa.gov/data_tools/17,기관 이용약관,B-008_NASA 해수면 상승 전망 (SSP 1~5).xlsx,1.1_observation(측정값),383,
B-008,"NASA 해수면 상승 전망[SSP1, SSP2, SSP3, SSP4, SSP5]",observation,vnm-v121-b-008-obs-384-47bfc188f70cf55c,B-008_rsl_1449_ssp585_q17,VNM,2040,0.039,m,,,,,,[전망치],IPCC AR6 Sea Level Projection Tool (NASA/IPCC),https://sealevel.nasa.gov/data_tools/17,기관 이용약관,B-008_NASA 해수면 상승 전망 (SSP 1~5).xlsx,1.1_observation(측정값),384,
B-008,"NASA 해수면 상승 전망[SSP1, SSP2, SSP3, SSP4, SSP5]",observation,vnm-v121-b-008-obs-385-9d81ef1daae4ca5d,B-008_rsl_1449_ssp585_q17,VNM,2050,0.081,m,,,,,,[전망치],IPCC AR6 Sea Level Projection Tool (NASA/IPCC),https://sealevel.nasa.gov/data_tools/17,기관 이용약관,B-008_NASA 해수면 상승 전망 (SSP 1~5).xlsx,1.1_observation(측정값),385,
B-008,"NASA 해수면 상승 전망[SSP1, SSP2, SSP3, SSP4, SSP5]",observation,vnm-v121-b-008-obs-386-004d5f5864b4bc48,B-008_rsl_1449_ssp585_q17,VNM,2060,0.118,m,,,,,,[전망치],IPCC AR6 Sea Level Projection Tool (NASA/IPCC),https://sealevel.nasa.gov/data_tools/17,기관 이용약관,B-008_NASA 해수면 상승 전망 (SSP 1~5).xlsx,1.1_observation(측정값),386,
B-008,"NASA 해수면 상승 전망[SSP1, SSP2, SSP3, SSP4, SSP5]",observation,vnm-v121-b-008-obs-387-f699d33b10b668a2,B-008_rsl_1449_ssp585_q17,VNM,2070,0.174,m,,,,,,[전망치],IPCC AR6 Sea Level Projection Tool (NASA/IPCC),https://sealevel.nasa.gov/data_tools/17,기관 이용약관,B-008_NASA 해수면 상승 전망 (SSP 1~5).xlsx,1.1_observation(측정값),387,
B-008,"NASA 해수면 상승 전망[SSP1, SSP2, SSP3, SSP4, SSP5]",observation,vnm-v121-b-008-obs-388-99c213dca6b235db,B-008_rsl_1449_ssp585_q17,VNM,2080,0.241,m,,,,,,[전망치],IPCC AR6 Sea Level Projection Tool (NASA/IPCC),https://sealevel.nasa.gov/data_tools/17,기관 이용약관,B-008_NASA 해수면 상승 전망 (SSP 1~5).xlsx,1.1_observation(측정값),388,
B-008,"NASA 해수면 상승 전망[SSP1, SSP2, SSP3, SSP4, SSP5]",observation,vnm-v121-b-008-obs-389-f91560f722a2f9f1,B-008_rsl_1449_ssp585_q17,VNM,2090,0.324,m,,,,,,[전망치],IPCC AR6 Sea Level Projection Tool (NASA/IPCC),https://sealevel.nasa.gov/data_tools/17,기관 이용약관,B-008_NASA 해수면 상승 전망 (SSP 1~5).xlsx,1.1_observation(측정값),389,
B-008,"NASA 해수면 상승 전망[SSP1, SSP2, SSP3, SSP4, SSP5]",observation,vnm-v121-b-008-obs-390-433579d5e3d2b393,B-008_rsl_1449_ssp585_q17,VNM,2100,0.415,m,,,,,,[전망치],IPCC AR6 Sea Level Projection Tool (NASA/IPCC),https://sealevel.nasa.gov/data_tools/17,기관 이용약관,B-008_NASA 해수면 상승 전망 (SSP 1~5).xlsx,1.1_observation(측정값),390,
B-008,"NASA 해수면 상승 전망[SSP1, SSP2, SSP3, SSP4, SSP5]",observation,vnm-v121-b-008-obs-391-dc6c1efdc2b38900,B-008_rsl_1449_ssp585_q50,VNM,2020,0.023,m,,,,,,[전망치],IPCC AR6 Sea Level Projection Tool (NASA/IPCC),https://sealevel.nasa.gov/data_tools/17,기관 이용약관,B-008_NASA 해수면 상승 전망 (SSP 1~5).xlsx,1.1_observation(측정값),391,
B-008,"NASA 해수면 상승 전망[SSP1, SSP2, SSP3, SSP4, SSP5]",observation,vnm-v121-b-008-obs-392-b4a265f0ad5bf96f,B-008_rsl_1449_ssp585_q50,VNM,2030,0.058,m,,,,,,[전망치],IPCC AR6 Sea Level Projection Tool (NASA/IPCC),https://sealevel.nasa.gov/data_tools/17,기관 이용약관,B-008_NASA 해수면 상승 전망 (SSP 1~5).xlsx,1.1_observation(측정값),392,
B-008,"NASA 해수면 상승 전망[SSP1, SSP2, SSP3, SSP4, SSP5]",observation,vnm-v121-b-008-obs-393-9bf8dd346afa34a8,B-008_rsl_1449_ssp585_q50,VNM,2040,0.104,m,,,,,,[전망치],IPCC AR6 Sea Level Projection Tool (NASA/IPCC),https://sealevel.nasa.gov/data_tools/17,기관 이용약관,B-008_NASA 해수면 상승 전망 (SSP 1~5).xlsx,1.1_observation(측정값),393,
B-008,"NASA 해수면 상승 전망[SSP1, SSP2, SSP3, SSP4, SSP5]",observation,vnm-v121-b-008-obs-394-1e8b59b166ff5982,B-008_rsl_1449_ssp585_q50,VNM,2050,0.162,m,,,,,,[전망치],IPCC AR6 Sea Level Projection Tool (NASA/IPCC),https://sealevel.nasa.gov/data_tools/17,기관 이용약관,B-008_NASA 해수면 상승 전망 (SSP 1~5).xlsx,1.1_observation(측정값),394,
B-008,"NASA 해수면 상승 전망[SSP1, SSP2, SSP3, SSP4, SSP5]",observation,vnm-v121-b-008-obs-395-1735b006954f0482,B-008_rsl_1449_ssp585_q50,VNM,2060,0.22,m,,,,,,[전망치],IPCC AR6 Sea Level Projection Tool (NASA/IPCC),https://sealevel.nasa.gov/data_tools/17,기관 이용약관,B-008_NASA 해수면 상승 전망 (SSP 1~5).xlsx,1.1_observation(측정값),395,
B-008,"NASA 해수면 상승 전망[SSP1, SSP2, SSP3, SSP4, SSP5]",observation,vnm-v121-b-008-obs-396-f32d6db869551e65,B-008_rsl_1449_ssp585_q50,VNM,2070,0.3,m,,,,,,[전망치],IPCC AR6 Sea Level Projection Tool (NASA/IPCC),https://sealevel.nasa.gov/data_tools/17,기관 이용약관,B-008_NASA 해수면 상승 전망 (SSP 1~5).xlsx,1.1_observation(측정값),396,
B-008,"NASA 해수면 상승 전망[SSP1, SSP2, SSP3, SSP4, SSP5]",observation,vnm-v121-b-008-obs-397-df90930c5e51d023,B-008_rsl_1449_ssp585_q50,VNM,2080,0.392,m,,,,,,[전망치],IPCC AR6 Sea Level Projection Tool (NASA/IPCC),https://sealevel.nasa.gov/data_tools/17,기관 이용약관,B-008_NASA 해수면 상승 전망 (SSP 1~5).xlsx,1.1_observation(측정값),397,
B-008,"NASA 해수면 상승 전망[SSP1, SSP2, SSP3, SSP4, SSP5]",observation,vnm-v121-b-008-obs-398-3160caf6cd505abc,B-008_rsl_1449_ssp585_q50,VNM,2090,0.502,m,,,,,,[전망치],IPCC AR6 Sea Level Projection Tool (NASA/IPCC),https://sealevel.nasa.gov/data_tools/17,기관 이용약관,B-008_NASA 해수면 상승 전망 (SSP 1~5).xlsx,1.1_observation(측정값),398,
B-008,"NASA 해수면 상승 전망[SSP1, SSP2, SSP3, SSP4, SSP5]",observation,vnm-v121-b-008-obs-399-7660a9c7945219eb,B-008_rsl_1449_ssp585_q50,VNM,2100,0.634,m,,,,,,[전망치],IPCC AR6 Sea Level Projection Tool (NASA/IPCC),https://sealevel.nasa.gov/data_tools/17,기관 이용약관,B-008_NASA 해수면 상승 전망 (SSP 1~5).xlsx,1.1_observation(측정값),399,
B-008,"NASA 해수면 상승 전망[SSP1, SSP2, SSP3, SSP4, SSP5]",observation,vnm-v121-b-008-obs-400-eb10dd48865f93da,B-008_rsl_1449_ssp585_q83,VNM,2020,0.059,m,,,,,,[전망치],IPCC AR6 Sea Level Projection Tool (NASA/IPCC),https://sealevel.nasa.gov/data_tools/17,기관 이용약관,B-008_NASA 해수면 상승 전망 (SSP 1~5).xlsx,1.1_observation(측정값),400,
B-008,"NASA 해수면 상승 전망[SSP1, SSP2, SSP3, SSP4, SSP5]",observation,vnm-v121-b-008-obs-401-088efb7af8008a87,B-008_rsl_1449_ssp585_q83,VNM,2030,0.109,m,,,,,,[전망치],IPCC AR6 Sea Level Projection Tool (NASA/IPCC),https://sealevel.nasa.gov/data_tools/17,기관 이용약관,B-008_NASA 해수면 상승 전망 (SSP 1~5).xlsx,1.1_observation(측정값),401,
B-008,"NASA 해수면 상승 전망[SSP1, SSP2, SSP3, SSP4, SSP5]",observation,vnm-v121-b-008-obs-402-5bc05a024c06e84d,B-008_rsl_1449_ssp585_q83,VNM,2040,0.179,m,,,,,,[전망치],IPCC AR6 Sea Level Projection Tool (NASA/IPCC),https://sealevel.nasa.gov/data_tools/17,기관 이용약관,B-008_NASA 해수면 상승 전망 (SSP 1~5).xlsx,1.1_observation(측정값),402,
B-008,"NASA 해수면 상승 전망[SSP1, SSP2, SSP3, SSP4, SSP5]",observation,vnm-v121-b-008-obs-403-370f19644283c004,B-008_rsl_1449_ssp585_q83,VNM,2050,0.259,m,,,,,,[전망치],IPCC AR6 Sea Level Projection Tool (NASA/IPCC),https://sealevel.nasa.gov/data_tools/17,기관 이용약관,B-008_NASA 해수면 상승 전망 (SSP 1~5).xlsx,1.1_observation(측정값),403,
B-008,"NASA 해수면 상승 전망[SSP1, SSP2, SSP3, SSP4, SSP5]",observation,vnm-v121-b-008-obs-404-3436675b5df3ba61,B-008_rsl_1449_ssp585_q83,VNM,2060,0.349,m,,,,,,[전망치],IPCC AR6 Sea Level Projection Tool (NASA/IPCC),https://sealevel.nasa.gov/data_tools/17,기관 이용약관,B-008_NASA 해수면 상승 전망 (SSP 1~5).xlsx,1.1_observation(측정값),404,
B-008,"NASA 해수면 상승 전망[SSP1, SSP2, SSP3, SSP4, SSP5]",observation,vnm-v121-b-008-obs-405-7ae39a9d7a80ec23,B-008_rsl_1449_ssp585_q83,VNM,2070,0.465,m,,,,,,[전망치],IPCC AR6 Sea Level Projection Tool (NASA/IPCC),https://sealevel.nasa.gov/data_tools/17,기관 이용약관,B-008_NASA 해수면 상승 전망 (SSP 1~5).xlsx,1.1_observation(측정값),405,
B-008,"NASA 해수면 상승 전망[SSP1, SSP2, SSP3, SSP4, SSP5]",observation,vnm-v121-b-008-obs-406-43471fede974a050,B-008_rsl_1449_ssp585_q83,VNM,2080,0.598,m,,,,,,[전망치],IPCC AR6 Sea Level Projection Tool (NASA/IPCC),https://sealevel.nasa.gov/data_tools/17,기관 이용약관,B-008_NASA 해수면 상승 전망 (SSP 1~5).xlsx,1.1_observation(측정값),406,
B-008,"NASA 해수면 상승 전망[SSP1, SSP2, SSP3, SSP4, SSP5]",observation,vnm-v121-b-008-obs-407-a60ba082668a60aa,B-008_rsl_1449_ssp585_q83,VNM,2090,0.755,m,,,,,,[전망치],IPCC AR6 Sea Level Projection Tool (NASA/IPCC),https://sealevel.nasa.gov/data_tools/17,기관 이용약관,B-008_NASA 해수면 상승 전망 (SSP 1~5).xlsx,1.1_observation(측정값),407,
B-008,"NASA 해수면 상승 전망[SSP1, SSP2, SSP3, SSP4, SSP5]",observation,vnm-v121-b-008-obs-408-c55bb8e555a62416,B-008_rsl_1449_ssp585_q83,VNM,2100,0.947,m,,,,,,[전망치],IPCC AR6 Sea Level Projection Tool (NASA/IPCC),https://sealevel.nasa.gov/data_tools/17,기관 이용약관,B-008_NASA 해수면 상승 전망 (SSP 1~5).xlsx,1.1_observation(측정값),408,
B-008,"NASA 해수면 상승 전망[SSP1, SSP2, SSP3, SSP4, SSP5]",observation,vnm-v121-b-008-obs-409-8138bc7f690eaeff,B-008_rsl_1475_ssp119_q17,VNM,2020,0.041,m,,,,,,[전망치],IPCC AR6 Sea Level Projection Tool (NASA/IPCC),https://sealevel.nasa.gov/data_tools/17,기관 이용약관,B-008_NASA 해수면 상승 전망 (SSP 1~5).xlsx,1.1_observation(측정값),409,
B-008,"NASA 해수면 상승 전망[SSP1, SSP2, SSP3, SSP4, SSP5]",observation,vnm-v121-b-008-obs-410-7742f539dd7a03e3,B-008_rsl_1475_ssp119_q17,VNM,2030,0.075,m,,,,,,[전망치],IPCC AR6 Sea Level Projection Tool (NASA/IPCC),https://sealevel.nasa.gov/data_tools/17,기관 이용약관,B-008_NASA 해수면 상승 전망 (SSP 1~5).xlsx,1.1_observation(측정값),410,
B-008,"NASA 해수면 상승 전망[SSP1, SSP2, SSP3, SSP4, SSP5]",observation,vnm-v121-b-008-obs-411-415b73251effdad4,B-008_rsl_1475_ssp119_q17,VNM,2040,0.104,m,,,,,,[전망치],IPCC AR6 Sea Level Projection Tool (NASA/IPCC),https://sealevel.nasa.gov/data_tools/17,기관 이용약관,B-008_NASA 해수면 상승 전망 (SSP 1~5).xlsx,1.1_observation(측정값),411,
B-008,"NASA 해수면 상승 전망[SSP1, SSP2, SSP3, SSP4, SSP5]",observation,vnm-v121-b-008-obs-412-f97652250419d050,B-008_rsl_1475_ssp119_q17,VNM,2050,0.15,m,,,,,,[전망치],IPCC AR6 Sea Level Projection Tool (NASA/IPCC),https://sealevel.nasa.gov/data_tools/17,기관 이용약관,B-008_NASA 해수면 상승 전망 (SSP 1~5).xlsx,1.1_observation(측정값),412,
B-008,"NASA 해수면 상승 전망[SSP1, SSP2, SSP3, SSP4, SSP5]",observation,vnm-v121-b-008-obs-413-1ff5bf86b4374e48,B-008_rsl_1475_ssp119_q17,VNM,2060,0.173,m,,,,,,[전망치],IPCC AR6 Sea Level Projection Tool (NASA/IPCC),https://sealevel.nasa.gov/data_tools/17,기관 이용약관,B-008_NASA 해수면 상승 전망 (SSP 1~5).xlsx,1.1_observation(측정값),413,
B-008,"NASA 해수면 상승 전망[SSP1, SSP2, SSP3, SSP4, SSP5]",observation,vnm-v121-b-008-obs-414-68fa9010e7a2ef95,B-008_rsl_1475_ssp119_q17,VNM,2070,0.205,m,,,,,,[전망치],IPCC AR6 Sea Level Projection Tool (NASA/IPCC),https://sealevel.nasa.gov/data_tools/17,기관 이용약관,B-008_NASA 해수면 상승 전망 (SSP 1~5).xlsx,1.1_observation(측정값),414,
B-008,"NASA 해수면 상승 전망[SSP1, SSP2, SSP3, SSP4, SSP5]",observation,vnm-v121-b-008-obs-415-70b2076cf5d90795,B-008_rsl_1475_ssp119_q17,VNM,2080,0.23,m,,,,,,[전망치],IPCC AR6 Sea Level Projection Tool (NASA/IPCC),https://sealevel.nasa.gov/data_tools/17,기관 이용약관,B-008_NASA 해수면 상승 전망 (SSP 1~5).xlsx,1.1_observation(측정값),415,
B-008,"NASA 해수면 상승 전망[SSP1, SSP2, SSP3, SSP4, SSP5]",observation,vnm-v121-b-008-obs-416-cbafc057e66dd073,B-008_rsl_1475_ssp119_q17,VNM,2090,0.267,m,,,,,,[전망치],IPCC AR6 Sea Level Projection Tool (NASA/IPCC),https://sealevel.nasa.gov/data_tools/17,기관 이용약관,B-008_NASA 해수면 상승 전망 (SSP 1~5).xlsx,1.1_observation(측정값),416,
B-008,"NASA 해수면 상승 전망[SSP1, SSP2, SSP3, SSP4, SSP5]",observation,vnm-v121-b-008-obs-417-018dd2a039946012,B-008_rsl_1475_ssp119_q17,VNM,2100,0.273,m,,,,,,[전망치],IPCC AR6 Sea Level Projection Tool (NASA/IPCC),https://sealevel.nasa.gov/data_tools/17,기관 이용약관,B-008_NASA 해수면 상승 전망 (SSP 1~5).xlsx,1.1_observation(측정값),417,
B-008,"NASA 해수면 상승 전망[SSP1, SSP2, SSP3, SSP4, SSP5]",observation,vnm-v121-b-008-obs-418-fa3d350e8572db27,B-008_rsl_1475_ssp119_q50,VNM,2020,0.063,m,,,,,,[전망치],IPCC AR6 Sea Level Projection Tool (NASA/IPCC),https://sealevel.nasa.gov/data_tools/17,기관 이용약관,B-008_NASA 해수면 상승 전망 (SSP 1~5).xlsx,1.1_observation(측정값),418,
B-008,"NASA 해수면 상승 전망[SSP1, SSP2, SSP3, SSP4, SSP5]",observation,vnm-v121-b-008-obs-419-10c63ef2647d3f5f,B-008_rsl_1475_ssp119_q50,VNM,2030,0.116,m,,,,,,[전망치],IPCC AR6 Sea Level Projection Tool (NASA/IPCC),https://sealevel.nasa.gov/data_tools/17,기관 이용약관,B-008_NASA 해수면 상승 전망 (SSP 1~5).xlsx,1.1_observation(측정값),419,
B-008,"NASA 해수면 상승 전망[SSP1, SSP2, SSP3, SSP4, SSP5]",observation,vnm-v121-b-008-obs-420-80c14fe479f05ade,B-008_rsl_1475_ssp119_q50,VNM,2040,0.16,m,,,,,,[전망치],IPCC AR6 Sea Level Projection Tool (NASA/IPCC),https://sealevel.nasa.gov/data_tools/17,기관 이용약관,B-008_NASA 해수면 상승 전망 (SSP 1~5).xlsx,1.1_observation(측정값),420,
B-008,"NASA 해수면 상승 전망[SSP1, SSP2, SSP3, SSP4, SSP5]",observation,vnm-v121-b-008-obs-421-96e34d56b3d52646,B-008_rsl_1475_ssp119_q50,VNM,2050,0.218,m,,,,,,[전망치],IPCC AR6 Sea Level Projection Tool (NASA/IPCC),https://sealevel.nasa.gov/data_tools/17,기관 이용약관,B-008_NASA 해수면 상승 전망 (SSP 1~5).xlsx,1.1_observation(측정값),421,
B-008,"NASA 해수면 상승 전망[SSP1, SSP2, SSP3, SSP4, SSP5]",observation,vnm-v121-b-008-obs-422-cbbdbb4154d797ed,B-008_rsl_1475_ssp119_q50,VNM,2060,0.258,m,,,,,,[전망치],IPCC AR6 Sea Level Projection Tool (NASA/IPCC),https://sealevel.nasa.gov/data_tools/17,기관 이용약관,B-008_NASA 해수면 상승 전망 (SSP 1~5).xlsx,1.1_observation(측정값),422,
B-008,"NASA 해수면 상승 전망[SSP1, SSP2, SSP3, SSP4, SSP5]",observation,vnm-v121-b-008-obs-423-b7ef5496ae8417de,B-008_rsl_1475_ssp119_q50,VNM,2070,0.312,m,,,,,,[전망치],IPCC AR6 Sea Level Projection Tool (NASA/IPCC),https://sealevel.nasa.gov/data_tools/17,기관 이용약관,B-008_NASA 해수면 상승 전망 (SSP 1~5).xlsx,1.1_observation(측정값),423,
B-008,"NASA 해수면 상승 전망[SSP1, SSP2, SSP3, SSP4, SSP5]",observation,vnm-v121-b-008-obs-424-63869ffe2fcc1a5a,B-008_rsl_1475_ssp119_q50,VNM,2080,0.358,m,,,,,,[전망치],IPCC AR6 Sea Level Projection Tool (NASA/IPCC),https://sealevel.nasa.gov/data_tools/17,기관 이용약관,B-008_NASA 해수면 상승 전망 (SSP 1~5).xlsx,1.1_observation(측정값),424,
B-008,"NASA 해수면 상승 전망[SSP1, SSP2, SSP3, SSP4, SSP5]",observation,vnm-v121-b-008-obs-425-3e76ced1fc6d8ef0,B-008_rsl_1475_ssp119_q50,VNM,2090,0.414,m,,,,,,[전망치],IPCC AR6 Sea Level Projection Tool (NASA/IPCC),https://sealevel.nasa.gov/data_tools/17,기관 이용약관,B-008_NASA 해수면 상승 전망 (SSP 1~5).xlsx,1.1_observation(측정값),425,
B-008,"NASA 해수면 상승 전망[SSP1, SSP2, SSP3, SSP4, SSP5]",observation,vnm-v121-b-008-obs-426-70f7d40d00b42ce4,B-008_rsl_1475_ssp119_q50,VNM,2100,0.457,m,,,,,,[전망치],IPCC AR6 Sea Level Projection Tool (NASA/IPCC),https://sealevel.nasa.gov/data_tools/17,기관 이용약관,B-008_NASA 해수면 상승 전망 (SSP 1~5).xlsx,1.1_observation(측정값),426,
B-008,"NASA 해수면 상승 전망[SSP1, SSP2, SSP3, SSP4, SSP5]",observation,vnm-v121-b-008-obs-427-6921c7e17abbc62a,B-008_rsl_1475_ssp119_q83,VNM,2020,0.088,m,,,,,,[전망치],IPCC AR6 Sea Level Projection Tool (NASA/IPCC),https://sealevel.nasa.gov/data_tools/17,기관 이용약관,B-008_NASA 해수면 상승 전망 (SSP 1~5).xlsx,1.1_observation(측정값),427,
B-008,"NASA 해수면 상승 전망[SSP1, SSP2, SSP3, SSP4, SSP5]",observation,vnm-v121-b-008-obs-428-a77060af20cf2d51,B-008_rsl_1475_ssp119_q83,VNM,2030,0.163,m,,,,,,[전망치],IPCC AR6 Sea Level Projection Tool (NASA/IPCC),https://sealevel.nasa.gov/data_tools/17,기관 이용약관,B-008_NASA 해수면 상승 전망 (SSP 1~5).xlsx,1.1_observation(측정값),428,
B-008,"NASA 해수면 상승 전망[SSP1, SSP2, SSP3, SSP4, SSP5]",observation,vnm-v121-b-008-obs-429-26b418749db6965d,B-008_rsl_1475_ssp119_q83,VNM,2040,0.226,m,,,,,,[전망치],IPCC AR6 Sea Level Projection Tool (NASA/IPCC),https://sealevel.nasa.gov/data_tools/17,기관 이용약관,B-008_NASA 해수면 상승 전망 (SSP 1~5).xlsx,1.1_observation(측정값),429,
B-008,"NASA 해수면 상승 전망[SSP1, SSP2, SSP3, SSP4, SSP5]",observation,vnm-v121-b-008-obs-430-76525c96e6a85929,B-008_rsl_1475_ssp119_q83,VNM,2050,0.303,m,,,,,,[전망치],IPCC AR6 Sea Level Projection Tool (NASA/IPCC),https://sealevel.nasa.gov/data_tools/17,기관 이용약관,B-008_NASA 해수면 상승 전망 (SSP 1~5).xlsx,1.1_observation(측정값),430,
B-008,"NASA 해수면 상승 전망[SSP1, SSP2, SSP3, SSP4, SSP5]",observation,vnm-v121-b-008-obs-431-0671e4247723b7a3,B-008_rsl_1475_ssp119_q83,VNM,2060,0.368,m,,,,,,[전망치],IPCC AR6 Sea Level Projection Tool (NASA/IPCC),https://sealevel.nasa.gov/data_tools/17,기관 이용약관,B-008_NASA 해수면 상승 전망 (SSP 1~5).xlsx,1.1_observation(측정값),431,
B-008,"NASA 해수면 상승 전망[SSP1, SSP2, SSP3, SSP4, SSP5]",observation,vnm-v121-b-008-obs-432-f7614644d4d03fe6,B-008_rsl_1475_ssp119_q83,VNM,2070,0.449,m,,,,,,[전망치],IPCC AR6 Sea Level Projection Tool (NASA/IPCC),https://sealevel.nasa.gov/data_tools/17,기관 이용약관,B-008_NASA 해수면 상승 전망 (SSP 1~5).xlsx,1.1_observation(측정값),432,
B-008,"NASA 해수면 상승 전망[SSP1, SSP2, SSP3, SSP4, SSP5]",observation,vnm-v121-b-008-obs-433-ec22ced1c17f2e24,B-008_rsl_1475_ssp119_q83,VNM,2080,0.523,m,,,,,,[전망치],IPCC AR6 Sea Level Projection Tool (NASA/IPCC),https://sealevel.nasa.gov/data_tools/17,기관 이용약관,B-008_NASA 해수면 상승 전망 (SSP 1~5).xlsx,1.1_observation(측정값),433,
B-008,"NASA 해수면 상승 전망[SSP1, SSP2, SSP3, SSP4, SSP5]",observation,vnm-v121-b-008-obs-434-4239911fb8ce2735,B-008_rsl_1475_ssp119_q83,VNM,2090,0.602,m,,,,,,[전망치],IPCC AR6 Sea Level Projection Tool (NASA/IPCC),https://sealevel.nasa.gov/data_tools/17,기관 이용약관,B-008_NASA 해수면 상승 전망 (SSP 1~5).xlsx,1.1_observation(측정값),434,
B-008,"NASA 해수면 상승 전망[SSP1, SSP2, SSP3, SSP4, SSP5]",observation,vnm-v121-b-008-obs-435-1ed35ca4a76a9e0b,B-008_rsl_1475_ssp119_q83,VNM,2100,0.68,m,,,,,,[전망치],IPCC AR6 Sea Level Projection Tool (NASA/IPCC),https://sealevel.nasa.gov/data_tools/17,기관 이용약관,B-008_NASA 해수면 상승 전망 (SSP 1~5).xlsx,1.1_observation(측정값),435,
B-008,"NASA 해수면 상승 전망[SSP1, SSP2, SSP3, SSP4, SSP5]",observation,vnm-v121-b-008-obs-436-f261d891847bc69b,B-008_rsl_1475_ssp126_q17,VNM,2020,0.023,m,,,,,,[전망치],IPCC AR6 Sea Level Projection Tool (NASA/IPCC),https://sealevel.nasa.gov/data_tools/17,기관 이용약관,B-008_NASA 해수면 상승 전망 (SSP 1~5).xlsx,1.1_observation(측정값),436,
B-008,"NASA 해수면 상승 전망[SSP1, SSP2, SSP3, SSP4, SSP5]",observation,vnm-v121-b-008-obs-437-e12010458e0bbf43,B-008_rsl_1475_ssp126_q17,VNM,2030,0.061,m,,,,,,[전망치],IPCC AR6 Sea Level Projection Tool (NASA/IPCC),https://sealevel.nasa.gov/data_tools/17,기관 이용약관,B-008_NASA 해수면 상승 전망 (SSP 1~5).xlsx,1.1_observation(측정값),437,
B-008,"NASA 해수면 상승 전망[SSP1, SSP2, SSP3, SSP4, SSP5]",observation,vnm-v121-b-008-obs-438-5103a278884131a6,B-008_rsl_1475_ssp126_q17,VNM,2040,0.101,m,,,,,,[전망치],IPCC AR6 Sea Level Projection Tool (NASA/IPCC),https://sealevel.nasa.gov/data_tools/17,기관 이용약관,B-008_NASA 해수면 상승 전망 (SSP 1~5).xlsx,1.1_observation(측정값),438,
B-008,"NASA 해수면 상승 전망[SSP1, SSP2, SSP3, SSP4, SSP5]",observation,vnm-v121-b-008-obs-439-1b2bb1483a176789,B-008_rsl_1475_ssp126_q17,VNM,2050,0.149,m,,,,,,[전망치],IPCC AR6 Sea Level Projection Tool (NASA/IPCC),https://sealevel.nasa.gov/data_tools/17,기관 이용약관,B-008_NASA 해수면 상승 전망 (SSP 1~5).xlsx,1.1_observation(측정값),439,
B-008,"NASA 해수면 상승 전망[SSP1, SSP2, SSP3, SSP4, SSP5]",observation,vnm-v121-b-008-obs-440-9ef113220ba94351,B-008_rsl_1475_ssp126_q17,VNM,2060,0.185,m,,,,,,[전망치],IPCC AR6 Sea Level Projection Tool (NASA/IPCC),https://sealevel.nasa.gov/data_tools/17,기관 이용약관,B-008_NASA 해수면 상승 전망 (SSP 1~5).xlsx,1.1_observation(측정값),440,
B-008,"NASA 해수면 상승 전망[SSP1, SSP2, SSP3, SSP4, SSP5]",observation,vnm-v121-b-008-obs-441-d2a1b9bc86a3d2d2,B-008_rsl_1475_ssp126_q17,VNM,2070,0.232,m,,,,,,[전망치],IPCC AR6 Sea Level Projection Tool (NASA/IPCC),https://sealevel.nasa.gov/data_tools/17,기관 이용약관,B-008_NASA 해수면 상승 전망 (SSP 1~5).xlsx,1.1_observation(측정값),441,
B-008,"NASA 해수면 상승 전망[SSP1, SSP2, SSP3, SSP4, SSP5]",observation,vnm-v121-b-008-obs-442-27488078c49aa7d1,B-008_rsl_1475_ssp126_q17,VNM,2080,0.267,m,,,,,,[전망치],IPCC AR6 Sea Level Projection Tool (NASA/IPCC),https://sealevel.nasa.gov/data_tools/17,기관 이용약관,B-008_NASA 해수면 상승 전망 (SSP 1~5).xlsx,1.1_observation(측정값),442,
B-008,"NASA 해수면 상승 전망[SSP1, SSP2, SSP3, SSP4, SSP5]",observation,vnm-v121-b-008-obs-443-d1b14b23a740561c,B-008_rsl_1475_ssp126_q17,VNM,2090,0.302,m,,,,,,[전망치],IPCC AR6 Sea Level Projection Tool (NASA/IPCC),https://sealevel.nasa.gov/data_tools/17,기관 이용약관,B-008_NASA 해수면 상승 전망 (SSP 1~5).xlsx,1.1_observation(측정값),443,
B-008,"NASA 해수면 상승 전망[SSP1, SSP2, SSP3, SSP4, SSP5]",observation,vnm-v121-b-008-obs-444-79ed47d2c3e561fb,B-008_rsl_1475_ssp126_q17,VNM,2100,0.315,m,,,,,,[전망치],IPCC AR6 Sea Level Projection Tool (NASA/IPCC),https://sealevel.nasa.gov/data_tools/17,기관 이용약관,B-008_NASA 해수면 상승 전망 (SSP 1~5).xlsx,1.1_observation(측정값),444,
B-008,"NASA 해수면 상승 전망[SSP1, SSP2, SSP3, SSP4, SSP5]",observation,vnm-v121-b-008-obs-445-41fa2ee7e6cd11a1,B-008_rsl_1475_ssp126_q50,VNM,2020,0.059,m,,,,,,[전망치],IPCC AR6 Sea Level Projection Tool (NASA/IPCC),https://sealevel.nasa.gov/data_tools/17,기관 이용약관,B-008_NASA 해수면 상승 전망 (SSP 1~5).xlsx,1.1_observation(측정값),445,
B-008,"NASA 해수면 상승 전망[SSP1, SSP2, SSP3, SSP4, SSP5]",observation,vnm-v121-b-008-obs-446-875d3cd106a8f877,B-008_rsl_1475_ssp126_q50,VNM,2030,0.108,m,,,,,,[전망치],IPCC AR6 Sea Level Projection Tool (NASA/IPCC),https://sealevel.nasa.gov/data_tools/17,기관 이용약관,B-008_NASA 해수면 상승 전망 (SSP 1~5).xlsx,1.1_observation(측정값),446,
B-008,"NASA 해수면 상승 전망[SSP1, SSP2, SSP3, SSP4, SSP5]",observation,vnm-v121-b-008-obs-447-7ca5e7d9a0378990,B-008_rsl_1475_ssp126_q50,VNM,2040,0.158,m,,,,,,[전망치],IPCC AR6 Sea Level Projection Tool (NASA/IPCC),https://sealevel.nasa.gov/data_tools/17,기관 이용약관,B-008_NASA 해수면 상승 전망 (SSP 1~5).xlsx,1.1_observation(측정값),447,
B-008,"NASA 해수면 상승 전망[SSP1, SSP2, SSP3, SSP4, SSP5]",observation,vnm-v121-b-008-obs-448-c980a030ce82fe16,B-008_rsl_1475_ssp126_q50,VNM,2050,0.22,m,,,,,,[전망치],IPCC AR6 Sea Level Projection Tool (NASA/IPCC),https://sealevel.nasa.gov/data_tools/17,기관 이용약관,B-008_NASA 해수면 상승 전망 (SSP 1~5).xlsx,1.1_observation(측정값),448,
B-008,"NASA 해수면 상승 전망[SSP1, SSP2, SSP3, SSP4, SSP5]",observation,vnm-v121-b-008-obs-449-81dd51c62e02fb17,B-008_rsl_1475_ssp126_q50,VNM,2060,0.272,m,,,,,,[전망치],IPCC AR6 Sea Level Projection Tool (NASA/IPCC),https://sealevel.nasa.gov/data_tools/17,기관 이용약관,B-008_NASA 해수면 상승 전망 (SSP 1~5).xlsx,1.1_observation(측정값),449,
B-008,"NASA 해수면 상승 전망[SSP1, SSP2, SSP3, SSP4, SSP5]",observation,vnm-v121-b-008-obs-450-8e8089f1924c6eac,B-008_rsl_1475_ssp126_q50,VNM,2070,0.338,m,,,,,,[전망치],IPCC AR6 Sea Level Projection Tool (NASA/IPCC),https://sealevel.nasa.gov/data_tools/17,기관 이용약관,B-008_NASA 해수면 상승 전망 (SSP 1~5).xlsx,1.1_observation(측정값),450,
B-008,"NASA 해수면 상승 전망[SSP1, SSP2, SSP3, SSP4, SSP5]",observation,vnm-v121-b-008-obs-451-8210cbc85a9851e0,B-008_rsl_1475_ssp126_q50,VNM,2080,0.396,m,,,,,,[전망치],IPCC AR6 Sea Level Projection Tool (NASA/IPCC),https://sealevel.nasa.gov/data_tools/17,기관 이용약관,B-008_NASA 해수면 상승 전망 (SSP 1~5).xlsx,1.1_observation(측정값),451,
B-008,"NASA 해수면 상승 전망[SSP1, SSP2, SSP3, SSP4, SSP5]",observation,vnm-v121-b-008-obs-452-07efa332dffa16db,B-008_rsl_1475_ssp126_q50,VNM,2090,0.452,m,,,,,,[전망치],IPCC AR6 Sea Level Projection Tool (NASA/IPCC),https://sealevel.nasa.gov/data_tools/17,기관 이용약관,B-008_NASA 해수면 상승 전망 (SSP 1~5).xlsx,1.1_observation(측정값),452,
B-008,"NASA 해수면 상승 전망[SSP1, SSP2, SSP3, SSP4, SSP5]",observation,vnm-v121-b-008-obs-453-442922e1934a0076,B-008_rsl_1475_ssp126_q50,VNM,2100,0.504,m,,,,,,[전망치],IPCC AR6 Sea Level Projection Tool (NASA/IPCC),https://sealevel.nasa.gov/data_tools/17,기관 이용약관,B-008_NASA 해수면 상승 전망 (SSP 1~5).xlsx,1.1_observation(측정값),453,
B-008,"NASA 해수면 상승 전망[SSP1, SSP2, SSP3, SSP4, SSP5]",observation,vnm-v121-b-008-obs-454-709676f009915848,B-008_rsl_1475_ssp126_q83,VNM,2020,0.098,m,,,,,,[전망치],IPCC AR6 Sea Level Projection Tool (NASA/IPCC),https://sealevel.nasa.gov/data_tools/17,기관 이용약관,B-008_NASA 해수면 상승 전망 (SSP 1~5).xlsx,1.1_observation(측정값),454,
B-008,"NASA 해수면 상승 전망[SSP1, SSP2, SSP3, SSP4, SSP5]",observation,vnm-v121-b-008-obs-455-db897f39538d681e,B-008_rsl_1475_ssp126_q83,VNM,2030,0.16,m,,,,,,[전망치],IPCC AR6 Sea Level Projection Tool (NASA/IPCC),https://sealevel.nasa.gov/data_tools/17,기관 이용약관,B-008_NASA 해수면 상승 전망 (SSP 1~5).xlsx,1.1_observation(측정값),455,
B-008,"NASA 해수면 상승 전망[SSP1, SSP2, SSP3, SSP4, SSP5]",observation,vnm-v121-b-008-obs-456-54e2d6cf5082a116,B-008_rsl_1475_ssp126_q83,VNM,2040,0.224,m,,,,,,[전망치],IPCC AR6 Sea Level Projection Tool (NASA/IPCC),https://sealevel.nasa.gov/data_tools/17,기관 이용약관,B-008_NASA 해수면 상승 전망 (SSP 1~5).xlsx,1.1_observation(측정값),456,
B-008,"NASA 해수면 상승 전망[SSP1, SSP2, SSP3, SSP4, SSP5]",observation,vnm-v121-b-008-obs-457-f8d23db1f7aebb5a,B-008_rsl_1475_ssp126_q83,VNM,2050,0.307,m,,,,,,[전망치],IPCC AR6 Sea Level Projection Tool (NASA/IPCC),https://sealevel.nasa.gov/data_tools/17,기관 이용약관,B-008_NASA 해수면 상승 전망 (SSP 1~5).xlsx,1.1_observation(측정값),457,
B-008,"NASA 해수면 상승 전망[SSP1, SSP2, SSP3, SSP4, SSP5]",observation,vnm-v121-b-008-obs-458-9d0323885feccddc,B-008_rsl_1475_ssp126_q83,VNM,2060,0.381,m,,,,,,[전망치],IPCC AR6 Sea Level Projection Tool (NASA/IPCC),https://sealevel.nasa.gov/data_tools/17,기관 이용약관,B-008_NASA 해수면 상승 전망 (SSP 1~5).xlsx,1.1_observation(측정값),458,
B-008,"NASA 해수면 상승 전망[SSP1, SSP2, SSP3, SSP4, SSP5]",observation,vnm-v121-b-008-obs-459-1f1ac309353de3ea,B-008_rsl_1475_ssp126_q83,VNM,2070,0.474,m,,,,,,[전망치],IPCC AR6 Sea Level Projection Tool (NASA/IPCC),https://sealevel.nasa.gov/data_tools/17,기관 이용약관,B-008_NASA 해수면 상승 전망 (SSP 1~5).xlsx,1.1_observation(측정값),459,
B-008,"NASA 해수면 상승 전망[SSP1, SSP2, SSP3, SSP4, SSP5]",observation,vnm-v121-b-008-obs-460-bde54482d917d128,B-008_rsl_1475_ssp126_q83,VNM,2080,0.56,m,,,,,,[전망치],IPCC AR6 Sea Level Projection Tool (NASA/IPCC),https://sealevel.nasa.gov/data_tools/17,기관 이용약관,B-008_NASA 해수면 상승 전망 (SSP 1~5).xlsx,1.1_observation(측정값),460,
B-008,"NASA 해수면 상승 전망[SSP1, SSP2, SSP3, SSP4, SSP5]",observation,vnm-v121-b-008-obs-461-4fc9403e16454714,B-008_rsl_1475_ssp126_q83,VNM,2090,0.645,m,,,,,,[전망치],IPCC AR6 Sea Level Projection Tool (NASA/IPCC),https://sealevel.nasa.gov/data_tools/17,기관 이용약관,B-008_NASA 해수면 상승 전망 (SSP 1~5).xlsx,1.1_observation(측정값),461,
B-008,"NASA 해수면 상승 전망[SSP1, SSP2, SSP3, SSP4, SSP5]",observation,vnm-v121-b-008-obs-462-0fd51fea1a2333db,B-008_rsl_1475_ssp126_q83,VNM,2100,0.738,m,,,,,,[전망치],IPCC AR6 Sea Level Projection Tool (NASA/IPCC),https://sealevel.nasa.gov/data_tools/17,기관 이용약관,B-008_NASA 해수면 상승 전망 (SSP 1~5).xlsx,1.1_observation(측정값),462,
B-008,"NASA 해수면 상승 전망[SSP1, SSP2, SSP3, SSP4, SSP5]",observation,vnm-v121-b-008-obs-463-6b9f89b75a2468c4,B-008_rsl_1475_ssp245_q17,VNM,2020,0.029,m,,,,,,[전망치],IPCC AR6 Sea Level Projection Tool (NASA/IPCC),https://sealevel.nasa.gov/data_tools/17,기관 이용약관,B-008_NASA 해수면 상승 전망 (SSP 1~5).xlsx,1.1_observation(측정값),463,
B-008,"NASA 해수면 상승 전망[SSP1, SSP2, SSP3, SSP4, SSP5]",observation,vnm-v121-b-008-obs-464-521b8649a7f192c2,B-008_rsl_1475_ssp245_q17,VNM,2030,0.066,m,,,,,,[전망치],IPCC AR6 Sea Level Projection Tool (NASA/IPCC),https://sealevel.nasa.gov/data_tools/17,기관 이용약관,B-008_NASA 해수면 상승 전망 (SSP 1~5).xlsx,1.1_observation(측정값),464,
B-008,"NASA 해수면 상승 전망[SSP1, SSP2, SSP3, SSP4, SSP5]",observation,vnm-v121-b-008-obs-465-9647ef03628fce2b,B-008_rsl_1475_ssp245_q17,VNM,2040,0.107,m,,,,,,[전망치],IPCC AR6 Sea Level Projection Tool (NASA/IPCC),https://sealevel.nasa.gov/data_tools/17,기관 이용약관,B-008_NASA 해수면 상승 전망 (SSP 1~5).xlsx,1.1_observation(측정값),465,
B-008,"NASA 해수면 상승 전망[SSP1, SSP2, SSP3, SSP4, SSP5]",observation,vnm-v121-b-008-obs-466-f4102e5924013314,B-008_rsl_1475_ssp245_q17,VNM,2050,0.161,m,,,,,,[전망치],IPCC AR6 Sea Level Projection Tool (NASA/IPCC),https://sealevel.nasa.gov/data_tools/17,기관 이용약관,B-008_NASA 해수면 상승 전망 (SSP 1~5).xlsx,1.1_observation(측정값),466,
B-008,"NASA 해수면 상승 전망[SSP1, SSP2, SSP3, SSP4, SSP5]",observation,vnm-v121-b-008-obs-467-c3c37ab5dfcfc89c,B-008_rsl_1475_ssp245_q17,VNM,2060,0.21,m,,,,,,[전망치],IPCC AR6 Sea Level Projection Tool (NASA/IPCC),https://sealevel.nasa.gov/data_tools/17,기관 이용약관,B-008_NASA 해수면 상승 전망 (SSP 1~5).xlsx,1.1_observation(측정값),467,
B-008,"NASA 해수면 상승 전망[SSP1, SSP2, SSP3, SSP4, SSP5]",observation,vnm-v121-b-008-obs-468-df31a592421a9feb,B-008_rsl_1475_ssp245_q17,VNM,2070,0.263,m,,,,,,[전망치],IPCC AR6 Sea Level Projection Tool (NASA/IPCC),https://sealevel.nasa.gov/data_tools/17,기관 이용약관,B-008_NASA 해수면 상승 전망 (SSP 1~5).xlsx,1.1_observation(측정값),468,
B-008,"NASA 해수면 상승 전망[SSP1, SSP2, SSP3, SSP4, SSP5]",observation,vnm-v121-b-008-obs-469-6b2e34f3672b5da3,B-008_rsl_1475_ssp245_q17,VNM,2080,0.317,m,,,,,,[전망치],IPCC AR6 Sea Level Projection Tool (NASA/IPCC),https://sealevel.nasa.gov/data_tools/17,기관 이용약관,B-008_NASA 해수면 상승 전망 (SSP 1~5).xlsx,1.1_observation(측정값),469,
B-008,"NASA 해수면 상승 전망[SSP1, SSP2, SSP3, SSP4, SSP5]",observation,vnm-v121-b-008-obs-470-7313d8c7c6fd0994,B-008_rsl_1475_ssp245_q17,VNM,2090,0.374,m,,,,,,[전망치],IPCC AR6 Sea Level Projection Tool (NASA/IPCC),https://sealevel.nasa.gov/data_tools/17,기관 이용약관,B-008_NASA 해수면 상승 전망 (SSP 1~5).xlsx,1.1_observation(측정값),470,
B-008,"NASA 해수면 상승 전망[SSP1, SSP2, SSP3, SSP4, SSP5]",observation,vnm-v121-b-008-obs-471-25c148427073ea9b,B-008_rsl_1475_ssp245_q17,VNM,2100,0.445,m,,,,,,[전망치],IPCC AR6 Sea Level Projection Tool (NASA/IPCC),https://sealevel.nasa.gov/data_tools/17,기관 이용약관,B-008_NASA 해수면 상승 전망 (SSP 1~5).xlsx,1.1_observation(측정값),471,
B-008,"NASA 해수면 상승 전망[SSP1, SSP2, SSP3, SSP4, SSP5]",observation,vnm-v121-b-008-obs-472-c3038cc0133ed855,B-008_rsl_1475_ssp245_q50,VNM,2020,0.06,m,,,,,,[전망치],IPCC AR6 Sea Level Projection Tool (NASA/IPCC),https://sealevel.nasa.gov/data_tools/17,기관 이용약관,B-008_NASA 해수면 상승 전망 (SSP 1~5).xlsx,1.1_observation(측정값),472,
B-008,"NASA 해수면 상승 전망[SSP1, SSP2, SSP3, SSP4, SSP5]",observation,vnm-v121-b-008-obs-473-9c6256473e39493f,B-008_rsl_1475_ssp245_q50,VNM,2030,0.108,m,,,,,,[전망치],IPCC AR6 Sea Level Projection Tool (NASA/IPCC),https://sealevel.nasa.gov/data_tools/17,기관 이용약관,B-008_NASA 해수면 상승 전망 (SSP 1~5).xlsx,1.1_observation(측정값),473,
B-008,"NASA 해수면 상승 전망[SSP1, SSP2, SSP3, SSP4, SSP5]",observation,vnm-v121-b-008-obs-474-c8266fcf17e38da5,B-008_rsl_1475_ssp245_q50,VNM,2040,0.162,m,,,,,,[전망치],IPCC AR6 Sea Level Projection Tool (NASA/IPCC),https://sealevel.nasa.gov/data_tools/17,기관 이용약관,B-008_NASA 해수면 상승 전망 (SSP 1~5).xlsx,1.1_observation(측정값),474,
B-008,"NASA 해수면 상승 전망[SSP1, SSP2, SSP3, SSP4, SSP5]",observation,vnm-v121-b-008-obs-475-bc0da3bd71a390ab,B-008_rsl_1475_ssp245_q50,VNM,2050,0.232,m,,,,,,[전망치],IPCC AR6 Sea Level Projection Tool (NASA/IPCC),https://sealevel.nasa.gov/data_tools/17,기관 이용약관,B-008_NASA 해수면 상승 전망 (SSP 1~5).xlsx,1.1_observation(측정값),475,
B-008,"NASA 해수면 상승 전망[SSP1, SSP2, SSP3, SSP4, SSP5]",observation,vnm-v121-b-008-obs-476-ba1f2fd446662c52,B-008_rsl_1475_ssp245_q50,VNM,2060,0.298,m,,,,,,[전망치],IPCC AR6 Sea Level Projection Tool (NASA/IPCC),https://sealevel.nasa.gov/data_tools/17,기관 이용약관,B-008_NASA 해수면 상승 전망 (SSP 1~5).xlsx,1.1_observation(측정값),476,
B-008,"NASA 해수면 상승 전망[SSP1, SSP2, SSP3, SSP4, SSP5]",observation,vnm-v121-b-008-obs-477-e5033e5609a2f84d,B-008_rsl_1475_ssp245_q50,VNM,2070,0.374,m,,,,,,[전망치],IPCC AR6 Sea Level Projection Tool (NASA/IPCC),https://sealevel.nasa.gov/data_tools/17,기관 이용약관,B-008_NASA 해수면 상승 전망 (SSP 1~5).xlsx,1.1_observation(측정값),477,
B-008,"NASA 해수면 상승 전망[SSP1, SSP2, SSP3, SSP4, SSP5]",observation,vnm-v121-b-008-obs-478-6788f88f10360cac,B-008_rsl_1475_ssp245_q50,VNM,2080,0.452,m,,,,,,[전망치],IPCC AR6 Sea Level Projection Tool (NASA/IPCC),https://sealevel.nasa.gov/data_tools/17,기관 이용약관,B-008_NASA 해수면 상승 전망 (SSP 1~5).xlsx,1.1_observation(측정값),478,
B-008,"NASA 해수면 상승 전망[SSP1, SSP2, SSP3, SSP4, SSP5]",observation,vnm-v121-b-008-obs-479-d20ecb7057dbe149,B-008_rsl_1475_ssp245_q50,VNM,2090,0.534,m,,,,,,[전망치],IPCC AR6 Sea Level Projection Tool (NASA/IPCC),https://sealevel.nasa.gov/data_tools/17,기관 이용약관,B-008_NASA 해수면 상승 전망 (SSP 1~5).xlsx,1.1_observation(측정값),479,
B-008,"NASA 해수면 상승 전망[SSP1, SSP2, SSP3, SSP4, SSP5]",observation,vnm-v121-b-008-obs-480-d5344f9e463dfa1e,B-008_rsl_1475_ssp245_q50,VNM,2100,0.632,m,,,,,,[전망치],IPCC AR6 Sea Level Projection Tool (NASA/IPCC),https://sealevel.nasa.gov/data_tools/17,기관 이용약관,B-008_NASA 해수면 상승 전망 (SSP 1~5).xlsx,1.1_observation(측정값),480,
B-008,"NASA 해수면 상승 전망[SSP1, SSP2, SSP3, SSP4, SSP5]",observation,vnm-v121-b-008-obs-481-ede938f4725b0b39,B-008_rsl_1475_ssp245_q83,VNM,2020,0.093,m,,,,,,[전망치],IPCC AR6 Sea Level Projection Tool (NASA/IPCC),https://sealevel.nasa.gov/data_tools/17,기관 이용약관,B-008_NASA 해수면 상승 전망 (SSP 1~5).xlsx,1.1_observation(측정값),481,
B-008,"NASA 해수면 상승 전망[SSP1, SSP2, SSP3, SSP4, SSP5]",observation,vnm-v121-b-008-obs-482-0690ee0aa6011aab,B-008_rsl_1475_ssp245_q83,VNM,2030,0.155,m,,,,,,[전망치],IPCC AR6 Sea Level Projection Tool (NASA/IPCC),https://sealevel.nasa.gov/data_tools/17,기관 이용약관,B-008_NASA 해수면 상승 전망 (SSP 1~5).xlsx,1.1_observation(측정값),482,
B-008,"NASA 해수면 상승 전망[SSP1, SSP2, SSP3, SSP4, SSP5]",observation,vnm-v121-b-008-obs-483-653aa8fe31fb8224,B-008_rsl_1475_ssp245_q83,VNM,2040,0.227,m,,,,,,[전망치],IPCC AR6 Sea Level Projection Tool (NASA/IPCC),https://sealevel.nasa.gov/data_tools/17,기관 이용약관,B-008_NASA 해수면 상승 전망 (SSP 1~5).xlsx,1.1_observation(측정값),483,
B-008,"NASA 해수면 상승 전망[SSP1, SSP2, SSP3, SSP4, SSP5]",observation,vnm-v121-b-008-obs-484-a89d1231d97f9a07,B-008_rsl_1475_ssp245_q83,VNM,2050,0.32,m,,,,,,[전망치],IPCC AR6 Sea Level Projection Tool (NASA/IPCC),https://sealevel.nasa.gov/data_tools/17,기관 이용약관,B-008_NASA 해수면 상승 전망 (SSP 1~5).xlsx,1.1_observation(측정값),484,
B-008,"NASA 해수면 상승 전망[SSP1, SSP2, SSP3, SSP4, SSP5]",observation,vnm-v121-b-008-obs-485-2c68cc96285bb11d,B-008_rsl_1475_ssp245_q83,VNM,2060,0.411,m,,,,,,[전망치],IPCC AR6 Sea Level Projection Tool (NASA/IPCC),https://sealevel.nasa.gov/data_tools/17,기관 이용약관,B-008_NASA 해수면 상승 전망 (SSP 1~5).xlsx,1.1_observation(측정값),485,
B-008,"NASA 해수면 상승 전망[SSP1, SSP2, SSP3, SSP4, SSP5]",observation,vnm-v121-b-008-obs-486-803c79f83552df23,B-008_rsl_1475_ssp245_q83,VNM,2070,0.522,m,,,,,,[전망치],IPCC AR6 Sea Level Projection Tool (NASA/IPCC),https://sealevel.nasa.gov/data_tools/17,기관 이용약관,B-008_NASA 해수면 상승 전망 (SSP 1~5).xlsx,1.1_observation(측정값),486,
B-008,"NASA 해수면 상승 전망[SSP1, SSP2, SSP3, SSP4, SSP5]",observation,vnm-v121-b-008-obs-487-cb3e4677a8c18783,B-008_rsl_1475_ssp245_q83,VNM,2080,0.632,m,,,,,,[전망치],IPCC AR6 Sea Level Projection Tool (NASA/IPCC),https://sealevel.nasa.gov/data_tools/17,기관 이용약관,B-008_NASA 해수면 상승 전망 (SSP 1~5).xlsx,1.1_observation(측정값),487,
B-008,"NASA 해수면 상승 전망[SSP1, SSP2, SSP3, SSP4, SSP5]",observation,vnm-v121-b-008-obs-488-50cbec433afb1a92,B-008_rsl_1475_ssp245_q83,VNM,2090,0.749,m,,,,,,[전망치],IPCC AR6 Sea Level Projection Tool (NASA/IPCC),https://sealevel.nasa.gov/data_tools/17,기관 이용약관,B-008_NASA 해수면 상승 전망 (SSP 1~5).xlsx,1.1_observation(측정값),488,
B-008,"NASA 해수면 상승 전망[SSP1, SSP2, SSP3, SSP4, SSP5]",observation,vnm-v121-b-008-obs-489-cd4c995e3247f231,B-008_rsl_1475_ssp245_q83,VNM,2100,0.886,m,,,,,,[전망치],IPCC AR6 Sea Level Projection Tool (NASA/IPCC),https://sealevel.nasa.gov/data_tools/17,기관 이용약관,B-008_NASA 해수면 상승 전망 (SSP 1~5).xlsx,1.1_observation(측정값),489,
B-008,"NASA 해수면 상승 전망[SSP1, SSP2, SSP3, SSP4, SSP5]",observation,vnm-v121-b-008-obs-490-2b58da658f5bfb37,B-008_rsl_1475_ssp370_q17,VNM,2020,0.026,m,,,,,,[전망치],IPCC AR6 Sea Level Projection Tool (NASA/IPCC),https://sealevel.nasa.gov/data_tools/17,기관 이용약관,B-008_NASA 해수면 상승 전망 (SSP 1~5).xlsx,1.1_observation(측정값),490,
B-008,"NASA 해수면 상승 전망[SSP1, SSP2, SSP3, SSP4, SSP5]",observation,vnm-v121-b-008-obs-491-59a62b3cb157f070,B-008_rsl_1475_ssp370_q17,VNM,2030,0.065,m,,,,,,[전망치],IPCC AR6 Sea Level Projection Tool (NASA/IPCC),https://sealevel.nasa.gov/data_tools/17,기관 이용약관,B-008_NASA 해수면 상승 전망 (SSP 1~5).xlsx,1.1_observation(측정값),491,
B-008,"NASA 해수면 상승 전망[SSP1, SSP2, SSP3, SSP4, SSP5]",observation,vnm-v121-b-008-obs-492-04b057604642d8ec,B-008_rsl_1475_ssp370_q17,VNM,2040,0.108,m,,,,,,[전망치],IPCC AR6 Sea Level Projection Tool (NASA/IPCC),https://sealevel.nasa.gov/data_tools/17,기관 이용약관,B-008_NASA 해수면 상승 전망 (SSP 1~5).xlsx,1.1_observation(측정값),492,
B-008,"NASA 해수면 상승 전망[SSP1, SSP2, SSP3, SSP4, SSP5]",observation,vnm-v121-b-008-obs-493-c58c4faad957532b,B-008_rsl_1475_ssp370_q17,VNM,2050,0.163,m,,,,,,[전망치],IPCC AR6 Sea Level Projection Tool (NASA/IPCC),https://sealevel.nasa.gov/data_tools/17,기관 이용약관,B-008_NASA 해수면 상승 전망 (SSP 1~5).xlsx,1.1_observation(측정값),493,
B-008,"NASA 해수면 상승 전망[SSP1, SSP2, SSP3, SSP4, SSP5]",observation,vnm-v121-b-008-obs-494-4474cf0eee10c9f4,B-008_rsl_1475_ssp370_q17,VNM,2060,0.218,m,,,,,,[전망치],IPCC AR6 Sea Level Projection Tool (NASA/IPCC),https://sealevel.nasa.gov/data_tools/17,기관 이용약관,B-008_NASA 해수면 상승 전망 (SSP 1~5).xlsx,1.1_observation(측정값),494,
B-008,"NASA 해수면 상승 전망[SSP1, SSP2, SSP3, SSP4, SSP5]",observation,vnm-v121-b-008-obs-495-eab1769764d18863,B-008_rsl_1475_ssp370_q17,VNM,2070,0.288,m,,,,,,[전망치],IPCC AR6 Sea Level Projection Tool (NASA/IPCC),https://sealevel.nasa.gov/data_tools/17,기관 이용약관,B-008_NASA 해수면 상승 전망 (SSP 1~5).xlsx,1.1_observation(측정값),495,
B-008,"NASA 해수면 상승 전망[SSP1, SSP2, SSP3, SSP4, SSP5]",observation,vnm-v121-b-008-obs-496-506c5906e66cfe95,B-008_rsl_1475_ssp370_q17,VNM,2080,0.361,m,,,,,,[전망치],IPCC AR6 Sea Level Projection Tool (NASA/IPCC),https://sealevel.nasa.gov/data_tools/17,기관 이용약관,B-008_NASA 해수면 상승 전망 (SSP 1~5).xlsx,1.1_observation(측정값),496,
B-008,"NASA 해수면 상승 전망[SSP1, SSP2, SSP3, SSP4, SSP5]",observation,vnm-v121-b-008-obs-497-2349bce7bbdd6b04,B-008_rsl_1475_ssp370_q17,VNM,2090,0.449,m,,,,,,[전망치],IPCC AR6 Sea Level Projection Tool (NASA/IPCC),https://sealevel.nasa.gov/data_tools/17,기관 이용약관,B-008_NASA 해수면 상승 전망 (SSP 1~5).xlsx,1.1_observation(측정값),497,
B-008,"NASA 해수면 상승 전망[SSP1, SSP2, SSP3, SSP4, SSP5]",observation,vnm-v121-b-008-obs-498-b2270830f68533bc,B-008_rsl_1475_ssp370_q17,VNM,2100,0.541,m,,,,,,[전망치],IPCC AR6 Sea Level Projection Tool (NASA/IPCC),https://sealevel.nasa.gov/data_tools/17,기관 이용약관,B-008_NASA 해수면 상승 전망 (SSP 1~5).xlsx,1.1_observation(측정값),498,
B-008,"NASA 해수면 상승 전망[SSP1, SSP2, SSP3, SSP4, SSP5]",observation,vnm-v121-b-008-obs-499-29e70c3262017564,B-008_rsl_1475_ssp370_q50,VNM,2020,0.056,m,,,,,,[전망치],IPCC AR6 Sea Level Projection Tool (NASA/IPCC),https://sealevel.nasa.gov/data_tools/17,기관 이용약관,B-008_NASA 해수면 상승 전망 (SSP 1~5).xlsx,1.1_observation(측정값),499,
B-008,"NASA 해수면 상승 전망[SSP1, SSP2, SSP3, SSP4, SSP5]",observation,vnm-v121-b-008-obs-500-39a3074b0ed7363e,B-008_rsl_1475_ssp370_q50,VNM,2030,0.106,m,,,,,,[전망치],IPCC AR6 Sea Level Projection Tool (NASA/IPCC),https://sealevel.nasa.gov/data_tools/17,기관 이용약관,B-008_NASA 해수면 상승 전망 (SSP 1~5).xlsx,1.1_observation(측정값),500,
B-008,"NASA 해수면 상승 전망[SSP1, SSP2, SSP3, SSP4, SSP5]",observation,vnm-v121-b-008-obs-501-7f17a9ea4c5ad514,B-008_rsl_1475_ssp370_q50,VNM,2040,0.164,m,,,,,,[전망치],IPCC AR6 Sea Level Projection Tool (NASA/IPCC),https://sealevel.nasa.gov/data_tools/17,기관 이용약관,B-008_NASA 해수면 상승 전망 (SSP 1~5).xlsx,1.1_observation(측정값),501,
B-008,"NASA 해수면 상승 전망[SSP1, SSP2, SSP3, SSP4, SSP5]",observation,vnm-v121-b-008-obs-502-b4d28c0d8c5436c4,B-008_rsl_1475_ssp370_q50,VNM,2050,0.238,m,,,,,,[전망치],IPCC AR6 Sea Level Projection Tool (NASA/IPCC),https://sealevel.nasa.gov/data_tools/17,기관 이용약관,B-008_NASA 해수면 상승 전망 (SSP 1~5).xlsx,1.1_observation(측정값),502,
B-008,"NASA 해수면 상승 전망[SSP1, SSP2, SSP3, SSP4, SSP5]",observation,vnm-v121-b-008-obs-503-4004d799bf81946c,B-008_rsl_1475_ssp370_q50,VNM,2060,0.309,m,,,,,,[전망치],IPCC AR6 Sea Level Projection Tool (NASA/IPCC),https://sealevel.nasa.gov/data_tools/17,기관 이용약관,B-008_NASA 해수면 상승 전망 (SSP 1~5).xlsx,1.1_observation(측정값),503,
B-008,"NASA 해수면 상승 전망[SSP1, SSP2, SSP3, SSP4, SSP5]",observation,vnm-v121-b-008-obs-504-0cdc182ce25f528e,B-008_rsl_1475_ssp370_q50,VNM,2070,0.402,m,,,,,,[전망치],IPCC AR6 Sea Level Projection Tool (NASA/IPCC),https://sealevel.nasa.gov/data_tools/17,기관 이용약관,B-008_NASA 해수면 상승 전망 (SSP 1~5).xlsx,1.1_observation(측정값),504,
B-008,"NASA 해수면 상승 전망[SSP1, SSP2, SSP3, SSP4, SSP5]",observation,vnm-v121-b-008-obs-505-d98f42a7bf8710b7,B-008_rsl_1475_ssp370_q50,VNM,2080,0.502,m,,,,,,[전망치],IPCC AR6 Sea Level Projection Tool (NASA/IPCC),https://sealevel.nasa.gov/data_tools/17,기관 이용약관,B-008_NASA 해수면 상승 전망 (SSP 1~5).xlsx,1.1_observation(측정값),505,
B-008,"NASA 해수면 상승 전망[SSP1, SSP2, SSP3, SSP4, SSP5]",observation,vnm-v121-b-008-obs-506-5a7fc9c01c8a7fcf,B-008_rsl_1475_ssp370_q50,VNM,2090,0.614,m,,,,,,[전망치],IPCC AR6 Sea Level Projection Tool (NASA/IPCC),https://sealevel.nasa.gov/data_tools/17,기관 이용약관,B-008_NASA 해수면 상승 전망 (SSP 1~5).xlsx,1.1_observation(측정값),506,
B-008,"NASA 해수면 상승 전망[SSP1, SSP2, SSP3, SSP4, SSP5]",observation,vnm-v121-b-008-obs-507-649d89d930517324,B-008_rsl_1475_ssp370_q50,VNM,2100,0.746,m,,,,,,[전망치],IPCC AR6 Sea Level Projection Tool (NASA/IPCC),https://sealevel.nasa.gov/data_tools/17,기관 이용약관,B-008_NASA 해수면 상승 전망 (SSP 1~5).xlsx,1.1_observation(측정값),507,
B-008,"NASA 해수면 상승 전망[SSP1, SSP2, SSP3, SSP4, SSP5]",observation,vnm-v121-b-008-obs-508-d773bbb7462a692e,B-008_rsl_1475_ssp370_q83,VNM,2020,0.09,m,,,,,,[전망치],IPCC AR6 Sea Level Projection Tool (NASA/IPCC),https://sealevel.nasa.gov/data_tools/17,기관 이용약관,B-008_NASA 해수면 상승 전망 (SSP 1~5).xlsx,1.1_observation(측정값),508,
B-008,"NASA 해수면 상승 전망[SSP1, SSP2, SSP3, SSP4, SSP5]",observation,vnm-v121-b-008-obs-509-1c402ee7a917042e,B-008_rsl_1475_ssp370_q83,VNM,2030,0.154,m,,,,,,[전망치],IPCC AR6 Sea Level Projection Tool (NASA/IPCC),https://sealevel.nasa.gov/data_tools/17,기관 이용약관,B-008_NASA 해수면 상승 전망 (SSP 1~5).xlsx,1.1_observation(측정값),509,
B-008,"NASA 해수면 상승 전망[SSP1, SSP2, SSP3, SSP4, SSP5]",observation,vnm-v121-b-008-obs-510-6729dba551a9ce8f,B-008_rsl_1475_ssp370_q83,VNM,2040,0.23,m,,,,,,[전망치],IPCC AR6 Sea Level Projection Tool (NASA/IPCC),https://sealevel.nasa.gov/data_tools/17,기관 이용약관,B-008_NASA 해수면 상승 전망 (SSP 1~5).xlsx,1.1_observation(측정값),510,
B-008,"NASA 해수면 상승 전망[SSP1, SSP2, SSP3, SSP4, SSP5]",observation,vnm-v121-b-008-obs-511-c4559b5fda600749,B-008_rsl_1475_ssp370_q83,VNM,2050,0.326,m,,,,,,[전망치],IPCC AR6 Sea Level Projection Tool (NASA/IPCC),https://sealevel.nasa.gov/data_tools/17,기관 이용약관,B-008_NASA 해수면 상승 전망 (SSP 1~5).xlsx,1.1_observation(측정값),511,
B-008,"NASA 해수면 상승 전망[SSP1, SSP2, SSP3, SSP4, SSP5]",observation,vnm-v121-b-008-obs-512-42c2f05d4c750b57,B-008_rsl_1475_ssp370_q83,VNM,2060,0.425,m,,,,,,[전망치],IPCC AR6 Sea Level Projection Tool (NASA/IPCC),https://sealevel.nasa.gov/data_tools/17,기관 이용약관,B-008_NASA 해수면 상승 전망 (SSP 1~5).xlsx,1.1_observation(측정값),512,
B-008,"NASA 해수면 상승 전망[SSP1, SSP2, SSP3, SSP4, SSP5]",observation,vnm-v121-b-008-obs-513-d77f81cd3d6979a8,B-008_rsl_1475_ssp370_q83,VNM,2070,0.547,m,,,,,,[전망치],IPCC AR6 Sea Level Projection Tool (NASA/IPCC),https://sealevel.nasa.gov/data_tools/17,기관 이용약관,B-008_NASA 해수면 상승 전망 (SSP 1~5).xlsx,1.1_observation(측정값),513,
B-008,"NASA 해수면 상승 전망[SSP1, SSP2, SSP3, SSP4, SSP5]",observation,vnm-v121-b-008-obs-514-0203e072d9392dd1,B-008_rsl_1475_ssp370_q83,VNM,2080,0.686,m,,,,,,[전망치],IPCC AR6 Sea Level Projection Tool (NASA/IPCC),https://sealevel.nasa.gov/data_tools/17,기관 이용약관,B-008_NASA 해수면 상승 전망 (SSP 1~5).xlsx,1.1_observation(측정값),514,
B-008,"NASA 해수면 상승 전망[SSP1, SSP2, SSP3, SSP4, SSP5]",observation,vnm-v121-b-008-obs-515-3ebe88266d63b19c,B-008_rsl_1475_ssp370_q83,VNM,2090,0.838,m,,,,,,[전망치],IPCC AR6 Sea Level Projection Tool (NASA/IPCC),https://sealevel.nasa.gov/data_tools/17,기관 이용약관,B-008_NASA 해수면 상승 전망 (SSP 1~5).xlsx,1.1_observation(측정값),515,
B-008,"NASA 해수면 상승 전망[SSP1, SSP2, SSP3, SSP4, SSP5]",observation,vnm-v121-b-008-obs-516-feed6828cbdab61f,B-008_rsl_1475_ssp370_q83,VNM,2100,1.019,m,,,,,,[전망치],IPCC AR6 Sea Level Projection Tool (NASA/IPCC),https://sealevel.nasa.gov/data_tools/17,기관 이용약관,B-008_NASA 해수면 상승 전망 (SSP 1~5).xlsx,1.1_observation(측정값),516,
B-008,"NASA 해수면 상승 전망[SSP1, SSP2, SSP3, SSP4, SSP5]",observation,vnm-v121-b-008-obs-517-8a6ad9f7a131a58b,B-008_rsl_1475_ssp585_q17,VNM,2020,0.03,m,,,,,,[전망치],IPCC AR6 Sea Level Projection Tool (NASA/IPCC),https://sealevel.nasa.gov/data_tools/17,기관 이용약관,B-008_NASA 해수면 상승 전망 (SSP 1~5).xlsx,1.1_observation(측정값),517,
B-008,"NASA 해수면 상승 전망[SSP1, SSP2, SSP3, SSP4, SSP5]",observation,vnm-v121-b-008-obs-518-7f5b04901fde0021,B-008_rsl_1475_ssp585_q17,VNM,2030,0.073,m,,,,,,[전망치],IPCC AR6 Sea Level Projection Tool (NASA/IPCC),https://sealevel.nasa.gov/data_tools/17,기관 이용약관,B-008_NASA 해수면 상승 전망 (SSP 1~5).xlsx,1.1_observation(측정값),518,
B-008,"NASA 해수면 상승 전망[SSP1, SSP2, SSP3, SSP4, SSP5]",observation,vnm-v121-b-008-obs-519-35f3792303f2050e,B-008_rsl_1475_ssp585_q17,VNM,2040,0.122,m,,,,,,[전망치],IPCC AR6 Sea Level Projection Tool (NASA/IPCC),https://sealevel.nasa.gov/data_tools/17,기관 이용약관,B-008_NASA 해수면 상승 전망 (SSP 1~5).xlsx,1.1_observation(측정값),519,
B-008,"NASA 해수면 상승 전망[SSP1, SSP2, SSP3, SSP4, SSP5]",observation,vnm-v121-b-008-obs-520-7209af6df2c26039,B-008_rsl_1475_ssp585_q17,VNM,2050,0.186,m,,,,,,[전망치],IPCC AR6 Sea Level Projection Tool (NASA/IPCC),https://sealevel.nasa.gov/data_tools/17,기관 이용약관,B-008_NASA 해수면 상승 전망 (SSP 1~5).xlsx,1.1_observation(측정값),520,
B-008,"NASA 해수면 상승 전망[SSP1, SSP2, SSP3, SSP4, SSP5]",observation,vnm-v121-b-008-obs-521-ac8e5de4dc78cb8a,B-008_rsl_1475_ssp585_q17,VNM,2060,0.249,m,,,,,,[전망치],IPCC AR6 Sea Level Projection Tool (NASA/IPCC),https://sealevel.nasa.gov/data_tools/17,기관 이용약관,B-008_NASA 해수면 상승 전망 (SSP 1~5).xlsx,1.1_observation(측정값),521,
B-008,"NASA 해수면 상승 전망[SSP1, SSP2, SSP3, SSP4, SSP5]",observation,vnm-v121-b-008-obs-522-381abfb2f6862711,B-008_rsl_1475_ssp585_q17,VNM,2070,0.33,m,,,,,,[전망치],IPCC AR6 Sea Level Projection Tool (NASA/IPCC),https://sealevel.nasa.gov/data_tools/17,기관 이용약관,B-008_NASA 해수면 상승 전망 (SSP 1~5).xlsx,1.1_observation(측정값),522,
B-008,"NASA 해수면 상승 전망[SSP1, SSP2, SSP3, SSP4, SSP5]",observation,vnm-v121-b-008-obs-523-e898d5635a0aeb25,B-008_rsl_1475_ssp585_q17,VNM,2080,0.418,m,,,,,,[전망치],IPCC AR6 Sea Level Projection Tool (NASA/IPCC),https://sealevel.nasa.gov/data_tools/17,기관 이용약관,B-008_NASA 해수면 상승 전망 (SSP 1~5).xlsx,1.1_observation(측정값),523,
B-008,"NASA 해수면 상승 전망[SSP1, SSP2, SSP3, SSP4, SSP5]",observation,vnm-v121-b-008-obs-524-e1e4029b0b73184d,B-008_rsl_1475_ssp585_q17,VNM,2090,0.524,m,,,,,,[전망치],IPCC AR6 Sea Level Projection Tool (NASA/IPCC),https://sealevel.nasa.gov/data_tools/17,기관 이용약관,B-008_NASA 해수면 상승 전망 (SSP 1~5).xlsx,1.1_observation(측정값),524,
B-008,"NASA 해수면 상승 전망[SSP1, SSP2, SSP3, SSP4, SSP5]",observation,vnm-v121-b-008-obs-525-8ea8af06ba1ff048,B-008_rsl_1475_ssp585_q17,VNM,2100,0.642,m,,,,,,[전망치],IPCC AR6 Sea Level Projection Tool (NASA/IPCC),https://sealevel.nasa.gov/data_tools/17,기관 이용약관,B-008_NASA 해수면 상승 전망 (SSP 1~5).xlsx,1.1_observation(측정값),525,
B-008,"NASA 해수면 상승 전망[SSP1, SSP2, SSP3, SSP4, SSP5]",observation,vnm-v121-b-008-obs-526-335fab20a7d9d07f,B-008_rsl_1475_ssp585_q50,VNM,2020,0.057,m,,,,,,[전망치],IPCC AR6 Sea Level Projection Tool (NASA/IPCC),https://sealevel.nasa.gov/data_tools/17,기관 이용약관,B-008_NASA 해수면 상승 전망 (SSP 1~5).xlsx,1.1_observation(측정값),526,
B-008,"NASA 해수면 상승 전망[SSP1, SSP2, SSP3, SSP4, SSP5]",observation,vnm-v121-b-008-obs-527-d73fc3afffada05a,B-008_rsl_1475_ssp585_q50,VNM,2030,0.114,m,,,,,,[전망치],IPCC AR6 Sea Level Projection Tool (NASA/IPCC),https://sealevel.nasa.gov/data_tools/17,기관 이용약관,B-008_NASA 해수면 상승 전망 (SSP 1~5).xlsx,1.1_observation(측정값),527,
B-008,"NASA 해수면 상승 전망[SSP1, SSP2, SSP3, SSP4, SSP5]",observation,vnm-v121-b-008-obs-528-40205a17af343d23,B-008_rsl_1475_ssp585_q50,VNM,2040,0.18,m,,,,,,[전망치],IPCC AR6 Sea Level Projection Tool (NASA/IPCC),https://sealevel.nasa.gov/data_tools/17,기관 이용약관,B-008_NASA 해수면 상승 전망 (SSP 1~5).xlsx,1.1_observation(측정값),528,
B-008,"NASA 해수면 상승 전망[SSP1, SSP2, SSP3, SSP4, SSP5]",observation,vnm-v121-b-008-obs-529-f9f140d17a0e7d40,B-008_rsl_1475_ssp585_q50,VNM,2050,0.26,m,,,,,,[전망치],IPCC AR6 Sea Level Projection Tool (NASA/IPCC),https://sealevel.nasa.gov/data_tools/17,기관 이용약관,B-008_NASA 해수면 상승 전망 (SSP 1~5).xlsx,1.1_observation(측정값),529,
B-008,"NASA 해수면 상승 전망[SSP1, SSP2, SSP3, SSP4, SSP5]",observation,vnm-v121-b-008-obs-530-f3f9ec5e9a943e6d,B-008_rsl_1475_ssp585_q50,VNM,2060,0.342,m,,,,,,[전망치],IPCC AR6 Sea Level Projection Tool (NASA/IPCC),https://sealevel.nasa.gov/data_tools/17,기관 이용약관,B-008_NASA 해수면 상승 전망 (SSP 1~5).xlsx,1.1_observation(측정값),530,
B-008,"NASA 해수면 상승 전망[SSP1, SSP2, SSP3, SSP4, SSP5]",observation,vnm-v121-b-008-obs-531-a7f812e5d12bf95f,B-008_rsl_1475_ssp585_q50,VNM,2070,0.446,m,,,,,,[전망치],IPCC AR6 Sea Level Projection Tool (NASA/IPCC),https://sealevel.nasa.gov/data_tools/17,기관 이용약관,B-008_NASA 해수면 상승 전망 (SSP 1~5).xlsx,1.1_observation(측정값),531,
B-008,"NASA 해수면 상승 전망[SSP1, SSP2, SSP3, SSP4, SSP5]",observation,vnm-v121-b-008-obs-532-50caf62b99146b08,B-008_rsl_1475_ssp585_q50,VNM,2080,0.561,m,,,,,,[전망치],IPCC AR6 Sea Level Projection Tool (NASA/IPCC),https://sealevel.nasa.gov/data_tools/17,기관 이용약관,B-008_NASA 해수면 상승 전망 (SSP 1~5).xlsx,1.1_observation(측정값),532,
B-008,"NASA 해수면 상승 전망[SSP1, SSP2, SSP3, SSP4, SSP5]",observation,vnm-v121-b-008-obs-533-a6f21d638eddbeef,B-008_rsl_1475_ssp585_q50,VNM,2090,0.694,m,,,,,,[전망치],IPCC AR6 Sea Level Projection Tool (NASA/IPCC),https://sealevel.nasa.gov/data_tools/17,기관 이용약관,B-008_NASA 해수면 상승 전망 (SSP 1~5).xlsx,1.1_observation(측정값),533,
B-008,"NASA 해수면 상승 전망[SSP1, SSP2, SSP3, SSP4, SSP5]",observation,vnm-v121-b-008-obs-534-3b90aec468c72799,B-008_rsl_1475_ssp585_q50,VNM,2100,0.844,m,,,,,,[전망치],IPCC AR6 Sea Level Projection Tool (NASA/IPCC),https://sealevel.nasa.gov/data_tools/17,기관 이용약관,B-008_NASA 해수면 상승 전망 (SSP 1~5).xlsx,1.1_observation(측정값),534,
B-008,"NASA 해수면 상승 전망[SSP1, SSP2, SSP3, SSP4, SSP5]",observation,vnm-v121-b-008-obs-535-57361da3f0eb5e18,B-008_rsl_1475_ssp585_q83,VNM,2020,0.087,m,,,,,,[전망치],IPCC AR6 Sea Level Projection Tool (NASA/IPCC),https://sealevel.nasa.gov/data_tools/17,기관 이용약관,B-008_NASA 해수면 상승 전망 (SSP 1~5).xlsx,1.1_observation(측정값),535,
B-008,"NASA 해수면 상승 전망[SSP1, SSP2, SSP3, SSP4, SSP5]",observation,vnm-v121-b-008-obs-536-46624730cb51464c,B-008_rsl_1475_ssp585_q83,VNM,2030,0.16,m,,,,,,[전망치],IPCC AR6 Sea Level Projection Tool (NASA/IPCC),https://sealevel.nasa.gov/data_tools/17,기관 이용약관,B-008_NASA 해수면 상승 전망 (SSP 1~5).xlsx,1.1_observation(측정값),536,
B-008,"NASA 해수면 상승 전망[SSP1, SSP2, SSP3, SSP4, SSP5]",observation,vnm-v121-b-008-obs-537-32250b6f2b1ac763,B-008_rsl_1475_ssp585_q83,VNM,2040,0.249,m,,,,,,[전망치],IPCC AR6 Sea Level Projection Tool (NASA/IPCC),https://sealevel.nasa.gov/data_tools/17,기관 이용약관,B-008_NASA 해수면 상승 전망 (SSP 1~5).xlsx,1.1_observation(측정값),537,
B-008,"NASA 해수면 상승 전망[SSP1, SSP2, SSP3, SSP4, SSP5]",observation,vnm-v121-b-008-obs-538-97f015b423ee7c6f,B-008_rsl_1475_ssp585_q83,VNM,2050,0.352,m,,,,,,[전망치],IPCC AR6 Sea Level Projection Tool (NASA/IPCC),https://sealevel.nasa.gov/data_tools/17,기관 이용약관,B-008_NASA 해수면 상승 전망 (SSP 1~5).xlsx,1.1_observation(측정값),538,
B-008,"NASA 해수면 상승 전망[SSP1, SSP2, SSP3, SSP4, SSP5]",observation,vnm-v121-b-008-obs-539-b7abea314b4c3abc,B-008_rsl_1475_ssp585_q83,VNM,2060,0.462,m,,,,,,[전망치],IPCC AR6 Sea Level Projection Tool (NASA/IPCC),https://sealevel.nasa.gov/data_tools/17,기관 이용약관,B-008_NASA 해수면 상승 전망 (SSP 1~5).xlsx,1.1_observation(측정값),539,
B-008,"NASA 해수면 상승 전망[SSP1, SSP2, SSP3, SSP4, SSP5]",observation,vnm-v121-b-008-obs-540-98ccfc54108cbeba,B-008_rsl_1475_ssp585_q83,VNM,2070,0.6,m,,,,,,[전망치],IPCC AR6 Sea Level Projection Tool (NASA/IPCC),https://sealevel.nasa.gov/data_tools/17,기관 이용약관,B-008_NASA 해수면 상승 전망 (SSP 1~5).xlsx,1.1_observation(측정값),540,
B-008,"NASA 해수면 상승 전망[SSP1, SSP2, SSP3, SSP4, SSP5]",observation,vnm-v121-b-008-obs-541-bdd554245997bf91,B-008_rsl_1475_ssp585_q83,VNM,2080,0.759,m,,,,,,[전망치],IPCC AR6 Sea Level Projection Tool (NASA/IPCC),https://sealevel.nasa.gov/data_tools/17,기관 이용약관,B-008_NASA 해수면 상승 전망 (SSP 1~5).xlsx,1.1_observation(측정값),541,
B-008,"NASA 해수면 상승 전망[SSP1, SSP2, SSP3, SSP4, SSP5]",observation,vnm-v121-b-008-obs-542-37de98a58d13ff88,B-008_rsl_1475_ssp585_q83,VNM,2090,0.939,m,,,,,,[전망치],IPCC AR6 Sea Level Projection Tool (NASA/IPCC),https://sealevel.nasa.gov/data_tools/17,기관 이용약관,B-008_NASA 해수면 상승 전망 (SSP 1~5).xlsx,1.1_observation(측정값),542,
B-008,"NASA 해수면 상승 전망[SSP1, SSP2, SSP3, SSP4, SSP5]",observation,vnm-v121-b-008-obs-543-966aea94f0bca8a6,B-008_rsl_1475_ssp585_q83,VNM,2100,1.142,m,,,,,,[전망치],IPCC AR6 Sea Level Projection Tool (NASA/IPCC),https://sealevel.nasa.gov/data_tools/17,기관 이용약관,B-008_NASA 해수면 상승 전망 (SSP 1~5).xlsx,1.1_observation(측정값),543,
B-008,"NASA 해수면 상승 전망[SSP1, SSP2, SSP3, SSP4, SSP5]",observation,vnm-v121-b-008-obs-544-a18734feec973307,B-008_rsl_1495_ssp119_q17,VNM,2020,0.036,m,,,,,,[전망치],IPCC AR6 Sea Level Projection Tool (NASA/IPCC),https://sealevel.nasa.gov/data_tools/17,기관 이용약관,B-008_NASA 해수면 상승 전망 (SSP 1~5).xlsx,1.1_observation(측정값),544,
B-008,"NASA 해수면 상승 전망[SSP1, SSP2, SSP3, SSP4, SSP5]",observation,vnm-v121-b-008-obs-545-05a1bffdda4a6743,B-008_rsl_1495_ssp119_q17,VNM,2030,0.068,m,,,,,,[전망치],IPCC AR6 Sea Level Projection Tool (NASA/IPCC),https://sealevel.nasa.gov/data_tools/17,기관 이용약관,B-008_NASA 해수면 상승 전망 (SSP 1~5).xlsx,1.1_observation(측정값),545,
B-008,"NASA 해수면 상승 전망[SSP1, SSP2, SSP3, SSP4, SSP5]",observation,vnm-v121-b-008-obs-546-c995eeb3098f6164,B-008_rsl_1495_ssp119_q17,VNM,2040,0.093,m,,,,,,[전망치],IPCC AR6 Sea Level Projection Tool (NASA/IPCC),https://sealevel.nasa.gov/data_tools/17,기관 이용약관,B-008_NASA 해수면 상승 전망 (SSP 1~5).xlsx,1.1_observation(측정값),546,
B-008,"NASA 해수면 상승 전망[SSP1, SSP2, SSP3, SSP4, SSP5]",observation,vnm-v121-b-008-obs-547-64d8b0cf61ef4241,B-008_rsl_1495_ssp119_q17,VNM,2050,0.132,m,,,,,,[전망치],IPCC AR6 Sea Level Projection Tool (NASA/IPCC),https://sealevel.nasa.gov/data_tools/17,기관 이용약관,B-008_NASA 해수면 상승 전망 (SSP 1~5).xlsx,1.1_observation(측정값),547,
B-008,"NASA 해수면 상승 전망[SSP1, SSP2, SSP3, SSP4, SSP5]",observation,vnm-v121-b-008-obs-548-67d68843c89570c2,B-008_rsl_1495_ssp119_q17,VNM,2060,0.15,m,,,,,,[전망치],IPCC AR6 Sea Level Projection Tool (NASA/IPCC),https://sealevel.nasa.gov/data_tools/17,기관 이용약관,B-008_NASA 해수면 상승 전망 (SSP 1~5).xlsx,1.1_observation(측정값),548,
B-008,"NASA 해수면 상승 전망[SSP1, SSP2, SSP3, SSP4, SSP5]",observation,vnm-v121-b-008-obs-549-976e696f454e78bd,B-008_rsl_1495_ssp119_q17,VNM,2070,0.18,m,,,,,,[전망치],IPCC AR6 Sea Level Projection Tool (NASA/IPCC),https://sealevel.nasa.gov/data_tools/17,기관 이용약관,B-008_NASA 해수면 상승 전망 (SSP 1~5).xlsx,1.1_observation(측정값),549,
B-008,"NASA 해수면 상승 전망[SSP1, SSP2, SSP3, SSP4, SSP5]",observation,vnm-v121-b-008-obs-550-be2cbef22bb0f5d8,B-008_rsl_1495_ssp119_q17,VNM,2080,0.205,m,,,,,,[전망치],IPCC AR6 Sea Level Projection Tool (NASA/IPCC),https://sealevel.nasa.gov/data_tools/17,기관 이용약관,B-008_NASA 해수면 상승 전망 (SSP 1~5).xlsx,1.1_observation(측정값),550,
B-008,"NASA 해수면 상승 전망[SSP1, SSP2, SSP3, SSP4, SSP5]",observation,vnm-v121-b-008-obs-551-1231a41247c8371a,B-008_rsl_1495_ssp119_q17,VNM,2090,0.237,m,,,,,,[전망치],IPCC AR6 Sea Level Projection Tool (NASA/IPCC),https://sealevel.nasa.gov/data_tools/17,기관 이용약관,B-008_NASA 해수면 상승 전망 (SSP 1~5).xlsx,1.1_observation(측정값),551,
B-008,"NASA 해수면 상승 전망[SSP1, SSP2, SSP3, SSP4, SSP5]",observation,vnm-v121-b-008-obs-552-82c2645f2d153a35,B-008_rsl_1495_ssp119_q17,VNM,2100,0.242,m,,,,,,[전망치],IPCC AR6 Sea Level Projection Tool (NASA/IPCC),https://sealevel.nasa.gov/data_tools/17,기관 이용약관,B-008_NASA 해수면 상승 전망 (SSP 1~5).xlsx,1.1_observation(측정값),552,
B-008,"NASA 해수면 상승 전망[SSP1, SSP2, SSP3, SSP4, SSP5]",observation,vnm-v121-b-008-obs-553-1e61e229bfae869b,B-008_rsl_1495_ssp119_q50,VNM,2020,0.058,m,,,,,,[전망치],IPCC AR6 Sea Level Projection Tool (NASA/IPCC),https://sealevel.nasa.gov/data_tools/17,기관 이용약관,B-008_NASA 해수면 상승 전망 (SSP 1~5).xlsx,1.1_observation(측정값),553,
B-008,"NASA 해수면 상승 전망[SSP1, SSP2, SSP3, SSP4, SSP5]",observation,vnm-v121-b-008-obs-554-c7e59df8abf3ac81,B-008_rsl_1495_ssp119_q50,VNM,2030,0.108,m,,,,,,[전망치],IPCC AR6 Sea Level Projection Tool (NASA/IPCC),https://sealevel.nasa.gov/data_tools/17,기관 이용약관,B-008_NASA 해수면 상승 전망 (SSP 1~5).xlsx,1.1_observation(측정값),554,
B-008,"NASA 해수면 상승 전망[SSP1, SSP2, SSP3, SSP4, SSP5]",observation,vnm-v121-b-008-obs-555-7834c0583968220f,B-008_rsl_1495_ssp119_q50,VNM,2040,0.148,m,,,,,,[전망치],IPCC AR6 Sea Level Projection Tool (NASA/IPCC),https://sealevel.nasa.gov/data_tools/17,기관 이용약관,B-008_NASA 해수면 상승 전망 (SSP 1~5).xlsx,1.1_observation(측정값),555,
B-008,"NASA 해수면 상승 전망[SSP1, SSP2, SSP3, SSP4, SSP5]",observation,vnm-v121-b-008-obs-556-bbe83f266829dfc8,B-008_rsl_1495_ssp119_q50,VNM,2050,0.201,m,,,,,,[전망치],IPCC AR6 Sea Level Projection Tool (NASA/IPCC),https://sealevel.nasa.gov/data_tools/17,기관 이용약관,B-008_NASA 해수면 상승 전망 (SSP 1~5).xlsx,1.1_observation(측정값),556,
B-008,"NASA 해수면 상승 전망[SSP1, SSP2, SSP3, SSP4, SSP5]",observation,vnm-v121-b-008-obs-557-bffec48441e27567,B-008_rsl_1495_ssp119_q50,VNM,2060,0.238,m,,,,,,[전망치],IPCC AR6 Sea Level Projection Tool (NASA/IPCC),https://sealevel.nasa.gov/data_tools/17,기관 이용약관,B-008_NASA 해수면 상승 전망 (SSP 1~5).xlsx,1.1_observation(측정값),557,
B-008,"NASA 해수면 상승 전망[SSP1, SSP2, SSP3, SSP4, SSP5]",observation,vnm-v121-b-008-obs-558-6ee3a7800430f848,B-008_rsl_1495_ssp119_q50,VNM,2070,0.29,m,,,,,,[전망치],IPCC AR6 Sea Level Projection Tool (NASA/IPCC),https://sealevel.nasa.gov/data_tools/17,기관 이용약관,B-008_NASA 해수면 상승 전망 (SSP 1~5).xlsx,1.1_observation(측정값),558,
B-008,"NASA 해수면 상승 전망[SSP1, SSP2, SSP3, SSP4, SSP5]",observation,vnm-v121-b-008-obs-559-980e235fa61b5a13,B-008_rsl_1495_ssp119_q50,VNM,2080,0.335,m,,,,,,[전망치],IPCC AR6 Sea Level Projection Tool (NASA/IPCC),https://sealevel.nasa.gov/data_tools/17,기관 이용약관,B-008_NASA 해수면 상승 전망 (SSP 1~5).xlsx,1.1_observation(측정값),559,
B-008,"NASA 해수면 상승 전망[SSP1, SSP2, SSP3, SSP4, SSP5]",observation,vnm-v121-b-008-obs-560-df599ac4771d505b,B-008_rsl_1495_ssp119_q50,VNM,2090,0.387,m,,,,,,[전망치],IPCC AR6 Sea Level Projection Tool (NASA/IPCC),https://sealevel.nasa.gov/data_tools/17,기관 이용약관,B-008_NASA 해수면 상승 전망 (SSP 1~5).xlsx,1.1_observation(측정값),560,
B-008,"NASA 해수면 상승 전망[SSP1, SSP2, SSP3, SSP4, SSP5]",observation,vnm-v121-b-008-obs-561-a34c987d2b47d547,B-008_rsl_1495_ssp119_q50,VNM,2100,0.42,m,,,,,,[전망치],IPCC AR6 Sea Level Projection Tool (NASA/IPCC),https://sealevel.nasa.gov/data_tools/17,기관 이용약관,B-008_NASA 해수면 상승 전망 (SSP 1~5).xlsx,1.1_observation(측정값),561,
B-008,"NASA 해수면 상승 전망[SSP1, SSP2, SSP3, SSP4, SSP5]",observation,vnm-v121-b-008-obs-562-dd1ef46162af42dc,B-008_rsl_1495_ssp119_q83,VNM,2020,0.084,m,,,,,,[전망치],IPCC AR6 Sea Level Projection Tool (NASA/IPCC),https://sealevel.nasa.gov/data_tools/17,기관 이용약관,B-008_NASA 해수면 상승 전망 (SSP 1~5).xlsx,1.1_observation(측정값),562,
B-008,"NASA 해수면 상승 전망[SSP1, SSP2, SSP3, SSP4, SSP5]",observation,vnm-v121-b-008-obs-563-a747e1b87a3d5eb4,B-008_rsl_1495_ssp119_q83,VNM,2030,0.155,m,,,,,,[전망치],IPCC AR6 Sea Level Projection Tool (NASA/IPCC),https://sealevel.nasa.gov/data_tools/17,기관 이용약관,B-008_NASA 해수면 상승 전망 (SSP 1~5).xlsx,1.1_observation(측정값),563,
B-008,"NASA 해수면 상승 전망[SSP1, SSP2, SSP3, SSP4, SSP5]",observation,vnm-v121-b-008-obs-564-3dbc4b3d1dad46c4,B-008_rsl_1495_ssp119_q83,VNM,2040,0.214,m,,,,,,[전망치],IPCC AR6 Sea Level Projection Tool (NASA/IPCC),https://sealevel.nasa.gov/data_tools/17,기관 이용약관,B-008_NASA 해수면 상승 전망 (SSP 1~5).xlsx,1.1_observation(측정값),564,
B-008,"NASA 해수면 상승 전망[SSP1, SSP2, SSP3, SSP4, SSP5]",observation,vnm-v121-b-008-obs-565-d98350236eb4cdd8,B-008_rsl_1495_ssp119_q83,VNM,2050,0.288,m,,,,,,[전망치],IPCC AR6 Sea Level Projection Tool (NASA/IPCC),https://sealevel.nasa.gov/data_tools/17,기관 이용약관,B-008_NASA 해수면 상승 전망 (SSP 1~5).xlsx,1.1_observation(측정값),565,
B-008,"NASA 해수면 상승 전망[SSP1, SSP2, SSP3, SSP4, SSP5]",observation,vnm-v121-b-008-obs-566-7584729eea472f7b,B-008_rsl_1495_ssp119_q83,VNM,2060,0.351,m,,,,,,[전망치],IPCC AR6 Sea Level Projection Tool (NASA/IPCC),https://sealevel.nasa.gov/data_tools/17,기관 이용약관,B-008_NASA 해수면 상승 전망 (SSP 1~5).xlsx,1.1_observation(측정값),566,
B-008,"NASA 해수면 상승 전망[SSP1, SSP2, SSP3, SSP4, SSP5]",observation,vnm-v121-b-008-obs-567-f72c8112e1b9614c,B-008_rsl_1495_ssp119_q83,VNM,2070,0.43,m,,,,,,[전망치],IPCC AR6 Sea Level Projection Tool (NASA/IPCC),https://sealevel.nasa.gov/data_tools/17,기관 이용약관,B-008_NASA 해수면 상승 전망 (SSP 1~5).xlsx,1.1_observation(측정값),567,
B-008,"NASA 해수면 상승 전망[SSP1, SSP2, SSP3, SSP4, SSP5]",observation,vnm-v121-b-008-obs-568-189c94ce4bbad909,B-008_rsl_1495_ssp119_q83,VNM,2080,0.502,m,,,,,,[전망치],IPCC AR6 Sea Level Projection Tool (NASA/IPCC),https://sealevel.nasa.gov/data_tools/17,기관 이용약관,B-008_NASA 해수면 상승 전망 (SSP 1~5).xlsx,1.1_observation(측정값),568,
B-008,"NASA 해수면 상승 전망[SSP1, SSP2, SSP3, SSP4, SSP5]",observation,vnm-v121-b-008-obs-569-de8f6c39fb40a6b6,B-008_rsl_1495_ssp119_q83,VNM,2090,0.58,m,,,,,,[전망치],IPCC AR6 Sea Level Projection Tool (NASA/IPCC),https://sealevel.nasa.gov/data_tools/17,기관 이용약관,B-008_NASA 해수면 상승 전망 (SSP 1~5).xlsx,1.1_observation(측정값),569,
B-008,"NASA 해수면 상승 전망[SSP1, SSP2, SSP3, SSP4, SSP5]",observation,vnm-v121-b-008-obs-570-4e797c190424a954,B-008_rsl_1495_ssp119_q83,VNM,2100,0.642,m,,,,,,[전망치],IPCC AR6 Sea Level Projection Tool (NASA/IPCC),https://sealevel.nasa.gov/data_tools/17,기관 이용약관,B-008_NASA 해수면 상승 전망 (SSP 1~5).xlsx,1.1_observation(측정값),570,
B-008,"NASA 해수면 상승 전망[SSP1, SSP2, SSP3, SSP4, SSP5]",observation,vnm-v121-b-008-obs-571-d9ec5031155127b5,B-008_rsl_1495_ssp126_q17,VNM,2020,0.012,m,,,,,,[전망치],IPCC AR6 Sea Level Projection Tool (NASA/IPCC),https://sealevel.nasa.gov/data_tools/17,기관 이용약관,B-008_NASA 해수면 상승 전망 (SSP 1~5).xlsx,1.1_observation(측정값),571,
B-008,"NASA 해수면 상승 전망[SSP1, SSP2, SSP3, SSP4, SSP5]",observation,vnm-v121-b-008-obs-572-9848ad020b773393,B-008_rsl_1495_ssp126_q17,VNM,2030,0.046,m,,,,,,[전망치],IPCC AR6 Sea Level Projection Tool (NASA/IPCC),https://sealevel.nasa.gov/data_tools/17,기관 이용약관,B-008_NASA 해수면 상승 전망 (SSP 1~5).xlsx,1.1_observation(측정값),572,
B-008,"NASA 해수면 상승 전망[SSP1, SSP2, SSP3, SSP4, SSP5]",observation,vnm-v121-b-008-obs-573-d79909975bd2b5fe,B-008_rsl_1495_ssp126_q17,VNM,2040,0.082,m,,,,,,[전망치],IPCC AR6 Sea Level Projection Tool (NASA/IPCC),https://sealevel.nasa.gov/data_tools/17,기관 이용약관,B-008_NASA 해수면 상승 전망 (SSP 1~5).xlsx,1.1_observation(측정값),573,
B-008,"NASA 해수면 상승 전망[SSP1, SSP2, SSP3, SSP4, SSP5]",observation,vnm-v121-b-008-obs-574-56d8f5a07bda370a,B-008_rsl_1495_ssp126_q17,VNM,2050,0.127,m,,,,,,[전망치],IPCC AR6 Sea Level Projection Tool (NASA/IPCC),https://sealevel.nasa.gov/data_tools/17,기관 이용약관,B-008_NASA 해수면 상승 전망 (SSP 1~5).xlsx,1.1_observation(측정값),574,
B-008,"NASA 해수면 상승 전망[SSP1, SSP2, SSP3, SSP4, SSP5]",observation,vnm-v121-b-008-obs-575-f0f41f2a80170453,B-008_rsl_1495_ssp126_q17,VNM,2060,0.161,m,,,,,,[전망치],IPCC AR6 Sea Level Projection Tool (NASA/IPCC),https://sealevel.nasa.gov/data_tools/17,기관 이용약관,B-008_NASA 해수면 상승 전망 (SSP 1~5).xlsx,1.1_observation(측정값),575,
B-008,"NASA 해수면 상승 전망[SSP1, SSP2, SSP3, SSP4, SSP5]",observation,vnm-v121-b-008-obs-576-53346506450c89b9,B-008_rsl_1495_ssp126_q17,VNM,2070,0.203,m,,,,,,[전망치],IPCC AR6 Sea Level Projection Tool (NASA/IPCC),https://sealevel.nasa.gov/data_tools/17,기관 이용약관,B-008_NASA 해수면 상승 전망 (SSP 1~5).xlsx,1.1_observation(측정값),576,
B-008,"NASA 해수면 상승 전망[SSP1, SSP2, SSP3, SSP4, SSP5]",observation,vnm-v121-b-008-obs-577-196abd225e460598,B-008_rsl_1495_ssp126_q17,VNM,2080,0.237,m,,,,,,[전망치],IPCC AR6 Sea Level Projection Tool (NASA/IPCC),https://sealevel.nasa.gov/data_tools/17,기관 이용약관,B-008_NASA 해수면 상승 전망 (SSP 1~5).xlsx,1.1_observation(측정값),577,
B-008,"NASA 해수면 상승 전망[SSP1, SSP2, SSP3, SSP4, SSP5]",observation,vnm-v121-b-008-obs-578-6aec05969ac18ea0,B-008_rsl_1495_ssp126_q17,VNM,2090,0.27,m,,,,,,[전망치],IPCC AR6 Sea Level Projection Tool (NASA/IPCC),https://sealevel.nasa.gov/data_tools/17,기관 이용약관,B-008_NASA 해수면 상승 전망 (SSP 1~5).xlsx,1.1_observation(측정값),578,
B-008,"NASA 해수면 상승 전망[SSP1, SSP2, SSP3, SSP4, SSP5]",observation,vnm-v121-b-008-obs-579-65d1c127f752dd74,B-008_rsl_1495_ssp126_q17,VNM,2100,0.281,m,,,,,,[전망치],IPCC AR6 Sea Level Projection Tool (NASA/IPCC),https://sealevel.nasa.gov/data_tools/17,기관 이용약관,B-008_NASA 해수면 상승 전망 (SSP 1~5).xlsx,1.1_observation(측정값),579,
B-008,"NASA 해수면 상승 전망[SSP1, SSP2, SSP3, SSP4, SSP5]",observation,vnm-v121-b-008-obs-580-af29ef02d157aeae,B-008_rsl_1495_ssp126_q50,VNM,2020,0.053,m,,,,,,[전망치],IPCC AR6 Sea Level Projection Tool (NASA/IPCC),https://sealevel.nasa.gov/data_tools/17,기관 이용약관,B-008_NASA 해수면 상승 전망 (SSP 1~5).xlsx,1.1_observation(측정값),580,
B-008,"NASA 해수면 상승 전망[SSP1, SSP2, SSP3, SSP4, SSP5]",observation,vnm-v121-b-008-obs-581-51e80b1a836d1545,B-008_rsl_1495_ssp126_q50,VNM,2030,0.097,m,,,,,,[전망치],IPCC AR6 Sea Level Projection Tool (NASA/IPCC),https://sealevel.nasa.gov/data_tools/17,기관 이용약관,B-008_NASA 해수면 상승 전망 (SSP 1~5).xlsx,1.1_observation(측정값),581,
B-008,"NASA 해수면 상승 전망[SSP1, SSP2, SSP3, SSP4, SSP5]",observation,vnm-v121-b-008-obs-582-ea9d8f2f815d5e58,B-008_rsl_1495_ssp126_q50,VNM,2040,0.142,m,,,,,,[전망치],IPCC AR6 Sea Level Projection Tool (NASA/IPCC),https://sealevel.nasa.gov/data_tools/17,기관 이용약관,B-008_NASA 해수면 상승 전망 (SSP 1~5).xlsx,1.1_observation(측정값),582,
B-008,"NASA 해수면 상승 전망[SSP1, SSP2, SSP3, SSP4, SSP5]",observation,vnm-v121-b-008-obs-583-4bfedd2100c45139,B-008_rsl_1495_ssp126_q50,VNM,2050,0.203,m,,,,,,[전망치],IPCC AR6 Sea Level Projection Tool (NASA/IPCC),https://sealevel.nasa.gov/data_tools/17,기관 이용약관,B-008_NASA 해수면 상승 전망 (SSP 1~5).xlsx,1.1_observation(측정값),583,
B-008,"NASA 해수면 상승 전망[SSP1, SSP2, SSP3, SSP4, SSP5]",observation,vnm-v121-b-008-obs-584-15d4bfc0eb19cb5f,B-008_rsl_1495_ssp126_q50,VNM,2060,0.252,m,,,,,,[전망치],IPCC AR6 Sea Level Projection Tool (NASA/IPCC),https://sealevel.nasa.gov/data_tools/17,기관 이용약관,B-008_NASA 해수면 상승 전망 (SSP 1~5).xlsx,1.1_observation(측정값),584,
B-008,"NASA 해수면 상승 전망[SSP1, SSP2, SSP3, SSP4, SSP5]",observation,vnm-v121-b-008-obs-585-bd9fe89f35c3541f,B-008_rsl_1495_ssp126_q50,VNM,2070,0.316,m,,,,,,[전망치],IPCC AR6 Sea Level Projection Tool (NASA/IPCC),https://sealevel.nasa.gov/data_tools/17,기관 이용약관,B-008_NASA 해수면 상승 전망 (SSP 1~5).xlsx,1.1_observation(측정값),585,
B-008,"NASA 해수면 상승 전망[SSP1, SSP2, SSP3, SSP4, SSP5]",observation,vnm-v121-b-008-obs-586-7cc63e904619b8bd,B-008_rsl_1495_ssp126_q50,VNM,2080,0.372,m,,,,,,[전망치],IPCC AR6 Sea Level Projection Tool (NASA/IPCC),https://sealevel.nasa.gov/data_tools/17,기관 이용약관,B-008_NASA 해수면 상승 전망 (SSP 1~5).xlsx,1.1_observation(측정값),586,
B-008,"NASA 해수면 상승 전망[SSP1, SSP2, SSP3, SSP4, SSP5]",observation,vnm-v121-b-008-obs-587-2ed759a1d7401c31,B-008_rsl_1495_ssp126_q50,VNM,2090,0.426,m,,,,,,[전망치],IPCC AR6 Sea Level Projection Tool (NASA/IPCC),https://sealevel.nasa.gov/data_tools/17,기관 이용약관,B-008_NASA 해수면 상승 전망 (SSP 1~5).xlsx,1.1_observation(측정값),587,
B-008,"NASA 해수면 상승 전망[SSP1, SSP2, SSP3, SSP4, SSP5]",observation,vnm-v121-b-008-obs-588-698038768f44a094,B-008_rsl_1495_ssp126_q50,VNM,2100,0.479,m,,,,,,[전망치],IPCC AR6 Sea Level Projection Tool (NASA/IPCC),https://sealevel.nasa.gov/data_tools/17,기관 이용약관,B-008_NASA 해수면 상승 전망 (SSP 1~5).xlsx,1.1_observation(측정값),588,
B-008,"NASA 해수면 상승 전망[SSP1, SSP2, SSP3, SSP4, SSP5]",observation,vnm-v121-b-008-obs-589-7b7ce934beb748f1,B-008_rsl_1495_ssp126_q83,VNM,2020,0.096,m,,,,,,[전망치],IPCC AR6 Sea Level Projection Tool (NASA/IPCC),https://sealevel.nasa.gov/data_tools/17,기관 이용약관,B-008_NASA 해수면 상승 전망 (SSP 1~5).xlsx,1.1_observation(측정값),589,
B-008,"NASA 해수면 상승 전망[SSP1, SSP2, SSP3, SSP4, SSP5]",observation,vnm-v121-b-008-obs-590-3bc47285139c8148,B-008_rsl_1495_ssp126_q83,VNM,2030,0.152,m,,,,,,[전망치],IPCC AR6 Sea Level Projection Tool (NASA/IPCC),https://sealevel.nasa.gov/data_tools/17,기관 이용약관,B-008_NASA 해수면 상승 전망 (SSP 1~5).xlsx,1.1_observation(측정값),590,
B-008,"NASA 해수면 상승 전망[SSP1, SSP2, SSP3, SSP4, SSP5]",observation,vnm-v121-b-008-obs-591-a30f9e2578f7bbf8,B-008_rsl_1495_ssp126_q83,VNM,2040,0.212,m,,,,,,[전망치],IPCC AR6 Sea Level Projection Tool (NASA/IPCC),https://sealevel.nasa.gov/data_tools/17,기관 이용약관,B-008_NASA 해수면 상승 전망 (SSP 1~5).xlsx,1.1_observation(측정값),591,
B-008,"NASA 해수면 상승 전망[SSP1, SSP2, SSP3, SSP4, SSP5]",observation,vnm-v121-b-008-obs-592-2db2d5d573f6a7fa,B-008_rsl_1495_ssp126_q83,VNM,2050,0.293,m,,,,,,[전망치],IPCC AR6 Sea Level Projection Tool (NASA/IPCC),https://sealevel.nasa.gov/data_tools/17,기관 이용약관,B-008_NASA 해수면 상승 전망 (SSP 1~5).xlsx,1.1_observation(측정값),592,
B-008,"NASA 해수면 상승 전망[SSP1, SSP2, SSP3, SSP4, SSP5]",observation,vnm-v121-b-008-obs-593-98dbf03f78f4c9af,B-008_rsl_1495_ssp126_q83,VNM,2060,0.365,m,,,,,,[전망치],IPCC AR6 Sea Level Projection Tool (NASA/IPCC),https://sealevel.nasa.gov/data_tools/17,기관 이용약관,B-008_NASA 해수면 상승 전망 (SSP 1~5).xlsx,1.1_observation(측정값),593,
B-008,"NASA 해수면 상승 전망[SSP1, SSP2, SSP3, SSP4, SSP5]",observation,vnm-v121-b-008-obs-594-9e209b7aec5a3af9,B-008_rsl_1495_ssp126_q83,VNM,2070,0.457,m,,,,,,[전망치],IPCC AR6 Sea Level Projection Tool (NASA/IPCC),https://sealevel.nasa.gov/data_tools/17,기관 이용약관,B-008_NASA 해수면 상승 전망 (SSP 1~5).xlsx,1.1_observation(측정값),594,
B-008,"NASA 해수면 상승 전망[SSP1, SSP2, SSP3, SSP4, SSP5]",observation,vnm-v121-b-008-obs-595-d8e5495da6b357b5,B-008_rsl_1495_ssp126_q83,VNM,2080,0.541,m,,,,,,[전망치],IPCC AR6 Sea Level Projection Tool (NASA/IPCC),https://sealevel.nasa.gov/data_tools/17,기관 이용약관,B-008_NASA 해수면 상승 전망 (SSP 1~5).xlsx,1.1_observation(측정값),595,
B-008,"NASA 해수면 상승 전망[SSP1, SSP2, SSP3, SSP4, SSP5]",observation,vnm-v121-b-008-obs-596-2f0ef0e19024ec73,B-008_rsl_1495_ssp126_q83,VNM,2090,0.624,m,,,,,,[전망치],IPCC AR6 Sea Level Projection Tool (NASA/IPCC),https://sealevel.nasa.gov/data_tools/17,기관 이용약관,B-008_NASA 해수면 상승 전망 (SSP 1~5).xlsx,1.1_observation(측정값),596,
B-008,"NASA 해수면 상승 전망[SSP1, SSP2, SSP3, SSP4, SSP5]",observation,vnm-v121-b-008-obs-597-0d29abf57a58a878,B-008_rsl_1495_ssp126_q83,VNM,2100,0.721,m,,,,,,[전망치],IPCC AR6 Sea Level Projection Tool (NASA/IPCC),https://sealevel.nasa.gov/data_tools/17,기관 이용약관,B-008_NASA 해수면 상승 전망 (SSP 1~5).xlsx,1.1_observation(측정값),597,
B-008,"NASA 해수면 상승 전망[SSP1, SSP2, SSP3, SSP4, SSP5]",observation,vnm-v121-b-008-obs-598-eaada335ed80b74f,B-008_rsl_1495_ssp245_q17,VNM,2020,0.019,m,,,,,,[전망치],IPCC AR6 Sea Level Projection Tool (NASA/IPCC),https://sealevel.nasa.gov/data_tools/17,기관 이용약관,B-008_NASA 해수면 상승 전망 (SSP 1~5).xlsx,1.1_observation(측정값),598,
B-008,"NASA 해수면 상승 전망[SSP1, SSP2, SSP3, SSP4, SSP5]",observation,vnm-v121-b-008-obs-599-f7b634965b350666,B-008_rsl_1495_ssp245_q17,VNM,2030,0.054,m,,,,,,[전망치],IPCC AR6 Sea Level Projection Tool (NASA/IPCC),https://sealevel.nasa.gov/data_tools/17,기관 이용약관,B-008_NASA 해수면 상승 전망 (SSP 1~5).xlsx,1.1_observation(측정값),599,
B-008,"NASA 해수면 상승 전망[SSP1, SSP2, SSP3, SSP4, SSP5]",observation,vnm-v121-b-008-obs-600-ba0fab11a814502e,B-008_rsl_1495_ssp245_q17,VNM,2040,0.093,m,,,,,,[전망치],IPCC AR6 Sea Level Projection Tool (NASA/IPCC),https://sealevel.nasa.gov/data_tools/17,기관 이용약관,B-008_NASA 해수면 상승 전망 (SSP 1~5).xlsx,1.1_observation(측정값),600,
B-008,"NASA 해수면 상승 전망[SSP1, SSP2, SSP3, SSP4, SSP5]",observation,vnm-v121-b-008-obs-601-6bd178a99441f285,B-008_rsl_1495_ssp245_q17,VNM,2050,0.14,m,,,,,,[전망치],IPCC AR6 Sea Level Projection Tool (NASA/IPCC),https://sealevel.nasa.gov/data_tools/17,기관 이용약관,B-008_NASA 해수면 상승 전망 (SSP 1~5).xlsx,1.1_observation(측정값),601,
B-008,"NASA 해수면 상승 전망[SSP1, SSP2, SSP3, SSP4, SSP5]",observation,vnm-v121-b-008-obs-602-8254148baef4276e,B-008_rsl_1495_ssp245_q17,VNM,2060,0.186,m,,,,,,[전망치],IPCC AR6 Sea Level Projection Tool (NASA/IPCC),https://sealevel.nasa.gov/data_tools/17,기관 이용약관,B-008_NASA 해수면 상승 전망 (SSP 1~5).xlsx,1.1_observation(측정값),602,
B-008,"NASA 해수면 상승 전망[SSP1, SSP2, SSP3, SSP4, SSP5]",observation,vnm-v121-b-008-obs-603-bb027557cca96088,B-008_rsl_1495_ssp245_q17,VNM,2070,0.24,m,,,,,,[전망치],IPCC AR6 Sea Level Projection Tool (NASA/IPCC),https://sealevel.nasa.gov/data_tools/17,기관 이용약관,B-008_NASA 해수면 상승 전망 (SSP 1~5).xlsx,1.1_observation(측정값),603,
B-008,"NASA 해수면 상승 전망[SSP1, SSP2, SSP3, SSP4, SSP5]",observation,vnm-v121-b-008-obs-604-22737d1d13631a10,B-008_rsl_1495_ssp245_q17,VNM,2080,0.288,m,,,,,,[전망치],IPCC AR6 Sea Level Projection Tool (NASA/IPCC),https://sealevel.nasa.gov/data_tools/17,기관 이용약관,B-008_NASA 해수면 상승 전망 (SSP 1~5).xlsx,1.1_observation(측정값),604,
B-008,"NASA 해수면 상승 전망[SSP1, SSP2, SSP3, SSP4, SSP5]",observation,vnm-v121-b-008-obs-605-da8716aa0d3e1e7e,B-008_rsl_1495_ssp245_q17,VNM,2090,0.34,m,,,,,,[전망치],IPCC AR6 Sea Level Projection Tool (NASA/IPCC),https://sealevel.nasa.gov/data_tools/17,기관 이용약관,B-008_NASA 해수면 상승 전망 (SSP 1~5).xlsx,1.1_observation(측정값),605,
B-008,"NASA 해수면 상승 전망[SSP1, SSP2, SSP3, SSP4, SSP5]",observation,vnm-v121-b-008-obs-606-508ca6fa8782fb9f,B-008_rsl_1495_ssp245_q17,VNM,2100,0.409,m,,,,,,[전망치],IPCC AR6 Sea Level Projection Tool (NASA/IPCC),https://sealevel.nasa.gov/data_tools/17,기관 이용약관,B-008_NASA 해수면 상승 전망 (SSP 1~5).xlsx,1.1_observation(측정값),606,
B-008,"NASA 해수면 상승 전망[SSP1, SSP2, SSP3, SSP4, SSP5]",observation,vnm-v121-b-008-obs-607-7e49559b3e968685,B-008_rsl_1495_ssp245_q50,VNM,2020,0.054,m,,,,,,[전망치],IPCC AR6 Sea Level Projection Tool (NASA/IPCC),https://sealevel.nasa.gov/data_tools/17,기관 이용약관,B-008_NASA 해수면 상승 전망 (SSP 1~5).xlsx,1.1_observation(측정값),607,
B-008,"NASA 해수면 상승 전망[SSP1, SSP2, SSP3, SSP4, SSP5]",observation,vnm-v121-b-008-obs-608-8d8a28341e55054c,B-008_rsl_1495_ssp245_q50,VNM,2030,0.099,m,,,,,,[전망치],IPCC AR6 Sea Level Projection Tool (NASA/IPCC),https://sealevel.nasa.gov/data_tools/17,기관 이용약관,B-008_NASA 해수면 상승 전망 (SSP 1~5).xlsx,1.1_observation(측정값),608,
B-008,"NASA 해수면 상승 전망[SSP1, SSP2, SSP3, SSP4, SSP5]",observation,vnm-v121-b-008-obs-609-89bf3344a72e123c,B-008_rsl_1495_ssp245_q50,VNM,2040,0.151,m,,,,,,[전망치],IPCC AR6 Sea Level Projection Tool (NASA/IPCC),https://sealevel.nasa.gov/data_tools/17,기관 이용약관,B-008_NASA 해수면 상승 전망 (SSP 1~5).xlsx,1.1_observation(측정값),609,
B-008,"NASA 해수면 상승 전망[SSP1, SSP2, SSP3, SSP4, SSP5]",observation,vnm-v121-b-008-obs-610-bab2520f20eebe7c,B-008_rsl_1495_ssp245_q50,VNM,2050,0.217,m,,,,,,[전망치],IPCC AR6 Sea Level Projection Tool (NASA/IPCC),https://sealevel.nasa.gov/data_tools/17,기관 이용약관,B-008_NASA 해수면 상승 전망 (SSP 1~5).xlsx,1.1_observation(측정값),610,
B-008,"NASA 해수면 상승 전망[SSP1, SSP2, SSP3, SSP4, SSP5]",observation,vnm-v121-b-008-obs-611-f1dfd680878b4784,B-008_rsl_1495_ssp245_q50,VNM,2060,0.279,m,,,,,,[전망치],IPCC AR6 Sea Level Projection Tool (NASA/IPCC),https://sealevel.nasa.gov/data_tools/17,기관 이용약관,B-008_NASA 해수면 상승 전망 (SSP 1~5).xlsx,1.1_observation(측정값),611,
B-008,"NASA 해수면 상승 전망[SSP1, SSP2, SSP3, SSP4, SSP5]",observation,vnm-v121-b-008-obs-612-4242b1e1c1a70154,B-008_rsl_1495_ssp245_q50,VNM,2070,0.354,m,,,,,,[전망치],IPCC AR6 Sea Level Projection Tool (NASA/IPCC),https://sealevel.nasa.gov/data_tools/17,기관 이용약관,B-008_NASA 해수면 상승 전망 (SSP 1~5).xlsx,1.1_observation(측정값),612,
B-008,"NASA 해수면 상승 전망[SSP1, SSP2, SSP3, SSP4, SSP5]",observation,vnm-v121-b-008-obs-613-6375471593dbcfc1,B-008_rsl_1495_ssp245_q50,VNM,2080,0.43,m,,,,,,[전망치],IPCC AR6 Sea Level Projection Tool (NASA/IPCC),https://sealevel.nasa.gov/data_tools/17,기관 이용약관,B-008_NASA 해수면 상승 전망 (SSP 1~5).xlsx,1.1_observation(측정값),613,
B-008,"NASA 해수면 상승 전망[SSP1, SSP2, SSP3, SSP4, SSP5]",observation,vnm-v121-b-008-obs-614-a9c1fc65d3721030,B-008_rsl_1495_ssp245_q50,VNM,2090,0.508,m,,,,,,[전망치],IPCC AR6 Sea Level Projection Tool (NASA/IPCC),https://sealevel.nasa.gov/data_tools/17,기관 이용약관,B-008_NASA 해수면 상승 전망 (SSP 1~5).xlsx,1.1_observation(측정값),614,
B-008,"NASA 해수면 상승 전망[SSP1, SSP2, SSP3, SSP4, SSP5]",observation,vnm-v121-b-008-obs-615-4a30a36f62263cf2,B-008_rsl_1495_ssp245_q50,VNM,2100,0.601,m,,,,,,[전망치],IPCC AR6 Sea Level Projection Tool (NASA/IPCC),https://sealevel.nasa.gov/data_tools/17,기관 이용약관,B-008_NASA 해수면 상승 전망 (SSP 1~5).xlsx,1.1_observation(측정값),615,
B-008,"NASA 해수면 상승 전망[SSP1, SSP2, SSP3, SSP4, SSP5]",observation,vnm-v121-b-008-obs-616-7234233fb186dc4e,B-008_rsl_1495_ssp245_q83,VNM,2020,0.091,m,,,,,,[전망치],IPCC AR6 Sea Level Projection Tool (NASA/IPCC),https://sealevel.nasa.gov/data_tools/17,기관 이용약관,B-008_NASA 해수면 상승 전망 (SSP 1~5).xlsx,1.1_observation(측정값),616,
B-008,"NASA 해수면 상승 전망[SSP1, SSP2, SSP3, SSP4, SSP5]",observation,vnm-v121-b-008-obs-617-86db4b18ffce2284,B-008_rsl_1495_ssp245_q83,VNM,2030,0.149,m,,,,,,[전망치],IPCC AR6 Sea Level Projection Tool (NASA/IPCC),https://sealevel.nasa.gov/data_tools/17,기관 이용약관,B-008_NASA 해수면 상승 전망 (SSP 1~5).xlsx,1.1_observation(측정값),617,
B-008,"NASA 해수면 상승 전망[SSP1, SSP2, SSP3, SSP4, SSP5]",observation,vnm-v121-b-008-obs-618-9babd845885b9809,B-008_rsl_1495_ssp245_q83,VNM,2040,0.218,m,,,,,,[전망치],IPCC AR6 Sea Level Projection Tool (NASA/IPCC),https://sealevel.nasa.gov/data_tools/17,기관 이용약관,B-008_NASA 해수면 상승 전망 (SSP 1~5).xlsx,1.1_observation(측정값),618,
B-008,"NASA 해수면 상승 전망[SSP1, SSP2, SSP3, SSP4, SSP5]",observation,vnm-v121-b-008-obs-619-5dbc610361280847,B-008_rsl_1495_ssp245_q83,VNM,2050,0.309,m,,,,,,[전망치],IPCC AR6 Sea Level Projection Tool (NASA/IPCC),https://sealevel.nasa.gov/data_tools/17,기관 이용약관,B-008_NASA 해수면 상승 전망 (SSP 1~5).xlsx,1.1_observation(측정값),619,
B-008,"NASA 해수면 상승 전망[SSP1, SSP2, SSP3, SSP4, SSP5]",observation,vnm-v121-b-008-obs-620-f5677445dbf88cb9,B-008_rsl_1495_ssp245_q83,VNM,2060,0.397,m,,,,,,[전망치],IPCC AR6 Sea Level Projection Tool (NASA/IPCC),https://sealevel.nasa.gov/data_tools/17,기관 이용약관,B-008_NASA 해수면 상승 전망 (SSP 1~5).xlsx,1.1_observation(측정값),620,
B-008,"NASA 해수면 상승 전망[SSP1, SSP2, SSP3, SSP4, SSP5]",observation,vnm-v121-b-008-obs-621-f8a2a4707627e79a,B-008_rsl_1495_ssp245_q83,VNM,2070,0.506,m,,,,,,[전망치],IPCC AR6 Sea Level Projection Tool (NASA/IPCC),https://sealevel.nasa.gov/data_tools/17,기관 이용약관,B-008_NASA 해수면 상승 전망 (SSP 1~5).xlsx,1.1_observation(측정값),621,
B-008,"NASA 해수면 상승 전망[SSP1, SSP2, SSP3, SSP4, SSP5]",observation,vnm-v121-b-008-obs-622-afa5fce4cc6a4a33,B-008_rsl_1495_ssp245_q83,VNM,2080,0.616,m,,,,,,[전망치],IPCC AR6 Sea Level Projection Tool (NASA/IPCC),https://sealevel.nasa.gov/data_tools/17,기관 이용약관,B-008_NASA 해수면 상승 전망 (SSP 1~5).xlsx,1.1_observation(측정값),622,
B-008,"NASA 해수면 상승 전망[SSP1, SSP2, SSP3, SSP4, SSP5]",observation,vnm-v121-b-008-obs-623-f7c198dd174b3b6e,B-008_rsl_1495_ssp245_q83,VNM,2090,0.73,m,,,,,,[전망치],IPCC AR6 Sea Level Projection Tool (NASA/IPCC),https://sealevel.nasa.gov/data_tools/17,기관 이용약관,B-008_NASA 해수면 상승 전망 (SSP 1~5).xlsx,1.1_observation(측정값),623,
B-008,"NASA 해수면 상승 전망[SSP1, SSP2, SSP3, SSP4, SSP5]",observation,vnm-v121-b-008-obs-624-bf4aed3ab08d15af,B-008_rsl_1495_ssp245_q83,VNM,2100,0.861,m,,,,,,[전망치],IPCC AR6 Sea Level Projection Tool (NASA/IPCC),https://sealevel.nasa.gov/data_tools/17,기관 이용약관,B-008_NASA 해수면 상승 전망 (SSP 1~5).xlsx,1.1_observation(측정값),624,
B-008,"NASA 해수면 상승 전망[SSP1, SSP2, SSP3, SSP4, SSP5]",observation,vnm-v121-b-008-obs-625-9cffd8f7d64c13cc,B-008_rsl_1495_ssp370_q17,VNM,2020,0.021,m,,,,,,[전망치],IPCC AR6 Sea Level Projection Tool (NASA/IPCC),https://sealevel.nasa.gov/data_tools/17,기관 이용약관,B-008_NASA 해수면 상승 전망 (SSP 1~5).xlsx,1.1_observation(측정값),625,
B-008,"NASA 해수면 상승 전망[SSP1, SSP2, SSP3, SSP4, SSP5]",observation,vnm-v121-b-008-obs-626-67df1b2d66dd4192,B-008_rsl_1495_ssp370_q17,VNM,2030,0.055,m,,,,,,[전망치],IPCC AR6 Sea Level Projection Tool (NASA/IPCC),https://sealevel.nasa.gov/data_tools/17,기관 이용약관,B-008_NASA 해수면 상승 전망 (SSP 1~5).xlsx,1.1_observation(측정값),626,
B-008,"NASA 해수면 상승 전망[SSP1, SSP2, SSP3, SSP4, SSP5]",observation,vnm-v121-b-008-obs-627-72c230ebdb4c02a4,B-008_rsl_1495_ssp370_q17,VNM,2040,0.094,m,,,,,,[전망치],IPCC AR6 Sea Level Projection Tool (NASA/IPCC),https://sealevel.nasa.gov/data_tools/17,기관 이용약관,B-008_NASA 해수면 상승 전망 (SSP 1~5).xlsx,1.1_observation(측정값),627,
B-008,"NASA 해수면 상승 전망[SSP1, SSP2, SSP3, SSP4, SSP5]",observation,vnm-v121-b-008-obs-628-8e112e51ea1971bf,B-008_rsl_1495_ssp370_q17,VNM,2050,0.146,m,,,,,,[전망치],IPCC AR6 Sea Level Projection Tool (NASA/IPCC),https://sealevel.nasa.gov/data_tools/17,기관 이용약관,B-008_NASA 해수면 상승 전망 (SSP 1~5).xlsx,1.1_observation(측정값),628,
B-008,"NASA 해수면 상승 전망[SSP1, SSP2, SSP3, SSP4, SSP5]",observation,vnm-v121-b-008-obs-629-517d707d23bd26c7,B-008_rsl_1495_ssp370_q17,VNM,2060,0.197,m,,,,,,[전망치],IPCC AR6 Sea Level Projection Tool (NASA/IPCC),https://sealevel.nasa.gov/data_tools/17,기관 이용약관,B-008_NASA 해수면 상승 전망 (SSP 1~5).xlsx,1.1_observation(측정값),629,
B-008,"NASA 해수면 상승 전망[SSP1, SSP2, SSP3, SSP4, SSP5]",observation,vnm-v121-b-008-obs-630-bf617648d5b4173d,B-008_rsl_1495_ssp370_q17,VNM,2070,0.266,m,,,,,,[전망치],IPCC AR6 Sea Level Projection Tool (NASA/IPCC),https://sealevel.nasa.gov/data_tools/17,기관 이용약관,B-008_NASA 해수면 상승 전망 (SSP 1~5).xlsx,1.1_observation(측정값),630,
B-008,"NASA 해수면 상승 전망[SSP1, SSP2, SSP3, SSP4, SSP5]",observation,vnm-v121-b-008-obs-631-d0111f19d08d1007,B-008_rsl_1495_ssp370_q17,VNM,2080,0.336,m,,,,,,[전망치],IPCC AR6 Sea Level Projection Tool (NASA/IPCC),https://sealevel.nasa.gov/data_tools/17,기관 이용약관,B-008_NASA 해수면 상승 전망 (SSP 1~5).xlsx,1.1_observation(측정값),631,
B-008,"NASA 해수면 상승 전망[SSP1, SSP2, SSP3, SSP4, SSP5]",observation,vnm-v121-b-008-obs-632-432dcc3beee7690f,B-008_rsl_1495_ssp370_q17,VNM,2090,0.419,m,,,,,,[전망치],IPCC AR6 Sea Level Projection Tool (NASA/IPCC),https://sealevel.nasa.gov/data_tools/17,기관 이용약관,B-008_NASA 해수면 상승 전망 (SSP 1~5).xlsx,1.1_observation(측정값),632,
B-008,"NASA 해수면 상승 전망[SSP1, SSP2, SSP3, SSP4, SSP5]",observation,vnm-v121-b-008-obs-633-5ac5b020fdb2016b,B-008_rsl_1495_ssp370_q17,VNM,2100,0.507,m,,,,,,[전망치],IPCC AR6 Sea Level Projection Tool (NASA/IPCC),https://sealevel.nasa.gov/data_tools/17,기관 이용약관,B-008_NASA 해수면 상승 전망 (SSP 1~5).xlsx,1.1_observation(측정값),633,
B-008,"NASA 해수면 상승 전망[SSP1, SSP2, SSP3, SSP4, SSP5]",observation,vnm-v121-b-008-obs-634-daf87eb3fa927425,B-008_rsl_1495_ssp370_q50,VNM,2020,0.053,m,,,,,,[전망치],IPCC AR6 Sea Level Projection Tool (NASA/IPCC),https://sealevel.nasa.gov/data_tools/17,기관 이용약관,B-008_NASA 해수면 상승 전망 (SSP 1~5).xlsx,1.1_observation(측정값),634,
B-008,"NASA 해수면 상승 전망[SSP1, SSP2, SSP3, SSP4, SSP5]",observation,vnm-v121-b-008-obs-635-e4348f222c4ccb14,B-008_rsl_1495_ssp370_q50,VNM,2030,0.099,m,,,,,,[전망치],IPCC AR6 Sea Level Projection Tool (NASA/IPCC),https://sealevel.nasa.gov/data_tools/17,기관 이용약관,B-008_NASA 해수면 상승 전망 (SSP 1~5).xlsx,1.1_observation(측정값),635,
B-008,"NASA 해수면 상승 전망[SSP1, SSP2, SSP3, SSP4, SSP5]",observation,vnm-v121-b-008-obs-636-ca5927391d0ac64d,B-008_rsl_1495_ssp370_q50,VNM,2040,0.152,m,,,,,,[전망치],IPCC AR6 Sea Level Projection Tool (NASA/IPCC),https://sealevel.nasa.gov/data_tools/17,기관 이용약관,B-008_NASA 해수면 상승 전망 (SSP 1~5).xlsx,1.1_observation(측정값),636,
B-008,"NASA 해수면 상승 전망[SSP1, SSP2, SSP3, SSP4, SSP5]",observation,vnm-v121-b-008-obs-637-80bb486fd43ee087,B-008_rsl_1495_ssp370_q50,VNM,2050,0.224,m,,,,,,[전망치],IPCC AR6 Sea Level Projection Tool (NASA/IPCC),https://sealevel.nasa.gov/data_tools/17,기관 이용약관,B-008_NASA 해수면 상승 전망 (SSP 1~5).xlsx,1.1_observation(측정값),637,
B-008,"NASA 해수면 상승 전망[SSP1, SSP2, SSP3, SSP4, SSP5]",observation,vnm-v121-b-008-obs-638-92d658cd10a770d5,B-008_rsl_1495_ssp370_q50,VNM,2060,0.292,m,,,,,,[전망치],IPCC AR6 Sea Level Projection Tool (NASA/IPCC),https://sealevel.nasa.gov/data_tools/17,기관 이용약관,B-008_NASA 해수면 상승 전망 (SSP 1~5).xlsx,1.1_observation(측정값),638,
B-008,"NASA 해수면 상승 전망[SSP1, SSP2, SSP3, SSP4, SSP5]",observation,vnm-v121-b-008-obs-639-277fdfdf5f1b74e3,B-008_rsl_1495_ssp370_q50,VNM,2070,0.382,m,,,,,,[전망치],IPCC AR6 Sea Level Projection Tool (NASA/IPCC),https://sealevel.nasa.gov/data_tools/17,기관 이용약관,B-008_NASA 해수면 상승 전망 (SSP 1~5).xlsx,1.1_observation(측정값),639,
B-008,"NASA 해수면 상승 전망[SSP1, SSP2, SSP3, SSP4, SSP5]",observation,vnm-v121-b-008-obs-640-7763b1adc9a28623,B-008_rsl_1495_ssp370_q50,VNM,2080,0.48,m,,,,,,[전망치],IPCC AR6 Sea Level Projection Tool (NASA/IPCC),https://sealevel.nasa.gov/data_tools/17,기관 이용약관,B-008_NASA 해수면 상승 전망 (SSP 1~5).xlsx,1.1_observation(측정값),640,
B-008,"NASA 해수면 상승 전망[SSP1, SSP2, SSP3, SSP4, SSP5]",observation,vnm-v121-b-008-obs-641-64dd78af54a24454,B-008_rsl_1495_ssp370_q50,VNM,2090,0.59,m,,,,,,[전망치],IPCC AR6 Sea Level Projection Tool (NASA/IPCC),https://sealevel.nasa.gov/data_tools/17,기관 이용약관,B-008_NASA 해수면 상승 전망 (SSP 1~5).xlsx,1.1_observation(측정값),641,
B-008,"NASA 해수면 상승 전망[SSP1, SSP2, SSP3, SSP4, SSP5]",observation,vnm-v121-b-008-obs-642-dd0f0b5786f7e232,B-008_rsl_1495_ssp370_q50,VNM,2100,0.718,m,,,,,,[전망치],IPCC AR6 Sea Level Projection Tool (NASA/IPCC),https://sealevel.nasa.gov/data_tools/17,기관 이용약관,B-008_NASA 해수면 상승 전망 (SSP 1~5).xlsx,1.1_observation(측정값),642,
B-008,"NASA 해수면 상승 전망[SSP1, SSP2, SSP3, SSP4, SSP5]",observation,vnm-v121-b-008-obs-643-bd68d5fe9d612b63,B-008_rsl_1495_ssp370_q83,VNM,2020,0.087,m,,,,,,[전망치],IPCC AR6 Sea Level Projection Tool (NASA/IPCC),https://sealevel.nasa.gov/data_tools/17,기관 이용약관,B-008_NASA 해수면 상승 전망 (SSP 1~5).xlsx,1.1_observation(측정값),643,
B-008,"NASA 해수면 상승 전망[SSP1, SSP2, SSP3, SSP4, SSP5]",observation,vnm-v121-b-008-obs-644-09b75f6d70ab9e28,B-008_rsl_1495_ssp370_q83,VNM,2030,0.149,m,,,,,,[전망치],IPCC AR6 Sea Level Projection Tool (NASA/IPCC),https://sealevel.nasa.gov/data_tools/17,기관 이용약관,B-008_NASA 해수면 상승 전망 (SSP 1~5).xlsx,1.1_observation(측정값),644,
B-008,"NASA 해수면 상승 전망[SSP1, SSP2, SSP3, SSP4, SSP5]",observation,vnm-v121-b-008-obs-645-73ce9cd0e683acd5,B-008_rsl_1495_ssp370_q83,VNM,2040,0.22,m,,,,,,[전망치],IPCC AR6 Sea Level Projection Tool (NASA/IPCC),https://sealevel.nasa.gov/data_tools/17,기관 이용약관,B-008_NASA 해수면 상승 전망 (SSP 1~5).xlsx,1.1_observation(측정값),645,
B-008,"NASA 해수면 상승 전망[SSP1, SSP2, SSP3, SSP4, SSP5]",observation,vnm-v121-b-008-obs-646-0c52305d48ca9bc1,B-008_rsl_1495_ssp370_q83,VNM,2050,0.315,m,,,,,,[전망치],IPCC AR6 Sea Level Projection Tool (NASA/IPCC),https://sealevel.nasa.gov/data_tools/17,기관 이용약관,B-008_NASA 해수면 상승 전망 (SSP 1~5).xlsx,1.1_observation(측정값),646,
B-008,"NASA 해수면 상승 전망[SSP1, SSP2, SSP3, SSP4, SSP5]",observation,vnm-v121-b-008-obs-647-9a559e0c26f1295b,B-008_rsl_1495_ssp370_q83,VNM,2060,0.412,m,,,,,,[전망치],IPCC AR6 Sea Level Projection Tool (NASA/IPCC),https://sealevel.nasa.gov/data_tools/17,기관 이용약관,B-008_NASA 해수면 상승 전망 (SSP 1~5).xlsx,1.1_observation(측정값),647,
B-008,"NASA 해수면 상승 전망[SSP1, SSP2, SSP3, SSP4, SSP5]",observation,vnm-v121-b-008-obs-648-b68bc8800faa9f7b,B-008_rsl_1495_ssp370_q83,VNM,2070,0.533,m,,,,,,[전망치],IPCC AR6 Sea Level Projection Tool (NASA/IPCC),https://sealevel.nasa.gov/data_tools/17,기관 이용약관,B-008_NASA 해수면 상승 전망 (SSP 1~5).xlsx,1.1_observation(측정값),648,
B-008,"NASA 해수면 상승 전망[SSP1, SSP2, SSP3, SSP4, SSP5]",observation,vnm-v121-b-008-obs-649-a24ae241ac1fef9a,B-008_rsl_1495_ssp370_q83,VNM,2080,0.67,m,,,,,,[전망치],IPCC AR6 Sea Level Projection Tool (NASA/IPCC),https://sealevel.nasa.gov/data_tools/17,기관 이용약관,B-008_NASA 해수면 상승 전망 (SSP 1~5).xlsx,1.1_observation(측정값),649,
B-008,"NASA 해수면 상승 전망[SSP1, SSP2, SSP3, SSP4, SSP5]",observation,vnm-v121-b-008-obs-650-1fe50c1678a9e523,B-008_rsl_1495_ssp370_q83,VNM,2090,0.822,m,,,,,,[전망치],IPCC AR6 Sea Level Projection Tool (NASA/IPCC),https://sealevel.nasa.gov/data_tools/17,기관 이용약관,B-008_NASA 해수면 상승 전망 (SSP 1~5).xlsx,1.1_observation(측정값),650,
B-008,"NASA 해수면 상승 전망[SSP1, SSP2, SSP3, SSP4, SSP5]",observation,vnm-v121-b-008-obs-651-85ae6110609f691b,B-008_rsl_1495_ssp370_q83,VNM,2100,0.998,m,,,,,,[전망치],IPCC AR6 Sea Level Projection Tool (NASA/IPCC),https://sealevel.nasa.gov/data_tools/17,기관 이용약관,B-008_NASA 해수면 상승 전망 (SSP 1~5).xlsx,1.1_observation(측정값),651,
B-008,"NASA 해수면 상승 전망[SSP1, SSP2, SSP3, SSP4, SSP5]",observation,vnm-v121-b-008-obs-652-697ca422c8016a4d,B-008_rsl_1495_ssp585_q17,VNM,2020,0.02,m,,,,,,[전망치],IPCC AR6 Sea Level Projection Tool (NASA/IPCC),https://sealevel.nasa.gov/data_tools/17,기관 이용약관,B-008_NASA 해수면 상승 전망 (SSP 1~5).xlsx,1.1_observation(측정값),652,
B-008,"NASA 해수면 상승 전망[SSP1, SSP2, SSP3, SSP4, SSP5]",observation,vnm-v121-b-008-obs-653-f906e628b1845f36,B-008_rsl_1495_ssp585_q17,VNM,2030,0.061,m,,,,,,[전망치],IPCC AR6 Sea Level Projection Tool (NASA/IPCC),https://sealevel.nasa.gov/data_tools/17,기관 이용약관,B-008_NASA 해수면 상승 전망 (SSP 1~5).xlsx,1.1_observation(측정값),653,
B-008,"NASA 해수면 상승 전망[SSP1, SSP2, SSP3, SSP4, SSP5]",observation,vnm-v121-b-008-obs-654-2257923f5c97e2ee,B-008_rsl_1495_ssp585_q17,VNM,2040,0.106,m,,,,,,[전망치],IPCC AR6 Sea Level Projection Tool (NASA/IPCC),https://sealevel.nasa.gov/data_tools/17,기관 이용약관,B-008_NASA 해수면 상승 전망 (SSP 1~5).xlsx,1.1_observation(측정값),654,
B-008,"NASA 해수면 상승 전망[SSP1, SSP2, SSP3, SSP4, SSP5]",observation,vnm-v121-b-008-obs-655-c9eec59a480c857e,B-008_rsl_1495_ssp585_q17,VNM,2050,0.166,m,,,,,,[전망치],IPCC AR6 Sea Level Projection Tool (NASA/IPCC),https://sealevel.nasa.gov/data_tools/17,기관 이용약관,B-008_NASA 해수면 상승 전망 (SSP 1~5).xlsx,1.1_observation(측정값),655,
B-008,"NASA 해수면 상승 전망[SSP1, SSP2, SSP3, SSP4, SSP5]",observation,vnm-v121-b-008-obs-656-7bdcd3081f781d53,B-008_rsl_1495_ssp585_q17,VNM,2060,0.223,m,,,,,,[전망치],IPCC AR6 Sea Level Projection Tool (NASA/IPCC),https://sealevel.nasa.gov/data_tools/17,기관 이용약관,B-008_NASA 해수면 상승 전망 (SSP 1~5).xlsx,1.1_observation(측정값),656,
B-008,"NASA 해수면 상승 전망[SSP1, SSP2, SSP3, SSP4, SSP5]",observation,vnm-v121-b-008-obs-657-cdcb141e3a1c1f83,B-008_rsl_1495_ssp585_q17,VNM,2070,0.299,m,,,,,,[전망치],IPCC AR6 Sea Level Projection Tool (NASA/IPCC),https://sealevel.nasa.gov/data_tools/17,기관 이용약관,B-008_NASA 해수면 상승 전망 (SSP 1~5).xlsx,1.1_observation(측정값),657,
B-008,"NASA 해수면 상승 전망[SSP1, SSP2, SSP3, SSP4, SSP5]",observation,vnm-v121-b-008-obs-658-b5b45289ecccc94e,B-008_rsl_1495_ssp585_q17,VNM,2080,0.384,m,,,,,,[전망치],IPCC AR6 Sea Level Projection Tool (NASA/IPCC),https://sealevel.nasa.gov/data_tools/17,기관 이용약관,B-008_NASA 해수면 상승 전망 (SSP 1~5).xlsx,1.1_observation(측정값),658,
B-008,"NASA 해수면 상승 전망[SSP1, SSP2, SSP3, SSP4, SSP5]",observation,vnm-v121-b-008-obs-659-3d96d895ae2c5586,B-008_rsl_1495_ssp585_q17,VNM,2090,0.488,m,,,,,,[전망치],IPCC AR6 Sea Level Projection Tool (NASA/IPCC),https://sealevel.nasa.gov/data_tools/17,기관 이용약관,B-008_NASA 해수면 상승 전망 (SSP 1~5).xlsx,1.1_observation(측정값),659,
B-008,"NASA 해수면 상승 전망[SSP1, SSP2, SSP3, SSP4, SSP5]",observation,vnm-v121-b-008-obs-660-ac082fa3ea06978c,B-008_rsl_1495_ssp585_q17,VNM,2100,0.598,m,,,,,,[전망치],IPCC AR6 Sea Level Projection Tool (NASA/IPCC),https://sealevel.nasa.gov/data_tools/17,기관 이용약관,B-008_NASA 해수면 상승 전망 (SSP 1~5).xlsx,1.1_observation(측정값),660,
B-008,"NASA 해수면 상승 전망[SSP1, SSP2, SSP3, SSP4, SSP5]",observation,vnm-v121-b-008-obs-661-26696bd6c1d3b662,B-008_rsl_1495_ssp585_q50,VNM,2020,0.05,m,,,,,,[전망치],IPCC AR6 Sea Level Projection Tool (NASA/IPCC),https://sealevel.nasa.gov/data_tools/17,기관 이용약관,B-008_NASA 해수면 상승 전망 (SSP 1~5).xlsx,1.1_observation(측정값),661,
B-008,"NASA 해수면 상승 전망[SSP1, SSP2, SSP3, SSP4, SSP5]",observation,vnm-v121-b-008-obs-662-d4e923a34e75e344,B-008_rsl_1495_ssp585_q50,VNM,2030,0.104,m,,,,,,[전망치],IPCC AR6 Sea Level Projection Tool (NASA/IPCC),https://sealevel.nasa.gov/data_tools/17,기관 이용약관,B-008_NASA 해수면 상승 전망 (SSP 1~5).xlsx,1.1_observation(측정값),662,
B-008,"NASA 해수면 상승 전망[SSP1, SSP2, SSP3, SSP4, SSP5]",observation,vnm-v121-b-008-obs-663-4e3a772d76f69767,B-008_rsl_1495_ssp585_q50,VNM,2040,0.168,m,,,,,,[전망치],IPCC AR6 Sea Level Projection Tool (NASA/IPCC),https://sealevel.nasa.gov/data_tools/17,기관 이용약관,B-008_NASA 해수면 상승 전망 (SSP 1~5).xlsx,1.1_observation(측정값),663,
B-008,"NASA 해수면 상승 전망[SSP1, SSP2, SSP3, SSP4, SSP5]",observation,vnm-v121-b-008-obs-664-793935c99281ddbe,B-008_rsl_1495_ssp585_q50,VNM,2050,0.244,m,,,,,,[전망치],IPCC AR6 Sea Level Projection Tool (NASA/IPCC),https://sealevel.nasa.gov/data_tools/17,기관 이용약관,B-008_NASA 해수면 상승 전망 (SSP 1~5).xlsx,1.1_observation(측정값),664,
B-008,"NASA 해수면 상승 전망[SSP1, SSP2, SSP3, SSP4, SSP5]",observation,vnm-v121-b-008-obs-665-d944af397b7e575c,B-008_rsl_1495_ssp585_q50,VNM,2060,0.322,m,,,,,,[전망치],IPCC AR6 Sea Level Projection Tool (NASA/IPCC),https://sealevel.nasa.gov/data_tools/17,기관 이용약관,B-008_NASA 해수면 상승 전망 (SSP 1~5).xlsx,1.1_observation(측정값),665,
B-008,"NASA 해수면 상승 전망[SSP1, SSP2, SSP3, SSP4, SSP5]",observation,vnm-v121-b-008-obs-666-dc9106d9d255c8cf,B-008_rsl_1495_ssp585_q50,VNM,2070,0.422,m,,,,,,[전망치],IPCC AR6 Sea Level Projection Tool (NASA/IPCC),https://sealevel.nasa.gov/data_tools/17,기관 이용약관,B-008_NASA 해수면 상승 전망 (SSP 1~5).xlsx,1.1_observation(측정값),666,
B-008,"NASA 해수면 상승 전망[SSP1, SSP2, SSP3, SSP4, SSP5]",observation,vnm-v121-b-008-obs-667-c9ead9766571a4c9,B-008_rsl_1495_ssp585_q50,VNM,2080,0.534,m,,,,,,[전망치],IPCC AR6 Sea Level Projection Tool (NASA/IPCC),https://sealevel.nasa.gov/data_tools/17,기관 이용약관,B-008_NASA 해수면 상승 전망 (SSP 1~5).xlsx,1.1_observation(측정값),667,
B-008,"NASA 해수면 상승 전망[SSP1, SSP2, SSP3, SSP4, SSP5]",observation,vnm-v121-b-008-obs-668-09147cbc0038d2b6,B-008_rsl_1495_ssp585_q50,VNM,2090,0.666,m,,,,,,[전망치],IPCC AR6 Sea Level Projection Tool (NASA/IPCC),https://sealevel.nasa.gov/data_tools/17,기관 이용약관,B-008_NASA 해수면 상승 전망 (SSP 1~5).xlsx,1.1_observation(측정값),668,
B-008,"NASA 해수면 상승 전망[SSP1, SSP2, SSP3, SSP4, SSP5]",observation,vnm-v121-b-008-obs-669-0962bbf2f995bfb9,B-008_rsl_1495_ssp585_q50,VNM,2100,0.812,m,,,,,,[전망치],IPCC AR6 Sea Level Projection Tool (NASA/IPCC),https://sealevel.nasa.gov/data_tools/17,기관 이용약관,B-008_NASA 해수면 상승 전망 (SSP 1~5).xlsx,1.1_observation(측정값),669,
B-008,"NASA 해수면 상승 전망[SSP1, SSP2, SSP3, SSP4, SSP5]",observation,vnm-v121-b-008-obs-670-6372e40b46ae3142,B-008_rsl_1495_ssp585_q83,VNM,2020,0.084,m,,,,,,[전망치],IPCC AR6 Sea Level Projection Tool (NASA/IPCC),https://sealevel.nasa.gov/data_tools/17,기관 이용약관,B-008_NASA 해수면 상승 전망 (SSP 1~5).xlsx,1.1_observation(측정값),670,
B-008,"NASA 해수면 상승 전망[SSP1, SSP2, SSP3, SSP4, SSP5]",observation,vnm-v121-b-008-obs-671-830aaed84b7d4c79,B-008_rsl_1495_ssp585_q83,VNM,2030,0.153,m,,,,,,[전망치],IPCC AR6 Sea Level Projection Tool (NASA/IPCC),https://sealevel.nasa.gov/data_tools/17,기관 이용약관,B-008_NASA 해수면 상승 전망 (SSP 1~5).xlsx,1.1_observation(측정값),671,
B-008,"NASA 해수면 상승 전망[SSP1, SSP2, SSP3, SSP4, SSP5]",observation,vnm-v121-b-008-obs-672-68ce677d82fd6cc3,B-008_rsl_1495_ssp585_q83,VNM,2040,0.241,m,,,,,,[전망치],IPCC AR6 Sea Level Projection Tool (NASA/IPCC),https://sealevel.nasa.gov/data_tools/17,기관 이용약관,B-008_NASA 해수면 상승 전망 (SSP 1~5).xlsx,1.1_observation(측정값),672,
B-008,"NASA 해수면 상승 전망[SSP1, SSP2, SSP3, SSP4, SSP5]",observation,vnm-v121-b-008-obs-673-c8f0fcf2b6c04c98,B-008_rsl_1495_ssp585_q83,VNM,2050,0.34,m,,,,,,[전망치],IPCC AR6 Sea Level Projection Tool (NASA/IPCC),https://sealevel.nasa.gov/data_tools/17,기관 이용약관,B-008_NASA 해수면 상승 전망 (SSP 1~5).xlsx,1.1_observation(측정값),673,
B-008,"NASA 해수면 상승 전망[SSP1, SSP2, SSP3, SSP4, SSP5]",observation,vnm-v121-b-008-obs-674-e0846c02865dd89c,B-008_rsl_1495_ssp585_q83,VNM,2060,0.448,m,,,,,,[전망치],IPCC AR6 Sea Level Projection Tool (NASA/IPCC),https://sealevel.nasa.gov/data_tools/17,기관 이용약관,B-008_NASA 해수면 상승 전망 (SSP 1~5).xlsx,1.1_observation(측정값),674,
B-008,"NASA 해수면 상승 전망[SSP1, SSP2, SSP3, SSP4, SSP5]",observation,vnm-v121-b-008-obs-675-ca7d9cf7806d911c,B-008_rsl_1495_ssp585_q83,VNM,2070,0.584,m,,,,,,[전망치],IPCC AR6 Sea Level Projection Tool (NASA/IPCC),https://sealevel.nasa.gov/data_tools/17,기관 이용약관,B-008_NASA 해수면 상승 전망 (SSP 1~5).xlsx,1.1_observation(측정값),675,
B-008,"NASA 해수면 상승 전망[SSP1, SSP2, SSP3, SSP4, SSP5]",observation,vnm-v121-b-008-obs-676-70b947b12ed70b62,B-008_rsl_1495_ssp585_q83,VNM,2080,0.74,m,,,,,,[전망치],IPCC AR6 Sea Level Projection Tool (NASA/IPCC),https://sealevel.nasa.gov/data_tools/17,기관 이용약관,B-008_NASA 해수면 상승 전망 (SSP 1~5).xlsx,1.1_observation(측정값),676,
B-008,"NASA 해수면 상승 전망[SSP1, SSP2, SSP3, SSP4, SSP5]",observation,vnm-v121-b-008-obs-677-f7c22bbde0d82ba9,B-008_rsl_1495_ssp585_q83,VNM,2090,0.918,m,,,,,,[전망치],IPCC AR6 Sea Level Projection Tool (NASA/IPCC),https://sealevel.nasa.gov/data_tools/17,기관 이용약관,B-008_NASA 해수면 상승 전망 (SSP 1~5).xlsx,1.1_observation(측정값),677,
B-008,"NASA 해수면 상승 전망[SSP1, SSP2, SSP3, SSP4, SSP5]",observation,vnm-v121-b-008-obs-678-d48604bd3220f0df,B-008_rsl_1495_ssp585_q83,VNM,2100,1.122,m,,,,,,[전망치],IPCC AR6 Sea Level Projection Tool (NASA/IPCC),https://sealevel.nasa.gov/data_tools/17,기관 이용약관,B-008_NASA 해수면 상승 전망 (SSP 1~5).xlsx,1.1_observation(측정값),678,
B-008,"NASA 해수면 상승 전망[SSP1, SSP2, SSP3, SSP4, SSP5]",observation,vnm-v121-b-008-obs-679-278db9b214970d17,B-008_rsl_841_ssp119_q5,VNM,2020,0.026,m,,,,,,[전망치],IPCC AR6 Sea Level Projection Tool (NASA/IPCC),https://sealevel.nasa.gov/data_tools/17,기관 이용약관,B-008_NASA 해수면 상승 전망 (SSP 1~5).xlsx,1.1_observation(측정값),679,
B-008,"NASA 해수면 상승 전망[SSP1, SSP2, SSP3, SSP4, SSP5]",observation,vnm-v121-b-008-obs-680-4daaed6b6849125e,B-008_rsl_841_ssp119_q5,VNM,2030,0.047,m,,,,,,[전망치],IPCC AR6 Sea Level Projection Tool (NASA/IPCC),https://sealevel.nasa.gov/data_tools/17,기관 이용약관,B-008_NASA 해수면 상승 전망 (SSP 1~5).xlsx,1.1_observation(측정값),680,
B-008,"NASA 해수면 상승 전망[SSP1, SSP2, SSP3, SSP4, SSP5]",observation,vnm-v121-b-008-obs-681-cf0df4ba019608d7,B-008_rsl_841_ssp119_q5,VNM,2040,0.068,m,,,,,,[전망치],IPCC AR6 Sea Level Projection Tool (NASA/IPCC),https://sealevel.nasa.gov/data_tools/17,기관 이용약관,B-008_NASA 해수면 상승 전망 (SSP 1~5).xlsx,1.1_observation(측정값),681,
B-008,"NASA 해수면 상승 전망[SSP1, SSP2, SSP3, SSP4, SSP5]",observation,vnm-v121-b-008-obs-682-dfa5db4e578007ee,B-008_rsl_841_ssp119_q5,VNM,2050,0.106,m,,,,,,[전망치],IPCC AR6 Sea Level Projection Tool (NASA/IPCC),https://sealevel.nasa.gov/data_tools/17,기관 이용약관,B-008_NASA 해수면 상승 전망 (SSP 1~5).xlsx,1.1_observation(측정값),682,
B-008,"NASA 해수면 상승 전망[SSP1, SSP2, SSP3, SSP4, SSP5]",observation,vnm-v121-b-008-obs-683-dcf519581180c974,B-008_rsl_841_ssp119_q5,VNM,2060,0.119,m,,,,,,[전망치],IPCC AR6 Sea Level Projection Tool (NASA/IPCC),https://sealevel.nasa.gov/data_tools/17,기관 이용약관,B-008_NASA 해수면 상승 전망 (SSP 1~5).xlsx,1.1_observation(측정값),683,
B-008,"NASA 해수면 상승 전망[SSP1, SSP2, SSP3, SSP4, SSP5]",observation,vnm-v121-b-008-obs-684-8e0af6d16f702ea5,B-008_rsl_841_ssp119_q5,VNM,2070,0.134,m,,,,,,[전망치],IPCC AR6 Sea Level Projection Tool (NASA/IPCC),https://sealevel.nasa.gov/data_tools/17,기관 이용약관,B-008_NASA 해수면 상승 전망 (SSP 1~5).xlsx,1.1_observation(측정값),684,
B-008,"NASA 해수면 상승 전망[SSP1, SSP2, SSP3, SSP4, SSP5]",observation,vnm-v121-b-008-obs-685-eb75edd99cedc417,B-008_rsl_841_ssp119_q5,VNM,2080,0.146,m,,,,,,[전망치],IPCC AR6 Sea Level Projection Tool (NASA/IPCC),https://sealevel.nasa.gov/data_tools/17,기관 이용약관,B-008_NASA 해수면 상승 전망 (SSP 1~5).xlsx,1.1_observation(측정값),685,
B-008,"NASA 해수면 상승 전망[SSP1, SSP2, SSP3, SSP4, SSP5]",observation,vnm-v121-b-008-obs-686-fa65448e4edce3ed,B-008_rsl_841_ssp119_q5,VNM,2090,0.171,m,,,,,,[전망치],IPCC AR6 Sea Level Projection Tool (NASA/IPCC),https://sealevel.nasa.gov/data_tools/17,기관 이용약관,B-008_NASA 해수면 상승 전망 (SSP 1~5).xlsx,1.1_observation(측정값),686,
B-008,"NASA 해수면 상승 전망[SSP1, SSP2, SSP3, SSP4, SSP5]",observation,vnm-v121-b-008-obs-687-953a72de4fbae9c4,B-008_rsl_841_ssp119_q5,VNM,2100,0.137,m,,,,,,[전망치],IPCC AR6 Sea Level Projection Tool (NASA/IPCC),https://sealevel.nasa.gov/data_tools/17,기관 이용약관,B-008_NASA 해수면 상승 전망 (SSP 1~5).xlsx,1.1_observation(측정값),687,
B-008,"NASA 해수면 상승 전망[SSP1, SSP2, SSP3, SSP4, SSP5]",observation,vnm-v121-b-008-obs-688-feb67394ca945959,B-008_rsl_841_ssp119_q95,VNM,2020,0.089,m,,,,,,[전망치],IPCC AR6 Sea Level Projection Tool (NASA/IPCC),https://sealevel.nasa.gov/data_tools/17,기관 이용약관,B-008_NASA 해수면 상승 전망 (SSP 1~5).xlsx,1.1_observation(측정값),688,
B-008,"NASA 해수면 상승 전망[SSP1, SSP2, SSP3, SSP4, SSP5]",observation,vnm-v121-b-008-obs-689-48d6e9cff4396c41,B-008_rsl_841_ssp119_q95,VNM,2030,0.169,m,,,,,,[전망치],IPCC AR6 Sea Level Projection Tool (NASA/IPCC),https://sealevel.nasa.gov/data_tools/17,기관 이용약관,B-008_NASA 해수면 상승 전망 (SSP 1~5).xlsx,1.1_observation(측정값),689,
B-008,"NASA 해수면 상승 전망[SSP1, SSP2, SSP3, SSP4, SSP5]",observation,vnm-v121-b-008-obs-690-1f3f3f5f9edd5481,B-008_rsl_841_ssp119_q95,VNM,2040,0.24,m,,,,,,[전망치],IPCC AR6 Sea Level Projection Tool (NASA/IPCC),https://sealevel.nasa.gov/data_tools/17,기관 이용약관,B-008_NASA 해수면 상승 전망 (SSP 1~5).xlsx,1.1_observation(측정값),690,
B-008,"NASA 해수면 상승 전망[SSP1, SSP2, SSP3, SSP4, SSP5]",observation,vnm-v121-b-008-obs-691-b8219905e4bd06db,B-008_rsl_841_ssp119_q95,VNM,2050,0.326,m,,,,,,[전망치],IPCC AR6 Sea Level Projection Tool (NASA/IPCC),https://sealevel.nasa.gov/data_tools/17,기관 이용약관,B-008_NASA 해수면 상승 전망 (SSP 1~5).xlsx,1.1_observation(측정값),691,
B-008,"NASA 해수면 상승 전망[SSP1, SSP2, SSP3, SSP4, SSP5]",observation,vnm-v121-b-008-obs-692-af08678718c33038,B-008_rsl_841_ssp119_q95,VNM,2060,0.398,m,,,,,,[전망치],IPCC AR6 Sea Level Projection Tool (NASA/IPCC),https://sealevel.nasa.gov/data_tools/17,기관 이용약관,B-008_NASA 해수면 상승 전망 (SSP 1~5).xlsx,1.1_observation(측정값),692,
B-008,"NASA 해수면 상승 전망[SSP1, SSP2, SSP3, SSP4, SSP5]",observation,vnm-v121-b-008-obs-693-01bab200f1727795,B-008_rsl_841_ssp119_q95,VNM,2070,0.493,m,,,,,,[전망치],IPCC AR6 Sea Level Projection Tool (NASA/IPCC),https://sealevel.nasa.gov/data_tools/17,기관 이용약관,B-008_NASA 해수면 상승 전망 (SSP 1~5).xlsx,1.1_observation(측정값),693,
B-008,"NASA 해수면 상승 전망[SSP1, SSP2, SSP3, SSP4, SSP5]",observation,vnm-v121-b-008-obs-694-fbcc38fd9c9c88b1,B-008_rsl_841_ssp119_q95,VNM,2080,0.572,m,,,,,,[전망치],IPCC AR6 Sea Level Projection Tool (NASA/IPCC),https://sealevel.nasa.gov/data_tools/17,기관 이용약관,B-008_NASA 해수면 상승 전망 (SSP 1~5).xlsx,1.1_observation(측정값),694,
B-008,"NASA 해수면 상승 전망[SSP1, SSP2, SSP3, SSP4, SSP5]",observation,vnm-v121-b-008-obs-695-98afc0171bc3a87d,B-008_rsl_841_ssp119_q95,VNM,2090,0.663,m,,,,,,[전망치],IPCC AR6 Sea Level Projection Tool (NASA/IPCC),https://sealevel.nasa.gov/data_tools/17,기관 이용약관,B-008_NASA 해수면 상승 전망 (SSP 1~5).xlsx,1.1_observation(측정값),695,
B-008,"NASA 해수면 상승 전망[SSP1, SSP2, SSP3, SSP4, SSP5]",observation,vnm-v121-b-008-obs-696-90f5b599fd4bf4d1,B-008_rsl_841_ssp119_q95,VNM,2100,0.76,m,,,,,,[전망치],IPCC AR6 Sea Level Projection Tool (NASA/IPCC),https://sealevel.nasa.gov/data_tools/17,기관 이용약관,B-008_NASA 해수면 상승 전망 (SSP 1~5).xlsx,1.1_observation(측정값),696,
B-008,"NASA 해수면 상승 전망[SSP1, SSP2, SSP3, SSP4, SSP5]",observation,vnm-v121-b-008-obs-697-1d2cb4a1e4977f78,B-008_rsl_841_ssp126_q5,VNM,2020,-0.004,m,,,,,,[전망치],IPCC AR6 Sea Level Projection Tool (NASA/IPCC),https://sealevel.nasa.gov/data_tools/17,기관 이용약관,B-008_NASA 해수면 상승 전망 (SSP 1~5).xlsx,1.1_observation(측정값),697,
B-008,"NASA 해수면 상승 전망[SSP1, SSP2, SSP3, SSP4, SSP5]",observation,vnm-v121-b-008-obs-698-c89d617ee682f467,B-008_rsl_841_ssp126_q5,VNM,2030,0.025,m,,,,,,[전망치],IPCC AR6 Sea Level Projection Tool (NASA/IPCC),https://sealevel.nasa.gov/data_tools/17,기관 이용약관,B-008_NASA 해수면 상승 전망 (SSP 1~5).xlsx,1.1_observation(측정값),698,
B-008,"NASA 해수면 상승 전망[SSP1, SSP2, SSP3, SSP4, SSP5]",observation,vnm-v121-b-008-obs-699-802b58469cbad797,B-008_rsl_841_ssp126_q5,VNM,2040,0.063,m,,,,,,[전망치],IPCC AR6 Sea Level Projection Tool (NASA/IPCC),https://sealevel.nasa.gov/data_tools/17,기관 이용약관,B-008_NASA 해수면 상승 전망 (SSP 1~5).xlsx,1.1_observation(측정값),699,
B-008,"NASA 해수면 상승 전망[SSP1, SSP2, SSP3, SSP4, SSP5]",observation,vnm-v121-b-008-obs-700-c04595c2a462d467,B-008_rsl_841_ssp126_q5,VNM,2050,0.101,m,,,,,,[전망치],IPCC AR6 Sea Level Projection Tool (NASA/IPCC),https://sealevel.nasa.gov/data_tools/17,기관 이용약관,B-008_NASA 해수면 상승 전망 (SSP 1~5).xlsx,1.1_observation(측정값),700,
B-008,"NASA 해수면 상승 전망[SSP1, SSP2, SSP3, SSP4, SSP5]",observation,vnm-v121-b-008-obs-701-b39b0f38e7958e49,B-008_rsl_841_ssp126_q5,VNM,2060,0.128,m,,,,,,[전망치],IPCC AR6 Sea Level Projection Tool (NASA/IPCC),https://sealevel.nasa.gov/data_tools/17,기관 이용약관,B-008_NASA 해수면 상승 전망 (SSP 1~5).xlsx,1.1_observation(측정값),701,
B-008,"NASA 해수면 상승 전망[SSP1, SSP2, SSP3, SSP4, SSP5]",observation,vnm-v121-b-008-obs-702-662c99f2d2c16076,B-008_rsl_841_ssp126_q5,VNM,2070,0.164,m,,,,,,[전망치],IPCC AR6 Sea Level Projection Tool (NASA/IPCC),https://sealevel.nasa.gov/data_tools/17,기관 이용약관,B-008_NASA 해수면 상승 전망 (SSP 1~5).xlsx,1.1_observation(측정값),702,
B-008,"NASA 해수면 상승 전망[SSP1, SSP2, SSP3, SSP4, SSP5]",observation,vnm-v121-b-008-obs-703-0b644eca16a68d49,B-008_rsl_841_ssp126_q5,VNM,2080,0.183,m,,,,,,[전망치],IPCC AR6 Sea Level Projection Tool (NASA/IPCC),https://sealevel.nasa.gov/data_tools/17,기관 이용약관,B-008_NASA 해수면 상승 전망 (SSP 1~5).xlsx,1.1_observation(측정값),703,
B-008,"NASA 해수면 상승 전망[SSP1, SSP2, SSP3, SSP4, SSP5]",observation,vnm-v121-b-008-obs-704-afbb461a095a84cc,B-008_rsl_841_ssp126_q5,VNM,2090,0.203,m,,,,,,[전망치],IPCC AR6 Sea Level Projection Tool (NASA/IPCC),https://sealevel.nasa.gov/data_tools/17,기관 이용약관,B-008_NASA 해수면 상승 전망 (SSP 1~5).xlsx,1.1_observation(측정값),704,
B-008,"NASA 해수면 상승 전망[SSP1, SSP2, SSP3, SSP4, SSP5]",observation,vnm-v121-b-008-obs-705-480a9c317052f3c3,B-008_rsl_841_ssp126_q5,VNM,2100,0.188,m,,,,,,[전망치],IPCC AR6 Sea Level Projection Tool (NASA/IPCC),https://sealevel.nasa.gov/data_tools/17,기관 이용약관,B-008_NASA 해수면 상승 전망 (SSP 1~5).xlsx,1.1_observation(측정값),705,
B-008,"NASA 해수면 상승 전망[SSP1, SSP2, SSP3, SSP4, SSP5]",observation,vnm-v121-b-008-obs-706-2d9a24feb6403f55,B-008_rsl_841_ssp126_q95,VNM,2020,0.107,m,,,,,,[전망치],IPCC AR6 Sea Level Projection Tool (NASA/IPCC),https://sealevel.nasa.gov/data_tools/17,기관 이용약관,B-008_NASA 해수면 상승 전망 (SSP 1~5).xlsx,1.1_observation(측정값),706,
B-008,"NASA 해수면 상승 전망[SSP1, SSP2, SSP3, SSP4, SSP5]",observation,vnm-v121-b-008-obs-707-f7c95f597e1f5681,B-008_rsl_841_ssp126_q95,VNM,2030,0.173,m,,,,,,[전망치],IPCC AR6 Sea Level Projection Tool (NASA/IPCC),https://sealevel.nasa.gov/data_tools/17,기관 이용약관,B-008_NASA 해수면 상승 전망 (SSP 1~5).xlsx,1.1_observation(측정값),707,
B-008,"NASA 해수면 상승 전망[SSP1, SSP2, SSP3, SSP4, SSP5]",observation,vnm-v121-b-008-obs-708-071ed5bff5741058,B-008_rsl_841_ssp126_q95,VNM,2040,0.239,m,,,,,,[전망치],IPCC AR6 Sea Level Projection Tool (NASA/IPCC),https://sealevel.nasa.gov/data_tools/17,기관 이용약관,B-008_NASA 해수면 상승 전망 (SSP 1~5).xlsx,1.1_observation(측정값),708,
B-008,"NASA 해수면 상승 전망[SSP1, SSP2, SSP3, SSP4, SSP5]",observation,vnm-v121-b-008-obs-709-ef3ccba2b2e96d15,B-008_rsl_841_ssp126_q95,VNM,2050,0.329,m,,,,,,[전망치],IPCC AR6 Sea Level Projection Tool (NASA/IPCC),https://sealevel.nasa.gov/data_tools/17,기관 이용약관,B-008_NASA 해수면 상승 전망 (SSP 1~5).xlsx,1.1_observation(측정값),709,
B-008,"NASA 해수면 상승 전망[SSP1, SSP2, SSP3, SSP4, SSP5]",observation,vnm-v121-b-008-obs-710-597c7de9eb7b17d7,B-008_rsl_841_ssp126_q95,VNM,2060,0.415,m,,,,,,[전망치],IPCC AR6 Sea Level Projection Tool (NASA/IPCC),https://sealevel.nasa.gov/data_tools/17,기관 이용약관,B-008_NASA 해수면 상승 전망 (SSP 1~5).xlsx,1.1_observation(측정값),710,
B-008,"NASA 해수면 상승 전망[SSP1, SSP2, SSP3, SSP4, SSP5]",observation,vnm-v121-b-008-obs-711-475b96a6ba993682,B-008_rsl_841_ssp126_q95,VNM,2070,0.517,m,,,,,,[전망치],IPCC AR6 Sea Level Projection Tool (NASA/IPCC),https://sealevel.nasa.gov/data_tools/17,기관 이용약관,B-008_NASA 해수면 상승 전망 (SSP 1~5).xlsx,1.1_observation(측정값),711,
B-008,"NASA 해수면 상승 전망[SSP1, SSP2, SSP3, SSP4, SSP5]",observation,vnm-v121-b-008-obs-712-6ae10c93d4db6f60,B-008_rsl_841_ssp126_q95,VNM,2080,0.62,m,,,,,,[전망치],IPCC AR6 Sea Level Projection Tool (NASA/IPCC),https://sealevel.nasa.gov/data_tools/17,기관 이용약관,B-008_NASA 해수면 상승 전망 (SSP 1~5).xlsx,1.1_observation(측정값),712,
B-008,"NASA 해수면 상승 전망[SSP1, SSP2, SSP3, SSP4, SSP5]",observation,vnm-v121-b-008-obs-713-6848066115f6068f,B-008_rsl_841_ssp126_q95,VNM,2090,0.716,m,,,,,,[전망치],IPCC AR6 Sea Level Projection Tool (NASA/IPCC),https://sealevel.nasa.gov/data_tools/17,기관 이용약관,B-008_NASA 해수면 상승 전망 (SSP 1~5).xlsx,1.1_observation(측정값),713,
B-008,"NASA 해수면 상승 전망[SSP1, SSP2, SSP3, SSP4, SSP5]",observation,vnm-v121-b-008-obs-714-97987a3733d41a43,B-008_rsl_841_ssp126_q95,VNM,2100,0.824,m,,,,,,[전망치],IPCC AR6 Sea Level Projection Tool (NASA/IPCC),https://sealevel.nasa.gov/data_tools/17,기관 이용약관,B-008_NASA 해수면 상승 전망 (SSP 1~5).xlsx,1.1_observation(측정값),714,
B-008,"NASA 해수면 상승 전망[SSP1, SSP2, SSP3, SSP4, SSP5]",observation,vnm-v121-b-008-obs-715-7b45cccf86afe9d7,B-008_rsl_841_ssp245_q5,VNM,2020,0.007,m,,,,,,[전망치],IPCC AR6 Sea Level Projection Tool (NASA/IPCC),https://sealevel.nasa.gov/data_tools/17,기관 이용약관,B-008_NASA 해수면 상승 전망 (SSP 1~5).xlsx,1.1_observation(측정값),715,
B-008,"NASA 해수면 상승 전망[SSP1, SSP2, SSP3, SSP4, SSP5]",observation,vnm-v121-b-008-obs-716-1392018c4643eee5,B-008_rsl_841_ssp245_q5,VNM,2030,0.035,m,,,,,,[전망치],IPCC AR6 Sea Level Projection Tool (NASA/IPCC),https://sealevel.nasa.gov/data_tools/17,기관 이용약관,B-008_NASA 해수면 상승 전망 (SSP 1~5).xlsx,1.1_observation(측정값),716,
B-008,"NASA 해수면 상승 전망[SSP1, SSP2, SSP3, SSP4, SSP5]",observation,vnm-v121-b-008-obs-717-baa4fee6727faa6e,B-008_rsl_841_ssp245_q5,VNM,2040,0.067,m,,,,,,[전망치],IPCC AR6 Sea Level Projection Tool (NASA/IPCC),https://sealevel.nasa.gov/data_tools/17,기관 이용약관,B-008_NASA 해수면 상승 전망 (SSP 1~5).xlsx,1.1_observation(측정값),717,
B-008,"NASA 해수면 상승 전망[SSP1, SSP2, SSP3, SSP4, SSP5]",observation,vnm-v121-b-008-obs-718-dc239965a953b797,B-008_rsl_841_ssp245_q5,VNM,2050,0.113,m,,,,,,[전망치],IPCC AR6 Sea Level Projection Tool (NASA/IPCC),https://sealevel.nasa.gov/data_tools/17,기관 이용약관,B-008_NASA 해수면 상승 전망 (SSP 1~5).xlsx,1.1_observation(측정값),718,
B-008,"NASA 해수면 상승 전망[SSP1, SSP2, SSP3, SSP4, SSP5]",observation,vnm-v121-b-008-obs-719-14b3c464fc77b33a,B-008_rsl_841_ssp245_q5,VNM,2060,0.151,m,,,,,,[전망치],IPCC AR6 Sea Level Projection Tool (NASA/IPCC),https://sealevel.nasa.gov/data_tools/17,기관 이용약관,B-008_NASA 해수면 상승 전망 (SSP 1~5).xlsx,1.1_observation(측정값),719,
B-008,"NASA 해수면 상승 전망[SSP1, SSP2, SSP3, SSP4, SSP5]",observation,vnm-v121-b-008-obs-720-d465b068eba3e700,B-008_rsl_841_ssp245_q5,VNM,2070,0.189,m,,,,,,[전망치],IPCC AR6 Sea Level Projection Tool (NASA/IPCC),https://sealevel.nasa.gov/data_tools/17,기관 이용약관,B-008_NASA 해수면 상승 전망 (SSP 1~5).xlsx,1.1_observation(측정값),720,
B-008,"NASA 해수면 상승 전망[SSP1, SSP2, SSP3, SSP4, SSP5]",observation,vnm-v121-b-008-obs-721-674bfd32364cb1a8,B-008_rsl_841_ssp245_q5,VNM,2080,0.226,m,,,,,,[전망치],IPCC AR6 Sea Level Projection Tool (NASA/IPCC),https://sealevel.nasa.gov/data_tools/17,기관 이용약관,B-008_NASA 해수면 상승 전망 (SSP 1~5).xlsx,1.1_observation(측정값),721,
B-008,"NASA 해수면 상승 전망[SSP1, SSP2, SSP3, SSP4, SSP5]",observation,vnm-v121-b-008-obs-722-4910be18b2105a27,B-008_rsl_841_ssp245_q5,VNM,2090,0.265,m,,,,,,[전망치],IPCC AR6 Sea Level Projection Tool (NASA/IPCC),https://sealevel.nasa.gov/data_tools/17,기관 이용약관,B-008_NASA 해수면 상승 전망 (SSP 1~5).xlsx,1.1_observation(측정값),722,
B-008,"NASA 해수면 상승 전망[SSP1, SSP2, SSP3, SSP4, SSP5]",observation,vnm-v121-b-008-obs-723-5ce7cc1b159930c0,B-008_rsl_841_ssp245_q5,VNM,2100,0.321,m,,,,,,[전망치],IPCC AR6 Sea Level Projection Tool (NASA/IPCC),https://sealevel.nasa.gov/data_tools/17,기관 이용약관,B-008_NASA 해수면 상승 전망 (SSP 1~5).xlsx,1.1_observation(측정값),723,
B-008,"NASA 해수면 상승 전망[SSP1, SSP2, SSP3, SSP4, SSP5]",observation,vnm-v121-b-008-obs-724-b6c0b22be83febc3,B-008_rsl_841_ssp245_q95,VNM,2020,0.096,m,,,,,,[전망치],IPCC AR6 Sea Level Projection Tool (NASA/IPCC),https://sealevel.nasa.gov/data_tools/17,기관 이용약관,B-008_NASA 해수면 상승 전망 (SSP 1~5).xlsx,1.1_observation(측정값),724,
B-008,"NASA 해수면 상승 전망[SSP1, SSP2, SSP3, SSP4, SSP5]",observation,vnm-v121-b-008-obs-725-5e35d15387ee0ba4,B-008_rsl_841_ssp245_q95,VNM,2030,0.164,m,,,,,,[전망치],IPCC AR6 Sea Level Projection Tool (NASA/IPCC),https://sealevel.nasa.gov/data_tools/17,기관 이용약관,B-008_NASA 해수면 상승 전망 (SSP 1~5).xlsx,1.1_observation(측정값),725,
B-008,"NASA 해수면 상승 전망[SSP1, SSP2, SSP3, SSP4, SSP5]",observation,vnm-v121-b-008-obs-726-c6d29ab558da95d8,B-008_rsl_841_ssp245_q95,VNM,2040,0.241,m,,,,,,[전망치],IPCC AR6 Sea Level Projection Tool (NASA/IPCC),https://sealevel.nasa.gov/data_tools/17,기관 이용약관,B-008_NASA 해수면 상승 전망 (SSP 1~5).xlsx,1.1_observation(측정값),726,
B-008,"NASA 해수면 상승 전망[SSP1, SSP2, SSP3, SSP4, SSP5]",observation,vnm-v121-b-008-obs-727-afffbbc1f04eca3d,B-008_rsl_841_ssp245_q95,VNM,2050,0.342,m,,,,,,[전망치],IPCC AR6 Sea Level Projection Tool (NASA/IPCC),https://sealevel.nasa.gov/data_tools/17,기관 이용약관,B-008_NASA 해수면 상승 전망 (SSP 1~5).xlsx,1.1_observation(측정값),727,
B-008,"NASA 해수면 상승 전망[SSP1, SSP2, SSP3, SSP4, SSP5]",observation,vnm-v121-b-008-obs-728-7f1cbbaeb5d1b791,B-008_rsl_841_ssp245_q95,VNM,2060,0.447,m,,,,,,[전망치],IPCC AR6 Sea Level Projection Tool (NASA/IPCC),https://sealevel.nasa.gov/data_tools/17,기관 이용약관,B-008_NASA 해수면 상승 전망 (SSP 1~5).xlsx,1.1_observation(측정값),728,
B-008,"NASA 해수면 상승 전망[SSP1, SSP2, SSP3, SSP4, SSP5]",observation,vnm-v121-b-008-obs-729-fb7f15f2b4f56413,B-008_rsl_841_ssp245_q95,VNM,2070,0.567,m,,,,,,[전망치],IPCC AR6 Sea Level Projection Tool (NASA/IPCC),https://sealevel.nasa.gov/data_tools/17,기관 이용약관,B-008_NASA 해수면 상승 전망 (SSP 1~5).xlsx,1.1_observation(측정값),729,
B-008,"NASA 해수면 상승 전망[SSP1, SSP2, SSP3, SSP4, SSP5]",observation,vnm-v121-b-008-obs-730-0e03693b06048474,B-008_rsl_841_ssp245_q95,VNM,2080,0.693,m,,,,,,[전망치],IPCC AR6 Sea Level Projection Tool (NASA/IPCC),https://sealevel.nasa.gov/data_tools/17,기관 이용약관,B-008_NASA 해수면 상승 전망 (SSP 1~5).xlsx,1.1_observation(측정값),730,
B-008,"NASA 해수면 상승 전망[SSP1, SSP2, SSP3, SSP4, SSP5]",observation,vnm-v121-b-008-obs-731-715f13abd054482f,B-008_rsl_841_ssp245_q95,VNM,2090,0.834,m,,,,,,[전망치],IPCC AR6 Sea Level Projection Tool (NASA/IPCC),https://sealevel.nasa.gov/data_tools/17,기관 이용약관,B-008_NASA 해수면 상승 전망 (SSP 1~5).xlsx,1.1_observation(측정값),731,
B-008,"NASA 해수면 상승 전망[SSP1, SSP2, SSP3, SSP4, SSP5]",observation,vnm-v121-b-008-obs-732-94656419607d8200,B-008_rsl_841_ssp245_q95,VNM,2100,1.003,m,,,,,,[전망치],IPCC AR6 Sea Level Projection Tool (NASA/IPCC),https://sealevel.nasa.gov/data_tools/17,기관 이용약관,B-008_NASA 해수면 상승 전망 (SSP 1~5).xlsx,1.1_observation(측정값),732,
B-008,"NASA 해수면 상승 전망[SSP1, SSP2, SSP3, SSP4, SSP5]",observation,vnm-v121-b-008-obs-733-61c69c89a11237c1,B-008_rsl_841_ssp370_q5,VNM,2020,0.002,m,,,,,,[전망치],IPCC AR6 Sea Level Projection Tool (NASA/IPCC),https://sealevel.nasa.gov/data_tools/17,기관 이용약관,B-008_NASA 해수면 상승 전망 (SSP 1~5).xlsx,1.1_observation(측정값),733,
B-008,"NASA 해수면 상승 전망[SSP1, SSP2, SSP3, SSP4, SSP5]",observation,vnm-v121-b-008-obs-734-df16b2184ae4c996,B-008_rsl_841_ssp370_q5,VNM,2030,0.031,m,,,,,,[전망치],IPCC AR6 Sea Level Projection Tool (NASA/IPCC),https://sealevel.nasa.gov/data_tools/17,기관 이용약관,B-008_NASA 해수면 상승 전망 (SSP 1~5).xlsx,1.1_observation(측정값),734,
B-008,"NASA 해수면 상승 전망[SSP1, SSP2, SSP3, SSP4, SSP5]",observation,vnm-v121-b-008-obs-735-62e3ad06c7d68519,B-008_rsl_841_ssp370_q5,VNM,2040,0.067,m,,,,,,[전망치],IPCC AR6 Sea Level Projection Tool (NASA/IPCC),https://sealevel.nasa.gov/data_tools/17,기관 이용약관,B-008_NASA 해수면 상승 전망 (SSP 1~5).xlsx,1.1_observation(측정값),735,
B-008,"NASA 해수면 상승 전망[SSP1, SSP2, SSP3, SSP4, SSP5]",observation,vnm-v121-b-008-obs-736-f76c5014bd556885,B-008_rsl_841_ssp370_q5,VNM,2050,0.112,m,,,,,,[전망치],IPCC AR6 Sea Level Projection Tool (NASA/IPCC),https://sealevel.nasa.gov/data_tools/17,기관 이용약관,B-008_NASA 해수면 상승 전망 (SSP 1~5).xlsx,1.1_observation(측정값),736,
B-008,"NASA 해수면 상승 전망[SSP1, SSP2, SSP3, SSP4, SSP5]",observation,vnm-v121-b-008-obs-737-40466e3c67a3759b,B-008_rsl_841_ssp370_q5,VNM,2060,0.155,m,,,,,,[전망치],IPCC AR6 Sea Level Projection Tool (NASA/IPCC),https://sealevel.nasa.gov/data_tools/17,기관 이용약관,B-008_NASA 해수면 상승 전망 (SSP 1~5).xlsx,1.1_observation(측정값),737,
B-008,"NASA 해수면 상승 전망[SSP1, SSP2, SSP3, SSP4, SSP5]",observation,vnm-v121-b-008-obs-738-0010e915dac988dc,B-008_rsl_841_ssp370_q5,VNM,2070,0.212,m,,,,,,[전망치],IPCC AR6 Sea Level Projection Tool (NASA/IPCC),https://sealevel.nasa.gov/data_tools/17,기관 이용약관,B-008_NASA 해수면 상승 전망 (SSP 1~5).xlsx,1.1_observation(측정값),738,
B-008,"NASA 해수면 상승 전망[SSP1, SSP2, SSP3, SSP4, SSP5]",observation,vnm-v121-b-008-obs-739-facfbc94f2767cb1,B-008_rsl_841_ssp370_q5,VNM,2080,0.269,m,,,,,,[전망치],IPCC AR6 Sea Level Projection Tool (NASA/IPCC),https://sealevel.nasa.gov/data_tools/17,기관 이용약관,B-008_NASA 해수면 상승 전망 (SSP 1~5).xlsx,1.1_observation(측정값),739,
B-008,"NASA 해수면 상승 전망[SSP1, SSP2, SSP3, SSP4, SSP5]",observation,vnm-v121-b-008-obs-740-4f4db73460fb388c,B-008_rsl_841_ssp370_q5,VNM,2090,0.341,m,,,,,,[전망치],IPCC AR6 Sea Level Projection Tool (NASA/IPCC),https://sealevel.nasa.gov/data_tools/17,기관 이용약관,B-008_NASA 해수면 상승 전망 (SSP 1~5).xlsx,1.1_observation(측정값),740,
B-008,"NASA 해수면 상승 전망[SSP1, SSP2, SSP3, SSP4, SSP5]",observation,vnm-v121-b-008-obs-741-c6be7453092aabca,B-008_rsl_841_ssp370_q5,VNM,2100,0.407,m,,,,,,[전망치],IPCC AR6 Sea Level Projection Tool (NASA/IPCC),https://sealevel.nasa.gov/data_tools/17,기관 이용약관,B-008_NASA 해수면 상승 전망 (SSP 1~5).xlsx,1.1_observation(측정값),741,
B-008,"NASA 해수면 상승 전망[SSP1, SSP2, SSP3, SSP4, SSP5]",observation,vnm-v121-b-008-obs-742-e94d08ea0a299be8,B-008_rsl_841_ssp370_q95,VNM,2020,0.093,m,,,,,,[전망치],IPCC AR6 Sea Level Projection Tool (NASA/IPCC),https://sealevel.nasa.gov/data_tools/17,기관 이용약관,B-008_NASA 해수면 상승 전망 (SSP 1~5).xlsx,1.1_observation(측정값),742,
B-008,"NASA 해수면 상승 전망[SSP1, SSP2, SSP3, SSP4, SSP5]",observation,vnm-v121-b-008-obs-743-4e242643b731d687,B-008_rsl_841_ssp370_q95,VNM,2030,0.163,m,,,,,,[전망치],IPCC AR6 Sea Level Projection Tool (NASA/IPCC),https://sealevel.nasa.gov/data_tools/17,기관 이용약관,B-008_NASA 해수면 상승 전망 (SSP 1~5).xlsx,1.1_observation(측정값),743,
B-008,"NASA 해수면 상승 전망[SSP1, SSP2, SSP3, SSP4, SSP5]",observation,vnm-v121-b-008-obs-744-f705b3ea5b0f557d,B-008_rsl_841_ssp370_q95,VNM,2040,0.244,m,,,,,,[전망치],IPCC AR6 Sea Level Projection Tool (NASA/IPCC),https://sealevel.nasa.gov/data_tools/17,기관 이용약관,B-008_NASA 해수면 상승 전망 (SSP 1~5).xlsx,1.1_observation(측정값),744,
B-008,"NASA 해수면 상승 전망[SSP1, SSP2, SSP3, SSP4, SSP5]",observation,vnm-v121-b-008-obs-745-23b4360f964ed83d,B-008_rsl_841_ssp370_q95,VNM,2050,0.35,m,,,,,,[전망치],IPCC AR6 Sea Level Projection Tool (NASA/IPCC),https://sealevel.nasa.gov/data_tools/17,기관 이용약관,B-008_NASA 해수면 상승 전망 (SSP 1~5).xlsx,1.1_observation(측정값),745,
B-008,"NASA 해수면 상승 전망[SSP1, SSP2, SSP3, SSP4, SSP5]",observation,vnm-v121-b-008-obs-746-6c52becdfea164be,B-008_rsl_841_ssp370_q95,VNM,2060,0.461,m,,,,,,[전망치],IPCC AR6 Sea Level Projection Tool (NASA/IPCC),https://sealevel.nasa.gov/data_tools/17,기관 이용약관,B-008_NASA 해수면 상승 전망 (SSP 1~5).xlsx,1.1_observation(측정값),746,
B-008,"NASA 해수면 상승 전망[SSP1, SSP2, SSP3, SSP4, SSP5]",observation,vnm-v121-b-008-obs-747-52306b940f9f2efa,B-008_rsl_841_ssp370_q95,VNM,2070,0.599,m,,,,,,[전망치],IPCC AR6 Sea Level Projection Tool (NASA/IPCC),https://sealevel.nasa.gov/data_tools/17,기관 이용약관,B-008_NASA 해수면 상승 전망 (SSP 1~5).xlsx,1.1_observation(측정값),747,
B-008,"NASA 해수면 상승 전망[SSP1, SSP2, SSP3, SSP4, SSP5]",observation,vnm-v121-b-008-obs-748-7fb3855da90f6317,B-008_rsl_841_ssp370_q95,VNM,2080,0.761,m,,,,,,[전망치],IPCC AR6 Sea Level Projection Tool (NASA/IPCC),https://sealevel.nasa.gov/data_tools/17,기관 이용약관,B-008_NASA 해수면 상승 전망 (SSP 1~5).xlsx,1.1_observation(측정값),748,
B-008,"NASA 해수면 상승 전망[SSP1, SSP2, SSP3, SSP4, SSP5]",observation,vnm-v121-b-008-obs-749-a4579ea18c42c2a7,B-008_rsl_841_ssp370_q95,VNM,2090,0.941,m,,,,,,[전망치],IPCC AR6 Sea Level Projection Tool (NASA/IPCC),https://sealevel.nasa.gov/data_tools/17,기관 이용약관,B-008_NASA 해수면 상승 전망 (SSP 1~5).xlsx,1.1_observation(측정값),749,
B-008,"NASA 해수면 상승 전망[SSP1, SSP2, SSP3, SSP4, SSP5]",observation,vnm-v121-b-008-obs-750-cda7e9ca32f82359,B-008_rsl_841_ssp370_q95,VNM,2100,1.153,m,,,,,,[전망치],IPCC AR6 Sea Level Projection Tool (NASA/IPCC),https://sealevel.nasa.gov/data_tools/17,기관 이용약관,B-008_NASA 해수면 상승 전망 (SSP 1~5).xlsx,1.1_observation(측정값),750,
B-008,"NASA 해수면 상승 전망[SSP1, SSP2, SSP3, SSP4, SSP5]",observation,vnm-v121-b-008-obs-751-d20e20138c2e9a5e,B-008_rsl_841_ssp585_q5,VNM,2020,0.009,m,,,,,,[전망치],IPCC AR6 Sea Level Projection Tool (NASA/IPCC),https://sealevel.nasa.gov/data_tools/17,기관 이용약관,B-008_NASA 해수면 상승 전망 (SSP 1~5).xlsx,1.1_observation(측정값),751,
B-008,"NASA 해수면 상승 전망[SSP1, SSP2, SSP3, SSP4, SSP5]",observation,vnm-v121-b-008-obs-752-055a751441ba75df,B-008_rsl_841_ssp585_q5,VNM,2030,0.041,m,,,,,,[전망치],IPCC AR6 Sea Level Projection Tool (NASA/IPCC),https://sealevel.nasa.gov/data_tools/17,기관 이용약관,B-008_NASA 해수면 상승 전망 (SSP 1~5).xlsx,1.1_observation(측정값),752,
B-008,"NASA 해수면 상승 전망[SSP1, SSP2, SSP3, SSP4, SSP5]",observation,vnm-v121-b-008-obs-753-aacb57680513fb6f,B-008_rsl_841_ssp585_q5,VNM,2040,0.081,m,,,,,,[전망치],IPCC AR6 Sea Level Projection Tool (NASA/IPCC),https://sealevel.nasa.gov/data_tools/17,기관 이용약관,B-008_NASA 해수면 상승 전망 (SSP 1~5).xlsx,1.1_observation(측정값),753,
B-008,"NASA 해수면 상승 전망[SSP1, SSP2, SSP3, SSP4, SSP5]",observation,vnm-v121-b-008-obs-754-9edcb8f6d0d6ade6,B-008_rsl_841_ssp585_q5,VNM,2050,0.134,m,,,,,,[전망치],IPCC AR6 Sea Level Projection Tool (NASA/IPCC),https://sealevel.nasa.gov/data_tools/17,기관 이용약관,B-008_NASA 해수면 상승 전망 (SSP 1~5).xlsx,1.1_observation(측정값),754,
B-008,"NASA 해수면 상승 전망[SSP1, SSP2, SSP3, SSP4, SSP5]",observation,vnm-v121-b-008-obs-755-c9ffc74cd63bca39,B-008_rsl_841_ssp585_q5,VNM,2060,0.188,m,,,,,,[전망치],IPCC AR6 Sea Level Projection Tool (NASA/IPCC),https://sealevel.nasa.gov/data_tools/17,기관 이용약관,B-008_NASA 해수면 상승 전망 (SSP 1~5).xlsx,1.1_observation(측정값),755,
B-008,"NASA 해수면 상승 전망[SSP1, SSP2, SSP3, SSP4, SSP5]",observation,vnm-v121-b-008-obs-756-0983ed2c17bfca49,B-008_rsl_841_ssp585_q5,VNM,2070,0.259,m,,,,,,[전망치],IPCC AR6 Sea Level Projection Tool (NASA/IPCC),https://sealevel.nasa.gov/data_tools/17,기관 이용약관,B-008_NASA 해수면 상승 전망 (SSP 1~5).xlsx,1.1_observation(측정값),756,
B-008,"NASA 해수면 상승 전망[SSP1, SSP2, SSP3, SSP4, SSP5]",observation,vnm-v121-b-008-obs-757-6a36def7c63b0a6b,B-008_rsl_841_ssp585_q5,VNM,2080,0.331,m,,,,,,[전망치],IPCC AR6 Sea Level Projection Tool (NASA/IPCC),https://sealevel.nasa.gov/data_tools/17,기관 이용약관,B-008_NASA 해수면 상승 전망 (SSP 1~5).xlsx,1.1_observation(측정값),757,
B-008,"NASA 해수면 상승 전망[SSP1, SSP2, SSP3, SSP4, SSP5]",observation,vnm-v121-b-008-obs-758-4f1b3e80e2cf609b,B-008_rsl_841_ssp585_q5,VNM,2090,0.418,m,,,,,,[전망치],IPCC AR6 Sea Level Projection Tool (NASA/IPCC),https://sealevel.nasa.gov/data_tools/17,기관 이용약관,B-008_NASA 해수면 상승 전망 (SSP 1~5).xlsx,1.1_observation(측정값),758,
B-008,"NASA 해수면 상승 전망[SSP1, SSP2, SSP3, SSP4, SSP5]",observation,vnm-v121-b-008-obs-759-5561cce82aa5bc38,B-008_rsl_841_ssp585_q5,VNM,2100,0.5,m,,,,,,[전망치],IPCC AR6 Sea Level Projection Tool (NASA/IPCC),https://sealevel.nasa.gov/data_tools/17,기관 이용약관,B-008_NASA 해수면 상승 전망 (SSP 1~5).xlsx,1.1_observation(측정값),759,
B-008,"NASA 해수면 상승 전망[SSP1, SSP2, SSP3, SSP4, SSP5]",observation,vnm-v121-b-008-obs-760-10cc4bcb0d1a4b26,B-008_rsl_841_ssp585_q95,VNM,2020,0.094,m,,,,,,[전망치],IPCC AR6 Sea Level Projection Tool (NASA/IPCC),https://sealevel.nasa.gov/data_tools/17,기관 이용약관,B-008_NASA 해수면 상승 전망 (SSP 1~5).xlsx,1.1_observation(측정값),760,
B-008,"NASA 해수면 상승 전망[SSP1, SSP2, SSP3, SSP4, SSP5]",observation,vnm-v121-b-008-obs-761-92fad7d6ade8f9aa,B-008_rsl_841_ssp585_q95,VNM,2030,0.169,m,,,,,,[전망치],IPCC AR6 Sea Level Projection Tool (NASA/IPCC),https://sealevel.nasa.gov/data_tools/17,기관 이용약관,B-008_NASA 해수면 상승 전망 (SSP 1~5).xlsx,1.1_observation(측정값),761,
B-008,"NASA 해수면 상승 전망[SSP1, SSP2, SSP3, SSP4, SSP5]",observation,vnm-v121-b-008-obs-762-548147daca47aa2e,B-008_rsl_841_ssp585_q95,VNM,2040,0.264,m,,,,,,[전망치],IPCC AR6 Sea Level Projection Tool (NASA/IPCC),https://sealevel.nasa.gov/data_tools/17,기관 이용약관,B-008_NASA 해수면 상승 전망 (SSP 1~5).xlsx,1.1_observation(측정값),762,
B-008,"NASA 해수면 상승 전망[SSP1, SSP2, SSP3, SSP4, SSP5]",observation,vnm-v121-b-008-obs-763-39c35d54fc05940d,B-008_rsl_841_ssp585_q95,VNM,2050,0.38,m,,,,,,[전망치],IPCC AR6 Sea Level Projection Tool (NASA/IPCC),https://sealevel.nasa.gov/data_tools/17,기관 이용약관,B-008_NASA 해수면 상승 전망 (SSP 1~5).xlsx,1.1_observation(측정값),763,
B-008,"NASA 해수면 상승 전망[SSP1, SSP2, SSP3, SSP4, SSP5]",observation,vnm-v121-b-008-obs-764-05e38bf3dccbe3ad,B-008_rsl_841_ssp585_q95,VNM,2060,0.503,m,,,,,,[전망치],IPCC AR6 Sea Level Projection Tool (NASA/IPCC),https://sealevel.nasa.gov/data_tools/17,기관 이용약관,B-008_NASA 해수면 상승 전망 (SSP 1~5).xlsx,1.1_observation(측정값),764,
B-008,"NASA 해수면 상승 전망[SSP1, SSP2, SSP3, SSP4, SSP5]",observation,vnm-v121-b-008-obs-765-d26291982c861735,B-008_rsl_841_ssp585_q95,VNM,2070,0.663,m,,,,,,[전망치],IPCC AR6 Sea Level Projection Tool (NASA/IPCC),https://sealevel.nasa.gov/data_tools/17,기관 이용약관,B-008_NASA 해수면 상승 전망 (SSP 1~5).xlsx,1.1_observation(측정값),765,
B-008,"NASA 해수면 상승 전망[SSP1, SSP2, SSP3, SSP4, SSP5]",observation,vnm-v121-b-008-obs-766-d9ba34fa8f900db9,B-008_rsl_841_ssp585_q95,VNM,2080,0.849,m,,,,,,[전망치],IPCC AR6 Sea Level Projection Tool (NASA/IPCC),https://sealevel.nasa.gov/data_tools/17,기관 이용약관,B-008_NASA 해수면 상승 전망 (SSP 1~5).xlsx,1.1_observation(측정값),766,
B-008,"NASA 해수면 상승 전망[SSP1, SSP2, SSP3, SSP4, SSP5]",observation,vnm-v121-b-008-obs-767-d5ca4b3dd1c8acc6,B-008_rsl_841_ssp585_q95,VNM,2090,1.067,m,,,,,,[전망치],IPCC AR6 Sea Level Projection Tool (NASA/IPCC),https://sealevel.nasa.gov/data_tools/17,기관 이용약관,B-008_NASA 해수면 상승 전망 (SSP 1~5).xlsx,1.1_observation(측정값),767,
B-008,"NASA 해수면 상승 전망[SSP1, SSP2, SSP3, SSP4, SSP5]",observation,vnm-v121-b-008-obs-768-9e42d616c7fa33b7,B-008_rsl_841_ssp585_q95,VNM,2100,1.308,m,,,,,,[전망치],IPCC AR6 Sea Level Projection Tool (NASA/IPCC),https://sealevel.nasa.gov/data_tools/17,기관 이용약관,B-008_NASA 해수면 상승 전망 (SSP 1~5).xlsx,1.1_observation(측정값),768,
B-008,"NASA 해수면 상승 전망[SSP1, SSP2, SSP3, SSP4, SSP5]",observation,vnm-v121-b-008-obs-769-9873a8fc831e5717,B-008_rsl_low_841_ssp126_q5,VNM,2020,-0.004,m,,,,,,[전망치],IPCC AR6 Sea Level Projection Tool (NASA/IPCC),https://sealevel.nasa.gov/data_tools/17,기관 이용약관,B-008_NASA 해수면 상승 전망 (SSP 1~5).xlsx,1.1_observation(측정값),769,
B-008,"NASA 해수면 상승 전망[SSP1, SSP2, SSP3, SSP4, SSP5]",observation,vnm-v121-b-008-obs-770-2b2dce88561eedab,B-008_rsl_low_841_ssp126_q5,VNM,2030,0.025,m,,,,,,[전망치],IPCC AR6 Sea Level Projection Tool (NASA/IPCC),https://sealevel.nasa.gov/data_tools/17,기관 이용약관,B-008_NASA 해수면 상승 전망 (SSP 1~5).xlsx,1.1_observation(측정값),770,
B-008,"NASA 해수면 상승 전망[SSP1, SSP2, SSP3, SSP4, SSP5]",observation,vnm-v121-b-008-obs-771-7db849067fcfa792,B-008_rsl_low_841_ssp126_q5,VNM,2040,0.063,m,,,,,,[전망치],IPCC AR6 Sea Level Projection Tool (NASA/IPCC),https://sealevel.nasa.gov/data_tools/17,기관 이용약관,B-008_NASA 해수면 상승 전망 (SSP 1~5).xlsx,1.1_observation(측정값),771,
B-008,"NASA 해수면 상승 전망[SSP1, SSP2, SSP3, SSP4, SSP5]",observation,vnm-v121-b-008-obs-772-2cd7497a97a77dcd,B-008_rsl_low_841_ssp126_q5,VNM,2050,0.101,m,,,,,,[전망치],IPCC AR6 Sea Level Projection Tool (NASA/IPCC),https://sealevel.nasa.gov/data_tools/17,기관 이용약관,B-008_NASA 해수면 상승 전망 (SSP 1~5).xlsx,1.1_observation(측정값),772,
B-008,"NASA 해수면 상승 전망[SSP1, SSP2, SSP3, SSP4, SSP5]",observation,vnm-v121-b-008-obs-773-664a051d0134dce6,B-008_rsl_low_841_ssp126_q5,VNM,2060,0.128,m,,,,,,[전망치],IPCC AR6 Sea Level Projection Tool (NASA/IPCC),https://sealevel.nasa.gov/data_tools/17,기관 이용약관,B-008_NASA 해수면 상승 전망 (SSP 1~5).xlsx,1.1_observation(측정값),773,
B-008,"NASA 해수면 상승 전망[SSP1, SSP2, SSP3, SSP4, SSP5]",observation,vnm-v121-b-008-obs-774-09da51add1d3f488,B-008_rsl_low_841_ssp126_q5,VNM,2070,0.164,m,,,,,,[전망치],IPCC AR6 Sea Level Projection Tool (NASA/IPCC),https://sealevel.nasa.gov/data_tools/17,기관 이용약관,B-008_NASA 해수면 상승 전망 (SSP 1~5).xlsx,1.1_observation(측정값),774,
B-008,"NASA 해수면 상승 전망[SSP1, SSP2, SSP3, SSP4, SSP5]",observation,vnm-v121-b-008-obs-775-d34fd7992e13e8a6,B-008_rsl_low_841_ssp126_q5,VNM,2080,0.183,m,,,,,,[전망치],IPCC AR6 Sea Level Projection Tool (NASA/IPCC),https://sealevel.nasa.gov/data_tools/17,기관 이용약관,B-008_NASA 해수면 상승 전망 (SSP 1~5).xlsx,1.1_observation(측정값),775,
B-008,"NASA 해수면 상승 전망[SSP1, SSP2, SSP3, SSP4, SSP5]",observation,vnm-v121-b-008-obs-776-0406c43090ba2144,B-008_rsl_low_841_ssp126_q5,VNM,2090,0.203,m,,,,,,[전망치],IPCC AR6 Sea Level Projection Tool (NASA/IPCC),https://sealevel.nasa.gov/data_tools/17,기관 이용약관,B-008_NASA 해수면 상승 전망 (SSP 1~5).xlsx,1.1_observation(측정값),776,
B-008,"NASA 해수면 상승 전망[SSP1, SSP2, SSP3, SSP4, SSP5]",observation,vnm-v121-b-008-obs-777-913e31304b0fea10,B-008_rsl_low_841_ssp126_q5,VNM,2100,0.188,m,,,,,,[전망치],IPCC AR6 Sea Level Projection Tool (NASA/IPCC),https://sealevel.nasa.gov/data_tools/17,기관 이용약관,B-008_NASA 해수면 상승 전망 (SSP 1~5).xlsx,1.1_observation(측정값),777,
B-008,"NASA 해수면 상승 전망[SSP1, SSP2, SSP3, SSP4, SSP5]",observation,vnm-v121-b-008-obs-778-2b267948b4920ba6,B-008_rsl_low_841_ssp126_q17,VNM,2020,0.018,m,,,,,,[전망치],IPCC AR6 Sea Level Projection Tool (NASA/IPCC),https://sealevel.nasa.gov/data_tools/17,기관 이용약관,B-008_NASA 해수면 상승 전망 (SSP 1~5).xlsx,1.1_observation(측정값),778,
B-008,"NASA 해수면 상승 전망[SSP1, SSP2, SSP3, SSP4, SSP5]",observation,vnm-v121-b-008-obs-779-e412028818dad818,B-008_rsl_low_841_ssp126_q17,VNM,2030,0.052,m,,,,,,[전망치],IPCC AR6 Sea Level Projection Tool (NASA/IPCC),https://sealevel.nasa.gov/data_tools/17,기관 이용약관,B-008_NASA 해수면 상승 전망 (SSP 1~5).xlsx,1.1_observation(측정값),779,
B-008,"NASA 해수면 상승 전망[SSP1, SSP2, SSP3, SSP4, SSP5]",observation,vnm-v121-b-008-obs-780-5478853c5a545bb6,B-008_rsl_low_841_ssp126_q17,VNM,2040,0.091,m,,,,,,[전망치],IPCC AR6 Sea Level Projection Tool (NASA/IPCC),https://sealevel.nasa.gov/data_tools/17,기관 이용약관,B-008_NASA 해수면 상승 전망 (SSP 1~5).xlsx,1.1_observation(측정값),780,
B-008,"NASA 해수면 상승 전망[SSP1, SSP2, SSP3, SSP4, SSP5]",observation,vnm-v121-b-008-obs-781-553230dab4e7a2eb,B-008_rsl_low_841_ssp126_q17,VNM,2050,0.136,m,,,,,,[전망치],IPCC AR6 Sea Level Projection Tool (NASA/IPCC),https://sealevel.nasa.gov/data_tools/17,기관 이용약관,B-008_NASA 해수면 상승 전망 (SSP 1~5).xlsx,1.1_observation(측정값),781,
B-008,"NASA 해수면 상승 전망[SSP1, SSP2, SSP3, SSP4, SSP5]",observation,vnm-v121-b-008-obs-782-1731f787b99691ce,B-008_rsl_low_841_ssp126_q17,VNM,2060,0.169,m,,,,,,[전망치],IPCC AR6 Sea Level Projection Tool (NASA/IPCC),https://sealevel.nasa.gov/data_tools/17,기관 이용약관,B-008_NASA 해수면 상승 전망 (SSP 1~5).xlsx,1.1_observation(측정값),782,
B-008,"NASA 해수면 상승 전망[SSP1, SSP2, SSP3, SSP4, SSP5]",observation,vnm-v121-b-008-obs-783-a67cfcc8e4c548cc,B-008_rsl_low_841_ssp126_q17,VNM,2070,0.212,m,,,,,,[전망치],IPCC AR6 Sea Level Projection Tool (NASA/IPCC),https://sealevel.nasa.gov/data_tools/17,기관 이용약관,B-008_NASA 해수면 상승 전망 (SSP 1~5).xlsx,1.1_observation(측정값),783,
B-008,"NASA 해수면 상승 전망[SSP1, SSP2, SSP3, SSP4, SSP5]",observation,vnm-v121-b-008-obs-784-2151fc95659d2ce3,B-008_rsl_low_841_ssp126_q17,VNM,2080,0.241,m,,,,,,[전망치],IPCC AR6 Sea Level Projection Tool (NASA/IPCC),https://sealevel.nasa.gov/data_tools/17,기관 이용약관,B-008_NASA 해수면 상승 전망 (SSP 1~5).xlsx,1.1_observation(측정값),784,
B-008,"NASA 해수면 상승 전망[SSP1, SSP2, SSP3, SSP4, SSP5]",observation,vnm-v121-b-008-obs-785-5f711d3d6a17ecfc,B-008_rsl_low_841_ssp126_q17,VNM,2090,0.272,m,,,,,,[전망치],IPCC AR6 Sea Level Projection Tool (NASA/IPCC),https://sealevel.nasa.gov/data_tools/17,기관 이용약관,B-008_NASA 해수면 상승 전망 (SSP 1~5).xlsx,1.1_observation(측정값),785,
B-008,"NASA 해수면 상승 전망[SSP1, SSP2, SSP3, SSP4, SSP5]",observation,vnm-v121-b-008-obs-786-dae7816b729c5fad,B-008_rsl_low_841_ssp126_q17,VNM,2100,0.278,m,,,,,,[전망치],IPCC AR6 Sea Level Projection Tool (NASA/IPCC),https://sealevel.nasa.gov/data_tools/17,기관 이용약관,B-008_NASA 해수면 상승 전망 (SSP 1~5).xlsx,1.1_observation(측정값),786,
B-008,"NASA 해수면 상승 전망[SSP1, SSP2, SSP3, SSP4, SSP5]",observation,vnm-v121-b-008-obs-787-dea61f6c86553bc9,B-008_rsl_low_841_ssp126_q50,VNM,2020,0.052,m,,,,,,[전망치],IPCC AR6 Sea Level Projection Tool (NASA/IPCC),https://sealevel.nasa.gov/data_tools/17,기관 이용약관,B-008_NASA 해수면 상승 전망 (SSP 1~5).xlsx,1.1_observation(측정값),787,
B-008,"NASA 해수면 상승 전망[SSP1, SSP2, SSP3, SSP4, SSP5]",observation,vnm-v121-b-008-obs-788-c873426d5bc19434,B-008_rsl_low_841_ssp126_q50,VNM,2030,0.096,m,,,,,,[전망치],IPCC AR6 Sea Level Projection Tool (NASA/IPCC),https://sealevel.nasa.gov/data_tools/17,기관 이용약관,B-008_NASA 해수면 상승 전망 (SSP 1~5).xlsx,1.1_observation(측정값),788,
B-008,"NASA 해수면 상승 전망[SSP1, SSP2, SSP3, SSP4, SSP5]",observation,vnm-v121-b-008-obs-789-2a5f6d2b5c410125,B-008_rsl_low_841_ssp126_q50,VNM,2040,0.143,m,,,,,,[전망치],IPCC AR6 Sea Level Projection Tool (NASA/IPCC),https://sealevel.nasa.gov/data_tools/17,기관 이용약관,B-008_NASA 해수면 상승 전망 (SSP 1~5).xlsx,1.1_observation(측정값),789,
B-008,"NASA 해수면 상승 전망[SSP1, SSP2, SSP3, SSP4, SSP5]",observation,vnm-v121-b-008-obs-790-05fc6ad2823c2f50,B-008_rsl_low_841_ssp126_q50,VNM,2050,0.2,m,,,,,,[전망치],IPCC AR6 Sea Level Projection Tool (NASA/IPCC),https://sealevel.nasa.gov/data_tools/17,기관 이용약관,B-008_NASA 해수면 상승 전망 (SSP 1~5).xlsx,1.1_observation(측정값),790,
B-008,"NASA 해수면 상승 전망[SSP1, SSP2, SSP3, SSP4, SSP5]",observation,vnm-v121-b-008-obs-791-2742be3fc2f476e5,B-008_rsl_low_841_ssp126_q50,VNM,2060,0.249,m,,,,,,[전망치],IPCC AR6 Sea Level Projection Tool (NASA/IPCC),https://sealevel.nasa.gov/data_tools/17,기관 이용약관,B-008_NASA 해수면 상승 전망 (SSP 1~5).xlsx,1.1_observation(측정값),791,
B-008,"NASA 해수면 상승 전망[SSP1, SSP2, SSP3, SSP4, SSP5]",observation,vnm-v121-b-008-obs-792-2d3dd764a7eaff89,B-008_rsl_low_841_ssp126_q50,VNM,2070,0.308,m,,,,,,[전망치],IPCC AR6 Sea Level Projection Tool (NASA/IPCC),https://sealevel.nasa.gov/data_tools/17,기관 이용약관,B-008_NASA 해수면 상승 전망 (SSP 1~5).xlsx,1.1_observation(측정값),792,
B-008,"NASA 해수면 상승 전망[SSP1, SSP2, SSP3, SSP4, SSP5]",observation,vnm-v121-b-008-obs-793-65f0b6c8633eb623,B-008_rsl_low_841_ssp126_q50,VNM,2080,0.36,m,,,,,,[전망치],IPCC AR6 Sea Level Projection Tool (NASA/IPCC),https://sealevel.nasa.gov/data_tools/17,기관 이용약관,B-008_NASA 해수면 상승 전망 (SSP 1~5).xlsx,1.1_observation(측정값),793,
B-008,"NASA 해수면 상승 전망[SSP1, SSP2, SSP3, SSP4, SSP5]",observation,vnm-v121-b-008-obs-794-59ef819d5d142ece,B-008_rsl_low_841_ssp126_q50,VNM,2090,0.41,m,,,,,,[전망치],IPCC AR6 Sea Level Projection Tool (NASA/IPCC),https://sealevel.nasa.gov/data_tools/17,기관 이용약관,B-008_NASA 해수면 상승 전망 (SSP 1~5).xlsx,1.1_observation(측정값),794,
B-008,"NASA 해수면 상승 전망[SSP1, SSP2, SSP3, SSP4, SSP5]",observation,vnm-v121-b-008-obs-795-4a8a938261cce679,B-008_rsl_low_841_ssp126_q50,VNM,2100,0.454,m,,,,,,[전망치],IPCC AR6 Sea Level Projection Tool (NASA/IPCC),https://sealevel.nasa.gov/data_tools/17,기관 이용약관,B-008_NASA 해수면 상승 전망 (SSP 1~5).xlsx,1.1_observation(측정값),795,
B-008,"NASA 해수면 상승 전망[SSP1, SSP2, SSP3, SSP4, SSP5]",observation,vnm-v121-b-008-obs-796-d906de110fc7d239,B-008_rsl_low_841_ssp126_q83,VNM,2020,0.091,m,,,,,,[전망치],IPCC AR6 Sea Level Projection Tool (NASA/IPCC),https://sealevel.nasa.gov/data_tools/17,기관 이용약관,B-008_NASA 해수면 상승 전망 (SSP 1~5).xlsx,1.1_observation(측정값),796,
B-008,"NASA 해수면 상승 전망[SSP1, SSP2, SSP3, SSP4, SSP5]",observation,vnm-v121-b-008-obs-797-26402ed3372eab1f,B-008_rsl_low_841_ssp126_q83,VNM,2030,0.157,m,,,,,,[전망치],IPCC AR6 Sea Level Projection Tool (NASA/IPCC),https://sealevel.nasa.gov/data_tools/17,기관 이용약관,B-008_NASA 해수면 상승 전망 (SSP 1~5).xlsx,1.1_observation(측정값),797,
B-008,"NASA 해수면 상승 전망[SSP1, SSP2, SSP3, SSP4, SSP5]",observation,vnm-v121-b-008-obs-798-0f5311ef4d33c166,B-008_rsl_low_841_ssp126_q83,VNM,2040,0.236,m,,,,,,[전망치],IPCC AR6 Sea Level Projection Tool (NASA/IPCC),https://sealevel.nasa.gov/data_tools/17,기관 이용약관,B-008_NASA 해수면 상승 전망 (SSP 1~5).xlsx,1.1_observation(측정값),798,
B-008,"NASA 해수면 상승 전망[SSP1, SSP2, SSP3, SSP4, SSP5]",observation,vnm-v121-b-008-obs-799-2d4bda57524a3f5b,B-008_rsl_low_841_ssp126_q83,VNM,2050,0.33,m,,,,,,[전망치],IPCC AR6 Sea Level Projection Tool (NASA/IPCC),https://sealevel.nasa.gov/data_tools/17,기관 이용약관,B-008_NASA 해수면 상승 전망 (SSP 1~5).xlsx,1.1_observation(측정값),799,
B-008,"NASA 해수면 상승 전망[SSP1, SSP2, SSP3, SSP4, SSP5]",observation,vnm-v121-b-008-obs-800-0bf72b6a1afc4f58,B-008_rsl_low_841_ssp126_q83,VNM,2060,0.421,m,,,,,,[전망치],IPCC AR6 Sea Level Projection Tool (NASA/IPCC),https://sealevel.nasa.gov/data_tools/17,기관 이용약관,B-008_NASA 해수면 상승 전망 (SSP 1~5).xlsx,1.1_observation(측정값),800,
B-008,"NASA 해수면 상승 전망[SSP1, SSP2, SSP3, SSP4, SSP5]",observation,vnm-v121-b-008-obs-801-d39b379972fc0b62,B-008_rsl_low_841_ssp126_q83,VNM,2070,0.517,m,,,,,,[전망치],IPCC AR6 Sea Level Projection Tool (NASA/IPCC),https://sealevel.nasa.gov/data_tools/17,기관 이용약관,B-008_NASA 해수면 상승 전망 (SSP 1~5).xlsx,1.1_observation(측정값),801,
B-008,"NASA 해수면 상승 전망[SSP1, SSP2, SSP3, SSP4, SSP5]",observation,vnm-v121-b-008-obs-802-a31e36b3b7a70844,B-008_rsl_low_841_ssp126_q83,VNM,2080,0.616,m,,,,,,[전망치],IPCC AR6 Sea Level Projection Tool (NASA/IPCC),https://sealevel.nasa.gov/data_tools/17,기관 이용약관,B-008_NASA 해수면 상승 전망 (SSP 1~5).xlsx,1.1_observation(측정값),802,
B-008,"NASA 해수면 상승 전망[SSP1, SSP2, SSP3, SSP4, SSP5]",observation,vnm-v121-b-008-obs-803-93af8ce3cdafdf27,B-008_rsl_low_841_ssp126_q83,VNM,2090,0.72,m,,,,,,[전망치],IPCC AR6 Sea Level Projection Tool (NASA/IPCC),https://sealevel.nasa.gov/data_tools/17,기관 이용약관,B-008_NASA 해수면 상승 전망 (SSP 1~5).xlsx,1.1_observation(측정값),803,
B-008,"NASA 해수면 상승 전망[SSP1, SSP2, SSP3, SSP4, SSP5]",observation,vnm-v121-b-008-obs-804-e42129e939b92629,B-008_rsl_low_841_ssp126_q83,VNM,2100,0.828,m,,,,,,[전망치],IPCC AR6 Sea Level Projection Tool (NASA/IPCC),https://sealevel.nasa.gov/data_tools/17,기관 이용약관,B-008_NASA 해수면 상승 전망 (SSP 1~5).xlsx,1.1_observation(측정값),804,
B-008,"NASA 해수면 상승 전망[SSP1, SSP2, SSP3, SSP4, SSP5]",observation,vnm-v121-b-008-obs-805-381564b731eefc5c,B-008_rsl_low_841_ssp126_q95,VNM,2020,0.114,m,,,,,,[전망치],IPCC AR6 Sea Level Projection Tool (NASA/IPCC),https://sealevel.nasa.gov/data_tools/17,기관 이용약관,B-008_NASA 해수면 상승 전망 (SSP 1~5).xlsx,1.1_observation(측정값),805,
B-008,"NASA 해수면 상승 전망[SSP1, SSP2, SSP3, SSP4, SSP5]",observation,vnm-v121-b-008-obs-806-6991597feb8c67cb,B-008_rsl_low_841_ssp126_q95,VNM,2030,0.194,m,,,,,,[전망치],IPCC AR6 Sea Level Projection Tool (NASA/IPCC),https://sealevel.nasa.gov/data_tools/17,기관 이용약관,B-008_NASA 해수면 상승 전망 (SSP 1~5).xlsx,1.1_observation(측정값),806,
B-008,"NASA 해수면 상승 전망[SSP1, SSP2, SSP3, SSP4, SSP5]",observation,vnm-v121-b-008-obs-807-73f34c685b0c120f,B-008_rsl_low_841_ssp126_q95,VNM,2040,0.301,m,,,,,,[전망치],IPCC AR6 Sea Level Projection Tool (NASA/IPCC),https://sealevel.nasa.gov/data_tools/17,기관 이용약관,B-008_NASA 해수면 상승 전망 (SSP 1~5).xlsx,1.1_observation(측정값),807,
B-008,"NASA 해수면 상승 전망[SSP1, SSP2, SSP3, SSP4, SSP5]",observation,vnm-v121-b-008-obs-808-b98186eaa8e065ef,B-008_rsl_low_841_ssp126_q95,VNM,2050,0.426,m,,,,,,[전망치],IPCC AR6 Sea Level Projection Tool (NASA/IPCC),https://sealevel.nasa.gov/data_tools/17,기관 이용약관,B-008_NASA 해수면 상승 전망 (SSP 1~5).xlsx,1.1_observation(측정값),808,
B-008,"NASA 해수면 상승 전망[SSP1, SSP2, SSP3, SSP4, SSP5]",observation,vnm-v121-b-008-obs-809-80cc95c7e05f6551,B-008_rsl_low_841_ssp126_q95,VNM,2060,0.545,m,,,,,,[전망치],IPCC AR6 Sea Level Projection Tool (NASA/IPCC),https://sealevel.nasa.gov/data_tools/17,기관 이용약관,B-008_NASA 해수면 상승 전망 (SSP 1~5).xlsx,1.1_observation(측정값),809,
B-008,"NASA 해수면 상승 전망[SSP1, SSP2, SSP3, SSP4, SSP5]",observation,vnm-v121-b-008-obs-810-291c73e25eb3065d,B-008_rsl_low_841_ssp126_q95,VNM,2070,0.673,m,,,,,,[전망치],IPCC AR6 Sea Level Projection Tool (NASA/IPCC),https://sealevel.nasa.gov/data_tools/17,기관 이용약관,B-008_NASA 해수면 상승 전망 (SSP 1~5).xlsx,1.1_observation(측정값),810,
B-008,"NASA 해수면 상승 전망[SSP1, SSP2, SSP3, SSP4, SSP5]",observation,vnm-v121-b-008-obs-811-ae9a2e65cf1e535b,B-008_rsl_low_841_ssp126_q95,VNM,2080,0.82,m,,,,,,[전망치],IPCC AR6 Sea Level Projection Tool (NASA/IPCC),https://sealevel.nasa.gov/data_tools/17,기관 이용약관,B-008_NASA 해수면 상승 전망 (SSP 1~5).xlsx,1.1_observation(측정값),811,
B-008,"NASA 해수면 상승 전망[SSP1, SSP2, SSP3, SSP4, SSP5]",observation,vnm-v121-b-008-obs-812-25e1119848d63e06,B-008_rsl_low_841_ssp126_q95,VNM,2090,0.981,m,,,,,,[전망치],IPCC AR6 Sea Level Projection Tool (NASA/IPCC),https://sealevel.nasa.gov/data_tools/17,기관 이용약관,B-008_NASA 해수면 상승 전망 (SSP 1~5).xlsx,1.1_observation(측정값),812,
B-008,"NASA 해수면 상승 전망[SSP1, SSP2, SSP3, SSP4, SSP5]",observation,vnm-v121-b-008-obs-813-ac4d3907995c95a1,B-008_rsl_low_841_ssp126_q95,VNM,2100,1.143,m,,,,,,[전망치],IPCC AR6 Sea Level Projection Tool (NASA/IPCC),https://sealevel.nasa.gov/data_tools/17,기관 이용약관,B-008_NASA 해수면 상승 전망 (SSP 1~5).xlsx,1.1_observation(측정값),813,
B-008,"NASA 해수면 상승 전망[SSP1, SSP2, SSP3, SSP4, SSP5]",observation,vnm-v121-b-008-obs-814-c5bc98a5b66b13cf,B-008_rsl_low_841_ssp585_q5,VNM,2020,0.009,m,,,,,,[전망치],IPCC AR6 Sea Level Projection Tool (NASA/IPCC),https://sealevel.nasa.gov/data_tools/17,기관 이용약관,B-008_NASA 해수면 상승 전망 (SSP 1~5).xlsx,1.1_observation(측정값),814,
B-008,"NASA 해수면 상승 전망[SSP1, SSP2, SSP3, SSP4, SSP5]",observation,vnm-v121-b-008-obs-815-ff1b15c72d077c87,B-008_rsl_low_841_ssp585_q5,VNM,2030,0.04,m,,,,,,[전망치],IPCC AR6 Sea Level Projection Tool (NASA/IPCC),https://sealevel.nasa.gov/data_tools/17,기관 이용약관,B-008_NASA 해수면 상승 전망 (SSP 1~5).xlsx,1.1_observation(측정값),815,
B-008,"NASA 해수면 상승 전망[SSP1, SSP2, SSP3, SSP4, SSP5]",observation,vnm-v121-b-008-obs-816-4694a2f07d34f931,B-008_rsl_low_841_ssp585_q5,VNM,2040,0.077,m,,,,,,[전망치],IPCC AR6 Sea Level Projection Tool (NASA/IPCC),https://sealevel.nasa.gov/data_tools/17,기관 이용약관,B-008_NASA 해수면 상승 전망 (SSP 1~5).xlsx,1.1_observation(측정값),816,
B-008,"NASA 해수면 상승 전망[SSP1, SSP2, SSP3, SSP4, SSP5]",observation,vnm-v121-b-008-obs-817-cd0f1000e97a8beb,B-008_rsl_low_841_ssp585_q5,VNM,2050,0.13,m,,,,,,[전망치],IPCC AR6 Sea Level Projection Tool (NASA/IPCC),https://sealevel.nasa.gov/data_tools/17,기관 이용약관,B-008_NASA 해수면 상승 전망 (SSP 1~5).xlsx,1.1_observation(측정값),817,
B-008,"NASA 해수면 상승 전망[SSP1, SSP2, SSP3, SSP4, SSP5]",observation,vnm-v121-b-008-obs-818-7bdf09339d9aca4b,B-008_rsl_low_841_ssp585_q5,VNM,2060,0.184,m,,,,,,[전망치],IPCC AR6 Sea Level Projection Tool (NASA/IPCC),https://sealevel.nasa.gov/data_tools/17,기관 이용약관,B-008_NASA 해수면 상승 전망 (SSP 1~5).xlsx,1.1_observation(측정값),818,
B-008,"NASA 해수면 상승 전망[SSP1, SSP2, SSP3, SSP4, SSP5]",observation,vnm-v121-b-008-obs-819-f65714aee60825f4,B-008_rsl_low_841_ssp585_q5,VNM,2070,0.259,m,,,,,,[전망치],IPCC AR6 Sea Level Projection Tool (NASA/IPCC),https://sealevel.nasa.gov/data_tools/17,기관 이용약관,B-008_NASA 해수면 상승 전망 (SSP 1~5).xlsx,1.1_observation(측정값),819,
B-008,"NASA 해수면 상승 전망[SSP1, SSP2, SSP3, SSP4, SSP5]",observation,vnm-v121-b-008-obs-820-5fb9e92455828d1b,B-008_rsl_low_841_ssp585_q5,VNM,2080,0.331,m,,,,,,[전망치],IPCC AR6 Sea Level Projection Tool (NASA/IPCC),https://sealevel.nasa.gov/data_tools/17,기관 이용약관,B-008_NASA 해수면 상승 전망 (SSP 1~5).xlsx,1.1_observation(측정값),820,
B-008,"NASA 해수면 상승 전망[SSP1, SSP2, SSP3, SSP4, SSP5]",observation,vnm-v121-b-008-obs-821-f63e0b6a3782d020,B-008_rsl_low_841_ssp585_q5,VNM,2090,0.418,m,,,,,,[전망치],IPCC AR6 Sea Level Projection Tool (NASA/IPCC),https://sealevel.nasa.gov/data_tools/17,기관 이용약관,B-008_NASA 해수면 상승 전망 (SSP 1~5).xlsx,1.1_observation(측정값),821,
B-008,"NASA 해수면 상승 전망[SSP1, SSP2, SSP3, SSP4, SSP5]",observation,vnm-v121-b-008-obs-822-6a8cfc1ee70985e2,B-008_rsl_low_841_ssp585_q5,VNM,2100,0.5,m,,,,,,[전망치],IPCC AR6 Sea Level Projection Tool (NASA/IPCC),https://sealevel.nasa.gov/data_tools/17,기관 이용약관,B-008_NASA 해수면 상승 전망 (SSP 1~5).xlsx,1.1_observation(측정값),822,
B-008,"NASA 해수면 상승 전망[SSP1, SSP2, SSP3, SSP4, SSP5]",observation,vnm-v121-b-008-obs-823-401f32de9d255602,B-008_rsl_low_841_ssp585_q17,VNM,2020,0.025,m,,,,,,[전망치],IPCC AR6 Sea Level Projection Tool (NASA/IPCC),https://sealevel.nasa.gov/data_tools/17,기관 이용약관,B-008_NASA 해수면 상승 전망 (SSP 1~5).xlsx,1.1_observation(측정값),823,
B-008,"NASA 해수면 상승 전망[SSP1, SSP2, SSP3, SSP4, SSP5]",observation,vnm-v121-b-008-obs-824-894f34acf1378dce,B-008_rsl_low_841_ssp585_q17,VNM,2030,0.061,m,,,,,,[전망치],IPCC AR6 Sea Level Projection Tool (NASA/IPCC),https://sealevel.nasa.gov/data_tools/17,기관 이용약관,B-008_NASA 해수면 상승 전망 (SSP 1~5).xlsx,1.1_observation(측정값),824,
B-008,"NASA 해수면 상승 전망[SSP1, SSP2, SSP3, SSP4, SSP5]",observation,vnm-v121-b-008-obs-825-31b138702d02b78d,B-008_rsl_low_841_ssp585_q17,VNM,2040,0.106,m,,,,,,[전망치],IPCC AR6 Sea Level Projection Tool (NASA/IPCC),https://sealevel.nasa.gov/data_tools/17,기관 이용약관,B-008_NASA 해수면 상승 전망 (SSP 1~5).xlsx,1.1_observation(측정값),825,
B-008,"NASA 해수면 상승 전망[SSP1, SSP2, SSP3, SSP4, SSP5]",observation,vnm-v121-b-008-obs-826-171490639ce5695a,B-008_rsl_low_841_ssp585_q17,VNM,2050,0.166,m,,,,,,[전망치],IPCC AR6 Sea Level Projection Tool (NASA/IPCC),https://sealevel.nasa.gov/data_tools/17,기관 이용약관,B-008_NASA 해수면 상승 전망 (SSP 1~5).xlsx,1.1_observation(측정값),826,
B-008,"NASA 해수면 상승 전망[SSP1, SSP2, SSP3, SSP4, SSP5]",observation,vnm-v121-b-008-obs-827-c5787b714180a750,B-008_rsl_low_841_ssp585_q17,VNM,2060,0.225,m,,,,,,[전망치],IPCC AR6 Sea Level Projection Tool (NASA/IPCC),https://sealevel.nasa.gov/data_tools/17,기관 이용약관,B-008_NASA 해수면 상승 전망 (SSP 1~5).xlsx,1.1_observation(측정값),827,
B-008,"NASA 해수면 상승 전망[SSP1, SSP2, SSP3, SSP4, SSP5]",observation,vnm-v121-b-008-obs-828-a468fd3108a8b956,B-008_rsl_low_841_ssp585_q17,VNM,2070,0.31,m,,,,,,[전망치],IPCC AR6 Sea Level Projection Tool (NASA/IPCC),https://sealevel.nasa.gov/data_tools/17,기관 이용약관,B-008_NASA 해수면 상승 전망 (SSP 1~5).xlsx,1.1_observation(측정값),828,
B-008,"NASA 해수면 상승 전망[SSP1, SSP2, SSP3, SSP4, SSP5]",observation,vnm-v121-b-008-obs-829-20777c1ee2b254fe,B-008_rsl_low_841_ssp585_q17,VNM,2080,0.394,m,,,,,,[전망치],IPCC AR6 Sea Level Projection Tool (NASA/IPCC),https://sealevel.nasa.gov/data_tools/17,기관 이용약관,B-008_NASA 해수면 상승 전망 (SSP 1~5).xlsx,1.1_observation(측정값),829,
B-008,"NASA 해수면 상승 전망[SSP1, SSP2, SSP3, SSP4, SSP5]",observation,vnm-v121-b-008-obs-830-a0a6f28ba9d372f6,B-008_rsl_low_841_ssp585_q17,VNM,2090,0.495,m,,,,,,[전망치],IPCC AR6 Sea Level Projection Tool (NASA/IPCC),https://sealevel.nasa.gov/data_tools/17,기관 이용약관,B-008_NASA 해수면 상승 전망 (SSP 1~5).xlsx,1.1_observation(측정값),830,
B-008,"NASA 해수면 상승 전망[SSP1, SSP2, SSP3, SSP4, SSP5]",observation,vnm-v121-b-008-obs-831-c5864ef2bcf63c48,B-008_rsl_low_841_ssp585_q17,VNM,2100,0.597,m,,,,,,[전망치],IPCC AR6 Sea Level Projection Tool (NASA/IPCC),https://sealevel.nasa.gov/data_tools/17,기관 이용약관,B-008_NASA 해수면 상승 전망 (SSP 1~5).xlsx,1.1_observation(측정값),831,
B-008,"NASA 해수면 상승 전망[SSP1, SSP2, SSP3, SSP4, SSP5]",observation,vnm-v121-b-008-obs-832-42565a4d912674bb,B-008_rsl_low_841_ssp585_q50,VNM,2020,0.051,m,,,,,,[전망치],IPCC AR6 Sea Level Projection Tool (NASA/IPCC),https://sealevel.nasa.gov/data_tools/17,기관 이용약관,B-008_NASA 해수면 상승 전망 (SSP 1~5).xlsx,1.1_observation(측정값),832,
B-008,"NASA 해수면 상승 전망[SSP1, SSP2, SSP3, SSP4, SSP5]",observation,vnm-v121-b-008-obs-833-c1208603dae57c66,B-008_rsl_low_841_ssp585_q50,VNM,2030,0.1,m,,,,,,[전망치],IPCC AR6 Sea Level Projection Tool (NASA/IPCC),https://sealevel.nasa.gov/data_tools/17,기관 이용약관,B-008_NASA 해수면 상승 전망 (SSP 1~5).xlsx,1.1_observation(측정값),833,
B-008,"NASA 해수면 상승 전망[SSP1, SSP2, SSP3, SSP4, SSP5]",observation,vnm-v121-b-008-obs-834-0e6a01874d8e921a,B-008_rsl_low_841_ssp585_q50,VNM,2040,0.16,m,,,,,,[전망치],IPCC AR6 Sea Level Projection Tool (NASA/IPCC),https://sealevel.nasa.gov/data_tools/17,기관 이용약관,B-008_NASA 해수면 상승 전망 (SSP 1~5).xlsx,1.1_observation(측정값),834,
B-008,"NASA 해수면 상승 전망[SSP1, SSP2, SSP3, SSP4, SSP5]",observation,vnm-v121-b-008-obs-835-2757be42129613b4,B-008_rsl_low_841_ssp585_q50,VNM,2050,0.239,m,,,,,,[전망치],IPCC AR6 Sea Level Projection Tool (NASA/IPCC),https://sealevel.nasa.gov/data_tools/17,기관 이용약관,B-008_NASA 해수면 상승 전망 (SSP 1~5).xlsx,1.1_observation(측정값),835,
B-008,"NASA 해수면 상승 전망[SSP1, SSP2, SSP3, SSP4, SSP5]",observation,vnm-v121-b-008-obs-836-253016aa3fde1c21,B-008_rsl_low_841_ssp585_q50,VNM,2060,0.322,m,,,,,,[전망치],IPCC AR6 Sea Level Projection Tool (NASA/IPCC),https://sealevel.nasa.gov/data_tools/17,기관 이용약관,B-008_NASA 해수면 상승 전망 (SSP 1~5).xlsx,1.1_observation(측정값),836,
B-008,"NASA 해수면 상승 전망[SSP1, SSP2, SSP3, SSP4, SSP5]",observation,vnm-v121-b-008-obs-837-a490fd65f0c91885,B-008_rsl_low_841_ssp585_q50,VNM,2070,0.431,m,,,,,,[전망치],IPCC AR6 Sea Level Projection Tool (NASA/IPCC),https://sealevel.nasa.gov/data_tools/17,기관 이용약관,B-008_NASA 해수면 상승 전망 (SSP 1~5).xlsx,1.1_observation(측정값),837,
B-008,"NASA 해수면 상승 전망[SSP1, SSP2, SSP3, SSP4, SSP5]",observation,vnm-v121-b-008-obs-838-8e7fe572a672d874,B-008_rsl_low_841_ssp585_q50,VNM,2080,0.563,m,,,,,,[전망치],IPCC AR6 Sea Level Projection Tool (NASA/IPCC),https://sealevel.nasa.gov/data_tools/17,기관 이용약관,B-008_NASA 해수면 상승 전망 (SSP 1~5).xlsx,1.1_observation(측정값),838,
B-008,"NASA 해수면 상승 전망[SSP1, SSP2, SSP3, SSP4, SSP5]",observation,vnm-v121-b-008-obs-839-75b9deebea03bc90,B-008_rsl_low_841_ssp585_q50,VNM,2090,0.72,m,,,,,,[전망치],IPCC AR6 Sea Level Projection Tool (NASA/IPCC),https://sealevel.nasa.gov/data_tools/17,기관 이용약관,B-008_NASA 해수면 상승 전망 (SSP 1~5).xlsx,1.1_observation(측정값),839,
B-008,"NASA 해수면 상승 전망[SSP1, SSP2, SSP3, SSP4, SSP5]",observation,vnm-v121-b-008-obs-840-8e7b1aa36b067c6c,B-008_rsl_low_841_ssp585_q50,VNM,2100,0.901,m,,,,,,[전망치],IPCC AR6 Sea Level Projection Tool (NASA/IPCC),https://sealevel.nasa.gov/data_tools/17,기관 이용약관,B-008_NASA 해수면 상승 전망 (SSP 1~5).xlsx,1.1_observation(측정값),840,
B-008,"NASA 해수면 상승 전망[SSP1, SSP2, SSP3, SSP4, SSP5]",observation,vnm-v121-b-008-obs-841-53b5c5b0ce55e2ee,B-008_rsl_low_841_ssp585_q83,VNM,2020,0.083,m,,,,,,[전망치],IPCC AR6 Sea Level Projection Tool (NASA/IPCC),https://sealevel.nasa.gov/data_tools/17,기관 이용약관,B-008_NASA 해수면 상승 전망 (SSP 1~5).xlsx,1.1_observation(측정값),841,
B-008,"NASA 해수면 상승 전망[SSP1, SSP2, SSP3, SSP4, SSP5]",observation,vnm-v121-b-008-obs-842-d0bb81e226608853,B-008_rsl_low_841_ssp585_q83,VNM,2030,0.162,m,,,,,,[전망치],IPCC AR6 Sea Level Projection Tool (NASA/IPCC),https://sealevel.nasa.gov/data_tools/17,기관 이용약관,B-008_NASA 해수면 상승 전망 (SSP 1~5).xlsx,1.1_observation(측정값),842,
B-008,"NASA 해수면 상승 전망[SSP1, SSP2, SSP3, SSP4, SSP5]",observation,vnm-v121-b-008-obs-843-d6331e549d01a079,B-008_rsl_low_841_ssp585_q83,VNM,2040,0.272,m,,,,,,[전망치],IPCC AR6 Sea Level Projection Tool (NASA/IPCC),https://sealevel.nasa.gov/data_tools/17,기관 이용약관,B-008_NASA 해수면 상승 전망 (SSP 1~5).xlsx,1.1_observation(측정값),843,
B-008,"NASA 해수면 상승 전망[SSP1, SSP2, SSP3, SSP4, SSP5]",observation,vnm-v121-b-008-obs-844-bdef78d90db6d590,B-008_rsl_low_841_ssp585_q83,VNM,2050,0.413,m,,,,,,[전망치],IPCC AR6 Sea Level Projection Tool (NASA/IPCC),https://sealevel.nasa.gov/data_tools/17,기관 이용약관,B-008_NASA 해수면 상승 전망 (SSP 1~5).xlsx,1.1_observation(측정값),844,
B-008,"NASA 해수면 상승 전망[SSP1, SSP2, SSP3, SSP4, SSP5]",observation,vnm-v121-b-008-obs-845-ceaa332e2563efe4,B-008_rsl_low_841_ssp585_q83,VNM,2060,0.586,m,,,,,,[전망치],IPCC AR6 Sea Level Projection Tool (NASA/IPCC),https://sealevel.nasa.gov/data_tools/17,기관 이용약관,B-008_NASA 해수면 상승 전망 (SSP 1~5).xlsx,1.1_observation(측정값),845,
B-008,"NASA 해수면 상승 전망[SSP1, SSP2, SSP3, SSP4, SSP5]",observation,vnm-v121-b-008-obs-846-2ddfdf31198c49e3,B-008_rsl_low_841_ssp585_q83,VNM,2070,0.809,m,,,,,,[전망치],IPCC AR6 Sea Level Projection Tool (NASA/IPCC),https://sealevel.nasa.gov/data_tools/17,기관 이용약관,B-008_NASA 해수면 상승 전망 (SSP 1~5).xlsx,1.1_observation(측정값),846,
B-008,"NASA 해수면 상승 전망[SSP1, SSP2, SSP3, SSP4, SSP5]",observation,vnm-v121-b-008-obs-847-645b32ba08cdc942,B-008_rsl_low_841_ssp585_q83,VNM,2080,1.069,m,,,,,,[전망치],IPCC AR6 Sea Level Projection Tool (NASA/IPCC),https://sealevel.nasa.gov/data_tools/17,기관 이용약관,B-008_NASA 해수면 상승 전망 (SSP 1~5).xlsx,1.1_observation(측정값),847,
B-008,"NASA 해수면 상승 전망[SSP1, SSP2, SSP3, SSP4, SSP5]",observation,vnm-v121-b-008-obs-848-055189ac4cf4de20,B-008_rsl_low_841_ssp585_q83,VNM,2090,1.366,m,,,,,,[전망치],IPCC AR6 Sea Level Projection Tool (NASA/IPCC),https://sealevel.nasa.gov/data_tools/17,기관 이용약관,B-008_NASA 해수면 상승 전망 (SSP 1~5).xlsx,1.1_observation(측정값),848,
B-008,"NASA 해수면 상승 전망[SSP1, SSP2, SSP3, SSP4, SSP5]",observation,vnm-v121-b-008-obs-849-d69d26fe25fcada6,B-008_rsl_low_841_ssp585_q83,VNM,2100,1.686,m,,,,,,[전망치],IPCC AR6 Sea Level Projection Tool (NASA/IPCC),https://sealevel.nasa.gov/data_tools/17,기관 이용약관,B-008_NASA 해수면 상승 전망 (SSP 1~5).xlsx,1.1_observation(측정값),849,
B-008,"NASA 해수면 상승 전망[SSP1, SSP2, SSP3, SSP4, SSP5]",observation,vnm-v121-b-008-obs-850-44314a73aa832b41,B-008_rsl_low_841_ssp585_q95,VNM,2020,0.1,m,,,,,,[전망치],IPCC AR6 Sea Level Projection Tool (NASA/IPCC),https://sealevel.nasa.gov/data_tools/17,기관 이용약관,B-008_NASA 해수면 상승 전망 (SSP 1~5).xlsx,1.1_observation(측정값),850,
B-008,"NASA 해수면 상승 전망[SSP1, SSP2, SSP3, SSP4, SSP5]",observation,vnm-v121-b-008-obs-851-714852461a641ab3,B-008_rsl_low_841_ssp585_q95,VNM,2030,0.207,m,,,,,,[전망치],IPCC AR6 Sea Level Projection Tool (NASA/IPCC),https://sealevel.nasa.gov/data_tools/17,기관 이용약관,B-008_NASA 해수면 상승 전망 (SSP 1~5).xlsx,1.1_observation(측정값),851,
B-008,"NASA 해수면 상승 전망[SSP1, SSP2, SSP3, SSP4, SSP5]",observation,vnm-v121-b-008-obs-852-4bc716051256ac76,B-008_rsl_low_841_ssp585_q95,VNM,2040,0.368,m,,,,,,[전망치],IPCC AR6 Sea Level Projection Tool (NASA/IPCC),https://sealevel.nasa.gov/data_tools/17,기관 이용약관,B-008_NASA 해수면 상승 전망 (SSP 1~5).xlsx,1.1_observation(측정값),852,
B-008,"NASA 해수면 상승 전망[SSP1, SSP2, SSP3, SSP4, SSP5]",observation,vnm-v121-b-008-obs-853-627811efa75f1298,B-008_rsl_low_841_ssp585_q95,VNM,2050,0.566,m,,,,,,[전망치],IPCC AR6 Sea Level Projection Tool (NASA/IPCC),https://sealevel.nasa.gov/data_tools/17,기관 이용약관,B-008_NASA 해수면 상승 전망 (SSP 1~5).xlsx,1.1_observation(측정값),853,
B-008,"NASA 해수면 상승 전망[SSP1, SSP2, SSP3, SSP4, SSP5]",observation,vnm-v121-b-008-obs-854-b42dee43db9f7d8e,B-008_rsl_low_841_ssp585_q95,VNM,2060,0.794,m,,,,,,[전망치],IPCC AR6 Sea Level Projection Tool (NASA/IPCC),https://sealevel.nasa.gov/data_tools/17,기관 이용약관,B-008_NASA 해수면 상승 전망 (SSP 1~5).xlsx,1.1_observation(측정값),854,
B-008,"NASA 해수면 상승 전망[SSP1, SSP2, SSP3, SSP4, SSP5]",observation,vnm-v121-b-008-obs-855-169dbd865236a413,B-008_rsl_low_841_ssp585_q95,VNM,2070,1.089,m,,,,,,[전망치],IPCC AR6 Sea Level Projection Tool (NASA/IPCC),https://sealevel.nasa.gov/data_tools/17,기관 이용약관,B-008_NASA 해수면 상승 전망 (SSP 1~5).xlsx,1.1_observation(측정값),855,
B-008,"NASA 해수면 상승 전망[SSP1, SSP2, SSP3, SSP4, SSP5]",observation,vnm-v121-b-008-obs-856-95ec030be3a58852,B-008_rsl_low_841_ssp585_q95,VNM,2080,1.465,m,,,,,,[전망치],IPCC AR6 Sea Level Projection Tool (NASA/IPCC),https://sealevel.nasa.gov/data_tools/17,기관 이용약관,B-008_NASA 해수면 상승 전망 (SSP 1~5).xlsx,1.1_observation(측정값),856,
B-008,"NASA 해수면 상승 전망[SSP1, SSP2, SSP3, SSP4, SSP5]",observation,vnm-v121-b-008-obs-857-3da0cb24a4bf1ff9,B-008_rsl_low_841_ssp585_q95,VNM,2090,1.889,m,,,,,,[전망치],IPCC AR6 Sea Level Projection Tool (NASA/IPCC),https://sealevel.nasa.gov/data_tools/17,기관 이용약관,B-008_NASA 해수면 상승 전망 (SSP 1~5).xlsx,1.1_observation(측정값),857,
B-008,"NASA 해수면 상승 전망[SSP1, SSP2, SSP3, SSP4, SSP5]",observation,vnm-v121-b-008-obs-858-3e2acc347199717f,B-008_rsl_low_841_ssp585_q95,VNM,2100,2.385,m,,,,,,[전망치],IPCC AR6 Sea Level Projection Tool (NASA/IPCC),https://sealevel.nasa.gov/data_tools/17,기관 이용약관,B-008_NASA 해수면 상승 전망 (SSP 1~5).xlsx,1.1_observation(측정값),858,
B-008,"NASA 해수면 상승 전망[SSP1, SSP2, SSP3, SSP4, SSP5]",observation,vnm-v121-b-008-obs-859-31c008dec714be78,B-008_rslrate_841_ssp119,VNM,2020,4.4,mm/yr,,,,,,[전망치],IPCC AR6 Sea Level Projection Tool (NASA/IPCC),https://sealevel.nasa.gov/data_tools/17,기관 이용약관,B-008_NASA 해수면 상승 전망 (SSP 1~5).xlsx,1.1_observation(측정값),859,
B-008,"NASA 해수면 상승 전망[SSP1, SSP2, SSP3, SSP4, SSP5]",observation,vnm-v121-b-008-obs-860-8bb6c1ef696207f0,B-008_rslrate_841_ssp119,VNM,2030,4.4,mm/yr,,,,,,[전망치],IPCC AR6 Sea Level Projection Tool (NASA/IPCC),https://sealevel.nasa.gov/data_tools/17,기관 이용약관,B-008_NASA 해수면 상승 전망 (SSP 1~5).xlsx,1.1_observation(측정값),860,
B-008,"NASA 해수면 상승 전망[SSP1, SSP2, SSP3, SSP4, SSP5]",observation,vnm-v121-b-008-obs-861-7815d3950ed6648d,B-008_rslrate_841_ssp119,VNM,2040,4.5,mm/yr,,,,,,[전망치],IPCC AR6 Sea Level Projection Tool (NASA/IPCC),https://sealevel.nasa.gov/data_tools/17,기관 이용약관,B-008_NASA 해수면 상승 전망 (SSP 1~5).xlsx,1.1_observation(측정값),861,
B-008,"NASA 해수면 상승 전망[SSP1, SSP2, SSP3, SSP4, SSP5]",observation,vnm-v121-b-008-obs-862-8b7535b4f7227fda,B-008_rslrate_841_ssp119,VNM,2050,4.4,mm/yr,,,,,,[전망치],IPCC AR6 Sea Level Projection Tool (NASA/IPCC),https://sealevel.nasa.gov/data_tools/17,기관 이용약관,B-008_NASA 해수면 상승 전망 (SSP 1~5).xlsx,1.1_observation(측정값),862,
B-008,"NASA 해수면 상승 전망[SSP1, SSP2, SSP3, SSP4, SSP5]",observation,vnm-v121-b-008-obs-863-6a4669784f1c70bf,B-008_rslrate_841_ssp119,VNM,2060,3.9,mm/yr,,,,,,[전망치],IPCC AR6 Sea Level Projection Tool (NASA/IPCC),https://sealevel.nasa.gov/data_tools/17,기관 이용약관,B-008_NASA 해수면 상승 전망 (SSP 1~5).xlsx,1.1_observation(측정값),863,
B-008,"NASA 해수면 상승 전망[SSP1, SSP2, SSP3, SSP4, SSP5]",observation,vnm-v121-b-008-obs-864-802c00ef2b545960,B-008_rslrate_841_ssp119,VNM,2070,3.8,mm/yr,,,,,,[전망치],IPCC AR6 Sea Level Projection Tool (NASA/IPCC),https://sealevel.nasa.gov/data_tools/17,기관 이용약관,B-008_NASA 해수면 상승 전망 (SSP 1~5).xlsx,1.1_observation(측정값),864,
B-008,"NASA 해수면 상승 전망[SSP1, SSP2, SSP3, SSP4, SSP5]",observation,vnm-v121-b-008-obs-865-cb030eaf8309d6b5,B-008_rslrate_841_ssp119,VNM,2080,4.2,mm/yr,,,,,,[전망치],IPCC AR6 Sea Level Projection Tool (NASA/IPCC),https://sealevel.nasa.gov/data_tools/17,기관 이용약관,B-008_NASA 해수면 상승 전망 (SSP 1~5).xlsx,1.1_observation(측정값),865,
B-008,"NASA 해수면 상승 전망[SSP1, SSP2, SSP3, SSP4, SSP5]",observation,vnm-v121-b-008-obs-866-884b1f12edbbd186,B-008_rslrate_841_ssp119,VNM,2090,4.3,mm/yr,,,,,,[전망치],IPCC AR6 Sea Level Projection Tool (NASA/IPCC),https://sealevel.nasa.gov/data_tools/17,기관 이용약관,B-008_NASA 해수면 상승 전망 (SSP 1~5).xlsx,1.1_observation(측정값),866,
B-008,"NASA 해수면 상승 전망[SSP1, SSP2, SSP3, SSP4, SSP5]",observation,vnm-v121-b-008-obs-867-23b3e4ea5dd4b718,B-008_rslrate_841_ssp119,VNM,2100,4.2,mm/yr,,,,,,[전망치],IPCC AR6 Sea Level Projection Tool (NASA/IPCC),https://sealevel.nasa.gov/data_tools/17,기관 이용약관,B-008_NASA 해수면 상승 전망 (SSP 1~5).xlsx,1.1_observation(측정값),867,
B-008,"NASA 해수면 상승 전망[SSP1, SSP2, SSP3, SSP4, SSP5]",observation,vnm-v121-b-008-obs-868-bed4572adffbd0ae,B-008_rslrate_841_ssp126,VNM,2020,4.1,mm/yr,,,,,,[전망치],IPCC AR6 Sea Level Projection Tool (NASA/IPCC),https://sealevel.nasa.gov/data_tools/17,기관 이용약관,B-008_NASA 해수면 상승 전망 (SSP 1~5).xlsx,1.1_observation(측정값),868,
B-008,"NASA 해수면 상승 전망[SSP1, SSP2, SSP3, SSP4, SSP5]",observation,vnm-v121-b-008-obs-869-0db145e5f41ba764,B-008_rslrate_841_ssp126,VNM,2030,4.3,mm/yr,,,,,,[전망치],IPCC AR6 Sea Level Projection Tool (NASA/IPCC),https://sealevel.nasa.gov/data_tools/17,기관 이용약관,B-008_NASA 해수면 상승 전망 (SSP 1~5).xlsx,1.1_observation(측정값),869,
B-008,"NASA 해수면 상승 전망[SSP1, SSP2, SSP3, SSP4, SSP5]",observation,vnm-v121-b-008-obs-870-f6690aa9936759b9,B-008_rslrate_841_ssp126,VNM,2040,4.8,mm/yr,,,,,,[전망치],IPCC AR6 Sea Level Projection Tool (NASA/IPCC),https://sealevel.nasa.gov/data_tools/17,기관 이용약관,B-008_NASA 해수면 상승 전망 (SSP 1~5).xlsx,1.1_observation(측정값),870,
B-008,"NASA 해수면 상승 전망[SSP1, SSP2, SSP3, SSP4, SSP5]",observation,vnm-v121-b-008-obs-871-63e13252f1d5c1b4,B-008_rslrate_841_ssp126,VNM,2050,5.1,mm/yr,,,,,,[전망치],IPCC AR6 Sea Level Projection Tool (NASA/IPCC),https://sealevel.nasa.gov/data_tools/17,기관 이용약관,B-008_NASA 해수면 상승 전망 (SSP 1~5).xlsx,1.1_observation(측정값),871,
B-008,"NASA 해수면 상승 전망[SSP1, SSP2, SSP3, SSP4, SSP5]",observation,vnm-v121-b-008-obs-872-36b6c252b680a853,B-008_rslrate_841_ssp126,VNM,2060,5.1,mm/yr,,,,,,[전망치],IPCC AR6 Sea Level Projection Tool (NASA/IPCC),https://sealevel.nasa.gov/data_tools/17,기관 이용약관,B-008_NASA 해수면 상승 전망 (SSP 1~5).xlsx,1.1_observation(측정값),872,
B-008,"NASA 해수면 상승 전망[SSP1, SSP2, SSP3, SSP4, SSP5]",observation,vnm-v121-b-008-obs-873-736a08ab3b2eecbf,B-008_rslrate_841_ssp126,VNM,2070,5.2,mm/yr,,,,,,[전망치],IPCC AR6 Sea Level Projection Tool (NASA/IPCC),https://sealevel.nasa.gov/data_tools/17,기관 이용약관,B-008_NASA 해수면 상승 전망 (SSP 1~5).xlsx,1.1_observation(측정값),873,
B-008,"NASA 해수면 상승 전망[SSP1, SSP2, SSP3, SSP4, SSP5]",observation,vnm-v121-b-008-obs-874-ed19a823d8b51565,B-008_rslrate_841_ssp126,VNM,2080,5.2,mm/yr,,,,,,[전망치],IPCC AR6 Sea Level Projection Tool (NASA/IPCC),https://sealevel.nasa.gov/data_tools/17,기관 이용약관,B-008_NASA 해수면 상승 전망 (SSP 1~5).xlsx,1.1_observation(측정값),874,
B-008,"NASA 해수면 상승 전망[SSP1, SSP2, SSP3, SSP4, SSP5]",observation,vnm-v121-b-008-obs-875-819b822e5edf37ff,B-008_rslrate_841_ssp126,VNM,2090,5,mm/yr,,,,,,[전망치],IPCC AR6 Sea Level Projection Tool (NASA/IPCC),https://sealevel.nasa.gov/data_tools/17,기관 이용약관,B-008_NASA 해수면 상승 전망 (SSP 1~5).xlsx,1.1_observation(측정값),875,
B-008,"NASA 해수면 상승 전망[SSP1, SSP2, SSP3, SSP4, SSP5]",observation,vnm-v121-b-008-obs-876-b63411b99b63fc1f,B-008_rslrate_841_ssp126,VNM,2100,4.9,mm/yr,,,,,,[전망치],IPCC AR6 Sea Level Projection Tool (NASA/IPCC),https://sealevel.nasa.gov/data_tools/17,기관 이용약관,B-008_NASA 해수면 상승 전망 (SSP 1~5).xlsx,1.1_observation(측정값),876,
B-008,"NASA 해수면 상승 전망[SSP1, SSP2, SSP3, SSP4, SSP5]",observation,vnm-v121-b-008-obs-877-962e2842643f8e75,B-008_rslrate_841_ssp245,VNM,2020,4.1,mm/yr,,,,,,[전망치],IPCC AR6 Sea Level Projection Tool (NASA/IPCC),https://sealevel.nasa.gov/data_tools/17,기관 이용약관,B-008_NASA 해수면 상승 전망 (SSP 1~5).xlsx,1.1_observation(측정값),877,
B-008,"NASA 해수면 상승 전망[SSP1, SSP2, SSP3, SSP4, SSP5]",observation,vnm-v121-b-008-obs-878-1ea4c85fa3b8ad76,B-008_rslrate_841_ssp245,VNM,2030,4.4,mm/yr,,,,,,[전망치],IPCC AR6 Sea Level Projection Tool (NASA/IPCC),https://sealevel.nasa.gov/data_tools/17,기관 이용약관,B-008_NASA 해수면 상승 전망 (SSP 1~5).xlsx,1.1_observation(측정값),878,
B-008,"NASA 해수면 상승 전망[SSP1, SSP2, SSP3, SSP4, SSP5]",observation,vnm-v121-b-008-obs-879-8380abbd84c80fbe,B-008_rslrate_841_ssp245,VNM,2040,5.2,mm/yr,,,,,,[전망치],IPCC AR6 Sea Level Projection Tool (NASA/IPCC),https://sealevel.nasa.gov/data_tools/17,기관 이용약관,B-008_NASA 해수면 상승 전망 (SSP 1~5).xlsx,1.1_observation(측정값),879,
B-008,"NASA 해수면 상승 전망[SSP1, SSP2, SSP3, SSP4, SSP5]",observation,vnm-v121-b-008-obs-880-6d6334b8f4a4e894,B-008_rslrate_841_ssp245,VNM,2050,6,mm/yr,,,,,,[전망치],IPCC AR6 Sea Level Projection Tool (NASA/IPCC),https://sealevel.nasa.gov/data_tools/17,기관 이용약관,B-008_NASA 해수면 상승 전망 (SSP 1~5).xlsx,1.1_observation(측정값),880,
B-008,"NASA 해수면 상승 전망[SSP1, SSP2, SSP3, SSP4, SSP5]",observation,vnm-v121-b-008-obs-881-555ade3ff07e1a42,B-008_rslrate_841_ssp245,VNM,2060,6.4,mm/yr,,,,,,[전망치],IPCC AR6 Sea Level Projection Tool (NASA/IPCC),https://sealevel.nasa.gov/data_tools/17,기관 이용약관,B-008_NASA 해수면 상승 전망 (SSP 1~5).xlsx,1.1_observation(측정값),881,
B-008,"NASA 해수면 상승 전망[SSP1, SSP2, SSP3, SSP4, SSP5]",observation,vnm-v121-b-008-obs-882-f8ff41171fa87000,B-008_rslrate_841_ssp245,VNM,2070,6.6,mm/yr,,,,,,[전망치],IPCC AR6 Sea Level Projection Tool (NASA/IPCC),https://sealevel.nasa.gov/data_tools/17,기관 이용약관,B-008_NASA 해수면 상승 전망 (SSP 1~5).xlsx,1.1_observation(측정값),882,
B-008,"NASA 해수면 상승 전망[SSP1, SSP2, SSP3, SSP4, SSP5]",observation,vnm-v121-b-008-obs-883-829d12db3b159ade,B-008_rslrate_841_ssp245,VNM,2080,7.2,mm/yr,,,,,,[전망치],IPCC AR6 Sea Level Projection Tool (NASA/IPCC),https://sealevel.nasa.gov/data_tools/17,기관 이용약관,B-008_NASA 해수면 상승 전망 (SSP 1~5).xlsx,1.1_observation(측정값),883,
B-008,"NASA 해수면 상승 전망[SSP1, SSP2, SSP3, SSP4, SSP5]",observation,vnm-v121-b-008-obs-884-ed3065d5ffdf4173,B-008_rslrate_841_ssp245,VNM,2090,8.6,mm/yr,,,,,,[전망치],IPCC AR6 Sea Level Projection Tool (NASA/IPCC),https://sealevel.nasa.gov/data_tools/17,기관 이용약관,B-008_NASA 해수면 상승 전망 (SSP 1~5).xlsx,1.1_observation(측정값),884,
B-008,"NASA 해수면 상승 전망[SSP1, SSP2, SSP3, SSP4, SSP5]",observation,vnm-v121-b-008-obs-885-779b6757dfc77873,B-008_rslrate_841_ssp245,VNM,2100,8.6,mm/yr,,,,,,[전망치],IPCC AR6 Sea Level Projection Tool (NASA/IPCC),https://sealevel.nasa.gov/data_tools/17,기관 이용약관,B-008_NASA 해수면 상승 전망 (SSP 1~5).xlsx,1.1_observation(측정값),885,
B-008,"NASA 해수면 상승 전망[SSP1, SSP2, SSP3, SSP4, SSP5]",observation,vnm-v121-b-008-obs-886-b40e832f4c48eaaa,B-008_rslrate_841_ssp370,VNM,2020,4.2,mm/yr,,,,,,[전망치],IPCC AR6 Sea Level Projection Tool (NASA/IPCC),https://sealevel.nasa.gov/data_tools/17,기관 이용약관,B-008_NASA 해수면 상승 전망 (SSP 1~5).xlsx,1.1_observation(측정값),886,
B-008,"NASA 해수면 상승 전망[SSP1, SSP2, SSP3, SSP4, SSP5]",observation,vnm-v121-b-008-obs-887-94482de0efb479fa,B-008_rslrate_841_ssp370,VNM,2030,4.6,mm/yr,,,,,,[전망치],IPCC AR6 Sea Level Projection Tool (NASA/IPCC),https://sealevel.nasa.gov/data_tools/17,기관 이용약관,B-008_NASA 해수면 상승 전망 (SSP 1~5).xlsx,1.1_observation(측정값),887,
B-008,"NASA 해수면 상승 전망[SSP1, SSP2, SSP3, SSP4, SSP5]",observation,vnm-v121-b-008-obs-888-ff947450a7b1b84a,B-008_rslrate_841_ssp370,VNM,2040,5.3,mm/yr,,,,,,[전망치],IPCC AR6 Sea Level Projection Tool (NASA/IPCC),https://sealevel.nasa.gov/data_tools/17,기관 이용약관,B-008_NASA 해수면 상승 전망 (SSP 1~5).xlsx,1.1_observation(측정값),888,
B-008,"NASA 해수면 상승 전망[SSP1, SSP2, SSP3, SSP4, SSP5]",observation,vnm-v121-b-008-obs-889-548bf62a0f6b7f65,B-008_rslrate_841_ssp370,VNM,2050,6.1,mm/yr,,,,,,[전망치],IPCC AR6 Sea Level Projection Tool (NASA/IPCC),https://sealevel.nasa.gov/data_tools/17,기관 이용약관,B-008_NASA 해수면 상승 전망 (SSP 1~5).xlsx,1.1_observation(측정값),889,
B-008,"NASA 해수면 상승 전망[SSP1, SSP2, SSP3, SSP4, SSP5]",observation,vnm-v121-b-008-obs-890-feac920b0ae3f291,B-008_rslrate_841_ssp370,VNM,2060,7.3,mm/yr,,,,,,[전망치],IPCC AR6 Sea Level Projection Tool (NASA/IPCC),https://sealevel.nasa.gov/data_tools/17,기관 이용약관,B-008_NASA 해수면 상승 전망 (SSP 1~5).xlsx,1.1_observation(측정값),890,
B-008,"NASA 해수면 상승 전망[SSP1, SSP2, SSP3, SSP4, SSP5]",observation,vnm-v121-b-008-obs-891-dffef29ed16ae1e9,B-008_rslrate_841_ssp370,VNM,2070,8.5,mm/yr,,,,,,[전망치],IPCC AR6 Sea Level Projection Tool (NASA/IPCC),https://sealevel.nasa.gov/data_tools/17,기관 이용약관,B-008_NASA 해수면 상승 전망 (SSP 1~5).xlsx,1.1_observation(측정값),891,
B-008,"NASA 해수면 상승 전망[SSP1, SSP2, SSP3, SSP4, SSP5]",observation,vnm-v121-b-008-obs-892-344667a28ae0c296,B-008_rslrate_841_ssp370,VNM,2080,9.5,mm/yr,,,,,,[전망치],IPCC AR6 Sea Level Projection Tool (NASA/IPCC),https://sealevel.nasa.gov/data_tools/17,기관 이용약관,B-008_NASA 해수면 상승 전망 (SSP 1~5).xlsx,1.1_observation(측정값),892,
B-008,"NASA 해수면 상승 전망[SSP1, SSP2, SSP3, SSP4, SSP5]",observation,vnm-v121-b-008-obs-893-648ea64e8376be93,B-008_rslrate_841_ssp370,VNM,2090,10.8,mm/yr,,,,,,[전망치],IPCC AR6 Sea Level Projection Tool (NASA/IPCC),https://sealevel.nasa.gov/data_tools/17,기관 이용약관,B-008_NASA 해수면 상승 전망 (SSP 1~5).xlsx,1.1_observation(측정값),893,
B-008,"NASA 해수면 상승 전망[SSP1, SSP2, SSP3, SSP4, SSP5]",observation,vnm-v121-b-008-obs-894-d5cb19820ce65ded,B-008_rslrate_841_ssp370,VNM,2100,11.4,mm/yr,,,,,,[전망치],IPCC AR6 Sea Level Projection Tool (NASA/IPCC),https://sealevel.nasa.gov/data_tools/17,기관 이용약관,B-008_NASA 해수면 상승 전망 (SSP 1~5).xlsx,1.1_observation(측정값),894,
B-008,"NASA 해수면 상승 전망[SSP1, SSP2, SSP3, SSP4, SSP5]",observation,vnm-v121-b-008-obs-895-9284df628f3fd01d,B-008_rslrate_841_ssp585,VNM,2020,4.4,mm/yr,,,,,,[전망치],IPCC AR6 Sea Level Projection Tool (NASA/IPCC),https://sealevel.nasa.gov/data_tools/17,기관 이용약관,B-008_NASA 해수면 상승 전망 (SSP 1~5).xlsx,1.1_observation(측정값),895,
B-008,"NASA 해수면 상승 전망[SSP1, SSP2, SSP3, SSP4, SSP5]",observation,vnm-v121-b-008-obs-896-19af8334b4da4469,B-008_rslrate_841_ssp585,VNM,2030,5,mm/yr,,,,,,[전망치],IPCC AR6 Sea Level Projection Tool (NASA/IPCC),https://sealevel.nasa.gov/data_tools/17,기관 이용약관,B-008_NASA 해수면 상승 전망 (SSP 1~5).xlsx,1.1_observation(측정값),896,
B-008,"NASA 해수면 상승 전망[SSP1, SSP2, SSP3, SSP4, SSP5]",observation,vnm-v121-b-008-obs-897-c7bfc8d693a2f94e,B-008_rslrate_841_ssp585,VNM,2040,6.1,mm/yr,,,,,,[전망치],IPCC AR6 Sea Level Projection Tool (NASA/IPCC),https://sealevel.nasa.gov/data_tools/17,기관 이용약관,B-008_NASA 해수면 상승 전망 (SSP 1~5).xlsx,1.1_observation(측정값),897,
B-008,"NASA 해수면 상승 전망[SSP1, SSP2, SSP3, SSP4, SSP5]",observation,vnm-v121-b-008-obs-898-7d1e2b6aba707cd3,B-008_rslrate_841_ssp585,VNM,2050,7,mm/yr,,,,,,[전망치],IPCC AR6 Sea Level Projection Tool (NASA/IPCC),https://sealevel.nasa.gov/data_tools/17,기관 이용약관,B-008_NASA 해수면 상승 전망 (SSP 1~5).xlsx,1.1_observation(측정값),898,
B-008,"NASA 해수면 상승 전망[SSP1, SSP2, SSP3, SSP4, SSP5]",observation,vnm-v121-b-008-obs-899-9135fa5aa0a7534e,B-008_rslrate_841_ssp585,VNM,2060,8.3,mm/yr,,,,,,[전망치],IPCC AR6 Sea Level Projection Tool (NASA/IPCC),https://sealevel.nasa.gov/data_tools/17,기관 이용약관,B-008_NASA 해수면 상승 전망 (SSP 1~5).xlsx,1.1_observation(측정값),899,
B-008,"NASA 해수면 상승 전망[SSP1, SSP2, SSP3, SSP4, SSP5]",observation,vnm-v121-b-008-obs-900-ad3d1ece957abd1a,B-008_rslrate_841_ssp585,VNM,2070,9.9,mm/yr,,,,,,[전망치],IPCC AR6 Sea Level Projection Tool (NASA/IPCC),https://sealevel.nasa.gov/data_tools/17,기관 이용약관,B-008_NASA 해수면 상승 전망 (SSP 1~5).xlsx,1.1_observation(측정값),900,
B-008,"NASA 해수면 상승 전망[SSP1, SSP2, SSP3, SSP4, SSP5]",observation,vnm-v121-b-008-obs-901-6a47e194d993622b,B-008_rslrate_841_ssp585,VNM,2080,11.3,mm/yr,,,,,,[전망치],IPCC AR6 Sea Level Projection Tool (NASA/IPCC),https://sealevel.nasa.gov/data_tools/17,기관 이용약관,B-008_NASA 해수면 상승 전망 (SSP 1~5).xlsx,1.1_observation(측정값),901,
B-008,"NASA 해수면 상승 전망[SSP1, SSP2, SSP3, SSP4, SSP5]",observation,vnm-v121-b-008-obs-902-48a79d294c2fae26,B-008_rslrate_841_ssp585,VNM,2090,12.6,mm/yr,,,,,,[전망치],IPCC AR6 Sea Level Projection Tool (NASA/IPCC),https://sealevel.nasa.gov/data_tools/17,기관 이용약관,B-008_NASA 해수면 상승 전망 (SSP 1~5).xlsx,1.1_observation(측정값),902,
B-008,"NASA 해수면 상승 전망[SSP1, SSP2, SSP3, SSP4, SSP5]",observation,vnm-v121-b-008-obs-903-83224d2d1293c143,B-008_rslrate_841_ssp585,VNM,2100,13,mm/yr,,,,,,[전망치],IPCC AR6 Sea Level Projection Tool (NASA/IPCC),https://sealevel.nasa.gov/data_tools/17,기관 이용약관,B-008_NASA 해수면 상승 전망 (SSP 1~5).xlsx,1.1_observation(측정값),903,
B-008,"NASA 해수면 상승 전망[SSP1, SSP2, SSP3, SSP4, SSP5]",observation,vnm-v121-b-008-obs-904-33daca1864702af1,B-008_rsl_1003_ssp119_q5,VNM,2020,-0.081,m,,,,,,[전망치],IPCC AR6 Sea Level Projection Tool (NASA/IPCC),https://sealevel.nasa.gov/data_tools/17,기관 이용약관,B-008_NASA 해수면 상승 전망 (SSP 1~5).xlsx,1.1_observation(측정값),904,
B-008,"NASA 해수면 상승 전망[SSP1, SSP2, SSP3, SSP4, SSP5]",observation,vnm-v121-b-008-obs-905-cf057fe8c1ed919d,B-008_rsl_1003_ssp119_q5,VNM,2030,-0.132,m,,,,,,[전망치],IPCC AR6 Sea Level Projection Tool (NASA/IPCC),https://sealevel.nasa.gov/data_tools/17,기관 이용약관,B-008_NASA 해수면 상승 전망 (SSP 1~5).xlsx,1.1_observation(측정값),905,
B-008,"NASA 해수면 상승 전망[SSP1, SSP2, SSP3, SSP4, SSP5]",observation,vnm-v121-b-008-obs-906-5bd01c849e113a8b,B-008_rsl_1003_ssp119_q5,VNM,2040,-0.182,m,,,,,,[전망치],IPCC AR6 Sea Level Projection Tool (NASA/IPCC),https://sealevel.nasa.gov/data_tools/17,기관 이용약관,B-008_NASA 해수면 상승 전망 (SSP 1~5).xlsx,1.1_observation(측정값),906,
B-008,"NASA 해수면 상승 전망[SSP1, SSP2, SSP3, SSP4, SSP5]",observation,vnm-v121-b-008-obs-907-9a140f3b89ab9975,B-008_rsl_1003_ssp119_q5,VNM,2050,-0.215,m,,,,,,[전망치],IPCC AR6 Sea Level Projection Tool (NASA/IPCC),https://sealevel.nasa.gov/data_tools/17,기관 이용약관,B-008_NASA 해수면 상승 전망 (SSP 1~5).xlsx,1.1_observation(측정값),907,
B-008,"NASA 해수면 상승 전망[SSP1, SSP2, SSP3, SSP4, SSP5]",observation,vnm-v121-b-008-obs-908-dcf8df6bd953ccce,B-008_rsl_1003_ssp119_q5,VNM,2060,-0.274,m,,,,,,[전망치],IPCC AR6 Sea Level Projection Tool (NASA/IPCC),https://sealevel.nasa.gov/data_tools/17,기관 이용약관,B-008_NASA 해수면 상승 전망 (SSP 1~5).xlsx,1.1_observation(측정값),908,
B-008,"NASA 해수면 상승 전망[SSP1, SSP2, SSP3, SSP4, SSP5]",observation,vnm-v121-b-008-obs-909-31f946ec1b7e9b72,B-008_rsl_1003_ssp119_q5,VNM,2070,-0.33,m,,,,,,[전망치],IPCC AR6 Sea Level Projection Tool (NASA/IPCC),https://sealevel.nasa.gov/data_tools/17,기관 이용약관,B-008_NASA 해수면 상승 전망 (SSP 1~5).xlsx,1.1_observation(측정값),909,
B-008,"NASA 해수면 상승 전망[SSP1, SSP2, SSP3, SSP4, SSP5]",observation,vnm-v121-b-008-obs-910-6b0ca2697b7ac5f8,B-008_rsl_1003_ssp119_q5,VNM,2080,-0.389,m,,,,,,[전망치],IPCC AR6 Sea Level Projection Tool (NASA/IPCC),https://sealevel.nasa.gov/data_tools/17,기관 이용약관,B-008_NASA 해수면 상승 전망 (SSP 1~5).xlsx,1.1_observation(측정값),910,
B-008,"NASA 해수면 상승 전망[SSP1, SSP2, SSP3, SSP4, SSP5]",observation,vnm-v121-b-008-obs-911-efa37ce67c2c8fdc,B-008_rsl_1003_ssp119_q5,VNM,2090,-0.435,m,,,,,,[전망치],IPCC AR6 Sea Level Projection Tool (NASA/IPCC),https://sealevel.nasa.gov/data_tools/17,기관 이용약관,B-008_NASA 해수면 상승 전망 (SSP 1~5).xlsx,1.1_observation(측정값),911,
B-008,"NASA 해수면 상승 전망[SSP1, SSP2, SSP3, SSP4, SSP5]",observation,vnm-v121-b-008-obs-912-7aa1873b3bee09a6,B-008_rsl_1003_ssp119_q5,VNM,2100,-0.539,m,,,,,,[전망치],IPCC AR6 Sea Level Projection Tool (NASA/IPCC),https://sealevel.nasa.gov/data_tools/17,기관 이용약관,B-008_NASA 해수면 상승 전망 (SSP 1~5).xlsx,1.1_observation(측정값),912,
B-008,"NASA 해수면 상승 전망[SSP1, SSP2, SSP3, SSP4, SSP5]",observation,vnm-v121-b-008-obs-913-9e8b95cf08e61ee9,B-008_rsl_1003_ssp119_q95,VNM,2020,-0.015,m,,,,,,[전망치],IPCC AR6 Sea Level Projection Tool (NASA/IPCC),https://sealevel.nasa.gov/data_tools/17,기관 이용약관,B-008_NASA 해수면 상승 전망 (SSP 1~5).xlsx,1.1_observation(측정값),913,
B-008,"NASA 해수면 상승 전망[SSP1, SSP2, SSP3, SSP4, SSP5]",observation,vnm-v121-b-008-obs-914-c8f7013ba2085282,B-008_rsl_1003_ssp119_q95,VNM,2030,-0.005,m,,,,,,[전망치],IPCC AR6 Sea Level Projection Tool (NASA/IPCC),https://sealevel.nasa.gov/data_tools/17,기관 이용약관,B-008_NASA 해수면 상승 전망 (SSP 1~5).xlsx,1.1_observation(측정값),914,
B-008,"NASA 해수면 상승 전망[SSP1, SSP2, SSP3, SSP4, SSP5]",observation,vnm-v121-b-008-obs-915-268566ec8ec1e369,B-008_rsl_1003_ssp119_q95,VNM,2040,-0.004,m,,,,,,[전망치],IPCC AR6 Sea Level Projection Tool (NASA/IPCC),https://sealevel.nasa.gov/data_tools/17,기관 이용약관,B-008_NASA 해수면 상승 전망 (SSP 1~5).xlsx,1.1_observation(측정값),915,
B-008,"NASA 해수면 상승 전망[SSP1, SSP2, SSP3, SSP4, SSP5]",observation,vnm-v121-b-008-obs-916-b3706df9877331a2,B-008_rsl_1003_ssp119_q95,VNM,2050,0.011,m,,,,,,[전망치],IPCC AR6 Sea Level Projection Tool (NASA/IPCC),https://sealevel.nasa.gov/data_tools/17,기관 이용약관,B-008_NASA 해수면 상승 전망 (SSP 1~5).xlsx,1.1_observation(측정값),916,
B-008,"NASA 해수면 상승 전망[SSP1, SSP2, SSP3, SSP4, SSP5]",observation,vnm-v121-b-008-obs-917-4a19b42827b1cd56,B-008_rsl_1003_ssp119_q95,VNM,2060,0.015,m,,,,,,[전망치],IPCC AR6 Sea Level Projection Tool (NASA/IPCC),https://sealevel.nasa.gov/data_tools/17,기관 이용약관,B-008_NASA 해수면 상승 전망 (SSP 1~5).xlsx,1.1_observation(측정값),917,
B-008,"NASA 해수면 상승 전망[SSP1, SSP2, SSP3, SSP4, SSP5]",observation,vnm-v121-b-008-obs-918-dd99805c164d2c59,B-008_rsl_1003_ssp119_q95,VNM,2070,0.04,m,,,,,,[전망치],IPCC AR6 Sea Level Projection Tool (NASA/IPCC),https://sealevel.nasa.gov/data_tools/17,기관 이용약관,B-008_NASA 해수면 상승 전망 (SSP 1~5).xlsx,1.1_observation(측정값),918,
B-008,"NASA 해수면 상승 전망[SSP1, SSP2, SSP3, SSP4, SSP5]",observation,vnm-v121-b-008-obs-919-df4b392ccb5424de,B-008_rsl_1003_ssp119_q95,VNM,2080,0.049,m,,,,,,[전망치],IPCC AR6 Sea Level Projection Tool (NASA/IPCC),https://sealevel.nasa.gov/data_tools/17,기관 이용약관,B-008_NASA 해수면 상승 전망 (SSP 1~5).xlsx,1.1_observation(측정값),919,
B-008,"NASA 해수면 상승 전망[SSP1, SSP2, SSP3, SSP4, SSP5]",observation,vnm-v121-b-008-obs-920-7e52542241eda90c,B-008_rsl_1003_ssp119_q95,VNM,2090,0.069,m,,,,,,[전망치],IPCC AR6 Sea Level Projection Tool (NASA/IPCC),https://sealevel.nasa.gov/data_tools/17,기관 이용약관,B-008_NASA 해수면 상승 전망 (SSP 1~5).xlsx,1.1_observation(측정값),920,
B-008,"NASA 해수면 상승 전망[SSP1, SSP2, SSP3, SSP4, SSP5]",observation,vnm-v121-b-008-obs-921-738319645cefb9e9,B-008_rsl_1003_ssp119_q95,VNM,2100,0.098,m,,,,,,[전망치],IPCC AR6 Sea Level Projection Tool (NASA/IPCC),https://sealevel.nasa.gov/data_tools/17,기관 이용약관,B-008_NASA 해수면 상승 전망 (SSP 1~5).xlsx,1.1_observation(측정값),921,
B-008,"NASA 해수면 상승 전망[SSP1, SSP2, SSP3, SSP4, SSP5]",observation,vnm-v121-b-008-obs-922-85ab13104ce1f07f,B-008_rsl_1003_ssp126_q5,VNM,2020,-0.111,m,,,,,,[전망치],IPCC AR6 Sea Level Projection Tool (NASA/IPCC),https://sealevel.nasa.gov/data_tools/17,기관 이용약관,B-008_NASA 해수면 상승 전망 (SSP 1~5).xlsx,1.1_observation(측정값),922,
B-008,"NASA 해수면 상승 전망[SSP1, SSP2, SSP3, SSP4, SSP5]",observation,vnm-v121-b-008-obs-923-08bcd284d09de5d1,B-008_rsl_1003_ssp126_q5,VNM,2030,-0.153,m,,,,,,[전망치],IPCC AR6 Sea Level Projection Tool (NASA/IPCC),https://sealevel.nasa.gov/data_tools/17,기관 이용약관,B-008_NASA 해수면 상승 전망 (SSP 1~5).xlsx,1.1_observation(측정값),923,
B-008,"NASA 해수면 상승 전망[SSP1, SSP2, SSP3, SSP4, SSP5]",observation,vnm-v121-b-008-obs-924-05fb5cc3c5cd7436,B-008_rsl_1003_ssp126_q5,VNM,2040,-0.188,m,,,,,,[전망치],IPCC AR6 Sea Level Projection Tool (NASA/IPCC),https://sealevel.nasa.gov/data_tools/17,기관 이용약관,B-008_NASA 해수면 상승 전망 (SSP 1~5).xlsx,1.1_observation(측정값),924,
B-008,"NASA 해수면 상승 전망[SSP1, SSP2, SSP3, SSP4, SSP5]",observation,vnm-v121-b-008-obs-925-07893144da87c487,B-008_rsl_1003_ssp126_q5,VNM,2050,-0.22,m,,,,,,[전망치],IPCC AR6 Sea Level Projection Tool (NASA/IPCC),https://sealevel.nasa.gov/data_tools/17,기관 이용약관,B-008_NASA 해수면 상승 전망 (SSP 1~5).xlsx,1.1_observation(측정값),925,
B-008,"NASA 해수면 상승 전망[SSP1, SSP2, SSP3, SSP4, SSP5]",observation,vnm-v121-b-008-obs-926-ba646201629bd0d1,B-008_rsl_1003_ssp126_q5,VNM,2060,-0.265,m,,,,,,[전망치],IPCC AR6 Sea Level Projection Tool (NASA/IPCC),https://sealevel.nasa.gov/data_tools/17,기관 이용약관,B-008_NASA 해수면 상승 전망 (SSP 1~5).xlsx,1.1_observation(측정값),926,
B-008,"NASA 해수면 상승 전망[SSP1, SSP2, SSP3, SSP4, SSP5]",observation,vnm-v121-b-008-obs-927-5d64549d69ef2173,B-008_rsl_1003_ssp126_q5,VNM,2070,-0.301,m,,,,,,[전망치],IPCC AR6 Sea Level Projection Tool (NASA/IPCC),https://sealevel.nasa.gov/data_tools/17,기관 이용약관,B-008_NASA 해수면 상승 전망 (SSP 1~5).xlsx,1.1_observation(측정값),927,
B-008,"NASA 해수면 상승 전망[SSP1, SSP2, SSP3, SSP4, SSP5]",observation,vnm-v121-b-008-obs-928-7b3ef2a1843a4fee,B-008_rsl_1003_ssp126_q5,VNM,2080,-0.352,m,,,,,,[전망치],IPCC AR6 Sea Level Projection Tool (NASA/IPCC),https://sealevel.nasa.gov/data_tools/17,기관 이용약관,B-008_NASA 해수면 상승 전망 (SSP 1~5).xlsx,1.1_observation(측정값),928,
B-008,"NASA 해수면 상승 전망[SSP1, SSP2, SSP3, SSP4, SSP5]",observation,vnm-v121-b-008-obs-929-6b224b3f95875976,B-008_rsl_1003_ssp126_q5,VNM,2090,-0.402,m,,,,,,[전망치],IPCC AR6 Sea Level Projection Tool (NASA/IPCC),https://sealevel.nasa.gov/data_tools/17,기관 이용약관,B-008_NASA 해수면 상승 전망 (SSP 1~5).xlsx,1.1_observation(측정값),929,
B-008,"NASA 해수면 상승 전망[SSP1, SSP2, SSP3, SSP4, SSP5]",observation,vnm-v121-b-008-obs-930-550be541f5bdb706,B-008_rsl_1003_ssp126_q5,VNM,2100,-0.488,m,,,,,,[전망치],IPCC AR6 Sea Level Projection Tool (NASA/IPCC),https://sealevel.nasa.gov/data_tools/17,기관 이용약관,B-008_NASA 해수면 상승 전망 (SSP 1~5).xlsx,1.1_observation(측정값),930,
B-008,"NASA 해수면 상승 전망[SSP1, SSP2, SSP3, SSP4, SSP5]",observation,vnm-v121-b-008-obs-931-14e9c0bd4dc5d5d6,B-008_rsl_1003_ssp126_q95,VNM,2020,0.002,m,,,,,,[전망치],IPCC AR6 Sea Level Projection Tool (NASA/IPCC),https://sealevel.nasa.gov/data_tools/17,기관 이용약관,B-008_NASA 해수면 상승 전망 (SSP 1~5).xlsx,1.1_observation(측정값),931,
B-008,"NASA 해수면 상승 전망[SSP1, SSP2, SSP3, SSP4, SSP5]",observation,vnm-v121-b-008-obs-932-00ac9544e026a7a2,B-008_rsl_1003_ssp126_q95,VNM,2030,-0.003,m,,,,,,[전망치],IPCC AR6 Sea Level Projection Tool (NASA/IPCC),https://sealevel.nasa.gov/data_tools/17,기관 이용약관,B-008_NASA 해수면 상승 전망 (SSP 1~5).xlsx,1.1_observation(측정값),932,
B-008,"NASA 해수면 상승 전망[SSP1, SSP2, SSP3, SSP4, SSP5]",observation,vnm-v121-b-008-obs-933-c85802cc59aa7dc4,B-008_rsl_1003_ssp126_q95,VNM,2040,-0.006,m,,,,,,[전망치],IPCC AR6 Sea Level Projection Tool (NASA/IPCC),https://sealevel.nasa.gov/data_tools/17,기관 이용약관,B-008_NASA 해수면 상승 전망 (SSP 1~5).xlsx,1.1_observation(측정값),933,
B-008,"NASA 해수면 상승 전망[SSP1, SSP2, SSP3, SSP4, SSP5]",observation,vnm-v121-b-008-obs-934-7a294917cd2fde7e,B-008_rsl_1003_ssp126_q95,VNM,2050,0.015,m,,,,,,[전망치],IPCC AR6 Sea Level Projection Tool (NASA/IPCC),https://sealevel.nasa.gov/data_tools/17,기관 이용약관,B-008_NASA 해수면 상승 전망 (SSP 1~5).xlsx,1.1_observation(측정값),934,
B-008,"NASA 해수면 상승 전망[SSP1, SSP2, SSP3, SSP4, SSP5]",observation,vnm-v121-b-008-obs-935-9ca40f08a36ce23f,B-008_rsl_1003_ssp126_q95,VNM,2060,0.031,m,,,,,,[전망치],IPCC AR6 Sea Level Projection Tool (NASA/IPCC),https://sealevel.nasa.gov/data_tools/17,기관 이용약관,B-008_NASA 해수면 상승 전망 (SSP 1~5).xlsx,1.1_observation(측정값),935,
B-008,"NASA 해수면 상승 전망[SSP1, SSP2, SSP3, SSP4, SSP5]",observation,vnm-v121-b-008-obs-936-fe099c5f790faf5d,B-008_rsl_1003_ssp126_q95,VNM,2070,0.063,m,,,,,,[전망치],IPCC AR6 Sea Level Projection Tool (NASA/IPCC),https://sealevel.nasa.gov/data_tools/17,기관 이용약관,B-008_NASA 해수면 상승 전망 (SSP 1~5).xlsx,1.1_observation(측정값),936,
B-008,"NASA 해수면 상승 전망[SSP1, SSP2, SSP3, SSP4, SSP5]",observation,vnm-v121-b-008-obs-937-1d7447ae9cd9e4cb,B-008_rsl_1003_ssp126_q95,VNM,2080,0.097,m,,,,,,[전망치],IPCC AR6 Sea Level Projection Tool (NASA/IPCC),https://sealevel.nasa.gov/data_tools/17,기관 이용약관,B-008_NASA 해수면 상승 전망 (SSP 1~5).xlsx,1.1_observation(측정값),937,
B-008,"NASA 해수면 상승 전망[SSP1, SSP2, SSP3, SSP4, SSP5]",observation,vnm-v121-b-008-obs-938-6b24f0aaf68f3191,B-008_rsl_1003_ssp126_q95,VNM,2090,0.124,m,,,,,,[전망치],IPCC AR6 Sea Level Projection Tool (NASA/IPCC),https://sealevel.nasa.gov/data_tools/17,기관 이용약관,B-008_NASA 해수면 상승 전망 (SSP 1~5).xlsx,1.1_observation(측정값),938,
B-008,"NASA 해수면 상승 전망[SSP1, SSP2, SSP3, SSP4, SSP5]",observation,vnm-v121-b-008-obs-939-dc99ceae377c99f5,B-008_rsl_1003_ssp126_q95,VNM,2100,0.16,m,,,,,,[전망치],IPCC AR6 Sea Level Projection Tool (NASA/IPCC),https://sealevel.nasa.gov/data_tools/17,기관 이용약관,B-008_NASA 해수면 상승 전망 (SSP 1~5).xlsx,1.1_observation(측정값),939,
B-008,"NASA 해수면 상승 전망[SSP1, SSP2, SSP3, SSP4, SSP5]",observation,vnm-v121-b-008-obs-940-cb9a79ee4dd92e00,B-008_rsl_1003_ssp245_q5,VNM,2020,-0.101,m,,,,,,[전망치],IPCC AR6 Sea Level Projection Tool (NASA/IPCC),https://sealevel.nasa.gov/data_tools/17,기관 이용약관,B-008_NASA 해수면 상승 전망 (SSP 1~5).xlsx,1.1_observation(측정값),940,
B-008,"NASA 해수면 상승 전망[SSP1, SSP2, SSP3, SSP4, SSP5]",observation,vnm-v121-b-008-obs-941-e6b6869e98e11be1,B-008_rsl_1003_ssp245_q5,VNM,2030,-0.143,m,,,,,,[전망치],IPCC AR6 Sea Level Projection Tool (NASA/IPCC),https://sealevel.nasa.gov/data_tools/17,기관 이용약관,B-008_NASA 해수면 상승 전망 (SSP 1~5).xlsx,1.1_observation(측정값),941,
B-008,"NASA 해수면 상승 전망[SSP1, SSP2, SSP3, SSP4, SSP5]",observation,vnm-v121-b-008-obs-942-59689c74e6fbbb9f,B-008_rsl_1003_ssp245_q5,VNM,2040,-0.183,m,,,,,,[전망치],IPCC AR6 Sea Level Projection Tool (NASA/IPCC),https://sealevel.nasa.gov/data_tools/17,기관 이용약관,B-008_NASA 해수면 상승 전망 (SSP 1~5).xlsx,1.1_observation(측정값),942,
B-008,"NASA 해수면 상승 전망[SSP1, SSP2, SSP3, SSP4, SSP5]",observation,vnm-v121-b-008-obs-943-f39df1b8130006f2,B-008_rsl_1003_ssp245_q5,VNM,2050,-0.208,m,,,,,,[전망치],IPCC AR6 Sea Level Projection Tool (NASA/IPCC),https://sealevel.nasa.gov/data_tools/17,기관 이용약관,B-008_NASA 해수면 상승 전망 (SSP 1~5).xlsx,1.1_observation(측정값),943,
B-008,"NASA 해수면 상승 전망[SSP1, SSP2, SSP3, SSP4, SSP5]",observation,vnm-v121-b-008-obs-944-a7cb63726353c4a2,B-008_rsl_1003_ssp245_q5,VNM,2060,-0.241,m,,,,,,[전망치],IPCC AR6 Sea Level Projection Tool (NASA/IPCC),https://sealevel.nasa.gov/data_tools/17,기관 이용약관,B-008_NASA 해수면 상승 전망 (SSP 1~5).xlsx,1.1_observation(측정값),944,
B-008,"NASA 해수면 상승 전망[SSP1, SSP2, SSP3, SSP4, SSP5]",observation,vnm-v121-b-008-obs-945-d49b5c9b33cc3126,B-008_rsl_1003_ssp245_q5,VNM,2070,-0.275,m,,,,,,[전망치],IPCC AR6 Sea Level Projection Tool (NASA/IPCC),https://sealevel.nasa.gov/data_tools/17,기관 이용약관,B-008_NASA 해수면 상승 전망 (SSP 1~5).xlsx,1.1_observation(측정값),945,
B-008,"NASA 해수면 상승 전망[SSP1, SSP2, SSP3, SSP4, SSP5]",observation,vnm-v121-b-008-obs-946-b039ef29508ff98c,B-008_rsl_1003_ssp245_q5,VNM,2080,-0.308,m,,,,,,[전망치],IPCC AR6 Sea Level Projection Tool (NASA/IPCC),https://sealevel.nasa.gov/data_tools/17,기관 이용약관,B-008_NASA 해수면 상승 전망 (SSP 1~5).xlsx,1.1_observation(측정값),946,
B-008,"NASA 해수면 상승 전망[SSP1, SSP2, SSP3, SSP4, SSP5]",observation,vnm-v121-b-008-obs-947-33e8bc586a2cf34e,B-008_rsl_1003_ssp245_q5,VNM,2090,-0.34,m,,,,,,[전망치],IPCC AR6 Sea Level Projection Tool (NASA/IPCC),https://sealevel.nasa.gov/data_tools/17,기관 이용약관,B-008_NASA 해수면 상승 전망 (SSP 1~5).xlsx,1.1_observation(측정값),947,
B-008,"NASA 해수면 상승 전망[SSP1, SSP2, SSP3, SSP4, SSP5]",observation,vnm-v121-b-008-obs-948-5226b434b220bb6d,B-008_rsl_1003_ssp245_q5,VNM,2100,-0.355,m,,,,,,[전망치],IPCC AR6 Sea Level Projection Tool (NASA/IPCC),https://sealevel.nasa.gov/data_tools/17,기관 이용약관,B-008_NASA 해수면 상승 전망 (SSP 1~5).xlsx,1.1_observation(측정값),948,
B-008,"NASA 해수면 상승 전망[SSP1, SSP2, SSP3, SSP4, SSP5]",observation,vnm-v121-b-008-obs-949-874e874638012433,B-008_rsl_1003_ssp245_q95,VNM,2020,-0.008,m,,,,,,[전망치],IPCC AR6 Sea Level Projection Tool (NASA/IPCC),https://sealevel.nasa.gov/data_tools/17,기관 이용약관,B-008_NASA 해수면 상승 전망 (SSP 1~5).xlsx,1.1_observation(측정값),949,
B-008,"NASA 해수면 상승 전망[SSP1, SSP2, SSP3, SSP4, SSP5]",observation,vnm-v121-b-008-obs-950-29c19b2c1fbd330c,B-008_rsl_1003_ssp245_q95,VNM,2030,-0.011,m,,,,,,[전망치],IPCC AR6 Sea Level Projection Tool (NASA/IPCC),https://sealevel.nasa.gov/data_tools/17,기관 이용약관,B-008_NASA 해수면 상승 전망 (SSP 1~5).xlsx,1.1_observation(측정값),950,
B-008,"NASA 해수면 상승 전망[SSP1, SSP2, SSP3, SSP4, SSP5]",observation,vnm-v121-b-008-obs-951-34811f0bd1eb58ee,B-008_rsl_1003_ssp245_q95,VNM,2040,-0.003,m,,,,,,[전망치],IPCC AR6 Sea Level Projection Tool (NASA/IPCC),https://sealevel.nasa.gov/data_tools/17,기관 이용약관,B-008_NASA 해수면 상승 전망 (SSP 1~5).xlsx,1.1_observation(측정값),951,
B-008,"NASA 해수면 상승 전망[SSP1, SSP2, SSP3, SSP4, SSP5]",observation,vnm-v121-b-008-obs-952-f6fd83725726cdc7,B-008_rsl_1003_ssp245_q95,VNM,2050,0.029,m,,,,,,[전망치],IPCC AR6 Sea Level Projection Tool (NASA/IPCC),https://sealevel.nasa.gov/data_tools/17,기관 이용약관,B-008_NASA 해수면 상승 전망 (SSP 1~5).xlsx,1.1_observation(측정값),952,
B-008,"NASA 해수면 상승 전망[SSP1, SSP2, SSP3, SSP4, SSP5]",observation,vnm-v121-b-008-obs-953-01969f1b267606aa,B-008_rsl_1003_ssp245_q95,VNM,2060,0.064,m,,,,,,[전망치],IPCC AR6 Sea Level Projection Tool (NASA/IPCC),https://sealevel.nasa.gov/data_tools/17,기관 이용약관,B-008_NASA 해수면 상승 전망 (SSP 1~5).xlsx,1.1_observation(측정값),953,
B-008,"NASA 해수면 상승 전망[SSP1, SSP2, SSP3, SSP4, SSP5]",observation,vnm-v121-b-008-obs-954-c34d0c60cc0634a5,B-008_rsl_1003_ssp245_q95,VNM,2070,0.114,m,,,,,,[전망치],IPCC AR6 Sea Level Projection Tool (NASA/IPCC),https://sealevel.nasa.gov/data_tools/17,기관 이용약관,B-008_NASA 해수면 상승 전망 (SSP 1~5).xlsx,1.1_observation(측정값),954,
B-008,"NASA 해수면 상승 전망[SSP1, SSP2, SSP3, SSP4, SSP5]",observation,vnm-v121-b-008-obs-955-dabce6a58fe309bc,B-008_rsl_1003_ssp245_q95,VNM,2080,0.169,m,,,,,,[전망치],IPCC AR6 Sea Level Projection Tool (NASA/IPCC),https://sealevel.nasa.gov/data_tools/17,기관 이용약관,B-008_NASA 해수면 상승 전망 (SSP 1~5).xlsx,1.1_observation(측정값),955,
B-008,"NASA 해수면 상승 전망[SSP1, SSP2, SSP3, SSP4, SSP5]",observation,vnm-v121-b-008-obs-956-489b1e3d459fc0ac,B-008_rsl_1003_ssp245_q95,VNM,2090,0.242,m,,,,,,[전망치],IPCC AR6 Sea Level Projection Tool (NASA/IPCC),https://sealevel.nasa.gov/data_tools/17,기관 이용약관,B-008_NASA 해수면 상승 전망 (SSP 1~5).xlsx,1.1_observation(측정값),956,
B-008,"NASA 해수면 상승 전망[SSP1, SSP2, SSP3, SSP4, SSP5]",observation,vnm-v121-b-008-obs-957-577a6bbd18b6e388,B-008_rsl_1003_ssp245_q95,VNM,2100,0.341,m,,,,,,[전망치],IPCC AR6 Sea Level Projection Tool (NASA/IPCC),https://sealevel.nasa.gov/data_tools/17,기관 이용약관,B-008_NASA 해수면 상승 전망 (SSP 1~5).xlsx,1.1_observation(측정값),957,
B-008,"NASA 해수면 상승 전망[SSP1, SSP2, SSP3, SSP4, SSP5]",observation,vnm-v121-b-008-obs-958-d1223c2859db0c0e,B-008_rsl_1003_ssp370_q5,VNM,2020,-0.105,m,,,,,,[전망치],IPCC AR6 Sea Level Projection Tool (NASA/IPCC),https://sealevel.nasa.gov/data_tools/17,기관 이용약관,B-008_NASA 해수면 상승 전망 (SSP 1~5).xlsx,1.1_observation(측정값),958,
B-008,"NASA 해수면 상승 전망[SSP1, SSP2, SSP3, SSP4, SSP5]",observation,vnm-v121-b-008-obs-959-1027b21637b7f3c8,B-008_rsl_1003_ssp370_q5,VNM,2030,-0.147,m,,,,,,[전망치],IPCC AR6 Sea Level Projection Tool (NASA/IPCC),https://sealevel.nasa.gov/data_tools/17,기관 이용약관,B-008_NASA 해수면 상승 전망 (SSP 1~5).xlsx,1.1_observation(측정값),959,
B-008,"NASA 해수면 상승 전망[SSP1, SSP2, SSP3, SSP4, SSP5]",observation,vnm-v121-b-008-obs-960-7d9526f30d950e8c,B-008_rsl_1003_ssp370_q5,VNM,2040,-0.182,m,,,,,,[전망치],IPCC AR6 Sea Level Projection Tool (NASA/IPCC),https://sealevel.nasa.gov/data_tools/17,기관 이용약관,B-008_NASA 해수면 상승 전망 (SSP 1~5).xlsx,1.1_observation(측정값),960,
B-008,"NASA 해수면 상승 전망[SSP1, SSP2, SSP3, SSP4, SSP5]",observation,vnm-v121-b-008-obs-961-f35caa6bd074c2c7,B-008_rsl_1003_ssp370_q5,VNM,2050,-0.209,m,,,,,,[전망치],IPCC AR6 Sea Level Projection Tool (NASA/IPCC),https://sealevel.nasa.gov/data_tools/17,기관 이용약관,B-008_NASA 해수면 상승 전망 (SSP 1~5).xlsx,1.1_observation(측정값),961,
B-008,"NASA 해수면 상승 전망[SSP1, SSP2, SSP3, SSP4, SSP5]",observation,vnm-v121-b-008-obs-962-9bd772c3bbe060ac,B-008_rsl_1003_ssp370_q5,VNM,2060,-0.236,m,,,,,,[전망치],IPCC AR6 Sea Level Projection Tool (NASA/IPCC),https://sealevel.nasa.gov/data_tools/17,기관 이용약관,B-008_NASA 해수면 상승 전망 (SSP 1~5).xlsx,1.1_observation(측정값),962,
B-008,"NASA 해수면 상승 전망[SSP1, SSP2, SSP3, SSP4, SSP5]",observation,vnm-v121-b-008-obs-963-bb980facae52a78f,B-008_rsl_1003_ssp370_q5,VNM,2070,-0.251,m,,,,,,[전망치],IPCC AR6 Sea Level Projection Tool (NASA/IPCC),https://sealevel.nasa.gov/data_tools/17,기관 이용약관,B-008_NASA 해수면 상승 전망 (SSP 1~5).xlsx,1.1_observation(측정값),963,
B-008,"NASA 해수면 상승 전망[SSP1, SSP2, SSP3, SSP4, SSP5]",observation,vnm-v121-b-008-obs-964-0b0f56b4f29317cc,B-008_rsl_1003_ssp370_q5,VNM,2080,-0.265,m,,,,,,[전망치],IPCC AR6 Sea Level Projection Tool (NASA/IPCC),https://sealevel.nasa.gov/data_tools/17,기관 이용약관,B-008_NASA 해수면 상승 전망 (SSP 1~5).xlsx,1.1_observation(측정값),964,
B-008,"NASA 해수면 상승 전망[SSP1, SSP2, SSP3, SSP4, SSP5]",observation,vnm-v121-b-008-obs-965-62f96b6f9f1adbab,B-008_rsl_1003_ssp370_q5,VNM,2090,-0.264,m,,,,,,[전망치],IPCC AR6 Sea Level Projection Tool (NASA/IPCC),https://sealevel.nasa.gov/data_tools/17,기관 이용약관,B-008_NASA 해수면 상승 전망 (SSP 1~5).xlsx,1.1_observation(측정값),965,
B-008,"NASA 해수면 상승 전망[SSP1, SSP2, SSP3, SSP4, SSP5]",observation,vnm-v121-b-008-obs-966-9f0c66aed761f707,B-008_rsl_1003_ssp370_q5,VNM,2100,-0.267,m,,,,,,[전망치],IPCC AR6 Sea Level Projection Tool (NASA/IPCC),https://sealevel.nasa.gov/data_tools/17,기관 이용약관,B-008_NASA 해수면 상승 전망 (SSP 1~5).xlsx,1.1_observation(측정값),966,
B-008,"NASA 해수면 상승 전망[SSP1, SSP2, SSP3, SSP4, SSP5]",observation,vnm-v121-b-008-obs-967-d4be0ee567fb14c1,B-008_rsl_1003_ssp370_q95,VNM,2020,-0.012,m,,,,,,[전망치],IPCC AR6 Sea Level Projection Tool (NASA/IPCC),https://sealevel.nasa.gov/data_tools/17,기관 이용약관,B-008_NASA 해수면 상승 전망 (SSP 1~5).xlsx,1.1_observation(측정값),967,
B-008,"NASA 해수면 상승 전망[SSP1, SSP2, SSP3, SSP4, SSP5]",observation,vnm-v121-b-008-obs-968-8e2eaf92ff48b897,B-008_rsl_1003_ssp370_q95,VNM,2030,-0.012,m,,,,,,[전망치],IPCC AR6 Sea Level Projection Tool (NASA/IPCC),https://sealevel.nasa.gov/data_tools/17,기관 이용약관,B-008_NASA 해수면 상승 전망 (SSP 1~5).xlsx,1.1_observation(측정값),968,
B-008,"NASA 해수면 상승 전망[SSP1, SSP2, SSP3, SSP4, SSP5]",observation,vnm-v121-b-008-obs-969-b9de8798a3f4b257,B-008_rsl_1003_ssp370_q95,VNM,2040,0,m,,,,,,[전망치],IPCC AR6 Sea Level Projection Tool (NASA/IPCC),https://sealevel.nasa.gov/data_tools/17,기관 이용약관,B-008_NASA 해수면 상승 전망 (SSP 1~5).xlsx,1.1_observation(측정값),969,
B-008,"NASA 해수면 상승 전망[SSP1, SSP2, SSP3, SSP4, SSP5]",observation,vnm-v121-b-008-obs-970-70eeb81abcfc77dc,B-008_rsl_1003_ssp370_q95,VNM,2050,0.036,m,,,,,,[전망치],IPCC AR6 Sea Level Projection Tool (NASA/IPCC),https://sealevel.nasa.gov/data_tools/17,기관 이용약관,B-008_NASA 해수면 상승 전망 (SSP 1~5).xlsx,1.1_observation(측정값),970,
B-008,"NASA 해수면 상승 전망[SSP1, SSP2, SSP3, SSP4, SSP5]",observation,vnm-v121-b-008-obs-971-b6a94ff555f2273a,B-008_rsl_1003_ssp370_q95,VNM,2060,0.076,m,,,,,,[전망치],IPCC AR6 Sea Level Projection Tool (NASA/IPCC),https://sealevel.nasa.gov/data_tools/17,기관 이용약관,B-008_NASA 해수면 상승 전망 (SSP 1~5).xlsx,1.1_observation(측정값),971,
B-008,"NASA 해수면 상승 전망[SSP1, SSP2, SSP3, SSP4, SSP5]",observation,vnm-v121-b-008-obs-972-976764f7a7f6c49b,B-008_rsl_1003_ssp370_q95,VNM,2070,0.145,m,,,,,,[전망치],IPCC AR6 Sea Level Projection Tool (NASA/IPCC),https://sealevel.nasa.gov/data_tools/17,기관 이용약관,B-008_NASA 해수면 상승 전망 (SSP 1~5).xlsx,1.1_observation(측정값),972,
B-008,"NASA 해수면 상승 전망[SSP1, SSP2, SSP3, SSP4, SSP5]",observation,vnm-v121-b-008-obs-973-efb844fbcab3c71f,B-008_rsl_1003_ssp370_q95,VNM,2080,0.238,m,,,,,,[전망치],IPCC AR6 Sea Level Projection Tool (NASA/IPCC),https://sealevel.nasa.gov/data_tools/17,기관 이용약관,B-008_NASA 해수면 상승 전망 (SSP 1~5).xlsx,1.1_observation(측정값),973,
B-008,"NASA 해수면 상승 전망[SSP1, SSP2, SSP3, SSP4, SSP5]",observation,vnm-v121-b-008-obs-974-944187a9a946bba9,B-008_rsl_1003_ssp370_q95,VNM,2090,0.347,m,,,,,,[전망치],IPCC AR6 Sea Level Projection Tool (NASA/IPCC),https://sealevel.nasa.gov/data_tools/17,기관 이용약관,B-008_NASA 해수면 상승 전망 (SSP 1~5).xlsx,1.1_observation(측정값),974,
B-008,"NASA 해수면 상승 전망[SSP1, SSP2, SSP3, SSP4, SSP5]",observation,vnm-v121-b-008-obs-975-73ad8fb4d29231e2,B-008_rsl_1003_ssp370_q95,VNM,2100,0.489,m,,,,,,[전망치],IPCC AR6 Sea Level Projection Tool (NASA/IPCC),https://sealevel.nasa.gov/data_tools/17,기관 이용약관,B-008_NASA 해수면 상승 전망 (SSP 1~5).xlsx,1.1_observation(측정값),975,
B-008,"NASA 해수면 상승 전망[SSP1, SSP2, SSP3, SSP4, SSP5]",observation,vnm-v121-b-008-obs-976-c1fa131a2f895992,B-008_rsl_1003_ssp585_q5,VNM,2020,-0.098,m,,,,,,[전망치],IPCC AR6 Sea Level Projection Tool (NASA/IPCC),https://sealevel.nasa.gov/data_tools/17,기관 이용약관,B-008_NASA 해수면 상승 전망 (SSP 1~5).xlsx,1.1_observation(측정값),976,
B-008,"NASA 해수면 상승 전망[SSP1, SSP2, SSP3, SSP4, SSP5]",observation,vnm-v121-b-008-obs-977-c7c360714ba6c3be,B-008_rsl_1003_ssp585_q5,VNM,2030,-0.137,m,,,,,,[전망치],IPCC AR6 Sea Level Projection Tool (NASA/IPCC),https://sealevel.nasa.gov/data_tools/17,기관 이용약관,B-008_NASA 해수면 상승 전망 (SSP 1~5).xlsx,1.1_observation(측정값),977,
B-008,"NASA 해수면 상승 전망[SSP1, SSP2, SSP3, SSP4, SSP5]",observation,vnm-v121-b-008-obs-978-eb5a4d0a2f3f4705,B-008_rsl_1003_ssp585_q5,VNM,2040,-0.169,m,,,,,,[전망치],IPCC AR6 Sea Level Projection Tool (NASA/IPCC),https://sealevel.nasa.gov/data_tools/17,기관 이용약관,B-008_NASA 해수면 상승 전망 (SSP 1~5).xlsx,1.1_observation(측정값),978,
B-008,"NASA 해수면 상승 전망[SSP1, SSP2, SSP3, SSP4, SSP5]",observation,vnm-v121-b-008-obs-979-a80d9f98a0bcd9c3,B-008_rsl_1003_ssp585_q5,VNM,2050,-0.187,m,,,,,,[전망치],IPCC AR6 Sea Level Projection Tool (NASA/IPCC),https://sealevel.nasa.gov/data_tools/17,기관 이용약관,B-008_NASA 해수면 상승 전망 (SSP 1~5).xlsx,1.1_observation(측정값),979,
B-008,"NASA 해수면 상승 전망[SSP1, SSP2, SSP3, SSP4, SSP5]",observation,vnm-v121-b-008-obs-980-0c06782f4f813029,B-008_rsl_1003_ssp585_q5,VNM,2060,-0.205,m,,,,,,[전망치],IPCC AR6 Sea Level Projection Tool (NASA/IPCC),https://sealevel.nasa.gov/data_tools/17,기관 이용약관,B-008_NASA 해수면 상승 전망 (SSP 1~5).xlsx,1.1_observation(측정값),980,
B-008,"NASA 해수면 상승 전망[SSP1, SSP2, SSP3, SSP4, SSP5]",observation,vnm-v121-b-008-obs-981-b39dab0b2ae3ba0a,B-008_rsl_1003_ssp585_q5,VNM,2070,-0.205,m,,,,,,[전망치],IPCC AR6 Sea Level Projection Tool (NASA/IPCC),https://sealevel.nasa.gov/data_tools/17,기관 이용약관,B-008_NASA 해수면 상승 전망 (SSP 1~5).xlsx,1.1_observation(측정값),981,
B-008,"NASA 해수면 상승 전망[SSP1, SSP2, SSP3, SSP4, SSP5]",observation,vnm-v121-b-008-obs-982-89b3f733bbb2704e,B-008_rsl_1003_ssp585_q5,VNM,2080,-0.204,m,,,,,,[전망치],IPCC AR6 Sea Level Projection Tool (NASA/IPCC),https://sealevel.nasa.gov/data_tools/17,기관 이용약관,B-008_NASA 해수면 상승 전망 (SSP 1~5).xlsx,1.1_observation(측정값),982,
B-008,"NASA 해수면 상승 전망[SSP1, SSP2, SSP3, SSP4, SSP5]",observation,vnm-v121-b-008-obs-983-08120017387edca1,B-008_rsl_1003_ssp585_q5,VNM,2090,-0.188,m,,,,,,[전망치],IPCC AR6 Sea Level Projection Tool (NASA/IPCC),https://sealevel.nasa.gov/data_tools/17,기관 이용약관,B-008_NASA 해수면 상승 전망 (SSP 1~5).xlsx,1.1_observation(측정값),983,
B-008,"NASA 해수면 상승 전망[SSP1, SSP2, SSP3, SSP4, SSP5]",observation,vnm-v121-b-008-obs-984-3682c9cb8494ccac,B-008_rsl_1003_ssp585_q5,VNM,2100,-0.177,m,,,,,,[전망치],IPCC AR6 Sea Level Projection Tool (NASA/IPCC),https://sealevel.nasa.gov/data_tools/17,기관 이용약관,B-008_NASA 해수면 상승 전망 (SSP 1~5).xlsx,1.1_observation(측정값),984,
B-008,"NASA 해수면 상승 전망[SSP1, SSP2, SSP3, SSP4, SSP5]",observation,vnm-v121-b-008-obs-985-2169c374ab531d8c,B-008_rsl_1003_ssp585_q95,VNM,2020,-0.011,m,,,,,,[전망치],IPCC AR6 Sea Level Projection Tool (NASA/IPCC),https://sealevel.nasa.gov/data_tools/17,기관 이용약관,B-008_NASA 해수면 상승 전망 (SSP 1~5).xlsx,1.1_observation(측정값),985,
B-008,"NASA 해수면 상승 전망[SSP1, SSP2, SSP3, SSP4, SSP5]",observation,vnm-v121-b-008-obs-986-e12694027b9e57c4,B-008_rsl_1003_ssp585_q95,VNM,2030,-0.007,m,,,,,,[전망치],IPCC AR6 Sea Level Projection Tool (NASA/IPCC),https://sealevel.nasa.gov/data_tools/17,기관 이용약관,B-008_NASA 해수면 상승 전망 (SSP 1~5).xlsx,1.1_observation(측정값),986,
B-008,"NASA 해수면 상승 전망[SSP1, SSP2, SSP3, SSP4, SSP5]",observation,vnm-v121-b-008-obs-987-e59136f7b0faf0c7,B-008_rsl_1003_ssp585_q95,VNM,2040,0.02,m,,,,,,[전망치],IPCC AR6 Sea Level Projection Tool (NASA/IPCC),https://sealevel.nasa.gov/data_tools/17,기관 이용약관,B-008_NASA 해수면 상승 전망 (SSP 1~5).xlsx,1.1_observation(측정값),987,
B-008,"NASA 해수면 상승 전망[SSP1, SSP2, SSP3, SSP4, SSP5]",observation,vnm-v121-b-008-obs-988-b36eb9607f3aac76,B-008_rsl_1003_ssp585_q95,VNM,2050,0.066,m,,,,,,[전망치],IPCC AR6 Sea Level Projection Tool (NASA/IPCC),https://sealevel.nasa.gov/data_tools/17,기관 이용약관,B-008_NASA 해수면 상승 전망 (SSP 1~5).xlsx,1.1_observation(측정값),988,
B-008,"NASA 해수면 상승 전망[SSP1, SSP2, SSP3, SSP4, SSP5]",observation,vnm-v121-b-008-obs-989-5695059b19464541,B-008_rsl_1003_ssp585_q95,VNM,2060,0.12,m,,,,,,[전망치],IPCC AR6 Sea Level Projection Tool (NASA/IPCC),https://sealevel.nasa.gov/data_tools/17,기관 이용약관,B-008_NASA 해수면 상승 전망 (SSP 1~5).xlsx,1.1_observation(측정값),989,
B-008,"NASA 해수면 상승 전망[SSP1, SSP2, SSP3, SSP4, SSP5]",observation,vnm-v121-b-008-obs-990-14f69234e66a60a4,B-008_rsl_1003_ssp585_q95,VNM,2070,0.209,m,,,,,,[전망치],IPCC AR6 Sea Level Projection Tool (NASA/IPCC),https://sealevel.nasa.gov/data_tools/17,기관 이용약관,B-008_NASA 해수면 상승 전망 (SSP 1~5).xlsx,1.1_observation(측정값),990,
B-008,"NASA 해수면 상승 전망[SSP1, SSP2, SSP3, SSP4, SSP5]",observation,vnm-v121-b-008-obs-991-66973eb3df44546d,B-008_rsl_1003_ssp585_q95,VNM,2080,0.325,m,,,,,,[전망치],IPCC AR6 Sea Level Projection Tool (NASA/IPCC),https://sealevel.nasa.gov/data_tools/17,기관 이용약관,B-008_NASA 해수면 상승 전망 (SSP 1~5).xlsx,1.1_observation(측정값),991,
B-008,"NASA 해수면 상승 전망[SSP1, SSP2, SSP3, SSP4, SSP5]",observation,vnm-v121-b-008-obs-992-5c92555f64932ccc,B-008_rsl_1003_ssp585_q95,VNM,2090,0.472,m,,,,,,[전망치],IPCC AR6 Sea Level Projection Tool (NASA/IPCC),https://sealevel.nasa.gov/data_tools/17,기관 이용약관,B-008_NASA 해수면 상승 전망 (SSP 1~5).xlsx,1.1_observation(측정값),992,
B-008,"NASA 해수면 상승 전망[SSP1, SSP2, SSP3, SSP4, SSP5]",observation,vnm-v121-b-008-obs-993-dddf5c78ae198487,B-008_rsl_1003_ssp585_q95,VNM,2100,0.643,m,,,,,,[전망치],IPCC AR6 Sea Level Projection Tool (NASA/IPCC),https://sealevel.nasa.gov/data_tools/17,기관 이용약관,B-008_NASA 해수면 상승 전망 (SSP 1~5).xlsx,1.1_observation(측정값),993,
B-008,"NASA 해수면 상승 전망[SSP1, SSP2, SSP3, SSP4, SSP5]",observation,vnm-v121-b-008-obs-994-133ff83b240b651c,B-008_rsl_low_1003_ssp126_q5,VNM,2020,-0.111,m,,,,,,[전망치],IPCC AR6 Sea Level Projection Tool (NASA/IPCC),https://sealevel.nasa.gov/data_tools/17,기관 이용약관,B-008_NASA 해수면 상승 전망 (SSP 1~5).xlsx,1.1_observation(측정값),994,
B-008,"NASA 해수면 상승 전망[SSP1, SSP2, SSP3, SSP4, SSP5]",observation,vnm-v121-b-008-obs-995-f1ba8ebd4c4362d5,B-008_rsl_low_1003_ssp126_q5,VNM,2030,-0.153,m,,,,,,[전망치],IPCC AR6 Sea Level Projection Tool (NASA/IPCC),https://sealevel.nasa.gov/data_tools/17,기관 이용약관,B-008_NASA 해수면 상승 전망 (SSP 1~5).xlsx,1.1_observation(측정값),995,
B-008,"NASA 해수면 상승 전망[SSP1, SSP2, SSP3, SSP4, SSP5]",observation,vnm-v121-b-008-obs-996-f103d63cd5877f86,B-008_rsl_low_1003_ssp126_q5,VNM,2040,-0.188,m,,,,,,[전망치],IPCC AR6 Sea Level Projection Tool (NASA/IPCC),https://sealevel.nasa.gov/data_tools/17,기관 이용약관,B-008_NASA 해수면 상승 전망 (SSP 1~5).xlsx,1.1_observation(측정값),996,
B-008,"NASA 해수면 상승 전망[SSP1, SSP2, SSP3, SSP4, SSP5]",observation,vnm-v121-b-008-obs-997-0cdf60f4496845dd,B-008_rsl_low_1003_ssp126_q5,VNM,2050,-0.22,m,,,,,,[전망치],IPCC AR6 Sea Level Projection Tool (NASA/IPCC),https://sealevel.nasa.gov/data_tools/17,기관 이용약관,B-008_NASA 해수면 상승 전망 (SSP 1~5).xlsx,1.1_observation(측정값),997,
B-008,"NASA 해수면 상승 전망[SSP1, SSP2, SSP3, SSP4, SSP5]",observation,vnm-v121-b-008-obs-998-4bf76a8bfc284599,B-008_rsl_low_1003_ssp126_q5,VNM,2060,-0.265,m,,,,,,[전망치],IPCC AR6 Sea Level Projection Tool (NASA/IPCC),https://sealevel.nasa.gov/data_tools/17,기관 이용약관,B-008_NASA 해수면 상승 전망 (SSP 1~5).xlsx,1.1_observation(측정값),998,
B-008,"NASA 해수면 상승 전망[SSP1, SSP2, SSP3, SSP4, SSP5]",observation,vnm-v121-b-008-obs-999-d3676e6944d54ac6,B-008_rsl_low_1003_ssp126_q5,VNM,2070,-0.301,m,,,,,,[전망치],IPCC AR6 Sea Level Projection Tool (NASA/IPCC),https://sealevel.nasa.gov/data_tools/17,기관 이용약관,B-008_NASA 해수면 상승 전망 (SSP 1~5).xlsx,1.1_observation(측정값),999,
B-008,"NASA 해수면 상승 전망[SSP1, SSP2, SSP3, SSP4, SSP5]",observation,vnm-v121-b-008-obs-1000-fd7846f3961946f1,B-008_rsl_low_1003_ssp126_q5,VNM,2080,-0.352,m,,,,,,[전망치],IPCC AR6 Sea Level Projection Tool (NASA/IPCC),https://sealevel.nasa.gov/data_tools/17,기관 이용약관,B-008_NASA 해수면 상승 전망 (SSP 1~5).xlsx,1.1_observation(측정값),1000,
B-008,"NASA 해수면 상승 전망[SSP1, SSP2, SSP3, SSP4, SSP5]",observation,vnm-v121-b-008-obs-1001-4a2ddc31741d8b78,B-008_rsl_low_1003_ssp126_q5,VNM,2090,-0.402,m,,,,,,[전망치],IPCC AR6 Sea Level Projection Tool (NASA/IPCC),https://sealevel.nasa.gov/data_tools/17,기관 이용약관,B-008_NASA 해수면 상승 전망 (SSP 1~5).xlsx,1.1_observation(측정값),1001,
B-008,"NASA 해수면 상승 전망[SSP1, SSP2, SSP3, SSP4, SSP5]",observation,vnm-v121-b-008-obs-1002-334f4f5bcb9cdd20,B-008_rsl_low_1003_ssp126_q5,VNM,2100,-0.488,m,,,,,,[전망치],IPCC AR6 Sea Level Projection Tool (NASA/IPCC),https://sealevel.nasa.gov/data_tools/17,기관 이용약관,B-008_NASA 해수면 상승 전망 (SSP 1~5).xlsx,1.1_observation(측정값),1002,
B-008,"NASA 해수면 상승 전망[SSP1, SSP2, SSP3, SSP4, SSP5]",observation,vnm-v121-b-008-obs-1003-26fd22a79e498322,B-008_rsl_low_1003_ssp126_q17,VNM,2020,-0.088,m,,,,,,[전망치],IPCC AR6 Sea Level Projection Tool (NASA/IPCC),https://sealevel.nasa.gov/data_tools/17,기관 이용약관,B-008_NASA 해수면 상승 전망 (SSP 1~5).xlsx,1.1_observation(측정값),1003,
B-008,"NASA 해수면 상승 전망[SSP1, SSP2, SSP3, SSP4, SSP5]",observation,vnm-v121-b-008-obs-1004-090bdcc02018936c,B-008_rsl_low_1003_ssp126_q17,VNM,2030,-0.125,m,,,,,,[전망치],IPCC AR6 Sea Level Projection Tool (NASA/IPCC),https://sealevel.nasa.gov/data_tools/17,기관 이용약관,B-008_NASA 해수면 상승 전망 (SSP 1~5).xlsx,1.1_observation(측정값),1004,
B-008,"NASA 해수면 상승 전망[SSP1, SSP2, SSP3, SSP4, SSP5]",observation,vnm-v121-b-008-obs-1005-db5287c7cd575ca5,B-008_rsl_low_1003_ssp126_q17,VNM,2040,-0.158,m,,,,,,[전망치],IPCC AR6 Sea Level Projection Tool (NASA/IPCC),https://sealevel.nasa.gov/data_tools/17,기관 이용약관,B-008_NASA 해수면 상승 전망 (SSP 1~5).xlsx,1.1_observation(측정값),1005,
B-008,"NASA 해수면 상승 전망[SSP1, SSP2, SSP3, SSP4, SSP5]",observation,vnm-v121-b-008-obs-1006-3108b281f46e9dc8,B-008_rsl_low_1003_ssp126_q17,VNM,2050,-0.184,m,,,,,,[전망치],IPCC AR6 Sea Level Projection Tool (NASA/IPCC),https://sealevel.nasa.gov/data_tools/17,기관 이용약관,B-008_NASA 해수면 상승 전망 (SSP 1~5).xlsx,1.1_observation(측정값),1006,
B-008,"NASA 해수면 상승 전망[SSP1, SSP2, SSP3, SSP4, SSP5]",observation,vnm-v121-b-008-obs-1007-93afbd97800555ab,B-008_rsl_low_1003_ssp126_q17,VNM,2060,-0.222,m,,,,,,[전망치],IPCC AR6 Sea Level Projection Tool (NASA/IPCC),https://sealevel.nasa.gov/data_tools/17,기관 이용약관,B-008_NASA 해수면 상승 전망 (SSP 1~5).xlsx,1.1_observation(측정값),1007,
B-008,"NASA 해수면 상승 전망[SSP1, SSP2, SSP3, SSP4, SSP5]",observation,vnm-v121-b-008-obs-1008-864ac227f23792b9,B-008_rsl_low_1003_ssp126_q17,VNM,2070,-0.25,m,,,,,,[전망치],IPCC AR6 Sea Level Projection Tool (NASA/IPCC),https://sealevel.nasa.gov/data_tools/17,기관 이용약관,B-008_NASA 해수면 상승 전망 (SSP 1~5).xlsx,1.1_observation(측정값),1008,
B-008,"NASA 해수면 상승 전망[SSP1, SSP2, SSP3, SSP4, SSP5]",observation,vnm-v121-b-008-obs-1009-2e989c140f30d22b,B-008_rsl_low_1003_ssp126_q17,VNM,2080,-0.291,m,,,,,,[전망치],IPCC AR6 Sea Level Projection Tool (NASA/IPCC),https://sealevel.nasa.gov/data_tools/17,기관 이용약관,B-008_NASA 해수면 상승 전망 (SSP 1~5).xlsx,1.1_observation(측정값),1009,
B-008,"NASA 해수면 상승 전망[SSP1, SSP2, SSP3, SSP4, SSP5]",observation,vnm-v121-b-008-obs-1010-f85cfd18ea492c28,B-008_rsl_low_1003_ssp126_q17,VNM,2090,-0.33,m,,,,,,[전망치],IPCC AR6 Sea Level Projection Tool (NASA/IPCC),https://sealevel.nasa.gov/data_tools/17,기관 이용약관,B-008_NASA 해수면 상승 전망 (SSP 1~5).xlsx,1.1_observation(측정값),1010,
B-008,"NASA 해수면 상승 전망[SSP1, SSP2, SSP3, SSP4, SSP5]",observation,vnm-v121-b-008-obs-1011-008e2c128632c8cb,B-008_rsl_low_1003_ssp126_q17,VNM,2100,-0.394,m,,,,,,[전망치],IPCC AR6 Sea Level Projection Tool (NASA/IPCC),https://sealevel.nasa.gov/data_tools/17,기관 이용약관,B-008_NASA 해수면 상승 전망 (SSP 1~5).xlsx,1.1_observation(측정값),1011,
B-008,"NASA 해수면 상승 전망[SSP1, SSP2, SSP3, SSP4, SSP5]",observation,vnm-v121-b-008-obs-1012-d40567fcea70f5dc,B-008_rsl_low_1003_ssp126_q50,VNM,2020,-0.054,m,,,,,,[전망치],IPCC AR6 Sea Level Projection Tool (NASA/IPCC),https://sealevel.nasa.gov/data_tools/17,기관 이용약관,B-008_NASA 해수면 상승 전망 (SSP 1~5).xlsx,1.1_observation(측정값),1012,
B-008,"NASA 해수면 상승 전망[SSP1, SSP2, SSP3, SSP4, SSP5]",observation,vnm-v121-b-008-obs-1013-d47cb4d3c349ddea,B-008_rsl_low_1003_ssp126_q50,VNM,2030,-0.08,m,,,,,,[전망치],IPCC AR6 Sea Level Projection Tool (NASA/IPCC),https://sealevel.nasa.gov/data_tools/17,기관 이용약관,B-008_NASA 해수면 상승 전망 (SSP 1~5).xlsx,1.1_observation(측정값),1013,
B-008,"NASA 해수면 상승 전망[SSP1, SSP2, SSP3, SSP4, SSP5]",observation,vnm-v121-b-008-obs-1014-906f419f31965300,B-008_rsl_low_1003_ssp126_q50,VNM,2040,-0.104,m,,,,,,[전망치],IPCC AR6 Sea Level Projection Tool (NASA/IPCC),https://sealevel.nasa.gov/data_tools/17,기관 이용약관,B-008_NASA 해수면 상승 전망 (SSP 1~5).xlsx,1.1_observation(측정값),1014,
B-008,"NASA 해수면 상승 전망[SSP1, SSP2, SSP3, SSP4, SSP5]",observation,vnm-v121-b-008-obs-1015-c4ef0509a25c9337,B-008_rsl_low_1003_ssp126_q50,VNM,2050,-0.117,m,,,,,,[전망치],IPCC AR6 Sea Level Projection Tool (NASA/IPCC),https://sealevel.nasa.gov/data_tools/17,기관 이용약관,B-008_NASA 해수면 상승 전망 (SSP 1~5).xlsx,1.1_observation(측정값),1015,
B-008,"NASA 해수면 상승 전망[SSP1, SSP2, SSP3, SSP4, SSP5]",observation,vnm-v121-b-008-obs-1016-73c059e581443d94,B-008_rsl_low_1003_ssp126_q50,VNM,2060,-0.138,m,,,,,,[전망치],IPCC AR6 Sea Level Projection Tool (NASA/IPCC),https://sealevel.nasa.gov/data_tools/17,기관 이용약관,B-008_NASA 해수면 상승 전망 (SSP 1~5).xlsx,1.1_observation(측정값),1016,
B-008,"NASA 해수면 상승 전망[SSP1, SSP2, SSP3, SSP4, SSP5]",observation,vnm-v121-b-008-obs-1017-6617167a60f5422c,B-008_rsl_low_1003_ssp126_q50,VNM,2070,-0.15,m,,,,,,[전망치],IPCC AR6 Sea Level Projection Tool (NASA/IPCC),https://sealevel.nasa.gov/data_tools/17,기관 이용약관,B-008_NASA 해수면 상승 전망 (SSP 1~5).xlsx,1.1_observation(측정값),1017,
B-008,"NASA 해수면 상승 전망[SSP1, SSP2, SSP3, SSP4, SSP5]",observation,vnm-v121-b-008-obs-1018-15074d909ebc3a64,B-008_rsl_low_1003_ssp126_q50,VNM,2080,-0.168,m,,,,,,[전망치],IPCC AR6 Sea Level Projection Tool (NASA/IPCC),https://sealevel.nasa.gov/data_tools/17,기관 이용약관,B-008_NASA 해수면 상승 전망 (SSP 1~5).xlsx,1.1_observation(측정값),1018,
B-008,"NASA 해수면 상승 전망[SSP1, SSP2, SSP3, SSP4, SSP5]",observation,vnm-v121-b-008-obs-1019-76d239578d7dd074,B-008_rsl_low_1003_ssp126_q50,VNM,2090,-0.188,m,,,,,,[전망치],IPCC AR6 Sea Level Projection Tool (NASA/IPCC),https://sealevel.nasa.gov/data_tools/17,기관 이용약관,B-008_NASA 해수면 상승 전망 (SSP 1~5).xlsx,1.1_observation(측정값),1019,
B-008,"NASA 해수면 상승 전망[SSP1, SSP2, SSP3, SSP4, SSP5]",observation,vnm-v121-b-008-obs-1020-388173c73be0b582,B-008_rsl_low_1003_ssp126_q50,VNM,2100,-0.214,m,,,,,,[전망치],IPCC AR6 Sea Level Projection Tool (NASA/IPCC),https://sealevel.nasa.gov/data_tools/17,기관 이용약관,B-008_NASA 해수면 상승 전망 (SSP 1~5).xlsx,1.1_observation(측정값),1020,
B-008,"NASA 해수면 상승 전망[SSP1, SSP2, SSP3, SSP4, SSP5]",observation,vnm-v121-b-008-obs-1021-0713cc8a289b4db4,B-008_rsl_low_1003_ssp126_q83,VNM,2020,-0.014,m,,,,,,[전망치],IPCC AR6 Sea Level Projection Tool (NASA/IPCC),https://sealevel.nasa.gov/data_tools/17,기관 이용약관,B-008_NASA 해수면 상승 전망 (SSP 1~5).xlsx,1.1_observation(측정값),1021,
B-008,"NASA 해수면 상승 전망[SSP1, SSP2, SSP3, SSP4, SSP5]",observation,vnm-v121-b-008-obs-1022-5336ffdb9ace6447,B-008_rsl_low_1003_ssp126_q83,VNM,2030,-0.019,m,,,,,,[전망치],IPCC AR6 Sea Level Projection Tool (NASA/IPCC),https://sealevel.nasa.gov/data_tools/17,기관 이용약관,B-008_NASA 해수면 상승 전망 (SSP 1~5).xlsx,1.1_observation(측정값),1022,
B-008,"NASA 해수면 상승 전망[SSP1, SSP2, SSP3, SSP4, SSP5]",observation,vnm-v121-b-008-obs-1023-01b310f9485ad39b,B-008_rsl_low_1003_ssp126_q83,VNM,2040,-0.009,m,,,,,,[전망치],IPCC AR6 Sea Level Projection Tool (NASA/IPCC),https://sealevel.nasa.gov/data_tools/17,기관 이용약관,B-008_NASA 해수면 상승 전망 (SSP 1~5).xlsx,1.1_observation(측정값),1023,
B-008,"NASA 해수면 상승 전망[SSP1, SSP2, SSP3, SSP4, SSP5]",observation,vnm-v121-b-008-obs-1024-64545d7a3b92b2d0,B-008_rsl_low_1003_ssp126_q83,VNM,2050,0.014,m,,,,,,[전망치],IPCC AR6 Sea Level Projection Tool (NASA/IPCC),https://sealevel.nasa.gov/data_tools/17,기관 이용약관,B-008_NASA 해수면 상승 전망 (SSP 1~5).xlsx,1.1_observation(측정값),1024,
B-008,"NASA 해수면 상승 전망[SSP1, SSP2, SSP3, SSP4, SSP5]",observation,vnm-v121-b-008-obs-1025-6e83cc04ee39ac3c,B-008_rsl_low_1003_ssp126_q83,VNM,2060,0.036,m,,,,,,[전망치],IPCC AR6 Sea Level Projection Tool (NASA/IPCC),https://sealevel.nasa.gov/data_tools/17,기관 이용약관,B-008_NASA 해수면 상승 전망 (SSP 1~5).xlsx,1.1_observation(측정값),1025,
B-008,"NASA 해수면 상승 전망[SSP1, SSP2, SSP3, SSP4, SSP5]",observation,vnm-v121-b-008-obs-1026-50d0e5e5a9dbe41d,B-008_rsl_low_1003_ssp126_q83,VNM,2070,0.062,m,,,,,,[전망치],IPCC AR6 Sea Level Projection Tool (NASA/IPCC),https://sealevel.nasa.gov/data_tools/17,기관 이용약관,B-008_NASA 해수면 상승 전망 (SSP 1~5).xlsx,1.1_observation(측정값),1026,
B-008,"NASA 해수면 상승 전망[SSP1, SSP2, SSP3, SSP4, SSP5]",observation,vnm-v121-b-008-obs-1027-d0f696b1e922a5f0,B-008_rsl_low_1003_ssp126_q83,VNM,2080,0.091,m,,,,,,[전망치],IPCC AR6 Sea Level Projection Tool (NASA/IPCC),https://sealevel.nasa.gov/data_tools/17,기관 이용약관,B-008_NASA 해수면 상승 전망 (SSP 1~5).xlsx,1.1_observation(측정값),1027,
B-008,"NASA 해수면 상승 전망[SSP1, SSP2, SSP3, SSP4, SSP5]",observation,vnm-v121-b-008-obs-1028-61ddfe9e3739b842,B-008_rsl_low_1003_ssp126_q83,VNM,2090,0.124,m,,,,,,[전망치],IPCC AR6 Sea Level Projection Tool (NASA/IPCC),https://sealevel.nasa.gov/data_tools/17,기관 이용약관,B-008_NASA 해수면 상승 전망 (SSP 1~5).xlsx,1.1_observation(측정값),1028,
B-008,"NASA 해수면 상승 전망[SSP1, SSP2, SSP3, SSP4, SSP5]",observation,vnm-v121-b-008-obs-1029-d68e359d691006b4,B-008_rsl_low_1003_ssp126_q83,VNM,2100,0.162,m,,,,,,[전망치],IPCC AR6 Sea Level Projection Tool (NASA/IPCC),https://sealevel.nasa.gov/data_tools/17,기관 이용약관,B-008_NASA 해수면 상승 전망 (SSP 1~5).xlsx,1.1_observation(측정값),1029,
B-008,"NASA 해수면 상승 전망[SSP1, SSP2, SSP3, SSP4, SSP5]",observation,vnm-v121-b-008-obs-1030-ff3ec431a6c240d3,B-008_rsl_low_1003_ssp126_q95,VNM,2020,0.009,m,,,,,,[전망치],IPCC AR6 Sea Level Projection Tool (NASA/IPCC),https://sealevel.nasa.gov/data_tools/17,기관 이용약관,B-008_NASA 해수면 상승 전망 (SSP 1~5).xlsx,1.1_observation(측정값),1030,
B-008,"NASA 해수면 상승 전망[SSP1, SSP2, SSP3, SSP4, SSP5]",observation,vnm-v121-b-008-obs-1031-6d67cf0886609621,B-008_rsl_low_1003_ssp126_q95,VNM,2030,0.018,m,,,,,,[전망치],IPCC AR6 Sea Level Projection Tool (NASA/IPCC),https://sealevel.nasa.gov/data_tools/17,기관 이용약관,B-008_NASA 해수면 상승 전망 (SSP 1~5).xlsx,1.1_observation(측정값),1031,
B-008,"NASA 해수면 상승 전망[SSP1, SSP2, SSP3, SSP4, SSP5]",observation,vnm-v121-b-008-obs-1032-76c2dde4a7e9ac0a,B-008_rsl_low_1003_ssp126_q95,VNM,2040,0.057,m,,,,,,[전망치],IPCC AR6 Sea Level Projection Tool (NASA/IPCC),https://sealevel.nasa.gov/data_tools/17,기관 이용약관,B-008_NASA 해수면 상승 전망 (SSP 1~5).xlsx,1.1_observation(측정값),1032,
B-008,"NASA 해수면 상승 전망[SSP1, SSP2, SSP3, SSP4, SSP5]",observation,vnm-v121-b-008-obs-1033-5ae034e0585caf80,B-008_rsl_low_1003_ssp126_q95,VNM,2050,0.111,m,,,,,,[전망치],IPCC AR6 Sea Level Projection Tool (NASA/IPCC),https://sealevel.nasa.gov/data_tools/17,기관 이용약관,B-008_NASA 해수면 상승 전망 (SSP 1~5).xlsx,1.1_observation(측정값),1033,
B-008,"NASA 해수면 상승 전망[SSP1, SSP2, SSP3, SSP4, SSP5]",observation,vnm-v121-b-008-obs-1034-fff87a246b67bb14,B-008_rsl_low_1003_ssp126_q95,VNM,2060,0.161,m,,,,,,[전망치],IPCC AR6 Sea Level Projection Tool (NASA/IPCC),https://sealevel.nasa.gov/data_tools/17,기관 이용약관,B-008_NASA 해수면 상승 전망 (SSP 1~5).xlsx,1.1_observation(측정값),1034,
B-008,"NASA 해수면 상승 전망[SSP1, SSP2, SSP3, SSP4, SSP5]",observation,vnm-v121-b-008-obs-1035-073de45f21416a65,B-008_rsl_low_1003_ssp126_q95,VNM,2070,0.219,m,,,,,,[전망치],IPCC AR6 Sea Level Projection Tool (NASA/IPCC),https://sealevel.nasa.gov/data_tools/17,기관 이용약관,B-008_NASA 해수면 상승 전망 (SSP 1~5).xlsx,1.1_observation(측정값),1035,
B-008,"NASA 해수면 상승 전망[SSP1, SSP2, SSP3, SSP4, SSP5]",observation,vnm-v121-b-008-obs-1036-9b660a2e54cf93b9,B-008_rsl_low_1003_ssp126_q95,VNM,2080,0.295,m,,,,,,[전망치],IPCC AR6 Sea Level Projection Tool (NASA/IPCC),https://sealevel.nasa.gov/data_tools/17,기관 이용약관,B-008_NASA 해수면 상승 전망 (SSP 1~5).xlsx,1.1_observation(측정값),1036,
B-008,"NASA 해수면 상승 전망[SSP1, SSP2, SSP3, SSP4, SSP5]",observation,vnm-v121-b-008-obs-1037-c19cd461d0700888,B-008_rsl_low_1003_ssp126_q95,VNM,2090,0.385,m,,,,,,[전망치],IPCC AR6 Sea Level Projection Tool (NASA/IPCC),https://sealevel.nasa.gov/data_tools/17,기관 이용약관,B-008_NASA 해수면 상승 전망 (SSP 1~5).xlsx,1.1_observation(측정값),1037,
B-008,"NASA 해수면 상승 전망[SSP1, SSP2, SSP3, SSP4, SSP5]",observation,vnm-v121-b-008-obs-1038-fc02d62e36bf9735,B-008_rsl_low_1003_ssp126_q95,VNM,2100,0.48,m,,,,,,[전망치],IPCC AR6 Sea Level Projection Tool (NASA/IPCC),https://sealevel.nasa.gov/data_tools/17,기관 이용약관,B-008_NASA 해수면 상승 전망 (SSP 1~5).xlsx,1.1_observation(측정값),1038,
B-008,"NASA 해수면 상승 전망[SSP1, SSP2, SSP3, SSP4, SSP5]",observation,vnm-v121-b-008-obs-1039-f39d2ea7a92714c2,B-008_rsl_low_1003_ssp585_q5,VNM,2020,-0.098,m,,,,,,[전망치],IPCC AR6 Sea Level Projection Tool (NASA/IPCC),https://sealevel.nasa.gov/data_tools/17,기관 이용약관,B-008_NASA 해수면 상승 전망 (SSP 1~5).xlsx,1.1_observation(측정값),1039,
B-008,"NASA 해수면 상승 전망[SSP1, SSP2, SSP3, SSP4, SSP5]",observation,vnm-v121-b-008-obs-1040-2aa05a508cf8967e,B-008_rsl_low_1003_ssp585_q5,VNM,2030,-0.138,m,,,,,,[전망치],IPCC AR6 Sea Level Projection Tool (NASA/IPCC),https://sealevel.nasa.gov/data_tools/17,기관 이용약관,B-008_NASA 해수면 상승 전망 (SSP 1~5).xlsx,1.1_observation(측정값),1040,
B-008,"NASA 해수면 상승 전망[SSP1, SSP2, SSP3, SSP4, SSP5]",observation,vnm-v121-b-008-obs-1041-24224f282805bf74,B-008_rsl_low_1003_ssp585_q5,VNM,2040,-0.172,m,,,,,,[전망치],IPCC AR6 Sea Level Projection Tool (NASA/IPCC),https://sealevel.nasa.gov/data_tools/17,기관 이용약관,B-008_NASA 해수면 상승 전망 (SSP 1~5).xlsx,1.1_observation(측정값),1041,
B-008,"NASA 해수면 상승 전망[SSP1, SSP2, SSP3, SSP4, SSP5]",observation,vnm-v121-b-008-obs-1042-0459752e82a256d5,B-008_rsl_low_1003_ssp585_q5,VNM,2050,-0.191,m,,,,,,[전망치],IPCC AR6 Sea Level Projection Tool (NASA/IPCC),https://sealevel.nasa.gov/data_tools/17,기관 이용약관,B-008_NASA 해수면 상승 전망 (SSP 1~5).xlsx,1.1_observation(측정값),1042,
B-008,"NASA 해수면 상승 전망[SSP1, SSP2, SSP3, SSP4, SSP5]",observation,vnm-v121-b-008-obs-1043-dd2e96bf11d2a983,B-008_rsl_low_1003_ssp585_q5,VNM,2060,-0.21,m,,,,,,[전망치],IPCC AR6 Sea Level Projection Tool (NASA/IPCC),https://sealevel.nasa.gov/data_tools/17,기관 이용약관,B-008_NASA 해수면 상승 전망 (SSP 1~5).xlsx,1.1_observation(측정값),1043,
B-008,"NASA 해수면 상승 전망[SSP1, SSP2, SSP3, SSP4, SSP5]",observation,vnm-v121-b-008-obs-1044-85ca8ba87411afe1,B-008_rsl_low_1003_ssp585_q5,VNM,2070,-0.205,m,,,,,,[전망치],IPCC AR6 Sea Level Projection Tool (NASA/IPCC),https://sealevel.nasa.gov/data_tools/17,기관 이용약관,B-008_NASA 해수면 상승 전망 (SSP 1~5).xlsx,1.1_observation(측정값),1044,
B-008,"NASA 해수면 상승 전망[SSP1, SSP2, SSP3, SSP4, SSP5]",observation,vnm-v121-b-008-obs-1045-695c594eeab81628,B-008_rsl_low_1003_ssp585_q5,VNM,2080,-0.204,m,,,,,,[전망치],IPCC AR6 Sea Level Projection Tool (NASA/IPCC),https://sealevel.nasa.gov/data_tools/17,기관 이용약관,B-008_NASA 해수면 상승 전망 (SSP 1~5).xlsx,1.1_observation(측정값),1045,
B-008,"NASA 해수면 상승 전망[SSP1, SSP2, SSP3, SSP4, SSP5]",observation,vnm-v121-b-008-obs-1046-69aa8c1ab2431c7b,B-008_rsl_low_1003_ssp585_q5,VNM,2090,-0.188,m,,,,,,[전망치],IPCC AR6 Sea Level Projection Tool (NASA/IPCC),https://sealevel.nasa.gov/data_tools/17,기관 이용약관,B-008_NASA 해수면 상승 전망 (SSP 1~5).xlsx,1.1_observation(측정값),1046,
B-008,"NASA 해수면 상승 전망[SSP1, SSP2, SSP3, SSP4, SSP5]",observation,vnm-v121-b-008-obs-1047-546f34beb3825dea,B-008_rsl_low_1003_ssp585_q5,VNM,2100,-0.177,m,,,,,,[전망치],IPCC AR6 Sea Level Projection Tool (NASA/IPCC),https://sealevel.nasa.gov/data_tools/17,기관 이용약관,B-008_NASA 해수면 상승 전망 (SSP 1~5).xlsx,1.1_observation(측정값),1047,
B-008,"NASA 해수면 상승 전망[SSP1, SSP2, SSP3, SSP4, SSP5]",observation,vnm-v121-b-008-obs-1048-3e2292d4c11f3369,B-008_rsl_low_1003_ssp585_q17,VNM,2020,-0.082,m,,,,,,[전망치],IPCC AR6 Sea Level Projection Tool (NASA/IPCC),https://sealevel.nasa.gov/data_tools/17,기관 이용약관,B-008_NASA 해수면 상승 전망 (SSP 1~5).xlsx,1.1_observation(측정값),1048,
B-008,"NASA 해수면 상승 전망[SSP1, SSP2, SSP3, SSP4, SSP5]",observation,vnm-v121-b-008-obs-1049-b0e5e83fd0cf2579,B-008_rsl_low_1003_ssp585_q17,VNM,2030,-0.116,m,,,,,,[전망치],IPCC AR6 Sea Level Projection Tool (NASA/IPCC),https://sealevel.nasa.gov/data_tools/17,기관 이용약관,B-008_NASA 해수면 상승 전망 (SSP 1~5).xlsx,1.1_observation(측정값),1049,
B-008,"NASA 해수면 상승 전망[SSP1, SSP2, SSP3, SSP4, SSP5]",observation,vnm-v121-b-008-obs-1050-f64629eec25cd7a4,B-008_rsl_low_1003_ssp585_q17,VNM,2040,-0.142,m,,,,,,[전망치],IPCC AR6 Sea Level Projection Tool (NASA/IPCC),https://sealevel.nasa.gov/data_tools/17,기관 이용약관,B-008_NASA 해수면 상승 전망 (SSP 1~5).xlsx,1.1_observation(측정값),1050,
B-008,"NASA 해수면 상승 전망[SSP1, SSP2, SSP3, SSP4, SSP5]",observation,vnm-v121-b-008-obs-1051-da4c26c9c16f333a,B-008_rsl_low_1003_ssp585_q17,VNM,2050,-0.154,m,,,,,,[전망치],IPCC AR6 Sea Level Projection Tool (NASA/IPCC),https://sealevel.nasa.gov/data_tools/17,기관 이용약관,B-008_NASA 해수면 상승 전망 (SSP 1~5).xlsx,1.1_observation(측정값),1051,
B-008,"NASA 해수면 상승 전망[SSP1, SSP2, SSP3, SSP4, SSP5]",observation,vnm-v121-b-008-obs-1052-a90193b8c1d87403,B-008_rsl_low_1003_ssp585_q17,VNM,2060,-0.166,m,,,,,,[전망치],IPCC AR6 Sea Level Projection Tool (NASA/IPCC),https://sealevel.nasa.gov/data_tools/17,기관 이용약관,B-008_NASA 해수면 상승 전망 (SSP 1~5).xlsx,1.1_observation(측정값),1052,
B-008,"NASA 해수면 상승 전망[SSP1, SSP2, SSP3, SSP4, SSP5]",observation,vnm-v121-b-008-obs-1053-680e1c47293b9a00,B-008_rsl_low_1003_ssp585_q17,VNM,2070,-0.152,m,,,,,,[전망치],IPCC AR6 Sea Level Projection Tool (NASA/IPCC),https://sealevel.nasa.gov/data_tools/17,기관 이용약관,B-008_NASA 해수면 상승 전망 (SSP 1~5).xlsx,1.1_observation(측정값),1053,
B-008,"NASA 해수면 상승 전망[SSP1, SSP2, SSP3, SSP4, SSP5]",observation,vnm-v121-b-008-obs-1054-e85630d8fa53cd9e,B-008_rsl_low_1003_ssp585_q17,VNM,2080,-0.138,m,,,,,,[전망치],IPCC AR6 Sea Level Projection Tool (NASA/IPCC),https://sealevel.nasa.gov/data_tools/17,기관 이용약관,B-008_NASA 해수면 상승 전망 (SSP 1~5).xlsx,1.1_observation(측정값),1054,
B-008,"NASA 해수면 상승 전망[SSP1, SSP2, SSP3, SSP4, SSP5]",observation,vnm-v121-b-008-obs-1055-e941fdce9760c474,B-008_rsl_low_1003_ssp585_q17,VNM,2090,-0.108,m,,,,,,[전망치],IPCC AR6 Sea Level Projection Tool (NASA/IPCC),https://sealevel.nasa.gov/data_tools/17,기관 이용약관,B-008_NASA 해수면 상승 전망 (SSP 1~5).xlsx,1.1_observation(측정값),1055,
B-008,"NASA 해수면 상승 전망[SSP1, SSP2, SSP3, SSP4, SSP5]",observation,vnm-v121-b-008-obs-1056-4c5e6257081de73c,B-008_rsl_low_1003_ssp585_q17,VNM,2100,-0.076,m,,,,,,[전망치],IPCC AR6 Sea Level Projection Tool (NASA/IPCC),https://sealevel.nasa.gov/data_tools/17,기관 이용약관,B-008_NASA 해수면 상승 전망 (SSP 1~5).xlsx,1.1_observation(측정값),1056,
B-008,"NASA 해수면 상승 전망[SSP1, SSP2, SSP3, SSP4, SSP5]",observation,vnm-v121-b-008-obs-1057-5ce32a49a213d001,B-008_rsl_low_1003_ssp585_q50,VNM,2020,-0.055,m,,,,,,[전망치],IPCC AR6 Sea Level Projection Tool (NASA/IPCC),https://sealevel.nasa.gov/data_tools/17,기관 이용약관,B-008_NASA 해수면 상승 전망 (SSP 1~5).xlsx,1.1_observation(측정값),1057,
B-008,"NASA 해수면 상승 전망[SSP1, SSP2, SSP3, SSP4, SSP5]",observation,vnm-v121-b-008-obs-1058-323650066d97cc36,B-008_rsl_low_1003_ssp585_q50,VNM,2030,-0.076,m,,,,,,[전망치],IPCC AR6 Sea Level Projection Tool (NASA/IPCC),https://sealevel.nasa.gov/data_tools/17,기관 이용약관,B-008_NASA 해수면 상승 전망 (SSP 1~5).xlsx,1.1_observation(측정값),1058,
B-008,"NASA 해수면 상승 전망[SSP1, SSP2, SSP3, SSP4, SSP5]",observation,vnm-v121-b-008-obs-1059-85ab15c3c39dac9f,B-008_rsl_low_1003_ssp585_q50,VNM,2040,-0.086,m,,,,,,[전망치],IPCC AR6 Sea Level Projection Tool (NASA/IPCC),https://sealevel.nasa.gov/data_tools/17,기관 이용약관,B-008_NASA 해수면 상승 전망 (SSP 1~5).xlsx,1.1_observation(측정값),1059,
B-008,"NASA 해수면 상승 전망[SSP1, SSP2, SSP3, SSP4, SSP5]",observation,vnm-v121-b-008-obs-1060-ac2c78972bd0d2a7,B-008_rsl_low_1003_ssp585_q50,VNM,2050,-0.078,m,,,,,,[전망치],IPCC AR6 Sea Level Projection Tool (NASA/IPCC),https://sealevel.nasa.gov/data_tools/17,기관 이용약관,B-008_NASA 해수면 상승 전망 (SSP 1~5).xlsx,1.1_observation(측정값),1060,
B-008,"NASA 해수면 상승 전망[SSP1, SSP2, SSP3, SSP4, SSP5]",observation,vnm-v121-b-008-obs-1061-2c908a9a67af5130,B-008_rsl_low_1003_ssp585_q50,VNM,2060,-0.066,m,,,,,,[전망치],IPCC AR6 Sea Level Projection Tool (NASA/IPCC),https://sealevel.nasa.gov/data_tools/17,기관 이용약관,B-008_NASA 해수면 상승 전망 (SSP 1~5).xlsx,1.1_observation(측정값),1061,
B-008,"NASA 해수면 상승 전망[SSP1, SSP2, SSP3, SSP4, SSP5]",observation,vnm-v121-b-008-obs-1062-c0e2574f013a1d3e,B-008_rsl_low_1003_ssp585_q50,VNM,2070,-0.027,m,,,,,,[전망치],IPCC AR6 Sea Level Projection Tool (NASA/IPCC),https://sealevel.nasa.gov/data_tools/17,기관 이용약관,B-008_NASA 해수면 상승 전망 (SSP 1~5).xlsx,1.1_observation(측정값),1062,
B-008,"NASA 해수면 상승 전망[SSP1, SSP2, SSP3, SSP4, SSP5]",observation,vnm-v121-b-008-obs-1063-4950f2743e6b8006,B-008_rsl_low_1003_ssp585_q50,VNM,2080,0.035,m,,,,,,[전망치],IPCC AR6 Sea Level Projection Tool (NASA/IPCC),https://sealevel.nasa.gov/data_tools/17,기관 이용약관,B-008_NASA 해수면 상승 전망 (SSP 1~5).xlsx,1.1_observation(측정값),1063,
B-008,"NASA 해수면 상승 전망[SSP1, SSP2, SSP3, SSP4, SSP5]",observation,vnm-v121-b-008-obs-1064-6d690c3f9913b5f4,B-008_rsl_low_1003_ssp585_q50,VNM,2090,0.122,m,,,,,,[전망치],IPCC AR6 Sea Level Projection Tool (NASA/IPCC),https://sealevel.nasa.gov/data_tools/17,기관 이용약관,B-008_NASA 해수면 상승 전망 (SSP 1~5).xlsx,1.1_observation(측정값),1064,
B-008,"NASA 해수면 상승 전망[SSP1, SSP2, SSP3, SSP4, SSP5]",observation,vnm-v121-b-008-obs-1065-47306458253414ed,B-008_rsl_low_1003_ssp585_q50,VNM,2100,0.232,m,,,,,,[전망치],IPCC AR6 Sea Level Projection Tool (NASA/IPCC),https://sealevel.nasa.gov/data_tools/17,기관 이용약관,B-008_NASA 해수면 상승 전망 (SSP 1~5).xlsx,1.1_observation(측정값),1065,
B-008,"NASA 해수면 상승 전망[SSP1, SSP2, SSP3, SSP4, SSP5]",observation,vnm-v121-b-008-obs-1066-022cda8fefdf26ed,B-008_rsl_low_1003_ssp585_q83,VNM,2020,-0.022,m,,,,,,[전망치],IPCC AR6 Sea Level Projection Tool (NASA/IPCC),https://sealevel.nasa.gov/data_tools/17,기관 이용약관,B-008_NASA 해수면 상승 전망 (SSP 1~5).xlsx,1.1_observation(측정값),1066,
B-008,"NASA 해수면 상승 전망[SSP1, SSP2, SSP3, SSP4, SSP5]",observation,vnm-v121-b-008-obs-1067-9e7b1f2f3d80fcb3,B-008_rsl_low_1003_ssp585_q83,VNM,2030,-0.014,m,,,,,,[전망치],IPCC AR6 Sea Level Projection Tool (NASA/IPCC),https://sealevel.nasa.gov/data_tools/17,기관 이용약관,B-008_NASA 해수면 상승 전망 (SSP 1~5).xlsx,1.1_observation(측정값),1067,
B-008,"NASA 해수면 상승 전망[SSP1, SSP2, SSP3, SSP4, SSP5]",observation,vnm-v121-b-008-obs-1068-f8a8455d3d1b3e20,B-008_rsl_low_1003_ssp585_q83,VNM,2040,0.027,m,,,,,,[전망치],IPCC AR6 Sea Level Projection Tool (NASA/IPCC),https://sealevel.nasa.gov/data_tools/17,기관 이용약관,B-008_NASA 해수면 상승 전망 (SSP 1~5).xlsx,1.1_observation(측정값),1068,
B-008,"NASA 해수면 상승 전망[SSP1, SSP2, SSP3, SSP4, SSP5]",observation,vnm-v121-b-008-obs-1069-ea707e0578095f69,B-008_rsl_low_1003_ssp585_q83,VNM,2050,0.098,m,,,,,,[전망치],IPCC AR6 Sea Level Projection Tool (NASA/IPCC),https://sealevel.nasa.gov/data_tools/17,기관 이용약관,B-008_NASA 해수면 상승 전망 (SSP 1~5).xlsx,1.1_observation(측정값),1069,
B-008,"NASA 해수면 상승 전망[SSP1, SSP2, SSP3, SSP4, SSP5]",observation,vnm-v121-b-008-obs-1070-1319e7b7d84830f1,B-008_rsl_low_1003_ssp585_q83,VNM,2060,0.2,m,,,,,,[전망치],IPCC AR6 Sea Level Projection Tool (NASA/IPCC),https://sealevel.nasa.gov/data_tools/17,기관 이용약관,B-008_NASA 해수면 상승 전망 (SSP 1~5).xlsx,1.1_observation(측정값),1070,
B-008,"NASA 해수면 상승 전망[SSP1, SSP2, SSP3, SSP4, SSP5]",observation,vnm-v121-b-008-obs-1071-7fbfd1267921c0ec,B-008_rsl_low_1003_ssp585_q83,VNM,2070,0.352,m,,,,,,[전망치],IPCC AR6 Sea Level Projection Tool (NASA/IPCC),https://sealevel.nasa.gov/data_tools/17,기관 이용약관,B-008_NASA 해수면 상승 전망 (SSP 1~5).xlsx,1.1_observation(측정값),1071,
B-008,"NASA 해수면 상승 전망[SSP1, SSP2, SSP3, SSP4, SSP5]",observation,vnm-v121-b-008-obs-1072-249a28c610e322f9,B-008_rsl_low_1003_ssp585_q83,VNM,2080,0.544,m,,,,,,[전망치],IPCC AR6 Sea Level Projection Tool (NASA/IPCC),https://sealevel.nasa.gov/data_tools/17,기관 이용약관,B-008_NASA 해수면 상승 전망 (SSP 1~5).xlsx,1.1_observation(측정값),1072,
B-008,"NASA 해수면 상승 전망[SSP1, SSP2, SSP3, SSP4, SSP5]",observation,vnm-v121-b-008-obs-1073-7357a4fb32975594,B-008_rsl_low_1003_ssp585_q83,VNM,2090,0.77,m,,,,,,[전망치],IPCC AR6 Sea Level Projection Tool (NASA/IPCC),https://sealevel.nasa.gov/data_tools/17,기관 이용약관,B-008_NASA 해수면 상승 전망 (SSP 1~5).xlsx,1.1_observation(측정값),1073,
B-008,"NASA 해수면 상승 전망[SSP1, SSP2, SSP3, SSP4, SSP5]",observation,vnm-v121-b-008-obs-1074-e183038174d5024a,B-008_rsl_low_1003_ssp585_q83,VNM,2100,1.019,m,,,,,,[전망치],IPCC AR6 Sea Level Projection Tool (NASA/IPCC),https://sealevel.nasa.gov/data_tools/17,기관 이용약관,B-008_NASA 해수면 상승 전망 (SSP 1~5).xlsx,1.1_observation(측정값),1074,
B-008,"NASA 해수면 상승 전망[SSP1, SSP2, SSP3, SSP4, SSP5]",observation,vnm-v121-b-008-obs-1075-c8ba374f6f35e676,B-008_rsl_low_1003_ssp585_q95,VNM,2020,-0.004,m,,,,,,[전망치],IPCC AR6 Sea Level Projection Tool (NASA/IPCC),https://sealevel.nasa.gov/data_tools/17,기관 이용약관,B-008_NASA 해수면 상승 전망 (SSP 1~5).xlsx,1.1_observation(측정값),1075,
B-008,"NASA 해수면 상승 전망[SSP1, SSP2, SSP3, SSP4, SSP5]",observation,vnm-v121-b-008-obs-1076-5cd68e3170396dc4,B-008_rsl_low_1003_ssp585_q95,VNM,2030,0.032,m,,,,,,[전망치],IPCC AR6 Sea Level Projection Tool (NASA/IPCC),https://sealevel.nasa.gov/data_tools/17,기관 이용약관,B-008_NASA 해수면 상승 전망 (SSP 1~5).xlsx,1.1_observation(측정값),1076,
B-008,"NASA 해수면 상승 전망[SSP1, SSP2, SSP3, SSP4, SSP5]",observation,vnm-v121-b-008-obs-1077-8b0ca5f47e526e38,B-008_rsl_low_1003_ssp585_q95,VNM,2040,0.123,m,,,,,,[전망치],IPCC AR6 Sea Level Projection Tool (NASA/IPCC),https://sealevel.nasa.gov/data_tools/17,기관 이용약관,B-008_NASA 해수면 상승 전망 (SSP 1~5).xlsx,1.1_observation(측정값),1077,
B-008,"NASA 해수면 상승 전망[SSP1, SSP2, SSP3, SSP4, SSP5]",observation,vnm-v121-b-008-obs-1078-c424500b4155c354,B-008_rsl_low_1003_ssp585_q95,VNM,2050,0.251,m,,,,,,[전망치],IPCC AR6 Sea Level Projection Tool (NASA/IPCC),https://sealevel.nasa.gov/data_tools/17,기관 이용약관,B-008_NASA 해수면 상승 전망 (SSP 1~5).xlsx,1.1_observation(측정값),1078,
B-008,"NASA 해수면 상승 전망[SSP1, SSP2, SSP3, SSP4, SSP5]",observation,vnm-v121-b-008-obs-1079-077842fb98414fae,B-008_rsl_low_1003_ssp585_q95,VNM,2060,0.409,m,,,,,,[전망치],IPCC AR6 Sea Level Projection Tool (NASA/IPCC),https://sealevel.nasa.gov/data_tools/17,기관 이용약관,B-008_NASA 해수면 상승 전망 (SSP 1~5).xlsx,1.1_observation(측정값),1079,
B-008,"NASA 해수면 상승 전망[SSP1, SSP2, SSP3, SSP4, SSP5]",observation,vnm-v121-b-008-obs-1080-a09de77c7c50438d,B-008_rsl_low_1003_ssp585_q95,VNM,2070,0.634,m,,,,,,[전망치],IPCC AR6 Sea Level Projection Tool (NASA/IPCC),https://sealevel.nasa.gov/data_tools/17,기관 이용약관,B-008_NASA 해수면 상승 전망 (SSP 1~5).xlsx,1.1_observation(측정값),1080,
B-008,"NASA 해수면 상승 전망[SSP1, SSP2, SSP3, SSP4, SSP5]",observation,vnm-v121-b-008-obs-1081-eb65a36aadbf2113,B-008_rsl_low_1003_ssp585_q95,VNM,2080,0.941,m,,,,,,[전망치],IPCC AR6 Sea Level Projection Tool (NASA/IPCC),https://sealevel.nasa.gov/data_tools/17,기관 이용약관,B-008_NASA 해수면 상승 전망 (SSP 1~5).xlsx,1.1_observation(측정값),1081,
B-008,"NASA 해수면 상승 전망[SSP1, SSP2, SSP3, SSP4, SSP5]",observation,vnm-v121-b-008-obs-1082-cfd803f12b607d81,B-008_rsl_low_1003_ssp585_q95,VNM,2090,1.297,m,,,,,,[전망치],IPCC AR6 Sea Level Projection Tool (NASA/IPCC),https://sealevel.nasa.gov/data_tools/17,기관 이용약관,B-008_NASA 해수면 상승 전망 (SSP 1~5).xlsx,1.1_observation(측정값),1082,
B-008,"NASA 해수면 상승 전망[SSP1, SSP2, SSP3, SSP4, SSP5]",observation,vnm-v121-b-008-obs-1083-1d92993347081ab7,B-008_rsl_low_1003_ssp585_q95,VNM,2100,1.721,m,,,,,,[전망치],IPCC AR6 Sea Level Projection Tool (NASA/IPCC),https://sealevel.nasa.gov/data_tools/17,기관 이용약관,B-008_NASA 해수면 상승 전망 (SSP 1~5).xlsx,1.1_observation(측정값),1083,
B-008,"NASA 해수면 상승 전망[SSP1, SSP2, SSP3, SSP4, SSP5]",observation,vnm-v121-b-008-obs-1084-dc19b11ee62a645b,B-008_rslrate_1003_ssp119,VNM,2020,-2.7,mm/yr,,,,,,[전망치],IPCC AR6 Sea Level Projection Tool (NASA/IPCC),https://sealevel.nasa.gov/data_tools/17,기관 이용약관,B-008_NASA 해수면 상승 전망 (SSP 1~5).xlsx,1.1_observation(측정값),1084,
B-008,"NASA 해수면 상승 전망[SSP1, SSP2, SSP3, SSP4, SSP5]",observation,vnm-v121-b-008-obs-1085-21dd24a07ce8e6c5,B-008_rslrate_1003_ssp119,VNM,2030,-2.6,mm/yr,,,,,,[전망치],IPCC AR6 Sea Level Projection Tool (NASA/IPCC),https://sealevel.nasa.gov/data_tools/17,기관 이용약관,B-008_NASA 해수면 상승 전망 (SSP 1~5).xlsx,1.1_observation(측정값),1085,
B-008,"NASA 해수면 상승 전망[SSP1, SSP2, SSP3, SSP4, SSP5]",observation,vnm-v121-b-008-obs-1086-bc6e199ab7914ae0,B-008_rslrate_1003_ssp119,VNM,2040,-2.5,mm/yr,,,,,,[전망치],IPCC AR6 Sea Level Projection Tool (NASA/IPCC),https://sealevel.nasa.gov/data_tools/17,기관 이용약관,B-008_NASA 해수면 상승 전망 (SSP 1~5).xlsx,1.1_observation(측정값),1086,
B-008,"NASA 해수면 상승 전망[SSP1, SSP2, SSP3, SSP4, SSP5]",observation,vnm-v121-b-008-obs-1087-dbe1da13b598cda5,B-008_rslrate_1003_ssp119,VNM,2050,-2.7,mm/yr,,,,,,[전망치],IPCC AR6 Sea Level Projection Tool (NASA/IPCC),https://sealevel.nasa.gov/data_tools/17,기관 이용약관,B-008_NASA 해수면 상승 전망 (SSP 1~5).xlsx,1.1_observation(측정값),1087,
B-008,"NASA 해수면 상승 전망[SSP1, SSP2, SSP3, SSP4, SSP5]",observation,vnm-v121-b-008-obs-1088-27b577e72d23902b,B-008_rslrate_1003_ssp119,VNM,2060,-3.1,mm/yr,,,,,,[전망치],IPCC AR6 Sea Level Projection Tool (NASA/IPCC),https://sealevel.nasa.gov/data_tools/17,기관 이용약관,B-008_NASA 해수면 상승 전망 (SSP 1~5).xlsx,1.1_observation(측정값),1088,
B-008,"NASA 해수면 상승 전망[SSP1, SSP2, SSP3, SSP4, SSP5]",observation,vnm-v121-b-008-obs-1089-080f910271f2ceed,B-008_rslrate_1003_ssp119,VNM,2070,-3.2,mm/yr,,,,,,[전망치],IPCC AR6 Sea Level Projection Tool (NASA/IPCC),https://sealevel.nasa.gov/data_tools/17,기관 이용약관,B-008_NASA 해수면 상승 전망 (SSP 1~5).xlsx,1.1_observation(측정값),1089,
B-008,"NASA 해수면 상승 전망[SSP1, SSP2, SSP3, SSP4, SSP5]",observation,vnm-v121-b-008-obs-1090-92929e887713a837,B-008_rslrate_1003_ssp119,VNM,2080,-2.9,mm/yr,,,,,,[전망치],IPCC AR6 Sea Level Projection Tool (NASA/IPCC),https://sealevel.nasa.gov/data_tools/17,기관 이용약관,B-008_NASA 해수면 상승 전망 (SSP 1~5).xlsx,1.1_observation(측정값),1090,
B-008,"NASA 해수면 상승 전망[SSP1, SSP2, SSP3, SSP4, SSP5]",observation,vnm-v121-b-008-obs-1091-952a823bd2e5bff5,B-008_rslrate_1003_ssp119,VNM,2090,-2.7,mm/yr,,,,,,[전망치],IPCC AR6 Sea Level Projection Tool (NASA/IPCC),https://sealevel.nasa.gov/data_tools/17,기관 이용약관,B-008_NASA 해수면 상승 전망 (SSP 1~5).xlsx,1.1_observation(측정값),1091,
B-008,"NASA 해수면 상승 전망[SSP1, SSP2, SSP3, SSP4, SSP5]",observation,vnm-v121-b-008-obs-1092-6c9f25688b408676,B-008_rslrate_1003_ssp119,VNM,2100,-2.8,mm/yr,,,,,,[전망치],IPCC AR6 Sea Level Projection Tool (NASA/IPCC),https://sealevel.nasa.gov/data_tools/17,기관 이용약관,B-008_NASA 해수면 상승 전망 (SSP 1~5).xlsx,1.1_observation(측정값),1092,
B-008,"NASA 해수면 상승 전망[SSP1, SSP2, SSP3, SSP4, SSP5]",observation,vnm-v121-b-008-obs-1093-cd7e5a7ba24506b2,B-008_rslrate_1003_ssp126,VNM,2020,-3,mm/yr,,,,,,[전망치],IPCC AR6 Sea Level Projection Tool (NASA/IPCC),https://sealevel.nasa.gov/data_tools/17,기관 이용약관,B-008_NASA 해수면 상승 전망 (SSP 1~5).xlsx,1.1_observation(측정값),1093,
B-008,"NASA 해수면 상승 전망[SSP1, SSP2, SSP3, SSP4, SSP5]",observation,vnm-v121-b-008-obs-1094-a99b62e141463da3,B-008_rslrate_1003_ssp126,VNM,2030,-2.7,mm/yr,,,,,,[전망치],IPCC AR6 Sea Level Projection Tool (NASA/IPCC),https://sealevel.nasa.gov/data_tools/17,기관 이용약관,B-008_NASA 해수면 상승 전망 (SSP 1~5).xlsx,1.1_observation(측정값),1094,
B-008,"NASA 해수면 상승 전망[SSP1, SSP2, SSP3, SSP4, SSP5]",observation,vnm-v121-b-008-obs-1095-faeca78663a5caba,B-008_rslrate_1003_ssp126,VNM,2040,-2.2,mm/yr,,,,,,[전망치],IPCC AR6 Sea Level Projection Tool (NASA/IPCC),https://sealevel.nasa.gov/data_tools/17,기관 이용약관,B-008_NASA 해수면 상승 전망 (SSP 1~5).xlsx,1.1_observation(측정값),1095,
B-008,"NASA 해수면 상승 전망[SSP1, SSP2, SSP3, SSP4, SSP5]",observation,vnm-v121-b-008-obs-1096-91106aaf81f78e2f,B-008_rslrate_1003_ssp126,VNM,2050,-2,mm/yr,,,,,,[전망치],IPCC AR6 Sea Level Projection Tool (NASA/IPCC),https://sealevel.nasa.gov/data_tools/17,기관 이용약관,B-008_NASA 해수면 상승 전망 (SSP 1~5).xlsx,1.1_observation(측정값),1096,
B-008,"NASA 해수면 상승 전망[SSP1, SSP2, SSP3, SSP4, SSP5]",observation,vnm-v121-b-008-obs-1097-018d034e04835aff,B-008_rslrate_1003_ssp126,VNM,2060,-1.9,mm/yr,,,,,,[전망치],IPCC AR6 Sea Level Projection Tool (NASA/IPCC),https://sealevel.nasa.gov/data_tools/17,기관 이용약관,B-008_NASA 해수면 상승 전망 (SSP 1~5).xlsx,1.1_observation(측정값),1097,
B-008,"NASA 해수면 상승 전망[SSP1, SSP2, SSP3, SSP4, SSP5]",observation,vnm-v121-b-008-obs-1098-2b453ee839181bda,B-008_rslrate_1003_ssp126,VNM,2070,-1.8,mm/yr,,,,,,[전망치],IPCC AR6 Sea Level Projection Tool (NASA/IPCC),https://sealevel.nasa.gov/data_tools/17,기관 이용약관,B-008_NASA 해수면 상승 전망 (SSP 1~5).xlsx,1.1_observation(측정값),1098,
B-008,"NASA 해수면 상승 전망[SSP1, SSP2, SSP3, SSP4, SSP5]",observation,vnm-v121-b-008-obs-1099-6eca6c755c7933d1,B-008_rslrate_1003_ssp126,VNM,2080,-1.8,mm/yr,,,,,,[전망치],IPCC AR6 Sea Level Projection Tool (NASA/IPCC),https://sealevel.nasa.gov/data_tools/17,기관 이용약관,B-008_NASA 해수면 상승 전망 (SSP 1~5).xlsx,1.1_observation(측정값),1099,
B-008,"NASA 해수면 상승 전망[SSP1, SSP2, SSP3, SSP4, SSP5]",observation,vnm-v121-b-008-obs-1100-c9c6d4feaefceb9c,B-008_rslrate_1003_ssp126,VNM,2090,-2,mm/yr,,,,,,[전망치],IPCC AR6 Sea Level Projection Tool (NASA/IPCC),https://sealevel.nasa.gov/data_tools/17,기관 이용약관,B-008_NASA 해수면 상승 전망 (SSP 1~5).xlsx,1.1_observation(측정값),1100,
B-008,"NASA 해수면 상승 전망[SSP1, SSP2, SSP3, SSP4, SSP5]",observation,vnm-v121-b-008-obs-1101-e28d39bad11b202e,B-008_rslrate_1003_ssp126,VNM,2100,-2.1,mm/yr,,,,,,[전망치],IPCC AR6 Sea Level Projection Tool (NASA/IPCC),https://sealevel.nasa.gov/data_tools/17,기관 이용약관,B-008_NASA 해수면 상승 전망 (SSP 1~5).xlsx,1.1_observation(측정값),1101,
B-008,"NASA 해수면 상승 전망[SSP1, SSP2, SSP3, SSP4, SSP5]",observation,vnm-v121-b-008-obs-1102-cf930bce688d55ad,B-008_rslrate_1003_ssp245,VNM,2020,-3,mm/yr,,,,,,[전망치],IPCC AR6 Sea Level Projection Tool (NASA/IPCC),https://sealevel.nasa.gov/data_tools/17,기관 이용약관,B-008_NASA 해수면 상승 전망 (SSP 1~5).xlsx,1.1_observation(측정값),1102,
B-008,"NASA 해수면 상승 전망[SSP1, SSP2, SSP3, SSP4, SSP5]",observation,vnm-v121-b-008-obs-1103-dd5632a242eacf72,B-008_rslrate_1003_ssp245,VNM,2030,-2.6,mm/yr,,,,,,[전망치],IPCC AR6 Sea Level Projection Tool (NASA/IPCC),https://sealevel.nasa.gov/data_tools/17,기관 이용약관,B-008_NASA 해수면 상승 전망 (SSP 1~5).xlsx,1.1_observation(측정값),1103,
B-008,"NASA 해수면 상승 전망[SSP1, SSP2, SSP3, SSP4, SSP5]",observation,vnm-v121-b-008-obs-1104-bc8feb1300755e2e,B-008_rslrate_1003_ssp245,VNM,2040,-1.8,mm/yr,,,,,,[전망치],IPCC AR6 Sea Level Projection Tool (NASA/IPCC),https://sealevel.nasa.gov/data_tools/17,기관 이용약관,B-008_NASA 해수면 상승 전망 (SSP 1~5).xlsx,1.1_observation(측정값),1104,
B-008,"NASA 해수면 상승 전망[SSP1, SSP2, SSP3, SSP4, SSP5]",observation,vnm-v121-b-008-obs-1105-bd6900d1056af6d0,B-008_rslrate_1003_ssp245,VNM,2050,-1,mm/yr,,,,,,[전망치],IPCC AR6 Sea Level Projection Tool (NASA/IPCC),https://sealevel.nasa.gov/data_tools/17,기관 이용약관,B-008_NASA 해수면 상승 전망 (SSP 1~5).xlsx,1.1_observation(측정값),1105,
B-008,"NASA 해수면 상승 전망[SSP1, SSP2, SSP3, SSP4, SSP5]",observation,vnm-v121-b-008-obs-1106-aec2d0d335db7099,B-008_rslrate_1003_ssp245,VNM,2060,-0.6,mm/yr,,,,,,[전망치],IPCC AR6 Sea Level Projection Tool (NASA/IPCC),https://sealevel.nasa.gov/data_tools/17,기관 이용약관,B-008_NASA 해수면 상승 전망 (SSP 1~5).xlsx,1.1_observation(측정값),1106,
B-008,"NASA 해수면 상승 전망[SSP1, SSP2, SSP3, SSP4, SSP5]",observation,vnm-v121-b-008-obs-1107-b85d75b5334447bb,B-008_rslrate_1003_ssp245,VNM,2070,-0.4,mm/yr,,,,,,[전망치],IPCC AR6 Sea Level Projection Tool (NASA/IPCC),https://sealevel.nasa.gov/data_tools/17,기관 이용약관,B-008_NASA 해수면 상승 전망 (SSP 1~5).xlsx,1.1_observation(측정값),1107,
B-008,"NASA 해수면 상승 전망[SSP1, SSP2, SSP3, SSP4, SSP5]",observation,vnm-v121-b-008-obs-1108-60a9530423a9cfef,B-008_rslrate_1003_ssp245,VNM,2080,0.2,mm/yr,,,,,,[전망치],IPCC AR6 Sea Level Projection Tool (NASA/IPCC),https://sealevel.nasa.gov/data_tools/17,기관 이용약관,B-008_NASA 해수면 상승 전망 (SSP 1~5).xlsx,1.1_observation(측정값),1108,
B-008,"NASA 해수면 상승 전망[SSP1, SSP2, SSP3, SSP4, SSP5]",observation,vnm-v121-b-008-obs-1109-2fd972dfd8ad1ebb,B-008_rslrate_1003_ssp245,VNM,2090,1.6,mm/yr,,,,,,[전망치],IPCC AR6 Sea Level Projection Tool (NASA/IPCC),https://sealevel.nasa.gov/data_tools/17,기관 이용약관,B-008_NASA 해수면 상승 전망 (SSP 1~5).xlsx,1.1_observation(측정값),1109,
B-008,"NASA 해수면 상승 전망[SSP1, SSP2, SSP3, SSP4, SSP5]",observation,vnm-v121-b-008-obs-1110-0ba02da2fdb50391,B-008_rslrate_1003_ssp245,VNM,2100,1.6,mm/yr,,,,,,[전망치],IPCC AR6 Sea Level Projection Tool (NASA/IPCC),https://sealevel.nasa.gov/data_tools/17,기관 이용약관,B-008_NASA 해수면 상승 전망 (SSP 1~5).xlsx,1.1_observation(측정값),1110,
B-008,"NASA 해수면 상승 전망[SSP1, SSP2, SSP3, SSP4, SSP5]",observation,vnm-v121-b-008-obs-1111-ad762f57ee954f0c,B-008_rslrate_1003_ssp370,VNM,2020,-2.8,mm/yr,,,,,,[전망치],IPCC AR6 Sea Level Projection Tool (NASA/IPCC),https://sealevel.nasa.gov/data_tools/17,기관 이용약관,B-008_NASA 해수면 상승 전망 (SSP 1~5).xlsx,1.1_observation(측정값),1111,
B-008,"NASA 해수면 상승 전망[SSP1, SSP2, SSP3, SSP4, SSP5]",observation,vnm-v121-b-008-obs-1112-2bf748fec1043dee,B-008_rslrate_1003_ssp370,VNM,2030,-2.5,mm/yr,,,,,,[전망치],IPCC AR6 Sea Level Projection Tool (NASA/IPCC),https://sealevel.nasa.gov/data_tools/17,기관 이용약관,B-008_NASA 해수면 상승 전망 (SSP 1~5).xlsx,1.1_observation(측정값),1112,
B-008,"NASA 해수면 상승 전망[SSP1, SSP2, SSP3, SSP4, SSP5]",observation,vnm-v121-b-008-obs-1113-c8beb54039d951da,B-008_rslrate_1003_ssp370,VNM,2040,-1.7,mm/yr,,,,,,[전망치],IPCC AR6 Sea Level Projection Tool (NASA/IPCC),https://sealevel.nasa.gov/data_tools/17,기관 이용약관,B-008_NASA 해수면 상승 전망 (SSP 1~5).xlsx,1.1_observation(측정값),1113,
B-008,"NASA 해수면 상승 전망[SSP1, SSP2, SSP3, SSP4, SSP5]",observation,vnm-v121-b-008-obs-1114-d02c2764f807eadd,B-008_rslrate_1003_ssp370,VNM,2050,-0.9,mm/yr,,,,,,[전망치],IPCC AR6 Sea Level Projection Tool (NASA/IPCC),https://sealevel.nasa.gov/data_tools/17,기관 이용약관,B-008_NASA 해수면 상승 전망 (SSP 1~5).xlsx,1.1_observation(측정값),1114,
B-008,"NASA 해수면 상승 전망[SSP1, SSP2, SSP3, SSP4, SSP5]",observation,vnm-v121-b-008-obs-1115-0acedb2fc4af3943,B-008_rslrate_1003_ssp370,VNM,2060,0.2,mm/yr,,,,,,[전망치],IPCC AR6 Sea Level Projection Tool (NASA/IPCC),https://sealevel.nasa.gov/data_tools/17,기관 이용약관,B-008_NASA 해수면 상승 전망 (SSP 1~5).xlsx,1.1_observation(측정값),1115,
B-008,"NASA 해수면 상승 전망[SSP1, SSP2, SSP3, SSP4, SSP5]",observation,vnm-v121-b-008-obs-1116-1e7fa57e4eddb7fa,B-008_rslrate_1003_ssp370,VNM,2070,1.5,mm/yr,,,,,,[전망치],IPCC AR6 Sea Level Projection Tool (NASA/IPCC),https://sealevel.nasa.gov/data_tools/17,기관 이용약관,B-008_NASA 해수면 상승 전망 (SSP 1~5).xlsx,1.1_observation(측정값),1116,
B-008,"NASA 해수면 상승 전망[SSP1, SSP2, SSP3, SSP4, SSP5]",observation,vnm-v121-b-008-obs-1117-dcef7ff8dee96e28,B-008_rslrate_1003_ssp370,VNM,2080,2.5,mm/yr,,,,,,[전망치],IPCC AR6 Sea Level Projection Tool (NASA/IPCC),https://sealevel.nasa.gov/data_tools/17,기관 이용약관,B-008_NASA 해수면 상승 전망 (SSP 1~5).xlsx,1.1_observation(측정값),1117,
B-008,"NASA 해수면 상승 전망[SSP1, SSP2, SSP3, SSP4, SSP5]",observation,vnm-v121-b-008-obs-1118-5ae1b18a5f21d842,B-008_rslrate_1003_ssp370,VNM,2090,3.8,mm/yr,,,,,,[전망치],IPCC AR6 Sea Level Projection Tool (NASA/IPCC),https://sealevel.nasa.gov/data_tools/17,기관 이용약관,B-008_NASA 해수면 상승 전망 (SSP 1~5).xlsx,1.1_observation(측정값),1118,
B-008,"NASA 해수면 상승 전망[SSP1, SSP2, SSP3, SSP4, SSP5]",observation,vnm-v121-b-008-obs-1119-f091ea967389acaf,B-008_rslrate_1003_ssp370,VNM,2100,4.4,mm/yr,,,,,,[전망치],IPCC AR6 Sea Level Projection Tool (NASA/IPCC),https://sealevel.nasa.gov/data_tools/17,기관 이용약관,B-008_NASA 해수면 상승 전망 (SSP 1~5).xlsx,1.1_observation(측정값),1119,
B-008,"NASA 해수면 상승 전망[SSP1, SSP2, SSP3, SSP4, SSP5]",observation,vnm-v121-b-008-obs-1120-dec90b0c0dddf1a0,B-008_rslrate_1003_ssp585,VNM,2020,-2.6,mm/yr,,,,,,[전망치],IPCC AR6 Sea Level Projection Tool (NASA/IPCC),https://sealevel.nasa.gov/data_tools/17,기관 이용약관,B-008_NASA 해수면 상승 전망 (SSP 1~5).xlsx,1.1_observation(측정값),1120,
B-008,"NASA 해수면 상승 전망[SSP1, SSP2, SSP3, SSP4, SSP5]",observation,vnm-v121-b-008-obs-1121-20dfc5c9ab64f983,B-008_rslrate_1003_ssp585,VNM,2030,-2,mm/yr,,,,,,[전망치],IPCC AR6 Sea Level Projection Tool (NASA/IPCC),https://sealevel.nasa.gov/data_tools/17,기관 이용약관,B-008_NASA 해수면 상승 전망 (SSP 1~5).xlsx,1.1_observation(측정값),1121,
B-008,"NASA 해수면 상승 전망[SSP1, SSP2, SSP3, SSP4, SSP5]",observation,vnm-v121-b-008-obs-1122-ca8647443eb51130,B-008_rslrate_1003_ssp585,VNM,2040,-1,mm/yr,,,,,,[전망치],IPCC AR6 Sea Level Projection Tool (NASA/IPCC),https://sealevel.nasa.gov/data_tools/17,기관 이용약관,B-008_NASA 해수면 상승 전망 (SSP 1~5).xlsx,1.1_observation(측정값),1122,
B-008,"NASA 해수면 상승 전망[SSP1, SSP2, SSP3, SSP4, SSP5]",observation,vnm-v121-b-008-obs-1123-8f3098fe172f1e77,B-008_rslrate_1003_ssp585,VNM,2050,0,mm/yr,,,,,,[전망치],IPCC AR6 Sea Level Projection Tool (NASA/IPCC),https://sealevel.nasa.gov/data_tools/17,기관 이용약관,B-008_NASA 해수면 상승 전망 (SSP 1~5).xlsx,1.1_observation(측정값),1123,
B-008,"NASA 해수면 상승 전망[SSP1, SSP2, SSP3, SSP4, SSP5]",observation,vnm-v121-b-008-obs-1124-74d989f845c6d7b7,B-008_rslrate_1003_ssp585,VNM,2060,1.2,mm/yr,,,,,,[전망치],IPCC AR6 Sea Level Projection Tool (NASA/IPCC),https://sealevel.nasa.gov/data_tools/17,기관 이용약관,B-008_NASA 해수면 상승 전망 (SSP 1~5).xlsx,1.1_observation(측정값),1124,
B-008,"NASA 해수면 상승 전망[SSP1, SSP2, SSP3, SSP4, SSP5]",observation,vnm-v121-b-008-obs-1125-e2f9afb805212494,B-008_rslrate_1003_ssp585,VNM,2070,3,mm/yr,,,,,,[전망치],IPCC AR6 Sea Level Projection Tool (NASA/IPCC),https://sealevel.nasa.gov/data_tools/17,기관 이용약관,B-008_NASA 해수면 상승 전망 (SSP 1~5).xlsx,1.1_observation(측정값),1125,
B-008,"NASA 해수면 상승 전망[SSP1, SSP2, SSP3, SSP4, SSP5]",observation,vnm-v121-b-008-obs-1126-f8f05e8ed113b082,B-008_rslrate_1003_ssp585,VNM,2080,4.2,mm/yr,,,,,,[전망치],IPCC AR6 Sea Level Projection Tool (NASA/IPCC),https://sealevel.nasa.gov/data_tools/17,기관 이용약관,B-008_NASA 해수면 상승 전망 (SSP 1~5).xlsx,1.1_observation(측정값),1126,
B-008,"NASA 해수면 상승 전망[SSP1, SSP2, SSP3, SSP4, SSP5]",observation,vnm-v121-b-008-obs-1127-460b4156b1cb3b72,B-008_rslrate_1003_ssp585,VNM,2090,5.5,mm/yr,,,,,,[전망치],IPCC AR6 Sea Level Projection Tool (NASA/IPCC),https://sealevel.nasa.gov/data_tools/17,기관 이용약관,B-008_NASA 해수면 상승 전망 (SSP 1~5).xlsx,1.1_observation(측정값),1127,
B-008,"NASA 해수면 상승 전망[SSP1, SSP2, SSP3, SSP4, SSP5]",observation,vnm-v121-b-008-obs-1128-b01b6ba3acf812af,B-008_rslrate_1003_ssp585,VNM,2100,6,mm/yr,,,,,,[전망치],IPCC AR6 Sea Level Projection Tool (NASA/IPCC),https://sealevel.nasa.gov/data_tools/17,기관 이용약관,B-008_NASA 해수면 상승 전망 (SSP 1~5).xlsx,1.1_observation(측정값),1128,
B-008,"NASA 해수면 상승 전망[SSP1, SSP2, SSP3, SSP4, SSP5]",observation,vnm-v121-b-008-obs-1129-62bb823033e3bf75,B-008_rsl_1449_ssp119_q5,VNM,2020,-0.013,m,,,,,,[전망치],IPCC AR6 Sea Level Projection Tool (NASA/IPCC),https://sealevel.nasa.gov/data_tools/17,기관 이용약관,B-008_NASA 해수면 상승 전망 (SSP 1~5).xlsx,1.1_observation(측정값),1129,
B-008,"NASA 해수면 상승 전망[SSP1, SSP2, SSP3, SSP4, SSP5]",observation,vnm-v121-b-008-obs-1130-ac28b3ebb215c4b6,B-008_rsl_1449_ssp119_q5,VNM,2030,-0.01,m,,,,,,[전망치],IPCC AR6 Sea Level Projection Tool (NASA/IPCC),https://sealevel.nasa.gov/data_tools/17,기관 이용약관,B-008_NASA 해수면 상승 전망 (SSP 1~5).xlsx,1.1_observation(측정값),1130,
B-008,"NASA 해수면 상승 전망[SSP1, SSP2, SSP3, SSP4, SSP5]",observation,vnm-v121-b-008-obs-1131-ea51fa54b34e2c18,B-008_rsl_1449_ssp119_q5,VNM,2040,-0.005,m,,,,,,[전망치],IPCC AR6 Sea Level Projection Tool (NASA/IPCC),https://sealevel.nasa.gov/data_tools/17,기관 이용약관,B-008_NASA 해수면 상승 전망 (SSP 1~5).xlsx,1.1_observation(측정값),1131,
B-008,"NASA 해수면 상승 전망[SSP1, SSP2, SSP3, SSP4, SSP5]",observation,vnm-v121-b-008-obs-1132-1b4e8495acb042fa,B-008_rsl_1449_ssp119_q5,VNM,2050,0.009,m,,,,,,[전망치],IPCC AR6 Sea Level Projection Tool (NASA/IPCC),https://sealevel.nasa.gov/data_tools/17,기관 이용약관,B-008_NASA 해수면 상승 전망 (SSP 1~5).xlsx,1.1_observation(측정값),1132,
B-008,"NASA 해수면 상승 전망[SSP1, SSP2, SSP3, SSP4, SSP5]",observation,vnm-v121-b-008-obs-1133-c04faa715ddd9f44,B-008_rsl_1449_ssp119_q5,VNM,2060,0,m,,,,,,[전망치],IPCC AR6 Sea Level Projection Tool (NASA/IPCC),https://sealevel.nasa.gov/data_tools/17,기관 이용약관,B-008_NASA 해수면 상승 전망 (SSP 1~5).xlsx,1.1_observation(측정값),1133,
B-008,"NASA 해수면 상승 전망[SSP1, SSP2, SSP3, SSP4, SSP5]",observation,vnm-v121-b-008-obs-1134-7c7d1ba40c87d9ec,B-008_rsl_1449_ssp119_q5,VNM,2070,-0.001,m,,,,,,[전망치],IPCC AR6 Sea Level Projection Tool (NASA/IPCC),https://sealevel.nasa.gov/data_tools/17,기관 이용약관,B-008_NASA 해수면 상승 전망 (SSP 1~5).xlsx,1.1_observation(측정값),1134,
B-008,"NASA 해수면 상승 전망[SSP1, SSP2, SSP3, SSP4, SSP5]",observation,vnm-v121-b-008-obs-1135-0a53f5e1ee79943c,B-008_rsl_1449_ssp119_q5,VNM,2080,-0.005,m,,,,,,[전망치],IPCC AR6 Sea Level Projection Tool (NASA/IPCC),https://sealevel.nasa.gov/data_tools/17,기관 이용약관,B-008_NASA 해수면 상승 전망 (SSP 1~5).xlsx,1.1_observation(측정값),1135,
B-008,"NASA 해수면 상승 전망[SSP1, SSP2, SSP3, SSP4, SSP5]",observation,vnm-v121-b-008-obs-1136-7ac5e5de0da76a63,B-008_rsl_1449_ssp119_q5,VNM,2090,0,m,,,,,,[전망치],IPCC AR6 Sea Level Projection Tool (NASA/IPCC),https://sealevel.nasa.gov/data_tools/17,기관 이용약관,B-008_NASA 해수면 상승 전망 (SSP 1~5).xlsx,1.1_observation(측정값),1136,
B-008,"NASA 해수면 상승 전망[SSP1, SSP2, SSP3, SSP4, SSP5]",observation,vnm-v121-b-008-obs-1137-444957638b6b5227,B-008_rsl_1449_ssp119_q5,VNM,2100,-0.026,m,,,,,,[전망치],IPCC AR6 Sea Level Projection Tool (NASA/IPCC),https://sealevel.nasa.gov/data_tools/17,기관 이용약관,B-008_NASA 해수면 상승 전망 (SSP 1~5).xlsx,1.1_observation(측정값),1137,
B-008,"NASA 해수면 상승 전망[SSP1, SSP2, SSP3, SSP4, SSP5]",observation,vnm-v121-b-008-obs-1138-81bf233cc9aa4105,B-008_rsl_1449_ssp119_q95,VNM,2020,0.081,m,,,,,,[전망치],IPCC AR6 Sea Level Projection Tool (NASA/IPCC),https://sealevel.nasa.gov/data_tools/17,기관 이용약관,B-008_NASA 해수면 상승 전망 (SSP 1~5).xlsx,1.1_observation(측정값),1138,
B-008,"NASA 해수면 상승 전망[SSP1, SSP2, SSP3, SSP4, SSP5]",observation,vnm-v121-b-008-obs-1139-230b327b30a20c92,B-008_rsl_1449_ssp119_q95,VNM,2030,0.149,m,,,,,,[전망치],IPCC AR6 Sea Level Projection Tool (NASA/IPCC),https://sealevel.nasa.gov/data_tools/17,기관 이용약관,B-008_NASA 해수면 상승 전망 (SSP 1~5).xlsx,1.1_observation(측정값),1139,
B-008,"NASA 해수면 상승 전망[SSP1, SSP2, SSP3, SSP4, SSP5]",observation,vnm-v121-b-008-obs-1140-f2f827114dbbef12,B-008_rsl_1449_ssp119_q95,VNM,2040,0.199,m,,,,,,[전망치],IPCC AR6 Sea Level Projection Tool (NASA/IPCC),https://sealevel.nasa.gov/data_tools/17,기관 이용약관,B-008_NASA 해수면 상승 전망 (SSP 1~5).xlsx,1.1_observation(측정값),1140,
B-008,"NASA 해수면 상승 전망[SSP1, SSP2, SSP3, SSP4, SSP5]",observation,vnm-v121-b-008-obs-1141-e2f4926833b5f8d5,B-008_rsl_1449_ssp119_q95,VNM,2050,0.27,m,,,,,,[전망치],IPCC AR6 Sea Level Projection Tool (NASA/IPCC),https://sealevel.nasa.gov/data_tools/17,기관 이용약관,B-008_NASA 해수면 상승 전망 (SSP 1~5).xlsx,1.1_observation(측정값),1141,
B-008,"NASA 해수면 상승 전망[SSP1, SSP2, SSP3, SSP4, SSP5]",observation,vnm-v121-b-008-obs-1142-115ff9dfc6d1c225,B-008_rsl_1449_ssp119_q95,VNM,2060,0.332,m,,,,,,[전망치],IPCC AR6 Sea Level Projection Tool (NASA/IPCC),https://sealevel.nasa.gov/data_tools/17,기관 이용약관,B-008_NASA 해수면 상승 전망 (SSP 1~5).xlsx,1.1_observation(측정값),1142,
B-008,"NASA 해수면 상승 전망[SSP1, SSP2, SSP3, SSP4, SSP5]",observation,vnm-v121-b-008-obs-1143-f6968dc647e7020a,B-008_rsl_1449_ssp119_q95,VNM,2070,0.418,m,,,,,,[전망치],IPCC AR6 Sea Level Projection Tool (NASA/IPCC),https://sealevel.nasa.gov/data_tools/17,기관 이용약관,B-008_NASA 해수면 상승 전망 (SSP 1~5).xlsx,1.1_observation(측정값),1143,
B-008,"NASA 해수면 상승 전망[SSP1, SSP2, SSP3, SSP4, SSP5]",observation,vnm-v121-b-008-obs-1144-75a97136bf8528cf,B-008_rsl_1449_ssp119_q95,VNM,2080,0.49,m,,,,,,[전망치],IPCC AR6 Sea Level Projection Tool (NASA/IPCC),https://sealevel.nasa.gov/data_tools/17,기관 이용약관,B-008_NASA 해수면 상승 전망 (SSP 1~5).xlsx,1.1_observation(측정값),1144,
B-008,"NASA 해수면 상승 전망[SSP1, SSP2, SSP3, SSP4, SSP5]",observation,vnm-v121-b-008-obs-1145-8c933ebae3852271,B-008_rsl_1449_ssp119_q95,VNM,2090,0.572,m,,,,,,[전망치],IPCC AR6 Sea Level Projection Tool (NASA/IPCC),https://sealevel.nasa.gov/data_tools/17,기관 이용약관,B-008_NASA 해수면 상승 전망 (SSP 1~5).xlsx,1.1_observation(측정값),1145,
B-008,"NASA 해수면 상승 전망[SSP1, SSP2, SSP3, SSP4, SSP5]",observation,vnm-v121-b-008-obs-1146-5e51dfcf81509f78,B-008_rsl_1449_ssp119_q95,VNM,2100,0.639,m,,,,,,[전망치],IPCC AR6 Sea Level Projection Tool (NASA/IPCC),https://sealevel.nasa.gov/data_tools/17,기관 이용약관,B-008_NASA 해수면 상승 전망 (SSP 1~5).xlsx,1.1_observation(측정값),1146,
B-008,"NASA 해수면 상승 전망[SSP1, SSP2, SSP3, SSP4, SSP5]",observation,vnm-v121-b-008-obs-1147-30378e99cb5ebf27,B-008_rsl_1449_ssp126_q5,VNM,2020,-0.055,m,,,,,,[전망치],IPCC AR6 Sea Level Projection Tool (NASA/IPCC),https://sealevel.nasa.gov/data_tools/17,기관 이용약관,B-008_NASA 해수면 상승 전망 (SSP 1~5).xlsx,1.1_observation(측정값),1147,
B-008,"NASA 해수면 상승 전망[SSP1, SSP2, SSP3, SSP4, SSP5]",observation,vnm-v121-b-008-obs-1148-6e865142ce210430,B-008_rsl_1449_ssp126_q5,VNM,2030,-0.044,m,,,,,,[전망치],IPCC AR6 Sea Level Projection Tool (NASA/IPCC),https://sealevel.nasa.gov/data_tools/17,기관 이용약관,B-008_NASA 해수면 상승 전망 (SSP 1~5).xlsx,1.1_observation(측정값),1148,
B-008,"NASA 해수면 상승 전망[SSP1, SSP2, SSP3, SSP4, SSP5]",observation,vnm-v121-b-008-obs-1149-38abc27e24fb10d8,B-008_rsl_1449_ssp126_q5,VNM,2040,-0.029,m,,,,,,[전망치],IPCC AR6 Sea Level Projection Tool (NASA/IPCC),https://sealevel.nasa.gov/data_tools/17,기관 이용약관,B-008_NASA 해수면 상승 전망 (SSP 1~5).xlsx,1.1_observation(측정값),1149,
B-008,"NASA 해수면 상승 전망[SSP1, SSP2, SSP3, SSP4, SSP5]",observation,vnm-v121-b-008-obs-1150-48e8e31102e7d920,B-008_rsl_1449_ssp126_q5,VNM,2050,-0.006,m,,,,,,[전망치],IPCC AR6 Sea Level Projection Tool (NASA/IPCC),https://sealevel.nasa.gov/data_tools/17,기관 이용약관,B-008_NASA 해수면 상승 전망 (SSP 1~5).xlsx,1.1_observation(측정값),1150,
B-008,"NASA 해수면 상승 전망[SSP1, SSP2, SSP3, SSP4, SSP5]",observation,vnm-v121-b-008-obs-1151-592f5b8e2e175734,B-008_rsl_1449_ssp126_q5,VNM,2060,0.004,m,,,,,,[전망치],IPCC AR6 Sea Level Projection Tool (NASA/IPCC),https://sealevel.nasa.gov/data_tools/17,기관 이용약관,B-008_NASA 해수면 상승 전망 (SSP 1~5).xlsx,1.1_observation(측정값),1151,
B-008,"NASA 해수면 상승 전망[SSP1, SSP2, SSP3, SSP4, SSP5]",observation,vnm-v121-b-008-obs-1152-064681864bc70e84,B-008_rsl_1449_ssp126_q5,VNM,2070,0.018,m,,,,,,[전망치],IPCC AR6 Sea Level Projection Tool (NASA/IPCC),https://sealevel.nasa.gov/data_tools/17,기관 이용약관,B-008_NASA 해수면 상승 전망 (SSP 1~5).xlsx,1.1_observation(측정값),1152,
B-008,"NASA 해수면 상승 전망[SSP1, SSP2, SSP3, SSP4, SSP5]",observation,vnm-v121-b-008-obs-1153-b5354d88d54b3673,B-008_rsl_1449_ssp126_q5,VNM,2080,0.024,m,,,,,,[전망치],IPCC AR6 Sea Level Projection Tool (NASA/IPCC),https://sealevel.nasa.gov/data_tools/17,기관 이용약관,B-008_NASA 해수면 상승 전망 (SSP 1~5).xlsx,1.1_observation(측정값),1153,
B-008,"NASA 해수면 상승 전망[SSP1, SSP2, SSP3, SSP4, SSP5]",observation,vnm-v121-b-008-obs-1154-cf17533a5543d3db,B-008_rsl_1449_ssp126_q5,VNM,2090,0.03,m,,,,,,[전망치],IPCC AR6 Sea Level Projection Tool (NASA/IPCC),https://sealevel.nasa.gov/data_tools/17,기관 이용약관,B-008_NASA 해수면 상승 전망 (SSP 1~5).xlsx,1.1_observation(측정값),1154,
B-008,"NASA 해수면 상승 전망[SSP1, SSP2, SSP3, SSP4, SSP5]",observation,vnm-v121-b-008-obs-1155-94048428246873ac,B-008_rsl_1449_ssp126_q5,VNM,2100,-0.013,m,,,,,,[전망치],IPCC AR6 Sea Level Projection Tool (NASA/IPCC),https://sealevel.nasa.gov/data_tools/17,기관 이용약관,B-008_NASA 해수면 상승 전망 (SSP 1~5).xlsx,1.1_observation(측정값),1155,
B-008,"NASA 해수면 상승 전망[SSP1, SSP2, SSP3, SSP4, SSP5]",observation,vnm-v121-b-008-obs-1156-3e658ff201ca26aa,B-008_rsl_1449_ssp126_q95,VNM,2020,0.107,m,,,,,,[전망치],IPCC AR6 Sea Level Projection Tool (NASA/IPCC),https://sealevel.nasa.gov/data_tools/17,기관 이용약관,B-008_NASA 해수면 상승 전망 (SSP 1~5).xlsx,1.1_observation(측정값),1156,
B-008,"NASA 해수면 상승 전망[SSP1, SSP2, SSP3, SSP4, SSP5]",observation,vnm-v121-b-008-obs-1157-27bdc6a5c05adcd9,B-008_rsl_1449_ssp126_q95,VNM,2030,0.156,m,,,,,,[전망치],IPCC AR6 Sea Level Projection Tool (NASA/IPCC),https://sealevel.nasa.gov/data_tools/17,기관 이용약관,B-008_NASA 해수면 상승 전망 (SSP 1~5).xlsx,1.1_observation(측정값),1157,
B-008,"NASA 해수면 상승 전망[SSP1, SSP2, SSP3, SSP4, SSP5]",observation,vnm-v121-b-008-obs-1158-902d88284a32ec20,B-008_rsl_1449_ssp126_q95,VNM,2040,0.207,m,,,,,,[전망치],IPCC AR6 Sea Level Projection Tool (NASA/IPCC),https://sealevel.nasa.gov/data_tools/17,기관 이용약관,B-008_NASA 해수면 상승 전망 (SSP 1~5).xlsx,1.1_observation(측정값),1158,
B-008,"NASA 해수면 상승 전망[SSP1, SSP2, SSP3, SSP4, SSP5]",observation,vnm-v121-b-008-obs-1159-86d9a27f3652b396,B-008_rsl_1449_ssp126_q95,VNM,2050,0.282,m,,,,,,[전망치],IPCC AR6 Sea Level Projection Tool (NASA/IPCC),https://sealevel.nasa.gov/data_tools/17,기관 이용약관,B-008_NASA 해수면 상승 전망 (SSP 1~5).xlsx,1.1_observation(측정값),1159,
B-008,"NASA 해수면 상승 전망[SSP1, SSP2, SSP3, SSP4, SSP5]",observation,vnm-v121-b-008-obs-1160-22bbe8d73d79c5a8,B-008_rsl_1449_ssp126_q95,VNM,2060,0.355,m,,,,,,[전망치],IPCC AR6 Sea Level Projection Tool (NASA/IPCC),https://sealevel.nasa.gov/data_tools/17,기관 이용약관,B-008_NASA 해수면 상승 전망 (SSP 1~5).xlsx,1.1_observation(측정값),1160,
B-008,"NASA 해수면 상승 전망[SSP1, SSP2, SSP3, SSP4, SSP5]",observation,vnm-v121-b-008-obs-1161-4bc13e8ef5bdb4df,B-008_rsl_1449_ssp126_q95,VNM,2070,0.451,m,,,,,,[전망치],IPCC AR6 Sea Level Projection Tool (NASA/IPCC),https://sealevel.nasa.gov/data_tools/17,기관 이용약관,B-008_NASA 해수면 상승 전망 (SSP 1~5).xlsx,1.1_observation(측정값),1161,
B-008,"NASA 해수면 상승 전망[SSP1, SSP2, SSP3, SSP4, SSP5]",observation,vnm-v121-b-008-obs-1162-9d8ca018ba4b3794,B-008_rsl_1449_ssp126_q95,VNM,2080,0.543,m,,,,,,[전망치],IPCC AR6 Sea Level Projection Tool (NASA/IPCC),https://sealevel.nasa.gov/data_tools/17,기관 이용약관,B-008_NASA 해수면 상승 전망 (SSP 1~5).xlsx,1.1_observation(측정값),1162,
B-008,"NASA 해수면 상승 전망[SSP1, SSP2, SSP3, SSP4, SSP5]",observation,vnm-v121-b-008-obs-1163-c1324142d52678ff,B-008_rsl_1449_ssp126_q95,VNM,2090,0.63,m,,,,,,[전망치],IPCC AR6 Sea Level Projection Tool (NASA/IPCC),https://sealevel.nasa.gov/data_tools/17,기관 이용약관,B-008_NASA 해수면 상승 전망 (SSP 1~5).xlsx,1.1_observation(측정값),1163,
B-008,"NASA 해수면 상승 전망[SSP1, SSP2, SSP3, SSP4, SSP5]",observation,vnm-v121-b-008-obs-1164-81d0901827ab5218,B-008_rsl_1449_ssp126_q95,VNM,2100,0.746,m,,,,,,[전망치],IPCC AR6 Sea Level Projection Tool (NASA/IPCC),https://sealevel.nasa.gov/data_tools/17,기관 이용약관,B-008_NASA 해수면 상승 전망 (SSP 1~5).xlsx,1.1_observation(측정값),1164,
B-008,"NASA 해수면 상승 전망[SSP1, SSP2, SSP3, SSP4, SSP5]",observation,vnm-v121-b-008-obs-1165-996a927c8a6ce715,B-008_rsl_1449_ssp245_q5,VNM,2020,-0.041,m,,,,,,[전망치],IPCC AR6 Sea Level Projection Tool (NASA/IPCC),https://sealevel.nasa.gov/data_tools/17,기관 이용약관,B-008_NASA 해수면 상승 전망 (SSP 1~5).xlsx,1.1_observation(측정값),1165,
B-008,"NASA 해수면 상승 전망[SSP1, SSP2, SSP3, SSP4, SSP5]",observation,vnm-v121-b-008-obs-1166-b3f33367d52bede8,B-008_rsl_1449_ssp245_q5,VNM,2030,-0.03,m,,,,,,[전망치],IPCC AR6 Sea Level Projection Tool (NASA/IPCC),https://sealevel.nasa.gov/data_tools/17,기관 이용약관,B-008_NASA 해수면 상승 전망 (SSP 1~5).xlsx,1.1_observation(측정값),1166,
B-008,"NASA 해수면 상승 전망[SSP1, SSP2, SSP3, SSP4, SSP5]",observation,vnm-v121-b-008-obs-1167-9988660df20509ca,B-008_rsl_1449_ssp245_q5,VNM,2040,-0.014,m,,,,,,[전망치],IPCC AR6 Sea Level Projection Tool (NASA/IPCC),https://sealevel.nasa.gov/data_tools/17,기관 이용약관,B-008_NASA 해수면 상승 전망 (SSP 1~5).xlsx,1.1_observation(측정값),1167,
B-008,"NASA 해수면 상승 전망[SSP1, SSP2, SSP3, SSP4, SSP5]",observation,vnm-v121-b-008-obs-1168-7247af944e92ade2,B-008_rsl_1449_ssp245_q5,VNM,2050,0.003,m,,,,,,[전망치],IPCC AR6 Sea Level Projection Tool (NASA/IPCC),https://sealevel.nasa.gov/data_tools/17,기관 이용약관,B-008_NASA 해수면 상승 전망 (SSP 1~5).xlsx,1.1_observation(측정값),1168,
B-008,"NASA 해수면 상승 전망[SSP1, SSP2, SSP3, SSP4, SSP5]",observation,vnm-v121-b-008-obs-1169-a1aa8be260674815,B-008_rsl_1449_ssp245_q5,VNM,2060,0.024,m,,,,,,[전망치],IPCC AR6 Sea Level Projection Tool (NASA/IPCC),https://sealevel.nasa.gov/data_tools/17,기관 이용약관,B-008_NASA 해수면 상승 전망 (SSP 1~5).xlsx,1.1_observation(측정값),1169,
B-008,"NASA 해수면 상승 전망[SSP1, SSP2, SSP3, SSP4, SSP5]",observation,vnm-v121-b-008-obs-1170-ccc3d6382af03717,B-008_rsl_1449_ssp245_q5,VNM,2070,0.049,m,,,,,,[전망치],IPCC AR6 Sea Level Projection Tool (NASA/IPCC),https://sealevel.nasa.gov/data_tools/17,기관 이용약관,B-008_NASA 해수면 상승 전망 (SSP 1~5).xlsx,1.1_observation(측정값),1170,
B-008,"NASA 해수면 상승 전망[SSP1, SSP2, SSP3, SSP4, SSP5]",observation,vnm-v121-b-008-obs-1171-04b9527d65d8161d,B-008_rsl_1449_ssp245_q5,VNM,2080,0.066,m,,,,,,[전망치],IPCC AR6 Sea Level Projection Tool (NASA/IPCC),https://sealevel.nasa.gov/data_tools/17,기관 이용약관,B-008_NASA 해수면 상승 전망 (SSP 1~5).xlsx,1.1_observation(측정값),1171,
B-008,"NASA 해수면 상승 전망[SSP1, SSP2, SSP3, SSP4, SSP5]",observation,vnm-v121-b-008-obs-1172-2201442d88644a37,B-008_rsl_1449_ssp245_q5,VNM,2090,0.086,m,,,,,,[전망치],IPCC AR6 Sea Level Projection Tool (NASA/IPCC),https://sealevel.nasa.gov/data_tools/17,기관 이용약관,B-008_NASA 해수면 상승 전망 (SSP 1~5).xlsx,1.1_observation(측정값),1172,
B-008,"NASA 해수면 상승 전망[SSP1, SSP2, SSP3, SSP4, SSP5]",observation,vnm-v121-b-008-obs-1173-2b73245e88afd18c,B-008_rsl_1449_ssp245_q5,VNM,2100,0.124,m,,,,,,[전망치],IPCC AR6 Sea Level Projection Tool (NASA/IPCC),https://sealevel.nasa.gov/data_tools/17,기관 이용약관,B-008_NASA 해수면 상승 전망 (SSP 1~5).xlsx,1.1_observation(측정값),1173,
B-008,"NASA 해수면 상승 전망[SSP1, SSP2, SSP3, SSP4, SSP5]",observation,vnm-v121-b-008-obs-1174-c262660f6906dfbc,B-008_rsl_1449_ssp245_q95,VNM,2020,0.097,m,,,,,,[전망치],IPCC AR6 Sea Level Projection Tool (NASA/IPCC),https://sealevel.nasa.gov/data_tools/17,기관 이용약관,B-008_NASA 해수면 상승 전망 (SSP 1~5).xlsx,1.1_observation(측정값),1174,
B-008,"NASA 해수면 상승 전망[SSP1, SSP2, SSP3, SSP4, SSP5]",observation,vnm-v121-b-008-obs-1175-a19c8e6a5264ec32,B-008_rsl_1449_ssp245_q95,VNM,2030,0.145,m,,,,,,[전망치],IPCC AR6 Sea Level Projection Tool (NASA/IPCC),https://sealevel.nasa.gov/data_tools/17,기관 이용약관,B-008_NASA 해수면 상승 전망 (SSP 1~5).xlsx,1.1_observation(측정값),1175,
B-008,"NASA 해수면 상승 전망[SSP1, SSP2, SSP3, SSP4, SSP5]",observation,vnm-v121-b-008-obs-1176-fc83256cfd38a53e,B-008_rsl_1449_ssp245_q95,VNM,2040,0.207,m,,,,,,[전망치],IPCC AR6 Sea Level Projection Tool (NASA/IPCC),https://sealevel.nasa.gov/data_tools/17,기관 이용약관,B-008_NASA 해수면 상승 전망 (SSP 1~5).xlsx,1.1_observation(측정값),1176,
B-008,"NASA 해수면 상승 전망[SSP1, SSP2, SSP3, SSP4, SSP5]",observation,vnm-v121-b-008-obs-1177-8a63543d968e2b35,B-008_rsl_1449_ssp245_q95,VNM,2050,0.3,m,,,,,,[전망치],IPCC AR6 Sea Level Projection Tool (NASA/IPCC),https://sealevel.nasa.gov/data_tools/17,기관 이용약관,B-008_NASA 해수면 상승 전망 (SSP 1~5).xlsx,1.1_observation(측정값),1177,
B-008,"NASA 해수면 상승 전망[SSP1, SSP2, SSP3, SSP4, SSP5]",observation,vnm-v121-b-008-obs-1178-af81e75c1937a33a,B-008_rsl_1449_ssp245_q95,VNM,2060,0.388,m,,,,,,[전망치],IPCC AR6 Sea Level Projection Tool (NASA/IPCC),https://sealevel.nasa.gov/data_tools/17,기관 이용약관,B-008_NASA 해수면 상승 전망 (SSP 1~5).xlsx,1.1_observation(측정값),1178,
B-008,"NASA 해수면 상승 전망[SSP1, SSP2, SSP3, SSP4, SSP5]",observation,vnm-v121-b-008-obs-1179-49484e3b906414ae,B-008_rsl_1449_ssp245_q95,VNM,2070,0.5,m,,,,,,[전망치],IPCC AR6 Sea Level Projection Tool (NASA/IPCC),https://sealevel.nasa.gov/data_tools/17,기관 이용약관,B-008_NASA 해수면 상승 전망 (SSP 1~5).xlsx,1.1_observation(측정값),1179,
B-008,"NASA 해수면 상승 전망[SSP1, SSP2, SSP3, SSP4, SSP5]",observation,vnm-v121-b-008-obs-1180-6acdbc4497b20c62,B-008_rsl_1449_ssp245_q95,VNM,2080,0.621,m,,,,,,[전망치],IPCC AR6 Sea Level Projection Tool (NASA/IPCC),https://sealevel.nasa.gov/data_tools/17,기관 이용약관,B-008_NASA 해수면 상승 전망 (SSP 1~5).xlsx,1.1_observation(측정값),1180,
B-008,"NASA 해수면 상승 전망[SSP1, SSP2, SSP3, SSP4, SSP5]",observation,vnm-v121-b-008-obs-1181-ec7a1380285491bf,B-008_rsl_1449_ssp245_q95,VNM,2090,0.751,m,,,,,,[전망치],IPCC AR6 Sea Level Projection Tool (NASA/IPCC),https://sealevel.nasa.gov/data_tools/17,기관 이용약관,B-008_NASA 해수면 상승 전망 (SSP 1~5).xlsx,1.1_observation(측정값),1181,
B-008,"NASA 해수면 상승 전망[SSP1, SSP2, SSP3, SSP4, SSP5]",observation,vnm-v121-b-008-obs-1182-d75c51d2d27aee8d,B-008_rsl_1449_ssp245_q95,VNM,2100,0.907,m,,,,,,[전망치],IPCC AR6 Sea Level Projection Tool (NASA/IPCC),https://sealevel.nasa.gov/data_tools/17,기관 이용약관,B-008_NASA 해수면 상승 전망 (SSP 1~5).xlsx,1.1_observation(측정값),1182,
B-008,"NASA 해수면 상승 전망[SSP1, SSP2, SSP3, SSP4, SSP5]",observation,vnm-v121-b-008-obs-1183-eee51756b825272e,B-008_rsl_1449_ssp370_q5,VNM,2020,-0.038,m,,,,,,[전망치],IPCC AR6 Sea Level Projection Tool (NASA/IPCC),https://sealevel.nasa.gov/data_tools/17,기관 이용약관,B-008_NASA 해수면 상승 전망 (SSP 1~5).xlsx,1.1_observation(측정값),1183,
B-008,"NASA 해수면 상승 전망[SSP1, SSP2, SSP3, SSP4, SSP5]",observation,vnm-v121-b-008-obs-1184-e9eb13f9da784717,B-008_rsl_1449_ssp370_q5,VNM,2030,-0.026,m,,,,,,[전망치],IPCC AR6 Sea Level Projection Tool (NASA/IPCC),https://sealevel.nasa.gov/data_tools/17,기관 이용약관,B-008_NASA 해수면 상승 전망 (SSP 1~5).xlsx,1.1_observation(측정값),1184,
B-008,"NASA 해수면 상승 전망[SSP1, SSP2, SSP3, SSP4, SSP5]",observation,vnm-v121-b-008-obs-1185-22bdde9f54e27805,B-008_rsl_1449_ssp370_q5,VNM,2040,-0.011,m,,,,,,[전망치],IPCC AR6 Sea Level Projection Tool (NASA/IPCC),https://sealevel.nasa.gov/data_tools/17,기관 이용약관,B-008_NASA 해수면 상승 전망 (SSP 1~5).xlsx,1.1_observation(측정값),1185,
B-008,"NASA 해수면 상승 전망[SSP1, SSP2, SSP3, SSP4, SSP5]",observation,vnm-v121-b-008-obs-1186-a46bc5442dd0a413,B-008_rsl_1449_ssp370_q5,VNM,2050,0.013,m,,,,,,[전망치],IPCC AR6 Sea Level Projection Tool (NASA/IPCC),https://sealevel.nasa.gov/data_tools/17,기관 이용약관,B-008_NASA 해수면 상승 전망 (SSP 1~5).xlsx,1.1_observation(측정값),1186,
B-008,"NASA 해수면 상승 전망[SSP1, SSP2, SSP3, SSP4, SSP5]",observation,vnm-v121-b-008-obs-1187-72ad57711eca6552,B-008_rsl_1449_ssp370_q5,VNM,2060,0.036,m,,,,,,[전망치],IPCC AR6 Sea Level Projection Tool (NASA/IPCC),https://sealevel.nasa.gov/data_tools/17,기관 이용약관,B-008_NASA 해수면 상승 전망 (SSP 1~5).xlsx,1.1_observation(측정값),1187,
B-008,"NASA 해수면 상승 전망[SSP1, SSP2, SSP3, SSP4, SSP5]",observation,vnm-v121-b-008-obs-1188-8c797c5f364c0edb,B-008_rsl_1449_ssp370_q5,VNM,2070,0.073,m,,,,,,[전망치],IPCC AR6 Sea Level Projection Tool (NASA/IPCC),https://sealevel.nasa.gov/data_tools/17,기관 이용약관,B-008_NASA 해수면 상승 전망 (SSP 1~5).xlsx,1.1_observation(측정값),1188,
B-008,"NASA 해수면 상승 전망[SSP1, SSP2, SSP3, SSP4, SSP5]",observation,vnm-v121-b-008-obs-1189-1d4dee32a0ed0ddf,B-008_rsl_1449_ssp370_q5,VNM,2080,0.111,m,,,,,,[전망치],IPCC AR6 Sea Level Projection Tool (NASA/IPCC),https://sealevel.nasa.gov/data_tools/17,기관 이용약관,B-008_NASA 해수면 상승 전망 (SSP 1~5).xlsx,1.1_observation(측정값),1189,
B-008,"NASA 해수면 상승 전망[SSP1, SSP2, SSP3, SSP4, SSP5]",observation,vnm-v121-b-008-obs-1190-cd01a0a190000602,B-008_rsl_1449_ssp370_q5,VNM,2090,0.161,m,,,,,,[전망치],IPCC AR6 Sea Level Projection Tool (NASA/IPCC),https://sealevel.nasa.gov/data_tools/17,기관 이용약관,B-008_NASA 해수면 상승 전망 (SSP 1~5).xlsx,1.1_observation(측정값),1190,
B-008,"NASA 해수면 상승 전망[SSP1, SSP2, SSP3, SSP4, SSP5]",observation,vnm-v121-b-008-obs-1191-2a06b94ef6ead84d,B-008_rsl_1449_ssp370_q5,VNM,2100,0.207,m,,,,,,[전망치],IPCC AR6 Sea Level Projection Tool (NASA/IPCC),https://sealevel.nasa.gov/data_tools/17,기관 이용약관,B-008_NASA 해수면 상승 전망 (SSP 1~5).xlsx,1.1_observation(측정값),1191,
B-008,"NASA 해수면 상승 전망[SSP1, SSP2, SSP3, SSP4, SSP5]",observation,vnm-v121-b-008-obs-1192-f91ede192669b446,B-008_rsl_1449_ssp370_q95,VNM,2020,0.094,m,,,,,,[전망치],IPCC AR6 Sea Level Projection Tool (NASA/IPCC),https://sealevel.nasa.gov/data_tools/17,기관 이용약관,B-008_NASA 해수면 상승 전망 (SSP 1~5).xlsx,1.1_observation(측정값),1192,
B-008,"NASA 해수면 상승 전망[SSP1, SSP2, SSP3, SSP4, SSP5]",observation,vnm-v121-b-008-obs-1193-98d395afb1de2cfd,B-008_rsl_1449_ssp370_q95,VNM,2030,0.145,m,,,,,,[전망치],IPCC AR6 Sea Level Projection Tool (NASA/IPCC),https://sealevel.nasa.gov/data_tools/17,기관 이용약관,B-008_NASA 해수면 상승 전망 (SSP 1~5).xlsx,1.1_observation(측정값),1193,
B-008,"NASA 해수면 상승 전망[SSP1, SSP2, SSP3, SSP4, SSP5]",observation,vnm-v121-b-008-obs-1194-d720eb47aa8668e7,B-008_rsl_1449_ssp370_q95,VNM,2040,0.209,m,,,,,,[전망치],IPCC AR6 Sea Level Projection Tool (NASA/IPCC),https://sealevel.nasa.gov/data_tools/17,기관 이용약관,B-008_NASA 해수면 상승 전망 (SSP 1~5).xlsx,1.1_observation(측정값),1194,
B-008,"NASA 해수면 상승 전망[SSP1, SSP2, SSP3, SSP4, SSP5]",observation,vnm-v121-b-008-obs-1195-f2714a213be67d25,B-008_rsl_1449_ssp370_q95,VNM,2050,0.307,m,,,,,,[전망치],IPCC AR6 Sea Level Projection Tool (NASA/IPCC),https://sealevel.nasa.gov/data_tools/17,기관 이용약관,B-008_NASA 해수면 상승 전망 (SSP 1~5).xlsx,1.1_observation(측정값),1195,
B-008,"NASA 해수면 상승 전망[SSP1, SSP2, SSP3, SSP4, SSP5]",observation,vnm-v121-b-008-obs-1196-45576b97de37ff86,B-008_rsl_1449_ssp370_q95,VNM,2060,0.407,m,,,,,,[전망치],IPCC AR6 Sea Level Projection Tool (NASA/IPCC),https://sealevel.nasa.gov/data_tools/17,기관 이용약관,B-008_NASA 해수면 상승 전망 (SSP 1~5).xlsx,1.1_observation(측정값),1196,
B-008,"NASA 해수면 상승 전망[SSP1, SSP2, SSP3, SSP4, SSP5]",observation,vnm-v121-b-008-obs-1197-859664087f681eed,B-008_rsl_1449_ssp370_q95,VNM,2070,0.534,m,,,,,,[전망치],IPCC AR6 Sea Level Projection Tool (NASA/IPCC),https://sealevel.nasa.gov/data_tools/17,기관 이용약관,B-008_NASA 해수면 상승 전망 (SSP 1~5).xlsx,1.1_observation(측정값),1197,
B-008,"NASA 해수면 상승 전망[SSP1, SSP2, SSP3, SSP4, SSP5]",observation,vnm-v121-b-008-obs-1198-4bbf574bffd1d680,B-008_rsl_1449_ssp370_q95,VNM,2080,0.68,m,,,,,,[전망치],IPCC AR6 Sea Level Projection Tool (NASA/IPCC),https://sealevel.nasa.gov/data_tools/17,기관 이용약관,B-008_NASA 해수면 상승 전망 (SSP 1~5).xlsx,1.1_observation(측정값),1198,
B-008,"NASA 해수면 상승 전망[SSP1, SSP2, SSP3, SSP4, SSP5]",observation,vnm-v121-b-008-obs-1199-cca883a1b0610d85,B-008_rsl_1449_ssp370_q95,VNM,2090,0.852,m,,,,,,[전망치],IPCC AR6 Sea Level Projection Tool (NASA/IPCC),https://sealevel.nasa.gov/data_tools/17,기관 이용약관,B-008_NASA 해수면 상승 전망 (SSP 1~5).xlsx,1.1_observation(측정값),1199,
B-008,"NASA 해수면 상승 전망[SSP1, SSP2, SSP3, SSP4, SSP5]",observation,vnm-v121-b-008-obs-1200-e4ca53315b5ba760,B-008_rsl_1449_ssp370_q95,VNM,2100,1.049,m,,,,,,[전망치],IPCC AR6 Sea Level Projection Tool (NASA/IPCC),https://sealevel.nasa.gov/data_tools/17,기관 이용약관,B-008_NASA 해수면 상승 전망 (SSP 1~5).xlsx,1.1_observation(측정값),1200,
B-008,"NASA 해수면 상승 전망[SSP1, SSP2, SSP3, SSP4, SSP5]",observation,vnm-v121-b-008-obs-1201-a9a29ccf6c47bb40,B-008_rsl_1449_ssp585_q5,VNM,2020,-0.036,m,,,,,,[전망치],IPCC AR6 Sea Level Projection Tool (NASA/IPCC),https://sealevel.nasa.gov/data_tools/17,기관 이용약관,B-008_NASA 해수면 상승 전망 (SSP 1~5).xlsx,1.1_observation(측정값),1201,
B-008,"NASA 해수면 상승 전망[SSP1, SSP2, SSP3, SSP4, SSP5]",observation,vnm-v121-b-008-obs-1202-1a04825468c082da,B-008_rsl_1449_ssp585_q5,VNM,2030,-0.019,m,,,,,,[전망치],IPCC AR6 Sea Level Projection Tool (NASA/IPCC),https://sealevel.nasa.gov/data_tools/17,기관 이용약관,B-008_NASA 해수면 상승 전망 (SSP 1~5).xlsx,1.1_observation(측정값),1202,
B-008,"NASA 해수면 상승 전망[SSP1, SSP2, SSP3, SSP4, SSP5]",observation,vnm-v121-b-008-obs-1203-f73bbc3bf8acc5d5,B-008_rsl_1449_ssp585_q5,VNM,2040,-0.003,m,,,,,,[전망치],IPCC AR6 Sea Level Projection Tool (NASA/IPCC),https://sealevel.nasa.gov/data_tools/17,기관 이용약관,B-008_NASA 해수면 상승 전망 (SSP 1~5).xlsx,1.1_observation(측정값),1203,
B-008,"NASA 해수면 상승 전망[SSP1, SSP2, SSP3, SSP4, SSP5]",observation,vnm-v121-b-008-obs-1204-2b8c3a0ad98555e6,B-008_rsl_1449_ssp585_q5,VNM,2050,0.03,m,,,,,,[전망치],IPCC AR6 Sea Level Projection Tool (NASA/IPCC),https://sealevel.nasa.gov/data_tools/17,기관 이용약관,B-008_NASA 해수면 상승 전망 (SSP 1~5).xlsx,1.1_observation(측정값),1204,
B-008,"NASA 해수면 상승 전망[SSP1, SSP2, SSP3, SSP4, SSP5]",observation,vnm-v121-b-008-obs-1205-033a6d9caa98b27f,B-008_rsl_1449_ssp585_q5,VNM,2060,0.055,m,,,,,,[전망치],IPCC AR6 Sea Level Projection Tool (NASA/IPCC),https://sealevel.nasa.gov/data_tools/17,기관 이용약관,B-008_NASA 해수면 상승 전망 (SSP 1~5).xlsx,1.1_observation(측정값),1205,
B-008,"NASA 해수면 상승 전망[SSP1, SSP2, SSP3, SSP4, SSP5]",observation,vnm-v121-b-008-obs-1206-ef2620895d92e184,B-008_rsl_1449_ssp585_q5,VNM,2070,0.099,m,,,,,,[전망치],IPCC AR6 Sea Level Projection Tool (NASA/IPCC),https://sealevel.nasa.gov/data_tools/17,기관 이용약관,B-008_NASA 해수면 상승 전망 (SSP 1~5).xlsx,1.1_observation(측정값),1206,
B-008,"NASA 해수면 상승 전망[SSP1, SSP2, SSP3, SSP4, SSP5]",observation,vnm-v121-b-008-obs-1207-da3fa4d17accd8a7,B-008_rsl_1449_ssp585_q5,VNM,2080,0.153,m,,,,,,[전망치],IPCC AR6 Sea Level Projection Tool (NASA/IPCC),https://sealevel.nasa.gov/data_tools/17,기관 이용약관,B-008_NASA 해수면 상승 전망 (SSP 1~5).xlsx,1.1_observation(측정값),1207,
B-008,"NASA 해수면 상승 전망[SSP1, SSP2, SSP3, SSP4, SSP5]",observation,vnm-v121-b-008-obs-1208-900ce441468c80fc,B-008_rsl_1449_ssp585_q5,VNM,2090,0.226,m,,,,,,[전망치],IPCC AR6 Sea Level Projection Tool (NASA/IPCC),https://sealevel.nasa.gov/data_tools/17,기관 이용약관,B-008_NASA 해수면 상승 전망 (SSP 1~5).xlsx,1.1_observation(측정값),1208,
B-008,"NASA 해수면 상승 전망[SSP1, SSP2, SSP3, SSP4, SSP5]",observation,vnm-v121-b-008-obs-1209-ed6253d8da8a9d23,B-008_rsl_1449_ssp585_q5,VNM,2100,0.293,m,,,,,,[전망치],IPCC AR6 Sea Level Projection Tool (NASA/IPCC),https://sealevel.nasa.gov/data_tools/17,기관 이용약관,B-008_NASA 해수면 상승 전망 (SSP 1~5).xlsx,1.1_observation(측정값),1209,
B-008,"NASA 해수면 상승 전망[SSP1, SSP2, SSP3, SSP4, SSP5]",observation,vnm-v121-b-008-obs-1210-3695ae62ce42520c,B-008_rsl_1449_ssp585_q95,VNM,2020,0.087,m,,,,,,[전망치],IPCC AR6 Sea Level Projection Tool (NASA/IPCC),https://sealevel.nasa.gov/data_tools/17,기관 이용약관,B-008_NASA 해수면 상승 전망 (SSP 1~5).xlsx,1.1_observation(측정값),1210,
B-008,"NASA 해수면 상승 전망[SSP1, SSP2, SSP3, SSP4, SSP5]",observation,vnm-v121-b-008-obs-1211-85df4c68bf61e67b,B-008_rsl_1449_ssp585_q95,VNM,2030,0.147,m,,,,,,[전망치],IPCC AR6 Sea Level Projection Tool (NASA/IPCC),https://sealevel.nasa.gov/data_tools/17,기관 이용약관,B-008_NASA 해수면 상승 전망 (SSP 1~5).xlsx,1.1_observation(측정값),1211,
B-008,"NASA 해수면 상승 전망[SSP1, SSP2, SSP3, SSP4, SSP5]",observation,vnm-v121-b-008-obs-1212-cc143920abacef1c,B-008_rsl_1449_ssp585_q95,VNM,2040,0.235,m,,,,,,[전망치],IPCC AR6 Sea Level Projection Tool (NASA/IPCC),https://sealevel.nasa.gov/data_tools/17,기관 이용약관,B-008_NASA 해수면 상승 전망 (SSP 1~5).xlsx,1.1_observation(측정값),1212,
B-008,"NASA 해수면 상승 전망[SSP1, SSP2, SSP3, SSP4, SSP5]",observation,vnm-v121-b-008-obs-1213-9b74a2f3b69d5a00,B-008_rsl_1449_ssp585_q95,VNM,2050,0.336,m,,,,,,[전망치],IPCC AR6 Sea Level Projection Tool (NASA/IPCC),https://sealevel.nasa.gov/data_tools/17,기관 이용약관,B-008_NASA 해수면 상승 전망 (SSP 1~5).xlsx,1.1_observation(측정값),1213,
B-008,"NASA 해수면 상승 전망[SSP1, SSP2, SSP3, SSP4, SSP5]",observation,vnm-v121-b-008-obs-1214-5d46f8997f5ca7f4,B-008_rsl_1449_ssp585_q95,VNM,2060,0.452,m,,,,,,[전망치],IPCC AR6 Sea Level Projection Tool (NASA/IPCC),https://sealevel.nasa.gov/data_tools/17,기관 이용약관,B-008_NASA 해수면 상승 전망 (SSP 1~5).xlsx,1.1_observation(측정값),1214,
B-008,"NASA 해수면 상승 전망[SSP1, SSP2, SSP3, SSP4, SSP5]",observation,vnm-v121-b-008-obs-1215-c7eb7c415f163fcd,B-008_rsl_1449_ssp585_q95,VNM,2070,0.601,m,,,,,,[전망치],IPCC AR6 Sea Level Projection Tool (NASA/IPCC),https://sealevel.nasa.gov/data_tools/17,기관 이용약관,B-008_NASA 해수면 상승 전망 (SSP 1~5).xlsx,1.1_observation(측정값),1215,
B-008,"NASA 해수면 상승 전망[SSP1, SSP2, SSP3, SSP4, SSP5]",observation,vnm-v121-b-008-obs-1216-92c8cf696c6012ae,B-008_rsl_1449_ssp585_q95,VNM,2080,0.772,m,,,,,,[전망치],IPCC AR6 Sea Level Projection Tool (NASA/IPCC),https://sealevel.nasa.gov/data_tools/17,기관 이용약관,B-008_NASA 해수면 상승 전망 (SSP 1~5).xlsx,1.1_observation(측정값),1216,
B-008,"NASA 해수면 상승 전망[SSP1, SSP2, SSP3, SSP4, SSP5]",observation,vnm-v121-b-008-obs-1217-c3797d292ec7702e,B-008_rsl_1449_ssp585_q95,VNM,2090,0.968,m,,,,,,[전망치],IPCC AR6 Sea Level Projection Tool (NASA/IPCC),https://sealevel.nasa.gov/data_tools/17,기관 이용약관,B-008_NASA 해수면 상승 전망 (SSP 1~5).xlsx,1.1_observation(측정값),1217,
B-008,"NASA 해수면 상승 전망[SSP1, SSP2, SSP3, SSP4, SSP5]",observation,vnm-v121-b-008-obs-1218-af1ad8581114ba8e,B-008_rsl_1449_ssp585_q95,VNM,2100,1.212,m,,,,,,[전망치],IPCC AR6 Sea Level Projection Tool (NASA/IPCC),https://sealevel.nasa.gov/data_tools/17,기관 이용약관,B-008_NASA 해수면 상승 전망 (SSP 1~5).xlsx,1.1_observation(측정값),1218,
B-008,"NASA 해수면 상승 전망[SSP1, SSP2, SSP3, SSP4, SSP5]",observation,vnm-v121-b-008-obs-1219-335f5191913b9e73,B-008_rsl_low_1449_ssp126_q5,VNM,2020,-0.055,m,,,,,,[전망치],IPCC AR6 Sea Level Projection Tool (NASA/IPCC),https://sealevel.nasa.gov/data_tools/17,기관 이용약관,B-008_NASA 해수면 상승 전망 (SSP 1~5).xlsx,1.1_observation(측정값),1219,
B-008,"NASA 해수면 상승 전망[SSP1, SSP2, SSP3, SSP4, SSP5]",observation,vnm-v121-b-008-obs-1220-d1894bd4c9dc8a9a,B-008_rsl_low_1449_ssp126_q5,VNM,2030,-0.044,m,,,,,,[전망치],IPCC AR6 Sea Level Projection Tool (NASA/IPCC),https://sealevel.nasa.gov/data_tools/17,기관 이용약관,B-008_NASA 해수면 상승 전망 (SSP 1~5).xlsx,1.1_observation(측정값),1220,
B-008,"NASA 해수면 상승 전망[SSP1, SSP2, SSP3, SSP4, SSP5]",observation,vnm-v121-b-008-obs-1221-91087e409362c7f9,B-008_rsl_low_1449_ssp126_q5,VNM,2040,-0.029,m,,,,,,[전망치],IPCC AR6 Sea Level Projection Tool (NASA/IPCC),https://sealevel.nasa.gov/data_tools/17,기관 이용약관,B-008_NASA 해수면 상승 전망 (SSP 1~5).xlsx,1.1_observation(측정값),1221,
B-008,"NASA 해수면 상승 전망[SSP1, SSP2, SSP3, SSP4, SSP5]",observation,vnm-v121-b-008-obs-1222-73ebd894e6f75460,B-008_rsl_low_1449_ssp126_q5,VNM,2050,-0.006,m,,,,,,[전망치],IPCC AR6 Sea Level Projection Tool (NASA/IPCC),https://sealevel.nasa.gov/data_tools/17,기관 이용약관,B-008_NASA 해수면 상승 전망 (SSP 1~5).xlsx,1.1_observation(측정값),1222,
B-008,"NASA 해수면 상승 전망[SSP1, SSP2, SSP3, SSP4, SSP5]",observation,vnm-v121-b-008-obs-1223-fd35e2c75525bf1c,B-008_rsl_low_1449_ssp126_q5,VNM,2060,0.004,m,,,,,,[전망치],IPCC AR6 Sea Level Projection Tool (NASA/IPCC),https://sealevel.nasa.gov/data_tools/17,기관 이용약관,B-008_NASA 해수면 상승 전망 (SSP 1~5).xlsx,1.1_observation(측정값),1223,
B-008,"NASA 해수면 상승 전망[SSP1, SSP2, SSP3, SSP4, SSP5]",observation,vnm-v121-b-008-obs-1224-c8fd7c74345b13a4,B-008_rsl_low_1449_ssp126_q5,VNM,2070,0.018,m,,,,,,[전망치],IPCC AR6 Sea Level Projection Tool (NASA/IPCC),https://sealevel.nasa.gov/data_tools/17,기관 이용약관,B-008_NASA 해수면 상승 전망 (SSP 1~5).xlsx,1.1_observation(측정값),1224,
B-008,"NASA 해수면 상승 전망[SSP1, SSP2, SSP3, SSP4, SSP5]",observation,vnm-v121-b-008-obs-1225-799028b580dd8d23,B-008_rsl_low_1449_ssp126_q5,VNM,2080,0.024,m,,,,,,[전망치],IPCC AR6 Sea Level Projection Tool (NASA/IPCC),https://sealevel.nasa.gov/data_tools/17,기관 이용약관,B-008_NASA 해수면 상승 전망 (SSP 1~5).xlsx,1.1_observation(측정값),1225,
B-008,"NASA 해수면 상승 전망[SSP1, SSP2, SSP3, SSP4, SSP5]",observation,vnm-v121-b-008-obs-1226-9d2cbde5b3ec566b,B-008_rsl_low_1449_ssp126_q5,VNM,2090,0.03,m,,,,,,[전망치],IPCC AR6 Sea Level Projection Tool (NASA/IPCC),https://sealevel.nasa.gov/data_tools/17,기관 이용약관,B-008_NASA 해수면 상승 전망 (SSP 1~5).xlsx,1.1_observation(측정값),1226,
B-008,"NASA 해수면 상승 전망[SSP1, SSP2, SSP3, SSP4, SSP5]",observation,vnm-v121-b-008-obs-1227-e53021e8f293b72b,B-008_rsl_low_1449_ssp126_q5,VNM,2100,-0.013,m,,,,,,[전망치],IPCC AR6 Sea Level Projection Tool (NASA/IPCC),https://sealevel.nasa.gov/data_tools/17,기관 이용약관,B-008_NASA 해수면 상승 전망 (SSP 1~5).xlsx,1.1_observation(측정값),1227,
B-008,"NASA 해수면 상승 전망[SSP1, SSP2, SSP3, SSP4, SSP5]",observation,vnm-v121-b-008-obs-1228-1c0376520895ae74,B-008_rsl_low_1449_ssp126_q17,VNM,2020,-0.021,m,,,,,,[전망치],IPCC AR6 Sea Level Projection Tool (NASA/IPCC),https://sealevel.nasa.gov/data_tools/17,기관 이용약관,B-008_NASA 해수면 상승 전망 (SSP 1~5).xlsx,1.1_observation(측정값),1228,
B-008,"NASA 해수면 상승 전망[SSP1, SSP2, SSP3, SSP4, SSP5]",observation,vnm-v121-b-008-obs-1229-62ceb6d2ac5aa402,B-008_rsl_low_1449_ssp126_q17,VNM,2030,-0.005,m,,,,,,[전망치],IPCC AR6 Sea Level Projection Tool (NASA/IPCC),https://sealevel.nasa.gov/data_tools/17,기관 이용약관,B-008_NASA 해수면 상승 전망 (SSP 1~5).xlsx,1.1_observation(측정값),1229,
B-008,"NASA 해수면 상승 전망[SSP1, SSP2, SSP3, SSP4, SSP5]",observation,vnm-v121-b-008-obs-1230-a3752c5d7d12acca,B-008_rsl_low_1449_ssp126_q17,VNM,2040,0.014,m,,,,,,[전망치],IPCC AR6 Sea Level Projection Tool (NASA/IPCC),https://sealevel.nasa.gov/data_tools/17,기관 이용약관,B-008_NASA 해수면 상승 전망 (SSP 1~5).xlsx,1.1_observation(측정값),1230,
B-008,"NASA 해수면 상승 전망[SSP1, SSP2, SSP3, SSP4, SSP5]",observation,vnm-v121-b-008-obs-1231-48ff240b13d2633b,B-008_rsl_low_1449_ssp126_q17,VNM,2050,0.043,m,,,,,,[전망치],IPCC AR6 Sea Level Projection Tool (NASA/IPCC),https://sealevel.nasa.gov/data_tools/17,기관 이용약관,B-008_NASA 해수면 상승 전망 (SSP 1~5).xlsx,1.1_observation(측정값),1231,
B-008,"NASA 해수면 상승 전망[SSP1, SSP2, SSP3, SSP4, SSP5]",observation,vnm-v121-b-008-obs-1232-7918357f9b495fe9,B-008_rsl_low_1449_ssp126_q17,VNM,2060,0.059,m,,,,,,[전망치],IPCC AR6 Sea Level Projection Tool (NASA/IPCC),https://sealevel.nasa.gov/data_tools/17,기관 이용약관,B-008_NASA 해수면 상승 전망 (SSP 1~5).xlsx,1.1_observation(측정값),1232,
B-008,"NASA 해수면 상승 전망[SSP1, SSP2, SSP3, SSP4, SSP5]",observation,vnm-v121-b-008-obs-1233-f23f43a7a046a88a,B-008_rsl_low_1449_ssp126_q17,VNM,2070,0.084,m,,,,,,[전망치],IPCC AR6 Sea Level Projection Tool (NASA/IPCC),https://sealevel.nasa.gov/data_tools/17,기관 이용약관,B-008_NASA 해수면 상승 전망 (SSP 1~5).xlsx,1.1_observation(측정값),1233,
B-008,"NASA 해수면 상승 전망[SSP1, SSP2, SSP3, SSP4, SSP5]",observation,vnm-v121-b-008-obs-1234-c5ddc1801a323726,B-008_rsl_low_1449_ssp126_q17,VNM,2080,0.102,m,,,,,,[전망치],IPCC AR6 Sea Level Projection Tool (NASA/IPCC),https://sealevel.nasa.gov/data_tools/17,기관 이용약관,B-008_NASA 해수면 상승 전망 (SSP 1~5).xlsx,1.1_observation(측정값),1234,
B-008,"NASA 해수면 상승 전망[SSP1, SSP2, SSP3, SSP4, SSP5]",observation,vnm-v121-b-008-obs-1235-b8fe136cc4c8c5a3,B-008_rsl_low_1449_ssp126_q17,VNM,2090,0.118,m,,,,,,[전망치],IPCC AR6 Sea Level Projection Tool (NASA/IPCC),https://sealevel.nasa.gov/data_tools/17,기관 이용약관,B-008_NASA 해수면 상승 전망 (SSP 1~5).xlsx,1.1_observation(측정값),1235,
B-008,"NASA 해수면 상승 전망[SSP1, SSP2, SSP3, SSP4, SSP5]",observation,vnm-v121-b-008-obs-1236-fec73bd33b64cb66,B-008_rsl_low_1449_ssp126_q17,VNM,2100,0.104,m,,,,,,[전망치],IPCC AR6 Sea Level Projection Tool (NASA/IPCC),https://sealevel.nasa.gov/data_tools/17,기관 이용약관,B-008_NASA 해수면 상승 전망 (SSP 1~5).xlsx,1.1_observation(측정값),1236,
B-008,"NASA 해수면 상승 전망[SSP1, SSP2, SSP3, SSP4, SSP5]",observation,vnm-v121-b-008-obs-1237-0eb2cab92635864b,B-008_rsl_low_1449_ssp126_q50,VNM,2020,0.027,m,,,,,,[전망치],IPCC AR6 Sea Level Projection Tool (NASA/IPCC),https://sealevel.nasa.gov/data_tools/17,기관 이용약관,B-008_NASA 해수면 상승 전망 (SSP 1~5).xlsx,1.1_observation(측정값),1237,
B-008,"NASA 해수면 상승 전망[SSP1, SSP2, SSP3, SSP4, SSP5]",observation,vnm-v121-b-008-obs-1238-f64b6d726ea743b2,B-008_rsl_low_1449_ssp126_q50,VNM,2030,0.055,m,,,,,,[전망치],IPCC AR6 Sea Level Projection Tool (NASA/IPCC),https://sealevel.nasa.gov/data_tools/17,기관 이용약관,B-008_NASA 해수면 상승 전망 (SSP 1~5).xlsx,1.1_observation(측정값),1238,
B-008,"NASA 해수면 상승 전망[SSP1, SSP2, SSP3, SSP4, SSP5]",observation,vnm-v121-b-008-obs-1239-80c9025751eec078,B-008_rsl_low_1449_ssp126_q50,VNM,2040,0.085,m,,,,,,[전망치],IPCC AR6 Sea Level Projection Tool (NASA/IPCC),https://sealevel.nasa.gov/data_tools/17,기관 이용약관,B-008_NASA 해수면 상승 전망 (SSP 1~5).xlsx,1.1_observation(측정값),1239,
B-008,"NASA 해수면 상승 전망[SSP1, SSP2, SSP3, SSP4, SSP5]",observation,vnm-v121-b-008-obs-1240-78c0eeb85d13d375,B-008_rsl_low_1449_ssp126_q50,VNM,2050,0.127,m,,,,,,[전망치],IPCC AR6 Sea Level Projection Tool (NASA/IPCC),https://sealevel.nasa.gov/data_tools/17,기관 이용약관,B-008_NASA 해수면 상승 전망 (SSP 1~5).xlsx,1.1_observation(측정값),1240,
B-008,"NASA 해수면 상승 전망[SSP1, SSP2, SSP3, SSP4, SSP5]",observation,vnm-v121-b-008-obs-1241-9f036f0140d249f9,B-008_rsl_low_1449_ssp126_q50,VNM,2060,0.162,m,,,,,,[전망치],IPCC AR6 Sea Level Projection Tool (NASA/IPCC),https://sealevel.nasa.gov/data_tools/17,기관 이용약관,B-008_NASA 해수면 상승 전망 (SSP 1~5).xlsx,1.1_observation(측정값),1241,
B-008,"NASA 해수면 상승 전망[SSP1, SSP2, SSP3, SSP4, SSP5]",observation,vnm-v121-b-008-obs-1242-ec36cb7a1301b6cc,B-008_rsl_low_1449_ssp126_q50,VNM,2070,0.21,m,,,,,,[전망치],IPCC AR6 Sea Level Projection Tool (NASA/IPCC),https://sealevel.nasa.gov/data_tools/17,기관 이용약관,B-008_NASA 해수면 상승 전망 (SSP 1~5).xlsx,1.1_observation(측정값),1242,
B-008,"NASA 해수면 상승 전망[SSP1, SSP2, SSP3, SSP4, SSP5]",observation,vnm-v121-b-008-obs-1243-1cebcf99c9cfff8b,B-008_rsl_low_1449_ssp126_q50,VNM,2080,0.25,m,,,,,,[전망치],IPCC AR6 Sea Level Projection Tool (NASA/IPCC),https://sealevel.nasa.gov/data_tools/17,기관 이용약관,B-008_NASA 해수면 상승 전망 (SSP 1~5).xlsx,1.1_observation(측정값),1243,
B-008,"NASA 해수면 상승 전망[SSP1, SSP2, SSP3, SSP4, SSP5]",observation,vnm-v121-b-008-obs-1244-2469c28a67247366,B-008_rsl_low_1449_ssp126_q50,VNM,2090,0.288,m,,,,,,[전망치],IPCC AR6 Sea Level Projection Tool (NASA/IPCC),https://sealevel.nasa.gov/data_tools/17,기관 이용약관,B-008_NASA 해수면 상승 전망 (SSP 1~5).xlsx,1.1_observation(측정값),1244,
B-008,"NASA 해수면 상승 전망[SSP1, SSP2, SSP3, SSP4, SSP5]",observation,vnm-v121-b-008-obs-1245-0966669c975e1a6e,B-008_rsl_low_1449_ssp126_q50,VNM,2100,0.325,m,,,,,,[전망치],IPCC AR6 Sea Level Projection Tool (NASA/IPCC),https://sealevel.nasa.gov/data_tools/17,기관 이용약관,B-008_NASA 해수면 상승 전망 (SSP 1~5).xlsx,1.1_observation(측정값),1245,
B-008,"NASA 해수면 상승 전망[SSP1, SSP2, SSP3, SSP4, SSP5]",observation,vnm-v121-b-008-obs-1246-98c3c4dabba36021,B-008_rsl_low_1449_ssp126_q83,VNM,2020,0.082,m,,,,,,[전망치],IPCC AR6 Sea Level Projection Tool (NASA/IPCC),https://sealevel.nasa.gov/data_tools/17,기관 이용약관,B-008_NASA 해수면 상승 전망 (SSP 1~5).xlsx,1.1_observation(측정값),1246,
B-008,"NASA 해수면 상승 전망[SSP1, SSP2, SSP3, SSP4, SSP5]",observation,vnm-v121-b-008-obs-1247-ee21acbd3fe382dd,B-008_rsl_low_1449_ssp126_q83,VNM,2030,0.131,m,,,,,,[전망치],IPCC AR6 Sea Level Projection Tool (NASA/IPCC),https://sealevel.nasa.gov/data_tools/17,기관 이용약관,B-008_NASA 해수면 상승 전망 (SSP 1~5).xlsx,1.1_observation(측정값),1247,
B-008,"NASA 해수면 상승 전망[SSP1, SSP2, SSP3, SSP4, SSP5]",observation,vnm-v121-b-008-obs-1248-f70262705bc2b69b,B-008_rsl_low_1449_ssp126_q83,VNM,2040,0.195,m,,,,,,[전망치],IPCC AR6 Sea Level Projection Tool (NASA/IPCC),https://sealevel.nasa.gov/data_tools/17,기관 이용약관,B-008_NASA 해수면 상승 전망 (SSP 1~5).xlsx,1.1_observation(측정값),1248,
B-008,"NASA 해수면 상승 전망[SSP1, SSP2, SSP3, SSP4, SSP5]",observation,vnm-v121-b-008-obs-1249-41c54b44d3bde9dc,B-008_rsl_low_1449_ssp126_q83,VNM,2050,0.272,m,,,,,,[전망치],IPCC AR6 Sea Level Projection Tool (NASA/IPCC),https://sealevel.nasa.gov/data_tools/17,기관 이용약관,B-008_NASA 해수면 상승 전망 (SSP 1~5).xlsx,1.1_observation(측정값),1249,
B-008,"NASA 해수면 상승 전망[SSP1, SSP2, SSP3, SSP4, SSP5]",observation,vnm-v121-b-008-obs-1250-c6f15a06e830699f,B-008_rsl_low_1449_ssp126_q83,VNM,2060,0.352,m,,,,,,[전망치],IPCC AR6 Sea Level Projection Tool (NASA/IPCC),https://sealevel.nasa.gov/data_tools/17,기관 이용약관,B-008_NASA 해수면 상승 전망 (SSP 1~5).xlsx,1.1_observation(측정값),1250,
B-008,"NASA 해수면 상승 전망[SSP1, SSP2, SSP3, SSP4, SSP5]",observation,vnm-v121-b-008-obs-1251-174432ec97ed827a,B-008_rsl_low_1449_ssp126_q83,VNM,2070,0.44,m,,,,,,[전망치],IPCC AR6 Sea Level Projection Tool (NASA/IPCC),https://sealevel.nasa.gov/data_tools/17,기관 이용약관,B-008_NASA 해수면 상승 전망 (SSP 1~5).xlsx,1.1_observation(측정값),1251,
B-008,"NASA 해수면 상승 전망[SSP1, SSP2, SSP3, SSP4, SSP5]",observation,vnm-v121-b-008-obs-1252-6ea8f9eb3a783a46,B-008_rsl_low_1449_ssp126_q83,VNM,2080,0.527,m,,,,,,[전망치],IPCC AR6 Sea Level Projection Tool (NASA/IPCC),https://sealevel.nasa.gov/data_tools/17,기관 이용약관,B-008_NASA 해수면 상승 전망 (SSP 1~5).xlsx,1.1_observation(측정값),1252,
B-008,"NASA 해수면 상승 전망[SSP1, SSP2, SSP3, SSP4, SSP5]",observation,vnm-v121-b-008-obs-1253-2de9527b13a47b29,B-008_rsl_low_1449_ssp126_q83,VNM,2090,0.617,m,,,,,,[전망치],IPCC AR6 Sea Level Projection Tool (NASA/IPCC),https://sealevel.nasa.gov/data_tools/17,기관 이용약관,B-008_NASA 해수면 상승 전망 (SSP 1~5).xlsx,1.1_observation(측정값),1253,
B-008,"NASA 해수면 상승 전망[SSP1, SSP2, SSP3, SSP4, SSP5]",observation,vnm-v121-b-008-obs-1254-13d47000dd3a9f20,B-008_rsl_low_1449_ssp126_q83,VNM,2100,0.731,m,,,,,,[전망치],IPCC AR6 Sea Level Projection Tool (NASA/IPCC),https://sealevel.nasa.gov/data_tools/17,기관 이용약관,B-008_NASA 해수면 상승 전망 (SSP 1~5).xlsx,1.1_observation(측정값),1254,
B-008,"NASA 해수면 상승 전망[SSP1, SSP2, SSP3, SSP4, SSP5]",observation,vnm-v121-b-008-obs-1255-6b482eb43deeeca4,B-008_rsl_low_1449_ssp126_q95,VNM,2020,0.115,m,,,,,,[전망치],IPCC AR6 Sea Level Projection Tool (NASA/IPCC),https://sealevel.nasa.gov/data_tools/17,기관 이용약관,B-008_NASA 해수면 상승 전망 (SSP 1~5).xlsx,1.1_observation(측정값),1255,
B-008,"NASA 해수면 상승 전망[SSP1, SSP2, SSP3, SSP4, SSP5]",observation,vnm-v121-b-008-obs-1256-19e3ae50cf732ede,B-008_rsl_low_1449_ssp126_q95,VNM,2030,0.176,m,,,,,,[전망치],IPCC AR6 Sea Level Projection Tool (NASA/IPCC),https://sealevel.nasa.gov/data_tools/17,기관 이용약관,B-008_NASA 해수면 상승 전망 (SSP 1~5).xlsx,1.1_observation(측정값),1256,
B-008,"NASA 해수면 상승 전망[SSP1, SSP2, SSP3, SSP4, SSP5]",observation,vnm-v121-b-008-obs-1257-1659c97eeeee0994,B-008_rsl_low_1449_ssp126_q95,VNM,2040,0.266,m,,,,,,[전망치],IPCC AR6 Sea Level Projection Tool (NASA/IPCC),https://sealevel.nasa.gov/data_tools/17,기관 이용약관,B-008_NASA 해수면 상승 전망 (SSP 1~5).xlsx,1.1_observation(측정값),1257,
B-008,"NASA 해수면 상승 전망[SSP1, SSP2, SSP3, SSP4, SSP5]",observation,vnm-v121-b-008-obs-1258-7f7602a0e4b1b8fb,B-008_rsl_low_1449_ssp126_q95,VNM,2050,0.373,m,,,,,,[전망치],IPCC AR6 Sea Level Projection Tool (NASA/IPCC),https://sealevel.nasa.gov/data_tools/17,기관 이용약관,B-008_NASA 해수면 상승 전망 (SSP 1~5).xlsx,1.1_observation(측정값),1258,
B-008,"NASA 해수면 상승 전망[SSP1, SSP2, SSP3, SSP4, SSP5]",observation,vnm-v121-b-008-obs-1259-b55595e2e069d233,B-008_rsl_low_1449_ssp126_q95,VNM,2060,0.479,m,,,,,,[전망치],IPCC AR6 Sea Level Projection Tool (NASA/IPCC),https://sealevel.nasa.gov/data_tools/17,기관 이용약관,B-008_NASA 해수면 상승 전망 (SSP 1~5).xlsx,1.1_observation(측정값),1259,
B-008,"NASA 해수면 상승 전망[SSP1, SSP2, SSP3, SSP4, SSP5]",observation,vnm-v121-b-008-obs-1260-ffdb4c93d6ec4871,B-008_rsl_low_1449_ssp126_q95,VNM,2070,0.604,m,,,,,,[전망치],IPCC AR6 Sea Level Projection Tool (NASA/IPCC),https://sealevel.nasa.gov/data_tools/17,기관 이용약관,B-008_NASA 해수면 상승 전망 (SSP 1~5).xlsx,1.1_observation(측정값),1260,
B-008,"NASA 해수면 상승 전망[SSP1, SSP2, SSP3, SSP4, SSP5]",observation,vnm-v121-b-008-obs-1261-bc53909fa53cc99a,B-008_rsl_low_1449_ssp126_q95,VNM,2080,0.741,m,,,,,,[전망치],IPCC AR6 Sea Level Projection Tool (NASA/IPCC),https://sealevel.nasa.gov/data_tools/17,기관 이용약관,B-008_NASA 해수면 상승 전망 (SSP 1~5).xlsx,1.1_observation(측정값),1261,
B-008,"NASA 해수면 상승 전망[SSP1, SSP2, SSP3, SSP4, SSP5]",observation,vnm-v121-b-008-obs-1262-19074b57686465bf,B-008_rsl_low_1449_ssp126_q95,VNM,2090,0.887,m,,,,,,[전망치],IPCC AR6 Sea Level Projection Tool (NASA/IPCC),https://sealevel.nasa.gov/data_tools/17,기관 이용약관,B-008_NASA 해수면 상승 전망 (SSP 1~5).xlsx,1.1_observation(측정값),1262,
B-008,"NASA 해수면 상승 전망[SSP1, SSP2, SSP3, SSP4, SSP5]",observation,vnm-v121-b-008-obs-1263-7e8c390457f94c3a,B-008_rsl_low_1449_ssp126_q95,VNM,2100,1.057,m,,,,,,[전망치],IPCC AR6 Sea Level Projection Tool (NASA/IPCC),https://sealevel.nasa.gov/data_tools/17,기관 이용약관,B-008_NASA 해수면 상승 전망 (SSP 1~5).xlsx,1.1_observation(측정값),1263,
B-008,"NASA 해수면 상승 전망[SSP1, SSP2, SSP3, SSP4, SSP5]",observation,vnm-v121-b-008-obs-1264-3db3d4c1711e76e0,B-008_rsl_low_1449_ssp585_q5,VNM,2020,-0.036,m,,,,,,[전망치],IPCC AR6 Sea Level Projection Tool (NASA/IPCC),https://sealevel.nasa.gov/data_tools/17,기관 이용약관,B-008_NASA 해수면 상승 전망 (SSP 1~5).xlsx,1.1_observation(측정값),1264,
B-008,"NASA 해수면 상승 전망[SSP1, SSP2, SSP3, SSP4, SSP5]",observation,vnm-v121-b-008-obs-1265-b91c85917688f202,B-008_rsl_low_1449_ssp585_q5,VNM,2030,-0.02,m,,,,,,[전망치],IPCC AR6 Sea Level Projection Tool (NASA/IPCC),https://sealevel.nasa.gov/data_tools/17,기관 이용약관,B-008_NASA 해수면 상승 전망 (SSP 1~5).xlsx,1.1_observation(측정값),1265,
B-008,"NASA 해수면 상승 전망[SSP1, SSP2, SSP3, SSP4, SSP5]",observation,vnm-v121-b-008-obs-1266-390078e63fdb7e78,B-008_rsl_low_1449_ssp585_q5,VNM,2040,-0.006,m,,,,,,[전망치],IPCC AR6 Sea Level Projection Tool (NASA/IPCC),https://sealevel.nasa.gov/data_tools/17,기관 이용약관,B-008_NASA 해수면 상승 전망 (SSP 1~5).xlsx,1.1_observation(측정값),1266,
B-008,"NASA 해수면 상승 전망[SSP1, SSP2, SSP3, SSP4, SSP5]",observation,vnm-v121-b-008-obs-1267-4dc02da3ea523f72,B-008_rsl_low_1449_ssp585_q5,VNM,2050,0.025,m,,,,,,[전망치],IPCC AR6 Sea Level Projection Tool (NASA/IPCC),https://sealevel.nasa.gov/data_tools/17,기관 이용약관,B-008_NASA 해수면 상승 전망 (SSP 1~5).xlsx,1.1_observation(측정값),1267,
B-008,"NASA 해수면 상승 전망[SSP1, SSP2, SSP3, SSP4, SSP5]",observation,vnm-v121-b-008-obs-1268-79569173d6f64e76,B-008_rsl_low_1449_ssp585_q5,VNM,2060,0.049,m,,,,,,[전망치],IPCC AR6 Sea Level Projection Tool (NASA/IPCC),https://sealevel.nasa.gov/data_tools/17,기관 이용약관,B-008_NASA 해수면 상승 전망 (SSP 1~5).xlsx,1.1_observation(측정값),1268,
B-008,"NASA 해수면 상승 전망[SSP1, SSP2, SSP3, SSP4, SSP5]",observation,vnm-v121-b-008-obs-1269-57332a064bfe80c4,B-008_rsl_low_1449_ssp585_q5,VNM,2070,0.099,m,,,,,,[전망치],IPCC AR6 Sea Level Projection Tool (NASA/IPCC),https://sealevel.nasa.gov/data_tools/17,기관 이용약관,B-008_NASA 해수면 상승 전망 (SSP 1~5).xlsx,1.1_observation(측정값),1269,
B-008,"NASA 해수면 상승 전망[SSP1, SSP2, SSP3, SSP4, SSP5]",observation,vnm-v121-b-008-obs-1270-a19ba803d1d59895,B-008_rsl_low_1449_ssp585_q5,VNM,2080,0.153,m,,,,,,[전망치],IPCC AR6 Sea Level Projection Tool (NASA/IPCC),https://sealevel.nasa.gov/data_tools/17,기관 이용약관,B-008_NASA 해수면 상승 전망 (SSP 1~5).xlsx,1.1_observation(측정값),1270,
B-008,"NASA 해수면 상승 전망[SSP1, SSP2, SSP3, SSP4, SSP5]",observation,vnm-v121-b-008-obs-1271-8ee3372e4676dfc9,B-008_rsl_low_1449_ssp585_q5,VNM,2090,0.226,m,,,,,,[전망치],IPCC AR6 Sea Level Projection Tool (NASA/IPCC),https://sealevel.nasa.gov/data_tools/17,기관 이용약관,B-008_NASA 해수면 상승 전망 (SSP 1~5).xlsx,1.1_observation(측정값),1271,
B-008,"NASA 해수면 상승 전망[SSP1, SSP2, SSP3, SSP4, SSP5]",observation,vnm-v121-b-008-obs-1272-be3478bec96a6b8c,B-008_rsl_low_1449_ssp585_q5,VNM,2100,0.293,m,,,,,,[전망치],IPCC AR6 Sea Level Projection Tool (NASA/IPCC),https://sealevel.nasa.gov/data_tools/17,기관 이용약관,B-008_NASA 해수면 상승 전망 (SSP 1~5).xlsx,1.1_observation(측정값),1272,
B-008,"NASA 해수면 상승 전망[SSP1, SSP2, SSP3, SSP4, SSP5]",observation,vnm-v121-b-008-obs-1273-b2bc4b9b6dc3675f,B-008_rsl_low_1449_ssp585_q17,VNM,2020,-0.012,m,,,,,,[전망치],IPCC AR6 Sea Level Projection Tool (NASA/IPCC),https://sealevel.nasa.gov/data_tools/17,기관 이용약관,B-008_NASA 해수면 상승 전망 (SSP 1~5).xlsx,1.1_observation(측정값),1273,
B-008,"NASA 해수면 상승 전망[SSP1, SSP2, SSP3, SSP4, SSP5]",observation,vnm-v121-b-008-obs-1274-2df6f2eba85d2783,B-008_rsl_low_1449_ssp585_q17,VNM,2030,0.01,m,,,,,,[전망치],IPCC AR6 Sea Level Projection Tool (NASA/IPCC),https://sealevel.nasa.gov/data_tools/17,기관 이용약관,B-008_NASA 해수면 상승 전망 (SSP 1~5).xlsx,1.1_observation(측정값),1274,
B-008,"NASA 해수면 상승 전망[SSP1, SSP2, SSP3, SSP4, SSP5]",observation,vnm-v121-b-008-obs-1275-78795e9b56eb897e,B-008_rsl_low_1449_ssp585_q17,VNM,2040,0.036,m,,,,,,[전망치],IPCC AR6 Sea Level Projection Tool (NASA/IPCC),https://sealevel.nasa.gov/data_tools/17,기관 이용약관,B-008_NASA 해수면 상승 전망 (SSP 1~5).xlsx,1.1_observation(측정값),1275,
B-008,"NASA 해수면 상승 전망[SSP1, SSP2, SSP3, SSP4, SSP5]",observation,vnm-v121-b-008-obs-1276-d789d6e3bf312243,B-008_rsl_low_1449_ssp585_q17,VNM,2050,0.076,m,,,,,,[전망치],IPCC AR6 Sea Level Projection Tool (NASA/IPCC),https://sealevel.nasa.gov/data_tools/17,기관 이용약관,B-008_NASA 해수면 상승 전망 (SSP 1~5).xlsx,1.1_observation(측정값),1276,
B-008,"NASA 해수면 상승 전망[SSP1, SSP2, SSP3, SSP4, SSP5]",observation,vnm-v121-b-008-obs-1277-3d37df6af14a5aaf,B-008_rsl_low_1449_ssp585_q17,VNM,2060,0.111,m,,,,,,[전망치],IPCC AR6 Sea Level Projection Tool (NASA/IPCC),https://sealevel.nasa.gov/data_tools/17,기관 이용약관,B-008_NASA 해수면 상승 전망 (SSP 1~5).xlsx,1.1_observation(측정값),1277,
B-008,"NASA 해수면 상승 전망[SSP1, SSP2, SSP3, SSP4, SSP5]",observation,vnm-v121-b-008-obs-1278-0074133a2c1d8270,B-008_rsl_low_1449_ssp585_q17,VNM,2070,0.174,m,,,,,,[전망치],IPCC AR6 Sea Level Projection Tool (NASA/IPCC),https://sealevel.nasa.gov/data_tools/17,기관 이용약관,B-008_NASA 해수면 상승 전망 (SSP 1~5).xlsx,1.1_observation(측정값),1278,
B-008,"NASA 해수면 상승 전망[SSP1, SSP2, SSP3, SSP4, SSP5]",observation,vnm-v121-b-008-obs-1279-e10c80879f0d025e,B-008_rsl_low_1449_ssp585_q17,VNM,2080,0.241,m,,,,,,[전망치],IPCC AR6 Sea Level Projection Tool (NASA/IPCC),https://sealevel.nasa.gov/data_tools/17,기관 이용약관,B-008_NASA 해수면 상승 전망 (SSP 1~5).xlsx,1.1_observation(측정값),1279,
B-008,"NASA 해수면 상승 전망[SSP1, SSP2, SSP3, SSP4, SSP5]",observation,vnm-v121-b-008-obs-1280-0d2e4c45ab38a1f8,B-008_rsl_low_1449_ssp585_q17,VNM,2090,0.324,m,,,,,,[전망치],IPCC AR6 Sea Level Projection Tool (NASA/IPCC),https://sealevel.nasa.gov/data_tools/17,기관 이용약관,B-008_NASA 해수면 상승 전망 (SSP 1~5).xlsx,1.1_observation(측정값),1280,
B-008,"NASA 해수면 상승 전망[SSP1, SSP2, SSP3, SSP4, SSP5]",observation,vnm-v121-b-008-obs-1281-206cefadcb83e867,B-008_rsl_low_1449_ssp585_q17,VNM,2100,0.415,m,,,,,,[전망치],IPCC AR6 Sea Level Projection Tool (NASA/IPCC),https://sealevel.nasa.gov/data_tools/17,기관 이용약관,B-008_NASA 해수면 상승 전망 (SSP 1~5).xlsx,1.1_observation(측정값),1281,
B-008,"NASA 해수면 상승 전망[SSP1, SSP2, SSP3, SSP4, SSP5]",observation,vnm-v121-b-008-obs-1282-0e4a48020c2ea016,B-008_rsl_low_1449_ssp585_q50,VNM,2020,0.026,m,,,,,,[전망치],IPCC AR6 Sea Level Projection Tool (NASA/IPCC),https://sealevel.nasa.gov/data_tools/17,기관 이용약관,B-008_NASA 해수면 상승 전망 (SSP 1~5).xlsx,1.1_observation(측정값),1282,
B-008,"NASA 해수면 상승 전망[SSP1, SSP2, SSP3, SSP4, SSP5]",observation,vnm-v121-b-008-obs-1283-e4b28f8a2ad40f1c,B-008_rsl_low_1449_ssp585_q50,VNM,2030,0.06,m,,,,,,[전망치],IPCC AR6 Sea Level Projection Tool (NASA/IPCC),https://sealevel.nasa.gov/data_tools/17,기관 이용약관,B-008_NASA 해수면 상승 전망 (SSP 1~5).xlsx,1.1_observation(측정값),1283,
B-008,"NASA 해수면 상승 전망[SSP1, SSP2, SSP3, SSP4, SSP5]",observation,vnm-v121-b-008-obs-1284-100f32d8cab0f7f7,B-008_rsl_low_1449_ssp585_q50,VNM,2040,0.108,m,,,,,,[전망치],IPCC AR6 Sea Level Projection Tool (NASA/IPCC),https://sealevel.nasa.gov/data_tools/17,기관 이용약관,B-008_NASA 해수면 상승 전망 (SSP 1~5).xlsx,1.1_observation(측정값),1284,
B-008,"NASA 해수면 상승 전망[SSP1, SSP2, SSP3, SSP4, SSP5]",observation,vnm-v121-b-008-obs-1285-db8fb8771ec1c95c,B-008_rsl_low_1449_ssp585_q50,VNM,2050,0.17,m,,,,,,[전망치],IPCC AR6 Sea Level Projection Tool (NASA/IPCC),https://sealevel.nasa.gov/data_tools/17,기관 이용약관,B-008_NASA 해수면 상승 전망 (SSP 1~5).xlsx,1.1_observation(측정값),1285,
B-008,"NASA 해수면 상승 전망[SSP1, SSP2, SSP3, SSP4, SSP5]",observation,vnm-v121-b-008-obs-1286-851c909edfb2e63b,B-008_rsl_low_1449_ssp585_q50,VNM,2060,0.238,m,,,,,,[전망치],IPCC AR6 Sea Level Projection Tool (NASA/IPCC),https://sealevel.nasa.gov/data_tools/17,기관 이용약관,B-008_NASA 해수면 상승 전망 (SSP 1~5).xlsx,1.1_observation(측정값),1286,
B-008,"NASA 해수면 상승 전망[SSP1, SSP2, SSP3, SSP4, SSP5]",observation,vnm-v121-b-008-obs-1287-0090433b676da230,B-008_rsl_low_1449_ssp585_q50,VNM,2070,0.332,m,,,,,,[전망치],IPCC AR6 Sea Level Projection Tool (NASA/IPCC),https://sealevel.nasa.gov/data_tools/17,기관 이용약관,B-008_NASA 해수면 상승 전망 (SSP 1~5).xlsx,1.1_observation(측정값),1287,
B-008,"NASA 해수면 상승 전망[SSP1, SSP2, SSP3, SSP4, SSP5]",observation,vnm-v121-b-008-obs-1288-e17ba73983e5d5f1,B-008_rsl_low_1449_ssp585_q50,VNM,2080,0.447,m,,,,,,[전망치],IPCC AR6 Sea Level Projection Tool (NASA/IPCC),https://sealevel.nasa.gov/data_tools/17,기관 이용약관,B-008_NASA 해수면 상승 전망 (SSP 1~5).xlsx,1.1_observation(측정값),1288,
B-008,"NASA 해수면 상승 전망[SSP1, SSP2, SSP3, SSP4, SSP5]",observation,vnm-v121-b-008-obs-1289-52ab048d1415582e,B-008_rsl_low_1449_ssp585_q50,VNM,2090,0.589,m,,,,,,[전망치],IPCC AR6 Sea Level Projection Tool (NASA/IPCC),https://sealevel.nasa.gov/data_tools/17,기관 이용약관,B-008_NASA 해수면 상승 전망 (SSP 1~5).xlsx,1.1_observation(측정값),1289,
B-008,"NASA 해수면 상승 전망[SSP1, SSP2, SSP3, SSP4, SSP5]",observation,vnm-v121-b-008-obs-1290-023069d65255a860,B-008_rsl_low_1449_ssp585_q50,VNM,2100,0.764,m,,,,,,[전망치],IPCC AR6 Sea Level Projection Tool (NASA/IPCC),https://sealevel.nasa.gov/data_tools/17,기관 이용약관,B-008_NASA 해수면 상승 전망 (SSP 1~5).xlsx,1.1_observation(측정값),1290,
B-008,"NASA 해수면 상승 전망[SSP1, SSP2, SSP3, SSP4, SSP5]",observation,vnm-v121-b-008-obs-1291-4fbe361bc43979e7,B-008_rsl_low_1449_ssp585_q83,VNM,2020,0.069,m,,,,,,[전망치],IPCC AR6 Sea Level Projection Tool (NASA/IPCC),https://sealevel.nasa.gov/data_tools/17,기관 이용약관,B-008_NASA 해수면 상승 전망 (SSP 1~5).xlsx,1.1_observation(측정값),1291,
B-008,"NASA 해수면 상승 전망[SSP1, SSP2, SSP3, SSP4, SSP5]",observation,vnm-v121-b-008-obs-1292-6db682a1e77815be,B-008_rsl_low_1449_ssp585_q83,VNM,2030,0.133,m,,,,,,[전망치],IPCC AR6 Sea Level Projection Tool (NASA/IPCC),https://sealevel.nasa.gov/data_tools/17,기관 이용약관,B-008_NASA 해수면 상승 전망 (SSP 1~5).xlsx,1.1_observation(측정값),1292,
B-008,"NASA 해수면 상승 전망[SSP1, SSP2, SSP3, SSP4, SSP5]",observation,vnm-v121-b-008-obs-1293-3aab3f3b70d90339,B-008_rsl_low_1449_ssp585_q83,VNM,2040,0.234,m,,,,,,[전망치],IPCC AR6 Sea Level Projection Tool (NASA/IPCC),https://sealevel.nasa.gov/data_tools/17,기관 이용약관,B-008_NASA 해수면 상승 전망 (SSP 1~5).xlsx,1.1_observation(측정값),1293,
B-008,"NASA 해수면 상승 전망[SSP1, SSP2, SSP3, SSP4, SSP5]",observation,vnm-v121-b-008-obs-1294-d37ea8272a0ba106,B-008_rsl_low_1449_ssp585_q83,VNM,2050,0.359,m,,,,,,[전망치],IPCC AR6 Sea Level Projection Tool (NASA/IPCC),https://sealevel.nasa.gov/data_tools/17,기관 이용약관,B-008_NASA 해수면 상승 전망 (SSP 1~5).xlsx,1.1_observation(측정값),1294,
B-008,"NASA 해수면 상승 전망[SSP1, SSP2, SSP3, SSP4, SSP5]",observation,vnm-v121-b-008-obs-1295-fce74ae9a1f43744,B-008_rsl_low_1449_ssp585_q83,VNM,2060,0.521,m,,,,,,[전망치],IPCC AR6 Sea Level Projection Tool (NASA/IPCC),https://sealevel.nasa.gov/data_tools/17,기관 이용약관,B-008_NASA 해수면 상승 전망 (SSP 1~5).xlsx,1.1_observation(측정값),1295,
B-008,"NASA 해수면 상승 전망[SSP1, SSP2, SSP3, SSP4, SSP5]",observation,vnm-v121-b-008-obs-1296-d81a0155c24149c5,B-008_rsl_low_1449_ssp585_q83,VNM,2070,0.731,m,,,,,,[전망치],IPCC AR6 Sea Level Projection Tool (NASA/IPCC),https://sealevel.nasa.gov/data_tools/17,기관 이용약관,B-008_NASA 해수면 상승 전망 (SSP 1~5).xlsx,1.1_observation(측정값),1296,
B-008,"NASA 해수면 상승 전망[SSP1, SSP2, SSP3, SSP4, SSP5]",observation,vnm-v121-b-008-obs-1297-8968a68d8577473a,B-008_rsl_low_1449_ssp585_q83,VNM,2080,0.978,m,,,,,,[전망치],IPCC AR6 Sea Level Projection Tool (NASA/IPCC),https://sealevel.nasa.gov/data_tools/17,기관 이용약관,B-008_NASA 해수면 상승 전망 (SSP 1~5).xlsx,1.1_observation(측정값),1297,
B-008,"NASA 해수면 상승 전망[SSP1, SSP2, SSP3, SSP4, SSP5]",observation,vnm-v121-b-008-obs-1298-5edb2cdf4157aa15,B-008_rsl_low_1449_ssp585_q83,VNM,2090,1.258,m,,,,,,[전망치],IPCC AR6 Sea Level Projection Tool (NASA/IPCC),https://sealevel.nasa.gov/data_tools/17,기관 이용약관,B-008_NASA 해수면 상승 전망 (SSP 1~5).xlsx,1.1_observation(측정값),1298,
B-008,"NASA 해수면 상승 전망[SSP1, SSP2, SSP3, SSP4, SSP5]",observation,vnm-v121-b-008-obs-1299-f8782c78cd5ef998,B-008_rsl_low_1449_ssp585_q83,VNM,2100,1.576,m,,,,,,[전망치],IPCC AR6 Sea Level Projection Tool (NASA/IPCC),https://sealevel.nasa.gov/data_tools/17,기관 이용약관,B-008_NASA 해수면 상승 전망 (SSP 1~5).xlsx,1.1_observation(측정값),1299,
B-008,"NASA 해수면 상승 전망[SSP1, SSP2, SSP3, SSP4, SSP5]",observation,vnm-v121-b-008-obs-1300-e0a12ea82441b0c5,B-008_rsl_low_1449_ssp585_q95,VNM,2020,0.094,m,,,,,,[전망치],IPCC AR6 Sea Level Projection Tool (NASA/IPCC),https://sealevel.nasa.gov/data_tools/17,기관 이용약관,B-008_NASA 해수면 상승 전망 (SSP 1~5).xlsx,1.1_observation(측정값),1300,
B-008,"NASA 해수면 상승 전망[SSP1, SSP2, SSP3, SSP4, SSP5]",observation,vnm-v121-b-008-obs-1301-9bd1dcbc1611dbe1,B-008_rsl_low_1449_ssp585_q95,VNM,2030,0.182,m,,,,,,[전망치],IPCC AR6 Sea Level Projection Tool (NASA/IPCC),https://sealevel.nasa.gov/data_tools/17,기관 이용약관,B-008_NASA 해수면 상승 전망 (SSP 1~5).xlsx,1.1_observation(측정값),1301,
B-008,"NASA 해수면 상승 전망[SSP1, SSP2, SSP3, SSP4, SSP5]",observation,vnm-v121-b-008-obs-1302-a5f47e6ede7f9fc2,B-008_rsl_low_1449_ssp585_q95,VNM,2040,0.334,m,,,,,,[전망치],IPCC AR6 Sea Level Projection Tool (NASA/IPCC),https://sealevel.nasa.gov/data_tools/17,기관 이용약관,B-008_NASA 해수면 상승 전망 (SSP 1~5).xlsx,1.1_observation(측정값),1302,
B-008,"NASA 해수면 상승 전망[SSP1, SSP2, SSP3, SSP4, SSP5]",observation,vnm-v121-b-008-obs-1303-db2da5479f8e5e31,B-008_rsl_low_1449_ssp585_q95,VNM,2050,0.516,m,,,,,,[전망치],IPCC AR6 Sea Level Projection Tool (NASA/IPCC),https://sealevel.nasa.gov/data_tools/17,기관 이용약관,B-008_NASA 해수면 상승 전망 (SSP 1~5).xlsx,1.1_observation(측정값),1303,
B-008,"NASA 해수면 상승 전망[SSP1, SSP2, SSP3, SSP4, SSP5]",observation,vnm-v121-b-008-obs-1304-728e19ce8112f79b,B-008_rsl_low_1449_ssp585_q95,VNM,2060,0.74,m,,,,,,[전망치],IPCC AR6 Sea Level Projection Tool (NASA/IPCC),https://sealevel.nasa.gov/data_tools/17,기관 이용약관,B-008_NASA 해수면 상승 전망 (SSP 1~5).xlsx,1.1_observation(측정값),1304,
B-008,"NASA 해수면 상승 전망[SSP1, SSP2, SSP3, SSP4, SSP5]",observation,vnm-v121-b-008-obs-1305-d853a3da9e2ee1bc,B-008_rsl_low_1449_ssp585_q95,VNM,2070,1.027,m,,,,,,[전망치],IPCC AR6 Sea Level Projection Tool (NASA/IPCC),https://sealevel.nasa.gov/data_tools/17,기관 이용약관,B-008_NASA 해수면 상승 전망 (SSP 1~5).xlsx,1.1_observation(측정값),1305,
B-008,"NASA 해수면 상승 전망[SSP1, SSP2, SSP3, SSP4, SSP5]",observation,vnm-v121-b-008-obs-1306-34bc8fdce471b6d1,B-008_rsl_low_1449_ssp585_q95,VNM,2080,1.387,m,,,,,,[전망치],IPCC AR6 Sea Level Projection Tool (NASA/IPCC),https://sealevel.nasa.gov/data_tools/17,기관 이용약관,B-008_NASA 해수면 상승 전망 (SSP 1~5).xlsx,1.1_observation(측정값),1306,
B-008,"NASA 해수면 상승 전망[SSP1, SSP2, SSP3, SSP4, SSP5]",observation,vnm-v121-b-008-obs-1307-016e9db45905046c,B-008_rsl_low_1449_ssp585_q95,VNM,2090,1.813,m,,,,,,[전망치],IPCC AR6 Sea Level Projection Tool (NASA/IPCC),https://sealevel.nasa.gov/data_tools/17,기관 이용약관,B-008_NASA 해수면 상승 전망 (SSP 1~5).xlsx,1.1_observation(측정값),1307,
B-008,"NASA 해수면 상승 전망[SSP1, SSP2, SSP3, SSP4, SSP5]",observation,vnm-v121-b-008-obs-1308-813bb239429b18b6,B-008_rsl_low_1449_ssp585_q95,VNM,2100,2.308,m,,,,,,[전망치],IPCC AR6 Sea Level Projection Tool (NASA/IPCC),https://sealevel.nasa.gov/data_tools/17,기관 이용약관,B-008_NASA 해수면 상승 전망 (SSP 1~5).xlsx,1.1_observation(측정값),1308,
B-008,"NASA 해수면 상승 전망[SSP1, SSP2, SSP3, SSP4, SSP5]",observation,vnm-v121-b-008-obs-1309-9b24fc676771e7ce,B-008_rslrate_1449_ssp119,VNM,2020,3,mm/yr,,,,,,[전망치],IPCC AR6 Sea Level Projection Tool (NASA/IPCC),https://sealevel.nasa.gov/data_tools/17,기관 이용약관,B-008_NASA 해수면 상승 전망 (SSP 1~5).xlsx,1.1_observation(측정값),1309,
B-008,"NASA 해수면 상승 전망[SSP1, SSP2, SSP3, SSP4, SSP5]",observation,vnm-v121-b-008-obs-1310-7899d9e0ea6aacc3,B-008_rslrate_1449_ssp119,VNM,2030,2.8,mm/yr,,,,,,[전망치],IPCC AR6 Sea Level Projection Tool (NASA/IPCC),https://sealevel.nasa.gov/data_tools/17,기관 이용약관,B-008_NASA 해수면 상승 전망 (SSP 1~5).xlsx,1.1_observation(측정값),1310,
B-008,"NASA 해수면 상승 전망[SSP1, SSP2, SSP3, SSP4, SSP5]",observation,vnm-v121-b-008-obs-1311-10d397a48bf0ae19,B-008_rslrate_1449_ssp119,VNM,2040,2.7,mm/yr,,,,,,[전망치],IPCC AR6 Sea Level Projection Tool (NASA/IPCC),https://sealevel.nasa.gov/data_tools/17,기관 이용약관,B-008_NASA 해수면 상승 전망 (SSP 1~5).xlsx,1.1_observation(측정값),1311,
B-008,"NASA 해수면 상승 전망[SSP1, SSP2, SSP3, SSP4, SSP5]",observation,vnm-v121-b-008-obs-1312-0d405ccfa6863d97,B-008_rslrate_1449_ssp119,VNM,2050,2.7,mm/yr,,,,,,[전망치],IPCC AR6 Sea Level Projection Tool (NASA/IPCC),https://sealevel.nasa.gov/data_tools/17,기관 이용약관,B-008_NASA 해수면 상승 전망 (SSP 1~5).xlsx,1.1_observation(측정값),1312,
B-008,"NASA 해수면 상승 전망[SSP1, SSP2, SSP3, SSP4, SSP5]",observation,vnm-v121-b-008-obs-1313-f022d7b0c6a1ce30,B-008_rslrate_1449_ssp119,VNM,2060,2.5,mm/yr,,,,,,[전망치],IPCC AR6 Sea Level Projection Tool (NASA/IPCC),https://sealevel.nasa.gov/data_tools/17,기관 이용약관,B-008_NASA 해수면 상승 전망 (SSP 1~5).xlsx,1.1_observation(측정값),1313,
B-008,"NASA 해수면 상승 전망[SSP1, SSP2, SSP3, SSP4, SSP5]",observation,vnm-v121-b-008-obs-1314-0913699de44c5ed9,B-008_rslrate_1449_ssp119,VNM,2070,2.6,mm/yr,,,,,,[전망치],IPCC AR6 Sea Level Projection Tool (NASA/IPCC),https://sealevel.nasa.gov/data_tools/17,기관 이용약관,B-008_NASA 해수면 상승 전망 (SSP 1~5).xlsx,1.1_observation(측정값),1314,
B-008,"NASA 해수면 상승 전망[SSP1, SSP2, SSP3, SSP4, SSP5]",observation,vnm-v121-b-008-obs-1315-ac7b3a10b616a62a,B-008_rslrate_1449_ssp119,VNM,2080,3,mm/yr,,,,,,[전망치],IPCC AR6 Sea Level Projection Tool (NASA/IPCC),https://sealevel.nasa.gov/data_tools/17,기관 이용약관,B-008_NASA 해수면 상승 전망 (SSP 1~5).xlsx,1.1_observation(측정값),1315,
B-008,"NASA 해수면 상승 전망[SSP1, SSP2, SSP3, SSP4, SSP5]",observation,vnm-v121-b-008-obs-1316-9cbb9305262ad0f5,B-008_rslrate_1449_ssp119,VNM,2090,2.9,mm/yr,,,,,,[전망치],IPCC AR6 Sea Level Projection Tool (NASA/IPCC),https://sealevel.nasa.gov/data_tools/17,기관 이용약관,B-008_NASA 해수면 상승 전망 (SSP 1~5).xlsx,1.1_observation(측정값),1316,
B-008,"NASA 해수면 상승 전망[SSP1, SSP2, SSP3, SSP4, SSP5]",observation,vnm-v121-b-008-obs-1317-c9888745d16bb069,B-008_rslrate_1449_ssp119,VNM,2100,2.7,mm/yr,,,,,,[전망치],IPCC AR6 Sea Level Projection Tool (NASA/IPCC),https://sealevel.nasa.gov/data_tools/17,기관 이용약관,B-008_NASA 해수면 상승 전망 (SSP 1~5).xlsx,1.1_observation(측정값),1317,
B-008,"NASA 해수면 상승 전망[SSP1, SSP2, SSP3, SSP4, SSP5]",observation,vnm-v121-b-008-obs-1318-105db456594069e2,B-008_rslrate_1449_ssp126,VNM,2020,2.4,mm/yr,,,,,,[전망치],IPCC AR6 Sea Level Projection Tool (NASA/IPCC),https://sealevel.nasa.gov/data_tools/17,기관 이용약관,B-008_NASA 해수면 상승 전망 (SSP 1~5).xlsx,1.1_observation(측정값),1318,
B-008,"NASA 해수면 상승 전망[SSP1, SSP2, SSP3, SSP4, SSP5]",observation,vnm-v121-b-008-obs-1319-d4aeaca5be3a9f30,B-008_rslrate_1449_ssp126,VNM,2030,2.7,mm/yr,,,,,,[전망치],IPCC AR6 Sea Level Projection Tool (NASA/IPCC),https://sealevel.nasa.gov/data_tools/17,기관 이용약관,B-008_NASA 해수면 상승 전망 (SSP 1~5).xlsx,1.1_observation(측정값),1319,
B-008,"NASA 해수면 상승 전망[SSP1, SSP2, SSP3, SSP4, SSP5]",observation,vnm-v121-b-008-obs-1320-1b49d89e27150208,B-008_rslrate_1449_ssp126,VNM,2040,3.2,mm/yr,,,,,,[전망치],IPCC AR6 Sea Level Projection Tool (NASA/IPCC),https://sealevel.nasa.gov/data_tools/17,기관 이용약관,B-008_NASA 해수면 상승 전망 (SSP 1~5).xlsx,1.1_observation(측정값),1320,
B-008,"NASA 해수면 상승 전망[SSP1, SSP2, SSP3, SSP4, SSP5]",observation,vnm-v121-b-008-obs-1321-c0584bfa2d0e856b,B-008_rslrate_1449_ssp126,VNM,2050,3.6,mm/yr,,,,,,[전망치],IPCC AR6 Sea Level Projection Tool (NASA/IPCC),https://sealevel.nasa.gov/data_tools/17,기관 이용약관,B-008_NASA 해수면 상승 전망 (SSP 1~5).xlsx,1.1_observation(측정값),1321,
B-008,"NASA 해수면 상승 전망[SSP1, SSP2, SSP3, SSP4, SSP5]",observation,vnm-v121-b-008-obs-1322-f8cc099d9e7d6ad5,B-008_rslrate_1449_ssp126,VNM,2060,3.8,mm/yr,,,,,,[전망치],IPCC AR6 Sea Level Projection Tool (NASA/IPCC),https://sealevel.nasa.gov/data_tools/17,기관 이용약관,B-008_NASA 해수면 상승 전망 (SSP 1~5).xlsx,1.1_observation(측정값),1322,
B-008,"NASA 해수면 상승 전망[SSP1, SSP2, SSP3, SSP4, SSP5]",observation,vnm-v121-b-008-obs-1323-69b1584a933c990a,B-008_rslrate_1449_ssp126,VNM,2070,4,mm/yr,,,,,,[전망치],IPCC AR6 Sea Level Projection Tool (NASA/IPCC),https://sealevel.nasa.gov/data_tools/17,기관 이용약관,B-008_NASA 해수면 상승 전망 (SSP 1~5).xlsx,1.1_observation(측정값),1323,
B-008,"NASA 해수면 상승 전망[SSP1, SSP2, SSP3, SSP4, SSP5]",observation,vnm-v121-b-008-obs-1324-b33fb0f838689b69,B-008_rslrate_1449_ssp126,VNM,2080,4,mm/yr,,,,,,[전망치],IPCC AR6 Sea Level Projection Tool (NASA/IPCC),https://sealevel.nasa.gov/data_tools/17,기관 이용약관,B-008_NASA 해수면 상승 전망 (SSP 1~5).xlsx,1.1_observation(측정값),1324,
B-008,"NASA 해수면 상승 전망[SSP1, SSP2, SSP3, SSP4, SSP5]",observation,vnm-v121-b-008-obs-1325-57c30566c273749b,B-008_rslrate_1449_ssp126,VNM,2090,4,mm/yr,,,,,,[전망치],IPCC AR6 Sea Level Projection Tool (NASA/IPCC),https://sealevel.nasa.gov/data_tools/17,기관 이용약관,B-008_NASA 해수면 상승 전망 (SSP 1~5).xlsx,1.1_observation(측정값),1325,
B-008,"NASA 해수면 상승 전망[SSP1, SSP2, SSP3, SSP4, SSP5]",observation,vnm-v121-b-008-obs-1326-a7de31ce024c62be,B-008_rslrate_1449_ssp126,VNM,2100,4,mm/yr,,,,,,[전망치],IPCC AR6 Sea Level Projection Tool (NASA/IPCC),https://sealevel.nasa.gov/data_tools/17,기관 이용약관,B-008_NASA 해수면 상승 전망 (SSP 1~5).xlsx,1.1_observation(측정값),1326,
B-008,"NASA 해수면 상승 전망[SSP1, SSP2, SSP3, SSP4, SSP5]",observation,vnm-v121-b-008-obs-1327-d6d153221b99e8d5,B-008_rslrate_1449_ssp245,VNM,2020,2.2,mm/yr,,,,,,[전망치],IPCC AR6 Sea Level Projection Tool (NASA/IPCC),https://sealevel.nasa.gov/data_tools/17,기관 이용약관,B-008_NASA 해수면 상승 전망 (SSP 1~5).xlsx,1.1_observation(측정값),1327,
B-008,"NASA 해수면 상승 전망[SSP1, SSP2, SSP3, SSP4, SSP5]",observation,vnm-v121-b-008-obs-1328-09bb1fa9ecc4591f,B-008_rslrate_1449_ssp245,VNM,2030,2.7,mm/yr,,,,,,[전망치],IPCC AR6 Sea Level Projection Tool (NASA/IPCC),https://sealevel.nasa.gov/data_tools/17,기관 이용약관,B-008_NASA 해수면 상승 전망 (SSP 1~5).xlsx,1.1_observation(측정값),1328,
B-008,"NASA 해수면 상승 전망[SSP1, SSP2, SSP3, SSP4, SSP5]",observation,vnm-v121-b-008-obs-1329-0ca1d74b7d4616d9,B-008_rslrate_1449_ssp245,VNM,2040,3.6,mm/yr,,,,,,[전망치],IPCC AR6 Sea Level Projection Tool (NASA/IPCC),https://sealevel.nasa.gov/data_tools/17,기관 이용약관,B-008_NASA 해수면 상승 전망 (SSP 1~5).xlsx,1.1_observation(측정값),1329,
B-008,"NASA 해수면 상승 전망[SSP1, SSP2, SSP3, SSP4, SSP5]",observation,vnm-v121-b-008-obs-1330-e8c5bab16a79ad99,B-008_rslrate_1449_ssp245,VNM,2050,4.3,mm/yr,,,,,,[전망치],IPCC AR6 Sea Level Projection Tool (NASA/IPCC),https://sealevel.nasa.gov/data_tools/17,기관 이용약관,B-008_NASA 해수면 상승 전망 (SSP 1~5).xlsx,1.1_observation(측정값),1330,
B-008,"NASA 해수면 상승 전망[SSP1, SSP2, SSP3, SSP4, SSP5]",observation,vnm-v121-b-008-obs-1331-c57eb8c19e977ab0,B-008_rslrate_1449_ssp245,VNM,2060,5.1,mm/yr,,,,,,[전망치],IPCC AR6 Sea Level Projection Tool (NASA/IPCC),https://sealevel.nasa.gov/data_tools/17,기관 이용약관,B-008_NASA 해수면 상승 전망 (SSP 1~5).xlsx,1.1_observation(측정값),1331,
B-008,"NASA 해수면 상승 전망[SSP1, SSP2, SSP3, SSP4, SSP5]",observation,vnm-v121-b-008-obs-1332-905e50b7140778d4,B-008_rslrate_1449_ssp245,VNM,2070,5.6,mm/yr,,,,,,[전망치],IPCC AR6 Sea Level Projection Tool (NASA/IPCC),https://sealevel.nasa.gov/data_tools/17,기관 이용약관,B-008_NASA 해수면 상승 전망 (SSP 1~5).xlsx,1.1_observation(측정값),1332,
B-008,"NASA 해수면 상승 전망[SSP1, SSP2, SSP3, SSP4, SSP5]",observation,vnm-v121-b-008-obs-1333-2a4748dca1ecb8ef,B-008_rslrate_1449_ssp245,VNM,2080,5.9,mm/yr,,,,,,[전망치],IPCC AR6 Sea Level Projection Tool (NASA/IPCC),https://sealevel.nasa.gov/data_tools/17,기관 이용약관,B-008_NASA 해수면 상승 전망 (SSP 1~5).xlsx,1.1_observation(측정값),1333,
B-008,"NASA 해수면 상승 전망[SSP1, SSP2, SSP3, SSP4, SSP5]",observation,vnm-v121-b-008-obs-1334-1c1aa67c703c2fc8,B-008_rslrate_1449_ssp245,VNM,2090,7,mm/yr,,,,,,[전망치],IPCC AR6 Sea Level Projection Tool (NASA/IPCC),https://sealevel.nasa.gov/data_tools/17,기관 이용약관,B-008_NASA 해수면 상승 전망 (SSP 1~5).xlsx,1.1_observation(측정값),1334,
B-008,"NASA 해수면 상승 전망[SSP1, SSP2, SSP3, SSP4, SSP5]",observation,vnm-v121-b-008-obs-1335-4618b3519534fa2e,B-008_rslrate_1449_ssp245,VNM,2100,7,mm/yr,,,,,,[전망치],IPCC AR6 Sea Level Projection Tool (NASA/IPCC),https://sealevel.nasa.gov/data_tools/17,기관 이용약관,B-008_NASA 해수면 상승 전망 (SSP 1~5).xlsx,1.1_observation(측정값),1335,
B-008,"NASA 해수면 상승 전망[SSP1, SSP2, SSP3, SSP4, SSP5]",observation,vnm-v121-b-008-obs-1336-4f9c4e49fb7579ad,B-008_rslrate_1449_ssp370,VNM,2020,2.4,mm/yr,,,,,,[전망치],IPCC AR6 Sea Level Projection Tool (NASA/IPCC),https://sealevel.nasa.gov/data_tools/17,기관 이용약관,B-008_NASA 해수면 상승 전망 (SSP 1~5).xlsx,1.1_observation(측정값),1336,
B-008,"NASA 해수면 상승 전망[SSP1, SSP2, SSP3, SSP4, SSP5]",observation,vnm-v121-b-008-obs-1337-53127342a7fc1711,B-008_rslrate_1449_ssp370,VNM,2030,2.8,mm/yr,,,,,,[전망치],IPCC AR6 Sea Level Projection Tool (NASA/IPCC),https://sealevel.nasa.gov/data_tools/17,기관 이용약관,B-008_NASA 해수면 상승 전망 (SSP 1~5).xlsx,1.1_observation(측정값),1337,
B-008,"NASA 해수면 상승 전망[SSP1, SSP2, SSP3, SSP4, SSP5]",observation,vnm-v121-b-008-obs-1338-f7fef88ca7a7ff69,B-008_rslrate_1449_ssp370,VNM,2040,3.8,mm/yr,,,,,,[전망치],IPCC AR6 Sea Level Projection Tool (NASA/IPCC),https://sealevel.nasa.gov/data_tools/17,기관 이용약관,B-008_NASA 해수면 상승 전망 (SSP 1~5).xlsx,1.1_observation(측정값),1338,
B-008,"NASA 해수면 상승 전망[SSP1, SSP2, SSP3, SSP4, SSP5]",observation,vnm-v121-b-008-obs-1339-0c4954176c1858bb,B-008_rslrate_1449_ssp370,VNM,2050,4.8,mm/yr,,,,,,[전망치],IPCC AR6 Sea Level Projection Tool (NASA/IPCC),https://sealevel.nasa.gov/data_tools/17,기관 이용약관,B-008_NASA 해수면 상승 전망 (SSP 1~5).xlsx,1.1_observation(측정값),1339,
B-008,"NASA 해수면 상승 전망[SSP1, SSP2, SSP3, SSP4, SSP5]",observation,vnm-v121-b-008-obs-1340-539c4763926f88f7,B-008_rslrate_1449_ssp370,VNM,2060,5.8,mm/yr,,,,,,[전망치],IPCC AR6 Sea Level Projection Tool (NASA/IPCC),https://sealevel.nasa.gov/data_tools/17,기관 이용약관,B-008_NASA 해수면 상승 전망 (SSP 1~5).xlsx,1.1_observation(측정값),1340,
B-008,"NASA 해수면 상승 전망[SSP1, SSP2, SSP3, SSP4, SSP5]",observation,vnm-v121-b-008-obs-1341-d4a419d860cb6d76,B-008_rslrate_1449_ssp370,VNM,2070,7,mm/yr,,,,,,[전망치],IPCC AR6 Sea Level Projection Tool (NASA/IPCC),https://sealevel.nasa.gov/data_tools/17,기관 이용약관,B-008_NASA 해수면 상승 전망 (SSP 1~5).xlsx,1.1_observation(측정값),1341,
B-008,"NASA 해수면 상승 전망[SSP1, SSP2, SSP3, SSP4, SSP5]",observation,vnm-v121-b-008-obs-1342-f10cd7cc609ff97e,B-008_rslrate_1449_ssp370,VNM,2080,7.9,mm/yr,,,,,,[전망치],IPCC AR6 Sea Level Projection Tool (NASA/IPCC),https://sealevel.nasa.gov/data_tools/17,기관 이용약관,B-008_NASA 해수면 상승 전망 (SSP 1~5).xlsx,1.1_observation(측정값),1342,
B-008,"NASA 해수면 상승 전망[SSP1, SSP2, SSP3, SSP4, SSP5]",observation,vnm-v121-b-008-obs-1343-90c1e5dff72a84b2,B-008_rslrate_1449_ssp370,VNM,2090,9,mm/yr,,,,,,[전망치],IPCC AR6 Sea Level Projection Tool (NASA/IPCC),https://sealevel.nasa.gov/data_tools/17,기관 이용약관,B-008_NASA 해수면 상승 전망 (SSP 1~5).xlsx,1.1_observation(측정값),1343,
B-008,"NASA 해수면 상승 전망[SSP1, SSP2, SSP3, SSP4, SSP5]",observation,vnm-v121-b-008-obs-1344-04056b390dcb8fcc,B-008_rslrate_1449_ssp370,VNM,2100,9.6,mm/yr,,,,,,[전망치],IPCC AR6 Sea Level Projection Tool (NASA/IPCC),https://sealevel.nasa.gov/data_tools/17,기관 이용약관,B-008_NASA 해수면 상승 전망 (SSP 1~5).xlsx,1.1_observation(측정값),1344,
B-008,"NASA 해수면 상승 전망[SSP1, SSP2, SSP3, SSP4, SSP5]",observation,vnm-v121-b-008-obs-1345-726cb586884efcdf,B-008_rslrate_1449_ssp585,VNM,2020,3,mm/yr,,,,,,[전망치],IPCC AR6 Sea Level Projection Tool (NASA/IPCC),https://sealevel.nasa.gov/data_tools/17,기관 이용약관,B-008_NASA 해수면 상승 전망 (SSP 1~5).xlsx,1.1_observation(측정값),1345,
B-008,"NASA 해수면 상승 전망[SSP1, SSP2, SSP3, SSP4, SSP5]",observation,vnm-v121-b-008-obs-1346-5074f1835edda9a5,B-008_rslrate_1449_ssp585,VNM,2030,3.6,mm/yr,,,,,,[전망치],IPCC AR6 Sea Level Projection Tool (NASA/IPCC),https://sealevel.nasa.gov/data_tools/17,기관 이용약관,B-008_NASA 해수면 상승 전망 (SSP 1~5).xlsx,1.1_observation(측정값),1346,
B-008,"NASA 해수면 상승 전망[SSP1, SSP2, SSP3, SSP4, SSP5]",observation,vnm-v121-b-008-obs-1347-afa99e3b64793bc5,B-008_rslrate_1449_ssp585,VNM,2040,4.4,mm/yr,,,,,,[전망치],IPCC AR6 Sea Level Projection Tool (NASA/IPCC),https://sealevel.nasa.gov/data_tools/17,기관 이용약관,B-008_NASA 해수면 상승 전망 (SSP 1~5).xlsx,1.1_observation(측정값),1347,
B-008,"NASA 해수면 상승 전망[SSP1, SSP2, SSP3, SSP4, SSP5]",observation,vnm-v121-b-008-obs-1348-ecdc06620a695a77,B-008_rslrate_1449_ssp585,VNM,2050,5.4,mm/yr,,,,,,[전망치],IPCC AR6 Sea Level Projection Tool (NASA/IPCC),https://sealevel.nasa.gov/data_tools/17,기관 이용약관,B-008_NASA 해수면 상승 전망 (SSP 1~5).xlsx,1.1_observation(측정값),1348,
B-008,"NASA 해수면 상승 전망[SSP1, SSP2, SSP3, SSP4, SSP5]",observation,vnm-v121-b-008-obs-1349-9a4f701dd13a013d,B-008_rslrate_1449_ssp585,VNM,2060,6.8,mm/yr,,,,,,[전망치],IPCC AR6 Sea Level Projection Tool (NASA/IPCC),https://sealevel.nasa.gov/data_tools/17,기관 이용약관,B-008_NASA 해수면 상승 전망 (SSP 1~5).xlsx,1.1_observation(측정값),1349,
B-008,"NASA 해수면 상승 전망[SSP1, SSP2, SSP3, SSP4, SSP5]",observation,vnm-v121-b-008-obs-1350-f98fcd9cc08fbd8e,B-008_rslrate_1449_ssp585,VNM,2070,8.3,mm/yr,,,,,,[전망치],IPCC AR6 Sea Level Projection Tool (NASA/IPCC),https://sealevel.nasa.gov/data_tools/17,기관 이용약관,B-008_NASA 해수면 상승 전망 (SSP 1~5).xlsx,1.1_observation(측정값),1350,
B-008,"NASA 해수면 상승 전망[SSP1, SSP2, SSP3, SSP4, SSP5]",observation,vnm-v121-b-008-obs-1351-ec8b9e58e70f5e08,B-008_rslrate_1449_ssp585,VNM,2080,9.4,mm/yr,,,,,,[전망치],IPCC AR6 Sea Level Projection Tool (NASA/IPCC),https://sealevel.nasa.gov/data_tools/17,기관 이용약관,B-008_NASA 해수면 상승 전망 (SSP 1~5).xlsx,1.1_observation(측정값),1351,
B-008,"NASA 해수면 상승 전망[SSP1, SSP2, SSP3, SSP4, SSP5]",observation,vnm-v121-b-008-obs-1352-97c9e23c16cfe82f,B-008_rslrate_1449_ssp585,VNM,2090,11.3,mm/yr,,,,,,[전망치],IPCC AR6 Sea Level Projection Tool (NASA/IPCC),https://sealevel.nasa.gov/data_tools/17,기관 이용약관,B-008_NASA 해수면 상승 전망 (SSP 1~5).xlsx,1.1_observation(측정값),1352,
B-008,"NASA 해수면 상승 전망[SSP1, SSP2, SSP3, SSP4, SSP5]",observation,vnm-v121-b-008-obs-1353-423206b2bdb8bbc4,B-008_rslrate_1449_ssp585,VNM,2100,12,mm/yr,,,,,,[전망치],IPCC AR6 Sea Level Projection Tool (NASA/IPCC),https://sealevel.nasa.gov/data_tools/17,기관 이용약관,B-008_NASA 해수면 상승 전망 (SSP 1~5).xlsx,1.1_observation(측정값),1353,
B-008,"NASA 해수면 상승 전망[SSP1, SSP2, SSP3, SSP4, SSP5]",observation,vnm-v121-b-008-obs-1354-acba66eb5ea336fa,B-008_rsl_1475_ssp119_q5,VNM,2020,0.027,m,,,,,,[전망치],IPCC AR6 Sea Level Projection Tool (NASA/IPCC),https://sealevel.nasa.gov/data_tools/17,기관 이용약관,B-008_NASA 해수면 상승 전망 (SSP 1~5).xlsx,1.1_observation(측정값),1354,
B-008,"NASA 해수면 상승 전망[SSP1, SSP2, SSP3, SSP4, SSP5]",observation,vnm-v121-b-008-obs-1355-604b654eafe6769c,B-008_rsl_1475_ssp119_q5,VNM,2030,0.047,m,,,,,,[전망치],IPCC AR6 Sea Level Projection Tool (NASA/IPCC),https://sealevel.nasa.gov/data_tools/17,기관 이용약관,B-008_NASA 해수면 상승 전망 (SSP 1~5).xlsx,1.1_observation(측정값),1355,
B-008,"NASA 해수면 상승 전망[SSP1, SSP2, SSP3, SSP4, SSP5]",observation,vnm-v121-b-008-obs-1356-406844dd99a43a72,B-008_rsl_1475_ssp119_q5,VNM,2040,0.069,m,,,,,,[전망치],IPCC AR6 Sea Level Projection Tool (NASA/IPCC),https://sealevel.nasa.gov/data_tools/17,기관 이용약관,B-008_NASA 해수면 상승 전망 (SSP 1~5).xlsx,1.1_observation(측정값),1356,
B-008,"NASA 해수면 상승 전망[SSP1, SSP2, SSP3, SSP4, SSP5]",observation,vnm-v121-b-008-obs-1357-2bd21c90f2b64ad7,B-008_rsl_1475_ssp119_q5,VNM,2050,0.107,m,,,,,,[전망치],IPCC AR6 Sea Level Projection Tool (NASA/IPCC),https://sealevel.nasa.gov/data_tools/17,기관 이용약관,B-008_NASA 해수면 상승 전망 (SSP 1~5).xlsx,1.1_observation(측정값),1357,
B-008,"NASA 해수면 상승 전망[SSP1, SSP2, SSP3, SSP4, SSP5]",observation,vnm-v121-b-008-obs-1358-c5418d1f5fd2c687,B-008_rsl_1475_ssp119_q5,VNM,2060,0.12,m,,,,,,[전망치],IPCC AR6 Sea Level Projection Tool (NASA/IPCC),https://sealevel.nasa.gov/data_tools/17,기관 이용약관,B-008_NASA 해수면 상승 전망 (SSP 1~5).xlsx,1.1_observation(측정값),1358,
B-008,"NASA 해수면 상승 전망[SSP1, SSP2, SSP3, SSP4, SSP5]",observation,vnm-v121-b-008-obs-1359-73733f1f134ea152,B-008_rsl_1475_ssp119_q5,VNM,2070,0.139,m,,,,,,[전망치],IPCC AR6 Sea Level Projection Tool (NASA/IPCC),https://sealevel.nasa.gov/data_tools/17,기관 이용약관,B-008_NASA 해수면 상승 전망 (SSP 1~5).xlsx,1.1_observation(측정값),1359,
B-008,"NASA 해수면 상승 전망[SSP1, SSP2, SSP3, SSP4, SSP5]",observation,vnm-v121-b-008-obs-1360-b03ece3552b90ddb,B-008_rsl_1475_ssp119_q5,VNM,2080,0.154,m,,,,,,[전망치],IPCC AR6 Sea Level Projection Tool (NASA/IPCC),https://sealevel.nasa.gov/data_tools/17,기관 이용약관,B-008_NASA 해수면 상승 전망 (SSP 1~5).xlsx,1.1_observation(측정값),1360,
B-008,"NASA 해수면 상승 전망[SSP1, SSP2, SSP3, SSP4, SSP5]",observation,vnm-v121-b-008-obs-1361-a5d06bec2d70c0e5,B-008_rsl_1475_ssp119_q5,VNM,2090,0.181,m,,,,,,[전망치],IPCC AR6 Sea Level Projection Tool (NASA/IPCC),https://sealevel.nasa.gov/data_tools/17,기관 이용약관,B-008_NASA 해수면 상승 전망 (SSP 1~5).xlsx,1.1_observation(측정값),1361,
B-008,"NASA 해수면 상승 전망[SSP1, SSP2, SSP3, SSP4, SSP5]",observation,vnm-v121-b-008-obs-1362-fea1ee975145fef1,B-008_rsl_1475_ssp119_q5,VNM,2100,0.158,m,,,,,,[전망치],IPCC AR6 Sea Level Projection Tool (NASA/IPCC),https://sealevel.nasa.gov/data_tools/17,기관 이용약관,B-008_NASA 해수면 상승 전망 (SSP 1~5).xlsx,1.1_observation(측정값),1362,
B-008,"NASA 해수면 상승 전망[SSP1, SSP2, SSP3, SSP4, SSP5]",observation,vnm-v121-b-008-obs-1363-76d0f6fc1f13a2de,B-008_rsl_1475_ssp119_q95,VNM,2020,0.106,m,,,,,,[전망치],IPCC AR6 Sea Level Projection Tool (NASA/IPCC),https://sealevel.nasa.gov/data_tools/17,기관 이용약관,B-008_NASA 해수면 상승 전망 (SSP 1~5).xlsx,1.1_observation(측정값),1363,
B-008,"NASA 해수면 상승 전망[SSP1, SSP2, SSP3, SSP4, SSP5]",observation,vnm-v121-b-008-obs-1364-1385a3f0de8975e4,B-008_rsl_1475_ssp119_q95,VNM,2030,0.198,m,,,,,,[전망치],IPCC AR6 Sea Level Projection Tool (NASA/IPCC),https://sealevel.nasa.gov/data_tools/17,기관 이용약관,B-008_NASA 해수면 상승 전망 (SSP 1~5).xlsx,1.1_observation(측정값),1364,
B-008,"NASA 해수면 상승 전망[SSP1, SSP2, SSP3, SSP4, SSP5]",observation,vnm-v121-b-008-obs-1365-e42ebe5b65525805,B-008_rsl_1475_ssp119_q95,VNM,2040,0.277,m,,,,,,[전망치],IPCC AR6 Sea Level Projection Tool (NASA/IPCC),https://sealevel.nasa.gov/data_tools/17,기관 이용약관,B-008_NASA 해수면 상승 전망 (SSP 1~5).xlsx,1.1_observation(측정값),1365,
B-008,"NASA 해수면 상승 전망[SSP1, SSP2, SSP3, SSP4, SSP5]",observation,vnm-v121-b-008-obs-1366-cb4779b35a3a489f,B-008_rsl_1475_ssp119_q95,VNM,2050,0.371,m,,,,,,[전망치],IPCC AR6 Sea Level Projection Tool (NASA/IPCC),https://sealevel.nasa.gov/data_tools/17,기관 이용약관,B-008_NASA 해수면 상승 전망 (SSP 1~5).xlsx,1.1_observation(측정값),1366,
B-008,"NASA 해수면 상승 전망[SSP1, SSP2, SSP3, SSP4, SSP5]",observation,vnm-v121-b-008-obs-1367-fde987cdf935ef48,B-008_rsl_1475_ssp119_q95,VNM,2060,0.453,m,,,,,,[전망치],IPCC AR6 Sea Level Projection Tool (NASA/IPCC),https://sealevel.nasa.gov/data_tools/17,기관 이용약관,B-008_NASA 해수면 상승 전망 (SSP 1~5).xlsx,1.1_observation(측정값),1367,
B-008,"NASA 해수면 상승 전망[SSP1, SSP2, SSP3, SSP4, SSP5]",observation,vnm-v121-b-008-obs-1368-d658bf5afa332516,B-008_rsl_1475_ssp119_q95,VNM,2070,0.558,m,,,,,,[전망치],IPCC AR6 Sea Level Projection Tool (NASA/IPCC),https://sealevel.nasa.gov/data_tools/17,기관 이용약관,B-008_NASA 해수면 상승 전망 (SSP 1~5).xlsx,1.1_observation(측정값),1368,
B-008,"NASA 해수면 상승 전망[SSP1, SSP2, SSP3, SSP4, SSP5]",observation,vnm-v121-b-008-obs-1369-7f6e2c7fc4d37916,B-008_rsl_1475_ssp119_q95,VNM,2080,0.648,m,,,,,,[전망치],IPCC AR6 Sea Level Projection Tool (NASA/IPCC),https://sealevel.nasa.gov/data_tools/17,기관 이용약관,B-008_NASA 해수면 상승 전망 (SSP 1~5).xlsx,1.1_observation(측정값),1369,
B-008,"NASA 해수면 상승 전망[SSP1, SSP2, SSP3, SSP4, SSP5]",observation,vnm-v121-b-008-obs-1370-5e81fa0656424b18,B-008_rsl_1475_ssp119_q95,VNM,2090,0.749,m,,,,,,[전망치],IPCC AR6 Sea Level Projection Tool (NASA/IPCC),https://sealevel.nasa.gov/data_tools/17,기관 이용약관,B-008_NASA 해수면 상승 전망 (SSP 1~5).xlsx,1.1_observation(측정값),1370,
B-008,"NASA 해수면 상승 전망[SSP1, SSP2, SSP3, SSP4, SSP5]",observation,vnm-v121-b-008-obs-1371-4efae13eabc5f54e,B-008_rsl_1475_ssp119_q95,VNM,2100,0.855,m,,,,,,[전망치],IPCC AR6 Sea Level Projection Tool (NASA/IPCC),https://sealevel.nasa.gov/data_tools/17,기관 이용약관,B-008_NASA 해수면 상승 전망 (SSP 1~5).xlsx,1.1_observation(측정값),1371,
B-008,"NASA 해수면 상승 전망[SSP1, SSP2, SSP3, SSP4, SSP5]",observation,vnm-v121-b-008-obs-1372-060f622458f4d6db,B-008_rsl_1475_ssp126_q5,VNM,2020,-0.004,m,,,,,,[전망치],IPCC AR6 Sea Level Projection Tool (NASA/IPCC),https://sealevel.nasa.gov/data_tools/17,기관 이용약관,B-008_NASA 해수면 상승 전망 (SSP 1~5).xlsx,1.1_observation(측정값),1372,
B-008,"NASA 해수면 상승 전망[SSP1, SSP2, SSP3, SSP4, SSP5]",observation,vnm-v121-b-008-obs-1373-e4b5dc487e9b95bb,B-008_rsl_1475_ssp126_q5,VNM,2030,0.029,m,,,,,,[전망치],IPCC AR6 Sea Level Projection Tool (NASA/IPCC),https://sealevel.nasa.gov/data_tools/17,기관 이용약관,B-008_NASA 해수면 상승 전망 (SSP 1~5).xlsx,1.1_observation(측정값),1373,
B-008,"NASA 해수면 상승 전망[SSP1, SSP2, SSP3, SSP4, SSP5]",observation,vnm-v121-b-008-obs-1374-2fc24a8740f8ec59,B-008_rsl_1475_ssp126_q5,VNM,2040,0.064,m,,,,,,[전망치],IPCC AR6 Sea Level Projection Tool (NASA/IPCC),https://sealevel.nasa.gov/data_tools/17,기관 이용약관,B-008_NASA 해수면 상승 전망 (SSP 1~5).xlsx,1.1_observation(측정값),1374,
B-008,"NASA 해수면 상승 전망[SSP1, SSP2, SSP3, SSP4, SSP5]",observation,vnm-v121-b-008-obs-1375-d830fe225f1e33ec,B-008_rsl_1475_ssp126_q5,VNM,2050,0.105,m,,,,,,[전망치],IPCC AR6 Sea Level Projection Tool (NASA/IPCC),https://sealevel.nasa.gov/data_tools/17,기관 이용약관,B-008_NASA 해수면 상승 전망 (SSP 1~5).xlsx,1.1_observation(측정값),1375,
B-008,"NASA 해수면 상승 전망[SSP1, SSP2, SSP3, SSP4, SSP5]",observation,vnm-v121-b-008-obs-1376-beca144625cb8f47,B-008_rsl_1475_ssp126_q5,VNM,2060,0.132,m,,,,,,[전망치],IPCC AR6 Sea Level Projection Tool (NASA/IPCC),https://sealevel.nasa.gov/data_tools/17,기관 이용약관,B-008_NASA 해수면 상승 전망 (SSP 1~5).xlsx,1.1_observation(측정값),1376,
B-008,"NASA 해수면 상승 전망[SSP1, SSP2, SSP3, SSP4, SSP5]",observation,vnm-v121-b-008-obs-1377-a3bca73bfed4ec88,B-008_rsl_1475_ssp126_q5,VNM,2070,0.169,m,,,,,,[전망치],IPCC AR6 Sea Level Projection Tool (NASA/IPCC),https://sealevel.nasa.gov/data_tools/17,기관 이용약관,B-008_NASA 해수면 상승 전망 (SSP 1~5).xlsx,1.1_observation(측정값),1377,
B-008,"NASA 해수면 상승 전망[SSP1, SSP2, SSP3, SSP4, SSP5]",observation,vnm-v121-b-008-obs-1378-aa36c3fc4cd6e77d,B-008_rsl_1475_ssp126_q5,VNM,2080,0.191,m,,,,,,[전망치],IPCC AR6 Sea Level Projection Tool (NASA/IPCC),https://sealevel.nasa.gov/data_tools/17,기관 이용약관,B-008_NASA 해수면 상승 전망 (SSP 1~5).xlsx,1.1_observation(측정값),1378,
B-008,"NASA 해수면 상승 전망[SSP1, SSP2, SSP3, SSP4, SSP5]",observation,vnm-v121-b-008-obs-1379-6322376debb8e0cd,B-008_rsl_1475_ssp126_q5,VNM,2090,0.215,m,,,,,,[전망치],IPCC AR6 Sea Level Projection Tool (NASA/IPCC),https://sealevel.nasa.gov/data_tools/17,기관 이용약관,B-008_NASA 해수면 상승 전망 (SSP 1~5).xlsx,1.1_observation(측정값),1379,
B-008,"NASA 해수면 상승 전망[SSP1, SSP2, SSP3, SSP4, SSP5]",observation,vnm-v121-b-008-obs-1380-eb42ff10458151f2,B-008_rsl_1475_ssp126_q5,VNM,2100,0.201,m,,,,,,[전망치],IPCC AR6 Sea Level Projection Tool (NASA/IPCC),https://sealevel.nasa.gov/data_tools/17,기관 이용약관,B-008_NASA 해수면 상승 전망 (SSP 1~5).xlsx,1.1_observation(측정값),1380,
B-008,"NASA 해수면 상승 전망[SSP1, SSP2, SSP3, SSP4, SSP5]",observation,vnm-v121-b-008-obs-1381-26594b31d7f3d3c1,B-008_rsl_1475_ssp126_q95,VNM,2020,0.126,m,,,,,,[전망치],IPCC AR6 Sea Level Projection Tool (NASA/IPCC),https://sealevel.nasa.gov/data_tools/17,기관 이용약관,B-008_NASA 해수면 상승 전망 (SSP 1~5).xlsx,1.1_observation(측정값),1381,
B-008,"NASA 해수면 상승 전망[SSP1, SSP2, SSP3, SSP4, SSP5]",observation,vnm-v121-b-008-obs-1382-8d7fa715f7548f10,B-008_rsl_1475_ssp126_q95,VNM,2030,0.199,m,,,,,,[전망치],IPCC AR6 Sea Level Projection Tool (NASA/IPCC),https://sealevel.nasa.gov/data_tools/17,기관 이용약관,B-008_NASA 해수면 상승 전망 (SSP 1~5).xlsx,1.1_observation(측정값),1382,
B-008,"NASA 해수면 상승 전망[SSP1, SSP2, SSP3, SSP4, SSP5]",observation,vnm-v121-b-008-obs-1383-4814c4138b26f05c,B-008_rsl_1475_ssp126_q95,VNM,2040,0.276,m,,,,,,[전망치],IPCC AR6 Sea Level Projection Tool (NASA/IPCC),https://sealevel.nasa.gov/data_tools/17,기관 이용약관,B-008_NASA 해수면 상승 전망 (SSP 1~5).xlsx,1.1_observation(측정값),1383,
B-008,"NASA 해수면 상승 전망[SSP1, SSP2, SSP3, SSP4, SSP5]",observation,vnm-v121-b-008-obs-1384-376c65bbeecc7c88,B-008_rsl_1475_ssp126_q95,VNM,2050,0.376,m,,,,,,[전망치],IPCC AR6 Sea Level Projection Tool (NASA/IPCC),https://sealevel.nasa.gov/data_tools/17,기관 이용약관,B-008_NASA 해수면 상승 전망 (SSP 1~5).xlsx,1.1_observation(측정값),1384,
B-008,"NASA 해수면 상승 전망[SSP1, SSP2, SSP3, SSP4, SSP5]",observation,vnm-v121-b-008-obs-1385-134d5599f8918f54,B-008_rsl_1475_ssp126_q95,VNM,2060,0.471,m,,,,,,[전망치],IPCC AR6 Sea Level Projection Tool (NASA/IPCC),https://sealevel.nasa.gov/data_tools/17,기관 이용약관,B-008_NASA 해수면 상승 전망 (SSP 1~5).xlsx,1.1_observation(측정값),1385,
B-008,"NASA 해수면 상승 전망[SSP1, SSP2, SSP3, SSP4, SSP5]",observation,vnm-v121-b-008-obs-1386-790fbb01e562d9e1,B-008_rsl_1475_ssp126_q95,VNM,2070,0.583,m,,,,,,[전망치],IPCC AR6 Sea Level Projection Tool (NASA/IPCC),https://sealevel.nasa.gov/data_tools/17,기관 이용약관,B-008_NASA 해수면 상승 전망 (SSP 1~5).xlsx,1.1_observation(측정값),1386,
B-008,"NASA 해수면 상승 전망[SSP1, SSP2, SSP3, SSP4, SSP5]",observation,vnm-v121-b-008-obs-1387-ee4f579da6daf089,B-008_rsl_1475_ssp126_q95,VNM,2080,0.697,m,,,,,,[전망치],IPCC AR6 Sea Level Projection Tool (NASA/IPCC),https://sealevel.nasa.gov/data_tools/17,기관 이용약관,B-008_NASA 해수면 상승 전망 (SSP 1~5).xlsx,1.1_observation(측정값),1387,
B-008,"NASA 해수면 상승 전망[SSP1, SSP2, SSP3, SSP4, SSP5]",observation,vnm-v121-b-008-obs-1388-3425e11cbd03e5ac,B-008_rsl_1475_ssp126_q95,VNM,2090,0.806,m,,,,,,[전망치],IPCC AR6 Sea Level Projection Tool (NASA/IPCC),https://sealevel.nasa.gov/data_tools/17,기관 이용약관,B-008_NASA 해수면 상승 전망 (SSP 1~5).xlsx,1.1_observation(측정값),1388,
B-008,"NASA 해수면 상승 전망[SSP1, SSP2, SSP3, SSP4, SSP5]",observation,vnm-v121-b-008-obs-1389-a4c0b0e9ed518e5a,B-008_rsl_1475_ssp126_q95,VNM,2100,0.929,m,,,,,,[전망치],IPCC AR6 Sea Level Projection Tool (NASA/IPCC),https://sealevel.nasa.gov/data_tools/17,기관 이용약관,B-008_NASA 해수면 상승 전망 (SSP 1~5).xlsx,1.1_observation(측정값),1389,
B-008,"NASA 해수면 상승 전망[SSP1, SSP2, SSP3, SSP4, SSP5]",observation,vnm-v121-b-008-obs-1390-90d9f8e165e7a77c,B-008_rsl_1475_ssp245_q5,VNM,2020,0.006,m,,,,,,[전망치],IPCC AR6 Sea Level Projection Tool (NASA/IPCC),https://sealevel.nasa.gov/data_tools/17,기관 이용약관,B-008_NASA 해수면 상승 전망 (SSP 1~5).xlsx,1.1_observation(측정값),1390,
B-008,"NASA 해수면 상승 전망[SSP1, SSP2, SSP3, SSP4, SSP5]",observation,vnm-v121-b-008-obs-1391-894dfba1c69fdc48,B-008_rsl_1475_ssp245_q5,VNM,2030,0.037,m,,,,,,[전망치],IPCC AR6 Sea Level Projection Tool (NASA/IPCC),https://sealevel.nasa.gov/data_tools/17,기관 이용약관,B-008_NASA 해수면 상승 전망 (SSP 1~5).xlsx,1.1_observation(측정값),1391,
B-008,"NASA 해수면 상승 전망[SSP1, SSP2, SSP3, SSP4, SSP5]",observation,vnm-v121-b-008-obs-1392-d384f110cad7c0ac,B-008_rsl_1475_ssp245_q5,VNM,2040,0.071,m,,,,,,[전망치],IPCC AR6 Sea Level Projection Tool (NASA/IPCC),https://sealevel.nasa.gov/data_tools/17,기관 이용약관,B-008_NASA 해수면 상승 전망 (SSP 1~5).xlsx,1.1_observation(측정값),1392,
B-008,"NASA 해수면 상승 전망[SSP1, SSP2, SSP3, SSP4, SSP5]",observation,vnm-v121-b-008-obs-1393-92ff02b5c29fa6c1,B-008_rsl_1475_ssp245_q5,VNM,2050,0.116,m,,,,,,[전망치],IPCC AR6 Sea Level Projection Tool (NASA/IPCC),https://sealevel.nasa.gov/data_tools/17,기관 이용약관,B-008_NASA 해수면 상승 전망 (SSP 1~5).xlsx,1.1_observation(측정값),1393,
B-008,"NASA 해수면 상승 전망[SSP1, SSP2, SSP3, SSP4, SSP5]",observation,vnm-v121-b-008-obs-1394-e1c311a863c13ceb,B-008_rsl_1475_ssp245_q5,VNM,2060,0.155,m,,,,,,[전망치],IPCC AR6 Sea Level Projection Tool (NASA/IPCC),https://sealevel.nasa.gov/data_tools/17,기관 이용약관,B-008_NASA 해수면 상승 전망 (SSP 1~5).xlsx,1.1_observation(측정값),1394,
B-008,"NASA 해수면 상승 전망[SSP1, SSP2, SSP3, SSP4, SSP5]",observation,vnm-v121-b-008-obs-1395-930cf332f95f9c73,B-008_rsl_1475_ssp245_q5,VNM,2070,0.198,m,,,,,,[전망치],IPCC AR6 Sea Level Projection Tool (NASA/IPCC),https://sealevel.nasa.gov/data_tools/17,기관 이용약관,B-008_NASA 해수면 상승 전망 (SSP 1~5).xlsx,1.1_observation(측정값),1395,
B-008,"NASA 해수면 상승 전망[SSP1, SSP2, SSP3, SSP4, SSP5]",observation,vnm-v121-b-008-obs-1396-001fdd0eaba64c3d,B-008_rsl_1475_ssp245_q5,VNM,2080,0.238,m,,,,,,[전망치],IPCC AR6 Sea Level Projection Tool (NASA/IPCC),https://sealevel.nasa.gov/data_tools/17,기관 이용약관,B-008_NASA 해수면 상승 전망 (SSP 1~5).xlsx,1.1_observation(측정값),1396,
B-008,"NASA 해수면 상승 전망[SSP1, SSP2, SSP3, SSP4, SSP5]",observation,vnm-v121-b-008-obs-1397-6b88dad672f07961,B-008_rsl_1475_ssp245_q5,VNM,2090,0.28,m,,,,,,[전망치],IPCC AR6 Sea Level Projection Tool (NASA/IPCC),https://sealevel.nasa.gov/data_tools/17,기관 이용약관,B-008_NASA 해수면 상승 전망 (SSP 1~5).xlsx,1.1_observation(측정값),1397,
B-008,"NASA 해수면 상승 전망[SSP1, SSP2, SSP3, SSP4, SSP5]",observation,vnm-v121-b-008-obs-1398-7834defeffa659a9,B-008_rsl_1475_ssp245_q5,VNM,2100,0.335,m,,,,,,[전망치],IPCC AR6 Sea Level Projection Tool (NASA/IPCC),https://sealevel.nasa.gov/data_tools/17,기관 이용약관,B-008_NASA 해수면 상승 전망 (SSP 1~5).xlsx,1.1_observation(측정값),1398,
B-008,"NASA 해수면 상승 전망[SSP1, SSP2, SSP3, SSP4, SSP5]",observation,vnm-v121-b-008-obs-1399-a1035f89cef4b383,B-008_rsl_1475_ssp245_q95,VNM,2020,0.117,m,,,,,,[전망치],IPCC AR6 Sea Level Projection Tool (NASA/IPCC),https://sealevel.nasa.gov/data_tools/17,기관 이용약관,B-008_NASA 해수면 상승 전망 (SSP 1~5).xlsx,1.1_observation(측정값),1399,
B-008,"NASA 해수면 상승 전망[SSP1, SSP2, SSP3, SSP4, SSP5]",observation,vnm-v121-b-008-obs-1400-a79b0297c0d0298f,B-008_rsl_1475_ssp245_q95,VNM,2030,0.191,m,,,,,,[전망치],IPCC AR6 Sea Level Projection Tool (NASA/IPCC),https://sealevel.nasa.gov/data_tools/17,기관 이용약관,B-008_NASA 해수면 상승 전망 (SSP 1~5).xlsx,1.1_observation(측정값),1400,
B-008,"NASA 해수면 상승 전망[SSP1, SSP2, SSP3, SSP4, SSP5]",observation,vnm-v121-b-008-obs-1401-2ce5e5d04499f17f,B-008_rsl_1475_ssp245_q95,VNM,2040,0.278,m,,,,,,[전망치],IPCC AR6 Sea Level Projection Tool (NASA/IPCC),https://sealevel.nasa.gov/data_tools/17,기관 이용약관,B-008_NASA 해수면 상승 전망 (SSP 1~5).xlsx,1.1_observation(측정값),1401,
B-008,"NASA 해수면 상승 전망[SSP1, SSP2, SSP3, SSP4, SSP5]",observation,vnm-v121-b-008-obs-1402-304f5914c5d0302a,B-008_rsl_1475_ssp245_q95,VNM,2050,0.389,m,,,,,,[전망치],IPCC AR6 Sea Level Projection Tool (NASA/IPCC),https://sealevel.nasa.gov/data_tools/17,기관 이용약관,B-008_NASA 해수면 상승 전망 (SSP 1~5).xlsx,1.1_observation(측정값),1402,
B-008,"NASA 해수면 상승 전망[SSP1, SSP2, SSP3, SSP4, SSP5]",observation,vnm-v121-b-008-obs-1403-4213fc93af2c9357,B-008_rsl_1475_ssp245_q95,VNM,2060,0.502,m,,,,,,[전망치],IPCC AR6 Sea Level Projection Tool (NASA/IPCC),https://sealevel.nasa.gov/data_tools/17,기관 이용약관,B-008_NASA 해수면 상승 전망 (SSP 1~5).xlsx,1.1_observation(측정값),1403,
B-008,"NASA 해수면 상승 전망[SSP1, SSP2, SSP3, SSP4, SSP5]",observation,vnm-v121-b-008-obs-1404-f7358ffa4709d64a,B-008_rsl_1475_ssp245_q95,VNM,2070,0.634,m,,,,,,[전망치],IPCC AR6 Sea Level Projection Tool (NASA/IPCC),https://sealevel.nasa.gov/data_tools/17,기관 이용약관,B-008_NASA 해수면 상승 전망 (SSP 1~5).xlsx,1.1_observation(측정값),1404,
B-008,"NASA 해수면 상승 전망[SSP1, SSP2, SSP3, SSP4, SSP5]",observation,vnm-v121-b-008-obs-1405-ec0043bc13a92c76,B-008_rsl_1475_ssp245_q95,VNM,2080,0.772,m,,,,,,[전망치],IPCC AR6 Sea Level Projection Tool (NASA/IPCC),https://sealevel.nasa.gov/data_tools/17,기관 이용약관,B-008_NASA 해수면 상승 전망 (SSP 1~5).xlsx,1.1_observation(측정값),1405,
B-008,"NASA 해수면 상승 전망[SSP1, SSP2, SSP3, SSP4, SSP5]",observation,vnm-v121-b-008-obs-1406-bc2925a23c5f5e18,B-008_rsl_1475_ssp245_q95,VNM,2090,0.923,m,,,,,,[전망치],IPCC AR6 Sea Level Projection Tool (NASA/IPCC),https://sealevel.nasa.gov/data_tools/17,기관 이용약관,B-008_NASA 해수면 상승 전망 (SSP 1~5).xlsx,1.1_observation(측정값),1406,
B-008,"NASA 해수면 상승 전망[SSP1, SSP2, SSP3, SSP4, SSP5]",observation,vnm-v121-b-008-obs-1407-703104b0348d1fa7,B-008_rsl_1475_ssp245_q95,VNM,2100,1.098,m,,,,,,[전망치],IPCC AR6 Sea Level Projection Tool (NASA/IPCC),https://sealevel.nasa.gov/data_tools/17,기관 이용약관,B-008_NASA 해수면 상승 전망 (SSP 1~5).xlsx,1.1_observation(측정값),1407,
B-008,"NASA 해수면 상승 전망[SSP1, SSP2, SSP3, SSP4, SSP5]",observation,vnm-v121-b-008-obs-1408-a911f8925b028427,B-008_rsl_1475_ssp370_q5,VNM,2020,0.005,m,,,,,,[전망치],IPCC AR6 Sea Level Projection Tool (NASA/IPCC),https://sealevel.nasa.gov/data_tools/17,기관 이용약관,B-008_NASA 해수면 상승 전망 (SSP 1~5).xlsx,1.1_observation(측정값),1408,
B-008,"NASA 해수면 상승 전망[SSP1, SSP2, SSP3, SSP4, SSP5]",observation,vnm-v121-b-008-obs-1409-0e97a81f2da2a17e,B-008_rsl_1475_ssp370_q5,VNM,2030,0.036,m,,,,,,[전망치],IPCC AR6 Sea Level Projection Tool (NASA/IPCC),https://sealevel.nasa.gov/data_tools/17,기관 이용약관,B-008_NASA 해수면 상승 전망 (SSP 1~5).xlsx,1.1_observation(측정값),1409,
B-008,"NASA 해수면 상승 전망[SSP1, SSP2, SSP3, SSP4, SSP5]",observation,vnm-v121-b-008-obs-1410-4247f6b8026cf35a,B-008_rsl_1475_ssp370_q5,VNM,2040,0.072,m,,,,,,[전망치],IPCC AR6 Sea Level Projection Tool (NASA/IPCC),https://sealevel.nasa.gov/data_tools/17,기관 이용약관,B-008_NASA 해수면 상승 전망 (SSP 1~5).xlsx,1.1_observation(측정값),1410,
B-008,"NASA 해수면 상승 전망[SSP1, SSP2, SSP3, SSP4, SSP5]",observation,vnm-v121-b-008-obs-1411-1a8bb9df1e393ece,B-008_rsl_1475_ssp370_q5,VNM,2050,0.12,m,,,,,,[전망치],IPCC AR6 Sea Level Projection Tool (NASA/IPCC),https://sealevel.nasa.gov/data_tools/17,기관 이용약관,B-008_NASA 해수면 상승 전망 (SSP 1~5).xlsx,1.1_observation(측정값),1411,
B-008,"NASA 해수면 상승 전망[SSP1, SSP2, SSP3, SSP4, SSP5]",observation,vnm-v121-b-008-obs-1412-c4b7e5ef63c4bffc,B-008_rsl_1475_ssp370_q5,VNM,2060,0.164,m,,,,,,[전망치],IPCC AR6 Sea Level Projection Tool (NASA/IPCC),https://sealevel.nasa.gov/data_tools/17,기관 이용약관,B-008_NASA 해수면 상승 전망 (SSP 1~5).xlsx,1.1_observation(측정값),1412,
B-008,"NASA 해수면 상승 전망[SSP1, SSP2, SSP3, SSP4, SSP5]",observation,vnm-v121-b-008-obs-1413-3eb5156eaa2816fe,B-008_rsl_1475_ssp370_q5,VNM,2070,0.222,m,,,,,,[전망치],IPCC AR6 Sea Level Projection Tool (NASA/IPCC),https://sealevel.nasa.gov/data_tools/17,기관 이용약관,B-008_NASA 해수면 상승 전망 (SSP 1~5).xlsx,1.1_observation(측정값),1413,
B-008,"NASA 해수면 상승 전망[SSP1, SSP2, SSP3, SSP4, SSP5]",observation,vnm-v121-b-008-obs-1414-76153ef74a0ea903,B-008_rsl_1475_ssp370_q5,VNM,2080,0.281,m,,,,,,[전망치],IPCC AR6 Sea Level Projection Tool (NASA/IPCC),https://sealevel.nasa.gov/data_tools/17,기관 이용약관,B-008_NASA 해수면 상승 전망 (SSP 1~5).xlsx,1.1_observation(측정값),1414,
B-008,"NASA 해수면 상승 전망[SSP1, SSP2, SSP3, SSP4, SSP5]",observation,vnm-v121-b-008-obs-1415-71a61bc782244988,B-008_rsl_1475_ssp370_q5,VNM,2090,0.356,m,,,,,,[전망치],IPCC AR6 Sea Level Projection Tool (NASA/IPCC),https://sealevel.nasa.gov/data_tools/17,기관 이용약관,B-008_NASA 해수면 상승 전망 (SSP 1~5).xlsx,1.1_observation(측정값),1415,
B-008,"NASA 해수면 상승 전망[SSP1, SSP2, SSP3, SSP4, SSP5]",observation,vnm-v121-b-008-obs-1416-097f98854e8fba3e,B-008_rsl_1475_ssp370_q5,VNM,2100,0.427,m,,,,,,[전망치],IPCC AR6 Sea Level Projection Tool (NASA/IPCC),https://sealevel.nasa.gov/data_tools/17,기관 이용약관,B-008_NASA 해수면 상승 전망 (SSP 1~5).xlsx,1.1_observation(측정값),1416,
B-008,"NASA 해수면 상승 전망[SSP1, SSP2, SSP3, SSP4, SSP5]",observation,vnm-v121-b-008-obs-1417-091f07e3768cc2d3,B-008_rsl_1475_ssp370_q95,VNM,2020,0.114,m,,,,,,[전망치],IPCC AR6 Sea Level Projection Tool (NASA/IPCC),https://sealevel.nasa.gov/data_tools/17,기관 이용약관,B-008_NASA 해수면 상승 전망 (SSP 1~5).xlsx,1.1_observation(측정값),1417,
B-008,"NASA 해수면 상승 전망[SSP1, SSP2, SSP3, SSP4, SSP5]",observation,vnm-v121-b-008-obs-1418-e2b5b42ceede519e,B-008_rsl_1475_ssp370_q95,VNM,2030,0.191,m,,,,,,[전망치],IPCC AR6 Sea Level Projection Tool (NASA/IPCC),https://sealevel.nasa.gov/data_tools/17,기관 이용약관,B-008_NASA 해수면 상승 전망 (SSP 1~5).xlsx,1.1_observation(측정값),1418,
B-008,"NASA 해수면 상승 전망[SSP1, SSP2, SSP3, SSP4, SSP5]",observation,vnm-v121-b-008-obs-1419-247a13354b4c1f82,B-008_rsl_1475_ssp370_q95,VNM,2040,0.281,m,,,,,,[전망치],IPCC AR6 Sea Level Projection Tool (NASA/IPCC),https://sealevel.nasa.gov/data_tools/17,기관 이용약관,B-008_NASA 해수면 상승 전망 (SSP 1~5).xlsx,1.1_observation(측정값),1419,
B-008,"NASA 해수면 상승 전망[SSP1, SSP2, SSP3, SSP4, SSP5]",observation,vnm-v121-b-008-obs-1420-a3e3307e75cbca3a,B-008_rsl_1475_ssp370_q95,VNM,2050,0.398,m,,,,,,[전망치],IPCC AR6 Sea Level Projection Tool (NASA/IPCC),https://sealevel.nasa.gov/data_tools/17,기관 이용약관,B-008_NASA 해수면 상승 전망 (SSP 1~5).xlsx,1.1_observation(측정값),1420,
B-008,"NASA 해수면 상승 전망[SSP1, SSP2, SSP3, SSP4, SSP5]",observation,vnm-v121-b-008-obs-1421-17f638d1e54513b8,B-008_rsl_1475_ssp370_q95,VNM,2060,0.519,m,,,,,,[전망치],IPCC AR6 Sea Level Projection Tool (NASA/IPCC),https://sealevel.nasa.gov/data_tools/17,기관 이용약관,B-008_NASA 해수면 상승 전망 (SSP 1~5).xlsx,1.1_observation(측정값),1421,
B-008,"NASA 해수면 상승 전망[SSP1, SSP2, SSP3, SSP4, SSP5]",observation,vnm-v121-b-008-obs-1422-5ac9fc5c47ae9376,B-008_rsl_1475_ssp370_q95,VNM,2070,0.667,m,,,,,,[전망치],IPCC AR6 Sea Level Projection Tool (NASA/IPCC),https://sealevel.nasa.gov/data_tools/17,기관 이용약관,B-008_NASA 해수면 상승 전망 (SSP 1~5).xlsx,1.1_observation(측정값),1422,
B-008,"NASA 해수면 상승 전망[SSP1, SSP2, SSP3, SSP4, SSP5]",observation,vnm-v121-b-008-obs-1423-f5155d799bab9715,B-008_rsl_1475_ssp370_q95,VNM,2080,0.838,m,,,,,,[전망치],IPCC AR6 Sea Level Projection Tool (NASA/IPCC),https://sealevel.nasa.gov/data_tools/17,기관 이용약관,B-008_NASA 해수면 상승 전망 (SSP 1~5).xlsx,1.1_observation(측정값),1423,
B-008,"NASA 해수면 상승 전망[SSP1, SSP2, SSP3, SSP4, SSP5]",observation,vnm-v121-b-008-obs-1424-cdf0263311a40d9f,B-008_rsl_1475_ssp370_q95,VNM,2090,1.029,m,,,,,,[전망치],IPCC AR6 Sea Level Projection Tool (NASA/IPCC),https://sealevel.nasa.gov/data_tools/17,기관 이용약관,B-008_NASA 해수면 상승 전망 (SSP 1~5).xlsx,1.1_observation(측정값),1424,
B-008,"NASA 해수면 상승 전망[SSP1, SSP2, SSP3, SSP4, SSP5]",observation,vnm-v121-b-008-obs-1425-6eeff5fa32ef0bea,B-008_rsl_1475_ssp370_q95,VNM,2100,1.25,m,,,,,,[전망치],IPCC AR6 Sea Level Projection Tool (NASA/IPCC),https://sealevel.nasa.gov/data_tools/17,기관 이용약관,B-008_NASA 해수면 상승 전망 (SSP 1~5).xlsx,1.1_observation(측정값),1425,
B-008,"NASA 해수면 상승 전망[SSP1, SSP2, SSP3, SSP4, SSP5]",observation,vnm-v121-b-008-obs-1426-846efd329b5a433f,B-008_rsl_1475_ssp585_q5,VNM,2020,0.01,m,,,,,,[전망치],IPCC AR6 Sea Level Projection Tool (NASA/IPCC),https://sealevel.nasa.gov/data_tools/17,기관 이용약관,B-008_NASA 해수면 상승 전망 (SSP 1~5).xlsx,1.1_observation(측정값),1426,
B-008,"NASA 해수면 상승 전망[SSP1, SSP2, SSP3, SSP4, SSP5]",observation,vnm-v121-b-008-obs-1427-888efdcb08980857,B-008_rsl_1475_ssp585_q5,VNM,2030,0.046,m,,,,,,[전망치],IPCC AR6 Sea Level Projection Tool (NASA/IPCC),https://sealevel.nasa.gov/data_tools/17,기관 이용약관,B-008_NASA 해수면 상승 전망 (SSP 1~5).xlsx,1.1_observation(측정값),1427,
B-008,"NASA 해수면 상승 전망[SSP1, SSP2, SSP3, SSP4, SSP5]",observation,vnm-v121-b-008-obs-1428-5a02816be6192b9e,B-008_rsl_1475_ssp585_q5,VNM,2040,0.084,m,,,,,,[전망치],IPCC AR6 Sea Level Projection Tool (NASA/IPCC),https://sealevel.nasa.gov/data_tools/17,기관 이용약관,B-008_NASA 해수면 상승 전망 (SSP 1~5).xlsx,1.1_observation(측정값),1428,
B-008,"NASA 해수면 상승 전망[SSP1, SSP2, SSP3, SSP4, SSP5]",observation,vnm-v121-b-008-obs-1429-59bbad6afa98931c,B-008_rsl_1475_ssp585_q5,VNM,2050,0.14,m,,,,,,[전망치],IPCC AR6 Sea Level Projection Tool (NASA/IPCC),https://sealevel.nasa.gov/data_tools/17,기관 이용약관,B-008_NASA 해수면 상승 전망 (SSP 1~5).xlsx,1.1_observation(측정값),1429,
B-008,"NASA 해수면 상승 전망[SSP1, SSP2, SSP3, SSP4, SSP5]",observation,vnm-v121-b-008-obs-1430-f21b1203a163e028,B-008_rsl_1475_ssp585_q5,VNM,2060,0.193,m,,,,,,[전망치],IPCC AR6 Sea Level Projection Tool (NASA/IPCC),https://sealevel.nasa.gov/data_tools/17,기관 이용약관,B-008_NASA 해수면 상승 전망 (SSP 1~5).xlsx,1.1_observation(측정값),1430,
B-008,"NASA 해수면 상승 전망[SSP1, SSP2, SSP3, SSP4, SSP5]",observation,vnm-v121-b-008-obs-1431-22d9635fc84606bf,B-008_rsl_1475_ssp585_q5,VNM,2070,0.264,m,,,,,,[전망치],IPCC AR6 Sea Level Projection Tool (NASA/IPCC),https://sealevel.nasa.gov/data_tools/17,기관 이용약관,B-008_NASA 해수면 상승 전망 (SSP 1~5).xlsx,1.1_observation(측정값),1431,
B-008,"NASA 해수면 상승 전망[SSP1, SSP2, SSP3, SSP4, SSP5]",observation,vnm-v121-b-008-obs-1432-5259bb57bd63af69,B-008_rsl_1475_ssp585_q5,VNM,2080,0.339,m,,,,,,[전망치],IPCC AR6 Sea Level Projection Tool (NASA/IPCC),https://sealevel.nasa.gov/data_tools/17,기관 이용약관,B-008_NASA 해수면 상승 전망 (SSP 1~5).xlsx,1.1_observation(측정값),1432,
B-008,"NASA 해수면 상승 전망[SSP1, SSP2, SSP3, SSP4, SSP5]",observation,vnm-v121-b-008-obs-1433-76759bf4631059cf,B-008_rsl_1475_ssp585_q5,VNM,2090,0.429,m,,,,,,[전망치],IPCC AR6 Sea Level Projection Tool (NASA/IPCC),https://sealevel.nasa.gov/data_tools/17,기관 이용약관,B-008_NASA 해수면 상승 전망 (SSP 1~5).xlsx,1.1_observation(측정값),1433,
B-008,"NASA 해수면 상승 전망[SSP1, SSP2, SSP3, SSP4, SSP5]",observation,vnm-v121-b-008-obs-1434-76ac80b8e6f517aa,B-008_rsl_1475_ssp585_q5,VNM,2100,0.527,m,,,,,,[전망치],IPCC AR6 Sea Level Projection Tool (NASA/IPCC),https://sealevel.nasa.gov/data_tools/17,기관 이용약관,B-008_NASA 해수면 상승 전망 (SSP 1~5).xlsx,1.1_observation(측정값),1434,
B-008,"NASA 해수면 상승 전망[SSP1, SSP2, SSP3, SSP4, SSP5]",observation,vnm-v121-b-008-obs-1435-0b81697a26b41118,B-008_rsl_1475_ssp585_q95,VNM,2020,0.11,m,,,,,,[전망치],IPCC AR6 Sea Level Projection Tool (NASA/IPCC),https://sealevel.nasa.gov/data_tools/17,기관 이용약관,B-008_NASA 해수면 상승 전망 (SSP 1~5).xlsx,1.1_observation(측정값),1435,
B-008,"NASA 해수면 상승 전망[SSP1, SSP2, SSP3, SSP4, SSP5]",observation,vnm-v121-b-008-obs-1436-3d2bc95d868efc4e,B-008_rsl_1475_ssp585_q95,VNM,2030,0.195,m,,,,,,[전망치],IPCC AR6 Sea Level Projection Tool (NASA/IPCC),https://sealevel.nasa.gov/data_tools/17,기관 이용약관,B-008_NASA 해수면 상승 전망 (SSP 1~5).xlsx,1.1_observation(측정값),1436,
B-008,"NASA 해수면 상승 전망[SSP1, SSP2, SSP3, SSP4, SSP5]",observation,vnm-v121-b-008-obs-1437-83c6ef59db2b33fa,B-008_rsl_1475_ssp585_q95,VNM,2040,0.303,m,,,,,,[전망치],IPCC AR6 Sea Level Projection Tool (NASA/IPCC),https://sealevel.nasa.gov/data_tools/17,기관 이용약관,B-008_NASA 해수면 상승 전망 (SSP 1~5).xlsx,1.1_observation(측정값),1437,
B-008,"NASA 해수면 상승 전망[SSP1, SSP2, SSP3, SSP4, SSP5]",observation,vnm-v121-b-008-obs-1438-f3c4b250a808731b,B-008_rsl_1475_ssp585_q95,VNM,2050,0.426,m,,,,,,[전망치],IPCC AR6 Sea Level Projection Tool (NASA/IPCC),https://sealevel.nasa.gov/data_tools/17,기관 이용약관,B-008_NASA 해수면 상승 전망 (SSP 1~5).xlsx,1.1_observation(측정값),1438,
B-008,"NASA 해수면 상승 전망[SSP1, SSP2, SSP3, SSP4, SSP5]",observation,vnm-v121-b-008-obs-1439-1b061ad90a21bec8,B-008_rsl_1475_ssp585_q95,VNM,2060,0.564,m,,,,,,[전망치],IPCC AR6 Sea Level Projection Tool (NASA/IPCC),https://sealevel.nasa.gov/data_tools/17,기관 이용약관,B-008_NASA 해수면 상승 전망 (SSP 1~5).xlsx,1.1_observation(측정값),1439,
B-008,"NASA 해수면 상승 전망[SSP1, SSP2, SSP3, SSP4, SSP5]",observation,vnm-v121-b-008-obs-1440-af730e938cb84013,B-008_rsl_1475_ssp585_q95,VNM,2070,0.733,m,,,,,,[전망치],IPCC AR6 Sea Level Projection Tool (NASA/IPCC),https://sealevel.nasa.gov/data_tools/17,기관 이용약관,B-008_NASA 해수면 상승 전망 (SSP 1~5).xlsx,1.1_observation(측정값),1440,
B-008,"NASA 해수면 상승 전망[SSP1, SSP2, SSP3, SSP4, SSP5]",observation,vnm-v121-b-008-obs-1441-a7a3bb5ac3778541,B-008_rsl_1475_ssp585_q95,VNM,2080,0.929,m,,,,,,[전망치],IPCC AR6 Sea Level Projection Tool (NASA/IPCC),https://sealevel.nasa.gov/data_tools/17,기관 이용약관,B-008_NASA 해수면 상승 전망 (SSP 1~5).xlsx,1.1_observation(측정값),1441,
B-008,"NASA 해수면 상승 전망[SSP1, SSP2, SSP3, SSP4, SSP5]",observation,vnm-v121-b-008-obs-1442-979eaf4f7ddd93c9,B-008_rsl_1475_ssp585_q95,VNM,2090,1.149,m,,,,,,[전망치],IPCC AR6 Sea Level Projection Tool (NASA/IPCC),https://sealevel.nasa.gov/data_tools/17,기관 이용약관,B-008_NASA 해수면 상승 전망 (SSP 1~5).xlsx,1.1_observation(측정값),1442,
B-008,"NASA 해수면 상승 전망[SSP1, SSP2, SSP3, SSP4, SSP5]",observation,vnm-v121-b-008-obs-1443-9f66201772afcb52,B-008_rsl_1475_ssp585_q95,VNM,2100,1.408,m,,,,,,[전망치],IPCC AR6 Sea Level Projection Tool (NASA/IPCC),https://sealevel.nasa.gov/data_tools/17,기관 이용약관,B-008_NASA 해수면 상승 전망 (SSP 1~5).xlsx,1.1_observation(측정값),1443,
B-008,"NASA 해수면 상승 전망[SSP1, SSP2, SSP3, SSP4, SSP5]",observation,vnm-v121-b-008-obs-1444-9a83e83119096470,B-008_rsl_low_1475_ssp126_q5,VNM,2020,-0.004,m,,,,,,[전망치],IPCC AR6 Sea Level Projection Tool (NASA/IPCC),https://sealevel.nasa.gov/data_tools/17,기관 이용약관,B-008_NASA 해수면 상승 전망 (SSP 1~5).xlsx,1.1_observation(측정값),1444,
B-008,"NASA 해수면 상승 전망[SSP1, SSP2, SSP3, SSP4, SSP5]",observation,vnm-v121-b-008-obs-1445-df303fddc5162e83,B-008_rsl_low_1475_ssp126_q5,VNM,2030,0.029,m,,,,,,[전망치],IPCC AR6 Sea Level Projection Tool (NASA/IPCC),https://sealevel.nasa.gov/data_tools/17,기관 이용약관,B-008_NASA 해수면 상승 전망 (SSP 1~5).xlsx,1.1_observation(측정값),1445,
B-008,"NASA 해수면 상승 전망[SSP1, SSP2, SSP3, SSP4, SSP5]",observation,vnm-v121-b-008-obs-1446-aa440f7a67ec4751,B-008_rsl_low_1475_ssp126_q5,VNM,2040,0.064,m,,,,,,[전망치],IPCC AR6 Sea Level Projection Tool (NASA/IPCC),https://sealevel.nasa.gov/data_tools/17,기관 이용약관,B-008_NASA 해수면 상승 전망 (SSP 1~5).xlsx,1.1_observation(측정값),1446,
B-008,"NASA 해수면 상승 전망[SSP1, SSP2, SSP3, SSP4, SSP5]",observation,vnm-v121-b-008-obs-1447-7862f1339dbf6b43,B-008_rsl_low_1475_ssp126_q5,VNM,2050,0.105,m,,,,,,[전망치],IPCC AR6 Sea Level Projection Tool (NASA/IPCC),https://sealevel.nasa.gov/data_tools/17,기관 이용약관,B-008_NASA 해수면 상승 전망 (SSP 1~5).xlsx,1.1_observation(측정값),1447,
B-008,"NASA 해수면 상승 전망[SSP1, SSP2, SSP3, SSP4, SSP5]",observation,vnm-v121-b-008-obs-1448-65235c9e4d5eb2ad,B-008_rsl_low_1475_ssp126_q5,VNM,2060,0.132,m,,,,,,[전망치],IPCC AR6 Sea Level Projection Tool (NASA/IPCC),https://sealevel.nasa.gov/data_tools/17,기관 이용약관,B-008_NASA 해수면 상승 전망 (SSP 1~5).xlsx,1.1_observation(측정값),1448,
B-008,"NASA 해수면 상승 전망[SSP1, SSP2, SSP3, SSP4, SSP5]",observation,vnm-v121-b-008-obs-1449-3e3bcf6048904614,B-008_rsl_low_1475_ssp126_q5,VNM,2070,0.169,m,,,,,,[전망치],IPCC AR6 Sea Level Projection Tool (NASA/IPCC),https://sealevel.nasa.gov/data_tools/17,기관 이용약관,B-008_NASA 해수면 상승 전망 (SSP 1~5).xlsx,1.1_observation(측정값),1449,
B-008,"NASA 해수면 상승 전망[SSP1, SSP2, SSP3, SSP4, SSP5]",observation,vnm-v121-b-008-obs-1450-b9b73710f19fd21a,B-008_rsl_low_1475_ssp126_q5,VNM,2080,0.191,m,,,,,,[전망치],IPCC AR6 Sea Level Projection Tool (NASA/IPCC),https://sealevel.nasa.gov/data_tools/17,기관 이용약관,B-008_NASA 해수면 상승 전망 (SSP 1~5).xlsx,1.1_observation(측정값),1450,
B-008,"NASA 해수면 상승 전망[SSP1, SSP2, SSP3, SSP4, SSP5]",observation,vnm-v121-b-008-obs-1451-2cdeec69dbf5967e,B-008_rsl_low_1475_ssp126_q5,VNM,2090,0.215,m,,,,,,[전망치],IPCC AR6 Sea Level Projection Tool (NASA/IPCC),https://sealevel.nasa.gov/data_tools/17,기관 이용약관,B-008_NASA 해수면 상승 전망 (SSP 1~5).xlsx,1.1_observation(측정값),1451,
B-008,"NASA 해수면 상승 전망[SSP1, SSP2, SSP3, SSP4, SSP5]",observation,vnm-v121-b-008-obs-1452-1987d1dc0791013b,B-008_rsl_low_1475_ssp126_q5,VNM,2100,0.201,m,,,,,,[전망치],IPCC AR6 Sea Level Projection Tool (NASA/IPCC),https://sealevel.nasa.gov/data_tools/17,기관 이용약관,B-008_NASA 해수면 상승 전망 (SSP 1~5).xlsx,1.1_observation(측정값),1452,
B-008,"NASA 해수면 상승 전망[SSP1, SSP2, SSP3, SSP4, SSP5]",observation,vnm-v121-b-008-obs-1453-2909a7fc3f7f79e1,B-008_rsl_low_1475_ssp126_q17,VNM,2020,0.023,m,,,,,,[전망치],IPCC AR6 Sea Level Projection Tool (NASA/IPCC),https://sealevel.nasa.gov/data_tools/17,기관 이용약관,B-008_NASA 해수면 상승 전망 (SSP 1~5).xlsx,1.1_observation(측정값),1453,
B-008,"NASA 해수면 상승 전망[SSP1, SSP2, SSP3, SSP4, SSP5]",observation,vnm-v121-b-008-obs-1454-6c652a2f0d93ab86,B-008_rsl_low_1475_ssp126_q17,VNM,2030,0.061,m,,,,,,[전망치],IPCC AR6 Sea Level Projection Tool (NASA/IPCC),https://sealevel.nasa.gov/data_tools/17,기관 이용약관,B-008_NASA 해수면 상승 전망 (SSP 1~5).xlsx,1.1_observation(측정값),1454,
B-008,"NASA 해수면 상승 전망[SSP1, SSP2, SSP3, SSP4, SSP5]",observation,vnm-v121-b-008-obs-1455-ff6d372f0e7a6f78,B-008_rsl_low_1475_ssp126_q17,VNM,2040,0.101,m,,,,,,[전망치],IPCC AR6 Sea Level Projection Tool (NASA/IPCC),https://sealevel.nasa.gov/data_tools/17,기관 이용약관,B-008_NASA 해수면 상승 전망 (SSP 1~5).xlsx,1.1_observation(측정값),1455,
B-008,"NASA 해수면 상승 전망[SSP1, SSP2, SSP3, SSP4, SSP5]",observation,vnm-v121-b-008-obs-1456-7a56bf6825e5526f,B-008_rsl_low_1475_ssp126_q17,VNM,2050,0.149,m,,,,,,[전망치],IPCC AR6 Sea Level Projection Tool (NASA/IPCC),https://sealevel.nasa.gov/data_tools/17,기관 이용약관,B-008_NASA 해수면 상승 전망 (SSP 1~5).xlsx,1.1_observation(측정값),1456,
B-008,"NASA 해수면 상승 전망[SSP1, SSP2, SSP3, SSP4, SSP5]",observation,vnm-v121-b-008-obs-1457-955af7224a8f4dad,B-008_rsl_low_1475_ssp126_q17,VNM,2060,0.185,m,,,,,,[전망치],IPCC AR6 Sea Level Projection Tool (NASA/IPCC),https://sealevel.nasa.gov/data_tools/17,기관 이용약관,B-008_NASA 해수면 상승 전망 (SSP 1~5).xlsx,1.1_observation(측정값),1457,
B-008,"NASA 해수면 상승 전망[SSP1, SSP2, SSP3, SSP4, SSP5]",observation,vnm-v121-b-008-obs-1458-468f245fe541252f,B-008_rsl_low_1475_ssp126_q17,VNM,2070,0.232,m,,,,,,[전망치],IPCC AR6 Sea Level Projection Tool (NASA/IPCC),https://sealevel.nasa.gov/data_tools/17,기관 이용약관,B-008_NASA 해수면 상승 전망 (SSP 1~5).xlsx,1.1_observation(측정값),1458,
B-008,"NASA 해수면 상승 전망[SSP1, SSP2, SSP3, SSP4, SSP5]",observation,vnm-v121-b-008-obs-1459-91be722c48c98b35,B-008_rsl_low_1475_ssp126_q17,VNM,2080,0.267,m,,,,,,[전망치],IPCC AR6 Sea Level Projection Tool (NASA/IPCC),https://sealevel.nasa.gov/data_tools/17,기관 이용약관,B-008_NASA 해수면 상승 전망 (SSP 1~5).xlsx,1.1_observation(측정값),1459,
B-008,"NASA 해수면 상승 전망[SSP1, SSP2, SSP3, SSP4, SSP5]",observation,vnm-v121-b-008-obs-1460-0562b385959bf727,B-008_rsl_low_1475_ssp126_q17,VNM,2090,0.302,m,,,,,,[전망치],IPCC AR6 Sea Level Projection Tool (NASA/IPCC),https://sealevel.nasa.gov/data_tools/17,기관 이용약관,B-008_NASA 해수면 상승 전망 (SSP 1~5).xlsx,1.1_observation(측정값),1460,
B-008,"NASA 해수면 상승 전망[SSP1, SSP2, SSP3, SSP4, SSP5]",observation,vnm-v121-b-008-obs-1461-bbe65f1de034e12d,B-008_rsl_low_1475_ssp126_q17,VNM,2100,0.315,m,,,,,,[전망치],IPCC AR6 Sea Level Projection Tool (NASA/IPCC),https://sealevel.nasa.gov/data_tools/17,기관 이용약관,B-008_NASA 해수면 상승 전망 (SSP 1~5).xlsx,1.1_observation(측정값),1461,
B-008,"NASA 해수면 상승 전망[SSP1, SSP2, SSP3, SSP4, SSP5]",observation,vnm-v121-b-008-obs-1462-54f3ee849a0ab9c2,B-008_rsl_low_1475_ssp126_q50,VNM,2020,0.062,m,,,,,,[전망치],IPCC AR6 Sea Level Projection Tool (NASA/IPCC),https://sealevel.nasa.gov/data_tools/17,기관 이용약관,B-008_NASA 해수면 상승 전망 (SSP 1~5).xlsx,1.1_observation(측정값),1462,
B-008,"NASA 해수면 상승 전망[SSP1, SSP2, SSP3, SSP4, SSP5]",observation,vnm-v121-b-008-obs-1463-be00e7a0508af242,B-008_rsl_low_1475_ssp126_q50,VNM,2030,0.112,m,,,,,,[전망치],IPCC AR6 Sea Level Projection Tool (NASA/IPCC),https://sealevel.nasa.gov/data_tools/17,기관 이용약관,B-008_NASA 해수면 상승 전망 (SSP 1~5).xlsx,1.1_observation(측정값),1463,
B-008,"NASA 해수면 상승 전망[SSP1, SSP2, SSP3, SSP4, SSP5]",observation,vnm-v121-b-008-obs-1464-be85057cb5d46544,B-008_rsl_low_1475_ssp126_q50,VNM,2040,0.165,m,,,,,,[전망치],IPCC AR6 Sea Level Projection Tool (NASA/IPCC),https://sealevel.nasa.gov/data_tools/17,기관 이용약관,B-008_NASA 해수면 상승 전망 (SSP 1~5).xlsx,1.1_observation(측정값),1464,
B-008,"NASA 해수면 상승 전망[SSP1, SSP2, SSP3, SSP4, SSP5]",observation,vnm-v121-b-008-obs-1465-d51491f5e2701069,B-008_rsl_low_1475_ssp126_q50,VNM,2050,0.228,m,,,,,,[전망치],IPCC AR6 Sea Level Projection Tool (NASA/IPCC),https://sealevel.nasa.gov/data_tools/17,기관 이용약관,B-008_NASA 해수면 상승 전망 (SSP 1~5).xlsx,1.1_observation(측정값),1465,
B-008,"NASA 해수면 상승 전망[SSP1, SSP2, SSP3, SSP4, SSP5]",observation,vnm-v121-b-008-obs-1466-7e720c24ae09295f,B-008_rsl_low_1475_ssp126_q50,VNM,2060,0.284,m,,,,,,[전망치],IPCC AR6 Sea Level Projection Tool (NASA/IPCC),https://sealevel.nasa.gov/data_tools/17,기관 이용약관,B-008_NASA 해수면 상승 전망 (SSP 1~5).xlsx,1.1_observation(측정값),1466,
B-008,"NASA 해수면 상승 전망[SSP1, SSP2, SSP3, SSP4, SSP5]",observation,vnm-v121-b-008-obs-1467-1726046d2ce4cedf,B-008_rsl_low_1475_ssp126_q50,VNM,2070,0.351,m,,,,,,[전망치],IPCC AR6 Sea Level Projection Tool (NASA/IPCC),https://sealevel.nasa.gov/data_tools/17,기관 이용약관,B-008_NASA 해수면 상승 전망 (SSP 1~5).xlsx,1.1_observation(측정값),1467,
B-008,"NASA 해수면 상승 전망[SSP1, SSP2, SSP3, SSP4, SSP5]",observation,vnm-v121-b-008-obs-1468-359d97e396467825,B-008_rsl_low_1475_ssp126_q50,VNM,2080,0.41,m,,,,,,[전망치],IPCC AR6 Sea Level Projection Tool (NASA/IPCC),https://sealevel.nasa.gov/data_tools/17,기관 이용약관,B-008_NASA 해수면 상승 전망 (SSP 1~5).xlsx,1.1_observation(측정값),1468,
B-008,"NASA 해수면 상승 전망[SSP1, SSP2, SSP3, SSP4, SSP5]",observation,vnm-v121-b-008-obs-1469-6dcbe076067a0cda,B-008_rsl_low_1475_ssp126_q50,VNM,2090,0.469,m,,,,,,[전망치],IPCC AR6 Sea Level Projection Tool (NASA/IPCC),https://sealevel.nasa.gov/data_tools/17,기관 이용약관,B-008_NASA 해수면 상승 전망 (SSP 1~5).xlsx,1.1_observation(측정값),1469,
B-008,"NASA 해수면 상승 전망[SSP1, SSP2, SSP3, SSP4, SSP5]",observation,vnm-v121-b-008-obs-1470-291097b9cc1d4a17,B-008_rsl_low_1475_ssp126_q50,VNM,2100,0.524,m,,,,,,[전망치],IPCC AR6 Sea Level Projection Tool (NASA/IPCC),https://sealevel.nasa.gov/data_tools/17,기관 이용약관,B-008_NASA 해수면 상승 전망 (SSP 1~5).xlsx,1.1_observation(측정값),1470,
B-008,"NASA 해수면 상승 전망[SSP1, SSP2, SSP3, SSP4, SSP5]",observation,vnm-v121-b-008-obs-1471-6603dc62dcf7045c,B-008_rsl_low_1475_ssp126_q83,VNM,2020,0.107,m,,,,,,[전망치],IPCC AR6 Sea Level Projection Tool (NASA/IPCC),https://sealevel.nasa.gov/data_tools/17,기관 이용약관,B-008_NASA 해수면 상승 전망 (SSP 1~5).xlsx,1.1_observation(측정값),1471,
B-008,"NASA 해수면 상승 전망[SSP1, SSP2, SSP3, SSP4, SSP5]",observation,vnm-v121-b-008-obs-1472-86516f8c99579df3,B-008_rsl_low_1475_ssp126_q83,VNM,2030,0.179,m,,,,,,[전망치],IPCC AR6 Sea Level Projection Tool (NASA/IPCC),https://sealevel.nasa.gov/data_tools/17,기관 이용약관,B-008_NASA 해수면 상승 전망 (SSP 1~5).xlsx,1.1_observation(측정값),1472,
B-008,"NASA 해수면 상승 전망[SSP1, SSP2, SSP3, SSP4, SSP5]",observation,vnm-v121-b-008-obs-1473-563674aa134634ea,B-008_rsl_low_1475_ssp126_q83,VNM,2040,0.268,m,,,,,,[전망치],IPCC AR6 Sea Level Projection Tool (NASA/IPCC),https://sealevel.nasa.gov/data_tools/17,기관 이용약관,B-008_NASA 해수면 상승 전망 (SSP 1~5).xlsx,1.1_observation(측정값),1473,
B-008,"NASA 해수면 상승 전망[SSP1, SSP2, SSP3, SSP4, SSP5]",observation,vnm-v121-b-008-obs-1474-1171f24ffdee6cc3,B-008_rsl_low_1475_ssp126_q83,VNM,2050,0.368,m,,,,,,[전망치],IPCC AR6 Sea Level Projection Tool (NASA/IPCC),https://sealevel.nasa.gov/data_tools/17,기관 이용약관,B-008_NASA 해수면 상승 전망 (SSP 1~5).xlsx,1.1_observation(측정값),1474,
B-008,"NASA 해수면 상승 전망[SSP1, SSP2, SSP3, SSP4, SSP5]",observation,vnm-v121-b-008-obs-1475-e92e74357354aa8b,B-008_rsl_low_1475_ssp126_q83,VNM,2060,0.469,m,,,,,,[전망치],IPCC AR6 Sea Level Projection Tool (NASA/IPCC),https://sealevel.nasa.gov/data_tools/17,기관 이용약관,B-008_NASA 해수면 상승 전망 (SSP 1~5).xlsx,1.1_observation(측정값),1475,
B-008,"NASA 해수면 상승 전망[SSP1, SSP2, SSP3, SSP4, SSP5]",observation,vnm-v121-b-008-obs-1476-dd6262fedb17dbf6,B-008_rsl_low_1475_ssp126_q83,VNM,2070,0.575,m,,,,,,[전망치],IPCC AR6 Sea Level Projection Tool (NASA/IPCC),https://sealevel.nasa.gov/data_tools/17,기관 이용약관,B-008_NASA 해수면 상승 전망 (SSP 1~5).xlsx,1.1_observation(측정값),1476,
B-008,"NASA 해수면 상승 전망[SSP1, SSP2, SSP3, SSP4, SSP5]",observation,vnm-v121-b-008-obs-1477-efe91d5f393cbf77,B-008_rsl_low_1475_ssp126_q83,VNM,2080,0.683,m,,,,,,[전망치],IPCC AR6 Sea Level Projection Tool (NASA/IPCC),https://sealevel.nasa.gov/data_tools/17,기관 이용약관,B-008_NASA 해수면 상승 전망 (SSP 1~5).xlsx,1.1_observation(측정값),1477,
B-008,"NASA 해수면 상승 전망[SSP1, SSP2, SSP3, SSP4, SSP5]",observation,vnm-v121-b-008-obs-1478-220582997b1ca4e9,B-008_rsl_low_1475_ssp126_q83,VNM,2090,0.794,m,,,,,,[전망치],IPCC AR6 Sea Level Projection Tool (NASA/IPCC),https://sealevel.nasa.gov/data_tools/17,기관 이용약관,B-008_NASA 해수면 상승 전망 (SSP 1~5).xlsx,1.1_observation(측정값),1478,
B-008,"NASA 해수면 상승 전망[SSP1, SSP2, SSP3, SSP4, SSP5]",observation,vnm-v121-b-008-obs-1479-0f0b144e98b56fb3,B-008_rsl_low_1475_ssp126_q83,VNM,2100,0.919,m,,,,,,[전망치],IPCC AR6 Sea Level Projection Tool (NASA/IPCC),https://sealevel.nasa.gov/data_tools/17,기관 이용약관,B-008_NASA 해수면 상승 전망 (SSP 1~5).xlsx,1.1_observation(측정값),1479,
B-008,"NASA 해수면 상승 전망[SSP1, SSP2, SSP3, SSP4, SSP5]",observation,vnm-v121-b-008-obs-1480-63b4d1d311193290,B-008_rsl_low_1475_ssp126_q95,VNM,2020,0.134,m,,,,,,[전망치],IPCC AR6 Sea Level Projection Tool (NASA/IPCC),https://sealevel.nasa.gov/data_tools/17,기관 이용약관,B-008_NASA 해수면 상승 전망 (SSP 1~5).xlsx,1.1_observation(측정값),1480,
B-008,"NASA 해수면 상승 전망[SSP1, SSP2, SSP3, SSP4, SSP5]",observation,vnm-v121-b-008-obs-1481-0bca092699fa8d42,B-008_rsl_low_1475_ssp126_q95,VNM,2030,0.22,m,,,,,,[전망치],IPCC AR6 Sea Level Projection Tool (NASA/IPCC),https://sealevel.nasa.gov/data_tools/17,기관 이용약관,B-008_NASA 해수면 상승 전망 (SSP 1~5).xlsx,1.1_observation(측정값),1481,
B-008,"NASA 해수면 상승 전망[SSP1, SSP2, SSP3, SSP4, SSP5]",observation,vnm-v121-b-008-obs-1482-9ac911ed5078cfb8,B-008_rsl_low_1475_ssp126_q95,VNM,2040,0.337,m,,,,,,[전망치],IPCC AR6 Sea Level Projection Tool (NASA/IPCC),https://sealevel.nasa.gov/data_tools/17,기관 이용약관,B-008_NASA 해수면 상승 전망 (SSP 1~5).xlsx,1.1_observation(측정값),1482,
B-008,"NASA 해수면 상승 전망[SSP1, SSP2, SSP3, SSP4, SSP5]",observation,vnm-v121-b-008-obs-1483-4bb68909e71477bc,B-008_rsl_low_1475_ssp126_q95,VNM,2050,0.468,m,,,,,,[전망치],IPCC AR6 Sea Level Projection Tool (NASA/IPCC),https://sealevel.nasa.gov/data_tools/17,기관 이용약관,B-008_NASA 해수면 상승 전망 (SSP 1~5).xlsx,1.1_observation(측정값),1483,
B-008,"NASA 해수면 상승 전망[SSP1, SSP2, SSP3, SSP4, SSP5]",observation,vnm-v121-b-008-obs-1484-57fb45a4a30f0991,B-008_rsl_low_1475_ssp126_q95,VNM,2060,0.595,m,,,,,,[전망치],IPCC AR6 Sea Level Projection Tool (NASA/IPCC),https://sealevel.nasa.gov/data_tools/17,기관 이용약관,B-008_NASA 해수면 상승 전망 (SSP 1~5).xlsx,1.1_observation(측정값),1484,
B-008,"NASA 해수면 상승 전망[SSP1, SSP2, SSP3, SSP4, SSP5]",observation,vnm-v121-b-008-obs-1485-579aee8d5850b508,B-008_rsl_low_1475_ssp126_q95,VNM,2070,0.737,m,,,,,,[전망치],IPCC AR6 Sea Level Projection Tool (NASA/IPCC),https://sealevel.nasa.gov/data_tools/17,기관 이용약관,B-008_NASA 해수면 상승 전망 (SSP 1~5).xlsx,1.1_observation(측정값),1485,
B-008,"NASA 해수면 상승 전망[SSP1, SSP2, SSP3, SSP4, SSP5]",observation,vnm-v121-b-008-obs-1486-7febe7816ed8138b,B-008_rsl_low_1475_ssp126_q95,VNM,2080,0.892,m,,,,,,[전망치],IPCC AR6 Sea Level Projection Tool (NASA/IPCC),https://sealevel.nasa.gov/data_tools/17,기관 이용약관,B-008_NASA 해수면 상승 전망 (SSP 1~5).xlsx,1.1_observation(측정값),1486,
B-008,"NASA 해수면 상승 전망[SSP1, SSP2, SSP3, SSP4, SSP5]",observation,vnm-v121-b-008-obs-1487-7c2cc6c608cff5f9,B-008_rsl_low_1475_ssp126_q95,VNM,2090,1.061,m,,,,,,[전망치],IPCC AR6 Sea Level Projection Tool (NASA/IPCC),https://sealevel.nasa.gov/data_tools/17,기관 이용약관,B-008_NASA 해수면 상승 전망 (SSP 1~5).xlsx,1.1_observation(측정값),1487,
B-008,"NASA 해수면 상승 전망[SSP1, SSP2, SSP3, SSP4, SSP5]",observation,vnm-v121-b-008-obs-1488-f1afb460172cf3cd,B-008_rsl_low_1475_ssp126_q95,VNM,2100,1.242,m,,,,,,[전망치],IPCC AR6 Sea Level Projection Tool (NASA/IPCC),https://sealevel.nasa.gov/data_tools/17,기관 이용약관,B-008_NASA 해수면 상승 전망 (SSP 1~5).xlsx,1.1_observation(측정값),1488,
B-008,"NASA 해수면 상승 전망[SSP1, SSP2, SSP3, SSP4, SSP5]",observation,vnm-v121-b-008-obs-1489-7c557c98d334697f,B-008_rsl_low_1475_ssp585_q5,VNM,2020,0.01,m,,,,,,[전망치],IPCC AR6 Sea Level Projection Tool (NASA/IPCC),https://sealevel.nasa.gov/data_tools/17,기관 이용약관,B-008_NASA 해수면 상승 전망 (SSP 1~5).xlsx,1.1_observation(측정값),1489,
B-008,"NASA 해수면 상승 전망[SSP1, SSP2, SSP3, SSP4, SSP5]",observation,vnm-v121-b-008-obs-1490-433aaf43c711af33,B-008_rsl_low_1475_ssp585_q5,VNM,2030,0.044,m,,,,,,[전망치],IPCC AR6 Sea Level Projection Tool (NASA/IPCC),https://sealevel.nasa.gov/data_tools/17,기관 이용약관,B-008_NASA 해수면 상승 전망 (SSP 1~5).xlsx,1.1_observation(측정값),1490,
B-008,"NASA 해수면 상승 전망[SSP1, SSP2, SSP3, SSP4, SSP5]",observation,vnm-v121-b-008-obs-1491-5e8f2ea8574fe3cd,B-008_rsl_low_1475_ssp585_q5,VNM,2040,0.081,m,,,,,,[전망치],IPCC AR6 Sea Level Projection Tool (NASA/IPCC),https://sealevel.nasa.gov/data_tools/17,기관 이용약관,B-008_NASA 해수면 상승 전망 (SSP 1~5).xlsx,1.1_observation(측정값),1491,
B-008,"NASA 해수면 상승 전망[SSP1, SSP2, SSP3, SSP4, SSP5]",observation,vnm-v121-b-008-obs-1492-c944c965c9675673,B-008_rsl_low_1475_ssp585_q5,VNM,2050,0.135,m,,,,,,[전망치],IPCC AR6 Sea Level Projection Tool (NASA/IPCC),https://sealevel.nasa.gov/data_tools/17,기관 이용약관,B-008_NASA 해수면 상승 전망 (SSP 1~5).xlsx,1.1_observation(측정값),1492,
B-008,"NASA 해수면 상승 전망[SSP1, SSP2, SSP3, SSP4, SSP5]",observation,vnm-v121-b-008-obs-1493-2bd5ddb933f72532,B-008_rsl_low_1475_ssp585_q5,VNM,2060,0.187,m,,,,,,[전망치],IPCC AR6 Sea Level Projection Tool (NASA/IPCC),https://sealevel.nasa.gov/data_tools/17,기관 이용약관,B-008_NASA 해수면 상승 전망 (SSP 1~5).xlsx,1.1_observation(측정값),1493,
B-008,"NASA 해수면 상승 전망[SSP1, SSP2, SSP3, SSP4, SSP5]",observation,vnm-v121-b-008-obs-1494-9cae238932e82579,B-008_rsl_low_1475_ssp585_q5,VNM,2070,0.264,m,,,,,,[전망치],IPCC AR6 Sea Level Projection Tool (NASA/IPCC),https://sealevel.nasa.gov/data_tools/17,기관 이용약관,B-008_NASA 해수면 상승 전망 (SSP 1~5).xlsx,1.1_observation(측정값),1494,
B-008,"NASA 해수면 상승 전망[SSP1, SSP2, SSP3, SSP4, SSP5]",observation,vnm-v121-b-008-obs-1495-8702ded3c2ce5910,B-008_rsl_low_1475_ssp585_q5,VNM,2080,0.339,m,,,,,,[전망치],IPCC AR6 Sea Level Projection Tool (NASA/IPCC),https://sealevel.nasa.gov/data_tools/17,기관 이용약관,B-008_NASA 해수면 상승 전망 (SSP 1~5).xlsx,1.1_observation(측정값),1495,
B-008,"NASA 해수면 상승 전망[SSP1, SSP2, SSP3, SSP4, SSP5]",observation,vnm-v121-b-008-obs-1496-31903965a952fd35,B-008_rsl_low_1475_ssp585_q5,VNM,2090,0.429,m,,,,,,[전망치],IPCC AR6 Sea Level Projection Tool (NASA/IPCC),https://sealevel.nasa.gov/data_tools/17,기관 이용약관,B-008_NASA 해수면 상승 전망 (SSP 1~5).xlsx,1.1_observation(측정값),1496,
B-008,"NASA 해수면 상승 전망[SSP1, SSP2, SSP3, SSP4, SSP5]",observation,vnm-v121-b-008-obs-1497-81a39d68c74d33da,B-008_rsl_low_1475_ssp585_q5,VNM,2100,0.527,m,,,,,,[전망치],IPCC AR6 Sea Level Projection Tool (NASA/IPCC),https://sealevel.nasa.gov/data_tools/17,기관 이용약관,B-008_NASA 해수면 상승 전망 (SSP 1~5).xlsx,1.1_observation(측정값),1497,
B-008,"NASA 해수면 상승 전망[SSP1, SSP2, SSP3, SSP4, SSP5]",observation,vnm-v121-b-008-obs-1498-ba7e8f05d68ed37a,B-008_rsl_low_1475_ssp585_q17,VNM,2020,0.029,m,,,,,,[전망치],IPCC AR6 Sea Level Projection Tool (NASA/IPCC),https://sealevel.nasa.gov/data_tools/17,기관 이용약관,B-008_NASA 해수면 상승 전망 (SSP 1~5).xlsx,1.1_observation(측정값),1498,
B-008,"NASA 해수면 상승 전망[SSP1, SSP2, SSP3, SSP4, SSP5]",observation,vnm-v121-b-008-obs-1499-57f87a0edce8fc35,B-008_rsl_low_1475_ssp585_q17,VNM,2030,0.071,m,,,,,,[전망치],IPCC AR6 Sea Level Projection Tool (NASA/IPCC),https://sealevel.nasa.gov/data_tools/17,기관 이용약관,B-008_NASA 해수면 상승 전망 (SSP 1~5).xlsx,1.1_observation(측정값),1499,
B-008,"NASA 해수면 상승 전망[SSP1, SSP2, SSP3, SSP4, SSP5]",observation,vnm-v121-b-008-obs-1500-a2d728c4c3712575,B-008_rsl_low_1475_ssp585_q17,VNM,2040,0.119,m,,,,,,[전망치],IPCC AR6 Sea Level Projection Tool (NASA/IPCC),https://sealevel.nasa.gov/data_tools/17,기관 이용약관,B-008_NASA 해수면 상승 전망 (SSP 1~5).xlsx,1.1_observation(측정값),1500,
B-008,"NASA 해수면 상승 전망[SSP1, SSP2, SSP3, SSP4, SSP5]",observation,vnm-v121-b-008-obs-1501-ecfa8c5e88af1ea0,B-008_rsl_low_1475_ssp585_q17,VNM,2050,0.181,m,,,,,,[전망치],IPCC AR6 Sea Level Projection Tool (NASA/IPCC),https://sealevel.nasa.gov/data_tools/17,기관 이용약관,B-008_NASA 해수면 상승 전망 (SSP 1~5).xlsx,1.1_observation(측정값),1501,
B-008,"NASA 해수면 상승 전망[SSP1, SSP2, SSP3, SSP4, SSP5]",observation,vnm-v121-b-008-obs-1502-e3244171b23e535d,B-008_rsl_low_1475_ssp585_q17,VNM,2060,0.243,m,,,,,,[전망치],IPCC AR6 Sea Level Projection Tool (NASA/IPCC),https://sealevel.nasa.gov/data_tools/17,기관 이용약관,B-008_NASA 해수면 상승 전망 (SSP 1~5).xlsx,1.1_observation(측정값),1502,
B-008,"NASA 해수면 상승 전망[SSP1, SSP2, SSP3, SSP4, SSP5]",observation,vnm-v121-b-008-obs-1503-423a23915db91850,B-008_rsl_low_1475_ssp585_q17,VNM,2070,0.33,m,,,,,,[전망치],IPCC AR6 Sea Level Projection Tool (NASA/IPCC),https://sealevel.nasa.gov/data_tools/17,기관 이용약관,B-008_NASA 해수면 상승 전망 (SSP 1~5).xlsx,1.1_observation(측정값),1503,
B-008,"NASA 해수면 상승 전망[SSP1, SSP2, SSP3, SSP4, SSP5]",observation,vnm-v121-b-008-obs-1504-dad6bf7af2a952a7,B-008_rsl_low_1475_ssp585_q17,VNM,2080,0.418,m,,,,,,[전망치],IPCC AR6 Sea Level Projection Tool (NASA/IPCC),https://sealevel.nasa.gov/data_tools/17,기관 이용약관,B-008_NASA 해수면 상승 전망 (SSP 1~5).xlsx,1.1_observation(측정값),1504,
B-008,"NASA 해수면 상승 전망[SSP1, SSP2, SSP3, SSP4, SSP5]",observation,vnm-v121-b-008-obs-1505-9821ccc16e226d97,B-008_rsl_low_1475_ssp585_q17,VNM,2090,0.524,m,,,,,,[전망치],IPCC AR6 Sea Level Projection Tool (NASA/IPCC),https://sealevel.nasa.gov/data_tools/17,기관 이용약관,B-008_NASA 해수면 상승 전망 (SSP 1~5).xlsx,1.1_observation(측정값),1505,
B-008,"NASA 해수면 상승 전망[SSP1, SSP2, SSP3, SSP4, SSP5]",observation,vnm-v121-b-008-obs-1506-9b1438f048276663,B-008_rsl_low_1475_ssp585_q17,VNM,2100,0.642,m,,,,,,[전망치],IPCC AR6 Sea Level Projection Tool (NASA/IPCC),https://sealevel.nasa.gov/data_tools/17,기관 이용약관,B-008_NASA 해수면 상승 전망 (SSP 1~5).xlsx,1.1_observation(측정값),1506,
B-008,"NASA 해수면 상승 전망[SSP1, SSP2, SSP3, SSP4, SSP5]",observation,vnm-v121-b-008-obs-1507-b1f5f7b78b293534,B-008_rsl_low_1475_ssp585_q50,VNM,2020,0.06,m,,,,,,[전망치],IPCC AR6 Sea Level Projection Tool (NASA/IPCC),https://sealevel.nasa.gov/data_tools/17,기관 이용약관,B-008_NASA 해수면 상승 전망 (SSP 1~5).xlsx,1.1_observation(측정값),1507,
B-008,"NASA 해수면 상승 전망[SSP1, SSP2, SSP3, SSP4, SSP5]",observation,vnm-v121-b-008-obs-1508-30ec8bd86c8a23f7,B-008_rsl_low_1475_ssp585_q50,VNM,2030,0.116,m,,,,,,[전망치],IPCC AR6 Sea Level Projection Tool (NASA/IPCC),https://sealevel.nasa.gov/data_tools/17,기관 이용약관,B-008_NASA 해수면 상승 전망 (SSP 1~5).xlsx,1.1_observation(측정값),1508,
B-008,"NASA 해수면 상승 전망[SSP1, SSP2, SSP3, SSP4, SSP5]",observation,vnm-v121-b-008-obs-1509-e8923a71d5e4f9ed,B-008_rsl_low_1475_ssp585_q50,VNM,2040,0.184,m,,,,,,[전망치],IPCC AR6 Sea Level Projection Tool (NASA/IPCC),https://sealevel.nasa.gov/data_tools/17,기관 이용약관,B-008_NASA 해수면 상승 전망 (SSP 1~5).xlsx,1.1_observation(측정값),1509,
B-008,"NASA 해수면 상승 전망[SSP1, SSP2, SSP3, SSP4, SSP5]",observation,vnm-v121-b-008-obs-1510-f31cfa51a3d3ff87,B-008_rsl_low_1475_ssp585_q50,VNM,2050,0.268,m,,,,,,[전망치],IPCC AR6 Sea Level Projection Tool (NASA/IPCC),https://sealevel.nasa.gov/data_tools/17,기관 이용약관,B-008_NASA 해수면 상승 전망 (SSP 1~5).xlsx,1.1_observation(측정값),1510,
B-008,"NASA 해수면 상승 전망[SSP1, SSP2, SSP3, SSP4, SSP5]",observation,vnm-v121-b-008-obs-1511-4be4bb9467e180be,B-008_rsl_low_1475_ssp585_q50,VNM,2060,0.36,m,,,,,,[전망치],IPCC AR6 Sea Level Projection Tool (NASA/IPCC),https://sealevel.nasa.gov/data_tools/17,기관 이용약관,B-008_NASA 해수면 상승 전망 (SSP 1~5).xlsx,1.1_observation(측정값),1511,
B-008,"NASA 해수면 상승 전망[SSP1, SSP2, SSP3, SSP4, SSP5]",observation,vnm-v121-b-008-obs-1512-526adad1ed175c00,B-008_rsl_low_1475_ssp585_q50,VNM,2070,0.477,m,,,,,,[전망치],IPCC AR6 Sea Level Projection Tool (NASA/IPCC),https://sealevel.nasa.gov/data_tools/17,기관 이용약관,B-008_NASA 해수면 상승 전망 (SSP 1~5).xlsx,1.1_observation(측정값),1512,
B-008,"NASA 해수면 상승 전망[SSP1, SSP2, SSP3, SSP4, SSP5]",observation,vnm-v121-b-008-obs-1513-82d2573296707841,B-008_rsl_low_1475_ssp585_q50,VNM,2080,0.614,m,,,,,,[전망치],IPCC AR6 Sea Level Projection Tool (NASA/IPCC),https://sealevel.nasa.gov/data_tools/17,기관 이용약관,B-008_NASA 해수면 상승 전망 (SSP 1~5).xlsx,1.1_observation(측정값),1513,
B-008,"NASA 해수면 상승 전망[SSP1, SSP2, SSP3, SSP4, SSP5]",observation,vnm-v121-b-008-obs-1514-422f98a97f2d48bd,B-008_rsl_low_1475_ssp585_q50,VNM,2090,0.779,m,,,,,,[전망치],IPCC AR6 Sea Level Projection Tool (NASA/IPCC),https://sealevel.nasa.gov/data_tools/17,기관 이용약관,B-008_NASA 해수면 상승 전망 (SSP 1~5).xlsx,1.1_observation(측정값),1514,
B-008,"NASA 해수면 상승 전망[SSP1, SSP2, SSP3, SSP4, SSP5]",observation,vnm-v121-b-008-obs-1515-226e4554dffc6724,B-008_rsl_low_1475_ssp585_q50,VNM,2100,0.972,m,,,,,,[전망치],IPCC AR6 Sea Level Projection Tool (NASA/IPCC),https://sealevel.nasa.gov/data_tools/17,기관 이용약관,B-008_NASA 해수면 상승 전망 (SSP 1~5).xlsx,1.1_observation(측정값),1515,
B-008,"NASA 해수면 상승 전망[SSP1, SSP2, SSP3, SSP4, SSP5]",observation,vnm-v121-b-008-obs-1516-0efee3da51958fff,B-008_rsl_low_1475_ssp585_q83,VNM,2020,0.097,m,,,,,,[전망치],IPCC AR6 Sea Level Projection Tool (NASA/IPCC),https://sealevel.nasa.gov/data_tools/17,기관 이용약관,B-008_NASA 해수면 상승 전망 (SSP 1~5).xlsx,1.1_observation(측정값),1516,
B-008,"NASA 해수면 상승 전망[SSP1, SSP2, SSP3, SSP4, SSP5]",observation,vnm-v121-b-008-obs-1517-6c8457447f8ac940,B-008_rsl_low_1475_ssp585_q83,VNM,2030,0.184,m,,,,,,[전망치],IPCC AR6 Sea Level Projection Tool (NASA/IPCC),https://sealevel.nasa.gov/data_tools/17,기관 이용약관,B-008_NASA 해수면 상승 전망 (SSP 1~5).xlsx,1.1_observation(측정값),1517,
B-008,"NASA 해수면 상승 전망[SSP1, SSP2, SSP3, SSP4, SSP5]",observation,vnm-v121-b-008-obs-1518-4bff3fdaa87ae2c8,B-008_rsl_low_1475_ssp585_q83,VNM,2040,0.305,m,,,,,,[전망치],IPCC AR6 Sea Level Projection Tool (NASA/IPCC),https://sealevel.nasa.gov/data_tools/17,기관 이용약관,B-008_NASA 해수면 상승 전망 (SSP 1~5).xlsx,1.1_observation(측정값),1518,
B-008,"NASA 해수면 상승 전망[SSP1, SSP2, SSP3, SSP4, SSP5]",observation,vnm-v121-b-008-obs-1519-455b681a33df4a47,B-008_rsl_low_1475_ssp585_q83,VNM,2050,0.452,m,,,,,,[전망치],IPCC AR6 Sea Level Projection Tool (NASA/IPCC),https://sealevel.nasa.gov/data_tools/17,기관 이용약관,B-008_NASA 해수면 상승 전망 (SSP 1~5).xlsx,1.1_observation(측정값),1519,
B-008,"NASA 해수면 상승 전망[SSP1, SSP2, SSP3, SSP4, SSP5]",observation,vnm-v121-b-008-obs-1520-5f0cf217515fe97c,B-008_rsl_low_1475_ssp585_q83,VNM,2060,0.636,m,,,,,,[전망치],IPCC AR6 Sea Level Projection Tool (NASA/IPCC),https://sealevel.nasa.gov/data_tools/17,기관 이용약관,B-008_NASA 해수면 상승 전망 (SSP 1~5).xlsx,1.1_observation(측정값),1520,
B-008,"NASA 해수면 상승 전망[SSP1, SSP2, SSP3, SSP4, SSP5]",observation,vnm-v121-b-008-obs-1521-6ba266bb05e03b56,B-008_rsl_low_1475_ssp585_q83,VNM,2070,0.868,m,,,,,,[전망치],IPCC AR6 Sea Level Projection Tool (NASA/IPCC),https://sealevel.nasa.gov/data_tools/17,기관 이용약관,B-008_NASA 해수면 상승 전망 (SSP 1~5).xlsx,1.1_observation(측정값),1521,
B-008,"NASA 해수면 상승 전망[SSP1, SSP2, SSP3, SSP4, SSP5]",observation,vnm-v121-b-008-obs-1522-d7f25326cc556a10,B-008_rsl_low_1475_ssp585_q83,VNM,2080,1.136,m,,,,,,[전망치],IPCC AR6 Sea Level Projection Tool (NASA/IPCC),https://sealevel.nasa.gov/data_tools/17,기관 이용약관,B-008_NASA 해수면 상승 전망 (SSP 1~5).xlsx,1.1_observation(측정값),1522,
B-008,"NASA 해수면 상승 전망[SSP1, SSP2, SSP3, SSP4, SSP5]",observation,vnm-v121-b-008-obs-1523-99db2bca4a9d160c,B-008_rsl_low_1475_ssp585_q83,VNM,2090,1.441,m,,,,,,[전망치],IPCC AR6 Sea Level Projection Tool (NASA/IPCC),https://sealevel.nasa.gov/data_tools/17,기관 이용약관,B-008_NASA 해수면 상승 전망 (SSP 1~5).xlsx,1.1_observation(측정값),1523,
B-008,"NASA 해수면 상승 전망[SSP1, SSP2, SSP3, SSP4, SSP5]",observation,vnm-v121-b-008-obs-1524-45a9f31887856fa5,B-008_rsl_low_1475_ssp585_q83,VNM,2100,1.775,m,,,,,,[전망치],IPCC AR6 Sea Level Projection Tool (NASA/IPCC),https://sealevel.nasa.gov/data_tools/17,기관 이용약관,B-008_NASA 해수면 상승 전망 (SSP 1~5).xlsx,1.1_observation(측정값),1524,
B-008,"NASA 해수면 상승 전망[SSP1, SSP2, SSP3, SSP4, SSP5]",observation,vnm-v121-b-008-obs-1525-16ad4d043d5bf4c3,B-008_rsl_low_1475_ssp585_q95,VNM,2020,0.117,m,,,,,,[전망치],IPCC AR6 Sea Level Projection Tool (NASA/IPCC),https://sealevel.nasa.gov/data_tools/17,기관 이용약관,B-008_NASA 해수면 상승 전망 (SSP 1~5).xlsx,1.1_observation(측정값),1525,
B-008,"NASA 해수면 상승 전망[SSP1, SSP2, SSP3, SSP4, SSP5]",observation,vnm-v121-b-008-obs-1526-2dae8585c1e95fa6,B-008_rsl_low_1475_ssp585_q95,VNM,2030,0.233,m,,,,,,[전망치],IPCC AR6 Sea Level Projection Tool (NASA/IPCC),https://sealevel.nasa.gov/data_tools/17,기관 이용약관,B-008_NASA 해수면 상승 전망 (SSP 1~5).xlsx,1.1_observation(측정값),1526,
B-008,"NASA 해수면 상승 전망[SSP1, SSP2, SSP3, SSP4, SSP5]",observation,vnm-v121-b-008-obs-1527-990f03f44e6461fb,B-008_rsl_low_1475_ssp585_q95,VNM,2040,0.404,m,,,,,,[전망치],IPCC AR6 Sea Level Projection Tool (NASA/IPCC),https://sealevel.nasa.gov/data_tools/17,기관 이용약관,B-008_NASA 해수면 상승 전망 (SSP 1~5).xlsx,1.1_observation(측정값),1527,
B-008,"NASA 해수면 상승 전망[SSP1, SSP2, SSP3, SSP4, SSP5]",observation,vnm-v121-b-008-obs-1528-26e7099cb833df14,B-008_rsl_low_1475_ssp585_q95,VNM,2050,0.607,m,,,,,,[전망치],IPCC AR6 Sea Level Projection Tool (NASA/IPCC),https://sealevel.nasa.gov/data_tools/17,기관 이용약관,B-008_NASA 해수면 상승 전망 (SSP 1~5).xlsx,1.1_observation(측정값),1528,
B-008,"NASA 해수면 상승 전망[SSP1, SSP2, SSP3, SSP4, SSP5]",observation,vnm-v121-b-008-obs-1529-d5f09adffa1fba58,B-008_rsl_low_1475_ssp585_q95,VNM,2060,0.85,m,,,,,,[전망치],IPCC AR6 Sea Level Projection Tool (NASA/IPCC),https://sealevel.nasa.gov/data_tools/17,기관 이용약관,B-008_NASA 해수면 상승 전망 (SSP 1~5).xlsx,1.1_observation(측정값),1529,
B-008,"NASA 해수면 상승 전망[SSP1, SSP2, SSP3, SSP4, SSP5]",observation,vnm-v121-b-008-obs-1530-451ad6a61008291c,B-008_rsl_low_1475_ssp585_q95,VNM,2070,1.159,m,,,,,,[전망치],IPCC AR6 Sea Level Projection Tool (NASA/IPCC),https://sealevel.nasa.gov/data_tools/17,기관 이용약관,B-008_NASA 해수면 상승 전망 (SSP 1~5).xlsx,1.1_observation(측정값),1530,
B-008,"NASA 해수면 상승 전망[SSP1, SSP2, SSP3, SSP4, SSP5]",observation,vnm-v121-b-008-obs-1531-3ea2634dcbaed3d3,B-008_rsl_low_1475_ssp585_q95,VNM,2080,1.545,m,,,,,,[전망치],IPCC AR6 Sea Level Projection Tool (NASA/IPCC),https://sealevel.nasa.gov/data_tools/17,기관 이용약관,B-008_NASA 해수면 상승 전망 (SSP 1~5).xlsx,1.1_observation(측정값),1531,
B-008,"NASA 해수면 상승 전망[SSP1, SSP2, SSP3, SSP4, SSP5]",observation,vnm-v121-b-008-obs-1532-afe66912a3aba662,B-008_rsl_low_1475_ssp585_q95,VNM,2090,1.982,m,,,,,,[전망치],IPCC AR6 Sea Level Projection Tool (NASA/IPCC),https://sealevel.nasa.gov/data_tools/17,기관 이용약관,B-008_NASA 해수면 상승 전망 (SSP 1~5).xlsx,1.1_observation(측정값),1532,
B-008,"NASA 해수면 상승 전망[SSP1, SSP2, SSP3, SSP4, SSP5]",observation,vnm-v121-b-008-obs-1533-391b323584f95c3c,B-008_rsl_low_1475_ssp585_q95,VNM,2100,2.497,m,,,,,,[전망치],IPCC AR6 Sea Level Projection Tool (NASA/IPCC),https://sealevel.nasa.gov/data_tools/17,기관 이용약관,B-008_NASA 해수면 상승 전망 (SSP 1~5).xlsx,1.1_observation(측정값),1533,
B-008,"NASA 해수면 상승 전망[SSP1, SSP2, SSP3, SSP4, SSP5]",observation,vnm-v121-b-008-obs-1534-363814e5cc4d25a9,B-008_rslrate_1475_ssp119,VNM,2020,5.1,mm/yr,,,,,,[전망치],IPCC AR6 Sea Level Projection Tool (NASA/IPCC),https://sealevel.nasa.gov/data_tools/17,기관 이용약관,B-008_NASA 해수면 상승 전망 (SSP 1~5).xlsx,1.1_observation(측정값),1534,
B-008,"NASA 해수면 상승 전망[SSP1, SSP2, SSP3, SSP4, SSP5]",observation,vnm-v121-b-008-obs-1535-1258eba1999eb5d6,B-008_rslrate_1475_ssp119,VNM,2030,5,mm/yr,,,,,,[전망치],IPCC AR6 Sea Level Projection Tool (NASA/IPCC),https://sealevel.nasa.gov/data_tools/17,기관 이용약관,B-008_NASA 해수면 상승 전망 (SSP 1~5).xlsx,1.1_observation(측정값),1535,
B-008,"NASA 해수면 상승 전망[SSP1, SSP2, SSP3, SSP4, SSP5]",observation,vnm-v121-b-008-obs-1536-2eb6ff96f493e301,B-008_rslrate_1475_ssp119,VNM,2040,5.1,mm/yr,,,,,,[전망치],IPCC AR6 Sea Level Projection Tool (NASA/IPCC),https://sealevel.nasa.gov/data_tools/17,기관 이용약관,B-008_NASA 해수면 상승 전망 (SSP 1~5).xlsx,1.1_observation(측정값),1536,
B-008,"NASA 해수면 상승 전망[SSP1, SSP2, SSP3, SSP4, SSP5]",observation,vnm-v121-b-008-obs-1537-960dc22090e4f5e2,B-008_rslrate_1475_ssp119,VNM,2050,5,mm/yr,,,,,,[전망치],IPCC AR6 Sea Level Projection Tool (NASA/IPCC),https://sealevel.nasa.gov/data_tools/17,기관 이용약관,B-008_NASA 해수면 상승 전망 (SSP 1~5).xlsx,1.1_observation(측정값),1537,
B-008,"NASA 해수면 상승 전망[SSP1, SSP2, SSP3, SSP4, SSP5]",observation,vnm-v121-b-008-obs-1538-5952c97efeaff3f1,B-008_rslrate_1475_ssp119,VNM,2060,4.6,mm/yr,,,,,,[전망치],IPCC AR6 Sea Level Projection Tool (NASA/IPCC),https://sealevel.nasa.gov/data_tools/17,기관 이용약관,B-008_NASA 해수면 상승 전망 (SSP 1~5).xlsx,1.1_observation(측정값),1538,
B-008,"NASA 해수면 상승 전망[SSP1, SSP2, SSP3, SSP4, SSP5]",observation,vnm-v121-b-008-obs-1539-a61e4b110fd68c2f,B-008_rslrate_1475_ssp119,VNM,2070,4.6,mm/yr,,,,,,[전망치],IPCC AR6 Sea Level Projection Tool (NASA/IPCC),https://sealevel.nasa.gov/data_tools/17,기관 이용약관,B-008_NASA 해수면 상승 전망 (SSP 1~5).xlsx,1.1_observation(측정값),1539,
B-008,"NASA 해수면 상승 전망[SSP1, SSP2, SSP3, SSP4, SSP5]",observation,vnm-v121-b-008-obs-1540-e373266e6884e92d,B-008_rslrate_1475_ssp119,VNM,2080,4.8,mm/yr,,,,,,[전망치],IPCC AR6 Sea Level Projection Tool (NASA/IPCC),https://sealevel.nasa.gov/data_tools/17,기관 이용약관,B-008_NASA 해수면 상승 전망 (SSP 1~5).xlsx,1.1_observation(측정값),1540,
B-008,"NASA 해수면 상승 전망[SSP1, SSP2, SSP3, SSP4, SSP5]",observation,vnm-v121-b-008-obs-1541-e0b0ab50371401d0,B-008_rslrate_1475_ssp119,VNM,2090,5.1,mm/yr,,,,,,[전망치],IPCC AR6 Sea Level Projection Tool (NASA/IPCC),https://sealevel.nasa.gov/data_tools/17,기관 이용약관,B-008_NASA 해수면 상승 전망 (SSP 1~5).xlsx,1.1_observation(측정값),1541,
B-008,"NASA 해수면 상승 전망[SSP1, SSP2, SSP3, SSP4, SSP5]",observation,vnm-v121-b-008-obs-1542-a7e9c0662c20c954,B-008_rslrate_1475_ssp119,VNM,2100,4.9,mm/yr,,,,,,[전망치],IPCC AR6 Sea Level Projection Tool (NASA/IPCC),https://sealevel.nasa.gov/data_tools/17,기관 이용약관,B-008_NASA 해수면 상승 전망 (SSP 1~5).xlsx,1.1_observation(측정값),1542,
B-008,"NASA 해수면 상승 전망[SSP1, SSP2, SSP3, SSP4, SSP5]",observation,vnm-v121-b-008-obs-1543-667df42caa9984b7,B-008_rslrate_1475_ssp126,VNM,2020,4.6,mm/yr,,,,,,[전망치],IPCC AR6 Sea Level Projection Tool (NASA/IPCC),https://sealevel.nasa.gov/data_tools/17,기관 이용약관,B-008_NASA 해수면 상승 전망 (SSP 1~5).xlsx,1.1_observation(측정값),1543,
B-008,"NASA 해수면 상승 전망[SSP1, SSP2, SSP3, SSP4, SSP5]",observation,vnm-v121-b-008-obs-1544-934f76af4cdfb5b5,B-008_rslrate_1475_ssp126,VNM,2030,4.9,mm/yr,,,,,,[전망치],IPCC AR6 Sea Level Projection Tool (NASA/IPCC),https://sealevel.nasa.gov/data_tools/17,기관 이용약관,B-008_NASA 해수면 상승 전망 (SSP 1~5).xlsx,1.1_observation(측정값),1544,
B-008,"NASA 해수면 상승 전망[SSP1, SSP2, SSP3, SSP4, SSP5]",observation,vnm-v121-b-008-obs-1545-0b9d3899237f0aa2,B-008_rslrate_1475_ssp126,VNM,2040,5.4,mm/yr,,,,,,[전망치],IPCC AR6 Sea Level Projection Tool (NASA/IPCC),https://sealevel.nasa.gov/data_tools/17,기관 이용약관,B-008_NASA 해수면 상승 전망 (SSP 1~5).xlsx,1.1_observation(측정값),1545,
B-008,"NASA 해수면 상승 전망[SSP1, SSP2, SSP3, SSP4, SSP5]",observation,vnm-v121-b-008-obs-1546-8f3e1276106d3b93,B-008_rslrate_1475_ssp126,VNM,2050,5.7,mm/yr,,,,,,[전망치],IPCC AR6 Sea Level Projection Tool (NASA/IPCC),https://sealevel.nasa.gov/data_tools/17,기관 이용약관,B-008_NASA 해수면 상승 전망 (SSP 1~5).xlsx,1.1_observation(측정값),1546,
B-008,"NASA 해수면 상승 전망[SSP1, SSP2, SSP3, SSP4, SSP5]",observation,vnm-v121-b-008-obs-1547-1842c2e480942ffb,B-008_rslrate_1475_ssp126,VNM,2060,5.8,mm/yr,,,,,,[전망치],IPCC AR6 Sea Level Projection Tool (NASA/IPCC),https://sealevel.nasa.gov/data_tools/17,기관 이용약관,B-008_NASA 해수면 상승 전망 (SSP 1~5).xlsx,1.1_observation(측정값),1547,
B-008,"NASA 해수면 상승 전망[SSP1, SSP2, SSP3, SSP4, SSP5]",observation,vnm-v121-b-008-obs-1548-a0764002b6ea807f,B-008_rslrate_1475_ssp126,VNM,2070,5.9,mm/yr,,,,,,[전망치],IPCC AR6 Sea Level Projection Tool (NASA/IPCC),https://sealevel.nasa.gov/data_tools/17,기관 이용약관,B-008_NASA 해수면 상승 전망 (SSP 1~5).xlsx,1.1_observation(측정값),1548,
B-008,"NASA 해수면 상승 전망[SSP1, SSP2, SSP3, SSP4, SSP5]",observation,vnm-v121-b-008-obs-1549-f6e3a24abd116914,B-008_rslrate_1475_ssp126,VNM,2080,6,mm/yr,,,,,,[전망치],IPCC AR6 Sea Level Projection Tool (NASA/IPCC),https://sealevel.nasa.gov/data_tools/17,기관 이용약관,B-008_NASA 해수면 상승 전망 (SSP 1~5).xlsx,1.1_observation(측정값),1549,
B-008,"NASA 해수면 상승 전망[SSP1, SSP2, SSP3, SSP4, SSP5]",observation,vnm-v121-b-008-obs-1550-b69efcf502e71be4,B-008_rslrate_1475_ssp126,VNM,2090,6,mm/yr,,,,,,[전망치],IPCC AR6 Sea Level Projection Tool (NASA/IPCC),https://sealevel.nasa.gov/data_tools/17,기관 이용약관,B-008_NASA 해수면 상승 전망 (SSP 1~5).xlsx,1.1_observation(측정값),1550,
B-008,"NASA 해수면 상승 전망[SSP1, SSP2, SSP3, SSP4, SSP5]",observation,vnm-v121-b-008-obs-1551-f14577857d5f8bfc,B-008_rslrate_1475_ssp126,VNM,2100,5.8,mm/yr,,,,,,[전망치],IPCC AR6 Sea Level Projection Tool (NASA/IPCC),https://sealevel.nasa.gov/data_tools/17,기관 이용약관,B-008_NASA 해수면 상승 전망 (SSP 1~5).xlsx,1.1_observation(측정값),1551,
B-008,"NASA 해수면 상승 전망[SSP1, SSP2, SSP3, SSP4, SSP5]",observation,vnm-v121-b-008-obs-1552-6dab8dd8046df00c,B-008_rslrate_1475_ssp245,VNM,2020,4.6,mm/yr,,,,,,[전망치],IPCC AR6 Sea Level Projection Tool (NASA/IPCC),https://sealevel.nasa.gov/data_tools/17,기관 이용약관,B-008_NASA 해수면 상승 전망 (SSP 1~5).xlsx,1.1_observation(측정값),1552,
B-008,"NASA 해수면 상승 전망[SSP1, SSP2, SSP3, SSP4, SSP5]",observation,vnm-v121-b-008-obs-1553-38432237bf78b907,B-008_rslrate_1475_ssp245,VNM,2030,5,mm/yr,,,,,,[전망치],IPCC AR6 Sea Level Projection Tool (NASA/IPCC),https://sealevel.nasa.gov/data_tools/17,기관 이용약관,B-008_NASA 해수면 상승 전망 (SSP 1~5).xlsx,1.1_observation(측정값),1553,
B-008,"NASA 해수면 상승 전망[SSP1, SSP2, SSP3, SSP4, SSP5]",observation,vnm-v121-b-008-obs-1554-d50dd96d2d5efe27,B-008_rslrate_1475_ssp245,VNM,2040,5.8,mm/yr,,,,,,[전망치],IPCC AR6 Sea Level Projection Tool (NASA/IPCC),https://sealevel.nasa.gov/data_tools/17,기관 이용약관,B-008_NASA 해수면 상승 전망 (SSP 1~5).xlsx,1.1_observation(측정값),1554,
B-008,"NASA 해수면 상승 전망[SSP1, SSP2, SSP3, SSP4, SSP5]",observation,vnm-v121-b-008-obs-1555-1ed263f4bbcc71c9,B-008_rslrate_1475_ssp245,VNM,2050,6.5,mm/yr,,,,,,[전망치],IPCC AR6 Sea Level Projection Tool (NASA/IPCC),https://sealevel.nasa.gov/data_tools/17,기관 이용약관,B-008_NASA 해수면 상승 전망 (SSP 1~5).xlsx,1.1_observation(측정값),1555,
B-008,"NASA 해수면 상승 전망[SSP1, SSP2, SSP3, SSP4, SSP5]",observation,vnm-v121-b-008-obs-1556-c3021f41cd47de5b,B-008_rslrate_1475_ssp245,VNM,2060,7.2,mm/yr,,,,,,[전망치],IPCC AR6 Sea Level Projection Tool (NASA/IPCC),https://sealevel.nasa.gov/data_tools/17,기관 이용약관,B-008_NASA 해수면 상승 전망 (SSP 1~5).xlsx,1.1_observation(측정값),1556,
B-008,"NASA 해수면 상승 전망[SSP1, SSP2, SSP3, SSP4, SSP5]",observation,vnm-v121-b-008-obs-1557-8b12b6a6eba01978,B-008_rslrate_1475_ssp245,VNM,2070,7.6,mm/yr,,,,,,[전망치],IPCC AR6 Sea Level Projection Tool (NASA/IPCC),https://sealevel.nasa.gov/data_tools/17,기관 이용약관,B-008_NASA 해수면 상승 전망 (SSP 1~5).xlsx,1.1_observation(측정값),1557,
B-008,"NASA 해수면 상승 전망[SSP1, SSP2, SSP3, SSP4, SSP5]",observation,vnm-v121-b-008-obs-1558-55a3b7df1e96ade8,B-008_rslrate_1475_ssp245,VNM,2080,8,mm/yr,,,,,,[전망치],IPCC AR6 Sea Level Projection Tool (NASA/IPCC),https://sealevel.nasa.gov/data_tools/17,기관 이용약관,B-008_NASA 해수면 상승 전망 (SSP 1~5).xlsx,1.1_observation(측정값),1558,
B-008,"NASA 해수면 상승 전망[SSP1, SSP2, SSP3, SSP4, SSP5]",observation,vnm-v121-b-008-obs-1559-8fd6c0184d0d9139,B-008_rslrate_1475_ssp245,VNM,2090,9.1,mm/yr,,,,,,[전망치],IPCC AR6 Sea Level Projection Tool (NASA/IPCC),https://sealevel.nasa.gov/data_tools/17,기관 이용약관,B-008_NASA 해수면 상승 전망 (SSP 1~5).xlsx,1.1_observation(측정값),1559,
B-008,"NASA 해수면 상승 전망[SSP1, SSP2, SSP3, SSP4, SSP5]",observation,vnm-v121-b-008-obs-1560-e0876b67cba0a9ec,B-008_rslrate_1475_ssp245,VNM,2100,9.1,mm/yr,,,,,,[전망치],IPCC AR6 Sea Level Projection Tool (NASA/IPCC),https://sealevel.nasa.gov/data_tools/17,기관 이용약관,B-008_NASA 해수면 상승 전망 (SSP 1~5).xlsx,1.1_observation(측정값),1560,
B-008,"NASA 해수면 상승 전망[SSP1, SSP2, SSP3, SSP4, SSP5]",observation,vnm-v121-b-008-obs-1561-2aa5d2a06501ef83,B-008_rslrate_1475_ssp370,VNM,2020,4.7,mm/yr,,,,,,[전망치],IPCC AR6 Sea Level Projection Tool (NASA/IPCC),https://sealevel.nasa.gov/data_tools/17,기관 이용약관,B-008_NASA 해수면 상승 전망 (SSP 1~5).xlsx,1.1_observation(측정값),1561,
B-008,"NASA 해수면 상승 전망[SSP1, SSP2, SSP3, SSP4, SSP5]",observation,vnm-v121-b-008-obs-1562-590e9b35e2cd774f,B-008_rslrate_1475_ssp370,VNM,2030,5.1,mm/yr,,,,,,[전망치],IPCC AR6 Sea Level Projection Tool (NASA/IPCC),https://sealevel.nasa.gov/data_tools/17,기관 이용약관,B-008_NASA 해수면 상승 전망 (SSP 1~5).xlsx,1.1_observation(측정값),1562,
B-008,"NASA 해수면 상승 전망[SSP1, SSP2, SSP3, SSP4, SSP5]",observation,vnm-v121-b-008-obs-1563-5abf12f5a70c40b2,B-008_rslrate_1475_ssp370,VNM,2040,6,mm/yr,,,,,,[전망치],IPCC AR6 Sea Level Projection Tool (NASA/IPCC),https://sealevel.nasa.gov/data_tools/17,기관 이용약관,B-008_NASA 해수면 상승 전망 (SSP 1~5).xlsx,1.1_observation(측정값),1563,
B-008,"NASA 해수면 상승 전망[SSP1, SSP2, SSP3, SSP4, SSP5]",observation,vnm-v121-b-008-obs-1564-2b9c328dc08e073a,B-008_rslrate_1475_ssp370,VNM,2050,6.8,mm/yr,,,,,,[전망치],IPCC AR6 Sea Level Projection Tool (NASA/IPCC),https://sealevel.nasa.gov/data_tools/17,기관 이용약관,B-008_NASA 해수면 상승 전망 (SSP 1~5).xlsx,1.1_observation(측정값),1564,
B-008,"NASA 해수면 상승 전망[SSP1, SSP2, SSP3, SSP4, SSP5]",observation,vnm-v121-b-008-obs-1565-10625ca3ff879cf6,B-008_rslrate_1475_ssp370,VNM,2060,8,mm/yr,,,,,,[전망치],IPCC AR6 Sea Level Projection Tool (NASA/IPCC),https://sealevel.nasa.gov/data_tools/17,기관 이용약관,B-008_NASA 해수면 상승 전망 (SSP 1~5).xlsx,1.1_observation(측정값),1565,
B-008,"NASA 해수면 상승 전망[SSP1, SSP2, SSP3, SSP4, SSP5]",observation,vnm-v121-b-008-obs-1566-894db1694871bf6a,B-008_rslrate_1475_ssp370,VNM,2070,9.2,mm/yr,,,,,,[전망치],IPCC AR6 Sea Level Projection Tool (NASA/IPCC),https://sealevel.nasa.gov/data_tools/17,기관 이용약관,B-008_NASA 해수면 상승 전망 (SSP 1~5).xlsx,1.1_observation(측정값),1566,
B-008,"NASA 해수면 상승 전망[SSP1, SSP2, SSP3, SSP4, SSP5]",observation,vnm-v121-b-008-obs-1567-82a12f5cf9aa552d,B-008_rslrate_1475_ssp370,VNM,2080,10.2,mm/yr,,,,,,[전망치],IPCC AR6 Sea Level Projection Tool (NASA/IPCC),https://sealevel.nasa.gov/data_tools/17,기관 이용약관,B-008_NASA 해수면 상승 전망 (SSP 1~5).xlsx,1.1_observation(측정값),1567,
B-008,"NASA 해수면 상승 전망[SSP1, SSP2, SSP3, SSP4, SSP5]",observation,vnm-v121-b-008-obs-1568-faddd1364b76b864,B-008_rslrate_1475_ssp370,VNM,2090,11.4,mm/yr,,,,,,[전망치],IPCC AR6 Sea Level Projection Tool (NASA/IPCC),https://sealevel.nasa.gov/data_tools/17,기관 이용약관,B-008_NASA 해수면 상승 전망 (SSP 1~5).xlsx,1.1_observation(측정값),1568,
B-008,"NASA 해수면 상승 전망[SSP1, SSP2, SSP3, SSP4, SSP5]",observation,vnm-v121-b-008-obs-1569-23dc6cb219f371a7,B-008_rslrate_1475_ssp370,VNM,2100,12,mm/yr,,,,,,[전망치],IPCC AR6 Sea Level Projection Tool (NASA/IPCC),https://sealevel.nasa.gov/data_tools/17,기관 이용약관,B-008_NASA 해수면 상승 전망 (SSP 1~5).xlsx,1.1_observation(측정값),1569,
B-008,"NASA 해수면 상승 전망[SSP1, SSP2, SSP3, SSP4, SSP5]",observation,vnm-v121-b-008-obs-1570-3f1eb2be356d2854,B-008_rslrate_1475_ssp585,VNM,2020,5.2,mm/yr,,,,,,[전망치],IPCC AR6 Sea Level Projection Tool (NASA/IPCC),https://sealevel.nasa.gov/data_tools/17,기관 이용약관,B-008_NASA 해수면 상승 전망 (SSP 1~5).xlsx,1.1_observation(측정값),1570,
B-008,"NASA 해수면 상승 전망[SSP1, SSP2, SSP3, SSP4, SSP5]",observation,vnm-v121-b-008-obs-1571-8f84683335bf911c,B-008_rslrate_1475_ssp585,VNM,2030,5.7,mm/yr,,,,,,[전망치],IPCC AR6 Sea Level Projection Tool (NASA/IPCC),https://sealevel.nasa.gov/data_tools/17,기관 이용약관,B-008_NASA 해수면 상승 전망 (SSP 1~5).xlsx,1.1_observation(측정값),1571,
B-008,"NASA 해수면 상승 전망[SSP1, SSP2, SSP3, SSP4, SSP5]",observation,vnm-v121-b-008-obs-1572-ca97f981f5b71740,B-008_rslrate_1475_ssp585,VNM,2040,6.7,mm/yr,,,,,,[전망치],IPCC AR6 Sea Level Projection Tool (NASA/IPCC),https://sealevel.nasa.gov/data_tools/17,기관 이용약관,B-008_NASA 해수면 상승 전망 (SSP 1~5).xlsx,1.1_observation(측정값),1572,
B-008,"NASA 해수면 상승 전망[SSP1, SSP2, SSP3, SSP4, SSP5]",observation,vnm-v121-b-008-obs-1573-08f07960a7061a6d,B-008_rslrate_1475_ssp585,VNM,2050,7.7,mm/yr,,,,,,[전망치],IPCC AR6 Sea Level Projection Tool (NASA/IPCC),https://sealevel.nasa.gov/data_tools/17,기관 이용약관,B-008_NASA 해수면 상승 전망 (SSP 1~5).xlsx,1.1_observation(측정값),1573,
B-008,"NASA 해수면 상승 전망[SSP1, SSP2, SSP3, SSP4, SSP5]",observation,vnm-v121-b-008-obs-1574-2cd7c47a92969fa4,B-008_rslrate_1475_ssp585,VNM,2060,9,mm/yr,,,,,,[전망치],IPCC AR6 Sea Level Projection Tool (NASA/IPCC),https://sealevel.nasa.gov/data_tools/17,기관 이용약관,B-008_NASA 해수면 상승 전망 (SSP 1~5).xlsx,1.1_observation(측정값),1574,
B-008,"NASA 해수면 상승 전망[SSP1, SSP2, SSP3, SSP4, SSP5]",observation,vnm-v121-b-008-obs-1575-c446e271c2f73981,B-008_rslrate_1475_ssp585,VNM,2070,10.6,mm/yr,,,,,,[전망치],IPCC AR6 Sea Level Projection Tool (NASA/IPCC),https://sealevel.nasa.gov/data_tools/17,기관 이용약관,B-008_NASA 해수면 상승 전망 (SSP 1~5).xlsx,1.1_observation(측정값),1575,
B-008,"NASA 해수면 상승 전망[SSP1, SSP2, SSP3, SSP4, SSP5]",observation,vnm-v121-b-008-obs-1576-663f104f10170cdc,B-008_rslrate_1475_ssp585,VNM,2080,11.8,mm/yr,,,,,,[전망치],IPCC AR6 Sea Level Projection Tool (NASA/IPCC),https://sealevel.nasa.gov/data_tools/17,기관 이용약관,B-008_NASA 해수면 상승 전망 (SSP 1~5).xlsx,1.1_observation(측정값),1576,
B-008,"NASA 해수면 상승 전망[SSP1, SSP2, SSP3, SSP4, SSP5]",observation,vnm-v121-b-008-obs-1577-83644e46fc80d7db,B-008_rslrate_1475_ssp585,VNM,2090,13.3,mm/yr,,,,,,[전망치],IPCC AR6 Sea Level Projection Tool (NASA/IPCC),https://sealevel.nasa.gov/data_tools/17,기관 이용약관,B-008_NASA 해수면 상승 전망 (SSP 1~5).xlsx,1.1_observation(측정값),1577,
B-008,"NASA 해수면 상승 전망[SSP1, SSP2, SSP3, SSP4, SSP5]",observation,vnm-v121-b-008-obs-1578-bc369f134459aa0a,B-008_rslrate_1475_ssp585,VNM,2100,14,mm/yr,,,,,,[전망치],IPCC AR6 Sea Level Projection Tool (NASA/IPCC),https://sealevel.nasa.gov/data_tools/17,기관 이용약관,B-008_NASA 해수면 상승 전망 (SSP 1~5).xlsx,1.1_observation(측정값),1578,
B-008,"NASA 해수면 상승 전망[SSP1, SSP2, SSP3, SSP4, SSP5]",observation,vnm-v121-b-008-obs-1579-7ee27e5a54be9dec,B-008_rsl_1495_ssp119_q5,VNM,2020,0.021,m,,,,,,[전망치],IPCC AR6 Sea Level Projection Tool (NASA/IPCC),https://sealevel.nasa.gov/data_tools/17,기관 이용약관,B-008_NASA 해수면 상승 전망 (SSP 1~5).xlsx,1.1_observation(측정값),1579,
B-008,"NASA 해수면 상승 전망[SSP1, SSP2, SSP3, SSP4, SSP5]",observation,vnm-v121-b-008-obs-1580-7119dab4148a780a,B-008_rsl_1495_ssp119_q5,VNM,2030,0.041,m,,,,,,[전망치],IPCC AR6 Sea Level Projection Tool (NASA/IPCC),https://sealevel.nasa.gov/data_tools/17,기관 이용약관,B-008_NASA 해수면 상승 전망 (SSP 1~5).xlsx,1.1_observation(측정값),1580,
B-008,"NASA 해수면 상승 전망[SSP1, SSP2, SSP3, SSP4, SSP5]",observation,vnm-v121-b-008-obs-1581-f17495be713f84ce,B-008_rsl_1495_ssp119_q5,VNM,2040,0.057,m,,,,,,[전망치],IPCC AR6 Sea Level Projection Tool (NASA/IPCC),https://sealevel.nasa.gov/data_tools/17,기관 이용약관,B-008_NASA 해수면 상승 전망 (SSP 1~5).xlsx,1.1_observation(측정값),1581,
B-008,"NASA 해수면 상승 전망[SSP1, SSP2, SSP3, SSP4, SSP5]",observation,vnm-v121-b-008-obs-1582-49eff86769e151eb,B-008_rsl_1495_ssp119_q5,VNM,2050,0.088,m,,,,,,[전망치],IPCC AR6 Sea Level Projection Tool (NASA/IPCC),https://sealevel.nasa.gov/data_tools/17,기관 이용약관,B-008_NASA 해수면 상승 전망 (SSP 1~5).xlsx,1.1_observation(측정값),1582,
B-008,"NASA 해수면 상승 전망[SSP1, SSP2, SSP3, SSP4, SSP5]",observation,vnm-v121-b-008-obs-1583-648ac630e4748f02,B-008_rsl_1495_ssp119_q5,VNM,2060,0.095,m,,,,,,[전망치],IPCC AR6 Sea Level Projection Tool (NASA/IPCC),https://sealevel.nasa.gov/data_tools/17,기관 이용약관,B-008_NASA 해수면 상승 전망 (SSP 1~5).xlsx,1.1_observation(측정값),1583,
B-008,"NASA 해수면 상승 전망[SSP1, SSP2, SSP3, SSP4, SSP5]",observation,vnm-v121-b-008-obs-1584-f0c36c420026323f,B-008_rsl_1495_ssp119_q5,VNM,2070,0.114,m,,,,,,[전망치],IPCC AR6 Sea Level Projection Tool (NASA/IPCC),https://sealevel.nasa.gov/data_tools/17,기관 이용약관,B-008_NASA 해수면 상승 전망 (SSP 1~5).xlsx,1.1_observation(측정값),1584,
B-008,"NASA 해수면 상승 전망[SSP1, SSP2, SSP3, SSP4, SSP5]",observation,vnm-v121-b-008-obs-1585-83413e6ed4155401,B-008_rsl_1495_ssp119_q5,VNM,2080,0.127,m,,,,,,[전망치],IPCC AR6 Sea Level Projection Tool (NASA/IPCC),https://sealevel.nasa.gov/data_tools/17,기관 이용약관,B-008_NASA 해수면 상승 전망 (SSP 1~5).xlsx,1.1_observation(측정값),1585,
B-008,"NASA 해수면 상승 전망[SSP1, SSP2, SSP3, SSP4, SSP5]",observation,vnm-v121-b-008-obs-1586-795e1577302db4d1,B-008_rsl_1495_ssp119_q5,VNM,2090,0.147,m,,,,,,[전망치],IPCC AR6 Sea Level Projection Tool (NASA/IPCC),https://sealevel.nasa.gov/data_tools/17,기관 이용약관,B-008_NASA 해수면 상승 전망 (SSP 1~5).xlsx,1.1_observation(측정값),1586,
B-008,"NASA 해수면 상승 전망[SSP1, SSP2, SSP3, SSP4, SSP5]",observation,vnm-v121-b-008-obs-1587-120d50b6bb67edd2,B-008_rsl_1495_ssp119_q5,VNM,2100,0.134,m,,,,,,[전망치],IPCC AR6 Sea Level Projection Tool (NASA/IPCC),https://sealevel.nasa.gov/data_tools/17,기관 이용약관,B-008_NASA 해수면 상승 전망 (SSP 1~5).xlsx,1.1_observation(측정값),1587,
B-008,"NASA 해수면 상승 전망[SSP1, SSP2, SSP3, SSP4, SSP5]",observation,vnm-v121-b-008-obs-1588-f031ba286b3eaf1b,B-008_rsl_1495_ssp119_q95,VNM,2020,0.103,m,,,,,,[전망치],IPCC AR6 Sea Level Projection Tool (NASA/IPCC),https://sealevel.nasa.gov/data_tools/17,기관 이용약관,B-008_NASA 해수면 상승 전망 (SSP 1~5).xlsx,1.1_observation(측정값),1588,
B-008,"NASA 해수면 상승 전망[SSP1, SSP2, SSP3, SSP4, SSP5]",observation,vnm-v121-b-008-obs-1589-a7d6042900e2a8bc,B-008_rsl_1495_ssp119_q95,VNM,2030,0.19,m,,,,,,[전망치],IPCC AR6 Sea Level Projection Tool (NASA/IPCC),https://sealevel.nasa.gov/data_tools/17,기관 이용약관,B-008_NASA 해수면 상승 전망 (SSP 1~5).xlsx,1.1_observation(측정값),1589,
B-008,"NASA 해수면 상승 전망[SSP1, SSP2, SSP3, SSP4, SSP5]",observation,vnm-v121-b-008-obs-1590-d81667e93c6c3a86,B-008_rsl_1495_ssp119_q95,VNM,2040,0.266,m,,,,,,[전망치],IPCC AR6 Sea Level Projection Tool (NASA/IPCC),https://sealevel.nasa.gov/data_tools/17,기관 이용약관,B-008_NASA 해수면 상승 전망 (SSP 1~5).xlsx,1.1_observation(측정값),1590,
B-008,"NASA 해수면 상승 전망[SSP1, SSP2, SSP3, SSP4, SSP5]",observation,vnm-v121-b-008-obs-1591-d0b8a0de4ff7e081,B-008_rsl_1495_ssp119_q95,VNM,2050,0.357,m,,,,,,[전망치],IPCC AR6 Sea Level Projection Tool (NASA/IPCC),https://sealevel.nasa.gov/data_tools/17,기관 이용약관,B-008_NASA 해수면 상승 전망 (SSP 1~5).xlsx,1.1_observation(측정값),1591,
B-008,"NASA 해수면 상승 전망[SSP1, SSP2, SSP3, SSP4, SSP5]",observation,vnm-v121-b-008-obs-1592-d7e2de4f385bb79e,B-008_rsl_1495_ssp119_q95,VNM,2060,0.438,m,,,,,,[전망치],IPCC AR6 Sea Level Projection Tool (NASA/IPCC),https://sealevel.nasa.gov/data_tools/17,기관 이용약관,B-008_NASA 해수면 상승 전망 (SSP 1~5).xlsx,1.1_observation(측정값),1592,
B-008,"NASA 해수면 상승 전망[SSP1, SSP2, SSP3, SSP4, SSP5]",observation,vnm-v121-b-008-obs-1593-8bbfca2f9a5d5fec,B-008_rsl_1495_ssp119_q95,VNM,2070,0.541,m,,,,,,[전망치],IPCC AR6 Sea Level Projection Tool (NASA/IPCC),https://sealevel.nasa.gov/data_tools/17,기관 이용약관,B-008_NASA 해수면 상승 전망 (SSP 1~5).xlsx,1.1_observation(측정값),1593,
B-008,"NASA 해수면 상승 전망[SSP1, SSP2, SSP3, SSP4, SSP5]",observation,vnm-v121-b-008-obs-1594-5274e2515cdf732e,B-008_rsl_1495_ssp119_q95,VNM,2080,0.632,m,,,,,,[전망치],IPCC AR6 Sea Level Projection Tool (NASA/IPCC),https://sealevel.nasa.gov/data_tools/17,기관 이용약관,B-008_NASA 해수면 상승 전망 (SSP 1~5).xlsx,1.1_observation(측정값),1594,
B-008,"NASA 해수면 상승 전망[SSP1, SSP2, SSP3, SSP4, SSP5]",observation,vnm-v121-b-008-obs-1595-9d424743adc12404,B-008_rsl_1495_ssp119_q95,VNM,2090,0.729,m,,,,,,[전망치],IPCC AR6 Sea Level Projection Tool (NASA/IPCC),https://sealevel.nasa.gov/data_tools/17,기관 이용약관,B-008_NASA 해수면 상승 전망 (SSP 1~5).xlsx,1.1_observation(측정값),1595,
B-008,"NASA 해수면 상승 전망[SSP1, SSP2, SSP3, SSP4, SSP5]",observation,vnm-v121-b-008-obs-1596-fd9aefd198ac5012,B-008_rsl_1495_ssp119_q95,VNM,2100,0.815,m,,,,,,[전망치],IPCC AR6 Sea Level Projection Tool (NASA/IPCC),https://sealevel.nasa.gov/data_tools/17,기관 이용약관,B-008_NASA 해수면 상승 전망 (SSP 1~5).xlsx,1.1_observation(측정값),1596,
B-008,"NASA 해수면 상승 전망[SSP1, SSP2, SSP3, SSP4, SSP5]",observation,vnm-v121-b-008-obs-1597-56ff9dc1a42fb3e9,B-008_rsl_1495_ssp126_q5,VNM,2020,-0.018,m,,,,,,[전망치],IPCC AR6 Sea Level Projection Tool (NASA/IPCC),https://sealevel.nasa.gov/data_tools/17,기관 이용약관,B-008_NASA 해수면 상승 전망 (SSP 1~5).xlsx,1.1_observation(측정값),1597,
B-008,"NASA 해수면 상승 전망[SSP1, SSP2, SSP3, SSP4, SSP5]",observation,vnm-v121-b-008-obs-1598-249dcd0acd06bb17,B-008_rsl_1495_ssp126_q5,VNM,2030,0.012,m,,,,,,[전망치],IPCC AR6 Sea Level Projection Tool (NASA/IPCC),https://sealevel.nasa.gov/data_tools/17,기관 이용약관,B-008_NASA 해수면 상승 전망 (SSP 1~5).xlsx,1.1_observation(측정값),1598,
B-008,"NASA 해수면 상승 전망[SSP1, SSP2, SSP3, SSP4, SSP5]",observation,vnm-v121-b-008-obs-1599-d10c1c1ef64d8565,B-008_rsl_1495_ssp126_q5,VNM,2040,0.043,m,,,,,,[전망치],IPCC AR6 Sea Level Projection Tool (NASA/IPCC),https://sealevel.nasa.gov/data_tools/17,기관 이용약관,B-008_NASA 해수면 상승 전망 (SSP 1~5).xlsx,1.1_observation(측정값),1599,
B-008,"NASA 해수면 상승 전망[SSP1, SSP2, SSP3, SSP4, SSP5]",observation,vnm-v121-b-008-obs-1600-d86175ab547488bd,B-008_rsl_1495_ssp126_q5,VNM,2050,0.08,m,,,,,,[전망치],IPCC AR6 Sea Level Projection Tool (NASA/IPCC),https://sealevel.nasa.gov/data_tools/17,기관 이용약관,B-008_NASA 해수면 상승 전망 (SSP 1~5).xlsx,1.1_observation(측정값),1600,
B-008,"NASA 해수면 상승 전망[SSP1, SSP2, SSP3, SSP4, SSP5]",observation,vnm-v121-b-008-obs-1601-68beb0ddbc1ac474,B-008_rsl_1495_ssp126_q5,VNM,2060,0.105,m,,,,,,[전망치],IPCC AR6 Sea Level Projection Tool (NASA/IPCC),https://sealevel.nasa.gov/data_tools/17,기관 이용약관,B-008_NASA 해수면 상승 전망 (SSP 1~5).xlsx,1.1_observation(측정값),1601,
B-008,"NASA 해수면 상승 전망[SSP1, SSP2, SSP3, SSP4, SSP5]",observation,vnm-v121-b-008-obs-1602-6206f3fd867bbbdf,B-008_rsl_1495_ssp126_q5,VNM,2070,0.136,m,,,,,,[전망치],IPCC AR6 Sea Level Projection Tool (NASA/IPCC),https://sealevel.nasa.gov/data_tools/17,기관 이용약관,B-008_NASA 해수면 상승 전망 (SSP 1~5).xlsx,1.1_observation(측정값),1602,
B-008,"NASA 해수면 상승 전망[SSP1, SSP2, SSP3, SSP4, SSP5]",observation,vnm-v121-b-008-obs-1603-28483ab676295814,B-008_rsl_1495_ssp126_q5,VNM,2080,0.157,m,,,,,,[전망치],IPCC AR6 Sea Level Projection Tool (NASA/IPCC),https://sealevel.nasa.gov/data_tools/17,기관 이용약관,B-008_NASA 해수면 상승 전망 (SSP 1~5).xlsx,1.1_observation(측정값),1603,
B-008,"NASA 해수면 상승 전망[SSP1, SSP2, SSP3, SSP4, SSP5]",observation,vnm-v121-b-008-obs-1604-9c7bfc0ede9206bd,B-008_rsl_1495_ssp126_q5,VNM,2090,0.18,m,,,,,,[전망치],IPCC AR6 Sea Level Projection Tool (NASA/IPCC),https://sealevel.nasa.gov/data_tools/17,기관 이용약관,B-008_NASA 해수면 상승 전망 (SSP 1~5).xlsx,1.1_observation(측정값),1604,
B-008,"NASA 해수면 상승 전망[SSP1, SSP2, SSP3, SSP4, SSP5]",observation,vnm-v121-b-008-obs-1605-249918199e4a13c6,B-008_rsl_1495_ssp126_q5,VNM,2100,0.164,m,,,,,,[전망치],IPCC AR6 Sea Level Projection Tool (NASA/IPCC),https://sealevel.nasa.gov/data_tools/17,기관 이용약관,B-008_NASA 해수면 상승 전망 (SSP 1~5).xlsx,1.1_observation(측정값),1605,
B-008,"NASA 해수면 상승 전망[SSP1, SSP2, SSP3, SSP4, SSP5]",observation,vnm-v121-b-008-obs-1606-7c5b016f4a7998bb,B-008_rsl_1495_ssp126_q95,VNM,2020,0.127,m,,,,,,[전망치],IPCC AR6 Sea Level Projection Tool (NASA/IPCC),https://sealevel.nasa.gov/data_tools/17,기관 이용약관,B-008_NASA 해수면 상승 전망 (SSP 1~5).xlsx,1.1_observation(측정값),1606,
B-008,"NASA 해수면 상승 전망[SSP1, SSP2, SSP3, SSP4, SSP5]",observation,vnm-v121-b-008-obs-1607-5a5c9609f84c55b9,B-008_rsl_1495_ssp126_q95,VNM,2030,0.194,m,,,,,,[전망치],IPCC AR6 Sea Level Projection Tool (NASA/IPCC),https://sealevel.nasa.gov/data_tools/17,기관 이용약관,B-008_NASA 해수면 상승 전망 (SSP 1~5).xlsx,1.1_observation(측정값),1607,
B-008,"NASA 해수면 상승 전망[SSP1, SSP2, SSP3, SSP4, SSP5]",observation,vnm-v121-b-008-obs-1608-14340dd8343a1904,B-008_rsl_1495_ssp126_q95,VNM,2040,0.266,m,,,,,,[전망치],IPCC AR6 Sea Level Projection Tool (NASA/IPCC),https://sealevel.nasa.gov/data_tools/17,기관 이용약관,B-008_NASA 해수면 상승 전망 (SSP 1~5).xlsx,1.1_observation(측정값),1608,
B-008,"NASA 해수면 상승 전망[SSP1, SSP2, SSP3, SSP4, SSP5]",observation,vnm-v121-b-008-obs-1609-3d8b97310eb379be,B-008_rsl_1495_ssp126_q95,VNM,2050,0.365,m,,,,,,[전망치],IPCC AR6 Sea Level Projection Tool (NASA/IPCC),https://sealevel.nasa.gov/data_tools/17,기관 이용약관,B-008_NASA 해수면 상승 전망 (SSP 1~5).xlsx,1.1_observation(측정값),1609,
B-008,"NASA 해수면 상승 전망[SSP1, SSP2, SSP3, SSP4, SSP5]",observation,vnm-v121-b-008-obs-1610-765a01d00253ff84,B-008_rsl_1495_ssp126_q95,VNM,2060,0.458,m,,,,,,[전망치],IPCC AR6 Sea Level Projection Tool (NASA/IPCC),https://sealevel.nasa.gov/data_tools/17,기관 이용약관,B-008_NASA 해수면 상승 전망 (SSP 1~5).xlsx,1.1_observation(측정값),1610,
B-008,"NASA 해수면 상승 전망[SSP1, SSP2, SSP3, SSP4, SSP5]",observation,vnm-v121-b-008-obs-1611-78fa396a4c56407c,B-008_rsl_1495_ssp126_q95,VNM,2070,0.571,m,,,,,,[전망치],IPCC AR6 Sea Level Projection Tool (NASA/IPCC),https://sealevel.nasa.gov/data_tools/17,기관 이용약관,B-008_NASA 해수면 상승 전망 (SSP 1~5).xlsx,1.1_observation(측정값),1611,
B-008,"NASA 해수면 상승 전망[SSP1, SSP2, SSP3, SSP4, SSP5]",observation,vnm-v121-b-008-obs-1612-8c1eb7c7a975fbf6,B-008_rsl_1495_ssp126_q95,VNM,2080,0.682,m,,,,,,[전망치],IPCC AR6 Sea Level Projection Tool (NASA/IPCC),https://sealevel.nasa.gov/data_tools/17,기관 이용약관,B-008_NASA 해수면 상승 전망 (SSP 1~5).xlsx,1.1_observation(측정값),1612,
B-008,"NASA 해수면 상승 전망[SSP1, SSP2, SSP3, SSP4, SSP5]",observation,vnm-v121-b-008-obs-1613-5b2da560d57d290a,B-008_rsl_1495_ssp126_q95,VNM,2090,0.788,m,,,,,,[전망치],IPCC AR6 Sea Level Projection Tool (NASA/IPCC),https://sealevel.nasa.gov/data_tools/17,기관 이용약관,B-008_NASA 해수면 상승 전망 (SSP 1~5).xlsx,1.1_observation(측정값),1613,
B-008,"NASA 해수면 상승 전망[SSP1, SSP2, SSP3, SSP4, SSP5]",observation,vnm-v121-b-008-obs-1614-0f9102d7b4bcd53a,B-008_rsl_1495_ssp126_q95,VNM,2100,0.916,m,,,,,,[전망치],IPCC AR6 Sea Level Projection Tool (NASA/IPCC),https://sealevel.nasa.gov/data_tools/17,기관 이용약관,B-008_NASA 해수면 상승 전망 (SSP 1~5).xlsx,1.1_observation(측정값),1614,
B-008,"NASA 해수면 상승 전망[SSP1, SSP2, SSP3, SSP4, SSP5]",observation,vnm-v121-b-008-obs-1615-5d1cc23cbaf9e250,B-008_rsl_1495_ssp245_q5,VNM,2020,-0.006,m,,,,,,[전망치],IPCC AR6 Sea Level Projection Tool (NASA/IPCC),https://sealevel.nasa.gov/data_tools/17,기관 이용약관,B-008_NASA 해수면 상승 전망 (SSP 1~5).xlsx,1.1_observation(측정값),1615,
B-008,"NASA 해수면 상승 전망[SSP1, SSP2, SSP3, SSP4, SSP5]",observation,vnm-v121-b-008-obs-1616-fe19a2e3a60c3c05,B-008_rsl_1495_ssp245_q5,VNM,2030,0.023,m,,,,,,[전망치],IPCC AR6 Sea Level Projection Tool (NASA/IPCC),https://sealevel.nasa.gov/data_tools/17,기관 이용약관,B-008_NASA 해수면 상승 전망 (SSP 1~5).xlsx,1.1_observation(측정값),1616,
B-008,"NASA 해수면 상승 전망[SSP1, SSP2, SSP3, SSP4, SSP5]",observation,vnm-v121-b-008-obs-1617-ac276197675c9695,B-008_rsl_1495_ssp245_q5,VNM,2040,0.055,m,,,,,,[전망치],IPCC AR6 Sea Level Projection Tool (NASA/IPCC),https://sealevel.nasa.gov/data_tools/17,기관 이용약관,B-008_NASA 해수면 상승 전망 (SSP 1~5).xlsx,1.1_observation(측정값),1617,
B-008,"NASA 해수면 상승 전망[SSP1, SSP2, SSP3, SSP4, SSP5]",observation,vnm-v121-b-008-obs-1618-ef2501d277d2b24b,B-008_rsl_1495_ssp245_q5,VNM,2050,0.092,m,,,,,,[전망치],IPCC AR6 Sea Level Projection Tool (NASA/IPCC),https://sealevel.nasa.gov/data_tools/17,기관 이용약관,B-008_NASA 해수면 상승 전망 (SSP 1~5).xlsx,1.1_observation(측정값),1618,
B-008,"NASA 해수면 상승 전망[SSP1, SSP2, SSP3, SSP4, SSP5]",observation,vnm-v121-b-008-obs-1619-a13cc8ecf5159bd0,B-008_rsl_1495_ssp245_q5,VNM,2060,0.129,m,,,,,,[전망치],IPCC AR6 Sea Level Projection Tool (NASA/IPCC),https://sealevel.nasa.gov/data_tools/17,기관 이용약관,B-008_NASA 해수면 상승 전망 (SSP 1~5).xlsx,1.1_observation(측정값),1619,
B-008,"NASA 해수면 상승 전망[SSP1, SSP2, SSP3, SSP4, SSP5]",observation,vnm-v121-b-008-obs-1620-8b7a9565a32a6367,B-008_rsl_1495_ssp245_q5,VNM,2070,0.171,m,,,,,,[전망치],IPCC AR6 Sea Level Projection Tool (NASA/IPCC),https://sealevel.nasa.gov/data_tools/17,기관 이용약관,B-008_NASA 해수면 상승 전망 (SSP 1~5).xlsx,1.1_observation(측정값),1620,
B-008,"NASA 해수면 상승 전망[SSP1, SSP2, SSP3, SSP4, SSP5]",observation,vnm-v121-b-008-obs-1621-d69b7407239ec650,B-008_rsl_1495_ssp245_q5,VNM,2080,0.206,m,,,,,,[전망치],IPCC AR6 Sea Level Projection Tool (NASA/IPCC),https://sealevel.nasa.gov/data_tools/17,기관 이용약관,B-008_NASA 해수면 상승 전망 (SSP 1~5).xlsx,1.1_observation(측정값),1621,
B-008,"NASA 해수면 상승 전망[SSP1, SSP2, SSP3, SSP4, SSP5]",observation,vnm-v121-b-008-obs-1622-344dc90cf6974245,B-008_rsl_1495_ssp245_q5,VNM,2090,0.243,m,,,,,,[전망치],IPCC AR6 Sea Level Projection Tool (NASA/IPCC),https://sealevel.nasa.gov/data_tools/17,기관 이용약관,B-008_NASA 해수면 상승 전망 (SSP 1~5).xlsx,1.1_observation(측정값),1622,
B-008,"NASA 해수면 상승 전망[SSP1, SSP2, SSP3, SSP4, SSP5]",observation,vnm-v121-b-008-obs-1623-2fe660d783663fa8,B-008_rsl_1495_ssp245_q5,VNM,2100,0.295,m,,,,,,[전망치],IPCC AR6 Sea Level Projection Tool (NASA/IPCC),https://sealevel.nasa.gov/data_tools/17,기관 이용약관,B-008_NASA 해수면 상승 전망 (SSP 1~5).xlsx,1.1_observation(측정값),1623,
B-008,"NASA 해수면 상승 전망[SSP1, SSP2, SSP3, SSP4, SSP5]",observation,vnm-v121-b-008-obs-1624-b5007766dfee987d,B-008_rsl_1495_ssp245_q95,VNM,2020,0.119,m,,,,,,[전망치],IPCC AR6 Sea Level Projection Tool (NASA/IPCC),https://sealevel.nasa.gov/data_tools/17,기관 이용약관,B-008_NASA 해수면 상승 전망 (SSP 1~5).xlsx,1.1_observation(측정값),1624,
B-008,"NASA 해수면 상승 전망[SSP1, SSP2, SSP3, SSP4, SSP5]",observation,vnm-v121-b-008-obs-1625-e7a621ca9b3fa196,B-008_rsl_1495_ssp245_q95,VNM,2030,0.187,m,,,,,,[전망치],IPCC AR6 Sea Level Projection Tool (NASA/IPCC),https://sealevel.nasa.gov/data_tools/17,기관 이용약관,B-008_NASA 해수면 상승 전망 (SSP 1~5).xlsx,1.1_observation(측정값),1625,
B-008,"NASA 해수면 상승 전망[SSP1, SSP2, SSP3, SSP4, SSP5]",observation,vnm-v121-b-008-obs-1626-fb58cf710ad02a51,B-008_rsl_1495_ssp245_q95,VNM,2040,0.27,m,,,,,,[전망치],IPCC AR6 Sea Level Projection Tool (NASA/IPCC),https://sealevel.nasa.gov/data_tools/17,기관 이용약관,B-008_NASA 해수면 상승 전망 (SSP 1~5).xlsx,1.1_observation(측정값),1626,
B-008,"NASA 해수면 상승 전망[SSP1, SSP2, SSP3, SSP4, SSP5]",observation,vnm-v121-b-008-obs-1627-cb04f19aa633d261,B-008_rsl_1495_ssp245_q95,VNM,2050,0.382,m,,,,,,[전망치],IPCC AR6 Sea Level Projection Tool (NASA/IPCC),https://sealevel.nasa.gov/data_tools/17,기관 이용약관,B-008_NASA 해수면 상승 전망 (SSP 1~5).xlsx,1.1_observation(측정값),1627,
B-008,"NASA 해수면 상승 전망[SSP1, SSP2, SSP3, SSP4, SSP5]",observation,vnm-v121-b-008-obs-1628-c38d8c6abe6d1004,B-008_rsl_1495_ssp245_q95,VNM,2060,0.489,m,,,,,,[전망치],IPCC AR6 Sea Level Projection Tool (NASA/IPCC),https://sealevel.nasa.gov/data_tools/17,기관 이용약관,B-008_NASA 해수면 상승 전망 (SSP 1~5).xlsx,1.1_observation(측정값),1628,
B-008,"NASA 해수면 상승 전망[SSP1, SSP2, SSP3, SSP4, SSP5]",observation,vnm-v121-b-008-obs-1629-ffa931a34bbb1468,B-008_rsl_1495_ssp245_q95,VNM,2070,0.621,m,,,,,,[전망치],IPCC AR6 Sea Level Projection Tool (NASA/IPCC),https://sealevel.nasa.gov/data_tools/17,기관 이용약관,B-008_NASA 해수면 상승 전망 (SSP 1~5).xlsx,1.1_observation(측정값),1629,
B-008,"NASA 해수면 상승 전망[SSP1, SSP2, SSP3, SSP4, SSP5]",observation,vnm-v121-b-008-obs-1630-0996f9114e01d38d,B-008_rsl_1495_ssp245_q95,VNM,2080,0.759,m,,,,,,[전망치],IPCC AR6 Sea Level Projection Tool (NASA/IPCC),https://sealevel.nasa.gov/data_tools/17,기관 이용약관,B-008_NASA 해수면 상승 전망 (SSP 1~5).xlsx,1.1_observation(측정값),1630,
B-008,"NASA 해수면 상승 전망[SSP1, SSP2, SSP3, SSP4, SSP5]",observation,vnm-v121-b-008-obs-1631-f591ef872e8b07f8,B-008_rsl_1495_ssp245_q95,VNM,2090,0.907,m,,,,,,[전망치],IPCC AR6 Sea Level Projection Tool (NASA/IPCC),https://sealevel.nasa.gov/data_tools/17,기관 이용약관,B-008_NASA 해수면 상승 전망 (SSP 1~5).xlsx,1.1_observation(측정값),1631,
B-008,"NASA 해수면 상승 전망[SSP1, SSP2, SSP3, SSP4, SSP5]",observation,vnm-v121-b-008-obs-1632-10f9b586d4e73af0,B-008_rsl_1495_ssp245_q95,VNM,2100,1.079,m,,,,,,[전망치],IPCC AR6 Sea Level Projection Tool (NASA/IPCC),https://sealevel.nasa.gov/data_tools/17,기관 이용약관,B-008_NASA 해수면 상승 전망 (SSP 1~5).xlsx,1.1_observation(측정값),1632,
B-008,"NASA 해수면 상승 전망[SSP1, SSP2, SSP3, SSP4, SSP5]",observation,vnm-v121-b-008-obs-1633-af769b6494a69d83,B-008_rsl_1495_ssp370_q5,VNM,2020,-0.002,m,,,,,,[전망치],IPCC AR6 Sea Level Projection Tool (NASA/IPCC),https://sealevel.nasa.gov/data_tools/17,기관 이용약관,B-008_NASA 해수면 상승 전망 (SSP 1~5).xlsx,1.1_observation(측정값),1633,
B-008,"NASA 해수면 상승 전망[SSP1, SSP2, SSP3, SSP4, SSP5]",observation,vnm-v121-b-008-obs-1634-a2858082636214ee,B-008_rsl_1495_ssp370_q5,VNM,2030,0.025,m,,,,,,[전망치],IPCC AR6 Sea Level Projection Tool (NASA/IPCC),https://sealevel.nasa.gov/data_tools/17,기관 이용약관,B-008_NASA 해수면 상승 전망 (SSP 1~5).xlsx,1.1_observation(측정값),1634,
B-008,"NASA 해수면 상승 전망[SSP1, SSP2, SSP3, SSP4, SSP5]",observation,vnm-v121-b-008-obs-1635-20a8731bb8023b59,B-008_rsl_1495_ssp370_q5,VNM,2040,0.058,m,,,,,,[전망치],IPCC AR6 Sea Level Projection Tool (NASA/IPCC),https://sealevel.nasa.gov/data_tools/17,기관 이용약관,B-008_NASA 해수면 상승 전망 (SSP 1~5).xlsx,1.1_observation(측정값),1635,
B-008,"NASA 해수면 상승 전망[SSP1, SSP2, SSP3, SSP4, SSP5]",observation,vnm-v121-b-008-obs-1636-e323c220d4a7e528,B-008_rsl_1495_ssp370_q5,VNM,2050,0.1,m,,,,,,[전망치],IPCC AR6 Sea Level Projection Tool (NASA/IPCC),https://sealevel.nasa.gov/data_tools/17,기관 이용약관,B-008_NASA 해수면 상승 전망 (SSP 1~5).xlsx,1.1_observation(측정값),1636,
B-008,"NASA 해수면 상승 전망[SSP1, SSP2, SSP3, SSP4, SSP5]",observation,vnm-v121-b-008-obs-1637-ee9565e91ee24756,B-008_rsl_1495_ssp370_q5,VNM,2060,0.14,m,,,,,,[전망치],IPCC AR6 Sea Level Projection Tool (NASA/IPCC),https://sealevel.nasa.gov/data_tools/17,기관 이용약관,B-008_NASA 해수면 상승 전망 (SSP 1~5).xlsx,1.1_observation(측정값),1637,
B-008,"NASA 해수면 상승 전망[SSP1, SSP2, SSP3, SSP4, SSP5]",observation,vnm-v121-b-008-obs-1638-14e13552454736d2,B-008_rsl_1495_ssp370_q5,VNM,2070,0.197,m,,,,,,[전망치],IPCC AR6 Sea Level Projection Tool (NASA/IPCC),https://sealevel.nasa.gov/data_tools/17,기관 이용약관,B-008_NASA 해수면 상승 전망 (SSP 1~5).xlsx,1.1_observation(측정값),1638,
B-008,"NASA 해수면 상승 전망[SSP1, SSP2, SSP3, SSP4, SSP5]",observation,vnm-v121-b-008-obs-1639-78b03f14ecc470fc,B-008_rsl_1495_ssp370_q5,VNM,2080,0.253,m,,,,,,[전망치],IPCC AR6 Sea Level Projection Tool (NASA/IPCC),https://sealevel.nasa.gov/data_tools/17,기관 이용약관,B-008_NASA 해수면 상승 전망 (SSP 1~5).xlsx,1.1_observation(측정값),1639,
B-008,"NASA 해수면 상승 전망[SSP1, SSP2, SSP3, SSP4, SSP5]",observation,vnm-v121-b-008-obs-1640-e4d665124397a19f,B-008_rsl_1495_ssp370_q5,VNM,2090,0.322,m,,,,,,[전망치],IPCC AR6 Sea Level Projection Tool (NASA/IPCC),https://sealevel.nasa.gov/data_tools/17,기관 이용약관,B-008_NASA 해수면 상승 전망 (SSP 1~5).xlsx,1.1_observation(측정값),1640,
B-008,"NASA 해수면 상승 전망[SSP1, SSP2, SSP3, SSP4, SSP5]",observation,vnm-v121-b-008-obs-1641-907a7939efe34ac4,B-008_rsl_1495_ssp370_q5,VNM,2100,0.388,m,,,,,,[전망치],IPCC AR6 Sea Level Projection Tool (NASA/IPCC),https://sealevel.nasa.gov/data_tools/17,기관 이용약관,B-008_NASA 해수면 상승 전망 (SSP 1~5).xlsx,1.1_observation(측정값),1641,
B-008,"NASA 해수면 상승 전망[SSP1, SSP2, SSP3, SSP4, SSP5]",observation,vnm-v121-b-008-obs-1642-d225c7eaf47c6fca,B-008_rsl_1495_ssp370_q95,VNM,2020,0.113,m,,,,,,[전망치],IPCC AR6 Sea Level Projection Tool (NASA/IPCC),https://sealevel.nasa.gov/data_tools/17,기관 이용약관,B-008_NASA 해수면 상승 전망 (SSP 1~5).xlsx,1.1_observation(측정값),1642,
B-008,"NASA 해수면 상승 전망[SSP1, SSP2, SSP3, SSP4, SSP5]",observation,vnm-v121-b-008-obs-1643-a2ef2cdaeeaed2dc,B-008_rsl_1495_ssp370_q95,VNM,2030,0.187,m,,,,,,[전망치],IPCC AR6 Sea Level Projection Tool (NASA/IPCC),https://sealevel.nasa.gov/data_tools/17,기관 이용약관,B-008_NASA 해수면 상승 전망 (SSP 1~5).xlsx,1.1_observation(측정값),1643,
B-008,"NASA 해수면 상승 전망[SSP1, SSP2, SSP3, SSP4, SSP5]",observation,vnm-v121-b-008-obs-1644-a0949f2fd26121be,B-008_rsl_1495_ssp370_q95,VNM,2040,0.273,m,,,,,,[전망치],IPCC AR6 Sea Level Projection Tool (NASA/IPCC),https://sealevel.nasa.gov/data_tools/17,기관 이용약관,B-008_NASA 해수면 상승 전망 (SSP 1~5).xlsx,1.1_observation(측정값),1644,
B-008,"NASA 해수면 상승 전망[SSP1, SSP2, SSP3, SSP4, SSP5]",observation,vnm-v121-b-008-obs-1645-ec94ec43d4cfc97d,B-008_rsl_1495_ssp370_q95,VNM,2050,0.389,m,,,,,,[전망치],IPCC AR6 Sea Level Projection Tool (NASA/IPCC),https://sealevel.nasa.gov/data_tools/17,기관 이용약관,B-008_NASA 해수면 상승 전망 (SSP 1~5).xlsx,1.1_observation(측정값),1645,
B-008,"NASA 해수면 상승 전망[SSP1, SSP2, SSP3, SSP4, SSP5]",observation,vnm-v121-b-008-obs-1646-d5ac5e21be766b73,B-008_rsl_1495_ssp370_q95,VNM,2060,0.508,m,,,,,,[전망치],IPCC AR6 Sea Level Projection Tool (NASA/IPCC),https://sealevel.nasa.gov/data_tools/17,기관 이용약관,B-008_NASA 해수면 상승 전망 (SSP 1~5).xlsx,1.1_observation(측정값),1646,
B-008,"NASA 해수면 상승 전망[SSP1, SSP2, SSP3, SSP4, SSP5]",observation,vnm-v121-b-008-obs-1647-f6edfc78a39bc025,B-008_rsl_1495_ssp370_q95,VNM,2070,0.656,m,,,,,,[전망치],IPCC AR6 Sea Level Projection Tool (NASA/IPCC),https://sealevel.nasa.gov/data_tools/17,기관 이용약관,B-008_NASA 해수면 상승 전망 (SSP 1~5).xlsx,1.1_observation(측정값),1647,
B-008,"NASA 해수면 상승 전망[SSP1, SSP2, SSP3, SSP4, SSP5]",observation,vnm-v121-b-008-obs-1648-871f0138f5f5c392,B-008_rsl_1495_ssp370_q95,VNM,2080,0.825,m,,,,,,[전망치],IPCC AR6 Sea Level Projection Tool (NASA/IPCC),https://sealevel.nasa.gov/data_tools/17,기관 이용약관,B-008_NASA 해수면 상승 전망 (SSP 1~5).xlsx,1.1_observation(측정값),1648,
B-008,"NASA 해수면 상승 전망[SSP1, SSP2, SSP3, SSP4, SSP5]",observation,vnm-v121-b-008-obs-1649-1a9addbc412f8ad0,B-008_rsl_1495_ssp370_q95,VNM,2090,1.017,m,,,,,,[전망치],IPCC AR6 Sea Level Projection Tool (NASA/IPCC),https://sealevel.nasa.gov/data_tools/17,기관 이용약관,B-008_NASA 해수면 상승 전망 (SSP 1~5).xlsx,1.1_observation(측정값),1649,
B-008,"NASA 해수면 상승 전망[SSP1, SSP2, SSP3, SSP4, SSP5]",observation,vnm-v121-b-008-obs-1650-e4d295d94bd2d267,B-008_rsl_1495_ssp370_q95,VNM,2100,1.236,m,,,,,,[전망치],IPCC AR6 Sea Level Projection Tool (NASA/IPCC),https://sealevel.nasa.gov/data_tools/17,기관 이용약관,B-008_NASA 해수면 상승 전망 (SSP 1~5).xlsx,1.1_observation(측정값),1650,
B-008,"NASA 해수면 상승 전망[SSP1, SSP2, SSP3, SSP4, SSP5]",observation,vnm-v121-b-008-obs-1651-62a39e5f13bb6af5,B-008_rsl_1495_ssp585_q5,VNM,2020,-0.002,m,,,,,,[전망치],IPCC AR6 Sea Level Projection Tool (NASA/IPCC),https://sealevel.nasa.gov/data_tools/17,기관 이용약관,B-008_NASA 해수면 상승 전망 (SSP 1~5).xlsx,1.1_observation(측정값),1651,
B-008,"NASA 해수면 상승 전망[SSP1, SSP2, SSP3, SSP4, SSP5]",observation,vnm-v121-b-008-obs-1652-bd84297c698fe132,B-008_rsl_1495_ssp585_q5,VNM,2030,0.032,m,,,,,,[전망치],IPCC AR6 Sea Level Projection Tool (NASA/IPCC),https://sealevel.nasa.gov/data_tools/17,기관 이용약관,B-008_NASA 해수면 상승 전망 (SSP 1~5).xlsx,1.1_observation(측정값),1652,
B-008,"NASA 해수면 상승 전망[SSP1, SSP2, SSP3, SSP4, SSP5]",observation,vnm-v121-b-008-obs-1653-5555d7fdb20a816d,B-008_rsl_1495_ssp585_q5,VNM,2040,0.065,m,,,,,,[전망치],IPCC AR6 Sea Level Projection Tool (NASA/IPCC),https://sealevel.nasa.gov/data_tools/17,기관 이용약관,B-008_NASA 해수면 상승 전망 (SSP 1~5).xlsx,1.1_observation(측정값),1653,
B-008,"NASA 해수면 상승 전망[SSP1, SSP2, SSP3, SSP4, SSP5]",observation,vnm-v121-b-008-obs-1654-ec4002612e9438f8,B-008_rsl_1495_ssp585_q5,VNM,2050,0.117,m,,,,,,[전망치],IPCC AR6 Sea Level Projection Tool (NASA/IPCC),https://sealevel.nasa.gov/data_tools/17,기관 이용약관,B-008_NASA 해수면 상승 전망 (SSP 1~5).xlsx,1.1_observation(측정값),1654,
B-008,"NASA 해수면 상승 전망[SSP1, SSP2, SSP3, SSP4, SSP5]",observation,vnm-v121-b-008-obs-1655-3b90a5f894861d56,B-008_rsl_1495_ssp585_q5,VNM,2060,0.163,m,,,,,,[전망치],IPCC AR6 Sea Level Projection Tool (NASA/IPCC),https://sealevel.nasa.gov/data_tools/17,기관 이용약관,B-008_NASA 해수면 상승 전망 (SSP 1~5).xlsx,1.1_observation(측정값),1655,
B-008,"NASA 해수면 상승 전망[SSP1, SSP2, SSP3, SSP4, SSP5]",observation,vnm-v121-b-008-obs-1656-8fad0666465b110f,B-008_rsl_1495_ssp585_q5,VNM,2070,0.228,m,,,,,,[전망치],IPCC AR6 Sea Level Projection Tool (NASA/IPCC),https://sealevel.nasa.gov/data_tools/17,기관 이용약관,B-008_NASA 해수면 상승 전망 (SSP 1~5).xlsx,1.1_observation(측정값),1656,
B-008,"NASA 해수면 상승 전망[SSP1, SSP2, SSP3, SSP4, SSP5]",observation,vnm-v121-b-008-obs-1657-e9c694d8b6aa3cae,B-008_rsl_1495_ssp585_q5,VNM,2080,0.3,m,,,,,,[전망치],IPCC AR6 Sea Level Projection Tool (NASA/IPCC),https://sealevel.nasa.gov/data_tools/17,기관 이용약관,B-008_NASA 해수면 상승 전망 (SSP 1~5).xlsx,1.1_observation(측정값),1657,
B-008,"NASA 해수면 상승 전망[SSP1, SSP2, SSP3, SSP4, SSP5]",observation,vnm-v121-b-008-obs-1658-6bf151f28870de2e,B-008_rsl_1495_ssp585_q5,VNM,2090,0.388,m,,,,,,[전망치],IPCC AR6 Sea Level Projection Tool (NASA/IPCC),https://sealevel.nasa.gov/data_tools/17,기관 이용약관,B-008_NASA 해수면 상승 전망 (SSP 1~5).xlsx,1.1_observation(측정값),1658,
B-008,"NASA 해수면 상승 전망[SSP1, SSP2, SSP3, SSP4, SSP5]",observation,vnm-v121-b-008-obs-1659-10e5a565dcc4f4b0,B-008_rsl_1495_ssp585_q5,VNM,2100,0.479,m,,,,,,[전망치],IPCC AR6 Sea Level Projection Tool (NASA/IPCC),https://sealevel.nasa.gov/data_tools/17,기관 이용약관,B-008_NASA 해수면 상승 전망 (SSP 1~5).xlsx,1.1_observation(측정값),1659,
B-008,"NASA 해수면 상승 전망[SSP1, SSP2, SSP3, SSP4, SSP5]",observation,vnm-v121-b-008-obs-1660-fe6b43c37f928245,B-008_rsl_1495_ssp585_q95,VNM,2020,0.108,m,,,,,,[전망치],IPCC AR6 Sea Level Projection Tool (NASA/IPCC),https://sealevel.nasa.gov/data_tools/17,기관 이용약관,B-008_NASA 해수면 상승 전망 (SSP 1~5).xlsx,1.1_observation(측정값),1660,
B-008,"NASA 해수면 상승 전망[SSP1, SSP2, SSP3, SSP4, SSP5]",observation,vnm-v121-b-008-obs-1661-41f8dcc59fc1ab36,B-008_rsl_1495_ssp585_q95,VNM,2030,0.19,m,,,,,,[전망치],IPCC AR6 Sea Level Projection Tool (NASA/IPCC),https://sealevel.nasa.gov/data_tools/17,기관 이용약관,B-008_NASA 해수면 상승 전망 (SSP 1~5).xlsx,1.1_observation(측정값),1661,
B-008,"NASA 해수면 상승 전망[SSP1, SSP2, SSP3, SSP4, SSP5]",observation,vnm-v121-b-008-obs-1662-36e288668b842111,B-008_rsl_1495_ssp585_q95,VNM,2040,0.297,m,,,,,,[전망치],IPCC AR6 Sea Level Projection Tool (NASA/IPCC),https://sealevel.nasa.gov/data_tools/17,기관 이용약관,B-008_NASA 해수면 상승 전망 (SSP 1~5).xlsx,1.1_observation(측정값),1662,
B-008,"NASA 해수면 상승 전망[SSP1, SSP2, SSP3, SSP4, SSP5]",observation,vnm-v121-b-008-obs-1663-35126ee5e56ae51e,B-008_rsl_1495_ssp585_q95,VNM,2050,0.418,m,,,,,,[전망치],IPCC AR6 Sea Level Projection Tool (NASA/IPCC),https://sealevel.nasa.gov/data_tools/17,기관 이용약관,B-008_NASA 해수면 상승 전망 (SSP 1~5).xlsx,1.1_observation(측정값),1663,
B-008,"NASA 해수면 상승 전망[SSP1, SSP2, SSP3, SSP4, SSP5]",observation,vnm-v121-b-008-obs-1664-9d918e1aef1576fd,B-008_rsl_1495_ssp585_q95,VNM,2060,0.552,m,,,,,,[전망치],IPCC AR6 Sea Level Projection Tool (NASA/IPCC),https://sealevel.nasa.gov/data_tools/17,기관 이용약관,B-008_NASA 해수면 상승 전망 (SSP 1~5).xlsx,1.1_observation(측정값),1664,
B-008,"NASA 해수면 상승 전망[SSP1, SSP2, SSP3, SSP4, SSP5]",observation,vnm-v121-b-008-obs-1665-af7dbf3ce8aee535,B-008_rsl_1495_ssp585_q95,VNM,2070,0.721,m,,,,,,[전망치],IPCC AR6 Sea Level Projection Tool (NASA/IPCC),https://sealevel.nasa.gov/data_tools/17,기관 이용약관,B-008_NASA 해수면 상승 전망 (SSP 1~5).xlsx,1.1_observation(측정값),1665,
B-008,"NASA 해수면 상승 전망[SSP1, SSP2, SSP3, SSP4, SSP5]",observation,vnm-v121-b-008-obs-1666-b4167c1144410523,B-008_rsl_1495_ssp585_q95,VNM,2080,0.914,m,,,,,,[전망치],IPCC AR6 Sea Level Projection Tool (NASA/IPCC),https://sealevel.nasa.gov/data_tools/17,기관 이용약관,B-008_NASA 해수면 상승 전망 (SSP 1~5).xlsx,1.1_observation(측정값),1666,
B-008,"NASA 해수면 상승 전망[SSP1, SSP2, SSP3, SSP4, SSP5]",observation,vnm-v121-b-008-obs-1667-767eb86e4e4e3124,B-008_rsl_1495_ssp585_q95,VNM,2090,1.134,m,,,,,,[전망치],IPCC AR6 Sea Level Projection Tool (NASA/IPCC),https://sealevel.nasa.gov/data_tools/17,기관 이용약관,B-008_NASA 해수면 상승 전망 (SSP 1~5).xlsx,1.1_observation(측정값),1667,
B-008,"NASA 해수면 상승 전망[SSP1, SSP2, SSP3, SSP4, SSP5]",observation,vnm-v121-b-008-obs-1668-2477fc9a98fef7de,B-008_rsl_1495_ssp585_q95,VNM,2100,1.389,m,,,,,,[전망치],IPCC AR6 Sea Level Projection Tool (NASA/IPCC),https://sealevel.nasa.gov/data_tools/17,기관 이용약관,B-008_NASA 해수면 상승 전망 (SSP 1~5).xlsx,1.1_observation(측정값),1668,
B-008,"NASA 해수면 상승 전망[SSP1, SSP2, SSP3, SSP4, SSP5]",observation,vnm-v121-b-008-obs-1669-7bb1fe7225991917,B-008_rsl_low_1495_ssp126_q5,VNM,2020,-0.018,m,,,,,,[전망치],IPCC AR6 Sea Level Projection Tool (NASA/IPCC),https://sealevel.nasa.gov/data_tools/17,기관 이용약관,B-008_NASA 해수면 상승 전망 (SSP 1~5).xlsx,1.1_observation(측정값),1669,
B-008,"NASA 해수면 상승 전망[SSP1, SSP2, SSP3, SSP4, SSP5]",observation,vnm-v121-b-008-obs-1670-2777e32d05a9d3c2,B-008_rsl_low_1495_ssp126_q5,VNM,2030,0.012,m,,,,,,[전망치],IPCC AR6 Sea Level Projection Tool (NASA/IPCC),https://sealevel.nasa.gov/data_tools/17,기관 이용약관,B-008_NASA 해수면 상승 전망 (SSP 1~5).xlsx,1.1_observation(측정값),1670,
B-008,"NASA 해수면 상승 전망[SSP1, SSP2, SSP3, SSP4, SSP5]",observation,vnm-v121-b-008-obs-1671-5e66880b44be1c3a,B-008_rsl_low_1495_ssp126_q5,VNM,2040,0.043,m,,,,,,[전망치],IPCC AR6 Sea Level Projection Tool (NASA/IPCC),https://sealevel.nasa.gov/data_tools/17,기관 이용약관,B-008_NASA 해수면 상승 전망 (SSP 1~5).xlsx,1.1_observation(측정값),1671,
B-008,"NASA 해수면 상승 전망[SSP1, SSP2, SSP3, SSP4, SSP5]",observation,vnm-v121-b-008-obs-1672-b3b914fad39dd9f8,B-008_rsl_low_1495_ssp126_q5,VNM,2050,0.08,m,,,,,,[전망치],IPCC AR6 Sea Level Projection Tool (NASA/IPCC),https://sealevel.nasa.gov/data_tools/17,기관 이용약관,B-008_NASA 해수면 상승 전망 (SSP 1~5).xlsx,1.1_observation(측정값),1672,
B-008,"NASA 해수면 상승 전망[SSP1, SSP2, SSP3, SSP4, SSP5]",observation,vnm-v121-b-008-obs-1673-6f2e01026ed5fc0f,B-008_rsl_low_1495_ssp126_q5,VNM,2060,0.105,m,,,,,,[전망치],IPCC AR6 Sea Level Projection Tool (NASA/IPCC),https://sealevel.nasa.gov/data_tools/17,기관 이용약관,B-008_NASA 해수면 상승 전망 (SSP 1~5).xlsx,1.1_observation(측정값),1673,
B-008,"NASA 해수면 상승 전망[SSP1, SSP2, SSP3, SSP4, SSP5]",observation,vnm-v121-b-008-obs-1674-e28d7cdd42d8df6d,B-008_rsl_low_1495_ssp126_q5,VNM,2070,0.136,m,,,,,,[전망치],IPCC AR6 Sea Level Projection Tool (NASA/IPCC),https://sealevel.nasa.gov/data_tools/17,기관 이용약관,B-008_NASA 해수면 상승 전망 (SSP 1~5).xlsx,1.1_observation(측정값),1674,
B-008,"NASA 해수면 상승 전망[SSP1, SSP2, SSP3, SSP4, SSP5]",observation,vnm-v121-b-008-obs-1675-61adc8e1fcef7ab6,B-008_rsl_low_1495_ssp126_q5,VNM,2080,0.157,m,,,,,,[전망치],IPCC AR6 Sea Level Projection Tool (NASA/IPCC),https://sealevel.nasa.gov/data_tools/17,기관 이용약관,B-008_NASA 해수면 상승 전망 (SSP 1~5).xlsx,1.1_observation(측정값),1675,
B-008,"NASA 해수면 상승 전망[SSP1, SSP2, SSP3, SSP4, SSP5]",observation,vnm-v121-b-008-obs-1676-108d851185233cae,B-008_rsl_low_1495_ssp126_q5,VNM,2090,0.18,m,,,,,,[전망치],IPCC AR6 Sea Level Projection Tool (NASA/IPCC),https://sealevel.nasa.gov/data_tools/17,기관 이용약관,B-008_NASA 해수면 상승 전망 (SSP 1~5).xlsx,1.1_observation(측정값),1676,
B-008,"NASA 해수면 상승 전망[SSP1, SSP2, SSP3, SSP4, SSP5]",observation,vnm-v121-b-008-obs-1677-4ce584db1d368081,B-008_rsl_low_1495_ssp126_q5,VNM,2100,0.164,m,,,,,,[전망치],IPCC AR6 Sea Level Projection Tool (NASA/IPCC),https://sealevel.nasa.gov/data_tools/17,기관 이용약관,B-008_NASA 해수면 상승 전망 (SSP 1~5).xlsx,1.1_observation(측정값),1677,
B-008,"NASA 해수면 상승 전망[SSP1, SSP2, SSP3, SSP4, SSP5]",observation,vnm-v121-b-008-obs-1678-c781ed531d89174a,B-008_rsl_low_1495_ssp126_q17,VNM,2020,0.012,m,,,,,,[전망치],IPCC AR6 Sea Level Projection Tool (NASA/IPCC),https://sealevel.nasa.gov/data_tools/17,기관 이용약관,B-008_NASA 해수면 상승 전망 (SSP 1~5).xlsx,1.1_observation(측정값),1678,
B-008,"NASA 해수면 상승 전망[SSP1, SSP2, SSP3, SSP4, SSP5]",observation,vnm-v121-b-008-obs-1679-af38807b32d23e9b,B-008_rsl_low_1495_ssp126_q17,VNM,2030,0.046,m,,,,,,[전망치],IPCC AR6 Sea Level Projection Tool (NASA/IPCC),https://sealevel.nasa.gov/data_tools/17,기관 이용약관,B-008_NASA 해수면 상승 전망 (SSP 1~5).xlsx,1.1_observation(측정값),1679,
B-008,"NASA 해수면 상승 전망[SSP1, SSP2, SSP3, SSP4, SSP5]",observation,vnm-v121-b-008-obs-1680-f67f6300102f2caf,B-008_rsl_low_1495_ssp126_q17,VNM,2040,0.082,m,,,,,,[전망치],IPCC AR6 Sea Level Projection Tool (NASA/IPCC),https://sealevel.nasa.gov/data_tools/17,기관 이용약관,B-008_NASA 해수면 상승 전망 (SSP 1~5).xlsx,1.1_observation(측정값),1680,
B-008,"NASA 해수면 상승 전망[SSP1, SSP2, SSP3, SSP4, SSP5]",observation,vnm-v121-b-008-obs-1681-58c26805d0df7b7d,B-008_rsl_low_1495_ssp126_q17,VNM,2050,0.127,m,,,,,,[전망치],IPCC AR6 Sea Level Projection Tool (NASA/IPCC),https://sealevel.nasa.gov/data_tools/17,기관 이용약관,B-008_NASA 해수면 상승 전망 (SSP 1~5).xlsx,1.1_observation(측정값),1681,
B-008,"NASA 해수면 상승 전망[SSP1, SSP2, SSP3, SSP4, SSP5]",observation,vnm-v121-b-008-obs-1682-f5cf114bc7912841,B-008_rsl_low_1495_ssp126_q17,VNM,2060,0.161,m,,,,,,[전망치],IPCC AR6 Sea Level Projection Tool (NASA/IPCC),https://sealevel.nasa.gov/data_tools/17,기관 이용약관,B-008_NASA 해수면 상승 전망 (SSP 1~5).xlsx,1.1_observation(측정값),1682,
B-008,"NASA 해수면 상승 전망[SSP1, SSP2, SSP3, SSP4, SSP5]",observation,vnm-v121-b-008-obs-1683-1cc1c6e473cbdaa2,B-008_rsl_low_1495_ssp126_q17,VNM,2070,0.203,m,,,,,,[전망치],IPCC AR6 Sea Level Projection Tool (NASA/IPCC),https://sealevel.nasa.gov/data_tools/17,기관 이용약관,B-008_NASA 해수면 상승 전망 (SSP 1~5).xlsx,1.1_observation(측정값),1683,
B-008,"NASA 해수면 상승 전망[SSP1, SSP2, SSP3, SSP4, SSP5]",observation,vnm-v121-b-008-obs-1684-b436f868ef09aec8,B-008_rsl_low_1495_ssp126_q17,VNM,2080,0.237,m,,,,,,[전망치],IPCC AR6 Sea Level Projection Tool (NASA/IPCC),https://sealevel.nasa.gov/data_tools/17,기관 이용약관,B-008_NASA 해수면 상승 전망 (SSP 1~5).xlsx,1.1_observation(측정값),1684,
B-008,"NASA 해수면 상승 전망[SSP1, SSP2, SSP3, SSP4, SSP5]",observation,vnm-v121-b-008-obs-1685-3af9b5789b3714e6,B-008_rsl_low_1495_ssp126_q17,VNM,2090,0.27,m,,,,,,[전망치],IPCC AR6 Sea Level Projection Tool (NASA/IPCC),https://sealevel.nasa.gov/data_tools/17,기관 이용약관,B-008_NASA 해수면 상승 전망 (SSP 1~5).xlsx,1.1_observation(측정값),1685,
B-008,"NASA 해수면 상승 전망[SSP1, SSP2, SSP3, SSP4, SSP5]",observation,vnm-v121-b-008-obs-1686-a6d5626f4651366e,B-008_rsl_low_1495_ssp126_q17,VNM,2100,0.281,m,,,,,,[전망치],IPCC AR6 Sea Level Projection Tool (NASA/IPCC),https://sealevel.nasa.gov/data_tools/17,기관 이용약관,B-008_NASA 해수면 상승 전망 (SSP 1~5).xlsx,1.1_observation(측정값),1686,
B-008,"NASA 해수면 상승 전망[SSP1, SSP2, SSP3, SSP4, SSP5]",observation,vnm-v121-b-008-obs-1687-2b3944c7ed3fc189,B-008_rsl_low_1495_ssp126_q50,VNM,2020,0.056,m,,,,,,[전망치],IPCC AR6 Sea Level Projection Tool (NASA/IPCC),https://sealevel.nasa.gov/data_tools/17,기관 이용약관,B-008_NASA 해수면 상승 전망 (SSP 1~5).xlsx,1.1_observation(측정값),1687,
B-008,"NASA 해수면 상승 전망[SSP1, SSP2, SSP3, SSP4, SSP5]",observation,vnm-v121-b-008-obs-1688-22dff5037dd66e67,B-008_rsl_low_1495_ssp126_q50,VNM,2030,0.101,m,,,,,,[전망치],IPCC AR6 Sea Level Projection Tool (NASA/IPCC),https://sealevel.nasa.gov/data_tools/17,기관 이용약관,B-008_NASA 해수면 상승 전망 (SSP 1~5).xlsx,1.1_observation(측정값),1688,
B-008,"NASA 해수면 상승 전망[SSP1, SSP2, SSP3, SSP4, SSP5]",observation,vnm-v121-b-008-obs-1689-ae91e6ec28890ce1,B-008_rsl_low_1495_ssp126_q50,VNM,2040,0.15,m,,,,,,[전망치],IPCC AR6 Sea Level Projection Tool (NASA/IPCC),https://sealevel.nasa.gov/data_tools/17,기관 이용약관,B-008_NASA 해수면 상승 전망 (SSP 1~5).xlsx,1.1_observation(측정값),1689,
B-008,"NASA 해수면 상승 전망[SSP1, SSP2, SSP3, SSP4, SSP5]",observation,vnm-v121-b-008-obs-1690-0f85d6869acb21a7,B-008_rsl_low_1495_ssp126_q50,VNM,2050,0.211,m,,,,,,[전망치],IPCC AR6 Sea Level Projection Tool (NASA/IPCC),https://sealevel.nasa.gov/data_tools/17,기관 이용약관,B-008_NASA 해수면 상승 전망 (SSP 1~5).xlsx,1.1_observation(측정값),1690,
B-008,"NASA 해수면 상승 전망[SSP1, SSP2, SSP3, SSP4, SSP5]",observation,vnm-v121-b-008-obs-1691-929e603b960049df,B-008_rsl_low_1495_ssp126_q50,VNM,2060,0.265,m,,,,,,[전망치],IPCC AR6 Sea Level Projection Tool (NASA/IPCC),https://sealevel.nasa.gov/data_tools/17,기관 이용약관,B-008_NASA 해수면 상승 전망 (SSP 1~5).xlsx,1.1_observation(측정값),1691,
B-008,"NASA 해수면 상승 전망[SSP1, SSP2, SSP3, SSP4, SSP5]",observation,vnm-v121-b-008-obs-1692-ebebab8e71194130,B-008_rsl_low_1495_ssp126_q50,VNM,2070,0.329,m,,,,,,[전망치],IPCC AR6 Sea Level Projection Tool (NASA/IPCC),https://sealevel.nasa.gov/data_tools/17,기관 이용약관,B-008_NASA 해수면 상승 전망 (SSP 1~5).xlsx,1.1_observation(측정값),1692,
B-008,"NASA 해수면 상승 전망[SSP1, SSP2, SSP3, SSP4, SSP5]",observation,vnm-v121-b-008-obs-1693-2b081a03ce1b8502,B-008_rsl_low_1495_ssp126_q50,VNM,2080,0.386,m,,,,,,[전망치],IPCC AR6 Sea Level Projection Tool (NASA/IPCC),https://sealevel.nasa.gov/data_tools/17,기관 이용약관,B-008_NASA 해수면 상승 전망 (SSP 1~5).xlsx,1.1_observation(측정값),1693,
B-008,"NASA 해수면 상승 전망[SSP1, SSP2, SSP3, SSP4, SSP5]",observation,vnm-v121-b-008-obs-1694-daef872890c280bd,B-008_rsl_low_1495_ssp126_q50,VNM,2090,0.443,m,,,,,,[전망치],IPCC AR6 Sea Level Projection Tool (NASA/IPCC),https://sealevel.nasa.gov/data_tools/17,기관 이용약관,B-008_NASA 해수면 상승 전망 (SSP 1~5).xlsx,1.1_observation(측정값),1694,
B-008,"NASA 해수면 상승 전망[SSP1, SSP2, SSP3, SSP4, SSP5]",observation,vnm-v121-b-008-obs-1695-d2eca19c8024e545,B-008_rsl_low_1495_ssp126_q50,VNM,2100,0.499,m,,,,,,[전망치],IPCC AR6 Sea Level Projection Tool (NASA/IPCC),https://sealevel.nasa.gov/data_tools/17,기관 이용약관,B-008_NASA 해수면 상승 전망 (SSP 1~5).xlsx,1.1_observation(측정값),1695,
B-008,"NASA 해수면 상승 전망[SSP1, SSP2, SSP3, SSP4, SSP5]",observation,vnm-v121-b-008-obs-1696-e2fe4445c4c6ce9e,B-008_rsl_low_1495_ssp126_q83,VNM,2020,0.105,m,,,,,,[전망치],IPCC AR6 Sea Level Projection Tool (NASA/IPCC),https://sealevel.nasa.gov/data_tools/17,기관 이용약관,B-008_NASA 해수면 상승 전망 (SSP 1~5).xlsx,1.1_observation(측정값),1696,
B-008,"NASA 해수면 상승 전망[SSP1, SSP2, SSP3, SSP4, SSP5]",observation,vnm-v121-b-008-obs-1697-af53f34a2df52d81,B-008_rsl_low_1495_ssp126_q83,VNM,2030,0.172,m,,,,,,[전망치],IPCC AR6 Sea Level Projection Tool (NASA/IPCC),https://sealevel.nasa.gov/data_tools/17,기관 이용약관,B-008_NASA 해수면 상승 전망 (SSP 1~5).xlsx,1.1_observation(측정값),1697,
B-008,"NASA 해수면 상승 전망[SSP1, SSP2, SSP3, SSP4, SSP5]",observation,vnm-v121-b-008-obs-1698-a1a4642d58809e50,B-008_rsl_low_1495_ssp126_q83,VNM,2040,0.257,m,,,,,,[전망치],IPCC AR6 Sea Level Projection Tool (NASA/IPCC),https://sealevel.nasa.gov/data_tools/17,기관 이용약관,B-008_NASA 해수면 상승 전망 (SSP 1~5).xlsx,1.1_observation(측정값),1698,
B-008,"NASA 해수면 상승 전망[SSP1, SSP2, SSP3, SSP4, SSP5]",observation,vnm-v121-b-008-obs-1699-9c617eb8088b7383,B-008_rsl_low_1495_ssp126_q83,VNM,2050,0.355,m,,,,,,[전망치],IPCC AR6 Sea Level Projection Tool (NASA/IPCC),https://sealevel.nasa.gov/data_tools/17,기관 이용약관,B-008_NASA 해수면 상승 전망 (SSP 1~5).xlsx,1.1_observation(측정값),1699,
B-008,"NASA 해수면 상승 전망[SSP1, SSP2, SSP3, SSP4, SSP5]",observation,vnm-v121-b-008-obs-1700-f8a52ca9ce24761d,B-008_rsl_low_1495_ssp126_q83,VNM,2060,0.455,m,,,,,,[전망치],IPCC AR6 Sea Level Projection Tool (NASA/IPCC),https://sealevel.nasa.gov/data_tools/17,기관 이용약관,B-008_NASA 해수면 상승 전망 (SSP 1~5).xlsx,1.1_observation(측정값),1700,
B-008,"NASA 해수면 상승 전망[SSP1, SSP2, SSP3, SSP4, SSP5]",observation,vnm-v121-b-008-obs-1701-a18e9467313a9332,B-008_rsl_low_1495_ssp126_q83,VNM,2070,0.559,m,,,,,,[전망치],IPCC AR6 Sea Level Projection Tool (NASA/IPCC),https://sealevel.nasa.gov/data_tools/17,기관 이용약관,B-008_NASA 해수면 상승 전망 (SSP 1~5).xlsx,1.1_observation(측정값),1701,
B-008,"NASA 해수면 상승 전망[SSP1, SSP2, SSP3, SSP4, SSP5]",observation,vnm-v121-b-008-obs-1702-8af5347ac9effec1,B-008_rsl_low_1495_ssp126_q83,VNM,2080,0.664,m,,,,,,[전망치],IPCC AR6 Sea Level Projection Tool (NASA/IPCC),https://sealevel.nasa.gov/data_tools/17,기관 이용약관,B-008_NASA 해수면 상승 전망 (SSP 1~5).xlsx,1.1_observation(측정값),1702,
B-008,"NASA 해수면 상승 전망[SSP1, SSP2, SSP3, SSP4, SSP5]",observation,vnm-v121-b-008-obs-1703-3039fe0bfcf454f7,B-008_rsl_low_1495_ssp126_q83,VNM,2090,0.772,m,,,,,,[전망치],IPCC AR6 Sea Level Projection Tool (NASA/IPCC),https://sealevel.nasa.gov/data_tools/17,기관 이용약관,B-008_NASA 해수면 상승 전망 (SSP 1~5).xlsx,1.1_observation(측정값),1703,
B-008,"NASA 해수면 상승 전망[SSP1, SSP2, SSP3, SSP4, SSP5]",observation,vnm-v121-b-008-obs-1704-241df0507b4872cd,B-008_rsl_low_1495_ssp126_q83,VNM,2100,0.901,m,,,,,,[전망치],IPCC AR6 Sea Level Projection Tool (NASA/IPCC),https://sealevel.nasa.gov/data_tools/17,기관 이용약관,B-008_NASA 해수면 상승 전망 (SSP 1~5).xlsx,1.1_observation(측정값),1704,
B-008,"NASA 해수면 상승 전망[SSP1, SSP2, SSP3, SSP4, SSP5]",observation,vnm-v121-b-008-obs-1705-6431f3f814e84ebe,B-008_rsl_low_1495_ssp126_q95,VNM,2020,0.135,m,,,,,,[전망치],IPCC AR6 Sea Level Projection Tool (NASA/IPCC),https://sealevel.nasa.gov/data_tools/17,기관 이용약관,B-008_NASA 해수면 상승 전망 (SSP 1~5).xlsx,1.1_observation(측정값),1705,
B-008,"NASA 해수면 상승 전망[SSP1, SSP2, SSP3, SSP4, SSP5]",observation,vnm-v121-b-008-obs-1706-802a98c9676d5579,B-008_rsl_low_1495_ssp126_q95,VNM,2030,0.215,m,,,,,,[전망치],IPCC AR6 Sea Level Projection Tool (NASA/IPCC),https://sealevel.nasa.gov/data_tools/17,기관 이용약관,B-008_NASA 해수면 상승 전망 (SSP 1~5).xlsx,1.1_observation(측정값),1706,
B-008,"NASA 해수면 상승 전망[SSP1, SSP2, SSP3, SSP4, SSP5]",observation,vnm-v121-b-008-obs-1707-998023247d9c214d,B-008_rsl_low_1495_ssp126_q95,VNM,2040,0.327,m,,,,,,[전망치],IPCC AR6 Sea Level Projection Tool (NASA/IPCC),https://sealevel.nasa.gov/data_tools/17,기관 이용약관,B-008_NASA 해수면 상승 전망 (SSP 1~5).xlsx,1.1_observation(측정값),1707,
B-008,"NASA 해수면 상승 전망[SSP1, SSP2, SSP3, SSP4, SSP5]",observation,vnm-v121-b-008-obs-1708-d2ef2203cc09ee46,B-008_rsl_low_1495_ssp126_q95,VNM,2050,0.457,m,,,,,,[전망치],IPCC AR6 Sea Level Projection Tool (NASA/IPCC),https://sealevel.nasa.gov/data_tools/17,기관 이용약관,B-008_NASA 해수면 상승 전망 (SSP 1~5).xlsx,1.1_observation(측정값),1708,
B-008,"NASA 해수면 상승 전망[SSP1, SSP2, SSP3, SSP4, SSP5]",observation,vnm-v121-b-008-obs-1709-f3058795f00e8fa1,B-008_rsl_low_1495_ssp126_q95,VNM,2060,0.583,m,,,,,,[전망치],IPCC AR6 Sea Level Projection Tool (NASA/IPCC),https://sealevel.nasa.gov/data_tools/17,기관 이용약관,B-008_NASA 해수면 상승 전망 (SSP 1~5).xlsx,1.1_observation(측정값),1709,
B-008,"NASA 해수면 상승 전망[SSP1, SSP2, SSP3, SSP4, SSP5]",observation,vnm-v121-b-008-obs-1710-6b67cb6a75fd03b9,B-008_rsl_low_1495_ssp126_q95,VNM,2070,0.724,m,,,,,,[전망치],IPCC AR6 Sea Level Projection Tool (NASA/IPCC),https://sealevel.nasa.gov/data_tools/17,기관 이용약관,B-008_NASA 해수면 상승 전망 (SSP 1~5).xlsx,1.1_observation(측정값),1710,
B-008,"NASA 해수면 상승 전망[SSP1, SSP2, SSP3, SSP4, SSP5]",observation,vnm-v121-b-008-obs-1711-f57b6cedba2b5dd6,B-008_rsl_low_1495_ssp126_q95,VNM,2080,0.878,m,,,,,,[전망치],IPCC AR6 Sea Level Projection Tool (NASA/IPCC),https://sealevel.nasa.gov/data_tools/17,기관 이용약관,B-008_NASA 해수면 상승 전망 (SSP 1~5).xlsx,1.1_observation(측정값),1711,
B-008,"NASA 해수면 상승 전망[SSP1, SSP2, SSP3, SSP4, SSP5]",observation,vnm-v121-b-008-obs-1712-5860922475d9f3bc,B-008_rsl_low_1495_ssp126_q95,VNM,2090,1.042,m,,,,,,[전망치],IPCC AR6 Sea Level Projection Tool (NASA/IPCC),https://sealevel.nasa.gov/data_tools/17,기관 이용약관,B-008_NASA 해수면 상승 전망 (SSP 1~5).xlsx,1.1_observation(측정값),1712,
B-008,"NASA 해수면 상승 전망[SSP1, SSP2, SSP3, SSP4, SSP5]",observation,vnm-v121-b-008-obs-1713-4b0c4ae2f831ede3,B-008_rsl_low_1495_ssp126_q95,VNM,2100,1.228,m,,,,,,[전망치],IPCC AR6 Sea Level Projection Tool (NASA/IPCC),https://sealevel.nasa.gov/data_tools/17,기관 이용약관,B-008_NASA 해수면 상승 전망 (SSP 1~5).xlsx,1.1_observation(측정값),1713,
B-008,"NASA 해수면 상승 전망[SSP1, SSP2, SSP3, SSP4, SSP5]",observation,vnm-v121-b-008-obs-1714-860504ed7c4ca901,B-008_rsl_low_1495_ssp585_q5,VNM,2020,-0.003,m,,,,,,[전망치],IPCC AR6 Sea Level Projection Tool (NASA/IPCC),https://sealevel.nasa.gov/data_tools/17,기관 이용약관,B-008_NASA 해수면 상승 전망 (SSP 1~5).xlsx,1.1_observation(측정값),1714,
B-008,"NASA 해수면 상승 전망[SSP1, SSP2, SSP3, SSP4, SSP5]",observation,vnm-v121-b-008-obs-1715-e77ff121431f11d1,B-008_rsl_low_1495_ssp585_q5,VNM,2030,0.031,m,,,,,,[전망치],IPCC AR6 Sea Level Projection Tool (NASA/IPCC),https://sealevel.nasa.gov/data_tools/17,기관 이용약관,B-008_NASA 해수면 상승 전망 (SSP 1~5).xlsx,1.1_observation(측정값),1715,
B-008,"NASA 해수면 상승 전망[SSP1, SSP2, SSP3, SSP4, SSP5]",observation,vnm-v121-b-008-obs-1716-5f8ff8ba35329b81,B-008_rsl_low_1495_ssp585_q5,VNM,2040,0.063,m,,,,,,[전망치],IPCC AR6 Sea Level Projection Tool (NASA/IPCC),https://sealevel.nasa.gov/data_tools/17,기관 이용약관,B-008_NASA 해수면 상승 전망 (SSP 1~5).xlsx,1.1_observation(측정값),1716,
B-008,"NASA 해수면 상승 전망[SSP1, SSP2, SSP3, SSP4, SSP5]",observation,vnm-v121-b-008-obs-1717-c4f4b033e201c4c3,B-008_rsl_low_1495_ssp585_q5,VNM,2050,0.112,m,,,,,,[전망치],IPCC AR6 Sea Level Projection Tool (NASA/IPCC),https://sealevel.nasa.gov/data_tools/17,기관 이용약관,B-008_NASA 해수면 상승 전망 (SSP 1~5).xlsx,1.1_observation(측정값),1717,
B-008,"NASA 해수면 상승 전망[SSP1, SSP2, SSP3, SSP4, SSP5]",observation,vnm-v121-b-008-obs-1718-7006171dcb4941b2,B-008_rsl_low_1495_ssp585_q5,VNM,2060,0.158,m,,,,,,[전망치],IPCC AR6 Sea Level Projection Tool (NASA/IPCC),https://sealevel.nasa.gov/data_tools/17,기관 이용약관,B-008_NASA 해수면 상승 전망 (SSP 1~5).xlsx,1.1_observation(측정값),1718,
B-008,"NASA 해수면 상승 전망[SSP1, SSP2, SSP3, SSP4, SSP5]",observation,vnm-v121-b-008-obs-1719-f1c77ccc15e6f464,B-008_rsl_low_1495_ssp585_q5,VNM,2070,0.228,m,,,,,,[전망치],IPCC AR6 Sea Level Projection Tool (NASA/IPCC),https://sealevel.nasa.gov/data_tools/17,기관 이용약관,B-008_NASA 해수면 상승 전망 (SSP 1~5).xlsx,1.1_observation(측정값),1719,
B-008,"NASA 해수면 상승 전망[SSP1, SSP2, SSP3, SSP4, SSP5]",observation,vnm-v121-b-008-obs-1720-4c55dc439feaa52a,B-008_rsl_low_1495_ssp585_q5,VNM,2080,0.3,m,,,,,,[전망치],IPCC AR6 Sea Level Projection Tool (NASA/IPCC),https://sealevel.nasa.gov/data_tools/17,기관 이용약관,B-008_NASA 해수면 상승 전망 (SSP 1~5).xlsx,1.1_observation(측정값),1720,
B-008,"NASA 해수면 상승 전망[SSP1, SSP2, SSP3, SSP4, SSP5]",observation,vnm-v121-b-008-obs-1721-0d53aadcaff124a5,B-008_rsl_low_1495_ssp585_q5,VNM,2090,0.388,m,,,,,,[전망치],IPCC AR6 Sea Level Projection Tool (NASA/IPCC),https://sealevel.nasa.gov/data_tools/17,기관 이용약관,B-008_NASA 해수면 상승 전망 (SSP 1~5).xlsx,1.1_observation(측정값),1721,
B-008,"NASA 해수면 상승 전망[SSP1, SSP2, SSP3, SSP4, SSP5]",observation,vnm-v121-b-008-obs-1722-733b9eeebc37b5c3,B-008_rsl_low_1495_ssp585_q5,VNM,2100,0.479,m,,,,,,[전망치],IPCC AR6 Sea Level Projection Tool (NASA/IPCC),https://sealevel.nasa.gov/data_tools/17,기관 이용약관,B-008_NASA 해수면 상승 전망 (SSP 1~5).xlsx,1.1_observation(측정값),1722,
B-008,"NASA 해수면 상승 전망[SSP1, SSP2, SSP3, SSP4, SSP5]",observation,vnm-v121-b-008-obs-1723-5d7dc3ac0b63f03a,B-008_rsl_low_1495_ssp585_q17,VNM,2020,0.019,m,,,,,,[전망치],IPCC AR6 Sea Level Projection Tool (NASA/IPCC),https://sealevel.nasa.gov/data_tools/17,기관 이용약관,B-008_NASA 해수면 상승 전망 (SSP 1~5).xlsx,1.1_observation(측정값),1723,
B-008,"NASA 해수면 상승 전망[SSP1, SSP2, SSP3, SSP4, SSP5]",observation,vnm-v121-b-008-obs-1724-881ccbb27ed936fb,B-008_rsl_low_1495_ssp585_q17,VNM,2030,0.059,m,,,,,,[전망치],IPCC AR6 Sea Level Projection Tool (NASA/IPCC),https://sealevel.nasa.gov/data_tools/17,기관 이용약관,B-008_NASA 해수면 상승 전망 (SSP 1~5).xlsx,1.1_observation(측정값),1724,
B-008,"NASA 해수면 상승 전망[SSP1, SSP2, SSP3, SSP4, SSP5]",observation,vnm-v121-b-008-obs-1725-3d6fb15aeff0eae7,B-008_rsl_low_1495_ssp585_q17,VNM,2040,0.103,m,,,,,,[전망치],IPCC AR6 Sea Level Projection Tool (NASA/IPCC),https://sealevel.nasa.gov/data_tools/17,기관 이용약관,B-008_NASA 해수면 상승 전망 (SSP 1~5).xlsx,1.1_observation(측정값),1725,
B-008,"NASA 해수면 상승 전망[SSP1, SSP2, SSP3, SSP4, SSP5]",observation,vnm-v121-b-008-obs-1726-b8077a86083f8e13,B-008_rsl_low_1495_ssp585_q17,VNM,2050,0.161,m,,,,,,[전망치],IPCC AR6 Sea Level Projection Tool (NASA/IPCC),https://sealevel.nasa.gov/data_tools/17,기관 이용약관,B-008_NASA 해수면 상승 전망 (SSP 1~5).xlsx,1.1_observation(측정값),1726,
B-008,"NASA 해수면 상승 전망[SSP1, SSP2, SSP3, SSP4, SSP5]",observation,vnm-v121-b-008-obs-1727-575f1cb297b7f668,B-008_rsl_low_1495_ssp585_q17,VNM,2060,0.217,m,,,,,,[전망치],IPCC AR6 Sea Level Projection Tool (NASA/IPCC),https://sealevel.nasa.gov/data_tools/17,기관 이용약관,B-008_NASA 해수면 상승 전망 (SSP 1~5).xlsx,1.1_observation(측정값),1727,
B-008,"NASA 해수면 상승 전망[SSP1, SSP2, SSP3, SSP4, SSP5]",observation,vnm-v121-b-008-obs-1728-9ff786aa6065229d,B-008_rsl_low_1495_ssp585_q17,VNM,2070,0.299,m,,,,,,[전망치],IPCC AR6 Sea Level Projection Tool (NASA/IPCC),https://sealevel.nasa.gov/data_tools/17,기관 이용약관,B-008_NASA 해수면 상승 전망 (SSP 1~5).xlsx,1.1_observation(측정값),1728,
B-008,"NASA 해수면 상승 전망[SSP1, SSP2, SSP3, SSP4, SSP5]",observation,vnm-v121-b-008-obs-1729-33e481c12c74bc39,B-008_rsl_low_1495_ssp585_q17,VNM,2080,0.384,m,,,,,,[전망치],IPCC AR6 Sea Level Projection Tool (NASA/IPCC),https://sealevel.nasa.gov/data_tools/17,기관 이용약관,B-008_NASA 해수면 상승 전망 (SSP 1~5).xlsx,1.1_observation(측정값),1729,
B-008,"NASA 해수면 상승 전망[SSP1, SSP2, SSP3, SSP4, SSP5]",observation,vnm-v121-b-008-obs-1730-f09e7808823d2edc,B-008_rsl_low_1495_ssp585_q17,VNM,2090,0.488,m,,,,,,[전망치],IPCC AR6 Sea Level Projection Tool (NASA/IPCC),https://sealevel.nasa.gov/data_tools/17,기관 이용약관,B-008_NASA 해수면 상승 전망 (SSP 1~5).xlsx,1.1_observation(측정값),1730,
B-008,"NASA 해수면 상승 전망[SSP1, SSP2, SSP3, SSP4, SSP5]",observation,vnm-v121-b-008-obs-1731-2eb94d4f980b2d28,B-008_rsl_low_1495_ssp585_q17,VNM,2100,0.598,m,,,,,,[전망치],IPCC AR6 Sea Level Projection Tool (NASA/IPCC),https://sealevel.nasa.gov/data_tools/17,기관 이용약관,B-008_NASA 해수면 상승 전망 (SSP 1~5).xlsx,1.1_observation(측정값),1731,
B-008,"NASA 해수면 상승 전망[SSP1, SSP2, SSP3, SSP4, SSP5]",observation,vnm-v121-b-008-obs-1732-01da895ecdd2bcd6,B-008_rsl_low_1495_ssp585_q50,VNM,2020,0.053,m,,,,,,[전망치],IPCC AR6 Sea Level Projection Tool (NASA/IPCC),https://sealevel.nasa.gov/data_tools/17,기관 이용약관,B-008_NASA 해수면 상승 전망 (SSP 1~5).xlsx,1.1_observation(측정값),1732,
B-008,"NASA 해수면 상승 전망[SSP1, SSP2, SSP3, SSP4, SSP5]",observation,vnm-v121-b-008-obs-1733-9cf0580b50b4766d,B-008_rsl_low_1495_ssp585_q50,VNM,2030,0.107,m,,,,,,[전망치],IPCC AR6 Sea Level Projection Tool (NASA/IPCC),https://sealevel.nasa.gov/data_tools/17,기관 이용약관,B-008_NASA 해수면 상승 전망 (SSP 1~5).xlsx,1.1_observation(측정값),1733,
B-008,"NASA 해수면 상승 전망[SSP1, SSP2, SSP3, SSP4, SSP5]",observation,vnm-v121-b-008-obs-1734-52c9a9ec39b577d6,B-008_rsl_low_1495_ssp585_q50,VNM,2040,0.173,m,,,,,,[전망치],IPCC AR6 Sea Level Projection Tool (NASA/IPCC),https://sealevel.nasa.gov/data_tools/17,기관 이용약관,B-008_NASA 해수면 상승 전망 (SSP 1~5).xlsx,1.1_observation(측정값),1734,
B-008,"NASA 해수면 상승 전망[SSP1, SSP2, SSP3, SSP4, SSP5]",observation,vnm-v121-b-008-obs-1735-63216e72d402eba9,B-008_rsl_low_1495_ssp585_q50,VNM,2050,0.253,m,,,,,,[전망치],IPCC AR6 Sea Level Projection Tool (NASA/IPCC),https://sealevel.nasa.gov/data_tools/17,기관 이용약관,B-008_NASA 해수면 상승 전망 (SSP 1~5).xlsx,1.1_observation(측정값),1735,
B-008,"NASA 해수면 상승 전망[SSP1, SSP2, SSP3, SSP4, SSP5]",observation,vnm-v121-b-008-obs-1736-11b065dd20de458a,B-008_rsl_low_1495_ssp585_q50,VNM,2060,0.34,m,,,,,,[전망치],IPCC AR6 Sea Level Projection Tool (NASA/IPCC),https://sealevel.nasa.gov/data_tools/17,기관 이용약관,B-008_NASA 해수면 상승 전망 (SSP 1~5).xlsx,1.1_observation(측정값),1736,
B-008,"NASA 해수면 상승 전망[SSP1, SSP2, SSP3, SSP4, SSP5]",observation,vnm-v121-b-008-obs-1737-aedc7ffb1221e353,B-008_rsl_low_1495_ssp585_q50,VNM,2070,0.454,m,,,,,,[전망치],IPCC AR6 Sea Level Projection Tool (NASA/IPCC),https://sealevel.nasa.gov/data_tools/17,기관 이용약관,B-008_NASA 해수면 상승 전망 (SSP 1~5).xlsx,1.1_observation(측정값),1737,
B-008,"NASA 해수면 상승 전망[SSP1, SSP2, SSP3, SSP4, SSP5]",observation,vnm-v121-b-008-obs-1738-754cf158257cb62d,B-008_rsl_low_1495_ssp585_q50,VNM,2080,0.59,m,,,,,,[전망치],IPCC AR6 Sea Level Projection Tool (NASA/IPCC),https://sealevel.nasa.gov/data_tools/17,기관 이용약관,B-008_NASA 해수면 상승 전망 (SSP 1~5).xlsx,1.1_observation(측정값),1738,
B-008,"NASA 해수면 상승 전망[SSP1, SSP2, SSP3, SSP4, SSP5]",observation,vnm-v121-b-008-obs-1739-4bba8e093002954b,B-008_rsl_low_1495_ssp585_q50,VNM,2090,0.752,m,,,,,,[전망치],IPCC AR6 Sea Level Projection Tool (NASA/IPCC),https://sealevel.nasa.gov/data_tools/17,기관 이용약관,B-008_NASA 해수면 상승 전망 (SSP 1~5).xlsx,1.1_observation(측정값),1739,
B-008,"NASA 해수면 상승 전망[SSP1, SSP2, SSP3, SSP4, SSP5]",observation,vnm-v121-b-008-obs-1740-6f0d13c46dd1e909,B-008_rsl_low_1495_ssp585_q50,VNM,2100,0.942,m,,,,,,[전망치],IPCC AR6 Sea Level Projection Tool (NASA/IPCC),https://sealevel.nasa.gov/data_tools/17,기관 이용약관,B-008_NASA 해수면 상승 전망 (SSP 1~5).xlsx,1.1_observation(측정값),1740,
B-008,"NASA 해수면 상승 전망[SSP1, SSP2, SSP3, SSP4, SSP5]",observation,vnm-v121-b-008-obs-1741-5b9e9218f93d5c79,B-008_rsl_low_1495_ssp585_q83,VNM,2020,0.094,m,,,,,,[전망치],IPCC AR6 Sea Level Projection Tool (NASA/IPCC),https://sealevel.nasa.gov/data_tools/17,기관 이용약관,B-008_NASA 해수면 상승 전망 (SSP 1~5).xlsx,1.1_observation(측정값),1741,
B-008,"NASA 해수면 상승 전망[SSP1, SSP2, SSP3, SSP4, SSP5]",observation,vnm-v121-b-008-obs-1742-f894942f164916a2,B-008_rsl_low_1495_ssp585_q83,VNM,2030,0.178,m,,,,,,[전망치],IPCC AR6 Sea Level Projection Tool (NASA/IPCC),https://sealevel.nasa.gov/data_tools/17,기관 이용약관,B-008_NASA 해수면 상승 전망 (SSP 1~5).xlsx,1.1_observation(측정값),1742,
B-008,"NASA 해수면 상승 전망[SSP1, SSP2, SSP3, SSP4, SSP5]",observation,vnm-v121-b-008-obs-1743-fc23641bd1d2a455,B-008_rsl_low_1495_ssp585_q83,VNM,2040,0.297,m,,,,,,[전망치],IPCC AR6 Sea Level Projection Tool (NASA/IPCC),https://sealevel.nasa.gov/data_tools/17,기관 이용약관,B-008_NASA 해수면 상승 전망 (SSP 1~5).xlsx,1.1_observation(측정값),1743,
B-008,"NASA 해수면 상승 전망[SSP1, SSP2, SSP3, SSP4, SSP5]",observation,vnm-v121-b-008-obs-1744-34f7f3305e24d2a6,B-008_rsl_low_1495_ssp585_q83,VNM,2050,0.441,m,,,,,,[전망치],IPCC AR6 Sea Level Projection Tool (NASA/IPCC),https://sealevel.nasa.gov/data_tools/17,기관 이용약관,B-008_NASA 해수면 상승 전망 (SSP 1~5).xlsx,1.1_observation(측정값),1744,
B-008,"NASA 해수면 상승 전망[SSP1, SSP2, SSP3, SSP4, SSP5]",observation,vnm-v121-b-008-obs-1745-1c12428139379f31,B-008_rsl_low_1495_ssp585_q83,VNM,2060,0.621,m,,,,,,[전망치],IPCC AR6 Sea Level Projection Tool (NASA/IPCC),https://sealevel.nasa.gov/data_tools/17,기관 이용약관,B-008_NASA 해수면 상승 전망 (SSP 1~5).xlsx,1.1_observation(측정값),1745,
B-008,"NASA 해수면 상승 전망[SSP1, SSP2, SSP3, SSP4, SSP5]",observation,vnm-v121-b-008-obs-1746-ba363282b32382f9,B-008_rsl_low_1495_ssp585_q83,VNM,2070,0.851,m,,,,,,[전망치],IPCC AR6 Sea Level Projection Tool (NASA/IPCC),https://sealevel.nasa.gov/data_tools/17,기관 이용약관,B-008_NASA 해수면 상승 전망 (SSP 1~5).xlsx,1.1_observation(측정값),1746,
B-008,"NASA 해수면 상승 전망[SSP1, SSP2, SSP3, SSP4, SSP5]",observation,vnm-v121-b-008-obs-1747-763cde49d83d4fae,B-008_rsl_low_1495_ssp585_q83,VNM,2080,1.119,m,,,,,,[전망치],IPCC AR6 Sea Level Projection Tool (NASA/IPCC),https://sealevel.nasa.gov/data_tools/17,기관 이용약관,B-008_NASA 해수면 상승 전망 (SSP 1~5).xlsx,1.1_observation(측정값),1747,
B-008,"NASA 해수면 상승 전망[SSP1, SSP2, SSP3, SSP4, SSP5]",observation,vnm-v121-b-008-obs-1748-d76aa3b4db0ee214,B-008_rsl_low_1495_ssp585_q83,VNM,2090,1.421,m,,,,,,[전망치],IPCC AR6 Sea Level Projection Tool (NASA/IPCC),https://sealevel.nasa.gov/data_tools/17,기관 이용약관,B-008_NASA 해수면 상승 전망 (SSP 1~5).xlsx,1.1_observation(측정값),1748,
B-008,"NASA 해수면 상승 전망[SSP1, SSP2, SSP3, SSP4, SSP5]",observation,vnm-v121-b-008-obs-1749-19f2c6d661f93e82,B-008_rsl_low_1495_ssp585_q83,VNM,2100,1.752,m,,,,,,[전망치],IPCC AR6 Sea Level Projection Tool (NASA/IPCC),https://sealevel.nasa.gov/data_tools/17,기관 이용약관,B-008_NASA 해수면 상승 전망 (SSP 1~5).xlsx,1.1_observation(측정값),1749,
B-008,"NASA 해수면 상승 전망[SSP1, SSP2, SSP3, SSP4, SSP5]",observation,vnm-v121-b-008-obs-1750-48554605675741a1,B-008_rsl_low_1495_ssp585_q95,VNM,2020,0.116,m,,,,,,[전망치],IPCC AR6 Sea Level Projection Tool (NASA/IPCC),https://sealevel.nasa.gov/data_tools/17,기관 이용약관,B-008_NASA 해수면 상승 전망 (SSP 1~5).xlsx,1.1_observation(측정값),1750,
B-008,"NASA 해수면 상승 전망[SSP1, SSP2, SSP3, SSP4, SSP5]",observation,vnm-v121-b-008-obs-1751-314e7b9a36940c5a,B-008_rsl_low_1495_ssp585_q95,VNM,2030,0.226,m,,,,,,[전망치],IPCC AR6 Sea Level Projection Tool (NASA/IPCC),https://sealevel.nasa.gov/data_tools/17,기관 이용약관,B-008_NASA 해수면 상승 전망 (SSP 1~5).xlsx,1.1_observation(측정값),1751,
B-008,"NASA 해수면 상승 전망[SSP1, SSP2, SSP3, SSP4, SSP5]",observation,vnm-v121-b-008-obs-1752-1e71e05e746ca1ff,B-008_rsl_low_1495_ssp585_q95,VNM,2040,0.398,m,,,,,,[전망치],IPCC AR6 Sea Level Projection Tool (NASA/IPCC),https://sealevel.nasa.gov/data_tools/17,기관 이용약관,B-008_NASA 해수면 상승 전망 (SSP 1~5).xlsx,1.1_observation(측정값),1752,
B-008,"NASA 해수면 상승 전망[SSP1, SSP2, SSP3, SSP4, SSP5]",observation,vnm-v121-b-008-obs-1753-12bb9100685418fe,B-008_rsl_low_1495_ssp585_q95,VNM,2050,0.597,m,,,,,,[전망치],IPCC AR6 Sea Level Projection Tool (NASA/IPCC),https://sealevel.nasa.gov/data_tools/17,기관 이용약관,B-008_NASA 해수면 상승 전망 (SSP 1~5).xlsx,1.1_observation(측정값),1753,
B-008,"NASA 해수면 상승 전망[SSP1, SSP2, SSP3, SSP4, SSP5]",observation,vnm-v121-b-008-obs-1754-b3b5b8fbebe31634,B-008_rsl_low_1495_ssp585_q95,VNM,2060,0.84,m,,,,,,[전망치],IPCC AR6 Sea Level Projection Tool (NASA/IPCC),https://sealevel.nasa.gov/data_tools/17,기관 이용약관,B-008_NASA 해수면 상승 전망 (SSP 1~5).xlsx,1.1_observation(측정값),1754,
B-008,"NASA 해수면 상승 전망[SSP1, SSP2, SSP3, SSP4, SSP5]",observation,vnm-v121-b-008-obs-1755-302cbc1624330d4b,B-008_rsl_low_1495_ssp585_q95,VNM,2070,1.148,m,,,,,,[전망치],IPCC AR6 Sea Level Projection Tool (NASA/IPCC),https://sealevel.nasa.gov/data_tools/17,기관 이용약관,B-008_NASA 해수면 상승 전망 (SSP 1~5).xlsx,1.1_observation(측정값),1755,
B-008,"NASA 해수면 상승 전망[SSP1, SSP2, SSP3, SSP4, SSP5]",observation,vnm-v121-b-008-obs-1756-30e8cdb6821d53fe,B-008_rsl_low_1495_ssp585_q95,VNM,2080,1.536,m,,,,,,[전망치],IPCC AR6 Sea Level Projection Tool (NASA/IPCC),https://sealevel.nasa.gov/data_tools/17,기관 이용약관,B-008_NASA 해수면 상승 전망 (SSP 1~5).xlsx,1.1_observation(측정값),1756,
B-008,"NASA 해수면 상승 전망[SSP1, SSP2, SSP3, SSP4, SSP5]",observation,vnm-v121-b-008-obs-1757-261f27f22850b41a,B-008_rsl_low_1495_ssp585_q95,VNM,2090,1.974,m,,,,,,[전망치],IPCC AR6 Sea Level Projection Tool (NASA/IPCC),https://sealevel.nasa.gov/data_tools/17,기관 이용약관,B-008_NASA 해수면 상승 전망 (SSP 1~5).xlsx,1.1_observation(측정값),1757,
B-008,"NASA 해수면 상승 전망[SSP1, SSP2, SSP3, SSP4, SSP5]",observation,vnm-v121-b-008-obs-1758-f1afcd0d388a263d,B-008_rsl_low_1495_ssp585_q95,VNM,2100,2.49,m,,,,,,[전망치],IPCC AR6 Sea Level Projection Tool (NASA/IPCC),https://sealevel.nasa.gov/data_tools/17,기관 이용약관,B-008_NASA 해수면 상승 전망 (SSP 1~5).xlsx,1.1_observation(측정값),1758,
B-008,"NASA 해수면 상승 전망[SSP1, SSP2, SSP3, SSP4, SSP5]",observation,vnm-v121-b-008-obs-1759-d6555ef63a41f4f9,B-008_rslrate_1495_ssp119,VNM,2020,4.8,mm/yr,,,,,,[전망치],IPCC AR6 Sea Level Projection Tool (NASA/IPCC),https://sealevel.nasa.gov/data_tools/17,기관 이용약관,B-008_NASA 해수면 상승 전망 (SSP 1~5).xlsx,1.1_observation(측정값),1759,
B-008,"NASA 해수면 상승 전망[SSP1, SSP2, SSP3, SSP4, SSP5]",observation,vnm-v121-b-008-obs-1760-e2c5090c5f5f72a5,B-008_rslrate_1495_ssp119,VNM,2030,4.6,mm/yr,,,,,,[전망치],IPCC AR6 Sea Level Projection Tool (NASA/IPCC),https://sealevel.nasa.gov/data_tools/17,기관 이용약관,B-008_NASA 해수면 상승 전망 (SSP 1~5).xlsx,1.1_observation(측정값),1760,
B-008,"NASA 해수면 상승 전망[SSP1, SSP2, SSP3, SSP4, SSP5]",observation,vnm-v121-b-008-obs-1761-f88cfffbc16deff8,B-008_rslrate_1495_ssp119,VNM,2040,4.6,mm/yr,,,,,,[전망치],IPCC AR6 Sea Level Projection Tool (NASA/IPCC),https://sealevel.nasa.gov/data_tools/17,기관 이용약관,B-008_NASA 해수면 상승 전망 (SSP 1~5).xlsx,1.1_observation(측정값),1761,
B-008,"NASA 해수면 상승 전망[SSP1, SSP2, SSP3, SSP4, SSP5]",observation,vnm-v121-b-008-obs-1762-3c2f7a908551697c,B-008_rslrate_1495_ssp119,VNM,2050,4.4,mm/yr,,,,,,[전망치],IPCC AR6 Sea Level Projection Tool (NASA/IPCC),https://sealevel.nasa.gov/data_tools/17,기관 이용약관,B-008_NASA 해수면 상승 전망 (SSP 1~5).xlsx,1.1_observation(측정값),1762,
B-008,"NASA 해수면 상승 전망[SSP1, SSP2, SSP3, SSP4, SSP5]",observation,vnm-v121-b-008-obs-1763-2074c3f7dc542731,B-008_rslrate_1495_ssp119,VNM,2060,4.3,mm/yr,,,,,,[전망치],IPCC AR6 Sea Level Projection Tool (NASA/IPCC),https://sealevel.nasa.gov/data_tools/17,기관 이용약관,B-008_NASA 해수면 상승 전망 (SSP 1~5).xlsx,1.1_observation(측정값),1763,
B-008,"NASA 해수면 상승 전망[SSP1, SSP2, SSP3, SSP4, SSP5]",observation,vnm-v121-b-008-obs-1764-a69d436f9d305a91,B-008_rslrate_1495_ssp119,VNM,2070,4.4,mm/yr,,,,,,[전망치],IPCC AR6 Sea Level Projection Tool (NASA/IPCC),https://sealevel.nasa.gov/data_tools/17,기관 이용약관,B-008_NASA 해수면 상승 전망 (SSP 1~5).xlsx,1.1_observation(측정값),1764,
B-008,"NASA 해수면 상승 전망[SSP1, SSP2, SSP3, SSP4, SSP5]",observation,vnm-v121-b-008-obs-1765-45c0b748f1b1d3fc,B-008_rslrate_1495_ssp119,VNM,2080,4.6,mm/yr,,,,,,[전망치],IPCC AR6 Sea Level Projection Tool (NASA/IPCC),https://sealevel.nasa.gov/data_tools/17,기관 이용약관,B-008_NASA 해수면 상승 전망 (SSP 1~5).xlsx,1.1_observation(측정값),1765,
B-008,"NASA 해수면 상승 전망[SSP1, SSP2, SSP3, SSP4, SSP5]",observation,vnm-v121-b-008-obs-1766-b4702093b9c8a327,B-008_rslrate_1495_ssp119,VNM,2090,4.4,mm/yr,,,,,,[전망치],IPCC AR6 Sea Level Projection Tool (NASA/IPCC),https://sealevel.nasa.gov/data_tools/17,기관 이용약관,B-008_NASA 해수면 상승 전망 (SSP 1~5).xlsx,1.1_observation(측정값),1766,
B-008,"NASA 해수면 상승 전망[SSP1, SSP2, SSP3, SSP4, SSP5]",observation,vnm-v121-b-008-obs-1767-f4820cddee6784c1,B-008_rslrate_1495_ssp119,VNM,2100,4.3,mm/yr,,,,,,[전망치],IPCC AR6 Sea Level Projection Tool (NASA/IPCC),https://sealevel.nasa.gov/data_tools/17,기관 이용약관,B-008_NASA 해수면 상승 전망 (SSP 1~5).xlsx,1.1_observation(측정값),1767,
B-008,"NASA 해수면 상승 전망[SSP1, SSP2, SSP3, SSP4, SSP5]",observation,vnm-v121-b-008-obs-1768-a47d984469589332,B-008_rslrate_1495_ssp126,VNM,2020,4.2,mm/yr,,,,,,[전망치],IPCC AR6 Sea Level Projection Tool (NASA/IPCC),https://sealevel.nasa.gov/data_tools/17,기관 이용약관,B-008_NASA 해수면 상승 전망 (SSP 1~5).xlsx,1.1_observation(측정값),1768,
B-008,"NASA 해수면 상승 전망[SSP1, SSP2, SSP3, SSP4, SSP5]",observation,vnm-v121-b-008-obs-1769-18ebcaaa8d3aac29,B-008_rslrate_1495_ssp126,VNM,2030,4.5,mm/yr,,,,,,[전망치],IPCC AR6 Sea Level Projection Tool (NASA/IPCC),https://sealevel.nasa.gov/data_tools/17,기관 이용약관,B-008_NASA 해수면 상승 전망 (SSP 1~5).xlsx,1.1_observation(측정값),1769,
B-008,"NASA 해수면 상승 전망[SSP1, SSP2, SSP3, SSP4, SSP5]",observation,vnm-v121-b-008-obs-1770-226f3b0ce01403f5,B-008_rslrate_1495_ssp126,VNM,2040,5.1,mm/yr,,,,,,[전망치],IPCC AR6 Sea Level Projection Tool (NASA/IPCC),https://sealevel.nasa.gov/data_tools/17,기관 이용약관,B-008_NASA 해수면 상승 전망 (SSP 1~5).xlsx,1.1_observation(측정값),1770,
B-008,"NASA 해수면 상승 전망[SSP1, SSP2, SSP3, SSP4, SSP5]",observation,vnm-v121-b-008-obs-1771-62bd8113d9f0c9ad,B-008_rslrate_1495_ssp126,VNM,2050,5.5,mm/yr,,,,,,[전망치],IPCC AR6 Sea Level Projection Tool (NASA/IPCC),https://sealevel.nasa.gov/data_tools/17,기관 이용약관,B-008_NASA 해수면 상승 전망 (SSP 1~5).xlsx,1.1_observation(측정값),1771,
B-008,"NASA 해수면 상승 전망[SSP1, SSP2, SSP3, SSP4, SSP5]",observation,vnm-v121-b-008-obs-1772-9de23a1f0fdb5648,B-008_rslrate_1495_ssp126,VNM,2060,5.6,mm/yr,,,,,,[전망치],IPCC AR6 Sea Level Projection Tool (NASA/IPCC),https://sealevel.nasa.gov/data_tools/17,기관 이용약관,B-008_NASA 해수면 상승 전망 (SSP 1~5).xlsx,1.1_observation(측정값),1772,
B-008,"NASA 해수면 상승 전망[SSP1, SSP2, SSP3, SSP4, SSP5]",observation,vnm-v121-b-008-obs-1773-32409ffdbc1f409e,B-008_rslrate_1495_ssp126,VNM,2070,5.7,mm/yr,,,,,,[전망치],IPCC AR6 Sea Level Projection Tool (NASA/IPCC),https://sealevel.nasa.gov/data_tools/17,기관 이용약관,B-008_NASA 해수면 상승 전망 (SSP 1~5).xlsx,1.1_observation(측정값),1773,
B-008,"NASA 해수면 상승 전망[SSP1, SSP2, SSP3, SSP4, SSP5]",observation,vnm-v121-b-008-obs-1774-aa9d8fcf3182b389,B-008_rslrate_1495_ssp126,VNM,2080,5.8,mm/yr,,,,,,[전망치],IPCC AR6 Sea Level Projection Tool (NASA/IPCC),https://sealevel.nasa.gov/data_tools/17,기관 이용약관,B-008_NASA 해수면 상승 전망 (SSP 1~5).xlsx,1.1_observation(측정값),1774,
B-008,"NASA 해수면 상승 전망[SSP1, SSP2, SSP3, SSP4, SSP5]",observation,vnm-v121-b-008-obs-1775-6c6bbc55e9c5917d,B-008_rslrate_1495_ssp126,VNM,2090,5.9,mm/yr,,,,,,[전망치],IPCC AR6 Sea Level Projection Tool (NASA/IPCC),https://sealevel.nasa.gov/data_tools/17,기관 이용약관,B-008_NASA 해수면 상승 전망 (SSP 1~5).xlsx,1.1_observation(측정값),1775,
B-008,"NASA 해수면 상승 전망[SSP1, SSP2, SSP3, SSP4, SSP5]",observation,vnm-v121-b-008-obs-1776-743414f4de61535e,B-008_rslrate_1495_ssp126,VNM,2100,5.8,mm/yr,,,,,,[전망치],IPCC AR6 Sea Level Projection Tool (NASA/IPCC),https://sealevel.nasa.gov/data_tools/17,기관 이용약관,B-008_NASA 해수면 상승 전망 (SSP 1~5).xlsx,1.1_observation(측정값),1776,
B-008,"NASA 해수면 상승 전망[SSP1, SSP2, SSP3, SSP4, SSP5]",observation,vnm-v121-b-008-obs-1777-6e215af9f5daabd8,B-008_rslrate_1495_ssp245,VNM,2020,4.2,mm/yr,,,,,,[전망치],IPCC AR6 Sea Level Projection Tool (NASA/IPCC),https://sealevel.nasa.gov/data_tools/17,기관 이용약관,B-008_NASA 해수면 상승 전망 (SSP 1~5).xlsx,1.1_observation(측정값),1777,
B-008,"NASA 해수면 상승 전망[SSP1, SSP2, SSP3, SSP4, SSP5]",observation,vnm-v121-b-008-obs-1778-b15e48dd545cd127,B-008_rslrate_1495_ssp245,VNM,2030,4.6,mm/yr,,,,,,[전망치],IPCC AR6 Sea Level Projection Tool (NASA/IPCC),https://sealevel.nasa.gov/data_tools/17,기관 이용약관,B-008_NASA 해수면 상승 전망 (SSP 1~5).xlsx,1.1_observation(측정값),1778,
B-008,"NASA 해수면 상승 전망[SSP1, SSP2, SSP3, SSP4, SSP5]",observation,vnm-v121-b-008-obs-1779-35fa1e24cba5e298,B-008_rslrate_1495_ssp245,VNM,2040,5.4,mm/yr,,,,,,[전망치],IPCC AR6 Sea Level Projection Tool (NASA/IPCC),https://sealevel.nasa.gov/data_tools/17,기관 이용약관,B-008_NASA 해수면 상승 전망 (SSP 1~5).xlsx,1.1_observation(측정값),1779,
B-008,"NASA 해수면 상승 전망[SSP1, SSP2, SSP3, SSP4, SSP5]",observation,vnm-v121-b-008-obs-1780-fbe0dd6f31c17416,B-008_rslrate_1495_ssp245,VNM,2050,6.2,mm/yr,,,,,,[전망치],IPCC AR6 Sea Level Projection Tool (NASA/IPCC),https://sealevel.nasa.gov/data_tools/17,기관 이용약관,B-008_NASA 해수면 상승 전망 (SSP 1~5).xlsx,1.1_observation(측정값),1780,
B-008,"NASA 해수면 상승 전망[SSP1, SSP2, SSP3, SSP4, SSP5]",observation,vnm-v121-b-008-obs-1781-a1b1463df0778c00,B-008_rslrate_1495_ssp245,VNM,2060,7,mm/yr,,,,,,[전망치],IPCC AR6 Sea Level Projection Tool (NASA/IPCC),https://sealevel.nasa.gov/data_tools/17,기관 이용약관,B-008_NASA 해수면 상승 전망 (SSP 1~5).xlsx,1.1_observation(측정값),1781,
B-008,"NASA 해수면 상승 전망[SSP1, SSP2, SSP3, SSP4, SSP5]",observation,vnm-v121-b-008-obs-1782-0ac055daa5a0d4b4,B-008_rslrate_1495_ssp245,VNM,2070,7.4,mm/yr,,,,,,[전망치],IPCC AR6 Sea Level Projection Tool (NASA/IPCC),https://sealevel.nasa.gov/data_tools/17,기관 이용약관,B-008_NASA 해수면 상승 전망 (SSP 1~5).xlsx,1.1_observation(측정값),1782,
B-008,"NASA 해수면 상승 전망[SSP1, SSP2, SSP3, SSP4, SSP5]",observation,vnm-v121-b-008-obs-1783-c4b0fb057b9239c7,B-008_rslrate_1495_ssp245,VNM,2080,7.8,mm/yr,,,,,,[전망치],IPCC AR6 Sea Level Projection Tool (NASA/IPCC),https://sealevel.nasa.gov/data_tools/17,기관 이용약관,B-008_NASA 해수면 상승 전망 (SSP 1~5).xlsx,1.1_observation(측정값),1783,
B-008,"NASA 해수면 상승 전망[SSP1, SSP2, SSP3, SSP4, SSP5]",observation,vnm-v121-b-008-obs-1784-b76d9221f709ec98,B-008_rslrate_1495_ssp245,VNM,2090,8.7,mm/yr,,,,,,[전망치],IPCC AR6 Sea Level Projection Tool (NASA/IPCC),https://sealevel.nasa.gov/data_tools/17,기관 이용약관,B-008_NASA 해수면 상승 전망 (SSP 1~5).xlsx,1.1_observation(측정값),1784,
B-008,"NASA 해수면 상승 전망[SSP1, SSP2, SSP3, SSP4, SSP5]",observation,vnm-v121-b-008-obs-1785-e605be9347a46459,B-008_rslrate_1495_ssp245,VNM,2100,8.8,mm/yr,,,,,,[전망치],IPCC AR6 Sea Level Projection Tool (NASA/IPCC),https://sealevel.nasa.gov/data_tools/17,기관 이용약관,B-008_NASA 해수면 상승 전망 (SSP 1~5).xlsx,1.1_observation(측정값),1785,
B-008,"NASA 해수면 상승 전망[SSP1, SSP2, SSP3, SSP4, SSP5]",observation,vnm-v121-b-008-obs-1786-e2714c4d9fe0a34b,B-008_rslrate_1495_ssp370,VNM,2020,4.3,mm/yr,,,,,,[전망치],IPCC AR6 Sea Level Projection Tool (NASA/IPCC),https://sealevel.nasa.gov/data_tools/17,기관 이용약관,B-008_NASA 해수면 상승 전망 (SSP 1~5).xlsx,1.1_observation(측정값),1786,
B-008,"NASA 해수면 상승 전망[SSP1, SSP2, SSP3, SSP4, SSP5]",observation,vnm-v121-b-008-obs-1787-1698042344a06bfa,B-008_rslrate_1495_ssp370,VNM,2030,4.7,mm/yr,,,,,,[전망치],IPCC AR6 Sea Level Projection Tool (NASA/IPCC),https://sealevel.nasa.gov/data_tools/17,기관 이용약관,B-008_NASA 해수면 상승 전망 (SSP 1~5).xlsx,1.1_observation(측정값),1787,
B-008,"NASA 해수면 상승 전망[SSP1, SSP2, SSP3, SSP4, SSP5]",observation,vnm-v121-b-008-obs-1788-3f7a6ad94f74eaa7,B-008_rslrate_1495_ssp370,VNM,2040,5.6,mm/yr,,,,,,[전망치],IPCC AR6 Sea Level Projection Tool (NASA/IPCC),https://sealevel.nasa.gov/data_tools/17,기관 이용약관,B-008_NASA 해수면 상승 전망 (SSP 1~5).xlsx,1.1_observation(측정값),1788,
B-008,"NASA 해수면 상승 전망[SSP1, SSP2, SSP3, SSP4, SSP5]",observation,vnm-v121-b-008-obs-1789-fb02ef5f5580d31a,B-008_rslrate_1495_ssp370,VNM,2050,6.6,mm/yr,,,,,,[전망치],IPCC AR6 Sea Level Projection Tool (NASA/IPCC),https://sealevel.nasa.gov/data_tools/17,기관 이용약관,B-008_NASA 해수면 상승 전망 (SSP 1~5).xlsx,1.1_observation(측정값),1789,
B-008,"NASA 해수면 상승 전망[SSP1, SSP2, SSP3, SSP4, SSP5]",observation,vnm-v121-b-008-obs-1790-862eb51c5be4cf42,B-008_rslrate_1495_ssp370,VNM,2060,7.8,mm/yr,,,,,,[전망치],IPCC AR6 Sea Level Projection Tool (NASA/IPCC),https://sealevel.nasa.gov/data_tools/17,기관 이용약관,B-008_NASA 해수면 상승 전망 (SSP 1~5).xlsx,1.1_observation(측정값),1790,
B-008,"NASA 해수면 상승 전망[SSP1, SSP2, SSP3, SSP4, SSP5]",observation,vnm-v121-b-008-obs-1791-5a7cd61f0ad82943,B-008_rslrate_1495_ssp370,VNM,2070,8.9,mm/yr,,,,,,[전망치],IPCC AR6 Sea Level Projection Tool (NASA/IPCC),https://sealevel.nasa.gov/data_tools/17,기관 이용약관,B-008_NASA 해수면 상승 전망 (SSP 1~5).xlsx,1.1_observation(측정값),1791,
B-008,"NASA 해수면 상승 전망[SSP1, SSP2, SSP3, SSP4, SSP5]",observation,vnm-v121-b-008-obs-1792-3524a23c4644862e,B-008_rslrate_1495_ssp370,VNM,2080,10,mm/yr,,,,,,[전망치],IPCC AR6 Sea Level Projection Tool (NASA/IPCC),https://sealevel.nasa.gov/data_tools/17,기관 이용약관,B-008_NASA 해수면 상승 전망 (SSP 1~5).xlsx,1.1_observation(측정값),1792,
B-008,"NASA 해수면 상승 전망[SSP1, SSP2, SSP3, SSP4, SSP5]",observation,vnm-v121-b-008-obs-1793-aae154b7821bc275,B-008_rslrate_1495_ssp370,VNM,2090,11.2,mm/yr,,,,,,[전망치],IPCC AR6 Sea Level Projection Tool (NASA/IPCC),https://sealevel.nasa.gov/data_tools/17,기관 이용약관,B-008_NASA 해수면 상승 전망 (SSP 1~5).xlsx,1.1_observation(측정값),1793,
B-008,"NASA 해수면 상승 전망[SSP1, SSP2, SSP3, SSP4, SSP5]",observation,vnm-v121-b-008-obs-1794-09c5cfeba10d3647,B-008_rslrate_1495_ssp370,VNM,2100,11.7,mm/yr,,,,,,[전망치],IPCC AR6 Sea Level Projection Tool (NASA/IPCC),https://sealevel.nasa.gov/data_tools/17,기관 이용약관,B-008_NASA 해수면 상승 전망 (SSP 1~5).xlsx,1.1_observation(측정값),1794,
B-008,"NASA 해수면 상승 전망[SSP1, SSP2, SSP3, SSP4, SSP5]",observation,vnm-v121-b-008-obs-1795-75e1f2375a45b423,B-008_rslrate_1495_ssp585,VNM,2020,4.9,mm/yr,,,,,,[전망치],IPCC AR6 Sea Level Projection Tool (NASA/IPCC),https://sealevel.nasa.gov/data_tools/17,기관 이용약관,B-008_NASA 해수면 상승 전망 (SSP 1~5).xlsx,1.1_observation(측정값),1795,
B-008,"NASA 해수면 상승 전망[SSP1, SSP2, SSP3, SSP4, SSP5]",observation,vnm-v121-b-008-obs-1796-d9d6b3ae7cdc4e7f,B-008_rslrate_1495_ssp585,VNM,2030,5.5,mm/yr,,,,,,[전망치],IPCC AR6 Sea Level Projection Tool (NASA/IPCC),https://sealevel.nasa.gov/data_tools/17,기관 이용약관,B-008_NASA 해수면 상승 전망 (SSP 1~5).xlsx,1.1_observation(측정값),1796,
B-008,"NASA 해수면 상승 전망[SSP1, SSP2, SSP3, SSP4, SSP5]",observation,vnm-v121-b-008-obs-1797-c73478faee1c7851,B-008_rslrate_1495_ssp585,VNM,2040,6.4,mm/yr,,,,,,[전망치],IPCC AR6 Sea Level Projection Tool (NASA/IPCC),https://sealevel.nasa.gov/data_tools/17,기관 이용약관,B-008_NASA 해수면 상승 전망 (SSP 1~5).xlsx,1.1_observation(측정값),1797,
B-008,"NASA 해수면 상승 전망[SSP1, SSP2, SSP3, SSP4, SSP5]",observation,vnm-v121-b-008-obs-1798-ed2deb581d779f14,B-008_rslrate_1495_ssp585,VNM,2050,7.2,mm/yr,,,,,,[전망치],IPCC AR6 Sea Level Projection Tool (NASA/IPCC),https://sealevel.nasa.gov/data_tools/17,기관 이용약관,B-008_NASA 해수면 상승 전망 (SSP 1~5).xlsx,1.1_observation(측정값),1798,
B-008,"NASA 해수면 상승 전망[SSP1, SSP2, SSP3, SSP4, SSP5]",observation,vnm-v121-b-008-obs-1799-b6f4e0c7565a01cc,B-008_rslrate_1495_ssp585,VNM,2060,8.6,mm/yr,,,,,,[전망치],IPCC AR6 Sea Level Projection Tool (NASA/IPCC),https://sealevel.nasa.gov/data_tools/17,기관 이용약관,B-008_NASA 해수면 상승 전망 (SSP 1~5).xlsx,1.1_observation(측정값),1799,
B-008,"NASA 해수면 상승 전망[SSP1, SSP2, SSP3, SSP4, SSP5]",observation,vnm-v121-b-008-obs-1800-7503537ff8a03d22,B-008_rslrate_1495_ssp585,VNM,2070,10.2,mm/yr,,,,,,[전망치],IPCC AR6 Sea Level Projection Tool (NASA/IPCC),https://sealevel.nasa.gov/data_tools/17,기관 이용약관,B-008_NASA 해수면 상승 전망 (SSP 1~5).xlsx,1.1_observation(측정값),1800,
B-008,"NASA 해수면 상승 전망[SSP1, SSP2, SSP3, SSP4, SSP5]",observation,vnm-v121-b-008-obs-1801-d9de93ca88e302d1,B-008_rslrate_1495_ssp585,VNM,2080,11.5,mm/yr,,,,,,[전망치],IPCC AR6 Sea Level Projection Tool (NASA/IPCC),https://sealevel.nasa.gov/data_tools/17,기관 이용약관,B-008_NASA 해수면 상승 전망 (SSP 1~5).xlsx,1.1_observation(측정값),1801,
B-008,"NASA 해수면 상승 전망[SSP1, SSP2, SSP3, SSP4, SSP5]",observation,vnm-v121-b-008-obs-1802-e3832db65424f925,B-008_rslrate_1495_ssp585,VNM,2090,13.1,mm/yr,,,,,,[전망치],IPCC AR6 Sea Level Projection Tool (NASA/IPCC),https://sealevel.nasa.gov/data_tools/17,기관 이용약관,B-008_NASA 해수면 상승 전망 (SSP 1~5).xlsx,1.1_observation(측정값),1802,
B-008,"NASA 해수면 상승 전망[SSP1, SSP2, SSP3, SSP4, SSP5]",observation,vnm-v121-b-008-obs-1803-5b96431b7ed85984,B-008_rslrate_1495_ssp585,VNM,2100,13.6,mm/yr,,,,,,[전망치],IPCC AR6 Sea Level Projection Tool (NASA/IPCC),https://sealevel.nasa.gov/data_tools/17,기관 이용약관,B-008_NASA 해수면 상승 전망 (SSP 1~5).xlsx,1.1_observation(측정값),1803,
