element_id,element_label,record_type,record_id,indicator_id,country_iso3,year,value,unit,name,latitude,longitude,attributes_json,missing_reason_code,note,source_org,source_url,license_code,source_file,source_sheet,source_row,publication_decision_id
B-017,WRI Aqueduct 물 스트레스 지수,observation,vnm-v121-b-017-obs-4-7f3cacbcfb797924,B-017_bws_baseline_w_ind,VNM,2023,1.8399,점,,,,,,[추정치] · 등급 Low - Medium (10-20%) · 세계순위 80,WRI Aqueduct 4.0 (2023),https://files.wri.org/aqueduct/aqueduct-4-0-country-rankings.zip,CC-BY-4.0,B-017_WRI Aqueduct 물 스트레스 지수.xlsx,1.1_observation(측정값),4,
B-017,WRI Aqueduct 물 스트레스 지수,observation,vnm-v121-b-017-obs-5-d8f5c17c354b0f64,B-017_bws_baseline_w_irr,VNM,2023,2.1481,점,,,,,,[추정치] · 등급 Medium - High (20-40%) · 세계순위 71,WRI Aqueduct 4.0 (2023),https://files.wri.org/aqueduct/aqueduct-4-0-country-rankings.zip,CC-BY-4.0,B-017_WRI Aqueduct 물 스트레스 지수.xlsx,1.1_observation(측정값),5,
B-017,WRI Aqueduct 물 스트레스 지수,observation,vnm-v121-b-017-obs-6-ea0e8914d1a6cebb,B-017_bws_baseline_w_one,VNM,2023,1.3437,점,,,,,,[추정치] · 등급 Low - Medium (10-20%) · 세계순위 92,WRI Aqueduct 4.0 (2023),https://files.wri.org/aqueduct/aqueduct-4-0-country-rankings.zip,CC-BY-4.0,B-017_WRI Aqueduct 물 스트레스 지수.xlsx,1.1_observation(측정값),6,
B-017,WRI Aqueduct 물 스트레스 지수,observation,vnm-v121-b-017-obs-7-0ce6f0e61ac74979,B-017_bws_baseline_w_dom,VNM,2023,1.8527,점,,,,,,[추정치] · 등급 Low - Medium (10-20%) · 세계순위 81,WRI Aqueduct 4.0 (2023),https://files.wri.org/aqueduct/aqueduct-4-0-country-rankings.zip,CC-BY-4.0,B-017_WRI Aqueduct 물 스트레스 지수.xlsx,1.1_observation(측정값),7,
B-017,WRI Aqueduct 물 스트레스 지수,observation,vnm-v121-b-017-obs-8-577a76c4c73b3ee0,B-017_bws_baseline_w_tot,VNM,2023,2.1128,점,,,,,,[추정치] · 등급 Medium - High (20-40%) · 세계순위 73,WRI Aqueduct 4.0 (2023),https://files.wri.org/aqueduct/aqueduct-4-0-country-rankings.zip,CC-BY-4.0,B-017_WRI Aqueduct 물 스트레스 지수.xlsx,1.1_observation(측정값),8,
B-017,WRI Aqueduct 물 스트레스 지수,observation,vnm-v121-b-017-obs-9-2f4015a167114e80,B-017_bws_baseline_w_liv,VNM,2023,1.357,점,,,,,,[추정치] · 등급 Low - Medium (10-20%) · 세계순위 96,WRI Aqueduct 4.0 (2023),https://files.wri.org/aqueduct/aqueduct-4-0-country-rankings.zip,CC-BY-4.0,B-017_WRI Aqueduct 물 스트레스 지수.xlsx,1.1_observation(측정값),9,
B-017,WRI Aqueduct 물 스트레스 지수,observation,vnm-v121-b-017-obs-10-ededf2e12bf10def,B-017_drr_baseline_w_ind,VNM,2023,3.0832,점,,,,,,[추정치] · 등급 Medium - High (0.6-0.8) · 세계순위 31,WRI Aqueduct 4.0 (2023),https://files.wri.org/aqueduct/aqueduct-4-0-country-rankings.zip,CC-BY-4.0,B-017_WRI Aqueduct 물 스트레스 지수.xlsx,1.1_observation(측정값),10,
B-017,WRI Aqueduct 물 스트레스 지수,observation,vnm-v121-b-017-obs-11-36bad83369de933c,B-017_drr_baseline_w_irr,VNM,2023,3.3802,점,,,,,,[추정치] · 등급 Medium - High (0.6-0.8) · 세계순위 21,WRI Aqueduct 4.0 (2023),https://files.wri.org/aqueduct/aqueduct-4-0-country-rankings.zip,CC-BY-4.0,B-017_WRI Aqueduct 물 스트레스 지수.xlsx,1.1_observation(측정값),11,
B-017,WRI Aqueduct 물 스트레스 지수,observation,vnm-v121-b-017-obs-12-3108bcb25a350c88,B-017_drr_baseline_w_one,VNM,2023,2.5605,점,,,,,,[추정치] · 등급 Medium (0.4-0.6) · 세계순위 62,WRI Aqueduct 4.0 (2023),https://files.wri.org/aqueduct/aqueduct-4-0-country-rankings.zip,CC-BY-4.0,B-017_WRI Aqueduct 물 스트레스 지수.xlsx,1.1_observation(측정값),12,
B-017,WRI Aqueduct 물 스트레스 지수,observation,vnm-v121-b-017-obs-13-c15e330f765c95b2,B-017_drr_baseline_w_dom,VNM,2023,3.0997,점,,,,,,[추정치] · 등급 Medium - High (0.6-0.8) · 세계순위 28,WRI Aqueduct 4.0 (2023),https://files.wri.org/aqueduct/aqueduct-4-0-country-rankings.zip,CC-BY-4.0,B-017_WRI Aqueduct 물 스트레스 지수.xlsx,1.1_observation(측정값),13,
B-017,WRI Aqueduct 물 스트레스 지수,observation,vnm-v121-b-017-obs-14-fae2d60b834fb070,B-017_drr_baseline_w_tot,VNM,2023,3.3268,점,,,,,,[추정치] · 등급 Medium - High (0.6-0.8) · 세계순위 19,WRI Aqueduct 4.0 (2023),https://files.wri.org/aqueduct/aqueduct-4-0-country-rankings.zip,CC-BY-4.0,B-017_WRI Aqueduct 물 스트레스 지수.xlsx,1.1_observation(측정값),14,
B-017,WRI Aqueduct 물 스트레스 지수,observation,vnm-v121-b-017-obs-15-141f1ba99d0190b1,B-017_drr_baseline_w_liv,VNM,2023,2.6036,점,,,,,,[추정치] · 등급 Medium (0.4-0.6) · 세계순위 78,WRI Aqueduct 4.0 (2023),https://files.wri.org/aqueduct/aqueduct-4-0-country-rankings.zip,CC-BY-4.0,B-017_WRI Aqueduct 물 스트레스 지수.xlsx,1.1_observation(측정값),15,
B-017,WRI Aqueduct 물 스트레스 지수,observation,vnm-v121-b-017-obs-16-fc76805b8e8ffcba,B-017_rfr_baseline,VNM,2023,4.1855,점,,,,,,[추정치] · 등급 Extremely High (more than 1 in 100) · 세계순위 12,WRI Aqueduct 4.0 (2023),https://files.wri.org/aqueduct/aqueduct-4-0-country-rankings.zip,CC-BY-4.0,B-017_WRI Aqueduct 물 스트레스 지수.xlsx,1.1_observation(측정값),16,
B-017,WRI Aqueduct 물 스트레스 지수,observation,vnm-v121-b-017-obs-17-3dc3d475d5ee3bd2,B-017_bws_future_bau_w_ind,VNM,2030,2.0286,점,,,,,,[전망치] · 등급 Medium - High (20-40%),WRI Aqueduct 4.0 (2023),https://files.wri.org/aqueduct/aqueduct-4-0-country-rankings.zip,CC-BY-4.0,B-017_WRI Aqueduct 물 스트레스 지수.xlsx,1.1_observation(측정값),17,
B-017,WRI Aqueduct 물 스트레스 지수,observation,vnm-v121-b-017-obs-18-2b15e339bba87f9b,B-017_bws_future_bau_w_ind,VNM,2050,2.1854,점,,,,,,[전망치] · 등급 Medium - High (20-40%),WRI Aqueduct 4.0 (2023),https://files.wri.org/aqueduct/aqueduct-4-0-country-rankings.zip,CC-BY-4.0,B-017_WRI Aqueduct 물 스트레스 지수.xlsx,1.1_observation(측정값),18,
B-017,WRI Aqueduct 물 스트레스 지수,observation,vnm-v121-b-017-obs-19-3d817d882cfc6d5b,B-017_bws_future_bau_w_ind,VNM,2080,2.2468,점,,,,,,[전망치] · 등급 Medium - High (20-40%),WRI Aqueduct 4.0 (2023),https://files.wri.org/aqueduct/aqueduct-4-0-country-rankings.zip,CC-BY-4.0,B-017_WRI Aqueduct 물 스트레스 지수.xlsx,1.1_observation(측정값),19,
B-017,WRI Aqueduct 물 스트레스 지수,observation,vnm-v121-b-017-obs-20-0a1209855863c861,B-017_bws_future_bau_w_irr,VNM,2030,2.1104,점,,,,,,[전망치] · 등급 Medium - High (20-40%),WRI Aqueduct 4.0 (2023),https://files.wri.org/aqueduct/aqueduct-4-0-country-rankings.zip,CC-BY-4.0,B-017_WRI Aqueduct 물 스트레스 지수.xlsx,1.1_observation(측정값),20,
B-017,WRI Aqueduct 물 스트레스 지수,observation,vnm-v121-b-017-obs-21-235379a6f74ff99b,B-017_bws_future_bau_w_irr,VNM,2050,2.2507,점,,,,,,[전망치] · 등급 Medium - High (20-40%),WRI Aqueduct 4.0 (2023),https://files.wri.org/aqueduct/aqueduct-4-0-country-rankings.zip,CC-BY-4.0,B-017_WRI Aqueduct 물 스트레스 지수.xlsx,1.1_observation(측정값),21,
B-017,WRI Aqueduct 물 스트레스 지수,observation,vnm-v121-b-017-obs-22-911ad0199c2d9ef4,B-017_bws_future_bau_w_irr,VNM,2080,2.2576,점,,,,,,[전망치] · 등급 Medium - High (20-40%),WRI Aqueduct 4.0 (2023),https://files.wri.org/aqueduct/aqueduct-4-0-country-rankings.zip,CC-BY-4.0,B-017_WRI Aqueduct 물 스트레스 지수.xlsx,1.1_observation(측정값),22,
B-017,WRI Aqueduct 물 스트레스 지수,observation,vnm-v121-b-017-obs-23-b5886ba6e1854827,B-017_bws_future_bau_w_one,VNM,2030,1.5483,점,,,,,,[전망치] · 등급 Low - Medium (10-20%),WRI Aqueduct 4.0 (2023),https://files.wri.org/aqueduct/aqueduct-4-0-country-rankings.zip,CC-BY-4.0,B-017_WRI Aqueduct 물 스트레스 지수.xlsx,1.1_observation(측정값),23,
B-017,WRI Aqueduct 물 스트레스 지수,observation,vnm-v121-b-017-obs-24-ac539cc5d88e571f,B-017_bws_future_bau_w_one,VNM,2050,1.6763,점,,,,,,[전망치] · 등급 Low - Medium (10-20%),WRI Aqueduct 4.0 (2023),https://files.wri.org/aqueduct/aqueduct-4-0-country-rankings.zip,CC-BY-4.0,B-017_WRI Aqueduct 물 스트레스 지수.xlsx,1.1_observation(측정값),24,
B-017,WRI Aqueduct 물 스트레스 지수,observation,vnm-v121-b-017-obs-25-a766ce11e998492f,B-017_bws_future_bau_w_one,VNM,2080,1.7134,점,,,,,,[전망치] · 등급 Low - Medium (10-20%),WRI Aqueduct 4.0 (2023),https://files.wri.org/aqueduct/aqueduct-4-0-country-rankings.zip,CC-BY-4.0,B-017_WRI Aqueduct 물 스트레스 지수.xlsx,1.1_observation(측정값),25,
B-017,WRI Aqueduct 물 스트레스 지수,observation,vnm-v121-b-017-obs-26-c3503b0a8d46a323,B-017_bws_future_bau_w_dom,VNM,2030,2.0138,점,,,,,,[전망치] · 등급 Medium - High (20-40%),WRI Aqueduct 4.0 (2023),https://files.wri.org/aqueduct/aqueduct-4-0-country-rankings.zip,CC-BY-4.0,B-017_WRI Aqueduct 물 스트레스 지수.xlsx,1.1_observation(측정값),26,
B-017,WRI Aqueduct 물 스트레스 지수,observation,vnm-v121-b-017-obs-27-82957b4735d41447,B-017_bws_future_bau_w_dom,VNM,2050,2.1595,점,,,,,,[전망치] · 등급 Medium - High (20-40%),WRI Aqueduct 4.0 (2023),https://files.wri.org/aqueduct/aqueduct-4-0-country-rankings.zip,CC-BY-4.0,B-017_WRI Aqueduct 물 스트레스 지수.xlsx,1.1_observation(측정값),27,
B-017,WRI Aqueduct 물 스트레스 지수,observation,vnm-v121-b-017-obs-28-dc73f2d7442f9017,B-017_bws_future_bau_w_dom,VNM,2080,2.1983,점,,,,,,[전망치] · 등급 Medium - High (20-40%),WRI Aqueduct 4.0 (2023),https://files.wri.org/aqueduct/aqueduct-4-0-country-rankings.zip,CC-BY-4.0,B-017_WRI Aqueduct 물 스트레스 지수.xlsx,1.1_observation(측정값),28,
B-017,WRI Aqueduct 물 스트레스 지수,observation,vnm-v121-b-017-obs-29-2faed9a0caf2d694,B-017_bws_future_bau_w_tot,VNM,2030,2.0912,점,,,,,,[전망치] · 등급 Medium - High (20-40%),WRI Aqueduct 4.0 (2023),https://files.wri.org/aqueduct/aqueduct-4-0-country-rankings.zip,CC-BY-4.0,B-017_WRI Aqueduct 물 스트레스 지수.xlsx,1.1_observation(측정값),29,
B-017,WRI Aqueduct 물 스트레스 지수,observation,vnm-v121-b-017-obs-30-135925c04717fbc6,B-017_bws_future_bau_w_tot,VNM,2050,2.236,점,,,,,,[전망치] · 등급 Medium - High (20-40%),WRI Aqueduct 4.0 (2023),https://files.wri.org/aqueduct/aqueduct-4-0-country-rankings.zip,CC-BY-4.0,B-017_WRI Aqueduct 물 스트레스 지수.xlsx,1.1_observation(측정값),30,
B-017,WRI Aqueduct 물 스트레스 지수,observation,vnm-v121-b-017-obs-31-14705c9dfc9376ed,B-017_bws_future_bau_w_tot,VNM,2080,2.2504,점,,,,,,[전망치] · 등급 Medium - High (20-40%),WRI Aqueduct 4.0 (2023),https://files.wri.org/aqueduct/aqueduct-4-0-country-rankings.zip,CC-BY-4.0,B-017_WRI Aqueduct 물 스트레스 지수.xlsx,1.1_observation(측정값),31,
B-017,WRI Aqueduct 물 스트레스 지수,observation,vnm-v121-b-017-obs-32-e3868f05ca3cba53,B-017_bws_future_bau_w_liv,VNM,2030,1.6867,점,,,,,,[전망치] · 등급 Low - Medium (10-20%),WRI Aqueduct 4.0 (2023),https://files.wri.org/aqueduct/aqueduct-4-0-country-rankings.zip,CC-BY-4.0,B-017_WRI Aqueduct 물 스트레스 지수.xlsx,1.1_observation(측정값),32,
B-017,WRI Aqueduct 물 스트레스 지수,observation,vnm-v121-b-017-obs-33-d1acab5d6482bf93,B-017_bws_future_bau_w_liv,VNM,2050,1.8116,점,,,,,,[전망치] · 등급 Low - Medium (10-20%),WRI Aqueduct 4.0 (2023),https://files.wri.org/aqueduct/aqueduct-4-0-country-rankings.zip,CC-BY-4.0,B-017_WRI Aqueduct 물 스트레스 지수.xlsx,1.1_observation(측정값),33,
B-017,WRI Aqueduct 물 스트레스 지수,observation,vnm-v121-b-017-obs-34-c4545b1a444696d5,B-017_bws_future_bau_w_liv,VNM,2080,1.8409,점,,,,,,[전망치] · 등급 Low - Medium (10-20%),WRI Aqueduct 4.0 (2023),https://files.wri.org/aqueduct/aqueduct-4-0-country-rankings.zip,CC-BY-4.0,B-017_WRI Aqueduct 물 스트레스 지수.xlsx,1.1_observation(측정값),34,
B-017,WRI Aqueduct 물 스트레스 지수,observation,vnm-v121-b-017-obs-35-57ba5d1afcf5c861,B-017_bws_future_opt_w_ind,VNM,2030,2.0638,점,,,,,,[전망치] · 등급 Medium - High (20-40%),WRI Aqueduct 4.0 (2023),https://files.wri.org/aqueduct/aqueduct-4-0-country-rankings.zip,CC-BY-4.0,B-017_WRI Aqueduct 물 스트레스 지수.xlsx,1.1_observation(측정값),35,
B-017,WRI Aqueduct 물 스트레스 지수,observation,vnm-v121-b-017-obs-36-d5041c9291bf9f21,B-017_bws_future_opt_w_ind,VNM,2050,2.057,점,,,,,,[전망치] · 등급 Medium - High (20-40%),WRI Aqueduct 4.0 (2023),https://files.wri.org/aqueduct/aqueduct-4-0-country-rankings.zip,CC-BY-4.0,B-017_WRI Aqueduct 물 스트레스 지수.xlsx,1.1_observation(측정값),36,
B-017,WRI Aqueduct 물 스트레스 지수,observation,vnm-v121-b-017-obs-37-2f128a2ff4080678,B-017_bws_future_opt_w_ind,VNM,2080,1.9577,점,,,,,,[전망치] · 등급 Low - Medium (10-20%),WRI Aqueduct 4.0 (2023),https://files.wri.org/aqueduct/aqueduct-4-0-country-rankings.zip,CC-BY-4.0,B-017_WRI Aqueduct 물 스트레스 지수.xlsx,1.1_observation(측정값),37,
B-017,WRI Aqueduct 물 스트레스 지수,observation,vnm-v121-b-017-obs-38-deefbb4496e3fb38,B-017_bws_future_opt_w_irr,VNM,2030,2.1324,점,,,,,,[전망치] · 등급 Medium - High (20-40%),WRI Aqueduct 4.0 (2023),https://files.wri.org/aqueduct/aqueduct-4-0-country-rankings.zip,CC-BY-4.0,B-017_WRI Aqueduct 물 스트레스 지수.xlsx,1.1_observation(측정값),38,
B-017,WRI Aqueduct 물 스트레스 지수,observation,vnm-v121-b-017-obs-39-1f473b518db8027f,B-017_bws_future_opt_w_irr,VNM,2050,2.0807,점,,,,,,[전망치] · 등급 Medium - High (20-40%),WRI Aqueduct 4.0 (2023),https://files.wri.org/aqueduct/aqueduct-4-0-country-rankings.zip,CC-BY-4.0,B-017_WRI Aqueduct 물 스트레스 지수.xlsx,1.1_observation(측정값),39,
B-017,WRI Aqueduct 물 스트레스 지수,observation,vnm-v121-b-017-obs-40-b0f4691724ba7def,B-017_bws_future_opt_w_irr,VNM,2080,2.0597,점,,,,,,[전망치] · 등급 Medium - High (20-40%),WRI Aqueduct 4.0 (2023),https://files.wri.org/aqueduct/aqueduct-4-0-country-rankings.zip,CC-BY-4.0,B-017_WRI Aqueduct 물 스트레스 지수.xlsx,1.1_observation(측정값),40,
B-017,WRI Aqueduct 물 스트레스 지수,observation,vnm-v121-b-017-obs-41-5fc31a17cbd4f5b0,B-017_bws_future_opt_w_one,VNM,2030,1.5707,점,,,,,,[전망치] · 등급 Low - Medium (10-20%),WRI Aqueduct 4.0 (2023),https://files.wri.org/aqueduct/aqueduct-4-0-country-rankings.zip,CC-BY-4.0,B-017_WRI Aqueduct 물 스트레스 지수.xlsx,1.1_observation(측정값),41,
B-017,WRI Aqueduct 물 스트레스 지수,observation,vnm-v121-b-017-obs-42-40fd819fda9a5123,B-017_bws_future_opt_w_one,VNM,2050,1.5455,점,,,,,,[전망치] · 등급 Low - Medium (10-20%),WRI Aqueduct 4.0 (2023),https://files.wri.org/aqueduct/aqueduct-4-0-country-rankings.zip,CC-BY-4.0,B-017_WRI Aqueduct 물 스트레스 지수.xlsx,1.1_observation(측정값),42,
B-017,WRI Aqueduct 물 스트레스 지수,observation,vnm-v121-b-017-obs-43-53be755633f1b33f,B-017_bws_future_opt_w_one,VNM,2080,1.4676,점,,,,,,[전망치] · 등급 Low - Medium (10-20%),WRI Aqueduct 4.0 (2023),https://files.wri.org/aqueduct/aqueduct-4-0-country-rankings.zip,CC-BY-4.0,B-017_WRI Aqueduct 물 스트레스 지수.xlsx,1.1_observation(측정값),43,
B-017,WRI Aqueduct 물 스트레스 지수,observation,vnm-v121-b-017-obs-44-47efc11d37c30de8,B-017_bws_future_opt_w_dom,VNM,2030,2.0319,점,,,,,,[전망치] · 등급 Medium - High (20-40%),WRI Aqueduct 4.0 (2023),https://files.wri.org/aqueduct/aqueduct-4-0-country-rankings.zip,CC-BY-4.0,B-017_WRI Aqueduct 물 스트레스 지수.xlsx,1.1_observation(측정값),44,
B-017,WRI Aqueduct 물 스트레스 지수,observation,vnm-v121-b-017-obs-45-a1ae32adfe67719e,B-017_bws_future_opt_w_dom,VNM,2050,2.0116,점,,,,,,[전망치] · 등급 Medium - High (20-40%),WRI Aqueduct 4.0 (2023),https://files.wri.org/aqueduct/aqueduct-4-0-country-rankings.zip,CC-BY-4.0,B-017_WRI Aqueduct 물 스트레스 지수.xlsx,1.1_observation(측정값),45,
B-017,WRI Aqueduct 물 스트레스 지수,observation,vnm-v121-b-017-obs-46-10cee5adaf5dd40e,B-017_bws_future_opt_w_dom,VNM,2080,1.9131,점,,,,,,[전망치] · 등급 Low - Medium (10-20%),WRI Aqueduct 4.0 (2023),https://files.wri.org/aqueduct/aqueduct-4-0-country-rankings.zip,CC-BY-4.0,B-017_WRI Aqueduct 물 스트레스 지수.xlsx,1.1_observation(측정값),46,
B-017,WRI Aqueduct 물 스트레스 지수,observation,vnm-v121-b-017-obs-47-d81a3ad7e44ef5b9,B-017_bws_future_opt_w_tot,VNM,2030,2.1116,점,,,,,,[전망치] · 등급 Medium - High (20-40%),WRI Aqueduct 4.0 (2023),https://files.wri.org/aqueduct/aqueduct-4-0-country-rankings.zip,CC-BY-4.0,B-017_WRI Aqueduct 물 스트레스 지수.xlsx,1.1_observation(측정값),47,
B-017,WRI Aqueduct 물 스트레스 지수,observation,vnm-v121-b-017-obs-48-3508e1c33c46ee08,B-017_bws_future_opt_w_tot,VNM,2050,2.0718,점,,,,,,[전망치] · 등급 Medium - High (20-40%),WRI Aqueduct 4.0 (2023),https://files.wri.org/aqueduct/aqueduct-4-0-country-rankings.zip,CC-BY-4.0,B-017_WRI Aqueduct 물 스트레스 지수.xlsx,1.1_observation(측정값),48,
B-017,WRI Aqueduct 물 스트레스 지수,observation,vnm-v121-b-017-obs-49-428e20d864f2ca55,B-017_bws_future_opt_w_tot,VNM,2080,2.0383,점,,,,,,[전망치] · 등급 Medium - High (20-40%),WRI Aqueduct 4.0 (2023),https://files.wri.org/aqueduct/aqueduct-4-0-country-rankings.zip,CC-BY-4.0,B-017_WRI Aqueduct 물 스트레스 지수.xlsx,1.1_observation(측정값),49,
B-017,WRI Aqueduct 물 스트레스 지수,observation,vnm-v121-b-017-obs-50-0c2335e29cf13236,B-017_bws_future_opt_w_liv,VNM,2030,1.6923,점,,,,,,[전망치] · 등급 Low - Medium (10-20%),WRI Aqueduct 4.0 (2023),https://files.wri.org/aqueduct/aqueduct-4-0-country-rankings.zip,CC-BY-4.0,B-017_WRI Aqueduct 물 스트레스 지수.xlsx,1.1_observation(측정값),50,
B-017,WRI Aqueduct 물 스트레스 지수,observation,vnm-v121-b-017-obs-51-8e2ea7367ba7b79d,B-017_bws_future_opt_w_liv,VNM,2050,1.6395,점,,,,,,[전망치] · 등급 Low - Medium (10-20%),WRI Aqueduct 4.0 (2023),https://files.wri.org/aqueduct/aqueduct-4-0-country-rankings.zip,CC-BY-4.0,B-017_WRI Aqueduct 물 스트레스 지수.xlsx,1.1_observation(측정값),51,
B-017,WRI Aqueduct 물 스트레스 지수,observation,vnm-v121-b-017-obs-52-711157b9b6530b5a,B-017_bws_future_opt_w_liv,VNM,2080,1.5128,점,,,,,,[전망치] · 등급 Low - Medium (10-20%),WRI Aqueduct 4.0 (2023),https://files.wri.org/aqueduct/aqueduct-4-0-country-rankings.zip,CC-BY-4.0,B-017_WRI Aqueduct 물 스트레스 지수.xlsx,1.1_observation(측정값),52,
B-017,WRI Aqueduct 물 스트레스 지수,observation,vnm-v121-b-017-obs-53-7ae755e9979b1b66,B-017_bws_future_pes_w_ind,VNM,2030,1.9889,점,,,,,,[전망치] · 등급 Low - Medium (10-20%),WRI Aqueduct 4.0 (2023),https://files.wri.org/aqueduct/aqueduct-4-0-country-rankings.zip,CC-BY-4.0,B-017_WRI Aqueduct 물 스트레스 지수.xlsx,1.1_observation(측정값),53,
B-017,WRI Aqueduct 물 스트레스 지수,observation,vnm-v121-b-017-obs-54-d5dcfa3399f0c64b,B-017_bws_future_pes_w_ind,VNM,2050,2.1189,점,,,,,,[전망치] · 등급 Medium - High (20-40%),WRI Aqueduct 4.0 (2023),https://files.wri.org/aqueduct/aqueduct-4-0-country-rankings.zip,CC-BY-4.0,B-017_WRI Aqueduct 물 스트레스 지수.xlsx,1.1_observation(측정값),54,
B-017,WRI Aqueduct 물 스트레스 지수,observation,vnm-v121-b-017-obs-55-1dff448e31997204,B-017_bws_future_pes_w_ind,VNM,2080,2.1056,점,,,,,,[전망치] · 등급 Medium - High (20-40%),WRI Aqueduct 4.0 (2023),https://files.wri.org/aqueduct/aqueduct-4-0-country-rankings.zip,CC-BY-4.0,B-017_WRI Aqueduct 물 스트레스 지수.xlsx,1.1_observation(측정값),55,
B-017,WRI Aqueduct 물 스트레스 지수,observation,vnm-v121-b-017-obs-56-4cad472d8210d574,B-017_bws_future_pes_w_irr,VNM,2030,2.0628,점,,,,,,[전망치] · 등급 Medium - High (20-40%),WRI Aqueduct 4.0 (2023),https://files.wri.org/aqueduct/aqueduct-4-0-country-rankings.zip,CC-BY-4.0,B-017_WRI Aqueduct 물 스트레스 지수.xlsx,1.1_observation(측정값),56,
B-017,WRI Aqueduct 물 스트레스 지수,observation,vnm-v121-b-017-obs-57-6f9b98bdfd6de3fd,B-017_bws_future_pes_w_irr,VNM,2050,2.1788,점,,,,,,[전망치] · 등급 Medium - High (20-40%),WRI Aqueduct 4.0 (2023),https://files.wri.org/aqueduct/aqueduct-4-0-country-rankings.zip,CC-BY-4.0,B-017_WRI Aqueduct 물 스트레스 지수.xlsx,1.1_observation(측정값),57,
B-017,WRI Aqueduct 물 스트레스 지수,observation,vnm-v121-b-017-obs-58-9ad21319047f675d,B-017_bws_future_pes_w_irr,VNM,2080,2.1651,점,,,,,,[전망치] · 등급 Medium - High (20-40%),WRI Aqueduct 4.0 (2023),https://files.wri.org/aqueduct/aqueduct-4-0-country-rankings.zip,CC-BY-4.0,B-017_WRI Aqueduct 물 스트레스 지수.xlsx,1.1_observation(측정값),58,
B-017,WRI Aqueduct 물 스트레스 지수,observation,vnm-v121-b-017-obs-59-f9d85930752956d9,B-017_bws_future_pes_w_one,VNM,2030,1.5424,점,,,,,,[전망치] · 등급 Low - Medium (10-20%),WRI Aqueduct 4.0 (2023),https://files.wri.org/aqueduct/aqueduct-4-0-country-rankings.zip,CC-BY-4.0,B-017_WRI Aqueduct 물 스트레스 지수.xlsx,1.1_observation(측정값),59,
B-017,WRI Aqueduct 물 스트레스 지수,observation,vnm-v121-b-017-obs-60-032cce4ef0aebbf7,B-017_bws_future_pes_w_one,VNM,2050,1.6234,점,,,,,,[전망치] · 등급 Low - Medium (10-20%),WRI Aqueduct 4.0 (2023),https://files.wri.org/aqueduct/aqueduct-4-0-country-rankings.zip,CC-BY-4.0,B-017_WRI Aqueduct 물 스트레스 지수.xlsx,1.1_observation(측정값),60,
B-017,WRI Aqueduct 물 스트레스 지수,observation,vnm-v121-b-017-obs-61-f43890d743ed4ba6,B-017_bws_future_pes_w_one,VNM,2080,1.6363,점,,,,,,[전망치] · 등급 Low - Medium (10-20%),WRI Aqueduct 4.0 (2023),https://files.wri.org/aqueduct/aqueduct-4-0-country-rankings.zip,CC-BY-4.0,B-017_WRI Aqueduct 물 스트레스 지수.xlsx,1.1_observation(측정값),61,
B-017,WRI Aqueduct 물 스트레스 지수,observation,vnm-v121-b-017-obs-62-b824db721827e1a6,B-017_bws_future_pes_w_dom,VNM,2030,1.9845,점,,,,,,[전망치] · 등급 Low - Medium (10-20%),WRI Aqueduct 4.0 (2023),https://files.wri.org/aqueduct/aqueduct-4-0-country-rankings.zip,CC-BY-4.0,B-017_WRI Aqueduct 물 스트레스 지수.xlsx,1.1_observation(측정값),62,
B-017,WRI Aqueduct 물 스트레스 지수,observation,vnm-v121-b-017-obs-63-b01f5bf588d363de,B-017_bws_future_pes_w_dom,VNM,2050,2.0899,점,,,,,,[전망치] · 등급 Medium - High (20-40%),WRI Aqueduct 4.0 (2023),https://files.wri.org/aqueduct/aqueduct-4-0-country-rankings.zip,CC-BY-4.0,B-017_WRI Aqueduct 물 스트레스 지수.xlsx,1.1_observation(측정값),63,
B-017,WRI Aqueduct 물 스트레스 지수,observation,vnm-v121-b-017-obs-64-056e3d91fc187d50,B-017_bws_future_pes_w_dom,VNM,2080,2.075,점,,,,,,[전망치] · 등급 Medium - High (20-40%),WRI Aqueduct 4.0 (2023),https://files.wri.org/aqueduct/aqueduct-4-0-country-rankings.zip,CC-BY-4.0,B-017_WRI Aqueduct 물 스트레스 지수.xlsx,1.1_observation(측정값),64,
B-017,WRI Aqueduct 물 스트레스 지수,observation,vnm-v121-b-017-obs-65-40cf3653a7056605,B-017_bws_future_pes_w_tot,VNM,2030,2.052,점,,,,,,[전망치] · 등급 Medium - High (20-40%),WRI Aqueduct 4.0 (2023),https://files.wri.org/aqueduct/aqueduct-4-0-country-rankings.zip,CC-BY-4.0,B-017_WRI Aqueduct 물 스트레스 지수.xlsx,1.1_observation(측정값),65,
B-017,WRI Aqueduct 물 스트레스 지수,observation,vnm-v121-b-017-obs-66-26df95962ee6bfb2,B-017_bws_future_pes_w_tot,VNM,2050,2.166,점,,,,,,[전망치] · 등급 Medium - High (20-40%),WRI Aqueduct 4.0 (2023),https://files.wri.org/aqueduct/aqueduct-4-0-country-rankings.zip,CC-BY-4.0,B-017_WRI Aqueduct 물 스트레스 지수.xlsx,1.1_observation(측정값),66,
B-017,WRI Aqueduct 물 스트레스 지수,observation,vnm-v121-b-017-obs-67-c6a28827c0f2d708,B-017_bws_future_pes_w_tot,VNM,2080,2.1487,점,,,,,,[전망치] · 등급 Medium - High (20-40%),WRI Aqueduct 4.0 (2023),https://files.wri.org/aqueduct/aqueduct-4-0-country-rankings.zip,CC-BY-4.0,B-017_WRI Aqueduct 물 스트레스 지수.xlsx,1.1_observation(측정값),67,
B-017,WRI Aqueduct 물 스트레스 지수,observation,vnm-v121-b-017-obs-68-48760bbe3881a1e3,B-017_bws_future_pes_w_liv,VNM,2030,1.7075,점,,,,,,[전망치] · 등급 Low - Medium (10-20%),WRI Aqueduct 4.0 (2023),https://files.wri.org/aqueduct/aqueduct-4-0-country-rankings.zip,CC-BY-4.0,B-017_WRI Aqueduct 물 스트레스 지수.xlsx,1.1_observation(측정값),68,
B-017,WRI Aqueduct 물 스트레스 지수,observation,vnm-v121-b-017-obs-69-595d40d473a235ff,B-017_bws_future_pes_w_liv,VNM,2050,1.7067,점,,,,,,[전망치] · 등급 Low - Medium (10-20%),WRI Aqueduct 4.0 (2023),https://files.wri.org/aqueduct/aqueduct-4-0-country-rankings.zip,CC-BY-4.0,B-017_WRI Aqueduct 물 스트레스 지수.xlsx,1.1_observation(측정값),69,
B-017,WRI Aqueduct 물 스트레스 지수,observation,vnm-v121-b-017-obs-70-8c8a21b1dba2dc44,B-017_bws_future_pes_w_liv,VNM,2080,1.7712,점,,,,,,[전망치] · 등급 Low - Medium (10-20%),WRI Aqueduct 4.0 (2023),https://files.wri.org/aqueduct/aqueduct-4-0-country-rankings.zip,CC-BY-4.0,B-017_WRI Aqueduct 물 스트레스 지수.xlsx,1.1_observation(측정값),70,
B-017,WRI Aqueduct 물 스트레스 지수,observation,vnm-v121-b-017-obs-71-f0b9546983ffca65,B-017_sdg642_total,VNM,1990,11.4099,%,,,,,,[추정치] · AQUASTAT symbol=E,FAO AQUASTAT (SDG 6.4.2),https://data.apps.fao.org/aquastat/?lang=en&country=VNM,기관 이용약관,B-017_WRI Aqueduct 물 스트레스 지수.xlsx,1.1_observation(측정값),71,
B-017,WRI Aqueduct 물 스트레스 지수,observation,vnm-v121-b-017-obs-72-c4c9393abf76f912,B-017_sdg642_total,VNM,1991,11.8594,%,,,,,,[추정치] · AQUASTAT symbol=E,FAO AQUASTAT (SDG 6.4.2),https://data.apps.fao.org/aquastat/?lang=en&country=VNM,기관 이용약관,B-017_WRI Aqueduct 물 스트레스 지수.xlsx,1.1_observation(측정값),72,
B-017,WRI Aqueduct 물 스트레스 지수,observation,vnm-v121-b-017-obs-73-8355cdac888eff2d,B-017_sdg642_total,VNM,1992,12.3089,%,,,,,,[추정치] · AQUASTAT symbol=E,FAO AQUASTAT (SDG 6.4.2),https://data.apps.fao.org/aquastat/?lang=en&country=VNM,기관 이용약관,B-017_WRI Aqueduct 물 스트레스 지수.xlsx,1.1_observation(측정값),73,
B-017,WRI Aqueduct 물 스트레스 지수,observation,vnm-v121-b-017-obs-74-60a1a91932dccb1b,B-017_sdg642_total,VNM,1993,12.7584,%,,,,,,[추정치] · AQUASTAT symbol=E,FAO AQUASTAT (SDG 6.4.2),https://data.apps.fao.org/aquastat/?lang=en&country=VNM,기관 이용약관,B-017_WRI Aqueduct 물 스트레스 지수.xlsx,1.1_observation(측정값),74,
B-017,WRI Aqueduct 물 스트레스 지수,observation,vnm-v121-b-017-obs-75-7bea1492654c5a2b,B-017_sdg642_total,VNM,1994,13.2079,%,,,,,,[추정치] · AQUASTAT symbol=E,FAO AQUASTAT (SDG 6.4.2),https://data.apps.fao.org/aquastat/?lang=en&country=VNM,기관 이용약관,B-017_WRI Aqueduct 물 스트레스 지수.xlsx,1.1_observation(측정값),75,
B-017,WRI Aqueduct 물 스트레스 지수,observation,vnm-v121-b-017-obs-76-1a0ea1bd258f0380,B-017_sdg642_total,VNM,1995,13.6574,%,,,,,,[추정치] · AQUASTAT symbol=E,FAO AQUASTAT (SDG 6.4.2),https://data.apps.fao.org/aquastat/?lang=en&country=VNM,기관 이용약관,B-017_WRI Aqueduct 물 스트레스 지수.xlsx,1.1_observation(측정값),76,
B-017,WRI Aqueduct 물 스트레스 지수,observation,vnm-v121-b-017-obs-77-0a9a3cdad4281a9f,B-017_sdg642_total,VNM,1996,14.1069,%,,,,,,[추정치] · AQUASTAT symbol=E,FAO AQUASTAT (SDG 6.4.2),https://data.apps.fao.org/aquastat/?lang=en&country=VNM,기관 이용약관,B-017_WRI Aqueduct 물 스트레스 지수.xlsx,1.1_observation(측정값),77,
B-017,WRI Aqueduct 물 스트레스 지수,observation,vnm-v121-b-017-obs-78-cb9ae07e13a46cd7,B-017_sdg642_total,VNM,1997,14.5564,%,,,,,,[추정치] · AQUASTAT symbol=E,FAO AQUASTAT (SDG 6.4.2),https://data.apps.fao.org/aquastat/?lang=en&country=VNM,기관 이용약관,B-017_WRI Aqueduct 물 스트레스 지수.xlsx,1.1_observation(측정값),78,
B-017,WRI Aqueduct 물 스트레스 지수,observation,vnm-v121-b-017-obs-79-b07104c62e294555,B-017_sdg642_total,VNM,1998,15.0059,%,,,,,,[추정치] · AQUASTAT symbol=E,FAO AQUASTAT (SDG 6.4.2),https://data.apps.fao.org/aquastat/?lang=en&country=VNM,기관 이용약관,B-017_WRI Aqueduct 물 스트레스 지수.xlsx,1.1_observation(측정값),79,
B-017,WRI Aqueduct 물 스트레스 지수,observation,vnm-v121-b-017-obs-80-71798b7d62d4d714,B-017_sdg642_total,VNM,1999,15.4554,%,,,,,,[추정치] · AQUASTAT symbol=E,FAO AQUASTAT (SDG 6.4.2),https://data.apps.fao.org/aquastat/?lang=en&country=VNM,기관 이용약관,B-017_WRI Aqueduct 물 스트레스 지수.xlsx,1.1_observation(측정값),80,
B-017,WRI Aqueduct 물 스트레스 지수,observation,vnm-v121-b-017-obs-81-d3f2b13a86ee07c8,B-017_sdg642_total,VNM,2000,15.9049,%,,,,,,[추정치] · AQUASTAT symbol=E,FAO AQUASTAT (SDG 6.4.2),https://data.apps.fao.org/aquastat/?lang=en&country=VNM,기관 이용약관,B-017_WRI Aqueduct 물 스트레스 지수.xlsx,1.1_observation(측정값),81,
B-017,WRI Aqueduct 물 스트레스 지수,observation,vnm-v121-b-017-obs-82-79ee6a5883498ca4,B-017_sdg642_total,VNM,2001,16.3575,%,,,,,,[추정치] · AQUASTAT symbol=E,FAO AQUASTAT (SDG 6.4.2),https://data.apps.fao.org/aquastat/?lang=en&country=VNM,기관 이용약관,B-017_WRI Aqueduct 물 스트레스 지수.xlsx,1.1_observation(측정값),82,
B-017,WRI Aqueduct 물 스트레스 지수,observation,vnm-v121-b-017-obs-83-afd278bfbd367f20,B-017_sdg642_total,VNM,2002,16.81,%,,,,,,[추정치] · AQUASTAT symbol=E,FAO AQUASTAT (SDG 6.4.2),https://data.apps.fao.org/aquastat/?lang=en&country=VNM,기관 이용약관,B-017_WRI Aqueduct 물 스트레스 지수.xlsx,1.1_observation(측정값),83,
B-017,WRI Aqueduct 물 스트레스 지수,observation,vnm-v121-b-017-obs-84-f82edd8460bd839b,B-017_sdg642_total,VNM,2003,17.2237,%,,,,,,[추정치] · AQUASTAT symbol=E,FAO AQUASTAT (SDG 6.4.2),https://data.apps.fao.org/aquastat/?lang=en&country=VNM,기관 이용약관,B-017_WRI Aqueduct 물 스트레스 지수.xlsx,1.1_observation(측정값),84,
B-017,WRI Aqueduct 물 스트레스 지수,observation,vnm-v121-b-017-obs-85-e97816fd311fa3bc,B-017_sdg642_total,VNM,2004,17.6762,%,,,,,,[추정치] · AQUASTAT symbol=E,FAO AQUASTAT (SDG 6.4.2),https://data.apps.fao.org/aquastat/?lang=en&country=VNM,기관 이용약관,B-017_WRI Aqueduct 물 스트레스 지수.xlsx,1.1_observation(측정값),85,
B-017,WRI Aqueduct 물 스트레스 지수,observation,vnm-v121-b-017-obs-86-a406e3df65d13a60,B-017_sdg642_total,VNM,2005,18.1303,%,,,,,,[추정치] · AQUASTAT symbol=E,FAO AQUASTAT (SDG 6.4.2),https://data.apps.fao.org/aquastat/?lang=en&country=VNM,기관 이용약관,B-017_WRI Aqueduct 물 스트레스 지수.xlsx,1.1_observation(측정값),86,
B-017,WRI Aqueduct 물 스트레스 지수,observation,vnm-v121-b-017-obs-87-c72013fdf096bd41,B-017_sdg642_total,VNM,2006,18.0928,%,,,,,,[추정치] · AQUASTAT symbol=E,FAO AQUASTAT (SDG 6.4.2),https://data.apps.fao.org/aquastat/?lang=en&country=VNM,기관 이용약관,B-017_WRI Aqueduct 물 스트레스 지수.xlsx,1.1_observation(측정값),87,
B-017,WRI Aqueduct 물 스트레스 지수,observation,vnm-v121-b-017-obs-88-5ab18ff24af2fdea,B-017_sdg642_total,VNM,2007,18.0554,%,,,,,,[추정치] · AQUASTAT symbol=E,FAO AQUASTAT (SDG 6.4.2),https://data.apps.fao.org/aquastat/?lang=en&country=VNM,기관 이용약관,B-017_WRI Aqueduct 물 스트레스 지수.xlsx,1.1_observation(측정값),88,
B-017,WRI Aqueduct 물 스트레스 지수,observation,vnm-v121-b-017-obs-89-107aaa937a7ae65c,B-017_sdg642_total,VNM,2008,18.0179,%,,,,,,[추정치] · AQUASTAT symbol=E,FAO AQUASTAT (SDG 6.4.2),https://data.apps.fao.org/aquastat/?lang=en&country=VNM,기관 이용약관,B-017_WRI Aqueduct 물 스트레스 지수.xlsx,1.1_observation(측정값),89,
B-017,WRI Aqueduct 물 스트레스 지수,observation,vnm-v121-b-017-obs-90-fc1e3159da8d4050,B-017_sdg642_total,VNM,2009,17.9804,%,,,,,,[추정치] · AQUASTAT symbol=E,FAO AQUASTAT (SDG 6.4.2),https://data.apps.fao.org/aquastat/?lang=en&country=VNM,기관 이용약관,B-017_WRI Aqueduct 물 스트레스 지수.xlsx,1.1_observation(측정값),90,
B-017,WRI Aqueduct 물 스트레스 지수,observation,vnm-v121-b-017-obs-91-4baa97b201a59b44,B-017_sdg642_total,VNM,2010,17.9429,%,,,,,,[추정치] · AQUASTAT symbol=E,FAO AQUASTAT (SDG 6.4.2),https://data.apps.fao.org/aquastat/?lang=en&country=VNM,기관 이용약관,B-017_WRI Aqueduct 물 스트레스 지수.xlsx,1.1_observation(측정값),91,
B-017,WRI Aqueduct 물 스트레스 지수,observation,vnm-v121-b-017-obs-92-57ef91edf722b1aa,B-017_sdg642_total,VNM,2011,17.9055,%,,,,,,[추정치] · AQUASTAT symbol=E,FAO AQUASTAT (SDG 6.4.2),https://data.apps.fao.org/aquastat/?lang=en&country=VNM,기관 이용약관,B-017_WRI Aqueduct 물 스트레스 지수.xlsx,1.1_observation(측정값),92,
B-017,WRI Aqueduct 물 스트레스 지수,observation,vnm-v121-b-017-obs-93-2256cdf83d56f6a4,B-017_sdg642_total,VNM,2012,17.868,%,,,,,,[추정치] · AQUASTAT symbol=E,FAO AQUASTAT (SDG 6.4.2),https://data.apps.fao.org/aquastat/?lang=en&country=VNM,기관 이용약관,B-017_WRI Aqueduct 물 스트레스 지수.xlsx,1.1_observation(측정값),93,
B-017,WRI Aqueduct 물 스트레스 지수,observation,vnm-v121-b-017-obs-94-a8417bb18ed92c23,B-017_sdg642_total,VNM,2013,17.8305,%,,,,,,[추정치] · AQUASTAT symbol=E,FAO AQUASTAT (SDG 6.4.2),https://data.apps.fao.org/aquastat/?lang=en&country=VNM,기관 이용약관,B-017_WRI Aqueduct 물 스트레스 지수.xlsx,1.1_observation(측정값),94,
B-017,WRI Aqueduct 물 스트레스 지수,observation,vnm-v121-b-017-obs-95-34e295faf90d02dc,B-017_sdg642_total,VNM,2014,17.7931,%,,,,,,[추정치] · AQUASTAT symbol=E,FAO AQUASTAT (SDG 6.4.2),https://data.apps.fao.org/aquastat/?lang=en&country=VNM,기관 이용약관,B-017_WRI Aqueduct 물 스트레스 지수.xlsx,1.1_observation(측정값),95,
B-017,WRI Aqueduct 물 스트레스 지수,observation,vnm-v121-b-017-obs-96-75b818e3cc48008d,B-017_sdg642_total,VNM,2015,17.7556,%,,,,,,[추정치] · AQUASTAT symbol=E,FAO AQUASTAT (SDG 6.4.2),https://data.apps.fao.org/aquastat/?lang=en&country=VNM,기관 이용약관,B-017_WRI Aqueduct 물 스트레스 지수.xlsx,1.1_observation(측정값),96,
B-017,WRI Aqueduct 물 스트레스 지수,observation,vnm-v121-b-017-obs-97-3620255d69379b18,B-017_sdg642_total,VNM,2016,17.7556,%,,,,,,[추정치] · AQUASTAT symbol=E,FAO AQUASTAT (SDG 6.4.2),https://data.apps.fao.org/aquastat/?lang=en&country=VNM,기관 이용약관,B-017_WRI Aqueduct 물 스트레스 지수.xlsx,1.1_observation(측정값),97,
B-017,WRI Aqueduct 물 스트레스 지수,observation,vnm-v121-b-017-obs-98-cb7d5d05cf4ac5d6,B-017_sdg642_total,VNM,2017,17.7556,%,,,,,,[추정치] · AQUASTAT symbol=E,FAO AQUASTAT (SDG 6.4.2),https://data.apps.fao.org/aquastat/?lang=en&country=VNM,기관 이용약관,B-017_WRI Aqueduct 물 스트레스 지수.xlsx,1.1_observation(측정값),98,
B-017,WRI Aqueduct 물 스트레스 지수,observation,vnm-v121-b-017-obs-99-80d47aac4e2a8f04,B-017_sdg642_total,VNM,2018,17.7556,%,,,,,,[추정치] · AQUASTAT symbol=E,FAO AQUASTAT (SDG 6.4.2),https://data.apps.fao.org/aquastat/?lang=en&country=VNM,기관 이용약관,B-017_WRI Aqueduct 물 스트레스 지수.xlsx,1.1_observation(측정값),99,
B-017,WRI Aqueduct 물 스트레스 지수,observation,vnm-v121-b-017-obs-100-a48c9f0fe0631320,B-017_sdg642_total,VNM,2019,17.7556,%,,,,,,[추정치] · AQUASTAT symbol=E,FAO AQUASTAT (SDG 6.4.2),https://data.apps.fao.org/aquastat/?lang=en&country=VNM,기관 이용약관,B-017_WRI Aqueduct 물 스트레스 지수.xlsx,1.1_observation(측정값),100,
B-017,WRI Aqueduct 물 스트레스 지수,observation,vnm-v121-b-017-obs-101-109fae2ce3b7dbfc,B-017_sdg642_total,VNM,2020,17.7556,%,,,,,,[추정치] · AQUASTAT symbol=E,FAO AQUASTAT (SDG 6.4.2),https://data.apps.fao.org/aquastat/?lang=en&country=VNM,기관 이용약관,B-017_WRI Aqueduct 물 스트레스 지수.xlsx,1.1_observation(측정값),101,
B-017,WRI Aqueduct 물 스트레스 지수,observation,vnm-v121-b-017-obs-102-21facafb4fd1bc75,B-017_sdg642_total,VNM,2021,17.7556,%,,,,,,[추정치] · AQUASTAT symbol=E,FAO AQUASTAT (SDG 6.4.2),https://data.apps.fao.org/aquastat/?lang=en&country=VNM,기관 이용약관,B-017_WRI Aqueduct 물 스트레스 지수.xlsx,1.1_observation(측정값),102,
B-017,WRI Aqueduct 물 스트레스 지수,observation,vnm-v121-b-017-obs-103-1ff8293c30c7a13c,B-017_sdg642_total,VNM,2022,17.7556,%,,,,,,[추정치] · AQUASTAT symbol=E,FAO AQUASTAT (SDG 6.4.2),https://data.apps.fao.org/aquastat/?lang=en&country=VNM,기관 이용약관,B-017_WRI Aqueduct 물 스트레스 지수.xlsx,1.1_observation(측정값),103,
B-017,WRI Aqueduct 물 스트레스 지수,observation,vnm-v121-b-017-obs-104-7ad8593a8e90ab4f,B-017_sdg642_total,VNM,2023,17.7556,%,,,,,,[추정치] · AQUASTAT symbol=E,FAO AQUASTAT (SDG 6.4.2),https://data.apps.fao.org/aquastat/?lang=en&country=VNM,기관 이용약관,B-017_WRI Aqueduct 물 스트레스 지수.xlsx,1.1_observation(측정값),104,
B-017,WRI Aqueduct 물 스트레스 지수,observation,vnm-v121-b-017-obs-105-60cabc829bfd1759,B-017_sdg642_agri,VNM,1990,10.4093,%,,,,,,[추정치] · AQUASTAT symbol=E,FAO AQUASTAT (SDG 6.4.2),https://data.apps.fao.org/aquastat/?lang=en&country=VNM,기관 이용약관,B-017_WRI Aqueduct 물 스트레스 지수.xlsx,1.1_observation(측정값),105,
B-017,WRI Aqueduct 물 스트레스 지수,observation,vnm-v121-b-017-obs-106-a61cbb32700cc8e8,B-017_sdg642_agri,VNM,1991,10.8633,%,,,,,,[추정치] · AQUASTAT symbol=E,FAO AQUASTAT (SDG 6.4.2),https://data.apps.fao.org/aquastat/?lang=en&country=VNM,기관 이용약관,B-017_WRI Aqueduct 물 스트레스 지수.xlsx,1.1_observation(측정값),106,
B-017,WRI Aqueduct 물 스트레스 지수,observation,vnm-v121-b-017-obs-107-c73080d513c9e8e2,B-017_sdg642_agri,VNM,1992,11.3173,%,,,,,,[추정치] · AQUASTAT symbol=E,FAO AQUASTAT (SDG 6.4.2),https://data.apps.fao.org/aquastat/?lang=en&country=VNM,기관 이용약관,B-017_WRI Aqueduct 물 스트레스 지수.xlsx,1.1_observation(측정값),107,
B-017,WRI Aqueduct 물 스트레스 지수,observation,vnm-v121-b-017-obs-108-ea7498e94d4a9a09,B-017_sdg642_agri,VNM,1993,11.7714,%,,,,,,[추정치] · AQUASTAT symbol=E,FAO AQUASTAT (SDG 6.4.2),https://data.apps.fao.org/aquastat/?lang=en&country=VNM,기관 이용약관,B-017_WRI Aqueduct 물 스트레스 지수.xlsx,1.1_observation(측정값),108,
B-017,WRI Aqueduct 물 스트레스 지수,observation,vnm-v121-b-017-obs-109-918b4f54cf6acf9e,B-017_sdg642_agri,VNM,1994,12.2254,%,,,,,,[추정치] · AQUASTAT symbol=E,FAO AQUASTAT (SDG 6.4.2),https://data.apps.fao.org/aquastat/?lang=en&country=VNM,기관 이용약관,B-017_WRI Aqueduct 물 스트레스 지수.xlsx,1.1_observation(측정값),109,
B-017,WRI Aqueduct 물 스트레스 지수,observation,vnm-v121-b-017-obs-110-aaa6f4704f73139c,B-017_sdg642_agri,VNM,1995,12.6794,%,,,,,,[추정치] · AQUASTAT symbol=E,FAO AQUASTAT (SDG 6.4.2),https://data.apps.fao.org/aquastat/?lang=en&country=VNM,기관 이용약관,B-017_WRI Aqueduct 물 스트레스 지수.xlsx,1.1_observation(측정값),110,
B-017,WRI Aqueduct 물 스트레스 지수,observation,vnm-v121-b-017-obs-111-f832d27d9c21bc41,B-017_sdg642_agri,VNM,1996,13.1334,%,,,,,,[추정치] · AQUASTAT symbol=E,FAO AQUASTAT (SDG 6.4.2),https://data.apps.fao.org/aquastat/?lang=en&country=VNM,기관 이용약관,B-017_WRI Aqueduct 물 스트레스 지수.xlsx,1.1_observation(측정값),111,
B-017,WRI Aqueduct 물 스트레스 지수,observation,vnm-v121-b-017-obs-112-a0c22b306a9e9a98,B-017_sdg642_agri,VNM,1997,13.5874,%,,,,,,[추정치] · AQUASTAT symbol=E,FAO AQUASTAT (SDG 6.4.2),https://data.apps.fao.org/aquastat/?lang=en&country=VNM,기관 이용약관,B-017_WRI Aqueduct 물 스트레스 지수.xlsx,1.1_observation(측정값),112,
B-017,WRI Aqueduct 물 스트레스 지수,observation,vnm-v121-b-017-obs-113-f0e1c8e408642b72,B-017_sdg642_agri,VNM,1998,14.0415,%,,,,,,[추정치] · AQUASTAT symbol=E,FAO AQUASTAT (SDG 6.4.2),https://data.apps.fao.org/aquastat/?lang=en&country=VNM,기관 이용약관,B-017_WRI Aqueduct 물 스트레스 지수.xlsx,1.1_observation(측정값),113,
B-017,WRI Aqueduct 물 스트레스 지수,observation,vnm-v121-b-017-obs-114-1533ed8eaf8944e4,B-017_sdg642_agri,VNM,1999,14.4955,%,,,,,,[추정치] · AQUASTAT symbol=E,FAO AQUASTAT (SDG 6.4.2),https://data.apps.fao.org/aquastat/?lang=en&country=VNM,기관 이용약관,B-017_WRI Aqueduct 물 스트레스 지수.xlsx,1.1_observation(측정값),114,
B-017,WRI Aqueduct 물 스트레스 지수,observation,vnm-v121-b-017-obs-115-f610c83a22847856,B-017_sdg642_agri,VNM,2000,14.9495,%,,,,,,[추정치] · AQUASTAT symbol=E,FAO AQUASTAT (SDG 6.4.2),https://data.apps.fao.org/aquastat/?lang=en&country=VNM,기관 이용약관,B-017_WRI Aqueduct 물 스트레스 지수.xlsx,1.1_observation(측정값),115,
B-017,WRI Aqueduct 물 스트레스 지수,observation,vnm-v121-b-017-obs-116-980fff7ce79e9142,B-017_sdg642_agri,VNM,2001,15.4035,%,,,,,,[추정치] · AQUASTAT symbol=E,FAO AQUASTAT (SDG 6.4.2),https://data.apps.fao.org/aquastat/?lang=en&country=VNM,기관 이용약관,B-017_WRI Aqueduct 물 스트레스 지수.xlsx,1.1_observation(측정값),116,
B-017,WRI Aqueduct 물 스트레스 지수,observation,vnm-v121-b-017-obs-117-39e030da468d27f4,B-017_sdg642_agri,VNM,2002,15.8575,%,,,,,,[추정치] · AQUASTAT symbol=E,FAO AQUASTAT (SDG 6.4.2),https://data.apps.fao.org/aquastat/?lang=en&country=VNM,기관 이용약관,B-017_WRI Aqueduct 물 스트레스 지수.xlsx,1.1_observation(측정값),117,
B-017,WRI Aqueduct 물 스트레스 지수,observation,vnm-v121-b-017-obs-118-dba635fe0db180b9,B-017_sdg642_agri,VNM,2003,16.2749,%,,,,,,[추정치] · AQUASTAT symbol=E,FAO AQUASTAT (SDG 6.4.2),https://data.apps.fao.org/aquastat/?lang=en&country=VNM,기관 이용약관,B-017_WRI Aqueduct 물 스트레스 지수.xlsx,1.1_observation(측정값),118,
B-017,WRI Aqueduct 물 스트레스 지수,observation,vnm-v121-b-017-obs-119-bf30d098a0af4d3b,B-017_sdg642_agri,VNM,2004,16.7289,%,,,,,,[추정치] · AQUASTAT symbol=E,FAO AQUASTAT (SDG 6.4.2),https://data.apps.fao.org/aquastat/?lang=en&country=VNM,기관 이용약관,B-017_WRI Aqueduct 물 스트레스 지수.xlsx,1.1_observation(측정값),119,
B-017,WRI Aqueduct 물 스트레스 지수,observation,vnm-v121-b-017-obs-120-2645757852dc2c53,B-017_sdg642_agri,VNM,2005,17.1843,%,,,,,,[추정치] · AQUASTAT symbol=E,FAO AQUASTAT (SDG 6.4.2),https://data.apps.fao.org/aquastat/?lang=en&country=VNM,기관 이용약관,B-017_WRI Aqueduct 물 스트레스 지수.xlsx,1.1_observation(측정값),120,
B-017,WRI Aqueduct 물 스트레스 지수,observation,vnm-v121-b-017-obs-121-9bbdb8e9a8238183,B-017_sdg642_agri,VNM,2006,17.1488,%,,,,,,[추정치] · AQUASTAT symbol=E,FAO AQUASTAT (SDG 6.4.2),https://data.apps.fao.org/aquastat/?lang=en&country=VNM,기관 이용약관,B-017_WRI Aqueduct 물 스트레스 지수.xlsx,1.1_observation(측정값),121,
B-017,WRI Aqueduct 물 스트레스 지수,observation,vnm-v121-b-017-obs-122-30a4cb669968a90e,B-017_sdg642_agri,VNM,2007,17.1133,%,,,,,,[추정치] · AQUASTAT symbol=E,FAO AQUASTAT (SDG 6.4.2),https://data.apps.fao.org/aquastat/?lang=en&country=VNM,기관 이용약관,B-017_WRI Aqueduct 물 스트레스 지수.xlsx,1.1_observation(측정값),122,
B-017,WRI Aqueduct 물 스트레스 지수,observation,vnm-v121-b-017-obs-123-e346f66b1a08a1c8,B-017_sdg642_agri,VNM,2008,17.0778,%,,,,,,[추정치] · AQUASTAT symbol=E,FAO AQUASTAT (SDG 6.4.2),https://data.apps.fao.org/aquastat/?lang=en&country=VNM,기관 이용약관,B-017_WRI Aqueduct 물 스트레스 지수.xlsx,1.1_observation(측정값),123,
B-017,WRI Aqueduct 물 스트레스 지수,observation,vnm-v121-b-017-obs-124-941d8e599cc234ed,B-017_sdg642_agri,VNM,2009,17.0423,%,,,,,,[추정치] · AQUASTAT symbol=E,FAO AQUASTAT (SDG 6.4.2),https://data.apps.fao.org/aquastat/?lang=en&country=VNM,기관 이용약관,B-017_WRI Aqueduct 물 스트레스 지수.xlsx,1.1_observation(측정값),124,
B-017,WRI Aqueduct 물 스트레스 지수,observation,vnm-v121-b-017-obs-125-db5a9cfed0412ae4,B-017_sdg642_agri,VNM,2010,17.0068,%,,,,,,[추정치] · AQUASTAT symbol=E,FAO AQUASTAT (SDG 6.4.2),https://data.apps.fao.org/aquastat/?lang=en&country=VNM,기관 이용약관,B-017_WRI Aqueduct 물 스트레스 지수.xlsx,1.1_observation(측정값),125,
B-017,WRI Aqueduct 물 스트레스 지수,observation,vnm-v121-b-017-obs-126-12b42f43b6d0bde1,B-017_sdg642_agri,VNM,2011,16.9712,%,,,,,,[추정치] · AQUASTAT symbol=E,FAO AQUASTAT (SDG 6.4.2),https://data.apps.fao.org/aquastat/?lang=en&country=VNM,기관 이용약관,B-017_WRI Aqueduct 물 스트레스 지수.xlsx,1.1_observation(측정값),126,
B-017,WRI Aqueduct 물 스트레스 지수,observation,vnm-v121-b-017-obs-127-d77b35cd2112076c,B-017_sdg642_agri,VNM,2012,16.9357,%,,,,,,[추정치] · AQUASTAT symbol=E,FAO AQUASTAT (SDG 6.4.2),https://data.apps.fao.org/aquastat/?lang=en&country=VNM,기관 이용약관,B-017_WRI Aqueduct 물 스트레스 지수.xlsx,1.1_observation(측정값),127,
B-017,WRI Aqueduct 물 스트레스 지수,observation,vnm-v121-b-017-obs-128-c4124f4f57222dcb,B-017_sdg642_agri,VNM,2013,16.9002,%,,,,,,[추정치] · AQUASTAT symbol=E,FAO AQUASTAT (SDG 6.4.2),https://data.apps.fao.org/aquastat/?lang=en&country=VNM,기관 이용약관,B-017_WRI Aqueduct 물 스트레스 지수.xlsx,1.1_observation(측정값),128,
B-017,WRI Aqueduct 물 스트레스 지수,observation,vnm-v121-b-017-obs-129-e50c7d90b0573249,B-017_sdg642_agri,VNM,2014,16.8647,%,,,,,,[추정치] · AQUASTAT symbol=E,FAO AQUASTAT (SDG 6.4.2),https://data.apps.fao.org/aquastat/?lang=en&country=VNM,기관 이용약관,B-017_WRI Aqueduct 물 스트레스 지수.xlsx,1.1_observation(측정값),129,
B-017,WRI Aqueduct 물 스트레스 지수,observation,vnm-v121-b-017-obs-130-d604df9465283b94,B-017_sdg642_agri,VNM,2015,16.8292,%,,,,,,[추정치] · AQUASTAT symbol=E,FAO AQUASTAT (SDG 6.4.2),https://data.apps.fao.org/aquastat/?lang=en&country=VNM,기관 이용약관,B-017_WRI Aqueduct 물 스트레스 지수.xlsx,1.1_observation(측정값),130,
B-017,WRI Aqueduct 물 스트레스 지수,observation,vnm-v121-b-017-obs-131-e8ab53f9190f4db8,B-017_sdg642_agri,VNM,2016,16.8292,%,,,,,,[추정치] · AQUASTAT symbol=E,FAO AQUASTAT (SDG 6.4.2),https://data.apps.fao.org/aquastat/?lang=en&country=VNM,기관 이용약관,B-017_WRI Aqueduct 물 스트레스 지수.xlsx,1.1_observation(측정값),131,
B-017,WRI Aqueduct 물 스트레스 지수,observation,vnm-v121-b-017-obs-132-4392c00042eddbc1,B-017_sdg642_agri,VNM,2017,16.8292,%,,,,,,[추정치] · AQUASTAT symbol=E,FAO AQUASTAT (SDG 6.4.2),https://data.apps.fao.org/aquastat/?lang=en&country=VNM,기관 이용약관,B-017_WRI Aqueduct 물 스트레스 지수.xlsx,1.1_observation(측정값),132,
B-017,WRI Aqueduct 물 스트레스 지수,observation,vnm-v121-b-017-obs-133-f1b1c3ef256ab51a,B-017_sdg642_agri,VNM,2018,16.8292,%,,,,,,[추정치] · AQUASTAT symbol=E,FAO AQUASTAT (SDG 6.4.2),https://data.apps.fao.org/aquastat/?lang=en&country=VNM,기관 이용약관,B-017_WRI Aqueduct 물 스트레스 지수.xlsx,1.1_observation(측정값),133,
B-017,WRI Aqueduct 물 스트레스 지수,observation,vnm-v121-b-017-obs-134-1adb57871f614e4a,B-017_sdg642_agri,VNM,2019,16.8292,%,,,,,,[추정치] · AQUASTAT symbol=E,FAO AQUASTAT (SDG 6.4.2),https://data.apps.fao.org/aquastat/?lang=en&country=VNM,기관 이용약관,B-017_WRI Aqueduct 물 스트레스 지수.xlsx,1.1_observation(측정값),134,
B-017,WRI Aqueduct 물 스트레스 지수,observation,vnm-v121-b-017-obs-135-83fcb0b9cdaddeb3,B-017_sdg642_agri,VNM,2020,16.8292,%,,,,,,[추정치] · AQUASTAT symbol=E,FAO AQUASTAT (SDG 6.4.2),https://data.apps.fao.org/aquastat/?lang=en&country=VNM,기관 이용약관,B-017_WRI Aqueduct 물 스트레스 지수.xlsx,1.1_observation(측정값),135,
B-017,WRI Aqueduct 물 스트레스 지수,observation,vnm-v121-b-017-obs-136-8f84a2408203b693,B-017_sdg642_agri,VNM,2021,16.8292,%,,,,,,[추정치] · AQUASTAT symbol=E,FAO AQUASTAT (SDG 6.4.2),https://data.apps.fao.org/aquastat/?lang=en&country=VNM,기관 이용약관,B-017_WRI Aqueduct 물 스트레스 지수.xlsx,1.1_observation(측정값),136,
B-017,WRI Aqueduct 물 스트레스 지수,observation,vnm-v121-b-017-obs-137-20f6c1decf984772,B-017_sdg642_agri,VNM,2022,16.8292,%,,,,,,[추정치] · AQUASTAT symbol=E,FAO AQUASTAT (SDG 6.4.2),https://data.apps.fao.org/aquastat/?lang=en&country=VNM,기관 이용약관,B-017_WRI Aqueduct 물 스트레스 지수.xlsx,1.1_observation(측정값),137,
B-017,WRI Aqueduct 물 스트레스 지수,observation,vnm-v121-b-017-obs-138-ccf0ca2f757c97c5,B-017_sdg642_agri,VNM,2023,16.8292,%,,,,,,[추정치] · AQUASTAT symbol=E,FAO AQUASTAT (SDG 6.4.2),https://data.apps.fao.org/aquastat/?lang=en&country=VNM,기관 이용약관,B-017_WRI Aqueduct 물 스트레스 지수.xlsx,1.1_observation(측정값),138,
B-017,WRI Aqueduct 물 스트레스 지수,observation,vnm-v121-b-017-obs-139-b62ab50e1ae54be1,B-017_sdg642_ind,VNM,1990,0.6646,%,,,,,,[추정치] · AQUASTAT symbol=E,FAO AQUASTAT (SDG 6.4.2),https://data.apps.fao.org/aquastat/?lang=en&country=VNM,기관 이용약관,B-017_WRI Aqueduct 물 스트레스 지수.xlsx,1.1_observation(측정값),139,
B-017,WRI Aqueduct 물 스트레스 지수,observation,vnm-v121-b-017-obs-140-536d609aed3b88ce,B-017_sdg642_ind,VNM,1991,0.6704,%,,,,,,[추정치] · AQUASTAT symbol=E,FAO AQUASTAT (SDG 6.4.2),https://data.apps.fao.org/aquastat/?lang=en&country=VNM,기관 이용약관,B-017_WRI Aqueduct 물 스트레스 지수.xlsx,1.1_observation(측정값),140,
B-017,WRI Aqueduct 물 스트레스 지수,observation,vnm-v121-b-017-obs-141-2b8aa3e27a35327f,B-017_sdg642_ind,VNM,1992,0.6762,%,,,,,,[추정치] · AQUASTAT symbol=E,FAO AQUASTAT (SDG 6.4.2),https://data.apps.fao.org/aquastat/?lang=en&country=VNM,기관 이용약관,B-017_WRI Aqueduct 물 스트레스 지수.xlsx,1.1_observation(측정값),141,
B-017,WRI Aqueduct 물 스트레스 지수,observation,vnm-v121-b-017-obs-142-fa89378ad7580206,B-017_sdg642_ind,VNM,1993,0.6821,%,,,,,,[추정치] · AQUASTAT symbol=E,FAO AQUASTAT (SDG 6.4.2),https://data.apps.fao.org/aquastat/?lang=en&country=VNM,기관 이용약관,B-017_WRI Aqueduct 물 스트레스 지수.xlsx,1.1_observation(측정값),142,
B-017,WRI Aqueduct 물 스트레스 지수,observation,vnm-v121-b-017-obs-143-433c14b2c8a3408e,B-017_sdg642_ind,VNM,1994,0.6879,%,,,,,,[추정치] · AQUASTAT symbol=E,FAO AQUASTAT (SDG 6.4.2),https://data.apps.fao.org/aquastat/?lang=en&country=VNM,기관 이용약관,B-017_WRI Aqueduct 물 스트레스 지수.xlsx,1.1_observation(측정값),143,
B-017,WRI Aqueduct 물 스트레스 지수,observation,vnm-v121-b-017-obs-144-e0e623f721705813,B-017_sdg642_ind,VNM,1995,0.6937,%,,,,,,[추정치] · AQUASTAT symbol=E,FAO AQUASTAT (SDG 6.4.2),https://data.apps.fao.org/aquastat/?lang=en&country=VNM,기관 이용약관,B-017_WRI Aqueduct 물 스트레스 지수.xlsx,1.1_observation(측정값),144,
B-017,WRI Aqueduct 물 스트레스 지수,observation,vnm-v121-b-017-obs-145-bfcecd0d35e87a3b,B-017_sdg642_ind,VNM,1996,0.6995,%,,,,,,[추정치] · AQUASTAT symbol=E,FAO AQUASTAT (SDG 6.4.2),https://data.apps.fao.org/aquastat/?lang=en&country=VNM,기관 이용약관,B-017_WRI Aqueduct 물 스트레스 지수.xlsx,1.1_observation(측정값),145,
B-017,WRI Aqueduct 물 스트레스 지수,observation,vnm-v121-b-017-obs-146-dcb23c9aa8999b13,B-017_sdg642_ind,VNM,1997,0.7053,%,,,,,,[추정치] · AQUASTAT symbol=E,FAO AQUASTAT (SDG 6.4.2),https://data.apps.fao.org/aquastat/?lang=en&country=VNM,기관 이용약관,B-017_WRI Aqueduct 물 스트레스 지수.xlsx,1.1_observation(측정값),146,
B-017,WRI Aqueduct 물 스트레스 지수,observation,vnm-v121-b-017-obs-147-a0ebd5bf02a98561,B-017_sdg642_ind,VNM,1998,0.7111,%,,,,,,[추정치] · AQUASTAT symbol=E,FAO AQUASTAT (SDG 6.4.2),https://data.apps.fao.org/aquastat/?lang=en&country=VNM,기관 이용약관,B-017_WRI Aqueduct 물 스트레스 지수.xlsx,1.1_observation(측정값),147,
B-017,WRI Aqueduct 물 스트레스 지수,observation,vnm-v121-b-017-obs-148-2b0e31e95832030a,B-017_sdg642_ind,VNM,1999,0.7169,%,,,,,,[추정치] · AQUASTAT symbol=E,FAO AQUASTAT (SDG 6.4.2),https://data.apps.fao.org/aquastat/?lang=en&country=VNM,기관 이용약관,B-017_WRI Aqueduct 물 스트레스 지수.xlsx,1.1_observation(측정값),148,
B-017,WRI Aqueduct 물 스트레스 지수,observation,vnm-v121-b-017-obs-149-f14de51833aa428f,B-017_sdg642_ind,VNM,2000,0.7227,%,,,,,,[추정치] · AQUASTAT symbol=E,FAO AQUASTAT (SDG 6.4.2),https://data.apps.fao.org/aquastat/?lang=en&country=VNM,기관 이용약관,B-017_WRI Aqueduct 물 스트레스 지수.xlsx,1.1_observation(측정값),149,
B-017,WRI Aqueduct 물 스트레스 지수,observation,vnm-v121-b-017-obs-150-8220c773493cad52,B-017_sdg642_ind,VNM,2001,0.7143,%,,,,,,[추정치] · AQUASTAT symbol=E,FAO AQUASTAT (SDG 6.4.2),https://data.apps.fao.org/aquastat/?lang=en&country=VNM,기관 이용약관,B-017_WRI Aqueduct 물 스트레스 지수.xlsx,1.1_observation(측정값),150,
B-017,WRI Aqueduct 물 스트레스 지수,observation,vnm-v121-b-017-obs-151-326c17c4e4b7e01d,B-017_sdg642_ind,VNM,2002,0.7059,%,,,,,,[추정치] · AQUASTAT symbol=E,FAO AQUASTAT (SDG 6.4.2),https://data.apps.fao.org/aquastat/?lang=en&country=VNM,기관 이용약관,B-017_WRI Aqueduct 물 스트레스 지수.xlsx,1.1_observation(측정값),151,
B-017,WRI Aqueduct 물 스트레스 지수,observation,vnm-v121-b-017-obs-152-79c94a1c0dece46d,B-017_sdg642_ind,VNM,2003,0.696,%,,,,,,[추정치] · AQUASTAT symbol=E,FAO AQUASTAT (SDG 6.4.2),https://data.apps.fao.org/aquastat/?lang=en&country=VNM,기관 이용약관,B-017_WRI Aqueduct 물 스트레스 지수.xlsx,1.1_observation(측정값),152,
B-017,WRI Aqueduct 물 스트레스 지수,observation,vnm-v121-b-017-obs-153-9bc8b8d6b25f8c6c,B-017_sdg642_ind,VNM,2004,0.6877,%,,,,,,[추정치] · AQUASTAT symbol=E,FAO AQUASTAT (SDG 6.4.2),https://data.apps.fao.org/aquastat/?lang=en&country=VNM,기관 이용약관,B-017_WRI Aqueduct 물 스트레스 지수.xlsx,1.1_observation(측정값),153,
B-017,WRI Aqueduct 물 스트레스 지수,observation,vnm-v121-b-017-obs-154-1e8fea97a513e222,B-017_sdg642_ind,VNM,2005,0.6794,%,,,,,,[추정치] · AQUASTAT symbol=E,FAO AQUASTAT (SDG 6.4.2),https://data.apps.fao.org/aquastat/?lang=en&country=VNM,기관 이용약관,B-017_WRI Aqueduct 물 스트레스 지수.xlsx,1.1_observation(측정값),154,
B-017,WRI Aqueduct 물 스트레스 지수,observation,vnm-v121-b-017-obs-155-59e57ef26fc48045,B-017_sdg642_ind,VNM,2006,0.678,%,,,,,,[추정치] · AQUASTAT symbol=E,FAO AQUASTAT (SDG 6.4.2),https://data.apps.fao.org/aquastat/?lang=en&country=VNM,기관 이용약관,B-017_WRI Aqueduct 물 스트레스 지수.xlsx,1.1_observation(측정값),155,
B-017,WRI Aqueduct 물 스트레스 지수,observation,vnm-v121-b-017-obs-156-aded4893e37dc26b,B-017_sdg642_ind,VNM,2007,0.6766,%,,,,,,[추정치] · AQUASTAT symbol=E,FAO AQUASTAT (SDG 6.4.2),https://data.apps.fao.org/aquastat/?lang=en&country=VNM,기관 이용약관,B-017_WRI Aqueduct 물 스트레스 지수.xlsx,1.1_observation(측정값),156,
B-017,WRI Aqueduct 물 스트레스 지수,observation,vnm-v121-b-017-obs-157-c84c3e8d4f778980,B-017_sdg642_ind,VNM,2008,0.6752,%,,,,,,[추정치] · AQUASTAT symbol=E,FAO AQUASTAT (SDG 6.4.2),https://data.apps.fao.org/aquastat/?lang=en&country=VNM,기관 이용약관,B-017_WRI Aqueduct 물 스트레스 지수.xlsx,1.1_observation(측정값),157,
B-017,WRI Aqueduct 물 스트레스 지수,observation,vnm-v121-b-017-obs-158-4b98d9eb8e4bcea0,B-017_sdg642_ind,VNM,2009,0.6738,%,,,,,,[추정치] · AQUASTAT symbol=E,FAO AQUASTAT (SDG 6.4.2),https://data.apps.fao.org/aquastat/?lang=en&country=VNM,기관 이용약관,B-017_WRI Aqueduct 물 스트레스 지수.xlsx,1.1_observation(측정값),158,
B-017,WRI Aqueduct 물 스트레스 지수,observation,vnm-v121-b-017-obs-159-453360d08b555561,B-017_sdg642_ind,VNM,2010,0.6724,%,,,,,,[추정치] · AQUASTAT symbol=E,FAO AQUASTAT (SDG 6.4.2),https://data.apps.fao.org/aquastat/?lang=en&country=VNM,기관 이용약관,B-017_WRI Aqueduct 물 스트레스 지수.xlsx,1.1_observation(측정값),159,
B-017,WRI Aqueduct 물 스트레스 지수,observation,vnm-v121-b-017-obs-160-50f46e6289fe2232,B-017_sdg642_ind,VNM,2011,0.671,%,,,,,,[추정치] · AQUASTAT symbol=E,FAO AQUASTAT (SDG 6.4.2),https://data.apps.fao.org/aquastat/?lang=en&country=VNM,기관 이용약관,B-017_WRI Aqueduct 물 스트레스 지수.xlsx,1.1_observation(측정값),160,
B-017,WRI Aqueduct 물 스트레스 지수,observation,vnm-v121-b-017-obs-161-d4619114d8d746f8,B-017_sdg642_ind,VNM,2012,0.6696,%,,,,,,[추정치] · AQUASTAT symbol=E,FAO AQUASTAT (SDG 6.4.2),https://data.apps.fao.org/aquastat/?lang=en&country=VNM,기관 이용약관,B-017_WRI Aqueduct 물 스트레스 지수.xlsx,1.1_observation(측정값),161,
B-017,WRI Aqueduct 물 스트레스 지수,observation,vnm-v121-b-017-obs-162-f52ce7621fdfecd7,B-017_sdg642_ind,VNM,2013,0.6682,%,,,,,,[추정치] · AQUASTAT symbol=E,FAO AQUASTAT (SDG 6.4.2),https://data.apps.fao.org/aquastat/?lang=en&country=VNM,기관 이용약관,B-017_WRI Aqueduct 물 스트레스 지수.xlsx,1.1_observation(측정값),162,
B-017,WRI Aqueduct 물 스트레스 지수,observation,vnm-v121-b-017-obs-163-ee9f76cdecf7177d,B-017_sdg642_ind,VNM,2014,0.6668,%,,,,,,[추정치] · AQUASTAT symbol=E,FAO AQUASTAT (SDG 6.4.2),https://data.apps.fao.org/aquastat/?lang=en&country=VNM,기관 이용약관,B-017_WRI Aqueduct 물 스트레스 지수.xlsx,1.1_observation(측정값),163,
B-017,WRI Aqueduct 물 스트레스 지수,observation,vnm-v121-b-017-obs-164-2dd3270efd2e4837,B-017_sdg642_ind,VNM,2015,0.6654,%,,,,,,[추정치] · AQUASTAT symbol=E,FAO AQUASTAT (SDG 6.4.2),https://data.apps.fao.org/aquastat/?lang=en&country=VNM,기관 이용약관,B-017_WRI Aqueduct 물 스트레스 지수.xlsx,1.1_observation(측정값),164,
B-017,WRI Aqueduct 물 스트레스 지수,observation,vnm-v121-b-017-obs-165-e0c562f055d6c134,B-017_sdg642_ind,VNM,2016,0.6654,%,,,,,,[추정치] · AQUASTAT symbol=E,FAO AQUASTAT (SDG 6.4.2),https://data.apps.fao.org/aquastat/?lang=en&country=VNM,기관 이용약관,B-017_WRI Aqueduct 물 스트레스 지수.xlsx,1.1_observation(측정값),165,
B-017,WRI Aqueduct 물 스트레스 지수,observation,vnm-v121-b-017-obs-166-d0887c9d6a279804,B-017_sdg642_ind,VNM,2017,0.6654,%,,,,,,[추정치] · AQUASTAT symbol=E,FAO AQUASTAT (SDG 6.4.2),https://data.apps.fao.org/aquastat/?lang=en&country=VNM,기관 이용약관,B-017_WRI Aqueduct 물 스트레스 지수.xlsx,1.1_observation(측정값),166,
B-017,WRI Aqueduct 물 스트레스 지수,observation,vnm-v121-b-017-obs-167-8a675fa4c6c40de1,B-017_sdg642_ind,VNM,2018,0.6654,%,,,,,,[추정치] · AQUASTAT symbol=E,FAO AQUASTAT (SDG 6.4.2),https://data.apps.fao.org/aquastat/?lang=en&country=VNM,기관 이용약관,B-017_WRI Aqueduct 물 스트레스 지수.xlsx,1.1_observation(측정값),167,
B-017,WRI Aqueduct 물 스트레스 지수,observation,vnm-v121-b-017-obs-168-8db806c7a021bb89,B-017_sdg642_ind,VNM,2019,0.6654,%,,,,,,[추정치] · AQUASTAT symbol=E,FAO AQUASTAT (SDG 6.4.2),https://data.apps.fao.org/aquastat/?lang=en&country=VNM,기관 이용약관,B-017_WRI Aqueduct 물 스트레스 지수.xlsx,1.1_observation(측정값),168,
B-017,WRI Aqueduct 물 스트레스 지수,observation,vnm-v121-b-017-obs-169-9e32432f7fe8ead6,B-017_sdg642_ind,VNM,2020,0.6654,%,,,,,,[추정치] · AQUASTAT symbol=E,FAO AQUASTAT (SDG 6.4.2),https://data.apps.fao.org/aquastat/?lang=en&country=VNM,기관 이용약관,B-017_WRI Aqueduct 물 스트레스 지수.xlsx,1.1_observation(측정값),169,
B-017,WRI Aqueduct 물 스트레스 지수,observation,vnm-v121-b-017-obs-170-481978713d3ca27b,B-017_sdg642_ind,VNM,2021,0.6654,%,,,,,,[추정치] · AQUASTAT symbol=E,FAO AQUASTAT (SDG 6.4.2),https://data.apps.fao.org/aquastat/?lang=en&country=VNM,기관 이용약관,B-017_WRI Aqueduct 물 스트레스 지수.xlsx,1.1_observation(측정값),170,
B-017,WRI Aqueduct 물 스트레스 지수,observation,vnm-v121-b-017-obs-171-43f3d3fcfdb6f262,B-017_sdg642_ind,VNM,2022,0.6654,%,,,,,,[추정치] · AQUASTAT symbol=E,FAO AQUASTAT (SDG 6.4.2),https://data.apps.fao.org/aquastat/?lang=en&country=VNM,기관 이용약관,B-017_WRI Aqueduct 물 스트레스 지수.xlsx,1.1_observation(측정값),171,
B-017,WRI Aqueduct 물 스트레스 지수,observation,vnm-v121-b-017-obs-172-ebfcac020ad992eb,B-017_sdg642_ind,VNM,2023,0.6654,%,,,,,,[추정치] · AQUASTAT symbol=E,FAO AQUASTAT (SDG 6.4.2),https://data.apps.fao.org/aquastat/?lang=en&country=VNM,기관 이용약관,B-017_WRI Aqueduct 물 스트레스 지수.xlsx,1.1_observation(측정값),172,
B-017,WRI Aqueduct 물 스트레스 지수,observation,vnm-v121-b-017-obs-173-c3039303ba1eecf2,B-017_sdg642_mun,VNM,1990,0.336,%,,,,,,[추정치] · AQUASTAT symbol=E,FAO AQUASTAT (SDG 6.4.2),https://data.apps.fao.org/aquastat/?lang=en&country=VNM,기관 이용약관,B-017_WRI Aqueduct 물 스트레스 지수.xlsx,1.1_observation(측정값),173,
B-017,WRI Aqueduct 물 스트레스 지수,observation,vnm-v121-b-017-obs-174-fe934dc3880c8a71,B-017_sdg642_mun,VNM,1991,0.3257,%,,,,,,[추정치] · AQUASTAT symbol=E,FAO AQUASTAT (SDG 6.4.2),https://data.apps.fao.org/aquastat/?lang=en&country=VNM,기관 이용약관,B-017_WRI Aqueduct 물 스트레스 지수.xlsx,1.1_observation(측정값),174,
B-017,WRI Aqueduct 물 스트레스 지수,observation,vnm-v121-b-017-obs-175-d10d88025ae31ab7,B-017_sdg642_mun,VNM,1992,0.3153,%,,,,,,[추정치] · AQUASTAT symbol=E,FAO AQUASTAT (SDG 6.4.2),https://data.apps.fao.org/aquastat/?lang=en&country=VNM,기관 이용약관,B-017_WRI Aqueduct 물 스트레스 지수.xlsx,1.1_observation(측정값),175,
B-017,WRI Aqueduct 물 스트레스 지수,observation,vnm-v121-b-017-obs-176-1a33fcbb61164cde,B-017_sdg642_mun,VNM,1993,0.305,%,,,,,,[추정치] · AQUASTAT symbol=E,FAO AQUASTAT (SDG 6.4.2),https://data.apps.fao.org/aquastat/?lang=en&country=VNM,기관 이용약관,B-017_WRI Aqueduct 물 스트레스 지수.xlsx,1.1_observation(측정값),176,
B-017,WRI Aqueduct 물 스트레스 지수,observation,vnm-v121-b-017-obs-177-1f44be4844faf2ab,B-017_sdg642_mun,VNM,1994,0.2947,%,,,,,,[추정치] · AQUASTAT symbol=E,FAO AQUASTAT (SDG 6.4.2),https://data.apps.fao.org/aquastat/?lang=en&country=VNM,기관 이용약관,B-017_WRI Aqueduct 물 스트레스 지수.xlsx,1.1_observation(측정값),177,
B-017,WRI Aqueduct 물 스트레스 지수,observation,vnm-v121-b-017-obs-178-3387ea73cc34fda1,B-017_sdg642_mun,VNM,1995,0.2844,%,,,,,,[추정치] · AQUASTAT symbol=E,FAO AQUASTAT (SDG 6.4.2),https://data.apps.fao.org/aquastat/?lang=en&country=VNM,기관 이용약관,B-017_WRI Aqueduct 물 스트레스 지수.xlsx,1.1_observation(측정값),178,
B-017,WRI Aqueduct 물 스트레스 지수,observation,vnm-v121-b-017-obs-179-290bcabc1083b309,B-017_sdg642_mun,VNM,1996,0.2741,%,,,,,,[추정치] · AQUASTAT symbol=E,FAO AQUASTAT (SDG 6.4.2),https://data.apps.fao.org/aquastat/?lang=en&country=VNM,기관 이용약관,B-017_WRI Aqueduct 물 스트레스 지수.xlsx,1.1_observation(측정값),179,
B-017,WRI Aqueduct 물 스트레스 지수,observation,vnm-v121-b-017-obs-180-fc033998c3108973,B-017_sdg642_mun,VNM,1997,0.2637,%,,,,,,[추정치] · AQUASTAT symbol=E,FAO AQUASTAT (SDG 6.4.2),https://data.apps.fao.org/aquastat/?lang=en&country=VNM,기관 이용약관,B-017_WRI Aqueduct 물 스트레스 지수.xlsx,1.1_observation(측정값),180,
B-017,WRI Aqueduct 물 스트레스 지수,observation,vnm-v121-b-017-obs-181-7cccf1f799aa571f,B-017_sdg642_mun,VNM,1998,0.2534,%,,,,,,[추정치] · AQUASTAT symbol=E,FAO AQUASTAT (SDG 6.4.2),https://data.apps.fao.org/aquastat/?lang=en&country=VNM,기관 이용약관,B-017_WRI Aqueduct 물 스트레스 지수.xlsx,1.1_observation(측정값),181,
B-017,WRI Aqueduct 물 스트레스 지수,observation,vnm-v121-b-017-obs-182-9f1c3c0c1a13d2c4,B-017_sdg642_mun,VNM,1999,0.2431,%,,,,,,[추정치] · AQUASTAT symbol=E,FAO AQUASTAT (SDG 6.4.2),https://data.apps.fao.org/aquastat/?lang=en&country=VNM,기관 이용약관,B-017_WRI Aqueduct 물 스트레스 지수.xlsx,1.1_observation(측정값),182,
B-017,WRI Aqueduct 물 스트레스 지수,observation,vnm-v121-b-017-obs-183-6e5c19d1be9b90c9,B-017_sdg642_mun,VNM,2000,0.2328,%,,,,,,[추정치] · AQUASTAT symbol=E,FAO AQUASTAT (SDG 6.4.2),https://data.apps.fao.org/aquastat/?lang=en&country=VNM,기관 이용약관,B-017_WRI Aqueduct 물 스트레스 지수.xlsx,1.1_observation(측정값),183,
B-017,WRI Aqueduct 물 스트레스 지수,observation,vnm-v121-b-017-obs-184-fe6bae1e809589ef,B-017_sdg642_mun,VNM,2001,0.2396,%,,,,,,[추정치] · AQUASTAT symbol=E,FAO AQUASTAT (SDG 6.4.2),https://data.apps.fao.org/aquastat/?lang=en&country=VNM,기관 이용약관,B-017_WRI Aqueduct 물 스트레스 지수.xlsx,1.1_observation(측정값),184,
B-017,WRI Aqueduct 물 스트레스 지수,observation,vnm-v121-b-017-obs-185-e866b2c478af3109,B-017_sdg642_mun,VNM,2002,0.2465,%,,,,,,[추정치] · AQUASTAT symbol=E,FAO AQUASTAT (SDG 6.4.2),https://data.apps.fao.org/aquastat/?lang=en&country=VNM,기관 이용약관,B-017_WRI Aqueduct 물 스트레스 지수.xlsx,1.1_observation(측정값),185,
B-017,WRI Aqueduct 물 스트레스 지수,observation,vnm-v121-b-017-obs-186-f94eea3fa84abbd9,B-017_sdg642_mun,VNM,2003,0.2528,%,,,,,,[추정치] · AQUASTAT symbol=E,FAO AQUASTAT (SDG 6.4.2),https://data.apps.fao.org/aquastat/?lang=en&country=VNM,기관 이용약관,B-017_WRI Aqueduct 물 스트레스 지수.xlsx,1.1_observation(측정값),186,
B-017,WRI Aqueduct 물 스트레스 지수,observation,vnm-v121-b-017-obs-187-3daff35950826adb,B-017_sdg642_mun,VNM,2004,0.2597,%,,,,,,[추정치] · AQUASTAT symbol=E,FAO AQUASTAT (SDG 6.4.2),https://data.apps.fao.org/aquastat/?lang=en&country=VNM,기관 이용약관,B-017_WRI Aqueduct 물 스트레스 지수.xlsx,1.1_observation(측정값),187,
B-017,WRI Aqueduct 물 스트레스 지수,observation,vnm-v121-b-017-obs-188-19f3b0f6a4ebad5b,B-017_sdg642_mun,VNM,2005,0.2666,%,,,,,,[추정치] · AQUASTAT symbol=E,FAO AQUASTAT (SDG 6.4.2),https://data.apps.fao.org/aquastat/?lang=en&country=VNM,기관 이용약관,B-017_WRI Aqueduct 물 스트레스 지수.xlsx,1.1_observation(측정값),188,
B-017,WRI Aqueduct 물 스트레스 지수,observation,vnm-v121-b-017-obs-189-2b0a6e0dfabf1c19,B-017_sdg642_mun,VNM,2006,0.266,%,,,,,,[추정치] · AQUASTAT symbol=E,FAO AQUASTAT (SDG 6.4.2),https://data.apps.fao.org/aquastat/?lang=en&country=VNM,기관 이용약관,B-017_WRI Aqueduct 물 스트레스 지수.xlsx,1.1_observation(측정값),189,
B-017,WRI Aqueduct 물 스트레스 지수,observation,vnm-v121-b-017-obs-190-d23a58a4bb051343,B-017_sdg642_mun,VNM,2007,0.2654,%,,,,,,[추정치] · AQUASTAT symbol=E,FAO AQUASTAT (SDG 6.4.2),https://data.apps.fao.org/aquastat/?lang=en&country=VNM,기관 이용약관,B-017_WRI Aqueduct 물 스트레스 지수.xlsx,1.1_observation(측정값),190,
B-017,WRI Aqueduct 물 스트레스 지수,observation,vnm-v121-b-017-obs-191-0c8bf6e5ee916883,B-017_sdg642_mun,VNM,2008,0.2649,%,,,,,,[추정치] · AQUASTAT symbol=E,FAO AQUASTAT (SDG 6.4.2),https://data.apps.fao.org/aquastat/?lang=en&country=VNM,기관 이용약관,B-017_WRI Aqueduct 물 스트레스 지수.xlsx,1.1_observation(측정값),191,
B-017,WRI Aqueduct 물 스트레스 지수,observation,vnm-v121-b-017-obs-192-a7de93063605b509,B-017_sdg642_mun,VNM,2009,0.2643,%,,,,,,[추정치] · AQUASTAT symbol=E,FAO AQUASTAT (SDG 6.4.2),https://data.apps.fao.org/aquastat/?lang=en&country=VNM,기관 이용약관,B-017_WRI Aqueduct 물 스트레스 지수.xlsx,1.1_observation(측정값),192,
B-017,WRI Aqueduct 물 스트레스 지수,observation,vnm-v121-b-017-obs-193-bc826694d7bdf516,B-017_sdg642_mun,VNM,2010,0.2638,%,,,,,,[추정치] · AQUASTAT symbol=E,FAO AQUASTAT (SDG 6.4.2),https://data.apps.fao.org/aquastat/?lang=en&country=VNM,기관 이용약관,B-017_WRI Aqueduct 물 스트레스 지수.xlsx,1.1_observation(측정값),193,
B-017,WRI Aqueduct 물 스트레스 지수,observation,vnm-v121-b-017-obs-194-5014765b0a5d3d64,B-017_sdg642_mun,VNM,2011,0.2632,%,,,,,,[추정치] · AQUASTAT symbol=E,FAO AQUASTAT (SDG 6.4.2),https://data.apps.fao.org/aquastat/?lang=en&country=VNM,기관 이용약관,B-017_WRI Aqueduct 물 스트레스 지수.xlsx,1.1_observation(측정값),194,
B-017,WRI Aqueduct 물 스트레스 지수,observation,vnm-v121-b-017-obs-195-a661981a4868f7ae,B-017_sdg642_mun,VNM,2012,0.2627,%,,,,,,[추정치] · AQUASTAT symbol=E,FAO AQUASTAT (SDG 6.4.2),https://data.apps.fao.org/aquastat/?lang=en&country=VNM,기관 이용약관,B-017_WRI Aqueduct 물 스트레스 지수.xlsx,1.1_observation(측정값),195,
B-017,WRI Aqueduct 물 스트레스 지수,observation,vnm-v121-b-017-obs-196-da9140e5b88d06e8,B-017_sdg642_mun,VNM,2013,0.2621,%,,,,,,[추정치] · AQUASTAT symbol=E,FAO AQUASTAT (SDG 6.4.2),https://data.apps.fao.org/aquastat/?lang=en&country=VNM,기관 이용약관,B-017_WRI Aqueduct 물 스트레스 지수.xlsx,1.1_observation(측정값),196,
B-017,WRI Aqueduct 물 스트레스 지수,observation,vnm-v121-b-017-obs-197-67281e692fe5cffa,B-017_sdg642_mun,VNM,2014,0.2616,%,,,,,,[추정치] · AQUASTAT symbol=E,FAO AQUASTAT (SDG 6.4.2),https://data.apps.fao.org/aquastat/?lang=en&country=VNM,기관 이용약관,B-017_WRI Aqueduct 물 스트레스 지수.xlsx,1.1_observation(측정값),197,
B-017,WRI Aqueduct 물 스트레스 지수,observation,vnm-v121-b-017-obs-198-ff14416a6cf729ae,B-017_sdg642_mun,VNM,2015,0.261,%,,,,,,[추정치] · AQUASTAT symbol=E,FAO AQUASTAT (SDG 6.4.2),https://data.apps.fao.org/aquastat/?lang=en&country=VNM,기관 이용약관,B-017_WRI Aqueduct 물 스트레스 지수.xlsx,1.1_observation(측정값),198,
B-017,WRI Aqueduct 물 스트레스 지수,observation,vnm-v121-b-017-obs-199-2b90da097e3915ac,B-017_sdg642_mun,VNM,2016,0.261,%,,,,,,[추정치] · AQUASTAT symbol=E,FAO AQUASTAT (SDG 6.4.2),https://data.apps.fao.org/aquastat/?lang=en&country=VNM,기관 이용약관,B-017_WRI Aqueduct 물 스트레스 지수.xlsx,1.1_observation(측정값),199,
B-017,WRI Aqueduct 물 스트레스 지수,observation,vnm-v121-b-017-obs-200-5bf14d11e0ac3728,B-017_sdg642_mun,VNM,2017,0.261,%,,,,,,[추정치] · AQUASTAT symbol=E,FAO AQUASTAT (SDG 6.4.2),https://data.apps.fao.org/aquastat/?lang=en&country=VNM,기관 이용약관,B-017_WRI Aqueduct 물 스트레스 지수.xlsx,1.1_observation(측정값),200,
B-017,WRI Aqueduct 물 스트레스 지수,observation,vnm-v121-b-017-obs-201-94a8b32538217a8b,B-017_sdg642_mun,VNM,2018,0.261,%,,,,,,[추정치] · AQUASTAT symbol=E,FAO AQUASTAT (SDG 6.4.2),https://data.apps.fao.org/aquastat/?lang=en&country=VNM,기관 이용약관,B-017_WRI Aqueduct 물 스트레스 지수.xlsx,1.1_observation(측정값),201,
B-017,WRI Aqueduct 물 스트레스 지수,observation,vnm-v121-b-017-obs-202-e829ade08b951b45,B-017_sdg642_mun,VNM,2019,0.261,%,,,,,,[추정치] · AQUASTAT symbol=E,FAO AQUASTAT (SDG 6.4.2),https://data.apps.fao.org/aquastat/?lang=en&country=VNM,기관 이용약관,B-017_WRI Aqueduct 물 스트레스 지수.xlsx,1.1_observation(측정값),202,
B-017,WRI Aqueduct 물 스트레스 지수,observation,vnm-v121-b-017-obs-203-07d3f28183ece9e7,B-017_sdg642_mun,VNM,2020,0.261,%,,,,,,[추정치] · AQUASTAT symbol=E,FAO AQUASTAT (SDG 6.4.2),https://data.apps.fao.org/aquastat/?lang=en&country=VNM,기관 이용약관,B-017_WRI Aqueduct 물 스트레스 지수.xlsx,1.1_observation(측정값),203,
B-017,WRI Aqueduct 물 스트레스 지수,observation,vnm-v121-b-017-obs-204-34431c3803552492,B-017_sdg642_mun,VNM,2021,0.261,%,,,,,,[추정치] · AQUASTAT symbol=E,FAO AQUASTAT (SDG 6.4.2),https://data.apps.fao.org/aquastat/?lang=en&country=VNM,기관 이용약관,B-017_WRI Aqueduct 물 스트레스 지수.xlsx,1.1_observation(측정값),204,
B-017,WRI Aqueduct 물 스트레스 지수,observation,vnm-v121-b-017-obs-205-987947b181d0ea40,B-017_sdg642_mun,VNM,2022,0.261,%,,,,,,[추정치] · AQUASTAT symbol=E,FAO AQUASTAT (SDG 6.4.2),https://data.apps.fao.org/aquastat/?lang=en&country=VNM,기관 이용약관,B-017_WRI Aqueduct 물 스트레스 지수.xlsx,1.1_observation(측정값),205,
B-017,WRI Aqueduct 물 스트레스 지수,observation,vnm-v121-b-017-obs-206-f7ef718b4946690d,B-017_sdg642_mun,VNM,2023,0.261,%,,,,,,[추정치] · AQUASTAT symbol=E,FAO AQUASTAT (SDG 6.4.2),https://data.apps.fao.org/aquastat/?lang=en&country=VNM,기관 이용약관,B-017_WRI Aqueduct 물 스트레스 지수.xlsx,1.1_observation(측정값),206,
B-017,WRI Aqueduct 물 스트레스 지수,observation,vnm-v121-b-017-obs-207-c5a3e7b724ed74af,B-017_bws_prov_tot_an_giang,VNM,2023,1.864,점,,,,,,[실적치] · 등급 1 · Low - Medium (10-20%),WRI Aqueduct 4.0,https://files.wri.org/aqueduct/aqueduct-4-0-country-rankings.zip,CC-BY-4.0,B-017_WRI Aqueduct 물 스트레스 지수.xlsx,1.1_observation(측정값),207,
B-017,WRI Aqueduct 물 스트레스 지수,observation,vnm-v121-b-017-obs-208-0acc550f6d34e542,B-017_bws_prov_tot_ba_ra_a_va_ng_ta_u,VNM,2023,1.0545,점,,,,,,[실적치] · 등급 1 · Low - Medium (10-20%),WRI Aqueduct 4.0,https://files.wri.org/aqueduct/aqueduct-4-0-country-rankings.zip,CC-BY-4.0,B-017_WRI Aqueduct 물 스트레스 지수.xlsx,1.1_observation(측정값),208,
B-017,WRI Aqueduct 물 스트레스 지수,observation,vnm-v121-b-017-obs-209-70eb6fce6a81e28f,B-017_bws_prov_tot_ba_nh_d_ng,VNM,2023,1.6962,점,,,,,,[실적치] · 등급 1 · Low - Medium (10-20%),WRI Aqueduct 4.0,https://files.wri.org/aqueduct/aqueduct-4-0-country-rankings.zip,CC-BY-4.0,B-017_WRI Aqueduct 물 스트레스 지수.xlsx,1.1_observation(측정값),209,
B-017,WRI Aqueduct 물 스트레스 지수,observation,vnm-v121-b-017-obs-210-af68b198074b4c55,B-017_bws_prov_tot_ba_nh_ph_a_c,VNM,2023,1.6337,점,,,,,,[실적치] · 등급 1 · Low - Medium (10-20%),WRI Aqueduct 4.0,https://files.wri.org/aqueduct/aqueduct-4-0-country-rankings.zip,CC-BY-4.0,B-017_WRI Aqueduct 물 스트레스 지수.xlsx,1.1_observation(측정값),210,
B-017,WRI Aqueduct 물 스트레스 지수,observation,vnm-v121-b-017-obs-211-e62d7712c04b7e19,B-017_bws_prov_tot_ba_nh_thuao_n,VNM,2023,1.1949,점,,,,,,[실적치] · 등급 1 · Low - Medium (10-20%),WRI Aqueduct 4.0,https://files.wri.org/aqueduct/aqueduct-4-0-country-rankings.zip,CC-BY-4.0,B-017_WRI Aqueduct 물 스트레스 지수.xlsx,1.1_observation(측정값),211,
B-017,WRI Aqueduct 물 스트레스 지수,observation,vnm-v121-b-017-obs-212-77c03918246c7e44,B-017_bws_prov_tot_ba_nh_a_a_nh,VNM,2023,2.4965,점,,,,,,[실적치] · 등급 2 · Medium - High (20-40%),WRI Aqueduct 4.0,https://files.wri.org/aqueduct/aqueduct-4-0-country-rankings.zip,CC-BY-4.0,B-017_WRI Aqueduct 물 스트레스 지수.xlsx,1.1_observation(측정값),212,
B-017,WRI Aqueduct 물 스트레스 지수,observation,vnm-v121-b-017-obs-213-dc408b8a78b78fef,B-017_bws_prov_tot_bao_c_liaau,VNM,2023,1.864,점,,,,,,[실적치] · 등급 1 · Low - Medium (10-20%),WRI Aqueduct 4.0,https://files.wri.org/aqueduct/aqueduct-4-0-country-rankings.zip,CC-BY-4.0,B-017_WRI Aqueduct 물 스트레스 지수.xlsx,1.1_observation(측정값),213,
B-017,WRI Aqueduct 물 스트레스 지수,observation,vnm-v121-b-017-obs-214-4b362be0b0ee6d4c,B-017_bws_prov_tot_bao_c_giang,VNM,2023,2.8058,점,,,,,,[실적치] · 등급 2 · Medium - High (20-40%),WRI Aqueduct 4.0,https://files.wri.org/aqueduct/aqueduct-4-0-country-rankings.zip,CC-BY-4.0,B-017_WRI Aqueduct 물 스트레스 지수.xlsx,1.1_observation(측정값),214,
B-017,WRI Aqueduct 물 스트레스 지수,observation,vnm-v121-b-017-obs-215-6a8fbee7ec96b66c,B-017_bws_prov_tot_bao_c_kao_n,VNM,2023,1.5184,점,,,,,,[실적치] · 등급 1 · Low - Medium (10-20%),WRI Aqueduct 4.0,https://files.wri.org/aqueduct/aqueduct-4-0-country-rankings.zip,CC-BY-4.0,B-017_WRI Aqueduct 물 스트레스 지수.xlsx,1.1_observation(측정값),215,
B-017,WRI Aqueduct 물 스트레스 지수,observation,vnm-v121-b-017-obs-216-154d0f2c7f167cd5,B-017_bws_prov_tot_bao_c_ninh,VNM,2023,2.8058,점,,,,,,[실적치] · 등급 2 · Medium - High (20-40%),WRI Aqueduct 4.0,https://files.wri.org/aqueduct/aqueduct-4-0-country-rankings.zip,CC-BY-4.0,B-017_WRI Aqueduct 물 스트레스 지수.xlsx,1.1_observation(측정값),216,
B-017,WRI Aqueduct 물 스트레스 지수,observation,vnm-v121-b-017-obs-217-14ff3ff23ba9e682,B-017_bws_prov_tot_bao_n_tre,VNM,2023,1.864,점,,,,,,[실적치] · 등급 1 · Low - Medium (10-20%),WRI Aqueduct 4.0,https://files.wri.org/aqueduct/aqueduct-4-0-country-rankings.zip,CC-BY-4.0,B-017_WRI Aqueduct 물 스트레스 지수.xlsx,1.1_observation(측정값),217,
B-017,WRI Aqueduct 물 스트레스 지수,observation,vnm-v121-b-017-obs-218-0a033a99a18e7712,B-017_bws_prov_tot_cao_bao_ng,VNM,2023,0.6026,점,,,,,,[실적치] · 등급 0 · Low (<10%),WRI Aqueduct 4.0,https://files.wri.org/aqueduct/aqueduct-4-0-country-rankings.zip,CC-BY-4.0,B-017_WRI Aqueduct 물 스트레스 지수.xlsx,1.1_observation(측정값),218,
B-017,WRI Aqueduct 물 스트레스 지수,observation,vnm-v121-b-017-obs-219-261e7959a8c6aa4b,B-017_bws_prov_tot_ca_mau,VNM,2023,1.864,점,,,,,,[실적치] · 등급 1 · Low - Medium (10-20%),WRI Aqueduct 4.0,https://files.wri.org/aqueduct/aqueduct-4-0-country-rankings.zip,CC-BY-4.0,B-017_WRI Aqueduct 물 스트레스 지수.xlsx,1.1_observation(측정값),219,
B-017,WRI Aqueduct 물 스트레스 지수,observation,vnm-v121-b-017-obs-220-82d6e13972a81ac6,B-017_bws_prov_tot_cao_n_th,VNM,2023,1.864,점,,,,,,[실적치] · 등급 1 · Low - Medium (10-20%),WRI Aqueduct 4.0,https://files.wri.org/aqueduct/aqueduct-4-0-country-rankings.zip,CC-BY-4.0,B-017_WRI Aqueduct 물 스트레스 지수.xlsx,1.1_observation(측정값),220,
B-017,WRI Aqueduct 물 스트레스 지수,observation,vnm-v121-b-017-obs-221-720c481ead54f964,B-017_bws_prov_tot_gia_lai,VNM,2023,0.2735,점,,,,,,[실적치] · 등급 0 · Low (<10%),WRI Aqueduct 4.0,https://files.wri.org/aqueduct/aqueduct-4-0-country-rankings.zip,CC-BY-4.0,B-017_WRI Aqueduct 물 스트레스 지수.xlsx,1.1_observation(측정값),221,
B-017,WRI Aqueduct 물 스트레스 지수,observation,vnm-v121-b-017-obs-222-cc687141db33d54f,B-017_bws_prov_tot_hoa_ba_nh,VNM,2023,1.0809,점,,,,,,[실적치] · 등급 1 · Low - Medium (10-20%),WRI Aqueduct 4.0,https://files.wri.org/aqueduct/aqueduct-4-0-country-rankings.zip,CC-BY-4.0,B-017_WRI Aqueduct 물 스트레스 지수.xlsx,1.1_observation(측정값),222,
B-017,WRI Aqueduct 물 스트레스 지수,observation,vnm-v121-b-017-obs-223-4d5c4afe768247b7,B-017_bws_prov_tot_ha_giang,VNM,2023,0.0213,점,,,,,,[실적치] · 등급 0 · Low (<10%),WRI Aqueduct 4.0,https://files.wri.org/aqueduct/aqueduct-4-0-country-rankings.zip,CC-BY-4.0,B-017_WRI Aqueduct 물 스트레스 지수.xlsx,1.1_observation(측정값),223,
B-017,WRI Aqueduct 물 스트레스 지수,observation,vnm-v121-b-017-obs-224-6f49300002923bb0,B-017_bws_prov_tot_ha_nam,VNM,2023,1.4312,점,,,,,,[실적치] · 등급 1 · Low - Medium (10-20%),WRI Aqueduct 4.0,https://files.wri.org/aqueduct/aqueduct-4-0-country-rankings.zip,CC-BY-4.0,B-017_WRI Aqueduct 물 스트레스 지수.xlsx,1.1_observation(측정값),224,
B-017,WRI Aqueduct 물 스트레스 지수,observation,vnm-v121-b-017-obs-225-9c3eb781a821edb7,B-017_bws_prov_tot_ha_na_tmi,VNM,2023,1.7081,점,,,,,,[실적치] · 등급 1 · Low - Medium (10-20%),WRI Aqueduct 4.0,https://files.wri.org/aqueduct/aqueduct-4-0-country-rankings.zip,CC-BY-4.0,B-017_WRI Aqueduct 물 스트레스 지수.xlsx,1.1_observation(측정값),225,
B-017,WRI Aqueduct 물 스트레스 지수,observation,vnm-v121-b-017-obs-226-b8e4f139a31ed6b0,B-017_bws_prov_tot_ha_ta_nh,VNM,2023,2.1988,점,,,,,,[실적치] · 등급 2 · Medium - High (20-40%),WRI Aqueduct 4.0,https://files.wri.org/aqueduct/aqueduct-4-0-country-rankings.zip,CC-BY-4.0,B-017_WRI Aqueduct 물 스트레스 지수.xlsx,1.1_observation(측정값),226,
B-017,WRI Aqueduct 물 스트레스 지수,observation,vnm-v121-b-017-obs-227-91e33e14f8fa346d,B-017_bws_prov_tot_h_ng_yaan,VNM,2023,1.4312,점,,,,,,[실적치] · 등급 1 · Low - Medium (10-20%),WRI Aqueduct 4.0,https://files.wri.org/aqueduct/aqueduct-4-0-country-rankings.zip,CC-BY-4.0,B-017_WRI Aqueduct 물 스트레스 지수.xlsx,1.1_observation(측정값),227,
B-017,WRI Aqueduct 물 스트레스 지수,observation,vnm-v121-b-017-obs-228-2abaccb0f170933f,B-017_bws_prov_tot_hao_i_d_ng,VNM,2023,2.0057,점,,,,,,[실적치] · 등급 2 · Medium - High (20-40%),WRI Aqueduct 4.0,https://files.wri.org/aqueduct/aqueduct-4-0-country-rankings.zip,CC-BY-4.0,B-017_WRI Aqueduct 물 스트레스 지수.xlsx,1.1_observation(측정값),228,
B-017,WRI Aqueduct 물 스트레스 지수,observation,vnm-v121-b-017-obs-229-ff8806d211c5c3bf,B-017_bws_prov_tot_hao_i_pha2ng,VNM,2023,1.9553,점,,,,,,[실적치] · 등급 1 · Low - Medium (10-20%),WRI Aqueduct 4.0,https://files.wri.org/aqueduct/aqueduct-4-0-country-rankings.zip,CC-BY-4.0,B-017_WRI Aqueduct 물 스트레스 지수.xlsx,1.1_observation(측정값),229,
B-017,WRI Aqueduct 물 스트레스 지수,observation,vnm-v121-b-017-obs-230-f144fd5cf09082f6,B-017_bws_prov_tot_hao_u_giang,VNM,2023,1.864,점,,,,,,[실적치] · 등급 1 · Low - Medium (10-20%),WRI Aqueduct 4.0,https://files.wri.org/aqueduct/aqueduct-4-0-country-rankings.zip,CC-BY-4.0,B-017_WRI Aqueduct 물 스트레스 지수.xlsx,1.1_observation(측정값),230,
B-017,WRI Aqueduct 물 스트레스 지수,observation,vnm-v121-b-017-obs-231-2507d9fd746fba85,B-017_bws_prov_tot_ha_cha_minh,VNM,2023,1.6736,점,,,,,,[실적치] · 등급 1 · Low - Medium (10-20%),WRI Aqueduct 4.0,https://files.wri.org/aqueduct/aqueduct-4-0-country-rankings.zip,CC-BY-4.0,B-017_WRI Aqueduct 물 스트레스 지수.xlsx,1.1_observation(측정값),231,
B-017,WRI Aqueduct 물 스트레스 지수,observation,vnm-v121-b-017-obs-232-b05877ea95170335,B-017_bws_prov_tot_kha_nh_ha2a,VNM,2023,1.0545,점,,,,,,[실적치] · 등급 1 · Low - Medium (10-20%),WRI Aqueduct 4.0,https://files.wri.org/aqueduct/aqueduct-4-0-country-rankings.zip,CC-BY-4.0,B-017_WRI Aqueduct 물 스트레스 지수.xlsx,1.1_observation(측정값),232,
B-017,WRI Aqueduct 물 스트레스 지수,observation,vnm-v121-b-017-obs-233-3875c95e2425c700,B-017_bws_prov_tot_kiaan_giang,VNM,2023,1.864,점,,,,,,[실적치] · 등급 1 · Low - Medium (10-20%),WRI Aqueduct 4.0,https://files.wri.org/aqueduct/aqueduct-4-0-country-rankings.zip,CC-BY-4.0,B-017_WRI Aqueduct 물 스트레스 지수.xlsx,1.1_observation(측정값),233,
B-017,WRI Aqueduct 물 스트레스 지수,observation,vnm-v121-b-017-obs-234-0df6b63f22e94a1a,B-017_bws_prov_tot_kon_tum,VNM,2023,0.0028,점,,,,,,[실적치] · 등급 0 · Low (<10%),WRI Aqueduct 4.0,https://files.wri.org/aqueduct/aqueduct-4-0-country-rankings.zip,CC-BY-4.0,B-017_WRI Aqueduct 물 스트레스 지수.xlsx,1.1_observation(측정값),234,
B-017,WRI Aqueduct 물 스트레스 지수,observation,vnm-v121-b-017-obs-235-969495ef2be2cafc,B-017_bws_prov_tot_lai_cha_u,VNM,2023,0.2444,점,,,,,,[실적치] · 등급 0 · Low (<10%),WRI Aqueduct 4.0,https://files.wri.org/aqueduct/aqueduct-4-0-country-rankings.zip,CC-BY-4.0,B-017_WRI Aqueduct 물 스트레스 지수.xlsx,1.1_observation(측정값),235,
B-017,WRI Aqueduct 물 스트레스 지수,observation,vnm-v121-b-017-obs-236-3c167913775ee6a6,B-017_bws_prov_tot_long_an,VNM,2023,4.3859,점,,,,,,[실적치] · 등급 4 · Extremely High (>80%),WRI Aqueduct 4.0,https://files.wri.org/aqueduct/aqueduct-4-0-country-rankings.zip,CC-BY-4.0,B-017_WRI Aqueduct 물 스트레스 지수.xlsx,1.1_observation(측정값),236,
B-017,WRI Aqueduct 물 스트레스 지수,observation,vnm-v121-b-017-obs-237-1b8aaedd13cfac7a,B-017_bws_prov_tot_la_o_cai,VNM,2023,0.0917,점,,,,,,[실적치] · 등급 0 · Low (<10%),WRI Aqueduct 4.0,https://files.wri.org/aqueduct/aqueduct-4-0-country-rankings.zip,CC-BY-4.0,B-017_WRI Aqueduct 물 스트레스 지수.xlsx,1.1_observation(측정값),237,
B-017,WRI Aqueduct 물 스트레스 지수,observation,vnm-v121-b-017-obs-238-dfa858471bfd9cba,B-017_bws_prov_tot_la_m_a_a_ng,VNM,2023,1.6788,점,,,,,,[실적치] · 등급 1 · Low - Medium (10-20%),WRI Aqueduct 4.0,https://files.wri.org/aqueduct/aqueduct-4-0-country-rankings.zip,CC-BY-4.0,B-017_WRI Aqueduct 물 스트레스 지수.xlsx,1.1_observation(측정값),238,
B-017,WRI Aqueduct 물 스트레스 지수,observation,vnm-v121-b-017-obs-239-480e794a6efda88c,B-017_bws_prov_tot_lao_ng_s_n,VNM,2023,2.0329,점,,,,,,[실적치] · 등급 2 · Medium - High (20-40%),WRI Aqueduct 4.0,https://files.wri.org/aqueduct/aqueduct-4-0-country-rankings.zip,CC-BY-4.0,B-017_WRI Aqueduct 물 스트레스 지수.xlsx,1.1_observation(측정값),239,
B-017,WRI Aqueduct 물 스트레스 지수,observation,vnm-v121-b-017-obs-240-1808e881d17fc33a,B-017_bws_prov_tot_nam_a_a_nh,VNM,2023,1.4312,점,,,,,,[실적치] · 등급 1 · Low - Medium (10-20%),WRI Aqueduct 4.0,https://files.wri.org/aqueduct/aqueduct-4-0-country-rankings.zip,CC-BY-4.0,B-017_WRI Aqueduct 물 스트레스 지수.xlsx,1.1_observation(측정값),240,
B-017,WRI Aqueduct 물 스트레스 지수,observation,vnm-v121-b-017-obs-241-51fd3a3aa06bc9d2,B-017_bws_prov_tot_ngha_an,VNM,2023,3.5819,점,,,,,,[실적치] · 등급 3 · High (40-80%),WRI Aqueduct 4.0,https://files.wri.org/aqueduct/aqueduct-4-0-country-rankings.zip,CC-BY-4.0,B-017_WRI Aqueduct 물 스트레스 지수.xlsx,1.1_observation(측정값),241,
B-017,WRI Aqueduct 물 스트레스 지수,observation,vnm-v121-b-017-obs-242-8cd5bdded537e00d,B-017_bws_prov_tot_ninh_ba_nh,VNM,2023,1.4359,점,,,,,,[실적치] · 등급 1 · Low - Medium (10-20%),WRI Aqueduct 4.0,https://files.wri.org/aqueduct/aqueduct-4-0-country-rankings.zip,CC-BY-4.0,B-017_WRI Aqueduct 물 스트레스 지수.xlsx,1.1_observation(측정값),242,
B-017,WRI Aqueduct 물 스트레스 지수,observation,vnm-v121-b-017-obs-243-9466bc0c1dd19d71,B-017_bws_prov_tot_ninh_thuao_n,VNM,2023,1.0545,점,,,,,,[실적치] · 등급 1 · Low - Medium (10-20%),WRI Aqueduct 4.0,https://files.wri.org/aqueduct/aqueduct-4-0-country-rankings.zip,CC-BY-4.0,B-017_WRI Aqueduct 물 스트레스 지수.xlsx,1.1_observation(측정값),243,
B-017,WRI Aqueduct 물 스트레스 지수,observation,vnm-v121-b-017-obs-244-e6cf9be0dd4d139e,B-017_bws_prov_tot_phao_tha,VNM,2023,0.017,점,,,,,,[실적치] · 등급 0 · Low (<10%),WRI Aqueduct 4.0,https://files.wri.org/aqueduct/aqueduct-4-0-country-rankings.zip,CC-BY-4.0,B-017_WRI Aqueduct 물 스트레스 지수.xlsx,1.1_observation(측정값),244,
B-017,WRI Aqueduct 물 스트레스 지수,observation,vnm-v121-b-017-obs-245-6d5dc38fe8a335b8,B-017_bws_prov_tot_phao_yaan,VNM,2023,1.7998,점,,,,,,[실적치] · 등급 1 · Low - Medium (10-20%),WRI Aqueduct 4.0,https://files.wri.org/aqueduct/aqueduct-4-0-country-rankings.zip,CC-BY-4.0,B-017_WRI Aqueduct 물 스트레스 지수.xlsx,1.1_observation(측정값),245,
B-017,WRI Aqueduct 물 스트레스 지수,observation,vnm-v121-b-017-obs-246-5a5bf264881885fe,B-017_bws_prov_tot_quao_ng_ba_nh,VNM,2023,1.767,점,,,,,,[실적치] · 등급 1 · Low - Medium (10-20%),WRI Aqueduct 4.0,https://files.wri.org/aqueduct/aqueduct-4-0-country-rankings.zip,CC-BY-4.0,B-017_WRI Aqueduct 물 스트레스 지수.xlsx,1.1_observation(측정값),246,
B-017,WRI Aqueduct 물 스트레스 지수,observation,vnm-v121-b-017-obs-247-9f387b14ed8ff99b,B-017_bws_prov_tot_quao_ng_nam,VNM,2023,1.7097,점,,,,,,[실적치] · 등급 1 · Low - Medium (10-20%),WRI Aqueduct 4.0,https://files.wri.org/aqueduct/aqueduct-4-0-country-rankings.zip,CC-BY-4.0,B-017_WRI Aqueduct 물 스트레스 지수.xlsx,1.1_observation(측정값),247,
B-017,WRI Aqueduct 물 스트레스 지수,observation,vnm-v121-b-017-obs-248-5f40fe42285516ef,B-017_bws_prov_tot_quao_ng_nga_i,VNM,2023,2.2794,점,,,,,,[실적치] · 등급 2 · Medium - High (20-40%),WRI Aqueduct 4.0,https://files.wri.org/aqueduct/aqueduct-4-0-country-rankings.zip,CC-BY-4.0,B-017_WRI Aqueduct 물 스트레스 지수.xlsx,1.1_observation(측정값),248,
B-017,WRI Aqueduct 물 스트레스 지수,observation,vnm-v121-b-017-obs-249-305f135e705d570e,B-017_bws_prov_tot_quao_ng_ninh,VNM,2023,1.8884,점,,,,,,[실적치] · 등급 1 · Low - Medium (10-20%),WRI Aqueduct 4.0,https://files.wri.org/aqueduct/aqueduct-4-0-country-rankings.zip,CC-BY-4.0,B-017_WRI Aqueduct 물 스트레스 지수.xlsx,1.1_observation(측정값),249,
B-017,WRI Aqueduct 물 스트레스 지수,observation,vnm-v121-b-017-obs-250-7b61ddccad125d0d,B-017_bws_prov_tot_quao_ng_tra,VNM,2023,1.8959,점,,,,,,[실적치] · 등급 1 · Low - Medium (10-20%),WRI Aqueduct 4.0,https://files.wri.org/aqueduct/aqueduct-4-0-country-rankings.zip,CC-BY-4.0,B-017_WRI Aqueduct 물 스트레스 지수.xlsx,1.1_observation(측정값),250,
B-017,WRI Aqueduct 물 스트레스 지수,observation,vnm-v121-b-017-obs-251-862c5c3722f82095,B-017_bws_prov_tot_sa3c_tra_ng,VNM,2023,1.864,점,,,,,,[실적치] · 등급 1 · Low - Medium (10-20%),WRI Aqueduct 4.0,https://files.wri.org/aqueduct/aqueduct-4-0-country-rankings.zip,CC-BY-4.0,B-017_WRI Aqueduct 물 스트레스 지수.xlsx,1.1_observation(측정값),251,
B-017,WRI Aqueduct 물 스트레스 지수,observation,vnm-v121-b-017-obs-252-5811b33a067037c8,B-017_bws_prov_tot_s_n_la,VNM,2023,0.4491,점,,,,,,[실적치] · 등급 0 · Low (<10%),WRI Aqueduct 4.0,https://files.wri.org/aqueduct/aqueduct-4-0-country-rankings.zip,CC-BY-4.0,B-017_WRI Aqueduct 물 스트레스 지수.xlsx,1.1_observation(측정값),252,
B-017,WRI Aqueduct 물 스트레스 지수,observation,vnm-v121-b-017-obs-253-76a4da25763bcdc9,B-017_bws_prov_tot_thanh_ha3a,VNM,2023,2.9646,점,,,,,,[실적치] · 등급 2 · Medium - High (20-40%),WRI Aqueduct 4.0,https://files.wri.org/aqueduct/aqueduct-4-0-country-rankings.zip,CC-BY-4.0,B-017_WRI Aqueduct 물 스트레스 지수.xlsx,1.1_observation(측정값),253,
B-017,WRI Aqueduct 물 스트레스 지수,observation,vnm-v121-b-017-obs-254-4784ce77ec077cb5,B-017_bws_prov_tot_tha_i_ba_nh,VNM,2023,1.4312,점,,,,,,[실적치] · 등급 1 · Low - Medium (10-20%),WRI Aqueduct 4.0,https://files.wri.org/aqueduct/aqueduct-4-0-country-rankings.zip,CC-BY-4.0,B-017_WRI Aqueduct 물 스트레스 지수.xlsx,1.1_observation(측정값),254,
B-017,WRI Aqueduct 물 스트레스 지수,observation,vnm-v121-b-017-obs-255-53d586d1efac0fdd,B-017_bws_prov_tot_tha_i_nguyaan,VNM,2023,2.8058,점,,,,,,[실적치] · 등급 2 · Medium - High (20-40%),WRI Aqueduct 4.0,https://files.wri.org/aqueduct/aqueduct-4-0-country-rankings.zip,CC-BY-4.0,B-017_WRI Aqueduct 물 스트레스 지수.xlsx,1.1_observation(측정값),255,
B-017,WRI Aqueduct 물 스트레스 지수,observation,vnm-v121-b-017-obs-256-682fdb7a1c268716,B-017_bws_prov_tot_tha_a_thiaan_huao,VNM,2023,1.8877,점,,,,,,[실적치] · 등급 1 · Low - Medium (10-20%),WRI Aqueduct 4.0,https://files.wri.org/aqueduct/aqueduct-4-0-country-rankings.zip,CC-BY-4.0,B-017_WRI Aqueduct 물 스트레스 지수.xlsx,1.1_observation(측정값),256,
B-017,WRI Aqueduct 물 스트레스 지수,observation,vnm-v121-b-017-obs-257-532b890877c542a8,B-017_bws_prov_tot_tia_n_giang,VNM,2023,2.8764,점,,,,,,[실적치] · 등급 2 · Medium - High (20-40%),WRI Aqueduct 4.0,https://files.wri.org/aqueduct/aqueduct-4-0-country-rankings.zip,CC-BY-4.0,B-017_WRI Aqueduct 물 스트레스 지수.xlsx,1.1_observation(측정값),257,
B-017,WRI Aqueduct 물 스트레스 지수,observation,vnm-v121-b-017-obs-258-1d4c519c3065d522,B-017_bws_prov_tot_tra_vinh,VNM,2023,1.864,점,,,,,,[실적치] · 등급 1 · Low - Medium (10-20%),WRI Aqueduct 4.0,https://files.wri.org/aqueduct/aqueduct-4-0-country-rankings.zip,CC-BY-4.0,B-017_WRI Aqueduct 물 스트레스 지수.xlsx,1.1_observation(측정값),258,
B-017,WRI Aqueduct 물 스트레스 지수,observation,vnm-v121-b-017-obs-259-23209afd7a35cc20,B-017_bws_prov_tot_tuyaan_quang,VNM,2023,0.2146,점,,,,,,[실적치] · 등급 0 · Low (<10%),WRI Aqueduct 4.0,https://files.wri.org/aqueduct/aqueduct-4-0-country-rankings.zip,CC-BY-4.0,B-017_WRI Aqueduct 물 스트레스 지수.xlsx,1.1_observation(측정값),259,
B-017,WRI Aqueduct 물 스트레스 지수,observation,vnm-v121-b-017-obs-260-f577b33c19dd5f71,B-017_bws_prov_tot_ta_y_ninh,VNM,2023,4.0292,점,,,,,,[실적치] · 등급 4 · Extremely High (>80%),WRI Aqueduct 4.0,https://files.wri.org/aqueduct/aqueduct-4-0-country-rankings.zip,CC-BY-4.0,B-017_WRI Aqueduct 물 스트레스 지수.xlsx,1.1_observation(측정값),260,
B-017,WRI Aqueduct 물 스트레스 지수,observation,vnm-v121-b-017-obs-261-94718066b3669434,B-017_bws_prov_tot_va_nh_long,VNM,2023,1.864,점,,,,,,[실적치] · 등급 1 · Low - Medium (10-20%),WRI Aqueduct 4.0,https://files.wri.org/aqueduct/aqueduct-4-0-country-rankings.zip,CC-BY-4.0,B-017_WRI Aqueduct 물 스트레스 지수.xlsx,1.1_observation(측정값),261,
B-017,WRI Aqueduct 물 스트레스 지수,observation,vnm-v121-b-017-obs-262-1d17375e1a0a8bd9,B-017_bws_prov_tot_va_nh_phaoc,VNM,2023,1.5469,점,,,,,,[실적치] · 등급 1 · Low - Medium (10-20%),WRI Aqueduct 4.0,https://files.wri.org/aqueduct/aqueduct-4-0-country-rankings.zip,CC-BY-4.0,B-017_WRI Aqueduct 물 스트레스 지수.xlsx,1.1_observation(측정값),262,
B-017,WRI Aqueduct 물 스트레스 지수,observation,vnm-v121-b-017-obs-263-54b5896d7a8cdb34,B-017_bws_prov_tot_yaan_ba_i,VNM,2023,0.0635,점,,,,,,[실적치] · 등급 0 · Low (<10%),WRI Aqueduct 4.0,https://files.wri.org/aqueduct/aqueduct-4-0-country-rankings.zip,CC-BY-4.0,B-017_WRI Aqueduct 물 스트레스 지수.xlsx,1.1_observation(측정값),263,
B-017,WRI Aqueduct 물 스트레스 지수,observation,vnm-v121-b-017-obs-264-1adb42c292d55399,B-017_bws_prov_tot_a_ia_n_biaan,VNM,2023,0.7323,점,,,,,,[실적치] · 등급 0 · Low (<10%),WRI Aqueduct 4.0,https://files.wri.org/aqueduct/aqueduct-4-0-country-rankings.zip,CC-BY-4.0,B-017_WRI Aqueduct 물 스트레스 지수.xlsx,1.1_observation(측정값),264,
B-017,WRI Aqueduct 물 스트레스 지수,observation,vnm-v121-b-017-obs-265-9f1853af2d659d5a,B-017_bws_prov_tot_a_a_nao_ng,VNM,2023,1.8972,점,,,,,,[실적치] · 등급 1 · Low - Medium (10-20%),WRI Aqueduct 4.0,https://files.wri.org/aqueduct/aqueduct-4-0-country-rankings.zip,CC-BY-4.0,B-017_WRI Aqueduct 물 스트레스 지수.xlsx,1.1_observation(측정값),265,
B-017,WRI Aqueduct 물 스트레스 지수,observation,vnm-v121-b-017-obs-266-b0732b4e5d9a8bfd,B-017_bws_prov_tot_a_ao_k_lao_k,VNM,2023,0.2502,점,,,,,,[실적치] · 등급 0 · Low (<10%),WRI Aqueduct 4.0,https://files.wri.org/aqueduct/aqueduct-4-0-country-rankings.zip,CC-BY-4.0,B-017_WRI Aqueduct 물 스트레스 지수.xlsx,1.1_observation(측정값),266,
B-017,WRI Aqueduct 물 스트레스 지수,observation,vnm-v121-b-017-obs-267-fd10910eac597cac,B-017_bws_prov_tot_a_ao_k_na_ng,VNM,2023,0.3189,점,,,,,,[실적치] · 등급 0 · Low (<10%),WRI Aqueduct 4.0,https://files.wri.org/aqueduct/aqueduct-4-0-country-rankings.zip,CC-BY-4.0,B-017_WRI Aqueduct 물 스트레스 지수.xlsx,1.1_observation(측정값),267,
B-017,WRI Aqueduct 물 스트레스 지수,observation,vnm-v121-b-017-obs-268-079a9694ea308a22,B-017_bws_prov_tot_a_a_ng_nai,VNM,2023,1.5594,점,,,,,,[실적치] · 등급 1 · Low - Medium (10-20%),WRI Aqueduct 4.0,https://files.wri.org/aqueduct/aqueduct-4-0-country-rankings.zip,CC-BY-4.0,B-017_WRI Aqueduct 물 스트레스 지수.xlsx,1.1_observation(측정값),268,
B-017,WRI Aqueduct 물 스트레스 지수,observation,vnm-v121-b-017-obs-269-47ff8ad70e552595,B-017_bws_prov_tot_a_a_ng_tha_p,VNM,2023,2.564,점,,,,,,[실적치] · 등급 2 · Medium - High (20-40%),WRI Aqueduct 4.0,https://files.wri.org/aqueduct/aqueduct-4-0-country-rankings.zip,CC-BY-4.0,B-017_WRI Aqueduct 물 스트레스 지수.xlsx,1.1_observation(측정값),269,
B-017,WRI Aqueduct 물 스트레스 지수,observation,vnm-v121-b-017-obs-270-7e23c770c61e4d96,B-017_bws_prov_irr_an_giang,VNM,2023,1.864,점,,,,,,[실적치] · 등급 1 · Low - Medium (10-20%),WRI Aqueduct 4.0,https://files.wri.org/aqueduct/aqueduct-4-0-country-rankings.zip,CC-BY-4.0,B-017_WRI Aqueduct 물 스트레스 지수.xlsx,1.1_observation(측정값),270,
B-017,WRI Aqueduct 물 스트레스 지수,observation,vnm-v121-b-017-obs-271-56162e087f1170ae,B-017_bws_prov_irr_ba_ra_a_va_ng_ta_u,VNM,2023,1.0545,점,,,,,,[실적치] · 등급 1 · Low - Medium (10-20%),WRI Aqueduct 4.0,https://files.wri.org/aqueduct/aqueduct-4-0-country-rankings.zip,CC-BY-4.0,B-017_WRI Aqueduct 물 스트레스 지수.xlsx,1.1_observation(측정값),271,
B-017,WRI Aqueduct 물 스트레스 지수,observation,vnm-v121-b-017-obs-272-047946e46930f921,B-017_bws_prov_irr_ba_nh_d_ng,VNM,2023,1.6962,점,,,,,,[실적치] · 등급 1 · Low - Medium (10-20%),WRI Aqueduct 4.0,https://files.wri.org/aqueduct/aqueduct-4-0-country-rankings.zip,CC-BY-4.0,B-017_WRI Aqueduct 물 스트레스 지수.xlsx,1.1_observation(측정값),272,
B-017,WRI Aqueduct 물 스트레스 지수,observation,vnm-v121-b-017-obs-273-5786295fca7441d7,B-017_bws_prov_irr_ba_nh_ph_a_c,VNM,2023,1.6263,점,,,,,,[실적치] · 등급 1 · Low - Medium (10-20%),WRI Aqueduct 4.0,https://files.wri.org/aqueduct/aqueduct-4-0-country-rankings.zip,CC-BY-4.0,B-017_WRI Aqueduct 물 스트레스 지수.xlsx,1.1_observation(측정값),273,
B-017,WRI Aqueduct 물 스트레스 지수,observation,vnm-v121-b-017-obs-274-4f85c70a87aefa12,B-017_bws_prov_irr_ba_nh_thuao_n,VNM,2023,1.2675,점,,,,,,[실적치] · 등급 1 · Low - Medium (10-20%),WRI Aqueduct 4.0,https://files.wri.org/aqueduct/aqueduct-4-0-country-rankings.zip,CC-BY-4.0,B-017_WRI Aqueduct 물 스트레스 지수.xlsx,1.1_observation(측정값),274,
B-017,WRI Aqueduct 물 스트레스 지수,observation,vnm-v121-b-017-obs-275-271099a7f82ff349,B-017_bws_prov_irr_ba_nh_a_a_nh,VNM,2023,2.4965,점,,,,,,[실적치] · 등급 2 · Medium - High (20-40%),WRI Aqueduct 4.0,https://files.wri.org/aqueduct/aqueduct-4-0-country-rankings.zip,CC-BY-4.0,B-017_WRI Aqueduct 물 스트레스 지수.xlsx,1.1_observation(측정값),275,
B-017,WRI Aqueduct 물 스트레스 지수,observation,vnm-v121-b-017-obs-276-cd43078df2cf53b2,B-017_bws_prov_irr_bao_c_liaau,VNM,2023,1.864,점,,,,,,[실적치] · 등급 1 · Low - Medium (10-20%),WRI Aqueduct 4.0,https://files.wri.org/aqueduct/aqueduct-4-0-country-rankings.zip,CC-BY-4.0,B-017_WRI Aqueduct 물 스트레스 지수.xlsx,1.1_observation(측정값),276,
B-017,WRI Aqueduct 물 스트레스 지수,observation,vnm-v121-b-017-obs-277-1f72081760267d97,B-017_bws_prov_irr_bao_c_giang,VNM,2023,2.8058,점,,,,,,[실적치] · 등급 2 · Medium - High (20-40%),WRI Aqueduct 4.0,https://files.wri.org/aqueduct/aqueduct-4-0-country-rankings.zip,CC-BY-4.0,B-017_WRI Aqueduct 물 스트레스 지수.xlsx,1.1_observation(측정값),277,
B-017,WRI Aqueduct 물 스트레스 지수,observation,vnm-v121-b-017-obs-278-b458bcf66a2641d5,B-017_bws_prov_irr_bao_c_kao_n,VNM,2023,1.4531,점,,,,,,[실적치] · 등급 1 · Low - Medium (10-20%),WRI Aqueduct 4.0,https://files.wri.org/aqueduct/aqueduct-4-0-country-rankings.zip,CC-BY-4.0,B-017_WRI Aqueduct 물 스트레스 지수.xlsx,1.1_observation(측정값),278,
B-017,WRI Aqueduct 물 스트레스 지수,observation,vnm-v121-b-017-obs-279-2d42f8c29e1b8abc,B-017_bws_prov_irr_bao_c_ninh,VNM,2023,2.8058,점,,,,,,[실적치] · 등급 2 · Medium - High (20-40%),WRI Aqueduct 4.0,https://files.wri.org/aqueduct/aqueduct-4-0-country-rankings.zip,CC-BY-4.0,B-017_WRI Aqueduct 물 스트레스 지수.xlsx,1.1_observation(측정값),279,
B-017,WRI Aqueduct 물 스트레스 지수,observation,vnm-v121-b-017-obs-280-98abca9d4aeea366,B-017_bws_prov_irr_bao_n_tre,VNM,2023,1.864,점,,,,,,[실적치] · 등급 1 · Low - Medium (10-20%),WRI Aqueduct 4.0,https://files.wri.org/aqueduct/aqueduct-4-0-country-rankings.zip,CC-BY-4.0,B-017_WRI Aqueduct 물 스트레스 지수.xlsx,1.1_observation(측정값),280,
B-017,WRI Aqueduct 물 스트레스 지수,observation,vnm-v121-b-017-obs-281-5982d4425fba3c47,B-017_bws_prov_irr_cao_bao_ng,VNM,2023,0.2978,점,,,,,,[실적치] · 등급 0 · Low (<10%),WRI Aqueduct 4.0,https://files.wri.org/aqueduct/aqueduct-4-0-country-rankings.zip,CC-BY-4.0,B-017_WRI Aqueduct 물 스트레스 지수.xlsx,1.1_observation(측정값),281,
B-017,WRI Aqueduct 물 스트레스 지수,observation,vnm-v121-b-017-obs-282-0de4a006ba15d015,B-017_bws_prov_irr_ca_mau,VNM,2023,1.864,점,,,,,,[실적치] · 등급 1 · Low - Medium (10-20%),WRI Aqueduct 4.0,https://files.wri.org/aqueduct/aqueduct-4-0-country-rankings.zip,CC-BY-4.0,B-017_WRI Aqueduct 물 스트레스 지수.xlsx,1.1_observation(측정값),282,
B-017,WRI Aqueduct 물 스트레스 지수,observation,vnm-v121-b-017-obs-283-be73457dc51f244e,B-017_bws_prov_irr_cao_n_th,VNM,2023,1.864,점,,,,,,[실적치] · 등급 1 · Low - Medium (10-20%),WRI Aqueduct 4.0,https://files.wri.org/aqueduct/aqueduct-4-0-country-rankings.zip,CC-BY-4.0,B-017_WRI Aqueduct 물 스트레스 지수.xlsx,1.1_observation(측정값),283,
B-017,WRI Aqueduct 물 스트레스 지수,observation,vnm-v121-b-017-obs-284-d315015b717cf896,B-017_bws_prov_irr_gia_lai,VNM,2023,0.1884,점,,,,,,[실적치] · 등급 0 · Low (<10%),WRI Aqueduct 4.0,https://files.wri.org/aqueduct/aqueduct-4-0-country-rankings.zip,CC-BY-4.0,B-017_WRI Aqueduct 물 스트레스 지수.xlsx,1.1_observation(측정값),284,
B-017,WRI Aqueduct 물 스트레스 지수,observation,vnm-v121-b-017-obs-285-99b78777855bc3aa,B-017_bws_prov_irr_hoa_ba_nh,VNM,2023,1.0099,점,,,,,,[실적치] · 등급 1 · Low - Medium (10-20%),WRI Aqueduct 4.0,https://files.wri.org/aqueduct/aqueduct-4-0-country-rankings.zip,CC-BY-4.0,B-017_WRI Aqueduct 물 스트레스 지수.xlsx,1.1_observation(측정값),285,
B-017,WRI Aqueduct 물 스트레스 지수,observation,vnm-v121-b-017-obs-286-a77a2cdad0dd0919,B-017_bws_prov_irr_ha_giang,VNM,2023,0.0191,점,,,,,,[실적치] · 등급 0 · Low (<10%),WRI Aqueduct 4.0,https://files.wri.org/aqueduct/aqueduct-4-0-country-rankings.zip,CC-BY-4.0,B-017_WRI Aqueduct 물 스트레스 지수.xlsx,1.1_observation(측정값),286,
B-017,WRI Aqueduct 물 스트레스 지수,observation,vnm-v121-b-017-obs-287-9bcf42f96f0de4b1,B-017_bws_prov_irr_ha_nam,VNM,2023,1.4312,점,,,,,,[실적치] · 등급 1 · Low - Medium (10-20%),WRI Aqueduct 4.0,https://files.wri.org/aqueduct/aqueduct-4-0-country-rankings.zip,CC-BY-4.0,B-017_WRI Aqueduct 물 스트레스 지수.xlsx,1.1_observation(측정값),287,
B-017,WRI Aqueduct 물 스트레스 지수,observation,vnm-v121-b-017-obs-288-b8c6775653d60687,B-017_bws_prov_irr_ha_na_tmi,VNM,2023,1.7228,점,,,,,,[실적치] · 등급 1 · Low - Medium (10-20%),WRI Aqueduct 4.0,https://files.wri.org/aqueduct/aqueduct-4-0-country-rankings.zip,CC-BY-4.0,B-017_WRI Aqueduct 물 스트레스 지수.xlsx,1.1_observation(측정값),288,
B-017,WRI Aqueduct 물 스트레스 지수,observation,vnm-v121-b-017-obs-289-634470d282bb35a8,B-017_bws_prov_irr_ha_ta_nh,VNM,2023,2.1917,점,,,,,,[실적치] · 등급 2 · Medium - High (20-40%),WRI Aqueduct 4.0,https://files.wri.org/aqueduct/aqueduct-4-0-country-rankings.zip,CC-BY-4.0,B-017_WRI Aqueduct 물 스트레스 지수.xlsx,1.1_observation(측정값),289,
B-017,WRI Aqueduct 물 스트레스 지수,observation,vnm-v121-b-017-obs-290-cba21319e811a665,B-017_bws_prov_irr_h_ng_yaan,VNM,2023,1.4312,점,,,,,,[실적치] · 등급 1 · Low - Medium (10-20%),WRI Aqueduct 4.0,https://files.wri.org/aqueduct/aqueduct-4-0-country-rankings.zip,CC-BY-4.0,B-017_WRI Aqueduct 물 스트레스 지수.xlsx,1.1_observation(측정값),290,
B-017,WRI Aqueduct 물 스트레스 지수,observation,vnm-v121-b-017-obs-291-53cfb42719f94d68,B-017_bws_prov_irr_hao_i_d_ng,VNM,2023,1.9988,점,,,,,,[실적치] · 등급 1 · Low - Medium (10-20%),WRI Aqueduct 4.0,https://files.wri.org/aqueduct/aqueduct-4-0-country-rankings.zip,CC-BY-4.0,B-017_WRI Aqueduct 물 스트레스 지수.xlsx,1.1_observation(측정값),291,
B-017,WRI Aqueduct 물 스트레스 지수,observation,vnm-v121-b-017-obs-292-43007f05f60f6fe3,B-017_bws_prov_irr_hao_i_pha2ng,VNM,2023,1.9652,점,,,,,,[실적치] · 등급 1 · Low - Medium (10-20%),WRI Aqueduct 4.0,https://files.wri.org/aqueduct/aqueduct-4-0-country-rankings.zip,CC-BY-4.0,B-017_WRI Aqueduct 물 스트레스 지수.xlsx,1.1_observation(측정값),292,
B-017,WRI Aqueduct 물 스트레스 지수,observation,vnm-v121-b-017-obs-293-c026a46fb64d3ed7,B-017_bws_prov_irr_hao_u_giang,VNM,2023,1.864,점,,,,,,[실적치] · 등급 1 · Low - Medium (10-20%),WRI Aqueduct 4.0,https://files.wri.org/aqueduct/aqueduct-4-0-country-rankings.zip,CC-BY-4.0,B-017_WRI Aqueduct 물 스트레스 지수.xlsx,1.1_observation(측정값),293,
B-017,WRI Aqueduct 물 스트레스 지수,observation,vnm-v121-b-017-obs-294-6e1621cb85790a1e,B-017_bws_prov_irr_ha_cha_minh,VNM,2023,1.641,점,,,,,,[실적치] · 등급 1 · Low - Medium (10-20%),WRI Aqueduct 4.0,https://files.wri.org/aqueduct/aqueduct-4-0-country-rankings.zip,CC-BY-4.0,B-017_WRI Aqueduct 물 스트레스 지수.xlsx,1.1_observation(측정값),294,
B-017,WRI Aqueduct 물 스트레스 지수,observation,vnm-v121-b-017-obs-295-84a414ef860193a3,B-017_bws_prov_irr_kha_nh_ha2a,VNM,2023,1.0545,점,,,,,,[실적치] · 등급 1 · Low - Medium (10-20%),WRI Aqueduct 4.0,https://files.wri.org/aqueduct/aqueduct-4-0-country-rankings.zip,CC-BY-4.0,B-017_WRI Aqueduct 물 스트레스 지수.xlsx,1.1_observation(측정값),295,
B-017,WRI Aqueduct 물 스트레스 지수,observation,vnm-v121-b-017-obs-296-c9e9d7ea47b3ba02,B-017_bws_prov_irr_kiaan_giang,VNM,2023,1.864,점,,,,,,[실적치] · 등급 1 · Low - Medium (10-20%),WRI Aqueduct 4.0,https://files.wri.org/aqueduct/aqueduct-4-0-country-rankings.zip,CC-BY-4.0,B-017_WRI Aqueduct 물 스트레스 지수.xlsx,1.1_observation(측정값),296,
B-017,WRI Aqueduct 물 스트레스 지수,observation,vnm-v121-b-017-obs-297-492d8adb59a86d64,B-017_bws_prov_irr_kon_tum,VNM,2023,0.0003,점,,,,,,[실적치] · 등급 0 · Low (<10%),WRI Aqueduct 4.0,https://files.wri.org/aqueduct/aqueduct-4-0-country-rankings.zip,CC-BY-4.0,B-017_WRI Aqueduct 물 스트레스 지수.xlsx,1.1_observation(측정값),297,
B-017,WRI Aqueduct 물 스트레스 지수,observation,vnm-v121-b-017-obs-298-81bd50752d590f10,B-017_bws_prov_irr_lai_cha_u,VNM,2023,0,점,,,,,,[실적치] · 등급 0 · Low (<10%),WRI Aqueduct 4.0,https://files.wri.org/aqueduct/aqueduct-4-0-country-rankings.zip,CC-BY-4.0,B-017_WRI Aqueduct 물 스트레스 지수.xlsx,1.1_observation(측정값),298,
B-017,WRI Aqueduct 물 스트레스 지수,observation,vnm-v121-b-017-obs-299-45ee7f593b3b188c,B-017_bws_prov_irr_long_an,VNM,2023,4.3986,점,,,,,,[실적치] · 등급 4 · Extremely High (>80%),WRI Aqueduct 4.0,https://files.wri.org/aqueduct/aqueduct-4-0-country-rankings.zip,CC-BY-4.0,B-017_WRI Aqueduct 물 스트레스 지수.xlsx,1.1_observation(측정값),299,
B-017,WRI Aqueduct 물 스트레스 지수,observation,vnm-v121-b-017-obs-300-d1f3539478719acc,B-017_bws_prov_irr_la_o_cai,VNM,2023,0.0921,점,,,,,,[실적치] · 등급 0 · Low (<10%),WRI Aqueduct 4.0,https://files.wri.org/aqueduct/aqueduct-4-0-country-rankings.zip,CC-BY-4.0,B-017_WRI Aqueduct 물 스트레스 지수.xlsx,1.1_observation(측정값),300,
B-017,WRI Aqueduct 물 스트레스 지수,observation,vnm-v121-b-017-obs-301-d65f42916a4158bf,B-017_bws_prov_irr_la_m_a_a_ng,VNM,2023,1.6811,점,,,,,,[실적치] · 등급 1 · Low - Medium (10-20%),WRI Aqueduct 4.0,https://files.wri.org/aqueduct/aqueduct-4-0-country-rankings.zip,CC-BY-4.0,B-017_WRI Aqueduct 물 스트레스 지수.xlsx,1.1_observation(측정값),301,
B-017,WRI Aqueduct 물 스트레스 지수,observation,vnm-v121-b-017-obs-302-0c91042931ceb0e7,B-017_bws_prov_irr_lao_ng_s_n,VNM,2023,2.1556,점,,,,,,[실적치] · 등급 2 · Medium - High (20-40%),WRI Aqueduct 4.0,https://files.wri.org/aqueduct/aqueduct-4-0-country-rankings.zip,CC-BY-4.0,B-017_WRI Aqueduct 물 스트레스 지수.xlsx,1.1_observation(측정값),302,
B-017,WRI Aqueduct 물 스트레스 지수,observation,vnm-v121-b-017-obs-303-62670d96720e77a6,B-017_bws_prov_irr_nam_a_a_nh,VNM,2023,1.4312,점,,,,,,[실적치] · 등급 1 · Low - Medium (10-20%),WRI Aqueduct 4.0,https://files.wri.org/aqueduct/aqueduct-4-0-country-rankings.zip,CC-BY-4.0,B-017_WRI Aqueduct 물 스트레스 지수.xlsx,1.1_observation(측정값),303,
B-017,WRI Aqueduct 물 스트레스 지수,observation,vnm-v121-b-017-obs-304-77d7b9f42a2d70c2,B-017_bws_prov_irr_ngha_an,VNM,2023,3.6208,점,,,,,,[실적치] · 등급 3 · High (40-80%),WRI Aqueduct 4.0,https://files.wri.org/aqueduct/aqueduct-4-0-country-rankings.zip,CC-BY-4.0,B-017_WRI Aqueduct 물 스트레스 지수.xlsx,1.1_observation(측정값),304,
B-017,WRI Aqueduct 물 스트레스 지수,observation,vnm-v121-b-017-obs-305-fb8ab2f26ae76af9,B-017_bws_prov_irr_ninh_ba_nh,VNM,2023,1.4353,점,,,,,,[실적치] · 등급 1 · Low - Medium (10-20%),WRI Aqueduct 4.0,https://files.wri.org/aqueduct/aqueduct-4-0-country-rankings.zip,CC-BY-4.0,B-017_WRI Aqueduct 물 스트레스 지수.xlsx,1.1_observation(측정값),305,
B-017,WRI Aqueduct 물 스트레스 지수,observation,vnm-v121-b-017-obs-306-990dc519381cde5d,B-017_bws_prov_irr_ninh_thuao_n,VNM,2023,1.0545,점,,,,,,[실적치] · 등급 1 · Low - Medium (10-20%),WRI Aqueduct 4.0,https://files.wri.org/aqueduct/aqueduct-4-0-country-rankings.zip,CC-BY-4.0,B-017_WRI Aqueduct 물 스트레스 지수.xlsx,1.1_observation(측정값),306,
B-017,WRI Aqueduct 물 스트레스 지수,observation,vnm-v121-b-017-obs-307-92697487845ab297,B-017_bws_prov_irr_phao_tha,VNM,2023,0.0175,점,,,,,,[실적치] · 등급 0 · Low (<10%),WRI Aqueduct 4.0,https://files.wri.org/aqueduct/aqueduct-4-0-country-rankings.zip,CC-BY-4.0,B-017_WRI Aqueduct 물 스트레스 지수.xlsx,1.1_observation(측정값),307,
B-017,WRI Aqueduct 물 스트레스 지수,observation,vnm-v121-b-017-obs-308-5619a3d7e83ef27c,B-017_bws_prov_irr_phao_yaan,VNM,2023,1.8027,점,,,,,,[실적치] · 등급 1 · Low - Medium (10-20%),WRI Aqueduct 4.0,https://files.wri.org/aqueduct/aqueduct-4-0-country-rankings.zip,CC-BY-4.0,B-017_WRI Aqueduct 물 스트레스 지수.xlsx,1.1_observation(측정값),308,
B-017,WRI Aqueduct 물 스트레스 지수,observation,vnm-v121-b-017-obs-309-ad968dcd65f3a134,B-017_bws_prov_irr_quao_ng_ba_nh,VNM,2023,1.7655,점,,,,,,[실적치] · 등급 1 · Low - Medium (10-20%),WRI Aqueduct 4.0,https://files.wri.org/aqueduct/aqueduct-4-0-country-rankings.zip,CC-BY-4.0,B-017_WRI Aqueduct 물 스트레스 지수.xlsx,1.1_observation(측정값),309,
B-017,WRI Aqueduct 물 스트레스 지수,observation,vnm-v121-b-017-obs-310-5fb616f47df1aa34,B-017_bws_prov_irr_quao_ng_nam,VNM,2023,1.6645,점,,,,,,[실적치] · 등급 1 · Low - Medium (10-20%),WRI Aqueduct 4.0,https://files.wri.org/aqueduct/aqueduct-4-0-country-rankings.zip,CC-BY-4.0,B-017_WRI Aqueduct 물 스트레스 지수.xlsx,1.1_observation(측정값),310,
B-017,WRI Aqueduct 물 스트레스 지수,observation,vnm-v121-b-017-obs-311-7ab1324ac90ca163,B-017_bws_prov_irr_quao_ng_nga_i,VNM,2023,2.3214,점,,,,,,[실적치] · 등급 2 · Medium - High (20-40%),WRI Aqueduct 4.0,https://files.wri.org/aqueduct/aqueduct-4-0-country-rankings.zip,CC-BY-4.0,B-017_WRI Aqueduct 물 스트레스 지수.xlsx,1.1_observation(측정값),311,
B-017,WRI Aqueduct 물 스트레스 지수,observation,vnm-v121-b-017-obs-312-c5bbd71296eb4d9a,B-017_bws_prov_irr_quao_ng_ninh,VNM,2023,1.8884,점,,,,,,[실적치] · 등급 1 · Low - Medium (10-20%),WRI Aqueduct 4.0,https://files.wri.org/aqueduct/aqueduct-4-0-country-rankings.zip,CC-BY-4.0,B-017_WRI Aqueduct 물 스트레스 지수.xlsx,1.1_observation(측정값),312,
B-017,WRI Aqueduct 물 스트레스 지수,observation,vnm-v121-b-017-obs-313-636ed316d302b65d,B-017_bws_prov_irr_quao_ng_tra,VNM,2023,1.896,점,,,,,,[실적치] · 등급 1 · Low - Medium (10-20%),WRI Aqueduct 4.0,https://files.wri.org/aqueduct/aqueduct-4-0-country-rankings.zip,CC-BY-4.0,B-017_WRI Aqueduct 물 스트레스 지수.xlsx,1.1_observation(측정값),313,
B-017,WRI Aqueduct 물 스트레스 지수,observation,vnm-v121-b-017-obs-314-7d9953809c3d655c,B-017_bws_prov_irr_sa3c_tra_ng,VNM,2023,1.864,점,,,,,,[실적치] · 등급 1 · Low - Medium (10-20%),WRI Aqueduct 4.0,https://files.wri.org/aqueduct/aqueduct-4-0-country-rankings.zip,CC-BY-4.0,B-017_WRI Aqueduct 물 스트레스 지수.xlsx,1.1_observation(측정값),314,
B-017,WRI Aqueduct 물 스트레스 지수,observation,vnm-v121-b-017-obs-315-aed09a6d29e57c8a,B-017_bws_prov_irr_s_n_la,VNM,2023,0.5466,점,,,,,,[실적치] · 등급 0 · Low (<10%),WRI Aqueduct 4.0,https://files.wri.org/aqueduct/aqueduct-4-0-country-rankings.zip,CC-BY-4.0,B-017_WRI Aqueduct 물 스트레스 지수.xlsx,1.1_observation(측정값),315,
B-017,WRI Aqueduct 물 스트레스 지수,observation,vnm-v121-b-017-obs-316-eda797e0d83fdd42,B-017_bws_prov_irr_thanh_ha3a,VNM,2023,2.9699,점,,,,,,[실적치] · 등급 2 · Medium - High (20-40%),WRI Aqueduct 4.0,https://files.wri.org/aqueduct/aqueduct-4-0-country-rankings.zip,CC-BY-4.0,B-017_WRI Aqueduct 물 스트레스 지수.xlsx,1.1_observation(측정값),316,
B-017,WRI Aqueduct 물 스트레스 지수,observation,vnm-v121-b-017-obs-317-aa9d332996d7dc76,B-017_bws_prov_irr_tha_i_ba_nh,VNM,2023,1.4312,점,,,,,,[실적치] · 등급 1 · Low - Medium (10-20%),WRI Aqueduct 4.0,https://files.wri.org/aqueduct/aqueduct-4-0-country-rankings.zip,CC-BY-4.0,B-017_WRI Aqueduct 물 스트레스 지수.xlsx,1.1_observation(측정값),317,
B-017,WRI Aqueduct 물 스트레스 지수,observation,vnm-v121-b-017-obs-318-b33400e7fe45edad,B-017_bws_prov_irr_tha_i_nguyaan,VNM,2023,2.8058,점,,,,,,[실적치] · 등급 2 · Medium - High (20-40%),WRI Aqueduct 4.0,https://files.wri.org/aqueduct/aqueduct-4-0-country-rankings.zip,CC-BY-4.0,B-017_WRI Aqueduct 물 스트레스 지수.xlsx,1.1_observation(측정값),318,
B-017,WRI Aqueduct 물 스트레스 지수,observation,vnm-v121-b-017-obs-319-996fd60bcccc89bb,B-017_bws_prov_irr_tha_a_thiaan_huao,VNM,2023,1.8938,점,,,,,,[실적치] · 등급 1 · Low - Medium (10-20%),WRI Aqueduct 4.0,https://files.wri.org/aqueduct/aqueduct-4-0-country-rankings.zip,CC-BY-4.0,B-017_WRI Aqueduct 물 스트레스 지수.xlsx,1.1_observation(측정값),319,
B-017,WRI Aqueduct 물 스트레스 지수,observation,vnm-v121-b-017-obs-320-5f016921b44764f3,B-017_bws_prov_irr_tia_n_giang,VNM,2023,2.8693,점,,,,,,[실적치] · 등급 2 · Medium - High (20-40%),WRI Aqueduct 4.0,https://files.wri.org/aqueduct/aqueduct-4-0-country-rankings.zip,CC-BY-4.0,B-017_WRI Aqueduct 물 스트레스 지수.xlsx,1.1_observation(측정값),320,
B-017,WRI Aqueduct 물 스트레스 지수,observation,vnm-v121-b-017-obs-321-2dc0b11dcd7972d7,B-017_bws_prov_irr_tra_vinh,VNM,2023,1.864,점,,,,,,[실적치] · 등급 1 · Low - Medium (10-20%),WRI Aqueduct 4.0,https://files.wri.org/aqueduct/aqueduct-4-0-country-rankings.zip,CC-BY-4.0,B-017_WRI Aqueduct 물 스트레스 지수.xlsx,1.1_observation(측정값),321,
B-017,WRI Aqueduct 물 스트레스 지수,observation,vnm-v121-b-017-obs-322-032bf951d705150b,B-017_bws_prov_irr_tuyaan_quang,VNM,2023,0.1788,점,,,,,,[실적치] · 등급 0 · Low (<10%),WRI Aqueduct 4.0,https://files.wri.org/aqueduct/aqueduct-4-0-country-rankings.zip,CC-BY-4.0,B-017_WRI Aqueduct 물 스트레스 지수.xlsx,1.1_observation(측정값),322,
B-017,WRI Aqueduct 물 스트레스 지수,observation,vnm-v121-b-017-obs-323-29791b9ae5431b38,B-017_bws_prov_irr_ta_y_ninh,VNM,2023,4.1716,점,,,,,,[실적치] · 등급 4 · Extremely High (>80%),WRI Aqueduct 4.0,https://files.wri.org/aqueduct/aqueduct-4-0-country-rankings.zip,CC-BY-4.0,B-017_WRI Aqueduct 물 스트레스 지수.xlsx,1.1_observation(측정값),323,
B-017,WRI Aqueduct 물 스트레스 지수,observation,vnm-v121-b-017-obs-324-59f393f7906b2082,B-017_bws_prov_irr_va_nh_long,VNM,2023,1.864,점,,,,,,[실적치] · 등급 1 · Low - Medium (10-20%),WRI Aqueduct 4.0,https://files.wri.org/aqueduct/aqueduct-4-0-country-rankings.zip,CC-BY-4.0,B-017_WRI Aqueduct 물 스트레스 지수.xlsx,1.1_observation(측정값),324,
B-017,WRI Aqueduct 물 스트레스 지수,observation,vnm-v121-b-017-obs-325-0727f9d17648bbaf,B-017_bws_prov_irr_va_nh_phaoc,VNM,2023,1.512,점,,,,,,[실적치] · 등급 1 · Low - Medium (10-20%),WRI Aqueduct 4.0,https://files.wri.org/aqueduct/aqueduct-4-0-country-rankings.zip,CC-BY-4.0,B-017_WRI Aqueduct 물 스트레스 지수.xlsx,1.1_observation(측정값),325,
B-017,WRI Aqueduct 물 스트레스 지수,observation,vnm-v121-b-017-obs-326-a6d4ced3fdd44be9,B-017_bws_prov_irr_yaan_ba_i,VNM,2023,0.0645,점,,,,,,[실적치] · 등급 0 · Low (<10%),WRI Aqueduct 4.0,https://files.wri.org/aqueduct/aqueduct-4-0-country-rankings.zip,CC-BY-4.0,B-017_WRI Aqueduct 물 스트레스 지수.xlsx,1.1_observation(측정값),326,
B-017,WRI Aqueduct 물 스트레스 지수,observation,vnm-v121-b-017-obs-327-8567278a0e7af504,B-017_bws_prov_irr_a_ia_n_biaan,VNM,2023,0.7531,점,,,,,,[실적치] · 등급 0 · Low (<10%),WRI Aqueduct 4.0,https://files.wri.org/aqueduct/aqueduct-4-0-country-rankings.zip,CC-BY-4.0,B-017_WRI Aqueduct 물 스트레스 지수.xlsx,1.1_observation(측정값),327,
B-017,WRI Aqueduct 물 스트레스 지수,observation,vnm-v121-b-017-obs-328-71d234dc9af127af,B-017_bws_prov_irr_a_a_nao_ng,VNM,2023,1.8972,점,,,,,,[실적치] · 등급 1 · Low - Medium (10-20%),WRI Aqueduct 4.0,https://files.wri.org/aqueduct/aqueduct-4-0-country-rankings.zip,CC-BY-4.0,B-017_WRI Aqueduct 물 스트레스 지수.xlsx,1.1_observation(측정값),328,
B-017,WRI Aqueduct 물 스트레스 지수,observation,vnm-v121-b-017-obs-329-3851d0b97f92c98b,B-017_bws_prov_irr_a_ao_k_lao_k,VNM,2023,0.2767,점,,,,,,[실적치] · 등급 0 · Low (<10%),WRI Aqueduct 4.0,https://files.wri.org/aqueduct/aqueduct-4-0-country-rankings.zip,CC-BY-4.0,B-017_WRI Aqueduct 물 스트레스 지수.xlsx,1.1_observation(측정값),329,
B-017,WRI Aqueduct 물 스트레스 지수,observation,vnm-v121-b-017-obs-330-5faa8bf7a4640abb,B-017_bws_prov_irr_a_ao_k_na_ng,VNM,2023,0.0819,점,,,,,,[실적치] · 등급 0 · Low (<10%),WRI Aqueduct 4.0,https://files.wri.org/aqueduct/aqueduct-4-0-country-rankings.zip,CC-BY-4.0,B-017_WRI Aqueduct 물 스트레스 지수.xlsx,1.1_observation(측정값),330,
B-017,WRI Aqueduct 물 스트레스 지수,observation,vnm-v121-b-017-obs-331-687d89db2a509b1a,B-017_bws_prov_irr_a_a_ng_nai,VNM,2023,1.6108,점,,,,,,[실적치] · 등급 1 · Low - Medium (10-20%),WRI Aqueduct 4.0,https://files.wri.org/aqueduct/aqueduct-4-0-country-rankings.zip,CC-BY-4.0,B-017_WRI Aqueduct 물 스트레스 지수.xlsx,1.1_observation(측정값),331,
B-017,WRI Aqueduct 물 스트레스 지수,observation,vnm-v121-b-017-obs-332-f503ea357ea5421b,B-017_bws_prov_irr_a_a_ng_tha_p,VNM,2023,2.5646,점,,,,,,[실적치] · 등급 2 · Medium - High (20-40%),WRI Aqueduct 4.0,https://files.wri.org/aqueduct/aqueduct-4-0-country-rankings.zip,CC-BY-4.0,B-017_WRI Aqueduct 물 스트레스 지수.xlsx,1.1_observation(측정값),332,
B-017,WRI Aqueduct 물 스트레스 지수,observation,vnm-v121-b-017-obs-333-e00927e72447678c,B-017_bws_prov_dom_an_giang,VNM,2023,1.864,점,,,,,,[실적치] · 등급 1 · Low - Medium (10-20%),WRI Aqueduct 4.0,https://files.wri.org/aqueduct/aqueduct-4-0-country-rankings.zip,CC-BY-4.0,B-017_WRI Aqueduct 물 스트레스 지수.xlsx,1.1_observation(측정값),333,
B-017,WRI Aqueduct 물 스트레스 지수,observation,vnm-v121-b-017-obs-334-52601bbbf9b626d2,B-017_bws_prov_dom_ba_ra_a_va_ng_ta_u,VNM,2023,1.0545,점,,,,,,[실적치] · 등급 1 · Low - Medium (10-20%),WRI Aqueduct 4.0,https://files.wri.org/aqueduct/aqueduct-4-0-country-rankings.zip,CC-BY-4.0,B-017_WRI Aqueduct 물 스트레스 지수.xlsx,1.1_observation(측정값),334,
B-017,WRI Aqueduct 물 스트레스 지수,observation,vnm-v121-b-017-obs-335-5bff0afae037ee76,B-017_bws_prov_dom_ba_nh_d_ng,VNM,2023,1.6962,점,,,,,,[실적치] · 등급 1 · Low - Medium (10-20%),WRI Aqueduct 4.0,https://files.wri.org/aqueduct/aqueduct-4-0-country-rankings.zip,CC-BY-4.0,B-017_WRI Aqueduct 물 스트레스 지수.xlsx,1.1_observation(측정값),335,
B-017,WRI Aqueduct 물 스트레스 지수,observation,vnm-v121-b-017-obs-336-ea4228739c7f4300,B-017_bws_prov_dom_ba_nh_ph_a_c,VNM,2023,1.641,점,,,,,,[실적치] · 등급 1 · Low - Medium (10-20%),WRI Aqueduct 4.0,https://files.wri.org/aqueduct/aqueduct-4-0-country-rankings.zip,CC-BY-4.0,B-017_WRI Aqueduct 물 스트레스 지수.xlsx,1.1_observation(측정값),336,
B-017,WRI Aqueduct 물 스트레스 지수,observation,vnm-v121-b-017-obs-337-9edc5fb786e865a1,B-017_bws_prov_dom_ba_nh_thuao_n,VNM,2023,1.1623,점,,,,,,[실적치] · 등급 1 · Low - Medium (10-20%),WRI Aqueduct 4.0,https://files.wri.org/aqueduct/aqueduct-4-0-country-rankings.zip,CC-BY-4.0,B-017_WRI Aqueduct 물 스트레스 지수.xlsx,1.1_observation(측정값),337,
B-017,WRI Aqueduct 물 스트레스 지수,observation,vnm-v121-b-017-obs-338-235fa49268ffdbe3,B-017_bws_prov_dom_ba_nh_a_a_nh,VNM,2023,2.4965,점,,,,,,[실적치] · 등급 2 · Medium - High (20-40%),WRI Aqueduct 4.0,https://files.wri.org/aqueduct/aqueduct-4-0-country-rankings.zip,CC-BY-4.0,B-017_WRI Aqueduct 물 스트레스 지수.xlsx,1.1_observation(측정값),338,
B-017,WRI Aqueduct 물 스트레스 지수,observation,vnm-v121-b-017-obs-339-ffd2d53f14ab1ffb,B-017_bws_prov_dom_bao_c_liaau,VNM,2023,1.864,점,,,,,,[실적치] · 등급 1 · Low - Medium (10-20%),WRI Aqueduct 4.0,https://files.wri.org/aqueduct/aqueduct-4-0-country-rankings.zip,CC-BY-4.0,B-017_WRI Aqueduct 물 스트레스 지수.xlsx,1.1_observation(측정값),339,
B-017,WRI Aqueduct 물 스트레스 지수,observation,vnm-v121-b-017-obs-340-228efe1f75fc6e30,B-017_bws_prov_dom_bao_c_giang,VNM,2023,2.8058,점,,,,,,[실적치] · 등급 2 · Medium - High (20-40%),WRI Aqueduct 4.0,https://files.wri.org/aqueduct/aqueduct-4-0-country-rankings.zip,CC-BY-4.0,B-017_WRI Aqueduct 물 스트레스 지수.xlsx,1.1_observation(측정값),340,
B-017,WRI Aqueduct 물 스트레스 지수,observation,vnm-v121-b-017-obs-341-2840059785a6ce69,B-017_bws_prov_dom_bao_c_kao_n,VNM,2023,1.3549,점,,,,,,[실적치] · 등급 1 · Low - Medium (10-20%),WRI Aqueduct 4.0,https://files.wri.org/aqueduct/aqueduct-4-0-country-rankings.zip,CC-BY-4.0,B-017_WRI Aqueduct 물 스트레스 지수.xlsx,1.1_observation(측정값),341,
B-017,WRI Aqueduct 물 스트레스 지수,observation,vnm-v121-b-017-obs-342-41fc0fa163c12d30,B-017_bws_prov_dom_bao_c_ninh,VNM,2023,2.8058,점,,,,,,[실적치] · 등급 2 · Medium - High (20-40%),WRI Aqueduct 4.0,https://files.wri.org/aqueduct/aqueduct-4-0-country-rankings.zip,CC-BY-4.0,B-017_WRI Aqueduct 물 스트레스 지수.xlsx,1.1_observation(측정값),342,
B-017,WRI Aqueduct 물 스트레스 지수,observation,vnm-v121-b-017-obs-343-62b3223dc0d58531,B-017_bws_prov_dom_bao_n_tre,VNM,2023,1.864,점,,,,,,[실적치] · 등급 1 · Low - Medium (10-20%),WRI Aqueduct 4.0,https://files.wri.org/aqueduct/aqueduct-4-0-country-rankings.zip,CC-BY-4.0,B-017_WRI Aqueduct 물 스트레스 지수.xlsx,1.1_observation(측정값),343,
B-017,WRI Aqueduct 물 스트레스 지수,observation,vnm-v121-b-017-obs-344-1b3f642e184e9e80,B-017_bws_prov_dom_cao_bao_ng,VNM,2023,1.0623,점,,,,,,[실적치] · 등급 1 · Low - Medium (10-20%),WRI Aqueduct 4.0,https://files.wri.org/aqueduct/aqueduct-4-0-country-rankings.zip,CC-BY-4.0,B-017_WRI Aqueduct 물 스트레스 지수.xlsx,1.1_observation(측정값),344,
B-017,WRI Aqueduct 물 스트레스 지수,observation,vnm-v121-b-017-obs-345-1e136861bb57639f,B-017_bws_prov_dom_ca_mau,VNM,2023,1.864,점,,,,,,[실적치] · 등급 1 · Low - Medium (10-20%),WRI Aqueduct 4.0,https://files.wri.org/aqueduct/aqueduct-4-0-country-rankings.zip,CC-BY-4.0,B-017_WRI Aqueduct 물 스트레스 지수.xlsx,1.1_observation(측정값),345,
B-017,WRI Aqueduct 물 스트레스 지수,observation,vnm-v121-b-017-obs-346-b21c10e121e7ca5d,B-017_bws_prov_dom_cao_n_th,VNM,2023,1.864,점,,,,,,[실적치] · 등급 1 · Low - Medium (10-20%),WRI Aqueduct 4.0,https://files.wri.org/aqueduct/aqueduct-4-0-country-rankings.zip,CC-BY-4.0,B-017_WRI Aqueduct 물 스트레스 지수.xlsx,1.1_observation(측정값),346,
B-017,WRI Aqueduct 물 스트레스 지수,observation,vnm-v121-b-017-obs-347-22724defe73678ec,B-017_bws_prov_dom_gia_lai,VNM,2023,0.4443,점,,,,,,[실적치] · 등급 0 · Low (<10%),WRI Aqueduct 4.0,https://files.wri.org/aqueduct/aqueduct-4-0-country-rankings.zip,CC-BY-4.0,B-017_WRI Aqueduct 물 스트레스 지수.xlsx,1.1_observation(측정값),347,
B-017,WRI Aqueduct 물 스트레스 지수,observation,vnm-v121-b-017-obs-348-72db701702294a72,B-017_bws_prov_dom_hoa_ba_nh,VNM,2023,1.4456,점,,,,,,[실적치] · 등급 1 · Low - Medium (10-20%),WRI Aqueduct 4.0,https://files.wri.org/aqueduct/aqueduct-4-0-country-rankings.zip,CC-BY-4.0,B-017_WRI Aqueduct 물 스트레스 지수.xlsx,1.1_observation(측정값),348,
B-017,WRI Aqueduct 물 스트레스 지수,observation,vnm-v121-b-017-obs-349-f4b546b0d6dde3a2,B-017_bws_prov_dom_ha_giang,VNM,2023,0.0315,점,,,,,,[실적치] · 등급 0 · Low (<10%),WRI Aqueduct 4.0,https://files.wri.org/aqueduct/aqueduct-4-0-country-rankings.zip,CC-BY-4.0,B-017_WRI Aqueduct 물 스트레스 지수.xlsx,1.1_observation(측정값),349,
B-017,WRI Aqueduct 물 스트레스 지수,observation,vnm-v121-b-017-obs-350-ac79e5112b7470c3,B-017_bws_prov_dom_ha_nam,VNM,2023,1.4312,점,,,,,,[실적치] · 등급 1 · Low - Medium (10-20%),WRI Aqueduct 4.0,https://files.wri.org/aqueduct/aqueduct-4-0-country-rankings.zip,CC-BY-4.0,B-017_WRI Aqueduct 물 스트레스 지수.xlsx,1.1_observation(측정값),350,
B-017,WRI Aqueduct 물 스트레스 지수,observation,vnm-v121-b-017-obs-351-5add27773db03854,B-017_bws_prov_dom_ha_na_tmi,VNM,2023,1.6344,점,,,,,,[실적치] · 등급 1 · Low - Medium (10-20%),WRI Aqueduct 4.0,https://files.wri.org/aqueduct/aqueduct-4-0-country-rankings.zip,CC-BY-4.0,B-017_WRI Aqueduct 물 스트레스 지수.xlsx,1.1_observation(측정값),351,
B-017,WRI Aqueduct 물 스트레스 지수,observation,vnm-v121-b-017-obs-352-b3affb9a187b0d8f,B-017_bws_prov_dom_ha_ta_nh,VNM,2023,2.2761,점,,,,,,[실적치] · 등급 2 · Medium - High (20-40%),WRI Aqueduct 4.0,https://files.wri.org/aqueduct/aqueduct-4-0-country-rankings.zip,CC-BY-4.0,B-017_WRI Aqueduct 물 스트레스 지수.xlsx,1.1_observation(측정값),352,
B-017,WRI Aqueduct 물 스트레스 지수,observation,vnm-v121-b-017-obs-353-5a0df9d92f7fcb01,B-017_bws_prov_dom_h_ng_yaan,VNM,2023,1.4312,점,,,,,,[실적치] · 등급 1 · Low - Medium (10-20%),WRI Aqueduct 4.0,https://files.wri.org/aqueduct/aqueduct-4-0-country-rankings.zip,CC-BY-4.0,B-017_WRI Aqueduct 물 스트레스 지수.xlsx,1.1_observation(측정값),353,
B-017,WRI Aqueduct 물 스트레스 지수,observation,vnm-v121-b-017-obs-354-7651270ac4a86668,B-017_bws_prov_dom_hao_i_d_ng,VNM,2023,2.0047,점,,,,,,[실적치] · 등급 2 · Medium - High (20-40%),WRI Aqueduct 4.0,https://files.wri.org/aqueduct/aqueduct-4-0-country-rankings.zip,CC-BY-4.0,B-017_WRI Aqueduct 물 스트레스 지수.xlsx,1.1_observation(측정값),354,
B-017,WRI Aqueduct 물 스트레스 지수,observation,vnm-v121-b-017-obs-355-dacfcce1d13dd26a,B-017_bws_prov_dom_hao_i_pha2ng,VNM,2023,1.9061,점,,,,,,[실적치] · 등급 1 · Low - Medium (10-20%),WRI Aqueduct 4.0,https://files.wri.org/aqueduct/aqueduct-4-0-country-rankings.zip,CC-BY-4.0,B-017_WRI Aqueduct 물 스트레스 지수.xlsx,1.1_observation(측정값),355,
B-017,WRI Aqueduct 물 스트레스 지수,observation,vnm-v121-b-017-obs-356-ae2f2563465c79d2,B-017_bws_prov_dom_hao_u_giang,VNM,2023,1.864,점,,,,,,[실적치] · 등급 1 · Low - Medium (10-20%),WRI Aqueduct 4.0,https://files.wri.org/aqueduct/aqueduct-4-0-country-rankings.zip,CC-BY-4.0,B-017_WRI Aqueduct 물 스트레스 지수.xlsx,1.1_observation(측정값),356,
B-017,WRI Aqueduct 물 스트레스 지수,observation,vnm-v121-b-017-obs-357-d0c3708d0bd6640f,B-017_bws_prov_dom_ha_cha_minh,VNM,2023,1.6933,점,,,,,,[실적치] · 등급 1 · Low - Medium (10-20%),WRI Aqueduct 4.0,https://files.wri.org/aqueduct/aqueduct-4-0-country-rankings.zip,CC-BY-4.0,B-017_WRI Aqueduct 물 스트레스 지수.xlsx,1.1_observation(측정값),357,
B-017,WRI Aqueduct 물 스트레스 지수,observation,vnm-v121-b-017-obs-358-06dad6c1ea0b8462,B-017_bws_prov_dom_kha_nh_ha2a,VNM,2023,1.0545,점,,,,,,[실적치] · 등급 1 · Low - Medium (10-20%),WRI Aqueduct 4.0,https://files.wri.org/aqueduct/aqueduct-4-0-country-rankings.zip,CC-BY-4.0,B-017_WRI Aqueduct 물 스트레스 지수.xlsx,1.1_observation(측정값),358,
B-017,WRI Aqueduct 물 스트레스 지수,observation,vnm-v121-b-017-obs-359-b01c63fe32cbfb5a,B-017_bws_prov_dom_kiaan_giang,VNM,2023,1.8634,점,,,,,,[실적치] · 등급 1 · Low - Medium (10-20%),WRI Aqueduct 4.0,https://files.wri.org/aqueduct/aqueduct-4-0-country-rankings.zip,CC-BY-4.0,B-017_WRI Aqueduct 물 스트레스 지수.xlsx,1.1_observation(측정값),359,
B-017,WRI Aqueduct 물 스트레스 지수,observation,vnm-v121-b-017-obs-360-2df327fd36f9bba0,B-017_bws_prov_dom_kon_tum,VNM,2023,0.0171,점,,,,,,[실적치] · 등급 0 · Low (<10%),WRI Aqueduct 4.0,https://files.wri.org/aqueduct/aqueduct-4-0-country-rankings.zip,CC-BY-4.0,B-017_WRI Aqueduct 물 스트레스 지수.xlsx,1.1_observation(측정값),360,
B-017,WRI Aqueduct 물 스트레스 지수,observation,vnm-v121-b-017-obs-361-82e9560ab1b061e5,B-017_bws_prov_dom_lai_cha_u,VNM,2023,0.2556,점,,,,,,[실적치] · 등급 0 · Low (<10%),WRI Aqueduct 4.0,https://files.wri.org/aqueduct/aqueduct-4-0-country-rankings.zip,CC-BY-4.0,B-017_WRI Aqueduct 물 스트레스 지수.xlsx,1.1_observation(측정값),361,
B-017,WRI Aqueduct 물 스트레스 지수,observation,vnm-v121-b-017-obs-362-6da6499693faa40a,B-017_bws_prov_dom_long_an,VNM,2023,4.2004,점,,,,,,[실적치] · 등급 4 · Extremely High (>80%),WRI Aqueduct 4.0,https://files.wri.org/aqueduct/aqueduct-4-0-country-rankings.zip,CC-BY-4.0,B-017_WRI Aqueduct 물 스트레스 지수.xlsx,1.1_observation(측정값),362,
B-017,WRI Aqueduct 물 스트레스 지수,observation,vnm-v121-b-017-obs-363-c1e69addd906aa64,B-017_bws_prov_dom_la_o_cai,VNM,2023,0.1057,점,,,,,,[실적치] · 등급 0 · Low (<10%),WRI Aqueduct 4.0,https://files.wri.org/aqueduct/aqueduct-4-0-country-rankings.zip,CC-BY-4.0,B-017_WRI Aqueduct 물 스트레스 지수.xlsx,1.1_observation(측정값),363,
B-017,WRI Aqueduct 물 스트레스 지수,observation,vnm-v121-b-017-obs-364-8ee565136c772a72,B-017_bws_prov_dom_la_m_a_a_ng,VNM,2023,1.6564,점,,,,,,[실적치] · 등급 1 · Low - Medium (10-20%),WRI Aqueduct 4.0,https://files.wri.org/aqueduct/aqueduct-4-0-country-rankings.zip,CC-BY-4.0,B-017_WRI Aqueduct 물 스트레스 지수.xlsx,1.1_observation(측정값),364,
B-017,WRI Aqueduct 물 스트레스 지수,observation,vnm-v121-b-017-obs-365-af77f2487f8b8372,B-017_bws_prov_dom_lao_ng_s_n,VNM,2023,1.8171,점,,,,,,[실적치] · 등급 1 · Low - Medium (10-20%),WRI Aqueduct 4.0,https://files.wri.org/aqueduct/aqueduct-4-0-country-rankings.zip,CC-BY-4.0,B-017_WRI Aqueduct 물 스트레스 지수.xlsx,1.1_observation(측정값),365,
B-017,WRI Aqueduct 물 스트레스 지수,observation,vnm-v121-b-017-obs-366-870a09ec4611e65c,B-017_bws_prov_dom_nam_a_a_nh,VNM,2023,1.4312,점,,,,,,[실적치] · 등급 1 · Low - Medium (10-20%),WRI Aqueduct 4.0,https://files.wri.org/aqueduct/aqueduct-4-0-country-rankings.zip,CC-BY-4.0,B-017_WRI Aqueduct 물 스트레스 지수.xlsx,1.1_observation(측정값),366,
B-017,WRI Aqueduct 물 스트레스 지수,observation,vnm-v121-b-017-obs-367-e621bf35a9f3f69f,B-017_bws_prov_dom_ngha_an,VNM,2023,3.206,점,,,,,,[실적치] · 등급 3 · High (40-80%),WRI Aqueduct 4.0,https://files.wri.org/aqueduct/aqueduct-4-0-country-rankings.zip,CC-BY-4.0,B-017_WRI Aqueduct 물 스트레스 지수.xlsx,1.1_observation(측정값),367,
B-017,WRI Aqueduct 물 스트레스 지수,observation,vnm-v121-b-017-obs-368-5cb62f11240d859f,B-017_bws_prov_dom_ninh_ba_nh,VNM,2023,1.4445,점,,,,,,[실적치] · 등급 1 · Low - Medium (10-20%),WRI Aqueduct 4.0,https://files.wri.org/aqueduct/aqueduct-4-0-country-rankings.zip,CC-BY-4.0,B-017_WRI Aqueduct 물 스트레스 지수.xlsx,1.1_observation(측정값),368,
B-017,WRI Aqueduct 물 스트레스 지수,observation,vnm-v121-b-017-obs-369-f63f07e99e629133,B-017_bws_prov_dom_ninh_thuao_n,VNM,2023,1.0545,점,,,,,,[실적치] · 등급 1 · Low - Medium (10-20%),WRI Aqueduct 4.0,https://files.wri.org/aqueduct/aqueduct-4-0-country-rankings.zip,CC-BY-4.0,B-017_WRI Aqueduct 물 스트레스 지수.xlsx,1.1_observation(측정값),369,
B-017,WRI Aqueduct 물 스트레스 지수,observation,vnm-v121-b-017-obs-370-37e01b980f72b041,B-017_bws_prov_dom_phao_tha,VNM,2023,0.0158,점,,,,,,[실적치] · 등급 0 · Low (<10%),WRI Aqueduct 4.0,https://files.wri.org/aqueduct/aqueduct-4-0-country-rankings.zip,CC-BY-4.0,B-017_WRI Aqueduct 물 스트레스 지수.xlsx,1.1_observation(측정값),370,
B-017,WRI Aqueduct 물 스트레스 지수,observation,vnm-v121-b-017-obs-371-05152411a8dbe569,B-017_bws_prov_dom_phao_yaan,VNM,2023,1.699,점,,,,,,[실적치] · 등급 1 · Low - Medium (10-20%),WRI Aqueduct 4.0,https://files.wri.org/aqueduct/aqueduct-4-0-country-rankings.zip,CC-BY-4.0,B-017_WRI Aqueduct 물 스트레스 지수.xlsx,1.1_observation(측정값),371,
B-017,WRI Aqueduct 물 스트레스 지수,observation,vnm-v121-b-017-obs-372-5c47658e6d931360,B-017_bws_prov_dom_quao_ng_ba_nh,VNM,2023,1.7538,점,,,,,,[실적치] · 등급 1 · Low - Medium (10-20%),WRI Aqueduct 4.0,https://files.wri.org/aqueduct/aqueduct-4-0-country-rankings.zip,CC-BY-4.0,B-017_WRI Aqueduct 물 스트레스 지수.xlsx,1.1_observation(측정값),372,
B-017,WRI Aqueduct 물 스트레스 지수,observation,vnm-v121-b-017-obs-373-698badf9a2cd89ba,B-017_bws_prov_dom_quao_ng_nam,VNM,2023,1.9974,점,,,,,,[실적치] · 등급 1 · Low - Medium (10-20%),WRI Aqueduct 4.0,https://files.wri.org/aqueduct/aqueduct-4-0-country-rankings.zip,CC-BY-4.0,B-017_WRI Aqueduct 물 스트레스 지수.xlsx,1.1_observation(측정값),373,
B-017,WRI Aqueduct 물 스트레스 지수,observation,vnm-v121-b-017-obs-374-7e924b1f9542c85f,B-017_bws_prov_dom_quao_ng_nga_i,VNM,2023,2.0126,점,,,,,,[실적치] · 등급 2 · Medium - High (20-40%),WRI Aqueduct 4.0,https://files.wri.org/aqueduct/aqueduct-4-0-country-rankings.zip,CC-BY-4.0,B-017_WRI Aqueduct 물 스트레스 지수.xlsx,1.1_observation(측정값),374,
B-017,WRI Aqueduct 물 스트레스 지수,observation,vnm-v121-b-017-obs-375-f47bcd8254512f25,B-017_bws_prov_dom_quao_ng_ninh,VNM,2023,1.8884,점,,,,,,[실적치] · 등급 1 · Low - Medium (10-20%),WRI Aqueduct 4.0,https://files.wri.org/aqueduct/aqueduct-4-0-country-rankings.zip,CC-BY-4.0,B-017_WRI Aqueduct 물 스트레스 지수.xlsx,1.1_observation(측정값),375,
B-017,WRI Aqueduct 물 스트레스 지수,observation,vnm-v121-b-017-obs-376-599cd0e88a7291da,B-017_bws_prov_dom_quao_ng_tra,VNM,2023,1.8964,점,,,,,,[실적치] · 등급 1 · Low - Medium (10-20%),WRI Aqueduct 4.0,https://files.wri.org/aqueduct/aqueduct-4-0-country-rankings.zip,CC-BY-4.0,B-017_WRI Aqueduct 물 스트레스 지수.xlsx,1.1_observation(측정값),376,
B-017,WRI Aqueduct 물 스트레스 지수,observation,vnm-v121-b-017-obs-377-d7c189006e24c634,B-017_bws_prov_dom_sa3c_tra_ng,VNM,2023,1.864,점,,,,,,[실적치] · 등급 1 · Low - Medium (10-20%),WRI Aqueduct 4.0,https://files.wri.org/aqueduct/aqueduct-4-0-country-rankings.zip,CC-BY-4.0,B-017_WRI Aqueduct 물 스트레스 지수.xlsx,1.1_observation(측정값),377,
B-017,WRI Aqueduct 물 스트레스 지수,observation,vnm-v121-b-017-obs-378-f527c7fc3a722d55,B-017_bws_prov_dom_s_n_la,VNM,2023,0.2921,점,,,,,,[실적치] · 등급 0 · Low (<10%),WRI Aqueduct 4.0,https://files.wri.org/aqueduct/aqueduct-4-0-country-rankings.zip,CC-BY-4.0,B-017_WRI Aqueduct 물 스트레스 지수.xlsx,1.1_observation(측정값),378,
B-017,WRI Aqueduct 물 스트레스 지수,observation,vnm-v121-b-017-obs-379-91fd173a5b4e1127,B-017_bws_prov_dom_thanh_ha3a,VNM,2023,2.9491,점,,,,,,[실적치] · 등급 2 · Medium - High (20-40%),WRI Aqueduct 4.0,https://files.wri.org/aqueduct/aqueduct-4-0-country-rankings.zip,CC-BY-4.0,B-017_WRI Aqueduct 물 스트레스 지수.xlsx,1.1_observation(측정값),379,
B-017,WRI Aqueduct 물 스트레스 지수,observation,vnm-v121-b-017-obs-380-465b451ecd72ed78,B-017_bws_prov_dom_tha_i_ba_nh,VNM,2023,1.4312,점,,,,,,[실적치] · 등급 1 · Low - Medium (10-20%),WRI Aqueduct 4.0,https://files.wri.org/aqueduct/aqueduct-4-0-country-rankings.zip,CC-BY-4.0,B-017_WRI Aqueduct 물 스트레스 지수.xlsx,1.1_observation(측정값),380,
B-017,WRI Aqueduct 물 스트레스 지수,observation,vnm-v121-b-017-obs-381-f44689bbdf945e13,B-017_bws_prov_dom_tha_i_nguyaan,VNM,2023,2.8058,점,,,,,,[실적치] · 등급 2 · Medium - High (20-40%),WRI Aqueduct 4.0,https://files.wri.org/aqueduct/aqueduct-4-0-country-rankings.zip,CC-BY-4.0,B-017_WRI Aqueduct 물 스트레스 지수.xlsx,1.1_observation(측정값),381,
B-017,WRI Aqueduct 물 스트레스 지수,observation,vnm-v121-b-017-obs-382-f4c8b42375df39f6,B-017_bws_prov_dom_tha_a_thiaan_huao,VNM,2023,1.8487,점,,,,,,[실적치] · 등급 1 · Low - Medium (10-20%),WRI Aqueduct 4.0,https://files.wri.org/aqueduct/aqueduct-4-0-country-rankings.zip,CC-BY-4.0,B-017_WRI Aqueduct 물 스트레스 지수.xlsx,1.1_observation(측정값),382,
B-017,WRI Aqueduct 물 스트레스 지수,observation,vnm-v121-b-017-obs-383-0e0ca6cbee5f8a72,B-017_bws_prov_dom_tia_n_giang,VNM,2023,2.8812,점,,,,,,[실적치] · 등급 2 · Medium - High (20-40%),WRI Aqueduct 4.0,https://files.wri.org/aqueduct/aqueduct-4-0-country-rankings.zip,CC-BY-4.0,B-017_WRI Aqueduct 물 스트레스 지수.xlsx,1.1_observation(측정값),383,
B-017,WRI Aqueduct 물 스트레스 지수,observation,vnm-v121-b-017-obs-384-022eb042028017c4,B-017_bws_prov_dom_tra_vinh,VNM,2023,1.864,점,,,,,,[실적치] · 등급 1 · Low - Medium (10-20%),WRI Aqueduct 4.0,https://files.wri.org/aqueduct/aqueduct-4-0-country-rankings.zip,CC-BY-4.0,B-017_WRI Aqueduct 물 스트레스 지수.xlsx,1.1_observation(측정값),384,
B-017,WRI Aqueduct 물 스트레스 지수,observation,vnm-v121-b-017-obs-385-8cb1a19dc0c69f47,B-017_bws_prov_dom_tuyaan_quang,VNM,2023,0.3289,점,,,,,,[실적치] · 등급 0 · Low (<10%),WRI Aqueduct 4.0,https://files.wri.org/aqueduct/aqueduct-4-0-country-rankings.zip,CC-BY-4.0,B-017_WRI Aqueduct 물 스트레스 지수.xlsx,1.1_observation(측정값),385,
B-017,WRI Aqueduct 물 스트레스 지수,observation,vnm-v121-b-017-obs-386-6e4581cfa2b37dd6,B-017_bws_prov_dom_ta_y_ninh,VNM,2023,3.9068,점,,,,,,[실적치] · 등급 3 · High (40-80%),WRI Aqueduct 4.0,https://files.wri.org/aqueduct/aqueduct-4-0-country-rankings.zip,CC-BY-4.0,B-017_WRI Aqueduct 물 스트레스 지수.xlsx,1.1_observation(측정값),386,
B-017,WRI Aqueduct 물 스트레스 지수,observation,vnm-v121-b-017-obs-387-b07601951e8b1aed,B-017_bws_prov_dom_va_nh_long,VNM,2023,1.864,점,,,,,,[실적치] · 등급 1 · Low - Medium (10-20%),WRI Aqueduct 4.0,https://files.wri.org/aqueduct/aqueduct-4-0-country-rankings.zip,CC-BY-4.0,B-017_WRI Aqueduct 물 스트레스 지수.xlsx,1.1_observation(측정값),387,
B-017,WRI Aqueduct 물 스트레스 지수,observation,vnm-v121-b-017-obs-388-60b4a6114bae0373,B-017_bws_prov_dom_va_nh_phaoc,VNM,2023,1.5755,점,,,,,,[실적치] · 등급 1 · Low - Medium (10-20%),WRI Aqueduct 4.0,https://files.wri.org/aqueduct/aqueduct-4-0-country-rankings.zip,CC-BY-4.0,B-017_WRI Aqueduct 물 스트레스 지수.xlsx,1.1_observation(측정값),388,
B-017,WRI Aqueduct 물 스트레스 지수,observation,vnm-v121-b-017-obs-389-ee8381d2c60df8e8,B-017_bws_prov_dom_yaan_ba_i,VNM,2023,0.0639,점,,,,,,[실적치] · 등급 0 · Low (<10%),WRI Aqueduct 4.0,https://files.wri.org/aqueduct/aqueduct-4-0-country-rankings.zip,CC-BY-4.0,B-017_WRI Aqueduct 물 스트레스 지수.xlsx,1.1_observation(측정값),389,
B-017,WRI Aqueduct 물 스트레스 지수,observation,vnm-v121-b-017-obs-390-65a75831dd2c1c22,B-017_bws_prov_dom_a_ia_n_biaan,VNM,2023,0.8077,점,,,,,,[실적치] · 등급 0 · Low (<10%),WRI Aqueduct 4.0,https://files.wri.org/aqueduct/aqueduct-4-0-country-rankings.zip,CC-BY-4.0,B-017_WRI Aqueduct 물 스트레스 지수.xlsx,1.1_observation(측정값),390,
B-017,WRI Aqueduct 물 스트레스 지수,observation,vnm-v121-b-017-obs-391-ea09cc518365606a,B-017_bws_prov_dom_a_a_nao_ng,VNM,2023,1.8972,점,,,,,,[실적치] · 등급 1 · Low - Medium (10-20%),WRI Aqueduct 4.0,https://files.wri.org/aqueduct/aqueduct-4-0-country-rankings.zip,CC-BY-4.0,B-017_WRI Aqueduct 물 스트레스 지수.xlsx,1.1_observation(측정값),391,
B-017,WRI Aqueduct 물 스트레스 지수,observation,vnm-v121-b-017-obs-392-99ad2b77dec703ed,B-017_bws_prov_dom_a_ao_k_lao_k,VNM,2023,0.2479,점,,,,,,[실적치] · 등급 0 · Low (<10%),WRI Aqueduct 4.0,https://files.wri.org/aqueduct/aqueduct-4-0-country-rankings.zip,CC-BY-4.0,B-017_WRI Aqueduct 물 스트레스 지수.xlsx,1.1_observation(측정값),392,
B-017,WRI Aqueduct 물 스트레스 지수,observation,vnm-v121-b-017-obs-393-b8fbd8b5ad7858e2,B-017_bws_prov_dom_a_ao_k_na_ng,VNM,2023,0.5392,점,,,,,,[실적치] · 등급 0 · Low (<10%),WRI Aqueduct 4.0,https://files.wri.org/aqueduct/aqueduct-4-0-country-rankings.zip,CC-BY-4.0,B-017_WRI Aqueduct 물 스트레스 지수.xlsx,1.1_observation(측정값),393,
B-017,WRI Aqueduct 물 스트레스 지수,observation,vnm-v121-b-017-obs-394-7b508072061d184e,B-017_bws_prov_dom_a_a_ng_nai,VNM,2023,1.5381,점,,,,,,[실적치] · 등급 1 · Low - Medium (10-20%),WRI Aqueduct 4.0,https://files.wri.org/aqueduct/aqueduct-4-0-country-rankings.zip,CC-BY-4.0,B-017_WRI Aqueduct 물 스트레스 지수.xlsx,1.1_observation(측정값),394,
B-017,WRI Aqueduct 물 스트레스 지수,observation,vnm-v121-b-017-obs-395-1916de5979b48d2d,B-017_bws_prov_dom_a_a_ng_tha_p,VNM,2023,2.6744,점,,,,,,[실적치] · 등급 2 · Medium - High (20-40%),WRI Aqueduct 4.0,https://files.wri.org/aqueduct/aqueduct-4-0-country-rankings.zip,CC-BY-4.0,B-017_WRI Aqueduct 물 스트레스 지수.xlsx,1.1_observation(측정값),395,
B-017,WRI Aqueduct 물 스트레스 지수,observation,vnm-v121-b-017-obs-396-9a1db74069ca0633,B-017_bws_prov_ind_an_giang,VNM,2023,1.864,점,,,,,,[실적치] · 등급 1 · Low - Medium (10-20%),WRI Aqueduct 4.0,https://files.wri.org/aqueduct/aqueduct-4-0-country-rankings.zip,CC-BY-4.0,B-017_WRI Aqueduct 물 스트레스 지수.xlsx,1.1_observation(측정값),396,
B-017,WRI Aqueduct 물 스트레스 지수,observation,vnm-v121-b-017-obs-397-84e26978ba250978,B-017_bws_prov_ind_ba_ra_a_va_ng_ta_u,VNM,2023,1.0545,점,,,,,,[실적치] · 등급 1 · Low - Medium (10-20%),WRI Aqueduct 4.0,https://files.wri.org/aqueduct/aqueduct-4-0-country-rankings.zip,CC-BY-4.0,B-017_WRI Aqueduct 물 스트레스 지수.xlsx,1.1_observation(측정값),397,
B-017,WRI Aqueduct 물 스트레스 지수,observation,vnm-v121-b-017-obs-398-e53f3210303a1a60,B-017_bws_prov_ind_ba_nh_d_ng,VNM,2023,1.6962,점,,,,,,[실적치] · 등급 1 · Low - Medium (10-20%),WRI Aqueduct 4.0,https://files.wri.org/aqueduct/aqueduct-4-0-country-rankings.zip,CC-BY-4.0,B-017_WRI Aqueduct 물 스트레스 지수.xlsx,1.1_observation(측정값),398,
B-017,WRI Aqueduct 물 스트레스 지수,observation,vnm-v121-b-017-obs-399-ea3aae51b6ef22d5,B-017_bws_prov_ind_ba_nh_ph_a_c,VNM,2023,1.6415,점,,,,,,[실적치] · 등급 1 · Low - Medium (10-20%),WRI Aqueduct 4.0,https://files.wri.org/aqueduct/aqueduct-4-0-country-rankings.zip,CC-BY-4.0,B-017_WRI Aqueduct 물 스트레스 지수.xlsx,1.1_observation(측정값),399,
B-017,WRI Aqueduct 물 스트레스 지수,observation,vnm-v121-b-017-obs-400-0d4d26029f340bd4,B-017_bws_prov_ind_ba_nh_thuao_n,VNM,2023,1.0878,점,,,,,,[실적치] · 등급 1 · Low - Medium (10-20%),WRI Aqueduct 4.0,https://files.wri.org/aqueduct/aqueduct-4-0-country-rankings.zip,CC-BY-4.0,B-017_WRI Aqueduct 물 스트레스 지수.xlsx,1.1_observation(측정값),400,
B-017,WRI Aqueduct 물 스트레스 지수,observation,vnm-v121-b-017-obs-401-7e49a45a320e324a,B-017_bws_prov_ind_ba_nh_a_a_nh,VNM,2023,2.4965,점,,,,,,[실적치] · 등급 2 · Medium - High (20-40%),WRI Aqueduct 4.0,https://files.wri.org/aqueduct/aqueduct-4-0-country-rankings.zip,CC-BY-4.0,B-017_WRI Aqueduct 물 스트레스 지수.xlsx,1.1_observation(측정값),401,
B-017,WRI Aqueduct 물 스트레스 지수,observation,vnm-v121-b-017-obs-402-8a41a61fe581f778,B-017_bws_prov_ind_bao_c_liaau,VNM,2023,1.864,점,,,,,,[실적치] · 등급 1 · Low - Medium (10-20%),WRI Aqueduct 4.0,https://files.wri.org/aqueduct/aqueduct-4-0-country-rankings.zip,CC-BY-4.0,B-017_WRI Aqueduct 물 스트레스 지수.xlsx,1.1_observation(측정값),402,
B-017,WRI Aqueduct 물 스트레스 지수,observation,vnm-v121-b-017-obs-403-43ab0f5005371da7,B-017_bws_prov_ind_bao_c_giang,VNM,2023,2.8058,점,,,,,,[실적치] · 등급 2 · Medium - High (20-40%),WRI Aqueduct 4.0,https://files.wri.org/aqueduct/aqueduct-4-0-country-rankings.zip,CC-BY-4.0,B-017_WRI Aqueduct 물 스트레스 지수.xlsx,1.1_observation(측정값),403,
B-017,WRI Aqueduct 물 스트레스 지수,observation,vnm-v121-b-017-obs-404-4d7e71607344a0f7,B-017_bws_prov_ind_bao_c_kao_n,VNM,2023,2.5562,점,,,,,,[실적치] · 등급 2 · Medium - High (20-40%),WRI Aqueduct 4.0,https://files.wri.org/aqueduct/aqueduct-4-0-country-rankings.zip,CC-BY-4.0,B-017_WRI Aqueduct 물 스트레스 지수.xlsx,1.1_observation(측정값),404,
B-017,WRI Aqueduct 물 스트레스 지수,observation,vnm-v121-b-017-obs-405-315377558b9acd49,B-017_bws_prov_ind_bao_c_ninh,VNM,2023,2.8058,점,,,,,,[실적치] · 등급 2 · Medium - High (20-40%),WRI Aqueduct 4.0,https://files.wri.org/aqueduct/aqueduct-4-0-country-rankings.zip,CC-BY-4.0,B-017_WRI Aqueduct 물 스트레스 지수.xlsx,1.1_observation(측정값),405,
B-017,WRI Aqueduct 물 스트레스 지수,observation,vnm-v121-b-017-obs-406-fa037c22020e9998,B-017_bws_prov_ind_bao_n_tre,VNM,2023,1.864,점,,,,,,[실적치] · 등급 1 · Low - Medium (10-20%),WRI Aqueduct 4.0,https://files.wri.org/aqueduct/aqueduct-4-0-country-rankings.zip,CC-BY-4.0,B-017_WRI Aqueduct 물 스트레스 지수.xlsx,1.1_observation(측정값),406,
B-017,WRI Aqueduct 물 스트레스 지수,observation,vnm-v121-b-017-obs-407-37eed6d00a62f82c,B-017_bws_prov_ind_cao_bao_ng,VNM,2023,1.0959,점,,,,,,[실적치] · 등급 1 · Low - Medium (10-20%),WRI Aqueduct 4.0,https://files.wri.org/aqueduct/aqueduct-4-0-country-rankings.zip,CC-BY-4.0,B-017_WRI Aqueduct 물 스트레스 지수.xlsx,1.1_observation(측정값),407,
B-017,WRI Aqueduct 물 스트레스 지수,observation,vnm-v121-b-017-obs-408-b24ded3602161f0b,B-017_bws_prov_ind_ca_mau,VNM,2023,1.864,점,,,,,,[실적치] · 등급 1 · Low - Medium (10-20%),WRI Aqueduct 4.0,https://files.wri.org/aqueduct/aqueduct-4-0-country-rankings.zip,CC-BY-4.0,B-017_WRI Aqueduct 물 스트레스 지수.xlsx,1.1_observation(측정값),408,
B-017,WRI Aqueduct 물 스트레스 지수,observation,vnm-v121-b-017-obs-409-b3b25d15972d2c7f,B-017_bws_prov_ind_cao_n_th,VNM,2023,1.864,점,,,,,,[실적치] · 등급 1 · Low - Medium (10-20%),WRI Aqueduct 4.0,https://files.wri.org/aqueduct/aqueduct-4-0-country-rankings.zip,CC-BY-4.0,B-017_WRI Aqueduct 물 스트레스 지수.xlsx,1.1_observation(측정값),409,
B-017,WRI Aqueduct 물 스트레스 지수,observation,vnm-v121-b-017-obs-410-35beeba62adf40b6,B-017_bws_prov_ind_gia_lai,VNM,2023,0.2998,점,,,,,,[실적치] · 등급 0 · Low (<10%),WRI Aqueduct 4.0,https://files.wri.org/aqueduct/aqueduct-4-0-country-rankings.zip,CC-BY-4.0,B-017_WRI Aqueduct 물 스트레스 지수.xlsx,1.1_observation(측정값),410,
B-017,WRI Aqueduct 물 스트레스 지수,observation,vnm-v121-b-017-obs-411-0865665d7ce6d2b7,B-017_bws_prov_ind_hoa_ba_nh,VNM,2023,0.9029,점,,,,,,[실적치] · 등급 0 · Low (<10%),WRI Aqueduct 4.0,https://files.wri.org/aqueduct/aqueduct-4-0-country-rankings.zip,CC-BY-4.0,B-017_WRI Aqueduct 물 스트레스 지수.xlsx,1.1_observation(측정값),411,
B-017,WRI Aqueduct 물 스트레스 지수,observation,vnm-v121-b-017-obs-412-3ba01d908099903e,B-017_bws_prov_ind_ha_giang,VNM,2023,0.0044,점,,,,,,[실적치] · 등급 0 · Low (<10%),WRI Aqueduct 4.0,https://files.wri.org/aqueduct/aqueduct-4-0-country-rankings.zip,CC-BY-4.0,B-017_WRI Aqueduct 물 스트레스 지수.xlsx,1.1_observation(측정값),412,
B-017,WRI Aqueduct 물 스트레스 지수,observation,vnm-v121-b-017-obs-413-c568e32832830b88,B-017_bws_prov_ind_ha_nam,VNM,2023,1.4312,점,,,,,,[실적치] · 등급 1 · Low - Medium (10-20%),WRI Aqueduct 4.0,https://files.wri.org/aqueduct/aqueduct-4-0-country-rankings.zip,CC-BY-4.0,B-017_WRI Aqueduct 물 스트레스 지수.xlsx,1.1_observation(측정값),413,
B-017,WRI Aqueduct 물 스트레스 지수,observation,vnm-v121-b-017-obs-414-d02fa98c361c429c,B-017_bws_prov_ind_ha_na_tmi,VNM,2023,1.7099,점,,,,,,[실적치] · 등급 1 · Low - Medium (10-20%),WRI Aqueduct 4.0,https://files.wri.org/aqueduct/aqueduct-4-0-country-rankings.zip,CC-BY-4.0,B-017_WRI Aqueduct 물 스트레스 지수.xlsx,1.1_observation(측정값),414,
B-017,WRI Aqueduct 물 스트레스 지수,observation,vnm-v121-b-017-obs-415-82caaefb7751011c,B-017_bws_prov_ind_ha_ta_nh,VNM,2023,2.2685,점,,,,,,[실적치] · 등급 2 · Medium - High (20-40%),WRI Aqueduct 4.0,https://files.wri.org/aqueduct/aqueduct-4-0-country-rankings.zip,CC-BY-4.0,B-017_WRI Aqueduct 물 스트레스 지수.xlsx,1.1_observation(측정값),415,
B-017,WRI Aqueduct 물 스트레스 지수,observation,vnm-v121-b-017-obs-416-66d77e43a98a6a8a,B-017_bws_prov_ind_h_ng_yaan,VNM,2023,1.4312,점,,,,,,[실적치] · 등급 1 · Low - Medium (10-20%),WRI Aqueduct 4.0,https://files.wri.org/aqueduct/aqueduct-4-0-country-rankings.zip,CC-BY-4.0,B-017_WRI Aqueduct 물 스트레스 지수.xlsx,1.1_observation(측정값),416,
B-017,WRI Aqueduct 물 스트레스 지수,observation,vnm-v121-b-017-obs-417-62da56632278d70c,B-017_bws_prov_ind_hao_i_d_ng,VNM,2023,2.0571,점,,,,,,[실적치] · 등급 2 · Medium - High (20-40%),WRI Aqueduct 4.0,https://files.wri.org/aqueduct/aqueduct-4-0-country-rankings.zip,CC-BY-4.0,B-017_WRI Aqueduct 물 스트레스 지수.xlsx,1.1_observation(측정값),417,
B-017,WRI Aqueduct 물 스트레스 지수,observation,vnm-v121-b-017-obs-418-baf7e52e4b538f8b,B-017_bws_prov_ind_hao_i_pha2ng,VNM,2023,1.8984,점,,,,,,[실적치] · 등급 1 · Low - Medium (10-20%),WRI Aqueduct 4.0,https://files.wri.org/aqueduct/aqueduct-4-0-country-rankings.zip,CC-BY-4.0,B-017_WRI Aqueduct 물 스트레스 지수.xlsx,1.1_observation(측정값),418,
B-017,WRI Aqueduct 물 스트레스 지수,observation,vnm-v121-b-017-obs-419-a87b23080c3933d9,B-017_bws_prov_ind_hao_u_giang,VNM,2023,1.864,점,,,,,,[실적치] · 등급 1 · Low - Medium (10-20%),WRI Aqueduct 4.0,https://files.wri.org/aqueduct/aqueduct-4-0-country-rankings.zip,CC-BY-4.0,B-017_WRI Aqueduct 물 스트레스 지수.xlsx,1.1_observation(측정값),419,
B-017,WRI Aqueduct 물 스트레스 지수,observation,vnm-v121-b-017-obs-420-4ac268fb0155708e,B-017_bws_prov_ind_ha_cha_minh,VNM,2023,1.6807,점,,,,,,[실적치] · 등급 1 · Low - Medium (10-20%),WRI Aqueduct 4.0,https://files.wri.org/aqueduct/aqueduct-4-0-country-rankings.zip,CC-BY-4.0,B-017_WRI Aqueduct 물 스트레스 지수.xlsx,1.1_observation(측정값),420,
B-017,WRI Aqueduct 물 스트레스 지수,observation,vnm-v121-b-017-obs-421-cd56e3c7a7c28d6a,B-017_bws_prov_ind_kha_nh_ha2a,VNM,2023,1.0545,점,,,,,,[실적치] · 등급 1 · Low - Medium (10-20%),WRI Aqueduct 4.0,https://files.wri.org/aqueduct/aqueduct-4-0-country-rankings.zip,CC-BY-4.0,B-017_WRI Aqueduct 물 스트레스 지수.xlsx,1.1_observation(측정값),421,
B-017,WRI Aqueduct 물 스트레스 지수,observation,vnm-v121-b-017-obs-422-fff109918f3b125f,B-017_bws_prov_ind_kiaan_giang,VNM,2023,1.8604,점,,,,,,[실적치] · 등급 1 · Low - Medium (10-20%),WRI Aqueduct 4.0,https://files.wri.org/aqueduct/aqueduct-4-0-country-rankings.zip,CC-BY-4.0,B-017_WRI Aqueduct 물 스트레스 지수.xlsx,1.1_observation(측정값),422,
B-017,WRI Aqueduct 물 스트레스 지수,observation,vnm-v121-b-017-obs-423-0bc18b77227f970e,B-017_bws_prov_ind_kon_tum,VNM,2023,0.004,점,,,,,,[실적치] · 등급 0 · Low (<10%),WRI Aqueduct 4.0,https://files.wri.org/aqueduct/aqueduct-4-0-country-rankings.zip,CC-BY-4.0,B-017_WRI Aqueduct 물 스트레스 지수.xlsx,1.1_observation(측정값),423,
B-017,WRI Aqueduct 물 스트레스 지수,observation,vnm-v121-b-017-obs-424-24fea9c8649064e3,B-017_bws_prov_ind_lai_cha_u,VNM,2023,0.13,점,,,,,,[실적치] · 등급 0 · Low (<10%),WRI Aqueduct 4.0,https://files.wri.org/aqueduct/aqueduct-4-0-country-rankings.zip,CC-BY-4.0,B-017_WRI Aqueduct 물 스트레스 지수.xlsx,1.1_observation(측정값),424,
B-017,WRI Aqueduct 물 스트레스 지수,observation,vnm-v121-b-017-obs-425-2b6645ebef6113d7,B-017_bws_prov_ind_long_an,VNM,2023,4.0307,점,,,,,,[실적치] · 등급 4 · Extremely High (>80%),WRI Aqueduct 4.0,https://files.wri.org/aqueduct/aqueduct-4-0-country-rankings.zip,CC-BY-4.0,B-017_WRI Aqueduct 물 스트레스 지수.xlsx,1.1_observation(측정값),425,
B-017,WRI Aqueduct 물 스트레스 지수,observation,vnm-v121-b-017-obs-426-75cbaca461f5a573,B-017_bws_prov_ind_la_o_cai,VNM,2023,0.0551,점,,,,,,[실적치] · 등급 0 · Low (<10%),WRI Aqueduct 4.0,https://files.wri.org/aqueduct/aqueduct-4-0-country-rankings.zip,CC-BY-4.0,B-017_WRI Aqueduct 물 스트레스 지수.xlsx,1.1_observation(측정값),426,
B-017,WRI Aqueduct 물 스트레스 지수,observation,vnm-v121-b-017-obs-427-77e0aa3a66f0efc1,B-017_bws_prov_ind_la_m_a_a_ng,VNM,2023,1.6934,점,,,,,,[실적치] · 등급 1 · Low - Medium (10-20%),WRI Aqueduct 4.0,https://files.wri.org/aqueduct/aqueduct-4-0-country-rankings.zip,CC-BY-4.0,B-017_WRI Aqueduct 물 스트레스 지수.xlsx,1.1_observation(측정값),427,
B-017,WRI Aqueduct 물 스트레스 지수,observation,vnm-v121-b-017-obs-428-3697065381799ef4,B-017_bws_prov_ind_lao_ng_s_n,VNM,2023,1.6766,점,,,,,,[실적치] · 등급 1 · Low - Medium (10-20%),WRI Aqueduct 4.0,https://files.wri.org/aqueduct/aqueduct-4-0-country-rankings.zip,CC-BY-4.0,B-017_WRI Aqueduct 물 스트레스 지수.xlsx,1.1_observation(측정값),428,
B-017,WRI Aqueduct 물 스트레스 지수,observation,vnm-v121-b-017-obs-429-524a76fce42db527,B-017_bws_prov_ind_nam_a_a_nh,VNM,2023,1.4312,점,,,,,,[실적치] · 등급 1 · Low - Medium (10-20%),WRI Aqueduct 4.0,https://files.wri.org/aqueduct/aqueduct-4-0-country-rankings.zip,CC-BY-4.0,B-017_WRI Aqueduct 물 스트레스 지수.xlsx,1.1_observation(측정값),429,
B-017,WRI Aqueduct 물 스트레스 지수,observation,vnm-v121-b-017-obs-430-80c3ed96e0bca528,B-017_bws_prov_ind_ngha_an,VNM,2023,3.5059,점,,,,,,[실적치] · 등급 3 · High (40-80%),WRI Aqueduct 4.0,https://files.wri.org/aqueduct/aqueduct-4-0-country-rankings.zip,CC-BY-4.0,B-017_WRI Aqueduct 물 스트레스 지수.xlsx,1.1_observation(측정값),430,
B-017,WRI Aqueduct 물 스트레스 지수,observation,vnm-v121-b-017-obs-431-36b5e05ba4b3885d,B-017_bws_prov_ind_ninh_ba_nh,VNM,2023,1.4347,점,,,,,,[실적치] · 등급 1 · Low - Medium (10-20%),WRI Aqueduct 4.0,https://files.wri.org/aqueduct/aqueduct-4-0-country-rankings.zip,CC-BY-4.0,B-017_WRI Aqueduct 물 스트레스 지수.xlsx,1.1_observation(측정값),431,
B-017,WRI Aqueduct 물 스트레스 지수,observation,vnm-v121-b-017-obs-432-2fc97bd97f668b79,B-017_bws_prov_ind_ninh_thuao_n,VNM,2023,1.0545,점,,,,,,[실적치] · 등급 1 · Low - Medium (10-20%),WRI Aqueduct 4.0,https://files.wri.org/aqueduct/aqueduct-4-0-country-rankings.zip,CC-BY-4.0,B-017_WRI Aqueduct 물 스트레스 지수.xlsx,1.1_observation(측정값),432,
B-017,WRI Aqueduct 물 스트레스 지수,observation,vnm-v121-b-017-obs-433-163829dfd02a1535,B-017_bws_prov_ind_phao_tha,VNM,2023,0.0099,점,,,,,,[실적치] · 등급 0 · Low (<10%),WRI Aqueduct 4.0,https://files.wri.org/aqueduct/aqueduct-4-0-country-rankings.zip,CC-BY-4.0,B-017_WRI Aqueduct 물 스트레스 지수.xlsx,1.1_observation(측정값),433,
B-017,WRI Aqueduct 물 스트레스 지수,observation,vnm-v121-b-017-obs-434-4a021aeb4feb7847,B-017_bws_prov_ind_phao_yaan,VNM,2023,1.9083,점,,,,,,[실적치] · 등급 1 · Low - Medium (10-20%),WRI Aqueduct 4.0,https://files.wri.org/aqueduct/aqueduct-4-0-country-rankings.zip,CC-BY-4.0,B-017_WRI Aqueduct 물 스트레스 지수.xlsx,1.1_observation(측정값),434,
B-017,WRI Aqueduct 물 스트레스 지수,observation,vnm-v121-b-017-obs-435-00832a4e6c1c56db,B-017_bws_prov_ind_quao_ng_ba_nh,VNM,2023,1.8584,점,,,,,,[실적치] · 등급 1 · Low - Medium (10-20%),WRI Aqueduct 4.0,https://files.wri.org/aqueduct/aqueduct-4-0-country-rankings.zip,CC-BY-4.0,B-017_WRI Aqueduct 물 스트레스 지수.xlsx,1.1_observation(측정값),435,
B-017,WRI Aqueduct 물 스트레스 지수,observation,vnm-v121-b-017-obs-436-db24e0f68d970650,B-017_bws_prov_ind_quao_ng_nam,VNM,2023,1.8814,점,,,,,,[실적치] · 등급 1 · Low - Medium (10-20%),WRI Aqueduct 4.0,https://files.wri.org/aqueduct/aqueduct-4-0-country-rankings.zip,CC-BY-4.0,B-017_WRI Aqueduct 물 스트레스 지수.xlsx,1.1_observation(측정값),436,
B-017,WRI Aqueduct 물 스트레스 지수,observation,vnm-v121-b-017-obs-437-e62f4e0b340cff49,B-017_bws_prov_ind_quao_ng_nga_i,VNM,2023,1.8914,점,,,,,,[실적치] · 등급 1 · Low - Medium (10-20%),WRI Aqueduct 4.0,https://files.wri.org/aqueduct/aqueduct-4-0-country-rankings.zip,CC-BY-4.0,B-017_WRI Aqueduct 물 스트레스 지수.xlsx,1.1_observation(측정값),437,
B-017,WRI Aqueduct 물 스트레스 지수,observation,vnm-v121-b-017-obs-438-4d39e14272018983,B-017_bws_prov_ind_quao_ng_ninh,VNM,2023,1.8884,점,,,,,,[실적치] · 등급 1 · Low - Medium (10-20%),WRI Aqueduct 4.0,https://files.wri.org/aqueduct/aqueduct-4-0-country-rankings.zip,CC-BY-4.0,B-017_WRI Aqueduct 물 스트레스 지수.xlsx,1.1_observation(측정값),438,
B-017,WRI Aqueduct 물 스트레스 지수,observation,vnm-v121-b-017-obs-439-94fb5191cba400fe,B-017_bws_prov_ind_quao_ng_tra,VNM,2023,1.8919,점,,,,,,[실적치] · 등급 1 · Low - Medium (10-20%),WRI Aqueduct 4.0,https://files.wri.org/aqueduct/aqueduct-4-0-country-rankings.zip,CC-BY-4.0,B-017_WRI Aqueduct 물 스트레스 지수.xlsx,1.1_observation(측정값),439,
B-017,WRI Aqueduct 물 스트레스 지수,observation,vnm-v121-b-017-obs-440-c1fa0dbe27a20235,B-017_bws_prov_ind_sa3c_tra_ng,VNM,2023,1.864,점,,,,,,[실적치] · 등급 1 · Low - Medium (10-20%),WRI Aqueduct 4.0,https://files.wri.org/aqueduct/aqueduct-4-0-country-rankings.zip,CC-BY-4.0,B-017_WRI Aqueduct 물 스트레스 지수.xlsx,1.1_observation(측정값),440,
B-017,WRI Aqueduct 물 스트레스 지수,observation,vnm-v121-b-017-obs-441-5d59db470e64dcb4,B-017_bws_prov_ind_s_n_la,VNM,2023,0.0791,점,,,,,,[실적치] · 등급 0 · Low (<10%),WRI Aqueduct 4.0,https://files.wri.org/aqueduct/aqueduct-4-0-country-rankings.zip,CC-BY-4.0,B-017_WRI Aqueduct 물 스트레스 지수.xlsx,1.1_observation(측정값),441,
B-017,WRI Aqueduct 물 스트레스 지수,observation,vnm-v121-b-017-obs-442-d45a19e20dce7b25,B-017_bws_prov_ind_thanh_ha3a,VNM,2023,2.8606,점,,,,,,[실적치] · 등급 2 · Medium - High (20-40%),WRI Aqueduct 4.0,https://files.wri.org/aqueduct/aqueduct-4-0-country-rankings.zip,CC-BY-4.0,B-017_WRI Aqueduct 물 스트레스 지수.xlsx,1.1_observation(측정값),442,
B-017,WRI Aqueduct 물 스트레스 지수,observation,vnm-v121-b-017-obs-443-e4702049f9fd8ec9,B-017_bws_prov_ind_tha_i_ba_nh,VNM,2023,1.4312,점,,,,,,[실적치] · 등급 1 · Low - Medium (10-20%),WRI Aqueduct 4.0,https://files.wri.org/aqueduct/aqueduct-4-0-country-rankings.zip,CC-BY-4.0,B-017_WRI Aqueduct 물 스트레스 지수.xlsx,1.1_observation(측정값),443,
B-017,WRI Aqueduct 물 스트레스 지수,observation,vnm-v121-b-017-obs-444-b392263e57a5af9d,B-017_bws_prov_ind_tha_i_nguyaan,VNM,2023,2.8058,점,,,,,,[실적치] · 등급 2 · Medium - High (20-40%),WRI Aqueduct 4.0,https://files.wri.org/aqueduct/aqueduct-4-0-country-rankings.zip,CC-BY-4.0,B-017_WRI Aqueduct 물 스트레스 지수.xlsx,1.1_observation(측정값),444,
B-017,WRI Aqueduct 물 스트레스 지수,observation,vnm-v121-b-017-obs-445-0b584764a35380f7,B-017_bws_prov_ind_tha_a_thiaan_huao,VNM,2023,1.8955,점,,,,,,[실적치] · 등급 1 · Low - Medium (10-20%),WRI Aqueduct 4.0,https://files.wri.org/aqueduct/aqueduct-4-0-country-rankings.zip,CC-BY-4.0,B-017_WRI Aqueduct 물 스트레스 지수.xlsx,1.1_observation(측정값),445,
B-017,WRI Aqueduct 물 스트레스 지수,observation,vnm-v121-b-017-obs-446-f51febbfbb7dd330,B-017_bws_prov_ind_tia_n_giang,VNM,2023,3.0039,점,,,,,,[실적치] · 등급 3 · High (40-80%),WRI Aqueduct 4.0,https://files.wri.org/aqueduct/aqueduct-4-0-country-rankings.zip,CC-BY-4.0,B-017_WRI Aqueduct 물 스트레스 지수.xlsx,1.1_observation(측정값),446,
B-017,WRI Aqueduct 물 스트레스 지수,observation,vnm-v121-b-017-obs-447-ff61edc768f8a649,B-017_bws_prov_ind_tra_vinh,VNM,2023,1.864,점,,,,,,[실적치] · 등급 1 · Low - Medium (10-20%),WRI Aqueduct 4.0,https://files.wri.org/aqueduct/aqueduct-4-0-country-rankings.zip,CC-BY-4.0,B-017_WRI Aqueduct 물 스트레스 지수.xlsx,1.1_observation(측정값),447,
B-017,WRI Aqueduct 물 스트레스 지수,observation,vnm-v121-b-017-obs-448-0315f072bb007ff8,B-017_bws_prov_ind_tuyaan_quang,VNM,2023,0.1853,점,,,,,,[실적치] · 등급 0 · Low (<10%),WRI Aqueduct 4.0,https://files.wri.org/aqueduct/aqueduct-4-0-country-rankings.zip,CC-BY-4.0,B-017_WRI Aqueduct 물 스트레스 지수.xlsx,1.1_observation(측정값),448,
B-017,WRI Aqueduct 물 스트레스 지수,observation,vnm-v121-b-017-obs-449-b741ea967a768605,B-017_bws_prov_ind_ta_y_ninh,VNM,2023,3.9946,점,,,,,,[실적치] · 등급 3 · High (40-80%),WRI Aqueduct 4.0,https://files.wri.org/aqueduct/aqueduct-4-0-country-rankings.zip,CC-BY-4.0,B-017_WRI Aqueduct 물 스트레스 지수.xlsx,1.1_observation(측정값),449,
B-017,WRI Aqueduct 물 스트레스 지수,observation,vnm-v121-b-017-obs-450-511db1b076a688a2,B-017_bws_prov_ind_va_nh_long,VNM,2023,1.864,점,,,,,,[실적치] · 등급 1 · Low - Medium (10-20%),WRI Aqueduct 4.0,https://files.wri.org/aqueduct/aqueduct-4-0-country-rankings.zip,CC-BY-4.0,B-017_WRI Aqueduct 물 스트레스 지수.xlsx,1.1_observation(측정값),450,
B-017,WRI Aqueduct 물 스트레스 지수,observation,vnm-v121-b-017-obs-451-ab8858419faed855,B-017_bws_prov_ind_va_nh_phaoc,VNM,2023,1.6146,점,,,,,,[실적치] · 등급 1 · Low - Medium (10-20%),WRI Aqueduct 4.0,https://files.wri.org/aqueduct/aqueduct-4-0-country-rankings.zip,CC-BY-4.0,B-017_WRI Aqueduct 물 스트레스 지수.xlsx,1.1_observation(측정값),451,
B-017,WRI Aqueduct 물 스트레스 지수,observation,vnm-v121-b-017-obs-452-0a42ab5296ef533d,B-017_bws_prov_ind_yaan_ba_i,VNM,2023,0.0479,점,,,,,,[실적치] · 등급 0 · Low (<10%),WRI Aqueduct 4.0,https://files.wri.org/aqueduct/aqueduct-4-0-country-rankings.zip,CC-BY-4.0,B-017_WRI Aqueduct 물 스트레스 지수.xlsx,1.1_observation(측정값),452,
B-017,WRI Aqueduct 물 스트레스 지수,observation,vnm-v121-b-017-obs-453-0fe8c0b0490cf74d,B-017_bws_prov_ind_a_ia_n_biaan,VNM,2023,0.4004,점,,,,,,[실적치] · 등급 0 · Low (<10%),WRI Aqueduct 4.0,https://files.wri.org/aqueduct/aqueduct-4-0-country-rankings.zip,CC-BY-4.0,B-017_WRI Aqueduct 물 스트레스 지수.xlsx,1.1_observation(측정값),453,
B-017,WRI Aqueduct 물 스트레스 지수,observation,vnm-v121-b-017-obs-454-4030738313d22865,B-017_bws_prov_ind_a_a_nao_ng,VNM,2023,1.8972,점,,,,,,[실적치] · 등급 1 · Low - Medium (10-20%),WRI Aqueduct 4.0,https://files.wri.org/aqueduct/aqueduct-4-0-country-rankings.zip,CC-BY-4.0,B-017_WRI Aqueduct 물 스트레스 지수.xlsx,1.1_observation(측정값),454,
B-017,WRI Aqueduct 물 스트레스 지수,observation,vnm-v121-b-017-obs-455-a56e03254f105052,B-017_bws_prov_ind_a_ao_k_lao_k,VNM,2023,0.1799,점,,,,,,[실적치] · 등급 0 · Low (<10%),WRI Aqueduct 4.0,https://files.wri.org/aqueduct/aqueduct-4-0-country-rankings.zip,CC-BY-4.0,B-017_WRI Aqueduct 물 스트레스 지수.xlsx,1.1_observation(측정값),455,
B-017,WRI Aqueduct 물 스트레스 지수,observation,vnm-v121-b-017-obs-456-08fbbbd652254c54,B-017_bws_prov_ind_a_ao_k_na_ng,VNM,2023,0.2208,점,,,,,,[실적치] · 등급 0 · Low (<10%),WRI Aqueduct 4.0,https://files.wri.org/aqueduct/aqueduct-4-0-country-rankings.zip,CC-BY-4.0,B-017_WRI Aqueduct 물 스트레스 지수.xlsx,1.1_observation(측정값),456,
B-017,WRI Aqueduct 물 스트레스 지수,observation,vnm-v121-b-017-obs-457-9c43c64a61a88a06,B-017_bws_prov_ind_a_a_ng_nai,VNM,2023,1.5303,점,,,,,,[실적치] · 등급 1 · Low - Medium (10-20%),WRI Aqueduct 4.0,https://files.wri.org/aqueduct/aqueduct-4-0-country-rankings.zip,CC-BY-4.0,B-017_WRI Aqueduct 물 스트레스 지수.xlsx,1.1_observation(측정값),457,
B-017,WRI Aqueduct 물 스트레스 지수,observation,vnm-v121-b-017-obs-458-ba9b19696e0ce63e,B-017_bws_prov_ind_a_a_ng_tha_p,VNM,2023,2.2815,점,,,,,,[실적치] · 등급 2 · Medium - High (20-40%),WRI Aqueduct 4.0,https://files.wri.org/aqueduct/aqueduct-4-0-country-rankings.zip,CC-BY-4.0,B-017_WRI Aqueduct 물 스트레스 지수.xlsx,1.1_observation(측정값),458,
B-017,WRI Aqueduct 물 스트레스 지수,observation,vnm-v121-b-017-obs-459-545b5714989f57ca,B-017_bws_prov_liv_an_giang,VNM,2023,1.864,점,,,,,,[실적치] · 등급 1 · Low - Medium (10-20%),WRI Aqueduct 4.0,https://files.wri.org/aqueduct/aqueduct-4-0-country-rankings.zip,CC-BY-4.0,B-017_WRI Aqueduct 물 스트레스 지수.xlsx,1.1_observation(측정값),459,
B-017,WRI Aqueduct 물 스트레스 지수,observation,vnm-v121-b-017-obs-460-a50fe952bc004137,B-017_bws_prov_liv_ba_ra_a_va_ng_ta_u,VNM,2023,1.0545,점,,,,,,[실적치] · 등급 1 · Low - Medium (10-20%),WRI Aqueduct 4.0,https://files.wri.org/aqueduct/aqueduct-4-0-country-rankings.zip,CC-BY-4.0,B-017_WRI Aqueduct 물 스트레스 지수.xlsx,1.1_observation(측정값),460,
B-017,WRI Aqueduct 물 스트레스 지수,observation,vnm-v121-b-017-obs-461-79132abf44114010,B-017_bws_prov_liv_ba_nh_d_ng,VNM,2023,1.6962,점,,,,,,[실적치] · 등급 1 · Low - Medium (10-20%),WRI Aqueduct 4.0,https://files.wri.org/aqueduct/aqueduct-4-0-country-rankings.zip,CC-BY-4.0,B-017_WRI Aqueduct 물 스트레스 지수.xlsx,1.1_observation(측정값),461,
B-017,WRI Aqueduct 물 스트레스 지수,observation,vnm-v121-b-017-obs-462-cf34ed9736fece22,B-017_bws_prov_liv_ba_nh_ph_a_c,VNM,2023,1.6246,점,,,,,,[실적치] · 등급 1 · Low - Medium (10-20%),WRI Aqueduct 4.0,https://files.wri.org/aqueduct/aqueduct-4-0-country-rankings.zip,CC-BY-4.0,B-017_WRI Aqueduct 물 스트레스 지수.xlsx,1.1_observation(측정값),462,
B-017,WRI Aqueduct 물 스트레스 지수,observation,vnm-v121-b-017-obs-463-3f9cde0eba42a2fa,B-017_bws_prov_liv_ba_nh_thuao_n,VNM,2023,1.1808,점,,,,,,[실적치] · 등급 1 · Low - Medium (10-20%),WRI Aqueduct 4.0,https://files.wri.org/aqueduct/aqueduct-4-0-country-rankings.zip,CC-BY-4.0,B-017_WRI Aqueduct 물 스트레스 지수.xlsx,1.1_observation(측정값),463,
B-017,WRI Aqueduct 물 스트레스 지수,observation,vnm-v121-b-017-obs-464-81fa6c42b356a7cc,B-017_bws_prov_liv_ba_nh_a_a_nh,VNM,2023,2.4965,점,,,,,,[실적치] · 등급 2 · Medium - High (20-40%),WRI Aqueduct 4.0,https://files.wri.org/aqueduct/aqueduct-4-0-country-rankings.zip,CC-BY-4.0,B-017_WRI Aqueduct 물 스트레스 지수.xlsx,1.1_observation(측정값),464,
B-017,WRI Aqueduct 물 스트레스 지수,observation,vnm-v121-b-017-obs-465-ad4563b11fb7a5f5,B-017_bws_prov_liv_bao_c_liaau,VNM,2023,1.864,점,,,,,,[실적치] · 등급 1 · Low - Medium (10-20%),WRI Aqueduct 4.0,https://files.wri.org/aqueduct/aqueduct-4-0-country-rankings.zip,CC-BY-4.0,B-017_WRI Aqueduct 물 스트레스 지수.xlsx,1.1_observation(측정값),465,
B-017,WRI Aqueduct 물 스트레스 지수,observation,vnm-v121-b-017-obs-466-ea3a8a880a5dc85d,B-017_bws_prov_liv_bao_c_giang,VNM,2023,2.8058,점,,,,,,[실적치] · 등급 2 · Medium - High (20-40%),WRI Aqueduct 4.0,https://files.wri.org/aqueduct/aqueduct-4-0-country-rankings.zip,CC-BY-4.0,B-017_WRI Aqueduct 물 스트레스 지수.xlsx,1.1_observation(측정값),466,
B-017,WRI Aqueduct 물 스트레스 지수,observation,vnm-v121-b-017-obs-467-458279df42d48f31,B-017_bws_prov_liv_bao_c_kao_n,VNM,2023,1.3191,점,,,,,,[실적치] · 등급 1 · Low - Medium (10-20%),WRI Aqueduct 4.0,https://files.wri.org/aqueduct/aqueduct-4-0-country-rankings.zip,CC-BY-4.0,B-017_WRI Aqueduct 물 스트레스 지수.xlsx,1.1_observation(측정값),467,
B-017,WRI Aqueduct 물 스트레스 지수,observation,vnm-v121-b-017-obs-468-91155569d5ba03cc,B-017_bws_prov_liv_bao_c_ninh,VNM,2023,2.8058,점,,,,,,[실적치] · 등급 2 · Medium - High (20-40%),WRI Aqueduct 4.0,https://files.wri.org/aqueduct/aqueduct-4-0-country-rankings.zip,CC-BY-4.0,B-017_WRI Aqueduct 물 스트레스 지수.xlsx,1.1_observation(측정값),468,
B-017,WRI Aqueduct 물 스트레스 지수,observation,vnm-v121-b-017-obs-469-a1e115e4ac9b5248,B-017_bws_prov_liv_bao_n_tre,VNM,2023,1.864,점,,,,,,[실적치] · 등급 1 · Low - Medium (10-20%),WRI Aqueduct 4.0,https://files.wri.org/aqueduct/aqueduct-4-0-country-rankings.zip,CC-BY-4.0,B-017_WRI Aqueduct 물 스트레스 지수.xlsx,1.1_observation(측정값),469,
B-017,WRI Aqueduct 물 스트레스 지수,observation,vnm-v121-b-017-obs-470-7e945cbdf6e9a74b,B-017_bws_prov_liv_cao_bao_ng,VNM,2023,0.8686,점,,,,,,[실적치] · 등급 0 · Low (<10%),WRI Aqueduct 4.0,https://files.wri.org/aqueduct/aqueduct-4-0-country-rankings.zip,CC-BY-4.0,B-017_WRI Aqueduct 물 스트레스 지수.xlsx,1.1_observation(측정값),470,
B-017,WRI Aqueduct 물 스트레스 지수,observation,vnm-v121-b-017-obs-471-f14ab1819a51dadf,B-017_bws_prov_liv_ca_mau,VNM,2023,1.864,점,,,,,,[실적치] · 등급 1 · Low - Medium (10-20%),WRI Aqueduct 4.0,https://files.wri.org/aqueduct/aqueduct-4-0-country-rankings.zip,CC-BY-4.0,B-017_WRI Aqueduct 물 스트레스 지수.xlsx,1.1_observation(측정값),471,
B-017,WRI Aqueduct 물 스트레스 지수,observation,vnm-v121-b-017-obs-472-676302e69bd6b19c,B-017_bws_prov_liv_cao_n_th,VNM,2023,1.864,점,,,,,,[실적치] · 등급 1 · Low - Medium (10-20%),WRI Aqueduct 4.0,https://files.wri.org/aqueduct/aqueduct-4-0-country-rankings.zip,CC-BY-4.0,B-017_WRI Aqueduct 물 스트레스 지수.xlsx,1.1_observation(측정값),472,
B-017,WRI Aqueduct 물 스트레스 지수,observation,vnm-v121-b-017-obs-473-e5603028bf3bc32c,B-017_bws_prov_liv_gia_lai,VNM,2023,0.7271,점,,,,,,[실적치] · 등급 0 · Low (<10%),WRI Aqueduct 4.0,https://files.wri.org/aqueduct/aqueduct-4-0-country-rankings.zip,CC-BY-4.0,B-017_WRI Aqueduct 물 스트레스 지수.xlsx,1.1_observation(측정값),473,
B-017,WRI Aqueduct 물 스트레스 지수,observation,vnm-v121-b-017-obs-474-e97b9184b4aaeddb,B-017_bws_prov_liv_hoa_ba_nh,VNM,2023,1.2718,점,,,,,,[실적치] · 등급 1 · Low - Medium (10-20%),WRI Aqueduct 4.0,https://files.wri.org/aqueduct/aqueduct-4-0-country-rankings.zip,CC-BY-4.0,B-017_WRI Aqueduct 물 스트레스 지수.xlsx,1.1_observation(측정값),474,
B-017,WRI Aqueduct 물 스트레스 지수,observation,vnm-v121-b-017-obs-475-cb90314a5870336b,B-017_bws_prov_liv_ha_giang,VNM,2023,0.0219,점,,,,,,[실적치] · 등급 0 · Low (<10%),WRI Aqueduct 4.0,https://files.wri.org/aqueduct/aqueduct-4-0-country-rankings.zip,CC-BY-4.0,B-017_WRI Aqueduct 물 스트레스 지수.xlsx,1.1_observation(측정값),475,
B-017,WRI Aqueduct 물 스트레스 지수,observation,vnm-v121-b-017-obs-476-0b8e27280080aa0a,B-017_bws_prov_liv_ha_nam,VNM,2023,1.4312,점,,,,,,[실적치] · 등급 1 · Low - Medium (10-20%),WRI Aqueduct 4.0,https://files.wri.org/aqueduct/aqueduct-4-0-country-rankings.zip,CC-BY-4.0,B-017_WRI Aqueduct 물 스트레스 지수.xlsx,1.1_observation(측정값),476,
B-017,WRI Aqueduct 물 스트레스 지수,observation,vnm-v121-b-017-obs-477-60d9de58bb95f5d5,B-017_bws_prov_liv_ha_na_tmi,VNM,2023,1.785,점,,,,,,[실적치] · 등급 1 · Low - Medium (10-20%),WRI Aqueduct 4.0,https://files.wri.org/aqueduct/aqueduct-4-0-country-rankings.zip,CC-BY-4.0,B-017_WRI Aqueduct 물 스트레스 지수.xlsx,1.1_observation(측정값),477,
B-017,WRI Aqueduct 물 스트레스 지수,observation,vnm-v121-b-017-obs-478-528075e1c0909ce4,B-017_bws_prov_liv_ha_ta_nh,VNM,2023,2.2295,점,,,,,,[실적치] · 등급 2 · Medium - High (20-40%),WRI Aqueduct 4.0,https://files.wri.org/aqueduct/aqueduct-4-0-country-rankings.zip,CC-BY-4.0,B-017_WRI Aqueduct 물 스트레스 지수.xlsx,1.1_observation(측정값),478,
B-017,WRI Aqueduct 물 스트레스 지수,observation,vnm-v121-b-017-obs-479-11e2eb3f3e6572e3,B-017_bws_prov_liv_h_ng_yaan,VNM,2023,1.4312,점,,,,,,[실적치] · 등급 1 · Low - Medium (10-20%),WRI Aqueduct 4.0,https://files.wri.org/aqueduct/aqueduct-4-0-country-rankings.zip,CC-BY-4.0,B-017_WRI Aqueduct 물 스트레스 지수.xlsx,1.1_observation(측정값),479,
B-017,WRI Aqueduct 물 스트레스 지수,observation,vnm-v121-b-017-obs-480-85cc52d15dc59cf3,B-017_bws_prov_liv_hao_i_d_ng,VNM,2023,2.071,점,,,,,,[실적치] · 등급 2 · Medium - High (20-40%),WRI Aqueduct 4.0,https://files.wri.org/aqueduct/aqueduct-4-0-country-rankings.zip,CC-BY-4.0,B-017_WRI Aqueduct 물 스트레스 지수.xlsx,1.1_observation(측정값),480,
B-017,WRI Aqueduct 물 스트레스 지수,observation,vnm-v121-b-017-obs-481-5677482468e1259c,B-017_bws_prov_liv_hao_i_pha2ng,VNM,2023,1.8768,점,,,,,,[실적치] · 등급 1 · Low - Medium (10-20%),WRI Aqueduct 4.0,https://files.wri.org/aqueduct/aqueduct-4-0-country-rankings.zip,CC-BY-4.0,B-017_WRI Aqueduct 물 스트레스 지수.xlsx,1.1_observation(측정값),481,
B-017,WRI Aqueduct 물 스트레스 지수,observation,vnm-v121-b-017-obs-482-0aa25c77583c9f25,B-017_bws_prov_liv_hao_u_giang,VNM,2023,1.864,점,,,,,,[실적치] · 등급 1 · Low - Medium (10-20%),WRI Aqueduct 4.0,https://files.wri.org/aqueduct/aqueduct-4-0-country-rankings.zip,CC-BY-4.0,B-017_WRI Aqueduct 물 스트레스 지수.xlsx,1.1_observation(측정값),482,
B-017,WRI Aqueduct 물 스트레스 지수,observation,vnm-v121-b-017-obs-483-fd1bb6dac3d1980e,B-017_bws_prov_liv_ha_cha_minh,VNM,2023,1.5666,점,,,,,,[실적치] · 등급 1 · Low - Medium (10-20%),WRI Aqueduct 4.0,https://files.wri.org/aqueduct/aqueduct-4-0-country-rankings.zip,CC-BY-4.0,B-017_WRI Aqueduct 물 스트레스 지수.xlsx,1.1_observation(측정값),483,
B-017,WRI Aqueduct 물 스트레스 지수,observation,vnm-v121-b-017-obs-484-6f8cdbd0943c7c1a,B-017_bws_prov_liv_kha_nh_ha2a,VNM,2023,1.0544,점,,,,,,[실적치] · 등급 1 · Low - Medium (10-20%),WRI Aqueduct 4.0,https://files.wri.org/aqueduct/aqueduct-4-0-country-rankings.zip,CC-BY-4.0,B-017_WRI Aqueduct 물 스트레스 지수.xlsx,1.1_observation(측정값),484,
B-017,WRI Aqueduct 물 스트레스 지수,observation,vnm-v121-b-017-obs-485-921261d41ff204a0,B-017_bws_prov_liv_kiaan_giang,VNM,2023,1.8588,점,,,,,,[실적치] · 등급 1 · Low - Medium (10-20%),WRI Aqueduct 4.0,https://files.wri.org/aqueduct/aqueduct-4-0-country-rankings.zip,CC-BY-4.0,B-017_WRI Aqueduct 물 스트레스 지수.xlsx,1.1_observation(측정값),485,
B-017,WRI Aqueduct 물 스트레스 지수,observation,vnm-v121-b-017-obs-486-9e2b7b76af7aba73,B-017_bws_prov_liv_kon_tum,VNM,2023,0.1025,점,,,,,,[실적치] · 등급 0 · Low (<10%),WRI Aqueduct 4.0,https://files.wri.org/aqueduct/aqueduct-4-0-country-rankings.zip,CC-BY-4.0,B-017_WRI Aqueduct 물 스트레스 지수.xlsx,1.1_observation(측정값),486,
B-017,WRI Aqueduct 물 스트레스 지수,observation,vnm-v121-b-017-obs-487-22c18587c304a491,B-017_bws_prov_liv_lai_cha_u,VNM,2023,0.491,점,,,,,,[실적치] · 등급 0 · Low (<10%),WRI Aqueduct 4.0,https://files.wri.org/aqueduct/aqueduct-4-0-country-rankings.zip,CC-BY-4.0,B-017_WRI Aqueduct 물 스트레스 지수.xlsx,1.1_observation(측정값),487,
B-017,WRI Aqueduct 물 스트레스 지수,observation,vnm-v121-b-017-obs-488-1526df903593a12a,B-017_bws_prov_liv_long_an,VNM,2023,4.297,점,,,,,,[실적치] · 등급 4 · Extremely High (>80%),WRI Aqueduct 4.0,https://files.wri.org/aqueduct/aqueduct-4-0-country-rankings.zip,CC-BY-4.0,B-017_WRI Aqueduct 물 스트레스 지수.xlsx,1.1_observation(측정값),488,
B-017,WRI Aqueduct 물 스트레스 지수,observation,vnm-v121-b-017-obs-489-21c5a4486c240db2,B-017_bws_prov_liv_la_o_cai,VNM,2023,0.2071,점,,,,,,[실적치] · 등급 0 · Low (<10%),WRI Aqueduct 4.0,https://files.wri.org/aqueduct/aqueduct-4-0-country-rankings.zip,CC-BY-4.0,B-017_WRI Aqueduct 물 스트레스 지수.xlsx,1.1_observation(측정값),489,
B-017,WRI Aqueduct 물 스트레스 지수,observation,vnm-v121-b-017-obs-490-f523d5512af0ef38,B-017_bws_prov_liv_la_m_a_a_ng,VNM,2023,1.4765,점,,,,,,[실적치] · 등급 1 · Low - Medium (10-20%),WRI Aqueduct 4.0,https://files.wri.org/aqueduct/aqueduct-4-0-country-rankings.zip,CC-BY-4.0,B-017_WRI Aqueduct 물 스트레스 지수.xlsx,1.1_observation(측정값),490,
B-017,WRI Aqueduct 물 스트레스 지수,observation,vnm-v121-b-017-obs-491-c28d90cfc44c5e0f,B-017_bws_prov_liv_lao_ng_s_n,VNM,2023,1.4399,점,,,,,,[실적치] · 등급 1 · Low - Medium (10-20%),WRI Aqueduct 4.0,https://files.wri.org/aqueduct/aqueduct-4-0-country-rankings.zip,CC-BY-4.0,B-017_WRI Aqueduct 물 스트레스 지수.xlsx,1.1_observation(측정값),491,
B-017,WRI Aqueduct 물 스트레스 지수,observation,vnm-v121-b-017-obs-492-dac16ee38c73bbea,B-017_bws_prov_liv_nam_a_a_nh,VNM,2023,1.4312,점,,,,,,[실적치] · 등급 1 · Low - Medium (10-20%),WRI Aqueduct 4.0,https://files.wri.org/aqueduct/aqueduct-4-0-country-rankings.zip,CC-BY-4.0,B-017_WRI Aqueduct 물 스트레스 지수.xlsx,1.1_observation(측정값),492,
B-017,WRI Aqueduct 물 스트레스 지수,observation,vnm-v121-b-017-obs-493-364f70512e389663,B-017_bws_prov_liv_ngha_an,VNM,2023,2.9415,점,,,,,,[실적치] · 등급 2 · Medium - High (20-40%),WRI Aqueduct 4.0,https://files.wri.org/aqueduct/aqueduct-4-0-country-rankings.zip,CC-BY-4.0,B-017_WRI Aqueduct 물 스트레스 지수.xlsx,1.1_observation(측정값),493,
B-017,WRI Aqueduct 물 스트레스 지수,observation,vnm-v121-b-017-obs-494-0000f9ddf1841926,B-017_bws_prov_liv_ninh_ba_nh,VNM,2023,1.4533,점,,,,,,[실적치] · 등급 1 · Low - Medium (10-20%),WRI Aqueduct 4.0,https://files.wri.org/aqueduct/aqueduct-4-0-country-rankings.zip,CC-BY-4.0,B-017_WRI Aqueduct 물 스트레스 지수.xlsx,1.1_observation(측정값),494,
B-017,WRI Aqueduct 물 스트레스 지수,observation,vnm-v121-b-017-obs-495-d1458ca485637085,B-017_bws_prov_liv_ninh_thuao_n,VNM,2023,1.0545,점,,,,,,[실적치] · 등급 1 · Low - Medium (10-20%),WRI Aqueduct 4.0,https://files.wri.org/aqueduct/aqueduct-4-0-country-rankings.zip,CC-BY-4.0,B-017_WRI Aqueduct 물 스트레스 지수.xlsx,1.1_observation(측정값),495,
B-017,WRI Aqueduct 물 스트레스 지수,observation,vnm-v121-b-017-obs-496-d4f990eff9db1d77,B-017_bws_prov_liv_phao_tha,VNM,2023,0.0055,점,,,,,,[실적치] · 등급 0 · Low (<10%),WRI Aqueduct 4.0,https://files.wri.org/aqueduct/aqueduct-4-0-country-rankings.zip,CC-BY-4.0,B-017_WRI Aqueduct 물 스트레스 지수.xlsx,1.1_observation(측정값),496,
B-017,WRI Aqueduct 물 스트레스 지수,observation,vnm-v121-b-017-obs-497-982ae81a169e94fe,B-017_bws_prov_liv_phao_yaan,VNM,2023,1.7747,점,,,,,,[실적치] · 등급 1 · Low - Medium (10-20%),WRI Aqueduct 4.0,https://files.wri.org/aqueduct/aqueduct-4-0-country-rankings.zip,CC-BY-4.0,B-017_WRI Aqueduct 물 스트레스 지수.xlsx,1.1_observation(측정값),497,
B-017,WRI Aqueduct 물 스트레스 지수,observation,vnm-v121-b-017-obs-498-43095a64ed0c3791,B-017_bws_prov_liv_quao_ng_ba_nh,VNM,2023,1.7564,점,,,,,,[실적치] · 등급 1 · Low - Medium (10-20%),WRI Aqueduct 4.0,https://files.wri.org/aqueduct/aqueduct-4-0-country-rankings.zip,CC-BY-4.0,B-017_WRI Aqueduct 물 스트레스 지수.xlsx,1.1_observation(측정값),498,
B-017,WRI Aqueduct 물 스트레스 지수,observation,vnm-v121-b-017-obs-499-9ffa995883043d98,B-017_bws_prov_liv_quao_ng_nam,VNM,2023,1.3237,점,,,,,,[실적치] · 등급 1 · Low - Medium (10-20%),WRI Aqueduct 4.0,https://files.wri.org/aqueduct/aqueduct-4-0-country-rankings.zip,CC-BY-4.0,B-017_WRI Aqueduct 물 스트레스 지수.xlsx,1.1_observation(측정값),499,
B-017,WRI Aqueduct 물 스트레스 지수,observation,vnm-v121-b-017-obs-500-14723dc9f9592e6c,B-017_bws_prov_liv_quao_ng_nga_i,VNM,2023,1.9821,점,,,,,,[실적치] · 등급 1 · Low - Medium (10-20%),WRI Aqueduct 4.0,https://files.wri.org/aqueduct/aqueduct-4-0-country-rankings.zip,CC-BY-4.0,B-017_WRI Aqueduct 물 스트레스 지수.xlsx,1.1_observation(측정값),500,
B-017,WRI Aqueduct 물 스트레스 지수,observation,vnm-v121-b-017-obs-501-5da8ce3ba48224dc,B-017_bws_prov_liv_quao_ng_ninh,VNM,2023,1.8884,점,,,,,,[실적치] · 등급 1 · Low - Medium (10-20%),WRI Aqueduct 4.0,https://files.wri.org/aqueduct/aqueduct-4-0-country-rankings.zip,CC-BY-4.0,B-017_WRI Aqueduct 물 스트레스 지수.xlsx,1.1_observation(측정값),501,
B-017,WRI Aqueduct 물 스트레스 지수,observation,vnm-v121-b-017-obs-502-ae49bf91af26f34d,B-017_bws_prov_liv_quao_ng_tra,VNM,2023,1.8885,점,,,,,,[실적치] · 등급 1 · Low - Medium (10-20%),WRI Aqueduct 4.0,https://files.wri.org/aqueduct/aqueduct-4-0-country-rankings.zip,CC-BY-4.0,B-017_WRI Aqueduct 물 스트레스 지수.xlsx,1.1_observation(측정값),502,
B-017,WRI Aqueduct 물 스트레스 지수,observation,vnm-v121-b-017-obs-503-42bfdecff5b9ea73,B-017_bws_prov_liv_sa3c_tra_ng,VNM,2023,1.864,점,,,,,,[실적치] · 등급 1 · Low - Medium (10-20%),WRI Aqueduct 4.0,https://files.wri.org/aqueduct/aqueduct-4-0-country-rankings.zip,CC-BY-4.0,B-017_WRI Aqueduct 물 스트레스 지수.xlsx,1.1_observation(측정값),503,
B-017,WRI Aqueduct 물 스트레스 지수,observation,vnm-v121-b-017-obs-504-0caa040c88203872,B-017_bws_prov_liv_s_n_la,VNM,2023,0.4989,점,,,,,,[실적치] · 등급 0 · Low (<10%),WRI Aqueduct 4.0,https://files.wri.org/aqueduct/aqueduct-4-0-country-rankings.zip,CC-BY-4.0,B-017_WRI Aqueduct 물 스트레스 지수.xlsx,1.1_observation(측정값),504,
B-017,WRI Aqueduct 물 스트레스 지수,observation,vnm-v121-b-017-obs-505-c73d7c8601a710ac,B-017_bws_prov_liv_thanh_ha3a,VNM,2023,2.9107,점,,,,,,[실적치] · 등급 2 · Medium - High (20-40%),WRI Aqueduct 4.0,https://files.wri.org/aqueduct/aqueduct-4-0-country-rankings.zip,CC-BY-4.0,B-017_WRI Aqueduct 물 스트레스 지수.xlsx,1.1_observation(측정값),505,
B-017,WRI Aqueduct 물 스트레스 지수,observation,vnm-v121-b-017-obs-506-6a75c3b687d63290,B-017_bws_prov_liv_tha_i_ba_nh,VNM,2023,1.4312,점,,,,,,[실적치] · 등급 1 · Low - Medium (10-20%),WRI Aqueduct 4.0,https://files.wri.org/aqueduct/aqueduct-4-0-country-rankings.zip,CC-BY-4.0,B-017_WRI Aqueduct 물 스트레스 지수.xlsx,1.1_observation(측정값),506,
B-017,WRI Aqueduct 물 스트레스 지수,observation,vnm-v121-b-017-obs-507-a34cd2a3f0a8285c,B-017_bws_prov_liv_tha_i_nguyaan,VNM,2023,2.8058,점,,,,,,[실적치] · 등급 2 · Medium - High (20-40%),WRI Aqueduct 4.0,https://files.wri.org/aqueduct/aqueduct-4-0-country-rankings.zip,CC-BY-4.0,B-017_WRI Aqueduct 물 스트레스 지수.xlsx,1.1_observation(측정값),507,
B-017,WRI Aqueduct 물 스트레스 지수,observation,vnm-v121-b-017-obs-508-d9104c839ba11dfb,B-017_bws_prov_liv_tha_a_thiaan_huao,VNM,2023,1.8369,점,,,,,,[실적치] · 등급 1 · Low - Medium (10-20%),WRI Aqueduct 4.0,https://files.wri.org/aqueduct/aqueduct-4-0-country-rankings.zip,CC-BY-4.0,B-017_WRI Aqueduct 물 스트레스 지수.xlsx,1.1_observation(측정값),508,
B-017,WRI Aqueduct 물 스트레스 지수,observation,vnm-v121-b-017-obs-509-560092e1dbabc9b4,B-017_bws_prov_liv_tia_n_giang,VNM,2023,3.1988,점,,,,,,[실적치] · 등급 3 · High (40-80%),WRI Aqueduct 4.0,https://files.wri.org/aqueduct/aqueduct-4-0-country-rankings.zip,CC-BY-4.0,B-017_WRI Aqueduct 물 스트레스 지수.xlsx,1.1_observation(측정값),509,
B-017,WRI Aqueduct 물 스트레스 지수,observation,vnm-v121-b-017-obs-510-7d27ff284f63c524,B-017_bws_prov_liv_tra_vinh,VNM,2023,1.864,점,,,,,,[실적치] · 등급 1 · Low - Medium (10-20%),WRI Aqueduct 4.0,https://files.wri.org/aqueduct/aqueduct-4-0-country-rankings.zip,CC-BY-4.0,B-017_WRI Aqueduct 물 스트레스 지수.xlsx,1.1_observation(측정값),510,
B-017,WRI Aqueduct 물 스트레스 지수,observation,vnm-v121-b-017-obs-511-0c3128d519b4c7d0,B-017_bws_prov_liv_tuyaan_quang,VNM,2023,0.2286,점,,,,,,[실적치] · 등급 0 · Low (<10%),WRI Aqueduct 4.0,https://files.wri.org/aqueduct/aqueduct-4-0-country-rankings.zip,CC-BY-4.0,B-017_WRI Aqueduct 물 스트레스 지수.xlsx,1.1_observation(측정값),511,
B-017,WRI Aqueduct 물 스트레스 지수,observation,vnm-v121-b-017-obs-512-bfcecb14f1a915b4,B-017_bws_prov_liv_ta_y_ninh,VNM,2023,3.1533,점,,,,,,[실적치] · 등급 3 · High (40-80%),WRI Aqueduct 4.0,https://files.wri.org/aqueduct/aqueduct-4-0-country-rankings.zip,CC-BY-4.0,B-017_WRI Aqueduct 물 스트레스 지수.xlsx,1.1_observation(측정값),512,
B-017,WRI Aqueduct 물 스트레스 지수,observation,vnm-v121-b-017-obs-513-ece126a394ebc3fe,B-017_bws_prov_liv_va_nh_long,VNM,2023,1.864,점,,,,,,[실적치] · 등급 1 · Low - Medium (10-20%),WRI Aqueduct 4.0,https://files.wri.org/aqueduct/aqueduct-4-0-country-rankings.zip,CC-BY-4.0,B-017_WRI Aqueduct 물 스트레스 지수.xlsx,1.1_observation(측정값),513,
B-017,WRI Aqueduct 물 스트레스 지수,observation,vnm-v121-b-017-obs-514-2b64156f9ee194b1,B-017_bws_prov_liv_va_nh_phaoc,VNM,2023,1.5422,점,,,,,,[실적치] · 등급 1 · Low - Medium (10-20%),WRI Aqueduct 4.0,https://files.wri.org/aqueduct/aqueduct-4-0-country-rankings.zip,CC-BY-4.0,B-017_WRI Aqueduct 물 스트레스 지수.xlsx,1.1_observation(측정값),514,
B-017,WRI Aqueduct 물 스트레스 지수,observation,vnm-v121-b-017-obs-515-1e9c7d466340c523,B-017_bws_prov_liv_yaan_ba_i,VNM,2023,0.0232,점,,,,,,[실적치] · 등급 0 · Low (<10%),WRI Aqueduct 4.0,https://files.wri.org/aqueduct/aqueduct-4-0-country-rankings.zip,CC-BY-4.0,B-017_WRI Aqueduct 물 스트레스 지수.xlsx,1.1_observation(측정값),515,
B-017,WRI Aqueduct 물 스트레스 지수,observation,vnm-v121-b-017-obs-516-1fe6ba3675940631,B-017_bws_prov_liv_a_ia_n_biaan,VNM,2023,0.6337,점,,,,,,[실적치] · 등급 0 · Low (<10%),WRI Aqueduct 4.0,https://files.wri.org/aqueduct/aqueduct-4-0-country-rankings.zip,CC-BY-4.0,B-017_WRI Aqueduct 물 스트레스 지수.xlsx,1.1_observation(측정값),516,
B-017,WRI Aqueduct 물 스트레스 지수,observation,vnm-v121-b-017-obs-517-f20f48ffe5553561,B-017_bws_prov_liv_a_a_nao_ng,VNM,2023,1.8972,점,,,,,,[실적치] · 등급 1 · Low - Medium (10-20%),WRI Aqueduct 4.0,https://files.wri.org/aqueduct/aqueduct-4-0-country-rankings.zip,CC-BY-4.0,B-017_WRI Aqueduct 물 스트레스 지수.xlsx,1.1_observation(측정값),517,
B-017,WRI Aqueduct 물 스트레스 지수,observation,vnm-v121-b-017-obs-518-5da15898d92e8040,B-017_bws_prov_liv_a_ao_k_lao_k,VNM,2023,0.3746,점,,,,,,[실적치] · 등급 0 · Low (<10%),WRI Aqueduct 4.0,https://files.wri.org/aqueduct/aqueduct-4-0-country-rankings.zip,CC-BY-4.0,B-017_WRI Aqueduct 물 스트레스 지수.xlsx,1.1_observation(측정값),518,
B-017,WRI Aqueduct 물 스트레스 지수,observation,vnm-v121-b-017-obs-519-e7505fd919200763,B-017_bws_prov_liv_a_ao_k_na_ng,VNM,2023,1.0118,점,,,,,,[실적치] · 등급 1 · Low - Medium (10-20%),WRI Aqueduct 4.0,https://files.wri.org/aqueduct/aqueduct-4-0-country-rankings.zip,CC-BY-4.0,B-017_WRI Aqueduct 물 스트레스 지수.xlsx,1.1_observation(측정값),519,
B-017,WRI Aqueduct 물 스트레스 지수,observation,vnm-v121-b-017-obs-520-2ae1c45c9a9fdf86,B-017_bws_prov_liv_a_a_ng_nai,VNM,2023,1.5682,점,,,,,,[실적치] · 등급 1 · Low - Medium (10-20%),WRI Aqueduct 4.0,https://files.wri.org/aqueduct/aqueduct-4-0-country-rankings.zip,CC-BY-4.0,B-017_WRI Aqueduct 물 스트레스 지수.xlsx,1.1_observation(측정값),520,
B-017,WRI Aqueduct 물 스트레스 지수,observation,vnm-v121-b-017-obs-521-7f602bc936998b4b,B-017_bws_prov_liv_a_a_ng_tha_p,VNM,2023,2.5709,점,,,,,,[실적치] · 등급 2 · Medium - High (20-40%),WRI Aqueduct 4.0,https://files.wri.org/aqueduct/aqueduct-4-0-country-rankings.zip,CC-BY-4.0,B-017_WRI Aqueduct 물 스트레스 지수.xlsx,1.1_observation(측정값),521,
B-017,WRI Aqueduct 물 스트레스 지수,observation,vnm-v121-b-017-obs-522-619d6086fa143fce,B-017_bws_prov_one_an_giang,VNM,2023,1.864,점,,,,,,[실적치] · 등급 1 · Low - Medium (10-20%),WRI Aqueduct 4.0,https://files.wri.org/aqueduct/aqueduct-4-0-country-rankings.zip,CC-BY-4.0,B-017_WRI Aqueduct 물 스트레스 지수.xlsx,1.1_observation(측정값),522,
B-017,WRI Aqueduct 물 스트레스 지수,observation,vnm-v121-b-017-obs-523-92825707d41dc5d9,B-017_bws_prov_one_ba_ra_a_va_ng_ta_u,VNM,2023,1.0545,점,,,,,,[실적치] · 등급 1 · Low - Medium (10-20%),WRI Aqueduct 4.0,https://files.wri.org/aqueduct/aqueduct-4-0-country-rankings.zip,CC-BY-4.0,B-017_WRI Aqueduct 물 스트레스 지수.xlsx,1.1_observation(측정값),523,
B-017,WRI Aqueduct 물 스트레스 지수,observation,vnm-v121-b-017-obs-524-5ebaced5bfcddb8d,B-017_bws_prov_one_ba_nh_d_ng,VNM,2023,1.6962,점,,,,,,[실적치] · 등급 1 · Low - Medium (10-20%),WRI Aqueduct 4.0,https://files.wri.org/aqueduct/aqueduct-4-0-country-rankings.zip,CC-BY-4.0,B-017_WRI Aqueduct 물 스트레스 지수.xlsx,1.1_observation(측정값),524,
B-017,WRI Aqueduct 물 스트레스 지수,observation,vnm-v121-b-017-obs-525-73138bb6a833b109,B-017_bws_prov_one_ba_nh_ph_a_c,VNM,2023,0.8481,점,,,,,,[실적치] · 등급 0 · Low (<10%),WRI Aqueduct 4.0,https://files.wri.org/aqueduct/aqueduct-4-0-country-rankings.zip,CC-BY-4.0,B-017_WRI Aqueduct 물 스트레스 지수.xlsx,1.1_observation(측정값),525,
B-017,WRI Aqueduct 물 스트레스 지수,observation,vnm-v121-b-017-obs-526-2f6bc96788d793f5,B-017_bws_prov_one_ba_nh_thuao_n,VNM,2023,1.3753,점,,,,,,[실적치] · 등급 1 · Low - Medium (10-20%),WRI Aqueduct 4.0,https://files.wri.org/aqueduct/aqueduct-4-0-country-rankings.zip,CC-BY-4.0,B-017_WRI Aqueduct 물 스트레스 지수.xlsx,1.1_observation(측정값),526,
B-017,WRI Aqueduct 물 스트레스 지수,observation,vnm-v121-b-017-obs-527-9a3beddcf12c74e6,B-017_bws_prov_one_ba_nh_a_a_nh,VNM,2023,2.4965,점,,,,,,[실적치] · 등급 2 · Medium - High (20-40%),WRI Aqueduct 4.0,https://files.wri.org/aqueduct/aqueduct-4-0-country-rankings.zip,CC-BY-4.0,B-017_WRI Aqueduct 물 스트레스 지수.xlsx,1.1_observation(측정값),527,
B-017,WRI Aqueduct 물 스트레스 지수,observation,vnm-v121-b-017-obs-528-4aa822b31eb4aafd,B-017_bws_prov_one_bao_c_liaau,VNM,2023,1.864,점,,,,,,[실적치] · 등급 1 · Low - Medium (10-20%),WRI Aqueduct 4.0,https://files.wri.org/aqueduct/aqueduct-4-0-country-rankings.zip,CC-BY-4.0,B-017_WRI Aqueduct 물 스트레스 지수.xlsx,1.1_observation(측정값),528,
B-017,WRI Aqueduct 물 스트레스 지수,observation,vnm-v121-b-017-obs-529-7c1ad631bd477d81,B-017_bws_prov_one_bao_c_giang,VNM,2023,2.8058,점,,,,,,[실적치] · 등급 2 · Medium - High (20-40%),WRI Aqueduct 4.0,https://files.wri.org/aqueduct/aqueduct-4-0-country-rankings.zip,CC-BY-4.0,B-017_WRI Aqueduct 물 스트레스 지수.xlsx,1.1_observation(측정값),529,
B-017,WRI Aqueduct 물 스트레스 지수,observation,vnm-v121-b-017-obs-530-bc580362d48dc3df,B-017_bws_prov_one_bao_c_kao_n,VNM,2023,1.3427,점,,,,,,[실적치] · 등급 1 · Low - Medium (10-20%),WRI Aqueduct 4.0,https://files.wri.org/aqueduct/aqueduct-4-0-country-rankings.zip,CC-BY-4.0,B-017_WRI Aqueduct 물 스트레스 지수.xlsx,1.1_observation(측정값),530,
B-017,WRI Aqueduct 물 스트레스 지수,observation,vnm-v121-b-017-obs-531-57cadd4b211f3c6f,B-017_bws_prov_one_bao_c_ninh,VNM,2023,2.8058,점,,,,,,[실적치] · 등급 2 · Medium - High (20-40%),WRI Aqueduct 4.0,https://files.wri.org/aqueduct/aqueduct-4-0-country-rankings.zip,CC-BY-4.0,B-017_WRI Aqueduct 물 스트레스 지수.xlsx,1.1_observation(측정값),531,
B-017,WRI Aqueduct 물 스트레스 지수,observation,vnm-v121-b-017-obs-532-e52e83f9fa1d9941,B-017_bws_prov_one_bao_n_tre,VNM,2023,1.864,점,,,,,,[실적치] · 등급 1 · Low - Medium (10-20%),WRI Aqueduct 4.0,https://files.wri.org/aqueduct/aqueduct-4-0-country-rankings.zip,CC-BY-4.0,B-017_WRI Aqueduct 물 스트레스 지수.xlsx,1.1_observation(측정값),532,
B-017,WRI Aqueduct 물 스트레스 지수,observation,vnm-v121-b-017-obs-533-0d06ff1c74fee92f,B-017_bws_prov_one_cao_bao_ng,VNM,2023,0.5669,점,,,,,,[실적치] · 등급 0 · Low (<10%),WRI Aqueduct 4.0,https://files.wri.org/aqueduct/aqueduct-4-0-country-rankings.zip,CC-BY-4.0,B-017_WRI Aqueduct 물 스트레스 지수.xlsx,1.1_observation(측정값),533,
B-017,WRI Aqueduct 물 스트레스 지수,observation,vnm-v121-b-017-obs-534-d10f236e48d8b517,B-017_bws_prov_one_ca_mau,VNM,2023,1.864,점,,,,,,[실적치] · 등급 1 · Low - Medium (10-20%),WRI Aqueduct 4.0,https://files.wri.org/aqueduct/aqueduct-4-0-country-rankings.zip,CC-BY-4.0,B-017_WRI Aqueduct 물 스트레스 지수.xlsx,1.1_observation(측정값),534,
B-017,WRI Aqueduct 물 스트레스 지수,observation,vnm-v121-b-017-obs-535-624185daea6a0067,B-017_bws_prov_one_cao_n_th,VNM,2023,1.864,점,,,,,,[실적치] · 등급 1 · Low - Medium (10-20%),WRI Aqueduct 4.0,https://files.wri.org/aqueduct/aqueduct-4-0-country-rankings.zip,CC-BY-4.0,B-017_WRI Aqueduct 물 스트레스 지수.xlsx,1.1_observation(측정값),535,
B-017,WRI Aqueduct 물 스트레스 지수,observation,vnm-v121-b-017-obs-536-d767a52b91bf9ae5,B-017_bws_prov_one_gia_lai,VNM,2023,0.7032,점,,,,,,[실적치] · 등급 0 · Low (<10%),WRI Aqueduct 4.0,https://files.wri.org/aqueduct/aqueduct-4-0-country-rankings.zip,CC-BY-4.0,B-017_WRI Aqueduct 물 스트레스 지수.xlsx,1.1_observation(측정값),536,
B-017,WRI Aqueduct 물 스트레스 지수,observation,vnm-v121-b-017-obs-537-478f0b246770b842,B-017_bws_prov_one_hoa_ba_nh,VNM,2023,1.3028,점,,,,,,[실적치] · 등급 1 · Low - Medium (10-20%),WRI Aqueduct 4.0,https://files.wri.org/aqueduct/aqueduct-4-0-country-rankings.zip,CC-BY-4.0,B-017_WRI Aqueduct 물 스트레스 지수.xlsx,1.1_observation(측정값),537,
B-017,WRI Aqueduct 물 스트레스 지수,observation,vnm-v121-b-017-obs-538-f77df0556ca12e99,B-017_bws_prov_one_ha_giang,VNM,2023,0.0398,점,,,,,,[실적치] · 등급 0 · Low (<10%),WRI Aqueduct 4.0,https://files.wri.org/aqueduct/aqueduct-4-0-country-rankings.zip,CC-BY-4.0,B-017_WRI Aqueduct 물 스트레스 지수.xlsx,1.1_observation(측정값),538,
B-017,WRI Aqueduct 물 스트레스 지수,observation,vnm-v121-b-017-obs-539-3fec7d6b524ac97e,B-017_bws_prov_one_ha_nam,VNM,2023,1.4312,점,,,,,,[실적치] · 등급 1 · Low - Medium (10-20%),WRI Aqueduct 4.0,https://files.wri.org/aqueduct/aqueduct-4-0-country-rankings.zip,CC-BY-4.0,B-017_WRI Aqueduct 물 스트레스 지수.xlsx,1.1_observation(측정값),539,
B-017,WRI Aqueduct 물 스트레스 지수,observation,vnm-v121-b-017-obs-540-26835fc0968570a1,B-017_bws_prov_one_ha_na_tmi,VNM,2023,1.8894,점,,,,,,[실적치] · 등급 1 · Low - Medium (10-20%),WRI Aqueduct 4.0,https://files.wri.org/aqueduct/aqueduct-4-0-country-rankings.zip,CC-BY-4.0,B-017_WRI Aqueduct 물 스트레스 지수.xlsx,1.1_observation(측정값),540,
B-017,WRI Aqueduct 물 스트레스 지수,observation,vnm-v121-b-017-obs-541-f3d0dd26eeee2030,B-017_bws_prov_one_ha_ta_nh,VNM,2023,1.9193,점,,,,,,[실적치] · 등급 1 · Low - Medium (10-20%),WRI Aqueduct 4.0,https://files.wri.org/aqueduct/aqueduct-4-0-country-rankings.zip,CC-BY-4.0,B-017_WRI Aqueduct 물 스트레스 지수.xlsx,1.1_observation(측정값),541,
B-017,WRI Aqueduct 물 스트레스 지수,observation,vnm-v121-b-017-obs-542-9e2e3254491ba6a1,B-017_bws_prov_one_h_ng_yaan,VNM,2023,1.4312,점,,,,,,[실적치] · 등급 1 · Low - Medium (10-20%),WRI Aqueduct 4.0,https://files.wri.org/aqueduct/aqueduct-4-0-country-rankings.zip,CC-BY-4.0,B-017_WRI Aqueduct 물 스트레스 지수.xlsx,1.1_observation(측정값),542,
B-017,WRI Aqueduct 물 스트레스 지수,observation,vnm-v121-b-017-obs-543-a9916d10d6a4f10f,B-017_bws_prov_one_hao_i_d_ng,VNM,2023,2.0418,점,,,,,,[실적치] · 등급 2 · Medium - High (20-40%),WRI Aqueduct 4.0,https://files.wri.org/aqueduct/aqueduct-4-0-country-rankings.zip,CC-BY-4.0,B-017_WRI Aqueduct 물 스트레스 지수.xlsx,1.1_observation(측정값),543,
B-017,WRI Aqueduct 물 스트레스 지수,observation,vnm-v121-b-017-obs-544-b11f4df83234f4c3,B-017_bws_prov_one_hao_i_pha2ng,VNM,2023,2.0418,점,,,,,,[실적치] · 등급 2 · Medium - High (20-40%),WRI Aqueduct 4.0,https://files.wri.org/aqueduct/aqueduct-4-0-country-rankings.zip,CC-BY-4.0,B-017_WRI Aqueduct 물 스트레스 지수.xlsx,1.1_observation(측정값),544,
B-017,WRI Aqueduct 물 스트레스 지수,observation,vnm-v121-b-017-obs-545-ae3c5a05d249785a,B-017_bws_prov_one_hao_u_giang,VNM,2023,1.864,점,,,,,,[실적치] · 등급 1 · Low - Medium (10-20%),WRI Aqueduct 4.0,https://files.wri.org/aqueduct/aqueduct-4-0-country-rankings.zip,CC-BY-4.0,B-017_WRI Aqueduct 물 스트레스 지수.xlsx,1.1_observation(측정값),545,
B-017,WRI Aqueduct 물 스트레스 지수,observation,vnm-v121-b-017-obs-546-7199d9fa82cb8fdd,B-017_bws_prov_one_ha_cha_minh,VNM,2023,1.3753,점,,,,,,[실적치] · 등급 1 · Low - Medium (10-20%),WRI Aqueduct 4.0,https://files.wri.org/aqueduct/aqueduct-4-0-country-rankings.zip,CC-BY-4.0,B-017_WRI Aqueduct 물 스트레스 지수.xlsx,1.1_observation(측정값),546,
B-017,WRI Aqueduct 물 스트레스 지수,observation,vnm-v121-b-017-obs-547-5cd185a11ea4e0ee,B-017_bws_prov_one_kha_nh_ha2a,VNM,2023,1.037,점,,,,,,[실적치] · 등급 1 · Low - Medium (10-20%),WRI Aqueduct 4.0,https://files.wri.org/aqueduct/aqueduct-4-0-country-rankings.zip,CC-BY-4.0,B-017_WRI Aqueduct 물 스트레스 지수.xlsx,1.1_observation(측정값),547,
B-017,WRI Aqueduct 물 스트레스 지수,observation,vnm-v121-b-017-obs-548-e7a060343990b42f,B-017_bws_prov_one_kiaan_giang,VNM,2023,1.398,점,,,,,,[실적치] · 등급 1 · Low - Medium (10-20%),WRI Aqueduct 4.0,https://files.wri.org/aqueduct/aqueduct-4-0-country-rankings.zip,CC-BY-4.0,B-017_WRI Aqueduct 물 스트레스 지수.xlsx,1.1_observation(측정값),548,
B-017,WRI Aqueduct 물 스트레스 지수,observation,vnm-v121-b-017-obs-549-59ad0b78ddf2c115,B-017_bws_prov_one_kon_tum,VNM,2023,0.3896,점,,,,,,[실적치] · 등급 0 · Low (<10%),WRI Aqueduct 4.0,https://files.wri.org/aqueduct/aqueduct-4-0-country-rankings.zip,CC-BY-4.0,B-017_WRI Aqueduct 물 스트레스 지수.xlsx,1.1_observation(측정값),549,
B-017,WRI Aqueduct 물 스트레스 지수,observation,vnm-v121-b-017-obs-550-77c04878b51b5885,B-017_bws_prov_one_lai_cha_u,VNM,2023,0.4723,점,,,,,,[실적치] · 등급 0 · Low (<10%),WRI Aqueduct 4.0,https://files.wri.org/aqueduct/aqueduct-4-0-country-rankings.zip,CC-BY-4.0,B-017_WRI Aqueduct 물 스트레스 지수.xlsx,1.1_observation(측정값),550,
B-017,WRI Aqueduct 물 스트레스 지수,observation,vnm-v121-b-017-obs-551-49c3406d37d60614,B-017_bws_prov_one_long_an,VNM,2023,3.0744,점,,,,,,[실적치] · 등급 3 · High (40-80%),WRI Aqueduct 4.0,https://files.wri.org/aqueduct/aqueduct-4-0-country-rankings.zip,CC-BY-4.0,B-017_WRI Aqueduct 물 스트레스 지수.xlsx,1.1_observation(측정값),551,
B-017,WRI Aqueduct 물 스트레스 지수,observation,vnm-v121-b-017-obs-552-138e93db33d82231,B-017_bws_prov_one_la_o_cai,VNM,2023,0.1436,점,,,,,,[실적치] · 등급 0 · Low (<10%),WRI Aqueduct 4.0,https://files.wri.org/aqueduct/aqueduct-4-0-country-rankings.zip,CC-BY-4.0,B-017_WRI Aqueduct 물 스트레스 지수.xlsx,1.1_observation(측정값),552,
B-017,WRI Aqueduct 물 스트레스 지수,observation,vnm-v121-b-017-obs-553-73f6477deb919c84,B-017_bws_prov_one_la_m_a_a_ng,VNM,2023,0.9169,점,,,,,,[실적치] · 등급 0 · Low (<10%),WRI Aqueduct 4.0,https://files.wri.org/aqueduct/aqueduct-4-0-country-rankings.zip,CC-BY-4.0,B-017_WRI Aqueduct 물 스트레스 지수.xlsx,1.1_observation(측정값),553,
B-017,WRI Aqueduct 물 스트레스 지수,observation,vnm-v121-b-017-obs-554-48910b02073cdadd,B-017_bws_prov_one_lao_ng_s_n,VNM,2023,1.9427,점,,,,,,[실적치] · 등급 1 · Low - Medium (10-20%),WRI Aqueduct 4.0,https://files.wri.org/aqueduct/aqueduct-4-0-country-rankings.zip,CC-BY-4.0,B-017_WRI Aqueduct 물 스트레스 지수.xlsx,1.1_observation(측정값),554,
B-017,WRI Aqueduct 물 스트레스 지수,observation,vnm-v121-b-017-obs-555-5b39121e71c4f721,B-017_bws_prov_one_nam_a_a_nh,VNM,2023,1.4312,점,,,,,,[실적치] · 등급 1 · Low - Medium (10-20%),WRI Aqueduct 4.0,https://files.wri.org/aqueduct/aqueduct-4-0-country-rankings.zip,CC-BY-4.0,B-017_WRI Aqueduct 물 스트레스 지수.xlsx,1.1_observation(측정값),555,
B-017,WRI Aqueduct 물 스트레스 지수,observation,vnm-v121-b-017-obs-556-b1b4adf353af0c3d,B-017_bws_prov_one_ngha_an,VNM,2023,3.151,점,,,,,,[실적치] · 등급 3 · High (40-80%),WRI Aqueduct 4.0,https://files.wri.org/aqueduct/aqueduct-4-0-country-rankings.zip,CC-BY-4.0,B-017_WRI Aqueduct 물 스트레스 지수.xlsx,1.1_observation(측정값),556,
B-017,WRI Aqueduct 물 스트레스 지수,observation,vnm-v121-b-017-obs-557-5f1bb00dded4823c,B-017_bws_prov_one_ninh_ba_nh,VNM,2023,1.9543,점,,,,,,[실적치] · 등급 1 · Low - Medium (10-20%),WRI Aqueduct 4.0,https://files.wri.org/aqueduct/aqueduct-4-0-country-rankings.zip,CC-BY-4.0,B-017_WRI Aqueduct 물 스트레스 지수.xlsx,1.1_observation(측정값),557,
B-017,WRI Aqueduct 물 스트레스 지수,observation,vnm-v121-b-017-obs-558-d5e36aaefa99ce12,B-017_bws_prov_one_ninh_thuao_n,VNM,2023,1.0545,점,,,,,,[실적치] · 등급 1 · Low - Medium (10-20%),WRI Aqueduct 4.0,https://files.wri.org/aqueduct/aqueduct-4-0-country-rankings.zip,CC-BY-4.0,B-017_WRI Aqueduct 물 스트레스 지수.xlsx,1.1_observation(측정값),558,
B-017,WRI Aqueduct 물 스트레스 지수,observation,vnm-v121-b-017-obs-559-37c9f5f6f3143f37,B-017_bws_prov_one_phao_tha,VNM,2023,0.0477,점,,,,,,[실적치] · 등급 0 · Low (<10%),WRI Aqueduct 4.0,https://files.wri.org/aqueduct/aqueduct-4-0-country-rankings.zip,CC-BY-4.0,B-017_WRI Aqueduct 물 스트레스 지수.xlsx,1.1_observation(측정값),559,
B-017,WRI Aqueduct 물 스트레스 지수,observation,vnm-v121-b-017-obs-560-94bff76420b355c4,B-017_bws_prov_one_phao_yaan,VNM,2023,1.5235,점,,,,,,[실적치] · 등급 1 · Low - Medium (10-20%),WRI Aqueduct 4.0,https://files.wri.org/aqueduct/aqueduct-4-0-country-rankings.zip,CC-BY-4.0,B-017_WRI Aqueduct 물 스트레스 지수.xlsx,1.1_observation(측정값),560,
B-017,WRI Aqueduct 물 스트레스 지수,observation,vnm-v121-b-017-obs-561-734a6b4cf4bc3ac2,B-017_bws_prov_one_quao_ng_ba_nh,VNM,2023,1.531,점,,,,,,[실적치] · 등급 1 · Low - Medium (10-20%),WRI Aqueduct 4.0,https://files.wri.org/aqueduct/aqueduct-4-0-country-rankings.zip,CC-BY-4.0,B-017_WRI Aqueduct 물 스트레스 지수.xlsx,1.1_observation(측정값),561,
B-017,WRI Aqueduct 물 스트레스 지수,observation,vnm-v121-b-017-obs-562-ca61e39e11c8b5be,B-017_bws_prov_one_quao_ng_nam,VNM,2023,1.3094,점,,,,,,[실적치] · 등급 1 · Low - Medium (10-20%),WRI Aqueduct 4.0,https://files.wri.org/aqueduct/aqueduct-4-0-country-rankings.zip,CC-BY-4.0,B-017_WRI Aqueduct 물 스트레스 지수.xlsx,1.1_observation(측정값),562,
B-017,WRI Aqueduct 물 스트레스 지수,observation,vnm-v121-b-017-obs-563-e8a6f422464c17c9,B-017_bws_prov_one_quao_ng_nga_i,VNM,2023,2.1004,점,,,,,,[실적치] · 등급 2 · Medium - High (20-40%),WRI Aqueduct 4.0,https://files.wri.org/aqueduct/aqueduct-4-0-country-rankings.zip,CC-BY-4.0,B-017_WRI Aqueduct 물 스트레스 지수.xlsx,1.1_observation(측정값),563,
B-017,WRI Aqueduct 물 스트레스 지수,observation,vnm-v121-b-017-obs-564-db3fbcc38ac07996,B-017_bws_prov_one_quao_ng_ninh,VNM,2023,1.8884,점,,,,,,[실적치] · 등급 1 · Low - Medium (10-20%),WRI Aqueduct 4.0,https://files.wri.org/aqueduct/aqueduct-4-0-country-rankings.zip,CC-BY-4.0,B-017_WRI Aqueduct 물 스트레스 지수.xlsx,1.1_observation(측정값),564,
B-017,WRI Aqueduct 물 스트레스 지수,observation,vnm-v121-b-017-obs-565-6af39c9e65442f85,B-017_bws_prov_one_quao_ng_tra,VNM,2023,1.8573,점,,,,,,[실적치] · 등급 1 · Low - Medium (10-20%),WRI Aqueduct 4.0,https://files.wri.org/aqueduct/aqueduct-4-0-country-rankings.zip,CC-BY-4.0,B-017_WRI Aqueduct 물 스트레스 지수.xlsx,1.1_observation(측정값),565,
B-017,WRI Aqueduct 물 스트레스 지수,observation,vnm-v121-b-017-obs-566-6bbcc07b83aa7c03,B-017_bws_prov_one_sa3c_tra_ng,VNM,2023,1.864,점,,,,,,[실적치] · 등급 1 · Low - Medium (10-20%),WRI Aqueduct 4.0,https://files.wri.org/aqueduct/aqueduct-4-0-country-rankings.zip,CC-BY-4.0,B-017_WRI Aqueduct 물 스트레스 지수.xlsx,1.1_observation(측정값),566,
B-017,WRI Aqueduct 물 스트레스 지수,observation,vnm-v121-b-017-obs-567-9eeb5f65d9af3f0e,B-017_bws_prov_one_s_n_la,VNM,2023,0.8258,점,,,,,,[실적치] · 등급 0 · Low (<10%),WRI Aqueduct 4.0,https://files.wri.org/aqueduct/aqueduct-4-0-country-rankings.zip,CC-BY-4.0,B-017_WRI Aqueduct 물 스트레스 지수.xlsx,1.1_observation(측정값),567,
B-017,WRI Aqueduct 물 스트레스 지수,observation,vnm-v121-b-017-obs-568-d8d0f1153aee86ba,B-017_bws_prov_one_thanh_ha3a,VNM,2023,2.1768,점,,,,,,[실적치] · 등급 2 · Medium - High (20-40%),WRI Aqueduct 4.0,https://files.wri.org/aqueduct/aqueduct-4-0-country-rankings.zip,CC-BY-4.0,B-017_WRI Aqueduct 물 스트레스 지수.xlsx,1.1_observation(측정값),568,
B-017,WRI Aqueduct 물 스트레스 지수,observation,vnm-v121-b-017-obs-569-339301237b14c810,B-017_bws_prov_one_tha_i_ba_nh,VNM,2023,1.4312,점,,,,,,[실적치] · 등급 1 · Low - Medium (10-20%),WRI Aqueduct 4.0,https://files.wri.org/aqueduct/aqueduct-4-0-country-rankings.zip,CC-BY-4.0,B-017_WRI Aqueduct 물 스트레스 지수.xlsx,1.1_observation(측정값),569,
B-017,WRI Aqueduct 물 스트레스 지수,observation,vnm-v121-b-017-obs-570-9c0b995614a28e85,B-017_bws_prov_one_tha_i_nguyaan,VNM,2023,2.8058,점,,,,,,[실적치] · 등급 2 · Medium - High (20-40%),WRI Aqueduct 4.0,https://files.wri.org/aqueduct/aqueduct-4-0-country-rankings.zip,CC-BY-4.0,B-017_WRI Aqueduct 물 스트레스 지수.xlsx,1.1_observation(측정값),570,
B-017,WRI Aqueduct 물 스트레스 지수,observation,vnm-v121-b-017-obs-571-7f6159284067efc4,B-017_bws_prov_one_tha_a_thiaan_huao,VNM,2023,0.9486,점,,,,,,[실적치] · 등급 0 · Low (<10%),WRI Aqueduct 4.0,https://files.wri.org/aqueduct/aqueduct-4-0-country-rankings.zip,CC-BY-4.0,B-017_WRI Aqueduct 물 스트레스 지수.xlsx,1.1_observation(측정값),571,
B-017,WRI Aqueduct 물 스트레스 지수,observation,vnm-v121-b-017-obs-572-6473dd0d4ce7d621,B-017_bws_prov_one_tia_n_giang,VNM,2023,3.1584,점,,,,,,[실적치] · 등급 3 · High (40-80%),WRI Aqueduct 4.0,https://files.wri.org/aqueduct/aqueduct-4-0-country-rankings.zip,CC-BY-4.0,B-017_WRI Aqueduct 물 스트레스 지수.xlsx,1.1_observation(측정값),572,
B-017,WRI Aqueduct 물 스트레스 지수,observation,vnm-v121-b-017-obs-573-7be3ce5af6bfca73,B-017_bws_prov_one_tra_vinh,VNM,2023,1.864,점,,,,,,[실적치] · 등급 1 · Low - Medium (10-20%),WRI Aqueduct 4.0,https://files.wri.org/aqueduct/aqueduct-4-0-country-rankings.zip,CC-BY-4.0,B-017_WRI Aqueduct 물 스트레스 지수.xlsx,1.1_observation(측정값),573,
B-017,WRI Aqueduct 물 스트레스 지수,observation,vnm-v121-b-017-obs-574-58dce66952aef004,B-017_bws_prov_one_tuyaan_quang,VNM,2023,0.2385,점,,,,,,[실적치] · 등급 0 · Low (<10%),WRI Aqueduct 4.0,https://files.wri.org/aqueduct/aqueduct-4-0-country-rankings.zip,CC-BY-4.0,B-017_WRI Aqueduct 물 스트레스 지수.xlsx,1.1_observation(측정값),574,
B-017,WRI Aqueduct 물 스트레스 지수,observation,vnm-v121-b-017-obs-575-1c60ef8cba78279c,B-017_bws_prov_one_ta_y_ninh,VNM,2023,3.0744,점,,,,,,[실적치] · 등급 3 · High (40-80%),WRI Aqueduct 4.0,https://files.wri.org/aqueduct/aqueduct-4-0-country-rankings.zip,CC-BY-4.0,B-017_WRI Aqueduct 물 스트레스 지수.xlsx,1.1_observation(측정값),575,
B-017,WRI Aqueduct 물 스트레스 지수,observation,vnm-v121-b-017-obs-576-411da4b6f5919918,B-017_bws_prov_one_va_nh_long,VNM,2023,1.864,점,,,,,,[실적치] · 등급 1 · Low - Medium (10-20%),WRI Aqueduct 4.0,https://files.wri.org/aqueduct/aqueduct-4-0-country-rankings.zip,CC-BY-4.0,B-017_WRI Aqueduct 물 스트레스 지수.xlsx,1.1_observation(측정값),576,
B-017,WRI Aqueduct 물 스트레스 지수,observation,vnm-v121-b-017-obs-577-75990294c344df86,B-017_bws_prov_one_va_nh_phaoc,VNM,2023,1.4123,점,,,,,,[실적치] · 등급 1 · Low - Medium (10-20%),WRI Aqueduct 4.0,https://files.wri.org/aqueduct/aqueduct-4-0-country-rankings.zip,CC-BY-4.0,B-017_WRI Aqueduct 물 스트레스 지수.xlsx,1.1_observation(측정값),577,
B-017,WRI Aqueduct 물 스트레스 지수,observation,vnm-v121-b-017-obs-578-edd0c502d2ace552,B-017_bws_prov_one_yaan_ba_i,VNM,2023,0.0596,점,,,,,,[실적치] · 등급 0 · Low (<10%),WRI Aqueduct 4.0,https://files.wri.org/aqueduct/aqueduct-4-0-country-rankings.zip,CC-BY-4.0,B-017_WRI Aqueduct 물 스트레스 지수.xlsx,1.1_observation(측정값),578,
B-017,WRI Aqueduct 물 스트레스 지수,observation,vnm-v121-b-017-obs-579-2a7fc392db9db14e,B-017_bws_prov_one_a_ia_n_biaan,VNM,2023,0.692,점,,,,,,[실적치] · 등급 0 · Low (<10%),WRI Aqueduct 4.0,https://files.wri.org/aqueduct/aqueduct-4-0-country-rankings.zip,CC-BY-4.0,B-017_WRI Aqueduct 물 스트레스 지수.xlsx,1.1_observation(측정값),579,
B-017,WRI Aqueduct 물 스트레스 지수,observation,vnm-v121-b-017-obs-580-c25c33bb05a9e216,B-017_bws_prov_one_a_a_nao_ng,VNM,2023,1.8972,점,,,,,,[실적치] · 등급 1 · Low - Medium (10-20%),WRI Aqueduct 4.0,https://files.wri.org/aqueduct/aqueduct-4-0-country-rankings.zip,CC-BY-4.0,B-017_WRI Aqueduct 물 스트레스 지수.xlsx,1.1_observation(측정값),580,
B-017,WRI Aqueduct 물 스트레스 지수,observation,vnm-v121-b-017-obs-581-e1c903bccfcf9487,B-017_bws_prov_one_a_ao_k_lao_k,VNM,2023,0.3945,점,,,,,,[실적치] · 등급 0 · Low (<10%),WRI Aqueduct 4.0,https://files.wri.org/aqueduct/aqueduct-4-0-country-rankings.zip,CC-BY-4.0,B-017_WRI Aqueduct 물 스트레스 지수.xlsx,1.1_observation(측정값),581,
B-017,WRI Aqueduct 물 스트레스 지수,observation,vnm-v121-b-017-obs-582-0f4b596d31319bd4,B-017_bws_prov_one_a_ao_k_na_ng,VNM,2023,0.5654,점,,,,,,[실적치] · 등급 0 · Low (<10%),WRI Aqueduct 4.0,https://files.wri.org/aqueduct/aqueduct-4-0-country-rankings.zip,CC-BY-4.0,B-017_WRI Aqueduct 물 스트레스 지수.xlsx,1.1_observation(측정값),582,
B-017,WRI Aqueduct 물 스트레스 지수,observation,vnm-v121-b-017-obs-583-830e0fc8641cdb32,B-017_bws_prov_one_a_a_ng_nai,VNM,2023,1.3753,점,,,,,,[실적치] · 등급 1 · Low - Medium (10-20%),WRI Aqueduct 4.0,https://files.wri.org/aqueduct/aqueduct-4-0-country-rankings.zip,CC-BY-4.0,B-017_WRI Aqueduct 물 스트레스 지수.xlsx,1.1_observation(측정값),583,
B-017,WRI Aqueduct 물 스트레스 지수,observation,vnm-v121-b-017-obs-584-cccba399664b5599,B-017_bws_prov_one_a_a_ng_tha_p,VNM,2023,2.7269,점,,,,,,[실적치] · 등급 2 · Medium - High (20-40%),WRI Aqueduct 4.0,https://files.wri.org/aqueduct/aqueduct-4-0-country-rankings.zip,CC-BY-4.0,B-017_WRI Aqueduct 물 스트레스 지수.xlsx,1.1_observation(측정값),584,
B-017,WRI Aqueduct 물 스트레스 지수,observation,vnm-v121-b-017-obs-585-981c02a4579d173f,B-017_drr_prov_tot_an_giang,VNM,2023,3.5605,점,,,,,,[실적치] · 등급 3 · Medium - High (0.6-0.8),WRI Aqueduct 4.0,https://files.wri.org/aqueduct/aqueduct-4-0-country-rankings.zip,CC-BY-4.0,B-017_WRI Aqueduct 물 스트레스 지수.xlsx,1.1_observation(측정값),585,
B-017,WRI Aqueduct 물 스트레스 지수,observation,vnm-v121-b-017-obs-586-fafaf7c1ec5c181a,B-017_drr_prov_tot_ba_ra_a_va_ng_ta_u,VNM,2023,3.5475,점,,,,,,[실적치] · 등급 3 · Medium - High (0.6-0.8),WRI Aqueduct 4.0,https://files.wri.org/aqueduct/aqueduct-4-0-country-rankings.zip,CC-BY-4.0,B-017_WRI Aqueduct 물 스트레스 지수.xlsx,1.1_observation(측정값),586,
B-017,WRI Aqueduct 물 스트레스 지수,observation,vnm-v121-b-017-obs-587-87c4b9757af600e5,B-017_drr_prov_tot_ba_nh_d_ng,VNM,2023,2.607,점,,,,,,[실적치] · 등급 2 · Medium (0.4-0.6),WRI Aqueduct 4.0,https://files.wri.org/aqueduct/aqueduct-4-0-country-rankings.zip,CC-BY-4.0,B-017_WRI Aqueduct 물 스트레스 지수.xlsx,1.1_observation(측정값),587,
B-017,WRI Aqueduct 물 스트레스 지수,observation,vnm-v121-b-017-obs-588-b5fa0b2bb446a193,B-017_drr_prov_tot_ba_nh_ph_a_c,VNM,2023,2.4573,점,,,,,,[실적치] · 등급 2 · Medium (0.4-0.6),WRI Aqueduct 4.0,https://files.wri.org/aqueduct/aqueduct-4-0-country-rankings.zip,CC-BY-4.0,B-017_WRI Aqueduct 물 스트레스 지수.xlsx,1.1_observation(측정값),588,
B-017,WRI Aqueduct 물 스트레스 지수,observation,vnm-v121-b-017-obs-589-cfcee5ad64445262,B-017_drr_prov_tot_ba_nh_thuao_n,VNM,2023,2.5271,점,,,,,,[실적치] · 등급 2 · Medium (0.4-0.6),WRI Aqueduct 4.0,https://files.wri.org/aqueduct/aqueduct-4-0-country-rankings.zip,CC-BY-4.0,B-017_WRI Aqueduct 물 스트레스 지수.xlsx,1.1_observation(측정값),589,
B-017,WRI Aqueduct 물 스트레스 지수,observation,vnm-v121-b-017-obs-590-5460975105fbd804,B-017_drr_prov_tot_ba_nh_a_a_nh,VNM,2023,2.3373,점,,,,,,[실적치] · 등급 2 · Medium (0.4-0.6),WRI Aqueduct 4.0,https://files.wri.org/aqueduct/aqueduct-4-0-country-rankings.zip,CC-BY-4.0,B-017_WRI Aqueduct 물 스트레스 지수.xlsx,1.1_observation(측정값),590,
B-017,WRI Aqueduct 물 스트레스 지수,observation,vnm-v121-b-017-obs-591-3e99171b9e487c07,B-017_drr_prov_tot_bao_c_liaau,VNM,2023,2.5881,점,,,,,,[실적치] · 등급 2 · Medium (0.4-0.6),WRI Aqueduct 4.0,https://files.wri.org/aqueduct/aqueduct-4-0-country-rankings.zip,CC-BY-4.0,B-017_WRI Aqueduct 물 스트레스 지수.xlsx,1.1_observation(측정값),591,
B-017,WRI Aqueduct 물 스트레스 지수,observation,vnm-v121-b-017-obs-592-f296895eba2f4060,B-017_drr_prov_tot_bao_c_giang,VNM,2023,3.0467,점,,,,,,[실적치] · 등급 3 · Medium - High (0.6-0.8),WRI Aqueduct 4.0,https://files.wri.org/aqueduct/aqueduct-4-0-country-rankings.zip,CC-BY-4.0,B-017_WRI Aqueduct 물 스트레스 지수.xlsx,1.1_observation(측정값),592,
B-017,WRI Aqueduct 물 스트레스 지수,observation,vnm-v121-b-017-obs-593-2f374185a47c88d1,B-017_drr_prov_tot_bao_c_kao_n,VNM,2023,2.6069,점,,,,,,[실적치] · 등급 2 · Medium (0.4-0.6),WRI Aqueduct 4.0,https://files.wri.org/aqueduct/aqueduct-4-0-country-rankings.zip,CC-BY-4.0,B-017_WRI Aqueduct 물 스트레스 지수.xlsx,1.1_observation(측정값),593,
B-017,WRI Aqueduct 물 스트레스 지수,observation,vnm-v121-b-017-obs-594-7950213cef89186e,B-017_drr_prov_tot_bao_c_ninh,VNM,2023,3.9663,점,,,,,,[실적치] · 등급 3 · Medium - High (0.6-0.8),WRI Aqueduct 4.0,https://files.wri.org/aqueduct/aqueduct-4-0-country-rankings.zip,CC-BY-4.0,B-017_WRI Aqueduct 물 스트레스 지수.xlsx,1.1_observation(측정값),594,
B-017,WRI Aqueduct 물 스트레스 지수,observation,vnm-v121-b-017-obs-595-efea6699cef8eebd,B-017_drr_prov_tot_bao_n_tre,VNM,2023,3.8516,점,,,,,,[실적치] · 등급 3 · Medium - High (0.6-0.8),WRI Aqueduct 4.0,https://files.wri.org/aqueduct/aqueduct-4-0-country-rankings.zip,CC-BY-4.0,B-017_WRI Aqueduct 물 스트레스 지수.xlsx,1.1_observation(측정값),595,
B-017,WRI Aqueduct 물 스트레스 지수,observation,vnm-v121-b-017-obs-596-d86aadacb21dc7e8,B-017_drr_prov_tot_cao_bao_ng,VNM,2023,2.3807,점,,,,,,[실적치] · 등급 2 · Medium (0.4-0.6),WRI Aqueduct 4.0,https://files.wri.org/aqueduct/aqueduct-4-0-country-rankings.zip,CC-BY-4.0,B-017_WRI Aqueduct 물 스트레스 지수.xlsx,1.1_observation(측정값),596,
B-017,WRI Aqueduct 물 스트레스 지수,observation,vnm-v121-b-017-obs-597-7d4e335434b22801,B-017_drr_prov_tot_ca_mau,VNM,2023,2.6206,점,,,,,,[실적치] · 등급 2 · Medium (0.4-0.6),WRI Aqueduct 4.0,https://files.wri.org/aqueduct/aqueduct-4-0-country-rankings.zip,CC-BY-4.0,B-017_WRI Aqueduct 물 스트레스 지수.xlsx,1.1_observation(측정값),597,
B-017,WRI Aqueduct 물 스트레스 지수,observation,vnm-v121-b-017-obs-598-f12eaec27474cce1,B-017_drr_prov_tot_cao_n_th,VNM,2023,3.6871,점,,,,,,[실적치] · 등급 3 · Medium - High (0.6-0.8),WRI Aqueduct 4.0,https://files.wri.org/aqueduct/aqueduct-4-0-country-rankings.zip,CC-BY-4.0,B-017_WRI Aqueduct 물 스트레스 지수.xlsx,1.1_observation(측정값),598,
B-017,WRI Aqueduct 물 스트레스 지수,observation,vnm-v121-b-017-obs-599-3320695d4a5e5792,B-017_drr_prov_tot_gia_lai,VNM,2023,2.1358,점,,,,,,[실적치] · 등급 2 · Medium (0.4-0.6),WRI Aqueduct 4.0,https://files.wri.org/aqueduct/aqueduct-4-0-country-rankings.zip,CC-BY-4.0,B-017_WRI Aqueduct 물 스트레스 지수.xlsx,1.1_observation(측정값),599,
B-017,WRI Aqueduct 물 스트레스 지수,observation,vnm-v121-b-017-obs-600-ef00b3c31b5ea348,B-017_drr_prov_tot_hoa_ba_nh,VNM,2023,3.388,점,,,,,,[실적치] · 등급 3 · Medium - High (0.6-0.8),WRI Aqueduct 4.0,https://files.wri.org/aqueduct/aqueduct-4-0-country-rankings.zip,CC-BY-4.0,B-017_WRI Aqueduct 물 스트레스 지수.xlsx,1.1_observation(측정값),600,
B-017,WRI Aqueduct 물 스트레스 지수,observation,vnm-v121-b-017-obs-601-4a0bc8bc563731b9,B-017_drr_prov_tot_ha_giang,VNM,2023,2.0989,점,,,,,,[실적치] · 등급 2 · Medium (0.4-0.6),WRI Aqueduct 4.0,https://files.wri.org/aqueduct/aqueduct-4-0-country-rankings.zip,CC-BY-4.0,B-017_WRI Aqueduct 물 스트레스 지수.xlsx,1.1_observation(측정값),601,
B-017,WRI Aqueduct 물 스트레스 지수,observation,vnm-v121-b-017-obs-602-ab71243735a9529e,B-017_drr_prov_tot_ha_nam,VNM,2023,4.1089,점,,,,,,[실적치] · 등급 4 · High (0.8-1.0),WRI Aqueduct 4.0,https://files.wri.org/aqueduct/aqueduct-4-0-country-rankings.zip,CC-BY-4.0,B-017_WRI Aqueduct 물 스트레스 지수.xlsx,1.1_observation(측정값),602,
B-017,WRI Aqueduct 물 스트레스 지수,observation,vnm-v121-b-017-obs-603-097b9c6833920b76,B-017_drr_prov_tot_ha_na_tmi,VNM,2023,3.5887,점,,,,,,[실적치] · 등급 3 · Medium - High (0.6-0.8),WRI Aqueduct 4.0,https://files.wri.org/aqueduct/aqueduct-4-0-country-rankings.zip,CC-BY-4.0,B-017_WRI Aqueduct 물 스트레스 지수.xlsx,1.1_observation(측정값),603,
B-017,WRI Aqueduct 물 스트레스 지수,observation,vnm-v121-b-017-obs-604-837fee982300e146,B-017_drr_prov_tot_ha_ta_nh,VNM,2023,3.5279,점,,,,,,[실적치] · 등급 3 · Medium - High (0.6-0.8),WRI Aqueduct 4.0,https://files.wri.org/aqueduct/aqueduct-4-0-country-rankings.zip,CC-BY-4.0,B-017_WRI Aqueduct 물 스트레스 지수.xlsx,1.1_observation(측정값),604,
B-017,WRI Aqueduct 물 스트레스 지수,observation,vnm-v121-b-017-obs-605-25174108a0d130cc,B-017_drr_prov_tot_h_ng_yaan,VNM,2023,4.1345,점,,,,,,[실적치] · 등급 4 · High (0.8-1.0),WRI Aqueduct 4.0,https://files.wri.org/aqueduct/aqueduct-4-0-country-rankings.zip,CC-BY-4.0,B-017_WRI Aqueduct 물 스트레스 지수.xlsx,1.1_observation(측정값),605,
B-017,WRI Aqueduct 물 스트레스 지수,observation,vnm-v121-b-017-obs-606-392828bfc3056983,B-017_drr_prov_tot_hao_i_d_ng,VNM,2023,3.3213,점,,,,,,[실적치] · 등급 3 · Medium - High (0.6-0.8),WRI Aqueduct 4.0,https://files.wri.org/aqueduct/aqueduct-4-0-country-rankings.zip,CC-BY-4.0,B-017_WRI Aqueduct 물 스트레스 지수.xlsx,1.1_observation(측정값),606,
B-017,WRI Aqueduct 물 스트레스 지수,observation,vnm-v121-b-017-obs-607-84b3770c2bb78f97,B-017_drr_prov_tot_hao_i_pha2ng,VNM,2023,3.7392,점,,,,,,[실적치] · 등급 3 · Medium - High (0.6-0.8),WRI Aqueduct 4.0,https://files.wri.org/aqueduct/aqueduct-4-0-country-rankings.zip,CC-BY-4.0,B-017_WRI Aqueduct 물 스트레스 지수.xlsx,1.1_observation(측정값),607,
B-017,WRI Aqueduct 물 스트레스 지수,observation,vnm-v121-b-017-obs-608-546647001b038e83,B-017_drr_prov_tot_hao_u_giang,VNM,2023,3.5041,점,,,,,,[실적치] · 등급 3 · Medium - High (0.6-0.8),WRI Aqueduct 4.0,https://files.wri.org/aqueduct/aqueduct-4-0-country-rankings.zip,CC-BY-4.0,B-017_WRI Aqueduct 물 스트레스 지수.xlsx,1.1_observation(측정값),608,
B-017,WRI Aqueduct 물 스트레스 지수,observation,vnm-v121-b-017-obs-609-d4fc7ab4f47d0e3a,B-017_drr_prov_tot_ha_cha_minh,VNM,2023,3.4242,점,,,,,,[실적치] · 등급 3 · Medium - High (0.6-0.8),WRI Aqueduct 4.0,https://files.wri.org/aqueduct/aqueduct-4-0-country-rankings.zip,CC-BY-4.0,B-017_WRI Aqueduct 물 스트레스 지수.xlsx,1.1_observation(측정값),609,
B-017,WRI Aqueduct 물 스트레스 지수,observation,vnm-v121-b-017-obs-610-50cc3c4d2df9fde0,B-017_drr_prov_tot_kha_nh_ha2a,VNM,2023,2.6451,점,,,,,,[실적치] · 등급 2 · Medium (0.4-0.6),WRI Aqueduct 4.0,https://files.wri.org/aqueduct/aqueduct-4-0-country-rankings.zip,CC-BY-4.0,B-017_WRI Aqueduct 물 스트레스 지수.xlsx,1.1_observation(측정값),610,
B-017,WRI Aqueduct 물 스트레스 지수,observation,vnm-v121-b-017-obs-611-f6762c412b3d754e,B-017_drr_prov_tot_kiaan_giang,VNM,2023,2.9952,점,,,,,,[실적치] · 등급 2 · Medium (0.4-0.6),WRI Aqueduct 4.0,https://files.wri.org/aqueduct/aqueduct-4-0-country-rankings.zip,CC-BY-4.0,B-017_WRI Aqueduct 물 스트레스 지수.xlsx,1.1_observation(측정값),611,
B-017,WRI Aqueduct 물 스트레스 지수,observation,vnm-v121-b-017-obs-612-9566f55f7955d1de,B-017_drr_prov_tot_kon_tum,VNM,2023,2.3758,점,,,,,,[실적치] · 등급 2 · Medium (0.4-0.6),WRI Aqueduct 4.0,https://files.wri.org/aqueduct/aqueduct-4-0-country-rankings.zip,CC-BY-4.0,B-017_WRI Aqueduct 물 스트레스 지수.xlsx,1.1_observation(측정값),612,
B-017,WRI Aqueduct 물 스트레스 지수,observation,vnm-v121-b-017-obs-613-9db1ce697d887ae1,B-017_drr_prov_tot_lai_cha_u,VNM,2023,1.7854,점,,,,,,[실적치] · 등급 1 · Low - Medium (0.2-0.4),WRI Aqueduct 4.0,https://files.wri.org/aqueduct/aqueduct-4-0-country-rankings.zip,CC-BY-4.0,B-017_WRI Aqueduct 물 스트레스 지수.xlsx,1.1_observation(측정값),613,
B-017,WRI Aqueduct 물 스트레스 지수,observation,vnm-v121-b-017-obs-614-d0f11a3d5808a36c,B-017_drr_prov_tot_long_an,VNM,2023,3.5626,점,,,,,,[실적치] · 등급 3 · Medium - High (0.6-0.8),WRI Aqueduct 4.0,https://files.wri.org/aqueduct/aqueduct-4-0-country-rankings.zip,CC-BY-4.0,B-017_WRI Aqueduct 물 스트레스 지수.xlsx,1.1_observation(측정값),614,
B-017,WRI Aqueduct 물 스트레스 지수,observation,vnm-v121-b-017-obs-615-56ec4aa4b37a2745,B-017_drr_prov_tot_la_o_cai,VNM,2023,2.186,점,,,,,,[실적치] · 등급 2 · Medium (0.4-0.6),WRI Aqueduct 4.0,https://files.wri.org/aqueduct/aqueduct-4-0-country-rankings.zip,CC-BY-4.0,B-017_WRI Aqueduct 물 스트레스 지수.xlsx,1.1_observation(측정값),615,
B-017,WRI Aqueduct 물 스트레스 지수,observation,vnm-v121-b-017-obs-616-246dfb6c6600d8b0,B-017_drr_prov_tot_la_m_a_a_ng,VNM,2023,1.5816,점,,,,,,[실적치] · 등급 1 · Low - Medium (0.2-0.4),WRI Aqueduct 4.0,https://files.wri.org/aqueduct/aqueduct-4-0-country-rankings.zip,CC-BY-4.0,B-017_WRI Aqueduct 물 스트레스 지수.xlsx,1.1_observation(측정값),616,
B-017,WRI Aqueduct 물 스트레스 지수,observation,vnm-v121-b-017-obs-617-3223192eb58f10aa,B-017_drr_prov_tot_lao_ng_s_n,VNM,2023,2.2776,점,,,,,,[실적치] · 등급 2 · Medium (0.4-0.6),WRI Aqueduct 4.0,https://files.wri.org/aqueduct/aqueduct-4-0-country-rankings.zip,CC-BY-4.0,B-017_WRI Aqueduct 물 스트레스 지수.xlsx,1.1_observation(측정값),617,
B-017,WRI Aqueduct 물 스트레스 지수,observation,vnm-v121-b-017-obs-618-0c33d8ac42afa3ac,B-017_drr_prov_tot_nam_a_a_nh,VNM,2023,3.574,점,,,,,,[실적치] · 등급 3 · Medium - High (0.6-0.8),WRI Aqueduct 4.0,https://files.wri.org/aqueduct/aqueduct-4-0-country-rankings.zip,CC-BY-4.0,B-017_WRI Aqueduct 물 스트레스 지수.xlsx,1.1_observation(측정값),618,
B-017,WRI Aqueduct 물 스트레스 지수,observation,vnm-v121-b-017-obs-619-dde910a59350cdd8,B-017_drr_prov_tot_ngha_an,VNM,2023,2.6378,점,,,,,,[실적치] · 등급 2 · Medium (0.4-0.6),WRI Aqueduct 4.0,https://files.wri.org/aqueduct/aqueduct-4-0-country-rankings.zip,CC-BY-4.0,B-017_WRI Aqueduct 물 스트레스 지수.xlsx,1.1_observation(측정값),619,
B-017,WRI Aqueduct 물 스트레스 지수,observation,vnm-v121-b-017-obs-620-cce338e861cad22c,B-017_drr_prov_tot_ninh_ba_nh,VNM,2023,3.7736,점,,,,,,[실적치] · 등급 3 · Medium - High (0.6-0.8),WRI Aqueduct 4.0,https://files.wri.org/aqueduct/aqueduct-4-0-country-rankings.zip,CC-BY-4.0,B-017_WRI Aqueduct 물 스트레스 지수.xlsx,1.1_observation(측정값),620,
B-017,WRI Aqueduct 물 스트레스 지수,observation,vnm-v121-b-017-obs-621-c16738b725c7b5b4,B-017_drr_prov_tot_ninh_thuao_n,VNM,2023,2.7271,점,,,,,,[실적치] · 등급 2 · Medium (0.4-0.6),WRI Aqueduct 4.0,https://files.wri.org/aqueduct/aqueduct-4-0-country-rankings.zip,CC-BY-4.0,B-017_WRI Aqueduct 물 스트레스 지수.xlsx,1.1_observation(측정값),621,
B-017,WRI Aqueduct 물 스트레스 지수,observation,vnm-v121-b-017-obs-622-fc02db630368f70b,B-017_drr_prov_tot_phao_tha,VNM,2023,2.677,점,,,,,,[실적치] · 등급 2 · Medium (0.4-0.6),WRI Aqueduct 4.0,https://files.wri.org/aqueduct/aqueduct-4-0-country-rankings.zip,CC-BY-4.0,B-017_WRI Aqueduct 물 스트레스 지수.xlsx,1.1_observation(측정값),622,
B-017,WRI Aqueduct 물 스트레스 지수,observation,vnm-v121-b-017-obs-623-43b6017a178a8185,B-017_drr_prov_tot_phao_yaan,VNM,2023,3.2573,점,,,,,,[실적치] · 등급 3 · Medium - High (0.6-0.8),WRI Aqueduct 4.0,https://files.wri.org/aqueduct/aqueduct-4-0-country-rankings.zip,CC-BY-4.0,B-017_WRI Aqueduct 물 스트레스 지수.xlsx,1.1_observation(측정값),623,
B-017,WRI Aqueduct 물 스트레스 지수,observation,vnm-v121-b-017-obs-624-719db01e5c9e7e14,B-017_drr_prov_tot_quao_ng_ba_nh,VNM,2023,3.2882,점,,,,,,[실적치] · 등급 3 · Medium - High (0.6-0.8),WRI Aqueduct 4.0,https://files.wri.org/aqueduct/aqueduct-4-0-country-rankings.zip,CC-BY-4.0,B-017_WRI Aqueduct 물 스트레스 지수.xlsx,1.1_observation(측정값),624,
B-017,WRI Aqueduct 물 스트레스 지수,observation,vnm-v121-b-017-obs-625-02e8eff8ba87503a,B-017_drr_prov_tot_quao_ng_nam,VNM,2023,2.1866,점,,,,,,[실적치] · 등급 2 · Medium (0.4-0.6),WRI Aqueduct 4.0,https://files.wri.org/aqueduct/aqueduct-4-0-country-rankings.zip,CC-BY-4.0,B-017_WRI Aqueduct 물 스트레스 지수.xlsx,1.1_observation(측정값),625,
B-017,WRI Aqueduct 물 스트레스 지수,observation,vnm-v121-b-017-obs-626-eeda733ffeb65e02,B-017_drr_prov_tot_quao_ng_nga_i,VNM,2023,2.5424,점,,,,,,[실적치] · 등급 2 · Medium (0.4-0.6),WRI Aqueduct 4.0,https://files.wri.org/aqueduct/aqueduct-4-0-country-rankings.zip,CC-BY-4.0,B-017_WRI Aqueduct 물 스트레스 지수.xlsx,1.1_observation(측정값),626,
B-017,WRI Aqueduct 물 스트레스 지수,observation,vnm-v121-b-017-obs-627-6ecbb8e794624795,B-017_drr_prov_tot_quao_ng_ninh,VNM,2023,2.3433,점,,,,,,[실적치] · 등급 2 · Medium (0.4-0.6),WRI Aqueduct 4.0,https://files.wri.org/aqueduct/aqueduct-4-0-country-rankings.zip,CC-BY-4.0,B-017_WRI Aqueduct 물 스트레스 지수.xlsx,1.1_observation(측정값),627,
B-017,WRI Aqueduct 물 스트레스 지수,observation,vnm-v121-b-017-obs-628-58b65554b7c34bf0,B-017_drr_prov_tot_quao_ng_tra,VNM,2023,2.9918,점,,,,,,[실적치] · 등급 2 · Medium (0.4-0.6),WRI Aqueduct 4.0,https://files.wri.org/aqueduct/aqueduct-4-0-country-rankings.zip,CC-BY-4.0,B-017_WRI Aqueduct 물 스트레스 지수.xlsx,1.1_observation(측정값),628,
B-017,WRI Aqueduct 물 스트레스 지수,observation,vnm-v121-b-017-obs-629-4aca792db9c72461,B-017_drr_prov_tot_sa3c_tra_ng,VNM,2023,3.7321,점,,,,,,[실적치] · 등급 3 · Medium - High (0.6-0.8),WRI Aqueduct 4.0,https://files.wri.org/aqueduct/aqueduct-4-0-country-rankings.zip,CC-BY-4.0,B-017_WRI Aqueduct 물 스트레스 지수.xlsx,1.1_observation(측정값),629,
B-017,WRI Aqueduct 물 스트레스 지수,observation,vnm-v121-b-017-obs-630-8628d57d2e02e5cf,B-017_drr_prov_tot_s_n_la,VNM,2023,2.0174,점,,,,,,[실적치] · 등급 2 · Medium (0.4-0.6),WRI Aqueduct 4.0,https://files.wri.org/aqueduct/aqueduct-4-0-country-rankings.zip,CC-BY-4.0,B-017_WRI Aqueduct 물 스트레스 지수.xlsx,1.1_observation(측정값),630,
B-017,WRI Aqueduct 물 스트레스 지수,observation,vnm-v121-b-017-obs-631-7985c32eaddcfa7b,B-017_drr_prov_tot_thanh_ha3a,VNM,2023,2.8242,점,,,,,,[실적치] · 등급 2 · Medium (0.4-0.6),WRI Aqueduct 4.0,https://files.wri.org/aqueduct/aqueduct-4-0-country-rankings.zip,CC-BY-4.0,B-017_WRI Aqueduct 물 스트레스 지수.xlsx,1.1_observation(측정값),631,
B-017,WRI Aqueduct 물 스트레스 지수,observation,vnm-v121-b-017-obs-632-c328c57e1cf11e3e,B-017_drr_prov_tot_tha_i_ba_nh,VNM,2023,3.6396,점,,,,,,[실적치] · 등급 3 · Medium - High (0.6-0.8),WRI Aqueduct 4.0,https://files.wri.org/aqueduct/aqueduct-4-0-country-rankings.zip,CC-BY-4.0,B-017_WRI Aqueduct 물 스트레스 지수.xlsx,1.1_observation(측정값),632,
B-017,WRI Aqueduct 물 스트레스 지수,observation,vnm-v121-b-017-obs-633-4802cac6f2bacc5a,B-017_drr_prov_tot_tha_i_nguyaan,VNM,2023,3.9811,점,,,,,,[실적치] · 등급 3 · Medium - High (0.6-0.8),WRI Aqueduct 4.0,https://files.wri.org/aqueduct/aqueduct-4-0-country-rankings.zip,CC-BY-4.0,B-017_WRI Aqueduct 물 스트레스 지수.xlsx,1.1_observation(측정값),633,
B-017,WRI Aqueduct 물 스트레스 지수,observation,vnm-v121-b-017-obs-634-b6b7a6f4c2ba3d96,B-017_drr_prov_tot_tha_a_thiaan_huao,VNM,2023,1.9638,점,,,,,,[실적치] · 등급 1 · Low - Medium (0.2-0.4),WRI Aqueduct 4.0,https://files.wri.org/aqueduct/aqueduct-4-0-country-rankings.zip,CC-BY-4.0,B-017_WRI Aqueduct 물 스트레스 지수.xlsx,1.1_observation(측정값),634,
B-017,WRI Aqueduct 물 스트레스 지수,observation,vnm-v121-b-017-obs-635-32f0a0039ff1fde4,B-017_drr_prov_tot_tia_n_giang,VNM,2023,3.013,점,,,,,,[실적치] · 등급 3 · Medium - High (0.6-0.8),WRI Aqueduct 4.0,https://files.wri.org/aqueduct/aqueduct-4-0-country-rankings.zip,CC-BY-4.0,B-017_WRI Aqueduct 물 스트레스 지수.xlsx,1.1_observation(측정값),635,
B-017,WRI Aqueduct 물 스트레스 지수,observation,vnm-v121-b-017-obs-636-334b02541b096f5a,B-017_drr_prov_tot_tra_vinh,VNM,2023,3.9831,점,,,,,,[실적치] · 등급 3 · Medium - High (0.6-0.8),WRI Aqueduct 4.0,https://files.wri.org/aqueduct/aqueduct-4-0-country-rankings.zip,CC-BY-4.0,B-017_WRI Aqueduct 물 스트레스 지수.xlsx,1.1_observation(측정값),636,
B-017,WRI Aqueduct 물 스트레스 지수,observation,vnm-v121-b-017-obs-637-107b86aa436ff5b6,B-017_drr_prov_tot_tuyaan_quang,VNM,2023,2.4978,점,,,,,,[실적치] · 등급 2 · Medium (0.4-0.6),WRI Aqueduct 4.0,https://files.wri.org/aqueduct/aqueduct-4-0-country-rankings.zip,CC-BY-4.0,B-017_WRI Aqueduct 물 스트레스 지수.xlsx,1.1_observation(측정값),637,
B-017,WRI Aqueduct 물 스트레스 지수,observation,vnm-v121-b-017-obs-638-f723b1c6fbf17a84,B-017_drr_prov_tot_ta_y_ninh,VNM,2023,2.5995,점,,,,,,[실적치] · 등급 2 · Medium (0.4-0.6),WRI Aqueduct 4.0,https://files.wri.org/aqueduct/aqueduct-4-0-country-rankings.zip,CC-BY-4.0,B-017_WRI Aqueduct 물 스트레스 지수.xlsx,1.1_observation(측정값),638,
B-017,WRI Aqueduct 물 스트레스 지수,observation,vnm-v121-b-017-obs-639-06206b428effcb3f,B-017_drr_prov_tot_va_nh_long,VNM,2023,4.0376,점,,,,,,[실적치] · 등급 4 · High (0.8-1.0),WRI Aqueduct 4.0,https://files.wri.org/aqueduct/aqueduct-4-0-country-rankings.zip,CC-BY-4.0,B-017_WRI Aqueduct 물 스트레스 지수.xlsx,1.1_observation(측정값),639,
B-017,WRI Aqueduct 물 스트레스 지수,observation,vnm-v121-b-017-obs-640-207c2f4750a5cef8,B-017_drr_prov_tot_va_nh_phaoc,VNM,2023,3.3742,점,,,,,,[실적치] · 등급 3 · Medium - High (0.6-0.8),WRI Aqueduct 4.0,https://files.wri.org/aqueduct/aqueduct-4-0-country-rankings.zip,CC-BY-4.0,B-017_WRI Aqueduct 물 스트레스 지수.xlsx,1.1_observation(측정값),640,
B-017,WRI Aqueduct 물 스트레스 지수,observation,vnm-v121-b-017-obs-641-5cf9c60c3a1f3386,B-017_drr_prov_tot_yaan_ba_i,VNM,2023,2.7482,점,,,,,,[실적치] · 등급 2 · Medium (0.4-0.6),WRI Aqueduct 4.0,https://files.wri.org/aqueduct/aqueduct-4-0-country-rankings.zip,CC-BY-4.0,B-017_WRI Aqueduct 물 스트레스 지수.xlsx,1.1_observation(측정값),641,
B-017,WRI Aqueduct 물 스트레스 지수,observation,vnm-v121-b-017-obs-642-93d297a729475a3e,B-017_drr_prov_tot_a_ia_n_biaan,VNM,2023,1.4763,점,,,,,,[실적치] · 등급 1 · Low - Medium (0.2-0.4),WRI Aqueduct 4.0,https://files.wri.org/aqueduct/aqueduct-4-0-country-rankings.zip,CC-BY-4.0,B-017_WRI Aqueduct 물 스트레스 지수.xlsx,1.1_observation(측정값),642,
B-017,WRI Aqueduct 물 스트레스 지수,observation,vnm-v121-b-017-obs-643-ae99250837b6a8b7,B-017_drr_prov_tot_a_a_nao_ng,VNM,2023,3.1214,점,,,,,,[실적치] · 등급 3 · Medium - High (0.6-0.8),WRI Aqueduct 4.0,https://files.wri.org/aqueduct/aqueduct-4-0-country-rankings.zip,CC-BY-4.0,B-017_WRI Aqueduct 물 스트레스 지수.xlsx,1.1_observation(측정값),643,
B-017,WRI Aqueduct 물 스트레스 지수,observation,vnm-v121-b-017-obs-644-d129730a29bb86f1,B-017_drr_prov_tot_a_ao_k_lao_k,VNM,2023,2.3246,점,,,,,,[실적치] · 등급 2 · Medium (0.4-0.6),WRI Aqueduct 4.0,https://files.wri.org/aqueduct/aqueduct-4-0-country-rankings.zip,CC-BY-4.0,B-017_WRI Aqueduct 물 스트레스 지수.xlsx,1.1_observation(측정값),644,
B-017,WRI Aqueduct 물 스트레스 지수,observation,vnm-v121-b-017-obs-645-9247c88a5c7bb060,B-017_drr_prov_tot_a_ao_k_na_ng,VNM,2023,1.9899,점,,,,,,[실적치] · 등급 1 · Low - Medium (0.2-0.4),WRI Aqueduct 4.0,https://files.wri.org/aqueduct/aqueduct-4-0-country-rankings.zip,CC-BY-4.0,B-017_WRI Aqueduct 물 스트레스 지수.xlsx,1.1_observation(측정값),645,
B-017,WRI Aqueduct 물 스트레스 지수,observation,vnm-v121-b-017-obs-646-361d26f72d8f1f27,B-017_drr_prov_tot_a_a_ng_nai,VNM,2023,2.2885,점,,,,,,[실적치] · 등급 2 · Medium (0.4-0.6),WRI Aqueduct 4.0,https://files.wri.org/aqueduct/aqueduct-4-0-country-rankings.zip,CC-BY-4.0,B-017_WRI Aqueduct 물 스트레스 지수.xlsx,1.1_observation(측정값),646,
B-017,WRI Aqueduct 물 스트레스 지수,observation,vnm-v121-b-017-obs-647-b81c29c0b786d79a,B-017_drr_prov_tot_a_a_ng_tha_p,VNM,2023,3.9708,점,,,,,,[실적치] · 등급 3 · Medium - High (0.6-0.8),WRI Aqueduct 4.0,https://files.wri.org/aqueduct/aqueduct-4-0-country-rankings.zip,CC-BY-4.0,B-017_WRI Aqueduct 물 스트레스 지수.xlsx,1.1_observation(측정값),647,
B-017,WRI Aqueduct 물 스트레스 지수,observation,vnm-v121-b-017-obs-648-dfed3e92ee682517,B-017_drr_prov_irr_an_giang,VNM,2023,3.5605,점,,,,,,[실적치] · 등급 3 · Medium - High (0.6-0.8),WRI Aqueduct 4.0,https://files.wri.org/aqueduct/aqueduct-4-0-country-rankings.zip,CC-BY-4.0,B-017_WRI Aqueduct 물 스트레스 지수.xlsx,1.1_observation(측정값),648,
B-017,WRI Aqueduct 물 스트레스 지수,observation,vnm-v121-b-017-obs-649-7f9bd098ebeb999f,B-017_drr_prov_irr_ba_ra_a_va_ng_ta_u,VNM,2023,3.5883,점,,,,,,[실적치] · 등급 3 · Medium - High (0.6-0.8),WRI Aqueduct 4.0,https://files.wri.org/aqueduct/aqueduct-4-0-country-rankings.zip,CC-BY-4.0,B-017_WRI Aqueduct 물 스트레스 지수.xlsx,1.1_observation(측정값),649,
B-017,WRI Aqueduct 물 스트레스 지수,observation,vnm-v121-b-017-obs-650-c9381c0f724f4247,B-017_drr_prov_irr_ba_nh_d_ng,VNM,2023,2.6501,점,,,,,,[실적치] · 등급 2 · Medium (0.4-0.6),WRI Aqueduct 4.0,https://files.wri.org/aqueduct/aqueduct-4-0-country-rankings.zip,CC-BY-4.0,B-017_WRI Aqueduct 물 스트레스 지수.xlsx,1.1_observation(측정값),650,
B-017,WRI Aqueduct 물 스트레스 지수,observation,vnm-v121-b-017-obs-651-11c29e18c89acefe,B-017_drr_prov_irr_ba_nh_ph_a_c,VNM,2023,2.4552,점,,,,,,[실적치] · 등급 2 · Medium (0.4-0.6),WRI Aqueduct 4.0,https://files.wri.org/aqueduct/aqueduct-4-0-country-rankings.zip,CC-BY-4.0,B-017_WRI Aqueduct 물 스트레스 지수.xlsx,1.1_observation(측정값),651,
B-017,WRI Aqueduct 물 스트레스 지수,observation,vnm-v121-b-017-obs-652-ce1ff0809661604e,B-017_drr_prov_irr_ba_nh_thuao_n,VNM,2023,2.4397,점,,,,,,[실적치] · 등급 2 · Medium (0.4-0.6),WRI Aqueduct 4.0,https://files.wri.org/aqueduct/aqueduct-4-0-country-rankings.zip,CC-BY-4.0,B-017_WRI Aqueduct 물 스트레스 지수.xlsx,1.1_observation(측정값),652,
B-017,WRI Aqueduct 물 스트레스 지수,observation,vnm-v121-b-017-obs-653-d0a5f16547bc81a6,B-017_drr_prov_irr_ba_nh_a_a_nh,VNM,2023,2.346,점,,,,,,[실적치] · 등급 2 · Medium (0.4-0.6),WRI Aqueduct 4.0,https://files.wri.org/aqueduct/aqueduct-4-0-country-rankings.zip,CC-BY-4.0,B-017_WRI Aqueduct 물 스트레스 지수.xlsx,1.1_observation(측정값),653,
B-017,WRI Aqueduct 물 스트레스 지수,observation,vnm-v121-b-017-obs-654-0b0a6a64174bd84a,B-017_drr_prov_irr_bao_c_liaau,VNM,2023,2.5872,점,,,,,,[실적치] · 등급 2 · Medium (0.4-0.6),WRI Aqueduct 4.0,https://files.wri.org/aqueduct/aqueduct-4-0-country-rankings.zip,CC-BY-4.0,B-017_WRI Aqueduct 물 스트레스 지수.xlsx,1.1_observation(측정값),654,
B-017,WRI Aqueduct 물 스트레스 지수,observation,vnm-v121-b-017-obs-655-d61a4eb13c383f3e,B-017_drr_prov_irr_bao_c_giang,VNM,2023,3.0448,점,,,,,,[실적치] · 등급 3 · Medium - High (0.6-0.8),WRI Aqueduct 4.0,https://files.wri.org/aqueduct/aqueduct-4-0-country-rankings.zip,CC-BY-4.0,B-017_WRI Aqueduct 물 스트레스 지수.xlsx,1.1_observation(측정값),655,
B-017,WRI Aqueduct 물 스트레스 지수,observation,vnm-v121-b-017-obs-656-08bf8fa55717ded1,B-017_drr_prov_irr_bao_c_kao_n,VNM,2023,2.6141,점,,,,,,[실적치] · 등급 2 · Medium (0.4-0.6),WRI Aqueduct 4.0,https://files.wri.org/aqueduct/aqueduct-4-0-country-rankings.zip,CC-BY-4.0,B-017_WRI Aqueduct 물 스트레스 지수.xlsx,1.1_observation(측정값),656,
B-017,WRI Aqueduct 물 스트레스 지수,observation,vnm-v121-b-017-obs-657-6a95a884092ff759,B-017_drr_prov_irr_bao_c_ninh,VNM,2023,3.9776,점,,,,,,[실적치] · 등급 3 · Medium - High (0.6-0.8),WRI Aqueduct 4.0,https://files.wri.org/aqueduct/aqueduct-4-0-country-rankings.zip,CC-BY-4.0,B-017_WRI Aqueduct 물 스트레스 지수.xlsx,1.1_observation(측정값),657,
B-017,WRI Aqueduct 물 스트레스 지수,observation,vnm-v121-b-017-obs-658-13ecbe837769cc47,B-017_drr_prov_irr_bao_n_tre,VNM,2023,3.8505,점,,,,,,[실적치] · 등급 3 · Medium - High (0.6-0.8),WRI Aqueduct 4.0,https://files.wri.org/aqueduct/aqueduct-4-0-country-rankings.zip,CC-BY-4.0,B-017_WRI Aqueduct 물 스트레스 지수.xlsx,1.1_observation(측정값),658,
B-017,WRI Aqueduct 물 스트레스 지수,observation,vnm-v121-b-017-obs-659-e3cbc6fcd57161c9,B-017_drr_prov_irr_cao_bao_ng,VNM,2023,2.3983,점,,,,,,[실적치] · 등급 2 · Medium (0.4-0.6),WRI Aqueduct 4.0,https://files.wri.org/aqueduct/aqueduct-4-0-country-rankings.zip,CC-BY-4.0,B-017_WRI Aqueduct 물 스트레스 지수.xlsx,1.1_observation(측정값),659,
B-017,WRI Aqueduct 물 스트레스 지수,observation,vnm-v121-b-017-obs-660-fa448dfc44e0e47d,B-017_drr_prov_irr_ca_mau,VNM,2023,2.6102,점,,,,,,[실적치] · 등급 2 · Medium (0.4-0.6),WRI Aqueduct 4.0,https://files.wri.org/aqueduct/aqueduct-4-0-country-rankings.zip,CC-BY-4.0,B-017_WRI Aqueduct 물 스트레스 지수.xlsx,1.1_observation(측정값),660,
B-017,WRI Aqueduct 물 스트레스 지수,observation,vnm-v121-b-017-obs-661-206a6af53cd82b18,B-017_drr_prov_irr_cao_n_th,VNM,2023,3.6862,점,,,,,,[실적치] · 등급 3 · Medium - High (0.6-0.8),WRI Aqueduct 4.0,https://files.wri.org/aqueduct/aqueduct-4-0-country-rankings.zip,CC-BY-4.0,B-017_WRI Aqueduct 물 스트레스 지수.xlsx,1.1_observation(측정값),661,
B-017,WRI Aqueduct 물 스트레스 지수,observation,vnm-v121-b-017-obs-662-5de012565fe38425,B-017_drr_prov_irr_gia_lai,VNM,2023,2.1453,점,,,,,,[실적치] · 등급 2 · Medium (0.4-0.6),WRI Aqueduct 4.0,https://files.wri.org/aqueduct/aqueduct-4-0-country-rankings.zip,CC-BY-4.0,B-017_WRI Aqueduct 물 스트레스 지수.xlsx,1.1_observation(측정값),662,
B-017,WRI Aqueduct 물 스트레스 지수,observation,vnm-v121-b-017-obs-663-560cdcd80817f032,B-017_drr_prov_irr_hoa_ba_nh,VNM,2023,3.3913,점,,,,,,[실적치] · 등급 3 · Medium - High (0.6-0.8),WRI Aqueduct 4.0,https://files.wri.org/aqueduct/aqueduct-4-0-country-rankings.zip,CC-BY-4.0,B-017_WRI Aqueduct 물 스트레스 지수.xlsx,1.1_observation(측정값),663,
B-017,WRI Aqueduct 물 스트레스 지수,observation,vnm-v121-b-017-obs-664-327216b0aa907979,B-017_drr_prov_irr_ha_giang,VNM,2023,2.1019,점,,,,,,[실적치] · 등급 2 · Medium (0.4-0.6),WRI Aqueduct 4.0,https://files.wri.org/aqueduct/aqueduct-4-0-country-rankings.zip,CC-BY-4.0,B-017_WRI Aqueduct 물 스트레스 지수.xlsx,1.1_observation(측정값),664,
B-017,WRI Aqueduct 물 스트레스 지수,observation,vnm-v121-b-017-obs-665-8870832436a386c1,B-017_drr_prov_irr_ha_nam,VNM,2023,4.1092,점,,,,,,[실적치] · 등급 4 · High (0.8-1.0),WRI Aqueduct 4.0,https://files.wri.org/aqueduct/aqueduct-4-0-country-rankings.zip,CC-BY-4.0,B-017_WRI Aqueduct 물 스트레스 지수.xlsx,1.1_observation(측정값),665,
B-017,WRI Aqueduct 물 스트레스 지수,observation,vnm-v121-b-017-obs-666-b427f6157df1a870,B-017_drr_prov_irr_ha_na_tmi,VNM,2023,3.5755,점,,,,,,[실적치] · 등급 3 · Medium - High (0.6-0.8),WRI Aqueduct 4.0,https://files.wri.org/aqueduct/aqueduct-4-0-country-rankings.zip,CC-BY-4.0,B-017_WRI Aqueduct 물 스트레스 지수.xlsx,1.1_observation(측정값),666,
B-017,WRI Aqueduct 물 스트레스 지수,observation,vnm-v121-b-017-obs-667-aeae483fd6c12a55,B-017_drr_prov_irr_ha_ta_nh,VNM,2023,3.5321,점,,,,,,[실적치] · 등급 3 · Medium - High (0.6-0.8),WRI Aqueduct 4.0,https://files.wri.org/aqueduct/aqueduct-4-0-country-rankings.zip,CC-BY-4.0,B-017_WRI Aqueduct 물 스트레스 지수.xlsx,1.1_observation(측정값),667,
B-017,WRI Aqueduct 물 스트레스 지수,observation,vnm-v121-b-017-obs-668-06b500464ea76ed0,B-017_drr_prov_irr_h_ng_yaan,VNM,2023,4.1357,점,,,,,,[실적치] · 등급 4 · High (0.8-1.0),WRI Aqueduct 4.0,https://files.wri.org/aqueduct/aqueduct-4-0-country-rankings.zip,CC-BY-4.0,B-017_WRI Aqueduct 물 스트레스 지수.xlsx,1.1_observation(측정값),668,
B-017,WRI Aqueduct 물 스트레스 지수,observation,vnm-v121-b-017-obs-669-2a7712543f489f87,B-017_drr_prov_irr_hao_i_d_ng,VNM,2023,3.3211,점,,,,,,[실적치] · 등급 3 · Medium - High (0.6-0.8),WRI Aqueduct 4.0,https://files.wri.org/aqueduct/aqueduct-4-0-country-rankings.zip,CC-BY-4.0,B-017_WRI Aqueduct 물 스트레스 지수.xlsx,1.1_observation(측정값),669,
B-017,WRI Aqueduct 물 스트레스 지수,observation,vnm-v121-b-017-obs-670-42e2a53ba6bd0b34,B-017_drr_prov_irr_hao_i_pha2ng,VNM,2023,3.7533,점,,,,,,[실적치] · 등급 3 · Medium - High (0.6-0.8),WRI Aqueduct 4.0,https://files.wri.org/aqueduct/aqueduct-4-0-country-rankings.zip,CC-BY-4.0,B-017_WRI Aqueduct 물 스트레스 지수.xlsx,1.1_observation(측정값),670,
B-017,WRI Aqueduct 물 스트레스 지수,observation,vnm-v121-b-017-obs-671-b31529510be51370,B-017_drr_prov_irr_hao_u_giang,VNM,2023,3.5029,점,,,,,,[실적치] · 등급 3 · Medium - High (0.6-0.8),WRI Aqueduct 4.0,https://files.wri.org/aqueduct/aqueduct-4-0-country-rankings.zip,CC-BY-4.0,B-017_WRI Aqueduct 물 스트레스 지수.xlsx,1.1_observation(측정값),671,
B-017,WRI Aqueduct 물 스트레스 지수,observation,vnm-v121-b-017-obs-672-b91c067e040f6929,B-017_drr_prov_irr_ha_cha_minh,VNM,2023,3.4033,점,,,,,,[실적치] · 등급 3 · Medium - High (0.6-0.8),WRI Aqueduct 4.0,https://files.wri.org/aqueduct/aqueduct-4-0-country-rankings.zip,CC-BY-4.0,B-017_WRI Aqueduct 물 스트레스 지수.xlsx,1.1_observation(측정값),672,
B-017,WRI Aqueduct 물 스트레스 지수,observation,vnm-v121-b-017-obs-673-cacbb190e71e53dc,B-017_drr_prov_irr_kha_nh_ha2a,VNM,2023,2.6463,점,,,,,,[실적치] · 등급 2 · Medium (0.4-0.6),WRI Aqueduct 4.0,https://files.wri.org/aqueduct/aqueduct-4-0-country-rankings.zip,CC-BY-4.0,B-017_WRI Aqueduct 물 스트레스 지수.xlsx,1.1_observation(측정값),673,
B-017,WRI Aqueduct 물 스트레스 지수,observation,vnm-v121-b-017-obs-674-983037b84b7c7c2c,B-017_drr_prov_irr_kiaan_giang,VNM,2023,2.9999,점,,,,,,[실적치] · 등급 2 · Medium (0.4-0.6),WRI Aqueduct 4.0,https://files.wri.org/aqueduct/aqueduct-4-0-country-rankings.zip,CC-BY-4.0,B-017_WRI Aqueduct 물 스트레스 지수.xlsx,1.1_observation(측정값),674,
B-017,WRI Aqueduct 물 스트레스 지수,observation,vnm-v121-b-017-obs-675-826b4212efadf6b6,B-017_drr_prov_irr_kon_tum,VNM,2023,2.3705,점,,,,,,[실적치] · 등급 2 · Medium (0.4-0.6),WRI Aqueduct 4.0,https://files.wri.org/aqueduct/aqueduct-4-0-country-rankings.zip,CC-BY-4.0,B-017_WRI Aqueduct 물 스트레스 지수.xlsx,1.1_observation(측정값),675,
B-017,WRI Aqueduct 물 스트레스 지수,observation,vnm-v121-b-017-obs-676-0eae236e33fb4718,B-017_drr_prov_irr_lai_cha_u,VNM,2023,2.1251,점,,,,,,[실적치] · 등급 2 · Medium (0.4-0.6),WRI Aqueduct 4.0,https://files.wri.org/aqueduct/aqueduct-4-0-country-rankings.zip,CC-BY-4.0,B-017_WRI Aqueduct 물 스트레스 지수.xlsx,1.1_observation(측정값),676,
B-017,WRI Aqueduct 물 스트레스 지수,observation,vnm-v121-b-017-obs-677-79c54444b94a0d22,B-017_drr_prov_irr_long_an,VNM,2023,3.559,점,,,,,,[실적치] · 등급 3 · Medium - High (0.6-0.8),WRI Aqueduct 4.0,https://files.wri.org/aqueduct/aqueduct-4-0-country-rankings.zip,CC-BY-4.0,B-017_WRI Aqueduct 물 스트레스 지수.xlsx,1.1_observation(측정값),677,
B-017,WRI Aqueduct 물 스트레스 지수,observation,vnm-v121-b-017-obs-678-40cfe0725d8f3662,B-017_drr_prov_irr_la_o_cai,VNM,2023,2.2004,점,,,,,,[실적치] · 등급 2 · Medium (0.4-0.6),WRI Aqueduct 4.0,https://files.wri.org/aqueduct/aqueduct-4-0-country-rankings.zip,CC-BY-4.0,B-017_WRI Aqueduct 물 스트레스 지수.xlsx,1.1_observation(측정값),678,
B-017,WRI Aqueduct 물 스트레스 지수,observation,vnm-v121-b-017-obs-679-fb26ae9d419282e9,B-017_drr_prov_irr_la_m_a_a_ng,VNM,2023,1.5741,점,,,,,,[실적치] · 등급 1 · Low - Medium (0.2-0.4),WRI Aqueduct 4.0,https://files.wri.org/aqueduct/aqueduct-4-0-country-rankings.zip,CC-BY-4.0,B-017_WRI Aqueduct 물 스트레스 지수.xlsx,1.1_observation(측정값),679,
B-017,WRI Aqueduct 물 스트레스 지수,observation,vnm-v121-b-017-obs-680-790e7d8af79527a5,B-017_drr_prov_irr_lao_ng_s_n,VNM,2023,2.277,점,,,,,,[실적치] · 등급 2 · Medium (0.4-0.6),WRI Aqueduct 4.0,https://files.wri.org/aqueduct/aqueduct-4-0-country-rankings.zip,CC-BY-4.0,B-017_WRI Aqueduct 물 스트레스 지수.xlsx,1.1_observation(측정값),680,
B-017,WRI Aqueduct 물 스트레스 지수,observation,vnm-v121-b-017-obs-681-e5aa00848aa766f8,B-017_drr_prov_irr_nam_a_a_nh,VNM,2023,3.575,점,,,,,,[실적치] · 등급 3 · Medium - High (0.6-0.8),WRI Aqueduct 4.0,https://files.wri.org/aqueduct/aqueduct-4-0-country-rankings.zip,CC-BY-4.0,B-017_WRI Aqueduct 물 스트레스 지수.xlsx,1.1_observation(측정값),681,
B-017,WRI Aqueduct 물 스트레스 지수,observation,vnm-v121-b-017-obs-682-0148575d2f44a9ec,B-017_drr_prov_irr_ngha_an,VNM,2023,2.6407,점,,,,,,[실적치] · 등급 2 · Medium (0.4-0.6),WRI Aqueduct 4.0,https://files.wri.org/aqueduct/aqueduct-4-0-country-rankings.zip,CC-BY-4.0,B-017_WRI Aqueduct 물 스트레스 지수.xlsx,1.1_observation(측정값),682,
B-017,WRI Aqueduct 물 스트레스 지수,observation,vnm-v121-b-017-obs-683-90318e07b6167827,B-017_drr_prov_irr_ninh_ba_nh,VNM,2023,3.7742,점,,,,,,[실적치] · 등급 3 · Medium - High (0.6-0.8),WRI Aqueduct 4.0,https://files.wri.org/aqueduct/aqueduct-4-0-country-rankings.zip,CC-BY-4.0,B-017_WRI Aqueduct 물 스트레스 지수.xlsx,1.1_observation(측정값),683,
B-017,WRI Aqueduct 물 스트레스 지수,observation,vnm-v121-b-017-obs-684-915507c133cc8739,B-017_drr_prov_irr_ninh_thuao_n,VNM,2023,2.7616,점,,,,,,[실적치] · 등급 2 · Medium (0.4-0.6),WRI Aqueduct 4.0,https://files.wri.org/aqueduct/aqueduct-4-0-country-rankings.zip,CC-BY-4.0,B-017_WRI Aqueduct 물 스트레스 지수.xlsx,1.1_observation(측정값),684,
B-017,WRI Aqueduct 물 스트레스 지수,observation,vnm-v121-b-017-obs-685-3f014c39f8fd6c34,B-017_drr_prov_irr_phao_tha,VNM,2023,2.6705,점,,,,,,[실적치] · 등급 2 · Medium (0.4-0.6),WRI Aqueduct 4.0,https://files.wri.org/aqueduct/aqueduct-4-0-country-rankings.zip,CC-BY-4.0,B-017_WRI Aqueduct 물 스트레스 지수.xlsx,1.1_observation(측정값),685,
B-017,WRI Aqueduct 물 스트레스 지수,observation,vnm-v121-b-017-obs-686-9937295ee361a60a,B-017_drr_prov_irr_phao_yaan,VNM,2023,3.2679,점,,,,,,[실적치] · 등급 3 · Medium - High (0.6-0.8),WRI Aqueduct 4.0,https://files.wri.org/aqueduct/aqueduct-4-0-country-rankings.zip,CC-BY-4.0,B-017_WRI Aqueduct 물 스트레스 지수.xlsx,1.1_observation(측정값),686,
B-017,WRI Aqueduct 물 스트레스 지수,observation,vnm-v121-b-017-obs-687-1725d15bfe509350,B-017_drr_prov_irr_quao_ng_ba_nh,VNM,2023,3.317,점,,,,,,[실적치] · 등급 3 · Medium - High (0.6-0.8),WRI Aqueduct 4.0,https://files.wri.org/aqueduct/aqueduct-4-0-country-rankings.zip,CC-BY-4.0,B-017_WRI Aqueduct 물 스트레스 지수.xlsx,1.1_observation(측정값),687,
B-017,WRI Aqueduct 물 스트레스 지수,observation,vnm-v121-b-017-obs-688-ede98768399c230d,B-017_drr_prov_irr_quao_ng_nam,VNM,2023,2.1894,점,,,,,,[실적치] · 등급 2 · Medium (0.4-0.6),WRI Aqueduct 4.0,https://files.wri.org/aqueduct/aqueduct-4-0-country-rankings.zip,CC-BY-4.0,B-017_WRI Aqueduct 물 스트레스 지수.xlsx,1.1_observation(측정값),688,
B-017,WRI Aqueduct 물 스트레스 지수,observation,vnm-v121-b-017-obs-689-892220e67b459ea9,B-017_drr_prov_irr_quao_ng_nga_i,VNM,2023,2.5402,점,,,,,,[실적치] · 등급 2 · Medium (0.4-0.6),WRI Aqueduct 4.0,https://files.wri.org/aqueduct/aqueduct-4-0-country-rankings.zip,CC-BY-4.0,B-017_WRI Aqueduct 물 스트레스 지수.xlsx,1.1_observation(측정값),689,
B-017,WRI Aqueduct 물 스트레스 지수,observation,vnm-v121-b-017-obs-690-0bef54d38f82192d,B-017_drr_prov_irr_quao_ng_ninh,VNM,2023,2.4293,점,,,,,,[실적치] · 등급 2 · Medium (0.4-0.6),WRI Aqueduct 4.0,https://files.wri.org/aqueduct/aqueduct-4-0-country-rankings.zip,CC-BY-4.0,B-017_WRI Aqueduct 물 스트레스 지수.xlsx,1.1_observation(측정값),690,
B-017,WRI Aqueduct 물 스트레스 지수,observation,vnm-v121-b-017-obs-691-7a1aefbc61e9fb1f,B-017_drr_prov_irr_quao_ng_tra,VNM,2023,2.989,점,,,,,,[실적치] · 등급 2 · Medium (0.4-0.6),WRI Aqueduct 4.0,https://files.wri.org/aqueduct/aqueduct-4-0-country-rankings.zip,CC-BY-4.0,B-017_WRI Aqueduct 물 스트레스 지수.xlsx,1.1_observation(측정값),691,
B-017,WRI Aqueduct 물 스트레스 지수,observation,vnm-v121-b-017-obs-692-22526d7328ef398f,B-017_drr_prov_irr_sa3c_tra_ng,VNM,2023,3.73,점,,,,,,[실적치] · 등급 3 · Medium - High (0.6-0.8),WRI Aqueduct 4.0,https://files.wri.org/aqueduct/aqueduct-4-0-country-rankings.zip,CC-BY-4.0,B-017_WRI Aqueduct 물 스트레스 지수.xlsx,1.1_observation(측정값),692,
B-017,WRI Aqueduct 물 스트레스 지수,observation,vnm-v121-b-017-obs-693-b42981f0300f3c81,B-017_drr_prov_irr_s_n_la,VNM,2023,2.0444,점,,,,,,[실적치] · 등급 2 · Medium (0.4-0.6),WRI Aqueduct 4.0,https://files.wri.org/aqueduct/aqueduct-4-0-country-rankings.zip,CC-BY-4.0,B-017_WRI Aqueduct 물 스트레스 지수.xlsx,1.1_observation(측정값),693,
B-017,WRI Aqueduct 물 스트레스 지수,observation,vnm-v121-b-017-obs-694-1420e2b84e634666,B-017_drr_prov_irr_thanh_ha3a,VNM,2023,2.8283,점,,,,,,[실적치] · 등급 2 · Medium (0.4-0.6),WRI Aqueduct 4.0,https://files.wri.org/aqueduct/aqueduct-4-0-country-rankings.zip,CC-BY-4.0,B-017_WRI Aqueduct 물 스트레스 지수.xlsx,1.1_observation(측정값),694,
B-017,WRI Aqueduct 물 스트레스 지수,observation,vnm-v121-b-017-obs-695-922e4be7518a1358,B-017_drr_prov_irr_tha_i_ba_nh,VNM,2023,3.6411,점,,,,,,[실적치] · 등급 3 · Medium - High (0.6-0.8),WRI Aqueduct 4.0,https://files.wri.org/aqueduct/aqueduct-4-0-country-rankings.zip,CC-BY-4.0,B-017_WRI Aqueduct 물 스트레스 지수.xlsx,1.1_observation(측정값),695,
B-017,WRI Aqueduct 물 스트레스 지수,observation,vnm-v121-b-017-obs-696-c087335a65b14813,B-017_drr_prov_irr_tha_i_nguyaan,VNM,2023,3.9756,점,,,,,,[실적치] · 등급 3 · Medium - High (0.6-0.8),WRI Aqueduct 4.0,https://files.wri.org/aqueduct/aqueduct-4-0-country-rankings.zip,CC-BY-4.0,B-017_WRI Aqueduct 물 스트레스 지수.xlsx,1.1_observation(측정값),696,
B-017,WRI Aqueduct 물 스트레스 지수,observation,vnm-v121-b-017-obs-697-0b8513ca81daa801,B-017_drr_prov_irr_tha_a_thiaan_huao,VNM,2023,1.9593,점,,,,,,[실적치] · 등급 1 · Low - Medium (0.2-0.4),WRI Aqueduct 4.0,https://files.wri.org/aqueduct/aqueduct-4-0-country-rankings.zip,CC-BY-4.0,B-017_WRI Aqueduct 물 스트레스 지수.xlsx,1.1_observation(측정값),697,
B-017,WRI Aqueduct 물 스트레스 지수,observation,vnm-v121-b-017-obs-698-12fcb534b39d5b6d,B-017_drr_prov_irr_tia_n_giang,VNM,2023,3.0065,점,,,,,,[실적치] · 등급 3 · Medium - High (0.6-0.8),WRI Aqueduct 4.0,https://files.wri.org/aqueduct/aqueduct-4-0-country-rankings.zip,CC-BY-4.0,B-017_WRI Aqueduct 물 스트레스 지수.xlsx,1.1_observation(측정값),698,
B-017,WRI Aqueduct 물 스트레스 지수,observation,vnm-v121-b-017-obs-699-80332dde27573094,B-017_drr_prov_irr_tra_vinh,VNM,2023,3.9833,점,,,,,,[실적치] · 등급 3 · Medium - High (0.6-0.8),WRI Aqueduct 4.0,https://files.wri.org/aqueduct/aqueduct-4-0-country-rankings.zip,CC-BY-4.0,B-017_WRI Aqueduct 물 스트레스 지수.xlsx,1.1_observation(측정값),699,
B-017,WRI Aqueduct 물 스트레스 지수,observation,vnm-v121-b-017-obs-700-0721fac7f5c7f06f,B-017_drr_prov_irr_tuyaan_quang,VNM,2023,2.4979,점,,,,,,[실적치] · 등급 2 · Medium (0.4-0.6),WRI Aqueduct 4.0,https://files.wri.org/aqueduct/aqueduct-4-0-country-rankings.zip,CC-BY-4.0,B-017_WRI Aqueduct 물 스트레스 지수.xlsx,1.1_observation(측정값),700,
B-017,WRI Aqueduct 물 스트레스 지수,observation,vnm-v121-b-017-obs-701-03d2a6f1297a7917,B-017_drr_prov_irr_ta_y_ninh,VNM,2023,2.7534,점,,,,,,[실적치] · 등급 2 · Medium (0.4-0.6),WRI Aqueduct 4.0,https://files.wri.org/aqueduct/aqueduct-4-0-country-rankings.zip,CC-BY-4.0,B-017_WRI Aqueduct 물 스트레스 지수.xlsx,1.1_observation(측정값),701,
B-017,WRI Aqueduct 물 스트레스 지수,observation,vnm-v121-b-017-obs-702-c40ff8ae47512c87,B-017_drr_prov_irr_va_nh_long,VNM,2023,4.043,점,,,,,,[실적치] · 등급 4 · High (0.8-1.0),WRI Aqueduct 4.0,https://files.wri.org/aqueduct/aqueduct-4-0-country-rankings.zip,CC-BY-4.0,B-017_WRI Aqueduct 물 스트레스 지수.xlsx,1.1_observation(측정값),702,
B-017,WRI Aqueduct 물 스트레스 지수,observation,vnm-v121-b-017-obs-703-123c17667b4a70ee,B-017_drr_prov_irr_va_nh_phaoc,VNM,2023,3.3985,점,,,,,,[실적치] · 등급 3 · Medium - High (0.6-0.8),WRI Aqueduct 4.0,https://files.wri.org/aqueduct/aqueduct-4-0-country-rankings.zip,CC-BY-4.0,B-017_WRI Aqueduct 물 스트레스 지수.xlsx,1.1_observation(측정값),703,
B-017,WRI Aqueduct 물 스트레스 지수,observation,vnm-v121-b-017-obs-704-87f11c2335714ece,B-017_drr_prov_irr_yaan_ba_i,VNM,2023,2.7434,점,,,,,,[실적치] · 등급 2 · Medium (0.4-0.6),WRI Aqueduct 4.0,https://files.wri.org/aqueduct/aqueduct-4-0-country-rankings.zip,CC-BY-4.0,B-017_WRI Aqueduct 물 스트레스 지수.xlsx,1.1_observation(측정값),704,
B-017,WRI Aqueduct 물 스트레스 지수,observation,vnm-v121-b-017-obs-705-ff52ce51e4c9da43,B-017_drr_prov_irr_a_ia_n_biaan,VNM,2023,1.4917,점,,,,,,[실적치] · 등급 1 · Low - Medium (0.2-0.4),WRI Aqueduct 4.0,https://files.wri.org/aqueduct/aqueduct-4-0-country-rankings.zip,CC-BY-4.0,B-017_WRI Aqueduct 물 스트레스 지수.xlsx,1.1_observation(측정값),705,
B-017,WRI Aqueduct 물 스트레스 지수,observation,vnm-v121-b-017-obs-706-68016d960567874b,B-017_drr_prov_irr_a_a_nao_ng,VNM,2023,3.1709,점,,,,,,[실적치] · 등급 3 · Medium - High (0.6-0.8),WRI Aqueduct 4.0,https://files.wri.org/aqueduct/aqueduct-4-0-country-rankings.zip,CC-BY-4.0,B-017_WRI Aqueduct 물 스트레스 지수.xlsx,1.1_observation(측정값),706,
B-017,WRI Aqueduct 물 스트레스 지수,observation,vnm-v121-b-017-obs-707-4199443fd796ca6f,B-017_drr_prov_irr_a_ao_k_lao_k,VNM,2023,2.3167,점,,,,,,[실적치] · 등급 2 · Medium (0.4-0.6),WRI Aqueduct 4.0,https://files.wri.org/aqueduct/aqueduct-4-0-country-rankings.zip,CC-BY-4.0,B-017_WRI Aqueduct 물 스트레스 지수.xlsx,1.1_observation(측정값),707,
B-017,WRI Aqueduct 물 스트레스 지수,observation,vnm-v121-b-017-obs-708-61513afc1271e10f,B-017_drr_prov_irr_a_ao_k_na_ng,VNM,2023,2.0027,점,,,,,,[실적치] · 등급 2 · Medium (0.4-0.6),WRI Aqueduct 4.0,https://files.wri.org/aqueduct/aqueduct-4-0-country-rankings.zip,CC-BY-4.0,B-017_WRI Aqueduct 물 스트레스 지수.xlsx,1.1_observation(측정값),708,
B-017,WRI Aqueduct 물 스트레스 지수,observation,vnm-v121-b-017-obs-709-99254a8a33183dbd,B-017_drr_prov_irr_a_a_ng_nai,VNM,2023,2.3076,점,,,,,,[실적치] · 등급 2 · Medium (0.4-0.6),WRI Aqueduct 4.0,https://files.wri.org/aqueduct/aqueduct-4-0-country-rankings.zip,CC-BY-4.0,B-017_WRI Aqueduct 물 스트레스 지수.xlsx,1.1_observation(측정값),709,
B-017,WRI Aqueduct 물 스트레스 지수,observation,vnm-v121-b-017-obs-710-af6ce589ac093f5e,B-017_drr_prov_irr_a_a_ng_tha_p,VNM,2023,3.9727,점,,,,,,[실적치] · 등급 3 · Medium - High (0.6-0.8),WRI Aqueduct 4.0,https://files.wri.org/aqueduct/aqueduct-4-0-country-rankings.zip,CC-BY-4.0,B-017_WRI Aqueduct 물 스트레스 지수.xlsx,1.1_observation(측정값),710,
B-017,WRI Aqueduct 물 스트레스 지수,observation,vnm-v121-b-017-obs-711-dd5606eddddeb247,B-017_drr_prov_dom_an_giang,VNM,2023,3.5674,점,,,,,,[실적치] · 등급 3 · Medium - High (0.6-0.8),WRI Aqueduct 4.0,https://files.wri.org/aqueduct/aqueduct-4-0-country-rankings.zip,CC-BY-4.0,B-017_WRI Aqueduct 물 스트레스 지수.xlsx,1.1_observation(측정값),711,
B-017,WRI Aqueduct 물 스트레스 지수,observation,vnm-v121-b-017-obs-712-8828f3c35e433b22,B-017_drr_prov_dom_ba_ra_a_va_ng_ta_u,VNM,2023,3.5958,점,,,,,,[실적치] · 등급 3 · Medium - High (0.6-0.8),WRI Aqueduct 4.0,https://files.wri.org/aqueduct/aqueduct-4-0-country-rankings.zip,CC-BY-4.0,B-017_WRI Aqueduct 물 스트레스 지수.xlsx,1.1_observation(측정값),712,
B-017,WRI Aqueduct 물 스트레스 지수,observation,vnm-v121-b-017-obs-713-328b67d5faa630ed,B-017_drr_prov_dom_ba_nh_d_ng,VNM,2023,2.5964,점,,,,,,[실적치] · 등급 2 · Medium (0.4-0.6),WRI Aqueduct 4.0,https://files.wri.org/aqueduct/aqueduct-4-0-country-rankings.zip,CC-BY-4.0,B-017_WRI Aqueduct 물 스트레스 지수.xlsx,1.1_observation(측정값),713,
B-017,WRI Aqueduct 물 스트레스 지수,observation,vnm-v121-b-017-obs-714-0d49de69ebe49890,B-017_drr_prov_dom_ba_nh_ph_a_c,VNM,2023,2.4747,점,,,,,,[실적치] · 등급 2 · Medium (0.4-0.6),WRI Aqueduct 4.0,https://files.wri.org/aqueduct/aqueduct-4-0-country-rankings.zip,CC-BY-4.0,B-017_WRI Aqueduct 물 스트레스 지수.xlsx,1.1_observation(측정값),714,
B-017,WRI Aqueduct 물 스트레스 지수,observation,vnm-v121-b-017-obs-715-f5de93ac6c21f7b2,B-017_drr_prov_dom_ba_nh_thuao_n,VNM,2023,2.562,점,,,,,,[실적치] · 등급 2 · Medium (0.4-0.6),WRI Aqueduct 4.0,https://files.wri.org/aqueduct/aqueduct-4-0-country-rankings.zip,CC-BY-4.0,B-017_WRI Aqueduct 물 스트레스 지수.xlsx,1.1_observation(측정값),715,
B-017,WRI Aqueduct 물 스트레스 지수,observation,vnm-v121-b-017-obs-716-44432a5436ad9e7b,B-017_drr_prov_dom_ba_nh_a_a_nh,VNM,2023,2.3582,점,,,,,,[실적치] · 등급 2 · Medium (0.4-0.6),WRI Aqueduct 4.0,https://files.wri.org/aqueduct/aqueduct-4-0-country-rankings.zip,CC-BY-4.0,B-017_WRI Aqueduct 물 스트레스 지수.xlsx,1.1_observation(측정값),716,
B-017,WRI Aqueduct 물 스트레스 지수,observation,vnm-v121-b-017-obs-717-ca4c9c2d3e6fcd6e,B-017_drr_prov_dom_bao_c_liaau,VNM,2023,2.6135,점,,,,,,[실적치] · 등급 2 · Medium (0.4-0.6),WRI Aqueduct 4.0,https://files.wri.org/aqueduct/aqueduct-4-0-country-rankings.zip,CC-BY-4.0,B-017_WRI Aqueduct 물 스트레스 지수.xlsx,1.1_observation(측정값),717,
B-017,WRI Aqueduct 물 스트레스 지수,observation,vnm-v121-b-017-obs-718-25967149b121daab,B-017_drr_prov_dom_bao_c_giang,VNM,2023,3.0265,점,,,,,,[실적치] · 등급 3 · Medium - High (0.6-0.8),WRI Aqueduct 4.0,https://files.wri.org/aqueduct/aqueduct-4-0-country-rankings.zip,CC-BY-4.0,B-017_WRI Aqueduct 물 스트레스 지수.xlsx,1.1_observation(측정값),718,
B-017,WRI Aqueduct 물 스트레스 지수,observation,vnm-v121-b-017-obs-719-0e3e8588067f0da1,B-017_drr_prov_dom_bao_c_kao_n,VNM,2023,2.6028,점,,,,,,[실적치] · 등급 2 · Medium (0.4-0.6),WRI Aqueduct 4.0,https://files.wri.org/aqueduct/aqueduct-4-0-country-rankings.zip,CC-BY-4.0,B-017_WRI Aqueduct 물 스트레스 지수.xlsx,1.1_observation(측정값),719,
B-017,WRI Aqueduct 물 스트레스 지수,observation,vnm-v121-b-017-obs-720-6d09841e7e676dca,B-017_drr_prov_dom_bao_c_ninh,VNM,2023,3.9644,점,,,,,,[실적치] · 등급 3 · Medium - High (0.6-0.8),WRI Aqueduct 4.0,https://files.wri.org/aqueduct/aqueduct-4-0-country-rankings.zip,CC-BY-4.0,B-017_WRI Aqueduct 물 스트레스 지수.xlsx,1.1_observation(측정값),720,
B-017,WRI Aqueduct 물 스트레스 지수,observation,vnm-v121-b-017-obs-721-fe96596c3206c2da,B-017_drr_prov_dom_bao_n_tre,VNM,2023,3.8557,점,,,,,,[실적치] · 등급 3 · Medium - High (0.6-0.8),WRI Aqueduct 4.0,https://files.wri.org/aqueduct/aqueduct-4-0-country-rankings.zip,CC-BY-4.0,B-017_WRI Aqueduct 물 스트레스 지수.xlsx,1.1_observation(측정값),721,
B-017,WRI Aqueduct 물 스트레스 지수,observation,vnm-v121-b-017-obs-722-477dbe3471f4c3bd,B-017_drr_prov_dom_cao_bao_ng,VNM,2023,2.3528,점,,,,,,[실적치] · 등급 2 · Medium (0.4-0.6),WRI Aqueduct 4.0,https://files.wri.org/aqueduct/aqueduct-4-0-country-rankings.zip,CC-BY-4.0,B-017_WRI Aqueduct 물 스트레스 지수.xlsx,1.1_observation(측정값),722,
B-017,WRI Aqueduct 물 스트레스 지수,observation,vnm-v121-b-017-obs-723-17dfb34911e21b5c,B-017_drr_prov_dom_ca_mau,VNM,2023,2.6372,점,,,,,,[실적치] · 등급 2 · Medium (0.4-0.6),WRI Aqueduct 4.0,https://files.wri.org/aqueduct/aqueduct-4-0-country-rankings.zip,CC-BY-4.0,B-017_WRI Aqueduct 물 스트레스 지수.xlsx,1.1_observation(측정값),723,
B-017,WRI Aqueduct 물 스트레스 지수,observation,vnm-v121-b-017-obs-724-6383dabdaaee6bfd,B-017_drr_prov_dom_cao_n_th,VNM,2023,3.6968,점,,,,,,[실적치] · 등급 3 · Medium - High (0.6-0.8),WRI Aqueduct 4.0,https://files.wri.org/aqueduct/aqueduct-4-0-country-rankings.zip,CC-BY-4.0,B-017_WRI Aqueduct 물 스트레스 지수.xlsx,1.1_observation(측정값),724,
B-017,WRI Aqueduct 물 스트레스 지수,observation,vnm-v121-b-017-obs-725-a69b79a24851723e,B-017_drr_prov_dom_gia_lai,VNM,2023,2.1268,점,,,,,,[실적치] · 등급 2 · Medium (0.4-0.6),WRI Aqueduct 4.0,https://files.wri.org/aqueduct/aqueduct-4-0-country-rankings.zip,CC-BY-4.0,B-017_WRI Aqueduct 물 스트레스 지수.xlsx,1.1_observation(측정값),725,
B-017,WRI Aqueduct 물 스트레스 지수,observation,vnm-v121-b-017-obs-726-fc4bb9d2feb0b2e3,B-017_drr_prov_dom_hoa_ba_nh,VNM,2023,3.3614,점,,,,,,[실적치] · 등급 3 · Medium - High (0.6-0.8),WRI Aqueduct 4.0,https://files.wri.org/aqueduct/aqueduct-4-0-country-rankings.zip,CC-BY-4.0,B-017_WRI Aqueduct 물 스트레스 지수.xlsx,1.1_observation(측정값),726,
B-017,WRI Aqueduct 물 스트레스 지수,observation,vnm-v121-b-017-obs-727-f910f40441a1975e,B-017_drr_prov_dom_ha_giang,VNM,2023,2.0947,점,,,,,,[실적치] · 등급 2 · Medium (0.4-0.6),WRI Aqueduct 4.0,https://files.wri.org/aqueduct/aqueduct-4-0-country-rankings.zip,CC-BY-4.0,B-017_WRI Aqueduct 물 스트레스 지수.xlsx,1.1_observation(측정값),727,
B-017,WRI Aqueduct 물 스트레스 지수,observation,vnm-v121-b-017-obs-728-933dfbb90770711f,B-017_drr_prov_dom_ha_nam,VNM,2023,4.1102,점,,,,,,[실적치] · 등급 4 · High (0.8-1.0),WRI Aqueduct 4.0,https://files.wri.org/aqueduct/aqueduct-4-0-country-rankings.zip,CC-BY-4.0,B-017_WRI Aqueduct 물 스트레스 지수.xlsx,1.1_observation(측정값),728,
B-017,WRI Aqueduct 물 스트레스 지수,observation,vnm-v121-b-017-obs-729-855c5ed7d589a66a,B-017_drr_prov_dom_ha_na_tmi,VNM,2023,3.5816,점,,,,,,[실적치] · 등급 3 · Medium - High (0.6-0.8),WRI Aqueduct 4.0,https://files.wri.org/aqueduct/aqueduct-4-0-country-rankings.zip,CC-BY-4.0,B-017_WRI Aqueduct 물 스트레스 지수.xlsx,1.1_observation(측정값),729,
B-017,WRI Aqueduct 물 스트레스 지수,observation,vnm-v121-b-017-obs-730-c1a419dd77c8f469,B-017_drr_prov_dom_ha_ta_nh,VNM,2023,3.553,점,,,,,,[실적치] · 등급 3 · Medium - High (0.6-0.8),WRI Aqueduct 4.0,https://files.wri.org/aqueduct/aqueduct-4-0-country-rankings.zip,CC-BY-4.0,B-017_WRI Aqueduct 물 스트레스 지수.xlsx,1.1_observation(측정값),730,
B-017,WRI Aqueduct 물 스트레스 지수,observation,vnm-v121-b-017-obs-731-f48ed780b13f6744,B-017_drr_prov_dom_h_ng_yaan,VNM,2023,4.1351,점,,,,,,[실적치] · 등급 4 · High (0.8-1.0),WRI Aqueduct 4.0,https://files.wri.org/aqueduct/aqueduct-4-0-country-rankings.zip,CC-BY-4.0,B-017_WRI Aqueduct 물 스트레스 지수.xlsx,1.1_observation(측정값),731,
B-017,WRI Aqueduct 물 스트레스 지수,observation,vnm-v121-b-017-obs-732-cb60a65c1ed3362d,B-017_drr_prov_dom_hao_i_d_ng,VNM,2023,3.3421,점,,,,,,[실적치] · 등급 3 · Medium - High (0.6-0.8),WRI Aqueduct 4.0,https://files.wri.org/aqueduct/aqueduct-4-0-country-rankings.zip,CC-BY-4.0,B-017_WRI Aqueduct 물 스트레스 지수.xlsx,1.1_observation(측정값),732,
B-017,WRI Aqueduct 물 스트레스 지수,observation,vnm-v121-b-017-obs-733-e7d84cba996fdd09,B-017_drr_prov_dom_hao_i_pha2ng,VNM,2023,3.7874,점,,,,,,[실적치] · 등급 3 · Medium - High (0.6-0.8),WRI Aqueduct 4.0,https://files.wri.org/aqueduct/aqueduct-4-0-country-rankings.zip,CC-BY-4.0,B-017_WRI Aqueduct 물 스트레스 지수.xlsx,1.1_observation(측정값),733,
B-017,WRI Aqueduct 물 스트레스 지수,observation,vnm-v121-b-017-obs-734-a3888f659ec79dcc,B-017_drr_prov_dom_hao_u_giang,VNM,2023,3.5056,점,,,,,,[실적치] · 등급 3 · Medium - High (0.6-0.8),WRI Aqueduct 4.0,https://files.wri.org/aqueduct/aqueduct-4-0-country-rankings.zip,CC-BY-4.0,B-017_WRI Aqueduct 물 스트레스 지수.xlsx,1.1_observation(측정값),734,
B-017,WRI Aqueduct 물 스트레스 지수,observation,vnm-v121-b-017-obs-735-b0b332ac2743c4d4,B-017_drr_prov_dom_ha_cha_minh,VNM,2023,3.5121,점,,,,,,[실적치] · 등급 3 · Medium - High (0.6-0.8),WRI Aqueduct 4.0,https://files.wri.org/aqueduct/aqueduct-4-0-country-rankings.zip,CC-BY-4.0,B-017_WRI Aqueduct 물 스트레스 지수.xlsx,1.1_observation(측정값),735,
B-017,WRI Aqueduct 물 스트레스 지수,observation,vnm-v121-b-017-obs-736-02056d76f6f142bf,B-017_drr_prov_dom_kha_nh_ha2a,VNM,2023,2.7783,점,,,,,,[실적치] · 등급 2 · Medium (0.4-0.6),WRI Aqueduct 4.0,https://files.wri.org/aqueduct/aqueduct-4-0-country-rankings.zip,CC-BY-4.0,B-017_WRI Aqueduct 물 스트레스 지수.xlsx,1.1_observation(측정값),736,
B-017,WRI Aqueduct 물 스트레스 지수,observation,vnm-v121-b-017-obs-737-476d64e3305081f0,B-017_drr_prov_dom_kiaan_giang,VNM,2023,2.9599,점,,,,,,[실적치] · 등급 2 · Medium (0.4-0.6),WRI Aqueduct 4.0,https://files.wri.org/aqueduct/aqueduct-4-0-country-rankings.zip,CC-BY-4.0,B-017_WRI Aqueduct 물 스트레스 지수.xlsx,1.1_observation(측정값),737,
B-017,WRI Aqueduct 물 스트레스 지수,observation,vnm-v121-b-017-obs-738-154c6587f8e767c1,B-017_drr_prov_dom_kon_tum,VNM,2023,2.3834,점,,,,,,[실적치] · 등급 2 · Medium (0.4-0.6),WRI Aqueduct 4.0,https://files.wri.org/aqueduct/aqueduct-4-0-country-rankings.zip,CC-BY-4.0,B-017_WRI Aqueduct 물 스트레스 지수.xlsx,1.1_observation(측정값),738,
B-017,WRI Aqueduct 물 스트레스 지수,observation,vnm-v121-b-017-obs-739-eed20d96be2a57f8,B-017_drr_prov_dom_lai_cha_u,VNM,2023,1.7762,점,,,,,,[실적치] · 등급 1 · Low - Medium (0.2-0.4),WRI Aqueduct 4.0,https://files.wri.org/aqueduct/aqueduct-4-0-country-rankings.zip,CC-BY-4.0,B-017_WRI Aqueduct 물 스트레스 지수.xlsx,1.1_observation(측정값),739,
B-017,WRI Aqueduct 물 스트레스 지수,observation,vnm-v121-b-017-obs-740-109d76e565a8a9dc,B-017_drr_prov_dom_long_an,VNM,2023,3.5879,점,,,,,,[실적치] · 등급 3 · Medium - High (0.6-0.8),WRI Aqueduct 4.0,https://files.wri.org/aqueduct/aqueduct-4-0-country-rankings.zip,CC-BY-4.0,B-017_WRI Aqueduct 물 스트레스 지수.xlsx,1.1_observation(측정값),740,
B-017,WRI Aqueduct 물 스트레스 지수,observation,vnm-v121-b-017-obs-741-4eb1bc89a4a1a5f4,B-017_drr_prov_dom_la_o_cai,VNM,2023,2.1734,점,,,,,,[실적치] · 등급 2 · Medium (0.4-0.6),WRI Aqueduct 4.0,https://files.wri.org/aqueduct/aqueduct-4-0-country-rankings.zip,CC-BY-4.0,B-017_WRI Aqueduct 물 스트레스 지수.xlsx,1.1_observation(측정값),741,
B-017,WRI Aqueduct 물 스트레스 지수,observation,vnm-v121-b-017-obs-742-66c7da292e040940,B-017_drr_prov_dom_la_m_a_a_ng,VNM,2023,1.5758,점,,,,,,[실적치] · 등급 1 · Low - Medium (0.2-0.4),WRI Aqueduct 4.0,https://files.wri.org/aqueduct/aqueduct-4-0-country-rankings.zip,CC-BY-4.0,B-017_WRI Aqueduct 물 스트레스 지수.xlsx,1.1_observation(측정값),742,
B-017,WRI Aqueduct 물 스트레스 지수,observation,vnm-v121-b-017-obs-743-f115a78dd73bbe9c,B-017_drr_prov_dom_lao_ng_s_n,VNM,2023,2.2629,점,,,,,,[실적치] · 등급 2 · Medium (0.4-0.6),WRI Aqueduct 4.0,https://files.wri.org/aqueduct/aqueduct-4-0-country-rankings.zip,CC-BY-4.0,B-017_WRI Aqueduct 물 스트레스 지수.xlsx,1.1_observation(측정값),743,
B-017,WRI Aqueduct 물 스트레스 지수,observation,vnm-v121-b-017-obs-744-e58e3b8a6364f899,B-017_drr_prov_dom_nam_a_a_nh,VNM,2023,3.5919,점,,,,,,[실적치] · 등급 3 · Medium - High (0.6-0.8),WRI Aqueduct 4.0,https://files.wri.org/aqueduct/aqueduct-4-0-country-rankings.zip,CC-BY-4.0,B-017_WRI Aqueduct 물 스트레스 지수.xlsx,1.1_observation(측정값),744,
B-017,WRI Aqueduct 물 스트레스 지수,observation,vnm-v121-b-017-obs-745-89a7ca33af14a210,B-017_drr_prov_dom_ngha_an,VNM,2023,2.6286,점,,,,,,[실적치] · 등급 2 · Medium (0.4-0.6),WRI Aqueduct 4.0,https://files.wri.org/aqueduct/aqueduct-4-0-country-rankings.zip,CC-BY-4.0,B-017_WRI Aqueduct 물 스트레스 지수.xlsx,1.1_observation(측정값),745,
B-017,WRI Aqueduct 물 스트레스 지수,observation,vnm-v121-b-017-obs-746-0567f7fd59166d7b,B-017_drr_prov_dom_ninh_ba_nh,VNM,2023,3.7623,점,,,,,,[실적치] · 등급 3 · Medium - High (0.6-0.8),WRI Aqueduct 4.0,https://files.wri.org/aqueduct/aqueduct-4-0-country-rankings.zip,CC-BY-4.0,B-017_WRI Aqueduct 물 스트레스 지수.xlsx,1.1_observation(측정값),746,
B-017,WRI Aqueduct 물 스트레스 지수,observation,vnm-v121-b-017-obs-747-1abc8c6d68731436,B-017_drr_prov_dom_ninh_thuao_n,VNM,2023,2.7865,점,,,,,,[실적치] · 등급 2 · Medium (0.4-0.6),WRI Aqueduct 4.0,https://files.wri.org/aqueduct/aqueduct-4-0-country-rankings.zip,CC-BY-4.0,B-017_WRI Aqueduct 물 스트레스 지수.xlsx,1.1_observation(측정값),747,
B-017,WRI Aqueduct 물 스트레스 지수,observation,vnm-v121-b-017-obs-748-3fd968631768d6d1,B-017_drr_prov_dom_phao_tha,VNM,2023,2.67,점,,,,,,[실적치] · 등급 2 · Medium (0.4-0.6),WRI Aqueduct 4.0,https://files.wri.org/aqueduct/aqueduct-4-0-country-rankings.zip,CC-BY-4.0,B-017_WRI Aqueduct 물 스트레스 지수.xlsx,1.1_observation(측정값),748,
B-017,WRI Aqueduct 물 스트레스 지수,observation,vnm-v121-b-017-obs-749-2274874043980e86,B-017_drr_prov_dom_phao_yaan,VNM,2023,3.263,점,,,,,,[실적치] · 등급 3 · Medium - High (0.6-0.8),WRI Aqueduct 4.0,https://files.wri.org/aqueduct/aqueduct-4-0-country-rankings.zip,CC-BY-4.0,B-017_WRI Aqueduct 물 스트레스 지수.xlsx,1.1_observation(측정값),749,
B-017,WRI Aqueduct 물 스트레스 지수,observation,vnm-v121-b-017-obs-750-906f0111265d8c03,B-017_drr_prov_dom_quao_ng_ba_nh,VNM,2023,3.2318,점,,,,,,[실적치] · 등급 3 · Medium - High (0.6-0.8),WRI Aqueduct 4.0,https://files.wri.org/aqueduct/aqueduct-4-0-country-rankings.zip,CC-BY-4.0,B-017_WRI Aqueduct 물 스트레스 지수.xlsx,1.1_observation(측정값),750,
B-017,WRI Aqueduct 물 스트레스 지수,observation,vnm-v121-b-017-obs-751-55e9c661bde17145,B-017_drr_prov_dom_quao_ng_nam,VNM,2023,2.1639,점,,,,,,[실적치] · 등급 2 · Medium (0.4-0.6),WRI Aqueduct 4.0,https://files.wri.org/aqueduct/aqueduct-4-0-country-rankings.zip,CC-BY-4.0,B-017_WRI Aqueduct 물 스트레스 지수.xlsx,1.1_observation(측정값),751,
B-017,WRI Aqueduct 물 스트레스 지수,observation,vnm-v121-b-017-obs-752-a0a8a4bd3e3ad103,B-017_drr_prov_dom_quao_ng_nga_i,VNM,2023,2.5401,점,,,,,,[실적치] · 등급 2 · Medium (0.4-0.6),WRI Aqueduct 4.0,https://files.wri.org/aqueduct/aqueduct-4-0-country-rankings.zip,CC-BY-4.0,B-017_WRI Aqueduct 물 스트레스 지수.xlsx,1.1_observation(측정값),752,
B-017,WRI Aqueduct 물 스트레스 지수,observation,vnm-v121-b-017-obs-753-c0f5d6b797f5c301,B-017_drr_prov_dom_quao_ng_ninh,VNM,2023,2.1528,점,,,,,,[실적치] · 등급 2 · Medium (0.4-0.6),WRI Aqueduct 4.0,https://files.wri.org/aqueduct/aqueduct-4-0-country-rankings.zip,CC-BY-4.0,B-017_WRI Aqueduct 물 스트레스 지수.xlsx,1.1_observation(측정값),753,
B-017,WRI Aqueduct 물 스트레스 지수,observation,vnm-v121-b-017-obs-754-24bf414b632712f4,B-017_drr_prov_dom_quao_ng_tra,VNM,2023,3.0005,점,,,,,,[실적치] · 등급 3 · Medium - High (0.6-0.8),WRI Aqueduct 4.0,https://files.wri.org/aqueduct/aqueduct-4-0-country-rankings.zip,CC-BY-4.0,B-017_WRI Aqueduct 물 스트레스 지수.xlsx,1.1_observation(측정값),754,
B-017,WRI Aqueduct 물 스트레스 지수,observation,vnm-v121-b-017-obs-755-d92b083de0c739c1,B-017_drr_prov_dom_sa3c_tra_ng,VNM,2023,3.7607,점,,,,,,[실적치] · 등급 3 · Medium - High (0.6-0.8),WRI Aqueduct 4.0,https://files.wri.org/aqueduct/aqueduct-4-0-country-rankings.zip,CC-BY-4.0,B-017_WRI Aqueduct 물 스트레스 지수.xlsx,1.1_observation(측정값),755,
B-017,WRI Aqueduct 물 스트레스 지수,observation,vnm-v121-b-017-obs-756-7e5a5d29eeb40277,B-017_drr_prov_dom_s_n_la,VNM,2023,1.9886,점,,,,,,[실적치] · 등급 1 · Low - Medium (0.2-0.4),WRI Aqueduct 4.0,https://files.wri.org/aqueduct/aqueduct-4-0-country-rankings.zip,CC-BY-4.0,B-017_WRI Aqueduct 물 스트레스 지수.xlsx,1.1_observation(측정값),756,
B-017,WRI Aqueduct 물 스트레스 지수,observation,vnm-v121-b-017-obs-757-9fa4f190691c529c,B-017_drr_prov_dom_thanh_ha3a,VNM,2023,2.8134,점,,,,,,[실적치] · 등급 2 · Medium (0.4-0.6),WRI Aqueduct 4.0,https://files.wri.org/aqueduct/aqueduct-4-0-country-rankings.zip,CC-BY-4.0,B-017_WRI Aqueduct 물 스트레스 지수.xlsx,1.1_observation(측정값),757,
B-017,WRI Aqueduct 물 스트레스 지수,observation,vnm-v121-b-017-obs-758-55f421c30ed89bd0,B-017_drr_prov_dom_tha_i_ba_nh,VNM,2023,3.6417,점,,,,,,[실적치] · 등급 3 · Medium - High (0.6-0.8),WRI Aqueduct 4.0,https://files.wri.org/aqueduct/aqueduct-4-0-country-rankings.zip,CC-BY-4.0,B-017_WRI Aqueduct 물 스트레스 지수.xlsx,1.1_observation(측정값),758,
B-017,WRI Aqueduct 물 스트레스 지수,observation,vnm-v121-b-017-obs-759-9dda407f671a9d22,B-017_drr_prov_dom_tha_i_nguyaan,VNM,2023,3.978,점,,,,,,[실적치] · 등급 3 · Medium - High (0.6-0.8),WRI Aqueduct 4.0,https://files.wri.org/aqueduct/aqueduct-4-0-country-rankings.zip,CC-BY-4.0,B-017_WRI Aqueduct 물 스트레스 지수.xlsx,1.1_observation(측정값),759,
B-017,WRI Aqueduct 물 스트레스 지수,observation,vnm-v121-b-017-obs-760-d56d8f1ed135b4af,B-017_drr_prov_dom_tha_a_thiaan_huao,VNM,2023,1.9541,점,,,,,,[실적치] · 등급 1 · Low - Medium (0.2-0.4),WRI Aqueduct 4.0,https://files.wri.org/aqueduct/aqueduct-4-0-country-rankings.zip,CC-BY-4.0,B-017_WRI Aqueduct 물 스트레스 지수.xlsx,1.1_observation(측정값),760,
B-017,WRI Aqueduct 물 스트레스 지수,observation,vnm-v121-b-017-obs-761-54912bf1290d2979,B-017_drr_prov_dom_tia_n_giang,VNM,2023,3.03,점,,,,,,[실적치] · 등급 3 · Medium - High (0.6-0.8),WRI Aqueduct 4.0,https://files.wri.org/aqueduct/aqueduct-4-0-country-rankings.zip,CC-BY-4.0,B-017_WRI Aqueduct 물 스트레스 지수.xlsx,1.1_observation(측정값),761,
B-017,WRI Aqueduct 물 스트레스 지수,observation,vnm-v121-b-017-obs-762-3d71e3724d2e6d4d,B-017_drr_prov_dom_tra_vinh,VNM,2023,3.9859,점,,,,,,[실적치] · 등급 3 · Medium - High (0.6-0.8),WRI Aqueduct 4.0,https://files.wri.org/aqueduct/aqueduct-4-0-country-rankings.zip,CC-BY-4.0,B-017_WRI Aqueduct 물 스트레스 지수.xlsx,1.1_observation(측정값),762,
B-017,WRI Aqueduct 물 스트레스 지수,observation,vnm-v121-b-017-obs-763-192bc1f180ffee30,B-017_drr_prov_dom_tuyaan_quang,VNM,2023,2.507,점,,,,,,[실적치] · 등급 2 · Medium (0.4-0.6),WRI Aqueduct 4.0,https://files.wri.org/aqueduct/aqueduct-4-0-country-rankings.zip,CC-BY-4.0,B-017_WRI Aqueduct 물 스트레스 지수.xlsx,1.1_observation(측정값),763,
B-017,WRI Aqueduct 물 스트레스 지수,observation,vnm-v121-b-017-obs-764-481380173edaa0b8,B-017_drr_prov_dom_ta_y_ninh,VNM,2023,2.532,점,,,,,,[실적치] · 등급 2 · Medium (0.4-0.6),WRI Aqueduct 4.0,https://files.wri.org/aqueduct/aqueduct-4-0-country-rankings.zip,CC-BY-4.0,B-017_WRI Aqueduct 물 스트레스 지수.xlsx,1.1_observation(측정값),764,
B-017,WRI Aqueduct 물 스트레스 지수,observation,vnm-v121-b-017-obs-765-4b198b3373a95de2,B-017_drr_prov_dom_va_nh_long,VNM,2023,4.0432,점,,,,,,[실적치] · 등급 4 · High (0.8-1.0),WRI Aqueduct 4.0,https://files.wri.org/aqueduct/aqueduct-4-0-country-rankings.zip,CC-BY-4.0,B-017_WRI Aqueduct 물 스트레스 지수.xlsx,1.1_observation(측정값),765,
B-017,WRI Aqueduct 물 스트레스 지수,observation,vnm-v121-b-017-obs-766-db24dfaac6aae1c1,B-017_drr_prov_dom_va_nh_phaoc,VNM,2023,3.3494,점,,,,,,[실적치] · 등급 3 · Medium - High (0.6-0.8),WRI Aqueduct 4.0,https://files.wri.org/aqueduct/aqueduct-4-0-country-rankings.zip,CC-BY-4.0,B-017_WRI Aqueduct 물 스트레스 지수.xlsx,1.1_observation(측정값),766,
B-017,WRI Aqueduct 물 스트레스 지수,observation,vnm-v121-b-017-obs-767-78e54ecd1684e174,B-017_drr_prov_dom_yaan_ba_i,VNM,2023,2.7495,점,,,,,,[실적치] · 등급 2 · Medium (0.4-0.6),WRI Aqueduct 4.0,https://files.wri.org/aqueduct/aqueduct-4-0-country-rankings.zip,CC-BY-4.0,B-017_WRI Aqueduct 물 스트레스 지수.xlsx,1.1_observation(측정값),767,
B-017,WRI Aqueduct 물 스트레스 지수,observation,vnm-v121-b-017-obs-768-4bcd4c7e8ae1b172,B-017_drr_prov_dom_a_ia_n_biaan,VNM,2023,1.4556,점,,,,,,[실적치] · 등급 1 · Low - Medium (0.2-0.4),WRI Aqueduct 4.0,https://files.wri.org/aqueduct/aqueduct-4-0-country-rankings.zip,CC-BY-4.0,B-017_WRI Aqueduct 물 스트레스 지수.xlsx,1.1_observation(측정값),768,
B-017,WRI Aqueduct 물 스트레스 지수,observation,vnm-v121-b-017-obs-769-1a43e05ec3af4212,B-017_drr_prov_dom_a_a_nao_ng,VNM,2023,3.1615,점,,,,,,[실적치] · 등급 3 · Medium - High (0.6-0.8),WRI Aqueduct 4.0,https://files.wri.org/aqueduct/aqueduct-4-0-country-rankings.zip,CC-BY-4.0,B-017_WRI Aqueduct 물 스트레스 지수.xlsx,1.1_observation(측정값),769,
B-017,WRI Aqueduct 물 스트레스 지수,observation,vnm-v121-b-017-obs-770-aa349a976a0dee64,B-017_drr_prov_dom_a_ao_k_lao_k,VNM,2023,2.3417,점,,,,,,[실적치] · 등급 2 · Medium (0.4-0.6),WRI Aqueduct 4.0,https://files.wri.org/aqueduct/aqueduct-4-0-country-rankings.zip,CC-BY-4.0,B-017_WRI Aqueduct 물 스트레스 지수.xlsx,1.1_observation(측정값),770,
B-017,WRI Aqueduct 물 스트레스 지수,observation,vnm-v121-b-017-obs-771-e95922035b005863,B-017_drr_prov_dom_a_ao_k_na_ng,VNM,2023,1.9446,점,,,,,,[실적치] · 등급 1 · Low - Medium (0.2-0.4),WRI Aqueduct 4.0,https://files.wri.org/aqueduct/aqueduct-4-0-country-rankings.zip,CC-BY-4.0,B-017_WRI Aqueduct 물 스트레스 지수.xlsx,1.1_observation(측정값),771,
B-017,WRI Aqueduct 물 스트레스 지수,observation,vnm-v121-b-017-obs-772-b86da4a9f907cb97,B-017_drr_prov_dom_a_a_ng_nai,VNM,2023,2.2493,점,,,,,,[실적치] · 등급 2 · Medium (0.4-0.6),WRI Aqueduct 4.0,https://files.wri.org/aqueduct/aqueduct-4-0-country-rankings.zip,CC-BY-4.0,B-017_WRI Aqueduct 물 스트레스 지수.xlsx,1.1_observation(측정값),772,
B-017,WRI Aqueduct 물 스트레스 지수,observation,vnm-v121-b-017-obs-773-57b5cd97d335015f,B-017_drr_prov_dom_a_a_ng_tha_p,VNM,2023,3.9343,점,,,,,,[실적치] · 등급 3 · Medium - High (0.6-0.8),WRI Aqueduct 4.0,https://files.wri.org/aqueduct/aqueduct-4-0-country-rankings.zip,CC-BY-4.0,B-017_WRI Aqueduct 물 스트레스 지수.xlsx,1.1_observation(측정값),773,
B-017,WRI Aqueduct 물 스트레스 지수,observation,vnm-v121-b-017-obs-774-462d573ff26067c5,B-017_drr_prov_ind_an_giang,VNM,2023,3.5538,점,,,,,,[실적치] · 등급 3 · Medium - High (0.6-0.8),WRI Aqueduct 4.0,https://files.wri.org/aqueduct/aqueduct-4-0-country-rankings.zip,CC-BY-4.0,B-017_WRI Aqueduct 물 스트레스 지수.xlsx,1.1_observation(측정값),774,
B-017,WRI Aqueduct 물 스트레스 지수,observation,vnm-v121-b-017-obs-775-fdb5afaa555e03cb,B-017_drr_prov_ind_ba_ra_a_va_ng_ta_u,VNM,2023,3.5206,점,,,,,,[실적치] · 등급 3 · Medium - High (0.6-0.8),WRI Aqueduct 4.0,https://files.wri.org/aqueduct/aqueduct-4-0-country-rankings.zip,CC-BY-4.0,B-017_WRI Aqueduct 물 스트레스 지수.xlsx,1.1_observation(측정값),775,
B-017,WRI Aqueduct 물 스트레스 지수,observation,vnm-v121-b-017-obs-776-5c04f7eb3258da09,B-017_drr_prov_ind_ba_nh_d_ng,VNM,2023,2.5911,점,,,,,,[실적치] · 등급 2 · Medium (0.4-0.6),WRI Aqueduct 4.0,https://files.wri.org/aqueduct/aqueduct-4-0-country-rankings.zip,CC-BY-4.0,B-017_WRI Aqueduct 물 스트레스 지수.xlsx,1.1_observation(측정값),776,
B-017,WRI Aqueduct 물 스트레스 지수,observation,vnm-v121-b-017-obs-777-f1d4668107775933,B-017_drr_prov_ind_ba_nh_ph_a_c,VNM,2023,2.4508,점,,,,,,[실적치] · 등급 2 · Medium (0.4-0.6),WRI Aqueduct 4.0,https://files.wri.org/aqueduct/aqueduct-4-0-country-rankings.zip,CC-BY-4.0,B-017_WRI Aqueduct 물 스트레스 지수.xlsx,1.1_observation(측정값),777,
B-017,WRI Aqueduct 물 스트레스 지수,observation,vnm-v121-b-017-obs-778-c99c1b74750e1273,B-017_drr_prov_ind_ba_nh_thuao_n,VNM,2023,2.5868,점,,,,,,[실적치] · 등급 2 · Medium (0.4-0.6),WRI Aqueduct 4.0,https://files.wri.org/aqueduct/aqueduct-4-0-country-rankings.zip,CC-BY-4.0,B-017_WRI Aqueduct 물 스트레스 지수.xlsx,1.1_observation(측정값),778,
B-017,WRI Aqueduct 물 스트레스 지수,observation,vnm-v121-b-017-obs-779-b078af04d1f53ddb,B-017_drr_prov_ind_ba_nh_a_a_nh,VNM,2023,2.268,점,,,,,,[실적치] · 등급 2 · Medium (0.4-0.6),WRI Aqueduct 4.0,https://files.wri.org/aqueduct/aqueduct-4-0-country-rankings.zip,CC-BY-4.0,B-017_WRI Aqueduct 물 스트레스 지수.xlsx,1.1_observation(측정값),779,
B-017,WRI Aqueduct 물 스트레스 지수,observation,vnm-v121-b-017-obs-780-97135e6d4c7d1409,B-017_drr_prov_ind_bao_c_liaau,VNM,2023,2.5999,점,,,,,,[실적치] · 등급 2 · Medium (0.4-0.6),WRI Aqueduct 4.0,https://files.wri.org/aqueduct/aqueduct-4-0-country-rankings.zip,CC-BY-4.0,B-017_WRI Aqueduct 물 스트레스 지수.xlsx,1.1_observation(측정값),780,
B-017,WRI Aqueduct 물 스트레스 지수,observation,vnm-v121-b-017-obs-781-db401ec4f5ca3e39,B-017_drr_prov_ind_bao_c_giang,VNM,2023,3.0665,점,,,,,,[실적치] · 등급 3 · Medium - High (0.6-0.8),WRI Aqueduct 4.0,https://files.wri.org/aqueduct/aqueduct-4-0-country-rankings.zip,CC-BY-4.0,B-017_WRI Aqueduct 물 스트레스 지수.xlsx,1.1_observation(측정값),781,
B-017,WRI Aqueduct 물 스트레스 지수,observation,vnm-v121-b-017-obs-782-0157e2e90b0f5b0b,B-017_drr_prov_ind_bao_c_kao_n,VNM,2023,2.5923,점,,,,,,[실적치] · 등급 2 · Medium (0.4-0.6),WRI Aqueduct 4.0,https://files.wri.org/aqueduct/aqueduct-4-0-country-rankings.zip,CC-BY-4.0,B-017_WRI Aqueduct 물 스트레스 지수.xlsx,1.1_observation(측정값),782,
B-017,WRI Aqueduct 물 스트레스 지수,observation,vnm-v121-b-017-obs-783-6ce9578d01bb61ad,B-017_drr_prov_ind_bao_c_ninh,VNM,2023,3.9209,점,,,,,,[실적치] · 등급 3 · Medium - High (0.6-0.8),WRI Aqueduct 4.0,https://files.wri.org/aqueduct/aqueduct-4-0-country-rankings.zip,CC-BY-4.0,B-017_WRI Aqueduct 물 스트레스 지수.xlsx,1.1_observation(측정값),783,
B-017,WRI Aqueduct 물 스트레스 지수,observation,vnm-v121-b-017-obs-784-cd10832cfcd668a2,B-017_drr_prov_ind_bao_n_tre,VNM,2023,3.8642,점,,,,,,[실적치] · 등급 3 · Medium - High (0.6-0.8),WRI Aqueduct 4.0,https://files.wri.org/aqueduct/aqueduct-4-0-country-rankings.zip,CC-BY-4.0,B-017_WRI Aqueduct 물 스트레스 지수.xlsx,1.1_observation(측정값),784,
B-017,WRI Aqueduct 물 스트레스 지수,observation,vnm-v121-b-017-obs-785-2a46d2e5421377f7,B-017_drr_prov_ind_cao_bao_ng,VNM,2023,2.3454,점,,,,,,[실적치] · 등급 2 · Medium (0.4-0.6),WRI Aqueduct 4.0,https://files.wri.org/aqueduct/aqueduct-4-0-country-rankings.zip,CC-BY-4.0,B-017_WRI Aqueduct 물 스트레스 지수.xlsx,1.1_observation(측정값),785,
B-017,WRI Aqueduct 물 스트레스 지수,observation,vnm-v121-b-017-obs-786-c1e08719d9cb0883,B-017_drr_prov_ind_ca_mau,VNM,2023,2.6212,점,,,,,,[실적치] · 등급 2 · Medium (0.4-0.6),WRI Aqueduct 4.0,https://files.wri.org/aqueduct/aqueduct-4-0-country-rankings.zip,CC-BY-4.0,B-017_WRI Aqueduct 물 스트레스 지수.xlsx,1.1_observation(측정값),786,
B-017,WRI Aqueduct 물 스트레스 지수,observation,vnm-v121-b-017-obs-787-864a8ca1c9856eb5,B-017_drr_prov_ind_cao_n_th,VNM,2023,3.6968,점,,,,,,[실적치] · 등급 3 · Medium - High (0.6-0.8),WRI Aqueduct 4.0,https://files.wri.org/aqueduct/aqueduct-4-0-country-rankings.zip,CC-BY-4.0,B-017_WRI Aqueduct 물 스트레스 지수.xlsx,1.1_observation(측정값),787,
B-017,WRI Aqueduct 물 스트레스 지수,observation,vnm-v121-b-017-obs-788-91cbc9a5e1541ab2,B-017_drr_prov_ind_gia_lai,VNM,2023,2.1197,점,,,,,,[실적치] · 등급 2 · Medium (0.4-0.6),WRI Aqueduct 4.0,https://files.wri.org/aqueduct/aqueduct-4-0-country-rankings.zip,CC-BY-4.0,B-017_WRI Aqueduct 물 스트레스 지수.xlsx,1.1_observation(측정값),788,
B-017,WRI Aqueduct 물 스트레스 지수,observation,vnm-v121-b-017-obs-789-eab37a319ce0f623,B-017_drr_prov_ind_hoa_ba_nh,VNM,2023,3.3942,점,,,,,,[실적치] · 등급 3 · Medium - High (0.6-0.8),WRI Aqueduct 4.0,https://files.wri.org/aqueduct/aqueduct-4-0-country-rankings.zip,CC-BY-4.0,B-017_WRI Aqueduct 물 스트레스 지수.xlsx,1.1_observation(측정값),789,
B-017,WRI Aqueduct 물 스트레스 지수,observation,vnm-v121-b-017-obs-790-79f4db7862a12230,B-017_drr_prov_ind_ha_giang,VNM,2023,2.091,점,,,,,,[실적치] · 등급 2 · Medium (0.4-0.6),WRI Aqueduct 4.0,https://files.wri.org/aqueduct/aqueduct-4-0-country-rankings.zip,CC-BY-4.0,B-017_WRI Aqueduct 물 스트레스 지수.xlsx,1.1_observation(측정값),790,
B-017,WRI Aqueduct 물 스트레스 지수,observation,vnm-v121-b-017-obs-791-bfd4769d8302c829,B-017_drr_prov_ind_ha_nam,VNM,2023,4.1059,점,,,,,,[실적치] · 등급 4 · High (0.8-1.0),WRI Aqueduct 4.0,https://files.wri.org/aqueduct/aqueduct-4-0-country-rankings.zip,CC-BY-4.0,B-017_WRI Aqueduct 물 스트레스 지수.xlsx,1.1_observation(측정값),791,
B-017,WRI Aqueduct 물 스트레스 지수,observation,vnm-v121-b-017-obs-792-7523b4df739855c1,B-017_drr_prov_ind_ha_na_tmi,VNM,2023,3.638,점,,,,,,[실적치] · 등급 3 · Medium - High (0.6-0.8),WRI Aqueduct 4.0,https://files.wri.org/aqueduct/aqueduct-4-0-country-rankings.zip,CC-BY-4.0,B-017_WRI Aqueduct 물 스트레스 지수.xlsx,1.1_observation(측정값),792,
B-017,WRI Aqueduct 물 스트레스 지수,observation,vnm-v121-b-017-obs-793-2b32a45ef1c706aa,B-017_drr_prov_ind_ha_ta_nh,VNM,2023,3.437,점,,,,,,[실적치] · 등급 3 · Medium - High (0.6-0.8),WRI Aqueduct 4.0,https://files.wri.org/aqueduct/aqueduct-4-0-country-rankings.zip,CC-BY-4.0,B-017_WRI Aqueduct 물 스트레스 지수.xlsx,1.1_observation(측정값),793,
B-017,WRI Aqueduct 물 스트레스 지수,observation,vnm-v121-b-017-obs-794-090c0458fe040a36,B-017_drr_prov_ind_h_ng_yaan,VNM,2023,4.1249,점,,,,,,[실적치] · 등급 4 · High (0.8-1.0),WRI Aqueduct 4.0,https://files.wri.org/aqueduct/aqueduct-4-0-country-rankings.zip,CC-BY-4.0,B-017_WRI Aqueduct 물 스트레스 지수.xlsx,1.1_observation(측정값),794,
B-017,WRI Aqueduct 물 스트레스 지수,observation,vnm-v121-b-017-obs-795-3fc4639699a56931,B-017_drr_prov_ind_hao_i_d_ng,VNM,2023,3.3131,점,,,,,,[실적치] · 등급 3 · Medium - High (0.6-0.8),WRI Aqueduct 4.0,https://files.wri.org/aqueduct/aqueduct-4-0-country-rankings.zip,CC-BY-4.0,B-017_WRI Aqueduct 물 스트레스 지수.xlsx,1.1_observation(측정값),795,
B-017,WRI Aqueduct 물 스트레스 지수,observation,vnm-v121-b-017-obs-796-46d672c15d8e4f08,B-017_drr_prov_ind_hao_i_pha2ng,VNM,2023,3.6581,점,,,,,,[실적치] · 등급 3 · Medium - High (0.6-0.8),WRI Aqueduct 4.0,https://files.wri.org/aqueduct/aqueduct-4-0-country-rankings.zip,CC-BY-4.0,B-017_WRI Aqueduct 물 스트레스 지수.xlsx,1.1_observation(측정값),796,
B-017,WRI Aqueduct 물 스트레스 지수,observation,vnm-v121-b-017-obs-797-1c1465231a438530,B-017_drr_prov_ind_hao_u_giang,VNM,2023,3.5202,점,,,,,,[실적치] · 등급 3 · Medium - High (0.6-0.8),WRI Aqueduct 4.0,https://files.wri.org/aqueduct/aqueduct-4-0-country-rankings.zip,CC-BY-4.0,B-017_WRI Aqueduct 물 스트레스 지수.xlsx,1.1_observation(측정값),797,
B-017,WRI Aqueduct 물 스트레스 지수,observation,vnm-v121-b-017-obs-798-54ad9eaf6333dd4c,B-017_drr_prov_ind_ha_cha_minh,VNM,2023,3.398,점,,,,,,[실적치] · 등급 3 · Medium - High (0.6-0.8),WRI Aqueduct 4.0,https://files.wri.org/aqueduct/aqueduct-4-0-country-rankings.zip,CC-BY-4.0,B-017_WRI Aqueduct 물 스트레스 지수.xlsx,1.1_observation(측정값),798,
B-017,WRI Aqueduct 물 스트레스 지수,observation,vnm-v121-b-017-obs-799-da92b6644cc060cb,B-017_drr_prov_ind_kha_nh_ha2a,VNM,2023,2.5946,점,,,,,,[실적치] · 등급 2 · Medium (0.4-0.6),WRI Aqueduct 4.0,https://files.wri.org/aqueduct/aqueduct-4-0-country-rankings.zip,CC-BY-4.0,B-017_WRI Aqueduct 물 스트레스 지수.xlsx,1.1_observation(측정값),799,
B-017,WRI Aqueduct 물 스트레스 지수,observation,vnm-v121-b-017-obs-800-0b2b8253ce0e8fb8,B-017_drr_prov_ind_kiaan_giang,VNM,2023,2.8581,점,,,,,,[실적치] · 등급 2 · Medium (0.4-0.6),WRI Aqueduct 4.0,https://files.wri.org/aqueduct/aqueduct-4-0-country-rankings.zip,CC-BY-4.0,B-017_WRI Aqueduct 물 스트레스 지수.xlsx,1.1_observation(측정값),800,
B-017,WRI Aqueduct 물 스트레스 지수,observation,vnm-v121-b-017-obs-801-e7c08ef7d1ebd694,B-017_drr_prov_ind_kon_tum,VNM,2023,2.3786,점,,,,,,[실적치] · 등급 2 · Medium (0.4-0.6),WRI Aqueduct 4.0,https://files.wri.org/aqueduct/aqueduct-4-0-country-rankings.zip,CC-BY-4.0,B-017_WRI Aqueduct 물 스트레스 지수.xlsx,1.1_observation(측정값),801,
B-017,WRI Aqueduct 물 스트레스 지수,observation,vnm-v121-b-017-obs-802-476982b37b2b1bd4,B-017_drr_prov_ind_lai_cha_u,VNM,2023,1.7662,점,,,,,,[실적치] · 등급 1 · Low - Medium (0.2-0.4),WRI Aqueduct 4.0,https://files.wri.org/aqueduct/aqueduct-4-0-country-rankings.zip,CC-BY-4.0,B-017_WRI Aqueduct 물 스트레스 지수.xlsx,1.1_observation(측정값),802,
B-017,WRI Aqueduct 물 스트레스 지수,observation,vnm-v121-b-017-obs-803-882e66d29c3b25a0,B-017_drr_prov_ind_long_an,VNM,2023,3.6211,점,,,,,,[실적치] · 등급 3 · Medium - High (0.6-0.8),WRI Aqueduct 4.0,https://files.wri.org/aqueduct/aqueduct-4-0-country-rankings.zip,CC-BY-4.0,B-017_WRI Aqueduct 물 스트레스 지수.xlsx,1.1_observation(측정값),803,
B-017,WRI Aqueduct 물 스트레스 지수,observation,vnm-v121-b-017-obs-804-220b96443dc1fcdc,B-017_drr_prov_ind_la_o_cai,VNM,2023,2.1733,점,,,,,,[실적치] · 등급 2 · Medium (0.4-0.6),WRI Aqueduct 4.0,https://files.wri.org/aqueduct/aqueduct-4-0-country-rankings.zip,CC-BY-4.0,B-017_WRI Aqueduct 물 스트레스 지수.xlsx,1.1_observation(측정값),804,
B-017,WRI Aqueduct 물 스트레스 지수,observation,vnm-v121-b-017-obs-805-87174aba46ee6c7d,B-017_drr_prov_ind_la_m_a_a_ng,VNM,2023,1.5863,점,,,,,,[실적치] · 등급 1 · Low - Medium (0.2-0.4),WRI Aqueduct 4.0,https://files.wri.org/aqueduct/aqueduct-4-0-country-rankings.zip,CC-BY-4.0,B-017_WRI Aqueduct 물 스트레스 지수.xlsx,1.1_observation(측정값),805,
B-017,WRI Aqueduct 물 스트레스 지수,observation,vnm-v121-b-017-obs-806-98811f3be1681140,B-017_drr_prov_ind_lao_ng_s_n,VNM,2023,2.296,점,,,,,,[실적치] · 등급 2 · Medium (0.4-0.6),WRI Aqueduct 4.0,https://files.wri.org/aqueduct/aqueduct-4-0-country-rankings.zip,CC-BY-4.0,B-017_WRI Aqueduct 물 스트레스 지수.xlsx,1.1_observation(측정값),806,
B-017,WRI Aqueduct 물 스트레스 지수,observation,vnm-v121-b-017-obs-807-fe51746920744a08,B-017_drr_prov_ind_nam_a_a_nh,VNM,2023,3.5559,점,,,,,,[실적치] · 등급 3 · Medium - High (0.6-0.8),WRI Aqueduct 4.0,https://files.wri.org/aqueduct/aqueduct-4-0-country-rankings.zip,CC-BY-4.0,B-017_WRI Aqueduct 물 스트레스 지수.xlsx,1.1_observation(측정값),807,
B-017,WRI Aqueduct 물 스트레스 지수,observation,vnm-v121-b-017-obs-808-879e71611c7bd174,B-017_drr_prov_ind_ngha_an,VNM,2023,2.6184,점,,,,,,[실적치] · 등급 2 · Medium (0.4-0.6),WRI Aqueduct 4.0,https://files.wri.org/aqueduct/aqueduct-4-0-country-rankings.zip,CC-BY-4.0,B-017_WRI Aqueduct 물 스트레스 지수.xlsx,1.1_observation(측정값),808,
B-017,WRI Aqueduct 물 스트레스 지수,observation,vnm-v121-b-017-obs-809-6fdd878a3b1d076b,B-017_drr_prov_ind_ninh_ba_nh,VNM,2023,3.7758,점,,,,,,[실적치] · 등급 3 · Medium - High (0.6-0.8),WRI Aqueduct 4.0,https://files.wri.org/aqueduct/aqueduct-4-0-country-rankings.zip,CC-BY-4.0,B-017_WRI Aqueduct 물 스트레스 지수.xlsx,1.1_observation(측정값),809,
B-017,WRI Aqueduct 물 스트레스 지수,observation,vnm-v121-b-017-obs-810-e5c608b114b337dc,B-017_drr_prov_ind_ninh_thuao_n,VNM,2023,2.5604,점,,,,,,[실적치] · 등급 2 · Medium (0.4-0.6),WRI Aqueduct 4.0,https://files.wri.org/aqueduct/aqueduct-4-0-country-rankings.zip,CC-BY-4.0,B-017_WRI Aqueduct 물 스트레스 지수.xlsx,1.1_observation(측정값),810,
B-017,WRI Aqueduct 물 스트레스 지수,observation,vnm-v121-b-017-obs-811-d2fc45b730d8d3d0,B-017_drr_prov_ind_phao_tha,VNM,2023,2.725,점,,,,,,[실적치] · 등급 2 · Medium (0.4-0.6),WRI Aqueduct 4.0,https://files.wri.org/aqueduct/aqueduct-4-0-country-rankings.zip,CC-BY-4.0,B-017_WRI Aqueduct 물 스트레스 지수.xlsx,1.1_observation(측정값),811,
B-017,WRI Aqueduct 물 스트레스 지수,observation,vnm-v121-b-017-obs-812-aecd1c296305be89,B-017_drr_prov_ind_phao_yaan,VNM,2023,3.0838,점,,,,,,[실적치] · 등급 3 · Medium - High (0.6-0.8),WRI Aqueduct 4.0,https://files.wri.org/aqueduct/aqueduct-4-0-country-rankings.zip,CC-BY-4.0,B-017_WRI Aqueduct 물 스트레스 지수.xlsx,1.1_observation(측정값),812,
B-017,WRI Aqueduct 물 스트레스 지수,observation,vnm-v121-b-017-obs-813-a8dd6358567c7fbc,B-017_drr_prov_ind_quao_ng_ba_nh,VNM,2023,2.9488,점,,,,,,[실적치] · 등급 2 · Medium (0.4-0.6),WRI Aqueduct 4.0,https://files.wri.org/aqueduct/aqueduct-4-0-country-rankings.zip,CC-BY-4.0,B-017_WRI Aqueduct 물 스트레스 지수.xlsx,1.1_observation(측정값),813,
B-017,WRI Aqueduct 물 스트레스 지수,observation,vnm-v121-b-017-obs-814-0ce4727e850df547,B-017_drr_prov_ind_quao_ng_nam,VNM,2023,2.1991,점,,,,,,[실적치] · 등급 2 · Medium (0.4-0.6),WRI Aqueduct 4.0,https://files.wri.org/aqueduct/aqueduct-4-0-country-rankings.zip,CC-BY-4.0,B-017_WRI Aqueduct 물 스트레스 지수.xlsx,1.1_observation(측정값),814,
B-017,WRI Aqueduct 물 스트레스 지수,observation,vnm-v121-b-017-obs-815-15b383ffe1bb7b68,B-017_drr_prov_ind_quao_ng_nga_i,VNM,2023,2.5678,점,,,,,,[실적치] · 등급 2 · Medium (0.4-0.6),WRI Aqueduct 4.0,https://files.wri.org/aqueduct/aqueduct-4-0-country-rankings.zip,CC-BY-4.0,B-017_WRI Aqueduct 물 스트레스 지수.xlsx,1.1_observation(측정값),815,
B-017,WRI Aqueduct 물 스트레스 지수,observation,vnm-v121-b-017-obs-816-560059828feacaca,B-017_drr_prov_ind_quao_ng_ninh,VNM,2023,2.2488,점,,,,,,[실적치] · 등급 2 · Medium (0.4-0.6),WRI Aqueduct 4.0,https://files.wri.org/aqueduct/aqueduct-4-0-country-rankings.zip,CC-BY-4.0,B-017_WRI Aqueduct 물 스트레스 지수.xlsx,1.1_observation(측정값),816,
B-017,WRI Aqueduct 물 스트레스 지수,observation,vnm-v121-b-017-obs-817-e7e827f6bbfa0a33,B-017_drr_prov_ind_quao_ng_tra,VNM,2023,3.005,점,,,,,,[실적치] · 등급 3 · Medium - High (0.6-0.8),WRI Aqueduct 4.0,https://files.wri.org/aqueduct/aqueduct-4-0-country-rankings.zip,CC-BY-4.0,B-017_WRI Aqueduct 물 스트레스 지수.xlsx,1.1_observation(측정값),817,
B-017,WRI Aqueduct 물 스트레스 지수,observation,vnm-v121-b-017-obs-818-e44ac8d317409fa9,B-017_drr_prov_ind_sa3c_tra_ng,VNM,2023,3.78,점,,,,,,[실적치] · 등급 3 · Medium - High (0.6-0.8),WRI Aqueduct 4.0,https://files.wri.org/aqueduct/aqueduct-4-0-country-rankings.zip,CC-BY-4.0,B-017_WRI Aqueduct 물 스트레스 지수.xlsx,1.1_observation(측정값),818,
B-017,WRI Aqueduct 물 스트레스 지수,observation,vnm-v121-b-017-obs-819-11cd4c4f38156d1d,B-017_drr_prov_ind_s_n_la,VNM,2023,1.9897,점,,,,,,[실적치] · 등급 1 · Low - Medium (0.2-0.4),WRI Aqueduct 4.0,https://files.wri.org/aqueduct/aqueduct-4-0-country-rankings.zip,CC-BY-4.0,B-017_WRI Aqueduct 물 스트레스 지수.xlsx,1.1_observation(측정값),819,
B-017,WRI Aqueduct 물 스트레스 지수,observation,vnm-v121-b-017-obs-820-c790e1e43049df43,B-017_drr_prov_ind_thanh_ha3a,VNM,2023,2.7925,점,,,,,,[실적치] · 등급 2 · Medium (0.4-0.6),WRI Aqueduct 4.0,https://files.wri.org/aqueduct/aqueduct-4-0-country-rankings.zip,CC-BY-4.0,B-017_WRI Aqueduct 물 스트레스 지수.xlsx,1.1_observation(측정값),820,
B-017,WRI Aqueduct 물 스트레스 지수,observation,vnm-v121-b-017-obs-821-c06caab398b84bc3,B-017_drr_prov_ind_tha_i_ba_nh,VNM,2023,3.6271,점,,,,,,[실적치] · 등급 3 · Medium - High (0.6-0.8),WRI Aqueduct 4.0,https://files.wri.org/aqueduct/aqueduct-4-0-country-rankings.zip,CC-BY-4.0,B-017_WRI Aqueduct 물 스트레스 지수.xlsx,1.1_observation(측정값),821,
B-017,WRI Aqueduct 물 스트레스 지수,observation,vnm-v121-b-017-obs-822-085d8b78b4a084ba,B-017_drr_prov_ind_tha_i_nguyaan,VNM,2023,4.0023,점,,,,,,[실적치] · 등급 4 · High (0.8-1.0),WRI Aqueduct 4.0,https://files.wri.org/aqueduct/aqueduct-4-0-country-rankings.zip,CC-BY-4.0,B-017_WRI Aqueduct 물 스트레스 지수.xlsx,1.1_observation(측정값),822,
B-017,WRI Aqueduct 물 스트레스 지수,observation,vnm-v121-b-017-obs-823-e789abfb2303b9e6,B-017_drr_prov_ind_tha_a_thiaan_huao,VNM,2023,1.9872,점,,,,,,[실적치] · 등급 1 · Low - Medium (0.2-0.4),WRI Aqueduct 4.0,https://files.wri.org/aqueduct/aqueduct-4-0-country-rankings.zip,CC-BY-4.0,B-017_WRI Aqueduct 물 스트레스 지수.xlsx,1.1_observation(측정값),823,
B-017,WRI Aqueduct 물 스트레스 지수,observation,vnm-v121-b-017-obs-824-7a2aa2c1abf8f5b6,B-017_drr_prov_ind_tia_n_giang,VNM,2023,3.095,점,,,,,,[실적치] · 등급 3 · Medium - High (0.6-0.8),WRI Aqueduct 4.0,https://files.wri.org/aqueduct/aqueduct-4-0-country-rankings.zip,CC-BY-4.0,B-017_WRI Aqueduct 물 스트레스 지수.xlsx,1.1_observation(측정값),824,
B-017,WRI Aqueduct 물 스트레스 지수,observation,vnm-v121-b-017-obs-825-cecd5f0cc1047606,B-017_drr_prov_ind_tra_vinh,VNM,2023,3.9608,점,,,,,,[실적치] · 등급 3 · Medium - High (0.6-0.8),WRI Aqueduct 4.0,https://files.wri.org/aqueduct/aqueduct-4-0-country-rankings.zip,CC-BY-4.0,B-017_WRI Aqueduct 물 스트레스 지수.xlsx,1.1_observation(측정값),825,
B-017,WRI Aqueduct 물 스트레스 지수,observation,vnm-v121-b-017-obs-826-f887ede75f491fe3,B-017_drr_prov_ind_tuyaan_quang,VNM,2023,2.4898,점,,,,,,[실적치] · 등급 2 · Medium (0.4-0.6),WRI Aqueduct 4.0,https://files.wri.org/aqueduct/aqueduct-4-0-country-rankings.zip,CC-BY-4.0,B-017_WRI Aqueduct 물 스트레스 지수.xlsx,1.1_observation(측정값),826,
B-017,WRI Aqueduct 물 스트레스 지수,observation,vnm-v121-b-017-obs-827-6257cf181c49ebcf,B-017_drr_prov_ind_ta_y_ninh,VNM,2023,2.5246,점,,,,,,[실적치] · 등급 2 · Medium (0.4-0.6),WRI Aqueduct 4.0,https://files.wri.org/aqueduct/aqueduct-4-0-country-rankings.zip,CC-BY-4.0,B-017_WRI Aqueduct 물 스트레스 지수.xlsx,1.1_observation(측정값),827,
B-017,WRI Aqueduct 물 스트레스 지수,observation,vnm-v121-b-017-obs-828-8cc176023086f6fc,B-017_drr_prov_ind_va_nh_long,VNM,2023,3.9701,점,,,,,,[실적치] · 등급 3 · Medium - High (0.6-0.8),WRI Aqueduct 4.0,https://files.wri.org/aqueduct/aqueduct-4-0-country-rankings.zip,CC-BY-4.0,B-017_WRI Aqueduct 물 스트레스 지수.xlsx,1.1_observation(측정값),828,
B-017,WRI Aqueduct 물 스트레스 지수,observation,vnm-v121-b-017-obs-829-016980ef8bd28675,B-017_drr_prov_ind_va_nh_phaoc,VNM,2023,3.3577,점,,,,,,[실적치] · 등급 3 · Medium - High (0.6-0.8),WRI Aqueduct 4.0,https://files.wri.org/aqueduct/aqueduct-4-0-country-rankings.zip,CC-BY-4.0,B-017_WRI Aqueduct 물 스트레스 지수.xlsx,1.1_observation(측정값),829,
B-017,WRI Aqueduct 물 스트레스 지수,observation,vnm-v121-b-017-obs-830-a449ad82494c629d,B-017_drr_prov_ind_yaan_ba_i,VNM,2023,2.7727,점,,,,,,[실적치] · 등급 2 · Medium (0.4-0.6),WRI Aqueduct 4.0,https://files.wri.org/aqueduct/aqueduct-4-0-country-rankings.zip,CC-BY-4.0,B-017_WRI Aqueduct 물 스트레스 지수.xlsx,1.1_observation(측정값),830,
B-017,WRI Aqueduct 물 스트레스 지수,observation,vnm-v121-b-017-obs-831-4f03a331923a2672,B-017_drr_prov_ind_a_ia_n_biaan,VNM,2023,1.4706,점,,,,,,[실적치] · 등급 1 · Low - Medium (0.2-0.4),WRI Aqueduct 4.0,https://files.wri.org/aqueduct/aqueduct-4-0-country-rankings.zip,CC-BY-4.0,B-017_WRI Aqueduct 물 스트레스 지수.xlsx,1.1_observation(측정값),831,
B-017,WRI Aqueduct 물 스트레스 지수,observation,vnm-v121-b-017-obs-832-0356daa4955a175c,B-017_drr_prov_ind_a_a_nao_ng,VNM,2023,3.0017,점,,,,,,[실적치] · 등급 3 · Medium - High (0.6-0.8),WRI Aqueduct 4.0,https://files.wri.org/aqueduct/aqueduct-4-0-country-rankings.zip,CC-BY-4.0,B-017_WRI Aqueduct 물 스트레스 지수.xlsx,1.1_observation(측정값),832,
B-017,WRI Aqueduct 물 스트레스 지수,observation,vnm-v121-b-017-obs-833-5783a152de2d16e5,B-017_drr_prov_ind_a_ao_k_lao_k,VNM,2023,2.3289,점,,,,,,[실적치] · 등급 2 · Medium (0.4-0.6),WRI Aqueduct 4.0,https://files.wri.org/aqueduct/aqueduct-4-0-country-rankings.zip,CC-BY-4.0,B-017_WRI Aqueduct 물 스트레스 지수.xlsx,1.1_observation(측정값),833,
B-017,WRI Aqueduct 물 스트레스 지수,observation,vnm-v121-b-017-obs-834-6500b5dad527e017,B-017_drr_prov_ind_a_ao_k_na_ng,VNM,2023,2.0204,점,,,,,,[실적치] · 등급 2 · Medium (0.4-0.6),WRI Aqueduct 4.0,https://files.wri.org/aqueduct/aqueduct-4-0-country-rankings.zip,CC-BY-4.0,B-017_WRI Aqueduct 물 스트레스 지수.xlsx,1.1_observation(측정값),834,
B-017,WRI Aqueduct 물 스트레스 지수,observation,vnm-v121-b-017-obs-835-b71b89b8867f52d7,B-017_drr_prov_ind_a_a_ng_nai,VNM,2023,2.291,점,,,,,,[실적치] · 등급 2 · Medium (0.4-0.6),WRI Aqueduct 4.0,https://files.wri.org/aqueduct/aqueduct-4-0-country-rankings.zip,CC-BY-4.0,B-017_WRI Aqueduct 물 스트레스 지수.xlsx,1.1_observation(측정값),835,
B-017,WRI Aqueduct 물 스트레스 지수,observation,vnm-v121-b-017-obs-836-b0d3f9cf59959bf0,B-017_drr_prov_ind_a_a_ng_tha_p,VNM,2023,3.9515,점,,,,,,[실적치] · 등급 3 · Medium - High (0.6-0.8),WRI Aqueduct 4.0,https://files.wri.org/aqueduct/aqueduct-4-0-country-rankings.zip,CC-BY-4.0,B-017_WRI Aqueduct 물 스트레스 지수.xlsx,1.1_observation(측정값),836,
B-017,WRI Aqueduct 물 스트레스 지수,observation,vnm-v121-b-017-obs-837-a60ccc69de80e0a7,B-017_drr_prov_liv_an_giang,VNM,2023,3.5688,점,,,,,,[실적치] · 등급 3 · Medium - High (0.6-0.8),WRI Aqueduct 4.0,https://files.wri.org/aqueduct/aqueduct-4-0-country-rankings.zip,CC-BY-4.0,B-017_WRI Aqueduct 물 스트레스 지수.xlsx,1.1_observation(측정값),837,
B-017,WRI Aqueduct 물 스트레스 지수,observation,vnm-v121-b-017-obs-838-c91ac43a087f69c6,B-017_drr_prov_liv_ba_ra_a_va_ng_ta_u,VNM,2023,3.4121,점,,,,,,[실적치] · 등급 3 · Medium - High (0.6-0.8),WRI Aqueduct 4.0,https://files.wri.org/aqueduct/aqueduct-4-0-country-rankings.zip,CC-BY-4.0,B-017_WRI Aqueduct 물 스트레스 지수.xlsx,1.1_observation(측정값),838,
B-017,WRI Aqueduct 물 스트레스 지수,observation,vnm-v121-b-017-obs-839-06398fae06da8b52,B-017_drr_prov_liv_ba_nh_d_ng,VNM,2023,2.5474,점,,,,,,[실적치] · 등급 2 · Medium (0.4-0.6),WRI Aqueduct 4.0,https://files.wri.org/aqueduct/aqueduct-4-0-country-rankings.zip,CC-BY-4.0,B-017_WRI Aqueduct 물 스트레스 지수.xlsx,1.1_observation(측정값),839,
B-017,WRI Aqueduct 물 스트레스 지수,observation,vnm-v121-b-017-obs-840-1809e5b9dc45d8d6,B-017_drr_prov_liv_ba_nh_ph_a_c,VNM,2023,2.4224,점,,,,,,[실적치] · 등급 2 · Medium (0.4-0.6),WRI Aqueduct 4.0,https://files.wri.org/aqueduct/aqueduct-4-0-country-rankings.zip,CC-BY-4.0,B-017_WRI Aqueduct 물 스트레스 지수.xlsx,1.1_observation(측정값),840,
B-017,WRI Aqueduct 물 스트레스 지수,observation,vnm-v121-b-017-obs-841-5a71c06504beec17,B-017_drr_prov_liv_ba_nh_thuao_n,VNM,2023,2.5457,점,,,,,,[실적치] · 등급 2 · Medium (0.4-0.6),WRI Aqueduct 4.0,https://files.wri.org/aqueduct/aqueduct-4-0-country-rankings.zip,CC-BY-4.0,B-017_WRI Aqueduct 물 스트레스 지수.xlsx,1.1_observation(측정값),841,
B-017,WRI Aqueduct 물 스트레스 지수,observation,vnm-v121-b-017-obs-842-e3e5cdc1d54d7532,B-017_drr_prov_liv_ba_nh_a_a_nh,VNM,2023,2.389,점,,,,,,[실적치] · 등급 2 · Medium (0.4-0.6),WRI Aqueduct 4.0,https://files.wri.org/aqueduct/aqueduct-4-0-country-rankings.zip,CC-BY-4.0,B-017_WRI Aqueduct 물 스트레스 지수.xlsx,1.1_observation(측정값),842,
B-017,WRI Aqueduct 물 스트레스 지수,observation,vnm-v121-b-017-obs-843-bf5bbc9b4314a44b,B-017_drr_prov_liv_bao_c_liaau,VNM,2023,2.5891,점,,,,,,[실적치] · 등급 2 · Medium (0.4-0.6),WRI Aqueduct 4.0,https://files.wri.org/aqueduct/aqueduct-4-0-country-rankings.zip,CC-BY-4.0,B-017_WRI Aqueduct 물 스트레스 지수.xlsx,1.1_observation(측정값),843,
B-017,WRI Aqueduct 물 스트레스 지수,observation,vnm-v121-b-017-obs-844-54d105a3c3b16295,B-017_drr_prov_liv_bao_c_giang,VNM,2023,3.0156,점,,,,,,[실적치] · 등급 3 · Medium - High (0.6-0.8),WRI Aqueduct 4.0,https://files.wri.org/aqueduct/aqueduct-4-0-country-rankings.zip,CC-BY-4.0,B-017_WRI Aqueduct 물 스트레스 지수.xlsx,1.1_observation(측정값),844,
B-017,WRI Aqueduct 물 스트레스 지수,observation,vnm-v121-b-017-obs-845-be536c5193f30e86,B-017_drr_prov_liv_bao_c_kao_n,VNM,2023,2.6416,점,,,,,,[실적치] · 등급 2 · Medium (0.4-0.6),WRI Aqueduct 4.0,https://files.wri.org/aqueduct/aqueduct-4-0-country-rankings.zip,CC-BY-4.0,B-017_WRI Aqueduct 물 스트레스 지수.xlsx,1.1_observation(측정값),845,
B-017,WRI Aqueduct 물 스트레스 지수,observation,vnm-v121-b-017-obs-846-9d255b4e8341a1b7,B-017_drr_prov_liv_bao_c_ninh,VNM,2023,4.029,점,,,,,,[실적치] · 등급 4 · High (0.8-1.0),WRI Aqueduct 4.0,https://files.wri.org/aqueduct/aqueduct-4-0-country-rankings.zip,CC-BY-4.0,B-017_WRI Aqueduct 물 스트레스 지수.xlsx,1.1_observation(측정값),846,
B-017,WRI Aqueduct 물 스트레스 지수,observation,vnm-v121-b-017-obs-847-6a21a1c21936e2cb,B-017_drr_prov_liv_bao_n_tre,VNM,2023,3.8071,점,,,,,,[실적치] · 등급 3 · Medium - High (0.6-0.8),WRI Aqueduct 4.0,https://files.wri.org/aqueduct/aqueduct-4-0-country-rankings.zip,CC-BY-4.0,B-017_WRI Aqueduct 물 스트레스 지수.xlsx,1.1_observation(측정값),847,
B-017,WRI Aqueduct 물 스트레스 지수,observation,vnm-v121-b-017-obs-848-082653004768d3ec,B-017_drr_prov_liv_cao_bao_ng,VNM,2023,2.356,점,,,,,,[실적치] · 등급 2 · Medium (0.4-0.6),WRI Aqueduct 4.0,https://files.wri.org/aqueduct/aqueduct-4-0-country-rankings.zip,CC-BY-4.0,B-017_WRI Aqueduct 물 스트레스 지수.xlsx,1.1_observation(측정값),848,
B-017,WRI Aqueduct 물 스트레스 지수,observation,vnm-v121-b-017-obs-849-c92097b96c72ba56,B-017_drr_prov_liv_ca_mau,VNM,2023,2.6114,점,,,,,,[실적치] · 등급 2 · Medium (0.4-0.6),WRI Aqueduct 4.0,https://files.wri.org/aqueduct/aqueduct-4-0-country-rankings.zip,CC-BY-4.0,B-017_WRI Aqueduct 물 스트레스 지수.xlsx,1.1_observation(측정값),849,
B-017,WRI Aqueduct 물 스트레스 지수,observation,vnm-v121-b-017-obs-850-d628c24134373d9f,B-017_drr_prov_liv_cao_n_th,VNM,2023,3.6921,점,,,,,,[실적치] · 등급 3 · Medium - High (0.6-0.8),WRI Aqueduct 4.0,https://files.wri.org/aqueduct/aqueduct-4-0-country-rankings.zip,CC-BY-4.0,B-017_WRI Aqueduct 물 스트레스 지수.xlsx,1.1_observation(측정값),850,
B-017,WRI Aqueduct 물 스트레스 지수,observation,vnm-v121-b-017-obs-851-b3c6b7ae6d79865a,B-017_drr_prov_liv_gia_lai,VNM,2023,2.1387,점,,,,,,[실적치] · 등급 2 · Medium (0.4-0.6),WRI Aqueduct 4.0,https://files.wri.org/aqueduct/aqueduct-4-0-country-rankings.zip,CC-BY-4.0,B-017_WRI Aqueduct 물 스트레스 지수.xlsx,1.1_observation(측정값),851,
B-017,WRI Aqueduct 물 스트레스 지수,observation,vnm-v121-b-017-obs-852-f4da9ebf10741c1b,B-017_drr_prov_liv_hoa_ba_nh,VNM,2023,3.3556,점,,,,,,[실적치] · 등급 3 · Medium - High (0.6-0.8),WRI Aqueduct 4.0,https://files.wri.org/aqueduct/aqueduct-4-0-country-rankings.zip,CC-BY-4.0,B-017_WRI Aqueduct 물 스트레스 지수.xlsx,1.1_observation(측정값),852,
B-017,WRI Aqueduct 물 스트레스 지수,observation,vnm-v121-b-017-obs-853-93c1cfb7606f8616,B-017_drr_prov_liv_ha_giang,VNM,2023,2.1143,점,,,,,,[실적치] · 등급 2 · Medium (0.4-0.6),WRI Aqueduct 4.0,https://files.wri.org/aqueduct/aqueduct-4-0-country-rankings.zip,CC-BY-4.0,B-017_WRI Aqueduct 물 스트레스 지수.xlsx,1.1_observation(측정값),853,
B-017,WRI Aqueduct 물 스트레스 지수,observation,vnm-v121-b-017-obs-854-5edc181d4ba3ba09,B-017_drr_prov_liv_ha_nam,VNM,2023,4.1093,점,,,,,,[실적치] · 등급 4 · High (0.8-1.0),WRI Aqueduct 4.0,https://files.wri.org/aqueduct/aqueduct-4-0-country-rankings.zip,CC-BY-4.0,B-017_WRI Aqueduct 물 스트레스 지수.xlsx,1.1_observation(측정값),854,
B-017,WRI Aqueduct 물 스트레스 지수,observation,vnm-v121-b-017-obs-855-62eedfe50301edee,B-017_drr_prov_liv_ha_na_tmi,VNM,2023,3.5068,점,,,,,,[실적치] · 등급 3 · Medium - High (0.6-0.8),WRI Aqueduct 4.0,https://files.wri.org/aqueduct/aqueduct-4-0-country-rankings.zip,CC-BY-4.0,B-017_WRI Aqueduct 물 스트레스 지수.xlsx,1.1_observation(측정값),855,
B-017,WRI Aqueduct 물 스트레스 지수,observation,vnm-v121-b-017-obs-856-f1b699294c073056,B-017_drr_prov_liv_ha_ta_nh,VNM,2023,3.4576,점,,,,,,[실적치] · 등급 3 · Medium - High (0.6-0.8),WRI Aqueduct 4.0,https://files.wri.org/aqueduct/aqueduct-4-0-country-rankings.zip,CC-BY-4.0,B-017_WRI Aqueduct 물 스트레스 지수.xlsx,1.1_observation(측정값),856,
B-017,WRI Aqueduct 물 스트레스 지수,observation,vnm-v121-b-017-obs-857-4c9d2575f452482a,B-017_drr_prov_liv_h_ng_yaan,VNM,2023,4.1292,점,,,,,,[실적치] · 등급 4 · High (0.8-1.0),WRI Aqueduct 4.0,https://files.wri.org/aqueduct/aqueduct-4-0-country-rankings.zip,CC-BY-4.0,B-017_WRI Aqueduct 물 스트레스 지수.xlsx,1.1_observation(측정값),857,
B-017,WRI Aqueduct 물 스트레스 지수,observation,vnm-v121-b-017-obs-858-34469125ff5c9ca4,B-017_drr_prov_liv_hao_i_d_ng,VNM,2023,3.3012,점,,,,,,[실적치] · 등급 3 · Medium - High (0.6-0.8),WRI Aqueduct 4.0,https://files.wri.org/aqueduct/aqueduct-4-0-country-rankings.zip,CC-BY-4.0,B-017_WRI Aqueduct 물 스트레스 지수.xlsx,1.1_observation(측정값),858,
B-017,WRI Aqueduct 물 스트레스 지수,observation,vnm-v121-b-017-obs-859-dee0119fed413fb5,B-017_drr_prov_liv_hao_i_pha2ng,VNM,2023,3.6185,점,,,,,,[실적치] · 등급 3 · Medium - High (0.6-0.8),WRI Aqueduct 4.0,https://files.wri.org/aqueduct/aqueduct-4-0-country-rankings.zip,CC-BY-4.0,B-017_WRI Aqueduct 물 스트레스 지수.xlsx,1.1_observation(측정값),859,
B-017,WRI Aqueduct 물 스트레스 지수,observation,vnm-v121-b-017-obs-860-eb559ff745feb235,B-017_drr_prov_liv_hao_u_giang,VNM,2023,3.526,점,,,,,,[실적치] · 등급 3 · Medium - High (0.6-0.8),WRI Aqueduct 4.0,https://files.wri.org/aqueduct/aqueduct-4-0-country-rankings.zip,CC-BY-4.0,B-017_WRI Aqueduct 물 스트레스 지수.xlsx,1.1_observation(측정값),860,
B-017,WRI Aqueduct 물 스트레스 지수,observation,vnm-v121-b-017-obs-861-4e4ff299504e9ca6,B-017_drr_prov_liv_ha_cha_minh,VNM,2023,3.3275,점,,,,,,[실적치] · 등급 3 · Medium - High (0.6-0.8),WRI Aqueduct 4.0,https://files.wri.org/aqueduct/aqueduct-4-0-country-rankings.zip,CC-BY-4.0,B-017_WRI Aqueduct 물 스트레스 지수.xlsx,1.1_observation(측정값),861,
B-017,WRI Aqueduct 물 스트레스 지수,observation,vnm-v121-b-017-obs-862-7697738d960b4072,B-017_drr_prov_liv_kha_nh_ha2a,VNM,2023,2.9254,점,,,,,,[실적치] · 등급 2 · Medium (0.4-0.6),WRI Aqueduct 4.0,https://files.wri.org/aqueduct/aqueduct-4-0-country-rankings.zip,CC-BY-4.0,B-017_WRI Aqueduct 물 스트레스 지수.xlsx,1.1_observation(측정값),862,
B-017,WRI Aqueduct 물 스트레스 지수,observation,vnm-v121-b-017-obs-863-65eeba47bbd6c870,B-017_drr_prov_liv_kiaan_giang,VNM,2023,2.9733,점,,,,,,[실적치] · 등급 2 · Medium (0.4-0.6),WRI Aqueduct 4.0,https://files.wri.org/aqueduct/aqueduct-4-0-country-rankings.zip,CC-BY-4.0,B-017_WRI Aqueduct 물 스트레스 지수.xlsx,1.1_observation(측정값),863,
B-017,WRI Aqueduct 물 스트레스 지수,observation,vnm-v121-b-017-obs-864-5699e9d49e22482c,B-017_drr_prov_liv_kon_tum,VNM,2023,2.3649,점,,,,,,[실적치] · 등급 2 · Medium (0.4-0.6),WRI Aqueduct 4.0,https://files.wri.org/aqueduct/aqueduct-4-0-country-rankings.zip,CC-BY-4.0,B-017_WRI Aqueduct 물 스트레스 지수.xlsx,1.1_observation(측정값),864,
B-017,WRI Aqueduct 물 스트레스 지수,observation,vnm-v121-b-017-obs-865-257dd01586ffa188,B-017_drr_prov_liv_lai_cha_u,VNM,2023,1.7921,점,,,,,,[실적치] · 등급 1 · Low - Medium (0.2-0.4),WRI Aqueduct 4.0,https://files.wri.org/aqueduct/aqueduct-4-0-country-rankings.zip,CC-BY-4.0,B-017_WRI Aqueduct 물 스트레스 지수.xlsx,1.1_observation(측정값),865,
B-017,WRI Aqueduct 물 스트레스 지수,observation,vnm-v121-b-017-obs-866-ecab31d09d6762fc,B-017_drr_prov_liv_long_an,VNM,2023,3.5711,점,,,,,,[실적치] · 등급 3 · Medium - High (0.6-0.8),WRI Aqueduct 4.0,https://files.wri.org/aqueduct/aqueduct-4-0-country-rankings.zip,CC-BY-4.0,B-017_WRI Aqueduct 물 스트레스 지수.xlsx,1.1_observation(측정값),866,
B-017,WRI Aqueduct 물 스트레스 지수,observation,vnm-v121-b-017-obs-867-0d2bed3deee2185e,B-017_drr_prov_liv_la_o_cai,VNM,2023,2.1486,점,,,,,,[실적치] · 등급 2 · Medium (0.4-0.6),WRI Aqueduct 4.0,https://files.wri.org/aqueduct/aqueduct-4-0-country-rankings.zip,CC-BY-4.0,B-017_WRI Aqueduct 물 스트레스 지수.xlsx,1.1_observation(측정값),867,
B-017,WRI Aqueduct 물 스트레스 지수,observation,vnm-v121-b-017-obs-868-b8d886447f05185d,B-017_drr_prov_liv_la_m_a_a_ng,VNM,2023,1.564,점,,,,,,[실적치] · 등급 1 · Low - Medium (0.2-0.4),WRI Aqueduct 4.0,https://files.wri.org/aqueduct/aqueduct-4-0-country-rankings.zip,CC-BY-4.0,B-017_WRI Aqueduct 물 스트레스 지수.xlsx,1.1_observation(측정값),868,
B-017,WRI Aqueduct 물 스트레스 지수,observation,vnm-v121-b-017-obs-869-9db5a50b4aa18515,B-017_drr_prov_liv_lao_ng_s_n,VNM,2023,2.2431,점,,,,,,[실적치] · 등급 2 · Medium (0.4-0.6),WRI Aqueduct 4.0,https://files.wri.org/aqueduct/aqueduct-4-0-country-rankings.zip,CC-BY-4.0,B-017_WRI Aqueduct 물 스트레스 지수.xlsx,1.1_observation(측정값),869,
B-017,WRI Aqueduct 물 스트레스 지수,observation,vnm-v121-b-017-obs-870-9551d61f0494d36b,B-017_drr_prov_liv_nam_a_a_nh,VNM,2023,3.6159,점,,,,,,[실적치] · 등급 3 · Medium - High (0.6-0.8),WRI Aqueduct 4.0,https://files.wri.org/aqueduct/aqueduct-4-0-country-rankings.zip,CC-BY-4.0,B-017_WRI Aqueduct 물 스트레스 지수.xlsx,1.1_observation(측정값),870,
B-017,WRI Aqueduct 물 스트레스 지수,observation,vnm-v121-b-017-obs-871-29b8f2e64b4f9711,B-017_drr_prov_liv_ngha_an,VNM,2023,2.6149,점,,,,,,[실적치] · 등급 2 · Medium (0.4-0.6),WRI Aqueduct 4.0,https://files.wri.org/aqueduct/aqueduct-4-0-country-rankings.zip,CC-BY-4.0,B-017_WRI Aqueduct 물 스트레스 지수.xlsx,1.1_observation(측정값),871,
B-017,WRI Aqueduct 물 스트레스 지수,observation,vnm-v121-b-017-obs-872-c59d86658e8168d6,B-017_drr_prov_liv_ninh_ba_nh,VNM,2023,3.7388,점,,,,,,[실적치] · 등급 3 · Medium - High (0.6-0.8),WRI Aqueduct 4.0,https://files.wri.org/aqueduct/aqueduct-4-0-country-rankings.zip,CC-BY-4.0,B-017_WRI Aqueduct 물 스트레스 지수.xlsx,1.1_observation(측정값),872,
B-017,WRI Aqueduct 물 스트레스 지수,observation,vnm-v121-b-017-obs-873-fb7c0e221167d70b,B-017_drr_prov_liv_ninh_thuao_n,VNM,2023,2.7082,점,,,,,,[실적치] · 등급 2 · Medium (0.4-0.6),WRI Aqueduct 4.0,https://files.wri.org/aqueduct/aqueduct-4-0-country-rankings.zip,CC-BY-4.0,B-017_WRI Aqueduct 물 스트레스 지수.xlsx,1.1_observation(측정값),873,
B-017,WRI Aqueduct 물 스트레스 지수,observation,vnm-v121-b-017-obs-874-099eee53ce3f7f29,B-017_drr_prov_liv_phao_tha,VNM,2023,2.6749,점,,,,,,[실적치] · 등급 2 · Medium (0.4-0.6),WRI Aqueduct 4.0,https://files.wri.org/aqueduct/aqueduct-4-0-country-rankings.zip,CC-BY-4.0,B-017_WRI Aqueduct 물 스트레스 지수.xlsx,1.1_observation(측정값),874,
B-017,WRI Aqueduct 물 스트레스 지수,observation,vnm-v121-b-017-obs-875-4b78456f5229ca83,B-017_drr_prov_liv_phao_yaan,VNM,2023,3.2762,점,,,,,,[실적치] · 등급 3 · Medium - High (0.6-0.8),WRI Aqueduct 4.0,https://files.wri.org/aqueduct/aqueduct-4-0-country-rankings.zip,CC-BY-4.0,B-017_WRI Aqueduct 물 스트레스 지수.xlsx,1.1_observation(측정값),875,
B-017,WRI Aqueduct 물 스트레스 지수,observation,vnm-v121-b-017-obs-876-57fb95bca7b15db2,B-017_drr_prov_liv_quao_ng_ba_nh,VNM,2023,3.2161,점,,,,,,[실적치] · 등급 3 · Medium - High (0.6-0.8),WRI Aqueduct 4.0,https://files.wri.org/aqueduct/aqueduct-4-0-country-rankings.zip,CC-BY-4.0,B-017_WRI Aqueduct 물 스트레스 지수.xlsx,1.1_observation(측정값),876,
B-017,WRI Aqueduct 물 스트레스 지수,observation,vnm-v121-b-017-obs-877-11858d7d2a699ce7,B-017_drr_prov_liv_quao_ng_nam,VNM,2023,2.1749,점,,,,,,[실적치] · 등급 2 · Medium (0.4-0.6),WRI Aqueduct 4.0,https://files.wri.org/aqueduct/aqueduct-4-0-country-rankings.zip,CC-BY-4.0,B-017_WRI Aqueduct 물 스트레스 지수.xlsx,1.1_observation(측정값),877,
B-017,WRI Aqueduct 물 스트레스 지수,observation,vnm-v121-b-017-obs-878-ab858fb1e321f2cd,B-017_drr_prov_liv_quao_ng_nga_i,VNM,2023,2.5801,점,,,,,,[실적치] · 등급 2 · Medium (0.4-0.6),WRI Aqueduct 4.0,https://files.wri.org/aqueduct/aqueduct-4-0-country-rankings.zip,CC-BY-4.0,B-017_WRI Aqueduct 물 스트레스 지수.xlsx,1.1_observation(측정값),878,
B-017,WRI Aqueduct 물 스트레스 지수,observation,vnm-v121-b-017-obs-879-a9d656776da84332,B-017_drr_prov_liv_quao_ng_ninh,VNM,2023,2.4122,점,,,,,,[실적치] · 등급 2 · Medium (0.4-0.6),WRI Aqueduct 4.0,https://files.wri.org/aqueduct/aqueduct-4-0-country-rankings.zip,CC-BY-4.0,B-017_WRI Aqueduct 물 스트레스 지수.xlsx,1.1_observation(측정값),879,
B-017,WRI Aqueduct 물 스트레스 지수,observation,vnm-v121-b-017-obs-880-76b48eb2d386075e,B-017_drr_prov_liv_quao_ng_tra,VNM,2023,3.0017,점,,,,,,[실적치] · 등급 3 · Medium - High (0.6-0.8),WRI Aqueduct 4.0,https://files.wri.org/aqueduct/aqueduct-4-0-country-rankings.zip,CC-BY-4.0,B-017_WRI Aqueduct 물 스트레스 지수.xlsx,1.1_observation(측정값),880,
B-017,WRI Aqueduct 물 스트레스 지수,observation,vnm-v121-b-017-obs-881-1beb7d26bc4aa7f3,B-017_drr_prov_liv_sa3c_tra_ng,VNM,2023,3.7235,점,,,,,,[실적치] · 등급 3 · Medium - High (0.6-0.8),WRI Aqueduct 4.0,https://files.wri.org/aqueduct/aqueduct-4-0-country-rankings.zip,CC-BY-4.0,B-017_WRI Aqueduct 물 스트레스 지수.xlsx,1.1_observation(측정값),881,
B-017,WRI Aqueduct 물 스트레스 지수,observation,vnm-v121-b-017-obs-882-8fca41c3a561da95,B-017_drr_prov_liv_s_n_la,VNM,2023,2.0201,점,,,,,,[실적치] · 등급 2 · Medium (0.4-0.6),WRI Aqueduct 4.0,https://files.wri.org/aqueduct/aqueduct-4-0-country-rankings.zip,CC-BY-4.0,B-017_WRI Aqueduct 물 스트레스 지수.xlsx,1.1_observation(측정값),882,
B-017,WRI Aqueduct 물 스트레스 지수,observation,vnm-v121-b-017-obs-883-a04282babdb84fdd,B-017_drr_prov_liv_thanh_ha3a,VNM,2023,2.8,점,,,,,,[실적치] · 등급 2 · Medium (0.4-0.6),WRI Aqueduct 4.0,https://files.wri.org/aqueduct/aqueduct-4-0-country-rankings.zip,CC-BY-4.0,B-017_WRI Aqueduct 물 스트레스 지수.xlsx,1.1_observation(측정값),883,
B-017,WRI Aqueduct 물 스트레스 지수,observation,vnm-v121-b-017-obs-884-e8fe86e38ca13c8c,B-017_drr_prov_liv_tha_i_ba_nh,VNM,2023,3.6359,점,,,,,,[실적치] · 등급 3 · Medium - High (0.6-0.8),WRI Aqueduct 4.0,https://files.wri.org/aqueduct/aqueduct-4-0-country-rankings.zip,CC-BY-4.0,B-017_WRI Aqueduct 물 스트레스 지수.xlsx,1.1_observation(측정값),884,
B-017,WRI Aqueduct 물 스트레스 지수,observation,vnm-v121-b-017-obs-885-9c063954aeac8504,B-017_drr_prov_liv_tha_i_nguyaan,VNM,2023,3.9056,점,,,,,,[실적치] · 등급 3 · Medium - High (0.6-0.8),WRI Aqueduct 4.0,https://files.wri.org/aqueduct/aqueduct-4-0-country-rankings.zip,CC-BY-4.0,B-017_WRI Aqueduct 물 스트레스 지수.xlsx,1.1_observation(측정값),885,
B-017,WRI Aqueduct 물 스트레스 지수,observation,vnm-v121-b-017-obs-886-d275c8fa13b47f26,B-017_drr_prov_liv_tha_a_thiaan_huao,VNM,2023,1.9037,점,,,,,,[실적치] · 등급 1 · Low - Medium (0.2-0.4),WRI Aqueduct 4.0,https://files.wri.org/aqueduct/aqueduct-4-0-country-rankings.zip,CC-BY-4.0,B-017_WRI Aqueduct 물 스트레스 지수.xlsx,1.1_observation(측정값),886,
B-017,WRI Aqueduct 물 스트레스 지수,observation,vnm-v121-b-017-obs-887-4d2377fc47d8b098,B-017_drr_prov_liv_tia_n_giang,VNM,2023,2.9903,점,,,,,,[실적치] · 등급 2 · Medium (0.4-0.6),WRI Aqueduct 4.0,https://files.wri.org/aqueduct/aqueduct-4-0-country-rankings.zip,CC-BY-4.0,B-017_WRI Aqueduct 물 스트레스 지수.xlsx,1.1_observation(측정값),887,
B-017,WRI Aqueduct 물 스트레스 지수,observation,vnm-v121-b-017-obs-888-23a385106bb4fdd1,B-017_drr_prov_liv_tra_vinh,VNM,2023,3.9461,점,,,,,,[실적치] · 등급 3 · Medium - High (0.6-0.8),WRI Aqueduct 4.0,https://files.wri.org/aqueduct/aqueduct-4-0-country-rankings.zip,CC-BY-4.0,B-017_WRI Aqueduct 물 스트레스 지수.xlsx,1.1_observation(측정값),888,
B-017,WRI Aqueduct 물 스트레스 지수,observation,vnm-v121-b-017-obs-889-6334969aad2831f7,B-017_drr_prov_liv_tuyaan_quang,VNM,2023,2.4829,점,,,,,,[실적치] · 등급 2 · Medium (0.4-0.6),WRI Aqueduct 4.0,https://files.wri.org/aqueduct/aqueduct-4-0-country-rankings.zip,CC-BY-4.0,B-017_WRI Aqueduct 물 스트레스 지수.xlsx,1.1_observation(측정값),889,
B-017,WRI Aqueduct 물 스트레스 지수,observation,vnm-v121-b-017-obs-890-333c293bacf40f5d,B-017_drr_prov_liv_ta_y_ninh,VNM,2023,2.5552,점,,,,,,[실적치] · 등급 2 · Medium (0.4-0.6),WRI Aqueduct 4.0,https://files.wri.org/aqueduct/aqueduct-4-0-country-rankings.zip,CC-BY-4.0,B-017_WRI Aqueduct 물 스트레스 지수.xlsx,1.1_observation(측정값),890,
B-017,WRI Aqueduct 물 스트레스 지수,observation,vnm-v121-b-017-obs-891-7cd91a70a91b0088,B-017_drr_prov_liv_va_nh_long,VNM,2023,4.0326,점,,,,,,[실적치] · 등급 4 · High (0.8-1.0),WRI Aqueduct 4.0,https://files.wri.org/aqueduct/aqueduct-4-0-country-rankings.zip,CC-BY-4.0,B-017_WRI Aqueduct 물 스트레스 지수.xlsx,1.1_observation(측정값),891,
B-017,WRI Aqueduct 물 스트레스 지수,observation,vnm-v121-b-017-obs-892-b95f552498f0dc5a,B-017_drr_prov_liv_va_nh_phaoc,VNM,2023,3.3617,점,,,,,,[실적치] · 등급 3 · Medium - High (0.6-0.8),WRI Aqueduct 4.0,https://files.wri.org/aqueduct/aqueduct-4-0-country-rankings.zip,CC-BY-4.0,B-017_WRI Aqueduct 물 스트레스 지수.xlsx,1.1_observation(측정값),892,
B-017,WRI Aqueduct 물 스트레스 지수,observation,vnm-v121-b-017-obs-893-29f0f7c397eef436,B-017_drr_prov_liv_yaan_ba_i,VNM,2023,2.7287,점,,,,,,[실적치] · 등급 2 · Medium (0.4-0.6),WRI Aqueduct 4.0,https://files.wri.org/aqueduct/aqueduct-4-0-country-rankings.zip,CC-BY-4.0,B-017_WRI Aqueduct 물 스트레스 지수.xlsx,1.1_observation(측정값),893,
B-017,WRI Aqueduct 물 스트레스 지수,observation,vnm-v121-b-017-obs-894-cd628daaabf54491,B-017_drr_prov_liv_a_ia_n_biaan,VNM,2023,1.4968,점,,,,,,[실적치] · 등급 1 · Low - Medium (0.2-0.4),WRI Aqueduct 4.0,https://files.wri.org/aqueduct/aqueduct-4-0-country-rankings.zip,CC-BY-4.0,B-017_WRI Aqueduct 물 스트레스 지수.xlsx,1.1_observation(측정값),894,
B-017,WRI Aqueduct 물 스트레스 지수,observation,vnm-v121-b-017-obs-895-c0c6efee274b4dce,B-017_drr_prov_liv_a_a_nao_ng,VNM,2023,3.073,점,,,,,,[실적치] · 등급 3 · Medium - High (0.6-0.8),WRI Aqueduct 4.0,https://files.wri.org/aqueduct/aqueduct-4-0-country-rankings.zip,CC-BY-4.0,B-017_WRI Aqueduct 물 스트레스 지수.xlsx,1.1_observation(측정값),895,
B-017,WRI Aqueduct 물 스트레스 지수,observation,vnm-v121-b-017-obs-896-0a40a086fc3af303,B-017_drr_prov_liv_a_ao_k_lao_k,VNM,2023,2.3507,점,,,,,,[실적치] · 등급 2 · Medium (0.4-0.6),WRI Aqueduct 4.0,https://files.wri.org/aqueduct/aqueduct-4-0-country-rankings.zip,CC-BY-4.0,B-017_WRI Aqueduct 물 스트레스 지수.xlsx,1.1_observation(측정값),896,
B-017,WRI Aqueduct 물 스트레스 지수,observation,vnm-v121-b-017-obs-897-9e3901bcc856d2ae,B-017_drr_prov_liv_a_ao_k_na_ng,VNM,2023,1.8381,점,,,,,,[실적치] · 등급 1 · Low - Medium (0.2-0.4),WRI Aqueduct 4.0,https://files.wri.org/aqueduct/aqueduct-4-0-country-rankings.zip,CC-BY-4.0,B-017_WRI Aqueduct 물 스트레스 지수.xlsx,1.1_observation(측정값),897,
B-017,WRI Aqueduct 물 스트레스 지수,observation,vnm-v121-b-017-obs-898-a688e68f23404729,B-017_drr_prov_liv_a_a_ng_nai,VNM,2023,2.2309,점,,,,,,[실적치] · 등급 2 · Medium (0.4-0.6),WRI Aqueduct 4.0,https://files.wri.org/aqueduct/aqueduct-4-0-country-rankings.zip,CC-BY-4.0,B-017_WRI Aqueduct 물 스트레스 지수.xlsx,1.1_observation(측정값),898,
B-017,WRI Aqueduct 물 스트레스 지수,observation,vnm-v121-b-017-obs-899-11d59c3537c8ed10,B-017_drr_prov_liv_a_a_ng_tha_p,VNM,2023,3.9709,점,,,,,,[실적치] · 등급 3 · Medium - High (0.6-0.8),WRI Aqueduct 4.0,https://files.wri.org/aqueduct/aqueduct-4-0-country-rankings.zip,CC-BY-4.0,B-017_WRI Aqueduct 물 스트레스 지수.xlsx,1.1_observation(측정값),899,
B-017,WRI Aqueduct 물 스트레스 지수,observation,vnm-v121-b-017-obs-900-afd65f37714a4381,B-017_drr_prov_one_an_giang,VNM,2023,3.5765,점,,,,,,[실적치] · 등급 3 · Medium - High (0.6-0.8),WRI Aqueduct 4.0,https://files.wri.org/aqueduct/aqueduct-4-0-country-rankings.zip,CC-BY-4.0,B-017_WRI Aqueduct 물 스트레스 지수.xlsx,1.1_observation(측정값),900,
B-017,WRI Aqueduct 물 스트레스 지수,observation,vnm-v121-b-017-obs-901-945b853e07ace666,B-017_drr_prov_one_ba_ra_a_va_ng_ta_u,VNM,2023,3.3618,점,,,,,,[실적치] · 등급 3 · Medium - High (0.6-0.8),WRI Aqueduct 4.0,https://files.wri.org/aqueduct/aqueduct-4-0-country-rankings.zip,CC-BY-4.0,B-017_WRI Aqueduct 물 스트레스 지수.xlsx,1.1_observation(측정값),901,
B-017,WRI Aqueduct 물 스트레스 지수,observation,vnm-v121-b-017-obs-902-9b3e5ea9a1c65d07,B-017_drr_prov_one_ba_nh_d_ng,VNM,2023,2.549,점,,,,,,[실적치] · 등급 2 · Medium (0.4-0.6),WRI Aqueduct 4.0,https://files.wri.org/aqueduct/aqueduct-4-0-country-rankings.zip,CC-BY-4.0,B-017_WRI Aqueduct 물 스트레스 지수.xlsx,1.1_observation(측정값),902,
B-017,WRI Aqueduct 물 스트레스 지수,observation,vnm-v121-b-017-obs-903-35b3c9f720291f06,B-017_drr_prov_one_ba_nh_ph_a_c,VNM,2023,2.4023,점,,,,,,[실적치] · 등급 2 · Medium (0.4-0.6),WRI Aqueduct 4.0,https://files.wri.org/aqueduct/aqueduct-4-0-country-rankings.zip,CC-BY-4.0,B-017_WRI Aqueduct 물 스트레스 지수.xlsx,1.1_observation(측정값),903,
B-017,WRI Aqueduct 물 스트레스 지수,observation,vnm-v121-b-017-obs-904-7075cbb05af7228d,B-017_drr_prov_one_ba_nh_thuao_n,VNM,2023,2.4992,점,,,,,,[실적치] · 등급 2 · Medium (0.4-0.6),WRI Aqueduct 4.0,https://files.wri.org/aqueduct/aqueduct-4-0-country-rankings.zip,CC-BY-4.0,B-017_WRI Aqueduct 물 스트레스 지수.xlsx,1.1_observation(측정값),904,
B-017,WRI Aqueduct 물 스트레스 지수,observation,vnm-v121-b-017-obs-905-698ad06c7db55eca,B-017_drr_prov_one_ba_nh_a_a_nh,VNM,2023,2.3369,점,,,,,,[실적치] · 등급 2 · Medium (0.4-0.6),WRI Aqueduct 4.0,https://files.wri.org/aqueduct/aqueduct-4-0-country-rankings.zip,CC-BY-4.0,B-017_WRI Aqueduct 물 스트레스 지수.xlsx,1.1_observation(측정값),905,
B-017,WRI Aqueduct 물 스트레스 지수,observation,vnm-v121-b-017-obs-906-641f9989f75deef1,B-017_drr_prov_one_bao_c_liaau,VNM,2023,2.5764,점,,,,,,[실적치] · 등급 2 · Medium (0.4-0.6),WRI Aqueduct 4.0,https://files.wri.org/aqueduct/aqueduct-4-0-country-rankings.zip,CC-BY-4.0,B-017_WRI Aqueduct 물 스트레스 지수.xlsx,1.1_observation(측정값),906,
B-017,WRI Aqueduct 물 스트레스 지수,observation,vnm-v121-b-017-obs-907-0f129f7492355bb9,B-017_drr_prov_one_bao_c_giang,VNM,2023,2.9872,점,,,,,,[실적치] · 등급 2 · Medium (0.4-0.6),WRI Aqueduct 4.0,https://files.wri.org/aqueduct/aqueduct-4-0-country-rankings.zip,CC-BY-4.0,B-017_WRI Aqueduct 물 스트레스 지수.xlsx,1.1_observation(측정값),907,
B-017,WRI Aqueduct 물 스트레스 지수,observation,vnm-v121-b-017-obs-908-601232e36f93d63f,B-017_drr_prov_one_bao_c_kao_n,VNM,2023,2.6039,점,,,,,,[실적치] · 등급 2 · Medium (0.4-0.6),WRI Aqueduct 4.0,https://files.wri.org/aqueduct/aqueduct-4-0-country-rankings.zip,CC-BY-4.0,B-017_WRI Aqueduct 물 스트레스 지수.xlsx,1.1_observation(측정값),908,
B-017,WRI Aqueduct 물 스트레스 지수,observation,vnm-v121-b-017-obs-909-ebc791e9788fabed,B-017_drr_prov_one_bao_c_ninh,VNM,2023,3.9723,점,,,,,,[실적치] · 등급 3 · Medium - High (0.6-0.8),WRI Aqueduct 4.0,https://files.wri.org/aqueduct/aqueduct-4-0-country-rankings.zip,CC-BY-4.0,B-017_WRI Aqueduct 물 스트레스 지수.xlsx,1.1_observation(측정값),909,
B-017,WRI Aqueduct 물 스트레스 지수,observation,vnm-v121-b-017-obs-910-70b7d34bda9e8dec,B-017_drr_prov_one_bao_n_tre,VNM,2023,3.5792,점,,,,,,[실적치] · 등급 3 · Medium - High (0.6-0.8),WRI Aqueduct 4.0,https://files.wri.org/aqueduct/aqueduct-4-0-country-rankings.zip,CC-BY-4.0,B-017_WRI Aqueduct 물 스트레스 지수.xlsx,1.1_observation(측정값),910,
B-017,WRI Aqueduct 물 스트레스 지수,observation,vnm-v121-b-017-obs-911-e7bed59d072facec,B-017_drr_prov_one_cao_bao_ng,VNM,2023,2.3791,점,,,,,,[실적치] · 등급 2 · Medium (0.4-0.6),WRI Aqueduct 4.0,https://files.wri.org/aqueduct/aqueduct-4-0-country-rankings.zip,CC-BY-4.0,B-017_WRI Aqueduct 물 스트레스 지수.xlsx,1.1_observation(측정값),911,
B-017,WRI Aqueduct 물 스트레스 지수,observation,vnm-v121-b-017-obs-912-018bb5c8197c8219,B-017_drr_prov_one_ca_mau,VNM,2023,2.5117,점,,,,,,[실적치] · 등급 2 · Medium (0.4-0.6),WRI Aqueduct 4.0,https://files.wri.org/aqueduct/aqueduct-4-0-country-rankings.zip,CC-BY-4.0,B-017_WRI Aqueduct 물 스트레스 지수.xlsx,1.1_observation(측정값),912,
B-017,WRI Aqueduct 물 스트레스 지수,observation,vnm-v121-b-017-obs-913-e8cdb7c2cbb86ac9,B-017_drr_prov_one_cao_n_th,VNM,2023,3.681,점,,,,,,[실적치] · 등급 3 · Medium - High (0.6-0.8),WRI Aqueduct 4.0,https://files.wri.org/aqueduct/aqueduct-4-0-country-rankings.zip,CC-BY-4.0,B-017_WRI Aqueduct 물 스트레스 지수.xlsx,1.1_observation(측정값),913,
B-017,WRI Aqueduct 물 스트레스 지수,observation,vnm-v121-b-017-obs-914-b2a6603f085b6e14,B-017_drr_prov_one_gia_lai,VNM,2023,2.1378,점,,,,,,[실적치] · 등급 2 · Medium (0.4-0.6),WRI Aqueduct 4.0,https://files.wri.org/aqueduct/aqueduct-4-0-country-rankings.zip,CC-BY-4.0,B-017_WRI Aqueduct 물 스트레스 지수.xlsx,1.1_observation(측정값),914,
B-017,WRI Aqueduct 물 스트레스 지수,observation,vnm-v121-b-017-obs-915-69d6031305bf4b09,B-017_drr_prov_one_hoa_ba_nh,VNM,2023,3.3066,점,,,,,,[실적치] · 등급 3 · Medium - High (0.6-0.8),WRI Aqueduct 4.0,https://files.wri.org/aqueduct/aqueduct-4-0-country-rankings.zip,CC-BY-4.0,B-017_WRI Aqueduct 물 스트레스 지수.xlsx,1.1_observation(측정값),915,
B-017,WRI Aqueduct 물 스트레스 지수,observation,vnm-v121-b-017-obs-916-5d8c7f1fcdebdbe2,B-017_drr_prov_one_ha_giang,VNM,2023,2.1013,점,,,,,,[실적치] · 등급 2 · Medium (0.4-0.6),WRI Aqueduct 4.0,https://files.wri.org/aqueduct/aqueduct-4-0-country-rankings.zip,CC-BY-4.0,B-017_WRI Aqueduct 물 스트레스 지수.xlsx,1.1_observation(측정값),916,
B-017,WRI Aqueduct 물 스트레스 지수,observation,vnm-v121-b-017-obs-917-045cab3c4ea83936,B-017_drr_prov_one_ha_nam,VNM,2023,4.1056,점,,,,,,[실적치] · 등급 4 · High (0.8-1.0),WRI Aqueduct 4.0,https://files.wri.org/aqueduct/aqueduct-4-0-country-rankings.zip,CC-BY-4.0,B-017_WRI Aqueduct 물 스트레스 지수.xlsx,1.1_observation(측정값),917,
B-017,WRI Aqueduct 물 스트레스 지수,observation,vnm-v121-b-017-obs-918-dd21ead81174facd,B-017_drr_prov_one_ha_na_tmi,VNM,2023,3.4205,점,,,,,,[실적치] · 등급 3 · Medium - High (0.6-0.8),WRI Aqueduct 4.0,https://files.wri.org/aqueduct/aqueduct-4-0-country-rankings.zip,CC-BY-4.0,B-017_WRI Aqueduct 물 스트레스 지수.xlsx,1.1_observation(측정값),918,
B-017,WRI Aqueduct 물 스트레스 지수,observation,vnm-v121-b-017-obs-919-beb474c9c7fcbe34,B-017_drr_prov_one_ha_ta_nh,VNM,2023,3.4392,점,,,,,,[실적치] · 등급 3 · Medium - High (0.6-0.8),WRI Aqueduct 4.0,https://files.wri.org/aqueduct/aqueduct-4-0-country-rankings.zip,CC-BY-4.0,B-017_WRI Aqueduct 물 스트레스 지수.xlsx,1.1_observation(측정값),919,
B-017,WRI Aqueduct 물 스트레스 지수,observation,vnm-v121-b-017-obs-920-442e0d2b2d2f0ba1,B-017_drr_prov_one_h_ng_yaan,VNM,2023,4.1311,점,,,,,,[실적치] · 등급 4 · High (0.8-1.0),WRI Aqueduct 4.0,https://files.wri.org/aqueduct/aqueduct-4-0-country-rankings.zip,CC-BY-4.0,B-017_WRI Aqueduct 물 스트레스 지수.xlsx,1.1_observation(측정값),920,
B-017,WRI Aqueduct 물 스트레스 지수,observation,vnm-v121-b-017-obs-921-afc6893c28ecff7a,B-017_drr_prov_one_hao_i_d_ng,VNM,2023,3.3108,점,,,,,,[실적치] · 등급 3 · Medium - High (0.6-0.8),WRI Aqueduct 4.0,https://files.wri.org/aqueduct/aqueduct-4-0-country-rankings.zip,CC-BY-4.0,B-017_WRI Aqueduct 물 스트레스 지수.xlsx,1.1_observation(측정값),921,
B-017,WRI Aqueduct 물 스트레스 지수,observation,vnm-v121-b-017-obs-922-c147378038a25ca4,B-017_drr_prov_one_hao_i_pha2ng,VNM,2023,3.3484,점,,,,,,[실적치] · 등급 3 · Medium - High (0.6-0.8),WRI Aqueduct 4.0,https://files.wri.org/aqueduct/aqueduct-4-0-country-rankings.zip,CC-BY-4.0,B-017_WRI Aqueduct 물 스트레스 지수.xlsx,1.1_observation(측정값),922,
B-017,WRI Aqueduct 물 스트레스 지수,observation,vnm-v121-b-017-obs-923-f03299b205b6c6a9,B-017_drr_prov_one_hao_u_giang,VNM,2023,3.5124,점,,,,,,[실적치] · 등급 3 · Medium - High (0.6-0.8),WRI Aqueduct 4.0,https://files.wri.org/aqueduct/aqueduct-4-0-country-rankings.zip,CC-BY-4.0,B-017_WRI Aqueduct 물 스트레스 지수.xlsx,1.1_observation(측정값),923,
B-017,WRI Aqueduct 물 스트레스 지수,observation,vnm-v121-b-017-obs-924-8218177d9e9eedc4,B-017_drr_prov_one_ha_cha_minh,VNM,2023,3.236,점,,,,,,[실적치] · 등급 3 · Medium - High (0.6-0.8),WRI Aqueduct 4.0,https://files.wri.org/aqueduct/aqueduct-4-0-country-rankings.zip,CC-BY-4.0,B-017_WRI Aqueduct 물 스트레스 지수.xlsx,1.1_observation(측정값),924,
B-017,WRI Aqueduct 물 스트레스 지수,observation,vnm-v121-b-017-obs-925-a8a99378e5c82865,B-017_drr_prov_one_kha_nh_ha2a,VNM,2023,2.7221,점,,,,,,[실적치] · 등급 2 · Medium (0.4-0.6),WRI Aqueduct 4.0,https://files.wri.org/aqueduct/aqueduct-4-0-country-rankings.zip,CC-BY-4.0,B-017_WRI Aqueduct 물 스트레스 지수.xlsx,1.1_observation(측정값),925,
B-017,WRI Aqueduct 물 스트레스 지수,observation,vnm-v121-b-017-obs-926-579295f74cb321f6,B-017_drr_prov_one_kiaan_giang,VNM,2023,2.7979,점,,,,,,[실적치] · 등급 2 · Medium (0.4-0.6),WRI Aqueduct 4.0,https://files.wri.org/aqueduct/aqueduct-4-0-country-rankings.zip,CC-BY-4.0,B-017_WRI Aqueduct 물 스트레스 지수.xlsx,1.1_observation(측정값),926,
B-017,WRI Aqueduct 물 스트레스 지수,observation,vnm-v121-b-017-obs-927-7e7c1bcb9e561ac1,B-017_drr_prov_one_kon_tum,VNM,2023,2.3494,점,,,,,,[실적치] · 등급 2 · Medium (0.4-0.6),WRI Aqueduct 4.0,https://files.wri.org/aqueduct/aqueduct-4-0-country-rankings.zip,CC-BY-4.0,B-017_WRI Aqueduct 물 스트레스 지수.xlsx,1.1_observation(측정값),927,
B-017,WRI Aqueduct 물 스트레스 지수,observation,vnm-v121-b-017-obs-928-e4dd0a01a2de3a4d,B-017_drr_prov_one_lai_cha_u,VNM,2023,1.7576,점,,,,,,[실적치] · 등급 1 · Low - Medium (0.2-0.4),WRI Aqueduct 4.0,https://files.wri.org/aqueduct/aqueduct-4-0-country-rankings.zip,CC-BY-4.0,B-017_WRI Aqueduct 물 스트레스 지수.xlsx,1.1_observation(측정값),928,
B-017,WRI Aqueduct 물 스트레스 지수,observation,vnm-v121-b-017-obs-929-e7161c710ab51f1b,B-017_drr_prov_one_long_an,VNM,2023,3.5714,점,,,,,,[실적치] · 등급 3 · Medium - High (0.6-0.8),WRI Aqueduct 4.0,https://files.wri.org/aqueduct/aqueduct-4-0-country-rankings.zip,CC-BY-4.0,B-017_WRI Aqueduct 물 스트레스 지수.xlsx,1.1_observation(측정값),929,
B-017,WRI Aqueduct 물 스트레스 지수,observation,vnm-v121-b-017-obs-930-655a7e1a034831b6,B-017_drr_prov_one_la_o_cai,VNM,2023,2.1735,점,,,,,,[실적치] · 등급 2 · Medium (0.4-0.6),WRI Aqueduct 4.0,https://files.wri.org/aqueduct/aqueduct-4-0-country-rankings.zip,CC-BY-4.0,B-017_WRI Aqueduct 물 스트레스 지수.xlsx,1.1_observation(측정값),930,
B-017,WRI Aqueduct 물 스트레스 지수,observation,vnm-v121-b-017-obs-931-1d68dbeb8388a666,B-017_drr_prov_one_la_m_a_a_ng,VNM,2023,1.5634,점,,,,,,[실적치] · 등급 1 · Low - Medium (0.2-0.4),WRI Aqueduct 4.0,https://files.wri.org/aqueduct/aqueduct-4-0-country-rankings.zip,CC-BY-4.0,B-017_WRI Aqueduct 물 스트레스 지수.xlsx,1.1_observation(측정값),931,
B-017,WRI Aqueduct 물 스트레스 지수,observation,vnm-v121-b-017-obs-932-f45044b5cc008207,B-017_drr_prov_one_lao_ng_s_n,VNM,2023,2.2516,점,,,,,,[실적치] · 등급 2 · Medium (0.4-0.6),WRI Aqueduct 4.0,https://files.wri.org/aqueduct/aqueduct-4-0-country-rankings.zip,CC-BY-4.0,B-017_WRI Aqueduct 물 스트레스 지수.xlsx,1.1_observation(측정값),932,
B-017,WRI Aqueduct 물 스트레스 지수,observation,vnm-v121-b-017-obs-933-4c6c8c3ffb5788c4,B-017_drr_prov_one_nam_a_a_nh,VNM,2023,3.3835,점,,,,,,[실적치] · 등급 3 · Medium - High (0.6-0.8),WRI Aqueduct 4.0,https://files.wri.org/aqueduct/aqueduct-4-0-country-rankings.zip,CC-BY-4.0,B-017_WRI Aqueduct 물 스트레스 지수.xlsx,1.1_observation(측정값),933,
B-017,WRI Aqueduct 물 스트레스 지수,observation,vnm-v121-b-017-obs-934-95aa6c5455efc130,B-017_drr_prov_one_ngha_an,VNM,2023,2.572,점,,,,,,[실적치] · 등급 2 · Medium (0.4-0.6),WRI Aqueduct 4.0,https://files.wri.org/aqueduct/aqueduct-4-0-country-rankings.zip,CC-BY-4.0,B-017_WRI Aqueduct 물 스트레스 지수.xlsx,1.1_observation(측정값),934,
B-017,WRI Aqueduct 물 스트레스 지수,observation,vnm-v121-b-017-obs-935-005df3bc9d291f78,B-017_drr_prov_one_ninh_ba_nh,VNM,2023,3.7139,점,,,,,,[실적치] · 등급 3 · Medium - High (0.6-0.8),WRI Aqueduct 4.0,https://files.wri.org/aqueduct/aqueduct-4-0-country-rankings.zip,CC-BY-4.0,B-017_WRI Aqueduct 물 스트레스 지수.xlsx,1.1_observation(측정값),935,
B-017,WRI Aqueduct 물 스트레스 지수,observation,vnm-v121-b-017-obs-936-099bfc7658cc7321,B-017_drr_prov_one_ninh_thuao_n,VNM,2023,2.6279,점,,,,,,[실적치] · 등급 2 · Medium (0.4-0.6),WRI Aqueduct 4.0,https://files.wri.org/aqueduct/aqueduct-4-0-country-rankings.zip,CC-BY-4.0,B-017_WRI Aqueduct 물 스트레스 지수.xlsx,1.1_observation(측정값),936,
B-017,WRI Aqueduct 물 스트레스 지수,observation,vnm-v121-b-017-obs-937-4e753520eb5429cf,B-017_drr_prov_one_phao_tha,VNM,2023,2.6609,점,,,,,,[실적치] · 등급 2 · Medium (0.4-0.6),WRI Aqueduct 4.0,https://files.wri.org/aqueduct/aqueduct-4-0-country-rankings.zip,CC-BY-4.0,B-017_WRI Aqueduct 물 스트레스 지수.xlsx,1.1_observation(측정값),937,
B-017,WRI Aqueduct 물 스트레스 지수,observation,vnm-v121-b-017-obs-938-13abd53e34227c44,B-017_drr_prov_one_phao_yaan,VNM,2023,3.2155,점,,,,,,[실적치] · 등급 3 · Medium - High (0.6-0.8),WRI Aqueduct 4.0,https://files.wri.org/aqueduct/aqueduct-4-0-country-rankings.zip,CC-BY-4.0,B-017_WRI Aqueduct 물 스트레스 지수.xlsx,1.1_observation(측정값),938,
B-017,WRI Aqueduct 물 스트레스 지수,observation,vnm-v121-b-017-obs-939-1e9c4b1b64cd062d,B-017_drr_prov_one_quao_ng_ba_nh,VNM,2023,3.3087,점,,,,,,[실적치] · 등급 3 · Medium - High (0.6-0.8),WRI Aqueduct 4.0,https://files.wri.org/aqueduct/aqueduct-4-0-country-rankings.zip,CC-BY-4.0,B-017_WRI Aqueduct 물 스트레스 지수.xlsx,1.1_observation(측정값),939,
B-017,WRI Aqueduct 물 스트레스 지수,observation,vnm-v121-b-017-obs-940-69e6a492f64523ec,B-017_drr_prov_one_quao_ng_nam,VNM,2023,2.1296,점,,,,,,[실적치] · 등급 2 · Medium (0.4-0.6),WRI Aqueduct 4.0,https://files.wri.org/aqueduct/aqueduct-4-0-country-rankings.zip,CC-BY-4.0,B-017_WRI Aqueduct 물 스트레스 지수.xlsx,1.1_observation(측정값),940,
B-017,WRI Aqueduct 물 스트레스 지수,observation,vnm-v121-b-017-obs-941-d1428040816cc276,B-017_drr_prov_one_quao_ng_nga_i,VNM,2023,2.5457,점,,,,,,[실적치] · 등급 2 · Medium (0.4-0.6),WRI Aqueduct 4.0,https://files.wri.org/aqueduct/aqueduct-4-0-country-rankings.zip,CC-BY-4.0,B-017_WRI Aqueduct 물 스트레스 지수.xlsx,1.1_observation(측정값),941,
B-017,WRI Aqueduct 물 스트레스 지수,observation,vnm-v121-b-017-obs-942-bb2546b85d4568fa,B-017_drr_prov_one_quao_ng_ninh,VNM,2023,2.1105,점,,,,,,[실적치] · 등급 2 · Medium (0.4-0.6),WRI Aqueduct 4.0,https://files.wri.org/aqueduct/aqueduct-4-0-country-rankings.zip,CC-BY-4.0,B-017_WRI Aqueduct 물 스트레스 지수.xlsx,1.1_observation(측정값),942,
B-017,WRI Aqueduct 물 스트레스 지수,observation,vnm-v121-b-017-obs-943-d36f5c4d841a4750,B-017_drr_prov_one_quao_ng_tra,VNM,2023,2.9615,점,,,,,,[실적치] · 등급 2 · Medium (0.4-0.6),WRI Aqueduct 4.0,https://files.wri.org/aqueduct/aqueduct-4-0-country-rankings.zip,CC-BY-4.0,B-017_WRI Aqueduct 물 스트레스 지수.xlsx,1.1_observation(측정값),943,
B-017,WRI Aqueduct 물 스트레스 지수,observation,vnm-v121-b-017-obs-944-8f021035db74bb58,B-017_drr_prov_one_sa3c_tra_ng,VNM,2023,3.6542,점,,,,,,[실적치] · 등급 3 · Medium - High (0.6-0.8),WRI Aqueduct 4.0,https://files.wri.org/aqueduct/aqueduct-4-0-country-rankings.zip,CC-BY-4.0,B-017_WRI Aqueduct 물 스트레스 지수.xlsx,1.1_observation(측정값),944,
B-017,WRI Aqueduct 물 스트레스 지수,observation,vnm-v121-b-017-obs-945-93c22921facb2256,B-017_drr_prov_one_s_n_la,VNM,2023,1.971,점,,,,,,[실적치] · 등급 1 · Low - Medium (0.2-0.4),WRI Aqueduct 4.0,https://files.wri.org/aqueduct/aqueduct-4-0-country-rankings.zip,CC-BY-4.0,B-017_WRI Aqueduct 물 스트레스 지수.xlsx,1.1_observation(측정값),945,
B-017,WRI Aqueduct 물 스트레스 지수,observation,vnm-v121-b-017-obs-946-8f3cc9b77a44952c,B-017_drr_prov_one_thanh_ha3a,VNM,2023,2.7082,점,,,,,,[실적치] · 등급 2 · Medium (0.4-0.6),WRI Aqueduct 4.0,https://files.wri.org/aqueduct/aqueduct-4-0-country-rankings.zip,CC-BY-4.0,B-017_WRI Aqueduct 물 스트레스 지수.xlsx,1.1_observation(측정값),946,
B-017,WRI Aqueduct 물 스트레스 지수,observation,vnm-v121-b-017-obs-947-32627fd96982f986,B-017_drr_prov_one_tha_i_ba_nh,VNM,2023,3.5326,점,,,,,,[실적치] · 등급 3 · Medium - High (0.6-0.8),WRI Aqueduct 4.0,https://files.wri.org/aqueduct/aqueduct-4-0-country-rankings.zip,CC-BY-4.0,B-017_WRI Aqueduct 물 스트레스 지수.xlsx,1.1_observation(측정값),947,
B-017,WRI Aqueduct 물 스트레스 지수,observation,vnm-v121-b-017-obs-948-bac82b097a0fec40,B-017_drr_prov_one_tha_i_nguyaan,VNM,2023,3.8882,점,,,,,,[실적치] · 등급 3 · Medium - High (0.6-0.8),WRI Aqueduct 4.0,https://files.wri.org/aqueduct/aqueduct-4-0-country-rankings.zip,CC-BY-4.0,B-017_WRI Aqueduct 물 스트레스 지수.xlsx,1.1_observation(측정값),948,
B-017,WRI Aqueduct 물 스트레스 지수,observation,vnm-v121-b-017-obs-949-bbfa6a633f06c155,B-017_drr_prov_one_tha_a_thiaan_huao,VNM,2023,1.9558,점,,,,,,[실적치] · 등급 1 · Low - Medium (0.2-0.4),WRI Aqueduct 4.0,https://files.wri.org/aqueduct/aqueduct-4-0-country-rankings.zip,CC-BY-4.0,B-017_WRI Aqueduct 물 스트레스 지수.xlsx,1.1_observation(측정값),949,
B-017,WRI Aqueduct 물 스트레스 지수,observation,vnm-v121-b-017-obs-950-7a457b1b43ddcb62,B-017_drr_prov_one_tia_n_giang,VNM,2023,2.9835,점,,,,,,[실적치] · 등급 2 · Medium (0.4-0.6),WRI Aqueduct 4.0,https://files.wri.org/aqueduct/aqueduct-4-0-country-rankings.zip,CC-BY-4.0,B-017_WRI Aqueduct 물 스트레스 지수.xlsx,1.1_observation(측정값),950,
B-017,WRI Aqueduct 물 스트레스 지수,observation,vnm-v121-b-017-obs-951-8978cd76b7935225,B-017_drr_prov_one_tra_vinh,VNM,2023,3.8608,점,,,,,,[실적치] · 등급 3 · Medium - High (0.6-0.8),WRI Aqueduct 4.0,https://files.wri.org/aqueduct/aqueduct-4-0-country-rankings.zip,CC-BY-4.0,B-017_WRI Aqueduct 물 스트레스 지수.xlsx,1.1_observation(측정값),951,
B-017,WRI Aqueduct 물 스트레스 지수,observation,vnm-v121-b-017-obs-952-5abaefcba3335eaa,B-017_drr_prov_one_tuyaan_quang,VNM,2023,2.4571,점,,,,,,[실적치] · 등급 2 · Medium (0.4-0.6),WRI Aqueduct 4.0,https://files.wri.org/aqueduct/aqueduct-4-0-country-rankings.zip,CC-BY-4.0,B-017_WRI Aqueduct 물 스트레스 지수.xlsx,1.1_observation(측정값),952,
B-017,WRI Aqueduct 물 스트레스 지수,observation,vnm-v121-b-017-obs-953-eb6aebb68881699c,B-017_drr_prov_one_ta_y_ninh,VNM,2023,2.5687,점,,,,,,[실적치] · 등급 2 · Medium (0.4-0.6),WRI Aqueduct 4.0,https://files.wri.org/aqueduct/aqueduct-4-0-country-rankings.zip,CC-BY-4.0,B-017_WRI Aqueduct 물 스트레스 지수.xlsx,1.1_observation(측정값),953,
B-017,WRI Aqueduct 물 스트레스 지수,observation,vnm-v121-b-017-obs-954-65b836cba6870e82,B-017_drr_prov_one_va_nh_long,VNM,2023,4.0307,점,,,,,,[실적치] · 등급 4 · High (0.8-1.0),WRI Aqueduct 4.0,https://files.wri.org/aqueduct/aqueduct-4-0-country-rankings.zip,CC-BY-4.0,B-017_WRI Aqueduct 물 스트레스 지수.xlsx,1.1_observation(측정값),954,
B-017,WRI Aqueduct 물 스트레스 지수,observation,vnm-v121-b-017-obs-955-91224068b85fa71f,B-017_drr_prov_one_va_nh_phaoc,VNM,2023,3.3543,점,,,,,,[실적치] · 등급 3 · Medium - High (0.6-0.8),WRI Aqueduct 4.0,https://files.wri.org/aqueduct/aqueduct-4-0-country-rankings.zip,CC-BY-4.0,B-017_WRI Aqueduct 물 스트레스 지수.xlsx,1.1_observation(측정값),955,
B-017,WRI Aqueduct 물 스트레스 지수,observation,vnm-v121-b-017-obs-956-76f7c743e29148a8,B-017_drr_prov_one_yaan_ba_i,VNM,2023,2.7061,점,,,,,,[실적치] · 등급 2 · Medium (0.4-0.6),WRI Aqueduct 4.0,https://files.wri.org/aqueduct/aqueduct-4-0-country-rankings.zip,CC-BY-4.0,B-017_WRI Aqueduct 물 스트레스 지수.xlsx,1.1_observation(측정값),956,
B-017,WRI Aqueduct 물 스트레스 지수,observation,vnm-v121-b-017-obs-957-955747b1e475f6de,B-017_drr_prov_one_a_ia_n_biaan,VNM,2023,1.4782,점,,,,,,[실적치] · 등급 1 · Low - Medium (0.2-0.4),WRI Aqueduct 4.0,https://files.wri.org/aqueduct/aqueduct-4-0-country-rankings.zip,CC-BY-4.0,B-017_WRI Aqueduct 물 스트레스 지수.xlsx,1.1_observation(측정값),957,
B-017,WRI Aqueduct 물 스트레스 지수,observation,vnm-v121-b-017-obs-958-3d2c0fff88d28e2a,B-017_drr_prov_one_a_a_nao_ng,VNM,2023,2.9475,점,,,,,,[실적치] · 등급 2 · Medium (0.4-0.6),WRI Aqueduct 4.0,https://files.wri.org/aqueduct/aqueduct-4-0-country-rankings.zip,CC-BY-4.0,B-017_WRI Aqueduct 물 스트레스 지수.xlsx,1.1_observation(측정값),958,
B-017,WRI Aqueduct 물 스트레스 지수,observation,vnm-v121-b-017-obs-959-7aa3041edd85fbcf,B-017_drr_prov_one_a_ao_k_lao_k,VNM,2023,2.3474,점,,,,,,[실적치] · 등급 2 · Medium (0.4-0.6),WRI Aqueduct 4.0,https://files.wri.org/aqueduct/aqueduct-4-0-country-rankings.zip,CC-BY-4.0,B-017_WRI Aqueduct 물 스트레스 지수.xlsx,1.1_observation(측정값),959,
B-017,WRI Aqueduct 물 스트레스 지수,observation,vnm-v121-b-017-obs-960-019078514f0953d9,B-017_drr_prov_one_a_ao_k_na_ng,VNM,2023,1.8813,점,,,,,,[실적치] · 등급 1 · Low - Medium (0.2-0.4),WRI Aqueduct 4.0,https://files.wri.org/aqueduct/aqueduct-4-0-country-rankings.zip,CC-BY-4.0,B-017_WRI Aqueduct 물 스트레스 지수.xlsx,1.1_observation(측정값),960,
B-017,WRI Aqueduct 물 스트레스 지수,observation,vnm-v121-b-017-obs-961-905b0d4bc72f3409,B-017_drr_prov_one_a_a_ng_nai,VNM,2023,2.2203,점,,,,,,[실적치] · 등급 2 · Medium (0.4-0.6),WRI Aqueduct 4.0,https://files.wri.org/aqueduct/aqueduct-4-0-country-rankings.zip,CC-BY-4.0,B-017_WRI Aqueduct 물 스트레스 지수.xlsx,1.1_observation(측정값),961,
B-017,WRI Aqueduct 물 스트레스 지수,observation,vnm-v121-b-017-obs-962-978f470022ee0b27,B-017_drr_prov_one_a_a_ng_tha_p,VNM,2023,3.9624,점,,,,,,[실적치] · 등급 3 · Medium - High (0.6-0.8),WRI Aqueduct 4.0,https://files.wri.org/aqueduct/aqueduct-4-0-country-rankings.zip,CC-BY-4.0,B-017_WRI Aqueduct 물 스트레스 지수.xlsx,1.1_observation(측정값),962,
B-017,WRI Aqueduct 물 스트레스 지수,observation,vnm-v121-b-017-obs-963-7e461bef2ca4889a,B-017_rfr_prov_pop_an_giang,VNM,2023,4.0791,점,,,,,,[실적치] · 등급 4 · Extremely High (more than 1 in 100),WRI Aqueduct 4.0,https://files.wri.org/aqueduct/aqueduct-4-0-country-rankings.zip,CC-BY-4.0,B-017_WRI Aqueduct 물 스트레스 지수.xlsx,1.1_observation(측정값),963,
B-017,WRI Aqueduct 물 스트레스 지수,observation,vnm-v121-b-017-obs-964-30631a2193dd5ac5,B-017_rfr_prov_pop_ba_ra_a_va_ng_ta_u,VNM,2023,0.6601,점,,,,,,"[실적치] · 등급 0 · Low (0 to 1 in 1,000)",WRI Aqueduct 4.0,https://files.wri.org/aqueduct/aqueduct-4-0-country-rankings.zip,CC-BY-4.0,B-017_WRI Aqueduct 물 스트레스 지수.xlsx,1.1_observation(측정값),964,
B-017,WRI Aqueduct 물 스트레스 지수,observation,vnm-v121-b-017-obs-965-613727e7dccc016b,B-017_rfr_prov_pop_ba_nh_d_ng,VNM,2023,3.583,점,,,,,,"[실적치] · 등급 3 · High (7 in 1,000 to 1 in 100)",WRI Aqueduct 4.0,https://files.wri.org/aqueduct/aqueduct-4-0-country-rankings.zip,CC-BY-4.0,B-017_WRI Aqueduct 물 스트레스 지수.xlsx,1.1_observation(측정값),965,
B-017,WRI Aqueduct 물 스트레스 지수,observation,vnm-v121-b-017-obs-966-aa5da53df42b755c,B-017_rfr_prov_pop_ba_nh_ph_a_c,VNM,2023,2.6096,점,,,,,,"[실적치] · 등급 2 · Medium - High (3 in 1,000 to 7 in 1,000)",WRI Aqueduct 4.0,https://files.wri.org/aqueduct/aqueduct-4-0-country-rankings.zip,CC-BY-4.0,B-017_WRI Aqueduct 물 스트레스 지수.xlsx,1.1_observation(측정값),966,
B-017,WRI Aqueduct 물 스트레스 지수,observation,vnm-v121-b-017-obs-967-97310f95c6c73727,B-017_rfr_prov_pop_ba_nh_thuao_n,VNM,2023,3.8642,점,,,,,,"[실적치] · 등급 3 · High (7 in 1,000 to 1 in 100)",WRI Aqueduct 4.0,https://files.wri.org/aqueduct/aqueduct-4-0-country-rankings.zip,CC-BY-4.0,B-017_WRI Aqueduct 물 스트레스 지수.xlsx,1.1_observation(측정값),967,
B-017,WRI Aqueduct 물 스트레스 지수,observation,vnm-v121-b-017-obs-968-92675a40d9e35d3d,B-017_rfr_prov_pop_ba_nh_a_a_nh,VNM,2023,4.0913,점,,,,,,[실적치] · 등급 4 · Extremely High (more than 1 in 100),WRI Aqueduct 4.0,https://files.wri.org/aqueduct/aqueduct-4-0-country-rankings.zip,CC-BY-4.0,B-017_WRI Aqueduct 물 스트레스 지수.xlsx,1.1_observation(측정값),968,
B-017,WRI Aqueduct 물 스트레스 지수,observation,vnm-v121-b-017-obs-969-baf5d441b842f20d,B-017_rfr_prov_pop_bao_c_liaau,VNM,2023,4.275,점,,,,,,[실적치] · 등급 4 · Extremely High (more than 1 in 100),WRI Aqueduct 4.0,https://files.wri.org/aqueduct/aqueduct-4-0-country-rankings.zip,CC-BY-4.0,B-017_WRI Aqueduct 물 스트레스 지수.xlsx,1.1_observation(측정값),969,
B-017,WRI Aqueduct 물 스트레스 지수,observation,vnm-v121-b-017-obs-970-c51f22761bfc7599,B-017_rfr_prov_pop_bao_c_giang,VNM,2023,4.0412,점,,,,,,[실적치] · 등급 4 · Extremely High (more than 1 in 100),WRI Aqueduct 4.0,https://files.wri.org/aqueduct/aqueduct-4-0-country-rankings.zip,CC-BY-4.0,B-017_WRI Aqueduct 물 스트레스 지수.xlsx,1.1_observation(측정값),970,
B-017,WRI Aqueduct 물 스트레스 지수,observation,vnm-v121-b-017-obs-971-cbf2a9d4a4c68821,B-017_rfr_prov_pop_bao_c_kao_n,VNM,2023,4.0833,점,,,,,,[실적치] · 등급 4 · Extremely High (more than 1 in 100),WRI Aqueduct 4.0,https://files.wri.org/aqueduct/aqueduct-4-0-country-rankings.zip,CC-BY-4.0,B-017_WRI Aqueduct 물 스트레스 지수.xlsx,1.1_observation(측정값),971,
B-017,WRI Aqueduct 물 스트레스 지수,observation,vnm-v121-b-017-obs-972-d40295e45febb16e,B-017_rfr_prov_pop_bao_c_ninh,VNM,2023,4.1257,점,,,,,,[실적치] · 등급 4 · Extremely High (more than 1 in 100),WRI Aqueduct 4.0,https://files.wri.org/aqueduct/aqueduct-4-0-country-rankings.zip,CC-BY-4.0,B-017_WRI Aqueduct 물 스트레스 지수.xlsx,1.1_observation(측정값),972,
B-017,WRI Aqueduct 물 스트레스 지수,observation,vnm-v121-b-017-obs-973-f47bae6ae3aded6e,B-017_rfr_prov_pop_bao_n_tre,VNM,2023,3.4033,점,,,,,,"[실적치] · 등급 3 · High (7 in 1,000 to 1 in 100)",WRI Aqueduct 4.0,https://files.wri.org/aqueduct/aqueduct-4-0-country-rankings.zip,CC-BY-4.0,B-017_WRI Aqueduct 물 스트레스 지수.xlsx,1.1_observation(측정값),973,
B-017,WRI Aqueduct 물 스트레스 지수,observation,vnm-v121-b-017-obs-974-63c9e29b508c5cf4,B-017_rfr_prov_pop_cao_bao_ng,VNM,2023,4.0079,점,,,,,,[실적치] · 등급 4 · Extremely High (more than 1 in 100),WRI Aqueduct 4.0,https://files.wri.org/aqueduct/aqueduct-4-0-country-rankings.zip,CC-BY-4.0,B-017_WRI Aqueduct 물 스트레스 지수.xlsx,1.1_observation(측정값),974,
B-017,WRI Aqueduct 물 스트레스 지수,observation,vnm-v121-b-017-obs-975-e7b16f9c946f46ea,B-017_rfr_prov_pop_ca_mau,VNM,2023,4.2425,점,,,,,,[실적치] · 등급 4 · Extremely High (more than 1 in 100),WRI Aqueduct 4.0,https://files.wri.org/aqueduct/aqueduct-4-0-country-rankings.zip,CC-BY-4.0,B-017_WRI Aqueduct 물 스트레스 지수.xlsx,1.1_observation(측정값),975,
B-017,WRI Aqueduct 물 스트레스 지수,observation,vnm-v121-b-017-obs-976-b886111c8186d949,B-017_rfr_prov_pop_cao_n_th,VNM,2023,4.0564,점,,,,,,[실적치] · 등급 4 · Extremely High (more than 1 in 100),WRI Aqueduct 4.0,https://files.wri.org/aqueduct/aqueduct-4-0-country-rankings.zip,CC-BY-4.0,B-017_WRI Aqueduct 물 스트레스 지수.xlsx,1.1_observation(측정값),976,
B-017,WRI Aqueduct 물 스트레스 지수,observation,vnm-v121-b-017-obs-977-0f94b11072a8453a,B-017_rfr_prov_pop_gia_lai,VNM,2023,2.9976,점,,,,,,"[실적치] · 등급 2 · Medium - High (3 in 1,000 to 7 in 1,000)",WRI Aqueduct 4.0,https://files.wri.org/aqueduct/aqueduct-4-0-country-rankings.zip,CC-BY-4.0,B-017_WRI Aqueduct 물 스트레스 지수.xlsx,1.1_observation(측정값),977,
B-017,WRI Aqueduct 물 스트레스 지수,observation,vnm-v121-b-017-obs-978-600752ee1a93e3f2,B-017_rfr_prov_pop_hoa_ba_nh,VNM,2023,2.4086,점,,,,,,"[실적치] · 등급 2 · Medium - High (3 in 1,000 to 7 in 1,000)",WRI Aqueduct 4.0,https://files.wri.org/aqueduct/aqueduct-4-0-country-rankings.zip,CC-BY-4.0,B-017_WRI Aqueduct 물 스트레스 지수.xlsx,1.1_observation(측정값),978,
B-017,WRI Aqueduct 물 스트레스 지수,observation,vnm-v121-b-017-obs-979-8983672b69a40b6f,B-017_rfr_prov_pop_ha_giang,VNM,2023,4.1111,점,,,,,,[실적치] · 등급 4 · Extremely High (more than 1 in 100),WRI Aqueduct 4.0,https://files.wri.org/aqueduct/aqueduct-4-0-country-rankings.zip,CC-BY-4.0,B-017_WRI Aqueduct 물 스트레스 지수.xlsx,1.1_observation(측정값),979,
B-017,WRI Aqueduct 물 스트레스 지수,observation,vnm-v121-b-017-obs-980-cc7522cdad554418,B-017_rfr_prov_pop_ha_nam,VNM,2023,4.2544,점,,,,,,[실적치] · 등급 4 · Extremely High (more than 1 in 100),WRI Aqueduct 4.0,https://files.wri.org/aqueduct/aqueduct-4-0-country-rankings.zip,CC-BY-4.0,B-017_WRI Aqueduct 물 스트레스 지수.xlsx,1.1_observation(측정값),980,
B-017,WRI Aqueduct 물 스트레스 지수,observation,vnm-v121-b-017-obs-981-d509b7a3637f619c,B-017_rfr_prov_pop_ha_na_tmi,VNM,2023,4.0066,점,,,,,,[실적치] · 등급 4 · Extremely High (more than 1 in 100),WRI Aqueduct 4.0,https://files.wri.org/aqueduct/aqueduct-4-0-country-rankings.zip,CC-BY-4.0,B-017_WRI Aqueduct 물 스트레스 지수.xlsx,1.1_observation(측정값),981,
B-017,WRI Aqueduct 물 스트레스 지수,observation,vnm-v121-b-017-obs-982-14672df161c7e70b,B-017_rfr_prov_pop_ha_ta_nh,VNM,2023,4.1291,점,,,,,,[실적치] · 등급 4 · Extremely High (more than 1 in 100),WRI Aqueduct 4.0,https://files.wri.org/aqueduct/aqueduct-4-0-country-rankings.zip,CC-BY-4.0,B-017_WRI Aqueduct 물 스트레스 지수.xlsx,1.1_observation(측정값),982,
B-017,WRI Aqueduct 물 스트레스 지수,observation,vnm-v121-b-017-obs-983-d16ea1b2cf316b43,B-017_rfr_prov_pop_h_ng_yaan,VNM,2023,4.1819,점,,,,,,[실적치] · 등급 4 · Extremely High (more than 1 in 100),WRI Aqueduct 4.0,https://files.wri.org/aqueduct/aqueduct-4-0-country-rankings.zip,CC-BY-4.0,B-017_WRI Aqueduct 물 스트레스 지수.xlsx,1.1_observation(측정값),983,
B-017,WRI Aqueduct 물 스트레스 지수,observation,vnm-v121-b-017-obs-984-5d8d95bd28c709df,B-017_rfr_prov_pop_hao_i_d_ng,VNM,2023,4.1445,점,,,,,,[실적치] · 등급 4 · Extremely High (more than 1 in 100),WRI Aqueduct 4.0,https://files.wri.org/aqueduct/aqueduct-4-0-country-rankings.zip,CC-BY-4.0,B-017_WRI Aqueduct 물 스트레스 지수.xlsx,1.1_observation(측정값),984,
B-017,WRI Aqueduct 물 스트레스 지수,observation,vnm-v121-b-017-obs-985-770dfc943973a8b3,B-017_rfr_prov_pop_hao_i_pha2ng,VNM,2023,2.9876,점,,,,,,"[실적치] · 등급 2 · Medium - High (3 in 1,000 to 7 in 1,000)",WRI Aqueduct 4.0,https://files.wri.org/aqueduct/aqueduct-4-0-country-rankings.zip,CC-BY-4.0,B-017_WRI Aqueduct 물 스트레스 지수.xlsx,1.1_observation(측정값),985,
B-017,WRI Aqueduct 물 스트레스 지수,observation,vnm-v121-b-017-obs-986-7ce2e068fe4b5b9b,B-017_rfr_prov_pop_hao_u_giang,VNM,2023,4.1705,점,,,,,,[실적치] · 등급 4 · Extremely High (more than 1 in 100),WRI Aqueduct 4.0,https://files.wri.org/aqueduct/aqueduct-4-0-country-rankings.zip,CC-BY-4.0,B-017_WRI Aqueduct 물 스트레스 지수.xlsx,1.1_observation(측정값),986,
B-017,WRI Aqueduct 물 스트레스 지수,observation,vnm-v121-b-017-obs-987-bdc28c7ad998100e,B-017_rfr_prov_pop_ha_cha_minh,VNM,2023,3.4109,점,,,,,,"[실적치] · 등급 3 · High (7 in 1,000 to 1 in 100)",WRI Aqueduct 4.0,https://files.wri.org/aqueduct/aqueduct-4-0-country-rankings.zip,CC-BY-4.0,B-017_WRI Aqueduct 물 스트레스 지수.xlsx,1.1_observation(측정값),987,
B-017,WRI Aqueduct 물 스트레스 지수,observation,vnm-v121-b-017-obs-988-16d68f3cae04f285,B-017_rfr_prov_pop_kha_nh_ha2a,VNM,2023,4.1656,점,,,,,,[실적치] · 등급 4 · Extremely High (more than 1 in 100),WRI Aqueduct 4.0,https://files.wri.org/aqueduct/aqueduct-4-0-country-rankings.zip,CC-BY-4.0,B-017_WRI Aqueduct 물 스트레스 지수.xlsx,1.1_observation(측정값),988,
B-017,WRI Aqueduct 물 스트레스 지수,observation,vnm-v121-b-017-obs-989-91e08e93be952c92,B-017_rfr_prov_pop_kiaan_giang,VNM,2023,4.1015,점,,,,,,[실적치] · 등급 4 · Extremely High (more than 1 in 100),WRI Aqueduct 4.0,https://files.wri.org/aqueduct/aqueduct-4-0-country-rankings.zip,CC-BY-4.0,B-017_WRI Aqueduct 물 스트레스 지수.xlsx,1.1_observation(측정값),989,
B-017,WRI Aqueduct 물 스트레스 지수,observation,vnm-v121-b-017-obs-990-9e9acccb82407dd1,B-017_rfr_prov_pop_kon_tum,VNM,2023,4.0272,점,,,,,,[실적치] · 등급 4 · Extremely High (more than 1 in 100),WRI Aqueduct 4.0,https://files.wri.org/aqueduct/aqueduct-4-0-country-rankings.zip,CC-BY-4.0,B-017_WRI Aqueduct 물 스트레스 지수.xlsx,1.1_observation(측정값),990,
B-017,WRI Aqueduct 물 스트레스 지수,observation,vnm-v121-b-017-obs-991-1e5e14357ee5f92f,B-017_rfr_prov_pop_lai_cha_u,VNM,2023,4.0059,점,,,,,,[실적치] · 등급 4 · Extremely High (more than 1 in 100),WRI Aqueduct 4.0,https://files.wri.org/aqueduct/aqueduct-4-0-country-rankings.zip,CC-BY-4.0,B-017_WRI Aqueduct 물 스트레스 지수.xlsx,1.1_observation(측정값),991,
B-017,WRI Aqueduct 물 스트레스 지수,observation,vnm-v121-b-017-obs-992-1025cfb885e09343,B-017_rfr_prov_pop_long_an,VNM,2023,4.2215,점,,,,,,[실적치] · 등급 4 · Extremely High (more than 1 in 100),WRI Aqueduct 4.0,https://files.wri.org/aqueduct/aqueduct-4-0-country-rankings.zip,CC-BY-4.0,B-017_WRI Aqueduct 물 스트레스 지수.xlsx,1.1_observation(측정값),992,
B-017,WRI Aqueduct 물 스트레스 지수,observation,vnm-v121-b-017-obs-993-377d6d8053206395,B-017_rfr_prov_pop_la_o_cai,VNM,2023,4.0144,점,,,,,,[실적치] · 등급 4 · Extremely High (more than 1 in 100),WRI Aqueduct 4.0,https://files.wri.org/aqueduct/aqueduct-4-0-country-rankings.zip,CC-BY-4.0,B-017_WRI Aqueduct 물 스트레스 지수.xlsx,1.1_observation(측정값),993,
B-017,WRI Aqueduct 물 스트레스 지수,observation,vnm-v121-b-017-obs-994-b34345d983bdf95b,B-017_rfr_prov_pop_la_m_a_a_ng,VNM,2023,4.0111,점,,,,,,[실적치] · 등급 4 · Extremely High (more than 1 in 100),WRI Aqueduct 4.0,https://files.wri.org/aqueduct/aqueduct-4-0-country-rankings.zip,CC-BY-4.0,B-017_WRI Aqueduct 물 스트레스 지수.xlsx,1.1_observation(측정값),994,
B-017,WRI Aqueduct 물 스트레스 지수,observation,vnm-v121-b-017-obs-995-d9d4c7b9662d8425,B-017_rfr_prov_pop_lao_ng_s_n,VNM,2023,3.5034,점,,,,,,"[실적치] · 등급 3 · High (7 in 1,000 to 1 in 100)",WRI Aqueduct 4.0,https://files.wri.org/aqueduct/aqueduct-4-0-country-rankings.zip,CC-BY-4.0,B-017_WRI Aqueduct 물 스트레스 지수.xlsx,1.1_observation(측정값),995,
B-017,WRI Aqueduct 물 스트레스 지수,observation,vnm-v121-b-017-obs-996-7ded2f21a05f6b15,B-017_rfr_prov_pop_nam_a_a_nh,VNM,2023,4.0813,점,,,,,,[실적치] · 등급 4 · Extremely High (more than 1 in 100),WRI Aqueduct 4.0,https://files.wri.org/aqueduct/aqueduct-4-0-country-rankings.zip,CC-BY-4.0,B-017_WRI Aqueduct 물 스트레스 지수.xlsx,1.1_observation(측정값),996,
B-017,WRI Aqueduct 물 스트레스 지수,observation,vnm-v121-b-017-obs-997-b6365672752e2162,B-017_rfr_prov_pop_ngha_an,VNM,2023,4.0593,점,,,,,,[실적치] · 등급 4 · Extremely High (more than 1 in 100),WRI Aqueduct 4.0,https://files.wri.org/aqueduct/aqueduct-4-0-country-rankings.zip,CC-BY-4.0,B-017_WRI Aqueduct 물 스트레스 지수.xlsx,1.1_observation(측정값),997,
B-017,WRI Aqueduct 물 스트레스 지수,observation,vnm-v121-b-017-obs-998-8e94039044349142,B-017_rfr_prov_pop_ninh_ba_nh,VNM,2023,4.1384,점,,,,,,[실적치] · 등급 4 · Extremely High (more than 1 in 100),WRI Aqueduct 4.0,https://files.wri.org/aqueduct/aqueduct-4-0-country-rankings.zip,CC-BY-4.0,B-017_WRI Aqueduct 물 스트레스 지수.xlsx,1.1_observation(측정값),998,
B-017,WRI Aqueduct 물 스트레스 지수,observation,vnm-v121-b-017-obs-999-83d07b09b058fa83,B-017_rfr_prov_pop_ninh_thuao_n,VNM,2023,4.0735,점,,,,,,[실적치] · 등급 4 · Extremely High (more than 1 in 100),WRI Aqueduct 4.0,https://files.wri.org/aqueduct/aqueduct-4-0-country-rankings.zip,CC-BY-4.0,B-017_WRI Aqueduct 물 스트레스 지수.xlsx,1.1_observation(측정값),999,
B-017,WRI Aqueduct 물 스트레스 지수,observation,vnm-v121-b-017-obs-1000-3853892b3c253876,B-017_rfr_prov_pop_phao_tha,VNM,2023,4.0467,점,,,,,,[실적치] · 등급 4 · Extremely High (more than 1 in 100),WRI Aqueduct 4.0,https://files.wri.org/aqueduct/aqueduct-4-0-country-rankings.zip,CC-BY-4.0,B-017_WRI Aqueduct 물 스트레스 지수.xlsx,1.1_observation(측정값),1000,
B-017,WRI Aqueduct 물 스트레스 지수,observation,vnm-v121-b-017-obs-1001-cd9a620e620cb98f,B-017_rfr_prov_pop_phao_yaan,VNM,2023,4.0118,점,,,,,,[실적치] · 등급 4 · Extremely High (more than 1 in 100),WRI Aqueduct 4.0,https://files.wri.org/aqueduct/aqueduct-4-0-country-rankings.zip,CC-BY-4.0,B-017_WRI Aqueduct 물 스트레스 지수.xlsx,1.1_observation(측정값),1001,
B-017,WRI Aqueduct 물 스트레스 지수,observation,vnm-v121-b-017-obs-1002-b30440701b3760ca,B-017_rfr_prov_pop_quao_ng_ba_nh,VNM,2023,4.0261,점,,,,,,[실적치] · 등급 4 · Extremely High (more than 1 in 100),WRI Aqueduct 4.0,https://files.wri.org/aqueduct/aqueduct-4-0-country-rankings.zip,CC-BY-4.0,B-017_WRI Aqueduct 물 스트레스 지수.xlsx,1.1_observation(측정값),1002,
B-017,WRI Aqueduct 물 스트레스 지수,observation,vnm-v121-b-017-obs-1003-b5ae28144ad1e12d,B-017_rfr_prov_pop_quao_ng_nam,VNM,2023,4.0272,점,,,,,,[실적치] · 등급 4 · Extremely High (more than 1 in 100),WRI Aqueduct 4.0,https://files.wri.org/aqueduct/aqueduct-4-0-country-rankings.zip,CC-BY-4.0,B-017_WRI Aqueduct 물 스트레스 지수.xlsx,1.1_observation(측정값),1003,
B-017,WRI Aqueduct 물 스트레스 지수,observation,vnm-v121-b-017-obs-1004-50f12f9df2153a03,B-017_rfr_prov_pop_quao_ng_nga_i,VNM,2023,3.9774,점,,,,,,"[실적치] · 등급 3 · High (7 in 1,000 to 1 in 100)",WRI Aqueduct 4.0,https://files.wri.org/aqueduct/aqueduct-4-0-country-rankings.zip,CC-BY-4.0,B-017_WRI Aqueduct 물 스트레스 지수.xlsx,1.1_observation(측정값),1004,
B-017,WRI Aqueduct 물 스트레스 지수,observation,vnm-v121-b-017-obs-1005-c027a199f3a30873,B-017_rfr_prov_pop_quao_ng_ninh,VNM,2023,3.3205,점,,,,,,"[실적치] · 등급 3 · High (7 in 1,000 to 1 in 100)",WRI Aqueduct 4.0,https://files.wri.org/aqueduct/aqueduct-4-0-country-rankings.zip,CC-BY-4.0,B-017_WRI Aqueduct 물 스트레스 지수.xlsx,1.1_observation(측정값),1005,
B-017,WRI Aqueduct 물 스트레스 지수,observation,vnm-v121-b-017-obs-1006-5cc0dabcf6a813de,B-017_rfr_prov_pop_quao_ng_tra,VNM,2023,4.4506,점,,,,,,[실적치] · 등급 4 · Extremely High (more than 1 in 100),WRI Aqueduct 4.0,https://files.wri.org/aqueduct/aqueduct-4-0-country-rankings.zip,CC-BY-4.0,B-017_WRI Aqueduct 물 스트레스 지수.xlsx,1.1_observation(측정값),1006,
B-017,WRI Aqueduct 물 스트레스 지수,observation,vnm-v121-b-017-obs-1007-b99394de5175e8ef,B-017_rfr_prov_pop_sa3c_tra_ng,VNM,2023,4.0887,점,,,,,,[실적치] · 등급 4 · Extremely High (more than 1 in 100),WRI Aqueduct 4.0,https://files.wri.org/aqueduct/aqueduct-4-0-country-rankings.zip,CC-BY-4.0,B-017_WRI Aqueduct 물 스트레스 지수.xlsx,1.1_observation(측정값),1007,
B-017,WRI Aqueduct 물 스트레스 지수,observation,vnm-v121-b-017-obs-1008-504bb50c152a0b2e,B-017_rfr_prov_pop_s_n_la,VNM,2023,3.6053,점,,,,,,"[실적치] · 등급 3 · High (7 in 1,000 to 1 in 100)",WRI Aqueduct 4.0,https://files.wri.org/aqueduct/aqueduct-4-0-country-rankings.zip,CC-BY-4.0,B-017_WRI Aqueduct 물 스트레스 지수.xlsx,1.1_observation(측정값),1008,
B-017,WRI Aqueduct 물 스트레스 지수,observation,vnm-v121-b-017-obs-1009-2d3c297168346a6e,B-017_rfr_prov_pop_thanh_ha3a,VNM,2023,4.0414,점,,,,,,[실적치] · 등급 4 · Extremely High (more than 1 in 100),WRI Aqueduct 4.0,https://files.wri.org/aqueduct/aqueduct-4-0-country-rankings.zip,CC-BY-4.0,B-017_WRI Aqueduct 물 스트레스 지수.xlsx,1.1_observation(측정값),1009,
B-017,WRI Aqueduct 물 스트레스 지수,observation,vnm-v121-b-017-obs-1010-ded38360b26e4786,B-017_rfr_prov_pop_tha_i_ba_nh,VNM,2023,4.2298,점,,,,,,[실적치] · 등급 4 · Extremely High (more than 1 in 100),WRI Aqueduct 4.0,https://files.wri.org/aqueduct/aqueduct-4-0-country-rankings.zip,CC-BY-4.0,B-017_WRI Aqueduct 물 스트레스 지수.xlsx,1.1_observation(측정값),1010,
B-017,WRI Aqueduct 물 스트레스 지수,observation,vnm-v121-b-017-obs-1011-6b277e55843dbed5,B-017_rfr_prov_pop_tha_i_nguyaan,VNM,2023,3.6377,점,,,,,,"[실적치] · 등급 3 · High (7 in 1,000 to 1 in 100)",WRI Aqueduct 4.0,https://files.wri.org/aqueduct/aqueduct-4-0-country-rankings.zip,CC-BY-4.0,B-017_WRI Aqueduct 물 스트레스 지수.xlsx,1.1_observation(측정값),1011,
B-017,WRI Aqueduct 물 스트레스 지수,observation,vnm-v121-b-017-obs-1012-aa277bb566161a4b,B-017_rfr_prov_pop_tha_a_thiaan_huao,VNM,2023,4.1141,점,,,,,,[실적치] · 등급 4 · Extremely High (more than 1 in 100),WRI Aqueduct 4.0,https://files.wri.org/aqueduct/aqueduct-4-0-country-rankings.zip,CC-BY-4.0,B-017_WRI Aqueduct 물 스트레스 지수.xlsx,1.1_observation(측정값),1012,
B-017,WRI Aqueduct 물 스트레스 지수,observation,vnm-v121-b-017-obs-1013-10f2ffd1409e14c5,B-017_rfr_prov_pop_tia_n_giang,VNM,2023,4.0161,점,,,,,,[실적치] · 등급 4 · Extremely High (more than 1 in 100),WRI Aqueduct 4.0,https://files.wri.org/aqueduct/aqueduct-4-0-country-rankings.zip,CC-BY-4.0,B-017_WRI Aqueduct 물 스트레스 지수.xlsx,1.1_observation(측정값),1013,
B-017,WRI Aqueduct 물 스트레스 지수,observation,vnm-v121-b-017-obs-1014-15d6cb85c617ab8c,B-017_rfr_prov_pop_tra_vinh,VNM,2023,1.4508,점,,,,,,"[실적치] · 등급 1 · Low - Medium (1 in 1,000 to 3 in 1,000)",WRI Aqueduct 4.0,https://files.wri.org/aqueduct/aqueduct-4-0-country-rankings.zip,CC-BY-4.0,B-017_WRI Aqueduct 물 스트레스 지수.xlsx,1.1_observation(측정값),1014,
B-017,WRI Aqueduct 물 스트레스 지수,observation,vnm-v121-b-017-obs-1015-e85caddf272717bc,B-017_rfr_prov_pop_tuyaan_quang,VNM,2023,4.2089,점,,,,,,[실적치] · 등급 4 · Extremely High (more than 1 in 100),WRI Aqueduct 4.0,https://files.wri.org/aqueduct/aqueduct-4-0-country-rankings.zip,CC-BY-4.0,B-017_WRI Aqueduct 물 스트레스 지수.xlsx,1.1_observation(측정값),1015,
B-017,WRI Aqueduct 물 스트레스 지수,observation,vnm-v121-b-017-obs-1016-dd609b31de023a99,B-017_rfr_prov_pop_ta_y_ninh,VNM,2023,3.1077,점,,,,,,"[실적치] · 등급 3 · High (7 in 1,000 to 1 in 100)",WRI Aqueduct 4.0,https://files.wri.org/aqueduct/aqueduct-4-0-country-rankings.zip,CC-BY-4.0,B-017_WRI Aqueduct 물 스트레스 지수.xlsx,1.1_observation(측정값),1016,
B-017,WRI Aqueduct 물 스트레스 지수,observation,vnm-v121-b-017-obs-1017-ba148bec126cfb74,B-017_rfr_prov_pop_va_nh_long,VNM,2023,4.0037,점,,,,,,[실적치] · 등급 4 · Extremely High (more than 1 in 100),WRI Aqueduct 4.0,https://files.wri.org/aqueduct/aqueduct-4-0-country-rankings.zip,CC-BY-4.0,B-017_WRI Aqueduct 물 스트레스 지수.xlsx,1.1_observation(측정값),1017,
B-017,WRI Aqueduct 물 스트레스 지수,observation,vnm-v121-b-017-obs-1018-59835dc02eb630c3,B-017_rfr_prov_pop_va_nh_phaoc,VNM,2023,2.234,점,,,,,,"[실적치] · 등급 2 · Medium - High (3 in 1,000 to 7 in 1,000)",WRI Aqueduct 4.0,https://files.wri.org/aqueduct/aqueduct-4-0-country-rankings.zip,CC-BY-4.0,B-017_WRI Aqueduct 물 스트레스 지수.xlsx,1.1_observation(측정값),1018,
B-017,WRI Aqueduct 물 스트레스 지수,observation,vnm-v121-b-017-obs-1019-d9a92d2064a091b9,B-017_rfr_prov_pop_yaan_ba_i,VNM,2023,4.0012,점,,,,,,[실적치] · 등급 4 · Extremely High (more than 1 in 100),WRI Aqueduct 4.0,https://files.wri.org/aqueduct/aqueduct-4-0-country-rankings.zip,CC-BY-4.0,B-017_WRI Aqueduct 물 스트레스 지수.xlsx,1.1_observation(측정값),1019,
B-017,WRI Aqueduct 물 스트레스 지수,observation,vnm-v121-b-017-obs-1020-06ce00ef06168af8,B-017_rfr_prov_pop_a_ia_n_biaan,VNM,2023,4.0754,점,,,,,,[실적치] · 등급 4 · Extremely High (more than 1 in 100),WRI Aqueduct 4.0,https://files.wri.org/aqueduct/aqueduct-4-0-country-rankings.zip,CC-BY-4.0,B-017_WRI Aqueduct 물 스트레스 지수.xlsx,1.1_observation(측정값),1020,
B-017,WRI Aqueduct 물 스트레스 지수,observation,vnm-v121-b-017-obs-1021-d15a31cbc811b55b,B-017_rfr_prov_pop_a_a_nao_ng,VNM,2023,4.0034,점,,,,,,[실적치] · 등급 4 · Extremely High (more than 1 in 100),WRI Aqueduct 4.0,https://files.wri.org/aqueduct/aqueduct-4-0-country-rankings.zip,CC-BY-4.0,B-017_WRI Aqueduct 물 스트레스 지수.xlsx,1.1_observation(측정값),1021,
B-017,WRI Aqueduct 물 스트레스 지수,observation,vnm-v121-b-017-obs-1022-cf3820e990867e31,B-017_rfr_prov_pop_a_ao_k_lao_k,VNM,2023,3.0002,점,,,,,,"[실적치] · 등급 3 · High (7 in 1,000 to 1 in 100)",WRI Aqueduct 4.0,https://files.wri.org/aqueduct/aqueduct-4-0-country-rankings.zip,CC-BY-4.0,B-017_WRI Aqueduct 물 스트레스 지수.xlsx,1.1_observation(측정값),1022,
B-017,WRI Aqueduct 물 스트레스 지수,observation,vnm-v121-b-017-obs-1023-59b66d6dc0e04a08,B-017_rfr_prov_pop_a_ao_k_na_ng,VNM,2023,4.0116,점,,,,,,[실적치] · 등급 4 · Extremely High (more than 1 in 100),WRI Aqueduct 4.0,https://files.wri.org/aqueduct/aqueduct-4-0-country-rankings.zip,CC-BY-4.0,B-017_WRI Aqueduct 물 스트레스 지수.xlsx,1.1_observation(측정값),1023,
B-017,WRI Aqueduct 물 스트레스 지수,observation,vnm-v121-b-017-obs-1024-08b8094872d58f3a,B-017_rfr_prov_pop_a_a_ng_nai,VNM,2023,3.5954,점,,,,,,"[실적치] · 등급 3 · High (7 in 1,000 to 1 in 100)",WRI Aqueduct 4.0,https://files.wri.org/aqueduct/aqueduct-4-0-country-rankings.zip,CC-BY-4.0,B-017_WRI Aqueduct 물 스트레스 지수.xlsx,1.1_observation(측정값),1024,
B-017,WRI Aqueduct 물 스트레스 지수,observation,vnm-v121-b-017-obs-1025-b2998ce447ffce9f,B-017_rfr_prov_pop_a_a_ng_tha_p,VNM,2023,4.0204,점,,,,,,[실적치] · 등급 4 · Extremely High (more than 1 in 100),WRI Aqueduct 4.0,https://files.wri.org/aqueduct/aqueduct-4-0-country-rankings.zip,CC-BY-4.0,B-017_WRI Aqueduct 물 스트레스 지수.xlsx,1.1_observation(측정값),1025,
B-017,WRI Aqueduct 물 스트레스 지수,observation,vnm-v121-b-017-obs-1026-96f7b235e646a173,B-017_bws_prov_bau_2030_an_giang,VNM,2030,1.7119,점,,,,,,[전망치] · 등급 1 · Low - Medium (10-20%),WRI Aqueduct 4.0,https://files.wri.org/aqueduct/aqueduct-4-0-country-rankings.zip,CC-BY-4.0,B-017_WRI Aqueduct 물 스트레스 지수.xlsx,1.1_observation(측정값),1026,
B-017,WRI Aqueduct 물 스트레스 지수,observation,vnm-v121-b-017-obs-1027-92df173c0ebf02c2,B-017_bws_prov_bau_2030_ba_ra_a_va_ng_ta_u,VNM,2030,1.4103,점,,,,,,[전망치] · 등급 1 · Low - Medium (10-20%),WRI Aqueduct 4.0,https://files.wri.org/aqueduct/aqueduct-4-0-country-rankings.zip,CC-BY-4.0,B-017_WRI Aqueduct 물 스트레스 지수.xlsx,1.1_observation(측정값),1027,
B-017,WRI Aqueduct 물 스트레스 지수,observation,vnm-v121-b-017-obs-1028-608e3d6c4cd4f597,B-017_bws_prov_bau_2030_ba_nh_d_ng,VNM,2030,1.9916,점,,,,,,[전망치] · 등급 1 · Low - Medium (10-20%),WRI Aqueduct 4.0,https://files.wri.org/aqueduct/aqueduct-4-0-country-rankings.zip,CC-BY-4.0,B-017_WRI Aqueduct 물 스트레스 지수.xlsx,1.1_observation(측정값),1028,
B-017,WRI Aqueduct 물 스트레스 지수,observation,vnm-v121-b-017-obs-1029-9dff3e570c89773f,B-017_bws_prov_bau_2030_ba_nh_ph_a_c,VNM,2030,1.9163,점,,,,,,[전망치] · 등급 1 · Low - Medium (10-20%),WRI Aqueduct 4.0,https://files.wri.org/aqueduct/aqueduct-4-0-country-rankings.zip,CC-BY-4.0,B-017_WRI Aqueduct 물 스트레스 지수.xlsx,1.1_observation(측정값),1029,
B-017,WRI Aqueduct 물 스트레스 지수,observation,vnm-v121-b-017-obs-1030-252ac0f7eb231c1c,B-017_bws_prov_bau_2030_ba_nh_thuao_n,VNM,2030,1.4959,점,,,,,,[전망치] · 등급 1 · Low - Medium (10-20%),WRI Aqueduct 4.0,https://files.wri.org/aqueduct/aqueduct-4-0-country-rankings.zip,CC-BY-4.0,B-017_WRI Aqueduct 물 스트레스 지수.xlsx,1.1_observation(측정값),1030,
B-017,WRI Aqueduct 물 스트레스 지수,observation,vnm-v121-b-017-obs-1031-bcce1631e27ffe35,B-017_bws_prov_bau_2030_ba_nh_a_a_nh,VNM,2030,2.685,점,,,,,,[전망치] · 등급 2 · Medium - High (20-40%),WRI Aqueduct 4.0,https://files.wri.org/aqueduct/aqueduct-4-0-country-rankings.zip,CC-BY-4.0,B-017_WRI Aqueduct 물 스트레스 지수.xlsx,1.1_observation(측정값),1031,
B-017,WRI Aqueduct 물 스트레스 지수,observation,vnm-v121-b-017-obs-1032-65cf92fc34b70fc0,B-017_bws_prov_bau_2030_bao_c_liaau,VNM,2030,1.7119,점,,,,,,[전망치] · 등급 1 · Low - Medium (10-20%),WRI Aqueduct 4.0,https://files.wri.org/aqueduct/aqueduct-4-0-country-rankings.zip,CC-BY-4.0,B-017_WRI Aqueduct 물 스트레스 지수.xlsx,1.1_observation(측정값),1032,
B-017,WRI Aqueduct 물 스트레스 지수,observation,vnm-v121-b-017-obs-1033-588b1ab1043f169e,B-017_bws_prov_bau_2030_bao_c_giang,VNM,2030,3.0759,점,,,,,,[전망치] · 등급 3 · High (40-80%),WRI Aqueduct 4.0,https://files.wri.org/aqueduct/aqueduct-4-0-country-rankings.zip,CC-BY-4.0,B-017_WRI Aqueduct 물 스트레스 지수.xlsx,1.1_observation(측정값),1033,
B-017,WRI Aqueduct 물 스트레스 지수,observation,vnm-v121-b-017-obs-1034-fd2fae6f69d68d9d,B-017_bws_prov_bau_2030_bao_c_kao_n,VNM,2030,1.774,점,,,,,,[전망치] · 등급 1 · Low - Medium (10-20%),WRI Aqueduct 4.0,https://files.wri.org/aqueduct/aqueduct-4-0-country-rankings.zip,CC-BY-4.0,B-017_WRI Aqueduct 물 스트레스 지수.xlsx,1.1_observation(측정값),1034,
B-017,WRI Aqueduct 물 스트레스 지수,observation,vnm-v121-b-017-obs-1035-403a3540d6ded71c,B-017_bws_prov_bau_2030_bao_c_ninh,VNM,2030,3.0759,점,,,,,,[전망치] · 등급 3 · High (40-80%),WRI Aqueduct 4.0,https://files.wri.org/aqueduct/aqueduct-4-0-country-rankings.zip,CC-BY-4.0,B-017_WRI Aqueduct 물 스트레스 지수.xlsx,1.1_observation(측정값),1035,
B-017,WRI Aqueduct 물 스트레스 지수,observation,vnm-v121-b-017-obs-1036-78e14a150c7e1ccc,B-017_bws_prov_bau_2030_bao_n_tre,VNM,2030,1.7119,점,,,,,,[전망치] · 등급 1 · Low - Medium (10-20%),WRI Aqueduct 4.0,https://files.wri.org/aqueduct/aqueduct-4-0-country-rankings.zip,CC-BY-4.0,B-017_WRI Aqueduct 물 스트레스 지수.xlsx,1.1_observation(측정값),1036,
B-017,WRI Aqueduct 물 스트레스 지수,observation,vnm-v121-b-017-obs-1037-b6a7dd591bb0083a,B-017_bws_prov_bau_2030_cao_bao_ng,VNM,2030,0.7626,점,,,,,,[전망치] · 등급 0 · Low (<10%),WRI Aqueduct 4.0,https://files.wri.org/aqueduct/aqueduct-4-0-country-rankings.zip,CC-BY-4.0,B-017_WRI Aqueduct 물 스트레스 지수.xlsx,1.1_observation(측정값),1037,
B-017,WRI Aqueduct 물 스트레스 지수,observation,vnm-v121-b-017-obs-1038-b6b83b9dd54854ec,B-017_bws_prov_bau_2030_ca_mau,VNM,2030,1.7119,점,,,,,,[전망치] · 등급 1 · Low - Medium (10-20%),WRI Aqueduct 4.0,https://files.wri.org/aqueduct/aqueduct-4-0-country-rankings.zip,CC-BY-4.0,B-017_WRI Aqueduct 물 스트레스 지수.xlsx,1.1_observation(측정값),1038,
B-017,WRI Aqueduct 물 스트레스 지수,observation,vnm-v121-b-017-obs-1039-837ab0d65da74f63,B-017_bws_prov_bau_2030_cao_n_th,VNM,2030,1.7119,점,,,,,,[전망치] · 등급 1 · Low - Medium (10-20%),WRI Aqueduct 4.0,https://files.wri.org/aqueduct/aqueduct-4-0-country-rankings.zip,CC-BY-4.0,B-017_WRI Aqueduct 물 스트레스 지수.xlsx,1.1_observation(측정값),1039,
B-017,WRI Aqueduct 물 스트레스 지수,observation,vnm-v121-b-017-obs-1040-6c5d15daf62aaa57,B-017_bws_prov_bau_2030_gia_lai,VNM,2030,1.3375,점,,,,,,[전망치] · 등급 1 · Low - Medium (10-20%),WRI Aqueduct 4.0,https://files.wri.org/aqueduct/aqueduct-4-0-country-rankings.zip,CC-BY-4.0,B-017_WRI Aqueduct 물 스트레스 지수.xlsx,1.1_observation(측정값),1040,
B-017,WRI Aqueduct 물 스트레스 지수,observation,vnm-v121-b-017-obs-1041-efff104e363a4888,B-017_bws_prov_bau_2030_hoa_ba_nh,VNM,2030,1.1493,점,,,,,,[전망치] · 등급 1 · Low - Medium (10-20%),WRI Aqueduct 4.0,https://files.wri.org/aqueduct/aqueduct-4-0-country-rankings.zip,CC-BY-4.0,B-017_WRI Aqueduct 물 스트레스 지수.xlsx,1.1_observation(측정값),1041,
B-017,WRI Aqueduct 물 스트레스 지수,observation,vnm-v121-b-017-obs-1042-85c0d0034dc86faa,B-017_bws_prov_bau_2030_ha_giang,VNM,2030,0.3942,점,,,,,,[전망치] · 등급 0 · Low (<10%),WRI Aqueduct 4.0,https://files.wri.org/aqueduct/aqueduct-4-0-country-rankings.zip,CC-BY-4.0,B-017_WRI Aqueduct 물 스트레스 지수.xlsx,1.1_observation(측정값),1042,
B-017,WRI Aqueduct 물 스트레스 지수,observation,vnm-v121-b-017-obs-1043-314395d2e8e1fdba,B-017_bws_prov_bau_2030_ha_nam,VNM,2030,1.6495,점,,,,,,[전망치] · 등급 1 · Low - Medium (10-20%),WRI Aqueduct 4.0,https://files.wri.org/aqueduct/aqueduct-4-0-country-rankings.zip,CC-BY-4.0,B-017_WRI Aqueduct 물 스트레스 지수.xlsx,1.1_observation(측정값),1043,
B-017,WRI Aqueduct 물 스트레스 지수,observation,vnm-v121-b-017-obs-1044-02ce1a0b9ef1a9a6,B-017_bws_prov_bau_2030_ha_na_tmi,VNM,2030,1.9325,점,,,,,,[전망치] · 등급 1 · Low - Medium (10-20%),WRI Aqueduct 4.0,https://files.wri.org/aqueduct/aqueduct-4-0-country-rankings.zip,CC-BY-4.0,B-017_WRI Aqueduct 물 스트레스 지수.xlsx,1.1_observation(측정값),1044,
B-017,WRI Aqueduct 물 스트레스 지수,observation,vnm-v121-b-017-obs-1045-693c187ea9ba5213,B-017_bws_prov_bau_2030_ha_ta_nh,VNM,2030,2.8269,점,,,,,,[전망치] · 등급 2 · Medium - High (20-40%),WRI Aqueduct 4.0,https://files.wri.org/aqueduct/aqueduct-4-0-country-rankings.zip,CC-BY-4.0,B-017_WRI Aqueduct 물 스트레스 지수.xlsx,1.1_observation(측정값),1045,
B-017,WRI Aqueduct 물 스트레스 지수,observation,vnm-v121-b-017-obs-1046-1678a042c609125e,B-017_bws_prov_bau_2030_h_ng_yaan,VNM,2030,1.6495,점,,,,,,[전망치] · 등급 1 · Low - Medium (10-20%),WRI Aqueduct 4.0,https://files.wri.org/aqueduct/aqueduct-4-0-country-rankings.zip,CC-BY-4.0,B-017_WRI Aqueduct 물 스트레스 지수.xlsx,1.1_observation(측정값),1046,
B-017,WRI Aqueduct 물 스트레스 지수,observation,vnm-v121-b-017-obs-1047-3f60d94af4b9f44b,B-017_bws_prov_bau_2030_hao_i_d_ng,VNM,2030,2.1922,점,,,,,,[전망치] · 등급 2 · Medium - High (20-40%),WRI Aqueduct 4.0,https://files.wri.org/aqueduct/aqueduct-4-0-country-rankings.zip,CC-BY-4.0,B-017_WRI Aqueduct 물 스트레스 지수.xlsx,1.1_observation(측정값),1047,
B-017,WRI Aqueduct 물 스트레스 지수,observation,vnm-v121-b-017-obs-1048-ca5a689f7c062a91,B-017_bws_prov_bau_2030_hao_i_pha2ng,VNM,2030,2.1151,점,,,,,,[전망치] · 등급 2 · Medium - High (20-40%),WRI Aqueduct 4.0,https://files.wri.org/aqueduct/aqueduct-4-0-country-rankings.zip,CC-BY-4.0,B-017_WRI Aqueduct 물 스트레스 지수.xlsx,1.1_observation(측정값),1048,
B-017,WRI Aqueduct 물 스트레스 지수,observation,vnm-v121-b-017-obs-1049-4c4161f751308f4f,B-017_bws_prov_bau_2030_hao_u_giang,VNM,2030,1.7119,점,,,,,,[전망치] · 등급 1 · Low - Medium (10-20%),WRI Aqueduct 4.0,https://files.wri.org/aqueduct/aqueduct-4-0-country-rankings.zip,CC-BY-4.0,B-017_WRI Aqueduct 물 스트레스 지수.xlsx,1.1_observation(측정값),1049,
B-017,WRI Aqueduct 물 스트레스 지수,observation,vnm-v121-b-017-obs-1050-925c7dfdfc091023,B-017_bws_prov_bau_2030_ha_cha_minh,VNM,2030,1.9739,점,,,,,,[전망치] · 등급 1 · Low - Medium (10-20%),WRI Aqueduct 4.0,https://files.wri.org/aqueduct/aqueduct-4-0-country-rankings.zip,CC-BY-4.0,B-017_WRI Aqueduct 물 스트레스 지수.xlsx,1.1_observation(측정값),1050,
B-017,WRI Aqueduct 물 스트레스 지수,observation,vnm-v121-b-017-obs-1051-f6117efcf95c1c85,B-017_bws_prov_bau_2030_kha_nh_ha2a,VNM,2030,1.4103,점,,,,,,[전망치] · 등급 1 · Low - Medium (10-20%),WRI Aqueduct 4.0,https://files.wri.org/aqueduct/aqueduct-4-0-country-rankings.zip,CC-BY-4.0,B-017_WRI Aqueduct 물 스트레스 지수.xlsx,1.1_observation(측정값),1051,
B-017,WRI Aqueduct 물 스트레스 지수,observation,vnm-v121-b-017-obs-1052-16902f8b09a127c7,B-017_bws_prov_bau_2030_kiaan_giang,VNM,2030,1.7118,점,,,,,,[전망치] · 등급 1 · Low - Medium (10-20%),WRI Aqueduct 4.0,https://files.wri.org/aqueduct/aqueduct-4-0-country-rankings.zip,CC-BY-4.0,B-017_WRI Aqueduct 물 스트레스 지수.xlsx,1.1_observation(측정값),1052,
B-017,WRI Aqueduct 물 스트레스 지수,observation,vnm-v121-b-017-obs-1053-f8e0cd7655f7a337,B-017_bws_prov_bau_2030_kon_tum,VNM,2030,0.8434,점,,,,,,[전망치] · 등급 0 · Low (<10%),WRI Aqueduct 4.0,https://files.wri.org/aqueduct/aqueduct-4-0-country-rankings.zip,CC-BY-4.0,B-017_WRI Aqueduct 물 스트레스 지수.xlsx,1.1_observation(측정값),1053,
B-017,WRI Aqueduct 물 스트레스 지수,observation,vnm-v121-b-017-obs-1054-e4deff4450c0fe1c,B-017_bws_prov_bau_2030_lai_cha_u,VNM,2030,0.4153,점,,,,,,[전망치] · 등급 0 · Low (<10%),WRI Aqueduct 4.0,https://files.wri.org/aqueduct/aqueduct-4-0-country-rankings.zip,CC-BY-4.0,B-017_WRI Aqueduct 물 스트레스 지수.xlsx,1.1_observation(측정값),1054,
B-017,WRI Aqueduct 물 스트레스 지수,observation,vnm-v121-b-017-obs-1055-ecfceb2a23c14f06,B-017_bws_prov_bau_2030_long_an,VNM,2030,4.3199,점,,,,,,[전망치] · 등급 4 · Extremely High (>80%),WRI Aqueduct 4.0,https://files.wri.org/aqueduct/aqueduct-4-0-country-rankings.zip,CC-BY-4.0,B-017_WRI Aqueduct 물 스트레스 지수.xlsx,1.1_observation(측정값),1055,
B-017,WRI Aqueduct 물 스트레스 지수,observation,vnm-v121-b-017-obs-1056-1d15a5b825424e7a,B-017_bws_prov_bau_2030_la_o_cai,VNM,2030,1.3065,점,,,,,,[전망치] · 등급 1 · Low - Medium (10-20%),WRI Aqueduct 4.0,https://files.wri.org/aqueduct/aqueduct-4-0-country-rankings.zip,CC-BY-4.0,B-017_WRI Aqueduct 물 스트레스 지수.xlsx,1.1_observation(측정값),1056,
B-017,WRI Aqueduct 물 스트레스 지수,observation,vnm-v121-b-017-obs-1057-e35cb377ea87c9b4,B-017_bws_prov_bau_2030_la_m_a_a_ng,VNM,2030,1.9695,점,,,,,,[전망치] · 등급 1 · Low - Medium (10-20%),WRI Aqueduct 4.0,https://files.wri.org/aqueduct/aqueduct-4-0-country-rankings.zip,CC-BY-4.0,B-017_WRI Aqueduct 물 스트레스 지수.xlsx,1.1_observation(측정값),1057,
B-017,WRI Aqueduct 물 스트레스 지수,observation,vnm-v121-b-017-obs-1058-3aaeaae70e7bb3ba,B-017_bws_prov_bau_2030_lao_ng_s_n,VNM,2030,2.2249,점,,,,,,[전망치] · 등급 2 · Medium - High (20-40%),WRI Aqueduct 4.0,https://files.wri.org/aqueduct/aqueduct-4-0-country-rankings.zip,CC-BY-4.0,B-017_WRI Aqueduct 물 스트레스 지수.xlsx,1.1_observation(측정값),1058,
B-017,WRI Aqueduct 물 스트레스 지수,observation,vnm-v121-b-017-obs-1059-3014adcea4188b3e,B-017_bws_prov_bau_2030_nam_a_a_nh,VNM,2030,1.6495,점,,,,,,[전망치] · 등급 1 · Low - Medium (10-20%),WRI Aqueduct 4.0,https://files.wri.org/aqueduct/aqueduct-4-0-country-rankings.zip,CC-BY-4.0,B-017_WRI Aqueduct 물 스트레스 지수.xlsx,1.1_observation(측정값),1059,
B-017,WRI Aqueduct 물 스트레스 지수,observation,vnm-v121-b-017-obs-1060-e3616e2f19af4e4b,B-017_bws_prov_bau_2030_ngha_an,VNM,2030,3.7458,점,,,,,,[전망치] · 등급 3 · High (40-80%),WRI Aqueduct 4.0,https://files.wri.org/aqueduct/aqueduct-4-0-country-rankings.zip,CC-BY-4.0,B-017_WRI Aqueduct 물 스트레스 지수.xlsx,1.1_observation(측정값),1060,
B-017,WRI Aqueduct 물 스트레스 지수,observation,vnm-v121-b-017-obs-1061-d3b660a1630ada97,B-017_bws_prov_bau_2030_ninh_ba_nh,VNM,2030,1.658,점,,,,,,[전망치] · 등급 1 · Low - Medium (10-20%),WRI Aqueduct 4.0,https://files.wri.org/aqueduct/aqueduct-4-0-country-rankings.zip,CC-BY-4.0,B-017_WRI Aqueduct 물 스트레스 지수.xlsx,1.1_observation(측정값),1061,
B-017,WRI Aqueduct 물 스트레스 지수,observation,vnm-v121-b-017-obs-1062-75dfe625603dadc3,B-017_bws_prov_bau_2030_ninh_thuao_n,VNM,2030,1.4103,점,,,,,,[전망치] · 등급 1 · Low - Medium (10-20%),WRI Aqueduct 4.0,https://files.wri.org/aqueduct/aqueduct-4-0-country-rankings.zip,CC-BY-4.0,B-017_WRI Aqueduct 물 스트레스 지수.xlsx,1.1_observation(측정값),1062,
B-017,WRI Aqueduct 물 스트레스 지수,observation,vnm-v121-b-017-obs-1063-9891811d2cc31d9e,B-017_bws_prov_bau_2030_phao_tha,VNM,2030,0.6119,점,,,,,,[전망치] · 등급 0 · Low (<10%),WRI Aqueduct 4.0,https://files.wri.org/aqueduct/aqueduct-4-0-country-rankings.zip,CC-BY-4.0,B-017_WRI Aqueduct 물 스트레스 지수.xlsx,1.1_observation(측정값),1063,
B-017,WRI Aqueduct 물 스트레스 지수,observation,vnm-v121-b-017-obs-1064-862e8fc266987c57,B-017_bws_prov_bau_2030_phao_yaan,VNM,2030,2.2081,점,,,,,,[전망치] · 등급 2 · Medium - High (20-40%),WRI Aqueduct 4.0,https://files.wri.org/aqueduct/aqueduct-4-0-country-rankings.zip,CC-BY-4.0,B-017_WRI Aqueduct 물 스트레스 지수.xlsx,1.1_observation(측정값),1064,
B-017,WRI Aqueduct 물 스트레스 지수,observation,vnm-v121-b-017-obs-1065-0c183a81cdccc168,B-017_bws_prov_bau_2030_quao_ng_ba_nh,VNM,2030,2.2792,점,,,,,,[전망치] · 등급 2 · Medium - High (20-40%),WRI Aqueduct 4.0,https://files.wri.org/aqueduct/aqueduct-4-0-country-rankings.zip,CC-BY-4.0,B-017_WRI Aqueduct 물 스트레스 지수.xlsx,1.1_observation(측정값),1065,
B-017,WRI Aqueduct 물 스트레스 지수,observation,vnm-v121-b-017-obs-1066-3791edf4a0d5ea53,B-017_bws_prov_bau_2030_quao_ng_nam,VNM,2030,1.6647,점,,,,,,[전망치] · 등급 1 · Low - Medium (10-20%),WRI Aqueduct 4.0,https://files.wri.org/aqueduct/aqueduct-4-0-country-rankings.zip,CC-BY-4.0,B-017_WRI Aqueduct 물 스트레스 지수.xlsx,1.1_observation(측정값),1066,
B-017,WRI Aqueduct 물 스트레스 지수,observation,vnm-v121-b-017-obs-1067-2cbb00cf39752322,B-017_bws_prov_bau_2030_quao_ng_nga_i,VNM,2030,2.273,점,,,,,,[전망치] · 등급 2 · Medium - High (20-40%),WRI Aqueduct 4.0,https://files.wri.org/aqueduct/aqueduct-4-0-country-rankings.zip,CC-BY-4.0,B-017_WRI Aqueduct 물 스트레스 지수.xlsx,1.1_observation(측정값),1067,
B-017,WRI Aqueduct 물 스트레스 지수,observation,vnm-v121-b-017-obs-1068-58484b0e2403f19a,B-017_bws_prov_bau_2030_quao_ng_ninh,VNM,2030,1.9821,점,,,,,,[전망치] · 등급 1 · Low - Medium (10-20%),WRI Aqueduct 4.0,https://files.wri.org/aqueduct/aqueduct-4-0-country-rankings.zip,CC-BY-4.0,B-017_WRI Aqueduct 물 스트레스 지수.xlsx,1.1_observation(측정값),1068,
B-017,WRI Aqueduct 물 스트레스 지수,observation,vnm-v121-b-017-obs-1069-e0dd2fc1c8216166,B-017_bws_prov_bau_2030_quao_ng_tra,VNM,2030,2.263,점,,,,,,[전망치] · 등급 2 · Medium - High (20-40%),WRI Aqueduct 4.0,https://files.wri.org/aqueduct/aqueduct-4-0-country-rankings.zip,CC-BY-4.0,B-017_WRI Aqueduct 물 스트레스 지수.xlsx,1.1_observation(측정값),1069,
B-017,WRI Aqueduct 물 스트레스 지수,observation,vnm-v121-b-017-obs-1070-b9740522f26d0a7f,B-017_bws_prov_bau_2030_sa3c_tra_ng,VNM,2030,1.7119,점,,,,,,[전망치] · 등급 1 · Low - Medium (10-20%),WRI Aqueduct 4.0,https://files.wri.org/aqueduct/aqueduct-4-0-country-rankings.zip,CC-BY-4.0,B-017_WRI Aqueduct 물 스트레스 지수.xlsx,1.1_observation(측정값),1070,
B-017,WRI Aqueduct 물 스트레스 지수,observation,vnm-v121-b-017-obs-1071-47300e3a598e1cb6,B-017_bws_prov_bau_2030_s_n_la,VNM,2030,0.6136,점,,,,,,[전망치] · 등급 0 · Low (<10%),WRI Aqueduct 4.0,https://files.wri.org/aqueduct/aqueduct-4-0-country-rankings.zip,CC-BY-4.0,B-017_WRI Aqueduct 물 스트레스 지수.xlsx,1.1_observation(측정값),1071,
B-017,WRI Aqueduct 물 스트레스 지수,observation,vnm-v121-b-017-obs-1072-3fa163995c4569ae,B-017_bws_prov_bau_2030_thanh_ha3a,VNM,2030,3.2351,점,,,,,,[전망치] · 등급 3 · High (40-80%),WRI Aqueduct 4.0,https://files.wri.org/aqueduct/aqueduct-4-0-country-rankings.zip,CC-BY-4.0,B-017_WRI Aqueduct 물 스트레스 지수.xlsx,1.1_observation(측정값),1072,
B-017,WRI Aqueduct 물 스트레스 지수,observation,vnm-v121-b-017-obs-1073-4483e6a274f238ff,B-017_bws_prov_bau_2030_tha_i_ba_nh,VNM,2030,1.6495,점,,,,,,[전망치] · 등급 1 · Low - Medium (10-20%),WRI Aqueduct 4.0,https://files.wri.org/aqueduct/aqueduct-4-0-country-rankings.zip,CC-BY-4.0,B-017_WRI Aqueduct 물 스트레스 지수.xlsx,1.1_observation(측정값),1073,
B-017,WRI Aqueduct 물 스트레스 지수,observation,vnm-v121-b-017-obs-1074-26d762441cd83c67,B-017_bws_prov_bau_2030_tha_i_nguyaan,VNM,2030,3.0759,점,,,,,,[전망치] · 등급 3 · High (40-80%),WRI Aqueduct 4.0,https://files.wri.org/aqueduct/aqueduct-4-0-country-rankings.zip,CC-BY-4.0,B-017_WRI Aqueduct 물 스트레스 지수.xlsx,1.1_observation(측정값),1074,
B-017,WRI Aqueduct 물 스트레스 지수,observation,vnm-v121-b-017-obs-1075-f9720653cfeaf787,B-017_bws_prov_bau_2030_tha_a_thiaan_huao,VNM,2030,2.2578,점,,,,,,[전망치] · 등급 2 · Medium - High (20-40%),WRI Aqueduct 4.0,https://files.wri.org/aqueduct/aqueduct-4-0-country-rankings.zip,CC-BY-4.0,B-017_WRI Aqueduct 물 스트레스 지수.xlsx,1.1_observation(측정값),1075,
B-017,WRI Aqueduct 물 스트레스 지수,observation,vnm-v121-b-017-obs-1076-89ada13b45fd1b9a,B-017_bws_prov_bau_2030_tia_n_giang,VNM,2030,2.6098,점,,,,,,[전망치] · 등급 2 · Medium - High (20-40%),WRI Aqueduct 4.0,https://files.wri.org/aqueduct/aqueduct-4-0-country-rankings.zip,CC-BY-4.0,B-017_WRI Aqueduct 물 스트레스 지수.xlsx,1.1_observation(측정값),1076,
B-017,WRI Aqueduct 물 스트레스 지수,observation,vnm-v121-b-017-obs-1077-6c9b307190897b6f,B-017_bws_prov_bau_2030_tra_vinh,VNM,2030,1.7119,점,,,,,,[전망치] · 등급 1 · Low - Medium (10-20%),WRI Aqueduct 4.0,https://files.wri.org/aqueduct/aqueduct-4-0-country-rankings.zip,CC-BY-4.0,B-017_WRI Aqueduct 물 스트레스 지수.xlsx,1.1_observation(측정값),1077,
B-017,WRI Aqueduct 물 스트레스 지수,observation,vnm-v121-b-017-obs-1078-2a76537ccba6d8c6,B-017_bws_prov_bau_2030_tuyaan_quang,VNM,2030,0.4019,점,,,,,,[전망치] · 등급 0 · Low (<10%),WRI Aqueduct 4.0,https://files.wri.org/aqueduct/aqueduct-4-0-country-rankings.zip,CC-BY-4.0,B-017_WRI Aqueduct 물 스트레스 지수.xlsx,1.1_observation(측정값),1078,
B-017,WRI Aqueduct 물 스트레스 지수,observation,vnm-v121-b-017-obs-1079-ff357753ce961b12,B-017_bws_prov_bau_2030_ta_y_ninh,VNM,2030,3.9883,점,,,,,,[전망치] · 등급 3 · High (40-80%),WRI Aqueduct 4.0,https://files.wri.org/aqueduct/aqueduct-4-0-country-rankings.zip,CC-BY-4.0,B-017_WRI Aqueduct 물 스트레스 지수.xlsx,1.1_observation(측정값),1079,
B-017,WRI Aqueduct 물 스트레스 지수,observation,vnm-v121-b-017-obs-1080-78b1f08f1754af5e,B-017_bws_prov_bau_2030_va_nh_long,VNM,2030,1.7119,점,,,,,,[전망치] · 등급 1 · Low - Medium (10-20%),WRI Aqueduct 4.0,https://files.wri.org/aqueduct/aqueduct-4-0-country-rankings.zip,CC-BY-4.0,B-017_WRI Aqueduct 물 스트레스 지수.xlsx,1.1_observation(측정값),1080,
B-017,WRI Aqueduct 물 스트레스 지수,observation,vnm-v121-b-017-obs-1081-a0bb4d59749ef763,B-017_bws_prov_bau_2030_va_nh_phaoc,VNM,2030,1.7255,점,,,,,,[전망치] · 등급 1 · Low - Medium (10-20%),WRI Aqueduct 4.0,https://files.wri.org/aqueduct/aqueduct-4-0-country-rankings.zip,CC-BY-4.0,B-017_WRI Aqueduct 물 스트레스 지수.xlsx,1.1_observation(측정값),1081,
B-017,WRI Aqueduct 물 스트레스 지수,observation,vnm-v121-b-017-obs-1082-7af319bb5bdf67d6,B-017_bws_prov_bau_2030_yaan_ba_i,VNM,2030,1.0578,점,,,,,,[전망치] · 등급 1 · Low - Medium (10-20%),WRI Aqueduct 4.0,https://files.wri.org/aqueduct/aqueduct-4-0-country-rankings.zip,CC-BY-4.0,B-017_WRI Aqueduct 물 스트레스 지수.xlsx,1.1_observation(측정값),1082,
B-017,WRI Aqueduct 물 스트레스 지수,observation,vnm-v121-b-017-obs-1083-e5b421275dda5de4,B-017_bws_prov_bau_2030_a_ia_n_biaan,VNM,2030,0.8259,점,,,,,,[전망치] · 등급 0 · Low (<10%),WRI Aqueduct 4.0,https://files.wri.org/aqueduct/aqueduct-4-0-country-rankings.zip,CC-BY-4.0,B-017_WRI Aqueduct 물 스트레스 지수.xlsx,1.1_observation(측정값),1083,
B-017,WRI Aqueduct 물 스트레스 지수,observation,vnm-v121-b-017-obs-1084-62b2194ae61dca32,B-017_bws_prov_bau_2030_a_a_nao_ng,VNM,2030,2.2708,점,,,,,,[전망치] · 등급 2 · Medium - High (20-40%),WRI Aqueduct 4.0,https://files.wri.org/aqueduct/aqueduct-4-0-country-rankings.zip,CC-BY-4.0,B-017_WRI Aqueduct 물 스트레스 지수.xlsx,1.1_observation(측정값),1084,
B-017,WRI Aqueduct 물 스트레스 지수,observation,vnm-v121-b-017-obs-1085-3f3b9b4f3e112b3d,B-017_bws_prov_bau_2030_a_ao_k_lao_k,VNM,2030,0.1477,점,,,,,,[전망치] · 등급 0 · Low (<10%),WRI Aqueduct 4.0,https://files.wri.org/aqueduct/aqueduct-4-0-country-rankings.zip,CC-BY-4.0,B-017_WRI Aqueduct 물 스트레스 지수.xlsx,1.1_observation(측정값),1085,
B-017,WRI Aqueduct 물 스트레스 지수,observation,vnm-v121-b-017-obs-1086-336606b5c935120e,B-017_bws_prov_bau_2030_a_ao_k_na_ng,VNM,2030,0.386,점,,,,,,[전망치] · 등급 0 · Low (<10%),WRI Aqueduct 4.0,https://files.wri.org/aqueduct/aqueduct-4-0-country-rankings.zip,CC-BY-4.0,B-017_WRI Aqueduct 물 스트레스 지수.xlsx,1.1_observation(측정값),1086,
B-017,WRI Aqueduct 물 스트레스 지수,observation,vnm-v121-b-017-obs-1087-330fa34d341586b7,B-017_bws_prov_bau_2030_a_a_ng_nai,VNM,2030,1.8786,점,,,,,,[전망치] · 등급 1 · Low - Medium (10-20%),WRI Aqueduct 4.0,https://files.wri.org/aqueduct/aqueduct-4-0-country-rankings.zip,CC-BY-4.0,B-017_WRI Aqueduct 물 스트레스 지수.xlsx,1.1_observation(측정값),1087,
B-017,WRI Aqueduct 물 스트레스 지수,observation,vnm-v121-b-017-obs-1088-7f42ca6554ef0502,B-017_bws_prov_bau_2030_a_a_ng_tha_p,VNM,2030,2.4447,점,,,,,,[전망치] · 등급 2 · Medium - High (20-40%),WRI Aqueduct 4.0,https://files.wri.org/aqueduct/aqueduct-4-0-country-rankings.zip,CC-BY-4.0,B-017_WRI Aqueduct 물 스트레스 지수.xlsx,1.1_observation(측정값),1088,
B-017,WRI Aqueduct 물 스트레스 지수,observation,vnm-v121-b-017-obs-1089-ee7da3b41c89162f,B-017_bws_prov_bau_2050_an_giang,VNM,2050,1.7582,점,,,,,,[전망치] · 등급 1 · Low - Medium (10-20%),WRI Aqueduct 4.0,https://files.wri.org/aqueduct/aqueduct-4-0-country-rankings.zip,CC-BY-4.0,B-017_WRI Aqueduct 물 스트레스 지수.xlsx,1.1_observation(측정값),1089,
B-017,WRI Aqueduct 물 스트레스 지수,observation,vnm-v121-b-017-obs-1090-a81c5c57f63e85a3,B-017_bws_prov_bau_2050_ba_ra_a_va_ng_ta_u,VNM,2050,1.5907,점,,,,,,[전망치] · 등급 1 · Low - Medium (10-20%),WRI Aqueduct 4.0,https://files.wri.org/aqueduct/aqueduct-4-0-country-rankings.zip,CC-BY-4.0,B-017_WRI Aqueduct 물 스트레스 지수.xlsx,1.1_observation(측정값),1090,
B-017,WRI Aqueduct 물 스트레스 지수,observation,vnm-v121-b-017-obs-1091-b2a8a0e15a85b1cb,B-017_bws_prov_bau_2050_ba_nh_d_ng,VNM,2050,2.236,점,,,,,,[전망치] · 등급 2 · Medium - High (20-40%),WRI Aqueduct 4.0,https://files.wri.org/aqueduct/aqueduct-4-0-country-rankings.zip,CC-BY-4.0,B-017_WRI Aqueduct 물 스트레스 지수.xlsx,1.1_observation(측정값),1091,
B-017,WRI Aqueduct 물 스트레스 지수,observation,vnm-v121-b-017-obs-1092-f45620aafcd3ae17,B-017_bws_prov_bau_2050_ba_nh_ph_a_c,VNM,2050,2.1468,점,,,,,,[전망치] · 등급 2 · Medium - High (20-40%),WRI Aqueduct 4.0,https://files.wri.org/aqueduct/aqueduct-4-0-country-rankings.zip,CC-BY-4.0,B-017_WRI Aqueduct 물 스트레스 지수.xlsx,1.1_observation(측정값),1092,
B-017,WRI Aqueduct 물 스트레스 지수,observation,vnm-v121-b-017-obs-1093-c2e1b156309879db,B-017_bws_prov_bau_2050_ba_nh_thuao_n,VNM,2050,1.7066,점,,,,,,[전망치] · 등급 1 · Low - Medium (10-20%),WRI Aqueduct 4.0,https://files.wri.org/aqueduct/aqueduct-4-0-country-rankings.zip,CC-BY-4.0,B-017_WRI Aqueduct 물 스트레스 지수.xlsx,1.1_observation(측정값),1093,
B-017,WRI Aqueduct 물 스트레스 지수,observation,vnm-v121-b-017-obs-1094-92f520d59ab51bf7,B-017_bws_prov_bau_2050_ba_nh_a_a_nh,VNM,2050,2.6858,점,,,,,,[전망치] · 등급 2 · Medium - High (20-40%),WRI Aqueduct 4.0,https://files.wri.org/aqueduct/aqueduct-4-0-country-rankings.zip,CC-BY-4.0,B-017_WRI Aqueduct 물 스트레스 지수.xlsx,1.1_observation(측정값),1094,
B-017,WRI Aqueduct 물 스트레스 지수,observation,vnm-v121-b-017-obs-1095-3b4d93f48c68aebb,B-017_bws_prov_bau_2050_bao_c_liaau,VNM,2050,1.7582,점,,,,,,[전망치] · 등급 1 · Low - Medium (10-20%),WRI Aqueduct 4.0,https://files.wri.org/aqueduct/aqueduct-4-0-country-rankings.zip,CC-BY-4.0,B-017_WRI Aqueduct 물 스트레스 지수.xlsx,1.1_observation(측정값),1095,
B-017,WRI Aqueduct 물 스트레스 지수,observation,vnm-v121-b-017-obs-1096-3358a209b0a54d48,B-017_bws_prov_bau_2050_bao_c_giang,VNM,2050,3.0538,점,,,,,,[전망치] · 등급 3 · High (40-80%),WRI Aqueduct 4.0,https://files.wri.org/aqueduct/aqueduct-4-0-country-rankings.zip,CC-BY-4.0,B-017_WRI Aqueduct 물 스트레스 지수.xlsx,1.1_observation(측정값),1096,
B-017,WRI Aqueduct 물 스트레스 지수,observation,vnm-v121-b-017-obs-1097-c13956cb276c0e04,B-017_bws_prov_bau_2050_bao_c_kao_n,VNM,2050,1.8722,점,,,,,,[전망치] · 등급 1 · Low - Medium (10-20%),WRI Aqueduct 4.0,https://files.wri.org/aqueduct/aqueduct-4-0-country-rankings.zip,CC-BY-4.0,B-017_WRI Aqueduct 물 스트레스 지수.xlsx,1.1_observation(측정값),1097,
B-017,WRI Aqueduct 물 스트레스 지수,observation,vnm-v121-b-017-obs-1098-358dfa177c5e3d06,B-017_bws_prov_bau_2050_bao_c_ninh,VNM,2050,3.0538,점,,,,,,[전망치] · 등급 3 · High (40-80%),WRI Aqueduct 4.0,https://files.wri.org/aqueduct/aqueduct-4-0-country-rankings.zip,CC-BY-4.0,B-017_WRI Aqueduct 물 스트레스 지수.xlsx,1.1_observation(측정값),1098,
B-017,WRI Aqueduct 물 스트레스 지수,observation,vnm-v121-b-017-obs-1099-7f99a5aaf220d5b2,B-017_bws_prov_bau_2050_bao_n_tre,VNM,2050,1.7582,점,,,,,,[전망치] · 등급 1 · Low - Medium (10-20%),WRI Aqueduct 4.0,https://files.wri.org/aqueduct/aqueduct-4-0-country-rankings.zip,CC-BY-4.0,B-017_WRI Aqueduct 물 스트레스 지수.xlsx,1.1_observation(측정값),1099,
B-017,WRI Aqueduct 물 스트레스 지수,observation,vnm-v121-b-017-obs-1100-c6465276bbb61851,B-017_bws_prov_bau_2050_cao_bao_ng,VNM,2050,1.0191,점,,,,,,[전망치] · 등급 1 · Low - Medium (10-20%),WRI Aqueduct 4.0,https://files.wri.org/aqueduct/aqueduct-4-0-country-rankings.zip,CC-BY-4.0,B-017_WRI Aqueduct 물 스트레스 지수.xlsx,1.1_observation(측정값),1100,
B-017,WRI Aqueduct 물 스트레스 지수,observation,vnm-v121-b-017-obs-1101-17546efcade3eab2,B-017_bws_prov_bau_2050_ca_mau,VNM,2050,1.7582,점,,,,,,[전망치] · 등급 1 · Low - Medium (10-20%),WRI Aqueduct 4.0,https://files.wri.org/aqueduct/aqueduct-4-0-country-rankings.zip,CC-BY-4.0,B-017_WRI Aqueduct 물 스트레스 지수.xlsx,1.1_observation(측정값),1101,
B-017,WRI Aqueduct 물 스트레스 지수,observation,vnm-v121-b-017-obs-1102-3aada635e107be18,B-017_bws_prov_bau_2050_cao_n_th,VNM,2050,1.7582,점,,,,,,[전망치] · 등급 1 · Low - Medium (10-20%),WRI Aqueduct 4.0,https://files.wri.org/aqueduct/aqueduct-4-0-country-rankings.zip,CC-BY-4.0,B-017_WRI Aqueduct 물 스트레스 지수.xlsx,1.1_observation(측정값),1102,
B-017,WRI Aqueduct 물 스트레스 지수,observation,vnm-v121-b-017-obs-1103-e414a860777caf7a,B-017_bws_prov_bau_2050_gia_lai,VNM,2050,1.4711,점,,,,,,[전망치] · 등급 1 · Low - Medium (10-20%),WRI Aqueduct 4.0,https://files.wri.org/aqueduct/aqueduct-4-0-country-rankings.zip,CC-BY-4.0,B-017_WRI Aqueduct 물 스트레스 지수.xlsx,1.1_observation(측정값),1103,
B-017,WRI Aqueduct 물 스트레스 지수,observation,vnm-v121-b-017-obs-1104-efaf05253d96532e,B-017_bws_prov_bau_2050_hoa_ba_nh,VNM,2050,1.3199,점,,,,,,[전망치] · 등급 1 · Low - Medium (10-20%),WRI Aqueduct 4.0,https://files.wri.org/aqueduct/aqueduct-4-0-country-rankings.zip,CC-BY-4.0,B-017_WRI Aqueduct 물 스트레스 지수.xlsx,1.1_observation(측정값),1104,
B-017,WRI Aqueduct 물 스트레스 지수,observation,vnm-v121-b-017-obs-1105-3c0b19170e76854f,B-017_bws_prov_bau_2050_ha_giang,VNM,2050,0.5169,점,,,,,,[전망치] · 등급 0 · Low (<10%),WRI Aqueduct 4.0,https://files.wri.org/aqueduct/aqueduct-4-0-country-rankings.zip,CC-BY-4.0,B-017_WRI Aqueduct 물 스트레스 지수.xlsx,1.1_observation(측정값),1105,
B-017,WRI Aqueduct 물 스트레스 지수,observation,vnm-v121-b-017-obs-1106-9459e04f9b53d928,B-017_bws_prov_bau_2050_ha_nam,VNM,2050,1.8934,점,,,,,,[전망치] · 등급 1 · Low - Medium (10-20%),WRI Aqueduct 4.0,https://files.wri.org/aqueduct/aqueduct-4-0-country-rankings.zip,CC-BY-4.0,B-017_WRI Aqueduct 물 스트레스 지수.xlsx,1.1_observation(측정값),1106,
B-017,WRI Aqueduct 물 스트레스 지수,observation,vnm-v121-b-017-obs-1107-6464b668ba373c6a,B-017_bws_prov_bau_2050_ha_na_tmi,VNM,2050,2.1396,점,,,,,,[전망치] · 등급 2 · Medium - High (20-40%),WRI Aqueduct 4.0,https://files.wri.org/aqueduct/aqueduct-4-0-country-rankings.zip,CC-BY-4.0,B-017_WRI Aqueduct 물 스트레스 지수.xlsx,1.1_observation(측정값),1107,
B-017,WRI Aqueduct 물 스트레스 지수,observation,vnm-v121-b-017-obs-1108-625bbe27f11e4043,B-017_bws_prov_bau_2050_ha_ta_nh,VNM,2050,3.0006,점,,,,,,[전망치] · 등급 3 · High (40-80%),WRI Aqueduct 4.0,https://files.wri.org/aqueduct/aqueduct-4-0-country-rankings.zip,CC-BY-4.0,B-017_WRI Aqueduct 물 스트레스 지수.xlsx,1.1_observation(측정값),1108,
B-017,WRI Aqueduct 물 스트레스 지수,observation,vnm-v121-b-017-obs-1109-147baeef2816445e,B-017_bws_prov_bau_2050_h_ng_yaan,VNM,2050,1.8934,점,,,,,,[전망치] · 등급 1 · Low - Medium (10-20%),WRI Aqueduct 4.0,https://files.wri.org/aqueduct/aqueduct-4-0-country-rankings.zip,CC-BY-4.0,B-017_WRI Aqueduct 물 스트레스 지수.xlsx,1.1_observation(측정값),1109,
B-017,WRI Aqueduct 물 스트레스 지수,observation,vnm-v121-b-017-obs-1110-04bd66695a2d1ee9,B-017_bws_prov_bau_2050_hao_i_d_ng,VNM,2050,2.2303,점,,,,,,[전망치] · 등급 2 · Medium - High (20-40%),WRI Aqueduct 4.0,https://files.wri.org/aqueduct/aqueduct-4-0-country-rankings.zip,CC-BY-4.0,B-017_WRI Aqueduct 물 스트레스 지수.xlsx,1.1_observation(측정값),1110,
B-017,WRI Aqueduct 물 스트레스 지수,observation,vnm-v121-b-017-obs-1111-98f4bc589547173a,B-017_bws_prov_bau_2050_hao_i_pha2ng,VNM,2050,2.0717,점,,,,,,[전망치] · 등급 2 · Medium - High (20-40%),WRI Aqueduct 4.0,https://files.wri.org/aqueduct/aqueduct-4-0-country-rankings.zip,CC-BY-4.0,B-017_WRI Aqueduct 물 스트레스 지수.xlsx,1.1_observation(측정값),1111,
B-017,WRI Aqueduct 물 스트레스 지수,observation,vnm-v121-b-017-obs-1112-eb43e86a040f66e2,B-017_bws_prov_bau_2050_hao_u_giang,VNM,2050,1.7582,점,,,,,,[전망치] · 등급 1 · Low - Medium (10-20%),WRI Aqueduct 4.0,https://files.wri.org/aqueduct/aqueduct-4-0-country-rankings.zip,CC-BY-4.0,B-017_WRI Aqueduct 물 스트레스 지수.xlsx,1.1_observation(측정값),1112,
B-017,WRI Aqueduct 물 스트레스 지수,observation,vnm-v121-b-017-obs-1113-86a081091ac8ec38,B-017_bws_prov_bau_2050_ha_cha_minh,VNM,2050,2.2212,점,,,,,,[전망치] · 등급 2 · Medium - High (20-40%),WRI Aqueduct 4.0,https://files.wri.org/aqueduct/aqueduct-4-0-country-rankings.zip,CC-BY-4.0,B-017_WRI Aqueduct 물 스트레스 지수.xlsx,1.1_observation(측정값),1113,
B-017,WRI Aqueduct 물 스트레스 지수,observation,vnm-v121-b-017-obs-1114-c5ce4515156b02a8,B-017_bws_prov_bau_2050_kha_nh_ha2a,VNM,2050,1.5907,점,,,,,,[전망치] · 등급 1 · Low - Medium (10-20%),WRI Aqueduct 4.0,https://files.wri.org/aqueduct/aqueduct-4-0-country-rankings.zip,CC-BY-4.0,B-017_WRI Aqueduct 물 스트레스 지수.xlsx,1.1_observation(측정값),1114,
B-017,WRI Aqueduct 물 스트레스 지수,observation,vnm-v121-b-017-obs-1115-9cb26b70a18bb385,B-017_bws_prov_bau_2050_kiaan_giang,VNM,2050,1.7581,점,,,,,,[전망치] · 등급 1 · Low - Medium (10-20%),WRI Aqueduct 4.0,https://files.wri.org/aqueduct/aqueduct-4-0-country-rankings.zip,CC-BY-4.0,B-017_WRI Aqueduct 물 스트레스 지수.xlsx,1.1_observation(측정값),1115,
B-017,WRI Aqueduct 물 스트레스 지수,observation,vnm-v121-b-017-obs-1116-b2f525fa474f1139,B-017_bws_prov_bau_2050_kon_tum,VNM,2050,1.0826,점,,,,,,[전망치] · 등급 1 · Low - Medium (10-20%),WRI Aqueduct 4.0,https://files.wri.org/aqueduct/aqueduct-4-0-country-rankings.zip,CC-BY-4.0,B-017_WRI Aqueduct 물 스트레스 지수.xlsx,1.1_observation(측정값),1116,
B-017,WRI Aqueduct 물 스트레스 지수,observation,vnm-v121-b-017-obs-1117-6e1f09eb73da34a0,B-017_bws_prov_bau_2050_lai_cha_u,VNM,2050,0.4384,점,,,,,,[전망치] · 등급 0 · Low (<10%),WRI Aqueduct 4.0,https://files.wri.org/aqueduct/aqueduct-4-0-country-rankings.zip,CC-BY-4.0,B-017_WRI Aqueduct 물 스트레스 지수.xlsx,1.1_observation(측정값),1117,
B-017,WRI Aqueduct 물 스트레스 지수,observation,vnm-v121-b-017-obs-1118-f9de6fd681ca5d3d,B-017_bws_prov_bau_2050_long_an,VNM,2050,4.3889,점,,,,,,[전망치] · 등급 4 · Extremely High (>80%),WRI Aqueduct 4.0,https://files.wri.org/aqueduct/aqueduct-4-0-country-rankings.zip,CC-BY-4.0,B-017_WRI Aqueduct 물 스트레스 지수.xlsx,1.1_observation(측정값),1118,
B-017,WRI Aqueduct 물 스트레스 지수,observation,vnm-v121-b-017-obs-1119-c36942e4102946fb,B-017_bws_prov_bau_2050_la_o_cai,VNM,2050,1.5419,점,,,,,,[전망치] · 등급 1 · Low - Medium (10-20%),WRI Aqueduct 4.0,https://files.wri.org/aqueduct/aqueduct-4-0-country-rankings.zip,CC-BY-4.0,B-017_WRI Aqueduct 물 스트레스 지수.xlsx,1.1_observation(측정값),1119,
B-017,WRI Aqueduct 물 스트레스 지수,observation,vnm-v121-b-017-obs-1120-432bb1c82afc0358,B-017_bws_prov_bau_2050_la_m_a_a_ng,VNM,2050,2.2111,점,,,,,,[전망치] · 등급 2 · Medium - High (20-40%),WRI Aqueduct 4.0,https://files.wri.org/aqueduct/aqueduct-4-0-country-rankings.zip,CC-BY-4.0,B-017_WRI Aqueduct 물 스트레스 지수.xlsx,1.1_observation(측정값),1120,
B-017,WRI Aqueduct 물 스트레스 지수,observation,vnm-v121-b-017-obs-1121-b3caabd71e65b8a8,B-017_bws_prov_bau_2050_lao_ng_s_n,VNM,2050,2.2491,점,,,,,,[전망치] · 등급 2 · Medium - High (20-40%),WRI Aqueduct 4.0,https://files.wri.org/aqueduct/aqueduct-4-0-country-rankings.zip,CC-BY-4.0,B-017_WRI Aqueduct 물 스트레스 지수.xlsx,1.1_observation(측정값),1121,
B-017,WRI Aqueduct 물 스트레스 지수,observation,vnm-v121-b-017-obs-1122-f98801fedee0cfdd,B-017_bws_prov_bau_2050_nam_a_a_nh,VNM,2050,1.8934,점,,,,,,[전망치] · 등급 1 · Low - Medium (10-20%),WRI Aqueduct 4.0,https://files.wri.org/aqueduct/aqueduct-4-0-country-rankings.zip,CC-BY-4.0,B-017_WRI Aqueduct 물 스트레스 지수.xlsx,1.1_observation(측정값),1122,
B-017,WRI Aqueduct 물 스트레스 지수,observation,vnm-v121-b-017-obs-1123-5b002fd09bea785f,B-017_bws_prov_bau_2050_ngha_an,VNM,2050,3.8995,점,,,,,,[전망치] · 등급 3 · High (40-80%),WRI Aqueduct 4.0,https://files.wri.org/aqueduct/aqueduct-4-0-country-rankings.zip,CC-BY-4.0,B-017_WRI Aqueduct 물 스트레스 지수.xlsx,1.1_observation(측정값),1123,
B-017,WRI Aqueduct 물 스트레스 지수,observation,vnm-v121-b-017-obs-1124-c3625221a584c4bc,B-017_bws_prov_bau_2050_ninh_ba_nh,VNM,2050,1.9041,점,,,,,,[전망치] · 등급 1 · Low - Medium (10-20%),WRI Aqueduct 4.0,https://files.wri.org/aqueduct/aqueduct-4-0-country-rankings.zip,CC-BY-4.0,B-017_WRI Aqueduct 물 스트레스 지수.xlsx,1.1_observation(측정값),1124,
B-017,WRI Aqueduct 물 스트레스 지수,observation,vnm-v121-b-017-obs-1125-fec015ee3bedf02d,B-017_bws_prov_bau_2050_ninh_thuao_n,VNM,2050,1.5907,점,,,,,,[전망치] · 등급 1 · Low - Medium (10-20%),WRI Aqueduct 4.0,https://files.wri.org/aqueduct/aqueduct-4-0-country-rankings.zip,CC-BY-4.0,B-017_WRI Aqueduct 물 스트레스 지수.xlsx,1.1_observation(측정값),1125,
B-017,WRI Aqueduct 물 스트레스 지수,observation,vnm-v121-b-017-obs-1126-3fc0b18bf1bf851e,B-017_bws_prov_bau_2050_phao_tha,VNM,2050,0.8862,점,,,,,,[전망치] · 등급 0 · Low (<10%),WRI Aqueduct 4.0,https://files.wri.org/aqueduct/aqueduct-4-0-country-rankings.zip,CC-BY-4.0,B-017_WRI Aqueduct 물 스트레스 지수.xlsx,1.1_observation(측정값),1126,
B-017,WRI Aqueduct 물 스트레스 지수,observation,vnm-v121-b-017-obs-1127-68ac7efcaea01d9d,B-017_bws_prov_bau_2050_phao_yaan,VNM,2050,2.2733,점,,,,,,[전망치] · 등급 2 · Medium - High (20-40%),WRI Aqueduct 4.0,https://files.wri.org/aqueduct/aqueduct-4-0-country-rankings.zip,CC-BY-4.0,B-017_WRI Aqueduct 물 스트레스 지수.xlsx,1.1_observation(측정값),1127,
B-017,WRI Aqueduct 물 스트레스 지수,observation,vnm-v121-b-017-obs-1128-b0163cd0e31c65cd,B-017_bws_prov_bau_2050_quao_ng_ba_nh,VNM,2050,2.3829,점,,,,,,[전망치] · 등급 2 · Medium - High (20-40%),WRI Aqueduct 4.0,https://files.wri.org/aqueduct/aqueduct-4-0-country-rankings.zip,CC-BY-4.0,B-017_WRI Aqueduct 물 스트레스 지수.xlsx,1.1_observation(측정값),1128,
B-017,WRI Aqueduct 물 스트레스 지수,observation,vnm-v121-b-017-obs-1129-969ee5c4d5755b73,B-017_bws_prov_bau_2050_quao_ng_nam,VNM,2050,1.8302,점,,,,,,[전망치] · 등급 1 · Low - Medium (10-20%),WRI Aqueduct 4.0,https://files.wri.org/aqueduct/aqueduct-4-0-country-rankings.zip,CC-BY-4.0,B-017_WRI Aqueduct 물 스트레스 지수.xlsx,1.1_observation(측정값),1129,
B-017,WRI Aqueduct 물 스트레스 지수,observation,vnm-v121-b-017-obs-1130-44cd0d7a7b3104fe,B-017_bws_prov_bau_2050_quao_ng_nga_i,VNM,2050,2.3261,점,,,,,,[전망치] · 등급 2 · Medium - High (20-40%),WRI Aqueduct 4.0,https://files.wri.org/aqueduct/aqueduct-4-0-country-rankings.zip,CC-BY-4.0,B-017_WRI Aqueduct 물 스트레스 지수.xlsx,1.1_observation(측정값),1130,
B-017,WRI Aqueduct 물 스트레스 지수,observation,vnm-v121-b-017-obs-1131-7279e4031aab4acd,B-017_bws_prov_bau_2050_quao_ng_ninh,VNM,2050,1.8812,점,,,,,,[전망치] · 등급 1 · Low - Medium (10-20%),WRI Aqueduct 4.0,https://files.wri.org/aqueduct/aqueduct-4-0-country-rankings.zip,CC-BY-4.0,B-017_WRI Aqueduct 물 스트레스 지수.xlsx,1.1_observation(측정값),1131,
B-017,WRI Aqueduct 물 스트레스 지수,observation,vnm-v121-b-017-obs-1132-9b1c12047d4ddf6e,B-017_bws_prov_bau_2050_quao_ng_tra,VNM,2050,2.359,점,,,,,,[전망치] · 등급 2 · Medium - High (20-40%),WRI Aqueduct 4.0,https://files.wri.org/aqueduct/aqueduct-4-0-country-rankings.zip,CC-BY-4.0,B-017_WRI Aqueduct 물 스트레스 지수.xlsx,1.1_observation(측정값),1132,
B-017,WRI Aqueduct 물 스트레스 지수,observation,vnm-v121-b-017-obs-1133-d0aa6916d24a9d77,B-017_bws_prov_bau_2050_sa3c_tra_ng,VNM,2050,1.7582,점,,,,,,[전망치] · 등급 1 · Low - Medium (10-20%),WRI Aqueduct 4.0,https://files.wri.org/aqueduct/aqueduct-4-0-country-rankings.zip,CC-BY-4.0,B-017_WRI Aqueduct 물 스트레스 지수.xlsx,1.1_observation(측정값),1133,
B-017,WRI Aqueduct 물 스트레스 지수,observation,vnm-v121-b-017-obs-1134-8a74317c3f2ac63d,B-017_bws_prov_bau_2050_s_n_la,VNM,2050,0.5741,점,,,,,,[전망치] · 등급 0 · Low (<10%),WRI Aqueduct 4.0,https://files.wri.org/aqueduct/aqueduct-4-0-country-rankings.zip,CC-BY-4.0,B-017_WRI Aqueduct 물 스트레스 지수.xlsx,1.1_observation(측정값),1134,
B-017,WRI Aqueduct 물 스트레스 지수,observation,vnm-v121-b-017-obs-1135-3ff8f00548f3e0cb,B-017_bws_prov_bau_2050_thanh_ha3a,VNM,2050,3.4424,점,,,,,,[전망치] · 등급 3 · High (40-80%),WRI Aqueduct 4.0,https://files.wri.org/aqueduct/aqueduct-4-0-country-rankings.zip,CC-BY-4.0,B-017_WRI Aqueduct 물 스트레스 지수.xlsx,1.1_observation(측정값),1135,
B-017,WRI Aqueduct 물 스트레스 지수,observation,vnm-v121-b-017-obs-1136-056e4ad8d9c654be,B-017_bws_prov_bau_2050_tha_i_ba_nh,VNM,2050,1.8934,점,,,,,,[전망치] · 등급 1 · Low - Medium (10-20%),WRI Aqueduct 4.0,https://files.wri.org/aqueduct/aqueduct-4-0-country-rankings.zip,CC-BY-4.0,B-017_WRI Aqueduct 물 스트레스 지수.xlsx,1.1_observation(측정값),1136,
B-017,WRI Aqueduct 물 스트레스 지수,observation,vnm-v121-b-017-obs-1137-ec32d36b72505a11,B-017_bws_prov_bau_2050_tha_i_nguyaan,VNM,2050,3.0538,점,,,,,,[전망치] · 등급 3 · High (40-80%),WRI Aqueduct 4.0,https://files.wri.org/aqueduct/aqueduct-4-0-country-rankings.zip,CC-BY-4.0,B-017_WRI Aqueduct 물 스트레스 지수.xlsx,1.1_observation(측정값),1137,
B-017,WRI Aqueduct 물 스트레스 지수,observation,vnm-v121-b-017-obs-1138-87dcae3c24f2409c,B-017_bws_prov_bau_2050_tha_a_thiaan_huao,VNM,2050,2.3512,점,,,,,,[전망치] · 등급 2 · Medium - High (20-40%),WRI Aqueduct 4.0,https://files.wri.org/aqueduct/aqueduct-4-0-country-rankings.zip,CC-BY-4.0,B-017_WRI Aqueduct 물 스트레스 지수.xlsx,1.1_observation(측정값),1138,
B-017,WRI Aqueduct 물 스트레스 지수,observation,vnm-v121-b-017-obs-1139-747ad9ffda3cec10,B-017_bws_prov_bau_2050_tia_n_giang,VNM,2050,2.6797,점,,,,,,[전망치] · 등급 2 · Medium - High (20-40%),WRI Aqueduct 4.0,https://files.wri.org/aqueduct/aqueduct-4-0-country-rankings.zip,CC-BY-4.0,B-017_WRI Aqueduct 물 스트레스 지수.xlsx,1.1_observation(측정값),1139,
B-017,WRI Aqueduct 물 스트레스 지수,observation,vnm-v121-b-017-obs-1140-276ca50d5beda574,B-017_bws_prov_bau_2050_tra_vinh,VNM,2050,1.7582,점,,,,,,[전망치] · 등급 1 · Low - Medium (10-20%),WRI Aqueduct 4.0,https://files.wri.org/aqueduct/aqueduct-4-0-country-rankings.zip,CC-BY-4.0,B-017_WRI Aqueduct 물 스트레스 지수.xlsx,1.1_observation(측정값),1140,
B-017,WRI Aqueduct 물 스트레스 지수,observation,vnm-v121-b-017-obs-1141-1d0dbaa74fd14c14,B-017_bws_prov_bau_2050_tuyaan_quang,VNM,2050,0.5585,점,,,,,,[전망치] · 등급 0 · Low (<10%),WRI Aqueduct 4.0,https://files.wri.org/aqueduct/aqueduct-4-0-country-rankings.zip,CC-BY-4.0,B-017_WRI Aqueduct 물 스트레스 지수.xlsx,1.1_observation(측정값),1141,
B-017,WRI Aqueduct 물 스트레스 지수,observation,vnm-v121-b-017-obs-1142-b7bbd6474407a15f,B-017_bws_prov_bau_2050_ta_y_ninh,VNM,2050,4.075,점,,,,,,[전망치] · 등급 4 · Extremely High (>80%),WRI Aqueduct 4.0,https://files.wri.org/aqueduct/aqueduct-4-0-country-rankings.zip,CC-BY-4.0,B-017_WRI Aqueduct 물 스트레스 지수.xlsx,1.1_observation(측정값),1142,
B-017,WRI Aqueduct 물 스트레스 지수,observation,vnm-v121-b-017-obs-1143-f9ddae9121832694,B-017_bws_prov_bau_2050_va_nh_long,VNM,2050,1.7582,점,,,,,,[전망치] · 등급 1 · Low - Medium (10-20%),WRI Aqueduct 4.0,https://files.wri.org/aqueduct/aqueduct-4-0-country-rankings.zip,CC-BY-4.0,B-017_WRI Aqueduct 물 스트레스 지수.xlsx,1.1_observation(측정값),1143,
B-017,WRI Aqueduct 물 스트레스 지수,observation,vnm-v121-b-017-obs-1144-19a18bd18e56b561,B-017_bws_prov_bau_2050_va_nh_phaoc,VNM,2050,1.8906,점,,,,,,[전망치] · 등급 1 · Low - Medium (10-20%),WRI Aqueduct 4.0,https://files.wri.org/aqueduct/aqueduct-4-0-country-rankings.zip,CC-BY-4.0,B-017_WRI Aqueduct 물 스트레스 지수.xlsx,1.1_observation(측정값),1144,
B-017,WRI Aqueduct 물 스트레스 지수,observation,vnm-v121-b-017-obs-1145-0ac21cf81afb244c,B-017_bws_prov_bau_2050_yaan_ba_i,VNM,2050,1.3706,점,,,,,,[전망치] · 등급 1 · Low - Medium (10-20%),WRI Aqueduct 4.0,https://files.wri.org/aqueduct/aqueduct-4-0-country-rankings.zip,CC-BY-4.0,B-017_WRI Aqueduct 물 스트레스 지수.xlsx,1.1_observation(측정값),1145,
B-017,WRI Aqueduct 물 스트레스 지수,observation,vnm-v121-b-017-obs-1146-11784f43fd7b8553,B-017_bws_prov_bau_2050_a_ia_n_biaan,VNM,2050,0.9834,점,,,,,,[전망치] · 등급 0 · Low (<10%),WRI Aqueduct 4.0,https://files.wri.org/aqueduct/aqueduct-4-0-country-rankings.zip,CC-BY-4.0,B-017_WRI Aqueduct 물 스트레스 지수.xlsx,1.1_observation(측정값),1146,
B-017,WRI Aqueduct 물 스트레스 지수,observation,vnm-v121-b-017-obs-1147-2eb6022bb29fa744,B-017_bws_prov_bau_2050_a_a_nao_ng,VNM,2050,2.3671,점,,,,,,[전망치] · 등급 2 · Medium - High (20-40%),WRI Aqueduct 4.0,https://files.wri.org/aqueduct/aqueduct-4-0-country-rankings.zip,CC-BY-4.0,B-017_WRI Aqueduct 물 스트레스 지수.xlsx,1.1_observation(측정값),1147,
B-017,WRI Aqueduct 물 스트레스 지수,observation,vnm-v121-b-017-obs-1148-d3660429c002a598,B-017_bws_prov_bau_2050_a_ao_k_lao_k,VNM,2050,0.1471,점,,,,,,[전망치] · 등급 0 · Low (<10%),WRI Aqueduct 4.0,https://files.wri.org/aqueduct/aqueduct-4-0-country-rankings.zip,CC-BY-4.0,B-017_WRI Aqueduct 물 스트레스 지수.xlsx,1.1_observation(측정값),1148,
B-017,WRI Aqueduct 물 스트레스 지수,observation,vnm-v121-b-017-obs-1149-31e67b8b6f1d52c3,B-017_bws_prov_bau_2050_a_ao_k_na_ng,VNM,2050,0.3765,점,,,,,,[전망치] · 등급 0 · Low (<10%),WRI Aqueduct 4.0,https://files.wri.org/aqueduct/aqueduct-4-0-country-rankings.zip,CC-BY-4.0,B-017_WRI Aqueduct 물 스트레스 지수.xlsx,1.1_observation(측정값),1149,
B-017,WRI Aqueduct 물 스트레스 지수,observation,vnm-v121-b-017-obs-1150-ab1a71dfb4d3f705,B-017_bws_prov_bau_2050_a_a_ng_nai,VNM,2050,2.1224,점,,,,,,[전망치] · 등급 2 · Medium - High (20-40%),WRI Aqueduct 4.0,https://files.wri.org/aqueduct/aqueduct-4-0-country-rankings.zip,CC-BY-4.0,B-017_WRI Aqueduct 물 스트레스 지수.xlsx,1.1_observation(측정값),1150,
B-017,WRI Aqueduct 물 스트레스 지수,observation,vnm-v121-b-017-obs-1151-0bb7565120684db5,B-017_bws_prov_bau_2050_a_a_ng_tha_p,VNM,2050,2.475,점,,,,,,[전망치] · 등급 2 · Medium - High (20-40%),WRI Aqueduct 4.0,https://files.wri.org/aqueduct/aqueduct-4-0-country-rankings.zip,CC-BY-4.0,B-017_WRI Aqueduct 물 스트레스 지수.xlsx,1.1_observation(측정값),1151,
B-017,WRI Aqueduct 물 스트레스 지수,observation,vnm-v121-b-017-obs-1152-3303ca703558231f,B-017_bws_prov_bau_2080_an_giang,VNM,2080,1.6614,점,,,,,,[전망치] · 등급 1 · Low - Medium (10-20%),WRI Aqueduct 4.0,https://files.wri.org/aqueduct/aqueduct-4-0-country-rankings.zip,CC-BY-4.0,B-017_WRI Aqueduct 물 스트레스 지수.xlsx,1.1_observation(측정값),1152,
B-017,WRI Aqueduct 물 스트레스 지수,observation,vnm-v121-b-017-obs-1153-7d3405a1f6f78db4,B-017_bws_prov_bau_2080_ba_ra_a_va_ng_ta_u,VNM,2080,1.6762,점,,,,,,[전망치] · 등급 1 · Low - Medium (10-20%),WRI Aqueduct 4.0,https://files.wri.org/aqueduct/aqueduct-4-0-country-rankings.zip,CC-BY-4.0,B-017_WRI Aqueduct 물 스트레스 지수.xlsx,1.1_observation(측정값),1153,
B-017,WRI Aqueduct 물 스트레스 지수,observation,vnm-v121-b-017-obs-1154-2fc6d2ee3a3058d0,B-017_bws_prov_bau_2080_ba_nh_d_ng,VNM,2080,2.291,점,,,,,,[전망치] · 등급 2 · Medium - High (20-40%),WRI Aqueduct 4.0,https://files.wri.org/aqueduct/aqueduct-4-0-country-rankings.zip,CC-BY-4.0,B-017_WRI Aqueduct 물 스트레스 지수.xlsx,1.1_observation(측정값),1154,
B-017,WRI Aqueduct 물 스트레스 지수,observation,vnm-v121-b-017-obs-1155-5c61e458cd64f06d,B-017_bws_prov_bau_2080_ba_nh_ph_a_c,VNM,2080,2.2001,점,,,,,,[전망치] · 등급 2 · Medium - High (20-40%),WRI Aqueduct 4.0,https://files.wri.org/aqueduct/aqueduct-4-0-country-rankings.zip,CC-BY-4.0,B-017_WRI Aqueduct 물 스트레스 지수.xlsx,1.1_observation(측정값),1155,
B-017,WRI Aqueduct 물 스트레스 지수,observation,vnm-v121-b-017-obs-1156-4e06ffc3164716da,B-017_bws_prov_bau_2080_ba_nh_thuao_n,VNM,2080,1.7678,점,,,,,,[전망치] · 등급 1 · Low - Medium (10-20%),WRI Aqueduct 4.0,https://files.wri.org/aqueduct/aqueduct-4-0-country-rankings.zip,CC-BY-4.0,B-017_WRI Aqueduct 물 스트레스 지수.xlsx,1.1_observation(측정값),1156,
B-017,WRI Aqueduct 물 스트레스 지수,observation,vnm-v121-b-017-obs-1157-a088246a0a32ff20,B-017_bws_prov_bau_2080_ba_nh_a_a_nh,VNM,2080,2.8188,점,,,,,,[전망치] · 등급 2 · Medium - High (20-40%),WRI Aqueduct 4.0,https://files.wri.org/aqueduct/aqueduct-4-0-country-rankings.zip,CC-BY-4.0,B-017_WRI Aqueduct 물 스트레스 지수.xlsx,1.1_observation(측정값),1157,
B-017,WRI Aqueduct 물 스트레스 지수,observation,vnm-v121-b-017-obs-1158-945ae1e5c078c19a,B-017_bws_prov_bau_2080_bao_c_liaau,VNM,2080,1.6614,점,,,,,,[전망치] · 등급 1 · Low - Medium (10-20%),WRI Aqueduct 4.0,https://files.wri.org/aqueduct/aqueduct-4-0-country-rankings.zip,CC-BY-4.0,B-017_WRI Aqueduct 물 스트레스 지수.xlsx,1.1_observation(측정값),1158,
B-017,WRI Aqueduct 물 스트레스 지수,observation,vnm-v121-b-017-obs-1159-c1669f022b31296d,B-017_bws_prov_bau_2080_bao_c_giang,VNM,2080,3.0403,점,,,,,,[전망치] · 등급 3 · High (40-80%),WRI Aqueduct 4.0,https://files.wri.org/aqueduct/aqueduct-4-0-country-rankings.zip,CC-BY-4.0,B-017_WRI Aqueduct 물 스트레스 지수.xlsx,1.1_observation(측정값),1159,
B-017,WRI Aqueduct 물 스트레스 지수,observation,vnm-v121-b-017-obs-1160-48fc882ac7230cd8,B-017_bws_prov_bau_2080_bao_c_kao_n,VNM,2080,1.91,점,,,,,,[전망치] · 등급 1 · Low - Medium (10-20%),WRI Aqueduct 4.0,https://files.wri.org/aqueduct/aqueduct-4-0-country-rankings.zip,CC-BY-4.0,B-017_WRI Aqueduct 물 스트레스 지수.xlsx,1.1_observation(측정값),1160,
B-017,WRI Aqueduct 물 스트레스 지수,observation,vnm-v121-b-017-obs-1161-ac70dae478f81735,B-017_bws_prov_bau_2080_bao_c_ninh,VNM,2080,3.0403,점,,,,,,[전망치] · 등급 3 · High (40-80%),WRI Aqueduct 4.0,https://files.wri.org/aqueduct/aqueduct-4-0-country-rankings.zip,CC-BY-4.0,B-017_WRI Aqueduct 물 스트레스 지수.xlsx,1.1_observation(측정값),1161,
B-017,WRI Aqueduct 물 스트레스 지수,observation,vnm-v121-b-017-obs-1162-5648a114cec24b5f,B-017_bws_prov_bau_2080_bao_n_tre,VNM,2080,1.6614,점,,,,,,[전망치] · 등급 1 · Low - Medium (10-20%),WRI Aqueduct 4.0,https://files.wri.org/aqueduct/aqueduct-4-0-country-rankings.zip,CC-BY-4.0,B-017_WRI Aqueduct 물 스트레스 지수.xlsx,1.1_observation(측정값),1162,
B-017,WRI Aqueduct 물 스트레스 지수,observation,vnm-v121-b-017-obs-1163-e42559f999d8cb69,B-017_bws_prov_bau_2080_cao_bao_ng,VNM,2080,0.9815,점,,,,,,[전망치] · 등급 0 · Low (<10%),WRI Aqueduct 4.0,https://files.wri.org/aqueduct/aqueduct-4-0-country-rankings.zip,CC-BY-4.0,B-017_WRI Aqueduct 물 스트레스 지수.xlsx,1.1_observation(측정값),1163,
B-017,WRI Aqueduct 물 스트레스 지수,observation,vnm-v121-b-017-obs-1164-33b432dc70a33806,B-017_bws_prov_bau_2080_ca_mau,VNM,2080,1.6614,점,,,,,,[전망치] · 등급 1 · Low - Medium (10-20%),WRI Aqueduct 4.0,https://files.wri.org/aqueduct/aqueduct-4-0-country-rankings.zip,CC-BY-4.0,B-017_WRI Aqueduct 물 스트레스 지수.xlsx,1.1_observation(측정값),1164,
B-017,WRI Aqueduct 물 스트레스 지수,observation,vnm-v121-b-017-obs-1165-96b867763d21a6de,B-017_bws_prov_bau_2080_cao_n_th,VNM,2080,1.6614,점,,,,,,[전망치] · 등급 1 · Low - Medium (10-20%),WRI Aqueduct 4.0,https://files.wri.org/aqueduct/aqueduct-4-0-country-rankings.zip,CC-BY-4.0,B-017_WRI Aqueduct 물 스트레스 지수.xlsx,1.1_observation(측정값),1165,
B-017,WRI Aqueduct 물 스트레스 지수,observation,vnm-v121-b-017-obs-1166-17d94dc8a942ba0d,B-017_bws_prov_bau_2080_gia_lai,VNM,2080,1.5114,점,,,,,,[전망치] · 등급 1 · Low - Medium (10-20%),WRI Aqueduct 4.0,https://files.wri.org/aqueduct/aqueduct-4-0-country-rankings.zip,CC-BY-4.0,B-017_WRI Aqueduct 물 스트레스 지수.xlsx,1.1_observation(측정값),1166,
B-017,WRI Aqueduct 물 스트레스 지수,observation,vnm-v121-b-017-obs-1167-7d82b028a0242f82,B-017_bws_prov_bau_2080_hoa_ba_nh,VNM,2080,1.2504,점,,,,,,[전망치] · 등급 1 · Low - Medium (10-20%),WRI Aqueduct 4.0,https://files.wri.org/aqueduct/aqueduct-4-0-country-rankings.zip,CC-BY-4.0,B-017_WRI Aqueduct 물 스트레스 지수.xlsx,1.1_observation(측정값),1167,
B-017,WRI Aqueduct 물 스트레스 지수,observation,vnm-v121-b-017-obs-1168-ae3e6e89340503a4,B-017_bws_prov_bau_2080_ha_giang,VNM,2080,0.5046,점,,,,,,[전망치] · 등급 0 · Low (<10%),WRI Aqueduct 4.0,https://files.wri.org/aqueduct/aqueduct-4-0-country-rankings.zip,CC-BY-4.0,B-017_WRI Aqueduct 물 스트레스 지수.xlsx,1.1_observation(측정값),1168,
B-017,WRI Aqueduct 물 스트레스 지수,observation,vnm-v121-b-017-obs-1169-92f32f2ad7ec18e9,B-017_bws_prov_bau_2080_ha_nam,VNM,2080,1.7486,점,,,,,,[전망치] · 등급 1 · Low - Medium (10-20%),WRI Aqueduct 4.0,https://files.wri.org/aqueduct/aqueduct-4-0-country-rankings.zip,CC-BY-4.0,B-017_WRI Aqueduct 물 스트레스 지수.xlsx,1.1_observation(측정값),1169,
B-017,WRI Aqueduct 물 스트레스 지수,observation,vnm-v121-b-017-obs-1170-a2458de7fa6a2bf5,B-017_bws_prov_bau_2080_ha_na_tmi,VNM,2080,1.9908,점,,,,,,[전망치] · 등급 1 · Low - Medium (10-20%),WRI Aqueduct 4.0,https://files.wri.org/aqueduct/aqueduct-4-0-country-rankings.zip,CC-BY-4.0,B-017_WRI Aqueduct 물 스트레스 지수.xlsx,1.1_observation(측정값),1170,
B-017,WRI Aqueduct 물 스트레스 지수,observation,vnm-v121-b-017-obs-1171-d478b7a64637430a,B-017_bws_prov_bau_2080_ha_ta_nh,VNM,2080,2.9245,점,,,,,,[전망치] · 등급 2 · Medium - High (20-40%),WRI Aqueduct 4.0,https://files.wri.org/aqueduct/aqueduct-4-0-country-rankings.zip,CC-BY-4.0,B-017_WRI Aqueduct 물 스트레스 지수.xlsx,1.1_observation(측정값),1171,
B-017,WRI Aqueduct 물 스트레스 지수,observation,vnm-v121-b-017-obs-1172-59d853a55faf6507,B-017_bws_prov_bau_2080_h_ng_yaan,VNM,2080,1.7486,점,,,,,,[전망치] · 등급 1 · Low - Medium (10-20%),WRI Aqueduct 4.0,https://files.wri.org/aqueduct/aqueduct-4-0-country-rankings.zip,CC-BY-4.0,B-017_WRI Aqueduct 물 스트레스 지수.xlsx,1.1_observation(측정값),1172,
B-017,WRI Aqueduct 물 스트레스 지수,observation,vnm-v121-b-017-obs-1173-1882428f52cac67c,B-017_bws_prov_bau_2080_hao_i_d_ng,VNM,2080,2.2042,점,,,,,,[전망치] · 등급 2 · Medium - High (20-40%),WRI Aqueduct 4.0,https://files.wri.org/aqueduct/aqueduct-4-0-country-rankings.zip,CC-BY-4.0,B-017_WRI Aqueduct 물 스트레스 지수.xlsx,1.1_observation(측정값),1173,
B-017,WRI Aqueduct 물 스트레스 지수,observation,vnm-v121-b-017-obs-1174-6501aed2ed6060ed,B-017_bws_prov_bau_2080_hao_i_pha2ng,VNM,2080,2.0446,점,,,,,,[전망치] · 등급 2 · Medium - High (20-40%),WRI Aqueduct 4.0,https://files.wri.org/aqueduct/aqueduct-4-0-country-rankings.zip,CC-BY-4.0,B-017_WRI Aqueduct 물 스트레스 지수.xlsx,1.1_observation(측정값),1174,
B-017,WRI Aqueduct 물 스트레스 지수,observation,vnm-v121-b-017-obs-1175-4844eb8c05b42f1c,B-017_bws_prov_bau_2080_hao_u_giang,VNM,2080,1.6614,점,,,,,,[전망치] · 등급 1 · Low - Medium (10-20%),WRI Aqueduct 4.0,https://files.wri.org/aqueduct/aqueduct-4-0-country-rankings.zip,CC-BY-4.0,B-017_WRI Aqueduct 물 스트레스 지수.xlsx,1.1_observation(측정값),1175,
B-017,WRI Aqueduct 물 스트레스 지수,observation,vnm-v121-b-017-obs-1176-4b042cc899d05612,B-017_bws_prov_bau_2080_ha_cha_minh,VNM,2080,2.2719,점,,,,,,[전망치] · 등급 2 · Medium - High (20-40%),WRI Aqueduct 4.0,https://files.wri.org/aqueduct/aqueduct-4-0-country-rankings.zip,CC-BY-4.0,B-017_WRI Aqueduct 물 스트레스 지수.xlsx,1.1_observation(측정값),1176,
B-017,WRI Aqueduct 물 스트레스 지수,observation,vnm-v121-b-017-obs-1177-92d3598e437f2274,B-017_bws_prov_bau_2080_kha_nh_ha2a,VNM,2080,1.6762,점,,,,,,[전망치] · 등급 1 · Low - Medium (10-20%),WRI Aqueduct 4.0,https://files.wri.org/aqueduct/aqueduct-4-0-country-rankings.zip,CC-BY-4.0,B-017_WRI Aqueduct 물 스트레스 지수.xlsx,1.1_observation(측정값),1177,
B-017,WRI Aqueduct 물 스트레스 지수,observation,vnm-v121-b-017-obs-1178-b1f1bb242c45e90e,B-017_bws_prov_bau_2080_kiaan_giang,VNM,2080,1.6612,점,,,,,,[전망치] · 등급 1 · Low - Medium (10-20%),WRI Aqueduct 4.0,https://files.wri.org/aqueduct/aqueduct-4-0-country-rankings.zip,CC-BY-4.0,B-017_WRI Aqueduct 물 스트레스 지수.xlsx,1.1_observation(측정값),1178,
B-017,WRI Aqueduct 물 스트레스 지수,observation,vnm-v121-b-017-obs-1179-94616d2c61fc8616,B-017_bws_prov_bau_2080_kon_tum,VNM,2080,1.0927,점,,,,,,[전망치] · 등급 1 · Low - Medium (10-20%),WRI Aqueduct 4.0,https://files.wri.org/aqueduct/aqueduct-4-0-country-rankings.zip,CC-BY-4.0,B-017_WRI Aqueduct 물 스트레스 지수.xlsx,1.1_observation(측정값),1179,
B-017,WRI Aqueduct 물 스트레스 지수,observation,vnm-v121-b-017-obs-1180-3c1a7b37bf253759,B-017_bws_prov_bau_2080_lai_cha_u,VNM,2080,0.4724,점,,,,,,[전망치] · 등급 0 · Low (<10%),WRI Aqueduct 4.0,https://files.wri.org/aqueduct/aqueduct-4-0-country-rankings.zip,CC-BY-4.0,B-017_WRI Aqueduct 물 스트레스 지수.xlsx,1.1_observation(측정값),1180,
B-017,WRI Aqueduct 물 스트레스 지수,observation,vnm-v121-b-017-obs-1181-bb59be2b731ee5aa,B-017_bws_prov_bau_2080_long_an,VNM,2080,4.4095,점,,,,,,[전망치] · 등급 4 · Extremely High (>80%),WRI Aqueduct 4.0,https://files.wri.org/aqueduct/aqueduct-4-0-country-rankings.zip,CC-BY-4.0,B-017_WRI Aqueduct 물 스트레스 지수.xlsx,1.1_observation(측정값),1181,
B-017,WRI Aqueduct 물 스트레스 지수,observation,vnm-v121-b-017-obs-1182-2387f398869d557c,B-017_bws_prov_bau_2080_la_o_cai,VNM,2080,1.5365,점,,,,,,[전망치] · 등급 1 · Low - Medium (10-20%),WRI Aqueduct 4.0,https://files.wri.org/aqueduct/aqueduct-4-0-country-rankings.zip,CC-BY-4.0,B-017_WRI Aqueduct 물 스트레스 지수.xlsx,1.1_observation(측정값),1182,
B-017,WRI Aqueduct 물 스트레스 지수,observation,vnm-v121-b-017-obs-1183-b32617533417f043,B-017_bws_prov_bau_2080_la_m_a_a_ng,VNM,2080,2.2634,점,,,,,,[전망치] · 등급 2 · Medium - High (20-40%),WRI Aqueduct 4.0,https://files.wri.org/aqueduct/aqueduct-4-0-country-rankings.zip,CC-BY-4.0,B-017_WRI Aqueduct 물 스트레스 지수.xlsx,1.1_observation(측정값),1183,
B-017,WRI Aqueduct 물 스트레스 지수,observation,vnm-v121-b-017-obs-1184-52a01343891e72ea,B-017_bws_prov_bau_2080_lao_ng_s_n,VNM,2080,2.3469,점,,,,,,[전망치] · 등급 2 · Medium - High (20-40%),WRI Aqueduct 4.0,https://files.wri.org/aqueduct/aqueduct-4-0-country-rankings.zip,CC-BY-4.0,B-017_WRI Aqueduct 물 스트레스 지수.xlsx,1.1_observation(측정값),1184,
B-017,WRI Aqueduct 물 스트레스 지수,observation,vnm-v121-b-017-obs-1185-4b89310af8b0bee8,B-017_bws_prov_bau_2080_nam_a_a_nh,VNM,2080,1.7486,점,,,,,,[전망치] · 등급 1 · Low - Medium (10-20%),WRI Aqueduct 4.0,https://files.wri.org/aqueduct/aqueduct-4-0-country-rankings.zip,CC-BY-4.0,B-017_WRI Aqueduct 물 스트레스 지수.xlsx,1.1_observation(측정값),1185,
B-017,WRI Aqueduct 물 스트레스 지수,observation,vnm-v121-b-017-obs-1186-5ba2bf7cdf9bc38c,B-017_bws_prov_bau_2080_ngha_an,VNM,2080,3.8434,점,,,,,,[전망치] · 등급 3 · High (40-80%),WRI Aqueduct 4.0,https://files.wri.org/aqueduct/aqueduct-4-0-country-rankings.zip,CC-BY-4.0,B-017_WRI Aqueduct 물 스트레스 지수.xlsx,1.1_observation(측정값),1186,
B-017,WRI Aqueduct 물 스트레스 지수,observation,vnm-v121-b-017-obs-1187-3f6f6bc01e1351d3,B-017_bws_prov_bau_2080_ninh_ba_nh,VNM,2080,1.7591,점,,,,,,[전망치] · 등급 1 · Low - Medium (10-20%),WRI Aqueduct 4.0,https://files.wri.org/aqueduct/aqueduct-4-0-country-rankings.zip,CC-BY-4.0,B-017_WRI Aqueduct 물 스트레스 지수.xlsx,1.1_observation(측정값),1187,
B-017,WRI Aqueduct 물 스트레스 지수,observation,vnm-v121-b-017-obs-1188-2966e6fe2de6b407,B-017_bws_prov_bau_2080_ninh_thuao_n,VNM,2080,1.6762,점,,,,,,[전망치] · 등급 1 · Low - Medium (10-20%),WRI Aqueduct 4.0,https://files.wri.org/aqueduct/aqueduct-4-0-country-rankings.zip,CC-BY-4.0,B-017_WRI Aqueduct 물 스트레스 지수.xlsx,1.1_observation(측정값),1188,
B-017,WRI Aqueduct 물 스트레스 지수,observation,vnm-v121-b-017-obs-1189-297aa76d060ef7f2,B-017_bws_prov_bau_2080_phao_tha,VNM,2080,0.898,점,,,,,,[전망치] · 등급 0 · Low (<10%),WRI Aqueduct 4.0,https://files.wri.org/aqueduct/aqueduct-4-0-country-rankings.zip,CC-BY-4.0,B-017_WRI Aqueduct 물 스트레스 지수.xlsx,1.1_observation(측정값),1189,
B-017,WRI Aqueduct 물 스트레스 지수,observation,vnm-v121-b-017-obs-1190-247c21348dac1a7d,B-017_bws_prov_bau_2080_phao_yaan,VNM,2080,2.4062,점,,,,,,[전망치] · 등급 2 · Medium - High (20-40%),WRI Aqueduct 4.0,https://files.wri.org/aqueduct/aqueduct-4-0-country-rankings.zip,CC-BY-4.0,B-017_WRI Aqueduct 물 스트레스 지수.xlsx,1.1_observation(측정값),1190,
B-017,WRI Aqueduct 물 스트레스 지수,observation,vnm-v121-b-017-obs-1191-8dc96f07ad9e7f88,B-017_bws_prov_bau_2080_quao_ng_ba_nh,VNM,2080,2.4119,점,,,,,,[전망치] · 등급 2 · Medium - High (20-40%),WRI Aqueduct 4.0,https://files.wri.org/aqueduct/aqueduct-4-0-country-rankings.zip,CC-BY-4.0,B-017_WRI Aqueduct 물 스트레스 지수.xlsx,1.1_observation(측정값),1191,
B-017,WRI Aqueduct 물 스트레스 지수,observation,vnm-v121-b-017-obs-1192-5c5f14ec2aa4ec7f,B-017_bws_prov_bau_2080_quao_ng_nam,VNM,2080,1.8844,점,,,,,,[전망치] · 등급 1 · Low - Medium (10-20%),WRI Aqueduct 4.0,https://files.wri.org/aqueduct/aqueduct-4-0-country-rankings.zip,CC-BY-4.0,B-017_WRI Aqueduct 물 스트레스 지수.xlsx,1.1_observation(측정값),1192,
B-017,WRI Aqueduct 물 스트레스 지수,observation,vnm-v121-b-017-obs-1193-ff8786c163c4e684,B-017_bws_prov_bau_2080_quao_ng_nga_i,VNM,2080,2.4365,점,,,,,,[전망치] · 등급 2 · Medium - High (20-40%),WRI Aqueduct 4.0,https://files.wri.org/aqueduct/aqueduct-4-0-country-rankings.zip,CC-BY-4.0,B-017_WRI Aqueduct 물 스트레스 지수.xlsx,1.1_observation(측정값),1193,
B-017,WRI Aqueduct 물 스트레스 지수,observation,vnm-v121-b-017-obs-1194-d46d7ac21be421d4,B-017_bws_prov_bau_2080_quao_ng_ninh,VNM,2080,1.8497,점,,,,,,[전망치] · 등급 1 · Low - Medium (10-20%),WRI Aqueduct 4.0,https://files.wri.org/aqueduct/aqueduct-4-0-country-rankings.zip,CC-BY-4.0,B-017_WRI Aqueduct 물 스트레스 지수.xlsx,1.1_observation(측정값),1194,
B-017,WRI Aqueduct 물 스트레스 지수,observation,vnm-v121-b-017-obs-1195-5e539bef559aae42,B-017_bws_prov_bau_2080_quao_ng_tra,VNM,2080,2.4007,점,,,,,,[전망치] · 등급 2 · Medium - High (20-40%),WRI Aqueduct 4.0,https://files.wri.org/aqueduct/aqueduct-4-0-country-rankings.zip,CC-BY-4.0,B-017_WRI Aqueduct 물 스트레스 지수.xlsx,1.1_observation(측정값),1195,
B-017,WRI Aqueduct 물 스트레스 지수,observation,vnm-v121-b-017-obs-1196-f5760ca8e5182b23,B-017_bws_prov_bau_2080_sa3c_tra_ng,VNM,2080,1.6614,점,,,,,,[전망치] · 등급 1 · Low - Medium (10-20%),WRI Aqueduct 4.0,https://files.wri.org/aqueduct/aqueduct-4-0-country-rankings.zip,CC-BY-4.0,B-017_WRI Aqueduct 물 스트레스 지수.xlsx,1.1_observation(측정값),1196,
B-017,WRI Aqueduct 물 스트레스 지수,observation,vnm-v121-b-017-obs-1197-f9f32ecb6c3fdf58,B-017_bws_prov_bau_2080_s_n_la,VNM,2080,0.5502,점,,,,,,[전망치] · 등급 0 · Low (<10%),WRI Aqueduct 4.0,https://files.wri.org/aqueduct/aqueduct-4-0-country-rankings.zip,CC-BY-4.0,B-017_WRI Aqueduct 물 스트레스 지수.xlsx,1.1_observation(측정값),1197,
B-017,WRI Aqueduct 물 스트레스 지수,observation,vnm-v121-b-017-obs-1198-c1f2c9e4c70cf94e,B-017_bws_prov_bau_2080_thanh_ha3a,VNM,2080,3.3163,점,,,,,,[전망치] · 등급 3 · High (40-80%),WRI Aqueduct 4.0,https://files.wri.org/aqueduct/aqueduct-4-0-country-rankings.zip,CC-BY-4.0,B-017_WRI Aqueduct 물 스트레스 지수.xlsx,1.1_observation(측정값),1198,
B-017,WRI Aqueduct 물 스트레스 지수,observation,vnm-v121-b-017-obs-1199-dde5f7e788c78490,B-017_bws_prov_bau_2080_tha_i_ba_nh,VNM,2080,1.7486,점,,,,,,[전망치] · 등급 1 · Low - Medium (10-20%),WRI Aqueduct 4.0,https://files.wri.org/aqueduct/aqueduct-4-0-country-rankings.zip,CC-BY-4.0,B-017_WRI Aqueduct 물 스트레스 지수.xlsx,1.1_observation(측정값),1199,
B-017,WRI Aqueduct 물 스트레스 지수,observation,vnm-v121-b-017-obs-1200-4bc85f3d863b79af,B-017_bws_prov_bau_2080_tha_i_nguyaan,VNM,2080,3.0403,점,,,,,,[전망치] · 등급 3 · High (40-80%),WRI Aqueduct 4.0,https://files.wri.org/aqueduct/aqueduct-4-0-country-rankings.zip,CC-BY-4.0,B-017_WRI Aqueduct 물 스트레스 지수.xlsx,1.1_observation(측정값),1200,
B-017,WRI Aqueduct 물 스트레스 지수,observation,vnm-v121-b-017-obs-1201-5ba37c367fc58faa,B-017_bws_prov_bau_2080_tha_a_thiaan_huao,VNM,2080,2.3891,점,,,,,,[전망치] · 등급 2 · Medium - High (20-40%),WRI Aqueduct 4.0,https://files.wri.org/aqueduct/aqueduct-4-0-country-rankings.zip,CC-BY-4.0,B-017_WRI Aqueduct 물 스트레스 지수.xlsx,1.1_observation(측정값),1201,
B-017,WRI Aqueduct 물 스트레스 지수,observation,vnm-v121-b-017-obs-1202-bdbde64b372760c3,B-017_bws_prov_bau_2080_tia_n_giang,VNM,2080,2.6572,점,,,,,,[전망치] · 등급 2 · Medium - High (20-40%),WRI Aqueduct 4.0,https://files.wri.org/aqueduct/aqueduct-4-0-country-rankings.zip,CC-BY-4.0,B-017_WRI Aqueduct 물 스트레스 지수.xlsx,1.1_observation(측정값),1202,
B-017,WRI Aqueduct 물 스트레스 지수,observation,vnm-v121-b-017-obs-1203-b73e690e793307c1,B-017_bws_prov_bau_2080_tra_vinh,VNM,2080,1.6614,점,,,,,,[전망치] · 등급 1 · Low - Medium (10-20%),WRI Aqueduct 4.0,https://files.wri.org/aqueduct/aqueduct-4-0-country-rankings.zip,CC-BY-4.0,B-017_WRI Aqueduct 물 스트레스 지수.xlsx,1.1_observation(측정값),1203,
B-017,WRI Aqueduct 물 스트레스 지수,observation,vnm-v121-b-017-obs-1204-3f48984e7d9d37e0,B-017_bws_prov_bau_2080_tuyaan_quang,VNM,2080,0.5342,점,,,,,,[전망치] · 등급 0 · Low (<10%),WRI Aqueduct 4.0,https://files.wri.org/aqueduct/aqueduct-4-0-country-rankings.zip,CC-BY-4.0,B-017_WRI Aqueduct 물 스트레스 지수.xlsx,1.1_observation(측정값),1204,
B-017,WRI Aqueduct 물 스트레스 지수,observation,vnm-v121-b-017-obs-1205-89cbf9d452612f43,B-017_bws_prov_bau_2080_ta_y_ninh,VNM,2080,4.0945,점,,,,,,[전망치] · 등급 4 · Extremely High (>80%),WRI Aqueduct 4.0,https://files.wri.org/aqueduct/aqueduct-4-0-country-rankings.zip,CC-BY-4.0,B-017_WRI Aqueduct 물 스트레스 지수.xlsx,1.1_observation(측정값),1205,
B-017,WRI Aqueduct 물 스트레스 지수,observation,vnm-v121-b-017-obs-1206-e7af5cc03dff39d7,B-017_bws_prov_bau_2080_va_nh_long,VNM,2080,1.6614,점,,,,,,[전망치] · 등급 1 · Low - Medium (10-20%),WRI Aqueduct 4.0,https://files.wri.org/aqueduct/aqueduct-4-0-country-rankings.zip,CC-BY-4.0,B-017_WRI Aqueduct 물 스트레스 지수.xlsx,1.1_observation(측정값),1206,
B-017,WRI Aqueduct 물 스트레스 지수,observation,vnm-v121-b-017-obs-1207-d882d22fb1cfbc61,B-017_bws_prov_bau_2080_va_nh_phaoc,VNM,2080,1.7653,점,,,,,,[전망치] · 등급 1 · Low - Medium (10-20%),WRI Aqueduct 4.0,https://files.wri.org/aqueduct/aqueduct-4-0-country-rankings.zip,CC-BY-4.0,B-017_WRI Aqueduct 물 스트레스 지수.xlsx,1.1_observation(측정값),1207,
B-017,WRI Aqueduct 물 스트레스 지수,observation,vnm-v121-b-017-obs-1208-3dfff197dcdd8cab,B-017_bws_prov_bau_2080_yaan_ba_i,VNM,2080,1.3561,점,,,,,,[전망치] · 등급 1 · Low - Medium (10-20%),WRI Aqueduct 4.0,https://files.wri.org/aqueduct/aqueduct-4-0-country-rankings.zip,CC-BY-4.0,B-017_WRI Aqueduct 물 스트레스 지수.xlsx,1.1_observation(측정값),1208,
B-017,WRI Aqueduct 물 스트레스 지수,observation,vnm-v121-b-017-obs-1209-616a3192520d0459,B-017_bws_prov_bau_2080_a_ia_n_biaan,VNM,2080,0.8822,점,,,,,,[전망치] · 등급 0 · Low (<10%),WRI Aqueduct 4.0,https://files.wri.org/aqueduct/aqueduct-4-0-country-rankings.zip,CC-BY-4.0,B-017_WRI Aqueduct 물 스트레스 지수.xlsx,1.1_observation(측정값),1209,
B-017,WRI Aqueduct 물 스트레스 지수,observation,vnm-v121-b-017-obs-1210-eb29e4ff7ee7dd40,B-017_bws_prov_bau_2080_a_a_nao_ng,VNM,2080,2.4073,점,,,,,,[전망치] · 등급 2 · Medium - High (20-40%),WRI Aqueduct 4.0,https://files.wri.org/aqueduct/aqueduct-4-0-country-rankings.zip,CC-BY-4.0,B-017_WRI Aqueduct 물 스트레스 지수.xlsx,1.1_observation(측정값),1210,
B-017,WRI Aqueduct 물 스트레스 지수,observation,vnm-v121-b-017-obs-1211-2362dfa2b3971b18,B-017_bws_prov_bau_2080_a_ao_k_lao_k,VNM,2080,0.1794,점,,,,,,[전망치] · 등급 0 · Low (<10%),WRI Aqueduct 4.0,https://files.wri.org/aqueduct/aqueduct-4-0-country-rankings.zip,CC-BY-4.0,B-017_WRI Aqueduct 물 스트레스 지수.xlsx,1.1_observation(측정값),1211,
B-017,WRI Aqueduct 물 스트레스 지수,observation,vnm-v121-b-017-obs-1212-e3afd7b963351f9f,B-017_bws_prov_bau_2080_a_ao_k_na_ng,VNM,2080,0.459,점,,,,,,[전망치] · 등급 0 · Low (<10%),WRI Aqueduct 4.0,https://files.wri.org/aqueduct/aqueduct-4-0-country-rankings.zip,CC-BY-4.0,B-017_WRI Aqueduct 물 스트레스 지수.xlsx,1.1_observation(측정값),1212,
B-017,WRI Aqueduct 물 스트레스 지수,observation,vnm-v121-b-017-obs-1213-3dfa7342bfca8d7b,B-017_bws_prov_bau_2080_a_a_ng_nai,VNM,2080,2.1485,점,,,,,,[전망치] · 등급 2 · Medium - High (20-40%),WRI Aqueduct 4.0,https://files.wri.org/aqueduct/aqueduct-4-0-country-rankings.zip,CC-BY-4.0,B-017_WRI Aqueduct 물 스트레스 지수.xlsx,1.1_observation(측정값),1213,
B-017,WRI Aqueduct 물 스트레스 지수,observation,vnm-v121-b-017-obs-1214-0262c03ada6daeb7,B-017_bws_prov_bau_2080_a_a_ng_tha_p,VNM,2080,2.4118,점,,,,,,[전망치] · 등급 2 · Medium - High (20-40%),WRI Aqueduct 4.0,https://files.wri.org/aqueduct/aqueduct-4-0-country-rankings.zip,CC-BY-4.0,B-017_WRI Aqueduct 물 스트레스 지수.xlsx,1.1_observation(측정값),1214,
B-017,WRI Aqueduct 물 스트레스 지수,observation,vnm-v121-b-017-obs-1215-615fb7bcb938ddb0,B-017_bws_prov_opt_2030_an_giang,VNM,2030,1.6933,점,,,,,,[전망치] · 등급 1 · Low - Medium (10-20%),WRI Aqueduct 4.0,https://files.wri.org/aqueduct/aqueduct-4-0-country-rankings.zip,CC-BY-4.0,B-017_WRI Aqueduct 물 스트레스 지수.xlsx,1.1_observation(측정값),1215,
B-017,WRI Aqueduct 물 스트레스 지수,observation,vnm-v121-b-017-obs-1216-58922982ea268d89,B-017_bws_prov_opt_2030_ba_ra_a_va_ng_ta_u,VNM,2030,1.5002,점,,,,,,[전망치] · 등급 1 · Low - Medium (10-20%),WRI Aqueduct 4.0,https://files.wri.org/aqueduct/aqueduct-4-0-country-rankings.zip,CC-BY-4.0,B-017_WRI Aqueduct 물 스트레스 지수.xlsx,1.1_observation(측정값),1216,
B-017,WRI Aqueduct 물 스트레스 지수,observation,vnm-v121-b-017-obs-1217-c500c8b5507b97d1,B-017_bws_prov_opt_2030_ba_nh_d_ng,VNM,2030,1.9697,점,,,,,,[전망치] · 등급 1 · Low - Medium (10-20%),WRI Aqueduct 4.0,https://files.wri.org/aqueduct/aqueduct-4-0-country-rankings.zip,CC-BY-4.0,B-017_WRI Aqueduct 물 스트레스 지수.xlsx,1.1_observation(측정값),1217,
B-017,WRI Aqueduct 물 스트레스 지수,observation,vnm-v121-b-017-obs-1218-4c4bf4a727420e94,B-017_bws_prov_opt_2030_ba_nh_ph_a_c,VNM,2030,1.8962,점,,,,,,[전망치] · 등급 1 · Low - Medium (10-20%),WRI Aqueduct 4.0,https://files.wri.org/aqueduct/aqueduct-4-0-country-rankings.zip,CC-BY-4.0,B-017_WRI Aqueduct 물 스트레스 지수.xlsx,1.1_observation(측정값),1218,
B-017,WRI Aqueduct 물 스트레스 지수,observation,vnm-v121-b-017-obs-1219-803e0597069123d9,B-017_bws_prov_opt_2030_ba_nh_thuao_n,VNM,2030,1.5768,점,,,,,,[전망치] · 등급 1 · Low - Medium (10-20%),WRI Aqueduct 4.0,https://files.wri.org/aqueduct/aqueduct-4-0-country-rankings.zip,CC-BY-4.0,B-017_WRI Aqueduct 물 스트레스 지수.xlsx,1.1_observation(측정값),1219,
B-017,WRI Aqueduct 물 스트레스 지수,observation,vnm-v121-b-017-obs-1220-e22e28f46e0d61fa,B-017_bws_prov_opt_2030_ba_nh_a_a_nh,VNM,2030,2.7825,점,,,,,,[전망치] · 등급 2 · Medium - High (20-40%),WRI Aqueduct 4.0,https://files.wri.org/aqueduct/aqueduct-4-0-country-rankings.zip,CC-BY-4.0,B-017_WRI Aqueduct 물 스트레스 지수.xlsx,1.1_observation(측정값),1220,
B-017,WRI Aqueduct 물 스트레스 지수,observation,vnm-v121-b-017-obs-1221-8dcc71735633bdbc,B-017_bws_prov_opt_2030_bao_c_liaau,VNM,2030,1.6933,점,,,,,,[전망치] · 등급 1 · Low - Medium (10-20%),WRI Aqueduct 4.0,https://files.wri.org/aqueduct/aqueduct-4-0-country-rankings.zip,CC-BY-4.0,B-017_WRI Aqueduct 물 스트레스 지수.xlsx,1.1_observation(측정값),1221,
B-017,WRI Aqueduct 물 스트레스 지수,observation,vnm-v121-b-017-obs-1222-e39662ac05c2b3df,B-017_bws_prov_opt_2030_bao_c_giang,VNM,2030,2.8549,점,,,,,,[전망치] · 등급 2 · Medium - High (20-40%),WRI Aqueduct 4.0,https://files.wri.org/aqueduct/aqueduct-4-0-country-rankings.zip,CC-BY-4.0,B-017_WRI Aqueduct 물 스트레스 지수.xlsx,1.1_observation(측정값),1222,
B-017,WRI Aqueduct 물 스트레스 지수,observation,vnm-v121-b-017-obs-1223-d9ad875ece6b18a3,B-017_bws_prov_opt_2030_bao_c_kao_n,VNM,2030,1.6748,점,,,,,,[전망치] · 등급 1 · Low - Medium (10-20%),WRI Aqueduct 4.0,https://files.wri.org/aqueduct/aqueduct-4-0-country-rankings.zip,CC-BY-4.0,B-017_WRI Aqueduct 물 스트레스 지수.xlsx,1.1_observation(측정값),1223,
B-017,WRI Aqueduct 물 스트레스 지수,observation,vnm-v121-b-017-obs-1224-cd859198773e46e7,B-017_bws_prov_opt_2030_bao_c_ninh,VNM,2030,2.8549,점,,,,,,[전망치] · 등급 2 · Medium - High (20-40%),WRI Aqueduct 4.0,https://files.wri.org/aqueduct/aqueduct-4-0-country-rankings.zip,CC-BY-4.0,B-017_WRI Aqueduct 물 스트레스 지수.xlsx,1.1_observation(측정값),1224,
B-017,WRI Aqueduct 물 스트레스 지수,observation,vnm-v121-b-017-obs-1225-1d0873b3fcfb4ccd,B-017_bws_prov_opt_2030_bao_n_tre,VNM,2030,1.6933,점,,,,,,[전망치] · 등급 1 · Low - Medium (10-20%),WRI Aqueduct 4.0,https://files.wri.org/aqueduct/aqueduct-4-0-country-rankings.zip,CC-BY-4.0,B-017_WRI Aqueduct 물 스트레스 지수.xlsx,1.1_observation(측정값),1225,
B-017,WRI Aqueduct 물 스트레스 지수,observation,vnm-v121-b-017-obs-1226-8fff277086b8c058,B-017_bws_prov_opt_2030_cao_bao_ng,VNM,2030,0.6919,점,,,,,,[전망치] · 등급 0 · Low (<10%),WRI Aqueduct 4.0,https://files.wri.org/aqueduct/aqueduct-4-0-country-rankings.zip,CC-BY-4.0,B-017_WRI Aqueduct 물 스트레스 지수.xlsx,1.1_observation(측정값),1226,
B-017,WRI Aqueduct 물 스트레스 지수,observation,vnm-v121-b-017-obs-1227-72c164d10f21c98d,B-017_bws_prov_opt_2030_ca_mau,VNM,2030,1.6933,점,,,,,,[전망치] · 등급 1 · Low - Medium (10-20%),WRI Aqueduct 4.0,https://files.wri.org/aqueduct/aqueduct-4-0-country-rankings.zip,CC-BY-4.0,B-017_WRI Aqueduct 물 스트레스 지수.xlsx,1.1_observation(측정값),1227,
B-017,WRI Aqueduct 물 스트레스 지수,observation,vnm-v121-b-017-obs-1228-278167db63c89b57,B-017_bws_prov_opt_2030_cao_n_th,VNM,2030,1.6933,점,,,,,,[전망치] · 등급 1 · Low - Medium (10-20%),WRI Aqueduct 4.0,https://files.wri.org/aqueduct/aqueduct-4-0-country-rankings.zip,CC-BY-4.0,B-017_WRI Aqueduct 물 스트레스 지수.xlsx,1.1_observation(측정값),1228,
B-017,WRI Aqueduct 물 스트레스 지수,observation,vnm-v121-b-017-obs-1229-826de8c0ce4a227e,B-017_bws_prov_opt_2030_gia_lai,VNM,2030,1.4391,점,,,,,,[전망치] · 등급 1 · Low - Medium (10-20%),WRI Aqueduct 4.0,https://files.wri.org/aqueduct/aqueduct-4-0-country-rankings.zip,CC-BY-4.0,B-017_WRI Aqueduct 물 스트레스 지수.xlsx,1.1_observation(측정값),1229,
B-017,WRI Aqueduct 물 스트레스 지수,observation,vnm-v121-b-017-obs-1230-381dea756f635d2d,B-017_bws_prov_opt_2030_hoa_ba_nh,VNM,2030,1.1333,점,,,,,,[전망치] · 등급 1 · Low - Medium (10-20%),WRI Aqueduct 4.0,https://files.wri.org/aqueduct/aqueduct-4-0-country-rankings.zip,CC-BY-4.0,B-017_WRI Aqueduct 물 스트레스 지수.xlsx,1.1_observation(측정값),1230,
B-017,WRI Aqueduct 물 스트레스 지수,observation,vnm-v121-b-017-obs-1231-1c6d49204f0f0a6b,B-017_bws_prov_opt_2030_ha_giang,VNM,2030,0.4008,점,,,,,,[전망치] · 등급 0 · Low (<10%),WRI Aqueduct 4.0,https://files.wri.org/aqueduct/aqueduct-4-0-country-rankings.zip,CC-BY-4.0,B-017_WRI Aqueduct 물 스트레스 지수.xlsx,1.1_observation(측정값),1231,
B-017,WRI Aqueduct 물 스트레스 지수,observation,vnm-v121-b-017-obs-1232-f4bfd274f0dce7ac,B-017_bws_prov_opt_2030_ha_nam,VNM,2030,1.6367,점,,,,,,[전망치] · 등급 1 · Low - Medium (10-20%),WRI Aqueduct 4.0,https://files.wri.org/aqueduct/aqueduct-4-0-country-rankings.zip,CC-BY-4.0,B-017_WRI Aqueduct 물 스트레스 지수.xlsx,1.1_observation(측정값),1232,
B-017,WRI Aqueduct 물 스트레스 지수,observation,vnm-v121-b-017-obs-1233-edb0bb95b8b7c64c,B-017_bws_prov_opt_2030_ha_na_tmi,VNM,2030,1.8467,점,,,,,,[전망치] · 등급 1 · Low - Medium (10-20%),WRI Aqueduct 4.0,https://files.wri.org/aqueduct/aqueduct-4-0-country-rankings.zip,CC-BY-4.0,B-017_WRI Aqueduct 물 스트레스 지수.xlsx,1.1_observation(측정값),1233,
B-017,WRI Aqueduct 물 스트레스 지수,observation,vnm-v121-b-017-obs-1234-2d4d6c3e3cda7f19,B-017_bws_prov_opt_2030_ha_ta_nh,VNM,2030,2.8554,점,,,,,,[전망치] · 등급 2 · Medium - High (20-40%),WRI Aqueduct 4.0,https://files.wri.org/aqueduct/aqueduct-4-0-country-rankings.zip,CC-BY-4.0,B-017_WRI Aqueduct 물 스트레스 지수.xlsx,1.1_observation(측정값),1234,
B-017,WRI Aqueduct 물 스트레스 지수,observation,vnm-v121-b-017-obs-1235-87b7946c0ddf4c5f,B-017_bws_prov_opt_2030_h_ng_yaan,VNM,2030,1.6367,점,,,,,,[전망치] · 등급 1 · Low - Medium (10-20%),WRI Aqueduct 4.0,https://files.wri.org/aqueduct/aqueduct-4-0-country-rankings.zip,CC-BY-4.0,B-017_WRI Aqueduct 물 스트레스 지수.xlsx,1.1_observation(측정값),1235,
B-017,WRI Aqueduct 물 스트레스 지수,observation,vnm-v121-b-017-obs-1236-af865a58820e4c5b,B-017_bws_prov_opt_2030_hao_i_d_ng,VNM,2030,2.0241,점,,,,,,[전망치] · 등급 2 · Medium - High (20-40%),WRI Aqueduct 4.0,https://files.wri.org/aqueduct/aqueduct-4-0-country-rankings.zip,CC-BY-4.0,B-017_WRI Aqueduct 물 스트레스 지수.xlsx,1.1_observation(측정값),1236,
B-017,WRI Aqueduct 물 스트레스 지수,observation,vnm-v121-b-017-obs-1237-9689608999a2292f,B-017_bws_prov_opt_2030_hao_i_pha2ng,VNM,2030,1.9804,점,,,,,,[전망치] · 등급 1 · Low - Medium (10-20%),WRI Aqueduct 4.0,https://files.wri.org/aqueduct/aqueduct-4-0-country-rankings.zip,CC-BY-4.0,B-017_WRI Aqueduct 물 스트레스 지수.xlsx,1.1_observation(측정값),1237,
B-017,WRI Aqueduct 물 스트레스 지수,observation,vnm-v121-b-017-obs-1238-c1d650da35523370,B-017_bws_prov_opt_2030_hao_u_giang,VNM,2030,1.6933,점,,,,,,[전망치] · 등급 1 · Low - Medium (10-20%),WRI Aqueduct 4.0,https://files.wri.org/aqueduct/aqueduct-4-0-country-rankings.zip,CC-BY-4.0,B-017_WRI Aqueduct 물 스트레스 지수.xlsx,1.1_observation(측정값),1238,
B-017,WRI Aqueduct 물 스트레스 지수,observation,vnm-v121-b-017-obs-1239-4d2b543db42f08d6,B-017_bws_prov_opt_2030_ha_cha_minh,VNM,2030,1.9547,점,,,,,,[전망치] · 등급 1 · Low - Medium (10-20%),WRI Aqueduct 4.0,https://files.wri.org/aqueduct/aqueduct-4-0-country-rankings.zip,CC-BY-4.0,B-017_WRI Aqueduct 물 스트레스 지수.xlsx,1.1_observation(측정값),1239,
B-017,WRI Aqueduct 물 스트레스 지수,observation,vnm-v121-b-017-obs-1240-a9db0f3290ef4832,B-017_bws_prov_opt_2030_kha_nh_ha2a,VNM,2030,1.5002,점,,,,,,[전망치] · 등급 1 · Low - Medium (10-20%),WRI Aqueduct 4.0,https://files.wri.org/aqueduct/aqueduct-4-0-country-rankings.zip,CC-BY-4.0,B-017_WRI Aqueduct 물 스트레스 지수.xlsx,1.1_observation(측정값),1240,
B-017,WRI Aqueduct 물 스트레스 지수,observation,vnm-v121-b-017-obs-1241-982024f986421829,B-017_bws_prov_opt_2030_kiaan_giang,VNM,2030,1.6932,점,,,,,,[전망치] · 등급 1 · Low - Medium (10-20%),WRI Aqueduct 4.0,https://files.wri.org/aqueduct/aqueduct-4-0-country-rankings.zip,CC-BY-4.0,B-017_WRI Aqueduct 물 스트레스 지수.xlsx,1.1_observation(측정값),1241,
B-017,WRI Aqueduct 물 스트레스 지수,observation,vnm-v121-b-017-obs-1242-b202ce0be011c102,B-017_bws_prov_opt_2030_kon_tum,VNM,2030,0.9058,점,,,,,,[전망치] · 등급 0 · Low (<10%),WRI Aqueduct 4.0,https://files.wri.org/aqueduct/aqueduct-4-0-country-rankings.zip,CC-BY-4.0,B-017_WRI Aqueduct 물 스트레스 지수.xlsx,1.1_observation(측정값),1242,
B-017,WRI Aqueduct 물 스트레스 지수,observation,vnm-v121-b-017-obs-1243-ebc8916b8d7021d6,B-017_bws_prov_opt_2030_lai_cha_u,VNM,2030,0.3806,점,,,,,,[전망치] · 등급 0 · Low (<10%),WRI Aqueduct 4.0,https://files.wri.org/aqueduct/aqueduct-4-0-country-rankings.zip,CC-BY-4.0,B-017_WRI Aqueduct 물 스트레스 지수.xlsx,1.1_observation(측정값),1243,
B-017,WRI Aqueduct 물 스트레스 지수,observation,vnm-v121-b-017-obs-1244-537d391b7fa623c7,B-017_bws_prov_opt_2030_long_an,VNM,2030,4.3385,점,,,,,,[전망치] · 등급 4 · Extremely High (>80%),WRI Aqueduct 4.0,https://files.wri.org/aqueduct/aqueduct-4-0-country-rankings.zip,CC-BY-4.0,B-017_WRI Aqueduct 물 스트레스 지수.xlsx,1.1_observation(측정값),1244,
B-017,WRI Aqueduct 물 스트레스 지수,observation,vnm-v121-b-017-obs-1245-319ecace86361795,B-017_bws_prov_opt_2030_la_o_cai,VNM,2030,1.2727,점,,,,,,[전망치] · 등급 1 · Low - Medium (10-20%),WRI Aqueduct 4.0,https://files.wri.org/aqueduct/aqueduct-4-0-country-rankings.zip,CC-BY-4.0,B-017_WRI Aqueduct 물 스트레스 지수.xlsx,1.1_observation(측정값),1245,
B-017,WRI Aqueduct 물 스트레스 지수,observation,vnm-v121-b-017-obs-1246-2a265d6acb99f533,B-017_bws_prov_opt_2030_la_m_a_a_ng,VNM,2030,1.9496,점,,,,,,[전망치] · 등급 1 · Low - Medium (10-20%),WRI Aqueduct 4.0,https://files.wri.org/aqueduct/aqueduct-4-0-country-rankings.zip,CC-BY-4.0,B-017_WRI Aqueduct 물 스트레스 지수.xlsx,1.1_observation(측정값),1246,
B-017,WRI Aqueduct 물 스트레스 지수,observation,vnm-v121-b-017-obs-1247-89ec48b251fb98eb,B-017_bws_prov_opt_2030_lao_ng_s_n,VNM,2030,2.0041,점,,,,,,[전망치] · 등급 2 · Medium - High (20-40%),WRI Aqueduct 4.0,https://files.wri.org/aqueduct/aqueduct-4-0-country-rankings.zip,CC-BY-4.0,B-017_WRI Aqueduct 물 스트레스 지수.xlsx,1.1_observation(측정값),1247,
B-017,WRI Aqueduct 물 스트레스 지수,observation,vnm-v121-b-017-obs-1248-6d01ee580accff16,B-017_bws_prov_opt_2030_nam_a_a_nh,VNM,2030,1.6367,점,,,,,,[전망치] · 등급 1 · Low - Medium (10-20%),WRI Aqueduct 4.0,https://files.wri.org/aqueduct/aqueduct-4-0-country-rankings.zip,CC-BY-4.0,B-017_WRI Aqueduct 물 스트레스 지수.xlsx,1.1_observation(측정값),1248,
B-017,WRI Aqueduct 물 스트레스 지수,observation,vnm-v121-b-017-obs-1249-2c9570d44e842680,B-017_bws_prov_opt_2030_ngha_an,VNM,2030,3.6983,점,,,,,,[전망치] · 등급 3 · High (40-80%),WRI Aqueduct 4.0,https://files.wri.org/aqueduct/aqueduct-4-0-country-rankings.zip,CC-BY-4.0,B-017_WRI Aqueduct 물 스트레스 지수.xlsx,1.1_observation(측정값),1249,
B-017,WRI Aqueduct 물 스트레스 지수,observation,vnm-v121-b-017-obs-1250-0c90b5c15b528980,B-017_bws_prov_opt_2030_ninh_ba_nh,VNM,2030,1.6452,점,,,,,,[전망치] · 등급 1 · Low - Medium (10-20%),WRI Aqueduct 4.0,https://files.wri.org/aqueduct/aqueduct-4-0-country-rankings.zip,CC-BY-4.0,B-017_WRI Aqueduct 물 스트레스 지수.xlsx,1.1_observation(측정값),1250,
B-017,WRI Aqueduct 물 스트레스 지수,observation,vnm-v121-b-017-obs-1251-bc05c2a9f63f011b,B-017_bws_prov_opt_2030_ninh_thuao_n,VNM,2030,1.5002,점,,,,,,[전망치] · 등급 1 · Low - Medium (10-20%),WRI Aqueduct 4.0,https://files.wri.org/aqueduct/aqueduct-4-0-country-rankings.zip,CC-BY-4.0,B-017_WRI Aqueduct 물 스트레스 지수.xlsx,1.1_observation(측정값),1251,
B-017,WRI Aqueduct 물 스트레스 지수,observation,vnm-v121-b-017-obs-1252-f564d2b2a83c2a0c,B-017_bws_prov_opt_2030_phao_tha,VNM,2030,0.5845,점,,,,,,[전망치] · 등급 0 · Low (<10%),WRI Aqueduct 4.0,https://files.wri.org/aqueduct/aqueduct-4-0-country-rankings.zip,CC-BY-4.0,B-017_WRI Aqueduct 물 스트레스 지수.xlsx,1.1_observation(측정값),1252,
B-017,WRI Aqueduct 물 스트레스 지수,observation,vnm-v121-b-017-obs-1253-a45b6167ab0426b7,B-017_bws_prov_opt_2030_phao_yaan,VNM,2030,2.3258,점,,,,,,[전망치] · 등급 2 · Medium - High (20-40%),WRI Aqueduct 4.0,https://files.wri.org/aqueduct/aqueduct-4-0-country-rankings.zip,CC-BY-4.0,B-017_WRI Aqueduct 물 스트레스 지수.xlsx,1.1_observation(측정값),1253,
B-017,WRI Aqueduct 물 스트레스 지수,observation,vnm-v121-b-017-obs-1254-d7eb53a6ec6489a4,B-017_bws_prov_opt_2030_quao_ng_ba_nh,VNM,2030,2.4235,점,,,,,,[전망치] · 등급 2 · Medium - High (20-40%),WRI Aqueduct 4.0,https://files.wri.org/aqueduct/aqueduct-4-0-country-rankings.zip,CC-BY-4.0,B-017_WRI Aqueduct 물 스트레스 지수.xlsx,1.1_observation(측정값),1254,
B-017,WRI Aqueduct 물 스트레스 지수,observation,vnm-v121-b-017-obs-1255-e938320034fbf118,B-017_bws_prov_opt_2030_quao_ng_nam,VNM,2030,1.8012,점,,,,,,[전망치] · 등급 1 · Low - Medium (10-20%),WRI Aqueduct 4.0,https://files.wri.org/aqueduct/aqueduct-4-0-country-rankings.zip,CC-BY-4.0,B-017_WRI Aqueduct 물 스트레스 지수.xlsx,1.1_observation(측정값),1255,
B-017,WRI Aqueduct 물 스트레스 지수,observation,vnm-v121-b-017-obs-1256-fe4688597991c4d2,B-017_bws_prov_opt_2030_quao_ng_nga_i,VNM,2030,2.3955,점,,,,,,[전망치] · 등급 2 · Medium - High (20-40%),WRI Aqueduct 4.0,https://files.wri.org/aqueduct/aqueduct-4-0-country-rankings.zip,CC-BY-4.0,B-017_WRI Aqueduct 물 스트레스 지수.xlsx,1.1_observation(측정값),1256,
B-017,WRI Aqueduct 물 스트레스 지수,observation,vnm-v121-b-017-obs-1257-26689fc5b8d9fa67,B-017_bws_prov_opt_2030_quao_ng_ninh,VNM,2030,1.8922,점,,,,,,[전망치] · 등급 1 · Low - Medium (10-20%),WRI Aqueduct 4.0,https://files.wri.org/aqueduct/aqueduct-4-0-country-rankings.zip,CC-BY-4.0,B-017_WRI Aqueduct 물 스트레스 지수.xlsx,1.1_observation(측정값),1257,
B-017,WRI Aqueduct 물 스트레스 지수,observation,vnm-v121-b-017-obs-1258-1a4d3fb4fb2c4447,B-017_bws_prov_opt_2030_quao_ng_tra,VNM,2030,2.4347,점,,,,,,[전망치] · 등급 2 · Medium - High (20-40%),WRI Aqueduct 4.0,https://files.wri.org/aqueduct/aqueduct-4-0-country-rankings.zip,CC-BY-4.0,B-017_WRI Aqueduct 물 스트레스 지수.xlsx,1.1_observation(측정값),1258,
B-017,WRI Aqueduct 물 스트레스 지수,observation,vnm-v121-b-017-obs-1259-b294df7dc0f19f74,B-017_bws_prov_opt_2030_sa3c_tra_ng,VNM,2030,1.6933,점,,,,,,[전망치] · 등급 1 · Low - Medium (10-20%),WRI Aqueduct 4.0,https://files.wri.org/aqueduct/aqueduct-4-0-country-rankings.zip,CC-BY-4.0,B-017_WRI Aqueduct 물 스트레스 지수.xlsx,1.1_observation(측정값),1259,
B-017,WRI Aqueduct 물 스트레스 지수,observation,vnm-v121-b-017-obs-1260-231905606af4ff7e,B-017_bws_prov_opt_2030_s_n_la,VNM,2030,0.6476,점,,,,,,[전망치] · 등급 0 · Low (<10%),WRI Aqueduct 4.0,https://files.wri.org/aqueduct/aqueduct-4-0-country-rankings.zip,CC-BY-4.0,B-017_WRI Aqueduct 물 스트레스 지수.xlsx,1.1_observation(측정값),1260,
B-017,WRI Aqueduct 물 스트레스 지수,observation,vnm-v121-b-017-obs-1261-260415a7582544ea,B-017_bws_prov_opt_2030_thanh_ha3a,VNM,2030,3.1176,점,,,,,,[전망치] · 등급 3 · High (40-80%),WRI Aqueduct 4.0,https://files.wri.org/aqueduct/aqueduct-4-0-country-rankings.zip,CC-BY-4.0,B-017_WRI Aqueduct 물 스트레스 지수.xlsx,1.1_observation(측정값),1261,
B-017,WRI Aqueduct 물 스트레스 지수,observation,vnm-v121-b-017-obs-1262-f7ac4006208a0b88,B-017_bws_prov_opt_2030_tha_i_ba_nh,VNM,2030,1.6367,점,,,,,,[전망치] · 등급 1 · Low - Medium (10-20%),WRI Aqueduct 4.0,https://files.wri.org/aqueduct/aqueduct-4-0-country-rankings.zip,CC-BY-4.0,B-017_WRI Aqueduct 물 스트레스 지수.xlsx,1.1_observation(측정값),1262,
B-017,WRI Aqueduct 물 스트레스 지수,observation,vnm-v121-b-017-obs-1263-c8ddc9247cd3e919,B-017_bws_prov_opt_2030_tha_i_nguyaan,VNM,2030,2.8549,점,,,,,,[전망치] · 등급 2 · Medium - High (20-40%),WRI Aqueduct 4.0,https://files.wri.org/aqueduct/aqueduct-4-0-country-rankings.zip,CC-BY-4.0,B-017_WRI Aqueduct 물 스트레스 지수.xlsx,1.1_observation(측정값),1263,
B-017,WRI Aqueduct 물 스트레스 지수,observation,vnm-v121-b-017-obs-1264-2e2c9a3611a75c55,B-017_bws_prov_opt_2030_tha_a_thiaan_huao,VNM,2030,2.4289,점,,,,,,[전망치] · 등급 2 · Medium - High (20-40%),WRI Aqueduct 4.0,https://files.wri.org/aqueduct/aqueduct-4-0-country-rankings.zip,CC-BY-4.0,B-017_WRI Aqueduct 물 스트레스 지수.xlsx,1.1_observation(측정값),1264,
B-017,WRI Aqueduct 물 스트레스 지수,observation,vnm-v121-b-017-obs-1265-56c12d599b198564,B-017_bws_prov_opt_2030_tia_n_giang,VNM,2030,2.631,점,,,,,,[전망치] · 등급 2 · Medium - High (20-40%),WRI Aqueduct 4.0,https://files.wri.org/aqueduct/aqueduct-4-0-country-rankings.zip,CC-BY-4.0,B-017_WRI Aqueduct 물 스트레스 지수.xlsx,1.1_observation(측정값),1265,
B-017,WRI Aqueduct 물 스트레스 지수,observation,vnm-v121-b-017-obs-1266-00f8056f5e67433a,B-017_bws_prov_opt_2030_tra_vinh,VNM,2030,1.6933,점,,,,,,[전망치] · 등급 1 · Low - Medium (10-20%),WRI Aqueduct 4.0,https://files.wri.org/aqueduct/aqueduct-4-0-country-rankings.zip,CC-BY-4.0,B-017_WRI Aqueduct 물 스트레스 지수.xlsx,1.1_observation(측정값),1266,
B-017,WRI Aqueduct 물 스트레스 지수,observation,vnm-v121-b-017-obs-1267-39d234dcd642a915,B-017_bws_prov_opt_2030_tuyaan_quang,VNM,2030,0.4125,점,,,,,,[전망치] · 등급 0 · Low (<10%),WRI Aqueduct 4.0,https://files.wri.org/aqueduct/aqueduct-4-0-country-rankings.zip,CC-BY-4.0,B-017_WRI Aqueduct 물 스트레스 지수.xlsx,1.1_observation(측정값),1267,
B-017,WRI Aqueduct 물 스트레스 지수,observation,vnm-v121-b-017-obs-1268-91c221e470b4cac1,B-017_bws_prov_opt_2030_ta_y_ninh,VNM,2030,4.0003,점,,,,,,[전망치] · 등급 4 · Extremely High (>80%),WRI Aqueduct 4.0,https://files.wri.org/aqueduct/aqueduct-4-0-country-rankings.zip,CC-BY-4.0,B-017_WRI Aqueduct 물 스트레스 지수.xlsx,1.1_observation(측정값),1268,
B-017,WRI Aqueduct 물 스트레스 지수,observation,vnm-v121-b-017-obs-1269-42d13df94769ee18,B-017_bws_prov_opt_2030_va_nh_long,VNM,2030,1.6933,점,,,,,,[전망치] · 등급 1 · Low - Medium (10-20%),WRI Aqueduct 4.0,https://files.wri.org/aqueduct/aqueduct-4-0-country-rankings.zip,CC-BY-4.0,B-017_WRI Aqueduct 물 스트레스 지수.xlsx,1.1_observation(측정값),1269,
B-017,WRI Aqueduct 물 스트레스 지수,observation,vnm-v121-b-017-obs-1270-5f2d4bc4eeddf3c3,B-017_bws_prov_opt_2030_va_nh_phaoc,VNM,2030,1.655,점,,,,,,[전망치] · 등급 1 · Low - Medium (10-20%),WRI Aqueduct 4.0,https://files.wri.org/aqueduct/aqueduct-4-0-country-rankings.zip,CC-BY-4.0,B-017_WRI Aqueduct 물 스트레스 지수.xlsx,1.1_observation(측정값),1270,
B-017,WRI Aqueduct 물 스트레스 지수,observation,vnm-v121-b-017-obs-1271-bf1bf6f243fbf09b,B-017_bws_prov_opt_2030_yaan_ba_i,VNM,2030,0.9897,점,,,,,,[전망치] · 등급 0 · Low (<10%),WRI Aqueduct 4.0,https://files.wri.org/aqueduct/aqueduct-4-0-country-rankings.zip,CC-BY-4.0,B-017_WRI Aqueduct 물 스트레스 지수.xlsx,1.1_observation(측정값),1271,
B-017,WRI Aqueduct 물 스트레스 지수,observation,vnm-v121-b-017-obs-1272-d760d6c9e0a26cf6,B-017_bws_prov_opt_2030_a_ia_n_biaan,VNM,2030,0.7363,점,,,,,,[전망치] · 등급 0 · Low (<10%),WRI Aqueduct 4.0,https://files.wri.org/aqueduct/aqueduct-4-0-country-rankings.zip,CC-BY-4.0,B-017_WRI Aqueduct 물 스트레스 지수.xlsx,1.1_observation(측정값),1272,
B-017,WRI Aqueduct 물 스트레스 지수,observation,vnm-v121-b-017-obs-1273-acdd759acf9dedd5,B-017_bws_prov_opt_2030_a_a_nao_ng,VNM,2030,2.4425,점,,,,,,[전망치] · 등급 2 · Medium - High (20-40%),WRI Aqueduct 4.0,https://files.wri.org/aqueduct/aqueduct-4-0-country-rankings.zip,CC-BY-4.0,B-017_WRI Aqueduct 물 스트레스 지수.xlsx,1.1_observation(측정값),1273,
B-017,WRI Aqueduct 물 스트레스 지수,observation,vnm-v121-b-017-obs-1274-3672ab7987100885,B-017_bws_prov_opt_2030_a_ao_k_lao_k,VNM,2030,0.1636,점,,,,,,[전망치] · 등급 0 · Low (<10%),WRI Aqueduct 4.0,https://files.wri.org/aqueduct/aqueduct-4-0-country-rankings.zip,CC-BY-4.0,B-017_WRI Aqueduct 물 스트레스 지수.xlsx,1.1_observation(측정값),1274,
B-017,WRI Aqueduct 물 스트레스 지수,observation,vnm-v121-b-017-obs-1275-49e3076cea2985a8,B-017_bws_prov_opt_2030_a_ao_k_na_ng,VNM,2030,0.4259,점,,,,,,[전망치] · 등급 0 · Low (<10%),WRI Aqueduct 4.0,https://files.wri.org/aqueduct/aqueduct-4-0-country-rankings.zip,CC-BY-4.0,B-017_WRI Aqueduct 물 스트레스 지수.xlsx,1.1_observation(측정값),1275,
B-017,WRI Aqueduct 물 스트레스 지수,observation,vnm-v121-b-017-obs-1276-2491d26219cb03a9,B-017_bws_prov_opt_2030_a_a_ng_nai,VNM,2030,1.8775,점,,,,,,[전망치] · 등급 1 · Low - Medium (10-20%),WRI Aqueduct 4.0,https://files.wri.org/aqueduct/aqueduct-4-0-country-rankings.zip,CC-BY-4.0,B-017_WRI Aqueduct 물 스트레스 지수.xlsx,1.1_observation(측정값),1276,
B-017,WRI Aqueduct 물 스트레스 지수,observation,vnm-v121-b-017-obs-1277-e14720c308630867,B-017_bws_prov_opt_2030_a_a_ng_tha_p,VNM,2030,2.4288,점,,,,,,[전망치] · 등급 2 · Medium - High (20-40%),WRI Aqueduct 4.0,https://files.wri.org/aqueduct/aqueduct-4-0-country-rankings.zip,CC-BY-4.0,B-017_WRI Aqueduct 물 스트레스 지수.xlsx,1.1_observation(측정값),1277,
B-017,WRI Aqueduct 물 스트레스 지수,observation,vnm-v121-b-017-obs-1278-0ace9830131822a8,B-017_bws_prov_opt_2050_an_giang,VNM,2050,1.5997,점,,,,,,[전망치] · 등급 1 · Low - Medium (10-20%),WRI Aqueduct 4.0,https://files.wri.org/aqueduct/aqueduct-4-0-country-rankings.zip,CC-BY-4.0,B-017_WRI Aqueduct 물 스트레스 지수.xlsx,1.1_observation(측정값),1278,
B-017,WRI Aqueduct 물 스트레스 지수,observation,vnm-v121-b-017-obs-1279-b8fa908534e7113e,B-017_bws_prov_opt_2050_ba_ra_a_va_ng_ta_u,VNM,2050,1.5042,점,,,,,,[전망치] · 등급 1 · Low - Medium (10-20%),WRI Aqueduct 4.0,https://files.wri.org/aqueduct/aqueduct-4-0-country-rankings.zip,CC-BY-4.0,B-017_WRI Aqueduct 물 스트레스 지수.xlsx,1.1_observation(측정값),1279,
B-017,WRI Aqueduct 물 스트레스 지수,observation,vnm-v121-b-017-obs-1280-6824c2fd50a1b064,B-017_bws_prov_opt_2050_ba_nh_d_ng,VNM,2050,2.1924,점,,,,,,[전망치] · 등급 2 · Medium - High (20-40%),WRI Aqueduct 4.0,https://files.wri.org/aqueduct/aqueduct-4-0-country-rankings.zip,CC-BY-4.0,B-017_WRI Aqueduct 물 스트레스 지수.xlsx,1.1_observation(측정값),1280,
B-017,WRI Aqueduct 물 스트레스 지수,observation,vnm-v121-b-017-obs-1281-04ba5b40c09d9c47,B-017_bws_prov_opt_2050_ba_nh_ph_a_c,VNM,2050,2.1076,점,,,,,,[전망치] · 등급 2 · Medium - High (20-40%),WRI Aqueduct 4.0,https://files.wri.org/aqueduct/aqueduct-4-0-country-rankings.zip,CC-BY-4.0,B-017_WRI Aqueduct 물 스트레스 지수.xlsx,1.1_observation(측정값),1281,
B-017,WRI Aqueduct 물 스트레스 지수,observation,vnm-v121-b-017-obs-1282-fcc477b347cdf4af,B-017_bws_prov_opt_2050_ba_nh_thuao_n,VNM,2050,1.6257,점,,,,,,[전망치] · 등급 1 · Low - Medium (10-20%),WRI Aqueduct 4.0,https://files.wri.org/aqueduct/aqueduct-4-0-country-rankings.zip,CC-BY-4.0,B-017_WRI Aqueduct 물 스트레스 지수.xlsx,1.1_observation(측정값),1282,
B-017,WRI Aqueduct 물 스트레스 지수,observation,vnm-v121-b-017-obs-1283-ce9fb16dfa9572de,B-017_bws_prov_opt_2050_ba_nh_a_a_nh,VNM,2050,2.6559,점,,,,,,[전망치] · 등급 2 · Medium - High (20-40%),WRI Aqueduct 4.0,https://files.wri.org/aqueduct/aqueduct-4-0-country-rankings.zip,CC-BY-4.0,B-017_WRI Aqueduct 물 스트레스 지수.xlsx,1.1_observation(측정값),1283,
B-017,WRI Aqueduct 물 스트레스 지수,observation,vnm-v121-b-017-obs-1284-00e2ced7ba78130b,B-017_bws_prov_opt_2050_bao_c_liaau,VNM,2050,1.5997,점,,,,,,[전망치] · 등급 1 · Low - Medium (10-20%),WRI Aqueduct 4.0,https://files.wri.org/aqueduct/aqueduct-4-0-country-rankings.zip,CC-BY-4.0,B-017_WRI Aqueduct 물 스트레스 지수.xlsx,1.1_observation(측정값),1284,
B-017,WRI Aqueduct 물 스트레스 지수,observation,vnm-v121-b-017-obs-1285-180ea82b2fb03240,B-017_bws_prov_opt_2050_bao_c_giang,VNM,2050,2.9001,점,,,,,,[전망치] · 등급 2 · Medium - High (20-40%),WRI Aqueduct 4.0,https://files.wri.org/aqueduct/aqueduct-4-0-country-rankings.zip,CC-BY-4.0,B-017_WRI Aqueduct 물 스트레스 지수.xlsx,1.1_observation(측정값),1285,
B-017,WRI Aqueduct 물 스트레스 지수,observation,vnm-v121-b-017-obs-1286-194d519a549011e0,B-017_bws_prov_opt_2050_bao_c_kao_n,VNM,2050,1.6574,점,,,,,,[전망치] · 등급 1 · Low - Medium (10-20%),WRI Aqueduct 4.0,https://files.wri.org/aqueduct/aqueduct-4-0-country-rankings.zip,CC-BY-4.0,B-017_WRI Aqueduct 물 스트레스 지수.xlsx,1.1_observation(측정값),1286,
B-017,WRI Aqueduct 물 스트레스 지수,observation,vnm-v121-b-017-obs-1287-ccd272cfae517034,B-017_bws_prov_opt_2050_bao_c_ninh,VNM,2050,2.9001,점,,,,,,[전망치] · 등급 2 · Medium - High (20-40%),WRI Aqueduct 4.0,https://files.wri.org/aqueduct/aqueduct-4-0-country-rankings.zip,CC-BY-4.0,B-017_WRI Aqueduct 물 스트레스 지수.xlsx,1.1_observation(측정값),1287,
B-017,WRI Aqueduct 물 스트레스 지수,observation,vnm-v121-b-017-obs-1288-9be495b8ade3f7f9,B-017_bws_prov_opt_2050_bao_n_tre,VNM,2050,1.5997,점,,,,,,[전망치] · 등급 1 · Low - Medium (10-20%),WRI Aqueduct 4.0,https://files.wri.org/aqueduct/aqueduct-4-0-country-rankings.zip,CC-BY-4.0,B-017_WRI Aqueduct 물 스트레스 지수.xlsx,1.1_observation(측정값),1288,
B-017,WRI Aqueduct 물 스트레스 지수,observation,vnm-v121-b-017-obs-1289-f8ba092377979c13,B-017_bws_prov_opt_2050_cao_bao_ng,VNM,2050,0.683,점,,,,,,[전망치] · 등급 0 · Low (<10%),WRI Aqueduct 4.0,https://files.wri.org/aqueduct/aqueduct-4-0-country-rankings.zip,CC-BY-4.0,B-017_WRI Aqueduct 물 스트레스 지수.xlsx,1.1_observation(측정값),1289,
B-017,WRI Aqueduct 물 스트레스 지수,observation,vnm-v121-b-017-obs-1290-7cc90e693106209c,B-017_bws_prov_opt_2050_ca_mau,VNM,2050,1.5997,점,,,,,,[전망치] · 등급 1 · Low - Medium (10-20%),WRI Aqueduct 4.0,https://files.wri.org/aqueduct/aqueduct-4-0-country-rankings.zip,CC-BY-4.0,B-017_WRI Aqueduct 물 스트레스 지수.xlsx,1.1_observation(측정값),1290,
B-017,WRI Aqueduct 물 스트레스 지수,observation,vnm-v121-b-017-obs-1291-da999d7f9682ccbe,B-017_bws_prov_opt_2050_cao_n_th,VNM,2050,1.5997,점,,,,,,[전망치] · 등급 1 · Low - Medium (10-20%),WRI Aqueduct 4.0,https://files.wri.org/aqueduct/aqueduct-4-0-country-rankings.zip,CC-BY-4.0,B-017_WRI Aqueduct 물 스트레스 지수.xlsx,1.1_observation(측정값),1291,
B-017,WRI Aqueduct 물 스트레스 지수,observation,vnm-v121-b-017-obs-1292-215570fb29e6acfb,B-017_bws_prov_opt_2050_gia_lai,VNM,2050,1.2982,점,,,,,,[전망치] · 등급 1 · Low - Medium (10-20%),WRI Aqueduct 4.0,https://files.wri.org/aqueduct/aqueduct-4-0-country-rankings.zip,CC-BY-4.0,B-017_WRI Aqueduct 물 스트레스 지수.xlsx,1.1_observation(측정값),1292,
B-017,WRI Aqueduct 물 스트레스 지수,observation,vnm-v121-b-017-obs-1293-6f68d42d4a6ed07b,B-017_bws_prov_opt_2050_hoa_ba_nh,VNM,2050,1.0971,점,,,,,,[전망치] · 등급 1 · Low - Medium (10-20%),WRI Aqueduct 4.0,https://files.wri.org/aqueduct/aqueduct-4-0-country-rankings.zip,CC-BY-4.0,B-017_WRI Aqueduct 물 스트레스 지수.xlsx,1.1_observation(측정값),1293,
B-017,WRI Aqueduct 물 스트레스 지수,observation,vnm-v121-b-017-obs-1294-5c0dd202eae30401,B-017_bws_prov_opt_2050_ha_giang,VNM,2050,0.3849,점,,,,,,[전망치] · 등급 0 · Low (<10%),WRI Aqueduct 4.0,https://files.wri.org/aqueduct/aqueduct-4-0-country-rankings.zip,CC-BY-4.0,B-017_WRI Aqueduct 물 스트레스 지수.xlsx,1.1_observation(측정값),1294,
B-017,WRI Aqueduct 물 스트레스 지수,observation,vnm-v121-b-017-obs-1295-849333506509a3ec,B-017_bws_prov_opt_2050_ha_nam,VNM,2050,1.5152,점,,,,,,[전망치] · 등급 1 · Low - Medium (10-20%),WRI Aqueduct 4.0,https://files.wri.org/aqueduct/aqueduct-4-0-country-rankings.zip,CC-BY-4.0,B-017_WRI Aqueduct 물 스트레스 지수.xlsx,1.1_observation(측정값),1295,
B-017,WRI Aqueduct 물 스트레스 지수,observation,vnm-v121-b-017-obs-1296-a7eec8a19ce441b8,B-017_bws_prov_opt_2050_ha_na_tmi,VNM,2050,1.798,점,,,,,,[전망치] · 등급 1 · Low - Medium (10-20%),WRI Aqueduct 4.0,https://files.wri.org/aqueduct/aqueduct-4-0-country-rankings.zip,CC-BY-4.0,B-017_WRI Aqueduct 물 스트레스 지수.xlsx,1.1_observation(측정값),1296,
B-017,WRI Aqueduct 물 스트레스 지수,observation,vnm-v121-b-017-obs-1297-a2fbb340191f1fc1,B-017_bws_prov_opt_2050_ha_ta_nh,VNM,2050,2.7734,점,,,,,,[전망치] · 등급 2 · Medium - High (20-40%),WRI Aqueduct 4.0,https://files.wri.org/aqueduct/aqueduct-4-0-country-rankings.zip,CC-BY-4.0,B-017_WRI Aqueduct 물 스트레스 지수.xlsx,1.1_observation(측정값),1297,
B-017,WRI Aqueduct 물 스트레스 지수,observation,vnm-v121-b-017-obs-1298-ed82d37b5c7bac4d,B-017_bws_prov_opt_2050_h_ng_yaan,VNM,2050,1.5152,점,,,,,,[전망치] · 등급 1 · Low - Medium (10-20%),WRI Aqueduct 4.0,https://files.wri.org/aqueduct/aqueduct-4-0-country-rankings.zip,CC-BY-4.0,B-017_WRI Aqueduct 물 스트레스 지수.xlsx,1.1_observation(측정값),1298,
B-017,WRI Aqueduct 물 스트레스 지수,observation,vnm-v121-b-017-obs-1299-5b56f584c44908f9,B-017_bws_prov_opt_2050_hao_i_d_ng,VNM,2050,2.0373,점,,,,,,[전망치] · 등급 2 · Medium - High (20-40%),WRI Aqueduct 4.0,https://files.wri.org/aqueduct/aqueduct-4-0-country-rankings.zip,CC-BY-4.0,B-017_WRI Aqueduct 물 스트레스 지수.xlsx,1.1_observation(측정값),1299,
B-017,WRI Aqueduct 물 스트레스 지수,observation,vnm-v121-b-017-obs-1300-0399d8a32130c9f0,B-017_bws_prov_opt_2050_hao_i_pha2ng,VNM,2050,1.9098,점,,,,,,[전망치] · 등급 1 · Low - Medium (10-20%),WRI Aqueduct 4.0,https://files.wri.org/aqueduct/aqueduct-4-0-country-rankings.zip,CC-BY-4.0,B-017_WRI Aqueduct 물 스트레스 지수.xlsx,1.1_observation(측정값),1300,
B-017,WRI Aqueduct 물 스트레스 지수,observation,vnm-v121-b-017-obs-1301-54050a34bd0f2c8d,B-017_bws_prov_opt_2050_hao_u_giang,VNM,2050,1.5997,점,,,,,,[전망치] · 등급 1 · Low - Medium (10-20%),WRI Aqueduct 4.0,https://files.wri.org/aqueduct/aqueduct-4-0-country-rankings.zip,CC-BY-4.0,B-017_WRI Aqueduct 물 스트레스 지수.xlsx,1.1_observation(측정값),1301,
B-017,WRI Aqueduct 물 스트레스 지수,observation,vnm-v121-b-017-obs-1302-dfdfddecf74d40f8,B-017_bws_prov_opt_2050_ha_cha_minh,VNM,2050,2.1774,점,,,,,,[전망치] · 등급 2 · Medium - High (20-40%),WRI Aqueduct 4.0,https://files.wri.org/aqueduct/aqueduct-4-0-country-rankings.zip,CC-BY-4.0,B-017_WRI Aqueduct 물 스트레스 지수.xlsx,1.1_observation(측정값),1302,
B-017,WRI Aqueduct 물 스트레스 지수,observation,vnm-v121-b-017-obs-1303-ef3a05fc014857cd,B-017_bws_prov_opt_2050_kha_nh_ha2a,VNM,2050,1.5042,점,,,,,,[전망치] · 등급 1 · Low - Medium (10-20%),WRI Aqueduct 4.0,https://files.wri.org/aqueduct/aqueduct-4-0-country-rankings.zip,CC-BY-4.0,B-017_WRI Aqueduct 물 스트레스 지수.xlsx,1.1_observation(측정값),1303,
B-017,WRI Aqueduct 물 스트레스 지수,observation,vnm-v121-b-017-obs-1304-71fe544e6bdfc0f1,B-017_bws_prov_opt_2050_kiaan_giang,VNM,2050,1.5996,점,,,,,,[전망치] · 등급 1 · Low - Medium (10-20%),WRI Aqueduct 4.0,https://files.wri.org/aqueduct/aqueduct-4-0-country-rankings.zip,CC-BY-4.0,B-017_WRI Aqueduct 물 스트레스 지수.xlsx,1.1_observation(측정값),1304,
B-017,WRI Aqueduct 물 스트레스 지수,observation,vnm-v121-b-017-obs-1305-afaeef0b6d3d8231,B-017_bws_prov_opt_2050_kon_tum,VNM,2050,0.8649,점,,,,,,[전망치] · 등급 0 · Low (<10%),WRI Aqueduct 4.0,https://files.wri.org/aqueduct/aqueduct-4-0-country-rankings.zip,CC-BY-4.0,B-017_WRI Aqueduct 물 스트레스 지수.xlsx,1.1_observation(측정값),1305,
B-017,WRI Aqueduct 물 스트레스 지수,observation,vnm-v121-b-017-obs-1306-9d0416aec3e506a5,B-017_bws_prov_opt_2050_lai_cha_u,VNM,2050,0.3353,점,,,,,,[전망치] · 등급 0 · Low (<10%),WRI Aqueduct 4.0,https://files.wri.org/aqueduct/aqueduct-4-0-country-rankings.zip,CC-BY-4.0,B-017_WRI Aqueduct 물 스트레스 지수.xlsx,1.1_observation(측정값),1306,
B-017,WRI Aqueduct 물 스트레스 지수,observation,vnm-v121-b-017-obs-1307-c591679bb1e1b52a,B-017_bws_prov_opt_2050_long_an,VNM,2050,4.4369,점,,,,,,[전망치] · 등급 4 · Extremely High (>80%),WRI Aqueduct 4.0,https://files.wri.org/aqueduct/aqueduct-4-0-country-rankings.zip,CC-BY-4.0,B-017_WRI Aqueduct 물 스트레스 지수.xlsx,1.1_observation(측정값),1307,
B-017,WRI Aqueduct 물 스트레스 지수,observation,vnm-v121-b-017-obs-1308-78401daa6cb9d0c6,B-017_bws_prov_opt_2050_la_o_cai,VNM,2050,1.2309,점,,,,,,[전망치] · 등급 1 · Low - Medium (10-20%),WRI Aqueduct 4.0,https://files.wri.org/aqueduct/aqueduct-4-0-country-rankings.zip,CC-BY-4.0,B-017_WRI Aqueduct 물 스트레스 지수.xlsx,1.1_observation(측정값),1308,
B-017,WRI Aqueduct 물 스트레스 지수,observation,vnm-v121-b-017-obs-1309-0cda6a3b25062deb,B-017_bws_prov_opt_2050_la_m_a_a_ng,VNM,2050,2.1697,점,,,,,,[전망치] · 등급 2 · Medium - High (20-40%),WRI Aqueduct 4.0,https://files.wri.org/aqueduct/aqueduct-4-0-country-rankings.zip,CC-BY-4.0,B-017_WRI Aqueduct 물 스트레스 지수.xlsx,1.1_observation(측정값),1309,
B-017,WRI Aqueduct 물 스트레스 지수,observation,vnm-v121-b-017-obs-1310-87358eca81221b49,B-017_bws_prov_opt_2050_lao_ng_s_n,VNM,2050,2.0073,점,,,,,,[전망치] · 등급 2 · Medium - High (20-40%),WRI Aqueduct 4.0,https://files.wri.org/aqueduct/aqueduct-4-0-country-rankings.zip,CC-BY-4.0,B-017_WRI Aqueduct 물 스트레스 지수.xlsx,1.1_observation(측정값),1310,
B-017,WRI Aqueduct 물 스트레스 지수,observation,vnm-v121-b-017-obs-1311-43d21c7f5d8ad1cf,B-017_bws_prov_opt_2050_nam_a_a_nh,VNM,2050,1.5152,점,,,,,,[전망치] · 등급 1 · Low - Medium (10-20%),WRI Aqueduct 4.0,https://files.wri.org/aqueduct/aqueduct-4-0-country-rankings.zip,CC-BY-4.0,B-017_WRI Aqueduct 물 스트레스 지수.xlsx,1.1_observation(측정값),1311,
B-017,WRI Aqueduct 물 스트레스 지수,observation,vnm-v121-b-017-obs-1312-84587ead486e42c8,B-017_bws_prov_opt_2050_ngha_an,VNM,2050,3.5858,점,,,,,,[전망치] · 등급 3 · High (40-80%),WRI Aqueduct 4.0,https://files.wri.org/aqueduct/aqueduct-4-0-country-rankings.zip,CC-BY-4.0,B-017_WRI Aqueduct 물 스트레스 지수.xlsx,1.1_observation(측정값),1312,
B-017,WRI Aqueduct 물 스트레스 지수,observation,vnm-v121-b-017-obs-1313-8319aae81e51c5bc,B-017_bws_prov_opt_2050_ninh_ba_nh,VNM,2050,1.5262,점,,,,,,[전망치] · 등급 1 · Low - Medium (10-20%),WRI Aqueduct 4.0,https://files.wri.org/aqueduct/aqueduct-4-0-country-rankings.zip,CC-BY-4.0,B-017_WRI Aqueduct 물 스트레스 지수.xlsx,1.1_observation(측정값),1313,
B-017,WRI Aqueduct 물 스트레스 지수,observation,vnm-v121-b-017-obs-1314-865db59466c5071f,B-017_bws_prov_opt_2050_ninh_thuao_n,VNM,2050,1.5042,점,,,,,,[전망치] · 등급 1 · Low - Medium (10-20%),WRI Aqueduct 4.0,https://files.wri.org/aqueduct/aqueduct-4-0-country-rankings.zip,CC-BY-4.0,B-017_WRI Aqueduct 물 스트레스 지수.xlsx,1.1_observation(측정값),1314,
B-017,WRI Aqueduct 물 스트레스 지수,observation,vnm-v121-b-017-obs-1315-be048c99eb61987d,B-017_bws_prov_opt_2050_phao_tha,VNM,2050,0.6032,점,,,,,,[전망치] · 등급 0 · Low (<10%),WRI Aqueduct 4.0,https://files.wri.org/aqueduct/aqueduct-4-0-country-rankings.zip,CC-BY-4.0,B-017_WRI Aqueduct 물 스트레스 지수.xlsx,1.1_observation(측정값),1315,
B-017,WRI Aqueduct 물 스트레스 지수,observation,vnm-v121-b-017-obs-1316-2b2bc577c5060550,B-017_bws_prov_opt_2050_phao_yaan,VNM,2050,2.1908,점,,,,,,[전망치] · 등급 2 · Medium - High (20-40%),WRI Aqueduct 4.0,https://files.wri.org/aqueduct/aqueduct-4-0-country-rankings.zip,CC-BY-4.0,B-017_WRI Aqueduct 물 스트레스 지수.xlsx,1.1_observation(측정값),1316,
B-017,WRI Aqueduct 물 스트레스 지수,observation,vnm-v121-b-017-obs-1317-cfb4c04617ae10fb,B-017_bws_prov_opt_2050_quao_ng_ba_nh,VNM,2050,2.3523,점,,,,,,[전망치] · 등급 2 · Medium - High (20-40%),WRI Aqueduct 4.0,https://files.wri.org/aqueduct/aqueduct-4-0-country-rankings.zip,CC-BY-4.0,B-017_WRI Aqueduct 물 스트레스 지수.xlsx,1.1_observation(측정값),1317,
B-017,WRI Aqueduct 물 스트레스 지수,observation,vnm-v121-b-017-obs-1318-f7659d35e8e1e06a,B-017_bws_prov_opt_2050_quao_ng_nam,VNM,2050,1.7506,점,,,,,,[전망치] · 등급 1 · Low - Medium (10-20%),WRI Aqueduct 4.0,https://files.wri.org/aqueduct/aqueduct-4-0-country-rankings.zip,CC-BY-4.0,B-017_WRI Aqueduct 물 스트레스 지수.xlsx,1.1_observation(측정값),1318,
B-017,WRI Aqueduct 물 스트레스 지수,observation,vnm-v121-b-017-obs-1319-b9bd93c905dc96f5,B-017_bws_prov_opt_2050_quao_ng_nga_i,VNM,2050,2.2934,점,,,,,,[전망치] · 등급 2 · Medium - High (20-40%),WRI Aqueduct 4.0,https://files.wri.org/aqueduct/aqueduct-4-0-country-rankings.zip,CC-BY-4.0,B-017_WRI Aqueduct 물 스트레스 지수.xlsx,1.1_observation(측정값),1319,
B-017,WRI Aqueduct 물 스트레스 지수,observation,vnm-v121-b-017-obs-1320-fc791960765f6be3,B-017_bws_prov_opt_2050_quao_ng_ninh,VNM,2050,1.7513,점,,,,,,[전망치] · 등급 1 · Low - Medium (10-20%),WRI Aqueduct 4.0,https://files.wri.org/aqueduct/aqueduct-4-0-country-rankings.zip,CC-BY-4.0,B-017_WRI Aqueduct 물 스트레스 지수.xlsx,1.1_observation(측정값),1320,
B-017,WRI Aqueduct 물 스트레스 지수,observation,vnm-v121-b-017-obs-1321-2012836fbbd298eb,B-017_bws_prov_opt_2050_quao_ng_tra,VNM,2050,2.3739,점,,,,,,[전망치] · 등급 2 · Medium - High (20-40%),WRI Aqueduct 4.0,https://files.wri.org/aqueduct/aqueduct-4-0-country-rankings.zip,CC-BY-4.0,B-017_WRI Aqueduct 물 스트레스 지수.xlsx,1.1_observation(측정값),1321,
B-017,WRI Aqueduct 물 스트레스 지수,observation,vnm-v121-b-017-obs-1322-09a6eec2018a966a,B-017_bws_prov_opt_2050_sa3c_tra_ng,VNM,2050,1.5997,점,,,,,,[전망치] · 등급 1 · Low - Medium (10-20%),WRI Aqueduct 4.0,https://files.wri.org/aqueduct/aqueduct-4-0-country-rankings.zip,CC-BY-4.0,B-017_WRI Aqueduct 물 스트레스 지수.xlsx,1.1_observation(측정값),1322,
B-017,WRI Aqueduct 물 스트레스 지수,observation,vnm-v121-b-017-obs-1323-09d47efec41728eb,B-017_bws_prov_opt_2050_s_n_la,VNM,2050,0.6333,점,,,,,,[전망치] · 등급 0 · Low (<10%),WRI Aqueduct 4.0,https://files.wri.org/aqueduct/aqueduct-4-0-country-rankings.zip,CC-BY-4.0,B-017_WRI Aqueduct 물 스트레스 지수.xlsx,1.1_observation(측정값),1323,
B-017,WRI Aqueduct 물 스트레스 지수,observation,vnm-v121-b-017-obs-1324-b6afbea3ad659645,B-017_bws_prov_opt_2050_thanh_ha3a,VNM,2050,3.0709,점,,,,,,[전망치] · 등급 3 · High (40-80%),WRI Aqueduct 4.0,https://files.wri.org/aqueduct/aqueduct-4-0-country-rankings.zip,CC-BY-4.0,B-017_WRI Aqueduct 물 스트레스 지수.xlsx,1.1_observation(측정값),1324,
B-017,WRI Aqueduct 물 스트레스 지수,observation,vnm-v121-b-017-obs-1325-c2c3c3eeb297f40e,B-017_bws_prov_opt_2050_tha_i_ba_nh,VNM,2050,1.5152,점,,,,,,[전망치] · 등급 1 · Low - Medium (10-20%),WRI Aqueduct 4.0,https://files.wri.org/aqueduct/aqueduct-4-0-country-rankings.zip,CC-BY-4.0,B-017_WRI Aqueduct 물 스트레스 지수.xlsx,1.1_observation(측정값),1325,
B-017,WRI Aqueduct 물 스트레스 지수,observation,vnm-v121-b-017-obs-1326-a0bcf79881a30d02,B-017_bws_prov_opt_2050_tha_i_nguyaan,VNM,2050,2.9001,점,,,,,,[전망치] · 등급 2 · Medium - High (20-40%),WRI Aqueduct 4.0,https://files.wri.org/aqueduct/aqueduct-4-0-country-rankings.zip,CC-BY-4.0,B-017_WRI Aqueduct 물 스트레스 지수.xlsx,1.1_observation(측정값),1326,
B-017,WRI Aqueduct 물 스트레스 지수,observation,vnm-v121-b-017-obs-1327-1c3edb7d61df447f,B-017_bws_prov_opt_2050_tha_a_thiaan_huao,VNM,2050,2.3663,점,,,,,,[전망치] · 등급 2 · Medium - High (20-40%),WRI Aqueduct 4.0,https://files.wri.org/aqueduct/aqueduct-4-0-country-rankings.zip,CC-BY-4.0,B-017_WRI Aqueduct 물 스트레스 지수.xlsx,1.1_observation(측정값),1327,
B-017,WRI Aqueduct 물 스트레스 지수,observation,vnm-v121-b-017-obs-1328-40a253dd45e265dc,B-017_bws_prov_opt_2050_tia_n_giang,VNM,2050,2.5678,점,,,,,,[전망치] · 등급 2 · Medium - High (20-40%),WRI Aqueduct 4.0,https://files.wri.org/aqueduct/aqueduct-4-0-country-rankings.zip,CC-BY-4.0,B-017_WRI Aqueduct 물 스트레스 지수.xlsx,1.1_observation(측정값),1328,
B-017,WRI Aqueduct 물 스트레스 지수,observation,vnm-v121-b-017-obs-1329-e80b2607bb6b05e9,B-017_bws_prov_opt_2050_tra_vinh,VNM,2050,1.5997,점,,,,,,[전망치] · 등급 1 · Low - Medium (10-20%),WRI Aqueduct 4.0,https://files.wri.org/aqueduct/aqueduct-4-0-country-rankings.zip,CC-BY-4.0,B-017_WRI Aqueduct 물 스트레스 지수.xlsx,1.1_observation(측정값),1329,
B-017,WRI Aqueduct 물 스트레스 지수,observation,vnm-v121-b-017-obs-1330-de2e4899d6ce3115,B-017_bws_prov_opt_2050_tuyaan_quang,VNM,2050,0.407,점,,,,,,[전망치] · 등급 0 · Low (<10%),WRI Aqueduct 4.0,https://files.wri.org/aqueduct/aqueduct-4-0-country-rankings.zip,CC-BY-4.0,B-017_WRI Aqueduct 물 스트레스 지수.xlsx,1.1_observation(측정값),1330,
B-017,WRI Aqueduct 물 스트레스 지수,observation,vnm-v121-b-017-obs-1331-e83e059ae57878c6,B-017_bws_prov_opt_2050_ta_y_ninh,VNM,2050,4.1169,점,,,,,,[전망치] · 등급 4 · Extremely High (>80%),WRI Aqueduct 4.0,https://files.wri.org/aqueduct/aqueduct-4-0-country-rankings.zip,CC-BY-4.0,B-017_WRI Aqueduct 물 스트레스 지수.xlsx,1.1_observation(측정값),1331,
B-017,WRI Aqueduct 물 스트레스 지수,observation,vnm-v121-b-017-obs-1332-245b4b3b59241836,B-017_bws_prov_opt_2050_va_nh_long,VNM,2050,1.5997,점,,,,,,[전망치] · 등급 1 · Low - Medium (10-20%),WRI Aqueduct 4.0,https://files.wri.org/aqueduct/aqueduct-4-0-country-rankings.zip,CC-BY-4.0,B-017_WRI Aqueduct 물 스트레스 지수.xlsx,1.1_observation(측정값),1332,
B-017,WRI Aqueduct 물 스트레스 지수,observation,vnm-v121-b-017-obs-1333-9a59c55b41771081,B-017_bws_prov_opt_2050_va_nh_phaoc,VNM,2050,1.6266,점,,,,,,[전망치] · 등급 1 · Low - Medium (10-20%),WRI Aqueduct 4.0,https://files.wri.org/aqueduct/aqueduct-4-0-country-rankings.zip,CC-BY-4.0,B-017_WRI Aqueduct 물 스트레스 지수.xlsx,1.1_observation(측정값),1333,
B-017,WRI Aqueduct 물 스트레스 지수,observation,vnm-v121-b-017-obs-1334-3dab867e0ed7889e,B-017_bws_prov_opt_2050_yaan_ba_i,VNM,2050,1.0713,점,,,,,,[전망치] · 등급 1 · Low - Medium (10-20%),WRI Aqueduct 4.0,https://files.wri.org/aqueduct/aqueduct-4-0-country-rankings.zip,CC-BY-4.0,B-017_WRI Aqueduct 물 스트레스 지수.xlsx,1.1_observation(측정값),1334,
B-017,WRI Aqueduct 물 스트레스 지수,observation,vnm-v121-b-017-obs-1335-4d3197ec88e75739,B-017_bws_prov_opt_2050_a_ia_n_biaan,VNM,2050,0.5263,점,,,,,,[전망치] · 등급 0 · Low (<10%),WRI Aqueduct 4.0,https://files.wri.org/aqueduct/aqueduct-4-0-country-rankings.zip,CC-BY-4.0,B-017_WRI Aqueduct 물 스트레스 지수.xlsx,1.1_observation(측정값),1335,
B-017,WRI Aqueduct 물 스트레스 지수,observation,vnm-v121-b-017-obs-1336-5590df95f4439497,B-017_bws_prov_opt_2050_a_a_nao_ng,VNM,2050,2.3821,점,,,,,,[전망치] · 등급 2 · Medium - High (20-40%),WRI Aqueduct 4.0,https://files.wri.org/aqueduct/aqueduct-4-0-country-rankings.zip,CC-BY-4.0,B-017_WRI Aqueduct 물 스트레스 지수.xlsx,1.1_observation(측정값),1336,
B-017,WRI Aqueduct 물 스트레스 지수,observation,vnm-v121-b-017-obs-1337-604eec49e0a676d3,B-017_bws_prov_opt_2050_a_ao_k_lao_k,VNM,2050,0.1567,점,,,,,,[전망치] · 등급 0 · Low (<10%),WRI Aqueduct 4.0,https://files.wri.org/aqueduct/aqueduct-4-0-country-rankings.zip,CC-BY-4.0,B-017_WRI Aqueduct 물 스트레스 지수.xlsx,1.1_observation(측정값),1337,
B-017,WRI Aqueduct 물 스트레스 지수,observation,vnm-v121-b-017-obs-1338-92b2bb2d0e4244fa,B-017_bws_prov_opt_2050_a_ao_k_na_ng,VNM,2050,0.4982,점,,,,,,[전망치] · 등급 0 · Low (<10%),WRI Aqueduct 4.0,https://files.wri.org/aqueduct/aqueduct-4-0-country-rankings.zip,CC-BY-4.0,B-017_WRI Aqueduct 물 스트레스 지수.xlsx,1.1_observation(측정값),1338,
B-017,WRI Aqueduct 물 스트레스 지수,observation,vnm-v121-b-017-obs-1339-736297647c4cac58,B-017_bws_prov_opt_2050_a_a_ng_nai,VNM,2050,2.0909,점,,,,,,[전망치] · 등급 2 · Medium - High (20-40%),WRI Aqueduct 4.0,https://files.wri.org/aqueduct/aqueduct-4-0-country-rankings.zip,CC-BY-4.0,B-017_WRI Aqueduct 물 스트레스 지수.xlsx,1.1_observation(측정값),1339,
B-017,WRI Aqueduct 물 스트레스 지수,observation,vnm-v121-b-017-obs-1340-b38912de18b087e0,B-017_bws_prov_opt_2050_a_a_ng_tha_p,VNM,2050,2.3536,점,,,,,,[전망치] · 등급 2 · Medium - High (20-40%),WRI Aqueduct 4.0,https://files.wri.org/aqueduct/aqueduct-4-0-country-rankings.zip,CC-BY-4.0,B-017_WRI Aqueduct 물 스트레스 지수.xlsx,1.1_observation(측정값),1340,
B-017,WRI Aqueduct 물 스트레스 지수,observation,vnm-v121-b-017-obs-1341-1c5d397e3fe16d9d,B-017_bws_prov_opt_2080_an_giang,VNM,2080,1.6127,점,,,,,,[전망치] · 등급 1 · Low - Medium (10-20%),WRI Aqueduct 4.0,https://files.wri.org/aqueduct/aqueduct-4-0-country-rankings.zip,CC-BY-4.0,B-017_WRI Aqueduct 물 스트레스 지수.xlsx,1.1_observation(측정값),1341,
B-017,WRI Aqueduct 물 스트레스 지수,observation,vnm-v121-b-017-obs-1342-2b4fcefaadcdc636,B-017_bws_prov_opt_2080_ba_ra_a_va_ng_ta_u,VNM,2080,1.581,점,,,,,,[전망치] · 등급 1 · Low - Medium (10-20%),WRI Aqueduct 4.0,https://files.wri.org/aqueduct/aqueduct-4-0-country-rankings.zip,CC-BY-4.0,B-017_WRI Aqueduct 물 스트레스 지수.xlsx,1.1_observation(측정값),1342,
B-017,WRI Aqueduct 물 스트레스 지수,observation,vnm-v121-b-017-obs-1343-cc8a440346b16d08,B-017_bws_prov_opt_2080_ba_nh_d_ng,VNM,2080,2.1239,점,,,,,,[전망치] · 등급 2 · Medium - High (20-40%),WRI Aqueduct 4.0,https://files.wri.org/aqueduct/aqueduct-4-0-country-rankings.zip,CC-BY-4.0,B-017_WRI Aqueduct 물 스트레스 지수.xlsx,1.1_observation(측정값),1343,
B-017,WRI Aqueduct 물 스트레스 지수,observation,vnm-v121-b-017-obs-1344-899abbd48b7dad84,B-017_bws_prov_opt_2080_ba_nh_ph_a_c,VNM,2080,2.0427,점,,,,,,[전망치] · 등급 2 · Medium - High (20-40%),WRI Aqueduct 4.0,https://files.wri.org/aqueduct/aqueduct-4-0-country-rankings.zip,CC-BY-4.0,B-017_WRI Aqueduct 물 스트레스 지수.xlsx,1.1_observation(측정값),1344,
B-017,WRI Aqueduct 물 스트레스 지수,observation,vnm-v121-b-017-obs-1345-a8246c110bdd3052,B-017_bws_prov_opt_2080_ba_nh_thuao_n,VNM,2080,1.6731,점,,,,,,[전망치] · 등급 1 · Low - Medium (10-20%),WRI Aqueduct 4.0,https://files.wri.org/aqueduct/aqueduct-4-0-country-rankings.zip,CC-BY-4.0,B-017_WRI Aqueduct 물 스트레스 지수.xlsx,1.1_observation(측정값),1345,
B-017,WRI Aqueduct 물 스트레스 지수,observation,vnm-v121-b-017-obs-1346-0e0c05afac1c78cb,B-017_bws_prov_opt_2080_ba_nh_a_a_nh,VNM,2080,2.6781,점,,,,,,[전망치] · 등급 2 · Medium - High (20-40%),WRI Aqueduct 4.0,https://files.wri.org/aqueduct/aqueduct-4-0-country-rankings.zip,CC-BY-4.0,B-017_WRI Aqueduct 물 스트레스 지수.xlsx,1.1_observation(측정값),1346,
B-017,WRI Aqueduct 물 스트레스 지수,observation,vnm-v121-b-017-obs-1347-f53d71c695f3d2d8,B-017_bws_prov_opt_2080_bao_c_liaau,VNM,2080,1.6127,점,,,,,,[전망치] · 등급 1 · Low - Medium (10-20%),WRI Aqueduct 4.0,https://files.wri.org/aqueduct/aqueduct-4-0-country-rankings.zip,CC-BY-4.0,B-017_WRI Aqueduct 물 스트레스 지수.xlsx,1.1_observation(측정값),1347,
B-017,WRI Aqueduct 물 스트레스 지수,observation,vnm-v121-b-017-obs-1348-827301bc48655377,B-017_bws_prov_opt_2080_bao_c_giang,VNM,2080,2.7533,점,,,,,,[전망치] · 등급 2 · Medium - High (20-40%),WRI Aqueduct 4.0,https://files.wri.org/aqueduct/aqueduct-4-0-country-rankings.zip,CC-BY-4.0,B-017_WRI Aqueduct 물 스트레스 지수.xlsx,1.1_observation(측정값),1348,
B-017,WRI Aqueduct 물 스트레스 지수,observation,vnm-v121-b-017-obs-1349-d56c1fee43ac3e16,B-017_bws_prov_opt_2080_bao_c_kao_n,VNM,2080,1.5637,점,,,,,,[전망치] · 등급 1 · Low - Medium (10-20%),WRI Aqueduct 4.0,https://files.wri.org/aqueduct/aqueduct-4-0-country-rankings.zip,CC-BY-4.0,B-017_WRI Aqueduct 물 스트레스 지수.xlsx,1.1_observation(측정값),1349,
B-017,WRI Aqueduct 물 스트레스 지수,observation,vnm-v121-b-017-obs-1350-f6dd4e9885995508,B-017_bws_prov_opt_2080_bao_c_ninh,VNM,2080,2.7533,점,,,,,,[전망치] · 등급 2 · Medium - High (20-40%),WRI Aqueduct 4.0,https://files.wri.org/aqueduct/aqueduct-4-0-country-rankings.zip,CC-BY-4.0,B-017_WRI Aqueduct 물 스트레스 지수.xlsx,1.1_observation(측정값),1350,
B-017,WRI Aqueduct 물 스트레스 지수,observation,vnm-v121-b-017-obs-1351-28e9e827362c5e2f,B-017_bws_prov_opt_2080_bao_n_tre,VNM,2080,1.6127,점,,,,,,[전망치] · 등급 1 · Low - Medium (10-20%),WRI Aqueduct 4.0,https://files.wri.org/aqueduct/aqueduct-4-0-country-rankings.zip,CC-BY-4.0,B-017_WRI Aqueduct 물 스트레스 지수.xlsx,1.1_observation(측정값),1351,
B-017,WRI Aqueduct 물 스트레스 지수,observation,vnm-v121-b-017-obs-1352-2b41e0863054d546,B-017_bws_prov_opt_2080_cao_bao_ng,VNM,2080,0.596,점,,,,,,[전망치] · 등급 0 · Low (<10%),WRI Aqueduct 4.0,https://files.wri.org/aqueduct/aqueduct-4-0-country-rankings.zip,CC-BY-4.0,B-017_WRI Aqueduct 물 스트레스 지수.xlsx,1.1_observation(측정값),1352,
B-017,WRI Aqueduct 물 스트레스 지수,observation,vnm-v121-b-017-obs-1353-a6331e5f37e47827,B-017_bws_prov_opt_2080_ca_mau,VNM,2080,1.6127,점,,,,,,[전망치] · 등급 1 · Low - Medium (10-20%),WRI Aqueduct 4.0,https://files.wri.org/aqueduct/aqueduct-4-0-country-rankings.zip,CC-BY-4.0,B-017_WRI Aqueduct 물 스트레스 지수.xlsx,1.1_observation(측정값),1353,
B-017,WRI Aqueduct 물 스트레스 지수,observation,vnm-v121-b-017-obs-1354-42aaddb11c4c045c,B-017_bws_prov_opt_2080_cao_n_th,VNM,2080,1.6127,점,,,,,,[전망치] · 등급 1 · Low - Medium (10-20%),WRI Aqueduct 4.0,https://files.wri.org/aqueduct/aqueduct-4-0-country-rankings.zip,CC-BY-4.0,B-017_WRI Aqueduct 물 스트레스 지수.xlsx,1.1_observation(측정값),1354,
B-017,WRI Aqueduct 물 스트레스 지수,observation,vnm-v121-b-017-obs-1355-30e8f067fd14ac0c,B-017_bws_prov_opt_2080_gia_lai,VNM,2080,1.3614,점,,,,,,[전망치] · 등급 1 · Low - Medium (10-20%),WRI Aqueduct 4.0,https://files.wri.org/aqueduct/aqueduct-4-0-country-rankings.zip,CC-BY-4.0,B-017_WRI Aqueduct 물 스트레스 지수.xlsx,1.1_observation(측정값),1355,
B-017,WRI Aqueduct 물 스트레스 지수,observation,vnm-v121-b-017-obs-1356-02236305f6d5c00a,B-017_bws_prov_opt_2080_hoa_ba_nh,VNM,2080,0.9778,점,,,,,,[전망치] · 등급 0 · Low (<10%),WRI Aqueduct 4.0,https://files.wri.org/aqueduct/aqueduct-4-0-country-rankings.zip,CC-BY-4.0,B-017_WRI Aqueduct 물 스트레스 지수.xlsx,1.1_observation(측정값),1356,
B-017,WRI Aqueduct 물 스트레스 지수,observation,vnm-v121-b-017-obs-1357-cc2fb2f4fd0a6c24,B-017_bws_prov_opt_2080_ha_giang,VNM,2080,0.3089,점,,,,,,[전망치] · 등급 0 · Low (<10%),WRI Aqueduct 4.0,https://files.wri.org/aqueduct/aqueduct-4-0-country-rankings.zip,CC-BY-4.0,B-017_WRI Aqueduct 물 스트레스 지수.xlsx,1.1_observation(측정값),1357,
B-017,WRI Aqueduct 물 스트레스 지수,observation,vnm-v121-b-017-obs-1358-85d175c6107be3e3,B-017_bws_prov_opt_2080_ha_nam,VNM,2080,1.3356,점,,,,,,[전망치] · 등급 1 · Low - Medium (10-20%),WRI Aqueduct 4.0,https://files.wri.org/aqueduct/aqueduct-4-0-country-rankings.zip,CC-BY-4.0,B-017_WRI Aqueduct 물 스트레스 지수.xlsx,1.1_observation(측정값),1358,
B-017,WRI Aqueduct 물 스트레스 지수,observation,vnm-v121-b-017-obs-1359-2c7d8c172a13f606,B-017_bws_prov_opt_2080_ha_na_tmi,VNM,2080,1.6252,점,,,,,,[전망치] · 등급 1 · Low - Medium (10-20%),WRI Aqueduct 4.0,https://files.wri.org/aqueduct/aqueduct-4-0-country-rankings.zip,CC-BY-4.0,B-017_WRI Aqueduct 물 스트레스 지수.xlsx,1.1_observation(측정값),1359,
B-017,WRI Aqueduct 물 스트레스 지수,observation,vnm-v121-b-017-obs-1360-8b14a5d29825d0e7,B-017_bws_prov_opt_2080_ha_ta_nh,VNM,2080,2.7696,점,,,,,,[전망치] · 등급 2 · Medium - High (20-40%),WRI Aqueduct 4.0,https://files.wri.org/aqueduct/aqueduct-4-0-country-rankings.zip,CC-BY-4.0,B-017_WRI Aqueduct 물 스트레스 지수.xlsx,1.1_observation(측정값),1360,
B-017,WRI Aqueduct 물 스트레스 지수,observation,vnm-v121-b-017-obs-1361-f15050fa824e8b1a,B-017_bws_prov_opt_2080_h_ng_yaan,VNM,2080,1.3356,점,,,,,,[전망치] · 등급 1 · Low - Medium (10-20%),WRI Aqueduct 4.0,https://files.wri.org/aqueduct/aqueduct-4-0-country-rankings.zip,CC-BY-4.0,B-017_WRI Aqueduct 물 스트레스 지수.xlsx,1.1_observation(측정값),1361,
B-017,WRI Aqueduct 물 스트레스 지수,observation,vnm-v121-b-017-obs-1362-5acb2f6a1f8ab679,B-017_bws_prov_opt_2080_hao_i_d_ng,VNM,2080,1.8675,점,,,,,,[전망치] · 등급 1 · Low - Medium (10-20%),WRI Aqueduct 4.0,https://files.wri.org/aqueduct/aqueduct-4-0-country-rankings.zip,CC-BY-4.0,B-017_WRI Aqueduct 물 스트레스 지수.xlsx,1.1_observation(측정값),1362,
B-017,WRI Aqueduct 물 스트레스 지수,observation,vnm-v121-b-017-obs-1363-358703e09596d9ba,B-017_bws_prov_opt_2080_hao_i_pha2ng,VNM,2080,1.78,점,,,,,,[전망치] · 등급 1 · Low - Medium (10-20%),WRI Aqueduct 4.0,https://files.wri.org/aqueduct/aqueduct-4-0-country-rankings.zip,CC-BY-4.0,B-017_WRI Aqueduct 물 스트레스 지수.xlsx,1.1_observation(측정값),1363,
B-017,WRI Aqueduct 물 스트레스 지수,observation,vnm-v121-b-017-obs-1364-407567ee00b709eb,B-017_bws_prov_opt_2080_hao_u_giang,VNM,2080,1.6127,점,,,,,,[전망치] · 등급 1 · Low - Medium (10-20%),WRI Aqueduct 4.0,https://files.wri.org/aqueduct/aqueduct-4-0-country-rankings.zip,CC-BY-4.0,B-017_WRI Aqueduct 물 스트레스 지수.xlsx,1.1_observation(측정값),1364,
B-017,WRI Aqueduct 물 스트레스 지수,observation,vnm-v121-b-017-obs-1365-5d29f62b3da67975,B-017_bws_prov_opt_2080_ha_cha_minh,VNM,2080,2.1082,점,,,,,,[전망치] · 등급 2 · Medium - High (20-40%),WRI Aqueduct 4.0,https://files.wri.org/aqueduct/aqueduct-4-0-country-rankings.zip,CC-BY-4.0,B-017_WRI Aqueduct 물 스트레스 지수.xlsx,1.1_observation(측정값),1365,
B-017,WRI Aqueduct 물 스트레스 지수,observation,vnm-v121-b-017-obs-1366-04df581053a25cab,B-017_bws_prov_opt_2080_kha_nh_ha2a,VNM,2080,1.581,점,,,,,,[전망치] · 등급 1 · Low - Medium (10-20%),WRI Aqueduct 4.0,https://files.wri.org/aqueduct/aqueduct-4-0-country-rankings.zip,CC-BY-4.0,B-017_WRI Aqueduct 물 스트레스 지수.xlsx,1.1_observation(측정값),1366,
B-017,WRI Aqueduct 물 스트레스 지수,observation,vnm-v121-b-017-obs-1367-b0ebf9bbabda6139,B-017_bws_prov_opt_2080_kiaan_giang,VNM,2080,1.6126,점,,,,,,[전망치] · 등급 1 · Low - Medium (10-20%),WRI Aqueduct 4.0,https://files.wri.org/aqueduct/aqueduct-4-0-country-rankings.zip,CC-BY-4.0,B-017_WRI Aqueduct 물 스트레스 지수.xlsx,1.1_observation(측정값),1367,
B-017,WRI Aqueduct 물 스트레스 지수,observation,vnm-v121-b-017-obs-1368-d7616200876168c4,B-017_bws_prov_opt_2080_kon_tum,VNM,2080,0.8565,점,,,,,,[전망치] · 등급 0 · Low (<10%),WRI Aqueduct 4.0,https://files.wri.org/aqueduct/aqueduct-4-0-country-rankings.zip,CC-BY-4.0,B-017_WRI Aqueduct 물 스트레스 지수.xlsx,1.1_observation(측정값),1368,
B-017,WRI Aqueduct 물 스트레스 지수,observation,vnm-v121-b-017-obs-1369-e470f77da4c62125,B-017_bws_prov_opt_2080_lai_cha_u,VNM,2080,0.3175,점,,,,,,[전망치] · 등급 0 · Low (<10%),WRI Aqueduct 4.0,https://files.wri.org/aqueduct/aqueduct-4-0-country-rankings.zip,CC-BY-4.0,B-017_WRI Aqueduct 물 스트레스 지수.xlsx,1.1_observation(측정값),1369,
B-017,WRI Aqueduct 물 스트레스 지수,observation,vnm-v121-b-017-obs-1370-1c499827e8346f64,B-017_bws_prov_opt_2080_long_an,VNM,2080,4.368,점,,,,,,[전망치] · 등급 4 · Extremely High (>80%),WRI Aqueduct 4.0,https://files.wri.org/aqueduct/aqueduct-4-0-country-rankings.zip,CC-BY-4.0,B-017_WRI Aqueduct 물 스트레스 지수.xlsx,1.1_observation(측정값),1370,
B-017,WRI Aqueduct 물 스트레스 지수,observation,vnm-v121-b-017-obs-1371-ebdfaaa134255387,B-017_bws_prov_opt_2080_la_o_cai,VNM,2080,1.1205,점,,,,,,[전망치] · 등급 1 · Low - Medium (10-20%),WRI Aqueduct 4.0,https://files.wri.org/aqueduct/aqueduct-4-0-country-rankings.zip,CC-BY-4.0,B-017_WRI Aqueduct 물 스트레스 지수.xlsx,1.1_observation(측정값),1371,
B-017,WRI Aqueduct 물 스트레스 지수,observation,vnm-v121-b-017-obs-1372-b69e037f04b4e6de,B-017_bws_prov_opt_2080_la_m_a_a_ng,VNM,2080,2.1041,점,,,,,,[전망치] · 등급 2 · Medium - High (20-40%),WRI Aqueduct 4.0,https://files.wri.org/aqueduct/aqueduct-4-0-country-rankings.zip,CC-BY-4.0,B-017_WRI Aqueduct 물 스트레스 지수.xlsx,1.1_observation(측정값),1372,
B-017,WRI Aqueduct 물 스트레스 지수,observation,vnm-v121-b-017-obs-1373-e260390c62d71aae,B-017_bws_prov_opt_2080_lao_ng_s_n,VNM,2080,1.8638,점,,,,,,[전망치] · 등급 1 · Low - Medium (10-20%),WRI Aqueduct 4.0,https://files.wri.org/aqueduct/aqueduct-4-0-country-rankings.zip,CC-BY-4.0,B-017_WRI Aqueduct 물 스트레스 지수.xlsx,1.1_observation(측정값),1373,
B-017,WRI Aqueduct 물 스트레스 지수,observation,vnm-v121-b-017-obs-1374-678bb8548d8761db,B-017_bws_prov_opt_2080_nam_a_a_nh,VNM,2080,1.3356,점,,,,,,[전망치] · 등급 1 · Low - Medium (10-20%),WRI Aqueduct 4.0,https://files.wri.org/aqueduct/aqueduct-4-0-country-rankings.zip,CC-BY-4.0,B-017_WRI Aqueduct 물 스트레스 지수.xlsx,1.1_observation(측정값),1374,
B-017,WRI Aqueduct 물 스트레스 지수,observation,vnm-v121-b-017-obs-1375-24b94e672f9c75de,B-017_bws_prov_opt_2080_ngha_an,VNM,2080,3.6223,점,,,,,,[전망치] · 등급 3 · High (40-80%),WRI Aqueduct 4.0,https://files.wri.org/aqueduct/aqueduct-4-0-country-rankings.zip,CC-BY-4.0,B-017_WRI Aqueduct 물 스트레스 지수.xlsx,1.1_observation(측정값),1375,
B-017,WRI Aqueduct 물 스트레스 지수,observation,vnm-v121-b-017-obs-1376-6743416b80bfdbd2,B-017_bws_prov_opt_2080_ninh_ba_nh,VNM,2080,1.3455,점,,,,,,[전망치] · 등급 1 · Low - Medium (10-20%),WRI Aqueduct 4.0,https://files.wri.org/aqueduct/aqueduct-4-0-country-rankings.zip,CC-BY-4.0,B-017_WRI Aqueduct 물 스트레스 지수.xlsx,1.1_observation(측정값),1376,
B-017,WRI Aqueduct 물 스트레스 지수,observation,vnm-v121-b-017-obs-1377-20791d4734498139,B-017_bws_prov_opt_2080_ninh_thuao_n,VNM,2080,1.581,점,,,,,,[전망치] · 등급 1 · Low - Medium (10-20%),WRI Aqueduct 4.0,https://files.wri.org/aqueduct/aqueduct-4-0-country-rankings.zip,CC-BY-4.0,B-017_WRI Aqueduct 물 스트레스 지수.xlsx,1.1_observation(측정값),1377,
B-017,WRI Aqueduct 물 스트레스 지수,observation,vnm-v121-b-017-obs-1378-8975ac4dd8921c1c,B-017_bws_prov_opt_2080_phao_tha,VNM,2080,0.5274,점,,,,,,[전망치] · 등급 0 · Low (<10%),WRI Aqueduct 4.0,https://files.wri.org/aqueduct/aqueduct-4-0-country-rankings.zip,CC-BY-4.0,B-017_WRI Aqueduct 물 스트레스 지수.xlsx,1.1_observation(측정값),1378,
B-017,WRI Aqueduct 물 스트레스 지수,observation,vnm-v121-b-017-obs-1379-757e2de6cf335ce4,B-017_bws_prov_opt_2080_phao_yaan,VNM,2080,2.2611,점,,,,,,[전망치] · 등급 2 · Medium - High (20-40%),WRI Aqueduct 4.0,https://files.wri.org/aqueduct/aqueduct-4-0-country-rankings.zip,CC-BY-4.0,B-017_WRI Aqueduct 물 스트레스 지수.xlsx,1.1_observation(측정값),1379,
B-017,WRI Aqueduct 물 스트레스 지수,observation,vnm-v121-b-017-obs-1380-2b9d17a04290867c,B-017_bws_prov_opt_2080_quao_ng_ba_nh,VNM,2080,2.2999,점,,,,,,[전망치] · 등급 2 · Medium - High (20-40%),WRI Aqueduct 4.0,https://files.wri.org/aqueduct/aqueduct-4-0-country-rankings.zip,CC-BY-4.0,B-017_WRI Aqueduct 물 스트레스 지수.xlsx,1.1_observation(측정값),1380,
B-017,WRI Aqueduct 물 스트레스 지수,observation,vnm-v121-b-017-obs-1381-a710404a2c124b9c,B-017_bws_prov_opt_2080_quao_ng_nam,VNM,2080,1.7198,점,,,,,,[전망치] · 등급 1 · Low - Medium (10-20%),WRI Aqueduct 4.0,https://files.wri.org/aqueduct/aqueduct-4-0-country-rankings.zip,CC-BY-4.0,B-017_WRI Aqueduct 물 스트레스 지수.xlsx,1.1_observation(측정값),1381,
B-017,WRI Aqueduct 물 스트레스 지수,observation,vnm-v121-b-017-obs-1382-4308e35cd85dd280,B-017_bws_prov_opt_2080_quao_ng_nga_i,VNM,2080,2.284,점,,,,,,[전망치] · 등급 2 · Medium - High (20-40%),WRI Aqueduct 4.0,https://files.wri.org/aqueduct/aqueduct-4-0-country-rankings.zip,CC-BY-4.0,B-017_WRI Aqueduct 물 스트레스 지수.xlsx,1.1_observation(측정값),1382,
B-017,WRI Aqueduct 물 스트레스 지수,observation,vnm-v121-b-017-obs-1383-99ff3be93d8e20db,B-017_bws_prov_opt_2080_quao_ng_ninh,VNM,2080,1.6279,점,,,,,,[전망치] · 등급 1 · Low - Medium (10-20%),WRI Aqueduct 4.0,https://files.wri.org/aqueduct/aqueduct-4-0-country-rankings.zip,CC-BY-4.0,B-017_WRI Aqueduct 물 스트레스 지수.xlsx,1.1_observation(측정값),1383,
B-017,WRI Aqueduct 물 스트레스 지수,observation,vnm-v121-b-017-obs-1384-4f71b6dee9776781,B-017_bws_prov_opt_2080_quao_ng_tra,VNM,2080,2.3024,점,,,,,,[전망치] · 등급 2 · Medium - High (20-40%),WRI Aqueduct 4.0,https://files.wri.org/aqueduct/aqueduct-4-0-country-rankings.zip,CC-BY-4.0,B-017_WRI Aqueduct 물 스트레스 지수.xlsx,1.1_observation(측정값),1384,
B-017,WRI Aqueduct 물 스트레스 지수,observation,vnm-v121-b-017-obs-1385-60801cca0822600a,B-017_bws_prov_opt_2080_sa3c_tra_ng,VNM,2080,1.6127,점,,,,,,[전망치] · 등급 1 · Low - Medium (10-20%),WRI Aqueduct 4.0,https://files.wri.org/aqueduct/aqueduct-4-0-country-rankings.zip,CC-BY-4.0,B-017_WRI Aqueduct 물 스트레스 지수.xlsx,1.1_observation(측정값),1385,
B-017,WRI Aqueduct 물 스트레스 지수,observation,vnm-v121-b-017-obs-1386-fe838c656e0fa1f3,B-017_bws_prov_opt_2080_s_n_la,VNM,2080,0.6051,점,,,,,,[전망치] · 등급 0 · Low (<10%),WRI Aqueduct 4.0,https://files.wri.org/aqueduct/aqueduct-4-0-country-rankings.zip,CC-BY-4.0,B-017_WRI Aqueduct 물 스트레스 지수.xlsx,1.1_observation(측정값),1386,
B-017,WRI Aqueduct 물 스트레스 지수,observation,vnm-v121-b-017-obs-1387-0599a7f95b0f6cf9,B-017_bws_prov_opt_2080_thanh_ha3a,VNM,2080,2.9831,점,,,,,,[전망치] · 등급 2 · Medium - High (20-40%),WRI Aqueduct 4.0,https://files.wri.org/aqueduct/aqueduct-4-0-country-rankings.zip,CC-BY-4.0,B-017_WRI Aqueduct 물 스트레스 지수.xlsx,1.1_observation(측정값),1387,
B-017,WRI Aqueduct 물 스트레스 지수,observation,vnm-v121-b-017-obs-1388-3b1e6c1be7b7e015,B-017_bws_prov_opt_2080_tha_i_ba_nh,VNM,2080,1.3356,점,,,,,,[전망치] · 등급 1 · Low - Medium (10-20%),WRI Aqueduct 4.0,https://files.wri.org/aqueduct/aqueduct-4-0-country-rankings.zip,CC-BY-4.0,B-017_WRI Aqueduct 물 스트레스 지수.xlsx,1.1_observation(측정값),1388,
B-017,WRI Aqueduct 물 스트레스 지수,observation,vnm-v121-b-017-obs-1389-e5da6ead9e57eb7c,B-017_bws_prov_opt_2080_tha_i_nguyaan,VNM,2080,2.7533,점,,,,,,[전망치] · 등급 2 · Medium - High (20-40%),WRI Aqueduct 4.0,https://files.wri.org/aqueduct/aqueduct-4-0-country-rankings.zip,CC-BY-4.0,B-017_WRI Aqueduct 물 스트레스 지수.xlsx,1.1_observation(측정값),1389,
B-017,WRI Aqueduct 물 스트레스 지수,observation,vnm-v121-b-017-obs-1390-6c236d605ec134f7,B-017_bws_prov_opt_2080_tha_a_thiaan_huao,VNM,2080,2.2953,점,,,,,,[전망치] · 등급 2 · Medium - High (20-40%),WRI Aqueduct 4.0,https://files.wri.org/aqueduct/aqueduct-4-0-country-rankings.zip,CC-BY-4.0,B-017_WRI Aqueduct 물 스트레스 지수.xlsx,1.1_observation(측정값),1390,
B-017,WRI Aqueduct 물 스트레스 지수,observation,vnm-v121-b-017-obs-1391-ea7ef640a04f77bd,B-017_bws_prov_opt_2080_tia_n_giang,VNM,2080,2.6037,점,,,,,,[전망치] · 등급 2 · Medium - High (20-40%),WRI Aqueduct 4.0,https://files.wri.org/aqueduct/aqueduct-4-0-country-rankings.zip,CC-BY-4.0,B-017_WRI Aqueduct 물 스트레스 지수.xlsx,1.1_observation(측정값),1391,
B-017,WRI Aqueduct 물 스트레스 지수,observation,vnm-v121-b-017-obs-1392-bd514166c6c676ce,B-017_bws_prov_opt_2080_tra_vinh,VNM,2080,1.6127,점,,,,,,[전망치] · 등급 1 · Low - Medium (10-20%),WRI Aqueduct 4.0,https://files.wri.org/aqueduct/aqueduct-4-0-country-rankings.zip,CC-BY-4.0,B-017_WRI Aqueduct 물 스트레스 지수.xlsx,1.1_observation(측정값),1392,
B-017,WRI Aqueduct 물 스트레스 지수,observation,vnm-v121-b-017-obs-1393-85e29fb2d5ec1ddb,B-017_bws_prov_opt_2080_tuyaan_quang,VNM,2080,0.3304,점,,,,,,[전망치] · 등급 0 · Low (<10%),WRI Aqueduct 4.0,https://files.wri.org/aqueduct/aqueduct-4-0-country-rankings.zip,CC-BY-4.0,B-017_WRI Aqueduct 물 스트레스 지수.xlsx,1.1_observation(측정값),1393,
B-017,WRI Aqueduct 물 스트레스 지수,observation,vnm-v121-b-017-obs-1394-81ee4a551ab5d577,B-017_bws_prov_opt_2080_ta_y_ninh,VNM,2080,4.0449,점,,,,,,[전망치] · 등급 4 · Extremely High (>80%),WRI Aqueduct 4.0,https://files.wri.org/aqueduct/aqueduct-4-0-country-rankings.zip,CC-BY-4.0,B-017_WRI Aqueduct 물 스트레스 지수.xlsx,1.1_observation(측정값),1394,
B-017,WRI Aqueduct 물 스트레스 지수,observation,vnm-v121-b-017-obs-1395-ec9ab821fd8835d7,B-017_bws_prov_opt_2080_va_nh_long,VNM,2080,1.6127,점,,,,,,[전망치] · 등급 1 · Low - Medium (10-20%),WRI Aqueduct 4.0,https://files.wri.org/aqueduct/aqueduct-4-0-country-rankings.zip,CC-BY-4.0,B-017_WRI Aqueduct 물 스트레스 지수.xlsx,1.1_observation(측정값),1395,
B-017,WRI Aqueduct 물 스트레스 지수,observation,vnm-v121-b-017-obs-1396-55f05954cd0298b7,B-017_bws_prov_opt_2080_va_nh_phaoc,VNM,2080,1.4695,점,,,,,,[전망치] · 등급 1 · Low - Medium (10-20%),WRI Aqueduct 4.0,https://files.wri.org/aqueduct/aqueduct-4-0-country-rankings.zip,CC-BY-4.0,B-017_WRI Aqueduct 물 스트레스 지수.xlsx,1.1_observation(측정값),1396,
B-017,WRI Aqueduct 물 스트레스 지수,observation,vnm-v121-b-017-obs-1397-ae825b1971199188,B-017_bws_prov_opt_2080_yaan_ba_i,VNM,2080,0.9568,점,,,,,,[전망치] · 등급 0 · Low (<10%),WRI Aqueduct 4.0,https://files.wri.org/aqueduct/aqueduct-4-0-country-rankings.zip,CC-BY-4.0,B-017_WRI Aqueduct 물 스트레스 지수.xlsx,1.1_observation(측정값),1397,
B-017,WRI Aqueduct 물 스트레스 지수,observation,vnm-v121-b-017-obs-1398-8a5cb236b042d303,B-017_bws_prov_opt_2080_a_ia_n_biaan,VNM,2080,0.6667,점,,,,,,[전망치] · 등급 0 · Low (<10%),WRI Aqueduct 4.0,https://files.wri.org/aqueduct/aqueduct-4-0-country-rankings.zip,CC-BY-4.0,B-017_WRI Aqueduct 물 스트레스 지수.xlsx,1.1_observation(측정값),1398,
B-017,WRI Aqueduct 물 스트레스 지수,observation,vnm-v121-b-017-obs-1399-9b759a09816637e1,B-017_bws_prov_opt_2080_a_a_nao_ng,VNM,2080,2.3107,점,,,,,,[전망치] · 등급 2 · Medium - High (20-40%),WRI Aqueduct 4.0,https://files.wri.org/aqueduct/aqueduct-4-0-country-rankings.zip,CC-BY-4.0,B-017_WRI Aqueduct 물 스트레스 지수.xlsx,1.1_observation(측정값),1399,
B-017,WRI Aqueduct 물 스트레스 지수,observation,vnm-v121-b-017-obs-1400-e19b9eb3d43f1409,B-017_bws_prov_opt_2080_a_ao_k_lao_k,VNM,2080,0.1623,점,,,,,,[전망치] · 등급 0 · Low (<10%),WRI Aqueduct 4.0,https://files.wri.org/aqueduct/aqueduct-4-0-country-rankings.zip,CC-BY-4.0,B-017_WRI Aqueduct 물 스트레스 지수.xlsx,1.1_observation(측정값),1400,
B-017,WRI Aqueduct 물 스트레스 지수,observation,vnm-v121-b-017-obs-1401-2958a89b70335d83,B-017_bws_prov_opt_2080_a_ao_k_na_ng,VNM,2080,0.5052,점,,,,,,[전망치] · 등급 0 · Low (<10%),WRI Aqueduct 4.0,https://files.wri.org/aqueduct/aqueduct-4-0-country-rankings.zip,CC-BY-4.0,B-017_WRI Aqueduct 물 스트레스 지수.xlsx,1.1_observation(측정값),1401,
B-017,WRI Aqueduct 물 스트레스 지수,observation,vnm-v121-b-017-obs-1402-b8aeca6455d23531,B-017_bws_prov_opt_2080_a_a_ng_nai,VNM,2080,2.0254,점,,,,,,[전망치] · 등급 2 · Medium - High (20-40%),WRI Aqueduct 4.0,https://files.wri.org/aqueduct/aqueduct-4-0-country-rankings.zip,CC-BY-4.0,B-017_WRI Aqueduct 물 스트레스 지수.xlsx,1.1_observation(측정값),1402,
B-017,WRI Aqueduct 물 스트레스 지수,observation,vnm-v121-b-017-obs-1403-bd6269b1a0b21ffb,B-017_bws_prov_opt_2080_a_a_ng_tha_p,VNM,2080,2.3742,점,,,,,,[전망치] · 등급 2 · Medium - High (20-40%),WRI Aqueduct 4.0,https://files.wri.org/aqueduct/aqueduct-4-0-country-rankings.zip,CC-BY-4.0,B-017_WRI Aqueduct 물 스트레스 지수.xlsx,1.1_observation(측정값),1403,
B-017,WRI Aqueduct 물 스트레스 지수,observation,vnm-v121-b-017-obs-1404-dd5bf6956c7372a9,B-017_bws_prov_pes_2030_an_giang,VNM,2030,1.5822,점,,,,,,[전망치] · 등급 1 · Low - Medium (10-20%),WRI Aqueduct 4.0,https://files.wri.org/aqueduct/aqueduct-4-0-country-rankings.zip,CC-BY-4.0,B-017_WRI Aqueduct 물 스트레스 지수.xlsx,1.1_observation(측정값),1404,
B-017,WRI Aqueduct 물 스트레스 지수,observation,vnm-v121-b-017-obs-1405-4fa3d75a19551607,B-017_bws_prov_pes_2030_ba_ra_a_va_ng_ta_u,VNM,2030,1.3805,점,,,,,,[전망치] · 등급 1 · Low - Medium (10-20%),WRI Aqueduct 4.0,https://files.wri.org/aqueduct/aqueduct-4-0-country-rankings.zip,CC-BY-4.0,B-017_WRI Aqueduct 물 스트레스 지수.xlsx,1.1_observation(측정값),1405,
B-017,WRI Aqueduct 물 스트레스 지수,observation,vnm-v121-b-017-obs-1406-d4acfa56dac7858f,B-017_bws_prov_pes_2030_ba_nh_d_ng,VNM,2030,1.8964,점,,,,,,[전망치] · 등급 1 · Low - Medium (10-20%),WRI Aqueduct 4.0,https://files.wri.org/aqueduct/aqueduct-4-0-country-rankings.zip,CC-BY-4.0,B-017_WRI Aqueduct 물 스트레스 지수.xlsx,1.1_observation(측정값),1406,
B-017,WRI Aqueduct 물 스트레스 지수,observation,vnm-v121-b-017-obs-1407-a1f53664db14f2c3,B-017_bws_prov_pes_2030_ba_nh_ph_a_c,VNM,2030,1.8264,점,,,,,,[전망치] · 등급 1 · Low - Medium (10-20%),WRI Aqueduct 4.0,https://files.wri.org/aqueduct/aqueduct-4-0-country-rankings.zip,CC-BY-4.0,B-017_WRI Aqueduct 물 스트레스 지수.xlsx,1.1_observation(측정값),1407,
B-017,WRI Aqueduct 물 스트레스 지수,observation,vnm-v121-b-017-obs-1408-f17bb3092acd0e64,B-017_bws_prov_pes_2030_ba_nh_thuao_n,VNM,2030,1.4515,점,,,,,,[전망치] · 등급 1 · Low - Medium (10-20%),WRI Aqueduct 4.0,https://files.wri.org/aqueduct/aqueduct-4-0-country-rankings.zip,CC-BY-4.0,B-017_WRI Aqueduct 물 스트레스 지수.xlsx,1.1_observation(측정값),1408,
B-017,WRI Aqueduct 물 스트레스 지수,observation,vnm-v121-b-017-obs-1409-3fc0ae8f780d0a69,B-017_bws_prov_pes_2030_ba_nh_a_a_nh,VNM,2030,2.7075,점,,,,,,[전망치] · 등급 2 · Medium - High (20-40%),WRI Aqueduct 4.0,https://files.wri.org/aqueduct/aqueduct-4-0-country-rankings.zip,CC-BY-4.0,B-017_WRI Aqueduct 물 스트레스 지수.xlsx,1.1_observation(측정값),1409,
B-017,WRI Aqueduct 물 스트레스 지수,observation,vnm-v121-b-017-obs-1410-f26d7ec6f7cf2472,B-017_bws_prov_pes_2030_bao_c_liaau,VNM,2030,1.5822,점,,,,,,[전망치] · 등급 1 · Low - Medium (10-20%),WRI Aqueduct 4.0,https://files.wri.org/aqueduct/aqueduct-4-0-country-rankings.zip,CC-BY-4.0,B-017_WRI Aqueduct 물 스트레스 지수.xlsx,1.1_observation(측정값),1410,
B-017,WRI Aqueduct 물 스트레스 지수,observation,vnm-v121-b-017-obs-1411-c3895a4f332a5901,B-017_bws_prov_pes_2030_bao_c_giang,VNM,2030,3.118,점,,,,,,[전망치] · 등급 3 · High (40-80%),WRI Aqueduct 4.0,https://files.wri.org/aqueduct/aqueduct-4-0-country-rankings.zip,CC-BY-4.0,B-017_WRI Aqueduct 물 스트레스 지수.xlsx,1.1_observation(측정값),1411,
B-017,WRI Aqueduct 물 스트레스 지수,observation,vnm-v121-b-017-obs-1412-7b27bcd0c8956e96,B-017_bws_prov_pes_2030_bao_c_kao_n,VNM,2030,1.8914,점,,,,,,[전망치] · 등급 1 · Low - Medium (10-20%),WRI Aqueduct 4.0,https://files.wri.org/aqueduct/aqueduct-4-0-country-rankings.zip,CC-BY-4.0,B-017_WRI Aqueduct 물 스트레스 지수.xlsx,1.1_observation(측정값),1412,
B-017,WRI Aqueduct 물 스트레스 지수,observation,vnm-v121-b-017-obs-1413-ca0f584cb7fbe21a,B-017_bws_prov_pes_2030_bao_c_ninh,VNM,2030,3.118,점,,,,,,[전망치] · 등급 3 · High (40-80%),WRI Aqueduct 4.0,https://files.wri.org/aqueduct/aqueduct-4-0-country-rankings.zip,CC-BY-4.0,B-017_WRI Aqueduct 물 스트레스 지수.xlsx,1.1_observation(측정값),1413,
B-017,WRI Aqueduct 물 스트레스 지수,observation,vnm-v121-b-017-obs-1414-96ff990e301a7b58,B-017_bws_prov_pes_2030_bao_n_tre,VNM,2030,1.5822,점,,,,,,[전망치] · 등급 1 · Low - Medium (10-20%),WRI Aqueduct 4.0,https://files.wri.org/aqueduct/aqueduct-4-0-country-rankings.zip,CC-BY-4.0,B-017_WRI Aqueduct 물 스트레스 지수.xlsx,1.1_observation(측정값),1414,
B-017,WRI Aqueduct 물 스트레스 지수,observation,vnm-v121-b-017-obs-1415-0cf19849db14fa04,B-017_bws_prov_pes_2030_cao_bao_ng,VNM,2030,0.8159,점,,,,,,[전망치] · 등급 0 · Low (<10%),WRI Aqueduct 4.0,https://files.wri.org/aqueduct/aqueduct-4-0-country-rankings.zip,CC-BY-4.0,B-017_WRI Aqueduct 물 스트레스 지수.xlsx,1.1_observation(측정값),1415,
B-017,WRI Aqueduct 물 스트레스 지수,observation,vnm-v121-b-017-obs-1416-f785e69ce6e2266b,B-017_bws_prov_pes_2030_ca_mau,VNM,2030,1.5822,점,,,,,,[전망치] · 등급 1 · Low - Medium (10-20%),WRI Aqueduct 4.0,https://files.wri.org/aqueduct/aqueduct-4-0-country-rankings.zip,CC-BY-4.0,B-017_WRI Aqueduct 물 스트레스 지수.xlsx,1.1_observation(측정값),1416,
B-017,WRI Aqueduct 물 스트레스 지수,observation,vnm-v121-b-017-obs-1417-f252b590343345a5,B-017_bws_prov_pes_2030_cao_n_th,VNM,2030,1.5822,점,,,,,,[전망치] · 등급 1 · Low - Medium (10-20%),WRI Aqueduct 4.0,https://files.wri.org/aqueduct/aqueduct-4-0-country-rankings.zip,CC-BY-4.0,B-017_WRI Aqueduct 물 스트레스 지수.xlsx,1.1_observation(측정값),1417,
B-017,WRI Aqueduct 물 스트레스 지수,observation,vnm-v121-b-017-obs-1418-afc005c237b6fa29,B-017_bws_prov_pes_2030_gia_lai,VNM,2030,1.3696,점,,,,,,[전망치] · 등급 1 · Low - Medium (10-20%),WRI Aqueduct 4.0,https://files.wri.org/aqueduct/aqueduct-4-0-country-rankings.zip,CC-BY-4.0,B-017_WRI Aqueduct 물 스트레스 지수.xlsx,1.1_observation(측정값),1418,
B-017,WRI Aqueduct 물 스트레스 지수,observation,vnm-v121-b-017-obs-1419-363ad6150afc6572,B-017_bws_prov_pes_2030_hoa_ba_nh,VNM,2030,1.2279,점,,,,,,[전망치] · 등급 1 · Low - Medium (10-20%),WRI Aqueduct 4.0,https://files.wri.org/aqueduct/aqueduct-4-0-country-rankings.zip,CC-BY-4.0,B-017_WRI Aqueduct 물 스트레스 지수.xlsx,1.1_observation(측정값),1419,
B-017,WRI Aqueduct 물 스트레스 지수,observation,vnm-v121-b-017-obs-1420-563ea4ead6c812d3,B-017_bws_prov_pes_2030_ha_giang,VNM,2030,0.444,점,,,,,,[전망치] · 등급 0 · Low (<10%),WRI Aqueduct 4.0,https://files.wri.org/aqueduct/aqueduct-4-0-country-rankings.zip,CC-BY-4.0,B-017_WRI Aqueduct 물 스트레스 지수.xlsx,1.1_observation(측정값),1420,
B-017,WRI Aqueduct 물 스트레스 지수,observation,vnm-v121-b-017-obs-1421-ae165714d33ac62a,B-017_bws_prov_pes_2030_ha_nam,VNM,2030,1.7385,점,,,,,,[전망치] · 등급 1 · Low - Medium (10-20%),WRI Aqueduct 4.0,https://files.wri.org/aqueduct/aqueduct-4-0-country-rankings.zip,CC-BY-4.0,B-017_WRI Aqueduct 물 스트레스 지수.xlsx,1.1_observation(측정값),1421,
B-017,WRI Aqueduct 물 스트레스 지수,observation,vnm-v121-b-017-obs-1422-9b47469666785941,B-017_bws_prov_pes_2030_ha_na_tmi,VNM,2030,2.0176,점,,,,,,[전망치] · 등급 2 · Medium - High (20-40%),WRI Aqueduct 4.0,https://files.wri.org/aqueduct/aqueduct-4-0-country-rankings.zip,CC-BY-4.0,B-017_WRI Aqueduct 물 스트레스 지수.xlsx,1.1_observation(측정값),1422,
B-017,WRI Aqueduct 물 스트레스 지수,observation,vnm-v121-b-017-obs-1423-88fda114241253cf,B-017_bws_prov_pes_2030_ha_ta_nh,VNM,2030,2.8554,점,,,,,,[전망치] · 등급 2 · Medium - High (20-40%),WRI Aqueduct 4.0,https://files.wri.org/aqueduct/aqueduct-4-0-country-rankings.zip,CC-BY-4.0,B-017_WRI Aqueduct 물 스트레스 지수.xlsx,1.1_observation(측정값),1423,
B-017,WRI Aqueduct 물 스트레스 지수,observation,vnm-v121-b-017-obs-1424-497d65234adc01ae,B-017_bws_prov_pes_2030_h_ng_yaan,VNM,2030,1.7385,점,,,,,,[전망치] · 등급 1 · Low - Medium (10-20%),WRI Aqueduct 4.0,https://files.wri.org/aqueduct/aqueduct-4-0-country-rankings.zip,CC-BY-4.0,B-017_WRI Aqueduct 물 스트레스 지수.xlsx,1.1_observation(측정값),1424,
B-017,WRI Aqueduct 물 스트레스 지수,observation,vnm-v121-b-017-obs-1425-937838f938581383,B-017_bws_prov_pes_2030_hao_i_d_ng,VNM,2030,2.2676,점,,,,,,[전망치] · 등급 2 · Medium - High (20-40%),WRI Aqueduct 4.0,https://files.wri.org/aqueduct/aqueduct-4-0-country-rankings.zip,CC-BY-4.0,B-017_WRI Aqueduct 물 스트레스 지수.xlsx,1.1_observation(측정값),1425,
B-017,WRI Aqueduct 물 스트레스 지수,observation,vnm-v121-b-017-obs-1426-6aa9f2cc81e07616,B-017_bws_prov_pes_2030_hao_i_pha2ng,VNM,2030,2.2026,점,,,,,,[전망치] · 등급 2 · Medium - High (20-40%),WRI Aqueduct 4.0,https://files.wri.org/aqueduct/aqueduct-4-0-country-rankings.zip,CC-BY-4.0,B-017_WRI Aqueduct 물 스트레스 지수.xlsx,1.1_observation(측정값),1426,
B-017,WRI Aqueduct 물 스트레스 지수,observation,vnm-v121-b-017-obs-1427-99b0e94c27ad3af6,B-017_bws_prov_pes_2030_hao_u_giang,VNM,2030,1.5822,점,,,,,,[전망치] · 등급 1 · Low - Medium (10-20%),WRI Aqueduct 4.0,https://files.wri.org/aqueduct/aqueduct-4-0-country-rankings.zip,CC-BY-4.0,B-017_WRI Aqueduct 물 스트레스 지수.xlsx,1.1_observation(측정값),1427,
B-017,WRI Aqueduct 물 스트레스 지수,observation,vnm-v121-b-017-obs-1428-f7f7502439f20973,B-017_bws_prov_pes_2030_ha_cha_minh,VNM,2030,1.8768,점,,,,,,[전망치] · 등급 1 · Low - Medium (10-20%),WRI Aqueduct 4.0,https://files.wri.org/aqueduct/aqueduct-4-0-country-rankings.zip,CC-BY-4.0,B-017_WRI Aqueduct 물 스트레스 지수.xlsx,1.1_observation(측정값),1428,
B-017,WRI Aqueduct 물 스트레스 지수,observation,vnm-v121-b-017-obs-1429-3a29c9e2e0941feb,B-017_bws_prov_pes_2030_kha_nh_ha2a,VNM,2030,1.3805,점,,,,,,[전망치] · 등급 1 · Low - Medium (10-20%),WRI Aqueduct 4.0,https://files.wri.org/aqueduct/aqueduct-4-0-country-rankings.zip,CC-BY-4.0,B-017_WRI Aqueduct 물 스트레스 지수.xlsx,1.1_observation(측정값),1429,
B-017,WRI Aqueduct 물 스트레스 지수,observation,vnm-v121-b-017-obs-1430-7b190a05ed24c203,B-017_bws_prov_pes_2030_kiaan_giang,VNM,2030,1.5821,점,,,,,,[전망치] · 등급 1 · Low - Medium (10-20%),WRI Aqueduct 4.0,https://files.wri.org/aqueduct/aqueduct-4-0-country-rankings.zip,CC-BY-4.0,B-017_WRI Aqueduct 물 스트레스 지수.xlsx,1.1_observation(측정값),1430,
B-017,WRI Aqueduct 물 스트레스 지수,observation,vnm-v121-b-017-obs-1431-ad026813ed9399b2,B-017_bws_prov_pes_2030_kon_tum,VNM,2030,0.8085,점,,,,,,[전망치] · 등급 0 · Low (<10%),WRI Aqueduct 4.0,https://files.wri.org/aqueduct/aqueduct-4-0-country-rankings.zip,CC-BY-4.0,B-017_WRI Aqueduct 물 스트레스 지수.xlsx,1.1_observation(측정값),1431,
B-017,WRI Aqueduct 물 스트레스 지수,observation,vnm-v121-b-017-obs-1432-27f031b47383a462,B-017_bws_prov_pes_2030_lai_cha_u,VNM,2030,0.3718,점,,,,,,[전망치] · 등급 0 · Low (<10%),WRI Aqueduct 4.0,https://files.wri.org/aqueduct/aqueduct-4-0-country-rankings.zip,CC-BY-4.0,B-017_WRI Aqueduct 물 스트레스 지수.xlsx,1.1_observation(측정값),1432,
B-017,WRI Aqueduct 물 스트레스 지수,observation,vnm-v121-b-017-obs-1433-2cbae4ab788d1158,B-017_bws_prov_pes_2030_long_an,VNM,2030,4.3201,점,,,,,,[전망치] · 등급 4 · Extremely High (>80%),WRI Aqueduct 4.0,https://files.wri.org/aqueduct/aqueduct-4-0-country-rankings.zip,CC-BY-4.0,B-017_WRI Aqueduct 물 스트레스 지수.xlsx,1.1_observation(측정값),1433,
B-017,WRI Aqueduct 물 스트레스 지수,observation,vnm-v121-b-017-obs-1434-f07ad9d6253dc045,B-017_bws_prov_pes_2030_la_o_cai,VNM,2030,1.407,점,,,,,,[전망치] · 등급 1 · Low - Medium (10-20%),WRI Aqueduct 4.0,https://files.wri.org/aqueduct/aqueduct-4-0-country-rankings.zip,CC-BY-4.0,B-017_WRI Aqueduct 물 스트레스 지수.xlsx,1.1_observation(측정값),1434,
B-017,WRI Aqueduct 물 스트레스 지수,observation,vnm-v121-b-017-obs-1435-41db2b2d653c3b2f,B-017_bws_prov_pes_2030_la_m_a_a_ng,VNM,2030,1.875,점,,,,,,[전망치] · 등급 1 · Low - Medium (10-20%),WRI Aqueduct 4.0,https://files.wri.org/aqueduct/aqueduct-4-0-country-rankings.zip,CC-BY-4.0,B-017_WRI Aqueduct 물 스트레스 지수.xlsx,1.1_observation(측정값),1435,
B-017,WRI Aqueduct 물 스트레스 지수,observation,vnm-v121-b-017-obs-1436-c9cb7595c01d07eb,B-017_bws_prov_pes_2030_lao_ng_s_n,VNM,2030,2.3002,점,,,,,,[전망치] · 등급 2 · Medium - High (20-40%),WRI Aqueduct 4.0,https://files.wri.org/aqueduct/aqueduct-4-0-country-rankings.zip,CC-BY-4.0,B-017_WRI Aqueduct 물 스트레스 지수.xlsx,1.1_observation(측정값),1436,
B-017,WRI Aqueduct 물 스트레스 지수,observation,vnm-v121-b-017-obs-1437-3df6f2b1af696860,B-017_bws_prov_pes_2030_nam_a_a_nh,VNM,2030,1.7385,점,,,,,,[전망치] · 등급 1 · Low - Medium (10-20%),WRI Aqueduct 4.0,https://files.wri.org/aqueduct/aqueduct-4-0-country-rankings.zip,CC-BY-4.0,B-017_WRI Aqueduct 물 스트레스 지수.xlsx,1.1_observation(측정값),1437,
B-017,WRI Aqueduct 물 스트레스 지수,observation,vnm-v121-b-017-obs-1438-f34ab958d277a7c3,B-017_bws_prov_pes_2030_ngha_an,VNM,2030,3.7132,점,,,,,,[전망치] · 등급 3 · High (40-80%),WRI Aqueduct 4.0,https://files.wri.org/aqueduct/aqueduct-4-0-country-rankings.zip,CC-BY-4.0,B-017_WRI Aqueduct 물 스트레스 지수.xlsx,1.1_observation(측정값),1438,
B-017,WRI Aqueduct 물 스트레스 지수,observation,vnm-v121-b-017-obs-1439-e57d85ef813d697b,B-017_bws_prov_pes_2030_ninh_ba_nh,VNM,2030,1.7477,점,,,,,,[전망치] · 등급 1 · Low - Medium (10-20%),WRI Aqueduct 4.0,https://files.wri.org/aqueduct/aqueduct-4-0-country-rankings.zip,CC-BY-4.0,B-017_WRI Aqueduct 물 스트레스 지수.xlsx,1.1_observation(측정값),1439,
B-017,WRI Aqueduct 물 스트레스 지수,observation,vnm-v121-b-017-obs-1440-8118e54b133c709e,B-017_bws_prov_pes_2030_ninh_thuao_n,VNM,2030,1.3805,점,,,,,,[전망치] · 등급 1 · Low - Medium (10-20%),WRI Aqueduct 4.0,https://files.wri.org/aqueduct/aqueduct-4-0-country-rankings.zip,CC-BY-4.0,B-017_WRI Aqueduct 물 스트레스 지수.xlsx,1.1_observation(측정값),1440,
B-017,WRI Aqueduct 물 스트레스 지수,observation,vnm-v121-b-017-obs-1441-9a2861747d59db23,B-017_bws_prov_pes_2030_phao_tha,VNM,2030,0.7313,점,,,,,,[전망치] · 등급 0 · Low (<10%),WRI Aqueduct 4.0,https://files.wri.org/aqueduct/aqueduct-4-0-country-rankings.zip,CC-BY-4.0,B-017_WRI Aqueduct 물 스트레스 지수.xlsx,1.1_observation(측정값),1441,
B-017,WRI Aqueduct 물 스트레스 지수,observation,vnm-v121-b-017-obs-1442-ec68c66b53232d01,B-017_bws_prov_pes_2030_phao_yaan,VNM,2030,2.2583,점,,,,,,[전망치] · 등급 2 · Medium - High (20-40%),WRI Aqueduct 4.0,https://files.wri.org/aqueduct/aqueduct-4-0-country-rankings.zip,CC-BY-4.0,B-017_WRI Aqueduct 물 스트레스 지수.xlsx,1.1_observation(측정값),1442,
B-017,WRI Aqueduct 물 스트레스 지수,observation,vnm-v121-b-017-obs-1443-10a8c1f87863cc90,B-017_bws_prov_pes_2030_quao_ng_ba_nh,VNM,2030,2.3354,점,,,,,,[전망치] · 등급 2 · Medium - High (20-40%),WRI Aqueduct 4.0,https://files.wri.org/aqueduct/aqueduct-4-0-country-rankings.zip,CC-BY-4.0,B-017_WRI Aqueduct 물 스트레스 지수.xlsx,1.1_observation(측정값),1443,
B-017,WRI Aqueduct 물 스트레스 지수,observation,vnm-v121-b-017-obs-1444-4248304bf45385f7,B-017_bws_prov_pes_2030_quao_ng_nam,VNM,2030,1.7081,점,,,,,,[전망치] · 등급 1 · Low - Medium (10-20%),WRI Aqueduct 4.0,https://files.wri.org/aqueduct/aqueduct-4-0-country-rankings.zip,CC-BY-4.0,B-017_WRI Aqueduct 물 스트레스 지수.xlsx,1.1_observation(측정값),1444,
B-017,WRI Aqueduct 물 스트레스 지수,observation,vnm-v121-b-017-obs-1445-224d8b56cd900462,B-017_bws_prov_pes_2030_quao_ng_nga_i,VNM,2030,2.2802,점,,,,,,[전망치] · 등급 2 · Medium - High (20-40%),WRI Aqueduct 4.0,https://files.wri.org/aqueduct/aqueduct-4-0-country-rankings.zip,CC-BY-4.0,B-017_WRI Aqueduct 물 스트레스 지수.xlsx,1.1_observation(측정값),1445,
B-017,WRI Aqueduct 물 스트레스 지수,observation,vnm-v121-b-017-obs-1446-6926835261cc3154,B-017_bws_prov_pes_2030_quao_ng_ninh,VNM,2030,2.0618,점,,,,,,[전망치] · 등급 2 · Medium - High (20-40%),WRI Aqueduct 4.0,https://files.wri.org/aqueduct/aqueduct-4-0-country-rankings.zip,CC-BY-4.0,B-017_WRI Aqueduct 물 스트레스 지수.xlsx,1.1_observation(측정값),1446,
B-017,WRI Aqueduct 물 스트레스 지수,observation,vnm-v121-b-017-obs-1447-6a14c83fb5a4cd80,B-017_bws_prov_pes_2030_quao_ng_tra,VNM,2030,2.3641,점,,,,,,[전망치] · 등급 2 · Medium - High (20-40%),WRI Aqueduct 4.0,https://files.wri.org/aqueduct/aqueduct-4-0-country-rankings.zip,CC-BY-4.0,B-017_WRI Aqueduct 물 스트레스 지수.xlsx,1.1_observation(측정값),1447,
B-017,WRI Aqueduct 물 스트레스 지수,observation,vnm-v121-b-017-obs-1448-004b0e33a50a4447,B-017_bws_prov_pes_2030_sa3c_tra_ng,VNM,2030,1.5822,점,,,,,,[전망치] · 등급 1 · Low - Medium (10-20%),WRI Aqueduct 4.0,https://files.wri.org/aqueduct/aqueduct-4-0-country-rankings.zip,CC-BY-4.0,B-017_WRI Aqueduct 물 스트레스 지수.xlsx,1.1_observation(측정값),1448,
B-017,WRI Aqueduct 물 스트레스 지수,observation,vnm-v121-b-017-obs-1449-5d21aa4ac3597218,B-017_bws_prov_pes_2030_s_n_la,VNM,2030,0.5598,점,,,,,,[전망치] · 등급 0 · Low (<10%),WRI Aqueduct 4.0,https://files.wri.org/aqueduct/aqueduct-4-0-country-rankings.zip,CC-BY-4.0,B-017_WRI Aqueduct 물 스트레스 지수.xlsx,1.1_observation(측정값),1449,
B-017,WRI Aqueduct 물 스트레스 지수,observation,vnm-v121-b-017-obs-1450-fb86f90a82e657c0,B-017_bws_prov_pes_2030_thanh_ha3a,VNM,2030,3.2113,점,,,,,,[전망치] · 등급 3 · High (40-80%),WRI Aqueduct 4.0,https://files.wri.org/aqueduct/aqueduct-4-0-country-rankings.zip,CC-BY-4.0,B-017_WRI Aqueduct 물 스트레스 지수.xlsx,1.1_observation(측정값),1450,
B-017,WRI Aqueduct 물 스트레스 지수,observation,vnm-v121-b-017-obs-1451-c575d056dfb6876b,B-017_bws_prov_pes_2030_tha_i_ba_nh,VNM,2030,1.7385,점,,,,,,[전망치] · 등급 1 · Low - Medium (10-20%),WRI Aqueduct 4.0,https://files.wri.org/aqueduct/aqueduct-4-0-country-rankings.zip,CC-BY-4.0,B-017_WRI Aqueduct 물 스트레스 지수.xlsx,1.1_observation(측정값),1451,
B-017,WRI Aqueduct 물 스트레스 지수,observation,vnm-v121-b-017-obs-1452-e43329523563cab0,B-017_bws_prov_pes_2030_tha_i_nguyaan,VNM,2030,3.118,점,,,,,,[전망치] · 등급 3 · High (40-80%),WRI Aqueduct 4.0,https://files.wri.org/aqueduct/aqueduct-4-0-country-rankings.zip,CC-BY-4.0,B-017_WRI Aqueduct 물 스트레스 지수.xlsx,1.1_observation(측정값),1452,
B-017,WRI Aqueduct 물 스트레스 지수,observation,vnm-v121-b-017-obs-1453-ff36b63fa95e5f91,B-017_bws_prov_pes_2030_tha_a_thiaan_huao,VNM,2030,2.3582,점,,,,,,[전망치] · 등급 2 · Medium - High (20-40%),WRI Aqueduct 4.0,https://files.wri.org/aqueduct/aqueduct-4-0-country-rankings.zip,CC-BY-4.0,B-017_WRI Aqueduct 물 스트레스 지수.xlsx,1.1_observation(측정값),1453,
B-017,WRI Aqueduct 물 스트레스 지수,observation,vnm-v121-b-017-obs-1454-a6f13aa12320c0c9,B-017_bws_prov_pes_2030_tia_n_giang,VNM,2030,2.5193,점,,,,,,[전망치] · 등급 2 · Medium - High (20-40%),WRI Aqueduct 4.0,https://files.wri.org/aqueduct/aqueduct-4-0-country-rankings.zip,CC-BY-4.0,B-017_WRI Aqueduct 물 스트레스 지수.xlsx,1.1_observation(측정값),1454,
B-017,WRI Aqueduct 물 스트레스 지수,observation,vnm-v121-b-017-obs-1455-52eb99fbeda724d4,B-017_bws_prov_pes_2030_tra_vinh,VNM,2030,1.5822,점,,,,,,[전망치] · 등급 1 · Low - Medium (10-20%),WRI Aqueduct 4.0,https://files.wri.org/aqueduct/aqueduct-4-0-country-rankings.zip,CC-BY-4.0,B-017_WRI Aqueduct 물 스트레스 지수.xlsx,1.1_observation(측정값),1455,
B-017,WRI Aqueduct 물 스트레스 지수,observation,vnm-v121-b-017-obs-1456-5311cc4597bd11d3,B-017_bws_prov_pes_2030_tuyaan_quang,VNM,2030,0.5236,점,,,,,,[전망치] · 등급 0 · Low (<10%),WRI Aqueduct 4.0,https://files.wri.org/aqueduct/aqueduct-4-0-country-rankings.zip,CC-BY-4.0,B-017_WRI Aqueduct 물 스트레스 지수.xlsx,1.1_observation(측정값),1456,
B-017,WRI Aqueduct 물 스트레스 지수,observation,vnm-v121-b-017-obs-1457-0e1250ea21bf9e20,B-017_bws_prov_pes_2030_ta_y_ninh,VNM,2030,3.9737,점,,,,,,[전망치] · 등급 3 · High (40-80%),WRI Aqueduct 4.0,https://files.wri.org/aqueduct/aqueduct-4-0-country-rankings.zip,CC-BY-4.0,B-017_WRI Aqueduct 물 스트레스 지수.xlsx,1.1_observation(측정값),1457,
B-017,WRI Aqueduct 물 스트레스 지수,observation,vnm-v121-b-017-obs-1458-7182347bc2769270,B-017_bws_prov_pes_2030_va_nh_long,VNM,2030,1.5822,점,,,,,,[전망치] · 등급 1 · Low - Medium (10-20%),WRI Aqueduct 4.0,https://files.wri.org/aqueduct/aqueduct-4-0-country-rankings.zip,CC-BY-4.0,B-017_WRI Aqueduct 물 스트레스 지수.xlsx,1.1_observation(측정값),1458,
B-017,WRI Aqueduct 물 스트레스 지수,observation,vnm-v121-b-017-obs-1459-fa12bc0fb726978c,B-017_bws_prov_pes_2030_va_nh_phaoc,VNM,2030,1.8186,점,,,,,,[전망치] · 등급 1 · Low - Medium (10-20%),WRI Aqueduct 4.0,https://files.wri.org/aqueduct/aqueduct-4-0-country-rankings.zip,CC-BY-4.0,B-017_WRI Aqueduct 물 스트레스 지수.xlsx,1.1_observation(측정값),1459,
B-017,WRI Aqueduct 물 스트레스 지수,observation,vnm-v121-b-017-obs-1460-b961be7602622858,B-017_bws_prov_pes_2030_yaan_ba_i,VNM,2030,1.1499,점,,,,,,[전망치] · 등급 1 · Low - Medium (10-20%),WRI Aqueduct 4.0,https://files.wri.org/aqueduct/aqueduct-4-0-country-rankings.zip,CC-BY-4.0,B-017_WRI Aqueduct 물 스트레스 지수.xlsx,1.1_observation(측정값),1460,
B-017,WRI Aqueduct 물 스트레스 지수,observation,vnm-v121-b-017-obs-1461-01b87966d1379e8f,B-017_bws_prov_pes_2030_a_ia_n_biaan,VNM,2030,0.6184,점,,,,,,[전망치] · 등급 0 · Low (<10%),WRI Aqueduct 4.0,https://files.wri.org/aqueduct/aqueduct-4-0-country-rankings.zip,CC-BY-4.0,B-017_WRI Aqueduct 물 스트레스 지수.xlsx,1.1_observation(측정값),1461,
B-017,WRI Aqueduct 물 스트레스 지수,observation,vnm-v121-b-017-obs-1462-275f732271aedc4c,B-017_bws_prov_pes_2030_a_a_nao_ng,VNM,2030,2.3716,점,,,,,,[전망치] · 등급 2 · Medium - High (20-40%),WRI Aqueduct 4.0,https://files.wri.org/aqueduct/aqueduct-4-0-country-rankings.zip,CC-BY-4.0,B-017_WRI Aqueduct 물 스트레스 지수.xlsx,1.1_observation(측정값),1462,
B-017,WRI Aqueduct 물 스트레스 지수,observation,vnm-v121-b-017-obs-1463-12022f40b66f60d0,B-017_bws_prov_pes_2030_a_ao_k_lao_k,VNM,2030,0.1568,점,,,,,,[전망치] · 등급 0 · Low (<10%),WRI Aqueduct 4.0,https://files.wri.org/aqueduct/aqueduct-4-0-country-rankings.zip,CC-BY-4.0,B-017_WRI Aqueduct 물 스트레스 지수.xlsx,1.1_observation(측정값),1463,
B-017,WRI Aqueduct 물 스트레스 지수,observation,vnm-v121-b-017-obs-1464-7d475d3b97812ed6,B-017_bws_prov_pes_2030_a_ao_k_na_ng,VNM,2030,0.4106,점,,,,,,[전망치] · 등급 0 · Low (<10%),WRI Aqueduct 4.0,https://files.wri.org/aqueduct/aqueduct-4-0-country-rankings.zip,CC-BY-4.0,B-017_WRI Aqueduct 물 스트레스 지수.xlsx,1.1_observation(측정값),1464,
B-017,WRI Aqueduct 물 스트레스 지수,observation,vnm-v121-b-017-obs-1465-5b3634b12fbc0a0d,B-017_bws_prov_pes_2030_a_a_ng_nai,VNM,2030,1.7796,점,,,,,,[전망치] · 등급 1 · Low - Medium (10-20%),WRI Aqueduct 4.0,https://files.wri.org/aqueduct/aqueduct-4-0-country-rankings.zip,CC-BY-4.0,B-017_WRI Aqueduct 물 스트레스 지수.xlsx,1.1_observation(측정값),1465,
B-017,WRI Aqueduct 물 스트레스 지수,observation,vnm-v121-b-017-obs-1466-446d844fc314cf44,B-017_bws_prov_pes_2030_a_a_ng_tha_p,VNM,2030,2.3429,점,,,,,,[전망치] · 등급 2 · Medium - High (20-40%),WRI Aqueduct 4.0,https://files.wri.org/aqueduct/aqueduct-4-0-country-rankings.zip,CC-BY-4.0,B-017_WRI Aqueduct 물 스트레스 지수.xlsx,1.1_observation(측정값),1466,
B-017,WRI Aqueduct 물 스트레스 지수,observation,vnm-v121-b-017-obs-1467-293bb29667b3c84d,B-017_bws_prov_pes_2050_an_giang,VNM,2050,1.7438,점,,,,,,[전망치] · 등급 1 · Low - Medium (10-20%),WRI Aqueduct 4.0,https://files.wri.org/aqueduct/aqueduct-4-0-country-rankings.zip,CC-BY-4.0,B-017_WRI Aqueduct 물 스트레스 지수.xlsx,1.1_observation(측정값),1467,
B-017,WRI Aqueduct 물 스트레스 지수,observation,vnm-v121-b-017-obs-1468-f1f6ed35a409ce78,B-017_bws_prov_pes_2050_ba_ra_a_va_ng_ta_u,VNM,2050,1.4763,점,,,,,,[전망치] · 등급 1 · Low - Medium (10-20%),WRI Aqueduct 4.0,https://files.wri.org/aqueduct/aqueduct-4-0-country-rankings.zip,CC-BY-4.0,B-017_WRI Aqueduct 물 스트레스 지수.xlsx,1.1_observation(측정값),1468,
B-017,WRI Aqueduct 물 스트레스 지수,observation,vnm-v121-b-017-obs-1469-6e334ac24dd7589b,B-017_bws_prov_pes_2050_ba_nh_d_ng,VNM,2050,2.0865,점,,,,,,[전망치] · 등급 2 · Medium - High (20-40%),WRI Aqueduct 4.0,https://files.wri.org/aqueduct/aqueduct-4-0-country-rankings.zip,CC-BY-4.0,B-017_WRI Aqueduct 물 스트레스 지수.xlsx,1.1_observation(측정값),1469,
B-017,WRI Aqueduct 물 스트레스 지수,observation,vnm-v121-b-017-obs-1470-f2b6327e5a15ffab,B-017_bws_prov_pes_2050_ba_nh_ph_a_c,VNM,2050,2.0059,점,,,,,,[전망치] · 등급 2 · Medium - High (20-40%),WRI Aqueduct 4.0,https://files.wri.org/aqueduct/aqueduct-4-0-country-rankings.zip,CC-BY-4.0,B-017_WRI Aqueduct 물 스트레스 지수.xlsx,1.1_observation(측정값),1470,
B-017,WRI Aqueduct 물 스트레스 지수,observation,vnm-v121-b-017-obs-1471-770dbe4ed5c000ae,B-017_bws_prov_pes_2050_ba_nh_thuao_n,VNM,2050,1.5789,점,,,,,,[전망치] · 등급 1 · Low - Medium (10-20%),WRI Aqueduct 4.0,https://files.wri.org/aqueduct/aqueduct-4-0-country-rankings.zip,CC-BY-4.0,B-017_WRI Aqueduct 물 스트레스 지수.xlsx,1.1_observation(측정값),1471,
B-017,WRI Aqueduct 물 스트레스 지수,observation,vnm-v121-b-017-obs-1472-db743a5e96b81f48,B-017_bws_prov_pes_2050_ba_nh_a_a_nh,VNM,2050,2.6729,점,,,,,,[전망치] · 등급 2 · Medium - High (20-40%),WRI Aqueduct 4.0,https://files.wri.org/aqueduct/aqueduct-4-0-country-rankings.zip,CC-BY-4.0,B-017_WRI Aqueduct 물 스트레스 지수.xlsx,1.1_observation(측정값),1472,
B-017,WRI Aqueduct 물 스트레스 지수,observation,vnm-v121-b-017-obs-1473-ebd6ca0f47b0707e,B-017_bws_prov_pes_2050_bao_c_liaau,VNM,2050,1.7438,점,,,,,,[전망치] · 등급 1 · Low - Medium (10-20%),WRI Aqueduct 4.0,https://files.wri.org/aqueduct/aqueduct-4-0-country-rankings.zip,CC-BY-4.0,B-017_WRI Aqueduct 물 스트레스 지수.xlsx,1.1_observation(측정값),1473,
B-017,WRI Aqueduct 물 스트레스 지수,observation,vnm-v121-b-017-obs-1474-dcbccc8704b96247,B-017_bws_prov_pes_2050_bao_c_giang,VNM,2050,3.007,점,,,,,,[전망치] · 등급 3 · High (40-80%),WRI Aqueduct 4.0,https://files.wri.org/aqueduct/aqueduct-4-0-country-rankings.zip,CC-BY-4.0,B-017_WRI Aqueduct 물 스트레스 지수.xlsx,1.1_observation(측정값),1474,
B-017,WRI Aqueduct 물 스트레스 지수,observation,vnm-v121-b-017-obs-1475-21dc57a91e12d05e,B-017_bws_prov_pes_2050_bao_c_kao_n,VNM,2050,1.811,점,,,,,,[전망치] · 등급 1 · Low - Medium (10-20%),WRI Aqueduct 4.0,https://files.wri.org/aqueduct/aqueduct-4-0-country-rankings.zip,CC-BY-4.0,B-017_WRI Aqueduct 물 스트레스 지수.xlsx,1.1_observation(측정값),1475,
B-017,WRI Aqueduct 물 스트레스 지수,observation,vnm-v121-b-017-obs-1476-98fc7a1aa8e719ab,B-017_bws_prov_pes_2050_bao_c_ninh,VNM,2050,3.007,점,,,,,,[전망치] · 등급 3 · High (40-80%),WRI Aqueduct 4.0,https://files.wri.org/aqueduct/aqueduct-4-0-country-rankings.zip,CC-BY-4.0,B-017_WRI Aqueduct 물 스트레스 지수.xlsx,1.1_observation(측정값),1476,
B-017,WRI Aqueduct 물 스트레스 지수,observation,vnm-v121-b-017-obs-1477-efd63248551b2d7c,B-017_bws_prov_pes_2050_bao_n_tre,VNM,2050,1.7438,점,,,,,,[전망치] · 등급 1 · Low - Medium (10-20%),WRI Aqueduct 4.0,https://files.wri.org/aqueduct/aqueduct-4-0-country-rankings.zip,CC-BY-4.0,B-017_WRI Aqueduct 물 스트레스 지수.xlsx,1.1_observation(측정값),1477,
B-017,WRI Aqueduct 물 스트레스 지수,observation,vnm-v121-b-017-obs-1478-aa39753c2d635ab7,B-017_bws_prov_pes_2050_cao_bao_ng,VNM,2050,0.8524,점,,,,,,[전망치] · 등급 0 · Low (<10%),WRI Aqueduct 4.0,https://files.wri.org/aqueduct/aqueduct-4-0-country-rankings.zip,CC-BY-4.0,B-017_WRI Aqueduct 물 스트레스 지수.xlsx,1.1_observation(측정값),1478,
B-017,WRI Aqueduct 물 스트레스 지수,observation,vnm-v121-b-017-obs-1479-ac75ec638382ea9d,B-017_bws_prov_pes_2050_ca_mau,VNM,2050,1.7438,점,,,,,,[전망치] · 등급 1 · Low - Medium (10-20%),WRI Aqueduct 4.0,https://files.wri.org/aqueduct/aqueduct-4-0-country-rankings.zip,CC-BY-4.0,B-017_WRI Aqueduct 물 스트레스 지수.xlsx,1.1_observation(측정값),1479,
B-017,WRI Aqueduct 물 스트레스 지수,observation,vnm-v121-b-017-obs-1480-ae01396ca5ee8702,B-017_bws_prov_pes_2050_cao_n_th,VNM,2050,1.7438,점,,,,,,[전망치] · 등급 1 · Low - Medium (10-20%),WRI Aqueduct 4.0,https://files.wri.org/aqueduct/aqueduct-4-0-country-rankings.zip,CC-BY-4.0,B-017_WRI Aqueduct 물 스트레스 지수.xlsx,1.1_observation(측정값),1480,
B-017,WRI Aqueduct 물 스트레스 지수,observation,vnm-v121-b-017-obs-1481-62a713bf6ebdefe6,B-017_bws_prov_pes_2050_gia_lai,VNM,2050,1.3441,점,,,,,,[전망치] · 등급 1 · Low - Medium (10-20%),WRI Aqueduct 4.0,https://files.wri.org/aqueduct/aqueduct-4-0-country-rankings.zip,CC-BY-4.0,B-017_WRI Aqueduct 물 스트레스 지수.xlsx,1.1_observation(측정값),1481,
B-017,WRI Aqueduct 물 스트레스 지수,observation,vnm-v121-b-017-obs-1482-14d2c39c493fe3f8,B-017_bws_prov_pes_2050_hoa_ba_nh,VNM,2050,1.2213,점,,,,,,[전망치] · 등급 1 · Low - Medium (10-20%),WRI Aqueduct 4.0,https://files.wri.org/aqueduct/aqueduct-4-0-country-rankings.zip,CC-BY-4.0,B-017_WRI Aqueduct 물 스트레스 지수.xlsx,1.1_observation(측정값),1482,
B-017,WRI Aqueduct 물 스트레스 지수,observation,vnm-v121-b-017-obs-1483-7d969f0333f5aa66,B-017_bws_prov_pes_2050_ha_giang,VNM,2050,0.4672,점,,,,,,[전망치] · 등급 0 · Low (<10%),WRI Aqueduct 4.0,https://files.wri.org/aqueduct/aqueduct-4-0-country-rankings.zip,CC-BY-4.0,B-017_WRI Aqueduct 물 스트레스 지수.xlsx,1.1_observation(측정값),1483,
B-017,WRI Aqueduct 물 스트레스 지수,observation,vnm-v121-b-017-obs-1484-91522f9dab0351a4,B-017_bws_prov_pes_2050_ha_nam,VNM,2050,1.79,점,,,,,,[전망치] · 등급 1 · Low - Medium (10-20%),WRI Aqueduct 4.0,https://files.wri.org/aqueduct/aqueduct-4-0-country-rankings.zip,CC-BY-4.0,B-017_WRI Aqueduct 물 스트레스 지수.xlsx,1.1_observation(측정값),1484,
B-017,WRI Aqueduct 물 스트레스 지수,observation,vnm-v121-b-017-obs-1485-039a08291a84b21b,B-017_bws_prov_pes_2050_ha_na_tmi,VNM,2050,2.0242,점,,,,,,[전망치] · 등급 2 · Medium - High (20-40%),WRI Aqueduct 4.0,https://files.wri.org/aqueduct/aqueduct-4-0-country-rankings.zip,CC-BY-4.0,B-017_WRI Aqueduct 물 스트레스 지수.xlsx,1.1_observation(측정값),1485,
B-017,WRI Aqueduct 물 스트레스 지수,observation,vnm-v121-b-017-obs-1486-8149e132f545f532,B-017_bws_prov_pes_2050_ha_ta_nh,VNM,2050,2.8649,점,,,,,,[전망치] · 등급 2 · Medium - High (20-40%),WRI Aqueduct 4.0,https://files.wri.org/aqueduct/aqueduct-4-0-country-rankings.zip,CC-BY-4.0,B-017_WRI Aqueduct 물 스트레스 지수.xlsx,1.1_observation(측정값),1486,
B-017,WRI Aqueduct 물 스트레스 지수,observation,vnm-v121-b-017-obs-1487-3a3f685405ef7ca1,B-017_bws_prov_pes_2050_h_ng_yaan,VNM,2050,1.79,점,,,,,,[전망치] · 등급 1 · Low - Medium (10-20%),WRI Aqueduct 4.0,https://files.wri.org/aqueduct/aqueduct-4-0-country-rankings.zip,CC-BY-4.0,B-017_WRI Aqueduct 물 스트레스 지수.xlsx,1.1_observation(측정값),1487,
B-017,WRI Aqueduct 물 스트레스 지수,observation,vnm-v121-b-017-obs-1488-40af296cddafd7fa,B-017_bws_prov_pes_2050_hao_i_d_ng,VNM,2050,2.2197,점,,,,,,[전망치] · 등급 2 · Medium - High (20-40%),WRI Aqueduct 4.0,https://files.wri.org/aqueduct/aqueduct-4-0-country-rankings.zip,CC-BY-4.0,B-017_WRI Aqueduct 물 스트레스 지수.xlsx,1.1_observation(측정값),1488,
B-017,WRI Aqueduct 물 스트레스 지수,observation,vnm-v121-b-017-obs-1489-b89b97969f683d8a,B-017_bws_prov_pes_2050_hao_i_pha2ng,VNM,2050,2.113,점,,,,,,[전망치] · 등급 2 · Medium - High (20-40%),WRI Aqueduct 4.0,https://files.wri.org/aqueduct/aqueduct-4-0-country-rankings.zip,CC-BY-4.0,B-017_WRI Aqueduct 물 스트레스 지수.xlsx,1.1_observation(측정값),1489,
B-017,WRI Aqueduct 물 스트레스 지수,observation,vnm-v121-b-017-obs-1490-143250391bd0ca84,B-017_bws_prov_pes_2050_hao_u_giang,VNM,2050,1.7438,점,,,,,,[전망치] · 등급 1 · Low - Medium (10-20%),WRI Aqueduct 4.0,https://files.wri.org/aqueduct/aqueduct-4-0-country-rankings.zip,CC-BY-4.0,B-017_WRI Aqueduct 물 스트레스 지수.xlsx,1.1_observation(측정값),1490,
B-017,WRI Aqueduct 물 스트레스 지수,observation,vnm-v121-b-017-obs-1491-7141f1068f5d42e1,B-017_bws_prov_pes_2050_ha_cha_minh,VNM,2050,2.0707,점,,,,,,[전망치] · 등급 2 · Medium - High (20-40%),WRI Aqueduct 4.0,https://files.wri.org/aqueduct/aqueduct-4-0-country-rankings.zip,CC-BY-4.0,B-017_WRI Aqueduct 물 스트레스 지수.xlsx,1.1_observation(측정값),1491,
B-017,WRI Aqueduct 물 스트레스 지수,observation,vnm-v121-b-017-obs-1492-0b2fb9d75a6fc167,B-017_bws_prov_pes_2050_kha_nh_ha2a,VNM,2050,1.4763,점,,,,,,[전망치] · 등급 1 · Low - Medium (10-20%),WRI Aqueduct 4.0,https://files.wri.org/aqueduct/aqueduct-4-0-country-rankings.zip,CC-BY-4.0,B-017_WRI Aqueduct 물 스트레스 지수.xlsx,1.1_observation(측정값),1492,
B-017,WRI Aqueduct 물 스트레스 지수,observation,vnm-v121-b-017-obs-1493-ea5ffc60582b81a8,B-017_bws_prov_pes_2050_kiaan_giang,VNM,2050,1.7437,점,,,,,,[전망치] · 등급 1 · Low - Medium (10-20%),WRI Aqueduct 4.0,https://files.wri.org/aqueduct/aqueduct-4-0-country-rankings.zip,CC-BY-4.0,B-017_WRI Aqueduct 물 스트레스 지수.xlsx,1.1_observation(측정값),1493,
B-017,WRI Aqueduct 물 스트레스 지수,observation,vnm-v121-b-017-obs-1494-7960d6ce70e2d3d4,B-017_bws_prov_pes_2050_kon_tum,VNM,2050,0.8782,점,,,,,,[전망치] · 등급 0 · Low (<10%),WRI Aqueduct 4.0,https://files.wri.org/aqueduct/aqueduct-4-0-country-rankings.zip,CC-BY-4.0,B-017_WRI Aqueduct 물 스트레스 지수.xlsx,1.1_observation(측정값),1494,
B-017,WRI Aqueduct 물 스트레스 지수,observation,vnm-v121-b-017-obs-1495-3ccb4afd26f29f66,B-017_bws_prov_pes_2050_lai_cha_u,VNM,2050,0.4252,점,,,,,,[전망치] · 등급 0 · Low (<10%),WRI Aqueduct 4.0,https://files.wri.org/aqueduct/aqueduct-4-0-country-rankings.zip,CC-BY-4.0,B-017_WRI Aqueduct 물 스트레스 지수.xlsx,1.1_observation(측정값),1495,
B-017,WRI Aqueduct 물 스트레스 지수,observation,vnm-v121-b-017-obs-1496-4366d5ef0e8ea3df,B-017_bws_prov_pes_2050_long_an,VNM,2050,4.3974,점,,,,,,[전망치] · 등급 4 · Extremely High (>80%),WRI Aqueduct 4.0,https://files.wri.org/aqueduct/aqueduct-4-0-country-rankings.zip,CC-BY-4.0,B-017_WRI Aqueduct 물 스트레스 지수.xlsx,1.1_observation(측정값),1496,
B-017,WRI Aqueduct 물 스트레스 지수,observation,vnm-v121-b-017-obs-1497-6393e3745e6d71c5,B-017_bws_prov_pes_2050_la_o_cai,VNM,2050,1.6315,점,,,,,,[전망치] · 등급 1 · Low - Medium (10-20%),WRI Aqueduct 4.0,https://files.wri.org/aqueduct/aqueduct-4-0-country-rankings.zip,CC-BY-4.0,B-017_WRI Aqueduct 물 스트레스 지수.xlsx,1.1_observation(측정값),1497,
B-017,WRI Aqueduct 물 스트레스 지수,observation,vnm-v121-b-017-obs-1498-2aaa450ad9e25588,B-017_bws_prov_pes_2050_la_m_a_a_ng,VNM,2050,2.0642,점,,,,,,[전망치] · 등급 2 · Medium - High (20-40%),WRI Aqueduct 4.0,https://files.wri.org/aqueduct/aqueduct-4-0-country-rankings.zip,CC-BY-4.0,B-017_WRI Aqueduct 물 스트레스 지수.xlsx,1.1_observation(측정값),1498,
B-017,WRI Aqueduct 물 스트레스 지수,observation,vnm-v121-b-017-obs-1499-6e7500b852d0b9f6,B-017_bws_prov_pes_2050_lao_ng_s_n,VNM,2050,2.1073,점,,,,,,[전망치] · 등급 2 · Medium - High (20-40%),WRI Aqueduct 4.0,https://files.wri.org/aqueduct/aqueduct-4-0-country-rankings.zip,CC-BY-4.0,B-017_WRI Aqueduct 물 스트레스 지수.xlsx,1.1_observation(측정값),1499,
B-017,WRI Aqueduct 물 스트레스 지수,observation,vnm-v121-b-017-obs-1500-f0821eb0bcf6fd67,B-017_bws_prov_pes_2050_nam_a_a_nh,VNM,2050,1.79,점,,,,,,[전망치] · 등급 1 · Low - Medium (10-20%),WRI Aqueduct 4.0,https://files.wri.org/aqueduct/aqueduct-4-0-country-rankings.zip,CC-BY-4.0,B-017_WRI Aqueduct 물 스트레스 지수.xlsx,1.1_observation(측정값),1500,
B-017,WRI Aqueduct 물 스트레스 지수,observation,vnm-v121-b-017-obs-1501-5d4f0e6aad42daeb,B-017_bws_prov_pes_2050_ngha_an,VNM,2050,3.7055,점,,,,,,[전망치] · 등급 3 · High (40-80%),WRI Aqueduct 4.0,https://files.wri.org/aqueduct/aqueduct-4-0-country-rankings.zip,CC-BY-4.0,B-017_WRI Aqueduct 물 스트레스 지수.xlsx,1.1_observation(측정값),1501,
B-017,WRI Aqueduct 물 스트레스 지수,observation,vnm-v121-b-017-obs-1502-9abd36c7a74fabe8,B-017_bws_prov_pes_2050_ninh_ba_nh,VNM,2050,1.7982,점,,,,,,[전망치] · 등급 1 · Low - Medium (10-20%),WRI Aqueduct 4.0,https://files.wri.org/aqueduct/aqueduct-4-0-country-rankings.zip,CC-BY-4.0,B-017_WRI Aqueduct 물 스트레스 지수.xlsx,1.1_observation(측정값),1502,
B-017,WRI Aqueduct 물 스트레스 지수,observation,vnm-v121-b-017-obs-1503-a742f151fa0aba38,B-017_bws_prov_pes_2050_ninh_thuao_n,VNM,2050,1.4763,점,,,,,,[전망치] · 등급 1 · Low - Medium (10-20%),WRI Aqueduct 4.0,https://files.wri.org/aqueduct/aqueduct-4-0-country-rankings.zip,CC-BY-4.0,B-017_WRI Aqueduct 물 스트레스 지수.xlsx,1.1_observation(측정값),1503,
B-017,WRI Aqueduct 물 스트레스 지수,observation,vnm-v121-b-017-obs-1504-3425b47b717f04f6,B-017_bws_prov_pes_2050_phao_tha,VNM,2050,0.908,점,,,,,,[전망치] · 등급 0 · Low (<10%),WRI Aqueduct 4.0,https://files.wri.org/aqueduct/aqueduct-4-0-country-rankings.zip,CC-BY-4.0,B-017_WRI Aqueduct 물 스트레스 지수.xlsx,1.1_observation(측정값),1504,
B-017,WRI Aqueduct 물 스트레스 지수,observation,vnm-v121-b-017-obs-1505-9b938df073a0cfd5,B-017_bws_prov_pes_2050_phao_yaan,VNM,2050,2.204,점,,,,,,[전망치] · 등급 2 · Medium - High (20-40%),WRI Aqueduct 4.0,https://files.wri.org/aqueduct/aqueduct-4-0-country-rankings.zip,CC-BY-4.0,B-017_WRI Aqueduct 물 스트레스 지수.xlsx,1.1_observation(측정값),1505,
B-017,WRI Aqueduct 물 스트레스 지수,observation,vnm-v121-b-017-obs-1506-afc4787df59d9a84,B-017_bws_prov_pes_2050_quao_ng_ba_nh,VNM,2050,2.3447,점,,,,,,[전망치] · 등급 2 · Medium - High (20-40%),WRI Aqueduct 4.0,https://files.wri.org/aqueduct/aqueduct-4-0-country-rankings.zip,CC-BY-4.0,B-017_WRI Aqueduct 물 스트레스 지수.xlsx,1.1_observation(측정값),1506,
B-017,WRI Aqueduct 물 스트레스 지수,observation,vnm-v121-b-017-obs-1507-c055c8e8aa9e56cf,B-017_bws_prov_pes_2050_quao_ng_nam,VNM,2050,1.7934,점,,,,,,[전망치] · 등급 1 · Low - Medium (10-20%),WRI Aqueduct 4.0,https://files.wri.org/aqueduct/aqueduct-4-0-country-rankings.zip,CC-BY-4.0,B-017_WRI Aqueduct 물 스트레스 지수.xlsx,1.1_observation(측정값),1507,
B-017,WRI Aqueduct 물 스트레스 지수,observation,vnm-v121-b-017-obs-1508-9e949280836f2d4f,B-017_bws_prov_pes_2050_quao_ng_nga_i,VNM,2050,2.3384,점,,,,,,[전망치] · 등급 2 · Medium - High (20-40%),WRI Aqueduct 4.0,https://files.wri.org/aqueduct/aqueduct-4-0-country-rankings.zip,CC-BY-4.0,B-017_WRI Aqueduct 물 스트레스 지수.xlsx,1.1_observation(측정값),1508,
B-017,WRI Aqueduct 물 스트레스 지수,observation,vnm-v121-b-017-obs-1509-4e18e64e1c04e623,B-017_bws_prov_pes_2050_quao_ng_ninh,VNM,2050,1.9572,점,,,,,,[전망치] · 등급 1 · Low - Medium (10-20%),WRI Aqueduct 4.0,https://files.wri.org/aqueduct/aqueduct-4-0-country-rankings.zip,CC-BY-4.0,B-017_WRI Aqueduct 물 스트레스 지수.xlsx,1.1_observation(측정값),1509,
B-017,WRI Aqueduct 물 스트레스 지수,observation,vnm-v121-b-017-obs-1510-e580b0a12a7362fb,B-017_bws_prov_pes_2050_quao_ng_tra,VNM,2050,2.3574,점,,,,,,[전망치] · 등급 2 · Medium - High (20-40%),WRI Aqueduct 4.0,https://files.wri.org/aqueduct/aqueduct-4-0-country-rankings.zip,CC-BY-4.0,B-017_WRI Aqueduct 물 스트레스 지수.xlsx,1.1_observation(측정값),1510,
B-017,WRI Aqueduct 물 스트레스 지수,observation,vnm-v121-b-017-obs-1511-92961873b50502e3,B-017_bws_prov_pes_2050_sa3c_tra_ng,VNM,2050,1.7438,점,,,,,,[전망치] · 등급 1 · Low - Medium (10-20%),WRI Aqueduct 4.0,https://files.wri.org/aqueduct/aqueduct-4-0-country-rankings.zip,CC-BY-4.0,B-017_WRI Aqueduct 물 스트레스 지수.xlsx,1.1_observation(측정값),1511,
B-017,WRI Aqueduct 물 스트레스 지수,observation,vnm-v121-b-017-obs-1512-c4cb723739172043,B-017_bws_prov_pes_2050_s_n_la,VNM,2050,0.4889,점,,,,,,[전망치] · 등급 0 · Low (<10%),WRI Aqueduct 4.0,https://files.wri.org/aqueduct/aqueduct-4-0-country-rankings.zip,CC-BY-4.0,B-017_WRI Aqueduct 물 스트레스 지수.xlsx,1.1_observation(측정값),1512,
B-017,WRI Aqueduct 물 스트레스 지수,observation,vnm-v121-b-017-obs-1513-ae319a5bd71e3db7,B-017_bws_prov_pes_2050_thanh_ha3a,VNM,2050,3.1798,점,,,,,,[전망치] · 등급 3 · High (40-80%),WRI Aqueduct 4.0,https://files.wri.org/aqueduct/aqueduct-4-0-country-rankings.zip,CC-BY-4.0,B-017_WRI Aqueduct 물 스트레스 지수.xlsx,1.1_observation(측정값),1513,
B-017,WRI Aqueduct 물 스트레스 지수,observation,vnm-v121-b-017-obs-1514-476acfde2d120fe1,B-017_bws_prov_pes_2050_tha_i_ba_nh,VNM,2050,1.79,점,,,,,,[전망치] · 등급 1 · Low - Medium (10-20%),WRI Aqueduct 4.0,https://files.wri.org/aqueduct/aqueduct-4-0-country-rankings.zip,CC-BY-4.0,B-017_WRI Aqueduct 물 스트레스 지수.xlsx,1.1_observation(측정값),1514,
B-017,WRI Aqueduct 물 스트레스 지수,observation,vnm-v121-b-017-obs-1515-ba7e96945466a7cb,B-017_bws_prov_pes_2050_tha_i_nguyaan,VNM,2050,3.007,점,,,,,,[전망치] · 등급 3 · High (40-80%),WRI Aqueduct 4.0,https://files.wri.org/aqueduct/aqueduct-4-0-country-rankings.zip,CC-BY-4.0,B-017_WRI Aqueduct 물 스트레스 지수.xlsx,1.1_observation(측정값),1515,
B-017,WRI Aqueduct 물 스트레스 지수,observation,vnm-v121-b-017-obs-1516-5824907ab4e891e6,B-017_bws_prov_pes_2050_tha_a_thiaan_huao,VNM,2050,2.3518,점,,,,,,[전망치] · 등급 2 · Medium - High (20-40%),WRI Aqueduct 4.0,https://files.wri.org/aqueduct/aqueduct-4-0-country-rankings.zip,CC-BY-4.0,B-017_WRI Aqueduct 물 스트레스 지수.xlsx,1.1_observation(측정값),1516,
B-017,WRI Aqueduct 물 스트레스 지수,observation,vnm-v121-b-017-obs-1517-fd081e7779afdb07,B-017_bws_prov_pes_2050_tia_n_giang,VNM,2050,2.6692,점,,,,,,[전망치] · 등급 2 · Medium - High (20-40%),WRI Aqueduct 4.0,https://files.wri.org/aqueduct/aqueduct-4-0-country-rankings.zip,CC-BY-4.0,B-017_WRI Aqueduct 물 스트레스 지수.xlsx,1.1_observation(측정값),1517,
B-017,WRI Aqueduct 물 스트레스 지수,observation,vnm-v121-b-017-obs-1518-1551bdbf64538701,B-017_bws_prov_pes_2050_tra_vinh,VNM,2050,1.7438,점,,,,,,[전망치] · 등급 1 · Low - Medium (10-20%),WRI Aqueduct 4.0,https://files.wri.org/aqueduct/aqueduct-4-0-country-rankings.zip,CC-BY-4.0,B-017_WRI Aqueduct 물 스트레스 지수.xlsx,1.1_observation(측정값),1518,
B-017,WRI Aqueduct 물 스트레스 지수,observation,vnm-v121-b-017-obs-1519-dd7082ff91024654,B-017_bws_prov_pes_2050_tuyaan_quang,VNM,2050,0.6314,점,,,,,,[전망치] · 등급 0 · Low (<10%),WRI Aqueduct 4.0,https://files.wri.org/aqueduct/aqueduct-4-0-country-rankings.zip,CC-BY-4.0,B-017_WRI Aqueduct 물 스트레스 지수.xlsx,1.1_observation(측정값),1519,
B-017,WRI Aqueduct 물 스트레스 지수,observation,vnm-v121-b-017-obs-1520-f1010ab7316ccefc,B-017_bws_prov_pes_2050_ta_y_ninh,VNM,2050,4.0744,점,,,,,,[전망치] · 등급 4 · Extremely High (>80%),WRI Aqueduct 4.0,https://files.wri.org/aqueduct/aqueduct-4-0-country-rankings.zip,CC-BY-4.0,B-017_WRI Aqueduct 물 스트레스 지수.xlsx,1.1_observation(측정값),1520,
B-017,WRI Aqueduct 물 스트레스 지수,observation,vnm-v121-b-017-obs-1521-9d0b0306ad86ccdb,B-017_bws_prov_pes_2050_va_nh_long,VNM,2050,1.7438,점,,,,,,[전망치] · 등급 1 · Low - Medium (10-20%),WRI Aqueduct 4.0,https://files.wri.org/aqueduct/aqueduct-4-0-country-rankings.zip,CC-BY-4.0,B-017_WRI Aqueduct 물 스트레스 지수.xlsx,1.1_observation(측정값),1521,
B-017,WRI Aqueduct 물 스트레스 지수,observation,vnm-v121-b-017-obs-1522-3839361862200084,B-017_bws_prov_pes_2050_va_nh_phaoc,VNM,2050,1.8351,점,,,,,,[전망치] · 등급 1 · Low - Medium (10-20%),WRI Aqueduct 4.0,https://files.wri.org/aqueduct/aqueduct-4-0-country-rankings.zip,CC-BY-4.0,B-017_WRI Aqueduct 물 스트레스 지수.xlsx,1.1_observation(측정값),1522,
B-017,WRI Aqueduct 물 스트레스 지수,observation,vnm-v121-b-017-obs-1523-eb60c12871525634,B-017_bws_prov_pes_2050_yaan_ba_i,VNM,2050,1.4531,점,,,,,,[전망치] · 등급 1 · Low - Medium (10-20%),WRI Aqueduct 4.0,https://files.wri.org/aqueduct/aqueduct-4-0-country-rankings.zip,CC-BY-4.0,B-017_WRI Aqueduct 물 스트레스 지수.xlsx,1.1_observation(측정값),1523,
B-017,WRI Aqueduct 물 스트레스 지수,observation,vnm-v121-b-017-obs-1524-183b939cc69eacb9,B-017_bws_prov_pes_2050_a_ia_n_biaan,VNM,2050,0.9495,점,,,,,,[전망치] · 등급 0 · Low (<10%),WRI Aqueduct 4.0,https://files.wri.org/aqueduct/aqueduct-4-0-country-rankings.zip,CC-BY-4.0,B-017_WRI Aqueduct 물 스트레스 지수.xlsx,1.1_observation(측정값),1524,
B-017,WRI Aqueduct 물 스트레스 지수,observation,vnm-v121-b-017-obs-1525-fab690936e019e8a,B-017_bws_prov_pes_2050_a_a_nao_ng,VNM,2050,2.3679,점,,,,,,[전망치] · 등급 2 · Medium - High (20-40%),WRI Aqueduct 4.0,https://files.wri.org/aqueduct/aqueduct-4-0-country-rankings.zip,CC-BY-4.0,B-017_WRI Aqueduct 물 스트레스 지수.xlsx,1.1_observation(측정값),1525,
B-017,WRI Aqueduct 물 스트레스 지수,observation,vnm-v121-b-017-obs-1526-77d8f7d6fa0c2558,B-017_bws_prov_pes_2050_a_ao_k_lao_k,VNM,2050,0.158,점,,,,,,[전망치] · 등급 0 · Low (<10%),WRI Aqueduct 4.0,https://files.wri.org/aqueduct/aqueduct-4-0-country-rankings.zip,CC-BY-4.0,B-017_WRI Aqueduct 물 스트레스 지수.xlsx,1.1_observation(측정값),1526,
B-017,WRI Aqueduct 물 스트레스 지수,observation,vnm-v121-b-017-obs-1527-4717f569bffee4ee,B-017_bws_prov_pes_2050_a_ao_k_na_ng,VNM,2050,0.4753,점,,,,,,[전망치] · 등급 0 · Low (<10%),WRI Aqueduct 4.0,https://files.wri.org/aqueduct/aqueduct-4-0-country-rankings.zip,CC-BY-4.0,B-017_WRI Aqueduct 물 스트레스 지수.xlsx,1.1_observation(측정값),1527,
B-017,WRI Aqueduct 물 스트레스 지수,observation,vnm-v121-b-017-obs-1528-4fe14e493279d805,B-017_bws_prov_pes_2050_a_a_ng_nai,VNM,2050,1.9703,점,,,,,,[전망치] · 등급 1 · Low - Medium (10-20%),WRI Aqueduct 4.0,https://files.wri.org/aqueduct/aqueduct-4-0-country-rankings.zip,CC-BY-4.0,B-017_WRI Aqueduct 물 스트레스 지수.xlsx,1.1_observation(측정값),1528,
B-017,WRI Aqueduct 물 스트레스 지수,observation,vnm-v121-b-017-obs-1529-43567c3e4df9418c,B-017_bws_prov_pes_2050_a_a_ng_tha_p,VNM,2050,2.4811,점,,,,,,[전망치] · 등급 2 · Medium - High (20-40%),WRI Aqueduct 4.0,https://files.wri.org/aqueduct/aqueduct-4-0-country-rankings.zip,CC-BY-4.0,B-017_WRI Aqueduct 물 스트레스 지수.xlsx,1.1_observation(측정값),1529,
B-017,WRI Aqueduct 물 스트레스 지수,observation,vnm-v121-b-017-obs-1530-3c80396ba315de12,B-017_bws_prov_pes_2080_an_giang,VNM,2080,1.766,점,,,,,,[전망치] · 등급 1 · Low - Medium (10-20%),WRI Aqueduct 4.0,https://files.wri.org/aqueduct/aqueduct-4-0-country-rankings.zip,CC-BY-4.0,B-017_WRI Aqueduct 물 스트레스 지수.xlsx,1.1_observation(측정값),1530,
B-017,WRI Aqueduct 물 스트레스 지수,observation,vnm-v121-b-017-obs-1531-5f233158487aba3f,B-017_bws_prov_pes_2080_ba_ra_a_va_ng_ta_u,VNM,2080,1.4275,점,,,,,,[전망치] · 등급 1 · Low - Medium (10-20%),WRI Aqueduct 4.0,https://files.wri.org/aqueduct/aqueduct-4-0-country-rankings.zip,CC-BY-4.0,B-017_WRI Aqueduct 물 스트레스 지수.xlsx,1.1_observation(측정값),1531,
B-017,WRI Aqueduct 물 스트레스 지수,observation,vnm-v121-b-017-obs-1532-98d6a8b0428ff27e,B-017_bws_prov_pes_2080_ba_nh_d_ng,VNM,2080,2.1313,점,,,,,,[전망치] · 등급 2 · Medium - High (20-40%),WRI Aqueduct 4.0,https://files.wri.org/aqueduct/aqueduct-4-0-country-rankings.zip,CC-BY-4.0,B-017_WRI Aqueduct 물 스트레스 지수.xlsx,1.1_observation(측정값),1532,
B-017,WRI Aqueduct 물 스트레스 지수,observation,vnm-v121-b-017-obs-1533-000fae6945d80af5,B-017_bws_prov_pes_2080_ba_nh_ph_a_c,VNM,2080,2.0512,점,,,,,,[전망치] · 등급 2 · Medium - High (20-40%),WRI Aqueduct 4.0,https://files.wri.org/aqueduct/aqueduct-4-0-country-rankings.zip,CC-BY-4.0,B-017_WRI Aqueduct 물 스트레스 지수.xlsx,1.1_observation(측정값),1533,
B-017,WRI Aqueduct 물 스트레스 지수,observation,vnm-v121-b-017-obs-1534-d8dd39c676f4653e,B-017_bws_prov_pes_2080_ba_nh_thuao_n,VNM,2080,1.5426,점,,,,,,[전망치] · 등급 1 · Low - Medium (10-20%),WRI Aqueduct 4.0,https://files.wri.org/aqueduct/aqueduct-4-0-country-rankings.zip,CC-BY-4.0,B-017_WRI Aqueduct 물 스트레스 지수.xlsx,1.1_observation(측정값),1534,
B-017,WRI Aqueduct 물 스트레스 지수,observation,vnm-v121-b-017-obs-1535-00ebe384f82bb0f4,B-017_bws_prov_pes_2080_ba_nh_a_a_nh,VNM,2080,2.5728,점,,,,,,[전망치] · 등급 2 · Medium - High (20-40%),WRI Aqueduct 4.0,https://files.wri.org/aqueduct/aqueduct-4-0-country-rankings.zip,CC-BY-4.0,B-017_WRI Aqueduct 물 스트레스 지수.xlsx,1.1_observation(측정값),1535,
B-017,WRI Aqueduct 물 스트레스 지수,observation,vnm-v121-b-017-obs-1536-5dc9564088bea68e,B-017_bws_prov_pes_2080_bao_c_liaau,VNM,2080,1.766,점,,,,,,[전망치] · 등급 1 · Low - Medium (10-20%),WRI Aqueduct 4.0,https://files.wri.org/aqueduct/aqueduct-4-0-country-rankings.zip,CC-BY-4.0,B-017_WRI Aqueduct 물 스트레스 지수.xlsx,1.1_observation(측정값),1536,
B-017,WRI Aqueduct 물 스트레스 지수,observation,vnm-v121-b-017-obs-1537-a90486b09611944b,B-017_bws_prov_pes_2080_bao_c_giang,VNM,2080,3.1158,점,,,,,,[전망치] · 등급 3 · High (40-80%),WRI Aqueduct 4.0,https://files.wri.org/aqueduct/aqueduct-4-0-country-rankings.zip,CC-BY-4.0,B-017_WRI Aqueduct 물 스트레스 지수.xlsx,1.1_observation(측정값),1537,
B-017,WRI Aqueduct 물 스트레스 지수,observation,vnm-v121-b-017-obs-1538-9f8688107014637a,B-017_bws_prov_pes_2080_bao_c_kao_n,VNM,2080,1.9671,점,,,,,,[전망치] · 등급 1 · Low - Medium (10-20%),WRI Aqueduct 4.0,https://files.wri.org/aqueduct/aqueduct-4-0-country-rankings.zip,CC-BY-4.0,B-017_WRI Aqueduct 물 스트레스 지수.xlsx,1.1_observation(측정값),1538,
B-017,WRI Aqueduct 물 스트레스 지수,observation,vnm-v121-b-017-obs-1539-82097c74da2954b1,B-017_bws_prov_pes_2080_bao_c_ninh,VNM,2080,3.1158,점,,,,,,[전망치] · 등급 3 · High (40-80%),WRI Aqueduct 4.0,https://files.wri.org/aqueduct/aqueduct-4-0-country-rankings.zip,CC-BY-4.0,B-017_WRI Aqueduct 물 스트레스 지수.xlsx,1.1_observation(측정값),1539,
B-017,WRI Aqueduct 물 스트레스 지수,observation,vnm-v121-b-017-obs-1540-0d7b2cd9626d8bd4,B-017_bws_prov_pes_2080_bao_n_tre,VNM,2080,1.766,점,,,,,,[전망치] · 등급 1 · Low - Medium (10-20%),WRI Aqueduct 4.0,https://files.wri.org/aqueduct/aqueduct-4-0-country-rankings.zip,CC-BY-4.0,B-017_WRI Aqueduct 물 스트레스 지수.xlsx,1.1_observation(측정값),1540,
B-017,WRI Aqueduct 물 스트레스 지수,observation,vnm-v121-b-017-obs-1541-1da22c8edd238ed1,B-017_bws_prov_pes_2080_cao_bao_ng,VNM,2080,1.0091,점,,,,,,[전망치] · 등급 1 · Low - Medium (10-20%),WRI Aqueduct 4.0,https://files.wri.org/aqueduct/aqueduct-4-0-country-rankings.zip,CC-BY-4.0,B-017_WRI Aqueduct 물 스트레스 지수.xlsx,1.1_observation(측정값),1541,
B-017,WRI Aqueduct 물 스트레스 지수,observation,vnm-v121-b-017-obs-1542-a1aecf64bba7f07b,B-017_bws_prov_pes_2080_ca_mau,VNM,2080,1.766,점,,,,,,[전망치] · 등급 1 · Low - Medium (10-20%),WRI Aqueduct 4.0,https://files.wri.org/aqueduct/aqueduct-4-0-country-rankings.zip,CC-BY-4.0,B-017_WRI Aqueduct 물 스트레스 지수.xlsx,1.1_observation(측정값),1542,
B-017,WRI Aqueduct 물 스트레스 지수,observation,vnm-v121-b-017-obs-1543-0c16e6c8406b6b66,B-017_bws_prov_pes_2080_cao_n_th,VNM,2080,1.766,점,,,,,,[전망치] · 등급 1 · Low - Medium (10-20%),WRI Aqueduct 4.0,https://files.wri.org/aqueduct/aqueduct-4-0-country-rankings.zip,CC-BY-4.0,B-017_WRI Aqueduct 물 스트레스 지수.xlsx,1.1_observation(측정값),1543,
B-017,WRI Aqueduct 물 스트레스 지수,observation,vnm-v121-b-017-obs-1544-9294fa7541d3c9ea,B-017_bws_prov_pes_2080_gia_lai,VNM,2080,1.2865,점,,,,,,[전망치] · 등급 1 · Low - Medium (10-20%),WRI Aqueduct 4.0,https://files.wri.org/aqueduct/aqueduct-4-0-country-rankings.zip,CC-BY-4.0,B-017_WRI Aqueduct 물 스트레스 지수.xlsx,1.1_observation(측정값),1544,
B-017,WRI Aqueduct 물 스트레스 지수,observation,vnm-v121-b-017-obs-1545-d25a2e03136826c3,B-017_bws_prov_pes_2080_hoa_ba_nh,VNM,2080,1.2459,점,,,,,,[전망치] · 등급 1 · Low - Medium (10-20%),WRI Aqueduct 4.0,https://files.wri.org/aqueduct/aqueduct-4-0-country-rankings.zip,CC-BY-4.0,B-017_WRI Aqueduct 물 스트레스 지수.xlsx,1.1_observation(측정값),1545,
B-017,WRI Aqueduct 물 스트레스 지수,observation,vnm-v121-b-017-obs-1546-d50a39c9d953c1ed,B-017_bws_prov_pes_2080_ha_giang,VNM,2080,0.5084,점,,,,,,[전망치] · 등급 0 · Low (<10%),WRI Aqueduct 4.0,https://files.wri.org/aqueduct/aqueduct-4-0-country-rankings.zip,CC-BY-4.0,B-017_WRI Aqueduct 물 스트레스 지수.xlsx,1.1_observation(측정값),1546,
B-017,WRI Aqueduct 물 스트레스 지수,observation,vnm-v121-b-017-obs-1547-f95ed8c32df07a0c,B-017_bws_prov_pes_2080_ha_nam,VNM,2080,1.8142,점,,,,,,[전망치] · 등급 1 · Low - Medium (10-20%),WRI Aqueduct 4.0,https://files.wri.org/aqueduct/aqueduct-4-0-country-rankings.zip,CC-BY-4.0,B-017_WRI Aqueduct 물 스트레스 지수.xlsx,1.1_observation(측정값),1547,
B-017,WRI Aqueduct 물 스트레스 지수,observation,vnm-v121-b-017-obs-1548-380baf59c1231124,B-017_bws_prov_pes_2080_ha_na_tmi,VNM,2080,2.0706,점,,,,,,[전망치] · 등급 2 · Medium - High (20-40%),WRI Aqueduct 4.0,https://files.wri.org/aqueduct/aqueduct-4-0-country-rankings.zip,CC-BY-4.0,B-017_WRI Aqueduct 물 스트레스 지수.xlsx,1.1_observation(측정값),1548,
B-017,WRI Aqueduct 물 스트레스 지수,observation,vnm-v121-b-017-obs-1549-65563e6fd0a8aac3,B-017_bws_prov_pes_2080_ha_ta_nh,VNM,2080,2.8875,점,,,,,,[전망치] · 등급 2 · Medium - High (20-40%),WRI Aqueduct 4.0,https://files.wri.org/aqueduct/aqueduct-4-0-country-rankings.zip,CC-BY-4.0,B-017_WRI Aqueduct 물 스트레스 지수.xlsx,1.1_observation(측정값),1549,
B-017,WRI Aqueduct 물 스트레스 지수,observation,vnm-v121-b-017-obs-1550-b22ae57225881f22,B-017_bws_prov_pes_2080_h_ng_yaan,VNM,2080,1.8142,점,,,,,,[전망치] · 등급 1 · Low - Medium (10-20%),WRI Aqueduct 4.0,https://files.wri.org/aqueduct/aqueduct-4-0-country-rankings.zip,CC-BY-4.0,B-017_WRI Aqueduct 물 스트레스 지수.xlsx,1.1_observation(측정값),1550,
B-017,WRI Aqueduct 물 스트레스 지수,observation,vnm-v121-b-017-obs-1551-5a9d50762e19a8b4,B-017_bws_prov_pes_2080_hao_i_d_ng,VNM,2080,2.3001,점,,,,,,[전망치] · 등급 2 · Medium - High (20-40%),WRI Aqueduct 4.0,https://files.wri.org/aqueduct/aqueduct-4-0-country-rankings.zip,CC-BY-4.0,B-017_WRI Aqueduct 물 스트레스 지수.xlsx,1.1_observation(측정값),1551,
B-017,WRI Aqueduct 물 스트레스 지수,observation,vnm-v121-b-017-obs-1552-46b3a11e3f65191d,B-017_bws_prov_pes_2080_hao_i_pha2ng,VNM,2080,2.1534,점,,,,,,[전망치] · 등급 2 · Medium - High (20-40%),WRI Aqueduct 4.0,https://files.wri.org/aqueduct/aqueduct-4-0-country-rankings.zip,CC-BY-4.0,B-017_WRI Aqueduct 물 스트레스 지수.xlsx,1.1_observation(측정값),1552,
B-017,WRI Aqueduct 물 스트레스 지수,observation,vnm-v121-b-017-obs-1553-47b8aae01ee6a6a1,B-017_bws_prov_pes_2080_hao_u_giang,VNM,2080,1.766,점,,,,,,[전망치] · 등급 1 · Low - Medium (10-20%),WRI Aqueduct 4.0,https://files.wri.org/aqueduct/aqueduct-4-0-country-rankings.zip,CC-BY-4.0,B-017_WRI Aqueduct 물 스트레스 지수.xlsx,1.1_observation(측정값),1553,
B-017,WRI Aqueduct 물 스트레스 지수,observation,vnm-v121-b-017-obs-1554-e75cb07d0e053dfd,B-017_bws_prov_pes_2080_ha_cha_minh,VNM,2080,2.1117,점,,,,,,[전망치] · 등급 2 · Medium - High (20-40%),WRI Aqueduct 4.0,https://files.wri.org/aqueduct/aqueduct-4-0-country-rankings.zip,CC-BY-4.0,B-017_WRI Aqueduct 물 스트레스 지수.xlsx,1.1_observation(측정값),1554,
B-017,WRI Aqueduct 물 스트레스 지수,observation,vnm-v121-b-017-obs-1555-3037a66bad1aa156,B-017_bws_prov_pes_2080_kha_nh_ha2a,VNM,2080,1.4275,점,,,,,,[전망치] · 등급 1 · Low - Medium (10-20%),WRI Aqueduct 4.0,https://files.wri.org/aqueduct/aqueduct-4-0-country-rankings.zip,CC-BY-4.0,B-017_WRI Aqueduct 물 스트레스 지수.xlsx,1.1_observation(측정값),1555,
B-017,WRI Aqueduct 물 스트레스 지수,observation,vnm-v121-b-017-obs-1556-90e5c39faffe91ab,B-017_bws_prov_pes_2080_kiaan_giang,VNM,2080,1.7659,점,,,,,,[전망치] · 등급 1 · Low - Medium (10-20%),WRI Aqueduct 4.0,https://files.wri.org/aqueduct/aqueduct-4-0-country-rankings.zip,CC-BY-4.0,B-017_WRI Aqueduct 물 스트레스 지수.xlsx,1.1_observation(측정값),1556,
B-017,WRI Aqueduct 물 스트레스 지수,observation,vnm-v121-b-017-obs-1557-a1e2fdfc13fc0523,B-017_bws_prov_pes_2080_kon_tum,VNM,2080,0.7616,점,,,,,,[전망치] · 등급 0 · Low (<10%),WRI Aqueduct 4.0,https://files.wri.org/aqueduct/aqueduct-4-0-country-rankings.zip,CC-BY-4.0,B-017_WRI Aqueduct 물 스트레스 지수.xlsx,1.1_observation(측정값),1557,
B-017,WRI Aqueduct 물 스트레스 지수,observation,vnm-v121-b-017-obs-1558-76fcf4053dfda6a6,B-017_bws_prov_pes_2080_lai_cha_u,VNM,2080,0.4902,점,,,,,,[전망치] · 등급 0 · Low (<10%),WRI Aqueduct 4.0,https://files.wri.org/aqueduct/aqueduct-4-0-country-rankings.zip,CC-BY-4.0,B-017_WRI Aqueduct 물 스트레스 지수.xlsx,1.1_observation(측정값),1558,
B-017,WRI Aqueduct 물 스트레스 지수,observation,vnm-v121-b-017-obs-1559-838e45cb3c8e710d,B-017_bws_prov_pes_2080_long_an,VNM,2080,4.4303,점,,,,,,[전망치] · 등급 4 · Extremely High (>80%),WRI Aqueduct 4.0,https://files.wri.org/aqueduct/aqueduct-4-0-country-rankings.zip,CC-BY-4.0,B-017_WRI Aqueduct 물 스트레스 지수.xlsx,1.1_observation(측정값),1559,
B-017,WRI Aqueduct 물 스트레스 지수,observation,vnm-v121-b-017-obs-1560-1b18e951efaa7df8,B-017_bws_prov_pes_2080_la_o_cai,VNM,2080,1.6898,점,,,,,,[전망치] · 등급 1 · Low - Medium (10-20%),WRI Aqueduct 4.0,https://files.wri.org/aqueduct/aqueduct-4-0-country-rankings.zip,CC-BY-4.0,B-017_WRI Aqueduct 물 스트레스 지수.xlsx,1.1_observation(측정값),1560,
B-017,WRI Aqueduct 물 스트레스 지수,observation,vnm-v121-b-017-obs-1561-c8f746cc19e384b6,B-017_bws_prov_pes_2080_la_m_a_a_ng,VNM,2080,2.1098,점,,,,,,[전망치] · 등급 2 · Medium - High (20-40%),WRI Aqueduct 4.0,https://files.wri.org/aqueduct/aqueduct-4-0-country-rankings.zip,CC-BY-4.0,B-017_WRI Aqueduct 물 스트레스 지수.xlsx,1.1_observation(측정값),1561,
B-017,WRI Aqueduct 물 스트레스 지수,observation,vnm-v121-b-017-obs-1562-660143f45c659cf4,B-017_bws_prov_pes_2080_lao_ng_s_n,VNM,2080,2.2276,점,,,,,,[전망치] · 등급 2 · Medium - High (20-40%),WRI Aqueduct 4.0,https://files.wri.org/aqueduct/aqueduct-4-0-country-rankings.zip,CC-BY-4.0,B-017_WRI Aqueduct 물 스트레스 지수.xlsx,1.1_observation(측정값),1562,
B-017,WRI Aqueduct 물 스트레스 지수,observation,vnm-v121-b-017-obs-1563-b14446214c6d69b6,B-017_bws_prov_pes_2080_nam_a_a_nh,VNM,2080,1.8142,점,,,,,,[전망치] · 등급 1 · Low - Medium (10-20%),WRI Aqueduct 4.0,https://files.wri.org/aqueduct/aqueduct-4-0-country-rankings.zip,CC-BY-4.0,B-017_WRI Aqueduct 물 스트레스 지수.xlsx,1.1_observation(측정값),1563,
B-017,WRI Aqueduct 물 스트레스 지수,observation,vnm-v121-b-017-obs-1564-3c86041ab7b7c72c,B-017_bws_prov_pes_2080_ngha_an,VNM,2080,3.8066,점,,,,,,[전망치] · 등급 3 · High (40-80%),WRI Aqueduct 4.0,https://files.wri.org/aqueduct/aqueduct-4-0-country-rankings.zip,CC-BY-4.0,B-017_WRI Aqueduct 물 스트레스 지수.xlsx,1.1_observation(측정값),1564,
B-017,WRI Aqueduct 물 스트레스 지수,observation,vnm-v121-b-017-obs-1565-1aae61c5990f5f81,B-017_bws_prov_pes_2080_ninh_ba_nh,VNM,2080,1.823,점,,,,,,[전망치] · 등급 1 · Low - Medium (10-20%),WRI Aqueduct 4.0,https://files.wri.org/aqueduct/aqueduct-4-0-country-rankings.zip,CC-BY-4.0,B-017_WRI Aqueduct 물 스트레스 지수.xlsx,1.1_observation(측정값),1565,
B-017,WRI Aqueduct 물 스트레스 지수,observation,vnm-v121-b-017-obs-1566-b5a3ed89f9e93bf3,B-017_bws_prov_pes_2080_ninh_thuao_n,VNM,2080,1.4275,점,,,,,,[전망치] · 등급 1 · Low - Medium (10-20%),WRI Aqueduct 4.0,https://files.wri.org/aqueduct/aqueduct-4-0-country-rankings.zip,CC-BY-4.0,B-017_WRI Aqueduct 물 스트레스 지수.xlsx,1.1_observation(측정값),1566,
B-017,WRI Aqueduct 물 스트레스 지수,observation,vnm-v121-b-017-obs-1567-9fb535542806c742,B-017_bws_prov_pes_2080_phao_tha,VNM,2080,0.9424,점,,,,,,[전망치] · 등급 0 · Low (<10%),WRI Aqueduct 4.0,https://files.wri.org/aqueduct/aqueduct-4-0-country-rankings.zip,CC-BY-4.0,B-017_WRI Aqueduct 물 스트레스 지수.xlsx,1.1_observation(측정값),1567,
B-017,WRI Aqueduct 물 스트레스 지수,observation,vnm-v121-b-017-obs-1568-b06cee3164ad4752,B-017_bws_prov_pes_2080_phao_yaan,VNM,2080,2.1225,점,,,,,,[전망치] · 등급 2 · Medium - High (20-40%),WRI Aqueduct 4.0,https://files.wri.org/aqueduct/aqueduct-4-0-country-rankings.zip,CC-BY-4.0,B-017_WRI Aqueduct 물 스트레스 지수.xlsx,1.1_observation(측정값),1568,
B-017,WRI Aqueduct 물 스트레스 지수,observation,vnm-v121-b-017-obs-1569-c8ca182dd65e5962,B-017_bws_prov_pes_2080_quao_ng_ba_nh,VNM,2080,2.3645,점,,,,,,[전망치] · 등급 2 · Medium - High (20-40%),WRI Aqueduct 4.0,https://files.wri.org/aqueduct/aqueduct-4-0-country-rankings.zip,CC-BY-4.0,B-017_WRI Aqueduct 물 스트레스 지수.xlsx,1.1_observation(측정값),1569,
B-017,WRI Aqueduct 물 스트레스 지수,observation,vnm-v121-b-017-obs-1570-9b8fcf9c65305bef,B-017_bws_prov_pes_2080_quao_ng_nam,VNM,2080,1.711,점,,,,,,[전망치] · 등급 1 · Low - Medium (10-20%),WRI Aqueduct 4.0,https://files.wri.org/aqueduct/aqueduct-4-0-country-rankings.zip,CC-BY-4.0,B-017_WRI Aqueduct 물 스트레스 지수.xlsx,1.1_observation(측정값),1570,
B-017,WRI Aqueduct 물 스트레스 지수,observation,vnm-v121-b-017-obs-1571-d3238d0ad094c884,B-017_bws_prov_pes_2080_quao_ng_nga_i,VNM,2080,2.2108,점,,,,,,[전망치] · 등급 2 · Medium - High (20-40%),WRI Aqueduct 4.0,https://files.wri.org/aqueduct/aqueduct-4-0-country-rankings.zip,CC-BY-4.0,B-017_WRI Aqueduct 물 스트레스 지수.xlsx,1.1_observation(측정값),1571,
B-017,WRI Aqueduct 물 스트레스 지수,observation,vnm-v121-b-017-obs-1572-55c92daf0db59ca9,B-017_bws_prov_pes_2080_quao_ng_ninh,VNM,2080,1.9928,점,,,,,,[전망치] · 등급 1 · Low - Medium (10-20%),WRI Aqueduct 4.0,https://files.wri.org/aqueduct/aqueduct-4-0-country-rankings.zip,CC-BY-4.0,B-017_WRI Aqueduct 물 스트레스 지수.xlsx,1.1_observation(측정값),1572,
B-017,WRI Aqueduct 물 스트레스 지수,observation,vnm-v121-b-017-obs-1573-e02404dd9e1ab729,B-017_bws_prov_pes_2080_quao_ng_tra,VNM,2080,2.3857,점,,,,,,[전망치] · 등급 2 · Medium - High (20-40%),WRI Aqueduct 4.0,https://files.wri.org/aqueduct/aqueduct-4-0-country-rankings.zip,CC-BY-4.0,B-017_WRI Aqueduct 물 스트레스 지수.xlsx,1.1_observation(측정값),1573,
B-017,WRI Aqueduct 물 스트레스 지수,observation,vnm-v121-b-017-obs-1574-eb795bc9a6bc8bb7,B-017_bws_prov_pes_2080_sa3c_tra_ng,VNM,2080,1.766,점,,,,,,[전망치] · 등급 1 · Low - Medium (10-20%),WRI Aqueduct 4.0,https://files.wri.org/aqueduct/aqueduct-4-0-country-rankings.zip,CC-BY-4.0,B-017_WRI Aqueduct 물 스트레스 지수.xlsx,1.1_observation(측정값),1574,
B-017,WRI Aqueduct 물 스트레스 지수,observation,vnm-v121-b-017-obs-1575-23efb97af2436fcf,B-017_bws_prov_pes_2080_s_n_la,VNM,2080,0.5106,점,,,,,,[전망치] · 등급 0 · Low (<10%),WRI Aqueduct 4.0,https://files.wri.org/aqueduct/aqueduct-4-0-country-rankings.zip,CC-BY-4.0,B-017_WRI Aqueduct 물 스트레스 지수.xlsx,1.1_observation(측정값),1575,
B-017,WRI Aqueduct 물 스트레스 지수,observation,vnm-v121-b-017-obs-1576-fc51ba06675a3aeb,B-017_bws_prov_pes_2080_thanh_ha3a,VNM,2080,3.2576,점,,,,,,[전망치] · 등급 3 · High (40-80%),WRI Aqueduct 4.0,https://files.wri.org/aqueduct/aqueduct-4-0-country-rankings.zip,CC-BY-4.0,B-017_WRI Aqueduct 물 스트레스 지수.xlsx,1.1_observation(측정값),1576,
B-017,WRI Aqueduct 물 스트레스 지수,observation,vnm-v121-b-017-obs-1577-07515cc35ce17c27,B-017_bws_prov_pes_2080_tha_i_ba_nh,VNM,2080,1.8142,점,,,,,,[전망치] · 등급 1 · Low - Medium (10-20%),WRI Aqueduct 4.0,https://files.wri.org/aqueduct/aqueduct-4-0-country-rankings.zip,CC-BY-4.0,B-017_WRI Aqueduct 물 스트레스 지수.xlsx,1.1_observation(측정값),1577,
B-017,WRI Aqueduct 물 스트레스 지수,observation,vnm-v121-b-017-obs-1578-9c6e943714a83a6c,B-017_bws_prov_pes_2080_tha_i_nguyaan,VNM,2080,3.1158,점,,,,,,[전망치] · 등급 3 · High (40-80%),WRI Aqueduct 4.0,https://files.wri.org/aqueduct/aqueduct-4-0-country-rankings.zip,CC-BY-4.0,B-017_WRI Aqueduct 물 스트레스 지수.xlsx,1.1_observation(측정값),1578,
B-017,WRI Aqueduct 물 스트레스 지수,observation,vnm-v121-b-017-obs-1579-ac596014a5214c40,B-017_bws_prov_pes_2080_tha_a_thiaan_huao,VNM,2080,2.3767,점,,,,,,[전망치] · 등급 2 · Medium - High (20-40%),WRI Aqueduct 4.0,https://files.wri.org/aqueduct/aqueduct-4-0-country-rankings.zip,CC-BY-4.0,B-017_WRI Aqueduct 물 스트레스 지수.xlsx,1.1_observation(측정값),1579,
B-017,WRI Aqueduct 물 스트레스 지수,observation,vnm-v121-b-017-obs-1580-300ef1763a4ba2ca,B-017_bws_prov_pes_2080_tia_n_giang,VNM,2080,2.7054,점,,,,,,[전망치] · 등급 2 · Medium - High (20-40%),WRI Aqueduct 4.0,https://files.wri.org/aqueduct/aqueduct-4-0-country-rankings.zip,CC-BY-4.0,B-017_WRI Aqueduct 물 스트레스 지수.xlsx,1.1_observation(측정값),1580,
B-017,WRI Aqueduct 물 스트레스 지수,observation,vnm-v121-b-017-obs-1581-a27bd733c676f80f,B-017_bws_prov_pes_2080_tra_vinh,VNM,2080,1.766,점,,,,,,[전망치] · 등급 1 · Low - Medium (10-20%),WRI Aqueduct 4.0,https://files.wri.org/aqueduct/aqueduct-4-0-country-rankings.zip,CC-BY-4.0,B-017_WRI Aqueduct 물 스트레스 지수.xlsx,1.1_observation(측정값),1581,
B-017,WRI Aqueduct 물 스트레스 지수,observation,vnm-v121-b-017-obs-1582-b3905b4d5a32e7fd,B-017_bws_prov_pes_2080_tuyaan_quang,VNM,2080,0.6848,점,,,,,,[전망치] · 등급 0 · Low (<10%),WRI Aqueduct 4.0,https://files.wri.org/aqueduct/aqueduct-4-0-country-rankings.zip,CC-BY-4.0,B-017_WRI Aqueduct 물 스트레스 지수.xlsx,1.1_observation(측정값),1582,
B-017,WRI Aqueduct 물 스트레스 지수,observation,vnm-v121-b-017-obs-1583-10d2a81ec6b7d468,B-017_bws_prov_pes_2080_ta_y_ninh,VNM,2080,4.0953,점,,,,,,[전망치] · 등급 4 · Extremely High (>80%),WRI Aqueduct 4.0,https://files.wri.org/aqueduct/aqueduct-4-0-country-rankings.zip,CC-BY-4.0,B-017_WRI Aqueduct 물 스트레스 지수.xlsx,1.1_observation(측정값),1583,
B-017,WRI Aqueduct 물 스트레스 지수,observation,vnm-v121-b-017-obs-1584-02fd51eddebe1bf6,B-017_bws_prov_pes_2080_va_nh_long,VNM,2080,1.766,점,,,,,,[전망치] · 등급 1 · Low - Medium (10-20%),WRI Aqueduct 4.0,https://files.wri.org/aqueduct/aqueduct-4-0-country-rankings.zip,CC-BY-4.0,B-017_WRI Aqueduct 물 스트레스 지수.xlsx,1.1_observation(측정값),1584,
B-017,WRI Aqueduct 물 스트레스 지수,observation,vnm-v121-b-017-obs-1585-df68f5d996116923,B-017_bws_prov_pes_2080_va_nh_phaoc,VNM,2080,1.8722,점,,,,,,[전망치] · 등급 1 · Low - Medium (10-20%),WRI Aqueduct 4.0,https://files.wri.org/aqueduct/aqueduct-4-0-country-rankings.zip,CC-BY-4.0,B-017_WRI Aqueduct 물 스트레스 지수.xlsx,1.1_observation(측정값),1585,
B-017,WRI Aqueduct 물 스트레스 지수,observation,vnm-v121-b-017-obs-1586-2b7d84ceb5dcc5e4,B-017_bws_prov_pes_2080_yaan_ba_i,VNM,2080,1.5072,점,,,,,,[전망치] · 등급 1 · Low - Medium (10-20%),WRI Aqueduct 4.0,https://files.wri.org/aqueduct/aqueduct-4-0-country-rankings.zip,CC-BY-4.0,B-017_WRI Aqueduct 물 스트레스 지수.xlsx,1.1_observation(측정값),1586,
B-017,WRI Aqueduct 물 스트레스 지수,observation,vnm-v121-b-017-obs-1587-9abab5b4d5ce6d11,B-017_bws_prov_pes_2080_a_ia_n_biaan,VNM,2080,0.8907,점,,,,,,[전망치] · 등급 0 · Low (<10%),WRI Aqueduct 4.0,https://files.wri.org/aqueduct/aqueduct-4-0-country-rankings.zip,CC-BY-4.0,B-017_WRI Aqueduct 물 스트레스 지수.xlsx,1.1_observation(측정값),1587,
B-017,WRI Aqueduct 물 스트레스 지수,observation,vnm-v121-b-017-obs-1588-7809806559c07d2b,B-017_bws_prov_pes_2080_a_a_nao_ng,VNM,2080,2.3927,점,,,,,,[전망치] · 등급 2 · Medium - High (20-40%),WRI Aqueduct 4.0,https://files.wri.org/aqueduct/aqueduct-4-0-country-rankings.zip,CC-BY-4.0,B-017_WRI Aqueduct 물 스트레스 지수.xlsx,1.1_observation(측정값),1588,
B-017,WRI Aqueduct 물 스트레스 지수,observation,vnm-v121-b-017-obs-1589-953d5784fd3fe08f,B-017_bws_prov_pes_2080_a_ao_k_lao_k,VNM,2080,0.1465,점,,,,,,[전망치] · 등급 0 · Low (<10%),WRI Aqueduct 4.0,https://files.wri.org/aqueduct/aqueduct-4-0-country-rankings.zip,CC-BY-4.0,B-017_WRI Aqueduct 물 스트레스 지수.xlsx,1.1_observation(측정값),1589,
B-017,WRI Aqueduct 물 스트레스 지수,observation,vnm-v121-b-017-obs-1590-71a6be7d57e0d359,B-017_bws_prov_pes_2080_a_ao_k_na_ng,VNM,2080,0.5143,점,,,,,,[전망치] · 등급 0 · Low (<10%),WRI Aqueduct 4.0,https://files.wri.org/aqueduct/aqueduct-4-0-country-rankings.zip,CC-BY-4.0,B-017_WRI Aqueduct 물 스트레스 지수.xlsx,1.1_observation(측정값),1590,
B-017,WRI Aqueduct 물 스트레스 지수,observation,vnm-v121-b-017-obs-1591-a2aab8eab6562a2a,B-017_bws_prov_pes_2080_a_a_ng_nai,VNM,2080,2.0044,점,,,,,,[전망치] · 등급 2 · Medium - High (20-40%),WRI Aqueduct 4.0,https://files.wri.org/aqueduct/aqueduct-4-0-country-rankings.zip,CC-BY-4.0,B-017_WRI Aqueduct 물 스트레스 지수.xlsx,1.1_observation(측정값),1591,
B-017,WRI Aqueduct 물 스트레스 지수,observation,vnm-v121-b-017-obs-1592-6d40bcf9699d6521,B-017_bws_prov_pes_2080_a_a_ng_tha_p,VNM,2080,2.5056,점,,,,,,[전망치] · 등급 2 · Medium - High (20-40%),WRI Aqueduct 4.0,https://files.wri.org/aqueduct/aqueduct-4-0-country-rankings.zip,CC-BY-4.0,B-017_WRI Aqueduct 물 스트레스 지수.xlsx,1.1_observation(측정값),1592,
