element_id,element_label,record_type,record_id,indicator_id,country_iso3,year,period_start,period_end,period,statistic_type,source_year_label,value,unit,name,latitude,longitude,attributes_json,missing_reason_code,note,source_org,source_url,license_code,source_file,source_sheet,source_row,publication_decision_id
B-037,"토지피복 분류별 면적[경작지, 산림, 초지, 건물, 수체, 나지]",entity,v124-b-037-entity-00001,B-037_landcover_adm1,VNM,,,,,,,,,VNM.1_1,10.586308,105.266808,"{""2025_개편_후_소속_34개_체계"":""An Giang"",""건물_인공지표_면적_km"":175.375,""경계_면적_km_GADM"":3522.7,""경계_좌표_산출근거"":""경계는 GADM 4.1 ADM1(2022년판, 2025년 개편 이전 63개 성). 대표좌표는 최대 폴리곤의 내부 보장 대표점. 좌표계 EPSG:4326. GFW·CCKP 의 성 단위 집계도 GADM 경계 기준이므로 값과 경계의 출처 체계가 일치. 2025-07-01 시행 결의 202/2025/QH15 의 34개 체계 대응은 별도 속성에 병기."",""경계_폴리곤_파일"":""[공통]VNM_admin1_GADM41_63.geojson"",""경작지_면적_km"":2574.979,""관목_면적_km"":4.433,""기후기술_연계_근거"":""간접 · 원천 자체 분류 — ESA WorldCover 가 토지피복 등급을 Tree cover·Cropland·Built-up 등으로 정의·배포하며, 수목 피복 면적은 탄소 흡수원의 물리적 기반, 경작지·건물 면적은 토지이용 변화의 기준이 됨. 주 기술 23(탄소 흡수원), 부 기술 35(산림·생태계 부문 기술) — 2026-08-28 발주처 지시에 따라 tech_id에 ';'로 연결해 복수 기입. [근거자료] ESA_WorldCover_10m_2021_v200_*_Map.tif (Discrete Classification, 등급 10~95) · FAOSTAT Land Cover(LC) Item=Artificial surfaces 등"",""나지_희박식생_면적_km"":8.601,""레코드_키"":""VNM.1_1"",""맹그로브_면적_km"":0,""수목_면적_km"":560.643,""연도"":2021,""영구수체_면적_km"":133.47,""전국_값"":null,""전국_단위"":null,""전국_지표명"":null,""지역명_로마자"":""AnGiang"",""지역명_베트남어"":""AnGiang"",""초본습지_면적_km"":5.066,""초지_면적_km"":76.958,""합계_km"":3539.525,""행정단위"":""Province""}",,ESA WorldCover 10m v200(2021) 격자를 GADM 4.1 ADM1 폴리곤으로 zonal 집계. 주 기술 23(탄소 흡수원) · 부 기술 35(산림·생태계 부문) — tech_id에 ';'로 연결해 복수 기입(2026-08-28 발주처 지시),,,,B-037.xlsx,1.2_entity(레코드형),4,
B-037,"토지피복 분류별 면적[경작지, 산림, 초지, 건물, 수체, 나지]",entity,v124-b-037-entity-00002,B-037_landcover_adm1,VNM,,,,,,,,,VNM.33_1,9.93445,105.310244,"{""2025_개편_후_소속_34개_체계"":""An Giang"",""건물_인공지표_면적_km"":222.86,""경계_면적_km_GADM"":6284.7,""경계_좌표_산출근거"":""경계는 GADM 4.1 ADM1(2022년판, 2025년 개편 이전 63개 성). 대표좌표는 최대 폴리곤의 내부 보장 대표점. 좌표계 EPSG:4326. GFW·CCKP 의 성 단위 집계도 GADM 경계 기준이므로 값과 경계의 출처 체계가 일치. 2025-07-01 시행 결의 202/2025/QH15 의 34개 체계 대응은 별도 속성에 병기."",""경계_폴리곤_파일"":""[공통]VNM_admin1_GADM41_63.geojson"",""경작지_면적_km"":3578.034,""관목_면적_km"":12.198,""기후기술_연계_근거"":""간접 · 원천 자체 분류 — ESA WorldCover 가 토지피복 등급을 Tree cover·Cropland·Built-up 등으로 정의·배포하며, 수목 피복 면적은 탄소 흡수원의 물리적 기반, 경작지·건물 면적은 토지이용 변화의 기준이 됨. 주 기술 23(탄소 흡수원), 부 기술 35(산림·생태계 부문 기술) — 2026-08-28 발주처 지시에 따라 tech_id에 ';'로 연결해 복수 기입. [근거자료] ESA_WorldCover_10m_2021_v200_*_Map.tif (Discrete Classification, 등급 10~95) · FAOSTAT Land Cover(LC) Item=Artificial surfaces 등"",""나지_희박식생_면적_km"":48.271,""레코드_키"":""VNM.33_1"",""맹그로브_면적_km"":80.734,""수목_면적_km"":1272.93,""연도"":2021,""영구수체_면적_km"":720.953,""전국_값"":null,""전국_단위"":null,""전국_지표명"":null,""지역명_로마자"":""KienGiang"",""지역명_베트남어"":""KiênGiang"",""초본습지_면적_km"":134.809,""초지_면적_km"":241.877,""합계_km"":6312.667,""행정단위"":""Province""}",,ESA WorldCover 10m v200(2021) 격자를 GADM 4.1 ADM1 폴리곤으로 zonal 집계. 주 기술 23(탄소 흡수원) · 부 기술 35(산림·생태계 부문) — tech_id에 ';'로 연결해 복수 기입(2026-08-28 발주처 지시),,,,B-037.xlsx,1.2_entity(레코드형),36,
B-037,"토지피복 분류별 면적[경작지, 산림, 초지, 건물, 수체, 나지]",entity,v124-b-037-entity-00003,B-037_landcover_adm1,VNM,,,,,,,,,VNM.5_1,21.103953,106.061065,"{""2025_개편_후_소속_34개_체계"":""Bắc Ninh"",""건물_인공지표_면적_km"":166.694,""경계_면적_km_GADM"":819.7,""경계_좌표_산출근거"":""경계는 GADM 4.1 ADM1(2022년판, 2025년 개편 이전 63개 성). 대표좌표는 최대 폴리곤의 내부 보장 대표점. 좌표계 EPSG:4326. GFW·CCKP 의 성 단위 집계도 GADM 경계 기준이므로 값과 경계의 출처 체계가 일치. 2025-07-01 시행 결의 202/2025/QH15 의 34개 체계 대응은 별도 속성에 병기."",""경계_폴리곤_파일"":""[공통]VNM_admin1_GADM41_63.geojson"",""경작지_면적_km"":442.467,""관목_면적_km"":0.004,""기후기술_연계_근거"":""간접 · 원천 자체 분류 — ESA WorldCover 가 토지피복 등급을 Tree cover·Cropland·Built-up 등으로 정의·배포하며, 수목 피복 면적은 탄소 흡수원의 물리적 기반, 경작지·건물 면적은 토지이용 변화의 기준이 됨. 주 기술 23(탄소 흡수원), 부 기술 35(산림·생태계 부문 기술) — 2026-08-28 발주처 지시에 따라 tech_id에 ';'로 연결해 복수 기입. [근거자료] ESA_WorldCover_10m_2021_v200_*_Map.tif (Discrete Classification, 등급 10~95) · FAOSTAT Land Cover(LC) Item=Artificial surfaces 등"",""나지_희박식생_면적_km"":21.905,""레코드_키"":""VNM.5_1"",""맹그로브_면적_km"":0,""수목_면적_km"":111.745,""연도"":2021,""영구수체_면적_km"":33.158,""전국_값"":null,""전국_단위"":null,""전국_지표명"":null,""지역명_로마자"":""BacNinh"",""지역명_베트남어"":""BắcNinh"",""초본습지_면적_km"":0.09,""초지_면적_km"":47.351,""합계_km"":823.415,""행정단위"":""Province""}",,ESA WorldCover 10m v200(2021) 격자를 GADM 4.1 ADM1 폴리곤으로 zonal 집계. 주 기술 23(탄소 흡수원) · 부 기술 35(산림·생태계 부문) — tech_id에 ';'로 연결해 복수 기입(2026-08-28 발주처 지시),,,,B-037.xlsx,1.2_entity(레코드형),8,
B-037,"토지피복 분류별 면적[경작지, 산림, 초지, 건물, 수체, 나지]",entity,v124-b-037-entity-00004,B-037_landcover_adm1,VNM,,,,,,,,,VNM.3_1,21.379775,106.428763,"{""2025_개편_후_소속_34개_체계"":""Bắc Ninh"",""건물_인공지표_면적_km"":208.494,""경계_면적_km_GADM"":3885.7,""경계_좌표_산출근거"":""경계는 GADM 4.1 ADM1(2022년판, 2025년 개편 이전 63개 성). 대표좌표는 최대 폴리곤의 내부 보장 대표점. 좌표계 EPSG:4326. GFW·CCKP 의 성 단위 집계도 GADM 경계 기준이므로 값과 경계의 출처 체계가 일치. 2025-07-01 시행 결의 202/2025/QH15 의 34개 체계 대응은 별도 속성에 병기."",""경계_폴리곤_파일"":""[공통]VNM_admin1_GADM41_63.geojson"",""경작지_면적_km"":841.229,""관목_면적_km"":0.003,""기후기술_연계_근거"":""간접 · 원천 자체 분류 — ESA WorldCover 가 토지피복 등급을 Tree cover·Cropland·Built-up 등으로 정의·배포하며, 수목 피복 면적은 탄소 흡수원의 물리적 기반, 경작지·건물 면적은 토지이용 변화의 기준이 됨. 주 기술 23(탄소 흡수원), 부 기술 35(산림·생태계 부문 기술) — 2026-08-28 발주처 지시에 따라 tech_id에 ';'로 연결해 복수 기입. [근거자료] ESA_WorldCover_10m_2021_v200_*_Map.tif (Discrete Classification, 등급 10~95) · FAOSTAT Land Cover(LC) Item=Artificial surfaces 등"",""나지_희박식생_면적_km"":29.549,""레코드_키"":""VNM.3_1"",""맹그로브_면적_km"":0,""수목_면적_km"":2590.933,""연도"":2021,""영구수체_면적_km"":66.822,""전국_값"":null,""전국_단위"":null,""전국_지표명"":null,""지역명_로마자"":""BacGiang"",""지역명_베트남어"":""BắcGiang"",""초본습지_면적_km"":0.447,""초지_면적_km"":166.357,""합계_km"":3903.833,""행정단위"":""Province""}",,ESA WorldCover 10m v200(2021) 격자를 GADM 4.1 ADM1 폴리곤으로 zonal 집계. 주 기술 23(탄소 흡수원) · 부 기술 35(산림·생태계 부문) — tech_id에 ';'로 연결해 복수 기입(2026-08-28 발주처 지시),,,,B-037.xlsx,1.2_entity(레코드형),6,
B-037,"토지피복 분류별 면적[경작지, 산림, 초지, 건물, 수체, 나지]",entity,v124-b-037-entity-00005,B-037_landcover_adm1,VNM,,,,,,,,,VNM.14_1,22.759297,106.109097,"{""2025_개편_후_소속_34개_체계"":""Cao Bằng"",""건물_인공지표_면적_km"":29.89,""경계_면적_km_GADM"":6682.6,""경계_좌표_산출근거"":""경계는 GADM 4.1 ADM1(2022년판, 2025년 개편 이전 63개 성). 대표좌표는 최대 폴리곤의 내부 보장 대표점. 좌표계 EPSG:4326. GFW·CCKP 의 성 단위 집계도 GADM 경계 기준이므로 값과 경계의 출처 체계가 일치. 2025-07-01 시행 결의 202/2025/QH15 의 34개 체계 대응은 별도 속성에 병기."",""경계_폴리곤_파일"":""[공통]VNM_admin1_GADM41_63.geojson"",""경작지_면적_km"":484.09,""관목_면적_km"":0.002,""기후기술_연계_근거"":""간접 · 원천 자체 분류 — ESA WorldCover 가 토지피복 등급을 Tree cover·Cropland·Built-up 등으로 정의·배포하며, 수목 피복 면적은 탄소 흡수원의 물리적 기반, 경작지·건물 면적은 토지이용 변화의 기준이 됨. 주 기술 23(탄소 흡수원), 부 기술 35(산림·생태계 부문 기술) — 2026-08-28 발주처 지시에 따라 tech_id에 ';'로 연결해 복수 기입. [근거자료] ESA_WorldCover_10m_2021_v200_*_Map.tif (Discrete Classification, 등급 10~95) · FAOSTAT Land Cover(LC) Item=Artificial surfaces 등"",""나지_희박식생_면적_km"":5.804,""레코드_키"":""VNM.14_1"",""맹그로브_면적_km"":0,""수목_면적_km"":5320.173,""연도"":2021,""영구수체_면적_km"":10.195,""전국_값"":null,""전국_단위"":null,""전국_지표명"":null,""지역명_로마자"":""CaoBang"",""지역명_베트남어"":""CaoBằng"",""초본습지_면적_km"":0,""초지_면적_km"":863.322,""합계_km"":6713.476,""행정단위"":""Province""}",,ESA WorldCover 10m v200(2021) 격자를 GADM 4.1 ADM1 폴리곤으로 zonal 집계. 주 기술 23(탄소 흡수원) · 부 기술 35(산림·생태계 부문) — tech_id에 ';'로 연결해 복수 기입(2026-08-28 발주처 지시),,,,B-037.xlsx,1.2_entity(레코드형),17,
B-037,"토지피복 분류별 면적[경작지, 산림, 초지, 건물, 수체, 나지]",entity,v124-b-037-entity-00006,B-037_landcover_adm1,VNM,,,,,,,,,VNM.13_1,8.95681,105.061349,"{""2025_개편_후_소속_34개_체계"":""Cà Mau"",""건물_인공지표_면적_km"":125.298,""경계_면적_km_GADM"":5167,""경계_좌표_산출근거"":""경계는 GADM 4.1 ADM1(2022년판, 2025년 개편 이전 63개 성). 대표좌표는 최대 폴리곤의 내부 보장 대표점. 좌표계 EPSG:4326. GFW·CCKP 의 성 단위 집계도 GADM 경계 기준이므로 값과 경계의 출처 체계가 일치. 2025-07-01 시행 결의 202/2025/QH15 의 34개 체계 대응은 별도 속성에 병기."",""경계_폴리곤_파일"":""[공통]VNM_admin1_GADM41_63.geojson"",""경작지_면적_km"":1085.724,""관목_면적_km"":68.707,""기후기술_연계_근거"":""간접 · 원천 자체 분류 — ESA WorldCover 가 토지피복 등급을 Tree cover·Cropland·Built-up 등으로 정의·배포하며, 수목 피복 면적은 탄소 흡수원의 물리적 기반, 경작지·건물 면적은 토지이용 변화의 기준이 됨. 주 기술 23(탄소 흡수원), 부 기술 35(산림·생태계 부문 기술) — 2026-08-28 발주처 지시에 따라 tech_id에 ';'로 연결해 복수 기입. [근거자료] ESA_WorldCover_10m_2021_v200_*_Map.tif (Discrete Classification, 등급 10~95) · FAOSTAT Land Cover(LC) Item=Artificial surfaces 등"",""나지_희박식생_면적_km"":124.262,""레코드_키"":""VNM.13_1"",""맹그로브_면적_km"":856.687,""수목_면적_km"":1148.381,""연도"":2021,""영구수체_면적_km"":1402.253,""전국_값"":null,""전국_단위"":null,""전국_지표명"":null,""지역명_로마자"":""CaMau"",""지역명_베트남어"":""CàMau"",""초본습지_면적_km"":252.619,""초지_면적_km"":125.026,""합계_km"":5188.959,""행정단위"":""Province""}",,ESA WorldCover 10m v200(2021) 격자를 GADM 4.1 ADM1 폴리곤으로 zonal 집계. 주 기술 23(탄소 흡수원) · 부 기술 35(산림·생태계 부문) — tech_id에 ';'로 연결해 복수 기입(2026-08-28 발주처 지시),,,,B-037.xlsx,1.2_entity(레코드형),16,
B-037,"토지피복 분류별 면적[경작지, 산림, 초지, 건물, 수체, 나지]",entity,v124-b-037-entity-00007,B-037_landcover_adm1,VNM,,,,,,,,,VNM.2_1,9.383692,105.515103,"{""2025_개편_후_소속_34개_체계"":""Cà Mau"",""건물_인공지표_면적_km"":91.638,""경계_면적_km_GADM"":2477.7,""경계_좌표_산출근거"":""경계는 GADM 4.1 ADM1(2022년판, 2025년 개편 이전 63개 성). 대표좌표는 최대 폴리곤의 내부 보장 대표점. 좌표계 EPSG:4326. GFW·CCKP 의 성 단위 집계도 GADM 경계 기준이므로 값과 경계의 출처 체계가 일치. 2025-07-01 시행 결의 202/2025/QH15 의 34개 체계 대응은 별도 속성에 병기."",""경계_폴리곤_파일"":""[공통]VNM_admin1_GADM41_63.geojson"",""경작지_면적_km"":1225.57,""관목_면적_km"":3.925,""기후기술_연계_근거"":""간접 · 원천 자체 분류 — ESA WorldCover 가 토지피복 등급을 Tree cover·Cropland·Built-up 등으로 정의·배포하며, 수목 피복 면적은 탄소 흡수원의 물리적 기반, 경작지·건물 면적은 토지이용 변화의 기준이 됨. 주 기술 23(탄소 흡수원), 부 기술 35(산림·생태계 부문 기술) — 2026-08-28 발주처 지시에 따라 tech_id에 ';'로 연결해 복수 기입. [근거자료] ESA_WorldCover_10m_2021_v200_*_Map.tif (Discrete Classification, 등급 10~95) · FAOSTAT Land Cover(LC) Item=Artificial surfaces 등"",""나지_희박식생_면적_km"":68.618,""레코드_키"":""VNM.2_1"",""맹그로브_면적_km"":33.087,""수목_면적_km"":278.516,""연도"":2021,""영구수체_면적_km"":684.936,""전국_값"":null,""전국_단위"":null,""전국_지표명"":null,""지역명_로마자"":""BacLieu"",""지역명_베트남어"":""BạcLiêu"",""초본습지_면적_km"":36.439,""초지_면적_km"":66.647,""합계_km"":2489.376,""행정단위"":""Province""}",,ESA WorldCover 10m v200(2021) 격자를 GADM 4.1 ADM1 폴리곤으로 zonal 집계. 주 기술 23(탄소 흡수원) · 부 기술 35(산림·생태계 부문) — tech_id에 ';'로 연결해 복수 기입(2026-08-28 발주처 지시),,,,B-037.xlsx,1.2_entity(레코드형),5,
B-037,"토지피복 분류별 면적[경작지, 산림, 초지, 건물, 수체, 나지]",entity,v124-b-037-entity-00008,B-037_landcover_adm1,VNM,,,,,,,,,VNM.51_1,9.503674,105.823139,"{""2025_개편_후_소속_34개_체계"":""Cần Thơ"",""건물_인공지표_면적_km"":113.75,""경계_면적_km_GADM"":3281.5,""경계_좌표_산출근거"":""경계는 GADM 4.1 ADM1(2022년판, 2025년 개편 이전 63개 성). 대표좌표는 최대 폴리곤의 내부 보장 대표점. 좌표계 EPSG:4326. GFW·CCKP 의 성 단위 집계도 GADM 경계 기준이므로 값과 경계의 출처 체계가 일치. 2025-07-01 시행 결의 202/2025/QH15 의 34개 체계 대응은 별도 속성에 병기."",""경계_폴리곤_파일"":""[공통]VNM_admin1_GADM41_63.geojson"",""경작지_면적_km"":1850.184,""관목_면적_km"":1.707,""기후기술_연계_근거"":""간접 · 원천 자체 분류 — ESA WorldCover 가 토지피복 등급을 Tree cover·Cropland·Built-up 등으로 정의·배포하며, 수목 피복 면적은 탄소 흡수원의 물리적 기반, 경작지·건물 면적은 토지이용 변화의 기준이 됨. 주 기술 23(탄소 흡수원), 부 기술 35(산림·생태계 부문 기술) — 2026-08-28 발주처 지시에 따라 tech_id에 ';'로 연결해 복수 기입. [근거자료] ESA_WorldCover_10m_2021_v200_*_Map.tif (Discrete Classification, 등급 10~95) · FAOSTAT Land Cover(LC) Item=Artificial surfaces 등"",""나지_희박식생_면적_km"":60.39,""레코드_키"":""VNM.51_1"",""맹그로브_면적_km"":43.006,""수목_면적_km"":724.445,""연도"":2021,""영구수체_면적_km"":387.226,""전국_값"":null,""전국_단위"":null,""전국_지표명"":null,""지역명_로마자"":""SocTrang"",""지역명_베트남어"":""SócTrăng"",""초본습지_면적_km"":1.189,""초지_면적_km"":113.937,""합계_km"":3295.834,""행정단위"":""Province""}",,ESA WorldCover 10m v200(2021) 격자를 GADM 4.1 ADM1 폴리곤으로 zonal 집계. 주 기술 23(탄소 흡수원) · 부 기술 35(산림·생태계 부문) — tech_id에 ';'로 연결해 복수 기입(2026-08-28 발주처 지시),,,,B-037.xlsx,1.2_entity(레코드형),54,
B-037,"토지피복 분류별 면적[경작지, 산림, 초지, 건물, 수체, 나지]",entity,v124-b-037-entity-00009,B-037_landcover_adm1,VNM,,,,,,,,,VNM.12_1,10.074176,105.579935,"{""2025_개편_후_소속_34개_체계"":""Cần Thơ"",""건물_인공지표_면적_km"":140.433,""경계_면적_km_GADM"":1438.8,""경계_좌표_산출근거"":""경계는 GADM 4.1 ADM1(2022년판, 2025년 개편 이전 63개 성). 대표좌표는 최대 폴리곤의 내부 보장 대표점. 좌표계 EPSG:4326. GFW·CCKP 의 성 단위 집계도 GADM 경계 기준이므로 값과 경계의 출처 체계가 일치. 2025-07-01 시행 결의 202/2025/QH15 의 34개 체계 대응은 별도 속성에 병기."",""경계_폴리곤_파일"":""[공통]VNM_admin1_GADM41_63.geojson"",""경작지_면적_km"":877.486,""관목_면적_km"":0.539,""기후기술_연계_근거"":""간접 · 원천 자체 분류 — ESA WorldCover 가 토지피복 등급을 Tree cover·Cropland·Built-up 등으로 정의·배포하며, 수목 피복 면적은 탄소 흡수원의 물리적 기반, 경작지·건물 면적은 토지이용 변화의 기준이 됨. 주 기술 23(탄소 흡수원), 부 기술 35(산림·생태계 부문 기술) — 2026-08-28 발주처 지시에 따라 tech_id에 ';'로 연결해 복수 기입. [근거자료] ESA_WorldCover_10m_2021_v200_*_Map.tif (Discrete Classification, 등급 10~95) · FAOSTAT Land Cover(LC) Item=Artificial surfaces 등"",""나지_희박식생_면적_km"":4.569,""레코드_키"":""VNM.12_1"",""맹그로브_면적_km"":0,""수목_면적_km"":343.074,""연도"":2021,""영구수체_면적_km"":54.614,""전국_값"":null,""전국_단위"":null,""전국_지표명"":null,""지역명_로마자"":""CanTho"",""지역명_베트남어"":""CầnThơ"",""초본습지_면적_km"":0.367,""초지_면적_km"":24.023,""합계_km"":1445.105,""행정단위"":""City""}",,ESA WorldCover 10m v200(2021) 격자를 GADM 4.1 ADM1 폴리곤으로 zonal 집계. 주 기술 23(탄소 흡수원) · 부 기술 35(산림·생태계 부문) — tech_id에 ';'로 연결해 복수 기입(2026-08-28 발주처 지시),,,,B-037.xlsx,1.2_entity(레코드형),15,
B-037,"토지피복 분류별 면적[경작지, 산림, 초지, 건물, 수체, 나지]",entity,v124-b-037-entity-00010,B-037_landcover_adm1,VNM,,,,,,,,,VNM.24_1,9.755554,105.562522,"{""2025_개편_후_소속_34개_체계"":""Cần Thơ"",""건물_인공지표_면적_km"":93.751,""경계_면적_km_GADM"":1622.1,""경계_좌표_산출근거"":""경계는 GADM 4.1 ADM1(2022년판, 2025년 개편 이전 63개 성). 대표좌표는 최대 폴리곤의 내부 보장 대표점. 좌표계 EPSG:4326. GFW·CCKP 의 성 단위 집계도 GADM 경계 기준이므로 값과 경계의 출처 체계가 일치. 2025-07-01 시행 결의 202/2025/QH15 의 34개 체계 대응은 별도 속성에 병기."",""경계_폴리곤_파일"":""[공통]VNM_admin1_GADM41_63.geojson"",""경작지_면적_km"":914.211,""관목_면적_km"":1.464,""기후기술_연계_근거"":""간접 · 원천 자체 분류 — ESA WorldCover 가 토지피복 등급을 Tree cover·Cropland·Built-up 등으로 정의·배포하며, 수목 피복 면적은 탄소 흡수원의 물리적 기반, 경작지·건물 면적은 토지이용 변화의 기준이 됨. 주 기술 23(탄소 흡수원), 부 기술 35(산림·생태계 부문 기술) — 2026-08-28 발주처 지시에 따라 tech_id에 ';'로 연결해 복수 기입. [근거자료] ESA_WorldCover_10m_2021_v200_*_Map.tif (Discrete Classification, 등급 10~95) · FAOSTAT Land Cover(LC) Item=Artificial surfaces 등"",""나지_희박식생_면적_km"":3.855,""레코드_키"":""VNM.24_1"",""맹그로브_면적_km"":0,""수목_면적_km"":585.229,""연도"":2021,""영구수체_면적_km"":16.755,""전국_값"":null,""전국_단위"":null,""전국_지표명"":null,""지역명_로마자"":""HauGiang"",""지역명_베트남어"":""HậuGiang"",""초본습지_면적_km"":0.154,""초지_면적_km"":13.895,""합계_km"":1629.316,""행정단위"":""Province""}",,ESA WorldCover 10m v200(2021) 격자를 GADM 4.1 ADM1 폴리곤으로 zonal 집계. 주 기술 23(탄소 흡수원) · 부 기술 35(산림·생태계 부문) — tech_id에 ';'로 연결해 복수 기입(2026-08-28 발주처 지시),,,,B-037.xlsx,1.2_entity(레코드형),27,
B-037,"토지피복 분류별 면적[경작지, 산림, 초지, 건물, 수체, 나지]",entity,v124-b-037-entity-00011,B-037_landcover_adm1,VNM,,,,,,,,,VNM.8_1,14.120809,108.956807,"{""2025_개편_후_소속_34개_체계"":""Gia Lai"",""건물_인공지표_면적_km"":194.461,""경계_면적_km_GADM"":6060.7,""경계_좌표_산출근거"":""경계는 GADM 4.1 ADM1(2022년판, 2025년 개편 이전 63개 성). 대표좌표는 최대 폴리곤의 내부 보장 대표점. 좌표계 EPSG:4326. GFW·CCKP 의 성 단위 집계도 GADM 경계 기준이므로 값과 경계의 출처 체계가 일치. 2025-07-01 시행 결의 202/2025/QH15 의 34개 체계 대응은 별도 속성에 병기."",""경계_폴리곤_파일"":""[공통]VNM_admin1_GADM41_63.geojson"",""경작지_면적_km"":694.499,""관목_면적_km"":0.455,""기후기술_연계_근거"":""간접 · 원천 자체 분류 — ESA WorldCover 가 토지피복 등급을 Tree cover·Cropland·Built-up 등으로 정의·배포하며, 수목 피복 면적은 탄소 흡수원의 물리적 기반, 경작지·건물 면적은 토지이용 변화의 기준이 됨. 주 기술 23(탄소 흡수원), 부 기술 35(산림·생태계 부문 기술) — 2026-08-28 발주처 지시에 따라 tech_id에 ';'로 연결해 복수 기입. [근거자료] ESA_WorldCover_10m_2021_v200_*_Map.tif (Discrete Classification, 등급 10~95) · FAOSTAT Land Cover(LC) Item=Artificial surfaces 등"",""나지_희박식생_면적_km"":82.042,""레코드_키"":""VNM.8_1"",""맹그로브_면적_km"":0.517,""수목_면적_km"":4479.144,""연도"":2021,""영구수체_면적_km"":154.423,""전국_값"":null,""전국_단위"":null,""전국_지표명"":null,""지역명_로마자"":""BinhDinh"",""지역명_베트남어"":""BìnhĐịnh"",""초본습지_면적_km"":1.214,""초지_면적_km"":481.28,""합계_km"":6088.036,""행정단위"":""Province""}",,ESA WorldCover 10m v200(2021) 격자를 GADM 4.1 ADM1 폴리곤으로 zonal 집계. 주 기술 23(탄소 흡수원) · 부 기술 35(산림·생태계 부문) — tech_id에 ';'로 연결해 복수 기입(2026-08-28 발주처 지시),,,,B-037.xlsx,1.2_entity(레코드형),11,
B-037,"토지피복 분류별 면적[경작지, 산림, 초지, 건물, 수체, 나지]",entity,v124-b-037-entity-00012,B-037_landcover_adm1,VNM,,,,,,,,,VNM.21_1,13.777335,108.313385,"{""2025_개편_후_소속_34개_체계"":""Gia Lai"",""건물_인공지표_면적_km"":228.41,""경계_면적_km_GADM"":15506.6,""경계_좌표_산출근거"":""경계는 GADM 4.1 ADM1(2022년판, 2025년 개편 이전 63개 성). 대표좌표는 최대 폴리곤의 내부 보장 대표점. 좌표계 EPSG:4326. GFW·CCKP 의 성 단위 집계도 GADM 경계 기준이므로 값과 경계의 출처 체계가 일치. 2025-07-01 시행 결의 202/2025/QH15 의 34개 체계 대응은 별도 속성에 병기."",""경계_폴리곤_파일"":""[공통]VNM_admin1_GADM41_63.geojson"",""경작지_면적_km"":2985.094,""관목_면적_km"":0.487,""기후기술_연계_근거"":""간접 · 원천 자체 분류 — ESA WorldCover 가 토지피복 등급을 Tree cover·Cropland·Built-up 등으로 정의·배포하며, 수목 피복 면적은 탄소 흡수원의 물리적 기반, 경작지·건물 면적은 토지이용 변화의 기준이 됨. 주 기술 23(탄소 흡수원), 부 기술 35(산림·생태계 부문 기술) — 2026-08-28 발주처 지시에 따라 tech_id에 ';'로 연결해 복수 기입. [근거자료] ESA_WorldCover_10m_2021_v200_*_Map.tif (Discrete Classification, 등급 10~95) · FAOSTAT Land Cover(LC) Item=Artificial surfaces 등"",""나지_희박식생_면적_km"":24.766,""레코드_키"":""VNM.21_1"",""맹그로브_면적_km"":0,""수목_면적_km"":8551.321,""연도"":2021,""영구수체_면적_km"":160.189,""전국_값"":null,""전국_단위"":null,""전국_지표명"":null,""지역명_로마자"":""GiaLai"",""지역명_베트남어"":""GiaLai"",""초본습지_면적_km"":0.186,""초지_면적_km"":3624.62,""합계_km"":15575.075,""행정단위"":""Province""}",,ESA WorldCover 10m v200(2021) 격자를 GADM 4.1 ADM1 폴리곤으로 zonal 집계. 주 기술 23(탄소 흡수원) · 부 기술 35(산림·생태계 부문) — tech_id에 ';'로 연결해 복수 기입(2026-08-28 발주처 지시),,,,B-037.xlsx,1.2_entity(레코드형),24,
B-037,"토지피복 분류별 면적[경작지, 산림, 초지, 건물, 수체, 나지]",entity,v124-b-037-entity-00013,B-037_landcover_adm1,VNM,,,,,,,,,VNM.54_1,16.290127,107.500923,"{""2025_개편_후_소속_34개_체계"":""Huế"",""건물_인공지표_면적_km"":153.426,""경계_면적_km_GADM"":5019.8,""경계_좌표_산출근거"":""경계는 GADM 4.1 ADM1(2022년판, 2025년 개편 이전 63개 성). 대표좌표는 최대 폴리곤의 내부 보장 대표점. 좌표계 EPSG:4326. GFW·CCKP 의 성 단위 집계도 GADM 경계 기준이므로 값과 경계의 출처 체계가 일치. 2025-07-01 시행 결의 202/2025/QH15 의 34개 체계 대응은 별도 속성에 병기."",""경계_폴리곤_파일"":""[공통]VNM_admin1_GADM41_63.geojson"",""경작지_면적_km"":357.869,""관목_면적_km"":1.202,""기후기술_연계_근거"":""간접 · 원천 자체 분류 — ESA WorldCover 가 토지피복 등급을 Tree cover·Cropland·Built-up 등으로 정의·배포하며, 수목 피복 면적은 탄소 흡수원의 물리적 기반, 경작지·건물 면적은 토지이용 변화의 기준이 됨. 주 기술 23(탄소 흡수원), 부 기술 35(산림·생태계 부문 기술) — 2026-08-28 발주처 지시에 따라 tech_id에 ';'로 연결해 복수 기입. [근거자료] ESA_WorldCover_10m_2021_v200_*_Map.tif (Discrete Classification, 등급 10~95) · FAOSTAT Land Cover(LC) Item=Artificial surfaces 등"",""나지_희박식생_면적_km"":89.297,""레코드_키"":""VNM.54_1"",""맹그로브_면적_km"":0,""수목_면적_km"":3782.095,""연도"":2021,""영구수체_면적_km"":371.201,""전국_값"":null,""전국_단위"":null,""전국_지표명"":null,""지역명_로마자"":""ThuaThienHue"",""지역명_베트남어"":""ThừaThiênHuế"",""초본습지_면적_km"":38.217,""초지_면적_km"":248.064,""합계_km"":5041.371,""행정단위"":""Province""}",,ESA WorldCover 10m v200(2021) 격자를 GADM 4.1 ADM1 폴리곤으로 zonal 집계. 주 기술 23(탄소 흡수원) · 부 기술 35(산림·생태계 부문) — tech_id에 ';'로 연결해 복수 기입(2026-08-28 발주처 지시),,,,B-037.xlsx,1.2_entity(레코드형),57,
B-037,"토지피복 분류별 면적[경작지, 산림, 초지, 건물, 수체, 나지]",entity,v124-b-037-entity-00014,B-037_landcover_adm1,VNM,,,,,,,,,VNM.27_1,20.996465,105.735216,"{""2025_개편_후_소속_34개_체계"":""Hà Nội"",""건물_인공지표_면적_km"":616.259,""경계_면적_km_GADM"":3351.1,""경계_좌표_산출근거"":""경계는 GADM 4.1 ADM1(2022년판, 2025년 개편 이전 63개 성). 대표좌표는 최대 폴리곤의 내부 보장 대표점. 좌표계 EPSG:4326. GFW·CCKP 의 성 단위 집계도 GADM 경계 기준이므로 값과 경계의 출처 체계가 일치. 2025-07-01 시행 결의 202/2025/QH15 의 34개 체계 대응은 별도 속성에 병기."",""경계_폴리곤_파일"":""[공통]VNM_admin1_GADM41_63.geojson"",""경작지_면적_km"":1231.363,""관목_면적_km"":0.477,""기후기술_연계_근거"":""간접 · 원천 자체 분류 — ESA WorldCover 가 토지피복 등급을 Tree cover·Cropland·Built-up 등으로 정의·배포하며, 수목 피복 면적은 탄소 흡수원의 물리적 기반, 경작지·건물 면적은 토지이용 변화의 기준이 됨. 주 기술 23(탄소 흡수원), 부 기술 35(산림·생태계 부문 기술) — 2026-08-28 발주처 지시에 따라 tech_id에 ';'로 연결해 복수 기입. [근거자료] ESA_WorldCover_10m_2021_v200_*_Map.tif (Discrete Classification, 등급 10~95) · FAOSTAT Land Cover(LC) Item=Artificial surfaces 등"",""나지_희박식생_면적_km"":58.808,""레코드_키"":""VNM.27_1"",""맹그로브_면적_km"":0,""수목_면적_km"":1133.213,""연도"":2021,""영구수체_면적_km"":172.234,""전국_값"":null,""전국_단위"":null,""전국_지표명"":null,""지역명_로마자"":""HaNoi"",""지역명_베트남어"":""HàNội"",""초본습지_면적_km"":2.253,""초지_면적_km"":151.571,""합계_km"":3366.178,""행정단위"":""City""}",,ESA WorldCover 10m v200(2021) 격자를 GADM 4.1 ADM1 폴리곤으로 zonal 집계. 주 기술 23(탄소 흡수원) · 부 기술 35(산림·생태계 부문) — tech_id에 ';'로 연결해 복수 기입(2026-08-28 발주처 지시),,,,B-037.xlsx,1.2_entity(레코드형),30,
B-037,"토지피복 분류별 면적[경작지, 산림, 초지, 건물, 수체, 나지]",entity,v124-b-037-entity-00015,B-037_landcover_adm1,VNM,,,,,,,,,VNM.29_1,18.260246,105.694355,"{""2025_개편_후_소속_34개_체계"":""Hà Tĩnh"",""건물_인공지표_면적_km"":246.855,""경계_면적_km_GADM"":5977.1,""경계_좌표_산출근거"":""경계는 GADM 4.1 ADM1(2022년판, 2025년 개편 이전 63개 성). 대표좌표는 최대 폴리곤의 내부 보장 대표점. 좌표계 EPSG:4326. GFW·CCKP 의 성 단위 집계도 GADM 경계 기준이므로 값과 경계의 출처 체계가 일치. 2025-07-01 시행 결의 202/2025/QH15 의 34개 체계 대응은 별도 속성에 병기."",""경계_폴리곤_파일"":""[공통]VNM_admin1_GADM41_63.geojson"",""경작지_면적_km"":968.439,""관목_면적_km"":0.34,""기후기술_연계_근거"":""간접 · 원천 자체 분류 — ESA WorldCover 가 토지피복 등급을 Tree cover·Cropland·Built-up 등으로 정의·배포하며, 수목 피복 면적은 탄소 흡수원의 물리적 기반, 경작지·건물 면적은 토지이용 변화의 기준이 됨. 주 기술 23(탄소 흡수원), 부 기술 35(산림·생태계 부문 기술) — 2026-08-28 발주처 지시에 따라 tech_id에 ';'로 연결해 복수 기입. [근거자료] ESA_WorldCover_10m_2021_v200_*_Map.tif (Discrete Classification, 등급 10~95) · FAOSTAT Land Cover(LC) Item=Artificial surfaces 등"",""나지_희박식생_면적_km"":50.499,""레코드_키"":""VNM.29_1"",""맹그로브_면적_km"":1.306,""수목_면적_km"":4276.951,""연도"":2021,""영구수체_면적_km"":229.127,""전국_값"":null,""전국_단위"":null,""전국_지표명"":null,""지역명_로마자"":""HaTinh"",""지역명_베트남어"":""HàTĩnh"",""초본습지_면적_km"":2.705,""초지_면적_km"":226.819,""합계_km"":6003.041,""행정단위"":""Province""}",,ESA WorldCover 10m v200(2021) 격자를 GADM 4.1 ADM1 폴리곤으로 zonal 집계. 주 기술 23(탄소 흡수원) · 부 기술 35(산림·생태계 부문) — tech_id에 ';'로 연결해 복수 기입(2026-08-28 발주처 지시),,,,B-037.xlsx,1.2_entity(레코드형),32,
B-037,"토지피복 분류별 면적[경작지, 산림, 초지, 건물, 수체, 나지]",entity,v124-b-037-entity-00016,B-037_landcover_adm1,VNM,,,,,,,,,VNM.31_1,20.845431,106.076522,"{""2025_개편_후_소속_34개_체계"":""Hưng Yên"",""건물_인공지표_면적_km"":157.95,""경계_면적_km_GADM"":924.8,""경계_좌표_산출근거"":""경계는 GADM 4.1 ADM1(2022년판, 2025년 개편 이전 63개 성). 대표좌표는 최대 폴리곤의 내부 보장 대표점. 좌표계 EPSG:4326. GFW·CCKP 의 성 단위 집계도 GADM 경계 기준이므로 값과 경계의 출처 체계가 일치. 2025-07-01 시행 결의 202/2025/QH15 의 34개 체계 대응은 별도 속성에 병기."",""경계_폴리곤_파일"":""[공통]VNM_admin1_GADM41_63.geojson"",""경작지_면적_km"":412.954,""관목_면적_km"":0.232,""기후기술_연계_근거"":""간접 · 원천 자체 분류 — ESA WorldCover 가 토지피복 등급을 Tree cover·Cropland·Built-up 등으로 정의·배포하며, 수목 피복 면적은 탄소 흡수원의 물리적 기반, 경작지·건물 면적은 토지이용 변화의 기준이 됨. 주 기술 23(탄소 흡수원), 부 기술 35(산림·생태계 부문 기술) — 2026-08-28 발주처 지시에 따라 tech_id에 ';'로 연결해 복수 기입. [근거자료] ESA_WorldCover_10m_2021_v200_*_Map.tif (Discrete Classification, 등급 10~95) · FAOSTAT Land Cover(LC) Item=Artificial surfaces 등"",""나지_희박식생_면적_km"":15.1,""레코드_키"":""VNM.31_1"",""맹그로브_면적_km"":0,""수목_면적_km"":282.388,""연도"":2021,""영구수체_면적_km"":23.87,""전국_값"":null,""전국_단위"":null,""전국_지표명"":null,""지역명_로마자"":""HungYen"",""지역명_베트남어"":""HưngYên"",""초본습지_면적_km"":0.032,""초지_면적_km"":36.625,""합계_km"":929.15,""행정단위"":""Province""}",,ESA WorldCover 10m v200(2021) 격자를 GADM 4.1 ADM1 폴리곤으로 zonal 집계. 주 기술 23(탄소 흡수원) · 부 기술 35(산림·생태계 부문) — tech_id에 ';'로 연결해 복수 기입(2026-08-28 발주처 지시),,,,B-037.xlsx,1.2_entity(레코드형),34,
B-037,"토지피복 분류별 면적[경작지, 산림, 초지, 건물, 수체, 나지]",entity,v124-b-037-entity-00017,B-037_landcover_adm1,VNM,,,,,,,,,VNM.55_1,20.553551,106.376408,"{""2025_개편_후_소속_34개_체계"":""Hưng Yên"",""건물_인공지표_면적_km"":258.735,""경계_면적_km_GADM"":1608.9,""경계_좌표_산출근거"":""경계는 GADM 4.1 ADM1(2022년판, 2025년 개편 이전 63개 성). 대표좌표는 최대 폴리곤의 내부 보장 대표점. 좌표계 EPSG:4326. GFW·CCKP 의 성 단위 집계도 GADM 경계 기준이므로 값과 경계의 출처 체계가 일치. 2025-07-01 시행 결의 202/2025/QH15 의 34개 체계 대응은 별도 속성에 병기."",""경계_폴리곤_파일"":""[공통]VNM_admin1_GADM41_63.geojson"",""경작지_면적_km"":935.86,""관목_면적_km"":0.078,""기후기술_연계_근거"":""간접 · 원천 자체 분류 — ESA WorldCover 가 토지피복 등급을 Tree cover·Cropland·Built-up 등으로 정의·배포하며, 수목 피복 면적은 탄소 흡수원의 물리적 기반, 경작지·건물 면적은 토지이용 변화의 기준이 됨. 주 기술 23(탄소 흡수원), 부 기술 35(산림·생태계 부문 기술) — 2026-08-28 발주처 지시에 따라 tech_id에 ';'로 연결해 복수 기입. [근거자료] ESA_WorldCover_10m_2021_v200_*_Map.tif (Discrete Classification, 등급 10~95) · FAOSTAT Land Cover(LC) Item=Artificial surfaces 등"",""나지_희박식생_면적_km"":15.852,""레코드_키"":""VNM.55_1"",""맹그로브_면적_km"":26.713,""수목_면적_km"":180.866,""연도"":2021,""영구수체_면적_km"":104.34,""전국_값"":null,""전국_단위"":null,""전국_지표명"":null,""지역명_로마자"":""ThaiBinh"",""지역명_베트남어"":""TháiBình"",""초본습지_면적_km"":1.033,""초지_면적_km"":93.185,""합계_km"":1616.661,""행정단위"":""Province""}",,ESA WorldCover 10m v200(2021) 격자를 GADM 4.1 ADM1 폴리곤으로 zonal 집계. 주 기술 23(탄소 흡수원) · 부 기술 35(산림·생태계 부문) — tech_id에 ';'로 연결해 복수 기입(2026-08-28 발주처 지시),,,,B-037.xlsx,1.2_entity(레코드형),58,
B-037,"토지피복 분류별 면적[경작지, 산림, 초지, 건물, 수체, 나지]",entity,v124-b-037-entity-00018,B-037_landcover_adm1,VNM,,,,,,,,,VNM.22_1,20.948275,106.37705,"{""2025_개편_후_소속_34개_체계"":""Hải Phòng"",""건물_인공지표_면적_km"":248.075,""경계_면적_km_GADM"":1667,""경계_좌표_산출근거"":""경계는 GADM 4.1 ADM1(2022년판, 2025년 개편 이전 63개 성). 대표좌표는 최대 폴리곤의 내부 보장 대표점. 좌표계 EPSG:4326. GFW·CCKP 의 성 단위 집계도 GADM 경계 기준이므로 값과 경계의 출처 체계가 일치. 2025-07-01 시행 결의 202/2025/QH15 의 34개 체계 대응은 별도 속성에 병기."",""경계_폴리곤_파일"":""[공통]VNM_admin1_GADM41_63.geojson"",""경작지_면적_km"":731.375,""관목_면적_km"":0.937,""기후기술_연계_근거"":""간접 · 원천 자체 분류 — ESA WorldCover 가 토지피복 등급을 Tree cover·Cropland·Built-up 등으로 정의·배포하며, 수목 피복 면적은 탄소 흡수원의 물리적 기반, 경작지·건물 면적은 토지이용 변화의 기준이 됨. 주 기술 23(탄소 흡수원), 부 기술 35(산림·생태계 부문 기술) — 2026-08-28 발주처 지시에 따라 tech_id에 ';'로 연결해 복수 기입. [근거자료] ESA_WorldCover_10m_2021_v200_*_Map.tif (Discrete Classification, 등급 10~95) · FAOSTAT Land Cover(LC) Item=Artificial surfaces 등"",""나지_희박식생_면적_km"":29.033,""레코드_키"":""VNM.22_1"",""맹그로브_면적_km"":0,""수목_면적_km"":477.177,""연도"":2021,""영구수체_면적_km"":70.604,""전국_값"":null,""전국_단위"":null,""전국_지표명"":null,""지역명_로마자"":""HaiDuong"",""지역명_베트남어"":""HảiDương"",""초본습지_면적_km"":0.653,""초지_면적_km"":116.914,""합계_km"":1674.767,""행정단위"":""Province""}",,ESA WorldCover 10m v200(2021) 격자를 GADM 4.1 ADM1 폴리곤으로 zonal 집계. 주 기술 23(탄소 흡수원) · 부 기술 35(산림·생태계 부문) — tech_id에 ';'로 연결해 복수 기입(2026-08-28 발주처 지시),,,,B-037.xlsx,1.2_entity(레코드형),25,
B-037,"토지피복 분류별 면적[경작지, 산림, 초지, 건물, 수체, 나지]",entity,v124-b-037-entity-00019,B-037_landcover_adm1,VNM,,,,,,,,,VNM.23_1,20.808152,106.604699,"{""2025_개편_후_소속_34개_체계"":""Hải Phòng"",""건물_인공지표_면적_km"":248.099,""경계_면적_km_GADM"":1397,""경계_좌표_산출근거"":""경계는 GADM 4.1 ADM1(2022년판, 2025년 개편 이전 63개 성). 대표좌표는 최대 폴리곤의 내부 보장 대표점. 좌표계 EPSG:4326. GFW·CCKP 의 성 단위 집계도 GADM 경계 기준이므로 값과 경계의 출처 체계가 일치. 2025-07-01 시행 결의 202/2025/QH15 의 34개 체계 대응은 별도 속성에 병기."",""경계_폴리곤_파일"":""[공통]VNM_admin1_GADM41_63.geojson"",""경작지_면적_km"":433.716,""관목_면적_km"":0.319,""기후기술_연계_근거"":""간접 · 원천 자체 분류 — ESA WorldCover 가 토지피복 등급을 Tree cover·Cropland·Built-up 등으로 정의·배포하며, 수목 피복 면적은 탄소 흡수원의 물리적 기반, 경작지·건물 면적은 토지이용 변화의 기준이 됨. 주 기술 23(탄소 흡수원), 부 기술 35(산림·생태계 부문 기술) — 2026-08-28 발주처 지시에 따라 tech_id에 ';'로 연결해 복수 기입. [근거자료] ESA_WorldCover_10m_2021_v200_*_Map.tif (Discrete Classification, 등급 10~95) · FAOSTAT Land Cover(LC) Item=Artificial surfaces 등"",""나지_희박식생_면적_km"":34.68,""레코드_키"":""VNM.23_1"",""맹그로브_면적_km"":22.315,""수목_면적_km"":353.34,""연도"":2021,""영구수체_면적_km"":178.162,""전국_값"":null,""전국_단위"":null,""전국_지표명"":null,""지역명_로마자"":""HaiPhong"",""지역명_베트남어"":""HảiPhòng"",""초본습지_면적_km"":2.346,""초지_면적_km"":130.461,""합계_km"":1403.438,""행정단위"":""City""}",,ESA WorldCover 10m v200(2021) 격자를 GADM 4.1 ADM1 폴리곤으로 zonal 집계. 주 기술 23(탄소 흡수원) · 부 기술 35(산림·생태계 부문) — tech_id에 ';'로 연결해 복수 기입(2026-08-28 발주처 지시),,,,B-037.xlsx,1.2_entity(레코드형),26,
B-037,"토지피복 분류별 면적[경작지, 산림, 초지, 건물, 수체, 나지]",entity,v124-b-037-entity-00020,B-037_landcover_adm1,VNM,,,,,,,,,VNM.7_1,10.623881,107.29063,"{""2025_개편_후_소속_34개_체계"":""Hồ Chí Minh"",""건물_인공지표_면적_km"":185.302,""경계_면적_km_GADM"":1904.9,""경계_좌표_산출근거"":""경계는 GADM 4.1 ADM1(2022년판, 2025년 개편 이전 63개 성). 대표좌표는 최대 폴리곤의 내부 보장 대표점. 좌표계 EPSG:4326. GFW·CCKP 의 성 단위 집계도 GADM 경계 기준이므로 값과 경계의 출처 체계가 일치. 2025-07-01 시행 결의 202/2025/QH15 의 34개 체계 대응은 별도 속성에 병기."",""경계_폴리곤_파일"":""[공통]VNM_admin1_GADM41_63.geojson"",""경작지_면적_km"":265.17,""관목_면적_km"":0.211,""기후기술_연계_근거"":""간접 · 원천 자체 분류 — ESA WorldCover 가 토지피복 등급을 Tree cover·Cropland·Built-up 등으로 정의·배포하며, 수목 피복 면적은 탄소 흡수원의 물리적 기반, 경작지·건물 면적은 토지이용 변화의 기준이 됨. 주 기술 23(탄소 흡수원), 부 기술 35(산림·생태계 부문 기술) — 2026-08-28 발주처 지시에 따라 tech_id에 ';'로 연결해 복수 기입. [근거자료] ESA_WorldCover_10m_2021_v200_*_Map.tif (Discrete Classification, 등급 10~95) · FAOSTAT Land Cover(LC) Item=Artificial surfaces 등"",""나지_희박식생_면적_km"":41.859,""레코드_키"":""VNM.7_1"",""맹그로브_면적_km"":41.437,""수목_면적_km"":1008.182,""연도"":2021,""영구수체_면적_km"":151.127,""전국_값"":null,""전국_단위"":null,""전국_지표명"":null,""지역명_로마자"":""BaRia-VungTau"",""지역명_베트남어"":""BàRịa-VũngTàu"",""초본습지_면적_km"":1.956,""초지_면적_km"":218.544,""합계_km"":1913.788,""행정단위"":""Province""}",,ESA WorldCover 10m v200(2021) 격자를 GADM 4.1 ADM1 폴리곤으로 zonal 집계. 주 기술 23(탄소 흡수원) · 부 기술 35(산림·생태계 부문) — tech_id에 ';'로 연결해 복수 기입(2026-08-28 발주처 지시),,,,B-037.xlsx,1.2_entity(레코드형),10,
B-037,"토지피복 분류별 면적[경작지, 산림, 초지, 건물, 수체, 나지]",entity,v124-b-037-entity-00021,B-037_landcover_adm1,VNM,,,,,,,,,VNM.9_1,11.191021,106.703083,"{""2025_개편_후_소속_34개_체계"":""Hồ Chí Minh"",""건물_인공지표_면적_km"":321.77,""경계_면적_km_GADM"":2691.4,""경계_좌표_산출근거"":""경계는 GADM 4.1 ADM1(2022년판, 2025년 개편 이전 63개 성). 대표좌표는 최대 폴리곤의 내부 보장 대표점. 좌표계 EPSG:4326. GFW·CCKP 의 성 단위 집계도 GADM 경계 기준이므로 값과 경계의 출처 체계가 일치. 2025-07-01 시행 결의 202/2025/QH15 의 34개 체계 대응은 별도 속성에 병기."",""경계_폴리곤_파일"":""[공통]VNM_admin1_GADM41_63.geojson"",""경작지_면적_km"":182.771,""관목_면적_km"":0.011,""기후기술_연계_근거"":""간접 · 원천 자체 분류 — ESA WorldCover 가 토지피복 등급을 Tree cover·Cropland·Built-up 등으로 정의·배포하며, 수목 피복 면적은 탄소 흡수원의 물리적 기반, 경작지·건물 면적은 토지이용 변화의 기준이 됨. 주 기술 23(탄소 흡수원), 부 기술 35(산림·생태계 부문 기술) — 2026-08-28 발주처 지시에 따라 tech_id에 ';'로 연결해 복수 기입. [근거자료] ESA_WorldCover_10m_2021_v200_*_Map.tif (Discrete Classification, 등급 10~95) · FAOSTAT Land Cover(LC) Item=Artificial surfaces 등"",""나지_희박식생_면적_km"":33.112,""레코드_키"":""VNM.9_1"",""맹그로브_면적_km"":0,""수목_면적_km"":1796.584,""연도"":2021,""영구수체_면적_km"":66.259,""전국_값"":null,""전국_단위"":null,""전국_지표명"":null,""지역명_로마자"":""BinhDuong"",""지역명_베트남어"":""BìnhDương"",""초본습지_면적_km"":0.163,""초지_면적_km"":302.608,""합계_km"":2703.278,""행정단위"":""Province""}",,ESA WorldCover 10m v200(2021) 격자를 GADM 4.1 ADM1 폴리곤으로 zonal 집계. 주 기술 23(탄소 흡수원) · 부 기술 35(산림·생태계 부문) — tech_id에 ';'로 연결해 복수 기입(2026-08-28 발주처 지시),,,,B-037.xlsx,1.2_entity(레코드형),12,
B-037,"토지피복 분류별 면적[경작지, 산림, 초지, 건물, 수체, 나지]",entity,v124-b-037-entity-00022,B-037_landcover_adm1,VNM,,,,,,,,,VNM.25_1,10.781454,106.700332,"{""2025_개편_후_소속_34개_체계"":""Hồ Chí Minh"",""건물_인공지표_면적_km"":501.456,""경계_면적_km_GADM"":2107.7,""경계_좌표_산출근거"":""경계는 GADM 4.1 ADM1(2022년판, 2025년 개편 이전 63개 성). 대표좌표는 최대 폴리곤의 내부 보장 대표점. 좌표계 EPSG:4326. GFW·CCKP 의 성 단위 집계도 GADM 경계 기준이므로 값과 경계의 출처 체계가 일치. 2025-07-01 시행 결의 202/2025/QH15 의 34개 체계 대응은 별도 속성에 병기."",""경계_폴리곤_파일"":""[공통]VNM_admin1_GADM41_63.geojson"",""경작지_면적_km"":208.038,""관목_면적_km"":0.857,""기후기술_연계_근거"":""간접 · 원천 자체 분류 — ESA WorldCover 가 토지피복 등급을 Tree cover·Cropland·Built-up 등으로 정의·배포하며, 수목 피복 면적은 탄소 흡수원의 물리적 기반, 경작지·건물 면적은 토지이용 변화의 기준이 됨. 주 기술 23(탄소 흡수원), 부 기술 35(산림·생태계 부문 기술) — 2026-08-28 발주처 지시에 따라 tech_id에 ';'로 연결해 복수 기입. [근거자료] ESA_WorldCover_10m_2021_v200_*_Map.tif (Discrete Classification, 등급 10~95) · FAOSTAT Land Cover(LC) Item=Artificial surfaces 등"",""나지_희박식생_면적_km"":31.677,""레코드_키"":""VNM.25_1"",""맹그로브_면적_km"":377.13,""수목_면적_km"":452.025,""연도"":2021,""영구수체_면적_km"":332.023,""전국_값"":null,""전국_단위"":null,""전국_지표명"":null,""지역명_로마자"":""HoChiMinh"",""지역명_베트남어"":""HồChíMinh"",""초본습지_면적_km"":1.842,""초지_면적_km"":212.467,""합계_km"":2117.515,""행정단위"":""City""}",,ESA WorldCover 10m v200(2021) 격자를 GADM 4.1 ADM1 폴리곤으로 zonal 집계. 주 기술 23(탄소 흡수원) · 부 기술 35(산림·생태계 부문) — tech_id에 ';'로 연결해 복수 기입(2026-08-28 발주처 지시),,,,B-037.xlsx,1.2_entity(레코드형),28,
B-037,"토지피복 분류별 면적[경작지, 산림, 초지, 건물, 수체, 나지]",entity,v124-b-037-entity-00023,B-037_landcover_adm1,VNM,,,,,,,,,VNM.32_1,12.430038,109.141905,"{""2025_개편_후_소속_34개_체계"":""Khánh Hòa"",""건물_인공지표_면적_km"":174.349,""경계_면적_km_GADM"":4835.3,""경계_좌표_산출근거"":""경계는 GADM 4.1 ADM1(2022년판, 2025년 개편 이전 63개 성). 대표좌표는 최대 폴리곤의 내부 보장 대표점. 좌표계 EPSG:4326. GFW·CCKP 의 성 단위 집계도 GADM 경계 기준이므로 값과 경계의 출처 체계가 일치. 2025-07-01 시행 결의 202/2025/QH15 의 34개 체계 대응은 별도 속성에 병기."",""경계_폴리곤_파일"":""[공통]VNM_admin1_GADM41_63.geojson"",""경작지_면적_km"":383.218,""관목_면적_km"":0.122,""기후기술_연계_근거"":""간접 · 원천 자체 분류 — ESA WorldCover 가 토지피복 등급을 Tree cover·Cropland·Built-up 등으로 정의·배포하며, 수목 피복 면적은 탄소 흡수원의 물리적 기반, 경작지·건물 면적은 토지이용 변화의 기준이 됨. 주 기술 23(탄소 흡수원), 부 기술 35(산림·생태계 부문 기술) — 2026-08-28 발주처 지시에 따라 tech_id에 ';'로 연결해 복수 기입. [근거자료] ESA_WorldCover_10m_2021_v200_*_Map.tif (Discrete Classification, 등급 10~95) · FAOSTAT Land Cover(LC) Item=Artificial surfaces 등"",""나지_희박식생_면적_km"":72.492,""레코드_키"":""VNM.32_1"",""맹그로브_면적_km"":0.017,""수목_면적_km"":3594.76,""연도"":2021,""영구수체_면적_km"":205.963,""전국_값"":null,""전국_단위"":null,""전국_지표명"":null,""지역명_로마자"":""KhanhHoa"",""지역명_베트남어"":""KhánhHòa"",""초본습지_면적_km"":0.455,""초지_면적_km"":427.614,""합계_km"":4858.991,""행정단위"":""Province""}",,ESA WorldCover 10m v200(2021) 격자를 GADM 4.1 ADM1 폴리곤으로 zonal 집계. 주 기술 23(탄소 흡수원) · 부 기술 35(산림·생태계 부문) — tech_id에 ';'로 연결해 복수 기입(2026-08-28 발주처 지시),,,,B-037.xlsx,1.2_entity(레코드형),35,
B-037,"토지피복 분류별 면적[경작지, 산림, 초지, 건물, 수체, 나지]",entity,v124-b-037-entity-00024,B-037_landcover_adm1,VNM,,,,,,,,,VNM.43_1,11.734416,108.910318,"{""2025_개편_후_소속_34개_체계"":""Khánh Hòa"",""건물_인공지표_면적_km"":96.366,""경계_면적_km_GADM"":3358.5,""경계_좌표_산출근거"":""경계는 GADM 4.1 ADM1(2022년판, 2025년 개편 이전 63개 성). 대표좌표는 최대 폴리곤의 내부 보장 대표점. 좌표계 EPSG:4326. GFW·CCKP 의 성 단위 집계도 GADM 경계 기준이므로 값과 경계의 출처 체계가 일치. 2025-07-01 시행 결의 202/2025/QH15 의 34개 체계 대응은 별도 속성에 병기."",""경계_폴리곤_파일"":""[공통]VNM_admin1_GADM41_63.geojson"",""경작지_면적_km"":428.413,""관목_면적_km"":0.287,""기후기술_연계_근거"":""간접 · 원천 자체 분류 — ESA WorldCover 가 토지피복 등급을 Tree cover·Cropland·Built-up 등으로 정의·배포하며, 수목 피복 면적은 탄소 흡수원의 물리적 기반, 경작지·건물 면적은 토지이용 변화의 기준이 됨. 주 기술 23(탄소 흡수원), 부 기술 35(산림·생태계 부문 기술) — 2026-08-28 발주처 지시에 따라 tech_id에 ';'로 연결해 복수 기입. [근거자료] ESA_WorldCover_10m_2021_v200_*_Map.tif (Discrete Classification, 등급 10~95) · FAOSTAT Land Cover(LC) Item=Artificial surfaces 등"",""나지_희박식생_면적_km"":51.345,""레코드_키"":""VNM.43_1"",""맹그로브_면적_km"":0,""수목_면적_km"":2043.88,""연도"":2021,""영구수체_면적_km"":68.844,""전국_값"":null,""전국_단위"":null,""전국_지표명"":null,""지역명_로마자"":""NinhThuan"",""지역명_베트남어"":""NinhThuận"",""초본습지_면적_km"":0.089,""초지_면적_km"":684.812,""합계_km"":3374.035,""행정단위"":""Province""}",,ESA WorldCover 10m v200(2021) 격자를 GADM 4.1 ADM1 폴리곤으로 zonal 집계. 주 기술 23(탄소 흡수원) · 부 기술 35(산림·생태계 부문) — tech_id에 ';'로 연결해 복수 기입(2026-08-28 발주처 지시),,,,B-037.xlsx,1.2_entity(레코드형),46,
B-037,"토지피복 분류별 면적[경작지, 산림, 초지, 건물, 수체, 나지]",entity,v124-b-037-entity-00025,B-037_landcover_adm1,VNM,,,,,,,,,VNM.36_1,22.310908,103.155302,"{""2025_개편_후_소속_34개_체계"":""Lai Châu"",""건물_인공지표_면적_km"":35.307,""경계_면적_km_GADM"":9045.7,""경계_좌표_산출근거"":""경계는 GADM 4.1 ADM1(2022년판, 2025년 개편 이전 63개 성). 대표좌표는 최대 폴리곤의 내부 보장 대표점. 좌표계 EPSG:4326. GFW·CCKP 의 성 단위 집계도 GADM 경계 기준이므로 값과 경계의 출처 체계가 일치. 2025-07-01 시행 결의 202/2025/QH15 의 34개 체계 대응은 별도 속성에 병기."",""경계_폴리곤_파일"":""[공통]VNM_admin1_GADM41_63.geojson"",""경작지_면적_km"":327.665,""관목_면적_km"":0,""기후기술_연계_근거"":""간접 · 원천 자체 분류 — ESA WorldCover 가 토지피복 등급을 Tree cover·Cropland·Built-up 등으로 정의·배포하며, 수목 피복 면적은 탄소 흡수원의 물리적 기반, 경작지·건물 면적은 토지이용 변화의 기준이 됨. 주 기술 23(탄소 흡수원), 부 기술 35(산림·생태계 부문 기술) — 2026-08-28 발주처 지시에 따라 tech_id에 ';'로 연결해 복수 기입. [근거자료] ESA_WorldCover_10m_2021_v200_*_Map.tif (Discrete Classification, 등급 10~95) · FAOSTAT Land Cover(LC) Item=Artificial surfaces 등"",""나지_희박식생_면적_km"":15.68,""레코드_키"":""VNM.36_1"",""맹그로브_면적_km"":0,""수목_면적_km"":7165.487,""연도"":2021,""영구수체_면적_km"":111.488,""전국_값"":null,""전국_단위"":null,""전국_지표명"":null,""지역명_로마자"":""LaiChau"",""지역명_베트남어"":""LaiChâu"",""초본습지_면적_km"":0,""초지_면적_km"":1430.5,""합계_km"":9086.127,""행정단위"":""Province""}",,ESA WorldCover 10m v200(2021) 격자를 GADM 4.1 ADM1 폴리곤으로 zonal 집계. 주 기술 23(탄소 흡수원) · 부 기술 35(산림·생태계 부문) — tech_id에 ';'로 연결해 복수 기입(2026-08-28 발주처 지시),,,,B-037.xlsx,1.2_entity(레코드형),39,
B-037,"토지피복 분류별 면적[경작지, 산림, 초지, 건물, 수체, 나지]",entity,v124-b-037-entity-00026,B-037_landcover_adm1,VNM,,,,,,,,,VNM.63_1,21.811606,104.570136,"{""2025_개편_후_소속_34개_체계"":""Lào Cai"",""건물_인공지표_면적_km"":56.246,""경계_면적_km_GADM"":6873,""경계_좌표_산출근거"":""경계는 GADM 4.1 ADM1(2022년판, 2025년 개편 이전 63개 성). 대표좌표는 최대 폴리곤의 내부 보장 대표점. 좌표계 EPSG:4326. GFW·CCKP 의 성 단위 집계도 GADM 경계 기준이므로 값과 경계의 출처 체계가 일치. 2025-07-01 시행 결의 202/2025/QH15 의 34개 체계 대응은 별도 속성에 병기."",""경계_폴리곤_파일"":""[공통]VNM_admin1_GADM41_63.geojson"",""경작지_면적_km"":314.587,""관목_면적_km"":0.001,""기후기술_연계_근거"":""간접 · 원천 자체 분류 — ESA WorldCover 가 토지피복 등급을 Tree cover·Cropland·Built-up 등으로 정의·배포하며, 수목 피복 면적은 탄소 흡수원의 물리적 기반, 경작지·건물 면적은 토지이용 변화의 기준이 됨. 주 기술 23(탄소 흡수원), 부 기술 35(산림·생태계 부문 기술) — 2026-08-28 발주처 지시에 따라 tech_id에 ';'로 연결해 복수 기입. [근거자료] ESA_WorldCover_10m_2021_v200_*_Map.tif (Discrete Classification, 등급 10~95) · FAOSTAT Land Cover(LC) Item=Artificial surfaces 등"",""나지_희박식생_면적_km"":19.225,""레코드_키"":""VNM.63_1"",""맹그로브_면적_km"":0,""수목_면적_km"":5715.785,""연도"":2021,""영구수체_면적_km"":172.872,""전국_값"":null,""전국_단위"":null,""전국_지표명"":null,""지역명_로마자"":""YenBai"",""지역명_베트남어"":""YênBái"",""초본습지_면적_km"":0.128,""초지_면적_km"":626.849,""합계_km"":6905.691,""행정단위"":""Province""}",,ESA WorldCover 10m v200(2021) 격자를 GADM 4.1 ADM1 폴리곤으로 zonal 집계. 주 기술 23(탄소 흡수원) · 부 기술 35(산림·생태계 부문) — tech_id에 ';'로 연결해 복수 기입(2026-08-28 발주처 지시),,,,B-037.xlsx,1.2_entity(레코드형),66,
B-037,"토지피복 분류별 면적[경작지, 산림, 초지, 건물, 수체, 나지]",entity,v124-b-037-entity-00027,B-037_landcover_adm1,VNM,,,,,,,,,VNM.38_1,22.400211,104.114336,"{""2025_개편_후_소속_34개_체계"":""Lào Cai"",""건물_인공지표_면적_km"":57.952,""경계_면적_km_GADM"":6345.3,""경계_좌표_산출근거"":""경계는 GADM 4.1 ADM1(2022년판, 2025년 개편 이전 63개 성). 대표좌표는 최대 폴리곤의 내부 보장 대표점. 좌표계 EPSG:4326. GFW·CCKP 의 성 단위 집계도 GADM 경계 기준이므로 값과 경계의 출처 체계가 일치. 2025-07-01 시행 결의 202/2025/QH15 의 34개 체계 대응은 별도 속성에 병기."",""경계_폴리곤_파일"":""[공통]VNM_admin1_GADM41_63.geojson"",""경작지_면적_km"":279.008,""관목_면적_km"":0,""기후기술_연계_근거"":""간접 · 원천 자체 분류 — ESA WorldCover 가 토지피복 등급을 Tree cover·Cropland·Built-up 등으로 정의·배포하며, 수목 피복 면적은 탄소 흡수원의 물리적 기반, 경작지·건물 면적은 토지이용 변화의 기준이 됨. 주 기술 23(탄소 흡수원), 부 기술 35(산림·생태계 부문 기술) — 2026-08-28 발주처 지시에 따라 tech_id에 ';'로 연결해 복수 기입. [근거자료] ESA_WorldCover_10m_2021_v200_*_Map.tif (Discrete Classification, 등급 10~95) · FAOSTAT Land Cover(LC) Item=Artificial surfaces 등"",""나지_희박식생_면적_km"":18.705,""레코드_키"":""VNM.38_1"",""맹그로브_면적_km"":0,""수목_면적_km"":5141.892,""연도"":2021,""영구수체_면적_km"":28.853,""전국_값"":null,""전국_단위"":null,""전국_지표명"":null,""지역명_로마자"":""LaoCai"",""지역명_베트남어"":""LàoCai"",""초본습지_면적_km"":0,""초지_면적_km"":849.141,""합계_km"":6375.552,""행정단위"":""Province""}",,ESA WorldCover 10m v200(2021) 격자를 GADM 4.1 ADM1 폴리곤으로 zonal 집계. 주 기술 23(탄소 흡수원) · 부 기술 35(산림·생태계 부문) — tech_id에 ';'로 연결해 복수 기입(2026-08-28 발주처 지시),,,,B-037.xlsx,1.2_entity(레코드형),41,
B-037,"토지피복 분류별 면적[경작지, 산림, 초지, 건물, 수체, 나지]",entity,v124-b-037-entity-00028,B-037_landcover_adm1,VNM,,,,,,,,,VNM.37_1,11.86885,108.373576,"{""2025_개편_후_소속_34개_체계"":""Lâm Đồng"",""건물_인공지표_면적_km"":167.66,""경계_면적_km_GADM"":9776.6,""경계_좌표_산출근거"":""경계는 GADM 4.1 ADM1(2022년판, 2025년 개편 이전 63개 성). 대표좌표는 최대 폴리곤의 내부 보장 대표점. 좌표계 EPSG:4326. GFW·CCKP 의 성 단위 집계도 GADM 경계 기준이므로 값과 경계의 출처 체계가 일치. 2025-07-01 시행 결의 202/2025/QH15 의 34개 체계 대응은 별도 속성에 병기."",""경계_폴리곤_파일"":""[공통]VNM_admin1_GADM41_63.geojson"",""경작지_면적_km"":526.154,""관목_면적_km"":0.167,""기후기술_연계_근거"":""간접 · 원천 자체 분류 — ESA WorldCover 가 토지피복 등급을 Tree cover·Cropland·Built-up 등으로 정의·배포하며, 수목 피복 면적은 탄소 흡수원의 물리적 기반, 경작지·건물 면적은 토지이용 변화의 기준이 됨. 주 기술 23(탄소 흡수원), 부 기술 35(산림·생태계 부문 기술) — 2026-08-28 발주처 지시에 따라 tech_id에 ';'로 연결해 복수 기입. [근거자료] ESA_WorldCover_10m_2021_v200_*_Map.tif (Discrete Classification, 등급 10~95) · FAOSTAT Land Cover(LC) Item=Artificial surfaces 등"",""나지_희박식생_면적_km"":25.299,""레코드_키"":""VNM.37_1"",""맹그로브_면적_km"":0,""수목_면적_km"":7471.316,""연도"":2021,""영구수체_면적_km"":116.725,""전국_값"":null,""전국_단위"":null,""전국_지표명"":null,""지역명_로마자"":""LamDong"",""지역명_베트남어"":""LâmĐồng"",""초본습지_면적_km"":0.052,""초지_면적_km"":1516.855,""합계_km"":9824.229,""행정단위"":""Province""}",,ESA WorldCover 10m v200(2021) 격자를 GADM 4.1 ADM1 폴리곤으로 zonal 집계. 주 기술 23(탄소 흡수원) · 부 기술 35(산림·생태계 부문) — tech_id에 ';'로 연결해 복수 기입(2026-08-28 발주처 지시),,,,B-037.xlsx,1.2_entity(레코드형),40,
B-037,"토지피복 분류별 면적[경작지, 산림, 초지, 건물, 수체, 나지]",entity,v124-b-037-entity-00029,B-037_landcover_adm1,VNM,,,,,,,,,VNM.11_1,11.129772,107.976079,"{""2025_개편_후_소속_34개_체계"":""Lâm Đồng"",""건물_인공지표_면적_km"":186.215,""경계_면적_km_GADM"":7939.8,""경계_좌표_산출근거"":""경계는 GADM 4.1 ADM1(2022년판, 2025년 개편 이전 63개 성). 대표좌표는 최대 폴리곤의 내부 보장 대표점. 좌표계 EPSG:4326. GFW·CCKP 의 성 단위 집계도 GADM 경계 기준이므로 값과 경계의 출처 체계가 일치. 2025-07-01 시행 결의 202/2025/QH15 의 34개 체계 대응은 별도 속성에 병기."",""경계_폴리곤_파일"":""[공통]VNM_admin1_GADM41_63.geojson"",""경작지_면적_km"":1034.394,""관목_면적_km"":1.162,""기후기술_연계_근거"":""간접 · 원천 자체 분류 — ESA WorldCover 가 토지피복 등급을 Tree cover·Cropland·Built-up 등으로 정의·배포하며, 수목 피복 면적은 탄소 흡수원의 물리적 기반, 경작지·건물 면적은 토지이용 변화의 기준이 됨. 주 기술 23(탄소 흡수원), 부 기술 35(산림·생태계 부문 기술) — 2026-08-28 발주처 지시에 따라 tech_id에 ';'로 연결해 복수 기입. [근거자료] ESA_WorldCover_10m_2021_v200_*_Map.tif (Discrete Classification, 등급 10~95) · FAOSTAT Land Cover(LC) Item=Artificial surfaces 등"",""나지_희박식생_면적_km"":111.116,""레코드_키"":""VNM.11_1"",""맹그로브_면적_km"":0,""수목_면적_km"":5031.717,""연도"":2021,""영구수체_면적_km"":87.152,""전국_값"":null,""전국_단위"":null,""전국_지표명"":null,""지역명_로마자"":""BinhThuan"",""지역명_베트남어"":""BìnhThuận"",""초본습지_면적_km"":0.845,""초지_면적_km"":1523.386,""합계_km"":7975.988,""행정단위"":""Province""}",,ESA WorldCover 10m v200(2021) 격자를 GADM 4.1 ADM1 폴리곤으로 zonal 집계. 주 기술 23(탄소 흡수원) · 부 기술 35(산림·생태계 부문) — tech_id에 ';'로 연결해 복수 기입(2026-08-28 발주처 지시),,,,B-037.xlsx,1.2_entity(레코드형),14,
B-037,"토지피복 분류별 면적[경작지, 산림, 초지, 건물, 수체, 나지]",entity,v124-b-037-entity-00030,B-037_landcover_adm1,VNM,,,,,,,,,VNM.16_1,12.19916,107.726562,"{""2025_개편_후_소속_34개_체계"":""Lâm Đồng"",""건물_인공지표_면적_km"":76.212,""경계_면적_km_GADM"":6506.6,""경계_좌표_산출근거"":""경계는 GADM 4.1 ADM1(2022년판, 2025년 개편 이전 63개 성). 대표좌표는 최대 폴리곤의 내부 보장 대표점. 좌표계 EPSG:4326. GFW·CCKP 의 성 단위 집계도 GADM 경계 기준이므로 값과 경계의 출처 체계가 일치. 2025-07-01 시행 결의 202/2025/QH15 의 34개 체계 대응은 별도 속성에 병기."",""경계_폴리곤_파일"":""[공통]VNM_admin1_GADM41_63.geojson"",""경작지_면적_km"":347.772,""관목_면적_km"":1.39,""기후기술_연계_근거"":""간접 · 원천 자체 분류 — ESA WorldCover 가 토지피복 등급을 Tree cover·Cropland·Built-up 등으로 정의·배포하며, 수목 피복 면적은 탄소 흡수원의 물리적 기반, 경작지·건물 면적은 토지이용 변화의 기준이 됨. 주 기술 23(탄소 흡수원), 부 기술 35(산림·생태계 부문 기술) — 2026-08-28 발주처 지시에 따라 tech_id에 ';'로 연결해 복수 기입. [근거자료] ESA_WorldCover_10m_2021_v200_*_Map.tif (Discrete Classification, 등급 10~95) · FAOSTAT Land Cover(LC) Item=Artificial surfaces 등"",""나지_희박식생_면적_km"":10.055,""레코드_키"":""VNM.16_1"",""맹그로브_면적_km"":0,""수목_면적_km"":4638.962,""연도"":2021,""영구수체_면적_km"":95.826,""전국_값"":null,""전국_단위"":null,""전국_지표명"":null,""지역명_로마자"":""DakNong"",""지역명_베트남어"":""ĐắkNông"",""초본습지_면적_km"":0.003,""초지_면적_km"":1365.038,""합계_km"":6535.258,""행정단위"":""Province""}",,ESA WorldCover 10m v200(2021) 격자를 GADM 4.1 ADM1 폴리곤으로 zonal 집계. 주 기술 23(탄소 흡수원) · 부 기술 35(산림·생태계 부문) — tech_id에 ';'로 연결해 복수 기입(2026-08-28 발주처 지시),,,,B-037.xlsx,1.2_entity(레코드형),19,
B-037,"토지피복 분류별 면적[경작지, 산림, 초지, 건물, 수체, 나지]",entity,v124-b-037-entity-00031,B-037_landcover_adm1,VNM,,,,,,,,,VNM.35_1,21.84098,106.667845,"{""2025_개편_후_소속_34개_체계"":""Lạng Sơn"",""건물_인공지표_면적_km"":61.231,""경계_면적_km_GADM"":8287.8,""경계_좌표_산출근거"":""경계는 GADM 4.1 ADM1(2022년판, 2025년 개편 이전 63개 성). 대표좌표는 최대 폴리곤의 내부 보장 대표점. 좌표계 EPSG:4326. GFW·CCKP 의 성 단위 집계도 GADM 경계 기준이므로 값과 경계의 출처 체계가 일치. 2025-07-01 시행 결의 202/2025/QH15 의 34개 체계 대응은 별도 속성에 병기."",""경계_폴리곤_파일"":""[공통]VNM_admin1_GADM41_63.geojson"",""경작지_면적_km"":541.275,""관목_면적_km"":0,""기후기술_연계_근거"":""간접 · 원천 자체 분류 — ESA WorldCover 가 토지피복 등급을 Tree cover·Cropland·Built-up 등으로 정의·배포하며, 수목 피복 면적은 탄소 흡수원의 물리적 기반, 경작지·건물 면적은 토지이용 변화의 기준이 됨. 주 기술 23(탄소 흡수원), 부 기술 35(산림·생태계 부문 기술) — 2026-08-28 발주처 지시에 따라 tech_id에 ';'로 연결해 복수 기입. [근거자료] ESA_WorldCover_10m_2021_v200_*_Map.tif (Discrete Classification, 등급 10~95) · FAOSTAT Land Cover(LC) Item=Artificial surfaces 등"",""나지_희박식생_면적_km"":12.513,""레코드_키"":""VNM.35_1"",""맹그로브_면적_km"":0,""수목_면적_km"":7044.812,""연도"":2021,""영구수체_면적_km"":19.917,""전국_값"":null,""전국_단위"":null,""전국_지표명"":null,""지역명_로마자"":""LangSon"",""지역명_베트남어"":""LạngSơn"",""초본습지_면적_km"":0,""초지_면적_km"":645.596,""합계_km"":8325.344,""행정단위"":""Province""}",,ESA WorldCover 10m v200(2021) 격자를 GADM 4.1 ADM1 폴리곤으로 zonal 집계. 주 기술 23(탄소 흡수원) · 부 기술 35(산림·생태계 부문) — tech_id에 ';'로 연결해 복수 기입(2026-08-28 발주처 지시),,,,B-037.xlsx,1.2_entity(레코드형),38,
B-037,"토지피복 분류별 면적[경작지, 산림, 초지, 건물, 수체, 나지]",entity,v124-b-037-entity-00032,B-037_landcover_adm1,VNM,,,,,,,,,VNM.41_1,19.287219,104.94282,"{""2025_개편_후_소속_34개_체계"":""Nghệ An"",""건물_인공지표_면적_km"":370.985,""경계_면적_km_GADM"":16445.8,""경계_좌표_산출근거"":""경계는 GADM 4.1 ADM1(2022년판, 2025년 개편 이전 63개 성). 대표좌표는 최대 폴리곤의 내부 보장 대표점. 좌표계 EPSG:4326. GFW·CCKP 의 성 단위 집계도 GADM 경계 기준이므로 값과 경계의 출처 체계가 일치. 2025-07-01 시행 결의 202/2025/QH15 의 34개 체계 대응은 별도 속성에 병기."",""경계_폴리곤_파일"":""[공통]VNM_admin1_GADM41_63.geojson"",""경작지_면적_km"":1718.219,""관목_면적_km"":0.287,""기후기술_연계_근거"":""간접 · 원천 자체 분류 — ESA WorldCover 가 토지피복 등급을 Tree cover·Cropland·Built-up 등으로 정의·배포하며, 수목 피복 면적은 탄소 흡수원의 물리적 기반, 경작지·건물 면적은 토지이용 변화의 기준이 됨. 주 기술 23(탄소 흡수원), 부 기술 35(산림·생태계 부문 기술) — 2026-08-28 발주처 지시에 따라 tech_id에 ';'로 연결해 복수 기입. [근거자료] ESA_WorldCover_10m_2021_v200_*_Map.tif (Discrete Classification, 등급 10~95) · FAOSTAT Land Cover(LC) Item=Artificial surfaces 등"",""나지_희박식생_면적_km"":66.161,""레코드_키"":""VNM.41_1"",""맹그로브_면적_km"":1.34,""수목_면적_km"":13391.394,""연도"":2021,""영구수체_면적_km"":245.696,""전국_값"":null,""전국_단위"":null,""전국_지표명"":null,""지역명_로마자"":""NgheAn"",""지역명_베트남어"":""NghệAn"",""초본습지_면적_km"":0.9,""초지_면적_km"":730.081,""합계_km"":16525.063,""행정단위"":""Province""}",,ESA WorldCover 10m v200(2021) 격자를 GADM 4.1 ADM1 폴리곤으로 zonal 집계. 주 기술 23(탄소 흡수원) · 부 기술 35(산림·생태계 부문) — tech_id에 ';'로 연결해 복수 기입(2026-08-28 발주처 지시),,,,B-037.xlsx,1.2_entity(레코드형),44,
B-037,"토지피복 분류별 면적[경작지, 산림, 초지, 건물, 수체, 나지]",entity,v124-b-037-entity-00033,B-037_landcover_adm1,VNM,,,,,,,,,VNM.28_1,20.521735,105.975919,"{""2025_개편_후_소속_34개_체계"":""Ninh Bình"",""건물_인공지표_면적_km"":120.485,""경계_면적_km_GADM"":861,""경계_좌표_산출근거"":""경계는 GADM 4.1 ADM1(2022년판, 2025년 개편 이전 63개 성). 대표좌표는 최대 폴리곤의 내부 보장 대표점. 좌표계 EPSG:4326. GFW·CCKP 의 성 단위 집계도 GADM 경계 기준이므로 값과 경계의 출처 체계가 일치. 2025-07-01 시행 결의 202/2025/QH15 의 34개 체계 대응은 별도 속성에 병기."",""경계_폴리곤_파일"":""[공통]VNM_admin1_GADM41_63.geojson"",""경작지_면적_km"":403.892,""관목_면적_km"":0.022,""기후기술_연계_근거"":""간접 · 원천 자체 분류 — ESA WorldCover 가 토지피복 등급을 Tree cover·Cropland·Built-up 등으로 정의·배포하며, 수목 피복 면적은 탄소 흡수원의 물리적 기반, 경작지·건물 면적은 토지이용 변화의 기준이 됨. 주 기술 23(탄소 흡수원), 부 기술 35(산림·생태계 부문 기술) — 2026-08-28 발주처 지시에 따라 tech_id에 ';'로 연결해 복수 기입. [근거자료] ESA_WorldCover_10m_2021_v200_*_Map.tif (Discrete Classification, 등급 10~95) · FAOSTAT Land Cover(LC) Item=Artificial surfaces 등"",""나지_희박식생_면적_km"":31.546,""레코드_키"":""VNM.28_1"",""맹그로브_면적_km"":0,""수목_면적_km"":246.758,""연도"":2021,""영구수체_면적_km"":34.058,""전국_값"":null,""전국_단위"":null,""전국_지표명"":null,""지역명_로마자"":""HaNam"",""지역명_베트남어"":""HàNam"",""초본습지_면적_km"":0.042,""초지_면적_km"":28,""합계_km"":864.805,""행정단위"":""Province""}",,ESA WorldCover 10m v200(2021) 격자를 GADM 4.1 ADM1 폴리곤으로 zonal 집계. 주 기술 23(탄소 흡수원) · 부 기술 35(산림·생태계 부문) — tech_id에 ';'로 연결해 복수 기입(2026-08-28 발주처 지시),,,,B-037.xlsx,1.2_entity(레코드형),31,
B-037,"토지피복 분류별 면적[경작지, 산림, 초지, 건물, 수체, 나지]",entity,v124-b-037-entity-00034,B-037_landcover_adm1,VNM,,,,,,,,,VNM.42_1,20.264486,105.844536,"{""2025_개편_후_소속_34개_체계"":""Ninh Bình"",""건물_인공지표_면적_km"":140.713,""경계_면적_km_GADM"":1341.5,""경계_좌표_산출근거"":""경계는 GADM 4.1 ADM1(2022년판, 2025년 개편 이전 63개 성). 대표좌표는 최대 폴리곤의 내부 보장 대표점. 좌표계 EPSG:4326. GFW·CCKP 의 성 단위 집계도 GADM 경계 기준이므로 값과 경계의 출처 체계가 일치. 2025-07-01 시행 결의 202/2025/QH15 의 34개 체계 대응은 별도 속성에 병기."",""경계_폴리곤_파일"":""[공통]VNM_admin1_GADM41_63.geojson"",""경작지_면적_km"":523.882,""관목_면적_km"":0.051,""기후기술_연계_근거"":""간접 · 원천 자체 분류 — ESA WorldCover 가 토지피복 등급을 Tree cover·Cropland·Built-up 등으로 정의·배포하며, 수목 피복 면적은 탄소 흡수원의 물리적 기반, 경작지·건물 면적은 토지이용 변화의 기준이 됨. 주 기술 23(탄소 흡수원), 부 기술 35(산림·생태계 부문 기술) — 2026-08-28 발주처 지시에 따라 tech_id에 ';'로 연결해 복수 기입. [근거자료] ESA_WorldCover_10m_2021_v200_*_Map.tif (Discrete Classification, 등급 10~95) · FAOSTAT Land Cover(LC) Item=Artificial surfaces 등"",""나지_희박식생_면적_km"":27.523,""레코드_키"":""VNM.42_1"",""맹그로브_면적_km"":0.057,""수목_면적_km"":514.213,""연도"":2021,""영구수체_면적_km"":63.258,""전국_값"":null,""전국_단위"":null,""전국_지표명"":null,""지역명_로마자"":""NinhBinh"",""지역명_베트남어"":""NinhBình"",""초본습지_면적_km"":1.067,""초지_면적_km"":77.117,""합계_km"":1347.882,""행정단위"":""Province""}",,ESA WorldCover 10m v200(2021) 격자를 GADM 4.1 ADM1 폴리곤으로 zonal 집계. 주 기술 23(탄소 흡수원) · 부 기술 35(산림·생태계 부문) — tech_id에 ';'로 연결해 복수 기입(2026-08-28 발주처 지시),,,,B-037.xlsx,1.2_entity(레코드형),45,
B-037,"토지피복 분류별 면적[경작지, 산림, 초지, 건물, 수체, 나지]",entity,v124-b-037-entity-00035,B-037_landcover_adm1,VNM,,,,,,,,,VNM.40_1,20.309276,106.168495,"{""2025_개편_후_소속_34개_체계"":""Ninh Bình"",""건물_인공지표_면적_km"":282.016,""경계_면적_km_GADM"":1584.1,""경계_좌표_산출근거"":""경계는 GADM 4.1 ADM1(2022년판, 2025년 개편 이전 63개 성). 대표좌표는 최대 폴리곤의 내부 보장 대표점. 좌표계 EPSG:4326. GFW·CCKP 의 성 단위 집계도 GADM 경계 기준이므로 값과 경계의 출처 체계가 일치. 2025-07-01 시행 결의 202/2025/QH15 의 34개 체계 대응은 별도 속성에 병기."",""경계_폴리곤_파일"":""[공통]VNM_admin1_GADM41_63.geojson"",""경작지_면적_km"":918.078,""관목_면적_km"":0.112,""기후기술_연계_근거"":""간접 · 원천 자체 분류 — ESA WorldCover 가 토지피복 등급을 Tree cover·Cropland·Built-up 등으로 정의·배포하며, 수목 피복 면적은 탄소 흡수원의 물리적 기반, 경작지·건물 면적은 토지이용 변화의 기준이 됨. 주 기술 23(탄소 흡수원), 부 기술 35(산림·생태계 부문 기술) — 2026-08-28 발주처 지시에 따라 tech_id에 ';'로 연결해 복수 기입. [근거자료] ESA_WorldCover_10m_2021_v200_*_Map.tif (Discrete Classification, 등급 10~95) · FAOSTAT Land Cover(LC) Item=Artificial surfaces 등"",""나지_희박식생_면적_km"":22.016,""레코드_키"":""VNM.40_1"",""맹그로브_면적_km"":20.63,""수목_면적_km"":149.625,""연도"":2021,""영구수체_면적_km"":98.337,""전국_값"":null,""전국_단위"":null,""전국_지표명"":null,""지역명_로마자"":""NamDinh"",""지역명_베트남어"":""NamĐịnh"",""초본습지_면적_km"":0.961,""초지_면적_km"":99.881,""합계_km"":1591.656,""행정단위"":""Province""}",,ESA WorldCover 10m v200(2021) 격자를 GADM 4.1 ADM1 폴리곤으로 zonal 집계. 주 기술 23(탄소 흡수원) · 부 기술 35(산림·생태계 부문) — tech_id에 ';'로 연결해 복수 기입(2026-08-28 발주처 지시),,,,B-037.xlsx,1.2_entity(레코드형),43,
B-037,"토지피복 분류별 면적[경작지, 산림, 초지, 건물, 수체, 나지]",entity,v124-b-037-entity-00036,B-037_landcover_adm1,VNM,,,,,,,,,VNM.62_1,21.352888,105.597443,"{""2025_개편_후_소속_34개_체계"":""Phú Thọ"",""건물_인공지표_면적_km"":137.184,""경계_면적_km_GADM"":1228.5,""경계_좌표_산출근거"":""경계는 GADM 4.1 ADM1(2022년판, 2025년 개편 이전 63개 성). 대표좌표는 최대 폴리곤의 내부 보장 대표점. 좌표계 EPSG:4326. GFW·CCKP 의 성 단위 집계도 GADM 경계 기준이므로 값과 경계의 출처 체계가 일치. 2025-07-01 시행 결의 202/2025/QH15 의 34개 체계 대응은 별도 속성에 병기."",""경계_폴리곤_파일"":""[공통]VNM_admin1_GADM41_63.geojson"",""경작지_면적_km"":348.865,""관목_면적_km"":0.039,""기후기술_연계_근거"":""간접 · 원천 자체 분류 — ESA WorldCover 가 토지피복 등급을 Tree cover·Cropland·Built-up 등으로 정의·배포하며, 수목 피복 면적은 탄소 흡수원의 물리적 기반, 경작지·건물 면적은 토지이용 변화의 기준이 됨. 주 기술 23(탄소 흡수원), 부 기술 35(산림·생태계 부문 기술) — 2026-08-28 발주처 지시에 따라 tech_id에 ';'로 연결해 복수 기입. [근거자료] ESA_WorldCover_10m_2021_v200_*_Map.tif (Discrete Classification, 등급 10~95) · FAOSTAT Land Cover(LC) Item=Artificial surfaces 등"",""나지_희박식생_면적_km"":23.586,""레코드_키"":""VNM.62_1"",""맹그로브_면적_km"":0,""수목_면적_km"":649.903,""연도"":2021,""영구수체_면적_km"":31.412,""전국_값"":null,""전국_단위"":null,""전국_지표명"":null,""지역명_로마자"":""VinhPhuc"",""지역명_베트남어"":""VĩnhPhúc"",""초본습지_면적_km"":2.884,""초지_면적_km"":40.085,""합계_km"":1233.956,""행정단위"":""Province""}",,ESA WorldCover 10m v200(2021) 격자를 GADM 4.1 ADM1 폴리곤으로 zonal 집계. 주 기술 23(탄소 흡수원) · 부 기술 35(산림·생태계 부문) — tech_id에 ';'로 연결해 복수 기입(2026-08-28 발주처 지시),,,,B-037.xlsx,1.2_entity(레코드형),65,
B-037,"토지피복 분류별 면적[경작지, 산림, 초지, 건물, 수체, 나지]",entity,v124-b-037-entity-00037,B-037_landcover_adm1,VNM,,,,,,,,,VNM.44_1,21.341203,105.098885,"{""2025_개편_후_소속_34개_체계"":""Phú Thọ"",""건물_인공지표_면적_km"":155.079,""경계_면적_km_GADM"":3530.4,""경계_좌표_산출근거"":""경계는 GADM 4.1 ADM1(2022년판, 2025년 개편 이전 63개 성). 대표좌표는 최대 폴리곤의 내부 보장 대표점. 좌표계 EPSG:4326. GFW·CCKP 의 성 단위 집계도 GADM 경계 기준이므로 값과 경계의 출처 체계가 일치. 2025-07-01 시행 결의 202/2025/QH15 의 34개 체계 대응은 별도 속성에 병기."",""경계_폴리곤_파일"":""[공통]VNM_admin1_GADM41_63.geojson"",""경작지_면적_km"":482.222,""관목_면적_km"":0.003,""기후기술_연계_근거"":""간접 · 원천 자체 분류 — ESA WorldCover 가 토지피복 등급을 Tree cover·Cropland·Built-up 등으로 정의·배포하며, 수목 피복 면적은 탄소 흡수원의 물리적 기반, 경작지·건물 면적은 토지이용 변화의 기준이 됨. 주 기술 23(탄소 흡수원), 부 기술 35(산림·생태계 부문 기술) — 2026-08-28 발주처 지시에 따라 tech_id에 ';'로 연결해 복수 기입. [근거자료] ESA_WorldCover_10m_2021_v200_*_Map.tif (Discrete Classification, 등급 10~95) · FAOSTAT Land Cover(LC) Item=Artificial surfaces 등"",""나지_희박식생_면적_km"":31.803,""레코드_키"":""VNM.44_1"",""맹그로브_면적_km"":0,""수목_면적_km"":2717.566,""연도"":2021,""영구수체_면적_km"":86.438,""전국_값"":null,""전국_단위"":null,""전국_지표명"":null,""지역명_로마자"":""PhuTho"",""지역명_베트남어"":""PhúThọ"",""초본습지_면적_km"":4.967,""초지_면적_km"":68.807,""합계_km"":3546.884,""행정단위"":""Province""}",,ESA WorldCover 10m v200(2021) 격자를 GADM 4.1 ADM1 폴리곤으로 zonal 집계. 주 기술 23(탄소 흡수원) · 부 기술 35(산림·생태계 부문) — tech_id에 ';'로 연결해 복수 기입(2026-08-28 발주처 지시),,,,B-037.xlsx,1.2_entity(레코드형),47,
B-037,"토지피복 분류별 면적[경작지, 산림, 초지, 건물, 수체, 나지]",entity,v124-b-037-entity-00038,B-037_landcover_adm1,VNM,,,,,,,,,VNM.30_1,20.714629,105.368608,"{""2025_개편_후_소속_34개_체계"":""Phú Thọ"",""건물_인공지표_면적_km"":58.162,""경계_면적_km_GADM"":4570.1,""경계_좌표_산출근거"":""경계는 GADM 4.1 ADM1(2022년판, 2025년 개편 이전 63개 성). 대표좌표는 최대 폴리곤의 내부 보장 대표점. 좌표계 EPSG:4326. GFW·CCKP 의 성 단위 집계도 GADM 경계 기준이므로 값과 경계의 출처 체계가 일치. 2025-07-01 시행 결의 202/2025/QH15 의 34개 체계 대응은 별도 속성에 병기."",""경계_폴리곤_파일"":""[공통]VNM_admin1_GADM41_63.geojson"",""경작지_면적_km"":427.181,""관목_면적_km"":0.001,""기후기술_연계_근거"":""간접 · 원천 자체 분류 — ESA WorldCover 가 토지피복 등급을 Tree cover·Cropland·Built-up 등으로 정의·배포하며, 수목 피복 면적은 탄소 흡수원의 물리적 기반, 경작지·건물 면적은 토지이용 변화의 기준이 됨. 주 기술 23(탄소 흡수원), 부 기술 35(산림·생태계 부문 기술) — 2026-08-28 발주처 지시에 따라 tech_id에 ';'로 연결해 복수 기입. [근거자료] ESA_WorldCover_10m_2021_v200_*_Map.tif (Discrete Classification, 등급 10~95) · FAOSTAT Land Cover(LC) Item=Artificial surfaces 등"",""나지_희박식생_면적_km"":16.725,""레코드_키"":""VNM.30_1"",""맹그로브_면적_km"":0,""수목_면적_km"":3681.575,""연도"":2021,""영구수체_면적_km"":115.634,""전국_값"":null,""전국_단위"":null,""전국_지표명"":null,""지역명_로마자"":""HoaBinh"",""지역명_베트남어"":""HoàBình"",""초본습지_면적_km"":0.069,""초지_면적_km"":292.328,""합계_km"":4591.674,""행정단위"":""Province""}",,ESA WorldCover 10m v200(2021) 격자를 GADM 4.1 ADM1 폴리곤으로 zonal 집계. 주 기술 23(탄소 흡수원) · 부 기술 35(산림·생태계 부문) — tech_id에 ';'로 연결해 복수 기입(2026-08-28 발주처 지시),,,,B-037.xlsx,1.2_entity(레코드형),33,
B-037,"토지피복 분류별 면적[경작지, 산림, 초지, 건물, 수체, 나지]",entity,v124-b-037-entity-00039,B-037_landcover_adm1,VNM,,,,,,,,,VNM.48_1,14.973549,108.653018,"{""2025_개편_후_소속_34개_체계"":""Quảng Ngãi"",""건물_인공지표_면적_km"":159.041,""경계_면적_km_GADM"":5159.5,""경계_좌표_산출근거"":""경계는 GADM 4.1 ADM1(2022년판, 2025년 개편 이전 63개 성). 대표좌표는 최대 폴리곤의 내부 보장 대표점. 좌표계 EPSG:4326. GFW·CCKP 의 성 단위 집계도 GADM 경계 기준이므로 값과 경계의 출처 체계가 일치. 2025-07-01 시행 결의 202/2025/QH15 의 34개 체계 대응은 별도 속성에 병기."",""경계_폴리곤_파일"":""[공통]VNM_admin1_GADM41_63.geojson"",""경작지_면적_km"":476.123,""관목_면적_km"":0.238,""기후기술_연계_근거"":""간접 · 원천 자체 분류 — ESA WorldCover 가 토지피복 등급을 Tree cover·Cropland·Built-up 등으로 정의·배포하며, 수목 피복 면적은 탄소 흡수원의 물리적 기반, 경작지·건물 면적은 토지이용 변화의 기준이 됨. 주 기술 23(탄소 흡수원), 부 기술 35(산림·생태계 부문 기술) — 2026-08-28 발주처 지시에 따라 tech_id에 ';'로 연결해 복수 기입. [근거자료] ESA_WorldCover_10m_2021_v200_*_Map.tif (Discrete Classification, 등급 10~95) · FAOSTAT Land Cover(LC) Item=Artificial surfaces 등"",""나지_희박식생_면적_km"":35.405,""레코드_키"":""VNM.48_1"",""맹그로브_면적_km"":0,""수목_면적_km"":3818.741,""연도"":2021,""영구수체_면적_km"":86.552,""전국_값"":null,""전국_단위"":null,""전국_지표명"":null,""지역명_로마자"":""QuangNgai"",""지역명_베트남어"":""QuảngNgãi"",""초본습지_면적_km"":2.522,""초지_면적_km"":603.765,""합계_km"":5182.387,""행정단위"":""Province""}",,ESA WorldCover 10m v200(2021) 격자를 GADM 4.1 ADM1 폴리곤으로 zonal 집계. 주 기술 23(탄소 흡수원) · 부 기술 35(산림·생태계 부문) — tech_id에 ';'로 연결해 복수 기입(2026-08-28 발주처 지시),,,,B-037.xlsx,1.2_entity(레코드형),51,
B-037,"토지피복 분류별 면적[경작지, 산림, 초지, 건물, 수체, 나지]",entity,v124-b-037-entity-00040,B-037_landcover_adm1,VNM,,,,,,,,,VNM.34_1,14.700963,107.835245,"{""2025_개편_후_소속_34개_체계"":""Quảng Ngãi"",""건물_인공지표_면적_km"":67.344,""경계_면적_km_GADM"":9638.6,""경계_좌표_산출근거"":""경계는 GADM 4.1 ADM1(2022년판, 2025년 개편 이전 63개 성). 대표좌표는 최대 폴리곤의 내부 보장 대표점. 좌표계 EPSG:4326. GFW·CCKP 의 성 단위 집계도 GADM 경계 기준이므로 값과 경계의 출처 체계가 일치. 2025-07-01 시행 결의 202/2025/QH15 의 34개 체계 대응은 별도 속성에 병기."",""경계_폴리곤_파일"":""[공통]VNM_admin1_GADM41_63.geojson"",""경작지_면적_km"":359.261,""관목_면적_km"":0.326,""기후기술_연계_근거"":""간접 · 원천 자체 분류 — ESA WorldCover 가 토지피복 등급을 Tree cover·Cropland·Built-up 등으로 정의·배포하며, 수목 피복 면적은 탄소 흡수원의 물리적 기반, 경작지·건물 면적은 토지이용 변화의 기준이 됨. 주 기술 23(탄소 흡수원), 부 기술 35(산림·생태계 부문 기술) — 2026-08-28 발주처 지시에 따라 tech_id에 ';'로 연결해 복수 기입. [근거자료] ESA_WorldCover_10m_2021_v200_*_Map.tif (Discrete Classification, 등급 10~95) · FAOSTAT Land Cover(LC) Item=Artificial surfaces 등"",""나지_희박식생_면적_km"":21.828,""레코드_키"":""VNM.34_1"",""맹그로브_면적_km"":0,""수목_면적_km"":6847.311,""연도"":2021,""영구수체_면적_km"":97.984,""전국_값"":null,""전국_단위"":null,""전국_지표명"":null,""지역명_로마자"":""KonTum"",""지역명_베트남어"":""KonTum"",""초본습지_면적_km"":0,""초지_면적_km"":2290.282,""합계_km"":9684.337,""행정단위"":""Province""}",,ESA WorldCover 10m v200(2021) 격자를 GADM 4.1 ADM1 폴리곤으로 zonal 집계. 주 기술 23(탄소 흡수원) · 부 기술 35(산림·생태계 부문) — tech_id에 ';'로 연결해 복수 기입(2026-08-28 발주처 지시),,,,B-037.xlsx,1.2_entity(레코드형),37,
B-037,"토지피복 분류별 면적[경작지, 산림, 초지, 건물, 수체, 나지]",entity,v124-b-037-entity-00041,B-037_landcover_adm1,VNM,,,,,,,,,VNM.49_1,21.261565,107.37944,"{""2025_개편_후_소속_34개_체계"":""Quảng Ninh"",""건물_인공지표_면적_km"":185.733,""경계_면적_km_GADM"":5976.2,""경계_좌표_산출근거"":""경계는 GADM 4.1 ADM1(2022년판, 2025년 개편 이전 63개 성). 대표좌표는 최대 폴리곤의 내부 보장 대표점. 좌표계 EPSG:4326. GFW·CCKP 의 성 단위 집계도 GADM 경계 기준이므로 값과 경계의 출처 체계가 일치. 2025-07-01 시행 결의 202/2025/QH15 의 34개 체계 대응은 별도 속성에 병기."",""경계_폴리곤_파일"":""[공통]VNM_admin1_GADM41_63.geojson"",""경작지_면적_km"":380.525,""관목_면적_km"":0.055,""기후기술_연계_근거"":""간접 · 원천 자체 분류 — ESA WorldCover 가 토지피복 등급을 Tree cover·Cropland·Built-up 등으로 정의·배포하며, 수목 피복 면적은 탄소 흡수원의 물리적 기반, 경작지·건물 면적은 토지이용 변화의 기준이 됨. 주 기술 23(탄소 흡수원), 부 기술 35(산림·생태계 부문 기술) — 2026-08-28 발주처 지시에 따라 tech_id에 ';'로 연결해 복수 기입. [근거자료] ESA_WorldCover_10m_2021_v200_*_Map.tif (Discrete Classification, 등급 10~95) · FAOSTAT Land Cover(LC) Item=Artificial surfaces 등"",""나지_희박식생_면적_km"":110.777,""레코드_키"":""VNM.49_1"",""맹그로브_면적_km"":191.373,""수목_면적_km"":4098.991,""연도"":2021,""영구수체_면적_km"":631.496,""전국_값"":null,""전국_단위"":null,""전국_지표명"":null,""지역명_로마자"":""QuangNinh"",""지역명_베트남어"":""QuảngNinh"",""초본습지_면적_km"":1.919,""초지_면적_km"":402.301,""합계_km"":6003.171,""행정단위"":""Province""}",,ESA WorldCover 10m v200(2021) 격자를 GADM 4.1 ADM1 폴리곤으로 zonal 집계. 주 기술 23(탄소 흡수원) · 부 기술 35(산림·생태계 부문) — tech_id에 ';'로 연결해 복수 기입(2026-08-28 발주처 지시),,,,B-037.xlsx,1.2_entity(레코드형),52,
B-037,"토지피복 분류별 면적[경작지, 산림, 초지, 건물, 수체, 나지]",entity,v124-b-037-entity-00042,B-037_landcover_adm1,VNM,,,,,,,,,VNM.50_1,16.660882,106.913634,"{""2025_개편_후_소속_34개_체계"":""Quảng Trị"",""건물_인공지표_면적_km"":105.867,""경계_면적_km_GADM"":4610.3,""경계_좌표_산출근거"":""경계는 GADM 4.1 ADM1(2022년판, 2025년 개편 이전 63개 성). 대표좌표는 최대 폴리곤의 내부 보장 대표점. 좌표계 EPSG:4326. GFW·CCKP 의 성 단위 집계도 GADM 경계 기준이므로 값과 경계의 출처 체계가 일치. 2025-07-01 시행 결의 202/2025/QH15 의 34개 체계 대응은 별도 속성에 병기."",""경계_폴리곤_파일"":""[공통]VNM_admin1_GADM41_63.geojson"",""경작지_면적_km"":478.52,""관목_면적_km"":0.67,""기후기술_연계_근거"":""간접 · 원천 자체 분류 — ESA WorldCover 가 토지피복 등급을 Tree cover·Cropland·Built-up 등으로 정의·배포하며, 수목 피복 면적은 탄소 흡수원의 물리적 기반, 경작지·건물 면적은 토지이용 변화의 기준이 됨. 주 기술 23(탄소 흡수원), 부 기술 35(산림·생태계 부문 기술) — 2026-08-28 발주처 지시에 따라 tech_id에 ';'로 연결해 복수 기입. [근거자료] ESA_WorldCover_10m_2021_v200_*_Map.tif (Discrete Classification, 등급 10~95) · FAOSTAT Land Cover(LC) Item=Artificial surfaces 등"",""나지_희박식생_면적_km"":64.415,""레코드_키"":""VNM.50_1"",""맹그로브_면적_km"":0,""수목_면적_km"":3541.617,""연도"":2021,""영구수체_면적_km"":92.998,""전국_값"":null,""전국_단위"":null,""전국_지표명"":null,""지역명_로마자"":""QuangTri"",""지역명_베트남어"":""QuảngTrị"",""초본습지_면적_km"":5.784,""초지_면적_km"":339.144,""합계_km"":4629.016,""행정단위"":""Province""}",,ESA WorldCover 10m v200(2021) 격자를 GADM 4.1 ADM1 폴리곤으로 zonal 집계. 주 기술 23(탄소 흡수원) · 부 기술 35(산림·생태계 부문) — tech_id에 ';'로 연결해 복수 기입(2026-08-28 발주처 지시),,,,B-037.xlsx,1.2_entity(레코드형),53,
B-037,"토지피복 분류별 면적[경작지, 산림, 초지, 건물, 수체, 나지]",entity,v124-b-037-entity-00043,B-037_landcover_adm1,VNM,,,,,,,,,VNM.46_1,17.536924,106.266331,"{""2025_개편_후_소속_34개_체계"":""Quảng Trị"",""건물_인공지표_면적_km"":146.37,""경계_면적_km_GADM"":7969,""경계_좌표_산출근거"":""경계는 GADM 4.1 ADM1(2022년판, 2025년 개편 이전 63개 성). 대표좌표는 최대 폴리곤의 내부 보장 대표점. 좌표계 EPSG:4326. GFW·CCKP 의 성 단위 집계도 GADM 경계 기준이므로 값과 경계의 출처 체계가 일치. 2025-07-01 시행 결의 202/2025/QH15 의 34개 체계 대응은 별도 속성에 병기."",""경계_폴리곤_파일"":""[공통]VNM_admin1_GADM41_63.geojson"",""경작지_면적_km"":498.707,""관목_면적_km"":0.498,""기후기술_연계_근거"":""간접 · 원천 자체 분류 — ESA WorldCover 가 토지피복 등급을 Tree cover·Cropland·Built-up 등으로 정의·배포하며, 수목 피복 면적은 탄소 흡수원의 물리적 기반, 경작지·건물 면적은 토지이용 변화의 기준이 됨. 주 기술 23(탄소 흡수원), 부 기술 35(산림·생태계 부문 기술) — 2026-08-28 발주처 지시에 따라 tech_id에 ';'로 연결해 복수 기입. [근거자료] ESA_WorldCover_10m_2021_v200_*_Map.tif (Discrete Classification, 등급 10~95) · FAOSTAT Land Cover(LC) Item=Artificial surfaces 등"",""나지_희박식생_면적_km"":136.973,""레코드_키"":""VNM.46_1"",""맹그로브_면적_km"":0.02,""수목_면적_km"":6771.297,""연도"":2021,""영구수체_면적_km"":158.656,""전국_값"":null,""전국_단위"":null,""전국_지표명"":null,""지역명_로마자"":""QuangBinh"",""지역명_베트남어"":""QuảngBình"",""초본습지_면적_km"":8.854,""초지_면적_km"":283.755,""합계_km"":8005.13,""행정단위"":""Province""}",,ESA WorldCover 10m v200(2021) 격자를 GADM 4.1 ADM1 폴리곤으로 zonal 집계. 주 기술 23(탄소 흡수원) · 부 기술 35(산림·생태계 부문) — tech_id에 ';'로 연결해 복수 기입(2026-08-28 발주처 지시),,,,B-037.xlsx,1.2_entity(레코드형),49,
B-037,"토지피복 분류별 면적[경작지, 산림, 초지, 건물, 수체, 나지]",entity,v124-b-037-entity-00044,B-037_landcover_adm1,VNM,,,,,,,,,VNM.52_1,21.183473,104.014378,"{""2025_개편_후_소속_34개_체계"":""Sơn La"",""건물_인공지표_면적_km"":88.708,""경계_면적_km_GADM"":14090.7,""경계_좌표_산출근거"":""경계는 GADM 4.1 ADM1(2022년판, 2025년 개편 이전 63개 성). 대표좌표는 최대 폴리곤의 내부 보장 대표점. 좌표계 EPSG:4326. GFW·CCKP 의 성 단위 집계도 GADM 경계 기준이므로 값과 경계의 출처 체계가 일치. 2025-07-01 시행 결의 202/2025/QH15 의 34개 체계 대응은 별도 속성에 병기."",""경계_폴리곤_파일"":""[공통]VNM_admin1_GADM41_63.geojson"",""경작지_면적_km"":941.912,""관목_면적_km"":0,""기후기술_연계_근거"":""간접 · 원천 자체 분류 — ESA WorldCover 가 토지피복 등급을 Tree cover·Cropland·Built-up 등으로 정의·배포하며, 수목 피복 면적은 탄소 흡수원의 물리적 기반, 경작지·건물 면적은 토지이용 변화의 기준이 됨. 주 기술 23(탄소 흡수원), 부 기술 35(산림·생태계 부문 기술) — 2026-08-28 발주처 지시에 따라 tech_id에 ';'로 연결해 복수 기입. [근거자료] ESA_WorldCover_10m_2021_v200_*_Map.tif (Discrete Classification, 등급 10~95) · FAOSTAT Land Cover(LC) Item=Artificial surfaces 등"",""나지_희박식생_면적_km"":15.025,""레코드_키"":""VNM.52_1"",""맹그로브_면적_km"":0,""수목_면적_km"":8582.76,""연도"":2021,""영구수체_면적_km"":203.722,""전국_값"":null,""전국_단위"":null,""전국_지표명"":null,""지역명_로마자"":""SonLa"",""지역명_베트남어"":""SơnLa"",""초본습지_면적_km"":0.005,""초지_면적_km"":4321.042,""합계_km"":14153.174,""행정단위"":""Province""}",,ESA WorldCover 10m v200(2021) 격자를 GADM 4.1 ADM1 폴리곤으로 zonal 집계. 주 기술 23(탄소 흡수원) · 부 기술 35(산림·생태계 부문) — tech_id에 ';'로 연결해 복수 기입(2026-08-28 발주처 지시),,,,B-037.xlsx,1.2_entity(레코드형),55,
B-037,"토지피복 분류별 면적[경작지, 산림, 초지, 건물, 수체, 나지]",entity,v124-b-037-entity-00045,B-037_landcover_adm1,VNM,,,,,,,,,VNM.57_1,20.062988,105.171633,"{""2025_개편_후_소속_34개_체계"":""Thanh Hóa"",""건물_인공지표_면적_km"":372.037,""경계_면적_km_GADM"":11086.7,""경계_좌표_산출근거"":""경계는 GADM 4.1 ADM1(2022년판, 2025년 개편 이전 63개 성). 대표좌표는 최대 폴리곤의 내부 보장 대표점. 좌표계 EPSG:4326. GFW·CCKP 의 성 단위 집계도 GADM 경계 기준이므로 값과 경계의 출처 체계가 일치. 2025-07-01 시행 결의 202/2025/QH15 의 34개 체계 대응은 별도 속성에 병기."",""경계_폴리곤_파일"":""[공통]VNM_admin1_GADM41_63.geojson"",""경작지_면적_km"":1814.471,""관목_면적_km"":0.118,""기후기술_연계_근거"":""간접 · 원천 자체 분류 — ESA WorldCover 가 토지피복 등급을 Tree cover·Cropland·Built-up 등으로 정의·배포하며, 수목 피복 면적은 탄소 흡수원의 물리적 기반, 경작지·건물 면적은 토지이용 변화의 기준이 됨. 주 기술 23(탄소 흡수원), 부 기술 35(산림·생태계 부문 기술) — 2026-08-28 발주처 지시에 따라 tech_id에 ';'로 연결해 복수 기입. [근거자료] ESA_WorldCover_10m_2021_v200_*_Map.tif (Discrete Classification, 등급 10~95) · FAOSTAT Land Cover(LC) Item=Artificial surfaces 등"",""나지_희박식생_면적_km"":88.344,""레코드_키"":""VNM.57_1"",""맹그로브_면적_km"":3.1,""수목_면적_km"":8190.346,""연도"":2021,""영구수체_면적_km"":237.889,""전국_값"":null,""전국_단위"":null,""전국_지표명"":null,""지역명_로마자"":""ThanhHoa"",""지역명_베트남어"":""ThanhHóa"",""초본습지_면적_km"":2.714,""초지_면적_km"":428.797,""합계_km"":11137.816,""행정단위"":""Province""}",,ESA WorldCover 10m v200(2021) 격자를 GADM 4.1 ADM1 폴리곤으로 zonal 집계. 주 기술 23(탄소 흡수원) · 부 기술 35(산림·생태계 부문) — tech_id에 ';'로 연결해 복수 기입(2026-08-28 발주처 지시),,,,B-037.xlsx,1.2_entity(레코드형),60,
B-037,"토지피복 분류별 면적[경작지, 산림, 초지, 건물, 수체, 나지]",entity,v124-b-037-entity-00046,B-037_landcover_adm1,VNM,,,,,,,,,VNM.56_1,21.690817,105.860417,"{""2025_개편_후_소속_34개_체계"":""Thái Nguyên"",""건물_인공지표_면적_km"":128.697,""경계_면적_km_GADM"":3516.1,""경계_좌표_산출근거"":""경계는 GADM 4.1 ADM1(2022년판, 2025년 개편 이전 63개 성). 대표좌표는 최대 폴리곤의 내부 보장 대표점. 좌표계 EPSG:4326. GFW·CCKP 의 성 단위 집계도 GADM 경계 기준이므로 값과 경계의 출처 체계가 일치. 2025-07-01 시행 결의 202/2025/QH15 의 34개 체계 대응은 별도 속성에 병기."",""경계_폴리곤_파일"":""[공통]VNM_admin1_GADM41_63.geojson"",""경작지_면적_km"":421.965,""관목_면적_km"":0.001,""기후기술_연계_근거"":""간접 · 원천 자체 분류 — ESA WorldCover 가 토지피복 등급을 Tree cover·Cropland·Built-up 등으로 정의·배포하며, 수목 피복 면적은 탄소 흡수원의 물리적 기반, 경작지·건물 면적은 토지이용 변화의 기준이 됨. 주 기술 23(탄소 흡수원), 부 기술 35(산림·생태계 부문 기술) — 2026-08-28 발주처 지시에 따라 tech_id에 ';'로 연결해 복수 기입. [근거자료] ESA_WorldCover_10m_2021_v200_*_Map.tif (Discrete Classification, 등급 10~95) · FAOSTAT Land Cover(LC) Item=Artificial surfaces 등"",""나지_희박식생_면적_km"":18.119,""레코드_키"":""VNM.56_1"",""맹그로브_면적_km"":0,""수목_면적_km"":2890.534,""연도"":2021,""영구수체_면적_km"":32.068,""전국_값"":null,""전국_단위"":null,""전국_지표명"":null,""지역명_로마자"":""ThaiNguyen"",""지역명_베트남어"":""TháiNguyên"",""초본습지_면적_km"":0.013,""초지_면적_km"":40.534,""합계_km"":3531.931,""행정단위"":""Province""}",,ESA WorldCover 10m v200(2021) 격자를 GADM 4.1 ADM1 폴리곤으로 zonal 집계. 주 기술 23(탄소 흡수원) · 부 기술 35(산림·생태계 부문) — tech_id에 ';'로 연결해 복수 기입(2026-08-28 발주처 지시),,,,B-037.xlsx,1.2_entity(레코드형),59,
B-037,"토지피복 분류별 면적[경작지, 산림, 초지, 건물, 수체, 나지]",entity,v124-b-037-entity-00047,B-037_landcover_adm1,VNM,,,,,,,,,VNM.4_1,22.269729,105.811274,"{""2025_개편_후_소속_34개_체계"":""Thái Nguyên"",""건물_인공지표_면적_km"":21.009,""경계_면적_km_GADM"":4852.1,""경계_좌표_산출근거"":""경계는 GADM 4.1 ADM1(2022년판, 2025년 개편 이전 63개 성). 대표좌표는 최대 폴리곤의 내부 보장 대표점. 좌표계 EPSG:4326. GFW·CCKP 의 성 단위 집계도 GADM 경계 기준이므로 값과 경계의 출처 체계가 일치. 2025-07-01 시행 결의 202/2025/QH15 의 34개 체계 대응은 별도 속성에 병기."",""경계_폴리곤_파일"":""[공통]VNM_admin1_GADM41_63.geojson"",""경작지_면적_km"":171.223,""관목_면적_km"":0,""기후기술_연계_근거"":""간접 · 원천 자체 분류 — ESA WorldCover 가 토지피복 등급을 Tree cover·Cropland·Built-up 등으로 정의·배포하며, 수목 피복 면적은 탄소 흡수원의 물리적 기반, 경작지·건물 면적은 토지이용 변화의 기준이 됨. 주 기술 23(탄소 흡수원), 부 기술 35(산림·생태계 부문 기술) — 2026-08-28 발주처 지시에 따라 tech_id에 ';'로 연결해 복수 기입. [근거자료] ESA_WorldCover_10m_2021_v200_*_Map.tif (Discrete Classification, 등급 10~95) · FAOSTAT Land Cover(LC) Item=Artificial surfaces 등"",""나지_희박식생_면적_km"":2.836,""레코드_키"":""VNM.4_1"",""맹그로브_면적_km"":0,""수목_면적_km"":4445.265,""연도"":2021,""영구수체_면적_km"":4.191,""전국_값"":null,""전국_단위"":null,""전국_지표명"":null,""지역명_로마자"":""BacKan"",""지역명_베트남어"":""BắcKạn"",""초본습지_면적_km"":0,""초지_면적_km"":229.786,""합계_km"":4874.31,""행정단위"":""Province""}",,ESA WorldCover 10m v200(2021) 격자를 GADM 4.1 ADM1 폴리곤으로 zonal 집계. 주 기술 23(탄소 흡수원) · 부 기술 35(산림·생태계 부문) — tech_id에 ';'로 연결해 복수 기입(2026-08-28 발주처 지시),,,,B-037.xlsx,1.2_entity(레코드형),7,
B-037,"토지피복 분류별 면적[경작지, 산림, 초지, 건물, 수체, 나지]",entity,v124-b-037-entity-00048,B-037_landcover_adm1,VNM,,,,,,,,,VNM.26_1,22.761132,104.983585,"{""2025_개편_후_소속_34개_체계"":""Tuyên Quang"",""건물_인공지표_면적_km"":32.576,""경계_면적_km_GADM"":7904.5,""경계_좌표_산출근거"":""경계는 GADM 4.1 ADM1(2022년판, 2025년 개편 이전 63개 성). 대표좌표는 최대 폴리곤의 내부 보장 대표점. 좌표계 EPSG:4326. GFW·CCKP 의 성 단위 집계도 GADM 경계 기준이므로 값과 경계의 출처 체계가 일치. 2025-07-01 시행 결의 202/2025/QH15 의 34개 체계 대응은 별도 속성에 병기."",""경계_폴리곤_파일"":""[공통]VNM_admin1_GADM41_63.geojson"",""경작지_면적_km"":372.542,""관목_면적_km"":0,""기후기술_연계_근거"":""간접 · 원천 자체 분류 — ESA WorldCover 가 토지피복 등급을 Tree cover·Cropland·Built-up 등으로 정의·배포하며, 수목 피복 면적은 탄소 흡수원의 물리적 기반, 경작지·건물 면적은 토지이용 변화의 기준이 됨. 주 기술 23(탄소 흡수원), 부 기술 35(산림·생태계 부문 기술) — 2026-08-28 발주처 지시에 따라 tech_id에 ';'로 연결해 복수 기입. [근거자료] ESA_WorldCover_10m_2021_v200_*_Map.tif (Discrete Classification, 등급 10~95) · FAOSTAT Land Cover(LC) Item=Artificial surfaces 등"",""나지_희박식생_면적_km"":10.761,""레코드_키"":""VNM.26_1"",""맹그로브_면적_km"":0,""수목_면적_km"":6159.752,""연도"":2021,""영구수체_면적_km"":19.314,""전국_값"":null,""전국_단위"":null,""전국_지표명"":null,""지역명_로마자"":""HaGiang"",""지역명_베트남어"":""HàGiang"",""초본습지_면적_km"":0,""초지_면적_km"":1344.899,""합계_km"":7939.845,""행정단위"":""Province""}",,ESA WorldCover 10m v200(2021) 격자를 GADM 4.1 ADM1 폴리곤으로 zonal 집계. 주 기술 23(탄소 흡수원) · 부 기술 35(산림·생태계 부문) — tech_id에 ';'로 연결해 복수 기입(2026-08-28 발주처 지시),,,,B-037.xlsx,1.2_entity(레코드형),29,
B-037,"토지피복 분류별 면적[경작지, 산림, 초지, 건물, 수체, 나지]",entity,v124-b-037-entity-00049,B-037_landcover_adm1,VNM,,,,,,,,,VNM.60_1,22.119698,105.253204,"{""2025_개편_후_소속_34개_체계"":""Tuyên Quang"",""건물_인공지표_면적_km"":52.987,""경계_면적_km_GADM"":5855.5,""경계_좌표_산출근거"":""경계는 GADM 4.1 ADM1(2022년판, 2025년 개편 이전 63개 성). 대표좌표는 최대 폴리곤의 내부 보장 대표점. 좌표계 EPSG:4326. GFW·CCKP 의 성 단위 집계도 GADM 경계 기준이므로 값과 경계의 출처 체계가 일치. 2025-07-01 시행 결의 202/2025/QH15 의 34개 체계 대응은 별도 속성에 병기."",""경계_폴리곤_파일"":""[공통]VNM_admin1_GADM41_63.geojson"",""경작지_면적_km"":324.359,""관목_면적_km"":0.002,""기후기술_연계_근거"":""간접 · 원천 자체 분류 — ESA WorldCover 가 토지피복 등급을 Tree cover·Cropland·Built-up 등으로 정의·배포하며, 수목 피복 면적은 탄소 흡수원의 물리적 기반, 경작지·건물 면적은 토지이용 변화의 기준이 됨. 주 기술 23(탄소 흡수원), 부 기술 35(산림·생태계 부문 기술) — 2026-08-28 발주처 지시에 따라 tech_id에 ';'로 연결해 복수 기입. [근거자료] ESA_WorldCover_10m_2021_v200_*_Map.tif (Discrete Classification, 등급 10~95) · FAOSTAT Land Cover(LC) Item=Artificial surfaces 등"",""나지_희박식생_면적_km"":9.672,""레코드_키"":""VNM.60_1"",""맹그로브_면적_km"":0,""수목_면적_km"":5301.438,""연도"":2021,""영구수체_면적_km"":78.515,""전국_값"":null,""전국_단위"":null,""전국_지표명"":null,""지역명_로마자"":""TuyenQuang"",""지역명_베트남어"":""TuyênQuang"",""초본습지_면적_km"":0.009,""초지_면적_km"":115.137,""합계_km"":5882.118,""행정단위"":""Province""}",,ESA WorldCover 10m v200(2021) 격자를 GADM 4.1 ADM1 폴리곤으로 zonal 집계. 주 기술 23(탄소 흡수원) · 부 기술 35(산림·생태계 부문) — tech_id에 ';'로 연결해 복수 기입(2026-08-28 발주처 지시),,,,B-037.xlsx,1.2_entity(레코드형),63,
B-037,"토지피복 분류별 면적[경작지, 산림, 초지, 건물, 수체, 나지]",entity,v124-b-037-entity-00050,B-037_landcover_adm1,VNM,,,,,,,,,VNM.53_1,11.398431,106.172844,"{""2025_개편_후_소속_34개_체계"":""Tây Ninh"",""건물_인공지표_면적_km"":191.067,""경계_면적_km_GADM"":4032.8,""경계_좌표_산출근거"":""경계는 GADM 4.1 ADM1(2022년판, 2025년 개편 이전 63개 성). 대표좌표는 최대 폴리곤의 내부 보장 대표점. 좌표계 EPSG:4326. GFW·CCKP 의 성 단위 집계도 GADM 경계 기준이므로 값과 경계의 출처 체계가 일치. 2025-07-01 시행 결의 202/2025/QH15 의 34개 체계 대응은 별도 속성에 병기."",""경계_폴리곤_파일"":""[공통]VNM_admin1_GADM41_63.geojson"",""경작지_면적_km"":1093.467,""관목_면적_km"":0.056,""기후기술_연계_근거"":""간접 · 원천 자체 분류 — ESA WorldCover 가 토지피복 등급을 Tree cover·Cropland·Built-up 등으로 정의·배포하며, 수목 피복 면적은 탄소 흡수원의 물리적 기반, 경작지·건물 면적은 토지이용 변화의 기준이 됨. 주 기술 23(탄소 흡수원), 부 기술 35(산림·생태계 부문 기술) — 2026-08-28 발주처 지시에 따라 tech_id에 ';'로 연결해 복수 기입. [근거자료] ESA_WorldCover_10m_2021_v200_*_Map.tif (Discrete Classification, 등급 10~95) · FAOSTAT Land Cover(LC) Item=Artificial surfaces 등"",""나지_희박식생_면적_km"":14.409,""레코드_키"":""VNM.53_1"",""맹그로브_면적_km"":0,""수목_면적_km"":2244.155,""연도"":2021,""영구수체_면적_km"":129.385,""전국_값"":null,""전국_단위"":null,""전국_지표명"":null,""지역명_로마자"":""TayNinh"",""지역명_베트남어"":""TâyNinh"",""초본습지_면적_km"":7.255,""초지_면적_km"":371.089,""합계_km"":4050.881,""행정단위"":""Province""}",,ESA WorldCover 10m v200(2021) 격자를 GADM 4.1 ADM1 폴리곤으로 zonal 집계. 주 기술 23(탄소 흡수원) · 부 기술 35(산림·생태계 부문) — tech_id에 ';'로 연결해 복수 기입(2026-08-28 발주처 지시),,,,B-037.xlsx,1.2_entity(레코드형),56,
B-037,"토지피복 분류별 면적[경작지, 산림, 초지, 건물, 수체, 나지]",entity,v124-b-037-entity-00051,B-037_landcover_adm1,VNM,,,,,,,,,VNM.39_1,10.66283,106.385159,"{""2025_개편_후_소속_34개_체계"":""Tây Ninh"",""건물_인공지표_면적_km"":243.537,""경계_면적_km_GADM"":4488.8,""경계_좌표_산출근거"":""경계는 GADM 4.1 ADM1(2022년판, 2025년 개편 이전 63개 성). 대표좌표는 최대 폴리곤의 내부 보장 대표점. 좌표계 EPSG:4326. GFW·CCKP 의 성 단위 집계도 GADM 경계 기준이므로 값과 경계의 출처 체계가 일치. 2025-07-01 시행 결의 202/2025/QH15 의 34개 체계 대응은 별도 속성에 병기."",""경계_폴리곤_파일"":""[공통]VNM_admin1_GADM41_63.geojson"",""경작지_면적_km"":2823.023,""관목_면적_km"":6.356,""기후기술_연계_근거"":""간접 · 원천 자체 분류 — ESA WorldCover 가 토지피복 등급을 Tree cover·Cropland·Built-up 등으로 정의·배포하며, 수목 피복 면적은 탄소 흡수원의 물리적 기반, 경작지·건물 면적은 토지이용 변화의 기준이 됨. 주 기술 23(탄소 흡수원), 부 기술 35(산림·생태계 부문 기술) — 2026-08-28 발주처 지시에 따라 tech_id에 ';'로 연결해 복수 기입. [근거자료] ESA_WorldCover_10m_2021_v200_*_Map.tif (Discrete Classification, 등급 10~95) · FAOSTAT Land Cover(LC) Item=Artificial surfaces 등"",""나지_희박식생_면적_km"":43.512,""레코드_키"":""VNM.39_1"",""맹그로브_면적_km"":0,""수목_면적_km"":934.198,""연도"":2021,""영구수체_면적_km"":130.275,""전국_값"":null,""전국_단위"":null,""전국_지표명"":null,""지역명_로마자"":""LongAn"",""지역명_베트남어"":""LongAn"",""초본습지_면적_km"":42.416,""초지_면적_km"":284.812,""합계_km"":4508.129,""행정단위"":""Province""}",,ESA WorldCover 10m v200(2021) 격자를 GADM 4.1 ADM1 폴리곤으로 zonal 집계. 주 기술 23(탄소 흡수원) · 부 기술 35(산림·생태계 부문) — tech_id에 ';'로 연결해 복수 기입(2026-08-28 발주처 지시),,,,B-037.xlsx,1.2_entity(레코드형),42,
B-037,"토지피복 분류별 면적[경작지, 산림, 초지, 건물, 수체, 나지]",entity,v124-b-037-entity-00052,B-037_landcover_adm1,VNM,,,,,,,,,VNM.6_1,10.123441,106.442868,"{""2025_개편_후_소속_34개_체계"":""Vĩnh Long"",""건물_인공지표_면적_km"":115.875,""경계_면적_km_GADM"":2338.5,""경계_좌표_산출근거"":""경계는 GADM 4.1 ADM1(2022년판, 2025년 개편 이전 63개 성). 대표좌표는 최대 폴리곤의 내부 보장 대표점. 좌표계 EPSG:4326. GFW·CCKP 의 성 단위 집계도 GADM 경계 기준이므로 값과 경계의 출처 체계가 일치. 2025-07-01 시행 결의 202/2025/QH15 의 34개 체계 대응은 별도 속성에 병기."",""경계_폴리곤_파일"":""[공통]VNM_admin1_GADM41_63.geojson"",""경작지_면적_km"":214.868,""관목_면적_km"":2.185,""기후기술_연계_근거"":""간접 · 원천 자체 분류 — ESA WorldCover 가 토지피복 등급을 Tree cover·Cropland·Built-up 등으로 정의·배포하며, 수목 피복 면적은 탄소 흡수원의 물리적 기반, 경작지·건물 면적은 토지이용 변화의 기준이 됨. 주 기술 23(탄소 흡수원), 부 기술 35(산림·생태계 부문 기술) — 2026-08-28 발주처 지시에 따라 tech_id에 ';'로 연결해 복수 기입. [근거자료] ESA_WorldCover_10m_2021_v200_*_Map.tif (Discrete Classification, 등급 10~95) · FAOSTAT Land Cover(LC) Item=Artificial surfaces 등"",""나지_희박식생_면적_km"":45.257,""레코드_키"":""VNM.6_1"",""맹그로브_면적_km"":45.726,""수목_면적_km"":1326.107,""연도"":2021,""영구수체_면적_km"":454.068,""전국_값"":null,""전국_단위"":null,""전국_지표명"":null,""지역명_로마자"":""BenTre"",""지역명_베트남어"":""BếnTre"",""초본습지_면적_km"":11.278,""초지_면적_km"":133.692,""합계_km"":2349.056,""행정단위"":""Province""}",,ESA WorldCover 10m v200(2021) 격자를 GADM 4.1 ADM1 폴리곤으로 zonal 집계. 주 기술 23(탄소 흡수원) · 부 기술 35(산림·생태계 부문) — tech_id에 ';'로 연결해 복수 기입(2026-08-28 발주처 지시),,,,B-037.xlsx,1.2_entity(레코드형),9,
B-037,"토지피복 분류별 면적[경작지, 산림, 초지, 건물, 수체, 나지]",entity,v124-b-037-entity-00053,B-037_landcover_adm1,VNM,,,,,,,,,VNM.59_1,9.843691,106.261526,"{""2025_개편_후_소속_34개_체계"":""Vĩnh Long"",""건물_인공지표_면적_km"":89.054,""경계_면적_km_GADM"":2323,""경계_좌표_산출근거"":""경계는 GADM 4.1 ADM1(2022년판, 2025년 개편 이전 63개 성). 대표좌표는 최대 폴리곤의 내부 보장 대표점. 좌표계 EPSG:4326. GFW·CCKP 의 성 단위 집계도 GADM 경계 기준이므로 값과 경계의 출처 체계가 일치. 2025-07-01 시행 결의 202/2025/QH15 의 34개 체계 대응은 별도 속성에 병기."",""경계_폴리곤_파일"":""[공통]VNM_admin1_GADM41_63.geojson"",""경작지_면적_km"":906.255,""관목_면적_km"":1.104,""기후기술_연계_근거"":""간접 · 원천 자체 분류 — ESA WorldCover 가 토지피복 등급을 Tree cover·Cropland·Built-up 등으로 정의·배포하며, 수목 피복 면적은 탄소 흡수원의 물리적 기반, 경작지·건물 면적은 토지이용 변화의 기준이 됨. 주 기술 23(탄소 흡수원), 부 기술 35(산림·생태계 부문 기술) — 2026-08-28 발주처 지시에 따라 tech_id에 ';'로 연결해 복수 기입. [근거자료] ESA_WorldCover_10m_2021_v200_*_Map.tif (Discrete Classification, 등급 10~95) · FAOSTAT Land Cover(LC) Item=Artificial surfaces 등"",""나지_희박식생_면적_km"":69.598,""레코드_키"":""VNM.59_1"",""맹그로브_면적_km"":21.863,""수목_면적_km"":762.332,""연도"":2021,""영구수체_면적_km"":364.29,""전국_값"":null,""전국_단위"":null,""전국_지표명"":null,""지역명_로마자"":""TraVinh"",""지역명_베트남어"":""TràVinh"",""초본습지_면적_km"":2.104,""초지_면적_km"":117.268,""합계_km"":2333.867,""행정단위"":""Province""}",,ESA WorldCover 10m v200(2021) 격자를 GADM 4.1 ADM1 폴리곤으로 zonal 집계. 주 기술 23(탄소 흡수원) · 부 기술 35(산림·생태계 부문) — tech_id에 ';'로 연결해 복수 기입(2026-08-28 발주처 지시),,,,B-037.xlsx,1.2_entity(레코드형),62,
B-037,"토지피복 분류별 면적[경작지, 산림, 초지, 건물, 수체, 나지]",entity,v124-b-037-entity-00054,B-037_landcover_adm1,VNM,,,,,,,,,VNM.61_1,10.099162,106.007549,"{""2025_개편_후_소속_34개_체계"":""Vĩnh Long"",""건물_인공지표_면적_km"":90.041,""경계_면적_km_GADM"":1524,""경계_좌표_산출근거"":""경계는 GADM 4.1 ADM1(2022년판, 2025년 개편 이전 63개 성). 대표좌표는 최대 폴리곤의 내부 보장 대표점. 좌표계 EPSG:4326. GFW·CCKP 의 성 단위 집계도 GADM 경계 기준이므로 값과 경계의 출처 체계가 일치. 2025-07-01 시행 결의 202/2025/QH15 의 34개 체계 대응은 별도 속성에 병기."",""경계_폴리곤_파일"":""[공통]VNM_admin1_GADM41_63.geojson"",""경작지_면적_km"":617.339,""관목_면적_km"":0.071,""기후기술_연계_근거"":""간접 · 원천 자체 분류 — ESA WorldCover 가 토지피복 등급을 Tree cover·Cropland·Built-up 등으로 정의·배포하며, 수목 피복 면적은 탄소 흡수원의 물리적 기반, 경작지·건물 면적은 토지이용 변화의 기준이 됨. 주 기술 23(탄소 흡수원), 부 기술 35(산림·생태계 부문 기술) — 2026-08-28 발주처 지시에 따라 tech_id에 ';'로 연결해 복수 기입. [근거자료] ESA_WorldCover_10m_2021_v200_*_Map.tif (Discrete Classification, 등급 10~95) · FAOSTAT Land Cover(LC) Item=Artificial surfaces 등"",""나지_희박식생_면적_km"":3.263,""레코드_키"":""VNM.61_1"",""맹그로브_면적_km"":0,""수목_면적_km"":691.451,""연도"":2021,""영구수체_면적_km"":105.823,""전국_값"":null,""전국_단위"":null,""전국_지표명"":null,""지역명_로마자"":""VinhLong"",""지역명_베트남어"":""VĩnhLong"",""초본습지_면적_km"":0.271,""초지_면적_km"":22.621,""합계_km"":1530.879,""행정단위"":""Province""}",,ESA WorldCover 10m v200(2021) 격자를 GADM 4.1 ADM1 폴리곤으로 zonal 집계. 주 기술 23(탄소 흡수원) · 부 기술 35(산림·생태계 부문) — tech_id에 ';'로 연결해 복수 기입(2026-08-28 발주처 지시),,,,B-037.xlsx,1.2_entity(레코드형),64,
B-037,"토지피복 분류별 면적[경작지, 산림, 초지, 건물, 수체, 나지]",entity,v124-b-037-entity-00055,B-037_landcover_adm1,VNM,,,,,,,,,VNM.20_1,21.779446,102.895071,"{""2025_개편_후_소속_34개_체계"":""Điện Biên"",""건물_인공지표_면적_km"":40.95,""경계_면적_km_GADM"":9480.4,""경계_좌표_산출근거"":""경계는 GADM 4.1 ADM1(2022년판, 2025년 개편 이전 63개 성). 대표좌표는 최대 폴리곤의 내부 보장 대표점. 좌표계 EPSG:4326. GFW·CCKP 의 성 단위 집계도 GADM 경계 기준이므로 값과 경계의 출처 체계가 일치. 2025-07-01 시행 결의 202/2025/QH15 의 34개 체계 대응은 별도 속성에 병기."",""경계_폴리곤_파일"":""[공통]VNM_admin1_GADM41_63.geojson"",""경작지_면적_km"":452.411,""관목_면적_km"":0,""기후기술_연계_근거"":""간접 · 원천 자체 분류 — ESA WorldCover 가 토지피복 등급을 Tree cover·Cropland·Built-up 등으로 정의·배포하며, 수목 피복 면적은 탄소 흡수원의 물리적 기반, 경작지·건물 면적은 토지이용 변화의 기준이 됨. 주 기술 23(탄소 흡수원), 부 기술 35(산림·생태계 부문 기술) — 2026-08-28 발주처 지시에 따라 tech_id에 ';'로 연결해 복수 기입. [근거자료] ESA_WorldCover_10m_2021_v200_*_Map.tif (Discrete Classification, 등급 10~95) · FAOSTAT Land Cover(LC) Item=Artificial surfaces 등"",""나지_희박식생_면적_km"":11.06,""레코드_키"":""VNM.20_1"",""맹그로브_면적_km"":0,""수목_면적_km"":6253.032,""연도"":2021,""영구수체_면적_km"":31.501,""전국_값"":null,""전국_단위"":null,""전국_지표명"":null,""지역명_로마자"":""DienBien"",""지역명_베트남어"":""ĐiệnBiên"",""초본습지_면적_km"":0,""초지_면적_km"":2738.645,""합계_km"":9527.599,""행정단위"":""Province""}",,ESA WorldCover 10m v200(2021) 격자를 GADM 4.1 ADM1 폴리곤으로 zonal 집계. 주 기술 23(탄소 흡수원) · 부 기술 35(산림·생태계 부문) — tech_id에 ';'로 연결해 복수 기입(2026-08-28 발주처 지시),,,,B-037.xlsx,1.2_entity(레코드형),23,
B-037,"토지피복 분류별 면적[경작지, 산림, 초지, 건물, 수체, 나지]",entity,v124-b-037-entity-00056,B-037_landcover_adm1,VNM,,,,,,,,,VNM.19_1,16.079267,108.120978,"{""2025_개편_후_소속_34개_체계"":""Đà Nẵng"",""건물_인공지표_면적_km"":113.168,""경계_면적_km_GADM"":981.4,""경계_좌표_산출근거"":""경계는 GADM 4.1 ADM1(2022년판, 2025년 개편 이전 63개 성). 대표좌표는 최대 폴리곤의 내부 보장 대표점. 좌표계 EPSG:4326. GFW·CCKP 의 성 단위 집계도 GADM 경계 기준이므로 값과 경계의 출처 체계가 일치. 2025-07-01 시행 결의 202/2025/QH15 의 34개 체계 대응은 별도 속성에 병기."",""경계_폴리곤_파일"":""[공통]VNM_admin1_GADM41_63.geojson"",""경작지_면적_km"":34.78,""관목_면적_km"":0.005,""기후기술_연계_근거"":""간접 · 원천 자체 분류 — ESA WorldCover 가 토지피복 등급을 Tree cover·Cropland·Built-up 등으로 정의·배포하며, 수목 피복 면적은 탄소 흡수원의 물리적 기반, 경작지·건물 면적은 토지이용 변화의 기준이 됨. 주 기술 23(탄소 흡수원), 부 기술 35(산림·생태계 부문 기술) — 2026-08-28 발주처 지시에 따라 tech_id에 ';'로 연결해 복수 기입. [근거자료] ESA_WorldCover_10m_2021_v200_*_Map.tif (Discrete Classification, 등급 10~95) · FAOSTAT Land Cover(LC) Item=Artificial surfaces 등"",""나지_희박식생_면적_km"":17.103,""레코드_키"":""VNM.19_1"",""맹그로브_면적_km"":0,""수목_면적_km"":713.293,""연도"":2021,""영구수체_면적_km"":22.835,""전국_값"":null,""전국_단위"":null,""전국_지표명"":null,""지역명_로마자"":""DaNang"",""지역명_베트남어"":""ĐàNẵng"",""초본습지_면적_km"":0.058,""초지_면적_km"":84.627,""합계_km"":985.869,""행정단위"":""City""}",,ESA WorldCover 10m v200(2021) 격자를 GADM 4.1 ADM1 폴리곤으로 zonal 집계. 주 기술 23(탄소 흡수원) · 부 기술 35(산림·생태계 부문) — tech_id에 ';'로 연결해 복수 기입(2026-08-28 발주처 지시),,,,B-037.xlsx,1.2_entity(레코드형),22,
B-037,"토지피복 분류별 면적[경작지, 산림, 초지, 건물, 수체, 나지]",entity,v124-b-037-entity-00057,B-037_landcover_adm1,VNM,,,,,,,,,VNM.47_1,15.553615,107.891741,"{""2025_개편_후_소속_34개_체계"":""Đà Nẵng"",""건물_인공지표_면적_km"":204.75,""경계_면적_km_GADM"":10564.6,""경계_좌표_산출근거"":""경계는 GADM 4.1 ADM1(2022년판, 2025년 개편 이전 63개 성). 대표좌표는 최대 폴리곤의 내부 보장 대표점. 좌표계 EPSG:4326. GFW·CCKP 의 성 단위 집계도 GADM 경계 기준이므로 값과 경계의 출처 체계가 일치. 2025-07-01 시행 결의 202/2025/QH15 의 34개 체계 대응은 별도 속성에 병기."",""경계_폴리곤_파일"":""[공통]VNM_admin1_GADM41_63.geojson"",""경작지_면적_km"":560.469,""관목_면적_km"":2.151,""기후기술_연계_근거"":""간접 · 원천 자체 분류 — ESA WorldCover 가 토지피복 등급을 Tree cover·Cropland·Built-up 등으로 정의·배포하며, 수목 피복 면적은 탄소 흡수원의 물리적 기반, 경작지·건물 면적은 토지이용 변화의 기준이 됨. 주 기술 23(탄소 흡수원), 부 기술 35(산림·생태계 부문 기술) — 2026-08-28 발주처 지시에 따라 tech_id에 ';'로 연결해 복수 기입. [근거자료] ESA_WorldCover_10m_2021_v200_*_Map.tif (Discrete Classification, 등급 10~95) · FAOSTAT Land Cover(LC) Item=Artificial surfaces 등"",""나지_희박식생_면적_km"":84.257,""레코드_키"":""VNM.47_1"",""맹그로브_면적_km"":0,""수목_면적_km"":8572.881,""연도"":2021,""영구수체_면적_km"":240.605,""전국_값"":null,""전국_단위"":null,""전국_지표명"":null,""지역명_로마자"":""QuangNam"",""지역명_베트남어"":""QuảngNam"",""초본습지_면적_km"":0.655,""초지_면적_km"":944.693,""합계_km"":10610.461,""행정단위"":""Province""}",,ESA WorldCover 10m v200(2021) 격자를 GADM 4.1 ADM1 폴리곤으로 zonal 집계. 주 기술 23(탄소 흡수원) · 부 기술 35(산림·생태계 부문) — tech_id에 ';'로 연결해 복수 기입(2026-08-28 발주처 지시),,,,B-037.xlsx,1.2_entity(레코드형),50,
B-037,"토지피복 분류별 면적[경작지, 산림, 초지, 건물, 수체, 나지]",entity,v124-b-037-entity-00058,B-037_landcover_adm1,VNM,,,,,,,,,VNM.45_1,13.222164,109.079619,"{""2025_개편_후_소속_34개_체계"":""Đắk Lắk"",""건물_인공지표_면적_km"":112.861,""경계_면적_km_GADM"":5026.3,""경계_좌표_산출근거"":""경계는 GADM 4.1 ADM1(2022년판, 2025년 개편 이전 63개 성). 대표좌표는 최대 폴리곤의 내부 보장 대표점. 좌표계 EPSG:4326. GFW·CCKP 의 성 단위 집계도 GADM 경계 기준이므로 값과 경계의 출처 체계가 일치. 2025-07-01 시행 결의 202/2025/QH15 의 34개 체계 대응은 별도 속성에 병기."",""경계_폴리곤_파일"":""[공통]VNM_admin1_GADM41_63.geojson"",""경작지_면적_km"":744.946,""관목_면적_km"":0.266,""기후기술_연계_근거"":""간접 · 원천 자체 분류 — ESA WorldCover 가 토지피복 등급을 Tree cover·Cropland·Built-up 등으로 정의·배포하며, 수목 피복 면적은 탄소 흡수원의 물리적 기반, 경작지·건물 면적은 토지이용 변화의 기준이 됨. 주 기술 23(탄소 흡수원), 부 기술 35(산림·생태계 부문 기술) — 2026-08-28 발주처 지시에 따라 tech_id에 ';'로 연결해 복수 기입. [근거자료] ESA_WorldCover_10m_2021_v200_*_Map.tif (Discrete Classification, 등급 10~95) · FAOSTAT Land Cover(LC) Item=Artificial surfaces 등"",""나지_희박식생_면적_km"":37.216,""레코드_키"":""VNM.45_1"",""맹그로브_면적_km"":0,""수목_면적_km"":3438.735,""연도"":2021,""영구수체_면적_km"":157.717,""전국_값"":null,""전국_단위"":null,""전국_지표명"":null,""지역명_로마자"":""PhuYen"",""지역명_베트남어"":""PhúYên"",""초본습지_면적_km"":0.655,""초지_면적_km"":557.612,""합계_km"":5050.009,""행정단위"":""Province""}",,ESA WorldCover 10m v200(2021) 격자를 GADM 4.1 ADM1 폴리곤으로 zonal 집계. 주 기술 23(탄소 흡수원) · 부 기술 35(산림·생태계 부문) — tech_id에 ';'로 연결해 복수 기입(2026-08-28 발주처 지시),,,,B-037.xlsx,1.2_entity(레코드형),48,
B-037,"토지피복 분류별 면적[경작지, 산림, 초지, 건물, 수체, 나지]",entity,v124-b-037-entity-00059,B-037_landcover_adm1,VNM,,,,,,,,,VNM.15_1,12.74216,108.273728,"{""2025_개편_후_소속_34개_체계"":""Đắk Lắk"",""건물_인공지표_면적_km"":245.487,""경계_면적_km_GADM"":13021.5,""경계_좌표_산출근거"":""경계는 GADM 4.1 ADM1(2022년판, 2025년 개편 이전 63개 성). 대표좌표는 최대 폴리곤의 내부 보장 대표점. 좌표계 EPSG:4326. GFW·CCKP 의 성 단위 집계도 GADM 경계 기준이므로 값과 경계의 출처 체계가 일치. 2025-07-01 시행 결의 202/2025/QH15 의 34개 체계 대응은 별도 속성에 병기."",""경계_폴리곤_파일"":""[공통]VNM_admin1_GADM41_63.geojson"",""경작지_면적_km"":1892.096,""관목_면적_km"":1.246,""기후기술_연계_근거"":""간접 · 원천 자체 분류 — ESA WorldCover 가 토지피복 등급을 Tree cover·Cropland·Built-up 등으로 정의·배포하며, 수목 피복 면적은 탄소 흡수원의 물리적 기반, 경작지·건물 면적은 토지이용 변화의 기준이 됨. 주 기술 23(탄소 흡수원), 부 기술 35(산림·생태계 부문 기술) — 2026-08-28 발주처 지시에 따라 tech_id에 ';'로 연결해 복수 기입. [근거자료] ESA_WorldCover_10m_2021_v200_*_Map.tif (Discrete Classification, 등급 10~95) · FAOSTAT Land Cover(LC) Item=Artificial surfaces 등"",""나지_희박식생_면적_km"":24.476,""레코드_키"":""VNM.15_1"",""맹그로브_면적_km"":0,""수목_면적_km"":8280.563,""연도"":2021,""영구수체_면적_km"":127.136,""전국_값"":null,""전국_단위"":null,""전국_지표명"":null,""지역명_로마자"":""DakLak"",""지역명_베트남어"":""ĐắkLắk"",""초본습지_면적_km"":0.018,""초지_면적_km"":2504.932,""합계_km"":13075.955,""행정단위"":""Province""}",,ESA WorldCover 10m v200(2021) 격자를 GADM 4.1 ADM1 폴리곤으로 zonal 집계. 주 기술 23(탄소 흡수원) · 부 기술 35(산림·생태계 부문) — tech_id에 ';'로 연결해 복수 기입(2026-08-28 발주처 지시),,,,B-037.xlsx,1.2_entity(레코드형),18,
B-037,"토지피복 분류별 면적[경작지, 산림, 초지, 건물, 수체, 나지]",entity,v124-b-037-entity-00060,B-037_landcover_adm1,VNM,,,,,,,,,VNM.10_1,11.724829,106.903362,"{""2025_개편_후_소속_34개_체계"":""Đồng Nai"",""건물_인공지표_면적_km"":132.485,""경계_면적_km_GADM"":6863.8,""경계_좌표_산출근거"":""경계는 GADM 4.1 ADM1(2022년판, 2025년 개편 이전 63개 성). 대표좌표는 최대 폴리곤의 내부 보장 대표점. 좌표계 EPSG:4326. GFW·CCKP 의 성 단위 집계도 GADM 경계 기준이므로 값과 경계의 출처 체계가 일치. 2025-07-01 시행 결의 202/2025/QH15 의 34개 체계 대응은 별도 속성에 병기."",""경계_폴리곤_파일"":""[공통]VNM_admin1_GADM41_63.geojson"",""경작지_면적_km"":217.044,""관목_면적_km"":0.024,""기후기술_연계_근거"":""간접 · 원천 자체 분류 — ESA WorldCover 가 토지피복 등급을 Tree cover·Cropland·Built-up 등으로 정의·배포하며, 수목 피복 면적은 탄소 흡수원의 물리적 기반, 경작지·건물 면적은 토지이용 변화의 기준이 됨. 주 기술 23(탄소 흡수원), 부 기술 35(산림·생태계 부문 기술) — 2026-08-28 발주처 지시에 따라 tech_id에 ';'로 연결해 복수 기입. [근거자료] ESA_WorldCover_10m_2021_v200_*_Map.tif (Discrete Classification, 등급 10~95) · FAOSTAT Land Cover(LC) Item=Artificial surfaces 등"",""나지_희박식생_면적_km"":23.508,""레코드_키"":""VNM.10_1"",""맹그로브_면적_km"":0,""수목_면적_km"":5905.906,""연도"":2021,""영구수체_면적_km"":140.934,""전국_값"":null,""전국_단위"":null,""전국_지표명"":null,""지역명_로마자"":""BinhPhuoc"",""지역명_베트남어"":""BìnhPhước"",""초본습지_면적_km"":0.81,""초지_면적_km"":473.345,""합계_km"":6894.057,""행정단위"":""Province""}",,ESA WorldCover 10m v200(2021) 격자를 GADM 4.1 ADM1 폴리곤으로 zonal 집계. 주 기술 23(탄소 흡수원) · 부 기술 35(산림·생태계 부문) — tech_id에 ';'로 연결해 복수 기입(2026-08-28 발주처 지시),,,,B-037.xlsx,1.2_entity(레코드형),13,
B-037,"토지피복 분류별 면적[경작지, 산림, 초지, 건물, 수체, 나지]",entity,v124-b-037-entity-00061,B-037_landcover_adm1,VNM,,,,,,,,,VNM.17_1,11.103906,107.177419,"{""2025_개편_후_소속_34개_체계"":""Đồng Nai"",""건물_인공지표_면적_km"":442.688,""경계_면적_km_GADM"":5858.3,""경계_좌표_산출근거"":""경계는 GADM 4.1 ADM1(2022년판, 2025년 개편 이전 63개 성). 대표좌표는 최대 폴리곤의 내부 보장 대표점. 좌표계 EPSG:4326. GFW·CCKP 의 성 단위 집계도 GADM 경계 기준이므로 값과 경계의 출처 체계가 일치. 2025-07-01 시행 결의 202/2025/QH15 의 34개 체계 대응은 별도 속성에 병기."",""경계_폴리곤_파일"":""[공통]VNM_admin1_GADM41_63.geojson"",""경작지_면적_km"":536.901,""관목_면적_km"":0.239,""기후기술_연계_근거"":""간접 · 원천 자체 분류 — ESA WorldCover 가 토지피복 등급을 Tree cover·Cropland·Built-up 등으로 정의·배포하며, 수목 피복 면적은 탄소 흡수원의 물리적 기반, 경작지·건물 면적은 토지이용 변화의 기준이 됨. 주 기술 23(탄소 흡수원), 부 기술 35(산림·생태계 부문 기술) — 2026-08-28 발주처 지시에 따라 tech_id에 ';'로 연결해 복수 기입. [근거자료] ESA_WorldCover_10m_2021_v200_*_Map.tif (Discrete Classification, 등급 10~95) · FAOSTAT Land Cover(LC) Item=Artificial surfaces 등"",""나지_희박식생_면적_km"":36.872,""레코드_키"":""VNM.17_1"",""맹그로브_면적_km"":65.025,""수목_면적_km"":3881.146,""연도"":2021,""영구수체_면적_km"":366.287,""전국_값"":null,""전국_단위"":null,""전국_지표명"":null,""지역명_로마자"":""DongNai"",""지역명_베트남어"":""ĐồngNai"",""초본습지_면적_km"":1.185,""초지_면적_km"":555.258,""합계_km"":5885.6,""행정단위"":""Province""}",,ESA WorldCover 10m v200(2021) 격자를 GADM 4.1 ADM1 폴리곤으로 zonal 집계. 주 기술 23(탄소 흡수원) · 부 기술 35(산림·생태계 부문) — tech_id에 ';'로 연결해 복수 기입(2026-08-28 발주처 지시),,,,B-037.xlsx,1.2_entity(레코드형),20,
B-037,"토지피복 분류별 면적[경작지, 산림, 초지, 건물, 수체, 나지]",entity,v124-b-037-entity-00062,B-037_landcover_adm1,VNM,,,,,,,,,VNM.18_1,10.574058,105.540918,"{""2025_개편_후_소속_34개_체계"":""Đồng Tháp"",""건물_인공지표_면적_km"":168.421,""경계_면적_km_GADM"":3387,""경계_좌표_산출근거"":""경계는 GADM 4.1 ADM1(2022년판, 2025년 개편 이전 63개 성). 대표좌표는 최대 폴리곤의 내부 보장 대표점. 좌표계 EPSG:4326. GFW·CCKP 의 성 단위 집계도 GADM 경계 기준이므로 값과 경계의 출처 체계가 일치. 2025-07-01 시행 결의 202/2025/QH15 의 34개 체계 대응은 별도 속성에 병기."",""경계_폴리곤_파일"":""[공통]VNM_admin1_GADM41_63.geojson"",""경작지_면적_km"":2196.186,""관목_면적_km"":4.562,""기후기술_연계_근거"":""간접 · 원천 자체 분류 — ESA WorldCover 가 토지피복 등급을 Tree cover·Cropland·Built-up 등으로 정의·배포하며, 수목 피복 면적은 탄소 흡수원의 물리적 기반, 경작지·건물 면적은 토지이용 변화의 기준이 됨. 주 기술 23(탄소 흡수원), 부 기술 35(산림·생태계 부문 기술) — 2026-08-28 발주처 지시에 따라 tech_id에 ';'로 연결해 복수 기입. [근거자료] ESA_WorldCover_10m_2021_v200_*_Map.tif (Discrete Classification, 등급 10~95) · FAOSTAT Land Cover(LC) Item=Artificial surfaces 등"",""나지_희박식생_면적_km"":14.413,""레코드_키"":""VNM.18_1"",""맹그로브_면적_km"":0,""수목_면적_km"":747.302,""연도"":2021,""영구수체_면적_km"":183.095,""전국_값"":null,""전국_단위"":null,""전국_지표명"":null,""지역명_로마자"":""DongThap"",""지역명_베트남어"":""ĐồngTháp"",""초본습지_면적_km"":3.931,""초지_면적_km"":84.441,""합계_km"":3402.351,""행정단위"":""Province""}",,ESA WorldCover 10m v200(2021) 격자를 GADM 4.1 ADM1 폴리곤으로 zonal 집계. 주 기술 23(탄소 흡수원) · 부 기술 35(산림·생태계 부문) — tech_id에 ';'로 연결해 복수 기입(2026-08-28 발주처 지시),,,,B-037.xlsx,1.2_entity(레코드형),21,
B-037,"토지피복 분류별 면적[경작지, 산림, 초지, 건물, 수체, 나지]",entity,v124-b-037-entity-00063,B-037_landcover_adm1,VNM,,,,,,,,,VNM.58_1,10.40408,106.412041,"{""2025_개편_후_소속_34개_체계"":""Đồng Tháp"",""건물_인공지표_면적_km"":171.34,""경계_면적_km_GADM"":2404.2,""경계_좌표_산출근거"":""경계는 GADM 4.1 ADM1(2022년판, 2025년 개편 이전 63개 성). 대표좌표는 최대 폴리곤의 내부 보장 대표점. 좌표계 EPSG:4326. GFW·CCKP 의 성 단위 집계도 GADM 경계 기준이므로 값과 경계의 출처 체계가 일치. 2025-07-01 시행 결의 202/2025/QH15 의 34개 체계 대응은 별도 속성에 병기."",""경계_폴리곤_파일"":""[공통]VNM_admin1_GADM41_63.geojson"",""경작지_면적_km"":753.675,""관목_면적_km"":1.698,""기후기술_연계_근거"":""간접 · 원천 자체 분류 — ESA WorldCover 가 토지피복 등급을 Tree cover·Cropland·Built-up 등으로 정의·배포하며, 수목 피복 면적은 탄소 흡수원의 물리적 기반, 경작지·건물 면적은 토지이용 변화의 기준이 됨. 주 기술 23(탄소 흡수원), 부 기술 35(산림·생태계 부문 기술) — 2026-08-28 발주처 지시에 따라 tech_id에 ';'로 연결해 복수 기입. [근거자료] ESA_WorldCover_10m_2021_v200_*_Map.tif (Discrete Classification, 등급 10~95) · FAOSTAT Land Cover(LC) Item=Artificial surfaces 등"",""나지_희박식생_면적_km"":11.332,""레코드_키"":""VNM.58_1"",""맹그로브_면적_km"":9.786,""수목_면적_km"":1148.619,""연도"":2021,""영구수체_면적_km"":193.049,""전국_값"":null,""전국_단위"":null,""전국_지표명"":null,""지역명_로마자"":""TienGiang"",""지역명_베트남어"":""TiềnGiang"",""초본습지_면적_km"":1.686,""초지_면적_km"":123.934,""합계_km"":2415.118,""행정단위"":""Province""}",,ESA WorldCover 10m v200(2021) 격자를 GADM 4.1 ADM1 폴리곤으로 zonal 집계. 주 기술 23(탄소 흡수원) · 부 기술 35(산림·생태계 부문) — tech_id에 ';'로 연결해 복수 기입(2026-08-28 발주처 지시),,,,B-037.xlsx,1.2_entity(레코드형),61,
B-037,"토지피복 분류별 면적[경작지, 산림, 초지, 건물, 수체, 나지]",entity,v124-b-037-entity-00064,B-037_landcover_national,VNM,,,,,,,,,토지피복 면적 — 시가화지역(인공지표),,,"{""2025_개편_후_소속_34개_체계"":""전국(개편 무관)"",""건물_인공지표_면적_km"":null,""경계_면적_km_GADM"":null,""경계_좌표_산출근거"":""전국 집계값 — 좌표·폴리곤 없음."",""경계_폴리곤_파일"":null,""경작지_면적_km"":null,""관목_면적_km"":null,""기후기술_연계_근거"":""간접 · 원천 자체 분류 — ESA WorldCover 가 토지피복 등급을 Tree cover·Cropland·Built-up 등으로 정의·배포하며, 수목 피복 면적은 탄소 흡수원의 물리적 기반, 경작지·건물 면적은 토지이용 변화의 기준이 됨. 주 기술 23(탄소 흡수원), 부 기술 35(산림·생태계 부문 기술) — 2026-08-28 발주처 지시에 따라 tech_id에 ';'로 연결해 복수 기입. [근거자료] ESA_WorldCover_10m_2021_v200_*_Map.tif (Discrete Classification, 등급 10~95) · FAOSTAT Land Cover(LC) Item=Artificial surfaces 등"",""나지_희박식생_면적_km"":null,""레코드_키"":""VNM_lc_artificial_surface_1992"",""맹그로브_면적_km"":null,""수목_면적_km"":null,""연도"":1992,""영구수체_면적_km"":null,""전국_값"":73.27,""전국_단위"":""1000 ha"",""전국_지표명"":""토지피복 면적 — 시가화지역(인공지표)"",""지역명_로마자"":""Viet Nam"",""지역명_베트남어"":""Việt Nam"",""초본습지_면적_km"":null,""초지_면적_km"":null,""합계_km"":null,""행정단위"":""Country""}",,전국 · 토지피복 면적 — 시가화지역(인공지표) · [실적치] · FAOSTAT Land Cover · Area from CCI_LC (Flag=E),,,,B-037.xlsx,1.2_entity(레코드형),67,
B-037,"토지피복 분류별 면적[경작지, 산림, 초지, 건물, 수체, 나지]",entity,v124-b-037-entity-00065,B-037_landcover_national,VNM,,,,,,,,,토지피복 면적 — 시가화지역(인공지표),,,"{""2025_개편_후_소속_34개_체계"":""전국(개편 무관)"",""건물_인공지표_면적_km"":null,""경계_면적_km_GADM"":null,""경계_좌표_산출근거"":""전국 집계값 — 좌표·폴리곤 없음."",""경계_폴리곤_파일"":null,""경작지_면적_km"":null,""관목_면적_km"":null,""기후기술_연계_근거"":""간접 · 원천 자체 분류 — ESA WorldCover 가 토지피복 등급을 Tree cover·Cropland·Built-up 등으로 정의·배포하며, 수목 피복 면적은 탄소 흡수원의 물리적 기반, 경작지·건물 면적은 토지이용 변화의 기준이 됨. 주 기술 23(탄소 흡수원), 부 기술 35(산림·생태계 부문 기술) — 2026-08-28 발주처 지시에 따라 tech_id에 ';'로 연결해 복수 기입. [근거자료] ESA_WorldCover_10m_2021_v200_*_Map.tif (Discrete Classification, 등급 10~95) · FAOSTAT Land Cover(LC) Item=Artificial surfaces 등"",""나지_희박식생_면적_km"":null,""레코드_키"":""VNM_lc_artificial_surface_1993"",""맹그로브_면적_km"":null,""수목_면적_km"":null,""연도"":1993,""영구수체_면적_km"":null,""전국_값"":75.35,""전국_단위"":""1000 ha"",""전국_지표명"":""토지피복 면적 — 시가화지역(인공지표)"",""지역명_로마자"":""Viet Nam"",""지역명_베트남어"":""Việt Nam"",""초본습지_면적_km"":null,""초지_면적_km"":null,""합계_km"":null,""행정단위"":""Country""}",,전국 · 토지피복 면적 — 시가화지역(인공지표) · [실적치] · FAOSTAT Land Cover · Area from CCI_LC (Flag=E),,,,B-037.xlsx,1.2_entity(레코드형),68,
B-037,"토지피복 분류별 면적[경작지, 산림, 초지, 건물, 수체, 나지]",entity,v124-b-037-entity-00066,B-037_landcover_national,VNM,,,,,,,,,토지피복 면적 — 시가화지역(인공지표),,,"{""2025_개편_후_소속_34개_체계"":""전국(개편 무관)"",""건물_인공지표_면적_km"":null,""경계_면적_km_GADM"":null,""경계_좌표_산출근거"":""전국 집계값 — 좌표·폴리곤 없음."",""경계_폴리곤_파일"":null,""경작지_면적_km"":null,""관목_면적_km"":null,""기후기술_연계_근거"":""간접 · 원천 자체 분류 — ESA WorldCover 가 토지피복 등급을 Tree cover·Cropland·Built-up 등으로 정의·배포하며, 수목 피복 면적은 탄소 흡수원의 물리적 기반, 경작지·건물 면적은 토지이용 변화의 기준이 됨. 주 기술 23(탄소 흡수원), 부 기술 35(산림·생태계 부문 기술) — 2026-08-28 발주처 지시에 따라 tech_id에 ';'로 연결해 복수 기입. [근거자료] ESA_WorldCover_10m_2021_v200_*_Map.tif (Discrete Classification, 등급 10~95) · FAOSTAT Land Cover(LC) Item=Artificial surfaces 등"",""나지_희박식생_면적_km"":null,""레코드_키"":""VNM_lc_artificial_surface_1994"",""맹그로브_면적_km"":null,""수목_면적_km"":null,""연도"":1994,""영구수체_면적_km"":null,""전국_값"":77.4,""전국_단위"":""1000 ha"",""전국_지표명"":""토지피복 면적 — 시가화지역(인공지표)"",""지역명_로마자"":""Viet Nam"",""지역명_베트남어"":""Việt Nam"",""초본습지_면적_km"":null,""초지_면적_km"":null,""합계_km"":null,""행정단위"":""Country""}",,전국 · 토지피복 면적 — 시가화지역(인공지표) · [실적치] · FAOSTAT Land Cover · Area from CCI_LC (Flag=E),,,,B-037.xlsx,1.2_entity(레코드형),69,
B-037,"토지피복 분류별 면적[경작지, 산림, 초지, 건물, 수체, 나지]",entity,v124-b-037-entity-00067,B-037_landcover_national,VNM,,,,,,,,,토지피복 면적 — 시가화지역(인공지표),,,"{""2025_개편_후_소속_34개_체계"":""전국(개편 무관)"",""건물_인공지표_면적_km"":null,""경계_면적_km_GADM"":null,""경계_좌표_산출근거"":""전국 집계값 — 좌표·폴리곤 없음."",""경계_폴리곤_파일"":null,""경작지_면적_km"":null,""관목_면적_km"":null,""기후기술_연계_근거"":""간접 · 원천 자체 분류 — ESA WorldCover 가 토지피복 등급을 Tree cover·Cropland·Built-up 등으로 정의·배포하며, 수목 피복 면적은 탄소 흡수원의 물리적 기반, 경작지·건물 면적은 토지이용 변화의 기준이 됨. 주 기술 23(탄소 흡수원), 부 기술 35(산림·생태계 부문 기술) — 2026-08-28 발주처 지시에 따라 tech_id에 ';'로 연결해 복수 기입. [근거자료] ESA_WorldCover_10m_2021_v200_*_Map.tif (Discrete Classification, 등급 10~95) · FAOSTAT Land Cover(LC) Item=Artificial surfaces 등"",""나지_희박식생_면적_km"":null,""레코드_키"":""VNM_lc_artificial_surface_1995"",""맹그로브_면적_km"":null,""수목_면적_km"":null,""연도"":1995,""영구수체_면적_km"":null,""전국_값"":79.58,""전국_단위"":""1000 ha"",""전국_지표명"":""토지피복 면적 — 시가화지역(인공지표)"",""지역명_로마자"":""Viet Nam"",""지역명_베트남어"":""Việt Nam"",""초본습지_면적_km"":null,""초지_면적_km"":null,""합계_km"":null,""행정단위"":""Country""}",,전국 · 토지피복 면적 — 시가화지역(인공지표) · [실적치] · FAOSTAT Land Cover · Area from CCI_LC (Flag=E),,,,B-037.xlsx,1.2_entity(레코드형),70,
B-037,"토지피복 분류별 면적[경작지, 산림, 초지, 건물, 수체, 나지]",entity,v124-b-037-entity-00068,B-037_landcover_national,VNM,,,,,,,,,토지피복 면적 — 시가화지역(인공지표),,,"{""2025_개편_후_소속_34개_체계"":""전국(개편 무관)"",""건물_인공지표_면적_km"":null,""경계_면적_km_GADM"":null,""경계_좌표_산출근거"":""전국 집계값 — 좌표·폴리곤 없음."",""경계_폴리곤_파일"":null,""경작지_면적_km"":null,""관목_면적_km"":null,""기후기술_연계_근거"":""간접 · 원천 자체 분류 — ESA WorldCover 가 토지피복 등급을 Tree cover·Cropland·Built-up 등으로 정의·배포하며, 수목 피복 면적은 탄소 흡수원의 물리적 기반, 경작지·건물 면적은 토지이용 변화의 기준이 됨. 주 기술 23(탄소 흡수원), 부 기술 35(산림·생태계 부문 기술) — 2026-08-28 발주처 지시에 따라 tech_id에 ';'로 연결해 복수 기입. [근거자료] ESA_WorldCover_10m_2021_v200_*_Map.tif (Discrete Classification, 등급 10~95) · FAOSTAT Land Cover(LC) Item=Artificial surfaces 등"",""나지_희박식생_면적_km"":null,""레코드_키"":""VNM_lc_artificial_surface_1996"",""맹그로브_면적_km"":null,""수목_면적_km"":null,""연도"":1996,""영구수체_면적_km"":null,""전국_값"":81.3,""전국_단위"":""1000 ha"",""전국_지표명"":""토지피복 면적 — 시가화지역(인공지표)"",""지역명_로마자"":""Viet Nam"",""지역명_베트남어"":""Việt Nam"",""초본습지_면적_km"":null,""초지_면적_km"":null,""합계_km"":null,""행정단위"":""Country""}",,전국 · 토지피복 면적 — 시가화지역(인공지표) · [실적치] · FAOSTAT Land Cover · Area from CCI_LC (Flag=E),,,,B-037.xlsx,1.2_entity(레코드형),71,
B-037,"토지피복 분류별 면적[경작지, 산림, 초지, 건물, 수체, 나지]",entity,v124-b-037-entity-00069,B-037_landcover_national,VNM,,,,,,,,,토지피복 면적 — 시가화지역(인공지표),,,"{""2025_개편_후_소속_34개_체계"":""전국(개편 무관)"",""건물_인공지표_면적_km"":null,""경계_면적_km_GADM"":null,""경계_좌표_산출근거"":""전국 집계값 — 좌표·폴리곤 없음."",""경계_폴리곤_파일"":null,""경작지_면적_km"":null,""관목_면적_km"":null,""기후기술_연계_근거"":""간접 · 원천 자체 분류 — ESA WorldCover 가 토지피복 등급을 Tree cover·Cropland·Built-up 등으로 정의·배포하며, 수목 피복 면적은 탄소 흡수원의 물리적 기반, 경작지·건물 면적은 토지이용 변화의 기준이 됨. 주 기술 23(탄소 흡수원), 부 기술 35(산림·생태계 부문 기술) — 2026-08-28 발주처 지시에 따라 tech_id에 ';'로 연결해 복수 기입. [근거자료] ESA_WorldCover_10m_2021_v200_*_Map.tif (Discrete Classification, 등급 10~95) · FAOSTAT Land Cover(LC) Item=Artificial surfaces 등"",""나지_희박식생_면적_km"":null,""레코드_키"":""VNM_lc_artificial_surface_1997"",""맹그로브_면적_km"":null,""수목_면적_km"":null,""연도"":1997,""영구수체_면적_km"":null,""전국_값"":83.21,""전국_단위"":""1000 ha"",""전국_지표명"":""토지피복 면적 — 시가화지역(인공지표)"",""지역명_로마자"":""Viet Nam"",""지역명_베트남어"":""Việt Nam"",""초본습지_면적_km"":null,""초지_면적_km"":null,""합계_km"":null,""행정단위"":""Country""}",,전국 · 토지피복 면적 — 시가화지역(인공지표) · [실적치] · FAOSTAT Land Cover · Area from CCI_LC (Flag=E),,,,B-037.xlsx,1.2_entity(레코드형),72,
B-037,"토지피복 분류별 면적[경작지, 산림, 초지, 건물, 수체, 나지]",entity,v124-b-037-entity-00070,B-037_landcover_national,VNM,,,,,,,,,토지피복 면적 — 시가화지역(인공지표),,,"{""2025_개편_후_소속_34개_체계"":""전국(개편 무관)"",""건물_인공지표_면적_km"":null,""경계_면적_km_GADM"":null,""경계_좌표_산출근거"":""전국 집계값 — 좌표·폴리곤 없음."",""경계_폴리곤_파일"":null,""경작지_면적_km"":null,""관목_면적_km"":null,""기후기술_연계_근거"":""간접 · 원천 자체 분류 — ESA WorldCover 가 토지피복 등급을 Tree cover·Cropland·Built-up 등으로 정의·배포하며, 수목 피복 면적은 탄소 흡수원의 물리적 기반, 경작지·건물 면적은 토지이용 변화의 기준이 됨. 주 기술 23(탄소 흡수원), 부 기술 35(산림·생태계 부문 기술) — 2026-08-28 발주처 지시에 따라 tech_id에 ';'로 연결해 복수 기입. [근거자료] ESA_WorldCover_10m_2021_v200_*_Map.tif (Discrete Classification, 등급 10~95) · FAOSTAT Land Cover(LC) Item=Artificial surfaces 등"",""나지_희박식생_면적_km"":null,""레코드_키"":""VNM_lc_artificial_surface_1998"",""맹그로브_면적_km"":null,""수목_면적_km"":null,""연도"":1998,""영구수체_면적_km"":null,""전국_값"":85.4,""전국_단위"":""1000 ha"",""전국_지표명"":""토지피복 면적 — 시가화지역(인공지표)"",""지역명_로마자"":""Viet Nam"",""지역명_베트남어"":""Việt Nam"",""초본습지_면적_km"":null,""초지_면적_km"":null,""합계_km"":null,""행정단위"":""Country""}",,전국 · 토지피복 면적 — 시가화지역(인공지표) · [실적치] · FAOSTAT Land Cover · Area from CCI_LC (Flag=E),,,,B-037.xlsx,1.2_entity(레코드형),73,
B-037,"토지피복 분류별 면적[경작지, 산림, 초지, 건물, 수체, 나지]",entity,v124-b-037-entity-00071,B-037_landcover_national,VNM,,,,,,,,,토지피복 면적 — 시가화지역(인공지표),,,"{""2025_개편_후_소속_34개_체계"":""전국(개편 무관)"",""건물_인공지표_면적_km"":null,""경계_면적_km_GADM"":null,""경계_좌표_산출근거"":""전국 집계값 — 좌표·폴리곤 없음."",""경계_폴리곤_파일"":null,""경작지_면적_km"":null,""관목_면적_km"":null,""기후기술_연계_근거"":""간접 · 원천 자체 분류 — ESA WorldCover 가 토지피복 등급을 Tree cover·Cropland·Built-up 등으로 정의·배포하며, 수목 피복 면적은 탄소 흡수원의 물리적 기반, 경작지·건물 면적은 토지이용 변화의 기준이 됨. 주 기술 23(탄소 흡수원), 부 기술 35(산림·생태계 부문 기술) — 2026-08-28 발주처 지시에 따라 tech_id에 ';'로 연결해 복수 기입. [근거자료] ESA_WorldCover_10m_2021_v200_*_Map.tif (Discrete Classification, 등급 10~95) · FAOSTAT Land Cover(LC) Item=Artificial surfaces 등"",""나지_희박식생_면적_km"":null,""레코드_키"":""VNM_lc_artificial_surface_1999"",""맹그로브_면적_km"":null,""수목_면적_km"":null,""연도"":1999,""영구수체_면적_km"":null,""전국_값"":87.64,""전국_단위"":""1000 ha"",""전국_지표명"":""토지피복 면적 — 시가화지역(인공지표)"",""지역명_로마자"":""Viet Nam"",""지역명_베트남어"":""Việt Nam"",""초본습지_면적_km"":null,""초지_면적_km"":null,""합계_km"":null,""행정단위"":""Country""}",,전국 · 토지피복 면적 — 시가화지역(인공지표) · [실적치] · FAOSTAT Land Cover · Area from CCI_LC (Flag=E),,,,B-037.xlsx,1.2_entity(레코드형),74,
B-037,"토지피복 분류별 면적[경작지, 산림, 초지, 건물, 수체, 나지]",entity,v124-b-037-entity-00072,B-037_landcover_national,VNM,,,,,,,,,토지피복 면적 — 시가화지역(인공지표),,,"{""2025_개편_후_소속_34개_체계"":""전국(개편 무관)"",""건물_인공지표_면적_km"":null,""경계_면적_km_GADM"":null,""경계_좌표_산출근거"":""전국 집계값 — 좌표·폴리곤 없음."",""경계_폴리곤_파일"":null,""경작지_면적_km"":null,""관목_면적_km"":null,""기후기술_연계_근거"":""간접 · 원천 자체 분류 — ESA WorldCover 가 토지피복 등급을 Tree cover·Cropland·Built-up 등으로 정의·배포하며, 수목 피복 면적은 탄소 흡수원의 물리적 기반, 경작지·건물 면적은 토지이용 변화의 기준이 됨. 주 기술 23(탄소 흡수원), 부 기술 35(산림·생태계 부문 기술) — 2026-08-28 발주처 지시에 따라 tech_id에 ';'로 연결해 복수 기입. [근거자료] ESA_WorldCover_10m_2021_v200_*_Map.tif (Discrete Classification, 등급 10~95) · FAOSTAT Land Cover(LC) Item=Artificial surfaces 등"",""나지_희박식생_면적_km"":null,""레코드_키"":""VNM_lc_artificial_surface_2000"",""맹그로브_면적_km"":null,""수목_면적_km"":null,""연도"":2000,""영구수체_면적_km"":null,""전국_값"":90.04,""전국_단위"":""1000 ha"",""전국_지표명"":""토지피복 면적 — 시가화지역(인공지표)"",""지역명_로마자"":""Viet Nam"",""지역명_베트남어"":""Việt Nam"",""초본습지_면적_km"":null,""초지_면적_km"":null,""합계_km"":null,""행정단위"":""Country""}",,전국 · 토지피복 면적 — 시가화지역(인공지표) · [실적치] · FAOSTAT Land Cover · Area from CCI_LC (Flag=E),,,,B-037.xlsx,1.2_entity(레코드형),75,
B-037,"토지피복 분류별 면적[경작지, 산림, 초지, 건물, 수체, 나지]",entity,v124-b-037-entity-00073,B-037_landcover_national,VNM,,,,,,,,,토지피복 면적 — 시가화지역(인공지표),,,"{""2025_개편_후_소속_34개_체계"":""전국(개편 무관)"",""건물_인공지표_면적_km"":null,""경계_면적_km_GADM"":null,""경계_좌표_산출근거"":""전국 집계값 — 좌표·폴리곤 없음."",""경계_폴리곤_파일"":null,""경작지_면적_km"":null,""관목_면적_km"":null,""기후기술_연계_근거"":""간접 · 원천 자체 분류 — ESA WorldCover 가 토지피복 등급을 Tree cover·Cropland·Built-up 등으로 정의·배포하며, 수목 피복 면적은 탄소 흡수원의 물리적 기반, 경작지·건물 면적은 토지이용 변화의 기준이 됨. 주 기술 23(탄소 흡수원), 부 기술 35(산림·생태계 부문 기술) — 2026-08-28 발주처 지시에 따라 tech_id에 ';'로 연결해 복수 기입. [근거자료] ESA_WorldCover_10m_2021_v200_*_Map.tif (Discrete Classification, 등급 10~95) · FAOSTAT Land Cover(LC) Item=Artificial surfaces 등"",""나지_희박식생_면적_km"":null,""레코드_키"":""VNM_lc_artificial_surface_2001"",""맹그로브_면적_km"":null,""수목_면적_km"":null,""연도"":2001,""영구수체_면적_km"":null,""전국_값"":94.53,""전국_단위"":""1000 ha"",""전국_지표명"":""토지피복 면적 — 시가화지역(인공지표)"",""지역명_로마자"":""Viet Nam"",""지역명_베트남어"":""Việt Nam"",""초본습지_면적_km"":null,""초지_면적_km"":null,""합계_km"":null,""행정단위"":""Country""}",,전국 · 토지피복 면적 — 시가화지역(인공지표) · [실적치] · FAOSTAT Land Cover · Area from CCI_LC (Flag=E),,,,B-037.xlsx,1.2_entity(레코드형),76,
B-037,"토지피복 분류별 면적[경작지, 산림, 초지, 건물, 수체, 나지]",entity,v124-b-037-entity-00074,B-037_landcover_national,VNM,,,,,,,,,토지피복 면적 — 시가화지역(인공지표),,,"{""2025_개편_후_소속_34개_체계"":""전국(개편 무관)"",""건물_인공지표_면적_km"":null,""경계_면적_km_GADM"":null,""경계_좌표_산출근거"":""전국 집계값 — 좌표·폴리곤 없음."",""경계_폴리곤_파일"":null,""경작지_면적_km"":null,""관목_면적_km"":null,""기후기술_연계_근거"":""간접 · 원천 자체 분류 — ESA WorldCover 가 토지피복 등급을 Tree cover·Cropland·Built-up 등으로 정의·배포하며, 수목 피복 면적은 탄소 흡수원의 물리적 기반, 경작지·건물 면적은 토지이용 변화의 기준이 됨. 주 기술 23(탄소 흡수원), 부 기술 35(산림·생태계 부문 기술) — 2026-08-28 발주처 지시에 따라 tech_id에 ';'로 연결해 복수 기입. [근거자료] ESA_WorldCover_10m_2021_v200_*_Map.tif (Discrete Classification, 등급 10~95) · FAOSTAT Land Cover(LC) Item=Artificial surfaces 등"",""나지_희박식생_면적_km"":null,""레코드_키"":""VNM_lc_artificial_surface_2002"",""맹그로브_면적_km"":null,""수목_면적_km"":null,""연도"":2002,""영구수체_면적_km"":null,""전국_값"":100.81,""전국_단위"":""1000 ha"",""전국_지표명"":""토지피복 면적 — 시가화지역(인공지표)"",""지역명_로마자"":""Viet Nam"",""지역명_베트남어"":""Việt Nam"",""초본습지_면적_km"":null,""초지_면적_km"":null,""합계_km"":null,""행정단위"":""Country""}",,전국 · 토지피복 면적 — 시가화지역(인공지표) · [실적치] · FAOSTAT Land Cover · Area from CCI_LC (Flag=E),,,,B-037.xlsx,1.2_entity(레코드형),77,
B-037,"토지피복 분류별 면적[경작지, 산림, 초지, 건물, 수체, 나지]",entity,v124-b-037-entity-00075,B-037_landcover_national,VNM,,,,,,,,,토지피복 면적 — 시가화지역(인공지표),,,"{""2025_개편_후_소속_34개_체계"":""전국(개편 무관)"",""건물_인공지표_면적_km"":null,""경계_면적_km_GADM"":null,""경계_좌표_산출근거"":""전국 집계값 — 좌표·폴리곤 없음."",""경계_폴리곤_파일"":null,""경작지_면적_km"":null,""관목_면적_km"":null,""기후기술_연계_근거"":""간접 · 원천 자체 분류 — ESA WorldCover 가 토지피복 등급을 Tree cover·Cropland·Built-up 등으로 정의·배포하며, 수목 피복 면적은 탄소 흡수원의 물리적 기반, 경작지·건물 면적은 토지이용 변화의 기준이 됨. 주 기술 23(탄소 흡수원), 부 기술 35(산림·생태계 부문 기술) — 2026-08-28 발주처 지시에 따라 tech_id에 ';'로 연결해 복수 기입. [근거자료] ESA_WorldCover_10m_2021_v200_*_Map.tif (Discrete Classification, 등급 10~95) · FAOSTAT Land Cover(LC) Item=Artificial surfaces 등"",""나지_희박식생_면적_km"":null,""레코드_키"":""VNM_lc_artificial_surface_2003"",""맹그로브_면적_km"":null,""수목_면적_km"":null,""연도"":2003,""영구수체_면적_km"":null,""전국_값"":105.64,""전국_단위"":""1000 ha"",""전국_지표명"":""토지피복 면적 — 시가화지역(인공지표)"",""지역명_로마자"":""Viet Nam"",""지역명_베트남어"":""Việt Nam"",""초본습지_면적_km"":null,""초지_면적_km"":null,""합계_km"":null,""행정단위"":""Country""}",,전국 · 토지피복 면적 — 시가화지역(인공지표) · [실적치] · FAOSTAT Land Cover · Area from CCI_LC (Flag=E),,,,B-037.xlsx,1.2_entity(레코드형),78,
B-037,"토지피복 분류별 면적[경작지, 산림, 초지, 건물, 수체, 나지]",entity,v124-b-037-entity-00076,B-037_landcover_national,VNM,,,,,,,,,토지피복 면적 — 시가화지역(인공지표),,,"{""2025_개편_후_소속_34개_체계"":""전국(개편 무관)"",""건물_인공지표_면적_km"":null,""경계_면적_km_GADM"":null,""경계_좌표_산출근거"":""전국 집계값 — 좌표·폴리곤 없음."",""경계_폴리곤_파일"":null,""경작지_면적_km"":null,""관목_면적_km"":null,""기후기술_연계_근거"":""간접 · 원천 자체 분류 — ESA WorldCover 가 토지피복 등급을 Tree cover·Cropland·Built-up 등으로 정의·배포하며, 수목 피복 면적은 탄소 흡수원의 물리적 기반, 경작지·건물 면적은 토지이용 변화의 기준이 됨. 주 기술 23(탄소 흡수원), 부 기술 35(산림·생태계 부문 기술) — 2026-08-28 발주처 지시에 따라 tech_id에 ';'로 연결해 복수 기입. [근거자료] ESA_WorldCover_10m_2021_v200_*_Map.tif (Discrete Classification, 등급 10~95) · FAOSTAT Land Cover(LC) Item=Artificial surfaces 등"",""나지_희박식생_면적_km"":null,""레코드_키"":""VNM_lc_artificial_surface_2004"",""맹그로브_면적_km"":null,""수목_면적_km"":null,""연도"":2004,""영구수체_면적_km"":null,""전국_값"":110,""전국_단위"":""1000 ha"",""전국_지표명"":""토지피복 면적 — 시가화지역(인공지표)"",""지역명_로마자"":""Viet Nam"",""지역명_베트남어"":""Việt Nam"",""초본습지_면적_km"":null,""초지_면적_km"":null,""합계_km"":null,""행정단위"":""Country""}",,전국 · 토지피복 면적 — 시가화지역(인공지표) · [실적치] · FAOSTAT Land Cover · Area from CCI_LC (Flag=E),,,,B-037.xlsx,1.2_entity(레코드형),79,
B-037,"토지피복 분류별 면적[경작지, 산림, 초지, 건물, 수체, 나지]",entity,v124-b-037-entity-00077,B-037_landcover_national,VNM,,,,,,,,,토지피복 면적 — 시가화지역(인공지표),,,"{""2025_개편_후_소속_34개_체계"":""전국(개편 무관)"",""건물_인공지표_면적_km"":null,""경계_면적_km_GADM"":null,""경계_좌표_산출근거"":""전국 집계값 — 좌표·폴리곤 없음."",""경계_폴리곤_파일"":null,""경작지_면적_km"":null,""관목_면적_km"":null,""기후기술_연계_근거"":""간접 · 원천 자체 분류 — ESA WorldCover 가 토지피복 등급을 Tree cover·Cropland·Built-up 등으로 정의·배포하며, 수목 피복 면적은 탄소 흡수원의 물리적 기반, 경작지·건물 면적은 토지이용 변화의 기준이 됨. 주 기술 23(탄소 흡수원), 부 기술 35(산림·생태계 부문 기술) — 2026-08-28 발주처 지시에 따라 tech_id에 ';'로 연결해 복수 기입. [근거자료] ESA_WorldCover_10m_2021_v200_*_Map.tif (Discrete Classification, 등급 10~95) · FAOSTAT Land Cover(LC) Item=Artificial surfaces 등"",""나지_희박식생_면적_km"":null,""레코드_키"":""VNM_lc_artificial_surface_2005"",""맹그로브_면적_km"":null,""수목_면적_km"":null,""연도"":2005,""영구수체_면적_km"":null,""전국_값"":117.85,""전국_단위"":""1000 ha"",""전국_지표명"":""토지피복 면적 — 시가화지역(인공지표)"",""지역명_로마자"":""Viet Nam"",""지역명_베트남어"":""Việt Nam"",""초본습지_면적_km"":null,""초지_면적_km"":null,""합계_km"":null,""행정단위"":""Country""}",,전국 · 토지피복 면적 — 시가화지역(인공지표) · [실적치] · FAOSTAT Land Cover · Area from CCI_LC (Flag=E),,,,B-037.xlsx,1.2_entity(레코드형),80,
B-037,"토지피복 분류별 면적[경작지, 산림, 초지, 건물, 수체, 나지]",entity,v124-b-037-entity-00078,B-037_landcover_national,VNM,,,,,,,,,토지피복 면적 — 시가화지역(인공지표),,,"{""2025_개편_후_소속_34개_체계"":""전국(개편 무관)"",""건물_인공지표_면적_km"":null,""경계_면적_km_GADM"":null,""경계_좌표_산출근거"":""전국 집계값 — 좌표·폴리곤 없음."",""경계_폴리곤_파일"":null,""경작지_면적_km"":null,""관목_면적_km"":null,""기후기술_연계_근거"":""간접 · 원천 자체 분류 — ESA WorldCover 가 토지피복 등급을 Tree cover·Cropland·Built-up 등으로 정의·배포하며, 수목 피복 면적은 탄소 흡수원의 물리적 기반, 경작지·건물 면적은 토지이용 변화의 기준이 됨. 주 기술 23(탄소 흡수원), 부 기술 35(산림·생태계 부문 기술) — 2026-08-28 발주처 지시에 따라 tech_id에 ';'로 연결해 복수 기입. [근거자료] ESA_WorldCover_10m_2021_v200_*_Map.tif (Discrete Classification, 등급 10~95) · FAOSTAT Land Cover(LC) Item=Artificial surfaces 등"",""나지_희박식생_면적_km"":null,""레코드_키"":""VNM_lc_artificial_surface_2006"",""맹그로브_면적_km"":null,""수목_면적_km"":null,""연도"":2006,""영구수체_면적_km"":null,""전국_값"":125.84,""전국_단위"":""1000 ha"",""전국_지표명"":""토지피복 면적 — 시가화지역(인공지표)"",""지역명_로마자"":""Viet Nam"",""지역명_베트남어"":""Việt Nam"",""초본습지_면적_km"":null,""초지_면적_km"":null,""합계_km"":null,""행정단위"":""Country""}",,전국 · 토지피복 면적 — 시가화지역(인공지표) · [실적치] · FAOSTAT Land Cover · Area from CCI_LC (Flag=E),,,,B-037.xlsx,1.2_entity(레코드형),81,
B-037,"토지피복 분류별 면적[경작지, 산림, 초지, 건물, 수체, 나지]",entity,v124-b-037-entity-00079,B-037_landcover_national,VNM,,,,,,,,,토지피복 면적 — 시가화지역(인공지표),,,"{""2025_개편_후_소속_34개_체계"":""전국(개편 무관)"",""건물_인공지표_면적_km"":null,""경계_면적_km_GADM"":null,""경계_좌표_산출근거"":""전국 집계값 — 좌표·폴리곤 없음."",""경계_폴리곤_파일"":null,""경작지_면적_km"":null,""관목_면적_km"":null,""기후기술_연계_근거"":""간접 · 원천 자체 분류 — ESA WorldCover 가 토지피복 등급을 Tree cover·Cropland·Built-up 등으로 정의·배포하며, 수목 피복 면적은 탄소 흡수원의 물리적 기반, 경작지·건물 면적은 토지이용 변화의 기준이 됨. 주 기술 23(탄소 흡수원), 부 기술 35(산림·생태계 부문 기술) — 2026-08-28 발주처 지시에 따라 tech_id에 ';'로 연결해 복수 기입. [근거자료] ESA_WorldCover_10m_2021_v200_*_Map.tif (Discrete Classification, 등급 10~95) · FAOSTAT Land Cover(LC) Item=Artificial surfaces 등"",""나지_희박식생_면적_km"":null,""레코드_키"":""VNM_lc_artificial_surface_2007"",""맹그로브_면적_km"":null,""수목_면적_km"":null,""연도"":2007,""영구수체_면적_km"":null,""전국_값"":134.78,""전국_단위"":""1000 ha"",""전국_지표명"":""토지피복 면적 — 시가화지역(인공지표)"",""지역명_로마자"":""Viet Nam"",""지역명_베트남어"":""Việt Nam"",""초본습지_면적_km"":null,""초지_면적_km"":null,""합계_km"":null,""행정단위"":""Country""}",,전국 · 토지피복 면적 — 시가화지역(인공지표) · [실적치] · FAOSTAT Land Cover · Area from CCI_LC (Flag=E),,,,B-037.xlsx,1.2_entity(레코드형),82,
B-037,"토지피복 분류별 면적[경작지, 산림, 초지, 건물, 수체, 나지]",entity,v124-b-037-entity-00080,B-037_landcover_national,VNM,,,,,,,,,토지피복 면적 — 시가화지역(인공지표),,,"{""2025_개편_후_소속_34개_체계"":""전국(개편 무관)"",""건물_인공지표_면적_km"":null,""경계_면적_km_GADM"":null,""경계_좌표_산출근거"":""전국 집계값 — 좌표·폴리곤 없음."",""경계_폴리곤_파일"":null,""경작지_면적_km"":null,""관목_면적_km"":null,""기후기술_연계_근거"":""간접 · 원천 자체 분류 — ESA WorldCover 가 토지피복 등급을 Tree cover·Cropland·Built-up 등으로 정의·배포하며, 수목 피복 면적은 탄소 흡수원의 물리적 기반, 경작지·건물 면적은 토지이용 변화의 기준이 됨. 주 기술 23(탄소 흡수원), 부 기술 35(산림·생태계 부문 기술) — 2026-08-28 발주처 지시에 따라 tech_id에 ';'로 연결해 복수 기입. [근거자료] ESA_WorldCover_10m_2021_v200_*_Map.tif (Discrete Classification, 등급 10~95) · FAOSTAT Land Cover(LC) Item=Artificial surfaces 등"",""나지_희박식생_면적_km"":null,""레코드_키"":""VNM_lc_artificial_surface_2008"",""맹그로브_면적_km"":null,""수목_면적_km"":null,""연도"":2008,""영구수체_면적_km"":null,""전국_값"":143.14,""전국_단위"":""1000 ha"",""전국_지표명"":""토지피복 면적 — 시가화지역(인공지표)"",""지역명_로마자"":""Viet Nam"",""지역명_베트남어"":""Việt Nam"",""초본습지_면적_km"":null,""초지_면적_km"":null,""합계_km"":null,""행정단위"":""Country""}",,전국 · 토지피복 면적 — 시가화지역(인공지표) · [실적치] · FAOSTAT Land Cover · Area from CCI_LC (Flag=E),,,,B-037.xlsx,1.2_entity(레코드형),83,
B-037,"토지피복 분류별 면적[경작지, 산림, 초지, 건물, 수체, 나지]",entity,v124-b-037-entity-00081,B-037_landcover_national,VNM,,,,,,,,,토지피복 면적 — 시가화지역(인공지표),,,"{""2025_개편_후_소속_34개_체계"":""전국(개편 무관)"",""건물_인공지표_면적_km"":null,""경계_면적_km_GADM"":null,""경계_좌표_산출근거"":""전국 집계값 — 좌표·폴리곤 없음."",""경계_폴리곤_파일"":null,""경작지_면적_km"":null,""관목_면적_km"":null,""기후기술_연계_근거"":""간접 · 원천 자체 분류 — ESA WorldCover 가 토지피복 등급을 Tree cover·Cropland·Built-up 등으로 정의·배포하며, 수목 피복 면적은 탄소 흡수원의 물리적 기반, 경작지·건물 면적은 토지이용 변화의 기준이 됨. 주 기술 23(탄소 흡수원), 부 기술 35(산림·생태계 부문 기술) — 2026-08-28 발주처 지시에 따라 tech_id에 ';'로 연결해 복수 기입. [근거자료] ESA_WorldCover_10m_2021_v200_*_Map.tif (Discrete Classification, 등급 10~95) · FAOSTAT Land Cover(LC) Item=Artificial surfaces 등"",""나지_희박식생_면적_km"":null,""레코드_키"":""VNM_lc_artificial_surface_2009"",""맹그로브_면적_km"":null,""수목_면적_km"":null,""연도"":2009,""영구수체_면적_km"":null,""전국_값"":152.31,""전국_단위"":""1000 ha"",""전국_지표명"":""토지피복 면적 — 시가화지역(인공지표)"",""지역명_로마자"":""Viet Nam"",""지역명_베트남어"":""Việt Nam"",""초본습지_면적_km"":null,""초지_면적_km"":null,""합계_km"":null,""행정단위"":""Country""}",,전국 · 토지피복 면적 — 시가화지역(인공지표) · [실적치] · FAOSTAT Land Cover · Area from CCI_LC (Flag=E),,,,B-037.xlsx,1.2_entity(레코드형),84,
B-037,"토지피복 분류별 면적[경작지, 산림, 초지, 건물, 수체, 나지]",entity,v124-b-037-entity-00082,B-037_landcover_national,VNM,,,,,,,,,토지피복 면적 — 시가화지역(인공지표),,,"{""2025_개편_후_소속_34개_체계"":""전국(개편 무관)"",""건물_인공지표_면적_km"":null,""경계_면적_km_GADM"":null,""경계_좌표_산출근거"":""전국 집계값 — 좌표·폴리곤 없음."",""경계_폴리곤_파일"":null,""경작지_면적_km"":null,""관목_면적_km"":null,""기후기술_연계_근거"":""간접 · 원천 자체 분류 — ESA WorldCover 가 토지피복 등급을 Tree cover·Cropland·Built-up 등으로 정의·배포하며, 수목 피복 면적은 탄소 흡수원의 물리적 기반, 경작지·건물 면적은 토지이용 변화의 기준이 됨. 주 기술 23(탄소 흡수원), 부 기술 35(산림·생태계 부문 기술) — 2026-08-28 발주처 지시에 따라 tech_id에 ';'로 연결해 복수 기입. [근거자료] ESA_WorldCover_10m_2021_v200_*_Map.tif (Discrete Classification, 등급 10~95) · FAOSTAT Land Cover(LC) Item=Artificial surfaces 등"",""나지_희박식생_면적_km"":null,""레코드_키"":""VNM_lc_artificial_surface_2010"",""맹그로브_면적_km"":null,""수목_면적_km"":null,""연도"":2010,""영구수체_면적_km"":null,""전국_값"":162.55,""전국_단위"":""1000 ha"",""전국_지표명"":""토지피복 면적 — 시가화지역(인공지표)"",""지역명_로마자"":""Viet Nam"",""지역명_베트남어"":""Việt Nam"",""초본습지_면적_km"":null,""초지_면적_km"":null,""합계_km"":null,""행정단위"":""Country""}",,전국 · 토지피복 면적 — 시가화지역(인공지표) · [실적치] · FAOSTAT Land Cover · Area from CCI_LC (Flag=E),,,,B-037.xlsx,1.2_entity(레코드형),85,
B-037,"토지피복 분류별 면적[경작지, 산림, 초지, 건물, 수체, 나지]",entity,v124-b-037-entity-00083,B-037_landcover_national,VNM,,,,,,,,,토지피복 면적 — 시가화지역(인공지표),,,"{""2025_개편_후_소속_34개_체계"":""전국(개편 무관)"",""건물_인공지표_면적_km"":null,""경계_면적_km_GADM"":null,""경계_좌표_산출근거"":""전국 집계값 — 좌표·폴리곤 없음."",""경계_폴리곤_파일"":null,""경작지_면적_km"":null,""관목_면적_km"":null,""기후기술_연계_근거"":""간접 · 원천 자체 분류 — ESA WorldCover 가 토지피복 등급을 Tree cover·Cropland·Built-up 등으로 정의·배포하며, 수목 피복 면적은 탄소 흡수원의 물리적 기반, 경작지·건물 면적은 토지이용 변화의 기준이 됨. 주 기술 23(탄소 흡수원), 부 기술 35(산림·생태계 부문 기술) — 2026-08-28 발주처 지시에 따라 tech_id에 ';'로 연결해 복수 기입. [근거자료] ESA_WorldCover_10m_2021_v200_*_Map.tif (Discrete Classification, 등급 10~95) · FAOSTAT Land Cover(LC) Item=Artificial surfaces 등"",""나지_희박식생_면적_km"":null,""레코드_키"":""VNM_lc_artificial_surface_2011"",""맹그로브_면적_km"":null,""수목_면적_km"":null,""연도"":2011,""영구수체_면적_km"":null,""전국_값"":171.67,""전국_단위"":""1000 ha"",""전국_지표명"":""토지피복 면적 — 시가화지역(인공지표)"",""지역명_로마자"":""Viet Nam"",""지역명_베트남어"":""Việt Nam"",""초본습지_면적_km"":null,""초지_면적_km"":null,""합계_km"":null,""행정단위"":""Country""}",,전국 · 토지피복 면적 — 시가화지역(인공지표) · [실적치] · FAOSTAT Land Cover · Area from CCI_LC (Flag=E),,,,B-037.xlsx,1.2_entity(레코드형),86,
B-037,"토지피복 분류별 면적[경작지, 산림, 초지, 건물, 수체, 나지]",entity,v124-b-037-entity-00084,B-037_landcover_national,VNM,,,,,,,,,토지피복 면적 — 시가화지역(인공지표),,,"{""2025_개편_후_소속_34개_체계"":""전국(개편 무관)"",""건물_인공지표_면적_km"":null,""경계_면적_km_GADM"":null,""경계_좌표_산출근거"":""전국 집계값 — 좌표·폴리곤 없음."",""경계_폴리곤_파일"":null,""경작지_면적_km"":null,""관목_면적_km"":null,""기후기술_연계_근거"":""간접 · 원천 자체 분류 — ESA WorldCover 가 토지피복 등급을 Tree cover·Cropland·Built-up 등으로 정의·배포하며, 수목 피복 면적은 탄소 흡수원의 물리적 기반, 경작지·건물 면적은 토지이용 변화의 기준이 됨. 주 기술 23(탄소 흡수원), 부 기술 35(산림·생태계 부문 기술) — 2026-08-28 발주처 지시에 따라 tech_id에 ';'로 연결해 복수 기입. [근거자료] ESA_WorldCover_10m_2021_v200_*_Map.tif (Discrete Classification, 등급 10~95) · FAOSTAT Land Cover(LC) Item=Artificial surfaces 등"",""나지_희박식생_면적_km"":null,""레코드_키"":""VNM_lc_artificial_surface_2012"",""맹그로브_면적_km"":null,""수목_면적_km"":null,""연도"":2012,""영구수체_면적_km"":null,""전국_값"":186.77,""전국_단위"":""1000 ha"",""전국_지표명"":""토지피복 면적 — 시가화지역(인공지표)"",""지역명_로마자"":""Viet Nam"",""지역명_베트남어"":""Việt Nam"",""초본습지_면적_km"":null,""초지_면적_km"":null,""합계_km"":null,""행정단위"":""Country""}",,전국 · 토지피복 면적 — 시가화지역(인공지표) · [실적치] · FAOSTAT Land Cover · Area from CCI_LC (Flag=E),,,,B-037.xlsx,1.2_entity(레코드형),87,
B-037,"토지피복 분류별 면적[경작지, 산림, 초지, 건물, 수체, 나지]",entity,v124-b-037-entity-00085,B-037_landcover_national,VNM,,,,,,,,,토지피복 면적 — 시가화지역(인공지표),,,"{""2025_개편_후_소속_34개_체계"":""전국(개편 무관)"",""건물_인공지표_면적_km"":null,""경계_면적_km_GADM"":null,""경계_좌표_산출근거"":""전국 집계값 — 좌표·폴리곤 없음."",""경계_폴리곤_파일"":null,""경작지_면적_km"":null,""관목_면적_km"":null,""기후기술_연계_근거"":""간접 · 원천 자체 분류 — ESA WorldCover 가 토지피복 등급을 Tree cover·Cropland·Built-up 등으로 정의·배포하며, 수목 피복 면적은 탄소 흡수원의 물리적 기반, 경작지·건물 면적은 토지이용 변화의 기준이 됨. 주 기술 23(탄소 흡수원), 부 기술 35(산림·생태계 부문 기술) — 2026-08-28 발주처 지시에 따라 tech_id에 ';'로 연결해 복수 기입. [근거자료] ESA_WorldCover_10m_2021_v200_*_Map.tif (Discrete Classification, 등급 10~95) · FAOSTAT Land Cover(LC) Item=Artificial surfaces 등"",""나지_희박식생_면적_km"":null,""레코드_키"":""VNM_lc_artificial_surface_2013"",""맹그로브_면적_km"":null,""수목_면적_km"":null,""연도"":2013,""영구수체_면적_km"":null,""전국_값"":211.75,""전국_단위"":""1000 ha"",""전국_지표명"":""토지피복 면적 — 시가화지역(인공지표)"",""지역명_로마자"":""Viet Nam"",""지역명_베트남어"":""Việt Nam"",""초본습지_면적_km"":null,""초지_면적_km"":null,""합계_km"":null,""행정단위"":""Country""}",,전국 · 토지피복 면적 — 시가화지역(인공지표) · [실적치] · FAOSTAT Land Cover · Area from CCI_LC (Flag=E),,,,B-037.xlsx,1.2_entity(레코드형),88,
B-037,"토지피복 분류별 면적[경작지, 산림, 초지, 건물, 수체, 나지]",entity,v124-b-037-entity-00086,B-037_landcover_national,VNM,,,,,,,,,토지피복 면적 — 시가화지역(인공지표),,,"{""2025_개편_후_소속_34개_체계"":""전국(개편 무관)"",""건물_인공지표_면적_km"":null,""경계_면적_km_GADM"":null,""경계_좌표_산출근거"":""전국 집계값 — 좌표·폴리곤 없음."",""경계_폴리곤_파일"":null,""경작지_면적_km"":null,""관목_면적_km"":null,""기후기술_연계_근거"":""간접 · 원천 자체 분류 — ESA WorldCover 가 토지피복 등급을 Tree cover·Cropland·Built-up 등으로 정의·배포하며, 수목 피복 면적은 탄소 흡수원의 물리적 기반, 경작지·건물 면적은 토지이용 변화의 기준이 됨. 주 기술 23(탄소 흡수원), 부 기술 35(산림·생태계 부문 기술) — 2026-08-28 발주처 지시에 따라 tech_id에 ';'로 연결해 복수 기입. [근거자료] ESA_WorldCover_10m_2021_v200_*_Map.tif (Discrete Classification, 등급 10~95) · FAOSTAT Land Cover(LC) Item=Artificial surfaces 등"",""나지_희박식생_면적_km"":null,""레코드_키"":""VNM_lc_artificial_surface_2014"",""맹그로브_면적_km"":null,""수목_면적_km"":null,""연도"":2014,""영구수체_면적_km"":null,""전국_값"":243.18,""전국_단위"":""1000 ha"",""전국_지표명"":""토지피복 면적 — 시가화지역(인공지표)"",""지역명_로마자"":""Viet Nam"",""지역명_베트남어"":""Việt Nam"",""초본습지_면적_km"":null,""초지_면적_km"":null,""합계_km"":null,""행정단위"":""Country""}",,전국 · 토지피복 면적 — 시가화지역(인공지표) · [실적치] · FAOSTAT Land Cover · Area from CCI_LC (Flag=E),,,,B-037.xlsx,1.2_entity(레코드형),89,
B-037,"토지피복 분류별 면적[경작지, 산림, 초지, 건물, 수체, 나지]",entity,v124-b-037-entity-00087,B-037_landcover_national,VNM,,,,,,,,,토지피복 면적 — 시가화지역(인공지표),,,"{""2025_개편_후_소속_34개_체계"":""전국(개편 무관)"",""건물_인공지표_면적_km"":null,""경계_면적_km_GADM"":null,""경계_좌표_산출근거"":""전국 집계값 — 좌표·폴리곤 없음."",""경계_폴리곤_파일"":null,""경작지_면적_km"":null,""관목_면적_km"":null,""기후기술_연계_근거"":""간접 · 원천 자체 분류 — ESA WorldCover 가 토지피복 등급을 Tree cover·Cropland·Built-up 등으로 정의·배포하며, 수목 피복 면적은 탄소 흡수원의 물리적 기반, 경작지·건물 면적은 토지이용 변화의 기준이 됨. 주 기술 23(탄소 흡수원), 부 기술 35(산림·생태계 부문 기술) — 2026-08-28 발주처 지시에 따라 tech_id에 ';'로 연결해 복수 기입. [근거자료] ESA_WorldCover_10m_2021_v200_*_Map.tif (Discrete Classification, 등급 10~95) · FAOSTAT Land Cover(LC) Item=Artificial surfaces 등"",""나지_희박식생_면적_km"":null,""레코드_키"":""VNM_lc_artificial_surface_2015"",""맹그로브_면적_km"":null,""수목_면적_km"":null,""연도"":2015,""영구수체_면적_km"":null,""전국_값"":255.72,""전국_단위"":""1000 ha"",""전국_지표명"":""토지피복 면적 — 시가화지역(인공지표)"",""지역명_로마자"":""Viet Nam"",""지역명_베트남어"":""Việt Nam"",""초본습지_면적_km"":null,""초지_면적_km"":null,""합계_km"":null,""행정단위"":""Country""}",,전국 · 토지피복 면적 — 시가화지역(인공지표) · [실적치] · FAOSTAT Land Cover · Area from CCI_LC (Flag=E),,,,B-037.xlsx,1.2_entity(레코드형),90,
B-037,"토지피복 분류별 면적[경작지, 산림, 초지, 건물, 수체, 나지]",entity,v124-b-037-entity-00088,B-037_landcover_national,VNM,,,,,,,,,토지피복 면적 — 시가화지역(인공지표),,,"{""2025_개편_후_소속_34개_체계"":""전국(개편 무관)"",""건물_인공지표_면적_km"":null,""경계_면적_km_GADM"":null,""경계_좌표_산출근거"":""전국 집계값 — 좌표·폴리곤 없음."",""경계_폴리곤_파일"":null,""경작지_면적_km"":null,""관목_면적_km"":null,""기후기술_연계_근거"":""간접 · 원천 자체 분류 — ESA WorldCover 가 토지피복 등급을 Tree cover·Cropland·Built-up 등으로 정의·배포하며, 수목 피복 면적은 탄소 흡수원의 물리적 기반, 경작지·건물 면적은 토지이용 변화의 기준이 됨. 주 기술 23(탄소 흡수원), 부 기술 35(산림·생태계 부문 기술) — 2026-08-28 발주처 지시에 따라 tech_id에 ';'로 연결해 복수 기입. [근거자료] ESA_WorldCover_10m_2021_v200_*_Map.tif (Discrete Classification, 등급 10~95) · FAOSTAT Land Cover(LC) Item=Artificial surfaces 등"",""나지_희박식생_면적_km"":null,""레코드_키"":""VNM_lc_artificial_surface_2016"",""맹그로브_면적_km"":null,""수목_면적_km"":null,""연도"":2016,""영구수체_면적_km"":null,""전국_값"":256.53,""전국_단위"":""1000 ha"",""전국_지표명"":""토지피복 면적 — 시가화지역(인공지표)"",""지역명_로마자"":""Viet Nam"",""지역명_베트남어"":""Việt Nam"",""초본습지_면적_km"":null,""초지_면적_km"":null,""합계_km"":null,""행정단위"":""Country""}",,전국 · 토지피복 면적 — 시가화지역(인공지표) · [실적치] · FAOSTAT Land Cover · Area from CCI_LC (Flag=E),,,,B-037.xlsx,1.2_entity(레코드형),91,
B-037,"토지피복 분류별 면적[경작지, 산림, 초지, 건물, 수체, 나지]",entity,v124-b-037-entity-00089,B-037_landcover_national,VNM,,,,,,,,,토지피복 면적 — 시가화지역(인공지표),,,"{""2025_개편_후_소속_34개_체계"":""전국(개편 무관)"",""건물_인공지표_면적_km"":null,""경계_면적_km_GADM"":null,""경계_좌표_산출근거"":""전국 집계값 — 좌표·폴리곤 없음."",""경계_폴리곤_파일"":null,""경작지_면적_km"":null,""관목_면적_km"":null,""기후기술_연계_근거"":""간접 · 원천 자체 분류 — ESA WorldCover 가 토지피복 등급을 Tree cover·Cropland·Built-up 등으로 정의·배포하며, 수목 피복 면적은 탄소 흡수원의 물리적 기반, 경작지·건물 면적은 토지이용 변화의 기준이 됨. 주 기술 23(탄소 흡수원), 부 기술 35(산림·생태계 부문 기술) — 2026-08-28 발주처 지시에 따라 tech_id에 ';'로 연결해 복수 기입. [근거자료] ESA_WorldCover_10m_2021_v200_*_Map.tif (Discrete Classification, 등급 10~95) · FAOSTAT Land Cover(LC) Item=Artificial surfaces 등"",""나지_희박식생_면적_km"":null,""레코드_키"":""VNM_lc_artificial_surface_2017"",""맹그로브_면적_km"":null,""수목_면적_km"":null,""연도"":2017,""영구수체_면적_km"":null,""전국_값"":267.35,""전국_단위"":""1000 ha"",""전국_지표명"":""토지피복 면적 — 시가화지역(인공지표)"",""지역명_로마자"":""Viet Nam"",""지역명_베트남어"":""Việt Nam"",""초본습지_면적_km"":null,""초지_면적_km"":null,""합계_km"":null,""행정단위"":""Country""}",,전국 · 토지피복 면적 — 시가화지역(인공지표) · [실적치] · FAOSTAT Land Cover · Area from CCI_LC (Flag=E),,,,B-037.xlsx,1.2_entity(레코드형),92,
B-037,"토지피복 분류별 면적[경작지, 산림, 초지, 건물, 수체, 나지]",entity,v124-b-037-entity-00090,B-037_landcover_national,VNM,,,,,,,,,토지피복 면적 — 시가화지역(인공지표),,,"{""2025_개편_후_소속_34개_체계"":""전국(개편 무관)"",""건물_인공지표_면적_km"":null,""경계_면적_km_GADM"":null,""경계_좌표_산출근거"":""전국 집계값 — 좌표·폴리곤 없음."",""경계_폴리곤_파일"":null,""경작지_면적_km"":null,""관목_면적_km"":null,""기후기술_연계_근거"":""간접 · 원천 자체 분류 — ESA WorldCover 가 토지피복 등급을 Tree cover·Cropland·Built-up 등으로 정의·배포하며, 수목 피복 면적은 탄소 흡수원의 물리적 기반, 경작지·건물 면적은 토지이용 변화의 기준이 됨. 주 기술 23(탄소 흡수원), 부 기술 35(산림·생태계 부문 기술) — 2026-08-28 발주처 지시에 따라 tech_id에 ';'로 연결해 복수 기입. [근거자료] ESA_WorldCover_10m_2021_v200_*_Map.tif (Discrete Classification, 등급 10~95) · FAOSTAT Land Cover(LC) Item=Artificial surfaces 등"",""나지_희박식생_면적_km"":null,""레코드_키"":""VNM_lc_artificial_surface_2018"",""맹그로브_면적_km"":null,""수목_면적_km"":null,""연도"":2018,""영구수체_면적_km"":null,""전국_값"":274.49,""전국_단위"":""1000 ha"",""전국_지표명"":""토지피복 면적 — 시가화지역(인공지표)"",""지역명_로마자"":""Viet Nam"",""지역명_베트남어"":""Việt Nam"",""초본습지_면적_km"":null,""초지_면적_km"":null,""합계_km"":null,""행정단위"":""Country""}",,전국 · 토지피복 면적 — 시가화지역(인공지표) · [실적치] · FAOSTAT Land Cover · Area from CCI_LC (Flag=E),,,,B-037.xlsx,1.2_entity(레코드형),93,
B-037,"토지피복 분류별 면적[경작지, 산림, 초지, 건물, 수체, 나지]",entity,v124-b-037-entity-00091,B-037_landcover_national,VNM,,,,,,,,,토지피복 면적 — 시가화지역(인공지표),,,"{""2025_개편_후_소속_34개_체계"":""전국(개편 무관)"",""건물_인공지표_면적_km"":null,""경계_면적_km_GADM"":null,""경계_좌표_산출근거"":""전국 집계값 — 좌표·폴리곤 없음."",""경계_폴리곤_파일"":null,""경작지_면적_km"":null,""관목_면적_km"":null,""기후기술_연계_근거"":""간접 · 원천 자체 분류 — ESA WorldCover 가 토지피복 등급을 Tree cover·Cropland·Built-up 등으로 정의·배포하며, 수목 피복 면적은 탄소 흡수원의 물리적 기반, 경작지·건물 면적은 토지이용 변화의 기준이 됨. 주 기술 23(탄소 흡수원), 부 기술 35(산림·생태계 부문 기술) — 2026-08-28 발주처 지시에 따라 tech_id에 ';'로 연결해 복수 기입. [근거자료] ESA_WorldCover_10m_2021_v200_*_Map.tif (Discrete Classification, 등급 10~95) · FAOSTAT Land Cover(LC) Item=Artificial surfaces 등"",""나지_희박식생_면적_km"":null,""레코드_키"":""VNM_lc_artificial_surface_2019"",""맹그로브_면적_km"":null,""수목_면적_km"":null,""연도"":2019,""영구수체_면적_km"":null,""전국_값"":275.27,""전국_단위"":""1000 ha"",""전국_지표명"":""토지피복 면적 — 시가화지역(인공지표)"",""지역명_로마자"":""Viet Nam"",""지역명_베트남어"":""Việt Nam"",""초본습지_면적_km"":null,""초지_면적_km"":null,""합계_km"":null,""행정단위"":""Country""}",,전국 · 토지피복 면적 — 시가화지역(인공지표) · [실적치] · FAOSTAT Land Cover · Area from CCI_LC (Flag=E),,,,B-037.xlsx,1.2_entity(레코드형),94,
B-037,"토지피복 분류별 면적[경작지, 산림, 초지, 건물, 수체, 나지]",entity,v124-b-037-entity-00092,B-037_landcover_national,VNM,,,,,,,,,토지피복 면적 — 시가화지역(인공지표),,,"{""2025_개편_후_소속_34개_체계"":""전국(개편 무관)"",""건물_인공지표_면적_km"":null,""경계_면적_km_GADM"":null,""경계_좌표_산출근거"":""전국 집계값 — 좌표·폴리곤 없음."",""경계_폴리곤_파일"":null,""경작지_면적_km"":null,""관목_면적_km"":null,""기후기술_연계_근거"":""간접 · 원천 자체 분류 — ESA WorldCover 가 토지피복 등급을 Tree cover·Cropland·Built-up 등으로 정의·배포하며, 수목 피복 면적은 탄소 흡수원의 물리적 기반, 경작지·건물 면적은 토지이용 변화의 기준이 됨. 주 기술 23(탄소 흡수원), 부 기술 35(산림·생태계 부문 기술) — 2026-08-28 발주처 지시에 따라 tech_id에 ';'로 연결해 복수 기입. [근거자료] ESA_WorldCover_10m_2021_v200_*_Map.tif (Discrete Classification, 등급 10~95) · FAOSTAT Land Cover(LC) Item=Artificial surfaces 등"",""나지_희박식생_면적_km"":null,""레코드_키"":""VNM_lc_artificial_surface_2020"",""맹그로브_면적_km"":null,""수목_면적_km"":null,""연도"":2020,""영구수체_면적_km"":null,""전국_값"":278.73,""전국_단위"":""1000 ha"",""전국_지표명"":""토지피복 면적 — 시가화지역(인공지표)"",""지역명_로마자"":""Viet Nam"",""지역명_베트남어"":""Việt Nam"",""초본습지_면적_km"":null,""초지_면적_km"":null,""합계_km"":null,""행정단위"":""Country""}",,전국 · 토지피복 면적 — 시가화지역(인공지표) · [실적치] · FAOSTAT Land Cover · Area from CCI_LC (Flag=E),,,,B-037.xlsx,1.2_entity(레코드형),95,
B-037,"토지피복 분류별 면적[경작지, 산림, 초지, 건물, 수체, 나지]",entity,v124-b-037-entity-00093,B-037_landcover_national,VNM,,,,,,,,,토지피복 면적 — 시가화지역(인공지표),,,"{""2025_개편_후_소속_34개_체계"":""전국(개편 무관)"",""건물_인공지표_면적_km"":null,""경계_면적_km_GADM"":null,""경계_좌표_산출근거"":""전국 집계값 — 좌표·폴리곤 없음."",""경계_폴리곤_파일"":null,""경작지_면적_km"":null,""관목_면적_km"":null,""기후기술_연계_근거"":""간접 · 원천 자체 분류 — ESA WorldCover 가 토지피복 등급을 Tree cover·Cropland·Built-up 등으로 정의·배포하며, 수목 피복 면적은 탄소 흡수원의 물리적 기반, 경작지·건물 면적은 토지이용 변화의 기준이 됨. 주 기술 23(탄소 흡수원), 부 기술 35(산림·생태계 부문 기술) — 2026-08-28 발주처 지시에 따라 tech_id에 ';'로 연결해 복수 기입. [근거자료] ESA_WorldCover_10m_2021_v200_*_Map.tif (Discrete Classification, 등급 10~95) · FAOSTAT Land Cover(LC) Item=Artificial surfaces 등"",""나지_희박식생_면적_km"":null,""레코드_키"":""VNM_lc_artificial_surface_2021"",""맹그로브_면적_km"":null,""수목_면적_km"":null,""연도"":2021,""영구수체_면적_km"":null,""전국_값"":296.41,""전국_단위"":""1000 ha"",""전국_지표명"":""토지피복 면적 — 시가화지역(인공지표)"",""지역명_로마자"":""Viet Nam"",""지역명_베트남어"":""Việt Nam"",""초본습지_면적_km"":null,""초지_면적_km"":null,""합계_km"":null,""행정단위"":""Country""}",,전국 · 토지피복 면적 — 시가화지역(인공지표) · [실적치] · FAOSTAT Land Cover · Area from CCI_LC (Flag=E),,,,B-037.xlsx,1.2_entity(레코드형),96,
B-037,"토지피복 분류별 면적[경작지, 산림, 초지, 건물, 수체, 나지]",entity,v124-b-037-entity-00094,B-037_landcover_national,VNM,,,,,,,,,토지피복 면적 — 시가화지역(인공지표),,,"{""2025_개편_후_소속_34개_체계"":""전국(개편 무관)"",""건물_인공지표_면적_km"":null,""경계_면적_km_GADM"":null,""경계_좌표_산출근거"":""전국 집계값 — 좌표·폴리곤 없음."",""경계_폴리곤_파일"":null,""경작지_면적_km"":null,""관목_면적_km"":null,""기후기술_연계_근거"":""간접 · 원천 자체 분류 — ESA WorldCover 가 토지피복 등급을 Tree cover·Cropland·Built-up 등으로 정의·배포하며, 수목 피복 면적은 탄소 흡수원의 물리적 기반, 경작지·건물 면적은 토지이용 변화의 기준이 됨. 주 기술 23(탄소 흡수원), 부 기술 35(산림·생태계 부문 기술) — 2026-08-28 발주처 지시에 따라 tech_id에 ';'로 연결해 복수 기입. [근거자료] ESA_WorldCover_10m_2021_v200_*_Map.tif (Discrete Classification, 등급 10~95) · FAOSTAT Land Cover(LC) Item=Artificial surfaces 등"",""나지_희박식생_면적_km"":null,""레코드_키"":""VNM_lc_artificial_surface_2022"",""맹그로브_면적_km"":null,""수목_면적_km"":null,""연도"":2022,""영구수체_면적_km"":null,""전국_값"":327.29,""전국_단위"":""1000 ha"",""전국_지표명"":""토지피복 면적 — 시가화지역(인공지표)"",""지역명_로마자"":""Viet Nam"",""지역명_베트남어"":""Việt Nam"",""초본습지_면적_km"":null,""초지_면적_km"":null,""합계_km"":null,""행정단위"":""Country""}",,전국 · 토지피복 면적 — 시가화지역(인공지표) · [실적치] · FAOSTAT Land Cover · Area from CCI_LC (Flag=E),,,,B-037.xlsx,1.2_entity(레코드형),97,
B-037,"토지피복 분류별 면적[경작지, 산림, 초지, 건물, 수체, 나지]",entity,v124-b-037-entity-00095,B-037_landcover_national,VNM,,,,,,,,,토지피복 면적(CGLS) — 시가화지역(인공지표),,,"{""2025_개편_후_소속_34개_체계"":""전국(개편 무관)"",""건물_인공지표_면적_km"":null,""경계_면적_km_GADM"":null,""경계_좌표_산출근거"":""전국 집계값 — 좌표·폴리곤 없음."",""경계_폴리곤_파일"":null,""경작지_면적_km"":null,""관목_면적_km"":null,""기후기술_연계_근거"":""간접 · 원천 자체 분류 — ESA WorldCover 가 토지피복 등급을 Tree cover·Cropland·Built-up 등으로 정의·배포하며, 수목 피복 면적은 탄소 흡수원의 물리적 기반, 경작지·건물 면적은 토지이용 변화의 기준이 됨. 주 기술 23(탄소 흡수원), 부 기술 35(산림·생태계 부문 기술) — 2026-08-28 발주처 지시에 따라 tech_id에 ';'로 연결해 복수 기입. [근거자료] ESA_WorldCover_10m_2021_v200_*_Map.tif (Discrete Classification, 등급 10~95) · FAOSTAT Land Cover(LC) Item=Artificial surfaces 등"",""나지_희박식생_면적_km"":null,""레코드_키"":""VNM_lc_artificial_surface_cgls_2015"",""맹그로브_면적_km"":null,""수목_면적_km"":null,""연도"":2015,""영구수체_면적_km"":null,""전국_값"":1438.97,""전국_단위"":""1000 ha"",""전국_지표명"":""토지피복 면적(CGLS) — 시가화지역(인공지표)"",""지역명_로마자"":""Viet Nam"",""지역명_베트남어"":""Việt Nam"",""초본습지_면적_km"":null,""초지_면적_km"":null,""합계_km"":null,""행정단위"":""Country""}",,전국 · 토지피복 면적(CGLS) — 시가화지역(인공지표) · [실적치] · FAOSTAT Land Cover · Area from CGLS (Flag=E),,,,B-037.xlsx,1.2_entity(레코드형),98,
B-037,"토지피복 분류별 면적[경작지, 산림, 초지, 건물, 수체, 나지]",entity,v124-b-037-entity-00096,B-037_landcover_national,VNM,,,,,,,,,토지피복 면적(CGLS) — 시가화지역(인공지표),,,"{""2025_개편_후_소속_34개_체계"":""전국(개편 무관)"",""건물_인공지표_면적_km"":null,""경계_면적_km_GADM"":null,""경계_좌표_산출근거"":""전국 집계값 — 좌표·폴리곤 없음."",""경계_폴리곤_파일"":null,""경작지_면적_km"":null,""관목_면적_km"":null,""기후기술_연계_근거"":""간접 · 원천 자체 분류 — ESA WorldCover 가 토지피복 등급을 Tree cover·Cropland·Built-up 등으로 정의·배포하며, 수목 피복 면적은 탄소 흡수원의 물리적 기반, 경작지·건물 면적은 토지이용 변화의 기준이 됨. 주 기술 23(탄소 흡수원), 부 기술 35(산림·생태계 부문 기술) — 2026-08-28 발주처 지시에 따라 tech_id에 ';'로 연결해 복수 기입. [근거자료] ESA_WorldCover_10m_2021_v200_*_Map.tif (Discrete Classification, 등급 10~95) · FAOSTAT Land Cover(LC) Item=Artificial surfaces 등"",""나지_희박식생_면적_km"":null,""레코드_키"":""VNM_lc_artificial_surface_cgls_2016"",""맹그로브_면적_km"":null,""수목_면적_km"":null,""연도"":2016,""영구수체_면적_km"":null,""전국_값"":1440.68,""전국_단위"":""1000 ha"",""전국_지표명"":""토지피복 면적(CGLS) — 시가화지역(인공지표)"",""지역명_로마자"":""Viet Nam"",""지역명_베트남어"":""Việt Nam"",""초본습지_면적_km"":null,""초지_면적_km"":null,""합계_km"":null,""행정단위"":""Country""}",,전국 · 토지피복 면적(CGLS) — 시가화지역(인공지표) · [실적치] · FAOSTAT Land Cover · Area from CGLS (Flag=E),,,,B-037.xlsx,1.2_entity(레코드형),99,
B-037,"토지피복 분류별 면적[경작지, 산림, 초지, 건물, 수체, 나지]",entity,v124-b-037-entity-00097,B-037_landcover_national,VNM,,,,,,,,,토지피복 면적(CGLS) — 시가화지역(인공지표),,,"{""2025_개편_후_소속_34개_체계"":""전국(개편 무관)"",""건물_인공지표_면적_km"":null,""경계_면적_km_GADM"":null,""경계_좌표_산출근거"":""전국 집계값 — 좌표·폴리곤 없음."",""경계_폴리곤_파일"":null,""경작지_면적_km"":null,""관목_면적_km"":null,""기후기술_연계_근거"":""간접 · 원천 자체 분류 — ESA WorldCover 가 토지피복 등급을 Tree cover·Cropland·Built-up 등으로 정의·배포하며, 수목 피복 면적은 탄소 흡수원의 물리적 기반, 경작지·건물 면적은 토지이용 변화의 기준이 됨. 주 기술 23(탄소 흡수원), 부 기술 35(산림·생태계 부문 기술) — 2026-08-28 발주처 지시에 따라 tech_id에 ';'로 연결해 복수 기입. [근거자료] ESA_WorldCover_10m_2021_v200_*_Map.tif (Discrete Classification, 등급 10~95) · FAOSTAT Land Cover(LC) Item=Artificial surfaces 등"",""나지_희박식생_면적_km"":null,""레코드_키"":""VNM_lc_artificial_surface_cgls_2017"",""맹그로브_면적_km"":null,""수목_면적_km"":null,""연도"":2017,""영구수체_면적_km"":null,""전국_값"":1444.16,""전국_단위"":""1000 ha"",""전국_지표명"":""토지피복 면적(CGLS) — 시가화지역(인공지표)"",""지역명_로마자"":""Viet Nam"",""지역명_베트남어"":""Việt Nam"",""초본습지_면적_km"":null,""초지_면적_km"":null,""합계_km"":null,""행정단위"":""Country""}",,전국 · 토지피복 면적(CGLS) — 시가화지역(인공지표) · [실적치] · FAOSTAT Land Cover · Area from CGLS (Flag=E),,,,B-037.xlsx,1.2_entity(레코드형),100,
B-037,"토지피복 분류별 면적[경작지, 산림, 초지, 건물, 수체, 나지]",entity,v124-b-037-entity-00098,B-037_landcover_national,VNM,,,,,,,,,토지피복 면적(CGLS) — 시가화지역(인공지표),,,"{""2025_개편_후_소속_34개_체계"":""전국(개편 무관)"",""건물_인공지표_면적_km"":null,""경계_면적_km_GADM"":null,""경계_좌표_산출근거"":""전국 집계값 — 좌표·폴리곤 없음."",""경계_폴리곤_파일"":null,""경작지_면적_km"":null,""관목_면적_km"":null,""기후기술_연계_근거"":""간접 · 원천 자체 분류 — ESA WorldCover 가 토지피복 등급을 Tree cover·Cropland·Built-up 등으로 정의·배포하며, 수목 피복 면적은 탄소 흡수원의 물리적 기반, 경작지·건물 면적은 토지이용 변화의 기준이 됨. 주 기술 23(탄소 흡수원), 부 기술 35(산림·생태계 부문 기술) — 2026-08-28 발주처 지시에 따라 tech_id에 ';'로 연결해 복수 기입. [근거자료] ESA_WorldCover_10m_2021_v200_*_Map.tif (Discrete Classification, 등급 10~95) · FAOSTAT Land Cover(LC) Item=Artificial surfaces 등"",""나지_희박식생_면적_km"":null,""레코드_키"":""VNM_lc_artificial_surface_cgls_2018"",""맹그로브_면적_km"":null,""수목_면적_km"":null,""연도"":2018,""영구수체_면적_km"":null,""전국_값"":1446.1,""전국_단위"":""1000 ha"",""전국_지표명"":""토지피복 면적(CGLS) — 시가화지역(인공지표)"",""지역명_로마자"":""Viet Nam"",""지역명_베트남어"":""Việt Nam"",""초본습지_면적_km"":null,""초지_면적_km"":null,""합계_km"":null,""행정단위"":""Country""}",,전국 · 토지피복 면적(CGLS) — 시가화지역(인공지표) · [실적치] · FAOSTAT Land Cover · Area from CGLS (Flag=E),,,,B-037.xlsx,1.2_entity(레코드형),101,
B-037,"토지피복 분류별 면적[경작지, 산림, 초지, 건물, 수체, 나지]",entity,v124-b-037-entity-00099,B-037_landcover_national,VNM,,,,,,,,,토지피복 면적(CGLS) — 시가화지역(인공지표),,,"{""2025_개편_후_소속_34개_체계"":""전국(개편 무관)"",""건물_인공지표_면적_km"":null,""경계_면적_km_GADM"":null,""경계_좌표_산출근거"":""전국 집계값 — 좌표·폴리곤 없음."",""경계_폴리곤_파일"":null,""경작지_면적_km"":null,""관목_면적_km"":null,""기후기술_연계_근거"":""간접 · 원천 자체 분류 — ESA WorldCover 가 토지피복 등급을 Tree cover·Cropland·Built-up 등으로 정의·배포하며, 수목 피복 면적은 탄소 흡수원의 물리적 기반, 경작지·건물 면적은 토지이용 변화의 기준이 됨. 주 기술 23(탄소 흡수원), 부 기술 35(산림·생태계 부문 기술) — 2026-08-28 발주처 지시에 따라 tech_id에 ';'로 연결해 복수 기입. [근거자료] ESA_WorldCover_10m_2021_v200_*_Map.tif (Discrete Classification, 등급 10~95) · FAOSTAT Land Cover(LC) Item=Artificial surfaces 등"",""나지_희박식생_면적_km"":null,""레코드_키"":""VNM_lc_artificial_surface_cgls_2019"",""맹그로브_면적_km"":null,""수목_면적_km"":null,""연도"":2019,""영구수체_면적_km"":null,""전국_값"":1447.96,""전국_단위"":""1000 ha"",""전국_지표명"":""토지피복 면적(CGLS) — 시가화지역(인공지표)"",""지역명_로마자"":""Viet Nam"",""지역명_베트남어"":""Việt Nam"",""초본습지_면적_km"":null,""초지_면적_km"":null,""합계_km"":null,""행정단위"":""Country""}",,전국 · 토지피복 면적(CGLS) — 시가화지역(인공지표) · [실적치] · FAOSTAT Land Cover · Area from CGLS (Flag=E),,,,B-037.xlsx,1.2_entity(레코드형),102,
B-037,"토지피복 분류별 면적[경작지, 산림, 초지, 건물, 수체, 나지]",entity,v124-b-037-entity-00100,B-037_landcover_national,VNM,,,,,,,,,토지피복 면적(MODIS) — 시가화지역(인공지표),,,"{""2025_개편_후_소속_34개_체계"":""전국(개편 무관)"",""건물_인공지표_면적_km"":null,""경계_면적_km_GADM"":null,""경계_좌표_산출근거"":""전국 집계값 — 좌표·폴리곤 없음."",""경계_폴리곤_파일"":null,""경작지_면적_km"":null,""관목_면적_km"":null,""기후기술_연계_근거"":""간접 · 원천 자체 분류 — ESA WorldCover 가 토지피복 등급을 Tree cover·Cropland·Built-up 등으로 정의·배포하며, 수목 피복 면적은 탄소 흡수원의 물리적 기반, 경작지·건물 면적은 토지이용 변화의 기준이 됨. 주 기술 23(탄소 흡수원), 부 기술 35(산림·생태계 부문 기술) — 2026-08-28 발주처 지시에 따라 tech_id에 ';'로 연결해 복수 기입. [근거자료] ESA_WorldCover_10m_2021_v200_*_Map.tif (Discrete Classification, 등급 10~95) · FAOSTAT Land Cover(LC) Item=Artificial surfaces 등"",""나지_희박식생_면적_km"":null,""레코드_키"":""VNM_lc_artificial_surface_modis_2001"",""맹그로브_면적_km"":null,""수목_면적_km"":null,""연도"":2001,""영구수체_면적_km"":null,""전국_값"":454.84,""전국_단위"":""1000 ha"",""전국_지표명"":""토지피복 면적(MODIS) — 시가화지역(인공지표)"",""지역명_로마자"":""Viet Nam"",""지역명_베트남어"":""Việt Nam"",""초본습지_면적_km"":null,""초지_면적_km"":null,""합계_km"":null,""행정단위"":""Country""}",,전국 · 토지피복 면적(MODIS) — 시가화지역(인공지표) · [실적치] · FAOSTAT Land Cover · Area from MODIS (Flag=E),,,,B-037.xlsx,1.2_entity(레코드형),103,
B-037,"토지피복 분류별 면적[경작지, 산림, 초지, 건물, 수체, 나지]",entity,v124-b-037-entity-00101,B-037_landcover_national,VNM,,,,,,,,,토지피복 면적(MODIS) — 시가화지역(인공지표),,,"{""2025_개편_후_소속_34개_체계"":""전국(개편 무관)"",""건물_인공지표_면적_km"":null,""경계_면적_km_GADM"":null,""경계_좌표_산출근거"":""전국 집계값 — 좌표·폴리곤 없음."",""경계_폴리곤_파일"":null,""경작지_면적_km"":null,""관목_면적_km"":null,""기후기술_연계_근거"":""간접 · 원천 자체 분류 — ESA WorldCover 가 토지피복 등급을 Tree cover·Cropland·Built-up 등으로 정의·배포하며, 수목 피복 면적은 탄소 흡수원의 물리적 기반, 경작지·건물 면적은 토지이용 변화의 기준이 됨. 주 기술 23(탄소 흡수원), 부 기술 35(산림·생태계 부문 기술) — 2026-08-28 발주처 지시에 따라 tech_id에 ';'로 연결해 복수 기입. [근거자료] ESA_WorldCover_10m_2021_v200_*_Map.tif (Discrete Classification, 등급 10~95) · FAOSTAT Land Cover(LC) Item=Artificial surfaces 등"",""나지_희박식생_면적_km"":null,""레코드_키"":""VNM_lc_artificial_surface_modis_2002"",""맹그로브_면적_km"":null,""수목_면적_km"":null,""연도"":2002,""영구수체_면적_km"":null,""전국_값"":466.82,""전국_단위"":""1000 ha"",""전국_지표명"":""토지피복 면적(MODIS) — 시가화지역(인공지표)"",""지역명_로마자"":""Viet Nam"",""지역명_베트남어"":""Việt Nam"",""초본습지_면적_km"":null,""초지_면적_km"":null,""합계_km"":null,""행정단위"":""Country""}",,전국 · 토지피복 면적(MODIS) — 시가화지역(인공지표) · [실적치] · FAOSTAT Land Cover · Area from MODIS (Flag=E),,,,B-037.xlsx,1.2_entity(레코드형),104,
B-037,"토지피복 분류별 면적[경작지, 산림, 초지, 건물, 수체, 나지]",entity,v124-b-037-entity-00102,B-037_landcover_national,VNM,,,,,,,,,토지피복 면적(MODIS) — 시가화지역(인공지표),,,"{""2025_개편_후_소속_34개_체계"":""전국(개편 무관)"",""건물_인공지표_면적_km"":null,""경계_면적_km_GADM"":null,""경계_좌표_산출근거"":""전국 집계값 — 좌표·폴리곤 없음."",""경계_폴리곤_파일"":null,""경작지_면적_km"":null,""관목_면적_km"":null,""기후기술_연계_근거"":""간접 · 원천 자체 분류 — ESA WorldCover 가 토지피복 등급을 Tree cover·Cropland·Built-up 등으로 정의·배포하며, 수목 피복 면적은 탄소 흡수원의 물리적 기반, 경작지·건물 면적은 토지이용 변화의 기준이 됨. 주 기술 23(탄소 흡수원), 부 기술 35(산림·생태계 부문 기술) — 2026-08-28 발주처 지시에 따라 tech_id에 ';'로 연결해 복수 기입. [근거자료] ESA_WorldCover_10m_2021_v200_*_Map.tif (Discrete Classification, 등급 10~95) · FAOSTAT Land Cover(LC) Item=Artificial surfaces 등"",""나지_희박식생_면적_km"":null,""레코드_키"":""VNM_lc_artificial_surface_modis_2003"",""맹그로브_면적_km"":null,""수목_면적_km"":null,""연도"":2003,""영구수체_면적_km"":null,""전국_값"":471.53,""전국_단위"":""1000 ha"",""전국_지표명"":""토지피복 면적(MODIS) — 시가화지역(인공지표)"",""지역명_로마자"":""Viet Nam"",""지역명_베트남어"":""Việt Nam"",""초본습지_면적_km"":null,""초지_면적_km"":null,""합계_km"":null,""행정단위"":""Country""}",,전국 · 토지피복 면적(MODIS) — 시가화지역(인공지표) · [실적치] · FAOSTAT Land Cover · Area from MODIS (Flag=E),,,,B-037.xlsx,1.2_entity(레코드형),105,
B-037,"토지피복 분류별 면적[경작지, 산림, 초지, 건물, 수체, 나지]",entity,v124-b-037-entity-00103,B-037_landcover_national,VNM,,,,,,,,,토지피복 면적(MODIS) — 시가화지역(인공지표),,,"{""2025_개편_후_소속_34개_체계"":""전국(개편 무관)"",""건물_인공지표_면적_km"":null,""경계_면적_km_GADM"":null,""경계_좌표_산출근거"":""전국 집계값 — 좌표·폴리곤 없음."",""경계_폴리곤_파일"":null,""경작지_면적_km"":null,""관목_면적_km"":null,""기후기술_연계_근거"":""간접 · 원천 자체 분류 — ESA WorldCover 가 토지피복 등급을 Tree cover·Cropland·Built-up 등으로 정의·배포하며, 수목 피복 면적은 탄소 흡수원의 물리적 기반, 경작지·건물 면적은 토지이용 변화의 기준이 됨. 주 기술 23(탄소 흡수원), 부 기술 35(산림·생태계 부문 기술) — 2026-08-28 발주처 지시에 따라 tech_id에 ';'로 연결해 복수 기입. [근거자료] ESA_WorldCover_10m_2021_v200_*_Map.tif (Discrete Classification, 등급 10~95) · FAOSTAT Land Cover(LC) Item=Artificial surfaces 등"",""나지_희박식생_면적_km"":null,""레코드_키"":""VNM_lc_artificial_surface_modis_2004"",""맹그로브_면적_km"":null,""수목_면적_km"":null,""연도"":2004,""영구수체_면적_km"":null,""전국_값"":474.82,""전국_단위"":""1000 ha"",""전국_지표명"":""토지피복 면적(MODIS) — 시가화지역(인공지표)"",""지역명_로마자"":""Viet Nam"",""지역명_베트남어"":""Việt Nam"",""초본습지_면적_km"":null,""초지_면적_km"":null,""합계_km"":null,""행정단위"":""Country""}",,전국 · 토지피복 면적(MODIS) — 시가화지역(인공지표) · [실적치] · FAOSTAT Land Cover · Area from MODIS (Flag=E),,,,B-037.xlsx,1.2_entity(레코드형),106,
B-037,"토지피복 분류별 면적[경작지, 산림, 초지, 건물, 수체, 나지]",entity,v124-b-037-entity-00104,B-037_landcover_national,VNM,,,,,,,,,토지피복 면적(MODIS) — 시가화지역(인공지표),,,"{""2025_개편_후_소속_34개_체계"":""전국(개편 무관)"",""건물_인공지표_면적_km"":null,""경계_면적_km_GADM"":null,""경계_좌표_산출근거"":""전국 집계값 — 좌표·폴리곤 없음."",""경계_폴리곤_파일"":null,""경작지_면적_km"":null,""관목_면적_km"":null,""기후기술_연계_근거"":""간접 · 원천 자체 분류 — ESA WorldCover 가 토지피복 등급을 Tree cover·Cropland·Built-up 등으로 정의·배포하며, 수목 피복 면적은 탄소 흡수원의 물리적 기반, 경작지·건물 면적은 토지이용 변화의 기준이 됨. 주 기술 23(탄소 흡수원), 부 기술 35(산림·생태계 부문 기술) — 2026-08-28 발주처 지시에 따라 tech_id에 ';'로 연결해 복수 기입. [근거자료] ESA_WorldCover_10m_2021_v200_*_Map.tif (Discrete Classification, 등급 10~95) · FAOSTAT Land Cover(LC) Item=Artificial surfaces 등"",""나지_희박식생_면적_km"":null,""레코드_키"":""VNM_lc_artificial_surface_modis_2005"",""맹그로브_면적_km"":null,""수목_면적_km"":null,""연도"":2005,""영구수체_면적_km"":null,""전국_값"":477.92,""전국_단위"":""1000 ha"",""전국_지표명"":""토지피복 면적(MODIS) — 시가화지역(인공지표)"",""지역명_로마자"":""Viet Nam"",""지역명_베트남어"":""Việt Nam"",""초본습지_면적_km"":null,""초지_면적_km"":null,""합계_km"":null,""행정단위"":""Country""}",,전국 · 토지피복 면적(MODIS) — 시가화지역(인공지표) · [실적치] · FAOSTAT Land Cover · Area from MODIS (Flag=E),,,,B-037.xlsx,1.2_entity(레코드형),107,
B-037,"토지피복 분류별 면적[경작지, 산림, 초지, 건물, 수체, 나지]",entity,v124-b-037-entity-00105,B-037_landcover_national,VNM,,,,,,,,,토지피복 면적(MODIS) — 시가화지역(인공지표),,,"{""2025_개편_후_소속_34개_체계"":""전국(개편 무관)"",""건물_인공지표_면적_km"":null,""경계_면적_km_GADM"":null,""경계_좌표_산출근거"":""전국 집계값 — 좌표·폴리곤 없음."",""경계_폴리곤_파일"":null,""경작지_면적_km"":null,""관목_면적_km"":null,""기후기술_연계_근거"":""간접 · 원천 자체 분류 — ESA WorldCover 가 토지피복 등급을 Tree cover·Cropland·Built-up 등으로 정의·배포하며, 수목 피복 면적은 탄소 흡수원의 물리적 기반, 경작지·건물 면적은 토지이용 변화의 기준이 됨. 주 기술 23(탄소 흡수원), 부 기술 35(산림·생태계 부문 기술) — 2026-08-28 발주처 지시에 따라 tech_id에 ';'로 연결해 복수 기입. [근거자료] ESA_WorldCover_10m_2021_v200_*_Map.tif (Discrete Classification, 등급 10~95) · FAOSTAT Land Cover(LC) Item=Artificial surfaces 등"",""나지_희박식생_면적_km"":null,""레코드_키"":""VNM_lc_artificial_surface_modis_2006"",""맹그로브_면적_km"":null,""수목_면적_km"":null,""연도"":2006,""영구수체_면적_km"":null,""전국_값"":482.69,""전국_단위"":""1000 ha"",""전국_지표명"":""토지피복 면적(MODIS) — 시가화지역(인공지표)"",""지역명_로마자"":""Viet Nam"",""지역명_베트남어"":""Việt Nam"",""초본습지_면적_km"":null,""초지_면적_km"":null,""합계_km"":null,""행정단위"":""Country""}",,전국 · 토지피복 면적(MODIS) — 시가화지역(인공지표) · [실적치] · FAOSTAT Land Cover · Area from MODIS (Flag=E),,,,B-037.xlsx,1.2_entity(레코드형),108,
B-037,"토지피복 분류별 면적[경작지, 산림, 초지, 건물, 수체, 나지]",entity,v124-b-037-entity-00106,B-037_landcover_national,VNM,,,,,,,,,토지피복 면적(MODIS) — 시가화지역(인공지표),,,"{""2025_개편_후_소속_34개_체계"":""전국(개편 무관)"",""건물_인공지표_면적_km"":null,""경계_면적_km_GADM"":null,""경계_좌표_산출근거"":""전국 집계값 — 좌표·폴리곤 없음."",""경계_폴리곤_파일"":null,""경작지_면적_km"":null,""관목_면적_km"":null,""기후기술_연계_근거"":""간접 · 원천 자체 분류 — ESA WorldCover 가 토지피복 등급을 Tree cover·Cropland·Built-up 등으로 정의·배포하며, 수목 피복 면적은 탄소 흡수원의 물리적 기반, 경작지·건물 면적은 토지이용 변화의 기준이 됨. 주 기술 23(탄소 흡수원), 부 기술 35(산림·생태계 부문 기술) — 2026-08-28 발주처 지시에 따라 tech_id에 ';'로 연결해 복수 기입. [근거자료] ESA_WorldCover_10m_2021_v200_*_Map.tif (Discrete Classification, 등급 10~95) · FAOSTAT Land Cover(LC) Item=Artificial surfaces 등"",""나지_희박식생_면적_km"":null,""레코드_키"":""VNM_lc_artificial_surface_modis_2007"",""맹그로브_면적_km"":null,""수목_면적_km"":null,""연도"":2007,""영구수체_면적_km"":null,""전국_값"":487.98,""전국_단위"":""1000 ha"",""전국_지표명"":""토지피복 면적(MODIS) — 시가화지역(인공지표)"",""지역명_로마자"":""Viet Nam"",""지역명_베트남어"":""Việt Nam"",""초본습지_면적_km"":null,""초지_면적_km"":null,""합계_km"":null,""행정단위"":""Country""}",,전국 · 토지피복 면적(MODIS) — 시가화지역(인공지표) · [실적치] · FAOSTAT Land Cover · Area from MODIS (Flag=E),,,,B-037.xlsx,1.2_entity(레코드형),109,
B-037,"토지피복 분류별 면적[경작지, 산림, 초지, 건물, 수체, 나지]",entity,v124-b-037-entity-00107,B-037_landcover_national,VNM,,,,,,,,,토지피복 면적(MODIS) — 시가화지역(인공지표),,,"{""2025_개편_후_소속_34개_체계"":""전국(개편 무관)"",""건물_인공지표_면적_km"":null,""경계_면적_km_GADM"":null,""경계_좌표_산출근거"":""전국 집계값 — 좌표·폴리곤 없음."",""경계_폴리곤_파일"":null,""경작지_면적_km"":null,""관목_면적_km"":null,""기후기술_연계_근거"":""간접 · 원천 자체 분류 — ESA WorldCover 가 토지피복 등급을 Tree cover·Cropland·Built-up 등으로 정의·배포하며, 수목 피복 면적은 탄소 흡수원의 물리적 기반, 경작지·건물 면적은 토지이용 변화의 기준이 됨. 주 기술 23(탄소 흡수원), 부 기술 35(산림·생태계 부문 기술) — 2026-08-28 발주처 지시에 따라 tech_id에 ';'로 연결해 복수 기입. [근거자료] ESA_WorldCover_10m_2021_v200_*_Map.tif (Discrete Classification, 등급 10~95) · FAOSTAT Land Cover(LC) Item=Artificial surfaces 등"",""나지_희박식생_면적_km"":null,""레코드_키"":""VNM_lc_artificial_surface_modis_2008"",""맹그로브_면적_km"":null,""수목_면적_km"":null,""연도"":2008,""영구수체_면적_km"":null,""전국_값"":491.61,""전국_단위"":""1000 ha"",""전국_지표명"":""토지피복 면적(MODIS) — 시가화지역(인공지표)"",""지역명_로마자"":""Viet Nam"",""지역명_베트남어"":""Việt Nam"",""초본습지_면적_km"":null,""초지_면적_km"":null,""합계_km"":null,""행정단위"":""Country""}",,전국 · 토지피복 면적(MODIS) — 시가화지역(인공지표) · [실적치] · FAOSTAT Land Cover · Area from MODIS (Flag=E),,,,B-037.xlsx,1.2_entity(레코드형),110,
B-037,"토지피복 분류별 면적[경작지, 산림, 초지, 건물, 수체, 나지]",entity,v124-b-037-entity-00108,B-037_landcover_national,VNM,,,,,,,,,토지피복 면적(MODIS) — 시가화지역(인공지표),,,"{""2025_개편_후_소속_34개_체계"":""전국(개편 무관)"",""건물_인공지표_면적_km"":null,""경계_면적_km_GADM"":null,""경계_좌표_산출근거"":""전국 집계값 — 좌표·폴리곤 없음."",""경계_폴리곤_파일"":null,""경작지_면적_km"":null,""관목_면적_km"":null,""기후기술_연계_근거"":""간접 · 원천 자체 분류 — ESA WorldCover 가 토지피복 등급을 Tree cover·Cropland·Built-up 등으로 정의·배포하며, 수목 피복 면적은 탄소 흡수원의 물리적 기반, 경작지·건물 면적은 토지이용 변화의 기준이 됨. 주 기술 23(탄소 흡수원), 부 기술 35(산림·생태계 부문 기술) — 2026-08-28 발주처 지시에 따라 tech_id에 ';'로 연결해 복수 기입. [근거자료] ESA_WorldCover_10m_2021_v200_*_Map.tif (Discrete Classification, 등급 10~95) · FAOSTAT Land Cover(LC) Item=Artificial surfaces 등"",""나지_희박식생_면적_km"":null,""레코드_키"":""VNM_lc_artificial_surface_modis_2009"",""맹그로브_면적_km"":null,""수목_면적_km"":null,""연도"":2009,""영구수체_면적_km"":null,""전국_값"":496.11,""전국_단위"":""1000 ha"",""전국_지표명"":""토지피복 면적(MODIS) — 시가화지역(인공지표)"",""지역명_로마자"":""Viet Nam"",""지역명_베트남어"":""Việt Nam"",""초본습지_면적_km"":null,""초지_면적_km"":null,""합계_km"":null,""행정단위"":""Country""}",,전국 · 토지피복 면적(MODIS) — 시가화지역(인공지표) · [실적치] · FAOSTAT Land Cover · Area from MODIS (Flag=E),,,,B-037.xlsx,1.2_entity(레코드형),111,
B-037,"토지피복 분류별 면적[경작지, 산림, 초지, 건물, 수체, 나지]",entity,v124-b-037-entity-00109,B-037_landcover_national,VNM,,,,,,,,,토지피복 면적(MODIS) — 시가화지역(인공지표),,,"{""2025_개편_후_소속_34개_체계"":""전국(개편 무관)"",""건물_인공지표_면적_km"":null,""경계_면적_km_GADM"":null,""경계_좌표_산출근거"":""전국 집계값 — 좌표·폴리곤 없음."",""경계_폴리곤_파일"":null,""경작지_면적_km"":null,""관목_면적_km"":null,""기후기술_연계_근거"":""간접 · 원천 자체 분류 — ESA WorldCover 가 토지피복 등급을 Tree cover·Cropland·Built-up 등으로 정의·배포하며, 수목 피복 면적은 탄소 흡수원의 물리적 기반, 경작지·건물 면적은 토지이용 변화의 기준이 됨. 주 기술 23(탄소 흡수원), 부 기술 35(산림·생태계 부문 기술) — 2026-08-28 발주처 지시에 따라 tech_id에 ';'로 연결해 복수 기입. [근거자료] ESA_WorldCover_10m_2021_v200_*_Map.tif (Discrete Classification, 등급 10~95) · FAOSTAT Land Cover(LC) Item=Artificial surfaces 등"",""나지_희박식생_면적_km"":null,""레코드_키"":""VNM_lc_artificial_surface_modis_2010"",""맹그로브_면적_km"":null,""수목_면적_km"":null,""연도"":2010,""영구수체_면적_km"":null,""전국_값"":500.83,""전국_단위"":""1000 ha"",""전국_지표명"":""토지피복 면적(MODIS) — 시가화지역(인공지표)"",""지역명_로마자"":""Viet Nam"",""지역명_베트남어"":""Việt Nam"",""초본습지_면적_km"":null,""초지_면적_km"":null,""합계_km"":null,""행정단위"":""Country""}",,전국 · 토지피복 면적(MODIS) — 시가화지역(인공지표) · [실적치] · FAOSTAT Land Cover · Area from MODIS (Flag=E),,,,B-037.xlsx,1.2_entity(레코드형),112,
B-037,"토지피복 분류별 면적[경작지, 산림, 초지, 건물, 수체, 나지]",entity,v124-b-037-entity-00110,B-037_landcover_national,VNM,,,,,,,,,토지피복 면적(MODIS) — 시가화지역(인공지표),,,"{""2025_개편_후_소속_34개_체계"":""전국(개편 무관)"",""건물_인공지표_면적_km"":null,""경계_면적_km_GADM"":null,""경계_좌표_산출근거"":""전국 집계값 — 좌표·폴리곤 없음."",""경계_폴리곤_파일"":null,""경작지_면적_km"":null,""관목_면적_km"":null,""기후기술_연계_근거"":""간접 · 원천 자체 분류 — ESA WorldCover 가 토지피복 등급을 Tree cover·Cropland·Built-up 등으로 정의·배포하며, 수목 피복 면적은 탄소 흡수원의 물리적 기반, 경작지·건물 면적은 토지이용 변화의 기준이 됨. 주 기술 23(탄소 흡수원), 부 기술 35(산림·생태계 부문 기술) — 2026-08-28 발주처 지시에 따라 tech_id에 ';'로 연결해 복수 기입. [근거자료] ESA_WorldCover_10m_2021_v200_*_Map.tif (Discrete Classification, 등급 10~95) · FAOSTAT Land Cover(LC) Item=Artificial surfaces 등"",""나지_희박식생_면적_km"":null,""레코드_키"":""VNM_lc_artificial_surface_modis_2011"",""맹그로브_면적_km"":null,""수목_면적_km"":null,""연도"":2011,""영구수체_면적_km"":null,""전국_값"":508.77,""전국_단위"":""1000 ha"",""전국_지표명"":""토지피복 면적(MODIS) — 시가화지역(인공지표)"",""지역명_로마자"":""Viet Nam"",""지역명_베트남어"":""Việt Nam"",""초본습지_면적_km"":null,""초지_면적_km"":null,""합계_km"":null,""행정단위"":""Country""}",,전국 · 토지피복 면적(MODIS) — 시가화지역(인공지표) · [실적치] · FAOSTAT Land Cover · Area from MODIS (Flag=E),,,,B-037.xlsx,1.2_entity(레코드형),113,
B-037,"토지피복 분류별 면적[경작지, 산림, 초지, 건물, 수체, 나지]",entity,v124-b-037-entity-00111,B-037_landcover_national,VNM,,,,,,,,,토지피복 면적(MODIS) — 시가화지역(인공지표),,,"{""2025_개편_후_소속_34개_체계"":""전국(개편 무관)"",""건물_인공지표_면적_km"":null,""경계_면적_km_GADM"":null,""경계_좌표_산출근거"":""전국 집계값 — 좌표·폴리곤 없음."",""경계_폴리곤_파일"":null,""경작지_면적_km"":null,""관목_면적_km"":null,""기후기술_연계_근거"":""간접 · 원천 자체 분류 — ESA WorldCover 가 토지피복 등급을 Tree cover·Cropland·Built-up 등으로 정의·배포하며, 수목 피복 면적은 탄소 흡수원의 물리적 기반, 경작지·건물 면적은 토지이용 변화의 기준이 됨. 주 기술 23(탄소 흡수원), 부 기술 35(산림·생태계 부문 기술) — 2026-08-28 발주처 지시에 따라 tech_id에 ';'로 연결해 복수 기입. [근거자료] ESA_WorldCover_10m_2021_v200_*_Map.tif (Discrete Classification, 등급 10~95) · FAOSTAT Land Cover(LC) Item=Artificial surfaces 등"",""나지_희박식생_면적_km"":null,""레코드_키"":""VNM_lc_artificial_surface_modis_2012"",""맹그로브_면적_km"":null,""수목_면적_km"":null,""연도"":2012,""영구수체_면적_km"":null,""전국_값"":516.58,""전국_단위"":""1000 ha"",""전국_지표명"":""토지피복 면적(MODIS) — 시가화지역(인공지표)"",""지역명_로마자"":""Viet Nam"",""지역명_베트남어"":""Việt Nam"",""초본습지_면적_km"":null,""초지_면적_km"":null,""합계_km"":null,""행정단위"":""Country""}",,전국 · 토지피복 면적(MODIS) — 시가화지역(인공지표) · [실적치] · FAOSTAT Land Cover · Area from MODIS (Flag=E),,,,B-037.xlsx,1.2_entity(레코드형),114,
B-037,"토지피복 분류별 면적[경작지, 산림, 초지, 건물, 수체, 나지]",entity,v124-b-037-entity-00112,B-037_landcover_national,VNM,,,,,,,,,토지피복 면적(MODIS) — 시가화지역(인공지표),,,"{""2025_개편_후_소속_34개_체계"":""전국(개편 무관)"",""건물_인공지표_면적_km"":null,""경계_면적_km_GADM"":null,""경계_좌표_산출근거"":""전국 집계값 — 좌표·폴리곤 없음."",""경계_폴리곤_파일"":null,""경작지_면적_km"":null,""관목_면적_km"":null,""기후기술_연계_근거"":""간접 · 원천 자체 분류 — ESA WorldCover 가 토지피복 등급을 Tree cover·Cropland·Built-up 등으로 정의·배포하며, 수목 피복 면적은 탄소 흡수원의 물리적 기반, 경작지·건물 면적은 토지이용 변화의 기준이 됨. 주 기술 23(탄소 흡수원), 부 기술 35(산림·생태계 부문 기술) — 2026-08-28 발주처 지시에 따라 tech_id에 ';'로 연결해 복수 기입. [근거자료] ESA_WorldCover_10m_2021_v200_*_Map.tif (Discrete Classification, 등급 10~95) · FAOSTAT Land Cover(LC) Item=Artificial surfaces 등"",""나지_희박식생_면적_km"":null,""레코드_키"":""VNM_lc_artificial_surface_modis_2013"",""맹그로브_면적_km"":null,""수목_면적_km"":null,""연도"":2013,""영구수체_면적_km"":null,""전국_값"":519.96,""전국_단위"":""1000 ha"",""전국_지표명"":""토지피복 면적(MODIS) — 시가화지역(인공지표)"",""지역명_로마자"":""Viet Nam"",""지역명_베트남어"":""Việt Nam"",""초본습지_면적_km"":null,""초지_면적_km"":null,""합계_km"":null,""행정단위"":""Country""}",,전국 · 토지피복 면적(MODIS) — 시가화지역(인공지표) · [실적치] · FAOSTAT Land Cover · Area from MODIS (Flag=E),,,,B-037.xlsx,1.2_entity(레코드형),115,
B-037,"토지피복 분류별 면적[경작지, 산림, 초지, 건물, 수체, 나지]",entity,v124-b-037-entity-00113,B-037_landcover_national,VNM,,,,,,,,,토지피복 면적(MODIS) — 시가화지역(인공지표),,,"{""2025_개편_후_소속_34개_체계"":""전국(개편 무관)"",""건물_인공지표_면적_km"":null,""경계_면적_km_GADM"":null,""경계_좌표_산출근거"":""전국 집계값 — 좌표·폴리곤 없음."",""경계_폴리곤_파일"":null,""경작지_면적_km"":null,""관목_면적_km"":null,""기후기술_연계_근거"":""간접 · 원천 자체 분류 — ESA WorldCover 가 토지피복 등급을 Tree cover·Cropland·Built-up 등으로 정의·배포하며, 수목 피복 면적은 탄소 흡수원의 물리적 기반, 경작지·건물 면적은 토지이용 변화의 기준이 됨. 주 기술 23(탄소 흡수원), 부 기술 35(산림·생태계 부문 기술) — 2026-08-28 발주처 지시에 따라 tech_id에 ';'로 연결해 복수 기입. [근거자료] ESA_WorldCover_10m_2021_v200_*_Map.tif (Discrete Classification, 등급 10~95) · FAOSTAT Land Cover(LC) Item=Artificial surfaces 등"",""나지_희박식생_면적_km"":null,""레코드_키"":""VNM_lc_artificial_surface_modis_2014"",""맹그로브_면적_km"":null,""수목_면적_km"":null,""연도"":2014,""영구수체_면적_km"":null,""전국_값"":522.08,""전국_단위"":""1000 ha"",""전국_지표명"":""토지피복 면적(MODIS) — 시가화지역(인공지표)"",""지역명_로마자"":""Viet Nam"",""지역명_베트남어"":""Việt Nam"",""초본습지_면적_km"":null,""초지_면적_km"":null,""합계_km"":null,""행정단위"":""Country""}",,전국 · 토지피복 면적(MODIS) — 시가화지역(인공지표) · [실적치] · FAOSTAT Land Cover · Area from MODIS (Flag=E),,,,B-037.xlsx,1.2_entity(레코드형),116,
B-037,"토지피복 분류별 면적[경작지, 산림, 초지, 건물, 수체, 나지]",entity,v124-b-037-entity-00114,B-037_landcover_national,VNM,,,,,,,,,토지피복 면적(MODIS) — 시가화지역(인공지표),,,"{""2025_개편_후_소속_34개_체계"":""전국(개편 무관)"",""건물_인공지표_면적_km"":null,""경계_면적_km_GADM"":null,""경계_좌표_산출근거"":""전국 집계값 — 좌표·폴리곤 없음."",""경계_폴리곤_파일"":null,""경작지_면적_km"":null,""관목_면적_km"":null,""기후기술_연계_근거"":""간접 · 원천 자체 분류 — ESA WorldCover 가 토지피복 등급을 Tree cover·Cropland·Built-up 등으로 정의·배포하며, 수목 피복 면적은 탄소 흡수원의 물리적 기반, 경작지·건물 면적은 토지이용 변화의 기준이 됨. 주 기술 23(탄소 흡수원), 부 기술 35(산림·생태계 부문 기술) — 2026-08-28 발주처 지시에 따라 tech_id에 ';'로 연결해 복수 기입. [근거자료] ESA_WorldCover_10m_2021_v200_*_Map.tif (Discrete Classification, 등급 10~95) · FAOSTAT Land Cover(LC) Item=Artificial surfaces 등"",""나지_희박식생_면적_km"":null,""레코드_키"":""VNM_lc_artificial_surface_modis_2015"",""맹그로브_면적_km"":null,""수목_면적_km"":null,""연도"":2015,""영구수체_면적_km"":null,""전국_값"":525.01,""전국_단위"":""1000 ha"",""전국_지표명"":""토지피복 면적(MODIS) — 시가화지역(인공지표)"",""지역명_로마자"":""Viet Nam"",""지역명_베트남어"":""Việt Nam"",""초본습지_면적_km"":null,""초지_면적_km"":null,""합계_km"":null,""행정단위"":""Country""}",,전국 · 토지피복 면적(MODIS) — 시가화지역(인공지표) · [실적치] · FAOSTAT Land Cover · Area from MODIS (Flag=E),,,,B-037.xlsx,1.2_entity(레코드형),117,
B-037,"토지피복 분류별 면적[경작지, 산림, 초지, 건물, 수체, 나지]",entity,v124-b-037-entity-00115,B-037_landcover_national,VNM,,,,,,,,,토지피복 면적(MODIS) — 시가화지역(인공지표),,,"{""2025_개편_후_소속_34개_체계"":""전국(개편 무관)"",""건물_인공지표_면적_km"":null,""경계_면적_km_GADM"":null,""경계_좌표_산출근거"":""전국 집계값 — 좌표·폴리곤 없음."",""경계_폴리곤_파일"":null,""경작지_면적_km"":null,""관목_면적_km"":null,""기후기술_연계_근거"":""간접 · 원천 자체 분류 — ESA WorldCover 가 토지피복 등급을 Tree cover·Cropland·Built-up 등으로 정의·배포하며, 수목 피복 면적은 탄소 흡수원의 물리적 기반, 경작지·건물 면적은 토지이용 변화의 기준이 됨. 주 기술 23(탄소 흡수원), 부 기술 35(산림·생태계 부문 기술) — 2026-08-28 발주처 지시에 따라 tech_id에 ';'로 연결해 복수 기입. [근거자료] ESA_WorldCover_10m_2021_v200_*_Map.tif (Discrete Classification, 등급 10~95) · FAOSTAT Land Cover(LC) Item=Artificial surfaces 등"",""나지_희박식생_면적_km"":null,""레코드_키"":""VNM_lc_artificial_surface_modis_2016"",""맹그로브_면적_km"":null,""수목_면적_km"":null,""연도"":2016,""영구수체_면적_km"":null,""전국_값"":528.49,""전국_단위"":""1000 ha"",""전국_지표명"":""토지피복 면적(MODIS) — 시가화지역(인공지표)"",""지역명_로마자"":""Viet Nam"",""지역명_베트남어"":""Việt Nam"",""초본습지_면적_km"":null,""초지_면적_km"":null,""합계_km"":null,""행정단위"":""Country""}",,전국 · 토지피복 면적(MODIS) — 시가화지역(인공지표) · [실적치] · FAOSTAT Land Cover · Area from MODIS (Flag=E),,,,B-037.xlsx,1.2_entity(레코드형),118,
B-037,"토지피복 분류별 면적[경작지, 산림, 초지, 건물, 수체, 나지]",entity,v124-b-037-entity-00116,B-037_landcover_national,VNM,,,,,,,,,토지피복 면적(MODIS) — 시가화지역(인공지표),,,"{""2025_개편_후_소속_34개_체계"":""전국(개편 무관)"",""건물_인공지표_면적_km"":null,""경계_면적_km_GADM"":null,""경계_좌표_산출근거"":""전국 집계값 — 좌표·폴리곤 없음."",""경계_폴리곤_파일"":null,""경작지_면적_km"":null,""관목_면적_km"":null,""기후기술_연계_근거"":""간접 · 원천 자체 분류 — ESA WorldCover 가 토지피복 등급을 Tree cover·Cropland·Built-up 등으로 정의·배포하며, 수목 피복 면적은 탄소 흡수원의 물리적 기반, 경작지·건물 면적은 토지이용 변화의 기준이 됨. 주 기술 23(탄소 흡수원), 부 기술 35(산림·생태계 부문 기술) — 2026-08-28 발주처 지시에 따라 tech_id에 ';'로 연결해 복수 기입. [근거자료] ESA_WorldCover_10m_2021_v200_*_Map.tif (Discrete Classification, 등급 10~95) · FAOSTAT Land Cover(LC) Item=Artificial surfaces 등"",""나지_희박식생_면적_km"":null,""레코드_키"":""VNM_lc_artificial_surface_modis_2017"",""맹그로브_면적_km"":null,""수목_면적_km"":null,""연도"":2017,""영구수체_면적_km"":null,""전국_값"":534.12,""전국_단위"":""1000 ha"",""전국_지표명"":""토지피복 면적(MODIS) — 시가화지역(인공지표)"",""지역명_로마자"":""Viet Nam"",""지역명_베트남어"":""Việt Nam"",""초본습지_면적_km"":null,""초지_면적_km"":null,""합계_km"":null,""행정단위"":""Country""}",,전국 · 토지피복 면적(MODIS) — 시가화지역(인공지표) · [실적치] · FAOSTAT Land Cover · Area from MODIS (Flag=E),,,,B-037.xlsx,1.2_entity(레코드형),119,
B-037,"토지피복 분류별 면적[경작지, 산림, 초지, 건물, 수체, 나지]",entity,v124-b-037-entity-00117,B-037_landcover_national,VNM,,,,,,,,,토지피복 면적(MODIS) — 시가화지역(인공지표),,,"{""2025_개편_후_소속_34개_체계"":""전국(개편 무관)"",""건물_인공지표_면적_km"":null,""경계_면적_km_GADM"":null,""경계_좌표_산출근거"":""전국 집계값 — 좌표·폴리곤 없음."",""경계_폴리곤_파일"":null,""경작지_면적_km"":null,""관목_면적_km"":null,""기후기술_연계_근거"":""간접 · 원천 자체 분류 — ESA WorldCover 가 토지피복 등급을 Tree cover·Cropland·Built-up 등으로 정의·배포하며, 수목 피복 면적은 탄소 흡수원의 물리적 기반, 경작지·건물 면적은 토지이용 변화의 기준이 됨. 주 기술 23(탄소 흡수원), 부 기술 35(산림·생태계 부문 기술) — 2026-08-28 발주처 지시에 따라 tech_id에 ';'로 연결해 복수 기입. [근거자료] ESA_WorldCover_10m_2021_v200_*_Map.tif (Discrete Classification, 등급 10~95) · FAOSTAT Land Cover(LC) Item=Artificial surfaces 등"",""나지_희박식생_면적_km"":null,""레코드_키"":""VNM_lc_artificial_surface_modis_2018"",""맹그로브_면적_km"":null,""수목_면적_km"":null,""연도"":2018,""영구수체_면적_km"":null,""전국_값"":540.6,""전국_단위"":""1000 ha"",""전국_지표명"":""토지피복 면적(MODIS) — 시가화지역(인공지표)"",""지역명_로마자"":""Viet Nam"",""지역명_베트남어"":""Việt Nam"",""초본습지_면적_km"":null,""초지_면적_km"":null,""합계_km"":null,""행정단위"":""Country""}",,전국 · 토지피복 면적(MODIS) — 시가화지역(인공지표) · [실적치] · FAOSTAT Land Cover · Area from MODIS (Flag=E),,,,B-037.xlsx,1.2_entity(레코드형),120,
B-037,"토지피복 분류별 면적[경작지, 산림, 초지, 건물, 수체, 나지]",entity,v124-b-037-entity-00118,B-037_landcover_national,VNM,,,,,,,,,토지피복 면적(MODIS) — 시가화지역(인공지표),,,"{""2025_개편_후_소속_34개_체계"":""전국(개편 무관)"",""건물_인공지표_면적_km"":null,""경계_면적_km_GADM"":null,""경계_좌표_산출근거"":""전국 집계값 — 좌표·폴리곤 없음."",""경계_폴리곤_파일"":null,""경작지_면적_km"":null,""관목_면적_km"":null,""기후기술_연계_근거"":""간접 · 원천 자체 분류 — ESA WorldCover 가 토지피복 등급을 Tree cover·Cropland·Built-up 등으로 정의·배포하며, 수목 피복 면적은 탄소 흡수원의 물리적 기반, 경작지·건물 면적은 토지이용 변화의 기준이 됨. 주 기술 23(탄소 흡수원), 부 기술 35(산림·생태계 부문 기술) — 2026-08-28 발주처 지시에 따라 tech_id에 ';'로 연결해 복수 기입. [근거자료] ESA_WorldCover_10m_2021_v200_*_Map.tif (Discrete Classification, 등급 10~95) · FAOSTAT Land Cover(LC) Item=Artificial surfaces 등"",""나지_희박식생_면적_km"":null,""레코드_키"":""VNM_lc_artificial_surface_modis_2019"",""맹그로브_면적_km"":null,""수목_면적_km"":null,""연도"":2019,""영구수체_면적_km"":null,""전국_값"":547.85,""전국_단위"":""1000 ha"",""전국_지표명"":""토지피복 면적(MODIS) — 시가화지역(인공지표)"",""지역명_로마자"":""Viet Nam"",""지역명_베트남어"":""Việt Nam"",""초본습지_면적_km"":null,""초지_면적_km"":null,""합계_km"":null,""행정단위"":""Country""}",,전국 · 토지피복 면적(MODIS) — 시가화지역(인공지표) · [실적치] · FAOSTAT Land Cover · Area from MODIS (Flag=E),,,,B-037.xlsx,1.2_entity(레코드형),121,
B-037,"토지피복 분류별 면적[경작지, 산림, 초지, 건물, 수체, 나지]",entity,v124-b-037-entity-00119,B-037_landcover_national,VNM,,,,,,,,,토지피복 면적(MODIS) — 시가화지역(인공지표),,,"{""2025_개편_후_소속_34개_체계"":""전국(개편 무관)"",""건물_인공지표_면적_km"":null,""경계_면적_km_GADM"":null,""경계_좌표_산출근거"":""전국 집계값 — 좌표·폴리곤 없음."",""경계_폴리곤_파일"":null,""경작지_면적_km"":null,""관목_면적_km"":null,""기후기술_연계_근거"":""간접 · 원천 자체 분류 — ESA WorldCover 가 토지피복 등급을 Tree cover·Cropland·Built-up 등으로 정의·배포하며, 수목 피복 면적은 탄소 흡수원의 물리적 기반, 경작지·건물 면적은 토지이용 변화의 기준이 됨. 주 기술 23(탄소 흡수원), 부 기술 35(산림·생태계 부문 기술) — 2026-08-28 발주처 지시에 따라 tech_id에 ';'로 연결해 복수 기입. [근거자료] ESA_WorldCover_10m_2021_v200_*_Map.tif (Discrete Classification, 등급 10~95) · FAOSTAT Land Cover(LC) Item=Artificial surfaces 등"",""나지_희박식생_면적_km"":null,""레코드_키"":""VNM_lc_artificial_surface_modis_2020"",""맹그로브_면적_km"":null,""수목_면적_km"":null,""연도"":2020,""영구수체_면적_km"":null,""전국_값"":555.06,""전국_단위"":""1000 ha"",""전국_지표명"":""토지피복 면적(MODIS) — 시가화지역(인공지표)"",""지역명_로마자"":""Viet Nam"",""지역명_베트남어"":""Việt Nam"",""초본습지_면적_km"":null,""초지_면적_km"":null,""합계_km"":null,""행정단위"":""Country""}",,전국 · 토지피복 면적(MODIS) — 시가화지역(인공지표) · [실적치] · FAOSTAT Land Cover · Area from MODIS (Flag=E),,,,B-037.xlsx,1.2_entity(레코드형),122,
B-037,"토지피복 분류별 면적[경작지, 산림, 초지, 건물, 수체, 나지]",entity,v124-b-037-entity-00120,B-037_landcover_national,VNM,,,,,,,,,토지피복 면적(MODIS) — 시가화지역(인공지표),,,"{""2025_개편_후_소속_34개_체계"":""전국(개편 무관)"",""건물_인공지표_면적_km"":null,""경계_면적_km_GADM"":null,""경계_좌표_산출근거"":""전국 집계값 — 좌표·폴리곤 없음."",""경계_폴리곤_파일"":null,""경작지_면적_km"":null,""관목_면적_km"":null,""기후기술_연계_근거"":""간접 · 원천 자체 분류 — ESA WorldCover 가 토지피복 등급을 Tree cover·Cropland·Built-up 등으로 정의·배포하며, 수목 피복 면적은 탄소 흡수원의 물리적 기반, 경작지·건물 면적은 토지이용 변화의 기준이 됨. 주 기술 23(탄소 흡수원), 부 기술 35(산림·생태계 부문 기술) — 2026-08-28 발주처 지시에 따라 tech_id에 ';'로 연결해 복수 기입. [근거자료] ESA_WorldCover_10m_2021_v200_*_Map.tif (Discrete Classification, 등급 10~95) · FAOSTAT Land Cover(LC) Item=Artificial surfaces 등"",""나지_희박식생_면적_km"":null,""레코드_키"":""VNM_lc_artificial_surface_modis_2021"",""맹그로브_면적_km"":null,""수목_면적_km"":null,""연도"":2021,""영구수체_면적_km"":null,""전국_값"":561.64,""전국_단위"":""1000 ha"",""전국_지표명"":""토지피복 면적(MODIS) — 시가화지역(인공지표)"",""지역명_로마자"":""Viet Nam"",""지역명_베트남어"":""Việt Nam"",""초본습지_면적_km"":null,""초지_면적_km"":null,""합계_km"":null,""행정단위"":""Country""}",,전국 · 토지피복 면적(MODIS) — 시가화지역(인공지표) · [실적치] · FAOSTAT Land Cover · Area from MODIS (Flag=E),,,,B-037.xlsx,1.2_entity(레코드형),123,
B-037,"토지피복 분류별 면적[경작지, 산림, 초지, 건물, 수체, 나지]",entity,v124-b-037-entity-00121,B-037_landcover_national,VNM,,,,,,,,,토지피복 면적(MODIS) — 시가화지역(인공지표),,,"{""2025_개편_후_소속_34개_체계"":""전국(개편 무관)"",""건물_인공지표_면적_km"":null,""경계_면적_km_GADM"":null,""경계_좌표_산출근거"":""전국 집계값 — 좌표·폴리곤 없음."",""경계_폴리곤_파일"":null,""경작지_면적_km"":null,""관목_면적_km"":null,""기후기술_연계_근거"":""간접 · 원천 자체 분류 — ESA WorldCover 가 토지피복 등급을 Tree cover·Cropland·Built-up 등으로 정의·배포하며, 수목 피복 면적은 탄소 흡수원의 물리적 기반, 경작지·건물 면적은 토지이용 변화의 기준이 됨. 주 기술 23(탄소 흡수원), 부 기술 35(산림·생태계 부문 기술) — 2026-08-28 발주처 지시에 따라 tech_id에 ';'로 연결해 복수 기입. [근거자료] ESA_WorldCover_10m_2021_v200_*_Map.tif (Discrete Classification, 등급 10~95) · FAOSTAT Land Cover(LC) Item=Artificial surfaces 등"",""나지_희박식생_면적_km"":null,""레코드_키"":""VNM_lc_artificial_surface_modis_2022"",""맹그로브_면적_km"":null,""수목_면적_km"":null,""연도"":2022,""영구수체_면적_km"":null,""전국_값"":565.28,""전국_단위"":""1000 ha"",""전국_지표명"":""토지피복 면적(MODIS) — 시가화지역(인공지표)"",""지역명_로마자"":""Viet Nam"",""지역명_베트남어"":""Việt Nam"",""초본습지_면적_km"":null,""초지_면적_km"":null,""합계_km"":null,""행정단위"":""Country""}",,전국 · 토지피복 면적(MODIS) — 시가화지역(인공지표) · [실적치] · FAOSTAT Land Cover · Area from MODIS (Flag=E),,,,B-037.xlsx,1.2_entity(레코드형),124,
B-037,"토지피복 분류별 면적[경작지, 산림, 초지, 건물, 수체, 나지]",entity,v124-b-037-entity-00122,B-037_landcover_national,VNM,,,,,,,,,토지피복 면적(MODIS) — 시가화지역(인공지표),,,"{""2025_개편_후_소속_34개_체계"":""전국(개편 무관)"",""건물_인공지표_면적_km"":null,""경계_면적_km_GADM"":null,""경계_좌표_산출근거"":""전국 집계값 — 좌표·폴리곤 없음."",""경계_폴리곤_파일"":null,""경작지_면적_km"":null,""관목_면적_km"":null,""기후기술_연계_근거"":""간접 · 원천 자체 분류 — ESA WorldCover 가 토지피복 등급을 Tree cover·Cropland·Built-up 등으로 정의·배포하며, 수목 피복 면적은 탄소 흡수원의 물리적 기반, 경작지·건물 면적은 토지이용 변화의 기준이 됨. 주 기술 23(탄소 흡수원), 부 기술 35(산림·생태계 부문 기술) — 2026-08-28 발주처 지시에 따라 tech_id에 ';'로 연결해 복수 기입. [근거자료] ESA_WorldCover_10m_2021_v200_*_Map.tif (Discrete Classification, 등급 10~95) · FAOSTAT Land Cover(LC) Item=Artificial surfaces 등"",""나지_희박식생_면적_km"":null,""레코드_키"":""VNM_lc_artificial_surface_modis_2023"",""맹그로브_면적_km"":null,""수목_면적_km"":null,""연도"":2023,""영구수체_면적_km"":null,""전국_값"":571.5,""전국_단위"":""1000 ha"",""전국_지표명"":""토지피복 면적(MODIS) — 시가화지역(인공지표)"",""지역명_로마자"":""Viet Nam"",""지역명_베트남어"":""Việt Nam"",""초본습지_면적_km"":null,""초지_면적_km"":null,""합계_km"":null,""행정단위"":""Country""}",,전국 · 토지피복 면적(MODIS) — 시가화지역(인공지표) · [실적치] · FAOSTAT Land Cover · Area from MODIS (Flag=E),,,,B-037.xlsx,1.2_entity(레코드형),125,
B-037,"토지피복 분류별 면적[경작지, 산림, 초지, 건물, 수체, 나지]",entity,v124-b-037-entity-00123,B-037_landcover_national,VNM,,,,,,,,,토지피복 면적(MODIS) — 시가화지역(인공지표),,,"{""2025_개편_후_소속_34개_체계"":""전국(개편 무관)"",""건물_인공지표_면적_km"":null,""경계_면적_km_GADM"":null,""경계_좌표_산출근거"":""전국 집계값 — 좌표·폴리곤 없음."",""경계_폴리곤_파일"":null,""경작지_면적_km"":null,""관목_면적_km"":null,""기후기술_연계_근거"":""간접 · 원천 자체 분류 — ESA WorldCover 가 토지피복 등급을 Tree cover·Cropland·Built-up 등으로 정의·배포하며, 수목 피복 면적은 탄소 흡수원의 물리적 기반, 경작지·건물 면적은 토지이용 변화의 기준이 됨. 주 기술 23(탄소 흡수원), 부 기술 35(산림·생태계 부문 기술) — 2026-08-28 발주처 지시에 따라 tech_id에 ';'로 연결해 복수 기입. [근거자료] ESA_WorldCover_10m_2021_v200_*_Map.tif (Discrete Classification, 등급 10~95) · FAOSTAT Land Cover(LC) Item=Artificial surfaces 등"",""나지_희박식생_면적_km"":null,""레코드_키"":""VNM_lc_artificial_surface_modis_2024"",""맹그로브_면적_km"":null,""수목_면적_km"":null,""연도"":2024,""영구수체_면적_km"":null,""전국_값"":576.34,""전국_단위"":""1000 ha"",""전국_지표명"":""토지피복 면적(MODIS) — 시가화지역(인공지표)"",""지역명_로마자"":""Viet Nam"",""지역명_베트남어"":""Việt Nam"",""초본습지_면적_km"":null,""초지_면적_km"":null,""합계_km"":null,""행정단위"":""Country""}",,전국 · 토지피복 면적(MODIS) — 시가화지역(인공지표) · [실적치] · FAOSTAT Land Cover · Area from MODIS (Flag=E),,,,B-037.xlsx,1.2_entity(레코드형),126,
B-037,"토지피복 분류별 면적[경작지, 산림, 초지, 건물, 수체, 나지]",entity,v124-b-037-entity-00124,B-037_landcover_national,VNM,,,,,,,,,토지피복 면적(WorldCover) — 시가화지역(인공지표),,,"{""2025_개편_후_소속_34개_체계"":""전국(개편 무관)"",""건물_인공지표_면적_km"":null,""경계_면적_km_GADM"":null,""경계_좌표_산출근거"":""전국 집계값 — 좌표·폴리곤 없음."",""경계_폴리곤_파일"":null,""경작지_면적_km"":null,""관목_면적_km"":null,""기후기술_연계_근거"":""간접 · 원천 자체 분류 — ESA WorldCover 가 토지피복 등급을 Tree cover·Cropland·Built-up 등으로 정의·배포하며, 수목 피복 면적은 탄소 흡수원의 물리적 기반, 경작지·건물 면적은 토지이용 변화의 기준이 됨. 주 기술 23(탄소 흡수원), 부 기술 35(산림·생태계 부문 기술) — 2026-08-28 발주처 지시에 따라 tech_id에 ';'로 연결해 복수 기입. [근거자료] ESA_WorldCover_10m_2021_v200_*_Map.tif (Discrete Classification, 등급 10~95) · FAOSTAT Land Cover(LC) Item=Artificial surfaces 등"",""나지_희박식생_면적_km"":null,""레코드_키"":""VNM_lc_artificial_surface_wc_2020"",""맹그로브_면적_km"":null,""수목_면적_km"":null,""연도"":2020,""영구수체_면적_km"":null,""전국_값"":907.97,""전국_단위"":""1000 ha"",""전국_지표명"":""토지피복 면적(WorldCover) — 시가화지역(인공지표)"",""지역명_로마자"":""Viet Nam"",""지역명_베트남어"":""Việt Nam"",""초본습지_면적_km"":null,""초지_면적_km"":null,""합계_km"":null,""행정단위"":""Country""}",,전국 · 토지피복 면적(WorldCover) — 시가화지역(인공지표) · [실적치] · FAOSTAT Land Cover · Area from WorldCover (Flag=E),,,,B-037.xlsx,1.2_entity(레코드형),127,
B-037,"토지피복 분류별 면적[경작지, 산림, 초지, 건물, 수체, 나지]",entity,v124-b-037-entity-00125,B-037_landcover_national,VNM,,,,,,,,,토지피복 면적(WorldCover) — 시가화지역(인공지표),,,"{""2025_개편_후_소속_34개_체계"":""전국(개편 무관)"",""건물_인공지표_면적_km"":null,""경계_면적_km_GADM"":null,""경계_좌표_산출근거"":""전국 집계값 — 좌표·폴리곤 없음."",""경계_폴리곤_파일"":null,""경작지_면적_km"":null,""관목_면적_km"":null,""기후기술_연계_근거"":""간접 · 원천 자체 분류 — ESA WorldCover 가 토지피복 등급을 Tree cover·Cropland·Built-up 등으로 정의·배포하며, 수목 피복 면적은 탄소 흡수원의 물리적 기반, 경작지·건물 면적은 토지이용 변화의 기준이 됨. 주 기술 23(탄소 흡수원), 부 기술 35(산림·생태계 부문 기술) — 2026-08-28 발주처 지시에 따라 tech_id에 ';'로 연결해 복수 기입. [근거자료] ESA_WorldCover_10m_2021_v200_*_Map.tif (Discrete Classification, 등급 10~95) · FAOSTAT Land Cover(LC) Item=Artificial surfaces 등"",""나지_희박식생_면적_km"":null,""레코드_키"":""VNM_lc_artificial_surface_wc_2021"",""맹그로브_면적_km"":null,""수목_면적_km"":null,""연도"":2021,""영구수체_면적_km"":null,""전국_값"":1057.38,""전국_단위"":""1000 ha"",""전국_지표명"":""토지피복 면적(WorldCover) — 시가화지역(인공지표)"",""지역명_로마자"":""Viet Nam"",""지역명_베트남어"":""Việt Nam"",""초본습지_면적_km"":null,""초지_면적_km"":null,""합계_km"":null,""행정단위"":""Country""}",,전국 · 토지피복 면적(WorldCover) — 시가화지역(인공지표) · [실적치] · FAOSTAT Land Cover · Area from WorldCover (Flag=E),,,,B-037.xlsx,1.2_entity(레코드형),128,
B-037,"토지피복 분류별 면적[경작지, 산림, 초지, 건물, 수체, 나지]",entity,v124-b-037-entity-00126,B-037_landcover_national,VNM,,,,,,,,,토지피복 면적 — 연안 수체 및 조간대,,,"{""2025_개편_후_소속_34개_체계"":""전국(개편 무관)"",""건물_인공지표_면적_km"":null,""경계_면적_km_GADM"":null,""경계_좌표_산출근거"":""전국 집계값 — 좌표·폴리곤 없음."",""경계_폴리곤_파일"":null,""경작지_면적_km"":null,""관목_면적_km"":null,""기후기술_연계_근거"":""간접 · 원천 자체 분류 — ESA WorldCover 가 토지피복 등급을 Tree cover·Cropland·Built-up 등으로 정의·배포하며, 수목 피복 면적은 탄소 흡수원의 물리적 기반, 경작지·건물 면적은 토지이용 변화의 기준이 됨. 주 기술 23(탄소 흡수원), 부 기술 35(산림·생태계 부문 기술) — 2026-08-28 발주처 지시에 따라 tech_id에 ';'로 연결해 복수 기입. [근거자료] ESA_WorldCover_10m_2021_v200_*_Map.tif (Discrete Classification, 등급 10~95) · FAOSTAT Land Cover(LC) Item=Artificial surfaces 등"",""나지_희박식생_면적_km"":null,""레코드_키"":""VNM_lc_coastal_water_bodi_2022"",""맹그로브_면적_km"":null,""수목_면적_km"":null,""연도"":2022,""영구수체_면적_km"":null,""전국_값"":null,""전국_단위"":""1000 ha"",""전국_지표명"":""토지피복 면적 — 연안 수체 및 조간대"",""지역명_로마자"":""Viet Nam"",""지역명_베트남어"":""Việt Nam"",""초본습지_면적_km"":null,""초지_면적_km"":null,""합계_km"":null,""행정단위"":""Country""}",M03,전국 · 토지피복 면적 — 연안 수체 및 조간대 · ESA CCI Land Cover 분류체계에 해당 클래스가 없어 산출물이 값을 제공하지 않음,,,,B-037.xlsx,1.2_entity(레코드형),129,
B-037,"토지피복 분류별 면적[경작지, 산림, 초지, 건물, 수체, 나지]",entity,v124-b-037-entity-00127,B-037_landcover_national,VNM,,,,,,,,,토지피복 면적(CGLS) — 연안 수체 및 조간대,,,"{""2025_개편_후_소속_34개_체계"":""전국(개편 무관)"",""건물_인공지표_면적_km"":null,""경계_면적_km_GADM"":null,""경계_좌표_산출근거"":""전국 집계값 — 좌표·폴리곤 없음."",""경계_폴리곤_파일"":null,""경작지_면적_km"":null,""관목_면적_km"":null,""기후기술_연계_근거"":""간접 · 원천 자체 분류 — ESA WorldCover 가 토지피복 등급을 Tree cover·Cropland·Built-up 등으로 정의·배포하며, 수목 피복 면적은 탄소 흡수원의 물리적 기반, 경작지·건물 면적은 토지이용 변화의 기준이 됨. 주 기술 23(탄소 흡수원), 부 기술 35(산림·생태계 부문 기술) — 2026-08-28 발주처 지시에 따라 tech_id에 ';'로 연결해 복수 기입. [근거자료] ESA_WorldCover_10m_2021_v200_*_Map.tif (Discrete Classification, 등급 10~95) · FAOSTAT Land Cover(LC) Item=Artificial surfaces 등"",""나지_희박식생_면적_km"":null,""레코드_키"":""VNM_lc_coastal_water_bodi_cgls_2015"",""맹그로브_면적_km"":null,""수목_면적_km"":null,""연도"":2015,""영구수체_면적_km"":null,""전국_값"":268.21,""전국_단위"":""1000 ha"",""전국_지표명"":""토지피복 면적(CGLS) — 연안 수체 및 조간대"",""지역명_로마자"":""Viet Nam"",""지역명_베트남어"":""Việt Nam"",""초본습지_면적_km"":null,""초지_면적_km"":null,""합계_km"":null,""행정단위"":""Country""}",,전국 · 토지피복 면적(CGLS) — 연안 수체 및 조간대 · [실적치] · FAOSTAT Land Cover · Area from CGLS (Flag=E),,,,B-037.xlsx,1.2_entity(레코드형),130,
B-037,"토지피복 분류별 면적[경작지, 산림, 초지, 건물, 수체, 나지]",entity,v124-b-037-entity-00128,B-037_landcover_national,VNM,,,,,,,,,토지피복 면적(CGLS) — 연안 수체 및 조간대,,,"{""2025_개편_후_소속_34개_체계"":""전국(개편 무관)"",""건물_인공지표_면적_km"":null,""경계_면적_km_GADM"":null,""경계_좌표_산출근거"":""전국 집계값 — 좌표·폴리곤 없음."",""경계_폴리곤_파일"":null,""경작지_면적_km"":null,""관목_면적_km"":null,""기후기술_연계_근거"":""간접 · 원천 자체 분류 — ESA WorldCover 가 토지피복 등급을 Tree cover·Cropland·Built-up 등으로 정의·배포하며, 수목 피복 면적은 탄소 흡수원의 물리적 기반, 경작지·건물 면적은 토지이용 변화의 기준이 됨. 주 기술 23(탄소 흡수원), 부 기술 35(산림·생태계 부문 기술) — 2026-08-28 발주처 지시에 따라 tech_id에 ';'로 연결해 복수 기입. [근거자료] ESA_WorldCover_10m_2021_v200_*_Map.tif (Discrete Classification, 등급 10~95) · FAOSTAT Land Cover(LC) Item=Artificial surfaces 등"",""나지_희박식생_면적_km"":null,""레코드_키"":""VNM_lc_coastal_water_bodi_cgls_2016"",""맹그로브_면적_km"":null,""수목_면적_km"":null,""연도"":2016,""영구수체_면적_km"":null,""전국_값"":268.21,""전국_단위"":""1000 ha"",""전국_지표명"":""토지피복 면적(CGLS) — 연안 수체 및 조간대"",""지역명_로마자"":""Viet Nam"",""지역명_베트남어"":""Việt Nam"",""초본습지_면적_km"":null,""초지_면적_km"":null,""합계_km"":null,""행정단위"":""Country""}",,전국 · 토지피복 면적(CGLS) — 연안 수체 및 조간대 · [실적치] · FAOSTAT Land Cover · Area from CGLS (Flag=E),,,,B-037.xlsx,1.2_entity(레코드형),131,
B-037,"토지피복 분류별 면적[경작지, 산림, 초지, 건물, 수체, 나지]",entity,v124-b-037-entity-00129,B-037_landcover_national,VNM,,,,,,,,,토지피복 면적(CGLS) — 연안 수체 및 조간대,,,"{""2025_개편_후_소속_34개_체계"":""전국(개편 무관)"",""건물_인공지표_면적_km"":null,""경계_면적_km_GADM"":null,""경계_좌표_산출근거"":""전국 집계값 — 좌표·폴리곤 없음."",""경계_폴리곤_파일"":null,""경작지_면적_km"":null,""관목_면적_km"":null,""기후기술_연계_근거"":""간접 · 원천 자체 분류 — ESA WorldCover 가 토지피복 등급을 Tree cover·Cropland·Built-up 등으로 정의·배포하며, 수목 피복 면적은 탄소 흡수원의 물리적 기반, 경작지·건물 면적은 토지이용 변화의 기준이 됨. 주 기술 23(탄소 흡수원), 부 기술 35(산림·생태계 부문 기술) — 2026-08-28 발주처 지시에 따라 tech_id에 ';'로 연결해 복수 기입. [근거자료] ESA_WorldCover_10m_2021_v200_*_Map.tif (Discrete Classification, 등급 10~95) · FAOSTAT Land Cover(LC) Item=Artificial surfaces 등"",""나지_희박식생_면적_km"":null,""레코드_키"":""VNM_lc_coastal_water_bodi_cgls_2017"",""맹그로브_면적_km"":null,""수목_면적_km"":null,""연도"":2017,""영구수체_면적_km"":null,""전국_값"":268.21,""전국_단위"":""1000 ha"",""전국_지표명"":""토지피복 면적(CGLS) — 연안 수체 및 조간대"",""지역명_로마자"":""Viet Nam"",""지역명_베트남어"":""Việt Nam"",""초본습지_면적_km"":null,""초지_면적_km"":null,""합계_km"":null,""행정단위"":""Country""}",,전국 · 토지피복 면적(CGLS) — 연안 수체 및 조간대 · [실적치] · FAOSTAT Land Cover · Area from CGLS (Flag=E),,,,B-037.xlsx,1.2_entity(레코드형),132,
B-037,"토지피복 분류별 면적[경작지, 산림, 초지, 건물, 수체, 나지]",entity,v124-b-037-entity-00130,B-037_landcover_national,VNM,,,,,,,,,토지피복 면적(CGLS) — 연안 수체 및 조간대,,,"{""2025_개편_후_소속_34개_체계"":""전국(개편 무관)"",""건물_인공지표_면적_km"":null,""경계_면적_km_GADM"":null,""경계_좌표_산출근거"":""전국 집계값 — 좌표·폴리곤 없음."",""경계_폴리곤_파일"":null,""경작지_면적_km"":null,""관목_면적_km"":null,""기후기술_연계_근거"":""간접 · 원천 자체 분류 — ESA WorldCover 가 토지피복 등급을 Tree cover·Cropland·Built-up 등으로 정의·배포하며, 수목 피복 면적은 탄소 흡수원의 물리적 기반, 경작지·건물 면적은 토지이용 변화의 기준이 됨. 주 기술 23(탄소 흡수원), 부 기술 35(산림·생태계 부문 기술) — 2026-08-28 발주처 지시에 따라 tech_id에 ';'로 연결해 복수 기입. [근거자료] ESA_WorldCover_10m_2021_v200_*_Map.tif (Discrete Classification, 등급 10~95) · FAOSTAT Land Cover(LC) Item=Artificial surfaces 등"",""나지_희박식생_면적_km"":null,""레코드_키"":""VNM_lc_coastal_water_bodi_cgls_2018"",""맹그로브_면적_km"":null,""수목_면적_km"":null,""연도"":2018,""영구수체_면적_km"":null,""전국_값"":268.21,""전국_단위"":""1000 ha"",""전국_지표명"":""토지피복 면적(CGLS) — 연안 수체 및 조간대"",""지역명_로마자"":""Viet Nam"",""지역명_베트남어"":""Việt Nam"",""초본습지_면적_km"":null,""초지_면적_km"":null,""합계_km"":null,""행정단위"":""Country""}",,전국 · 토지피복 면적(CGLS) — 연안 수체 및 조간대 · [실적치] · FAOSTAT Land Cover · Area from CGLS (Flag=E),,,,B-037.xlsx,1.2_entity(레코드형),133,
B-037,"토지피복 분류별 면적[경작지, 산림, 초지, 건물, 수체, 나지]",entity,v124-b-037-entity-00131,B-037_landcover_national,VNM,,,,,,,,,토지피복 면적(CGLS) — 연안 수체 및 조간대,,,"{""2025_개편_후_소속_34개_체계"":""전국(개편 무관)"",""건물_인공지표_면적_km"":null,""경계_면적_km_GADM"":null,""경계_좌표_산출근거"":""전국 집계값 — 좌표·폴리곤 없음."",""경계_폴리곤_파일"":null,""경작지_면적_km"":null,""관목_면적_km"":null,""기후기술_연계_근거"":""간접 · 원천 자체 분류 — ESA WorldCover 가 토지피복 등급을 Tree cover·Cropland·Built-up 등으로 정의·배포하며, 수목 피복 면적은 탄소 흡수원의 물리적 기반, 경작지·건물 면적은 토지이용 변화의 기준이 됨. 주 기술 23(탄소 흡수원), 부 기술 35(산림·생태계 부문 기술) — 2026-08-28 발주처 지시에 따라 tech_id에 ';'로 연결해 복수 기입. [근거자료] ESA_WorldCover_10m_2021_v200_*_Map.tif (Discrete Classification, 등급 10~95) · FAOSTAT Land Cover(LC) Item=Artificial surfaces 등"",""나지_희박식생_면적_km"":null,""레코드_키"":""VNM_lc_coastal_water_bodi_cgls_2019"",""맹그로브_면적_km"":null,""수목_면적_km"":null,""연도"":2019,""영구수체_면적_km"":null,""전국_값"":268.21,""전국_단위"":""1000 ha"",""전국_지표명"":""토지피복 면적(CGLS) — 연안 수체 및 조간대"",""지역명_로마자"":""Viet Nam"",""지역명_베트남어"":""Việt Nam"",""초본습지_면적_km"":null,""초지_면적_km"":null,""합계_km"":null,""행정단위"":""Country""}",,전국 · 토지피복 면적(CGLS) — 연안 수체 및 조간대 · [실적치] · FAOSTAT Land Cover · Area from CGLS (Flag=E),,,,B-037.xlsx,1.2_entity(레코드형),134,
B-037,"토지피복 분류별 면적[경작지, 산림, 초지, 건물, 수체, 나지]",entity,v124-b-037-entity-00132,B-037_landcover_national,VNM,,,,,,,,,토지피복 면적(MODIS) — 연안 수체 및 조간대,,,"{""2025_개편_후_소속_34개_체계"":""전국(개편 무관)"",""건물_인공지표_면적_km"":null,""경계_면적_km_GADM"":null,""경계_좌표_산출근거"":""전국 집계값 — 좌표·폴리곤 없음."",""경계_폴리곤_파일"":null,""경작지_면적_km"":null,""관목_면적_km"":null,""기후기술_연계_근거"":""간접 · 원천 자체 분류 — ESA WorldCover 가 토지피복 등급을 Tree cover·Cropland·Built-up 등으로 정의·배포하며, 수목 피복 면적은 탄소 흡수원의 물리적 기반, 경작지·건물 면적은 토지이용 변화의 기준이 됨. 주 기술 23(탄소 흡수원), 부 기술 35(산림·생태계 부문 기술) — 2026-08-28 발주처 지시에 따라 tech_id에 ';'로 연결해 복수 기입. [근거자료] ESA_WorldCover_10m_2021_v200_*_Map.tif (Discrete Classification, 등급 10~95) · FAOSTAT Land Cover(LC) Item=Artificial surfaces 등"",""나지_희박식생_면적_km"":null,""레코드_키"":""VNM_lc_coastal_water_bodi_modis_2024"",""맹그로브_면적_km"":null,""수목_면적_km"":null,""연도"":2024,""영구수체_면적_km"":null,""전국_값"":null,""전국_단위"":""1000 ha"",""전국_지표명"":""토지피복 면적(MODIS) — 연안 수체 및 조간대"",""지역명_로마자"":""Viet Nam"",""지역명_베트남어"":""Việt Nam"",""초본습지_면적_km"":null,""초지_면적_km"":null,""합계_km"":null,""행정단위"":""Country""}",M03,"전국 · 토지피복 면적(MODIS) — 연안 수체 및 조간대 · MODIS Land Cover (MCD12Q1) 500m 산출물에 해당 클래스 행은 존재하나 전 연도 값이 공란(원천 Flag=O, 값 미산출)",,,,B-037.xlsx,1.2_entity(레코드형),135,
B-037,"토지피복 분류별 면적[경작지, 산림, 초지, 건물, 수체, 나지]",entity,v124-b-037-entity-00133,B-037_landcover_national,VNM,,,,,,,,,토지피복 면적(WorldCover) — 연안 수체 및 조간대,,,"{""2025_개편_후_소속_34개_체계"":""전국(개편 무관)"",""건물_인공지표_면적_km"":null,""경계_면적_km_GADM"":null,""경계_좌표_산출근거"":""전국 집계값 — 좌표·폴리곤 없음."",""경계_폴리곤_파일"":null,""경작지_면적_km"":null,""관목_면적_km"":null,""기후기술_연계_근거"":""간접 · 원천 자체 분류 — ESA WorldCover 가 토지피복 등급을 Tree cover·Cropland·Built-up 등으로 정의·배포하며, 수목 피복 면적은 탄소 흡수원의 물리적 기반, 경작지·건물 면적은 토지이용 변화의 기준이 됨. 주 기술 23(탄소 흡수원), 부 기술 35(산림·생태계 부문 기술) — 2026-08-28 발주처 지시에 따라 tech_id에 ';'로 연결해 복수 기입. [근거자료] ESA_WorldCover_10m_2021_v200_*_Map.tif (Discrete Classification, 등급 10~95) · FAOSTAT Land Cover(LC) Item=Artificial surfaces 등"",""나지_희박식생_면적_km"":null,""레코드_키"":""VNM_lc_coastal_water_bodi_wc_2021"",""맹그로브_면적_km"":null,""수목_면적_km"":null,""연도"":2021,""영구수체_면적_km"":null,""전국_값"":null,""전국_단위"":""1000 ha"",""전국_지표명"":""토지피복 면적(WorldCover) — 연안 수체 및 조간대"",""지역명_로마자"":""Viet Nam"",""지역명_베트남어"":""Việt Nam"",""초본습지_면적_km"":null,""초지_면적_km"":null,""합계_km"":null,""행정단위"":""Country""}",M03,"전국 · 토지피복 면적(WorldCover) — 연안 수체 및 조간대 · ESA WorldCover 10m 산출물에 해당 클래스 행은 존재하나 전 연도 값이 공란(원천 Flag=O, 값 미산출)",,,,B-037.xlsx,1.2_entity(레코드형),136,
B-037,"토지피복 분류별 면적[경작지, 산림, 초지, 건물, 수체, 나지]",entity,v124-b-037-entity-00134,B-037_landcover_national,VNM,,,,,,,,,토지피복 면적 — 초지,,,"{""2025_개편_후_소속_34개_체계"":""전국(개편 무관)"",""건물_인공지표_면적_km"":null,""경계_면적_km_GADM"":null,""경계_좌표_산출근거"":""전국 집계값 — 좌표·폴리곤 없음."",""경계_폴리곤_파일"":null,""경작지_면적_km"":null,""관목_면적_km"":null,""기후기술_연계_근거"":""간접 · 원천 자체 분류 — ESA WorldCover 가 토지피복 등급을 Tree cover·Cropland·Built-up 등으로 정의·배포하며, 수목 피복 면적은 탄소 흡수원의 물리적 기반, 경작지·건물 면적은 토지이용 변화의 기준이 됨. 주 기술 23(탄소 흡수원), 부 기술 35(산림·생태계 부문 기술) — 2026-08-28 발주처 지시에 따라 tech_id에 ';'로 연결해 복수 기입. [근거자료] ESA_WorldCover_10m_2021_v200_*_Map.tif (Discrete Classification, 등급 10~95) · FAOSTAT Land Cover(LC) Item=Artificial surfaces 등"",""나지_희박식생_면적_km"":null,""레코드_키"":""VNM_lc_grassland_1992"",""맹그로브_면적_km"":null,""수목_면적_km"":null,""연도"":1992,""영구수체_면적_km"":null,""전국_값"":1835.53,""전국_단위"":""1000 ha"",""전국_지표명"":""토지피복 면적 — 초지"",""지역명_로마자"":""Viet Nam"",""지역명_베트남어"":""Việt Nam"",""초본습지_면적_km"":null,""초지_면적_km"":null,""합계_km"":null,""행정단위"":""Country""}",,전국 · 토지피복 면적 — 초지 · [실적치] · FAOSTAT Land Cover · Area from CCI_LC (Flag=E),,,,B-037.xlsx,1.2_entity(레코드형),137,
B-037,"토지피복 분류별 면적[경작지, 산림, 초지, 건물, 수체, 나지]",entity,v124-b-037-entity-00135,B-037_landcover_national,VNM,,,,,,,,,토지피복 면적 — 초지,,,"{""2025_개편_후_소속_34개_체계"":""전국(개편 무관)"",""건물_인공지표_면적_km"":null,""경계_면적_km_GADM"":null,""경계_좌표_산출근거"":""전국 집계값 — 좌표·폴리곤 없음."",""경계_폴리곤_파일"":null,""경작지_면적_km"":null,""관목_면적_km"":null,""기후기술_연계_근거"":""간접 · 원천 자체 분류 — ESA WorldCover 가 토지피복 등급을 Tree cover·Cropland·Built-up 등으로 정의·배포하며, 수목 피복 면적은 탄소 흡수원의 물리적 기반, 경작지·건물 면적은 토지이용 변화의 기준이 됨. 주 기술 23(탄소 흡수원), 부 기술 35(산림·생태계 부문 기술) — 2026-08-28 발주처 지시에 따라 tech_id에 ';'로 연결해 복수 기입. [근거자료] ESA_WorldCover_10m_2021_v200_*_Map.tif (Discrete Classification, 등급 10~95) · FAOSTAT Land Cover(LC) Item=Artificial surfaces 등"",""나지_희박식생_면적_km"":null,""레코드_키"":""VNM_lc_grassland_1993"",""맹그로브_면적_km"":null,""수목_면적_km"":null,""연도"":1993,""영구수체_면적_km"":null,""전국_값"":1835.53,""전국_단위"":""1000 ha"",""전국_지표명"":""토지피복 면적 — 초지"",""지역명_로마자"":""Viet Nam"",""지역명_베트남어"":""Việt Nam"",""초본습지_면적_km"":null,""초지_면적_km"":null,""합계_km"":null,""행정단위"":""Country""}",,전국 · 토지피복 면적 — 초지 · [실적치] · FAOSTAT Land Cover · Area from CCI_LC (Flag=E),,,,B-037.xlsx,1.2_entity(레코드형),138,
B-037,"토지피복 분류별 면적[경작지, 산림, 초지, 건물, 수체, 나지]",entity,v124-b-037-entity-00136,B-037_landcover_national,VNM,,,,,,,,,토지피복 면적 — 초지,,,"{""2025_개편_후_소속_34개_체계"":""전국(개편 무관)"",""건물_인공지표_면적_km"":null,""경계_면적_km_GADM"":null,""경계_좌표_산출근거"":""전국 집계값 — 좌표·폴리곤 없음."",""경계_폴리곤_파일"":null,""경작지_면적_km"":null,""관목_면적_km"":null,""기후기술_연계_근거"":""간접 · 원천 자체 분류 — ESA WorldCover 가 토지피복 등급을 Tree cover·Cropland·Built-up 등으로 정의·배포하며, 수목 피복 면적은 탄소 흡수원의 물리적 기반, 경작지·건물 면적은 토지이용 변화의 기준이 됨. 주 기술 23(탄소 흡수원), 부 기술 35(산림·생태계 부문 기술) — 2026-08-28 발주처 지시에 따라 tech_id에 ';'로 연결해 복수 기입. [근거자료] ESA_WorldCover_10m_2021_v200_*_Map.tif (Discrete Classification, 등급 10~95) · FAOSTAT Land Cover(LC) Item=Artificial surfaces 등"",""나지_희박식생_면적_km"":null,""레코드_키"":""VNM_lc_grassland_1994"",""맹그로브_면적_km"":null,""수목_면적_km"":null,""연도"":1994,""영구수체_면적_km"":null,""전국_값"":1835.58,""전국_단위"":""1000 ha"",""전국_지표명"":""토지피복 면적 — 초지"",""지역명_로마자"":""Viet Nam"",""지역명_베트남어"":""Việt Nam"",""초본습지_면적_km"":null,""초지_면적_km"":null,""합계_km"":null,""행정단위"":""Country""}",,전국 · 토지피복 면적 — 초지 · [실적치] · FAOSTAT Land Cover · Area from CCI_LC (Flag=E),,,,B-037.xlsx,1.2_entity(레코드형),139,
B-037,"토지피복 분류별 면적[경작지, 산림, 초지, 건물, 수체, 나지]",entity,v124-b-037-entity-00137,B-037_landcover_national,VNM,,,,,,,,,토지피복 면적 — 초지,,,"{""2025_개편_후_소속_34개_체계"":""전국(개편 무관)"",""건물_인공지표_면적_km"":null,""경계_면적_km_GADM"":null,""경계_좌표_산출근거"":""전국 집계값 — 좌표·폴리곤 없음."",""경계_폴리곤_파일"":null,""경작지_면적_km"":null,""관목_면적_km"":null,""기후기술_연계_근거"":""간접 · 원천 자체 분류 — ESA WorldCover 가 토지피복 등급을 Tree cover·Cropland·Built-up 등으로 정의·배포하며, 수목 피복 면적은 탄소 흡수원의 물리적 기반, 경작지·건물 면적은 토지이용 변화의 기준이 됨. 주 기술 23(탄소 흡수원), 부 기술 35(산림·생태계 부문 기술) — 2026-08-28 발주처 지시에 따라 tech_id에 ';'로 연결해 복수 기입. [근거자료] ESA_WorldCover_10m_2021_v200_*_Map.tif (Discrete Classification, 등급 10~95) · FAOSTAT Land Cover(LC) Item=Artificial surfaces 등"",""나지_희박식생_면적_km"":null,""레코드_키"":""VNM_lc_grassland_1995"",""맹그로브_면적_km"":null,""수목_면적_km"":null,""연도"":1995,""영구수체_면적_km"":null,""전국_값"":1876.89,""전국_단위"":""1000 ha"",""전국_지표명"":""토지피복 면적 — 초지"",""지역명_로마자"":""Viet Nam"",""지역명_베트남어"":""Việt Nam"",""초본습지_면적_km"":null,""초지_면적_km"":null,""합계_km"":null,""행정단위"":""Country""}",,전국 · 토지피복 면적 — 초지 · [실적치] · FAOSTAT Land Cover · Area from CCI_LC (Flag=E),,,,B-037.xlsx,1.2_entity(레코드형),140,
B-037,"토지피복 분류별 면적[경작지, 산림, 초지, 건물, 수체, 나지]",entity,v124-b-037-entity-00138,B-037_landcover_national,VNM,,,,,,,,,토지피복 면적 — 초지,,,"{""2025_개편_후_소속_34개_체계"":""전국(개편 무관)"",""건물_인공지표_면적_km"":null,""경계_면적_km_GADM"":null,""경계_좌표_산출근거"":""전국 집계값 — 좌표·폴리곤 없음."",""경계_폴리곤_파일"":null,""경작지_면적_km"":null,""관목_면적_km"":null,""기후기술_연계_근거"":""간접 · 원천 자체 분류 — ESA WorldCover 가 토지피복 등급을 Tree cover·Cropland·Built-up 등으로 정의·배포하며, 수목 피복 면적은 탄소 흡수원의 물리적 기반, 경작지·건물 면적은 토지이용 변화의 기준이 됨. 주 기술 23(탄소 흡수원), 부 기술 35(산림·생태계 부문 기술) — 2026-08-28 발주처 지시에 따라 tech_id에 ';'로 연결해 복수 기입. [근거자료] ESA_WorldCover_10m_2021_v200_*_Map.tif (Discrete Classification, 등급 10~95) · FAOSTAT Land Cover(LC) Item=Artificial surfaces 등"",""나지_희박식생_면적_km"":null,""레코드_키"":""VNM_lc_grassland_1996"",""맹그로브_면적_km"":null,""수목_면적_km"":null,""연도"":1996,""영구수체_면적_km"":null,""전국_값"":1885.88,""전국_단위"":""1000 ha"",""전국_지표명"":""토지피복 면적 — 초지"",""지역명_로마자"":""Viet Nam"",""지역명_베트남어"":""Việt Nam"",""초본습지_면적_km"":null,""초지_면적_km"":null,""합계_km"":null,""행정단위"":""Country""}",,전국 · 토지피복 면적 — 초지 · [실적치] · FAOSTAT Land Cover · Area from CCI_LC (Flag=E),,,,B-037.xlsx,1.2_entity(레코드형),141,
B-037,"토지피복 분류별 면적[경작지, 산림, 초지, 건물, 수체, 나지]",entity,v124-b-037-entity-00139,B-037_landcover_national,VNM,,,,,,,,,토지피복 면적 — 초지,,,"{""2025_개편_후_소속_34개_체계"":""전국(개편 무관)"",""건물_인공지표_면적_km"":null,""경계_면적_km_GADM"":null,""경계_좌표_산출근거"":""전국 집계값 — 좌표·폴리곤 없음."",""경계_폴리곤_파일"":null,""경작지_면적_km"":null,""관목_면적_km"":null,""기후기술_연계_근거"":""간접 · 원천 자체 분류 — ESA WorldCover 가 토지피복 등급을 Tree cover·Cropland·Built-up 등으로 정의·배포하며, 수목 피복 면적은 탄소 흡수원의 물리적 기반, 경작지·건물 면적은 토지이용 변화의 기준이 됨. 주 기술 23(탄소 흡수원), 부 기술 35(산림·생태계 부문 기술) — 2026-08-28 발주처 지시에 따라 tech_id에 ';'로 연결해 복수 기입. [근거자료] ESA_WorldCover_10m_2021_v200_*_Map.tif (Discrete Classification, 등급 10~95) · FAOSTAT Land Cover(LC) Item=Artificial surfaces 등"",""나지_희박식생_면적_km"":null,""레코드_키"":""VNM_lc_grassland_1997"",""맹그로브_면적_km"":null,""수목_면적_km"":null,""연도"":1997,""영구수체_면적_km"":null,""전국_값"":1906.54,""전국_단위"":""1000 ha"",""전국_지표명"":""토지피복 면적 — 초지"",""지역명_로마자"":""Viet Nam"",""지역명_베트남어"":""Việt Nam"",""초본습지_면적_km"":null,""초지_면적_km"":null,""합계_km"":null,""행정단위"":""Country""}",,전국 · 토지피복 면적 — 초지 · [실적치] · FAOSTAT Land Cover · Area from CCI_LC (Flag=E),,,,B-037.xlsx,1.2_entity(레코드형),142,
B-037,"토지피복 분류별 면적[경작지, 산림, 초지, 건물, 수체, 나지]",entity,v124-b-037-entity-00140,B-037_landcover_national,VNM,,,,,,,,,토지피복 면적 — 초지,,,"{""2025_개편_후_소속_34개_체계"":""전국(개편 무관)"",""건물_인공지표_면적_km"":null,""경계_면적_km_GADM"":null,""경계_좌표_산출근거"":""전국 집계값 — 좌표·폴리곤 없음."",""경계_폴리곤_파일"":null,""경작지_면적_km"":null,""관목_면적_km"":null,""기후기술_연계_근거"":""간접 · 원천 자체 분류 — ESA WorldCover 가 토지피복 등급을 Tree cover·Cropland·Built-up 등으로 정의·배포하며, 수목 피복 면적은 탄소 흡수원의 물리적 기반, 경작지·건물 면적은 토지이용 변화의 기준이 됨. 주 기술 23(탄소 흡수원), 부 기술 35(산림·생태계 부문 기술) — 2026-08-28 발주처 지시에 따라 tech_id에 ';'로 연결해 복수 기입. [근거자료] ESA_WorldCover_10m_2021_v200_*_Map.tif (Discrete Classification, 등급 10~95) · FAOSTAT Land Cover(LC) Item=Artificial surfaces 등"",""나지_희박식생_면적_km"":null,""레코드_키"":""VNM_lc_grassland_1998"",""맹그로브_면적_km"":null,""수목_면적_km"":null,""연도"":1998,""영구수체_면적_km"":null,""전국_값"":1924.73,""전국_단위"":""1000 ha"",""전국_지표명"":""토지피복 면적 — 초지"",""지역명_로마자"":""Viet Nam"",""지역명_베트남어"":""Việt Nam"",""초본습지_면적_km"":null,""초지_면적_km"":null,""합계_km"":null,""행정단위"":""Country""}",,전국 · 토지피복 면적 — 초지 · [실적치] · FAOSTAT Land Cover · Area from CCI_LC (Flag=E),,,,B-037.xlsx,1.2_entity(레코드형),143,
B-037,"토지피복 분류별 면적[경작지, 산림, 초지, 건물, 수체, 나지]",entity,v124-b-037-entity-00141,B-037_landcover_national,VNM,,,,,,,,,토지피복 면적 — 초지,,,"{""2025_개편_후_소속_34개_체계"":""전국(개편 무관)"",""건물_인공지표_면적_km"":null,""경계_면적_km_GADM"":null,""경계_좌표_산출근거"":""전국 집계값 — 좌표·폴리곤 없음."",""경계_폴리곤_파일"":null,""경작지_면적_km"":null,""관목_면적_km"":null,""기후기술_연계_근거"":""간접 · 원천 자체 분류 — ESA WorldCover 가 토지피복 등급을 Tree cover·Cropland·Built-up 등으로 정의·배포하며, 수목 피복 면적은 탄소 흡수원의 물리적 기반, 경작지·건물 면적은 토지이용 변화의 기준이 됨. 주 기술 23(탄소 흡수원), 부 기술 35(산림·생태계 부문 기술) — 2026-08-28 발주처 지시에 따라 tech_id에 ';'로 연결해 복수 기입. [근거자료] ESA_WorldCover_10m_2021_v200_*_Map.tif (Discrete Classification, 등급 10~95) · FAOSTAT Land Cover(LC) Item=Artificial surfaces 등"",""나지_희박식생_면적_km"":null,""레코드_키"":""VNM_lc_grassland_1999"",""맹그로브_면적_km"":null,""수목_면적_km"":null,""연도"":1999,""영구수체_면적_km"":null,""전국_값"":1954.66,""전국_단위"":""1000 ha"",""전국_지표명"":""토지피복 면적 — 초지"",""지역명_로마자"":""Viet Nam"",""지역명_베트남어"":""Việt Nam"",""초본습지_면적_km"":null,""초지_면적_km"":null,""합계_km"":null,""행정단위"":""Country""}",,전국 · 토지피복 면적 — 초지 · [실적치] · FAOSTAT Land Cover · Area from CCI_LC (Flag=E),,,,B-037.xlsx,1.2_entity(레코드형),144,
B-037,"토지피복 분류별 면적[경작지, 산림, 초지, 건물, 수체, 나지]",entity,v124-b-037-entity-00142,B-037_landcover_national,VNM,,,,,,,,,토지피복 면적 — 초지,,,"{""2025_개편_후_소속_34개_체계"":""전국(개편 무관)"",""건물_인공지표_면적_km"":null,""경계_면적_km_GADM"":null,""경계_좌표_산출근거"":""전국 집계값 — 좌표·폴리곤 없음."",""경계_폴리곤_파일"":null,""경작지_면적_km"":null,""관목_면적_km"":null,""기후기술_연계_근거"":""간접 · 원천 자체 분류 — ESA WorldCover 가 토지피복 등급을 Tree cover·Cropland·Built-up 등으로 정의·배포하며, 수목 피복 면적은 탄소 흡수원의 물리적 기반, 경작지·건물 면적은 토지이용 변화의 기준이 됨. 주 기술 23(탄소 흡수원), 부 기술 35(산림·생태계 부문 기술) — 2026-08-28 발주처 지시에 따라 tech_id에 ';'로 연결해 복수 기입. [근거자료] ESA_WorldCover_10m_2021_v200_*_Map.tif (Discrete Classification, 등급 10~95) · FAOSTAT Land Cover(LC) Item=Artificial surfaces 등"",""나지_희박식생_면적_km"":null,""레코드_키"":""VNM_lc_grassland_2000"",""맹그로브_면적_km"":null,""수목_면적_km"":null,""연도"":2000,""영구수체_면적_km"":null,""전국_값"":1982.88,""전국_단위"":""1000 ha"",""전국_지표명"":""토지피복 면적 — 초지"",""지역명_로마자"":""Viet Nam"",""지역명_베트남어"":""Việt Nam"",""초본습지_면적_km"":null,""초지_면적_km"":null,""합계_km"":null,""행정단위"":""Country""}",,전국 · 토지피복 면적 — 초지 · [실적치] · FAOSTAT Land Cover · Area from CCI_LC (Flag=E),,,,B-037.xlsx,1.2_entity(레코드형),145,
B-037,"토지피복 분류별 면적[경작지, 산림, 초지, 건물, 수체, 나지]",entity,v124-b-037-entity-00143,B-037_landcover_national,VNM,,,,,,,,,토지피복 면적 — 초지,,,"{""2025_개편_후_소속_34개_체계"":""전국(개편 무관)"",""건물_인공지표_면적_km"":null,""경계_면적_km_GADM"":null,""경계_좌표_산출근거"":""전국 집계값 — 좌표·폴리곤 없음."",""경계_폴리곤_파일"":null,""경작지_면적_km"":null,""관목_면적_km"":null,""기후기술_연계_근거"":""간접 · 원천 자체 분류 — ESA WorldCover 가 토지피복 등급을 Tree cover·Cropland·Built-up 등으로 정의·배포하며, 수목 피복 면적은 탄소 흡수원의 물리적 기반, 경작지·건물 면적은 토지이용 변화의 기준이 됨. 주 기술 23(탄소 흡수원), 부 기술 35(산림·생태계 부문 기술) — 2026-08-28 발주처 지시에 따라 tech_id에 ';'로 연결해 복수 기입. [근거자료] ESA_WorldCover_10m_2021_v200_*_Map.tif (Discrete Classification, 등급 10~95) · FAOSTAT Land Cover(LC) Item=Artificial surfaces 등"",""나지_희박식생_면적_km"":null,""레코드_키"":""VNM_lc_grassland_2001"",""맹그로브_면적_km"":null,""수목_면적_km"":null,""연도"":2001,""영구수체_면적_km"":null,""전국_값"":2004.95,""전국_단위"":""1000 ha"",""전국_지표명"":""토지피복 면적 — 초지"",""지역명_로마자"":""Viet Nam"",""지역명_베트남어"":""Việt Nam"",""초본습지_면적_km"":null,""초지_면적_km"":null,""합계_km"":null,""행정단위"":""Country""}",,전국 · 토지피복 면적 — 초지 · [실적치] · FAOSTAT Land Cover · Area from CCI_LC (Flag=E),,,,B-037.xlsx,1.2_entity(레코드형),146,
B-037,"토지피복 분류별 면적[경작지, 산림, 초지, 건물, 수체, 나지]",entity,v124-b-037-entity-00144,B-037_landcover_national,VNM,,,,,,,,,토지피복 면적 — 초지,,,"{""2025_개편_후_소속_34개_체계"":""전국(개편 무관)"",""건물_인공지표_면적_km"":null,""경계_면적_km_GADM"":null,""경계_좌표_산출근거"":""전국 집계값 — 좌표·폴리곤 없음."",""경계_폴리곤_파일"":null,""경작지_면적_km"":null,""관목_면적_km"":null,""기후기술_연계_근거"":""간접 · 원천 자체 분류 — ESA WorldCover 가 토지피복 등급을 Tree cover·Cropland·Built-up 등으로 정의·배포하며, 수목 피복 면적은 탄소 흡수원의 물리적 기반, 경작지·건물 면적은 토지이용 변화의 기준이 됨. 주 기술 23(탄소 흡수원), 부 기술 35(산림·생태계 부문 기술) — 2026-08-28 발주처 지시에 따라 tech_id에 ';'로 연결해 복수 기입. [근거자료] ESA_WorldCover_10m_2021_v200_*_Map.tif (Discrete Classification, 등급 10~95) · FAOSTAT Land Cover(LC) Item=Artificial surfaces 등"",""나지_희박식생_면적_km"":null,""레코드_키"":""VNM_lc_grassland_2002"",""맹그로브_면적_km"":null,""수목_면적_km"":null,""연도"":2002,""영구수체_면적_km"":null,""전국_값"":2020.08,""전국_단위"":""1000 ha"",""전국_지표명"":""토지피복 면적 — 초지"",""지역명_로마자"":""Viet Nam"",""지역명_베트남어"":""Việt Nam"",""초본습지_면적_km"":null,""초지_면적_km"":null,""합계_km"":null,""행정단위"":""Country""}",,전국 · 토지피복 면적 — 초지 · [실적치] · FAOSTAT Land Cover · Area from CCI_LC (Flag=E),,,,B-037.xlsx,1.2_entity(레코드형),147,
B-037,"토지피복 분류별 면적[경작지, 산림, 초지, 건물, 수체, 나지]",entity,v124-b-037-entity-00145,B-037_landcover_national,VNM,,,,,,,,,토지피복 면적 — 초지,,,"{""2025_개편_후_소속_34개_체계"":""전국(개편 무관)"",""건물_인공지표_면적_km"":null,""경계_면적_km_GADM"":null,""경계_좌표_산출근거"":""전국 집계값 — 좌표·폴리곤 없음."",""경계_폴리곤_파일"":null,""경작지_면적_km"":null,""관목_면적_km"":null,""기후기술_연계_근거"":""간접 · 원천 자체 분류 — ESA WorldCover 가 토지피복 등급을 Tree cover·Cropland·Built-up 등으로 정의·배포하며, 수목 피복 면적은 탄소 흡수원의 물리적 기반, 경작지·건물 면적은 토지이용 변화의 기준이 됨. 주 기술 23(탄소 흡수원), 부 기술 35(산림·생태계 부문 기술) — 2026-08-28 발주처 지시에 따라 tech_id에 ';'로 연결해 복수 기입. [근거자료] ESA_WorldCover_10m_2021_v200_*_Map.tif (Discrete Classification, 등급 10~95) · FAOSTAT Land Cover(LC) Item=Artificial surfaces 등"",""나지_희박식생_면적_km"":null,""레코드_키"":""VNM_lc_grassland_2003"",""맹그로브_면적_km"":null,""수목_면적_km"":null,""연도"":2003,""영구수체_면적_km"":null,""전국_값"":2026.58,""전국_단위"":""1000 ha"",""전국_지표명"":""토지피복 면적 — 초지"",""지역명_로마자"":""Viet Nam"",""지역명_베트남어"":""Việt Nam"",""초본습지_면적_km"":null,""초지_면적_km"":null,""합계_km"":null,""행정단위"":""Country""}",,전국 · 토지피복 면적 — 초지 · [실적치] · FAOSTAT Land Cover · Area from CCI_LC (Flag=E),,,,B-037.xlsx,1.2_entity(레코드형),148,
B-037,"토지피복 분류별 면적[경작지, 산림, 초지, 건물, 수체, 나지]",entity,v124-b-037-entity-00146,B-037_landcover_national,VNM,,,,,,,,,토지피복 면적 — 초지,,,"{""2025_개편_후_소속_34개_체계"":""전국(개편 무관)"",""건물_인공지표_면적_km"":null,""경계_면적_km_GADM"":null,""경계_좌표_산출근거"":""전국 집계값 — 좌표·폴리곤 없음."",""경계_폴리곤_파일"":null,""경작지_면적_km"":null,""관목_면적_km"":null,""기후기술_연계_근거"":""간접 · 원천 자체 분류 — ESA WorldCover 가 토지피복 등급을 Tree cover·Cropland·Built-up 등으로 정의·배포하며, 수목 피복 면적은 탄소 흡수원의 물리적 기반, 경작지·건물 면적은 토지이용 변화의 기준이 됨. 주 기술 23(탄소 흡수원), 부 기술 35(산림·생태계 부문 기술) — 2026-08-28 발주처 지시에 따라 tech_id에 ';'로 연결해 복수 기입. [근거자료] ESA_WorldCover_10m_2021_v200_*_Map.tif (Discrete Classification, 등급 10~95) · FAOSTAT Land Cover(LC) Item=Artificial surfaces 등"",""나지_희박식생_면적_km"":null,""레코드_키"":""VNM_lc_grassland_2004"",""맹그로브_면적_km"":null,""수목_면적_km"":null,""연도"":2004,""영구수체_면적_km"":null,""전국_값"":2035.68,""전국_단위"":""1000 ha"",""전국_지표명"":""토지피복 면적 — 초지"",""지역명_로마자"":""Viet Nam"",""지역명_베트남어"":""Việt Nam"",""초본습지_면적_km"":null,""초지_면적_km"":null,""합계_km"":null,""행정단위"":""Country""}",,전국 · 토지피복 면적 — 초지 · [실적치] · FAOSTAT Land Cover · Area from CCI_LC (Flag=E),,,,B-037.xlsx,1.2_entity(레코드형),149,
B-037,"토지피복 분류별 면적[경작지, 산림, 초지, 건물, 수체, 나지]",entity,v124-b-037-entity-00147,B-037_landcover_national,VNM,,,,,,,,,토지피복 면적 — 초지,,,"{""2025_개편_후_소속_34개_체계"":""전국(개편 무관)"",""건물_인공지표_면적_km"":null,""경계_면적_km_GADM"":null,""경계_좌표_산출근거"":""전국 집계값 — 좌표·폴리곤 없음."",""경계_폴리곤_파일"":null,""경작지_면적_km"":null,""관목_면적_km"":null,""기후기술_연계_근거"":""간접 · 원천 자체 분류 — ESA WorldCover 가 토지피복 등급을 Tree cover·Cropland·Built-up 등으로 정의·배포하며, 수목 피복 면적은 탄소 흡수원의 물리적 기반, 경작지·건물 면적은 토지이용 변화의 기준이 됨. 주 기술 23(탄소 흡수원), 부 기술 35(산림·생태계 부문 기술) — 2026-08-28 발주처 지시에 따라 tech_id에 ';'로 연결해 복수 기입. [근거자료] ESA_WorldCover_10m_2021_v200_*_Map.tif (Discrete Classification, 등급 10~95) · FAOSTAT Land Cover(LC) Item=Artificial surfaces 등"",""나지_희박식생_면적_km"":null,""레코드_키"":""VNM_lc_grassland_2005"",""맹그로브_면적_km"":null,""수목_면적_km"":null,""연도"":2005,""영구수체_면적_km"":null,""전국_값"":2045.12,""전국_단위"":""1000 ha"",""전국_지표명"":""토지피복 면적 — 초지"",""지역명_로마자"":""Viet Nam"",""지역명_베트남어"":""Việt Nam"",""초본습지_면적_km"":null,""초지_면적_km"":null,""합계_km"":null,""행정단위"":""Country""}",,전국 · 토지피복 면적 — 초지 · [실적치] · FAOSTAT Land Cover · Area from CCI_LC (Flag=E),,,,B-037.xlsx,1.2_entity(레코드형),150,
B-037,"토지피복 분류별 면적[경작지, 산림, 초지, 건물, 수체, 나지]",entity,v124-b-037-entity-00148,B-037_landcover_national,VNM,,,,,,,,,토지피복 면적 — 초지,,,"{""2025_개편_후_소속_34개_체계"":""전국(개편 무관)"",""건물_인공지표_면적_km"":null,""경계_면적_km_GADM"":null,""경계_좌표_산출근거"":""전국 집계값 — 좌표·폴리곤 없음."",""경계_폴리곤_파일"":null,""경작지_면적_km"":null,""관목_면적_km"":null,""기후기술_연계_근거"":""간접 · 원천 자체 분류 — ESA WorldCover 가 토지피복 등급을 Tree cover·Cropland·Built-up 등으로 정의·배포하며, 수목 피복 면적은 탄소 흡수원의 물리적 기반, 경작지·건물 면적은 토지이용 변화의 기준이 됨. 주 기술 23(탄소 흡수원), 부 기술 35(산림·생태계 부문 기술) — 2026-08-28 발주처 지시에 따라 tech_id에 ';'로 연결해 복수 기입. [근거자료] ESA_WorldCover_10m_2021_v200_*_Map.tif (Discrete Classification, 등급 10~95) · FAOSTAT Land Cover(LC) Item=Artificial surfaces 등"",""나지_희박식생_면적_km"":null,""레코드_키"":""VNM_lc_grassland_2006"",""맹그로브_면적_km"":null,""수목_면적_km"":null,""연도"":2006,""영구수체_면적_km"":null,""전국_값"":2049.68,""전국_단위"":""1000 ha"",""전국_지표명"":""토지피복 면적 — 초지"",""지역명_로마자"":""Viet Nam"",""지역명_베트남어"":""Việt Nam"",""초본습지_면적_km"":null,""초지_면적_km"":null,""합계_km"":null,""행정단위"":""Country""}",,전국 · 토지피복 면적 — 초지 · [실적치] · FAOSTAT Land Cover · Area from CCI_LC (Flag=E),,,,B-037.xlsx,1.2_entity(레코드형),151,
B-037,"토지피복 분류별 면적[경작지, 산림, 초지, 건물, 수체, 나지]",entity,v124-b-037-entity-00149,B-037_landcover_national,VNM,,,,,,,,,토지피복 면적 — 초지,,,"{""2025_개편_후_소속_34개_체계"":""전국(개편 무관)"",""건물_인공지표_면적_km"":null,""경계_면적_km_GADM"":null,""경계_좌표_산출근거"":""전국 집계값 — 좌표·폴리곤 없음."",""경계_폴리곤_파일"":null,""경작지_면적_km"":null,""관목_면적_km"":null,""기후기술_연계_근거"":""간접 · 원천 자체 분류 — ESA WorldCover 가 토지피복 등급을 Tree cover·Cropland·Built-up 등으로 정의·배포하며, 수목 피복 면적은 탄소 흡수원의 물리적 기반, 경작지·건물 면적은 토지이용 변화의 기준이 됨. 주 기술 23(탄소 흡수원), 부 기술 35(산림·생태계 부문 기술) — 2026-08-28 발주처 지시에 따라 tech_id에 ';'로 연결해 복수 기입. [근거자료] ESA_WorldCover_10m_2021_v200_*_Map.tif (Discrete Classification, 등급 10~95) · FAOSTAT Land Cover(LC) Item=Artificial surfaces 등"",""나지_희박식생_면적_km"":null,""레코드_키"":""VNM_lc_grassland_2007"",""맹그로브_면적_km"":null,""수목_면적_km"":null,""연도"":2007,""영구수체_면적_km"":null,""전국_값"":2055.06,""전국_단위"":""1000 ha"",""전국_지표명"":""토지피복 면적 — 초지"",""지역명_로마자"":""Viet Nam"",""지역명_베트남어"":""Việt Nam"",""초본습지_면적_km"":null,""초지_면적_km"":null,""합계_km"":null,""행정단위"":""Country""}",,전국 · 토지피복 면적 — 초지 · [실적치] · FAOSTAT Land Cover · Area from CCI_LC (Flag=E),,,,B-037.xlsx,1.2_entity(레코드형),152,
B-037,"토지피복 분류별 면적[경작지, 산림, 초지, 건물, 수체, 나지]",entity,v124-b-037-entity-00150,B-037_landcover_national,VNM,,,,,,,,,토지피복 면적 — 초지,,,"{""2025_개편_후_소속_34개_체계"":""전국(개편 무관)"",""건물_인공지표_면적_km"":null,""경계_면적_km_GADM"":null,""경계_좌표_산출근거"":""전국 집계값 — 좌표·폴리곤 없음."",""경계_폴리곤_파일"":null,""경작지_면적_km"":null,""관목_면적_km"":null,""기후기술_연계_근거"":""간접 · 원천 자체 분류 — ESA WorldCover 가 토지피복 등급을 Tree cover·Cropland·Built-up 등으로 정의·배포하며, 수목 피복 면적은 탄소 흡수원의 물리적 기반, 경작지·건물 면적은 토지이용 변화의 기준이 됨. 주 기술 23(탄소 흡수원), 부 기술 35(산림·생태계 부문 기술) — 2026-08-28 발주처 지시에 따라 tech_id에 ';'로 연결해 복수 기입. [근거자료] ESA_WorldCover_10m_2021_v200_*_Map.tif (Discrete Classification, 등급 10~95) · FAOSTAT Land Cover(LC) Item=Artificial surfaces 등"",""나지_희박식생_면적_km"":null,""레코드_키"":""VNM_lc_grassland_2008"",""맹그로브_면적_km"":null,""수목_면적_km"":null,""연도"":2008,""영구수체_면적_km"":null,""전국_값"":2062.3,""전국_단위"":""1000 ha"",""전국_지표명"":""토지피복 면적 — 초지"",""지역명_로마자"":""Viet Nam"",""지역명_베트남어"":""Việt Nam"",""초본습지_면적_km"":null,""초지_면적_km"":null,""합계_km"":null,""행정단위"":""Country""}",,전국 · 토지피복 면적 — 초지 · [실적치] · FAOSTAT Land Cover · Area from CCI_LC (Flag=E),,,,B-037.xlsx,1.2_entity(레코드형),153,
B-037,"토지피복 분류별 면적[경작지, 산림, 초지, 건물, 수체, 나지]",entity,v124-b-037-entity-00151,B-037_landcover_national,VNM,,,,,,,,,토지피복 면적 — 초지,,,"{""2025_개편_후_소속_34개_체계"":""전국(개편 무관)"",""건물_인공지표_면적_km"":null,""경계_면적_km_GADM"":null,""경계_좌표_산출근거"":""전국 집계값 — 좌표·폴리곤 없음."",""경계_폴리곤_파일"":null,""경작지_면적_km"":null,""관목_면적_km"":null,""기후기술_연계_근거"":""간접 · 원천 자체 분류 — ESA WorldCover 가 토지피복 등급을 Tree cover·Cropland·Built-up 등으로 정의·배포하며, 수목 피복 면적은 탄소 흡수원의 물리적 기반, 경작지·건물 면적은 토지이용 변화의 기준이 됨. 주 기술 23(탄소 흡수원), 부 기술 35(산림·생태계 부문 기술) — 2026-08-28 발주처 지시에 따라 tech_id에 ';'로 연결해 복수 기입. [근거자료] ESA_WorldCover_10m_2021_v200_*_Map.tif (Discrete Classification, 등급 10~95) · FAOSTAT Land Cover(LC) Item=Artificial surfaces 등"",""나지_희박식생_면적_km"":null,""레코드_키"":""VNM_lc_grassland_2009"",""맹그로브_면적_km"":null,""수목_면적_km"":null,""연도"":2009,""영구수체_면적_km"":null,""전국_값"":2069.8,""전국_단위"":""1000 ha"",""전국_지표명"":""토지피복 면적 — 초지"",""지역명_로마자"":""Viet Nam"",""지역명_베트남어"":""Việt Nam"",""초본습지_면적_km"":null,""초지_면적_km"":null,""합계_km"":null,""행정단위"":""Country""}",,전국 · 토지피복 면적 — 초지 · [실적치] · FAOSTAT Land Cover · Area from CCI_LC (Flag=E),,,,B-037.xlsx,1.2_entity(레코드형),154,
B-037,"토지피복 분류별 면적[경작지, 산림, 초지, 건물, 수체, 나지]",entity,v124-b-037-entity-00152,B-037_landcover_national,VNM,,,,,,,,,토지피복 면적 — 초지,,,"{""2025_개편_후_소속_34개_체계"":""전국(개편 무관)"",""건물_인공지표_면적_km"":null,""경계_면적_km_GADM"":null,""경계_좌표_산출근거"":""전국 집계값 — 좌표·폴리곤 없음."",""경계_폴리곤_파일"":null,""경작지_면적_km"":null,""관목_면적_km"":null,""기후기술_연계_근거"":""간접 · 원천 자체 분류 — ESA WorldCover 가 토지피복 등급을 Tree cover·Cropland·Built-up 등으로 정의·배포하며, 수목 피복 면적은 탄소 흡수원의 물리적 기반, 경작지·건물 면적은 토지이용 변화의 기준이 됨. 주 기술 23(탄소 흡수원), 부 기술 35(산림·생태계 부문 기술) — 2026-08-28 발주처 지시에 따라 tech_id에 ';'로 연결해 복수 기입. [근거자료] ESA_WorldCover_10m_2021_v200_*_Map.tif (Discrete Classification, 등급 10~95) · FAOSTAT Land Cover(LC) Item=Artificial surfaces 등"",""나지_희박식생_면적_km"":null,""레코드_키"":""VNM_lc_grassland_2010"",""맹그로브_면적_km"":null,""수목_면적_km"":null,""연도"":2010,""영구수체_면적_km"":null,""전국_값"":2076.05,""전국_단위"":""1000 ha"",""전국_지표명"":""토지피복 면적 — 초지"",""지역명_로마자"":""Viet Nam"",""지역명_베트남어"":""Việt Nam"",""초본습지_면적_km"":null,""초지_면적_km"":null,""합계_km"":null,""행정단위"":""Country""}",,전국 · 토지피복 면적 — 초지 · [실적치] · FAOSTAT Land Cover · Area from CCI_LC (Flag=E),,,,B-037.xlsx,1.2_entity(레코드형),155,
B-037,"토지피복 분류별 면적[경작지, 산림, 초지, 건물, 수체, 나지]",entity,v124-b-037-entity-00153,B-037_landcover_national,VNM,,,,,,,,,토지피복 면적 — 초지,,,"{""2025_개편_후_소속_34개_체계"":""전국(개편 무관)"",""건물_인공지표_면적_km"":null,""경계_면적_km_GADM"":null,""경계_좌표_산출근거"":""전국 집계값 — 좌표·폴리곤 없음."",""경계_폴리곤_파일"":null,""경작지_면적_km"":null,""관목_면적_km"":null,""기후기술_연계_근거"":""간접 · 원천 자체 분류 — ESA WorldCover 가 토지피복 등급을 Tree cover·Cropland·Built-up 등으로 정의·배포하며, 수목 피복 면적은 탄소 흡수원의 물리적 기반, 경작지·건물 면적은 토지이용 변화의 기준이 됨. 주 기술 23(탄소 흡수원), 부 기술 35(산림·생태계 부문 기술) — 2026-08-28 발주처 지시에 따라 tech_id에 ';'로 연결해 복수 기입. [근거자료] ESA_WorldCover_10m_2021_v200_*_Map.tif (Discrete Classification, 등급 10~95) · FAOSTAT Land Cover(LC) Item=Artificial surfaces 등"",""나지_희박식생_면적_km"":null,""레코드_키"":""VNM_lc_grassland_2011"",""맹그로브_면적_km"":null,""수목_면적_km"":null,""연도"":2011,""영구수체_면적_km"":null,""전국_값"":2085.67,""전국_단위"":""1000 ha"",""전국_지표명"":""토지피복 면적 — 초지"",""지역명_로마자"":""Viet Nam"",""지역명_베트남어"":""Việt Nam"",""초본습지_면적_km"":null,""초지_면적_km"":null,""합계_km"":null,""행정단위"":""Country""}",,전국 · 토지피복 면적 — 초지 · [실적치] · FAOSTAT Land Cover · Area from CCI_LC (Flag=E),,,,B-037.xlsx,1.2_entity(레코드형),156,
B-037,"토지피복 분류별 면적[경작지, 산림, 초지, 건물, 수체, 나지]",entity,v124-b-037-entity-00154,B-037_landcover_national,VNM,,,,,,,,,토지피복 면적 — 초지,,,"{""2025_개편_후_소속_34개_체계"":""전국(개편 무관)"",""건물_인공지표_면적_km"":null,""경계_면적_km_GADM"":null,""경계_좌표_산출근거"":""전국 집계값 — 좌표·폴리곤 없음."",""경계_폴리곤_파일"":null,""경작지_면적_km"":null,""관목_면적_km"":null,""기후기술_연계_근거"":""간접 · 원천 자체 분류 — ESA WorldCover 가 토지피복 등급을 Tree cover·Cropland·Built-up 등으로 정의·배포하며, 수목 피복 면적은 탄소 흡수원의 물리적 기반, 경작지·건물 면적은 토지이용 변화의 기준이 됨. 주 기술 23(탄소 흡수원), 부 기술 35(산림·생태계 부문 기술) — 2026-08-28 발주처 지시에 따라 tech_id에 ';'로 연결해 복수 기입. [근거자료] ESA_WorldCover_10m_2021_v200_*_Map.tif (Discrete Classification, 등급 10~95) · FAOSTAT Land Cover(LC) Item=Artificial surfaces 등"",""나지_희박식생_면적_km"":null,""레코드_키"":""VNM_lc_grassland_2012"",""맹그로브_면적_km"":null,""수목_면적_km"":null,""연도"":2012,""영구수체_면적_km"":null,""전국_값"":2089.56,""전국_단위"":""1000 ha"",""전국_지표명"":""토지피복 면적 — 초지"",""지역명_로마자"":""Viet Nam"",""지역명_베트남어"":""Việt Nam"",""초본습지_면적_km"":null,""초지_면적_km"":null,""합계_km"":null,""행정단위"":""Country""}",,전국 · 토지피복 면적 — 초지 · [실적치] · FAOSTAT Land Cover · Area from CCI_LC (Flag=E),,,,B-037.xlsx,1.2_entity(레코드형),157,
B-037,"토지피복 분류별 면적[경작지, 산림, 초지, 건물, 수체, 나지]",entity,v124-b-037-entity-00155,B-037_landcover_national,VNM,,,,,,,,,토지피복 면적 — 초지,,,"{""2025_개편_후_소속_34개_체계"":""전국(개편 무관)"",""건물_인공지표_면적_km"":null,""경계_면적_km_GADM"":null,""경계_좌표_산출근거"":""전국 집계값 — 좌표·폴리곤 없음."",""경계_폴리곤_파일"":null,""경작지_면적_km"":null,""관목_면적_km"":null,""기후기술_연계_근거"":""간접 · 원천 자체 분류 — ESA WorldCover 가 토지피복 등급을 Tree cover·Cropland·Built-up 등으로 정의·배포하며, 수목 피복 면적은 탄소 흡수원의 물리적 기반, 경작지·건물 면적은 토지이용 변화의 기준이 됨. 주 기술 23(탄소 흡수원), 부 기술 35(산림·생태계 부문 기술) — 2026-08-28 발주처 지시에 따라 tech_id에 ';'로 연결해 복수 기입. [근거자료] ESA_WorldCover_10m_2021_v200_*_Map.tif (Discrete Classification, 등급 10~95) · FAOSTAT Land Cover(LC) Item=Artificial surfaces 등"",""나지_희박식생_면적_km"":null,""레코드_키"":""VNM_lc_grassland_2013"",""맹그로브_면적_km"":null,""수목_면적_km"":null,""연도"":2013,""영구수체_면적_km"":null,""전국_값"":2093.17,""전국_단위"":""1000 ha"",""전국_지표명"":""토지피복 면적 — 초지"",""지역명_로마자"":""Viet Nam"",""지역명_베트남어"":""Việt Nam"",""초본습지_면적_km"":null,""초지_면적_km"":null,""합계_km"":null,""행정단위"":""Country""}",,전국 · 토지피복 면적 — 초지 · [실적치] · FAOSTAT Land Cover · Area from CCI_LC (Flag=E),,,,B-037.xlsx,1.2_entity(레코드형),158,
B-037,"토지피복 분류별 면적[경작지, 산림, 초지, 건물, 수체, 나지]",entity,v124-b-037-entity-00156,B-037_landcover_national,VNM,,,,,,,,,토지피복 면적 — 초지,,,"{""2025_개편_후_소속_34개_체계"":""전국(개편 무관)"",""건물_인공지표_면적_km"":null,""경계_면적_km_GADM"":null,""경계_좌표_산출근거"":""전국 집계값 — 좌표·폴리곤 없음."",""경계_폴리곤_파일"":null,""경작지_면적_km"":null,""관목_면적_km"":null,""기후기술_연계_근거"":""간접 · 원천 자체 분류 — ESA WorldCover 가 토지피복 등급을 Tree cover·Cropland·Built-up 등으로 정의·배포하며, 수목 피복 면적은 탄소 흡수원의 물리적 기반, 경작지·건물 면적은 토지이용 변화의 기준이 됨. 주 기술 23(탄소 흡수원), 부 기술 35(산림·생태계 부문 기술) — 2026-08-28 발주처 지시에 따라 tech_id에 ';'로 연결해 복수 기입. [근거자료] ESA_WorldCover_10m_2021_v200_*_Map.tif (Discrete Classification, 등급 10~95) · FAOSTAT Land Cover(LC) Item=Artificial surfaces 등"",""나지_희박식생_면적_km"":null,""레코드_키"":""VNM_lc_grassland_2014"",""맹그로브_면적_km"":null,""수목_면적_km"":null,""연도"":2014,""영구수체_면적_km"":null,""전국_값"":2097.85,""전국_단위"":""1000 ha"",""전국_지표명"":""토지피복 면적 — 초지"",""지역명_로마자"":""Viet Nam"",""지역명_베트남어"":""Việt Nam"",""초본습지_면적_km"":null,""초지_면적_km"":null,""합계_km"":null,""행정단위"":""Country""}",,전국 · 토지피복 면적 — 초지 · [실적치] · FAOSTAT Land Cover · Area from CCI_LC (Flag=E),,,,B-037.xlsx,1.2_entity(레코드형),159,
B-037,"토지피복 분류별 면적[경작지, 산림, 초지, 건물, 수체, 나지]",entity,v124-b-037-entity-00157,B-037_landcover_national,VNM,,,,,,,,,토지피복 면적 — 초지,,,"{""2025_개편_후_소속_34개_체계"":""전국(개편 무관)"",""건물_인공지표_면적_km"":null,""경계_면적_km_GADM"":null,""경계_좌표_산출근거"":""전국 집계값 — 좌표·폴리곤 없음."",""경계_폴리곤_파일"":null,""경작지_면적_km"":null,""관목_면적_km"":null,""기후기술_연계_근거"":""간접 · 원천 자체 분류 — ESA WorldCover 가 토지피복 등급을 Tree cover·Cropland·Built-up 등으로 정의·배포하며, 수목 피복 면적은 탄소 흡수원의 물리적 기반, 경작지·건물 면적은 토지이용 변화의 기준이 됨. 주 기술 23(탄소 흡수원), 부 기술 35(산림·생태계 부문 기술) — 2026-08-28 발주처 지시에 따라 tech_id에 ';'로 연결해 복수 기입. [근거자료] ESA_WorldCover_10m_2021_v200_*_Map.tif (Discrete Classification, 등급 10~95) · FAOSTAT Land Cover(LC) Item=Artificial surfaces 등"",""나지_희박식생_면적_km"":null,""레코드_키"":""VNM_lc_grassland_2015"",""맹그로브_면적_km"":null,""수목_면적_km"":null,""연도"":2015,""영구수체_면적_km"":null,""전국_값"":2098.53,""전국_단위"":""1000 ha"",""전국_지표명"":""토지피복 면적 — 초지"",""지역명_로마자"":""Viet Nam"",""지역명_베트남어"":""Việt Nam"",""초본습지_면적_km"":null,""초지_면적_km"":null,""합계_km"":null,""행정단위"":""Country""}",,전국 · 토지피복 면적 — 초지 · [실적치] · FAOSTAT Land Cover · Area from CCI_LC (Flag=E),,,,B-037.xlsx,1.2_entity(레코드형),160,
B-037,"토지피복 분류별 면적[경작지, 산림, 초지, 건물, 수체, 나지]",entity,v124-b-037-entity-00158,B-037_landcover_national,VNM,,,,,,,,,토지피복 면적 — 초지,,,"{""2025_개편_후_소속_34개_체계"":""전국(개편 무관)"",""건물_인공지표_면적_km"":null,""경계_면적_km_GADM"":null,""경계_좌표_산출근거"":""전국 집계값 — 좌표·폴리곤 없음."",""경계_폴리곤_파일"":null,""경작지_면적_km"":null,""관목_면적_km"":null,""기후기술_연계_근거"":""간접 · 원천 자체 분류 — ESA WorldCover 가 토지피복 등급을 Tree cover·Cropland·Built-up 등으로 정의·배포하며, 수목 피복 면적은 탄소 흡수원의 물리적 기반, 경작지·건물 면적은 토지이용 변화의 기준이 됨. 주 기술 23(탄소 흡수원), 부 기술 35(산림·생태계 부문 기술) — 2026-08-28 발주처 지시에 따라 tech_id에 ';'로 연결해 복수 기입. [근거자료] ESA_WorldCover_10m_2021_v200_*_Map.tif (Discrete Classification, 등급 10~95) · FAOSTAT Land Cover(LC) Item=Artificial surfaces 등"",""나지_희박식생_면적_km"":null,""레코드_키"":""VNM_lc_grassland_2016"",""맹그로브_면적_km"":null,""수목_면적_km"":null,""연도"":2016,""영구수체_면적_km"":null,""전국_값"":2090.47,""전국_단위"":""1000 ha"",""전국_지표명"":""토지피복 면적 — 초지"",""지역명_로마자"":""Viet Nam"",""지역명_베트남어"":""Việt Nam"",""초본습지_면적_km"":null,""초지_면적_km"":null,""합계_km"":null,""행정단위"":""Country""}",,전국 · 토지피복 면적 — 초지 · [실적치] · FAOSTAT Land Cover · Area from CCI_LC (Flag=E),,,,B-037.xlsx,1.2_entity(레코드형),161,
B-037,"토지피복 분류별 면적[경작지, 산림, 초지, 건물, 수체, 나지]",entity,v124-b-037-entity-00159,B-037_landcover_national,VNM,,,,,,,,,토지피복 면적 — 초지,,,"{""2025_개편_후_소속_34개_체계"":""전국(개편 무관)"",""건물_인공지표_면적_km"":null,""경계_면적_km_GADM"":null,""경계_좌표_산출근거"":""전국 집계값 — 좌표·폴리곤 없음."",""경계_폴리곤_파일"":null,""경작지_면적_km"":null,""관목_면적_km"":null,""기후기술_연계_근거"":""간접 · 원천 자체 분류 — ESA WorldCover 가 토지피복 등급을 Tree cover·Cropland·Built-up 등으로 정의·배포하며, 수목 피복 면적은 탄소 흡수원의 물리적 기반, 경작지·건물 면적은 토지이용 변화의 기준이 됨. 주 기술 23(탄소 흡수원), 부 기술 35(산림·생태계 부문 기술) — 2026-08-28 발주처 지시에 따라 tech_id에 ';'로 연결해 복수 기입. [근거자료] ESA_WorldCover_10m_2021_v200_*_Map.tif (Discrete Classification, 등급 10~95) · FAOSTAT Land Cover(LC) Item=Artificial surfaces 등"",""나지_희박식생_면적_km"":null,""레코드_키"":""VNM_lc_grassland_2017"",""맹그로브_면적_km"":null,""수목_면적_km"":null,""연도"":2017,""영구수체_면적_km"":null,""전국_값"":2087.75,""전국_단위"":""1000 ha"",""전국_지표명"":""토지피복 면적 — 초지"",""지역명_로마자"":""Viet Nam"",""지역명_베트남어"":""Việt Nam"",""초본습지_면적_km"":null,""초지_면적_km"":null,""합계_km"":null,""행정단위"":""Country""}",,전국 · 토지피복 면적 — 초지 · [실적치] · FAOSTAT Land Cover · Area from CCI_LC (Flag=E),,,,B-037.xlsx,1.2_entity(레코드형),162,
B-037,"토지피복 분류별 면적[경작지, 산림, 초지, 건물, 수체, 나지]",entity,v124-b-037-entity-00160,B-037_landcover_national,VNM,,,,,,,,,토지피복 면적 — 초지,,,"{""2025_개편_후_소속_34개_체계"":""전국(개편 무관)"",""건물_인공지표_면적_km"":null,""경계_면적_km_GADM"":null,""경계_좌표_산출근거"":""전국 집계값 — 좌표·폴리곤 없음."",""경계_폴리곤_파일"":null,""경작지_면적_km"":null,""관목_면적_km"":null,""기후기술_연계_근거"":""간접 · 원천 자체 분류 — ESA WorldCover 가 토지피복 등급을 Tree cover·Cropland·Built-up 등으로 정의·배포하며, 수목 피복 면적은 탄소 흡수원의 물리적 기반, 경작지·건물 면적은 토지이용 변화의 기준이 됨. 주 기술 23(탄소 흡수원), 부 기술 35(산림·생태계 부문 기술) — 2026-08-28 발주처 지시에 따라 tech_id에 ';'로 연결해 복수 기입. [근거자료] ESA_WorldCover_10m_2021_v200_*_Map.tif (Discrete Classification, 등급 10~95) · FAOSTAT Land Cover(LC) Item=Artificial surfaces 등"",""나지_희박식생_면적_km"":null,""레코드_키"":""VNM_lc_grassland_2018"",""맹그로브_면적_km"":null,""수목_면적_km"":null,""연도"":2018,""영구수체_면적_km"":null,""전국_값"":2093.55,""전국_단위"":""1000 ha"",""전국_지표명"":""토지피복 면적 — 초지"",""지역명_로마자"":""Viet Nam"",""지역명_베트남어"":""Việt Nam"",""초본습지_면적_km"":null,""초지_면적_km"":null,""합계_km"":null,""행정단위"":""Country""}",,전국 · 토지피복 면적 — 초지 · [실적치] · FAOSTAT Land Cover · Area from CCI_LC (Flag=E),,,,B-037.xlsx,1.2_entity(레코드형),163,
B-037,"토지피복 분류별 면적[경작지, 산림, 초지, 건물, 수체, 나지]",entity,v124-b-037-entity-00161,B-037_landcover_national,VNM,,,,,,,,,토지피복 면적 — 초지,,,"{""2025_개편_후_소속_34개_체계"":""전국(개편 무관)"",""건물_인공지표_면적_km"":null,""경계_면적_km_GADM"":null,""경계_좌표_산출근거"":""전국 집계값 — 좌표·폴리곤 없음."",""경계_폴리곤_파일"":null,""경작지_면적_km"":null,""관목_면적_km"":null,""기후기술_연계_근거"":""간접 · 원천 자체 분류 — ESA WorldCover 가 토지피복 등급을 Tree cover·Cropland·Built-up 등으로 정의·배포하며, 수목 피복 면적은 탄소 흡수원의 물리적 기반, 경작지·건물 면적은 토지이용 변화의 기준이 됨. 주 기술 23(탄소 흡수원), 부 기술 35(산림·생태계 부문 기술) — 2026-08-28 발주처 지시에 따라 tech_id에 ';'로 연결해 복수 기입. [근거자료] ESA_WorldCover_10m_2021_v200_*_Map.tif (Discrete Classification, 등급 10~95) · FAOSTAT Land Cover(LC) Item=Artificial surfaces 등"",""나지_희박식생_면적_km"":null,""레코드_키"":""VNM_lc_grassland_2019"",""맹그로브_면적_km"":null,""수목_면적_km"":null,""연도"":2019,""영구수체_면적_km"":null,""전국_값"":2098.68,""전국_단위"":""1000 ha"",""전국_지표명"":""토지피복 면적 — 초지"",""지역명_로마자"":""Viet Nam"",""지역명_베트남어"":""Việt Nam"",""초본습지_면적_km"":null,""초지_면적_km"":null,""합계_km"":null,""행정단위"":""Country""}",,전국 · 토지피복 면적 — 초지 · [실적치] · FAOSTAT Land Cover · Area from CCI_LC (Flag=E),,,,B-037.xlsx,1.2_entity(레코드형),164,
B-037,"토지피복 분류별 면적[경작지, 산림, 초지, 건물, 수체, 나지]",entity,v124-b-037-entity-00162,B-037_landcover_national,VNM,,,,,,,,,토지피복 면적 — 초지,,,"{""2025_개편_후_소속_34개_체계"":""전국(개편 무관)"",""건물_인공지표_면적_km"":null,""경계_면적_km_GADM"":null,""경계_좌표_산출근거"":""전국 집계값 — 좌표·폴리곤 없음."",""경계_폴리곤_파일"":null,""경작지_면적_km"":null,""관목_면적_km"":null,""기후기술_연계_근거"":""간접 · 원천 자체 분류 — ESA WorldCover 가 토지피복 등급을 Tree cover·Cropland·Built-up 등으로 정의·배포하며, 수목 피복 면적은 탄소 흡수원의 물리적 기반, 경작지·건물 면적은 토지이용 변화의 기준이 됨. 주 기술 23(탄소 흡수원), 부 기술 35(산림·생태계 부문 기술) — 2026-08-28 발주처 지시에 따라 tech_id에 ';'로 연결해 복수 기입. [근거자료] ESA_WorldCover_10m_2021_v200_*_Map.tif (Discrete Classification, 등급 10~95) · FAOSTAT Land Cover(LC) Item=Artificial surfaces 등"",""나지_희박식생_면적_km"":null,""레코드_키"":""VNM_lc_grassland_2020"",""맹그로브_면적_km"":null,""수목_면적_km"":null,""연도"":2020,""영구수체_면적_km"":null,""전국_값"":2101.32,""전국_단위"":""1000 ha"",""전국_지표명"":""토지피복 면적 — 초지"",""지역명_로마자"":""Viet Nam"",""지역명_베트남어"":""Việt Nam"",""초본습지_면적_km"":null,""초지_면적_km"":null,""합계_km"":null,""행정단위"":""Country""}",,전국 · 토지피복 면적 — 초지 · [실적치] · FAOSTAT Land Cover · Area from CCI_LC (Flag=E),,,,B-037.xlsx,1.2_entity(레코드형),165,
B-037,"토지피복 분류별 면적[경작지, 산림, 초지, 건물, 수체, 나지]",entity,v124-b-037-entity-00163,B-037_landcover_national,VNM,,,,,,,,,토지피복 면적 — 초지,,,"{""2025_개편_후_소속_34개_체계"":""전국(개편 무관)"",""건물_인공지표_면적_km"":null,""경계_면적_km_GADM"":null,""경계_좌표_산출근거"":""전국 집계값 — 좌표·폴리곤 없음."",""경계_폴리곤_파일"":null,""경작지_면적_km"":null,""관목_면적_km"":null,""기후기술_연계_근거"":""간접 · 원천 자체 분류 — ESA WorldCover 가 토지피복 등급을 Tree cover·Cropland·Built-up 등으로 정의·배포하며, 수목 피복 면적은 탄소 흡수원의 물리적 기반, 경작지·건물 면적은 토지이용 변화의 기준이 됨. 주 기술 23(탄소 흡수원), 부 기술 35(산림·생태계 부문 기술) — 2026-08-28 발주처 지시에 따라 tech_id에 ';'로 연결해 복수 기입. [근거자료] ESA_WorldCover_10m_2021_v200_*_Map.tif (Discrete Classification, 등급 10~95) · FAOSTAT Land Cover(LC) Item=Artificial surfaces 등"",""나지_희박식생_면적_km"":null,""레코드_키"":""VNM_lc_grassland_2021"",""맹그로브_면적_km"":null,""수목_면적_km"":null,""연도"":2021,""영구수체_면적_km"":null,""전국_값"":2101.91,""전국_단위"":""1000 ha"",""전국_지표명"":""토지피복 면적 — 초지"",""지역명_로마자"":""Viet Nam"",""지역명_베트남어"":""Việt Nam"",""초본습지_면적_km"":null,""초지_면적_km"":null,""합계_km"":null,""행정단위"":""Country""}",,전국 · 토지피복 면적 — 초지 · [실적치] · FAOSTAT Land Cover · Area from CCI_LC (Flag=E),,,,B-037.xlsx,1.2_entity(레코드형),166,
B-037,"토지피복 분류별 면적[경작지, 산림, 초지, 건물, 수체, 나지]",entity,v124-b-037-entity-00164,B-037_landcover_national,VNM,,,,,,,,,토지피복 면적 — 초지,,,"{""2025_개편_후_소속_34개_체계"":""전국(개편 무관)"",""건물_인공지표_면적_km"":null,""경계_면적_km_GADM"":null,""경계_좌표_산출근거"":""전국 집계값 — 좌표·폴리곤 없음."",""경계_폴리곤_파일"":null,""경작지_면적_km"":null,""관목_면적_km"":null,""기후기술_연계_근거"":""간접 · 원천 자체 분류 — ESA WorldCover 가 토지피복 등급을 Tree cover·Cropland·Built-up 등으로 정의·배포하며, 수목 피복 면적은 탄소 흡수원의 물리적 기반, 경작지·건물 면적은 토지이용 변화의 기준이 됨. 주 기술 23(탄소 흡수원), 부 기술 35(산림·생태계 부문 기술) — 2026-08-28 발주처 지시에 따라 tech_id에 ';'로 연결해 복수 기입. [근거자료] ESA_WorldCover_10m_2021_v200_*_Map.tif (Discrete Classification, 등급 10~95) · FAOSTAT Land Cover(LC) Item=Artificial surfaces 등"",""나지_희박식생_면적_km"":null,""레코드_키"":""VNM_lc_grassland_2022"",""맹그로브_면적_km"":null,""수목_면적_km"":null,""연도"":2022,""영구수체_면적_km"":null,""전국_값"":2095.02,""전국_단위"":""1000 ha"",""전국_지표명"":""토지피복 면적 — 초지"",""지역명_로마자"":""Viet Nam"",""지역명_베트남어"":""Việt Nam"",""초본습지_면적_km"":null,""초지_면적_km"":null,""합계_km"":null,""행정단위"":""Country""}",,전국 · 토지피복 면적 — 초지 · [실적치] · FAOSTAT Land Cover · Area from CCI_LC (Flag=E),,,,B-037.xlsx,1.2_entity(레코드형),167,
B-037,"토지피복 분류별 면적[경작지, 산림, 초지, 건물, 수체, 나지]",entity,v124-b-037-entity-00165,B-037_landcover_national,VNM,,,,,,,,,토지피복 면적(CGLS) — 초지,,,"{""2025_개편_후_소속_34개_체계"":""전국(개편 무관)"",""건물_인공지표_면적_km"":null,""경계_면적_km_GADM"":null,""경계_좌표_산출근거"":""전국 집계값 — 좌표·폴리곤 없음."",""경계_폴리곤_파일"":null,""경작지_면적_km"":null,""관목_면적_km"":null,""기후기술_연계_근거"":""간접 · 원천 자체 분류 — ESA WorldCover 가 토지피복 등급을 Tree cover·Cropland·Built-up 등으로 정의·배포하며, 수목 피복 면적은 탄소 흡수원의 물리적 기반, 경작지·건물 면적은 토지이용 변화의 기준이 됨. 주 기술 23(탄소 흡수원), 부 기술 35(산림·생태계 부문 기술) — 2026-08-28 발주처 지시에 따라 tech_id에 ';'로 연결해 복수 기입. [근거자료] ESA_WorldCover_10m_2021_v200_*_Map.tif (Discrete Classification, 등급 10~95) · FAOSTAT Land Cover(LC) Item=Artificial surfaces 등"",""나지_희박식생_면적_km"":null,""레코드_키"":""VNM_lc_grassland_cgls_2019"",""맹그로브_면적_km"":null,""수목_면적_km"":null,""연도"":2019,""영구수체_면적_km"":null,""전국_값"":null,""전국_단위"":""1000 ha"",""전국_지표명"":""토지피복 면적(CGLS) — 초지"",""지역명_로마자"":""Viet Nam"",""지역명_베트남어"":""Việt Nam"",""초본습지_면적_km"":null,""초지_면적_km"":null,""합계_km"":null,""행정단위"":""Country""}",M03,"전국 · 토지피복 면적(CGLS) — 초지 · Copernicus Global Land Service 100m 산출물에 해당 클래스 행은 존재하나 전 연도 값이 공란(원천 Flag=O, 값 미산출)",,,,B-037.xlsx,1.2_entity(레코드형),168,
B-037,"토지피복 분류별 면적[경작지, 산림, 초지, 건물, 수체, 나지]",entity,v124-b-037-entity-00166,B-037_landcover_national,VNM,,,,,,,,,토지피복 면적(MODIS) — 초지,,,"{""2025_개편_후_소속_34개_체계"":""전국(개편 무관)"",""건물_인공지표_면적_km"":null,""경계_면적_km_GADM"":null,""경계_좌표_산출근거"":""전국 집계값 — 좌표·폴리곤 없음."",""경계_폴리곤_파일"":null,""경작지_면적_km"":null,""관목_면적_km"":null,""기후기술_연계_근거"":""간접 · 원천 자체 분류 — ESA WorldCover 가 토지피복 등급을 Tree cover·Cropland·Built-up 등으로 정의·배포하며, 수목 피복 면적은 탄소 흡수원의 물리적 기반, 경작지·건물 면적은 토지이용 변화의 기준이 됨. 주 기술 23(탄소 흡수원), 부 기술 35(산림·생태계 부문 기술) — 2026-08-28 발주처 지시에 따라 tech_id에 ';'로 연결해 복수 기입. [근거자료] ESA_WorldCover_10m_2021_v200_*_Map.tif (Discrete Classification, 등급 10~95) · FAOSTAT Land Cover(LC) Item=Artificial surfaces 등"",""나지_희박식생_면적_km"":null,""레코드_키"":""VNM_lc_grassland_modis_2001"",""맹그로브_면적_km"":null,""수목_면적_km"":null,""연도"":2001,""영구수체_면적_km"":null,""전국_값"":1860.03,""전국_단위"":""1000 ha"",""전국_지표명"":""토지피복 면적(MODIS) — 초지"",""지역명_로마자"":""Viet Nam"",""지역명_베트남어"":""Việt Nam"",""초본습지_면적_km"":null,""초지_면적_km"":null,""합계_km"":null,""행정단위"":""Country""}",,전국 · 토지피복 면적(MODIS) — 초지 · [실적치] · FAOSTAT Land Cover · Area from MODIS (Flag=E),,,,B-037.xlsx,1.2_entity(레코드형),169,
B-037,"토지피복 분류별 면적[경작지, 산림, 초지, 건물, 수체, 나지]",entity,v124-b-037-entity-00167,B-037_landcover_national,VNM,,,,,,,,,토지피복 면적(MODIS) — 초지,,,"{""2025_개편_후_소속_34개_체계"":""전국(개편 무관)"",""건물_인공지표_면적_km"":null,""경계_면적_km_GADM"":null,""경계_좌표_산출근거"":""전국 집계값 — 좌표·폴리곤 없음."",""경계_폴리곤_파일"":null,""경작지_면적_km"":null,""관목_면적_km"":null,""기후기술_연계_근거"":""간접 · 원천 자체 분류 — ESA WorldCover 가 토지피복 등급을 Tree cover·Cropland·Built-up 등으로 정의·배포하며, 수목 피복 면적은 탄소 흡수원의 물리적 기반, 경작지·건물 면적은 토지이용 변화의 기준이 됨. 주 기술 23(탄소 흡수원), 부 기술 35(산림·생태계 부문 기술) — 2026-08-28 발주처 지시에 따라 tech_id에 ';'로 연결해 복수 기입. [근거자료] ESA_WorldCover_10m_2021_v200_*_Map.tif (Discrete Classification, 등급 10~95) · FAOSTAT Land Cover(LC) Item=Artificial surfaces 등"",""나지_희박식생_면적_km"":null,""레코드_키"":""VNM_lc_grassland_modis_2002"",""맹그로브_면적_km"":null,""수목_면적_km"":null,""연도"":2002,""영구수체_면적_km"":null,""전국_값"":1767.22,""전국_단위"":""1000 ha"",""전국_지표명"":""토지피복 면적(MODIS) — 초지"",""지역명_로마자"":""Viet Nam"",""지역명_베트남어"":""Việt Nam"",""초본습지_면적_km"":null,""초지_면적_km"":null,""합계_km"":null,""행정단위"":""Country""}",,전국 · 토지피복 면적(MODIS) — 초지 · [실적치] · FAOSTAT Land Cover · Area from MODIS (Flag=E),,,,B-037.xlsx,1.2_entity(레코드형),170,
B-037,"토지피복 분류별 면적[경작지, 산림, 초지, 건물, 수체, 나지]",entity,v124-b-037-entity-00168,B-037_landcover_national,VNM,,,,,,,,,토지피복 면적(MODIS) — 초지,,,"{""2025_개편_후_소속_34개_체계"":""전국(개편 무관)"",""건물_인공지표_면적_km"":null,""경계_면적_km_GADM"":null,""경계_좌표_산출근거"":""전국 집계값 — 좌표·폴리곤 없음."",""경계_폴리곤_파일"":null,""경작지_면적_km"":null,""관목_면적_km"":null,""기후기술_연계_근거"":""간접 · 원천 자체 분류 — ESA WorldCover 가 토지피복 등급을 Tree cover·Cropland·Built-up 등으로 정의·배포하며, 수목 피복 면적은 탄소 흡수원의 물리적 기반, 경작지·건물 면적은 토지이용 변화의 기준이 됨. 주 기술 23(탄소 흡수원), 부 기술 35(산림·생태계 부문 기술) — 2026-08-28 발주처 지시에 따라 tech_id에 ';'로 연결해 복수 기입. [근거자료] ESA_WorldCover_10m_2021_v200_*_Map.tif (Discrete Classification, 등급 10~95) · FAOSTAT Land Cover(LC) Item=Artificial surfaces 등"",""나지_희박식생_면적_km"":null,""레코드_키"":""VNM_lc_grassland_modis_2003"",""맹그로브_면적_km"":null,""수목_면적_km"":null,""연도"":2003,""영구수체_면적_km"":null,""전국_값"":1659.31,""전국_단위"":""1000 ha"",""전국_지표명"":""토지피복 면적(MODIS) — 초지"",""지역명_로마자"":""Viet Nam"",""지역명_베트남어"":""Việt Nam"",""초본습지_면적_km"":null,""초지_면적_km"":null,""합계_km"":null,""행정단위"":""Country""}",,전국 · 토지피복 면적(MODIS) — 초지 · [실적치] · FAOSTAT Land Cover · Area from MODIS (Flag=E),,,,B-037.xlsx,1.2_entity(레코드형),171,
B-037,"토지피복 분류별 면적[경작지, 산림, 초지, 건물, 수체, 나지]",entity,v124-b-037-entity-00169,B-037_landcover_national,VNM,,,,,,,,,토지피복 면적(MODIS) — 초지,,,"{""2025_개편_후_소속_34개_체계"":""전국(개편 무관)"",""건물_인공지표_면적_km"":null,""경계_면적_km_GADM"":null,""경계_좌표_산출근거"":""전국 집계값 — 좌표·폴리곤 없음."",""경계_폴리곤_파일"":null,""경작지_면적_km"":null,""관목_면적_km"":null,""기후기술_연계_근거"":""간접 · 원천 자체 분류 — ESA WorldCover 가 토지피복 등급을 Tree cover·Cropland·Built-up 등으로 정의·배포하며, 수목 피복 면적은 탄소 흡수원의 물리적 기반, 경작지·건물 면적은 토지이용 변화의 기준이 됨. 주 기술 23(탄소 흡수원), 부 기술 35(산림·생태계 부문 기술) — 2026-08-28 발주처 지시에 따라 tech_id에 ';'로 연결해 복수 기입. [근거자료] ESA_WorldCover_10m_2021_v200_*_Map.tif (Discrete Classification, 등급 10~95) · FAOSTAT Land Cover(LC) Item=Artificial surfaces 등"",""나지_희박식생_면적_km"":null,""레코드_키"":""VNM_lc_grassland_modis_2004"",""맹그로브_면적_km"":null,""수목_면적_km"":null,""연도"":2004,""영구수체_면적_km"":null,""전국_값"":1758.98,""전국_단위"":""1000 ha"",""전국_지표명"":""토지피복 면적(MODIS) — 초지"",""지역명_로마자"":""Viet Nam"",""지역명_베트남어"":""Việt Nam"",""초본습지_면적_km"":null,""초지_면적_km"":null,""합계_km"":null,""행정단위"":""Country""}",,전국 · 토지피복 면적(MODIS) — 초지 · [실적치] · FAOSTAT Land Cover · Area from MODIS (Flag=E),,,,B-037.xlsx,1.2_entity(레코드형),172,
B-037,"토지피복 분류별 면적[경작지, 산림, 초지, 건물, 수체, 나지]",entity,v124-b-037-entity-00170,B-037_landcover_national,VNM,,,,,,,,,토지피복 면적(MODIS) — 초지,,,"{""2025_개편_후_소속_34개_체계"":""전국(개편 무관)"",""건물_인공지표_면적_km"":null,""경계_면적_km_GADM"":null,""경계_좌표_산출근거"":""전국 집계값 — 좌표·폴리곤 없음."",""경계_폴리곤_파일"":null,""경작지_면적_km"":null,""관목_면적_km"":null,""기후기술_연계_근거"":""간접 · 원천 자체 분류 — ESA WorldCover 가 토지피복 등급을 Tree cover·Cropland·Built-up 등으로 정의·배포하며, 수목 피복 면적은 탄소 흡수원의 물리적 기반, 경작지·건물 면적은 토지이용 변화의 기준이 됨. 주 기술 23(탄소 흡수원), 부 기술 35(산림·생태계 부문 기술) — 2026-08-28 발주처 지시에 따라 tech_id에 ';'로 연결해 복수 기입. [근거자료] ESA_WorldCover_10m_2021_v200_*_Map.tif (Discrete Classification, 등급 10~95) · FAOSTAT Land Cover(LC) Item=Artificial surfaces 등"",""나지_희박식생_면적_km"":null,""레코드_키"":""VNM_lc_grassland_modis_2005"",""맹그로브_면적_km"":null,""수목_면적_km"":null,""연도"":2005,""영구수체_면적_km"":null,""전국_값"":1799.21,""전국_단위"":""1000 ha"",""전국_지표명"":""토지피복 면적(MODIS) — 초지"",""지역명_로마자"":""Viet Nam"",""지역명_베트남어"":""Việt Nam"",""초본습지_면적_km"":null,""초지_면적_km"":null,""합계_km"":null,""행정단위"":""Country""}",,전국 · 토지피복 면적(MODIS) — 초지 · [실적치] · FAOSTAT Land Cover · Area from MODIS (Flag=E),,,,B-037.xlsx,1.2_entity(레코드형),173,
B-037,"토지피복 분류별 면적[경작지, 산림, 초지, 건물, 수체, 나지]",entity,v124-b-037-entity-00171,B-037_landcover_national,VNM,,,,,,,,,토지피복 면적(MODIS) — 초지,,,"{""2025_개편_후_소속_34개_체계"":""전국(개편 무관)"",""건물_인공지표_면적_km"":null,""경계_면적_km_GADM"":null,""경계_좌표_산출근거"":""전국 집계값 — 좌표·폴리곤 없음."",""경계_폴리곤_파일"":null,""경작지_면적_km"":null,""관목_면적_km"":null,""기후기술_연계_근거"":""간접 · 원천 자체 분류 — ESA WorldCover 가 토지피복 등급을 Tree cover·Cropland·Built-up 등으로 정의·배포하며, 수목 피복 면적은 탄소 흡수원의 물리적 기반, 경작지·건물 면적은 토지이용 변화의 기준이 됨. 주 기술 23(탄소 흡수원), 부 기술 35(산림·생태계 부문 기술) — 2026-08-28 발주처 지시에 따라 tech_id에 ';'로 연결해 복수 기입. [근거자료] ESA_WorldCover_10m_2021_v200_*_Map.tif (Discrete Classification, 등급 10~95) · FAOSTAT Land Cover(LC) Item=Artificial surfaces 등"",""나지_희박식생_면적_km"":null,""레코드_키"":""VNM_lc_grassland_modis_2006"",""맹그로브_면적_km"":null,""수목_면적_km"":null,""연도"":2006,""영구수체_면적_km"":null,""전국_값"":1752.33,""전국_단위"":""1000 ha"",""전국_지표명"":""토지피복 면적(MODIS) — 초지"",""지역명_로마자"":""Viet Nam"",""지역명_베트남어"":""Việt Nam"",""초본습지_면적_km"":null,""초지_면적_km"":null,""합계_km"":null,""행정단위"":""Country""}",,전국 · 토지피복 면적(MODIS) — 초지 · [실적치] · FAOSTAT Land Cover · Area from MODIS (Flag=E),,,,B-037.xlsx,1.2_entity(레코드형),174,
B-037,"토지피복 분류별 면적[경작지, 산림, 초지, 건물, 수체, 나지]",entity,v124-b-037-entity-00172,B-037_landcover_national,VNM,,,,,,,,,토지피복 면적(MODIS) — 초지,,,"{""2025_개편_후_소속_34개_체계"":""전국(개편 무관)"",""건물_인공지표_면적_km"":null,""경계_면적_km_GADM"":null,""경계_좌표_산출근거"":""전국 집계값 — 좌표·폴리곤 없음."",""경계_폴리곤_파일"":null,""경작지_면적_km"":null,""관목_면적_km"":null,""기후기술_연계_근거"":""간접 · 원천 자체 분류 — ESA WorldCover 가 토지피복 등급을 Tree cover·Cropland·Built-up 등으로 정의·배포하며, 수목 피복 면적은 탄소 흡수원의 물리적 기반, 경작지·건물 면적은 토지이용 변화의 기준이 됨. 주 기술 23(탄소 흡수원), 부 기술 35(산림·생태계 부문 기술) — 2026-08-28 발주처 지시에 따라 tech_id에 ';'로 연결해 복수 기입. [근거자료] ESA_WorldCover_10m_2021_v200_*_Map.tif (Discrete Classification, 등급 10~95) · FAOSTAT Land Cover(LC) Item=Artificial surfaces 등"",""나지_희박식생_면적_km"":null,""레코드_키"":""VNM_lc_grassland_modis_2007"",""맹그로브_면적_km"":null,""수목_면적_km"":null,""연도"":2007,""영구수체_면적_km"":null,""전국_값"":1744.68,""전국_단위"":""1000 ha"",""전국_지표명"":""토지피복 면적(MODIS) — 초지"",""지역명_로마자"":""Viet Nam"",""지역명_베트남어"":""Việt Nam"",""초본습지_면적_km"":null,""초지_면적_km"":null,""합계_km"":null,""행정단위"":""Country""}",,전국 · 토지피복 면적(MODIS) — 초지 · [실적치] · FAOSTAT Land Cover · Area from MODIS (Flag=E),,,,B-037.xlsx,1.2_entity(레코드형),175,
B-037,"토지피복 분류별 면적[경작지, 산림, 초지, 건물, 수체, 나지]",entity,v124-b-037-entity-00173,B-037_landcover_national,VNM,,,,,,,,,토지피복 면적(MODIS) — 초지,,,"{""2025_개편_후_소속_34개_체계"":""전국(개편 무관)"",""건물_인공지표_면적_km"":null,""경계_면적_km_GADM"":null,""경계_좌표_산출근거"":""전국 집계값 — 좌표·폴리곤 없음."",""경계_폴리곤_파일"":null,""경작지_면적_km"":null,""관목_면적_km"":null,""기후기술_연계_근거"":""간접 · 원천 자체 분류 — ESA WorldCover 가 토지피복 등급을 Tree cover·Cropland·Built-up 등으로 정의·배포하며, 수목 피복 면적은 탄소 흡수원의 물리적 기반, 경작지·건물 면적은 토지이용 변화의 기준이 됨. 주 기술 23(탄소 흡수원), 부 기술 35(산림·생태계 부문 기술) — 2026-08-28 발주처 지시에 따라 tech_id에 ';'로 연결해 복수 기입. [근거자료] ESA_WorldCover_10m_2021_v200_*_Map.tif (Discrete Classification, 등급 10~95) · FAOSTAT Land Cover(LC) Item=Artificial surfaces 등"",""나지_희박식생_면적_km"":null,""레코드_키"":""VNM_lc_grassland_modis_2008"",""맹그로브_면적_km"":null,""수목_면적_km"":null,""연도"":2008,""영구수체_면적_km"":null,""전국_값"":1727.94,""전국_단위"":""1000 ha"",""전국_지표명"":""토지피복 면적(MODIS) — 초지"",""지역명_로마자"":""Viet Nam"",""지역명_베트남어"":""Việt Nam"",""초본습지_면적_km"":null,""초지_면적_km"":null,""합계_km"":null,""행정단위"":""Country""}",,전국 · 토지피복 면적(MODIS) — 초지 · [실적치] · FAOSTAT Land Cover · Area from MODIS (Flag=E),,,,B-037.xlsx,1.2_entity(레코드형),176,
B-037,"토지피복 분류별 면적[경작지, 산림, 초지, 건물, 수체, 나지]",entity,v124-b-037-entity-00174,B-037_landcover_national,VNM,,,,,,,,,토지피복 면적(MODIS) — 초지,,,"{""2025_개편_후_소속_34개_체계"":""전국(개편 무관)"",""건물_인공지표_면적_km"":null,""경계_면적_km_GADM"":null,""경계_좌표_산출근거"":""전국 집계값 — 좌표·폴리곤 없음."",""경계_폴리곤_파일"":null,""경작지_면적_km"":null,""관목_면적_km"":null,""기후기술_연계_근거"":""간접 · 원천 자체 분류 — ESA WorldCover 가 토지피복 등급을 Tree cover·Cropland·Built-up 등으로 정의·배포하며, 수목 피복 면적은 탄소 흡수원의 물리적 기반, 경작지·건물 면적은 토지이용 변화의 기준이 됨. 주 기술 23(탄소 흡수원), 부 기술 35(산림·생태계 부문 기술) — 2026-08-28 발주처 지시에 따라 tech_id에 ';'로 연결해 복수 기입. [근거자료] ESA_WorldCover_10m_2021_v200_*_Map.tif (Discrete Classification, 등급 10~95) · FAOSTAT Land Cover(LC) Item=Artificial surfaces 등"",""나지_희박식생_면적_km"":null,""레코드_키"":""VNM_lc_grassland_modis_2009"",""맹그로브_면적_km"":null,""수목_면적_km"":null,""연도"":2009,""영구수체_면적_km"":null,""전국_값"":1682.13,""전국_단위"":""1000 ha"",""전국_지표명"":""토지피복 면적(MODIS) — 초지"",""지역명_로마자"":""Viet Nam"",""지역명_베트남어"":""Việt Nam"",""초본습지_면적_km"":null,""초지_면적_km"":null,""합계_km"":null,""행정단위"":""Country""}",,전국 · 토지피복 면적(MODIS) — 초지 · [실적치] · FAOSTAT Land Cover · Area from MODIS (Flag=E),,,,B-037.xlsx,1.2_entity(레코드형),177,
B-037,"토지피복 분류별 면적[경작지, 산림, 초지, 건물, 수체, 나지]",entity,v124-b-037-entity-00175,B-037_landcover_national,VNM,,,,,,,,,토지피복 면적(MODIS) — 초지,,,"{""2025_개편_후_소속_34개_체계"":""전국(개편 무관)"",""건물_인공지표_면적_km"":null,""경계_면적_km_GADM"":null,""경계_좌표_산출근거"":""전국 집계값 — 좌표·폴리곤 없음."",""경계_폴리곤_파일"":null,""경작지_면적_km"":null,""관목_면적_km"":null,""기후기술_연계_근거"":""간접 · 원천 자체 분류 — ESA WorldCover 가 토지피복 등급을 Tree cover·Cropland·Built-up 등으로 정의·배포하며, 수목 피복 면적은 탄소 흡수원의 물리적 기반, 경작지·건물 면적은 토지이용 변화의 기준이 됨. 주 기술 23(탄소 흡수원), 부 기술 35(산림·생태계 부문 기술) — 2026-08-28 발주처 지시에 따라 tech_id에 ';'로 연결해 복수 기입. [근거자료] ESA_WorldCover_10m_2021_v200_*_Map.tif (Discrete Classification, 등급 10~95) · FAOSTAT Land Cover(LC) Item=Artificial surfaces 등"",""나지_희박식생_면적_km"":null,""레코드_키"":""VNM_lc_grassland_modis_2010"",""맹그로브_면적_km"":null,""수목_면적_km"":null,""연도"":2010,""영구수체_면적_km"":null,""전국_값"":1704.37,""전국_단위"":""1000 ha"",""전국_지표명"":""토지피복 면적(MODIS) — 초지"",""지역명_로마자"":""Viet Nam"",""지역명_베트남어"":""Việt Nam"",""초본습지_면적_km"":null,""초지_면적_km"":null,""합계_km"":null,""행정단위"":""Country""}",,전국 · 토지피복 면적(MODIS) — 초지 · [실적치] · FAOSTAT Land Cover · Area from MODIS (Flag=E),,,,B-037.xlsx,1.2_entity(레코드형),178,
B-037,"토지피복 분류별 면적[경작지, 산림, 초지, 건물, 수체, 나지]",entity,v124-b-037-entity-00176,B-037_landcover_national,VNM,,,,,,,,,토지피복 면적(MODIS) — 초지,,,"{""2025_개편_후_소속_34개_체계"":""전국(개편 무관)"",""건물_인공지표_면적_km"":null,""경계_면적_km_GADM"":null,""경계_좌표_산출근거"":""전국 집계값 — 좌표·폴리곤 없음."",""경계_폴리곤_파일"":null,""경작지_면적_km"":null,""관목_면적_km"":null,""기후기술_연계_근거"":""간접 · 원천 자체 분류 — ESA WorldCover 가 토지피복 등급을 Tree cover·Cropland·Built-up 등으로 정의·배포하며, 수목 피복 면적은 탄소 흡수원의 물리적 기반, 경작지·건물 면적은 토지이용 변화의 기준이 됨. 주 기술 23(탄소 흡수원), 부 기술 35(산림·생태계 부문 기술) — 2026-08-28 발주처 지시에 따라 tech_id에 ';'로 연결해 복수 기입. [근거자료] ESA_WorldCover_10m_2021_v200_*_Map.tif (Discrete Classification, 등급 10~95) · FAOSTAT Land Cover(LC) Item=Artificial surfaces 등"",""나지_희박식생_면적_km"":null,""레코드_키"":""VNM_lc_grassland_modis_2011"",""맹그로브_면적_km"":null,""수목_면적_km"":null,""연도"":2011,""영구수체_면적_km"":null,""전국_값"":1665.01,""전국_단위"":""1000 ha"",""전국_지표명"":""토지피복 면적(MODIS) — 초지"",""지역명_로마자"":""Viet Nam"",""지역명_베트남어"":""Việt Nam"",""초본습지_면적_km"":null,""초지_면적_km"":null,""합계_km"":null,""행정단위"":""Country""}",,전국 · 토지피복 면적(MODIS) — 초지 · [실적치] · FAOSTAT Land Cover · Area from MODIS (Flag=E),,,,B-037.xlsx,1.2_entity(레코드형),179,
B-037,"토지피복 분류별 면적[경작지, 산림, 초지, 건물, 수체, 나지]",entity,v124-b-037-entity-00177,B-037_landcover_national,VNM,,,,,,,,,토지피복 면적(MODIS) — 초지,,,"{""2025_개편_후_소속_34개_체계"":""전국(개편 무관)"",""건물_인공지표_면적_km"":null,""경계_면적_km_GADM"":null,""경계_좌표_산출근거"":""전국 집계값 — 좌표·폴리곤 없음."",""경계_폴리곤_파일"":null,""경작지_면적_km"":null,""관목_면적_km"":null,""기후기술_연계_근거"":""간접 · 원천 자체 분류 — ESA WorldCover 가 토지피복 등급을 Tree cover·Cropland·Built-up 등으로 정의·배포하며, 수목 피복 면적은 탄소 흡수원의 물리적 기반, 경작지·건물 면적은 토지이용 변화의 기준이 됨. 주 기술 23(탄소 흡수원), 부 기술 35(산림·생태계 부문 기술) — 2026-08-28 발주처 지시에 따라 tech_id에 ';'로 연결해 복수 기입. [근거자료] ESA_WorldCover_10m_2021_v200_*_Map.tif (Discrete Classification, 등급 10~95) · FAOSTAT Land Cover(LC) Item=Artificial surfaces 등"",""나지_희박식생_면적_km"":null,""레코드_키"":""VNM_lc_grassland_modis_2012"",""맹그로브_면적_km"":null,""수목_면적_km"":null,""연도"":2012,""영구수체_면적_km"":null,""전국_값"":1664.7,""전국_단위"":""1000 ha"",""전국_지표명"":""토지피복 면적(MODIS) — 초지"",""지역명_로마자"":""Viet Nam"",""지역명_베트남어"":""Việt Nam"",""초본습지_면적_km"":null,""초지_면적_km"":null,""합계_km"":null,""행정단위"":""Country""}",,전국 · 토지피복 면적(MODIS) — 초지 · [실적치] · FAOSTAT Land Cover · Area from MODIS (Flag=E),,,,B-037.xlsx,1.2_entity(레코드형),180,
B-037,"토지피복 분류별 면적[경작지, 산림, 초지, 건물, 수체, 나지]",entity,v124-b-037-entity-00178,B-037_landcover_national,VNM,,,,,,,,,토지피복 면적(MODIS) — 초지,,,"{""2025_개편_후_소속_34개_체계"":""전국(개편 무관)"",""건물_인공지표_면적_km"":null,""경계_면적_km_GADM"":null,""경계_좌표_산출근거"":""전국 집계값 — 좌표·폴리곤 없음."",""경계_폴리곤_파일"":null,""경작지_면적_km"":null,""관목_면적_km"":null,""기후기술_연계_근거"":""간접 · 원천 자체 분류 — ESA WorldCover 가 토지피복 등급을 Tree cover·Cropland·Built-up 등으로 정의·배포하며, 수목 피복 면적은 탄소 흡수원의 물리적 기반, 경작지·건물 면적은 토지이용 변화의 기준이 됨. 주 기술 23(탄소 흡수원), 부 기술 35(산림·생태계 부문 기술) — 2026-08-28 발주처 지시에 따라 tech_id에 ';'로 연결해 복수 기입. [근거자료] ESA_WorldCover_10m_2021_v200_*_Map.tif (Discrete Classification, 등급 10~95) · FAOSTAT Land Cover(LC) Item=Artificial surfaces 등"",""나지_희박식생_면적_km"":null,""레코드_키"":""VNM_lc_grassland_modis_2013"",""맹그로브_면적_km"":null,""수목_면적_km"":null,""연도"":2013,""영구수체_면적_km"":null,""전국_값"":1669.8,""전국_단위"":""1000 ha"",""전국_지표명"":""토지피복 면적(MODIS) — 초지"",""지역명_로마자"":""Viet Nam"",""지역명_베트남어"":""Việt Nam"",""초본습지_면적_km"":null,""초지_면적_km"":null,""합계_km"":null,""행정단위"":""Country""}",,전국 · 토지피복 면적(MODIS) — 초지 · [실적치] · FAOSTAT Land Cover · Area from MODIS (Flag=E),,,,B-037.xlsx,1.2_entity(레코드형),181,
B-037,"토지피복 분류별 면적[경작지, 산림, 초지, 건물, 수체, 나지]",entity,v124-b-037-entity-00179,B-037_landcover_national,VNM,,,,,,,,,토지피복 면적(MODIS) — 초지,,,"{""2025_개편_후_소속_34개_체계"":""전국(개편 무관)"",""건물_인공지표_면적_km"":null,""경계_면적_km_GADM"":null,""경계_좌표_산출근거"":""전국 집계값 — 좌표·폴리곤 없음."",""경계_폴리곤_파일"":null,""경작지_면적_km"":null,""관목_면적_km"":null,""기후기술_연계_근거"":""간접 · 원천 자체 분류 — ESA WorldCover 가 토지피복 등급을 Tree cover·Cropland·Built-up 등으로 정의·배포하며, 수목 피복 면적은 탄소 흡수원의 물리적 기반, 경작지·건물 면적은 토지이용 변화의 기준이 됨. 주 기술 23(탄소 흡수원), 부 기술 35(산림·생태계 부문 기술) — 2026-08-28 발주처 지시에 따라 tech_id에 ';'로 연결해 복수 기입. [근거자료] ESA_WorldCover_10m_2021_v200_*_Map.tif (Discrete Classification, 등급 10~95) · FAOSTAT Land Cover(LC) Item=Artificial surfaces 등"",""나지_희박식생_면적_km"":null,""레코드_키"":""VNM_lc_grassland_modis_2014"",""맹그로브_면적_km"":null,""수목_면적_km"":null,""연도"":2014,""영구수체_면적_km"":null,""전국_값"":1714.21,""전국_단위"":""1000 ha"",""전국_지표명"":""토지피복 면적(MODIS) — 초지"",""지역명_로마자"":""Viet Nam"",""지역명_베트남어"":""Việt Nam"",""초본습지_면적_km"":null,""초지_면적_km"":null,""합계_km"":null,""행정단위"":""Country""}",,전국 · 토지피복 면적(MODIS) — 초지 · [실적치] · FAOSTAT Land Cover · Area from MODIS (Flag=E),,,,B-037.xlsx,1.2_entity(레코드형),182,
B-037,"토지피복 분류별 면적[경작지, 산림, 초지, 건물, 수체, 나지]",entity,v124-b-037-entity-00180,B-037_landcover_national,VNM,,,,,,,,,토지피복 면적(MODIS) — 초지,,,"{""2025_개편_후_소속_34개_체계"":""전국(개편 무관)"",""건물_인공지표_면적_km"":null,""경계_면적_km_GADM"":null,""경계_좌표_산출근거"":""전국 집계값 — 좌표·폴리곤 없음."",""경계_폴리곤_파일"":null,""경작지_면적_km"":null,""관목_면적_km"":null,""기후기술_연계_근거"":""간접 · 원천 자체 분류 — ESA WorldCover 가 토지피복 등급을 Tree cover·Cropland·Built-up 등으로 정의·배포하며, 수목 피복 면적은 탄소 흡수원의 물리적 기반, 경작지·건물 면적은 토지이용 변화의 기준이 됨. 주 기술 23(탄소 흡수원), 부 기술 35(산림·생태계 부문 기술) — 2026-08-28 발주처 지시에 따라 tech_id에 ';'로 연결해 복수 기입. [근거자료] ESA_WorldCover_10m_2021_v200_*_Map.tif (Discrete Classification, 등급 10~95) · FAOSTAT Land Cover(LC) Item=Artificial surfaces 등"",""나지_희박식생_면적_km"":null,""레코드_키"":""VNM_lc_grassland_modis_2015"",""맹그로브_면적_km"":null,""수목_면적_km"":null,""연도"":2015,""영구수체_면적_km"":null,""전국_값"":1689.88,""전국_단위"":""1000 ha"",""전국_지표명"":""토지피복 면적(MODIS) — 초지"",""지역명_로마자"":""Viet Nam"",""지역명_베트남어"":""Việt Nam"",""초본습지_면적_km"":null,""초지_면적_km"":null,""합계_km"":null,""행정단위"":""Country""}",,전국 · 토지피복 면적(MODIS) — 초지 · [실적치] · FAOSTAT Land Cover · Area from MODIS (Flag=E),,,,B-037.xlsx,1.2_entity(레코드형),183,
B-037,"토지피복 분류별 면적[경작지, 산림, 초지, 건물, 수체, 나지]",entity,v124-b-037-entity-00181,B-037_landcover_national,VNM,,,,,,,,,토지피복 면적(MODIS) — 초지,,,"{""2025_개편_후_소속_34개_체계"":""전국(개편 무관)"",""건물_인공지표_면적_km"":null,""경계_면적_km_GADM"":null,""경계_좌표_산출근거"":""전국 집계값 — 좌표·폴리곤 없음."",""경계_폴리곤_파일"":null,""경작지_면적_km"":null,""관목_면적_km"":null,""기후기술_연계_근거"":""간접 · 원천 자체 분류 — ESA WorldCover 가 토지피복 등급을 Tree cover·Cropland·Built-up 등으로 정의·배포하며, 수목 피복 면적은 탄소 흡수원의 물리적 기반, 경작지·건물 면적은 토지이용 변화의 기준이 됨. 주 기술 23(탄소 흡수원), 부 기술 35(산림·생태계 부문 기술) — 2026-08-28 발주처 지시에 따라 tech_id에 ';'로 연결해 복수 기입. [근거자료] ESA_WorldCover_10m_2021_v200_*_Map.tif (Discrete Classification, 등급 10~95) · FAOSTAT Land Cover(LC) Item=Artificial surfaces 등"",""나지_희박식생_면적_km"":null,""레코드_키"":""VNM_lc_grassland_modis_2016"",""맹그로브_면적_km"":null,""수목_면적_km"":null,""연도"":2016,""영구수체_면적_km"":null,""전국_값"":1703.02,""전국_단위"":""1000 ha"",""전국_지표명"":""토지피복 면적(MODIS) — 초지"",""지역명_로마자"":""Viet Nam"",""지역명_베트남어"":""Việt Nam"",""초본습지_면적_km"":null,""초지_면적_km"":null,""합계_km"":null,""행정단위"":""Country""}",,전국 · 토지피복 면적(MODIS) — 초지 · [실적치] · FAOSTAT Land Cover · Area from MODIS (Flag=E),,,,B-037.xlsx,1.2_entity(레코드형),184,
B-037,"토지피복 분류별 면적[경작지, 산림, 초지, 건물, 수체, 나지]",entity,v124-b-037-entity-00182,B-037_landcover_national,VNM,,,,,,,,,토지피복 면적(MODIS) — 초지,,,"{""2025_개편_후_소속_34개_체계"":""전국(개편 무관)"",""건물_인공지표_면적_km"":null,""경계_면적_km_GADM"":null,""경계_좌표_산출근거"":""전국 집계값 — 좌표·폴리곤 없음."",""경계_폴리곤_파일"":null,""경작지_면적_km"":null,""관목_면적_km"":null,""기후기술_연계_근거"":""간접 · 원천 자체 분류 — ESA WorldCover 가 토지피복 등급을 Tree cover·Cropland·Built-up 등으로 정의·배포하며, 수목 피복 면적은 탄소 흡수원의 물리적 기반, 경작지·건물 면적은 토지이용 변화의 기준이 됨. 주 기술 23(탄소 흡수원), 부 기술 35(산림·생태계 부문 기술) — 2026-08-28 발주처 지시에 따라 tech_id에 ';'로 연결해 복수 기입. [근거자료] ESA_WorldCover_10m_2021_v200_*_Map.tif (Discrete Classification, 등급 10~95) · FAOSTAT Land Cover(LC) Item=Artificial surfaces 등"",""나지_희박식생_면적_km"":null,""레코드_키"":""VNM_lc_grassland_modis_2017"",""맹그로브_면적_km"":null,""수목_면적_km"":null,""연도"":2017,""영구수체_면적_km"":null,""전국_값"":1675.22,""전국_단위"":""1000 ha"",""전국_지표명"":""토지피복 면적(MODIS) — 초지"",""지역명_로마자"":""Viet Nam"",""지역명_베트남어"":""Việt Nam"",""초본습지_면적_km"":null,""초지_면적_km"":null,""합계_km"":null,""행정단위"":""Country""}",,전국 · 토지피복 면적(MODIS) — 초지 · [실적치] · FAOSTAT Land Cover · Area from MODIS (Flag=E),,,,B-037.xlsx,1.2_entity(레코드형),185,
B-037,"토지피복 분류별 면적[경작지, 산림, 초지, 건물, 수체, 나지]",entity,v124-b-037-entity-00183,B-037_landcover_national,VNM,,,,,,,,,토지피복 면적(MODIS) — 초지,,,"{""2025_개편_후_소속_34개_체계"":""전국(개편 무관)"",""건물_인공지표_면적_km"":null,""경계_면적_km_GADM"":null,""경계_좌표_산출근거"":""전국 집계값 — 좌표·폴리곤 없음."",""경계_폴리곤_파일"":null,""경작지_면적_km"":null,""관목_면적_km"":null,""기후기술_연계_근거"":""간접 · 원천 자체 분류 — ESA WorldCover 가 토지피복 등급을 Tree cover·Cropland·Built-up 등으로 정의·배포하며, 수목 피복 면적은 탄소 흡수원의 물리적 기반, 경작지·건물 면적은 토지이용 변화의 기준이 됨. 주 기술 23(탄소 흡수원), 부 기술 35(산림·생태계 부문 기술) — 2026-08-28 발주처 지시에 따라 tech_id에 ';'로 연결해 복수 기입. [근거자료] ESA_WorldCover_10m_2021_v200_*_Map.tif (Discrete Classification, 등급 10~95) · FAOSTAT Land Cover(LC) Item=Artificial surfaces 등"",""나지_희박식생_면적_km"":null,""레코드_키"":""VNM_lc_grassland_modis_2018"",""맹그로브_면적_km"":null,""수목_면적_km"":null,""연도"":2018,""영구수체_면적_km"":null,""전국_값"":1646.13,""전국_단위"":""1000 ha"",""전국_지표명"":""토지피복 면적(MODIS) — 초지"",""지역명_로마자"":""Viet Nam"",""지역명_베트남어"":""Việt Nam"",""초본습지_면적_km"":null,""초지_면적_km"":null,""합계_km"":null,""행정단위"":""Country""}",,전국 · 토지피복 면적(MODIS) — 초지 · [실적치] · FAOSTAT Land Cover · Area from MODIS (Flag=E),,,,B-037.xlsx,1.2_entity(레코드형),186,
B-037,"토지피복 분류별 면적[경작지, 산림, 초지, 건물, 수체, 나지]",entity,v124-b-037-entity-00184,B-037_landcover_national,VNM,,,,,,,,,토지피복 면적(MODIS) — 초지,,,"{""2025_개편_후_소속_34개_체계"":""전국(개편 무관)"",""건물_인공지표_면적_km"":null,""경계_면적_km_GADM"":null,""경계_좌표_산출근거"":""전국 집계값 — 좌표·폴리곤 없음."",""경계_폴리곤_파일"":null,""경작지_면적_km"":null,""관목_면적_km"":null,""기후기술_연계_근거"":""간접 · 원천 자체 분류 — ESA WorldCover 가 토지피복 등급을 Tree cover·Cropland·Built-up 등으로 정의·배포하며, 수목 피복 면적은 탄소 흡수원의 물리적 기반, 경작지·건물 면적은 토지이용 변화의 기준이 됨. 주 기술 23(탄소 흡수원), 부 기술 35(산림·생태계 부문 기술) — 2026-08-28 발주처 지시에 따라 tech_id에 ';'로 연결해 복수 기입. [근거자료] ESA_WorldCover_10m_2021_v200_*_Map.tif (Discrete Classification, 등급 10~95) · FAOSTAT Land Cover(LC) Item=Artificial surfaces 등"",""나지_희박식생_면적_km"":null,""레코드_키"":""VNM_lc_grassland_modis_2019"",""맹그로브_면적_km"":null,""수목_면적_km"":null,""연도"":2019,""영구수체_면적_km"":null,""전국_값"":1589.31,""전국_단위"":""1000 ha"",""전국_지표명"":""토지피복 면적(MODIS) — 초지"",""지역명_로마자"":""Viet Nam"",""지역명_베트남어"":""Việt Nam"",""초본습지_면적_km"":null,""초지_면적_km"":null,""합계_km"":null,""행정단위"":""Country""}",,전국 · 토지피복 면적(MODIS) — 초지 · [실적치] · FAOSTAT Land Cover · Area from MODIS (Flag=E),,,,B-037.xlsx,1.2_entity(레코드형),187,
B-037,"토지피복 분류별 면적[경작지, 산림, 초지, 건물, 수체, 나지]",entity,v124-b-037-entity-00185,B-037_landcover_national,VNM,,,,,,,,,토지피복 면적(MODIS) — 초지,,,"{""2025_개편_후_소속_34개_체계"":""전국(개편 무관)"",""건물_인공지표_면적_km"":null,""경계_면적_km_GADM"":null,""경계_좌표_산출근거"":""전국 집계값 — 좌표·폴리곤 없음."",""경계_폴리곤_파일"":null,""경작지_면적_km"":null,""관목_면적_km"":null,""기후기술_연계_근거"":""간접 · 원천 자체 분류 — ESA WorldCover 가 토지피복 등급을 Tree cover·Cropland·Built-up 등으로 정의·배포하며, 수목 피복 면적은 탄소 흡수원의 물리적 기반, 경작지·건물 면적은 토지이용 변화의 기준이 됨. 주 기술 23(탄소 흡수원), 부 기술 35(산림·생태계 부문 기술) — 2026-08-28 발주처 지시에 따라 tech_id에 ';'로 연결해 복수 기입. [근거자료] ESA_WorldCover_10m_2021_v200_*_Map.tif (Discrete Classification, 등급 10~95) · FAOSTAT Land Cover(LC) Item=Artificial surfaces 등"",""나지_희박식생_면적_km"":null,""레코드_키"":""VNM_lc_grassland_modis_2020"",""맹그로브_면적_km"":null,""수목_면적_km"":null,""연도"":2020,""영구수체_면적_km"":null,""전국_값"":1609.8,""전국_단위"":""1000 ha"",""전국_지표명"":""토지피복 면적(MODIS) — 초지"",""지역명_로마자"":""Viet Nam"",""지역명_베트남어"":""Việt Nam"",""초본습지_면적_km"":null,""초지_면적_km"":null,""합계_km"":null,""행정단위"":""Country""}",,전국 · 토지피복 면적(MODIS) — 초지 · [실적치] · FAOSTAT Land Cover · Area from MODIS (Flag=E),,,,B-037.xlsx,1.2_entity(레코드형),188,
B-037,"토지피복 분류별 면적[경작지, 산림, 초지, 건물, 수체, 나지]",entity,v124-b-037-entity-00186,B-037_landcover_national,VNM,,,,,,,,,토지피복 면적(MODIS) — 초지,,,"{""2025_개편_후_소속_34개_체계"":""전국(개편 무관)"",""건물_인공지표_면적_km"":null,""경계_면적_km_GADM"":null,""경계_좌표_산출근거"":""전국 집계값 — 좌표·폴리곤 없음."",""경계_폴리곤_파일"":null,""경작지_면적_km"":null,""관목_면적_km"":null,""기후기술_연계_근거"":""간접 · 원천 자체 분류 — ESA WorldCover 가 토지피복 등급을 Tree cover·Cropland·Built-up 등으로 정의·배포하며, 수목 피복 면적은 탄소 흡수원의 물리적 기반, 경작지·건물 면적은 토지이용 변화의 기준이 됨. 주 기술 23(탄소 흡수원), 부 기술 35(산림·생태계 부문 기술) — 2026-08-28 발주처 지시에 따라 tech_id에 ';'로 연결해 복수 기입. [근거자료] ESA_WorldCover_10m_2021_v200_*_Map.tif (Discrete Classification, 등급 10~95) · FAOSTAT Land Cover(LC) Item=Artificial surfaces 등"",""나지_희박식생_면적_km"":null,""레코드_키"":""VNM_lc_grassland_modis_2021"",""맹그로브_면적_km"":null,""수목_면적_km"":null,""연도"":2021,""영구수체_면적_km"":null,""전국_값"":1674.8,""전국_단위"":""1000 ha"",""전국_지표명"":""토지피복 면적(MODIS) — 초지"",""지역명_로마자"":""Viet Nam"",""지역명_베트남어"":""Việt Nam"",""초본습지_면적_km"":null,""초지_면적_km"":null,""합계_km"":null,""행정단위"":""Country""}",,전국 · 토지피복 면적(MODIS) — 초지 · [실적치] · FAOSTAT Land Cover · Area from MODIS (Flag=E),,,,B-037.xlsx,1.2_entity(레코드형),189,
B-037,"토지피복 분류별 면적[경작지, 산림, 초지, 건물, 수체, 나지]",entity,v124-b-037-entity-00187,B-037_landcover_national,VNM,,,,,,,,,토지피복 면적(MODIS) — 초지,,,"{""2025_개편_후_소속_34개_체계"":""전국(개편 무관)"",""건물_인공지표_면적_km"":null,""경계_면적_km_GADM"":null,""경계_좌표_산출근거"":""전국 집계값 — 좌표·폴리곤 없음."",""경계_폴리곤_파일"":null,""경작지_면적_km"":null,""관목_면적_km"":null,""기후기술_연계_근거"":""간접 · 원천 자체 분류 — ESA WorldCover 가 토지피복 등급을 Tree cover·Cropland·Built-up 등으로 정의·배포하며, 수목 피복 면적은 탄소 흡수원의 물리적 기반, 경작지·건물 면적은 토지이용 변화의 기준이 됨. 주 기술 23(탄소 흡수원), 부 기술 35(산림·생태계 부문 기술) — 2026-08-28 발주처 지시에 따라 tech_id에 ';'로 연결해 복수 기입. [근거자료] ESA_WorldCover_10m_2021_v200_*_Map.tif (Discrete Classification, 등급 10~95) · FAOSTAT Land Cover(LC) Item=Artificial surfaces 등"",""나지_희박식생_면적_km"":null,""레코드_키"":""VNM_lc_grassland_modis_2022"",""맹그로브_면적_km"":null,""수목_면적_km"":null,""연도"":2022,""영구수체_면적_km"":null,""전국_값"":1730.55,""전국_단위"":""1000 ha"",""전국_지표명"":""토지피복 면적(MODIS) — 초지"",""지역명_로마자"":""Viet Nam"",""지역명_베트남어"":""Việt Nam"",""초본습지_면적_km"":null,""초지_면적_km"":null,""합계_km"":null,""행정단위"":""Country""}",,전국 · 토지피복 면적(MODIS) — 초지 · [실적치] · FAOSTAT Land Cover · Area from MODIS (Flag=E),,,,B-037.xlsx,1.2_entity(레코드형),190,
B-037,"토지피복 분류별 면적[경작지, 산림, 초지, 건물, 수체, 나지]",entity,v124-b-037-entity-00188,B-037_landcover_national,VNM,,,,,,,,,토지피복 면적(MODIS) — 초지,,,"{""2025_개편_후_소속_34개_체계"":""전국(개편 무관)"",""건물_인공지표_면적_km"":null,""경계_면적_km_GADM"":null,""경계_좌표_산출근거"":""전국 집계값 — 좌표·폴리곤 없음."",""경계_폴리곤_파일"":null,""경작지_면적_km"":null,""관목_면적_km"":null,""기후기술_연계_근거"":""간접 · 원천 자체 분류 — ESA WorldCover 가 토지피복 등급을 Tree cover·Cropland·Built-up 등으로 정의·배포하며, 수목 피복 면적은 탄소 흡수원의 물리적 기반, 경작지·건물 면적은 토지이용 변화의 기준이 됨. 주 기술 23(탄소 흡수원), 부 기술 35(산림·생태계 부문 기술) — 2026-08-28 발주처 지시에 따라 tech_id에 ';'로 연결해 복수 기입. [근거자료] ESA_WorldCover_10m_2021_v200_*_Map.tif (Discrete Classification, 등급 10~95) · FAOSTAT Land Cover(LC) Item=Artificial surfaces 등"",""나지_희박식생_면적_km"":null,""레코드_키"":""VNM_lc_grassland_modis_2023"",""맹그로브_면적_km"":null,""수목_면적_km"":null,""연도"":2023,""영구수체_면적_km"":null,""전국_값"":1591.02,""전국_단위"":""1000 ha"",""전국_지표명"":""토지피복 면적(MODIS) — 초지"",""지역명_로마자"":""Viet Nam"",""지역명_베트남어"":""Việt Nam"",""초본습지_면적_km"":null,""초지_면적_km"":null,""합계_km"":null,""행정단위"":""Country""}",,전국 · 토지피복 면적(MODIS) — 초지 · [실적치] · FAOSTAT Land Cover · Area from MODIS (Flag=E),,,,B-037.xlsx,1.2_entity(레코드형),191,
B-037,"토지피복 분류별 면적[경작지, 산림, 초지, 건물, 수체, 나지]",entity,v124-b-037-entity-00189,B-037_landcover_national,VNM,,,,,,,,,토지피복 면적(MODIS) — 초지,,,"{""2025_개편_후_소속_34개_체계"":""전국(개편 무관)"",""건물_인공지표_면적_km"":null,""경계_면적_km_GADM"":null,""경계_좌표_산출근거"":""전국 집계값 — 좌표·폴리곤 없음."",""경계_폴리곤_파일"":null,""경작지_면적_km"":null,""관목_면적_km"":null,""기후기술_연계_근거"":""간접 · 원천 자체 분류 — ESA WorldCover 가 토지피복 등급을 Tree cover·Cropland·Built-up 등으로 정의·배포하며, 수목 피복 면적은 탄소 흡수원의 물리적 기반, 경작지·건물 면적은 토지이용 변화의 기준이 됨. 주 기술 23(탄소 흡수원), 부 기술 35(산림·생태계 부문 기술) — 2026-08-28 발주처 지시에 따라 tech_id에 ';'로 연결해 복수 기입. [근거자료] ESA_WorldCover_10m_2021_v200_*_Map.tif (Discrete Classification, 등급 10~95) · FAOSTAT Land Cover(LC) Item=Artificial surfaces 등"",""나지_희박식생_면적_km"":null,""레코드_키"":""VNM_lc_grassland_modis_2024"",""맹그로브_면적_km"":null,""수목_면적_km"":null,""연도"":2024,""영구수체_면적_km"":null,""전국_값"":1588.25,""전국_단위"":""1000 ha"",""전국_지표명"":""토지피복 면적(MODIS) — 초지"",""지역명_로마자"":""Viet Nam"",""지역명_베트남어"":""Việt Nam"",""초본습지_면적_km"":null,""초지_면적_km"":null,""합계_km"":null,""행정단위"":""Country""}",,전국 · 토지피복 면적(MODIS) — 초지 · [실적치] · FAOSTAT Land Cover · Area from MODIS (Flag=E),,,,B-037.xlsx,1.2_entity(레코드형),192,
B-037,"토지피복 분류별 면적[경작지, 산림, 초지, 건물, 수체, 나지]",entity,v124-b-037-entity-00190,B-037_landcover_national,VNM,,,,,,,,,토지피복 면적(WorldCover) — 초지,,,"{""2025_개편_후_소속_34개_체계"":""전국(개편 무관)"",""건물_인공지표_면적_km"":null,""경계_면적_km_GADM"":null,""경계_좌표_산출근거"":""전국 집계값 — 좌표·폴리곤 없음."",""경계_폴리곤_파일"":null,""경작지_면적_km"":null,""관목_면적_km"":null,""기후기술_연계_근거"":""간접 · 원천 자체 분류 — ESA WorldCover 가 토지피복 등급을 Tree cover·Cropland·Built-up 등으로 정의·배포하며, 수목 피복 면적은 탄소 흡수원의 물리적 기반, 경작지·건물 면적은 토지이용 변화의 기준이 됨. 주 기술 23(탄소 흡수원), 부 기술 35(산림·생태계 부문 기술) — 2026-08-28 발주처 지시에 따라 tech_id에 ';'로 연결해 복수 기입. [근거자료] ESA_WorldCover_10m_2021_v200_*_Map.tif (Discrete Classification, 등급 10~95) · FAOSTAT Land Cover(LC) Item=Artificial surfaces 등"",""나지_희박식생_면적_km"":null,""레코드_키"":""VNM_lc_grassland_wc_2020"",""맹그로브_면적_km"":null,""수목_면적_km"":null,""연도"":2020,""영구수체_면적_km"":null,""전국_값"":3368.32,""전국_단위"":""1000 ha"",""전국_지표명"":""토지피복 면적(WorldCover) — 초지"",""지역명_로마자"":""Viet Nam"",""지역명_베트남어"":""Việt Nam"",""초본습지_면적_km"":null,""초지_면적_km"":null,""합계_km"":null,""행정단위"":""Country""}",,전국 · 토지피복 면적(WorldCover) — 초지 · [실적치] · FAOSTAT Land Cover · Area from WorldCover (Flag=E),,,,B-037.xlsx,1.2_entity(레코드형),193,
B-037,"토지피복 분류별 면적[경작지, 산림, 초지, 건물, 수체, 나지]",entity,v124-b-037-entity-00191,B-037_landcover_national,VNM,,,,,,,,,토지피복 면적(WorldCover) — 초지,,,"{""2025_개편_후_소속_34개_체계"":""전국(개편 무관)"",""건물_인공지표_면적_km"":null,""경계_면적_km_GADM"":null,""경계_좌표_산출근거"":""전국 집계값 — 좌표·폴리곤 없음."",""경계_폴리곤_파일"":null,""경작지_면적_km"":null,""관목_면적_km"":null,""기후기술_연계_근거"":""간접 · 원천 자체 분류 — ESA WorldCover 가 토지피복 등급을 Tree cover·Cropland·Built-up 등으로 정의·배포하며, 수목 피복 면적은 탄소 흡수원의 물리적 기반, 경작지·건물 면적은 토지이용 변화의 기준이 됨. 주 기술 23(탄소 흡수원), 부 기술 35(산림·생태계 부문 기술) — 2026-08-28 발주처 지시에 따라 tech_id에 ';'로 연결해 복수 기입. [근거자료] ESA_WorldCover_10m_2021_v200_*_Map.tif (Discrete Classification, 등급 10~95) · FAOSTAT Land Cover(LC) Item=Artificial surfaces 등"",""나지_희박식생_면적_km"":null,""레코드_키"":""VNM_lc_grassland_wc_2021"",""맹그로브_면적_km"":null,""수목_면적_km"":null,""연도"":2021,""영구수체_면적_km"":null,""전국_값"":3692.19,""전국_단위"":""1000 ha"",""전국_지표명"":""토지피복 면적(WorldCover) — 초지"",""지역명_로마자"":""Viet Nam"",""지역명_베트남어"":""Việt Nam"",""초본습지_면적_km"":null,""초지_면적_km"":null,""합계_km"":null,""행정단위"":""Country""}",,전국 · 토지피복 면적(WorldCover) — 초지 · [실적치] · FAOSTAT Land Cover · Area from WorldCover (Flag=E),,,,B-037.xlsx,1.2_entity(레코드형),194,
B-037,"토지피복 분류별 면적[경작지, 산림, 초지, 건물, 수체, 나지]",entity,v124-b-037-entity-00192,B-037_landcover_national,VNM,,,,,,,,,토지피복 면적 — 초본 작물(농경지),,,"{""2025_개편_후_소속_34개_체계"":""전국(개편 무관)"",""건물_인공지표_면적_km"":null,""경계_면적_km_GADM"":null,""경계_좌표_산출근거"":""전국 집계값 — 좌표·폴리곤 없음."",""경계_폴리곤_파일"":null,""경작지_면적_km"":null,""관목_면적_km"":null,""기후기술_연계_근거"":""간접 · 원천 자체 분류 — ESA WorldCover 가 토지피복 등급을 Tree cover·Cropland·Built-up 등으로 정의·배포하며, 수목 피복 면적은 탄소 흡수원의 물리적 기반, 경작지·건물 면적은 토지이용 변화의 기준이 됨. 주 기술 23(탄소 흡수원), 부 기술 35(산림·생태계 부문 기술) — 2026-08-28 발주처 지시에 따라 tech_id에 ';'로 연결해 복수 기입. [근거자료] ESA_WorldCover_10m_2021_v200_*_Map.tif (Discrete Classification, 등급 10~95) · FAOSTAT Land Cover(LC) Item=Artificial surfaces 등"",""나지_희박식생_면적_km"":null,""레코드_키"":""VNM_lc_herbaceous_crops_1992"",""맹그로브_면적_km"":null,""수목_면적_km"":null,""연도"":1992,""영구수체_면적_km"":null,""전국_값"":9988.64,""전국_단위"":""1000 ha"",""전국_지표명"":""토지피복 면적 — 초본 작물(농경지)"",""지역명_로마자"":""Viet Nam"",""지역명_베트남어"":""Việt Nam"",""초본습지_면적_km"":null,""초지_면적_km"":null,""합계_km"":null,""행정단위"":""Country""}",,전국 · 토지피복 면적 — 초본 작물(농경지) · [실적치] · FAOSTAT Land Cover · Area from CCI_LC (Flag=E),,,,B-037.xlsx,1.2_entity(레코드형),195,
B-037,"토지피복 분류별 면적[경작지, 산림, 초지, 건물, 수체, 나지]",entity,v124-b-037-entity-00193,B-037_landcover_national,VNM,,,,,,,,,토지피복 면적 — 초본 작물(농경지),,,"{""2025_개편_후_소속_34개_체계"":""전국(개편 무관)"",""건물_인공지표_면적_km"":null,""경계_면적_km_GADM"":null,""경계_좌표_산출근거"":""전국 집계값 — 좌표·폴리곤 없음."",""경계_폴리곤_파일"":null,""경작지_면적_km"":null,""관목_면적_km"":null,""기후기술_연계_근거"":""간접 · 원천 자체 분류 — ESA WorldCover 가 토지피복 등급을 Tree cover·Cropland·Built-up 등으로 정의·배포하며, 수목 피복 면적은 탄소 흡수원의 물리적 기반, 경작지·건물 면적은 토지이용 변화의 기준이 됨. 주 기술 23(탄소 흡수원), 부 기술 35(산림·생태계 부문 기술) — 2026-08-28 발주처 지시에 따라 tech_id에 ';'로 연결해 복수 기입. [근거자료] ESA_WorldCover_10m_2021_v200_*_Map.tif (Discrete Classification, 등급 10~95) · FAOSTAT Land Cover(LC) Item=Artificial surfaces 등"",""나지_희박식생_면적_km"":null,""레코드_키"":""VNM_lc_herbaceous_crops_1993"",""맹그로브_면적_km"":null,""수목_면적_km"":null,""연도"":1993,""영구수체_면적_km"":null,""전국_값"":9913.05,""전국_단위"":""1000 ha"",""전국_지표명"":""토지피복 면적 — 초본 작물(농경지)"",""지역명_로마자"":""Viet Nam"",""지역명_베트남어"":""Việt Nam"",""초본습지_면적_km"":null,""초지_면적_km"":null,""합계_km"":null,""행정단위"":""Country""}",,전국 · 토지피복 면적 — 초본 작물(농경지) · [실적치] · FAOSTAT Land Cover · Area from CCI_LC (Flag=E),,,,B-037.xlsx,1.2_entity(레코드형),196,
B-037,"토지피복 분류별 면적[경작지, 산림, 초지, 건물, 수체, 나지]",entity,v124-b-037-entity-00194,B-037_landcover_national,VNM,,,,,,,,,토지피복 면적 — 초본 작물(농경지),,,"{""2025_개편_후_소속_34개_체계"":""전국(개편 무관)"",""건물_인공지표_면적_km"":null,""경계_면적_km_GADM"":null,""경계_좌표_산출근거"":""전국 집계값 — 좌표·폴리곤 없음."",""경계_폴리곤_파일"":null,""경작지_면적_km"":null,""관목_면적_km"":null,""기후기술_연계_근거"":""간접 · 원천 자체 분류 — ESA WorldCover 가 토지피복 등급을 Tree cover·Cropland·Built-up 등으로 정의·배포하며, 수목 피복 면적은 탄소 흡수원의 물리적 기반, 경작지·건물 면적은 토지이용 변화의 기준이 됨. 주 기술 23(탄소 흡수원), 부 기술 35(산림·생태계 부문 기술) — 2026-08-28 발주처 지시에 따라 tech_id에 ';'로 연결해 복수 기입. [근거자료] ESA_WorldCover_10m_2021_v200_*_Map.tif (Discrete Classification, 등급 10~95) · FAOSTAT Land Cover(LC) Item=Artificial surfaces 등"",""나지_희박식생_면적_km"":null,""레코드_키"":""VNM_lc_herbaceous_crops_1994"",""맹그로브_면적_km"":null,""수목_면적_km"":null,""연도"":1994,""영구수체_면적_km"":null,""전국_값"":9741.25,""전국_단위"":""1000 ha"",""전국_지표명"":""토지피복 면적 — 초본 작물(농경지)"",""지역명_로마자"":""Viet Nam"",""지역명_베트남어"":""Việt Nam"",""초본습지_면적_km"":null,""초지_면적_km"":null,""합계_km"":null,""행정단위"":""Country""}",,전국 · 토지피복 면적 — 초본 작물(농경지) · [실적치] · FAOSTAT Land Cover · Area from CCI_LC (Flag=E),,,,B-037.xlsx,1.2_entity(레코드형),197,
B-037,"토지피복 분류별 면적[경작지, 산림, 초지, 건물, 수체, 나지]",entity,v124-b-037-entity-00195,B-037_landcover_national,VNM,,,,,,,,,토지피복 면적 — 초본 작물(농경지),,,"{""2025_개편_후_소속_34개_체계"":""전국(개편 무관)"",""건물_인공지표_면적_km"":null,""경계_면적_km_GADM"":null,""경계_좌표_산출근거"":""전국 집계값 — 좌표·폴리곤 없음."",""경계_폴리곤_파일"":null,""경작지_면적_km"":null,""관목_면적_km"":null,""기후기술_연계_근거"":""간접 · 원천 자체 분류 — ESA WorldCover 가 토지피복 등급을 Tree cover·Cropland·Built-up 등으로 정의·배포하며, 수목 피복 면적은 탄소 흡수원의 물리적 기반, 경작지·건물 면적은 토지이용 변화의 기준이 됨. 주 기술 23(탄소 흡수원), 부 기술 35(산림·생태계 부문 기술) — 2026-08-28 발주처 지시에 따라 tech_id에 ';'로 연결해 복수 기입. [근거자료] ESA_WorldCover_10m_2021_v200_*_Map.tif (Discrete Classification, 등급 10~95) · FAOSTAT Land Cover(LC) Item=Artificial surfaces 등"",""나지_희박식생_면적_km"":null,""레코드_키"":""VNM_lc_herbaceous_crops_1995"",""맹그로브_면적_km"":null,""수목_면적_km"":null,""연도"":1995,""영구수체_면적_km"":null,""전국_값"":9925.33,""전국_단위"":""1000 ha"",""전국_지표명"":""토지피복 면적 — 초본 작물(농경지)"",""지역명_로마자"":""Viet Nam"",""지역명_베트남어"":""Việt Nam"",""초본습지_면적_km"":null,""초지_면적_km"":null,""합계_km"":null,""행정단위"":""Country""}",,전국 · 토지피복 면적 — 초본 작물(농경지) · [실적치] · FAOSTAT Land Cover · Area from CCI_LC (Flag=E),,,,B-037.xlsx,1.2_entity(레코드형),198,
B-037,"토지피복 분류별 면적[경작지, 산림, 초지, 건물, 수체, 나지]",entity,v124-b-037-entity-00196,B-037_landcover_national,VNM,,,,,,,,,토지피복 면적 — 초본 작물(농경지),,,"{""2025_개편_후_소속_34개_체계"":""전국(개편 무관)"",""건물_인공지표_면적_km"":null,""경계_면적_km_GADM"":null,""경계_좌표_산출근거"":""전국 집계값 — 좌표·폴리곤 없음."",""경계_폴리곤_파일"":null,""경작지_면적_km"":null,""관목_면적_km"":null,""기후기술_연계_근거"":""간접 · 원천 자체 분류 — ESA WorldCover 가 토지피복 등급을 Tree cover·Cropland·Built-up 등으로 정의·배포하며, 수목 피복 면적은 탄소 흡수원의 물리적 기반, 경작지·건물 면적은 토지이용 변화의 기준이 됨. 주 기술 23(탄소 흡수원), 부 기술 35(산림·생태계 부문 기술) — 2026-08-28 발주처 지시에 따라 tech_id에 ';'로 연결해 복수 기입. [근거자료] ESA_WorldCover_10m_2021_v200_*_Map.tif (Discrete Classification, 등급 10~95) · FAOSTAT Land Cover(LC) Item=Artificial surfaces 등"",""나지_희박식생_면적_km"":null,""레코드_키"":""VNM_lc_herbaceous_crops_1996"",""맹그로브_면적_km"":null,""수목_면적_km"":null,""연도"":1996,""영구수체_면적_km"":null,""전국_값"":9872.13,""전국_단위"":""1000 ha"",""전국_지표명"":""토지피복 면적 — 초본 작물(농경지)"",""지역명_로마자"":""Viet Nam"",""지역명_베트남어"":""Việt Nam"",""초본습지_면적_km"":null,""초지_면적_km"":null,""합계_km"":null,""행정단위"":""Country""}",,전국 · 토지피복 면적 — 초본 작물(농경지) · [실적치] · FAOSTAT Land Cover · Area from CCI_LC (Flag=E),,,,B-037.xlsx,1.2_entity(레코드형),199,
B-037,"토지피복 분류별 면적[경작지, 산림, 초지, 건물, 수체, 나지]",entity,v124-b-037-entity-00197,B-037_landcover_national,VNM,,,,,,,,,토지피복 면적 — 초본 작물(농경지),,,"{""2025_개편_후_소속_34개_체계"":""전국(개편 무관)"",""건물_인공지표_면적_km"":null,""경계_면적_km_GADM"":null,""경계_좌표_산출근거"":""전국 집계값 — 좌표·폴리곤 없음."",""경계_폴리곤_파일"":null,""경작지_면적_km"":null,""관목_면적_km"":null,""기후기술_연계_근거"":""간접 · 원천 자체 분류 — ESA WorldCover 가 토지피복 등급을 Tree cover·Cropland·Built-up 등으로 정의·배포하며, 수목 피복 면적은 탄소 흡수원의 물리적 기반, 경작지·건물 면적은 토지이용 변화의 기준이 됨. 주 기술 23(탄소 흡수원), 부 기술 35(산림·생태계 부문 기술) — 2026-08-28 발주처 지시에 따라 tech_id에 ';'로 연결해 복수 기입. [근거자료] ESA_WorldCover_10m_2021_v200_*_Map.tif (Discrete Classification, 등급 10~95) · FAOSTAT Land Cover(LC) Item=Artificial surfaces 등"",""나지_희박식생_면적_km"":null,""레코드_키"":""VNM_lc_herbaceous_crops_1997"",""맹그로브_면적_km"":null,""수목_면적_km"":null,""연도"":1997,""영구수체_면적_km"":null,""전국_값"":9867.31,""전국_단위"":""1000 ha"",""전국_지표명"":""토지피복 면적 — 초본 작물(농경지)"",""지역명_로마자"":""Viet Nam"",""지역명_베트남어"":""Việt Nam"",""초본습지_면적_km"":null,""초지_면적_km"":null,""합계_km"":null,""행정단위"":""Country""}",,전국 · 토지피복 면적 — 초본 작물(농경지) · [실적치] · FAOSTAT Land Cover · Area from CCI_LC (Flag=E),,,,B-037.xlsx,1.2_entity(레코드형),200,
B-037,"토지피복 분류별 면적[경작지, 산림, 초지, 건물, 수체, 나지]",entity,v124-b-037-entity-00198,B-037_landcover_national,VNM,,,,,,,,,토지피복 면적 — 초본 작물(농경지),,,"{""2025_개편_후_소속_34개_체계"":""전국(개편 무관)"",""건물_인공지표_면적_km"":null,""경계_면적_km_GADM"":null,""경계_좌표_산출근거"":""전국 집계값 — 좌표·폴리곤 없음."",""경계_폴리곤_파일"":null,""경작지_면적_km"":null,""관목_면적_km"":null,""기후기술_연계_근거"":""간접 · 원천 자체 분류 — ESA WorldCover 가 토지피복 등급을 Tree cover·Cropland·Built-up 등으로 정의·배포하며, 수목 피복 면적은 탄소 흡수원의 물리적 기반, 경작지·건물 면적은 토지이용 변화의 기준이 됨. 주 기술 23(탄소 흡수원), 부 기술 35(산림·생태계 부문 기술) — 2026-08-28 발주처 지시에 따라 tech_id에 ';'로 연결해 복수 기입. [근거자료] ESA_WorldCover_10m_2021_v200_*_Map.tif (Discrete Classification, 등급 10~95) · FAOSTAT Land Cover(LC) Item=Artificial surfaces 등"",""나지_희박식생_면적_km"":null,""레코드_키"":""VNM_lc_herbaceous_crops_1998"",""맹그로브_면적_km"":null,""수목_면적_km"":null,""연도"":1998,""영구수체_면적_km"":null,""전국_값"":9803.63,""전국_단위"":""1000 ha"",""전국_지표명"":""토지피복 면적 — 초본 작물(농경지)"",""지역명_로마자"":""Viet Nam"",""지역명_베트남어"":""Việt Nam"",""초본습지_면적_km"":null,""초지_면적_km"":null,""합계_km"":null,""행정단위"":""Country""}",,전국 · 토지피복 면적 — 초본 작물(농경지) · [실적치] · FAOSTAT Land Cover · Area from CCI_LC (Flag=E),,,,B-037.xlsx,1.2_entity(레코드형),201,
B-037,"토지피복 분류별 면적[경작지, 산림, 초지, 건물, 수체, 나지]",entity,v124-b-037-entity-00199,B-037_landcover_national,VNM,,,,,,,,,토지피복 면적 — 초본 작물(농경지),,,"{""2025_개편_후_소속_34개_체계"":""전국(개편 무관)"",""건물_인공지표_면적_km"":null,""경계_면적_km_GADM"":null,""경계_좌표_산출근거"":""전국 집계값 — 좌표·폴리곤 없음."",""경계_폴리곤_파일"":null,""경작지_면적_km"":null,""관목_면적_km"":null,""기후기술_연계_근거"":""간접 · 원천 자체 분류 — ESA WorldCover 가 토지피복 등급을 Tree cover·Cropland·Built-up 등으로 정의·배포하며, 수목 피복 면적은 탄소 흡수원의 물리적 기반, 경작지·건물 면적은 토지이용 변화의 기준이 됨. 주 기술 23(탄소 흡수원), 부 기술 35(산림·생태계 부문 기술) — 2026-08-28 발주처 지시에 따라 tech_id에 ';'로 연결해 복수 기입. [근거자료] ESA_WorldCover_10m_2021_v200_*_Map.tif (Discrete Classification, 등급 10~95) · FAOSTAT Land Cover(LC) Item=Artificial surfaces 등"",""나지_희박식생_면적_km"":null,""레코드_키"":""VNM_lc_herbaceous_crops_1999"",""맹그로브_면적_km"":null,""수목_면적_km"":null,""연도"":1999,""영구수체_면적_km"":null,""전국_값"":9815.05,""전국_단위"":""1000 ha"",""전국_지표명"":""토지피복 면적 — 초본 작물(농경지)"",""지역명_로마자"":""Viet Nam"",""지역명_베트남어"":""Việt Nam"",""초본습지_면적_km"":null,""초지_면적_km"":null,""합계_km"":null,""행정단위"":""Country""}",,전국 · 토지피복 면적 — 초본 작물(농경지) · [실적치] · FAOSTAT Land Cover · Area from CCI_LC (Flag=E),,,,B-037.xlsx,1.2_entity(레코드형),202,
B-037,"토지피복 분류별 면적[경작지, 산림, 초지, 건물, 수체, 나지]",entity,v124-b-037-entity-00200,B-037_landcover_national,VNM,,,,,,,,,토지피복 면적 — 초본 작물(농경지),,,"{""2025_개편_후_소속_34개_체계"":""전국(개편 무관)"",""건물_인공지표_면적_km"":null,""경계_면적_km_GADM"":null,""경계_좌표_산출근거"":""전국 집계값 — 좌표·폴리곤 없음."",""경계_폴리곤_파일"":null,""경작지_면적_km"":null,""관목_면적_km"":null,""기후기술_연계_근거"":""간접 · 원천 자체 분류 — ESA WorldCover 가 토지피복 등급을 Tree cover·Cropland·Built-up 등으로 정의·배포하며, 수목 피복 면적은 탄소 흡수원의 물리적 기반, 경작지·건물 면적은 토지이용 변화의 기준이 됨. 주 기술 23(탄소 흡수원), 부 기술 35(산림·생태계 부문 기술) — 2026-08-28 발주처 지시에 따라 tech_id에 ';'로 연결해 복수 기입. [근거자료] ESA_WorldCover_10m_2021_v200_*_Map.tif (Discrete Classification, 등급 10~95) · FAOSTAT Land Cover(LC) Item=Artificial surfaces 등"",""나지_희박식생_면적_km"":null,""레코드_키"":""VNM_lc_herbaceous_crops_2000"",""맹그로브_면적_km"":null,""수목_면적_km"":null,""연도"":2000,""영구수체_면적_km"":null,""전국_값"":9729.76,""전국_단위"":""1000 ha"",""전국_지표명"":""토지피복 면적 — 초본 작물(농경지)"",""지역명_로마자"":""Viet Nam"",""지역명_베트남어"":""Việt Nam"",""초본습지_면적_km"":null,""초지_면적_km"":null,""합계_km"":null,""행정단위"":""Country""}",,전국 · 토지피복 면적 — 초본 작물(농경지) · [실적치] · FAOSTAT Land Cover · Area from CCI_LC (Flag=E),,,,B-037.xlsx,1.2_entity(레코드형),203,
B-037,"토지피복 분류별 면적[경작지, 산림, 초지, 건물, 수체, 나지]",entity,v124-b-037-entity-00201,B-037_landcover_national,VNM,,,,,,,,,토지피복 면적 — 초본 작물(농경지),,,"{""2025_개편_후_소속_34개_체계"":""전국(개편 무관)"",""건물_인공지표_면적_km"":null,""경계_면적_km_GADM"":null,""경계_좌표_산출근거"":""전국 집계값 — 좌표·폴리곤 없음."",""경계_폴리곤_파일"":null,""경작지_면적_km"":null,""관목_면적_km"":null,""기후기술_연계_근거"":""간접 · 원천 자체 분류 — ESA WorldCover 가 토지피복 등급을 Tree cover·Cropland·Built-up 등으로 정의·배포하며, 수목 피복 면적은 탄소 흡수원의 물리적 기반, 경작지·건물 면적은 토지이용 변화의 기준이 됨. 주 기술 23(탄소 흡수원), 부 기술 35(산림·생태계 부문 기술) — 2026-08-28 발주처 지시에 따라 tech_id에 ';'로 연결해 복수 기입. [근거자료] ESA_WorldCover_10m_2021_v200_*_Map.tif (Discrete Classification, 등급 10~95) · FAOSTAT Land Cover(LC) Item=Artificial surfaces 등"",""나지_희박식생_면적_km"":null,""레코드_키"":""VNM_lc_herbaceous_crops_2001"",""맹그로브_면적_km"":null,""수목_면적_km"":null,""연도"":2001,""영구수체_면적_km"":null,""전국_값"":9646.44,""전국_단위"":""1000 ha"",""전국_지표명"":""토지피복 면적 — 초본 작물(농경지)"",""지역명_로마자"":""Viet Nam"",""지역명_베트남어"":""Việt Nam"",""초본습지_면적_km"":null,""초지_면적_km"":null,""합계_km"":null,""행정단위"":""Country""}",,전국 · 토지피복 면적 — 초본 작물(농경지) · [실적치] · FAOSTAT Land Cover · Area from CCI_LC (Flag=E),,,,B-037.xlsx,1.2_entity(레코드형),204,
B-037,"토지피복 분류별 면적[경작지, 산림, 초지, 건물, 수체, 나지]",entity,v124-b-037-entity-00202,B-037_landcover_national,VNM,,,,,,,,,토지피복 면적 — 초본 작물(농경지),,,"{""2025_개편_후_소속_34개_체계"":""전국(개편 무관)"",""건물_인공지표_면적_km"":null,""경계_면적_km_GADM"":null,""경계_좌표_산출근거"":""전국 집계값 — 좌표·폴리곤 없음."",""경계_폴리곤_파일"":null,""경작지_면적_km"":null,""관목_면적_km"":null,""기후기술_연계_근거"":""간접 · 원천 자체 분류 — ESA WorldCover 가 토지피복 등급을 Tree cover·Cropland·Built-up 등으로 정의·배포하며, 수목 피복 면적은 탄소 흡수원의 물리적 기반, 경작지·건물 면적은 토지이용 변화의 기준이 됨. 주 기술 23(탄소 흡수원), 부 기술 35(산림·생태계 부문 기술) — 2026-08-28 발주처 지시에 따라 tech_id에 ';'로 연결해 복수 기입. [근거자료] ESA_WorldCover_10m_2021_v200_*_Map.tif (Discrete Classification, 등급 10~95) · FAOSTAT Land Cover(LC) Item=Artificial surfaces 등"",""나지_희박식생_면적_km"":null,""레코드_키"":""VNM_lc_herbaceous_crops_2002"",""맹그로브_면적_km"":null,""수목_면적_km"":null,""연도"":2002,""영구수체_면적_km"":null,""전국_값"":9621.01,""전국_단위"":""1000 ha"",""전국_지표명"":""토지피복 면적 — 초본 작물(농경지)"",""지역명_로마자"":""Viet Nam"",""지역명_베트남어"":""Việt Nam"",""초본습지_면적_km"":null,""초지_면적_km"":null,""합계_km"":null,""행정단위"":""Country""}",,전국 · 토지피복 면적 — 초본 작물(농경지) · [실적치] · FAOSTAT Land Cover · Area from CCI_LC (Flag=E),,,,B-037.xlsx,1.2_entity(레코드형),205,
B-037,"토지피복 분류별 면적[경작지, 산림, 초지, 건물, 수체, 나지]",entity,v124-b-037-entity-00203,B-037_landcover_national,VNM,,,,,,,,,토지피복 면적 — 초본 작물(농경지),,,"{""2025_개편_후_소속_34개_체계"":""전국(개편 무관)"",""건물_인공지표_면적_km"":null,""경계_면적_km_GADM"":null,""경계_좌표_산출근거"":""전국 집계값 — 좌표·폴리곤 없음."",""경계_폴리곤_파일"":null,""경작지_면적_km"":null,""관목_면적_km"":null,""기후기술_연계_근거"":""간접 · 원천 자체 분류 — ESA WorldCover 가 토지피복 등급을 Tree cover·Cropland·Built-up 등으로 정의·배포하며, 수목 피복 면적은 탄소 흡수원의 물리적 기반, 경작지·건물 면적은 토지이용 변화의 기준이 됨. 주 기술 23(탄소 흡수원), 부 기술 35(산림·생태계 부문 기술) — 2026-08-28 발주처 지시에 따라 tech_id에 ';'로 연결해 복수 기입. [근거자료] ESA_WorldCover_10m_2021_v200_*_Map.tif (Discrete Classification, 등급 10~95) · FAOSTAT Land Cover(LC) Item=Artificial surfaces 등"",""나지_희박식생_면적_km"":null,""레코드_키"":""VNM_lc_herbaceous_crops_2003"",""맹그로브_면적_km"":null,""수목_면적_km"":null,""연도"":2003,""영구수체_면적_km"":null,""전국_값"":9524.78,""전국_단위"":""1000 ha"",""전국_지표명"":""토지피복 면적 — 초본 작물(농경지)"",""지역명_로마자"":""Viet Nam"",""지역명_베트남어"":""Việt Nam"",""초본습지_면적_km"":null,""초지_면적_km"":null,""합계_km"":null,""행정단위"":""Country""}",,전국 · 토지피복 면적 — 초본 작물(농경지) · [실적치] · FAOSTAT Land Cover · Area from CCI_LC (Flag=E),,,,B-037.xlsx,1.2_entity(레코드형),206,
B-037,"토지피복 분류별 면적[경작지, 산림, 초지, 건물, 수체, 나지]",entity,v124-b-037-entity-00204,B-037_landcover_national,VNM,,,,,,,,,토지피복 면적 — 초본 작물(농경지),,,"{""2025_개편_후_소속_34개_체계"":""전국(개편 무관)"",""건물_인공지표_면적_km"":null,""경계_면적_km_GADM"":null,""경계_좌표_산출근거"":""전국 집계값 — 좌표·폴리곤 없음."",""경계_폴리곤_파일"":null,""경작지_면적_km"":null,""관목_면적_km"":null,""기후기술_연계_근거"":""간접 · 원천 자체 분류 — ESA WorldCover 가 토지피복 등급을 Tree cover·Cropland·Built-up 등으로 정의·배포하며, 수목 피복 면적은 탄소 흡수원의 물리적 기반, 경작지·건물 면적은 토지이용 변화의 기준이 됨. 주 기술 23(탄소 흡수원), 부 기술 35(산림·생태계 부문 기술) — 2026-08-28 발주처 지시에 따라 tech_id에 ';'로 연결해 복수 기입. [근거자료] ESA_WorldCover_10m_2021_v200_*_Map.tif (Discrete Classification, 등급 10~95) · FAOSTAT Land Cover(LC) Item=Artificial surfaces 등"",""나지_희박식생_면적_km"":null,""레코드_키"":""VNM_lc_herbaceous_crops_2004"",""맹그로브_면적_km"":null,""수목_면적_km"":null,""연도"":2004,""영구수체_면적_km"":null,""전국_값"":9123.58,""전국_단위"":""1000 ha"",""전국_지표명"":""토지피복 면적 — 초본 작물(농경지)"",""지역명_로마자"":""Viet Nam"",""지역명_베트남어"":""Việt Nam"",""초본습지_면적_km"":null,""초지_면적_km"":null,""합계_km"":null,""행정단위"":""Country""}",,전국 · 토지피복 면적 — 초본 작물(농경지) · [실적치] · FAOSTAT Land Cover · Area from CCI_LC (Flag=E),,,,B-037.xlsx,1.2_entity(레코드형),207,
B-037,"토지피복 분류별 면적[경작지, 산림, 초지, 건물, 수체, 나지]",entity,v124-b-037-entity-00205,B-037_landcover_national,VNM,,,,,,,,,토지피복 면적 — 초본 작물(농경지),,,"{""2025_개편_후_소속_34개_체계"":""전국(개편 무관)"",""건물_인공지표_면적_km"":null,""경계_면적_km_GADM"":null,""경계_좌표_산출근거"":""전국 집계값 — 좌표·폴리곤 없음."",""경계_폴리곤_파일"":null,""경작지_면적_km"":null,""관목_면적_km"":null,""기후기술_연계_근거"":""간접 · 원천 자체 분류 — ESA WorldCover 가 토지피복 등급을 Tree cover·Cropland·Built-up 등으로 정의·배포하며, 수목 피복 면적은 탄소 흡수원의 물리적 기반, 경작지·건물 면적은 토지이용 변화의 기준이 됨. 주 기술 23(탄소 흡수원), 부 기술 35(산림·생태계 부문 기술) — 2026-08-28 발주처 지시에 따라 tech_id에 ';'로 연결해 복수 기입. [근거자료] ESA_WorldCover_10m_2021_v200_*_Map.tif (Discrete Classification, 등급 10~95) · FAOSTAT Land Cover(LC) Item=Artificial surfaces 등"",""나지_희박식생_면적_km"":null,""레코드_키"":""VNM_lc_herbaceous_crops_2005"",""맹그로브_면적_km"":null,""수목_면적_km"":null,""연도"":2005,""영구수체_면적_km"":null,""전국_값"":8730.05,""전국_단위"":""1000 ha"",""전국_지표명"":""토지피복 면적 — 초본 작물(농경지)"",""지역명_로마자"":""Viet Nam"",""지역명_베트남어"":""Việt Nam"",""초본습지_면적_km"":null,""초지_면적_km"":null,""합계_km"":null,""행정단위"":""Country""}",,전국 · 토지피복 면적 — 초본 작물(농경지) · [실적치] · FAOSTAT Land Cover · Area from CCI_LC (Flag=E),,,,B-037.xlsx,1.2_entity(레코드형),208,
B-037,"토지피복 분류별 면적[경작지, 산림, 초지, 건물, 수체, 나지]",entity,v124-b-037-entity-00206,B-037_landcover_national,VNM,,,,,,,,,토지피복 면적 — 초본 작물(농경지),,,"{""2025_개편_후_소속_34개_체계"":""전국(개편 무관)"",""건물_인공지표_면적_km"":null,""경계_면적_km_GADM"":null,""경계_좌표_산출근거"":""전국 집계값 — 좌표·폴리곤 없음."",""경계_폴리곤_파일"":null,""경작지_면적_km"":null,""관목_면적_km"":null,""기후기술_연계_근거"":""간접 · 원천 자체 분류 — ESA WorldCover 가 토지피복 등급을 Tree cover·Cropland·Built-up 등으로 정의·배포하며, 수목 피복 면적은 탄소 흡수원의 물리적 기반, 경작지·건물 면적은 토지이용 변화의 기준이 됨. 주 기술 23(탄소 흡수원), 부 기술 35(산림·생태계 부문 기술) — 2026-08-28 발주처 지시에 따라 tech_id에 ';'로 연결해 복수 기입. [근거자료] ESA_WorldCover_10m_2021_v200_*_Map.tif (Discrete Classification, 등급 10~95) · FAOSTAT Land Cover(LC) Item=Artificial surfaces 등"",""나지_희박식생_면적_km"":null,""레코드_키"":""VNM_lc_herbaceous_crops_2006"",""맹그로브_면적_km"":null,""수목_면적_km"":null,""연도"":2006,""영구수체_면적_km"":null,""전국_값"":8697.69,""전국_단위"":""1000 ha"",""전국_지표명"":""토지피복 면적 — 초본 작물(농경지)"",""지역명_로마자"":""Viet Nam"",""지역명_베트남어"":""Việt Nam"",""초본습지_면적_km"":null,""초지_면적_km"":null,""합계_km"":null,""행정단위"":""Country""}",,전국 · 토지피복 면적 — 초본 작물(농경지) · [실적치] · FAOSTAT Land Cover · Area from CCI_LC (Flag=E),,,,B-037.xlsx,1.2_entity(레코드형),209,
B-037,"토지피복 분류별 면적[경작지, 산림, 초지, 건물, 수체, 나지]",entity,v124-b-037-entity-00207,B-037_landcover_national,VNM,,,,,,,,,토지피복 면적 — 초본 작물(농경지),,,"{""2025_개편_후_소속_34개_체계"":""전국(개편 무관)"",""건물_인공지표_면적_km"":null,""경계_면적_km_GADM"":null,""경계_좌표_산출근거"":""전국 집계값 — 좌표·폴리곤 없음."",""경계_폴리곤_파일"":null,""경작지_면적_km"":null,""관목_면적_km"":null,""기후기술_연계_근거"":""간접 · 원천 자체 분류 — ESA WorldCover 가 토지피복 등급을 Tree cover·Cropland·Built-up 등으로 정의·배포하며, 수목 피복 면적은 탄소 흡수원의 물리적 기반, 경작지·건물 면적은 토지이용 변화의 기준이 됨. 주 기술 23(탄소 흡수원), 부 기술 35(산림·생태계 부문 기술) — 2026-08-28 발주처 지시에 따라 tech_id에 ';'로 연결해 복수 기입. [근거자료] ESA_WorldCover_10m_2021_v200_*_Map.tif (Discrete Classification, 등급 10~95) · FAOSTAT Land Cover(LC) Item=Artificial surfaces 등"",""나지_희박식생_면적_km"":null,""레코드_키"":""VNM_lc_herbaceous_crops_2007"",""맹그로브_면적_km"":null,""수목_면적_km"":null,""연도"":2007,""영구수체_면적_km"":null,""전국_값"":8657.22,""전국_단위"":""1000 ha"",""전국_지표명"":""토지피복 면적 — 초본 작물(농경지)"",""지역명_로마자"":""Viet Nam"",""지역명_베트남어"":""Việt Nam"",""초본습지_면적_km"":null,""초지_면적_km"":null,""합계_km"":null,""행정단위"":""Country""}",,전국 · 토지피복 면적 — 초본 작물(농경지) · [실적치] · FAOSTAT Land Cover · Area from CCI_LC (Flag=E),,,,B-037.xlsx,1.2_entity(레코드형),210,
B-037,"토지피복 분류별 면적[경작지, 산림, 초지, 건물, 수체, 나지]",entity,v124-b-037-entity-00208,B-037_landcover_national,VNM,,,,,,,,,토지피복 면적 — 초본 작물(농경지),,,"{""2025_개편_후_소속_34개_체계"":""전국(개편 무관)"",""건물_인공지표_면적_km"":null,""경계_면적_km_GADM"":null,""경계_좌표_산출근거"":""전국 집계값 — 좌표·폴리곤 없음."",""경계_폴리곤_파일"":null,""경작지_면적_km"":null,""관목_면적_km"":null,""기후기술_연계_근거"":""간접 · 원천 자체 분류 — ESA WorldCover 가 토지피복 등급을 Tree cover·Cropland·Built-up 등으로 정의·배포하며, 수목 피복 면적은 탄소 흡수원의 물리적 기반, 경작지·건물 면적은 토지이용 변화의 기준이 됨. 주 기술 23(탄소 흡수원), 부 기술 35(산림·생태계 부문 기술) — 2026-08-28 발주처 지시에 따라 tech_id에 ';'로 연결해 복수 기입. [근거자료] ESA_WorldCover_10m_2021_v200_*_Map.tif (Discrete Classification, 등급 10~95) · FAOSTAT Land Cover(LC) Item=Artificial surfaces 등"",""나지_희박식생_면적_km"":null,""레코드_키"":""VNM_lc_herbaceous_crops_2008"",""맹그로브_면적_km"":null,""수목_면적_km"":null,""연도"":2008,""영구수체_면적_km"":null,""전국_값"":8460.75,""전국_단위"":""1000 ha"",""전국_지표명"":""토지피복 면적 — 초본 작물(농경지)"",""지역명_로마자"":""Viet Nam"",""지역명_베트남어"":""Việt Nam"",""초본습지_면적_km"":null,""초지_면적_km"":null,""합계_km"":null,""행정단위"":""Country""}",,전국 · 토지피복 면적 — 초본 작물(농경지) · [실적치] · FAOSTAT Land Cover · Area from CCI_LC (Flag=E),,,,B-037.xlsx,1.2_entity(레코드형),211,
B-037,"토지피복 분류별 면적[경작지, 산림, 초지, 건물, 수체, 나지]",entity,v124-b-037-entity-00209,B-037_landcover_national,VNM,,,,,,,,,토지피복 면적 — 초본 작물(농경지),,,"{""2025_개편_후_소속_34개_체계"":""전국(개편 무관)"",""건물_인공지표_면적_km"":null,""경계_면적_km_GADM"":null,""경계_좌표_산출근거"":""전국 집계값 — 좌표·폴리곤 없음."",""경계_폴리곤_파일"":null,""경작지_면적_km"":null,""관목_면적_km"":null,""기후기술_연계_근거"":""간접 · 원천 자체 분류 — ESA WorldCover 가 토지피복 등급을 Tree cover·Cropland·Built-up 등으로 정의·배포하며, 수목 피복 면적은 탄소 흡수원의 물리적 기반, 경작지·건물 면적은 토지이용 변화의 기준이 됨. 주 기술 23(탄소 흡수원), 부 기술 35(산림·생태계 부문 기술) — 2026-08-28 발주처 지시에 따라 tech_id에 ';'로 연결해 복수 기입. [근거자료] ESA_WorldCover_10m_2021_v200_*_Map.tif (Discrete Classification, 등급 10~95) · FAOSTAT Land Cover(LC) Item=Artificial surfaces 등"",""나지_희박식생_면적_km"":null,""레코드_키"":""VNM_lc_herbaceous_crops_2009"",""맹그로브_면적_km"":null,""수목_면적_km"":null,""연도"":2009,""영구수체_면적_km"":null,""전국_값"":8438.07,""전국_단위"":""1000 ha"",""전국_지표명"":""토지피복 면적 — 초본 작물(농경지)"",""지역명_로마자"":""Viet Nam"",""지역명_베트남어"":""Việt Nam"",""초본습지_면적_km"":null,""초지_면적_km"":null,""합계_km"":null,""행정단위"":""Country""}",,전국 · 토지피복 면적 — 초본 작물(농경지) · [실적치] · FAOSTAT Land Cover · Area from CCI_LC (Flag=E),,,,B-037.xlsx,1.2_entity(레코드형),212,
B-037,"토지피복 분류별 면적[경작지, 산림, 초지, 건물, 수체, 나지]",entity,v124-b-037-entity-00210,B-037_landcover_national,VNM,,,,,,,,,토지피복 면적 — 초본 작물(농경지),,,"{""2025_개편_후_소속_34개_체계"":""전국(개편 무관)"",""건물_인공지표_면적_km"":null,""경계_면적_km_GADM"":null,""경계_좌표_산출근거"":""전국 집계값 — 좌표·폴리곤 없음."",""경계_폴리곤_파일"":null,""경작지_면적_km"":null,""관목_면적_km"":null,""기후기술_연계_근거"":""간접 · 원천 자체 분류 — ESA WorldCover 가 토지피복 등급을 Tree cover·Cropland·Built-up 등으로 정의·배포하며, 수목 피복 면적은 탄소 흡수원의 물리적 기반, 경작지·건물 면적은 토지이용 변화의 기준이 됨. 주 기술 23(탄소 흡수원), 부 기술 35(산림·생태계 부문 기술) — 2026-08-28 발주처 지시에 따라 tech_id에 ';'로 연결해 복수 기입. [근거자료] ESA_WorldCover_10m_2021_v200_*_Map.tif (Discrete Classification, 등급 10~95) · FAOSTAT Land Cover(LC) Item=Artificial surfaces 등"",""나지_희박식생_면적_km"":null,""레코드_키"":""VNM_lc_herbaceous_crops_2010"",""맹그로브_면적_km"":null,""수목_면적_km"":null,""연도"":2010,""영구수체_면적_km"":null,""전국_값"":8221.6,""전국_단위"":""1000 ha"",""전국_지표명"":""토지피복 면적 — 초본 작물(농경지)"",""지역명_로마자"":""Viet Nam"",""지역명_베트남어"":""Việt Nam"",""초본습지_면적_km"":null,""초지_면적_km"":null,""합계_km"":null,""행정단위"":""Country""}",,전국 · 토지피복 면적 — 초본 작물(농경지) · [실적치] · FAOSTAT Land Cover · Area from CCI_LC (Flag=E),,,,B-037.xlsx,1.2_entity(레코드형),213,
B-037,"토지피복 분류별 면적[경작지, 산림, 초지, 건물, 수체, 나지]",entity,v124-b-037-entity-00211,B-037_landcover_national,VNM,,,,,,,,,토지피복 면적 — 초본 작물(농경지),,,"{""2025_개편_후_소속_34개_체계"":""전국(개편 무관)"",""건물_인공지표_면적_km"":null,""경계_면적_km_GADM"":null,""경계_좌표_산출근거"":""전국 집계값 — 좌표·폴리곤 없음."",""경계_폴리곤_파일"":null,""경작지_면적_km"":null,""관목_면적_km"":null,""기후기술_연계_근거"":""간접 · 원천 자체 분류 — ESA WorldCover 가 토지피복 등급을 Tree cover·Cropland·Built-up 등으로 정의·배포하며, 수목 피복 면적은 탄소 흡수원의 물리적 기반, 경작지·건물 면적은 토지이용 변화의 기준이 됨. 주 기술 23(탄소 흡수원), 부 기술 35(산림·생태계 부문 기술) — 2026-08-28 발주처 지시에 따라 tech_id에 ';'로 연결해 복수 기입. [근거자료] ESA_WorldCover_10m_2021_v200_*_Map.tif (Discrete Classification, 등급 10~95) · FAOSTAT Land Cover(LC) Item=Artificial surfaces 등"",""나지_희박식생_면적_km"":null,""레코드_키"":""VNM_lc_herbaceous_crops_2011"",""맹그로브_면적_km"":null,""수목_면적_km"":null,""연도"":2011,""영구수체_면적_km"":null,""전국_값"":8218.63,""전국_단위"":""1000 ha"",""전국_지표명"":""토지피복 면적 — 초본 작물(농경지)"",""지역명_로마자"":""Viet Nam"",""지역명_베트남어"":""Việt Nam"",""초본습지_면적_km"":null,""초지_면적_km"":null,""합계_km"":null,""행정단위"":""Country""}",,전국 · 토지피복 면적 — 초본 작물(농경지) · [실적치] · FAOSTAT Land Cover · Area from CCI_LC (Flag=E),,,,B-037.xlsx,1.2_entity(레코드형),214,
B-037,"토지피복 분류별 면적[경작지, 산림, 초지, 건물, 수체, 나지]",entity,v124-b-037-entity-00212,B-037_landcover_national,VNM,,,,,,,,,토지피복 면적 — 초본 작물(농경지),,,"{""2025_개편_후_소속_34개_체계"":""전국(개편 무관)"",""건물_인공지표_면적_km"":null,""경계_면적_km_GADM"":null,""경계_좌표_산출근거"":""전국 집계값 — 좌표·폴리곤 없음."",""경계_폴리곤_파일"":null,""경작지_면적_km"":null,""관목_면적_km"":null,""기후기술_연계_근거"":""간접 · 원천 자체 분류 — ESA WorldCover 가 토지피복 등급을 Tree cover·Cropland·Built-up 등으로 정의·배포하며, 수목 피복 면적은 탄소 흡수원의 물리적 기반, 경작지·건물 면적은 토지이용 변화의 기준이 됨. 주 기술 23(탄소 흡수원), 부 기술 35(산림·생태계 부문 기술) — 2026-08-28 발주처 지시에 따라 tech_id에 ';'로 연결해 복수 기입. [근거자료] ESA_WorldCover_10m_2021_v200_*_Map.tif (Discrete Classification, 등급 10~95) · FAOSTAT Land Cover(LC) Item=Artificial surfaces 등"",""나지_희박식생_면적_km"":null,""레코드_키"":""VNM_lc_herbaceous_crops_2012"",""맹그로브_면적_km"":null,""수목_면적_km"":null,""연도"":2012,""영구수체_면적_km"":null,""전국_값"":8144.59,""전국_단위"":""1000 ha"",""전국_지표명"":""토지피복 면적 — 초본 작물(농경지)"",""지역명_로마자"":""Viet Nam"",""지역명_베트남어"":""Việt Nam"",""초본습지_면적_km"":null,""초지_면적_km"":null,""합계_km"":null,""행정단위"":""Country""}",,전국 · 토지피복 면적 — 초본 작물(농경지) · [실적치] · FAOSTAT Land Cover · Area from CCI_LC (Flag=E),,,,B-037.xlsx,1.2_entity(레코드형),215,
B-037,"토지피복 분류별 면적[경작지, 산림, 초지, 건물, 수체, 나지]",entity,v124-b-037-entity-00213,B-037_landcover_national,VNM,,,,,,,,,토지피복 면적 — 초본 작물(농경지),,,"{""2025_개편_후_소속_34개_체계"":""전국(개편 무관)"",""건물_인공지표_면적_km"":null,""경계_면적_km_GADM"":null,""경계_좌표_산출근거"":""전국 집계값 — 좌표·폴리곤 없음."",""경계_폴리곤_파일"":null,""경작지_면적_km"":null,""관목_면적_km"":null,""기후기술_연계_근거"":""간접 · 원천 자체 분류 — ESA WorldCover 가 토지피복 등급을 Tree cover·Cropland·Built-up 등으로 정의·배포하며, 수목 피복 면적은 탄소 흡수원의 물리적 기반, 경작지·건물 면적은 토지이용 변화의 기준이 됨. 주 기술 23(탄소 흡수원), 부 기술 35(산림·생태계 부문 기술) — 2026-08-28 발주처 지시에 따라 tech_id에 ';'로 연결해 복수 기입. [근거자료] ESA_WorldCover_10m_2021_v200_*_Map.tif (Discrete Classification, 등급 10~95) · FAOSTAT Land Cover(LC) Item=Artificial surfaces 등"",""나지_희박식생_면적_km"":null,""레코드_키"":""VNM_lc_herbaceous_crops_2013"",""맹그로브_면적_km"":null,""수목_면적_km"":null,""연도"":2013,""영구수체_면적_km"":null,""전국_값"":8106.86,""전국_단위"":""1000 ha"",""전국_지표명"":""토지피복 면적 — 초본 작물(농경지)"",""지역명_로마자"":""Viet Nam"",""지역명_베트남어"":""Việt Nam"",""초본습지_면적_km"":null,""초지_면적_km"":null,""합계_km"":null,""행정단위"":""Country""}",,전국 · 토지피복 면적 — 초본 작물(농경지) · [실적치] · FAOSTAT Land Cover · Area from CCI_LC (Flag=E),,,,B-037.xlsx,1.2_entity(레코드형),216,
B-037,"토지피복 분류별 면적[경작지, 산림, 초지, 건물, 수체, 나지]",entity,v124-b-037-entity-00214,B-037_landcover_national,VNM,,,,,,,,,토지피복 면적 — 초본 작물(농경지),,,"{""2025_개편_후_소속_34개_체계"":""전국(개편 무관)"",""건물_인공지표_면적_km"":null,""경계_면적_km_GADM"":null,""경계_좌표_산출근거"":""전국 집계값 — 좌표·폴리곤 없음."",""경계_폴리곤_파일"":null,""경작지_면적_km"":null,""관목_면적_km"":null,""기후기술_연계_근거"":""간접 · 원천 자체 분류 — ESA WorldCover 가 토지피복 등급을 Tree cover·Cropland·Built-up 등으로 정의·배포하며, 수목 피복 면적은 탄소 흡수원의 물리적 기반, 경작지·건물 면적은 토지이용 변화의 기준이 됨. 주 기술 23(탄소 흡수원), 부 기술 35(산림·생태계 부문 기술) — 2026-08-28 발주처 지시에 따라 tech_id에 ';'로 연결해 복수 기입. [근거자료] ESA_WorldCover_10m_2021_v200_*_Map.tif (Discrete Classification, 등급 10~95) · FAOSTAT Land Cover(LC) Item=Artificial surfaces 등"",""나지_희박식생_면적_km"":null,""레코드_키"":""VNM_lc_herbaceous_crops_2014"",""맹그로브_면적_km"":null,""수목_면적_km"":null,""연도"":2014,""영구수체_면적_km"":null,""전국_값"":8048.57,""전국_단위"":""1000 ha"",""전국_지표명"":""토지피복 면적 — 초본 작물(농경지)"",""지역명_로마자"":""Viet Nam"",""지역명_베트남어"":""Việt Nam"",""초본습지_면적_km"":null,""초지_면적_km"":null,""합계_km"":null,""행정단위"":""Country""}",,전국 · 토지피복 면적 — 초본 작물(농경지) · [실적치] · FAOSTAT Land Cover · Area from CCI_LC (Flag=E),,,,B-037.xlsx,1.2_entity(레코드형),217,
B-037,"토지피복 분류별 면적[경작지, 산림, 초지, 건물, 수체, 나지]",entity,v124-b-037-entity-00215,B-037_landcover_national,VNM,,,,,,,,,토지피복 면적 — 초본 작물(농경지),,,"{""2025_개편_후_소속_34개_체계"":""전국(개편 무관)"",""건물_인공지표_면적_km"":null,""경계_면적_km_GADM"":null,""경계_좌표_산출근거"":""전국 집계값 — 좌표·폴리곤 없음."",""경계_폴리곤_파일"":null,""경작지_면적_km"":null,""관목_면적_km"":null,""기후기술_연계_근거"":""간접 · 원천 자체 분류 — ESA WorldCover 가 토지피복 등급을 Tree cover·Cropland·Built-up 등으로 정의·배포하며, 수목 피복 면적은 탄소 흡수원의 물리적 기반, 경작지·건물 면적은 토지이용 변화의 기준이 됨. 주 기술 23(탄소 흡수원), 부 기술 35(산림·생태계 부문 기술) — 2026-08-28 발주처 지시에 따라 tech_id에 ';'로 연결해 복수 기입. [근거자료] ESA_WorldCover_10m_2021_v200_*_Map.tif (Discrete Classification, 등급 10~95) · FAOSTAT Land Cover(LC) Item=Artificial surfaces 등"",""나지_희박식생_면적_km"":null,""레코드_키"":""VNM_lc_herbaceous_crops_2015"",""맹그로브_면적_km"":null,""수목_면적_km"":null,""연도"":2015,""영구수체_면적_km"":null,""전국_값"":7810.61,""전국_단위"":""1000 ha"",""전국_지표명"":""토지피복 면적 — 초본 작물(농경지)"",""지역명_로마자"":""Viet Nam"",""지역명_베트남어"":""Việt Nam"",""초본습지_면적_km"":null,""초지_면적_km"":null,""합계_km"":null,""행정단위"":""Country""}",,전국 · 토지피복 면적 — 초본 작물(농경지) · [실적치] · FAOSTAT Land Cover · Area from CCI_LC (Flag=E),,,,B-037.xlsx,1.2_entity(레코드형),218,
B-037,"토지피복 분류별 면적[경작지, 산림, 초지, 건물, 수체, 나지]",entity,v124-b-037-entity-00216,B-037_landcover_national,VNM,,,,,,,,,토지피복 면적 — 초본 작물(농경지),,,"{""2025_개편_후_소속_34개_체계"":""전국(개편 무관)"",""건물_인공지표_면적_km"":null,""경계_면적_km_GADM"":null,""경계_좌표_산출근거"":""전국 집계값 — 좌표·폴리곤 없음."",""경계_폴리곤_파일"":null,""경작지_면적_km"":null,""관목_면적_km"":null,""기후기술_연계_근거"":""간접 · 원천 자체 분류 — ESA WorldCover 가 토지피복 등급을 Tree cover·Cropland·Built-up 등으로 정의·배포하며, 수목 피복 면적은 탄소 흡수원의 물리적 기반, 경작지·건물 면적은 토지이용 변화의 기준이 됨. 주 기술 23(탄소 흡수원), 부 기술 35(산림·생태계 부문 기술) — 2026-08-28 발주처 지시에 따라 tech_id에 ';'로 연결해 복수 기입. [근거자료] ESA_WorldCover_10m_2021_v200_*_Map.tif (Discrete Classification, 등급 10~95) · FAOSTAT Land Cover(LC) Item=Artificial surfaces 등"",""나지_희박식생_면적_km"":null,""레코드_키"":""VNM_lc_herbaceous_crops_2016"",""맹그로브_면적_km"":null,""수목_면적_km"":null,""연도"":2016,""영구수체_면적_km"":null,""전국_값"":7748.43,""전국_단위"":""1000 ha"",""전국_지표명"":""토지피복 면적 — 초본 작물(농경지)"",""지역명_로마자"":""Viet Nam"",""지역명_베트남어"":""Việt Nam"",""초본습지_면적_km"":null,""초지_면적_km"":null,""합계_km"":null,""행정단위"":""Country""}",,전국 · 토지피복 면적 — 초본 작물(농경지) · [실적치] · FAOSTAT Land Cover · Area from CCI_LC (Flag=E),,,,B-037.xlsx,1.2_entity(레코드형),219,
B-037,"토지피복 분류별 면적[경작지, 산림, 초지, 건물, 수체, 나지]",entity,v124-b-037-entity-00217,B-037_landcover_national,VNM,,,,,,,,,토지피복 면적 — 초본 작물(농경지),,,"{""2025_개편_후_소속_34개_체계"":""전국(개편 무관)"",""건물_인공지표_면적_km"":null,""경계_면적_km_GADM"":null,""경계_좌표_산출근거"":""전국 집계값 — 좌표·폴리곤 없음."",""경계_폴리곤_파일"":null,""경작지_면적_km"":null,""관목_면적_km"":null,""기후기술_연계_근거"":""간접 · 원천 자체 분류 — ESA WorldCover 가 토지피복 등급을 Tree cover·Cropland·Built-up 등으로 정의·배포하며, 수목 피복 면적은 탄소 흡수원의 물리적 기반, 경작지·건물 면적은 토지이용 변화의 기준이 됨. 주 기술 23(탄소 흡수원), 부 기술 35(산림·생태계 부문 기술) — 2026-08-28 발주처 지시에 따라 tech_id에 ';'로 연결해 복수 기입. [근거자료] ESA_WorldCover_10m_2021_v200_*_Map.tif (Discrete Classification, 등급 10~95) · FAOSTAT Land Cover(LC) Item=Artificial surfaces 등"",""나지_희박식생_면적_km"":null,""레코드_키"":""VNM_lc_herbaceous_crops_2017"",""맹그로브_면적_km"":null,""수목_면적_km"":null,""연도"":2017,""영구수체_면적_km"":null,""전국_값"":7714.52,""전국_단위"":""1000 ha"",""전국_지표명"":""토지피복 면적 — 초본 작물(농경지)"",""지역명_로마자"":""Viet Nam"",""지역명_베트남어"":""Việt Nam"",""초본습지_면적_km"":null,""초지_면적_km"":null,""합계_km"":null,""행정단위"":""Country""}",,전국 · 토지피복 면적 — 초본 작물(농경지) · [실적치] · FAOSTAT Land Cover · Area from CCI_LC (Flag=E),,,,B-037.xlsx,1.2_entity(레코드형),220,
B-037,"토지피복 분류별 면적[경작지, 산림, 초지, 건물, 수체, 나지]",entity,v124-b-037-entity-00218,B-037_landcover_national,VNM,,,,,,,,,토지피복 면적 — 초본 작물(농경지),,,"{""2025_개편_후_소속_34개_체계"":""전국(개편 무관)"",""건물_인공지표_면적_km"":null,""경계_면적_km_GADM"":null,""경계_좌표_산출근거"":""전국 집계값 — 좌표·폴리곤 없음."",""경계_폴리곤_파일"":null,""경작지_면적_km"":null,""관목_면적_km"":null,""기후기술_연계_근거"":""간접 · 원천 자체 분류 — ESA WorldCover 가 토지피복 등급을 Tree cover·Cropland·Built-up 등으로 정의·배포하며, 수목 피복 면적은 탄소 흡수원의 물리적 기반, 경작지·건물 면적은 토지이용 변화의 기준이 됨. 주 기술 23(탄소 흡수원), 부 기술 35(산림·생태계 부문 기술) — 2026-08-28 발주처 지시에 따라 tech_id에 ';'로 연결해 복수 기입. [근거자료] ESA_WorldCover_10m_2021_v200_*_Map.tif (Discrete Classification, 등급 10~95) · FAOSTAT Land Cover(LC) Item=Artificial surfaces 등"",""나지_희박식생_면적_km"":null,""레코드_키"":""VNM_lc_herbaceous_crops_2018"",""맹그로브_면적_km"":null,""수목_면적_km"":null,""연도"":2018,""영구수체_면적_km"":null,""전국_값"":7677.19,""전국_단위"":""1000 ha"",""전국_지표명"":""토지피복 면적 — 초본 작물(농경지)"",""지역명_로마자"":""Viet Nam"",""지역명_베트남어"":""Việt Nam"",""초본습지_면적_km"":null,""초지_면적_km"":null,""합계_km"":null,""행정단위"":""Country""}",,전국 · 토지피복 면적 — 초본 작물(농경지) · [실적치] · FAOSTAT Land Cover · Area from CCI_LC (Flag=E),,,,B-037.xlsx,1.2_entity(레코드형),221,
B-037,"토지피복 분류별 면적[경작지, 산림, 초지, 건물, 수체, 나지]",entity,v124-b-037-entity-00219,B-037_landcover_national,VNM,,,,,,,,,토지피복 면적 — 초본 작물(농경지),,,"{""2025_개편_후_소속_34개_체계"":""전국(개편 무관)"",""건물_인공지표_면적_km"":null,""경계_면적_km_GADM"":null,""경계_좌표_산출근거"":""전국 집계값 — 좌표·폴리곤 없음."",""경계_폴리곤_파일"":null,""경작지_면적_km"":null,""관목_면적_km"":null,""기후기술_연계_근거"":""간접 · 원천 자체 분류 — ESA WorldCover 가 토지피복 등급을 Tree cover·Cropland·Built-up 등으로 정의·배포하며, 수목 피복 면적은 탄소 흡수원의 물리적 기반, 경작지·건물 면적은 토지이용 변화의 기준이 됨. 주 기술 23(탄소 흡수원), 부 기술 35(산림·생태계 부문 기술) — 2026-08-28 발주처 지시에 따라 tech_id에 ';'로 연결해 복수 기입. [근거자료] ESA_WorldCover_10m_2021_v200_*_Map.tif (Discrete Classification, 등급 10~95) · FAOSTAT Land Cover(LC) Item=Artificial surfaces 등"",""나지_희박식생_면적_km"":null,""레코드_키"":""VNM_lc_herbaceous_crops_2019"",""맹그로브_면적_km"":null,""수목_면적_km"":null,""연도"":2019,""영구수체_면적_km"":null,""전국_값"":7281.86,""전국_단위"":""1000 ha"",""전국_지표명"":""토지피복 면적 — 초본 작물(농경지)"",""지역명_로마자"":""Viet Nam"",""지역명_베트남어"":""Việt Nam"",""초본습지_면적_km"":null,""초지_면적_km"":null,""합계_km"":null,""행정단위"":""Country""}",,전국 · 토지피복 면적 — 초본 작물(농경지) · [실적치] · FAOSTAT Land Cover · Area from CCI_LC (Flag=E),,,,B-037.xlsx,1.2_entity(레코드형),222,
B-037,"토지피복 분류별 면적[경작지, 산림, 초지, 건물, 수체, 나지]",entity,v124-b-037-entity-00220,B-037_landcover_national,VNM,,,,,,,,,토지피복 면적 — 초본 작물(농경지),,,"{""2025_개편_후_소속_34개_체계"":""전국(개편 무관)"",""건물_인공지표_면적_km"":null,""경계_면적_km_GADM"":null,""경계_좌표_산출근거"":""전국 집계값 — 좌표·폴리곤 없음."",""경계_폴리곤_파일"":null,""경작지_면적_km"":null,""관목_면적_km"":null,""기후기술_연계_근거"":""간접 · 원천 자체 분류 — ESA WorldCover 가 토지피복 등급을 Tree cover·Cropland·Built-up 등으로 정의·배포하며, 수목 피복 면적은 탄소 흡수원의 물리적 기반, 경작지·건물 면적은 토지이용 변화의 기준이 됨. 주 기술 23(탄소 흡수원), 부 기술 35(산림·생태계 부문 기술) — 2026-08-28 발주처 지시에 따라 tech_id에 ';'로 연결해 복수 기입. [근거자료] ESA_WorldCover_10m_2021_v200_*_Map.tif (Discrete Classification, 등급 10~95) · FAOSTAT Land Cover(LC) Item=Artificial surfaces 등"",""나지_희박식생_면적_km"":null,""레코드_키"":""VNM_lc_herbaceous_crops_2020"",""맹그로브_면적_km"":null,""수목_면적_km"":null,""연도"":2020,""영구수체_면적_km"":null,""전국_값"":7281.56,""전국_단위"":""1000 ha"",""전국_지표명"":""토지피복 면적 — 초본 작물(농경지)"",""지역명_로마자"":""Viet Nam"",""지역명_베트남어"":""Việt Nam"",""초본습지_면적_km"":null,""초지_면적_km"":null,""합계_km"":null,""행정단위"":""Country""}",,전국 · 토지피복 면적 — 초본 작물(농경지) · [실적치] · FAOSTAT Land Cover · Area from CCI_LC (Flag=E),,,,B-037.xlsx,1.2_entity(레코드형),223,
B-037,"토지피복 분류별 면적[경작지, 산림, 초지, 건물, 수체, 나지]",entity,v124-b-037-entity-00221,B-037_landcover_national,VNM,,,,,,,,,토지피복 면적 — 초본 작물(농경지),,,"{""2025_개편_후_소속_34개_체계"":""전국(개편 무관)"",""건물_인공지표_면적_km"":null,""경계_면적_km_GADM"":null,""경계_좌표_산출근거"":""전국 집계값 — 좌표·폴리곤 없음."",""경계_폴리곤_파일"":null,""경작지_면적_km"":null,""관목_면적_km"":null,""기후기술_연계_근거"":""간접 · 원천 자체 분류 — ESA WorldCover 가 토지피복 등급을 Tree cover·Cropland·Built-up 등으로 정의·배포하며, 수목 피복 면적은 탄소 흡수원의 물리적 기반, 경작지·건물 면적은 토지이용 변화의 기준이 됨. 주 기술 23(탄소 흡수원), 부 기술 35(산림·생태계 부문 기술) — 2026-08-28 발주처 지시에 따라 tech_id에 ';'로 연결해 복수 기입. [근거자료] ESA_WorldCover_10m_2021_v200_*_Map.tif (Discrete Classification, 등급 10~95) · FAOSTAT Land Cover(LC) Item=Artificial surfaces 등"",""나지_희박식생_면적_km"":null,""레코드_키"":""VNM_lc_herbaceous_crops_2021"",""맹그로브_면적_km"":null,""수목_면적_km"":null,""연도"":2021,""영구수체_면적_km"":null,""전국_값"":7254.83,""전국_단위"":""1000 ha"",""전국_지표명"":""토지피복 면적 — 초본 작물(농경지)"",""지역명_로마자"":""Viet Nam"",""지역명_베트남어"":""Việt Nam"",""초본습지_면적_km"":null,""초지_면적_km"":null,""합계_km"":null,""행정단위"":""Country""}",,전국 · 토지피복 면적 — 초본 작물(농경지) · [실적치] · FAOSTAT Land Cover · Area from CCI_LC (Flag=E),,,,B-037.xlsx,1.2_entity(레코드형),224,
B-037,"토지피복 분류별 면적[경작지, 산림, 초지, 건물, 수체, 나지]",entity,v124-b-037-entity-00222,B-037_landcover_national,VNM,,,,,,,,,토지피복 면적 — 초본 작물(농경지),,,"{""2025_개편_후_소속_34개_체계"":""전국(개편 무관)"",""건물_인공지표_면적_km"":null,""경계_면적_km_GADM"":null,""경계_좌표_산출근거"":""전국 집계값 — 좌표·폴리곤 없음."",""경계_폴리곤_파일"":null,""경작지_면적_km"":null,""관목_면적_km"":null,""기후기술_연계_근거"":""간접 · 원천 자체 분류 — ESA WorldCover 가 토지피복 등급을 Tree cover·Cropland·Built-up 등으로 정의·배포하며, 수목 피복 면적은 탄소 흡수원의 물리적 기반, 경작지·건물 면적은 토지이용 변화의 기준이 됨. 주 기술 23(탄소 흡수원), 부 기술 35(산림·생태계 부문 기술) — 2026-08-28 발주처 지시에 따라 tech_id에 ';'로 연결해 복수 기입. [근거자료] ESA_WorldCover_10m_2021_v200_*_Map.tif (Discrete Classification, 등급 10~95) · FAOSTAT Land Cover(LC) Item=Artificial surfaces 등"",""나지_희박식생_면적_km"":null,""레코드_키"":""VNM_lc_herbaceous_crops_2022"",""맹그로브_면적_km"":null,""수목_면적_km"":null,""연도"":2022,""영구수체_면적_km"":null,""전국_값"":7206.27,""전국_단위"":""1000 ha"",""전국_지표명"":""토지피복 면적 — 초본 작물(농경지)"",""지역명_로마자"":""Viet Nam"",""지역명_베트남어"":""Việt Nam"",""초본습지_면적_km"":null,""초지_면적_km"":null,""합계_km"":null,""행정단위"":""Country""}",,전국 · 토지피복 면적 — 초본 작물(농경지) · [실적치] · FAOSTAT Land Cover · Area from CCI_LC (Flag=E),,,,B-037.xlsx,1.2_entity(레코드형),225,
B-037,"토지피복 분류별 면적[경작지, 산림, 초지, 건물, 수체, 나지]",entity,v124-b-037-entity-00223,B-037_landcover_national,VNM,,,,,,,,,토지피복 면적(CGLS) — 초본 작물(농경지),,,"{""2025_개편_후_소속_34개_체계"":""전국(개편 무관)"",""건물_인공지표_면적_km"":null,""경계_면적_km_GADM"":null,""경계_좌표_산출근거"":""전국 집계값 — 좌표·폴리곤 없음."",""경계_폴리곤_파일"":null,""경작지_면적_km"":null,""관목_면적_km"":null,""기후기술_연계_근거"":""간접 · 원천 자체 분류 — ESA WorldCover 가 토지피복 등급을 Tree cover·Cropland·Built-up 등으로 정의·배포하며, 수목 피복 면적은 탄소 흡수원의 물리적 기반, 경작지·건물 면적은 토지이용 변화의 기준이 됨. 주 기술 23(탄소 흡수원), 부 기술 35(산림·생태계 부문 기술) — 2026-08-28 발주처 지시에 따라 tech_id에 ';'로 연결해 복수 기입. [근거자료] ESA_WorldCover_10m_2021_v200_*_Map.tif (Discrete Classification, 등급 10~95) · FAOSTAT Land Cover(LC) Item=Artificial surfaces 등"",""나지_희박식생_면적_km"":null,""레코드_키"":""VNM_lc_herbaceous_crops_cgls_2015"",""맹그로브_면적_km"":null,""수목_면적_km"":null,""연도"":2015,""영구수체_면적_km"":null,""전국_값"":7566.54,""전국_단위"":""1000 ha"",""전국_지표명"":""토지피복 면적(CGLS) — 초본 작물(농경지)"",""지역명_로마자"":""Viet Nam"",""지역명_베트남어"":""Việt Nam"",""초본습지_면적_km"":null,""초지_면적_km"":null,""합계_km"":null,""행정단위"":""Country""}",,전국 · 토지피복 면적(CGLS) — 초본 작물(농경지) · [실적치] · FAOSTAT Land Cover · Area from CGLS (Flag=E),,,,B-037.xlsx,1.2_entity(레코드형),226,
B-037,"토지피복 분류별 면적[경작지, 산림, 초지, 건물, 수체, 나지]",entity,v124-b-037-entity-00224,B-037_landcover_national,VNM,,,,,,,,,토지피복 면적(CGLS) — 초본 작물(농경지),,,"{""2025_개편_후_소속_34개_체계"":""전국(개편 무관)"",""건물_인공지표_면적_km"":null,""경계_면적_km_GADM"":null,""경계_좌표_산출근거"":""전국 집계값 — 좌표·폴리곤 없음."",""경계_폴리곤_파일"":null,""경작지_면적_km"":null,""관목_면적_km"":null,""기후기술_연계_근거"":""간접 · 원천 자체 분류 — ESA WorldCover 가 토지피복 등급을 Tree cover·Cropland·Built-up 등으로 정의·배포하며, 수목 피복 면적은 탄소 흡수원의 물리적 기반, 경작지·건물 면적은 토지이용 변화의 기준이 됨. 주 기술 23(탄소 흡수원), 부 기술 35(산림·생태계 부문 기술) — 2026-08-28 발주처 지시에 따라 tech_id에 ';'로 연결해 복수 기입. [근거자료] ESA_WorldCover_10m_2021_v200_*_Map.tif (Discrete Classification, 등급 10~95) · FAOSTAT Land Cover(LC) Item=Artificial surfaces 등"",""나지_희박식생_면적_km"":null,""레코드_키"":""VNM_lc_herbaceous_crops_cgls_2016"",""맹그로브_면적_km"":null,""수목_면적_km"":null,""연도"":2016,""영구수체_면적_km"":null,""전국_값"":7501.7,""전국_단위"":""1000 ha"",""전국_지표명"":""토지피복 면적(CGLS) — 초본 작물(농경지)"",""지역명_로마자"":""Viet Nam"",""지역명_베트남어"":""Việt Nam"",""초본습지_면적_km"":null,""초지_면적_km"":null,""합계_km"":null,""행정단위"":""Country""}",,전국 · 토지피복 면적(CGLS) — 초본 작물(농경지) · [실적치] · FAOSTAT Land Cover · Area from CGLS (Flag=E),,,,B-037.xlsx,1.2_entity(레코드형),227,
B-037,"토지피복 분류별 면적[경작지, 산림, 초지, 건물, 수체, 나지]",entity,v124-b-037-entity-00225,B-037_landcover_national,VNM,,,,,,,,,토지피복 면적(CGLS) — 초본 작물(농경지),,,"{""2025_개편_후_소속_34개_체계"":""전국(개편 무관)"",""건물_인공지표_면적_km"":null,""경계_면적_km_GADM"":null,""경계_좌표_산출근거"":""전국 집계값 — 좌표·폴리곤 없음."",""경계_폴리곤_파일"":null,""경작지_면적_km"":null,""관목_면적_km"":null,""기후기술_연계_근거"":""간접 · 원천 자체 분류 — ESA WorldCover 가 토지피복 등급을 Tree cover·Cropland·Built-up 등으로 정의·배포하며, 수목 피복 면적은 탄소 흡수원의 물리적 기반, 경작지·건물 면적은 토지이용 변화의 기준이 됨. 주 기술 23(탄소 흡수원), 부 기술 35(산림·생태계 부문 기술) — 2026-08-28 발주처 지시에 따라 tech_id에 ';'로 연결해 복수 기입. [근거자료] ESA_WorldCover_10m_2021_v200_*_Map.tif (Discrete Classification, 등급 10~95) · FAOSTAT Land Cover(LC) Item=Artificial surfaces 등"",""나지_희박식생_면적_km"":null,""레코드_키"":""VNM_lc_herbaceous_crops_cgls_2017"",""맹그로브_면적_km"":null,""수목_면적_km"":null,""연도"":2017,""영구수체_면적_km"":null,""전국_값"":7456.14,""전국_단위"":""1000 ha"",""전국_지표명"":""토지피복 면적(CGLS) — 초본 작물(농경지)"",""지역명_로마자"":""Viet Nam"",""지역명_베트남어"":""Việt Nam"",""초본습지_면적_km"":null,""초지_면적_km"":null,""합계_km"":null,""행정단위"":""Country""}",,전국 · 토지피복 면적(CGLS) — 초본 작물(농경지) · [실적치] · FAOSTAT Land Cover · Area from CGLS (Flag=E),,,,B-037.xlsx,1.2_entity(레코드형),228,
B-037,"토지피복 분류별 면적[경작지, 산림, 초지, 건물, 수체, 나지]",entity,v124-b-037-entity-00226,B-037_landcover_national,VNM,,,,,,,,,토지피복 면적(CGLS) — 초본 작물(농경지),,,"{""2025_개편_후_소속_34개_체계"":""전국(개편 무관)"",""건물_인공지표_면적_km"":null,""경계_면적_km_GADM"":null,""경계_좌표_산출근거"":""전국 집계값 — 좌표·폴리곤 없음."",""경계_폴리곤_파일"":null,""경작지_면적_km"":null,""관목_면적_km"":null,""기후기술_연계_근거"":""간접 · 원천 자체 분류 — ESA WorldCover 가 토지피복 등급을 Tree cover·Cropland·Built-up 등으로 정의·배포하며, 수목 피복 면적은 탄소 흡수원의 물리적 기반, 경작지·건물 면적은 토지이용 변화의 기준이 됨. 주 기술 23(탄소 흡수원), 부 기술 35(산림·생태계 부문 기술) — 2026-08-28 발주처 지시에 따라 tech_id에 ';'로 연결해 복수 기입. [근거자료] ESA_WorldCover_10m_2021_v200_*_Map.tif (Discrete Classification, 등급 10~95) · FAOSTAT Land Cover(LC) Item=Artificial surfaces 등"",""나지_희박식생_면적_km"":null,""레코드_키"":""VNM_lc_herbaceous_crops_cgls_2018"",""맹그로브_면적_km"":null,""수목_면적_km"":null,""연도"":2018,""영구수체_면적_km"":null,""전국_값"":7413.92,""전국_단위"":""1000 ha"",""전국_지표명"":""토지피복 면적(CGLS) — 초본 작물(농경지)"",""지역명_로마자"":""Viet Nam"",""지역명_베트남어"":""Việt Nam"",""초본습지_면적_km"":null,""초지_면적_km"":null,""합계_km"":null,""행정단위"":""Country""}",,전국 · 토지피복 면적(CGLS) — 초본 작물(농경지) · [실적치] · FAOSTAT Land Cover · Area from CGLS (Flag=E),,,,B-037.xlsx,1.2_entity(레코드형),229,
B-037,"토지피복 분류별 면적[경작지, 산림, 초지, 건물, 수체, 나지]",entity,v124-b-037-entity-00227,B-037_landcover_national,VNM,,,,,,,,,토지피복 면적(CGLS) — 초본 작물(농경지),,,"{""2025_개편_후_소속_34개_체계"":""전국(개편 무관)"",""건물_인공지표_면적_km"":null,""경계_면적_km_GADM"":null,""경계_좌표_산출근거"":""전국 집계값 — 좌표·폴리곤 없음."",""경계_폴리곤_파일"":null,""경작지_면적_km"":null,""관목_면적_km"":null,""기후기술_연계_근거"":""간접 · 원천 자체 분류 — ESA WorldCover 가 토지피복 등급을 Tree cover·Cropland·Built-up 등으로 정의·배포하며, 수목 피복 면적은 탄소 흡수원의 물리적 기반, 경작지·건물 면적은 토지이용 변화의 기준이 됨. 주 기술 23(탄소 흡수원), 부 기술 35(산림·생태계 부문 기술) — 2026-08-28 발주처 지시에 따라 tech_id에 ';'로 연결해 복수 기입. [근거자료] ESA_WorldCover_10m_2021_v200_*_Map.tif (Discrete Classification, 등급 10~95) · FAOSTAT Land Cover(LC) Item=Artificial surfaces 등"",""나지_희박식생_면적_km"":null,""레코드_키"":""VNM_lc_herbaceous_crops_cgls_2019"",""맹그로브_면적_km"":null,""수목_면적_km"":null,""연도"":2019,""영구수체_면적_km"":null,""전국_값"":7384.59,""전국_단위"":""1000 ha"",""전국_지표명"":""토지피복 면적(CGLS) — 초본 작물(농경지)"",""지역명_로마자"":""Viet Nam"",""지역명_베트남어"":""Việt Nam"",""초본습지_면적_km"":null,""초지_면적_km"":null,""합계_km"":null,""행정단위"":""Country""}",,전국 · 토지피복 면적(CGLS) — 초본 작물(농경지) · [실적치] · FAOSTAT Land Cover · Area from CGLS (Flag=E),,,,B-037.xlsx,1.2_entity(레코드형),230,
B-037,"토지피복 분류별 면적[경작지, 산림, 초지, 건물, 수체, 나지]",entity,v124-b-037-entity-00228,B-037_landcover_national,VNM,,,,,,,,,토지피복 면적(MODIS) — 초본 작물(농경지),,,"{""2025_개편_후_소속_34개_체계"":""전국(개편 무관)"",""건물_인공지표_면적_km"":null,""경계_면적_km_GADM"":null,""경계_좌표_산출근거"":""전국 집계값 — 좌표·폴리곤 없음."",""경계_폴리곤_파일"":null,""경작지_면적_km"":null,""관목_면적_km"":null,""기후기술_연계_근거"":""간접 · 원천 자체 분류 — ESA WorldCover 가 토지피복 등급을 Tree cover·Cropland·Built-up 등으로 정의·배포하며, 수목 피복 면적은 탄소 흡수원의 물리적 기반, 경작지·건물 면적은 토지이용 변화의 기준이 됨. 주 기술 23(탄소 흡수원), 부 기술 35(산림·생태계 부문 기술) — 2026-08-28 발주처 지시에 따라 tech_id에 ';'로 연결해 복수 기입. [근거자료] ESA_WorldCover_10m_2021_v200_*_Map.tif (Discrete Classification, 등급 10~95) · FAOSTAT Land Cover(LC) Item=Artificial surfaces 등"",""나지_희박식생_면적_km"":null,""레코드_키"":""VNM_lc_herbaceous_crops_modis_2001"",""맹그로브_면적_km"":null,""수목_면적_km"":null,""연도"":2001,""영구수체_면적_km"":null,""전국_값"":6191.21,""전국_단위"":""1000 ha"",""전국_지표명"":""토지피복 면적(MODIS) — 초본 작물(농경지)"",""지역명_로마자"":""Viet Nam"",""지역명_베트남어"":""Việt Nam"",""초본습지_면적_km"":null,""초지_면적_km"":null,""합계_km"":null,""행정단위"":""Country""}",,전국 · 토지피복 면적(MODIS) — 초본 작물(농경지) · [실적치] · FAOSTAT Land Cover · Area from MODIS (Flag=E),,,,B-037.xlsx,1.2_entity(레코드형),231,
B-037,"토지피복 분류별 면적[경작지, 산림, 초지, 건물, 수체, 나지]",entity,v124-b-037-entity-00229,B-037_landcover_national,VNM,,,,,,,,,토지피복 면적(MODIS) — 초본 작물(농경지),,,"{""2025_개편_후_소속_34개_체계"":""전국(개편 무관)"",""건물_인공지표_면적_km"":null,""경계_면적_km_GADM"":null,""경계_좌표_산출근거"":""전국 집계값 — 좌표·폴리곤 없음."",""경계_폴리곤_파일"":null,""경작지_면적_km"":null,""관목_면적_km"":null,""기후기술_연계_근거"":""간접 · 원천 자체 분류 — ESA WorldCover 가 토지피복 등급을 Tree cover·Cropland·Built-up 등으로 정의·배포하며, 수목 피복 면적은 탄소 흡수원의 물리적 기반, 경작지·건물 면적은 토지이용 변화의 기준이 됨. 주 기술 23(탄소 흡수원), 부 기술 35(산림·생태계 부문 기술) — 2026-08-28 발주처 지시에 따라 tech_id에 ';'로 연결해 복수 기입. [근거자료] ESA_WorldCover_10m_2021_v200_*_Map.tif (Discrete Classification, 등급 10~95) · FAOSTAT Land Cover(LC) Item=Artificial surfaces 등"",""나지_희박식생_면적_km"":null,""레코드_키"":""VNM_lc_herbaceous_crops_modis_2002"",""맹그로브_면적_km"":null,""수목_면적_km"":null,""연도"":2002,""영구수체_면적_km"":null,""전국_값"":6247.86,""전국_단위"":""1000 ha"",""전국_지표명"":""토지피복 면적(MODIS) — 초본 작물(농경지)"",""지역명_로마자"":""Viet Nam"",""지역명_베트남어"":""Việt Nam"",""초본습지_면적_km"":null,""초지_면적_km"":null,""합계_km"":null,""행정단위"":""Country""}",,전국 · 토지피복 면적(MODIS) — 초본 작물(농경지) · [실적치] · FAOSTAT Land Cover · Area from MODIS (Flag=E),,,,B-037.xlsx,1.2_entity(레코드형),232,
B-037,"토지피복 분류별 면적[경작지, 산림, 초지, 건물, 수체, 나지]",entity,v124-b-037-entity-00230,B-037_landcover_national,VNM,,,,,,,,,토지피복 면적(MODIS) — 초본 작물(농경지),,,"{""2025_개편_후_소속_34개_체계"":""전국(개편 무관)"",""건물_인공지표_면적_km"":null,""경계_면적_km_GADM"":null,""경계_좌표_산출근거"":""전국 집계값 — 좌표·폴리곤 없음."",""경계_폴리곤_파일"":null,""경작지_면적_km"":null,""관목_면적_km"":null,""기후기술_연계_근거"":""간접 · 원천 자체 분류 — ESA WorldCover 가 토지피복 등급을 Tree cover·Cropland·Built-up 등으로 정의·배포하며, 수목 피복 면적은 탄소 흡수원의 물리적 기반, 경작지·건물 면적은 토지이용 변화의 기준이 됨. 주 기술 23(탄소 흡수원), 부 기술 35(산림·생태계 부문 기술) — 2026-08-28 발주처 지시에 따라 tech_id에 ';'로 연결해 복수 기입. [근거자료] ESA_WorldCover_10m_2021_v200_*_Map.tif (Discrete Classification, 등급 10~95) · FAOSTAT Land Cover(LC) Item=Artificial surfaces 등"",""나지_희박식생_면적_km"":null,""레코드_키"":""VNM_lc_herbaceous_crops_modis_2003"",""맹그로브_면적_km"":null,""수목_면적_km"":null,""연도"":2003,""영구수체_면적_km"":null,""전국_값"":6298.42,""전국_단위"":""1000 ha"",""전국_지표명"":""토지피복 면적(MODIS) — 초본 작물(농경지)"",""지역명_로마자"":""Viet Nam"",""지역명_베트남어"":""Việt Nam"",""초본습지_면적_km"":null,""초지_면적_km"":null,""합계_km"":null,""행정단위"":""Country""}",,전국 · 토지피복 면적(MODIS) — 초본 작물(농경지) · [실적치] · FAOSTAT Land Cover · Area from MODIS (Flag=E),,,,B-037.xlsx,1.2_entity(레코드형),233,
B-037,"토지피복 분류별 면적[경작지, 산림, 초지, 건물, 수체, 나지]",entity,v124-b-037-entity-00231,B-037_landcover_national,VNM,,,,,,,,,토지피복 면적(MODIS) — 초본 작물(농경지),,,"{""2025_개편_후_소속_34개_체계"":""전국(개편 무관)"",""건물_인공지표_면적_km"":null,""경계_면적_km_GADM"":null,""경계_좌표_산출근거"":""전국 집계값 — 좌표·폴리곤 없음."",""경계_폴리곤_파일"":null,""경작지_면적_km"":null,""관목_면적_km"":null,""기후기술_연계_근거"":""간접 · 원천 자체 분류 — ESA WorldCover 가 토지피복 등급을 Tree cover·Cropland·Built-up 등으로 정의·배포하며, 수목 피복 면적은 탄소 흡수원의 물리적 기반, 경작지·건물 면적은 토지이용 변화의 기준이 됨. 주 기술 23(탄소 흡수원), 부 기술 35(산림·생태계 부문 기술) — 2026-08-28 발주처 지시에 따라 tech_id에 ';'로 연결해 복수 기입. [근거자료] ESA_WorldCover_10m_2021_v200_*_Map.tif (Discrete Classification, 등급 10~95) · FAOSTAT Land Cover(LC) Item=Artificial surfaces 등"",""나지_희박식생_면적_km"":null,""레코드_키"":""VNM_lc_herbaceous_crops_modis_2004"",""맹그로브_면적_km"":null,""수목_면적_km"":null,""연도"":2004,""영구수체_면적_km"":null,""전국_값"":6315.29,""전국_단위"":""1000 ha"",""전국_지표명"":""토지피복 면적(MODIS) — 초본 작물(농경지)"",""지역명_로마자"":""Viet Nam"",""지역명_베트남어"":""Việt Nam"",""초본습지_면적_km"":null,""초지_면적_km"":null,""합계_km"":null,""행정단위"":""Country""}",,전국 · 토지피복 면적(MODIS) — 초본 작물(농경지) · [실적치] · FAOSTAT Land Cover · Area from MODIS (Flag=E),,,,B-037.xlsx,1.2_entity(레코드형),234,
B-037,"토지피복 분류별 면적[경작지, 산림, 초지, 건물, 수체, 나지]",entity,v124-b-037-entity-00232,B-037_landcover_national,VNM,,,,,,,,,토지피복 면적(MODIS) — 초본 작물(농경지),,,"{""2025_개편_후_소속_34개_체계"":""전국(개편 무관)"",""건물_인공지표_면적_km"":null,""경계_면적_km_GADM"":null,""경계_좌표_산출근거"":""전국 집계값 — 좌표·폴리곤 없음."",""경계_폴리곤_파일"":null,""경작지_면적_km"":null,""관목_면적_km"":null,""기후기술_연계_근거"":""간접 · 원천 자체 분류 — ESA WorldCover 가 토지피복 등급을 Tree cover·Cropland·Built-up 등으로 정의·배포하며, 수목 피복 면적은 탄소 흡수원의 물리적 기반, 경작지·건물 면적은 토지이용 변화의 기준이 됨. 주 기술 23(탄소 흡수원), 부 기술 35(산림·생태계 부문 기술) — 2026-08-28 발주처 지시에 따라 tech_id에 ';'로 연결해 복수 기입. [근거자료] ESA_WorldCover_10m_2021_v200_*_Map.tif (Discrete Classification, 등급 10~95) · FAOSTAT Land Cover(LC) Item=Artificial surfaces 등"",""나지_희박식생_면적_km"":null,""레코드_키"":""VNM_lc_herbaceous_crops_modis_2005"",""맹그로브_면적_km"":null,""수목_면적_km"":null,""연도"":2005,""영구수체_면적_km"":null,""전국_값"":6351.02,""전국_단위"":""1000 ha"",""전국_지표명"":""토지피복 면적(MODIS) — 초본 작물(농경지)"",""지역명_로마자"":""Viet Nam"",""지역명_베트남어"":""Việt Nam"",""초본습지_면적_km"":null,""초지_면적_km"":null,""합계_km"":null,""행정단위"":""Country""}",,전국 · 토지피복 면적(MODIS) — 초본 작물(농경지) · [실적치] · FAOSTAT Land Cover · Area from MODIS (Flag=E),,,,B-037.xlsx,1.2_entity(레코드형),235,
B-037,"토지피복 분류별 면적[경작지, 산림, 초지, 건물, 수체, 나지]",entity,v124-b-037-entity-00233,B-037_landcover_national,VNM,,,,,,,,,토지피복 면적(MODIS) — 초본 작물(농경지),,,"{""2025_개편_후_소속_34개_체계"":""전국(개편 무관)"",""건물_인공지표_면적_km"":null,""경계_면적_km_GADM"":null,""경계_좌표_산출근거"":""전국 집계값 — 좌표·폴리곤 없음."",""경계_폴리곤_파일"":null,""경작지_면적_km"":null,""관목_면적_km"":null,""기후기술_연계_근거"":""간접 · 원천 자체 분류 — ESA WorldCover 가 토지피복 등급을 Tree cover·Cropland·Built-up 등으로 정의·배포하며, 수목 피복 면적은 탄소 흡수원의 물리적 기반, 경작지·건물 면적은 토지이용 변화의 기준이 됨. 주 기술 23(탄소 흡수원), 부 기술 35(산림·생태계 부문 기술) — 2026-08-28 발주처 지시에 따라 tech_id에 ';'로 연결해 복수 기입. [근거자료] ESA_WorldCover_10m_2021_v200_*_Map.tif (Discrete Classification, 등급 10~95) · FAOSTAT Land Cover(LC) Item=Artificial surfaces 등"",""나지_희박식생_면적_km"":null,""레코드_키"":""VNM_lc_herbaceous_crops_modis_2006"",""맹그로브_면적_km"":null,""수목_면적_km"":null,""연도"":2006,""영구수체_면적_km"":null,""전국_값"":6255.86,""전국_단위"":""1000 ha"",""전국_지표명"":""토지피복 면적(MODIS) — 초본 작물(농경지)"",""지역명_로마자"":""Viet Nam"",""지역명_베트남어"":""Việt Nam"",""초본습지_면적_km"":null,""초지_면적_km"":null,""합계_km"":null,""행정단위"":""Country""}",,전국 · 토지피복 면적(MODIS) — 초본 작물(농경지) · [실적치] · FAOSTAT Land Cover · Area from MODIS (Flag=E),,,,B-037.xlsx,1.2_entity(레코드형),236,
B-037,"토지피복 분류별 면적[경작지, 산림, 초지, 건물, 수체, 나지]",entity,v124-b-037-entity-00234,B-037_landcover_national,VNM,,,,,,,,,토지피복 면적(MODIS) — 초본 작물(농경지),,,"{""2025_개편_후_소속_34개_체계"":""전국(개편 무관)"",""건물_인공지표_면적_km"":null,""경계_면적_km_GADM"":null,""경계_좌표_산출근거"":""전국 집계값 — 좌표·폴리곤 없음."",""경계_폴리곤_파일"":null,""경작지_면적_km"":null,""관목_면적_km"":null,""기후기술_연계_근거"":""간접 · 원천 자체 분류 — ESA WorldCover 가 토지피복 등급을 Tree cover·Cropland·Built-up 등으로 정의·배포하며, 수목 피복 면적은 탄소 흡수원의 물리적 기반, 경작지·건물 면적은 토지이용 변화의 기준이 됨. 주 기술 23(탄소 흡수원), 부 기술 35(산림·생태계 부문 기술) — 2026-08-28 발주처 지시에 따라 tech_id에 ';'로 연결해 복수 기입. [근거자료] ESA_WorldCover_10m_2021_v200_*_Map.tif (Discrete Classification, 등급 10~95) · FAOSTAT Land Cover(LC) Item=Artificial surfaces 등"",""나지_희박식생_면적_km"":null,""레코드_키"":""VNM_lc_herbaceous_crops_modis_2007"",""맹그로브_면적_km"":null,""수목_면적_km"":null,""연도"":2007,""영구수체_면적_km"":null,""전국_값"":6267.49,""전국_단위"":""1000 ha"",""전국_지표명"":""토지피복 면적(MODIS) — 초본 작물(농경지)"",""지역명_로마자"":""Viet Nam"",""지역명_베트남어"":""Việt Nam"",""초본습지_면적_km"":null,""초지_면적_km"":null,""합계_km"":null,""행정단위"":""Country""}",,전국 · 토지피복 면적(MODIS) — 초본 작물(농경지) · [실적치] · FAOSTAT Land Cover · Area from MODIS (Flag=E),,,,B-037.xlsx,1.2_entity(레코드형),237,
B-037,"토지피복 분류별 면적[경작지, 산림, 초지, 건물, 수체, 나지]",entity,v124-b-037-entity-00235,B-037_landcover_national,VNM,,,,,,,,,토지피복 면적(MODIS) — 초본 작물(농경지),,,"{""2025_개편_후_소속_34개_체계"":""전국(개편 무관)"",""건물_인공지표_면적_km"":null,""경계_면적_km_GADM"":null,""경계_좌표_산출근거"":""전국 집계값 — 좌표·폴리곤 없음."",""경계_폴리곤_파일"":null,""경작지_면적_km"":null,""관목_면적_km"":null,""기후기술_연계_근거"":""간접 · 원천 자체 분류 — ESA WorldCover 가 토지피복 등급을 Tree cover·Cropland·Built-up 등으로 정의·배포하며, 수목 피복 면적은 탄소 흡수원의 물리적 기반, 경작지·건물 면적은 토지이용 변화의 기준이 됨. 주 기술 23(탄소 흡수원), 부 기술 35(산림·생태계 부문 기술) — 2026-08-28 발주처 지시에 따라 tech_id에 ';'로 연결해 복수 기입. [근거자료] ESA_WorldCover_10m_2021_v200_*_Map.tif (Discrete Classification, 등급 10~95) · FAOSTAT Land Cover(LC) Item=Artificial surfaces 등"",""나지_희박식생_면적_km"":null,""레코드_키"":""VNM_lc_herbaceous_crops_modis_2008"",""맹그로브_면적_km"":null,""수목_면적_km"":null,""연도"":2008,""영구수체_면적_km"":null,""전국_값"":6226.54,""전국_단위"":""1000 ha"",""전국_지표명"":""토지피복 면적(MODIS) — 초본 작물(농경지)"",""지역명_로마자"":""Viet Nam"",""지역명_베트남어"":""Việt Nam"",""초본습지_면적_km"":null,""초지_면적_km"":null,""합계_km"":null,""행정단위"":""Country""}",,전국 · 토지피복 면적(MODIS) — 초본 작물(농경지) · [실적치] · FAOSTAT Land Cover · Area from MODIS (Flag=E),,,,B-037.xlsx,1.2_entity(레코드형),238,
B-037,"토지피복 분류별 면적[경작지, 산림, 초지, 건물, 수체, 나지]",entity,v124-b-037-entity-00236,B-037_landcover_national,VNM,,,,,,,,,토지피복 면적(MODIS) — 초본 작물(농경지),,,"{""2025_개편_후_소속_34개_체계"":""전국(개편 무관)"",""건물_인공지표_면적_km"":null,""경계_면적_km_GADM"":null,""경계_좌표_산출근거"":""전국 집계값 — 좌표·폴리곤 없음."",""경계_폴리곤_파일"":null,""경작지_면적_km"":null,""관목_면적_km"":null,""기후기술_연계_근거"":""간접 · 원천 자체 분류 — ESA WorldCover 가 토지피복 등급을 Tree cover·Cropland·Built-up 등으로 정의·배포하며, 수목 피복 면적은 탄소 흡수원의 물리적 기반, 경작지·건물 면적은 토지이용 변화의 기준이 됨. 주 기술 23(탄소 흡수원), 부 기술 35(산림·생태계 부문 기술) — 2026-08-28 발주처 지시에 따라 tech_id에 ';'로 연결해 복수 기입. [근거자료] ESA_WorldCover_10m_2021_v200_*_Map.tif (Discrete Classification, 등급 10~95) · FAOSTAT Land Cover(LC) Item=Artificial surfaces 등"",""나지_희박식생_면적_km"":null,""레코드_키"":""VNM_lc_herbaceous_crops_modis_2009"",""맹그로브_면적_km"":null,""수목_면적_km"":null,""연도"":2009,""영구수체_면적_km"":null,""전국_값"":6155.67,""전국_단위"":""1000 ha"",""전국_지표명"":""토지피복 면적(MODIS) — 초본 작물(농경지)"",""지역명_로마자"":""Viet Nam"",""지역명_베트남어"":""Việt Nam"",""초본습지_면적_km"":null,""초지_면적_km"":null,""합계_km"":null,""행정단위"":""Country""}",,전국 · 토지피복 면적(MODIS) — 초본 작물(농경지) · [실적치] · FAOSTAT Land Cover · Area from MODIS (Flag=E),,,,B-037.xlsx,1.2_entity(레코드형),239,
B-037,"토지피복 분류별 면적[경작지, 산림, 초지, 건물, 수체, 나지]",entity,v124-b-037-entity-00237,B-037_landcover_national,VNM,,,,,,,,,토지피복 면적(MODIS) — 초본 작물(농경지),,,"{""2025_개편_후_소속_34개_체계"":""전국(개편 무관)"",""건물_인공지표_면적_km"":null,""경계_면적_km_GADM"":null,""경계_좌표_산출근거"":""전국 집계값 — 좌표·폴리곤 없음."",""경계_폴리곤_파일"":null,""경작지_면적_km"":null,""관목_면적_km"":null,""기후기술_연계_근거"":""간접 · 원천 자체 분류 — ESA WorldCover 가 토지피복 등급을 Tree cover·Cropland·Built-up 등으로 정의·배포하며, 수목 피복 면적은 탄소 흡수원의 물리적 기반, 경작지·건물 면적은 토지이용 변화의 기준이 됨. 주 기술 23(탄소 흡수원), 부 기술 35(산림·생태계 부문 기술) — 2026-08-28 발주처 지시에 따라 tech_id에 ';'로 연결해 복수 기입. [근거자료] ESA_WorldCover_10m_2021_v200_*_Map.tif (Discrete Classification, 등급 10~95) · FAOSTAT Land Cover(LC) Item=Artificial surfaces 등"",""나지_희박식생_면적_km"":null,""레코드_키"":""VNM_lc_herbaceous_crops_modis_2010"",""맹그로브_면적_km"":null,""수목_면적_km"":null,""연도"":2010,""영구수체_면적_km"":null,""전국_값"":6146.07,""전국_단위"":""1000 ha"",""전국_지표명"":""토지피복 면적(MODIS) — 초본 작물(농경지)"",""지역명_로마자"":""Viet Nam"",""지역명_베트남어"":""Việt Nam"",""초본습지_면적_km"":null,""초지_면적_km"":null,""합계_km"":null,""행정단위"":""Country""}",,전국 · 토지피복 면적(MODIS) — 초본 작물(농경지) · [실적치] · FAOSTAT Land Cover · Area from MODIS (Flag=E),,,,B-037.xlsx,1.2_entity(레코드형),240,
B-037,"토지피복 분류별 면적[경작지, 산림, 초지, 건물, 수체, 나지]",entity,v124-b-037-entity-00238,B-037_landcover_national,VNM,,,,,,,,,토지피복 면적(MODIS) — 초본 작물(농경지),,,"{""2025_개편_후_소속_34개_체계"":""전국(개편 무관)"",""건물_인공지표_면적_km"":null,""경계_면적_km_GADM"":null,""경계_좌표_산출근거"":""전국 집계값 — 좌표·폴리곤 없음."",""경계_폴리곤_파일"":null,""경작지_면적_km"":null,""관목_면적_km"":null,""기후기술_연계_근거"":""간접 · 원천 자체 분류 — ESA WorldCover 가 토지피복 등급을 Tree cover·Cropland·Built-up 등으로 정의·배포하며, 수목 피복 면적은 탄소 흡수원의 물리적 기반, 경작지·건물 면적은 토지이용 변화의 기준이 됨. 주 기술 23(탄소 흡수원), 부 기술 35(산림·생태계 부문 기술) — 2026-08-28 발주처 지시에 따라 tech_id에 ';'로 연결해 복수 기입. [근거자료] ESA_WorldCover_10m_2021_v200_*_Map.tif (Discrete Classification, 등급 10~95) · FAOSTAT Land Cover(LC) Item=Artificial surfaces 등"",""나지_희박식생_면적_km"":null,""레코드_키"":""VNM_lc_herbaceous_crops_modis_2011"",""맹그로브_면적_km"":null,""수목_면적_km"":null,""연도"":2011,""영구수체_면적_km"":null,""전국_값"":6075.66,""전국_단위"":""1000 ha"",""전국_지표명"":""토지피복 면적(MODIS) — 초본 작물(농경지)"",""지역명_로마자"":""Viet Nam"",""지역명_베트남어"":""Việt Nam"",""초본습지_면적_km"":null,""초지_면적_km"":null,""합계_km"":null,""행정단위"":""Country""}",,전국 · 토지피복 면적(MODIS) — 초본 작물(농경지) · [실적치] · FAOSTAT Land Cover · Area from MODIS (Flag=E),,,,B-037.xlsx,1.2_entity(레코드형),241,
B-037,"토지피복 분류별 면적[경작지, 산림, 초지, 건물, 수체, 나지]",entity,v124-b-037-entity-00239,B-037_landcover_national,VNM,,,,,,,,,토지피복 면적(MODIS) — 초본 작물(농경지),,,"{""2025_개편_후_소속_34개_체계"":""전국(개편 무관)"",""건물_인공지표_면적_km"":null,""경계_면적_km_GADM"":null,""경계_좌표_산출근거"":""전국 집계값 — 좌표·폴리곤 없음."",""경계_폴리곤_파일"":null,""경작지_면적_km"":null,""관목_면적_km"":null,""기후기술_연계_근거"":""간접 · 원천 자체 분류 — ESA WorldCover 가 토지피복 등급을 Tree cover·Cropland·Built-up 등으로 정의·배포하며, 수목 피복 면적은 탄소 흡수원의 물리적 기반, 경작지·건물 면적은 토지이용 변화의 기준이 됨. 주 기술 23(탄소 흡수원), 부 기술 35(산림·생태계 부문 기술) — 2026-08-28 발주처 지시에 따라 tech_id에 ';'로 연결해 복수 기입. [근거자료] ESA_WorldCover_10m_2021_v200_*_Map.tif (Discrete Classification, 등급 10~95) · FAOSTAT Land Cover(LC) Item=Artificial surfaces 등"",""나지_희박식생_면적_km"":null,""레코드_키"":""VNM_lc_herbaceous_crops_modis_2012"",""맹그로브_면적_km"":null,""수목_면적_km"":null,""연도"":2012,""영구수체_면적_km"":null,""전국_값"":6026.94,""전국_단위"":""1000 ha"",""전국_지표명"":""토지피복 면적(MODIS) — 초본 작물(농경지)"",""지역명_로마자"":""Viet Nam"",""지역명_베트남어"":""Việt Nam"",""초본습지_면적_km"":null,""초지_면적_km"":null,""합계_km"":null,""행정단위"":""Country""}",,전국 · 토지피복 면적(MODIS) — 초본 작물(농경지) · [실적치] · FAOSTAT Land Cover · Area from MODIS (Flag=E),,,,B-037.xlsx,1.2_entity(레코드형),242,
B-037,"토지피복 분류별 면적[경작지, 산림, 초지, 건물, 수체, 나지]",entity,v124-b-037-entity-00240,B-037_landcover_national,VNM,,,,,,,,,토지피복 면적(MODIS) — 초본 작물(농경지),,,"{""2025_개편_후_소속_34개_체계"":""전국(개편 무관)"",""건물_인공지표_면적_km"":null,""경계_면적_km_GADM"":null,""경계_좌표_산출근거"":""전국 집계값 — 좌표·폴리곤 없음."",""경계_폴리곤_파일"":null,""경작지_면적_km"":null,""관목_면적_km"":null,""기후기술_연계_근거"":""간접 · 원천 자체 분류 — ESA WorldCover 가 토지피복 등급을 Tree cover·Cropland·Built-up 등으로 정의·배포하며, 수목 피복 면적은 탄소 흡수원의 물리적 기반, 경작지·건물 면적은 토지이용 변화의 기준이 됨. 주 기술 23(탄소 흡수원), 부 기술 35(산림·생태계 부문 기술) — 2026-08-28 발주처 지시에 따라 tech_id에 ';'로 연결해 복수 기입. [근거자료] ESA_WorldCover_10m_2021_v200_*_Map.tif (Discrete Classification, 등급 10~95) · FAOSTAT Land Cover(LC) Item=Artificial surfaces 등"",""나지_희박식생_면적_km"":null,""레코드_키"":""VNM_lc_herbaceous_crops_modis_2013"",""맹그로브_면적_km"":null,""수목_면적_km"":null,""연도"":2013,""영구수체_면적_km"":null,""전국_값"":5958.19,""전국_단위"":""1000 ha"",""전국_지표명"":""토지피복 면적(MODIS) — 초본 작물(농경지)"",""지역명_로마자"":""Viet Nam"",""지역명_베트남어"":""Việt Nam"",""초본습지_면적_km"":null,""초지_면적_km"":null,""합계_km"":null,""행정단위"":""Country""}",,전국 · 토지피복 면적(MODIS) — 초본 작물(농경지) · [실적치] · FAOSTAT Land Cover · Area from MODIS (Flag=E),,,,B-037.xlsx,1.2_entity(레코드형),243,
B-037,"토지피복 분류별 면적[경작지, 산림, 초지, 건물, 수체, 나지]",entity,v124-b-037-entity-00241,B-037_landcover_national,VNM,,,,,,,,,토지피복 면적(MODIS) — 초본 작물(농경지),,,"{""2025_개편_후_소속_34개_체계"":""전국(개편 무관)"",""건물_인공지표_면적_km"":null,""경계_면적_km_GADM"":null,""경계_좌표_산출근거"":""전국 집계값 — 좌표·폴리곤 없음."",""경계_폴리곤_파일"":null,""경작지_면적_km"":null,""관목_면적_km"":null,""기후기술_연계_근거"":""간접 · 원천 자체 분류 — ESA WorldCover 가 토지피복 등급을 Tree cover·Cropland·Built-up 등으로 정의·배포하며, 수목 피복 면적은 탄소 흡수원의 물리적 기반, 경작지·건물 면적은 토지이용 변화의 기준이 됨. 주 기술 23(탄소 흡수원), 부 기술 35(산림·생태계 부문 기술) — 2026-08-28 발주처 지시에 따라 tech_id에 ';'로 연결해 복수 기입. [근거자료] ESA_WorldCover_10m_2021_v200_*_Map.tif (Discrete Classification, 등급 10~95) · FAOSTAT Land Cover(LC) Item=Artificial surfaces 등"",""나지_희박식생_면적_km"":null,""레코드_키"":""VNM_lc_herbaceous_crops_modis_2014"",""맹그로브_면적_km"":null,""수목_면적_km"":null,""연도"":2014,""영구수체_면적_km"":null,""전국_값"":6052.53,""전국_단위"":""1000 ha"",""전국_지표명"":""토지피복 면적(MODIS) — 초본 작물(농경지)"",""지역명_로마자"":""Viet Nam"",""지역명_베트남어"":""Việt Nam"",""초본습지_면적_km"":null,""초지_면적_km"":null,""합계_km"":null,""행정단위"":""Country""}",,전국 · 토지피복 면적(MODIS) — 초본 작물(농경지) · [실적치] · FAOSTAT Land Cover · Area from MODIS (Flag=E),,,,B-037.xlsx,1.2_entity(레코드형),244,
B-037,"토지피복 분류별 면적[경작지, 산림, 초지, 건물, 수체, 나지]",entity,v124-b-037-entity-00242,B-037_landcover_national,VNM,,,,,,,,,토지피복 면적(MODIS) — 초본 작물(농경지),,,"{""2025_개편_후_소속_34개_체계"":""전국(개편 무관)"",""건물_인공지표_면적_km"":null,""경계_면적_km_GADM"":null,""경계_좌표_산출근거"":""전국 집계값 — 좌표·폴리곤 없음."",""경계_폴리곤_파일"":null,""경작지_면적_km"":null,""관목_면적_km"":null,""기후기술_연계_근거"":""간접 · 원천 자체 분류 — ESA WorldCover 가 토지피복 등급을 Tree cover·Cropland·Built-up 등으로 정의·배포하며, 수목 피복 면적은 탄소 흡수원의 물리적 기반, 경작지·건물 면적은 토지이용 변화의 기준이 됨. 주 기술 23(탄소 흡수원), 부 기술 35(산림·생태계 부문 기술) — 2026-08-28 발주처 지시에 따라 tech_id에 ';'로 연결해 복수 기입. [근거자료] ESA_WorldCover_10m_2021_v200_*_Map.tif (Discrete Classification, 등급 10~95) · FAOSTAT Land Cover(LC) Item=Artificial surfaces 등"",""나지_희박식생_면적_km"":null,""레코드_키"":""VNM_lc_herbaceous_crops_modis_2015"",""맹그로브_면적_km"":null,""수목_면적_km"":null,""연도"":2015,""영구수체_면적_km"":null,""전국_값"":6129.94,""전국_단위"":""1000 ha"",""전국_지표명"":""토지피복 면적(MODIS) — 초본 작물(농경지)"",""지역명_로마자"":""Viet Nam"",""지역명_베트남어"":""Việt Nam"",""초본습지_면적_km"":null,""초지_면적_km"":null,""합계_km"":null,""행정단위"":""Country""}",,전국 · 토지피복 면적(MODIS) — 초본 작물(농경지) · [실적치] · FAOSTAT Land Cover · Area from MODIS (Flag=E),,,,B-037.xlsx,1.2_entity(레코드형),245,
B-037,"토지피복 분류별 면적[경작지, 산림, 초지, 건물, 수체, 나지]",entity,v124-b-037-entity-00243,B-037_landcover_national,VNM,,,,,,,,,토지피복 면적(MODIS) — 초본 작물(농경지),,,"{""2025_개편_후_소속_34개_체계"":""전국(개편 무관)"",""건물_인공지표_면적_km"":null,""경계_면적_km_GADM"":null,""경계_좌표_산출근거"":""전국 집계값 — 좌표·폴리곤 없음."",""경계_폴리곤_파일"":null,""경작지_면적_km"":null,""관목_면적_km"":null,""기후기술_연계_근거"":""간접 · 원천 자체 분류 — ESA WorldCover 가 토지피복 등급을 Tree cover·Cropland·Built-up 등으로 정의·배포하며, 수목 피복 면적은 탄소 흡수원의 물리적 기반, 경작지·건물 면적은 토지이용 변화의 기준이 됨. 주 기술 23(탄소 흡수원), 부 기술 35(산림·생태계 부문 기술) — 2026-08-28 발주처 지시에 따라 tech_id에 ';'로 연결해 복수 기입. [근거자료] ESA_WorldCover_10m_2021_v200_*_Map.tif (Discrete Classification, 등급 10~95) · FAOSTAT Land Cover(LC) Item=Artificial surfaces 등"",""나지_희박식생_면적_km"":null,""레코드_키"":""VNM_lc_herbaceous_crops_modis_2016"",""맹그로브_면적_km"":null,""수목_면적_km"":null,""연도"":2016,""영구수체_면적_km"":null,""전국_값"":6126.38,""전국_단위"":""1000 ha"",""전국_지표명"":""토지피복 면적(MODIS) — 초본 작물(농경지)"",""지역명_로마자"":""Viet Nam"",""지역명_베트남어"":""Việt Nam"",""초본습지_면적_km"":null,""초지_면적_km"":null,""합계_km"":null,""행정단위"":""Country""}",,전국 · 토지피복 면적(MODIS) — 초본 작물(농경지) · [실적치] · FAOSTAT Land Cover · Area from MODIS (Flag=E),,,,B-037.xlsx,1.2_entity(레코드형),246,
B-037,"토지피복 분류별 면적[경작지, 산림, 초지, 건물, 수체, 나지]",entity,v124-b-037-entity-00244,B-037_landcover_national,VNM,,,,,,,,,토지피복 면적(MODIS) — 초본 작물(농경지),,,"{""2025_개편_후_소속_34개_체계"":""전국(개편 무관)"",""건물_인공지표_면적_km"":null,""경계_면적_km_GADM"":null,""경계_좌표_산출근거"":""전국 집계값 — 좌표·폴리곤 없음."",""경계_폴리곤_파일"":null,""경작지_면적_km"":null,""관목_면적_km"":null,""기후기술_연계_근거"":""간접 · 원천 자체 분류 — ESA WorldCover 가 토지피복 등급을 Tree cover·Cropland·Built-up 등으로 정의·배포하며, 수목 피복 면적은 탄소 흡수원의 물리적 기반, 경작지·건물 면적은 토지이용 변화의 기준이 됨. 주 기술 23(탄소 흡수원), 부 기술 35(산림·생태계 부문 기술) — 2026-08-28 발주처 지시에 따라 tech_id에 ';'로 연결해 복수 기입. [근거자료] ESA_WorldCover_10m_2021_v200_*_Map.tif (Discrete Classification, 등급 10~95) · FAOSTAT Land Cover(LC) Item=Artificial surfaces 등"",""나지_희박식생_면적_km"":null,""레코드_키"":""VNM_lc_herbaceous_crops_modis_2017"",""맹그로브_면적_km"":null,""수목_면적_km"":null,""연도"":2017,""영구수체_면적_km"":null,""전국_값"":5898.66,""전국_단위"":""1000 ha"",""전국_지표명"":""토지피복 면적(MODIS) — 초본 작물(농경지)"",""지역명_로마자"":""Viet Nam"",""지역명_베트남어"":""Việt Nam"",""초본습지_면적_km"":null,""초지_면적_km"":null,""합계_km"":null,""행정단위"":""Country""}",,전국 · 토지피복 면적(MODIS) — 초본 작물(농경지) · [실적치] · FAOSTAT Land Cover · Area from MODIS (Flag=E),,,,B-037.xlsx,1.2_entity(레코드형),247,
B-037,"토지피복 분류별 면적[경작지, 산림, 초지, 건물, 수체, 나지]",entity,v124-b-037-entity-00245,B-037_landcover_national,VNM,,,,,,,,,토지피복 면적(MODIS) — 초본 작물(농경지),,,"{""2025_개편_후_소속_34개_체계"":""전국(개편 무관)"",""건물_인공지표_면적_km"":null,""경계_면적_km_GADM"":null,""경계_좌표_산출근거"":""전국 집계값 — 좌표·폴리곤 없음."",""경계_폴리곤_파일"":null,""경작지_면적_km"":null,""관목_면적_km"":null,""기후기술_연계_근거"":""간접 · 원천 자체 분류 — ESA WorldCover 가 토지피복 등급을 Tree cover·Cropland·Built-up 등으로 정의·배포하며, 수목 피복 면적은 탄소 흡수원의 물리적 기반, 경작지·건물 면적은 토지이용 변화의 기준이 됨. 주 기술 23(탄소 흡수원), 부 기술 35(산림·생태계 부문 기술) — 2026-08-28 발주처 지시에 따라 tech_id에 ';'로 연결해 복수 기입. [근거자료] ESA_WorldCover_10m_2021_v200_*_Map.tif (Discrete Classification, 등급 10~95) · FAOSTAT Land Cover(LC) Item=Artificial surfaces 등"",""나지_희박식생_면적_km"":null,""레코드_키"":""VNM_lc_herbaceous_crops_modis_2018"",""맹그로브_면적_km"":null,""수목_면적_km"":null,""연도"":2018,""영구수체_면적_km"":null,""전국_값"":5852.64,""전국_단위"":""1000 ha"",""전국_지표명"":""토지피복 면적(MODIS) — 초본 작물(농경지)"",""지역명_로마자"":""Viet Nam"",""지역명_베트남어"":""Việt Nam"",""초본습지_면적_km"":null,""초지_면적_km"":null,""합계_km"":null,""행정단위"":""Country""}",,전국 · 토지피복 면적(MODIS) — 초본 작물(농경지) · [실적치] · FAOSTAT Land Cover · Area from MODIS (Flag=E),,,,B-037.xlsx,1.2_entity(레코드형),248,
B-037,"토지피복 분류별 면적[경작지, 산림, 초지, 건물, 수체, 나지]",entity,v124-b-037-entity-00246,B-037_landcover_national,VNM,,,,,,,,,토지피복 면적(MODIS) — 초본 작물(농경지),,,"{""2025_개편_후_소속_34개_체계"":""전국(개편 무관)"",""건물_인공지표_면적_km"":null,""경계_면적_km_GADM"":null,""경계_좌표_산출근거"":""전국 집계값 — 좌표·폴리곤 없음."",""경계_폴리곤_파일"":null,""경작지_면적_km"":null,""관목_면적_km"":null,""기후기술_연계_근거"":""간접 · 원천 자체 분류 — ESA WorldCover 가 토지피복 등급을 Tree cover·Cropland·Built-up 등으로 정의·배포하며, 수목 피복 면적은 탄소 흡수원의 물리적 기반, 경작지·건물 면적은 토지이용 변화의 기준이 됨. 주 기술 23(탄소 흡수원), 부 기술 35(산림·생태계 부문 기술) — 2026-08-28 발주처 지시에 따라 tech_id에 ';'로 연결해 복수 기입. [근거자료] ESA_WorldCover_10m_2021_v200_*_Map.tif (Discrete Classification, 등급 10~95) · FAOSTAT Land Cover(LC) Item=Artificial surfaces 등"",""나지_희박식생_면적_km"":null,""레코드_키"":""VNM_lc_herbaceous_crops_modis_2019"",""맹그로브_면적_km"":null,""수목_면적_km"":null,""연도"":2019,""영구수체_면적_km"":null,""전국_값"":5779.18,""전국_단위"":""1000 ha"",""전국_지표명"":""토지피복 면적(MODIS) — 초본 작물(농경지)"",""지역명_로마자"":""Viet Nam"",""지역명_베트남어"":""Việt Nam"",""초본습지_면적_km"":null,""초지_면적_km"":null,""합계_km"":null,""행정단위"":""Country""}",,전국 · 토지피복 면적(MODIS) — 초본 작물(농경지) · [실적치] · FAOSTAT Land Cover · Area from MODIS (Flag=E),,,,B-037.xlsx,1.2_entity(레코드형),249,
B-037,"토지피복 분류별 면적[경작지, 산림, 초지, 건물, 수체, 나지]",entity,v124-b-037-entity-00247,B-037_landcover_national,VNM,,,,,,,,,토지피복 면적(MODIS) — 초본 작물(농경지),,,"{""2025_개편_후_소속_34개_체계"":""전국(개편 무관)"",""건물_인공지표_면적_km"":null,""경계_면적_km_GADM"":null,""경계_좌표_산출근거"":""전국 집계값 — 좌표·폴리곤 없음."",""경계_폴리곤_파일"":null,""경작지_면적_km"":null,""관목_면적_km"":null,""기후기술_연계_근거"":""간접 · 원천 자체 분류 — ESA WorldCover 가 토지피복 등급을 Tree cover·Cropland·Built-up 등으로 정의·배포하며, 수목 피복 면적은 탄소 흡수원의 물리적 기반, 경작지·건물 면적은 토지이용 변화의 기준이 됨. 주 기술 23(탄소 흡수원), 부 기술 35(산림·생태계 부문 기술) — 2026-08-28 발주처 지시에 따라 tech_id에 ';'로 연결해 복수 기입. [근거자료] ESA_WorldCover_10m_2021_v200_*_Map.tif (Discrete Classification, 등급 10~95) · FAOSTAT Land Cover(LC) Item=Artificial surfaces 등"",""나지_희박식생_면적_km"":null,""레코드_키"":""VNM_lc_herbaceous_crops_modis_2020"",""맹그로브_면적_km"":null,""수목_면적_km"":null,""연도"":2020,""영구수체_면적_km"":null,""전국_값"":5841.22,""전국_단위"":""1000 ha"",""전국_지표명"":""토지피복 면적(MODIS) — 초본 작물(농경지)"",""지역명_로마자"":""Viet Nam"",""지역명_베트남어"":""Việt Nam"",""초본습지_면적_km"":null,""초지_면적_km"":null,""합계_km"":null,""행정단위"":""Country""}",,전국 · 토지피복 면적(MODIS) — 초본 작물(농경지) · [실적치] · FAOSTAT Land Cover · Area from MODIS (Flag=E),,,,B-037.xlsx,1.2_entity(레코드형),250,
B-037,"토지피복 분류별 면적[경작지, 산림, 초지, 건물, 수체, 나지]",entity,v124-b-037-entity-00248,B-037_landcover_national,VNM,,,,,,,,,토지피복 면적(MODIS) — 초본 작물(농경지),,,"{""2025_개편_후_소속_34개_체계"":""전국(개편 무관)"",""건물_인공지표_면적_km"":null,""경계_면적_km_GADM"":null,""경계_좌표_산출근거"":""전국 집계값 — 좌표·폴리곤 없음."",""경계_폴리곤_파일"":null,""경작지_면적_km"":null,""관목_면적_km"":null,""기후기술_연계_근거"":""간접 · 원천 자체 분류 — ESA WorldCover 가 토지피복 등급을 Tree cover·Cropland·Built-up 등으로 정의·배포하며, 수목 피복 면적은 탄소 흡수원의 물리적 기반, 경작지·건물 면적은 토지이용 변화의 기준이 됨. 주 기술 23(탄소 흡수원), 부 기술 35(산림·생태계 부문 기술) — 2026-08-28 발주처 지시에 따라 tech_id에 ';'로 연결해 복수 기입. [근거자료] ESA_WorldCover_10m_2021_v200_*_Map.tif (Discrete Classification, 등급 10~95) · FAOSTAT Land Cover(LC) Item=Artificial surfaces 등"",""나지_희박식생_면적_km"":null,""레코드_키"":""VNM_lc_herbaceous_crops_modis_2021"",""맹그로브_면적_km"":null,""수목_면적_km"":null,""연도"":2021,""영구수체_면적_km"":null,""전국_값"":5857.18,""전국_단위"":""1000 ha"",""전국_지표명"":""토지피복 면적(MODIS) — 초본 작물(농경지)"",""지역명_로마자"":""Viet Nam"",""지역명_베트남어"":""Việt Nam"",""초본습지_면적_km"":null,""초지_면적_km"":null,""합계_km"":null,""행정단위"":""Country""}",,전국 · 토지피복 면적(MODIS) — 초본 작물(농경지) · [실적치] · FAOSTAT Land Cover · Area from MODIS (Flag=E),,,,B-037.xlsx,1.2_entity(레코드형),251,
B-037,"토지피복 분류별 면적[경작지, 산림, 초지, 건물, 수체, 나지]",entity,v124-b-037-entity-00249,B-037_landcover_national,VNM,,,,,,,,,토지피복 면적(MODIS) — 초본 작물(농경지),,,"{""2025_개편_후_소속_34개_체계"":""전국(개편 무관)"",""건물_인공지표_면적_km"":null,""경계_면적_km_GADM"":null,""경계_좌표_산출근거"":""전국 집계값 — 좌표·폴리곤 없음."",""경계_폴리곤_파일"":null,""경작지_면적_km"":null,""관목_면적_km"":null,""기후기술_연계_근거"":""간접 · 원천 자체 분류 — ESA WorldCover 가 토지피복 등급을 Tree cover·Cropland·Built-up 등으로 정의·배포하며, 수목 피복 면적은 탄소 흡수원의 물리적 기반, 경작지·건물 면적은 토지이용 변화의 기준이 됨. 주 기술 23(탄소 흡수원), 부 기술 35(산림·생태계 부문 기술) — 2026-08-28 발주처 지시에 따라 tech_id에 ';'로 연결해 복수 기입. [근거자료] ESA_WorldCover_10m_2021_v200_*_Map.tif (Discrete Classification, 등급 10~95) · FAOSTAT Land Cover(LC) Item=Artificial surfaces 등"",""나지_희박식생_면적_km"":null,""레코드_키"":""VNM_lc_herbaceous_crops_modis_2022"",""맹그로브_면적_km"":null,""수목_면적_km"":null,""연도"":2022,""영구수체_면적_km"":null,""전국_값"":5820.21,""전국_단위"":""1000 ha"",""전국_지표명"":""토지피복 면적(MODIS) — 초본 작물(농경지)"",""지역명_로마자"":""Viet Nam"",""지역명_베트남어"":""Việt Nam"",""초본습지_면적_km"":null,""초지_면적_km"":null,""합계_km"":null,""행정단위"":""Country""}",,전국 · 토지피복 면적(MODIS) — 초본 작물(농경지) · [실적치] · FAOSTAT Land Cover · Area from MODIS (Flag=E),,,,B-037.xlsx,1.2_entity(레코드형),252,
B-037,"토지피복 분류별 면적[경작지, 산림, 초지, 건물, 수체, 나지]",entity,v124-b-037-entity-00250,B-037_landcover_national,VNM,,,,,,,,,토지피복 면적(MODIS) — 초본 작물(농경지),,,"{""2025_개편_후_소속_34개_체계"":""전국(개편 무관)"",""건물_인공지표_면적_km"":null,""경계_면적_km_GADM"":null,""경계_좌표_산출근거"":""전국 집계값 — 좌표·폴리곤 없음."",""경계_폴리곤_파일"":null,""경작지_면적_km"":null,""관목_면적_km"":null,""기후기술_연계_근거"":""간접 · 원천 자체 분류 — ESA WorldCover 가 토지피복 등급을 Tree cover·Cropland·Built-up 등으로 정의·배포하며, 수목 피복 면적은 탄소 흡수원의 물리적 기반, 경작지·건물 면적은 토지이용 변화의 기준이 됨. 주 기술 23(탄소 흡수원), 부 기술 35(산림·생태계 부문 기술) — 2026-08-28 발주처 지시에 따라 tech_id에 ';'로 연결해 복수 기입. [근거자료] ESA_WorldCover_10m_2021_v200_*_Map.tif (Discrete Classification, 등급 10~95) · FAOSTAT Land Cover(LC) Item=Artificial surfaces 등"",""나지_희박식생_면적_km"":null,""레코드_키"":""VNM_lc_herbaceous_crops_modis_2023"",""맹그로브_면적_km"":null,""수목_면적_km"":null,""연도"":2023,""영구수체_면적_km"":null,""전국_값"":5832.96,""전국_단위"":""1000 ha"",""전국_지표명"":""토지피복 면적(MODIS) — 초본 작물(농경지)"",""지역명_로마자"":""Viet Nam"",""지역명_베트남어"":""Việt Nam"",""초본습지_면적_km"":null,""초지_면적_km"":null,""합계_km"":null,""행정단위"":""Country""}",,전국 · 토지피복 면적(MODIS) — 초본 작물(농경지) · [실적치] · FAOSTAT Land Cover · Area from MODIS (Flag=E),,,,B-037.xlsx,1.2_entity(레코드형),253,
B-037,"토지피복 분류별 면적[경작지, 산림, 초지, 건물, 수체, 나지]",entity,v124-b-037-entity-00251,B-037_landcover_national,VNM,,,,,,,,,토지피복 면적(MODIS) — 초본 작물(농경지),,,"{""2025_개편_후_소속_34개_체계"":""전국(개편 무관)"",""건물_인공지표_면적_km"":null,""경계_면적_km_GADM"":null,""경계_좌표_산출근거"":""전국 집계값 — 좌표·폴리곤 없음."",""경계_폴리곤_파일"":null,""경작지_면적_km"":null,""관목_면적_km"":null,""기후기술_연계_근거"":""간접 · 원천 자체 분류 — ESA WorldCover 가 토지피복 등급을 Tree cover·Cropland·Built-up 등으로 정의·배포하며, 수목 피복 면적은 탄소 흡수원의 물리적 기반, 경작지·건물 면적은 토지이용 변화의 기준이 됨. 주 기술 23(탄소 흡수원), 부 기술 35(산림·생태계 부문 기술) — 2026-08-28 발주처 지시에 따라 tech_id에 ';'로 연결해 복수 기입. [근거자료] ESA_WorldCover_10m_2021_v200_*_Map.tif (Discrete Classification, 등급 10~95) · FAOSTAT Land Cover(LC) Item=Artificial surfaces 등"",""나지_희박식생_면적_km"":null,""레코드_키"":""VNM_lc_herbaceous_crops_modis_2024"",""맹그로브_면적_km"":null,""수목_면적_km"":null,""연도"":2024,""영구수체_면적_km"":null,""전국_값"":5737.29,""전국_단위"":""1000 ha"",""전국_지표명"":""토지피복 면적(MODIS) — 초본 작물(농경지)"",""지역명_로마자"":""Viet Nam"",""지역명_베트남어"":""Việt Nam"",""초본습지_면적_km"":null,""초지_면적_km"":null,""합계_km"":null,""행정단위"":""Country""}",,전국 · 토지피복 면적(MODIS) — 초본 작물(농경지) · [실적치] · FAOSTAT Land Cover · Area from MODIS (Flag=E),,,,B-037.xlsx,1.2_entity(레코드형),254,
B-037,"토지피복 분류별 면적[경작지, 산림, 초지, 건물, 수체, 나지]",entity,v124-b-037-entity-00252,B-037_landcover_national,VNM,,,,,,,,,토지피복 면적(WorldCover) — 초본 작물(농경지),,,"{""2025_개편_후_소속_34개_체계"":""전국(개편 무관)"",""건물_인공지표_면적_km"":null,""경계_면적_km_GADM"":null,""경계_좌표_산출근거"":""전국 집계값 — 좌표·폴리곤 없음."",""경계_폴리곤_파일"":null,""경작지_면적_km"":null,""관목_면적_km"":null,""기후기술_연계_근거"":""간접 · 원천 자체 분류 — ESA WorldCover 가 토지피복 등급을 Tree cover·Cropland·Built-up 등으로 정의·배포하며, 수목 피복 면적은 탄소 흡수원의 물리적 기반, 경작지·건물 면적은 토지이용 변화의 기준이 됨. 주 기술 23(탄소 흡수원), 부 기술 35(산림·생태계 부문 기술) — 2026-08-28 발주처 지시에 따라 tech_id에 ';'로 연결해 복수 기입. [근거자료] ESA_WorldCover_10m_2021_v200_*_Map.tif (Discrete Classification, 등급 10~95) · FAOSTAT Land Cover(LC) Item=Artificial surfaces 등"",""나지_희박식생_면적_km"":null,""레코드_키"":""VNM_lc_herbaceous_crops_wc_2020"",""맹그로브_면적_km"":null,""수목_면적_km"":null,""연도"":2020,""영구수체_면적_km"":null,""전국_값"":5064.41,""전국_단위"":""1000 ha"",""전국_지표명"":""토지피복 면적(WorldCover) — 초본 작물(농경지)"",""지역명_로마자"":""Viet Nam"",""지역명_베트남어"":""Việt Nam"",""초본습지_면적_km"":null,""초지_면적_km"":null,""합계_km"":null,""행정단위"":""Country""}",,전국 · 토지피복 면적(WorldCover) — 초본 작물(농경지) · [실적치] · FAOSTAT Land Cover · Area from WorldCover (Flag=E),,,,B-037.xlsx,1.2_entity(레코드형),255,
B-037,"토지피복 분류별 면적[경작지, 산림, 초지, 건물, 수체, 나지]",entity,v124-b-037-entity-00253,B-037_landcover_national,VNM,,,,,,,,,토지피복 면적(WorldCover) — 초본 작물(농경지),,,"{""2025_개편_후_소속_34개_체계"":""전국(개편 무관)"",""건물_인공지표_면적_km"":null,""경계_면적_km_GADM"":null,""경계_좌표_산출근거"":""전국 집계값 — 좌표·폴리곤 없음."",""경계_폴리곤_파일"":null,""경작지_면적_km"":null,""관목_면적_km"":null,""기후기술_연계_근거"":""간접 · 원천 자체 분류 — ESA WorldCover 가 토지피복 등급을 Tree cover·Cropland·Built-up 등으로 정의·배포하며, 수목 피복 면적은 탄소 흡수원의 물리적 기반, 경작지·건물 면적은 토지이용 변화의 기준이 됨. 주 기술 23(탄소 흡수원), 부 기술 35(산림·생태계 부문 기술) — 2026-08-28 발주처 지시에 따라 tech_id에 ';'로 연결해 복수 기입. [근거자료] ESA_WorldCover_10m_2021_v200_*_Map.tif (Discrete Classification, 등급 10~95) · FAOSTAT Land Cover(LC) Item=Artificial surfaces 등"",""나지_희박식생_면적_km"":null,""레코드_키"":""VNM_lc_herbaceous_crops_wc_2021"",""맹그로브_면적_km"":null,""수목_면적_km"":null,""연도"":2021,""영구수체_면적_km"":null,""전국_값"":5120.39,""전국_단위"":""1000 ha"",""전국_지표명"":""토지피복 면적(WorldCover) — 초본 작물(농경지)"",""지역명_로마자"":""Viet Nam"",""지역명_베트남어"":""Việt Nam"",""초본습지_면적_km"":null,""초지_면적_km"":null,""합계_km"":null,""행정단위"":""Country""}",,전국 · 토지피복 면적(WorldCover) — 초본 작물(농경지) · [실적치] · FAOSTAT Land Cover · Area from WorldCover (Flag=E),,,,B-037.xlsx,1.2_entity(레코드형),256,
B-037,"토지피복 분류별 면적[경작지, 산림, 초지, 건물, 수체, 나지]",entity,v124-b-037-entity-00254,B-037_landcover_national,VNM,,,,,,,,,토지피복 면적 — 내륙 수역,,,"{""2025_개편_후_소속_34개_체계"":""전국(개편 무관)"",""건물_인공지표_면적_km"":null,""경계_면적_km_GADM"":null,""경계_좌표_산출근거"":""전국 집계값 — 좌표·폴리곤 없음."",""경계_폴리곤_파일"":null,""경작지_면적_km"":null,""관목_면적_km"":null,""기후기술_연계_근거"":""간접 · 원천 자체 분류 — ESA WorldCover 가 토지피복 등급을 Tree cover·Cropland·Built-up 등으로 정의·배포하며, 수목 피복 면적은 탄소 흡수원의 물리적 기반, 경작지·건물 면적은 토지이용 변화의 기준이 됨. 주 기술 23(탄소 흡수원), 부 기술 35(산림·생태계 부문 기술) — 2026-08-28 발주처 지시에 따라 tech_id에 ';'로 연결해 복수 기입. [근거자료] ESA_WorldCover_10m_2021_v200_*_Map.tif (Discrete Classification, 등급 10~95) · FAOSTAT Land Cover(LC) Item=Artificial surfaces 등"",""나지_희박식생_면적_km"":null,""레코드_키"":""VNM_lc_inland_water_bodie_1992"",""맹그로브_면적_km"":null,""수목_면적_km"":null,""연도"":1992,""영구수체_면적_km"":null,""전국_값"":890.47,""전국_단위"":""1000 ha"",""전국_지표명"":""토지피복 면적 — 내륙 수역"",""지역명_로마자"":""Viet Nam"",""지역명_베트남어"":""Việt Nam"",""초본습지_면적_km"":null,""초지_면적_km"":null,""합계_km"":null,""행정단위"":""Country""}",,전국 · 토지피복 면적 — 내륙 수역 · [실적치] · FAOSTAT Land Cover · Area from CCI_LC (Flag=E),,,,B-037.xlsx,1.2_entity(레코드형),257,
B-037,"토지피복 분류별 면적[경작지, 산림, 초지, 건물, 수체, 나지]",entity,v124-b-037-entity-00255,B-037_landcover_national,VNM,,,,,,,,,토지피복 면적 — 내륙 수역,,,"{""2025_개편_후_소속_34개_체계"":""전국(개편 무관)"",""건물_인공지표_면적_km"":null,""경계_면적_km_GADM"":null,""경계_좌표_산출근거"":""전국 집계값 — 좌표·폴리곤 없음."",""경계_폴리곤_파일"":null,""경작지_면적_km"":null,""관목_면적_km"":null,""기후기술_연계_근거"":""간접 · 원천 자체 분류 — ESA WorldCover 가 토지피복 등급을 Tree cover·Cropland·Built-up 등으로 정의·배포하며, 수목 피복 면적은 탄소 흡수원의 물리적 기반, 경작지·건물 면적은 토지이용 변화의 기준이 됨. 주 기술 23(탄소 흡수원), 부 기술 35(산림·생태계 부문 기술) — 2026-08-28 발주처 지시에 따라 tech_id에 ';'로 연결해 복수 기입. [근거자료] ESA_WorldCover_10m_2021_v200_*_Map.tif (Discrete Classification, 등급 10~95) · FAOSTAT Land Cover(LC) Item=Artificial surfaces 등"",""나지_희박식생_면적_km"":null,""레코드_키"":""VNM_lc_inland_water_bodie_1993"",""맹그로브_면적_km"":null,""수목_면적_km"":null,""연도"":1993,""영구수체_면적_km"":null,""전국_값"":890.41,""전국_단위"":""1000 ha"",""전국_지표명"":""토지피복 면적 — 내륙 수역"",""지역명_로마자"":""Viet Nam"",""지역명_베트남어"":""Việt Nam"",""초본습지_면적_km"":null,""초지_면적_km"":null,""합계_km"":null,""행정단위"":""Country""}",,전국 · 토지피복 면적 — 내륙 수역 · [실적치] · FAOSTAT Land Cover · Area from CCI_LC (Flag=E),,,,B-037.xlsx,1.2_entity(레코드형),258,
B-037,"토지피복 분류별 면적[경작지, 산림, 초지, 건물, 수체, 나지]",entity,v124-b-037-entity-00256,B-037_landcover_national,VNM,,,,,,,,,토지피복 면적 — 내륙 수역,,,"{""2025_개편_후_소속_34개_체계"":""전국(개편 무관)"",""건물_인공지표_면적_km"":null,""경계_면적_km_GADM"":null,""경계_좌표_산출근거"":""전국 집계값 — 좌표·폴리곤 없음."",""경계_폴리곤_파일"":null,""경작지_면적_km"":null,""관목_면적_km"":null,""기후기술_연계_근거"":""간접 · 원천 자체 분류 — ESA WorldCover 가 토지피복 등급을 Tree cover·Cropland·Built-up 등으로 정의·배포하며, 수목 피복 면적은 탄소 흡수원의 물리적 기반, 경작지·건물 면적은 토지이용 변화의 기준이 됨. 주 기술 23(탄소 흡수원), 부 기술 35(산림·생태계 부문 기술) — 2026-08-28 발주처 지시에 따라 tech_id에 ';'로 연결해 복수 기입. [근거자료] ESA_WorldCover_10m_2021_v200_*_Map.tif (Discrete Classification, 등급 10~95) · FAOSTAT Land Cover(LC) Item=Artificial surfaces 등"",""나지_희박식생_면적_km"":null,""레코드_키"":""VNM_lc_inland_water_bodie_1994"",""맹그로브_면적_km"":null,""수목_면적_km"":null,""연도"":1994,""영구수체_면적_km"":null,""전국_값"":890.37,""전국_단위"":""1000 ha"",""전국_지표명"":""토지피복 면적 — 내륙 수역"",""지역명_로마자"":""Viet Nam"",""지역명_베트남어"":""Việt Nam"",""초본습지_면적_km"":null,""초지_면적_km"":null,""합계_km"":null,""행정단위"":""Country""}",,전국 · 토지피복 면적 — 내륙 수역 · [실적치] · FAOSTAT Land Cover · Area from CCI_LC (Flag=E),,,,B-037.xlsx,1.2_entity(레코드형),259,
B-037,"토지피복 분류별 면적[경작지, 산림, 초지, 건물, 수체, 나지]",entity,v124-b-037-entity-00257,B-037_landcover_national,VNM,,,,,,,,,토지피복 면적 — 내륙 수역,,,"{""2025_개편_후_소속_34개_체계"":""전국(개편 무관)"",""건물_인공지표_면적_km"":null,""경계_면적_km_GADM"":null,""경계_좌표_산출근거"":""전국 집계값 — 좌표·폴리곤 없음."",""경계_폴리곤_파일"":null,""경작지_면적_km"":null,""관목_면적_km"":null,""기후기술_연계_근거"":""간접 · 원천 자체 분류 — ESA WorldCover 가 토지피복 등급을 Tree cover·Cropland·Built-up 등으로 정의·배포하며, 수목 피복 면적은 탄소 흡수원의 물리적 기반, 경작지·건물 면적은 토지이용 변화의 기준이 됨. 주 기술 23(탄소 흡수원), 부 기술 35(산림·생태계 부문 기술) — 2026-08-28 발주처 지시에 따라 tech_id에 ';'로 연결해 복수 기입. [근거자료] ESA_WorldCover_10m_2021_v200_*_Map.tif (Discrete Classification, 등급 10~95) · FAOSTAT Land Cover(LC) Item=Artificial surfaces 등"",""나지_희박식생_면적_km"":null,""레코드_키"":""VNM_lc_inland_water_bodie_1995"",""맹그로브_면적_km"":null,""수목_면적_km"":null,""연도"":1995,""영구수체_면적_km"":null,""전국_값"":880.06,""전국_단위"":""1000 ha"",""전국_지표명"":""토지피복 면적 — 내륙 수역"",""지역명_로마자"":""Viet Nam"",""지역명_베트남어"":""Việt Nam"",""초본습지_면적_km"":null,""초지_면적_km"":null,""합계_km"":null,""행정단위"":""Country""}",,전국 · 토지피복 면적 — 내륙 수역 · [실적치] · FAOSTAT Land Cover · Area from CCI_LC (Flag=E),,,,B-037.xlsx,1.2_entity(레코드형),260,
B-037,"토지피복 분류별 면적[경작지, 산림, 초지, 건물, 수체, 나지]",entity,v124-b-037-entity-00258,B-037_landcover_national,VNM,,,,,,,,,토지피복 면적 — 내륙 수역,,,"{""2025_개편_후_소속_34개_체계"":""전국(개편 무관)"",""건물_인공지표_면적_km"":null,""경계_면적_km_GADM"":null,""경계_좌표_산출근거"":""전국 집계값 — 좌표·폴리곤 없음."",""경계_폴리곤_파일"":null,""경작지_면적_km"":null,""관목_면적_km"":null,""기후기술_연계_근거"":""간접 · 원천 자체 분류 — ESA WorldCover 가 토지피복 등급을 Tree cover·Cropland·Built-up 등으로 정의·배포하며, 수목 피복 면적은 탄소 흡수원의 물리적 기반, 경작지·건물 면적은 토지이용 변화의 기준이 됨. 주 기술 23(탄소 흡수원), 부 기술 35(산림·생태계 부문 기술) — 2026-08-28 발주처 지시에 따라 tech_id에 ';'로 연결해 복수 기입. [근거자료] ESA_WorldCover_10m_2021_v200_*_Map.tif (Discrete Classification, 등급 10~95) · FAOSTAT Land Cover(LC) Item=Artificial surfaces 등"",""나지_희박식생_면적_km"":null,""레코드_키"":""VNM_lc_inland_water_bodie_1996"",""맹그로브_면적_km"":null,""수목_면적_km"":null,""연도"":1996,""영구수체_면적_km"":null,""전국_값"":881.15,""전국_단위"":""1000 ha"",""전국_지표명"":""토지피복 면적 — 내륙 수역"",""지역명_로마자"":""Viet Nam"",""지역명_베트남어"":""Việt Nam"",""초본습지_면적_km"":null,""초지_면적_km"":null,""합계_km"":null,""행정단위"":""Country""}",,전국 · 토지피복 면적 — 내륙 수역 · [실적치] · FAOSTAT Land Cover · Area from CCI_LC (Flag=E),,,,B-037.xlsx,1.2_entity(레코드형),261,
B-037,"토지피복 분류별 면적[경작지, 산림, 초지, 건물, 수체, 나지]",entity,v124-b-037-entity-00259,B-037_landcover_national,VNM,,,,,,,,,토지피복 면적 — 내륙 수역,,,"{""2025_개편_후_소속_34개_체계"":""전국(개편 무관)"",""건물_인공지표_면적_km"":null,""경계_면적_km_GADM"":null,""경계_좌표_산출근거"":""전국 집계값 — 좌표·폴리곤 없음."",""경계_폴리곤_파일"":null,""경작지_면적_km"":null,""관목_면적_km"":null,""기후기술_연계_근거"":""간접 · 원천 자체 분류 — ESA WorldCover 가 토지피복 등급을 Tree cover·Cropland·Built-up 등으로 정의·배포하며, 수목 피복 면적은 탄소 흡수원의 물리적 기반, 경작지·건물 면적은 토지이용 변화의 기준이 됨. 주 기술 23(탄소 흡수원), 부 기술 35(산림·생태계 부문 기술) — 2026-08-28 발주처 지시에 따라 tech_id에 ';'로 연결해 복수 기입. [근거자료] ESA_WorldCover_10m_2021_v200_*_Map.tif (Discrete Classification, 등급 10~95) · FAOSTAT Land Cover(LC) Item=Artificial surfaces 등"",""나지_희박식생_면적_km"":null,""레코드_키"":""VNM_lc_inland_water_bodie_1997"",""맹그로브_면적_km"":null,""수목_면적_km"":null,""연도"":1997,""영구수체_면적_km"":null,""전국_값"":882.97,""전국_단위"":""1000 ha"",""전국_지표명"":""토지피복 면적 — 내륙 수역"",""지역명_로마자"":""Viet Nam"",""지역명_베트남어"":""Việt Nam"",""초본습지_면적_km"":null,""초지_면적_km"":null,""합계_km"":null,""행정단위"":""Country""}",,전국 · 토지피복 면적 — 내륙 수역 · [실적치] · FAOSTAT Land Cover · Area from CCI_LC (Flag=E),,,,B-037.xlsx,1.2_entity(레코드형),262,
B-037,"토지피복 분류별 면적[경작지, 산림, 초지, 건물, 수체, 나지]",entity,v124-b-037-entity-00260,B-037_landcover_national,VNM,,,,,,,,,토지피복 면적 — 내륙 수역,,,"{""2025_개편_후_소속_34개_체계"":""전국(개편 무관)"",""건물_인공지표_면적_km"":null,""경계_면적_km_GADM"":null,""경계_좌표_산출근거"":""전국 집계값 — 좌표·폴리곤 없음."",""경계_폴리곤_파일"":null,""경작지_면적_km"":null,""관목_면적_km"":null,""기후기술_연계_근거"":""간접 · 원천 자체 분류 — ESA WorldCover 가 토지피복 등급을 Tree cover·Cropland·Built-up 등으로 정의·배포하며, 수목 피복 면적은 탄소 흡수원의 물리적 기반, 경작지·건물 면적은 토지이용 변화의 기준이 됨. 주 기술 23(탄소 흡수원), 부 기술 35(산림·생태계 부문 기술) — 2026-08-28 발주처 지시에 따라 tech_id에 ';'로 연결해 복수 기입. [근거자료] ESA_WorldCover_10m_2021_v200_*_Map.tif (Discrete Classification, 등급 10~95) · FAOSTAT Land Cover(LC) Item=Artificial surfaces 등"",""나지_희박식생_면적_km"":null,""레코드_키"":""VNM_lc_inland_water_bodie_1998"",""맹그로브_면적_km"":null,""수목_면적_km"":null,""연도"":1998,""영구수체_면적_km"":null,""전국_값"":883.99,""전국_단위"":""1000 ha"",""전국_지표명"":""토지피복 면적 — 내륙 수역"",""지역명_로마자"":""Viet Nam"",""지역명_베트남어"":""Việt Nam"",""초본습지_면적_km"":null,""초지_면적_km"":null,""합계_km"":null,""행정단위"":""Country""}",,전국 · 토지피복 면적 — 내륙 수역 · [실적치] · FAOSTAT Land Cover · Area from CCI_LC (Flag=E),,,,B-037.xlsx,1.2_entity(레코드형),263,
B-037,"토지피복 분류별 면적[경작지, 산림, 초지, 건물, 수체, 나지]",entity,v124-b-037-entity-00261,B-037_landcover_national,VNM,,,,,,,,,토지피복 면적 — 내륙 수역,,,"{""2025_개편_후_소속_34개_체계"":""전국(개편 무관)"",""건물_인공지표_면적_km"":null,""경계_면적_km_GADM"":null,""경계_좌표_산출근거"":""전국 집계값 — 좌표·폴리곤 없음."",""경계_폴리곤_파일"":null,""경작지_면적_km"":null,""관목_면적_km"":null,""기후기술_연계_근거"":""간접 · 원천 자체 분류 — ESA WorldCover 가 토지피복 등급을 Tree cover·Cropland·Built-up 등으로 정의·배포하며, 수목 피복 면적은 탄소 흡수원의 물리적 기반, 경작지·건물 면적은 토지이용 변화의 기준이 됨. 주 기술 23(탄소 흡수원), 부 기술 35(산림·생태계 부문 기술) — 2026-08-28 발주처 지시에 따라 tech_id에 ';'로 연결해 복수 기입. [근거자료] ESA_WorldCover_10m_2021_v200_*_Map.tif (Discrete Classification, 등급 10~95) · FAOSTAT Land Cover(LC) Item=Artificial surfaces 등"",""나지_희박식생_면적_km"":null,""레코드_키"":""VNM_lc_inland_water_bodie_1999"",""맹그로브_면적_km"":null,""수목_면적_km"":null,""연도"":1999,""영구수체_면적_km"":null,""전국_값"":883.11,""전국_단위"":""1000 ha"",""전국_지표명"":""토지피복 면적 — 내륙 수역"",""지역명_로마자"":""Viet Nam"",""지역명_베트남어"":""Việt Nam"",""초본습지_면적_km"":null,""초지_면적_km"":null,""합계_km"":null,""행정단위"":""Country""}",,전국 · 토지피복 면적 — 내륙 수역 · [실적치] · FAOSTAT Land Cover · Area from CCI_LC (Flag=E),,,,B-037.xlsx,1.2_entity(레코드형),264,
B-037,"토지피복 분류별 면적[경작지, 산림, 초지, 건물, 수체, 나지]",entity,v124-b-037-entity-00262,B-037_landcover_national,VNM,,,,,,,,,토지피복 면적 — 내륙 수역,,,"{""2025_개편_후_소속_34개_체계"":""전국(개편 무관)"",""건물_인공지표_면적_km"":null,""경계_면적_km_GADM"":null,""경계_좌표_산출근거"":""전국 집계값 — 좌표·폴리곤 없음."",""경계_폴리곤_파일"":null,""경작지_면적_km"":null,""관목_면적_km"":null,""기후기술_연계_근거"":""간접 · 원천 자체 분류 — ESA WorldCover 가 토지피복 등급을 Tree cover·Cropland·Built-up 등으로 정의·배포하며, 수목 피복 면적은 탄소 흡수원의 물리적 기반, 경작지·건물 면적은 토지이용 변화의 기준이 됨. 주 기술 23(탄소 흡수원), 부 기술 35(산림·생태계 부문 기술) — 2026-08-28 발주처 지시에 따라 tech_id에 ';'로 연결해 복수 기입. [근거자료] ESA_WorldCover_10m_2021_v200_*_Map.tif (Discrete Classification, 등급 10~95) · FAOSTAT Land Cover(LC) Item=Artificial surfaces 등"",""나지_희박식생_면적_km"":null,""레코드_키"":""VNM_lc_inland_water_bodie_2000"",""맹그로브_면적_km"":null,""수목_면적_km"":null,""연도"":2000,""영구수체_면적_km"":null,""전국_값"":885.01,""전국_단위"":""1000 ha"",""전국_지표명"":""토지피복 면적 — 내륙 수역"",""지역명_로마자"":""Viet Nam"",""지역명_베트남어"":""Việt Nam"",""초본습지_면적_km"":null,""초지_면적_km"":null,""합계_km"":null,""행정단위"":""Country""}",,전국 · 토지피복 면적 — 내륙 수역 · [실적치] · FAOSTAT Land Cover · Area from CCI_LC (Flag=E),,,,B-037.xlsx,1.2_entity(레코드형),265,
B-037,"토지피복 분류별 면적[경작지, 산림, 초지, 건물, 수체, 나지]",entity,v124-b-037-entity-00263,B-037_landcover_national,VNM,,,,,,,,,토지피복 면적 — 내륙 수역,,,"{""2025_개편_후_소속_34개_체계"":""전국(개편 무관)"",""건물_인공지표_면적_km"":null,""경계_면적_km_GADM"":null,""경계_좌표_산출근거"":""전국 집계값 — 좌표·폴리곤 없음."",""경계_폴리곤_파일"":null,""경작지_면적_km"":null,""관목_면적_km"":null,""기후기술_연계_근거"":""간접 · 원천 자체 분류 — ESA WorldCover 가 토지피복 등급을 Tree cover·Cropland·Built-up 등으로 정의·배포하며, 수목 피복 면적은 탄소 흡수원의 물리적 기반, 경작지·건물 면적은 토지이용 변화의 기준이 됨. 주 기술 23(탄소 흡수원), 부 기술 35(산림·생태계 부문 기술) — 2026-08-28 발주처 지시에 따라 tech_id에 ';'로 연결해 복수 기입. [근거자료] ESA_WorldCover_10m_2021_v200_*_Map.tif (Discrete Classification, 등급 10~95) · FAOSTAT Land Cover(LC) Item=Artificial surfaces 등"",""나지_희박식생_면적_km"":null,""레코드_키"":""VNM_lc_inland_water_bodie_2001"",""맹그로브_면적_km"":null,""수목_면적_km"":null,""연도"":2001,""영구수체_면적_km"":null,""전국_값"":882.52,""전국_단위"":""1000 ha"",""전국_지표명"":""토지피복 면적 — 내륙 수역"",""지역명_로마자"":""Viet Nam"",""지역명_베트남어"":""Việt Nam"",""초본습지_면적_km"":null,""초지_면적_km"":null,""합계_km"":null,""행정단위"":""Country""}",,전국 · 토지피복 면적 — 내륙 수역 · [실적치] · FAOSTAT Land Cover · Area from CCI_LC (Flag=E),,,,B-037.xlsx,1.2_entity(레코드형),266,
B-037,"토지피복 분류별 면적[경작지, 산림, 초지, 건물, 수체, 나지]",entity,v124-b-037-entity-00264,B-037_landcover_national,VNM,,,,,,,,,토지피복 면적 — 내륙 수역,,,"{""2025_개편_후_소속_34개_체계"":""전국(개편 무관)"",""건물_인공지표_면적_km"":null,""경계_면적_km_GADM"":null,""경계_좌표_산출근거"":""전국 집계값 — 좌표·폴리곤 없음."",""경계_폴리곤_파일"":null,""경작지_면적_km"":null,""관목_면적_km"":null,""기후기술_연계_근거"":""간접 · 원천 자체 분류 — ESA WorldCover 가 토지피복 등급을 Tree cover·Cropland·Built-up 등으로 정의·배포하며, 수목 피복 면적은 탄소 흡수원의 물리적 기반, 경작지·건물 면적은 토지이용 변화의 기준이 됨. 주 기술 23(탄소 흡수원), 부 기술 35(산림·생태계 부문 기술) — 2026-08-28 발주처 지시에 따라 tech_id에 ';'로 연결해 복수 기입. [근거자료] ESA_WorldCover_10m_2021_v200_*_Map.tif (Discrete Classification, 등급 10~95) · FAOSTAT Land Cover(LC) Item=Artificial surfaces 등"",""나지_희박식생_면적_km"":null,""레코드_키"":""VNM_lc_inland_water_bodie_2002"",""맹그로브_면적_km"":null,""수목_면적_km"":null,""연도"":2002,""영구수체_면적_km"":null,""전국_값"":883.17,""전국_단위"":""1000 ha"",""전국_지표명"":""토지피복 면적 — 내륙 수역"",""지역명_로마자"":""Viet Nam"",""지역명_베트남어"":""Việt Nam"",""초본습지_면적_km"":null,""초지_면적_km"":null,""합계_km"":null,""행정단위"":""Country""}",,전국 · 토지피복 면적 — 내륙 수역 · [실적치] · FAOSTAT Land Cover · Area from CCI_LC (Flag=E),,,,B-037.xlsx,1.2_entity(레코드형),267,
B-037,"토지피복 분류별 면적[경작지, 산림, 초지, 건물, 수체, 나지]",entity,v124-b-037-entity-00265,B-037_landcover_national,VNM,,,,,,,,,토지피복 면적 — 내륙 수역,,,"{""2025_개편_후_소속_34개_체계"":""전국(개편 무관)"",""건물_인공지표_면적_km"":null,""경계_면적_km_GADM"":null,""경계_좌표_산출근거"":""전국 집계값 — 좌표·폴리곤 없음."",""경계_폴리곤_파일"":null,""경작지_면적_km"":null,""관목_면적_km"":null,""기후기술_연계_근거"":""간접 · 원천 자체 분류 — ESA WorldCover 가 토지피복 등급을 Tree cover·Cropland·Built-up 등으로 정의·배포하며, 수목 피복 면적은 탄소 흡수원의 물리적 기반, 경작지·건물 면적은 토지이용 변화의 기준이 됨. 주 기술 23(탄소 흡수원), 부 기술 35(산림·생태계 부문 기술) — 2026-08-28 발주처 지시에 따라 tech_id에 ';'로 연결해 복수 기입. [근거자료] ESA_WorldCover_10m_2021_v200_*_Map.tif (Discrete Classification, 등급 10~95) · FAOSTAT Land Cover(LC) Item=Artificial surfaces 등"",""나지_희박식생_면적_km"":null,""레코드_키"":""VNM_lc_inland_water_bodie_2003"",""맹그로브_면적_km"":null,""수목_면적_km"":null,""연도"":2003,""영구수체_면적_km"":null,""전국_값"":883.36,""전국_단위"":""1000 ha"",""전국_지표명"":""토지피복 면적 — 내륙 수역"",""지역명_로마자"":""Viet Nam"",""지역명_베트남어"":""Việt Nam"",""초본습지_면적_km"":null,""초지_면적_km"":null,""합계_km"":null,""행정단위"":""Country""}",,전국 · 토지피복 면적 — 내륙 수역 · [실적치] · FAOSTAT Land Cover · Area from CCI_LC (Flag=E),,,,B-037.xlsx,1.2_entity(레코드형),268,
B-037,"토지피복 분류별 면적[경작지, 산림, 초지, 건물, 수체, 나지]",entity,v124-b-037-entity-00266,B-037_landcover_national,VNM,,,,,,,,,토지피복 면적 — 내륙 수역,,,"{""2025_개편_후_소속_34개_체계"":""전국(개편 무관)"",""건물_인공지표_면적_km"":null,""경계_면적_km_GADM"":null,""경계_좌표_산출근거"":""전국 집계값 — 좌표·폴리곤 없음."",""경계_폴리곤_파일"":null,""경작지_면적_km"":null,""관목_면적_km"":null,""기후기술_연계_근거"":""간접 · 원천 자체 분류 — ESA WorldCover 가 토지피복 등급을 Tree cover·Cropland·Built-up 등으로 정의·배포하며, 수목 피복 면적은 탄소 흡수원의 물리적 기반, 경작지·건물 면적은 토지이용 변화의 기준이 됨. 주 기술 23(탄소 흡수원), 부 기술 35(산림·생태계 부문 기술) — 2026-08-28 발주처 지시에 따라 tech_id에 ';'로 연결해 복수 기입. [근거자료] ESA_WorldCover_10m_2021_v200_*_Map.tif (Discrete Classification, 등급 10~95) · FAOSTAT Land Cover(LC) Item=Artificial surfaces 등"",""나지_희박식생_면적_km"":null,""레코드_키"":""VNM_lc_inland_water_bodie_2004"",""맹그로브_면적_km"":null,""수목_면적_km"":null,""연도"":2004,""영구수체_면적_km"":null,""전국_값"":883.04,""전국_단위"":""1000 ha"",""전국_지표명"":""토지피복 면적 — 내륙 수역"",""지역명_로마자"":""Viet Nam"",""지역명_베트남어"":""Việt Nam"",""초본습지_면적_km"":null,""초지_면적_km"":null,""합계_km"":null,""행정단위"":""Country""}",,전국 · 토지피복 면적 — 내륙 수역 · [실적치] · FAOSTAT Land Cover · Area from CCI_LC (Flag=E),,,,B-037.xlsx,1.2_entity(레코드형),269,
B-037,"토지피복 분류별 면적[경작지, 산림, 초지, 건물, 수체, 나지]",entity,v124-b-037-entity-00267,B-037_landcover_national,VNM,,,,,,,,,토지피복 면적 — 내륙 수역,,,"{""2025_개편_후_소속_34개_체계"":""전국(개편 무관)"",""건물_인공지표_면적_km"":null,""경계_면적_km_GADM"":null,""경계_좌표_산출근거"":""전국 집계값 — 좌표·폴리곤 없음."",""경계_폴리곤_파일"":null,""경작지_면적_km"":null,""관목_면적_km"":null,""기후기술_연계_근거"":""간접 · 원천 자체 분류 — ESA WorldCover 가 토지피복 등급을 Tree cover·Cropland·Built-up 등으로 정의·배포하며, 수목 피복 면적은 탄소 흡수원의 물리적 기반, 경작지·건물 면적은 토지이용 변화의 기준이 됨. 주 기술 23(탄소 흡수원), 부 기술 35(산림·생태계 부문 기술) — 2026-08-28 발주처 지시에 따라 tech_id에 ';'로 연결해 복수 기입. [근거자료] ESA_WorldCover_10m_2021_v200_*_Map.tif (Discrete Classification, 등급 10~95) · FAOSTAT Land Cover(LC) Item=Artificial surfaces 등"",""나지_희박식생_면적_km"":null,""레코드_키"":""VNM_lc_inland_water_bodie_2005"",""맹그로브_면적_km"":null,""수목_면적_km"":null,""연도"":2005,""영구수체_면적_km"":null,""전국_값"":881.07,""전국_단위"":""1000 ha"",""전국_지표명"":""토지피복 면적 — 내륙 수역"",""지역명_로마자"":""Viet Nam"",""지역명_베트남어"":""Việt Nam"",""초본습지_면적_km"":null,""초지_면적_km"":null,""합계_km"":null,""행정단위"":""Country""}",,전국 · 토지피복 면적 — 내륙 수역 · [실적치] · FAOSTAT Land Cover · Area from CCI_LC (Flag=E),,,,B-037.xlsx,1.2_entity(레코드형),270,
B-037,"토지피복 분류별 면적[경작지, 산림, 초지, 건물, 수체, 나지]",entity,v124-b-037-entity-00268,B-037_landcover_national,VNM,,,,,,,,,토지피복 면적 — 내륙 수역,,,"{""2025_개편_후_소속_34개_체계"":""전국(개편 무관)"",""건물_인공지표_면적_km"":null,""경계_면적_km_GADM"":null,""경계_좌표_산출근거"":""전국 집계값 — 좌표·폴리곤 없음."",""경계_폴리곤_파일"":null,""경작지_면적_km"":null,""관목_면적_km"":null,""기후기술_연계_근거"":""간접 · 원천 자체 분류 — ESA WorldCover 가 토지피복 등급을 Tree cover·Cropland·Built-up 등으로 정의·배포하며, 수목 피복 면적은 탄소 흡수원의 물리적 기반, 경작지·건물 면적은 토지이용 변화의 기준이 됨. 주 기술 23(탄소 흡수원), 부 기술 35(산림·생태계 부문 기술) — 2026-08-28 발주처 지시에 따라 tech_id에 ';'로 연결해 복수 기입. [근거자료] ESA_WorldCover_10m_2021_v200_*_Map.tif (Discrete Classification, 등급 10~95) · FAOSTAT Land Cover(LC) Item=Artificial surfaces 등"",""나지_희박식생_면적_km"":null,""레코드_키"":""VNM_lc_inland_water_bodie_2006"",""맹그로브_면적_km"":null,""수목_면적_km"":null,""연도"":2006,""영구수체_면적_km"":null,""전국_값"":880.2,""전국_단위"":""1000 ha"",""전국_지표명"":""토지피복 면적 — 내륙 수역"",""지역명_로마자"":""Viet Nam"",""지역명_베트남어"":""Việt Nam"",""초본습지_면적_km"":null,""초지_면적_km"":null,""합계_km"":null,""행정단위"":""Country""}",,전국 · 토지피복 면적 — 내륙 수역 · [실적치] · FAOSTAT Land Cover · Area from CCI_LC (Flag=E),,,,B-037.xlsx,1.2_entity(레코드형),271,
B-037,"토지피복 분류별 면적[경작지, 산림, 초지, 건물, 수체, 나지]",entity,v124-b-037-entity-00269,B-037_landcover_national,VNM,,,,,,,,,토지피복 면적 — 내륙 수역,,,"{""2025_개편_후_소속_34개_체계"":""전국(개편 무관)"",""건물_인공지표_면적_km"":null,""경계_면적_km_GADM"":null,""경계_좌표_산출근거"":""전국 집계값 — 좌표·폴리곤 없음."",""경계_폴리곤_파일"":null,""경작지_면적_km"":null,""관목_면적_km"":null,""기후기술_연계_근거"":""간접 · 원천 자체 분류 — ESA WorldCover 가 토지피복 등급을 Tree cover·Cropland·Built-up 등으로 정의·배포하며, 수목 피복 면적은 탄소 흡수원의 물리적 기반, 경작지·건물 면적은 토지이용 변화의 기준이 됨. 주 기술 23(탄소 흡수원), 부 기술 35(산림·생태계 부문 기술) — 2026-08-28 발주처 지시에 따라 tech_id에 ';'로 연결해 복수 기입. [근거자료] ESA_WorldCover_10m_2021_v200_*_Map.tif (Discrete Classification, 등급 10~95) · FAOSTAT Land Cover(LC) Item=Artificial surfaces 등"",""나지_희박식생_면적_km"":null,""레코드_키"":""VNM_lc_inland_water_bodie_2007"",""맹그로브_면적_km"":null,""수목_면적_km"":null,""연도"":2007,""영구수체_면적_km"":null,""전국_값"":875.59,""전국_단위"":""1000 ha"",""전국_지표명"":""토지피복 면적 — 내륙 수역"",""지역명_로마자"":""Viet Nam"",""지역명_베트남어"":""Việt Nam"",""초본습지_면적_km"":null,""초지_면적_km"":null,""합계_km"":null,""행정단위"":""Country""}",,전국 · 토지피복 면적 — 내륙 수역 · [실적치] · FAOSTAT Land Cover · Area from CCI_LC (Flag=E),,,,B-037.xlsx,1.2_entity(레코드형),272,
B-037,"토지피복 분류별 면적[경작지, 산림, 초지, 건물, 수체, 나지]",entity,v124-b-037-entity-00270,B-037_landcover_national,VNM,,,,,,,,,토지피복 면적 — 내륙 수역,,,"{""2025_개편_후_소속_34개_체계"":""전국(개편 무관)"",""건물_인공지표_면적_km"":null,""경계_면적_km_GADM"":null,""경계_좌표_산출근거"":""전국 집계값 — 좌표·폴리곤 없음."",""경계_폴리곤_파일"":null,""경작지_면적_km"":null,""관목_면적_km"":null,""기후기술_연계_근거"":""간접 · 원천 자체 분류 — ESA WorldCover 가 토지피복 등급을 Tree cover·Cropland·Built-up 등으로 정의·배포하며, 수목 피복 면적은 탄소 흡수원의 물리적 기반, 경작지·건물 면적은 토지이용 변화의 기준이 됨. 주 기술 23(탄소 흡수원), 부 기술 35(산림·생태계 부문 기술) — 2026-08-28 발주처 지시에 따라 tech_id에 ';'로 연결해 복수 기입. [근거자료] ESA_WorldCover_10m_2021_v200_*_Map.tif (Discrete Classification, 등급 10~95) · FAOSTAT Land Cover(LC) Item=Artificial surfaces 등"",""나지_희박식생_면적_km"":null,""레코드_키"":""VNM_lc_inland_water_bodie_2008"",""맹그로브_면적_km"":null,""수목_면적_km"":null,""연도"":2008,""영구수체_면적_km"":null,""전국_값"":874.24,""전국_단위"":""1000 ha"",""전국_지표명"":""토지피복 면적 — 내륙 수역"",""지역명_로마자"":""Viet Nam"",""지역명_베트남어"":""Việt Nam"",""초본습지_면적_km"":null,""초지_면적_km"":null,""합계_km"":null,""행정단위"":""Country""}",,전국 · 토지피복 면적 — 내륙 수역 · [실적치] · FAOSTAT Land Cover · Area from CCI_LC (Flag=E),,,,B-037.xlsx,1.2_entity(레코드형),273,
B-037,"토지피복 분류별 면적[경작지, 산림, 초지, 건물, 수체, 나지]",entity,v124-b-037-entity-00271,B-037_landcover_national,VNM,,,,,,,,,토지피복 면적 — 내륙 수역,,,"{""2025_개편_후_소속_34개_체계"":""전국(개편 무관)"",""건물_인공지표_면적_km"":null,""경계_면적_km_GADM"":null,""경계_좌표_산출근거"":""전국 집계값 — 좌표·폴리곤 없음."",""경계_폴리곤_파일"":null,""경작지_면적_km"":null,""관목_면적_km"":null,""기후기술_연계_근거"":""간접 · 원천 자체 분류 — ESA WorldCover 가 토지피복 등급을 Tree cover·Cropland·Built-up 등으로 정의·배포하며, 수목 피복 면적은 탄소 흡수원의 물리적 기반, 경작지·건물 면적은 토지이용 변화의 기준이 됨. 주 기술 23(탄소 흡수원), 부 기술 35(산림·생태계 부문 기술) — 2026-08-28 발주처 지시에 따라 tech_id에 ';'로 연결해 복수 기입. [근거자료] ESA_WorldCover_10m_2021_v200_*_Map.tif (Discrete Classification, 등급 10~95) · FAOSTAT Land Cover(LC) Item=Artificial surfaces 등"",""나지_희박식생_면적_km"":null,""레코드_키"":""VNM_lc_inland_water_bodie_2009"",""맹그로브_면적_km"":null,""수목_면적_km"":null,""연도"":2009,""영구수체_면적_km"":null,""전국_값"":873.22,""전국_단위"":""1000 ha"",""전국_지표명"":""토지피복 면적 — 내륙 수역"",""지역명_로마자"":""Viet Nam"",""지역명_베트남어"":""Việt Nam"",""초본습지_면적_km"":null,""초지_면적_km"":null,""합계_km"":null,""행정단위"":""Country""}",,전국 · 토지피복 면적 — 내륙 수역 · [실적치] · FAOSTAT Land Cover · Area from CCI_LC (Flag=E),,,,B-037.xlsx,1.2_entity(레코드형),274,
B-037,"토지피복 분류별 면적[경작지, 산림, 초지, 건물, 수체, 나지]",entity,v124-b-037-entity-00272,B-037_landcover_national,VNM,,,,,,,,,토지피복 면적 — 내륙 수역,,,"{""2025_개편_후_소속_34개_체계"":""전국(개편 무관)"",""건물_인공지표_면적_km"":null,""경계_면적_km_GADM"":null,""경계_좌표_산출근거"":""전국 집계값 — 좌표·폴리곤 없음."",""경계_폴리곤_파일"":null,""경작지_면적_km"":null,""관목_면적_km"":null,""기후기술_연계_근거"":""간접 · 원천 자체 분류 — ESA WorldCover 가 토지피복 등급을 Tree cover·Cropland·Built-up 등으로 정의·배포하며, 수목 피복 면적은 탄소 흡수원의 물리적 기반, 경작지·건물 면적은 토지이용 변화의 기준이 됨. 주 기술 23(탄소 흡수원), 부 기술 35(산림·생태계 부문 기술) — 2026-08-28 발주처 지시에 따라 tech_id에 ';'로 연결해 복수 기입. [근거자료] ESA_WorldCover_10m_2021_v200_*_Map.tif (Discrete Classification, 등급 10~95) · FAOSTAT Land Cover(LC) Item=Artificial surfaces 등"",""나지_희박식생_면적_km"":null,""레코드_키"":""VNM_lc_inland_water_bodie_2010"",""맹그로브_면적_km"":null,""수목_면적_km"":null,""연도"":2010,""영구수체_면적_km"":null,""전국_값"":871.34,""전국_단위"":""1000 ha"",""전국_지표명"":""토지피복 면적 — 내륙 수역"",""지역명_로마자"":""Viet Nam"",""지역명_베트남어"":""Việt Nam"",""초본습지_면적_km"":null,""초지_면적_km"":null,""합계_km"":null,""행정단위"":""Country""}",,전국 · 토지피복 면적 — 내륙 수역 · [실적치] · FAOSTAT Land Cover · Area from CCI_LC (Flag=E),,,,B-037.xlsx,1.2_entity(레코드형),275,
B-037,"토지피복 분류별 면적[경작지, 산림, 초지, 건물, 수체, 나지]",entity,v124-b-037-entity-00273,B-037_landcover_national,VNM,,,,,,,,,토지피복 면적 — 내륙 수역,,,"{""2025_개편_후_소속_34개_체계"":""전국(개편 무관)"",""건물_인공지표_면적_km"":null,""경계_면적_km_GADM"":null,""경계_좌표_산출근거"":""전국 집계값 — 좌표·폴리곤 없음."",""경계_폴리곤_파일"":null,""경작지_면적_km"":null,""관목_면적_km"":null,""기후기술_연계_근거"":""간접 · 원천 자체 분류 — ESA WorldCover 가 토지피복 등급을 Tree cover·Cropland·Built-up 등으로 정의·배포하며, 수목 피복 면적은 탄소 흡수원의 물리적 기반, 경작지·건물 면적은 토지이용 변화의 기준이 됨. 주 기술 23(탄소 흡수원), 부 기술 35(산림·생태계 부문 기술) — 2026-08-28 발주처 지시에 따라 tech_id에 ';'로 연결해 복수 기입. [근거자료] ESA_WorldCover_10m_2021_v200_*_Map.tif (Discrete Classification, 등급 10~95) · FAOSTAT Land Cover(LC) Item=Artificial surfaces 등"",""나지_희박식생_면적_km"":null,""레코드_키"":""VNM_lc_inland_water_bodie_2011"",""맹그로브_면적_km"":null,""수목_면적_km"":null,""연도"":2011,""영구수체_면적_km"":null,""전국_값"":869.03,""전국_단위"":""1000 ha"",""전국_지표명"":""토지피복 면적 — 내륙 수역"",""지역명_로마자"":""Viet Nam"",""지역명_베트남어"":""Việt Nam"",""초본습지_면적_km"":null,""초지_면적_km"":null,""합계_km"":null,""행정단위"":""Country""}",,전국 · 토지피복 면적 — 내륙 수역 · [실적치] · FAOSTAT Land Cover · Area from CCI_LC (Flag=E),,,,B-037.xlsx,1.2_entity(레코드형),276,
B-037,"토지피복 분류별 면적[경작지, 산림, 초지, 건물, 수체, 나지]",entity,v124-b-037-entity-00274,B-037_landcover_national,VNM,,,,,,,,,토지피복 면적 — 내륙 수역,,,"{""2025_개편_후_소속_34개_체계"":""전국(개편 무관)"",""건물_인공지표_면적_km"":null,""경계_면적_km_GADM"":null,""경계_좌표_산출근거"":""전국 집계값 — 좌표·폴리곤 없음."",""경계_폴리곤_파일"":null,""경작지_면적_km"":null,""관목_면적_km"":null,""기후기술_연계_근거"":""간접 · 원천 자체 분류 — ESA WorldCover 가 토지피복 등급을 Tree cover·Cropland·Built-up 등으로 정의·배포하며, 수목 피복 면적은 탄소 흡수원의 물리적 기반, 경작지·건물 면적은 토지이용 변화의 기준이 됨. 주 기술 23(탄소 흡수원), 부 기술 35(산림·생태계 부문 기술) — 2026-08-28 발주처 지시에 따라 tech_id에 ';'로 연결해 복수 기입. [근거자료] ESA_WorldCover_10m_2021_v200_*_Map.tif (Discrete Classification, 등급 10~95) · FAOSTAT Land Cover(LC) Item=Artificial surfaces 등"",""나지_희박식생_면적_km"":null,""레코드_키"":""VNM_lc_inland_water_bodie_2012"",""맹그로브_면적_km"":null,""수목_면적_km"":null,""연도"":2012,""영구수체_면적_km"":null,""전국_값"":868.36,""전국_단위"":""1000 ha"",""전국_지표명"":""토지피복 면적 — 내륙 수역"",""지역명_로마자"":""Viet Nam"",""지역명_베트남어"":""Việt Nam"",""초본습지_면적_km"":null,""초지_면적_km"":null,""합계_km"":null,""행정단위"":""Country""}",,전국 · 토지피복 면적 — 내륙 수역 · [실적치] · FAOSTAT Land Cover · Area from CCI_LC (Flag=E),,,,B-037.xlsx,1.2_entity(레코드형),277,
B-037,"토지피복 분류별 면적[경작지, 산림, 초지, 건물, 수체, 나지]",entity,v124-b-037-entity-00275,B-037_landcover_national,VNM,,,,,,,,,토지피복 면적 — 내륙 수역,,,"{""2025_개편_후_소속_34개_체계"":""전국(개편 무관)"",""건물_인공지표_면적_km"":null,""경계_면적_km_GADM"":null,""경계_좌표_산출근거"":""전국 집계값 — 좌표·폴리곤 없음."",""경계_폴리곤_파일"":null,""경작지_면적_km"":null,""관목_면적_km"":null,""기후기술_연계_근거"":""간접 · 원천 자체 분류 — ESA WorldCover 가 토지피복 등급을 Tree cover·Cropland·Built-up 등으로 정의·배포하며, 수목 피복 면적은 탄소 흡수원의 물리적 기반, 경작지·건물 면적은 토지이용 변화의 기준이 됨. 주 기술 23(탄소 흡수원), 부 기술 35(산림·생태계 부문 기술) — 2026-08-28 발주처 지시에 따라 tech_id에 ';'로 연결해 복수 기입. [근거자료] ESA_WorldCover_10m_2021_v200_*_Map.tif (Discrete Classification, 등급 10~95) · FAOSTAT Land Cover(LC) Item=Artificial surfaces 등"",""나지_희박식생_면적_km"":null,""레코드_키"":""VNM_lc_inland_water_bodie_2013"",""맹그로브_면적_km"":null,""수목_면적_km"":null,""연도"":2013,""영구수체_면적_km"":null,""전국_값"":868.53,""전국_단위"":""1000 ha"",""전국_지표명"":""토지피복 면적 — 내륙 수역"",""지역명_로마자"":""Viet Nam"",""지역명_베트남어"":""Việt Nam"",""초본습지_면적_km"":null,""초지_면적_km"":null,""합계_km"":null,""행정단위"":""Country""}",,전국 · 토지피복 면적 — 내륙 수역 · [실적치] · FAOSTAT Land Cover · Area from CCI_LC (Flag=E),,,,B-037.xlsx,1.2_entity(레코드형),278,
B-037,"토지피복 분류별 면적[경작지, 산림, 초지, 건물, 수체, 나지]",entity,v124-b-037-entity-00276,B-037_landcover_national,VNM,,,,,,,,,토지피복 면적 — 내륙 수역,,,"{""2025_개편_후_소속_34개_체계"":""전국(개편 무관)"",""건물_인공지표_면적_km"":null,""경계_면적_km_GADM"":null,""경계_좌표_산출근거"":""전국 집계값 — 좌표·폴리곤 없음."",""경계_폴리곤_파일"":null,""경작지_면적_km"":null,""관목_면적_km"":null,""기후기술_연계_근거"":""간접 · 원천 자체 분류 — ESA WorldCover 가 토지피복 등급을 Tree cover·Cropland·Built-up 등으로 정의·배포하며, 수목 피복 면적은 탄소 흡수원의 물리적 기반, 경작지·건물 면적은 토지이용 변화의 기준이 됨. 주 기술 23(탄소 흡수원), 부 기술 35(산림·생태계 부문 기술) — 2026-08-28 발주처 지시에 따라 tech_id에 ';'로 연결해 복수 기입. [근거자료] ESA_WorldCover_10m_2021_v200_*_Map.tif (Discrete Classification, 등급 10~95) · FAOSTAT Land Cover(LC) Item=Artificial surfaces 등"",""나지_희박식생_면적_km"":null,""레코드_키"":""VNM_lc_inland_water_bodie_2014"",""맹그로브_면적_km"":null,""수목_면적_km"":null,""연도"":2014,""영구수체_면적_km"":null,""전국_값"":872.42,""전국_단위"":""1000 ha"",""전국_지표명"":""토지피복 면적 — 내륙 수역"",""지역명_로마자"":""Viet Nam"",""지역명_베트남어"":""Việt Nam"",""초본습지_면적_km"":null,""초지_면적_km"":null,""합계_km"":null,""행정단위"":""Country""}",,전국 · 토지피복 면적 — 내륙 수역 · [실적치] · FAOSTAT Land Cover · Area from CCI_LC (Flag=E),,,,B-037.xlsx,1.2_entity(레코드형),279,
B-037,"토지피복 분류별 면적[경작지, 산림, 초지, 건물, 수체, 나지]",entity,v124-b-037-entity-00277,B-037_landcover_national,VNM,,,,,,,,,토지피복 면적 — 내륙 수역,,,"{""2025_개편_후_소속_34개_체계"":""전국(개편 무관)"",""건물_인공지표_면적_km"":null,""경계_면적_km_GADM"":null,""경계_좌표_산출근거"":""전국 집계값 — 좌표·폴리곤 없음."",""경계_폴리곤_파일"":null,""경작지_면적_km"":null,""관목_면적_km"":null,""기후기술_연계_근거"":""간접 · 원천 자체 분류 — ESA WorldCover 가 토지피복 등급을 Tree cover·Cropland·Built-up 등으로 정의·배포하며, 수목 피복 면적은 탄소 흡수원의 물리적 기반, 경작지·건물 면적은 토지이용 변화의 기준이 됨. 주 기술 23(탄소 흡수원), 부 기술 35(산림·생태계 부문 기술) — 2026-08-28 발주처 지시에 따라 tech_id에 ';'로 연결해 복수 기입. [근거자료] ESA_WorldCover_10m_2021_v200_*_Map.tif (Discrete Classification, 등급 10~95) · FAOSTAT Land Cover(LC) Item=Artificial surfaces 등"",""나지_희박식생_면적_km"":null,""레코드_키"":""VNM_lc_inland_water_bodie_2015"",""맹그로브_면적_km"":null,""수목_면적_km"":null,""연도"":2015,""영구수체_면적_km"":null,""전국_값"":872.19,""전국_단위"":""1000 ha"",""전국_지표명"":""토지피복 면적 — 내륙 수역"",""지역명_로마자"":""Viet Nam"",""지역명_베트남어"":""Việt Nam"",""초본습지_면적_km"":null,""초지_면적_km"":null,""합계_km"":null,""행정단위"":""Country""}",,전국 · 토지피복 면적 — 내륙 수역 · [실적치] · FAOSTAT Land Cover · Area from CCI_LC (Flag=E),,,,B-037.xlsx,1.2_entity(레코드형),280,
B-037,"토지피복 분류별 면적[경작지, 산림, 초지, 건물, 수체, 나지]",entity,v124-b-037-entity-00278,B-037_landcover_national,VNM,,,,,,,,,토지피복 면적 — 내륙 수역,,,"{""2025_개편_후_소속_34개_체계"":""전국(개편 무관)"",""건물_인공지표_면적_km"":null,""경계_면적_km_GADM"":null,""경계_좌표_산출근거"":""전국 집계값 — 좌표·폴리곤 없음."",""경계_폴리곤_파일"":null,""경작지_면적_km"":null,""관목_면적_km"":null,""기후기술_연계_근거"":""간접 · 원천 자체 분류 — ESA WorldCover 가 토지피복 등급을 Tree cover·Cropland·Built-up 등으로 정의·배포하며, 수목 피복 면적은 탄소 흡수원의 물리적 기반, 경작지·건물 면적은 토지이용 변화의 기준이 됨. 주 기술 23(탄소 흡수원), 부 기술 35(산림·생태계 부문 기술) — 2026-08-28 발주처 지시에 따라 tech_id에 ';'로 연결해 복수 기입. [근거자료] ESA_WorldCover_10m_2021_v200_*_Map.tif (Discrete Classification, 등급 10~95) · FAOSTAT Land Cover(LC) Item=Artificial surfaces 등"",""나지_희박식생_면적_km"":null,""레코드_키"":""VNM_lc_inland_water_bodie_2016"",""맹그로브_면적_km"":null,""수목_면적_km"":null,""연도"":2016,""영구수체_면적_km"":null,""전국_값"":878.01,""전국_단위"":""1000 ha"",""전국_지표명"":""토지피복 면적 — 내륙 수역"",""지역명_로마자"":""Viet Nam"",""지역명_베트남어"":""Việt Nam"",""초본습지_면적_km"":null,""초지_면적_km"":null,""합계_km"":null,""행정단위"":""Country""}",,전국 · 토지피복 면적 — 내륙 수역 · [실적치] · FAOSTAT Land Cover · Area from CCI_LC (Flag=E),,,,B-037.xlsx,1.2_entity(레코드형),281,
B-037,"토지피복 분류별 면적[경작지, 산림, 초지, 건물, 수체, 나지]",entity,v124-b-037-entity-00279,B-037_landcover_national,VNM,,,,,,,,,토지피복 면적 — 내륙 수역,,,"{""2025_개편_후_소속_34개_체계"":""전국(개편 무관)"",""건물_인공지표_면적_km"":null,""경계_면적_km_GADM"":null,""경계_좌표_산출근거"":""전국 집계값 — 좌표·폴리곤 없음."",""경계_폴리곤_파일"":null,""경작지_면적_km"":null,""관목_면적_km"":null,""기후기술_연계_근거"":""간접 · 원천 자체 분류 — ESA WorldCover 가 토지피복 등급을 Tree cover·Cropland·Built-up 등으로 정의·배포하며, 수목 피복 면적은 탄소 흡수원의 물리적 기반, 경작지·건물 면적은 토지이용 변화의 기준이 됨. 주 기술 23(탄소 흡수원), 부 기술 35(산림·생태계 부문 기술) — 2026-08-28 발주처 지시에 따라 tech_id에 ';'로 연결해 복수 기입. [근거자료] ESA_WorldCover_10m_2021_v200_*_Map.tif (Discrete Classification, 등급 10~95) · FAOSTAT Land Cover(LC) Item=Artificial surfaces 등"",""나지_희박식생_면적_km"":null,""레코드_키"":""VNM_lc_inland_water_bodie_2017"",""맹그로브_면적_km"":null,""수목_면적_km"":null,""연도"":2017,""영구수체_면적_km"":null,""전국_값"":878.38,""전국_단위"":""1000 ha"",""전국_지표명"":""토지피복 면적 — 내륙 수역"",""지역명_로마자"":""Viet Nam"",""지역명_베트남어"":""Việt Nam"",""초본습지_면적_km"":null,""초지_면적_km"":null,""합계_km"":null,""행정단위"":""Country""}",,전국 · 토지피복 면적 — 내륙 수역 · [실적치] · FAOSTAT Land Cover · Area from CCI_LC (Flag=E),,,,B-037.xlsx,1.2_entity(레코드형),282,
B-037,"토지피복 분류별 면적[경작지, 산림, 초지, 건물, 수체, 나지]",entity,v124-b-037-entity-00280,B-037_landcover_national,VNM,,,,,,,,,토지피복 면적 — 내륙 수역,,,"{""2025_개편_후_소속_34개_체계"":""전국(개편 무관)"",""건물_인공지표_면적_km"":null,""경계_면적_km_GADM"":null,""경계_좌표_산출근거"":""전국 집계값 — 좌표·폴리곤 없음."",""경계_폴리곤_파일"":null,""경작지_면적_km"":null,""관목_면적_km"":null,""기후기술_연계_근거"":""간접 · 원천 자체 분류 — ESA WorldCover 가 토지피복 등급을 Tree cover·Cropland·Built-up 등으로 정의·배포하며, 수목 피복 면적은 탄소 흡수원의 물리적 기반, 경작지·건물 면적은 토지이용 변화의 기준이 됨. 주 기술 23(탄소 흡수원), 부 기술 35(산림·생태계 부문 기술) — 2026-08-28 발주처 지시에 따라 tech_id에 ';'로 연결해 복수 기입. [근거자료] ESA_WorldCover_10m_2021_v200_*_Map.tif (Discrete Classification, 등급 10~95) · FAOSTAT Land Cover(LC) Item=Artificial surfaces 등"",""나지_희박식생_면적_km"":null,""레코드_키"":""VNM_lc_inland_water_bodie_2018"",""맹그로브_면적_km"":null,""수목_면적_km"":null,""연도"":2018,""영구수체_면적_km"":null,""전국_값"":878.44,""전국_단위"":""1000 ha"",""전국_지표명"":""토지피복 면적 — 내륙 수역"",""지역명_로마자"":""Viet Nam"",""지역명_베트남어"":""Việt Nam"",""초본습지_면적_km"":null,""초지_면적_km"":null,""합계_km"":null,""행정단위"":""Country""}",,전국 · 토지피복 면적 — 내륙 수역 · [실적치] · FAOSTAT Land Cover · Area from CCI_LC (Flag=E),,,,B-037.xlsx,1.2_entity(레코드형),283,
B-037,"토지피복 분류별 면적[경작지, 산림, 초지, 건물, 수체, 나지]",entity,v124-b-037-entity-00281,B-037_landcover_national,VNM,,,,,,,,,토지피복 면적 — 내륙 수역,,,"{""2025_개편_후_소속_34개_체계"":""전국(개편 무관)"",""건물_인공지표_면적_km"":null,""경계_면적_km_GADM"":null,""경계_좌표_산출근거"":""전국 집계값 — 좌표·폴리곤 없음."",""경계_폴리곤_파일"":null,""경작지_면적_km"":null,""관목_면적_km"":null,""기후기술_연계_근거"":""간접 · 원천 자체 분류 — ESA WorldCover 가 토지피복 등급을 Tree cover·Cropland·Built-up 등으로 정의·배포하며, 수목 피복 면적은 탄소 흡수원의 물리적 기반, 경작지·건물 면적은 토지이용 변화의 기준이 됨. 주 기술 23(탄소 흡수원), 부 기술 35(산림·생태계 부문 기술) — 2026-08-28 발주처 지시에 따라 tech_id에 ';'로 연결해 복수 기입. [근거자료] ESA_WorldCover_10m_2021_v200_*_Map.tif (Discrete Classification, 등급 10~95) · FAOSTAT Land Cover(LC) Item=Artificial surfaces 등"",""나지_희박식생_면적_km"":null,""레코드_키"":""VNM_lc_inland_water_bodie_2019"",""맹그로브_면적_km"":null,""수목_면적_km"":null,""연도"":2019,""영구수체_면적_km"":null,""전국_값"":878.61,""전국_단위"":""1000 ha"",""전국_지표명"":""토지피복 면적 — 내륙 수역"",""지역명_로마자"":""Viet Nam"",""지역명_베트남어"":""Việt Nam"",""초본습지_면적_km"":null,""초지_면적_km"":null,""합계_km"":null,""행정단위"":""Country""}",,전국 · 토지피복 면적 — 내륙 수역 · [실적치] · FAOSTAT Land Cover · Area from CCI_LC (Flag=E),,,,B-037.xlsx,1.2_entity(레코드형),284,
B-037,"토지피복 분류별 면적[경작지, 산림, 초지, 건물, 수체, 나지]",entity,v124-b-037-entity-00282,B-037_landcover_national,VNM,,,,,,,,,토지피복 면적 — 내륙 수역,,,"{""2025_개편_후_소속_34개_체계"":""전국(개편 무관)"",""건물_인공지표_면적_km"":null,""경계_면적_km_GADM"":null,""경계_좌표_산출근거"":""전국 집계값 — 좌표·폴리곤 없음."",""경계_폴리곤_파일"":null,""경작지_면적_km"":null,""관목_면적_km"":null,""기후기술_연계_근거"":""간접 · 원천 자체 분류 — ESA WorldCover 가 토지피복 등급을 Tree cover·Cropland·Built-up 등으로 정의·배포하며, 수목 피복 면적은 탄소 흡수원의 물리적 기반, 경작지·건물 면적은 토지이용 변화의 기준이 됨. 주 기술 23(탄소 흡수원), 부 기술 35(산림·생태계 부문 기술) — 2026-08-28 발주처 지시에 따라 tech_id에 ';'로 연결해 복수 기입. [근거자료] ESA_WorldCover_10m_2021_v200_*_Map.tif (Discrete Classification, 등급 10~95) · FAOSTAT Land Cover(LC) Item=Artificial surfaces 등"",""나지_희박식생_면적_km"":null,""레코드_키"":""VNM_lc_inland_water_bodie_2020"",""맹그로브_면적_km"":null,""수목_면적_km"":null,""연도"":2020,""영구수체_면적_km"":null,""전국_값"":878.5,""전국_단위"":""1000 ha"",""전국_지표명"":""토지피복 면적 — 내륙 수역"",""지역명_로마자"":""Viet Nam"",""지역명_베트남어"":""Việt Nam"",""초본습지_면적_km"":null,""초지_면적_km"":null,""합계_km"":null,""행정단위"":""Country""}",,전국 · 토지피복 면적 — 내륙 수역 · [실적치] · FAOSTAT Land Cover · Area from CCI_LC (Flag=E),,,,B-037.xlsx,1.2_entity(레코드형),285,
B-037,"토지피복 분류별 면적[경작지, 산림, 초지, 건물, 수체, 나지]",entity,v124-b-037-entity-00283,B-037_landcover_national,VNM,,,,,,,,,토지피복 면적 — 내륙 수역,,,"{""2025_개편_후_소속_34개_체계"":""전국(개편 무관)"",""건물_인공지표_면적_km"":null,""경계_면적_km_GADM"":null,""경계_좌표_산출근거"":""전국 집계값 — 좌표·폴리곤 없음."",""경계_폴리곤_파일"":null,""경작지_면적_km"":null,""관목_면적_km"":null,""기후기술_연계_근거"":""간접 · 원천 자체 분류 — ESA WorldCover 가 토지피복 등급을 Tree cover·Cropland·Built-up 등으로 정의·배포하며, 수목 피복 면적은 탄소 흡수원의 물리적 기반, 경작지·건물 면적은 토지이용 변화의 기준이 됨. 주 기술 23(탄소 흡수원), 부 기술 35(산림·생태계 부문 기술) — 2026-08-28 발주처 지시에 따라 tech_id에 ';'로 연결해 복수 기입. [근거자료] ESA_WorldCover_10m_2021_v200_*_Map.tif (Discrete Classification, 등급 10~95) · FAOSTAT Land Cover(LC) Item=Artificial surfaces 등"",""나지_희박식생_면적_km"":null,""레코드_키"":""VNM_lc_inland_water_bodie_2021"",""맹그로브_면적_km"":null,""수목_면적_km"":null,""연도"":2021,""영구수체_면적_km"":null,""전국_값"":878.3,""전국_단위"":""1000 ha"",""전국_지표명"":""토지피복 면적 — 내륙 수역"",""지역명_로마자"":""Viet Nam"",""지역명_베트남어"":""Việt Nam"",""초본습지_면적_km"":null,""초지_면적_km"":null,""합계_km"":null,""행정단위"":""Country""}",,전국 · 토지피복 면적 — 내륙 수역 · [실적치] · FAOSTAT Land Cover · Area from CCI_LC (Flag=E),,,,B-037.xlsx,1.2_entity(레코드형),286,
B-037,"토지피복 분류별 면적[경작지, 산림, 초지, 건물, 수체, 나지]",entity,v124-b-037-entity-00284,B-037_landcover_national,VNM,,,,,,,,,토지피복 면적 — 내륙 수역,,,"{""2025_개편_후_소속_34개_체계"":""전국(개편 무관)"",""건물_인공지표_면적_km"":null,""경계_면적_km_GADM"":null,""경계_좌표_산출근거"":""전국 집계값 — 좌표·폴리곤 없음."",""경계_폴리곤_파일"":null,""경작지_면적_km"":null,""관목_면적_km"":null,""기후기술_연계_근거"":""간접 · 원천 자체 분류 — ESA WorldCover 가 토지피복 등급을 Tree cover·Cropland·Built-up 등으로 정의·배포하며, 수목 피복 면적은 탄소 흡수원의 물리적 기반, 경작지·건물 면적은 토지이용 변화의 기준이 됨. 주 기술 23(탄소 흡수원), 부 기술 35(산림·생태계 부문 기술) — 2026-08-28 발주처 지시에 따라 tech_id에 ';'로 연결해 복수 기입. [근거자료] ESA_WorldCover_10m_2021_v200_*_Map.tif (Discrete Classification, 등급 10~95) · FAOSTAT Land Cover(LC) Item=Artificial surfaces 등"",""나지_희박식생_면적_km"":null,""레코드_키"":""VNM_lc_inland_water_bodie_2022"",""맹그로브_면적_km"":null,""수목_면적_km"":null,""연도"":2022,""영구수체_면적_km"":null,""전국_값"":878.12,""전국_단위"":""1000 ha"",""전국_지표명"":""토지피복 면적 — 내륙 수역"",""지역명_로마자"":""Viet Nam"",""지역명_베트남어"":""Việt Nam"",""초본습지_면적_km"":null,""초지_면적_km"":null,""합계_km"":null,""행정단위"":""Country""}",,전국 · 토지피복 면적 — 내륙 수역 · [실적치] · FAOSTAT Land Cover · Area from CCI_LC (Flag=E),,,,B-037.xlsx,1.2_entity(레코드형),287,
B-037,"토지피복 분류별 면적[경작지, 산림, 초지, 건물, 수체, 나지]",entity,v124-b-037-entity-00285,B-037_landcover_national,VNM,,,,,,,,,토지피복 면적(CGLS) — 내륙 수역,,,"{""2025_개편_후_소속_34개_체계"":""전국(개편 무관)"",""건물_인공지표_면적_km"":null,""경계_면적_km_GADM"":null,""경계_좌표_산출근거"":""전국 집계값 — 좌표·폴리곤 없음."",""경계_폴리곤_파일"":null,""경작지_면적_km"":null,""관목_면적_km"":null,""기후기술_연계_근거"":""간접 · 원천 자체 분류 — ESA WorldCover 가 토지피복 등급을 Tree cover·Cropland·Built-up 등으로 정의·배포하며, 수목 피복 면적은 탄소 흡수원의 물리적 기반, 경작지·건물 면적은 토지이용 변화의 기준이 됨. 주 기술 23(탄소 흡수원), 부 기술 35(산림·생태계 부문 기술) — 2026-08-28 발주처 지시에 따라 tech_id에 ';'로 연결해 복수 기입. [근거자료] ESA_WorldCover_10m_2021_v200_*_Map.tif (Discrete Classification, 등급 10~95) · FAOSTAT Land Cover(LC) Item=Artificial surfaces 등"",""나지_희박식생_면적_km"":null,""레코드_키"":""VNM_lc_inland_water_bodie_cgls_2015"",""맹그로브_면적_km"":null,""수목_면적_km"":null,""연도"":2015,""영구수체_면적_km"":null,""전국_값"":456.3,""전국_단위"":""1000 ha"",""전국_지표명"":""토지피복 면적(CGLS) — 내륙 수역"",""지역명_로마자"":""Viet Nam"",""지역명_베트남어"":""Việt Nam"",""초본습지_면적_km"":null,""초지_면적_km"":null,""합계_km"":null,""행정단위"":""Country""}",,전국 · 토지피복 면적(CGLS) — 내륙 수역 · [실적치] · FAOSTAT Land Cover · Area from CGLS (Flag=E),,,,B-037.xlsx,1.2_entity(레코드형),288,
B-037,"토지피복 분류별 면적[경작지, 산림, 초지, 건물, 수체, 나지]",entity,v124-b-037-entity-00286,B-037_landcover_national,VNM,,,,,,,,,토지피복 면적(CGLS) — 내륙 수역,,,"{""2025_개편_후_소속_34개_체계"":""전국(개편 무관)"",""건물_인공지표_면적_km"":null,""경계_면적_km_GADM"":null,""경계_좌표_산출근거"":""전국 집계값 — 좌표·폴리곤 없음."",""경계_폴리곤_파일"":null,""경작지_면적_km"":null,""관목_면적_km"":null,""기후기술_연계_근거"":""간접 · 원천 자체 분류 — ESA WorldCover 가 토지피복 등급을 Tree cover·Cropland·Built-up 등으로 정의·배포하며, 수목 피복 면적은 탄소 흡수원의 물리적 기반, 경작지·건물 면적은 토지이용 변화의 기준이 됨. 주 기술 23(탄소 흡수원), 부 기술 35(산림·생태계 부문 기술) — 2026-08-28 발주처 지시에 따라 tech_id에 ';'로 연결해 복수 기입. [근거자료] ESA_WorldCover_10m_2021_v200_*_Map.tif (Discrete Classification, 등급 10~95) · FAOSTAT Land Cover(LC) Item=Artificial surfaces 등"",""나지_희박식생_면적_km"":null,""레코드_키"":""VNM_lc_inland_water_bodie_cgls_2016"",""맹그로브_면적_km"":null,""수목_면적_km"":null,""연도"":2016,""영구수체_면적_km"":null,""전국_값"":478.66,""전국_단위"":""1000 ha"",""전국_지표명"":""토지피복 면적(CGLS) — 내륙 수역"",""지역명_로마자"":""Viet Nam"",""지역명_베트남어"":""Việt Nam"",""초본습지_면적_km"":null,""초지_면적_km"":null,""합계_km"":null,""행정단위"":""Country""}",,전국 · 토지피복 면적(CGLS) — 내륙 수역 · [실적치] · FAOSTAT Land Cover · Area from CGLS (Flag=E),,,,B-037.xlsx,1.2_entity(레코드형),289,
B-037,"토지피복 분류별 면적[경작지, 산림, 초지, 건물, 수체, 나지]",entity,v124-b-037-entity-00287,B-037_landcover_national,VNM,,,,,,,,,토지피복 면적(CGLS) — 내륙 수역,,,"{""2025_개편_후_소속_34개_체계"":""전국(개편 무관)"",""건물_인공지표_면적_km"":null,""경계_면적_km_GADM"":null,""경계_좌표_산출근거"":""전국 집계값 — 좌표·폴리곤 없음."",""경계_폴리곤_파일"":null,""경작지_면적_km"":null,""관목_면적_km"":null,""기후기술_연계_근거"":""간접 · 원천 자체 분류 — ESA WorldCover 가 토지피복 등급을 Tree cover·Cropland·Built-up 등으로 정의·배포하며, 수목 피복 면적은 탄소 흡수원의 물리적 기반, 경작지·건물 면적은 토지이용 변화의 기준이 됨. 주 기술 23(탄소 흡수원), 부 기술 35(산림·생태계 부문 기술) — 2026-08-28 발주처 지시에 따라 tech_id에 ';'로 연결해 복수 기입. [근거자료] ESA_WorldCover_10m_2021_v200_*_Map.tif (Discrete Classification, 등급 10~95) · FAOSTAT Land Cover(LC) Item=Artificial surfaces 등"",""나지_희박식생_면적_km"":null,""레코드_키"":""VNM_lc_inland_water_bodie_cgls_2017"",""맹그로브_면적_km"":null,""수목_면적_km"":null,""연도"":2017,""영구수체_면적_km"":null,""전국_값"":506.59,""전국_단위"":""1000 ha"",""전국_지표명"":""토지피복 면적(CGLS) — 내륙 수역"",""지역명_로마자"":""Viet Nam"",""지역명_베트남어"":""Việt Nam"",""초본습지_면적_km"":null,""초지_면적_km"":null,""합계_km"":null,""행정단위"":""Country""}",,전국 · 토지피복 면적(CGLS) — 내륙 수역 · [실적치] · FAOSTAT Land Cover · Area from CGLS (Flag=E),,,,B-037.xlsx,1.2_entity(레코드형),290,
B-037,"토지피복 분류별 면적[경작지, 산림, 초지, 건물, 수체, 나지]",entity,v124-b-037-entity-00288,B-037_landcover_national,VNM,,,,,,,,,토지피복 면적(CGLS) — 내륙 수역,,,"{""2025_개편_후_소속_34개_체계"":""전국(개편 무관)"",""건물_인공지표_면적_km"":null,""경계_면적_km_GADM"":null,""경계_좌표_산출근거"":""전국 집계값 — 좌표·폴리곤 없음."",""경계_폴리곤_파일"":null,""경작지_면적_km"":null,""관목_면적_km"":null,""기후기술_연계_근거"":""간접 · 원천 자체 분류 — ESA WorldCover 가 토지피복 등급을 Tree cover·Cropland·Built-up 등으로 정의·배포하며, 수목 피복 면적은 탄소 흡수원의 물리적 기반, 경작지·건물 면적은 토지이용 변화의 기준이 됨. 주 기술 23(탄소 흡수원), 부 기술 35(산림·생태계 부문 기술) — 2026-08-28 발주처 지시에 따라 tech_id에 ';'로 연결해 복수 기입. [근거자료] ESA_WorldCover_10m_2021_v200_*_Map.tif (Discrete Classification, 등급 10~95) · FAOSTAT Land Cover(LC) Item=Artificial surfaces 등"",""나지_희박식생_면적_km"":null,""레코드_키"":""VNM_lc_inland_water_bodie_cgls_2018"",""맹그로브_면적_km"":null,""수목_면적_km"":null,""연도"":2018,""영구수체_면적_km"":null,""전국_값"":507.94,""전국_단위"":""1000 ha"",""전국_지표명"":""토지피복 면적(CGLS) — 내륙 수역"",""지역명_로마자"":""Viet Nam"",""지역명_베트남어"":""Việt Nam"",""초본습지_면적_km"":null,""초지_면적_km"":null,""합계_km"":null,""행정단위"":""Country""}",,전국 · 토지피복 면적(CGLS) — 내륙 수역 · [실적치] · FAOSTAT Land Cover · Area from CGLS (Flag=E),,,,B-037.xlsx,1.2_entity(레코드형),291,
B-037,"토지피복 분류별 면적[경작지, 산림, 초지, 건물, 수체, 나지]",entity,v124-b-037-entity-00289,B-037_landcover_national,VNM,,,,,,,,,토지피복 면적(CGLS) — 내륙 수역,,,"{""2025_개편_후_소속_34개_체계"":""전국(개편 무관)"",""건물_인공지표_면적_km"":null,""경계_면적_km_GADM"":null,""경계_좌표_산출근거"":""전국 집계값 — 좌표·폴리곤 없음."",""경계_폴리곤_파일"":null,""경작지_면적_km"":null,""관목_면적_km"":null,""기후기술_연계_근거"":""간접 · 원천 자체 분류 — ESA WorldCover 가 토지피복 등급을 Tree cover·Cropland·Built-up 등으로 정의·배포하며, 수목 피복 면적은 탄소 흡수원의 물리적 기반, 경작지·건물 면적은 토지이용 변화의 기준이 됨. 주 기술 23(탄소 흡수원), 부 기술 35(산림·생태계 부문 기술) — 2026-08-28 발주처 지시에 따라 tech_id에 ';'로 연결해 복수 기입. [근거자료] ESA_WorldCover_10m_2021_v200_*_Map.tif (Discrete Classification, 등급 10~95) · FAOSTAT Land Cover(LC) Item=Artificial surfaces 등"",""나지_희박식생_면적_km"":null,""레코드_키"":""VNM_lc_inland_water_bodie_cgls_2019"",""맹그로브_면적_km"":null,""수목_면적_km"":null,""연도"":2019,""영구수체_면적_km"":null,""전국_값"":506.06,""전국_단위"":""1000 ha"",""전국_지표명"":""토지피복 면적(CGLS) — 내륙 수역"",""지역명_로마자"":""Viet Nam"",""지역명_베트남어"":""Việt Nam"",""초본습지_면적_km"":null,""초지_면적_km"":null,""합계_km"":null,""행정단위"":""Country""}",,전국 · 토지피복 면적(CGLS) — 내륙 수역 · [실적치] · FAOSTAT Land Cover · Area from CGLS (Flag=E),,,,B-037.xlsx,1.2_entity(레코드형),292,
B-037,"토지피복 분류별 면적[경작지, 산림, 초지, 건물, 수체, 나지]",entity,v124-b-037-entity-00290,B-037_landcover_national,VNM,,,,,,,,,토지피복 면적(MODIS) — 내륙 수역,,,"{""2025_개편_후_소속_34개_체계"":""전국(개편 무관)"",""건물_인공지표_면적_km"":null,""경계_면적_km_GADM"":null,""경계_좌표_산출근거"":""전국 집계값 — 좌표·폴리곤 없음."",""경계_폴리곤_파일"":null,""경작지_면적_km"":null,""관목_면적_km"":null,""기후기술_연계_근거"":""간접 · 원천 자체 분류 — ESA WorldCover 가 토지피복 등급을 Tree cover·Cropland·Built-up 등으로 정의·배포하며, 수목 피복 면적은 탄소 흡수원의 물리적 기반, 경작지·건물 면적은 토지이용 변화의 기준이 됨. 주 기술 23(탄소 흡수원), 부 기술 35(산림·생태계 부문 기술) — 2026-08-28 발주처 지시에 따라 tech_id에 ';'로 연결해 복수 기입. [근거자료] ESA_WorldCover_10m_2021_v200_*_Map.tif (Discrete Classification, 등급 10~95) · FAOSTAT Land Cover(LC) Item=Artificial surfaces 등"",""나지_희박식생_면적_km"":null,""레코드_키"":""VNM_lc_inland_water_bodie_modis_2001"",""맹그로브_면적_km"":null,""수목_면적_km"":null,""연도"":2001,""영구수체_면적_km"":null,""전국_값"":450.75,""전국_단위"":""1000 ha"",""전국_지표명"":""토지피복 면적(MODIS) — 내륙 수역"",""지역명_로마자"":""Viet Nam"",""지역명_베트남어"":""Việt Nam"",""초본습지_면적_km"":null,""초지_면적_km"":null,""합계_km"":null,""행정단위"":""Country""}",,전국 · 토지피복 면적(MODIS) — 내륙 수역 · [실적치] · FAOSTAT Land Cover · Area from MODIS (Flag=E),,,,B-037.xlsx,1.2_entity(레코드형),293,
B-037,"토지피복 분류별 면적[경작지, 산림, 초지, 건물, 수체, 나지]",entity,v124-b-037-entity-00291,B-037_landcover_national,VNM,,,,,,,,,토지피복 면적(MODIS) — 내륙 수역,,,"{""2025_개편_후_소속_34개_체계"":""전국(개편 무관)"",""건물_인공지표_면적_km"":null,""경계_면적_km_GADM"":null,""경계_좌표_산출근거"":""전국 집계값 — 좌표·폴리곤 없음."",""경계_폴리곤_파일"":null,""경작지_면적_km"":null,""관목_면적_km"":null,""기후기술_연계_근거"":""간접 · 원천 자체 분류 — ESA WorldCover 가 토지피복 등급을 Tree cover·Cropland·Built-up 등으로 정의·배포하며, 수목 피복 면적은 탄소 흡수원의 물리적 기반, 경작지·건물 면적은 토지이용 변화의 기준이 됨. 주 기술 23(탄소 흡수원), 부 기술 35(산림·생태계 부문 기술) — 2026-08-28 발주처 지시에 따라 tech_id에 ';'로 연결해 복수 기입. [근거자료] ESA_WorldCover_10m_2021_v200_*_Map.tif (Discrete Classification, 등급 10~95) · FAOSTAT Land Cover(LC) Item=Artificial surfaces 등"",""나지_희박식생_면적_km"":null,""레코드_키"":""VNM_lc_inland_water_bodie_modis_2002"",""맹그로브_면적_km"":null,""수목_면적_km"":null,""연도"":2002,""영구수체_면적_km"":null,""전국_값"":452.23,""전국_단위"":""1000 ha"",""전국_지표명"":""토지피복 면적(MODIS) — 내륙 수역"",""지역명_로마자"":""Viet Nam"",""지역명_베트남어"":""Việt Nam"",""초본습지_면적_km"":null,""초지_면적_km"":null,""합계_km"":null,""행정단위"":""Country""}",,전국 · 토지피복 면적(MODIS) — 내륙 수역 · [실적치] · FAOSTAT Land Cover · Area from MODIS (Flag=E),,,,B-037.xlsx,1.2_entity(레코드형),294,
B-037,"토지피복 분류별 면적[경작지, 산림, 초지, 건물, 수체, 나지]",entity,v124-b-037-entity-00292,B-037_landcover_national,VNM,,,,,,,,,토지피복 면적(MODIS) — 내륙 수역,,,"{""2025_개편_후_소속_34개_체계"":""전국(개편 무관)"",""건물_인공지표_면적_km"":null,""경계_면적_km_GADM"":null,""경계_좌표_산출근거"":""전국 집계값 — 좌표·폴리곤 없음."",""경계_폴리곤_파일"":null,""경작지_면적_km"":null,""관목_면적_km"":null,""기후기술_연계_근거"":""간접 · 원천 자체 분류 — ESA WorldCover 가 토지피복 등급을 Tree cover·Cropland·Built-up 등으로 정의·배포하며, 수목 피복 면적은 탄소 흡수원의 물리적 기반, 경작지·건물 면적은 토지이용 변화의 기준이 됨. 주 기술 23(탄소 흡수원), 부 기술 35(산림·생태계 부문 기술) — 2026-08-28 발주처 지시에 따라 tech_id에 ';'로 연결해 복수 기입. [근거자료] ESA_WorldCover_10m_2021_v200_*_Map.tif (Discrete Classification, 등급 10~95) · FAOSTAT Land Cover(LC) Item=Artificial surfaces 등"",""나지_희박식생_면적_km"":null,""레코드_키"":""VNM_lc_inland_water_bodie_modis_2003"",""맹그로브_면적_km"":null,""수목_면적_km"":null,""연도"":2003,""영구수체_면적_km"":null,""전국_값"":452.72,""전국_단위"":""1000 ha"",""전국_지표명"":""토지피복 면적(MODIS) — 내륙 수역"",""지역명_로마자"":""Viet Nam"",""지역명_베트남어"":""Việt Nam"",""초본습지_면적_km"":null,""초지_면적_km"":null,""합계_km"":null,""행정단위"":""Country""}",,전국 · 토지피복 면적(MODIS) — 내륙 수역 · [실적치] · FAOSTAT Land Cover · Area from MODIS (Flag=E),,,,B-037.xlsx,1.2_entity(레코드형),295,
B-037,"토지피복 분류별 면적[경작지, 산림, 초지, 건물, 수체, 나지]",entity,v124-b-037-entity-00293,B-037_landcover_national,VNM,,,,,,,,,토지피복 면적(MODIS) — 내륙 수역,,,"{""2025_개편_후_소속_34개_체계"":""전국(개편 무관)"",""건물_인공지표_면적_km"":null,""경계_면적_km_GADM"":null,""경계_좌표_산출근거"":""전국 집계값 — 좌표·폴리곤 없음."",""경계_폴리곤_파일"":null,""경작지_면적_km"":null,""관목_면적_km"":null,""기후기술_연계_근거"":""간접 · 원천 자체 분류 — ESA WorldCover 가 토지피복 등급을 Tree cover·Cropland·Built-up 등으로 정의·배포하며, 수목 피복 면적은 탄소 흡수원의 물리적 기반, 경작지·건물 면적은 토지이용 변화의 기준이 됨. 주 기술 23(탄소 흡수원), 부 기술 35(산림·생태계 부문 기술) — 2026-08-28 발주처 지시에 따라 tech_id에 ';'로 연결해 복수 기입. [근거자료] ESA_WorldCover_10m_2021_v200_*_Map.tif (Discrete Classification, 등급 10~95) · FAOSTAT Land Cover(LC) Item=Artificial surfaces 등"",""나지_희박식생_면적_km"":null,""레코드_키"":""VNM_lc_inland_water_bodie_modis_2004"",""맹그로브_면적_km"":null,""수목_면적_km"":null,""연도"":2004,""영구수체_면적_km"":null,""전국_값"":451.24,""전국_단위"":""1000 ha"",""전국_지표명"":""토지피복 면적(MODIS) — 내륙 수역"",""지역명_로마자"":""Viet Nam"",""지역명_베트남어"":""Việt Nam"",""초본습지_면적_km"":null,""초지_면적_km"":null,""합계_km"":null,""행정단위"":""Country""}",,전국 · 토지피복 면적(MODIS) — 내륙 수역 · [실적치] · FAOSTAT Land Cover · Area from MODIS (Flag=E),,,,B-037.xlsx,1.2_entity(레코드형),296,
B-037,"토지피복 분류별 면적[경작지, 산림, 초지, 건물, 수체, 나지]",entity,v124-b-037-entity-00294,B-037_landcover_national,VNM,,,,,,,,,토지피복 면적(MODIS) — 내륙 수역,,,"{""2025_개편_후_소속_34개_체계"":""전국(개편 무관)"",""건물_인공지표_면적_km"":null,""경계_면적_km_GADM"":null,""경계_좌표_산출근거"":""전국 집계값 — 좌표·폴리곤 없음."",""경계_폴리곤_파일"":null,""경작지_면적_km"":null,""관목_면적_km"":null,""기후기술_연계_근거"":""간접 · 원천 자체 분류 — ESA WorldCover 가 토지피복 등급을 Tree cover·Cropland·Built-up 등으로 정의·배포하며, 수목 피복 면적은 탄소 흡수원의 물리적 기반, 경작지·건물 면적은 토지이용 변화의 기준이 됨. 주 기술 23(탄소 흡수원), 부 기술 35(산림·생태계 부문 기술) — 2026-08-28 발주처 지시에 따라 tech_id에 ';'로 연결해 복수 기입. [근거자료] ESA_WorldCover_10m_2021_v200_*_Map.tif (Discrete Classification, 등급 10~95) · FAOSTAT Land Cover(LC) Item=Artificial surfaces 등"",""나지_희박식생_면적_km"":null,""레코드_키"":""VNM_lc_inland_water_bodie_modis_2005"",""맹그로브_면적_km"":null,""수목_면적_km"":null,""연도"":2005,""영구수체_면적_km"":null,""전국_값"":452.12,""전국_단위"":""1000 ha"",""전국_지표명"":""토지피복 면적(MODIS) — 내륙 수역"",""지역명_로마자"":""Viet Nam"",""지역명_베트남어"":""Việt Nam"",""초본습지_면적_km"":null,""초지_면적_km"":null,""합계_km"":null,""행정단위"":""Country""}",,전국 · 토지피복 면적(MODIS) — 내륙 수역 · [실적치] · FAOSTAT Land Cover · Area from MODIS (Flag=E),,,,B-037.xlsx,1.2_entity(레코드형),297,
B-037,"토지피복 분류별 면적[경작지, 산림, 초지, 건물, 수체, 나지]",entity,v124-b-037-entity-00295,B-037_landcover_national,VNM,,,,,,,,,토지피복 면적(MODIS) — 내륙 수역,,,"{""2025_개편_후_소속_34개_체계"":""전국(개편 무관)"",""건물_인공지표_면적_km"":null,""경계_면적_km_GADM"":null,""경계_좌표_산출근거"":""전국 집계값 — 좌표·폴리곤 없음."",""경계_폴리곤_파일"":null,""경작지_면적_km"":null,""관목_면적_km"":null,""기후기술_연계_근거"":""간접 · 원천 자체 분류 — ESA WorldCover 가 토지피복 등급을 Tree cover·Cropland·Built-up 등으로 정의·배포하며, 수목 피복 면적은 탄소 흡수원의 물리적 기반, 경작지·건물 면적은 토지이용 변화의 기준이 됨. 주 기술 23(탄소 흡수원), 부 기술 35(산림·생태계 부문 기술) — 2026-08-28 발주처 지시에 따라 tech_id에 ';'로 연결해 복수 기입. [근거자료] ESA_WorldCover_10m_2021_v200_*_Map.tif (Discrete Classification, 등급 10~95) · FAOSTAT Land Cover(LC) Item=Artificial surfaces 등"",""나지_희박식생_면적_km"":null,""레코드_키"":""VNM_lc_inland_water_bodie_modis_2006"",""맹그로브_면적_km"":null,""수목_면적_km"":null,""연도"":2006,""영구수체_면적_km"":null,""전국_값"":452.7,""전국_단위"":""1000 ha"",""전국_지표명"":""토지피복 면적(MODIS) — 내륙 수역"",""지역명_로마자"":""Viet Nam"",""지역명_베트남어"":""Việt Nam"",""초본습지_면적_km"":null,""초지_면적_km"":null,""합계_km"":null,""행정단위"":""Country""}",,전국 · 토지피복 면적(MODIS) — 내륙 수역 · [실적치] · FAOSTAT Land Cover · Area from MODIS (Flag=E),,,,B-037.xlsx,1.2_entity(레코드형),298,
B-037,"토지피복 분류별 면적[경작지, 산림, 초지, 건물, 수체, 나지]",entity,v124-b-037-entity-00296,B-037_landcover_national,VNM,,,,,,,,,토지피복 면적(MODIS) — 내륙 수역,,,"{""2025_개편_후_소속_34개_체계"":""전국(개편 무관)"",""건물_인공지표_면적_km"":null,""경계_면적_km_GADM"":null,""경계_좌표_산출근거"":""전국 집계값 — 좌표·폴리곤 없음."",""경계_폴리곤_파일"":null,""경작지_면적_km"":null,""관목_면적_km"":null,""기후기술_연계_근거"":""간접 · 원천 자체 분류 — ESA WorldCover 가 토지피복 등급을 Tree cover·Cropland·Built-up 등으로 정의·배포하며, 수목 피복 면적은 탄소 흡수원의 물리적 기반, 경작지·건물 면적은 토지이용 변화의 기준이 됨. 주 기술 23(탄소 흡수원), 부 기술 35(산림·생태계 부문 기술) — 2026-08-28 발주처 지시에 따라 tech_id에 ';'로 연결해 복수 기입. [근거자료] ESA_WorldCover_10m_2021_v200_*_Map.tif (Discrete Classification, 등급 10~95) · FAOSTAT Land Cover(LC) Item=Artificial surfaces 등"",""나지_희박식생_면적_km"":null,""레코드_키"":""VNM_lc_inland_water_bodie_modis_2007"",""맹그로브_면적_km"":null,""수목_면적_km"":null,""연도"":2007,""영구수체_면적_km"":null,""전국_값"":452.23,""전국_단위"":""1000 ha"",""전국_지표명"":""토지피복 면적(MODIS) — 내륙 수역"",""지역명_로마자"":""Viet Nam"",""지역명_베트남어"":""Việt Nam"",""초본습지_면적_km"":null,""초지_면적_km"":null,""합계_km"":null,""행정단위"":""Country""}",,전국 · 토지피복 면적(MODIS) — 내륙 수역 · [실적치] · FAOSTAT Land Cover · Area from MODIS (Flag=E),,,,B-037.xlsx,1.2_entity(레코드형),299,
B-037,"토지피복 분류별 면적[경작지, 산림, 초지, 건물, 수체, 나지]",entity,v124-b-037-entity-00297,B-037_landcover_national,VNM,,,,,,,,,토지피복 면적(MODIS) — 내륙 수역,,,"{""2025_개편_후_소속_34개_체계"":""전국(개편 무관)"",""건물_인공지표_면적_km"":null,""경계_면적_km_GADM"":null,""경계_좌표_산출근거"":""전국 집계값 — 좌표·폴리곤 없음."",""경계_폴리곤_파일"":null,""경작지_면적_km"":null,""관목_면적_km"":null,""기후기술_연계_근거"":""간접 · 원천 자체 분류 — ESA WorldCover 가 토지피복 등급을 Tree cover·Cropland·Built-up 등으로 정의·배포하며, 수목 피복 면적은 탄소 흡수원의 물리적 기반, 경작지·건물 면적은 토지이용 변화의 기준이 됨. 주 기술 23(탄소 흡수원), 부 기술 35(산림·생태계 부문 기술) — 2026-08-28 발주처 지시에 따라 tech_id에 ';'로 연결해 복수 기입. [근거자료] ESA_WorldCover_10m_2021_v200_*_Map.tif (Discrete Classification, 등급 10~95) · FAOSTAT Land Cover(LC) Item=Artificial surfaces 등"",""나지_희박식생_면적_km"":null,""레코드_키"":""VNM_lc_inland_water_bodie_modis_2008"",""맹그로브_면적_km"":null,""수목_면적_km"":null,""연도"":2008,""영구수체_면적_km"":null,""전국_값"":452.78,""전국_단위"":""1000 ha"",""전국_지표명"":""토지피복 면적(MODIS) — 내륙 수역"",""지역명_로마자"":""Viet Nam"",""지역명_베트남어"":""Việt Nam"",""초본습지_면적_km"":null,""초지_면적_km"":null,""합계_km"":null,""행정단위"":""Country""}",,전국 · 토지피복 면적(MODIS) — 내륙 수역 · [실적치] · FAOSTAT Land Cover · Area from MODIS (Flag=E),,,,B-037.xlsx,1.2_entity(레코드형),300,
B-037,"토지피복 분류별 면적[경작지, 산림, 초지, 건물, 수체, 나지]",entity,v124-b-037-entity-00298,B-037_landcover_national,VNM,,,,,,,,,토지피복 면적(MODIS) — 내륙 수역,,,"{""2025_개편_후_소속_34개_체계"":""전국(개편 무관)"",""건물_인공지표_면적_km"":null,""경계_면적_km_GADM"":null,""경계_좌표_산출근거"":""전국 집계값 — 좌표·폴리곤 없음."",""경계_폴리곤_파일"":null,""경작지_면적_km"":null,""관목_면적_km"":null,""기후기술_연계_근거"":""간접 · 원천 자체 분류 — ESA WorldCover 가 토지피복 등급을 Tree cover·Cropland·Built-up 등으로 정의·배포하며, 수목 피복 면적은 탄소 흡수원의 물리적 기반, 경작지·건물 면적은 토지이용 변화의 기준이 됨. 주 기술 23(탄소 흡수원), 부 기술 35(산림·생태계 부문 기술) — 2026-08-28 발주처 지시에 따라 tech_id에 ';'로 연결해 복수 기입. [근거자료] ESA_WorldCover_10m_2021_v200_*_Map.tif (Discrete Classification, 등급 10~95) · FAOSTAT Land Cover(LC) Item=Artificial surfaces 등"",""나지_희박식생_면적_km"":null,""레코드_키"":""VNM_lc_inland_water_bodie_modis_2009"",""맹그로브_면적_km"":null,""수목_면적_km"":null,""연도"":2009,""영구수체_면적_km"":null,""전국_값"":453.94,""전국_단위"":""1000 ha"",""전국_지표명"":""토지피복 면적(MODIS) — 내륙 수역"",""지역명_로마자"":""Viet Nam"",""지역명_베트남어"":""Việt Nam"",""초본습지_면적_km"":null,""초지_면적_km"":null,""합계_km"":null,""행정단위"":""Country""}",,전국 · 토지피복 면적(MODIS) — 내륙 수역 · [실적치] · FAOSTAT Land Cover · Area from MODIS (Flag=E),,,,B-037.xlsx,1.2_entity(레코드형),301,
B-037,"토지피복 분류별 면적[경작지, 산림, 초지, 건물, 수체, 나지]",entity,v124-b-037-entity-00299,B-037_landcover_national,VNM,,,,,,,,,토지피복 면적(MODIS) — 내륙 수역,,,"{""2025_개편_후_소속_34개_체계"":""전국(개편 무관)"",""건물_인공지표_면적_km"":null,""경계_면적_km_GADM"":null,""경계_좌표_산출근거"":""전국 집계값 — 좌표·폴리곤 없음."",""경계_폴리곤_파일"":null,""경작지_면적_km"":null,""관목_면적_km"":null,""기후기술_연계_근거"":""간접 · 원천 자체 분류 — ESA WorldCover 가 토지피복 등급을 Tree cover·Cropland·Built-up 등으로 정의·배포하며, 수목 피복 면적은 탄소 흡수원의 물리적 기반, 경작지·건물 면적은 토지이용 변화의 기준이 됨. 주 기술 23(탄소 흡수원), 부 기술 35(산림·생태계 부문 기술) — 2026-08-28 발주처 지시에 따라 tech_id에 ';'로 연결해 복수 기입. [근거자료] ESA_WorldCover_10m_2021_v200_*_Map.tif (Discrete Classification, 등급 10~95) · FAOSTAT Land Cover(LC) Item=Artificial surfaces 등"",""나지_희박식생_면적_km"":null,""레코드_키"":""VNM_lc_inland_water_bodie_modis_2010"",""맹그로브_면적_km"":null,""수목_면적_km"":null,""연도"":2010,""영구수체_면적_km"":null,""전국_값"":452.65,""전국_단위"":""1000 ha"",""전국_지표명"":""토지피복 면적(MODIS) — 내륙 수역"",""지역명_로마자"":""Viet Nam"",""지역명_베트남어"":""Việt Nam"",""초본습지_면적_km"":null,""초지_면적_km"":null,""합계_km"":null,""행정단위"":""Country""}",,전국 · 토지피복 면적(MODIS) — 내륙 수역 · [실적치] · FAOSTAT Land Cover · Area from MODIS (Flag=E),,,,B-037.xlsx,1.2_entity(레코드형),302,
B-037,"토지피복 분류별 면적[경작지, 산림, 초지, 건물, 수체, 나지]",entity,v124-b-037-entity-00300,B-037_landcover_national,VNM,,,,,,,,,토지피복 면적(MODIS) — 내륙 수역,,,"{""2025_개편_후_소속_34개_체계"":""전국(개편 무관)"",""건물_인공지표_면적_km"":null,""경계_면적_km_GADM"":null,""경계_좌표_산출근거"":""전국 집계값 — 좌표·폴리곤 없음."",""경계_폴리곤_파일"":null,""경작지_면적_km"":null,""관목_면적_km"":null,""기후기술_연계_근거"":""간접 · 원천 자체 분류 — ESA WorldCover 가 토지피복 등급을 Tree cover·Cropland·Built-up 등으로 정의·배포하며, 수목 피복 면적은 탄소 흡수원의 물리적 기반, 경작지·건물 면적은 토지이용 변화의 기준이 됨. 주 기술 23(탄소 흡수원), 부 기술 35(산림·생태계 부문 기술) — 2026-08-28 발주처 지시에 따라 tech_id에 ';'로 연결해 복수 기입. [근거자료] ESA_WorldCover_10m_2021_v200_*_Map.tif (Discrete Classification, 등급 10~95) · FAOSTAT Land Cover(LC) Item=Artificial surfaces 등"",""나지_희박식생_면적_km"":null,""레코드_키"":""VNM_lc_inland_water_bodie_modis_2011"",""맹그로브_면적_km"":null,""수목_면적_km"":null,""연도"":2011,""영구수체_면적_km"":null,""전국_값"":452.16,""전국_단위"":""1000 ha"",""전국_지표명"":""토지피복 면적(MODIS) — 내륙 수역"",""지역명_로마자"":""Viet Nam"",""지역명_베트남어"":""Việt Nam"",""초본습지_면적_km"":null,""초지_면적_km"":null,""합계_km"":null,""행정단위"":""Country""}",,전국 · 토지피복 면적(MODIS) — 내륙 수역 · [실적치] · FAOSTAT Land Cover · Area from MODIS (Flag=E),,,,B-037.xlsx,1.2_entity(레코드형),303,
B-037,"토지피복 분류별 면적[경작지, 산림, 초지, 건물, 수체, 나지]",entity,v124-b-037-entity-00301,B-037_landcover_national,VNM,,,,,,,,,토지피복 면적(MODIS) — 내륙 수역,,,"{""2025_개편_후_소속_34개_체계"":""전국(개편 무관)"",""건물_인공지표_면적_km"":null,""경계_면적_km_GADM"":null,""경계_좌표_산출근거"":""전국 집계값 — 좌표·폴리곤 없음."",""경계_폴리곤_파일"":null,""경작지_면적_km"":null,""관목_면적_km"":null,""기후기술_연계_근거"":""간접 · 원천 자체 분류 — ESA WorldCover 가 토지피복 등급을 Tree cover·Cropland·Built-up 등으로 정의·배포하며, 수목 피복 면적은 탄소 흡수원의 물리적 기반, 경작지·건물 면적은 토지이용 변화의 기준이 됨. 주 기술 23(탄소 흡수원), 부 기술 35(산림·생태계 부문 기술) — 2026-08-28 발주처 지시에 따라 tech_id에 ';'로 연결해 복수 기입. [근거자료] ESA_WorldCover_10m_2021_v200_*_Map.tif (Discrete Classification, 등급 10~95) · FAOSTAT Land Cover(LC) Item=Artificial surfaces 등"",""나지_희박식생_면적_km"":null,""레코드_키"":""VNM_lc_inland_water_bodie_modis_2012"",""맹그로브_면적_km"":null,""수목_면적_km"":null,""연도"":2012,""영구수체_면적_km"":null,""전국_값"":453.47,""전국_단위"":""1000 ha"",""전국_지표명"":""토지피복 면적(MODIS) — 내륙 수역"",""지역명_로마자"":""Viet Nam"",""지역명_베트남어"":""Việt Nam"",""초본습지_면적_km"":null,""초지_면적_km"":null,""합계_km"":null,""행정단위"":""Country""}",,전국 · 토지피복 면적(MODIS) — 내륙 수역 · [실적치] · FAOSTAT Land Cover · Area from MODIS (Flag=E),,,,B-037.xlsx,1.2_entity(레코드형),304,
B-037,"토지피복 분류별 면적[경작지, 산림, 초지, 건물, 수체, 나지]",entity,v124-b-037-entity-00302,B-037_landcover_national,VNM,,,,,,,,,토지피복 면적(MODIS) — 내륙 수역,,,"{""2025_개편_후_소속_34개_체계"":""전국(개편 무관)"",""건물_인공지표_면적_km"":null,""경계_면적_km_GADM"":null,""경계_좌표_산출근거"":""전국 집계값 — 좌표·폴리곤 없음."",""경계_폴리곤_파일"":null,""경작지_면적_km"":null,""관목_면적_km"":null,""기후기술_연계_근거"":""간접 · 원천 자체 분류 — ESA WorldCover 가 토지피복 등급을 Tree cover·Cropland·Built-up 등으로 정의·배포하며, 수목 피복 면적은 탄소 흡수원의 물리적 기반, 경작지·건물 면적은 토지이용 변화의 기준이 됨. 주 기술 23(탄소 흡수원), 부 기술 35(산림·생태계 부문 기술) — 2026-08-28 발주처 지시에 따라 tech_id에 ';'로 연결해 복수 기입. [근거자료] ESA_WorldCover_10m_2021_v200_*_Map.tif (Discrete Classification, 등급 10~95) · FAOSTAT Land Cover(LC) Item=Artificial surfaces 등"",""나지_희박식생_면적_km"":null,""레코드_키"":""VNM_lc_inland_water_bodie_modis_2013"",""맹그로브_면적_km"":null,""수목_면적_km"":null,""연도"":2013,""영구수체_면적_km"":null,""전국_값"":455.91,""전국_단위"":""1000 ha"",""전국_지표명"":""토지피복 면적(MODIS) — 내륙 수역"",""지역명_로마자"":""Viet Nam"",""지역명_베트남어"":""Việt Nam"",""초본습지_면적_km"":null,""초지_면적_km"":null,""합계_km"":null,""행정단위"":""Country""}",,전국 · 토지피복 면적(MODIS) — 내륙 수역 · [실적치] · FAOSTAT Land Cover · Area from MODIS (Flag=E),,,,B-037.xlsx,1.2_entity(레코드형),305,
B-037,"토지피복 분류별 면적[경작지, 산림, 초지, 건물, 수체, 나지]",entity,v124-b-037-entity-00303,B-037_landcover_national,VNM,,,,,,,,,토지피복 면적(MODIS) — 내륙 수역,,,"{""2025_개편_후_소속_34개_체계"":""전국(개편 무관)"",""건물_인공지표_면적_km"":null,""경계_면적_km_GADM"":null,""경계_좌표_산출근거"":""전국 집계값 — 좌표·폴리곤 없음."",""경계_폴리곤_파일"":null,""경작지_면적_km"":null,""관목_면적_km"":null,""기후기술_연계_근거"":""간접 · 원천 자체 분류 — ESA WorldCover 가 토지피복 등급을 Tree cover·Cropland·Built-up 등으로 정의·배포하며, 수목 피복 면적은 탄소 흡수원의 물리적 기반, 경작지·건물 면적은 토지이용 변화의 기준이 됨. 주 기술 23(탄소 흡수원), 부 기술 35(산림·생태계 부문 기술) — 2026-08-28 발주처 지시에 따라 tech_id에 ';'로 연결해 복수 기입. [근거자료] ESA_WorldCover_10m_2021_v200_*_Map.tif (Discrete Classification, 등급 10~95) · FAOSTAT Land Cover(LC) Item=Artificial surfaces 등"",""나지_희박식생_면적_km"":null,""레코드_키"":""VNM_lc_inland_water_bodie_modis_2014"",""맹그로브_면적_km"":null,""수목_면적_km"":null,""연도"":2014,""영구수체_면적_km"":null,""전국_값"":457.19,""전국_단위"":""1000 ha"",""전국_지표명"":""토지피복 면적(MODIS) — 내륙 수역"",""지역명_로마자"":""Viet Nam"",""지역명_베트남어"":""Việt Nam"",""초본습지_면적_km"":null,""초지_면적_km"":null,""합계_km"":null,""행정단위"":""Country""}",,전국 · 토지피복 면적(MODIS) — 내륙 수역 · [실적치] · FAOSTAT Land Cover · Area from MODIS (Flag=E),,,,B-037.xlsx,1.2_entity(레코드형),306,
B-037,"토지피복 분류별 면적[경작지, 산림, 초지, 건물, 수체, 나지]",entity,v124-b-037-entity-00304,B-037_landcover_national,VNM,,,,,,,,,토지피복 면적(MODIS) — 내륙 수역,,,"{""2025_개편_후_소속_34개_체계"":""전국(개편 무관)"",""건물_인공지표_면적_km"":null,""경계_면적_km_GADM"":null,""경계_좌표_산출근거"":""전국 집계값 — 좌표·폴리곤 없음."",""경계_폴리곤_파일"":null,""경작지_면적_km"":null,""관목_면적_km"":null,""기후기술_연계_근거"":""간접 · 원천 자체 분류 — ESA WorldCover 가 토지피복 등급을 Tree cover·Cropland·Built-up 등으로 정의·배포하며, 수목 피복 면적은 탄소 흡수원의 물리적 기반, 경작지·건물 면적은 토지이용 변화의 기준이 됨. 주 기술 23(탄소 흡수원), 부 기술 35(산림·생태계 부문 기술) — 2026-08-28 발주처 지시에 따라 tech_id에 ';'로 연결해 복수 기입. [근거자료] ESA_WorldCover_10m_2021_v200_*_Map.tif (Discrete Classification, 등급 10~95) · FAOSTAT Land Cover(LC) Item=Artificial surfaces 등"",""나지_희박식생_면적_km"":null,""레코드_키"":""VNM_lc_inland_water_bodie_modis_2015"",""맹그로브_면적_km"":null,""수목_면적_km"":null,""연도"":2015,""영구수체_면적_km"":null,""전국_값"":457.15,""전국_단위"":""1000 ha"",""전국_지표명"":""토지피복 면적(MODIS) — 내륙 수역"",""지역명_로마자"":""Viet Nam"",""지역명_베트남어"":""Việt Nam"",""초본습지_면적_km"":null,""초지_면적_km"":null,""합계_km"":null,""행정단위"":""Country""}",,전국 · 토지피복 면적(MODIS) — 내륙 수역 · [실적치] · FAOSTAT Land Cover · Area from MODIS (Flag=E),,,,B-037.xlsx,1.2_entity(레코드형),307,
B-037,"토지피복 분류별 면적[경작지, 산림, 초지, 건물, 수체, 나지]",entity,v124-b-037-entity-00305,B-037_landcover_national,VNM,,,,,,,,,토지피복 면적(MODIS) — 내륙 수역,,,"{""2025_개편_후_소속_34개_체계"":""전국(개편 무관)"",""건물_인공지표_면적_km"":null,""경계_면적_km_GADM"":null,""경계_좌표_산출근거"":""전국 집계값 — 좌표·폴리곤 없음."",""경계_폴리곤_파일"":null,""경작지_면적_km"":null,""관목_면적_km"":null,""기후기술_연계_근거"":""간접 · 원천 자체 분류 — ESA WorldCover 가 토지피복 등급을 Tree cover·Cropland·Built-up 등으로 정의·배포하며, 수목 피복 면적은 탄소 흡수원의 물리적 기반, 경작지·건물 면적은 토지이용 변화의 기준이 됨. 주 기술 23(탄소 흡수원), 부 기술 35(산림·생태계 부문 기술) — 2026-08-28 발주처 지시에 따라 tech_id에 ';'로 연결해 복수 기입. [근거자료] ESA_WorldCover_10m_2021_v200_*_Map.tif (Discrete Classification, 등급 10~95) · FAOSTAT Land Cover(LC) Item=Artificial surfaces 등"",""나지_희박식생_면적_km"":null,""레코드_키"":""VNM_lc_inland_water_bodie_modis_2016"",""맹그로브_면적_km"":null,""수목_면적_km"":null,""연도"":2016,""영구수체_면적_km"":null,""전국_값"":456.7,""전국_단위"":""1000 ha"",""전국_지표명"":""토지피복 면적(MODIS) — 내륙 수역"",""지역명_로마자"":""Viet Nam"",""지역명_베트남어"":""Việt Nam"",""초본습지_면적_km"":null,""초지_면적_km"":null,""합계_km"":null,""행정단위"":""Country""}",,전국 · 토지피복 면적(MODIS) — 내륙 수역 · [실적치] · FAOSTAT Land Cover · Area from MODIS (Flag=E),,,,B-037.xlsx,1.2_entity(레코드형),308,
B-037,"토지피복 분류별 면적[경작지, 산림, 초지, 건물, 수체, 나지]",entity,v124-b-037-entity-00306,B-037_landcover_national,VNM,,,,,,,,,토지피복 면적(MODIS) — 내륙 수역,,,"{""2025_개편_후_소속_34개_체계"":""전국(개편 무관)"",""건물_인공지표_면적_km"":null,""경계_면적_km_GADM"":null,""경계_좌표_산출근거"":""전국 집계값 — 좌표·폴리곤 없음."",""경계_폴리곤_파일"":null,""경작지_면적_km"":null,""관목_면적_km"":null,""기후기술_연계_근거"":""간접 · 원천 자체 분류 — ESA WorldCover 가 토지피복 등급을 Tree cover·Cropland·Built-up 등으로 정의·배포하며, 수목 피복 면적은 탄소 흡수원의 물리적 기반, 경작지·건물 면적은 토지이용 변화의 기준이 됨. 주 기술 23(탄소 흡수원), 부 기술 35(산림·생태계 부문 기술) — 2026-08-28 발주처 지시에 따라 tech_id에 ';'로 연결해 복수 기입. [근거자료] ESA_WorldCover_10m_2021_v200_*_Map.tif (Discrete Classification, 등급 10~95) · FAOSTAT Land Cover(LC) Item=Artificial surfaces 등"",""나지_희박식생_면적_km"":null,""레코드_키"":""VNM_lc_inland_water_bodie_modis_2017"",""맹그로브_면적_km"":null,""수목_면적_km"":null,""연도"":2017,""영구수체_면적_km"":null,""전국_값"":458.94,""전국_단위"":""1000 ha"",""전국_지표명"":""토지피복 면적(MODIS) — 내륙 수역"",""지역명_로마자"":""Viet Nam"",""지역명_베트남어"":""Việt Nam"",""초본습지_면적_km"":null,""초지_면적_km"":null,""합계_km"":null,""행정단위"":""Country""}",,전국 · 토지피복 면적(MODIS) — 내륙 수역 · [실적치] · FAOSTAT Land Cover · Area from MODIS (Flag=E),,,,B-037.xlsx,1.2_entity(레코드형),309,
B-037,"토지피복 분류별 면적[경작지, 산림, 초지, 건물, 수체, 나지]",entity,v124-b-037-entity-00307,B-037_landcover_national,VNM,,,,,,,,,토지피복 면적(MODIS) — 내륙 수역,,,"{""2025_개편_후_소속_34개_체계"":""전국(개편 무관)"",""건물_인공지표_면적_km"":null,""경계_면적_km_GADM"":null,""경계_좌표_산출근거"":""전국 집계값 — 좌표·폴리곤 없음."",""경계_폴리곤_파일"":null,""경작지_면적_km"":null,""관목_면적_km"":null,""기후기술_연계_근거"":""간접 · 원천 자체 분류 — ESA WorldCover 가 토지피복 등급을 Tree cover·Cropland·Built-up 등으로 정의·배포하며, 수목 피복 면적은 탄소 흡수원의 물리적 기반, 경작지·건물 면적은 토지이용 변화의 기준이 됨. 주 기술 23(탄소 흡수원), 부 기술 35(산림·생태계 부문 기술) — 2026-08-28 발주처 지시에 따라 tech_id에 ';'로 연결해 복수 기입. [근거자료] ESA_WorldCover_10m_2021_v200_*_Map.tif (Discrete Classification, 등급 10~95) · FAOSTAT Land Cover(LC) Item=Artificial surfaces 등"",""나지_희박식생_면적_km"":null,""레코드_키"":""VNM_lc_inland_water_bodie_modis_2018"",""맹그로브_면적_km"":null,""수목_면적_km"":null,""연도"":2018,""영구수체_면적_km"":null,""전국_값"":459.52,""전국_단위"":""1000 ha"",""전국_지표명"":""토지피복 면적(MODIS) — 내륙 수역"",""지역명_로마자"":""Viet Nam"",""지역명_베트남어"":""Việt Nam"",""초본습지_면적_km"":null,""초지_면적_km"":null,""합계_km"":null,""행정단위"":""Country""}",,전국 · 토지피복 면적(MODIS) — 내륙 수역 · [실적치] · FAOSTAT Land Cover · Area from MODIS (Flag=E),,,,B-037.xlsx,1.2_entity(레코드형),310,
B-037,"토지피복 분류별 면적[경작지, 산림, 초지, 건물, 수체, 나지]",entity,v124-b-037-entity-00308,B-037_landcover_national,VNM,,,,,,,,,토지피복 면적(MODIS) — 내륙 수역,,,"{""2025_개편_후_소속_34개_체계"":""전국(개편 무관)"",""건물_인공지표_면적_km"":null,""경계_면적_km_GADM"":null,""경계_좌표_산출근거"":""전국 집계값 — 좌표·폴리곤 없음."",""경계_폴리곤_파일"":null,""경작지_면적_km"":null,""관목_면적_km"":null,""기후기술_연계_근거"":""간접 · 원천 자체 분류 — ESA WorldCover 가 토지피복 등급을 Tree cover·Cropland·Built-up 등으로 정의·배포하며, 수목 피복 면적은 탄소 흡수원의 물리적 기반, 경작지·건물 면적은 토지이용 변화의 기준이 됨. 주 기술 23(탄소 흡수원), 부 기술 35(산림·생태계 부문 기술) — 2026-08-28 발주처 지시에 따라 tech_id에 ';'로 연결해 복수 기입. [근거자료] ESA_WorldCover_10m_2021_v200_*_Map.tif (Discrete Classification, 등급 10~95) · FAOSTAT Land Cover(LC) Item=Artificial surfaces 등"",""나지_희박식생_면적_km"":null,""레코드_키"":""VNM_lc_inland_water_bodie_modis_2019"",""맹그로브_면적_km"":null,""수목_면적_km"":null,""연도"":2019,""영구수체_면적_km"":null,""전국_값"":458.51,""전국_단위"":""1000 ha"",""전국_지표명"":""토지피복 면적(MODIS) — 내륙 수역"",""지역명_로마자"":""Viet Nam"",""지역명_베트남어"":""Việt Nam"",""초본습지_면적_km"":null,""초지_면적_km"":null,""합계_km"":null,""행정단위"":""Country""}",,전국 · 토지피복 면적(MODIS) — 내륙 수역 · [실적치] · FAOSTAT Land Cover · Area from MODIS (Flag=E),,,,B-037.xlsx,1.2_entity(레코드형),311,
B-037,"토지피복 분류별 면적[경작지, 산림, 초지, 건물, 수체, 나지]",entity,v124-b-037-entity-00309,B-037_landcover_national,VNM,,,,,,,,,토지피복 면적(MODIS) — 내륙 수역,,,"{""2025_개편_후_소속_34개_체계"":""전국(개편 무관)"",""건물_인공지표_면적_km"":null,""경계_면적_km_GADM"":null,""경계_좌표_산출근거"":""전국 집계값 — 좌표·폴리곤 없음."",""경계_폴리곤_파일"":null,""경작지_면적_km"":null,""관목_면적_km"":null,""기후기술_연계_근거"":""간접 · 원천 자체 분류 — ESA WorldCover 가 토지피복 등급을 Tree cover·Cropland·Built-up 등으로 정의·배포하며, 수목 피복 면적은 탄소 흡수원의 물리적 기반, 경작지·건물 면적은 토지이용 변화의 기준이 됨. 주 기술 23(탄소 흡수원), 부 기술 35(산림·생태계 부문 기술) — 2026-08-28 발주처 지시에 따라 tech_id에 ';'로 연결해 복수 기입. [근거자료] ESA_WorldCover_10m_2021_v200_*_Map.tif (Discrete Classification, 등급 10~95) · FAOSTAT Land Cover(LC) Item=Artificial surfaces 등"",""나지_희박식생_면적_km"":null,""레코드_키"":""VNM_lc_inland_water_bodie_modis_2020"",""맹그로브_면적_km"":null,""수목_면적_km"":null,""연도"":2020,""영구수체_면적_km"":null,""전국_값"":458.62,""전국_단위"":""1000 ha"",""전국_지표명"":""토지피복 면적(MODIS) — 내륙 수역"",""지역명_로마자"":""Viet Nam"",""지역명_베트남어"":""Việt Nam"",""초본습지_면적_km"":null,""초지_면적_km"":null,""합계_km"":null,""행정단위"":""Country""}",,전국 · 토지피복 면적(MODIS) — 내륙 수역 · [실적치] · FAOSTAT Land Cover · Area from MODIS (Flag=E),,,,B-037.xlsx,1.2_entity(레코드형),312,
B-037,"토지피복 분류별 면적[경작지, 산림, 초지, 건물, 수체, 나지]",entity,v124-b-037-entity-00310,B-037_landcover_national,VNM,,,,,,,,,토지피복 면적(MODIS) — 내륙 수역,,,"{""2025_개편_후_소속_34개_체계"":""전국(개편 무관)"",""건물_인공지표_면적_km"":null,""경계_면적_km_GADM"":null,""경계_좌표_산출근거"":""전국 집계값 — 좌표·폴리곤 없음."",""경계_폴리곤_파일"":null,""경작지_면적_km"":null,""관목_면적_km"":null,""기후기술_연계_근거"":""간접 · 원천 자체 분류 — ESA WorldCover 가 토지피복 등급을 Tree cover·Cropland·Built-up 등으로 정의·배포하며, 수목 피복 면적은 탄소 흡수원의 물리적 기반, 경작지·건물 면적은 토지이용 변화의 기준이 됨. 주 기술 23(탄소 흡수원), 부 기술 35(산림·생태계 부문 기술) — 2026-08-28 발주처 지시에 따라 tech_id에 ';'로 연결해 복수 기입. [근거자료] ESA_WorldCover_10m_2021_v200_*_Map.tif (Discrete Classification, 등급 10~95) · FAOSTAT Land Cover(LC) Item=Artificial surfaces 등"",""나지_희박식생_면적_km"":null,""레코드_키"":""VNM_lc_inland_water_bodie_modis_2021"",""맹그로브_면적_km"":null,""수목_면적_km"":null,""연도"":2021,""영구수체_면적_km"":null,""전국_값"":458.98,""전국_단위"":""1000 ha"",""전국_지표명"":""토지피복 면적(MODIS) — 내륙 수역"",""지역명_로마자"":""Viet Nam"",""지역명_베트남어"":""Việt Nam"",""초본습지_면적_km"":null,""초지_면적_km"":null,""합계_km"":null,""행정단위"":""Country""}",,전국 · 토지피복 면적(MODIS) — 내륙 수역 · [실적치] · FAOSTAT Land Cover · Area from MODIS (Flag=E),,,,B-037.xlsx,1.2_entity(레코드형),313,
B-037,"토지피복 분류별 면적[경작지, 산림, 초지, 건물, 수체, 나지]",entity,v124-b-037-entity-00311,B-037_landcover_national,VNM,,,,,,,,,토지피복 면적(MODIS) — 내륙 수역,,,"{""2025_개편_후_소속_34개_체계"":""전국(개편 무관)"",""건물_인공지표_면적_km"":null,""경계_면적_km_GADM"":null,""경계_좌표_산출근거"":""전국 집계값 — 좌표·폴리곤 없음."",""경계_폴리곤_파일"":null,""경작지_면적_km"":null,""관목_면적_km"":null,""기후기술_연계_근거"":""간접 · 원천 자체 분류 — ESA WorldCover 가 토지피복 등급을 Tree cover·Cropland·Built-up 등으로 정의·배포하며, 수목 피복 면적은 탄소 흡수원의 물리적 기반, 경작지·건물 면적은 토지이용 변화의 기준이 됨. 주 기술 23(탄소 흡수원), 부 기술 35(산림·생태계 부문 기술) — 2026-08-28 발주처 지시에 따라 tech_id에 ';'로 연결해 복수 기입. [근거자료] ESA_WorldCover_10m_2021_v200_*_Map.tif (Discrete Classification, 등급 10~95) · FAOSTAT Land Cover(LC) Item=Artificial surfaces 등"",""나지_희박식생_면적_km"":null,""레코드_키"":""VNM_lc_inland_water_bodie_modis_2022"",""맹그로브_면적_km"":null,""수목_면적_km"":null,""연도"":2022,""영구수체_면적_km"":null,""전국_값"":460.84,""전국_단위"":""1000 ha"",""전국_지표명"":""토지피복 면적(MODIS) — 내륙 수역"",""지역명_로마자"":""Viet Nam"",""지역명_베트남어"":""Việt Nam"",""초본습지_면적_km"":null,""초지_면적_km"":null,""합계_km"":null,""행정단위"":""Country""}",,전국 · 토지피복 면적(MODIS) — 내륙 수역 · [실적치] · FAOSTAT Land Cover · Area from MODIS (Flag=E),,,,B-037.xlsx,1.2_entity(레코드형),314,
B-037,"토지피복 분류별 면적[경작지, 산림, 초지, 건물, 수체, 나지]",entity,v124-b-037-entity-00312,B-037_landcover_national,VNM,,,,,,,,,토지피복 면적(MODIS) — 내륙 수역,,,"{""2025_개편_후_소속_34개_체계"":""전국(개편 무관)"",""건물_인공지표_면적_km"":null,""경계_면적_km_GADM"":null,""경계_좌표_산출근거"":""전국 집계값 — 좌표·폴리곤 없음."",""경계_폴리곤_파일"":null,""경작지_면적_km"":null,""관목_면적_km"":null,""기후기술_연계_근거"":""간접 · 원천 자체 분류 — ESA WorldCover 가 토지피복 등급을 Tree cover·Cropland·Built-up 등으로 정의·배포하며, 수목 피복 면적은 탄소 흡수원의 물리적 기반, 경작지·건물 면적은 토지이용 변화의 기준이 됨. 주 기술 23(탄소 흡수원), 부 기술 35(산림·생태계 부문 기술) — 2026-08-28 발주처 지시에 따라 tech_id에 ';'로 연결해 복수 기입. [근거자료] ESA_WorldCover_10m_2021_v200_*_Map.tif (Discrete Classification, 등급 10~95) · FAOSTAT Land Cover(LC) Item=Artificial surfaces 등"",""나지_희박식생_면적_km"":null,""레코드_키"":""VNM_lc_inland_water_bodie_modis_2023"",""맹그로브_면적_km"":null,""수목_면적_km"":null,""연도"":2023,""영구수체_면적_km"":null,""전국_값"":463.03,""전국_단위"":""1000 ha"",""전국_지표명"":""토지피복 면적(MODIS) — 내륙 수역"",""지역명_로마자"":""Viet Nam"",""지역명_베트남어"":""Việt Nam"",""초본습지_면적_km"":null,""초지_면적_km"":null,""합계_km"":null,""행정단위"":""Country""}",,전국 · 토지피복 면적(MODIS) — 내륙 수역 · [실적치] · FAOSTAT Land Cover · Area from MODIS (Flag=E),,,,B-037.xlsx,1.2_entity(레코드형),315,
B-037,"토지피복 분류별 면적[경작지, 산림, 초지, 건물, 수체, 나지]",entity,v124-b-037-entity-00313,B-037_landcover_national,VNM,,,,,,,,,토지피복 면적(MODIS) — 내륙 수역,,,"{""2025_개편_후_소속_34개_체계"":""전국(개편 무관)"",""건물_인공지표_면적_km"":null,""경계_면적_km_GADM"":null,""경계_좌표_산출근거"":""전국 집계값 — 좌표·폴리곤 없음."",""경계_폴리곤_파일"":null,""경작지_면적_km"":null,""관목_면적_km"":null,""기후기술_연계_근거"":""간접 · 원천 자체 분류 — ESA WorldCover 가 토지피복 등급을 Tree cover·Cropland·Built-up 등으로 정의·배포하며, 수목 피복 면적은 탄소 흡수원의 물리적 기반, 경작지·건물 면적은 토지이용 변화의 기준이 됨. 주 기술 23(탄소 흡수원), 부 기술 35(산림·생태계 부문 기술) — 2026-08-28 발주처 지시에 따라 tech_id에 ';'로 연결해 복수 기입. [근거자료] ESA_WorldCover_10m_2021_v200_*_Map.tif (Discrete Classification, 등급 10~95) · FAOSTAT Land Cover(LC) Item=Artificial surfaces 등"",""나지_희박식생_면적_km"":null,""레코드_키"":""VNM_lc_inland_water_bodie_modis_2024"",""맹그로브_면적_km"":null,""수목_면적_km"":null,""연도"":2024,""영구수체_면적_km"":null,""전국_값"":464.4,""전국_단위"":""1000 ha"",""전국_지표명"":""토지피복 면적(MODIS) — 내륙 수역"",""지역명_로마자"":""Viet Nam"",""지역명_베트남어"":""Việt Nam"",""초본습지_면적_km"":null,""초지_면적_km"":null,""합계_km"":null,""행정단위"":""Country""}",,전국 · 토지피복 면적(MODIS) — 내륙 수역 · [실적치] · FAOSTAT Land Cover · Area from MODIS (Flag=E),,,,B-037.xlsx,1.2_entity(레코드형),316,
B-037,"토지피복 분류별 면적[경작지, 산림, 초지, 건물, 수체, 나지]",entity,v124-b-037-entity-00314,B-037_landcover_national,VNM,,,,,,,,,토지피복 면적(WorldCover) — 내륙 수역,,,"{""2025_개편_후_소속_34개_체계"":""전국(개편 무관)"",""건물_인공지표_면적_km"":null,""경계_면적_km_GADM"":null,""경계_좌표_산출근거"":""전국 집계값 — 좌표·폴리곤 없음."",""경계_폴리곤_파일"":null,""경작지_면적_km"":null,""관목_면적_km"":null,""기후기술_연계_근거"":""간접 · 원천 자체 분류 — ESA WorldCover 가 토지피복 등급을 Tree cover·Cropland·Built-up 등으로 정의·배포하며, 수목 피복 면적은 탄소 흡수원의 물리적 기반, 경작지·건물 면적은 토지이용 변화의 기준이 됨. 주 기술 23(탄소 흡수원), 부 기술 35(산림·생태계 부문 기술) — 2026-08-28 발주처 지시에 따라 tech_id에 ';'로 연결해 복수 기입. [근거자료] ESA_WorldCover_10m_2021_v200_*_Map.tif (Discrete Classification, 등급 10~95) · FAOSTAT Land Cover(LC) Item=Artificial surfaces 등"",""나지_희박식생_면적_km"":null,""레코드_키"":""VNM_lc_inland_water_bodie_wc_2020"",""맹그로브_면적_km"":null,""수목_면적_km"":null,""연도"":2020,""영구수체_면적_km"":null,""전국_값"":1145.32,""전국_단위"":""1000 ha"",""전국_지표명"":""토지피복 면적(WorldCover) — 내륙 수역"",""지역명_로마자"":""Viet Nam"",""지역명_베트남어"":""Việt Nam"",""초본습지_면적_km"":null,""초지_면적_km"":null,""합계_km"":null,""행정단위"":""Country""}",,전국 · 토지피복 면적(WorldCover) — 내륙 수역 · [실적치] · FAOSTAT Land Cover · Area from WorldCover (Flag=E),,,,B-037.xlsx,1.2_entity(레코드형),317,
B-037,"토지피복 분류별 면적[경작지, 산림, 초지, 건물, 수체, 나지]",entity,v124-b-037-entity-00315,B-037_landcover_national,VNM,,,,,,,,,토지피복 면적(WorldCover) — 내륙 수역,,,"{""2025_개편_후_소속_34개_체계"":""전국(개편 무관)"",""건물_인공지표_면적_km"":null,""경계_면적_km_GADM"":null,""경계_좌표_산출근거"":""전국 집계값 — 좌표·폴리곤 없음."",""경계_폴리곤_파일"":null,""경작지_면적_km"":null,""관목_면적_km"":null,""기후기술_연계_근거"":""간접 · 원천 자체 분류 — ESA WorldCover 가 토지피복 등급을 Tree cover·Cropland·Built-up 등으로 정의·배포하며, 수목 피복 면적은 탄소 흡수원의 물리적 기반, 경작지·건물 면적은 토지이용 변화의 기준이 됨. 주 기술 23(탄소 흡수원), 부 기술 35(산림·생태계 부문 기술) — 2026-08-28 발주처 지시에 따라 tech_id에 ';'로 연결해 복수 기입. [근거자료] ESA_WorldCover_10m_2021_v200_*_Map.tif (Discrete Classification, 등급 10~95) · FAOSTAT Land Cover(LC) Item=Artificial surfaces 등"",""나지_희박식생_면적_km"":null,""레코드_키"":""VNM_lc_inland_water_bodie_wc_2021"",""맹그로브_면적_km"":null,""수목_면적_km"":null,""연도"":2021,""영구수체_면적_km"":null,""전국_값"":1205.58,""전국_단위"":""1000 ha"",""전국_지표명"":""토지피복 면적(WorldCover) — 내륙 수역"",""지역명_로마자"":""Viet Nam"",""지역명_베트남어"":""Việt Nam"",""초본습지_면적_km"":null,""초지_면적_km"":null,""합계_km"":null,""행정단위"":""Country""}",,전국 · 토지피복 면적(WorldCover) — 내륙 수역 · [실적치] · FAOSTAT Land Cover · Area from WorldCover (Flag=E),,,,B-037.xlsx,1.2_entity(레코드형),318,
B-037,"토지피복 분류별 면적[경작지, 산림, 초지, 건물, 수체, 나지]",entity,v124-b-037-entity-00316,B-037_landcover_national,VNM,,,,,,,,,토지피복 면적 — 맹그로브,,,"{""2025_개편_후_소속_34개_체계"":""전국(개편 무관)"",""건물_인공지표_면적_km"":null,""경계_면적_km_GADM"":null,""경계_좌표_산출근거"":""전국 집계값 — 좌표·폴리곤 없음."",""경계_폴리곤_파일"":null,""경작지_면적_km"":null,""관목_면적_km"":null,""기후기술_연계_근거"":""간접 · 원천 자체 분류 — ESA WorldCover 가 토지피복 등급을 Tree cover·Cropland·Built-up 등으로 정의·배포하며, 수목 피복 면적은 탄소 흡수원의 물리적 기반, 경작지·건물 면적은 토지이용 변화의 기준이 됨. 주 기술 23(탄소 흡수원), 부 기술 35(산림·생태계 부문 기술) — 2026-08-28 발주처 지시에 따라 tech_id에 ';'로 연결해 복수 기입. [근거자료] ESA_WorldCover_10m_2021_v200_*_Map.tif (Discrete Classification, 등급 10~95) · FAOSTAT Land Cover(LC) Item=Artificial surfaces 등"",""나지_희박식생_면적_km"":null,""레코드_키"":""VNM_lc_mangroves_1992"",""맹그로브_면적_km"":null,""수목_면적_km"":null,""연도"":1992,""영구수체_면적_km"":null,""전국_값"":186.27,""전국_단위"":""1000 ha"",""전국_지표명"":""토지피복 면적 — 맹그로브"",""지역명_로마자"":""Viet Nam"",""지역명_베트남어"":""Việt Nam"",""초본습지_면적_km"":null,""초지_면적_km"":null,""합계_km"":null,""행정단위"":""Country""}",,전국 · 토지피복 면적 — 맹그로브 · [실적치] · FAOSTAT Land Cover · Area from CCI_LC (Flag=E),,,,B-037.xlsx,1.2_entity(레코드형),319,
B-037,"토지피복 분류별 면적[경작지, 산림, 초지, 건물, 수체, 나지]",entity,v124-b-037-entity-00317,B-037_landcover_national,VNM,,,,,,,,,토지피복 면적 — 맹그로브,,,"{""2025_개편_후_소속_34개_체계"":""전국(개편 무관)"",""건물_인공지표_면적_km"":null,""경계_면적_km_GADM"":null,""경계_좌표_산출근거"":""전국 집계값 — 좌표·폴리곤 없음."",""경계_폴리곤_파일"":null,""경작지_면적_km"":null,""관목_면적_km"":null,""기후기술_연계_근거"":""간접 · 원천 자체 분류 — ESA WorldCover 가 토지피복 등급을 Tree cover·Cropland·Built-up 등으로 정의·배포하며, 수목 피복 면적은 탄소 흡수원의 물리적 기반, 경작지·건물 면적은 토지이용 변화의 기준이 됨. 주 기술 23(탄소 흡수원), 부 기술 35(산림·생태계 부문 기술) — 2026-08-28 발주처 지시에 따라 tech_id에 ';'로 연결해 복수 기입. [근거자료] ESA_WorldCover_10m_2021_v200_*_Map.tif (Discrete Classification, 등급 10~95) · FAOSTAT Land Cover(LC) Item=Artificial surfaces 등"",""나지_희박식생_면적_km"":null,""레코드_키"":""VNM_lc_mangroves_1993"",""맹그로브_면적_km"":null,""수목_면적_km"":null,""연도"":1993,""영구수체_면적_km"":null,""전국_값"":186.25,""전국_단위"":""1000 ha"",""전국_지표명"":""토지피복 면적 — 맹그로브"",""지역명_로마자"":""Viet Nam"",""지역명_베트남어"":""Việt Nam"",""초본습지_면적_km"":null,""초지_면적_km"":null,""합계_km"":null,""행정단위"":""Country""}",,전국 · 토지피복 면적 — 맹그로브 · [실적치] · FAOSTAT Land Cover · Area from CCI_LC (Flag=E),,,,B-037.xlsx,1.2_entity(레코드형),320,
B-037,"토지피복 분류별 면적[경작지, 산림, 초지, 건물, 수체, 나지]",entity,v124-b-037-entity-00318,B-037_landcover_national,VNM,,,,,,,,,토지피복 면적 — 맹그로브,,,"{""2025_개편_후_소속_34개_체계"":""전국(개편 무관)"",""건물_인공지표_면적_km"":null,""경계_면적_km_GADM"":null,""경계_좌표_산출근거"":""전국 집계값 — 좌표·폴리곤 없음."",""경계_폴리곤_파일"":null,""경작지_면적_km"":null,""관목_면적_km"":null,""기후기술_연계_근거"":""간접 · 원천 자체 분류 — ESA WorldCover 가 토지피복 등급을 Tree cover·Cropland·Built-up 등으로 정의·배포하며, 수목 피복 면적은 탄소 흡수원의 물리적 기반, 경작지·건물 면적은 토지이용 변화의 기준이 됨. 주 기술 23(탄소 흡수원), 부 기술 35(산림·생태계 부문 기술) — 2026-08-28 발주처 지시에 따라 tech_id에 ';'로 연결해 복수 기입. [근거자료] ESA_WorldCover_10m_2021_v200_*_Map.tif (Discrete Classification, 등급 10~95) · FAOSTAT Land Cover(LC) Item=Artificial surfaces 등"",""나지_희박식생_면적_km"":null,""레코드_키"":""VNM_lc_mangroves_1994"",""맹그로브_면적_km"":null,""수목_면적_km"":null,""연도"":1994,""영구수체_면적_km"":null,""전국_값"":186.25,""전국_단위"":""1000 ha"",""전국_지표명"":""토지피복 면적 — 맹그로브"",""지역명_로마자"":""Viet Nam"",""지역명_베트남어"":""Việt Nam"",""초본습지_면적_km"":null,""초지_면적_km"":null,""합계_km"":null,""행정단위"":""Country""}",,전국 · 토지피복 면적 — 맹그로브 · [실적치] · FAOSTAT Land Cover · Area from CCI_LC (Flag=E),,,,B-037.xlsx,1.2_entity(레코드형),321,
B-037,"토지피복 분류별 면적[경작지, 산림, 초지, 건물, 수체, 나지]",entity,v124-b-037-entity-00319,B-037_landcover_national,VNM,,,,,,,,,토지피복 면적 — 맹그로브,,,"{""2025_개편_후_소속_34개_체계"":""전국(개편 무관)"",""건물_인공지표_면적_km"":null,""경계_면적_km_GADM"":null,""경계_좌표_산출근거"":""전국 집계값 — 좌표·폴리곤 없음."",""경계_폴리곤_파일"":null,""경작지_면적_km"":null,""관목_면적_km"":null,""기후기술_연계_근거"":""간접 · 원천 자체 분류 — ESA WorldCover 가 토지피복 등급을 Tree cover·Cropland·Built-up 등으로 정의·배포하며, 수목 피복 면적은 탄소 흡수원의 물리적 기반, 경작지·건물 면적은 토지이용 변화의 기준이 됨. 주 기술 23(탄소 흡수원), 부 기술 35(산림·생태계 부문 기술) — 2026-08-28 발주처 지시에 따라 tech_id에 ';'로 연결해 복수 기입. [근거자료] ESA_WorldCover_10m_2021_v200_*_Map.tif (Discrete Classification, 등급 10~95) · FAOSTAT Land Cover(LC) Item=Artificial surfaces 등"",""나지_희박식생_면적_km"":null,""레코드_키"":""VNM_lc_mangroves_1995"",""맹그로브_면적_km"":null,""수목_면적_km"":null,""연도"":1995,""영구수체_면적_km"":null,""전국_값"":175.12,""전국_단위"":""1000 ha"",""전국_지표명"":""토지피복 면적 — 맹그로브"",""지역명_로마자"":""Viet Nam"",""지역명_베트남어"":""Việt Nam"",""초본습지_면적_km"":null,""초지_면적_km"":null,""합계_km"":null,""행정단위"":""Country""}",,전국 · 토지피복 면적 — 맹그로브 · [실적치] · FAOSTAT Land Cover · Area from CCI_LC (Flag=E),,,,B-037.xlsx,1.2_entity(레코드형),322,
B-037,"토지피복 분류별 면적[경작지, 산림, 초지, 건물, 수체, 나지]",entity,v124-b-037-entity-00320,B-037_landcover_national,VNM,,,,,,,,,토지피복 면적 — 맹그로브,,,"{""2025_개편_후_소속_34개_체계"":""전국(개편 무관)"",""건물_인공지표_면적_km"":null,""경계_면적_km_GADM"":null,""경계_좌표_산출근거"":""전국 집계값 — 좌표·폴리곤 없음."",""경계_폴리곤_파일"":null,""경작지_면적_km"":null,""관목_면적_km"":null,""기후기술_연계_근거"":""간접 · 원천 자체 분류 — ESA WorldCover 가 토지피복 등급을 Tree cover·Cropland·Built-up 등으로 정의·배포하며, 수목 피복 면적은 탄소 흡수원의 물리적 기반, 경작지·건물 면적은 토지이용 변화의 기준이 됨. 주 기술 23(탄소 흡수원), 부 기술 35(산림·생태계 부문 기술) — 2026-08-28 발주처 지시에 따라 tech_id에 ';'로 연결해 복수 기입. [근거자료] ESA_WorldCover_10m_2021_v200_*_Map.tif (Discrete Classification, 등급 10~95) · FAOSTAT Land Cover(LC) Item=Artificial surfaces 등"",""나지_희박식생_면적_km"":null,""레코드_키"":""VNM_lc_mangroves_1996"",""맹그로브_면적_km"":null,""수목_면적_km"":null,""연도"":1996,""영구수체_면적_km"":null,""전국_값"":176.55,""전국_단위"":""1000 ha"",""전국_지표명"":""토지피복 면적 — 맹그로브"",""지역명_로마자"":""Viet Nam"",""지역명_베트남어"":""Việt Nam"",""초본습지_면적_km"":null,""초지_면적_km"":null,""합계_km"":null,""행정단위"":""Country""}",,전국 · 토지피복 면적 — 맹그로브 · [실적치] · FAOSTAT Land Cover · Area from CCI_LC (Flag=E),,,,B-037.xlsx,1.2_entity(레코드형),323,
B-037,"토지피복 분류별 면적[경작지, 산림, 초지, 건물, 수체, 나지]",entity,v124-b-037-entity-00321,B-037_landcover_national,VNM,,,,,,,,,토지피복 면적 — 맹그로브,,,"{""2025_개편_후_소속_34개_체계"":""전국(개편 무관)"",""건물_인공지표_면적_km"":null,""경계_면적_km_GADM"":null,""경계_좌표_산출근거"":""전국 집계값 — 좌표·폴리곤 없음."",""경계_폴리곤_파일"":null,""경작지_면적_km"":null,""관목_면적_km"":null,""기후기술_연계_근거"":""간접 · 원천 자체 분류 — ESA WorldCover 가 토지피복 등급을 Tree cover·Cropland·Built-up 등으로 정의·배포하며, 수목 피복 면적은 탄소 흡수원의 물리적 기반, 경작지·건물 면적은 토지이용 변화의 기준이 됨. 주 기술 23(탄소 흡수원), 부 기술 35(산림·생태계 부문 기술) — 2026-08-28 발주처 지시에 따라 tech_id에 ';'로 연결해 복수 기입. [근거자료] ESA_WorldCover_10m_2021_v200_*_Map.tif (Discrete Classification, 등급 10~95) · FAOSTAT Land Cover(LC) Item=Artificial surfaces 등"",""나지_희박식생_면적_km"":null,""레코드_키"":""VNM_lc_mangroves_1997"",""맹그로브_면적_km"":null,""수목_면적_km"":null,""연도"":1997,""영구수체_면적_km"":null,""전국_값"":177.94,""전국_단위"":""1000 ha"",""전국_지표명"":""토지피복 면적 — 맹그로브"",""지역명_로마자"":""Viet Nam"",""지역명_베트남어"":""Việt Nam"",""초본습지_면적_km"":null,""초지_면적_km"":null,""합계_km"":null,""행정단위"":""Country""}",,전국 · 토지피복 면적 — 맹그로브 · [실적치] · FAOSTAT Land Cover · Area from CCI_LC (Flag=E),,,,B-037.xlsx,1.2_entity(레코드형),324,
B-037,"토지피복 분류별 면적[경작지, 산림, 초지, 건물, 수체, 나지]",entity,v124-b-037-entity-00322,B-037_landcover_national,VNM,,,,,,,,,토지피복 면적 — 맹그로브,,,"{""2025_개편_후_소속_34개_체계"":""전국(개편 무관)"",""건물_인공지표_면적_km"":null,""경계_면적_km_GADM"":null,""경계_좌표_산출근거"":""전국 집계값 — 좌표·폴리곤 없음."",""경계_폴리곤_파일"":null,""경작지_면적_km"":null,""관목_면적_km"":null,""기후기술_연계_근거"":""간접 · 원천 자체 분류 — ESA WorldCover 가 토지피복 등급을 Tree cover·Cropland·Built-up 등으로 정의·배포하며, 수목 피복 면적은 탄소 흡수원의 물리적 기반, 경작지·건물 면적은 토지이용 변화의 기준이 됨. 주 기술 23(탄소 흡수원), 부 기술 35(산림·생태계 부문 기술) — 2026-08-28 발주처 지시에 따라 tech_id에 ';'로 연결해 복수 기입. [근거자료] ESA_WorldCover_10m_2021_v200_*_Map.tif (Discrete Classification, 등급 10~95) · FAOSTAT Land Cover(LC) Item=Artificial surfaces 등"",""나지_희박식생_면적_km"":null,""레코드_키"":""VNM_lc_mangroves_1998"",""맹그로브_면적_km"":null,""수목_면적_km"":null,""연도"":1998,""영구수체_면적_km"":null,""전국_값"":179.75,""전국_단위"":""1000 ha"",""전국_지표명"":""토지피복 면적 — 맹그로브"",""지역명_로마자"":""Viet Nam"",""지역명_베트남어"":""Việt Nam"",""초본습지_면적_km"":null,""초지_면적_km"":null,""합계_km"":null,""행정단위"":""Country""}",,전국 · 토지피복 면적 — 맹그로브 · [실적치] · FAOSTAT Land Cover · Area from CCI_LC (Flag=E),,,,B-037.xlsx,1.2_entity(레코드형),325,
B-037,"토지피복 분류별 면적[경작지, 산림, 초지, 건물, 수체, 나지]",entity,v124-b-037-entity-00323,B-037_landcover_national,VNM,,,,,,,,,토지피복 면적 — 맹그로브,,,"{""2025_개편_후_소속_34개_체계"":""전국(개편 무관)"",""건물_인공지표_면적_km"":null,""경계_면적_km_GADM"":null,""경계_좌표_산출근거"":""전국 집계값 — 좌표·폴리곤 없음."",""경계_폴리곤_파일"":null,""경작지_면적_km"":null,""관목_면적_km"":null,""기후기술_연계_근거"":""간접 · 원천 자체 분류 — ESA WorldCover 가 토지피복 등급을 Tree cover·Cropland·Built-up 등으로 정의·배포하며, 수목 피복 면적은 탄소 흡수원의 물리적 기반, 경작지·건물 면적은 토지이용 변화의 기준이 됨. 주 기술 23(탄소 흡수원), 부 기술 35(산림·생태계 부문 기술) — 2026-08-28 발주처 지시에 따라 tech_id에 ';'로 연결해 복수 기입. [근거자료] ESA_WorldCover_10m_2021_v200_*_Map.tif (Discrete Classification, 등급 10~95) · FAOSTAT Land Cover(LC) Item=Artificial surfaces 등"",""나지_희박식생_면적_km"":null,""레코드_키"":""VNM_lc_mangroves_1999"",""맹그로브_면적_km"":null,""수목_면적_km"":null,""연도"":1999,""영구수체_면적_km"":null,""전국_값"":183.43,""전국_단위"":""1000 ha"",""전국_지표명"":""토지피복 면적 — 맹그로브"",""지역명_로마자"":""Viet Nam"",""지역명_베트남어"":""Việt Nam"",""초본습지_면적_km"":null,""초지_면적_km"":null,""합계_km"":null,""행정단위"":""Country""}",,전국 · 토지피복 면적 — 맹그로브 · [실적치] · FAOSTAT Land Cover · Area from CCI_LC (Flag=E),,,,B-037.xlsx,1.2_entity(레코드형),326,
B-037,"토지피복 분류별 면적[경작지, 산림, 초지, 건물, 수체, 나지]",entity,v124-b-037-entity-00324,B-037_landcover_national,VNM,,,,,,,,,토지피복 면적 — 맹그로브,,,"{""2025_개편_후_소속_34개_체계"":""전국(개편 무관)"",""건물_인공지표_면적_km"":null,""경계_면적_km_GADM"":null,""경계_좌표_산출근거"":""전국 집계값 — 좌표·폴리곤 없음."",""경계_폴리곤_파일"":null,""경작지_면적_km"":null,""관목_면적_km"":null,""기후기술_연계_근거"":""간접 · 원천 자체 분류 — ESA WorldCover 가 토지피복 등급을 Tree cover·Cropland·Built-up 등으로 정의·배포하며, 수목 피복 면적은 탄소 흡수원의 물리적 기반, 경작지·건물 면적은 토지이용 변화의 기준이 됨. 주 기술 23(탄소 흡수원), 부 기술 35(산림·생태계 부문 기술) — 2026-08-28 발주처 지시에 따라 tech_id에 ';'로 연결해 복수 기입. [근거자료] ESA_WorldCover_10m_2021_v200_*_Map.tif (Discrete Classification, 등급 10~95) · FAOSTAT Land Cover(LC) Item=Artificial surfaces 등"",""나지_희박식생_면적_km"":null,""레코드_키"":""VNM_lc_mangroves_2000"",""맹그로브_면적_km"":null,""수목_면적_km"":null,""연도"":2000,""영구수체_면적_km"":null,""전국_값"":184.7,""전국_단위"":""1000 ha"",""전국_지표명"":""토지피복 면적 — 맹그로브"",""지역명_로마자"":""Viet Nam"",""지역명_베트남어"":""Việt Nam"",""초본습지_면적_km"":null,""초지_면적_km"":null,""합계_km"":null,""행정단위"":""Country""}",,전국 · 토지피복 면적 — 맹그로브 · [실적치] · FAOSTAT Land Cover · Area from CCI_LC (Flag=E),,,,B-037.xlsx,1.2_entity(레코드형),327,
B-037,"토지피복 분류별 면적[경작지, 산림, 초지, 건물, 수체, 나지]",entity,v124-b-037-entity-00325,B-037_landcover_national,VNM,,,,,,,,,토지피복 면적 — 맹그로브,,,"{""2025_개편_후_소속_34개_체계"":""전국(개편 무관)"",""건물_인공지표_면적_km"":null,""경계_면적_km_GADM"":null,""경계_좌표_산출근거"":""전국 집계값 — 좌표·폴리곤 없음."",""경계_폴리곤_파일"":null,""경작지_면적_km"":null,""관목_면적_km"":null,""기후기술_연계_근거"":""간접 · 원천 자체 분류 — ESA WorldCover 가 토지피복 등급을 Tree cover·Cropland·Built-up 등으로 정의·배포하며, 수목 피복 면적은 탄소 흡수원의 물리적 기반, 경작지·건물 면적은 토지이용 변화의 기준이 됨. 주 기술 23(탄소 흡수원), 부 기술 35(산림·생태계 부문 기술) — 2026-08-28 발주처 지시에 따라 tech_id에 ';'로 연결해 복수 기입. [근거자료] ESA_WorldCover_10m_2021_v200_*_Map.tif (Discrete Classification, 등급 10~95) · FAOSTAT Land Cover(LC) Item=Artificial surfaces 등"",""나지_희박식생_면적_km"":null,""레코드_키"":""VNM_lc_mangroves_2001"",""맹그로브_면적_km"":null,""수목_면적_km"":null,""연도"":2001,""영구수체_면적_km"":null,""전국_값"":187.22,""전국_단위"":""1000 ha"",""전국_지표명"":""토지피복 면적 — 맹그로브"",""지역명_로마자"":""Viet Nam"",""지역명_베트남어"":""Việt Nam"",""초본습지_면적_km"":null,""초지_면적_km"":null,""합계_km"":null,""행정단위"":""Country""}",,전국 · 토지피복 면적 — 맹그로브 · [실적치] · FAOSTAT Land Cover · Area from CCI_LC (Flag=E),,,,B-037.xlsx,1.2_entity(레코드형),328,
B-037,"토지피복 분류별 면적[경작지, 산림, 초지, 건물, 수체, 나지]",entity,v124-b-037-entity-00326,B-037_landcover_national,VNM,,,,,,,,,토지피복 면적 — 맹그로브,,,"{""2025_개편_후_소속_34개_체계"":""전국(개편 무관)"",""건물_인공지표_면적_km"":null,""경계_면적_km_GADM"":null,""경계_좌표_산출근거"":""전국 집계값 — 좌표·폴리곤 없음."",""경계_폴리곤_파일"":null,""경작지_면적_km"":null,""관목_면적_km"":null,""기후기술_연계_근거"":""간접 · 원천 자체 분류 — ESA WorldCover 가 토지피복 등급을 Tree cover·Cropland·Built-up 등으로 정의·배포하며, 수목 피복 면적은 탄소 흡수원의 물리적 기반, 경작지·건물 면적은 토지이용 변화의 기준이 됨. 주 기술 23(탄소 흡수원), 부 기술 35(산림·생태계 부문 기술) — 2026-08-28 발주처 지시에 따라 tech_id에 ';'로 연결해 복수 기입. [근거자료] ESA_WorldCover_10m_2021_v200_*_Map.tif (Discrete Classification, 등급 10~95) · FAOSTAT Land Cover(LC) Item=Artificial surfaces 등"",""나지_희박식생_면적_km"":null,""레코드_키"":""VNM_lc_mangroves_2002"",""맹그로브_면적_km"":null,""수목_면적_km"":null,""연도"":2002,""영구수체_면적_km"":null,""전국_값"":187.46,""전국_단위"":""1000 ha"",""전국_지표명"":""토지피복 면적 — 맹그로브"",""지역명_로마자"":""Viet Nam"",""지역명_베트남어"":""Việt Nam"",""초본습지_면적_km"":null,""초지_면적_km"":null,""합계_km"":null,""행정단위"":""Country""}",,전국 · 토지피복 면적 — 맹그로브 · [실적치] · FAOSTAT Land Cover · Area from CCI_LC (Flag=E),,,,B-037.xlsx,1.2_entity(레코드형),329,
B-037,"토지피복 분류별 면적[경작지, 산림, 초지, 건물, 수체, 나지]",entity,v124-b-037-entity-00327,B-037_landcover_national,VNM,,,,,,,,,토지피복 면적 — 맹그로브,,,"{""2025_개편_후_소속_34개_체계"":""전국(개편 무관)"",""건물_인공지표_면적_km"":null,""경계_면적_km_GADM"":null,""경계_좌표_산출근거"":""전국 집계값 — 좌표·폴리곤 없음."",""경계_폴리곤_파일"":null,""경작지_면적_km"":null,""관목_면적_km"":null,""기후기술_연계_근거"":""간접 · 원천 자체 분류 — ESA WorldCover 가 토지피복 등급을 Tree cover·Cropland·Built-up 등으로 정의·배포하며, 수목 피복 면적은 탄소 흡수원의 물리적 기반, 경작지·건물 면적은 토지이용 변화의 기준이 됨. 주 기술 23(탄소 흡수원), 부 기술 35(산림·생태계 부문 기술) — 2026-08-28 발주처 지시에 따라 tech_id에 ';'로 연결해 복수 기입. [근거자료] ESA_WorldCover_10m_2021_v200_*_Map.tif (Discrete Classification, 등급 10~95) · FAOSTAT Land Cover(LC) Item=Artificial surfaces 등"",""나지_희박식생_면적_km"":null,""레코드_키"":""VNM_lc_mangroves_2003"",""맹그로브_면적_km"":null,""수목_면적_km"":null,""연도"":2003,""영구수체_면적_km"":null,""전국_값"":187.99,""전국_단위"":""1000 ha"",""전국_지표명"":""토지피복 면적 — 맹그로브"",""지역명_로마자"":""Viet Nam"",""지역명_베트남어"":""Việt Nam"",""초본습지_면적_km"":null,""초지_면적_km"":null,""합계_km"":null,""행정단위"":""Country""}",,전국 · 토지피복 면적 — 맹그로브 · [실적치] · FAOSTAT Land Cover · Area from CCI_LC (Flag=E),,,,B-037.xlsx,1.2_entity(레코드형),330,
B-037,"토지피복 분류별 면적[경작지, 산림, 초지, 건물, 수체, 나지]",entity,v124-b-037-entity-00328,B-037_landcover_national,VNM,,,,,,,,,토지피복 면적 — 맹그로브,,,"{""2025_개편_후_소속_34개_체계"":""전국(개편 무관)"",""건물_인공지표_면적_km"":null,""경계_면적_km_GADM"":null,""경계_좌표_산출근거"":""전국 집계값 — 좌표·폴리곤 없음."",""경계_폴리곤_파일"":null,""경작지_면적_km"":null,""관목_면적_km"":null,""기후기술_연계_근거"":""간접 · 원천 자체 분류 — ESA WorldCover 가 토지피복 등급을 Tree cover·Cropland·Built-up 등으로 정의·배포하며, 수목 피복 면적은 탄소 흡수원의 물리적 기반, 경작지·건물 면적은 토지이용 변화의 기준이 됨. 주 기술 23(탄소 흡수원), 부 기술 35(산림·생태계 부문 기술) — 2026-08-28 발주처 지시에 따라 tech_id에 ';'로 연결해 복수 기입. [근거자료] ESA_WorldCover_10m_2021_v200_*_Map.tif (Discrete Classification, 등급 10~95) · FAOSTAT Land Cover(LC) Item=Artificial surfaces 등"",""나지_희박식생_면적_km"":null,""레코드_키"":""VNM_lc_mangroves_2004"",""맹그로브_면적_km"":null,""수목_면적_km"":null,""연도"":2004,""영구수체_면적_km"":null,""전국_값"":188.86,""전국_단위"":""1000 ha"",""전국_지표명"":""토지피복 면적 — 맹그로브"",""지역명_로마자"":""Viet Nam"",""지역명_베트남어"":""Việt Nam"",""초본습지_면적_km"":null,""초지_면적_km"":null,""합계_km"":null,""행정단위"":""Country""}",,전국 · 토지피복 면적 — 맹그로브 · [실적치] · FAOSTAT Land Cover · Area from CCI_LC (Flag=E),,,,B-037.xlsx,1.2_entity(레코드형),331,
B-037,"토지피복 분류별 면적[경작지, 산림, 초지, 건물, 수체, 나지]",entity,v124-b-037-entity-00329,B-037_landcover_national,VNM,,,,,,,,,토지피복 면적 — 맹그로브,,,"{""2025_개편_후_소속_34개_체계"":""전국(개편 무관)"",""건물_인공지표_면적_km"":null,""경계_면적_km_GADM"":null,""경계_좌표_산출근거"":""전국 집계값 — 좌표·폴리곤 없음."",""경계_폴리곤_파일"":null,""경작지_면적_km"":null,""관목_면적_km"":null,""기후기술_연계_근거"":""간접 · 원천 자체 분류 — ESA WorldCover 가 토지피복 등급을 Tree cover·Cropland·Built-up 등으로 정의·배포하며, 수목 피복 면적은 탄소 흡수원의 물리적 기반, 경작지·건물 면적은 토지이용 변화의 기준이 됨. 주 기술 23(탄소 흡수원), 부 기술 35(산림·생태계 부문 기술) — 2026-08-28 발주처 지시에 따라 tech_id에 ';'로 연결해 복수 기입. [근거자료] ESA_WorldCover_10m_2021_v200_*_Map.tif (Discrete Classification, 등급 10~95) · FAOSTAT Land Cover(LC) Item=Artificial surfaces 등"",""나지_희박식생_면적_km"":null,""레코드_키"":""VNM_lc_mangroves_2005"",""맹그로브_면적_km"":null,""수목_면적_km"":null,""연도"":2005,""영구수체_면적_km"":null,""전국_값"":188.79,""전국_단위"":""1000 ha"",""전국_지표명"":""토지피복 면적 — 맹그로브"",""지역명_로마자"":""Viet Nam"",""지역명_베트남어"":""Việt Nam"",""초본습지_면적_km"":null,""초지_면적_km"":null,""합계_km"":null,""행정단위"":""Country""}",,전국 · 토지피복 면적 — 맹그로브 · [실적치] · FAOSTAT Land Cover · Area from CCI_LC (Flag=E),,,,B-037.xlsx,1.2_entity(레코드형),332,
B-037,"토지피복 분류별 면적[경작지, 산림, 초지, 건물, 수체, 나지]",entity,v124-b-037-entity-00330,B-037_landcover_national,VNM,,,,,,,,,토지피복 면적 — 맹그로브,,,"{""2025_개편_후_소속_34개_체계"":""전국(개편 무관)"",""건물_인공지표_면적_km"":null,""경계_면적_km_GADM"":null,""경계_좌표_산출근거"":""전국 집계값 — 좌표·폴리곤 없음."",""경계_폴리곤_파일"":null,""경작지_면적_km"":null,""관목_면적_km"":null,""기후기술_연계_근거"":""간접 · 원천 자체 분류 — ESA WorldCover 가 토지피복 등급을 Tree cover·Cropland·Built-up 등으로 정의·배포하며, 수목 피복 면적은 탄소 흡수원의 물리적 기반, 경작지·건물 면적은 토지이용 변화의 기준이 됨. 주 기술 23(탄소 흡수원), 부 기술 35(산림·생태계 부문 기술) — 2026-08-28 발주처 지시에 따라 tech_id에 ';'로 연결해 복수 기입. [근거자료] ESA_WorldCover_10m_2021_v200_*_Map.tif (Discrete Classification, 등급 10~95) · FAOSTAT Land Cover(LC) Item=Artificial surfaces 등"",""나지_희박식생_면적_km"":null,""레코드_키"":""VNM_lc_mangroves_2006"",""맹그로브_면적_km"":null,""수목_면적_km"":null,""연도"":2006,""영구수체_면적_km"":null,""전국_값"":190.32,""전국_단위"":""1000 ha"",""전국_지표명"":""토지피복 면적 — 맹그로브"",""지역명_로마자"":""Viet Nam"",""지역명_베트남어"":""Việt Nam"",""초본습지_면적_km"":null,""초지_면적_km"":null,""합계_km"":null,""행정단위"":""Country""}",,전국 · 토지피복 면적 — 맹그로브 · [실적치] · FAOSTAT Land Cover · Area from CCI_LC (Flag=E),,,,B-037.xlsx,1.2_entity(레코드형),333,
B-037,"토지피복 분류별 면적[경작지, 산림, 초지, 건물, 수체, 나지]",entity,v124-b-037-entity-00331,B-037_landcover_national,VNM,,,,,,,,,토지피복 면적 — 맹그로브,,,"{""2025_개편_후_소속_34개_체계"":""전국(개편 무관)"",""건물_인공지표_면적_km"":null,""경계_면적_km_GADM"":null,""경계_좌표_산출근거"":""전국 집계값 — 좌표·폴리곤 없음."",""경계_폴리곤_파일"":null,""경작지_면적_km"":null,""관목_면적_km"":null,""기후기술_연계_근거"":""간접 · 원천 자체 분류 — ESA WorldCover 가 토지피복 등급을 Tree cover·Cropland·Built-up 등으로 정의·배포하며, 수목 피복 면적은 탄소 흡수원의 물리적 기반, 경작지·건물 면적은 토지이용 변화의 기준이 됨. 주 기술 23(탄소 흡수원), 부 기술 35(산림·생태계 부문 기술) — 2026-08-28 발주처 지시에 따라 tech_id에 ';'로 연결해 복수 기입. [근거자료] ESA_WorldCover_10m_2021_v200_*_Map.tif (Discrete Classification, 등급 10~95) · FAOSTAT Land Cover(LC) Item=Artificial surfaces 등"",""나지_희박식생_면적_km"":null,""레코드_키"":""VNM_lc_mangroves_2007"",""맹그로브_면적_km"":null,""수목_면적_km"":null,""연도"":2007,""영구수체_면적_km"":null,""전국_값"":192.83,""전국_단위"":""1000 ha"",""전국_지표명"":""토지피복 면적 — 맹그로브"",""지역명_로마자"":""Viet Nam"",""지역명_베트남어"":""Việt Nam"",""초본습지_면적_km"":null,""초지_면적_km"":null,""합계_km"":null,""행정단위"":""Country""}",,전국 · 토지피복 면적 — 맹그로브 · [실적치] · FAOSTAT Land Cover · Area from CCI_LC (Flag=E),,,,B-037.xlsx,1.2_entity(레코드형),334,
B-037,"토지피복 분류별 면적[경작지, 산림, 초지, 건물, 수체, 나지]",entity,v124-b-037-entity-00332,B-037_landcover_national,VNM,,,,,,,,,토지피복 면적 — 맹그로브,,,"{""2025_개편_후_소속_34개_체계"":""전국(개편 무관)"",""건물_인공지표_면적_km"":null,""경계_면적_km_GADM"":null,""경계_좌표_산출근거"":""전국 집계값 — 좌표·폴리곤 없음."",""경계_폴리곤_파일"":null,""경작지_면적_km"":null,""관목_면적_km"":null,""기후기술_연계_근거"":""간접 · 원천 자체 분류 — ESA WorldCover 가 토지피복 등급을 Tree cover·Cropland·Built-up 등으로 정의·배포하며, 수목 피복 면적은 탄소 흡수원의 물리적 기반, 경작지·건물 면적은 토지이용 변화의 기준이 됨. 주 기술 23(탄소 흡수원), 부 기술 35(산림·생태계 부문 기술) — 2026-08-28 발주처 지시에 따라 tech_id에 ';'로 연결해 복수 기입. [근거자료] ESA_WorldCover_10m_2021_v200_*_Map.tif (Discrete Classification, 등급 10~95) · FAOSTAT Land Cover(LC) Item=Artificial surfaces 등"",""나지_희박식생_면적_km"":null,""레코드_키"":""VNM_lc_mangroves_2008"",""맹그로브_면적_km"":null,""수목_면적_km"":null,""연도"":2008,""영구수체_면적_km"":null,""전국_값"":193.8,""전국_단위"":""1000 ha"",""전국_지표명"":""토지피복 면적 — 맹그로브"",""지역명_로마자"":""Viet Nam"",""지역명_베트남어"":""Việt Nam"",""초본습지_면적_km"":null,""초지_면적_km"":null,""합계_km"":null,""행정단위"":""Country""}",,전국 · 토지피복 면적 — 맹그로브 · [실적치] · FAOSTAT Land Cover · Area from CCI_LC (Flag=E),,,,B-037.xlsx,1.2_entity(레코드형),335,
B-037,"토지피복 분류별 면적[경작지, 산림, 초지, 건물, 수체, 나지]",entity,v124-b-037-entity-00333,B-037_landcover_national,VNM,,,,,,,,,토지피복 면적 — 맹그로브,,,"{""2025_개편_후_소속_34개_체계"":""전국(개편 무관)"",""건물_인공지표_면적_km"":null,""경계_면적_km_GADM"":null,""경계_좌표_산출근거"":""전국 집계값 — 좌표·폴리곤 없음."",""경계_폴리곤_파일"":null,""경작지_면적_km"":null,""관목_면적_km"":null,""기후기술_연계_근거"":""간접 · 원천 자체 분류 — ESA WorldCover 가 토지피복 등급을 Tree cover·Cropland·Built-up 등으로 정의·배포하며, 수목 피복 면적은 탄소 흡수원의 물리적 기반, 경작지·건물 면적은 토지이용 변화의 기준이 됨. 주 기술 23(탄소 흡수원), 부 기술 35(산림·생태계 부문 기술) — 2026-08-28 발주처 지시에 따라 tech_id에 ';'로 연결해 복수 기입. [근거자료] ESA_WorldCover_10m_2021_v200_*_Map.tif (Discrete Classification, 등급 10~95) · FAOSTAT Land Cover(LC) Item=Artificial surfaces 등"",""나지_희박식생_면적_km"":null,""레코드_키"":""VNM_lc_mangroves_2009"",""맹그로브_면적_km"":null,""수목_면적_km"":null,""연도"":2009,""영구수체_면적_km"":null,""전국_값"":194.2,""전국_단위"":""1000 ha"",""전국_지표명"":""토지피복 면적 — 맹그로브"",""지역명_로마자"":""Viet Nam"",""지역명_베트남어"":""Việt Nam"",""초본습지_면적_km"":null,""초지_면적_km"":null,""합계_km"":null,""행정단위"":""Country""}",,전국 · 토지피복 면적 — 맹그로브 · [실적치] · FAOSTAT Land Cover · Area from CCI_LC (Flag=E),,,,B-037.xlsx,1.2_entity(레코드형),336,
B-037,"토지피복 분류별 면적[경작지, 산림, 초지, 건물, 수체, 나지]",entity,v124-b-037-entity-00334,B-037_landcover_national,VNM,,,,,,,,,토지피복 면적 — 맹그로브,,,"{""2025_개편_후_소속_34개_체계"":""전국(개편 무관)"",""건물_인공지표_면적_km"":null,""경계_면적_km_GADM"":null,""경계_좌표_산출근거"":""전국 집계값 — 좌표·폴리곤 없음."",""경계_폴리곤_파일"":null,""경작지_면적_km"":null,""관목_면적_km"":null,""기후기술_연계_근거"":""간접 · 원천 자체 분류 — ESA WorldCover 가 토지피복 등급을 Tree cover·Cropland·Built-up 등으로 정의·배포하며, 수목 피복 면적은 탄소 흡수원의 물리적 기반, 경작지·건물 면적은 토지이용 변화의 기준이 됨. 주 기술 23(탄소 흡수원), 부 기술 35(산림·생태계 부문 기술) — 2026-08-28 발주처 지시에 따라 tech_id에 ';'로 연결해 복수 기입. [근거자료] ESA_WorldCover_10m_2021_v200_*_Map.tif (Discrete Classification, 등급 10~95) · FAOSTAT Land Cover(LC) Item=Artificial surfaces 등"",""나지_희박식생_면적_km"":null,""레코드_키"":""VNM_lc_mangroves_2010"",""맹그로브_면적_km"":null,""수목_면적_km"":null,""연도"":2010,""영구수체_면적_km"":null,""전국_값"":196.22,""전국_단위"":""1000 ha"",""전국_지표명"":""토지피복 면적 — 맹그로브"",""지역명_로마자"":""Viet Nam"",""지역명_베트남어"":""Việt Nam"",""초본습지_면적_km"":null,""초지_면적_km"":null,""합계_km"":null,""행정단위"":""Country""}",,전국 · 토지피복 면적 — 맹그로브 · [실적치] · FAOSTAT Land Cover · Area from CCI_LC (Flag=E),,,,B-037.xlsx,1.2_entity(레코드형),337,
B-037,"토지피복 분류별 면적[경작지, 산림, 초지, 건물, 수체, 나지]",entity,v124-b-037-entity-00335,B-037_landcover_national,VNM,,,,,,,,,토지피복 면적 — 맹그로브,,,"{""2025_개편_후_소속_34개_체계"":""전국(개편 무관)"",""건물_인공지표_면적_km"":null,""경계_면적_km_GADM"":null,""경계_좌표_산출근거"":""전국 집계값 — 좌표·폴리곤 없음."",""경계_폴리곤_파일"":null,""경작지_면적_km"":null,""관목_면적_km"":null,""기후기술_연계_근거"":""간접 · 원천 자체 분류 — ESA WorldCover 가 토지피복 등급을 Tree cover·Cropland·Built-up 등으로 정의·배포하며, 수목 피복 면적은 탄소 흡수원의 물리적 기반, 경작지·건물 면적은 토지이용 변화의 기준이 됨. 주 기술 23(탄소 흡수원), 부 기술 35(산림·생태계 부문 기술) — 2026-08-28 발주처 지시에 따라 tech_id에 ';'로 연결해 복수 기입. [근거자료] ESA_WorldCover_10m_2021_v200_*_Map.tif (Discrete Classification, 등급 10~95) · FAOSTAT Land Cover(LC) Item=Artificial surfaces 등"",""나지_희박식생_면적_km"":null,""레코드_키"":""VNM_lc_mangroves_2011"",""맹그로브_면적_km"":null,""수목_면적_km"":null,""연도"":2011,""영구수체_면적_km"":null,""전국_값"":200.33,""전국_단위"":""1000 ha"",""전국_지표명"":""토지피복 면적 — 맹그로브"",""지역명_로마자"":""Viet Nam"",""지역명_베트남어"":""Việt Nam"",""초본습지_면적_km"":null,""초지_면적_km"":null,""합계_km"":null,""행정단위"":""Country""}",,전국 · 토지피복 면적 — 맹그로브 · [실적치] · FAOSTAT Land Cover · Area from CCI_LC (Flag=E),,,,B-037.xlsx,1.2_entity(레코드형),338,
B-037,"토지피복 분류별 면적[경작지, 산림, 초지, 건물, 수체, 나지]",entity,v124-b-037-entity-00336,B-037_landcover_national,VNM,,,,,,,,,토지피복 면적 — 맹그로브,,,"{""2025_개편_후_소속_34개_체계"":""전국(개편 무관)"",""건물_인공지표_면적_km"":null,""경계_면적_km_GADM"":null,""경계_좌표_산출근거"":""전국 집계값 — 좌표·폴리곤 없음."",""경계_폴리곤_파일"":null,""경작지_면적_km"":null,""관목_면적_km"":null,""기후기술_연계_근거"":""간접 · 원천 자체 분류 — ESA WorldCover 가 토지피복 등급을 Tree cover·Cropland·Built-up 등으로 정의·배포하며, 수목 피복 면적은 탄소 흡수원의 물리적 기반, 경작지·건물 면적은 토지이용 변화의 기준이 됨. 주 기술 23(탄소 흡수원), 부 기술 35(산림·생태계 부문 기술) — 2026-08-28 발주처 지시에 따라 tech_id에 ';'로 연결해 복수 기입. [근거자료] ESA_WorldCover_10m_2021_v200_*_Map.tif (Discrete Classification, 등급 10~95) · FAOSTAT Land Cover(LC) Item=Artificial surfaces 등"",""나지_희박식생_면적_km"":null,""레코드_키"":""VNM_lc_mangroves_2012"",""맹그로브_면적_km"":null,""수목_면적_km"":null,""연도"":2012,""영구수체_면적_km"":null,""전국_값"":200.91,""전국_단위"":""1000 ha"",""전국_지표명"":""토지피복 면적 — 맹그로브"",""지역명_로마자"":""Viet Nam"",""지역명_베트남어"":""Việt Nam"",""초본습지_면적_km"":null,""초지_면적_km"":null,""합계_km"":null,""행정단위"":""Country""}",,전국 · 토지피복 면적 — 맹그로브 · [실적치] · FAOSTAT Land Cover · Area from CCI_LC (Flag=E),,,,B-037.xlsx,1.2_entity(레코드형),339,
B-037,"토지피복 분류별 면적[경작지, 산림, 초지, 건물, 수체, 나지]",entity,v124-b-037-entity-00337,B-037_landcover_national,VNM,,,,,,,,,토지피복 면적 — 맹그로브,,,"{""2025_개편_후_소속_34개_체계"":""전국(개편 무관)"",""건물_인공지표_면적_km"":null,""경계_면적_km_GADM"":null,""경계_좌표_산출근거"":""전국 집계값 — 좌표·폴리곤 없음."",""경계_폴리곤_파일"":null,""경작지_면적_km"":null,""관목_면적_km"":null,""기후기술_연계_근거"":""간접 · 원천 자체 분류 — ESA WorldCover 가 토지피복 등급을 Tree cover·Cropland·Built-up 등으로 정의·배포하며, 수목 피복 면적은 탄소 흡수원의 물리적 기반, 경작지·건물 면적은 토지이용 변화의 기준이 됨. 주 기술 23(탄소 흡수원), 부 기술 35(산림·생태계 부문 기술) — 2026-08-28 발주처 지시에 따라 tech_id에 ';'로 연결해 복수 기입. [근거자료] ESA_WorldCover_10m_2021_v200_*_Map.tif (Discrete Classification, 등급 10~95) · FAOSTAT Land Cover(LC) Item=Artificial surfaces 등"",""나지_희박식생_면적_km"":null,""레코드_키"":""VNM_lc_mangroves_2013"",""맹그로브_면적_km"":null,""수목_면적_km"":null,""연도"":2013,""영구수체_면적_km"":null,""전국_값"":201,""전국_단위"":""1000 ha"",""전국_지표명"":""토지피복 면적 — 맹그로브"",""지역명_로마자"":""Viet Nam"",""지역명_베트남어"":""Việt Nam"",""초본습지_면적_km"":null,""초지_면적_km"":null,""합계_km"":null,""행정단위"":""Country""}",,전국 · 토지피복 면적 — 맹그로브 · [실적치] · FAOSTAT Land Cover · Area from CCI_LC (Flag=E),,,,B-037.xlsx,1.2_entity(레코드형),340,
B-037,"토지피복 분류별 면적[경작지, 산림, 초지, 건물, 수체, 나지]",entity,v124-b-037-entity-00338,B-037_landcover_national,VNM,,,,,,,,,토지피복 면적 — 맹그로브,,,"{""2025_개편_후_소속_34개_체계"":""전국(개편 무관)"",""건물_인공지표_면적_km"":null,""경계_면적_km_GADM"":null,""경계_좌표_산출근거"":""전국 집계값 — 좌표·폴리곤 없음."",""경계_폴리곤_파일"":null,""경작지_면적_km"":null,""관목_면적_km"":null,""기후기술_연계_근거"":""간접 · 원천 자체 분류 — ESA WorldCover 가 토지피복 등급을 Tree cover·Cropland·Built-up 등으로 정의·배포하며, 수목 피복 면적은 탄소 흡수원의 물리적 기반, 경작지·건물 면적은 토지이용 변화의 기준이 됨. 주 기술 23(탄소 흡수원), 부 기술 35(산림·생태계 부문 기술) — 2026-08-28 발주처 지시에 따라 tech_id에 ';'로 연결해 복수 기입. [근거자료] ESA_WorldCover_10m_2021_v200_*_Map.tif (Discrete Classification, 등급 10~95) · FAOSTAT Land Cover(LC) Item=Artificial surfaces 등"",""나지_희박식생_면적_km"":null,""레코드_키"":""VNM_lc_mangroves_2014"",""맹그로브_면적_km"":null,""수목_면적_km"":null,""연도"":2014,""영구수체_면적_km"":null,""전국_값"":201.3,""전국_단위"":""1000 ha"",""전국_지표명"":""토지피복 면적 — 맹그로브"",""지역명_로마자"":""Viet Nam"",""지역명_베트남어"":""Việt Nam"",""초본습지_면적_km"":null,""초지_면적_km"":null,""합계_km"":null,""행정단위"":""Country""}",,전국 · 토지피복 면적 — 맹그로브 · [실적치] · FAOSTAT Land Cover · Area from CCI_LC (Flag=E),,,,B-037.xlsx,1.2_entity(레코드형),341,
B-037,"토지피복 분류별 면적[경작지, 산림, 초지, 건물, 수체, 나지]",entity,v124-b-037-entity-00339,B-037_landcover_national,VNM,,,,,,,,,토지피복 면적 — 맹그로브,,,"{""2025_개편_후_소속_34개_체계"":""전국(개편 무관)"",""건물_인공지표_면적_km"":null,""경계_면적_km_GADM"":null,""경계_좌표_산출근거"":""전국 집계값 — 좌표·폴리곤 없음."",""경계_폴리곤_파일"":null,""경작지_면적_km"":null,""관목_면적_km"":null,""기후기술_연계_근거"":""간접 · 원천 자체 분류 — ESA WorldCover 가 토지피복 등급을 Tree cover·Cropland·Built-up 등으로 정의·배포하며, 수목 피복 면적은 탄소 흡수원의 물리적 기반, 경작지·건물 면적은 토지이용 변화의 기준이 됨. 주 기술 23(탄소 흡수원), 부 기술 35(산림·생태계 부문 기술) — 2026-08-28 발주처 지시에 따라 tech_id에 ';'로 연결해 복수 기입. [근거자료] ESA_WorldCover_10m_2021_v200_*_Map.tif (Discrete Classification, 등급 10~95) · FAOSTAT Land Cover(LC) Item=Artificial surfaces 등"",""나지_희박식생_면적_km"":null,""레코드_키"":""VNM_lc_mangroves_2015"",""맹그로브_면적_km"":null,""수목_면적_km"":null,""연도"":2015,""영구수체_면적_km"":null,""전국_값"":201.24,""전국_단위"":""1000 ha"",""전국_지표명"":""토지피복 면적 — 맹그로브"",""지역명_로마자"":""Viet Nam"",""지역명_베트남어"":""Việt Nam"",""초본습지_면적_km"":null,""초지_면적_km"":null,""합계_km"":null,""행정단위"":""Country""}",,전국 · 토지피복 면적 — 맹그로브 · [실적치] · FAOSTAT Land Cover · Area from CCI_LC (Flag=E),,,,B-037.xlsx,1.2_entity(레코드형),342,
B-037,"토지피복 분류별 면적[경작지, 산림, 초지, 건물, 수체, 나지]",entity,v124-b-037-entity-00340,B-037_landcover_national,VNM,,,,,,,,,토지피복 면적 — 맹그로브,,,"{""2025_개편_후_소속_34개_체계"":""전국(개편 무관)"",""건물_인공지표_면적_km"":null,""경계_면적_km_GADM"":null,""경계_좌표_산출근거"":""전국 집계값 — 좌표·폴리곤 없음."",""경계_폴리곤_파일"":null,""경작지_면적_km"":null,""관목_면적_km"":null,""기후기술_연계_근거"":""간접 · 원천 자체 분류 — ESA WorldCover 가 토지피복 등급을 Tree cover·Cropland·Built-up 등으로 정의·배포하며, 수목 피복 면적은 탄소 흡수원의 물리적 기반, 경작지·건물 면적은 토지이용 변화의 기준이 됨. 주 기술 23(탄소 흡수원), 부 기술 35(산림·생태계 부문 기술) — 2026-08-28 발주처 지시에 따라 tech_id에 ';'로 연결해 복수 기입. [근거자료] ESA_WorldCover_10m_2021_v200_*_Map.tif (Discrete Classification, 등급 10~95) · FAOSTAT Land Cover(LC) Item=Artificial surfaces 등"",""나지_희박식생_면적_km"":null,""레코드_키"":""VNM_lc_mangroves_2016"",""맹그로브_면적_km"":null,""수목_면적_km"":null,""연도"":2016,""영구수체_면적_km"":null,""전국_값"":205,""전국_단위"":""1000 ha"",""전국_지표명"":""토지피복 면적 — 맹그로브"",""지역명_로마자"":""Viet Nam"",""지역명_베트남어"":""Việt Nam"",""초본습지_면적_km"":null,""초지_면적_km"":null,""합계_km"":null,""행정단위"":""Country""}",,전국 · 토지피복 면적 — 맹그로브 · [실적치] · FAOSTAT Land Cover · Area from CCI_LC (Flag=E),,,,B-037.xlsx,1.2_entity(레코드형),343,
B-037,"토지피복 분류별 면적[경작지, 산림, 초지, 건물, 수체, 나지]",entity,v124-b-037-entity-00341,B-037_landcover_national,VNM,,,,,,,,,토지피복 면적 — 맹그로브,,,"{""2025_개편_후_소속_34개_체계"":""전국(개편 무관)"",""건물_인공지표_면적_km"":null,""경계_면적_km_GADM"":null,""경계_좌표_산출근거"":""전국 집계값 — 좌표·폴리곤 없음."",""경계_폴리곤_파일"":null,""경작지_면적_km"":null,""관목_면적_km"":null,""기후기술_연계_근거"":""간접 · 원천 자체 분류 — ESA WorldCover 가 토지피복 등급을 Tree cover·Cropland·Built-up 등으로 정의·배포하며, 수목 피복 면적은 탄소 흡수원의 물리적 기반, 경작지·건물 면적은 토지이용 변화의 기준이 됨. 주 기술 23(탄소 흡수원), 부 기술 35(산림·생태계 부문 기술) — 2026-08-28 발주처 지시에 따라 tech_id에 ';'로 연결해 복수 기입. [근거자료] ESA_WorldCover_10m_2021_v200_*_Map.tif (Discrete Classification, 등급 10~95) · FAOSTAT Land Cover(LC) Item=Artificial surfaces 등"",""나지_희박식생_면적_km"":null,""레코드_키"":""VNM_lc_mangroves_2017"",""맹그로브_면적_km"":null,""수목_면적_km"":null,""연도"":2017,""영구수체_면적_km"":null,""전국_값"":207.82,""전국_단위"":""1000 ha"",""전국_지표명"":""토지피복 면적 — 맹그로브"",""지역명_로마자"":""Viet Nam"",""지역명_베트남어"":""Việt Nam"",""초본습지_면적_km"":null,""초지_면적_km"":null,""합계_km"":null,""행정단위"":""Country""}",,전국 · 토지피복 면적 — 맹그로브 · [실적치] · FAOSTAT Land Cover · Area from CCI_LC (Flag=E),,,,B-037.xlsx,1.2_entity(레코드형),344,
B-037,"토지피복 분류별 면적[경작지, 산림, 초지, 건물, 수체, 나지]",entity,v124-b-037-entity-00342,B-037_landcover_national,VNM,,,,,,,,,토지피복 면적 — 맹그로브,,,"{""2025_개편_후_소속_34개_체계"":""전국(개편 무관)"",""건물_인공지표_면적_km"":null,""경계_면적_km_GADM"":null,""경계_좌표_산출근거"":""전국 집계값 — 좌표·폴리곤 없음."",""경계_폴리곤_파일"":null,""경작지_면적_km"":null,""관목_면적_km"":null,""기후기술_연계_근거"":""간접 · 원천 자체 분류 — ESA WorldCover 가 토지피복 등급을 Tree cover·Cropland·Built-up 등으로 정의·배포하며, 수목 피복 면적은 탄소 흡수원의 물리적 기반, 경작지·건물 면적은 토지이용 변화의 기준이 됨. 주 기술 23(탄소 흡수원), 부 기술 35(산림·생태계 부문 기술) — 2026-08-28 발주처 지시에 따라 tech_id에 ';'로 연결해 복수 기입. [근거자료] ESA_WorldCover_10m_2021_v200_*_Map.tif (Discrete Classification, 등급 10~95) · FAOSTAT Land Cover(LC) Item=Artificial surfaces 등"",""나지_희박식생_면적_km"":null,""레코드_키"":""VNM_lc_mangroves_2018"",""맹그로브_면적_km"":null,""수목_면적_km"":null,""연도"":2018,""영구수체_면적_km"":null,""전국_값"":210.28,""전국_단위"":""1000 ha"",""전국_지표명"":""토지피복 면적 — 맹그로브"",""지역명_로마자"":""Viet Nam"",""지역명_베트남어"":""Việt Nam"",""초본습지_면적_km"":null,""초지_면적_km"":null,""합계_km"":null,""행정단위"":""Country""}",,전국 · 토지피복 면적 — 맹그로브 · [실적치] · FAOSTAT Land Cover · Area from CCI_LC (Flag=E),,,,B-037.xlsx,1.2_entity(레코드형),345,
B-037,"토지피복 분류별 면적[경작지, 산림, 초지, 건물, 수체, 나지]",entity,v124-b-037-entity-00343,B-037_landcover_national,VNM,,,,,,,,,토지피복 면적 — 맹그로브,,,"{""2025_개편_후_소속_34개_체계"":""전국(개편 무관)"",""건물_인공지표_면적_km"":null,""경계_면적_km_GADM"":null,""경계_좌표_산출근거"":""전국 집계값 — 좌표·폴리곤 없음."",""경계_폴리곤_파일"":null,""경작지_면적_km"":null,""관목_면적_km"":null,""기후기술_연계_근거"":""간접 · 원천 자체 분류 — ESA WorldCover 가 토지피복 등급을 Tree cover·Cropland·Built-up 등으로 정의·배포하며, 수목 피복 면적은 탄소 흡수원의 물리적 기반, 경작지·건물 면적은 토지이용 변화의 기준이 됨. 주 기술 23(탄소 흡수원), 부 기술 35(산림·생태계 부문 기술) — 2026-08-28 발주처 지시에 따라 tech_id에 ';'로 연결해 복수 기입. [근거자료] ESA_WorldCover_10m_2021_v200_*_Map.tif (Discrete Classification, 등급 10~95) · FAOSTAT Land Cover(LC) Item=Artificial surfaces 등"",""나지_희박식생_면적_km"":null,""레코드_키"":""VNM_lc_mangroves_2019"",""맹그로브_면적_km"":null,""수목_면적_km"":null,""연도"":2019,""영구수체_면적_km"":null,""전국_값"":212.2,""전국_단위"":""1000 ha"",""전국_지표명"":""토지피복 면적 — 맹그로브"",""지역명_로마자"":""Viet Nam"",""지역명_베트남어"":""Việt Nam"",""초본습지_면적_km"":null,""초지_면적_km"":null,""합계_km"":null,""행정단위"":""Country""}",,전국 · 토지피복 면적 — 맹그로브 · [실적치] · FAOSTAT Land Cover · Area from CCI_LC (Flag=E),,,,B-037.xlsx,1.2_entity(레코드형),346,
B-037,"토지피복 분류별 면적[경작지, 산림, 초지, 건물, 수체, 나지]",entity,v124-b-037-entity-00344,B-037_landcover_national,VNM,,,,,,,,,토지피복 면적 — 맹그로브,,,"{""2025_개편_후_소속_34개_체계"":""전국(개편 무관)"",""건물_인공지표_면적_km"":null,""경계_면적_km_GADM"":null,""경계_좌표_산출근거"":""전국 집계값 — 좌표·폴리곤 없음."",""경계_폴리곤_파일"":null,""경작지_면적_km"":null,""관목_면적_km"":null,""기후기술_연계_근거"":""간접 · 원천 자체 분류 — ESA WorldCover 가 토지피복 등급을 Tree cover·Cropland·Built-up 등으로 정의·배포하며, 수목 피복 면적은 탄소 흡수원의 물리적 기반, 경작지·건물 면적은 토지이용 변화의 기준이 됨. 주 기술 23(탄소 흡수원), 부 기술 35(산림·생태계 부문 기술) — 2026-08-28 발주처 지시에 따라 tech_id에 ';'로 연결해 복수 기입. [근거자료] ESA_WorldCover_10m_2021_v200_*_Map.tif (Discrete Classification, 등급 10~95) · FAOSTAT Land Cover(LC) Item=Artificial surfaces 등"",""나지_희박식생_면적_km"":null,""레코드_키"":""VNM_lc_mangroves_2020"",""맹그로브_면적_km"":null,""수목_면적_km"":null,""연도"":2020,""영구수체_면적_km"":null,""전국_값"":212.22,""전국_단위"":""1000 ha"",""전국_지표명"":""토지피복 면적 — 맹그로브"",""지역명_로마자"":""Viet Nam"",""지역명_베트남어"":""Việt Nam"",""초본습지_면적_km"":null,""초지_면적_km"":null,""합계_km"":null,""행정단위"":""Country""}",,전국 · 토지피복 면적 — 맹그로브 · [실적치] · FAOSTAT Land Cover · Area from CCI_LC (Flag=E),,,,B-037.xlsx,1.2_entity(레코드형),347,
B-037,"토지피복 분류별 면적[경작지, 산림, 초지, 건물, 수체, 나지]",entity,v124-b-037-entity-00345,B-037_landcover_national,VNM,,,,,,,,,토지피복 면적 — 맹그로브,,,"{""2025_개편_후_소속_34개_체계"":""전국(개편 무관)"",""건물_인공지표_면적_km"":null,""경계_면적_km_GADM"":null,""경계_좌표_산출근거"":""전국 집계값 — 좌표·폴리곤 없음."",""경계_폴리곤_파일"":null,""경작지_면적_km"":null,""관목_면적_km"":null,""기후기술_연계_근거"":""간접 · 원천 자체 분류 — ESA WorldCover 가 토지피복 등급을 Tree cover·Cropland·Built-up 등으로 정의·배포하며, 수목 피복 면적은 탄소 흡수원의 물리적 기반, 경작지·건물 면적은 토지이용 변화의 기준이 됨. 주 기술 23(탄소 흡수원), 부 기술 35(산림·생태계 부문 기술) — 2026-08-28 발주처 지시에 따라 tech_id에 ';'로 연결해 복수 기입. [근거자료] ESA_WorldCover_10m_2021_v200_*_Map.tif (Discrete Classification, 등급 10~95) · FAOSTAT Land Cover(LC) Item=Artificial surfaces 등"",""나지_희박식생_면적_km"":null,""레코드_키"":""VNM_lc_mangroves_2021"",""맹그로브_면적_km"":null,""수목_면적_km"":null,""연도"":2021,""영구수체_면적_km"":null,""전국_값"":213.25,""전국_단위"":""1000 ha"",""전국_지표명"":""토지피복 면적 — 맹그로브"",""지역명_로마자"":""Viet Nam"",""지역명_베트남어"":""Việt Nam"",""초본습지_면적_km"":null,""초지_면적_km"":null,""합계_km"":null,""행정단위"":""Country""}",,전국 · 토지피복 면적 — 맹그로브 · [실적치] · FAOSTAT Land Cover · Area from CCI_LC (Flag=E),,,,B-037.xlsx,1.2_entity(레코드형),348,
B-037,"토지피복 분류별 면적[경작지, 산림, 초지, 건물, 수체, 나지]",entity,v124-b-037-entity-00346,B-037_landcover_national,VNM,,,,,,,,,토지피복 면적 — 맹그로브,,,"{""2025_개편_후_소속_34개_체계"":""전국(개편 무관)"",""건물_인공지표_면적_km"":null,""경계_면적_km_GADM"":null,""경계_좌표_산출근거"":""전국 집계값 — 좌표·폴리곤 없음."",""경계_폴리곤_파일"":null,""경작지_면적_km"":null,""관목_면적_km"":null,""기후기술_연계_근거"":""간접 · 원천 자체 분류 — ESA WorldCover 가 토지피복 등급을 Tree cover·Cropland·Built-up 등으로 정의·배포하며, 수목 피복 면적은 탄소 흡수원의 물리적 기반, 경작지·건물 면적은 토지이용 변화의 기준이 됨. 주 기술 23(탄소 흡수원), 부 기술 35(산림·생태계 부문 기술) — 2026-08-28 발주처 지시에 따라 tech_id에 ';'로 연결해 복수 기입. [근거자료] ESA_WorldCover_10m_2021_v200_*_Map.tif (Discrete Classification, 등급 10~95) · FAOSTAT Land Cover(LC) Item=Artificial surfaces 등"",""나지_희박식생_면적_km"":null,""레코드_키"":""VNM_lc_mangroves_2022"",""맹그로브_면적_km"":null,""수목_면적_km"":null,""연도"":2022,""영구수체_면적_km"":null,""전국_값"":215.73,""전국_단위"":""1000 ha"",""전국_지표명"":""토지피복 면적 — 맹그로브"",""지역명_로마자"":""Viet Nam"",""지역명_베트남어"":""Việt Nam"",""초본습지_면적_km"":null,""초지_면적_km"":null,""합계_km"":null,""행정단위"":""Country""}",,전국 · 토지피복 면적 — 맹그로브 · [실적치] · FAOSTAT Land Cover · Area from CCI_LC (Flag=E),,,,B-037.xlsx,1.2_entity(레코드형),349,
B-037,"토지피복 분류별 면적[경작지, 산림, 초지, 건물, 수체, 나지]",entity,v124-b-037-entity-00347,B-037_landcover_national,VNM,,,,,,,,,토지피복 면적(CGLS) — 맹그로브,,,"{""2025_개편_후_소속_34개_체계"":""전국(개편 무관)"",""건물_인공지표_면적_km"":null,""경계_면적_km_GADM"":null,""경계_좌표_산출근거"":""전국 집계값 — 좌표·폴리곤 없음."",""경계_폴리곤_파일"":null,""경작지_면적_km"":null,""관목_면적_km"":null,""기후기술_연계_근거"":""간접 · 원천 자체 분류 — ESA WorldCover 가 토지피복 등급을 Tree cover·Cropland·Built-up 등으로 정의·배포하며, 수목 피복 면적은 탄소 흡수원의 물리적 기반, 경작지·건물 면적은 토지이용 변화의 기준이 됨. 주 기술 23(탄소 흡수원), 부 기술 35(산림·생태계 부문 기술) — 2026-08-28 발주처 지시에 따라 tech_id에 ';'로 연결해 복수 기입. [근거자료] ESA_WorldCover_10m_2021_v200_*_Map.tif (Discrete Classification, 등급 10~95) · FAOSTAT Land Cover(LC) Item=Artificial surfaces 등"",""나지_희박식생_면적_km"":null,""레코드_키"":""VNM_lc_mangroves_cgls_2019"",""맹그로브_면적_km"":null,""수목_면적_km"":null,""연도"":2019,""영구수체_면적_km"":null,""전국_값"":null,""전국_단위"":""1000 ha"",""전국_지표명"":""토지피복 면적(CGLS) — 맹그로브"",""지역명_로마자"":""Viet Nam"",""지역명_베트남어"":""Việt Nam"",""초본습지_면적_km"":null,""초지_면적_km"":null,""합계_km"":null,""행정단위"":""Country""}",M03,"전국 · 토지피복 면적(CGLS) — 맹그로브 · Copernicus Global Land Service 100m 산출물에 해당 클래스 행은 존재하나 전 연도 값이 공란(원천 Flag=O, 값 미산출)",,,,B-037.xlsx,1.2_entity(레코드형),350,
B-037,"토지피복 분류별 면적[경작지, 산림, 초지, 건물, 수체, 나지]",entity,v124-b-037-entity-00348,B-037_landcover_national,VNM,,,,,,,,,토지피복 면적(MODIS) — 맹그로브,,,"{""2025_개편_후_소속_34개_체계"":""전국(개편 무관)"",""건물_인공지표_면적_km"":null,""경계_면적_km_GADM"":null,""경계_좌표_산출근거"":""전국 집계값 — 좌표·폴리곤 없음."",""경계_폴리곤_파일"":null,""경작지_면적_km"":null,""관목_면적_km"":null,""기후기술_연계_근거"":""간접 · 원천 자체 분류 — ESA WorldCover 가 토지피복 등급을 Tree cover·Cropland·Built-up 등으로 정의·배포하며, 수목 피복 면적은 탄소 흡수원의 물리적 기반, 경작지·건물 면적은 토지이용 변화의 기준이 됨. 주 기술 23(탄소 흡수원), 부 기술 35(산림·생태계 부문 기술) — 2026-08-28 발주처 지시에 따라 tech_id에 ';'로 연결해 복수 기입. [근거자료] ESA_WorldCover_10m_2021_v200_*_Map.tif (Discrete Classification, 등급 10~95) · FAOSTAT Land Cover(LC) Item=Artificial surfaces 등"",""나지_희박식생_면적_km"":null,""레코드_키"":""VNM_lc_mangroves_modis_2001"",""맹그로브_면적_km"":null,""수목_면적_km"":null,""연도"":2001,""영구수체_면적_km"":null,""전국_값"":670.63,""전국_단위"":""1000 ha"",""전국_지표명"":""토지피복 면적(MODIS) — 맹그로브"",""지역명_로마자"":""Viet Nam"",""지역명_베트남어"":""Việt Nam"",""초본습지_면적_km"":null,""초지_면적_km"":null,""합계_km"":null,""행정단위"":""Country""}",,전국 · 토지피복 면적(MODIS) — 맹그로브 · [실적치] · FAOSTAT Land Cover · Area from MODIS (Flag=E),,,,B-037.xlsx,1.2_entity(레코드형),351,
B-037,"토지피복 분류별 면적[경작지, 산림, 초지, 건물, 수체, 나지]",entity,v124-b-037-entity-00349,B-037_landcover_national,VNM,,,,,,,,,토지피복 면적(MODIS) — 맹그로브,,,"{""2025_개편_후_소속_34개_체계"":""전국(개편 무관)"",""건물_인공지표_면적_km"":null,""경계_면적_km_GADM"":null,""경계_좌표_산출근거"":""전국 집계값 — 좌표·폴리곤 없음."",""경계_폴리곤_파일"":null,""경작지_면적_km"":null,""관목_면적_km"":null,""기후기술_연계_근거"":""간접 · 원천 자체 분류 — ESA WorldCover 가 토지피복 등급을 Tree cover·Cropland·Built-up 등으로 정의·배포하며, 수목 피복 면적은 탄소 흡수원의 물리적 기반, 경작지·건물 면적은 토지이용 변화의 기준이 됨. 주 기술 23(탄소 흡수원), 부 기술 35(산림·생태계 부문 기술) — 2026-08-28 발주처 지시에 따라 tech_id에 ';'로 연결해 복수 기입. [근거자료] ESA_WorldCover_10m_2021_v200_*_Map.tif (Discrete Classification, 등급 10~95) · FAOSTAT Land Cover(LC) Item=Artificial surfaces 등"",""나지_희박식생_면적_km"":null,""레코드_키"":""VNM_lc_mangroves_modis_2002"",""맹그로브_면적_km"":null,""수목_면적_km"":null,""연도"":2002,""영구수체_면적_km"":null,""전국_값"":493.46,""전국_단위"":""1000 ha"",""전국_지표명"":""토지피복 면적(MODIS) — 맹그로브"",""지역명_로마자"":""Viet Nam"",""지역명_베트남어"":""Việt Nam"",""초본습지_면적_km"":null,""초지_면적_km"":null,""합계_km"":null,""행정단위"":""Country""}",,전국 · 토지피복 면적(MODIS) — 맹그로브 · [실적치] · FAOSTAT Land Cover · Area from MODIS (Flag=E),,,,B-037.xlsx,1.2_entity(레코드형),352,
B-037,"토지피복 분류별 면적[경작지, 산림, 초지, 건물, 수체, 나지]",entity,v124-b-037-entity-00350,B-037_landcover_national,VNM,,,,,,,,,토지피복 면적(MODIS) — 맹그로브,,,"{""2025_개편_후_소속_34개_체계"":""전국(개편 무관)"",""건물_인공지표_면적_km"":null,""경계_면적_km_GADM"":null,""경계_좌표_산출근거"":""전국 집계값 — 좌표·폴리곤 없음."",""경계_폴리곤_파일"":null,""경작지_면적_km"":null,""관목_면적_km"":null,""기후기술_연계_근거"":""간접 · 원천 자체 분류 — ESA WorldCover 가 토지피복 등급을 Tree cover·Cropland·Built-up 등으로 정의·배포하며, 수목 피복 면적은 탄소 흡수원의 물리적 기반, 경작지·건물 면적은 토지이용 변화의 기준이 됨. 주 기술 23(탄소 흡수원), 부 기술 35(산림·생태계 부문 기술) — 2026-08-28 발주처 지시에 따라 tech_id에 ';'로 연결해 복수 기입. [근거자료] ESA_WorldCover_10m_2021_v200_*_Map.tif (Discrete Classification, 등급 10~95) · FAOSTAT Land Cover(LC) Item=Artificial surfaces 등"",""나지_희박식생_면적_km"":null,""레코드_키"":""VNM_lc_mangroves_modis_2003"",""맹그로브_면적_km"":null,""수목_면적_km"":null,""연도"":2003,""영구수체_면적_km"":null,""전국_값"":466.15,""전국_단위"":""1000 ha"",""전국_지표명"":""토지피복 면적(MODIS) — 맹그로브"",""지역명_로마자"":""Viet Nam"",""지역명_베트남어"":""Việt Nam"",""초본습지_면적_km"":null,""초지_면적_km"":null,""합계_km"":null,""행정단위"":""Country""}",,전국 · 토지피복 면적(MODIS) — 맹그로브 · [실적치] · FAOSTAT Land Cover · Area from MODIS (Flag=E),,,,B-037.xlsx,1.2_entity(레코드형),353,
B-037,"토지피복 분류별 면적[경작지, 산림, 초지, 건물, 수체, 나지]",entity,v124-b-037-entity-00351,B-037_landcover_national,VNM,,,,,,,,,토지피복 면적(MODIS) — 맹그로브,,,"{""2025_개편_후_소속_34개_체계"":""전국(개편 무관)"",""건물_인공지표_면적_km"":null,""경계_면적_km_GADM"":null,""경계_좌표_산출근거"":""전국 집계값 — 좌표·폴리곤 없음."",""경계_폴리곤_파일"":null,""경작지_면적_km"":null,""관목_면적_km"":null,""기후기술_연계_근거"":""간접 · 원천 자체 분류 — ESA WorldCover 가 토지피복 등급을 Tree cover·Cropland·Built-up 등으로 정의·배포하며, 수목 피복 면적은 탄소 흡수원의 물리적 기반, 경작지·건물 면적은 토지이용 변화의 기준이 됨. 주 기술 23(탄소 흡수원), 부 기술 35(산림·생태계 부문 기술) — 2026-08-28 발주처 지시에 따라 tech_id에 ';'로 연결해 복수 기입. [근거자료] ESA_WorldCover_10m_2021_v200_*_Map.tif (Discrete Classification, 등급 10~95) · FAOSTAT Land Cover(LC) Item=Artificial surfaces 등"",""나지_희박식생_면적_km"":null,""레코드_키"":""VNM_lc_mangroves_modis_2004"",""맹그로브_면적_km"":null,""수목_면적_km"":null,""연도"":2004,""영구수체_면적_km"":null,""전국_값"":467.72,""전국_단위"":""1000 ha"",""전국_지표명"":""토지피복 면적(MODIS) — 맹그로브"",""지역명_로마자"":""Viet Nam"",""지역명_베트남어"":""Việt Nam"",""초본습지_면적_km"":null,""초지_면적_km"":null,""합계_km"":null,""행정단위"":""Country""}",,전국 · 토지피복 면적(MODIS) — 맹그로브 · [실적치] · FAOSTAT Land Cover · Area from MODIS (Flag=E),,,,B-037.xlsx,1.2_entity(레코드형),354,
B-037,"토지피복 분류별 면적[경작지, 산림, 초지, 건물, 수체, 나지]",entity,v124-b-037-entity-00352,B-037_landcover_national,VNM,,,,,,,,,토지피복 면적(MODIS) — 맹그로브,,,"{""2025_개편_후_소속_34개_체계"":""전국(개편 무관)"",""건물_인공지표_면적_km"":null,""경계_면적_km_GADM"":null,""경계_좌표_산출근거"":""전국 집계값 — 좌표·폴리곤 없음."",""경계_폴리곤_파일"":null,""경작지_면적_km"":null,""관목_면적_km"":null,""기후기술_연계_근거"":""간접 · 원천 자체 분류 — ESA WorldCover 가 토지피복 등급을 Tree cover·Cropland·Built-up 등으로 정의·배포하며, 수목 피복 면적은 탄소 흡수원의 물리적 기반, 경작지·건물 면적은 토지이용 변화의 기준이 됨. 주 기술 23(탄소 흡수원), 부 기술 35(산림·생태계 부문 기술) — 2026-08-28 발주처 지시에 따라 tech_id에 ';'로 연결해 복수 기입. [근거자료] ESA_WorldCover_10m_2021_v200_*_Map.tif (Discrete Classification, 등급 10~95) · FAOSTAT Land Cover(LC) Item=Artificial surfaces 등"",""나지_희박식생_면적_km"":null,""레코드_키"":""VNM_lc_mangroves_modis_2005"",""맹그로브_면적_km"":null,""수목_면적_km"":null,""연도"":2005,""영구수체_면적_km"":null,""전국_값"":464.62,""전국_단위"":""1000 ha"",""전국_지표명"":""토지피복 면적(MODIS) — 맹그로브"",""지역명_로마자"":""Viet Nam"",""지역명_베트남어"":""Việt Nam"",""초본습지_면적_km"":null,""초지_면적_km"":null,""합계_km"":null,""행정단위"":""Country""}",,전국 · 토지피복 면적(MODIS) — 맹그로브 · [실적치] · FAOSTAT Land Cover · Area from MODIS (Flag=E),,,,B-037.xlsx,1.2_entity(레코드형),355,
B-037,"토지피복 분류별 면적[경작지, 산림, 초지, 건물, 수체, 나지]",entity,v124-b-037-entity-00353,B-037_landcover_national,VNM,,,,,,,,,토지피복 면적(MODIS) — 맹그로브,,,"{""2025_개편_후_소속_34개_체계"":""전국(개편 무관)"",""건물_인공지표_면적_km"":null,""경계_면적_km_GADM"":null,""경계_좌표_산출근거"":""전국 집계값 — 좌표·폴리곤 없음."",""경계_폴리곤_파일"":null,""경작지_면적_km"":null,""관목_면적_km"":null,""기후기술_연계_근거"":""간접 · 원천 자체 분류 — ESA WorldCover 가 토지피복 등급을 Tree cover·Cropland·Built-up 등으로 정의·배포하며, 수목 피복 면적은 탄소 흡수원의 물리적 기반, 경작지·건물 면적은 토지이용 변화의 기준이 됨. 주 기술 23(탄소 흡수원), 부 기술 35(산림·생태계 부문 기술) — 2026-08-28 발주처 지시에 따라 tech_id에 ';'로 연결해 복수 기입. [근거자료] ESA_WorldCover_10m_2021_v200_*_Map.tif (Discrete Classification, 등급 10~95) · FAOSTAT Land Cover(LC) Item=Artificial surfaces 등"",""나지_희박식생_면적_km"":null,""레코드_키"":""VNM_lc_mangroves_modis_2006"",""맹그로브_면적_km"":null,""수목_면적_km"":null,""연도"":2006,""영구수체_면적_km"":null,""전국_값"":494.31,""전국_단위"":""1000 ha"",""전국_지표명"":""토지피복 면적(MODIS) — 맹그로브"",""지역명_로마자"":""Viet Nam"",""지역명_베트남어"":""Việt Nam"",""초본습지_면적_km"":null,""초지_면적_km"":null,""합계_km"":null,""행정단위"":""Country""}",,전국 · 토지피복 면적(MODIS) — 맹그로브 · [실적치] · FAOSTAT Land Cover · Area from MODIS (Flag=E),,,,B-037.xlsx,1.2_entity(레코드형),356,
B-037,"토지피복 분류별 면적[경작지, 산림, 초지, 건물, 수체, 나지]",entity,v124-b-037-entity-00354,B-037_landcover_national,VNM,,,,,,,,,토지피복 면적(MODIS) — 맹그로브,,,"{""2025_개편_후_소속_34개_체계"":""전국(개편 무관)"",""건물_인공지표_면적_km"":null,""경계_면적_km_GADM"":null,""경계_좌표_산출근거"":""전국 집계값 — 좌표·폴리곤 없음."",""경계_폴리곤_파일"":null,""경작지_면적_km"":null,""관목_면적_km"":null,""기후기술_연계_근거"":""간접 · 원천 자체 분류 — ESA WorldCover 가 토지피복 등급을 Tree cover·Cropland·Built-up 등으로 정의·배포하며, 수목 피복 면적은 탄소 흡수원의 물리적 기반, 경작지·건물 면적은 토지이용 변화의 기준이 됨. 주 기술 23(탄소 흡수원), 부 기술 35(산림·생태계 부문 기술) — 2026-08-28 발주처 지시에 따라 tech_id에 ';'로 연결해 복수 기입. [근거자료] ESA_WorldCover_10m_2021_v200_*_Map.tif (Discrete Classification, 등급 10~95) · FAOSTAT Land Cover(LC) Item=Artificial surfaces 등"",""나지_희박식생_면적_km"":null,""레코드_키"":""VNM_lc_mangroves_modis_2007"",""맹그로브_면적_km"":null,""수목_면적_km"":null,""연도"":2007,""영구수체_면적_km"":null,""전국_값"":489.86,""전국_단위"":""1000 ha"",""전국_지표명"":""토지피복 면적(MODIS) — 맹그로브"",""지역명_로마자"":""Viet Nam"",""지역명_베트남어"":""Việt Nam"",""초본습지_면적_km"":null,""초지_면적_km"":null,""합계_km"":null,""행정단위"":""Country""}",,전국 · 토지피복 면적(MODIS) — 맹그로브 · [실적치] · FAOSTAT Land Cover · Area from MODIS (Flag=E),,,,B-037.xlsx,1.2_entity(레코드형),357,
B-037,"토지피복 분류별 면적[경작지, 산림, 초지, 건물, 수체, 나지]",entity,v124-b-037-entity-00355,B-037_landcover_national,VNM,,,,,,,,,토지피복 면적(MODIS) — 맹그로브,,,"{""2025_개편_후_소속_34개_체계"":""전국(개편 무관)"",""건물_인공지표_면적_km"":null,""경계_면적_km_GADM"":null,""경계_좌표_산출근거"":""전국 집계값 — 좌표·폴리곤 없음."",""경계_폴리곤_파일"":null,""경작지_면적_km"":null,""관목_면적_km"":null,""기후기술_연계_근거"":""간접 · 원천 자체 분류 — ESA WorldCover 가 토지피복 등급을 Tree cover·Cropland·Built-up 등으로 정의·배포하며, 수목 피복 면적은 탄소 흡수원의 물리적 기반, 경작지·건물 면적은 토지이용 변화의 기준이 됨. 주 기술 23(탄소 흡수원), 부 기술 35(산림·생태계 부문 기술) — 2026-08-28 발주처 지시에 따라 tech_id에 ';'로 연결해 복수 기입. [근거자료] ESA_WorldCover_10m_2021_v200_*_Map.tif (Discrete Classification, 등급 10~95) · FAOSTAT Land Cover(LC) Item=Artificial surfaces 등"",""나지_희박식생_면적_km"":null,""레코드_키"":""VNM_lc_mangroves_modis_2008"",""맹그로브_면적_km"":null,""수목_면적_km"":null,""연도"":2008,""영구수체_면적_km"":null,""전국_값"":517.97,""전국_단위"":""1000 ha"",""전국_지표명"":""토지피복 면적(MODIS) — 맹그로브"",""지역명_로마자"":""Viet Nam"",""지역명_베트남어"":""Việt Nam"",""초본습지_면적_km"":null,""초지_면적_km"":null,""합계_km"":null,""행정단위"":""Country""}",,전국 · 토지피복 면적(MODIS) — 맹그로브 · [실적치] · FAOSTAT Land Cover · Area from MODIS (Flag=E),,,,B-037.xlsx,1.2_entity(레코드형),358,
B-037,"토지피복 분류별 면적[경작지, 산림, 초지, 건물, 수체, 나지]",entity,v124-b-037-entity-00356,B-037_landcover_national,VNM,,,,,,,,,토지피복 면적(MODIS) — 맹그로브,,,"{""2025_개편_후_소속_34개_체계"":""전국(개편 무관)"",""건물_인공지표_면적_km"":null,""경계_면적_km_GADM"":null,""경계_좌표_산출근거"":""전국 집계값 — 좌표·폴리곤 없음."",""경계_폴리곤_파일"":null,""경작지_면적_km"":null,""관목_면적_km"":null,""기후기술_연계_근거"":""간접 · 원천 자체 분류 — ESA WorldCover 가 토지피복 등급을 Tree cover·Cropland·Built-up 등으로 정의·배포하며, 수목 피복 면적은 탄소 흡수원의 물리적 기반, 경작지·건물 면적은 토지이용 변화의 기준이 됨. 주 기술 23(탄소 흡수원), 부 기술 35(산림·생태계 부문 기술) — 2026-08-28 발주처 지시에 따라 tech_id에 ';'로 연결해 복수 기입. [근거자료] ESA_WorldCover_10m_2021_v200_*_Map.tif (Discrete Classification, 등급 10~95) · FAOSTAT Land Cover(LC) Item=Artificial surfaces 등"",""나지_희박식생_면적_km"":null,""레코드_키"":""VNM_lc_mangroves_modis_2009"",""맹그로브_면적_km"":null,""수목_면적_km"":null,""연도"":2009,""영구수체_면적_km"":null,""전국_값"":551.03,""전국_단위"":""1000 ha"",""전국_지표명"":""토지피복 면적(MODIS) — 맹그로브"",""지역명_로마자"":""Viet Nam"",""지역명_베트남어"":""Việt Nam"",""초본습지_면적_km"":null,""초지_면적_km"":null,""합계_km"":null,""행정단위"":""Country""}",,전국 · 토지피복 면적(MODIS) — 맹그로브 · [실적치] · FAOSTAT Land Cover · Area from MODIS (Flag=E),,,,B-037.xlsx,1.2_entity(레코드형),359,
B-037,"토지피복 분류별 면적[경작지, 산림, 초지, 건물, 수체, 나지]",entity,v124-b-037-entity-00357,B-037_landcover_national,VNM,,,,,,,,,토지피복 면적(MODIS) — 맹그로브,,,"{""2025_개편_후_소속_34개_체계"":""전국(개편 무관)"",""건물_인공지표_면적_km"":null,""경계_면적_km_GADM"":null,""경계_좌표_산출근거"":""전국 집계값 — 좌표·폴리곤 없음."",""경계_폴리곤_파일"":null,""경작지_면적_km"":null,""관목_면적_km"":null,""기후기술_연계_근거"":""간접 · 원천 자체 분류 — ESA WorldCover 가 토지피복 등급을 Tree cover·Cropland·Built-up 등으로 정의·배포하며, 수목 피복 면적은 탄소 흡수원의 물리적 기반, 경작지·건물 면적은 토지이용 변화의 기준이 됨. 주 기술 23(탄소 흡수원), 부 기술 35(산림·생태계 부문 기술) — 2026-08-28 발주처 지시에 따라 tech_id에 ';'로 연결해 복수 기입. [근거자료] ESA_WorldCover_10m_2021_v200_*_Map.tif (Discrete Classification, 등급 10~95) · FAOSTAT Land Cover(LC) Item=Artificial surfaces 등"",""나지_희박식생_면적_km"":null,""레코드_키"":""VNM_lc_mangroves_modis_2010"",""맹그로브_면적_km"":null,""수목_면적_km"":null,""연도"":2010,""영구수체_면적_km"":null,""전국_값"":517.21,""전국_단위"":""1000 ha"",""전국_지표명"":""토지피복 면적(MODIS) — 맹그로브"",""지역명_로마자"":""Viet Nam"",""지역명_베트남어"":""Việt Nam"",""초본습지_면적_km"":null,""초지_면적_km"":null,""합계_km"":null,""행정단위"":""Country""}",,전국 · 토지피복 면적(MODIS) — 맹그로브 · [실적치] · FAOSTAT Land Cover · Area from MODIS (Flag=E),,,,B-037.xlsx,1.2_entity(레코드형),360,
B-037,"토지피복 분류별 면적[경작지, 산림, 초지, 건물, 수체, 나지]",entity,v124-b-037-entity-00358,B-037_landcover_national,VNM,,,,,,,,,토지피복 면적(MODIS) — 맹그로브,,,"{""2025_개편_후_소속_34개_체계"":""전국(개편 무관)"",""건물_인공지표_면적_km"":null,""경계_면적_km_GADM"":null,""경계_좌표_산출근거"":""전국 집계값 — 좌표·폴리곤 없음."",""경계_폴리곤_파일"":null,""경작지_면적_km"":null,""관목_면적_km"":null,""기후기술_연계_근거"":""간접 · 원천 자체 분류 — ESA WorldCover 가 토지피복 등급을 Tree cover·Cropland·Built-up 등으로 정의·배포하며, 수목 피복 면적은 탄소 흡수원의 물리적 기반, 경작지·건물 면적은 토지이용 변화의 기준이 됨. 주 기술 23(탄소 흡수원), 부 기술 35(산림·생태계 부문 기술) — 2026-08-28 발주처 지시에 따라 tech_id에 ';'로 연결해 복수 기입. [근거자료] ESA_WorldCover_10m_2021_v200_*_Map.tif (Discrete Classification, 등급 10~95) · FAOSTAT Land Cover(LC) Item=Artificial surfaces 등"",""나지_희박식생_면적_km"":null,""레코드_키"":""VNM_lc_mangroves_modis_2011"",""맹그로브_면적_km"":null,""수목_면적_km"":null,""연도"":2011,""영구수체_면적_km"":null,""전국_값"":504.19,""전국_단위"":""1000 ha"",""전국_지표명"":""토지피복 면적(MODIS) — 맹그로브"",""지역명_로마자"":""Viet Nam"",""지역명_베트남어"":""Việt Nam"",""초본습지_면적_km"":null,""초지_면적_km"":null,""합계_km"":null,""행정단위"":""Country""}",,전국 · 토지피복 면적(MODIS) — 맹그로브 · [실적치] · FAOSTAT Land Cover · Area from MODIS (Flag=E),,,,B-037.xlsx,1.2_entity(레코드형),361,
B-037,"토지피복 분류별 면적[경작지, 산림, 초지, 건물, 수체, 나지]",entity,v124-b-037-entity-00359,B-037_landcover_national,VNM,,,,,,,,,토지피복 면적(MODIS) — 맹그로브,,,"{""2025_개편_후_소속_34개_체계"":""전국(개편 무관)"",""건물_인공지표_면적_km"":null,""경계_면적_km_GADM"":null,""경계_좌표_산출근거"":""전국 집계값 — 좌표·폴리곤 없음."",""경계_폴리곤_파일"":null,""경작지_면적_km"":null,""관목_면적_km"":null,""기후기술_연계_근거"":""간접 · 원천 자체 분류 — ESA WorldCover 가 토지피복 등급을 Tree cover·Cropland·Built-up 등으로 정의·배포하며, 수목 피복 면적은 탄소 흡수원의 물리적 기반, 경작지·건물 면적은 토지이용 변화의 기준이 됨. 주 기술 23(탄소 흡수원), 부 기술 35(산림·생태계 부문 기술) — 2026-08-28 발주처 지시에 따라 tech_id에 ';'로 연결해 복수 기입. [근거자료] ESA_WorldCover_10m_2021_v200_*_Map.tif (Discrete Classification, 등급 10~95) · FAOSTAT Land Cover(LC) Item=Artificial surfaces 등"",""나지_희박식생_면적_km"":null,""레코드_키"":""VNM_lc_mangroves_modis_2012"",""맹그로브_면적_km"":null,""수목_면적_km"":null,""연도"":2012,""영구수체_면적_km"":null,""전국_값"":486.94,""전국_단위"":""1000 ha"",""전국_지표명"":""토지피복 면적(MODIS) — 맹그로브"",""지역명_로마자"":""Viet Nam"",""지역명_베트남어"":""Việt Nam"",""초본습지_면적_km"":null,""초지_면적_km"":null,""합계_km"":null,""행정단위"":""Country""}",,전국 · 토지피복 면적(MODIS) — 맹그로브 · [실적치] · FAOSTAT Land Cover · Area from MODIS (Flag=E),,,,B-037.xlsx,1.2_entity(레코드형),362,
B-037,"토지피복 분류별 면적[경작지, 산림, 초지, 건물, 수체, 나지]",entity,v124-b-037-entity-00360,B-037_landcover_national,VNM,,,,,,,,,토지피복 면적(MODIS) — 맹그로브,,,"{""2025_개편_후_소속_34개_체계"":""전국(개편 무관)"",""건물_인공지표_면적_km"":null,""경계_면적_km_GADM"":null,""경계_좌표_산출근거"":""전국 집계값 — 좌표·폴리곤 없음."",""경계_폴리곤_파일"":null,""경작지_면적_km"":null,""관목_면적_km"":null,""기후기술_연계_근거"":""간접 · 원천 자체 분류 — ESA WorldCover 가 토지피복 등급을 Tree cover·Cropland·Built-up 등으로 정의·배포하며, 수목 피복 면적은 탄소 흡수원의 물리적 기반, 경작지·건물 면적은 토지이용 변화의 기준이 됨. 주 기술 23(탄소 흡수원), 부 기술 35(산림·생태계 부문 기술) — 2026-08-28 발주처 지시에 따라 tech_id에 ';'로 연결해 복수 기입. [근거자료] ESA_WorldCover_10m_2021_v200_*_Map.tif (Discrete Classification, 등급 10~95) · FAOSTAT Land Cover(LC) Item=Artificial surfaces 등"",""나지_희박식생_면적_km"":null,""레코드_키"":""VNM_lc_mangroves_modis_2013"",""맹그로브_면적_km"":null,""수목_면적_km"":null,""연도"":2013,""영구수체_면적_km"":null,""전국_값"":452.46,""전국_단위"":""1000 ha"",""전국_지표명"":""토지피복 면적(MODIS) — 맹그로브"",""지역명_로마자"":""Viet Nam"",""지역명_베트남어"":""Việt Nam"",""초본습지_면적_km"":null,""초지_면적_km"":null,""합계_km"":null,""행정단위"":""Country""}",,전국 · 토지피복 면적(MODIS) — 맹그로브 · [실적치] · FAOSTAT Land Cover · Area from MODIS (Flag=E),,,,B-037.xlsx,1.2_entity(레코드형),363,
B-037,"토지피복 분류별 면적[경작지, 산림, 초지, 건물, 수체, 나지]",entity,v124-b-037-entity-00361,B-037_landcover_national,VNM,,,,,,,,,토지피복 면적(MODIS) — 맹그로브,,,"{""2025_개편_후_소속_34개_체계"":""전국(개편 무관)"",""건물_인공지표_면적_km"":null,""경계_면적_km_GADM"":null,""경계_좌표_산출근거"":""전국 집계값 — 좌표·폴리곤 없음."",""경계_폴리곤_파일"":null,""경작지_면적_km"":null,""관목_면적_km"":null,""기후기술_연계_근거"":""간접 · 원천 자체 분류 — ESA WorldCover 가 토지피복 등급을 Tree cover·Cropland·Built-up 등으로 정의·배포하며, 수목 피복 면적은 탄소 흡수원의 물리적 기반, 경작지·건물 면적은 토지이용 변화의 기준이 됨. 주 기술 23(탄소 흡수원), 부 기술 35(산림·생태계 부문 기술) — 2026-08-28 발주처 지시에 따라 tech_id에 ';'로 연결해 복수 기입. [근거자료] ESA_WorldCover_10m_2021_v200_*_Map.tif (Discrete Classification, 등급 10~95) · FAOSTAT Land Cover(LC) Item=Artificial surfaces 등"",""나지_희박식생_면적_km"":null,""레코드_키"":""VNM_lc_mangroves_modis_2014"",""맹그로브_면적_km"":null,""수목_면적_km"":null,""연도"":2014,""영구수체_면적_km"":null,""전국_값"":410.19,""전국_단위"":""1000 ha"",""전국_지표명"":""토지피복 면적(MODIS) — 맹그로브"",""지역명_로마자"":""Viet Nam"",""지역명_베트남어"":""Việt Nam"",""초본습지_면적_km"":null,""초지_면적_km"":null,""합계_km"":null,""행정단위"":""Country""}",,전국 · 토지피복 면적(MODIS) — 맹그로브 · [실적치] · FAOSTAT Land Cover · Area from MODIS (Flag=E),,,,B-037.xlsx,1.2_entity(레코드형),364,
B-037,"토지피복 분류별 면적[경작지, 산림, 초지, 건물, 수체, 나지]",entity,v124-b-037-entity-00362,B-037_landcover_national,VNM,,,,,,,,,토지피복 면적(MODIS) — 맹그로브,,,"{""2025_개편_후_소속_34개_체계"":""전국(개편 무관)"",""건물_인공지표_면적_km"":null,""경계_면적_km_GADM"":null,""경계_좌표_산출근거"":""전국 집계값 — 좌표·폴리곤 없음."",""경계_폴리곤_파일"":null,""경작지_면적_km"":null,""관목_면적_km"":null,""기후기술_연계_근거"":""간접 · 원천 자체 분류 — ESA WorldCover 가 토지피복 등급을 Tree cover·Cropland·Built-up 등으로 정의·배포하며, 수목 피복 면적은 탄소 흡수원의 물리적 기반, 경작지·건물 면적은 토지이용 변화의 기준이 됨. 주 기술 23(탄소 흡수원), 부 기술 35(산림·생태계 부문 기술) — 2026-08-28 발주처 지시에 따라 tech_id에 ';'로 연결해 복수 기입. [근거자료] ESA_WorldCover_10m_2021_v200_*_Map.tif (Discrete Classification, 등급 10~95) · FAOSTAT Land Cover(LC) Item=Artificial surfaces 등"",""나지_희박식생_면적_km"":null,""레코드_키"":""VNM_lc_mangroves_modis_2015"",""맹그로브_면적_km"":null,""수목_면적_km"":null,""연도"":2015,""영구수체_면적_km"":null,""전국_값"":388.19,""전국_단위"":""1000 ha"",""전국_지표명"":""토지피복 면적(MODIS) — 맹그로브"",""지역명_로마자"":""Viet Nam"",""지역명_베트남어"":""Việt Nam"",""초본습지_면적_km"":null,""초지_면적_km"":null,""합계_km"":null,""행정단위"":""Country""}",,전국 · 토지피복 면적(MODIS) — 맹그로브 · [실적치] · FAOSTAT Land Cover · Area from MODIS (Flag=E),,,,B-037.xlsx,1.2_entity(레코드형),365,
B-037,"토지피복 분류별 면적[경작지, 산림, 초지, 건물, 수체, 나지]",entity,v124-b-037-entity-00363,B-037_landcover_national,VNM,,,,,,,,,토지피복 면적(MODIS) — 맹그로브,,,"{""2025_개편_후_소속_34개_체계"":""전국(개편 무관)"",""건물_인공지표_면적_km"":null,""경계_면적_km_GADM"":null,""경계_좌표_산출근거"":""전국 집계값 — 좌표·폴리곤 없음."",""경계_폴리곤_파일"":null,""경작지_면적_km"":null,""관목_면적_km"":null,""기후기술_연계_근거"":""간접 · 원천 자체 분류 — ESA WorldCover 가 토지피복 등급을 Tree cover·Cropland·Built-up 등으로 정의·배포하며, 수목 피복 면적은 탄소 흡수원의 물리적 기반, 경작지·건물 면적은 토지이용 변화의 기준이 됨. 주 기술 23(탄소 흡수원), 부 기술 35(산림·생태계 부문 기술) — 2026-08-28 발주처 지시에 따라 tech_id에 ';'로 연결해 복수 기입. [근거자료] ESA_WorldCover_10m_2021_v200_*_Map.tif (Discrete Classification, 등급 10~95) · FAOSTAT Land Cover(LC) Item=Artificial surfaces 등"",""나지_희박식생_면적_km"":null,""레코드_키"":""VNM_lc_mangroves_modis_2016"",""맹그로브_면적_km"":null,""수목_면적_km"":null,""연도"":2016,""영구수체_면적_km"":null,""전국_값"":358.33,""전국_단위"":""1000 ha"",""전국_지표명"":""토지피복 면적(MODIS) — 맹그로브"",""지역명_로마자"":""Viet Nam"",""지역명_베트남어"":""Việt Nam"",""초본습지_면적_km"":null,""초지_면적_km"":null,""합계_km"":null,""행정단위"":""Country""}",,전국 · 토지피복 면적(MODIS) — 맹그로브 · [실적치] · FAOSTAT Land Cover · Area from MODIS (Flag=E),,,,B-037.xlsx,1.2_entity(레코드형),366,
B-037,"토지피복 분류별 면적[경작지, 산림, 초지, 건물, 수체, 나지]",entity,v124-b-037-entity-00364,B-037_landcover_national,VNM,,,,,,,,,토지피복 면적(MODIS) — 맹그로브,,,"{""2025_개편_후_소속_34개_체계"":""전국(개편 무관)"",""건물_인공지표_면적_km"":null,""경계_면적_km_GADM"":null,""경계_좌표_산출근거"":""전국 집계값 — 좌표·폴리곤 없음."",""경계_폴리곤_파일"":null,""경작지_면적_km"":null,""관목_면적_km"":null,""기후기술_연계_근거"":""간접 · 원천 자체 분류 — ESA WorldCover 가 토지피복 등급을 Tree cover·Cropland·Built-up 등으로 정의·배포하며, 수목 피복 면적은 탄소 흡수원의 물리적 기반, 경작지·건물 면적은 토지이용 변화의 기준이 됨. 주 기술 23(탄소 흡수원), 부 기술 35(산림·생태계 부문 기술) — 2026-08-28 발주처 지시에 따라 tech_id에 ';'로 연결해 복수 기입. [근거자료] ESA_WorldCover_10m_2021_v200_*_Map.tif (Discrete Classification, 등급 10~95) · FAOSTAT Land Cover(LC) Item=Artificial surfaces 등"",""나지_희박식생_면적_km"":null,""레코드_키"":""VNM_lc_mangroves_modis_2017"",""맹그로브_면적_km"":null,""수목_면적_km"":null,""연도"":2017,""영구수체_면적_km"":null,""전국_값"":369.98,""전국_단위"":""1000 ha"",""전국_지표명"":""토지피복 면적(MODIS) — 맹그로브"",""지역명_로마자"":""Viet Nam"",""지역명_베트남어"":""Việt Nam"",""초본습지_면적_km"":null,""초지_면적_km"":null,""합계_km"":null,""행정단위"":""Country""}",,전국 · 토지피복 면적(MODIS) — 맹그로브 · [실적치] · FAOSTAT Land Cover · Area from MODIS (Flag=E),,,,B-037.xlsx,1.2_entity(레코드형),367,
B-037,"토지피복 분류별 면적[경작지, 산림, 초지, 건물, 수체, 나지]",entity,v124-b-037-entity-00365,B-037_landcover_national,VNM,,,,,,,,,토지피복 면적(MODIS) — 맹그로브,,,"{""2025_개편_후_소속_34개_체계"":""전국(개편 무관)"",""건물_인공지표_면적_km"":null,""경계_면적_km_GADM"":null,""경계_좌표_산출근거"":""전국 집계값 — 좌표·폴리곤 없음."",""경계_폴리곤_파일"":null,""경작지_면적_km"":null,""관목_면적_km"":null,""기후기술_연계_근거"":""간접 · 원천 자체 분류 — ESA WorldCover 가 토지피복 등급을 Tree cover·Cropland·Built-up 등으로 정의·배포하며, 수목 피복 면적은 탄소 흡수원의 물리적 기반, 경작지·건물 면적은 토지이용 변화의 기준이 됨. 주 기술 23(탄소 흡수원), 부 기술 35(산림·생태계 부문 기술) — 2026-08-28 발주처 지시에 따라 tech_id에 ';'로 연결해 복수 기입. [근거자료] ESA_WorldCover_10m_2021_v200_*_Map.tif (Discrete Classification, 등급 10~95) · FAOSTAT Land Cover(LC) Item=Artificial surfaces 등"",""나지_희박식생_면적_km"":null,""레코드_키"":""VNM_lc_mangroves_modis_2018"",""맹그로브_면적_km"":null,""수목_면적_km"":null,""연도"":2018,""영구수체_면적_km"":null,""전국_값"":384.2,""전국_단위"":""1000 ha"",""전국_지표명"":""토지피복 면적(MODIS) — 맹그로브"",""지역명_로마자"":""Viet Nam"",""지역명_베트남어"":""Việt Nam"",""초본습지_면적_km"":null,""초지_면적_km"":null,""합계_km"":null,""행정단위"":""Country""}",,전국 · 토지피복 면적(MODIS) — 맹그로브 · [실적치] · FAOSTAT Land Cover · Area from MODIS (Flag=E),,,,B-037.xlsx,1.2_entity(레코드형),368,
B-037,"토지피복 분류별 면적[경작지, 산림, 초지, 건물, 수체, 나지]",entity,v124-b-037-entity-00366,B-037_landcover_national,VNM,,,,,,,,,토지피복 면적(MODIS) — 맹그로브,,,"{""2025_개편_후_소속_34개_체계"":""전국(개편 무관)"",""건물_인공지표_면적_km"":null,""경계_면적_km_GADM"":null,""경계_좌표_산출근거"":""전국 집계값 — 좌표·폴리곤 없음."",""경계_폴리곤_파일"":null,""경작지_면적_km"":null,""관목_면적_km"":null,""기후기술_연계_근거"":""간접 · 원천 자체 분류 — ESA WorldCover 가 토지피복 등급을 Tree cover·Cropland·Built-up 등으로 정의·배포하며, 수목 피복 면적은 탄소 흡수원의 물리적 기반, 경작지·건물 면적은 토지이용 변화의 기준이 됨. 주 기술 23(탄소 흡수원), 부 기술 35(산림·생태계 부문 기술) — 2026-08-28 발주처 지시에 따라 tech_id에 ';'로 연결해 복수 기입. [근거자료] ESA_WorldCover_10m_2021_v200_*_Map.tif (Discrete Classification, 등급 10~95) · FAOSTAT Land Cover(LC) Item=Artificial surfaces 등"",""나지_희박식생_면적_km"":null,""레코드_키"":""VNM_lc_mangroves_modis_2019"",""맹그로브_면적_km"":null,""수목_면적_km"":null,""연도"":2019,""영구수체_면적_km"":null,""전국_값"":381.96,""전국_단위"":""1000 ha"",""전국_지표명"":""토지피복 면적(MODIS) — 맹그로브"",""지역명_로마자"":""Viet Nam"",""지역명_베트남어"":""Việt Nam"",""초본습지_면적_km"":null,""초지_면적_km"":null,""합계_km"":null,""행정단위"":""Country""}",,전국 · 토지피복 면적(MODIS) — 맹그로브 · [실적치] · FAOSTAT Land Cover · Area from MODIS (Flag=E),,,,B-037.xlsx,1.2_entity(레코드형),369,
B-037,"토지피복 분류별 면적[경작지, 산림, 초지, 건물, 수체, 나지]",entity,v124-b-037-entity-00367,B-037_landcover_national,VNM,,,,,,,,,토지피복 면적(MODIS) — 맹그로브,,,"{""2025_개편_후_소속_34개_체계"":""전국(개편 무관)"",""건물_인공지표_면적_km"":null,""경계_면적_km_GADM"":null,""경계_좌표_산출근거"":""전국 집계값 — 좌표·폴리곤 없음."",""경계_폴리곤_파일"":null,""경작지_면적_km"":null,""관목_면적_km"":null,""기후기술_연계_근거"":""간접 · 원천 자체 분류 — ESA WorldCover 가 토지피복 등급을 Tree cover·Cropland·Built-up 등으로 정의·배포하며, 수목 피복 면적은 탄소 흡수원의 물리적 기반, 경작지·건물 면적은 토지이용 변화의 기준이 됨. 주 기술 23(탄소 흡수원), 부 기술 35(산림·생태계 부문 기술) — 2026-08-28 발주처 지시에 따라 tech_id에 ';'로 연결해 복수 기입. [근거자료] ESA_WorldCover_10m_2021_v200_*_Map.tif (Discrete Classification, 등급 10~95) · FAOSTAT Land Cover(LC) Item=Artificial surfaces 등"",""나지_희박식생_면적_km"":null,""레코드_키"":""VNM_lc_mangroves_modis_2020"",""맹그로브_면적_km"":null,""수목_면적_km"":null,""연도"":2020,""영구수체_면적_km"":null,""전국_값"":369,""전국_단위"":""1000 ha"",""전국_지표명"":""토지피복 면적(MODIS) — 맹그로브"",""지역명_로마자"":""Viet Nam"",""지역명_베트남어"":""Việt Nam"",""초본습지_면적_km"":null,""초지_면적_km"":null,""합계_km"":null,""행정단위"":""Country""}",,전국 · 토지피복 면적(MODIS) — 맹그로브 · [실적치] · FAOSTAT Land Cover · Area from MODIS (Flag=E),,,,B-037.xlsx,1.2_entity(레코드형),370,
B-037,"토지피복 분류별 면적[경작지, 산림, 초지, 건물, 수체, 나지]",entity,v124-b-037-entity-00368,B-037_landcover_national,VNM,,,,,,,,,토지피복 면적(MODIS) — 맹그로브,,,"{""2025_개편_후_소속_34개_체계"":""전국(개편 무관)"",""건물_인공지표_면적_km"":null,""경계_면적_km_GADM"":null,""경계_좌표_산출근거"":""전국 집계값 — 좌표·폴리곤 없음."",""경계_폴리곤_파일"":null,""경작지_면적_km"":null,""관목_면적_km"":null,""기후기술_연계_근거"":""간접 · 원천 자체 분류 — ESA WorldCover 가 토지피복 등급을 Tree cover·Cropland·Built-up 등으로 정의·배포하며, 수목 피복 면적은 탄소 흡수원의 물리적 기반, 경작지·건물 면적은 토지이용 변화의 기준이 됨. 주 기술 23(탄소 흡수원), 부 기술 35(산림·생태계 부문 기술) — 2026-08-28 발주처 지시에 따라 tech_id에 ';'로 연결해 복수 기입. [근거자료] ESA_WorldCover_10m_2021_v200_*_Map.tif (Discrete Classification, 등급 10~95) · FAOSTAT Land Cover(LC) Item=Artificial surfaces 등"",""나지_희박식생_면적_km"":null,""레코드_키"":""VNM_lc_mangroves_modis_2021"",""맹그로브_면적_km"":null,""수목_면적_km"":null,""연도"":2021,""영구수체_면적_km"":null,""전국_값"":372.04,""전국_단위"":""1000 ha"",""전국_지표명"":""토지피복 면적(MODIS) — 맹그로브"",""지역명_로마자"":""Viet Nam"",""지역명_베트남어"":""Việt Nam"",""초본습지_면적_km"":null,""초지_면적_km"":null,""합계_km"":null,""행정단위"":""Country""}",,전국 · 토지피복 면적(MODIS) — 맹그로브 · [실적치] · FAOSTAT Land Cover · Area from MODIS (Flag=E),,,,B-037.xlsx,1.2_entity(레코드형),371,
B-037,"토지피복 분류별 면적[경작지, 산림, 초지, 건물, 수체, 나지]",entity,v124-b-037-entity-00369,B-037_landcover_national,VNM,,,,,,,,,토지피복 면적(MODIS) — 맹그로브,,,"{""2025_개편_후_소속_34개_체계"":""전국(개편 무관)"",""건물_인공지표_면적_km"":null,""경계_면적_km_GADM"":null,""경계_좌표_산출근거"":""전국 집계값 — 좌표·폴리곤 없음."",""경계_폴리곤_파일"":null,""경작지_면적_km"":null,""관목_면적_km"":null,""기후기술_연계_근거"":""간접 · 원천 자체 분류 — ESA WorldCover 가 토지피복 등급을 Tree cover·Cropland·Built-up 등으로 정의·배포하며, 수목 피복 면적은 탄소 흡수원의 물리적 기반, 경작지·건물 면적은 토지이용 변화의 기준이 됨. 주 기술 23(탄소 흡수원), 부 기술 35(산림·생태계 부문 기술) — 2026-08-28 발주처 지시에 따라 tech_id에 ';'로 연결해 복수 기입. [근거자료] ESA_WorldCover_10m_2021_v200_*_Map.tif (Discrete Classification, 등급 10~95) · FAOSTAT Land Cover(LC) Item=Artificial surfaces 등"",""나지_희박식생_면적_km"":null,""레코드_키"":""VNM_lc_mangroves_modis_2022"",""맹그로브_면적_km"":null,""수목_면적_km"":null,""연도"":2022,""영구수체_면적_km"":null,""전국_값"":413.9,""전국_단위"":""1000 ha"",""전국_지표명"":""토지피복 면적(MODIS) — 맹그로브"",""지역명_로마자"":""Viet Nam"",""지역명_베트남어"":""Việt Nam"",""초본습지_면적_km"":null,""초지_면적_km"":null,""합계_km"":null,""행정단위"":""Country""}",,전국 · 토지피복 면적(MODIS) — 맹그로브 · [실적치] · FAOSTAT Land Cover · Area from MODIS (Flag=E),,,,B-037.xlsx,1.2_entity(레코드형),372,
B-037,"토지피복 분류별 면적[경작지, 산림, 초지, 건물, 수체, 나지]",entity,v124-b-037-entity-00370,B-037_landcover_national,VNM,,,,,,,,,토지피복 면적(MODIS) — 맹그로브,,,"{""2025_개편_후_소속_34개_체계"":""전국(개편 무관)"",""건물_인공지표_면적_km"":null,""경계_면적_km_GADM"":null,""경계_좌표_산출근거"":""전국 집계값 — 좌표·폴리곤 없음."",""경계_폴리곤_파일"":null,""경작지_면적_km"":null,""관목_면적_km"":null,""기후기술_연계_근거"":""간접 · 원천 자체 분류 — ESA WorldCover 가 토지피복 등급을 Tree cover·Cropland·Built-up 등으로 정의·배포하며, 수목 피복 면적은 탄소 흡수원의 물리적 기반, 경작지·건물 면적은 토지이용 변화의 기준이 됨. 주 기술 23(탄소 흡수원), 부 기술 35(산림·생태계 부문 기술) — 2026-08-28 발주처 지시에 따라 tech_id에 ';'로 연결해 복수 기입. [근거자료] ESA_WorldCover_10m_2021_v200_*_Map.tif (Discrete Classification, 등급 10~95) · FAOSTAT Land Cover(LC) Item=Artificial surfaces 등"",""나지_희박식생_면적_km"":null,""레코드_키"":""VNM_lc_mangroves_modis_2023"",""맹그로브_면적_km"":null,""수목_면적_km"":null,""연도"":2023,""영구수체_면적_km"":null,""전국_값"":418.2,""전국_단위"":""1000 ha"",""전국_지표명"":""토지피복 면적(MODIS) — 맹그로브"",""지역명_로마자"":""Viet Nam"",""지역명_베트남어"":""Việt Nam"",""초본습지_면적_km"":null,""초지_면적_km"":null,""합계_km"":null,""행정단위"":""Country""}",,전국 · 토지피복 면적(MODIS) — 맹그로브 · [실적치] · FAOSTAT Land Cover · Area from MODIS (Flag=E),,,,B-037.xlsx,1.2_entity(레코드형),373,
B-037,"토지피복 분류별 면적[경작지, 산림, 초지, 건물, 수체, 나지]",entity,v124-b-037-entity-00371,B-037_landcover_national,VNM,,,,,,,,,토지피복 면적(MODIS) — 맹그로브,,,"{""2025_개편_후_소속_34개_체계"":""전국(개편 무관)"",""건물_인공지표_면적_km"":null,""경계_면적_km_GADM"":null,""경계_좌표_산출근거"":""전국 집계값 — 좌표·폴리곤 없음."",""경계_폴리곤_파일"":null,""경작지_면적_km"":null,""관목_면적_km"":null,""기후기술_연계_근거"":""간접 · 원천 자체 분류 — ESA WorldCover 가 토지피복 등급을 Tree cover·Cropland·Built-up 등으로 정의·배포하며, 수목 피복 면적은 탄소 흡수원의 물리적 기반, 경작지·건물 면적은 토지이용 변화의 기준이 됨. 주 기술 23(탄소 흡수원), 부 기술 35(산림·생태계 부문 기술) — 2026-08-28 발주처 지시에 따라 tech_id에 ';'로 연결해 복수 기입. [근거자료] ESA_WorldCover_10m_2021_v200_*_Map.tif (Discrete Classification, 등급 10~95) · FAOSTAT Land Cover(LC) Item=Artificial surfaces 등"",""나지_희박식생_면적_km"":null,""레코드_키"":""VNM_lc_mangroves_modis_2024"",""맹그로브_면적_km"":null,""수목_면적_km"":null,""연도"":2024,""영구수체_면적_km"":null,""전국_값"":406.35,""전국_단위"":""1000 ha"",""전국_지표명"":""토지피복 면적(MODIS) — 맹그로브"",""지역명_로마자"":""Viet Nam"",""지역명_베트남어"":""Việt Nam"",""초본습지_면적_km"":null,""초지_면적_km"":null,""합계_km"":null,""행정단위"":""Country""}",,전국 · 토지피복 면적(MODIS) — 맹그로브 · [실적치] · FAOSTAT Land Cover · Area from MODIS (Flag=E),,,,B-037.xlsx,1.2_entity(레코드형),374,
B-037,"토지피복 분류별 면적[경작지, 산림, 초지, 건물, 수체, 나지]",entity,v124-b-037-entity-00372,B-037_landcover_national,VNM,,,,,,,,,토지피복 면적(WorldCover) — 맹그로브,,,"{""2025_개편_후_소속_34개_체계"":""전국(개편 무관)"",""건물_인공지표_면적_km"":null,""경계_면적_km_GADM"":null,""경계_좌표_산출근거"":""전국 집계값 — 좌표·폴리곤 없음."",""경계_폴리곤_파일"":null,""경작지_면적_km"":null,""관목_면적_km"":null,""기후기술_연계_근거"":""간접 · 원천 자체 분류 — ESA WorldCover 가 토지피복 등급을 Tree cover·Cropland·Built-up 등으로 정의·배포하며, 수목 피복 면적은 탄소 흡수원의 물리적 기반, 경작지·건물 면적은 토지이용 변화의 기준이 됨. 주 기술 23(탄소 흡수원), 부 기술 35(산림·생태계 부문 기술) — 2026-08-28 발주처 지시에 따라 tech_id에 ';'로 연결해 복수 기입. [근거자료] ESA_WorldCover_10m_2021_v200_*_Map.tif (Discrete Classification, 등급 10~95) · FAOSTAT Land Cover(LC) Item=Artificial surfaces 등"",""나지_희박식생_면적_km"":null,""레코드_키"":""VNM_lc_mangroves_wc_2020"",""맹그로브_면적_km"":null,""수목_면적_km"":null,""연도"":2020,""영구수체_면적_km"":null,""전국_값"":207.92,""전국_단위"":""1000 ha"",""전국_지표명"":""토지피복 면적(WorldCover) — 맹그로브"",""지역명_로마자"":""Viet Nam"",""지역명_베트남어"":""Việt Nam"",""초본습지_면적_km"":null,""초지_면적_km"":null,""합계_km"":null,""행정단위"":""Country""}",,전국 · 토지피복 면적(WorldCover) — 맹그로브 · [실적치] · FAOSTAT Land Cover · Area from WorldCover (Flag=E),,,,B-037.xlsx,1.2_entity(레코드형),375,
B-037,"토지피복 분류별 면적[경작지, 산림, 초지, 건물, 수체, 나지]",entity,v124-b-037-entity-00373,B-037_landcover_national,VNM,,,,,,,,,토지피복 면적(WorldCover) — 맹그로브,,,"{""2025_개편_후_소속_34개_체계"":""전국(개편 무관)"",""건물_인공지표_면적_km"":null,""경계_면적_km_GADM"":null,""경계_좌표_산출근거"":""전국 집계값 — 좌표·폴리곤 없음."",""경계_폴리곤_파일"":null,""경작지_면적_km"":null,""관목_면적_km"":null,""기후기술_연계_근거"":""간접 · 원천 자체 분류 — ESA WorldCover 가 토지피복 등급을 Tree cover·Cropland·Built-up 등으로 정의·배포하며, 수목 피복 면적은 탄소 흡수원의 물리적 기반, 경작지·건물 면적은 토지이용 변화의 기준이 됨. 주 기술 23(탄소 흡수원), 부 기술 35(산림·생태계 부문 기술) — 2026-08-28 발주처 지시에 따라 tech_id에 ';'로 연결해 복수 기입. [근거자료] ESA_WorldCover_10m_2021_v200_*_Map.tif (Discrete Classification, 등급 10~95) · FAOSTAT Land Cover(LC) Item=Artificial surfaces 등"",""나지_희박식생_면적_km"":null,""레코드_키"":""VNM_lc_mangroves_wc_2021"",""맹그로브_면적_km"":null,""수목_면적_km"":null,""연도"":2021,""영구수체_면적_km"":null,""전국_값"":180.62,""전국_단위"":""1000 ha"",""전국_지표명"":""토지피복 면적(WorldCover) — 맹그로브"",""지역명_로마자"":""Viet Nam"",""지역명_베트남어"":""Việt Nam"",""초본습지_면적_km"":null,""초지_면적_km"":null,""합계_km"":null,""행정단위"":""Country""}",,전국 · 토지피복 면적(WorldCover) — 맹그로브 · [실적치] · FAOSTAT Land Cover · Area from WorldCover (Flag=E),,,,B-037.xlsx,1.2_entity(레코드형),376,
B-037,"토지피복 분류별 면적[경작지, 산림, 초지, 건물, 수체, 나지]",entity,v124-b-037-entity-00374,B-037_landcover_national,VNM,,,,,,,,,토지피복 면적 — 다층 작물,,,"{""2025_개편_후_소속_34개_체계"":""전국(개편 무관)"",""건물_인공지표_면적_km"":null,""경계_면적_km_GADM"":null,""경계_좌표_산출근거"":""전국 집계값 — 좌표·폴리곤 없음."",""경계_폴리곤_파일"":null,""경작지_면적_km"":null,""관목_면적_km"":null,""기후기술_연계_근거"":""간접 · 원천 자체 분류 — ESA WorldCover 가 토지피복 등급을 Tree cover·Cropland·Built-up 등으로 정의·배포하며, 수목 피복 면적은 탄소 흡수원의 물리적 기반, 경작지·건물 면적은 토지이용 변화의 기준이 됨. 주 기술 23(탄소 흡수원), 부 기술 35(산림·생태계 부문 기술) — 2026-08-28 발주처 지시에 따라 tech_id에 ';'로 연결해 복수 기입. [근거자료] ESA_WorldCover_10m_2021_v200_*_Map.tif (Discrete Classification, 등급 10~95) · FAOSTAT Land Cover(LC) Item=Artificial surfaces 등"",""나지_희박식생_면적_km"":null,""레코드_키"":""VNM_lc_multiple_or_layere_2022"",""맹그로브_면적_km"":null,""수목_면적_km"":null,""연도"":2022,""영구수체_면적_km"":null,""전국_값"":null,""전국_단위"":""1000 ha"",""전국_지표명"":""토지피복 면적 — 다층 작물"",""지역명_로마자"":""Viet Nam"",""지역명_베트남어"":""Việt Nam"",""초본습지_면적_km"":null,""초지_면적_km"":null,""합계_km"":null,""행정단위"":""Country""}",M03,전국 · 토지피복 면적 — 다층 작물 · ESA CCI Land Cover 분류체계에 해당 클래스가 없어 산출물이 값을 제공하지 않음,,,,B-037.xlsx,1.2_entity(레코드형),377,
B-037,"토지피복 분류별 면적[경작지, 산림, 초지, 건물, 수체, 나지]",entity,v124-b-037-entity-00375,B-037_landcover_national,VNM,,,,,,,,,토지피복 면적(CGLS) — 다층 작물,,,"{""2025_개편_후_소속_34개_체계"":""전국(개편 무관)"",""건물_인공지표_면적_km"":null,""경계_면적_km_GADM"":null,""경계_좌표_산출근거"":""전국 집계값 — 좌표·폴리곤 없음."",""경계_폴리곤_파일"":null,""경작지_면적_km"":null,""관목_면적_km"":null,""기후기술_연계_근거"":""간접 · 원천 자체 분류 — ESA WorldCover 가 토지피복 등급을 Tree cover·Cropland·Built-up 등으로 정의·배포하며, 수목 피복 면적은 탄소 흡수원의 물리적 기반, 경작지·건물 면적은 토지이용 변화의 기준이 됨. 주 기술 23(탄소 흡수원), 부 기술 35(산림·생태계 부문 기술) — 2026-08-28 발주처 지시에 따라 tech_id에 ';'로 연결해 복수 기입. [근거자료] ESA_WorldCover_10m_2021_v200_*_Map.tif (Discrete Classification, 등급 10~95) · FAOSTAT Land Cover(LC) Item=Artificial surfaces 등"",""나지_희박식생_면적_km"":null,""레코드_키"":""VNM_lc_multiple_or_layere_cgls_2019"",""맹그로브_면적_km"":null,""수목_면적_km"":null,""연도"":2019,""영구수체_면적_km"":null,""전국_값"":null,""전국_단위"":""1000 ha"",""전국_지표명"":""토지피복 면적(CGLS) — 다층 작물"",""지역명_로마자"":""Viet Nam"",""지역명_베트남어"":""Việt Nam"",""초본습지_면적_km"":null,""초지_면적_km"":null,""합계_km"":null,""행정단위"":""Country""}",M03,"전국 · 토지피복 면적(CGLS) — 다층 작물 · Copernicus Global Land Service 100m 산출물에 해당 클래스 행은 존재하나 전 연도 값이 공란(원천 Flag=O, 값 미산출)",,,,B-037.xlsx,1.2_entity(레코드형),378,
B-037,"토지피복 분류별 면적[경작지, 산림, 초지, 건물, 수체, 나지]",entity,v124-b-037-entity-00376,B-037_landcover_national,VNM,,,,,,,,,토지피복 면적(MODIS) — 다층 작물,,,"{""2025_개편_후_소속_34개_체계"":""전국(개편 무관)"",""건물_인공지표_면적_km"":null,""경계_면적_km_GADM"":null,""경계_좌표_산출근거"":""전국 집계값 — 좌표·폴리곤 없음."",""경계_폴리곤_파일"":null,""경작지_면적_km"":null,""관목_면적_km"":null,""기후기술_연계_근거"":""간접 · 원천 자체 분류 — ESA WorldCover 가 토지피복 등급을 Tree cover·Cropland·Built-up 등으로 정의·배포하며, 수목 피복 면적은 탄소 흡수원의 물리적 기반, 경작지·건물 면적은 토지이용 변화의 기준이 됨. 주 기술 23(탄소 흡수원), 부 기술 35(산림·생태계 부문 기술) — 2026-08-28 발주처 지시에 따라 tech_id에 ';'로 연결해 복수 기입. [근거자료] ESA_WorldCover_10m_2021_v200_*_Map.tif (Discrete Classification, 등급 10~95) · FAOSTAT Land Cover(LC) Item=Artificial surfaces 등"",""나지_희박식생_면적_km"":null,""레코드_키"":""VNM_lc_multiple_or_layere_modis_2024"",""맹그로브_면적_km"":null,""수목_면적_km"":null,""연도"":2024,""영구수체_면적_km"":null,""전국_값"":null,""전국_단위"":""1000 ha"",""전국_지표명"":""토지피복 면적(MODIS) — 다층 작물"",""지역명_로마자"":""Viet Nam"",""지역명_베트남어"":""Việt Nam"",""초본습지_면적_km"":null,""초지_면적_km"":null,""합계_km"":null,""행정단위"":""Country""}",M03,"전국 · 토지피복 면적(MODIS) — 다층 작물 · MODIS Land Cover (MCD12Q1) 500m 산출물에 해당 클래스 행은 존재하나 전 연도 값이 공란(원천 Flag=O, 값 미산출)",,,,B-037.xlsx,1.2_entity(레코드형),379,
B-037,"토지피복 분류별 면적[경작지, 산림, 초지, 건물, 수체, 나지]",entity,v124-b-037-entity-00377,B-037_landcover_national,VNM,,,,,,,,,토지피복 면적(WorldCover) — 다층 작물,,,"{""2025_개편_후_소속_34개_체계"":""전국(개편 무관)"",""건물_인공지표_면적_km"":null,""경계_면적_km_GADM"":null,""경계_좌표_산출근거"":""전국 집계값 — 좌표·폴리곤 없음."",""경계_폴리곤_파일"":null,""경작지_면적_km"":null,""관목_면적_km"":null,""기후기술_연계_근거"":""간접 · 원천 자체 분류 — ESA WorldCover 가 토지피복 등급을 Tree cover·Cropland·Built-up 등으로 정의·배포하며, 수목 피복 면적은 탄소 흡수원의 물리적 기반, 경작지·건물 면적은 토지이용 변화의 기준이 됨. 주 기술 23(탄소 흡수원), 부 기술 35(산림·생태계 부문 기술) — 2026-08-28 발주처 지시에 따라 tech_id에 ';'로 연결해 복수 기입. [근거자료] ESA_WorldCover_10m_2021_v200_*_Map.tif (Discrete Classification, 등급 10~95) · FAOSTAT Land Cover(LC) Item=Artificial surfaces 등"",""나지_희박식생_면적_km"":null,""레코드_키"":""VNM_lc_multiple_or_layere_wc_2021"",""맹그로브_면적_km"":null,""수목_면적_km"":null,""연도"":2021,""영구수체_면적_km"":null,""전국_값"":null,""전국_단위"":""1000 ha"",""전국_지표명"":""토지피복 면적(WorldCover) — 다층 작물"",""지역명_로마자"":""Viet Nam"",""지역명_베트남어"":""Việt Nam"",""초본습지_면적_km"":null,""초지_면적_km"":null,""합계_km"":null,""행정단위"":""Country""}",M03,"전국 · 토지피복 면적(WorldCover) — 다층 작물 · ESA WorldCover 10m 산출물에 해당 클래스 행은 존재하나 전 연도 값이 공란(원천 Flag=O, 값 미산출)",,,,B-037.xlsx,1.2_entity(레코드형),380,
B-037,"토지피복 분류별 면적[경작지, 산림, 초지, 건물, 수체, 나지]",entity,v124-b-037-entity-00378,B-037_landcover_national,VNM,,,,,,,,,토지피복 면적 — 영구설 및 빙하,,,"{""2025_개편_후_소속_34개_체계"":""전국(개편 무관)"",""건물_인공지표_면적_km"":null,""경계_면적_km_GADM"":null,""경계_좌표_산출근거"":""전국 집계값 — 좌표·폴리곤 없음."",""경계_폴리곤_파일"":null,""경작지_면적_km"":null,""관목_면적_km"":null,""기후기술_연계_근거"":""간접 · 원천 자체 분류 — ESA WorldCover 가 토지피복 등급을 Tree cover·Cropland·Built-up 등으로 정의·배포하며, 수목 피복 면적은 탄소 흡수원의 물리적 기반, 경작지·건물 면적은 토지이용 변화의 기준이 됨. 주 기술 23(탄소 흡수원), 부 기술 35(산림·생태계 부문 기술) — 2026-08-28 발주처 지시에 따라 tech_id에 ';'로 연결해 복수 기입. [근거자료] ESA_WorldCover_10m_2021_v200_*_Map.tif (Discrete Classification, 등급 10~95) · FAOSTAT Land Cover(LC) Item=Artificial surfaces 등"",""나지_희박식생_면적_km"":null,""레코드_키"":""VNM_lc_permanent_snow_and_1992"",""맹그로브_면적_km"":null,""수목_면적_km"":null,""연도"":1992,""영구수체_면적_km"":null,""전국_값"":0,""전국_단위"":""1000 ha"",""전국_지표명"":""토지피복 면적 — 영구설 및 빙하"",""지역명_로마자"":""Viet Nam"",""지역명_베트남어"":""Việt Nam"",""초본습지_면적_km"":null,""초지_면적_km"":null,""합계_km"":null,""행정단위"":""Country""}",,전국 · 토지피복 면적 — 영구설 및 빙하 · [실적치] · FAOSTAT Land Cover · Area from CCI_LC (Flag=E),,,,B-037.xlsx,1.2_entity(레코드형),381,
B-037,"토지피복 분류별 면적[경작지, 산림, 초지, 건물, 수체, 나지]",entity,v124-b-037-entity-00379,B-037_landcover_national,VNM,,,,,,,,,토지피복 면적 — 영구설 및 빙하,,,"{""2025_개편_후_소속_34개_체계"":""전국(개편 무관)"",""건물_인공지표_면적_km"":null,""경계_면적_km_GADM"":null,""경계_좌표_산출근거"":""전국 집계값 — 좌표·폴리곤 없음."",""경계_폴리곤_파일"":null,""경작지_면적_km"":null,""관목_면적_km"":null,""기후기술_연계_근거"":""간접 · 원천 자체 분류 — ESA WorldCover 가 토지피복 등급을 Tree cover·Cropland·Built-up 등으로 정의·배포하며, 수목 피복 면적은 탄소 흡수원의 물리적 기반, 경작지·건물 면적은 토지이용 변화의 기준이 됨. 주 기술 23(탄소 흡수원), 부 기술 35(산림·생태계 부문 기술) — 2026-08-28 발주처 지시에 따라 tech_id에 ';'로 연결해 복수 기입. [근거자료] ESA_WorldCover_10m_2021_v200_*_Map.tif (Discrete Classification, 등급 10~95) · FAOSTAT Land Cover(LC) Item=Artificial surfaces 등"",""나지_희박식생_면적_km"":null,""레코드_키"":""VNM_lc_permanent_snow_and_1993"",""맹그로브_면적_km"":null,""수목_면적_km"":null,""연도"":1993,""영구수체_면적_km"":null,""전국_값"":0,""전국_단위"":""1000 ha"",""전국_지표명"":""토지피복 면적 — 영구설 및 빙하"",""지역명_로마자"":""Viet Nam"",""지역명_베트남어"":""Việt Nam"",""초본습지_면적_km"":null,""초지_면적_km"":null,""합계_km"":null,""행정단위"":""Country""}",,전국 · 토지피복 면적 — 영구설 및 빙하 · [실적치] · FAOSTAT Land Cover · Area from CCI_LC (Flag=E),,,,B-037.xlsx,1.2_entity(레코드형),382,
B-037,"토지피복 분류별 면적[경작지, 산림, 초지, 건물, 수체, 나지]",entity,v124-b-037-entity-00380,B-037_landcover_national,VNM,,,,,,,,,토지피복 면적 — 영구설 및 빙하,,,"{""2025_개편_후_소속_34개_체계"":""전국(개편 무관)"",""건물_인공지표_면적_km"":null,""경계_면적_km_GADM"":null,""경계_좌표_산출근거"":""전국 집계값 — 좌표·폴리곤 없음."",""경계_폴리곤_파일"":null,""경작지_면적_km"":null,""관목_면적_km"":null,""기후기술_연계_근거"":""간접 · 원천 자체 분류 — ESA WorldCover 가 토지피복 등급을 Tree cover·Cropland·Built-up 등으로 정의·배포하며, 수목 피복 면적은 탄소 흡수원의 물리적 기반, 경작지·건물 면적은 토지이용 변화의 기준이 됨. 주 기술 23(탄소 흡수원), 부 기술 35(산림·생태계 부문 기술) — 2026-08-28 발주처 지시에 따라 tech_id에 ';'로 연결해 복수 기입. [근거자료] ESA_WorldCover_10m_2021_v200_*_Map.tif (Discrete Classification, 등급 10~95) · FAOSTAT Land Cover(LC) Item=Artificial surfaces 등"",""나지_희박식생_면적_km"":null,""레코드_키"":""VNM_lc_permanent_snow_and_1994"",""맹그로브_면적_km"":null,""수목_면적_km"":null,""연도"":1994,""영구수체_면적_km"":null,""전국_값"":0,""전국_단위"":""1000 ha"",""전국_지표명"":""토지피복 면적 — 영구설 및 빙하"",""지역명_로마자"":""Viet Nam"",""지역명_베트남어"":""Việt Nam"",""초본습지_면적_km"":null,""초지_면적_km"":null,""합계_km"":null,""행정단위"":""Country""}",,전국 · 토지피복 면적 — 영구설 및 빙하 · [실적치] · FAOSTAT Land Cover · Area from CCI_LC (Flag=E),,,,B-037.xlsx,1.2_entity(레코드형),383,
B-037,"토지피복 분류별 면적[경작지, 산림, 초지, 건물, 수체, 나지]",entity,v124-b-037-entity-00381,B-037_landcover_national,VNM,,,,,,,,,토지피복 면적 — 영구설 및 빙하,,,"{""2025_개편_후_소속_34개_체계"":""전국(개편 무관)"",""건물_인공지표_면적_km"":null,""경계_면적_km_GADM"":null,""경계_좌표_산출근거"":""전국 집계값 — 좌표·폴리곤 없음."",""경계_폴리곤_파일"":null,""경작지_면적_km"":null,""관목_면적_km"":null,""기후기술_연계_근거"":""간접 · 원천 자체 분류 — ESA WorldCover 가 토지피복 등급을 Tree cover·Cropland·Built-up 등으로 정의·배포하며, 수목 피복 면적은 탄소 흡수원의 물리적 기반, 경작지·건물 면적은 토지이용 변화의 기준이 됨. 주 기술 23(탄소 흡수원), 부 기술 35(산림·생태계 부문 기술) — 2026-08-28 발주처 지시에 따라 tech_id에 ';'로 연결해 복수 기입. [근거자료] ESA_WorldCover_10m_2021_v200_*_Map.tif (Discrete Classification, 등급 10~95) · FAOSTAT Land Cover(LC) Item=Artificial surfaces 등"",""나지_희박식생_면적_km"":null,""레코드_키"":""VNM_lc_permanent_snow_and_1995"",""맹그로브_면적_km"":null,""수목_면적_km"":null,""연도"":1995,""영구수체_면적_km"":null,""전국_값"":0,""전국_단위"":""1000 ha"",""전국_지표명"":""토지피복 면적 — 영구설 및 빙하"",""지역명_로마자"":""Viet Nam"",""지역명_베트남어"":""Việt Nam"",""초본습지_면적_km"":null,""초지_면적_km"":null,""합계_km"":null,""행정단위"":""Country""}",,전국 · 토지피복 면적 — 영구설 및 빙하 · [실적치] · FAOSTAT Land Cover · Area from CCI_LC (Flag=E),,,,B-037.xlsx,1.2_entity(레코드형),384,
B-037,"토지피복 분류별 면적[경작지, 산림, 초지, 건물, 수체, 나지]",entity,v124-b-037-entity-00382,B-037_landcover_national,VNM,,,,,,,,,토지피복 면적 — 영구설 및 빙하,,,"{""2025_개편_후_소속_34개_체계"":""전국(개편 무관)"",""건물_인공지표_면적_km"":null,""경계_면적_km_GADM"":null,""경계_좌표_산출근거"":""전국 집계값 — 좌표·폴리곤 없음."",""경계_폴리곤_파일"":null,""경작지_면적_km"":null,""관목_면적_km"":null,""기후기술_연계_근거"":""간접 · 원천 자체 분류 — ESA WorldCover 가 토지피복 등급을 Tree cover·Cropland·Built-up 등으로 정의·배포하며, 수목 피복 면적은 탄소 흡수원의 물리적 기반, 경작지·건물 면적은 토지이용 변화의 기준이 됨. 주 기술 23(탄소 흡수원), 부 기술 35(산림·생태계 부문 기술) — 2026-08-28 발주처 지시에 따라 tech_id에 ';'로 연결해 복수 기입. [근거자료] ESA_WorldCover_10m_2021_v200_*_Map.tif (Discrete Classification, 등급 10~95) · FAOSTAT Land Cover(LC) Item=Artificial surfaces 등"",""나지_희박식생_면적_km"":null,""레코드_키"":""VNM_lc_permanent_snow_and_1996"",""맹그로브_면적_km"":null,""수목_면적_km"":null,""연도"":1996,""영구수체_면적_km"":null,""전국_값"":0,""전국_단위"":""1000 ha"",""전국_지표명"":""토지피복 면적 — 영구설 및 빙하"",""지역명_로마자"":""Viet Nam"",""지역명_베트남어"":""Việt Nam"",""초본습지_면적_km"":null,""초지_면적_km"":null,""합계_km"":null,""행정단위"":""Country""}",,전국 · 토지피복 면적 — 영구설 및 빙하 · [실적치] · FAOSTAT Land Cover · Area from CCI_LC (Flag=E),,,,B-037.xlsx,1.2_entity(레코드형),385,
B-037,"토지피복 분류별 면적[경작지, 산림, 초지, 건물, 수체, 나지]",entity,v124-b-037-entity-00383,B-037_landcover_national,VNM,,,,,,,,,토지피복 면적 — 영구설 및 빙하,,,"{""2025_개편_후_소속_34개_체계"":""전국(개편 무관)"",""건물_인공지표_면적_km"":null,""경계_면적_km_GADM"":null,""경계_좌표_산출근거"":""전국 집계값 — 좌표·폴리곤 없음."",""경계_폴리곤_파일"":null,""경작지_면적_km"":null,""관목_면적_km"":null,""기후기술_연계_근거"":""간접 · 원천 자체 분류 — ESA WorldCover 가 토지피복 등급을 Tree cover·Cropland·Built-up 등으로 정의·배포하며, 수목 피복 면적은 탄소 흡수원의 물리적 기반, 경작지·건물 면적은 토지이용 변화의 기준이 됨. 주 기술 23(탄소 흡수원), 부 기술 35(산림·생태계 부문 기술) — 2026-08-28 발주처 지시에 따라 tech_id에 ';'로 연결해 복수 기입. [근거자료] ESA_WorldCover_10m_2021_v200_*_Map.tif (Discrete Classification, 등급 10~95) · FAOSTAT Land Cover(LC) Item=Artificial surfaces 등"",""나지_희박식생_면적_km"":null,""레코드_키"":""VNM_lc_permanent_snow_and_1997"",""맹그로브_면적_km"":null,""수목_면적_km"":null,""연도"":1997,""영구수체_면적_km"":null,""전국_값"":0,""전국_단위"":""1000 ha"",""전국_지표명"":""토지피복 면적 — 영구설 및 빙하"",""지역명_로마자"":""Viet Nam"",""지역명_베트남어"":""Việt Nam"",""초본습지_면적_km"":null,""초지_면적_km"":null,""합계_km"":null,""행정단위"":""Country""}",,전국 · 토지피복 면적 — 영구설 및 빙하 · [실적치] · FAOSTAT Land Cover · Area from CCI_LC (Flag=E),,,,B-037.xlsx,1.2_entity(레코드형),386,
B-037,"토지피복 분류별 면적[경작지, 산림, 초지, 건물, 수체, 나지]",entity,v124-b-037-entity-00384,B-037_landcover_national,VNM,,,,,,,,,토지피복 면적 — 영구설 및 빙하,,,"{""2025_개편_후_소속_34개_체계"":""전국(개편 무관)"",""건물_인공지표_면적_km"":null,""경계_면적_km_GADM"":null,""경계_좌표_산출근거"":""전국 집계값 — 좌표·폴리곤 없음."",""경계_폴리곤_파일"":null,""경작지_면적_km"":null,""관목_면적_km"":null,""기후기술_연계_근거"":""간접 · 원천 자체 분류 — ESA WorldCover 가 토지피복 등급을 Tree cover·Cropland·Built-up 등으로 정의·배포하며, 수목 피복 면적은 탄소 흡수원의 물리적 기반, 경작지·건물 면적은 토지이용 변화의 기준이 됨. 주 기술 23(탄소 흡수원), 부 기술 35(산림·생태계 부문 기술) — 2026-08-28 발주처 지시에 따라 tech_id에 ';'로 연결해 복수 기입. [근거자료] ESA_WorldCover_10m_2021_v200_*_Map.tif (Discrete Classification, 등급 10~95) · FAOSTAT Land Cover(LC) Item=Artificial surfaces 등"",""나지_희박식생_면적_km"":null,""레코드_키"":""VNM_lc_permanent_snow_and_1998"",""맹그로브_면적_km"":null,""수목_면적_km"":null,""연도"":1998,""영구수체_면적_km"":null,""전국_값"":0,""전국_단위"":""1000 ha"",""전국_지표명"":""토지피복 면적 — 영구설 및 빙하"",""지역명_로마자"":""Viet Nam"",""지역명_베트남어"":""Việt Nam"",""초본습지_면적_km"":null,""초지_면적_km"":null,""합계_km"":null,""행정단위"":""Country""}",,전국 · 토지피복 면적 — 영구설 및 빙하 · [실적치] · FAOSTAT Land Cover · Area from CCI_LC (Flag=E),,,,B-037.xlsx,1.2_entity(레코드형),387,
B-037,"토지피복 분류별 면적[경작지, 산림, 초지, 건물, 수체, 나지]",entity,v124-b-037-entity-00385,B-037_landcover_national,VNM,,,,,,,,,토지피복 면적 — 영구설 및 빙하,,,"{""2025_개편_후_소속_34개_체계"":""전국(개편 무관)"",""건물_인공지표_면적_km"":null,""경계_면적_km_GADM"":null,""경계_좌표_산출근거"":""전국 집계값 — 좌표·폴리곤 없음."",""경계_폴리곤_파일"":null,""경작지_면적_km"":null,""관목_면적_km"":null,""기후기술_연계_근거"":""간접 · 원천 자체 분류 — ESA WorldCover 가 토지피복 등급을 Tree cover·Cropland·Built-up 등으로 정의·배포하며, 수목 피복 면적은 탄소 흡수원의 물리적 기반, 경작지·건물 면적은 토지이용 변화의 기준이 됨. 주 기술 23(탄소 흡수원), 부 기술 35(산림·생태계 부문 기술) — 2026-08-28 발주처 지시에 따라 tech_id에 ';'로 연결해 복수 기입. [근거자료] ESA_WorldCover_10m_2021_v200_*_Map.tif (Discrete Classification, 등급 10~95) · FAOSTAT Land Cover(LC) Item=Artificial surfaces 등"",""나지_희박식생_면적_km"":null,""레코드_키"":""VNM_lc_permanent_snow_and_1999"",""맹그로브_면적_km"":null,""수목_면적_km"":null,""연도"":1999,""영구수체_면적_km"":null,""전국_값"":0,""전국_단위"":""1000 ha"",""전국_지표명"":""토지피복 면적 — 영구설 및 빙하"",""지역명_로마자"":""Viet Nam"",""지역명_베트남어"":""Việt Nam"",""초본습지_면적_km"":null,""초지_면적_km"":null,""합계_km"":null,""행정단위"":""Country""}",,전국 · 토지피복 면적 — 영구설 및 빙하 · [실적치] · FAOSTAT Land Cover · Area from CCI_LC (Flag=E),,,,B-037.xlsx,1.2_entity(레코드형),388,
B-037,"토지피복 분류별 면적[경작지, 산림, 초지, 건물, 수체, 나지]",entity,v124-b-037-entity-00386,B-037_landcover_national,VNM,,,,,,,,,토지피복 면적 — 영구설 및 빙하,,,"{""2025_개편_후_소속_34개_체계"":""전국(개편 무관)"",""건물_인공지표_면적_km"":null,""경계_면적_km_GADM"":null,""경계_좌표_산출근거"":""전국 집계값 — 좌표·폴리곤 없음."",""경계_폴리곤_파일"":null,""경작지_면적_km"":null,""관목_면적_km"":null,""기후기술_연계_근거"":""간접 · 원천 자체 분류 — ESA WorldCover 가 토지피복 등급을 Tree cover·Cropland·Built-up 등으로 정의·배포하며, 수목 피복 면적은 탄소 흡수원의 물리적 기반, 경작지·건물 면적은 토지이용 변화의 기준이 됨. 주 기술 23(탄소 흡수원), 부 기술 35(산림·생태계 부문 기술) — 2026-08-28 발주처 지시에 따라 tech_id에 ';'로 연결해 복수 기입. [근거자료] ESA_WorldCover_10m_2021_v200_*_Map.tif (Discrete Classification, 등급 10~95) · FAOSTAT Land Cover(LC) Item=Artificial surfaces 등"",""나지_희박식생_면적_km"":null,""레코드_키"":""VNM_lc_permanent_snow_and_2000"",""맹그로브_면적_km"":null,""수목_면적_km"":null,""연도"":2000,""영구수체_면적_km"":null,""전국_값"":0,""전국_단위"":""1000 ha"",""전국_지표명"":""토지피복 면적 — 영구설 및 빙하"",""지역명_로마자"":""Viet Nam"",""지역명_베트남어"":""Việt Nam"",""초본습지_면적_km"":null,""초지_면적_km"":null,""합계_km"":null,""행정단위"":""Country""}",,전국 · 토지피복 면적 — 영구설 및 빙하 · [실적치] · FAOSTAT Land Cover · Area from CCI_LC (Flag=E),,,,B-037.xlsx,1.2_entity(레코드형),389,
B-037,"토지피복 분류별 면적[경작지, 산림, 초지, 건물, 수체, 나지]",entity,v124-b-037-entity-00387,B-037_landcover_national,VNM,,,,,,,,,토지피복 면적 — 영구설 및 빙하,,,"{""2025_개편_후_소속_34개_체계"":""전국(개편 무관)"",""건물_인공지표_면적_km"":null,""경계_면적_km_GADM"":null,""경계_좌표_산출근거"":""전국 집계값 — 좌표·폴리곤 없음."",""경계_폴리곤_파일"":null,""경작지_면적_km"":null,""관목_면적_km"":null,""기후기술_연계_근거"":""간접 · 원천 자체 분류 — ESA WorldCover 가 토지피복 등급을 Tree cover·Cropland·Built-up 등으로 정의·배포하며, 수목 피복 면적은 탄소 흡수원의 물리적 기반, 경작지·건물 면적은 토지이용 변화의 기준이 됨. 주 기술 23(탄소 흡수원), 부 기술 35(산림·생태계 부문 기술) — 2026-08-28 발주처 지시에 따라 tech_id에 ';'로 연결해 복수 기입. [근거자료] ESA_WorldCover_10m_2021_v200_*_Map.tif (Discrete Classification, 등급 10~95) · FAOSTAT Land Cover(LC) Item=Artificial surfaces 등"",""나지_희박식생_면적_km"":null,""레코드_키"":""VNM_lc_permanent_snow_and_2001"",""맹그로브_면적_km"":null,""수목_면적_km"":null,""연도"":2001,""영구수체_면적_km"":null,""전국_값"":0,""전국_단위"":""1000 ha"",""전국_지표명"":""토지피복 면적 — 영구설 및 빙하"",""지역명_로마자"":""Viet Nam"",""지역명_베트남어"":""Việt Nam"",""초본습지_면적_km"":null,""초지_면적_km"":null,""합계_km"":null,""행정단위"":""Country""}",,전국 · 토지피복 면적 — 영구설 및 빙하 · [실적치] · FAOSTAT Land Cover · Area from CCI_LC (Flag=E),,,,B-037.xlsx,1.2_entity(레코드형),390,
B-037,"토지피복 분류별 면적[경작지, 산림, 초지, 건물, 수체, 나지]",entity,v124-b-037-entity-00388,B-037_landcover_national,VNM,,,,,,,,,토지피복 면적 — 영구설 및 빙하,,,"{""2025_개편_후_소속_34개_체계"":""전국(개편 무관)"",""건물_인공지표_면적_km"":null,""경계_면적_km_GADM"":null,""경계_좌표_산출근거"":""전국 집계값 — 좌표·폴리곤 없음."",""경계_폴리곤_파일"":null,""경작지_면적_km"":null,""관목_면적_km"":null,""기후기술_연계_근거"":""간접 · 원천 자체 분류 — ESA WorldCover 가 토지피복 등급을 Tree cover·Cropland·Built-up 등으로 정의·배포하며, 수목 피복 면적은 탄소 흡수원의 물리적 기반, 경작지·건물 면적은 토지이용 변화의 기준이 됨. 주 기술 23(탄소 흡수원), 부 기술 35(산림·생태계 부문 기술) — 2026-08-28 발주처 지시에 따라 tech_id에 ';'로 연결해 복수 기입. [근거자료] ESA_WorldCover_10m_2021_v200_*_Map.tif (Discrete Classification, 등급 10~95) · FAOSTAT Land Cover(LC) Item=Artificial surfaces 등"",""나지_희박식생_면적_km"":null,""레코드_키"":""VNM_lc_permanent_snow_and_2002"",""맹그로브_면적_km"":null,""수목_면적_km"":null,""연도"":2002,""영구수체_면적_km"":null,""전국_값"":0,""전국_단위"":""1000 ha"",""전국_지표명"":""토지피복 면적 — 영구설 및 빙하"",""지역명_로마자"":""Viet Nam"",""지역명_베트남어"":""Việt Nam"",""초본습지_면적_km"":null,""초지_면적_km"":null,""합계_km"":null,""행정단위"":""Country""}",,전국 · 토지피복 면적 — 영구설 및 빙하 · [실적치] · FAOSTAT Land Cover · Area from CCI_LC (Flag=E),,,,B-037.xlsx,1.2_entity(레코드형),391,
B-037,"토지피복 분류별 면적[경작지, 산림, 초지, 건물, 수체, 나지]",entity,v124-b-037-entity-00389,B-037_landcover_national,VNM,,,,,,,,,토지피복 면적 — 영구설 및 빙하,,,"{""2025_개편_후_소속_34개_체계"":""전국(개편 무관)"",""건물_인공지표_면적_km"":null,""경계_면적_km_GADM"":null,""경계_좌표_산출근거"":""전국 집계값 — 좌표·폴리곤 없음."",""경계_폴리곤_파일"":null,""경작지_면적_km"":null,""관목_면적_km"":null,""기후기술_연계_근거"":""간접 · 원천 자체 분류 — ESA WorldCover 가 토지피복 등급을 Tree cover·Cropland·Built-up 등으로 정의·배포하며, 수목 피복 면적은 탄소 흡수원의 물리적 기반, 경작지·건물 면적은 토지이용 변화의 기준이 됨. 주 기술 23(탄소 흡수원), 부 기술 35(산림·생태계 부문 기술) — 2026-08-28 발주처 지시에 따라 tech_id에 ';'로 연결해 복수 기입. [근거자료] ESA_WorldCover_10m_2021_v200_*_Map.tif (Discrete Classification, 등급 10~95) · FAOSTAT Land Cover(LC) Item=Artificial surfaces 등"",""나지_희박식생_면적_km"":null,""레코드_키"":""VNM_lc_permanent_snow_and_2003"",""맹그로브_면적_km"":null,""수목_면적_km"":null,""연도"":2003,""영구수체_면적_km"":null,""전국_값"":0,""전국_단위"":""1000 ha"",""전국_지표명"":""토지피복 면적 — 영구설 및 빙하"",""지역명_로마자"":""Viet Nam"",""지역명_베트남어"":""Việt Nam"",""초본습지_면적_km"":null,""초지_면적_km"":null,""합계_km"":null,""행정단위"":""Country""}",,전국 · 토지피복 면적 — 영구설 및 빙하 · [실적치] · FAOSTAT Land Cover · Area from CCI_LC (Flag=E),,,,B-037.xlsx,1.2_entity(레코드형),392,
B-037,"토지피복 분류별 면적[경작지, 산림, 초지, 건물, 수체, 나지]",entity,v124-b-037-entity-00390,B-037_landcover_national,VNM,,,,,,,,,토지피복 면적 — 영구설 및 빙하,,,"{""2025_개편_후_소속_34개_체계"":""전국(개편 무관)"",""건물_인공지표_면적_km"":null,""경계_면적_km_GADM"":null,""경계_좌표_산출근거"":""전국 집계값 — 좌표·폴리곤 없음."",""경계_폴리곤_파일"":null,""경작지_면적_km"":null,""관목_면적_km"":null,""기후기술_연계_근거"":""간접 · 원천 자체 분류 — ESA WorldCover 가 토지피복 등급을 Tree cover·Cropland·Built-up 등으로 정의·배포하며, 수목 피복 면적은 탄소 흡수원의 물리적 기반, 경작지·건물 면적은 토지이용 변화의 기준이 됨. 주 기술 23(탄소 흡수원), 부 기술 35(산림·생태계 부문 기술) — 2026-08-28 발주처 지시에 따라 tech_id에 ';'로 연결해 복수 기입. [근거자료] ESA_WorldCover_10m_2021_v200_*_Map.tif (Discrete Classification, 등급 10~95) · FAOSTAT Land Cover(LC) Item=Artificial surfaces 등"",""나지_희박식생_면적_km"":null,""레코드_키"":""VNM_lc_permanent_snow_and_2004"",""맹그로브_면적_km"":null,""수목_면적_km"":null,""연도"":2004,""영구수체_면적_km"":null,""전국_값"":0,""전국_단위"":""1000 ha"",""전국_지표명"":""토지피복 면적 — 영구설 및 빙하"",""지역명_로마자"":""Viet Nam"",""지역명_베트남어"":""Việt Nam"",""초본습지_면적_km"":null,""초지_면적_km"":null,""합계_km"":null,""행정단위"":""Country""}",,전국 · 토지피복 면적 — 영구설 및 빙하 · [실적치] · FAOSTAT Land Cover · Area from CCI_LC (Flag=E),,,,B-037.xlsx,1.2_entity(레코드형),393,
B-037,"토지피복 분류별 면적[경작지, 산림, 초지, 건물, 수체, 나지]",entity,v124-b-037-entity-00391,B-037_landcover_national,VNM,,,,,,,,,토지피복 면적 — 영구설 및 빙하,,,"{""2025_개편_후_소속_34개_체계"":""전국(개편 무관)"",""건물_인공지표_면적_km"":null,""경계_면적_km_GADM"":null,""경계_좌표_산출근거"":""전국 집계값 — 좌표·폴리곤 없음."",""경계_폴리곤_파일"":null,""경작지_면적_km"":null,""관목_면적_km"":null,""기후기술_연계_근거"":""간접 · 원천 자체 분류 — ESA WorldCover 가 토지피복 등급을 Tree cover·Cropland·Built-up 등으로 정의·배포하며, 수목 피복 면적은 탄소 흡수원의 물리적 기반, 경작지·건물 면적은 토지이용 변화의 기준이 됨. 주 기술 23(탄소 흡수원), 부 기술 35(산림·생태계 부문 기술) — 2026-08-28 발주처 지시에 따라 tech_id에 ';'로 연결해 복수 기입. [근거자료] ESA_WorldCover_10m_2021_v200_*_Map.tif (Discrete Classification, 등급 10~95) · FAOSTAT Land Cover(LC) Item=Artificial surfaces 등"",""나지_희박식생_면적_km"":null,""레코드_키"":""VNM_lc_permanent_snow_and_2005"",""맹그로브_면적_km"":null,""수목_면적_km"":null,""연도"":2005,""영구수체_면적_km"":null,""전국_값"":0,""전국_단위"":""1000 ha"",""전국_지표명"":""토지피복 면적 — 영구설 및 빙하"",""지역명_로마자"":""Viet Nam"",""지역명_베트남어"":""Việt Nam"",""초본습지_면적_km"":null,""초지_면적_km"":null,""합계_km"":null,""행정단위"":""Country""}",,전국 · 토지피복 면적 — 영구설 및 빙하 · [실적치] · FAOSTAT Land Cover · Area from CCI_LC (Flag=E),,,,B-037.xlsx,1.2_entity(레코드형),394,
B-037,"토지피복 분류별 면적[경작지, 산림, 초지, 건물, 수체, 나지]",entity,v124-b-037-entity-00392,B-037_landcover_national,VNM,,,,,,,,,토지피복 면적 — 영구설 및 빙하,,,"{""2025_개편_후_소속_34개_체계"":""전국(개편 무관)"",""건물_인공지표_면적_km"":null,""경계_면적_km_GADM"":null,""경계_좌표_산출근거"":""전국 집계값 — 좌표·폴리곤 없음."",""경계_폴리곤_파일"":null,""경작지_면적_km"":null,""관목_면적_km"":null,""기후기술_연계_근거"":""간접 · 원천 자체 분류 — ESA WorldCover 가 토지피복 등급을 Tree cover·Cropland·Built-up 등으로 정의·배포하며, 수목 피복 면적은 탄소 흡수원의 물리적 기반, 경작지·건물 면적은 토지이용 변화의 기준이 됨. 주 기술 23(탄소 흡수원), 부 기술 35(산림·생태계 부문 기술) — 2026-08-28 발주처 지시에 따라 tech_id에 ';'로 연결해 복수 기입. [근거자료] ESA_WorldCover_10m_2021_v200_*_Map.tif (Discrete Classification, 등급 10~95) · FAOSTAT Land Cover(LC) Item=Artificial surfaces 등"",""나지_희박식생_면적_km"":null,""레코드_키"":""VNM_lc_permanent_snow_and_2006"",""맹그로브_면적_km"":null,""수목_면적_km"":null,""연도"":2006,""영구수체_면적_km"":null,""전국_값"":0,""전국_단위"":""1000 ha"",""전국_지표명"":""토지피복 면적 — 영구설 및 빙하"",""지역명_로마자"":""Viet Nam"",""지역명_베트남어"":""Việt Nam"",""초본습지_면적_km"":null,""초지_면적_km"":null,""합계_km"":null,""행정단위"":""Country""}",,전국 · 토지피복 면적 — 영구설 및 빙하 · [실적치] · FAOSTAT Land Cover · Area from CCI_LC (Flag=E),,,,B-037.xlsx,1.2_entity(레코드형),395,
B-037,"토지피복 분류별 면적[경작지, 산림, 초지, 건물, 수체, 나지]",entity,v124-b-037-entity-00393,B-037_landcover_national,VNM,,,,,,,,,토지피복 면적 — 영구설 및 빙하,,,"{""2025_개편_후_소속_34개_체계"":""전국(개편 무관)"",""건물_인공지표_면적_km"":null,""경계_면적_km_GADM"":null,""경계_좌표_산출근거"":""전국 집계값 — 좌표·폴리곤 없음."",""경계_폴리곤_파일"":null,""경작지_면적_km"":null,""관목_면적_km"":null,""기후기술_연계_근거"":""간접 · 원천 자체 분류 — ESA WorldCover 가 토지피복 등급을 Tree cover·Cropland·Built-up 등으로 정의·배포하며, 수목 피복 면적은 탄소 흡수원의 물리적 기반, 경작지·건물 면적은 토지이용 변화의 기준이 됨. 주 기술 23(탄소 흡수원), 부 기술 35(산림·생태계 부문 기술) — 2026-08-28 발주처 지시에 따라 tech_id에 ';'로 연결해 복수 기입. [근거자료] ESA_WorldCover_10m_2021_v200_*_Map.tif (Discrete Classification, 등급 10~95) · FAOSTAT Land Cover(LC) Item=Artificial surfaces 등"",""나지_희박식생_면적_km"":null,""레코드_키"":""VNM_lc_permanent_snow_and_2007"",""맹그로브_면적_km"":null,""수목_면적_km"":null,""연도"":2007,""영구수체_면적_km"":null,""전국_값"":0,""전국_단위"":""1000 ha"",""전국_지표명"":""토지피복 면적 — 영구설 및 빙하"",""지역명_로마자"":""Viet Nam"",""지역명_베트남어"":""Việt Nam"",""초본습지_면적_km"":null,""초지_면적_km"":null,""합계_km"":null,""행정단위"":""Country""}",,전국 · 토지피복 면적 — 영구설 및 빙하 · [실적치] · FAOSTAT Land Cover · Area from CCI_LC (Flag=E),,,,B-037.xlsx,1.2_entity(레코드형),396,
B-037,"토지피복 분류별 면적[경작지, 산림, 초지, 건물, 수체, 나지]",entity,v124-b-037-entity-00394,B-037_landcover_national,VNM,,,,,,,,,토지피복 면적 — 영구설 및 빙하,,,"{""2025_개편_후_소속_34개_체계"":""전국(개편 무관)"",""건물_인공지표_면적_km"":null,""경계_면적_km_GADM"":null,""경계_좌표_산출근거"":""전국 집계값 — 좌표·폴리곤 없음."",""경계_폴리곤_파일"":null,""경작지_면적_km"":null,""관목_면적_km"":null,""기후기술_연계_근거"":""간접 · 원천 자체 분류 — ESA WorldCover 가 토지피복 등급을 Tree cover·Cropland·Built-up 등으로 정의·배포하며, 수목 피복 면적은 탄소 흡수원의 물리적 기반, 경작지·건물 면적은 토지이용 변화의 기준이 됨. 주 기술 23(탄소 흡수원), 부 기술 35(산림·생태계 부문 기술) — 2026-08-28 발주처 지시에 따라 tech_id에 ';'로 연결해 복수 기입. [근거자료] ESA_WorldCover_10m_2021_v200_*_Map.tif (Discrete Classification, 등급 10~95) · FAOSTAT Land Cover(LC) Item=Artificial surfaces 등"",""나지_희박식생_면적_km"":null,""레코드_키"":""VNM_lc_permanent_snow_and_2008"",""맹그로브_면적_km"":null,""수목_면적_km"":null,""연도"":2008,""영구수체_면적_km"":null,""전국_값"":0,""전국_단위"":""1000 ha"",""전국_지표명"":""토지피복 면적 — 영구설 및 빙하"",""지역명_로마자"":""Viet Nam"",""지역명_베트남어"":""Việt Nam"",""초본습지_면적_km"":null,""초지_면적_km"":null,""합계_km"":null,""행정단위"":""Country""}",,전국 · 토지피복 면적 — 영구설 및 빙하 · [실적치] · FAOSTAT Land Cover · Area from CCI_LC (Flag=E),,,,B-037.xlsx,1.2_entity(레코드형),397,
B-037,"토지피복 분류별 면적[경작지, 산림, 초지, 건물, 수체, 나지]",entity,v124-b-037-entity-00395,B-037_landcover_national,VNM,,,,,,,,,토지피복 면적 — 영구설 및 빙하,,,"{""2025_개편_후_소속_34개_체계"":""전국(개편 무관)"",""건물_인공지표_면적_km"":null,""경계_면적_km_GADM"":null,""경계_좌표_산출근거"":""전국 집계값 — 좌표·폴리곤 없음."",""경계_폴리곤_파일"":null,""경작지_면적_km"":null,""관목_면적_km"":null,""기후기술_연계_근거"":""간접 · 원천 자체 분류 — ESA WorldCover 가 토지피복 등급을 Tree cover·Cropland·Built-up 등으로 정의·배포하며, 수목 피복 면적은 탄소 흡수원의 물리적 기반, 경작지·건물 면적은 토지이용 변화의 기준이 됨. 주 기술 23(탄소 흡수원), 부 기술 35(산림·생태계 부문 기술) — 2026-08-28 발주처 지시에 따라 tech_id에 ';'로 연결해 복수 기입. [근거자료] ESA_WorldCover_10m_2021_v200_*_Map.tif (Discrete Classification, 등급 10~95) · FAOSTAT Land Cover(LC) Item=Artificial surfaces 등"",""나지_희박식생_면적_km"":null,""레코드_키"":""VNM_lc_permanent_snow_and_2009"",""맹그로브_면적_km"":null,""수목_면적_km"":null,""연도"":2009,""영구수체_면적_km"":null,""전국_값"":0,""전국_단위"":""1000 ha"",""전국_지표명"":""토지피복 면적 — 영구설 및 빙하"",""지역명_로마자"":""Viet Nam"",""지역명_베트남어"":""Việt Nam"",""초본습지_면적_km"":null,""초지_면적_km"":null,""합계_km"":null,""행정단위"":""Country""}",,전국 · 토지피복 면적 — 영구설 및 빙하 · [실적치] · FAOSTAT Land Cover · Area from CCI_LC (Flag=E),,,,B-037.xlsx,1.2_entity(레코드형),398,
B-037,"토지피복 분류별 면적[경작지, 산림, 초지, 건물, 수체, 나지]",entity,v124-b-037-entity-00396,B-037_landcover_national,VNM,,,,,,,,,토지피복 면적 — 영구설 및 빙하,,,"{""2025_개편_후_소속_34개_체계"":""전국(개편 무관)"",""건물_인공지표_면적_km"":null,""경계_면적_km_GADM"":null,""경계_좌표_산출근거"":""전국 집계값 — 좌표·폴리곤 없음."",""경계_폴리곤_파일"":null,""경작지_면적_km"":null,""관목_면적_km"":null,""기후기술_연계_근거"":""간접 · 원천 자체 분류 — ESA WorldCover 가 토지피복 등급을 Tree cover·Cropland·Built-up 등으로 정의·배포하며, 수목 피복 면적은 탄소 흡수원의 물리적 기반, 경작지·건물 면적은 토지이용 변화의 기준이 됨. 주 기술 23(탄소 흡수원), 부 기술 35(산림·생태계 부문 기술) — 2026-08-28 발주처 지시에 따라 tech_id에 ';'로 연결해 복수 기입. [근거자료] ESA_WorldCover_10m_2021_v200_*_Map.tif (Discrete Classification, 등급 10~95) · FAOSTAT Land Cover(LC) Item=Artificial surfaces 등"",""나지_희박식생_면적_km"":null,""레코드_키"":""VNM_lc_permanent_snow_and_2010"",""맹그로브_면적_km"":null,""수목_면적_km"":null,""연도"":2010,""영구수체_면적_km"":null,""전국_값"":0,""전국_단위"":""1000 ha"",""전국_지표명"":""토지피복 면적 — 영구설 및 빙하"",""지역명_로마자"":""Viet Nam"",""지역명_베트남어"":""Việt Nam"",""초본습지_면적_km"":null,""초지_면적_km"":null,""합계_km"":null,""행정단위"":""Country""}",,전국 · 토지피복 면적 — 영구설 및 빙하 · [실적치] · FAOSTAT Land Cover · Area from CCI_LC (Flag=E),,,,B-037.xlsx,1.2_entity(레코드형),399,
B-037,"토지피복 분류별 면적[경작지, 산림, 초지, 건물, 수체, 나지]",entity,v124-b-037-entity-00397,B-037_landcover_national,VNM,,,,,,,,,토지피복 면적 — 영구설 및 빙하,,,"{""2025_개편_후_소속_34개_체계"":""전국(개편 무관)"",""건물_인공지표_면적_km"":null,""경계_면적_km_GADM"":null,""경계_좌표_산출근거"":""전국 집계값 — 좌표·폴리곤 없음."",""경계_폴리곤_파일"":null,""경작지_면적_km"":null,""관목_면적_km"":null,""기후기술_연계_근거"":""간접 · 원천 자체 분류 — ESA WorldCover 가 토지피복 등급을 Tree cover·Cropland·Built-up 등으로 정의·배포하며, 수목 피복 면적은 탄소 흡수원의 물리적 기반, 경작지·건물 면적은 토지이용 변화의 기준이 됨. 주 기술 23(탄소 흡수원), 부 기술 35(산림·생태계 부문 기술) — 2026-08-28 발주처 지시에 따라 tech_id에 ';'로 연결해 복수 기입. [근거자료] ESA_WorldCover_10m_2021_v200_*_Map.tif (Discrete Classification, 등급 10~95) · FAOSTAT Land Cover(LC) Item=Artificial surfaces 등"",""나지_희박식생_면적_km"":null,""레코드_키"":""VNM_lc_permanent_snow_and_2011"",""맹그로브_면적_km"":null,""수목_면적_km"":null,""연도"":2011,""영구수체_면적_km"":null,""전국_값"":0,""전국_단위"":""1000 ha"",""전국_지표명"":""토지피복 면적 — 영구설 및 빙하"",""지역명_로마자"":""Viet Nam"",""지역명_베트남어"":""Việt Nam"",""초본습지_면적_km"":null,""초지_면적_km"":null,""합계_km"":null,""행정단위"":""Country""}",,전국 · 토지피복 면적 — 영구설 및 빙하 · [실적치] · FAOSTAT Land Cover · Area from CCI_LC (Flag=E),,,,B-037.xlsx,1.2_entity(레코드형),400,
B-037,"토지피복 분류별 면적[경작지, 산림, 초지, 건물, 수체, 나지]",entity,v124-b-037-entity-00398,B-037_landcover_national,VNM,,,,,,,,,토지피복 면적 — 영구설 및 빙하,,,"{""2025_개편_후_소속_34개_체계"":""전국(개편 무관)"",""건물_인공지표_면적_km"":null,""경계_면적_km_GADM"":null,""경계_좌표_산출근거"":""전국 집계값 — 좌표·폴리곤 없음."",""경계_폴리곤_파일"":null,""경작지_면적_km"":null,""관목_면적_km"":null,""기후기술_연계_근거"":""간접 · 원천 자체 분류 — ESA WorldCover 가 토지피복 등급을 Tree cover·Cropland·Built-up 등으로 정의·배포하며, 수목 피복 면적은 탄소 흡수원의 물리적 기반, 경작지·건물 면적은 토지이용 변화의 기준이 됨. 주 기술 23(탄소 흡수원), 부 기술 35(산림·생태계 부문 기술) — 2026-08-28 발주처 지시에 따라 tech_id에 ';'로 연결해 복수 기입. [근거자료] ESA_WorldCover_10m_2021_v200_*_Map.tif (Discrete Classification, 등급 10~95) · FAOSTAT Land Cover(LC) Item=Artificial surfaces 등"",""나지_희박식생_면적_km"":null,""레코드_키"":""VNM_lc_permanent_snow_and_2012"",""맹그로브_면적_km"":null,""수목_면적_km"":null,""연도"":2012,""영구수체_면적_km"":null,""전국_값"":0,""전국_단위"":""1000 ha"",""전국_지표명"":""토지피복 면적 — 영구설 및 빙하"",""지역명_로마자"":""Viet Nam"",""지역명_베트남어"":""Việt Nam"",""초본습지_면적_km"":null,""초지_면적_km"":null,""합계_km"":null,""행정단위"":""Country""}",,전국 · 토지피복 면적 — 영구설 및 빙하 · [실적치] · FAOSTAT Land Cover · Area from CCI_LC (Flag=E),,,,B-037.xlsx,1.2_entity(레코드형),401,
B-037,"토지피복 분류별 면적[경작지, 산림, 초지, 건물, 수체, 나지]",entity,v124-b-037-entity-00399,B-037_landcover_national,VNM,,,,,,,,,토지피복 면적 — 영구설 및 빙하,,,"{""2025_개편_후_소속_34개_체계"":""전국(개편 무관)"",""건물_인공지표_면적_km"":null,""경계_면적_km_GADM"":null,""경계_좌표_산출근거"":""전국 집계값 — 좌표·폴리곤 없음."",""경계_폴리곤_파일"":null,""경작지_면적_km"":null,""관목_면적_km"":null,""기후기술_연계_근거"":""간접 · 원천 자체 분류 — ESA WorldCover 가 토지피복 등급을 Tree cover·Cropland·Built-up 등으로 정의·배포하며, 수목 피복 면적은 탄소 흡수원의 물리적 기반, 경작지·건물 면적은 토지이용 변화의 기준이 됨. 주 기술 23(탄소 흡수원), 부 기술 35(산림·생태계 부문 기술) — 2026-08-28 발주처 지시에 따라 tech_id에 ';'로 연결해 복수 기입. [근거자료] ESA_WorldCover_10m_2021_v200_*_Map.tif (Discrete Classification, 등급 10~95) · FAOSTAT Land Cover(LC) Item=Artificial surfaces 등"",""나지_희박식생_면적_km"":null,""레코드_키"":""VNM_lc_permanent_snow_and_2013"",""맹그로브_면적_km"":null,""수목_면적_km"":null,""연도"":2013,""영구수체_면적_km"":null,""전국_값"":0,""전국_단위"":""1000 ha"",""전국_지표명"":""토지피복 면적 — 영구설 및 빙하"",""지역명_로마자"":""Viet Nam"",""지역명_베트남어"":""Việt Nam"",""초본습지_면적_km"":null,""초지_면적_km"":null,""합계_km"":null,""행정단위"":""Country""}",,전국 · 토지피복 면적 — 영구설 및 빙하 · [실적치] · FAOSTAT Land Cover · Area from CCI_LC (Flag=E),,,,B-037.xlsx,1.2_entity(레코드형),402,
B-037,"토지피복 분류별 면적[경작지, 산림, 초지, 건물, 수체, 나지]",entity,v124-b-037-entity-00400,B-037_landcover_national,VNM,,,,,,,,,토지피복 면적 — 영구설 및 빙하,,,"{""2025_개편_후_소속_34개_체계"":""전국(개편 무관)"",""건물_인공지표_면적_km"":null,""경계_면적_km_GADM"":null,""경계_좌표_산출근거"":""전국 집계값 — 좌표·폴리곤 없음."",""경계_폴리곤_파일"":null,""경작지_면적_km"":null,""관목_면적_km"":null,""기후기술_연계_근거"":""간접 · 원천 자체 분류 — ESA WorldCover 가 토지피복 등급을 Tree cover·Cropland·Built-up 등으로 정의·배포하며, 수목 피복 면적은 탄소 흡수원의 물리적 기반, 경작지·건물 면적은 토지이용 변화의 기준이 됨. 주 기술 23(탄소 흡수원), 부 기술 35(산림·생태계 부문 기술) — 2026-08-28 발주처 지시에 따라 tech_id에 ';'로 연결해 복수 기입. [근거자료] ESA_WorldCover_10m_2021_v200_*_Map.tif (Discrete Classification, 등급 10~95) · FAOSTAT Land Cover(LC) Item=Artificial surfaces 등"",""나지_희박식생_면적_km"":null,""레코드_키"":""VNM_lc_permanent_snow_and_2014"",""맹그로브_면적_km"":null,""수목_면적_km"":null,""연도"":2014,""영구수체_면적_km"":null,""전국_값"":0,""전국_단위"":""1000 ha"",""전국_지표명"":""토지피복 면적 — 영구설 및 빙하"",""지역명_로마자"":""Viet Nam"",""지역명_베트남어"":""Việt Nam"",""초본습지_면적_km"":null,""초지_면적_km"":null,""합계_km"":null,""행정단위"":""Country""}",,전국 · 토지피복 면적 — 영구설 및 빙하 · [실적치] · FAOSTAT Land Cover · Area from CCI_LC (Flag=E),,,,B-037.xlsx,1.2_entity(레코드형),403,
B-037,"토지피복 분류별 면적[경작지, 산림, 초지, 건물, 수체, 나지]",entity,v124-b-037-entity-00401,B-037_landcover_national,VNM,,,,,,,,,토지피복 면적 — 영구설 및 빙하,,,"{""2025_개편_후_소속_34개_체계"":""전국(개편 무관)"",""건물_인공지표_면적_km"":null,""경계_면적_km_GADM"":null,""경계_좌표_산출근거"":""전국 집계값 — 좌표·폴리곤 없음."",""경계_폴리곤_파일"":null,""경작지_면적_km"":null,""관목_면적_km"":null,""기후기술_연계_근거"":""간접 · 원천 자체 분류 — ESA WorldCover 가 토지피복 등급을 Tree cover·Cropland·Built-up 등으로 정의·배포하며, 수목 피복 면적은 탄소 흡수원의 물리적 기반, 경작지·건물 면적은 토지이용 변화의 기준이 됨. 주 기술 23(탄소 흡수원), 부 기술 35(산림·생태계 부문 기술) — 2026-08-28 발주처 지시에 따라 tech_id에 ';'로 연결해 복수 기입. [근거자료] ESA_WorldCover_10m_2021_v200_*_Map.tif (Discrete Classification, 등급 10~95) · FAOSTAT Land Cover(LC) Item=Artificial surfaces 등"",""나지_희박식생_면적_km"":null,""레코드_키"":""VNM_lc_permanent_snow_and_2015"",""맹그로브_면적_km"":null,""수목_면적_km"":null,""연도"":2015,""영구수체_면적_km"":null,""전국_값"":0,""전국_단위"":""1000 ha"",""전국_지표명"":""토지피복 면적 — 영구설 및 빙하"",""지역명_로마자"":""Viet Nam"",""지역명_베트남어"":""Việt Nam"",""초본습지_면적_km"":null,""초지_면적_km"":null,""합계_km"":null,""행정단위"":""Country""}",,전국 · 토지피복 면적 — 영구설 및 빙하 · [실적치] · FAOSTAT Land Cover · Area from CCI_LC (Flag=E),,,,B-037.xlsx,1.2_entity(레코드형),404,
B-037,"토지피복 분류별 면적[경작지, 산림, 초지, 건물, 수체, 나지]",entity,v124-b-037-entity-00402,B-037_landcover_national,VNM,,,,,,,,,토지피복 면적 — 영구설 및 빙하,,,"{""2025_개편_후_소속_34개_체계"":""전국(개편 무관)"",""건물_인공지표_면적_km"":null,""경계_면적_km_GADM"":null,""경계_좌표_산출근거"":""전국 집계값 — 좌표·폴리곤 없음."",""경계_폴리곤_파일"":null,""경작지_면적_km"":null,""관목_면적_km"":null,""기후기술_연계_근거"":""간접 · 원천 자체 분류 — ESA WorldCover 가 토지피복 등급을 Tree cover·Cropland·Built-up 등으로 정의·배포하며, 수목 피복 면적은 탄소 흡수원의 물리적 기반, 경작지·건물 면적은 토지이용 변화의 기준이 됨. 주 기술 23(탄소 흡수원), 부 기술 35(산림·생태계 부문 기술) — 2026-08-28 발주처 지시에 따라 tech_id에 ';'로 연결해 복수 기입. [근거자료] ESA_WorldCover_10m_2021_v200_*_Map.tif (Discrete Classification, 등급 10~95) · FAOSTAT Land Cover(LC) Item=Artificial surfaces 등"",""나지_희박식생_면적_km"":null,""레코드_키"":""VNM_lc_permanent_snow_and_2016"",""맹그로브_면적_km"":null,""수목_면적_km"":null,""연도"":2016,""영구수체_면적_km"":null,""전국_값"":0,""전국_단위"":""1000 ha"",""전국_지표명"":""토지피복 면적 — 영구설 및 빙하"",""지역명_로마자"":""Viet Nam"",""지역명_베트남어"":""Việt Nam"",""초본습지_면적_km"":null,""초지_면적_km"":null,""합계_km"":null,""행정단위"":""Country""}",,전국 · 토지피복 면적 — 영구설 및 빙하 · [실적치] · FAOSTAT Land Cover · Area from CCI_LC (Flag=E),,,,B-037.xlsx,1.2_entity(레코드형),405,
B-037,"토지피복 분류별 면적[경작지, 산림, 초지, 건물, 수체, 나지]",entity,v124-b-037-entity-00403,B-037_landcover_national,VNM,,,,,,,,,토지피복 면적 — 영구설 및 빙하,,,"{""2025_개편_후_소속_34개_체계"":""전국(개편 무관)"",""건물_인공지표_면적_km"":null,""경계_면적_km_GADM"":null,""경계_좌표_산출근거"":""전국 집계값 — 좌표·폴리곤 없음."",""경계_폴리곤_파일"":null,""경작지_면적_km"":null,""관목_면적_km"":null,""기후기술_연계_근거"":""간접 · 원천 자체 분류 — ESA WorldCover 가 토지피복 등급을 Tree cover·Cropland·Built-up 등으로 정의·배포하며, 수목 피복 면적은 탄소 흡수원의 물리적 기반, 경작지·건물 면적은 토지이용 변화의 기준이 됨. 주 기술 23(탄소 흡수원), 부 기술 35(산림·생태계 부문 기술) — 2026-08-28 발주처 지시에 따라 tech_id에 ';'로 연결해 복수 기입. [근거자료] ESA_WorldCover_10m_2021_v200_*_Map.tif (Discrete Classification, 등급 10~95) · FAOSTAT Land Cover(LC) Item=Artificial surfaces 등"",""나지_희박식생_면적_km"":null,""레코드_키"":""VNM_lc_permanent_snow_and_2017"",""맹그로브_면적_km"":null,""수목_면적_km"":null,""연도"":2017,""영구수체_면적_km"":null,""전국_값"":0,""전국_단위"":""1000 ha"",""전국_지표명"":""토지피복 면적 — 영구설 및 빙하"",""지역명_로마자"":""Viet Nam"",""지역명_베트남어"":""Việt Nam"",""초본습지_면적_km"":null,""초지_면적_km"":null,""합계_km"":null,""행정단위"":""Country""}",,전국 · 토지피복 면적 — 영구설 및 빙하 · [실적치] · FAOSTAT Land Cover · Area from CCI_LC (Flag=E),,,,B-037.xlsx,1.2_entity(레코드형),406,
B-037,"토지피복 분류별 면적[경작지, 산림, 초지, 건물, 수체, 나지]",entity,v124-b-037-entity-00404,B-037_landcover_national,VNM,,,,,,,,,토지피복 면적 — 영구설 및 빙하,,,"{""2025_개편_후_소속_34개_체계"":""전국(개편 무관)"",""건물_인공지표_면적_km"":null,""경계_면적_km_GADM"":null,""경계_좌표_산출근거"":""전국 집계값 — 좌표·폴리곤 없음."",""경계_폴리곤_파일"":null,""경작지_면적_km"":null,""관목_면적_km"":null,""기후기술_연계_근거"":""간접 · 원천 자체 분류 — ESA WorldCover 가 토지피복 등급을 Tree cover·Cropland·Built-up 등으로 정의·배포하며, 수목 피복 면적은 탄소 흡수원의 물리적 기반, 경작지·건물 면적은 토지이용 변화의 기준이 됨. 주 기술 23(탄소 흡수원), 부 기술 35(산림·생태계 부문 기술) — 2026-08-28 발주처 지시에 따라 tech_id에 ';'로 연결해 복수 기입. [근거자료] ESA_WorldCover_10m_2021_v200_*_Map.tif (Discrete Classification, 등급 10~95) · FAOSTAT Land Cover(LC) Item=Artificial surfaces 등"",""나지_희박식생_면적_km"":null,""레코드_키"":""VNM_lc_permanent_snow_and_2018"",""맹그로브_면적_km"":null,""수목_면적_km"":null,""연도"":2018,""영구수체_면적_km"":null,""전국_값"":0,""전국_단위"":""1000 ha"",""전국_지표명"":""토지피복 면적 — 영구설 및 빙하"",""지역명_로마자"":""Viet Nam"",""지역명_베트남어"":""Việt Nam"",""초본습지_면적_km"":null,""초지_면적_km"":null,""합계_km"":null,""행정단위"":""Country""}",,전국 · 토지피복 면적 — 영구설 및 빙하 · [실적치] · FAOSTAT Land Cover · Area from CCI_LC (Flag=E),,,,B-037.xlsx,1.2_entity(레코드형),407,
B-037,"토지피복 분류별 면적[경작지, 산림, 초지, 건물, 수체, 나지]",entity,v124-b-037-entity-00405,B-037_landcover_national,VNM,,,,,,,,,토지피복 면적 — 영구설 및 빙하,,,"{""2025_개편_후_소속_34개_체계"":""전국(개편 무관)"",""건물_인공지표_면적_km"":null,""경계_면적_km_GADM"":null,""경계_좌표_산출근거"":""전국 집계값 — 좌표·폴리곤 없음."",""경계_폴리곤_파일"":null,""경작지_면적_km"":null,""관목_면적_km"":null,""기후기술_연계_근거"":""간접 · 원천 자체 분류 — ESA WorldCover 가 토지피복 등급을 Tree cover·Cropland·Built-up 등으로 정의·배포하며, 수목 피복 면적은 탄소 흡수원의 물리적 기반, 경작지·건물 면적은 토지이용 변화의 기준이 됨. 주 기술 23(탄소 흡수원), 부 기술 35(산림·생태계 부문 기술) — 2026-08-28 발주처 지시에 따라 tech_id에 ';'로 연결해 복수 기입. [근거자료] ESA_WorldCover_10m_2021_v200_*_Map.tif (Discrete Classification, 등급 10~95) · FAOSTAT Land Cover(LC) Item=Artificial surfaces 등"",""나지_희박식생_면적_km"":null,""레코드_키"":""VNM_lc_permanent_snow_and_2019"",""맹그로브_면적_km"":null,""수목_면적_km"":null,""연도"":2019,""영구수체_면적_km"":null,""전국_값"":0,""전국_단위"":""1000 ha"",""전국_지표명"":""토지피복 면적 — 영구설 및 빙하"",""지역명_로마자"":""Viet Nam"",""지역명_베트남어"":""Việt Nam"",""초본습지_면적_km"":null,""초지_면적_km"":null,""합계_km"":null,""행정단위"":""Country""}",,전국 · 토지피복 면적 — 영구설 및 빙하 · [실적치] · FAOSTAT Land Cover · Area from CCI_LC (Flag=E),,,,B-037.xlsx,1.2_entity(레코드형),408,
B-037,"토지피복 분류별 면적[경작지, 산림, 초지, 건물, 수체, 나지]",entity,v124-b-037-entity-00406,B-037_landcover_national,VNM,,,,,,,,,토지피복 면적 — 영구설 및 빙하,,,"{""2025_개편_후_소속_34개_체계"":""전국(개편 무관)"",""건물_인공지표_면적_km"":null,""경계_면적_km_GADM"":null,""경계_좌표_산출근거"":""전국 집계값 — 좌표·폴리곤 없음."",""경계_폴리곤_파일"":null,""경작지_면적_km"":null,""관목_면적_km"":null,""기후기술_연계_근거"":""간접 · 원천 자체 분류 — ESA WorldCover 가 토지피복 등급을 Tree cover·Cropland·Built-up 등으로 정의·배포하며, 수목 피복 면적은 탄소 흡수원의 물리적 기반, 경작지·건물 면적은 토지이용 변화의 기준이 됨. 주 기술 23(탄소 흡수원), 부 기술 35(산림·생태계 부문 기술) — 2026-08-28 발주처 지시에 따라 tech_id에 ';'로 연결해 복수 기입. [근거자료] ESA_WorldCover_10m_2021_v200_*_Map.tif (Discrete Classification, 등급 10~95) · FAOSTAT Land Cover(LC) Item=Artificial surfaces 등"",""나지_희박식생_면적_km"":null,""레코드_키"":""VNM_lc_permanent_snow_and_2020"",""맹그로브_면적_km"":null,""수목_면적_km"":null,""연도"":2020,""영구수체_면적_km"":null,""전국_값"":0,""전국_단위"":""1000 ha"",""전국_지표명"":""토지피복 면적 — 영구설 및 빙하"",""지역명_로마자"":""Viet Nam"",""지역명_베트남어"":""Việt Nam"",""초본습지_면적_km"":null,""초지_면적_km"":null,""합계_km"":null,""행정단위"":""Country""}",,전국 · 토지피복 면적 — 영구설 및 빙하 · [실적치] · FAOSTAT Land Cover · Area from CCI_LC (Flag=E),,,,B-037.xlsx,1.2_entity(레코드형),409,
B-037,"토지피복 분류별 면적[경작지, 산림, 초지, 건물, 수체, 나지]",entity,v124-b-037-entity-00407,B-037_landcover_national,VNM,,,,,,,,,토지피복 면적 — 영구설 및 빙하,,,"{""2025_개편_후_소속_34개_체계"":""전국(개편 무관)"",""건물_인공지표_면적_km"":null,""경계_면적_km_GADM"":null,""경계_좌표_산출근거"":""전국 집계값 — 좌표·폴리곤 없음."",""경계_폴리곤_파일"":null,""경작지_면적_km"":null,""관목_면적_km"":null,""기후기술_연계_근거"":""간접 · 원천 자체 분류 — ESA WorldCover 가 토지피복 등급을 Tree cover·Cropland·Built-up 등으로 정의·배포하며, 수목 피복 면적은 탄소 흡수원의 물리적 기반, 경작지·건물 면적은 토지이용 변화의 기준이 됨. 주 기술 23(탄소 흡수원), 부 기술 35(산림·생태계 부문 기술) — 2026-08-28 발주처 지시에 따라 tech_id에 ';'로 연결해 복수 기입. [근거자료] ESA_WorldCover_10m_2021_v200_*_Map.tif (Discrete Classification, 등급 10~95) · FAOSTAT Land Cover(LC) Item=Artificial surfaces 등"",""나지_희박식생_면적_km"":null,""레코드_키"":""VNM_lc_permanent_snow_and_2021"",""맹그로브_면적_km"":null,""수목_면적_km"":null,""연도"":2021,""영구수체_면적_km"":null,""전국_값"":0,""전국_단위"":""1000 ha"",""전국_지표명"":""토지피복 면적 — 영구설 및 빙하"",""지역명_로마자"":""Viet Nam"",""지역명_베트남어"":""Việt Nam"",""초본습지_면적_km"":null,""초지_면적_km"":null,""합계_km"":null,""행정단위"":""Country""}",,전국 · 토지피복 면적 — 영구설 및 빙하 · [실적치] · FAOSTAT Land Cover · Area from CCI_LC (Flag=E),,,,B-037.xlsx,1.2_entity(레코드형),410,
B-037,"토지피복 분류별 면적[경작지, 산림, 초지, 건물, 수체, 나지]",entity,v124-b-037-entity-00408,B-037_landcover_national,VNM,,,,,,,,,토지피복 면적 — 영구설 및 빙하,,,"{""2025_개편_후_소속_34개_체계"":""전국(개편 무관)"",""건물_인공지표_면적_km"":null,""경계_면적_km_GADM"":null,""경계_좌표_산출근거"":""전국 집계값 — 좌표·폴리곤 없음."",""경계_폴리곤_파일"":null,""경작지_면적_km"":null,""관목_면적_km"":null,""기후기술_연계_근거"":""간접 · 원천 자체 분류 — ESA WorldCover 가 토지피복 등급을 Tree cover·Cropland·Built-up 등으로 정의·배포하며, 수목 피복 면적은 탄소 흡수원의 물리적 기반, 경작지·건물 면적은 토지이용 변화의 기준이 됨. 주 기술 23(탄소 흡수원), 부 기술 35(산림·생태계 부문 기술) — 2026-08-28 발주처 지시에 따라 tech_id에 ';'로 연결해 복수 기입. [근거자료] ESA_WorldCover_10m_2021_v200_*_Map.tif (Discrete Classification, 등급 10~95) · FAOSTAT Land Cover(LC) Item=Artificial surfaces 등"",""나지_희박식생_면적_km"":null,""레코드_키"":""VNM_lc_permanent_snow_and_2022"",""맹그로브_면적_km"":null,""수목_면적_km"":null,""연도"":2022,""영구수체_면적_km"":null,""전국_값"":0,""전국_단위"":""1000 ha"",""전국_지표명"":""토지피복 면적 — 영구설 및 빙하"",""지역명_로마자"":""Viet Nam"",""지역명_베트남어"":""Việt Nam"",""초본습지_면적_km"":null,""초지_면적_km"":null,""합계_km"":null,""행정단위"":""Country""}",,전국 · 토지피복 면적 — 영구설 및 빙하 · [실적치] · FAOSTAT Land Cover · Area from CCI_LC (Flag=E),,,,B-037.xlsx,1.2_entity(레코드형),411,
B-037,"토지피복 분류별 면적[경작지, 산림, 초지, 건물, 수체, 나지]",entity,v124-b-037-entity-00409,B-037_landcover_national,VNM,,,,,,,,,토지피복 면적(CGLS) — 영구설 및 빙하,,,"{""2025_개편_후_소속_34개_체계"":""전국(개편 무관)"",""건물_인공지표_면적_km"":null,""경계_면적_km_GADM"":null,""경계_좌표_산출근거"":""전국 집계값 — 좌표·폴리곤 없음."",""경계_폴리곤_파일"":null,""경작지_면적_km"":null,""관목_면적_km"":null,""기후기술_연계_근거"":""간접 · 원천 자체 분류 — ESA WorldCover 가 토지피복 등급을 Tree cover·Cropland·Built-up 등으로 정의·배포하며, 수목 피복 면적은 탄소 흡수원의 물리적 기반, 경작지·건물 면적은 토지이용 변화의 기준이 됨. 주 기술 23(탄소 흡수원), 부 기술 35(산림·생태계 부문 기술) — 2026-08-28 발주처 지시에 따라 tech_id에 ';'로 연결해 복수 기입. [근거자료] ESA_WorldCover_10m_2021_v200_*_Map.tif (Discrete Classification, 등급 10~95) · FAOSTAT Land Cover(LC) Item=Artificial surfaces 등"",""나지_희박식생_면적_km"":null,""레코드_키"":""VNM_lc_permanent_snow_and_cgls_2019"",""맹그로브_면적_km"":null,""수목_면적_km"":null,""연도"":2019,""영구수체_면적_km"":null,""전국_값"":null,""전국_단위"":""1000 ha"",""전국_지표명"":""토지피복 면적(CGLS) — 영구설 및 빙하"",""지역명_로마자"":""Viet Nam"",""지역명_베트남어"":""Việt Nam"",""초본습지_면적_km"":null,""초지_면적_km"":null,""합계_km"":null,""행정단위"":""Country""}",M03,"전국 · 토지피복 면적(CGLS) — 영구설 및 빙하 · Copernicus Global Land Service 100m 산출물에 해당 클래스 행은 존재하나 전 연도 값이 공란(원천 Flag=O, 값 미산출)",,,,B-037.xlsx,1.2_entity(레코드형),412,
B-037,"토지피복 분류별 면적[경작지, 산림, 초지, 건물, 수체, 나지]",entity,v124-b-037-entity-00410,B-037_landcover_national,VNM,,,,,,,,,토지피복 면적(MODIS) — 영구설 및 빙하,,,"{""2025_개편_후_소속_34개_체계"":""전국(개편 무관)"",""건물_인공지표_면적_km"":null,""경계_면적_km_GADM"":null,""경계_좌표_산출근거"":""전국 집계값 — 좌표·폴리곤 없음."",""경계_폴리곤_파일"":null,""경작지_면적_km"":null,""관목_면적_km"":null,""기후기술_연계_근거"":""간접 · 원천 자체 분류 — ESA WorldCover 가 토지피복 등급을 Tree cover·Cropland·Built-up 등으로 정의·배포하며, 수목 피복 면적은 탄소 흡수원의 물리적 기반, 경작지·건물 면적은 토지이용 변화의 기준이 됨. 주 기술 23(탄소 흡수원), 부 기술 35(산림·생태계 부문 기술) — 2026-08-28 발주처 지시에 따라 tech_id에 ';'로 연결해 복수 기입. [근거자료] ESA_WorldCover_10m_2021_v200_*_Map.tif (Discrete Classification, 등급 10~95) · FAOSTAT Land Cover(LC) Item=Artificial surfaces 등"",""나지_희박식생_면적_km"":null,""레코드_키"":""VNM_lc_permanent_snow_and_modis_2001"",""맹그로브_면적_km"":null,""수목_면적_km"":null,""연도"":2001,""영구수체_면적_km"":null,""전국_값"":0,""전국_단위"":""1000 ha"",""전국_지표명"":""토지피복 면적(MODIS) — 영구설 및 빙하"",""지역명_로마자"":""Viet Nam"",""지역명_베트남어"":""Việt Nam"",""초본습지_면적_km"":null,""초지_면적_km"":null,""합계_km"":null,""행정단위"":""Country""}",,전국 · 토지피복 면적(MODIS) — 영구설 및 빙하 · [실적치] · FAOSTAT Land Cover · Area from MODIS (Flag=E),,,,B-037.xlsx,1.2_entity(레코드형),413,
B-037,"토지피복 분류별 면적[경작지, 산림, 초지, 건물, 수체, 나지]",entity,v124-b-037-entity-00411,B-037_landcover_national,VNM,,,,,,,,,토지피복 면적(MODIS) — 영구설 및 빙하,,,"{""2025_개편_후_소속_34개_체계"":""전국(개편 무관)"",""건물_인공지표_면적_km"":null,""경계_면적_km_GADM"":null,""경계_좌표_산출근거"":""전국 집계값 — 좌표·폴리곤 없음."",""경계_폴리곤_파일"":null,""경작지_면적_km"":null,""관목_면적_km"":null,""기후기술_연계_근거"":""간접 · 원천 자체 분류 — ESA WorldCover 가 토지피복 등급을 Tree cover·Cropland·Built-up 등으로 정의·배포하며, 수목 피복 면적은 탄소 흡수원의 물리적 기반, 경작지·건물 면적은 토지이용 변화의 기준이 됨. 주 기술 23(탄소 흡수원), 부 기술 35(산림·생태계 부문 기술) — 2026-08-28 발주처 지시에 따라 tech_id에 ';'로 연결해 복수 기입. [근거자료] ESA_WorldCover_10m_2021_v200_*_Map.tif (Discrete Classification, 등급 10~95) · FAOSTAT Land Cover(LC) Item=Artificial surfaces 등"",""나지_희박식생_면적_km"":null,""레코드_키"":""VNM_lc_permanent_snow_and_modis_2002"",""맹그로브_면적_km"":null,""수목_면적_km"":null,""연도"":2002,""영구수체_면적_km"":null,""전국_값"":0,""전국_단위"":""1000 ha"",""전국_지표명"":""토지피복 면적(MODIS) — 영구설 및 빙하"",""지역명_로마자"":""Viet Nam"",""지역명_베트남어"":""Việt Nam"",""초본습지_면적_km"":null,""초지_면적_km"":null,""합계_km"":null,""행정단위"":""Country""}",,전국 · 토지피복 면적(MODIS) — 영구설 및 빙하 · [실적치] · FAOSTAT Land Cover · Area from MODIS (Flag=E),,,,B-037.xlsx,1.2_entity(레코드형),414,
B-037,"토지피복 분류별 면적[경작지, 산림, 초지, 건물, 수체, 나지]",entity,v124-b-037-entity-00412,B-037_landcover_national,VNM,,,,,,,,,토지피복 면적(MODIS) — 영구설 및 빙하,,,"{""2025_개편_후_소속_34개_체계"":""전국(개편 무관)"",""건물_인공지표_면적_km"":null,""경계_면적_km_GADM"":null,""경계_좌표_산출근거"":""전국 집계값 — 좌표·폴리곤 없음."",""경계_폴리곤_파일"":null,""경작지_면적_km"":null,""관목_면적_km"":null,""기후기술_연계_근거"":""간접 · 원천 자체 분류 — ESA WorldCover 가 토지피복 등급을 Tree cover·Cropland·Built-up 등으로 정의·배포하며, 수목 피복 면적은 탄소 흡수원의 물리적 기반, 경작지·건물 면적은 토지이용 변화의 기준이 됨. 주 기술 23(탄소 흡수원), 부 기술 35(산림·생태계 부문 기술) — 2026-08-28 발주처 지시에 따라 tech_id에 ';'로 연결해 복수 기입. [근거자료] ESA_WorldCover_10m_2021_v200_*_Map.tif (Discrete Classification, 등급 10~95) · FAOSTAT Land Cover(LC) Item=Artificial surfaces 등"",""나지_희박식생_면적_km"":null,""레코드_키"":""VNM_lc_permanent_snow_and_modis_2003"",""맹그로브_면적_km"":null,""수목_면적_km"":null,""연도"":2003,""영구수체_면적_km"":null,""전국_값"":0,""전국_단위"":""1000 ha"",""전국_지표명"":""토지피복 면적(MODIS) — 영구설 및 빙하"",""지역명_로마자"":""Viet Nam"",""지역명_베트남어"":""Việt Nam"",""초본습지_면적_km"":null,""초지_면적_km"":null,""합계_km"":null,""행정단위"":""Country""}",,전국 · 토지피복 면적(MODIS) — 영구설 및 빙하 · [실적치] · FAOSTAT Land Cover · Area from MODIS (Flag=E),,,,B-037.xlsx,1.2_entity(레코드형),415,
B-037,"토지피복 분류별 면적[경작지, 산림, 초지, 건물, 수체, 나지]",entity,v124-b-037-entity-00413,B-037_landcover_national,VNM,,,,,,,,,토지피복 면적(MODIS) — 영구설 및 빙하,,,"{""2025_개편_후_소속_34개_체계"":""전국(개편 무관)"",""건물_인공지표_면적_km"":null,""경계_면적_km_GADM"":null,""경계_좌표_산출근거"":""전국 집계값 — 좌표·폴리곤 없음."",""경계_폴리곤_파일"":null,""경작지_면적_km"":null,""관목_면적_km"":null,""기후기술_연계_근거"":""간접 · 원천 자체 분류 — ESA WorldCover 가 토지피복 등급을 Tree cover·Cropland·Built-up 등으로 정의·배포하며, 수목 피복 면적은 탄소 흡수원의 물리적 기반, 경작지·건물 면적은 토지이용 변화의 기준이 됨. 주 기술 23(탄소 흡수원), 부 기술 35(산림·생태계 부문 기술) — 2026-08-28 발주처 지시에 따라 tech_id에 ';'로 연결해 복수 기입. [근거자료] ESA_WorldCover_10m_2021_v200_*_Map.tif (Discrete Classification, 등급 10~95) · FAOSTAT Land Cover(LC) Item=Artificial surfaces 등"",""나지_희박식생_면적_km"":null,""레코드_키"":""VNM_lc_permanent_snow_and_modis_2004"",""맹그로브_면적_km"":null,""수목_면적_km"":null,""연도"":2004,""영구수체_면적_km"":null,""전국_값"":0,""전국_단위"":""1000 ha"",""전국_지표명"":""토지피복 면적(MODIS) — 영구설 및 빙하"",""지역명_로마자"":""Viet Nam"",""지역명_베트남어"":""Việt Nam"",""초본습지_면적_km"":null,""초지_면적_km"":null,""합계_km"":null,""행정단위"":""Country""}",,전국 · 토지피복 면적(MODIS) — 영구설 및 빙하 · [실적치] · FAOSTAT Land Cover · Area from MODIS (Flag=E),,,,B-037.xlsx,1.2_entity(레코드형),416,
B-037,"토지피복 분류별 면적[경작지, 산림, 초지, 건물, 수체, 나지]",entity,v124-b-037-entity-00414,B-037_landcover_national,VNM,,,,,,,,,토지피복 면적(MODIS) — 영구설 및 빙하,,,"{""2025_개편_후_소속_34개_체계"":""전국(개편 무관)"",""건물_인공지표_면적_km"":null,""경계_면적_km_GADM"":null,""경계_좌표_산출근거"":""전국 집계값 — 좌표·폴리곤 없음."",""경계_폴리곤_파일"":null,""경작지_면적_km"":null,""관목_면적_km"":null,""기후기술_연계_근거"":""간접 · 원천 자체 분류 — ESA WorldCover 가 토지피복 등급을 Tree cover·Cropland·Built-up 등으로 정의·배포하며, 수목 피복 면적은 탄소 흡수원의 물리적 기반, 경작지·건물 면적은 토지이용 변화의 기준이 됨. 주 기술 23(탄소 흡수원), 부 기술 35(산림·생태계 부문 기술) — 2026-08-28 발주처 지시에 따라 tech_id에 ';'로 연결해 복수 기입. [근거자료] ESA_WorldCover_10m_2021_v200_*_Map.tif (Discrete Classification, 등급 10~95) · FAOSTAT Land Cover(LC) Item=Artificial surfaces 등"",""나지_희박식생_면적_km"":null,""레코드_키"":""VNM_lc_permanent_snow_and_modis_2005"",""맹그로브_면적_km"":null,""수목_면적_km"":null,""연도"":2005,""영구수체_면적_km"":null,""전국_값"":0,""전국_단위"":""1000 ha"",""전국_지표명"":""토지피복 면적(MODIS) — 영구설 및 빙하"",""지역명_로마자"":""Viet Nam"",""지역명_베트남어"":""Việt Nam"",""초본습지_면적_km"":null,""초지_면적_km"":null,""합계_km"":null,""행정단위"":""Country""}",,전국 · 토지피복 면적(MODIS) — 영구설 및 빙하 · [실적치] · FAOSTAT Land Cover · Area from MODIS (Flag=E),,,,B-037.xlsx,1.2_entity(레코드형),417,
B-037,"토지피복 분류별 면적[경작지, 산림, 초지, 건물, 수체, 나지]",entity,v124-b-037-entity-00415,B-037_landcover_national,VNM,,,,,,,,,토지피복 면적(MODIS) — 영구설 및 빙하,,,"{""2025_개편_후_소속_34개_체계"":""전국(개편 무관)"",""건물_인공지표_면적_km"":null,""경계_면적_km_GADM"":null,""경계_좌표_산출근거"":""전국 집계값 — 좌표·폴리곤 없음."",""경계_폴리곤_파일"":null,""경작지_면적_km"":null,""관목_면적_km"":null,""기후기술_연계_근거"":""간접 · 원천 자체 분류 — ESA WorldCover 가 토지피복 등급을 Tree cover·Cropland·Built-up 등으로 정의·배포하며, 수목 피복 면적은 탄소 흡수원의 물리적 기반, 경작지·건물 면적은 토지이용 변화의 기준이 됨. 주 기술 23(탄소 흡수원), 부 기술 35(산림·생태계 부문 기술) — 2026-08-28 발주처 지시에 따라 tech_id에 ';'로 연결해 복수 기입. [근거자료] ESA_WorldCover_10m_2021_v200_*_Map.tif (Discrete Classification, 등급 10~95) · FAOSTAT Land Cover(LC) Item=Artificial surfaces 등"",""나지_희박식생_면적_km"":null,""레코드_키"":""VNM_lc_permanent_snow_and_modis_2006"",""맹그로브_면적_km"":null,""수목_면적_km"":null,""연도"":2006,""영구수체_면적_km"":null,""전국_값"":0,""전국_단위"":""1000 ha"",""전국_지표명"":""토지피복 면적(MODIS) — 영구설 및 빙하"",""지역명_로마자"":""Viet Nam"",""지역명_베트남어"":""Việt Nam"",""초본습지_면적_km"":null,""초지_면적_km"":null,""합계_km"":null,""행정단위"":""Country""}",,전국 · 토지피복 면적(MODIS) — 영구설 및 빙하 · [실적치] · FAOSTAT Land Cover · Area from MODIS (Flag=E),,,,B-037.xlsx,1.2_entity(레코드형),418,
B-037,"토지피복 분류별 면적[경작지, 산림, 초지, 건물, 수체, 나지]",entity,v124-b-037-entity-00416,B-037_landcover_national,VNM,,,,,,,,,토지피복 면적(MODIS) — 영구설 및 빙하,,,"{""2025_개편_후_소속_34개_체계"":""전국(개편 무관)"",""건물_인공지표_면적_km"":null,""경계_면적_km_GADM"":null,""경계_좌표_산출근거"":""전국 집계값 — 좌표·폴리곤 없음."",""경계_폴리곤_파일"":null,""경작지_면적_km"":null,""관목_면적_km"":null,""기후기술_연계_근거"":""간접 · 원천 자체 분류 — ESA WorldCover 가 토지피복 등급을 Tree cover·Cropland·Built-up 등으로 정의·배포하며, 수목 피복 면적은 탄소 흡수원의 물리적 기반, 경작지·건물 면적은 토지이용 변화의 기준이 됨. 주 기술 23(탄소 흡수원), 부 기술 35(산림·생태계 부문 기술) — 2026-08-28 발주처 지시에 따라 tech_id에 ';'로 연결해 복수 기입. [근거자료] ESA_WorldCover_10m_2021_v200_*_Map.tif (Discrete Classification, 등급 10~95) · FAOSTAT Land Cover(LC) Item=Artificial surfaces 등"",""나지_희박식생_면적_km"":null,""레코드_키"":""VNM_lc_permanent_snow_and_modis_2007"",""맹그로브_면적_km"":null,""수목_면적_km"":null,""연도"":2007,""영구수체_면적_km"":null,""전국_값"":0,""전국_단위"":""1000 ha"",""전국_지표명"":""토지피복 면적(MODIS) — 영구설 및 빙하"",""지역명_로마자"":""Viet Nam"",""지역명_베트남어"":""Việt Nam"",""초본습지_면적_km"":null,""초지_면적_km"":null,""합계_km"":null,""행정단위"":""Country""}",,전국 · 토지피복 면적(MODIS) — 영구설 및 빙하 · [실적치] · FAOSTAT Land Cover · Area from MODIS (Flag=E),,,,B-037.xlsx,1.2_entity(레코드형),419,
B-037,"토지피복 분류별 면적[경작지, 산림, 초지, 건물, 수체, 나지]",entity,v124-b-037-entity-00417,B-037_landcover_national,VNM,,,,,,,,,토지피복 면적(MODIS) — 영구설 및 빙하,,,"{""2025_개편_후_소속_34개_체계"":""전국(개편 무관)"",""건물_인공지표_면적_km"":null,""경계_면적_km_GADM"":null,""경계_좌표_산출근거"":""전국 집계값 — 좌표·폴리곤 없음."",""경계_폴리곤_파일"":null,""경작지_면적_km"":null,""관목_면적_km"":null,""기후기술_연계_근거"":""간접 · 원천 자체 분류 — ESA WorldCover 가 토지피복 등급을 Tree cover·Cropland·Built-up 등으로 정의·배포하며, 수목 피복 면적은 탄소 흡수원의 물리적 기반, 경작지·건물 면적은 토지이용 변화의 기준이 됨. 주 기술 23(탄소 흡수원), 부 기술 35(산림·생태계 부문 기술) — 2026-08-28 발주처 지시에 따라 tech_id에 ';'로 연결해 복수 기입. [근거자료] ESA_WorldCover_10m_2021_v200_*_Map.tif (Discrete Classification, 등급 10~95) · FAOSTAT Land Cover(LC) Item=Artificial surfaces 등"",""나지_희박식생_면적_km"":null,""레코드_키"":""VNM_lc_permanent_snow_and_modis_2008"",""맹그로브_면적_km"":null,""수목_면적_km"":null,""연도"":2008,""영구수체_면적_km"":null,""전국_값"":0,""전국_단위"":""1000 ha"",""전국_지표명"":""토지피복 면적(MODIS) — 영구설 및 빙하"",""지역명_로마자"":""Viet Nam"",""지역명_베트남어"":""Việt Nam"",""초본습지_면적_km"":null,""초지_면적_km"":null,""합계_km"":null,""행정단위"":""Country""}",,전국 · 토지피복 면적(MODIS) — 영구설 및 빙하 · [실적치] · FAOSTAT Land Cover · Area from MODIS (Flag=E),,,,B-037.xlsx,1.2_entity(레코드형),420,
B-037,"토지피복 분류별 면적[경작지, 산림, 초지, 건물, 수체, 나지]",entity,v124-b-037-entity-00418,B-037_landcover_national,VNM,,,,,,,,,토지피복 면적(MODIS) — 영구설 및 빙하,,,"{""2025_개편_후_소속_34개_체계"":""전국(개편 무관)"",""건물_인공지표_면적_km"":null,""경계_면적_km_GADM"":null,""경계_좌표_산출근거"":""전국 집계값 — 좌표·폴리곤 없음."",""경계_폴리곤_파일"":null,""경작지_면적_km"":null,""관목_면적_km"":null,""기후기술_연계_근거"":""간접 · 원천 자체 분류 — ESA WorldCover 가 토지피복 등급을 Tree cover·Cropland·Built-up 등으로 정의·배포하며, 수목 피복 면적은 탄소 흡수원의 물리적 기반, 경작지·건물 면적은 토지이용 변화의 기준이 됨. 주 기술 23(탄소 흡수원), 부 기술 35(산림·생태계 부문 기술) — 2026-08-28 발주처 지시에 따라 tech_id에 ';'로 연결해 복수 기입. [근거자료] ESA_WorldCover_10m_2021_v200_*_Map.tif (Discrete Classification, 등급 10~95) · FAOSTAT Land Cover(LC) Item=Artificial surfaces 등"",""나지_희박식생_면적_km"":null,""레코드_키"":""VNM_lc_permanent_snow_and_modis_2009"",""맹그로브_면적_km"":null,""수목_면적_km"":null,""연도"":2009,""영구수체_면적_km"":null,""전국_값"":0,""전국_단위"":""1000 ha"",""전국_지표명"":""토지피복 면적(MODIS) — 영구설 및 빙하"",""지역명_로마자"":""Viet Nam"",""지역명_베트남어"":""Việt Nam"",""초본습지_면적_km"":null,""초지_면적_km"":null,""합계_km"":null,""행정단위"":""Country""}",,전국 · 토지피복 면적(MODIS) — 영구설 및 빙하 · [실적치] · FAOSTAT Land Cover · Area from MODIS (Flag=E),,,,B-037.xlsx,1.2_entity(레코드형),421,
B-037,"토지피복 분류별 면적[경작지, 산림, 초지, 건물, 수체, 나지]",entity,v124-b-037-entity-00419,B-037_landcover_national,VNM,,,,,,,,,토지피복 면적(MODIS) — 영구설 및 빙하,,,"{""2025_개편_후_소속_34개_체계"":""전국(개편 무관)"",""건물_인공지표_면적_km"":null,""경계_면적_km_GADM"":null,""경계_좌표_산출근거"":""전국 집계값 — 좌표·폴리곤 없음."",""경계_폴리곤_파일"":null,""경작지_면적_km"":null,""관목_면적_km"":null,""기후기술_연계_근거"":""간접 · 원천 자체 분류 — ESA WorldCover 가 토지피복 등급을 Tree cover·Cropland·Built-up 등으로 정의·배포하며, 수목 피복 면적은 탄소 흡수원의 물리적 기반, 경작지·건물 면적은 토지이용 변화의 기준이 됨. 주 기술 23(탄소 흡수원), 부 기술 35(산림·생태계 부문 기술) — 2026-08-28 발주처 지시에 따라 tech_id에 ';'로 연결해 복수 기입. [근거자료] ESA_WorldCover_10m_2021_v200_*_Map.tif (Discrete Classification, 등급 10~95) · FAOSTAT Land Cover(LC) Item=Artificial surfaces 등"",""나지_희박식생_면적_km"":null,""레코드_키"":""VNM_lc_permanent_snow_and_modis_2010"",""맹그로브_면적_km"":null,""수목_면적_km"":null,""연도"":2010,""영구수체_면적_km"":null,""전국_값"":0,""전국_단위"":""1000 ha"",""전국_지표명"":""토지피복 면적(MODIS) — 영구설 및 빙하"",""지역명_로마자"":""Viet Nam"",""지역명_베트남어"":""Việt Nam"",""초본습지_면적_km"":null,""초지_면적_km"":null,""합계_km"":null,""행정단위"":""Country""}",,전국 · 토지피복 면적(MODIS) — 영구설 및 빙하 · [실적치] · FAOSTAT Land Cover · Area from MODIS (Flag=E),,,,B-037.xlsx,1.2_entity(레코드형),422,
B-037,"토지피복 분류별 면적[경작지, 산림, 초지, 건물, 수체, 나지]",entity,v124-b-037-entity-00420,B-037_landcover_national,VNM,,,,,,,,,토지피복 면적(MODIS) — 영구설 및 빙하,,,"{""2025_개편_후_소속_34개_체계"":""전국(개편 무관)"",""건물_인공지표_면적_km"":null,""경계_면적_km_GADM"":null,""경계_좌표_산출근거"":""전국 집계값 — 좌표·폴리곤 없음."",""경계_폴리곤_파일"":null,""경작지_면적_km"":null,""관목_면적_km"":null,""기후기술_연계_근거"":""간접 · 원천 자체 분류 — ESA WorldCover 가 토지피복 등급을 Tree cover·Cropland·Built-up 등으로 정의·배포하며, 수목 피복 면적은 탄소 흡수원의 물리적 기반, 경작지·건물 면적은 토지이용 변화의 기준이 됨. 주 기술 23(탄소 흡수원), 부 기술 35(산림·생태계 부문 기술) — 2026-08-28 발주처 지시에 따라 tech_id에 ';'로 연결해 복수 기입. [근거자료] ESA_WorldCover_10m_2021_v200_*_Map.tif (Discrete Classification, 등급 10~95) · FAOSTAT Land Cover(LC) Item=Artificial surfaces 등"",""나지_희박식생_면적_km"":null,""레코드_키"":""VNM_lc_permanent_snow_and_modis_2011"",""맹그로브_면적_km"":null,""수목_면적_km"":null,""연도"":2011,""영구수체_면적_km"":null,""전국_값"":0,""전국_단위"":""1000 ha"",""전국_지표명"":""토지피복 면적(MODIS) — 영구설 및 빙하"",""지역명_로마자"":""Viet Nam"",""지역명_베트남어"":""Việt Nam"",""초본습지_면적_km"":null,""초지_면적_km"":null,""합계_km"":null,""행정단위"":""Country""}",,전국 · 토지피복 면적(MODIS) — 영구설 및 빙하 · [실적치] · FAOSTAT Land Cover · Area from MODIS (Flag=E),,,,B-037.xlsx,1.2_entity(레코드형),423,
B-037,"토지피복 분류별 면적[경작지, 산림, 초지, 건물, 수체, 나지]",entity,v124-b-037-entity-00421,B-037_landcover_national,VNM,,,,,,,,,토지피복 면적(MODIS) — 영구설 및 빙하,,,"{""2025_개편_후_소속_34개_체계"":""전국(개편 무관)"",""건물_인공지표_면적_km"":null,""경계_면적_km_GADM"":null,""경계_좌표_산출근거"":""전국 집계값 — 좌표·폴리곤 없음."",""경계_폴리곤_파일"":null,""경작지_면적_km"":null,""관목_면적_km"":null,""기후기술_연계_근거"":""간접 · 원천 자체 분류 — ESA WorldCover 가 토지피복 등급을 Tree cover·Cropland·Built-up 등으로 정의·배포하며, 수목 피복 면적은 탄소 흡수원의 물리적 기반, 경작지·건물 면적은 토지이용 변화의 기준이 됨. 주 기술 23(탄소 흡수원), 부 기술 35(산림·생태계 부문 기술) — 2026-08-28 발주처 지시에 따라 tech_id에 ';'로 연결해 복수 기입. [근거자료] ESA_WorldCover_10m_2021_v200_*_Map.tif (Discrete Classification, 등급 10~95) · FAOSTAT Land Cover(LC) Item=Artificial surfaces 등"",""나지_희박식생_면적_km"":null,""레코드_키"":""VNM_lc_permanent_snow_and_modis_2012"",""맹그로브_면적_km"":null,""수목_면적_km"":null,""연도"":2012,""영구수체_면적_km"":null,""전국_값"":0,""전국_단위"":""1000 ha"",""전국_지표명"":""토지피복 면적(MODIS) — 영구설 및 빙하"",""지역명_로마자"":""Viet Nam"",""지역명_베트남어"":""Việt Nam"",""초본습지_면적_km"":null,""초지_면적_km"":null,""합계_km"":null,""행정단위"":""Country""}",,전국 · 토지피복 면적(MODIS) — 영구설 및 빙하 · [실적치] · FAOSTAT Land Cover · Area from MODIS (Flag=E),,,,B-037.xlsx,1.2_entity(레코드형),424,
B-037,"토지피복 분류별 면적[경작지, 산림, 초지, 건물, 수체, 나지]",entity,v124-b-037-entity-00422,B-037_landcover_national,VNM,,,,,,,,,토지피복 면적(MODIS) — 영구설 및 빙하,,,"{""2025_개편_후_소속_34개_체계"":""전국(개편 무관)"",""건물_인공지표_면적_km"":null,""경계_면적_km_GADM"":null,""경계_좌표_산출근거"":""전국 집계값 — 좌표·폴리곤 없음."",""경계_폴리곤_파일"":null,""경작지_면적_km"":null,""관목_면적_km"":null,""기후기술_연계_근거"":""간접 · 원천 자체 분류 — ESA WorldCover 가 토지피복 등급을 Tree cover·Cropland·Built-up 등으로 정의·배포하며, 수목 피복 면적은 탄소 흡수원의 물리적 기반, 경작지·건물 면적은 토지이용 변화의 기준이 됨. 주 기술 23(탄소 흡수원), 부 기술 35(산림·생태계 부문 기술) — 2026-08-28 발주처 지시에 따라 tech_id에 ';'로 연결해 복수 기입. [근거자료] ESA_WorldCover_10m_2021_v200_*_Map.tif (Discrete Classification, 등급 10~95) · FAOSTAT Land Cover(LC) Item=Artificial surfaces 등"",""나지_희박식생_면적_km"":null,""레코드_키"":""VNM_lc_permanent_snow_and_modis_2013"",""맹그로브_면적_km"":null,""수목_면적_km"":null,""연도"":2013,""영구수체_면적_km"":null,""전국_값"":0,""전국_단위"":""1000 ha"",""전국_지표명"":""토지피복 면적(MODIS) — 영구설 및 빙하"",""지역명_로마자"":""Viet Nam"",""지역명_베트남어"":""Việt Nam"",""초본습지_면적_km"":null,""초지_면적_km"":null,""합계_km"":null,""행정단위"":""Country""}",,전국 · 토지피복 면적(MODIS) — 영구설 및 빙하 · [실적치] · FAOSTAT Land Cover · Area from MODIS (Flag=E),,,,B-037.xlsx,1.2_entity(레코드형),425,
B-037,"토지피복 분류별 면적[경작지, 산림, 초지, 건물, 수체, 나지]",entity,v124-b-037-entity-00423,B-037_landcover_national,VNM,,,,,,,,,토지피복 면적(MODIS) — 영구설 및 빙하,,,"{""2025_개편_후_소속_34개_체계"":""전국(개편 무관)"",""건물_인공지표_면적_km"":null,""경계_면적_km_GADM"":null,""경계_좌표_산출근거"":""전국 집계값 — 좌표·폴리곤 없음."",""경계_폴리곤_파일"":null,""경작지_면적_km"":null,""관목_면적_km"":null,""기후기술_연계_근거"":""간접 · 원천 자체 분류 — ESA WorldCover 가 토지피복 등급을 Tree cover·Cropland·Built-up 등으로 정의·배포하며, 수목 피복 면적은 탄소 흡수원의 물리적 기반, 경작지·건물 면적은 토지이용 변화의 기준이 됨. 주 기술 23(탄소 흡수원), 부 기술 35(산림·생태계 부문 기술) — 2026-08-28 발주처 지시에 따라 tech_id에 ';'로 연결해 복수 기입. [근거자료] ESA_WorldCover_10m_2021_v200_*_Map.tif (Discrete Classification, 등급 10~95) · FAOSTAT Land Cover(LC) Item=Artificial surfaces 등"",""나지_희박식생_면적_km"":null,""레코드_키"":""VNM_lc_permanent_snow_and_modis_2014"",""맹그로브_면적_km"":null,""수목_면적_km"":null,""연도"":2014,""영구수체_면적_km"":null,""전국_값"":0,""전국_단위"":""1000 ha"",""전국_지표명"":""토지피복 면적(MODIS) — 영구설 및 빙하"",""지역명_로마자"":""Viet Nam"",""지역명_베트남어"":""Việt Nam"",""초본습지_면적_km"":null,""초지_면적_km"":null,""합계_km"":null,""행정단위"":""Country""}",,전국 · 토지피복 면적(MODIS) — 영구설 및 빙하 · [실적치] · FAOSTAT Land Cover · Area from MODIS (Flag=E),,,,B-037.xlsx,1.2_entity(레코드형),426,
B-037,"토지피복 분류별 면적[경작지, 산림, 초지, 건물, 수체, 나지]",entity,v124-b-037-entity-00424,B-037_landcover_national,VNM,,,,,,,,,토지피복 면적(MODIS) — 영구설 및 빙하,,,"{""2025_개편_후_소속_34개_체계"":""전국(개편 무관)"",""건물_인공지표_면적_km"":null,""경계_면적_km_GADM"":null,""경계_좌표_산출근거"":""전국 집계값 — 좌표·폴리곤 없음."",""경계_폴리곤_파일"":null,""경작지_면적_km"":null,""관목_면적_km"":null,""기후기술_연계_근거"":""간접 · 원천 자체 분류 — ESA WorldCover 가 토지피복 등급을 Tree cover·Cropland·Built-up 등으로 정의·배포하며, 수목 피복 면적은 탄소 흡수원의 물리적 기반, 경작지·건물 면적은 토지이용 변화의 기준이 됨. 주 기술 23(탄소 흡수원), 부 기술 35(산림·생태계 부문 기술) — 2026-08-28 발주처 지시에 따라 tech_id에 ';'로 연결해 복수 기입. [근거자료] ESA_WorldCover_10m_2021_v200_*_Map.tif (Discrete Classification, 등급 10~95) · FAOSTAT Land Cover(LC) Item=Artificial surfaces 등"",""나지_희박식생_면적_km"":null,""레코드_키"":""VNM_lc_permanent_snow_and_modis_2015"",""맹그로브_면적_km"":null,""수목_면적_km"":null,""연도"":2015,""영구수체_면적_km"":null,""전국_값"":0,""전국_단위"":""1000 ha"",""전국_지표명"":""토지피복 면적(MODIS) — 영구설 및 빙하"",""지역명_로마자"":""Viet Nam"",""지역명_베트남어"":""Việt Nam"",""초본습지_면적_km"":null,""초지_면적_km"":null,""합계_km"":null,""행정단위"":""Country""}",,전국 · 토지피복 면적(MODIS) — 영구설 및 빙하 · [실적치] · FAOSTAT Land Cover · Area from MODIS (Flag=E),,,,B-037.xlsx,1.2_entity(레코드형),427,
B-037,"토지피복 분류별 면적[경작지, 산림, 초지, 건물, 수체, 나지]",entity,v124-b-037-entity-00425,B-037_landcover_national,VNM,,,,,,,,,토지피복 면적(MODIS) — 영구설 및 빙하,,,"{""2025_개편_후_소속_34개_체계"":""전국(개편 무관)"",""건물_인공지표_면적_km"":null,""경계_면적_km_GADM"":null,""경계_좌표_산출근거"":""전국 집계값 — 좌표·폴리곤 없음."",""경계_폴리곤_파일"":null,""경작지_면적_km"":null,""관목_면적_km"":null,""기후기술_연계_근거"":""간접 · 원천 자체 분류 — ESA WorldCover 가 토지피복 등급을 Tree cover·Cropland·Built-up 등으로 정의·배포하며, 수목 피복 면적은 탄소 흡수원의 물리적 기반, 경작지·건물 면적은 토지이용 변화의 기준이 됨. 주 기술 23(탄소 흡수원), 부 기술 35(산림·생태계 부문 기술) — 2026-08-28 발주처 지시에 따라 tech_id에 ';'로 연결해 복수 기입. [근거자료] ESA_WorldCover_10m_2021_v200_*_Map.tif (Discrete Classification, 등급 10~95) · FAOSTAT Land Cover(LC) Item=Artificial surfaces 등"",""나지_희박식생_면적_km"":null,""레코드_키"":""VNM_lc_permanent_snow_and_modis_2016"",""맹그로브_면적_km"":null,""수목_면적_km"":null,""연도"":2016,""영구수체_면적_km"":null,""전국_값"":0,""전국_단위"":""1000 ha"",""전국_지표명"":""토지피복 면적(MODIS) — 영구설 및 빙하"",""지역명_로마자"":""Viet Nam"",""지역명_베트남어"":""Việt Nam"",""초본습지_면적_km"":null,""초지_면적_km"":null,""합계_km"":null,""행정단위"":""Country""}",,전국 · 토지피복 면적(MODIS) — 영구설 및 빙하 · [실적치] · FAOSTAT Land Cover · Area from MODIS (Flag=E),,,,B-037.xlsx,1.2_entity(레코드형),428,
B-037,"토지피복 분류별 면적[경작지, 산림, 초지, 건물, 수체, 나지]",entity,v124-b-037-entity-00426,B-037_landcover_national,VNM,,,,,,,,,토지피복 면적(MODIS) — 영구설 및 빙하,,,"{""2025_개편_후_소속_34개_체계"":""전국(개편 무관)"",""건물_인공지표_면적_km"":null,""경계_면적_km_GADM"":null,""경계_좌표_산출근거"":""전국 집계값 — 좌표·폴리곤 없음."",""경계_폴리곤_파일"":null,""경작지_면적_km"":null,""관목_면적_km"":null,""기후기술_연계_근거"":""간접 · 원천 자체 분류 — ESA WorldCover 가 토지피복 등급을 Tree cover·Cropland·Built-up 등으로 정의·배포하며, 수목 피복 면적은 탄소 흡수원의 물리적 기반, 경작지·건물 면적은 토지이용 변화의 기준이 됨. 주 기술 23(탄소 흡수원), 부 기술 35(산림·생태계 부문 기술) — 2026-08-28 발주처 지시에 따라 tech_id에 ';'로 연결해 복수 기입. [근거자료] ESA_WorldCover_10m_2021_v200_*_Map.tif (Discrete Classification, 등급 10~95) · FAOSTAT Land Cover(LC) Item=Artificial surfaces 등"",""나지_희박식생_면적_km"":null,""레코드_키"":""VNM_lc_permanent_snow_and_modis_2017"",""맹그로브_면적_km"":null,""수목_면적_km"":null,""연도"":2017,""영구수체_면적_km"":null,""전국_값"":0,""전국_단위"":""1000 ha"",""전국_지표명"":""토지피복 면적(MODIS) — 영구설 및 빙하"",""지역명_로마자"":""Viet Nam"",""지역명_베트남어"":""Việt Nam"",""초본습지_면적_km"":null,""초지_면적_km"":null,""합계_km"":null,""행정단위"":""Country""}",,전국 · 토지피복 면적(MODIS) — 영구설 및 빙하 · [실적치] · FAOSTAT Land Cover · Area from MODIS (Flag=E),,,,B-037.xlsx,1.2_entity(레코드형),429,
B-037,"토지피복 분류별 면적[경작지, 산림, 초지, 건물, 수체, 나지]",entity,v124-b-037-entity-00427,B-037_landcover_national,VNM,,,,,,,,,토지피복 면적(MODIS) — 영구설 및 빙하,,,"{""2025_개편_후_소속_34개_체계"":""전국(개편 무관)"",""건물_인공지표_면적_km"":null,""경계_면적_km_GADM"":null,""경계_좌표_산출근거"":""전국 집계값 — 좌표·폴리곤 없음."",""경계_폴리곤_파일"":null,""경작지_면적_km"":null,""관목_면적_km"":null,""기후기술_연계_근거"":""간접 · 원천 자체 분류 — ESA WorldCover 가 토지피복 등급을 Tree cover·Cropland·Built-up 등으로 정의·배포하며, 수목 피복 면적은 탄소 흡수원의 물리적 기반, 경작지·건물 면적은 토지이용 변화의 기준이 됨. 주 기술 23(탄소 흡수원), 부 기술 35(산림·생태계 부문 기술) — 2026-08-28 발주처 지시에 따라 tech_id에 ';'로 연결해 복수 기입. [근거자료] ESA_WorldCover_10m_2021_v200_*_Map.tif (Discrete Classification, 등급 10~95) · FAOSTAT Land Cover(LC) Item=Artificial surfaces 등"",""나지_희박식생_면적_km"":null,""레코드_키"":""VNM_lc_permanent_snow_and_modis_2018"",""맹그로브_면적_km"":null,""수목_면적_km"":null,""연도"":2018,""영구수체_면적_km"":null,""전국_값"":0,""전국_단위"":""1000 ha"",""전국_지표명"":""토지피복 면적(MODIS) — 영구설 및 빙하"",""지역명_로마자"":""Viet Nam"",""지역명_베트남어"":""Việt Nam"",""초본습지_면적_km"":null,""초지_면적_km"":null,""합계_km"":null,""행정단위"":""Country""}",,전국 · 토지피복 면적(MODIS) — 영구설 및 빙하 · [실적치] · FAOSTAT Land Cover · Area from MODIS (Flag=E),,,,B-037.xlsx,1.2_entity(레코드형),430,
B-037,"토지피복 분류별 면적[경작지, 산림, 초지, 건물, 수체, 나지]",entity,v124-b-037-entity-00428,B-037_landcover_national,VNM,,,,,,,,,토지피복 면적(MODIS) — 영구설 및 빙하,,,"{""2025_개편_후_소속_34개_체계"":""전국(개편 무관)"",""건물_인공지표_면적_km"":null,""경계_면적_km_GADM"":null,""경계_좌표_산출근거"":""전국 집계값 — 좌표·폴리곤 없음."",""경계_폴리곤_파일"":null,""경작지_면적_km"":null,""관목_면적_km"":null,""기후기술_연계_근거"":""간접 · 원천 자체 분류 — ESA WorldCover 가 토지피복 등급을 Tree cover·Cropland·Built-up 등으로 정의·배포하며, 수목 피복 면적은 탄소 흡수원의 물리적 기반, 경작지·건물 면적은 토지이용 변화의 기준이 됨. 주 기술 23(탄소 흡수원), 부 기술 35(산림·생태계 부문 기술) — 2026-08-28 발주처 지시에 따라 tech_id에 ';'로 연결해 복수 기입. [근거자료] ESA_WorldCover_10m_2021_v200_*_Map.tif (Discrete Classification, 등급 10~95) · FAOSTAT Land Cover(LC) Item=Artificial surfaces 등"",""나지_희박식생_면적_km"":null,""레코드_키"":""VNM_lc_permanent_snow_and_modis_2019"",""맹그로브_면적_km"":null,""수목_면적_km"":null,""연도"":2019,""영구수체_면적_km"":null,""전국_값"":0,""전국_단위"":""1000 ha"",""전국_지표명"":""토지피복 면적(MODIS) — 영구설 및 빙하"",""지역명_로마자"":""Viet Nam"",""지역명_베트남어"":""Việt Nam"",""초본습지_면적_km"":null,""초지_면적_km"":null,""합계_km"":null,""행정단위"":""Country""}",,전국 · 토지피복 면적(MODIS) — 영구설 및 빙하 · [실적치] · FAOSTAT Land Cover · Area from MODIS (Flag=E),,,,B-037.xlsx,1.2_entity(레코드형),431,
B-037,"토지피복 분류별 면적[경작지, 산림, 초지, 건물, 수체, 나지]",entity,v124-b-037-entity-00429,B-037_landcover_national,VNM,,,,,,,,,토지피복 면적(MODIS) — 영구설 및 빙하,,,"{""2025_개편_후_소속_34개_체계"":""전국(개편 무관)"",""건물_인공지표_면적_km"":null,""경계_면적_km_GADM"":null,""경계_좌표_산출근거"":""전국 집계값 — 좌표·폴리곤 없음."",""경계_폴리곤_파일"":null,""경작지_면적_km"":null,""관목_면적_km"":null,""기후기술_연계_근거"":""간접 · 원천 자체 분류 — ESA WorldCover 가 토지피복 등급을 Tree cover·Cropland·Built-up 등으로 정의·배포하며, 수목 피복 면적은 탄소 흡수원의 물리적 기반, 경작지·건물 면적은 토지이용 변화의 기준이 됨. 주 기술 23(탄소 흡수원), 부 기술 35(산림·생태계 부문 기술) — 2026-08-28 발주처 지시에 따라 tech_id에 ';'로 연결해 복수 기입. [근거자료] ESA_WorldCover_10m_2021_v200_*_Map.tif (Discrete Classification, 등급 10~95) · FAOSTAT Land Cover(LC) Item=Artificial surfaces 등"",""나지_희박식생_면적_km"":null,""레코드_키"":""VNM_lc_permanent_snow_and_modis_2020"",""맹그로브_면적_km"":null,""수목_면적_km"":null,""연도"":2020,""영구수체_면적_km"":null,""전국_값"":0,""전국_단위"":""1000 ha"",""전국_지표명"":""토지피복 면적(MODIS) — 영구설 및 빙하"",""지역명_로마자"":""Viet Nam"",""지역명_베트남어"":""Việt Nam"",""초본습지_면적_km"":null,""초지_면적_km"":null,""합계_km"":null,""행정단위"":""Country""}",,전국 · 토지피복 면적(MODIS) — 영구설 및 빙하 · [실적치] · FAOSTAT Land Cover · Area from MODIS (Flag=E),,,,B-037.xlsx,1.2_entity(레코드형),432,
B-037,"토지피복 분류별 면적[경작지, 산림, 초지, 건물, 수체, 나지]",entity,v124-b-037-entity-00430,B-037_landcover_national,VNM,,,,,,,,,토지피복 면적(MODIS) — 영구설 및 빙하,,,"{""2025_개편_후_소속_34개_체계"":""전국(개편 무관)"",""건물_인공지표_면적_km"":null,""경계_면적_km_GADM"":null,""경계_좌표_산출근거"":""전국 집계값 — 좌표·폴리곤 없음."",""경계_폴리곤_파일"":null,""경작지_면적_km"":null,""관목_면적_km"":null,""기후기술_연계_근거"":""간접 · 원천 자체 분류 — ESA WorldCover 가 토지피복 등급을 Tree cover·Cropland·Built-up 등으로 정의·배포하며, 수목 피복 면적은 탄소 흡수원의 물리적 기반, 경작지·건물 면적은 토지이용 변화의 기준이 됨. 주 기술 23(탄소 흡수원), 부 기술 35(산림·생태계 부문 기술) — 2026-08-28 발주처 지시에 따라 tech_id에 ';'로 연결해 복수 기입. [근거자료] ESA_WorldCover_10m_2021_v200_*_Map.tif (Discrete Classification, 등급 10~95) · FAOSTAT Land Cover(LC) Item=Artificial surfaces 등"",""나지_희박식생_면적_km"":null,""레코드_키"":""VNM_lc_permanent_snow_and_modis_2021"",""맹그로브_면적_km"":null,""수목_면적_km"":null,""연도"":2021,""영구수체_면적_km"":null,""전국_값"":0,""전국_단위"":""1000 ha"",""전국_지표명"":""토지피복 면적(MODIS) — 영구설 및 빙하"",""지역명_로마자"":""Viet Nam"",""지역명_베트남어"":""Việt Nam"",""초본습지_면적_km"":null,""초지_면적_km"":null,""합계_km"":null,""행정단위"":""Country""}",,전국 · 토지피복 면적(MODIS) — 영구설 및 빙하 · [실적치] · FAOSTAT Land Cover · Area from MODIS (Flag=E),,,,B-037.xlsx,1.2_entity(레코드형),433,
B-037,"토지피복 분류별 면적[경작지, 산림, 초지, 건물, 수체, 나지]",entity,v124-b-037-entity-00431,B-037_landcover_national,VNM,,,,,,,,,토지피복 면적(MODIS) — 영구설 및 빙하,,,"{""2025_개편_후_소속_34개_체계"":""전국(개편 무관)"",""건물_인공지표_면적_km"":null,""경계_면적_km_GADM"":null,""경계_좌표_산출근거"":""전국 집계값 — 좌표·폴리곤 없음."",""경계_폴리곤_파일"":null,""경작지_면적_km"":null,""관목_면적_km"":null,""기후기술_연계_근거"":""간접 · 원천 자체 분류 — ESA WorldCover 가 토지피복 등급을 Tree cover·Cropland·Built-up 등으로 정의·배포하며, 수목 피복 면적은 탄소 흡수원의 물리적 기반, 경작지·건물 면적은 토지이용 변화의 기준이 됨. 주 기술 23(탄소 흡수원), 부 기술 35(산림·생태계 부문 기술) — 2026-08-28 발주처 지시에 따라 tech_id에 ';'로 연결해 복수 기입. [근거자료] ESA_WorldCover_10m_2021_v200_*_Map.tif (Discrete Classification, 등급 10~95) · FAOSTAT Land Cover(LC) Item=Artificial surfaces 등"",""나지_희박식생_면적_km"":null,""레코드_키"":""VNM_lc_permanent_snow_and_modis_2022"",""맹그로브_면적_km"":null,""수목_면적_km"":null,""연도"":2022,""영구수체_면적_km"":null,""전국_값"":0,""전국_단위"":""1000 ha"",""전국_지표명"":""토지피복 면적(MODIS) — 영구설 및 빙하"",""지역명_로마자"":""Viet Nam"",""지역명_베트남어"":""Việt Nam"",""초본습지_면적_km"":null,""초지_면적_km"":null,""합계_km"":null,""행정단위"":""Country""}",,전국 · 토지피복 면적(MODIS) — 영구설 및 빙하 · [실적치] · FAOSTAT Land Cover · Area from MODIS (Flag=E),,,,B-037.xlsx,1.2_entity(레코드형),434,
B-037,"토지피복 분류별 면적[경작지, 산림, 초지, 건물, 수체, 나지]",entity,v124-b-037-entity-00432,B-037_landcover_national,VNM,,,,,,,,,토지피복 면적(MODIS) — 영구설 및 빙하,,,"{""2025_개편_후_소속_34개_체계"":""전국(개편 무관)"",""건물_인공지표_면적_km"":null,""경계_면적_km_GADM"":null,""경계_좌표_산출근거"":""전국 집계값 — 좌표·폴리곤 없음."",""경계_폴리곤_파일"":null,""경작지_면적_km"":null,""관목_면적_km"":null,""기후기술_연계_근거"":""간접 · 원천 자체 분류 — ESA WorldCover 가 토지피복 등급을 Tree cover·Cropland·Built-up 등으로 정의·배포하며, 수목 피복 면적은 탄소 흡수원의 물리적 기반, 경작지·건물 면적은 토지이용 변화의 기준이 됨. 주 기술 23(탄소 흡수원), 부 기술 35(산림·생태계 부문 기술) — 2026-08-28 발주처 지시에 따라 tech_id에 ';'로 연결해 복수 기입. [근거자료] ESA_WorldCover_10m_2021_v200_*_Map.tif (Discrete Classification, 등급 10~95) · FAOSTAT Land Cover(LC) Item=Artificial surfaces 등"",""나지_희박식생_면적_km"":null,""레코드_키"":""VNM_lc_permanent_snow_and_modis_2023"",""맹그로브_면적_km"":null,""수목_면적_km"":null,""연도"":2023,""영구수체_면적_km"":null,""전국_값"":0,""전국_단위"":""1000 ha"",""전국_지표명"":""토지피복 면적(MODIS) — 영구설 및 빙하"",""지역명_로마자"":""Viet Nam"",""지역명_베트남어"":""Việt Nam"",""초본습지_면적_km"":null,""초지_면적_km"":null,""합계_km"":null,""행정단위"":""Country""}",,전국 · 토지피복 면적(MODIS) — 영구설 및 빙하 · [실적치] · FAOSTAT Land Cover · Area from MODIS (Flag=E),,,,B-037.xlsx,1.2_entity(레코드형),435,
B-037,"토지피복 분류별 면적[경작지, 산림, 초지, 건물, 수체, 나지]",entity,v124-b-037-entity-00433,B-037_landcover_national,VNM,,,,,,,,,토지피복 면적(MODIS) — 영구설 및 빙하,,,"{""2025_개편_후_소속_34개_체계"":""전국(개편 무관)"",""건물_인공지표_면적_km"":null,""경계_면적_km_GADM"":null,""경계_좌표_산출근거"":""전국 집계값 — 좌표·폴리곤 없음."",""경계_폴리곤_파일"":null,""경작지_면적_km"":null,""관목_면적_km"":null,""기후기술_연계_근거"":""간접 · 원천 자체 분류 — ESA WorldCover 가 토지피복 등급을 Tree cover·Cropland·Built-up 등으로 정의·배포하며, 수목 피복 면적은 탄소 흡수원의 물리적 기반, 경작지·건물 면적은 토지이용 변화의 기준이 됨. 주 기술 23(탄소 흡수원), 부 기술 35(산림·생태계 부문 기술) — 2026-08-28 발주처 지시에 따라 tech_id에 ';'로 연결해 복수 기입. [근거자료] ESA_WorldCover_10m_2021_v200_*_Map.tif (Discrete Classification, 등급 10~95) · FAOSTAT Land Cover(LC) Item=Artificial surfaces 등"",""나지_희박식생_면적_km"":null,""레코드_키"":""VNM_lc_permanent_snow_and_modis_2024"",""맹그로브_면적_km"":null,""수목_면적_km"":null,""연도"":2024,""영구수체_면적_km"":null,""전국_값"":0,""전국_단위"":""1000 ha"",""전국_지표명"":""토지피복 면적(MODIS) — 영구설 및 빙하"",""지역명_로마자"":""Viet Nam"",""지역명_베트남어"":""Việt Nam"",""초본습지_면적_km"":null,""초지_면적_km"":null,""합계_km"":null,""행정단위"":""Country""}",,전국 · 토지피복 면적(MODIS) — 영구설 및 빙하 · [실적치] · FAOSTAT Land Cover · Area from MODIS (Flag=E),,,,B-037.xlsx,1.2_entity(레코드형),436,
B-037,"토지피복 분류별 면적[경작지, 산림, 초지, 건물, 수체, 나지]",entity,v124-b-037-entity-00434,B-037_landcover_national,VNM,,,,,,,,,토지피복 면적(WorldCover) — 영구설 및 빙하,,,"{""2025_개편_후_소속_34개_체계"":""전국(개편 무관)"",""건물_인공지표_면적_km"":null,""경계_면적_km_GADM"":null,""경계_좌표_산출근거"":""전국 집계값 — 좌표·폴리곤 없음."",""경계_폴리곤_파일"":null,""경작지_면적_km"":null,""관목_면적_km"":null,""기후기술_연계_근거"":""간접 · 원천 자체 분류 — ESA WorldCover 가 토지피복 등급을 Tree cover·Cropland·Built-up 등으로 정의·배포하며, 수목 피복 면적은 탄소 흡수원의 물리적 기반, 경작지·건물 면적은 토지이용 변화의 기준이 됨. 주 기술 23(탄소 흡수원), 부 기술 35(산림·생태계 부문 기술) — 2026-08-28 발주처 지시에 따라 tech_id에 ';'로 연결해 복수 기입. [근거자료] ESA_WorldCover_10m_2021_v200_*_Map.tif (Discrete Classification, 등급 10~95) · FAOSTAT Land Cover(LC) Item=Artificial surfaces 등"",""나지_희박식생_면적_km"":null,""레코드_키"":""VNM_lc_permanent_snow_and_wc_2020"",""맹그로브_면적_km"":null,""수목_면적_km"":null,""연도"":2020,""영구수체_면적_km"":null,""전국_값"":0,""전국_단위"":""1000 ha"",""전국_지표명"":""토지피복 면적(WorldCover) — 영구설 및 빙하"",""지역명_로마자"":""Viet Nam"",""지역명_베트남어"":""Việt Nam"",""초본습지_면적_km"":null,""초지_면적_km"":null,""합계_km"":null,""행정단위"":""Country""}",,전국 · 토지피복 면적(WorldCover) — 영구설 및 빙하 · [실적치] · FAOSTAT Land Cover · Area from WorldCover (Flag=E),,,,B-037.xlsx,1.2_entity(레코드형),437,
B-037,"토지피복 분류별 면적[경작지, 산림, 초지, 건물, 수체, 나지]",entity,v124-b-037-entity-00435,B-037_landcover_national,VNM,,,,,,,,,토지피복 면적(WorldCover) — 영구설 및 빙하,,,"{""2025_개편_후_소속_34개_체계"":""전국(개편 무관)"",""건물_인공지표_면적_km"":null,""경계_면적_km_GADM"":null,""경계_좌표_산출근거"":""전국 집계값 — 좌표·폴리곤 없음."",""경계_폴리곤_파일"":null,""경작지_면적_km"":null,""관목_면적_km"":null,""기후기술_연계_근거"":""간접 · 원천 자체 분류 — ESA WorldCover 가 토지피복 등급을 Tree cover·Cropland·Built-up 등으로 정의·배포하며, 수목 피복 면적은 탄소 흡수원의 물리적 기반, 경작지·건물 면적은 토지이용 변화의 기준이 됨. 주 기술 23(탄소 흡수원), 부 기술 35(산림·생태계 부문 기술) — 2026-08-28 발주처 지시에 따라 tech_id에 ';'로 연결해 복수 기입. [근거자료] ESA_WorldCover_10m_2021_v200_*_Map.tif (Discrete Classification, 등급 10~95) · FAOSTAT Land Cover(LC) Item=Artificial surfaces 등"",""나지_희박식생_면적_km"":null,""레코드_키"":""VNM_lc_permanent_snow_and_wc_2021"",""맹그로브_면적_km"":null,""수목_면적_km"":null,""연도"":2021,""영구수체_면적_km"":null,""전국_값"":0,""전국_단위"":""1000 ha"",""전국_지표명"":""토지피복 면적(WorldCover) — 영구설 및 빙하"",""지역명_로마자"":""Viet Nam"",""지역명_베트남어"":""Việt Nam"",""초본습지_면적_km"":null,""초지_면적_km"":null,""합계_km"":null,""행정단위"":""Country""}",,전국 · 토지피복 면적(WorldCover) — 영구설 및 빙하 · [실적치] · FAOSTAT Land Cover · Area from WorldCover (Flag=E),,,,B-037.xlsx,1.2_entity(레코드형),438,
B-037,"토지피복 분류별 면적[경작지, 산림, 초지, 건물, 수체, 나지]",entity,v124-b-037-entity-00436,B-037_landcover_national,VNM,,,,,,,,,토지피복 면적 — 관목지,,,"{""2025_개편_후_소속_34개_체계"":""전국(개편 무관)"",""건물_인공지표_면적_km"":null,""경계_면적_km_GADM"":null,""경계_좌표_산출근거"":""전국 집계값 — 좌표·폴리곤 없음."",""경계_폴리곤_파일"":null,""경작지_면적_km"":null,""관목_면적_km"":null,""기후기술_연계_근거"":""간접 · 원천 자체 분류 — ESA WorldCover 가 토지피복 등급을 Tree cover·Cropland·Built-up 등으로 정의·배포하며, 수목 피복 면적은 탄소 흡수원의 물리적 기반, 경작지·건물 면적은 토지이용 변화의 기준이 됨. 주 기술 23(탄소 흡수원), 부 기술 35(산림·생태계 부문 기술) — 2026-08-28 발주처 지시에 따라 tech_id에 ';'로 연결해 복수 기입. [근거자료] ESA_WorldCover_10m_2021_v200_*_Map.tif (Discrete Classification, 등급 10~95) · FAOSTAT Land Cover(LC) Item=Artificial surfaces 등"",""나지_희박식생_면적_km"":null,""레코드_키"":""VNM_lc_shrub-covered_area_1992"",""맹그로브_면적_km"":null,""수목_면적_km"":null,""연도"":1992,""영구수체_면적_km"":null,""전국_값"":5644.06,""전국_단위"":""1000 ha"",""전국_지표명"":""토지피복 면적 — 관목지"",""지역명_로마자"":""Viet Nam"",""지역명_베트남어"":""Việt Nam"",""초본습지_면적_km"":null,""초지_면적_km"":null,""합계_km"":null,""행정단위"":""Country""}",,전국 · 토지피복 면적 — 관목지 · [실적치] · FAOSTAT Land Cover · Area from CCI_LC (Flag=E),,,,B-037.xlsx,1.2_entity(레코드형),439,
B-037,"토지피복 분류별 면적[경작지, 산림, 초지, 건물, 수체, 나지]",entity,v124-b-037-entity-00437,B-037_landcover_national,VNM,,,,,,,,,토지피복 면적 — 관목지,,,"{""2025_개편_후_소속_34개_체계"":""전국(개편 무관)"",""건물_인공지표_면적_km"":null,""경계_면적_km_GADM"":null,""경계_좌표_산출근거"":""전국 집계값 — 좌표·폴리곤 없음."",""경계_폴리곤_파일"":null,""경작지_면적_km"":null,""관목_면적_km"":null,""기후기술_연계_근거"":""간접 · 원천 자체 분류 — ESA WorldCover 가 토지피복 등급을 Tree cover·Cropland·Built-up 등으로 정의·배포하며, 수목 피복 면적은 탄소 흡수원의 물리적 기반, 경작지·건물 면적은 토지이용 변화의 기준이 됨. 주 기술 23(탄소 흡수원), 부 기술 35(산림·생태계 부문 기술) — 2026-08-28 발주처 지시에 따라 tech_id에 ';'로 연결해 복수 기입. [근거자료] ESA_WorldCover_10m_2021_v200_*_Map.tif (Discrete Classification, 등급 10~95) · FAOSTAT Land Cover(LC) Item=Artificial surfaces 등"",""나지_희박식생_면적_km"":null,""레코드_키"":""VNM_lc_shrub-covered_area_1993"",""맹그로브_면적_km"":null,""수목_면적_km"":null,""연도"":1993,""영구수체_면적_km"":null,""전국_값"":5644.05,""전국_단위"":""1000 ha"",""전국_지표명"":""토지피복 면적 — 관목지"",""지역명_로마자"":""Viet Nam"",""지역명_베트남어"":""Việt Nam"",""초본습지_면적_km"":null,""초지_면적_km"":null,""합계_km"":null,""행정단위"":""Country""}",,전국 · 토지피복 면적 — 관목지 · [실적치] · FAOSTAT Land Cover · Area from CCI_LC (Flag=E),,,,B-037.xlsx,1.2_entity(레코드형),440,
B-037,"토지피복 분류별 면적[경작지, 산림, 초지, 건물, 수체, 나지]",entity,v124-b-037-entity-00438,B-037_landcover_national,VNM,,,,,,,,,토지피복 면적 — 관목지,,,"{""2025_개편_후_소속_34개_체계"":""전국(개편 무관)"",""건물_인공지표_면적_km"":null,""경계_면적_km_GADM"":null,""경계_좌표_산출근거"":""전국 집계값 — 좌표·폴리곤 없음."",""경계_폴리곤_파일"":null,""경작지_면적_km"":null,""관목_면적_km"":null,""기후기술_연계_근거"":""간접 · 원천 자체 분류 — ESA WorldCover 가 토지피복 등급을 Tree cover·Cropland·Built-up 등으로 정의·배포하며, 수목 피복 면적은 탄소 흡수원의 물리적 기반, 경작지·건물 면적은 토지이용 변화의 기준이 됨. 주 기술 23(탄소 흡수원), 부 기술 35(산림·생태계 부문 기술) — 2026-08-28 발주처 지시에 따라 tech_id에 ';'로 연결해 복수 기입. [근거자료] ESA_WorldCover_10m_2021_v200_*_Map.tif (Discrete Classification, 등급 10~95) · FAOSTAT Land Cover(LC) Item=Artificial surfaces 등"",""나지_희박식생_면적_km"":null,""레코드_키"":""VNM_lc_shrub-covered_area_1994"",""맹그로브_면적_km"":null,""수목_면적_km"":null,""연도"":1994,""영구수체_면적_km"":null,""전국_값"":5644.03,""전국_단위"":""1000 ha"",""전국_지표명"":""토지피복 면적 — 관목지"",""지역명_로마자"":""Viet Nam"",""지역명_베트남어"":""Việt Nam"",""초본습지_면적_km"":null,""초지_면적_km"":null,""합계_km"":null,""행정단위"":""Country""}",,전국 · 토지피복 면적 — 관목지 · [실적치] · FAOSTAT Land Cover · Area from CCI_LC (Flag=E),,,,B-037.xlsx,1.2_entity(레코드형),441,
B-037,"토지피복 분류별 면적[경작지, 산림, 초지, 건물, 수체, 나지]",entity,v124-b-037-entity-00439,B-037_landcover_national,VNM,,,,,,,,,토지피복 면적 — 관목지,,,"{""2025_개편_후_소속_34개_체계"":""전국(개편 무관)"",""건물_인공지표_면적_km"":null,""경계_면적_km_GADM"":null,""경계_좌표_산출근거"":""전국 집계값 — 좌표·폴리곤 없음."",""경계_폴리곤_파일"":null,""경작지_면적_km"":null,""관목_면적_km"":null,""기후기술_연계_근거"":""간접 · 원천 자체 분류 — ESA WorldCover 가 토지피복 등급을 Tree cover·Cropland·Built-up 등으로 정의·배포하며, 수목 피복 면적은 탄소 흡수원의 물리적 기반, 경작지·건물 면적은 토지이용 변화의 기준이 됨. 주 기술 23(탄소 흡수원), 부 기술 35(산림·생태계 부문 기술) — 2026-08-28 발주처 지시에 따라 tech_id에 ';'로 연결해 복수 기입. [근거자료] ESA_WorldCover_10m_2021_v200_*_Map.tif (Discrete Classification, 등급 10~95) · FAOSTAT Land Cover(LC) Item=Artificial surfaces 등"",""나지_희박식생_면적_km"":null,""레코드_키"":""VNM_lc_shrub-covered_area_1995"",""맹그로브_면적_km"":null,""수목_면적_km"":null,""연도"":1995,""영구수체_면적_km"":null,""전국_값"":5689.79,""전국_단위"":""1000 ha"",""전국_지표명"":""토지피복 면적 — 관목지"",""지역명_로마자"":""Viet Nam"",""지역명_베트남어"":""Việt Nam"",""초본습지_면적_km"":null,""초지_면적_km"":null,""합계_km"":null,""행정단위"":""Country""}",,전국 · 토지피복 면적 — 관목지 · [실적치] · FAOSTAT Land Cover · Area from CCI_LC (Flag=E),,,,B-037.xlsx,1.2_entity(레코드형),442,
B-037,"토지피복 분류별 면적[경작지, 산림, 초지, 건물, 수체, 나지]",entity,v124-b-037-entity-00440,B-037_landcover_national,VNM,,,,,,,,,토지피복 면적 — 관목지,,,"{""2025_개편_후_소속_34개_체계"":""전국(개편 무관)"",""건물_인공지표_면적_km"":null,""경계_면적_km_GADM"":null,""경계_좌표_산출근거"":""전국 집계값 — 좌표·폴리곤 없음."",""경계_폴리곤_파일"":null,""경작지_면적_km"":null,""관목_면적_km"":null,""기후기술_연계_근거"":""간접 · 원천 자체 분류 — ESA WorldCover 가 토지피복 등급을 Tree cover·Cropland·Built-up 등으로 정의·배포하며, 수목 피복 면적은 탄소 흡수원의 물리적 기반, 경작지·건물 면적은 토지이용 변화의 기준이 됨. 주 기술 23(탄소 흡수원), 부 기술 35(산림·생태계 부문 기술) — 2026-08-28 발주처 지시에 따라 tech_id에 ';'로 연결해 복수 기입. [근거자료] ESA_WorldCover_10m_2021_v200_*_Map.tif (Discrete Classification, 등급 10~95) · FAOSTAT Land Cover(LC) Item=Artificial surfaces 등"",""나지_희박식생_면적_km"":null,""레코드_키"":""VNM_lc_shrub-covered_area_1996"",""맹그로브_면적_km"":null,""수목_면적_km"":null,""연도"":1996,""영구수체_면적_km"":null,""전국_값"":5647.6,""전국_단위"":""1000 ha"",""전국_지표명"":""토지피복 면적 — 관목지"",""지역명_로마자"":""Viet Nam"",""지역명_베트남어"":""Việt Nam"",""초본습지_면적_km"":null,""초지_면적_km"":null,""합계_km"":null,""행정단위"":""Country""}",,전국 · 토지피복 면적 — 관목지 · [실적치] · FAOSTAT Land Cover · Area from CCI_LC (Flag=E),,,,B-037.xlsx,1.2_entity(레코드형),443,
B-037,"토지피복 분류별 면적[경작지, 산림, 초지, 건물, 수체, 나지]",entity,v124-b-037-entity-00441,B-037_landcover_national,VNM,,,,,,,,,토지피복 면적 — 관목지,,,"{""2025_개편_후_소속_34개_체계"":""전국(개편 무관)"",""건물_인공지표_면적_km"":null,""경계_면적_km_GADM"":null,""경계_좌표_산출근거"":""전국 집계값 — 좌표·폴리곤 없음."",""경계_폴리곤_파일"":null,""경작지_면적_km"":null,""관목_면적_km"":null,""기후기술_연계_근거"":""간접 · 원천 자체 분류 — ESA WorldCover 가 토지피복 등급을 Tree cover·Cropland·Built-up 등으로 정의·배포하며, 수목 피복 면적은 탄소 흡수원의 물리적 기반, 경작지·건물 면적은 토지이용 변화의 기준이 됨. 주 기술 23(탄소 흡수원), 부 기술 35(산림·생태계 부문 기술) — 2026-08-28 발주처 지시에 따라 tech_id에 ';'로 연결해 복수 기입. [근거자료] ESA_WorldCover_10m_2021_v200_*_Map.tif (Discrete Classification, 등급 10~95) · FAOSTAT Land Cover(LC) Item=Artificial surfaces 등"",""나지_희박식생_면적_km"":null,""레코드_키"":""VNM_lc_shrub-covered_area_1997"",""맹그로브_면적_km"":null,""수목_면적_km"":null,""연도"":1997,""영구수체_면적_km"":null,""전국_값"":5633.78,""전국_단위"":""1000 ha"",""전국_지표명"":""토지피복 면적 — 관목지"",""지역명_로마자"":""Viet Nam"",""지역명_베트남어"":""Việt Nam"",""초본습지_면적_km"":null,""초지_면적_km"":null,""합계_km"":null,""행정단위"":""Country""}",,전국 · 토지피복 면적 — 관목지 · [실적치] · FAOSTAT Land Cover · Area from CCI_LC (Flag=E),,,,B-037.xlsx,1.2_entity(레코드형),444,
B-037,"토지피복 분류별 면적[경작지, 산림, 초지, 건물, 수체, 나지]",entity,v124-b-037-entity-00442,B-037_landcover_national,VNM,,,,,,,,,토지피복 면적 — 관목지,,,"{""2025_개편_후_소속_34개_체계"":""전국(개편 무관)"",""건물_인공지표_면적_km"":null,""경계_면적_km_GADM"":null,""경계_좌표_산출근거"":""전국 집계값 — 좌표·폴리곤 없음."",""경계_폴리곤_파일"":null,""경작지_면적_km"":null,""관목_면적_km"":null,""기후기술_연계_근거"":""간접 · 원천 자체 분류 — ESA WorldCover 가 토지피복 등급을 Tree cover·Cropland·Built-up 등으로 정의·배포하며, 수목 피복 면적은 탄소 흡수원의 물리적 기반, 경작지·건물 면적은 토지이용 변화의 기준이 됨. 주 기술 23(탄소 흡수원), 부 기술 35(산림·생태계 부문 기술) — 2026-08-28 발주처 지시에 따라 tech_id에 ';'로 연결해 복수 기입. [근거자료] ESA_WorldCover_10m_2021_v200_*_Map.tif (Discrete Classification, 등급 10~95) · FAOSTAT Land Cover(LC) Item=Artificial surfaces 등"",""나지_희박식생_면적_km"":null,""레코드_키"":""VNM_lc_shrub-covered_area_1998"",""맹그로브_면적_km"":null,""수목_면적_km"":null,""연도"":1998,""영구수체_면적_km"":null,""전국_값"":5641.09,""전국_단위"":""1000 ha"",""전국_지표명"":""토지피복 면적 — 관목지"",""지역명_로마자"":""Viet Nam"",""지역명_베트남어"":""Việt Nam"",""초본습지_면적_km"":null,""초지_면적_km"":null,""합계_km"":null,""행정단위"":""Country""}",,전국 · 토지피복 면적 — 관목지 · [실적치] · FAOSTAT Land Cover · Area from CCI_LC (Flag=E),,,,B-037.xlsx,1.2_entity(레코드형),445,
B-037,"토지피복 분류별 면적[경작지, 산림, 초지, 건물, 수체, 나지]",entity,v124-b-037-entity-00443,B-037_landcover_national,VNM,,,,,,,,,토지피복 면적 — 관목지,,,"{""2025_개편_후_소속_34개_체계"":""전국(개편 무관)"",""건물_인공지표_면적_km"":null,""경계_면적_km_GADM"":null,""경계_좌표_산출근거"":""전국 집계값 — 좌표·폴리곤 없음."",""경계_폴리곤_파일"":null,""경작지_면적_km"":null,""관목_면적_km"":null,""기후기술_연계_근거"":""간접 · 원천 자체 분류 — ESA WorldCover 가 토지피복 등급을 Tree cover·Cropland·Built-up 등으로 정의·배포하며, 수목 피복 면적은 탄소 흡수원의 물리적 기반, 경작지·건물 면적은 토지이용 변화의 기준이 됨. 주 기술 23(탄소 흡수원), 부 기술 35(산림·생태계 부문 기술) — 2026-08-28 발주처 지시에 따라 tech_id에 ';'로 연결해 복수 기입. [근거자료] ESA_WorldCover_10m_2021_v200_*_Map.tif (Discrete Classification, 등급 10~95) · FAOSTAT Land Cover(LC) Item=Artificial surfaces 등"",""나지_희박식생_면적_km"":null,""레코드_키"":""VNM_lc_shrub-covered_area_1999"",""맹그로브_면적_km"":null,""수목_면적_km"":null,""연도"":1999,""영구수체_면적_km"":null,""전국_값"":5690.94,""전국_단위"":""1000 ha"",""전국_지표명"":""토지피복 면적 — 관목지"",""지역명_로마자"":""Viet Nam"",""지역명_베트남어"":""Việt Nam"",""초본습지_면적_km"":null,""초지_면적_km"":null,""합계_km"":null,""행정단위"":""Country""}",,전국 · 토지피복 면적 — 관목지 · [실적치] · FAOSTAT Land Cover · Area from CCI_LC (Flag=E),,,,B-037.xlsx,1.2_entity(레코드형),446,
B-037,"토지피복 분류별 면적[경작지, 산림, 초지, 건물, 수체, 나지]",entity,v124-b-037-entity-00444,B-037_landcover_national,VNM,,,,,,,,,토지피복 면적 — 관목지,,,"{""2025_개편_후_소속_34개_체계"":""전국(개편 무관)"",""건물_인공지표_면적_km"":null,""경계_면적_km_GADM"":null,""경계_좌표_산출근거"":""전국 집계값 — 좌표·폴리곤 없음."",""경계_폴리곤_파일"":null,""경작지_면적_km"":null,""관목_면적_km"":null,""기후기술_연계_근거"":""간접 · 원천 자체 분류 — ESA WorldCover 가 토지피복 등급을 Tree cover·Cropland·Built-up 등으로 정의·배포하며, 수목 피복 면적은 탄소 흡수원의 물리적 기반, 경작지·건물 면적은 토지이용 변화의 기준이 됨. 주 기술 23(탄소 흡수원), 부 기술 35(산림·생태계 부문 기술) — 2026-08-28 발주처 지시에 따라 tech_id에 ';'로 연결해 복수 기입. [근거자료] ESA_WorldCover_10m_2021_v200_*_Map.tif (Discrete Classification, 등급 10~95) · FAOSTAT Land Cover(LC) Item=Artificial surfaces 등"",""나지_희박식생_면적_km"":null,""레코드_키"":""VNM_lc_shrub-covered_area_2000"",""맹그로브_면적_km"":null,""수목_면적_km"":null,""연도"":2000,""영구수체_면적_km"":null,""전국_값"":5759.91,""전국_단위"":""1000 ha"",""전국_지표명"":""토지피복 면적 — 관목지"",""지역명_로마자"":""Viet Nam"",""지역명_베트남어"":""Việt Nam"",""초본습지_면적_km"":null,""초지_면적_km"":null,""합계_km"":null,""행정단위"":""Country""}",,전국 · 토지피복 면적 — 관목지 · [실적치] · FAOSTAT Land Cover · Area from CCI_LC (Flag=E),,,,B-037.xlsx,1.2_entity(레코드형),447,
B-037,"토지피복 분류별 면적[경작지, 산림, 초지, 건물, 수체, 나지]",entity,v124-b-037-entity-00445,B-037_landcover_national,VNM,,,,,,,,,토지피복 면적 — 관목지,,,"{""2025_개편_후_소속_34개_체계"":""전국(개편 무관)"",""건물_인공지표_면적_km"":null,""경계_면적_km_GADM"":null,""경계_좌표_산출근거"":""전국 집계값 — 좌표·폴리곤 없음."",""경계_폴리곤_파일"":null,""경작지_면적_km"":null,""관목_면적_km"":null,""기후기술_연계_근거"":""간접 · 원천 자체 분류 — ESA WorldCover 가 토지피복 등급을 Tree cover·Cropland·Built-up 등으로 정의·배포하며, 수목 피복 면적은 탄소 흡수원의 물리적 기반, 경작지·건물 면적은 토지이용 변화의 기준이 됨. 주 기술 23(탄소 흡수원), 부 기술 35(산림·생태계 부문 기술) — 2026-08-28 발주처 지시에 따라 tech_id에 ';'로 연결해 복수 기입. [근거자료] ESA_WorldCover_10m_2021_v200_*_Map.tif (Discrete Classification, 등급 10~95) · FAOSTAT Land Cover(LC) Item=Artificial surfaces 등"",""나지_희박식생_면적_km"":null,""레코드_키"":""VNM_lc_shrub-covered_area_2001"",""맹그로브_면적_km"":null,""수목_면적_km"":null,""연도"":2001,""영구수체_면적_km"":null,""전국_값"":5890.49,""전국_단위"":""1000 ha"",""전국_지표명"":""토지피복 면적 — 관목지"",""지역명_로마자"":""Viet Nam"",""지역명_베트남어"":""Việt Nam"",""초본습지_면적_km"":null,""초지_면적_km"":null,""합계_km"":null,""행정단위"":""Country""}",,전국 · 토지피복 면적 — 관목지 · [실적치] · FAOSTAT Land Cover · Area from CCI_LC (Flag=E),,,,B-037.xlsx,1.2_entity(레코드형),448,
B-037,"토지피복 분류별 면적[경작지, 산림, 초지, 건물, 수체, 나지]",entity,v124-b-037-entity-00446,B-037_landcover_national,VNM,,,,,,,,,토지피복 면적 — 관목지,,,"{""2025_개편_후_소속_34개_체계"":""전국(개편 무관)"",""건물_인공지표_면적_km"":null,""경계_면적_km_GADM"":null,""경계_좌표_산출근거"":""전국 집계값 — 좌표·폴리곤 없음."",""경계_폴리곤_파일"":null,""경작지_면적_km"":null,""관목_면적_km"":null,""기후기술_연계_근거"":""간접 · 원천 자체 분류 — ESA WorldCover 가 토지피복 등급을 Tree cover·Cropland·Built-up 등으로 정의·배포하며, 수목 피복 면적은 탄소 흡수원의 물리적 기반, 경작지·건물 면적은 토지이용 변화의 기준이 됨. 주 기술 23(탄소 흡수원), 부 기술 35(산림·생태계 부문 기술) — 2026-08-28 발주처 지시에 따라 tech_id에 ';'로 연결해 복수 기입. [근거자료] ESA_WorldCover_10m_2021_v200_*_Map.tif (Discrete Classification, 등급 10~95) · FAOSTAT Land Cover(LC) Item=Artificial surfaces 등"",""나지_희박식생_면적_km"":null,""레코드_키"":""VNM_lc_shrub-covered_area_2002"",""맹그로브_면적_km"":null,""수목_면적_km"":null,""연도"":2002,""영구수체_면적_km"":null,""전국_값"":5949.48,""전국_단위"":""1000 ha"",""전국_지표명"":""토지피복 면적 — 관목지"",""지역명_로마자"":""Viet Nam"",""지역명_베트남어"":""Việt Nam"",""초본습지_면적_km"":null,""초지_면적_km"":null,""합계_km"":null,""행정단위"":""Country""}",,전국 · 토지피복 면적 — 관목지 · [실적치] · FAOSTAT Land Cover · Area from CCI_LC (Flag=E),,,,B-037.xlsx,1.2_entity(레코드형),449,
B-037,"토지피복 분류별 면적[경작지, 산림, 초지, 건물, 수체, 나지]",entity,v124-b-037-entity-00447,B-037_landcover_national,VNM,,,,,,,,,토지피복 면적 — 관목지,,,"{""2025_개편_후_소속_34개_체계"":""전국(개편 무관)"",""건물_인공지표_면적_km"":null,""경계_면적_km_GADM"":null,""경계_좌표_산출근거"":""전국 집계값 — 좌표·폴리곤 없음."",""경계_폴리곤_파일"":null,""경작지_면적_km"":null,""관목_면적_km"":null,""기후기술_연계_근거"":""간접 · 원천 자체 분류 — ESA WorldCover 가 토지피복 등급을 Tree cover·Cropland·Built-up 등으로 정의·배포하며, 수목 피복 면적은 탄소 흡수원의 물리적 기반, 경작지·건물 면적은 토지이용 변화의 기준이 됨. 주 기술 23(탄소 흡수원), 부 기술 35(산림·생태계 부문 기술) — 2026-08-28 발주처 지시에 따라 tech_id에 ';'로 연결해 복수 기입. [근거자료] ESA_WorldCover_10m_2021_v200_*_Map.tif (Discrete Classification, 등급 10~95) · FAOSTAT Land Cover(LC) Item=Artificial surfaces 등"",""나지_희박식생_면적_km"":null,""레코드_키"":""VNM_lc_shrub-covered_area_2003"",""맹그로브_면적_km"":null,""수목_면적_km"":null,""연도"":2003,""영구수체_면적_km"":null,""전국_값"":5925.1,""전국_단위"":""1000 ha"",""전국_지표명"":""토지피복 면적 — 관목지"",""지역명_로마자"":""Viet Nam"",""지역명_베트남어"":""Việt Nam"",""초본습지_면적_km"":null,""초지_면적_km"":null,""합계_km"":null,""행정단위"":""Country""}",,전국 · 토지피복 면적 — 관목지 · [실적치] · FAOSTAT Land Cover · Area from CCI_LC (Flag=E),,,,B-037.xlsx,1.2_entity(레코드형),450,
B-037,"토지피복 분류별 면적[경작지, 산림, 초지, 건물, 수체, 나지]",entity,v124-b-037-entity-00448,B-037_landcover_national,VNM,,,,,,,,,토지피복 면적 — 관목지,,,"{""2025_개편_후_소속_34개_체계"":""전국(개편 무관)"",""건물_인공지표_면적_km"":null,""경계_면적_km_GADM"":null,""경계_좌표_산출근거"":""전국 집계값 — 좌표·폴리곤 없음."",""경계_폴리곤_파일"":null,""경작지_면적_km"":null,""관목_면적_km"":null,""기후기술_연계_근거"":""간접 · 원천 자체 분류 — ESA WorldCover 가 토지피복 등급을 Tree cover·Cropland·Built-up 등으로 정의·배포하며, 수목 피복 면적은 탄소 흡수원의 물리적 기반, 경작지·건물 면적은 토지이용 변화의 기준이 됨. 주 기술 23(탄소 흡수원), 부 기술 35(산림·생태계 부문 기술) — 2026-08-28 발주처 지시에 따라 tech_id에 ';'로 연결해 복수 기입. [근거자료] ESA_WorldCover_10m_2021_v200_*_Map.tif (Discrete Classification, 등급 10~95) · FAOSTAT Land Cover(LC) Item=Artificial surfaces 등"",""나지_희박식생_면적_km"":null,""레코드_키"":""VNM_lc_shrub-covered_area_2004"",""맹그로브_면적_km"":null,""수목_면적_km"":null,""연도"":2004,""영구수체_면적_km"":null,""전국_값"":5871.03,""전국_단위"":""1000 ha"",""전국_지표명"":""토지피복 면적 — 관목지"",""지역명_로마자"":""Viet Nam"",""지역명_베트남어"":""Việt Nam"",""초본습지_면적_km"":null,""초지_면적_km"":null,""합계_km"":null,""행정단위"":""Country""}",,전국 · 토지피복 면적 — 관목지 · [실적치] · FAOSTAT Land Cover · Area from CCI_LC (Flag=E),,,,B-037.xlsx,1.2_entity(레코드형),451,
B-037,"토지피복 분류별 면적[경작지, 산림, 초지, 건물, 수체, 나지]",entity,v124-b-037-entity-00449,B-037_landcover_national,VNM,,,,,,,,,토지피복 면적 — 관목지,,,"{""2025_개편_후_소속_34개_체계"":""전국(개편 무관)"",""건물_인공지표_면적_km"":null,""경계_면적_km_GADM"":null,""경계_좌표_산출근거"":""전국 집계값 — 좌표·폴리곤 없음."",""경계_폴리곤_파일"":null,""경작지_면적_km"":null,""관목_면적_km"":null,""기후기술_연계_근거"":""간접 · 원천 자체 분류 — ESA WorldCover 가 토지피복 등급을 Tree cover·Cropland·Built-up 등으로 정의·배포하며, 수목 피복 면적은 탄소 흡수원의 물리적 기반, 경작지·건물 면적은 토지이용 변화의 기준이 됨. 주 기술 23(탄소 흡수원), 부 기술 35(산림·생태계 부문 기술) — 2026-08-28 발주처 지시에 따라 tech_id에 ';'로 연결해 복수 기입. [근거자료] ESA_WorldCover_10m_2021_v200_*_Map.tif (Discrete Classification, 등급 10~95) · FAOSTAT Land Cover(LC) Item=Artificial surfaces 등"",""나지_희박식생_면적_km"":null,""레코드_키"":""VNM_lc_shrub-covered_area_2005"",""맹그로브_면적_km"":null,""수목_면적_km"":null,""연도"":2005,""영구수체_면적_km"":null,""전국_값"":5863.51,""전국_단위"":""1000 ha"",""전국_지표명"":""토지피복 면적 — 관목지"",""지역명_로마자"":""Viet Nam"",""지역명_베트남어"":""Việt Nam"",""초본습지_면적_km"":null,""초지_면적_km"":null,""합계_km"":null,""행정단위"":""Country""}",,전국 · 토지피복 면적 — 관목지 · [실적치] · FAOSTAT Land Cover · Area from CCI_LC (Flag=E),,,,B-037.xlsx,1.2_entity(레코드형),452,
B-037,"토지피복 분류별 면적[경작지, 산림, 초지, 건물, 수체, 나지]",entity,v124-b-037-entity-00450,B-037_landcover_national,VNM,,,,,,,,,토지피복 면적 — 관목지,,,"{""2025_개편_후_소속_34개_체계"":""전국(개편 무관)"",""건물_인공지표_면적_km"":null,""경계_면적_km_GADM"":null,""경계_좌표_산출근거"":""전국 집계값 — 좌표·폴리곤 없음."",""경계_폴리곤_파일"":null,""경작지_면적_km"":null,""관목_면적_km"":null,""기후기술_연계_근거"":""간접 · 원천 자체 분류 — ESA WorldCover 가 토지피복 등급을 Tree cover·Cropland·Built-up 등으로 정의·배포하며, 수목 피복 면적은 탄소 흡수원의 물리적 기반, 경작지·건물 면적은 토지이용 변화의 기준이 됨. 주 기술 23(탄소 흡수원), 부 기술 35(산림·생태계 부문 기술) — 2026-08-28 발주처 지시에 따라 tech_id에 ';'로 연결해 복수 기입. [근거자료] ESA_WorldCover_10m_2021_v200_*_Map.tif (Discrete Classification, 등급 10~95) · FAOSTAT Land Cover(LC) Item=Artificial surfaces 등"",""나지_희박식생_면적_km"":null,""레코드_키"":""VNM_lc_shrub-covered_area_2006"",""맹그로브_면적_km"":null,""수목_면적_km"":null,""연도"":2006,""영구수체_면적_km"":null,""전국_값"":5838.17,""전국_단위"":""1000 ha"",""전국_지표명"":""토지피복 면적 — 관목지"",""지역명_로마자"":""Viet Nam"",""지역명_베트남어"":""Việt Nam"",""초본습지_면적_km"":null,""초지_면적_km"":null,""합계_km"":null,""행정단위"":""Country""}",,전국 · 토지피복 면적 — 관목지 · [실적치] · FAOSTAT Land Cover · Area from CCI_LC (Flag=E),,,,B-037.xlsx,1.2_entity(레코드형),453,
B-037,"토지피복 분류별 면적[경작지, 산림, 초지, 건물, 수체, 나지]",entity,v124-b-037-entity-00451,B-037_landcover_national,VNM,,,,,,,,,토지피복 면적 — 관목지,,,"{""2025_개편_후_소속_34개_체계"":""전국(개편 무관)"",""건물_인공지표_면적_km"":null,""경계_면적_km_GADM"":null,""경계_좌표_산출근거"":""전국 집계값 — 좌표·폴리곤 없음."",""경계_폴리곤_파일"":null,""경작지_면적_km"":null,""관목_면적_km"":null,""기후기술_연계_근거"":""간접 · 원천 자체 분류 — ESA WorldCover 가 토지피복 등급을 Tree cover·Cropland·Built-up 등으로 정의·배포하며, 수목 피복 면적은 탄소 흡수원의 물리적 기반, 경작지·건물 면적은 토지이용 변화의 기준이 됨. 주 기술 23(탄소 흡수원), 부 기술 35(산림·생태계 부문 기술) — 2026-08-28 발주처 지시에 따라 tech_id에 ';'로 연결해 복수 기입. [근거자료] ESA_WorldCover_10m_2021_v200_*_Map.tif (Discrete Classification, 등급 10~95) · FAOSTAT Land Cover(LC) Item=Artificial surfaces 등"",""나지_희박식생_면적_km"":null,""레코드_키"":""VNM_lc_shrub-covered_area_2007"",""맹그로브_면적_km"":null,""수목_면적_km"":null,""연도"":2007,""영구수체_면적_km"":null,""전국_값"":5805.43,""전국_단위"":""1000 ha"",""전국_지표명"":""토지피복 면적 — 관목지"",""지역명_로마자"":""Viet Nam"",""지역명_베트남어"":""Việt Nam"",""초본습지_면적_km"":null,""초지_면적_km"":null,""합계_km"":null,""행정단위"":""Country""}",,전국 · 토지피복 면적 — 관목지 · [실적치] · FAOSTAT Land Cover · Area from CCI_LC (Flag=E),,,,B-037.xlsx,1.2_entity(레코드형),454,
B-037,"토지피복 분류별 면적[경작지, 산림, 초지, 건물, 수체, 나지]",entity,v124-b-037-entity-00452,B-037_landcover_national,VNM,,,,,,,,,토지피복 면적 — 관목지,,,"{""2025_개편_후_소속_34개_체계"":""전국(개편 무관)"",""건물_인공지표_면적_km"":null,""경계_면적_km_GADM"":null,""경계_좌표_산출근거"":""전국 집계값 — 좌표·폴리곤 없음."",""경계_폴리곤_파일"":null,""경작지_면적_km"":null,""관목_면적_km"":null,""기후기술_연계_근거"":""간접 · 원천 자체 분류 — ESA WorldCover 가 토지피복 등급을 Tree cover·Cropland·Built-up 등으로 정의·배포하며, 수목 피복 면적은 탄소 흡수원의 물리적 기반, 경작지·건물 면적은 토지이용 변화의 기준이 됨. 주 기술 23(탄소 흡수원), 부 기술 35(산림·생태계 부문 기술) — 2026-08-28 발주처 지시에 따라 tech_id에 ';'로 연결해 복수 기입. [근거자료] ESA_WorldCover_10m_2021_v200_*_Map.tif (Discrete Classification, 등급 10~95) · FAOSTAT Land Cover(LC) Item=Artificial surfaces 등"",""나지_희박식생_면적_km"":null,""레코드_키"":""VNM_lc_shrub-covered_area_2008"",""맹그로브_면적_km"":null,""수목_면적_km"":null,""연도"":2008,""영구수체_면적_km"":null,""전국_값"":5801.85,""전국_단위"":""1000 ha"",""전국_지표명"":""토지피복 면적 — 관목지"",""지역명_로마자"":""Viet Nam"",""지역명_베트남어"":""Việt Nam"",""초본습지_면적_km"":null,""초지_면적_km"":null,""합계_km"":null,""행정단위"":""Country""}",,전국 · 토지피복 면적 — 관목지 · [실적치] · FAOSTAT Land Cover · Area from CCI_LC (Flag=E),,,,B-037.xlsx,1.2_entity(레코드형),455,
B-037,"토지피복 분류별 면적[경작지, 산림, 초지, 건물, 수체, 나지]",entity,v124-b-037-entity-00453,B-037_landcover_national,VNM,,,,,,,,,토지피복 면적 — 관목지,,,"{""2025_개편_후_소속_34개_체계"":""전국(개편 무관)"",""건물_인공지표_면적_km"":null,""경계_면적_km_GADM"":null,""경계_좌표_산출근거"":""전국 집계값 — 좌표·폴리곤 없음."",""경계_폴리곤_파일"":null,""경작지_면적_km"":null,""관목_면적_km"":null,""기후기술_연계_근거"":""간접 · 원천 자체 분류 — ESA WorldCover 가 토지피복 등급을 Tree cover·Cropland·Built-up 등으로 정의·배포하며, 수목 피복 면적은 탄소 흡수원의 물리적 기반, 경작지·건물 면적은 토지이용 변화의 기준이 됨. 주 기술 23(탄소 흡수원), 부 기술 35(산림·생태계 부문 기술) — 2026-08-28 발주처 지시에 따라 tech_id에 ';'로 연결해 복수 기입. [근거자료] ESA_WorldCover_10m_2021_v200_*_Map.tif (Discrete Classification, 등급 10~95) · FAOSTAT Land Cover(LC) Item=Artificial surfaces 등"",""나지_희박식생_면적_km"":null,""레코드_키"":""VNM_lc_shrub-covered_area_2009"",""맹그로브_면적_km"":null,""수목_면적_km"":null,""연도"":2009,""영구수체_면적_km"":null,""전국_값"":5811.03,""전국_단위"":""1000 ha"",""전국_지표명"":""토지피복 면적 — 관목지"",""지역명_로마자"":""Viet Nam"",""지역명_베트남어"":""Việt Nam"",""초본습지_면적_km"":null,""초지_면적_km"":null,""합계_km"":null,""행정단위"":""Country""}",,전국 · 토지피복 면적 — 관목지 · [실적치] · FAOSTAT Land Cover · Area from CCI_LC (Flag=E),,,,B-037.xlsx,1.2_entity(레코드형),456,
B-037,"토지피복 분류별 면적[경작지, 산림, 초지, 건물, 수체, 나지]",entity,v124-b-037-entity-00454,B-037_landcover_national,VNM,,,,,,,,,토지피복 면적 — 관목지,,,"{""2025_개편_후_소속_34개_체계"":""전국(개편 무관)"",""건물_인공지표_면적_km"":null,""경계_면적_km_GADM"":null,""경계_좌표_산출근거"":""전국 집계값 — 좌표·폴리곤 없음."",""경계_폴리곤_파일"":null,""경작지_면적_km"":null,""관목_면적_km"":null,""기후기술_연계_근거"":""간접 · 원천 자체 분류 — ESA WorldCover 가 토지피복 등급을 Tree cover·Cropland·Built-up 등으로 정의·배포하며, 수목 피복 면적은 탄소 흡수원의 물리적 기반, 경작지·건물 면적은 토지이용 변화의 기준이 됨. 주 기술 23(탄소 흡수원), 부 기술 35(산림·생태계 부문 기술) — 2026-08-28 발주처 지시에 따라 tech_id에 ';'로 연결해 복수 기입. [근거자료] ESA_WorldCover_10m_2021_v200_*_Map.tif (Discrete Classification, 등급 10~95) · FAOSTAT Land Cover(LC) Item=Artificial surfaces 등"",""나지_희박식생_면적_km"":null,""레코드_키"":""VNM_lc_shrub-covered_area_2010"",""맹그로브_면적_km"":null,""수목_면적_km"":null,""연도"":2010,""영구수체_면적_km"":null,""전국_값"":5816.37,""전국_단위"":""1000 ha"",""전국_지표명"":""토지피복 면적 — 관목지"",""지역명_로마자"":""Viet Nam"",""지역명_베트남어"":""Việt Nam"",""초본습지_면적_km"":null,""초지_면적_km"":null,""합계_km"":null,""행정단위"":""Country""}",,전국 · 토지피복 면적 — 관목지 · [실적치] · FAOSTAT Land Cover · Area from CCI_LC (Flag=E),,,,B-037.xlsx,1.2_entity(레코드형),457,
B-037,"토지피복 분류별 면적[경작지, 산림, 초지, 건물, 수체, 나지]",entity,v124-b-037-entity-00455,B-037_landcover_national,VNM,,,,,,,,,토지피복 면적 — 관목지,,,"{""2025_개편_후_소속_34개_체계"":""전국(개편 무관)"",""건물_인공지표_면적_km"":null,""경계_면적_km_GADM"":null,""경계_좌표_산출근거"":""전국 집계값 — 좌표·폴리곤 없음."",""경계_폴리곤_파일"":null,""경작지_면적_km"":null,""관목_면적_km"":null,""기후기술_연계_근거"":""간접 · 원천 자체 분류 — ESA WorldCover 가 토지피복 등급을 Tree cover·Cropland·Built-up 등으로 정의·배포하며, 수목 피복 면적은 탄소 흡수원의 물리적 기반, 경작지·건물 면적은 토지이용 변화의 기준이 됨. 주 기술 23(탄소 흡수원), 부 기술 35(산림·생태계 부문 기술) — 2026-08-28 발주처 지시에 따라 tech_id에 ';'로 연결해 복수 기입. [근거자료] ESA_WorldCover_10m_2021_v200_*_Map.tif (Discrete Classification, 등급 10~95) · FAOSTAT Land Cover(LC) Item=Artificial surfaces 등"",""나지_희박식생_면적_km"":null,""레코드_키"":""VNM_lc_shrub-covered_area_2011"",""맹그로브_면적_km"":null,""수목_면적_km"":null,""연도"":2011,""영구수체_면적_km"":null,""전국_값"":5847.77,""전국_단위"":""1000 ha"",""전국_지표명"":""토지피복 면적 — 관목지"",""지역명_로마자"":""Viet Nam"",""지역명_베트남어"":""Việt Nam"",""초본습지_면적_km"":null,""초지_면적_km"":null,""합계_km"":null,""행정단위"":""Country""}",,전국 · 토지피복 면적 — 관목지 · [실적치] · FAOSTAT Land Cover · Area from CCI_LC (Flag=E),,,,B-037.xlsx,1.2_entity(레코드형),458,
B-037,"토지피복 분류별 면적[경작지, 산림, 초지, 건물, 수체, 나지]",entity,v124-b-037-entity-00456,B-037_landcover_national,VNM,,,,,,,,,토지피복 면적 — 관목지,,,"{""2025_개편_후_소속_34개_체계"":""전국(개편 무관)"",""건물_인공지표_면적_km"":null,""경계_면적_km_GADM"":null,""경계_좌표_산출근거"":""전국 집계값 — 좌표·폴리곤 없음."",""경계_폴리곤_파일"":null,""경작지_면적_km"":null,""관목_면적_km"":null,""기후기술_연계_근거"":""간접 · 원천 자체 분류 — ESA WorldCover 가 토지피복 등급을 Tree cover·Cropland·Built-up 등으로 정의·배포하며, 수목 피복 면적은 탄소 흡수원의 물리적 기반, 경작지·건물 면적은 토지이용 변화의 기준이 됨. 주 기술 23(탄소 흡수원), 부 기술 35(산림·생태계 부문 기술) — 2026-08-28 발주처 지시에 따라 tech_id에 ';'로 연결해 복수 기입. [근거자료] ESA_WorldCover_10m_2021_v200_*_Map.tif (Discrete Classification, 등급 10~95) · FAOSTAT Land Cover(LC) Item=Artificial surfaces 등"",""나지_희박식생_면적_km"":null,""레코드_키"":""VNM_lc_shrub-covered_area_2012"",""맹그로브_면적_km"":null,""수목_면적_km"":null,""연도"":2012,""영구수체_면적_km"":null,""전국_값"":5850.4,""전국_단위"":""1000 ha"",""전국_지표명"":""토지피복 면적 — 관목지"",""지역명_로마자"":""Viet Nam"",""지역명_베트남어"":""Việt Nam"",""초본습지_면적_km"":null,""초지_면적_km"":null,""합계_km"":null,""행정단위"":""Country""}",,전국 · 토지피복 면적 — 관목지 · [실적치] · FAOSTAT Land Cover · Area from CCI_LC (Flag=E),,,,B-037.xlsx,1.2_entity(레코드형),459,
B-037,"토지피복 분류별 면적[경작지, 산림, 초지, 건물, 수체, 나지]",entity,v124-b-037-entity-00457,B-037_landcover_national,VNM,,,,,,,,,토지피복 면적 — 관목지,,,"{""2025_개편_후_소속_34개_체계"":""전국(개편 무관)"",""건물_인공지표_면적_km"":null,""경계_면적_km_GADM"":null,""경계_좌표_산출근거"":""전국 집계값 — 좌표·폴리곤 없음."",""경계_폴리곤_파일"":null,""경작지_면적_km"":null,""관목_면적_km"":null,""기후기술_연계_근거"":""간접 · 원천 자체 분류 — ESA WorldCover 가 토지피복 등급을 Tree cover·Cropland·Built-up 등으로 정의·배포하며, 수목 피복 면적은 탄소 흡수원의 물리적 기반, 경작지·건물 면적은 토지이용 변화의 기준이 됨. 주 기술 23(탄소 흡수원), 부 기술 35(산림·생태계 부문 기술) — 2026-08-28 발주처 지시에 따라 tech_id에 ';'로 연결해 복수 기입. [근거자료] ESA_WorldCover_10m_2021_v200_*_Map.tif (Discrete Classification, 등급 10~95) · FAOSTAT Land Cover(LC) Item=Artificial surfaces 등"",""나지_희박식생_면적_km"":null,""레코드_키"":""VNM_lc_shrub-covered_area_2013"",""맹그로브_면적_km"":null,""수목_면적_km"":null,""연도"":2013,""영구수체_면적_km"":null,""전국_값"":5849.59,""전국_단위"":""1000 ha"",""전국_지표명"":""토지피복 면적 — 관목지"",""지역명_로마자"":""Viet Nam"",""지역명_베트남어"":""Việt Nam"",""초본습지_면적_km"":null,""초지_면적_km"":null,""합계_km"":null,""행정단위"":""Country""}",,전국 · 토지피복 면적 — 관목지 · [실적치] · FAOSTAT Land Cover · Area from CCI_LC (Flag=E),,,,B-037.xlsx,1.2_entity(레코드형),460,
B-037,"토지피복 분류별 면적[경작지, 산림, 초지, 건물, 수체, 나지]",entity,v124-b-037-entity-00458,B-037_landcover_national,VNM,,,,,,,,,토지피복 면적 — 관목지,,,"{""2025_개편_후_소속_34개_체계"":""전국(개편 무관)"",""건물_인공지표_면적_km"":null,""경계_면적_km_GADM"":null,""경계_좌표_산출근거"":""전국 집계값 — 좌표·폴리곤 없음."",""경계_폴리곤_파일"":null,""경작지_면적_km"":null,""관목_면적_km"":null,""기후기술_연계_근거"":""간접 · 원천 자체 분류 — ESA WorldCover 가 토지피복 등급을 Tree cover·Cropland·Built-up 등으로 정의·배포하며, 수목 피복 면적은 탄소 흡수원의 물리적 기반, 경작지·건물 면적은 토지이용 변화의 기준이 됨. 주 기술 23(탄소 흡수원), 부 기술 35(산림·생태계 부문 기술) — 2026-08-28 발주처 지시에 따라 tech_id에 ';'로 연결해 복수 기입. [근거자료] ESA_WorldCover_10m_2021_v200_*_Map.tif (Discrete Classification, 등급 10~95) · FAOSTAT Land Cover(LC) Item=Artificial surfaces 등"",""나지_희박식생_면적_km"":null,""레코드_키"":""VNM_lc_shrub-covered_area_2014"",""맹그로브_면적_km"":null,""수목_면적_km"":null,""연도"":2014,""영구수체_면적_km"":null,""전국_값"":5855.58,""전국_단위"":""1000 ha"",""전국_지표명"":""토지피복 면적 — 관목지"",""지역명_로마자"":""Viet Nam"",""지역명_베트남어"":""Việt Nam"",""초본습지_면적_km"":null,""초지_면적_km"":null,""합계_km"":null,""행정단위"":""Country""}",,전국 · 토지피복 면적 — 관목지 · [실적치] · FAOSTAT Land Cover · Area from CCI_LC (Flag=E),,,,B-037.xlsx,1.2_entity(레코드형),461,
B-037,"토지피복 분류별 면적[경작지, 산림, 초지, 건물, 수체, 나지]",entity,v124-b-037-entity-00459,B-037_landcover_national,VNM,,,,,,,,,토지피복 면적 — 관목지,,,"{""2025_개편_후_소속_34개_체계"":""전국(개편 무관)"",""건물_인공지표_면적_km"":null,""경계_면적_km_GADM"":null,""경계_좌표_산출근거"":""전국 집계값 — 좌표·폴리곤 없음."",""경계_폴리곤_파일"":null,""경작지_면적_km"":null,""관목_면적_km"":null,""기후기술_연계_근거"":""간접 · 원천 자체 분류 — ESA WorldCover 가 토지피복 등급을 Tree cover·Cropland·Built-up 등으로 정의·배포하며, 수목 피복 면적은 탄소 흡수원의 물리적 기반, 경작지·건물 면적은 토지이용 변화의 기준이 됨. 주 기술 23(탄소 흡수원), 부 기술 35(산림·생태계 부문 기술) — 2026-08-28 발주처 지시에 따라 tech_id에 ';'로 연결해 복수 기입. [근거자료] ESA_WorldCover_10m_2021_v200_*_Map.tif (Discrete Classification, 등급 10~95) · FAOSTAT Land Cover(LC) Item=Artificial surfaces 등"",""나지_희박식생_면적_km"":null,""레코드_키"":""VNM_lc_shrub-covered_area_2015"",""맹그로브_면적_km"":null,""수목_면적_km"":null,""연도"":2015,""영구수체_면적_km"":null,""전국_값"":5855.45,""전국_단위"":""1000 ha"",""전국_지표명"":""토지피복 면적 — 관목지"",""지역명_로마자"":""Viet Nam"",""지역명_베트남어"":""Việt Nam"",""초본습지_면적_km"":null,""초지_면적_km"":null,""합계_km"":null,""행정단위"":""Country""}",,전국 · 토지피복 면적 — 관목지 · [실적치] · FAOSTAT Land Cover · Area from CCI_LC (Flag=E),,,,B-037.xlsx,1.2_entity(레코드형),462,
B-037,"토지피복 분류별 면적[경작지, 산림, 초지, 건물, 수체, 나지]",entity,v124-b-037-entity-00460,B-037_landcover_national,VNM,,,,,,,,,토지피복 면적 — 관목지,,,"{""2025_개편_후_소속_34개_체계"":""전국(개편 무관)"",""건물_인공지표_면적_km"":null,""경계_면적_km_GADM"":null,""경계_좌표_산출근거"":""전국 집계값 — 좌표·폴리곤 없음."",""경계_폴리곤_파일"":null,""경작지_면적_km"":null,""관목_면적_km"":null,""기후기술_연계_근거"":""간접 · 원천 자체 분류 — ESA WorldCover 가 토지피복 등급을 Tree cover·Cropland·Built-up 등으로 정의·배포하며, 수목 피복 면적은 탄소 흡수원의 물리적 기반, 경작지·건물 면적은 토지이용 변화의 기준이 됨. 주 기술 23(탄소 흡수원), 부 기술 35(산림·생태계 부문 기술) — 2026-08-28 발주처 지시에 따라 tech_id에 ';'로 연결해 복수 기입. [근거자료] ESA_WorldCover_10m_2021_v200_*_Map.tif (Discrete Classification, 등급 10~95) · FAOSTAT Land Cover(LC) Item=Artificial surfaces 등"",""나지_희박식생_면적_km"":null,""레코드_키"":""VNM_lc_shrub-covered_area_2016"",""맹그로브_면적_km"":null,""수목_면적_km"":null,""연도"":2016,""영구수체_면적_km"":null,""전국_값"":5833.05,""전국_단위"":""1000 ha"",""전국_지표명"":""토지피복 면적 — 관목지"",""지역명_로마자"":""Viet Nam"",""지역명_베트남어"":""Việt Nam"",""초본습지_면적_km"":null,""초지_면적_km"":null,""합계_km"":null,""행정단위"":""Country""}",,전국 · 토지피복 면적 — 관목지 · [실적치] · FAOSTAT Land Cover · Area from CCI_LC (Flag=E),,,,B-037.xlsx,1.2_entity(레코드형),463,
B-037,"토지피복 분류별 면적[경작지, 산림, 초지, 건물, 수체, 나지]",entity,v124-b-037-entity-00461,B-037_landcover_national,VNM,,,,,,,,,토지피복 면적 — 관목지,,,"{""2025_개편_후_소속_34개_체계"":""전국(개편 무관)"",""건물_인공지표_면적_km"":null,""경계_면적_km_GADM"":null,""경계_좌표_산출근거"":""전국 집계값 — 좌표·폴리곤 없음."",""경계_폴리곤_파일"":null,""경작지_면적_km"":null,""관목_면적_km"":null,""기후기술_연계_근거"":""간접 · 원천 자체 분류 — ESA WorldCover 가 토지피복 등급을 Tree cover·Cropland·Built-up 등으로 정의·배포하며, 수목 피복 면적은 탄소 흡수원의 물리적 기반, 경작지·건물 면적은 토지이용 변화의 기준이 됨. 주 기술 23(탄소 흡수원), 부 기술 35(산림·생태계 부문 기술) — 2026-08-28 발주처 지시에 따라 tech_id에 ';'로 연결해 복수 기입. [근거자료] ESA_WorldCover_10m_2021_v200_*_Map.tif (Discrete Classification, 등급 10~95) · FAOSTAT Land Cover(LC) Item=Artificial surfaces 등"",""나지_희박식생_면적_km"":null,""레코드_키"":""VNM_lc_shrub-covered_area_2017"",""맹그로브_면적_km"":null,""수목_면적_km"":null,""연도"":2017,""영구수체_면적_km"":null,""전국_값"":5844.74,""전국_단위"":""1000 ha"",""전국_지표명"":""토지피복 면적 — 관목지"",""지역명_로마자"":""Viet Nam"",""지역명_베트남어"":""Việt Nam"",""초본습지_면적_km"":null,""초지_면적_km"":null,""합계_km"":null,""행정단위"":""Country""}",,전국 · 토지피복 면적 — 관목지 · [실적치] · FAOSTAT Land Cover · Area from CCI_LC (Flag=E),,,,B-037.xlsx,1.2_entity(레코드형),464,
B-037,"토지피복 분류별 면적[경작지, 산림, 초지, 건물, 수체, 나지]",entity,v124-b-037-entity-00462,B-037_landcover_national,VNM,,,,,,,,,토지피복 면적 — 관목지,,,"{""2025_개편_후_소속_34개_체계"":""전국(개편 무관)"",""건물_인공지표_면적_km"":null,""경계_면적_km_GADM"":null,""경계_좌표_산출근거"":""전국 집계값 — 좌표·폴리곤 없음."",""경계_폴리곤_파일"":null,""경작지_면적_km"":null,""관목_면적_km"":null,""기후기술_연계_근거"":""간접 · 원천 자체 분류 — ESA WorldCover 가 토지피복 등급을 Tree cover·Cropland·Built-up 등으로 정의·배포하며, 수목 피복 면적은 탄소 흡수원의 물리적 기반, 경작지·건물 면적은 토지이용 변화의 기준이 됨. 주 기술 23(탄소 흡수원), 부 기술 35(산림·생태계 부문 기술) — 2026-08-28 발주처 지시에 따라 tech_id에 ';'로 연결해 복수 기입. [근거자료] ESA_WorldCover_10m_2021_v200_*_Map.tif (Discrete Classification, 등급 10~95) · FAOSTAT Land Cover(LC) Item=Artificial surfaces 등"",""나지_희박식생_면적_km"":null,""레코드_키"":""VNM_lc_shrub-covered_area_2018"",""맹그로브_면적_km"":null,""수목_면적_km"":null,""연도"":2018,""영구수체_면적_km"":null,""전국_값"":5870.77,""전국_단위"":""1000 ha"",""전국_지표명"":""토지피복 면적 — 관목지"",""지역명_로마자"":""Viet Nam"",""지역명_베트남어"":""Việt Nam"",""초본습지_면적_km"":null,""초지_면적_km"":null,""합계_km"":null,""행정단위"":""Country""}",,전국 · 토지피복 면적 — 관목지 · [실적치] · FAOSTAT Land Cover · Area from CCI_LC (Flag=E),,,,B-037.xlsx,1.2_entity(레코드형),465,
B-037,"토지피복 분류별 면적[경작지, 산림, 초지, 건물, 수체, 나지]",entity,v124-b-037-entity-00463,B-037_landcover_national,VNM,,,,,,,,,토지피복 면적 — 관목지,,,"{""2025_개편_후_소속_34개_체계"":""전국(개편 무관)"",""건물_인공지표_면적_km"":null,""경계_면적_km_GADM"":null,""경계_좌표_산출근거"":""전국 집계값 — 좌표·폴리곤 없음."",""경계_폴리곤_파일"":null,""경작지_면적_km"":null,""관목_면적_km"":null,""기후기술_연계_근거"":""간접 · 원천 자체 분류 — ESA WorldCover 가 토지피복 등급을 Tree cover·Cropland·Built-up 등으로 정의·배포하며, 수목 피복 면적은 탄소 흡수원의 물리적 기반, 경작지·건물 면적은 토지이용 변화의 기준이 됨. 주 기술 23(탄소 흡수원), 부 기술 35(산림·생태계 부문 기술) — 2026-08-28 발주처 지시에 따라 tech_id에 ';'로 연결해 복수 기입. [근거자료] ESA_WorldCover_10m_2021_v200_*_Map.tif (Discrete Classification, 등급 10~95) · FAOSTAT Land Cover(LC) Item=Artificial surfaces 등"",""나지_희박식생_면적_km"":null,""레코드_키"":""VNM_lc_shrub-covered_area_2019"",""맹그로브_면적_km"":null,""수목_면적_km"":null,""연도"":2019,""영구수체_면적_km"":null,""전국_값"":5869.1,""전국_단위"":""1000 ha"",""전국_지표명"":""토지피복 면적 — 관목지"",""지역명_로마자"":""Viet Nam"",""지역명_베트남어"":""Việt Nam"",""초본습지_면적_km"":null,""초지_면적_km"":null,""합계_km"":null,""행정단위"":""Country""}",,전국 · 토지피복 면적 — 관목지 · [실적치] · FAOSTAT Land Cover · Area from CCI_LC (Flag=E),,,,B-037.xlsx,1.2_entity(레코드형),466,
B-037,"토지피복 분류별 면적[경작지, 산림, 초지, 건물, 수체, 나지]",entity,v124-b-037-entity-00464,B-037_landcover_national,VNM,,,,,,,,,토지피복 면적 — 관목지,,,"{""2025_개편_후_소속_34개_체계"":""전국(개편 무관)"",""건물_인공지표_면적_km"":null,""경계_면적_km_GADM"":null,""경계_좌표_산출근거"":""전국 집계값 — 좌표·폴리곤 없음."",""경계_폴리곤_파일"":null,""경작지_면적_km"":null,""관목_면적_km"":null,""기후기술_연계_근거"":""간접 · 원천 자체 분류 — ESA WorldCover 가 토지피복 등급을 Tree cover·Cropland·Built-up 등으로 정의·배포하며, 수목 피복 면적은 탄소 흡수원의 물리적 기반, 경작지·건물 면적은 토지이용 변화의 기준이 됨. 주 기술 23(탄소 흡수원), 부 기술 35(산림·생태계 부문 기술) — 2026-08-28 발주처 지시에 따라 tech_id에 ';'로 연결해 복수 기입. [근거자료] ESA_WorldCover_10m_2021_v200_*_Map.tif (Discrete Classification, 등급 10~95) · FAOSTAT Land Cover(LC) Item=Artificial surfaces 등"",""나지_희박식생_면적_km"":null,""레코드_키"":""VNM_lc_shrub-covered_area_2020"",""맹그로브_면적_km"":null,""수목_면적_km"":null,""연도"":2020,""영구수체_면적_km"":null,""전국_값"":5862.97,""전국_단위"":""1000 ha"",""전국_지표명"":""토지피복 면적 — 관목지"",""지역명_로마자"":""Viet Nam"",""지역명_베트남어"":""Việt Nam"",""초본습지_면적_km"":null,""초지_면적_km"":null,""합계_km"":null,""행정단위"":""Country""}",,전국 · 토지피복 면적 — 관목지 · [실적치] · FAOSTAT Land Cover · Area from CCI_LC (Flag=E),,,,B-037.xlsx,1.2_entity(레코드형),467,
B-037,"토지피복 분류별 면적[경작지, 산림, 초지, 건물, 수체, 나지]",entity,v124-b-037-entity-00465,B-037_landcover_national,VNM,,,,,,,,,토지피복 면적 — 관목지,,,"{""2025_개편_후_소속_34개_체계"":""전국(개편 무관)"",""건물_인공지표_면적_km"":null,""경계_면적_km_GADM"":null,""경계_좌표_산출근거"":""전국 집계값 — 좌표·폴리곤 없음."",""경계_폴리곤_파일"":null,""경작지_면적_km"":null,""관목_면적_km"":null,""기후기술_연계_근거"":""간접 · 원천 자체 분류 — ESA WorldCover 가 토지피복 등급을 Tree cover·Cropland·Built-up 등으로 정의·배포하며, 수목 피복 면적은 탄소 흡수원의 물리적 기반, 경작지·건물 면적은 토지이용 변화의 기준이 됨. 주 기술 23(탄소 흡수원), 부 기술 35(산림·생태계 부문 기술) — 2026-08-28 발주처 지시에 따라 tech_id에 ';'로 연결해 복수 기입. [근거자료] ESA_WorldCover_10m_2021_v200_*_Map.tif (Discrete Classification, 등급 10~95) · FAOSTAT Land Cover(LC) Item=Artificial surfaces 등"",""나지_희박식생_면적_km"":null,""레코드_키"":""VNM_lc_shrub-covered_area_2021"",""맹그로브_면적_km"":null,""수목_면적_km"":null,""연도"":2021,""영구수체_면적_km"":null,""전국_값"":5846.97,""전국_단위"":""1000 ha"",""전국_지표명"":""토지피복 면적 — 관목지"",""지역명_로마자"":""Viet Nam"",""지역명_베트남어"":""Việt Nam"",""초본습지_면적_km"":null,""초지_면적_km"":null,""합계_km"":null,""행정단위"":""Country""}",,전국 · 토지피복 면적 — 관목지 · [실적치] · FAOSTAT Land Cover · Area from CCI_LC (Flag=E),,,,B-037.xlsx,1.2_entity(레코드형),468,
B-037,"토지피복 분류별 면적[경작지, 산림, 초지, 건물, 수체, 나지]",entity,v124-b-037-entity-00466,B-037_landcover_national,VNM,,,,,,,,,토지피복 면적 — 관목지,,,"{""2025_개편_후_소속_34개_체계"":""전국(개편 무관)"",""건물_인공지표_면적_km"":null,""경계_면적_km_GADM"":null,""경계_좌표_산출근거"":""전국 집계값 — 좌표·폴리곤 없음."",""경계_폴리곤_파일"":null,""경작지_면적_km"":null,""관목_면적_km"":null,""기후기술_연계_근거"":""간접 · 원천 자체 분류 — ESA WorldCover 가 토지피복 등급을 Tree cover·Cropland·Built-up 등으로 정의·배포하며, 수목 피복 면적은 탄소 흡수원의 물리적 기반, 경작지·건물 면적은 토지이용 변화의 기준이 됨. 주 기술 23(탄소 흡수원), 부 기술 35(산림·생태계 부문 기술) — 2026-08-28 발주처 지시에 따라 tech_id에 ';'로 연결해 복수 기입. [근거자료] ESA_WorldCover_10m_2021_v200_*_Map.tif (Discrete Classification, 등급 10~95) · FAOSTAT Land Cover(LC) Item=Artificial surfaces 등"",""나지_희박식생_면적_km"":null,""레코드_키"":""VNM_lc_shrub-covered_area_2022"",""맹그로브_면적_km"":null,""수목_면적_km"":null,""연도"":2022,""영구수체_면적_km"":null,""전국_값"":5808.68,""전국_단위"":""1000 ha"",""전국_지표명"":""토지피복 면적 — 관목지"",""지역명_로마자"":""Viet Nam"",""지역명_베트남어"":""Việt Nam"",""초본습지_면적_km"":null,""초지_면적_km"":null,""합계_km"":null,""행정단위"":""Country""}",,전국 · 토지피복 면적 — 관목지 · [실적치] · FAOSTAT Land Cover · Area from CCI_LC (Flag=E),,,,B-037.xlsx,1.2_entity(레코드형),469,
B-037,"토지피복 분류별 면적[경작지, 산림, 초지, 건물, 수체, 나지]",entity,v124-b-037-entity-00467,B-037_landcover_national,VNM,,,,,,,,,토지피복 면적(CGLS) — 관목지,,,"{""2025_개편_후_소속_34개_체계"":""전국(개편 무관)"",""건물_인공지표_면적_km"":null,""경계_면적_km_GADM"":null,""경계_좌표_산출근거"":""전국 집계값 — 좌표·폴리곤 없음."",""경계_폴리곤_파일"":null,""경작지_면적_km"":null,""관목_면적_km"":null,""기후기술_연계_근거"":""간접 · 원천 자체 분류 — ESA WorldCover 가 토지피복 등급을 Tree cover·Cropland·Built-up 등으로 정의·배포하며, 수목 피복 면적은 탄소 흡수원의 물리적 기반, 경작지·건물 면적은 토지이용 변화의 기준이 됨. 주 기술 23(탄소 흡수원), 부 기술 35(산림·생태계 부문 기술) — 2026-08-28 발주처 지시에 따라 tech_id에 ';'로 연결해 복수 기입. [근거자료] ESA_WorldCover_10m_2021_v200_*_Map.tif (Discrete Classification, 등급 10~95) · FAOSTAT Land Cover(LC) Item=Artificial surfaces 등"",""나지_희박식생_면적_km"":null,""레코드_키"":""VNM_lc_shrub-covered_area_cgls_2015"",""맹그로브_면적_km"":null,""수목_면적_km"":null,""연도"":2015,""영구수체_면적_km"":null,""전국_값"":214.8,""전국_단위"":""1000 ha"",""전국_지표명"":""토지피복 면적(CGLS) — 관목지"",""지역명_로마자"":""Viet Nam"",""지역명_베트남어"":""Việt Nam"",""초본습지_면적_km"":null,""초지_면적_km"":null,""합계_km"":null,""행정단위"":""Country""}",,전국 · 토지피복 면적(CGLS) — 관목지 · [실적치] · FAOSTAT Land Cover · Area from CGLS (Flag=E),,,,B-037.xlsx,1.2_entity(레코드형),470,
B-037,"토지피복 분류별 면적[경작지, 산림, 초지, 건물, 수체, 나지]",entity,v124-b-037-entity-00468,B-037_landcover_national,VNM,,,,,,,,,토지피복 면적(CGLS) — 관목지,,,"{""2025_개편_후_소속_34개_체계"":""전국(개편 무관)"",""건물_인공지표_면적_km"":null,""경계_면적_km_GADM"":null,""경계_좌표_산출근거"":""전국 집계값 — 좌표·폴리곤 없음."",""경계_폴리곤_파일"":null,""경작지_면적_km"":null,""관목_면적_km"":null,""기후기술_연계_근거"":""간접 · 원천 자체 분류 — ESA WorldCover 가 토지피복 등급을 Tree cover·Cropland·Built-up 등으로 정의·배포하며, 수목 피복 면적은 탄소 흡수원의 물리적 기반, 경작지·건물 면적은 토지이용 변화의 기준이 됨. 주 기술 23(탄소 흡수원), 부 기술 35(산림·생태계 부문 기술) — 2026-08-28 발주처 지시에 따라 tech_id에 ';'로 연결해 복수 기입. [근거자료] ESA_WorldCover_10m_2021_v200_*_Map.tif (Discrete Classification, 등급 10~95) · FAOSTAT Land Cover(LC) Item=Artificial surfaces 등"",""나지_희박식생_면적_km"":null,""레코드_키"":""VNM_lc_shrub-covered_area_cgls_2016"",""맹그로브_면적_km"":null,""수목_면적_km"":null,""연도"":2016,""영구수체_면적_km"":null,""전국_값"":180.06,""전국_단위"":""1000 ha"",""전국_지표명"":""토지피복 면적(CGLS) — 관목지"",""지역명_로마자"":""Viet Nam"",""지역명_베트남어"":""Việt Nam"",""초본습지_면적_km"":null,""초지_면적_km"":null,""합계_km"":null,""행정단위"":""Country""}",,전국 · 토지피복 면적(CGLS) — 관목지 · [실적치] · FAOSTAT Land Cover · Area from CGLS (Flag=E),,,,B-037.xlsx,1.2_entity(레코드형),471,
B-037,"토지피복 분류별 면적[경작지, 산림, 초지, 건물, 수체, 나지]",entity,v124-b-037-entity-00469,B-037_landcover_national,VNM,,,,,,,,,토지피복 면적(CGLS) — 관목지,,,"{""2025_개편_후_소속_34개_체계"":""전국(개편 무관)"",""건물_인공지표_면적_km"":null,""경계_면적_km_GADM"":null,""경계_좌표_산출근거"":""전국 집계값 — 좌표·폴리곤 없음."",""경계_폴리곤_파일"":null,""경작지_면적_km"":null,""관목_면적_km"":null,""기후기술_연계_근거"":""간접 · 원천 자체 분류 — ESA WorldCover 가 토지피복 등급을 Tree cover·Cropland·Built-up 등으로 정의·배포하며, 수목 피복 면적은 탄소 흡수원의 물리적 기반, 경작지·건물 면적은 토지이용 변화의 기준이 됨. 주 기술 23(탄소 흡수원), 부 기술 35(산림·생태계 부문 기술) — 2026-08-28 발주처 지시에 따라 tech_id에 ';'로 연결해 복수 기입. [근거자료] ESA_WorldCover_10m_2021_v200_*_Map.tif (Discrete Classification, 등급 10~95) · FAOSTAT Land Cover(LC) Item=Artificial surfaces 등"",""나지_희박식생_면적_km"":null,""레코드_키"":""VNM_lc_shrub-covered_area_cgls_2017"",""맹그로브_면적_km"":null,""수목_면적_km"":null,""연도"":2017,""영구수체_면적_km"":null,""전국_값"":159.82,""전국_단위"":""1000 ha"",""전국_지표명"":""토지피복 면적(CGLS) — 관목지"",""지역명_로마자"":""Viet Nam"",""지역명_베트남어"":""Việt Nam"",""초본습지_면적_km"":null,""초지_면적_km"":null,""합계_km"":null,""행정단위"":""Country""}",,전국 · 토지피복 면적(CGLS) — 관목지 · [실적치] · FAOSTAT Land Cover · Area from CGLS (Flag=E),,,,B-037.xlsx,1.2_entity(레코드형),472,
B-037,"토지피복 분류별 면적[경작지, 산림, 초지, 건물, 수체, 나지]",entity,v124-b-037-entity-00470,B-037_landcover_national,VNM,,,,,,,,,토지피복 면적(CGLS) — 관목지,,,"{""2025_개편_후_소속_34개_체계"":""전국(개편 무관)"",""건물_인공지표_면적_km"":null,""경계_면적_km_GADM"":null,""경계_좌표_산출근거"":""전국 집계값 — 좌표·폴리곤 없음."",""경계_폴리곤_파일"":null,""경작지_면적_km"":null,""관목_면적_km"":null,""기후기술_연계_근거"":""간접 · 원천 자체 분류 — ESA WorldCover 가 토지피복 등급을 Tree cover·Cropland·Built-up 등으로 정의·배포하며, 수목 피복 면적은 탄소 흡수원의 물리적 기반, 경작지·건물 면적은 토지이용 변화의 기준이 됨. 주 기술 23(탄소 흡수원), 부 기술 35(산림·생태계 부문 기술) — 2026-08-28 발주처 지시에 따라 tech_id에 ';'로 연결해 복수 기입. [근거자료] ESA_WorldCover_10m_2021_v200_*_Map.tif (Discrete Classification, 등급 10~95) · FAOSTAT Land Cover(LC) Item=Artificial surfaces 등"",""나지_희박식생_면적_km"":null,""레코드_키"":""VNM_lc_shrub-covered_area_cgls_2018"",""맹그로브_면적_km"":null,""수목_면적_km"":null,""연도"":2018,""영구수체_면적_km"":null,""전국_값"":144.64,""전국_단위"":""1000 ha"",""전국_지표명"":""토지피복 면적(CGLS) — 관목지"",""지역명_로마자"":""Viet Nam"",""지역명_베트남어"":""Việt Nam"",""초본습지_면적_km"":null,""초지_면적_km"":null,""합계_km"":null,""행정단위"":""Country""}",,전국 · 토지피복 면적(CGLS) — 관목지 · [실적치] · FAOSTAT Land Cover · Area from CGLS (Flag=E),,,,B-037.xlsx,1.2_entity(레코드형),473,
B-037,"토지피복 분류별 면적[경작지, 산림, 초지, 건물, 수체, 나지]",entity,v124-b-037-entity-00471,B-037_landcover_national,VNM,,,,,,,,,토지피복 면적(CGLS) — 관목지,,,"{""2025_개편_후_소속_34개_체계"":""전국(개편 무관)"",""건물_인공지표_면적_km"":null,""경계_면적_km_GADM"":null,""경계_좌표_산출근거"":""전국 집계값 — 좌표·폴리곤 없음."",""경계_폴리곤_파일"":null,""경작지_면적_km"":null,""관목_면적_km"":null,""기후기술_연계_근거"":""간접 · 원천 자체 분류 — ESA WorldCover 가 토지피복 등급을 Tree cover·Cropland·Built-up 등으로 정의·배포하며, 수목 피복 면적은 탄소 흡수원의 물리적 기반, 경작지·건물 면적은 토지이용 변화의 기준이 됨. 주 기술 23(탄소 흡수원), 부 기술 35(산림·생태계 부문 기술) — 2026-08-28 발주처 지시에 따라 tech_id에 ';'로 연결해 복수 기입. [근거자료] ESA_WorldCover_10m_2021_v200_*_Map.tif (Discrete Classification, 등급 10~95) · FAOSTAT Land Cover(LC) Item=Artificial surfaces 등"",""나지_희박식생_면적_km"":null,""레코드_키"":""VNM_lc_shrub-covered_area_cgls_2019"",""맹그로브_면적_km"":null,""수목_면적_km"":null,""연도"":2019,""영구수체_면적_km"":null,""전국_값"":133.91,""전국_단위"":""1000 ha"",""전국_지표명"":""토지피복 면적(CGLS) — 관목지"",""지역명_로마자"":""Viet Nam"",""지역명_베트남어"":""Việt Nam"",""초본습지_면적_km"":null,""초지_면적_km"":null,""합계_km"":null,""행정단위"":""Country""}",,전국 · 토지피복 면적(CGLS) — 관목지 · [실적치] · FAOSTAT Land Cover · Area from CGLS (Flag=E),,,,B-037.xlsx,1.2_entity(레코드형),474,
B-037,"토지피복 분류별 면적[경작지, 산림, 초지, 건물, 수체, 나지]",entity,v124-b-037-entity-00472,B-037_landcover_national,VNM,,,,,,,,,토지피복 면적(MODIS) — 관목지,,,"{""2025_개편_후_소속_34개_체계"":""전국(개편 무관)"",""건물_인공지표_면적_km"":null,""경계_면적_km_GADM"":null,""경계_좌표_산출근거"":""전국 집계값 — 좌표·폴리곤 없음."",""경계_폴리곤_파일"":null,""경작지_면적_km"":null,""관목_면적_km"":null,""기후기술_연계_근거"":""간접 · 원천 자체 분류 — ESA WorldCover 가 토지피복 등급을 Tree cover·Cropland·Built-up 등으로 정의·배포하며, 수목 피복 면적은 탄소 흡수원의 물리적 기반, 경작지·건물 면적은 토지이용 변화의 기준이 됨. 주 기술 23(탄소 흡수원), 부 기술 35(산림·생태계 부문 기술) — 2026-08-28 발주처 지시에 따라 tech_id에 ';'로 연결해 복수 기입. [근거자료] ESA_WorldCover_10m_2021_v200_*_Map.tif (Discrete Classification, 등급 10~95) · FAOSTAT Land Cover(LC) Item=Artificial surfaces 등"",""나지_희박식생_면적_km"":null,""레코드_키"":""VNM_lc_shrub-covered_area_modis_2001"",""맹그로브_면적_km"":null,""수목_면적_km"":null,""연도"":2001,""영구수체_면적_km"":null,""전국_값"":23.3,""전국_단위"":""1000 ha"",""전국_지표명"":""토지피복 면적(MODIS) — 관목지"",""지역명_로마자"":""Viet Nam"",""지역명_베트남어"":""Việt Nam"",""초본습지_면적_km"":null,""초지_면적_km"":null,""합계_km"":null,""행정단위"":""Country""}",,전국 · 토지피복 면적(MODIS) — 관목지 · [실적치] · FAOSTAT Land Cover · Area from MODIS (Flag=E),,,,B-037.xlsx,1.2_entity(레코드형),475,
B-037,"토지피복 분류별 면적[경작지, 산림, 초지, 건물, 수체, 나지]",entity,v124-b-037-entity-00473,B-037_landcover_national,VNM,,,,,,,,,토지피복 면적(MODIS) — 관목지,,,"{""2025_개편_후_소속_34개_체계"":""전국(개편 무관)"",""건물_인공지표_면적_km"":null,""경계_면적_km_GADM"":null,""경계_좌표_산출근거"":""전국 집계값 — 좌표·폴리곤 없음."",""경계_폴리곤_파일"":null,""경작지_면적_km"":null,""관목_면적_km"":null,""기후기술_연계_근거"":""간접 · 원천 자체 분류 — ESA WorldCover 가 토지피복 등급을 Tree cover·Cropland·Built-up 등으로 정의·배포하며, 수목 피복 면적은 탄소 흡수원의 물리적 기반, 경작지·건물 면적은 토지이용 변화의 기준이 됨. 주 기술 23(탄소 흡수원), 부 기술 35(산림·생태계 부문 기술) — 2026-08-28 발주처 지시에 따라 tech_id에 ';'로 연결해 복수 기입. [근거자료] ESA_WorldCover_10m_2021_v200_*_Map.tif (Discrete Classification, 등급 10~95) · FAOSTAT Land Cover(LC) Item=Artificial surfaces 등"",""나지_희박식생_면적_km"":null,""레코드_키"":""VNM_lc_shrub-covered_area_modis_2002"",""맹그로브_면적_km"":null,""수목_면적_km"":null,""연도"":2002,""영구수체_면적_km"":null,""전국_값"":14.77,""전국_단위"":""1000 ha"",""전국_지표명"":""토지피복 면적(MODIS) — 관목지"",""지역명_로마자"":""Viet Nam"",""지역명_베트남어"":""Việt Nam"",""초본습지_면적_km"":null,""초지_면적_km"":null,""합계_km"":null,""행정단위"":""Country""}",,전국 · 토지피복 면적(MODIS) — 관목지 · [실적치] · FAOSTAT Land Cover · Area from MODIS (Flag=E),,,,B-037.xlsx,1.2_entity(레코드형),476,
B-037,"토지피복 분류별 면적[경작지, 산림, 초지, 건물, 수체, 나지]",entity,v124-b-037-entity-00474,B-037_landcover_national,VNM,,,,,,,,,토지피복 면적(MODIS) — 관목지,,,"{""2025_개편_후_소속_34개_체계"":""전국(개편 무관)"",""건물_인공지표_면적_km"":null,""경계_면적_km_GADM"":null,""경계_좌표_산출근거"":""전국 집계값 — 좌표·폴리곤 없음."",""경계_폴리곤_파일"":null,""경작지_면적_km"":null,""관목_면적_km"":null,""기후기술_연계_근거"":""간접 · 원천 자체 분류 — ESA WorldCover 가 토지피복 등급을 Tree cover·Cropland·Built-up 등으로 정의·배포하며, 수목 피복 면적은 탄소 흡수원의 물리적 기반, 경작지·건물 면적은 토지이용 변화의 기준이 됨. 주 기술 23(탄소 흡수원), 부 기술 35(산림·생태계 부문 기술) — 2026-08-28 발주처 지시에 따라 tech_id에 ';'로 연결해 복수 기입. [근거자료] ESA_WorldCover_10m_2021_v200_*_Map.tif (Discrete Classification, 등급 10~95) · FAOSTAT Land Cover(LC) Item=Artificial surfaces 등"",""나지_희박식생_면적_km"":null,""레코드_키"":""VNM_lc_shrub-covered_area_modis_2003"",""맹그로브_면적_km"":null,""수목_면적_km"":null,""연도"":2003,""영구수체_면적_km"":null,""전국_값"":14.39,""전국_단위"":""1000 ha"",""전국_지표명"":""토지피복 면적(MODIS) — 관목지"",""지역명_로마자"":""Viet Nam"",""지역명_베트남어"":""Việt Nam"",""초본습지_면적_km"":null,""초지_면적_km"":null,""합계_km"":null,""행정단위"":""Country""}",,전국 · 토지피복 면적(MODIS) — 관목지 · [실적치] · FAOSTAT Land Cover · Area from MODIS (Flag=E),,,,B-037.xlsx,1.2_entity(레코드형),477,
B-037,"토지피복 분류별 면적[경작지, 산림, 초지, 건물, 수체, 나지]",entity,v124-b-037-entity-00475,B-037_landcover_national,VNM,,,,,,,,,토지피복 면적(MODIS) — 관목지,,,"{""2025_개편_후_소속_34개_체계"":""전국(개편 무관)"",""건물_인공지표_면적_km"":null,""경계_면적_km_GADM"":null,""경계_좌표_산출근거"":""전국 집계값 — 좌표·폴리곤 없음."",""경계_폴리곤_파일"":null,""경작지_면적_km"":null,""관목_면적_km"":null,""기후기술_연계_근거"":""간접 · 원천 자체 분류 — ESA WorldCover 가 토지피복 등급을 Tree cover·Cropland·Built-up 등으로 정의·배포하며, 수목 피복 면적은 탄소 흡수원의 물리적 기반, 경작지·건물 면적은 토지이용 변화의 기준이 됨. 주 기술 23(탄소 흡수원), 부 기술 35(산림·생태계 부문 기술) — 2026-08-28 발주처 지시에 따라 tech_id에 ';'로 연결해 복수 기입. [근거자료] ESA_WorldCover_10m_2021_v200_*_Map.tif (Discrete Classification, 등급 10~95) · FAOSTAT Land Cover(LC) Item=Artificial surfaces 등"",""나지_희박식생_면적_km"":null,""레코드_키"":""VNM_lc_shrub-covered_area_modis_2004"",""맹그로브_면적_km"":null,""수목_면적_km"":null,""연도"":2004,""영구수체_면적_km"":null,""전국_값"":14.88,""전국_단위"":""1000 ha"",""전국_지표명"":""토지피복 면적(MODIS) — 관목지"",""지역명_로마자"":""Viet Nam"",""지역명_베트남어"":""Việt Nam"",""초본습지_면적_km"":null,""초지_면적_km"":null,""합계_km"":null,""행정단위"":""Country""}",,전국 · 토지피복 면적(MODIS) — 관목지 · [실적치] · FAOSTAT Land Cover · Area from MODIS (Flag=E),,,,B-037.xlsx,1.2_entity(레코드형),478,
B-037,"토지피복 분류별 면적[경작지, 산림, 초지, 건물, 수체, 나지]",entity,v124-b-037-entity-00476,B-037_landcover_national,VNM,,,,,,,,,토지피복 면적(MODIS) — 관목지,,,"{""2025_개편_후_소속_34개_체계"":""전국(개편 무관)"",""건물_인공지표_면적_km"":null,""경계_면적_km_GADM"":null,""경계_좌표_산출근거"":""전국 집계값 — 좌표·폴리곤 없음."",""경계_폴리곤_파일"":null,""경작지_면적_km"":null,""관목_면적_km"":null,""기후기술_연계_근거"":""간접 · 원천 자체 분류 — ESA WorldCover 가 토지피복 등급을 Tree cover·Cropland·Built-up 등으로 정의·배포하며, 수목 피복 면적은 탄소 흡수원의 물리적 기반, 경작지·건물 면적은 토지이용 변화의 기준이 됨. 주 기술 23(탄소 흡수원), 부 기술 35(산림·생태계 부문 기술) — 2026-08-28 발주처 지시에 따라 tech_id에 ';'로 연결해 복수 기입. [근거자료] ESA_WorldCover_10m_2021_v200_*_Map.tif (Discrete Classification, 등급 10~95) · FAOSTAT Land Cover(LC) Item=Artificial surfaces 등"",""나지_희박식생_면적_km"":null,""레코드_키"":""VNM_lc_shrub-covered_area_modis_2005"",""맹그로브_면적_km"":null,""수목_면적_km"":null,""연도"":2005,""영구수체_면적_km"":null,""전국_값"":12.1,""전국_단위"":""1000 ha"",""전국_지표명"":""토지피복 면적(MODIS) — 관목지"",""지역명_로마자"":""Viet Nam"",""지역명_베트남어"":""Việt Nam"",""초본습지_면적_km"":null,""초지_면적_km"":null,""합계_km"":null,""행정단위"":""Country""}",,전국 · 토지피복 면적(MODIS) — 관목지 · [실적치] · FAOSTAT Land Cover · Area from MODIS (Flag=E),,,,B-037.xlsx,1.2_entity(레코드형),479,
B-037,"토지피복 분류별 면적[경작지, 산림, 초지, 건물, 수체, 나지]",entity,v124-b-037-entity-00477,B-037_landcover_national,VNM,,,,,,,,,토지피복 면적(MODIS) — 관목지,,,"{""2025_개편_후_소속_34개_체계"":""전국(개편 무관)"",""건물_인공지표_면적_km"":null,""경계_면적_km_GADM"":null,""경계_좌표_산출근거"":""전국 집계값 — 좌표·폴리곤 없음."",""경계_폴리곤_파일"":null,""경작지_면적_km"":null,""관목_면적_km"":null,""기후기술_연계_근거"":""간접 · 원천 자체 분류 — ESA WorldCover 가 토지피복 등급을 Tree cover·Cropland·Built-up 등으로 정의·배포하며, 수목 피복 면적은 탄소 흡수원의 물리적 기반, 경작지·건물 면적은 토지이용 변화의 기준이 됨. 주 기술 23(탄소 흡수원), 부 기술 35(산림·생태계 부문 기술) — 2026-08-28 발주처 지시에 따라 tech_id에 ';'로 연결해 복수 기입. [근거자료] ESA_WorldCover_10m_2021_v200_*_Map.tif (Discrete Classification, 등급 10~95) · FAOSTAT Land Cover(LC) Item=Artificial surfaces 등"",""나지_희박식생_면적_km"":null,""레코드_키"":""VNM_lc_shrub-covered_area_modis_2006"",""맹그로브_면적_km"":null,""수목_면적_km"":null,""연도"":2006,""영구수체_면적_km"":null,""전국_값"":11.37,""전국_단위"":""1000 ha"",""전국_지표명"":""토지피복 면적(MODIS) — 관목지"",""지역명_로마자"":""Viet Nam"",""지역명_베트남어"":""Việt Nam"",""초본습지_면적_km"":null,""초지_면적_km"":null,""합계_km"":null,""행정단위"":""Country""}",,전국 · 토지피복 면적(MODIS) — 관목지 · [실적치] · FAOSTAT Land Cover · Area from MODIS (Flag=E),,,,B-037.xlsx,1.2_entity(레코드형),480,
B-037,"토지피복 분류별 면적[경작지, 산림, 초지, 건물, 수체, 나지]",entity,v124-b-037-entity-00478,B-037_landcover_national,VNM,,,,,,,,,토지피복 면적(MODIS) — 관목지,,,"{""2025_개편_후_소속_34개_체계"":""전국(개편 무관)"",""건물_인공지표_면적_km"":null,""경계_면적_km_GADM"":null,""경계_좌표_산출근거"":""전국 집계값 — 좌표·폴리곤 없음."",""경계_폴리곤_파일"":null,""경작지_면적_km"":null,""관목_면적_km"":null,""기후기술_연계_근거"":""간접 · 원천 자체 분류 — ESA WorldCover 가 토지피복 등급을 Tree cover·Cropland·Built-up 등으로 정의·배포하며, 수목 피복 면적은 탄소 흡수원의 물리적 기반, 경작지·건물 면적은 토지이용 변화의 기준이 됨. 주 기술 23(탄소 흡수원), 부 기술 35(산림·생태계 부문 기술) — 2026-08-28 발주처 지시에 따라 tech_id에 ';'로 연결해 복수 기입. [근거자료] ESA_WorldCover_10m_2021_v200_*_Map.tif (Discrete Classification, 등급 10~95) · FAOSTAT Land Cover(LC) Item=Artificial surfaces 등"",""나지_희박식생_면적_km"":null,""레코드_키"":""VNM_lc_shrub-covered_area_modis_2007"",""맹그로브_면적_km"":null,""수목_면적_km"":null,""연도"":2007,""영구수체_면적_km"":null,""전국_값"":10.37,""전국_단위"":""1000 ha"",""전국_지표명"":""토지피복 면적(MODIS) — 관목지"",""지역명_로마자"":""Viet Nam"",""지역명_베트남어"":""Việt Nam"",""초본습지_면적_km"":null,""초지_면적_km"":null,""합계_km"":null,""행정단위"":""Country""}",,전국 · 토지피복 면적(MODIS) — 관목지 · [실적치] · FAOSTAT Land Cover · Area from MODIS (Flag=E),,,,B-037.xlsx,1.2_entity(레코드형),481,
B-037,"토지피복 분류별 면적[경작지, 산림, 초지, 건물, 수체, 나지]",entity,v124-b-037-entity-00479,B-037_landcover_national,VNM,,,,,,,,,토지피복 면적(MODIS) — 관목지,,,"{""2025_개편_후_소속_34개_체계"":""전국(개편 무관)"",""건물_인공지표_면적_km"":null,""경계_면적_km_GADM"":null,""경계_좌표_산출근거"":""전국 집계값 — 좌표·폴리곤 없음."",""경계_폴리곤_파일"":null,""경작지_면적_km"":null,""관목_면적_km"":null,""기후기술_연계_근거"":""간접 · 원천 자체 분류 — ESA WorldCover 가 토지피복 등급을 Tree cover·Cropland·Built-up 등으로 정의·배포하며, 수목 피복 면적은 탄소 흡수원의 물리적 기반, 경작지·건물 면적은 토지이용 변화의 기준이 됨. 주 기술 23(탄소 흡수원), 부 기술 35(산림·생태계 부문 기술) — 2026-08-28 발주처 지시에 따라 tech_id에 ';'로 연결해 복수 기입. [근거자료] ESA_WorldCover_10m_2021_v200_*_Map.tif (Discrete Classification, 등급 10~95) · FAOSTAT Land Cover(LC) Item=Artificial surfaces 등"",""나지_희박식생_면적_km"":null,""레코드_키"":""VNM_lc_shrub-covered_area_modis_2008"",""맹그로브_면적_km"":null,""수목_면적_km"":null,""연도"":2008,""영구수체_면적_km"":null,""전국_값"":10.19,""전국_단위"":""1000 ha"",""전국_지표명"":""토지피복 면적(MODIS) — 관목지"",""지역명_로마자"":""Viet Nam"",""지역명_베트남어"":""Việt Nam"",""초본습지_면적_km"":null,""초지_면적_km"":null,""합계_km"":null,""행정단위"":""Country""}",,전국 · 토지피복 면적(MODIS) — 관목지 · [실적치] · FAOSTAT Land Cover · Area from MODIS (Flag=E),,,,B-037.xlsx,1.2_entity(레코드형),482,
B-037,"토지피복 분류별 면적[경작지, 산림, 초지, 건물, 수체, 나지]",entity,v124-b-037-entity-00480,B-037_landcover_national,VNM,,,,,,,,,토지피복 면적(MODIS) — 관목지,,,"{""2025_개편_후_소속_34개_체계"":""전국(개편 무관)"",""건물_인공지표_면적_km"":null,""경계_면적_km_GADM"":null,""경계_좌표_산출근거"":""전국 집계값 — 좌표·폴리곤 없음."",""경계_폴리곤_파일"":null,""경작지_면적_km"":null,""관목_면적_km"":null,""기후기술_연계_근거"":""간접 · 원천 자체 분류 — ESA WorldCover 가 토지피복 등급을 Tree cover·Cropland·Built-up 등으로 정의·배포하며, 수목 피복 면적은 탄소 흡수원의 물리적 기반, 경작지·건물 면적은 토지이용 변화의 기준이 됨. 주 기술 23(탄소 흡수원), 부 기술 35(산림·생태계 부문 기술) — 2026-08-28 발주처 지시에 따라 tech_id에 ';'로 연결해 복수 기입. [근거자료] ESA_WorldCover_10m_2021_v200_*_Map.tif (Discrete Classification, 등급 10~95) · FAOSTAT Land Cover(LC) Item=Artificial surfaces 등"",""나지_희박식생_면적_km"":null,""레코드_키"":""VNM_lc_shrub-covered_area_modis_2009"",""맹그로브_면적_km"":null,""수목_면적_km"":null,""연도"":2009,""영구수체_면적_km"":null,""전국_값"":11.18,""전국_단위"":""1000 ha"",""전국_지표명"":""토지피복 면적(MODIS) — 관목지"",""지역명_로마자"":""Viet Nam"",""지역명_베트남어"":""Việt Nam"",""초본습지_면적_km"":null,""초지_면적_km"":null,""합계_km"":null,""행정단위"":""Country""}",,전국 · 토지피복 면적(MODIS) — 관목지 · [실적치] · FAOSTAT Land Cover · Area from MODIS (Flag=E),,,,B-037.xlsx,1.2_entity(레코드형),483,
B-037,"토지피복 분류별 면적[경작지, 산림, 초지, 건물, 수체, 나지]",entity,v124-b-037-entity-00481,B-037_landcover_national,VNM,,,,,,,,,토지피복 면적(MODIS) — 관목지,,,"{""2025_개편_후_소속_34개_체계"":""전국(개편 무관)"",""건물_인공지표_면적_km"":null,""경계_면적_km_GADM"":null,""경계_좌표_산출근거"":""전국 집계값 — 좌표·폴리곤 없음."",""경계_폴리곤_파일"":null,""경작지_면적_km"":null,""관목_면적_km"":null,""기후기술_연계_근거"":""간접 · 원천 자체 분류 — ESA WorldCover 가 토지피복 등급을 Tree cover·Cropland·Built-up 등으로 정의·배포하며, 수목 피복 면적은 탄소 흡수원의 물리적 기반, 경작지·건물 면적은 토지이용 변화의 기준이 됨. 주 기술 23(탄소 흡수원), 부 기술 35(산림·생태계 부문 기술) — 2026-08-28 발주처 지시에 따라 tech_id에 ';'로 연결해 복수 기입. [근거자료] ESA_WorldCover_10m_2021_v200_*_Map.tif (Discrete Classification, 등급 10~95) · FAOSTAT Land Cover(LC) Item=Artificial surfaces 등"",""나지_희박식생_면적_km"":null,""레코드_키"":""VNM_lc_shrub-covered_area_modis_2010"",""맹그로브_면적_km"":null,""수목_면적_km"":null,""연도"":2010,""영구수체_면적_km"":null,""전국_값"":11.11,""전국_단위"":""1000 ha"",""전국_지표명"":""토지피복 면적(MODIS) — 관목지"",""지역명_로마자"":""Viet Nam"",""지역명_베트남어"":""Việt Nam"",""초본습지_면적_km"":null,""초지_면적_km"":null,""합계_km"":null,""행정단위"":""Country""}",,전국 · 토지피복 면적(MODIS) — 관목지 · [실적치] · FAOSTAT Land Cover · Area from MODIS (Flag=E),,,,B-037.xlsx,1.2_entity(레코드형),484,
B-037,"토지피복 분류별 면적[경작지, 산림, 초지, 건물, 수체, 나지]",entity,v124-b-037-entity-00482,B-037_landcover_national,VNM,,,,,,,,,토지피복 면적(MODIS) — 관목지,,,"{""2025_개편_후_소속_34개_체계"":""전국(개편 무관)"",""건물_인공지표_면적_km"":null,""경계_면적_km_GADM"":null,""경계_좌표_산출근거"":""전국 집계값 — 좌표·폴리곤 없음."",""경계_폴리곤_파일"":null,""경작지_면적_km"":null,""관목_면적_km"":null,""기후기술_연계_근거"":""간접 · 원천 자체 분류 — ESA WorldCover 가 토지피복 등급을 Tree cover·Cropland·Built-up 등으로 정의·배포하며, 수목 피복 면적은 탄소 흡수원의 물리적 기반, 경작지·건물 면적은 토지이용 변화의 기준이 됨. 주 기술 23(탄소 흡수원), 부 기술 35(산림·생태계 부문 기술) — 2026-08-28 발주처 지시에 따라 tech_id에 ';'로 연결해 복수 기입. [근거자료] ESA_WorldCover_10m_2021_v200_*_Map.tif (Discrete Classification, 등급 10~95) · FAOSTAT Land Cover(LC) Item=Artificial surfaces 등"",""나지_희박식생_면적_km"":null,""레코드_키"":""VNM_lc_shrub-covered_area_modis_2011"",""맹그로브_면적_km"":null,""수목_면적_km"":null,""연도"":2011,""영구수체_면적_km"":null,""전국_값"":9.03,""전국_단위"":""1000 ha"",""전국_지표명"":""토지피복 면적(MODIS) — 관목지"",""지역명_로마자"":""Viet Nam"",""지역명_베트남어"":""Việt Nam"",""초본습지_면적_km"":null,""초지_면적_km"":null,""합계_km"":null,""행정단위"":""Country""}",,전국 · 토지피복 면적(MODIS) — 관목지 · [실적치] · FAOSTAT Land Cover · Area from MODIS (Flag=E),,,,B-037.xlsx,1.2_entity(레코드형),485,
B-037,"토지피복 분류별 면적[경작지, 산림, 초지, 건물, 수체, 나지]",entity,v124-b-037-entity-00483,B-037_landcover_national,VNM,,,,,,,,,토지피복 면적(MODIS) — 관목지,,,"{""2025_개편_후_소속_34개_체계"":""전국(개편 무관)"",""건물_인공지표_면적_km"":null,""경계_면적_km_GADM"":null,""경계_좌표_산출근거"":""전국 집계값 — 좌표·폴리곤 없음."",""경계_폴리곤_파일"":null,""경작지_면적_km"":null,""관목_면적_km"":null,""기후기술_연계_근거"":""간접 · 원천 자체 분류 — ESA WorldCover 가 토지피복 등급을 Tree cover·Cropland·Built-up 등으로 정의·배포하며, 수목 피복 면적은 탄소 흡수원의 물리적 기반, 경작지·건물 면적은 토지이용 변화의 기준이 됨. 주 기술 23(탄소 흡수원), 부 기술 35(산림·생태계 부문 기술) — 2026-08-28 발주처 지시에 따라 tech_id에 ';'로 연결해 복수 기입. [근거자료] ESA_WorldCover_10m_2021_v200_*_Map.tif (Discrete Classification, 등급 10~95) · FAOSTAT Land Cover(LC) Item=Artificial surfaces 등"",""나지_희박식생_면적_km"":null,""레코드_키"":""VNM_lc_shrub-covered_area_modis_2012"",""맹그로브_면적_km"":null,""수목_면적_km"":null,""연도"":2012,""영구수체_면적_km"":null,""전국_값"":6.9,""전국_단위"":""1000 ha"",""전국_지표명"":""토지피복 면적(MODIS) — 관목지"",""지역명_로마자"":""Viet Nam"",""지역명_베트남어"":""Việt Nam"",""초본습지_면적_km"":null,""초지_면적_km"":null,""합계_km"":null,""행정단위"":""Country""}",,전국 · 토지피복 면적(MODIS) — 관목지 · [실적치] · FAOSTAT Land Cover · Area from MODIS (Flag=E),,,,B-037.xlsx,1.2_entity(레코드형),486,
B-037,"토지피복 분류별 면적[경작지, 산림, 초지, 건물, 수체, 나지]",entity,v124-b-037-entity-00484,B-037_landcover_national,VNM,,,,,,,,,토지피복 면적(MODIS) — 관목지,,,"{""2025_개편_후_소속_34개_체계"":""전국(개편 무관)"",""건물_인공지표_면적_km"":null,""경계_면적_km_GADM"":null,""경계_좌표_산출근거"":""전국 집계값 — 좌표·폴리곤 없음."",""경계_폴리곤_파일"":null,""경작지_면적_km"":null,""관목_면적_km"":null,""기후기술_연계_근거"":""간접 · 원천 자체 분류 — ESA WorldCover 가 토지피복 등급을 Tree cover·Cropland·Built-up 등으로 정의·배포하며, 수목 피복 면적은 탄소 흡수원의 물리적 기반, 경작지·건물 면적은 토지이용 변화의 기준이 됨. 주 기술 23(탄소 흡수원), 부 기술 35(산림·생태계 부문 기술) — 2026-08-28 발주처 지시에 따라 tech_id에 ';'로 연결해 복수 기입. [근거자료] ESA_WorldCover_10m_2021_v200_*_Map.tif (Discrete Classification, 등급 10~95) · FAOSTAT Land Cover(LC) Item=Artificial surfaces 등"",""나지_희박식생_면적_km"":null,""레코드_키"":""VNM_lc_shrub-covered_area_modis_2013"",""맹그로브_면적_km"":null,""수목_면적_km"":null,""연도"":2013,""영구수체_면적_km"":null,""전국_값"":7.41,""전국_단위"":""1000 ha"",""전국_지표명"":""토지피복 면적(MODIS) — 관목지"",""지역명_로마자"":""Viet Nam"",""지역명_베트남어"":""Việt Nam"",""초본습지_면적_km"":null,""초지_면적_km"":null,""합계_km"":null,""행정단위"":""Country""}",,전국 · 토지피복 면적(MODIS) — 관목지 · [실적치] · FAOSTAT Land Cover · Area from MODIS (Flag=E),,,,B-037.xlsx,1.2_entity(레코드형),487,
B-037,"토지피복 분류별 면적[경작지, 산림, 초지, 건물, 수체, 나지]",entity,v124-b-037-entity-00485,B-037_landcover_national,VNM,,,,,,,,,토지피복 면적(MODIS) — 관목지,,,"{""2025_개편_후_소속_34개_체계"":""전국(개편 무관)"",""건물_인공지표_면적_km"":null,""경계_면적_km_GADM"":null,""경계_좌표_산출근거"":""전국 집계값 — 좌표·폴리곤 없음."",""경계_폴리곤_파일"":null,""경작지_면적_km"":null,""관목_면적_km"":null,""기후기술_연계_근거"":""간접 · 원천 자체 분류 — ESA WorldCover 가 토지피복 등급을 Tree cover·Cropland·Built-up 등으로 정의·배포하며, 수목 피복 면적은 탄소 흡수원의 물리적 기반, 경작지·건물 면적은 토지이용 변화의 기준이 됨. 주 기술 23(탄소 흡수원), 부 기술 35(산림·생태계 부문 기술) — 2026-08-28 발주처 지시에 따라 tech_id에 ';'로 연결해 복수 기입. [근거자료] ESA_WorldCover_10m_2021_v200_*_Map.tif (Discrete Classification, 등급 10~95) · FAOSTAT Land Cover(LC) Item=Artificial surfaces 등"",""나지_희박식생_면적_km"":null,""레코드_키"":""VNM_lc_shrub-covered_area_modis_2014"",""맹그로브_면적_km"":null,""수목_면적_km"":null,""연도"":2014,""영구수체_면적_km"":null,""전국_값"":9.19,""전국_단위"":""1000 ha"",""전국_지표명"":""토지피복 면적(MODIS) — 관목지"",""지역명_로마자"":""Viet Nam"",""지역명_베트남어"":""Việt Nam"",""초본습지_면적_km"":null,""초지_면적_km"":null,""합계_km"":null,""행정단위"":""Country""}",,전국 · 토지피복 면적(MODIS) — 관목지 · [실적치] · FAOSTAT Land Cover · Area from MODIS (Flag=E),,,,B-037.xlsx,1.2_entity(레코드형),488,
B-037,"토지피복 분류별 면적[경작지, 산림, 초지, 건물, 수체, 나지]",entity,v124-b-037-entity-00486,B-037_landcover_national,VNM,,,,,,,,,토지피복 면적(MODIS) — 관목지,,,"{""2025_개편_후_소속_34개_체계"":""전국(개편 무관)"",""건물_인공지표_면적_km"":null,""경계_면적_km_GADM"":null,""경계_좌표_산출근거"":""전국 집계값 — 좌표·폴리곤 없음."",""경계_폴리곤_파일"":null,""경작지_면적_km"":null,""관목_면적_km"":null,""기후기술_연계_근거"":""간접 · 원천 자체 분류 — ESA WorldCover 가 토지피복 등급을 Tree cover·Cropland·Built-up 등으로 정의·배포하며, 수목 피복 면적은 탄소 흡수원의 물리적 기반, 경작지·건물 면적은 토지이용 변화의 기준이 됨. 주 기술 23(탄소 흡수원), 부 기술 35(산림·생태계 부문 기술) — 2026-08-28 발주처 지시에 따라 tech_id에 ';'로 연결해 복수 기입. [근거자료] ESA_WorldCover_10m_2021_v200_*_Map.tif (Discrete Classification, 등급 10~95) · FAOSTAT Land Cover(LC) Item=Artificial surfaces 등"",""나지_희박식생_면적_km"":null,""레코드_키"":""VNM_lc_shrub-covered_area_modis_2015"",""맹그로브_면적_km"":null,""수목_면적_km"":null,""연도"":2015,""영구수체_면적_km"":null,""전국_값"":10.93,""전국_단위"":""1000 ha"",""전국_지표명"":""토지피복 면적(MODIS) — 관목지"",""지역명_로마자"":""Viet Nam"",""지역명_베트남어"":""Việt Nam"",""초본습지_면적_km"":null,""초지_면적_km"":null,""합계_km"":null,""행정단위"":""Country""}",,전국 · 토지피복 면적(MODIS) — 관목지 · [실적치] · FAOSTAT Land Cover · Area from MODIS (Flag=E),,,,B-037.xlsx,1.2_entity(레코드형),489,
B-037,"토지피복 분류별 면적[경작지, 산림, 초지, 건물, 수체, 나지]",entity,v124-b-037-entity-00487,B-037_landcover_national,VNM,,,,,,,,,토지피복 면적(MODIS) — 관목지,,,"{""2025_개편_후_소속_34개_체계"":""전국(개편 무관)"",""건물_인공지표_면적_km"":null,""경계_면적_km_GADM"":null,""경계_좌표_산출근거"":""전국 집계값 — 좌표·폴리곤 없음."",""경계_폴리곤_파일"":null,""경작지_면적_km"":null,""관목_면적_km"":null,""기후기술_연계_근거"":""간접 · 원천 자체 분류 — ESA WorldCover 가 토지피복 등급을 Tree cover·Cropland·Built-up 등으로 정의·배포하며, 수목 피복 면적은 탄소 흡수원의 물리적 기반, 경작지·건물 면적은 토지이용 변화의 기준이 됨. 주 기술 23(탄소 흡수원), 부 기술 35(산림·생태계 부문 기술) — 2026-08-28 발주처 지시에 따라 tech_id에 ';'로 연결해 복수 기입. [근거자료] ESA_WorldCover_10m_2021_v200_*_Map.tif (Discrete Classification, 등급 10~95) · FAOSTAT Land Cover(LC) Item=Artificial surfaces 등"",""나지_희박식생_면적_km"":null,""레코드_키"":""VNM_lc_shrub-covered_area_modis_2016"",""맹그로브_면적_km"":null,""수목_면적_km"":null,""연도"":2016,""영구수체_면적_km"":null,""전국_값"":10.69,""전국_단위"":""1000 ha"",""전국_지표명"":""토지피복 면적(MODIS) — 관목지"",""지역명_로마자"":""Viet Nam"",""지역명_베트남어"":""Việt Nam"",""초본습지_면적_km"":null,""초지_면적_km"":null,""합계_km"":null,""행정단위"":""Country""}",,전국 · 토지피복 면적(MODIS) — 관목지 · [실적치] · FAOSTAT Land Cover · Area from MODIS (Flag=E),,,,B-037.xlsx,1.2_entity(레코드형),490,
B-037,"토지피복 분류별 면적[경작지, 산림, 초지, 건물, 수체, 나지]",entity,v124-b-037-entity-00488,B-037_landcover_national,VNM,,,,,,,,,토지피복 면적(MODIS) — 관목지,,,"{""2025_개편_후_소속_34개_체계"":""전국(개편 무관)"",""건물_인공지표_면적_km"":null,""경계_면적_km_GADM"":null,""경계_좌표_산출근거"":""전국 집계값 — 좌표·폴리곤 없음."",""경계_폴리곤_파일"":null,""경작지_면적_km"":null,""관목_면적_km"":null,""기후기술_연계_근거"":""간접 · 원천 자체 분류 — ESA WorldCover 가 토지피복 등급을 Tree cover·Cropland·Built-up 등으로 정의·배포하며, 수목 피복 면적은 탄소 흡수원의 물리적 기반, 경작지·건물 면적은 토지이용 변화의 기준이 됨. 주 기술 23(탄소 흡수원), 부 기술 35(산림·생태계 부문 기술) — 2026-08-28 발주처 지시에 따라 tech_id에 ';'로 연결해 복수 기입. [근거자료] ESA_WorldCover_10m_2021_v200_*_Map.tif (Discrete Classification, 등급 10~95) · FAOSTAT Land Cover(LC) Item=Artificial surfaces 등"",""나지_희박식생_면적_km"":null,""레코드_키"":""VNM_lc_shrub-covered_area_modis_2017"",""맹그로브_면적_km"":null,""수목_면적_km"":null,""연도"":2017,""영구수체_면적_km"":null,""전국_값"":9.25,""전국_단위"":""1000 ha"",""전국_지표명"":""토지피복 면적(MODIS) — 관목지"",""지역명_로마자"":""Viet Nam"",""지역명_베트남어"":""Việt Nam"",""초본습지_면적_km"":null,""초지_면적_km"":null,""합계_km"":null,""행정단위"":""Country""}",,전국 · 토지피복 면적(MODIS) — 관목지 · [실적치] · FAOSTAT Land Cover · Area from MODIS (Flag=E),,,,B-037.xlsx,1.2_entity(레코드형),491,
B-037,"토지피복 분류별 면적[경작지, 산림, 초지, 건물, 수체, 나지]",entity,v124-b-037-entity-00489,B-037_landcover_national,VNM,,,,,,,,,토지피복 면적(MODIS) — 관목지,,,"{""2025_개편_후_소속_34개_체계"":""전국(개편 무관)"",""건물_인공지표_면적_km"":null,""경계_면적_km_GADM"":null,""경계_좌표_산출근거"":""전국 집계값 — 좌표·폴리곤 없음."",""경계_폴리곤_파일"":null,""경작지_면적_km"":null,""관목_면적_km"":null,""기후기술_연계_근거"":""간접 · 원천 자체 분류 — ESA WorldCover 가 토지피복 등급을 Tree cover·Cropland·Built-up 등으로 정의·배포하며, 수목 피복 면적은 탄소 흡수원의 물리적 기반, 경작지·건물 면적은 토지이용 변화의 기준이 됨. 주 기술 23(탄소 흡수원), 부 기술 35(산림·생태계 부문 기술) — 2026-08-28 발주처 지시에 따라 tech_id에 ';'로 연결해 복수 기입. [근거자료] ESA_WorldCover_10m_2021_v200_*_Map.tif (Discrete Classification, 등급 10~95) · FAOSTAT Land Cover(LC) Item=Artificial surfaces 등"",""나지_희박식생_면적_km"":null,""레코드_키"":""VNM_lc_shrub-covered_area_modis_2018"",""맹그로브_면적_km"":null,""수목_면적_km"":null,""연도"":2018,""영구수체_면적_km"":null,""전국_값"":9.04,""전국_단위"":""1000 ha"",""전국_지표명"":""토지피복 면적(MODIS) — 관목지"",""지역명_로마자"":""Viet Nam"",""지역명_베트남어"":""Việt Nam"",""초본습지_면적_km"":null,""초지_면적_km"":null,""합계_km"":null,""행정단위"":""Country""}",,전국 · 토지피복 면적(MODIS) — 관목지 · [실적치] · FAOSTAT Land Cover · Area from MODIS (Flag=E),,,,B-037.xlsx,1.2_entity(레코드형),492,
B-037,"토지피복 분류별 면적[경작지, 산림, 초지, 건물, 수체, 나지]",entity,v124-b-037-entity-00490,B-037_landcover_national,VNM,,,,,,,,,토지피복 면적(MODIS) — 관목지,,,"{""2025_개편_후_소속_34개_체계"":""전국(개편 무관)"",""건물_인공지표_면적_km"":null,""경계_면적_km_GADM"":null,""경계_좌표_산출근거"":""전국 집계값 — 좌표·폴리곤 없음."",""경계_폴리곤_파일"":null,""경작지_면적_km"":null,""관목_면적_km"":null,""기후기술_연계_근거"":""간접 · 원천 자체 분류 — ESA WorldCover 가 토지피복 등급을 Tree cover·Cropland·Built-up 등으로 정의·배포하며, 수목 피복 면적은 탄소 흡수원의 물리적 기반, 경작지·건물 면적은 토지이용 변화의 기준이 됨. 주 기술 23(탄소 흡수원), 부 기술 35(산림·생태계 부문 기술) — 2026-08-28 발주처 지시에 따라 tech_id에 ';'로 연결해 복수 기입. [근거자료] ESA_WorldCover_10m_2021_v200_*_Map.tif (Discrete Classification, 등급 10~95) · FAOSTAT Land Cover(LC) Item=Artificial surfaces 등"",""나지_희박식생_면적_km"":null,""레코드_키"":""VNM_lc_shrub-covered_area_modis_2019"",""맹그로브_면적_km"":null,""수목_면적_km"":null,""연도"":2019,""영구수체_면적_km"":null,""전국_값"":10.35,""전국_단위"":""1000 ha"",""전국_지표명"":""토지피복 면적(MODIS) — 관목지"",""지역명_로마자"":""Viet Nam"",""지역명_베트남어"":""Việt Nam"",""초본습지_면적_km"":null,""초지_면적_km"":null,""합계_km"":null,""행정단위"":""Country""}",,전국 · 토지피복 면적(MODIS) — 관목지 · [실적치] · FAOSTAT Land Cover · Area from MODIS (Flag=E),,,,B-037.xlsx,1.2_entity(레코드형),493,
B-037,"토지피복 분류별 면적[경작지, 산림, 초지, 건물, 수체, 나지]",entity,v124-b-037-entity-00491,B-037_landcover_national,VNM,,,,,,,,,토지피복 면적(MODIS) — 관목지,,,"{""2025_개편_후_소속_34개_체계"":""전국(개편 무관)"",""건물_인공지표_면적_km"":null,""경계_면적_km_GADM"":null,""경계_좌표_산출근거"":""전국 집계값 — 좌표·폴리곤 없음."",""경계_폴리곤_파일"":null,""경작지_면적_km"":null,""관목_면적_km"":null,""기후기술_연계_근거"":""간접 · 원천 자체 분류 — ESA WorldCover 가 토지피복 등급을 Tree cover·Cropland·Built-up 등으로 정의·배포하며, 수목 피복 면적은 탄소 흡수원의 물리적 기반, 경작지·건물 면적은 토지이용 변화의 기준이 됨. 주 기술 23(탄소 흡수원), 부 기술 35(산림·생태계 부문 기술) — 2026-08-28 발주처 지시에 따라 tech_id에 ';'로 연결해 복수 기입. [근거자료] ESA_WorldCover_10m_2021_v200_*_Map.tif (Discrete Classification, 등급 10~95) · FAOSTAT Land Cover(LC) Item=Artificial surfaces 등"",""나지_희박식생_면적_km"":null,""레코드_키"":""VNM_lc_shrub-covered_area_modis_2020"",""맹그로브_면적_km"":null,""수목_면적_km"":null,""연도"":2020,""영구수체_면적_km"":null,""전국_값"":12,""전국_단위"":""1000 ha"",""전국_지표명"":""토지피복 면적(MODIS) — 관목지"",""지역명_로마자"":""Viet Nam"",""지역명_베트남어"":""Việt Nam"",""초본습지_면적_km"":null,""초지_면적_km"":null,""합계_km"":null,""행정단위"":""Country""}",,전국 · 토지피복 면적(MODIS) — 관목지 · [실적치] · FAOSTAT Land Cover · Area from MODIS (Flag=E),,,,B-037.xlsx,1.2_entity(레코드형),494,
B-037,"토지피복 분류별 면적[경작지, 산림, 초지, 건물, 수체, 나지]",entity,v124-b-037-entity-00492,B-037_landcover_national,VNM,,,,,,,,,토지피복 면적(MODIS) — 관목지,,,"{""2025_개편_후_소속_34개_체계"":""전국(개편 무관)"",""건물_인공지표_면적_km"":null,""경계_면적_km_GADM"":null,""경계_좌표_산출근거"":""전국 집계값 — 좌표·폴리곤 없음."",""경계_폴리곤_파일"":null,""경작지_면적_km"":null,""관목_면적_km"":null,""기후기술_연계_근거"":""간접 · 원천 자체 분류 — ESA WorldCover 가 토지피복 등급을 Tree cover·Cropland·Built-up 등으로 정의·배포하며, 수목 피복 면적은 탄소 흡수원의 물리적 기반, 경작지·건물 면적은 토지이용 변화의 기준이 됨. 주 기술 23(탄소 흡수원), 부 기술 35(산림·생태계 부문 기술) — 2026-08-28 발주처 지시에 따라 tech_id에 ';'로 연결해 복수 기입. [근거자료] ESA_WorldCover_10m_2021_v200_*_Map.tif (Discrete Classification, 등급 10~95) · FAOSTAT Land Cover(LC) Item=Artificial surfaces 등"",""나지_희박식생_면적_km"":null,""레코드_키"":""VNM_lc_shrub-covered_area_modis_2021"",""맹그로브_면적_km"":null,""수목_면적_km"":null,""연도"":2021,""영구수체_면적_km"":null,""전국_값"":11.85,""전국_단위"":""1000 ha"",""전국_지표명"":""토지피복 면적(MODIS) — 관목지"",""지역명_로마자"":""Viet Nam"",""지역명_베트남어"":""Việt Nam"",""초본습지_면적_km"":null,""초지_면적_km"":null,""합계_km"":null,""행정단위"":""Country""}",,전국 · 토지피복 면적(MODIS) — 관목지 · [실적치] · FAOSTAT Land Cover · Area from MODIS (Flag=E),,,,B-037.xlsx,1.2_entity(레코드형),495,
B-037,"토지피복 분류별 면적[경작지, 산림, 초지, 건물, 수체, 나지]",entity,v124-b-037-entity-00493,B-037_landcover_national,VNM,,,,,,,,,토지피복 면적(MODIS) — 관목지,,,"{""2025_개편_후_소속_34개_체계"":""전국(개편 무관)"",""건물_인공지표_면적_km"":null,""경계_면적_km_GADM"":null,""경계_좌표_산출근거"":""전국 집계값 — 좌표·폴리곤 없음."",""경계_폴리곤_파일"":null,""경작지_면적_km"":null,""관목_면적_km"":null,""기후기술_연계_근거"":""간접 · 원천 자체 분류 — ESA WorldCover 가 토지피복 등급을 Tree cover·Cropland·Built-up 등으로 정의·배포하며, 수목 피복 면적은 탄소 흡수원의 물리적 기반, 경작지·건물 면적은 토지이용 변화의 기준이 됨. 주 기술 23(탄소 흡수원), 부 기술 35(산림·생태계 부문 기술) — 2026-08-28 발주처 지시에 따라 tech_id에 ';'로 연결해 복수 기입. [근거자료] ESA_WorldCover_10m_2021_v200_*_Map.tif (Discrete Classification, 등급 10~95) · FAOSTAT Land Cover(LC) Item=Artificial surfaces 등"",""나지_희박식생_면적_km"":null,""레코드_키"":""VNM_lc_shrub-covered_area_modis_2022"",""맹그로브_면적_km"":null,""수목_면적_km"":null,""연도"":2022,""영구수체_면적_km"":null,""전국_값"":10.06,""전국_단위"":""1000 ha"",""전국_지표명"":""토지피복 면적(MODIS) — 관목지"",""지역명_로마자"":""Viet Nam"",""지역명_베트남어"":""Việt Nam"",""초본습지_면적_km"":null,""초지_면적_km"":null,""합계_km"":null,""행정단위"":""Country""}",,전국 · 토지피복 면적(MODIS) — 관목지 · [실적치] · FAOSTAT Land Cover · Area from MODIS (Flag=E),,,,B-037.xlsx,1.2_entity(레코드형),496,
B-037,"토지피복 분류별 면적[경작지, 산림, 초지, 건물, 수체, 나지]",entity,v124-b-037-entity-00494,B-037_landcover_national,VNM,,,,,,,,,토지피복 면적(MODIS) — 관목지,,,"{""2025_개편_후_소속_34개_체계"":""전국(개편 무관)"",""건물_인공지표_면적_km"":null,""경계_면적_km_GADM"":null,""경계_좌표_산출근거"":""전국 집계값 — 좌표·폴리곤 없음."",""경계_폴리곤_파일"":null,""경작지_면적_km"":null,""관목_면적_km"":null,""기후기술_연계_근거"":""간접 · 원천 자체 분류 — ESA WorldCover 가 토지피복 등급을 Tree cover·Cropland·Built-up 등으로 정의·배포하며, 수목 피복 면적은 탄소 흡수원의 물리적 기반, 경작지·건물 면적은 토지이용 변화의 기준이 됨. 주 기술 23(탄소 흡수원), 부 기술 35(산림·생태계 부문 기술) — 2026-08-28 발주처 지시에 따라 tech_id에 ';'로 연결해 복수 기입. [근거자료] ESA_WorldCover_10m_2021_v200_*_Map.tif (Discrete Classification, 등급 10~95) · FAOSTAT Land Cover(LC) Item=Artificial surfaces 등"",""나지_희박식생_면적_km"":null,""레코드_키"":""VNM_lc_shrub-covered_area_modis_2023"",""맹그로브_면적_km"":null,""수목_면적_km"":null,""연도"":2023,""영구수체_면적_km"":null,""전국_값"":8.98,""전국_단위"":""1000 ha"",""전국_지표명"":""토지피복 면적(MODIS) — 관목지"",""지역명_로마자"":""Viet Nam"",""지역명_베트남어"":""Việt Nam"",""초본습지_면적_km"":null,""초지_면적_km"":null,""합계_km"":null,""행정단위"":""Country""}",,전국 · 토지피복 면적(MODIS) — 관목지 · [실적치] · FAOSTAT Land Cover · Area from MODIS (Flag=E),,,,B-037.xlsx,1.2_entity(레코드형),497,
B-037,"토지피복 분류별 면적[경작지, 산림, 초지, 건물, 수체, 나지]",entity,v124-b-037-entity-00495,B-037_landcover_national,VNM,,,,,,,,,토지피복 면적(MODIS) — 관목지,,,"{""2025_개편_후_소속_34개_체계"":""전국(개편 무관)"",""건물_인공지표_면적_km"":null,""경계_면적_km_GADM"":null,""경계_좌표_산출근거"":""전국 집계값 — 좌표·폴리곤 없음."",""경계_폴리곤_파일"":null,""경작지_면적_km"":null,""관목_면적_km"":null,""기후기술_연계_근거"":""간접 · 원천 자체 분류 — ESA WorldCover 가 토지피복 등급을 Tree cover·Cropland·Built-up 등으로 정의·배포하며, 수목 피복 면적은 탄소 흡수원의 물리적 기반, 경작지·건물 면적은 토지이용 변화의 기준이 됨. 주 기술 23(탄소 흡수원), 부 기술 35(산림·생태계 부문 기술) — 2026-08-28 발주처 지시에 따라 tech_id에 ';'로 연결해 복수 기입. [근거자료] ESA_WorldCover_10m_2021_v200_*_Map.tif (Discrete Classification, 등급 10~95) · FAOSTAT Land Cover(LC) Item=Artificial surfaces 등"",""나지_희박식생_면적_km"":null,""레코드_키"":""VNM_lc_shrub-covered_area_modis_2024"",""맹그로브_면적_km"":null,""수목_면적_km"":null,""연도"":2024,""영구수체_면적_km"":null,""전국_값"":7.68,""전국_단위"":""1000 ha"",""전국_지표명"":""토지피복 면적(MODIS) — 관목지"",""지역명_로마자"":""Viet Nam"",""지역명_베트남어"":""Việt Nam"",""초본습지_면적_km"":null,""초지_면적_km"":null,""합계_km"":null,""행정단위"":""Country""}",,전국 · 토지피복 면적(MODIS) — 관목지 · [실적치] · FAOSTAT Land Cover · Area from MODIS (Flag=E),,,,B-037.xlsx,1.2_entity(레코드형),498,
B-037,"토지피복 분류별 면적[경작지, 산림, 초지, 건물, 수체, 나지]",entity,v124-b-037-entity-00496,B-037_landcover_national,VNM,,,,,,,,,토지피복 면적(WorldCover) — 관목지,,,"{""2025_개편_후_소속_34개_체계"":""전국(개편 무관)"",""건물_인공지표_면적_km"":null,""경계_면적_km_GADM"":null,""경계_좌표_산출근거"":""전국 집계값 — 좌표·폴리곤 없음."",""경계_폴리곤_파일"":null,""경작지_면적_km"":null,""관목_면적_km"":null,""기후기술_연계_근거"":""간접 · 원천 자체 분류 — ESA WorldCover 가 토지피복 등급을 Tree cover·Cropland·Built-up 등으로 정의·배포하며, 수목 피복 면적은 탄소 흡수원의 물리적 기반, 경작지·건물 면적은 토지이용 변화의 기준이 됨. 주 기술 23(탄소 흡수원), 부 기술 35(산림·생태계 부문 기술) — 2026-08-28 발주처 지시에 따라 tech_id에 ';'로 연결해 복수 기입. [근거자료] ESA_WorldCover_10m_2021_v200_*_Map.tif (Discrete Classification, 등급 10~95) · FAOSTAT Land Cover(LC) Item=Artificial surfaces 등"",""나지_희박식생_면적_km"":null,""레코드_키"":""VNM_lc_shrub-covered_area_wc_2020"",""맹그로브_면적_km"":null,""수목_면적_km"":null,""연도"":2020,""영구수체_면적_km"":null,""전국_값"":103,""전국_단위"":""1000 ha"",""전국_지표명"":""토지피복 면적(WorldCover) — 관목지"",""지역명_로마자"":""Viet Nam"",""지역명_베트남어"":""Việt Nam"",""초본습지_면적_km"":null,""초지_면적_km"":null,""합계_km"":null,""행정단위"":""Country""}",,전국 · 토지피복 면적(WorldCover) — 관목지 · [실적치] · FAOSTAT Land Cover · Area from WorldCover (Flag=E),,,,B-037.xlsx,1.2_entity(레코드형),499,
B-037,"토지피복 분류별 면적[경작지, 산림, 초지, 건물, 수체, 나지]",entity,v124-b-037-entity-00497,B-037_landcover_national,VNM,,,,,,,,,토지피복 면적(WorldCover) — 관목지,,,"{""2025_개편_후_소속_34개_체계"":""전국(개편 무관)"",""건물_인공지표_면적_km"":null,""경계_면적_km_GADM"":null,""경계_좌표_산출근거"":""전국 집계값 — 좌표·폴리곤 없음."",""경계_폴리곤_파일"":null,""경작지_면적_km"":null,""관목_면적_km"":null,""기후기술_연계_근거"":""간접 · 원천 자체 분류 — ESA WorldCover 가 토지피복 등급을 Tree cover·Cropland·Built-up 등으로 정의·배포하며, 수목 피복 면적은 탄소 흡수원의 물리적 기반, 경작지·건물 면적은 토지이용 변화의 기준이 됨. 주 기술 23(탄소 흡수원), 부 기술 35(산림·생태계 부문 기술) — 2026-08-28 발주처 지시에 따라 tech_id에 ';'로 연결해 복수 기입. [근거자료] ESA_WorldCover_10m_2021_v200_*_Map.tif (Discrete Classification, 등급 10~95) · FAOSTAT Land Cover(LC) Item=Artificial surfaces 등"",""나지_희박식생_면적_km"":null,""레코드_키"":""VNM_lc_shrub-covered_area_wc_2021"",""맹그로브_면적_km"":null,""수목_면적_km"":null,""연도"":2021,""영구수체_면적_km"":null,""전국_값"":12.48,""전국_단위"":""1000 ha"",""전국_지표명"":""토지피복 면적(WorldCover) — 관목지"",""지역명_로마자"":""Viet Nam"",""지역명_베트남어"":""Việt Nam"",""초본습지_면적_km"":null,""초지_면적_km"":null,""합계_km"":null,""행정단위"":""Country""}",,전국 · 토지피복 면적(WorldCover) — 관목지 · [실적치] · FAOSTAT Land Cover · Area from WorldCover (Flag=E),,,,B-037.xlsx,1.2_entity(레코드형),500,
B-037,"토지피복 분류별 면적[경작지, 산림, 초지, 건물, 수체, 나지]",entity,v124-b-037-entity-00498,B-037_landcover_national,VNM,,,,,,,,,토지피복 면적 — 습지 또는 정기 침수 관목/초본 식생,,,"{""2025_개편_후_소속_34개_체계"":""전국(개편 무관)"",""건물_인공지표_면적_km"":null,""경계_면적_km_GADM"":null,""경계_좌표_산출근거"":""전국 집계값 — 좌표·폴리곤 없음."",""경계_폴리곤_파일"":null,""경작지_면적_km"":null,""관목_면적_km"":null,""기후기술_연계_근거"":""간접 · 원천 자체 분류 — ESA WorldCover 가 토지피복 등급을 Tree cover·Cropland·Built-up 등으로 정의·배포하며, 수목 피복 면적은 탄소 흡수원의 물리적 기반, 경작지·건물 면적은 토지이용 변화의 기준이 됨. 주 기술 23(탄소 흡수원), 부 기술 35(산림·생태계 부문 기술) — 2026-08-28 발주처 지시에 따라 tech_id에 ';'로 연결해 복수 기입. [근거자료] ESA_WorldCover_10m_2021_v200_*_Map.tif (Discrete Classification, 등급 10~95) · FAOSTAT Land Cover(LC) Item=Artificial surfaces 등"",""나지_희박식생_면적_km"":null,""레코드_키"":""VNM_lc_shrubs_and/or_herb_1992"",""맹그로브_면적_km"":null,""수목_면적_km"":null,""연도"":1992,""영구수체_면적_km"":null,""전국_값"":56.98,""전국_단위"":""1000 ha"",""전국_지표명"":""토지피복 면적 — 습지 또는 정기 침수 관목/초본 식생"",""지역명_로마자"":""Viet Nam"",""지역명_베트남어"":""Việt Nam"",""초본습지_면적_km"":null,""초지_면적_km"":null,""합계_km"":null,""행정단위"":""Country""}",,전국 · 토지피복 면적 — 습지 또는 정기 침수 관목/초본 식생 · [실적치] · FAOSTAT Land Cover · Area from CCI_LC (Flag=E),,,,B-037.xlsx,1.2_entity(레코드형),501,
B-037,"토지피복 분류별 면적[경작지, 산림, 초지, 건물, 수체, 나지]",entity,v124-b-037-entity-00499,B-037_landcover_national,VNM,,,,,,,,,토지피복 면적 — 습지 또는 정기 침수 관목/초본 식생,,,"{""2025_개편_후_소속_34개_체계"":""전국(개편 무관)"",""건물_인공지표_면적_km"":null,""경계_면적_km_GADM"":null,""경계_좌표_산출근거"":""전국 집계값 — 좌표·폴리곤 없음."",""경계_폴리곤_파일"":null,""경작지_면적_km"":null,""관목_면적_km"":null,""기후기술_연계_근거"":""간접 · 원천 자체 분류 — ESA WorldCover 가 토지피복 등급을 Tree cover·Cropland·Built-up 등으로 정의·배포하며, 수목 피복 면적은 탄소 흡수원의 물리적 기반, 경작지·건물 면적은 토지이용 변화의 기준이 됨. 주 기술 23(탄소 흡수원), 부 기술 35(산림·생태계 부문 기술) — 2026-08-28 발주처 지시에 따라 tech_id에 ';'로 연결해 복수 기입. [근거자료] ESA_WorldCover_10m_2021_v200_*_Map.tif (Discrete Classification, 등급 10~95) · FAOSTAT Land Cover(LC) Item=Artificial surfaces 등"",""나지_희박식생_면적_km"":null,""레코드_키"":""VNM_lc_shrubs_and/or_herb_1993"",""맹그로브_면적_km"":null,""수목_면적_km"":null,""연도"":1993,""영구수체_면적_km"":null,""전국_값"":56.98,""전국_단위"":""1000 ha"",""전국_지표명"":""토지피복 면적 — 습지 또는 정기 침수 관목/초본 식생"",""지역명_로마자"":""Viet Nam"",""지역명_베트남어"":""Việt Nam"",""초본습지_면적_km"":null,""초지_면적_km"":null,""합계_km"":null,""행정단위"":""Country""}",,전국 · 토지피복 면적 — 습지 또는 정기 침수 관목/초본 식생 · [실적치] · FAOSTAT Land Cover · Area from CCI_LC (Flag=E),,,,B-037.xlsx,1.2_entity(레코드형),502,
B-037,"토지피복 분류별 면적[경작지, 산림, 초지, 건물, 수체, 나지]",entity,v124-b-037-entity-00500,B-037_landcover_national,VNM,,,,,,,,,토지피복 면적 — 습지 또는 정기 침수 관목/초본 식생,,,"{""2025_개편_후_소속_34개_체계"":""전국(개편 무관)"",""건물_인공지표_면적_km"":null,""경계_면적_km_GADM"":null,""경계_좌표_산출근거"":""전국 집계값 — 좌표·폴리곤 없음."",""경계_폴리곤_파일"":null,""경작지_면적_km"":null,""관목_면적_km"":null,""기후기술_연계_근거"":""간접 · 원천 자체 분류 — ESA WorldCover 가 토지피복 등급을 Tree cover·Cropland·Built-up 등으로 정의·배포하며, 수목 피복 면적은 탄소 흡수원의 물리적 기반, 경작지·건물 면적은 토지이용 변화의 기준이 됨. 주 기술 23(탄소 흡수원), 부 기술 35(산림·생태계 부문 기술) — 2026-08-28 발주처 지시에 따라 tech_id에 ';'로 연결해 복수 기입. [근거자료] ESA_WorldCover_10m_2021_v200_*_Map.tif (Discrete Classification, 등급 10~95) · FAOSTAT Land Cover(LC) Item=Artificial surfaces 등"",""나지_희박식생_면적_km"":null,""레코드_키"":""VNM_lc_shrubs_and/or_herb_1994"",""맹그로브_면적_km"":null,""수목_면적_km"":null,""연도"":1994,""영구수체_면적_km"":null,""전국_값"":56.97,""전국_단위"":""1000 ha"",""전국_지표명"":""토지피복 면적 — 습지 또는 정기 침수 관목/초본 식생"",""지역명_로마자"":""Viet Nam"",""지역명_베트남어"":""Việt Nam"",""초본습지_면적_km"":null,""초지_면적_km"":null,""합계_km"":null,""행정단위"":""Country""}",,전국 · 토지피복 면적 — 습지 또는 정기 침수 관목/초본 식생 · [실적치] · FAOSTAT Land Cover · Area from CCI_LC (Flag=E),,,,B-037.xlsx,1.2_entity(레코드형),503,
B-037,"토지피복 분류별 면적[경작지, 산림, 초지, 건물, 수체, 나지]",entity,v124-b-037-entity-00501,B-037_landcover_national,VNM,,,,,,,,,토지피복 면적 — 습지 또는 정기 침수 관목/초본 식생,,,"{""2025_개편_후_소속_34개_체계"":""전국(개편 무관)"",""건물_인공지표_면적_km"":null,""경계_면적_km_GADM"":null,""경계_좌표_산출근거"":""전국 집계값 — 좌표·폴리곤 없음."",""경계_폴리곤_파일"":null,""경작지_면적_km"":null,""관목_면적_km"":null,""기후기술_연계_근거"":""간접 · 원천 자체 분류 — ESA WorldCover 가 토지피복 등급을 Tree cover·Cropland·Built-up 등으로 정의·배포하며, 수목 피복 면적은 탄소 흡수원의 물리적 기반, 경작지·건물 면적은 토지이용 변화의 기준이 됨. 주 기술 23(탄소 흡수원), 부 기술 35(산림·생태계 부문 기술) — 2026-08-28 발주처 지시에 따라 tech_id에 ';'로 연결해 복수 기입. [근거자료] ESA_WorldCover_10m_2021_v200_*_Map.tif (Discrete Classification, 등급 10~95) · FAOSTAT Land Cover(LC) Item=Artificial surfaces 등"",""나지_희박식생_면적_km"":null,""레코드_키"":""VNM_lc_shrubs_and/or_herb_1995"",""맹그로브_면적_km"":null,""수목_면적_km"":null,""연도"":1995,""영구수체_면적_km"":null,""전국_값"":57.21,""전국_단위"":""1000 ha"",""전국_지표명"":""토지피복 면적 — 습지 또는 정기 침수 관목/초본 식생"",""지역명_로마자"":""Viet Nam"",""지역명_베트남어"":""Việt Nam"",""초본습지_면적_km"":null,""초지_면적_km"":null,""합계_km"":null,""행정단위"":""Country""}",,전국 · 토지피복 면적 — 습지 또는 정기 침수 관목/초본 식생 · [실적치] · FAOSTAT Land Cover · Area from CCI_LC (Flag=E),,,,B-037.xlsx,1.2_entity(레코드형),504,
B-037,"토지피복 분류별 면적[경작지, 산림, 초지, 건물, 수체, 나지]",entity,v124-b-037-entity-00502,B-037_landcover_national,VNM,,,,,,,,,토지피복 면적 — 습지 또는 정기 침수 관목/초본 식생,,,"{""2025_개편_후_소속_34개_체계"":""전국(개편 무관)"",""건물_인공지표_면적_km"":null,""경계_면적_km_GADM"":null,""경계_좌표_산출근거"":""전국 집계값 — 좌표·폴리곤 없음."",""경계_폴리곤_파일"":null,""경작지_면적_km"":null,""관목_면적_km"":null,""기후기술_연계_근거"":""간접 · 원천 자체 분류 — ESA WorldCover 가 토지피복 등급을 Tree cover·Cropland·Built-up 등으로 정의·배포하며, 수목 피복 면적은 탄소 흡수원의 물리적 기반, 경작지·건물 면적은 토지이용 변화의 기준이 됨. 주 기술 23(탄소 흡수원), 부 기술 35(산림·생태계 부문 기술) — 2026-08-28 발주처 지시에 따라 tech_id에 ';'로 연결해 복수 기입. [근거자료] ESA_WorldCover_10m_2021_v200_*_Map.tif (Discrete Classification, 등급 10~95) · FAOSTAT Land Cover(LC) Item=Artificial surfaces 등"",""나지_희박식생_면적_km"":null,""레코드_키"":""VNM_lc_shrubs_and/or_herb_1996"",""맹그로브_면적_km"":null,""수목_면적_km"":null,""연도"":1996,""영구수체_면적_km"":null,""전국_값"":57.28,""전국_단위"":""1000 ha"",""전국_지표명"":""토지피복 면적 — 습지 또는 정기 침수 관목/초본 식생"",""지역명_로마자"":""Viet Nam"",""지역명_베트남어"":""Việt Nam"",""초본습지_면적_km"":null,""초지_면적_km"":null,""합계_km"":null,""행정단위"":""Country""}",,전국 · 토지피복 면적 — 습지 또는 정기 침수 관목/초본 식생 · [실적치] · FAOSTAT Land Cover · Area from CCI_LC (Flag=E),,,,B-037.xlsx,1.2_entity(레코드형),505,
B-037,"토지피복 분류별 면적[경작지, 산림, 초지, 건물, 수체, 나지]",entity,v124-b-037-entity-00503,B-037_landcover_national,VNM,,,,,,,,,토지피복 면적 — 습지 또는 정기 침수 관목/초본 식생,,,"{""2025_개편_후_소속_34개_체계"":""전국(개편 무관)"",""건물_인공지표_면적_km"":null,""경계_면적_km_GADM"":null,""경계_좌표_산출근거"":""전국 집계값 — 좌표·폴리곤 없음."",""경계_폴리곤_파일"":null,""경작지_면적_km"":null,""관목_면적_km"":null,""기후기술_연계_근거"":""간접 · 원천 자체 분류 — ESA WorldCover 가 토지피복 등급을 Tree cover·Cropland·Built-up 등으로 정의·배포하며, 수목 피복 면적은 탄소 흡수원의 물리적 기반, 경작지·건물 면적은 토지이용 변화의 기준이 됨. 주 기술 23(탄소 흡수원), 부 기술 35(산림·생태계 부문 기술) — 2026-08-28 발주처 지시에 따라 tech_id에 ';'로 연결해 복수 기입. [근거자료] ESA_WorldCover_10m_2021_v200_*_Map.tif (Discrete Classification, 등급 10~95) · FAOSTAT Land Cover(LC) Item=Artificial surfaces 등"",""나지_희박식생_면적_km"":null,""레코드_키"":""VNM_lc_shrubs_and/or_herb_1997"",""맹그로브_면적_km"":null,""수목_면적_km"":null,""연도"":1997,""영구수체_면적_km"":null,""전국_값"":57.33,""전국_단위"":""1000 ha"",""전국_지표명"":""토지피복 면적 — 습지 또는 정기 침수 관목/초본 식생"",""지역명_로마자"":""Viet Nam"",""지역명_베트남어"":""Việt Nam"",""초본습지_면적_km"":null,""초지_면적_km"":null,""합계_km"":null,""행정단위"":""Country""}",,전국 · 토지피복 면적 — 습지 또는 정기 침수 관목/초본 식생 · [실적치] · FAOSTAT Land Cover · Area from CCI_LC (Flag=E),,,,B-037.xlsx,1.2_entity(레코드형),506,
B-037,"토지피복 분류별 면적[경작지, 산림, 초지, 건물, 수체, 나지]",entity,v124-b-037-entity-00504,B-037_landcover_national,VNM,,,,,,,,,토지피복 면적 — 습지 또는 정기 침수 관목/초본 식생,,,"{""2025_개편_후_소속_34개_체계"":""전국(개편 무관)"",""건물_인공지표_면적_km"":null,""경계_면적_km_GADM"":null,""경계_좌표_산출근거"":""전국 집계값 — 좌표·폴리곤 없음."",""경계_폴리곤_파일"":null,""경작지_면적_km"":null,""관목_면적_km"":null,""기후기술_연계_근거"":""간접 · 원천 자체 분류 — ESA WorldCover 가 토지피복 등급을 Tree cover·Cropland·Built-up 등으로 정의·배포하며, 수목 피복 면적은 탄소 흡수원의 물리적 기반, 경작지·건물 면적은 토지이용 변화의 기준이 됨. 주 기술 23(탄소 흡수원), 부 기술 35(산림·생태계 부문 기술) — 2026-08-28 발주처 지시에 따라 tech_id에 ';'로 연결해 복수 기입. [근거자료] ESA_WorldCover_10m_2021_v200_*_Map.tif (Discrete Classification, 등급 10~95) · FAOSTAT Land Cover(LC) Item=Artificial surfaces 등"",""나지_희박식생_면적_km"":null,""레코드_키"":""VNM_lc_shrubs_and/or_herb_1998"",""맹그로브_면적_km"":null,""수목_면적_km"":null,""연도"":1998,""영구수체_면적_km"":null,""전국_값"":57.52,""전국_단위"":""1000 ha"",""전국_지표명"":""토지피복 면적 — 습지 또는 정기 침수 관목/초본 식생"",""지역명_로마자"":""Viet Nam"",""지역명_베트남어"":""Việt Nam"",""초본습지_면적_km"":null,""초지_면적_km"":null,""합계_km"":null,""행정단위"":""Country""}",,전국 · 토지피복 면적 — 습지 또는 정기 침수 관목/초본 식생 · [실적치] · FAOSTAT Land Cover · Area from CCI_LC (Flag=E),,,,B-037.xlsx,1.2_entity(레코드형),507,
B-037,"토지피복 분류별 면적[경작지, 산림, 초지, 건물, 수체, 나지]",entity,v124-b-037-entity-00505,B-037_landcover_national,VNM,,,,,,,,,토지피복 면적 — 습지 또는 정기 침수 관목/초본 식생,,,"{""2025_개편_후_소속_34개_체계"":""전국(개편 무관)"",""건물_인공지표_면적_km"":null,""경계_면적_km_GADM"":null,""경계_좌표_산출근거"":""전국 집계값 — 좌표·폴리곤 없음."",""경계_폴리곤_파일"":null,""경작지_면적_km"":null,""관목_면적_km"":null,""기후기술_연계_근거"":""간접 · 원천 자체 분류 — ESA WorldCover 가 토지피복 등급을 Tree cover·Cropland·Built-up 등으로 정의·배포하며, 수목 피복 면적은 탄소 흡수원의 물리적 기반, 경작지·건물 면적은 토지이용 변화의 기준이 됨. 주 기술 23(탄소 흡수원), 부 기술 35(산림·생태계 부문 기술) — 2026-08-28 발주처 지시에 따라 tech_id에 ';'로 연결해 복수 기입. [근거자료] ESA_WorldCover_10m_2021_v200_*_Map.tif (Discrete Classification, 등급 10~95) · FAOSTAT Land Cover(LC) Item=Artificial surfaces 등"",""나지_희박식생_면적_km"":null,""레코드_키"":""VNM_lc_shrubs_and/or_herb_1999"",""맹그로브_면적_km"":null,""수목_면적_km"":null,""연도"":1999,""영구수체_면적_km"":null,""전국_값"":57.41,""전국_단위"":""1000 ha"",""전국_지표명"":""토지피복 면적 — 습지 또는 정기 침수 관목/초본 식생"",""지역명_로마자"":""Viet Nam"",""지역명_베트남어"":""Việt Nam"",""초본습지_면적_km"":null,""초지_면적_km"":null,""합계_km"":null,""행정단위"":""Country""}",,전국 · 토지피복 면적 — 습지 또는 정기 침수 관목/초본 식생 · [실적치] · FAOSTAT Land Cover · Area from CCI_LC (Flag=E),,,,B-037.xlsx,1.2_entity(레코드형),508,
B-037,"토지피복 분류별 면적[경작지, 산림, 초지, 건물, 수체, 나지]",entity,v124-b-037-entity-00506,B-037_landcover_national,VNM,,,,,,,,,토지피복 면적 — 습지 또는 정기 침수 관목/초본 식생,,,"{""2025_개편_후_소속_34개_체계"":""전국(개편 무관)"",""건물_인공지표_면적_km"":null,""경계_면적_km_GADM"":null,""경계_좌표_산출근거"":""전국 집계값 — 좌표·폴리곤 없음."",""경계_폴리곤_파일"":null,""경작지_면적_km"":null,""관목_면적_km"":null,""기후기술_연계_근거"":""간접 · 원천 자체 분류 — ESA WorldCover 가 토지피복 등급을 Tree cover·Cropland·Built-up 등으로 정의·배포하며, 수목 피복 면적은 탄소 흡수원의 물리적 기반, 경작지·건물 면적은 토지이용 변화의 기준이 됨. 주 기술 23(탄소 흡수원), 부 기술 35(산림·생태계 부문 기술) — 2026-08-28 발주처 지시에 따라 tech_id에 ';'로 연결해 복수 기입. [근거자료] ESA_WorldCover_10m_2021_v200_*_Map.tif (Discrete Classification, 등급 10~95) · FAOSTAT Land Cover(LC) Item=Artificial surfaces 등"",""나지_희박식생_면적_km"":null,""레코드_키"":""VNM_lc_shrubs_and/or_herb_2000"",""맹그로브_면적_km"":null,""수목_면적_km"":null,""연도"":2000,""영구수체_면적_km"":null,""전국_값"":57.51,""전국_단위"":""1000 ha"",""전국_지표명"":""토지피복 면적 — 습지 또는 정기 침수 관목/초본 식생"",""지역명_로마자"":""Viet Nam"",""지역명_베트남어"":""Việt Nam"",""초본습지_면적_km"":null,""초지_면적_km"":null,""합계_km"":null,""행정단위"":""Country""}",,전국 · 토지피복 면적 — 습지 또는 정기 침수 관목/초본 식생 · [실적치] · FAOSTAT Land Cover · Area from CCI_LC (Flag=E),,,,B-037.xlsx,1.2_entity(레코드형),509,
B-037,"토지피복 분류별 면적[경작지, 산림, 초지, 건물, 수체, 나지]",entity,v124-b-037-entity-00507,B-037_landcover_national,VNM,,,,,,,,,토지피복 면적 — 습지 또는 정기 침수 관목/초본 식생,,,"{""2025_개편_후_소속_34개_체계"":""전국(개편 무관)"",""건물_인공지표_면적_km"":null,""경계_면적_km_GADM"":null,""경계_좌표_산출근거"":""전국 집계값 — 좌표·폴리곤 없음."",""경계_폴리곤_파일"":null,""경작지_면적_km"":null,""관목_면적_km"":null,""기후기술_연계_근거"":""간접 · 원천 자체 분류 — ESA WorldCover 가 토지피복 등급을 Tree cover·Cropland·Built-up 등으로 정의·배포하며, 수목 피복 면적은 탄소 흡수원의 물리적 기반, 경작지·건물 면적은 토지이용 변화의 기준이 됨. 주 기술 23(탄소 흡수원), 부 기술 35(산림·생태계 부문 기술) — 2026-08-28 발주처 지시에 따라 tech_id에 ';'로 연결해 복수 기입. [근거자료] ESA_WorldCover_10m_2021_v200_*_Map.tif (Discrete Classification, 등급 10~95) · FAOSTAT Land Cover(LC) Item=Artificial surfaces 등"",""나지_희박식생_면적_km"":null,""레코드_키"":""VNM_lc_shrubs_and/or_herb_2001"",""맹그로브_면적_km"":null,""수목_면적_km"":null,""연도"":2001,""영구수체_면적_km"":null,""전국_값"":57.72,""전국_단위"":""1000 ha"",""전국_지표명"":""토지피복 면적 — 습지 또는 정기 침수 관목/초본 식생"",""지역명_로마자"":""Viet Nam"",""지역명_베트남어"":""Việt Nam"",""초본습지_면적_km"":null,""초지_면적_km"":null,""합계_km"":null,""행정단위"":""Country""}",,전국 · 토지피복 면적 — 습지 또는 정기 침수 관목/초본 식생 · [실적치] · FAOSTAT Land Cover · Area from CCI_LC (Flag=E),,,,B-037.xlsx,1.2_entity(레코드형),510,
B-037,"토지피복 분류별 면적[경작지, 산림, 초지, 건물, 수체, 나지]",entity,v124-b-037-entity-00508,B-037_landcover_national,VNM,,,,,,,,,토지피복 면적 — 습지 또는 정기 침수 관목/초본 식생,,,"{""2025_개편_후_소속_34개_체계"":""전국(개편 무관)"",""건물_인공지표_면적_km"":null,""경계_면적_km_GADM"":null,""경계_좌표_산출근거"":""전국 집계값 — 좌표·폴리곤 없음."",""경계_폴리곤_파일"":null,""경작지_면적_km"":null,""관목_면적_km"":null,""기후기술_연계_근거"":""간접 · 원천 자체 분류 — ESA WorldCover 가 토지피복 등급을 Tree cover·Cropland·Built-up 등으로 정의·배포하며, 수목 피복 면적은 탄소 흡수원의 물리적 기반, 경작지·건물 면적은 토지이용 변화의 기준이 됨. 주 기술 23(탄소 흡수원), 부 기술 35(산림·생태계 부문 기술) — 2026-08-28 발주처 지시에 따라 tech_id에 ';'로 연결해 복수 기입. [근거자료] ESA_WorldCover_10m_2021_v200_*_Map.tif (Discrete Classification, 등급 10~95) · FAOSTAT Land Cover(LC) Item=Artificial surfaces 등"",""나지_희박식생_면적_km"":null,""레코드_키"":""VNM_lc_shrubs_and/or_herb_2002"",""맹그로브_면적_km"":null,""수목_면적_km"":null,""연도"":2002,""영구수체_면적_km"":null,""전국_값"":57.75,""전국_단위"":""1000 ha"",""전국_지표명"":""토지피복 면적 — 습지 또는 정기 침수 관목/초본 식생"",""지역명_로마자"":""Viet Nam"",""지역명_베트남어"":""Việt Nam"",""초본습지_면적_km"":null,""초지_면적_km"":null,""합계_km"":null,""행정단위"":""Country""}",,전국 · 토지피복 면적 — 습지 또는 정기 침수 관목/초본 식생 · [실적치] · FAOSTAT Land Cover · Area from CCI_LC (Flag=E),,,,B-037.xlsx,1.2_entity(레코드형),511,
B-037,"토지피복 분류별 면적[경작지, 산림, 초지, 건물, 수체, 나지]",entity,v124-b-037-entity-00509,B-037_landcover_national,VNM,,,,,,,,,토지피복 면적 — 습지 또는 정기 침수 관목/초본 식생,,,"{""2025_개편_후_소속_34개_체계"":""전국(개편 무관)"",""건물_인공지표_면적_km"":null,""경계_면적_km_GADM"":null,""경계_좌표_산출근거"":""전국 집계값 — 좌표·폴리곤 없음."",""경계_폴리곤_파일"":null,""경작지_면적_km"":null,""관목_면적_km"":null,""기후기술_연계_근거"":""간접 · 원천 자체 분류 — ESA WorldCover 가 토지피복 등급을 Tree cover·Cropland·Built-up 등으로 정의·배포하며, 수목 피복 면적은 탄소 흡수원의 물리적 기반, 경작지·건물 면적은 토지이용 변화의 기준이 됨. 주 기술 23(탄소 흡수원), 부 기술 35(산림·생태계 부문 기술) — 2026-08-28 발주처 지시에 따라 tech_id에 ';'로 연결해 복수 기입. [근거자료] ESA_WorldCover_10m_2021_v200_*_Map.tif (Discrete Classification, 등급 10~95) · FAOSTAT Land Cover(LC) Item=Artificial surfaces 등"",""나지_희박식생_면적_km"":null,""레코드_키"":""VNM_lc_shrubs_and/or_herb_2003"",""맹그로브_면적_km"":null,""수목_면적_km"":null,""연도"":2003,""영구수체_면적_km"":null,""전국_값"":57.79,""전국_단위"":""1000 ha"",""전국_지표명"":""토지피복 면적 — 습지 또는 정기 침수 관목/초본 식생"",""지역명_로마자"":""Viet Nam"",""지역명_베트남어"":""Việt Nam"",""초본습지_면적_km"":null,""초지_면적_km"":null,""합계_km"":null,""행정단위"":""Country""}",,전국 · 토지피복 면적 — 습지 또는 정기 침수 관목/초본 식생 · [실적치] · FAOSTAT Land Cover · Area from CCI_LC (Flag=E),,,,B-037.xlsx,1.2_entity(레코드형),512,
B-037,"토지피복 분류별 면적[경작지, 산림, 초지, 건물, 수체, 나지]",entity,v124-b-037-entity-00510,B-037_landcover_national,VNM,,,,,,,,,토지피복 면적 — 습지 또는 정기 침수 관목/초본 식생,,,"{""2025_개편_후_소속_34개_체계"":""전국(개편 무관)"",""건물_인공지표_면적_km"":null,""경계_면적_km_GADM"":null,""경계_좌표_산출근거"":""전국 집계값 — 좌표·폴리곤 없음."",""경계_폴리곤_파일"":null,""경작지_면적_km"":null,""관목_면적_km"":null,""기후기술_연계_근거"":""간접 · 원천 자체 분류 — ESA WorldCover 가 토지피복 등급을 Tree cover·Cropland·Built-up 등으로 정의·배포하며, 수목 피복 면적은 탄소 흡수원의 물리적 기반, 경작지·건물 면적은 토지이용 변화의 기준이 됨. 주 기술 23(탄소 흡수원), 부 기술 35(산림·생태계 부문 기술) — 2026-08-28 발주처 지시에 따라 tech_id에 ';'로 연결해 복수 기입. [근거자료] ESA_WorldCover_10m_2021_v200_*_Map.tif (Discrete Classification, 등급 10~95) · FAOSTAT Land Cover(LC) Item=Artificial surfaces 등"",""나지_희박식생_면적_km"":null,""레코드_키"":""VNM_lc_shrubs_and/or_herb_2004"",""맹그로브_면적_km"":null,""수목_면적_km"":null,""연도"":2004,""영구수체_면적_km"":null,""전국_값"":58.21,""전국_단위"":""1000 ha"",""전국_지표명"":""토지피복 면적 — 습지 또는 정기 침수 관목/초본 식생"",""지역명_로마자"":""Viet Nam"",""지역명_베트남어"":""Việt Nam"",""초본습지_면적_km"":null,""초지_면적_km"":null,""합계_km"":null,""행정단위"":""Country""}",,전국 · 토지피복 면적 — 습지 또는 정기 침수 관목/초본 식생 · [실적치] · FAOSTAT Land Cover · Area from CCI_LC (Flag=E),,,,B-037.xlsx,1.2_entity(레코드형),513,
B-037,"토지피복 분류별 면적[경작지, 산림, 초지, 건물, 수체, 나지]",entity,v124-b-037-entity-00511,B-037_landcover_national,VNM,,,,,,,,,토지피복 면적 — 습지 또는 정기 침수 관목/초본 식생,,,"{""2025_개편_후_소속_34개_체계"":""전국(개편 무관)"",""건물_인공지표_면적_km"":null,""경계_면적_km_GADM"":null,""경계_좌표_산출근거"":""전국 집계값 — 좌표·폴리곤 없음."",""경계_폴리곤_파일"":null,""경작지_면적_km"":null,""관목_면적_km"":null,""기후기술_연계_근거"":""간접 · 원천 자체 분류 — ESA WorldCover 가 토지피복 등급을 Tree cover·Cropland·Built-up 등으로 정의·배포하며, 수목 피복 면적은 탄소 흡수원의 물리적 기반, 경작지·건물 면적은 토지이용 변화의 기준이 됨. 주 기술 23(탄소 흡수원), 부 기술 35(산림·생태계 부문 기술) — 2026-08-28 발주처 지시에 따라 tech_id에 ';'로 연결해 복수 기입. [근거자료] ESA_WorldCover_10m_2021_v200_*_Map.tif (Discrete Classification, 등급 10~95) · FAOSTAT Land Cover(LC) Item=Artificial surfaces 등"",""나지_희박식생_면적_km"":null,""레코드_키"":""VNM_lc_shrubs_and/or_herb_2005"",""맹그로브_면적_km"":null,""수목_면적_km"":null,""연도"":2005,""영구수체_면적_km"":null,""전국_값"":58.23,""전국_단위"":""1000 ha"",""전국_지표명"":""토지피복 면적 — 습지 또는 정기 침수 관목/초본 식생"",""지역명_로마자"":""Viet Nam"",""지역명_베트남어"":""Việt Nam"",""초본습지_면적_km"":null,""초지_면적_km"":null,""합계_km"":null,""행정단위"":""Country""}",,전국 · 토지피복 면적 — 습지 또는 정기 침수 관목/초본 식생 · [실적치] · FAOSTAT Land Cover · Area from CCI_LC (Flag=E),,,,B-037.xlsx,1.2_entity(레코드형),514,
B-037,"토지피복 분류별 면적[경작지, 산림, 초지, 건물, 수체, 나지]",entity,v124-b-037-entity-00512,B-037_landcover_national,VNM,,,,,,,,,토지피복 면적 — 습지 또는 정기 침수 관목/초본 식생,,,"{""2025_개편_후_소속_34개_체계"":""전국(개편 무관)"",""건물_인공지표_면적_km"":null,""경계_면적_km_GADM"":null,""경계_좌표_산출근거"":""전국 집계값 — 좌표·폴리곤 없음."",""경계_폴리곤_파일"":null,""경작지_면적_km"":null,""관목_면적_km"":null,""기후기술_연계_근거"":""간접 · 원천 자체 분류 — ESA WorldCover 가 토지피복 등급을 Tree cover·Cropland·Built-up 등으로 정의·배포하며, 수목 피복 면적은 탄소 흡수원의 물리적 기반, 경작지·건물 면적은 토지이용 변화의 기준이 됨. 주 기술 23(탄소 흡수원), 부 기술 35(산림·생태계 부문 기술) — 2026-08-28 발주처 지시에 따라 tech_id에 ';'로 연결해 복수 기입. [근거자료] ESA_WorldCover_10m_2021_v200_*_Map.tif (Discrete Classification, 등급 10~95) · FAOSTAT Land Cover(LC) Item=Artificial surfaces 등"",""나지_희박식생_면적_km"":null,""레코드_키"":""VNM_lc_shrubs_and/or_herb_2006"",""맹그로브_면적_km"":null,""수목_면적_km"":null,""연도"":2006,""영구수체_면적_km"":null,""전국_값"":58.17,""전국_단위"":""1000 ha"",""전국_지표명"":""토지피복 면적 — 습지 또는 정기 침수 관목/초본 식생"",""지역명_로마자"":""Viet Nam"",""지역명_베트남어"":""Việt Nam"",""초본습지_면적_km"":null,""초지_면적_km"":null,""합계_km"":null,""행정단위"":""Country""}",,전국 · 토지피복 면적 — 습지 또는 정기 침수 관목/초본 식생 · [실적치] · FAOSTAT Land Cover · Area from CCI_LC (Flag=E),,,,B-037.xlsx,1.2_entity(레코드형),515,
B-037,"토지피복 분류별 면적[경작지, 산림, 초지, 건물, 수체, 나지]",entity,v124-b-037-entity-00513,B-037_landcover_national,VNM,,,,,,,,,토지피복 면적 — 습지 또는 정기 침수 관목/초본 식생,,,"{""2025_개편_후_소속_34개_체계"":""전국(개편 무관)"",""건물_인공지표_면적_km"":null,""경계_면적_km_GADM"":null,""경계_좌표_산출근거"":""전국 집계값 — 좌표·폴리곤 없음."",""경계_폴리곤_파일"":null,""경작지_면적_km"":null,""관목_면적_km"":null,""기후기술_연계_근거"":""간접 · 원천 자체 분류 — ESA WorldCover 가 토지피복 등급을 Tree cover·Cropland·Built-up 등으로 정의·배포하며, 수목 피복 면적은 탄소 흡수원의 물리적 기반, 경작지·건물 면적은 토지이용 변화의 기준이 됨. 주 기술 23(탄소 흡수원), 부 기술 35(산림·생태계 부문 기술) — 2026-08-28 발주처 지시에 따라 tech_id에 ';'로 연결해 복수 기입. [근거자료] ESA_WorldCover_10m_2021_v200_*_Map.tif (Discrete Classification, 등급 10~95) · FAOSTAT Land Cover(LC) Item=Artificial surfaces 등"",""나지_희박식생_면적_km"":null,""레코드_키"":""VNM_lc_shrubs_and/or_herb_2007"",""맹그로브_면적_km"":null,""수목_면적_km"":null,""연도"":2007,""영구수체_면적_km"":null,""전국_값"":58.47,""전국_단위"":""1000 ha"",""전국_지표명"":""토지피복 면적 — 습지 또는 정기 침수 관목/초본 식생"",""지역명_로마자"":""Viet Nam"",""지역명_베트남어"":""Việt Nam"",""초본습지_면적_km"":null,""초지_면적_km"":null,""합계_km"":null,""행정단위"":""Country""}",,전국 · 토지피복 면적 — 습지 또는 정기 침수 관목/초본 식생 · [실적치] · FAOSTAT Land Cover · Area from CCI_LC (Flag=E),,,,B-037.xlsx,1.2_entity(레코드형),516,
B-037,"토지피복 분류별 면적[경작지, 산림, 초지, 건물, 수체, 나지]",entity,v124-b-037-entity-00514,B-037_landcover_national,VNM,,,,,,,,,토지피복 면적 — 습지 또는 정기 침수 관목/초본 식생,,,"{""2025_개편_후_소속_34개_체계"":""전국(개편 무관)"",""건물_인공지표_면적_km"":null,""경계_면적_km_GADM"":null,""경계_좌표_산출근거"":""전국 집계값 — 좌표·폴리곤 없음."",""경계_폴리곤_파일"":null,""경작지_면적_km"":null,""관목_면적_km"":null,""기후기술_연계_근거"":""간접 · 원천 자체 분류 — ESA WorldCover 가 토지피복 등급을 Tree cover·Cropland·Built-up 등으로 정의·배포하며, 수목 피복 면적은 탄소 흡수원의 물리적 기반, 경작지·건물 면적은 토지이용 변화의 기준이 됨. 주 기술 23(탄소 흡수원), 부 기술 35(산림·생태계 부문 기술) — 2026-08-28 발주처 지시에 따라 tech_id에 ';'로 연결해 복수 기입. [근거자료] ESA_WorldCover_10m_2021_v200_*_Map.tif (Discrete Classification, 등급 10~95) · FAOSTAT Land Cover(LC) Item=Artificial surfaces 등"",""나지_희박식생_면적_km"":null,""레코드_키"":""VNM_lc_shrubs_and/or_herb_2008"",""맹그로브_면적_km"":null,""수목_면적_km"":null,""연도"":2008,""영구수체_면적_km"":null,""전국_값"":58.98,""전국_단위"":""1000 ha"",""전국_지표명"":""토지피복 면적 — 습지 또는 정기 침수 관목/초본 식생"",""지역명_로마자"":""Viet Nam"",""지역명_베트남어"":""Việt Nam"",""초본습지_면적_km"":null,""초지_면적_km"":null,""합계_km"":null,""행정단위"":""Country""}",,전국 · 토지피복 면적 — 습지 또는 정기 침수 관목/초본 식생 · [실적치] · FAOSTAT Land Cover · Area from CCI_LC (Flag=E),,,,B-037.xlsx,1.2_entity(레코드형),517,
B-037,"토지피복 분류별 면적[경작지, 산림, 초지, 건물, 수체, 나지]",entity,v124-b-037-entity-00515,B-037_landcover_national,VNM,,,,,,,,,토지피복 면적 — 습지 또는 정기 침수 관목/초본 식생,,,"{""2025_개편_후_소속_34개_체계"":""전국(개편 무관)"",""건물_인공지표_면적_km"":null,""경계_면적_km_GADM"":null,""경계_좌표_산출근거"":""전국 집계값 — 좌표·폴리곤 없음."",""경계_폴리곤_파일"":null,""경작지_면적_km"":null,""관목_면적_km"":null,""기후기술_연계_근거"":""간접 · 원천 자체 분류 — ESA WorldCover 가 토지피복 등급을 Tree cover·Cropland·Built-up 등으로 정의·배포하며, 수목 피복 면적은 탄소 흡수원의 물리적 기반, 경작지·건물 면적은 토지이용 변화의 기준이 됨. 주 기술 23(탄소 흡수원), 부 기술 35(산림·생태계 부문 기술) — 2026-08-28 발주처 지시에 따라 tech_id에 ';'로 연결해 복수 기입. [근거자료] ESA_WorldCover_10m_2021_v200_*_Map.tif (Discrete Classification, 등급 10~95) · FAOSTAT Land Cover(LC) Item=Artificial surfaces 등"",""나지_희박식생_면적_km"":null,""레코드_키"":""VNM_lc_shrubs_and/or_herb_2009"",""맹그로브_면적_km"":null,""수목_면적_km"":null,""연도"":2009,""영구수체_면적_km"":null,""전국_값"":60.28,""전국_단위"":""1000 ha"",""전국_지표명"":""토지피복 면적 — 습지 또는 정기 침수 관목/초본 식생"",""지역명_로마자"":""Viet Nam"",""지역명_베트남어"":""Việt Nam"",""초본습지_면적_km"":null,""초지_면적_km"":null,""합계_km"":null,""행정단위"":""Country""}",,전국 · 토지피복 면적 — 습지 또는 정기 침수 관목/초본 식생 · [실적치] · FAOSTAT Land Cover · Area from CCI_LC (Flag=E),,,,B-037.xlsx,1.2_entity(레코드형),518,
B-037,"토지피복 분류별 면적[경작지, 산림, 초지, 건물, 수체, 나지]",entity,v124-b-037-entity-00516,B-037_landcover_national,VNM,,,,,,,,,토지피복 면적 — 습지 또는 정기 침수 관목/초본 식생,,,"{""2025_개편_후_소속_34개_체계"":""전국(개편 무관)"",""건물_인공지표_면적_km"":null,""경계_면적_km_GADM"":null,""경계_좌표_산출근거"":""전국 집계값 — 좌표·폴리곤 없음."",""경계_폴리곤_파일"":null,""경작지_면적_km"":null,""관목_면적_km"":null,""기후기술_연계_근거"":""간접 · 원천 자체 분류 — ESA WorldCover 가 토지피복 등급을 Tree cover·Cropland·Built-up 등으로 정의·배포하며, 수목 피복 면적은 탄소 흡수원의 물리적 기반, 경작지·건물 면적은 토지이용 변화의 기준이 됨. 주 기술 23(탄소 흡수원), 부 기술 35(산림·생태계 부문 기술) — 2026-08-28 발주처 지시에 따라 tech_id에 ';'로 연결해 복수 기입. [근거자료] ESA_WorldCover_10m_2021_v200_*_Map.tif (Discrete Classification, 등급 10~95) · FAOSTAT Land Cover(LC) Item=Artificial surfaces 등"",""나지_희박식생_면적_km"":null,""레코드_키"":""VNM_lc_shrubs_and/or_herb_2010"",""맹그로브_면적_km"":null,""수목_면적_km"":null,""연도"":2010,""영구수체_면적_km"":null,""전국_값"":61.26,""전국_단위"":""1000 ha"",""전국_지표명"":""토지피복 면적 — 습지 또는 정기 침수 관목/초본 식생"",""지역명_로마자"":""Viet Nam"",""지역명_베트남어"":""Việt Nam"",""초본습지_면적_km"":null,""초지_면적_km"":null,""합계_km"":null,""행정단위"":""Country""}",,전국 · 토지피복 면적 — 습지 또는 정기 침수 관목/초본 식생 · [실적치] · FAOSTAT Land Cover · Area from CCI_LC (Flag=E),,,,B-037.xlsx,1.2_entity(레코드형),519,
B-037,"토지피복 분류별 면적[경작지, 산림, 초지, 건물, 수체, 나지]",entity,v124-b-037-entity-00517,B-037_landcover_national,VNM,,,,,,,,,토지피복 면적 — 습지 또는 정기 침수 관목/초본 식생,,,"{""2025_개편_후_소속_34개_체계"":""전국(개편 무관)"",""건물_인공지표_면적_km"":null,""경계_면적_km_GADM"":null,""경계_좌표_산출근거"":""전국 집계값 — 좌표·폴리곤 없음."",""경계_폴리곤_파일"":null,""경작지_면적_km"":null,""관목_면적_km"":null,""기후기술_연계_근거"":""간접 · 원천 자체 분류 — ESA WorldCover 가 토지피복 등급을 Tree cover·Cropland·Built-up 등으로 정의·배포하며, 수목 피복 면적은 탄소 흡수원의 물리적 기반, 경작지·건물 면적은 토지이용 변화의 기준이 됨. 주 기술 23(탄소 흡수원), 부 기술 35(산림·생태계 부문 기술) — 2026-08-28 발주처 지시에 따라 tech_id에 ';'로 연결해 복수 기입. [근거자료] ESA_WorldCover_10m_2021_v200_*_Map.tif (Discrete Classification, 등급 10~95) · FAOSTAT Land Cover(LC) Item=Artificial surfaces 등"",""나지_희박식생_면적_km"":null,""레코드_키"":""VNM_lc_shrubs_and/or_herb_2011"",""맹그로브_면적_km"":null,""수목_면적_km"":null,""연도"":2011,""영구수체_면적_km"":null,""전국_값"":61.9,""전국_단위"":""1000 ha"",""전국_지표명"":""토지피복 면적 — 습지 또는 정기 침수 관목/초본 식생"",""지역명_로마자"":""Viet Nam"",""지역명_베트남어"":""Việt Nam"",""초본습지_면적_km"":null,""초지_면적_km"":null,""합계_km"":null,""행정단위"":""Country""}",,전국 · 토지피복 면적 — 습지 또는 정기 침수 관목/초본 식생 · [실적치] · FAOSTAT Land Cover · Area from CCI_LC (Flag=E),,,,B-037.xlsx,1.2_entity(레코드형),520,
B-037,"토지피복 분류별 면적[경작지, 산림, 초지, 건물, 수체, 나지]",entity,v124-b-037-entity-00518,B-037_landcover_national,VNM,,,,,,,,,토지피복 면적 — 습지 또는 정기 침수 관목/초본 식생,,,"{""2025_개편_후_소속_34개_체계"":""전국(개편 무관)"",""건물_인공지표_면적_km"":null,""경계_면적_km_GADM"":null,""경계_좌표_산출근거"":""전국 집계값 — 좌표·폴리곤 없음."",""경계_폴리곤_파일"":null,""경작지_면적_km"":null,""관목_면적_km"":null,""기후기술_연계_근거"":""간접 · 원천 자체 분류 — ESA WorldCover 가 토지피복 등급을 Tree cover·Cropland·Built-up 등으로 정의·배포하며, 수목 피복 면적은 탄소 흡수원의 물리적 기반, 경작지·건물 면적은 토지이용 변화의 기준이 됨. 주 기술 23(탄소 흡수원), 부 기술 35(산림·생태계 부문 기술) — 2026-08-28 발주처 지시에 따라 tech_id에 ';'로 연결해 복수 기입. [근거자료] ESA_WorldCover_10m_2021_v200_*_Map.tif (Discrete Classification, 등급 10~95) · FAOSTAT Land Cover(LC) Item=Artificial surfaces 등"",""나지_희박식생_면적_km"":null,""레코드_키"":""VNM_lc_shrubs_and/or_herb_2012"",""맹그로브_면적_km"":null,""수목_면적_km"":null,""연도"":2012,""영구수체_면적_km"":null,""전국_값"":63.44,""전국_단위"":""1000 ha"",""전국_지표명"":""토지피복 면적 — 습지 또는 정기 침수 관목/초본 식생"",""지역명_로마자"":""Viet Nam"",""지역명_베트남어"":""Việt Nam"",""초본습지_면적_km"":null,""초지_면적_km"":null,""합계_km"":null,""행정단위"":""Country""}",,전국 · 토지피복 면적 — 습지 또는 정기 침수 관목/초본 식생 · [실적치] · FAOSTAT Land Cover · Area from CCI_LC (Flag=E),,,,B-037.xlsx,1.2_entity(레코드형),521,
B-037,"토지피복 분류별 면적[경작지, 산림, 초지, 건물, 수체, 나지]",entity,v124-b-037-entity-00519,B-037_landcover_national,VNM,,,,,,,,,토지피복 면적 — 습지 또는 정기 침수 관목/초본 식생,,,"{""2025_개편_후_소속_34개_체계"":""전국(개편 무관)"",""건물_인공지표_면적_km"":null,""경계_면적_km_GADM"":null,""경계_좌표_산출근거"":""전국 집계값 — 좌표·폴리곤 없음."",""경계_폴리곤_파일"":null,""경작지_면적_km"":null,""관목_면적_km"":null,""기후기술_연계_근거"":""간접 · 원천 자체 분류 — ESA WorldCover 가 토지피복 등급을 Tree cover·Cropland·Built-up 등으로 정의·배포하며, 수목 피복 면적은 탄소 흡수원의 물리적 기반, 경작지·건물 면적은 토지이용 변화의 기준이 됨. 주 기술 23(탄소 흡수원), 부 기술 35(산림·생태계 부문 기술) — 2026-08-28 발주처 지시에 따라 tech_id에 ';'로 연결해 복수 기입. [근거자료] ESA_WorldCover_10m_2021_v200_*_Map.tif (Discrete Classification, 등급 10~95) · FAOSTAT Land Cover(LC) Item=Artificial surfaces 등"",""나지_희박식생_면적_km"":null,""레코드_키"":""VNM_lc_shrubs_and/or_herb_2013"",""맹그로브_면적_km"":null,""수목_면적_km"":null,""연도"":2013,""영구수체_면적_km"":null,""전국_값"":64.06,""전국_단위"":""1000 ha"",""전국_지표명"":""토지피복 면적 — 습지 또는 정기 침수 관목/초본 식생"",""지역명_로마자"":""Viet Nam"",""지역명_베트남어"":""Việt Nam"",""초본습지_면적_km"":null,""초지_면적_km"":null,""합계_km"":null,""행정단위"":""Country""}",,전국 · 토지피복 면적 — 습지 또는 정기 침수 관목/초본 식생 · [실적치] · FAOSTAT Land Cover · Area from CCI_LC (Flag=E),,,,B-037.xlsx,1.2_entity(레코드형),522,
B-037,"토지피복 분류별 면적[경작지, 산림, 초지, 건물, 수체, 나지]",entity,v124-b-037-entity-00520,B-037_landcover_national,VNM,,,,,,,,,토지피복 면적 — 습지 또는 정기 침수 관목/초본 식생,,,"{""2025_개편_후_소속_34개_체계"":""전국(개편 무관)"",""건물_인공지표_면적_km"":null,""경계_면적_km_GADM"":null,""경계_좌표_산출근거"":""전국 집계값 — 좌표·폴리곤 없음."",""경계_폴리곤_파일"":null,""경작지_면적_km"":null,""관목_면적_km"":null,""기후기술_연계_근거"":""간접 · 원천 자체 분류 — ESA WorldCover 가 토지피복 등급을 Tree cover·Cropland·Built-up 등으로 정의·배포하며, 수목 피복 면적은 탄소 흡수원의 물리적 기반, 경작지·건물 면적은 토지이용 변화의 기준이 됨. 주 기술 23(탄소 흡수원), 부 기술 35(산림·생태계 부문 기술) — 2026-08-28 발주처 지시에 따라 tech_id에 ';'로 연결해 복수 기입. [근거자료] ESA_WorldCover_10m_2021_v200_*_Map.tif (Discrete Classification, 등급 10~95) · FAOSTAT Land Cover(LC) Item=Artificial surfaces 등"",""나지_희박식생_면적_km"":null,""레코드_키"":""VNM_lc_shrubs_and/or_herb_2014"",""맹그로브_면적_km"":null,""수목_면적_km"":null,""연도"":2014,""영구수체_면적_km"":null,""전국_값"":65.56,""전국_단위"":""1000 ha"",""전국_지표명"":""토지피복 면적 — 습지 또는 정기 침수 관목/초본 식생"",""지역명_로마자"":""Viet Nam"",""지역명_베트남어"":""Việt Nam"",""초본습지_면적_km"":null,""초지_면적_km"":null,""합계_km"":null,""행정단위"":""Country""}",,전국 · 토지피복 면적 — 습지 또는 정기 침수 관목/초본 식생 · [실적치] · FAOSTAT Land Cover · Area from CCI_LC (Flag=E),,,,B-037.xlsx,1.2_entity(레코드형),523,
B-037,"토지피복 분류별 면적[경작지, 산림, 초지, 건물, 수체, 나지]",entity,v124-b-037-entity-00521,B-037_landcover_national,VNM,,,,,,,,,토지피복 면적 — 습지 또는 정기 침수 관목/초본 식생,,,"{""2025_개편_후_소속_34개_체계"":""전국(개편 무관)"",""건물_인공지표_면적_km"":null,""경계_면적_km_GADM"":null,""경계_좌표_산출근거"":""전국 집계값 — 좌표·폴리곤 없음."",""경계_폴리곤_파일"":null,""경작지_면적_km"":null,""관목_면적_km"":null,""기후기술_연계_근거"":""간접 · 원천 자체 분류 — ESA WorldCover 가 토지피복 등급을 Tree cover·Cropland·Built-up 등으로 정의·배포하며, 수목 피복 면적은 탄소 흡수원의 물리적 기반, 경작지·건물 면적은 토지이용 변화의 기준이 됨. 주 기술 23(탄소 흡수원), 부 기술 35(산림·생태계 부문 기술) — 2026-08-28 발주처 지시에 따라 tech_id에 ';'로 연결해 복수 기입. [근거자료] ESA_WorldCover_10m_2021_v200_*_Map.tif (Discrete Classification, 등급 10~95) · FAOSTAT Land Cover(LC) Item=Artificial surfaces 등"",""나지_희박식생_면적_km"":null,""레코드_키"":""VNM_lc_shrubs_and/or_herb_2015"",""맹그로브_면적_km"":null,""수목_면적_km"":null,""연도"":2015,""영구수체_면적_km"":null,""전국_값"":65.55,""전국_단위"":""1000 ha"",""전국_지표명"":""토지피복 면적 — 습지 또는 정기 침수 관목/초본 식생"",""지역명_로마자"":""Viet Nam"",""지역명_베트남어"":""Việt Nam"",""초본습지_면적_km"":null,""초지_면적_km"":null,""합계_km"":null,""행정단위"":""Country""}",,전국 · 토지피복 면적 — 습지 또는 정기 침수 관목/초본 식생 · [실적치] · FAOSTAT Land Cover · Area from CCI_LC (Flag=E),,,,B-037.xlsx,1.2_entity(레코드형),524,
B-037,"토지피복 분류별 면적[경작지, 산림, 초지, 건물, 수체, 나지]",entity,v124-b-037-entity-00522,B-037_landcover_national,VNM,,,,,,,,,토지피복 면적 — 습지 또는 정기 침수 관목/초본 식생,,,"{""2025_개편_후_소속_34개_체계"":""전국(개편 무관)"",""건물_인공지표_면적_km"":null,""경계_면적_km_GADM"":null,""경계_좌표_산출근거"":""전국 집계값 — 좌표·폴리곤 없음."",""경계_폴리곤_파일"":null,""경작지_면적_km"":null,""관목_면적_km"":null,""기후기술_연계_근거"":""간접 · 원천 자체 분류 — ESA WorldCover 가 토지피복 등급을 Tree cover·Cropland·Built-up 등으로 정의·배포하며, 수목 피복 면적은 탄소 흡수원의 물리적 기반, 경작지·건물 면적은 토지이용 변화의 기준이 됨. 주 기술 23(탄소 흡수원), 부 기술 35(산림·생태계 부문 기술) — 2026-08-28 발주처 지시에 따라 tech_id에 ';'로 연결해 복수 기입. [근거자료] ESA_WorldCover_10m_2021_v200_*_Map.tif (Discrete Classification, 등급 10~95) · FAOSTAT Land Cover(LC) Item=Artificial surfaces 등"",""나지_희박식생_면적_km"":null,""레코드_키"":""VNM_lc_shrubs_and/or_herb_2016"",""맹그로브_면적_km"":null,""수목_면적_km"":null,""연도"":2016,""영구수체_면적_km"":null,""전국_값"":64.52,""전국_단위"":""1000 ha"",""전국_지표명"":""토지피복 면적 — 습지 또는 정기 침수 관목/초본 식생"",""지역명_로마자"":""Viet Nam"",""지역명_베트남어"":""Việt Nam"",""초본습지_면적_km"":null,""초지_면적_km"":null,""합계_km"":null,""행정단위"":""Country""}",,전국 · 토지피복 면적 — 습지 또는 정기 침수 관목/초본 식생 · [실적치] · FAOSTAT Land Cover · Area from CCI_LC (Flag=E),,,,B-037.xlsx,1.2_entity(레코드형),525,
B-037,"토지피복 분류별 면적[경작지, 산림, 초지, 건물, 수체, 나지]",entity,v124-b-037-entity-00523,B-037_landcover_national,VNM,,,,,,,,,토지피복 면적 — 습지 또는 정기 침수 관목/초본 식생,,,"{""2025_개편_후_소속_34개_체계"":""전국(개편 무관)"",""건물_인공지표_면적_km"":null,""경계_면적_km_GADM"":null,""경계_좌표_산출근거"":""전국 집계값 — 좌표·폴리곤 없음."",""경계_폴리곤_파일"":null,""경작지_면적_km"":null,""관목_면적_km"":null,""기후기술_연계_근거"":""간접 · 원천 자체 분류 — ESA WorldCover 가 토지피복 등급을 Tree cover·Cropland·Built-up 등으로 정의·배포하며, 수목 피복 면적은 탄소 흡수원의 물리적 기반, 경작지·건물 면적은 토지이용 변화의 기준이 됨. 주 기술 23(탄소 흡수원), 부 기술 35(산림·생태계 부문 기술) — 2026-08-28 발주처 지시에 따라 tech_id에 ';'로 연결해 복수 기입. [근거자료] ESA_WorldCover_10m_2021_v200_*_Map.tif (Discrete Classification, 등급 10~95) · FAOSTAT Land Cover(LC) Item=Artificial surfaces 등"",""나지_희박식생_면적_km"":null,""레코드_키"":""VNM_lc_shrubs_and/or_herb_2017"",""맹그로브_면적_km"":null,""수목_면적_km"":null,""연도"":2017,""영구수체_면적_km"":null,""전국_값"":64.83,""전국_단위"":""1000 ha"",""전국_지표명"":""토지피복 면적 — 습지 또는 정기 침수 관목/초본 식생"",""지역명_로마자"":""Viet Nam"",""지역명_베트남어"":""Việt Nam"",""초본습지_면적_km"":null,""초지_면적_km"":null,""합계_km"":null,""행정단위"":""Country""}",,전국 · 토지피복 면적 — 습지 또는 정기 침수 관목/초본 식생 · [실적치] · FAOSTAT Land Cover · Area from CCI_LC (Flag=E),,,,B-037.xlsx,1.2_entity(레코드형),526,
B-037,"토지피복 분류별 면적[경작지, 산림, 초지, 건물, 수체, 나지]",entity,v124-b-037-entity-00524,B-037_landcover_national,VNM,,,,,,,,,토지피복 면적 — 습지 또는 정기 침수 관목/초본 식생,,,"{""2025_개편_후_소속_34개_체계"":""전국(개편 무관)"",""건물_인공지표_면적_km"":null,""경계_면적_km_GADM"":null,""경계_좌표_산출근거"":""전국 집계값 — 좌표·폴리곤 없음."",""경계_폴리곤_파일"":null,""경작지_면적_km"":null,""관목_면적_km"":null,""기후기술_연계_근거"":""간접 · 원천 자체 분류 — ESA WorldCover 가 토지피복 등급을 Tree cover·Cropland·Built-up 등으로 정의·배포하며, 수목 피복 면적은 탄소 흡수원의 물리적 기반, 경작지·건물 면적은 토지이용 변화의 기준이 됨. 주 기술 23(탄소 흡수원), 부 기술 35(산림·생태계 부문 기술) — 2026-08-28 발주처 지시에 따라 tech_id에 ';'로 연결해 복수 기입. [근거자료] ESA_WorldCover_10m_2021_v200_*_Map.tif (Discrete Classification, 등급 10~95) · FAOSTAT Land Cover(LC) Item=Artificial surfaces 등"",""나지_희박식생_면적_km"":null,""레코드_키"":""VNM_lc_shrubs_and/or_herb_2018"",""맹그로브_면적_km"":null,""수목_면적_km"":null,""연도"":2018,""영구수체_면적_km"":null,""전국_값"":65.36,""전국_단위"":""1000 ha"",""전국_지표명"":""토지피복 면적 — 습지 또는 정기 침수 관목/초본 식생"",""지역명_로마자"":""Viet Nam"",""지역명_베트남어"":""Việt Nam"",""초본습지_면적_km"":null,""초지_면적_km"":null,""합계_km"":null,""행정단위"":""Country""}",,전국 · 토지피복 면적 — 습지 또는 정기 침수 관목/초본 식생 · [실적치] · FAOSTAT Land Cover · Area from CCI_LC (Flag=E),,,,B-037.xlsx,1.2_entity(레코드형),527,
B-037,"토지피복 분류별 면적[경작지, 산림, 초지, 건물, 수체, 나지]",entity,v124-b-037-entity-00525,B-037_landcover_national,VNM,,,,,,,,,토지피복 면적 — 습지 또는 정기 침수 관목/초본 식생,,,"{""2025_개편_후_소속_34개_체계"":""전국(개편 무관)"",""건물_인공지표_면적_km"":null,""경계_면적_km_GADM"":null,""경계_좌표_산출근거"":""전국 집계값 — 좌표·폴리곤 없음."",""경계_폴리곤_파일"":null,""경작지_면적_km"":null,""관목_면적_km"":null,""기후기술_연계_근거"":""간접 · 원천 자체 분류 — ESA WorldCover 가 토지피복 등급을 Tree cover·Cropland·Built-up 등으로 정의·배포하며, 수목 피복 면적은 탄소 흡수원의 물리적 기반, 경작지·건물 면적은 토지이용 변화의 기준이 됨. 주 기술 23(탄소 흡수원), 부 기술 35(산림·생태계 부문 기술) — 2026-08-28 발주처 지시에 따라 tech_id에 ';'로 연결해 복수 기입. [근거자료] ESA_WorldCover_10m_2021_v200_*_Map.tif (Discrete Classification, 등급 10~95) · FAOSTAT Land Cover(LC) Item=Artificial surfaces 등"",""나지_희박식생_면적_km"":null,""레코드_키"":""VNM_lc_shrubs_and/or_herb_2019"",""맹그로브_면적_km"":null,""수목_면적_km"":null,""연도"":2019,""영구수체_면적_km"":null,""전국_값"":65.4,""전국_단위"":""1000 ha"",""전국_지표명"":""토지피복 면적 — 습지 또는 정기 침수 관목/초본 식생"",""지역명_로마자"":""Viet Nam"",""지역명_베트남어"":""Việt Nam"",""초본습지_면적_km"":null,""초지_면적_km"":null,""합계_km"":null,""행정단위"":""Country""}",,전국 · 토지피복 면적 — 습지 또는 정기 침수 관목/초본 식생 · [실적치] · FAOSTAT Land Cover · Area from CCI_LC (Flag=E),,,,B-037.xlsx,1.2_entity(레코드형),528,
B-037,"토지피복 분류별 면적[경작지, 산림, 초지, 건물, 수체, 나지]",entity,v124-b-037-entity-00526,B-037_landcover_national,VNM,,,,,,,,,토지피복 면적 — 습지 또는 정기 침수 관목/초본 식생,,,"{""2025_개편_후_소속_34개_체계"":""전국(개편 무관)"",""건물_인공지표_면적_km"":null,""경계_면적_km_GADM"":null,""경계_좌표_산출근거"":""전국 집계값 — 좌표·폴리곤 없음."",""경계_폴리곤_파일"":null,""경작지_면적_km"":null,""관목_면적_km"":null,""기후기술_연계_근거"":""간접 · 원천 자체 분류 — ESA WorldCover 가 토지피복 등급을 Tree cover·Cropland·Built-up 등으로 정의·배포하며, 수목 피복 면적은 탄소 흡수원의 물리적 기반, 경작지·건물 면적은 토지이용 변화의 기준이 됨. 주 기술 23(탄소 흡수원), 부 기술 35(산림·생태계 부문 기술) — 2026-08-28 발주처 지시에 따라 tech_id에 ';'로 연결해 복수 기입. [근거자료] ESA_WorldCover_10m_2021_v200_*_Map.tif (Discrete Classification, 등급 10~95) · FAOSTAT Land Cover(LC) Item=Artificial surfaces 등"",""나지_희박식생_면적_km"":null,""레코드_키"":""VNM_lc_shrubs_and/or_herb_2020"",""맹그로브_면적_km"":null,""수목_면적_km"":null,""연도"":2020,""영구수체_면적_km"":null,""전국_값"":65.41,""전국_단위"":""1000 ha"",""전국_지표명"":""토지피복 면적 — 습지 또는 정기 침수 관목/초본 식생"",""지역명_로마자"":""Viet Nam"",""지역명_베트남어"":""Việt Nam"",""초본습지_면적_km"":null,""초지_면적_km"":null,""합계_km"":null,""행정단위"":""Country""}",,전국 · 토지피복 면적 — 습지 또는 정기 침수 관목/초본 식생 · [실적치] · FAOSTAT Land Cover · Area from CCI_LC (Flag=E),,,,B-037.xlsx,1.2_entity(레코드형),529,
B-037,"토지피복 분류별 면적[경작지, 산림, 초지, 건물, 수체, 나지]",entity,v124-b-037-entity-00527,B-037_landcover_national,VNM,,,,,,,,,토지피복 면적 — 습지 또는 정기 침수 관목/초본 식생,,,"{""2025_개편_후_소속_34개_체계"":""전국(개편 무관)"",""건물_인공지표_면적_km"":null,""경계_면적_km_GADM"":null,""경계_좌표_산출근거"":""전국 집계값 — 좌표·폴리곤 없음."",""경계_폴리곤_파일"":null,""경작지_면적_km"":null,""관목_면적_km"":null,""기후기술_연계_근거"":""간접 · 원천 자체 분류 — ESA WorldCover 가 토지피복 등급을 Tree cover·Cropland·Built-up 등으로 정의·배포하며, 수목 피복 면적은 탄소 흡수원의 물리적 기반, 경작지·건물 면적은 토지이용 변화의 기준이 됨. 주 기술 23(탄소 흡수원), 부 기술 35(산림·생태계 부문 기술) — 2026-08-28 발주처 지시에 따라 tech_id에 ';'로 연결해 복수 기입. [근거자료] ESA_WorldCover_10m_2021_v200_*_Map.tif (Discrete Classification, 등급 10~95) · FAOSTAT Land Cover(LC) Item=Artificial surfaces 등"",""나지_희박식생_면적_km"":null,""레코드_키"":""VNM_lc_shrubs_and/or_herb_2021"",""맹그로브_면적_km"":null,""수목_면적_km"":null,""연도"":2021,""영구수체_면적_km"":null,""전국_값"":65.43,""전국_단위"":""1000 ha"",""전국_지표명"":""토지피복 면적 — 습지 또는 정기 침수 관목/초본 식생"",""지역명_로마자"":""Viet Nam"",""지역명_베트남어"":""Việt Nam"",""초본습지_면적_km"":null,""초지_면적_km"":null,""합계_km"":null,""행정단위"":""Country""}",,전국 · 토지피복 면적 — 습지 또는 정기 침수 관목/초본 식생 · [실적치] · FAOSTAT Land Cover · Area from CCI_LC (Flag=E),,,,B-037.xlsx,1.2_entity(레코드형),530,
B-037,"토지피복 분류별 면적[경작지, 산림, 초지, 건물, 수체, 나지]",entity,v124-b-037-entity-00528,B-037_landcover_national,VNM,,,,,,,,,토지피복 면적 — 습지 또는 정기 침수 관목/초본 식생,,,"{""2025_개편_후_소속_34개_체계"":""전국(개편 무관)"",""건물_인공지표_면적_km"":null,""경계_면적_km_GADM"":null,""경계_좌표_산출근거"":""전국 집계값 — 좌표·폴리곤 없음."",""경계_폴리곤_파일"":null,""경작지_면적_km"":null,""관목_면적_km"":null,""기후기술_연계_근거"":""간접 · 원천 자체 분류 — ESA WorldCover 가 토지피복 등급을 Tree cover·Cropland·Built-up 등으로 정의·배포하며, 수목 피복 면적은 탄소 흡수원의 물리적 기반, 경작지·건물 면적은 토지이용 변화의 기준이 됨. 주 기술 23(탄소 흡수원), 부 기술 35(산림·생태계 부문 기술) — 2026-08-28 발주처 지시에 따라 tech_id에 ';'로 연결해 복수 기입. [근거자료] ESA_WorldCover_10m_2021_v200_*_Map.tif (Discrete Classification, 등급 10~95) · FAOSTAT Land Cover(LC) Item=Artificial surfaces 등"",""나지_희박식생_면적_km"":null,""레코드_키"":""VNM_lc_shrubs_and/or_herb_2022"",""맹그로브_면적_km"":null,""수목_면적_km"":null,""연도"":2022,""영구수체_면적_km"":null,""전국_값"":65.36,""전국_단위"":""1000 ha"",""전국_지표명"":""토지피복 면적 — 습지 또는 정기 침수 관목/초본 식생"",""지역명_로마자"":""Viet Nam"",""지역명_베트남어"":""Việt Nam"",""초본습지_면적_km"":null,""초지_면적_km"":null,""합계_km"":null,""행정단위"":""Country""}",,전국 · 토지피복 면적 — 습지 또는 정기 침수 관목/초본 식생 · [실적치] · FAOSTAT Land Cover · Area from CCI_LC (Flag=E),,,,B-037.xlsx,1.2_entity(레코드형),531,
B-037,"토지피복 분류별 면적[경작지, 산림, 초지, 건물, 수체, 나지]",entity,v124-b-037-entity-00529,B-037_landcover_national,VNM,,,,,,,,,토지피복 면적(CGLS) — 습지 또는 정기 침수 관목/초본 식생,,,"{""2025_개편_후_소속_34개_체계"":""전국(개편 무관)"",""건물_인공지표_면적_km"":null,""경계_면적_km_GADM"":null,""경계_좌표_산출근거"":""전국 집계값 — 좌표·폴리곤 없음."",""경계_폴리곤_파일"":null,""경작지_면적_km"":null,""관목_면적_km"":null,""기후기술_연계_근거"":""간접 · 원천 자체 분류 — ESA WorldCover 가 토지피복 등급을 Tree cover·Cropland·Built-up 등으로 정의·배포하며, 수목 피복 면적은 탄소 흡수원의 물리적 기반, 경작지·건물 면적은 토지이용 변화의 기준이 됨. 주 기술 23(탄소 흡수원), 부 기술 35(산림·생태계 부문 기술) — 2026-08-28 발주처 지시에 따라 tech_id에 ';'로 연결해 복수 기입. [근거자료] ESA_WorldCover_10m_2021_v200_*_Map.tif (Discrete Classification, 등급 10~95) · FAOSTAT Land Cover(LC) Item=Artificial surfaces 등"",""나지_희박식생_면적_km"":null,""레코드_키"":""VNM_lc_shrubs_and/or_herb_cgls_2015"",""맹그로브_면적_km"":null,""수목_면적_km"":null,""연도"":2015,""영구수체_면적_km"":null,""전국_값"":289.92,""전국_단위"":""1000 ha"",""전국_지표명"":""토지피복 면적(CGLS) — 습지 또는 정기 침수 관목/초본 식생"",""지역명_로마자"":""Viet Nam"",""지역명_베트남어"":""Việt Nam"",""초본습지_면적_km"":null,""초지_면적_km"":null,""합계_km"":null,""행정단위"":""Country""}",,전국 · 토지피복 면적(CGLS) — 습지 또는 정기 침수 관목/초본 식생 · [실적치] · FAOSTAT Land Cover · Area from CGLS (Flag=E),,,,B-037.xlsx,1.2_entity(레코드형),532,
B-037,"토지피복 분류별 면적[경작지, 산림, 초지, 건물, 수체, 나지]",entity,v124-b-037-entity-00530,B-037_landcover_national,VNM,,,,,,,,,토지피복 면적(CGLS) — 습지 또는 정기 침수 관목/초본 식생,,,"{""2025_개편_후_소속_34개_체계"":""전국(개편 무관)"",""건물_인공지표_면적_km"":null,""경계_면적_km_GADM"":null,""경계_좌표_산출근거"":""전국 집계값 — 좌표·폴리곤 없음."",""경계_폴리곤_파일"":null,""경작지_면적_km"":null,""관목_면적_km"":null,""기후기술_연계_근거"":""간접 · 원천 자체 분류 — ESA WorldCover 가 토지피복 등급을 Tree cover·Cropland·Built-up 등으로 정의·배포하며, 수목 피복 면적은 탄소 흡수원의 물리적 기반, 경작지·건물 면적은 토지이용 변화의 기준이 됨. 주 기술 23(탄소 흡수원), 부 기술 35(산림·생태계 부문 기술) — 2026-08-28 발주처 지시에 따라 tech_id에 ';'로 연결해 복수 기입. [근거자료] ESA_WorldCover_10m_2021_v200_*_Map.tif (Discrete Classification, 등급 10~95) · FAOSTAT Land Cover(LC) Item=Artificial surfaces 등"",""나지_희박식생_면적_km"":null,""레코드_키"":""VNM_lc_shrubs_and/or_herb_cgls_2016"",""맹그로브_면적_km"":null,""수목_면적_km"":null,""연도"":2016,""영구수체_면적_km"":null,""전국_값"":395.8,""전국_단위"":""1000 ha"",""전국_지표명"":""토지피복 면적(CGLS) — 습지 또는 정기 침수 관목/초본 식생"",""지역명_로마자"":""Viet Nam"",""지역명_베트남어"":""Việt Nam"",""초본습지_면적_km"":null,""초지_면적_km"":null,""합계_km"":null,""행정단위"":""Country""}",,전국 · 토지피복 면적(CGLS) — 습지 또는 정기 침수 관목/초본 식생 · [실적치] · FAOSTAT Land Cover · Area from CGLS (Flag=E),,,,B-037.xlsx,1.2_entity(레코드형),533,
B-037,"토지피복 분류별 면적[경작지, 산림, 초지, 건물, 수체, 나지]",entity,v124-b-037-entity-00531,B-037_landcover_national,VNM,,,,,,,,,토지피복 면적(CGLS) — 습지 또는 정기 침수 관목/초본 식생,,,"{""2025_개편_후_소속_34개_체계"":""전국(개편 무관)"",""건물_인공지표_면적_km"":null,""경계_면적_km_GADM"":null,""경계_좌표_산출근거"":""전국 집계값 — 좌표·폴리곤 없음."",""경계_폴리곤_파일"":null,""경작지_면적_km"":null,""관목_면적_km"":null,""기후기술_연계_근거"":""간접 · 원천 자체 분류 — ESA WorldCover 가 토지피복 등급을 Tree cover·Cropland·Built-up 등으로 정의·배포하며, 수목 피복 면적은 탄소 흡수원의 물리적 기반, 경작지·건물 면적은 토지이용 변화의 기준이 됨. 주 기술 23(탄소 흡수원), 부 기술 35(산림·생태계 부문 기술) — 2026-08-28 발주처 지시에 따라 tech_id에 ';'로 연결해 복수 기입. [근거자료] ESA_WorldCover_10m_2021_v200_*_Map.tif (Discrete Classification, 등급 10~95) · FAOSTAT Land Cover(LC) Item=Artificial surfaces 등"",""나지_희박식생_면적_km"":null,""레코드_키"":""VNM_lc_shrubs_and/or_herb_cgls_2017"",""맹그로브_면적_km"":null,""수목_면적_km"":null,""연도"":2017,""영구수체_면적_km"":null,""전국_값"":456.3,""전국_단위"":""1000 ha"",""전국_지표명"":""토지피복 면적(CGLS) — 습지 또는 정기 침수 관목/초본 식생"",""지역명_로마자"":""Viet Nam"",""지역명_베트남어"":""Việt Nam"",""초본습지_면적_km"":null,""초지_면적_km"":null,""합계_km"":null,""행정단위"":""Country""}",,전국 · 토지피복 면적(CGLS) — 습지 또는 정기 침수 관목/초본 식생 · [실적치] · FAOSTAT Land Cover · Area from CGLS (Flag=E),,,,B-037.xlsx,1.2_entity(레코드형),534,
B-037,"토지피복 분류별 면적[경작지, 산림, 초지, 건물, 수체, 나지]",entity,v124-b-037-entity-00532,B-037_landcover_national,VNM,,,,,,,,,토지피복 면적(CGLS) — 습지 또는 정기 침수 관목/초본 식생,,,"{""2025_개편_후_소속_34개_체계"":""전국(개편 무관)"",""건물_인공지표_면적_km"":null,""경계_면적_km_GADM"":null,""경계_좌표_산출근거"":""전국 집계값 — 좌표·폴리곤 없음."",""경계_폴리곤_파일"":null,""경작지_면적_km"":null,""관목_면적_km"":null,""기후기술_연계_근거"":""간접 · 원천 자체 분류 — ESA WorldCover 가 토지피복 등급을 Tree cover·Cropland·Built-up 등으로 정의·배포하며, 수목 피복 면적은 탄소 흡수원의 물리적 기반, 경작지·건물 면적은 토지이용 변화의 기준이 됨. 주 기술 23(탄소 흡수원), 부 기술 35(산림·생태계 부문 기술) — 2026-08-28 발주처 지시에 따라 tech_id에 ';'로 연결해 복수 기입. [근거자료] ESA_WorldCover_10m_2021_v200_*_Map.tif (Discrete Classification, 등급 10~95) · FAOSTAT Land Cover(LC) Item=Artificial surfaces 등"",""나지_희박식생_면적_km"":null,""레코드_키"":""VNM_lc_shrubs_and/or_herb_cgls_2018"",""맹그로브_면적_km"":null,""수목_면적_km"":null,""연도"":2018,""영구수체_면적_km"":null,""전국_값"":529.43,""전국_단위"":""1000 ha"",""전국_지표명"":""토지피복 면적(CGLS) — 습지 또는 정기 침수 관목/초본 식생"",""지역명_로마자"":""Viet Nam"",""지역명_베트남어"":""Việt Nam"",""초본습지_면적_km"":null,""초지_면적_km"":null,""합계_km"":null,""행정단위"":""Country""}",,전국 · 토지피복 면적(CGLS) — 습지 또는 정기 침수 관목/초본 식생 · [실적치] · FAOSTAT Land Cover · Area from CGLS (Flag=E),,,,B-037.xlsx,1.2_entity(레코드형),535,
B-037,"토지피복 분류별 면적[경작지, 산림, 초지, 건물, 수체, 나지]",entity,v124-b-037-entity-00533,B-037_landcover_national,VNM,,,,,,,,,토지피복 면적(CGLS) — 습지 또는 정기 침수 관목/초본 식생,,,"{""2025_개편_후_소속_34개_체계"":""전국(개편 무관)"",""건물_인공지표_면적_km"":null,""경계_면적_km_GADM"":null,""경계_좌표_산출근거"":""전국 집계값 — 좌표·폴리곤 없음."",""경계_폴리곤_파일"":null,""경작지_면적_km"":null,""관목_면적_km"":null,""기후기술_연계_근거"":""간접 · 원천 자체 분류 — ESA WorldCover 가 토지피복 등급을 Tree cover·Cropland·Built-up 등으로 정의·배포하며, 수목 피복 면적은 탄소 흡수원의 물리적 기반, 경작지·건물 면적은 토지이용 변화의 기준이 됨. 주 기술 23(탄소 흡수원), 부 기술 35(산림·생태계 부문 기술) — 2026-08-28 발주처 지시에 따라 tech_id에 ';'로 연결해 복수 기입. [근거자료] ESA_WorldCover_10m_2021_v200_*_Map.tif (Discrete Classification, 등급 10~95) · FAOSTAT Land Cover(LC) Item=Artificial surfaces 등"",""나지_희박식생_면적_km"":null,""레코드_키"":""VNM_lc_shrubs_and/or_herb_cgls_2019"",""맹그로브_면적_km"":null,""수목_면적_km"":null,""연도"":2019,""영구수체_면적_km"":null,""전국_값"":586.1,""전국_단위"":""1000 ha"",""전국_지표명"":""토지피복 면적(CGLS) — 습지 또는 정기 침수 관목/초본 식생"",""지역명_로마자"":""Viet Nam"",""지역명_베트남어"":""Việt Nam"",""초본습지_면적_km"":null,""초지_면적_km"":null,""합계_km"":null,""행정단위"":""Country""}",,전국 · 토지피복 면적(CGLS) — 습지 또는 정기 침수 관목/초본 식생 · [실적치] · FAOSTAT Land Cover · Area from CGLS (Flag=E),,,,B-037.xlsx,1.2_entity(레코드형),536,
B-037,"토지피복 분류별 면적[경작지, 산림, 초지, 건물, 수체, 나지]",entity,v124-b-037-entity-00534,B-037_landcover_national,VNM,,,,,,,,,토지피복 면적(MODIS) — 습지 또는 정기 침수 관목/초본 식생,,,"{""2025_개편_후_소속_34개_체계"":""전국(개편 무관)"",""건물_인공지표_면적_km"":null,""경계_면적_km_GADM"":null,""경계_좌표_산출근거"":""전국 집계값 — 좌표·폴리곤 없음."",""경계_폴리곤_파일"":null,""경작지_면적_km"":null,""관목_면적_km"":null,""기후기술_연계_근거"":""간접 · 원천 자체 분류 — ESA WorldCover 가 토지피복 등급을 Tree cover·Cropland·Built-up 등으로 정의·배포하며, 수목 피복 면적은 탄소 흡수원의 물리적 기반, 경작지·건물 면적은 토지이용 변화의 기준이 됨. 주 기술 23(탄소 흡수원), 부 기술 35(산림·생태계 부문 기술) — 2026-08-28 발주처 지시에 따라 tech_id에 ';'로 연결해 복수 기입. [근거자료] ESA_WorldCover_10m_2021_v200_*_Map.tif (Discrete Classification, 등급 10~95) · FAOSTAT Land Cover(LC) Item=Artificial surfaces 등"",""나지_희박식생_면적_km"":null,""레코드_키"":""VNM_lc_shrubs_and/or_herb_modis_2001"",""맹그로브_면적_km"":null,""수목_면적_km"":null,""연도"":2001,""영구수체_면적_km"":null,""전국_값"":938.24,""전국_단위"":""1000 ha"",""전국_지표명"":""토지피복 면적(MODIS) — 습지 또는 정기 침수 관목/초본 식생"",""지역명_로마자"":""Viet Nam"",""지역명_베트남어"":""Việt Nam"",""초본습지_면적_km"":null,""초지_면적_km"":null,""합계_km"":null,""행정단위"":""Country""}",,전국 · 토지피복 면적(MODIS) — 습지 또는 정기 침수 관목/초본 식생 · [실적치] · FAOSTAT Land Cover · Area from MODIS (Flag=E),,,,B-037.xlsx,1.2_entity(레코드형),537,
B-037,"토지피복 분류별 면적[경작지, 산림, 초지, 건물, 수체, 나지]",entity,v124-b-037-entity-00535,B-037_landcover_national,VNM,,,,,,,,,토지피복 면적(MODIS) — 습지 또는 정기 침수 관목/초본 식생,,,"{""2025_개편_후_소속_34개_체계"":""전국(개편 무관)"",""건물_인공지표_면적_km"":null,""경계_면적_km_GADM"":null,""경계_좌표_산출근거"":""전국 집계값 — 좌표·폴리곤 없음."",""경계_폴리곤_파일"":null,""경작지_면적_km"":null,""관목_면적_km"":null,""기후기술_연계_근거"":""간접 · 원천 자체 분류 — ESA WorldCover 가 토지피복 등급을 Tree cover·Cropland·Built-up 등으로 정의·배포하며, 수목 피복 면적은 탄소 흡수원의 물리적 기반, 경작지·건물 면적은 토지이용 변화의 기준이 됨. 주 기술 23(탄소 흡수원), 부 기술 35(산림·생태계 부문 기술) — 2026-08-28 발주처 지시에 따라 tech_id에 ';'로 연결해 복수 기입. [근거자료] ESA_WorldCover_10m_2021_v200_*_Map.tif (Discrete Classification, 등급 10~95) · FAOSTAT Land Cover(LC) Item=Artificial surfaces 등"",""나지_희박식생_면적_km"":null,""레코드_키"":""VNM_lc_shrubs_and/or_herb_modis_2002"",""맹그로브_면적_km"":null,""수목_면적_km"":null,""연도"":2002,""영구수체_면적_km"":null,""전국_값"":806.04,""전국_단위"":""1000 ha"",""전국_지표명"":""토지피복 면적(MODIS) — 습지 또는 정기 침수 관목/초본 식생"",""지역명_로마자"":""Viet Nam"",""지역명_베트남어"":""Việt Nam"",""초본습지_면적_km"":null,""초지_면적_km"":null,""합계_km"":null,""행정단위"":""Country""}",,전국 · 토지피복 면적(MODIS) — 습지 또는 정기 침수 관목/초본 식생 · [실적치] · FAOSTAT Land Cover · Area from MODIS (Flag=E),,,,B-037.xlsx,1.2_entity(레코드형),538,
B-037,"토지피복 분류별 면적[경작지, 산림, 초지, 건물, 수체, 나지]",entity,v124-b-037-entity-00536,B-037_landcover_national,VNM,,,,,,,,,토지피복 면적(MODIS) — 습지 또는 정기 침수 관목/초본 식생,,,"{""2025_개편_후_소속_34개_체계"":""전국(개편 무관)"",""건물_인공지표_면적_km"":null,""경계_면적_km_GADM"":null,""경계_좌표_산출근거"":""전국 집계값 — 좌표·폴리곤 없음."",""경계_폴리곤_파일"":null,""경작지_면적_km"":null,""관목_면적_km"":null,""기후기술_연계_근거"":""간접 · 원천 자체 분류 — ESA WorldCover 가 토지피복 등급을 Tree cover·Cropland·Built-up 등으로 정의·배포하며, 수목 피복 면적은 탄소 흡수원의 물리적 기반, 경작지·건물 면적은 토지이용 변화의 기준이 됨. 주 기술 23(탄소 흡수원), 부 기술 35(산림·생태계 부문 기술) — 2026-08-28 발주처 지시에 따라 tech_id에 ';'로 연결해 복수 기입. [근거자료] ESA_WorldCover_10m_2021_v200_*_Map.tif (Discrete Classification, 등급 10~95) · FAOSTAT Land Cover(LC) Item=Artificial surfaces 등"",""나지_희박식생_면적_km"":null,""레코드_키"":""VNM_lc_shrubs_and/or_herb_modis_2003"",""맹그로브_면적_km"":null,""수목_면적_km"":null,""연도"":2003,""영구수체_면적_km"":null,""전국_값"":752.06,""전국_단위"":""1000 ha"",""전국_지표명"":""토지피복 면적(MODIS) — 습지 또는 정기 침수 관목/초본 식생"",""지역명_로마자"":""Viet Nam"",""지역명_베트남어"":""Việt Nam"",""초본습지_면적_km"":null,""초지_면적_km"":null,""합계_km"":null,""행정단위"":""Country""}",,전국 · 토지피복 면적(MODIS) — 습지 또는 정기 침수 관목/초본 식생 · [실적치] · FAOSTAT Land Cover · Area from MODIS (Flag=E),,,,B-037.xlsx,1.2_entity(레코드형),539,
B-037,"토지피복 분류별 면적[경작지, 산림, 초지, 건물, 수체, 나지]",entity,v124-b-037-entity-00537,B-037_landcover_national,VNM,,,,,,,,,토지피복 면적(MODIS) — 습지 또는 정기 침수 관목/초본 식생,,,"{""2025_개편_후_소속_34개_체계"":""전국(개편 무관)"",""건물_인공지표_면적_km"":null,""경계_면적_km_GADM"":null,""경계_좌표_산출근거"":""전국 집계값 — 좌표·폴리곤 없음."",""경계_폴리곤_파일"":null,""경작지_면적_km"":null,""관목_면적_km"":null,""기후기술_연계_근거"":""간접 · 원천 자체 분류 — ESA WorldCover 가 토지피복 등급을 Tree cover·Cropland·Built-up 등으로 정의·배포하며, 수목 피복 면적은 탄소 흡수원의 물리적 기반, 경작지·건물 면적은 토지이용 변화의 기준이 됨. 주 기술 23(탄소 흡수원), 부 기술 35(산림·생태계 부문 기술) — 2026-08-28 발주처 지시에 따라 tech_id에 ';'로 연결해 복수 기입. [근거자료] ESA_WorldCover_10m_2021_v200_*_Map.tif (Discrete Classification, 등급 10~95) · FAOSTAT Land Cover(LC) Item=Artificial surfaces 등"",""나지_희박식생_면적_km"":null,""레코드_키"":""VNM_lc_shrubs_and/or_herb_modis_2004"",""맹그로브_면적_km"":null,""수목_면적_km"":null,""연도"":2004,""영구수체_면적_km"":null,""전국_값"":715.8,""전국_단위"":""1000 ha"",""전국_지표명"":""토지피복 면적(MODIS) — 습지 또는 정기 침수 관목/초본 식생"",""지역명_로마자"":""Viet Nam"",""지역명_베트남어"":""Việt Nam"",""초본습지_면적_km"":null,""초지_면적_km"":null,""합계_km"":null,""행정단위"":""Country""}",,전국 · 토지피복 면적(MODIS) — 습지 또는 정기 침수 관목/초본 식생 · [실적치] · FAOSTAT Land Cover · Area from MODIS (Flag=E),,,,B-037.xlsx,1.2_entity(레코드형),540,
B-037,"토지피복 분류별 면적[경작지, 산림, 초지, 건물, 수체, 나지]",entity,v124-b-037-entity-00538,B-037_landcover_national,VNM,,,,,,,,,토지피복 면적(MODIS) — 습지 또는 정기 침수 관목/초본 식생,,,"{""2025_개편_후_소속_34개_체계"":""전국(개편 무관)"",""건물_인공지표_면적_km"":null,""경계_면적_km_GADM"":null,""경계_좌표_산출근거"":""전국 집계값 — 좌표·폴리곤 없음."",""경계_폴리곤_파일"":null,""경작지_면적_km"":null,""관목_면적_km"":null,""기후기술_연계_근거"":""간접 · 원천 자체 분류 — ESA WorldCover 가 토지피복 등급을 Tree cover·Cropland·Built-up 등으로 정의·배포하며, 수목 피복 면적은 탄소 흡수원의 물리적 기반, 경작지·건물 면적은 토지이용 변화의 기준이 됨. 주 기술 23(탄소 흡수원), 부 기술 35(산림·생태계 부문 기술) — 2026-08-28 발주처 지시에 따라 tech_id에 ';'로 연결해 복수 기입. [근거자료] ESA_WorldCover_10m_2021_v200_*_Map.tif (Discrete Classification, 등급 10~95) · FAOSTAT Land Cover(LC) Item=Artificial surfaces 등"",""나지_희박식생_면적_km"":null,""레코드_키"":""VNM_lc_shrubs_and/or_herb_modis_2005"",""맹그로브_면적_km"":null,""수목_면적_km"":null,""연도"":2005,""영구수체_면적_km"":null,""전국_값"":655.26,""전국_단위"":""1000 ha"",""전국_지표명"":""토지피복 면적(MODIS) — 습지 또는 정기 침수 관목/초본 식생"",""지역명_로마자"":""Viet Nam"",""지역명_베트남어"":""Việt Nam"",""초본습지_면적_km"":null,""초지_면적_km"":null,""합계_km"":null,""행정단위"":""Country""}",,전국 · 토지피복 면적(MODIS) — 습지 또는 정기 침수 관목/초본 식생 · [실적치] · FAOSTAT Land Cover · Area from MODIS (Flag=E),,,,B-037.xlsx,1.2_entity(레코드형),541,
B-037,"토지피복 분류별 면적[경작지, 산림, 초지, 건물, 수체, 나지]",entity,v124-b-037-entity-00539,B-037_landcover_national,VNM,,,,,,,,,토지피복 면적(MODIS) — 습지 또는 정기 침수 관목/초본 식생,,,"{""2025_개편_후_소속_34개_체계"":""전국(개편 무관)"",""건물_인공지표_면적_km"":null,""경계_면적_km_GADM"":null,""경계_좌표_산출근거"":""전국 집계값 — 좌표·폴리곤 없음."",""경계_폴리곤_파일"":null,""경작지_면적_km"":null,""관목_면적_km"":null,""기후기술_연계_근거"":""간접 · 원천 자체 분류 — ESA WorldCover 가 토지피복 등급을 Tree cover·Cropland·Built-up 등으로 정의·배포하며, 수목 피복 면적은 탄소 흡수원의 물리적 기반, 경작지·건물 면적은 토지이용 변화의 기준이 됨. 주 기술 23(탄소 흡수원), 부 기술 35(산림·생태계 부문 기술) — 2026-08-28 발주처 지시에 따라 tech_id에 ';'로 연결해 복수 기입. [근거자료] ESA_WorldCover_10m_2021_v200_*_Map.tif (Discrete Classification, 등급 10~95) · FAOSTAT Land Cover(LC) Item=Artificial surfaces 등"",""나지_희박식생_면적_km"":null,""레코드_키"":""VNM_lc_shrubs_and/or_herb_modis_2006"",""맹그로브_면적_km"":null,""수목_면적_km"":null,""연도"":2006,""영구수체_면적_km"":null,""전국_값"":623.57,""전국_단위"":""1000 ha"",""전국_지표명"":""토지피복 면적(MODIS) — 습지 또는 정기 침수 관목/초본 식생"",""지역명_로마자"":""Viet Nam"",""지역명_베트남어"":""Việt Nam"",""초본습지_면적_km"":null,""초지_면적_km"":null,""합계_km"":null,""행정단위"":""Country""}",,전국 · 토지피복 면적(MODIS) — 습지 또는 정기 침수 관목/초본 식생 · [실적치] · FAOSTAT Land Cover · Area from MODIS (Flag=E),,,,B-037.xlsx,1.2_entity(레코드형),542,
B-037,"토지피복 분류별 면적[경작지, 산림, 초지, 건물, 수체, 나지]",entity,v124-b-037-entity-00540,B-037_landcover_national,VNM,,,,,,,,,토지피복 면적(MODIS) — 습지 또는 정기 침수 관목/초본 식생,,,"{""2025_개편_후_소속_34개_체계"":""전국(개편 무관)"",""건물_인공지표_면적_km"":null,""경계_면적_km_GADM"":null,""경계_좌표_산출근거"":""전국 집계값 — 좌표·폴리곤 없음."",""경계_폴리곤_파일"":null,""경작지_면적_km"":null,""관목_면적_km"":null,""기후기술_연계_근거"":""간접 · 원천 자체 분류 — ESA WorldCover 가 토지피복 등급을 Tree cover·Cropland·Built-up 등으로 정의·배포하며, 수목 피복 면적은 탄소 흡수원의 물리적 기반, 경작지·건물 면적은 토지이용 변화의 기준이 됨. 주 기술 23(탄소 흡수원), 부 기술 35(산림·생태계 부문 기술) — 2026-08-28 발주처 지시에 따라 tech_id에 ';'로 연결해 복수 기입. [근거자료] ESA_WorldCover_10m_2021_v200_*_Map.tif (Discrete Classification, 등급 10~95) · FAOSTAT Land Cover(LC) Item=Artificial surfaces 등"",""나지_희박식생_면적_km"":null,""레코드_키"":""VNM_lc_shrubs_and/or_herb_modis_2007"",""맹그로브_면적_km"":null,""수목_면적_km"":null,""연도"":2007,""영구수체_면적_km"":null,""전국_값"":629.43,""전국_단위"":""1000 ha"",""전국_지표명"":""토지피복 면적(MODIS) — 습지 또는 정기 침수 관목/초본 식생"",""지역명_로마자"":""Viet Nam"",""지역명_베트남어"":""Việt Nam"",""초본습지_면적_km"":null,""초지_면적_km"":null,""합계_km"":null,""행정단위"":""Country""}",,전국 · 토지피복 면적(MODIS) — 습지 또는 정기 침수 관목/초본 식생 · [실적치] · FAOSTAT Land Cover · Area from MODIS (Flag=E),,,,B-037.xlsx,1.2_entity(레코드형),543,
B-037,"토지피복 분류별 면적[경작지, 산림, 초지, 건물, 수체, 나지]",entity,v124-b-037-entity-00541,B-037_landcover_national,VNM,,,,,,,,,토지피복 면적(MODIS) — 습지 또는 정기 침수 관목/초본 식생,,,"{""2025_개편_후_소속_34개_체계"":""전국(개편 무관)"",""건물_인공지표_면적_km"":null,""경계_면적_km_GADM"":null,""경계_좌표_산출근거"":""전국 집계값 — 좌표·폴리곤 없음."",""경계_폴리곤_파일"":null,""경작지_면적_km"":null,""관목_면적_km"":null,""기후기술_연계_근거"":""간접 · 원천 자체 분류 — ESA WorldCover 가 토지피복 등급을 Tree cover·Cropland·Built-up 등으로 정의·배포하며, 수목 피복 면적은 탄소 흡수원의 물리적 기반, 경작지·건물 면적은 토지이용 변화의 기준이 됨. 주 기술 23(탄소 흡수원), 부 기술 35(산림·생태계 부문 기술) — 2026-08-28 발주처 지시에 따라 tech_id에 ';'로 연결해 복수 기입. [근거자료] ESA_WorldCover_10m_2021_v200_*_Map.tif (Discrete Classification, 등급 10~95) · FAOSTAT Land Cover(LC) Item=Artificial surfaces 등"",""나지_희박식생_면적_km"":null,""레코드_키"":""VNM_lc_shrubs_and/or_herb_modis_2008"",""맹그로브_면적_km"":null,""수목_면적_km"":null,""연도"":2008,""영구수체_면적_km"":null,""전국_값"":629.39,""전국_단위"":""1000 ha"",""전국_지표명"":""토지피복 면적(MODIS) — 습지 또는 정기 침수 관목/초본 식생"",""지역명_로마자"":""Viet Nam"",""지역명_베트남어"":""Việt Nam"",""초본습지_면적_km"":null,""초지_면적_km"":null,""합계_km"":null,""행정단위"":""Country""}",,전국 · 토지피복 면적(MODIS) — 습지 또는 정기 침수 관목/초본 식생 · [실적치] · FAOSTAT Land Cover · Area from MODIS (Flag=E),,,,B-037.xlsx,1.2_entity(레코드형),544,
B-037,"토지피복 분류별 면적[경작지, 산림, 초지, 건물, 수체, 나지]",entity,v124-b-037-entity-00542,B-037_landcover_national,VNM,,,,,,,,,토지피복 면적(MODIS) — 습지 또는 정기 침수 관목/초본 식생,,,"{""2025_개편_후_소속_34개_체계"":""전국(개편 무관)"",""건물_인공지표_면적_km"":null,""경계_면적_km_GADM"":null,""경계_좌표_산출근거"":""전국 집계값 — 좌표·폴리곤 없음."",""경계_폴리곤_파일"":null,""경작지_면적_km"":null,""관목_면적_km"":null,""기후기술_연계_근거"":""간접 · 원천 자체 분류 — ESA WorldCover 가 토지피복 등급을 Tree cover·Cropland·Built-up 등으로 정의·배포하며, 수목 피복 면적은 탄소 흡수원의 물리적 기반, 경작지·건물 면적은 토지이용 변화의 기준이 됨. 주 기술 23(탄소 흡수원), 부 기술 35(산림·생태계 부문 기술) — 2026-08-28 발주처 지시에 따라 tech_id에 ';'로 연결해 복수 기입. [근거자료] ESA_WorldCover_10m_2021_v200_*_Map.tif (Discrete Classification, 등급 10~95) · FAOSTAT Land Cover(LC) Item=Artificial surfaces 등"",""나지_희박식생_면적_km"":null,""레코드_키"":""VNM_lc_shrubs_and/or_herb_modis_2009"",""맹그로브_면적_km"":null,""수목_면적_km"":null,""연도"":2009,""영구수체_면적_km"":null,""전국_값"":637.28,""전국_단위"":""1000 ha"",""전국_지표명"":""토지피복 면적(MODIS) — 습지 또는 정기 침수 관목/초본 식생"",""지역명_로마자"":""Viet Nam"",""지역명_베트남어"":""Việt Nam"",""초본습지_면적_km"":null,""초지_면적_km"":null,""합계_km"":null,""행정단위"":""Country""}",,전국 · 토지피복 면적(MODIS) — 습지 또는 정기 침수 관목/초본 식생 · [실적치] · FAOSTAT Land Cover · Area from MODIS (Flag=E),,,,B-037.xlsx,1.2_entity(레코드형),545,
B-037,"토지피복 분류별 면적[경작지, 산림, 초지, 건물, 수체, 나지]",entity,v124-b-037-entity-00543,B-037_landcover_national,VNM,,,,,,,,,토지피복 면적(MODIS) — 습지 또는 정기 침수 관목/초본 식생,,,"{""2025_개편_후_소속_34개_체계"":""전국(개편 무관)"",""건물_인공지표_면적_km"":null,""경계_면적_km_GADM"":null,""경계_좌표_산출근거"":""전국 집계값 — 좌표·폴리곤 없음."",""경계_폴리곤_파일"":null,""경작지_면적_km"":null,""관목_면적_km"":null,""기후기술_연계_근거"":""간접 · 원천 자체 분류 — ESA WorldCover 가 토지피복 등급을 Tree cover·Cropland·Built-up 등으로 정의·배포하며, 수목 피복 면적은 탄소 흡수원의 물리적 기반, 경작지·건물 면적은 토지이용 변화의 기준이 됨. 주 기술 23(탄소 흡수원), 부 기술 35(산림·생태계 부문 기술) — 2026-08-28 발주처 지시에 따라 tech_id에 ';'로 연결해 복수 기입. [근거자료] ESA_WorldCover_10m_2021_v200_*_Map.tif (Discrete Classification, 등급 10~95) · FAOSTAT Land Cover(LC) Item=Artificial surfaces 등"",""나지_희박식생_면적_km"":null,""레코드_키"":""VNM_lc_shrubs_and/or_herb_modis_2010"",""맹그로브_면적_km"":null,""수목_면적_km"":null,""연도"":2010,""영구수체_면적_km"":null,""전국_값"":673.19,""전국_단위"":""1000 ha"",""전국_지표명"":""토지피복 면적(MODIS) — 습지 또는 정기 침수 관목/초본 식생"",""지역명_로마자"":""Viet Nam"",""지역명_베트남어"":""Việt Nam"",""초본습지_면적_km"":null,""초지_면적_km"":null,""합계_km"":null,""행정단위"":""Country""}",,전국 · 토지피복 면적(MODIS) — 습지 또는 정기 침수 관목/초본 식생 · [실적치] · FAOSTAT Land Cover · Area from MODIS (Flag=E),,,,B-037.xlsx,1.2_entity(레코드형),546,
B-037,"토지피복 분류별 면적[경작지, 산림, 초지, 건물, 수체, 나지]",entity,v124-b-037-entity-00544,B-037_landcover_national,VNM,,,,,,,,,토지피복 면적(MODIS) — 습지 또는 정기 침수 관목/초본 식생,,,"{""2025_개편_후_소속_34개_체계"":""전국(개편 무관)"",""건물_인공지표_면적_km"":null,""경계_면적_km_GADM"":null,""경계_좌표_산출근거"":""전국 집계값 — 좌표·폴리곤 없음."",""경계_폴리곤_파일"":null,""경작지_면적_km"":null,""관목_면적_km"":null,""기후기술_연계_근거"":""간접 · 원천 자체 분류 — ESA WorldCover 가 토지피복 등급을 Tree cover·Cropland·Built-up 등으로 정의·배포하며, 수목 피복 면적은 탄소 흡수원의 물리적 기반, 경작지·건물 면적은 토지이용 변화의 기준이 됨. 주 기술 23(탄소 흡수원), 부 기술 35(산림·생태계 부문 기술) — 2026-08-28 발주처 지시에 따라 tech_id에 ';'로 연결해 복수 기입. [근거자료] ESA_WorldCover_10m_2021_v200_*_Map.tif (Discrete Classification, 등급 10~95) · FAOSTAT Land Cover(LC) Item=Artificial surfaces 등"",""나지_희박식생_면적_km"":null,""레코드_키"":""VNM_lc_shrubs_and/or_herb_modis_2011"",""맹그로브_면적_km"":null,""수목_면적_km"":null,""연도"":2011,""영구수체_면적_km"":null,""전국_값"":700.6,""전국_단위"":""1000 ha"",""전국_지표명"":""토지피복 면적(MODIS) — 습지 또는 정기 침수 관목/초본 식생"",""지역명_로마자"":""Viet Nam"",""지역명_베트남어"":""Việt Nam"",""초본습지_면적_km"":null,""초지_면적_km"":null,""합계_km"":null,""행정단위"":""Country""}",,전국 · 토지피복 면적(MODIS) — 습지 또는 정기 침수 관목/초본 식생 · [실적치] · FAOSTAT Land Cover · Area from MODIS (Flag=E),,,,B-037.xlsx,1.2_entity(레코드형),547,
B-037,"토지피복 분류별 면적[경작지, 산림, 초지, 건물, 수체, 나지]",entity,v124-b-037-entity-00545,B-037_landcover_national,VNM,,,,,,,,,토지피복 면적(MODIS) — 습지 또는 정기 침수 관목/초본 식생,,,"{""2025_개편_후_소속_34개_체계"":""전국(개편 무관)"",""건물_인공지표_면적_km"":null,""경계_면적_km_GADM"":null,""경계_좌표_산출근거"":""전국 집계값 — 좌표·폴리곤 없음."",""경계_폴리곤_파일"":null,""경작지_면적_km"":null,""관목_면적_km"":null,""기후기술_연계_근거"":""간접 · 원천 자체 분류 — ESA WorldCover 가 토지피복 등급을 Tree cover·Cropland·Built-up 등으로 정의·배포하며, 수목 피복 면적은 탄소 흡수원의 물리적 기반, 경작지·건물 면적은 토지이용 변화의 기준이 됨. 주 기술 23(탄소 흡수원), 부 기술 35(산림·생태계 부문 기술) — 2026-08-28 발주처 지시에 따라 tech_id에 ';'로 연결해 복수 기입. [근거자료] ESA_WorldCover_10m_2021_v200_*_Map.tif (Discrete Classification, 등급 10~95) · FAOSTAT Land Cover(LC) Item=Artificial surfaces 등"",""나지_희박식생_면적_km"":null,""레코드_키"":""VNM_lc_shrubs_and/or_herb_modis_2012"",""맹그로브_면적_km"":null,""수목_면적_km"":null,""연도"":2012,""영구수체_면적_km"":null,""전국_값"":749.18,""전국_단위"":""1000 ha"",""전국_지표명"":""토지피복 면적(MODIS) — 습지 또는 정기 침수 관목/초본 식생"",""지역명_로마자"":""Viet Nam"",""지역명_베트남어"":""Việt Nam"",""초본습지_면적_km"":null,""초지_면적_km"":null,""합계_km"":null,""행정단위"":""Country""}",,전국 · 토지피복 면적(MODIS) — 습지 또는 정기 침수 관목/초본 식생 · [실적치] · FAOSTAT Land Cover · Area from MODIS (Flag=E),,,,B-037.xlsx,1.2_entity(레코드형),548,
B-037,"토지피복 분류별 면적[경작지, 산림, 초지, 건물, 수체, 나지]",entity,v124-b-037-entity-00546,B-037_landcover_national,VNM,,,,,,,,,토지피복 면적(MODIS) — 습지 또는 정기 침수 관목/초본 식생,,,"{""2025_개편_후_소속_34개_체계"":""전국(개편 무관)"",""건물_인공지표_면적_km"":null,""경계_면적_km_GADM"":null,""경계_좌표_산출근거"":""전국 집계값 — 좌표·폴리곤 없음."",""경계_폴리곤_파일"":null,""경작지_면적_km"":null,""관목_면적_km"":null,""기후기술_연계_근거"":""간접 · 원천 자체 분류 — ESA WorldCover 가 토지피복 등급을 Tree cover·Cropland·Built-up 등으로 정의·배포하며, 수목 피복 면적은 탄소 흡수원의 물리적 기반, 경작지·건물 면적은 토지이용 변화의 기준이 됨. 주 기술 23(탄소 흡수원), 부 기술 35(산림·생태계 부문 기술) — 2026-08-28 발주처 지시에 따라 tech_id에 ';'로 연결해 복수 기입. [근거자료] ESA_WorldCover_10m_2021_v200_*_Map.tif (Discrete Classification, 등급 10~95) · FAOSTAT Land Cover(LC) Item=Artificial surfaces 등"",""나지_희박식생_면적_km"":null,""레코드_키"":""VNM_lc_shrubs_and/or_herb_modis_2013"",""맹그로브_면적_km"":null,""수목_면적_km"":null,""연도"":2013,""영구수체_면적_km"":null,""전국_값"":808.31,""전국_단위"":""1000 ha"",""전국_지표명"":""토지피복 면적(MODIS) — 습지 또는 정기 침수 관목/초본 식생"",""지역명_로마자"":""Viet Nam"",""지역명_베트남어"":""Việt Nam"",""초본습지_면적_km"":null,""초지_면적_km"":null,""합계_km"":null,""행정단위"":""Country""}",,전국 · 토지피복 면적(MODIS) — 습지 또는 정기 침수 관목/초본 식생 · [실적치] · FAOSTAT Land Cover · Area from MODIS (Flag=E),,,,B-037.xlsx,1.2_entity(레코드형),549,
B-037,"토지피복 분류별 면적[경작지, 산림, 초지, 건물, 수체, 나지]",entity,v124-b-037-entity-00547,B-037_landcover_national,VNM,,,,,,,,,토지피복 면적(MODIS) — 습지 또는 정기 침수 관목/초본 식생,,,"{""2025_개편_후_소속_34개_체계"":""전국(개편 무관)"",""건물_인공지표_면적_km"":null,""경계_면적_km_GADM"":null,""경계_좌표_산출근거"":""전국 집계값 — 좌표·폴리곤 없음."",""경계_폴리곤_파일"":null,""경작지_면적_km"":null,""관목_면적_km"":null,""기후기술_연계_근거"":""간접 · 원천 자체 분류 — ESA WorldCover 가 토지피복 등급을 Tree cover·Cropland·Built-up 등으로 정의·배포하며, 수목 피복 면적은 탄소 흡수원의 물리적 기반, 경작지·건물 면적은 토지이용 변화의 기준이 됨. 주 기술 23(탄소 흡수원), 부 기술 35(산림·생태계 부문 기술) — 2026-08-28 발주처 지시에 따라 tech_id에 ';'로 연결해 복수 기입. [근거자료] ESA_WorldCover_10m_2021_v200_*_Map.tif (Discrete Classification, 등급 10~95) · FAOSTAT Land Cover(LC) Item=Artificial surfaces 등"",""나지_희박식생_면적_km"":null,""레코드_키"":""VNM_lc_shrubs_and/or_herb_modis_2014"",""맹그로브_면적_km"":null,""수목_면적_km"":null,""연도"":2014,""영구수체_면적_km"":null,""전국_값"":852.55,""전국_단위"":""1000 ha"",""전국_지표명"":""토지피복 면적(MODIS) — 습지 또는 정기 침수 관목/초본 식생"",""지역명_로마자"":""Viet Nam"",""지역명_베트남어"":""Việt Nam"",""초본습지_면적_km"":null,""초지_면적_km"":null,""합계_km"":null,""행정단위"":""Country""}",,전국 · 토지피복 면적(MODIS) — 습지 또는 정기 침수 관목/초본 식생 · [실적치] · FAOSTAT Land Cover · Area from MODIS (Flag=E),,,,B-037.xlsx,1.2_entity(레코드형),550,
B-037,"토지피복 분류별 면적[경작지, 산림, 초지, 건물, 수체, 나지]",entity,v124-b-037-entity-00548,B-037_landcover_national,VNM,,,,,,,,,토지피복 면적(MODIS) — 습지 또는 정기 침수 관목/초본 식생,,,"{""2025_개편_후_소속_34개_체계"":""전국(개편 무관)"",""건물_인공지표_면적_km"":null,""경계_면적_km_GADM"":null,""경계_좌표_산출근거"":""전국 집계값 — 좌표·폴리곤 없음."",""경계_폴리곤_파일"":null,""경작지_면적_km"":null,""관목_면적_km"":null,""기후기술_연계_근거"":""간접 · 원천 자체 분류 — ESA WorldCover 가 토지피복 등급을 Tree cover·Cropland·Built-up 등으로 정의·배포하며, 수목 피복 면적은 탄소 흡수원의 물리적 기반, 경작지·건물 면적은 토지이용 변화의 기준이 됨. 주 기술 23(탄소 흡수원), 부 기술 35(산림·생태계 부문 기술) — 2026-08-28 발주처 지시에 따라 tech_id에 ';'로 연결해 복수 기입. [근거자료] ESA_WorldCover_10m_2021_v200_*_Map.tif (Discrete Classification, 등급 10~95) · FAOSTAT Land Cover(LC) Item=Artificial surfaces 등"",""나지_희박식생_면적_km"":null,""레코드_키"":""VNM_lc_shrubs_and/or_herb_modis_2015"",""맹그로브_면적_km"":null,""수목_면적_km"":null,""연도"":2015,""영구수체_면적_km"":null,""전국_값"":869.03,""전국_단위"":""1000 ha"",""전국_지표명"":""토지피복 면적(MODIS) — 습지 또는 정기 침수 관목/초본 식생"",""지역명_로마자"":""Viet Nam"",""지역명_베트남어"":""Việt Nam"",""초본습지_면적_km"":null,""초지_면적_km"":null,""합계_km"":null,""행정단위"":""Country""}",,전국 · 토지피복 면적(MODIS) — 습지 또는 정기 침수 관목/초본 식생 · [실적치] · FAOSTAT Land Cover · Area from MODIS (Flag=E),,,,B-037.xlsx,1.2_entity(레코드형),551,
B-037,"토지피복 분류별 면적[경작지, 산림, 초지, 건물, 수체, 나지]",entity,v124-b-037-entity-00549,B-037_landcover_national,VNM,,,,,,,,,토지피복 면적(MODIS) — 습지 또는 정기 침수 관목/초본 식생,,,"{""2025_개편_후_소속_34개_체계"":""전국(개편 무관)"",""건물_인공지표_면적_km"":null,""경계_면적_km_GADM"":null,""경계_좌표_산출근거"":""전국 집계값 — 좌표·폴리곤 없음."",""경계_폴리곤_파일"":null,""경작지_면적_km"":null,""관목_면적_km"":null,""기후기술_연계_근거"":""간접 · 원천 자체 분류 — ESA WorldCover 가 토지피복 등급을 Tree cover·Cropland·Built-up 등으로 정의·배포하며, 수목 피복 면적은 탄소 흡수원의 물리적 기반, 경작지·건물 면적은 토지이용 변화의 기준이 됨. 주 기술 23(탄소 흡수원), 부 기술 35(산림·생태계 부문 기술) — 2026-08-28 발주처 지시에 따라 tech_id에 ';'로 연결해 복수 기입. [근거자료] ESA_WorldCover_10m_2021_v200_*_Map.tif (Discrete Classification, 등급 10~95) · FAOSTAT Land Cover(LC) Item=Artificial surfaces 등"",""나지_희박식생_면적_km"":null,""레코드_키"":""VNM_lc_shrubs_and/or_herb_modis_2016"",""맹그로브_면적_km"":null,""수목_면적_km"":null,""연도"":2016,""영구수체_면적_km"":null,""전국_값"":907.4,""전국_단위"":""1000 ha"",""전국_지표명"":""토지피복 면적(MODIS) — 습지 또는 정기 침수 관목/초본 식생"",""지역명_로마자"":""Viet Nam"",""지역명_베트남어"":""Việt Nam"",""초본습지_면적_km"":null,""초지_면적_km"":null,""합계_km"":null,""행정단위"":""Country""}",,전국 · 토지피복 면적(MODIS) — 습지 또는 정기 침수 관목/초본 식생 · [실적치] · FAOSTAT Land Cover · Area from MODIS (Flag=E),,,,B-037.xlsx,1.2_entity(레코드형),552,
B-037,"토지피복 분류별 면적[경작지, 산림, 초지, 건물, 수체, 나지]",entity,v124-b-037-entity-00550,B-037_landcover_national,VNM,,,,,,,,,토지피복 면적(MODIS) — 습지 또는 정기 침수 관목/초본 식생,,,"{""2025_개편_후_소속_34개_체계"":""전국(개편 무관)"",""건물_인공지표_면적_km"":null,""경계_면적_km_GADM"":null,""경계_좌표_산출근거"":""전국 집계값 — 좌표·폴리곤 없음."",""경계_폴리곤_파일"":null,""경작지_면적_km"":null,""관목_면적_km"":null,""기후기술_연계_근거"":""간접 · 원천 자체 분류 — ESA WorldCover 가 토지피복 등급을 Tree cover·Cropland·Built-up 등으로 정의·배포하며, 수목 피복 면적은 탄소 흡수원의 물리적 기반, 경작지·건물 면적은 토지이용 변화의 기준이 됨. 주 기술 23(탄소 흡수원), 부 기술 35(산림·생태계 부문 기술) — 2026-08-28 발주처 지시에 따라 tech_id에 ';'로 연결해 복수 기입. [근거자료] ESA_WorldCover_10m_2021_v200_*_Map.tif (Discrete Classification, 등급 10~95) · FAOSTAT Land Cover(LC) Item=Artificial surfaces 등"",""나지_희박식생_면적_km"":null,""레코드_키"":""VNM_lc_shrubs_and/or_herb_modis_2017"",""맹그로브_면적_km"":null,""수목_면적_km"":null,""연도"":2017,""영구수체_면적_km"":null,""전국_값"":931.9,""전국_단위"":""1000 ha"",""전국_지표명"":""토지피복 면적(MODIS) — 습지 또는 정기 침수 관목/초본 식생"",""지역명_로마자"":""Viet Nam"",""지역명_베트남어"":""Việt Nam"",""초본습지_면적_km"":null,""초지_면적_km"":null,""합계_km"":null,""행정단위"":""Country""}",,전국 · 토지피복 면적(MODIS) — 습지 또는 정기 침수 관목/초본 식생 · [실적치] · FAOSTAT Land Cover · Area from MODIS (Flag=E),,,,B-037.xlsx,1.2_entity(레코드형),553,
B-037,"토지피복 분류별 면적[경작지, 산림, 초지, 건물, 수체, 나지]",entity,v124-b-037-entity-00551,B-037_landcover_national,VNM,,,,,,,,,토지피복 면적(MODIS) — 습지 또는 정기 침수 관목/초본 식생,,,"{""2025_개편_후_소속_34개_체계"":""전국(개편 무관)"",""건물_인공지표_면적_km"":null,""경계_면적_km_GADM"":null,""경계_좌표_산출근거"":""전국 집계값 — 좌표·폴리곤 없음."",""경계_폴리곤_파일"":null,""경작지_면적_km"":null,""관목_면적_km"":null,""기후기술_연계_근거"":""간접 · 원천 자체 분류 — ESA WorldCover 가 토지피복 등급을 Tree cover·Cropland·Built-up 등으로 정의·배포하며, 수목 피복 면적은 탄소 흡수원의 물리적 기반, 경작지·건물 면적은 토지이용 변화의 기준이 됨. 주 기술 23(탄소 흡수원), 부 기술 35(산림·생태계 부문 기술) — 2026-08-28 발주처 지시에 따라 tech_id에 ';'로 연결해 복수 기입. [근거자료] ESA_WorldCover_10m_2021_v200_*_Map.tif (Discrete Classification, 등급 10~95) · FAOSTAT Land Cover(LC) Item=Artificial surfaces 등"",""나지_희박식생_면적_km"":null,""레코드_키"":""VNM_lc_shrubs_and/or_herb_modis_2018"",""맹그로브_면적_km"":null,""수목_면적_km"":null,""연도"":2018,""영구수체_면적_km"":null,""전국_값"":923.27,""전국_단위"":""1000 ha"",""전국_지표명"":""토지피복 면적(MODIS) — 습지 또는 정기 침수 관목/초본 식생"",""지역명_로마자"":""Viet Nam"",""지역명_베트남어"":""Việt Nam"",""초본습지_면적_km"":null,""초지_면적_km"":null,""합계_km"":null,""행정단위"":""Country""}",,전국 · 토지피복 면적(MODIS) — 습지 또는 정기 침수 관목/초본 식생 · [실적치] · FAOSTAT Land Cover · Area from MODIS (Flag=E),,,,B-037.xlsx,1.2_entity(레코드형),554,
B-037,"토지피복 분류별 면적[경작지, 산림, 초지, 건물, 수체, 나지]",entity,v124-b-037-entity-00552,B-037_landcover_national,VNM,,,,,,,,,토지피복 면적(MODIS) — 습지 또는 정기 침수 관목/초본 식생,,,"{""2025_개편_후_소속_34개_체계"":""전국(개편 무관)"",""건물_인공지표_면적_km"":null,""경계_면적_km_GADM"":null,""경계_좌표_산출근거"":""전국 집계값 — 좌표·폴리곤 없음."",""경계_폴리곤_파일"":null,""경작지_면적_km"":null,""관목_면적_km"":null,""기후기술_연계_근거"":""간접 · 원천 자체 분류 — ESA WorldCover 가 토지피복 등급을 Tree cover·Cropland·Built-up 등으로 정의·배포하며, 수목 피복 면적은 탄소 흡수원의 물리적 기반, 경작지·건물 면적은 토지이용 변화의 기준이 됨. 주 기술 23(탄소 흡수원), 부 기술 35(산림·생태계 부문 기술) — 2026-08-28 발주처 지시에 따라 tech_id에 ';'로 연결해 복수 기입. [근거자료] ESA_WorldCover_10m_2021_v200_*_Map.tif (Discrete Classification, 등급 10~95) · FAOSTAT Land Cover(LC) Item=Artificial surfaces 등"",""나지_희박식생_면적_km"":null,""레코드_키"":""VNM_lc_shrubs_and/or_herb_modis_2019"",""맹그로브_면적_km"":null,""수목_면적_km"":null,""연도"":2019,""영구수체_면적_km"":null,""전국_값"":913.04,""전국_단위"":""1000 ha"",""전국_지표명"":""토지피복 면적(MODIS) — 습지 또는 정기 침수 관목/초본 식생"",""지역명_로마자"":""Viet Nam"",""지역명_베트남어"":""Việt Nam"",""초본습지_면적_km"":null,""초지_면적_km"":null,""합계_km"":null,""행정단위"":""Country""}",,전국 · 토지피복 면적(MODIS) — 습지 또는 정기 침수 관목/초본 식생 · [실적치] · FAOSTAT Land Cover · Area from MODIS (Flag=E),,,,B-037.xlsx,1.2_entity(레코드형),555,
B-037,"토지피복 분류별 면적[경작지, 산림, 초지, 건물, 수체, 나지]",entity,v124-b-037-entity-00553,B-037_landcover_national,VNM,,,,,,,,,토지피복 면적(MODIS) — 습지 또는 정기 침수 관목/초본 식생,,,"{""2025_개편_후_소속_34개_체계"":""전국(개편 무관)"",""건물_인공지표_면적_km"":null,""경계_면적_km_GADM"":null,""경계_좌표_산출근거"":""전국 집계값 — 좌표·폴리곤 없음."",""경계_폴리곤_파일"":null,""경작지_면적_km"":null,""관목_면적_km"":null,""기후기술_연계_근거"":""간접 · 원천 자체 분류 — ESA WorldCover 가 토지피복 등급을 Tree cover·Cropland·Built-up 등으로 정의·배포하며, 수목 피복 면적은 탄소 흡수원의 물리적 기반, 경작지·건물 면적은 토지이용 변화의 기준이 됨. 주 기술 23(탄소 흡수원), 부 기술 35(산림·생태계 부문 기술) — 2026-08-28 발주처 지시에 따라 tech_id에 ';'로 연결해 복수 기입. [근거자료] ESA_WorldCover_10m_2021_v200_*_Map.tif (Discrete Classification, 등급 10~95) · FAOSTAT Land Cover(LC) Item=Artificial surfaces 등"",""나지_희박식생_면적_km"":null,""레코드_키"":""VNM_lc_shrubs_and/or_herb_modis_2020"",""맹그로브_면적_km"":null,""수목_면적_km"":null,""연도"":2020,""영구수체_면적_km"":null,""전국_값"":906.48,""전국_단위"":""1000 ha"",""전국_지표명"":""토지피복 면적(MODIS) — 습지 또는 정기 침수 관목/초본 식생"",""지역명_로마자"":""Viet Nam"",""지역명_베트남어"":""Việt Nam"",""초본습지_면적_km"":null,""초지_면적_km"":null,""합계_km"":null,""행정단위"":""Country""}",,전국 · 토지피복 면적(MODIS) — 습지 또는 정기 침수 관목/초본 식생 · [실적치] · FAOSTAT Land Cover · Area from MODIS (Flag=E),,,,B-037.xlsx,1.2_entity(레코드형),556,
B-037,"토지피복 분류별 면적[경작지, 산림, 초지, 건물, 수체, 나지]",entity,v124-b-037-entity-00554,B-037_landcover_national,VNM,,,,,,,,,토지피복 면적(MODIS) — 습지 또는 정기 침수 관목/초본 식생,,,"{""2025_개편_후_소속_34개_체계"":""전국(개편 무관)"",""건물_인공지표_면적_km"":null,""경계_면적_km_GADM"":null,""경계_좌표_산출근거"":""전국 집계값 — 좌표·폴리곤 없음."",""경계_폴리곤_파일"":null,""경작지_면적_km"":null,""관목_면적_km"":null,""기후기술_연계_근거"":""간접 · 원천 자체 분류 — ESA WorldCover 가 토지피복 등급을 Tree cover·Cropland·Built-up 등으로 정의·배포하며, 수목 피복 면적은 탄소 흡수원의 물리적 기반, 경작지·건물 면적은 토지이용 변화의 기준이 됨. 주 기술 23(탄소 흡수원), 부 기술 35(산림·생태계 부문 기술) — 2026-08-28 발주처 지시에 따라 tech_id에 ';'로 연결해 복수 기입. [근거자료] ESA_WorldCover_10m_2021_v200_*_Map.tif (Discrete Classification, 등급 10~95) · FAOSTAT Land Cover(LC) Item=Artificial surfaces 등"",""나지_희박식생_면적_km"":null,""레코드_키"":""VNM_lc_shrubs_and/or_herb_modis_2021"",""맹그로브_면적_km"":null,""수목_면적_km"":null,""연도"":2021,""영구수체_면적_km"":null,""전국_값"":904.04,""전국_단위"":""1000 ha"",""전국_지표명"":""토지피복 면적(MODIS) — 습지 또는 정기 침수 관목/초본 식생"",""지역명_로마자"":""Viet Nam"",""지역명_베트남어"":""Việt Nam"",""초본습지_면적_km"":null,""초지_면적_km"":null,""합계_km"":null,""행정단위"":""Country""}",,전국 · 토지피복 면적(MODIS) — 습지 또는 정기 침수 관목/초본 식생 · [실적치] · FAOSTAT Land Cover · Area from MODIS (Flag=E),,,,B-037.xlsx,1.2_entity(레코드형),557,
B-037,"토지피복 분류별 면적[경작지, 산림, 초지, 건물, 수체, 나지]",entity,v124-b-037-entity-00555,B-037_landcover_national,VNM,,,,,,,,,토지피복 면적(MODIS) — 습지 또는 정기 침수 관목/초본 식생,,,"{""2025_개편_후_소속_34개_체계"":""전국(개편 무관)"",""건물_인공지표_면적_km"":null,""경계_면적_km_GADM"":null,""경계_좌표_산출근거"":""전국 집계값 — 좌표·폴리곤 없음."",""경계_폴리곤_파일"":null,""경작지_면적_km"":null,""관목_면적_km"":null,""기후기술_연계_근거"":""간접 · 원천 자체 분류 — ESA WorldCover 가 토지피복 등급을 Tree cover·Cropland·Built-up 등으로 정의·배포하며, 수목 피복 면적은 탄소 흡수원의 물리적 기반, 경작지·건물 면적은 토지이용 변화의 기준이 됨. 주 기술 23(탄소 흡수원), 부 기술 35(산림·생태계 부문 기술) — 2026-08-28 발주처 지시에 따라 tech_id에 ';'로 연결해 복수 기입. [근거자료] ESA_WorldCover_10m_2021_v200_*_Map.tif (Discrete Classification, 등급 10~95) · FAOSTAT Land Cover(LC) Item=Artificial surfaces 등"",""나지_희박식생_면적_km"":null,""레코드_키"":""VNM_lc_shrubs_and/or_herb_modis_2022"",""맹그로브_면적_km"":null,""수목_면적_km"":null,""연도"":2022,""영구수체_면적_km"":null,""전국_값"":875.68,""전국_단위"":""1000 ha"",""전국_지표명"":""토지피복 면적(MODIS) — 습지 또는 정기 침수 관목/초본 식생"",""지역명_로마자"":""Viet Nam"",""지역명_베트남어"":""Việt Nam"",""초본습지_면적_km"":null,""초지_면적_km"":null,""합계_km"":null,""행정단위"":""Country""}",,전국 · 토지피복 면적(MODIS) — 습지 또는 정기 침수 관목/초본 식생 · [실적치] · FAOSTAT Land Cover · Area from MODIS (Flag=E),,,,B-037.xlsx,1.2_entity(레코드형),558,
B-037,"토지피복 분류별 면적[경작지, 산림, 초지, 건물, 수체, 나지]",entity,v124-b-037-entity-00556,B-037_landcover_national,VNM,,,,,,,,,토지피복 면적(MODIS) — 습지 또는 정기 침수 관목/초본 식생,,,"{""2025_개편_후_소속_34개_체계"":""전국(개편 무관)"",""건물_인공지표_면적_km"":null,""경계_면적_km_GADM"":null,""경계_좌표_산출근거"":""전국 집계값 — 좌표·폴리곤 없음."",""경계_폴리곤_파일"":null,""경작지_면적_km"":null,""관목_면적_km"":null,""기후기술_연계_근거"":""간접 · 원천 자체 분류 — ESA WorldCover 가 토지피복 등급을 Tree cover·Cropland·Built-up 등으로 정의·배포하며, 수목 피복 면적은 탄소 흡수원의 물리적 기반, 경작지·건물 면적은 토지이용 변화의 기준이 됨. 주 기술 23(탄소 흡수원), 부 기술 35(산림·생태계 부문 기술) — 2026-08-28 발주처 지시에 따라 tech_id에 ';'로 연결해 복수 기입. [근거자료] ESA_WorldCover_10m_2021_v200_*_Map.tif (Discrete Classification, 등급 10~95) · FAOSTAT Land Cover(LC) Item=Artificial surfaces 등"",""나지_희박식생_면적_km"":null,""레코드_키"":""VNM_lc_shrubs_and/or_herb_modis_2023"",""맹그로브_면적_km"":null,""수목_면적_km"":null,""연도"":2023,""영구수체_면적_km"":null,""전국_값"":894.05,""전국_단위"":""1000 ha"",""전국_지표명"":""토지피복 면적(MODIS) — 습지 또는 정기 침수 관목/초본 식생"",""지역명_로마자"":""Viet Nam"",""지역명_베트남어"":""Việt Nam"",""초본습지_면적_km"":null,""초지_면적_km"":null,""합계_km"":null,""행정단위"":""Country""}",,전국 · 토지피복 면적(MODIS) — 습지 또는 정기 침수 관목/초본 식생 · [실적치] · FAOSTAT Land Cover · Area from MODIS (Flag=E),,,,B-037.xlsx,1.2_entity(레코드형),559,
B-037,"토지피복 분류별 면적[경작지, 산림, 초지, 건물, 수체, 나지]",entity,v124-b-037-entity-00557,B-037_landcover_national,VNM,,,,,,,,,토지피복 면적(MODIS) — 습지 또는 정기 침수 관목/초본 식생,,,"{""2025_개편_후_소속_34개_체계"":""전국(개편 무관)"",""건물_인공지표_면적_km"":null,""경계_면적_km_GADM"":null,""경계_좌표_산출근거"":""전국 집계값 — 좌표·폴리곤 없음."",""경계_폴리곤_파일"":null,""경작지_면적_km"":null,""관목_면적_km"":null,""기후기술_연계_근거"":""간접 · 원천 자체 분류 — ESA WorldCover 가 토지피복 등급을 Tree cover·Cropland·Built-up 등으로 정의·배포하며, 수목 피복 면적은 탄소 흡수원의 물리적 기반, 경작지·건물 면적은 토지이용 변화의 기준이 됨. 주 기술 23(탄소 흡수원), 부 기술 35(산림·생태계 부문 기술) — 2026-08-28 발주처 지시에 따라 tech_id에 ';'로 연결해 복수 기입. [근거자료] ESA_WorldCover_10m_2021_v200_*_Map.tif (Discrete Classification, 등급 10~95) · FAOSTAT Land Cover(LC) Item=Artificial surfaces 등"",""나지_희박식생_면적_km"":null,""레코드_키"":""VNM_lc_shrubs_and/or_herb_modis_2024"",""맹그로브_면적_km"":null,""수목_면적_km"":null,""연도"":2024,""영구수체_면적_km"":null,""전국_값"":903.29,""전국_단위"":""1000 ha"",""전국_지표명"":""토지피복 면적(MODIS) — 습지 또는 정기 침수 관목/초본 식생"",""지역명_로마자"":""Viet Nam"",""지역명_베트남어"":""Việt Nam"",""초본습지_면적_km"":null,""초지_면적_km"":null,""합계_km"":null,""행정단위"":""Country""}",,전국 · 토지피복 면적(MODIS) — 습지 또는 정기 침수 관목/초본 식생 · [실적치] · FAOSTAT Land Cover · Area from MODIS (Flag=E),,,,B-037.xlsx,1.2_entity(레코드형),560,
B-037,"토지피복 분류별 면적[경작지, 산림, 초지, 건물, 수체, 나지]",entity,v124-b-037-entity-00558,B-037_landcover_national,VNM,,,,,,,,,토지피복 면적(WorldCover) — 습지 또는 정기 침수 관목/초본 식생,,,"{""2025_개편_후_소속_34개_체계"":""전국(개편 무관)"",""건물_인공지표_면적_km"":null,""경계_면적_km_GADM"":null,""경계_좌표_산출근거"":""전국 집계값 — 좌표·폴리곤 없음."",""경계_폴리곤_파일"":null,""경작지_면적_km"":null,""관목_면적_km"":null,""기후기술_연계_근거"":""간접 · 원천 자체 분류 — ESA WorldCover 가 토지피복 등급을 Tree cover·Cropland·Built-up 등으로 정의·배포하며, 수목 피복 면적은 탄소 흡수원의 물리적 기반, 경작지·건물 면적은 토지이용 변화의 기준이 됨. 주 기술 23(탄소 흡수원), 부 기술 35(산림·생태계 부문 기술) — 2026-08-28 발주처 지시에 따라 tech_id에 ';'로 연결해 복수 기입. [근거자료] ESA_WorldCover_10m_2021_v200_*_Map.tif (Discrete Classification, 등급 10~95) · FAOSTAT Land Cover(LC) Item=Artificial surfaces 등"",""나지_희박식생_면적_km"":null,""레코드_키"":""VNM_lc_shrubs_and/or_herb_wc_2020"",""맹그로브_면적_km"":null,""수목_면적_km"":null,""연도"":2020,""영구수체_면적_km"":null,""전국_값"":69.08,""전국_단위"":""1000 ha"",""전국_지표명"":""토지피복 면적(WorldCover) — 습지 또는 정기 침수 관목/초본 식생"",""지역명_로마자"":""Viet Nam"",""지역명_베트남어"":""Việt Nam"",""초본습지_면적_km"":null,""초지_면적_km"":null,""합계_km"":null,""행정단위"":""Country""}",,전국 · 토지피복 면적(WorldCover) — 습지 또는 정기 침수 관목/초본 식생 · [실적치] · FAOSTAT Land Cover · Area from WorldCover (Flag=E),,,,B-037.xlsx,1.2_entity(레코드형),561,
B-037,"토지피복 분류별 면적[경작지, 산림, 초지, 건물, 수체, 나지]",entity,v124-b-037-entity-00559,B-037_landcover_national,VNM,,,,,,,,,토지피복 면적(WorldCover) — 습지 또는 정기 침수 관목/초본 식생,,,"{""2025_개편_후_소속_34개_체계"":""전국(개편 무관)"",""건물_인공지표_면적_km"":null,""경계_면적_km_GADM"":null,""경계_좌표_산출근거"":""전국 집계값 — 좌표·폴리곤 없음."",""경계_폴리곤_파일"":null,""경작지_면적_km"":null,""관목_면적_km"":null,""기후기술_연계_근거"":""간접 · 원천 자체 분류 — ESA WorldCover 가 토지피복 등급을 Tree cover·Cropland·Built-up 등으로 정의·배포하며, 수목 피복 면적은 탄소 흡수원의 물리적 기반, 경작지·건물 면적은 토지이용 변화의 기준이 됨. 주 기술 23(탄소 흡수원), 부 기술 35(산림·생태계 부문 기술) — 2026-08-28 발주처 지시에 따라 tech_id에 ';'로 연결해 복수 기입. [근거자료] ESA_WorldCover_10m_2021_v200_*_Map.tif (Discrete Classification, 등급 10~95) · FAOSTAT Land Cover(LC) Item=Artificial surfaces 등"",""나지_희박식생_면적_km"":null,""레코드_키"":""VNM_lc_shrubs_and/or_herb_wc_2021"",""맹그로브_면적_km"":null,""수목_면적_km"":null,""연도"":2021,""영구수체_면적_km"":null,""전국_값"":58.4,""전국_단위"":""1000 ha"",""전국_지표명"":""토지피복 면적(WorldCover) — 습지 또는 정기 침수 관목/초본 식생"",""지역명_로마자"":""Viet Nam"",""지역명_베트남어"":""Việt Nam"",""초본습지_면적_km"":null,""초지_면적_km"":null,""합계_km"":null,""행정단위"":""Country""}",,전국 · 토지피복 면적(WorldCover) — 습지 또는 정기 침수 관목/초본 식생 · [실적치] · FAOSTAT Land Cover · Area from WorldCover (Flag=E),,,,B-037.xlsx,1.2_entity(레코드형),562,
B-037,"토지피복 분류별 면적[경작지, 산림, 초지, 건물, 수체, 나지]",entity,v124-b-037-entity-00560,B-037_landcover_national,VNM,,,,,,,,,토지피복 면적 — 자연 식생 희소 지역,,,"{""2025_개편_후_소속_34개_체계"":""전국(개편 무관)"",""건물_인공지표_면적_km"":null,""경계_면적_km_GADM"":null,""경계_좌표_산출근거"":""전국 집계값 — 좌표·폴리곤 없음."",""경계_폴리곤_파일"":null,""경작지_면적_km"":null,""관목_면적_km"":null,""기후기술_연계_근거"":""간접 · 원천 자체 분류 — ESA WorldCover 가 토지피복 등급을 Tree cover·Cropland·Built-up 등으로 정의·배포하며, 수목 피복 면적은 탄소 흡수원의 물리적 기반, 경작지·건물 면적은 토지이용 변화의 기준이 됨. 주 기술 23(탄소 흡수원), 부 기술 35(산림·생태계 부문 기술) — 2026-08-28 발주처 지시에 따라 tech_id에 ';'로 연결해 복수 기입. [근거자료] ESA_WorldCover_10m_2021_v200_*_Map.tif (Discrete Classification, 등급 10~95) · FAOSTAT Land Cover(LC) Item=Artificial surfaces 등"",""나지_희박식생_면적_km"":null,""레코드_키"":""VNM_lc_sparsely_natural_v_1992"",""맹그로브_면적_km"":null,""수목_면적_km"":null,""연도"":1992,""영구수체_면적_km"":null,""전국_값"":6.2,""전국_단위"":""1000 ha"",""전국_지표명"":""토지피복 면적 — 자연 식생 희소 지역"",""지역명_로마자"":""Viet Nam"",""지역명_베트남어"":""Việt Nam"",""초본습지_면적_km"":null,""초지_면적_km"":null,""합계_km"":null,""행정단위"":""Country""}",,전국 · 토지피복 면적 — 자연 식생 희소 지역 · [실적치] · FAOSTAT Land Cover · Area from CCI_LC (Flag=E),,,,B-037.xlsx,1.2_entity(레코드형),563,
B-037,"토지피복 분류별 면적[경작지, 산림, 초지, 건물, 수체, 나지]",entity,v124-b-037-entity-00561,B-037_landcover_national,VNM,,,,,,,,,토지피복 면적 — 자연 식생 희소 지역,,,"{""2025_개편_후_소속_34개_체계"":""전국(개편 무관)"",""건물_인공지표_면적_km"":null,""경계_면적_km_GADM"":null,""경계_좌표_산출근거"":""전국 집계값 — 좌표·폴리곤 없음."",""경계_폴리곤_파일"":null,""경작지_면적_km"":null,""관목_면적_km"":null,""기후기술_연계_근거"":""간접 · 원천 자체 분류 — ESA WorldCover 가 토지피복 등급을 Tree cover·Cropland·Built-up 등으로 정의·배포하며, 수목 피복 면적은 탄소 흡수원의 물리적 기반, 경작지·건물 면적은 토지이용 변화의 기준이 됨. 주 기술 23(탄소 흡수원), 부 기술 35(산림·생태계 부문 기술) — 2026-08-28 발주처 지시에 따라 tech_id에 ';'로 연결해 복수 기입. [근거자료] ESA_WorldCover_10m_2021_v200_*_Map.tif (Discrete Classification, 등급 10~95) · FAOSTAT Land Cover(LC) Item=Artificial surfaces 등"",""나지_희박식생_면적_km"":null,""레코드_키"":""VNM_lc_sparsely_natural_v_1993"",""맹그로브_면적_km"":null,""수목_면적_km"":null,""연도"":1993,""영구수체_면적_km"":null,""전국_값"":6.2,""전국_단위"":""1000 ha"",""전국_지표명"":""토지피복 면적 — 자연 식생 희소 지역"",""지역명_로마자"":""Viet Nam"",""지역명_베트남어"":""Việt Nam"",""초본습지_면적_km"":null,""초지_면적_km"":null,""합계_km"":null,""행정단위"":""Country""}",,전국 · 토지피복 면적 — 자연 식생 희소 지역 · [실적치] · FAOSTAT Land Cover · Area from CCI_LC (Flag=E),,,,B-037.xlsx,1.2_entity(레코드형),564,
B-037,"토지피복 분류별 면적[경작지, 산림, 초지, 건물, 수체, 나지]",entity,v124-b-037-entity-00562,B-037_landcover_national,VNM,,,,,,,,,토지피복 면적 — 자연 식생 희소 지역,,,"{""2025_개편_후_소속_34개_체계"":""전국(개편 무관)"",""건물_인공지표_면적_km"":null,""경계_면적_km_GADM"":null,""경계_좌표_산출근거"":""전국 집계값 — 좌표·폴리곤 없음."",""경계_폴리곤_파일"":null,""경작지_면적_km"":null,""관목_면적_km"":null,""기후기술_연계_근거"":""간접 · 원천 자체 분류 — ESA WorldCover 가 토지피복 등급을 Tree cover·Cropland·Built-up 등으로 정의·배포하며, 수목 피복 면적은 탄소 흡수원의 물리적 기반, 경작지·건물 면적은 토지이용 변화의 기준이 됨. 주 기술 23(탄소 흡수원), 부 기술 35(산림·생태계 부문 기술) — 2026-08-28 발주처 지시에 따라 tech_id에 ';'로 연결해 복수 기입. [근거자료] ESA_WorldCover_10m_2021_v200_*_Map.tif (Discrete Classification, 등급 10~95) · FAOSTAT Land Cover(LC) Item=Artificial surfaces 등"",""나지_희박식생_면적_km"":null,""레코드_키"":""VNM_lc_sparsely_natural_v_1994"",""맹그로브_면적_km"":null,""수목_면적_km"":null,""연도"":1994,""영구수체_면적_km"":null,""전국_값"":6.2,""전국_단위"":""1000 ha"",""전국_지표명"":""토지피복 면적 — 자연 식생 희소 지역"",""지역명_로마자"":""Viet Nam"",""지역명_베트남어"":""Việt Nam"",""초본습지_면적_km"":null,""초지_면적_km"":null,""합계_km"":null,""행정단위"":""Country""}",,전국 · 토지피복 면적 — 자연 식생 희소 지역 · [실적치] · FAOSTAT Land Cover · Area from CCI_LC (Flag=E),,,,B-037.xlsx,1.2_entity(레코드형),565,
B-037,"토지피복 분류별 면적[경작지, 산림, 초지, 건물, 수체, 나지]",entity,v124-b-037-entity-00563,B-037_landcover_national,VNM,,,,,,,,,토지피복 면적 — 자연 식생 희소 지역,,,"{""2025_개편_후_소속_34개_체계"":""전국(개편 무관)"",""건물_인공지표_면적_km"":null,""경계_면적_km_GADM"":null,""경계_좌표_산출근거"":""전국 집계값 — 좌표·폴리곤 없음."",""경계_폴리곤_파일"":null,""경작지_면적_km"":null,""관목_면적_km"":null,""기후기술_연계_근거"":""간접 · 원천 자체 분류 — ESA WorldCover 가 토지피복 등급을 Tree cover·Cropland·Built-up 등으로 정의·배포하며, 수목 피복 면적은 탄소 흡수원의 물리적 기반, 경작지·건물 면적은 토지이용 변화의 기준이 됨. 주 기술 23(탄소 흡수원), 부 기술 35(산림·생태계 부문 기술) — 2026-08-28 발주처 지시에 따라 tech_id에 ';'로 연결해 복수 기입. [근거자료] ESA_WorldCover_10m_2021_v200_*_Map.tif (Discrete Classification, 등급 10~95) · FAOSTAT Land Cover(LC) Item=Artificial surfaces 등"",""나지_희박식생_면적_km"":null,""레코드_키"":""VNM_lc_sparsely_natural_v_1995"",""맹그로브_면적_km"":null,""수목_면적_km"":null,""연도"":1995,""영구수체_면적_km"":null,""전국_값"":6.21,""전국_단위"":""1000 ha"",""전국_지표명"":""토지피복 면적 — 자연 식생 희소 지역"",""지역명_로마자"":""Viet Nam"",""지역명_베트남어"":""Việt Nam"",""초본습지_면적_km"":null,""초지_면적_km"":null,""합계_km"":null,""행정단위"":""Country""}",,전국 · 토지피복 면적 — 자연 식생 희소 지역 · [실적치] · FAOSTAT Land Cover · Area from CCI_LC (Flag=E),,,,B-037.xlsx,1.2_entity(레코드형),566,
B-037,"토지피복 분류별 면적[경작지, 산림, 초지, 건물, 수체, 나지]",entity,v124-b-037-entity-00564,B-037_landcover_national,VNM,,,,,,,,,토지피복 면적 — 자연 식생 희소 지역,,,"{""2025_개편_후_소속_34개_체계"":""전국(개편 무관)"",""건물_인공지표_면적_km"":null,""경계_면적_km_GADM"":null,""경계_좌표_산출근거"":""전국 집계값 — 좌표·폴리곤 없음."",""경계_폴리곤_파일"":null,""경작지_면적_km"":null,""관목_면적_km"":null,""기후기술_연계_근거"":""간접 · 원천 자체 분류 — ESA WorldCover 가 토지피복 등급을 Tree cover·Cropland·Built-up 등으로 정의·배포하며, 수목 피복 면적은 탄소 흡수원의 물리적 기반, 경작지·건물 면적은 토지이용 변화의 기준이 됨. 주 기술 23(탄소 흡수원), 부 기술 35(산림·생태계 부문 기술) — 2026-08-28 발주처 지시에 따라 tech_id에 ';'로 연결해 복수 기입. [근거자료] ESA_WorldCover_10m_2021_v200_*_Map.tif (Discrete Classification, 등급 10~95) · FAOSTAT Land Cover(LC) Item=Artificial surfaces 등"",""나지_희박식생_면적_km"":null,""레코드_키"":""VNM_lc_sparsely_natural_v_1996"",""맹그로브_면적_km"":null,""수목_면적_km"":null,""연도"":1996,""영구수체_면적_km"":null,""전국_값"":6.21,""전국_단위"":""1000 ha"",""전국_지표명"":""토지피복 면적 — 자연 식생 희소 지역"",""지역명_로마자"":""Viet Nam"",""지역명_베트남어"":""Việt Nam"",""초본습지_면적_km"":null,""초지_면적_km"":null,""합계_km"":null,""행정단위"":""Country""}",,전국 · 토지피복 면적 — 자연 식생 희소 지역 · [실적치] · FAOSTAT Land Cover · Area from CCI_LC (Flag=E),,,,B-037.xlsx,1.2_entity(레코드형),567,
B-037,"토지피복 분류별 면적[경작지, 산림, 초지, 건물, 수체, 나지]",entity,v124-b-037-entity-00565,B-037_landcover_national,VNM,,,,,,,,,토지피복 면적 — 자연 식생 희소 지역,,,"{""2025_개편_후_소속_34개_체계"":""전국(개편 무관)"",""건물_인공지표_면적_km"":null,""경계_면적_km_GADM"":null,""경계_좌표_산출근거"":""전국 집계값 — 좌표·폴리곤 없음."",""경계_폴리곤_파일"":null,""경작지_면적_km"":null,""관목_면적_km"":null,""기후기술_연계_근거"":""간접 · 원천 자체 분류 — ESA WorldCover 가 토지피복 등급을 Tree cover·Cropland·Built-up 등으로 정의·배포하며, 수목 피복 면적은 탄소 흡수원의 물리적 기반, 경작지·건물 면적은 토지이용 변화의 기준이 됨. 주 기술 23(탄소 흡수원), 부 기술 35(산림·생태계 부문 기술) — 2026-08-28 발주처 지시에 따라 tech_id에 ';'로 연결해 복수 기입. [근거자료] ESA_WorldCover_10m_2021_v200_*_Map.tif (Discrete Classification, 등급 10~95) · FAOSTAT Land Cover(LC) Item=Artificial surfaces 등"",""나지_희박식생_면적_km"":null,""레코드_키"":""VNM_lc_sparsely_natural_v_1997"",""맹그로브_면적_km"":null,""수목_면적_km"":null,""연도"":1997,""영구수체_면적_km"":null,""전국_값"":6.21,""전국_단위"":""1000 ha"",""전국_지표명"":""토지피복 면적 — 자연 식생 희소 지역"",""지역명_로마자"":""Viet Nam"",""지역명_베트남어"":""Việt Nam"",""초본습지_면적_km"":null,""초지_면적_km"":null,""합계_km"":null,""행정단위"":""Country""}",,전국 · 토지피복 면적 — 자연 식생 희소 지역 · [실적치] · FAOSTAT Land Cover · Area from CCI_LC (Flag=E),,,,B-037.xlsx,1.2_entity(레코드형),568,
B-037,"토지피복 분류별 면적[경작지, 산림, 초지, 건물, 수체, 나지]",entity,v124-b-037-entity-00566,B-037_landcover_national,VNM,,,,,,,,,토지피복 면적 — 자연 식생 희소 지역,,,"{""2025_개편_후_소속_34개_체계"":""전국(개편 무관)"",""건물_인공지표_면적_km"":null,""경계_면적_km_GADM"":null,""경계_좌표_산출근거"":""전국 집계값 — 좌표·폴리곤 없음."",""경계_폴리곤_파일"":null,""경작지_면적_km"":null,""관목_면적_km"":null,""기후기술_연계_근거"":""간접 · 원천 자체 분류 — ESA WorldCover 가 토지피복 등급을 Tree cover·Cropland·Built-up 등으로 정의·배포하며, 수목 피복 면적은 탄소 흡수원의 물리적 기반, 경작지·건물 면적은 토지이용 변화의 기준이 됨. 주 기술 23(탄소 흡수원), 부 기술 35(산림·생태계 부문 기술) — 2026-08-28 발주처 지시에 따라 tech_id에 ';'로 연결해 복수 기입. [근거자료] ESA_WorldCover_10m_2021_v200_*_Map.tif (Discrete Classification, 등급 10~95) · FAOSTAT Land Cover(LC) Item=Artificial surfaces 등"",""나지_희박식생_면적_km"":null,""레코드_키"":""VNM_lc_sparsely_natural_v_1998"",""맹그로브_면적_km"":null,""수목_면적_km"":null,""연도"":1998,""영구수체_면적_km"":null,""전국_값"":6.21,""전국_단위"":""1000 ha"",""전국_지표명"":""토지피복 면적 — 자연 식생 희소 지역"",""지역명_로마자"":""Viet Nam"",""지역명_베트남어"":""Việt Nam"",""초본습지_면적_km"":null,""초지_면적_km"":null,""합계_km"":null,""행정단위"":""Country""}",,전국 · 토지피복 면적 — 자연 식생 희소 지역 · [실적치] · FAOSTAT Land Cover · Area from CCI_LC (Flag=E),,,,B-037.xlsx,1.2_entity(레코드형),569,
B-037,"토지피복 분류별 면적[경작지, 산림, 초지, 건물, 수체, 나지]",entity,v124-b-037-entity-00567,B-037_landcover_national,VNM,,,,,,,,,토지피복 면적 — 자연 식생 희소 지역,,,"{""2025_개편_후_소속_34개_체계"":""전국(개편 무관)"",""건물_인공지표_면적_km"":null,""경계_면적_km_GADM"":null,""경계_좌표_산출근거"":""전국 집계값 — 좌표·폴리곤 없음."",""경계_폴리곤_파일"":null,""경작지_면적_km"":null,""관목_면적_km"":null,""기후기술_연계_근거"":""간접 · 원천 자체 분류 — ESA WorldCover 가 토지피복 등급을 Tree cover·Cropland·Built-up 등으로 정의·배포하며, 수목 피복 면적은 탄소 흡수원의 물리적 기반, 경작지·건물 면적은 토지이용 변화의 기준이 됨. 주 기술 23(탄소 흡수원), 부 기술 35(산림·생태계 부문 기술) — 2026-08-28 발주처 지시에 따라 tech_id에 ';'로 연결해 복수 기입. [근거자료] ESA_WorldCover_10m_2021_v200_*_Map.tif (Discrete Classification, 등급 10~95) · FAOSTAT Land Cover(LC) Item=Artificial surfaces 등"",""나지_희박식생_면적_km"":null,""레코드_키"":""VNM_lc_sparsely_natural_v_1999"",""맹그로브_면적_km"":null,""수목_면적_km"":null,""연도"":1999,""영구수체_면적_km"":null,""전국_값"":6.22,""전국_단위"":""1000 ha"",""전국_지표명"":""토지피복 면적 — 자연 식생 희소 지역"",""지역명_로마자"":""Viet Nam"",""지역명_베트남어"":""Việt Nam"",""초본습지_면적_km"":null,""초지_면적_km"":null,""합계_km"":null,""행정단위"":""Country""}",,전국 · 토지피복 면적 — 자연 식생 희소 지역 · [실적치] · FAOSTAT Land Cover · Area from CCI_LC (Flag=E),,,,B-037.xlsx,1.2_entity(레코드형),570,
B-037,"토지피복 분류별 면적[경작지, 산림, 초지, 건물, 수체, 나지]",entity,v124-b-037-entity-00568,B-037_landcover_national,VNM,,,,,,,,,토지피복 면적 — 자연 식생 희소 지역,,,"{""2025_개편_후_소속_34개_체계"":""전국(개편 무관)"",""건물_인공지표_면적_km"":null,""경계_면적_km_GADM"":null,""경계_좌표_산출근거"":""전국 집계값 — 좌표·폴리곤 없음."",""경계_폴리곤_파일"":null,""경작지_면적_km"":null,""관목_면적_km"":null,""기후기술_연계_근거"":""간접 · 원천 자체 분류 — ESA WorldCover 가 토지피복 등급을 Tree cover·Cropland·Built-up 등으로 정의·배포하며, 수목 피복 면적은 탄소 흡수원의 물리적 기반, 경작지·건물 면적은 토지이용 변화의 기준이 됨. 주 기술 23(탄소 흡수원), 부 기술 35(산림·생태계 부문 기술) — 2026-08-28 발주처 지시에 따라 tech_id에 ';'로 연결해 복수 기입. [근거자료] ESA_WorldCover_10m_2021_v200_*_Map.tif (Discrete Classification, 등급 10~95) · FAOSTAT Land Cover(LC) Item=Artificial surfaces 등"",""나지_희박식생_면적_km"":null,""레코드_키"":""VNM_lc_sparsely_natural_v_2000"",""맹그로브_면적_km"":null,""수목_면적_km"":null,""연도"":2000,""영구수체_면적_km"":null,""전국_값"":6.22,""전국_단위"":""1000 ha"",""전국_지표명"":""토지피복 면적 — 자연 식생 희소 지역"",""지역명_로마자"":""Viet Nam"",""지역명_베트남어"":""Việt Nam"",""초본습지_면적_km"":null,""초지_면적_km"":null,""합계_km"":null,""행정단위"":""Country""}",,전국 · 토지피복 면적 — 자연 식생 희소 지역 · [실적치] · FAOSTAT Land Cover · Area from CCI_LC (Flag=E),,,,B-037.xlsx,1.2_entity(레코드형),571,
B-037,"토지피복 분류별 면적[경작지, 산림, 초지, 건물, 수체, 나지]",entity,v124-b-037-entity-00569,B-037_landcover_national,VNM,,,,,,,,,토지피복 면적 — 자연 식생 희소 지역,,,"{""2025_개편_후_소속_34개_체계"":""전국(개편 무관)"",""건물_인공지표_면적_km"":null,""경계_면적_km_GADM"":null,""경계_좌표_산출근거"":""전국 집계값 — 좌표·폴리곤 없음."",""경계_폴리곤_파일"":null,""경작지_면적_km"":null,""관목_면적_km"":null,""기후기술_연계_근거"":""간접 · 원천 자체 분류 — ESA WorldCover 가 토지피복 등급을 Tree cover·Cropland·Built-up 등으로 정의·배포하며, 수목 피복 면적은 탄소 흡수원의 물리적 기반, 경작지·건물 면적은 토지이용 변화의 기준이 됨. 주 기술 23(탄소 흡수원), 부 기술 35(산림·생태계 부문 기술) — 2026-08-28 발주처 지시에 따라 tech_id에 ';'로 연결해 복수 기입. [근거자료] ESA_WorldCover_10m_2021_v200_*_Map.tif (Discrete Classification, 등급 10~95) · FAOSTAT Land Cover(LC) Item=Artificial surfaces 등"",""나지_희박식생_면적_km"":null,""레코드_키"":""VNM_lc_sparsely_natural_v_2001"",""맹그로브_면적_km"":null,""수목_면적_km"":null,""연도"":2001,""영구수체_면적_km"":null,""전국_값"":6.21,""전국_단위"":""1000 ha"",""전국_지표명"":""토지피복 면적 — 자연 식생 희소 지역"",""지역명_로마자"":""Viet Nam"",""지역명_베트남어"":""Việt Nam"",""초본습지_면적_km"":null,""초지_면적_km"":null,""합계_km"":null,""행정단위"":""Country""}",,전국 · 토지피복 면적 — 자연 식생 희소 지역 · [실적치] · FAOSTAT Land Cover · Area from CCI_LC (Flag=E),,,,B-037.xlsx,1.2_entity(레코드형),572,
B-037,"토지피복 분류별 면적[경작지, 산림, 초지, 건물, 수체, 나지]",entity,v124-b-037-entity-00570,B-037_landcover_national,VNM,,,,,,,,,토지피복 면적 — 자연 식생 희소 지역,,,"{""2025_개편_후_소속_34개_체계"":""전국(개편 무관)"",""건물_인공지표_면적_km"":null,""경계_면적_km_GADM"":null,""경계_좌표_산출근거"":""전국 집계값 — 좌표·폴리곤 없음."",""경계_폴리곤_파일"":null,""경작지_면적_km"":null,""관목_면적_km"":null,""기후기술_연계_근거"":""간접 · 원천 자체 분류 — ESA WorldCover 가 토지피복 등급을 Tree cover·Cropland·Built-up 등으로 정의·배포하며, 수목 피복 면적은 탄소 흡수원의 물리적 기반, 경작지·건물 면적은 토지이용 변화의 기준이 됨. 주 기술 23(탄소 흡수원), 부 기술 35(산림·생태계 부문 기술) — 2026-08-28 발주처 지시에 따라 tech_id에 ';'로 연결해 복수 기입. [근거자료] ESA_WorldCover_10m_2021_v200_*_Map.tif (Discrete Classification, 등급 10~95) · FAOSTAT Land Cover(LC) Item=Artificial surfaces 등"",""나지_희박식생_면적_km"":null,""레코드_키"":""VNM_lc_sparsely_natural_v_2002"",""맹그로브_면적_km"":null,""수목_면적_km"":null,""연도"":2002,""영구수체_면적_km"":null,""전국_값"":6.2,""전국_단위"":""1000 ha"",""전국_지표명"":""토지피복 면적 — 자연 식생 희소 지역"",""지역명_로마자"":""Viet Nam"",""지역명_베트남어"":""Việt Nam"",""초본습지_면적_km"":null,""초지_면적_km"":null,""합계_km"":null,""행정단위"":""Country""}",,전국 · 토지피복 면적 — 자연 식생 희소 지역 · [실적치] · FAOSTAT Land Cover · Area from CCI_LC (Flag=E),,,,B-037.xlsx,1.2_entity(레코드형),573,
B-037,"토지피복 분류별 면적[경작지, 산림, 초지, 건물, 수체, 나지]",entity,v124-b-037-entity-00571,B-037_landcover_national,VNM,,,,,,,,,토지피복 면적 — 자연 식생 희소 지역,,,"{""2025_개편_후_소속_34개_체계"":""전국(개편 무관)"",""건물_인공지표_면적_km"":null,""경계_면적_km_GADM"":null,""경계_좌표_산출근거"":""전국 집계값 — 좌표·폴리곤 없음."",""경계_폴리곤_파일"":null,""경작지_면적_km"":null,""관목_면적_km"":null,""기후기술_연계_근거"":""간접 · 원천 자체 분류 — ESA WorldCover 가 토지피복 등급을 Tree cover·Cropland·Built-up 등으로 정의·배포하며, 수목 피복 면적은 탄소 흡수원의 물리적 기반, 경작지·건물 면적은 토지이용 변화의 기준이 됨. 주 기술 23(탄소 흡수원), 부 기술 35(산림·생태계 부문 기술) — 2026-08-28 발주처 지시에 따라 tech_id에 ';'로 연결해 복수 기입. [근거자료] ESA_WorldCover_10m_2021_v200_*_Map.tif (Discrete Classification, 등급 10~95) · FAOSTAT Land Cover(LC) Item=Artificial surfaces 등"",""나지_희박식생_면적_km"":null,""레코드_키"":""VNM_lc_sparsely_natural_v_2003"",""맹그로브_면적_km"":null,""수목_면적_km"":null,""연도"":2003,""영구수체_면적_km"":null,""전국_값"":6.2,""전국_단위"":""1000 ha"",""전국_지표명"":""토지피복 면적 — 자연 식생 희소 지역"",""지역명_로마자"":""Viet Nam"",""지역명_베트남어"":""Việt Nam"",""초본습지_면적_km"":null,""초지_면적_km"":null,""합계_km"":null,""행정단위"":""Country""}",,전국 · 토지피복 면적 — 자연 식생 희소 지역 · [실적치] · FAOSTAT Land Cover · Area from CCI_LC (Flag=E),,,,B-037.xlsx,1.2_entity(레코드형),574,
B-037,"토지피복 분류별 면적[경작지, 산림, 초지, 건물, 수체, 나지]",entity,v124-b-037-entity-00572,B-037_landcover_national,VNM,,,,,,,,,토지피복 면적 — 자연 식생 희소 지역,,,"{""2025_개편_후_소속_34개_체계"":""전국(개편 무관)"",""건물_인공지표_면적_km"":null,""경계_면적_km_GADM"":null,""경계_좌표_산출근거"":""전국 집계값 — 좌표·폴리곤 없음."",""경계_폴리곤_파일"":null,""경작지_면적_km"":null,""관목_면적_km"":null,""기후기술_연계_근거"":""간접 · 원천 자체 분류 — ESA WorldCover 가 토지피복 등급을 Tree cover·Cropland·Built-up 등으로 정의·배포하며, 수목 피복 면적은 탄소 흡수원의 물리적 기반, 경작지·건물 면적은 토지이용 변화의 기준이 됨. 주 기술 23(탄소 흡수원), 부 기술 35(산림·생태계 부문 기술) — 2026-08-28 발주처 지시에 따라 tech_id에 ';'로 연결해 복수 기입. [근거자료] ESA_WorldCover_10m_2021_v200_*_Map.tif (Discrete Classification, 등급 10~95) · FAOSTAT Land Cover(LC) Item=Artificial surfaces 등"",""나지_희박식생_면적_km"":null,""레코드_키"":""VNM_lc_sparsely_natural_v_2004"",""맹그로브_면적_km"":null,""수목_면적_km"":null,""연도"":2004,""영구수체_면적_km"":null,""전국_값"":6.2,""전국_단위"":""1000 ha"",""전국_지표명"":""토지피복 면적 — 자연 식생 희소 지역"",""지역명_로마자"":""Viet Nam"",""지역명_베트남어"":""Việt Nam"",""초본습지_면적_km"":null,""초지_면적_km"":null,""합계_km"":null,""행정단위"":""Country""}",,전국 · 토지피복 면적 — 자연 식생 희소 지역 · [실적치] · FAOSTAT Land Cover · Area from CCI_LC (Flag=E),,,,B-037.xlsx,1.2_entity(레코드형),575,
B-037,"토지피복 분류별 면적[경작지, 산림, 초지, 건물, 수체, 나지]",entity,v124-b-037-entity-00573,B-037_landcover_national,VNM,,,,,,,,,토지피복 면적 — 자연 식생 희소 지역,,,"{""2025_개편_후_소속_34개_체계"":""전국(개편 무관)"",""건물_인공지표_면적_km"":null,""경계_면적_km_GADM"":null,""경계_좌표_산출근거"":""전국 집계값 — 좌표·폴리곤 없음."",""경계_폴리곤_파일"":null,""경작지_면적_km"":null,""관목_면적_km"":null,""기후기술_연계_근거"":""간접 · 원천 자체 분류 — ESA WorldCover 가 토지피복 등급을 Tree cover·Cropland·Built-up 등으로 정의·배포하며, 수목 피복 면적은 탄소 흡수원의 물리적 기반, 경작지·건물 면적은 토지이용 변화의 기준이 됨. 주 기술 23(탄소 흡수원), 부 기술 35(산림·생태계 부문 기술) — 2026-08-28 발주처 지시에 따라 tech_id에 ';'로 연결해 복수 기입. [근거자료] ESA_WorldCover_10m_2021_v200_*_Map.tif (Discrete Classification, 등급 10~95) · FAOSTAT Land Cover(LC) Item=Artificial surfaces 등"",""나지_희박식생_면적_km"":null,""레코드_키"":""VNM_lc_sparsely_natural_v_2005"",""맹그로브_면적_km"":null,""수목_면적_km"":null,""연도"":2005,""영구수체_면적_km"":null,""전국_값"":6.19,""전국_단위"":""1000 ha"",""전국_지표명"":""토지피복 면적 — 자연 식생 희소 지역"",""지역명_로마자"":""Viet Nam"",""지역명_베트남어"":""Việt Nam"",""초본습지_면적_km"":null,""초지_면적_km"":null,""합계_km"":null,""행정단위"":""Country""}",,전국 · 토지피복 면적 — 자연 식생 희소 지역 · [실적치] · FAOSTAT Land Cover · Area from CCI_LC (Flag=E),,,,B-037.xlsx,1.2_entity(레코드형),576,
B-037,"토지피복 분류별 면적[경작지, 산림, 초지, 건물, 수체, 나지]",entity,v124-b-037-entity-00574,B-037_landcover_national,VNM,,,,,,,,,토지피복 면적 — 자연 식생 희소 지역,,,"{""2025_개편_후_소속_34개_체계"":""전국(개편 무관)"",""건물_인공지표_면적_km"":null,""경계_면적_km_GADM"":null,""경계_좌표_산출근거"":""전국 집계값 — 좌표·폴리곤 없음."",""경계_폴리곤_파일"":null,""경작지_면적_km"":null,""관목_면적_km"":null,""기후기술_연계_근거"":""간접 · 원천 자체 분류 — ESA WorldCover 가 토지피복 등급을 Tree cover·Cropland·Built-up 등으로 정의·배포하며, 수목 피복 면적은 탄소 흡수원의 물리적 기반, 경작지·건물 면적은 토지이용 변화의 기준이 됨. 주 기술 23(탄소 흡수원), 부 기술 35(산림·생태계 부문 기술) — 2026-08-28 발주처 지시에 따라 tech_id에 ';'로 연결해 복수 기입. [근거자료] ESA_WorldCover_10m_2021_v200_*_Map.tif (Discrete Classification, 등급 10~95) · FAOSTAT Land Cover(LC) Item=Artificial surfaces 등"",""나지_희박식생_면적_km"":null,""레코드_키"":""VNM_lc_sparsely_natural_v_2006"",""맹그로브_면적_km"":null,""수목_면적_km"":null,""연도"":2006,""영구수체_면적_km"":null,""전국_값"":6.16,""전국_단위"":""1000 ha"",""전국_지표명"":""토지피복 면적 — 자연 식생 희소 지역"",""지역명_로마자"":""Viet Nam"",""지역명_베트남어"":""Việt Nam"",""초본습지_면적_km"":null,""초지_면적_km"":null,""합계_km"":null,""행정단위"":""Country""}",,전국 · 토지피복 면적 — 자연 식생 희소 지역 · [실적치] · FAOSTAT Land Cover · Area from CCI_LC (Flag=E),,,,B-037.xlsx,1.2_entity(레코드형),577,
B-037,"토지피복 분류별 면적[경작지, 산림, 초지, 건물, 수체, 나지]",entity,v124-b-037-entity-00575,B-037_landcover_national,VNM,,,,,,,,,토지피복 면적 — 자연 식생 희소 지역,,,"{""2025_개편_후_소속_34개_체계"":""전국(개편 무관)"",""건물_인공지표_면적_km"":null,""경계_면적_km_GADM"":null,""경계_좌표_산출근거"":""전국 집계값 — 좌표·폴리곤 없음."",""경계_폴리곤_파일"":null,""경작지_면적_km"":null,""관목_면적_km"":null,""기후기술_연계_근거"":""간접 · 원천 자체 분류 — ESA WorldCover 가 토지피복 등급을 Tree cover·Cropland·Built-up 등으로 정의·배포하며, 수목 피복 면적은 탄소 흡수원의 물리적 기반, 경작지·건물 면적은 토지이용 변화의 기준이 됨. 주 기술 23(탄소 흡수원), 부 기술 35(산림·생태계 부문 기술) — 2026-08-28 발주처 지시에 따라 tech_id에 ';'로 연결해 복수 기입. [근거자료] ESA_WorldCover_10m_2021_v200_*_Map.tif (Discrete Classification, 등급 10~95) · FAOSTAT Land Cover(LC) Item=Artificial surfaces 등"",""나지_희박식생_면적_km"":null,""레코드_키"":""VNM_lc_sparsely_natural_v_2007"",""맹그로브_면적_km"":null,""수목_면적_km"":null,""연도"":2007,""영구수체_면적_km"":null,""전국_값"":6.18,""전국_단위"":""1000 ha"",""전국_지표명"":""토지피복 면적 — 자연 식생 희소 지역"",""지역명_로마자"":""Viet Nam"",""지역명_베트남어"":""Việt Nam"",""초본습지_면적_km"":null,""초지_면적_km"":null,""합계_km"":null,""행정단위"":""Country""}",,전국 · 토지피복 면적 — 자연 식생 희소 지역 · [실적치] · FAOSTAT Land Cover · Area from CCI_LC (Flag=E),,,,B-037.xlsx,1.2_entity(레코드형),578,
B-037,"토지피복 분류별 면적[경작지, 산림, 초지, 건물, 수체, 나지]",entity,v124-b-037-entity-00576,B-037_landcover_national,VNM,,,,,,,,,토지피복 면적 — 자연 식생 희소 지역,,,"{""2025_개편_후_소속_34개_체계"":""전국(개편 무관)"",""건물_인공지표_면적_km"":null,""경계_면적_km_GADM"":null,""경계_좌표_산출근거"":""전국 집계값 — 좌표·폴리곤 없음."",""경계_폴리곤_파일"":null,""경작지_면적_km"":null,""관목_면적_km"":null,""기후기술_연계_근거"":""간접 · 원천 자체 분류 — ESA WorldCover 가 토지피복 등급을 Tree cover·Cropland·Built-up 등으로 정의·배포하며, 수목 피복 면적은 탄소 흡수원의 물리적 기반, 경작지·건물 면적은 토지이용 변화의 기준이 됨. 주 기술 23(탄소 흡수원), 부 기술 35(산림·생태계 부문 기술) — 2026-08-28 발주처 지시에 따라 tech_id에 ';'로 연결해 복수 기입. [근거자료] ESA_WorldCover_10m_2021_v200_*_Map.tif (Discrete Classification, 등급 10~95) · FAOSTAT Land Cover(LC) Item=Artificial surfaces 등"",""나지_희박식생_면적_km"":null,""레코드_키"":""VNM_lc_sparsely_natural_v_2008"",""맹그로브_면적_km"":null,""수목_면적_km"":null,""연도"":2008,""영구수체_면적_km"":null,""전국_값"":6.18,""전국_단위"":""1000 ha"",""전국_지표명"":""토지피복 면적 — 자연 식생 희소 지역"",""지역명_로마자"":""Viet Nam"",""지역명_베트남어"":""Việt Nam"",""초본습지_면적_km"":null,""초지_면적_km"":null,""합계_km"":null,""행정단위"":""Country""}",,전국 · 토지피복 면적 — 자연 식생 희소 지역 · [실적치] · FAOSTAT Land Cover · Area from CCI_LC (Flag=E),,,,B-037.xlsx,1.2_entity(레코드형),579,
B-037,"토지피복 분류별 면적[경작지, 산림, 초지, 건물, 수체, 나지]",entity,v124-b-037-entity-00577,B-037_landcover_national,VNM,,,,,,,,,토지피복 면적 — 자연 식생 희소 지역,,,"{""2025_개편_후_소속_34개_체계"":""전국(개편 무관)"",""건물_인공지표_면적_km"":null,""경계_면적_km_GADM"":null,""경계_좌표_산출근거"":""전국 집계값 — 좌표·폴리곤 없음."",""경계_폴리곤_파일"":null,""경작지_면적_km"":null,""관목_면적_km"":null,""기후기술_연계_근거"":""간접 · 원천 자체 분류 — ESA WorldCover 가 토지피복 등급을 Tree cover·Cropland·Built-up 등으로 정의·배포하며, 수목 피복 면적은 탄소 흡수원의 물리적 기반, 경작지·건물 면적은 토지이용 변화의 기준이 됨. 주 기술 23(탄소 흡수원), 부 기술 35(산림·생태계 부문 기술) — 2026-08-28 발주처 지시에 따라 tech_id에 ';'로 연결해 복수 기입. [근거자료] ESA_WorldCover_10m_2021_v200_*_Map.tif (Discrete Classification, 등급 10~95) · FAOSTAT Land Cover(LC) Item=Artificial surfaces 등"",""나지_희박식생_면적_km"":null,""레코드_키"":""VNM_lc_sparsely_natural_v_2009"",""맹그로브_면적_km"":null,""수목_면적_km"":null,""연도"":2009,""영구수체_면적_km"":null,""전국_값"":6.19,""전국_단위"":""1000 ha"",""전국_지표명"":""토지피복 면적 — 자연 식생 희소 지역"",""지역명_로마자"":""Viet Nam"",""지역명_베트남어"":""Việt Nam"",""초본습지_면적_km"":null,""초지_면적_km"":null,""합계_km"":null,""행정단위"":""Country""}",,전국 · 토지피복 면적 — 자연 식생 희소 지역 · [실적치] · FAOSTAT Land Cover · Area from CCI_LC (Flag=E),,,,B-037.xlsx,1.2_entity(레코드형),580,
B-037,"토지피복 분류별 면적[경작지, 산림, 초지, 건물, 수체, 나지]",entity,v124-b-037-entity-00578,B-037_landcover_national,VNM,,,,,,,,,토지피복 면적 — 자연 식생 희소 지역,,,"{""2025_개편_후_소속_34개_체계"":""전국(개편 무관)"",""건물_인공지표_면적_km"":null,""경계_면적_km_GADM"":null,""경계_좌표_산출근거"":""전국 집계값 — 좌표·폴리곤 없음."",""경계_폴리곤_파일"":null,""경작지_면적_km"":null,""관목_면적_km"":null,""기후기술_연계_근거"":""간접 · 원천 자체 분류 — ESA WorldCover 가 토지피복 등급을 Tree cover·Cropland·Built-up 등으로 정의·배포하며, 수목 피복 면적은 탄소 흡수원의 물리적 기반, 경작지·건물 면적은 토지이용 변화의 기준이 됨. 주 기술 23(탄소 흡수원), 부 기술 35(산림·생태계 부문 기술) — 2026-08-28 발주처 지시에 따라 tech_id에 ';'로 연결해 복수 기입. [근거자료] ESA_WorldCover_10m_2021_v200_*_Map.tif (Discrete Classification, 등급 10~95) · FAOSTAT Land Cover(LC) Item=Artificial surfaces 등"",""나지_희박식생_면적_km"":null,""레코드_키"":""VNM_lc_sparsely_natural_v_2010"",""맹그로브_면적_km"":null,""수목_면적_km"":null,""연도"":2010,""영구수체_면적_km"":null,""전국_값"":6.31,""전국_단위"":""1000 ha"",""전국_지표명"":""토지피복 면적 — 자연 식생 희소 지역"",""지역명_로마자"":""Viet Nam"",""지역명_베트남어"":""Việt Nam"",""초본습지_면적_km"":null,""초지_면적_km"":null,""합계_km"":null,""행정단위"":""Country""}",,전국 · 토지피복 면적 — 자연 식생 희소 지역 · [실적치] · FAOSTAT Land Cover · Area from CCI_LC (Flag=E),,,,B-037.xlsx,1.2_entity(레코드형),581,
B-037,"토지피복 분류별 면적[경작지, 산림, 초지, 건물, 수체, 나지]",entity,v124-b-037-entity-00579,B-037_landcover_national,VNM,,,,,,,,,토지피복 면적 — 자연 식생 희소 지역,,,"{""2025_개편_후_소속_34개_체계"":""전국(개편 무관)"",""건물_인공지표_면적_km"":null,""경계_면적_km_GADM"":null,""경계_좌표_산출근거"":""전국 집계값 — 좌표·폴리곤 없음."",""경계_폴리곤_파일"":null,""경작지_면적_km"":null,""관목_면적_km"":null,""기후기술_연계_근거"":""간접 · 원천 자체 분류 — ESA WorldCover 가 토지피복 등급을 Tree cover·Cropland·Built-up 등으로 정의·배포하며, 수목 피복 면적은 탄소 흡수원의 물리적 기반, 경작지·건물 면적은 토지이용 변화의 기준이 됨. 주 기술 23(탄소 흡수원), 부 기술 35(산림·생태계 부문 기술) — 2026-08-28 발주처 지시에 따라 tech_id에 ';'로 연결해 복수 기입. [근거자료] ESA_WorldCover_10m_2021_v200_*_Map.tif (Discrete Classification, 등급 10~95) · FAOSTAT Land Cover(LC) Item=Artificial surfaces 등"",""나지_희박식생_면적_km"":null,""레코드_키"":""VNM_lc_sparsely_natural_v_2011"",""맹그로브_면적_km"":null,""수목_면적_km"":null,""연도"":2011,""영구수체_면적_km"":null,""전국_값"":6.31,""전국_단위"":""1000 ha"",""전국_지표명"":""토지피복 면적 — 자연 식생 희소 지역"",""지역명_로마자"":""Viet Nam"",""지역명_베트남어"":""Việt Nam"",""초본습지_면적_km"":null,""초지_면적_km"":null,""합계_km"":null,""행정단위"":""Country""}",,전국 · 토지피복 면적 — 자연 식생 희소 지역 · [실적치] · FAOSTAT Land Cover · Area from CCI_LC (Flag=E),,,,B-037.xlsx,1.2_entity(레코드형),582,
B-037,"토지피복 분류별 면적[경작지, 산림, 초지, 건물, 수체, 나지]",entity,v124-b-037-entity-00580,B-037_landcover_national,VNM,,,,,,,,,토지피복 면적 — 자연 식생 희소 지역,,,"{""2025_개편_후_소속_34개_체계"":""전국(개편 무관)"",""건물_인공지표_면적_km"":null,""경계_면적_km_GADM"":null,""경계_좌표_산출근거"":""전국 집계값 — 좌표·폴리곤 없음."",""경계_폴리곤_파일"":null,""경작지_면적_km"":null,""관목_면적_km"":null,""기후기술_연계_근거"":""간접 · 원천 자체 분류 — ESA WorldCover 가 토지피복 등급을 Tree cover·Cropland·Built-up 등으로 정의·배포하며, 수목 피복 면적은 탄소 흡수원의 물리적 기반, 경작지·건물 면적은 토지이용 변화의 기준이 됨. 주 기술 23(탄소 흡수원), 부 기술 35(산림·생태계 부문 기술) — 2026-08-28 발주처 지시에 따라 tech_id에 ';'로 연결해 복수 기입. [근거자료] ESA_WorldCover_10m_2021_v200_*_Map.tif (Discrete Classification, 등급 10~95) · FAOSTAT Land Cover(LC) Item=Artificial surfaces 등"",""나지_희박식생_면적_km"":null,""레코드_키"":""VNM_lc_sparsely_natural_v_2012"",""맹그로브_면적_km"":null,""수목_면적_km"":null,""연도"":2012,""영구수체_면적_km"":null,""전국_값"":6.3,""전국_단위"":""1000 ha"",""전국_지표명"":""토지피복 면적 — 자연 식생 희소 지역"",""지역명_로마자"":""Viet Nam"",""지역명_베트남어"":""Việt Nam"",""초본습지_면적_km"":null,""초지_면적_km"":null,""합계_km"":null,""행정단위"":""Country""}",,전국 · 토지피복 면적 — 자연 식생 희소 지역 · [실적치] · FAOSTAT Land Cover · Area from CCI_LC (Flag=E),,,,B-037.xlsx,1.2_entity(레코드형),583,
B-037,"토지피복 분류별 면적[경작지, 산림, 초지, 건물, 수체, 나지]",entity,v124-b-037-entity-00581,B-037_landcover_national,VNM,,,,,,,,,토지피복 면적 — 자연 식생 희소 지역,,,"{""2025_개편_후_소속_34개_체계"":""전국(개편 무관)"",""건물_인공지표_면적_km"":null,""경계_면적_km_GADM"":null,""경계_좌표_산출근거"":""전국 집계값 — 좌표·폴리곤 없음."",""경계_폴리곤_파일"":null,""경작지_면적_km"":null,""관목_면적_km"":null,""기후기술_연계_근거"":""간접 · 원천 자체 분류 — ESA WorldCover 가 토지피복 등급을 Tree cover·Cropland·Built-up 등으로 정의·배포하며, 수목 피복 면적은 탄소 흡수원의 물리적 기반, 경작지·건물 면적은 토지이용 변화의 기준이 됨. 주 기술 23(탄소 흡수원), 부 기술 35(산림·생태계 부문 기술) — 2026-08-28 발주처 지시에 따라 tech_id에 ';'로 연결해 복수 기입. [근거자료] ESA_WorldCover_10m_2021_v200_*_Map.tif (Discrete Classification, 등급 10~95) · FAOSTAT Land Cover(LC) Item=Artificial surfaces 등"",""나지_희박식생_면적_km"":null,""레코드_키"":""VNM_lc_sparsely_natural_v_2013"",""맹그로브_면적_km"":null,""수목_면적_km"":null,""연도"":2013,""영구수체_면적_km"":null,""전국_값"":6.27,""전국_단위"":""1000 ha"",""전국_지표명"":""토지피복 면적 — 자연 식생 희소 지역"",""지역명_로마자"":""Viet Nam"",""지역명_베트남어"":""Việt Nam"",""초본습지_면적_km"":null,""초지_면적_km"":null,""합계_km"":null,""행정단위"":""Country""}",,전국 · 토지피복 면적 — 자연 식생 희소 지역 · [실적치] · FAOSTAT Land Cover · Area from CCI_LC (Flag=E),,,,B-037.xlsx,1.2_entity(레코드형),584,
B-037,"토지피복 분류별 면적[경작지, 산림, 초지, 건물, 수체, 나지]",entity,v124-b-037-entity-00582,B-037_landcover_national,VNM,,,,,,,,,토지피복 면적 — 자연 식생 희소 지역,,,"{""2025_개편_후_소속_34개_체계"":""전국(개편 무관)"",""건물_인공지표_면적_km"":null,""경계_면적_km_GADM"":null,""경계_좌표_산출근거"":""전국 집계값 — 좌표·폴리곤 없음."",""경계_폴리곤_파일"":null,""경작지_면적_km"":null,""관목_면적_km"":null,""기후기술_연계_근거"":""간접 · 원천 자체 분류 — ESA WorldCover 가 토지피복 등급을 Tree cover·Cropland·Built-up 등으로 정의·배포하며, 수목 피복 면적은 탄소 흡수원의 물리적 기반, 경작지·건물 면적은 토지이용 변화의 기준이 됨. 주 기술 23(탄소 흡수원), 부 기술 35(산림·생태계 부문 기술) — 2026-08-28 발주처 지시에 따라 tech_id에 ';'로 연결해 복수 기입. [근거자료] ESA_WorldCover_10m_2021_v200_*_Map.tif (Discrete Classification, 등급 10~95) · FAOSTAT Land Cover(LC) Item=Artificial surfaces 등"",""나지_희박식생_면적_km"":null,""레코드_키"":""VNM_lc_sparsely_natural_v_2014"",""맹그로브_면적_km"":null,""수목_면적_km"":null,""연도"":2014,""영구수체_면적_km"":null,""전국_값"":6.26,""전국_단위"":""1000 ha"",""전국_지표명"":""토지피복 면적 — 자연 식생 희소 지역"",""지역명_로마자"":""Viet Nam"",""지역명_베트남어"":""Việt Nam"",""초본습지_면적_km"":null,""초지_면적_km"":null,""합계_km"":null,""행정단위"":""Country""}",,전국 · 토지피복 면적 — 자연 식생 희소 지역 · [실적치] · FAOSTAT Land Cover · Area from CCI_LC (Flag=E),,,,B-037.xlsx,1.2_entity(레코드형),585,
B-037,"토지피복 분류별 면적[경작지, 산림, 초지, 건물, 수체, 나지]",entity,v124-b-037-entity-00583,B-037_landcover_national,VNM,,,,,,,,,토지피복 면적 — 자연 식생 희소 지역,,,"{""2025_개편_후_소속_34개_체계"":""전국(개편 무관)"",""건물_인공지표_면적_km"":null,""경계_면적_km_GADM"":null,""경계_좌표_산출근거"":""전국 집계값 — 좌표·폴리곤 없음."",""경계_폴리곤_파일"":null,""경작지_면적_km"":null,""관목_면적_km"":null,""기후기술_연계_근거"":""간접 · 원천 자체 분류 — ESA WorldCover 가 토지피복 등급을 Tree cover·Cropland·Built-up 등으로 정의·배포하며, 수목 피복 면적은 탄소 흡수원의 물리적 기반, 경작지·건물 면적은 토지이용 변화의 기준이 됨. 주 기술 23(탄소 흡수원), 부 기술 35(산림·생태계 부문 기술) — 2026-08-28 발주처 지시에 따라 tech_id에 ';'로 연결해 복수 기입. [근거자료] ESA_WorldCover_10m_2021_v200_*_Map.tif (Discrete Classification, 등급 10~95) · FAOSTAT Land Cover(LC) Item=Artificial surfaces 등"",""나지_희박식생_면적_km"":null,""레코드_키"":""VNM_lc_sparsely_natural_v_2015"",""맹그로브_면적_km"":null,""수목_면적_km"":null,""연도"":2015,""영구수체_면적_km"":null,""전국_값"":6.26,""전국_단위"":""1000 ha"",""전국_지표명"":""토지피복 면적 — 자연 식생 희소 지역"",""지역명_로마자"":""Viet Nam"",""지역명_베트남어"":""Việt Nam"",""초본습지_면적_km"":null,""초지_면적_km"":null,""합계_km"":null,""행정단위"":""Country""}",,전국 · 토지피복 면적 — 자연 식생 희소 지역 · [실적치] · FAOSTAT Land Cover · Area from CCI_LC (Flag=E),,,,B-037.xlsx,1.2_entity(레코드형),586,
B-037,"토지피복 분류별 면적[경작지, 산림, 초지, 건물, 수체, 나지]",entity,v124-b-037-entity-00584,B-037_landcover_national,VNM,,,,,,,,,토지피복 면적 — 자연 식생 희소 지역,,,"{""2025_개편_후_소속_34개_체계"":""전국(개편 무관)"",""건물_인공지표_면적_km"":null,""경계_면적_km_GADM"":null,""경계_좌표_산출근거"":""전국 집계값 — 좌표·폴리곤 없음."",""경계_폴리곤_파일"":null,""경작지_면적_km"":null,""관목_면적_km"":null,""기후기술_연계_근거"":""간접 · 원천 자체 분류 — ESA WorldCover 가 토지피복 등급을 Tree cover·Cropland·Built-up 등으로 정의·배포하며, 수목 피복 면적은 탄소 흡수원의 물리적 기반, 경작지·건물 면적은 토지이용 변화의 기준이 됨. 주 기술 23(탄소 흡수원), 부 기술 35(산림·생태계 부문 기술) — 2026-08-28 발주처 지시에 따라 tech_id에 ';'로 연결해 복수 기입. [근거자료] ESA_WorldCover_10m_2021_v200_*_Map.tif (Discrete Classification, 등급 10~95) · FAOSTAT Land Cover(LC) Item=Artificial surfaces 등"",""나지_희박식생_면적_km"":null,""레코드_키"":""VNM_lc_sparsely_natural_v_2016"",""맹그로브_면적_km"":null,""수목_면적_km"":null,""연도"":2016,""영구수체_면적_km"":null,""전국_값"":6.26,""전국_단위"":""1000 ha"",""전국_지표명"":""토지피복 면적 — 자연 식생 희소 지역"",""지역명_로마자"":""Viet Nam"",""지역명_베트남어"":""Việt Nam"",""초본습지_면적_km"":null,""초지_면적_km"":null,""합계_km"":null,""행정단위"":""Country""}",,전국 · 토지피복 면적 — 자연 식생 희소 지역 · [실적치] · FAOSTAT Land Cover · Area from CCI_LC (Flag=E),,,,B-037.xlsx,1.2_entity(레코드형),587,
B-037,"토지피복 분류별 면적[경작지, 산림, 초지, 건물, 수체, 나지]",entity,v124-b-037-entity-00585,B-037_landcover_national,VNM,,,,,,,,,토지피복 면적 — 자연 식생 희소 지역,,,"{""2025_개편_후_소속_34개_체계"":""전국(개편 무관)"",""건물_인공지표_면적_km"":null,""경계_면적_km_GADM"":null,""경계_좌표_산출근거"":""전국 집계값 — 좌표·폴리곤 없음."",""경계_폴리곤_파일"":null,""경작지_면적_km"":null,""관목_면적_km"":null,""기후기술_연계_근거"":""간접 · 원천 자체 분류 — ESA WorldCover 가 토지피복 등급을 Tree cover·Cropland·Built-up 등으로 정의·배포하며, 수목 피복 면적은 탄소 흡수원의 물리적 기반, 경작지·건물 면적은 토지이용 변화의 기준이 됨. 주 기술 23(탄소 흡수원), 부 기술 35(산림·생태계 부문 기술) — 2026-08-28 발주처 지시에 따라 tech_id에 ';'로 연결해 복수 기입. [근거자료] ESA_WorldCover_10m_2021_v200_*_Map.tif (Discrete Classification, 등급 10~95) · FAOSTAT Land Cover(LC) Item=Artificial surfaces 등"",""나지_희박식생_면적_km"":null,""레코드_키"":""VNM_lc_sparsely_natural_v_2017"",""맹그로브_면적_km"":null,""수목_면적_km"":null,""연도"":2017,""영구수체_면적_km"":null,""전국_값"":6.24,""전국_단위"":""1000 ha"",""전국_지표명"":""토지피복 면적 — 자연 식생 희소 지역"",""지역명_로마자"":""Viet Nam"",""지역명_베트남어"":""Việt Nam"",""초본습지_면적_km"":null,""초지_면적_km"":null,""합계_km"":null,""행정단위"":""Country""}",,전국 · 토지피복 면적 — 자연 식생 희소 지역 · [실적치] · FAOSTAT Land Cover · Area from CCI_LC (Flag=E),,,,B-037.xlsx,1.2_entity(레코드형),588,
B-037,"토지피복 분류별 면적[경작지, 산림, 초지, 건물, 수체, 나지]",entity,v124-b-037-entity-00586,B-037_landcover_national,VNM,,,,,,,,,토지피복 면적 — 자연 식생 희소 지역,,,"{""2025_개편_후_소속_34개_체계"":""전국(개편 무관)"",""건물_인공지표_면적_km"":null,""경계_면적_km_GADM"":null,""경계_좌표_산출근거"":""전국 집계값 — 좌표·폴리곤 없음."",""경계_폴리곤_파일"":null,""경작지_면적_km"":null,""관목_면적_km"":null,""기후기술_연계_근거"":""간접 · 원천 자체 분류 — ESA WorldCover 가 토지피복 등급을 Tree cover·Cropland·Built-up 등으로 정의·배포하며, 수목 피복 면적은 탄소 흡수원의 물리적 기반, 경작지·건물 면적은 토지이용 변화의 기준이 됨. 주 기술 23(탄소 흡수원), 부 기술 35(산림·생태계 부문 기술) — 2026-08-28 발주처 지시에 따라 tech_id에 ';'로 연결해 복수 기입. [근거자료] ESA_WorldCover_10m_2021_v200_*_Map.tif (Discrete Classification, 등급 10~95) · FAOSTAT Land Cover(LC) Item=Artificial surfaces 등"",""나지_희박식생_면적_km"":null,""레코드_키"":""VNM_lc_sparsely_natural_v_2018"",""맹그로브_면적_km"":null,""수목_면적_km"":null,""연도"":2018,""영구수체_면적_km"":null,""전국_값"":6.23,""전국_단위"":""1000 ha"",""전국_지표명"":""토지피복 면적 — 자연 식생 희소 지역"",""지역명_로마자"":""Viet Nam"",""지역명_베트남어"":""Việt Nam"",""초본습지_면적_km"":null,""초지_면적_km"":null,""합계_km"":null,""행정단위"":""Country""}",,전국 · 토지피복 면적 — 자연 식생 희소 지역 · [실적치] · FAOSTAT Land Cover · Area from CCI_LC (Flag=E),,,,B-037.xlsx,1.2_entity(레코드형),589,
B-037,"토지피복 분류별 면적[경작지, 산림, 초지, 건물, 수체, 나지]",entity,v124-b-037-entity-00587,B-037_landcover_national,VNM,,,,,,,,,토지피복 면적 — 자연 식생 희소 지역,,,"{""2025_개편_후_소속_34개_체계"":""전국(개편 무관)"",""건물_인공지표_면적_km"":null,""경계_면적_km_GADM"":null,""경계_좌표_산출근거"":""전국 집계값 — 좌표·폴리곤 없음."",""경계_폴리곤_파일"":null,""경작지_면적_km"":null,""관목_면적_km"":null,""기후기술_연계_근거"":""간접 · 원천 자체 분류 — ESA WorldCover 가 토지피복 등급을 Tree cover·Cropland·Built-up 등으로 정의·배포하며, 수목 피복 면적은 탄소 흡수원의 물리적 기반, 경작지·건물 면적은 토지이용 변화의 기준이 됨. 주 기술 23(탄소 흡수원), 부 기술 35(산림·생태계 부문 기술) — 2026-08-28 발주처 지시에 따라 tech_id에 ';'로 연결해 복수 기입. [근거자료] ESA_WorldCover_10m_2021_v200_*_Map.tif (Discrete Classification, 등급 10~95) · FAOSTAT Land Cover(LC) Item=Artificial surfaces 등"",""나지_희박식생_면적_km"":null,""레코드_키"":""VNM_lc_sparsely_natural_v_2019"",""맹그로브_면적_km"":null,""수목_면적_km"":null,""연도"":2019,""영구수체_면적_km"":null,""전국_값"":6.23,""전국_단위"":""1000 ha"",""전국_지표명"":""토지피복 면적 — 자연 식생 희소 지역"",""지역명_로마자"":""Viet Nam"",""지역명_베트남어"":""Việt Nam"",""초본습지_면적_km"":null,""초지_면적_km"":null,""합계_km"":null,""행정단위"":""Country""}",,전국 · 토지피복 면적 — 자연 식생 희소 지역 · [실적치] · FAOSTAT Land Cover · Area from CCI_LC (Flag=E),,,,B-037.xlsx,1.2_entity(레코드형),590,
B-037,"토지피복 분류별 면적[경작지, 산림, 초지, 건물, 수체, 나지]",entity,v124-b-037-entity-00588,B-037_landcover_national,VNM,,,,,,,,,토지피복 면적 — 자연 식생 희소 지역,,,"{""2025_개편_후_소속_34개_체계"":""전국(개편 무관)"",""건물_인공지표_면적_km"":null,""경계_면적_km_GADM"":null,""경계_좌표_산출근거"":""전국 집계값 — 좌표·폴리곤 없음."",""경계_폴리곤_파일"":null,""경작지_면적_km"":null,""관목_면적_km"":null,""기후기술_연계_근거"":""간접 · 원천 자체 분류 — ESA WorldCover 가 토지피복 등급을 Tree cover·Cropland·Built-up 등으로 정의·배포하며, 수목 피복 면적은 탄소 흡수원의 물리적 기반, 경작지·건물 면적은 토지이용 변화의 기준이 됨. 주 기술 23(탄소 흡수원), 부 기술 35(산림·생태계 부문 기술) — 2026-08-28 발주처 지시에 따라 tech_id에 ';'로 연결해 복수 기입. [근거자료] ESA_WorldCover_10m_2021_v200_*_Map.tif (Discrete Classification, 등급 10~95) · FAOSTAT Land Cover(LC) Item=Artificial surfaces 등"",""나지_희박식생_면적_km"":null,""레코드_키"":""VNM_lc_sparsely_natural_v_2020"",""맹그로브_면적_km"":null,""수목_면적_km"":null,""연도"":2020,""영구수체_면적_km"":null,""전국_값"":6.23,""전국_단위"":""1000 ha"",""전국_지표명"":""토지피복 면적 — 자연 식생 희소 지역"",""지역명_로마자"":""Viet Nam"",""지역명_베트남어"":""Việt Nam"",""초본습지_면적_km"":null,""초지_면적_km"":null,""합계_km"":null,""행정단위"":""Country""}",,전국 · 토지피복 면적 — 자연 식생 희소 지역 · [실적치] · FAOSTAT Land Cover · Area from CCI_LC (Flag=E),,,,B-037.xlsx,1.2_entity(레코드형),591,
B-037,"토지피복 분류별 면적[경작지, 산림, 초지, 건물, 수체, 나지]",entity,v124-b-037-entity-00589,B-037_landcover_national,VNM,,,,,,,,,토지피복 면적 — 자연 식생 희소 지역,,,"{""2025_개편_후_소속_34개_체계"":""전국(개편 무관)"",""건물_인공지표_면적_km"":null,""경계_면적_km_GADM"":null,""경계_좌표_산출근거"":""전국 집계값 — 좌표·폴리곤 없음."",""경계_폴리곤_파일"":null,""경작지_면적_km"":null,""관목_면적_km"":null,""기후기술_연계_근거"":""간접 · 원천 자체 분류 — ESA WorldCover 가 토지피복 등급을 Tree cover·Cropland·Built-up 등으로 정의·배포하며, 수목 피복 면적은 탄소 흡수원의 물리적 기반, 경작지·건물 면적은 토지이용 변화의 기준이 됨. 주 기술 23(탄소 흡수원), 부 기술 35(산림·생태계 부문 기술) — 2026-08-28 발주처 지시에 따라 tech_id에 ';'로 연결해 복수 기입. [근거자료] ESA_WorldCover_10m_2021_v200_*_Map.tif (Discrete Classification, 등급 10~95) · FAOSTAT Land Cover(LC) Item=Artificial surfaces 등"",""나지_희박식생_면적_km"":null,""레코드_키"":""VNM_lc_sparsely_natural_v_2021"",""맹그로브_면적_km"":null,""수목_면적_km"":null,""연도"":2021,""영구수체_면적_km"":null,""전국_값"":6.23,""전국_단위"":""1000 ha"",""전국_지표명"":""토지피복 면적 — 자연 식생 희소 지역"",""지역명_로마자"":""Viet Nam"",""지역명_베트남어"":""Việt Nam"",""초본습지_면적_km"":null,""초지_면적_km"":null,""합계_km"":null,""행정단위"":""Country""}",,전국 · 토지피복 면적 — 자연 식생 희소 지역 · [실적치] · FAOSTAT Land Cover · Area from CCI_LC (Flag=E),,,,B-037.xlsx,1.2_entity(레코드형),592,
B-037,"토지피복 분류별 면적[경작지, 산림, 초지, 건물, 수체, 나지]",entity,v124-b-037-entity-00590,B-037_landcover_national,VNM,,,,,,,,,토지피복 면적 — 자연 식생 희소 지역,,,"{""2025_개편_후_소속_34개_체계"":""전국(개편 무관)"",""건물_인공지표_면적_km"":null,""경계_면적_km_GADM"":null,""경계_좌표_산출근거"":""전국 집계값 — 좌표·폴리곤 없음."",""경계_폴리곤_파일"":null,""경작지_면적_km"":null,""관목_면적_km"":null,""기후기술_연계_근거"":""간접 · 원천 자체 분류 — ESA WorldCover 가 토지피복 등급을 Tree cover·Cropland·Built-up 등으로 정의·배포하며, 수목 피복 면적은 탄소 흡수원의 물리적 기반, 경작지·건물 면적은 토지이용 변화의 기준이 됨. 주 기술 23(탄소 흡수원), 부 기술 35(산림·생태계 부문 기술) — 2026-08-28 발주처 지시에 따라 tech_id에 ';'로 연결해 복수 기입. [근거자료] ESA_WorldCover_10m_2021_v200_*_Map.tif (Discrete Classification, 등급 10~95) · FAOSTAT Land Cover(LC) Item=Artificial surfaces 등"",""나지_희박식생_면적_km"":null,""레코드_키"":""VNM_lc_sparsely_natural_v_2022"",""맹그로브_면적_km"":null,""수목_면적_km"":null,""연도"":2022,""영구수체_면적_km"":null,""전국_값"":6.22,""전국_단위"":""1000 ha"",""전국_지표명"":""토지피복 면적 — 자연 식생 희소 지역"",""지역명_로마자"":""Viet Nam"",""지역명_베트남어"":""Việt Nam"",""초본습지_면적_km"":null,""초지_면적_km"":null,""합계_km"":null,""행정단위"":""Country""}",,전국 · 토지피복 면적 — 자연 식생 희소 지역 · [실적치] · FAOSTAT Land Cover · Area from CCI_LC (Flag=E),,,,B-037.xlsx,1.2_entity(레코드형),593,
B-037,"토지피복 분류별 면적[경작지, 산림, 초지, 건물, 수체, 나지]",entity,v124-b-037-entity-00591,B-037_landcover_national,VNM,,,,,,,,,토지피복 면적(CGLS) — 자연 식생 희소 지역,,,"{""2025_개편_후_소속_34개_체계"":""전국(개편 무관)"",""건물_인공지표_면적_km"":null,""경계_면적_km_GADM"":null,""경계_좌표_산출근거"":""전국 집계값 — 좌표·폴리곤 없음."",""경계_폴리곤_파일"":null,""경작지_면적_km"":null,""관목_면적_km"":null,""기후기술_연계_근거"":""간접 · 원천 자체 분류 — ESA WorldCover 가 토지피복 등급을 Tree cover·Cropland·Built-up 등으로 정의·배포하며, 수목 피복 면적은 탄소 흡수원의 물리적 기반, 경작지·건물 면적은 토지이용 변화의 기준이 됨. 주 기술 23(탄소 흡수원), 부 기술 35(산림·생태계 부문 기술) — 2026-08-28 발주처 지시에 따라 tech_id에 ';'로 연결해 복수 기입. [근거자료] ESA_WorldCover_10m_2021_v200_*_Map.tif (Discrete Classification, 등급 10~95) · FAOSTAT Land Cover(LC) Item=Artificial surfaces 등"",""나지_희박식생_면적_km"":null,""레코드_키"":""VNM_lc_sparsely_natural_v_cgls_2019"",""맹그로브_면적_km"":null,""수목_면적_km"":null,""연도"":2019,""영구수체_면적_km"":null,""전국_값"":null,""전국_단위"":""1000 ha"",""전국_지표명"":""토지피복 면적(CGLS) — 자연 식생 희소 지역"",""지역명_로마자"":""Viet Nam"",""지역명_베트남어"":""Việt Nam"",""초본습지_면적_km"":null,""초지_면적_km"":null,""합계_km"":null,""행정단위"":""Country""}",M03,"전국 · 토지피복 면적(CGLS) — 자연 식생 희소 지역 · Copernicus Global Land Service 100m 산출물에 해당 클래스 행은 존재하나 전 연도 값이 공란(원천 Flag=O, 값 미산출)",,,,B-037.xlsx,1.2_entity(레코드형),594,
B-037,"토지피복 분류별 면적[경작지, 산림, 초지, 건물, 수체, 나지]",entity,v124-b-037-entity-00592,B-037_landcover_national,VNM,,,,,,,,,토지피복 면적(MODIS) — 자연 식생 희소 지역,,,"{""2025_개편_후_소속_34개_체계"":""전국(개편 무관)"",""건물_인공지표_면적_km"":null,""경계_면적_km_GADM"":null,""경계_좌표_산출근거"":""전국 집계값 — 좌표·폴리곤 없음."",""경계_폴리곤_파일"":null,""경작지_면적_km"":null,""관목_면적_km"":null,""기후기술_연계_근거"":""간접 · 원천 자체 분류 — ESA WorldCover 가 토지피복 등급을 Tree cover·Cropland·Built-up 등으로 정의·배포하며, 수목 피복 면적은 탄소 흡수원의 물리적 기반, 경작지·건물 면적은 토지이용 변화의 기준이 됨. 주 기술 23(탄소 흡수원), 부 기술 35(산림·생태계 부문 기술) — 2026-08-28 발주처 지시에 따라 tech_id에 ';'로 연결해 복수 기입. [근거자료] ESA_WorldCover_10m_2021_v200_*_Map.tif (Discrete Classification, 등급 10~95) · FAOSTAT Land Cover(LC) Item=Artificial surfaces 등"",""나지_희박식생_면적_km"":null,""레코드_키"":""VNM_lc_sparsely_natural_v_modis_2024"",""맹그로브_면적_km"":null,""수목_면적_km"":null,""연도"":2024,""영구수체_면적_km"":null,""전국_값"":null,""전국_단위"":""1000 ha"",""전국_지표명"":""토지피복 면적(MODIS) — 자연 식생 희소 지역"",""지역명_로마자"":""Viet Nam"",""지역명_베트남어"":""Việt Nam"",""초본습지_면적_km"":null,""초지_면적_km"":null,""합계_km"":null,""행정단위"":""Country""}",M03,"전국 · 토지피복 면적(MODIS) — 자연 식생 희소 지역 · MODIS Land Cover (MCD12Q1) 500m 산출물에 해당 클래스 행은 존재하나 전 연도 값이 공란(원천 Flag=O, 값 미산출)",,,,B-037.xlsx,1.2_entity(레코드형),595,
B-037,"토지피복 분류별 면적[경작지, 산림, 초지, 건물, 수체, 나지]",entity,v124-b-037-entity-00593,B-037_landcover_national,VNM,,,,,,,,,토지피복 면적(WorldCover) — 자연 식생 희소 지역,,,"{""2025_개편_후_소속_34개_체계"":""전국(개편 무관)"",""건물_인공지표_면적_km"":null,""경계_면적_km_GADM"":null,""경계_좌표_산출근거"":""전국 집계값 — 좌표·폴리곤 없음."",""경계_폴리곤_파일"":null,""경작지_면적_km"":null,""관목_면적_km"":null,""기후기술_연계_근거"":""간접 · 원천 자체 분류 — ESA WorldCover 가 토지피복 등급을 Tree cover·Cropland·Built-up 등으로 정의·배포하며, 수목 피복 면적은 탄소 흡수원의 물리적 기반, 경작지·건물 면적은 토지이용 변화의 기준이 됨. 주 기술 23(탄소 흡수원), 부 기술 35(산림·생태계 부문 기술) — 2026-08-28 발주처 지시에 따라 tech_id에 ';'로 연결해 복수 기입. [근거자료] ESA_WorldCover_10m_2021_v200_*_Map.tif (Discrete Classification, 등급 10~95) · FAOSTAT Land Cover(LC) Item=Artificial surfaces 등"",""나지_희박식생_면적_km"":null,""레코드_키"":""VNM_lc_sparsely_natural_v_wc_2021"",""맹그로브_면적_km"":null,""수목_면적_km"":null,""연도"":2021,""영구수체_면적_km"":null,""전국_값"":null,""전국_단위"":""1000 ha"",""전국_지표명"":""토지피복 면적(WorldCover) — 자연 식생 희소 지역"",""지역명_로마자"":""Viet Nam"",""지역명_베트남어"":""Việt Nam"",""초본습지_면적_km"":null,""초지_면적_km"":null,""합계_km"":null,""행정단위"":""Country""}",M03,"전국 · 토지피복 면적(WorldCover) — 자연 식생 희소 지역 · ESA WorldCover 10m 산출물에 해당 클래스 행은 존재하나 전 연도 값이 공란(원천 Flag=O, 값 미산출)",,,,B-037.xlsx,1.2_entity(레코드형),596,
B-037,"토지피복 분류별 면적[경작지, 산림, 초지, 건물, 수체, 나지]",entity,v124-b-037-entity-00594,B-037_landcover_national,VNM,,,,,,,,,토지피복 면적 — 나지,,,"{""2025_개편_후_소속_34개_체계"":""전국(개편 무관)"",""건물_인공지표_면적_km"":null,""경계_면적_km_GADM"":null,""경계_좌표_산출근거"":""전국 집계값 — 좌표·폴리곤 없음."",""경계_폴리곤_파일"":null,""경작지_면적_km"":null,""관목_면적_km"":null,""기후기술_연계_근거"":""간접 · 원천 자체 분류 — ESA WorldCover 가 토지피복 등급을 Tree cover·Cropland·Built-up 등으로 정의·배포하며, 수목 피복 면적은 탄소 흡수원의 물리적 기반, 경작지·건물 면적은 토지이용 변화의 기준이 됨. 주 기술 23(탄소 흡수원), 부 기술 35(산림·생태계 부문 기술) — 2026-08-28 발주처 지시에 따라 tech_id에 ';'로 연결해 복수 기입. [근거자료] ESA_WorldCover_10m_2021_v200_*_Map.tif (Discrete Classification, 등급 10~95) · FAOSTAT Land Cover(LC) Item=Artificial surfaces 등"",""나지_희박식생_면적_km"":null,""레코드_키"":""VNM_lc_terrestrial_barren_1992"",""맹그로브_면적_km"":null,""수목_면적_km"":null,""연도"":1992,""영구수체_면적_km"":null,""전국_값"":18.65,""전국_단위"":""1000 ha"",""전국_지표명"":""토지피복 면적 — 나지"",""지역명_로마자"":""Viet Nam"",""지역명_베트남어"":""Việt Nam"",""초본습지_면적_km"":null,""초지_면적_km"":null,""합계_km"":null,""행정단위"":""Country""}",,전국 · 토지피복 면적 — 나지 · [실적치] · FAOSTAT Land Cover · Area from CCI_LC (Flag=E),,,,B-037.xlsx,1.2_entity(레코드형),597,
B-037,"토지피복 분류별 면적[경작지, 산림, 초지, 건물, 수체, 나지]",entity,v124-b-037-entity-00595,B-037_landcover_national,VNM,,,,,,,,,토지피복 면적 — 나지,,,"{""2025_개편_후_소속_34개_체계"":""전국(개편 무관)"",""건물_인공지표_면적_km"":null,""경계_면적_km_GADM"":null,""경계_좌표_산출근거"":""전국 집계값 — 좌표·폴리곤 없음."",""경계_폴리곤_파일"":null,""경작지_면적_km"":null,""관목_면적_km"":null,""기후기술_연계_근거"":""간접 · 원천 자체 분류 — ESA WorldCover 가 토지피복 등급을 Tree cover·Cropland·Built-up 등으로 정의·배포하며, 수목 피복 면적은 탄소 흡수원의 물리적 기반, 경작지·건물 면적은 토지이용 변화의 기준이 됨. 주 기술 23(탄소 흡수원), 부 기술 35(산림·생태계 부문 기술) — 2026-08-28 발주처 지시에 따라 tech_id에 ';'로 연결해 복수 기입. [근거자료] ESA_WorldCover_10m_2021_v200_*_Map.tif (Discrete Classification, 등급 10~95) · FAOSTAT Land Cover(LC) Item=Artificial surfaces 등"",""나지_희박식생_면적_km"":null,""레코드_키"":""VNM_lc_terrestrial_barren_1993"",""맹그로브_면적_km"":null,""수목_면적_km"":null,""연도"":1993,""영구수체_면적_km"":null,""전국_값"":18.65,""전국_단위"":""1000 ha"",""전국_지표명"":""토지피복 면적 — 나지"",""지역명_로마자"":""Viet Nam"",""지역명_베트남어"":""Việt Nam"",""초본습지_면적_km"":null,""초지_면적_km"":null,""합계_km"":null,""행정단위"":""Country""}",,전국 · 토지피복 면적 — 나지 · [실적치] · FAOSTAT Land Cover · Area from CCI_LC (Flag=E),,,,B-037.xlsx,1.2_entity(레코드형),598,
B-037,"토지피복 분류별 면적[경작지, 산림, 초지, 건물, 수체, 나지]",entity,v124-b-037-entity-00596,B-037_landcover_national,VNM,,,,,,,,,토지피복 면적 — 나지,,,"{""2025_개편_후_소속_34개_체계"":""전국(개편 무관)"",""건물_인공지표_면적_km"":null,""경계_면적_km_GADM"":null,""경계_좌표_산출근거"":""전국 집계값 — 좌표·폴리곤 없음."",""경계_폴리곤_파일"":null,""경작지_면적_km"":null,""관목_면적_km"":null,""기후기술_연계_근거"":""간접 · 원천 자체 분류 — ESA WorldCover 가 토지피복 등급을 Tree cover·Cropland·Built-up 등으로 정의·배포하며, 수목 피복 면적은 탄소 흡수원의 물리적 기반, 경작지·건물 면적은 토지이용 변화의 기준이 됨. 주 기술 23(탄소 흡수원), 부 기술 35(산림·생태계 부문 기술) — 2026-08-28 발주처 지시에 따라 tech_id에 ';'로 연결해 복수 기입. [근거자료] ESA_WorldCover_10m_2021_v200_*_Map.tif (Discrete Classification, 등급 10~95) · FAOSTAT Land Cover(LC) Item=Artificial surfaces 등"",""나지_희박식생_면적_km"":null,""레코드_키"":""VNM_lc_terrestrial_barren_1994"",""맹그로브_면적_km"":null,""수목_면적_km"":null,""연도"":1994,""영구수체_면적_km"":null,""전국_값"":18.65,""전국_단위"":""1000 ha"",""전국_지표명"":""토지피복 면적 — 나지"",""지역명_로마자"":""Viet Nam"",""지역명_베트남어"":""Việt Nam"",""초본습지_면적_km"":null,""초지_면적_km"":null,""합계_km"":null,""행정단위"":""Country""}",,전국 · 토지피복 면적 — 나지 · [실적치] · FAOSTAT Land Cover · Area from CCI_LC (Flag=E),,,,B-037.xlsx,1.2_entity(레코드형),599,
B-037,"토지피복 분류별 면적[경작지, 산림, 초지, 건물, 수체, 나지]",entity,v124-b-037-entity-00597,B-037_landcover_national,VNM,,,,,,,,,토지피복 면적 — 나지,,,"{""2025_개편_후_소속_34개_체계"":""전국(개편 무관)"",""건물_인공지표_면적_km"":null,""경계_면적_km_GADM"":null,""경계_좌표_산출근거"":""전국 집계값 — 좌표·폴리곤 없음."",""경계_폴리곤_파일"":null,""경작지_면적_km"":null,""관목_면적_km"":null,""기후기술_연계_근거"":""간접 · 원천 자체 분류 — ESA WorldCover 가 토지피복 등급을 Tree cover·Cropland·Built-up 등으로 정의·배포하며, 수목 피복 면적은 탄소 흡수원의 물리적 기반, 경작지·건물 면적은 토지이용 변화의 기준이 됨. 주 기술 23(탄소 흡수원), 부 기술 35(산림·생태계 부문 기술) — 2026-08-28 발주처 지시에 따라 tech_id에 ';'로 연결해 복수 기입. [근거자료] ESA_WorldCover_10m_2021_v200_*_Map.tif (Discrete Classification, 등급 10~95) · FAOSTAT Land Cover(LC) Item=Artificial surfaces 등"",""나지_희박식생_면적_km"":null,""레코드_키"":""VNM_lc_terrestrial_barren_1995"",""맹그로브_면적_km"":null,""수목_면적_km"":null,""연도"":1995,""영구수체_면적_km"":null,""전국_값"":18.48,""전국_단위"":""1000 ha"",""전국_지표명"":""토지피복 면적 — 나지"",""지역명_로마자"":""Viet Nam"",""지역명_베트남어"":""Việt Nam"",""초본습지_면적_km"":null,""초지_면적_km"":null,""합계_km"":null,""행정단위"":""Country""}",,전국 · 토지피복 면적 — 나지 · [실적치] · FAOSTAT Land Cover · Area from CCI_LC (Flag=E),,,,B-037.xlsx,1.2_entity(레코드형),600,
B-037,"토지피복 분류별 면적[경작지, 산림, 초지, 건물, 수체, 나지]",entity,v124-b-037-entity-00598,B-037_landcover_national,VNM,,,,,,,,,토지피복 면적 — 나지,,,"{""2025_개편_후_소속_34개_체계"":""전국(개편 무관)"",""건물_인공지표_면적_km"":null,""경계_면적_km_GADM"":null,""경계_좌표_산출근거"":""전국 집계값 — 좌표·폴리곤 없음."",""경계_폴리곤_파일"":null,""경작지_면적_km"":null,""관목_면적_km"":null,""기후기술_연계_근거"":""간접 · 원천 자체 분류 — ESA WorldCover 가 토지피복 등급을 Tree cover·Cropland·Built-up 등으로 정의·배포하며, 수목 피복 면적은 탄소 흡수원의 물리적 기반, 경작지·건물 면적은 토지이용 변화의 기준이 됨. 주 기술 23(탄소 흡수원), 부 기술 35(산림·생태계 부문 기술) — 2026-08-28 발주처 지시에 따라 tech_id에 ';'로 연결해 복수 기입. [근거자료] ESA_WorldCover_10m_2021_v200_*_Map.tif (Discrete Classification, 등급 10~95) · FAOSTAT Land Cover(LC) Item=Artificial surfaces 등"",""나지_희박식생_면적_km"":null,""레코드_키"":""VNM_lc_terrestrial_barren_1996"",""맹그로브_면적_km"":null,""수목_면적_km"":null,""연도"":1996,""영구수체_면적_km"":null,""전국_값"":18.48,""전국_단위"":""1000 ha"",""전국_지표명"":""토지피복 면적 — 나지"",""지역명_로마자"":""Viet Nam"",""지역명_베트남어"":""Việt Nam"",""초본습지_면적_km"":null,""초지_면적_km"":null,""합계_km"":null,""행정단위"":""Country""}",,전국 · 토지피복 면적 — 나지 · [실적치] · FAOSTAT Land Cover · Area from CCI_LC (Flag=E),,,,B-037.xlsx,1.2_entity(레코드형),601,
B-037,"토지피복 분류별 면적[경작지, 산림, 초지, 건물, 수체, 나지]",entity,v124-b-037-entity-00599,B-037_landcover_national,VNM,,,,,,,,,토지피복 면적 — 나지,,,"{""2025_개편_후_소속_34개_체계"":""전국(개편 무관)"",""건물_인공지표_면적_km"":null,""경계_면적_km_GADM"":null,""경계_좌표_산출근거"":""전국 집계값 — 좌표·폴리곤 없음."",""경계_폴리곤_파일"":null,""경작지_면적_km"":null,""관목_면적_km"":null,""기후기술_연계_근거"":""간접 · 원천 자체 분류 — ESA WorldCover 가 토지피복 등급을 Tree cover·Cropland·Built-up 등으로 정의·배포하며, 수목 피복 면적은 탄소 흡수원의 물리적 기반, 경작지·건물 면적은 토지이용 변화의 기준이 됨. 주 기술 23(탄소 흡수원), 부 기술 35(산림·생태계 부문 기술) — 2026-08-28 발주처 지시에 따라 tech_id에 ';'로 연결해 복수 기입. [근거자료] ESA_WorldCover_10m_2021_v200_*_Map.tif (Discrete Classification, 등급 10~95) · FAOSTAT Land Cover(LC) Item=Artificial surfaces 등"",""나지_희박식생_면적_km"":null,""레코드_키"":""VNM_lc_terrestrial_barren_1997"",""맹그로브_면적_km"":null,""수목_면적_km"":null,""연도"":1997,""영구수체_면적_km"":null,""전국_값"":18.43,""전국_단위"":""1000 ha"",""전국_지표명"":""토지피복 면적 — 나지"",""지역명_로마자"":""Viet Nam"",""지역명_베트남어"":""Việt Nam"",""초본습지_면적_km"":null,""초지_면적_km"":null,""합계_km"":null,""행정단위"":""Country""}",,전국 · 토지피복 면적 — 나지 · [실적치] · FAOSTAT Land Cover · Area from CCI_LC (Flag=E),,,,B-037.xlsx,1.2_entity(레코드형),602,
B-037,"토지피복 분류별 면적[경작지, 산림, 초지, 건물, 수체, 나지]",entity,v124-b-037-entity-00600,B-037_landcover_national,VNM,,,,,,,,,토지피복 면적 — 나지,,,"{""2025_개편_후_소속_34개_체계"":""전국(개편 무관)"",""건물_인공지표_면적_km"":null,""경계_면적_km_GADM"":null,""경계_좌표_산출근거"":""전국 집계값 — 좌표·폴리곤 없음."",""경계_폴리곤_파일"":null,""경작지_면적_km"":null,""관목_면적_km"":null,""기후기술_연계_근거"":""간접 · 원천 자체 분류 — ESA WorldCover 가 토지피복 등급을 Tree cover·Cropland·Built-up 등으로 정의·배포하며, 수목 피복 면적은 탄소 흡수원의 물리적 기반, 경작지·건물 면적은 토지이용 변화의 기준이 됨. 주 기술 23(탄소 흡수원), 부 기술 35(산림·생태계 부문 기술) — 2026-08-28 발주처 지시에 따라 tech_id에 ';'로 연결해 복수 기입. [근거자료] ESA_WorldCover_10m_2021_v200_*_Map.tif (Discrete Classification, 등급 10~95) · FAOSTAT Land Cover(LC) Item=Artificial surfaces 등"",""나지_희박식생_면적_km"":null,""레코드_키"":""VNM_lc_terrestrial_barren_1998"",""맹그로브_면적_km"":null,""수목_면적_km"":null,""연도"":1998,""영구수체_면적_km"":null,""전국_값"":18.43,""전국_단위"":""1000 ha"",""전국_지표명"":""토지피복 면적 — 나지"",""지역명_로마자"":""Viet Nam"",""지역명_베트남어"":""Việt Nam"",""초본습지_면적_km"":null,""초지_면적_km"":null,""합계_km"":null,""행정단위"":""Country""}",,전국 · 토지피복 면적 — 나지 · [실적치] · FAOSTAT Land Cover · Area from CCI_LC (Flag=E),,,,B-037.xlsx,1.2_entity(레코드형),603,
B-037,"토지피복 분류별 면적[경작지, 산림, 초지, 건물, 수체, 나지]",entity,v124-b-037-entity-00601,B-037_landcover_national,VNM,,,,,,,,,토지피복 면적 — 나지,,,"{""2025_개편_후_소속_34개_체계"":""전국(개편 무관)"",""건물_인공지표_면적_km"":null,""경계_면적_km_GADM"":null,""경계_좌표_산출근거"":""전국 집계값 — 좌표·폴리곤 없음."",""경계_폴리곤_파일"":null,""경작지_면적_km"":null,""관목_면적_km"":null,""기후기술_연계_근거"":""간접 · 원천 자체 분류 — ESA WorldCover 가 토지피복 등급을 Tree cover·Cropland·Built-up 등으로 정의·배포하며, 수목 피복 면적은 탄소 흡수원의 물리적 기반, 경작지·건물 면적은 토지이용 변화의 기준이 됨. 주 기술 23(탄소 흡수원), 부 기술 35(산림·생태계 부문 기술) — 2026-08-28 발주처 지시에 따라 tech_id에 ';'로 연결해 복수 기입. [근거자료] ESA_WorldCover_10m_2021_v200_*_Map.tif (Discrete Classification, 등급 10~95) · FAOSTAT Land Cover(LC) Item=Artificial surfaces 등"",""나지_희박식생_면적_km"":null,""레코드_키"":""VNM_lc_terrestrial_barren_1999"",""맹그로브_면적_km"":null,""수목_면적_km"":null,""연도"":1999,""영구수체_면적_km"":null,""전국_값"":18.31,""전국_단위"":""1000 ha"",""전국_지표명"":""토지피복 면적 — 나지"",""지역명_로마자"":""Viet Nam"",""지역명_베트남어"":""Việt Nam"",""초본습지_면적_km"":null,""초지_면적_km"":null,""합계_km"":null,""행정단위"":""Country""}",,전국 · 토지피복 면적 — 나지 · [실적치] · FAOSTAT Land Cover · Area from CCI_LC (Flag=E),,,,B-037.xlsx,1.2_entity(레코드형),604,
B-037,"토지피복 분류별 면적[경작지, 산림, 초지, 건물, 수체, 나지]",entity,v124-b-037-entity-00602,B-037_landcover_national,VNM,,,,,,,,,토지피복 면적 — 나지,,,"{""2025_개편_후_소속_34개_체계"":""전국(개편 무관)"",""건물_인공지표_면적_km"":null,""경계_면적_km_GADM"":null,""경계_좌표_산출근거"":""전국 집계값 — 좌표·폴리곤 없음."",""경계_폴리곤_파일"":null,""경작지_면적_km"":null,""관목_면적_km"":null,""기후기술_연계_근거"":""간접 · 원천 자체 분류 — ESA WorldCover 가 토지피복 등급을 Tree cover·Cropland·Built-up 등으로 정의·배포하며, 수목 피복 면적은 탄소 흡수원의 물리적 기반, 경작지·건물 면적은 토지이용 변화의 기준이 됨. 주 기술 23(탄소 흡수원), 부 기술 35(산림·생태계 부문 기술) — 2026-08-28 발주처 지시에 따라 tech_id에 ';'로 연결해 복수 기입. [근거자료] ESA_WorldCover_10m_2021_v200_*_Map.tif (Discrete Classification, 등급 10~95) · FAOSTAT Land Cover(LC) Item=Artificial surfaces 등"",""나지_희박식생_면적_km"":null,""레코드_키"":""VNM_lc_terrestrial_barren_2000"",""맹그로브_면적_km"":null,""수목_면적_km"":null,""연도"":2000,""영구수체_면적_km"":null,""전국_값"":18.31,""전국_단위"":""1000 ha"",""전국_지표명"":""토지피복 면적 — 나지"",""지역명_로마자"":""Viet Nam"",""지역명_베트남어"":""Việt Nam"",""초본습지_면적_km"":null,""초지_면적_km"":null,""합계_km"":null,""행정단위"":""Country""}",,전국 · 토지피복 면적 — 나지 · [실적치] · FAOSTAT Land Cover · Area from CCI_LC (Flag=E),,,,B-037.xlsx,1.2_entity(레코드형),605,
B-037,"토지피복 분류별 면적[경작지, 산림, 초지, 건물, 수체, 나지]",entity,v124-b-037-entity-00603,B-037_landcover_national,VNM,,,,,,,,,토지피복 면적 — 나지,,,"{""2025_개편_후_소속_34개_체계"":""전국(개편 무관)"",""건물_인공지표_면적_km"":null,""경계_면적_km_GADM"":null,""경계_좌표_산출근거"":""전국 집계값 — 좌표·폴리곤 없음."",""경계_폴리곤_파일"":null,""경작지_면적_km"":null,""관목_면적_km"":null,""기후기술_연계_근거"":""간접 · 원천 자체 분류 — ESA WorldCover 가 토지피복 등급을 Tree cover·Cropland·Built-up 등으로 정의·배포하며, 수목 피복 면적은 탄소 흡수원의 물리적 기반, 경작지·건물 면적은 토지이용 변화의 기준이 됨. 주 기술 23(탄소 흡수원), 부 기술 35(산림·생태계 부문 기술) — 2026-08-28 발주처 지시에 따라 tech_id에 ';'로 연결해 복수 기입. [근거자료] ESA_WorldCover_10m_2021_v200_*_Map.tif (Discrete Classification, 등급 10~95) · FAOSTAT Land Cover(LC) Item=Artificial surfaces 등"",""나지_희박식생_면적_km"":null,""레코드_키"":""VNM_lc_terrestrial_barren_2001"",""맹그로브_면적_km"":null,""수목_면적_km"":null,""연도"":2001,""영구수체_면적_km"":null,""전국_값"":18.31,""전국_단위"":""1000 ha"",""전국_지표명"":""토지피복 면적 — 나지"",""지역명_로마자"":""Viet Nam"",""지역명_베트남어"":""Việt Nam"",""초본습지_면적_km"":null,""초지_면적_km"":null,""합계_km"":null,""행정단위"":""Country""}",,전국 · 토지피복 면적 — 나지 · [실적치] · FAOSTAT Land Cover · Area from CCI_LC (Flag=E),,,,B-037.xlsx,1.2_entity(레코드형),606,
B-037,"토지피복 분류별 면적[경작지, 산림, 초지, 건물, 수체, 나지]",entity,v124-b-037-entity-00604,B-037_landcover_national,VNM,,,,,,,,,토지피복 면적 — 나지,,,"{""2025_개편_후_소속_34개_체계"":""전국(개편 무관)"",""건물_인공지표_면적_km"":null,""경계_면적_km_GADM"":null,""경계_좌표_산출근거"":""전국 집계값 — 좌표·폴리곤 없음."",""경계_폴리곤_파일"":null,""경작지_면적_km"":null,""관목_면적_km"":null,""기후기술_연계_근거"":""간접 · 원천 자체 분류 — ESA WorldCover 가 토지피복 등급을 Tree cover·Cropland·Built-up 등으로 정의·배포하며, 수목 피복 면적은 탄소 흡수원의 물리적 기반, 경작지·건물 면적은 토지이용 변화의 기준이 됨. 주 기술 23(탄소 흡수원), 부 기술 35(산림·생태계 부문 기술) — 2026-08-28 발주처 지시에 따라 tech_id에 ';'로 연결해 복수 기입. [근거자료] ESA_WorldCover_10m_2021_v200_*_Map.tif (Discrete Classification, 등급 10~95) · FAOSTAT Land Cover(LC) Item=Artificial surfaces 등"",""나지_희박식생_면적_km"":null,""레코드_키"":""VNM_lc_terrestrial_barren_2002"",""맹그로브_면적_km"":null,""수목_면적_km"":null,""연도"":2002,""영구수체_면적_km"":null,""전국_값"":18.31,""전국_단위"":""1000 ha"",""전국_지표명"":""토지피복 면적 — 나지"",""지역명_로마자"":""Viet Nam"",""지역명_베트남어"":""Việt Nam"",""초본습지_면적_km"":null,""초지_면적_km"":null,""합계_km"":null,""행정단위"":""Country""}",,전국 · 토지피복 면적 — 나지 · [실적치] · FAOSTAT Land Cover · Area from CCI_LC (Flag=E),,,,B-037.xlsx,1.2_entity(레코드형),607,
B-037,"토지피복 분류별 면적[경작지, 산림, 초지, 건물, 수체, 나지]",entity,v124-b-037-entity-00605,B-037_landcover_national,VNM,,,,,,,,,토지피복 면적 — 나지,,,"{""2025_개편_후_소속_34개_체계"":""전국(개편 무관)"",""건물_인공지표_면적_km"":null,""경계_면적_km_GADM"":null,""경계_좌표_산출근거"":""전국 집계값 — 좌표·폴리곤 없음."",""경계_폴리곤_파일"":null,""경작지_면적_km"":null,""관목_면적_km"":null,""기후기술_연계_근거"":""간접 · 원천 자체 분류 — ESA WorldCover 가 토지피복 등급을 Tree cover·Cropland·Built-up 등으로 정의·배포하며, 수목 피복 면적은 탄소 흡수원의 물리적 기반, 경작지·건물 면적은 토지이용 변화의 기준이 됨. 주 기술 23(탄소 흡수원), 부 기술 35(산림·생태계 부문 기술) — 2026-08-28 발주처 지시에 따라 tech_id에 ';'로 연결해 복수 기입. [근거자료] ESA_WorldCover_10m_2021_v200_*_Map.tif (Discrete Classification, 등급 10~95) · FAOSTAT Land Cover(LC) Item=Artificial surfaces 등"",""나지_희박식생_면적_km"":null,""레코드_키"":""VNM_lc_terrestrial_barren_2003"",""맹그로브_면적_km"":null,""수목_면적_km"":null,""연도"":2003,""영구수체_면적_km"":null,""전국_값"":18.34,""전국_단위"":""1000 ha"",""전국_지표명"":""토지피복 면적 — 나지"",""지역명_로마자"":""Viet Nam"",""지역명_베트남어"":""Việt Nam"",""초본습지_면적_km"":null,""초지_면적_km"":null,""합계_km"":null,""행정단위"":""Country""}",,전국 · 토지피복 면적 — 나지 · [실적치] · FAOSTAT Land Cover · Area from CCI_LC (Flag=E),,,,B-037.xlsx,1.2_entity(레코드형),608,
B-037,"토지피복 분류별 면적[경작지, 산림, 초지, 건물, 수체, 나지]",entity,v124-b-037-entity-00606,B-037_landcover_national,VNM,,,,,,,,,토지피복 면적 — 나지,,,"{""2025_개편_후_소속_34개_체계"":""전국(개편 무관)"",""건물_인공지표_면적_km"":null,""경계_면적_km_GADM"":null,""경계_좌표_산출근거"":""전국 집계값 — 좌표·폴리곤 없음."",""경계_폴리곤_파일"":null,""경작지_면적_km"":null,""관목_면적_km"":null,""기후기술_연계_근거"":""간접 · 원천 자체 분류 — ESA WorldCover 가 토지피복 등급을 Tree cover·Cropland·Built-up 등으로 정의·배포하며, 수목 피복 면적은 탄소 흡수원의 물리적 기반, 경작지·건물 면적은 토지이용 변화의 기준이 됨. 주 기술 23(탄소 흡수원), 부 기술 35(산림·생태계 부문 기술) — 2026-08-28 발주처 지시에 따라 tech_id에 ';'로 연결해 복수 기입. [근거자료] ESA_WorldCover_10m_2021_v200_*_Map.tif (Discrete Classification, 등급 10~95) · FAOSTAT Land Cover(LC) Item=Artificial surfaces 등"",""나지_희박식생_면적_km"":null,""레코드_키"":""VNM_lc_terrestrial_barren_2004"",""맹그로브_면적_km"":null,""수목_면적_km"":null,""연도"":2004,""영구수체_면적_km"":null,""전국_값"":18.39,""전국_단위"":""1000 ha"",""전국_지표명"":""토지피복 면적 — 나지"",""지역명_로마자"":""Viet Nam"",""지역명_베트남어"":""Việt Nam"",""초본습지_면적_km"":null,""초지_면적_km"":null,""합계_km"":null,""행정단위"":""Country""}",,전국 · 토지피복 면적 — 나지 · [실적치] · FAOSTAT Land Cover · Area from CCI_LC (Flag=E),,,,B-037.xlsx,1.2_entity(레코드형),609,
B-037,"토지피복 분류별 면적[경작지, 산림, 초지, 건물, 수체, 나지]",entity,v124-b-037-entity-00607,B-037_landcover_national,VNM,,,,,,,,,토지피복 면적 — 나지,,,"{""2025_개편_후_소속_34개_체계"":""전국(개편 무관)"",""건물_인공지표_면적_km"":null,""경계_면적_km_GADM"":null,""경계_좌표_산출근거"":""전국 집계값 — 좌표·폴리곤 없음."",""경계_폴리곤_파일"":null,""경작지_면적_km"":null,""관목_면적_km"":null,""기후기술_연계_근거"":""간접 · 원천 자체 분류 — ESA WorldCover 가 토지피복 등급을 Tree cover·Cropland·Built-up 등으로 정의·배포하며, 수목 피복 면적은 탄소 흡수원의 물리적 기반, 경작지·건물 면적은 토지이용 변화의 기준이 됨. 주 기술 23(탄소 흡수원), 부 기술 35(산림·생태계 부문 기술) — 2026-08-28 발주처 지시에 따라 tech_id에 ';'로 연결해 복수 기입. [근거자료] ESA_WorldCover_10m_2021_v200_*_Map.tif (Discrete Classification, 등급 10~95) · FAOSTAT Land Cover(LC) Item=Artificial surfaces 등"",""나지_희박식생_면적_km"":null,""레코드_키"":""VNM_lc_terrestrial_barren_2005"",""맹그로브_면적_km"":null,""수목_면적_km"":null,""연도"":2005,""영구수체_면적_km"":null,""전국_값"":18.39,""전국_단위"":""1000 ha"",""전국_지표명"":""토지피복 면적 — 나지"",""지역명_로마자"":""Viet Nam"",""지역명_베트남어"":""Việt Nam"",""초본습지_면적_km"":null,""초지_면적_km"":null,""합계_km"":null,""행정단위"":""Country""}",,전국 · 토지피복 면적 — 나지 · [실적치] · FAOSTAT Land Cover · Area from CCI_LC (Flag=E),,,,B-037.xlsx,1.2_entity(레코드형),610,
B-037,"토지피복 분류별 면적[경작지, 산림, 초지, 건물, 수체, 나지]",entity,v124-b-037-entity-00608,B-037_landcover_national,VNM,,,,,,,,,토지피복 면적 — 나지,,,"{""2025_개편_후_소속_34개_체계"":""전국(개편 무관)"",""건물_인공지표_면적_km"":null,""경계_면적_km_GADM"":null,""경계_좌표_산출근거"":""전국 집계값 — 좌표·폴리곤 없음."",""경계_폴리곤_파일"":null,""경작지_면적_km"":null,""관목_면적_km"":null,""기후기술_연계_근거"":""간접 · 원천 자체 분류 — ESA WorldCover 가 토지피복 등급을 Tree cover·Cropland·Built-up 등으로 정의·배포하며, 수목 피복 면적은 탄소 흡수원의 물리적 기반, 경작지·건물 면적은 토지이용 변화의 기준이 됨. 주 기술 23(탄소 흡수원), 부 기술 35(산림·생태계 부문 기술) — 2026-08-28 발주처 지시에 따라 tech_id에 ';'로 연결해 복수 기입. [근거자료] ESA_WorldCover_10m_2021_v200_*_Map.tif (Discrete Classification, 등급 10~95) · FAOSTAT Land Cover(LC) Item=Artificial surfaces 등"",""나지_희박식생_면적_km"":null,""레코드_키"":""VNM_lc_terrestrial_barren_2006"",""맹그로브_면적_km"":null,""수목_면적_km"":null,""연도"":2006,""영구수체_면적_km"":null,""전국_값"":18.39,""전국_단위"":""1000 ha"",""전국_지표명"":""토지피복 면적 — 나지"",""지역명_로마자"":""Viet Nam"",""지역명_베트남어"":""Việt Nam"",""초본습지_면적_km"":null,""초지_면적_km"":null,""합계_km"":null,""행정단위"":""Country""}",,전국 · 토지피복 면적 — 나지 · [실적치] · FAOSTAT Land Cover · Area from CCI_LC (Flag=E),,,,B-037.xlsx,1.2_entity(레코드형),611,
B-037,"토지피복 분류별 면적[경작지, 산림, 초지, 건물, 수체, 나지]",entity,v124-b-037-entity-00609,B-037_landcover_national,VNM,,,,,,,,,토지피복 면적 — 나지,,,"{""2025_개편_후_소속_34개_체계"":""전국(개편 무관)"",""건물_인공지표_면적_km"":null,""경계_면적_km_GADM"":null,""경계_좌표_산출근거"":""전국 집계값 — 좌표·폴리곤 없음."",""경계_폴리곤_파일"":null,""경작지_면적_km"":null,""관목_면적_km"":null,""기후기술_연계_근거"":""간접 · 원천 자체 분류 — ESA WorldCover 가 토지피복 등급을 Tree cover·Cropland·Built-up 등으로 정의·배포하며, 수목 피복 면적은 탄소 흡수원의 물리적 기반, 경작지·건물 면적은 토지이용 변화의 기준이 됨. 주 기술 23(탄소 흡수원), 부 기술 35(산림·생태계 부문 기술) — 2026-08-28 발주처 지시에 따라 tech_id에 ';'로 연결해 복수 기입. [근거자료] ESA_WorldCover_10m_2021_v200_*_Map.tif (Discrete Classification, 등급 10~95) · FAOSTAT Land Cover(LC) Item=Artificial surfaces 등"",""나지_희박식생_면적_km"":null,""레코드_키"":""VNM_lc_terrestrial_barren_2007"",""맹그로브_면적_km"":null,""수목_면적_km"":null,""연도"":2007,""영구수체_면적_km"":null,""전국_값"":18.4,""전국_단위"":""1000 ha"",""전국_지표명"":""토지피복 면적 — 나지"",""지역명_로마자"":""Viet Nam"",""지역명_베트남어"":""Việt Nam"",""초본습지_면적_km"":null,""초지_면적_km"":null,""합계_km"":null,""행정단위"":""Country""}",,전국 · 토지피복 면적 — 나지 · [실적치] · FAOSTAT Land Cover · Area from CCI_LC (Flag=E),,,,B-037.xlsx,1.2_entity(레코드형),612,
B-037,"토지피복 분류별 면적[경작지, 산림, 초지, 건물, 수체, 나지]",entity,v124-b-037-entity-00610,B-037_landcover_national,VNM,,,,,,,,,토지피복 면적 — 나지,,,"{""2025_개편_후_소속_34개_체계"":""전국(개편 무관)"",""건물_인공지표_면적_km"":null,""경계_면적_km_GADM"":null,""경계_좌표_산출근거"":""전국 집계값 — 좌표·폴리곤 없음."",""경계_폴리곤_파일"":null,""경작지_면적_km"":null,""관목_면적_km"":null,""기후기술_연계_근거"":""간접 · 원천 자체 분류 — ESA WorldCover 가 토지피복 등급을 Tree cover·Cropland·Built-up 등으로 정의·배포하며, 수목 피복 면적은 탄소 흡수원의 물리적 기반, 경작지·건물 면적은 토지이용 변화의 기준이 됨. 주 기술 23(탄소 흡수원), 부 기술 35(산림·생태계 부문 기술) — 2026-08-28 발주처 지시에 따라 tech_id에 ';'로 연결해 복수 기입. [근거자료] ESA_WorldCover_10m_2021_v200_*_Map.tif (Discrete Classification, 등급 10~95) · FAOSTAT Land Cover(LC) Item=Artificial surfaces 등"",""나지_희박식생_면적_km"":null,""레코드_키"":""VNM_lc_terrestrial_barren_2008"",""맹그로브_면적_km"":null,""수목_면적_km"":null,""연도"":2008,""영구수체_면적_km"":null,""전국_값"":18.41,""전국_단위"":""1000 ha"",""전국_지표명"":""토지피복 면적 — 나지"",""지역명_로마자"":""Viet Nam"",""지역명_베트남어"":""Việt Nam"",""초본습지_면적_km"":null,""초지_면적_km"":null,""합계_km"":null,""행정단위"":""Country""}",,전국 · 토지피복 면적 — 나지 · [실적치] · FAOSTAT Land Cover · Area from CCI_LC (Flag=E),,,,B-037.xlsx,1.2_entity(레코드형),613,
B-037,"토지피복 분류별 면적[경작지, 산림, 초지, 건물, 수체, 나지]",entity,v124-b-037-entity-00611,B-037_landcover_national,VNM,,,,,,,,,토지피복 면적 — 나지,,,"{""2025_개편_후_소속_34개_체계"":""전국(개편 무관)"",""건물_인공지표_면적_km"":null,""경계_면적_km_GADM"":null,""경계_좌표_산출근거"":""전국 집계값 — 좌표·폴리곤 없음."",""경계_폴리곤_파일"":null,""경작지_면적_km"":null,""관목_면적_km"":null,""기후기술_연계_근거"":""간접 · 원천 자체 분류 — ESA WorldCover 가 토지피복 등급을 Tree cover·Cropland·Built-up 등으로 정의·배포하며, 수목 피복 면적은 탄소 흡수원의 물리적 기반, 경작지·건물 면적은 토지이용 변화의 기준이 됨. 주 기술 23(탄소 흡수원), 부 기술 35(산림·생태계 부문 기술) — 2026-08-28 발주처 지시에 따라 tech_id에 ';'로 연결해 복수 기입. [근거자료] ESA_WorldCover_10m_2021_v200_*_Map.tif (Discrete Classification, 등급 10~95) · FAOSTAT Land Cover(LC) Item=Artificial surfaces 등"",""나지_희박식생_면적_km"":null,""레코드_키"":""VNM_lc_terrestrial_barren_2009"",""맹그로브_면적_km"":null,""수목_면적_km"":null,""연도"":2009,""영구수체_면적_km"":null,""전국_값"":18.44,""전국_단위"":""1000 ha"",""전국_지표명"":""토지피복 면적 — 나지"",""지역명_로마자"":""Viet Nam"",""지역명_베트남어"":""Việt Nam"",""초본습지_면적_km"":null,""초지_면적_km"":null,""합계_km"":null,""행정단위"":""Country""}",,전국 · 토지피복 면적 — 나지 · [실적치] · FAOSTAT Land Cover · Area from CCI_LC (Flag=E),,,,B-037.xlsx,1.2_entity(레코드형),614,
B-037,"토지피복 분류별 면적[경작지, 산림, 초지, 건물, 수체, 나지]",entity,v124-b-037-entity-00612,B-037_landcover_national,VNM,,,,,,,,,토지피복 면적 — 나지,,,"{""2025_개편_후_소속_34개_체계"":""전국(개편 무관)"",""건물_인공지표_면적_km"":null,""경계_면적_km_GADM"":null,""경계_좌표_산출근거"":""전국 집계값 — 좌표·폴리곤 없음."",""경계_폴리곤_파일"":null,""경작지_면적_km"":null,""관목_면적_km"":null,""기후기술_연계_근거"":""간접 · 원천 자체 분류 — ESA WorldCover 가 토지피복 등급을 Tree cover·Cropland·Built-up 등으로 정의·배포하며, 수목 피복 면적은 탄소 흡수원의 물리적 기반, 경작지·건물 면적은 토지이용 변화의 기준이 됨. 주 기술 23(탄소 흡수원), 부 기술 35(산림·생태계 부문 기술) — 2026-08-28 발주처 지시에 따라 tech_id에 ';'로 연결해 복수 기입. [근거자료] ESA_WorldCover_10m_2021_v200_*_Map.tif (Discrete Classification, 등급 10~95) · FAOSTAT Land Cover(LC) Item=Artificial surfaces 등"",""나지_희박식생_면적_km"":null,""레코드_키"":""VNM_lc_terrestrial_barren_2010"",""맹그로브_면적_km"":null,""수목_면적_km"":null,""연도"":2010,""영구수체_면적_km"":null,""전국_값"":18.44,""전국_단위"":""1000 ha"",""전국_지표명"":""토지피복 면적 — 나지"",""지역명_로마자"":""Viet Nam"",""지역명_베트남어"":""Việt Nam"",""초본습지_면적_km"":null,""초지_면적_km"":null,""합계_km"":null,""행정단위"":""Country""}",,전국 · 토지피복 면적 — 나지 · [실적치] · FAOSTAT Land Cover · Area from CCI_LC (Flag=E),,,,B-037.xlsx,1.2_entity(레코드형),615,
B-037,"토지피복 분류별 면적[경작지, 산림, 초지, 건물, 수체, 나지]",entity,v124-b-037-entity-00613,B-037_landcover_national,VNM,,,,,,,,,토지피복 면적 — 나지,,,"{""2025_개편_후_소속_34개_체계"":""전국(개편 무관)"",""건물_인공지표_면적_km"":null,""경계_면적_km_GADM"":null,""경계_좌표_산출근거"":""전국 집계값 — 좌표·폴리곤 없음."",""경계_폴리곤_파일"":null,""경작지_면적_km"":null,""관목_면적_km"":null,""기후기술_연계_근거"":""간접 · 원천 자체 분류 — ESA WorldCover 가 토지피복 등급을 Tree cover·Cropland·Built-up 등으로 정의·배포하며, 수목 피복 면적은 탄소 흡수원의 물리적 기반, 경작지·건물 면적은 토지이용 변화의 기준이 됨. 주 기술 23(탄소 흡수원), 부 기술 35(산림·생태계 부문 기술) — 2026-08-28 발주처 지시에 따라 tech_id에 ';'로 연결해 복수 기입. [근거자료] ESA_WorldCover_10m_2021_v200_*_Map.tif (Discrete Classification, 등급 10~95) · FAOSTAT Land Cover(LC) Item=Artificial surfaces 등"",""나지_희박식생_면적_km"":null,""레코드_키"":""VNM_lc_terrestrial_barren_2011"",""맹그로브_면적_km"":null,""수목_면적_km"":null,""연도"":2011,""영구수체_면적_km"":null,""전국_값"":18.45,""전국_단위"":""1000 ha"",""전국_지표명"":""토지피복 면적 — 나지"",""지역명_로마자"":""Viet Nam"",""지역명_베트남어"":""Việt Nam"",""초본습지_면적_km"":null,""초지_면적_km"":null,""합계_km"":null,""행정단위"":""Country""}",,전국 · 토지피복 면적 — 나지 · [실적치] · FAOSTAT Land Cover · Area from CCI_LC (Flag=E),,,,B-037.xlsx,1.2_entity(레코드형),616,
B-037,"토지피복 분류별 면적[경작지, 산림, 초지, 건물, 수체, 나지]",entity,v124-b-037-entity-00614,B-037_landcover_national,VNM,,,,,,,,,토지피복 면적 — 나지,,,"{""2025_개편_후_소속_34개_체계"":""전국(개편 무관)"",""건물_인공지표_면적_km"":null,""경계_면적_km_GADM"":null,""경계_좌표_산출근거"":""전국 집계값 — 좌표·폴리곤 없음."",""경계_폴리곤_파일"":null,""경작지_면적_km"":null,""관목_면적_km"":null,""기후기술_연계_근거"":""간접 · 원천 자체 분류 — ESA WorldCover 가 토지피복 등급을 Tree cover·Cropland·Built-up 등으로 정의·배포하며, 수목 피복 면적은 탄소 흡수원의 물리적 기반, 경작지·건물 면적은 토지이용 변화의 기준이 됨. 주 기술 23(탄소 흡수원), 부 기술 35(산림·생태계 부문 기술) — 2026-08-28 발주처 지시에 따라 tech_id에 ';'로 연결해 복수 기입. [근거자료] ESA_WorldCover_10m_2021_v200_*_Map.tif (Discrete Classification, 등급 10~95) · FAOSTAT Land Cover(LC) Item=Artificial surfaces 등"",""나지_희박식생_면적_km"":null,""레코드_키"":""VNM_lc_terrestrial_barren_2012"",""맹그로브_면적_km"":null,""수목_면적_km"":null,""연도"":2012,""영구수체_면적_km"":null,""전국_값"":18.45,""전국_단위"":""1000 ha"",""전국_지표명"":""토지피복 면적 — 나지"",""지역명_로마자"":""Viet Nam"",""지역명_베트남어"":""Việt Nam"",""초본습지_면적_km"":null,""초지_면적_km"":null,""합계_km"":null,""행정단위"":""Country""}",,전국 · 토지피복 면적 — 나지 · [실적치] · FAOSTAT Land Cover · Area from CCI_LC (Flag=E),,,,B-037.xlsx,1.2_entity(레코드형),617,
B-037,"토지피복 분류별 면적[경작지, 산림, 초지, 건물, 수체, 나지]",entity,v124-b-037-entity-00615,B-037_landcover_national,VNM,,,,,,,,,토지피복 면적 — 나지,,,"{""2025_개편_후_소속_34개_체계"":""전국(개편 무관)"",""건물_인공지표_면적_km"":null,""경계_면적_km_GADM"":null,""경계_좌표_산출근거"":""전국 집계값 — 좌표·폴리곤 없음."",""경계_폴리곤_파일"":null,""경작지_면적_km"":null,""관목_면적_km"":null,""기후기술_연계_근거"":""간접 · 원천 자체 분류 — ESA WorldCover 가 토지피복 등급을 Tree cover·Cropland·Built-up 등으로 정의·배포하며, 수목 피복 면적은 탄소 흡수원의 물리적 기반, 경작지·건물 면적은 토지이용 변화의 기준이 됨. 주 기술 23(탄소 흡수원), 부 기술 35(산림·생태계 부문 기술) — 2026-08-28 발주처 지시에 따라 tech_id에 ';'로 연결해 복수 기입. [근거자료] ESA_WorldCover_10m_2021_v200_*_Map.tif (Discrete Classification, 등급 10~95) · FAOSTAT Land Cover(LC) Item=Artificial surfaces 등"",""나지_희박식생_면적_km"":null,""레코드_키"":""VNM_lc_terrestrial_barren_2013"",""맹그로브_면적_km"":null,""수목_면적_km"":null,""연도"":2013,""영구수체_면적_km"":null,""전국_값"":18.45,""전국_단위"":""1000 ha"",""전국_지표명"":""토지피복 면적 — 나지"",""지역명_로마자"":""Viet Nam"",""지역명_베트남어"":""Việt Nam"",""초본습지_면적_km"":null,""초지_면적_km"":null,""합계_km"":null,""행정단위"":""Country""}",,전국 · 토지피복 면적 — 나지 · [실적치] · FAOSTAT Land Cover · Area from CCI_LC (Flag=E),,,,B-037.xlsx,1.2_entity(레코드형),618,
B-037,"토지피복 분류별 면적[경작지, 산림, 초지, 건물, 수체, 나지]",entity,v124-b-037-entity-00616,B-037_landcover_national,VNM,,,,,,,,,토지피복 면적 — 나지,,,"{""2025_개편_후_소속_34개_체계"":""전국(개편 무관)"",""건물_인공지표_면적_km"":null,""경계_면적_km_GADM"":null,""경계_좌표_산출근거"":""전국 집계값 — 좌표·폴리곤 없음."",""경계_폴리곤_파일"":null,""경작지_면적_km"":null,""관목_면적_km"":null,""기후기술_연계_근거"":""간접 · 원천 자체 분류 — ESA WorldCover 가 토지피복 등급을 Tree cover·Cropland·Built-up 등으로 정의·배포하며, 수목 피복 면적은 탄소 흡수원의 물리적 기반, 경작지·건물 면적은 토지이용 변화의 기준이 됨. 주 기술 23(탄소 흡수원), 부 기술 35(산림·생태계 부문 기술) — 2026-08-28 발주처 지시에 따라 tech_id에 ';'로 연결해 복수 기입. [근거자료] ESA_WorldCover_10m_2021_v200_*_Map.tif (Discrete Classification, 등급 10~95) · FAOSTAT Land Cover(LC) Item=Artificial surfaces 등"",""나지_희박식생_면적_km"":null,""레코드_키"":""VNM_lc_terrestrial_barren_2014"",""맹그로브_면적_km"":null,""수목_면적_km"":null,""연도"":2014,""영구수체_면적_km"":null,""전국_값"":18.44,""전국_단위"":""1000 ha"",""전국_지표명"":""토지피복 면적 — 나지"",""지역명_로마자"":""Viet Nam"",""지역명_베트남어"":""Việt Nam"",""초본습지_면적_km"":null,""초지_면적_km"":null,""합계_km"":null,""행정단위"":""Country""}",,전국 · 토지피복 면적 — 나지 · [실적치] · FAOSTAT Land Cover · Area from CCI_LC (Flag=E),,,,B-037.xlsx,1.2_entity(레코드형),619,
B-037,"토지피복 분류별 면적[경작지, 산림, 초지, 건물, 수체, 나지]",entity,v124-b-037-entity-00617,B-037_landcover_national,VNM,,,,,,,,,토지피복 면적 — 나지,,,"{""2025_개편_후_소속_34개_체계"":""전국(개편 무관)"",""건물_인공지표_면적_km"":null,""경계_면적_km_GADM"":null,""경계_좌표_산출근거"":""전국 집계값 — 좌표·폴리곤 없음."",""경계_폴리곤_파일"":null,""경작지_면적_km"":null,""관목_면적_km"":null,""기후기술_연계_근거"":""간접 · 원천 자체 분류 — ESA WorldCover 가 토지피복 등급을 Tree cover·Cropland·Built-up 등으로 정의·배포하며, 수목 피복 면적은 탄소 흡수원의 물리적 기반, 경작지·건물 면적은 토지이용 변화의 기준이 됨. 주 기술 23(탄소 흡수원), 부 기술 35(산림·생태계 부문 기술) — 2026-08-28 발주처 지시에 따라 tech_id에 ';'로 연결해 복수 기입. [근거자료] ESA_WorldCover_10m_2021_v200_*_Map.tif (Discrete Classification, 등급 10~95) · FAOSTAT Land Cover(LC) Item=Artificial surfaces 등"",""나지_희박식생_면적_km"":null,""레코드_키"":""VNM_lc_terrestrial_barren_2015"",""맹그로브_면적_km"":null,""수목_면적_km"":null,""연도"":2015,""영구수체_면적_km"":null,""전국_값"":18.44,""전국_단위"":""1000 ha"",""전국_지표명"":""토지피복 면적 — 나지"",""지역명_로마자"":""Viet Nam"",""지역명_베트남어"":""Việt Nam"",""초본습지_면적_km"":null,""초지_면적_km"":null,""합계_km"":null,""행정단위"":""Country""}",,전국 · 토지피복 면적 — 나지 · [실적치] · FAOSTAT Land Cover · Area from CCI_LC (Flag=E),,,,B-037.xlsx,1.2_entity(레코드형),620,
B-037,"토지피복 분류별 면적[경작지, 산림, 초지, 건물, 수체, 나지]",entity,v124-b-037-entity-00618,B-037_landcover_national,VNM,,,,,,,,,토지피복 면적 — 나지,,,"{""2025_개편_후_소속_34개_체계"":""전국(개편 무관)"",""건물_인공지표_면적_km"":null,""경계_면적_km_GADM"":null,""경계_좌표_산출근거"":""전국 집계값 — 좌표·폴리곤 없음."",""경계_폴리곤_파일"":null,""경작지_면적_km"":null,""관목_면적_km"":null,""기후기술_연계_근거"":""간접 · 원천 자체 분류 — ESA WorldCover 가 토지피복 등급을 Tree cover·Cropland·Built-up 등으로 정의·배포하며, 수목 피복 면적은 탄소 흡수원의 물리적 기반, 경작지·건물 면적은 토지이용 변화의 기준이 됨. 주 기술 23(탄소 흡수원), 부 기술 35(산림·생태계 부문 기술) — 2026-08-28 발주처 지시에 따라 tech_id에 ';'로 연결해 복수 기입. [근거자료] ESA_WorldCover_10m_2021_v200_*_Map.tif (Discrete Classification, 등급 10~95) · FAOSTAT Land Cover(LC) Item=Artificial surfaces 등"",""나지_희박식생_면적_km"":null,""레코드_키"":""VNM_lc_terrestrial_barren_2016"",""맹그로브_면적_km"":null,""수목_면적_km"":null,""연도"":2016,""영구수체_면적_km"":null,""전국_값"":18.58,""전국_단위"":""1000 ha"",""전국_지표명"":""토지피복 면적 — 나지"",""지역명_로마자"":""Viet Nam"",""지역명_베트남어"":""Việt Nam"",""초본습지_면적_km"":null,""초지_면적_km"":null,""합계_km"":null,""행정단위"":""Country""}",,전국 · 토지피복 면적 — 나지 · [실적치] · FAOSTAT Land Cover · Area from CCI_LC (Flag=E),,,,B-037.xlsx,1.2_entity(레코드형),621,
B-037,"토지피복 분류별 면적[경작지, 산림, 초지, 건물, 수체, 나지]",entity,v124-b-037-entity-00619,B-037_landcover_national,VNM,,,,,,,,,토지피복 면적 — 나지,,,"{""2025_개편_후_소속_34개_체계"":""전국(개편 무관)"",""건물_인공지표_면적_km"":null,""경계_면적_km_GADM"":null,""경계_좌표_산출근거"":""전국 집계값 — 좌표·폴리곤 없음."",""경계_폴리곤_파일"":null,""경작지_면적_km"":null,""관목_면적_km"":null,""기후기술_연계_근거"":""간접 · 원천 자체 분류 — ESA WorldCover 가 토지피복 등급을 Tree cover·Cropland·Built-up 등으로 정의·배포하며, 수목 피복 면적은 탄소 흡수원의 물리적 기반, 경작지·건물 면적은 토지이용 변화의 기준이 됨. 주 기술 23(탄소 흡수원), 부 기술 35(산림·생태계 부문 기술) — 2026-08-28 발주처 지시에 따라 tech_id에 ';'로 연결해 복수 기입. [근거자료] ESA_WorldCover_10m_2021_v200_*_Map.tif (Discrete Classification, 등급 10~95) · FAOSTAT Land Cover(LC) Item=Artificial surfaces 등"",""나지_희박식생_면적_km"":null,""레코드_키"":""VNM_lc_terrestrial_barren_2017"",""맹그로브_면적_km"":null,""수목_면적_km"":null,""연도"":2017,""영구수체_면적_km"":null,""전국_값"":18.64,""전국_단위"":""1000 ha"",""전국_지표명"":""토지피복 면적 — 나지"",""지역명_로마자"":""Viet Nam"",""지역명_베트남어"":""Việt Nam"",""초본습지_면적_km"":null,""초지_면적_km"":null,""합계_km"":null,""행정단위"":""Country""}",,전국 · 토지피복 면적 — 나지 · [실적치] · FAOSTAT Land Cover · Area from CCI_LC (Flag=E),,,,B-037.xlsx,1.2_entity(레코드형),622,
B-037,"토지피복 분류별 면적[경작지, 산림, 초지, 건물, 수체, 나지]",entity,v124-b-037-entity-00620,B-037_landcover_national,VNM,,,,,,,,,토지피복 면적 — 나지,,,"{""2025_개편_후_소속_34개_체계"":""전국(개편 무관)"",""건물_인공지표_면적_km"":null,""경계_면적_km_GADM"":null,""경계_좌표_산출근거"":""전국 집계값 — 좌표·폴리곤 없음."",""경계_폴리곤_파일"":null,""경작지_면적_km"":null,""관목_면적_km"":null,""기후기술_연계_근거"":""간접 · 원천 자체 분류 — ESA WorldCover 가 토지피복 등급을 Tree cover·Cropland·Built-up 등으로 정의·배포하며, 수목 피복 면적은 탄소 흡수원의 물리적 기반, 경작지·건물 면적은 토지이용 변화의 기준이 됨. 주 기술 23(탄소 흡수원), 부 기술 35(산림·생태계 부문 기술) — 2026-08-28 발주처 지시에 따라 tech_id에 ';'로 연결해 복수 기입. [근거자료] ESA_WorldCover_10m_2021_v200_*_Map.tif (Discrete Classification, 등급 10~95) · FAOSTAT Land Cover(LC) Item=Artificial surfaces 등"",""나지_희박식생_면적_km"":null,""레코드_키"":""VNM_lc_terrestrial_barren_2018"",""맹그로브_면적_km"":null,""수목_면적_km"":null,""연도"":2018,""영구수체_면적_km"":null,""전국_값"":18.56,""전국_단위"":""1000 ha"",""전국_지표명"":""토지피복 면적 — 나지"",""지역명_로마자"":""Viet Nam"",""지역명_베트남어"":""Việt Nam"",""초본습지_면적_km"":null,""초지_면적_km"":null,""합계_km"":null,""행정단위"":""Country""}",,전국 · 토지피복 면적 — 나지 · [실적치] · FAOSTAT Land Cover · Area from CCI_LC (Flag=E),,,,B-037.xlsx,1.2_entity(레코드형),623,
B-037,"토지피복 분류별 면적[경작지, 산림, 초지, 건물, 수체, 나지]",entity,v124-b-037-entity-00621,B-037_landcover_national,VNM,,,,,,,,,토지피복 면적 — 나지,,,"{""2025_개편_후_소속_34개_체계"":""전국(개편 무관)"",""건물_인공지표_면적_km"":null,""경계_면적_km_GADM"":null,""경계_좌표_산출근거"":""전국 집계값 — 좌표·폴리곤 없음."",""경계_폴리곤_파일"":null,""경작지_면적_km"":null,""관목_면적_km"":null,""기후기술_연계_근거"":""간접 · 원천 자체 분류 — ESA WorldCover 가 토지피복 등급을 Tree cover·Cropland·Built-up 등으로 정의·배포하며, 수목 피복 면적은 탄소 흡수원의 물리적 기반, 경작지·건물 면적은 토지이용 변화의 기준이 됨. 주 기술 23(탄소 흡수원), 부 기술 35(산림·생태계 부문 기술) — 2026-08-28 발주처 지시에 따라 tech_id에 ';'로 연결해 복수 기입. [근거자료] ESA_WorldCover_10m_2021_v200_*_Map.tif (Discrete Classification, 등급 10~95) · FAOSTAT Land Cover(LC) Item=Artificial surfaces 등"",""나지_희박식생_면적_km"":null,""레코드_키"":""VNM_lc_terrestrial_barren_2019"",""맹그로브_면적_km"":null,""수목_면적_km"":null,""연도"":2019,""영구수체_면적_km"":null,""전국_값"":18.56,""전국_단위"":""1000 ha"",""전국_지표명"":""토지피복 면적 — 나지"",""지역명_로마자"":""Viet Nam"",""지역명_베트남어"":""Việt Nam"",""초본습지_면적_km"":null,""초지_면적_km"":null,""합계_km"":null,""행정단위"":""Country""}",,전국 · 토지피복 면적 — 나지 · [실적치] · FAOSTAT Land Cover · Area from CCI_LC (Flag=E),,,,B-037.xlsx,1.2_entity(레코드형),624,
B-037,"토지피복 분류별 면적[경작지, 산림, 초지, 건물, 수체, 나지]",entity,v124-b-037-entity-00622,B-037_landcover_national,VNM,,,,,,,,,토지피복 면적 — 나지,,,"{""2025_개편_후_소속_34개_체계"":""전국(개편 무관)"",""건물_인공지표_면적_km"":null,""경계_면적_km_GADM"":null,""경계_좌표_산출근거"":""전국 집계값 — 좌표·폴리곤 없음."",""경계_폴리곤_파일"":null,""경작지_면적_km"":null,""관목_면적_km"":null,""기후기술_연계_근거"":""간접 · 원천 자체 분류 — ESA WorldCover 가 토지피복 등급을 Tree cover·Cropland·Built-up 등으로 정의·배포하며, 수목 피복 면적은 탄소 흡수원의 물리적 기반, 경작지·건물 면적은 토지이용 변화의 기준이 됨. 주 기술 23(탄소 흡수원), 부 기술 35(산림·생태계 부문 기술) — 2026-08-28 발주처 지시에 따라 tech_id에 ';'로 연결해 복수 기입. [근거자료] ESA_WorldCover_10m_2021_v200_*_Map.tif (Discrete Classification, 등급 10~95) · FAOSTAT Land Cover(LC) Item=Artificial surfaces 등"",""나지_희박식생_면적_km"":null,""레코드_키"":""VNM_lc_terrestrial_barren_2020"",""맹그로브_면적_km"":null,""수목_면적_km"":null,""연도"":2020,""영구수체_면적_km"":null,""전국_값"":18.55,""전국_단위"":""1000 ha"",""전국_지표명"":""토지피복 면적 — 나지"",""지역명_로마자"":""Viet Nam"",""지역명_베트남어"":""Việt Nam"",""초본습지_면적_km"":null,""초지_면적_km"":null,""합계_km"":null,""행정단위"":""Country""}",,전국 · 토지피복 면적 — 나지 · [실적치] · FAOSTAT Land Cover · Area from CCI_LC (Flag=E),,,,B-037.xlsx,1.2_entity(레코드형),625,
B-037,"토지피복 분류별 면적[경작지, 산림, 초지, 건물, 수체, 나지]",entity,v124-b-037-entity-00623,B-037_landcover_national,VNM,,,,,,,,,토지피복 면적 — 나지,,,"{""2025_개편_후_소속_34개_체계"":""전국(개편 무관)"",""건물_인공지표_면적_km"":null,""경계_면적_km_GADM"":null,""경계_좌표_산출근거"":""전국 집계값 — 좌표·폴리곤 없음."",""경계_폴리곤_파일"":null,""경작지_면적_km"":null,""관목_면적_km"":null,""기후기술_연계_근거"":""간접 · 원천 자체 분류 — ESA WorldCover 가 토지피복 등급을 Tree cover·Cropland·Built-up 등으로 정의·배포하며, 수목 피복 면적은 탄소 흡수원의 물리적 기반, 경작지·건물 면적은 토지이용 변화의 기준이 됨. 주 기술 23(탄소 흡수원), 부 기술 35(산림·생태계 부문 기술) — 2026-08-28 발주처 지시에 따라 tech_id에 ';'로 연결해 복수 기입. [근거자료] ESA_WorldCover_10m_2021_v200_*_Map.tif (Discrete Classification, 등급 10~95) · FAOSTAT Land Cover(LC) Item=Artificial surfaces 등"",""나지_희박식생_면적_km"":null,""레코드_키"":""VNM_lc_terrestrial_barren_2021"",""맹그로브_면적_km"":null,""수목_면적_km"":null,""연도"":2021,""영구수체_면적_km"":null,""전국_값"":18.55,""전국_단위"":""1000 ha"",""전국_지표명"":""토지피복 면적 — 나지"",""지역명_로마자"":""Viet Nam"",""지역명_베트남어"":""Việt Nam"",""초본습지_면적_km"":null,""초지_면적_km"":null,""합계_km"":null,""행정단위"":""Country""}",,전국 · 토지피복 면적 — 나지 · [실적치] · FAOSTAT Land Cover · Area from CCI_LC (Flag=E),,,,B-037.xlsx,1.2_entity(레코드형),626,
B-037,"토지피복 분류별 면적[경작지, 산림, 초지, 건물, 수체, 나지]",entity,v124-b-037-entity-00624,B-037_landcover_national,VNM,,,,,,,,,토지피복 면적 — 나지,,,"{""2025_개편_후_소속_34개_체계"":""전국(개편 무관)"",""건물_인공지표_면적_km"":null,""경계_면적_km_GADM"":null,""경계_좌표_산출근거"":""전국 집계값 — 좌표·폴리곤 없음."",""경계_폴리곤_파일"":null,""경작지_면적_km"":null,""관목_면적_km"":null,""기후기술_연계_근거"":""간접 · 원천 자체 분류 — ESA WorldCover 가 토지피복 등급을 Tree cover·Cropland·Built-up 등으로 정의·배포하며, 수목 피복 면적은 탄소 흡수원의 물리적 기반, 경작지·건물 면적은 토지이용 변화의 기준이 됨. 주 기술 23(탄소 흡수원), 부 기술 35(산림·생태계 부문 기술) — 2026-08-28 발주처 지시에 따라 tech_id에 ';'로 연결해 복수 기입. [근거자료] ESA_WorldCover_10m_2021_v200_*_Map.tif (Discrete Classification, 등급 10~95) · FAOSTAT Land Cover(LC) Item=Artificial surfaces 등"",""나지_희박식생_면적_km"":null,""레코드_키"":""VNM_lc_terrestrial_barren_2022"",""맹그로브_면적_km"":null,""수목_면적_km"":null,""연도"":2022,""영구수체_면적_km"":null,""전국_값"":18.54,""전국_단위"":""1000 ha"",""전국_지표명"":""토지피복 면적 — 나지"",""지역명_로마자"":""Viet Nam"",""지역명_베트남어"":""Việt Nam"",""초본습지_면적_km"":null,""초지_면적_km"":null,""합계_km"":null,""행정단위"":""Country""}",,전국 · 토지피복 면적 — 나지 · [실적치] · FAOSTAT Land Cover · Area from CCI_LC (Flag=E),,,,B-037.xlsx,1.2_entity(레코드형),627,
B-037,"토지피복 분류별 면적[경작지, 산림, 초지, 건물, 수체, 나지]",entity,v124-b-037-entity-00625,B-037_landcover_national,VNM,,,,,,,,,토지피복 면적(CGLS) — 나지,,,"{""2025_개편_후_소속_34개_체계"":""전국(개편 무관)"",""건물_인공지표_면적_km"":null,""경계_면적_km_GADM"":null,""경계_좌표_산출근거"":""전국 집계값 — 좌표·폴리곤 없음."",""경계_폴리곤_파일"":null,""경작지_면적_km"":null,""관목_면적_km"":null,""기후기술_연계_근거"":""간접 · 원천 자체 분류 — ESA WorldCover 가 토지피복 등급을 Tree cover·Cropland·Built-up 등으로 정의·배포하며, 수목 피복 면적은 탄소 흡수원의 물리적 기반, 경작지·건물 면적은 토지이용 변화의 기준이 됨. 주 기술 23(탄소 흡수원), 부 기술 35(산림·생태계 부문 기술) — 2026-08-28 발주처 지시에 따라 tech_id에 ';'로 연결해 복수 기입. [근거자료] ESA_WorldCover_10m_2021_v200_*_Map.tif (Discrete Classification, 등급 10~95) · FAOSTAT Land Cover(LC) Item=Artificial surfaces 등"",""나지_희박식생_면적_km"":null,""레코드_키"":""VNM_lc_terrestrial_barren_cgls_2015"",""맹그로브_면적_km"":null,""수목_면적_km"":null,""연도"":2015,""영구수체_면적_km"":null,""전국_값"":34.8,""전국_단위"":""1000 ha"",""전국_지표명"":""토지피복 면적(CGLS) — 나지"",""지역명_로마자"":""Viet Nam"",""지역명_베트남어"":""Việt Nam"",""초본습지_면적_km"":null,""초지_면적_km"":null,""합계_km"":null,""행정단위"":""Country""}",,전국 · 토지피복 면적(CGLS) — 나지 · [실적치] · FAOSTAT Land Cover · Area from CGLS (Flag=E),,,,B-037.xlsx,1.2_entity(레코드형),628,
B-037,"토지피복 분류별 면적[경작지, 산림, 초지, 건물, 수체, 나지]",entity,v124-b-037-entity-00626,B-037_landcover_national,VNM,,,,,,,,,토지피복 면적(CGLS) — 나지,,,"{""2025_개편_후_소속_34개_체계"":""전국(개편 무관)"",""건물_인공지표_면적_km"":null,""경계_면적_km_GADM"":null,""경계_좌표_산출근거"":""전국 집계값 — 좌표·폴리곤 없음."",""경계_폴리곤_파일"":null,""경작지_면적_km"":null,""관목_면적_km"":null,""기후기술_연계_근거"":""간접 · 원천 자체 분류 — ESA WorldCover 가 토지피복 등급을 Tree cover·Cropland·Built-up 등으로 정의·배포하며, 수목 피복 면적은 탄소 흡수원의 물리적 기반, 경작지·건물 면적은 토지이용 변화의 기준이 됨. 주 기술 23(탄소 흡수원), 부 기술 35(산림·생태계 부문 기술) — 2026-08-28 발주처 지시에 따라 tech_id에 ';'로 연결해 복수 기입. [근거자료] ESA_WorldCover_10m_2021_v200_*_Map.tif (Discrete Classification, 등급 10~95) · FAOSTAT Land Cover(LC) Item=Artificial surfaces 등"",""나지_희박식생_면적_km"":null,""레코드_키"":""VNM_lc_terrestrial_barren_cgls_2016"",""맹그로브_면적_km"":null,""수목_면적_km"":null,""연도"":2016,""영구수체_면적_km"":null,""전국_값"":29.46,""전국_단위"":""1000 ha"",""전국_지표명"":""토지피복 면적(CGLS) — 나지"",""지역명_로마자"":""Viet Nam"",""지역명_베트남어"":""Việt Nam"",""초본습지_면적_km"":null,""초지_면적_km"":null,""합계_km"":null,""행정단위"":""Country""}",,전국 · 토지피복 면적(CGLS) — 나지 · [실적치] · FAOSTAT Land Cover · Area from CGLS (Flag=E),,,,B-037.xlsx,1.2_entity(레코드형),629,
B-037,"토지피복 분류별 면적[경작지, 산림, 초지, 건물, 수체, 나지]",entity,v124-b-037-entity-00627,B-037_landcover_national,VNM,,,,,,,,,토지피복 면적(CGLS) — 나지,,,"{""2025_개편_후_소속_34개_체계"":""전국(개편 무관)"",""건물_인공지표_면적_km"":null,""경계_면적_km_GADM"":null,""경계_좌표_산출근거"":""전국 집계값 — 좌표·폴리곤 없음."",""경계_폴리곤_파일"":null,""경작지_면적_km"":null,""관목_면적_km"":null,""기후기술_연계_근거"":""간접 · 원천 자체 분류 — ESA WorldCover 가 토지피복 등급을 Tree cover·Cropland·Built-up 등으로 정의·배포하며, 수목 피복 면적은 탄소 흡수원의 물리적 기반, 경작지·건물 면적은 토지이용 변화의 기준이 됨. 주 기술 23(탄소 흡수원), 부 기술 35(산림·생태계 부문 기술) — 2026-08-28 발주처 지시에 따라 tech_id에 ';'로 연결해 복수 기입. [근거자료] ESA_WorldCover_10m_2021_v200_*_Map.tif (Discrete Classification, 등급 10~95) · FAOSTAT Land Cover(LC) Item=Artificial surfaces 등"",""나지_희박식생_면적_km"":null,""레코드_키"":""VNM_lc_terrestrial_barren_cgls_2017"",""맹그로브_면적_km"":null,""수목_면적_km"":null,""연도"":2017,""영구수체_면적_km"":null,""전국_값"":24.56,""전국_단위"":""1000 ha"",""전국_지표명"":""토지피복 면적(CGLS) — 나지"",""지역명_로마자"":""Viet Nam"",""지역명_베트남어"":""Việt Nam"",""초본습지_면적_km"":null,""초지_면적_km"":null,""합계_km"":null,""행정단위"":""Country""}",,전국 · 토지피복 면적(CGLS) — 나지 · [실적치] · FAOSTAT Land Cover · Area from CGLS (Flag=E),,,,B-037.xlsx,1.2_entity(레코드형),630,
B-037,"토지피복 분류별 면적[경작지, 산림, 초지, 건물, 수체, 나지]",entity,v124-b-037-entity-00628,B-037_landcover_national,VNM,,,,,,,,,토지피복 면적(CGLS) — 나지,,,"{""2025_개편_후_소속_34개_체계"":""전국(개편 무관)"",""건물_인공지표_면적_km"":null,""경계_면적_km_GADM"":null,""경계_좌표_산출근거"":""전국 집계값 — 좌표·폴리곤 없음."",""경계_폴리곤_파일"":null,""경작지_면적_km"":null,""관목_면적_km"":null,""기후기술_연계_근거"":""간접 · 원천 자체 분류 — ESA WorldCover 가 토지피복 등급을 Tree cover·Cropland·Built-up 등으로 정의·배포하며, 수목 피복 면적은 탄소 흡수원의 물리적 기반, 경작지·건물 면적은 토지이용 변화의 기준이 됨. 주 기술 23(탄소 흡수원), 부 기술 35(산림·생태계 부문 기술) — 2026-08-28 발주처 지시에 따라 tech_id에 ';'로 연결해 복수 기입. [근거자료] ESA_WorldCover_10m_2021_v200_*_Map.tif (Discrete Classification, 등급 10~95) · FAOSTAT Land Cover(LC) Item=Artificial surfaces 등"",""나지_희박식생_면적_km"":null,""레코드_키"":""VNM_lc_terrestrial_barren_cgls_2018"",""맹그로브_면적_km"":null,""수목_면적_km"":null,""연도"":2018,""영구수체_면적_km"":null,""전국_값"":22.84,""전국_단위"":""1000 ha"",""전국_지표명"":""토지피복 면적(CGLS) — 나지"",""지역명_로마자"":""Viet Nam"",""지역명_베트남어"":""Việt Nam"",""초본습지_면적_km"":null,""초지_면적_km"":null,""합계_km"":null,""행정단위"":""Country""}",,전국 · 토지피복 면적(CGLS) — 나지 · [실적치] · FAOSTAT Land Cover · Area from CGLS (Flag=E),,,,B-037.xlsx,1.2_entity(레코드형),631,
B-037,"토지피복 분류별 면적[경작지, 산림, 초지, 건물, 수체, 나지]",entity,v124-b-037-entity-00629,B-037_landcover_national,VNM,,,,,,,,,토지피복 면적(CGLS) — 나지,,,"{""2025_개편_후_소속_34개_체계"":""전국(개편 무관)"",""건물_인공지표_면적_km"":null,""경계_면적_km_GADM"":null,""경계_좌표_산출근거"":""전국 집계값 — 좌표·폴리곤 없음."",""경계_폴리곤_파일"":null,""경작지_면적_km"":null,""관목_면적_km"":null,""기후기술_연계_근거"":""간접 · 원천 자체 분류 — ESA WorldCover 가 토지피복 등급을 Tree cover·Cropland·Built-up 등으로 정의·배포하며, 수목 피복 면적은 탄소 흡수원의 물리적 기반, 경작지·건물 면적은 토지이용 변화의 기준이 됨. 주 기술 23(탄소 흡수원), 부 기술 35(산림·생태계 부문 기술) — 2026-08-28 발주처 지시에 따라 tech_id에 ';'로 연결해 복수 기입. [근거자료] ESA_WorldCover_10m_2021_v200_*_Map.tif (Discrete Classification, 등급 10~95) · FAOSTAT Land Cover(LC) Item=Artificial surfaces 등"",""나지_희박식생_면적_km"":null,""레코드_키"":""VNM_lc_terrestrial_barren_cgls_2019"",""맹그로브_면적_km"":null,""수목_면적_km"":null,""연도"":2019,""영구수체_면적_km"":null,""전국_값"":21.71,""전국_단위"":""1000 ha"",""전국_지표명"":""토지피복 면적(CGLS) — 나지"",""지역명_로마자"":""Viet Nam"",""지역명_베트남어"":""Việt Nam"",""초본습지_면적_km"":null,""초지_면적_km"":null,""합계_km"":null,""행정단위"":""Country""}",,전국 · 토지피복 면적(CGLS) — 나지 · [실적치] · FAOSTAT Land Cover · Area from CGLS (Flag=E),,,,B-037.xlsx,1.2_entity(레코드형),632,
B-037,"토지피복 분류별 면적[경작지, 산림, 초지, 건물, 수체, 나지]",entity,v124-b-037-entity-00630,B-037_landcover_national,VNM,,,,,,,,,토지피복 면적(MODIS) — 나지,,,"{""2025_개편_후_소속_34개_체계"":""전국(개편 무관)"",""건물_인공지표_면적_km"":null,""경계_면적_km_GADM"":null,""경계_좌표_산출근거"":""전국 집계값 — 좌표·폴리곤 없음."",""경계_폴리곤_파일"":null,""경작지_면적_km"":null,""관목_면적_km"":null,""기후기술_연계_근거"":""간접 · 원천 자체 분류 — ESA WorldCover 가 토지피복 등급을 Tree cover·Cropland·Built-up 등으로 정의·배포하며, 수목 피복 면적은 탄소 흡수원의 물리적 기반, 경작지·건물 면적은 토지이용 변화의 기준이 됨. 주 기술 23(탄소 흡수원), 부 기술 35(산림·생태계 부문 기술) — 2026-08-28 발주처 지시에 따라 tech_id에 ';'로 연결해 복수 기입. [근거자료] ESA_WorldCover_10m_2021_v200_*_Map.tif (Discrete Classification, 등급 10~95) · FAOSTAT Land Cover(LC) Item=Artificial surfaces 등"",""나지_희박식생_면적_km"":null,""레코드_키"":""VNM_lc_terrestrial_barren_modis_2001"",""맹그로브_면적_km"":null,""수목_면적_km"":null,""연도"":2001,""영구수체_면적_km"":null,""전국_값"":76.94,""전국_단위"":""1000 ha"",""전국_지표명"":""토지피복 면적(MODIS) — 나지"",""지역명_로마자"":""Viet Nam"",""지역명_베트남어"":""Việt Nam"",""초본습지_면적_km"":null,""초지_면적_km"":null,""합계_km"":null,""행정단위"":""Country""}",,전국 · 토지피복 면적(MODIS) — 나지 · [실적치] · FAOSTAT Land Cover · Area from MODIS (Flag=E),,,,B-037.xlsx,1.2_entity(레코드형),633,
B-037,"토지피복 분류별 면적[경작지, 산림, 초지, 건물, 수체, 나지]",entity,v124-b-037-entity-00631,B-037_landcover_national,VNM,,,,,,,,,토지피복 면적(MODIS) — 나지,,,"{""2025_개편_후_소속_34개_체계"":""전국(개편 무관)"",""건물_인공지표_면적_km"":null,""경계_면적_km_GADM"":null,""경계_좌표_산출근거"":""전국 집계값 — 좌표·폴리곤 없음."",""경계_폴리곤_파일"":null,""경작지_면적_km"":null,""관목_면적_km"":null,""기후기술_연계_근거"":""간접 · 원천 자체 분류 — ESA WorldCover 가 토지피복 등급을 Tree cover·Cropland·Built-up 등으로 정의·배포하며, 수목 피복 면적은 탄소 흡수원의 물리적 기반, 경작지·건물 면적은 토지이용 변화의 기준이 됨. 주 기술 23(탄소 흡수원), 부 기술 35(산림·생태계 부문 기술) — 2026-08-28 발주처 지시에 따라 tech_id에 ';'로 연결해 복수 기입. [근거자료] ESA_WorldCover_10m_2021_v200_*_Map.tif (Discrete Classification, 등급 10~95) · FAOSTAT Land Cover(LC) Item=Artificial surfaces 등"",""나지_희박식생_면적_km"":null,""레코드_키"":""VNM_lc_terrestrial_barren_modis_2002"",""맹그로브_면적_km"":null,""수목_면적_km"":null,""연도"":2002,""영구수체_면적_km"":null,""전국_값"":80.08,""전국_단위"":""1000 ha"",""전국_지표명"":""토지피복 면적(MODIS) — 나지"",""지역명_로마자"":""Viet Nam"",""지역명_베트남어"":""Việt Nam"",""초본습지_면적_km"":null,""초지_면적_km"":null,""합계_km"":null,""행정단위"":""Country""}",,전국 · 토지피복 면적(MODIS) — 나지 · [실적치] · FAOSTAT Land Cover · Area from MODIS (Flag=E),,,,B-037.xlsx,1.2_entity(레코드형),634,
B-037,"토지피복 분류별 면적[경작지, 산림, 초지, 건물, 수체, 나지]",entity,v124-b-037-entity-00632,B-037_landcover_national,VNM,,,,,,,,,토지피복 면적(MODIS) — 나지,,,"{""2025_개편_후_소속_34개_체계"":""전국(개편 무관)"",""건물_인공지표_면적_km"":null,""경계_면적_km_GADM"":null,""경계_좌표_산출근거"":""전국 집계값 — 좌표·폴리곤 없음."",""경계_폴리곤_파일"":null,""경작지_면적_km"":null,""관목_면적_km"":null,""기후기술_연계_근거"":""간접 · 원천 자체 분류 — ESA WorldCover 가 토지피복 등급을 Tree cover·Cropland·Built-up 등으로 정의·배포하며, 수목 피복 면적은 탄소 흡수원의 물리적 기반, 경작지·건물 면적은 토지이용 변화의 기준이 됨. 주 기술 23(탄소 흡수원), 부 기술 35(산림·생태계 부문 기술) — 2026-08-28 발주처 지시에 따라 tech_id에 ';'로 연결해 복수 기입. [근거자료] ESA_WorldCover_10m_2021_v200_*_Map.tif (Discrete Classification, 등급 10~95) · FAOSTAT Land Cover(LC) Item=Artificial surfaces 등"",""나지_희박식생_면적_km"":null,""레코드_키"":""VNM_lc_terrestrial_barren_modis_2003"",""맹그로브_면적_km"":null,""수목_면적_km"":null,""연도"":2003,""영구수체_면적_km"":null,""전국_값"":93.25,""전국_단위"":""1000 ha"",""전국_지표명"":""토지피복 면적(MODIS) — 나지"",""지역명_로마자"":""Viet Nam"",""지역명_베트남어"":""Việt Nam"",""초본습지_면적_km"":null,""초지_면적_km"":null,""합계_km"":null,""행정단위"":""Country""}",,전국 · 토지피복 면적(MODIS) — 나지 · [실적치] · FAOSTAT Land Cover · Area from MODIS (Flag=E),,,,B-037.xlsx,1.2_entity(레코드형),635,
B-037,"토지피복 분류별 면적[경작지, 산림, 초지, 건물, 수체, 나지]",entity,v124-b-037-entity-00633,B-037_landcover_national,VNM,,,,,,,,,토지피복 면적(MODIS) — 나지,,,"{""2025_개편_후_소속_34개_체계"":""전국(개편 무관)"",""건물_인공지표_면적_km"":null,""경계_면적_km_GADM"":null,""경계_좌표_산출근거"":""전국 집계값 — 좌표·폴리곤 없음."",""경계_폴리곤_파일"":null,""경작지_면적_km"":null,""관목_면적_km"":null,""기후기술_연계_근거"":""간접 · 원천 자체 분류 — ESA WorldCover 가 토지피복 등급을 Tree cover·Cropland·Built-up 등으로 정의·배포하며, 수목 피복 면적은 탄소 흡수원의 물리적 기반, 경작지·건물 면적은 토지이용 변화의 기준이 됨. 주 기술 23(탄소 흡수원), 부 기술 35(산림·생태계 부문 기술) — 2026-08-28 발주처 지시에 따라 tech_id에 ';'로 연결해 복수 기입. [근거자료] ESA_WorldCover_10m_2021_v200_*_Map.tif (Discrete Classification, 등급 10~95) · FAOSTAT Land Cover(LC) Item=Artificial surfaces 등"",""나지_희박식생_면적_km"":null,""레코드_키"":""VNM_lc_terrestrial_barren_modis_2004"",""맹그로브_면적_km"":null,""수목_면적_km"":null,""연도"":2004,""영구수체_면적_km"":null,""전국_값"":118.37,""전국_단위"":""1000 ha"",""전국_지표명"":""토지피복 면적(MODIS) — 나지"",""지역명_로마자"":""Viet Nam"",""지역명_베트남어"":""Việt Nam"",""초본습지_면적_km"":null,""초지_면적_km"":null,""합계_km"":null,""행정단위"":""Country""}",,전국 · 토지피복 면적(MODIS) — 나지 · [실적치] · FAOSTAT Land Cover · Area from MODIS (Flag=E),,,,B-037.xlsx,1.2_entity(레코드형),636,
B-037,"토지피복 분류별 면적[경작지, 산림, 초지, 건물, 수체, 나지]",entity,v124-b-037-entity-00634,B-037_landcover_national,VNM,,,,,,,,,토지피복 면적(MODIS) — 나지,,,"{""2025_개편_후_소속_34개_체계"":""전국(개편 무관)"",""건물_인공지표_면적_km"":null,""경계_면적_km_GADM"":null,""경계_좌표_산출근거"":""전국 집계값 — 좌표·폴리곤 없음."",""경계_폴리곤_파일"":null,""경작지_면적_km"":null,""관목_면적_km"":null,""기후기술_연계_근거"":""간접 · 원천 자체 분류 — ESA WorldCover 가 토지피복 등급을 Tree cover·Cropland·Built-up 등으로 정의·배포하며, 수목 피복 면적은 탄소 흡수원의 물리적 기반, 경작지·건물 면적은 토지이용 변화의 기준이 됨. 주 기술 23(탄소 흡수원), 부 기술 35(산림·생태계 부문 기술) — 2026-08-28 발주처 지시에 따라 tech_id에 ';'로 연결해 복수 기입. [근거자료] ESA_WorldCover_10m_2021_v200_*_Map.tif (Discrete Classification, 등급 10~95) · FAOSTAT Land Cover(LC) Item=Artificial surfaces 등"",""나지_희박식생_면적_km"":null,""레코드_키"":""VNM_lc_terrestrial_barren_modis_2005"",""맹그로브_면적_km"":null,""수목_면적_km"":null,""연도"":2005,""영구수체_면적_km"":null,""전국_값"":161.13,""전국_단위"":""1000 ha"",""전국_지표명"":""토지피복 면적(MODIS) — 나지"",""지역명_로마자"":""Viet Nam"",""지역명_베트남어"":""Việt Nam"",""초본습지_면적_km"":null,""초지_면적_km"":null,""합계_km"":null,""행정단위"":""Country""}",,전국 · 토지피복 면적(MODIS) — 나지 · [실적치] · FAOSTAT Land Cover · Area from MODIS (Flag=E),,,,B-037.xlsx,1.2_entity(레코드형),637,
B-037,"토지피복 분류별 면적[경작지, 산림, 초지, 건물, 수체, 나지]",entity,v124-b-037-entity-00635,B-037_landcover_national,VNM,,,,,,,,,토지피복 면적(MODIS) — 나지,,,"{""2025_개편_후_소속_34개_체계"":""전국(개편 무관)"",""건물_인공지표_면적_km"":null,""경계_면적_km_GADM"":null,""경계_좌표_산출근거"":""전국 집계값 — 좌표·폴리곤 없음."",""경계_폴리곤_파일"":null,""경작지_면적_km"":null,""관목_면적_km"":null,""기후기술_연계_근거"":""간접 · 원천 자체 분류 — ESA WorldCover 가 토지피복 등급을 Tree cover·Cropland·Built-up 등으로 정의·배포하며, 수목 피복 면적은 탄소 흡수원의 물리적 기반, 경작지·건물 면적은 토지이용 변화의 기준이 됨. 주 기술 23(탄소 흡수원), 부 기술 35(산림·생태계 부문 기술) — 2026-08-28 발주처 지시에 따라 tech_id에 ';'로 연결해 복수 기입. [근거자료] ESA_WorldCover_10m_2021_v200_*_Map.tif (Discrete Classification, 등급 10~95) · FAOSTAT Land Cover(LC) Item=Artificial surfaces 등"",""나지_희박식생_면적_km"":null,""레코드_키"":""VNM_lc_terrestrial_barren_modis_2006"",""맹그로브_면적_km"":null,""수목_면적_km"":null,""연도"":2006,""영구수체_면적_km"":null,""전국_값"":178.1,""전국_단위"":""1000 ha"",""전국_지표명"":""토지피복 면적(MODIS) — 나지"",""지역명_로마자"":""Viet Nam"",""지역명_베트남어"":""Việt Nam"",""초본습지_면적_km"":null,""초지_면적_km"":null,""합계_km"":null,""행정단위"":""Country""}",,전국 · 토지피복 면적(MODIS) — 나지 · [실적치] · FAOSTAT Land Cover · Area from MODIS (Flag=E),,,,B-037.xlsx,1.2_entity(레코드형),638,
B-037,"토지피복 분류별 면적[경작지, 산림, 초지, 건물, 수체, 나지]",entity,v124-b-037-entity-00636,B-037_landcover_national,VNM,,,,,,,,,토지피복 면적(MODIS) — 나지,,,"{""2025_개편_후_소속_34개_체계"":""전국(개편 무관)"",""건물_인공지표_면적_km"":null,""경계_면적_km_GADM"":null,""경계_좌표_산출근거"":""전국 집계값 — 좌표·폴리곤 없음."",""경계_폴리곤_파일"":null,""경작지_면적_km"":null,""관목_면적_km"":null,""기후기술_연계_근거"":""간접 · 원천 자체 분류 — ESA WorldCover 가 토지피복 등급을 Tree cover·Cropland·Built-up 등으로 정의·배포하며, 수목 피복 면적은 탄소 흡수원의 물리적 기반, 경작지·건물 면적은 토지이용 변화의 기준이 됨. 주 기술 23(탄소 흡수원), 부 기술 35(산림·생태계 부문 기술) — 2026-08-28 발주처 지시에 따라 tech_id에 ';'로 연결해 복수 기입. [근거자료] ESA_WorldCover_10m_2021_v200_*_Map.tif (Discrete Classification, 등급 10~95) · FAOSTAT Land Cover(LC) Item=Artificial surfaces 등"",""나지_희박식생_면적_km"":null,""레코드_키"":""VNM_lc_terrestrial_barren_modis_2007"",""맹그로브_면적_km"":null,""수목_면적_km"":null,""연도"":2007,""영구수체_면적_km"":null,""전국_값"":185.16,""전국_단위"":""1000 ha"",""전국_지표명"":""토지피복 면적(MODIS) — 나지"",""지역명_로마자"":""Viet Nam"",""지역명_베트남어"":""Việt Nam"",""초본습지_면적_km"":null,""초지_면적_km"":null,""합계_km"":null,""행정단위"":""Country""}",,전국 · 토지피복 면적(MODIS) — 나지 · [실적치] · FAOSTAT Land Cover · Area from MODIS (Flag=E),,,,B-037.xlsx,1.2_entity(레코드형),639,
B-037,"토지피복 분류별 면적[경작지, 산림, 초지, 건물, 수체, 나지]",entity,v124-b-037-entity-00637,B-037_landcover_national,VNM,,,,,,,,,토지피복 면적(MODIS) — 나지,,,"{""2025_개편_후_소속_34개_체계"":""전국(개편 무관)"",""건물_인공지표_면적_km"":null,""경계_면적_km_GADM"":null,""경계_좌표_산출근거"":""전국 집계값 — 좌표·폴리곤 없음."",""경계_폴리곤_파일"":null,""경작지_면적_km"":null,""관목_면적_km"":null,""기후기술_연계_근거"":""간접 · 원천 자체 분류 — ESA WorldCover 가 토지피복 등급을 Tree cover·Cropland·Built-up 등으로 정의·배포하며, 수목 피복 면적은 탄소 흡수원의 물리적 기반, 경작지·건물 면적은 토지이용 변화의 기준이 됨. 주 기술 23(탄소 흡수원), 부 기술 35(산림·생태계 부문 기술) — 2026-08-28 발주처 지시에 따라 tech_id에 ';'로 연결해 복수 기입. [근거자료] ESA_WorldCover_10m_2021_v200_*_Map.tif (Discrete Classification, 등급 10~95) · FAOSTAT Land Cover(LC) Item=Artificial surfaces 등"",""나지_희박식생_면적_km"":null,""레코드_키"":""VNM_lc_terrestrial_barren_modis_2008"",""맹그로브_면적_km"":null,""수목_면적_km"":null,""연도"":2008,""영구수체_면적_km"":null,""전국_값"":169.79,""전국_단위"":""1000 ha"",""전국_지표명"":""토지피복 면적(MODIS) — 나지"",""지역명_로마자"":""Viet Nam"",""지역명_베트남어"":""Việt Nam"",""초본습지_면적_km"":null,""초지_면적_km"":null,""합계_km"":null,""행정단위"":""Country""}",,전국 · 토지피복 면적(MODIS) — 나지 · [실적치] · FAOSTAT Land Cover · Area from MODIS (Flag=E),,,,B-037.xlsx,1.2_entity(레코드형),640,
B-037,"토지피복 분류별 면적[경작지, 산림, 초지, 건물, 수체, 나지]",entity,v124-b-037-entity-00638,B-037_landcover_national,VNM,,,,,,,,,토지피복 면적(MODIS) — 나지,,,"{""2025_개편_후_소속_34개_체계"":""전국(개편 무관)"",""건물_인공지표_면적_km"":null,""경계_면적_km_GADM"":null,""경계_좌표_산출근거"":""전국 집계값 — 좌표·폴리곤 없음."",""경계_폴리곤_파일"":null,""경작지_면적_km"":null,""관목_면적_km"":null,""기후기술_연계_근거"":""간접 · 원천 자체 분류 — ESA WorldCover 가 토지피복 등급을 Tree cover·Cropland·Built-up 등으로 정의·배포하며, 수목 피복 면적은 탄소 흡수원의 물리적 기반, 경작지·건물 면적은 토지이용 변화의 기준이 됨. 주 기술 23(탄소 흡수원), 부 기술 35(산림·생태계 부문 기술) — 2026-08-28 발주처 지시에 따라 tech_id에 ';'로 연결해 복수 기입. [근거자료] ESA_WorldCover_10m_2021_v200_*_Map.tif (Discrete Classification, 등급 10~95) · FAOSTAT Land Cover(LC) Item=Artificial surfaces 등"",""나지_희박식생_면적_km"":null,""레코드_키"":""VNM_lc_terrestrial_barren_modis_2009"",""맹그로브_면적_km"":null,""수목_면적_km"":null,""연도"":2009,""영구수체_면적_km"":null,""전국_값"":146.5,""전국_단위"":""1000 ha"",""전국_지표명"":""토지피복 면적(MODIS) — 나지"",""지역명_로마자"":""Viet Nam"",""지역명_베트남어"":""Việt Nam"",""초본습지_면적_km"":null,""초지_면적_km"":null,""합계_km"":null,""행정단위"":""Country""}",,전국 · 토지피복 면적(MODIS) — 나지 · [실적치] · FAOSTAT Land Cover · Area from MODIS (Flag=E),,,,B-037.xlsx,1.2_entity(레코드형),641,
B-037,"토지피복 분류별 면적[경작지, 산림, 초지, 건물, 수체, 나지]",entity,v124-b-037-entity-00639,B-037_landcover_national,VNM,,,,,,,,,토지피복 면적(MODIS) — 나지,,,"{""2025_개편_후_소속_34개_체계"":""전국(개편 무관)"",""건물_인공지표_면적_km"":null,""경계_면적_km_GADM"":null,""경계_좌표_산출근거"":""전국 집계값 — 좌표·폴리곤 없음."",""경계_폴리곤_파일"":null,""경작지_면적_km"":null,""관목_면적_km"":null,""기후기술_연계_근거"":""간접 · 원천 자체 분류 — ESA WorldCover 가 토지피복 등급을 Tree cover·Cropland·Built-up 등으로 정의·배포하며, 수목 피복 면적은 탄소 흡수원의 물리적 기반, 경작지·건물 면적은 토지이용 변화의 기준이 됨. 주 기술 23(탄소 흡수원), 부 기술 35(산림·생태계 부문 기술) — 2026-08-28 발주처 지시에 따라 tech_id에 ';'로 연결해 복수 기입. [근거자료] ESA_WorldCover_10m_2021_v200_*_Map.tif (Discrete Classification, 등급 10~95) · FAOSTAT Land Cover(LC) Item=Artificial surfaces 등"",""나지_희박식생_면적_km"":null,""레코드_키"":""VNM_lc_terrestrial_barren_modis_2010"",""맹그로브_면적_km"":null,""수목_면적_km"":null,""연도"":2010,""영구수체_면적_km"":null,""전국_값"":133.03,""전국_단위"":""1000 ha"",""전국_지표명"":""토지피복 면적(MODIS) — 나지"",""지역명_로마자"":""Viet Nam"",""지역명_베트남어"":""Việt Nam"",""초본습지_면적_km"":null,""초지_면적_km"":null,""합계_km"":null,""행정단위"":""Country""}",,전국 · 토지피복 면적(MODIS) — 나지 · [실적치] · FAOSTAT Land Cover · Area from MODIS (Flag=E),,,,B-037.xlsx,1.2_entity(레코드형),642,
B-037,"토지피복 분류별 면적[경작지, 산림, 초지, 건물, 수체, 나지]",entity,v124-b-037-entity-00640,B-037_landcover_national,VNM,,,,,,,,,토지피복 면적(MODIS) — 나지,,,"{""2025_개편_후_소속_34개_체계"":""전국(개편 무관)"",""건물_인공지표_면적_km"":null,""경계_면적_km_GADM"":null,""경계_좌표_산출근거"":""전국 집계값 — 좌표·폴리곤 없음."",""경계_폴리곤_파일"":null,""경작지_면적_km"":null,""관목_면적_km"":null,""기후기술_연계_근거"":""간접 · 원천 자체 분류 — ESA WorldCover 가 토지피복 등급을 Tree cover·Cropland·Built-up 등으로 정의·배포하며, 수목 피복 면적은 탄소 흡수원의 물리적 기반, 경작지·건물 면적은 토지이용 변화의 기준이 됨. 주 기술 23(탄소 흡수원), 부 기술 35(산림·생태계 부문 기술) — 2026-08-28 발주처 지시에 따라 tech_id에 ';'로 연결해 복수 기입. [근거자료] ESA_WorldCover_10m_2021_v200_*_Map.tif (Discrete Classification, 등급 10~95) · FAOSTAT Land Cover(LC) Item=Artificial surfaces 등"",""나지_희박식생_면적_km"":null,""레코드_키"":""VNM_lc_terrestrial_barren_modis_2011"",""맹그로브_면적_km"":null,""수목_면적_km"":null,""연도"":2011,""영구수체_면적_km"":null,""전국_값"":117.45,""전국_단위"":""1000 ha"",""전국_지표명"":""토지피복 면적(MODIS) — 나지"",""지역명_로마자"":""Viet Nam"",""지역명_베트남어"":""Việt Nam"",""초본습지_면적_km"":null,""초지_면적_km"":null,""합계_km"":null,""행정단위"":""Country""}",,전국 · 토지피복 면적(MODIS) — 나지 · [실적치] · FAOSTAT Land Cover · Area from MODIS (Flag=E),,,,B-037.xlsx,1.2_entity(레코드형),643,
B-037,"토지피복 분류별 면적[경작지, 산림, 초지, 건물, 수체, 나지]",entity,v124-b-037-entity-00641,B-037_landcover_national,VNM,,,,,,,,,토지피복 면적(MODIS) — 나지,,,"{""2025_개편_후_소속_34개_체계"":""전국(개편 무관)"",""건물_인공지표_면적_km"":null,""경계_면적_km_GADM"":null,""경계_좌표_산출근거"":""전국 집계값 — 좌표·폴리곤 없음."",""경계_폴리곤_파일"":null,""경작지_면적_km"":null,""관목_면적_km"":null,""기후기술_연계_근거"":""간접 · 원천 자체 분류 — ESA WorldCover 가 토지피복 등급을 Tree cover·Cropland·Built-up 등으로 정의·배포하며, 수목 피복 면적은 탄소 흡수원의 물리적 기반, 경작지·건물 면적은 토지이용 변화의 기준이 됨. 주 기술 23(탄소 흡수원), 부 기술 35(산림·생태계 부문 기술) — 2026-08-28 발주처 지시에 따라 tech_id에 ';'로 연결해 복수 기입. [근거자료] ESA_WorldCover_10m_2021_v200_*_Map.tif (Discrete Classification, 등급 10~95) · FAOSTAT Land Cover(LC) Item=Artificial surfaces 등"",""나지_희박식생_면적_km"":null,""레코드_키"":""VNM_lc_terrestrial_barren_modis_2012"",""맹그로브_면적_km"":null,""수목_면적_km"":null,""연도"":2012,""영구수체_면적_km"":null,""전국_값"":87.41,""전국_단위"":""1000 ha"",""전국_지표명"":""토지피복 면적(MODIS) — 나지"",""지역명_로마자"":""Viet Nam"",""지역명_베트남어"":""Việt Nam"",""초본습지_면적_km"":null,""초지_면적_km"":null,""합계_km"":null,""행정단위"":""Country""}",,전국 · 토지피복 면적(MODIS) — 나지 · [실적치] · FAOSTAT Land Cover · Area from MODIS (Flag=E),,,,B-037.xlsx,1.2_entity(레코드형),644,
B-037,"토지피복 분류별 면적[경작지, 산림, 초지, 건물, 수체, 나지]",entity,v124-b-037-entity-00642,B-037_landcover_national,VNM,,,,,,,,,토지피복 면적(MODIS) — 나지,,,"{""2025_개편_후_소속_34개_체계"":""전국(개편 무관)"",""건물_인공지표_면적_km"":null,""경계_면적_km_GADM"":null,""경계_좌표_산출근거"":""전국 집계값 — 좌표·폴리곤 없음."",""경계_폴리곤_파일"":null,""경작지_면적_km"":null,""관목_면적_km"":null,""기후기술_연계_근거"":""간접 · 원천 자체 분류 — ESA WorldCover 가 토지피복 등급을 Tree cover·Cropland·Built-up 등으로 정의·배포하며, 수목 피복 면적은 탄소 흡수원의 물리적 기반, 경작지·건물 면적은 토지이용 변화의 기준이 됨. 주 기술 23(탄소 흡수원), 부 기술 35(산림·생태계 부문 기술) — 2026-08-28 발주처 지시에 따라 tech_id에 ';'로 연결해 복수 기입. [근거자료] ESA_WorldCover_10m_2021_v200_*_Map.tif (Discrete Classification, 등급 10~95) · FAOSTAT Land Cover(LC) Item=Artificial surfaces 등"",""나지_희박식생_면적_km"":null,""레코드_키"":""VNM_lc_terrestrial_barren_modis_2013"",""맹그로브_면적_km"":null,""수목_면적_km"":null,""연도"":2013,""영구수체_면적_km"":null,""전국_값"":61.22,""전국_단위"":""1000 ha"",""전국_지표명"":""토지피복 면적(MODIS) — 나지"",""지역명_로마자"":""Viet Nam"",""지역명_베트남어"":""Việt Nam"",""초본습지_면적_km"":null,""초지_면적_km"":null,""합계_km"":null,""행정단위"":""Country""}",,전국 · 토지피복 면적(MODIS) — 나지 · [실적치] · FAOSTAT Land Cover · Area from MODIS (Flag=E),,,,B-037.xlsx,1.2_entity(레코드형),645,
B-037,"토지피복 분류별 면적[경작지, 산림, 초지, 건물, 수체, 나지]",entity,v124-b-037-entity-00643,B-037_landcover_national,VNM,,,,,,,,,토지피복 면적(MODIS) — 나지,,,"{""2025_개편_후_소속_34개_체계"":""전국(개편 무관)"",""건물_인공지표_면적_km"":null,""경계_면적_km_GADM"":null,""경계_좌표_산출근거"":""전국 집계값 — 좌표·폴리곤 없음."",""경계_폴리곤_파일"":null,""경작지_면적_km"":null,""관목_면적_km"":null,""기후기술_연계_근거"":""간접 · 원천 자체 분류 — ESA WorldCover 가 토지피복 등급을 Tree cover·Cropland·Built-up 등으로 정의·배포하며, 수목 피복 면적은 탄소 흡수원의 물리적 기반, 경작지·건물 면적은 토지이용 변화의 기준이 됨. 주 기술 23(탄소 흡수원), 부 기술 35(산림·생태계 부문 기술) — 2026-08-28 발주처 지시에 따라 tech_id에 ';'로 연결해 복수 기입. [근거자료] ESA_WorldCover_10m_2021_v200_*_Map.tif (Discrete Classification, 등급 10~95) · FAOSTAT Land Cover(LC) Item=Artificial surfaces 등"",""나지_희박식생_면적_km"":null,""레코드_키"":""VNM_lc_terrestrial_barren_modis_2014"",""맹그로브_면적_km"":null,""수목_면적_km"":null,""연도"":2014,""영구수체_면적_km"":null,""전국_값"":55.53,""전국_단위"":""1000 ha"",""전국_지표명"":""토지피복 면적(MODIS) — 나지"",""지역명_로마자"":""Viet Nam"",""지역명_베트남어"":""Việt Nam"",""초본습지_면적_km"":null,""초지_면적_km"":null,""합계_km"":null,""행정단위"":""Country""}",,전국 · 토지피복 면적(MODIS) — 나지 · [실적치] · FAOSTAT Land Cover · Area from MODIS (Flag=E),,,,B-037.xlsx,1.2_entity(레코드형),646,
B-037,"토지피복 분류별 면적[경작지, 산림, 초지, 건물, 수체, 나지]",entity,v124-b-037-entity-00644,B-037_landcover_national,VNM,,,,,,,,,토지피복 면적(MODIS) — 나지,,,"{""2025_개편_후_소속_34개_체계"":""전국(개편 무관)"",""건물_인공지표_면적_km"":null,""경계_면적_km_GADM"":null,""경계_좌표_산출근거"":""전국 집계값 — 좌표·폴리곤 없음."",""경계_폴리곤_파일"":null,""경작지_면적_km"":null,""관목_면적_km"":null,""기후기술_연계_근거"":""간접 · 원천 자체 분류 — ESA WorldCover 가 토지피복 등급을 Tree cover·Cropland·Built-up 등으로 정의·배포하며, 수목 피복 면적은 탄소 흡수원의 물리적 기반, 경작지·건물 면적은 토지이용 변화의 기준이 됨. 주 기술 23(탄소 흡수원), 부 기술 35(산림·생태계 부문 기술) — 2026-08-28 발주처 지시에 따라 tech_id에 ';'로 연결해 복수 기입. [근거자료] ESA_WorldCover_10m_2021_v200_*_Map.tif (Discrete Classification, 등급 10~95) · FAOSTAT Land Cover(LC) Item=Artificial surfaces 등"",""나지_희박식생_면적_km"":null,""레코드_키"":""VNM_lc_terrestrial_barren_modis_2015"",""맹그로브_면적_km"":null,""수목_면적_km"":null,""연도"":2015,""영구수체_면적_km"":null,""전국_값"":57.43,""전국_단위"":""1000 ha"",""전국_지표명"":""토지피복 면적(MODIS) — 나지"",""지역명_로마자"":""Viet Nam"",""지역명_베트남어"":""Việt Nam"",""초본습지_면적_km"":null,""초지_면적_km"":null,""합계_km"":null,""행정단위"":""Country""}",,전국 · 토지피복 면적(MODIS) — 나지 · [실적치] · FAOSTAT Land Cover · Area from MODIS (Flag=E),,,,B-037.xlsx,1.2_entity(레코드형),647,
B-037,"토지피복 분류별 면적[경작지, 산림, 초지, 건물, 수체, 나지]",entity,v124-b-037-entity-00645,B-037_landcover_national,VNM,,,,,,,,,토지피복 면적(MODIS) — 나지,,,"{""2025_개편_후_소속_34개_체계"":""전국(개편 무관)"",""건물_인공지표_면적_km"":null,""경계_면적_km_GADM"":null,""경계_좌표_산출근거"":""전국 집계값 — 좌표·폴리곤 없음."",""경계_폴리곤_파일"":null,""경작지_면적_km"":null,""관목_면적_km"":null,""기후기술_연계_근거"":""간접 · 원천 자체 분류 — ESA WorldCover 가 토지피복 등급을 Tree cover·Cropland·Built-up 등으로 정의·배포하며, 수목 피복 면적은 탄소 흡수원의 물리적 기반, 경작지·건물 면적은 토지이용 변화의 기준이 됨. 주 기술 23(탄소 흡수원), 부 기술 35(산림·생태계 부문 기술) — 2026-08-28 발주처 지시에 따라 tech_id에 ';'로 연결해 복수 기입. [근거자료] ESA_WorldCover_10m_2021_v200_*_Map.tif (Discrete Classification, 등급 10~95) · FAOSTAT Land Cover(LC) Item=Artificial surfaces 등"",""나지_희박식생_면적_km"":null,""레코드_키"":""VNM_lc_terrestrial_barren_modis_2016"",""맹그로브_면적_km"":null,""수목_면적_km"":null,""연도"":2016,""영구수체_면적_km"":null,""전국_값"":59.76,""전국_단위"":""1000 ha"",""전국_지표명"":""토지피복 면적(MODIS) — 나지"",""지역명_로마자"":""Viet Nam"",""지역명_베트남어"":""Việt Nam"",""초본습지_면적_km"":null,""초지_면적_km"":null,""합계_km"":null,""행정단위"":""Country""}",,전국 · 토지피복 면적(MODIS) — 나지 · [실적치] · FAOSTAT Land Cover · Area from MODIS (Flag=E),,,,B-037.xlsx,1.2_entity(레코드형),648,
B-037,"토지피복 분류별 면적[경작지, 산림, 초지, 건물, 수체, 나지]",entity,v124-b-037-entity-00646,B-037_landcover_national,VNM,,,,,,,,,토지피복 면적(MODIS) — 나지,,,"{""2025_개편_후_소속_34개_체계"":""전국(개편 무관)"",""건물_인공지표_면적_km"":null,""경계_면적_km_GADM"":null,""경계_좌표_산출근거"":""전국 집계값 — 좌표·폴리곤 없음."",""경계_폴리곤_파일"":null,""경작지_면적_km"":null,""관목_면적_km"":null,""기후기술_연계_근거"":""간접 · 원천 자체 분류 — ESA WorldCover 가 토지피복 등급을 Tree cover·Cropland·Built-up 등으로 정의·배포하며, 수목 피복 면적은 탄소 흡수원의 물리적 기반, 경작지·건물 면적은 토지이용 변화의 기준이 됨. 주 기술 23(탄소 흡수원), 부 기술 35(산림·생태계 부문 기술) — 2026-08-28 발주처 지시에 따라 tech_id에 ';'로 연결해 복수 기입. [근거자료] ESA_WorldCover_10m_2021_v200_*_Map.tif (Discrete Classification, 등급 10~95) · FAOSTAT Land Cover(LC) Item=Artificial surfaces 등"",""나지_희박식생_면적_km"":null,""레코드_키"":""VNM_lc_terrestrial_barren_modis_2017"",""맹그로브_면적_km"":null,""수목_면적_km"":null,""연도"":2017,""영구수체_면적_km"":null,""전국_값"":58.16,""전국_단위"":""1000 ha"",""전국_지표명"":""토지피복 면적(MODIS) — 나지"",""지역명_로마자"":""Viet Nam"",""지역명_베트남어"":""Việt Nam"",""초본습지_면적_km"":null,""초지_면적_km"":null,""합계_km"":null,""행정단위"":""Country""}",,전국 · 토지피복 면적(MODIS) — 나지 · [실적치] · FAOSTAT Land Cover · Area from MODIS (Flag=E),,,,B-037.xlsx,1.2_entity(레코드형),649,
B-037,"토지피복 분류별 면적[경작지, 산림, 초지, 건물, 수체, 나지]",entity,v124-b-037-entity-00647,B-037_landcover_national,VNM,,,,,,,,,토지피복 면적(MODIS) — 나지,,,"{""2025_개편_후_소속_34개_체계"":""전국(개편 무관)"",""건물_인공지표_면적_km"":null,""경계_면적_km_GADM"":null,""경계_좌표_산출근거"":""전국 집계값 — 좌표·폴리곤 없음."",""경계_폴리곤_파일"":null,""경작지_면적_km"":null,""관목_면적_km"":null,""기후기술_연계_근거"":""간접 · 원천 자체 분류 — ESA WorldCover 가 토지피복 등급을 Tree cover·Cropland·Built-up 등으로 정의·배포하며, 수목 피복 면적은 탄소 흡수원의 물리적 기반, 경작지·건물 면적은 토지이용 변화의 기준이 됨. 주 기술 23(탄소 흡수원), 부 기술 35(산림·생태계 부문 기술) — 2026-08-28 발주처 지시에 따라 tech_id에 ';'로 연결해 복수 기입. [근거자료] ESA_WorldCover_10m_2021_v200_*_Map.tif (Discrete Classification, 등급 10~95) · FAOSTAT Land Cover(LC) Item=Artificial surfaces 등"",""나지_희박식생_면적_km"":null,""레코드_키"":""VNM_lc_terrestrial_barren_modis_2018"",""맹그로브_면적_km"":null,""수목_면적_km"":null,""연도"":2018,""영구수체_면적_km"":null,""전국_값"":56.7,""전국_단위"":""1000 ha"",""전국_지표명"":""토지피복 면적(MODIS) — 나지"",""지역명_로마자"":""Viet Nam"",""지역명_베트남어"":""Việt Nam"",""초본습지_면적_km"":null,""초지_면적_km"":null,""합계_km"":null,""행정단위"":""Country""}",,전국 · 토지피복 면적(MODIS) — 나지 · [실적치] · FAOSTAT Land Cover · Area from MODIS (Flag=E),,,,B-037.xlsx,1.2_entity(레코드형),650,
B-037,"토지피복 분류별 면적[경작지, 산림, 초지, 건물, 수체, 나지]",entity,v124-b-037-entity-00648,B-037_landcover_national,VNM,,,,,,,,,토지피복 면적(MODIS) — 나지,,,"{""2025_개편_후_소속_34개_체계"":""전국(개편 무관)"",""건물_인공지표_면적_km"":null,""경계_면적_km_GADM"":null,""경계_좌표_산출근거"":""전국 집계값 — 좌표·폴리곤 없음."",""경계_폴리곤_파일"":null,""경작지_면적_km"":null,""관목_면적_km"":null,""기후기술_연계_근거"":""간접 · 원천 자체 분류 — ESA WorldCover 가 토지피복 등급을 Tree cover·Cropland·Built-up 등으로 정의·배포하며, 수목 피복 면적은 탄소 흡수원의 물리적 기반, 경작지·건물 면적은 토지이용 변화의 기준이 됨. 주 기술 23(탄소 흡수원), 부 기술 35(산림·생태계 부문 기술) — 2026-08-28 발주처 지시에 따라 tech_id에 ';'로 연결해 복수 기입. [근거자료] ESA_WorldCover_10m_2021_v200_*_Map.tif (Discrete Classification, 등급 10~95) · FAOSTAT Land Cover(LC) Item=Artificial surfaces 등"",""나지_희박식생_면적_km"":null,""레코드_키"":""VNM_lc_terrestrial_barren_modis_2019"",""맹그로브_면적_km"":null,""수목_면적_km"":null,""연도"":2019,""영구수체_면적_km"":null,""전국_값"":54.86,""전국_단위"":""1000 ha"",""전국_지표명"":""토지피복 면적(MODIS) — 나지"",""지역명_로마자"":""Viet Nam"",""지역명_베트남어"":""Việt Nam"",""초본습지_면적_km"":null,""초지_면적_km"":null,""합계_km"":null,""행정단위"":""Country""}",,전국 · 토지피복 면적(MODIS) — 나지 · [실적치] · FAOSTAT Land Cover · Area from MODIS (Flag=E),,,,B-037.xlsx,1.2_entity(레코드형),651,
B-037,"토지피복 분류별 면적[경작지, 산림, 초지, 건물, 수체, 나지]",entity,v124-b-037-entity-00649,B-037_landcover_national,VNM,,,,,,,,,토지피복 면적(MODIS) — 나지,,,"{""2025_개편_후_소속_34개_체계"":""전국(개편 무관)"",""건물_인공지표_면적_km"":null,""경계_면적_km_GADM"":null,""경계_좌표_산출근거"":""전국 집계값 — 좌표·폴리곤 없음."",""경계_폴리곤_파일"":null,""경작지_면적_km"":null,""관목_면적_km"":null,""기후기술_연계_근거"":""간접 · 원천 자체 분류 — ESA WorldCover 가 토지피복 등급을 Tree cover·Cropland·Built-up 등으로 정의·배포하며, 수목 피복 면적은 탄소 흡수원의 물리적 기반, 경작지·건물 면적은 토지이용 변화의 기준이 됨. 주 기술 23(탄소 흡수원), 부 기술 35(산림·생태계 부문 기술) — 2026-08-28 발주처 지시에 따라 tech_id에 ';'로 연결해 복수 기입. [근거자료] ESA_WorldCover_10m_2021_v200_*_Map.tif (Discrete Classification, 등급 10~95) · FAOSTAT Land Cover(LC) Item=Artificial surfaces 등"",""나지_희박식생_면적_km"":null,""레코드_키"":""VNM_lc_terrestrial_barren_modis_2020"",""맹그로브_면적_km"":null,""수목_면적_km"":null,""연도"":2020,""영구수체_면적_km"":null,""전국_값"":52.96,""전국_단위"":""1000 ha"",""전국_지표명"":""토지피복 면적(MODIS) — 나지"",""지역명_로마자"":""Viet Nam"",""지역명_베트남어"":""Việt Nam"",""초본습지_면적_km"":null,""초지_면적_km"":null,""합계_km"":null,""행정단위"":""Country""}",,전국 · 토지피복 면적(MODIS) — 나지 · [실적치] · FAOSTAT Land Cover · Area from MODIS (Flag=E),,,,B-037.xlsx,1.2_entity(레코드형),652,
B-037,"토지피복 분류별 면적[경작지, 산림, 초지, 건물, 수체, 나지]",entity,v124-b-037-entity-00650,B-037_landcover_national,VNM,,,,,,,,,토지피복 면적(MODIS) — 나지,,,"{""2025_개편_후_소속_34개_체계"":""전국(개편 무관)"",""건물_인공지표_면적_km"":null,""경계_면적_km_GADM"":null,""경계_좌표_산출근거"":""전국 집계값 — 좌표·폴리곤 없음."",""경계_폴리곤_파일"":null,""경작지_면적_km"":null,""관목_면적_km"":null,""기후기술_연계_근거"":""간접 · 원천 자체 분류 — ESA WorldCover 가 토지피복 등급을 Tree cover·Cropland·Built-up 등으로 정의·배포하며, 수목 피복 면적은 탄소 흡수원의 물리적 기반, 경작지·건물 면적은 토지이용 변화의 기준이 됨. 주 기술 23(탄소 흡수원), 부 기술 35(산림·생태계 부문 기술) — 2026-08-28 발주처 지시에 따라 tech_id에 ';'로 연결해 복수 기입. [근거자료] ESA_WorldCover_10m_2021_v200_*_Map.tif (Discrete Classification, 등급 10~95) · FAOSTAT Land Cover(LC) Item=Artificial surfaces 등"",""나지_희박식생_면적_km"":null,""레코드_키"":""VNM_lc_terrestrial_barren_modis_2021"",""맹그로브_면적_km"":null,""수목_면적_km"":null,""연도"":2021,""영구수체_면적_km"":null,""전국_값"":49.16,""전국_단위"":""1000 ha"",""전국_지표명"":""토지피복 면적(MODIS) — 나지"",""지역명_로마자"":""Viet Nam"",""지역명_베트남어"":""Việt Nam"",""초본습지_면적_km"":null,""초지_면적_km"":null,""합계_km"":null,""행정단위"":""Country""}",,전국 · 토지피복 면적(MODIS) — 나지 · [실적치] · FAOSTAT Land Cover · Area from MODIS (Flag=E),,,,B-037.xlsx,1.2_entity(레코드형),653,
B-037,"토지피복 분류별 면적[경작지, 산림, 초지, 건물, 수체, 나지]",entity,v124-b-037-entity-00651,B-037_landcover_national,VNM,,,,,,,,,토지피복 면적(MODIS) — 나지,,,"{""2025_개편_후_소속_34개_체계"":""전국(개편 무관)"",""건물_인공지표_면적_km"":null,""경계_면적_km_GADM"":null,""경계_좌표_산출근거"":""전국 집계값 — 좌표·폴리곤 없음."",""경계_폴리곤_파일"":null,""경작지_면적_km"":null,""관목_면적_km"":null,""기후기술_연계_근거"":""간접 · 원천 자체 분류 — ESA WorldCover 가 토지피복 등급을 Tree cover·Cropland·Built-up 등으로 정의·배포하며, 수목 피복 면적은 탄소 흡수원의 물리적 기반, 경작지·건물 면적은 토지이용 변화의 기준이 됨. 주 기술 23(탄소 흡수원), 부 기술 35(산림·생태계 부문 기술) — 2026-08-28 발주처 지시에 따라 tech_id에 ';'로 연결해 복수 기입. [근거자료] ESA_WorldCover_10m_2021_v200_*_Map.tif (Discrete Classification, 등급 10~95) · FAOSTAT Land Cover(LC) Item=Artificial surfaces 등"",""나지_희박식생_면적_km"":null,""레코드_키"":""VNM_lc_terrestrial_barren_modis_2022"",""맹그로브_면적_km"":null,""수목_면적_km"":null,""연도"":2022,""영구수체_면적_km"":null,""전국_값"":39.92,""전국_단위"":""1000 ha"",""전국_지표명"":""토지피복 면적(MODIS) — 나지"",""지역명_로마자"":""Viet Nam"",""지역명_베트남어"":""Việt Nam"",""초본습지_면적_km"":null,""초지_면적_km"":null,""합계_km"":null,""행정단위"":""Country""}",,전국 · 토지피복 면적(MODIS) — 나지 · [실적치] · FAOSTAT Land Cover · Area from MODIS (Flag=E),,,,B-037.xlsx,1.2_entity(레코드형),654,
B-037,"토지피복 분류별 면적[경작지, 산림, 초지, 건물, 수체, 나지]",entity,v124-b-037-entity-00652,B-037_landcover_national,VNM,,,,,,,,,토지피복 면적(MODIS) — 나지,,,"{""2025_개편_후_소속_34개_체계"":""전국(개편 무관)"",""건물_인공지표_면적_km"":null,""경계_면적_km_GADM"":null,""경계_좌표_산출근거"":""전국 집계값 — 좌표·폴리곤 없음."",""경계_폴리곤_파일"":null,""경작지_면적_km"":null,""관목_면적_km"":null,""기후기술_연계_근거"":""간접 · 원천 자체 분류 — ESA WorldCover 가 토지피복 등급을 Tree cover·Cropland·Built-up 등으로 정의·배포하며, 수목 피복 면적은 탄소 흡수원의 물리적 기반, 경작지·건물 면적은 토지이용 변화의 기준이 됨. 주 기술 23(탄소 흡수원), 부 기술 35(산림·생태계 부문 기술) — 2026-08-28 발주처 지시에 따라 tech_id에 ';'로 연결해 복수 기입. [근거자료] ESA_WorldCover_10m_2021_v200_*_Map.tif (Discrete Classification, 등급 10~95) · FAOSTAT Land Cover(LC) Item=Artificial surfaces 등"",""나지_희박식생_면적_km"":null,""레코드_키"":""VNM_lc_terrestrial_barren_modis_2023"",""맹그로브_면적_km"":null,""수목_면적_km"":null,""연도"":2023,""영구수체_면적_km"":null,""전국_값"":30.15,""전국_단위"":""1000 ha"",""전국_지표명"":""토지피복 면적(MODIS) — 나지"",""지역명_로마자"":""Viet Nam"",""지역명_베트남어"":""Việt Nam"",""초본습지_면적_km"":null,""초지_면적_km"":null,""합계_km"":null,""행정단위"":""Country""}",,전국 · 토지피복 면적(MODIS) — 나지 · [실적치] · FAOSTAT Land Cover · Area from MODIS (Flag=E),,,,B-037.xlsx,1.2_entity(레코드형),655,
B-037,"토지피복 분류별 면적[경작지, 산림, 초지, 건물, 수체, 나지]",entity,v124-b-037-entity-00653,B-037_landcover_national,VNM,,,,,,,,,토지피복 면적(MODIS) — 나지,,,"{""2025_개편_후_소속_34개_체계"":""전국(개편 무관)"",""건물_인공지표_면적_km"":null,""경계_면적_km_GADM"":null,""경계_좌표_산출근거"":""전국 집계값 — 좌표·폴리곤 없음."",""경계_폴리곤_파일"":null,""경작지_면적_km"":null,""관목_면적_km"":null,""기후기술_연계_근거"":""간접 · 원천 자체 분류 — ESA WorldCover 가 토지피복 등급을 Tree cover·Cropland·Built-up 등으로 정의·배포하며, 수목 피복 면적은 탄소 흡수원의 물리적 기반, 경작지·건물 면적은 토지이용 변화의 기준이 됨. 주 기술 23(탄소 흡수원), 부 기술 35(산림·생태계 부문 기술) — 2026-08-28 발주처 지시에 따라 tech_id에 ';'로 연결해 복수 기입. [근거자료] ESA_WorldCover_10m_2021_v200_*_Map.tif (Discrete Classification, 등급 10~95) · FAOSTAT Land Cover(LC) Item=Artificial surfaces 등"",""나지_희박식생_면적_km"":null,""레코드_키"":""VNM_lc_terrestrial_barren_modis_2024"",""맹그로브_면적_km"":null,""수목_면적_km"":null,""연도"":2024,""영구수체_면적_km"":null,""전국_값"":26.84,""전국_단위"":""1000 ha"",""전국_지표명"":""토지피복 면적(MODIS) — 나지"",""지역명_로마자"":""Viet Nam"",""지역명_베트남어"":""Việt Nam"",""초본습지_면적_km"":null,""초지_면적_km"":null,""합계_km"":null,""행정단위"":""Country""}",,전국 · 토지피복 면적(MODIS) — 나지 · [실적치] · FAOSTAT Land Cover · Area from MODIS (Flag=E),,,,B-037.xlsx,1.2_entity(레코드형),656,
B-037,"토지피복 분류별 면적[경작지, 산림, 초지, 건물, 수체, 나지]",entity,v124-b-037-entity-00654,B-037_landcover_national,VNM,,,,,,,,,토지피복 면적(WorldCover) — 나지,,,"{""2025_개편_후_소속_34개_체계"":""전국(개편 무관)"",""건물_인공지표_면적_km"":null,""경계_면적_km_GADM"":null,""경계_좌표_산출근거"":""전국 집계값 — 좌표·폴리곤 없음."",""경계_폴리곤_파일"":null,""경작지_면적_km"":null,""관목_면적_km"":null,""기후기술_연계_근거"":""간접 · 원천 자체 분류 — ESA WorldCover 가 토지피복 등급을 Tree cover·Cropland·Built-up 등으로 정의·배포하며, 수목 피복 면적은 탄소 흡수원의 물리적 기반, 경작지·건물 면적은 토지이용 변화의 기준이 됨. 주 기술 23(탄소 흡수원), 부 기술 35(산림·생태계 부문 기술) — 2026-08-28 발주처 지시에 따라 tech_id에 ';'로 연결해 복수 기입. [근거자료] ESA_WorldCover_10m_2021_v200_*_Map.tif (Discrete Classification, 등급 10~95) · FAOSTAT Land Cover(LC) Item=Artificial surfaces 등"",""나지_희박식생_면적_km"":null,""레코드_키"":""VNM_lc_terrestrial_barren_wc_2020"",""맹그로브_면적_km"":null,""수목_면적_km"":null,""연도"":2020,""영구수체_면적_km"":null,""전국_값"":1140.43,""전국_단위"":""1000 ha"",""전국_지표명"":""토지피복 면적(WorldCover) — 나지"",""지역명_로마자"":""Viet Nam"",""지역명_베트남어"":""Việt Nam"",""초본습지_면적_km"":null,""초지_면적_km"":null,""합계_km"":null,""행정단위"":""Country""}",,전국 · 토지피복 면적(WorldCover) — 나지 · [실적치] · FAOSTAT Land Cover · Area from WorldCover (Flag=E),,,,B-037.xlsx,1.2_entity(레코드형),657,
B-037,"토지피복 분류별 면적[경작지, 산림, 초지, 건물, 수체, 나지]",entity,v124-b-037-entity-00655,B-037_landcover_national,VNM,,,,,,,,,토지피복 면적(WorldCover) — 나지,,,"{""2025_개편_후_소속_34개_체계"":""전국(개편 무관)"",""건물_인공지표_면적_km"":null,""경계_면적_km_GADM"":null,""경계_좌표_산출근거"":""전국 집계값 — 좌표·폴리곤 없음."",""경계_폴리곤_파일"":null,""경작지_면적_km"":null,""관목_면적_km"":null,""기후기술_연계_근거"":""간접 · 원천 자체 분류 — ESA WorldCover 가 토지피복 등급을 Tree cover·Cropland·Built-up 등으로 정의·배포하며, 수목 피복 면적은 탄소 흡수원의 물리적 기반, 경작지·건물 면적은 토지이용 변화의 기준이 됨. 주 기술 23(탄소 흡수원), 부 기술 35(산림·생태계 부문 기술) — 2026-08-28 발주처 지시에 따라 tech_id에 ';'로 연결해 복수 기입. [근거자료] ESA_WorldCover_10m_2021_v200_*_Map.tif (Discrete Classification, 등급 10~95) · FAOSTAT Land Cover(LC) Item=Artificial surfaces 등"",""나지_희박식생_면적_km"":null,""레코드_키"":""VNM_lc_terrestrial_barren_wc_2021"",""맹그로브_면적_km"":null,""수목_면적_km"":null,""연도"":2021,""영구수체_면적_km"":null,""전국_값"":238.71,""전국_단위"":""1000 ha"",""전국_지표명"":""토지피복 면적(WorldCover) — 나지"",""지역명_로마자"":""Viet Nam"",""지역명_베트남어"":""Việt Nam"",""초본습지_면적_km"":null,""초지_면적_km"":null,""합계_km"":null,""행정단위"":""Country""}",,전국 · 토지피복 면적(WorldCover) — 나지 · [실적치] · FAOSTAT Land Cover · Area from WorldCover (Flag=E),,,,B-037.xlsx,1.2_entity(레코드형),658,
B-037,"토지피복 분류별 면적[경작지, 산림, 초지, 건물, 수체, 나지]",entity,v124-b-037-entity-00656,B-037_landcover_national,VNM,,,,,,,,,토지피복 면적 — 수목 피복지(산림지),,,"{""2025_개편_후_소속_34개_체계"":""전국(개편 무관)"",""건물_인공지표_면적_km"":null,""경계_면적_km_GADM"":null,""경계_좌표_산출근거"":""전국 집계값 — 좌표·폴리곤 없음."",""경계_폴리곤_파일"":null,""경작지_면적_km"":null,""관목_면적_km"":null,""기후기술_연계_근거"":""간접 · 원천 자체 분류 — ESA WorldCover 가 토지피복 등급을 Tree cover·Cropland·Built-up 등으로 정의·배포하며, 수목 피복 면적은 탄소 흡수원의 물리적 기반, 경작지·건물 면적은 토지이용 변화의 기준이 됨. 주 기술 23(탄소 흡수원), 부 기술 35(산림·생태계 부문 기술) — 2026-08-28 발주처 지시에 따라 tech_id에 ';'로 연결해 복수 기입. [근거자료] ESA_WorldCover_10m_2021_v200_*_Map.tif (Discrete Classification, 등급 10~95) · FAOSTAT Land Cover(LC) Item=Artificial surfaces 등"",""나지_희박식생_면적_km"":null,""레코드_키"":""VNM_lc_tree-covered_areas_1992"",""맹그로브_면적_km"":null,""수목_면적_km"":null,""연도"":1992,""영구수체_면적_km"":null,""전국_값"":11935.05,""전국_단위"":""1000 ha"",""전국_지표명"":""토지피복 면적 — 수목 피복지(산림지)"",""지역명_로마자"":""Viet Nam"",""지역명_베트남어"":""Việt Nam"",""초본습지_면적_km"":null,""초지_면적_km"":null,""합계_km"":null,""행정단위"":""Country""}",,전국 · 토지피복 면적 — 수목 피복지(산림지) · [실적치] · FAOSTAT Land Cover · Area from CCI_LC (Flag=E),,,,B-037.xlsx,1.2_entity(레코드형),659,
B-037,"토지피복 분류별 면적[경작지, 산림, 초지, 건물, 수체, 나지]",entity,v124-b-037-entity-00657,B-037_landcover_national,VNM,,,,,,,,,토지피복 면적 — 수목 피복지(산림지),,,"{""2025_개편_후_소속_34개_체계"":""전국(개편 무관)"",""건물_인공지표_면적_km"":null,""경계_면적_km_GADM"":null,""경계_좌표_산출근거"":""전국 집계값 — 좌표·폴리곤 없음."",""경계_폴리곤_파일"":null,""경작지_면적_km"":null,""관목_면적_km"":null,""기후기술_연계_근거"":""간접 · 원천 자체 분류 — ESA WorldCover 가 토지피복 등급을 Tree cover·Cropland·Built-up 등으로 정의·배포하며, 수목 피복 면적은 탄소 흡수원의 물리적 기반, 경작지·건물 면적은 토지이용 변화의 기준이 됨. 주 기술 23(탄소 흡수원), 부 기술 35(산림·생태계 부문 기술) — 2026-08-28 발주처 지시에 따라 tech_id에 ';'로 연결해 복수 기입. [근거자료] ESA_WorldCover_10m_2021_v200_*_Map.tif (Discrete Classification, 등급 10~95) · FAOSTAT Land Cover(LC) Item=Artificial surfaces 등"",""나지_희박식생_면적_km"":null,""레코드_키"":""VNM_lc_tree-covered_areas_1993"",""맹그로브_면적_km"":null,""수목_면적_km"":null,""연도"":1993,""영구수체_면적_km"":null,""전국_값"":11935.44,""전국_단위"":""1000 ha"",""전국_지표명"":""토지피복 면적 — 수목 피복지(산림지)"",""지역명_로마자"":""Viet Nam"",""지역명_베트남어"":""Việt Nam"",""초본습지_면적_km"":null,""초지_면적_km"":null,""합계_km"":null,""행정단위"":""Country""}",,전국 · 토지피복 면적 — 수목 피복지(산림지) · [실적치] · FAOSTAT Land Cover · Area from CCI_LC (Flag=E),,,,B-037.xlsx,1.2_entity(레코드형),660,
B-037,"토지피복 분류별 면적[경작지, 산림, 초지, 건물, 수체, 나지]",entity,v124-b-037-entity-00658,B-037_landcover_national,VNM,,,,,,,,,토지피복 면적 — 수목 피복지(산림지),,,"{""2025_개편_후_소속_34개_체계"":""전국(개편 무관)"",""건물_인공지표_면적_km"":null,""경계_면적_km_GADM"":null,""경계_좌표_산출근거"":""전국 집계값 — 좌표·폴리곤 없음."",""경계_폴리곤_파일"":null,""경작지_면적_km"":null,""관목_면적_km"":null,""기후기술_연계_근거"":""간접 · 원천 자체 분류 — ESA WorldCover 가 토지피복 등급을 Tree cover·Cropland·Built-up 등으로 정의·배포하며, 수목 피복 면적은 탄소 흡수원의 물리적 기반, 경작지·건물 면적은 토지이용 변화의 기준이 됨. 주 기술 23(탄소 흡수원), 부 기술 35(산림·생태계 부문 기술) — 2026-08-28 발주처 지시에 따라 tech_id에 ';'로 연결해 복수 기입. [근거자료] ESA_WorldCover_10m_2021_v200_*_Map.tif (Discrete Classification, 등급 10~95) · FAOSTAT Land Cover(LC) Item=Artificial surfaces 등"",""나지_희박식생_면적_km"":null,""레코드_키"":""VNM_lc_tree-covered_areas_1994"",""맹그로브_면적_km"":null,""수목_면적_km"":null,""연도"":1994,""영구수체_면적_km"":null,""전국_값"":11935.82,""전국_단위"":""1000 ha"",""전국_지표명"":""토지피복 면적 — 수목 피복지(산림지)"",""지역명_로마자"":""Viet Nam"",""지역명_베트남어"":""Việt Nam"",""초본습지_면적_km"":null,""초지_면적_km"":null,""합계_km"":null,""행정단위"":""Country""}",,전국 · 토지피복 면적 — 수목 피복지(산림지) · [실적치] · FAOSTAT Land Cover · Area from CCI_LC (Flag=E),,,,B-037.xlsx,1.2_entity(레코드형),661,
B-037,"토지피복 분류별 면적[경작지, 산림, 초지, 건물, 수체, 나지]",entity,v124-b-037-entity-00659,B-037_landcover_national,VNM,,,,,,,,,토지피복 면적 — 수목 피복지(산림지),,,"{""2025_개편_후_소속_34개_체계"":""전국(개편 무관)"",""건물_인공지표_면적_km"":null,""경계_면적_km_GADM"":null,""경계_좌표_산출근거"":""전국 집계값 — 좌표·폴리곤 없음."",""경계_폴리곤_파일"":null,""경작지_면적_km"":null,""관목_면적_km"":null,""기후기술_연계_근거"":""간접 · 원천 자체 분류 — ESA WorldCover 가 토지피복 등급을 Tree cover·Cropland·Built-up 등으로 정의·배포하며, 수목 피복 면적은 탄소 흡수원의 물리적 기반, 경작지·건물 면적은 토지이용 변화의 기준이 됨. 주 기술 23(탄소 흡수원), 부 기술 35(산림·생태계 부문 기술) — 2026-08-28 발주처 지시에 따라 tech_id에 ';'로 연결해 복수 기입. [근거자료] ESA_WorldCover_10m_2021_v200_*_Map.tif (Discrete Classification, 등급 10~95) · FAOSTAT Land Cover(LC) Item=Artificial surfaces 등"",""나지_희박식생_면적_km"":null,""레코드_키"":""VNM_lc_tree-covered_areas_1995"",""맹그로브_면적_km"":null,""수목_면적_km"":null,""연도"":1995,""영구수체_면적_km"":null,""전국_값"":11610.8,""전국_단위"":""1000 ha"",""전국_지표명"":""토지피복 면적 — 수목 피복지(산림지)"",""지역명_로마자"":""Viet Nam"",""지역명_베트남어"":""Việt Nam"",""초본습지_면적_km"":null,""초지_면적_km"":null,""합계_km"":null,""행정단위"":""Country""}",,전국 · 토지피복 면적 — 수목 피복지(산림지) · [실적치] · FAOSTAT Land Cover · Area from CCI_LC (Flag=E),,,,B-037.xlsx,1.2_entity(레코드형),662,
B-037,"토지피복 분류별 면적[경작지, 산림, 초지, 건물, 수체, 나지]",entity,v124-b-037-entity-00660,B-037_landcover_national,VNM,,,,,,,,,토지피복 면적 — 수목 피복지(산림지),,,"{""2025_개편_후_소속_34개_체계"":""전국(개편 무관)"",""건물_인공지표_면적_km"":null,""경계_면적_km_GADM"":null,""경계_좌표_산출근거"":""전국 집계값 — 좌표·폴리곤 없음."",""경계_폴리곤_파일"":null,""경작지_면적_km"":null,""관목_면적_km"":null,""기후기술_연계_근거"":""간접 · 원천 자체 분류 — ESA WorldCover 가 토지피복 등급을 Tree cover·Cropland·Built-up 등으로 정의·배포하며, 수목 피복 면적은 탄소 흡수원의 물리적 기반, 경작지·건물 면적은 토지이용 변화의 기준이 됨. 주 기술 23(탄소 흡수원), 부 기술 35(산림·생태계 부문 기술) — 2026-08-28 발주처 지시에 따라 tech_id에 ';'로 연결해 복수 기입. [근거자료] ESA_WorldCover_10m_2021_v200_*_Map.tif (Discrete Classification, 등급 10~95) · FAOSTAT Land Cover(LC) Item=Artificial surfaces 등"",""나지_희박식생_면적_km"":null,""레코드_키"":""VNM_lc_tree-covered_areas_1996"",""맹그로브_면적_km"":null,""수목_면적_km"":null,""연도"":1996,""영구수체_면적_km"":null,""전국_값"":11591.82,""전국_단위"":""1000 ha"",""전국_지표명"":""토지피복 면적 — 수목 피복지(산림지)"",""지역명_로마자"":""Viet Nam"",""지역명_베트남어"":""Việt Nam"",""초본습지_면적_km"":null,""초지_면적_km"":null,""합계_km"":null,""행정단위"":""Country""}",,전국 · 토지피복 면적 — 수목 피복지(산림지) · [실적치] · FAOSTAT Land Cover · Area from CCI_LC (Flag=E),,,,B-037.xlsx,1.2_entity(레코드형),663,
B-037,"토지피복 분류별 면적[경작지, 산림, 초지, 건물, 수체, 나지]",entity,v124-b-037-entity-00661,B-037_landcover_national,VNM,,,,,,,,,토지피복 면적 — 수목 피복지(산림지),,,"{""2025_개편_후_소속_34개_체계"":""전국(개편 무관)"",""건물_인공지표_면적_km"":null,""경계_면적_km_GADM"":null,""경계_좌표_산출근거"":""전국 집계값 — 좌표·폴리곤 없음."",""경계_폴리곤_파일"":null,""경작지_면적_km"":null,""관목_면적_km"":null,""기후기술_연계_근거"":""간접 · 원천 자체 분류 — ESA WorldCover 가 토지피복 등급을 Tree cover·Cropland·Built-up 등으로 정의·배포하며, 수목 피복 면적은 탄소 흡수원의 물리적 기반, 경작지·건물 면적은 토지이용 변화의 기준이 됨. 주 기술 23(탄소 흡수원), 부 기술 35(산림·생태계 부문 기술) — 2026-08-28 발주처 지시에 따라 tech_id에 ';'로 연결해 복수 기입. [근거자료] ESA_WorldCover_10m_2021_v200_*_Map.tif (Discrete Classification, 등급 10~95) · FAOSTAT Land Cover(LC) Item=Artificial surfaces 등"",""나지_희박식생_면적_km"":null,""레코드_키"":""VNM_lc_tree-covered_areas_1997"",""맹그로브_면적_km"":null,""수목_면적_km"":null,""연도"":1997,""영구수체_면적_km"":null,""전국_값"":11491.53,""전국_단위"":""1000 ha"",""전국_지표명"":""토지피복 면적 — 수목 피복지(산림지)"",""지역명_로마자"":""Viet Nam"",""지역명_베트남어"":""Việt Nam"",""초본습지_면적_km"":null,""초지_면적_km"":null,""합계_km"":null,""행정단위"":""Country""}",,전국 · 토지피복 면적 — 수목 피복지(산림지) · [실적치] · FAOSTAT Land Cover · Area from CCI_LC (Flag=E),,,,B-037.xlsx,1.2_entity(레코드형),664,
B-037,"토지피복 분류별 면적[경작지, 산림, 초지, 건물, 수체, 나지]",entity,v124-b-037-entity-00662,B-037_landcover_national,VNM,,,,,,,,,토지피복 면적 — 수목 피복지(산림지),,,"{""2025_개편_후_소속_34개_체계"":""전국(개편 무관)"",""건물_인공지표_면적_km"":null,""경계_면적_km_GADM"":null,""경계_좌표_산출근거"":""전국 집계값 — 좌표·폴리곤 없음."",""경계_폴리곤_파일"":null,""경작지_면적_km"":null,""관목_면적_km"":null,""기후기술_연계_근거"":""간접 · 원천 자체 분류 — ESA WorldCover 가 토지피복 등급을 Tree cover·Cropland·Built-up 등으로 정의·배포하며, 수목 피복 면적은 탄소 흡수원의 물리적 기반, 경작지·건물 면적은 토지이용 변화의 기준이 됨. 주 기술 23(탄소 흡수원), 부 기술 35(산림·생태계 부문 기술) — 2026-08-28 발주처 지시에 따라 tech_id에 ';'로 연결해 복수 기입. [근거자료] ESA_WorldCover_10m_2021_v200_*_Map.tif (Discrete Classification, 등급 10~95) · FAOSTAT Land Cover(LC) Item=Artificial surfaces 등"",""나지_희박식생_면적_km"":null,""레코드_키"":""VNM_lc_tree-covered_areas_1998"",""맹그로브_면적_km"":null,""수목_면적_km"":null,""연도"":1998,""영구수체_면적_km"":null,""전국_값"":11388.16,""전국_단위"":""1000 ha"",""전국_지표명"":""토지피복 면적 — 수목 피복지(산림지)"",""지역명_로마자"":""Viet Nam"",""지역명_베트남어"":""Việt Nam"",""초본습지_면적_km"":null,""초지_면적_km"":null,""합계_km"":null,""행정단위"":""Country""}",,전국 · 토지피복 면적 — 수목 피복지(산림지) · [실적치] · FAOSTAT Land Cover · Area from CCI_LC (Flag=E),,,,B-037.xlsx,1.2_entity(레코드형),665,
B-037,"토지피복 분류별 면적[경작지, 산림, 초지, 건물, 수체, 나지]",entity,v124-b-037-entity-00663,B-037_landcover_national,VNM,,,,,,,,,토지피복 면적 — 수목 피복지(산림지),,,"{""2025_개편_후_소속_34개_체계"":""전국(개편 무관)"",""건물_인공지표_면적_km"":null,""경계_면적_km_GADM"":null,""경계_좌표_산출근거"":""전국 집계값 — 좌표·폴리곤 없음."",""경계_폴리곤_파일"":null,""경작지_면적_km"":null,""관목_면적_km"":null,""기후기술_연계_근거"":""간접 · 원천 자체 분류 — ESA WorldCover 가 토지피복 등급을 Tree cover·Cropland·Built-up 등으로 정의·배포하며, 수목 피복 면적은 탄소 흡수원의 물리적 기반, 경작지·건물 면적은 토지이용 변화의 기준이 됨. 주 기술 23(탄소 흡수원), 부 기술 35(산림·생태계 부문 기술) — 2026-08-28 발주처 지시에 따라 tech_id에 ';'로 연결해 복수 기입. [근거자료] ESA_WorldCover_10m_2021_v200_*_Map.tif (Discrete Classification, 등급 10~95) · FAOSTAT Land Cover(LC) Item=Artificial surfaces 등"",""나지_희박식생_면적_km"":null,""레코드_키"":""VNM_lc_tree-covered_areas_1999"",""맹그로브_면적_km"":null,""수목_면적_km"":null,""연도"":1999,""영구수체_면적_km"":null,""전국_값"":11201.92,""전국_단위"":""1000 ha"",""전국_지표명"":""토지피복 면적 — 수목 피복지(산림지)"",""지역명_로마자"":""Viet Nam"",""지역명_베트남어"":""Việt Nam"",""초본습지_면적_km"":null,""초지_면적_km"":null,""합계_km"":null,""행정단위"":""Country""}",,전국 · 토지피복 면적 — 수목 피복지(산림지) · [실적치] · FAOSTAT Land Cover · Area from CCI_LC (Flag=E),,,,B-037.xlsx,1.2_entity(레코드형),666,
B-037,"토지피복 분류별 면적[경작지, 산림, 초지, 건물, 수체, 나지]",entity,v124-b-037-entity-00664,B-037_landcover_national,VNM,,,,,,,,,토지피복 면적 — 수목 피복지(산림지),,,"{""2025_개편_후_소속_34개_체계"":""전국(개편 무관)"",""건물_인공지표_면적_km"":null,""경계_면적_km_GADM"":null,""경계_좌표_산출근거"":""전국 집계값 — 좌표·폴리곤 없음."",""경계_폴리곤_파일"":null,""경작지_면적_km"":null,""관목_면적_km"":null,""기후기술_연계_근거"":""간접 · 원천 자체 분류 — ESA WorldCover 가 토지피복 등급을 Tree cover·Cropland·Built-up 등으로 정의·배포하며, 수목 피복 면적은 탄소 흡수원의 물리적 기반, 경작지·건물 면적은 토지이용 변화의 기준이 됨. 주 기술 23(탄소 흡수원), 부 기술 35(산림·생태계 부문 기술) — 2026-08-28 발주처 지시에 따라 tech_id에 ';'로 연결해 복수 기입. [근거자료] ESA_WorldCover_10m_2021_v200_*_Map.tif (Discrete Classification, 등급 10~95) · FAOSTAT Land Cover(LC) Item=Artificial surfaces 등"",""나지_희박식생_면적_km"":null,""레코드_키"":""VNM_lc_tree-covered_areas_2000"",""맹그로브_면적_km"":null,""수목_면적_km"":null,""연도"":2000,""영구수체_면적_km"":null,""전국_값"":11040.1,""전국_단위"":""1000 ha"",""전국_지표명"":""토지피복 면적 — 수목 피복지(산림지)"",""지역명_로마자"":""Viet Nam"",""지역명_베트남어"":""Việt Nam"",""초본습지_면적_km"":null,""초지_면적_km"":null,""합계_km"":null,""행정단위"":""Country""}",,전국 · 토지피복 면적 — 수목 피복지(산림지) · [실적치] · FAOSTAT Land Cover · Area from CCI_LC (Flag=E),,,,B-037.xlsx,1.2_entity(레코드형),667,
B-037,"토지피복 분류별 면적[경작지, 산림, 초지, 건물, 수체, 나지]",entity,v124-b-037-entity-00665,B-037_landcover_national,VNM,,,,,,,,,토지피복 면적 — 수목 피복지(산림지),,,"{""2025_개편_후_소속_34개_체계"":""전국(개편 무관)"",""건물_인공지표_면적_km"":null,""경계_면적_km_GADM"":null,""경계_좌표_산출근거"":""전국 집계값 — 좌표·폴리곤 없음."",""경계_폴리곤_파일"":null,""경작지_면적_km"":null,""관목_면적_km"":null,""기후기술_연계_근거"":""간접 · 원천 자체 분류 — ESA WorldCover 가 토지피복 등급을 Tree cover·Cropland·Built-up 등으로 정의·배포하며, 수목 피복 면적은 탄소 흡수원의 물리적 기반, 경작지·건물 면적은 토지이용 변화의 기준이 됨. 주 기술 23(탄소 흡수원), 부 기술 35(산림·생태계 부문 기술) — 2026-08-28 발주처 지시에 따라 tech_id에 ';'로 연결해 복수 기입. [근거자료] ESA_WorldCover_10m_2021_v200_*_Map.tif (Discrete Classification, 등급 10~95) · FAOSTAT Land Cover(LC) Item=Artificial surfaces 등"",""나지_희박식생_면적_km"":null,""레코드_키"":""VNM_lc_tree-covered_areas_2001"",""맹그로브_면적_km"":null,""수목_면적_km"":null,""연도"":2001,""영구수체_면적_km"":null,""전국_값"":10827.2,""전국_단위"":""1000 ha"",""전국_지표명"":""토지피복 면적 — 수목 피복지(산림지)"",""지역명_로마자"":""Viet Nam"",""지역명_베트남어"":""Việt Nam"",""초본습지_면적_km"":null,""초지_면적_km"":null,""합계_km"":null,""행정단위"":""Country""}",,전국 · 토지피복 면적 — 수목 피복지(산림지) · [실적치] · FAOSTAT Land Cover · Area from CCI_LC (Flag=E),,,,B-037.xlsx,1.2_entity(레코드형),668,
B-037,"토지피복 분류별 면적[경작지, 산림, 초지, 건물, 수체, 나지]",entity,v124-b-037-entity-00666,B-037_landcover_national,VNM,,,,,,,,,토지피복 면적 — 수목 피복지(산림지),,,"{""2025_개편_후_소속_34개_체계"":""전국(개편 무관)"",""건물_인공지표_면적_km"":null,""경계_면적_km_GADM"":null,""경계_좌표_산출근거"":""전국 집계값 — 좌표·폴리곤 없음."",""경계_폴리곤_파일"":null,""경작지_면적_km"":null,""관목_면적_km"":null,""기후기술_연계_근거"":""간접 · 원천 자체 분류 — ESA WorldCover 가 토지피복 등급을 Tree cover·Cropland·Built-up 등으로 정의·배포하며, 수목 피복 면적은 탄소 흡수원의 물리적 기반, 경작지·건물 면적은 토지이용 변화의 기준이 됨. 주 기술 23(탄소 흡수원), 부 기술 35(산림·생태계 부문 기술) — 2026-08-28 발주처 지시에 따라 tech_id에 ';'로 연결해 복수 기입. [근거자료] ESA_WorldCover_10m_2021_v200_*_Map.tif (Discrete Classification, 등급 10~95) · FAOSTAT Land Cover(LC) Item=Artificial surfaces 등"",""나지_희박식생_면적_km"":null,""레코드_키"":""VNM_lc_tree-covered_areas_2002"",""맹그로브_면적_km"":null,""수목_면적_km"":null,""연도"":2002,""영구수체_면적_km"":null,""전국_값"":10725.54,""전국_단위"":""1000 ha"",""전국_지표명"":""토지피복 면적 — 수목 피복지(산림지)"",""지역명_로마자"":""Viet Nam"",""지역명_베트남어"":""Việt Nam"",""초본습지_면적_km"":null,""초지_면적_km"":null,""합계_km"":null,""행정단위"":""Country""}",,전국 · 토지피복 면적 — 수목 피복지(산림지) · [실적치] · FAOSTAT Land Cover · Area from CCI_LC (Flag=E),,,,B-037.xlsx,1.2_entity(레코드형),669,
B-037,"토지피복 분류별 면적[경작지, 산림, 초지, 건물, 수체, 나지]",entity,v124-b-037-entity-00667,B-037_landcover_national,VNM,,,,,,,,,토지피복 면적 — 수목 피복지(산림지),,,"{""2025_개편_후_소속_34개_체계"":""전국(개편 무관)"",""건물_인공지표_면적_km"":null,""경계_면적_km_GADM"":null,""경계_좌표_산출근거"":""전국 집계값 — 좌표·폴리곤 없음."",""경계_폴리곤_파일"":null,""경작지_면적_km"":null,""관목_면적_km"":null,""기후기술_연계_근거"":""간접 · 원천 자체 분류 — ESA WorldCover 가 토지피복 등급을 Tree cover·Cropland·Built-up 등으로 정의·배포하며, 수목 피복 면적은 탄소 흡수원의 물리적 기반, 경작지·건물 면적은 토지이용 변화의 기준이 됨. 주 기술 23(탄소 흡수원), 부 기술 35(산림·생태계 부문 기술) — 2026-08-28 발주처 지시에 따라 tech_id에 ';'로 연결해 복수 기입. [근거자료] ESA_WorldCover_10m_2021_v200_*_Map.tif (Discrete Classification, 등급 10~95) · FAOSTAT Land Cover(LC) Item=Artificial surfaces 등"",""나지_희박식생_면적_km"":null,""레코드_키"":""VNM_lc_tree-covered_areas_2003"",""맹그로브_면적_km"":null,""수목_면적_km"":null,""연도"":2003,""영구수체_면적_km"":null,""전국_값"":10710.9,""전국_단위"":""1000 ha"",""전국_지표명"":""토지피복 면적 — 수목 피복지(산림지)"",""지역명_로마자"":""Viet Nam"",""지역명_베트남어"":""Việt Nam"",""초본습지_면적_km"":null,""초지_면적_km"":null,""합계_km"":null,""행정단위"":""Country""}",,전국 · 토지피복 면적 — 수목 피복지(산림지) · [실적치] · FAOSTAT Land Cover · Area from CCI_LC (Flag=E),,,,B-037.xlsx,1.2_entity(레코드형),670,
B-037,"토지피복 분류별 면적[경작지, 산림, 초지, 건물, 수체, 나지]",entity,v124-b-037-entity-00668,B-037_landcover_national,VNM,,,,,,,,,토지피복 면적 — 수목 피복지(산림지),,,"{""2025_개편_후_소속_34개_체계"":""전국(개편 무관)"",""건물_인공지표_면적_km"":null,""경계_면적_km_GADM"":null,""경계_좌표_산출근거"":""전국 집계값 — 좌표·폴리곤 없음."",""경계_폴리곤_파일"":null,""경작지_면적_km"":null,""관목_면적_km"":null,""기후기술_연계_근거"":""간접 · 원천 자체 분류 — ESA WorldCover 가 토지피복 등급을 Tree cover·Cropland·Built-up 등으로 정의·배포하며, 수목 피복 면적은 탄소 흡수원의 물리적 기반, 경작지·건물 면적은 토지이용 변화의 기준이 됨. 주 기술 23(탄소 흡수원), 부 기술 35(산림·생태계 부문 기술) — 2026-08-28 발주처 지시에 따라 tech_id에 ';'로 연결해 복수 기입. [근거자료] ESA_WorldCover_10m_2021_v200_*_Map.tif (Discrete Classification, 등급 10~95) · FAOSTAT Land Cover(LC) Item=Artificial surfaces 등"",""나지_희박식생_면적_km"":null,""레코드_키"":""VNM_lc_tree-covered_areas_2004"",""맹그로브_면적_km"":null,""수목_면적_km"":null,""연도"":2004,""영구수체_면적_km"":null,""전국_값"":10715.52,""전국_단위"":""1000 ha"",""전국_지표명"":""토지피복 면적 — 수목 피복지(산림지)"",""지역명_로마자"":""Viet Nam"",""지역명_베트남어"":""Việt Nam"",""초본습지_면적_km"":null,""초지_면적_km"":null,""합계_km"":null,""행정단위"":""Country""}",,전국 · 토지피복 면적 — 수목 피복지(산림지) · [실적치] · FAOSTAT Land Cover · Area from CCI_LC (Flag=E),,,,B-037.xlsx,1.2_entity(레코드형),671,
B-037,"토지피복 분류별 면적[경작지, 산림, 초지, 건물, 수체, 나지]",entity,v124-b-037-entity-00669,B-037_landcover_national,VNM,,,,,,,,,토지피복 면적 — 수목 피복지(산림지),,,"{""2025_개편_후_소속_34개_체계"":""전국(개편 무관)"",""건물_인공지표_면적_km"":null,""경계_면적_km_GADM"":null,""경계_좌표_산출근거"":""전국 집계값 — 좌표·폴리곤 없음."",""경계_폴리곤_파일"":null,""경작지_면적_km"":null,""관목_면적_km"":null,""기후기술_연계_근거"":""간접 · 원천 자체 분류 — ESA WorldCover 가 토지피복 등급을 Tree cover·Cropland·Built-up 등으로 정의·배포하며, 수목 피복 면적은 탄소 흡수원의 물리적 기반, 경작지·건물 면적은 토지이용 변화의 기준이 됨. 주 기술 23(탄소 흡수원), 부 기술 35(산림·생태계 부문 기술) — 2026-08-28 발주처 지시에 따라 tech_id에 ';'로 연결해 복수 기입. [근거자료] ESA_WorldCover_10m_2021_v200_*_Map.tif (Discrete Classification, 등급 10~95) · FAOSTAT Land Cover(LC) Item=Artificial surfaces 등"",""나지_희박식생_면적_km"":null,""레코드_키"":""VNM_lc_tree-covered_areas_2005"",""맹그로브_면적_km"":null,""수목_면적_km"":null,""연도"":2005,""영구수체_면적_km"":null,""전국_값"":10693.04,""전국_단위"":""1000 ha"",""전국_지표명"":""토지피복 면적 — 수목 피복지(산림지)"",""지역명_로마자"":""Viet Nam"",""지역명_베트남어"":""Việt Nam"",""초본습지_면적_km"":null,""초지_면적_km"":null,""합계_km"":null,""행정단위"":""Country""}",,전국 · 토지피복 면적 — 수목 피복지(산림지) · [실적치] · FAOSTAT Land Cover · Area from CCI_LC (Flag=E),,,,B-037.xlsx,1.2_entity(레코드형),672,
B-037,"토지피복 분류별 면적[경작지, 산림, 초지, 건물, 수체, 나지]",entity,v124-b-037-entity-00670,B-037_landcover_national,VNM,,,,,,,,,토지피복 면적 — 수목 피복지(산림지),,,"{""2025_개편_후_소속_34개_체계"":""전국(개편 무관)"",""건물_인공지표_면적_km"":null,""경계_면적_km_GADM"":null,""경계_좌표_산출근거"":""전국 집계값 — 좌표·폴리곤 없음."",""경계_폴리곤_파일"":null,""경작지_면적_km"":null,""관목_면적_km"":null,""기후기술_연계_근거"":""간접 · 원천 자체 분류 — ESA WorldCover 가 토지피복 등급을 Tree cover·Cropland·Built-up 등으로 정의·배포하며, 수목 피복 면적은 탄소 흡수원의 물리적 기반, 경작지·건물 면적은 토지이용 변화의 기준이 됨. 주 기술 23(탄소 흡수원), 부 기술 35(산림·생태계 부문 기술) — 2026-08-28 발주처 지시에 따라 tech_id에 ';'로 연결해 복수 기입. [근거자료] ESA_WorldCover_10m_2021_v200_*_Map.tif (Discrete Classification, 등급 10~95) · FAOSTAT Land Cover(LC) Item=Artificial surfaces 등"",""나지_희박식생_면적_km"":null,""레코드_키"":""VNM_lc_tree-covered_areas_2006"",""맹그로브_면적_km"":null,""수목_면적_km"":null,""연도"":2006,""영구수체_면적_km"":null,""전국_값"":10700.12,""전국_단위"":""1000 ha"",""전국_지표명"":""토지피복 면적 — 수목 피복지(산림지)"",""지역명_로마자"":""Viet Nam"",""지역명_베트남어"":""Việt Nam"",""초본습지_면적_km"":null,""초지_면적_km"":null,""합계_km"":null,""행정단위"":""Country""}",,전국 · 토지피복 면적 — 수목 피복지(산림지) · [실적치] · FAOSTAT Land Cover · Area from CCI_LC (Flag=E),,,,B-037.xlsx,1.2_entity(레코드형),673,
B-037,"토지피복 분류별 면적[경작지, 산림, 초지, 건물, 수체, 나지]",entity,v124-b-037-entity-00671,B-037_landcover_national,VNM,,,,,,,,,토지피복 면적 — 수목 피복지(산림지),,,"{""2025_개편_후_소속_34개_체계"":""전국(개편 무관)"",""건물_인공지표_면적_km"":null,""경계_면적_km_GADM"":null,""경계_좌표_산출근거"":""전국 집계값 — 좌표·폴리곤 없음."",""경계_폴리곤_파일"":null,""경작지_면적_km"":null,""관목_면적_km"":null,""기후기술_연계_근거"":""간접 · 원천 자체 분류 — ESA WorldCover 가 토지피복 등급을 Tree cover·Cropland·Built-up 등으로 정의·배포하며, 수목 피복 면적은 탄소 흡수원의 물리적 기반, 경작지·건물 면적은 토지이용 변화의 기준이 됨. 주 기술 23(탄소 흡수원), 부 기술 35(산림·생태계 부문 기술) — 2026-08-28 발주처 지시에 따라 tech_id에 ';'로 연결해 복수 기입. [근거자료] ESA_WorldCover_10m_2021_v200_*_Map.tif (Discrete Classification, 등급 10~95) · FAOSTAT Land Cover(LC) Item=Artificial surfaces 등"",""나지_희박식생_면적_km"":null,""레코드_키"":""VNM_lc_tree-covered_areas_2007"",""맹그로브_면적_km"":null,""수목_면적_km"":null,""연도"":2007,""영구수체_면적_km"":null,""전국_값"":10723.28,""전국_단위"":""1000 ha"",""전국_지표명"":""토지피복 면적 — 수목 피복지(산림지)"",""지역명_로마자"":""Viet Nam"",""지역명_베트남어"":""Việt Nam"",""초본습지_면적_km"":null,""초지_면적_km"":null,""합계_km"":null,""행정단위"":""Country""}",,전국 · 토지피복 면적 — 수목 피복지(산림지) · [실적치] · FAOSTAT Land Cover · Area from CCI_LC (Flag=E),,,,B-037.xlsx,1.2_entity(레코드형),674,
B-037,"토지피복 분류별 면적[경작지, 산림, 초지, 건물, 수체, 나지]",entity,v124-b-037-entity-00672,B-037_landcover_national,VNM,,,,,,,,,토지피복 면적 — 수목 피복지(산림지),,,"{""2025_개편_후_소속_34개_체계"":""전국(개편 무관)"",""건물_인공지표_면적_km"":null,""경계_면적_km_GADM"":null,""경계_좌표_산출근거"":""전국 집계값 — 좌표·폴리곤 없음."",""경계_폴리곤_파일"":null,""경작지_면적_km"":null,""관목_면적_km"":null,""기후기술_연계_근거"":""간접 · 원천 자체 분류 — ESA WorldCover 가 토지피복 등급을 Tree cover·Cropland·Built-up 등으로 정의·배포하며, 수목 피복 면적은 탄소 흡수원의 물리적 기반, 경작지·건물 면적은 토지이용 변화의 기준이 됨. 주 기술 23(탄소 흡수원), 부 기술 35(산림·생태계 부문 기술) — 2026-08-28 발주처 지시에 따라 tech_id에 ';'로 연결해 복수 기입. [근거자료] ESA_WorldCover_10m_2021_v200_*_Map.tif (Discrete Classification, 등급 10~95) · FAOSTAT Land Cover(LC) Item=Artificial surfaces 등"",""나지_희박식생_면적_km"":null,""레코드_키"":""VNM_lc_tree-covered_areas_2008"",""맹그로브_면적_km"":null,""수목_면적_km"":null,""연도"":2008,""영구수체_면적_km"":null,""전국_값"":10709.98,""전국_단위"":""1000 ha"",""전국_지표명"":""토지피복 면적 — 수목 피복지(산림지)"",""지역명_로마자"":""Viet Nam"",""지역명_베트남어"":""Việt Nam"",""초본습지_면적_km"":null,""초지_면적_km"":null,""합계_km"":null,""행정단위"":""Country""}",,전국 · 토지피복 면적 — 수목 피복지(산림지) · [실적치] · FAOSTAT Land Cover · Area from CCI_LC (Flag=E),,,,B-037.xlsx,1.2_entity(레코드형),675,
B-037,"토지피복 분류별 면적[경작지, 산림, 초지, 건물, 수체, 나지]",entity,v124-b-037-entity-00673,B-037_landcover_national,VNM,,,,,,,,,토지피복 면적 — 수목 피복지(산림지),,,"{""2025_개편_후_소속_34개_체계"":""전국(개편 무관)"",""건물_인공지표_면적_km"":null,""경계_면적_km_GADM"":null,""경계_좌표_산출근거"":""전국 집계값 — 좌표·폴리곤 없음."",""경계_폴리곤_파일"":null,""경작지_면적_km"":null,""관목_면적_km"":null,""기후기술_연계_근거"":""간접 · 원천 자체 분류 — ESA WorldCover 가 토지피복 등급을 Tree cover·Cropland·Built-up 등으로 정의·배포하며, 수목 피복 면적은 탄소 흡수원의 물리적 기반, 경작지·건물 면적은 토지이용 변화의 기준이 됨. 주 기술 23(탄소 흡수원), 부 기술 35(산림·생태계 부문 기술) — 2026-08-28 발주처 지시에 따라 tech_id에 ';'로 연결해 복수 기입. [근거자료] ESA_WorldCover_10m_2021_v200_*_Map.tif (Discrete Classification, 등급 10~95) · FAOSTAT Land Cover(LC) Item=Artificial surfaces 등"",""나지_희박식생_면적_km"":null,""레코드_키"":""VNM_lc_tree-covered_areas_2009"",""맹그로브_면적_km"":null,""수목_면적_km"":null,""연도"":2009,""영구수체_면적_km"":null,""전국_값"":10685.31,""전국_단위"":""1000 ha"",""전국_지표명"":""토지피복 면적 — 수목 피복지(산림지)"",""지역명_로마자"":""Viet Nam"",""지역명_베트남어"":""Việt Nam"",""초본습지_면적_km"":null,""초지_면적_km"":null,""합계_km"":null,""행정단위"":""Country""}",,전국 · 토지피복 면적 — 수목 피복지(산림지) · [실적치] · FAOSTAT Land Cover · Area from CCI_LC (Flag=E),,,,B-037.xlsx,1.2_entity(레코드형),676,
B-037,"토지피복 분류별 면적[경작지, 산림, 초지, 건물, 수체, 나지]",entity,v124-b-037-entity-00674,B-037_landcover_national,VNM,,,,,,,,,토지피복 면적 — 수목 피복지(산림지),,,"{""2025_개편_후_소속_34개_체계"":""전국(개편 무관)"",""건물_인공지표_면적_km"":null,""경계_면적_km_GADM"":null,""경계_좌표_산출근거"":""전국 집계값 — 좌표·폴리곤 없음."",""경계_폴리곤_파일"":null,""경작지_면적_km"":null,""관목_면적_km"":null,""기후기술_연계_근거"":""간접 · 원천 자체 분류 — ESA WorldCover 가 토지피복 등급을 Tree cover·Cropland·Built-up 등으로 정의·배포하며, 수목 피복 면적은 탄소 흡수원의 물리적 기반, 경작지·건물 면적은 토지이용 변화의 기준이 됨. 주 기술 23(탄소 흡수원), 부 기술 35(산림·생태계 부문 기술) — 2026-08-28 발주처 지시에 따라 tech_id에 ';'로 연결해 복수 기입. [근거자료] ESA_WorldCover_10m_2021_v200_*_Map.tif (Discrete Classification, 등급 10~95) · FAOSTAT Land Cover(LC) Item=Artificial surfaces 등"",""나지_희박식생_면적_km"":null,""레코드_키"":""VNM_lc_tree-covered_areas_2010"",""맹그로브_면적_km"":null,""수목_면적_km"":null,""연도"":2010,""영구수체_면적_km"":null,""전국_값"":10664.77,""전국_단위"":""1000 ha"",""전국_지표명"":""토지피복 면적 — 수목 피복지(산림지)"",""지역명_로마자"":""Viet Nam"",""지역명_베트남어"":""Việt Nam"",""초본습지_면적_km"":null,""초지_면적_km"":null,""합계_km"":null,""행정단위"":""Country""}",,전국 · 토지피복 면적 — 수목 피복지(산림지) · [실적치] · FAOSTAT Land Cover · Area from CCI_LC (Flag=E),,,,B-037.xlsx,1.2_entity(레코드형),677,
B-037,"토지피복 분류별 면적[경작지, 산림, 초지, 건물, 수체, 나지]",entity,v124-b-037-entity-00675,B-037_landcover_national,VNM,,,,,,,,,토지피복 면적 — 수목 피복지(산림지),,,"{""2025_개편_후_소속_34개_체계"":""전국(개편 무관)"",""건물_인공지표_면적_km"":null,""경계_면적_km_GADM"":null,""경계_좌표_산출근거"":""전국 집계값 — 좌표·폴리곤 없음."",""경계_폴리곤_파일"":null,""경작지_면적_km"":null,""관목_면적_km"":null,""기후기술_연계_근거"":""간접 · 원천 자체 분류 — ESA WorldCover 가 토지피복 등급을 Tree cover·Cropland·Built-up 등으로 정의·배포하며, 수목 피복 면적은 탄소 흡수원의 물리적 기반, 경작지·건물 면적은 토지이용 변화의 기준이 됨. 주 기술 23(탄소 흡수원), 부 기술 35(산림·생태계 부문 기술) — 2026-08-28 발주처 지시에 따라 tech_id에 ';'로 연결해 복수 기입. [근거자료] ESA_WorldCover_10m_2021_v200_*_Map.tif (Discrete Classification, 등급 10~95) · FAOSTAT Land Cover(LC) Item=Artificial surfaces 등"",""나지_희박식생_면적_km"":null,""레코드_키"":""VNM_lc_tree-covered_areas_2011"",""맹그로브_면적_km"":null,""수목_면적_km"":null,""연도"":2011,""영구수체_면적_km"":null,""전국_값"":10606.39,""전국_단위"":""1000 ha"",""전국_지표명"":""토지피복 면적 — 수목 피복지(산림지)"",""지역명_로마자"":""Viet Nam"",""지역명_베트남어"":""Việt Nam"",""초본습지_면적_km"":null,""초지_면적_km"":null,""합계_km"":null,""행정단위"":""Country""}",,전국 · 토지피복 면적 — 수목 피복지(산림지) · [실적치] · FAOSTAT Land Cover · Area from CCI_LC (Flag=E),,,,B-037.xlsx,1.2_entity(레코드형),678,
B-037,"토지피복 분류별 면적[경작지, 산림, 초지, 건물, 수체, 나지]",entity,v124-b-037-entity-00676,B-037_landcover_national,VNM,,,,,,,,,토지피복 면적 — 수목 피복지(산림지),,,"{""2025_개편_후_소속_34개_체계"":""전국(개편 무관)"",""건물_인공지표_면적_km"":null,""경계_면적_km_GADM"":null,""경계_좌표_산출근거"":""전국 집계값 — 좌표·폴리곤 없음."",""경계_폴리곤_파일"":null,""경작지_면적_km"":null,""관목_면적_km"":null,""기후기술_연계_근거"":""간접 · 원천 자체 분류 — ESA WorldCover 가 토지피복 등급을 Tree cover·Cropland·Built-up 등으로 정의·배포하며, 수목 피복 면적은 탄소 흡수원의 물리적 기반, 경작지·건물 면적은 토지이용 변화의 기준이 됨. 주 기술 23(탄소 흡수원), 부 기술 35(산림·생태계 부문 기술) — 2026-08-28 발주처 지시에 따라 tech_id에 ';'로 연결해 복수 기입. [근거자료] ESA_WorldCover_10m_2021_v200_*_Map.tif (Discrete Classification, 등급 10~95) · FAOSTAT Land Cover(LC) Item=Artificial surfaces 등"",""나지_희박식생_면적_km"":null,""레코드_키"":""VNM_lc_tree-covered_areas_2012"",""맹그로브_면적_km"":null,""수목_면적_km"":null,""연도"":2012,""영구수체_면적_km"":null,""전국_값"":10595.7,""전국_단위"":""1000 ha"",""전국_지표명"":""토지피복 면적 — 수목 피복지(산림지)"",""지역명_로마자"":""Viet Nam"",""지역명_베트남어"":""Việt Nam"",""초본습지_면적_km"":null,""초지_면적_km"":null,""합계_km"":null,""행정단위"":""Country""}",,전국 · 토지피복 면적 — 수목 피복지(산림지) · [실적치] · FAOSTAT Land Cover · Area from CCI_LC (Flag=E),,,,B-037.xlsx,1.2_entity(레코드형),679,
B-037,"토지피복 분류별 면적[경작지, 산림, 초지, 건물, 수체, 나지]",entity,v124-b-037-entity-00677,B-037_landcover_national,VNM,,,,,,,,,토지피복 면적 — 수목 피복지(산림지),,,"{""2025_개편_후_소속_34개_체계"":""전국(개편 무관)"",""건물_인공지표_면적_km"":null,""경계_면적_km_GADM"":null,""경계_좌표_산출근거"":""전국 집계값 — 좌표·폴리곤 없음."",""경계_폴리곤_파일"":null,""경작지_면적_km"":null,""관목_면적_km"":null,""기후기술_연계_근거"":""간접 · 원천 자체 분류 — ESA WorldCover 가 토지피복 등급을 Tree cover·Cropland·Built-up 등으로 정의·배포하며, 수목 피복 면적은 탄소 흡수원의 물리적 기반, 경작지·건물 면적은 토지이용 변화의 기준이 됨. 주 기술 23(탄소 흡수원), 부 기술 35(산림·생태계 부문 기술) — 2026-08-28 발주처 지시에 따라 tech_id에 ';'로 연결해 복수 기입. [근거자료] ESA_WorldCover_10m_2021_v200_*_Map.tif (Discrete Classification, 등급 10~95) · FAOSTAT Land Cover(LC) Item=Artificial surfaces 등"",""나지_희박식생_면적_km"":null,""레코드_키"":""VNM_lc_tree-covered_areas_2013"",""맹그로브_면적_km"":null,""수목_면적_km"":null,""연도"":2013,""영구수체_면적_km"":null,""전국_값"":10594.85,""전국_단위"":""1000 ha"",""전국_지표명"":""토지피복 면적 — 수목 피복지(산림지)"",""지역명_로마자"":""Viet Nam"",""지역명_베트남어"":""Việt Nam"",""초본습지_면적_km"":null,""초지_면적_km"":null,""합계_km"":null,""행정단위"":""Country""}",,전국 · 토지피복 면적 — 수목 피복지(산림지) · [실적치] · FAOSTAT Land Cover · Area from CCI_LC (Flag=E),,,,B-037.xlsx,1.2_entity(레코드형),680,
B-037,"토지피복 분류별 면적[경작지, 산림, 초지, 건물, 수체, 나지]",entity,v124-b-037-entity-00678,B-037_landcover_national,VNM,,,,,,,,,토지피복 면적 — 수목 피복지(산림지),,,"{""2025_개편_후_소속_34개_체계"":""전국(개편 무관)"",""건물_인공지표_면적_km"":null,""경계_면적_km_GADM"":null,""경계_좌표_산출근거"":""전국 집계값 — 좌표·폴리곤 없음."",""경계_폴리곤_파일"":null,""경작지_면적_km"":null,""관목_면적_km"":null,""기후기술_연계_근거"":""간접 · 원천 자체 분류 — ESA WorldCover 가 토지피복 등급을 Tree cover·Cropland·Built-up 등으로 정의·배포하며, 수목 피복 면적은 탄소 흡수원의 물리적 기반, 경작지·건물 면적은 토지이용 변화의 기준이 됨. 주 기술 23(탄소 흡수원), 부 기술 35(산림·생태계 부문 기술) — 2026-08-28 발주처 지시에 따라 tech_id에 ';'로 연결해 복수 기입. [근거자료] ESA_WorldCover_10m_2021_v200_*_Map.tif (Discrete Classification, 등급 10~95) · FAOSTAT Land Cover(LC) Item=Artificial surfaces 등"",""나지_희박식생_면적_km"":null,""레코드_키"":""VNM_lc_tree-covered_areas_2014"",""맹그로브_면적_km"":null,""수목_면적_km"":null,""연도"":2014,""영구수체_면적_km"":null,""전국_값"":10586.96,""전국_단위"":""1000 ha"",""전국_지표명"":""토지피복 면적 — 수목 피복지(산림지)"",""지역명_로마자"":""Viet Nam"",""지역명_베트남어"":""Việt Nam"",""초본습지_면적_km"":null,""초지_면적_km"":null,""합계_km"":null,""행정단위"":""Country""}",,전국 · 토지피복 면적 — 수목 피복지(산림지) · [실적치] · FAOSTAT Land Cover · Area from CCI_LC (Flag=E),,,,B-037.xlsx,1.2_entity(레코드형),681,
B-037,"토지피복 분류별 면적[경작지, 산림, 초지, 건물, 수체, 나지]",entity,v124-b-037-entity-00679,B-037_landcover_national,VNM,,,,,,,,,토지피복 면적 — 수목 피복지(산림지),,,"{""2025_개편_후_소속_34개_체계"":""전국(개편 무관)"",""건물_인공지표_면적_km"":null,""경계_면적_km_GADM"":null,""경계_좌표_산출근거"":""전국 집계값 — 좌표·폴리곤 없음."",""경계_폴리곤_파일"":null,""경작지_면적_km"":null,""관목_면적_km"":null,""기후기술_연계_근거"":""간접 · 원천 자체 분류 — ESA WorldCover 가 토지피복 등급을 Tree cover·Cropland·Built-up 등으로 정의·배포하며, 수목 피복 면적은 탄소 흡수원의 물리적 기반, 경작지·건물 면적은 토지이용 변화의 기준이 됨. 주 기술 23(탄소 흡수원), 부 기술 35(산림·생태계 부문 기술) — 2026-08-28 발주처 지시에 따라 tech_id에 ';'로 연결해 복수 기입. [근거자료] ESA_WorldCover_10m_2021_v200_*_Map.tif (Discrete Classification, 등급 10~95) · FAOSTAT Land Cover(LC) Item=Artificial surfaces 등"",""나지_희박식생_면적_km"":null,""레코드_키"":""VNM_lc_tree-covered_areas_2015"",""맹그로브_면적_km"":null,""수목_면적_km"":null,""연도"":2015,""영구수체_면적_km"":null,""전국_값"":10589.34,""전국_단위"":""1000 ha"",""전국_지표명"":""토지피복 면적 — 수목 피복지(산림지)"",""지역명_로마자"":""Viet Nam"",""지역명_베트남어"":""Việt Nam"",""초본습지_면적_km"":null,""초지_면적_km"":null,""합계_km"":null,""행정단위"":""Country""}",,전국 · 토지피복 면적 — 수목 피복지(산림지) · [실적치] · FAOSTAT Land Cover · Area from CCI_LC (Flag=E),,,,B-037.xlsx,1.2_entity(레코드형),682,
B-037,"토지피복 분류별 면적[경작지, 산림, 초지, 건물, 수체, 나지]",entity,v124-b-037-entity-00680,B-037_landcover_national,VNM,,,,,,,,,토지피복 면적 — 수목 피복지(산림지),,,"{""2025_개편_후_소속_34개_체계"":""전국(개편 무관)"",""건물_인공지표_면적_km"":null,""경계_면적_km_GADM"":null,""경계_좌표_산출근거"":""전국 집계값 — 좌표·폴리곤 없음."",""경계_폴리곤_파일"":null,""경작지_면적_km"":null,""관목_면적_km"":null,""기후기술_연계_근거"":""간접 · 원천 자체 분류 — ESA WorldCover 가 토지피복 등급을 Tree cover·Cropland·Built-up 등으로 정의·배포하며, 수목 피복 면적은 탄소 흡수원의 물리적 기반, 경작지·건물 면적은 토지이용 변화의 기준이 됨. 주 기술 23(탄소 흡수원), 부 기술 35(산림·생태계 부문 기술) — 2026-08-28 발주처 지시에 따라 tech_id에 ';'로 연결해 복수 기입. [근거자료] ESA_WorldCover_10m_2021_v200_*_Map.tif (Discrete Classification, 등급 10~95) · FAOSTAT Land Cover(LC) Item=Artificial surfaces 등"",""나지_희박식생_면적_km"":null,""레코드_키"":""VNM_lc_tree-covered_areas_2016"",""맹그로브_면적_km"":null,""수목_면적_km"":null,""연도"":2016,""영구수체_면적_km"":null,""전국_값"":10676.69,""전국_단위"":""1000 ha"",""전국_지표명"":""토지피복 면적 — 수목 피복지(산림지)"",""지역명_로마자"":""Viet Nam"",""지역명_베트남어"":""Việt Nam"",""초본습지_면적_km"":null,""초지_면적_km"":null,""합계_km"":null,""행정단위"":""Country""}",,전국 · 토지피복 면적 — 수목 피복지(산림지) · [실적치] · FAOSTAT Land Cover · Area from CCI_LC (Flag=E),,,,B-037.xlsx,1.2_entity(레코드형),683,
B-037,"토지피복 분류별 면적[경작지, 산림, 초지, 건물, 수체, 나지]",entity,v124-b-037-entity-00681,B-037_landcover_national,VNM,,,,,,,,,토지피복 면적 — 수목 피복지(산림지),,,"{""2025_개편_후_소속_34개_체계"":""전국(개편 무관)"",""건물_인공지표_면적_km"":null,""경계_면적_km_GADM"":null,""경계_좌표_산출근거"":""전국 집계값 — 좌표·폴리곤 없음."",""경계_폴리곤_파일"":null,""경작지_면적_km"":null,""관목_면적_km"":null,""기후기술_연계_근거"":""간접 · 원천 자체 분류 — ESA WorldCover 가 토지피복 등급을 Tree cover·Cropland·Built-up 등으로 정의·배포하며, 수목 피복 면적은 탄소 흡수원의 물리적 기반, 경작지·건물 면적은 토지이용 변화의 기준이 됨. 주 기술 23(탄소 흡수원), 부 기술 35(산림·생태계 부문 기술) — 2026-08-28 발주처 지시에 따라 tech_id에 ';'로 연결해 복수 기입. [근거자료] ESA_WorldCover_10m_2021_v200_*_Map.tif (Discrete Classification, 등급 10~95) · FAOSTAT Land Cover(LC) Item=Artificial surfaces 등"",""나지_희박식생_면적_km"":null,""레코드_키"":""VNM_lc_tree-covered_areas_2017"",""맹그로브_면적_km"":null,""수목_면적_km"":null,""연도"":2017,""영구수체_면적_km"":null,""전국_값"":10695.36,""전국_단위"":""1000 ha"",""전국_지표명"":""토지피복 면적 — 수목 피복지(산림지)"",""지역명_로마자"":""Viet Nam"",""지역명_베트남어"":""Việt Nam"",""초본습지_면적_km"":null,""초지_면적_km"":null,""합계_km"":null,""행정단위"":""Country""}",,전국 · 토지피복 면적 — 수목 피복지(산림지) · [실적치] · FAOSTAT Land Cover · Area from CCI_LC (Flag=E),,,,B-037.xlsx,1.2_entity(레코드형),684,
B-037,"토지피복 분류별 면적[경작지, 산림, 초지, 건물, 수체, 나지]",entity,v124-b-037-entity-00682,B-037_landcover_national,VNM,,,,,,,,,토지피복 면적 — 수목 피복지(산림지),,,"{""2025_개편_후_소속_34개_체계"":""전국(개편 무관)"",""건물_인공지표_면적_km"":null,""경계_면적_km_GADM"":null,""경계_좌표_산출근거"":""전국 집계값 — 좌표·폴리곤 없음."",""경계_폴리곤_파일"":null,""경작지_면적_km"":null,""관목_면적_km"":null,""기후기술_연계_근거"":""간접 · 원천 자체 분류 — ESA WorldCover 가 토지피복 등급을 Tree cover·Cropland·Built-up 등으로 정의·배포하며, 수목 피복 면적은 탄소 흡수원의 물리적 기반, 경작지·건물 면적은 토지이용 변화의 기준이 됨. 주 기술 23(탄소 흡수원), 부 기술 35(산림·생태계 부문 기술) — 2026-08-28 발주처 지시에 따라 tech_id에 ';'로 연결해 복수 기입. [근거자료] ESA_WorldCover_10m_2021_v200_*_Map.tif (Discrete Classification, 등급 10~95) · FAOSTAT Land Cover(LC) Item=Artificial surfaces 등"",""나지_희박식생_면적_km"":null,""레코드_키"":""VNM_lc_tree-covered_areas_2018"",""맹그로브_면적_km"":null,""수목_면적_km"":null,""연도"":2018,""영구수체_면적_km"":null,""전국_값"":10680.3,""전국_단위"":""1000 ha"",""전국_지표명"":""토지피복 면적 — 수목 피복지(산림지)"",""지역명_로마자"":""Viet Nam"",""지역명_베트남어"":""Việt Nam"",""초본습지_면적_km"":null,""초지_면적_km"":null,""합계_km"":null,""행정단위"":""Country""}",,전국 · 토지피복 면적 — 수목 피복지(산림지) · [실적치] · FAOSTAT Land Cover · Area from CCI_LC (Flag=E),,,,B-037.xlsx,1.2_entity(레코드형),685,
B-037,"토지피복 분류별 면적[경작지, 산림, 초지, 건물, 수체, 나지]",entity,v124-b-037-entity-00683,B-037_landcover_national,VNM,,,,,,,,,토지피복 면적 — 수목 피복지(산림지),,,"{""2025_개편_후_소속_34개_체계"":""전국(개편 무관)"",""건물_인공지표_면적_km"":null,""경계_면적_km_GADM"":null,""경계_좌표_산출근거"":""전국 집계값 — 좌표·폴리곤 없음."",""경계_폴리곤_파일"":null,""경작지_면적_km"":null,""관목_면적_km"":null,""기후기술_연계_근거"":""간접 · 원천 자체 분류 — ESA WorldCover 가 토지피복 등급을 Tree cover·Cropland·Built-up 등으로 정의·배포하며, 수목 피복 면적은 탄소 흡수원의 물리적 기반, 경작지·건물 면적은 토지이용 변화의 기준이 됨. 주 기술 23(탄소 흡수원), 부 기술 35(산림·생태계 부문 기술) — 2026-08-28 발주처 지시에 따라 tech_id에 ';'로 연결해 복수 기입. [근거자료] ESA_WorldCover_10m_2021_v200_*_Map.tif (Discrete Classification, 등급 10~95) · FAOSTAT Land Cover(LC) Item=Artificial surfaces 등"",""나지_희박식생_면적_km"":null,""레코드_키"":""VNM_lc_tree-covered_areas_2019"",""맹그로브_면적_km"":null,""수목_면적_km"":null,""연도"":2019,""영구수체_면적_km"":null,""전국_값"":10763.7,""전국_단위"":""1000 ha"",""전국_지표명"":""토지피복 면적 — 수목 피복지(산림지)"",""지역명_로마자"":""Viet Nam"",""지역명_베트남어"":""Việt Nam"",""초본습지_면적_km"":null,""초지_면적_km"":null,""합계_km"":null,""행정단위"":""Country""}",,전국 · 토지피복 면적 — 수목 피복지(산림지) · [실적치] · FAOSTAT Land Cover · Area from CCI_LC (Flag=E),,,,B-037.xlsx,1.2_entity(레코드형),686,
B-037,"토지피복 분류별 면적[경작지, 산림, 초지, 건물, 수체, 나지]",entity,v124-b-037-entity-00684,B-037_landcover_national,VNM,,,,,,,,,토지피복 면적 — 수목 피복지(산림지),,,"{""2025_개편_후_소속_34개_체계"":""전국(개편 무관)"",""건물_인공지표_면적_km"":null,""경계_면적_km_GADM"":null,""경계_좌표_산출근거"":""전국 집계값 — 좌표·폴리곤 없음."",""경계_폴리곤_파일"":null,""경작지_면적_km"":null,""관목_면적_km"":null,""기후기술_연계_근거"":""간접 · 원천 자체 분류 — ESA WorldCover 가 토지피복 등급을 Tree cover·Cropland·Built-up 등으로 정의·배포하며, 수목 피복 면적은 탄소 흡수원의 물리적 기반, 경작지·건물 면적은 토지이용 변화의 기준이 됨. 주 기술 23(탄소 흡수원), 부 기술 35(산림·생태계 부문 기술) — 2026-08-28 발주처 지시에 따라 tech_id에 ';'로 연결해 복수 기입. [근거자료] ESA_WorldCover_10m_2021_v200_*_Map.tif (Discrete Classification, 등급 10~95) · FAOSTAT Land Cover(LC) Item=Artificial surfaces 등"",""나지_희박식생_면적_km"":null,""레코드_키"":""VNM_lc_tree-covered_areas_2020"",""맹그로브_면적_km"":null,""수목_면적_km"":null,""연도"":2020,""영구수체_면적_km"":null,""전국_값"":10799.96,""전국_단위"":""1000 ha"",""전국_지표명"":""토지피복 면적 — 수목 피복지(산림지)"",""지역명_로마자"":""Viet Nam"",""지역명_베트남어"":""Việt Nam"",""초본습지_면적_km"":null,""초지_면적_km"":null,""합계_km"":null,""행정단위"":""Country""}",,전국 · 토지피복 면적 — 수목 피복지(산림지) · [실적치] · FAOSTAT Land Cover · Area from CCI_LC (Flag=E),,,,B-037.xlsx,1.2_entity(레코드형),687,
B-037,"토지피복 분류별 면적[경작지, 산림, 초지, 건물, 수체, 나지]",entity,v124-b-037-entity-00685,B-037_landcover_national,VNM,,,,,,,,,토지피복 면적 — 수목 피복지(산림지),,,"{""2025_개편_후_소속_34개_체계"":""전국(개편 무관)"",""건물_인공지표_면적_km"":null,""경계_면적_km_GADM"":null,""경계_좌표_산출근거"":""전국 집계값 — 좌표·폴리곤 없음."",""경계_폴리곤_파일"":null,""경작지_면적_km"":null,""관목_면적_km"":null,""기후기술_연계_근거"":""간접 · 원천 자체 분류 — ESA WorldCover 가 토지피복 등급을 Tree cover·Cropland·Built-up 등으로 정의·배포하며, 수목 피복 면적은 탄소 흡수원의 물리적 기반, 경작지·건물 면적은 토지이용 변화의 기준이 됨. 주 기술 23(탄소 흡수원), 부 기술 35(산림·생태계 부문 기술) — 2026-08-28 발주처 지시에 따라 tech_id에 ';'로 연결해 복수 기입. [근거자료] ESA_WorldCover_10m_2021_v200_*_Map.tif (Discrete Classification, 등급 10~95) · FAOSTAT Land Cover(LC) Item=Artificial surfaces 등"",""나지_희박식생_면적_km"":null,""레코드_키"":""VNM_lc_tree-covered_areas_2021"",""맹그로브_면적_km"":null,""수목_면적_km"":null,""연도"":2021,""영구수체_면적_km"":null,""전국_값"":10835.14,""전국_단위"":""1000 ha"",""전국_지표명"":""토지피복 면적 — 수목 피복지(산림지)"",""지역명_로마자"":""Viet Nam"",""지역명_베트남어"":""Việt Nam"",""초본습지_면적_km"":null,""초지_면적_km"":null,""합계_km"":null,""행정단위"":""Country""}",,전국 · 토지피복 면적 — 수목 피복지(산림지) · [실적치] · FAOSTAT Land Cover · Area from CCI_LC (Flag=E),,,,B-037.xlsx,1.2_entity(레코드형),688,
B-037,"토지피복 분류별 면적[경작지, 산림, 초지, 건물, 수체, 나지]",entity,v124-b-037-entity-00686,B-037_landcover_national,VNM,,,,,,,,,토지피복 면적 — 수목 피복지(산림지),,,"{""2025_개편_후_소속_34개_체계"":""전국(개편 무관)"",""건물_인공지표_면적_km"":null,""경계_면적_km_GADM"":null,""경계_좌표_산출근거"":""전국 집계값 — 좌표·폴리곤 없음."",""경계_폴리곤_파일"":null,""경작지_면적_km"":null,""관목_면적_km"":null,""기후기술_연계_근거"":""간접 · 원천 자체 분류 — ESA WorldCover 가 토지피복 등급을 Tree cover·Cropland·Built-up 등으로 정의·배포하며, 수목 피복 면적은 탄소 흡수원의 물리적 기반, 경작지·건물 면적은 토지이용 변화의 기준이 됨. 주 기술 23(탄소 흡수원), 부 기술 35(산림·생태계 부문 기술) — 2026-08-28 발주처 지시에 따라 tech_id에 ';'로 연결해 복수 기입. [근거자료] ESA_WorldCover_10m_2021_v200_*_Map.tif (Discrete Classification, 등급 10~95) · FAOSTAT Land Cover(LC) Item=Artificial surfaces 등"",""나지_희박식생_면적_km"":null,""레코드_키"":""VNM_lc_tree-covered_areas_2022"",""맹그로브_면적_km"":null,""수목_면적_km"":null,""연도"":2022,""영구수체_면적_km"":null,""전국_값"":10925.06,""전국_단위"":""1000 ha"",""전국_지표명"":""토지피복 면적 — 수목 피복지(산림지)"",""지역명_로마자"":""Viet Nam"",""지역명_베트남어"":""Việt Nam"",""초본습지_면적_km"":null,""초지_면적_km"":null,""합계_km"":null,""행정단위"":""Country""}",,전국 · 토지피복 면적 — 수목 피복지(산림지) · [실적치] · FAOSTAT Land Cover · Area from CCI_LC (Flag=E),,,,B-037.xlsx,1.2_entity(레코드형),689,
B-037,"토지피복 분류별 면적[경작지, 산림, 초지, 건물, 수체, 나지]",entity,v124-b-037-entity-00687,B-037_landcover_national,VNM,,,,,,,,,토지피복 면적(CGLS) — 수목 피복지(산림지),,,"{""2025_개편_후_소속_34개_체계"":""전국(개편 무관)"",""건물_인공지표_면적_km"":null,""경계_면적_km_GADM"":null,""경계_좌표_산출근거"":""전국 집계값 — 좌표·폴리곤 없음."",""경계_폴리곤_파일"":null,""경작지_면적_km"":null,""관목_면적_km"":null,""기후기술_연계_근거"":""간접 · 원천 자체 분류 — ESA WorldCover 가 토지피복 등급을 Tree cover·Cropland·Built-up 등으로 정의·배포하며, 수목 피복 면적은 탄소 흡수원의 물리적 기반, 경작지·건물 면적은 토지이용 변화의 기준이 됨. 주 기술 23(탄소 흡수원), 부 기술 35(산림·생태계 부문 기술) — 2026-08-28 발주처 지시에 따라 tech_id에 ';'로 연결해 복수 기입. [근거자료] ESA_WorldCover_10m_2021_v200_*_Map.tif (Discrete Classification, 등급 10~95) · FAOSTAT Land Cover(LC) Item=Artificial surfaces 등"",""나지_희박식생_면적_km"":null,""레코드_키"":""VNM_lc_tree-covered_areas_cgls_2019"",""맹그로브_면적_km"":null,""수목_면적_km"":null,""연도"":2019,""영구수체_면적_km"":null,""전국_값"":null,""전국_단위"":""1000 ha"",""전국_지표명"":""토지피복 면적(CGLS) — 수목 피복지(산림지)"",""지역명_로마자"":""Viet Nam"",""지역명_베트남어"":""Việt Nam"",""초본습지_면적_km"":null,""초지_면적_km"":null,""합계_km"":null,""행정단위"":""Country""}",M03,"전국 · 토지피복 면적(CGLS) — 수목 피복지(산림지) · Copernicus Global Land Service 100m 산출물에 해당 클래스 행은 존재하나 전 연도 값이 공란(원천 Flag=O, 값 미산출)",,,,B-037.xlsx,1.2_entity(레코드형),690,
B-037,"토지피복 분류별 면적[경작지, 산림, 초지, 건물, 수체, 나지]",entity,v124-b-037-entity-00688,B-037_landcover_national,VNM,,,,,,,,,토지피복 면적(MODIS) — 수목 피복지(산림지),,,"{""2025_개편_후_소속_34개_체계"":""전국(개편 무관)"",""건물_인공지표_면적_km"":null,""경계_면적_km_GADM"":null,""경계_좌표_산출근거"":""전국 집계값 — 좌표·폴리곤 없음."",""경계_폴리곤_파일"":null,""경작지_면적_km"":null,""관목_면적_km"":null,""기후기술_연계_근거"":""간접 · 원천 자체 분류 — ESA WorldCover 가 토지피복 등급을 Tree cover·Cropland·Built-up 등으로 정의·배포하며, 수목 피복 면적은 탄소 흡수원의 물리적 기반, 경작지·건물 면적은 토지이용 변화의 기준이 됨. 주 기술 23(탄소 흡수원), 부 기술 35(산림·생태계 부문 기술) — 2026-08-28 발주처 지시에 따라 tech_id에 ';'로 연결해 복수 기입. [근거자료] ESA_WorldCover_10m_2021_v200_*_Map.tif (Discrete Classification, 등급 10~95) · FAOSTAT Land Cover(LC) Item=Artificial surfaces 등"",""나지_희박식생_면적_km"":null,""레코드_키"":""VNM_lc_tree-covered_areas_modis_2001"",""맹그로브_면적_km"":null,""수목_면적_km"":null,""연도"":2001,""영구수체_면적_km"":null,""전국_값"":22124.05,""전국_단위"":""1000 ha"",""전국_지표명"":""토지피복 면적(MODIS) — 수목 피복지(산림지)"",""지역명_로마자"":""Viet Nam"",""지역명_베트남어"":""Việt Nam"",""초본습지_면적_km"":null,""초지_면적_km"":null,""합계_km"":null,""행정단위"":""Country""}",,전국 · 토지피복 면적(MODIS) — 수목 피복지(산림지) · [실적치] · FAOSTAT Land Cover · Area from MODIS (Flag=E),,,,B-037.xlsx,1.2_entity(레코드형),691,
B-037,"토지피복 분류별 면적[경작지, 산림, 초지, 건물, 수체, 나지]",entity,v124-b-037-entity-00689,B-037_landcover_national,VNM,,,,,,,,,토지피복 면적(MODIS) — 수목 피복지(산림지),,,"{""2025_개편_후_소속_34개_체계"":""전국(개편 무관)"",""건물_인공지표_면적_km"":null,""경계_면적_km_GADM"":null,""경계_좌표_산출근거"":""전국 집계값 — 좌표·폴리곤 없음."",""경계_폴리곤_파일"":null,""경작지_면적_km"":null,""관목_면적_km"":null,""기후기술_연계_근거"":""간접 · 원천 자체 분류 — ESA WorldCover 가 토지피복 등급을 Tree cover·Cropland·Built-up 등으로 정의·배포하며, 수목 피복 면적은 탄소 흡수원의 물리적 기반, 경작지·건물 면적은 토지이용 변화의 기준이 됨. 주 기술 23(탄소 흡수원), 부 기술 35(산림·생태계 부문 기술) — 2026-08-28 발주처 지시에 따라 tech_id에 ';'로 연결해 복수 기입. [근거자료] ESA_WorldCover_10m_2021_v200_*_Map.tif (Discrete Classification, 등급 10~95) · FAOSTAT Land Cover(LC) Item=Artificial surfaces 등"",""나지_희박식생_면적_km"":null,""레코드_키"":""VNM_lc_tree-covered_areas_modis_2002"",""맹그로브_면적_km"":null,""수목_면적_km"":null,""연도"":2002,""영구수체_면적_km"":null,""전국_값"":22464.61,""전국_단위"":""1000 ha"",""전국_지표명"":""토지피복 면적(MODIS) — 수목 피복지(산림지)"",""지역명_로마자"":""Viet Nam"",""지역명_베트남어"":""Việt Nam"",""초본습지_면적_km"":null,""초지_면적_km"":null,""합계_km"":null,""행정단위"":""Country""}",,전국 · 토지피복 면적(MODIS) — 수목 피복지(산림지) · [실적치] · FAOSTAT Land Cover · Area from MODIS (Flag=E),,,,B-037.xlsx,1.2_entity(레코드형),692,
B-037,"토지피복 분류별 면적[경작지, 산림, 초지, 건물, 수체, 나지]",entity,v124-b-037-entity-00690,B-037_landcover_national,VNM,,,,,,,,,토지피복 면적(MODIS) — 수목 피복지(산림지),,,"{""2025_개편_후_소속_34개_체계"":""전국(개편 무관)"",""건물_인공지표_면적_km"":null,""경계_면적_km_GADM"":null,""경계_좌표_산출근거"":""전국 집계값 — 좌표·폴리곤 없음."",""경계_폴리곤_파일"":null,""경작지_면적_km"":null,""관목_면적_km"":null,""기후기술_연계_근거"":""간접 · 원천 자체 분류 — ESA WorldCover 가 토지피복 등급을 Tree cover·Cropland·Built-up 등으로 정의·배포하며, 수목 피복 면적은 탄소 흡수원의 물리적 기반, 경작지·건물 면적은 토지이용 변화의 기준이 됨. 주 기술 23(탄소 흡수원), 부 기술 35(산림·생태계 부문 기술) — 2026-08-28 발주처 지시에 따라 tech_id에 ';'로 연결해 복수 기입. [근거자료] ESA_WorldCover_10m_2021_v200_*_Map.tif (Discrete Classification, 등급 10~95) · FAOSTAT Land Cover(LC) Item=Artificial surfaces 등"",""나지_희박식생_면적_km"":null,""레코드_키"":""VNM_lc_tree-covered_areas_modis_2003"",""맹그로브_면적_km"":null,""수목_면적_km"":null,""연도"":2003,""영구수체_면적_km"":null,""전국_값"":22585.74,""전국_단위"":""1000 ha"",""전국_지표명"":""토지피복 면적(MODIS) — 수목 피복지(산림지)"",""지역명_로마자"":""Viet Nam"",""지역명_베트남어"":""Việt Nam"",""초본습지_면적_km"":null,""초지_면적_km"":null,""합계_km"":null,""행정단위"":""Country""}",,전국 · 토지피복 면적(MODIS) — 수목 피복지(산림지) · [실적치] · FAOSTAT Land Cover · Area from MODIS (Flag=E),,,,B-037.xlsx,1.2_entity(레코드형),693,
B-037,"토지피복 분류별 면적[경작지, 산림, 초지, 건물, 수체, 나지]",entity,v124-b-037-entity-00691,B-037_landcover_national,VNM,,,,,,,,,토지피복 면적(MODIS) — 수목 피복지(산림지),,,"{""2025_개편_후_소속_34개_체계"":""전국(개편 무관)"",""건물_인공지표_면적_km"":null,""경계_면적_km_GADM"":null,""경계_좌표_산출근거"":""전국 집계값 — 좌표·폴리곤 없음."",""경계_폴리곤_파일"":null,""경작지_면적_km"":null,""관목_면적_km"":null,""기후기술_연계_근거"":""간접 · 원천 자체 분류 — ESA WorldCover 가 토지피복 등급을 Tree cover·Cropland·Built-up 등으로 정의·배포하며, 수목 피복 면적은 탄소 흡수원의 물리적 기반, 경작지·건물 면적은 토지이용 변화의 기준이 됨. 주 기술 23(탄소 흡수원), 부 기술 35(산림·생태계 부문 기술) — 2026-08-28 발주처 지시에 따라 tech_id에 ';'로 연결해 복수 기입. [근거자료] ESA_WorldCover_10m_2021_v200_*_Map.tif (Discrete Classification, 등급 10~95) · FAOSTAT Land Cover(LC) Item=Artificial surfaces 등"",""나지_희박식생_면적_km"":null,""레코드_키"":""VNM_lc_tree-covered_areas_modis_2004"",""맹그로브_면적_km"":null,""수목_면적_km"":null,""연도"":2004,""영구수체_면적_km"":null,""전국_값"":22477.71,""전국_단위"":""1000 ha"",""전국_지표명"":""토지피복 면적(MODIS) — 수목 피복지(산림지)"",""지역명_로마자"":""Viet Nam"",""지역명_베트남어"":""Việt Nam"",""초본습지_면적_km"":null,""초지_면적_km"":null,""합계_km"":null,""행정단위"":""Country""}",,전국 · 토지피복 면적(MODIS) — 수목 피복지(산림지) · [실적치] · FAOSTAT Land Cover · Area from MODIS (Flag=E),,,,B-037.xlsx,1.2_entity(레코드형),694,
B-037,"토지피복 분류별 면적[경작지, 산림, 초지, 건물, 수체, 나지]",entity,v124-b-037-entity-00692,B-037_landcover_national,VNM,,,,,,,,,토지피복 면적(MODIS) — 수목 피복지(산림지),,,"{""2025_개편_후_소속_34개_체계"":""전국(개편 무관)"",""건물_인공지표_면적_km"":null,""경계_면적_km_GADM"":null,""경계_좌표_산출근거"":""전국 집계값 — 좌표·폴리곤 없음."",""경계_폴리곤_파일"":null,""경작지_면적_km"":null,""관목_면적_km"":null,""기후기술_연계_근거"":""간접 · 원천 자체 분류 — ESA WorldCover 가 토지피복 등급을 Tree cover·Cropland·Built-up 등으로 정의·배포하며, 수목 피복 면적은 탄소 흡수원의 물리적 기반, 경작지·건물 면적은 토지이용 변화의 기준이 됨. 주 기술 23(탄소 흡수원), 부 기술 35(산림·생태계 부문 기술) — 2026-08-28 발주처 지시에 따라 tech_id에 ';'로 연결해 복수 기입. [근거자료] ESA_WorldCover_10m_2021_v200_*_Map.tif (Discrete Classification, 등급 10~95) · FAOSTAT Land Cover(LC) Item=Artificial surfaces 등"",""나지_희박식생_면적_km"":null,""레코드_키"":""VNM_lc_tree-covered_areas_modis_2005"",""맹그로브_면적_km"":null,""수목_면적_km"":null,""연도"":2005,""영구수체_면적_km"":null,""전국_값"":22420.33,""전국_단위"":""1000 ha"",""전국_지표명"":""토지피복 면적(MODIS) — 수목 피복지(산림지)"",""지역명_로마자"":""Viet Nam"",""지역명_베트남어"":""Việt Nam"",""초본습지_면적_km"":null,""초지_면적_km"":null,""합계_km"":null,""행정단위"":""Country""}",,전국 · 토지피복 면적(MODIS) — 수목 피복지(산림지) · [실적치] · FAOSTAT Land Cover · Area from MODIS (Flag=E),,,,B-037.xlsx,1.2_entity(레코드형),695,
B-037,"토지피복 분류별 면적[경작지, 산림, 초지, 건물, 수체, 나지]",entity,v124-b-037-entity-00693,B-037_landcover_national,VNM,,,,,,,,,토지피복 면적(MODIS) — 수목 피복지(산림지),,,"{""2025_개편_후_소속_34개_체계"":""전국(개편 무관)"",""건물_인공지표_면적_km"":null,""경계_면적_km_GADM"":null,""경계_좌표_산출근거"":""전국 집계값 — 좌표·폴리곤 없음."",""경계_폴리곤_파일"":null,""경작지_면적_km"":null,""관목_면적_km"":null,""기후기술_연계_근거"":""간접 · 원천 자체 분류 — ESA WorldCover 가 토지피복 등급을 Tree cover·Cropland·Built-up 등으로 정의·배포하며, 수목 피복 면적은 탄소 흡수원의 물리적 기반, 경작지·건물 면적은 토지이용 변화의 기준이 됨. 주 기술 23(탄소 흡수원), 부 기술 35(산림·생태계 부문 기술) — 2026-08-28 발주처 지시에 따라 tech_id에 ';'로 연결해 복수 기입. [근거자료] ESA_WorldCover_10m_2021_v200_*_Map.tif (Discrete Classification, 등급 10~95) · FAOSTAT Land Cover(LC) Item=Artificial surfaces 등"",""나지_희박식생_면적_km"":null,""레코드_키"":""VNM_lc_tree-covered_areas_modis_2006"",""맹그로브_면적_km"":null,""수목_면적_km"":null,""연도"":2006,""영구수체_면적_km"":null,""전국_값"":22543.35,""전국_단위"":""1000 ha"",""전국_지표명"":""토지피복 면적(MODIS) — 수목 피복지(산림지)"",""지역명_로마자"":""Viet Nam"",""지역명_베트남어"":""Việt Nam"",""초본습지_면적_km"":null,""초지_면적_km"":null,""합계_km"":null,""행정단위"":""Country""}",,전국 · 토지피복 면적(MODIS) — 수목 피복지(산림지) · [실적치] · FAOSTAT Land Cover · Area from MODIS (Flag=E),,,,B-037.xlsx,1.2_entity(레코드형),696,
B-037,"토지피복 분류별 면적[경작지, 산림, 초지, 건물, 수체, 나지]",entity,v124-b-037-entity-00694,B-037_landcover_national,VNM,,,,,,,,,토지피복 면적(MODIS) — 수목 피복지(산림지),,,"{""2025_개편_후_소속_34개_체계"":""전국(개편 무관)"",""건물_인공지표_면적_km"":null,""경계_면적_km_GADM"":null,""경계_좌표_산출근거"":""전국 집계값 — 좌표·폴리곤 없음."",""경계_폴리곤_파일"":null,""경작지_면적_km"":null,""관목_면적_km"":null,""기후기술_연계_근거"":""간접 · 원천 자체 분류 — ESA WorldCover 가 토지피복 등급을 Tree cover·Cropland·Built-up 등으로 정의·배포하며, 수목 피복 면적은 탄소 흡수원의 물리적 기반, 경작지·건물 면적은 토지이용 변화의 기준이 됨. 주 기술 23(탄소 흡수원), 부 기술 35(산림·생태계 부문 기술) — 2026-08-28 발주처 지시에 따라 tech_id에 ';'로 연결해 복수 기입. [근거자료] ESA_WorldCover_10m_2021_v200_*_Map.tif (Discrete Classification, 등급 10~95) · FAOSTAT Land Cover(LC) Item=Artificial surfaces 등"",""나지_희박식생_면적_km"":null,""레코드_키"":""VNM_lc_tree-covered_areas_modis_2007"",""맹그로브_면적_km"":null,""수목_면적_km"":null,""연도"":2007,""영구수체_면적_km"":null,""전국_값"":22525.93,""전국_단위"":""1000 ha"",""전국_지표명"":""토지피복 면적(MODIS) — 수목 피복지(산림지)"",""지역명_로마자"":""Viet Nam"",""지역명_베트남어"":""Việt Nam"",""초본습지_면적_km"":null,""초지_면적_km"":null,""합계_km"":null,""행정단위"":""Country""}",,전국 · 토지피복 면적(MODIS) — 수목 피복지(산림지) · [실적치] · FAOSTAT Land Cover · Area from MODIS (Flag=E),,,,B-037.xlsx,1.2_entity(레코드형),697,
B-037,"토지피복 분류별 면적[경작지, 산림, 초지, 건물, 수체, 나지]",entity,v124-b-037-entity-00695,B-037_landcover_national,VNM,,,,,,,,,토지피복 면적(MODIS) — 수목 피복지(산림지),,,"{""2025_개편_후_소속_34개_체계"":""전국(개편 무관)"",""건물_인공지표_면적_km"":null,""경계_면적_km_GADM"":null,""경계_좌표_산출근거"":""전국 집계값 — 좌표·폴리곤 없음."",""경계_폴리곤_파일"":null,""경작지_면적_km"":null,""관목_면적_km"":null,""기후기술_연계_근거"":""간접 · 원천 자체 분류 — ESA WorldCover 가 토지피복 등급을 Tree cover·Cropland·Built-up 등으로 정의·배포하며, 수목 피복 면적은 탄소 흡수원의 물리적 기반, 경작지·건물 면적은 토지이용 변화의 기준이 됨. 주 기술 23(탄소 흡수원), 부 기술 35(산림·생태계 부문 기술) — 2026-08-28 발주처 지시에 따라 tech_id에 ';'로 연결해 복수 기입. [근거자료] ESA_WorldCover_10m_2021_v200_*_Map.tif (Discrete Classification, 등급 10~95) · FAOSTAT Land Cover(LC) Item=Artificial surfaces 등"",""나지_희박식생_면적_km"":null,""레코드_키"":""VNM_lc_tree-covered_areas_modis_2008"",""맹그로브_면적_km"":null,""수목_면적_km"":null,""연도"":2008,""영구수체_면적_km"":null,""전국_값"":22567.58,""전국_단위"":""1000 ha"",""전국_지표명"":""토지피복 면적(MODIS) — 수목 피복지(산림지)"",""지역명_로마자"":""Viet Nam"",""지역명_베트남어"":""Việt Nam"",""초본습지_면적_km"":null,""초지_면적_km"":null,""합계_km"":null,""행정단위"":""Country""}",,전국 · 토지피복 면적(MODIS) — 수목 피복지(산림지) · [실적치] · FAOSTAT Land Cover · Area from MODIS (Flag=E),,,,B-037.xlsx,1.2_entity(레코드형),698,
B-037,"토지피복 분류별 면적[경작지, 산림, 초지, 건물, 수체, 나지]",entity,v124-b-037-entity-00696,B-037_landcover_national,VNM,,,,,,,,,토지피복 면적(MODIS) — 수목 피복지(산림지),,,"{""2025_개편_후_소속_34개_체계"":""전국(개편 무관)"",""건물_인공지표_면적_km"":null,""경계_면적_km_GADM"":null,""경계_좌표_산출근거"":""전국 집계값 — 좌표·폴리곤 없음."",""경계_폴리곤_파일"":null,""경작지_면적_km"":null,""관목_면적_km"":null,""기후기술_연계_근거"":""간접 · 원천 자체 분류 — ESA WorldCover 가 토지피복 등급을 Tree cover·Cropland·Built-up 등으로 정의·배포하며, 수목 피복 면적은 탄소 흡수원의 물리적 기반, 경작지·건물 면적은 토지이용 변화의 기준이 됨. 주 기술 23(탄소 흡수원), 부 기술 35(산림·생태계 부문 기술) — 2026-08-28 발주처 지시에 따라 tech_id에 ';'로 연결해 복수 기입. [근거자료] ESA_WorldCover_10m_2021_v200_*_Map.tif (Discrete Classification, 등급 10~95) · FAOSTAT Land Cover(LC) Item=Artificial surfaces 등"",""나지_희박식생_면적_km"":null,""레코드_키"":""VNM_lc_tree-covered_areas_modis_2009"",""맹그로브_면적_km"":null,""수목_면적_km"":null,""연도"":2009,""영구수체_면적_km"":null,""전국_값"":22661.74,""전국_단위"":""1000 ha"",""전국_지표명"":""토지피복 면적(MODIS) — 수목 피복지(산림지)"",""지역명_로마자"":""Viet Nam"",""지역명_베트남어"":""Việt Nam"",""초본습지_면적_km"":null,""초지_면적_km"":null,""합계_km"":null,""행정단위"":""Country""}",,전국 · 토지피복 면적(MODIS) — 수목 피복지(산림지) · [실적치] · FAOSTAT Land Cover · Area from MODIS (Flag=E),,,,B-037.xlsx,1.2_entity(레코드형),699,
B-037,"토지피복 분류별 면적[경작지, 산림, 초지, 건물, 수체, 나지]",entity,v124-b-037-entity-00697,B-037_landcover_national,VNM,,,,,,,,,토지피복 면적(MODIS) — 수목 피복지(산림지),,,"{""2025_개편_후_소속_34개_체계"":""전국(개편 무관)"",""건물_인공지표_면적_km"":null,""경계_면적_km_GADM"":null,""경계_좌표_산출근거"":""전국 집계값 — 좌표·폴리곤 없음."",""경계_폴리곤_파일"":null,""경작지_면적_km"":null,""관목_면적_km"":null,""기후기술_연계_근거"":""간접 · 원천 자체 분류 — ESA WorldCover 가 토지피복 등급을 Tree cover·Cropland·Built-up 등으로 정의·배포하며, 수목 피복 면적은 탄소 흡수원의 물리적 기반, 경작지·건물 면적은 토지이용 변화의 기준이 됨. 주 기술 23(탄소 흡수원), 부 기술 35(산림·생태계 부문 기술) — 2026-08-28 발주처 지시에 따라 tech_id에 ';'로 연결해 복수 기입. [근거자료] ESA_WorldCover_10m_2021_v200_*_Map.tif (Discrete Classification, 등급 10~95) · FAOSTAT Land Cover(LC) Item=Artificial surfaces 등"",""나지_희박식생_면적_km"":null,""레코드_키"":""VNM_lc_tree-covered_areas_modis_2010"",""맹그로브_면적_km"":null,""수목_면적_km"":null,""연도"":2010,""영구수체_면적_km"":null,""전국_값"":22657.03,""전국_단위"":""1000 ha"",""전국_지표명"":""토지피복 면적(MODIS) — 수목 피복지(산림지)"",""지역명_로마자"":""Viet Nam"",""지역명_베트남어"":""Việt Nam"",""초본습지_면적_km"":null,""초지_면적_km"":null,""합계_km"":null,""행정단위"":""Country""}",,전국 · 토지피복 면적(MODIS) — 수목 피복지(산림지) · [실적치] · FAOSTAT Land Cover · Area from MODIS (Flag=E),,,,B-037.xlsx,1.2_entity(레코드형),700,
B-037,"토지피복 분류별 면적[경작지, 산림, 초지, 건물, 수체, 나지]",entity,v124-b-037-entity-00698,B-037_landcover_national,VNM,,,,,,,,,토지피복 면적(MODIS) — 수목 피복지(산림지),,,"{""2025_개편_후_소속_34개_체계"":""전국(개편 무관)"",""건물_인공지표_면적_km"":null,""경계_면적_km_GADM"":null,""경계_좌표_산출근거"":""전국 집계값 — 좌표·폴리곤 없음."",""경계_폴리곤_파일"":null,""경작지_면적_km"":null,""관목_면적_km"":null,""기후기술_연계_근거"":""간접 · 원천 자체 분류 — ESA WorldCover 가 토지피복 등급을 Tree cover·Cropland·Built-up 등으로 정의·배포하며, 수목 피복 면적은 탄소 흡수원의 물리적 기반, 경작지·건물 면적은 토지이용 변화의 기준이 됨. 주 기술 23(탄소 흡수원), 부 기술 35(산림·생태계 부문 기술) — 2026-08-28 발주처 지시에 따라 tech_id에 ';'로 연결해 복수 기입. [근거자료] ESA_WorldCover_10m_2021_v200_*_Map.tif (Discrete Classification, 등급 10~95) · FAOSTAT Land Cover(LC) Item=Artificial surfaces 등"",""나지_희박식생_면적_km"":null,""레코드_키"":""VNM_lc_tree-covered_areas_modis_2011"",""맹그로브_면적_km"":null,""수목_면적_km"":null,""연도"":2011,""영구수체_면적_km"":null,""전국_값"":22762.43,""전국_단위"":""1000 ha"",""전국_지표명"":""토지피복 면적(MODIS) — 수목 피복지(산림지)"",""지역명_로마자"":""Viet Nam"",""지역명_베트남어"":""Việt Nam"",""초본습지_면적_km"":null,""초지_면적_km"":null,""합계_km"":null,""행정단위"":""Country""}",,전국 · 토지피복 면적(MODIS) — 수목 피복지(산림지) · [실적치] · FAOSTAT Land Cover · Area from MODIS (Flag=E),,,,B-037.xlsx,1.2_entity(레코드형),701,
B-037,"토지피복 분류별 면적[경작지, 산림, 초지, 건물, 수체, 나지]",entity,v124-b-037-entity-00699,B-037_landcover_national,VNM,,,,,,,,,토지피복 면적(MODIS) — 수목 피복지(산림지),,,"{""2025_개편_후_소속_34개_체계"":""전국(개편 무관)"",""건물_인공지표_면적_km"":null,""경계_면적_km_GADM"":null,""경계_좌표_산출근거"":""전국 집계값 — 좌표·폴리곤 없음."",""경계_폴리곤_파일"":null,""경작지_면적_km"":null,""관목_면적_km"":null,""기후기술_연계_근거"":""간접 · 원천 자체 분류 — ESA WorldCover 가 토지피복 등급을 Tree cover·Cropland·Built-up 등으로 정의·배포하며, 수목 피복 면적은 탄소 흡수원의 물리적 기반, 경작지·건물 면적은 토지이용 변화의 기준이 됨. 주 기술 23(탄소 흡수원), 부 기술 35(산림·생태계 부문 기술) — 2026-08-28 발주처 지시에 따라 tech_id에 ';'로 연결해 복수 기입. [근거자료] ESA_WorldCover_10m_2021_v200_*_Map.tif (Discrete Classification, 등급 10~95) · FAOSTAT Land Cover(LC) Item=Artificial surfaces 등"",""나지_희박식생_면적_km"":null,""레코드_키"":""VNM_lc_tree-covered_areas_modis_2012"",""맹그로브_면적_km"":null,""수목_면적_km"":null,""연도"":2012,""영구수체_면적_km"":null,""전국_값"":22802.45,""전국_단위"":""1000 ha"",""전국_지표명"":""토지피복 면적(MODIS) — 수목 피복지(산림지)"",""지역명_로마자"":""Viet Nam"",""지역명_베트남어"":""Việt Nam"",""초본습지_면적_km"":null,""초지_면적_km"":null,""합계_km"":null,""행정단위"":""Country""}",,전국 · 토지피복 면적(MODIS) — 수목 피복지(산림지) · [실적치] · FAOSTAT Land Cover · Area from MODIS (Flag=E),,,,B-037.xlsx,1.2_entity(레코드형),702,
B-037,"토지피복 분류별 면적[경작지, 산림, 초지, 건물, 수체, 나지]",entity,v124-b-037-entity-00700,B-037_landcover_national,VNM,,,,,,,,,토지피복 면적(MODIS) — 수목 피복지(산림지),,,"{""2025_개편_후_소속_34개_체계"":""전국(개편 무관)"",""건물_인공지표_면적_km"":null,""경계_면적_km_GADM"":null,""경계_좌표_산출근거"":""전국 집계값 — 좌표·폴리곤 없음."",""경계_폴리곤_파일"":null,""경작지_면적_km"":null,""관목_면적_km"":null,""기후기술_연계_근거"":""간접 · 원천 자체 분류 — ESA WorldCover 가 토지피복 등급을 Tree cover·Cropland·Built-up 등으로 정의·배포하며, 수목 피복 면적은 탄소 흡수원의 물리적 기반, 경작지·건물 면적은 토지이용 변화의 기준이 됨. 주 기술 23(탄소 흡수원), 부 기술 35(산림·생태계 부문 기술) — 2026-08-28 발주처 지시에 따라 tech_id에 ';'로 연결해 복수 기입. [근거자료] ESA_WorldCover_10m_2021_v200_*_Map.tif (Discrete Classification, 등급 10~95) · FAOSTAT Land Cover(LC) Item=Artificial surfaces 등"",""나지_희박식생_면적_km"":null,""레코드_키"":""VNM_lc_tree-covered_areas_modis_2013"",""맹그로브_면적_km"":null,""수목_면적_km"":null,""연도"":2013,""영구수체_면적_km"":null,""전국_값"":22861.54,""전국_단위"":""1000 ha"",""전국_지표명"":""토지피복 면적(MODIS) — 수목 피복지(산림지)"",""지역명_로마자"":""Viet Nam"",""지역명_베트남어"":""Việt Nam"",""초본습지_면적_km"":null,""초지_면적_km"":null,""합계_km"":null,""행정단위"":""Country""}",,전국 · 토지피복 면적(MODIS) — 수목 피복지(산림지) · [실적치] · FAOSTAT Land Cover · Area from MODIS (Flag=E),,,,B-037.xlsx,1.2_entity(레코드형),703,
B-037,"토지피복 분류별 면적[경작지, 산림, 초지, 건물, 수체, 나지]",entity,v124-b-037-entity-00701,B-037_landcover_national,VNM,,,,,,,,,토지피복 면적(MODIS) — 수목 피복지(산림지),,,"{""2025_개편_후_소속_34개_체계"":""전국(개편 무관)"",""건물_인공지표_면적_km"":null,""경계_면적_km_GADM"":null,""경계_좌표_산출근거"":""전국 집계값 — 좌표·폴리곤 없음."",""경계_폴리곤_파일"":null,""경작지_면적_km"":null,""관목_면적_km"":null,""기후기술_연계_근거"":""간접 · 원천 자체 분류 — ESA WorldCover 가 토지피복 등급을 Tree cover·Cropland·Built-up 등으로 정의·배포하며, 수목 피복 면적은 탄소 흡수원의 물리적 기반, 경작지·건물 면적은 토지이용 변화의 기준이 됨. 주 기술 23(탄소 흡수원), 부 기술 35(산림·생태계 부문 기술) — 2026-08-28 발주처 지시에 따라 tech_id에 ';'로 연결해 복수 기입. [근거자료] ESA_WorldCover_10m_2021_v200_*_Map.tif (Discrete Classification, 등급 10~95) · FAOSTAT Land Cover(LC) Item=Artificial surfaces 등"",""나지_희박식생_면적_km"":null,""레코드_키"":""VNM_lc_tree-covered_areas_modis_2014"",""맹그로브_면적_km"":null,""수목_면적_km"":null,""연도"":2014,""영구수체_면적_km"":null,""전국_값"":22721.91,""전국_단위"":""1000 ha"",""전국_지표명"":""토지피복 면적(MODIS) — 수목 피복지(산림지)"",""지역명_로마자"":""Viet Nam"",""지역명_베트남어"":""Việt Nam"",""초본습지_면적_km"":null,""초지_면적_km"":null,""합계_km"":null,""행정단위"":""Country""}",,전국 · 토지피복 면적(MODIS) — 수목 피복지(산림지) · [실적치] · FAOSTAT Land Cover · Area from MODIS (Flag=E),,,,B-037.xlsx,1.2_entity(레코드형),704,
B-037,"토지피복 분류별 면적[경작지, 산림, 초지, 건물, 수체, 나지]",entity,v124-b-037-entity-00702,B-037_landcover_national,VNM,,,,,,,,,토지피복 면적(MODIS) — 수목 피복지(산림지),,,"{""2025_개편_후_소속_34개_체계"":""전국(개편 무관)"",""건물_인공지표_면적_km"":null,""경계_면적_km_GADM"":null,""경계_좌표_산출근거"":""전국 집계값 — 좌표·폴리곤 없음."",""경계_폴리곤_파일"":null,""경작지_면적_km"":null,""관목_면적_km"":null,""기후기술_연계_근거"":""간접 · 원천 자체 분류 — ESA WorldCover 가 토지피복 등급을 Tree cover·Cropland·Built-up 등으로 정의·배포하며, 수목 피복 면적은 탄소 흡수원의 물리적 기반, 경작지·건물 면적은 토지이용 변화의 기준이 됨. 주 기술 23(탄소 흡수원), 부 기술 35(산림·생태계 부문 기술) — 2026-08-28 발주처 지시에 따라 tech_id에 ';'로 연결해 복수 기입. [근거자료] ESA_WorldCover_10m_2021_v200_*_Map.tif (Discrete Classification, 등급 10~95) · FAOSTAT Land Cover(LC) Item=Artificial surfaces 등"",""나지_희박식생_면적_km"":null,""레코드_키"":""VNM_lc_tree-covered_areas_modis_2015"",""맹그로브_면적_km"":null,""수목_면적_km"":null,""연도"":2015,""영구수체_면적_km"":null,""전국_값"":22667.88,""전국_단위"":""1000 ha"",""전국_지표명"":""토지피복 면적(MODIS) — 수목 피복지(산림지)"",""지역명_로마자"":""Viet Nam"",""지역명_베트남어"":""Việt Nam"",""초본습지_면적_km"":null,""초지_면적_km"":null,""합계_km"":null,""행정단위"":""Country""}",,전국 · 토지피복 면적(MODIS) — 수목 피복지(산림지) · [실적치] · FAOSTAT Land Cover · Area from MODIS (Flag=E),,,,B-037.xlsx,1.2_entity(레코드형),705,
B-037,"토지피복 분류별 면적[경작지, 산림, 초지, 건물, 수체, 나지]",entity,v124-b-037-entity-00703,B-037_landcover_national,VNM,,,,,,,,,토지피복 면적(MODIS) — 수목 피복지(산림지),,,"{""2025_개편_후_소속_34개_체계"":""전국(개편 무관)"",""건물_인공지표_면적_km"":null,""경계_면적_km_GADM"":null,""경계_좌표_산출근거"":""전국 집계값 — 좌표·폴리곤 없음."",""경계_폴리곤_파일"":null,""경작지_면적_km"":null,""관목_면적_km"":null,""기후기술_연계_근거"":""간접 · 원천 자체 분류 — ESA WorldCover 가 토지피복 등급을 Tree cover·Cropland·Built-up 등으로 정의·배포하며, 수목 피복 면적은 탄소 흡수원의 물리적 기반, 경작지·건물 면적은 토지이용 변화의 기준이 됨. 주 기술 23(탄소 흡수원), 부 기술 35(산림·생태계 부문 기술) — 2026-08-28 발주처 지시에 따라 tech_id에 ';'로 연결해 복수 기입. [근거자료] ESA_WorldCover_10m_2021_v200_*_Map.tif (Discrete Classification, 등급 10~95) · FAOSTAT Land Cover(LC) Item=Artificial surfaces 등"",""나지_희박식생_면적_km"":null,""레코드_키"":""VNM_lc_tree-covered_areas_modis_2016"",""맹그로브_면적_km"":null,""수목_면적_km"":null,""연도"":2016,""영구수체_면적_km"":null,""전국_값"":22644.59,""전국_단위"":""1000 ha"",""전국_지표명"":""토지피복 면적(MODIS) — 수목 피복지(산림지)"",""지역명_로마자"":""Viet Nam"",""지역명_베트남어"":""Việt Nam"",""초본습지_면적_km"":null,""초지_면적_km"":null,""합계_km"":null,""행정단위"":""Country""}",,전국 · 토지피복 면적(MODIS) — 수목 피복지(산림지) · [실적치] · FAOSTAT Land Cover · Area from MODIS (Flag=E),,,,B-037.xlsx,1.2_entity(레코드형),706,
B-037,"토지피복 분류별 면적[경작지, 산림, 초지, 건물, 수체, 나지]",entity,v124-b-037-entity-00704,B-037_landcover_national,VNM,,,,,,,,,토지피복 면적(MODIS) — 수목 피복지(산림지),,,"{""2025_개편_후_소속_34개_체계"":""전국(개편 무관)"",""건물_인공지표_면적_km"":null,""경계_면적_km_GADM"":null,""경계_좌표_산출근거"":""전국 집계값 — 좌표·폴리곤 없음."",""경계_폴리곤_파일"":null,""경작지_면적_km"":null,""관목_면적_km"":null,""기후기술_연계_근거"":""간접 · 원천 자체 분류 — ESA WorldCover 가 토지피복 등급을 Tree cover·Cropland·Built-up 등으로 정의·배포하며, 수목 피복 면적은 탄소 흡수원의 물리적 기반, 경작지·건물 면적은 토지이용 변화의 기준이 됨. 주 기술 23(탄소 흡수원), 부 기술 35(산림·생태계 부문 기술) — 2026-08-28 발주처 지시에 따라 tech_id에 ';'로 연결해 복수 기입. [근거자료] ESA_WorldCover_10m_2021_v200_*_Map.tif (Discrete Classification, 등급 10~95) · FAOSTAT Land Cover(LC) Item=Artificial surfaces 등"",""나지_희박식생_면적_km"":null,""레코드_키"":""VNM_lc_tree-covered_areas_modis_2017"",""맹그로브_면적_km"":null,""수목_면적_km"":null,""연도"":2017,""영구수체_면적_km"":null,""전국_값"":22858.98,""전국_단위"":""1000 ha"",""전국_지표명"":""토지피복 면적(MODIS) — 수목 피복지(산림지)"",""지역명_로마자"":""Viet Nam"",""지역명_베트남어"":""Việt Nam"",""초본습지_면적_km"":null,""초지_면적_km"":null,""합계_km"":null,""행정단위"":""Country""}",,전국 · 토지피복 면적(MODIS) — 수목 피복지(산림지) · [실적치] · FAOSTAT Land Cover · Area from MODIS (Flag=E),,,,B-037.xlsx,1.2_entity(레코드형),707,
B-037,"토지피복 분류별 면적[경작지, 산림, 초지, 건물, 수체, 나지]",entity,v124-b-037-entity-00705,B-037_landcover_national,VNM,,,,,,,,,토지피복 면적(MODIS) — 수목 피복지(산림지),,,"{""2025_개편_후_소속_34개_체계"":""전국(개편 무관)"",""건물_인공지표_면적_km"":null,""경계_면적_km_GADM"":null,""경계_좌표_산출근거"":""전국 집계값 — 좌표·폴리곤 없음."",""경계_폴리곤_파일"":null,""경작지_면적_km"":null,""관목_면적_km"":null,""기후기술_연계_근거"":""간접 · 원천 자체 분류 — ESA WorldCover 가 토지피복 등급을 Tree cover·Cropland·Built-up 등으로 정의·배포하며, 수목 피복 면적은 탄소 흡수원의 물리적 기반, 경작지·건물 면적은 토지이용 변화의 기준이 됨. 주 기술 23(탄소 흡수원), 부 기술 35(산림·생태계 부문 기술) — 2026-08-28 발주처 지시에 따라 tech_id에 ';'로 연결해 복수 기입. [근거자료] ESA_WorldCover_10m_2021_v200_*_Map.tif (Discrete Classification, 등급 10~95) · FAOSTAT Land Cover(LC) Item=Artificial surfaces 등"",""나지_희박식생_면적_km"":null,""레코드_키"":""VNM_lc_tree-covered_areas_modis_2018"",""맹그로브_면적_km"":null,""수목_면적_km"":null,""연도"":2018,""영구수체_면적_km"":null,""전국_값"":22922.89,""전국_단위"":""1000 ha"",""전국_지표명"":""토지피복 면적(MODIS) — 수목 피복지(산림지)"",""지역명_로마자"":""Viet Nam"",""지역명_베트남어"":""Việt Nam"",""초본습지_면적_km"":null,""초지_면적_km"":null,""합계_km"":null,""행정단위"":""Country""}",,전국 · 토지피복 면적(MODIS) — 수목 피복지(산림지) · [실적치] · FAOSTAT Land Cover · Area from MODIS (Flag=E),,,,B-037.xlsx,1.2_entity(레코드형),708,
B-037,"토지피복 분류별 면적[경작지, 산림, 초지, 건물, 수체, 나지]",entity,v124-b-037-entity-00706,B-037_landcover_national,VNM,,,,,,,,,토지피복 면적(MODIS) — 수목 피복지(산림지),,,"{""2025_개편_후_소속_34개_체계"":""전국(개편 무관)"",""건물_인공지표_면적_km"":null,""경계_면적_km_GADM"":null,""경계_좌표_산출근거"":""전국 집계값 — 좌표·폴리곤 없음."",""경계_폴리곤_파일"":null,""경작지_면적_km"":null,""관목_면적_km"":null,""기후기술_연계_근거"":""간접 · 원천 자체 분류 — ESA WorldCover 가 토지피복 등급을 Tree cover·Cropland·Built-up 등으로 정의·배포하며, 수목 피복 면적은 탄소 흡수원의 물리적 기반, 경작지·건물 면적은 토지이용 변화의 기준이 됨. 주 기술 23(탄소 흡수원), 부 기술 35(산림·생태계 부문 기술) — 2026-08-28 발주처 지시에 따라 tech_id에 ';'로 연결해 복수 기입. [근거자료] ESA_WorldCover_10m_2021_v200_*_Map.tif (Discrete Classification, 등급 10~95) · FAOSTAT Land Cover(LC) Item=Artificial surfaces 등"",""나지_희박식생_면적_km"":null,""레코드_키"":""VNM_lc_tree-covered_areas_modis_2019"",""맹그로브_면적_km"":null,""수목_면적_km"":null,""연도"":2019,""영구수체_면적_km"":null,""전국_값"":23059.94,""전국_단위"":""1000 ha"",""전국_지표명"":""토지피복 면적(MODIS) — 수목 피복지(산림지)"",""지역명_로마자"":""Viet Nam"",""지역명_베트남어"":""Việt Nam"",""초본습지_면적_km"":null,""초지_면적_km"":null,""합계_km"":null,""행정단위"":""Country""}",,전국 · 토지피복 면적(MODIS) — 수목 피복지(산림지) · [실적치] · FAOSTAT Land Cover · Area from MODIS (Flag=E),,,,B-037.xlsx,1.2_entity(레코드형),709,
B-037,"토지피복 분류별 면적[경작지, 산림, 초지, 건물, 수체, 나지]",entity,v124-b-037-entity-00707,B-037_landcover_national,VNM,,,,,,,,,토지피복 면적(MODIS) — 수목 피복지(산림지),,,"{""2025_개편_후_소속_34개_체계"":""전국(개편 무관)"",""건물_인공지표_면적_km"":null,""경계_면적_km_GADM"":null,""경계_좌표_산출근거"":""전국 집계값 — 좌표·폴리곤 없음."",""경계_폴리곤_파일"":null,""경작지_면적_km"":null,""관목_면적_km"":null,""기후기술_연계_근거"":""간접 · 원천 자체 분류 — ESA WorldCover 가 토지피복 등급을 Tree cover·Cropland·Built-up 등으로 정의·배포하며, 수목 피복 면적은 탄소 흡수원의 물리적 기반, 경작지·건물 면적은 토지이용 변화의 기준이 됨. 주 기술 23(탄소 흡수원), 부 기술 35(산림·생태계 부문 기술) — 2026-08-28 발주처 지시에 따라 tech_id에 ';'로 연결해 복수 기입. [근거자료] ESA_WorldCover_10m_2021_v200_*_Map.tif (Discrete Classification, 등급 10~95) · FAOSTAT Land Cover(LC) Item=Artificial surfaces 등"",""나지_희박식생_면적_km"":null,""레코드_키"":""VNM_lc_tree-covered_areas_modis_2020"",""맹그로브_면적_km"":null,""수목_면적_km"":null,""연도"":2020,""영구수체_면적_km"":null,""전국_값"":22988.97,""전국_단위"":""1000 ha"",""전국_지표명"":""토지피복 면적(MODIS) — 수목 피복지(산림지)"",""지역명_로마자"":""Viet Nam"",""지역명_베트남어"":""Việt Nam"",""초본습지_면적_km"":null,""초지_면적_km"":null,""합계_km"":null,""행정단위"":""Country""}",,전국 · 토지피복 면적(MODIS) — 수목 피복지(산림지) · [실적치] · FAOSTAT Land Cover · Area from MODIS (Flag=E),,,,B-037.xlsx,1.2_entity(레코드형),710,
B-037,"토지피복 분류별 면적[경작지, 산림, 초지, 건물, 수체, 나지]",entity,v124-b-037-entity-00708,B-037_landcover_national,VNM,,,,,,,,,토지피복 면적(MODIS) — 수목 피복지(산림지),,,"{""2025_개편_후_소속_34개_체계"":""전국(개편 무관)"",""건물_인공지표_면적_km"":null,""경계_면적_km_GADM"":null,""경계_좌표_산출근거"":""전국 집계값 — 좌표·폴리곤 없음."",""경계_폴리곤_파일"":null,""경작지_면적_km"":null,""관목_면적_km"":null,""기후기술_연계_근거"":""간접 · 원천 자체 분류 — ESA WorldCover 가 토지피복 등급을 Tree cover·Cropland·Built-up 등으로 정의·배포하며, 수목 피복 면적은 탄소 흡수원의 물리적 기반, 경작지·건물 면적은 토지이용 변화의 기준이 됨. 주 기술 23(탄소 흡수원), 부 기술 35(산림·생태계 부문 기술) — 2026-08-28 발주처 지시에 따라 tech_id에 ';'로 연결해 복수 기입. [근거자료] ESA_WorldCover_10m_2021_v200_*_Map.tif (Discrete Classification, 등급 10~95) · FAOSTAT Land Cover(LC) Item=Artificial surfaces 등"",""나지_희박식생_면적_km"":null,""레코드_키"":""VNM_lc_tree-covered_areas_modis_2021"",""맹그로브_면적_km"":null,""수목_면적_km"":null,""연도"":2021,""영구수체_면적_km"":null,""전국_값"":22902.52,""전국_단위"":""1000 ha"",""전국_지표명"":""토지피복 면적(MODIS) — 수목 피복지(산림지)"",""지역명_로마자"":""Viet Nam"",""지역명_베트남어"":""Việt Nam"",""초본습지_면적_km"":null,""초지_면적_km"":null,""합계_km"":null,""행정단위"":""Country""}",,전국 · 토지피복 면적(MODIS) — 수목 피복지(산림지) · [실적치] · FAOSTAT Land Cover · Area from MODIS (Flag=E),,,,B-037.xlsx,1.2_entity(레코드형),711,
B-037,"토지피복 분류별 면적[경작지, 산림, 초지, 건물, 수체, 나지]",entity,v124-b-037-entity-00709,B-037_landcover_national,VNM,,,,,,,,,토지피복 면적(MODIS) — 수목 피복지(산림지),,,"{""2025_개편_후_소속_34개_체계"":""전국(개편 무관)"",""건물_인공지표_면적_km"":null,""경계_면적_km_GADM"":null,""경계_좌표_산출근거"":""전국 집계값 — 좌표·폴리곤 없음."",""경계_폴리곤_파일"":null,""경작지_면적_km"":null,""관목_면적_km"":null,""기후기술_연계_근거"":""간접 · 원천 자체 분류 — ESA WorldCover 가 토지피복 등급을 Tree cover·Cropland·Built-up 등으로 정의·배포하며, 수목 피복 면적은 탄소 흡수원의 물리적 기반, 경작지·건물 면적은 토지이용 변화의 기준이 됨. 주 기술 23(탄소 흡수원), 부 기술 35(산림·생태계 부문 기술) — 2026-08-28 발주처 지시에 따라 tech_id에 ';'로 연결해 복수 기입. [근거자료] ESA_WorldCover_10m_2021_v200_*_Map.tif (Discrete Classification, 등급 10~95) · FAOSTAT Land Cover(LC) Item=Artificial surfaces 등"",""나지_희박식생_면적_km"":null,""레코드_키"":""VNM_lc_tree-covered_areas_modis_2022"",""맹그로브_면적_km"":null,""수목_면적_km"":null,""연도"":2022,""영구수체_면적_km"":null,""전국_값"":22876.61,""전국_단위"":""1000 ha"",""전국_지표명"":""토지피복 면적(MODIS) — 수목 피복지(산림지)"",""지역명_로마자"":""Viet Nam"",""지역명_베트남어"":""Việt Nam"",""초본습지_면적_km"":null,""초지_면적_km"":null,""합계_km"":null,""행정단위"":""Country""}",,전국 · 토지피복 면적(MODIS) — 수목 피복지(산림지) · [실적치] · FAOSTAT Land Cover · Area from MODIS (Flag=E),,,,B-037.xlsx,1.2_entity(레코드형),712,
B-037,"토지피복 분류별 면적[경작지, 산림, 초지, 건물, 수체, 나지]",entity,v124-b-037-entity-00710,B-037_landcover_national,VNM,,,,,,,,,토지피복 면적(MODIS) — 수목 피복지(산림지),,,"{""2025_개편_후_소속_34개_체계"":""전국(개편 무관)"",""건물_인공지표_면적_km"":null,""경계_면적_km_GADM"":null,""경계_좌표_산출근거"":""전국 집계값 — 좌표·폴리곤 없음."",""경계_폴리곤_파일"":null,""경작지_면적_km"":null,""관목_면적_km"":null,""기후기술_연계_근거"":""간접 · 원천 자체 분류 — ESA WorldCover 가 토지피복 등급을 Tree cover·Cropland·Built-up 등으로 정의·배포하며, 수목 피복 면적은 탄소 흡수원의 물리적 기반, 경작지·건물 면적은 토지이용 변화의 기준이 됨. 주 기술 23(탄소 흡수원), 부 기술 35(산림·생태계 부문 기술) — 2026-08-28 발주처 지시에 따라 tech_id에 ';'로 연결해 복수 기입. [근거자료] ESA_WorldCover_10m_2021_v200_*_Map.tif (Discrete Classification, 등급 10~95) · FAOSTAT Land Cover(LC) Item=Artificial surfaces 등"",""나지_희박식생_면적_km"":null,""레코드_키"":""VNM_lc_tree-covered_areas_modis_2023"",""맹그로브_면적_km"":null,""수목_면적_km"":null,""연도"":2023,""영구수체_면적_km"":null,""전국_값"":22983.26,""전국_단위"":""1000 ha"",""전국_지표명"":""토지피복 면적(MODIS) — 수목 피복지(산림지)"",""지역명_로마자"":""Viet Nam"",""지역명_베트남어"":""Việt Nam"",""초본습지_면적_km"":null,""초지_면적_km"":null,""합계_km"":null,""행정단위"":""Country""}",,전국 · 토지피복 면적(MODIS) — 수목 피복지(산림지) · [실적치] · FAOSTAT Land Cover · Area from MODIS (Flag=E),,,,B-037.xlsx,1.2_entity(레코드형),713,
B-037,"토지피복 분류별 면적[경작지, 산림, 초지, 건물, 수체, 나지]",entity,v124-b-037-entity-00711,B-037_landcover_national,VNM,,,,,,,,,토지피복 면적(MODIS) — 수목 피복지(산림지),,,"{""2025_개편_후_소속_34개_체계"":""전국(개편 무관)"",""건물_인공지표_면적_km"":null,""경계_면적_km_GADM"":null,""경계_좌표_산출근거"":""전국 집계값 — 좌표·폴리곤 없음."",""경계_폴리곤_파일"":null,""경작지_면적_km"":null,""관목_면적_km"":null,""기후기술_연계_근거"":""간접 · 원천 자체 분류 — ESA WorldCover 가 토지피복 등급을 Tree cover·Cropland·Built-up 등으로 정의·배포하며, 수목 피복 면적은 탄소 흡수원의 물리적 기반, 경작지·건물 면적은 토지이용 변화의 기준이 됨. 주 기술 23(탄소 흡수원), 부 기술 35(산림·생태계 부문 기술) — 2026-08-28 발주처 지시에 따라 tech_id에 ';'로 연결해 복수 기입. [근거자료] ESA_WorldCover_10m_2021_v200_*_Map.tif (Discrete Classification, 등급 10~95) · FAOSTAT Land Cover(LC) Item=Artificial surfaces 등"",""나지_희박식생_면적_km"":null,""레코드_키"":""VNM_lc_tree-covered_areas_modis_2024"",""맹그로브_면적_km"":null,""수목_면적_km"":null,""연도"":2024,""영구수체_면적_km"":null,""전국_값"":23082.37,""전국_단위"":""1000 ha"",""전국_지표명"":""토지피복 면적(MODIS) — 수목 피복지(산림지)"",""지역명_로마자"":""Viet Nam"",""지역명_베트남어"":""Việt Nam"",""초본습지_면적_km"":null,""초지_면적_km"":null,""합계_km"":null,""행정단위"":""Country""}",,전국 · 토지피복 면적(MODIS) — 수목 피복지(산림지) · [실적치] · FAOSTAT Land Cover · Area from MODIS (Flag=E),,,,B-037.xlsx,1.2_entity(레코드형),714,
B-037,"토지피복 분류별 면적[경작지, 산림, 초지, 건물, 수체, 나지]",entity,v124-b-037-entity-00712,B-037_landcover_national,VNM,,,,,,,,,토지피복 면적(WorldCover) — 수목 피복지(산림지),,,"{""2025_개편_후_소속_34개_체계"":""전국(개편 무관)"",""건물_인공지표_면적_km"":null,""경계_면적_km_GADM"":null,""경계_좌표_산출근거"":""전국 집계값 — 좌표·폴리곤 없음."",""경계_폴리곤_파일"":null,""경작지_면적_km"":null,""관목_면적_km"":null,""기후기술_연계_근거"":""간접 · 원천 자체 분류 — ESA WorldCover 가 토지피복 등급을 Tree cover·Cropland·Built-up 등으로 정의·배포하며, 수목 피복 면적은 탄소 흡수원의 물리적 기반, 경작지·건물 면적은 토지이용 변화의 기준이 됨. 주 기술 23(탄소 흡수원), 부 기술 35(산림·생태계 부문 기술) — 2026-08-28 발주처 지시에 따라 tech_id에 ';'로 연결해 복수 기입. [근거자료] ESA_WorldCover_10m_2021_v200_*_Map.tif (Discrete Classification, 등급 10~95) · FAOSTAT Land Cover(LC) Item=Artificial surfaces 등"",""나지_희박식생_면적_km"":null,""레코드_키"":""VNM_lc_tree-covered_areas_wc_2020"",""맹그로브_면적_km"":null,""수목_면적_km"":null,""연도"":2020,""영구수체_면적_km"":null,""전국_값"":20789.76,""전국_단위"":""1000 ha"",""전국_지표명"":""토지피복 면적(WorldCover) — 수목 피복지(산림지)"",""지역명_로마자"":""Viet Nam"",""지역명_베트남어"":""Việt Nam"",""초본습지_면적_km"":null,""초지_면적_km"":null,""합계_km"":null,""행정단위"":""Country""}",,전국 · 토지피복 면적(WorldCover) — 수목 피복지(산림지) · [실적치] · FAOSTAT Land Cover · Area from WorldCover (Flag=E),,,,B-037.xlsx,1.2_entity(레코드형),715,
B-037,"토지피복 분류별 면적[경작지, 산림, 초지, 건물, 수체, 나지]",entity,v124-b-037-entity-00713,B-037_landcover_national,VNM,,,,,,,,,토지피복 면적(WorldCover) — 수목 피복지(산림지),,,"{""2025_개편_후_소속_34개_체계"":""전국(개편 무관)"",""건물_인공지표_면적_km"":null,""경계_면적_km_GADM"":null,""경계_좌표_산출근거"":""전국 집계값 — 좌표·폴리곤 없음."",""경계_폴리곤_파일"":null,""경작지_면적_km"":null,""관목_면적_km"":null,""기후기술_연계_근거"":""간접 · 원천 자체 분류 — ESA WorldCover 가 토지피복 등급을 Tree cover·Cropland·Built-up 등으로 정의·배포하며, 수목 피복 면적은 탄소 흡수원의 물리적 기반, 경작지·건물 면적은 토지이용 변화의 기준이 됨. 주 기술 23(탄소 흡수원), 부 기술 35(산림·생태계 부문 기술) — 2026-08-28 발주처 지시에 따라 tech_id에 ';'로 연결해 복수 기입. [근거자료] ESA_WorldCover_10m_2021_v200_*_Map.tif (Discrete Classification, 등급 10~95) · FAOSTAT Land Cover(LC) Item=Artificial surfaces 등"",""나지_희박식생_면적_km"":null,""레코드_키"":""VNM_lc_tree-covered_areas_wc_2021"",""맹그로브_면적_km"":null,""수목_면적_km"":null,""연도"":2021,""영구수체_면적_km"":null,""전국_값"":21230.45,""전국_단위"":""1000 ha"",""전국_지표명"":""토지피복 면적(WorldCover) — 수목 피복지(산림지)"",""지역명_로마자"":""Viet Nam"",""지역명_베트남어"":""Việt Nam"",""초본습지_면적_km"":null,""초지_면적_km"":null,""합계_km"":null,""행정단위"":""Country""}",,전국 · 토지피복 면적(WorldCover) — 수목 피복지(산림지) · [실적치] · FAOSTAT Land Cover · Area from WorldCover (Flag=E),,,,B-037.xlsx,1.2_entity(레코드형),716,
B-037,"토지피복 분류별 면적[경작지, 산림, 초지, 건물, 수체, 나지]",entity,v124-b-037-entity-00714,B-037_landcover_national,VNM,,,,,,,,,토지피복 면적 — 목본 작물,,,"{""2025_개편_후_소속_34개_체계"":""전국(개편 무관)"",""건물_인공지표_면적_km"":null,""경계_면적_km_GADM"":null,""경계_좌표_산출근거"":""전국 집계값 — 좌표·폴리곤 없음."",""경계_폴리곤_파일"":null,""경작지_면적_km"":null,""관목_면적_km"":null,""기후기술_연계_근거"":""간접 · 원천 자체 분류 — ESA WorldCover 가 토지피복 등급을 Tree cover·Cropland·Built-up 등으로 정의·배포하며, 수목 피복 면적은 탄소 흡수원의 물리적 기반, 경작지·건물 면적은 토지이용 변화의 기준이 됨. 주 기술 23(탄소 흡수원), 부 기술 35(산림·생태계 부문 기술) — 2026-08-28 발주처 지시에 따라 tech_id에 ';'로 연결해 복수 기입. [근거자료] ESA_WorldCover_10m_2021_v200_*_Map.tif (Discrete Classification, 등급 10~95) · FAOSTAT Land Cover(LC) Item=Artificial surfaces 등"",""나지_희박식생_면적_km"":null,""레코드_키"":""VNM_lc_woody_crops_1992"",""맹그로브_면적_km"":null,""수목_면적_km"":null,""연도"":1992,""영구수체_면적_km"":null,""전국_값"":2160.64,""전국_단위"":""1000 ha"",""전국_지표명"":""토지피복 면적 — 목본 작물"",""지역명_로마자"":""Viet Nam"",""지역명_베트남어"":""Việt Nam"",""초본습지_면적_km"":null,""초지_면적_km"":null,""합계_km"":null,""행정단위"":""Country""}",,전국 · 토지피복 면적 — 목본 작물 · [실적치] · FAOSTAT Land Cover · Area from CCI_LC (Flag=E),,,,B-037.xlsx,1.2_entity(레코드형),717,
B-037,"토지피복 분류별 면적[경작지, 산림, 초지, 건물, 수체, 나지]",entity,v124-b-037-entity-00715,B-037_landcover_national,VNM,,,,,,,,,토지피복 면적 — 목본 작물,,,"{""2025_개편_후_소속_34개_체계"":""전국(개편 무관)"",""건물_인공지표_면적_km"":null,""경계_면적_km_GADM"":null,""경계_좌표_산출근거"":""전국 집계값 — 좌표·폴리곤 없음."",""경계_폴리곤_파일"":null,""경작지_면적_km"":null,""관목_면적_km"":null,""기후기술_연계_근거"":""간접 · 원천 자체 분류 — ESA WorldCover 가 토지피복 등급을 Tree cover·Cropland·Built-up 등으로 정의·배포하며, 수목 피복 면적은 탄소 흡수원의 물리적 기반, 경작지·건물 면적은 토지이용 변화의 기준이 됨. 주 기술 23(탄소 흡수원), 부 기술 35(산림·생태계 부문 기술) — 2026-08-28 발주처 지시에 따라 tech_id에 ';'로 연결해 복수 기입. [근거자료] ESA_WorldCover_10m_2021_v200_*_Map.tif (Discrete Classification, 등급 10~95) · FAOSTAT Land Cover(LC) Item=Artificial surfaces 등"",""나지_희박식생_면적_km"":null,""레코드_키"":""VNM_lc_woody_crops_1993"",""맹그로브_면적_km"":null,""수목_면적_km"":null,""연도"":1993,""영구수체_면적_km"":null,""전국_값"":2233.85,""전국_단위"":""1000 ha"",""전국_지표명"":""토지피복 면적 — 목본 작물"",""지역명_로마자"":""Viet Nam"",""지역명_베트남어"":""Việt Nam"",""초본습지_면적_km"":null,""초지_면적_km"":null,""합계_km"":null,""행정단위"":""Country""}",,전국 · 토지피복 면적 — 목본 작물 · [실적치] · FAOSTAT Land Cover · Area from CCI_LC (Flag=E),,,,B-037.xlsx,1.2_entity(레코드형),718,
B-037,"토지피복 분류별 면적[경작지, 산림, 초지, 건물, 수체, 나지]",entity,v124-b-037-entity-00716,B-037_landcover_national,VNM,,,,,,,,,토지피복 면적 — 목본 작물,,,"{""2025_개편_후_소속_34개_체계"":""전국(개편 무관)"",""건물_인공지표_면적_km"":null,""경계_면적_km_GADM"":null,""경계_좌표_산출근거"":""전국 집계값 — 좌표·폴리곤 없음."",""경계_폴리곤_파일"":null,""경작지_면적_km"":null,""관목_면적_km"":null,""기후기술_연계_근거"":""간접 · 원천 자체 분류 — ESA WorldCover 가 토지피복 등급을 Tree cover·Cropland·Built-up 등으로 정의·배포하며, 수목 피복 면적은 탄소 흡수원의 물리적 기반, 경작지·건물 면적은 토지이용 변화의 기준이 됨. 주 기술 23(탄소 흡수원), 부 기술 35(산림·생태계 부문 기술) — 2026-08-28 발주처 지시에 따라 tech_id에 ';'로 연결해 복수 기입. [근거자료] ESA_WorldCover_10m_2021_v200_*_Map.tif (Discrete Classification, 등급 10~95) · FAOSTAT Land Cover(LC) Item=Artificial surfaces 등"",""나지_희박식생_면적_km"":null,""레코드_키"":""VNM_lc_woody_crops_1994"",""맹그로브_면적_km"":null,""수목_면적_km"":null,""연도"":1994,""영구수체_면적_km"":null,""전국_값"":2403.22,""전국_단위"":""1000 ha"",""전국_지표명"":""토지피복 면적 — 목본 작물"",""지역명_로마자"":""Viet Nam"",""지역명_베트남어"":""Việt Nam"",""초본습지_면적_km"":null,""초지_면적_km"":null,""합계_km"":null,""행정단위"":""Country""}",,전국 · 토지피복 면적 — 목본 작물 · [실적치] · FAOSTAT Land Cover · Area from CCI_LC (Flag=E),,,,B-037.xlsx,1.2_entity(레코드형),719,
B-037,"토지피복 분류별 면적[경작지, 산림, 초지, 건물, 수체, 나지]",entity,v124-b-037-entity-00717,B-037_landcover_national,VNM,,,,,,,,,토지피복 면적 — 목본 작물,,,"{""2025_개편_후_소속_34개_체계"":""전국(개편 무관)"",""건물_인공지표_면적_km"":null,""경계_면적_km_GADM"":null,""경계_좌표_산출근거"":""전국 집계값 — 좌표·폴리곤 없음."",""경계_폴리곤_파일"":null,""경작지_면적_km"":null,""관목_면적_km"":null,""기후기술_연계_근거"":""간접 · 원천 자체 분류 — ESA WorldCover 가 토지피복 등급을 Tree cover·Cropland·Built-up 등으로 정의·배포하며, 수목 피복 면적은 탄소 흡수원의 물리적 기반, 경작지·건물 면적은 토지이용 변화의 기준이 됨. 주 기술 23(탄소 흡수원), 부 기술 35(산림·생태계 부문 기술) — 2026-08-28 발주처 지시에 따라 tech_id에 ';'로 연결해 복수 기입. [근거자료] ESA_WorldCover_10m_2021_v200_*_Map.tif (Discrete Classification, 등급 10~95) · FAOSTAT Land Cover(LC) Item=Artificial surfaces 등"",""나지_희박식생_면적_km"":null,""레코드_키"":""VNM_lc_woody_crops_1995"",""맹그로브_면적_km"":null,""수목_면적_km"":null,""연도"":1995,""영구수체_면적_km"":null,""전국_값"":2476.28,""전국_단위"":""1000 ha"",""전국_지표명"":""토지피복 면적 — 목본 작물"",""지역명_로마자"":""Viet Nam"",""지역명_베트남어"":""Việt Nam"",""초본습지_면적_km"":null,""초지_면적_km"":null,""합계_km"":null,""행정단위"":""Country""}",,전국 · 토지피복 면적 — 목본 작물 · [실적치] · FAOSTAT Land Cover · Area from CCI_LC (Flag=E),,,,B-037.xlsx,1.2_entity(레코드형),720,
B-037,"토지피복 분류별 면적[경작지, 산림, 초지, 건물, 수체, 나지]",entity,v124-b-037-entity-00718,B-037_landcover_national,VNM,,,,,,,,,토지피복 면적 — 목본 작물,,,"{""2025_개편_후_소속_34개_체계"":""전국(개편 무관)"",""건물_인공지표_면적_km"":null,""경계_면적_km_GADM"":null,""경계_좌표_산출근거"":""전국 집계값 — 좌표·폴리곤 없음."",""경계_폴리곤_파일"":null,""경작지_면적_km"":null,""관목_면적_km"":null,""기후기술_연계_근거"":""간접 · 원천 자체 분류 — ESA WorldCover 가 토지피복 등급을 Tree cover·Cropland·Built-up 등으로 정의·배포하며, 수목 피복 면적은 탄소 흡수원의 물리적 기반, 경작지·건물 면적은 토지이용 변화의 기준이 됨. 주 기술 23(탄소 흡수원), 부 기술 35(산림·생태계 부문 기술) — 2026-08-28 발주처 지시에 따라 tech_id에 ';'로 연결해 복수 기입. [근거자료] ESA_WorldCover_10m_2021_v200_*_Map.tif (Discrete Classification, 등급 10~95) · FAOSTAT Land Cover(LC) Item=Artificial surfaces 등"",""나지_희박식생_면적_km"":null,""레코드_키"":""VNM_lc_woody_crops_1996"",""맹그로브_면적_km"":null,""수목_면적_km"":null,""연도"":1996,""영구수체_면적_km"":null,""전국_값"":2577.35,""전국_단위"":""1000 ha"",""전국_지표명"":""토지피복 면적 — 목본 작물"",""지역명_로마자"":""Viet Nam"",""지역명_베트남어"":""Việt Nam"",""초본습지_면적_km"":null,""초지_면적_km"":null,""합계_km"":null,""행정단위"":""Country""}",,전국 · 토지피복 면적 — 목본 작물 · [실적치] · FAOSTAT Land Cover · Area from CCI_LC (Flag=E),,,,B-037.xlsx,1.2_entity(레코드형),721,
B-037,"토지피복 분류별 면적[경작지, 산림, 초지, 건물, 수체, 나지]",entity,v124-b-037-entity-00719,B-037_landcover_national,VNM,,,,,,,,,토지피복 면적 — 목본 작물,,,"{""2025_개편_후_소속_34개_체계"":""전국(개편 무관)"",""건물_인공지표_면적_km"":null,""경계_면적_km_GADM"":null,""경계_좌표_산출근거"":""전국 집계값 — 좌표·폴리곤 없음."",""경계_폴리곤_파일"":null,""경작지_면적_km"":null,""관목_면적_km"":null,""기후기술_연계_근거"":""간접 · 원천 자체 분류 — ESA WorldCover 가 토지피복 등급을 Tree cover·Cropland·Built-up 등으로 정의·배포하며, 수목 피복 면적은 탄소 흡수원의 물리적 기반, 경작지·건물 면적은 토지이용 변화의 기준이 됨. 주 기술 23(탄소 흡수원), 부 기술 35(산림·생태계 부문 기술) — 2026-08-28 발주처 지시에 따라 tech_id에 ';'로 연결해 복수 기입. [근거자료] ESA_WorldCover_10m_2021_v200_*_Map.tif (Discrete Classification, 등급 10~95) · FAOSTAT Land Cover(LC) Item=Artificial surfaces 등"",""나지_희박식생_면적_km"":null,""레코드_키"":""VNM_lc_woody_crops_1997"",""맹그로브_면적_km"":null,""수목_면적_km"":null,""연도"":1997,""영구수체_면적_km"":null,""전국_값"":2670.51,""전국_단위"":""1000 ha"",""전국_지표명"":""토지피복 면적 — 목본 작물"",""지역명_로마자"":""Viet Nam"",""지역명_베트남어"":""Việt Nam"",""초본습지_면적_km"":null,""초지_면적_km"":null,""합계_km"":null,""행정단위"":""Country""}",,전국 · 토지피복 면적 — 목본 작물 · [실적치] · FAOSTAT Land Cover · Area from CCI_LC (Flag=E),,,,B-037.xlsx,1.2_entity(레코드형),722,
B-037,"토지피복 분류별 면적[경작지, 산림, 초지, 건물, 수체, 나지]",entity,v124-b-037-entity-00720,B-037_landcover_national,VNM,,,,,,,,,토지피복 면적 — 목본 작물,,,"{""2025_개편_후_소속_34개_체계"":""전국(개편 무관)"",""건물_인공지표_면적_km"":null,""경계_면적_km_GADM"":null,""경계_좌표_산출근거"":""전국 집계값 — 좌표·폴리곤 없음."",""경계_폴리곤_파일"":null,""경작지_면적_km"":null,""관목_면적_km"":null,""기후기술_연계_근거"":""간접 · 원천 자체 분류 — ESA WorldCover 가 토지피복 등급을 Tree cover·Cropland·Built-up 등으로 정의·배포하며, 수목 피복 면적은 탄소 흡수원의 물리적 기반, 경작지·건물 면적은 토지이용 변화의 기준이 됨. 주 기술 23(탄소 흡수원), 부 기술 35(산림·생태계 부문 기술) — 2026-08-28 발주처 지시에 따라 tech_id에 ';'로 연결해 복수 기입. [근거자료] ESA_WorldCover_10m_2021_v200_*_Map.tif (Discrete Classification, 등급 10~95) · FAOSTAT Land Cover(LC) Item=Artificial surfaces 등"",""나지_희박식생_면적_km"":null,""레코드_키"":""VNM_lc_woody_crops_1998"",""맹그로브_면적_km"":null,""수목_면적_km"":null,""연도"":1998,""영구수체_면적_km"":null,""전국_값"":2806.87,""전국_단위"":""1000 ha"",""전국_지표명"":""토지피복 면적 — 목본 작물"",""지역명_로마자"":""Viet Nam"",""지역명_베트남어"":""Việt Nam"",""초본습지_면적_km"":null,""초지_면적_km"":null,""합계_km"":null,""행정단위"":""Country""}",,전국 · 토지피복 면적 — 목본 작물 · [실적치] · FAOSTAT Land Cover · Area from CCI_LC (Flag=E),,,,B-037.xlsx,1.2_entity(레코드형),723,
B-037,"토지피복 분류별 면적[경작지, 산림, 초지, 건물, 수체, 나지]",entity,v124-b-037-entity-00721,B-037_landcover_national,VNM,,,,,,,,,토지피복 면적 — 목본 작물,,,"{""2025_개편_후_소속_34개_체계"":""전국(개편 무관)"",""건물_인공지표_면적_km"":null,""경계_면적_km_GADM"":null,""경계_좌표_산출근거"":""전국 집계값 — 좌표·폴리곤 없음."",""경계_폴리곤_파일"":null,""경작지_면적_km"":null,""관목_면적_km"":null,""기후기술_연계_근거"":""간접 · 원천 자체 분류 — ESA WorldCover 가 토지피복 등급을 Tree cover·Cropland·Built-up 등으로 정의·배포하며, 수목 피복 면적은 탄소 흡수원의 물리적 기반, 경작지·건물 면적은 토지이용 변화의 기준이 됨. 주 기술 23(탄소 흡수원), 부 기술 35(산림·생태계 부문 기술) — 2026-08-28 발주처 지시에 따라 tech_id에 ';'로 연결해 복수 기입. [근거자료] ESA_WorldCover_10m_2021_v200_*_Map.tif (Discrete Classification, 등급 10~95) · FAOSTAT Land Cover(LC) Item=Artificial surfaces 등"",""나지_희박식생_면적_km"":null,""레코드_키"":""VNM_lc_woody_crops_1999"",""맹그로브_면적_km"":null,""수목_면적_km"":null,""연도"":1999,""영구수체_면적_km"":null,""전국_값"":2897.07,""전국_단위"":""1000 ha"",""전국_지표명"":""토지피복 면적 — 목본 작물"",""지역명_로마자"":""Viet Nam"",""지역명_베트남어"":""Việt Nam"",""초본습지_면적_km"":null,""초지_면적_km"":null,""합계_km"":null,""행정단위"":""Country""}",,전국 · 토지피복 면적 — 목본 작물 · [실적치] · FAOSTAT Land Cover · Area from CCI_LC (Flag=E),,,,B-037.xlsx,1.2_entity(레코드형),724,
B-037,"토지피복 분류별 면적[경작지, 산림, 초지, 건물, 수체, 나지]",entity,v124-b-037-entity-00722,B-037_landcover_national,VNM,,,,,,,,,토지피복 면적 — 목본 작물,,,"{""2025_개편_후_소속_34개_체계"":""전국(개편 무관)"",""건물_인공지표_면적_km"":null,""경계_면적_km_GADM"":null,""경계_좌표_산출근거"":""전국 집계값 — 좌표·폴리곤 없음."",""경계_폴리곤_파일"":null,""경작지_면적_km"":null,""관목_면적_km"":null,""기후기술_연계_근거"":""간접 · 원천 자체 분류 — ESA WorldCover 가 토지피복 등급을 Tree cover·Cropland·Built-up 등으로 정의·배포하며, 수목 피복 면적은 탄소 흡수원의 물리적 기반, 경작지·건물 면적은 토지이용 변화의 기준이 됨. 주 기술 23(탄소 흡수원), 부 기술 35(산림·생태계 부문 기술) — 2026-08-28 발주처 지시에 따라 tech_id에 ';'로 연결해 복수 기입. [근거자료] ESA_WorldCover_10m_2021_v200_*_Map.tif (Discrete Classification, 등급 10~95) · FAOSTAT Land Cover(LC) Item=Artificial surfaces 등"",""나지_희박식생_면적_km"":null,""레코드_키"":""VNM_lc_woody_crops_2000"",""맹그로브_면적_km"":null,""수목_면적_km"":null,""연도"":2000,""영구수체_면적_km"":null,""전국_값"":3041.34,""전국_단위"":""1000 ha"",""전국_지표명"":""토지피복 면적 — 목본 작물"",""지역명_로마자"":""Viet Nam"",""지역명_베트남어"":""Việt Nam"",""초본습지_면적_km"":null,""초지_면적_km"":null,""합계_km"":null,""행정단위"":""Country""}",,전국 · 토지피복 면적 — 목본 작물 · [실적치] · FAOSTAT Land Cover · Area from CCI_LC (Flag=E),,,,B-037.xlsx,1.2_entity(레코드형),725,
B-037,"토지피복 분류별 면적[경작지, 산림, 초지, 건물, 수체, 나지]",entity,v124-b-037-entity-00723,B-037_landcover_national,VNM,,,,,,,,,토지피복 면적 — 목본 작물,,,"{""2025_개편_후_소속_34개_체계"":""전국(개편 무관)"",""건물_인공지표_면적_km"":null,""경계_면적_km_GADM"":null,""경계_좌표_산출근거"":""전국 집계값 — 좌표·폴리곤 없음."",""경계_폴리곤_파일"":null,""경작지_면적_km"":null,""관목_면적_km"":null,""기후기술_연계_근거"":""간접 · 원천 자체 분류 — ESA WorldCover 가 토지피복 등급을 Tree cover·Cropland·Built-up 등으로 정의·배포하며, 수목 피복 면적은 탄소 흡수원의 물리적 기반, 경작지·건물 면적은 토지이용 변화의 기준이 됨. 주 기술 23(탄소 흡수원), 부 기술 35(산림·생태계 부문 기술) — 2026-08-28 발주처 지시에 따라 tech_id에 ';'로 연결해 복수 기입. [근거자료] ESA_WorldCover_10m_2021_v200_*_Map.tif (Discrete Classification, 등급 10~95) · FAOSTAT Land Cover(LC) Item=Artificial surfaces 등"",""나지_희박식생_면적_km"":null,""레코드_키"":""VNM_lc_woody_crops_2001"",""맹그로브_면적_km"":null,""수목_면적_km"":null,""연도"":2001,""영구수체_면적_km"":null,""전국_값"":3180.18,""전국_단위"":""1000 ha"",""전국_지표명"":""토지피복 면적 — 목본 작물"",""지역명_로마자"":""Viet Nam"",""지역명_베트남어"":""Việt Nam"",""초본습지_면적_km"":null,""초지_면적_km"":null,""합계_km"":null,""행정단위"":""Country""}",,전국 · 토지피복 면적 — 목본 작물 · [실적치] · FAOSTAT Land Cover · Area from CCI_LC (Flag=E),,,,B-037.xlsx,1.2_entity(레코드형),726,
B-037,"토지피복 분류별 면적[경작지, 산림, 초지, 건물, 수체, 나지]",entity,v124-b-037-entity-00724,B-037_landcover_national,VNM,,,,,,,,,토지피복 면적 — 목본 작물,,,"{""2025_개편_후_소속_34개_체계"":""전국(개편 무관)"",""건물_인공지표_면적_km"":null,""경계_면적_km_GADM"":null,""경계_좌표_산출근거"":""전국 집계값 — 좌표·폴리곤 없음."",""경계_폴리곤_파일"":null,""경작지_면적_km"":null,""관목_면적_km"":null,""기후기술_연계_근거"":""간접 · 원천 자체 분류 — ESA WorldCover 가 토지피복 등급을 Tree cover·Cropland·Built-up 등으로 정의·배포하며, 수목 피복 면적은 탄소 흡수원의 물리적 기반, 경작지·건물 면적은 토지이용 변화의 기준이 됨. 주 기술 23(탄소 흡수원), 부 기술 35(산림·생태계 부문 기술) — 2026-08-28 발주처 지시에 따라 tech_id에 ';'로 연결해 복수 기입. [근거자료] ESA_WorldCover_10m_2021_v200_*_Map.tif (Discrete Classification, 등급 10~95) · FAOSTAT Land Cover(LC) Item=Artificial surfaces 등"",""나지_희박식생_면적_km"":null,""레코드_키"":""VNM_lc_woody_crops_2002"",""맹그로브_면적_km"":null,""수목_면적_km"":null,""연도"":2002,""영구수체_면적_km"":null,""전국_값"":3225.95,""전국_단위"":""1000 ha"",""전국_지표명"":""토지피복 면적 — 목본 작물"",""지역명_로마자"":""Viet Nam"",""지역명_베트남어"":""Việt Nam"",""초본습지_면적_km"":null,""초지_면적_km"":null,""합계_km"":null,""행정단위"":""Country""}",,전국 · 토지피복 면적 — 목본 작물 · [실적치] · FAOSTAT Land Cover · Area from CCI_LC (Flag=E),,,,B-037.xlsx,1.2_entity(레코드형),727,
B-037,"토지피복 분류별 면적[경작지, 산림, 초지, 건물, 수체, 나지]",entity,v124-b-037-entity-00725,B-037_landcover_national,VNM,,,,,,,,,토지피복 면적 — 목본 작물,,,"{""2025_개편_후_소속_34개_체계"":""전국(개편 무관)"",""건물_인공지표_면적_km"":null,""경계_면적_km_GADM"":null,""경계_좌표_산출근거"":""전국 집계값 — 좌표·폴리곤 없음."",""경계_폴리곤_파일"":null,""경작지_면적_km"":null,""관목_면적_km"":null,""기후기술_연계_근거"":""간접 · 원천 자체 분류 — ESA WorldCover 가 토지피복 등급을 Tree cover·Cropland·Built-up 등으로 정의·배포하며, 수목 피복 면적은 탄소 흡수원의 물리적 기반, 경작지·건물 면적은 토지이용 변화의 기준이 됨. 주 기술 23(탄소 흡수원), 부 기술 35(산림·생태계 부문 기술) — 2026-08-28 발주처 지시에 따라 tech_id에 ';'로 연결해 복수 기입. [근거자료] ESA_WorldCover_10m_2021_v200_*_Map.tif (Discrete Classification, 등급 10~95) · FAOSTAT Land Cover(LC) Item=Artificial surfaces 등"",""나지_희박식생_면적_km"":null,""레코드_키"":""VNM_lc_woody_crops_2003"",""맹그로브_면적_km"":null,""수목_면적_km"":null,""연도"":2003,""영구수체_면적_km"":null,""전국_값"":3349.09,""전국_단위"":""1000 ha"",""전국_지표명"":""토지피복 면적 — 목본 작물"",""지역명_로마자"":""Viet Nam"",""지역명_베트남어"":""Việt Nam"",""초본습지_면적_km"":null,""초지_면적_km"":null,""합계_km"":null,""행정단위"":""Country""}",,전국 · 토지피복 면적 — 목본 작물 · [실적치] · FAOSTAT Land Cover · Area from CCI_LC (Flag=E),,,,B-037.xlsx,1.2_entity(레코드형),728,
B-037,"토지피복 분류별 면적[경작지, 산림, 초지, 건물, 수체, 나지]",entity,v124-b-037-entity-00726,B-037_landcover_national,VNM,,,,,,,,,토지피복 면적 — 목본 작물,,,"{""2025_개편_후_소속_34개_체계"":""전국(개편 무관)"",""건물_인공지표_면적_km"":null,""경계_면적_km_GADM"":null,""경계_좌표_산출근거"":""전국 집계값 — 좌표·폴리곤 없음."",""경계_폴리곤_파일"":null,""경작지_면적_km"":null,""관목_면적_km"":null,""기후기술_연계_근거"":""간접 · 원천 자체 분류 — ESA WorldCover 가 토지피복 등급을 Tree cover·Cropland·Built-up 등으로 정의·배포하며, 수목 피복 면적은 탄소 흡수원의 물리적 기반, 경작지·건물 면적은 토지이용 변화의 기준이 됨. 주 기술 23(탄소 흡수원), 부 기술 35(산림·생태계 부문 기술) — 2026-08-28 발주처 지시에 따라 tech_id에 ';'로 연결해 복수 기입. [근거자료] ESA_WorldCover_10m_2021_v200_*_Map.tif (Discrete Classification, 등급 10~95) · FAOSTAT Land Cover(LC) Item=Artificial surfaces 등"",""나지_희박식생_면적_km"":null,""레코드_키"":""VNM_lc_woody_crops_2004"",""맹그로브_면적_km"":null,""수목_면적_km"":null,""연도"":2004,""영구수체_면적_km"":null,""전국_값"":3785.24,""전국_단위"":""1000 ha"",""전국_지표명"":""토지피복 면적 — 목본 작물"",""지역명_로마자"":""Viet Nam"",""지역명_베트남어"":""Việt Nam"",""초본습지_면적_km"":null,""초지_면적_km"":null,""합계_km"":null,""행정단위"":""Country""}",,전국 · 토지피복 면적 — 목본 작물 · [실적치] · FAOSTAT Land Cover · Area from CCI_LC (Flag=E),,,,B-037.xlsx,1.2_entity(레코드형),729,
B-037,"토지피복 분류별 면적[경작지, 산림, 초지, 건물, 수체, 나지]",entity,v124-b-037-entity-00727,B-037_landcover_national,VNM,,,,,,,,,토지피복 면적 — 목본 작물,,,"{""2025_개편_후_소속_34개_체계"":""전국(개편 무관)"",""건물_인공지표_면적_km"":null,""경계_면적_km_GADM"":null,""경계_좌표_산출근거"":""전국 집계값 — 좌표·폴리곤 없음."",""경계_폴리곤_파일"":null,""경작지_면적_km"":null,""관목_면적_km"":null,""기후기술_연계_근거"":""간접 · 원천 자체 분류 — ESA WorldCover 가 토지피복 등급을 Tree cover·Cropland·Built-up 등으로 정의·배포하며, 수목 피복 면적은 탄소 흡수원의 물리적 기반, 경작지·건물 면적은 토지이용 변화의 기준이 됨. 주 기술 23(탄소 흡수원), 부 기술 35(산림·생태계 부문 기술) — 2026-08-28 발주처 지시에 따라 tech_id에 ';'로 연결해 복수 기입. [근거자료] ESA_WorldCover_10m_2021_v200_*_Map.tif (Discrete Classification, 등급 10~95) · FAOSTAT Land Cover(LC) Item=Artificial surfaces 등"",""나지_희박식생_면적_km"":null,""레코드_키"":""VNM_lc_woody_crops_2005"",""맹그로브_면적_km"":null,""수목_면적_km"":null,""연도"":2005,""영구수체_면적_km"":null,""전국_값"":4193.53,""전국_단위"":""1000 ha"",""전국_지표명"":""토지피복 면적 — 목본 작물"",""지역명_로마자"":""Viet Nam"",""지역명_베트남어"":""Việt Nam"",""초본습지_면적_km"":null,""초지_면적_km"":null,""합계_km"":null,""행정단위"":""Country""}",,전국 · 토지피복 면적 — 목본 작물 · [실적치] · FAOSTAT Land Cover · Area from CCI_LC (Flag=E),,,,B-037.xlsx,1.2_entity(레코드형),730,
B-037,"토지피복 분류별 면적[경작지, 산림, 초지, 건물, 수체, 나지]",entity,v124-b-037-entity-00728,B-037_landcover_national,VNM,,,,,,,,,토지피복 면적 — 목본 작물,,,"{""2025_개편_후_소속_34개_체계"":""전국(개편 무관)"",""건물_인공지표_면적_km"":null,""경계_면적_km_GADM"":null,""경계_좌표_산출근거"":""전국 집계값 — 좌표·폴리곤 없음."",""경계_폴리곤_파일"":null,""경작지_면적_km"":null,""관목_면적_km"":null,""기후기술_연계_근거"":""간접 · 원천 자체 분류 — ESA WorldCover 가 토지피복 등급을 Tree cover·Cropland·Built-up 등으로 정의·배포하며, 수목 피복 면적은 탄소 흡수원의 물리적 기반, 경작지·건물 면적은 토지이용 변화의 기준이 됨. 주 기술 23(탄소 흡수원), 부 기술 35(산림·생태계 부문 기술) — 2026-08-28 발주처 지시에 따라 tech_id에 ';'로 연결해 복수 기입. [근거자료] ESA_WorldCover_10m_2021_v200_*_Map.tif (Discrete Classification, 등급 10~95) · FAOSTAT Land Cover(LC) Item=Artificial surfaces 등"",""나지_희박식생_면적_km"":null,""레코드_키"":""VNM_lc_woody_crops_2006"",""맹그로브_면적_km"":null,""수목_면적_km"":null,""연도"":2006,""영구수체_면적_km"":null,""전국_값"":4231.01,""전국_단위"":""1000 ha"",""전국_지표명"":""토지피복 면적 — 목본 작물"",""지역명_로마자"":""Viet Nam"",""지역명_베트남어"":""Việt Nam"",""초본습지_면적_km"":null,""초지_면적_km"":null,""합계_km"":null,""행정단위"":""Country""}",,전국 · 토지피복 면적 — 목본 작물 · [실적치] · FAOSTAT Land Cover · Area from CCI_LC (Flag=E),,,,B-037.xlsx,1.2_entity(레코드형),731,
B-037,"토지피복 분류별 면적[경작지, 산림, 초지, 건물, 수체, 나지]",entity,v124-b-037-entity-00729,B-037_landcover_national,VNM,,,,,,,,,토지피복 면적 — 목본 작물,,,"{""2025_개편_후_소속_34개_체계"":""전국(개편 무관)"",""건물_인공지표_면적_km"":null,""경계_면적_km_GADM"":null,""경계_좌표_산출근거"":""전국 집계값 — 좌표·폴리곤 없음."",""경계_폴리곤_파일"":null,""경작지_면적_km"":null,""관목_면적_km"":null,""기후기술_연계_근거"":""간접 · 원천 자체 분류 — ESA WorldCover 가 토지피복 등급을 Tree cover·Cropland·Built-up 등으로 정의·배포하며, 수목 피복 면적은 탄소 흡수원의 물리적 기반, 경작지·건물 면적은 토지이용 변화의 기준이 됨. 주 기술 23(탄소 흡수원), 부 기술 35(산림·생태계 부문 기술) — 2026-08-28 발주처 지시에 따라 tech_id에 ';'로 연결해 복수 기입. [근거자료] ESA_WorldCover_10m_2021_v200_*_Map.tif (Discrete Classification, 등급 10~95) · FAOSTAT Land Cover(LC) Item=Artificial surfaces 등"",""나지_희박식생_면적_km"":null,""레코드_키"":""VNM_lc_woody_crops_2007"",""맹그로브_면적_km"":null,""수목_면적_km"":null,""연도"":2007,""영구수체_면적_km"":null,""전국_값"":4268.51,""전국_단위"":""1000 ha"",""전국_지표명"":""토지피복 면적 — 목본 작물"",""지역명_로마자"":""Viet Nam"",""지역명_베트남어"":""Việt Nam"",""초본습지_면적_km"":null,""초지_면적_km"":null,""합계_km"":null,""행정단위"":""Country""}",,전국 · 토지피복 면적 — 목본 작물 · [실적치] · FAOSTAT Land Cover · Area from CCI_LC (Flag=E),,,,B-037.xlsx,1.2_entity(레코드형),732,
B-037,"토지피복 분류별 면적[경작지, 산림, 초지, 건물, 수체, 나지]",entity,v124-b-037-entity-00730,B-037_landcover_national,VNM,,,,,,,,,토지피복 면적 — 목본 작물,,,"{""2025_개편_후_소속_34개_체계"":""전국(개편 무관)"",""건물_인공지표_면적_km"":null,""경계_면적_km_GADM"":null,""경계_좌표_산출근거"":""전국 집계값 — 좌표·폴리곤 없음."",""경계_폴리곤_파일"":null,""경작지_면적_km"":null,""관목_면적_km"":null,""기후기술_연계_근거"":""간접 · 원천 자체 분류 — ESA WorldCover 가 토지피복 등급을 Tree cover·Cropland·Built-up 등으로 정의·배포하며, 수목 피복 면적은 탄소 흡수원의 물리적 기반, 경작지·건물 면적은 토지이용 변화의 기준이 됨. 주 기술 23(탄소 흡수원), 부 기술 35(산림·생태계 부문 기술) — 2026-08-28 발주처 지시에 따라 tech_id에 ';'로 연결해 복수 기입. [근거자료] ESA_WorldCover_10m_2021_v200_*_Map.tif (Discrete Classification, 등급 10~95) · FAOSTAT Land Cover(LC) Item=Artificial surfaces 등"",""나지_희박식생_면적_km"":null,""레코드_키"":""VNM_lc_woody_crops_2008"",""맹그로브_면적_km"":null,""수목_면적_km"":null,""연도"":2008,""영구수체_면적_km"":null,""전국_값"":4466.12,""전국_단위"":""1000 ha"",""전국_지표명"":""토지피복 면적 — 목본 작물"",""지역명_로마자"":""Viet Nam"",""지역명_베트남어"":""Việt Nam"",""초본습지_면적_km"":null,""초지_면적_km"":null,""합계_km"":null,""행정단위"":""Country""}",,전국 · 토지피복 면적 — 목본 작물 · [실적치] · FAOSTAT Land Cover · Area from CCI_LC (Flag=E),,,,B-037.xlsx,1.2_entity(레코드형),733,
B-037,"토지피복 분류별 면적[경작지, 산림, 초지, 건물, 수체, 나지]",entity,v124-b-037-entity-00731,B-037_landcover_national,VNM,,,,,,,,,토지피복 면적 — 목본 작물,,,"{""2025_개편_후_소속_34개_체계"":""전국(개편 무관)"",""건물_인공지표_면적_km"":null,""경계_면적_km_GADM"":null,""경계_좌표_산출근거"":""전국 집계값 — 좌표·폴리곤 없음."",""경계_폴리곤_파일"":null,""경작지_면적_km"":null,""관목_면적_km"":null,""기후기술_연계_근거"":""간접 · 원천 자체 분류 — ESA WorldCover 가 토지피복 등급을 Tree cover·Cropland·Built-up 등으로 정의·배포하며, 수목 피복 면적은 탄소 흡수원의 물리적 기반, 경작지·건물 면적은 토지이용 변화의 기준이 됨. 주 기술 23(탄소 흡수원), 부 기술 35(산림·생태계 부문 기술) — 2026-08-28 발주처 지시에 따라 tech_id에 ';'로 연결해 복수 기입. [근거자료] ESA_WorldCover_10m_2021_v200_*_Map.tif (Discrete Classification, 등급 10~95) · FAOSTAT Land Cover(LC) Item=Artificial surfaces 등"",""나지_희박식생_면적_km"":null,""레코드_키"":""VNM_lc_woody_crops_2009"",""맹그로브_면적_km"":null,""수목_면적_km"":null,""연도"":2009,""영구수체_면적_km"":null,""전국_값"":4486.91,""전국_단위"":""1000 ha"",""전국_지표명"":""토지피복 면적 — 목본 작물"",""지역명_로마자"":""Viet Nam"",""지역명_베트남어"":""Việt Nam"",""초본습지_면적_km"":null,""초지_면적_km"":null,""합계_km"":null,""행정단위"":""Country""}",,전국 · 토지피복 면적 — 목본 작물 · [실적치] · FAOSTAT Land Cover · Area from CCI_LC (Flag=E),,,,B-037.xlsx,1.2_entity(레코드형),734,
B-037,"토지피복 분류별 면적[경작지, 산림, 초지, 건물, 수체, 나지]",entity,v124-b-037-entity-00732,B-037_landcover_national,VNM,,,,,,,,,토지피복 면적 — 목본 작물,,,"{""2025_개편_후_소속_34개_체계"":""전국(개편 무관)"",""건물_인공지표_면적_km"":null,""경계_면적_km_GADM"":null,""경계_좌표_산출근거"":""전국 집계값 — 좌표·폴리곤 없음."",""경계_폴리곤_파일"":null,""경작지_면적_km"":null,""관목_면적_km"":null,""기후기술_연계_근거"":""간접 · 원천 자체 분류 — ESA WorldCover 가 토지피복 등급을 Tree cover·Cropland·Built-up 등으로 정의·배포하며, 수목 피복 면적은 탄소 흡수원의 물리적 기반, 경작지·건물 면적은 토지이용 변화의 기준이 됨. 주 기술 23(탄소 흡수원), 부 기술 35(산림·생태계 부문 기술) — 2026-08-28 발주처 지시에 따라 tech_id에 ';'로 연결해 복수 기입. [근거자료] ESA_WorldCover_10m_2021_v200_*_Map.tif (Discrete Classification, 등급 10~95) · FAOSTAT Land Cover(LC) Item=Artificial surfaces 등"",""나지_희박식생_면적_km"":null,""레코드_키"":""VNM_lc_woody_crops_2010"",""맹그로브_면적_km"":null,""수목_면적_km"":null,""연도"":2010,""영구수체_면적_km"":null,""전국_값"":4700.85,""전국_단위"":""1000 ha"",""전국_지표명"":""토지피복 면적 — 목본 작물"",""지역명_로마자"":""Viet Nam"",""지역명_베트남어"":""Việt Nam"",""초본습지_면적_km"":null,""초지_면적_km"":null,""합계_km"":null,""행정단위"":""Country""}",,전국 · 토지피복 면적 — 목본 작물 · [실적치] · FAOSTAT Land Cover · Area from CCI_LC (Flag=E),,,,B-037.xlsx,1.2_entity(레코드형),735,
B-037,"토지피복 분류별 면적[경작지, 산림, 초지, 건물, 수체, 나지]",entity,v124-b-037-entity-00733,B-037_landcover_national,VNM,,,,,,,,,토지피복 면적 — 목본 작물,,,"{""2025_개편_후_소속_34개_체계"":""전국(개편 무관)"",""건물_인공지표_면적_km"":null,""경계_면적_km_GADM"":null,""경계_좌표_산출근거"":""전국 집계값 — 좌표·폴리곤 없음."",""경계_폴리곤_파일"":null,""경작지_면적_km"":null,""관목_면적_km"":null,""기후기술_연계_근거"":""간접 · 원천 자체 분류 — ESA WorldCover 가 토지피복 등급을 Tree cover·Cropland·Built-up 등으로 정의·배포하며, 수목 피복 면적은 탄소 흡수원의 물리적 기반, 경작지·건물 면적은 토지이용 변화의 기준이 됨. 주 기술 23(탄소 흡수원), 부 기술 35(산림·생태계 부문 기술) — 2026-08-28 발주처 지시에 따라 tech_id에 ';'로 연결해 복수 기입. [근거자료] ESA_WorldCover_10m_2021_v200_*_Map.tif (Discrete Classification, 등급 10~95) · FAOSTAT Land Cover(LC) Item=Artificial surfaces 등"",""나지_희박식생_면적_km"":null,""레코드_키"":""VNM_lc_woody_crops_2011"",""맹그로브_면적_km"":null,""수목_면적_km"":null,""연도"":2011,""영구수체_면적_km"":null,""전국_값"":4709.6,""전국_단위"":""1000 ha"",""전국_지표명"":""토지피복 면적 — 목본 작물"",""지역명_로마자"":""Viet Nam"",""지역명_베트남어"":""Việt Nam"",""초본습지_면적_km"":null,""초지_면적_km"":null,""합계_km"":null,""행정단위"":""Country""}",,전국 · 토지피복 면적 — 목본 작물 · [실적치] · FAOSTAT Land Cover · Area from CCI_LC (Flag=E),,,,B-037.xlsx,1.2_entity(레코드형),736,
B-037,"토지피복 분류별 면적[경작지, 산림, 초지, 건물, 수체, 나지]",entity,v124-b-037-entity-00734,B-037_landcover_national,VNM,,,,,,,,,토지피복 면적 — 목본 작물,,,"{""2025_개편_후_소속_34개_체계"":""전국(개편 무관)"",""건물_인공지표_면적_km"":null,""경계_면적_km_GADM"":null,""경계_좌표_산출근거"":""전국 집계값 — 좌표·폴리곤 없음."",""경계_폴리곤_파일"":null,""경작지_면적_km"":null,""관목_면적_km"":null,""기후기술_연계_근거"":""간접 · 원천 자체 분류 — ESA WorldCover 가 토지피복 등급을 Tree cover·Cropland·Built-up 등으로 정의·배포하며, 수목 피복 면적은 탄소 흡수원의 물리적 기반, 경작지·건물 면적은 토지이용 변화의 기준이 됨. 주 기술 23(탄소 흡수원), 부 기술 35(산림·생태계 부문 기술) — 2026-08-28 발주처 지시에 따라 tech_id에 ';'로 연결해 복수 기입. [근거자료] ESA_WorldCover_10m_2021_v200_*_Map.tif (Discrete Classification, 등급 10~95) · FAOSTAT Land Cover(LC) Item=Artificial surfaces 등"",""나지_희박식생_면적_km"":null,""레코드_키"":""VNM_lc_woody_crops_2012"",""맹그로브_면적_km"":null,""수목_면적_km"":null,""연도"":2012,""영구수체_면적_km"":null,""전국_값"":4771.25,""전국_단위"":""1000 ha"",""전국_지표명"":""토지피복 면적 — 목본 작물"",""지역명_로마자"":""Viet Nam"",""지역명_베트남어"":""Việt Nam"",""초본습지_면적_km"":null,""초지_면적_km"":null,""합계_km"":null,""행정단위"":""Country""}",,전국 · 토지피복 면적 — 목본 작물 · [실적치] · FAOSTAT Land Cover · Area from CCI_LC (Flag=E),,,,B-037.xlsx,1.2_entity(레코드형),737,
B-037,"토지피복 분류별 면적[경작지, 산림, 초지, 건물, 수체, 나지]",entity,v124-b-037-entity-00735,B-037_landcover_national,VNM,,,,,,,,,토지피복 면적 — 목본 작물,,,"{""2025_개편_후_소속_34개_체계"":""전국(개편 무관)"",""건물_인공지표_면적_km"":null,""경계_면적_km_GADM"":null,""경계_좌표_산출근거"":""전국 집계값 — 좌표·폴리곤 없음."",""경계_폴리곤_파일"":null,""경작지_면적_km"":null,""관목_면적_km"":null,""기후기술_연계_근거"":""간접 · 원천 자체 분류 — ESA WorldCover 가 토지피복 등급을 Tree cover·Cropland·Built-up 등으로 정의·배포하며, 수목 피복 면적은 탄소 흡수원의 물리적 기반, 경작지·건물 면적은 토지이용 변화의 기준이 됨. 주 기술 23(탄소 흡수원), 부 기술 35(산림·생태계 부문 기술) — 2026-08-28 발주처 지시에 따라 tech_id에 ';'로 연결해 복수 기입. [근거자료] ESA_WorldCover_10m_2021_v200_*_Map.tif (Discrete Classification, 등급 10~95) · FAOSTAT Land Cover(LC) Item=Artificial surfaces 등"",""나지_희박식생_면적_km"":null,""레코드_키"":""VNM_lc_woody_crops_2013"",""맹그로브_면적_km"":null,""수목_면적_km"":null,""연도"":2013,""영구수체_면적_km"":null,""전국_값"":4781.21,""전국_단위"":""1000 ha"",""전국_지표명"":""토지피복 면적 — 목본 작물"",""지역명_로마자"":""Viet Nam"",""지역명_베트남어"":""Việt Nam"",""초본습지_면적_km"":null,""초지_면적_km"":null,""합계_km"":null,""행정단위"":""Country""}",,전국 · 토지피복 면적 — 목본 작물 · [실적치] · FAOSTAT Land Cover · Area from CCI_LC (Flag=E),,,,B-037.xlsx,1.2_entity(레코드형),738,
B-037,"토지피복 분류별 면적[경작지, 산림, 초지, 건물, 수체, 나지]",entity,v124-b-037-entity-00736,B-037_landcover_national,VNM,,,,,,,,,토지피복 면적 — 목본 작물,,,"{""2025_개편_후_소속_34개_체계"":""전국(개편 무관)"",""건물_인공지표_면적_km"":null,""경계_면적_km_GADM"":null,""경계_좌표_산출근거"":""전국 집계값 — 좌표·폴리곤 없음."",""경계_폴리곤_파일"":null,""경작지_면적_km"":null,""관목_면적_km"":null,""기후기술_연계_근거"":""간접 · 원천 자체 분류 — ESA WorldCover 가 토지피복 등급을 Tree cover·Cropland·Built-up 등으로 정의·배포하며, 수목 피복 면적은 탄소 흡수원의 물리적 기반, 경작지·건물 면적은 토지이용 변화의 기준이 됨. 주 기술 23(탄소 흡수원), 부 기술 35(산림·생태계 부문 기술) — 2026-08-28 발주처 지시에 따라 tech_id에 ';'로 연결해 복수 기입. [근거자료] ESA_WorldCover_10m_2021_v200_*_Map.tif (Discrete Classification, 등급 10~95) · FAOSTAT Land Cover(LC) Item=Artificial surfaces 등"",""나지_희박식생_면적_km"":null,""레코드_키"":""VNM_lc_woody_crops_2014"",""맹그로브_면적_km"":null,""수목_면적_km"":null,""연도"":2014,""영구수체_면적_km"":null,""전국_값"":4799.63,""전국_단위"":""1000 ha"",""전국_지표명"":""토지피복 면적 — 목본 작물"",""지역명_로마자"":""Viet Nam"",""지역명_베트남어"":""Việt Nam"",""초본습지_면적_km"":null,""초지_면적_km"":null,""합계_km"":null,""행정단위"":""Country""}",,전국 · 토지피복 면적 — 목본 작물 · [실적치] · FAOSTAT Land Cover · Area from CCI_LC (Flag=E),,,,B-037.xlsx,1.2_entity(레코드형),739,
B-037,"토지피복 분류별 면적[경작지, 산림, 초지, 건물, 수체, 나지]",entity,v124-b-037-entity-00737,B-037_landcover_national,VNM,,,,,,,,,토지피복 면적 — 목본 작물,,,"{""2025_개편_후_소속_34개_체계"":""전국(개편 무관)"",""건물_인공지표_면적_km"":null,""경계_면적_km_GADM"":null,""경계_좌표_산출근거"":""전국 집계값 — 좌표·폴리곤 없음."",""경계_폴리곤_파일"":null,""경작지_면적_km"":null,""관목_면적_km"":null,""기후기술_연계_근거"":""간접 · 원천 자체 분류 — ESA WorldCover 가 토지피복 등급을 Tree cover·Cropland·Built-up 등으로 정의·배포하며, 수목 피복 면적은 탄소 흡수원의 물리적 기반, 경작지·건물 면적은 토지이용 변화의 기준이 됨. 주 기술 23(탄소 흡수원), 부 기술 35(산림·생태계 부문 기술) — 2026-08-28 발주처 지시에 따라 tech_id에 ';'로 연결해 복수 기입. [근거자료] ESA_WorldCover_10m_2021_v200_*_Map.tif (Discrete Classification, 등급 10~95) · FAOSTAT Land Cover(LC) Item=Artificial surfaces 등"",""나지_희박식생_면적_km"":null,""레코드_키"":""VNM_lc_woody_crops_2015"",""맹그로브_면적_km"":null,""수목_면적_km"":null,""연도"":2015,""영구수체_면적_km"":null,""전국_값"":5022.45,""전국_단위"":""1000 ha"",""전국_지표명"":""토지피복 면적 — 목본 작물"",""지역명_로마자"":""Viet Nam"",""지역명_베트남어"":""Việt Nam"",""초본습지_면적_km"":null,""초지_면적_km"":null,""합계_km"":null,""행정단위"":""Country""}",,전국 · 토지피복 면적 — 목본 작물 · [실적치] · FAOSTAT Land Cover · Area from CCI_LC (Flag=E),,,,B-037.xlsx,1.2_entity(레코드형),740,
B-037,"토지피복 분류별 면적[경작지, 산림, 초지, 건물, 수체, 나지]",entity,v124-b-037-entity-00738,B-037_landcover_national,VNM,,,,,,,,,토지피복 면적 — 목본 작물,,,"{""2025_개편_후_소속_34개_체계"":""전국(개편 무관)"",""건물_인공지표_면적_km"":null,""경계_면적_km_GADM"":null,""경계_좌표_산출근거"":""전국 집계값 — 좌표·폴리곤 없음."",""경계_폴리곤_파일"":null,""경작지_면적_km"":null,""관목_면적_km"":null,""기후기술_연계_근거"":""간접 · 원천 자체 분류 — ESA WorldCover 가 토지피복 등급을 Tree cover·Cropland·Built-up 등으로 정의·배포하며, 수목 피복 면적은 탄소 흡수원의 물리적 기반, 경작지·건물 면적은 토지이용 변화의 기준이 됨. 주 기술 23(탄소 흡수원), 부 기술 35(산림·생태계 부문 기술) — 2026-08-28 발주처 지시에 따라 tech_id에 ';'로 연결해 복수 기입. [근거자료] ESA_WorldCover_10m_2021_v200_*_Map.tif (Discrete Classification, 등급 10~95) · FAOSTAT Land Cover(LC) Item=Artificial surfaces 등"",""나지_희박식생_면적_km"":null,""레코드_키"":""VNM_lc_woody_crops_2016"",""맹그로브_면적_km"":null,""수목_면적_km"":null,""연도"":2016,""영구수체_면적_km"":null,""전국_값"":5018.21,""전국_단위"":""1000 ha"",""전국_지표명"":""토지피복 면적 — 목본 작물"",""지역명_로마자"":""Viet Nam"",""지역명_베트남어"":""Việt Nam"",""초본습지_면적_km"":null,""초지_면적_km"":null,""합계_km"":null,""행정단위"":""Country""}",,전국 · 토지피복 면적 — 목본 작물 · [실적치] · FAOSTAT Land Cover · Area from CCI_LC (Flag=E),,,,B-037.xlsx,1.2_entity(레코드형),741,
B-037,"토지피복 분류별 면적[경작지, 산림, 초지, 건물, 수체, 나지]",entity,v124-b-037-entity-00739,B-037_landcover_national,VNM,,,,,,,,,토지피복 면적 — 목본 작물,,,"{""2025_개편_후_소속_34개_체계"":""전국(개편 무관)"",""건물_인공지표_면적_km"":null,""경계_면적_km_GADM"":null,""경계_좌표_산출근거"":""전국 집계값 — 좌표·폴리곤 없음."",""경계_폴리곤_파일"":null,""경작지_면적_km"":null,""관목_면적_km"":null,""기후기술_연계_근거"":""간접 · 원천 자체 분류 — ESA WorldCover 가 토지피복 등급을 Tree cover·Cropland·Built-up 등으로 정의·배포하며, 수목 피복 면적은 탄소 흡수원의 물리적 기반, 경작지·건물 면적은 토지이용 변화의 기준이 됨. 주 기술 23(탄소 흡수원), 부 기술 35(산림·생태계 부문 기술) — 2026-08-28 발주처 지시에 따라 tech_id에 ';'로 연결해 복수 기입. [근거자료] ESA_WorldCover_10m_2021_v200_*_Map.tif (Discrete Classification, 등급 10~95) · FAOSTAT Land Cover(LC) Item=Artificial surfaces 등"",""나지_희박식생_면적_km"":null,""레코드_키"":""VNM_lc_woody_crops_2017"",""맹그로브_면적_km"":null,""수목_면적_km"":null,""연도"":2017,""영구수체_면적_km"":null,""전국_값"":5010.14,""전국_단위"":""1000 ha"",""전국_지표명"":""토지피복 면적 — 목본 작물"",""지역명_로마자"":""Viet Nam"",""지역명_베트남어"":""Việt Nam"",""초본습지_면적_km"":null,""초지_면적_km"":null,""합계_km"":null,""행정단위"":""Country""}",,전국 · 토지피복 면적 — 목본 작물 · [실적치] · FAOSTAT Land Cover · Area from CCI_LC (Flag=E),,,,B-037.xlsx,1.2_entity(레코드형),742,
B-037,"토지피복 분류별 면적[경작지, 산림, 초지, 건물, 수체, 나지]",entity,v124-b-037-entity-00740,B-037_landcover_national,VNM,,,,,,,,,토지피복 면적 — 목본 작물,,,"{""2025_개편_후_소속_34개_체계"":""전국(개편 무관)"",""건물_인공지표_면적_km"":null,""경계_면적_km_GADM"":null,""경계_좌표_산출근거"":""전국 집계값 — 좌표·폴리곤 없음."",""경계_폴리곤_파일"":null,""경작지_면적_km"":null,""관목_면적_km"":null,""기후기술_연계_근거"":""간접 · 원천 자체 분류 — ESA WorldCover 가 토지피복 등급을 Tree cover·Cropland·Built-up 등으로 정의·배포하며, 수목 피복 면적은 탄소 흡수원의 물리적 기반, 경작지·건물 면적은 토지이용 변화의 기준이 됨. 주 기술 23(탄소 흡수원), 부 기술 35(산림·생태계 부문 기술) — 2026-08-28 발주처 지시에 따라 tech_id에 ';'로 연결해 복수 기입. [근거자료] ESA_WorldCover_10m_2021_v200_*_Map.tif (Discrete Classification, 등급 10~95) · FAOSTAT Land Cover(LC) Item=Artificial surfaces 등"",""나지_희박식생_면적_km"":null,""레코드_키"":""VNM_lc_woody_crops_2018"",""맹그로브_면적_km"":null,""수목_면적_km"":null,""연도"":2018,""영구수체_면적_km"":null,""전국_값"":5020.58,""전국_단위"":""1000 ha"",""전국_지표명"":""토지피복 면적 — 목본 작물"",""지역명_로마자"":""Viet Nam"",""지역명_베트남어"":""Việt Nam"",""초본습지_면적_km"":null,""초지_면적_km"":null,""합계_km"":null,""행정단위"":""Country""}",,전국 · 토지피복 면적 — 목본 작물 · [실적치] · FAOSTAT Land Cover · Area from CCI_LC (Flag=E),,,,B-037.xlsx,1.2_entity(레코드형),743,
B-037,"토지피복 분류별 면적[경작지, 산림, 초지, 건물, 수체, 나지]",entity,v124-b-037-entity-00741,B-037_landcover_national,VNM,,,,,,,,,토지피복 면적 — 목본 작물,,,"{""2025_개편_후_소속_34개_체계"":""전국(개편 무관)"",""건물_인공지표_면적_km"":null,""경계_면적_km_GADM"":null,""경계_좌표_산출근거"":""전국 집계값 — 좌표·폴리곤 없음."",""경계_폴리곤_파일"":null,""경작지_면적_km"":null,""관목_면적_km"":null,""기후기술_연계_근거"":""간접 · 원천 자체 분류 — ESA WorldCover 가 토지피복 등급을 Tree cover·Cropland·Built-up 등으로 정의·배포하며, 수목 피복 면적은 탄소 흡수원의 물리적 기반, 경작지·건물 면적은 토지이용 변화의 기준이 됨. 주 기술 23(탄소 흡수원), 부 기술 35(산림·생태계 부문 기술) — 2026-08-28 발주처 지시에 따라 tech_id에 ';'로 연결해 복수 기입. [근거자료] ESA_WorldCover_10m_2021_v200_*_Map.tif (Discrete Classification, 등급 10~95) · FAOSTAT Land Cover(LC) Item=Artificial surfaces 등"",""나지_희박식생_면적_km"":null,""레코드_키"":""VNM_lc_woody_crops_2019"",""맹그로브_면적_km"":null,""수목_면적_km"":null,""연도"":2019,""영구수체_면적_km"":null,""전국_값"":5326.15,""전국_단위"":""1000 ha"",""전국_지표명"":""토지피복 면적 — 목본 작물"",""지역명_로마자"":""Viet Nam"",""지역명_베트남어"":""Việt Nam"",""초본습지_면적_km"":null,""초지_면적_km"":null,""합계_km"":null,""행정단위"":""Country""}",,전국 · 토지피복 면적 — 목본 작물 · [실적치] · FAOSTAT Land Cover · Area from CCI_LC (Flag=E),,,,B-037.xlsx,1.2_entity(레코드형),744,
B-037,"토지피복 분류별 면적[경작지, 산림, 초지, 건물, 수체, 나지]",entity,v124-b-037-entity-00742,B-037_landcover_national,VNM,,,,,,,,,토지피복 면적 — 목본 작물,,,"{""2025_개편_후_소속_34개_체계"":""전국(개편 무관)"",""건물_인공지표_면적_km"":null,""경계_면적_km_GADM"":null,""경계_좌표_산출근거"":""전국 집계값 — 좌표·폴리곤 없음."",""경계_폴리곤_파일"":null,""경작지_면적_km"":null,""관목_면적_km"":null,""기후기술_연계_근거"":""간접 · 원천 자체 분류 — ESA WorldCover 가 토지피복 등급을 Tree cover·Cropland·Built-up 등으로 정의·배포하며, 수목 피복 면적은 탄소 흡수원의 물리적 기반, 경작지·건물 면적은 토지이용 변화의 기준이 됨. 주 기술 23(탄소 흡수원), 부 기술 35(산림·생태계 부문 기술) — 2026-08-28 발주처 지시에 따라 tech_id에 ';'로 연결해 복수 기입. [근거자료] ESA_WorldCover_10m_2021_v200_*_Map.tif (Discrete Classification, 등급 10~95) · FAOSTAT Land Cover(LC) Item=Artificial surfaces 등"",""나지_희박식생_면적_km"":null,""레코드_키"":""VNM_lc_woody_crops_2020"",""맹그로브_면적_km"":null,""수목_면적_km"":null,""연도"":2020,""영구수체_면적_km"":null,""전국_값"":5290.32,""전국_단위"":""1000 ha"",""전국_지표명"":""토지피복 면적 — 목본 작물"",""지역명_로마자"":""Viet Nam"",""지역명_베트남어"":""Việt Nam"",""초본습지_면적_km"":null,""초지_면적_km"":null,""합계_km"":null,""행정단위"":""Country""}",,전국 · 토지피복 면적 — 목본 작물 · [실적치] · FAOSTAT Land Cover · Area from CCI_LC (Flag=E),,,,B-037.xlsx,1.2_entity(레코드형),745,
B-037,"토지피복 분류별 면적[경작지, 산림, 초지, 건물, 수체, 나지]",entity,v124-b-037-entity-00743,B-037_landcover_national,VNM,,,,,,,,,토지피복 면적 — 목본 작물,,,"{""2025_개편_후_소속_34개_체계"":""전국(개편 무관)"",""건물_인공지표_면적_km"":null,""경계_면적_km_GADM"":null,""경계_좌표_산출근거"":""전국 집계값 — 좌표·폴리곤 없음."",""경계_폴리곤_파일"":null,""경작지_면적_km"":null,""관목_면적_km"":null,""기후기술_연계_근거"":""간접 · 원천 자체 분류 — ESA WorldCover 가 토지피복 등급을 Tree cover·Cropland·Built-up 등으로 정의·배포하며, 수목 피복 면적은 탄소 흡수원의 물리적 기반, 경작지·건물 면적은 토지이용 변화의 기준이 됨. 주 기술 23(탄소 흡수원), 부 기술 35(산림·생태계 부문 기술) — 2026-08-28 발주처 지시에 따라 tech_id에 ';'로 연결해 복수 기입. [근거자료] ESA_WorldCover_10m_2021_v200_*_Map.tif (Discrete Classification, 등급 10~95) · FAOSTAT Land Cover(LC) Item=Artificial surfaces 등"",""나지_희박식생_면적_km"":null,""레코드_키"":""VNM_lc_woody_crops_2021"",""맹그로브_면적_km"":null,""수목_면적_km"":null,""연도"":2021,""영구수체_면적_km"":null,""전국_값"":5278.73,""전국_단위"":""1000 ha"",""전국_지표명"":""토지피복 면적 — 목본 작물"",""지역명_로마자"":""Viet Nam"",""지역명_베트남어"":""Việt Nam"",""초본습지_면적_km"":null,""초지_면적_km"":null,""합계_km"":null,""행정단위"":""Country""}",,전국 · 토지피복 면적 — 목본 작물 · [실적치] · FAOSTAT Land Cover · Area from CCI_LC (Flag=E),,,,B-037.xlsx,1.2_entity(레코드형),746,
B-037,"토지피복 분류별 면적[경작지, 산림, 초지, 건물, 수체, 나지]",entity,v124-b-037-entity-00744,B-037_landcover_national,VNM,,,,,,,,,토지피복 면적 — 목본 작물,,,"{""2025_개편_후_소속_34개_체계"":""전국(개편 무관)"",""건물_인공지표_면적_km"":null,""경계_면적_km_GADM"":null,""경계_좌표_산출근거"":""전국 집계값 — 좌표·폴리곤 없음."",""경계_폴리곤_파일"":null,""경작지_면적_km"":null,""관목_면적_km"":null,""기후기술_연계_근거"":""간접 · 원천 자체 분류 — ESA WorldCover 가 토지피복 등급을 Tree cover·Cropland·Built-up 등으로 정의·배포하며, 수목 피복 면적은 탄소 흡수원의 물리적 기반, 경작지·건물 면적은 토지이용 변화의 기준이 됨. 주 기술 23(탄소 흡수원), 부 기술 35(산림·생태계 부문 기술) — 2026-08-28 발주처 지시에 따라 tech_id에 ';'로 연결해 복수 기입. [근거자료] ESA_WorldCover_10m_2021_v200_*_Map.tif (Discrete Classification, 등급 10~95) · FAOSTAT Land Cover(LC) Item=Artificial surfaces 등"",""나지_희박식생_면적_km"":null,""레코드_키"":""VNM_lc_woody_crops_2022"",""맹그로브_면적_km"":null,""수목_면적_km"":null,""연도"":2022,""영구수체_면적_km"":null,""전국_값"":5249.46,""전국_단위"":""1000 ha"",""전국_지표명"":""토지피복 면적 — 목본 작물"",""지역명_로마자"":""Viet Nam"",""지역명_베트남어"":""Việt Nam"",""초본습지_면적_km"":null,""초지_면적_km"":null,""합계_km"":null,""행정단위"":""Country""}",,전국 · 토지피복 면적 — 목본 작물 · [실적치] · FAOSTAT Land Cover · Area from CCI_LC (Flag=E),,,,B-037.xlsx,1.2_entity(레코드형),747,
B-037,"토지피복 분류별 면적[경작지, 산림, 초지, 건물, 수체, 나지]",entity,v124-b-037-entity-00745,B-037_landcover_national,VNM,,,,,,,,,토지피복 면적(CGLS) — 목본 작물,,,"{""2025_개편_후_소속_34개_체계"":""전국(개편 무관)"",""건물_인공지표_면적_km"":null,""경계_면적_km_GADM"":null,""경계_좌표_산출근거"":""전국 집계값 — 좌표·폴리곤 없음."",""경계_폴리곤_파일"":null,""경작지_면적_km"":null,""관목_면적_km"":null,""기후기술_연계_근거"":""간접 · 원천 자체 분류 — ESA WorldCover 가 토지피복 등급을 Tree cover·Cropland·Built-up 등으로 정의·배포하며, 수목 피복 면적은 탄소 흡수원의 물리적 기반, 경작지·건물 면적은 토지이용 변화의 기준이 됨. 주 기술 23(탄소 흡수원), 부 기술 35(산림·생태계 부문 기술) — 2026-08-28 발주처 지시에 따라 tech_id에 ';'로 연결해 복수 기입. [근거자료] ESA_WorldCover_10m_2021_v200_*_Map.tif (Discrete Classification, 등급 10~95) · FAOSTAT Land Cover(LC) Item=Artificial surfaces 등"",""나지_희박식생_면적_km"":null,""레코드_키"":""VNM_lc_woody_crops_cgls_2019"",""맹그로브_면적_km"":null,""수목_면적_km"":null,""연도"":2019,""영구수체_면적_km"":null,""전국_값"":null,""전국_단위"":""1000 ha"",""전국_지표명"":""토지피복 면적(CGLS) — 목본 작물"",""지역명_로마자"":""Viet Nam"",""지역명_베트남어"":""Việt Nam"",""초본습지_면적_km"":null,""초지_면적_km"":null,""합계_km"":null,""행정단위"":""Country""}",M03,"전국 · 토지피복 면적(CGLS) — 목본 작물 · Copernicus Global Land Service 100m 산출물에 해당 클래스 행은 존재하나 전 연도 값이 공란(원천 Flag=O, 값 미산출)",,,,B-037.xlsx,1.2_entity(레코드형),748,
B-037,"토지피복 분류별 면적[경작지, 산림, 초지, 건물, 수체, 나지]",entity,v124-b-037-entity-00746,B-037_landcover_national,VNM,,,,,,,,,토지피복 면적(MODIS) — 목본 작물,,,"{""2025_개편_후_소속_34개_체계"":""전국(개편 무관)"",""건물_인공지표_면적_km"":null,""경계_면적_km_GADM"":null,""경계_좌표_산출근거"":""전국 집계값 — 좌표·폴리곤 없음."",""경계_폴리곤_파일"":null,""경작지_면적_km"":null,""관목_면적_km"":null,""기후기술_연계_근거"":""간접 · 원천 자체 분류 — ESA WorldCover 가 토지피복 등급을 Tree cover·Cropland·Built-up 등으로 정의·배포하며, 수목 피복 면적은 탄소 흡수원의 물리적 기반, 경작지·건물 면적은 토지이용 변화의 기준이 됨. 주 기술 23(탄소 흡수원), 부 기술 35(산림·생태계 부문 기술) — 2026-08-28 발주처 지시에 따라 tech_id에 ';'로 연결해 복수 기입. [근거자료] ESA_WorldCover_10m_2021_v200_*_Map.tif (Discrete Classification, 등급 10~95) · FAOSTAT Land Cover(LC) Item=Artificial surfaces 등"",""나지_희박식생_면적_km"":null,""레코드_키"":""VNM_lc_woody_crops_modis_2024"",""맹그로브_면적_km"":null,""수목_면적_km"":null,""연도"":2024,""영구수체_면적_km"":null,""전국_값"":null,""전국_단위"":""1000 ha"",""전국_지표명"":""토지피복 면적(MODIS) — 목본 작물"",""지역명_로마자"":""Viet Nam"",""지역명_베트남어"":""Việt Nam"",""초본습지_면적_km"":null,""초지_면적_km"":null,""합계_km"":null,""행정단위"":""Country""}",M03,"전국 · 토지피복 면적(MODIS) — 목본 작물 · MODIS Land Cover (MCD12Q1) 500m 산출물에 해당 클래스 행은 존재하나 전 연도 값이 공란(원천 Flag=O, 값 미산출)",,,,B-037.xlsx,1.2_entity(레코드형),749,
B-037,"토지피복 분류별 면적[경작지, 산림, 초지, 건물, 수체, 나지]",entity,v124-b-037-entity-00747,B-037_landcover_national,VNM,,,,,,,,,토지피복 면적(WorldCover) — 목본 작물,,,"{""2025_개편_후_소속_34개_체계"":""전국(개편 무관)"",""건물_인공지표_면적_km"":null,""경계_면적_km_GADM"":null,""경계_좌표_산출근거"":""전국 집계값 — 좌표·폴리곤 없음."",""경계_폴리곤_파일"":null,""경작지_면적_km"":null,""관목_면적_km"":null,""기후기술_연계_근거"":""간접 · 원천 자체 분류 — ESA WorldCover 가 토지피복 등급을 Tree cover·Cropland·Built-up 등으로 정의·배포하며, 수목 피복 면적은 탄소 흡수원의 물리적 기반, 경작지·건물 면적은 토지이용 변화의 기준이 됨. 주 기술 23(탄소 흡수원), 부 기술 35(산림·생태계 부문 기술) — 2026-08-28 발주처 지시에 따라 tech_id에 ';'로 연결해 복수 기입. [근거자료] ESA_WorldCover_10m_2021_v200_*_Map.tif (Discrete Classification, 등급 10~95) · FAOSTAT Land Cover(LC) Item=Artificial surfaces 등"",""나지_희박식생_면적_km"":null,""레코드_키"":""VNM_lc_woody_crops_wc_2021"",""맹그로브_면적_km"":null,""수목_면적_km"":null,""연도"":2021,""영구수체_면적_km"":null,""전국_값"":null,""전국_단위"":""1000 ha"",""전국_지표명"":""토지피복 면적(WorldCover) — 목본 작물"",""지역명_로마자"":""Viet Nam"",""지역명_베트남어"":""Việt Nam"",""초본습지_면적_km"":null,""초지_면적_km"":null,""합계_km"":null,""행정단위"":""Country""}",M03,"전국 · 토지피복 면적(WorldCover) — 목본 작물 · ESA WorldCover 10m 산출물에 해당 클래스 행은 존재하나 전 연도 값이 공란(원천 Flag=O, 값 미산출)",,,,B-037.xlsx,1.2_entity(레코드형),750,
