element_id,element_label,record_type,record_id,indicator_id,country_iso3,year,period_start,period_end,period,statistic_type,source_year_label,value,unit,name,latitude,longitude,attributes_json,missing_reason_code,note,source_org,source_url,license_code,source_file,source_sheet,source_row,publication_decision_id
B-030,산림 이득,entity,v124-b-030-entity-00001,B-030_forest_change_adm1,VNM,,,,,,,,,VNM.1_1,10.586308,105.266808,"{""2000년_수관_면적_ha"":13260.7,""2025_개편_후_소속_34개_체계"":""An Giang"",""경계_좌표_산출근거"":""경계는 GADM 4.1 ADM1(2022년판, 2025년 개편 이전 63개 성). 대표좌표는 최대 폴리곤의 내부 보장 대표점. 좌표계 EPSG:4326. GFW·CCKP 의 성 단위 집계도 GADM 경계 기준이므로 값과 경계의 출처 체계가 일치. 2025-07-01 시행 결의 202/2025/QH15 의 34개 체계 대응은 별도 속성에 병기."",""경계_폴리곤_파일"":""[공통]VNM_admin1_GADM41_63.geojson"",""교란_후_회복_ha"":931.4,""기간"":""2000–2020"",""기후기술_연계_근거"":""간접 · 연구진 판단 — 산림 이득은 탄소 흡수원의 증감을 나타내는 지표. 주 기술 23(탄소 흡수원), 부 기술 35(35) 는 note·2_meta_info tech_ids 참조. [근거자료] 원천 문서에 기술분류 표기 없음 — 연구진 판단(별첨2 R2 근거 기재)"",""레코드_키"":""VNM.1_1"",""분석대상_면적_ha_GFW"":352498.79,""손실_ha"":654.62,""순변화_ha"":1192.65,""순변화율"":8.99,""유지_ha"":11674.7,""이득_ha"":1847.27,""지역명_로마자"":""AnGiang"",""지역명_베트남어"":""AnGiang"",""행정단위"":""Province""}",,주 기술 23(탄소흡수원) · 부 기술 35(산림·생태계). 원자료 name_1 은 UTF-8 이중 인코딩으로 깨져 있어 GADM 명칭으로 대체(값 영향 없음).,,,,B-030_산림 이득(ha／yr).xlsx,1.2_entity(레코드형),14,
B-030,산림 이득,entity,v124-b-030-entity-00002,B-030_forest_change_adm1,VNM,,,,,,,,,VNM.33_1,9.93445,105.310244,"{""2000년_수관_면적_ha"":63861,""2025_개편_후_소속_34개_체계"":""An Giang"",""경계_좌표_산출근거"":""경계는 GADM 4.1 ADM1(2022년판, 2025년 개편 이전 63개 성). 대표좌표는 최대 폴리곤의 내부 보장 대표점. 좌표계 EPSG:4326. GFW·CCKP 의 성 단위 집계도 GADM 경계 기준이므로 값과 경계의 출처 체계가 일치. 2025-07-01 시행 결의 202/2025/QH15 의 34개 체계 대응은 별도 속성에 병기."",""경계_폴리곤_파일"":""[공통]VNM_admin1_GADM41_63.geojson"",""교란_후_회복_ha"":6085.86,""기간"":""2000–2020"",""기후기술_연계_근거"":""간접 · 연구진 판단 — 산림 이득은 탄소 흡수원의 증감을 나타내는 지표. 주 기술 23(탄소 흡수원), 부 기술 35(35) 는 note·2_meta_info tech_ids 참조. [근거자료] 원천 문서에 기술분류 표기 없음 — 연구진 판단(별첨2 R2 근거 기재)"",""레코드_키"":""VNM.33_1"",""분석대상_면적_ha_GFW"":628870.71,""손실_ha"":7975.8,""순변화_ha"":-5279.17,""순변화율"":-8.27,""유지_ha"":49799.32,""이득_ha"":2696.63,""지역명_로마자"":""KienGiang"",""지역명_베트남어"":""KiênGiang"",""행정단위"":""Province""}",,주 기술 23(탄소흡수원) · 부 기술 35(산림·생태계). 원자료 name_1 은 UTF-8 이중 인코딩으로 깨져 있어 GADM 명칭으로 대체(값 영향 없음).,,,,B-030_산림 이득(ha／yr).xlsx,1.2_entity(레코드형),29,
B-030,산림 이득,entity,v124-b-030-entity-00003,B-030_forest_change_adm1,VNM,,,,,,,,,VNM.3_1,21.379775,106.428763,"{""2000년_수관_면적_ha"":197453,""2025_개편_후_소속_34개_체계"":""Bắc Ninh"",""경계_좌표_산출근거"":""경계는 GADM 4.1 ADM1(2022년판, 2025년 개편 이전 63개 성). 대표좌표는 최대 폴리곤의 내부 보장 대표점. 좌표계 EPSG:4326. GFW·CCKP 의 성 단위 집계도 GADM 경계 기준이므로 값과 경계의 출처 체계가 일치. 2025-07-01 시행 결의 202/2025/QH15 의 34개 체계 대응은 별도 속성에 병기."",""경계_폴리곤_파일"":""[공통]VNM_admin1_GADM41_63.geojson"",""교란_후_회복_ha"":77851.06,""기간"":""2000–2020"",""기후기술_연계_근거"":""간접 · 연구진 판단 — 산림 이득은 탄소 흡수원의 증감을 나타내는 지표. 주 기술 23(탄소 흡수원), 부 기술 35(35) 는 note·2_meta_info tech_ids 참조. [근거자료] 원천 문서에 기술분류 표기 없음 — 연구진 판단(별첨2 R2 근거 기재)"",""레코드_키"":""VNM.3_1"",""분석대상_면적_ha_GFW"":389356.74,""손실_ha"":16251.69,""순변화_ha"":-3981.19,""순변화율"":-2.02,""유지_ha"":103350.16,""이득_ha"":12270.5,""지역명_로마자"":""BacGiang"",""지역명_베트남어"":""BắcGiang"",""행정단위"":""Province""}",,주 기술 23(탄소흡수원) · 부 기술 35(산림·생태계). 원자료 name_1 은 UTF-8 이중 인코딩으로 깨져 있어 GADM 명칭으로 대체(값 영향 없음).,,,,B-030_산림 이득(ha／yr).xlsx,1.2_entity(레코드형),36,
B-030,산림 이득,entity,v124-b-030-entity-00004,B-030_forest_change_adm1,VNM,,,,,,,,,VNM.5_1,21.103953,106.061065,"{""2000년_수관_면적_ha"":2646.12,""2025_개편_후_소속_34개_체계"":""Bắc Ninh"",""경계_좌표_산출근거"":""경계는 GADM 4.1 ADM1(2022년판, 2025년 개편 이전 63개 성). 대표좌표는 최대 폴리곤의 내부 보장 대표점. 좌표계 EPSG:4326. GFW·CCKP 의 성 단위 집계도 GADM 경계 기준이므로 값과 경계의 출처 체계가 일치. 2025-07-01 시행 결의 202/2025/QH15 의 34개 체계 대응은 별도 속성에 병기."",""경계_폴리곤_파일"":""[공통]VNM_admin1_GADM41_63.geojson"",""교란_후_회복_ha"":43.92,""기간"":""2000–2020"",""기후기술_연계_근거"":""간접 · 연구진 판단 — 산림 이득은 탄소 흡수원의 증감을 나타내는 지표. 주 기술 23(탄소 흡수원), 부 기술 35(35) 는 note·2_meta_info tech_ids 참조. [근거자료] 원천 문서에 기술분류 표기 없음 — 연구진 판단(별첨2 R2 근거 기재)"",""레코드_키"":""VNM.5_1"",""분석대상_면적_ha_GFW"":82128.86,""손실_ha"":5.39,""순변화_ha"":1052.81,""순변화율"":39.79,""유지_ha"":2596.8,""이득_ha"":1058.2,""지역명_로마자"":""BacNinh"",""지역명_베트남어"":""BắcNinh"",""행정단위"":""Province""}",,주 기술 23(탄소흡수원) · 부 기술 35(산림·생태계). 원자료 name_1 은 UTF-8 이중 인코딩으로 깨져 있어 GADM 명칭으로 대체(값 영향 없음).,,,,B-030_산림 이득(ha／yr).xlsx,1.2_entity(레코드형),58,
B-030,산림 이득,entity,v124-b-030-entity-00005,B-030_forest_change_adm1,VNM,,,,,,,,,VNM.14_1,22.759297,106.109097,"{""2000년_수관_면적_ha"":573814,""2025_개편_후_소속_34개_체계"":""Cao Bằng"",""경계_좌표_산출근거"":""경계는 GADM 4.1 ADM1(2022년판, 2025년 개편 이전 63개 성). 대표좌표는 최대 폴리곤의 내부 보장 대표점. 좌표계 EPSG:4326. GFW·CCKP 의 성 단위 집계도 GADM 경계 기준이므로 값과 경계의 출처 체계가 일치. 2025-07-01 시행 결의 202/2025/QH15 의 34개 체계 대응은 별도 속성에 병기."",""경계_폴리곤_파일"":""[공통]VNM_admin1_GADM41_63.geojson"",""교란_후_회복_ha"":66231.21,""기간"":""2000–2020"",""기후기술_연계_근거"":""간접 · 연구진 판단 — 산림 이득은 탄소 흡수원의 증감을 나타내는 지표. 주 기술 23(탄소 흡수원), 부 기술 35(35) 는 note·2_meta_info tech_ids 참조. [근거자료] 원천 문서에 기술분류 표기 없음 — 연구진 판단(별첨2 R2 근거 기재)"",""레코드_키"":""VNM.14_1"",""분석대상_면적_ha_GFW"":669687.63,""손실_ha"":8304.71,""순변화_ha"":-6045.84,""순변화율"":-1.05,""유지_ha"":499278.04,""이득_ha"":2258.87,""지역명_로마자"":""CaoBang"",""지역명_베트남어"":""CaoBằng"",""행정단위"":""Province""}",,주 기술 23(탄소흡수원) · 부 기술 35(산림·생태계). 원자료 name_1 은 UTF-8 이중 인코딩으로 깨져 있어 GADM 명칭으로 대체(값 영향 없음).,,,,B-030_산림 이득(ha／yr).xlsx,1.2_entity(레코드형),8,
B-030,산림 이득,entity,v124-b-030-entity-00006,B-030_forest_change_adm1,VNM,,,,,,,,,VNM.2_1,9.383692,105.515103,"{""2000년_수관_면적_ha"":2984.96,""2025_개편_후_소속_34개_체계"":""Cà Mau"",""경계_좌표_산출근거"":""경계는 GADM 4.1 ADM1(2022년판, 2025년 개편 이전 63개 성). 대표좌표는 최대 폴리곤의 내부 보장 대표점. 좌표계 EPSG:4326. GFW·CCKP 의 성 단위 집계도 GADM 경계 기준이므로 값과 경계의 출처 체계가 일치. 2025-07-01 시행 결의 202/2025/QH15 의 34개 체계 대응은 별도 속성에 병기."",""경계_폴리곤_파일"":""[공통]VNM_admin1_GADM41_63.geojson"",""교란_후_회복_ha"":81.93,""기간"":""2000–2020"",""기후기술_연계_근거"":""간접 · 연구진 판단 — 산림 이득은 탄소 흡수원의 증감을 나타내는 지표. 주 기술 23(탄소 흡수원), 부 기술 35(35) 는 note·2_meta_info tech_ids 참조. [근거자료] 원천 문서에 기술분류 표기 없음 — 연구진 판단(별첨2 R2 근거 기재)"",""레코드_키"":""VNM.2_1"",""분석대상_면적_ha_GFW"":247909.71,""손실_ha"":1099.34,""순변화_ha"":-502.47,""순변화율"":-16.83,""유지_ha"":1803.69,""이득_ha"":596.87,""지역명_로마자"":""BacLieu"",""지역명_베트남어"":""BạcLiêu"",""행정단위"":""Province""}",,주 기술 23(탄소흡수원) · 부 기술 35(산림·생태계). 원자료 name_1 은 UTF-8 이중 인코딩으로 깨져 있어 GADM 명칭으로 대체(값 영향 없음).,,,,B-030_산림 이득(ha／yr).xlsx,1.2_entity(레코드형),25,
B-030,산림 이득,entity,v124-b-030-entity-00007,B-030_forest_change_adm1,VNM,,,,,,,,,VNM.13_1,8.95681,105.061349,"{""2000년_수관_면적_ha"":57123.4,""2025_개편_후_소속_34개_체계"":""Cà Mau"",""경계_좌표_산출근거"":""경계는 GADM 4.1 ADM1(2022년판, 2025년 개편 이전 63개 성). 대표좌표는 최대 폴리곤의 내부 보장 대표점. 좌표계 EPSG:4326. GFW·CCKP 의 성 단위 집계도 GADM 경계 기준이므로 값과 경계의 출처 체계가 일치. 2025-07-01 시행 결의 202/2025/QH15 의 34개 체계 대응은 별도 속성에 병기."",""경계_폴리곤_파일"":""[공통]VNM_admin1_GADM41_63.geojson"",""교란_후_회복_ha"":12214.07,""기간"":""2000–2020"",""기후기술_연계_근거"":""간접 · 연구진 판단 — 산림 이득은 탄소 흡수원의 증감을 나타내는 지표. 주 기술 23(탄소 흡수원), 부 기술 35(35) 는 note·2_meta_info tech_ids 참조. [근거자료] 원천 문서에 기술분류 표기 없음 — 연구진 판단(별첨2 R2 근거 기재)"",""레코드_키"":""VNM.13_1"",""분석대상_면적_ha_GFW"":516854.61,""손실_ha"":15706.29,""순변화_ha"":-5499.74,""순변화율"":-9.63,""유지_ha"":29203.1,""이득_ha"":10206.55,""지역명_로마자"":""CaMau"",""지역명_베트남어"":""CàMau"",""행정단위"":""Province""}",,주 기술 23(탄소흡수원) · 부 기술 35(산림·생태계). 원자료 name_1 은 UTF-8 이중 인코딩으로 깨져 있어 GADM 명칭으로 대체(값 영향 없음).,,,,B-030_산림 이득(ha／yr).xlsx,1.2_entity(레코드형),7,
B-030,산림 이득,entity,v124-b-030-entity-00008,B-030_forest_change_adm1,VNM,,,,,,,,,VNM.24_1,9.755554,105.562522,"{""2000년_수관_면적_ha"":18222.1,""2025_개편_후_소속_34개_체계"":""Cần Thơ"",""경계_좌표_산출근거"":""경계는 GADM 4.1 ADM1(2022년판, 2025년 개편 이전 63개 성). 대표좌표는 최대 폴리곤의 내부 보장 대표점. 좌표계 EPSG:4326. GFW·CCKP 의 성 단위 집계도 GADM 경계 기준이므로 값과 경계의 출처 체계가 일치. 2025-07-01 시행 결의 202/2025/QH15 의 34개 체계 대응은 별도 속성에 병기."",""경계_폴리곤_파일"":""[공통]VNM_admin1_GADM41_63.geojson"",""교란_후_회복_ha"":410.6,""기간"":""2000–2020"",""기후기술_연계_근거"":""간접 · 연구진 판단 — 산림 이득은 탄소 흡수원의 증감을 나타내는 지표. 주 기술 23(탄소 흡수원), 부 기술 35(35) 는 note·2_meta_info tech_ids 참조. [근거자료] 원천 문서에 기술분류 표기 없음 — 연구진 판단(별첨2 R2 근거 기재)"",""레코드_키"":""VNM.24_1"",""분석대상_면적_ha_GFW"":162204.81,""손실_ha"":553.06,""순변화_ha"":2501.89,""순변화율"":13.73,""유지_ha"":17258.43,""이득_ha"":3054.95,""지역명_로마자"":""HauGiang"",""지역명_베트남어"":""HậuGiang"",""행정단위"":""Province""}",,주 기술 23(탄소흡수원) · 부 기술 35(산림·생태계). 원자료 name_1 은 UTF-8 이중 인코딩으로 깨져 있어 GADM 명칭으로 대체(값 영향 없음).,,,,B-030_산림 이득(ha／yr).xlsx,1.2_entity(레코드형),19,
B-030,산림 이득,entity,v124-b-030-entity-00009,B-030_forest_change_adm1,VNM,,,,,,,,,VNM.51_1,9.503674,105.823139,"{""2000년_수관_면적_ha"":23629.6,""2025_개편_후_소속_34개_체계"":""Cần Thơ"",""경계_좌표_산출근거"":""경계는 GADM 4.1 ADM1(2022년판, 2025년 개편 이전 63개 성). 대표좌표는 최대 폴리곤의 내부 보장 대표점. 좌표계 EPSG:4326. GFW·CCKP 의 성 단위 집계도 GADM 경계 기준이므로 값과 경계의 출처 체계가 일치. 2025-07-01 시행 결의 202/2025/QH15 의 34개 체계 대응은 별도 속성에 병기."",""경계_폴리곤_파일"":""[공통]VNM_admin1_GADM41_63.geojson"",""교란_후_회복_ha"":1289.58,""기간"":""2000–2020"",""기후기술_연계_근거"":""간접 · 연구진 판단 — 산림 이득은 탄소 흡수원의 증감을 나타내는 지표. 주 기술 23(탄소 흡수원), 부 기술 35(35) 는 note·2_meta_info tech_ids 참조. [근거자료] 원천 문서에 기술분류 표기 없음 — 연구진 판단(별첨2 R2 근거 기재)"",""레코드_키"":""VNM.51_1"",""분석대상_면적_ha_GFW"":328276.48,""손실_ha"":1099.57,""순변화_ha"":1683.53,""순변화율"":7.12,""유지_ha"":21240.46,""이득_ha"":2783.1,""지역명_로마자"":""SocTrang"",""지역명_베트남어"":""SócTrăng"",""행정단위"":""Province""}",,주 기술 23(탄소흡수원) · 부 기술 35(산림·생태계). 원자료 name_1 은 UTF-8 이중 인코딩으로 깨져 있어 GADM 명칭으로 대체(값 영향 없음).,,,,B-030_산림 이득(ha／yr).xlsx,1.2_entity(레코드형),49,
B-030,산림 이득,entity,v124-b-030-entity-00010,B-030_forest_change_adm1,VNM,,,,,,,,,VNM.12_1,10.074176,105.579935,"{""2000년_수관_면적_ha"":8745.04,""2025_개편_후_소속_34개_체계"":""Cần Thơ"",""경계_좌표_산출근거"":""경계는 GADM 4.1 ADM1(2022년판, 2025년 개편 이전 63개 성). 대표좌표는 최대 폴리곤의 내부 보장 대표점. 좌표계 EPSG:4326. GFW·CCKP 의 성 단위 집계도 GADM 경계 기준이므로 값과 경계의 출처 체계가 일치. 2025-07-01 시행 결의 202/2025/QH15 의 34개 체계 대응은 별도 속성에 병기."",""경계_폴리곤_파일"":""[공통]VNM_admin1_GADM41_63.geojson"",""교란_후_회복_ha"":14.02,""기간"":""2000–2020"",""기후기술_연계_근거"":""간접 · 연구진 판단 — 산림 이득은 탄소 흡수원의 증감을 나타내는 지표. 주 기술 23(탄소 흡수원), 부 기술 35(35) 는 note·2_meta_info tech_ids 참조. [근거자료] 원천 문서에 기술분류 표기 없음 — 연구진 판단(별첨2 R2 근거 기재)"",""레코드_키"":""VNM.12_1"",""분석대상_면적_ha_GFW"":143967.31,""손실_ha"":167.7,""순변화_ha"":1088.24,""순변화율"":12.44,""유지_ha"":8563.32,""이득_ha"":1255.94,""지역명_로마자"":""CanTho"",""지역명_베트남어"":""CầnThơ"",""행정단위"":""City""}",,주 기술 23(탄소흡수원) · 부 기술 35(산림·생태계). 원자료 name_1 은 UTF-8 이중 인코딩으로 깨져 있어 GADM 명칭으로 대체(값 영향 없음).,,,,B-030_산림 이득(ha／yr).xlsx,1.2_entity(레코드형),6,
B-030,산림 이득,entity,v124-b-030-entity-00011,B-030_forest_change_adm1,VNM,,,,,,,,,VNM.8_1,14.120809,108.956807,"{""2000년_수관_면적_ha"":411297,""2025_개편_후_소속_34개_체계"":""Gia Lai"",""경계_좌표_산출근거"":""경계는 GADM 4.1 ADM1(2022년판, 2025년 개편 이전 63개 성). 대표좌표는 최대 폴리곤의 내부 보장 대표점. 좌표계 EPSG:4326. GFW·CCKP 의 성 단위 집계도 GADM 경계 기준이므로 값과 경계의 출처 체계가 일치. 2025-07-01 시행 결의 202/2025/QH15 의 34개 체계 대응은 별도 속성에 병기."",""경계_폴리곤_파일"":""[공통]VNM_admin1_GADM41_63.geojson"",""교란_후_회복_ha"":119820.76,""기간"":""2000–2020"",""기후기술_연계_근거"":""간접 · 연구진 판단 — 산림 이득은 탄소 흡수원의 증감을 나타내는 지표. 주 기술 23(탄소 흡수원), 부 기술 35(35) 는 note·2_meta_info tech_ids 참조. [근거자료] 원천 문서에 기술분류 표기 없음 — 연구진 판단(별첨2 R2 근거 기재)"",""레코드_키"":""VNM.8_1"",""분석대상_면적_ha_GFW"":606381.38,""손실_ha"":31793.23,""순변화_ha"":-12743.77,""순변화율"":-3.1,""유지_ha"":259683.43,""이득_ha"":19049.46,""지역명_로마자"":""BinhDinh"",""지역명_베트남어"":""BìnhĐịnh"",""행정단위"":""Province""}",,주 기술 23(탄소흡수원) · 부 기술 35(산림·생태계). 원자료 name_1 은 UTF-8 이중 인코딩으로 깨져 있어 GADM 명칭으로 대체(값 영향 없음).,,,,B-030_산림 이득(ha／yr).xlsx,1.2_entity(레코드형),65,
B-030,산림 이득,entity,v124-b-030-entity-00012,B-030_forest_change_adm1,VNM,,,,,,,,,VNM.21_1,13.777335,108.313385,"{""2000년_수관_면적_ha"":945151,""2025_개편_후_소속_34개_체계"":""Gia Lai"",""경계_좌표_산출근거"":""경계는 GADM 4.1 ADM1(2022년판, 2025년 개편 이전 63개 성). 대표좌표는 최대 폴리곤의 내부 보장 대표점. 좌표계 EPSG:4326. GFW·CCKP 의 성 단위 집계도 GADM 경계 기준이므로 값과 경계의 출처 체계가 일치. 2025-07-01 시행 결의 202/2025/QH15 의 34개 체계 대응은 별도 속성에 병기."",""경계_폴리곤_파일"":""[공통]VNM_admin1_GADM41_63.geojson"",""교란_후_회복_ha"":176384.64,""기간"":""2000–2020"",""기후기술_연계_근거"":""간접 · 연구진 판단 — 산림 이득은 탄소 흡수원의 증감을 나타내는 지표. 주 기술 23(탄소 흡수원), 부 기술 35(35) 는 note·2_meta_info tech_ids 참조. [근거자료] 원천 문서에 기술분류 표기 없음 — 연구진 판단(별첨2 R2 근거 기재)"",""레코드_키"":""VNM.21_1"",""분석대상_면적_ha_GFW"":1551378.16,""손실_ha"":214462.1,""순변화_ha"":-137818.31,""순변화율"":-14.58,""유지_ha"":554303.83,""이득_ha"":76643.79,""지역명_로마자"":""GiaLai"",""지역명_베트남어"":""GiaLai"",""행정단위"":""Province""}",,주 기술 23(탄소흡수원) · 부 기술 35(산림·생태계). 원자료 name_1 은 UTF-8 이중 인코딩으로 깨져 있어 GADM 명칭으로 대체(값 영향 없음).,,,,B-030_산림 이득(ha／yr).xlsx,1.2_entity(레코드형),16,
B-030,산림 이득,entity,v124-b-030-entity-00013,B-030_forest_change_adm1,VNM,,,,,,,,,VNM.54_1,16.290127,107.500923,"{""2000년_수관_면적_ha"":376145,""2025_개편_후_소속_34개_체계"":""Huế"",""경계_좌표_산출근거"":""경계는 GADM 4.1 ADM1(2022년판, 2025년 개편 이전 63개 성). 대표좌표는 최대 폴리곤의 내부 보장 대표점. 좌표계 EPSG:4326. GFW·CCKP 의 성 단위 집계도 GADM 경계 기준이므로 값과 경계의 출처 체계가 일치. 2025-07-01 시행 결의 202/2025/QH15 의 34개 체계 대응은 별도 속성에 병기."",""경계_폴리곤_파일"":""[공통]VNM_admin1_GADM41_63.geojson"",""교란_후_회복_ha"":90855.43,""기간"":""2000–2020"",""기후기술_연계_근거"":""간접 · 연구진 판단 — 산림 이득은 탄소 흡수원의 증감을 나타내는 지표. 주 기술 23(탄소 흡수원), 부 기술 35(35) 는 note·2_meta_info tech_ids 참조. [근거자료] 원천 문서에 기술분류 표기 없음 — 연구진 판단(별첨2 R2 근거 기재)"",""레코드_키"":""VNM.54_1"",""분석대상_면적_ha_GFW"":502425.01,""손실_ha"":22025.28,""순변화_ha"":-14774.91,""순변화율"":-3.93,""유지_ha"":263264.75,""이득_ha"":7250.36,""지역명_로마자"":""ThuaThienHue"",""지역명_베트남어"":""ThừaThiênHuế"",""행정단위"":""Province""}",,주 기술 23(탄소흡수원) · 부 기술 35(산림·생태계). 원자료 name_1 은 UTF-8 이중 인코딩으로 깨져 있어 GADM 명칭으로 대체(값 영향 없음).,,,,B-030_산림 이득(ha／yr).xlsx,1.2_entity(레코드형),52,
B-030,산림 이득,entity,v124-b-030-entity-00014,B-030_forest_change_adm1,VNM,,,,,,,,,VNM.27_1,20.996465,105.735216,"{""2000년_수관_면적_ha"":58312.6,""2025_개편_후_소속_34개_체계"":""Hà Nội"",""경계_좌표_산출근거"":""경계는 GADM 4.1 ADM1(2022년판, 2025년 개편 이전 63개 성). 대표좌표는 최대 폴리곤의 내부 보장 대표점. 좌표계 EPSG:4326. GFW·CCKP 의 성 단위 집계도 GADM 경계 기준이므로 값과 경계의 출처 체계가 일치. 2025-07-01 시행 결의 202/2025/QH15 의 34개 체계 대응은 별도 속성에 병기."",""경계_폴리곤_파일"":""[공통]VNM_admin1_GADM41_63.geojson"",""교란_후_회복_ha"":8259.98,""기간"":""2000–2020"",""기후기술_연계_근거"":""간접 · 연구진 판단 — 산림 이득은 탄소 흡수원의 증감을 나타내는 지표. 주 기술 23(탄소 흡수원), 부 기술 35(35) 는 note·2_meta_info tech_ids 참조. [근거자료] 원천 문서에 기술분류 표기 없음 — 연구진 판단(별첨2 R2 근거 기재)"",""레코드_키"":""VNM.27_1"",""분석대상_면적_ha_GFW"":335670.9,""손실_ha"":1239.55,""순변화_ha"":7465.17,""순변화율"":12.8,""유지_ha"":48813.09,""이득_ha"":8704.71,""지역명_로마자"":""HaNoi"",""지역명_베트남어"":""HàNội"",""행정단위"":""City""}",,주 기술 23(탄소흡수원) · 부 기술 35(산림·생태계). 원자료 name_1 은 UTF-8 이중 인코딩으로 깨져 있어 GADM 명칭으로 대체(값 영향 없음).,,,,B-030_산림 이득(ha／yr).xlsx,1.2_entity(레코드형),22,
B-030,산림 이득,entity,v124-b-030-entity-00015,B-030_forest_change_adm1,VNM,,,,,,,,,VNM.29_1,18.260246,105.694355,"{""2000년_수관_면적_ha"":394306,""2025_개편_후_소속_34개_체계"":""Hà Tĩnh"",""경계_좌표_산출근거"":""경계는 GADM 4.1 ADM1(2022년판, 2025년 개편 이전 63개 성). 대표좌표는 최대 폴리곤의 내부 보장 대표점. 좌표계 EPSG:4326. GFW·CCKP 의 성 단위 집계도 GADM 경계 기준이므로 값과 경계의 출처 체계가 일치. 2025-07-01 시행 결의 202/2025/QH15 의 34개 체계 대응은 별도 속성에 병기."",""경계_폴리곤_파일"":""[공통]VNM_admin1_GADM41_63.geojson"",""교란_후_회복_ha"":125655.42,""기간"":""2000–2020"",""기후기술_연계_근거"":""간접 · 연구진 판단 — 산림 이득은 탄소 흡수원의 증감을 나타내는 지표. 주 기술 23(탄소 흡수원), 부 기술 35(35) 는 note·2_meta_info tech_ids 참조. [근거자료] 원천 문서에 기술분류 표기 없음 — 연구진 판단(별첨2 R2 근거 기재)"",""레코드_키"":""VNM.29_1"",""분석대상_면적_ha_GFW"":598336.52,""손실_ha"":18781.75,""순변화_ha"":-8091.54,""순변화율"":-2.05,""유지_ha"":249868.57,""이득_ha"":10690.21,""지역명_로마자"":""HaTinh"",""지역명_베트남어"":""HàTĩnh"",""행정단위"":""Province""}",,주 기술 23(탄소흡수원) · 부 기술 35(산림·생태계). 원자료 name_1 은 UTF-8 이중 인코딩으로 깨져 있어 GADM 명칭으로 대체(값 영향 없음).,,,,B-030_산림 이득(ha／yr).xlsx,1.2_entity(레코드형),24,
B-030,산림 이득,entity,v124-b-030-entity-00016,B-030_forest_change_adm1,VNM,,,,,,,,,VNM.55_1,20.553551,106.376408,"{""2000년_수관_면적_ha"":10788.4,""2025_개편_후_소속_34개_체계"":""Hưng Yên"",""경계_좌표_산출근거"":""경계는 GADM 4.1 ADM1(2022년판, 2025년 개편 이전 63개 성). 대표좌표는 최대 폴리곤의 내부 보장 대표점. 좌표계 EPSG:4326. GFW·CCKP 의 성 단위 집계도 GADM 경계 기준이므로 값과 경계의 출처 체계가 일치. 2025-07-01 시행 결의 202/2025/QH15 의 34개 체계 대응은 별도 속성에 병기."",""경계_폴리곤_파일"":""[공통]VNM_admin1_GADM41_63.geojson"",""교란_후_회복_ha"":23.89,""기간"":""2000–2020"",""기후기술_연계_근거"":""간접 · 연구진 판단 — 산림 이득은 탄소 흡수원의 증감을 나타내는 지표. 주 기술 23(탄소 흡수원), 부 기술 35(35) 는 note·2_meta_info tech_ids 참조. [근거자료] 원천 문서에 기술분류 표기 없음 — 연구진 판단(별첨2 R2 근거 기재)"",""레코드_키"":""VNM.55_1"",""분석대상_면적_ha_GFW"":161229.12,""손실_ha"":24.32,""순변화_ha"":1803.39,""순변화율"":16.72,""유지_ha"":10740.14,""이득_ha"":1827.71,""지역명_로마자"":""ThaiBinh"",""지역명_베트남어"":""TháiBình"",""행정단위"":""Province""}",,주 기술 23(탄소흡수원) · 부 기술 35(산림·생태계). 원자료 name_1 은 UTF-8 이중 인코딩으로 깨져 있어 GADM 명칭으로 대체(값 영향 없음).,,,,B-030_산림 이득(ha／yr).xlsx,1.2_entity(레코드형),53,
B-030,산림 이득,entity,v124-b-030-entity-00017,B-030_forest_change_adm1,VNM,,,,,,,,,VNM.31_1,20.845431,106.076522,"{""2000년_수관_면적_ha"":3212.63,""2025_개편_후_소속_34개_체계"":""Hưng Yên"",""경계_좌표_산출근거"":""경계는 GADM 4.1 ADM1(2022년판, 2025년 개편 이전 63개 성). 대표좌표는 최대 폴리곤의 내부 보장 대표점. 좌표계 EPSG:4326. GFW·CCKP 의 성 단위 집계도 GADM 경계 기준이므로 값과 경계의 출처 체계가 일치. 2025-07-01 시행 결의 202/2025/QH15 의 34개 체계 대응은 별도 속성에 병기."",""경계_폴리곤_파일"":""[공통]VNM_admin1_GADM41_63.geojson"",""교란_후_회복_ha"":13.77,""기간"":""2000–2020"",""기후기술_연계_근거"":""간접 · 연구진 판단 — 산림 이득은 탄소 흡수원의 증감을 나타내는 지표. 주 기술 23(탄소 흡수원), 부 기술 35(35) 는 note·2_meta_info tech_ids 참조. [근거자료] 원천 문서에 기술분류 표기 없음 — 연구진 판단(별첨2 R2 근거 기재)"",""레코드_키"":""VNM.31_1"",""분석대상_면적_ha_GFW"":92638.49,""손실_ha"":5.26,""순변화_ha"":2252.26,""순변화율"":70.11,""유지_ha"":3193.61,""이득_ha"":2257.52,""지역명_로마자"":""HungYen"",""지역명_베트남어"":""HưngYên"",""행정단위"":""Province""}",,주 기술 23(탄소흡수원) · 부 기술 35(산림·생태계). 원자료 name_1 은 UTF-8 이중 인코딩으로 깨져 있어 GADM 명칭으로 대체(값 영향 없음).,,,,B-030_산림 이득(ha／yr).xlsx,1.2_entity(레코드형),27,
B-030,산림 이득,entity,v124-b-030-entity-00018,B-030_forest_change_adm1,VNM,,,,,,,,,VNM.22_1,20.948275,106.37705,"{""2000년_수관_면적_ha"":17713,""2025_개편_후_소속_34개_체계"":""Hải Phòng"",""경계_좌표_산출근거"":""경계는 GADM 4.1 ADM1(2022년판, 2025년 개편 이전 63개 성). 대표좌표는 최대 폴리곤의 내부 보장 대표점. 좌표계 EPSG:4326. GFW·CCKP 의 성 단위 집계도 GADM 경계 기준이므로 값과 경계의 출처 체계가 일치. 2025-07-01 시행 결의 202/2025/QH15 의 34개 체계 대응은 별도 속성에 병기."",""경계_폴리곤_파일"":""[공통]VNM_admin1_GADM41_63.geojson"",""교란_후_회복_ha"":1866.27,""기간"":""2000–2020"",""기후기술_연계_근거"":""간접 · 연구진 판단 — 산림 이득은 탄소 흡수원의 증감을 나타내는 지표. 주 기술 23(탄소 흡수원), 부 기술 35(35) 는 note·2_meta_info tech_ids 참조. [근거자료] 원천 문서에 기술분류 표기 없음 — 연구진 판단(별첨2 R2 근거 기재)"",""레코드_키"":""VNM.22_1"",""분석대상_면적_ha_GFW"":167040.86,""손실_ha"":464.47,""순변화_ha"":3934.95,""순변화율"":22.22,""유지_ha"":15382.28,""이득_ha"":4399.42,""지역명_로마자"":""HaiDuong"",""지역명_베트남어"":""HảiDương"",""행정단위"":""Province""}",,주 기술 23(탄소흡수원) · 부 기술 35(산림·생태계). 원자료 name_1 은 UTF-8 이중 인코딩으로 깨져 있어 GADM 명칭으로 대체(값 영향 없음).,,,,B-030_산림 이득(ha／yr).xlsx,1.2_entity(레코드형),17,
B-030,산림 이득,entity,v124-b-030-entity-00019,B-030_forest_change_adm1,VNM,,,,,,,,,VNM.23_1,20.808152,106.604699,"{""2000년_수관_면적_ha"":24380.8,""2025_개편_후_소속_34개_체계"":""Hải Phòng"",""경계_좌표_산출근거"":""경계는 GADM 4.1 ADM1(2022년판, 2025년 개편 이전 63개 성). 대표좌표는 최대 폴리곤의 내부 보장 대표점. 좌표계 EPSG:4326. GFW·CCKP 의 성 단위 집계도 GADM 경계 기준이므로 값과 경계의 출처 체계가 일치. 2025-07-01 시행 결의 202/2025/QH15 의 34개 체계 대응은 별도 속성에 병기."",""경계_폴리곤_파일"":""[공통]VNM_admin1_GADM41_63.geojson"",""교란_후_회복_ha"":680.97,""기간"":""2000–2020"",""기후기술_연계_근거"":""간접 · 연구진 판단 — 산림 이득은 탄소 흡수원의 증감을 나타내는 지표. 주 기술 23(탄소 흡수원), 부 기술 35(35) 는 note·2_meta_info tech_ids 참조. [근거자료] 원천 문서에 기술분류 표기 없음 — 연구진 판단(별첨2 R2 근거 기재)"",""레코드_키"":""VNM.23_1"",""분석대상_면적_ha_GFW"":140010.7,""손실_ha"":213.06,""순변화_ha"":1837.61,""순변화율"":7.54,""유지_ha"":23486.77,""이득_ha"":2050.67,""지역명_로마자"":""HaiPhong"",""지역명_베트남어"":""HảiPhòng"",""행정단위"":""City""}",,주 기술 23(탄소흡수원) · 부 기술 35(산림·생태계). 원자료 name_1 은 UTF-8 이중 인코딩으로 깨져 있어 GADM 명칭으로 대체(값 영향 없음).,,,,B-030_산림 이득(ha／yr).xlsx,1.2_entity(레코드형),18,
B-030,산림 이득,entity,v124-b-030-entity-00020,B-030_forest_change_adm1,VNM,,,,,,,,,VNM.9_1,11.191021,106.703083,"{""2000년_수관_면적_ha"":151407,""2025_개편_후_소속_34개_체계"":""Hồ Chí Minh"",""경계_좌표_산출근거"":""경계는 GADM 4.1 ADM1(2022년판, 2025년 개편 이전 63개 성). 대표좌표는 최대 폴리곤의 내부 보장 대표점. 좌표계 EPSG:4326. GFW·CCKP 의 성 단위 집계도 GADM 경계 기준이므로 값과 경계의 출처 체계가 일치. 2025-07-01 시행 결의 202/2025/QH15 의 34개 체계 대응은 별도 속성에 병기."",""경계_폴리곤_파일"":""[공통]VNM_admin1_GADM41_63.geojson"",""교란_후_회복_ha"":73283.59,""기간"":""2000–2020"",""기후기술_연계_근거"":""간접 · 연구진 판단 — 산림 이득은 탄소 흡수원의 증감을 나타내는 지표. 주 기술 23(탄소 흡수원), 부 기술 35(35) 는 note·2_meta_info tech_ids 참조. [근거자료] 원천 문서에 기술분류 표기 없음 — 연구진 판단(별첨2 R2 근거 기재)"",""레코드_키"":""VNM.9_1"",""분석대상_면적_ha_GFW"":269234.66,""손실_ha"":43425.72,""순변화_ha"":-2871.14,""순변화율"":-1.9,""유지_ha"":34697.27,""이득_ha"":40554.58,""지역명_로마자"":""BinhDuong"",""지역명_베트남어"":""BìnhDương"",""행정단위"":""Province""}",,주 기술 23(탄소흡수원) · 부 기술 35(산림·생태계). 원자료 name_1 은 UTF-8 이중 인코딩으로 깨져 있어 GADM 명칭으로 대체(값 영향 없음).,,,,B-030_산림 이득(ha／yr).xlsx,1.2_entity(레코드형),66,
B-030,산림 이득,entity,v124-b-030-entity-00021,B-030_forest_change_adm1,VNM,,,,,,,,,VNM.25_1,10.781454,106.700332,"{""2000년_수관_면적_ha"":54309.4,""2025_개편_후_소속_34개_체계"":""Hồ Chí Minh"",""경계_좌표_산출근거"":""경계는 GADM 4.1 ADM1(2022년판, 2025년 개편 이전 63개 성). 대표좌표는 최대 폴리곤의 내부 보장 대표점. 좌표계 EPSG:4326. GFW·CCKP 의 성 단위 집계도 GADM 경계 기준이므로 값과 경계의 출처 체계가 일치. 2025-07-01 시행 결의 202/2025/QH15 의 34개 체계 대응은 별도 속성에 병기."",""경계_폴리곤_파일"":""[공통]VNM_admin1_GADM41_63.geojson"",""교란_후_회복_ha"":2209.95,""기간"":""2000–2020"",""기후기술_연계_근거"":""간접 · 연구진 판단 — 산림 이득은 탄소 흡수원의 증감을 나타내는 지표. 주 기술 23(탄소 흡수원), 부 기술 35(35) 는 note·2_meta_info tech_ids 참조. [근거자료] 원천 문서에 기술분류 표기 없음 — 연구진 판단(별첨2 R2 근거 기재)"",""레코드_키"":""VNM.25_1"",""분석대상_면적_ha_GFW"":210961.88,""손실_ha"":2633.2,""순변화_ha"":3769.23,""순변화율"":6.94,""유지_ha"":49466.24,""이득_ha"":6402.43,""지역명_로마자"":""HoChiMinh"",""지역명_베트남어"":""HồChíMinh"",""행정단위"":""City""}",,주 기술 23(탄소흡수원) · 부 기술 35(산림·생태계). 원자료 name_1 은 UTF-8 이중 인코딩으로 깨져 있어 GADM 명칭으로 대체(값 영향 없음).,,,,B-030_산림 이득(ha／yr).xlsx,1.2_entity(레코드형),20,
B-030,산림 이득,entity,v124-b-030-entity-00022,B-030_forest_change_adm1,VNM,,,,,,,,,VNM.7_1,10.623881,107.29063,"{""2000년_수관_면적_ha"":83373.3,""2025_개편_후_소속_34개_체계"":""Hồ Chí Minh"",""경계_좌표_산출근거"":""경계는 GADM 4.1 ADM1(2022년판, 2025년 개편 이전 63개 성). 대표좌표는 최대 폴리곤의 내부 보장 대표점. 좌표계 EPSG:4326. GFW·CCKP 의 성 단위 집계도 GADM 경계 기준이므로 값과 경계의 출처 체계가 일치. 2025-07-01 시행 결의 202/2025/QH15 의 34개 체계 대응은 별도 속성에 병기."",""경계_폴리곤_파일"":""[공통]VNM_admin1_GADM41_63.geojson"",""교란_후_회복_ha"":26376.95,""기간"":""2000–2020"",""기후기술_연계_근거"":""간접 · 연구진 판단 — 산림 이득은 탄소 흡수원의 증감을 나타내는 지표. 주 기술 23(탄소 흡수원), 부 기술 35(35) 는 note·2_meta_info tech_ids 참조. [근거자료] 원천 문서에 기술분류 표기 없음 — 연구진 판단(별첨2 R2 근거 기재)"",""레코드_키"":""VNM.7_1"",""분석대상_면적_ha_GFW"":190535.24,""손실_ha"":13224.33,""순변화_ha"":-3575.38,""순변화율"":-4.29,""유지_ha"":43772.01,""이득_ha"":9648.95,""지역명_로마자"":""BaRia-VungTau"",""지역명_베트남어"":""BàRịa-VũngTàu"",""행정단위"":""Province""}",,주 기술 23(탄소흡수원) · 부 기술 35(산림·생태계). 원자료 name_1 은 UTF-8 이중 인코딩으로 깨져 있어 GADM 명칭으로 대체(값 영향 없음).,,,,B-030_산림 이득(ha／yr).xlsx,1.2_entity(레코드형),64,
B-030,산림 이득,entity,v124-b-030-entity-00023,B-030_forest_change_adm1,VNM,,,,,,,,,VNM.43_1,11.734416,108.910318,"{""2000년_수관_면적_ha"":177858,""2025_개편_후_소속_34개_체계"":""Khánh Hòa"",""경계_좌표_산출근거"":""경계는 GADM 4.1 ADM1(2022년판, 2025년 개편 이전 63개 성). 대표좌표는 최대 폴리곤의 내부 보장 대표점. 좌표계 EPSG:4326. GFW·CCKP 의 성 단위 집계도 GADM 경계 기준이므로 값과 경계의 출처 체계가 일치. 2025-07-01 시행 결의 202/2025/QH15 의 34개 체계 대응은 별도 속성에 병기."",""경계_폴리곤_파일"":""[공통]VNM_admin1_GADM41_63.geojson"",""교란_후_회복_ha"":29344.59,""기간"":""2000–2020"",""기후기술_연계_근거"":""간접 · 연구진 판단 — 산림 이득은 탄소 흡수원의 증감을 나타내는 지표. 주 기술 23(탄소 흡수원), 부 기술 35(35) 는 note·2_meta_info tech_ids 참조. [근거자료] 원천 문서에 기술분류 표기 없음 — 연구진 판단(별첨2 R2 근거 기재)"",""레코드_키"":""VNM.43_1"",""분석대상_면적_ha_GFW"":335961.34,""손실_ha"":18483.41,""순변화_ha"":-15262.14,""순변화율"":-8.58,""유지_ha"":130029.56,""이득_ha"":3221.27,""지역명_로마자"":""NinhThuan"",""지역명_베트남어"":""NinhThuận"",""행정단위"":""Province""}",,주 기술 23(탄소흡수원) · 부 기술 35(산림·생태계). 원자료 name_1 은 UTF-8 이중 인코딩으로 깨져 있어 GADM 명칭으로 대체(값 영향 없음).,,,,B-030_산림 이득(ha／yr).xlsx,1.2_entity(레코드형),40,
B-030,산림 이득,entity,v124-b-030-entity-00024,B-030_forest_change_adm1,VNM,,,,,,,,,VNM.32_1,12.430038,109.141905,"{""2000년_수관_면적_ha"":330526,""2025_개편_후_소속_34개_체계"":""Khánh Hòa"",""경계_좌표_산출근거"":""경계는 GADM 4.1 ADM1(2022년판, 2025년 개편 이전 63개 성). 대표좌표는 최대 폴리곤의 내부 보장 대표점. 좌표계 EPSG:4326. GFW·CCKP 의 성 단위 집계도 GADM 경계 기준이므로 값과 경계의 출처 체계가 일치. 2025-07-01 시행 결의 202/2025/QH15 의 34개 체계 대응은 별도 속성에 병기."",""경계_폴리곤_파일"":""[공통]VNM_admin1_GADM41_63.geojson"",""교란_후_회복_ha"":75499.78,""기간"":""2000–2020"",""기후기술_연계_근거"":""간접 · 연구진 판단 — 산림 이득은 탄소 흡수원의 증감을 나타내는 지표. 주 기술 23(탄소 흡수원), 부 기술 35(35) 는 note·2_meta_info tech_ids 참조. [근거자료] 원천 문서에 기술분류 표기 없음 — 연구진 판단(별첨2 R2 근거 기재)"",""레코드_키"":""VNM.32_1"",""분석대상_면적_ha_GFW"":483927.32,""손실_ha"":32722.76,""순변화_ha"":-23051.75,""순변화율"":-6.97,""유지_ha"":222303.13,""이득_ha"":9671.01,""지역명_로마자"":""KhanhHoa"",""지역명_베트남어"":""KhánhHòa"",""행정단위"":""Province""}",,주 기술 23(탄소흡수원) · 부 기술 35(산림·생태계). 원자료 name_1 은 UTF-8 이중 인코딩으로 깨져 있어 GADM 명칭으로 대체(값 영향 없음).,,,,B-030_산림 이득(ha／yr).xlsx,1.2_entity(레코드형),28,
B-030,산림 이득,entity,v124-b-030-entity-00025,B-030_forest_change_adm1,VNM,,,,,,,,,VNM.36_1,22.310908,103.155302,"{""2000년_수관_면적_ha"":763780,""2025_개편_후_소속_34개_체계"":""Lai Châu"",""경계_좌표_산출근거"":""경계는 GADM 4.1 ADM1(2022년판, 2025년 개편 이전 63개 성). 대표좌표는 최대 폴리곤의 내부 보장 대표점. 좌표계 EPSG:4326. GFW·CCKP 의 성 단위 집계도 GADM 경계 기준이므로 값과 경계의 출처 체계가 일치. 2025-07-01 시행 결의 202/2025/QH15 의 34개 체계 대응은 별도 속성에 병기."",""경계_폴리곤_파일"":""[공통]VNM_admin1_GADM41_63.geojson"",""교란_후_회복_ha"":120881.51,""기간"":""2000–2020"",""기후기술_연계_근거"":""간접 · 연구진 판단 — 산림 이득은 탄소 흡수원의 증감을 나타내는 지표. 주 기술 23(탄소 흡수원), 부 기술 35(35) 는 note·2_meta_info tech_ids 참조. [근거자료] 원천 문서에 기술분류 표기 없음 — 연구진 판단(별첨2 R2 근거 기재)"",""레코드_키"":""VNM.36_1"",""분석대상_면적_ha_GFW"":906244.54,""손실_ha"":25011.61,""순변화_ha"":-8968.6,""순변화율"":-1.17,""유지_ha"":617886.76,""이득_ha"":16043.01,""지역명_로마자"":""LaiChau"",""지역명_베트남어"":""LaiChâu"",""행정단위"":""Province""}",,주 기술 23(탄소흡수원) · 부 기술 35(산림·생태계). 원자료 name_1 은 UTF-8 이중 인코딩으로 깨져 있어 GADM 명칭으로 대체(값 영향 없음).,,,,B-030_산림 이득(ha／yr).xlsx,1.2_entity(레코드형),32,
B-030,산림 이득,entity,v124-b-030-entity-00026,B-030_forest_change_adm1,VNM,,,,,,,,,VNM.38_1,22.400211,104.114336,"{""2000년_수관_면적_ha"":496188,""2025_개편_후_소속_34개_체계"":""Lào Cai"",""경계_좌표_산출근거"":""경계는 GADM 4.1 ADM1(2022년판, 2025년 개편 이전 63개 성). 대표좌표는 최대 폴리곤의 내부 보장 대표점. 좌표계 EPSG:4326. GFW·CCKP 의 성 단위 집계도 GADM 경계 기준이므로 값과 경계의 출처 체계가 일치. 2025-07-01 시행 결의 202/2025/QH15 의 34개 체계 대응은 별도 속성에 병기."",""경계_폴리곤_파일"":""[공통]VNM_admin1_GADM41_63.geojson"",""교란_후_회복_ha"":78889.62,""기간"":""2000–2020"",""기후기술_연계_근거"":""간접 · 연구진 판단 — 산림 이득은 탄소 흡수원의 증감을 나타내는 지표. 주 기술 23(탄소 흡수원), 부 기술 35(35) 는 note·2_meta_info tech_ids 참조. [근거자료] 원천 문서에 기술분류 표기 없음 — 연구진 판단(별첨2 R2 근거 기재)"",""레코드_키"":""VNM.38_1"",""분석대상_면적_ha_GFW"":635939.82,""손실_ha"":16188.28,""순변화_ha"":-4558.57,""순변화율"":-0.92,""유지_ha"":401109.71,""이득_ha"":11629.7,""지역명_로마자"":""LaoCai"",""지역명_베트남어"":""LàoCai"",""행정단위"":""Province""}",,주 기술 23(탄소흡수원) · 부 기술 35(산림·생태계). 원자료 name_1 은 UTF-8 이중 인코딩으로 깨져 있어 GADM 명칭으로 대체(값 영향 없음).,,,,B-030_산림 이득(ha／yr).xlsx,1.2_entity(레코드형),34,
B-030,산림 이득,entity,v124-b-030-entity-00027,B-030_forest_change_adm1,VNM,,,,,,,,,VNM.63_1,21.811606,104.570136,"{""2000년_수관_면적_ha"":575895,""2025_개편_후_소속_34개_체계"":""Lào Cai"",""경계_좌표_산출근거"":""경계는 GADM 4.1 ADM1(2022년판, 2025년 개편 이전 63개 성). 대표좌표는 최대 폴리곤의 내부 보장 대표점. 좌표계 EPSG:4326. GFW·CCKP 의 성 단위 집계도 GADM 경계 기준이므로 값과 경계의 출처 체계가 일치. 2025-07-01 시행 결의 202/2025/QH15 의 34개 체계 대응은 별도 속성에 병기."",""경계_폴리곤_파일"":""[공통]VNM_admin1_GADM41_63.geojson"",""교란_후_회복_ha"":155163.96,""기간"":""2000–2020"",""기후기술_연계_근거"":""간접 · 연구진 판단 — 산림 이득은 탄소 흡수원의 증감을 나타내는 지표. 주 기술 23(탄소 흡수원), 부 기술 35(35) 는 note·2_meta_info tech_ids 참조. [근거자료] 원천 문서에 기술분류 표기 없음 — 연구진 판단(별첨2 R2 근거 기재)"",""레코드_키"":""VNM.63_1"",""분석대상_면적_ha_GFW"":688790.27,""손실_ha"":16097.72,""순변화_ha"":-3573.18,""순변화율"":-0.62,""유지_ha"":404633.78,""이득_ha"":12524.54,""지역명_로마자"":""YenBai"",""지역명_베트남어"":""YênBái"",""행정단위"":""Province""}",,주 기술 23(탄소흡수원) · 부 기술 35(산림·생태계). 원자료 name_1 은 UTF-8 이중 인코딩으로 깨져 있어 GADM 명칭으로 대체(값 영향 없음).,,,,B-030_산림 이득(ha／yr).xlsx,1.2_entity(레코드형),62,
B-030,산림 이득,entity,v124-b-030-entity-00028,B-030_forest_change_adm1,VNM,,,,,,,,,VNM.11_1,11.129772,107.976079,"{""2000년_수관_면적_ha"":385370,""2025_개편_후_소속_34개_체계"":""Lâm Đồng"",""경계_좌표_산출근거"":""경계는 GADM 4.1 ADM1(2022년판, 2025년 개편 이전 63개 성). 대표좌표는 최대 폴리곤의 내부 보장 대표점. 좌표계 EPSG:4326. GFW·CCKP 의 성 단위 집계도 GADM 경계 기준이므로 값과 경계의 출처 체계가 일치. 2025-07-01 시행 결의 202/2025/QH15 의 34개 체계 대응은 별도 속성에 병기."",""경계_폴리곤_파일"":""[공통]VNM_admin1_GADM41_63.geojson"",""교란_후_회복_ha"":58369.78,""기간"":""2000–2020"",""기후기술_연계_근거"":""간접 · 연구진 판단 — 산림 이득은 탄소 흡수원의 증감을 나타내는 지표. 주 기술 23(탄소 흡수원), 부 기술 35(35) 는 note·2_meta_info tech_ids 참조. [근거자료] 원천 문서에 기술분류 표기 없음 — 연구진 판단(별첨2 R2 근거 기재)"",""레코드_키"":""VNM.11_1"",""분석대상_면적_ha_GFW"":794085.62,""손실_ha"":34458.51,""순변화_ha"":-1747.14,""순변화율"":-0.45,""유지_ha"":292541.59,""이득_ha"":32711.38,""지역명_로마자"":""BinhThuan"",""지역명_베트남어"":""BìnhThuận"",""행정단위"":""Province""}",,주 기술 23(탄소흡수원) · 부 기술 35(산림·생태계). 원자료 name_1 은 UTF-8 이중 인코딩으로 깨져 있어 GADM 명칭으로 대체(값 영향 없음).,,,,B-030_산림 이득(ha／yr).xlsx,1.2_entity(레코드형),5,
B-030,산림 이득,entity,v124-b-030-entity-00029,B-030_forest_change_adm1,VNM,,,,,,,,,VNM.16_1,12.19916,107.726562,"{""2000년_수관_면적_ha"":508756,""2025_개편_후_소속_34개_체계"":""Lâm Đồng"",""경계_좌표_산출근거"":""경계는 GADM 4.1 ADM1(2022년판, 2025년 개편 이전 63개 성). 대표좌표는 최대 폴리곤의 내부 보장 대표점. 좌표계 EPSG:4326. GFW·CCKP 의 성 단위 집계도 GADM 경계 기준이므로 값과 경계의 출처 체계가 일치. 2025-07-01 시행 결의 202/2025/QH15 의 34개 체계 대응은 별도 속성에 병기."",""경계_폴리곤_파일"":""[공통]VNM_admin1_GADM41_63.geojson"",""교란_후_회복_ha"":142556.75,""기간"":""2000–2020"",""기후기술_연계_근거"":""간접 · 연구진 판단 — 산림 이득은 탄소 흡수원의 증감을 나타내는 지표. 주 기술 23(탄소 흡수원), 부 기술 35(35) 는 note·2_meta_info tech_ids 참조. [근거자료] 원천 문서에 기술분류 표기 없음 — 연구진 판단(별첨2 R2 근거 기재)"",""레코드_키"":""VNM.16_1"",""분석대상_면적_ha_GFW"":650784.5,""손실_ha"":102536.16,""순변화_ha"":-57312.83,""순변화율"":-11.27,""유지_ha"":263662.69,""이득_ha"":45223.33,""지역명_로마자"":""DakNong"",""지역명_베트남어"":""ĐắkNông"",""행정단위"":""Province""}",,주 기술 23(탄소흡수원) · 부 기술 35(산림·생태계). 원자료 name_1 은 UTF-8 이중 인코딩으로 깨져 있어 GADM 명칭으로 대체(값 영향 없음).,,,,B-030_산림 이득(ha／yr).xlsx,1.2_entity(레코드형),10,
B-030,산림 이득,entity,v124-b-030-entity-00030,B-030_forest_change_adm1,VNM,,,,,,,,,VNM.37_1,11.86885,108.373576,"{""2000년_수관_면적_ha"":783844,""2025_개편_후_소속_34개_체계"":""Lâm Đồng"",""경계_좌표_산출근거"":""경계는 GADM 4.1 ADM1(2022년판, 2025년 개편 이전 63개 성). 대표좌표는 최대 폴리곤의 내부 보장 대표점. 좌표계 EPSG:4326. GFW·CCKP 의 성 단위 집계도 GADM 경계 기준이므로 값과 경계의 출처 체계가 일치. 2025-07-01 시행 결의 202/2025/QH15 의 34개 체계 대응은 별도 속성에 병기."",""경계_폴리곤_파일"":""[공통]VNM_admin1_GADM41_63.geojson"",""교란_후_회복_ha"":147757.41,""기간"":""2000–2020"",""기후기술_연계_근거"":""간접 · 연구진 판단 — 산림 이득은 탄소 흡수원의 증감을 나타내는 지표. 주 기술 23(탄소 흡수원), 부 기술 35(35) 는 note·2_meta_info tech_ids 참조. [근거자료] 원천 문서에 기술분류 표기 없음 — 연구진 판단(별첨2 R2 근거 기재)"",""레코드_키"":""VNM.37_1"",""분석대상_면적_ha_GFW"":978681.35,""손실_ha"":65891.69,""순변화_ha"":-46243.08,""순변화율"":-5.9,""유지_ha"":570195.32,""이득_ha"":19648.61,""지역명_로마자"":""LamDong"",""지역명_베트남어"":""LâmĐồng"",""행정단위"":""Province""}",,주 기술 23(탄소흡수원) · 부 기술 35(산림·생태계). 원자료 name_1 은 UTF-8 이중 인코딩으로 깨져 있어 GADM 명칭으로 대체(값 영향 없음).,,,,B-030_산림 이득(ha／yr).xlsx,1.2_entity(레코드형),33,
B-030,산림 이득,entity,v124-b-030-entity-00031,B-030_forest_change_adm1,VNM,,,,,,,,,VNM.35_1,21.84098,106.667845,"{""2000년_수관_면적_ha"":732544,""2025_개편_후_소속_34개_체계"":""Lạng Sơn"",""경계_좌표_산출근거"":""경계는 GADM 4.1 ADM1(2022년판, 2025년 개편 이전 63개 성). 대표좌표는 최대 폴리곤의 내부 보장 대표점. 좌표계 EPSG:4326. GFW·CCKP 의 성 단위 집계도 GADM 경계 기준이므로 값과 경계의 출처 체계가 일치. 2025-07-01 시행 결의 202/2025/QH15 의 34개 체계 대응은 별도 속성에 병기."",""경계_폴리곤_파일"":""[공통]VNM_admin1_GADM41_63.geojson"",""교란_후_회복_ha"":158945,""기간"":""2000–2020"",""기후기술_연계_근거"":""간접 · 연구진 판단 — 산림 이득은 탄소 흡수원의 증감을 나타내는 지표. 주 기술 23(탄소 흡수원), 부 기술 35(35) 는 note·2_meta_info tech_ids 참조. [근거자료] 원천 문서에 기술분류 표기 없음 — 연구진 판단(별첨2 R2 근거 기재)"",""레코드_키"":""VNM.35_1"",""분석대상_면적_ha_GFW"":830347.04,""손실_ha"":12822.89,""순변화_ha"":-4144.35,""순변화율"":-0.57,""유지_ha"":560776.35,""이득_ha"":8678.53,""지역명_로마자"":""LangSon"",""지역명_베트남어"":""LạngSơn"",""행정단위"":""Province""}",,주 기술 23(탄소흡수원) · 부 기술 35(산림·생태계). 원자료 name_1 은 UTF-8 이중 인코딩으로 깨져 있어 GADM 명칭으로 대체(값 영향 없음).,,,,B-030_산림 이득(ha／yr).xlsx,1.2_entity(레코드형),31,
B-030,산림 이득,entity,v124-b-030-entity-00032,B-030_forest_change_adm1,VNM,,,,,,,,,VNM.41_1,19.287219,104.94282,"{""2000년_수관_면적_ha"":1281670,""2025_개편_후_소속_34개_체계"":""Nghệ An"",""경계_좌표_산출근거"":""경계는 GADM 4.1 ADM1(2022년판, 2025년 개편 이전 63개 성). 대표좌표는 최대 폴리곤의 내부 보장 대표점. 좌표계 EPSG:4326. GFW·CCKP 의 성 단위 집계도 GADM 경계 기준이므로 값과 경계의 출처 체계가 일치. 2025-07-01 시행 결의 202/2025/QH15 의 34개 체계 대응은 별도 속성에 병기."",""경계_폴리곤_파일"":""[공통]VNM_admin1_GADM41_63.geojson"",""교란_후_회복_ha"":457827.17,""기간"":""2000–2020"",""기후기술_연계_근거"":""간접 · 연구진 판단 — 산림 이득은 탄소 흡수원의 증감을 나타내는 지표. 주 기술 23(탄소 흡수원), 부 기술 35(35) 는 note·2_meta_info tech_ids 참조. [근거자료] 원천 문서에 기술분류 표기 없음 — 연구진 판단(별첨2 R2 근거 기재)"",""레코드_키"":""VNM.41_1"",""분석대상_면적_ha_GFW"":1647460.15,""손실_ha"":55464.94,""순변화_ha"":-20528.52,""순변화율"":-1.6,""유지_ha"":768375.14,""이득_ha"":34936.42,""지역명_로마자"":""NgheAn"",""지역명_베트남어"":""NghệAn"",""행정단위"":""Province""}",,주 기술 23(탄소흡수원) · 부 기술 35(산림·생태계). 원자료 name_1 은 UTF-8 이중 인코딩으로 깨져 있어 GADM 명칭으로 대체(값 영향 없음).,,,,B-030_산림 이득(ha／yr).xlsx,1.2_entity(레코드형),38,
B-030,산림 이득,entity,v124-b-030-entity-00033,B-030_forest_change_adm1,VNM,,,,,,,,,VNM.28_1,20.521735,105.975919,"{""2000년_수관_면적_ha"":10743,""2025_개편_후_소속_34개_체계"":""Ninh Bình"",""경계_좌표_산출근거"":""경계는 GADM 4.1 ADM1(2022년판, 2025년 개편 이전 63개 성). 대표좌표는 최대 폴리곤의 내부 보장 대표점. 좌표계 EPSG:4326. GFW·CCKP 의 성 단위 집계도 GADM 경계 기준이므로 값과 경계의 출처 체계가 일치. 2025-07-01 시행 결의 202/2025/QH15 의 34개 체계 대응은 별도 속성에 병기."",""경계_폴리곤_파일"":""[공통]VNM_admin1_GADM41_63.geojson"",""교란_후_회복_ha"":1473.41,""기간"":""2000–2020"",""기후기술_연계_근거"":""간접 · 연구진 판단 — 산림 이득은 탄소 흡수원의 증감을 나타내는 지표. 주 기술 23(탄소 흡수원), 부 기술 35(35) 는 note·2_meta_info tech_ids 참조. [근거자료] 원천 문서에 기술분류 표기 없음 — 연구진 판단(별첨2 R2 근거 기재)"",""레코드_키"":""VNM.28_1"",""분석대상_면적_ha_GFW"":86259.23,""손실_ha"":1212.1,""순변화_ha"":12.27,""순변화율"":0.11,""유지_ha"":8057.5,""이득_ha"":1224.37,""지역명_로마자"":""HaNam"",""지역명_베트남어"":""HàNam"",""행정단위"":""Province""}",,주 기술 23(탄소흡수원) · 부 기술 35(산림·생태계). 원자료 name_1 은 UTF-8 이중 인코딩으로 깨져 있어 GADM 명칭으로 대체(값 영향 없음).,,,,B-030_산림 이득(ha／yr).xlsx,1.2_entity(레코드형),23,
B-030,산림 이득,entity,v124-b-030-entity-00034,B-030_forest_change_adm1,VNM,,,,,,,,,VNM.42_1,20.264486,105.844536,"{""2000년_수관_면적_ha"":32696.4,""2025_개편_후_소속_34개_체계"":""Ninh Bình"",""경계_좌표_산출근거"":""경계는 GADM 4.1 ADM1(2022년판, 2025년 개편 이전 63개 성). 대표좌표는 최대 폴리곤의 내부 보장 대표점. 좌표계 EPSG:4326. GFW·CCKP 의 성 단위 집계도 GADM 경계 기준이므로 값과 경계의 출처 체계가 일치. 2025-07-01 시행 결의 202/2025/QH15 의 34개 체계 대응은 별도 속성에 병기."",""경계_폴리곤_파일"":""[공통]VNM_admin1_GADM41_63.geojson"",""교란_후_회복_ha"":4859.46,""기간"":""2000–2020"",""기후기술_연계_근거"":""간접 · 연구진 판단 — 산림 이득은 탄소 흡수원의 증감을 나타내는 지표. 주 기술 23(탄소 흡수원), 부 기술 35(35) 는 note·2_meta_info tech_ids 참조. [근거자료] 원천 문서에 기술분류 표기 없음 — 연구진 판단(별첨2 R2 근거 기재)"",""레코드_키"":""VNM.42_1"",""분석대상_면적_ha_GFW"":134387.95,""손실_ha"":1585.07,""순변화_ha"":304.43,""순변화율"":0.93,""유지_ha"":26251.91,""이득_ha"":1889.5,""지역명_로마자"":""NinhBinh"",""지역명_베트남어"":""NinhBình"",""행정단위"":""Province""}",,주 기술 23(탄소흡수원) · 부 기술 35(산림·생태계). 원자료 name_1 은 UTF-8 이중 인코딩으로 깨져 있어 GADM 명칭으로 대체(값 영향 없음).,,,,B-030_산림 이득(ha／yr).xlsx,1.2_entity(레코드형),39,
B-030,산림 이득,entity,v124-b-030-entity-00035,B-030_forest_change_adm1,VNM,,,,,,,,,VNM.40_1,20.309276,106.168495,"{""2000년_수관_면적_ha"":7940.99,""2025_개편_후_소속_34개_체계"":""Ninh Bình"",""경계_좌표_산출근거"":""경계는 GADM 4.1 ADM1(2022년판, 2025년 개편 이전 63개 성). 대표좌표는 최대 폴리곤의 내부 보장 대표점. 좌표계 EPSG:4326. GFW·CCKP 의 성 단위 집계도 GADM 경계 기준이므로 값과 경계의 출처 체계가 일치. 2025-07-01 시행 결의 202/2025/QH15 의 34개 체계 대응은 별도 속성에 병기."",""경계_폴리곤_파일"":""[공통]VNM_admin1_GADM41_63.geojson"",""교란_후_회복_ha"":17.63,""기간"":""2000–2020"",""기후기술_연계_근거"":""간접 · 연구진 판단 — 산림 이득은 탄소 흡수원의 증감을 나타내는 지표. 주 기술 23(탄소 흡수원), 부 기술 35(35) 는 note·2_meta_info tech_ids 참조. [근거자료] 원천 문서에 기술분류 표기 없음 — 연구진 판단(별첨2 R2 근거 기재)"",""레코드_키"":""VNM.40_1"",""분석대상_면적_ha_GFW"":158764.47,""손실_ha"":15.98,""순변화_ha"":1256.65,""순변화율"":15.82,""유지_ha"":7907.38,""이득_ha"":1272.63,""지역명_로마자"":""NamDinh"",""지역명_베트남어"":""NamĐịnh"",""행정단위"":""Province""}",,주 기술 23(탄소흡수원) · 부 기술 35(산림·생태계). 원자료 name_1 은 UTF-8 이중 인코딩으로 깨져 있어 GADM 명칭으로 대체(값 영향 없음).,,,,B-030_산림 이득(ha／yr).xlsx,1.2_entity(레코드형),37,
B-030,산림 이득,entity,v124-b-030-entity-00036,B-030_forest_change_adm1,VNM,,,,,,,,,VNM.44_1,21.341203,105.098885,"{""2000년_수관_면적_ha"":234160,""2025_개편_후_소속_34개_체계"":""Phú Thọ"",""경계_좌표_산출근거"":""경계는 GADM 4.1 ADM1(2022년판, 2025년 개편 이전 63개 성). 대표좌표는 최대 폴리곤의 내부 보장 대표점. 좌표계 EPSG:4326. GFW·CCKP 의 성 단위 집계도 GADM 경계 기준이므로 값과 경계의 출처 체계가 일치. 2025-07-01 시행 결의 202/2025/QH15 의 34개 체계 대응은 별도 속성에 병기."",""경계_폴리곤_파일"":""[공통]VNM_admin1_GADM41_63.geojson"",""교란_후_회복_ha"":104555.37,""기간"":""2000–2020"",""기후기술_연계_근거"":""간접 · 연구진 판단 — 산림 이득은 탄소 흡수원의 증감을 나타내는 지표. 주 기술 23(탄소 흡수원), 부 기술 35(35) 는 note·2_meta_info tech_ids 참조. [근거자료] 원천 문서에 기술분류 표기 없음 — 연구진 판단(별첨2 R2 근거 기재)"",""레코드_키"":""VNM.44_1"",""분석대상_면적_ha_GFW"":353742.65,""손실_ha"":8466.56,""순변화_ha"":2554.93,""순변화율"":1.09,""유지_ha"":121138.27,""이득_ha"":11021.5,""지역명_로마자"":""PhuTho"",""지역명_베트남어"":""PhúThọ"",""행정단위"":""Province""}",,주 기술 23(탄소흡수원) · 부 기술 35(산림·생태계). 원자료 name_1 은 UTF-8 이중 인코딩으로 깨져 있어 GADM 명칭으로 대체(값 영향 없음).,,,,B-030_산림 이득(ha／yr).xlsx,1.2_entity(레코드형),41,
B-030,산림 이득,entity,v124-b-030-entity-00037,B-030_forest_change_adm1,VNM,,,,,,,,,VNM.30_1,20.714629,105.368608,"{""2000년_수관_면적_ha"":363805,""2025_개편_후_소속_34개_체계"":""Phú Thọ"",""경계_좌표_산출근거"":""경계는 GADM 4.1 ADM1(2022년판, 2025년 개편 이전 63개 성). 대표좌표는 최대 폴리곤의 내부 보장 대표점. 좌표계 EPSG:4326. GFW·CCKP 의 성 단위 집계도 GADM 경계 기준이므로 값과 경계의 출처 체계가 일치. 2025-07-01 시행 결의 202/2025/QH15 의 34개 체계 대응은 별도 속성에 병기."",""경계_폴리곤_파일"":""[공통]VNM_admin1_GADM41_63.geojson"",""교란_후_회복_ha"":117113.52,""기간"":""2000–2020"",""기후기술_연계_근거"":""간접 · 연구진 판단 — 산림 이득은 탄소 흡수원의 증감을 나타내는 지표. 주 기술 23(탄소 흡수원), 부 기술 35(35) 는 note·2_meta_info tech_ids 참조. [근거자료] 원천 문서에 기술분류 표기 없음 — 연구진 판단(별첨2 R2 근거 기재)"",""레코드_키"":""VNM.30_1"",""분석대상_면적_ha_GFW"":457979.26,""손실_ha"":15325.97,""순변화_ha"":-8273.3,""순변화율"":-2.27,""유지_ha"":231365.24,""이득_ha"":7052.68,""지역명_로마자"":""HoaBinh"",""지역명_베트남어"":""HoàBình"",""행정단위"":""Province""}",,주 기술 23(탄소흡수원) · 부 기술 35(산림·생태계). 원자료 name_1 은 UTF-8 이중 인코딩으로 깨져 있어 GADM 명칭으로 대체(값 영향 없음).,,,,B-030_산림 이득(ha／yr).xlsx,1.2_entity(레코드형),26,
B-030,산림 이득,entity,v124-b-030-entity-00038,B-030_forest_change_adm1,VNM,,,,,,,,,VNM.62_1,21.352888,105.597443,"{""2000년_수관_면적_ha"":48705.3,""2025_개편_후_소속_34개_체계"":""Phú Thọ"",""경계_좌표_산출근거"":""경계는 GADM 4.1 ADM1(2022년판, 2025년 개편 이전 63개 성). 대표좌표는 최대 폴리곤의 내부 보장 대표점. 좌표계 EPSG:4326. GFW·CCKP 의 성 단위 집계도 GADM 경계 기준이므로 값과 경계의 출처 체계가 일치. 2025-07-01 시행 결의 202/2025/QH15 의 34개 체계 대응은 별도 속성에 병기."",""경계_폴리곤_파일"":""[공통]VNM_admin1_GADM41_63.geojson"",""교란_후_회복_ha"":10304.4,""기간"":""2000–2020"",""기후기술_연계_근거"":""간접 · 연구진 판단 — 산림 이득은 탄소 흡수원의 증감을 나타내는 지표. 주 기술 23(탄소 흡수원), 부 기술 35(35) 는 note·2_meta_info tech_ids 참조. [근거자료] 원천 문서에 기술분류 표기 없음 — 연구진 판단(별첨2 R2 근거 기재)"",""레코드_키"":""VNM.62_1"",""분석대상_면적_ha_GFW"":123090.63,""손실_ha"":1048.31,""순변화_ha"":3234.1,""순변화율"":6.64,""유지_ha"":37352.58,""이득_ha"":4282.41,""지역명_로마자"":""VinhPhuc"",""지역명_베트남어"":""VĩnhPhúc"",""행정단위"":""Province""}",,주 기술 23(탄소흡수원) · 부 기술 35(산림·생태계). 원자료 name_1 은 UTF-8 이중 인코딩으로 깨져 있어 GADM 명칭으로 대체(값 영향 없음).,,,,B-030_산림 이득(ha／yr).xlsx,1.2_entity(레코드형),61,
B-030,산림 이득,entity,v124-b-030-entity-00039,B-030_forest_change_adm1,VNM,,,,,,,,,VNM.48_1,14.973549,108.653018,"{""2000년_수관_면적_ha"":376592,""2025_개편_후_소속_34개_체계"":""Quảng Ngãi"",""경계_좌표_산출근거"":""경계는 GADM 4.1 ADM1(2022년판, 2025년 개편 이전 63개 성). 대표좌표는 최대 폴리곤의 내부 보장 대표점. 좌표계 EPSG:4326. GFW·CCKP 의 성 단위 집계도 GADM 경계 기준이므로 값과 경계의 출처 체계가 일치. 2025-07-01 시행 결의 202/2025/QH15 의 34개 체계 대응은 별도 속성에 병기."",""경계_폴리곤_파일"":""[공통]VNM_admin1_GADM41_63.geojson"",""교란_후_회복_ha"":184801.9,""기간"":""2000–2020"",""기후기술_연계_근거"":""간접 · 연구진 판단 — 산림 이득은 탄소 흡수원의 증감을 나타내는 지표. 주 기술 23(탄소 흡수원), 부 기술 35(35) 는 note·2_meta_info tech_ids 참조. [근거자료] 원천 문서에 기술분류 표기 없음 — 연구진 판단(별첨2 R2 근거 기재)"",""레코드_키"":""VNM.48_1"",""분석대상_면적_ha_GFW"":516301.3,""손실_ha"":37501.22,""순변화_ha"":-21958.38,""순변화율"":-5.83,""유지_ha"":154289.38,""이득_ha"":15542.85,""지역명_로마자"":""QuangNgai"",""지역명_베트남어"":""QuảngNgãi"",""행정단위"":""Province""}",,주 기술 23(탄소흡수원) · 부 기술 35(산림·생태계). 원자료 name_1 은 UTF-8 이중 인코딩으로 깨져 있어 GADM 명칭으로 대체(값 영향 없음).,,,,B-030_산림 이득(ha／yr).xlsx,1.2_entity(레코드형),45,
B-030,산림 이득,entity,v124-b-030-entity-00040,B-030_forest_change_adm1,VNM,,,,,,,,,VNM.34_1,14.700963,107.835245,"{""2000년_수관_면적_ha"":832288,""2025_개편_후_소속_34개_체계"":""Quảng Ngãi"",""경계_좌표_산출근거"":""경계는 GADM 4.1 ADM1(2022년판, 2025년 개편 이전 63개 성). 대표좌표는 최대 폴리곤의 내부 보장 대표점. 좌표계 EPSG:4326. GFW·CCKP 의 성 단위 집계도 GADM 경계 기준이므로 값과 경계의 출처 체계가 일치. 2025-07-01 시행 결의 202/2025/QH15 의 34개 체계 대응은 별도 속성에 병기."",""경계_폴리곤_파일"":""[공통]VNM_admin1_GADM41_63.geojson"",""교란_후_회복_ha"":216292.94,""기간"":""2000–2020"",""기후기술_연계_근거"":""간접 · 연구진 판단 — 산림 이득은 탄소 흡수원의 증감을 나타내는 지표. 주 기술 23(탄소 흡수원), 부 기술 35(35) 는 note·2_meta_info tech_ids 참조. [근거자료] 원천 문서에 기술분류 표기 없음 — 연구진 판단(별첨2 R2 근거 기재)"",""레코드_키"":""VNM.34_1"",""분석대상_면적_ha_GFW"":965285.35,""손실_ha"":100484.5,""순변화_ha"":-57212.33,""순변화율"":-6.87,""유지_ha"":515510.4,""이득_ha"":43272.17,""지역명_로마자"":""KonTum"",""지역명_베트남어"":""KonTum"",""행정단위"":""Province""}",,주 기술 23(탄소흡수원) · 부 기술 35(산림·생태계). 원자료 name_1 은 UTF-8 이중 인코딩으로 깨져 있어 GADM 명칭으로 대체(값 영향 없음).,,,,B-030_산림 이득(ha／yr).xlsx,1.2_entity(레코드형),30,
B-030,산림 이득,entity,v124-b-030-entity-00041,B-030_forest_change_adm1,VNM,,,,,,,,,VNM.49_1,21.261565,107.37944,"{""2000년_수관_면적_ha"":407294,""2025_개편_후_소속_34개_체계"":""Quảng Ninh"",""경계_좌표_산출근거"":""경계는 GADM 4.1 ADM1(2022년판, 2025년 개편 이전 63개 성). 대표좌표는 최대 폴리곤의 내부 보장 대표점. 좌표계 EPSG:4326. GFW·CCKP 의 성 단위 집계도 GADM 경계 기준이므로 값과 경계의 출처 체계가 일치. 2025-07-01 시행 결의 202/2025/QH15 의 34개 체계 대응은 별도 속성에 병기."",""경계_폴리곤_파일"":""[공통]VNM_admin1_GADM41_63.geojson"",""교란_후_회복_ha"":169896.24,""기간"":""2000–2020"",""기후기술_연계_근거"":""간접 · 연구진 판단 — 산림 이득은 탄소 흡수원의 증감을 나타내는 지표. 주 기술 23(탄소 흡수원), 부 기술 35(35) 는 note·2_meta_info tech_ids 참조. [근거자료] 원천 문서에 기술분류 표기 없음 — 연구진 판단(별첨2 R2 근거 기재)"",""레코드_키"":""VNM.49_1"",""분석대상_면적_ha_GFW"":599023.97,""손실_ha"":35482.64,""순변화_ha"":-29520.93,""순변화율"":-7.25,""유지_ha"":201915.62,""이득_ha"":5961.71,""지역명_로마자"":""QuangNinh"",""지역명_베트남어"":""QuảngNinh"",""행정단위"":""Province""}",,주 기술 23(탄소흡수원) · 부 기술 35(산림·생태계). 원자료 name_1 은 UTF-8 이중 인코딩으로 깨져 있어 GADM 명칭으로 대체(값 영향 없음).,,,,B-030_산림 이득(ha／yr).xlsx,1.2_entity(레코드형),46,
B-030,산림 이득,entity,v124-b-030-entity-00042,B-030_forest_change_adm1,VNM,,,,,,,,,VNM.50_1,16.660882,106.913634,"{""2000년_수관_면적_ha"":356670,""2025_개편_후_소속_34개_체계"":""Quảng Trị"",""경계_좌표_산출근거"":""경계는 GADM 4.1 ADM1(2022년판, 2025년 개편 이전 63개 성). 대표좌표는 최대 폴리곤의 내부 보장 대표점. 좌표계 EPSG:4326. GFW·CCKP 의 성 단위 집계도 GADM 경계 기준이므로 값과 경계의 출처 체계가 일치. 2025-07-01 시행 결의 202/2025/QH15 의 34개 체계 대응은 별도 속성에 병기."",""경계_폴리곤_파일"":""[공통]VNM_admin1_GADM41_63.geojson"",""교란_후_회복_ha"":128190.75,""기간"":""2000–2020"",""기후기술_연계_근거"":""간접 · 연구진 판단 — 산림 이득은 탄소 흡수원의 증감을 나타내는 지표. 주 기술 23(탄소 흡수원), 부 기술 35(35) 는 note·2_meta_info tech_ids 참조. [근거자료] 원천 문서에 기술분류 표기 없음 — 연구진 판단(별첨2 R2 근거 기재)"",""레코드_키"":""VNM.50_1"",""분석대상_면적_ha_GFW"":461184.37,""손실_ha"":45898.19,""순변화_ha"":-37404.41,""순변화율"":-10.49,""유지_ha"":182580.77,""이득_ha"":8493.78,""지역명_로마자"":""QuangTri"",""지역명_베트남어"":""QuảngTrị"",""행정단위"":""Province""}",,주 기술 23(탄소흡수원) · 부 기술 35(산림·생태계). 원자료 name_1 은 UTF-8 이중 인코딩으로 깨져 있어 GADM 명칭으로 대체(값 영향 없음).,,,,B-030_산림 이득(ha／yr).xlsx,1.2_entity(레코드형),48,
B-030,산림 이득,entity,v124-b-030-entity-00043,B-030_forest_change_adm1,VNM,,,,,,,,,VNM.46_1,17.536924,106.266331,"{""2000년_수관_면적_ha"":656554,""2025_개편_후_소속_34개_체계"":""Quảng Trị"",""경계_좌표_산출근거"":""경계는 GADM 4.1 ADM1(2022년판, 2025년 개편 이전 63개 성). 대표좌표는 최대 폴리곤의 내부 보장 대표점. 좌표계 EPSG:4326. GFW·CCKP 의 성 단위 집계도 GADM 경계 기준이므로 값과 경계의 출처 체계가 일치. 2025-07-01 시행 결의 202/2025/QH15 의 34개 체계 대응은 별도 속성에 병기."",""경계_폴리곤_파일"":""[공통]VNM_admin1_GADM41_63.geojson"",""교란_후_회복_ha"":117219.32,""기간"":""2000–2020"",""기후기술_연계_근거"":""간접 · 연구진 판단 — 산림 이득은 탄소 흡수원의 증감을 나타내는 지표. 주 기술 23(탄소 흡수원), 부 기술 35(35) 는 note·2_meta_info tech_ids 참조. [근거자료] 원천 문서에 기술분류 표기 없음 — 연구진 판단(별첨2 R2 근거 기재)"",""레코드_키"":""VNM.46_1"",""분석대상_면적_ha_GFW"":797632.42,""손실_ha"":26280.42,""순변화_ha"":-15629.61,""순변화율"":-2.38,""유지_ha"":513054.75,""이득_ha"":10650.8,""지역명_로마자"":""QuangBinh"",""지역명_베트남어"":""QuảngBình"",""행정단위"":""Province""}",,주 기술 23(탄소흡수원) · 부 기술 35(산림·생태계). 원자료 name_1 은 UTF-8 이중 인코딩으로 깨져 있어 GADM 명칭으로 대체(값 영향 없음).,,,,B-030_산림 이득(ha／yr).xlsx,1.2_entity(레코드형),43,
B-030,산림 이득,entity,v124-b-030-entity-00044,B-030_forest_change_adm1,VNM,,,,,,,,,VNM.52_1,21.183473,104.014378,"{""2000년_수관_면적_ha"":1050330,""2025_개편_후_소속_34개_체계"":""Sơn La"",""경계_좌표_산출근거"":""경계는 GADM 4.1 ADM1(2022년판, 2025년 개편 이전 63개 성). 대표좌표는 최대 폴리곤의 내부 보장 대표점. 좌표계 EPSG:4326. GFW·CCKP 의 성 단위 집계도 GADM 경계 기준이므로 값과 경계의 출처 체계가 일치. 2025-07-01 시행 결의 202/2025/QH15 의 34개 체계 대응은 별도 속성에 병기."",""경계_폴리곤_파일"":""[공통]VNM_admin1_GADM41_63.geojson"",""교란_후_회복_ha"":240401.63,""기간"":""2000–2020"",""기후기술_연계_근거"":""간접 · 연구진 판단 — 산림 이득은 탄소 흡수원의 증감을 나타내는 지표. 주 기술 23(탄소 흡수원), 부 기술 35(35) 는 note·2_meta_info tech_ids 참조. [근거자료] 원천 문서에 기술분류 표기 없음 — 연구진 판단(별첨2 R2 근거 기재)"",""레코드_키"":""VNM.52_1"",""분석대상_면적_ha_GFW"":1411384.16,""손실_ha"":111813.78,""순변화_ha"":-80471.16,""순변화율"":-7.66,""유지_ha"":698113.47,""이득_ha"":31342.62,""지역명_로마자"":""SonLa"",""지역명_베트남어"":""SơnLa"",""행정단위"":""Province""}",,주 기술 23(탄소흡수원) · 부 기술 35(산림·생태계). 원자료 name_1 은 UTF-8 이중 인코딩으로 깨져 있어 GADM 명칭으로 대체(값 영향 없음).,,,,B-030_산림 이득(ha／yr).xlsx,1.2_entity(레코드형),50,
B-030,산림 이득,entity,v124-b-030-entity-00045,B-030_forest_change_adm1,VNM,,,,,,,,,VNM.57_1,20.062988,105.171633,"{""2000년_수관_면적_ha"":733371,""2025_개편_후_소속_34개_체계"":""Thanh Hóa"",""경계_좌표_산출근거"":""경계는 GADM 4.1 ADM1(2022년판, 2025년 개편 이전 63개 성). 대표좌표는 최대 폴리곤의 내부 보장 대표점. 좌표계 EPSG:4326. GFW·CCKP 의 성 단위 집계도 GADM 경계 기준이므로 값과 경계의 출처 체계가 일치. 2025-07-01 시행 결의 202/2025/QH15 의 34개 체계 대응은 별도 속성에 병기."",""경계_폴리곤_파일"":""[공통]VNM_admin1_GADM41_63.geojson"",""교란_후_회복_ha"":201655.16,""기간"":""2000–2020"",""기후기술_연계_근거"":""간접 · 연구진 판단 — 산림 이득은 탄소 흡수원의 증감을 나타내는 지표. 주 기술 23(탄소 흡수원), 부 기술 35(35) 는 note·2_meta_info tech_ids 참조. [근거자료] 원천 문서에 기술분류 표기 없음 — 연구진 판단(별첨2 R2 근거 기재)"",""레코드_키"":""VNM.57_1"",""분석대상_면적_ha_GFW"":1110298.77,""손실_ha"":35405.56,""순변화_ha"":-5092.64,""순변화율"":-0.69,""유지_ha"":496310.15,""이득_ha"":30312.92,""지역명_로마자"":""ThanhHoa"",""지역명_베트남어"":""ThanhHóa"",""행정단위"":""Province""}",,주 기술 23(탄소흡수원) · 부 기술 35(산림·생태계). 원자료 name_1 은 UTF-8 이중 인코딩으로 깨져 있어 GADM 명칭으로 대체(값 영향 없음).,,,,B-030_산림 이득(ha／yr).xlsx,1.2_entity(레코드형),55,
B-030,산림 이득,entity,v124-b-030-entity-00046,B-030_forest_change_adm1,VNM,,,,,,,,,VNM.56_1,21.690817,105.860417,"{""2000년_수관_면적_ha"":272713,""2025_개편_후_소속_34개_체계"":""Thái Nguyên"",""경계_좌표_산출근거"":""경계는 GADM 4.1 ADM1(2022년판, 2025년 개편 이전 63개 성). 대표좌표는 최대 폴리곤의 내부 보장 대표점. 좌표계 EPSG:4326. GFW·CCKP 의 성 단위 집계도 GADM 경계 기준이므로 값과 경계의 출처 체계가 일치. 2025-07-01 시행 결의 202/2025/QH15 의 34개 체계 대응은 별도 속성에 병기."",""경계_폴리곤_파일"":""[공통]VNM_admin1_GADM41_63.geojson"",""교란_후_회복_ha"":112762.82,""기간"":""2000–2020"",""기후기술_연계_근거"":""간접 · 연구진 판단 — 산림 이득은 탄소 흡수원의 증감을 나타내는 지표. 주 기술 23(탄소 흡수원), 부 기술 35(35) 는 note·2_meta_info tech_ids 참조. [근거자료] 원천 문서에 기술분류 표기 없음 — 연구진 판단(별첨2 R2 근거 기재)"",""레코드_키"":""VNM.56_1"",""분석대상_면적_ha_GFW"":352230.36,""손실_ha"":7050,""순변화_ha"":-3899.79,""순변화율"":-1.43,""유지_ha"":152900.02,""이득_ha"":3150.21,""지역명_로마자"":""ThaiNguyen"",""지역명_베트남어"":""TháiNguyên"",""행정단위"":""Province""}",,주 기술 23(탄소흡수원) · 부 기술 35(산림·생태계). 원자료 name_1 은 UTF-8 이중 인코딩으로 깨져 있어 GADM 명칭으로 대체(값 영향 없음).,,,,B-030_산림 이득(ha／yr).xlsx,1.2_entity(레코드형),54,
B-030,산림 이득,entity,v124-b-030-entity-00047,B-030_forest_change_adm1,VNM,,,,,,,,,VNM.4_1,22.269729,105.811274,"{""2000년_수관_면적_ha"":460193,""2025_개편_후_소속_34개_체계"":""Thái Nguyên"",""경계_좌표_산출근거"":""경계는 GADM 4.1 ADM1(2022년판, 2025년 개편 이전 63개 성). 대표좌표는 최대 폴리곤의 내부 보장 대표점. 좌표계 EPSG:4326. GFW·CCKP 의 성 단위 집계도 GADM 경계 기준이므로 값과 경계의 출처 체계가 일치. 2025-07-01 시행 결의 202/2025/QH15 의 34개 체계 대응은 별도 속성에 병기."",""경계_폴리곤_파일"":""[공통]VNM_admin1_GADM41_63.geojson"",""교란_후_회복_ha"":90607.3,""기간"":""2000–2020"",""기후기술_연계_근거"":""간접 · 연구진 판단 — 산림 이득은 탄소 흡수원의 증감을 나타내는 지표. 주 기술 23(탄소 흡수원), 부 기술 35(35) 는 note·2_meta_info tech_ids 참조. [근거자료] 원천 문서에 기술분류 표기 없음 — 연구진 판단(별첨2 R2 근거 기재)"",""레코드_키"":""VNM.4_1"",""분석대상_면적_ha_GFW"":486245.57,""손실_ha"":3957.83,""순변화_ha"":-3258.16,""순변화율"":-0.71,""유지_ha"":365628.26,""이득_ha"":699.68,""지역명_로마자"":""BacKan"",""지역명_베트남어"":""BắcKạn"",""행정단위"":""Province""}",,주 기술 23(탄소흡수원) · 부 기술 35(산림·생태계). 원자료 name_1 은 UTF-8 이중 인코딩으로 깨져 있어 GADM 명칭으로 대체(값 영향 없음).,,,,B-030_산림 이득(ha／yr).xlsx,1.2_entity(레코드형),47,
B-030,산림 이득,entity,v124-b-030-entity-00048,B-030_forest_change_adm1,VNM,,,,,,,,,VNM.60_1,22.119698,105.253204,"{""2000년_수관_면적_ha"":500930,""2025_개편_후_소속_34개_체계"":""Tuyên Quang"",""경계_좌표_산출근거"":""경계는 GADM 4.1 ADM1(2022년판, 2025년 개편 이전 63개 성). 대표좌표는 최대 폴리곤의 내부 보장 대표점. 좌표계 EPSG:4326. GFW·CCKP 의 성 단위 집계도 GADM 경계 기준이므로 값과 경계의 출처 체계가 일치. 2025-07-01 시행 결의 202/2025/QH15 의 34개 체계 대응은 별도 속성에 병기."",""경계_폴리곤_파일"":""[공통]VNM_admin1_GADM41_63.geojson"",""교란_후_회복_ha"":177971.39,""기간"":""2000–2020"",""기후기술_연계_근거"":""간접 · 연구진 판단 — 산림 이득은 탄소 흡수원의 증감을 나타내는 지표. 주 기술 23(탄소 흡수원), 부 기술 35(35) 는 note·2_meta_info tech_ids 참조. [근거자료] 원천 문서에 기술분류 표기 없음 — 연구진 판단(별첨2 R2 근거 기재)"",""레코드_키"":""VNM.60_1"",""분석대상_면적_ha_GFW"":586702.39,""손실_ha"":16908.92,""순변화_ha"":-11001.45,""순변화율"":-2.2,""유지_ha"":306049.37,""이득_ha"":5907.46,""지역명_로마자"":""TuyenQuang"",""지역명_베트남어"":""TuyênQuang"",""행정단위"":""Province""}",,주 기술 23(탄소흡수원) · 부 기술 35(산림·생태계). 원자료 name_1 은 UTF-8 이중 인코딩으로 깨져 있어 GADM 명칭으로 대체(값 영향 없음).,,,,B-030_산림 이득(ha／yr).xlsx,1.2_entity(레코드형),59,
B-030,산림 이득,entity,v124-b-030-entity-00049,B-030_forest_change_adm1,VNM,,,,,,,,,VNM.26_1,22.761132,104.983585,"{""2000년_수관_면적_ha"":626682,""2025_개편_후_소속_34개_체계"":""Tuyên Quang"",""경계_좌표_산출근거"":""경계는 GADM 4.1 ADM1(2022년판, 2025년 개편 이전 63개 성). 대표좌표는 최대 폴리곤의 내부 보장 대표점. 좌표계 EPSG:4326. GFW·CCKP 의 성 단위 집계도 GADM 경계 기준이므로 값과 경계의 출처 체계가 일치. 2025-07-01 시행 결의 202/2025/QH15 의 34개 체계 대응은 별도 속성에 병기."",""경계_폴리곤_파일"":""[공통]VNM_admin1_GADM41_63.geojson"",""교란_후_회복_ha"":93113.04,""기간"":""2000–2020"",""기후기술_연계_근거"":""간접 · 연구진 판단 — 산림 이득은 탄소 흡수원의 증감을 나타내는 지표. 주 기술 23(탄소 흡수원), 부 기술 35(35) 는 note·2_meta_info tech_ids 참조. [근거자료] 원천 문서에 기술분류 표기 없음 — 연구진 판단(별첨2 R2 근거 기재)"",""레코드_키"":""VNM.26_1"",""분석대상_면적_ha_GFW"":792039.73,""손실_ha"":16877.29,""순변화_ha"":-11709.5,""순변화율"":-1.87,""유지_ha"":516691.68,""이득_ha"":5167.79,""지역명_로마자"":""HaGiang"",""지역명_베트남어"":""HàGiang"",""행정단위"":""Province""}",,주 기술 23(탄소흡수원) · 부 기술 35(산림·생태계). 원자료 name_1 은 UTF-8 이중 인코딩으로 깨져 있어 GADM 명칭으로 대체(값 영향 없음).,,,,B-030_산림 이득(ha／yr).xlsx,1.2_entity(레코드형),21,
B-030,산림 이득,entity,v124-b-030-entity-00050,B-030_forest_change_adm1,VNM,,,,,,,,,VNM.53_1,11.398431,106.172844,"{""2000년_수관_면적_ha"":112694,""2025_개편_후_소속_34개_체계"":""Tây Ninh"",""경계_좌표_산출근거"":""경계는 GADM 4.1 ADM1(2022년판, 2025년 개편 이전 63개 성). 대표좌표는 최대 폴리곤의 내부 보장 대표점. 좌표계 EPSG:4326. GFW·CCKP 의 성 단위 집계도 GADM 경계 기준이므로 값과 경계의 출처 체계가 일치. 2025-07-01 시행 결의 202/2025/QH15 의 34개 체계 대응은 별도 속성에 병기."",""경계_폴리곤_파일"":""[공통]VNM_admin1_GADM41_63.geojson"",""교란_후_회복_ha"":18113.57,""기간"":""2000–2020"",""기후기술_연계_근거"":""간접 · 연구진 판단 — 산림 이득은 탄소 흡수원의 증감을 나타내는 지표. 주 기술 23(탄소 흡수원), 부 기술 35(35) 는 note·2_meta_info tech_ids 참조. [근거자료] 원천 문서에 기술분류 표기 없음 — 연구진 판단(별첨2 R2 근거 기재)"",""레코드_키"":""VNM.53_1"",""분석대상_면적_ha_GFW"":403948.81,""손실_ha"":13434.75,""순변화_ha"":45803.81,""순변화율"":40.64,""유지_ha"":81145.65,""이득_ha"":59238.56,""지역명_로마자"":""TayNinh"",""지역명_베트남어"":""TâyNinh"",""행정단위"":""Province""}",,주 기술 23(탄소흡수원) · 부 기술 35(산림·생태계). 원자료 name_1 은 UTF-8 이중 인코딩으로 깨져 있어 GADM 명칭으로 대체(값 영향 없음).,,,,B-030_산림 이득(ha／yr).xlsx,1.2_entity(레코드형),51,
B-030,산림 이득,entity,v124-b-030-entity-00051,B-030_forest_change_adm1,VNM,,,,,,,,,VNM.39_1,10.66283,106.385159,"{""2000년_수관_면적_ha"":17077.8,""2025_개편_후_소속_34개_체계"":""Tây Ninh"",""경계_좌표_산출근거"":""경계는 GADM 4.1 ADM1(2022년판, 2025년 개편 이전 63개 성). 대표좌표는 최대 폴리곤의 내부 보장 대표점. 좌표계 EPSG:4326. GFW·CCKP 의 성 단위 집계도 GADM 경계 기준이므로 값과 경계의 출처 체계가 일치. 2025-07-01 시행 결의 202/2025/QH15 의 34개 체계 대응은 별도 속성에 병기."",""경계_폴리곤_파일"":""[공통]VNM_admin1_GADM41_63.geojson"",""교란_후_회복_ha"":2424.14,""기간"":""2000–2020"",""기후기술_연계_근거"":""간접 · 연구진 판단 — 산림 이득은 탄소 흡수원의 증감을 나타내는 지표. 주 기술 23(탄소 흡수원), 부 기술 35(35) 는 note·2_meta_info tech_ids 참조. [근거자료] 원천 문서에 기술분류 표기 없음 — 연구진 판단(별첨2 R2 근거 기재)"",""레코드_키"":""VNM.39_1"",""분석대상_면적_ha_GFW"":448857.07,""손실_ha"":2738.2,""순변화_ha"":4111.98,""순변화율"":24.08,""유지_ha"":11915.43,""이득_ha"":6850.19,""지역명_로마자"":""LongAn"",""지역명_베트남어"":""LongAn"",""행정단위"":""Province""}",,주 기술 23(탄소흡수원) · 부 기술 35(산림·생태계). 원자료 name_1 은 UTF-8 이중 인코딩으로 깨져 있어 GADM 명칭으로 대체(값 영향 없음).,,,,B-030_산림 이득(ha／yr).xlsx,1.2_entity(레코드형),35,
B-030,산림 이득,entity,v124-b-030-entity-00052,B-030_forest_change_adm1,VNM,,,,,,,,,VNM.61_1,10.099162,106.007549,"{""2000년_수관_면적_ha"":29091.6,""2025_개편_후_소속_34개_체계"":""Vĩnh Long"",""경계_좌표_산출근거"":""경계는 GADM 4.1 ADM1(2022년판, 2025년 개편 이전 63개 성). 대표좌표는 최대 폴리곤의 내부 보장 대표점. 좌표계 EPSG:4326. GFW·CCKP 의 성 단위 집계도 GADM 경계 기준이므로 값과 경계의 출처 체계가 일치. 2025-07-01 시행 결의 202/2025/QH15 의 34개 체계 대응은 별도 속성에 병기."",""경계_폴리곤_파일"":""[공통]VNM_admin1_GADM41_63.geojson"",""교란_후_회복_ha"":62.44,""기간"":""2000–2020"",""기후기술_연계_근거"":""간접 · 연구진 판단 — 산림 이득은 탄소 흡수원의 증감을 나타내는 지표. 주 기술 23(탄소 흡수원), 부 기술 35(35) 는 note·2_meta_info tech_ids 참조. [근거자료] 원천 문서에 기술분류 표기 없음 — 연구진 판단(별첨2 R2 근거 기재)"",""레코드_키"":""VNM.61_1"",""분석대상_면적_ha_GFW"":152524.01,""손실_ha"":117.52,""순변화_ha"":3822.35,""순변화율"":13.14,""유지_ha"":28911.59,""이득_ha"":3939.87,""지역명_로마자"":""VinhLong"",""지역명_베트남어"":""VĩnhLong"",""행정단위"":""Province""}",,주 기술 23(탄소흡수원) · 부 기술 35(산림·생태계). 원자료 name_1 은 UTF-8 이중 인코딩으로 깨져 있어 GADM 명칭으로 대체(값 영향 없음).,,,,B-030_산림 이득(ha／yr).xlsx,1.2_entity(레코드형),60,
B-030,산림 이득,entity,v124-b-030-entity-00053,B-030_forest_change_adm1,VNM,,,,,,,,,VNM.59_1,9.843691,106.261526,"{""2000년_수관_면적_ha"":31694.1,""2025_개편_후_소속_34개_체계"":""Vĩnh Long"",""경계_좌표_산출근거"":""경계는 GADM 4.1 ADM1(2022년판, 2025년 개편 이전 63개 성). 대표좌표는 최대 폴리곤의 내부 보장 대표점. 좌표계 EPSG:4326. GFW·CCKP 의 성 단위 집계도 GADM 경계 기준이므로 값과 경계의 출처 체계가 일치. 2025-07-01 시행 결의 202/2025/QH15 의 34개 체계 대응은 별도 속성에 병기."",""경계_폴리곤_파일"":""[공통]VNM_admin1_GADM41_63.geojson"",""교란_후_회복_ha"":254.34,""기간"":""2000–2020"",""기후기술_연계_근거"":""간접 · 연구진 판단 — 산림 이득은 탄소 흡수원의 증감을 나타내는 지표. 주 기술 23(탄소 흡수원), 부 기술 35(35) 는 note·2_meta_info tech_ids 참조. [근거자료] 원천 문서에 기술분류 표기 없음 — 연구진 판단(별첨2 R2 근거 기재)"",""레코드_키"":""VNM.59_1"",""분석대상_면적_ha_GFW"":232519.81,""손실_ha"":480.02,""순변화_ha"":2947.47,""순변화율"":9.3,""유지_ha"":30959.72,""이득_ha"":3427.49,""지역명_로마자"":""TraVinh"",""지역명_베트남어"":""TràVinh"",""행정단위"":""Province""}",,주 기술 23(탄소흡수원) · 부 기술 35(산림·생태계). 원자료 name_1 은 UTF-8 이중 인코딩으로 깨져 있어 GADM 명칭으로 대체(값 영향 없음).,,,,B-030_산림 이득(ha／yr).xlsx,1.2_entity(레코드형),57,
B-030,산림 이득,entity,v124-b-030-entity-00054,B-030_forest_change_adm1,VNM,,,,,,,,,VNM.6_1,10.123441,106.442868,"{""2000년_수관_면적_ha"":88089.1,""2025_개편_후_소속_34개_체계"":""Vĩnh Long"",""경계_좌표_산출근거"":""경계는 GADM 4.1 ADM1(2022년판, 2025년 개편 이전 63개 성). 대표좌표는 최대 폴리곤의 내부 보장 대표점. 좌표계 EPSG:4326. GFW·CCKP 의 성 단위 집계도 GADM 경계 기준이므로 값과 경계의 출처 체계가 일치. 2025-07-01 시행 결의 202/2025/QH15 의 34개 체계 대응은 별도 속성에 병기."",""경계_폴리곤_파일"":""[공통]VNM_admin1_GADM41_63.geojson"",""교란_후_회복_ha"":595.97,""기간"":""2000–2020"",""기후기술_연계_근거"":""간접 · 연구진 판단 — 산림 이득은 탄소 흡수원의 증감을 나타내는 지표. 주 기술 23(탄소 흡수원), 부 기술 35(35) 는 note·2_meta_info tech_ids 참조. [근거자료] 원천 문서에 기술분류 표기 없음 — 연구진 판단(별첨2 R2 근거 기재)"",""레코드_키"":""VNM.6_1"",""분석대상_면적_ha_GFW"":233979.87,""손실_ha"":576.31,""순변화_ha"":11479.7,""순변화율"":13.03,""유지_ha"":86916.84,""이득_ha"":12056.01,""지역명_로마자"":""BenTre"",""지역명_베트남어"":""BếnTre"",""행정단위"":""Province""}",,주 기술 23(탄소흡수원) · 부 기술 35(산림·생태계). 원자료 name_1 은 UTF-8 이중 인코딩으로 깨져 있어 GADM 명칭으로 대체(값 영향 없음).,,,,B-030_산림 이득(ha／yr).xlsx,1.2_entity(레코드형),63,
B-030,산림 이득,entity,v124-b-030-entity-00055,B-030_forest_change_adm1,VNM,,,,,,,,,VNM.20_1,21.779446,102.895071,"{""2000년_수관_면적_ha"":784376,""2025_개편_후_소속_34개_체계"":""Điện Biên"",""경계_좌표_산출근거"":""경계는 GADM 4.1 ADM1(2022년판, 2025년 개편 이전 63개 성). 대표좌표는 최대 폴리곤의 내부 보장 대표점. 좌표계 EPSG:4326. GFW·CCKP 의 성 단위 집계도 GADM 경계 기준이므로 값과 경계의 출처 체계가 일치. 2025-07-01 시행 결의 202/2025/QH15 의 34개 체계 대응은 별도 속성에 병기."",""경계_폴리곤_파일"":""[공통]VNM_admin1_GADM41_63.geojson"",""교란_후_회복_ha"":241501.33,""기간"":""2000–2020"",""기후기술_연계_근거"":""간접 · 연구진 판단 — 산림 이득은 탄소 흡수원의 증감을 나타내는 지표. 주 기술 23(탄소 흡수원), 부 기술 35(35) 는 note·2_meta_info tech_ids 참조. [근거자료] 원천 문서에 기술분류 표기 없음 — 연구진 판단(별첨2 R2 근거 기재)"",""레코드_키"":""VNM.20_1"",""분석대상_면적_ha_GFW"":950248.27,""손실_ha"":70933.5,""순변화_ha"":-54717.98,""순변화율"":-6.98,""유지_ha"":471941.6,""이득_ha"":16215.52,""지역명_로마자"":""DienBien"",""지역명_베트남어"":""ĐiệnBiên"",""행정단위"":""Province""}",,주 기술 23(탄소흡수원) · 부 기술 35(산림·생태계). 원자료 name_1 은 UTF-8 이중 인코딩으로 깨져 있어 GADM 명칭으로 대체(값 영향 없음).,,,,B-030_산림 이득(ha／yr).xlsx,1.2_entity(레코드형),15,
B-030,산림 이득,entity,v124-b-030-entity-00056,B-030_forest_change_adm1,VNM,,,,,,,,,VNM.19_1,16.079267,108.120978,"{""2000년_수관_면적_ha"":70836.2,""2025_개편_후_소속_34개_체계"":""Đà Nẵng"",""경계_좌표_산출근거"":""경계는 GADM 4.1 ADM1(2022년판, 2025년 개편 이전 63개 성). 대표좌표는 최대 폴리곤의 내부 보장 대표점. 좌표계 EPSG:4326. GFW·CCKP 의 성 단위 집계도 GADM 경계 기준이므로 값과 경계의 출처 체계가 일치. 2025-07-01 시행 결의 202/2025/QH15 의 34개 체계 대응은 별도 속성에 병기."",""경계_폴리곤_파일"":""[공통]VNM_admin1_GADM41_63.geojson"",""교란_후_회복_ha"":15807.69,""기간"":""2000–2020"",""기후기술_연계_근거"":""간접 · 연구진 판단 — 산림 이득은 탄소 흡수원의 증감을 나타내는 지표. 주 기술 23(탄소 흡수원), 부 기술 35(35) 는 note·2_meta_info tech_ids 참조. [근거자료] 원천 문서에 기술분류 표기 없음 — 연구진 판단(별첨2 R2 근거 기재)"",""레코드_키"":""VNM.19_1"",""분석대상_면적_ha_GFW"":98153.99,""손실_ha"":6197.24,""순변화_ha"":-5413.17,""순변화율"":-7.64,""유지_ha"":48831.27,""이득_ha"":784.07,""지역명_로마자"":""DaNang"",""지역명_베트남어"":""ĐàNẵng"",""행정단위"":""City""}",,주 기술 23(탄소흡수원) · 부 기술 35(산림·생태계). 원자료 name_1 은 UTF-8 이중 인코딩으로 깨져 있어 GADM 명칭으로 대체(값 영향 없음).,,,,B-030_산림 이득(ha／yr).xlsx,1.2_entity(레코드형),13,
B-030,산림 이득,entity,v124-b-030-entity-00057,B-030_forest_change_adm1,VNM,,,,,,,,,VNM.47_1,15.553615,107.891741,"{""2000년_수관_면적_ha"":885292,""2025_개편_후_소속_34개_체계"":""Đà Nẵng"",""경계_좌표_산출근거"":""경계는 GADM 4.1 ADM1(2022년판, 2025년 개편 이전 63개 성). 대표좌표는 최대 폴리곤의 내부 보장 대표점. 좌표계 EPSG:4326. GFW·CCKP 의 성 단위 집계도 GADM 경계 기준이므로 값과 경계의 출처 체계가 일치. 2025-07-01 시행 결의 202/2025/QH15 의 34개 체계 대응은 별도 속성에 병기."",""경계_폴리곤_파일"":""[공통]VNM_admin1_GADM41_63.geojson"",""교란_후_회복_ha"":269772.22,""기간"":""2000–2020"",""기후기술_연계_근거"":""간접 · 연구진 판단 — 산림 이득은 탄소 흡수원의 증감을 나타내는 지표. 주 기술 23(탄소 흡수원), 부 기술 35(35) 는 note·2_meta_info tech_ids 참조. [근거자료] 원천 문서에 기술분류 표기 없음 — 연구진 판단(별첨2 R2 근거 기재)"",""레코드_키"":""VNM.47_1"",""분석대상_면적_ha_GFW"":1057071.1,""손실_ha"":48095.63,""순변화_ha"":-35666.75,""순변화율"":-4.03,""유지_ha"":567424.57,""이득_ha"":12428.88,""지역명_로마자"":""QuangNam"",""지역명_베트남어"":""QuảngNam"",""행정단위"":""Province""}",,주 기술 23(탄소흡수원) · 부 기술 35(산림·생태계). 원자료 name_1 은 UTF-8 이중 인코딩으로 깨져 있어 GADM 명칭으로 대체(값 영향 없음).,,,,B-030_산림 이득(ha／yr).xlsx,1.2_entity(레코드형),44,
B-030,산림 이득,entity,v124-b-030-entity-00058,B-030_forest_change_adm1,VNM,,,,,,,,,VNM.45_1,13.222164,109.079619,"{""2000년_수관_면적_ha"":305457,""2025_개편_후_소속_34개_체계"":""Đắk Lắk"",""경계_좌표_산출근거"":""경계는 GADM 4.1 ADM1(2022년판, 2025년 개편 이전 63개 성). 대표좌표는 최대 폴리곤의 내부 보장 대표점. 좌표계 EPSG:4326. GFW·CCKP 의 성 단위 집계도 GADM 경계 기준이므로 값과 경계의 출처 체계가 일치. 2025-07-01 시행 결의 202/2025/QH15 의 34개 체계 대응은 별도 속성에 병기."",""경계_폴리곤_파일"":""[공통]VNM_admin1_GADM41_63.geojson"",""교란_후_회복_ha"":91601.7,""기간"":""2000–2020"",""기후기술_연계_근거"":""간접 · 연구진 판단 — 산림 이득은 탄소 흡수원의 증감을 나타내는 지표. 주 기술 23(탄소 흡수원), 부 기술 35(35) 는 note·2_meta_info tech_ids 참조. [근거자료] 원천 문서에 기술분류 표기 없음 — 연구진 판단(별첨2 R2 근거 기재)"",""레코드_키"":""VNM.45_1"",""분석대상_면적_ha_GFW"":502921.85,""손실_ha"":43406.76,""순변화_ha"":-24212.27,""순변화율"":-7.93,""유지_ha"":170448.78,""이득_ha"":19194.49,""지역명_로마자"":""PhuYen"",""지역명_베트남어"":""PhúYên"",""행정단위"":""Province""}",,주 기술 23(탄소흡수원) · 부 기술 35(산림·생태계). 원자료 name_1 은 UTF-8 이중 인코딩으로 깨져 있어 GADM 명칭으로 대체(값 영향 없음).,,,,B-030_산림 이득(ha／yr).xlsx,1.2_entity(레코드형),42,
B-030,산림 이득,entity,v124-b-030-entity-00059,B-030_forest_change_adm1,VNM,,,,,,,,,VNM.15_1,12.74216,108.273728,"{""2000년_수관_면적_ha"":807942,""2025_개편_후_소속_34개_체계"":""Đắk Lắk"",""경계_좌표_산출근거"":""경계는 GADM 4.1 ADM1(2022년판, 2025년 개편 이전 63개 성). 대표좌표는 최대 폴리곤의 내부 보장 대표점. 좌표계 EPSG:4326. GFW·CCKP 의 성 단위 집계도 GADM 경계 기준이므로 값과 경계의 출처 체계가 일치. 2025-07-01 시행 결의 202/2025/QH15 의 34개 체계 대응은 별도 속성에 병기."",""경계_폴리곤_파일"":""[공통]VNM_admin1_GADM41_63.geojson"",""교란_후_회복_ha"":138702.46,""기간"":""2000–2020"",""기후기술_연계_근거"":""간접 · 연구진 판단 — 산림 이득은 탄소 흡수원의 증감을 나타내는 지표. 주 기술 23(탄소 흡수원), 부 기술 35(35) 는 note·2_meta_info tech_ids 참조. [근거자료] 원천 문서에 기술분류 표기 없음 — 연구진 판단(별첨2 R2 근거 기재)"",""레코드_키"":""VNM.15_1"",""분석대상_면적_ha_GFW"":1302813.92,""손실_ha"":130246.22,""순변화_ha"":-41257.8,""순변화율"":-5.11,""유지_ha"":538992.93,""이득_ha"":88988.43,""지역명_로마자"":""DakLak"",""지역명_베트남어"":""ĐắkLắk"",""행정단위"":""Province""}",,주 기술 23(탄소흡수원) · 부 기술 35(산림·생태계). 원자료 name_1 은 UTF-8 이중 인코딩으로 깨져 있어 GADM 명칭으로 대체(값 영향 없음).,,,,B-030_산림 이득(ha／yr).xlsx,1.2_entity(레코드형),9,
B-030,산림 이득,entity,v124-b-030-entity-00060,B-030_forest_change_adm1,VNM,,,,,,,,,VNM.17_1,11.103906,107.177419,"{""2000년_수관_면적_ha"":336336,""2025_개편_후_소속_34개_체계"":""Đồng Nai"",""경계_좌표_산출근거"":""경계는 GADM 4.1 ADM1(2022년판, 2025년 개편 이전 63개 성). 대표좌표는 최대 폴리곤의 내부 보장 대표점. 좌표계 EPSG:4326. GFW·CCKP 의 성 단위 집계도 GADM 경계 기준이므로 값과 경계의 출처 체계가 일치. 2025-07-01 시행 결의 202/2025/QH15 의 34개 체계 대응은 별도 속성에 병기."",""경계_폴리곤_파일"":""[공통]VNM_admin1_GADM41_63.geojson"",""교란_후_회복_ha"":64244.27,""기간"":""2000–2020"",""기후기술_연계_근거"":""간접 · 연구진 판단 — 산림 이득은 탄소 흡수원의 증감을 나타내는 지표. 주 기술 23(탄소 흡수원), 부 기술 35(35) 는 note·2_meta_info tech_ids 참조. [근거자료] 원천 문서에 기술분류 표기 없음 — 연구진 판단(별첨2 R2 근거 기재)"",""레코드_키"":""VNM.17_1"",""분석대상_면적_ha_GFW"":586155.57,""손실_ha"":35692.95,""순변화_ha"":-582.12,""순변화율"":-0.17,""유지_ha"":236398.64,""이득_ha"":35110.83,""지역명_로마자"":""DongNai"",""지역명_베트남어"":""ĐồngNai"",""행정단위"":""Province""}",,주 기술 23(탄소흡수원) · 부 기술 35(산림·생태계). 원자료 name_1 은 UTF-8 이중 인코딩으로 깨져 있어 GADM 명칭으로 대체(값 영향 없음).,,,,B-030_산림 이득(ha／yr).xlsx,1.2_entity(레코드형),11,
B-030,산림 이득,entity,v124-b-030-entity-00061,B-030_forest_change_adm1,VNM,,,,,,,,,VNM.10_1,11.724829,106.903362,"{""2000년_수관_면적_ha"":489836,""2025_개편_후_소속_34개_체계"":""Đồng Nai"",""경계_좌표_산출근거"":""경계는 GADM 4.1 ADM1(2022년판, 2025년 개편 이전 63개 성). 대표좌표는 최대 폴리곤의 내부 보장 대표점. 좌표계 EPSG:4326. GFW·CCKP 의 성 단위 집계도 GADM 경계 기준이므로 값과 경계의 출처 체계가 일치. 2025-07-01 시행 결의 202/2025/QH15 의 34개 체계 대응은 별도 속성에 병기."",""경계_폴리곤_파일"":""[공통]VNM_admin1_GADM41_63.geojson"",""교란_후_회복_ha"":199686.53,""기간"":""2000–2020"",""기후기술_연계_근거"":""간접 · 연구진 판단 — 산림 이득은 탄소 흡수원의 증감을 나타내는 지표. 주 기술 23(탄소 흡수원), 부 기술 35(35) 는 note·2_meta_info tech_ids 참조. [근거자료] 원천 문서에 기술분류 표기 없음 — 연구진 판단(별첨2 R2 근거 기재)"",""레코드_키"":""VNM.10_1"",""분석대상_면적_ha_GFW"":686653.32,""손실_ha"":50953.5,""순변화_ha"":72273.68,""순변화율"":14.75,""유지_ha"":239196.47,""이득_ha"":123227.18,""지역명_로마자"":""BinhPhuoc"",""지역명_베트남어"":""BìnhPhước"",""행정단위"":""Province""}",,주 기술 23(탄소흡수원) · 부 기술 35(산림·생태계). 원자료 name_1 은 UTF-8 이중 인코딩으로 깨져 있어 GADM 명칭으로 대체(값 영향 없음).,,,,B-030_산림 이득(ha／yr).xlsx,1.2_entity(레코드형),4,
B-030,산림 이득,entity,v124-b-030-entity-00062,B-030_forest_change_adm1,VNM,,,,,,,,,VNM.18_1,10.574058,105.540918,"{""2000년_수관_면적_ha"":10961.7,""2025_개편_후_소속_34개_체계"":""Đồng Tháp"",""경계_좌표_산출근거"":""경계는 GADM 4.1 ADM1(2022년판, 2025년 개편 이전 63개 성). 대표좌표는 최대 폴리곤의 내부 보장 대표점. 좌표계 EPSG:4326. GFW·CCKP 의 성 단위 집계도 GADM 경계 기준이므로 값과 경계의 출처 체계가 일치. 2025-07-01 시행 결의 202/2025/QH15 의 34개 체계 대응은 별도 속성에 병기."",""경계_폴리곤_파일"":""[공통]VNM_admin1_GADM41_63.geojson"",""교란_후_회복_ha"":473.54,""기간"":""2000–2020"",""기후기술_연계_근거"":""간접 · 연구진 판단 — 산림 이득은 탄소 흡수원의 증감을 나타내는 지표. 주 기술 23(탄소 흡수원), 부 기술 35(35) 는 note·2_meta_info tech_ids 참조. [근거자료] 원천 문서에 기술분류 표기 없음 — 연구진 판단(별첨2 R2 근거 기재)"",""레코드_키"":""VNM.18_1"",""분석대상_면적_ha_GFW"":338844.88,""손실_ha"":666.47,""순변화_ha"":2894.17,""순변화율"":26.4,""유지_ha"":9821.66,""이득_ha"":3560.64,""지역명_로마자"":""DongThap"",""지역명_베트남어"":""ĐồngTháp"",""행정단위"":""Province""}",,주 기술 23(탄소흡수원) · 부 기술 35(산림·생태계). 원자료 name_1 은 UTF-8 이중 인코딩으로 깨져 있어 GADM 명칭으로 대체(값 영향 없음).,,,,B-030_산림 이득(ha／yr).xlsx,1.2_entity(레코드형),12,
B-030,산림 이득,entity,v124-b-030-entity-00063,B-030_forest_change_adm1,VNM,,,,,,,,,VNM.58_1,10.40408,106.412041,"{""2000년_수관_면적_ha"":48501.8,""2025_개편_후_소속_34개_체계"":""Đồng Tháp"",""경계_좌표_산출근거"":""경계는 GADM 4.1 ADM1(2022년판, 2025년 개편 이전 63개 성). 대표좌표는 최대 폴리곤의 내부 보장 대표점. 좌표계 EPSG:4326. GFW·CCKP 의 성 단위 집계도 GADM 경계 기준이므로 값과 경계의 출처 체계가 일치. 2025-07-01 시행 결의 202/2025/QH15 의 34개 체계 대응은 별도 속성에 병기."",""경계_폴리곤_파일"":""[공통]VNM_admin1_GADM41_63.geojson"",""교란_후_회복_ha"":942.06,""기간"":""2000–2020"",""기후기술_연계_근거"":""간접 · 연구진 판단 — 산림 이득은 탄소 흡수원의 증감을 나타내는 지표. 주 기술 23(탄소 흡수원), 부 기술 35(35) 는 note·2_meta_info tech_ids 참조. [근거자료] 원천 문서에 기술분류 표기 없음 — 연구진 판단(별첨2 R2 근거 기재)"",""레코드_키"":""VNM.58_1"",""분석대상_면적_ha_GFW"":240565.05,""손실_ha"":1545.02,""순변화_ha"":9151.02,""순변화율"":18.87,""유지_ha"":46014.72,""이득_ha"":10696.04,""지역명_로마자"":""TienGiang"",""지역명_베트남어"":""TiềnGiang"",""행정단위"":""Province""}",,주 기술 23(탄소흡수원) · 부 기술 35(산림·생태계). 원자료 name_1 은 UTF-8 이중 인코딩으로 깨져 있어 GADM 명칭으로 대체(값 영향 없음).,,,,B-030_산림 이득(ha／yr).xlsx,1.2_entity(레코드형),56,
B-030,산림 이득,entity,v124-b-030-entity-00064,B-030_forest_change_adm1_adm34,VNM,,,,,,,,,VNM34.01,10.18115,105.034326,"{""2000년_수관_면적_ha"":77121.7,""2025_개편_후_소속_34개_체계"":""An Giang"",""경계_좌표_산출근거"":""2025년 행정구역 개편(34개 성·시) 기준. 경계는 GADM 4.1 ADM1 63개 폴리곤을 개편 후 소속으로 병합한 [공통]VNM_admin1_GADM41_merged34.geojson(구성 2개: AnGiang;KiênGiang), 대표좌표는 병합 폴리곤 내부 보장 대표점. OSM 34 경계(relation relation/1875748, ODbL 1.0)는 참고 병기이며 면적 26937.2 km²(GADM 병합 9807.4 km² 대비 +174.7%, 연안 성은 OSM 경계가 해역을 포함해 차이가 큼)."",""경계_폴리곤_파일"":""[공통]VNM_admin1_GADM41_merged34.geojson (병기: [공통]VNM_admin1_OSM_34_20260918.geojson relation/1875748)"",""교란_후_회복_ha"":7017.26,""기간"":""2000–2020"",""기후기술_연계_근거"":""간접 · 연구진 판단 — 산림 이득은 탄소 흡수원의 증감을 나타내는 지표. 주 기술 23(탄소 흡수원), 부 기술 35(35) 는 note·2_meta_info tech_ids 참조. [근거자료] 원천 문서에 기술분류 표기 없음 — 연구진 판단(별첨2 R2 근거 기재)"",""레코드_키"":""VNM34.01"",""분석대상_면적_ha_GFW"":981369.5,""손실_ha"":8630.42,""순변화_ha"":-4086.52,""순변화율"":-5.3,""유지_ha"":61474.02,""이득_ha"":4543.9,""지역명_로마자"":""AnGiang"",""지역명_베트남어"":""An Giang"",""행정단위"":""Province/City (2025년 34개 체계)""}",,"[34체계 병합] 구성 성 2개(AnGiang;KiênGiang) 값을 집계 · 면적(ha) 합산, 순변화율 = 순변화 ÷ 2000년 수관 면적 재계산",,,,B-030_산림 이득(ha／yr).xlsx,1.2_entity(레코드형),104,
B-030,산림 이득,entity,v124-b-030-entity-00065,B-030_forest_change_adm1_adm34,VNM,,,,,,,,,VNM34.02,21.298,106.464986,"{""2000년_수관_면적_ha"":200099.12,""2025_개편_후_소속_34개_체계"":""Bắc Ninh"",""경계_좌표_산출근거"":""2025년 행정구역 개편(34개 성·시) 기준. 경계는 GADM 4.1 ADM1 63개 폴리곤을 개편 후 소속으로 병합한 [공통]VNM_admin1_GADM41_merged34.geojson(구성 2개: BắcGiang;BắcNinh), 대표좌표는 병합 폴리곤 내부 보장 대표점. OSM 34 경계(relation relation/1902690, ODbL 1.0)는 참고 병기이며 면적 4735.6 km²(GADM 병합 4705.4 km² 대비 +0.6%, 연안 성은 OSM 경계가 해역을 포함해 차이가 큼)."",""경계_폴리곤_파일"":""[공통]VNM_admin1_GADM41_merged34.geojson (병기: [공통]VNM_admin1_OSM_34_20260918.geojson relation/1902690)"",""교란_후_회복_ha"":77894.98,""기간"":""2000–2020"",""기후기술_연계_근거"":""간접 · 연구진 판단 — 산림 이득은 탄소 흡수원의 증감을 나타내는 지표. 주 기술 23(탄소 흡수원), 부 기술 35(35) 는 note·2_meta_info tech_ids 참조. [근거자료] 원천 문서에 기술분류 표기 없음 — 연구진 판단(별첨2 R2 근거 기재)"",""레코드_키"":""VNM34.02"",""분석대상_면적_ha_GFW"":471485.6,""손실_ha"":16257.08,""순변화_ha"":-2928.38,""순변화율"":-1.46,""유지_ha"":105946.96,""이득_ha"":13328.7,""지역명_로마자"":""BacNinh"",""지역명_베트남어"":""Bắc Ninh"",""행정단위"":""Province/City (2025년 34개 체계)""}",,"[34체계 병합] 구성 성 2개(BắcGiang;BắcNinh) 값을 집계 · 면적(ha) 합산, 순변화율 = 순변화 ÷ 2000년 수관 면적 재계산",,,,B-030_산림 이득(ha／yr).xlsx,1.2_entity(레코드형),105,
B-030,산림 이득,entity,v124-b-030-entity-00066,B-030_forest_change_adm1_adm34,VNM,,,,,,,,,VNM34.03,22.73795,106.255875,"{""2000년_수관_면적_ha"":573814,""2025_개편_후_소속_34개_체계"":""Cao Bằng"",""경계_좌표_산출근거"":""2025년 행정구역 개편(34개 성·시) 기준. 경계는 GADM 4.1 ADM1 63개 폴리곤을 개편 후 소속으로 병합한 [공통]VNM_admin1_GADM41_merged34.geojson(구성 1개: CaoBằng), 대표좌표는 병합 폴리곤 내부 보장 대표점. OSM 34 경계(relation relation/1844412, ODbL 1.0)는 참고 병기이며 면적 6726.1 km²(GADM 병합 6682.6 km² 대비 +0.7%, 연안 성은 OSM 경계가 해역을 포함해 차이가 큼)."",""경계_폴리곤_파일"":""[공통]VNM_admin1_GADM41_merged34.geojson (병기: [공통]VNM_admin1_OSM_34_20260918.geojson relation/1844412)"",""교란_후_회복_ha"":66231.21,""기간"":""2000–2020"",""기후기술_연계_근거"":""간접 · 연구진 판단 — 산림 이득은 탄소 흡수원의 증감을 나타내는 지표. 주 기술 23(탄소 흡수원), 부 기술 35(35) 는 note·2_meta_info tech_ids 참조. [근거자료] 원천 문서에 기술분류 표기 없음 — 연구진 판단(별첨2 R2 근거 기재)"",""레코드_키"":""VNM34.03"",""분석대상_면적_ha_GFW"":669687.63,""손실_ha"":8304.71,""순변화_ha"":-6045.84,""순변화율"":-1.05,""유지_ha"":499278.04,""이득_ha"":2258.87,""지역명_로마자"":""CaoBang"",""지역명_베트남어"":""Cao Bằng"",""행정단위"":""Province/City (2025년 34개 체계)""}",,"[34체계 병합] 구성 성 1개(CaoBằng) 값을 집계 · 면적(ha) 합산, 순변화율 = 순변화 ÷ 2000년 수관 면적 재계산",,,,B-030_산림 이득(ha／yr).xlsx,1.2_entity(레코드형),106,
B-030,산림 이득,entity,v124-b-030-entity-00067,B-030_forest_change_adm1_adm34,VNM,,,,,,,,,VNM34.04,9.09445,105.153014,"{""2000년_수관_면적_ha"":60108.36,""2025_개편_후_소속_34개_체계"":""Cà Mau"",""경계_좌표_산출근거"":""2025년 행정구역 개편(34개 성·시) 기준. 경계는 GADM 4.1 ADM1 63개 폴리곤을 개편 후 소속으로 병합한 [공통]VNM_admin1_GADM41_merged34.geojson(구성 2개: CàMau;BạcLiêu), 대표좌표는 병합 폴리곤 내부 보장 대표점. OSM 34 경계(relation relation/1873490, ODbL 1.0)는 참고 병기이며 면적 28107.0 km²(GADM 병합 7644.7 km² 대비 +267.7%, 연안 성은 OSM 경계가 해역을 포함해 차이가 큼)."",""경계_폴리곤_파일"":""[공통]VNM_admin1_GADM41_merged34.geojson (병기: [공통]VNM_admin1_OSM_34_20260918.geojson relation/1873490)"",""교란_후_회복_ha"":12296,""기간"":""2000–2020"",""기후기술_연계_근거"":""간접 · 연구진 판단 — 산림 이득은 탄소 흡수원의 증감을 나타내는 지표. 주 기술 23(탄소 흡수원), 부 기술 35(35) 는 note·2_meta_info tech_ids 참조. [근거자료] 원천 문서에 기술분류 표기 없음 — 연구진 판단(별첨2 R2 근거 기재)"",""레코드_키"":""VNM34.04"",""분석대상_면적_ha_GFW"":764764.32,""손실_ha"":16805.63,""순변화_ha"":-6002.21,""순변화율"":-9.99,""유지_ha"":31006.79,""이득_ha"":10803.42,""지역명_로마자"":""CaMau"",""지역명_베트남어"":""Cà Mau"",""행정단위"":""Province/City (2025년 34개 체계)""}",,"[34체계 병합] 구성 성 2개(CàMau;BạcLiêu) 값을 집계 · 면적(ha) 합산, 순변화율 = 순변화 ÷ 2000년 수관 면적 재계산",,,,B-030_산림 이득(ha／yr).xlsx,1.2_entity(레코드형),107,
B-030,산림 이득,entity,v124-b-030-entity-00068,B-030_forest_change_adm1_adm34,VNM,,,,,,,,,VNM34.05,9.7843,105.746349,"{""2000년_수관_면적_ha"":50596.74,""2025_개편_후_소속_34개_체계"":""Cần Thơ"",""경계_좌표_산출근거"":""2025년 행정구역 개편(34개 성·시) 기준. 경계는 GADM 4.1 ADM1 63개 폴리곤을 개편 후 소속으로 병합한 [공통]VNM_admin1_GADM41_merged34.geojson(구성 3개: CầnThơ;HậuGiang;SócTrăng), 대표좌표는 병합 폴리곤 내부 보장 대표점. OSM 34 경계(relation relation/1874283, ODbL 1.0)는 참고 병기이며 면적 9748.3 km²(GADM 병합 6342.4 km² 대비 +53.7%, 연안 성은 OSM 경계가 해역을 포함해 차이가 큼)."",""경계_폴리곤_파일"":""[공통]VNM_admin1_GADM41_merged34.geojson (병기: [공통]VNM_admin1_OSM_34_20260918.geojson relation/1874283)"",""교란_후_회복_ha"":1714.2,""기간"":""2000–2020"",""기후기술_연계_근거"":""간접 · 연구진 판단 — 산림 이득은 탄소 흡수원의 증감을 나타내는 지표. 주 기술 23(탄소 흡수원), 부 기술 35(35) 는 note·2_meta_info tech_ids 참조. [근거자료] 원천 문서에 기술분류 표기 없음 — 연구진 판단(별첨2 R2 근거 기재)"",""레코드_키"":""VNM34.05"",""분석대상_면적_ha_GFW"":634448.6,""손실_ha"":1820.33,""순변화_ha"":5273.66,""순변화율"":10.42,""유지_ha"":47062.21,""이득_ha"":7093.99,""지역명_로마자"":""CanTho"",""지역명_베트남어"":""Cần Thơ"",""행정단위"":""Province/City (2025년 34개 체계)""}",,"[34체계 병합] 구성 성 3개(CầnThơ;HậuGiang;SócTrăng) 값을 집계 · 면적(ha) 합산, 순변화율 = 순변화 ÷ 2000년 수관 면적 재계산",,,,B-030_산림 이득(ha／yr).xlsx,1.2_entity(레코드형),108,
B-030,산림 이득,entity,v124-b-030-entity-00069,B-030_forest_change_adm1_adm34,VNM,,,,,,,,,VNM34.06,13.85,108.382264,"{""2000년_수관_면적_ha"":1356448,""2025_개편_후_소속_34개_체계"":""Gia Lai"",""경계_좌표_산출근거"":""2025년 행정구역 개편(34개 성·시) 기준. 경계는 GADM 4.1 ADM1 63개 폴리곤을 개편 후 소속으로 병합한 [공통]VNM_admin1_GADM41_merged34.geojson(구성 2개: GiaLai;BìnhĐịnh), 대표좌표는 병합 폴리곤 내부 보장 대표점. OSM 34 경계(relation relation/1884018, ODbL 1.0)는 참고 병기이며 면적 25591.0 km²(GADM 병합 21567.3 km² 대비 +18.7%, 연안 성은 OSM 경계가 해역을 포함해 차이가 큼)."",""경계_폴리곤_파일"":""[공통]VNM_admin1_GADM41_merged34.geojson (병기: [공통]VNM_admin1_OSM_34_20260918.geojson relation/1884018)"",""교란_후_회복_ha"":296205.4,""기간"":""2000–2020"",""기후기술_연계_근거"":""간접 · 연구진 판단 — 산림 이득은 탄소 흡수원의 증감을 나타내는 지표. 주 기술 23(탄소 흡수원), 부 기술 35(35) 는 note·2_meta_info tech_ids 참조. [근거자료] 원천 문서에 기술분류 표기 없음 — 연구진 판단(별첨2 R2 근거 기재)"",""레코드_키"":""VNM34.06"",""분석대상_면적_ha_GFW"":2157759.54,""손실_ha"":246255.33,""순변화_ha"":-150562.08,""순변화율"":-11.1,""유지_ha"":813987.26,""이득_ha"":95693.25,""지역명_로마자"":""GiaLai"",""지역명_베트남어"":""Gia Lai"",""행정단위"":""Province/City (2025년 34개 체계)""}",,"[34체계 병합] 구성 성 2개(GiaLai;BìnhĐịnh) 값을 집계 · 면적(ha) 합산, 순변화율 = 순변화 ÷ 2000년 수관 면적 재계산",,,,B-030_산림 이득(ha／yr).xlsx,1.2_entity(레코드형),109,
B-030,산림 이득,entity,v124-b-030-entity-00070,B-030_forest_change_adm1_adm34,VNM,,,,,,,,,VNM34.07,16.36855,107.463077,"{""2000년_수관_면적_ha"":376145,""2025_개편_후_소속_34개_체계"":""Huế"",""경계_좌표_산출근거"":""2025년 행정구역 개편(34개 성·시) 기준. 경계는 GADM 4.1 ADM1 63개 폴리곤을 개편 후 소속으로 병합한 [공통]VNM_admin1_GADM41_merged34.geojson(구성 1개: ThừaThiênHuế), 대표좌표는 병합 폴리곤 내부 보장 대표점. OSM 34 경계(relation relation/1891483, ODbL 1.0)는 참고 병기이며 면적 9758.3 km²(GADM 병합 5019.8 km² 대비 +94.4%, 연안 성은 OSM 경계가 해역을 포함해 차이가 큼)."",""경계_폴리곤_파일"":""[공통]VNM_admin1_GADM41_merged34.geojson (병기: [공통]VNM_admin1_OSM_34_20260918.geojson relation/1891483)"",""교란_후_회복_ha"":90855.43,""기간"":""2000–2020"",""기후기술_연계_근거"":""간접 · 연구진 판단 — 산림 이득은 탄소 흡수원의 증감을 나타내는 지표. 주 기술 23(탄소 흡수원), 부 기술 35(35) 는 note·2_meta_info tech_ids 참조. [근거자료] 원천 문서에 기술분류 표기 없음 — 연구진 판단(별첨2 R2 근거 기재)"",""레코드_키"":""VNM34.07"",""분석대상_면적_ha_GFW"":502425.01,""손실_ha"":22025.28,""순변화_ha"":-14774.91,""순변화율"":-3.93,""유지_ha"":263264.75,""이득_ha"":7250.36,""지역명_로마자"":""Hue"",""지역명_베트남어"":""Huế"",""행정단위"":""Province/City (2025년 34개 체계)""}",,"[34체계 병합] 구성 성 1개(ThừaThiênHuế) 값을 집계 · 면적(ha) 합산, 순변화율 = 순변화 ÷ 2000년 수관 면적 재계산",,,,B-030_산림 이득(ha／yr).xlsx,1.2_entity(레코드형),110,
B-030,산림 이득,entity,v124-b-030-entity-00071,B-030_forest_change_adm1_adm34,VNM,,,,,,,,,VNM34.08,20.97495,105.675893,"{""2000년_수관_면적_ha"":58312.6,""2025_개편_후_소속_34개_체계"":""Hà Nội"",""경계_좌표_산출근거"":""2025년 행정구역 개편(34개 성·시) 기준. 경계는 GADM 4.1 ADM1 63개 폴리곤을 개편 후 소속으로 병합한 [공통]VNM_admin1_GADM41_merged34.geojson(구성 1개: HàNội), 대표좌표는 병합 폴리곤 내부 보장 대표점. OSM 34 경계(relation relation/1903516, ODbL 1.0)는 참고 병기이며 면적 3370.6 km²(GADM 병합 3351.1 km² 대비 +0.6%, 연안 성은 OSM 경계가 해역을 포함해 차이가 큼)."",""경계_폴리곤_파일"":""[공통]VNM_admin1_GADM41_merged34.geojson (병기: [공통]VNM_admin1_OSM_34_20260918.geojson relation/1903516)"",""교란_후_회복_ha"":8259.98,""기간"":""2000–2020"",""기후기술_연계_근거"":""간접 · 연구진 판단 — 산림 이득은 탄소 흡수원의 증감을 나타내는 지표. 주 기술 23(탄소 흡수원), 부 기술 35(35) 는 note·2_meta_info tech_ids 참조. [근거자료] 원천 문서에 기술분류 표기 없음 — 연구진 판단(별첨2 R2 근거 기재)"",""레코드_키"":""VNM34.08"",""분석대상_면적_ha_GFW"":335670.9,""손실_ha"":1239.55,""순변화_ha"":7465.17,""순변화율"":12.8,""유지_ha"":48813.09,""이득_ha"":8704.71,""지역명_로마자"":""HaNoi"",""지역명_베트남어"":""Hà Nội"",""행정단위"":""Province/City (2025년 34개 체계)""}",,"[34체계 병합] 구성 성 1개(HàNội) 값을 집계 · 면적(ha) 합산, 순변화율 = 순변화 ÷ 2000년 수관 면적 재계산",,,,B-030_산림 이득(ha／yr).xlsx,1.2_entity(레코드형),111,
B-030,산림 이득,entity,v124-b-030-entity-00072,B-030_forest_change_adm1_adm34,VNM,,,,,,,,,VNM34.09,18.33865,105.610111,"{""2000년_수관_면적_ha"":394306,""2025_개편_후_소속_34개_체계"":""Hà Tĩnh"",""경계_좌표_산출근거"":""2025년 행정구역 개편(34개 성·시) 기준. 경계는 GADM 4.1 ADM1 63개 폴리곤을 개편 후 소속으로 병합한 [공통]VNM_admin1_GADM41_merged34.geojson(구성 1개: HàTĩnh), 대표좌표는 병합 폴리곤 내부 보장 대표점. OSM 34 경계(relation relation/1898458, ODbL 1.0)는 참고 병기이며 면적 10286.4 km²(GADM 병합 5977.1 km² 대비 +72.1%, 연안 성은 OSM 경계가 해역을 포함해 차이가 큼)."",""경계_폴리곤_파일"":""[공통]VNM_admin1_GADM41_merged34.geojson (병기: [공통]VNM_admin1_OSM_34_20260918.geojson relation/1898458)"",""교란_후_회복_ha"":125655.42,""기간"":""2000–2020"",""기후기술_연계_근거"":""간접 · 연구진 판단 — 산림 이득은 탄소 흡수원의 증감을 나타내는 지표. 주 기술 23(탄소 흡수원), 부 기술 35(35) 는 note·2_meta_info tech_ids 참조. [근거자료] 원천 문서에 기술분류 표기 없음 — 연구진 판단(별첨2 R2 근거 기재)"",""레코드_키"":""VNM34.09"",""분석대상_면적_ha_GFW"":598336.52,""손실_ha"":18781.75,""순변화_ha"":-8091.54,""순변화율"":-2.05,""유지_ha"":249868.57,""이득_ha"":10690.21,""지역명_로마자"":""HaTinh"",""지역명_베트남어"":""Hà Tĩnh"",""행정단위"":""Province/City (2025년 34개 체계)""}",,"[34체계 병합] 구성 성 1개(HàTĩnh) 값을 집계 · 면적(ha) 합산, 순변화율 = 순변화 ÷ 2000년 수관 면적 재계산",,,,B-030_산림 이득(ha／yr).xlsx,1.2_entity(레코드형),112,
B-030,산림 이득,entity,v124-b-030-entity-00073,B-030_forest_change_adm1_adm34,VNM,,,,,,,,,VNM34.10,20.62365,106.283681,"{""2000년_수관_면적_ha"":14001.03,""2025_개편_후_소속_34개_체계"":""Hưng Yên"",""경계_좌표_산출근거"":""2025년 행정구역 개편(34개 성·시) 기준. 경계는 GADM 4.1 ADM1 63개 폴리곤을 개편 후 소속으로 병합한 [공통]VNM_admin1_GADM41_merged34.geojson(구성 2개: HưngYên;TháiBình), 대표좌표는 병합 폴리곤 내부 보장 대표점. OSM 34 경계(relation relation/1901032, ODbL 1.0)는 참고 병기이며 면적 4279.0 km²(GADM 병합 2533.7 km² 대비 +68.9%, 연안 성은 OSM 경계가 해역을 포함해 차이가 큼)."",""경계_폴리곤_파일"":""[공통]VNM_admin1_GADM41_merged34.geojson (병기: [공통]VNM_admin1_OSM_34_20260918.geojson relation/1901032)"",""교란_후_회복_ha"":37.66,""기간"":""2000–2020"",""기후기술_연계_근거"":""간접 · 연구진 판단 — 산림 이득은 탄소 흡수원의 증감을 나타내는 지표. 주 기술 23(탄소 흡수원), 부 기술 35(35) 는 note·2_meta_info tech_ids 참조. [근거자료] 원천 문서에 기술분류 표기 없음 — 연구진 판단(별첨2 R2 근거 기재)"",""레코드_키"":""VNM34.10"",""분석대상_면적_ha_GFW"":253867.61,""손실_ha"":29.58,""순변화_ha"":4055.65,""순변화율"":28.97,""유지_ha"":13933.75,""이득_ha"":4085.23,""지역명_로마자"":""HungYen"",""지역명_베트남어"":""Hưng Yên"",""행정단위"":""Province/City (2025년 34개 체계)""}",,"[34체계 병합] 구성 성 2개(HưngYên;TháiBình) 값을 집계 · 면적(ha) 합산, 순변화율 = 순변화 ÷ 2000년 수관 면적 재계산",,,,B-030_산림 이득(ha／yr).xlsx,1.2_entity(레코드형),113,
B-030,산림 이득,entity,v124-b-030-entity-00074,B-030_forest_change_adm1_adm34,VNM,,,,,,,,,VNM34.11,20.92045,106.463117,"{""2000년_수관_면적_ha"":42093.8,""2025_개편_후_소속_34개_체계"":""Hải Phòng"",""경계_좌표_산출근거"":""2025년 행정구역 개편(34개 성·시) 기준. 경계는 GADM 4.1 ADM1 63개 폴리곤을 개편 후 소속으로 병합한 [공통]VNM_admin1_GADM41_merged34.geojson(구성 2개: HảiDương;HảiPhòng), 대표좌표는 병합 폴리곤 내부 보장 대표점. OSM 34 경계(relation relation/1902682, ODbL 1.0)는 참고 병기이며 면적 7243.5 km²(GADM 병합 3064.0 km² 대비 +136.4%, 연안 성은 OSM 경계가 해역을 포함해 차이가 큼)."",""경계_폴리곤_파일"":""[공통]VNM_admin1_GADM41_merged34.geojson (병기: [공통]VNM_admin1_OSM_34_20260918.geojson relation/1902682)"",""교란_후_회복_ha"":2547.24,""기간"":""2000–2020"",""기후기술_연계_근거"":""간접 · 연구진 판단 — 산림 이득은 탄소 흡수원의 증감을 나타내는 지표. 주 기술 23(탄소 흡수원), 부 기술 35(35) 는 note·2_meta_info tech_ids 참조. [근거자료] 원천 문서에 기술분류 표기 없음 — 연구진 판단(별첨2 R2 근거 기재)"",""레코드_키"":""VNM34.11"",""분석대상_면적_ha_GFW"":307051.56,""손실_ha"":677.53,""순변화_ha"":5772.56,""순변화율"":13.71,""유지_ha"":38869.05,""이득_ha"":6450.09,""지역명_로마자"":""HaiPhong"",""지역명_베트남어"":""Hải Phòng"",""행정단위"":""Province/City (2025년 34개 체계)""}",,"[34체계 병합] 구성 성 2개(HảiDương;HảiPhòng) 값을 집계 · 면적(ha) 합산, 순변화율 = 순변화 ÷ 2000년 수관 면적 재계산",,,,B-030_산림 이득(ha／yr).xlsx,1.2_entity(레코드형),114,
B-030,산림 이득,entity,v124-b-030-entity-00075,B-030_forest_change_adm1_adm34,VNM,,,,,,,,,VNM34.12,10.91275,106.662365,"{""2000년_수관_면적_ha"":289089.7,""2025_개편_후_소속_34개_체계"":""Hồ Chí Minh"",""경계_좌표_산출근거"":""2025년 행정구역 개편(34개 성·시) 기준. 경계는 GADM 4.1 ADM1 63개 폴리곤을 개편 후 소속으로 병합한 [공통]VNM_admin1_GADM41_merged34.geojson(구성 3개: HồChíMinh;BàRịa-VũngTàu;BìnhDương), 대표좌표는 병합 폴리곤 내부 보장 대표점. OSM 34 경계(relation relation/1973756, ODbL 1.0)는 참고 병기이며 면적 36623.5 km²(GADM 병합 6704.0 km² 대비 +446.3%, 연안 성은 OSM 경계가 해역을 포함해 차이가 큼)."",""경계_폴리곤_파일"":""[공통]VNM_admin1_GADM41_merged34.geojson (병기: [공통]VNM_admin1_OSM_34_20260918.geojson relation/1973756)"",""교란_후_회복_ha"":101870.49,""기간"":""2000–2020"",""기후기술_연계_근거"":""간접 · 연구진 판단 — 산림 이득은 탄소 흡수원의 증감을 나타내는 지표. 주 기술 23(탄소 흡수원), 부 기술 35(35) 는 note·2_meta_info tech_ids 참조. [근거자료] 원천 문서에 기술분류 표기 없음 — 연구진 판단(별첨2 R2 근거 기재)"",""레코드_키"":""VNM34.12"",""분석대상_면적_ha_GFW"":670731.78,""손실_ha"":59283.25,""순변화_ha"":-2677.29,""순변화율"":-0.93,""유지_ha"":127935.52,""이득_ha"":56605.96,""지역명_로마자"":""HoChiMinh"",""지역명_베트남어"":""Hồ Chí Minh"",""행정단위"":""Province/City (2025년 34개 체계)""}",,"[34체계 병합] 구성 성 3개(HồChíMinh;BàRịa-VũngTàu;BìnhDương) 값을 집계 · 면적(ha) 합산, 순변화율 = 순변화 ÷ 2000년 수관 면적 재계산",,,,B-030_산림 이득(ha／yr).xlsx,1.2_entity(레코드형),115,
B-030,산림 이득,entity,v124-b-030-entity-00076,B-030_forest_change_adm1_adm34,VNM,,,,,,,,,VNM34.13,12.0875,108.949698,"{""2000년_수관_면적_ha"":508384,""2025_개편_후_소속_34개_체계"":""Khánh Hòa"",""경계_좌표_산출근거"":""2025년 행정구역 개편(34개 성·시) 기준. 경계는 GADM 4.1 ADM1 63개 폴리곤을 개편 후 소속으로 병합한 [공통]VNM_admin1_GADM41_merged34.geojson(구성 2개: KhánhHòa;NinhThuận), 대표좌표는 병합 폴리곤 내부 보장 대표점. OSM 34 경계(relation relation/1887959, ODbL 1.0)는 참고 병기이며 면적 40509.1 km²(GADM 병합 8193.8 km² 대비 +394.4%, 연안 성은 OSM 경계가 해역을 포함해 차이가 큼)."",""경계_폴리곤_파일"":""[공통]VNM_admin1_GADM41_merged34.geojson (병기: [공통]VNM_admin1_OSM_34_20260918.geojson relation/1887959)"",""교란_후_회복_ha"":104844.37,""기간"":""2000–2020"",""기후기술_연계_근거"":""간접 · 연구진 판단 — 산림 이득은 탄소 흡수원의 증감을 나타내는 지표. 주 기술 23(탄소 흡수원), 부 기술 35(35) 는 note·2_meta_info tech_ids 참조. [근거자료] 원천 문서에 기술분류 표기 없음 — 연구진 판단(별첨2 R2 근거 기재)"",""레코드_키"":""VNM34.13"",""분석대상_면적_ha_GFW"":819888.66,""손실_ha"":51206.17,""순변화_ha"":-38313.89,""순변화율"":-7.54,""유지_ha"":352332.69,""이득_ha"":12892.28,""지역명_로마자"":""KhanhHoa"",""지역명_베트남어"":""Khánh Hòa"",""행정단위"":""Province/City (2025년 34개 체계)""}",,"[34체계 병합] 구성 성 2개(KhánhHòa;NinhThuận) 값을 집계 · 면적(ha) 합산, 순변화율 = 순변화 ÷ 2000년 수관 면적 재계산",,,,B-030_산림 이득(ha／yr).xlsx,1.2_entity(레코드형),116,
B-030,산림 이득,entity,v124-b-030-entity-00077,B-030_forest_change_adm1_adm34,VNM,,,,,,,,,VNM34.14,22.2475,103.265465,"{""2000년_수관_면적_ha"":763780,""2025_개편_후_소속_34개_체계"":""Lai Châu"",""경계_좌표_산출근거"":""2025년 행정구역 개편(34개 성·시) 기준. 경계는 GADM 4.1 ADM1 63개 폴리곤을 개편 후 소속으로 병합한 [공통]VNM_admin1_GADM41_merged34.geojson(구성 1개: LaiChâu), 대표좌표는 병합 폴리곤 내부 보장 대표점. OSM 34 경계(relation relation/1903322, ODbL 1.0)는 참고 병기이며 면적 9109.7 km²(GADM 병합 9045.7 km² 대비 +0.7%, 연안 성은 OSM 경계가 해역을 포함해 차이가 큼)."",""경계_폴리곤_파일"":""[공통]VNM_admin1_GADM41_merged34.geojson (병기: [공통]VNM_admin1_OSM_34_20260918.geojson relation/1903322)"",""교란_후_회복_ha"":120881.51,""기간"":""2000–2020"",""기후기술_연계_근거"":""간접 · 연구진 판단 — 산림 이득은 탄소 흡수원의 증감을 나타내는 지표. 주 기술 23(탄소 흡수원), 부 기술 35(35) 는 note·2_meta_info tech_ids 참조. [근거자료] 원천 문서에 기술분류 표기 없음 — 연구진 판단(별첨2 R2 근거 기재)"",""레코드_키"":""VNM34.14"",""분석대상_면적_ha_GFW"":906244.54,""손실_ha"":25011.61,""순변화_ha"":-8968.6,""순변화율"":-1.17,""유지_ha"":617886.76,""이득_ha"":16043.01,""지역명_로마자"":""LaiChau"",""지역명_베트남어"":""Lai Châu"",""행정단위"":""Province/City (2025년 34개 체계)""}",,"[34체계 병합] 구성 성 1개(LaiChâu) 값을 집계 · 면적(ha) 합산, 순변화율 = 순변화 ÷ 2000년 수관 면적 재계산",,,,B-030_산림 이득(ha／yr).xlsx,1.2_entity(레코드형),117,
B-030,산림 이득,entity,v124-b-030-entity-00078,B-030_forest_change_adm1_adm34,VNM,,,,,,,,,VNM34.15,22.08565,104.405366,"{""2000년_수관_면적_ha"":1072083,""2025_개편_후_소속_34개_체계"":""Lào Cai"",""경계_좌표_산출근거"":""2025년 행정구역 개편(34개 성·시) 기준. 경계는 GADM 4.1 ADM1 63개 폴리곤을 개편 후 소속으로 병합한 [공통]VNM_admin1_GADM41_merged34.geojson(구성 2개: LàoCai;YênBái), 대표좌표는 병합 폴리곤 내부 보장 대표점. OSM 34 경계(relation relation/1903400, ODbL 1.0)는 참고 병기이며 면적 13323.1 km²(GADM 병합 13218.3 km² 대비 +0.8%, 연안 성은 OSM 경계가 해역을 포함해 차이가 큼)."",""경계_폴리곤_파일"":""[공통]VNM_admin1_GADM41_merged34.geojson (병기: [공통]VNM_admin1_OSM_34_20260918.geojson relation/1903400)"",""교란_후_회복_ha"":234053.58,""기간"":""2000–2020"",""기후기술_연계_근거"":""간접 · 연구진 판단 — 산림 이득은 탄소 흡수원의 증감을 나타내는 지표. 주 기술 23(탄소 흡수원), 부 기술 35(35) 는 note·2_meta_info tech_ids 참조. [근거자료] 원천 문서에 기술분류 표기 없음 — 연구진 판단(별첨2 R2 근거 기재)"",""레코드_키"":""VNM34.15"",""분석대상_면적_ha_GFW"":1324730.09,""손실_ha"":32286,""순변화_ha"":-8131.75,""순변화율"":-0.76,""유지_ha"":805743.49,""이득_ha"":24154.24,""지역명_로마자"":""LaoCai"",""지역명_베트남어"":""Lào Cai"",""행정단위"":""Province/City (2025년 34개 체계)""}",,"[34체계 병합] 구성 성 2개(LàoCai;YênBái) 값을 집계 · 면적(ha) 합산, 순변화율 = 순변화 ÷ 2000년 수관 면적 재계산",,,,B-030_산림 이득(ha／yr).xlsx,1.2_entity(레코드형),118,
B-030,산림 이득,entity,v124-b-030-entity-00079,B-030_forest_change_adm1_adm34,VNM,,,,,,,,,VNM34.16,11.6893,107.985367,"{""2000년_수관_면적_ha"":1677970,""2025_개편_후_소속_34개_체계"":""Lâm Đồng"",""경계_좌표_산출근거"":""2025년 행정구역 개편(34개 성·시) 기준. 경계는 GADM 4.1 ADM1 63개 폴리곤을 개편 후 소속으로 병합한 [공통]VNM_admin1_GADM41_merged34.geojson(구성 3개: BìnhThuận;ĐắkNông;LâmĐồng), 대표좌표는 병합 폴리곤 내부 보장 대표점. OSM 34 경계(relation relation/1885367, ODbL 1.0)는 참고 병기이며 면적 49346.6 km²(GADM 병합 24223.0 km² 대비 +103.7%, 연안 성은 OSM 경계가 해역을 포함해 차이가 큼)."",""경계_폴리곤_파일"":""[공통]VNM_admin1_GADM41_merged34.geojson (병기: [공통]VNM_admin1_OSM_34_20260918.geojson relation/1885367)"",""교란_후_회복_ha"":348683.94,""기간"":""2000–2020"",""기후기술_연계_근거"":""간접 · 연구진 판단 — 산림 이득은 탄소 흡수원의 증감을 나타내는 지표. 주 기술 23(탄소 흡수원), 부 기술 35(35) 는 note·2_meta_info tech_ids 참조. [근거자료] 원천 문서에 기술분류 표기 없음 — 연구진 판단(별첨2 R2 근거 기재)"",""레코드_키"":""VNM34.16"",""분석대상_면적_ha_GFW"":2423551.47,""손실_ha"":202886.36,""순변화_ha"":-105303.05,""순변화율"":-6.28,""유지_ha"":1126399.6,""이득_ha"":97583.32,""지역명_로마자"":""Lamong"",""지역명_베트남어"":""Lâm Đồng"",""행정단위"":""Province/City (2025년 34개 체계)""}",,"[34체계 병합] 구성 성 3개(BìnhThuận;ĐắkNông;LâmĐồng) 값을 집계 · 면적(ha) 합산, 순변화율 = 순변화 ÷ 2000년 수관 면적 재계산",,,,B-030_산림 이득(ha／yr).xlsx,1.2_entity(레코드형),119,
B-030,산림 이득,entity,v124-b-030-entity-00080,B-030_forest_change_adm1_adm34,VNM,,,,,,,,,VNM34.17,21.8942,106.588695,"{""2000년_수관_면적_ha"":732544,""2025_개편_후_소속_34개_체계"":""Lạng Sơn"",""경계_좌표_산출근거"":""2025년 행정구역 개편(34개 성·시) 기준. 경계는 GADM 4.1 ADM1 63개 폴리곤을 개편 후 소속으로 병합한 [공통]VNM_admin1_GADM41_merged34.geojson(구성 1개: LạngSơn), 대표좌표는 병합 폴리곤 내부 보장 대표점. OSM 34 경계(relation relation/5522596, ODbL 1.0)는 참고 병기이며 면적 8349.4 km²(GADM 병합 8287.8 km² 대비 +0.7%, 연안 성은 OSM 경계가 해역을 포함해 차이가 큼)."",""경계_폴리곤_파일"":""[공통]VNM_admin1_GADM41_merged34.geojson (병기: [공통]VNM_admin1_OSM_34_20260918.geojson relation/5522596)"",""교란_후_회복_ha"":158945,""기간"":""2000–2020"",""기후기술_연계_근거"":""간접 · 연구진 판단 — 산림 이득은 탄소 흡수원의 증감을 나타내는 지표. 주 기술 23(탄소 흡수원), 부 기술 35(35) 는 note·2_meta_info tech_ids 참조. [근거자료] 원천 문서에 기술분류 표기 없음 — 연구진 판단(별첨2 R2 근거 기재)"",""레코드_키"":""VNM34.17"",""분석대상_면적_ha_GFW"":830347.04,""손실_ha"":12822.89,""순변화_ha"":-4144.35,""순변화율"":-0.57,""유지_ha"":560776.35,""이득_ha"":8678.53,""지역명_로마자"":""LangSon"",""지역명_베트남어"":""Lạng Sơn"",""행정단위"":""Province/City (2025년 34개 체계)""}",,"[34체계 병합] 구성 성 1개(LạngSơn) 값을 집계 · 면적(ha) 합산, 순변화율 = 순변화 ÷ 2000년 수관 면적 재계산",,,,B-030_산림 이득(ha／yr).xlsx,1.2_entity(레코드형),120,
B-030,산림 이득,entity,v124-b-030-entity-00081,B-030_forest_change_adm1_adm34,VNM,,,,,,,,,VNM34.18,19.27425,104.860761,"{""2000년_수관_면적_ha"":1281670,""2025_개편_후_소속_34개_체계"":""Nghệ An"",""경계_좌표_산출근거"":""2025년 행정구역 개편(34개 성·시) 기준. 경계는 GADM 4.1 ADM1 63개 폴리곤을 개편 후 소속으로 병합한 [공통]VNM_admin1_GADM41_merged34.geojson(구성 1개: NghệAn), 대표좌표는 병합 폴리곤 내부 보장 대표점. OSM 34 경계(relation relation/1898509, ODbL 1.0)는 참고 병기이며 면적 19388.0 km²(GADM 병합 16445.8 km² 대비 +17.9%, 연안 성은 OSM 경계가 해역을 포함해 차이가 큼)."",""경계_폴리곤_파일"":""[공통]VNM_admin1_GADM41_merged34.geojson (병기: [공통]VNM_admin1_OSM_34_20260918.geojson relation/1898509)"",""교란_후_회복_ha"":457827.17,""기간"":""2000–2020"",""기후기술_연계_근거"":""간접 · 연구진 판단 — 산림 이득은 탄소 흡수원의 증감을 나타내는 지표. 주 기술 23(탄소 흡수원), 부 기술 35(35) 는 note·2_meta_info tech_ids 참조. [근거자료] 원천 문서에 기술분류 표기 없음 — 연구진 판단(별첨2 R2 근거 기재)"",""레코드_키"":""VNM34.18"",""분석대상_면적_ha_GFW"":1647460.15,""손실_ha"":55464.94,""순변화_ha"":-20528.52,""순변화율"":-1.6,""유지_ha"":768375.14,""이득_ha"":34936.42,""지역명_로마자"":""NgheAn"",""지역명_베트남어"":""Nghệ An"",""행정단위"":""Province/City (2025년 34개 체계)""}",,"[34체계 병합] 구성 성 1개(NghệAn) 값을 집계 · 면적(ha) 합산, 순변화율 = 순변화 ÷ 2000년 수관 면적 재계산",,,,B-030_산림 이득(ha／yr).xlsx,1.2_entity(레코드형),121,
B-030,산림 이득,entity,v124-b-030-entity-00082,B-030_forest_change_adm1_adm34,VNM,,,,,,,,,VNM34.19,20.3193,106.058155,"{""2000년_수관_면적_ha"":51380.39,""2025_개편_후_소속_34개_체계"":""Ninh Bình"",""경계_좌표_산출근거"":""2025년 행정구역 개편(34개 성·시) 기준. 경계는 GADM 4.1 ADM1 63개 폴리곤을 개편 후 소속으로 병합한 [공통]VNM_admin1_GADM41_merged34.geojson(구성 3개: HàNam;NamĐịnh;NinhBình), 대표좌표는 병합 폴리곤 내부 보장 대표점. OSM 34 경계(relation relation/1900963, ODbL 1.0)는 참고 병기이며 면적 8186.9 km²(GADM 병합 3786.6 km² 대비 +116.2%, 연안 성은 OSM 경계가 해역을 포함해 차이가 큼)."",""경계_폴리곤_파일"":""[공통]VNM_admin1_GADM41_merged34.geojson (병기: [공통]VNM_admin1_OSM_34_20260918.geojson relation/1900963)"",""교란_후_회복_ha"":6350.5,""기간"":""2000–2020"",""기후기술_연계_근거"":""간접 · 연구진 판단 — 산림 이득은 탄소 흡수원의 증감을 나타내는 지표. 주 기술 23(탄소 흡수원), 부 기술 35(35) 는 note·2_meta_info tech_ids 참조. [근거자료] 원천 문서에 기술분류 표기 없음 — 연구진 판단(별첨2 R2 근거 기재)"",""레코드_키"":""VNM34.19"",""분석대상_면적_ha_GFW"":379411.65,""손실_ha"":2813.15,""순변화_ha"":1573.35,""순변화율"":3.06,""유지_ha"":42216.79,""이득_ha"":4386.5,""지역명_로마자"":""NinhBinh"",""지역명_베트남어"":""Ninh Bình"",""행정단위"":""Province/City (2025년 34개 체계)""}",,"[34체계 병합] 구성 성 3개(HàNam;NamĐịnh;NinhBình) 값을 집계 · 면적(ha) 합산, 순변화율 = 순변화 ÷ 2000년 수관 면적 재계산",,,,B-030_산림 이득(ha／yr).xlsx,1.2_entity(레코드형),122,
B-030,산림 이득,entity,v124-b-030-entity-00083,B-030_forest_change_adm1_adm34,VNM,,,,,,,,,VNM34.20,21.01215,105.101155,"{""2000년_수관_면적_ha"":646670.3,""2025_개편_후_소속_34개_체계"":""Phú Thọ"",""경계_좌표_산출근거"":""2025년 행정구역 개편(34개 성·시) 기준. 경계는 GADM 4.1 ADM1 63개 폴리곤을 개편 후 소속으로 병합한 [공통]VNM_admin1_GADM41_merged34.geojson(구성 3개: HoàBình;PhúThọ;VĩnhPhúc), 대표좌표는 병합 폴리곤 내부 보장 대표점. OSM 34 경계(relation relation/1902930, ODbL 1.0)는 참고 병기이며 면적 9402.7 km²(GADM 병합 9329.0 km² 대비 +0.8%, 연안 성은 OSM 경계가 해역을 포함해 차이가 큼)."",""경계_폴리곤_파일"":""[공통]VNM_admin1_GADM41_merged34.geojson (병기: [공통]VNM_admin1_OSM_34_20260918.geojson relation/1902930)"",""교란_후_회복_ha"":231973.29,""기간"":""2000–2020"",""기후기술_연계_근거"":""간접 · 연구진 판단 — 산림 이득은 탄소 흡수원의 증감을 나타내는 지표. 주 기술 23(탄소 흡수원), 부 기술 35(35) 는 note·2_meta_info tech_ids 참조. [근거자료] 원천 문서에 기술분류 표기 없음 — 연구진 판단(별첨2 R2 근거 기재)"",""레코드_키"":""VNM34.20"",""분석대상_면적_ha_GFW"":934812.54,""손실_ha"":24840.84,""순변화_ha"":-2484.27,""순변화율"":-0.38,""유지_ha"":389856.09,""이득_ha"":22356.59,""지역명_로마자"":""PhuTho"",""지역명_베트남어"":""Phú Thọ"",""행정단위"":""Province/City (2025년 34개 체계)""}",,"[34체계 병합] 구성 성 3개(HoàBình;PhúThọ;VĩnhPhúc) 값을 집계 · 면적(ha) 합산, 순변화율 = 순변화 ÷ 2000년 수관 면적 재계산",,,,B-030_산림 이득(ha／yr).xlsx,1.2_entity(레코드형),123,
B-030,산림 이득,entity,v124-b-030-entity-00084,B-030_forest_change_adm1_adm34,VNM,,,,,,,,,VNM34.21,14.67345,108.15928,"{""2000년_수관_면적_ha"":1208880,""2025_개편_후_소속_34개_체계"":""Quảng Ngãi"",""경계_좌표_산출근거"":""2025년 행정구역 개편(34개 성·시) 기준. 경계는 GADM 4.1 ADM1 63개 폴리곤을 개편 후 소속으로 병합한 [공통]VNM_admin1_GADM41_merged34.geojson(구성 2개: KonTum;QuảngNgãi), 대표좌표는 병합 폴리곤 내부 보장 대표점. OSM 34 경계(relation relation/1890793, ODbL 1.0)는 참고 병기이며 면적 20885.8 km²(GADM 병합 14798.1 km² 대비 +41.1%, 연안 성은 OSM 경계가 해역을 포함해 차이가 큼)."",""경계_폴리곤_파일"":""[공통]VNM_admin1_GADM41_merged34.geojson (병기: [공통]VNM_admin1_OSM_34_20260918.geojson relation/1890793)"",""교란_후_회복_ha"":401094.84,""기간"":""2000–2020"",""기후기술_연계_근거"":""간접 · 연구진 판단 — 산림 이득은 탄소 흡수원의 증감을 나타내는 지표. 주 기술 23(탄소 흡수원), 부 기술 35(35) 는 note·2_meta_info tech_ids 참조. [근거자료] 원천 문서에 기술분류 표기 없음 — 연구진 판단(별첨2 R2 근거 기재)"",""레코드_키"":""VNM34.21"",""분석대상_면적_ha_GFW"":1481586.65,""손실_ha"":137985.72,""순변화_ha"":-79170.71,""순변화율"":-6.55,""유지_ha"":669799.78,""이득_ha"":58815.02,""지역명_로마자"":""QuangNgai"",""지역명_베트남어"":""Quảng Ngãi"",""행정단위"":""Province/City (2025년 34개 체계)""}",,"[34체계 병합] 구성 성 2개(KonTum;QuảngNgãi) 값을 집계 · 면적(ha) 합산, 순변화율 = 순변화 ÷ 2000년 수관 면적 재계산",,,,B-030_산림 이득(ha／yr).xlsx,1.2_entity(레코드형),124,
B-030,산림 이득,entity,v124-b-030-entity-00085,B-030_forest_change_adm1_adm34,VNM,,,,,,,,,VNM34.22,21.23845,107.242087,"{""2000년_수관_면적_ha"":407294,""2025_개편_후_소속_34개_체계"":""Quảng Ninh"",""경계_좌표_산출근거"":""2025년 행정구역 개편(34개 성·시) 기준. 경계는 GADM 4.1 ADM1 63개 폴리곤을 개편 후 소속으로 병합한 [공통]VNM_admin1_GADM41_merged34.geojson(구성 1개: QuảngNinh), 대표좌표는 병합 폴리곤 내부 보장 대표점. OSM 34 경계(relation relation/1902947, ODbL 1.0)는 참고 병기이며 면적 12812.7 km²(GADM 병합 5976.2 km² 대비 +114.4%, 연안 성은 OSM 경계가 해역을 포함해 차이가 큼)."",""경계_폴리곤_파일"":""[공통]VNM_admin1_GADM41_merged34.geojson (병기: [공통]VNM_admin1_OSM_34_20260918.geojson relation/1902947)"",""교란_후_회복_ha"":169896.24,""기간"":""2000–2020"",""기후기술_연계_근거"":""간접 · 연구진 판단 — 산림 이득은 탄소 흡수원의 증감을 나타내는 지표. 주 기술 23(탄소 흡수원), 부 기술 35(35) 는 note·2_meta_info tech_ids 참조. [근거자료] 원천 문서에 기술분류 표기 없음 — 연구진 판단(별첨2 R2 근거 기재)"",""레코드_키"":""VNM34.22"",""분석대상_면적_ha_GFW"":599023.97,""손실_ha"":35482.64,""순변화_ha"":-29520.93,""순변화율"":-7.25,""유지_ha"":201915.62,""이득_ha"":5961.71,""지역명_로마자"":""QuangNinh"",""지역명_베트남어"":""Quảng Ninh"",""행정단위"":""Province/City (2025년 34개 체계)""}",,"[34체계 병합] 구성 성 1개(QuảngNinh) 값을 집계 · 면적(ha) 합산, 순변화율 = 순변화 ÷ 2000년 수관 면적 재계산",,,,B-030_산림 이득(ha／yr).xlsx,1.2_entity(레코드형),125,
B-030,산림 이득,entity,v124-b-030-entity-00086,B-030_forest_change_adm1_adm34,VNM,,,,,,,,,VNM34.23,17.1948,106.637589,"{""2000년_수관_면적_ha"":1013224,""2025_개편_후_소속_34개_체계"":""Quảng Trị"",""경계_좌표_산출근거"":""2025년 행정구역 개편(34개 성·시) 기준. 경계는 GADM 4.1 ADM1 63개 폴리곤을 개편 후 소속으로 병합한 [공통]VNM_admin1_GADM41_merged34.geojson(구성 2개: QuảngBình;QuảngTrị), 대표좌표는 병합 폴리곤 내부 보장 대표점. OSM 34 경계(relation relation/1895630, ODbL 1.0)는 참고 병기이며 면적 21089.0 km²(GADM 병합 12579.3 km² 대비 +67.7%, 연안 성은 OSM 경계가 해역을 포함해 차이가 큼)."",""경계_폴리곤_파일"":""[공통]VNM_admin1_GADM41_merged34.geojson (병기: [공통]VNM_admin1_OSM_34_20260918.geojson relation/1895630)"",""교란_후_회복_ha"":245410.07,""기간"":""2000–2020"",""기후기술_연계_근거"":""간접 · 연구진 판단 — 산림 이득은 탄소 흡수원의 증감을 나타내는 지표. 주 기술 23(탄소 흡수원), 부 기술 35(35) 는 note·2_meta_info tech_ids 참조. [근거자료] 원천 문서에 기술분류 표기 없음 — 연구진 판단(별첨2 R2 근거 기재)"",""레코드_키"":""VNM34.23"",""분석대상_면적_ha_GFW"":1258816.79,""손실_ha"":72178.61,""순변화_ha"":-53034.02,""순변화율"":-5.23,""유지_ha"":695635.52,""이득_ha"":19144.58,""지역명_로마자"":""QuangTri"",""지역명_베트남어"":""Quảng Trị"",""행정단위"":""Province/City (2025년 34개 체계)""}",,"[34체계 병합] 구성 성 2개(QuảngBình;QuảngTrị) 값을 집계 · 면적(ha) 합산, 순변화율 = 순변화 ÷ 2000년 수관 면적 재계산",,,,B-030_산림 이득(ha／yr).xlsx,1.2_entity(레코드형),126,
B-030,산림 이득,entity,v124-b-030-entity-00087,B-030_forest_change_adm1_adm34,VNM,,,,,,,,,VNM34.24,21.2957,104.139312,"{""2000년_수관_면적_ha"":1050330,""2025_개편_후_소속_34개_체계"":""Sơn La"",""경계_좌표_산출근거"":""2025년 행정구역 개편(34개 성·시) 기준. 경계는 GADM 4.1 ADM1 63개 폴리곤을 개편 후 소속으로 병합한 [공통]VNM_admin1_GADM41_merged34.geojson(구성 1개: SơnLa), 대표좌표는 병합 폴리곤 내부 보장 대표점. OSM 34 경계(relation relation/1903291, ODbL 1.0)는 참고 병기이며 면적 14205.1 km²(GADM 병합 14090.7 km² 대비 +0.8%, 연안 성은 OSM 경계가 해역을 포함해 차이가 큼)."",""경계_폴리곤_파일"":""[공통]VNM_admin1_GADM41_merged34.geojson (병기: [공통]VNM_admin1_OSM_34_20260918.geojson relation/1903291)"",""교란_후_회복_ha"":240401.63,""기간"":""2000–2020"",""기후기술_연계_근거"":""간접 · 연구진 판단 — 산림 이득은 탄소 흡수원의 증감을 나타내는 지표. 주 기술 23(탄소 흡수원), 부 기술 35(35) 는 note·2_meta_info tech_ids 참조. [근거자료] 원천 문서에 기술분류 표기 없음 — 연구진 판단(별첨2 R2 근거 기재)"",""레코드_키"":""VNM34.24"",""분석대상_면적_ha_GFW"":1411384.16,""손실_ha"":111813.78,""순변화_ha"":-80471.16,""순변화율"":-7.66,""유지_ha"":698113.47,""이득_ha"":31342.62,""지역명_로마자"":""SonLa"",""지역명_베트남어"":""Sơn La"",""행정단위"":""Province/City (2025년 34개 체계)""}",,"[34체계 병합] 구성 성 1개(SơnLa) 값을 집계 · 면적(ha) 합산, 순변화율 = 순변화 ÷ 2000년 수관 면적 재계산",,,,B-030_산림 이득(ha／yr).xlsx,1.2_entity(레코드형),127,
B-030,산림 이득,entity,v124-b-030-entity-00088,B-030_forest_change_adm1_adm34,VNM,,,,,,,,,VNM34.25,19.9789,105.494413,"{""2000년_수관_면적_ha"":733371,""2025_개편_후_소속_34개_체계"":""Thanh Hóa"",""경계_좌표_산출근거"":""2025년 행정구역 개편(34개 성·시) 기준. 경계는 GADM 4.1 ADM1 63개 폴리곤을 개편 후 소속으로 병합한 [공통]VNM_admin1_GADM41_merged34.geojson(구성 1개: ThanhHóa), 대표좌표는 병합 폴리곤 내부 보장 대표점. OSM 34 경계(relation relation/1898590, ODbL 1.0)는 참고 병기이며 면적 13591.7 km²(GADM 병합 11086.7 km² 대비 +22.6%, 연안 성은 OSM 경계가 해역을 포함해 차이가 큼)."",""경계_폴리곤_파일"":""[공통]VNM_admin1_GADM41_merged34.geojson (병기: [공통]VNM_admin1_OSM_34_20260918.geojson relation/1898590)"",""교란_후_회복_ha"":201655.16,""기간"":""2000–2020"",""기후기술_연계_근거"":""간접 · 연구진 판단 — 산림 이득은 탄소 흡수원의 증감을 나타내는 지표. 주 기술 23(탄소 흡수원), 부 기술 35(35) 는 note·2_meta_info tech_ids 참조. [근거자료] 원천 문서에 기술분류 표기 없음 — 연구진 판단(별첨2 R2 근거 기재)"",""레코드_키"":""VNM34.25"",""분석대상_면적_ha_GFW"":1110298.77,""손실_ha"":35405.56,""순변화_ha"":-5092.64,""순변화율"":-0.69,""유지_ha"":496310.15,""이득_ha"":30312.92,""지역명_로마자"":""ThanhHoa"",""지역명_베트남어"":""Thanh Hóa"",""행정단위"":""Province/City (2025년 34개 체계)""}",,"[34체계 병합] 구성 성 1개(ThanhHóa) 값을 집계 · 면적(ha) 합산, 순변화율 = 순변화 ÷ 2000년 수관 면적 재계산",,,,B-030_산림 이득(ha／yr).xlsx,1.2_entity(레코드형),128,
B-030,산림 이득,entity,v124-b-030-entity-00089,B-030_forest_change_adm1_adm34,VNM,,,,,,,,,VNM34.26,22.0334,105.793119,"{""2000년_수관_면적_ha"":732906,""2025_개편_후_소속_34개_체계"":""Thái Nguyên"",""경계_좌표_산출근거"":""2025년 행정구역 개편(34개 성·시) 기준. 경계는 GADM 4.1 ADM1 63개 폴리곤을 개편 후 소속으로 병합한 [공통]VNM_admin1_GADM41_merged34.geojson(구성 2개: BắcKạn;TháiNguyên), 대표좌표는 병합 폴리곤 내부 보장 대표점. OSM 34 경계(relation relation/1902967, ODbL 1.0)는 참고 병기이며 면적 8423.9 km²(GADM 병합 8368.2 km² 대비 +0.7%, 연안 성은 OSM 경계가 해역을 포함해 차이가 큼)."",""경계_폴리곤_파일"":""[공통]VNM_admin1_GADM41_merged34.geojson (병기: [공통]VNM_admin1_OSM_34_20260918.geojson relation/1902967)"",""교란_후_회복_ha"":203370.12,""기간"":""2000–2020"",""기후기술_연계_근거"":""간접 · 연구진 판단 — 산림 이득은 탄소 흡수원의 증감을 나타내는 지표. 주 기술 23(탄소 흡수원), 부 기술 35(35) 는 note·2_meta_info tech_ids 참조. [근거자료] 원천 문서에 기술분류 표기 없음 — 연구진 판단(별첨2 R2 근거 기재)"",""레코드_키"":""VNM34.26"",""분석대상_면적_ha_GFW"":838475.93,""손실_ha"":11007.83,""순변화_ha"":-7157.95,""순변화율"":-0.98,""유지_ha"":518528.28,""이득_ha"":3849.89,""지역명_로마자"":""ThaiNguyen"",""지역명_베트남어"":""Thái Nguyên"",""행정단위"":""Province/City (2025년 34개 체계)""}",,"[34체계 병합] 구성 성 2개(BắcKạn;TháiNguyên) 값을 집계 · 면적(ha) 합산, 순변화율 = 순변화 ÷ 2000년 수관 면적 재계산",,,,B-030_산림 이득(ha／yr).xlsx,1.2_entity(레코드형),129,
B-030,산림 이득,entity,v124-b-030-entity-00090,B-030_forest_change_adm1_adm34,VNM,,,,,,,,,VNM34.27,22.4444,105.004177,"{""2000년_수관_면적_ha"":1127612,""2025_개편_후_소속_34개_체계"":""Tuyên Quang"",""경계_좌표_산출근거"":""2025년 행정구역 개편(34개 성·시) 기준. 경계는 GADM 4.1 ADM1 63개 폴리곤을 개편 후 소속으로 병합한 [공통]VNM_admin1_GADM41_merged34.geojson(구성 2개: HàGiang;TuyênQuang), 대표좌표는 병합 폴리곤 내부 보장 대표점. OSM 34 경계(relation relation/1903418, ODbL 1.0)는 참고 병기이며 면적 13857.0 km²(GADM 병합 13760.0 km² 대비 +0.7%, 연안 성은 OSM 경계가 해역을 포함해 차이가 큼)."",""경계_폴리곤_파일"":""[공통]VNM_admin1_GADM41_merged34.geojson (병기: [공통]VNM_admin1_OSM_34_20260918.geojson relation/1903418)"",""교란_후_회복_ha"":271084.43,""기간"":""2000–2020"",""기후기술_연계_근거"":""간접 · 연구진 판단 — 산림 이득은 탄소 흡수원의 증감을 나타내는 지표. 주 기술 23(탄소 흡수원), 부 기술 35(35) 는 note·2_meta_info tech_ids 참조. [근거자료] 원천 문서에 기술분류 표기 없음 — 연구진 판단(별첨2 R2 근거 기재)"",""레코드_키"":""VNM34.27"",""분석대상_면적_ha_GFW"":1378742.12,""손실_ha"":33786.21,""순변화_ha"":-22710.95,""순변화율"":-2.01,""유지_ha"":822741.05,""이득_ha"":11075.25,""지역명_로마자"":""TuyenQuang"",""지역명_베트남어"":""Tuyên Quang"",""행정단위"":""Province/City (2025년 34개 체계)""}",,"[34체계 병합] 구성 성 2개(HàGiang;TuyênQuang) 값을 집계 · 면적(ha) 합산, 순변화율 = 순변화 ÷ 2000년 수관 면적 재계산",,,,B-030_산림 이득(ha／yr).xlsx,1.2_entity(레코드형),130,
B-030,산림 이득,entity,v124-b-030-entity-00091,B-030_forest_change_adm1_adm34,VNM,,,,,,,,,VNM34.28,11.0829,106.296526,"{""2000년_수관_면적_ha"":129771.8,""2025_개편_후_소속_34개_체계"":""Tây Ninh"",""경계_좌표_산출근거"":""2025년 행정구역 개편(34개 성·시) 기준. 경계는 GADM 4.1 ADM1 63개 폴리곤을 개편 후 소속으로 병합한 [공통]VNM_admin1_GADM41_merged34.geojson(구성 2개: LongAn;TâyNinh), 대표좌표는 병합 폴리곤 내부 보장 대표점. OSM 34 경계(relation relation/1898961, ODbL 1.0)는 참고 병기이며 면적 8575.5 km²(GADM 병합 8521.6 km² 대비 +0.6%, 연안 성은 OSM 경계가 해역을 포함해 차이가 큼)."",""경계_폴리곤_파일"":""[공통]VNM_admin1_GADM41_merged34.geojson (병기: [공통]VNM_admin1_OSM_34_20260918.geojson relation/1898961)"",""교란_후_회복_ha"":20537.71,""기간"":""2000–2020"",""기후기술_연계_근거"":""간접 · 연구진 판단 — 산림 이득은 탄소 흡수원의 증감을 나타내는 지표. 주 기술 23(탄소 흡수원), 부 기술 35(35) 는 note·2_meta_info tech_ids 참조. [근거자료] 원천 문서에 기술분류 표기 없음 — 연구진 판단(별첨2 R2 근거 기재)"",""레코드_키"":""VNM34.28"",""분석대상_면적_ha_GFW"":852805.88,""손실_ha"":16172.95,""순변화_ha"":49915.79,""순변화율"":38.46,""유지_ha"":93061.08,""이득_ha"":66088.75,""지역명_로마자"":""TayNinh"",""지역명_베트남어"":""Tây Ninh"",""행정단위"":""Province/City (2025년 34개 체계)""}",,"[34체계 병합] 구성 성 2개(LongAn;TâyNinh) 값을 집계 · 면적(ha) 합산, 순변화율 = 순변화 ÷ 2000년 수관 면적 재계산",,,,B-030_산림 이득(ha／yr).xlsx,1.2_entity(레코드형),131,
B-030,산림 이득,entity,v124-b-030-entity-00092,B-030_forest_change_adm1_adm34,VNM,,,,,,,,,VNM34.29,9.93395,106.277753,"{""2000년_수관_면적_ha"":148874.8,""2025_개편_후_소속_34개_체계"":""Vĩnh Long"",""경계_좌표_산출근거"":""2025년 행정구역 개편(34개 성·시) 기준. 경계는 GADM 4.1 ADM1 63개 폴리곤을 개편 후 소속으로 병합한 [공통]VNM_admin1_GADM41_merged34.geojson(구성 3개: TràVinh;VĩnhLong;BếnTre), 대표좌표는 병합 폴리곤 내부 보장 대표점. OSM 34 경계(relation relation/1875887, ODbL 1.0)는 참고 병기이며 면적 10311.1 km²(GADM 병합 6185.5 km² 대비 +66.7%, 연안 성은 OSM 경계가 해역을 포함해 차이가 큼)."",""경계_폴리곤_파일"":""[공통]VNM_admin1_GADM41_merged34.geojson (병기: [공통]VNM_admin1_OSM_34_20260918.geojson relation/1875887)"",""교란_후_회복_ha"":912.75,""기간"":""2000–2020"",""기후기술_연계_근거"":""간접 · 연구진 판단 — 산림 이득은 탄소 흡수원의 증감을 나타내는 지표. 주 기술 23(탄소 흡수원), 부 기술 35(35) 는 note·2_meta_info tech_ids 참조. [근거자료] 원천 문서에 기술분류 표기 없음 — 연구진 판단(별첨2 R2 근거 기재)"",""레코드_키"":""VNM34.29"",""분석대상_면적_ha_GFW"":619023.69,""손실_ha"":1173.85,""순변화_ha"":18249.52,""순변화율"":12.26,""유지_ha"":146788.15,""이득_ha"":19423.37,""지역명_로마자"":""VinhLong"",""지역명_베트남어"":""Vĩnh Long"",""행정단위"":""Province/City (2025년 34개 체계)""}",,"[34체계 병합] 구성 성 3개(TràVinh;VĩnhLong;BếnTre) 값을 집계 · 면적(ha) 합산, 순변화율 = 순변화 ÷ 2000년 수관 면적 재계산",,,,B-030_산림 이득(ha／yr).xlsx,1.2_entity(레코드형),132,
B-030,산림 이득,entity,v124-b-030-entity-00093,B-030_forest_change_adm1_adm34,VNM,,,,,,,,,VNM34.30,21.71945,103.283715,"{""2000년_수관_면적_ha"":784376,""2025_개편_후_소속_34개_체계"":""Điện Biên"",""경계_좌표_산출근거"":""2025년 행정구역 개편(34개 성·시) 기준. 경계는 GADM 4.1 ADM1 63개 폴리곤을 개편 후 소속으로 병합한 [공통]VNM_admin1_GADM41_merged34.geojson(구성 1개: ĐiệnBiên), 대표좌표는 병합 폴리곤 내부 보장 대표점. OSM 34 경계(relation relation/1903340, ODbL 1.0)는 참고 병기이며 면적 9587.9 km²(GADM 병합 9480.4 km² 대비 +1.1%, 연안 성은 OSM 경계가 해역을 포함해 차이가 큼)."",""경계_폴리곤_파일"":""[공통]VNM_admin1_GADM41_merged34.geojson (병기: [공통]VNM_admin1_OSM_34_20260918.geojson relation/1903340)"",""교란_후_회복_ha"":241501.33,""기간"":""2000–2020"",""기후기술_연계_근거"":""간접 · 연구진 판단 — 산림 이득은 탄소 흡수원의 증감을 나타내는 지표. 주 기술 23(탄소 흡수원), 부 기술 35(35) 는 note·2_meta_info tech_ids 참조. [근거자료] 원천 문서에 기술분류 표기 없음 — 연구진 판단(별첨2 R2 근거 기재)"",""레코드_키"":""VNM34.30"",""분석대상_면적_ha_GFW"":950248.27,""손실_ha"":70933.5,""순변화_ha"":-54717.98,""순변화율"":-6.98,""유지_ha"":471941.6,""이득_ha"":16215.52,""지역명_로마자"":""ienBien"",""지역명_베트남어"":""Điện Biên"",""행정단위"":""Province/City (2025년 34개 체계)""}",,"[34체계 병합] 구성 성 1개(ĐiệnBiên) 값을 집계 · 면적(ha) 합산, 순변화율 = 순변화 ÷ 2000년 수관 면적 재계산",,,,B-030_산림 이득(ha／yr).xlsx,1.2_entity(레코드형),133,
B-030,산림 이득,entity,v124-b-030-entity-00094,B-030_forest_change_adm1_adm34,VNM,,,,,,,,,VNM34.31,15.58275,107.952969,"{""2000년_수관_면적_ha"":956128.2,""2025_개편_후_소속_34개_체계"":""Đà Nẵng"",""경계_좌표_산출근거"":""2025년 행정구역 개편(34개 성·시) 기준. 경계는 GADM 4.1 ADM1 63개 폴리곤을 개편 후 소속으로 병합한 [공통]VNM_admin1_GADM41_merged34.geojson(구성 2개: ĐàNẵng;QuảngNam), 대표좌표는 병합 폴리곤 내부 보장 대표점. OSM 34 경계(relation relation/1891418, ODbL 1.0)는 참고 병기이며 면적 16063.1 km²(GADM 병합 11546.0 km² 대비 +39.1%, 연안 성은 OSM 경계가 해역을 포함해 차이가 큼)."",""경계_폴리곤_파일"":""[공통]VNM_admin1_GADM41_merged34.geojson (병기: [공통]VNM_admin1_OSM_34_20260918.geojson relation/1891418)"",""교란_후_회복_ha"":285579.91,""기간"":""2000–2020"",""기후기술_연계_근거"":""간접 · 연구진 판단 — 산림 이득은 탄소 흡수원의 증감을 나타내는 지표. 주 기술 23(탄소 흡수원), 부 기술 35(35) 는 note·2_meta_info tech_ids 참조. [근거자료] 원천 문서에 기술분류 표기 없음 — 연구진 판단(별첨2 R2 근거 기재)"",""레코드_키"":""VNM34.31"",""분석대상_면적_ha_GFW"":1155225.09,""손실_ha"":54292.87,""순변화_ha"":-41079.92,""순변화율"":-4.3,""유지_ha"":616255.84,""이득_ha"":13212.95,""지역명_로마자"":""aNang"",""지역명_베트남어"":""Đà Nẵng"",""행정단위"":""Province/City (2025년 34개 체계)""}",,"[34체계 병합] 구성 성 2개(ĐàNẵng;QuảngNam) 값을 집계 · 면적(ha) 합산, 순변화율 = 순변화 ÷ 2000년 수관 면적 재계산",,,,B-030_산림 이득(ha／yr).xlsx,1.2_entity(레코드형),134,
B-030,산림 이득,entity,v124-b-030-entity-00095,B-030_forest_change_adm1_adm34,VNM,,,,,,,,,VNM34.32,12.9286,108.465169,"{""2000년_수관_면적_ha"":1113399,""2025_개편_후_소속_34개_체계"":""Đắk Lắk"",""경계_좌표_산출근거"":""2025년 행정구역 개편(34개 성·시) 기준. 경계는 GADM 4.1 ADM1 63개 폴리곤을 개편 후 소속으로 병합한 [공통]VNM_admin1_GADM41_merged34.geojson(구성 2개: ĐắkLắk;PhúYên), 대표좌표는 병합 폴리곤 내부 보장 대표점. OSM 34 경계(relation relation/1884034, ODbL 1.0)는 참고 병기이며 면적 21220.1 km²(GADM 병합 18047.8 km² 대비 +17.6%, 연안 성은 OSM 경계가 해역을 포함해 차이가 큼)."",""경계_폴리곤_파일"":""[공통]VNM_admin1_GADM41_merged34.geojson (병기: [공통]VNM_admin1_OSM_34_20260918.geojson relation/1884034)"",""교란_후_회복_ha"":230304.16,""기간"":""2000–2020"",""기후기술_연계_근거"":""간접 · 연구진 판단 — 산림 이득은 탄소 흡수원의 증감을 나타내는 지표. 주 기술 23(탄소 흡수원), 부 기술 35(35) 는 note·2_meta_info tech_ids 참조. [근거자료] 원천 문서에 기술분류 표기 없음 — 연구진 판단(별첨2 R2 근거 기재)"",""레코드_키"":""VNM34.32"",""분석대상_면적_ha_GFW"":1805735.77,""손실_ha"":173652.98,""순변화_ha"":-65470.07,""순변화율"":-5.88,""유지_ha"":709441.71,""이득_ha"":108182.92,""지역명_로마자"":""akLak"",""지역명_베트남어"":""Đắk Lắk"",""행정단위"":""Province/City (2025년 34개 체계)""}",,"[34체계 병합] 구성 성 2개(ĐắkLắk;PhúYên) 값을 집계 · 면적(ha) 합산, 순변화율 = 순변화 ÷ 2000년 수관 면적 재계산",,,,B-030_산림 이득(ha／yr).xlsx,1.2_entity(레코드형),135,
B-030,산림 이득,entity,v124-b-030-entity-00096,B-030_forest_change_adm1_adm34,VNM,,,,,,,,,VNM34.33,11.4381,107.110953,"{""2000년_수관_면적_ha"":826172,""2025_개편_후_소속_34개_체계"":""Đồng Nai"",""경계_좌표_산출근거"":""2025년 행정구역 개편(34개 성·시) 기준. 경계는 GADM 4.1 ADM1 63개 폴리곤을 개편 후 소속으로 병합한 [공통]VNM_admin1_GADM41_merged34.geojson(구성 2개: BìnhPhước;ĐồngNai), 대표좌표는 병합 폴리곤 내부 보장 대표점. OSM 34 경계(relation relation/1904421, ODbL 1.0)는 참고 병기이며 면적 12813.9 km²(GADM 병합 12722.1 km² 대비 +0.7%, 연안 성은 OSM 경계가 해역을 포함해 차이가 큼)."",""경계_폴리곤_파일"":""[공통]VNM_admin1_GADM41_merged34.geojson (병기: [공통]VNM_admin1_OSM_34_20260918.geojson relation/1904421)"",""교란_후_회복_ha"":263930.8,""기간"":""2000–2020"",""기후기술_연계_근거"":""간접 · 연구진 판단 — 산림 이득은 탄소 흡수원의 증감을 나타내는 지표. 주 기술 23(탄소 흡수원), 부 기술 35(35) 는 note·2_meta_info tech_ids 참조. [근거자료] 원천 문서에 기술분류 표기 없음 — 연구진 판단(별첨2 R2 근거 기재)"",""레코드_키"":""VNM34.33"",""분석대상_면적_ha_GFW"":1272808.89,""손실_ha"":86646.45,""순변화_ha"":71691.56,""순변화율"":8.68,""유지_ha"":475595.11,""이득_ha"":158338.01,""지역명_로마자"":""ongNai"",""지역명_베트남어"":""Đồng Nai"",""행정단위"":""Province/City (2025년 34개 체계)""}",,"[34체계 병합] 구성 성 2개(BìnhPhước;ĐồngNai) 값을 집계 · 면적(ha) 합산, 순변화율 = 순변화 ÷ 2000년 수관 면적 재계산",,,,B-030_산림 이득(ha／yr).xlsx,1.2_entity(레코드형),136,
B-030,산림 이득,entity,v124-b-030-entity-00097,B-030_forest_change_adm1_adm34,VNM,,,,,,,,,VNM34.34,10.5535,105.654329,"{""2000년_수관_면적_ha"":59463.5,""2025_개편_후_소속_34개_체계"":""Đồng Tháp"",""경계_좌표_산출근거"":""2025년 행정구역 개편(34개 성·시) 기준. 경계는 GADM 4.1 ADM1 63개 폴리곤을 개편 후 소속으로 병합한 [공통]VNM_admin1_GADM41_merged34.geojson(구성 2개: ĐồngTháp;TiềnGiang), 대표좌표는 병합 폴리곤 내부 보장 대표점. OSM 34 경계(relation relation/1875866, ODbL 1.0)는 참고 병기이며 면적 6132.1 km²(GADM 병합 5791.2 km² 대비 +5.9%, 연안 성은 OSM 경계가 해역을 포함해 차이가 큼)."",""경계_폴리곤_파일"":""[공통]VNM_admin1_GADM41_merged34.geojson (병기: [공통]VNM_admin1_OSM_34_20260918.geojson relation/1875866)"",""교란_후_회복_ha"":1415.6,""기간"":""2000–2020"",""기후기술_연계_근거"":""간접 · 연구진 판단 — 산림 이득은 탄소 흡수원의 증감을 나타내는 지표. 주 기술 23(탄소 흡수원), 부 기술 35(35) 는 note·2_meta_info tech_ids 참조. [근거자료] 원천 문서에 기술분류 표기 없음 — 연구진 판단(별첨2 R2 근거 기재)"",""레코드_키"":""VNM34.34"",""분석대상_면적_ha_GFW"":579409.93,""손실_ha"":2211.49,""순변화_ha"":12045.19,""순변화율"":20.26,""유지_ha"":55836.38,""이득_ha"":14256.68,""지역명_로마자"":""ongThap"",""지역명_베트남어"":""Đồng Tháp"",""행정단위"":""Province/City (2025년 34개 체계)""}",,"[34체계 병합] 구성 성 2개(ĐồngTháp;TiềnGiang) 값을 집계 · 면적(ha) 합산, 순변화율 = 순변화 ÷ 2000년 수관 면적 재계산",,,,B-030_산림 이득(ha／yr).xlsx,1.2_entity(레코드형),137,
B-030,산림 이득,entity,v124-b-030-entity-00098,B-030_forest_gain_national,VNM,,,,,,,,,VNM_planted_forest_gain_proxy_2001,,,"{""2000년_수관_면적_ha"":null,""2025_개편_후_소속_34개_체계"":""전국(개편 무관)"",""경계_좌표_산출근거"":""전국 집계값 — 지리적 경계가 성 단위가 아니므로 좌표·폴리곤 없음."",""경계_폴리곤_파일"":null,""교란_후_회복_ha"":null,""기간"":""2001"",""기후기술_연계_근거"":""간접 · 연구진 판단 — 산림 이득은 탄소 흡수원의 증감을 나타내는 지표. 주 기술 23(탄소 흡수원), 부 기술 35(35) 는 note·2_meta_info tech_ids 참조. [근거자료] 원천 문서에 기술분류 표기 없음 — 연구진 판단(별첨2 R2 근거 기재)"",""레코드_키"":""VNM_planted_forest_gain_proxy_2001"",""분석대상_면적_ha_GFW"":null,""손실_ha"":null,""순변화_ha"":null,""순변화율"":null,""유지_ha"":null,""이득_ha"":101.51,""지역명_로마자"":""Viet Nam"",""지역명_베트남어"":""Việt Nam"",""행정단위"":""Country""}",,전국 · 조림지 연간 순증(대리지표) · 1000 ha/yr,,,,B-030_산림 이득(ha／yr).xlsx,1.2_entity(레코드형),79,
B-030,산림 이득,entity,v124-b-030-entity-00099,B-030_forest_gain_national,VNM,,,,,,,,,VNM_planted_forest_gain_proxy_2002,,,"{""2000년_수관_면적_ha"":null,""2025_개편_후_소속_34개_체계"":""전국(개편 무관)"",""경계_좌표_산출근거"":""전국 집계값 — 지리적 경계가 성 단위가 아니므로 좌표·폴리곤 없음."",""경계_폴리곤_파일"":null,""교란_후_회복_ha"":null,""기간"":""2002"",""기후기술_연계_근거"":""간접 · 연구진 판단 — 산림 이득은 탄소 흡수원의 증감을 나타내는 지표. 주 기술 23(탄소 흡수원), 부 기술 35(35) 는 note·2_meta_info tech_ids 참조. [근거자료] 원천 문서에 기술분류 표기 없음 — 연구진 판단(별첨2 R2 근거 기재)"",""레코드_키"":""VNM_planted_forest_gain_proxy_2002"",""분석대상_면적_ha_GFW"":null,""손실_ha"":null,""순변화_ha"":null,""순변화율"":null,""유지_ha"":null,""이득_ha"":101.51,""지역명_로마자"":""Viet Nam"",""지역명_베트남어"":""Việt Nam"",""행정단위"":""Country""}",,전국 · 조림지 연간 순증(대리지표) · 1000 ha/yr,,,,B-030_산림 이득(ha／yr).xlsx,1.2_entity(레코드형),80,
B-030,산림 이득,entity,v124-b-030-entity-00100,B-030_forest_gain_national,VNM,,,,,,,,,VNM_planted_forest_gain_proxy_2003,,,"{""2000년_수관_면적_ha"":null,""2025_개편_후_소속_34개_체계"":""전국(개편 무관)"",""경계_좌표_산출근거"":""전국 집계값 — 지리적 경계가 성 단위가 아니므로 좌표·폴리곤 없음."",""경계_폴리곤_파일"":null,""교란_후_회복_ha"":null,""기간"":""2003"",""기후기술_연계_근거"":""간접 · 연구진 판단 — 산림 이득은 탄소 흡수원의 증감을 나타내는 지표. 주 기술 23(탄소 흡수원), 부 기술 35(35) 는 note·2_meta_info tech_ids 참조. [근거자료] 원천 문서에 기술분류 표기 없음 — 연구진 판단(별첨2 R2 근거 기재)"",""레코드_키"":""VNM_planted_forest_gain_proxy_2003"",""분석대상_면적_ha_GFW"":null,""손실_ha"":null,""순변화_ha"":null,""순변화율"":null,""유지_ha"":null,""이득_ha"":101.51,""지역명_로마자"":""Viet Nam"",""지역명_베트남어"":""Việt Nam"",""행정단위"":""Country""}",,전국 · 조림지 연간 순증(대리지표) · 1000 ha/yr,,,,B-030_산림 이득(ha／yr).xlsx,1.2_entity(레코드형),81,
B-030,산림 이득,entity,v124-b-030-entity-00101,B-030_forest_gain_national,VNM,,,,,,,,,VNM_planted_forest_gain_proxy_2004,,,"{""2000년_수관_면적_ha"":null,""2025_개편_후_소속_34개_체계"":""전국(개편 무관)"",""경계_좌표_산출근거"":""전국 집계값 — 지리적 경계가 성 단위가 아니므로 좌표·폴리곤 없음."",""경계_폴리곤_파일"":null,""교란_후_회복_ha"":null,""기간"":""2004"",""기후기술_연계_근거"":""간접 · 연구진 판단 — 산림 이득은 탄소 흡수원의 증감을 나타내는 지표. 주 기술 23(탄소 흡수원), 부 기술 35(35) 는 note·2_meta_info tech_ids 참조. [근거자료] 원천 문서에 기술분류 표기 없음 — 연구진 판단(별첨2 R2 근거 기재)"",""레코드_키"":""VNM_planted_forest_gain_proxy_2004"",""분석대상_면적_ha_GFW"":null,""손실_ha"":null,""순변화_ha"":null,""순변화율"":null,""유지_ha"":null,""이득_ha"":101.51,""지역명_로마자"":""Viet Nam"",""지역명_베트남어"":""Việt Nam"",""행정단위"":""Country""}",,전국 · 조림지 연간 순증(대리지표) · 1000 ha/yr,,,,B-030_산림 이득(ha／yr).xlsx,1.2_entity(레코드형),82,
B-030,산림 이득,entity,v124-b-030-entity-00102,B-030_forest_gain_national,VNM,,,,,,,,,VNM_planted_forest_gain_proxy_2006,,,"{""2000년_수관_면적_ha"":null,""2025_개편_후_소속_34개_체계"":""전국(개편 무관)"",""경계_좌표_산출근거"":""전국 집계값 — 지리적 경계가 성 단위가 아니므로 좌표·폴리곤 없음."",""경계_폴리곤_파일"":null,""교란_후_회복_ha"":null,""기간"":""2006"",""기후기술_연계_근거"":""간접 · 연구진 판단 — 산림 이득은 탄소 흡수원의 증감을 나타내는 지표. 주 기술 23(탄소 흡수원), 부 기술 35(35) 는 note·2_meta_info tech_ids 참조. [근거자료] 원천 문서에 기술분류 표기 없음 — 연구진 판단(별첨2 R2 근거 기재)"",""레코드_키"":""VNM_planted_forest_gain_proxy_2006"",""분석대상_면적_ha_GFW"":null,""손실_ha"":null,""순변화_ha"":null,""순변화율"":null,""유지_ha"":null,""이득_ha"":101.51,""지역명_로마자"":""Viet Nam"",""지역명_베트남어"":""Việt Nam"",""행정단위"":""Country""}",,전국 · 조림지 연간 순증(대리지표) · 1000 ha/yr,,,,B-030_산림 이득(ha／yr).xlsx,1.2_entity(레코드형),84,
B-030,산림 이득,entity,v124-b-030-entity-00103,B-030_forest_gain_national,VNM,,,,,,,,,VNM_planted_forest_gain_proxy_2007,,,"{""2000년_수관_면적_ha"":null,""2025_개편_후_소속_34개_체계"":""전국(개편 무관)"",""경계_좌표_산출근거"":""전국 집계값 — 지리적 경계가 성 단위가 아니므로 좌표·폴리곤 없음."",""경계_폴리곤_파일"":null,""교란_후_회복_ha"":null,""기간"":""2007"",""기후기술_연계_근거"":""간접 · 연구진 판단 — 산림 이득은 탄소 흡수원의 증감을 나타내는 지표. 주 기술 23(탄소 흡수원), 부 기술 35(35) 는 note·2_meta_info tech_ids 참조. [근거자료] 원천 문서에 기술분류 표기 없음 — 연구진 판단(별첨2 R2 근거 기재)"",""레코드_키"":""VNM_planted_forest_gain_proxy_2007"",""분석대상_면적_ha_GFW"":null,""손실_ha"":null,""순변화_ha"":null,""순변화율"":null,""유지_ha"":null,""이득_ha"":101.51,""지역명_로마자"":""Viet Nam"",""지역명_베트남어"":""Việt Nam"",""행정단위"":""Country""}",,전국 · 조림지 연간 순증(대리지표) · 1000 ha/yr,,,,B-030_산림 이득(ha／yr).xlsx,1.2_entity(레코드형),85,
B-030,산림 이득,entity,v124-b-030-entity-00104,B-030_forest_gain_national,VNM,,,,,,,,,VNM_planted_forest_gain_proxy_2008,,,"{""2000년_수관_면적_ha"":null,""2025_개편_후_소속_34개_체계"":""전국(개편 무관)"",""경계_좌표_산출근거"":""전국 집계값 — 지리적 경계가 성 단위가 아니므로 좌표·폴리곤 없음."",""경계_폴리곤_파일"":null,""교란_후_회복_ha"":null,""기간"":""2008"",""기후기술_연계_근거"":""간접 · 연구진 판단 — 산림 이득은 탄소 흡수원의 증감을 나타내는 지표. 주 기술 23(탄소 흡수원), 부 기술 35(35) 는 note·2_meta_info tech_ids 참조. [근거자료] 원천 문서에 기술분류 표기 없음 — 연구진 판단(별첨2 R2 근거 기재)"",""레코드_키"":""VNM_planted_forest_gain_proxy_2008"",""분석대상_면적_ha_GFW"":null,""손실_ha"":null,""순변화_ha"":null,""순변화율"":null,""유지_ha"":null,""이득_ha"":101.51,""지역명_로마자"":""Viet Nam"",""지역명_베트남어"":""Việt Nam"",""행정단위"":""Country""}",,전국 · 조림지 연간 순증(대리지표) · 1000 ha/yr,,,,B-030_산림 이득(ha／yr).xlsx,1.2_entity(레코드형),86,
B-030,산림 이득,entity,v124-b-030-entity-00105,B-030_forest_gain_national,VNM,,,,,,,,,VNM_planted_forest_gain_proxy_2009,,,"{""2000년_수관_면적_ha"":null,""2025_개편_후_소속_34개_체계"":""전국(개편 무관)"",""경계_좌표_산출근거"":""전국 집계값 — 지리적 경계가 성 단위가 아니므로 좌표·폴리곤 없음."",""경계_폴리곤_파일"":null,""교란_후_회복_ha"":null,""기간"":""2009"",""기후기술_연계_근거"":""간접 · 연구진 판단 — 산림 이득은 탄소 흡수원의 증감을 나타내는 지표. 주 기술 23(탄소 흡수원), 부 기술 35(35) 는 note·2_meta_info tech_ids 참조. [근거자료] 원천 문서에 기술분류 표기 없음 — 연구진 판단(별첨2 R2 근거 기재)"",""레코드_키"":""VNM_planted_forest_gain_proxy_2009"",""분석대상_면적_ha_GFW"":null,""손실_ha"":null,""순변화_ha"":null,""순변화율"":null,""유지_ha"":null,""이득_ha"":101.51,""지역명_로마자"":""Viet Nam"",""지역명_베트남어"":""Việt Nam"",""행정단위"":""Country""}",,전국 · 조림지 연간 순증(대리지표) · 1000 ha/yr,,,,B-030_산림 이득(ha／yr).xlsx,1.2_entity(레코드형),87,
B-030,산림 이득,entity,v124-b-030-entity-00106,B-030_forest_gain_national,VNM,,,,,,,,,VNM_planted_forest_gain_proxy_2010,,,"{""2000년_수관_면적_ha"":null,""2025_개편_후_소속_34개_체계"":""전국(개편 무관)"",""경계_좌표_산출근거"":""전국 집계값 — 지리적 경계가 성 단위가 아니므로 좌표·폴리곤 없음."",""경계_폴리곤_파일"":null,""교란_후_회복_ha"":null,""기간"":""2010"",""기후기술_연계_근거"":""간접 · 연구진 판단 — 산림 이득은 탄소 흡수원의 증감을 나타내는 지표. 주 기술 23(탄소 흡수원), 부 기술 35(35) 는 note·2_meta_info tech_ids 참조. [근거자료] 원천 문서에 기술분류 표기 없음 — 연구진 판단(별첨2 R2 근거 기재)"",""레코드_키"":""VNM_planted_forest_gain_proxy_2010"",""분석대상_면적_ha_GFW"":null,""손실_ha"":null,""순변화_ha"":null,""순변화율"":null,""유지_ha"":null,""이득_ha"":101.51,""지역명_로마자"":""Viet Nam"",""지역명_베트남어"":""Việt Nam"",""행정단위"":""Country""}",,전국 · 조림지 연간 순증(대리지표) · 1000 ha/yr,,,,B-030_산림 이득(ha／yr).xlsx,1.2_entity(레코드형),88,
B-030,산림 이득,entity,v124-b-030-entity-00107,B-030_forest_gain_national,VNM,,,,,,,,,VNM_planted_forest_gain_proxy_2005,,,"{""2000년_수관_면적_ha"":null,""2025_개편_후_소속_34개_체계"":""전국(개편 무관)"",""경계_좌표_산출근거"":""전국 집계값 — 지리적 경계가 성 단위가 아니므로 좌표·폴리곤 없음."",""경계_폴리곤_파일"":null,""교란_후_회복_ha"":null,""기간"":""2005"",""기후기술_연계_근거"":""간접 · 연구진 판단 — 산림 이득은 탄소 흡수원의 증감을 나타내는 지표. 주 기술 23(탄소 흡수원), 부 기술 35(35) 는 note·2_meta_info tech_ids 참조. [근거자료] 원천 문서에 기술분류 표기 없음 — 연구진 판단(별첨2 R2 근거 기재)"",""레코드_키"":""VNM_planted_forest_gain_proxy_2005"",""분석대상_면적_ha_GFW"":null,""손실_ha"":null,""순변화_ha"":null,""순변화율"":null,""유지_ha"":null,""이득_ha"":101.52,""지역명_로마자"":""Viet Nam"",""지역명_베트남어"":""Việt Nam"",""행정단위"":""Country""}",,전국 · 조림지 연간 순증(대리지표) · 1000 ha/yr,,,,B-030_산림 이득(ha／yr).xlsx,1.2_entity(레코드형),83,
B-030,산림 이득,entity,v124-b-030-entity-00108,B-030_forest_gain_national,VNM,,,,,,,,,VNM_planted_forest_gain_proxy_2011,,,"{""2000년_수관_면적_ha"":null,""2025_개편_후_소속_34개_체계"":""전국(개편 무관)"",""경계_좌표_산출근거"":""전국 집계값 — 지리적 경계가 성 단위가 아니므로 좌표·폴리곤 없음."",""경계_폴리곤_파일"":null,""교란_후_회복_ha"":null,""기간"":""2011"",""기후기술_연계_근거"":""간접 · 연구진 판단 — 산림 이득은 탄소 흡수원의 증감을 나타내는 지표. 주 기술 23(탄소 흡수원), 부 기술 35(35) 는 note·2_meta_info tech_ids 참조. [근거자료] 원천 문서에 기술분류 표기 없음 — 연구진 판단(별첨2 R2 근거 기재)"",""레코드_키"":""VNM_planted_forest_gain_proxy_2011"",""분석대상_면적_ha_GFW"":null,""손실_ha"":null,""순변화_ha"":null,""순변화율"":null,""유지_ha"":null,""이득_ha"":114.74,""지역명_로마자"":""Viet Nam"",""지역명_베트남어"":""Việt Nam"",""행정단위"":""Country""}",,전국 · 조림지 연간 순증(대리지표) · 1000 ha/yr,,,,B-030_산림 이득(ha／yr).xlsx,1.2_entity(레코드형),89,
B-030,산림 이득,entity,v124-b-030-entity-00109,B-030_forest_gain_national,VNM,,,,,,,,,VNM_planted_forest_gain_proxy_2013,,,"{""2000년_수관_면적_ha"":null,""2025_개편_후_소속_34개_체계"":""전국(개편 무관)"",""경계_좌표_산출근거"":""전국 집계값 — 지리적 경계가 성 단위가 아니므로 좌표·폴리곤 없음."",""경계_폴리곤_파일"":null,""교란_후_회복_ha"":null,""기간"":""2013"",""기후기술_연계_근거"":""간접 · 연구진 판단 — 산림 이득은 탄소 흡수원의 증감을 나타내는 지표. 주 기술 23(탄소 흡수원), 부 기술 35(35) 는 note·2_meta_info tech_ids 참조. [근거자료] 원천 문서에 기술분류 표기 없음 — 연구진 판단(별첨2 R2 근거 기재)"",""레코드_키"":""VNM_planted_forest_gain_proxy_2013"",""분석대상_면적_ha_GFW"":null,""손실_ha"":null,""순변화_ha"":null,""순변화율"":null,""유지_ha"":null,""이득_ha"":114.74,""지역명_로마자"":""Viet Nam"",""지역명_베트남어"":""Việt Nam"",""행정단위"":""Country""}",,전국 · 조림지 연간 순증(대리지표) · 1000 ha/yr,,,,B-030_산림 이득(ha／yr).xlsx,1.2_entity(레코드형),91,
B-030,산림 이득,entity,v124-b-030-entity-00110,B-030_forest_gain_national,VNM,,,,,,,,,VNM_planted_forest_gain_proxy_2015,,,"{""2000년_수관_면적_ha"":null,""2025_개편_후_소속_34개_체계"":""전국(개편 무관)"",""경계_좌표_산출근거"":""전국 집계값 — 지리적 경계가 성 단위가 아니므로 좌표·폴리곤 없음."",""경계_폴리곤_파일"":null,""교란_후_회복_ha"":null,""기간"":""2015"",""기후기술_연계_근거"":""간접 · 연구진 판단 — 산림 이득은 탄소 흡수원의 증감을 나타내는 지표. 주 기술 23(탄소 흡수원), 부 기술 35(35) 는 note·2_meta_info tech_ids 참조. [근거자료] 원천 문서에 기술분류 표기 없음 — 연구진 판단(별첨2 R2 근거 기재)"",""레코드_키"":""VNM_planted_forest_gain_proxy_2015"",""분석대상_면적_ha_GFW"":null,""손실_ha"":null,""순변화_ha"":null,""순변화율"":null,""유지_ha"":null,""이득_ha"":114.74,""지역명_로마자"":""Viet Nam"",""지역명_베트남어"":""Việt Nam"",""행정단위"":""Country""}",,전국 · 조림지 연간 순증(대리지표) · 1000 ha/yr,,,,B-030_산림 이득(ha／yr).xlsx,1.2_entity(레코드형),93,
B-030,산림 이득,entity,v124-b-030-entity-00111,B-030_forest_gain_national,VNM,,,,,,,,,VNM_planted_forest_gain_proxy_2012,,,"{""2000년_수관_면적_ha"":null,""2025_개편_후_소속_34개_체계"":""전국(개편 무관)"",""경계_좌표_산출근거"":""전국 집계값 — 지리적 경계가 성 단위가 아니므로 좌표·폴리곤 없음."",""경계_폴리곤_파일"":null,""교란_후_회복_ha"":null,""기간"":""2012"",""기후기술_연계_근거"":""간접 · 연구진 판단 — 산림 이득은 탄소 흡수원의 증감을 나타내는 지표. 주 기술 23(탄소 흡수원), 부 기술 35(35) 는 note·2_meta_info tech_ids 참조. [근거자료] 원천 문서에 기술분류 표기 없음 — 연구진 판단(별첨2 R2 근거 기재)"",""레코드_키"":""VNM_planted_forest_gain_proxy_2012"",""분석대상_면적_ha_GFW"":null,""손실_ha"":null,""순변화_ha"":null,""순변화율"":null,""유지_ha"":null,""이득_ha"":114.75,""지역명_로마자"":""Viet Nam"",""지역명_베트남어"":""Việt Nam"",""행정단위"":""Country""}",,전국 · 조림지 연간 순증(대리지표) · 1000 ha/yr,,,,B-030_산림 이득(ha／yr).xlsx,1.2_entity(레코드형),90,
B-030,산림 이득,entity,v124-b-030-entity-00112,B-030_forest_gain_national,VNM,,,,,,,,,VNM_planted_forest_gain_proxy_2014,,,"{""2000년_수관_면적_ha"":null,""2025_개편_후_소속_34개_체계"":""전국(개편 무관)"",""경계_좌표_산출근거"":""전국 집계값 — 지리적 경계가 성 단위가 아니므로 좌표·폴리곤 없음."",""경계_폴리곤_파일"":null,""교란_후_회복_ha"":null,""기간"":""2014"",""기후기술_연계_근거"":""간접 · 연구진 판단 — 산림 이득은 탄소 흡수원의 증감을 나타내는 지표. 주 기술 23(탄소 흡수원), 부 기술 35(35) 는 note·2_meta_info tech_ids 참조. [근거자료] 원천 문서에 기술분류 표기 없음 — 연구진 판단(별첨2 R2 근거 기재)"",""레코드_키"":""VNM_planted_forest_gain_proxy_2014"",""분석대상_면적_ha_GFW"":null,""손실_ha"":null,""순변화_ha"":null,""순변화율"":null,""유지_ha"":null,""이득_ha"":114.75,""지역명_로마자"":""Viet Nam"",""지역명_베트남어"":""Việt Nam"",""행정단위"":""Country""}",,전국 · 조림지 연간 순증(대리지표) · 1000 ha/yr,,,,B-030_산림 이득(ha／yr).xlsx,1.2_entity(레코드형),92,
B-030,산림 이득,entity,v124-b-030-entity-00113,B-030_forest_gain_national,VNM,,,,,,,,,VNM_planted_forest_gain_proxy_2021,,,"{""2000년_수관_면적_ha"":null,""2025_개편_후_소속_34개_체계"":""전국(개편 무관)"",""경계_좌표_산출근거"":""전국 집계값 — 지리적 경계가 성 단위가 아니므로 좌표·폴리곤 없음."",""경계_폴리곤_파일"":null,""교란_후_회복_ha"":null,""기간"":""2021"",""기후기술_연계_근거"":""간접 · 연구진 판단 — 산림 이득은 탄소 흡수원의 증감을 나타내는 지표. 주 기술 23(탄소 흡수원), 부 기술 35(35) 는 note·2_meta_info tech_ids 참조. [근거자료] 원천 문서에 기술분류 표기 없음 — 연구진 판단(별첨2 R2 근거 기재)"",""레코드_키"":""VNM_planted_forest_gain_proxy_2021"",""분석대상_면적_ha_GFW"":null,""손실_ha"":null,""순변화_ha"":null,""순변화율"":null,""유지_ha"":null,""이득_ha"":47.86,""지역명_로마자"":""Viet Nam"",""지역명_베트남어"":""Việt Nam"",""행정단위"":""Country""}",,전국 · 조림지 연간 순증(대리지표) · 1000 ha/yr,,,,B-030_산림 이득(ha／yr).xlsx,1.2_entity(레코드형),99,
B-030,산림 이득,entity,v124-b-030-entity-00114,B-030_forest_gain_national,VNM,,,,,,,,,VNM_planted_forest_gain_proxy_2023,,,"{""2000년_수관_면적_ha"":null,""2025_개편_후_소속_34개_체계"":""전국(개편 무관)"",""경계_좌표_산출근거"":""전국 집계값 — 지리적 경계가 성 단위가 아니므로 좌표·폴리곤 없음."",""경계_폴리곤_파일"":null,""교란_후_회복_ha"":null,""기간"":""2023"",""기후기술_연계_근거"":""간접 · 연구진 판단 — 산림 이득은 탄소 흡수원의 증감을 나타내는 지표. 주 기술 23(탄소 흡수원), 부 기술 35(35) 는 note·2_meta_info tech_ids 참조. [근거자료] 원천 문서에 기술분류 표기 없음 — 연구진 판단(별첨2 R2 근거 기재)"",""레코드_키"":""VNM_planted_forest_gain_proxy_2023"",""분석대상_면적_ha_GFW"":null,""손실_ha"":null,""순변화_ha"":null,""순변화율"":null,""유지_ha"":null,""이득_ha"":47.86,""지역명_로마자"":""Viet Nam"",""지역명_베트남어"":""Việt Nam"",""행정단위"":""Country""}",,전국 · 조림지 연간 순증(대리지표) · 1000 ha/yr,,,,B-030_산림 이득(ha／yr).xlsx,1.2_entity(레코드형),101,
B-030,산림 이득,entity,v124-b-030-entity-00115,B-030_forest_gain_national,VNM,,,,,,,,,VNM_planted_forest_gain_proxy_2025,,,"{""2000년_수관_면적_ha"":null,""2025_개편_후_소속_34개_체계"":""전국(개편 무관)"",""경계_좌표_산출근거"":""전국 집계값 — 지리적 경계가 성 단위가 아니므로 좌표·폴리곤 없음."",""경계_폴리곤_파일"":null,""교란_후_회복_ha"":null,""기간"":""2025"",""기후기술_연계_근거"":""간접 · 연구진 판단 — 산림 이득은 탄소 흡수원의 증감을 나타내는 지표. 주 기술 23(탄소 흡수원), 부 기술 35(35) 는 note·2_meta_info tech_ids 참조. [근거자료] 원천 문서에 기술분류 표기 없음 — 연구진 판단(별첨2 R2 근거 기재)"",""레코드_키"":""VNM_planted_forest_gain_proxy_2025"",""분석대상_면적_ha_GFW"":null,""손실_ha"":null,""순변화_ha"":null,""순변화율"":null,""유지_ha"":null,""이득_ha"":47.86,""지역명_로마자"":""Viet Nam"",""지역명_베트남어"":""Việt Nam"",""행정단위"":""Country""}",,전국 · 조림지 연간 순증(대리지표) · 1000 ha/yr,,,,B-030_산림 이득(ha／yr).xlsx,1.2_entity(레코드형),103,
B-030,산림 이득,entity,v124-b-030-entity-00116,B-030_forest_gain_national,VNM,,,,,,,,,VNM_planted_forest_gain_proxy_2022,,,"{""2000년_수관_면적_ha"":null,""2025_개편_후_소속_34개_체계"":""전국(개편 무관)"",""경계_좌표_산출근거"":""전국 집계값 — 지리적 경계가 성 단위가 아니므로 좌표·폴리곤 없음."",""경계_폴리곤_파일"":null,""교란_후_회복_ha"":null,""기간"":""2022"",""기후기술_연계_근거"":""간접 · 연구진 판단 — 산림 이득은 탄소 흡수원의 증감을 나타내는 지표. 주 기술 23(탄소 흡수원), 부 기술 35(35) 는 note·2_meta_info tech_ids 참조. [근거자료] 원천 문서에 기술분류 표기 없음 — 연구진 판단(별첨2 R2 근거 기재)"",""레코드_키"":""VNM_planted_forest_gain_proxy_2022"",""분석대상_면적_ha_GFW"":null,""손실_ha"":null,""순변화_ha"":null,""순변화율"":null,""유지_ha"":null,""이득_ha"":47.87,""지역명_로마자"":""Viet Nam"",""지역명_베트남어"":""Việt Nam"",""행정단위"":""Country""}",,전국 · 조림지 연간 순증(대리지표) · 1000 ha/yr,,,,B-030_산림 이득(ha／yr).xlsx,1.2_entity(레코드형),100,
B-030,산림 이득,entity,v124-b-030-entity-00117,B-030_forest_gain_national,VNM,,,,,,,,,VNM_planted_forest_gain_proxy_2024,,,"{""2000년_수관_면적_ha"":null,""2025_개편_후_소속_34개_체계"":""전국(개편 무관)"",""경계_좌표_산출근거"":""전국 집계값 — 지리적 경계가 성 단위가 아니므로 좌표·폴리곤 없음."",""경계_폴리곤_파일"":null,""교란_후_회복_ha"":null,""기간"":""2024"",""기후기술_연계_근거"":""간접 · 연구진 판단 — 산림 이득은 탄소 흡수원의 증감을 나타내는 지표. 주 기술 23(탄소 흡수원), 부 기술 35(35) 는 note·2_meta_info tech_ids 참조. [근거자료] 원천 문서에 기술분류 표기 없음 — 연구진 판단(별첨2 R2 근거 기재)"",""레코드_키"":""VNM_planted_forest_gain_proxy_2024"",""분석대상_면적_ha_GFW"":null,""손실_ha"":null,""순변화_ha"":null,""순변화율"":null,""유지_ha"":null,""이득_ha"":47.87,""지역명_로마자"":""Viet Nam"",""지역명_베트남어"":""Việt Nam"",""행정단위"":""Country""}",,전국 · 조림지 연간 순증(대리지표) · 1000 ha/yr,,,,B-030_산림 이득(ha／yr).xlsx,1.2_entity(레코드형),102,
B-030,산림 이득,entity,v124-b-030-entity-00118,B-030_forest_gain_national,VNM,,,,,,,,,VNM_planted_forest_gain_proxy_1991,,,"{""2000년_수관_면적_ha"":null,""2025_개편_후_소속_34개_체계"":""전국(개편 무관)"",""경계_좌표_산출근거"":""전국 집계값 — 지리적 경계가 성 단위가 아니므로 좌표·폴리곤 없음."",""경계_폴리곤_파일"":null,""교란_후_회복_ha"":null,""기간"":""1991"",""기후기술_연계_근거"":""간접 · 연구진 판단 — 산림 이득은 탄소 흡수원의 증감을 나타내는 지표. 주 기술 23(탄소 흡수원), 부 기술 35(35) 는 note·2_meta_info tech_ids 참조. [근거자료] 원천 문서에 기술분류 표기 없음 — 연구진 판단(별첨2 R2 근거 기재)"",""레코드_키"":""VNM_planted_forest_gain_proxy_1991"",""분석대상_면적_ha_GFW"":null,""손실_ha"":null,""순변화_ha"":null,""순변화율"":null,""유지_ha"":null,""이득_ha"":85.85,""지역명_로마자"":""Viet Nam"",""지역명_베트남어"":""Việt Nam"",""행정단위"":""Country""}",,전국 · 조림지 연간 순증(대리지표) · 1000 ha/yr,,,,B-030_산림 이득(ha／yr).xlsx,1.2_entity(레코드형),69,
B-030,산림 이득,entity,v124-b-030-entity-00119,B-030_forest_gain_national,VNM,,,,,,,,,VNM_planted_forest_gain_proxy_1993,,,"{""2000년_수관_면적_ha"":null,""2025_개편_후_소속_34개_체계"":""전국(개편 무관)"",""경계_좌표_산출근거"":""전국 집계값 — 지리적 경계가 성 단위가 아니므로 좌표·폴리곤 없음."",""경계_폴리곤_파일"":null,""교란_후_회복_ha"":null,""기간"":""1993"",""기후기술_연계_근거"":""간접 · 연구진 판단 — 산림 이득은 탄소 흡수원의 증감을 나타내는 지표. 주 기술 23(탄소 흡수원), 부 기술 35(35) 는 note·2_meta_info tech_ids 참조. [근거자료] 원천 문서에 기술분류 표기 없음 — 연구진 판단(별첨2 R2 근거 기재)"",""레코드_키"":""VNM_planted_forest_gain_proxy_1993"",""분석대상_면적_ha_GFW"":null,""손실_ha"":null,""순변화_ha"":null,""순변화율"":null,""유지_ha"":null,""이득_ha"":85.85,""지역명_로마자"":""Viet Nam"",""지역명_베트남어"":""Việt Nam"",""행정단위"":""Country""}",,전국 · 조림지 연간 순증(대리지표) · 1000 ha/yr,,,,B-030_산림 이득(ha／yr).xlsx,1.2_entity(레코드형),71,
B-030,산림 이득,entity,v124-b-030-entity-00120,B-030_forest_gain_national,VNM,,,,,,,,,VNM_planted_forest_gain_proxy_1995,,,"{""2000년_수관_면적_ha"":null,""2025_개편_후_소속_34개_체계"":""전국(개편 무관)"",""경계_좌표_산출근거"":""전국 집계값 — 지리적 경계가 성 단위가 아니므로 좌표·폴리곤 없음."",""경계_폴리곤_파일"":null,""교란_후_회복_ha"":null,""기간"":""1995"",""기후기술_연계_근거"":""간접 · 연구진 판단 — 산림 이득은 탄소 흡수원의 증감을 나타내는 지표. 주 기술 23(탄소 흡수원), 부 기술 35(35) 는 note·2_meta_info tech_ids 참조. [근거자료] 원천 문서에 기술분류 표기 없음 — 연구진 판단(별첨2 R2 근거 기재)"",""레코드_키"":""VNM_planted_forest_gain_proxy_1995"",""분석대상_면적_ha_GFW"":null,""손실_ha"":null,""순변화_ha"":null,""순변화율"":null,""유지_ha"":null,""이득_ha"":85.85,""지역명_로마자"":""Viet Nam"",""지역명_베트남어"":""Việt Nam"",""행정단위"":""Country""}",,전국 · 조림지 연간 순증(대리지표) · 1000 ha/yr,,,,B-030_산림 이득(ha／yr).xlsx,1.2_entity(레코드형),73,
B-030,산림 이득,entity,v124-b-030-entity-00121,B-030_forest_gain_national,VNM,,,,,,,,,VNM_planted_forest_gain_proxy_1996,,,"{""2000년_수관_면적_ha"":null,""2025_개편_후_소속_34개_체계"":""전국(개편 무관)"",""경계_좌표_산출근거"":""전국 집계값 — 지리적 경계가 성 단위가 아니므로 좌표·폴리곤 없음."",""경계_폴리곤_파일"":null,""교란_후_회복_ha"":null,""기간"":""1996"",""기후기술_연계_근거"":""간접 · 연구진 판단 — 산림 이득은 탄소 흡수원의 증감을 나타내는 지표. 주 기술 23(탄소 흡수원), 부 기술 35(35) 는 note·2_meta_info tech_ids 참조. [근거자료] 원천 문서에 기술분류 표기 없음 — 연구진 판단(별첨2 R2 근거 기재)"",""레코드_키"":""VNM_planted_forest_gain_proxy_1996"",""분석대상_면적_ha_GFW"":null,""손실_ha"":null,""순변화_ha"":null,""순변화율"":null,""유지_ha"":null,""이득_ha"":85.85,""지역명_로마자"":""Viet Nam"",""지역명_베트남어"":""Việt Nam"",""행정단위"":""Country""}",,전국 · 조림지 연간 순증(대리지표) · 1000 ha/yr,,,,B-030_산림 이득(ha／yr).xlsx,1.2_entity(레코드형),74,
B-030,산림 이득,entity,v124-b-030-entity-00122,B-030_forest_gain_national,VNM,,,,,,,,,VNM_planted_forest_gain_proxy_1998,,,"{""2000년_수관_면적_ha"":null,""2025_개편_후_소속_34개_체계"":""전국(개편 무관)"",""경계_좌표_산출근거"":""전국 집계값 — 지리적 경계가 성 단위가 아니므로 좌표·폴리곤 없음."",""경계_폴리곤_파일"":null,""교란_후_회복_ha"":null,""기간"":""1998"",""기후기술_연계_근거"":""간접 · 연구진 판단 — 산림 이득은 탄소 흡수원의 증감을 나타내는 지표. 주 기술 23(탄소 흡수원), 부 기술 35(35) 는 note·2_meta_info tech_ids 참조. [근거자료] 원천 문서에 기술분류 표기 없음 — 연구진 판단(별첨2 R2 근거 기재)"",""레코드_키"":""VNM_planted_forest_gain_proxy_1998"",""분석대상_면적_ha_GFW"":null,""손실_ha"":null,""순변화_ha"":null,""순변화율"":null,""유지_ha"":null,""이득_ha"":85.85,""지역명_로마자"":""Viet Nam"",""지역명_베트남어"":""Việt Nam"",""행정단위"":""Country""}",,전국 · 조림지 연간 순증(대리지표) · 1000 ha/yr,,,,B-030_산림 이득(ha／yr).xlsx,1.2_entity(레코드형),76,
B-030,산림 이득,entity,v124-b-030-entity-00123,B-030_forest_gain_national,VNM,,,,,,,,,VNM_planted_forest_gain_proxy_2000,,,"{""2000년_수관_면적_ha"":null,""2025_개편_후_소속_34개_체계"":""전국(개편 무관)"",""경계_좌표_산출근거"":""전국 집계값 — 지리적 경계가 성 단위가 아니므로 좌표·폴리곤 없음."",""경계_폴리곤_파일"":null,""교란_후_회복_ha"":null,""기간"":""2000"",""기후기술_연계_근거"":""간접 · 연구진 판단 — 산림 이득은 탄소 흡수원의 증감을 나타내는 지표. 주 기술 23(탄소 흡수원), 부 기술 35(35) 는 note·2_meta_info tech_ids 참조. [근거자료] 원천 문서에 기술분류 표기 없음 — 연구진 판단(별첨2 R2 근거 기재)"",""레코드_키"":""VNM_planted_forest_gain_proxy_2000"",""분석대상_면적_ha_GFW"":null,""손실_ha"":null,""순변화_ha"":null,""순변화율"":null,""유지_ha"":null,""이득_ha"":85.85,""지역명_로마자"":""Viet Nam"",""지역명_베트남어"":""Việt Nam"",""행정단위"":""Country""}",,전국 · 조림지 연간 순증(대리지표) · 1000 ha/yr,,,,B-030_산림 이득(ha／yr).xlsx,1.2_entity(레코드형),78,
B-030,산림 이득,entity,v124-b-030-entity-00124,B-030_forest_gain_national,VNM,,,,,,,,,VNM_planted_forest_gain_proxy_1992,,,"{""2000년_수관_면적_ha"":null,""2025_개편_후_소속_34개_체계"":""전국(개편 무관)"",""경계_좌표_산출근거"":""전국 집계값 — 지리적 경계가 성 단위가 아니므로 좌표·폴리곤 없음."",""경계_폴리곤_파일"":null,""교란_후_회복_ha"":null,""기간"":""1992"",""기후기술_연계_근거"":""간접 · 연구진 판단 — 산림 이득은 탄소 흡수원의 증감을 나타내는 지표. 주 기술 23(탄소 흡수원), 부 기술 35(35) 는 note·2_meta_info tech_ids 참조. [근거자료] 원천 문서에 기술분류 표기 없음 — 연구진 판단(별첨2 R2 근거 기재)"",""레코드_키"":""VNM_planted_forest_gain_proxy_1992"",""분석대상_면적_ha_GFW"":null,""손실_ha"":null,""순변화_ha"":null,""순변화율"":null,""유지_ha"":null,""이득_ha"":85.86,""지역명_로마자"":""Viet Nam"",""지역명_베트남어"":""Việt Nam"",""행정단위"":""Country""}",,전국 · 조림지 연간 순증(대리지표) · 1000 ha/yr,,,,B-030_산림 이득(ha／yr).xlsx,1.2_entity(레코드형),70,
B-030,산림 이득,entity,v124-b-030-entity-00125,B-030_forest_gain_national,VNM,,,,,,,,,VNM_planted_forest_gain_proxy_1994,,,"{""2000년_수관_면적_ha"":null,""2025_개편_후_소속_34개_체계"":""전국(개편 무관)"",""경계_좌표_산출근거"":""전국 집계값 — 지리적 경계가 성 단위가 아니므로 좌표·폴리곤 없음."",""경계_폴리곤_파일"":null,""교란_후_회복_ha"":null,""기간"":""1994"",""기후기술_연계_근거"":""간접 · 연구진 판단 — 산림 이득은 탄소 흡수원의 증감을 나타내는 지표. 주 기술 23(탄소 흡수원), 부 기술 35(35) 는 note·2_meta_info tech_ids 참조. [근거자료] 원천 문서에 기술분류 표기 없음 — 연구진 판단(별첨2 R2 근거 기재)"",""레코드_키"":""VNM_planted_forest_gain_proxy_1994"",""분석대상_면적_ha_GFW"":null,""손실_ha"":null,""순변화_ha"":null,""순변화율"":null,""유지_ha"":null,""이득_ha"":85.86,""지역명_로마자"":""Viet Nam"",""지역명_베트남어"":""Việt Nam"",""행정단위"":""Country""}",,전국 · 조림지 연간 순증(대리지표) · 1000 ha/yr,,,,B-030_산림 이득(ha／yr).xlsx,1.2_entity(레코드형),72,
B-030,산림 이득,entity,v124-b-030-entity-00126,B-030_forest_gain_national,VNM,,,,,,,,,VNM_planted_forest_gain_proxy_1997,,,"{""2000년_수관_면적_ha"":null,""2025_개편_후_소속_34개_체계"":""전국(개편 무관)"",""경계_좌표_산출근거"":""전국 집계값 — 지리적 경계가 성 단위가 아니므로 좌표·폴리곤 없음."",""경계_폴리곤_파일"":null,""교란_후_회복_ha"":null,""기간"":""1997"",""기후기술_연계_근거"":""간접 · 연구진 판단 — 산림 이득은 탄소 흡수원의 증감을 나타내는 지표. 주 기술 23(탄소 흡수원), 부 기술 35(35) 는 note·2_meta_info tech_ids 참조. [근거자료] 원천 문서에 기술분류 표기 없음 — 연구진 판단(별첨2 R2 근거 기재)"",""레코드_키"":""VNM_planted_forest_gain_proxy_1997"",""분석대상_면적_ha_GFW"":null,""손실_ha"":null,""순변화_ha"":null,""순변화율"":null,""유지_ha"":null,""이득_ha"":85.86,""지역명_로마자"":""Viet Nam"",""지역명_베트남어"":""Việt Nam"",""행정단위"":""Country""}",,전국 · 조림지 연간 순증(대리지표) · 1000 ha/yr,,,,B-030_산림 이득(ha／yr).xlsx,1.2_entity(레코드형),75,
B-030,산림 이득,entity,v124-b-030-entity-00127,B-030_forest_gain_national,VNM,,,,,,,,,VNM_planted_forest_gain_proxy_1999,,,"{""2000년_수관_면적_ha"":null,""2025_개편_후_소속_34개_체계"":""전국(개편 무관)"",""경계_좌표_산출근거"":""전국 집계값 — 지리적 경계가 성 단위가 아니므로 좌표·폴리곤 없음."",""경계_폴리곤_파일"":null,""교란_후_회복_ha"":null,""기간"":""1999"",""기후기술_연계_근거"":""간접 · 연구진 판단 — 산림 이득은 탄소 흡수원의 증감을 나타내는 지표. 주 기술 23(탄소 흡수원), 부 기술 35(35) 는 note·2_meta_info tech_ids 참조. [근거자료] 원천 문서에 기술분류 표기 없음 — 연구진 판단(별첨2 R2 근거 기재)"",""레코드_키"":""VNM_planted_forest_gain_proxy_1999"",""분석대상_면적_ha_GFW"":null,""손실_ha"":null,""순변화_ha"":null,""순변화율"":null,""유지_ha"":null,""이득_ha"":85.86,""지역명_로마자"":""Viet Nam"",""지역명_베트남어"":""Việt Nam"",""행정단위"":""Country""}",,전국 · 조림지 연간 순증(대리지표) · 1000 ha/yr,,,,B-030_산림 이득(ha／yr).xlsx,1.2_entity(레코드형),77,
B-030,산림 이득,entity,v124-b-030-entity-00128,B-030_forest_gain_national,VNM,,,,,,,,,VNM_tree_cover_gain_2020,,,"{""2000년_수관_면적_ha"":null,""2025_개편_후_소속_34개_체계"":""전국(개편 무관)"",""경계_좌표_산출근거"":""전국 집계값 — 지리적 경계가 성 단위가 아니므로 좌표·폴리곤 없음."",""경계_폴리곤_파일"":null,""교란_후_회복_ha"":null,""기간"":""2020"",""기후기술_연계_근거"":""간접 · 연구진 판단 — 산림 이득은 탄소 흡수원의 증감을 나타내는 지표. 주 기술 23(탄소 흡수원), 부 기술 35(35) 는 note·2_meta_info tech_ids 참조. [근거자료] 원천 문서에 기술분류 표기 없음 — 연구진 판단(별첨2 R2 근거 기재)"",""레코드_키"":""VNM_tree_cover_gain_2020"",""분석대상_면적_ha_GFW"":null,""손실_ha"":null,""순변화_ha"":null,""순변화율"":null,""유지_ha"":null,""이득_ha"":965013.03,""지역명_로마자"":""Viet Nam"",""지역명_베트남어"":""Việt Nam"",""행정단위"":""Country""}",,전국 · 수관 이득(누적) · ha,,,,B-030_산림 이득(ha／yr).xlsx,1.2_entity(레코드형),67,
B-030,산림 이득,entity,v124-b-030-entity-00129,B-030_forest_gain_national,VNM,,,,,,,,,VNM_planted_forest_gain_proxy_2016,,,"{""2000년_수관_면적_ha"":null,""2025_개편_후_소속_34개_체계"":""전국(개편 무관)"",""경계_좌표_산출근거"":""전국 집계값 — 지리적 경계가 성 단위가 아니므로 좌표·폴리곤 없음."",""경계_폴리곤_파일"":null,""교란_후_회복_ha"":null,""기간"":""2016"",""기후기술_연계_근거"":""간접 · 연구진 판단 — 산림 이득은 탄소 흡수원의 증감을 나타내는 지표. 주 기술 23(탄소 흡수원), 부 기술 35(35) 는 note·2_meta_info tech_ids 참조. [근거자료] 원천 문서에 기술분류 표기 없음 — 연구진 판단(별첨2 R2 근거 기재)"",""레코드_키"":""VNM_planted_forest_gain_proxy_2016"",""분석대상_면적_ha_GFW"":null,""손실_ha"":null,""순변화_ha"":null,""순변화율"":null,""유지_ha"":null,""이득_ha"":99.78,""지역명_로마자"":""Viet Nam"",""지역명_베트남어"":""Việt Nam"",""행정단위"":""Country""}",,전국 · 조림지 연간 순증(대리지표) · 1000 ha/yr,,,,B-030_산림 이득(ha／yr).xlsx,1.2_entity(레코드형),94,
B-030,산림 이득,entity,v124-b-030-entity-00130,B-030_forest_gain_national,VNM,,,,,,,,,VNM_planted_forest_gain_proxy_2017,,,"{""2000년_수관_면적_ha"":null,""2025_개편_후_소속_34개_체계"":""전국(개편 무관)"",""경계_좌표_산출근거"":""전국 집계값 — 지리적 경계가 성 단위가 아니므로 좌표·폴리곤 없음."",""경계_폴리곤_파일"":null,""교란_후_회복_ha"":null,""기간"":""2017"",""기후기술_연계_근거"":""간접 · 연구진 판단 — 산림 이득은 탄소 흡수원의 증감을 나타내는 지표. 주 기술 23(탄소 흡수원), 부 기술 35(35) 는 note·2_meta_info tech_ids 참조. [근거자료] 원천 문서에 기술분류 표기 없음 — 연구진 판단(별첨2 R2 근거 기재)"",""레코드_키"":""VNM_planted_forest_gain_proxy_2017"",""분석대상_면적_ha_GFW"":null,""손실_ha"":null,""순변화_ha"":null,""순변화율"":null,""유지_ha"":null,""이득_ha"":99.78,""지역명_로마자"":""Viet Nam"",""지역명_베트남어"":""Việt Nam"",""행정단위"":""Country""}",,전국 · 조림지 연간 순증(대리지표) · 1000 ha/yr,,,,B-030_산림 이득(ha／yr).xlsx,1.2_entity(레코드형),95,
B-030,산림 이득,entity,v124-b-030-entity-00131,B-030_forest_gain_national,VNM,,,,,,,,,VNM_planted_forest_gain_proxy_2018,,,"{""2000년_수관_면적_ha"":null,""2025_개편_후_소속_34개_체계"":""전국(개편 무관)"",""경계_좌표_산출근거"":""전국 집계값 — 지리적 경계가 성 단위가 아니므로 좌표·폴리곤 없음."",""경계_폴리곤_파일"":null,""교란_후_회복_ha"":null,""기간"":""2018"",""기후기술_연계_근거"":""간접 · 연구진 판단 — 산림 이득은 탄소 흡수원의 증감을 나타내는 지표. 주 기술 23(탄소 흡수원), 부 기술 35(35) 는 note·2_meta_info tech_ids 참조. [근거자료] 원천 문서에 기술분류 표기 없음 — 연구진 판단(별첨2 R2 근거 기재)"",""레코드_키"":""VNM_planted_forest_gain_proxy_2018"",""분석대상_면적_ha_GFW"":null,""손실_ha"":null,""순변화_ha"":null,""순변화율"":null,""유지_ha"":null,""이득_ha"":99.78,""지역명_로마자"":""Viet Nam"",""지역명_베트남어"":""Việt Nam"",""행정단위"":""Country""}",,전국 · 조림지 연간 순증(대리지표) · 1000 ha/yr,,,,B-030_산림 이득(ha／yr).xlsx,1.2_entity(레코드형),96,
B-030,산림 이득,entity,v124-b-030-entity-00132,B-030_forest_gain_national,VNM,,,,,,,,,VNM_planted_forest_gain_proxy_2019,,,"{""2000년_수관_면적_ha"":null,""2025_개편_후_소속_34개_체계"":""전국(개편 무관)"",""경계_좌표_산출근거"":""전국 집계값 — 지리적 경계가 성 단위가 아니므로 좌표·폴리곤 없음."",""경계_폴리곤_파일"":null,""교란_후_회복_ha"":null,""기간"":""2019"",""기후기술_연계_근거"":""간접 · 연구진 판단 — 산림 이득은 탄소 흡수원의 증감을 나타내는 지표. 주 기술 23(탄소 흡수원), 부 기술 35(35) 는 note·2_meta_info tech_ids 참조. [근거자료] 원천 문서에 기술분류 표기 없음 — 연구진 판단(별첨2 R2 근거 기재)"",""레코드_키"":""VNM_planted_forest_gain_proxy_2019"",""분석대상_면적_ha_GFW"":null,""손실_ha"":null,""순변화_ha"":null,""순변화율"":null,""유지_ha"":null,""이득_ha"":99.78,""지역명_로마자"":""Viet Nam"",""지역명_베트남어"":""Việt Nam"",""행정단위"":""Country""}",,전국 · 조림지 연간 순증(대리지표) · 1000 ha/yr,,,,B-030_산림 이득(ha／yr).xlsx,1.2_entity(레코드형),97,
B-030,산림 이득,entity,v124-b-030-entity-00133,B-030_forest_gain_national,VNM,,,,,,,,,VNM_planted_forest_gain_proxy_2020,,,"{""2000년_수관_면적_ha"":null,""2025_개편_후_소속_34개_체계"":""전국(개편 무관)"",""경계_좌표_산출근거"":""전국 집계값 — 지리적 경계가 성 단위가 아니므로 좌표·폴리곤 없음."",""경계_폴리곤_파일"":null,""교란_후_회복_ha"":null,""기간"":""2020"",""기후기술_연계_근거"":""간접 · 연구진 판단 — 산림 이득은 탄소 흡수원의 증감을 나타내는 지표. 주 기술 23(탄소 흡수원), 부 기술 35(35) 는 note·2_meta_info tech_ids 참조. [근거자료] 원천 문서에 기술분류 표기 없음 — 연구진 판단(별첨2 R2 근거 기재)"",""레코드_키"":""VNM_planted_forest_gain_proxy_2020"",""분석대상_면적_ha_GFW"":null,""손실_ha"":null,""순변화_ha"":null,""순변화율"":null,""유지_ha"":null,""이득_ha"":99.78,""지역명_로마자"":""Viet Nam"",""지역명_베트남어"":""Việt Nam"",""행정단위"":""Country""}",,전국 · 조림지 연간 순증(대리지표) · 1000 ha/yr,,,,B-030_산림 이득(ha／yr).xlsx,1.2_entity(레코드형),98,
B-030,산림 이득,entity,v124-b-030-entity-00134,B-030_forest_gain_national,VNM,,,,,,,,,VNM_tree_cover_gain_annual_2020,,,"{""2000년_수관_면적_ha"":null,""2025_개편_후_소속_34개_체계"":""전국(개편 무관)"",""경계_좌표_산출근거"":""전국 집계값 — 지리적 경계가 성 단위가 아니므로 좌표·폴리곤 없음."",""경계_폴리곤_파일"":null,""교란_후_회복_ha"":null,""기간"":""2020"",""기후기술_연계_근거"":""간접 · 연구진 판단 — 산림 이득은 탄소 흡수원의 증감을 나타내는 지표. 주 기술 23(탄소 흡수원), 부 기술 35(35) 는 note·2_meta_info tech_ids 참조. [근거자료] 원천 문서에 기술분류 표기 없음 — 연구진 판단(별첨2 R2 근거 기재)"",""레코드_키"":""VNM_tree_cover_gain_annual_2020"",""분석대상_면적_ha_GFW"":null,""손실_ha"":null,""순변화_ha"":null,""순변화율"":null,""유지_ha"":null,""이득_ha"":null,""지역명_로마자"":""Viet Nam"",""지역명_베트남어"":""Việt Nam"",""행정단위"":""Country""}",M01,전국 · 수관 이득(연도별) · ha/yr,,,,B-030_산림 이득(ha／yr).xlsx,1.2_entity(레코드형),68,
