element_id,element_label,record_type,record_id,indicator_id,country_iso3,year,period_start,period_end,period,statistic_type,source_year_label,value,unit,name,latitude,longitude,attributes_json,missing_reason_code,note,source_org,source_url,license_code,source_file,source_sheet,source_row,publication_decision_id
C-012,"PPP 법제도·조달 체계[PPP 법률 유무, PPP 법률 명칭, PPP 전담 기관, 조달 방식(경쟁입찰/협상/비공개), 계약 유형(BOT/BOO/Concession), VfM 평가 의무 여부, PPP 프로젝트 이력]",entity,v124-c-012-entity-00001,C-012_contract_type,VNM,,,,,,,,,BLT(Build-Lease-Transfer),,,"{""기술코드_근거문구"":""[기후기술코드] 38대 기후기술 분류체계 기준. 관계유형=미부여 · 근거=원천 자체 분류. 해당 지표의 메타 기후기술코드가 「범용」으로, 개별 레코드에 특정 기술이 성립하지 않음. 매핑 결과: 범용(특정 기후기술을 지목하지 않는 배경 데이터, tech_id 공란)."",""기술코드_판단근거_유형"":""미매핑(범용)"",""속성10_건수"":null,""속성11_발행량_tCO2e"":null,""속성12_소각량_tCO2e"":null,""속성13_배분량_tCO2e"":null,""속성14_연간예상감축_tCO2e"":null,""속성15_빈티지_연도"":null,""속성16_발행일"":null,""속성17_크레딧기간"":null,""속성18_업종"":null,""속성19_원문URL"":""https://datafiles.chinhphu.vn/cpp/files/vbpq/2025/9/123-vbhn-vpqh.pdf"",""속성1_레코드명"":""BLT(Build-Lease-Transfer)"",""속성20_지역_원문"":null,""속성21_지역_현행"":null,""속성22_행정코드P_code"":null,""속성23_설명"":null,""속성2_레코드ID"":null,""속성3_값"":""BLT"",""속성4_시점"":""2025"",""속성5_등록표준_출처"":null,""속성6_분류"":null,""속성7_상태"":null,""속성8_사업자_기관"":null,""속성9_방법론"":null}",,,,,,C-012.xlsx,1.2_entity(레코드형),54,
C-012,"PPP 법제도·조달 체계[PPP 법률 유무, PPP 법률 명칭, PPP 전담 기관, 조달 방식(경쟁입찰/협상/비공개), 계약 유형(BOT/BOO/Concession), VfM 평가 의무 여부, PPP 프로젝트 이력]",entity,v124-c-012-entity-00002,C-012_contract_type,VNM,,,,,,,,,BOO(Build-Own-Operate),,,"{""기술코드_근거문구"":""[기후기술코드] 38대 기후기술 분류체계 기준. 관계유형=미부여 · 근거=원천 자체 분류. 해당 지표의 메타 기후기술코드가 「범용」으로, 개별 레코드에 특정 기술이 성립하지 않음. 매핑 결과: 범용(특정 기후기술을 지목하지 않는 배경 데이터, tech_id 공란)."",""기술코드_판단근거_유형"":""미매핑(범용)"",""속성10_건수"":null,""속성11_발행량_tCO2e"":null,""속성12_소각량_tCO2e"":null,""속성13_배분량_tCO2e"":null,""속성14_연간예상감축_tCO2e"":null,""속성15_빈티지_연도"":null,""속성16_발행일"":null,""속성17_크레딧기간"":null,""속성18_업종"":null,""속성19_원문URL"":""https://datafiles.chinhphu.vn/cpp/files/vbpq/2025/9/123-vbhn-vpqh.pdf"",""속성1_레코드명"":""BOO(Build-Own-Operate)"",""속성20_지역_원문"":null,""속성21_지역_현행"":null,""속성22_행정코드P_code"":null,""속성23_설명"":null,""속성2_레코드ID"":null,""속성3_값"":""BOO"",""속성4_시점"":""2025"",""속성5_등록표준_출처"":null,""속성6_분류"":null,""속성7_상태"":null,""속성8_사업자_기관"":null,""속성9_방법론"":null}",,,,,,C-012.xlsx,1.2_entity(레코드형),51,
C-012,"PPP 법제도·조달 체계[PPP 법률 유무, PPP 법률 명칭, PPP 전담 기관, 조달 방식(경쟁입찰/협상/비공개), 계약 유형(BOT/BOO/Concession), VfM 평가 의무 여부, PPP 프로젝트 이력]",entity,v124-c-012-entity-00003,C-012_contract_type,VNM,,,,,,,,,BOT(Build-Operate-Transfer),,,"{""기술코드_근거문구"":""[기후기술코드] 38대 기후기술 분류체계 기준. 관계유형=미부여 · 근거=원천 자체 분류. 해당 지표의 메타 기후기술코드가 「범용」으로, 개별 레코드에 특정 기술이 성립하지 않음. 매핑 결과: 범용(특정 기후기술을 지목하지 않는 배경 데이터, tech_id 공란)."",""기술코드_판단근거_유형"":""미매핑(범용)"",""속성10_건수"":null,""속성11_발행량_tCO2e"":null,""속성12_소각량_tCO2e"":null,""속성13_배분량_tCO2e"":null,""속성14_연간예상감축_tCO2e"":null,""속성15_빈티지_연도"":null,""속성16_발행일"":null,""속성17_크레딧기간"":null,""속성18_업종"":null,""속성19_원문URL"":""https://datafiles.chinhphu.vn/cpp/files/vbpq/2025/9/123-vbhn-vpqh.pdf"",""속성1_레코드명"":""BOT(Build-Operate-Transfer)"",""속성20_지역_원문"":null,""속성21_지역_현행"":null,""속성22_행정코드P_code"":null,""속성23_설명"":null,""속성2_레코드ID"":null,""속성3_값"":""BOT"",""속성4_시점"":""2025"",""속성5_등록표준_출처"":null,""속성6_분류"":null,""속성7_상태"":null,""속성8_사업자_기관"":null,""속성9_방법론"":null}",,,,,,C-012.xlsx,1.2_entity(레코드형),49,
C-012,"PPP 법제도·조달 체계[PPP 법률 유무, PPP 법률 명칭, PPP 전담 기관, 조달 방식(경쟁입찰/협상/비공개), 계약 유형(BOT/BOO/Concession), VfM 평가 의무 여부, PPP 프로젝트 이력]",entity,v124-c-012-entity-00004,C-012_contract_type,VNM,,,,,,,,,BT(Build-Transfer),,,"{""기술코드_근거문구"":""[기후기술코드] 38대 기후기술 분류체계 기준. 관계유형=미부여 · 근거=원천 자체 분류. 해당 지표의 메타 기후기술코드가 「범용」으로, 개별 레코드에 특정 기술이 성립하지 않음. 매핑 결과: 범용(특정 기후기술을 지목하지 않는 배경 데이터, tech_id 공란)."",""기술코드_판단근거_유형"":""미매핑(범용)"",""속성10_건수"":null,""속성11_발행량_tCO2e"":null,""속성12_소각량_tCO2e"":null,""속성13_배분량_tCO2e"":null,""속성14_연간예상감축_tCO2e"":null,""속성15_빈티지_연도"":null,""속성16_발행일"":null,""속성17_크레딧기간"":null,""속성18_업종"":null,""속성19_원문URL"":""https://datafiles.chinhphu.vn/cpp/files/vbpq/2025/9/123-vbhn-vpqh.pdf"",""속성1_레코드명"":""BT(Build-Transfer)"",""속성20_지역_원문"":null,""속성21_지역_현행"":null,""속성22_행정코드P_code"":null,""속성23_설명"":null,""속성2_레코드ID"":null,""속성3_값"":""지급방식 3종"",""속성4_시점"":""2025"",""속성5_등록표준_출처"":null,""속성6_분류"":null,""속성7_상태"":null,""속성8_사업자_기관"":null,""속성9_방법론"":null}",,"①토지기금 지급(가호) ②국가예산 지급(나호) ③무상(대가 없음, 다호) — 토지·예산 지급방식은 2025-07-01부터 시행(57/2024 부칙 제5조3항)",,,,C-012.xlsx,1.2_entity(레코드형),55,
C-012,"PPP 법제도·조달 체계[PPP 법률 유무, PPP 법률 명칭, PPP 전담 기관, 조달 방식(경쟁입찰/협상/비공개), 계약 유형(BOT/BOO/Concession), VfM 평가 의무 여부, PPP 프로젝트 이력]",entity,v124-c-012-entity-00005,C-012_contract_type,VNM,,,,,,,,,BTL(Build-Transfer-Lease),,,"{""기술코드_근거문구"":""[기후기술코드] 38대 기후기술 분류체계 기준. 관계유형=미부여 · 근거=원천 자체 분류. 해당 지표의 메타 기후기술코드가 「범용」으로, 개별 레코드에 특정 기술이 성립하지 않음. 매핑 결과: 범용(특정 기후기술을 지목하지 않는 배경 데이터, tech_id 공란)."",""기술코드_판단근거_유형"":""미매핑(범용)"",""속성10_건수"":null,""속성11_발행량_tCO2e"":null,""속성12_소각량_tCO2e"":null,""속성13_배분량_tCO2e"":null,""속성14_연간예상감축_tCO2e"":null,""속성15_빈티지_연도"":null,""속성16_발행일"":null,""속성17_크레딧기간"":null,""속성18_업종"":null,""속성19_원문URL"":""https://datafiles.chinhphu.vn/cpp/files/vbpq/2025/9/123-vbhn-vpqh.pdf"",""속성1_레코드명"":""BTL(Build-Transfer-Lease)"",""속성20_지역_원문"":null,""속성21_지역_현행"":null,""속성22_행정코드P_code"":null,""속성23_설명"":null,""속성2_레코드ID"":null,""속성3_값"":""BTL"",""속성4_시점"":""2025"",""속성5_등록표준_출처"":null,""속성6_분류"":null,""속성7_상태"":null,""속성8_사업자_기관"":null,""속성9_방법론"":null}",,,,,,C-012.xlsx,1.2_entity(레코드형),53,
C-012,"PPP 법제도·조달 체계[PPP 법률 유무, PPP 법률 명칭, PPP 전담 기관, 조달 방식(경쟁입찰/협상/비공개), 계약 유형(BOT/BOO/Concession), VfM 평가 의무 여부, PPP 프로젝트 이력]",entity,v124-c-012-entity-00006,C-012_contract_type,VNM,,,,,,,,,BTO(Build-Transfer-Operate),,,"{""기술코드_근거문구"":""[기후기술코드] 38대 기후기술 분류체계 기준. 관계유형=미부여 · 근거=원천 자체 분류. 해당 지표의 메타 기후기술코드가 「범용」으로, 개별 레코드에 특정 기술이 성립하지 않음. 매핑 결과: 범용(특정 기후기술을 지목하지 않는 배경 데이터, tech_id 공란)."",""기술코드_판단근거_유형"":""미매핑(범용)"",""속성10_건수"":null,""속성11_발행량_tCO2e"":null,""속성12_소각량_tCO2e"":null,""속성13_배분량_tCO2e"":null,""속성14_연간예상감축_tCO2e"":null,""속성15_빈티지_연도"":null,""속성16_발행일"":null,""속성17_크레딧기간"":null,""속성18_업종"":null,""속성19_원문URL"":""https://datafiles.chinhphu.vn/cpp/files/vbpq/2025/9/123-vbhn-vpqh.pdf"",""속성1_레코드명"":""BTO(Build-Transfer-Operate)"",""속성20_지역_원문"":null,""속성21_지역_현행"":null,""속성22_행정코드P_code"":null,""속성23_설명"":null,""속성2_레코드ID"":null,""속성3_값"":""BTO"",""속성4_시점"":""2025"",""속성5_등록표준_출처"":null,""속성6_분류"":null,""속성7_상태"":null,""속성8_사업자_기관"":null,""속성9_방법론"":null}",,,,,,C-012.xlsx,1.2_entity(레코드형),50,
C-012,"PPP 법제도·조달 체계[PPP 법률 유무, PPP 법률 명칭, PPP 전담 기관, 조달 방식(경쟁입찰/협상/비공개), 계약 유형(BOT/BOO/Concession), VfM 평가 의무 여부, PPP 프로젝트 이력]",entity,v124-c-012-entity-00007,C-012_contract_type,VNM,,,,,,,,,O&M(Operate-Maintain),,,"{""기술코드_근거문구"":""[기후기술코드] 38대 기후기술 분류체계 기준. 관계유형=미부여 · 근거=원천 자체 분류. 해당 지표의 메타 기후기술코드가 「범용」으로, 개별 레코드에 특정 기술이 성립하지 않음. 매핑 결과: 범용(특정 기후기술을 지목하지 않는 배경 데이터, tech_id 공란)."",""기술코드_판단근거_유형"":""미매핑(범용)"",""속성10_건수"":null,""속성11_발행량_tCO2e"":null,""속성12_소각량_tCO2e"":null,""속성13_배분량_tCO2e"":null,""속성14_연간예상감축_tCO2e"":null,""속성15_빈티지_연도"":null,""속성16_발행일"":null,""속성17_크레딧기간"":null,""속성18_업종"":null,""속성19_원문URL"":""https://datafiles.chinhphu.vn/cpp/files/vbpq/2025/9/123-vbhn-vpqh.pdf"",""속성1_레코드명"":""O&M(Operate-Maintain)"",""속성20_지역_원문"":null,""속성21_지역_현행"":null,""속성22_행정코드P_code"":null,""속성23_설명"":null,""속성2_레코드ID"":null,""속성3_값"":""O&M"",""속성4_시점"":""2025"",""속성5_등록표준_출처"":null,""속성6_분류"":null,""속성7_상태"":null,""속성8_사업자_기관"":null,""속성9_방법론"":null}",,,,,,C-012.xlsx,1.2_entity(레코드형),52,
C-012,"PPP 법제도·조달 체계[PPP 법률 유무, PPP 법률 명칭, PPP 전담 기관, 조달 방식(경쟁입찰/협상/비공개), 계약 유형(BOT/BOO/Concession), VfM 평가 의무 여부, PPP 프로젝트 이력]",entity,v124-c-012-entity-00008,C-012_ppp_agency,VNM,,,,,,,,,권한기관 정의,,,"{""기술코드_근거문구"":""[기후기술코드] 38대 기후기술 분류체계 기준. 관계유형=미부여 · 근거=원천 자체 분류. 해당 지표의 메타 기후기술코드가 「범용」으로, 개별 레코드에 특정 기술이 성립하지 않음. 매핑 결과: 범용(특정 기후기술을 지목하지 않는 배경 데이터, tech_id 공란)."",""기술코드_판단근거_유형"":""미매핑(범용)"",""속성10_건수"":null,""속성11_발행량_tCO2e"":null,""속성12_소각량_tCO2e"":null,""속성13_배분량_tCO2e"":null,""속성14_연간예상감축_tCO2e"":null,""속성15_빈티지_연도"":null,""속성16_발행일"":null,""속성17_크레딧기간"":null,""속성18_업종"":null,""속성19_원문URL"":""https://datafiles.chinhphu.vn/cpp/files/vbpq/2025/9/123-vbhn-vpqh.pdf"",""속성1_레코드명"":""권한기관 정의"",""속성20_지역_원문"":null,""속성21_지역_현행"":null,""속성22_행정코드P_code"":null,""속성23_설명"":null,""속성2_레코드ID"":null,""속성3_값"":""제5조 제1항 참조"",""속성4_시점"":""2025"",""속성5_등록표준_출처"":null,""속성6_분류"":null,""속성7_상태"":null,""속성8_사업자_기관"":null,""속성9_방법론"":null}",,부·부급기관·정부직속기관·최고인민검찰원·최고인민법원·국가감사원 등. 사업 분류(제4조2항)에 따라 해당 권한기관이 투자정책 결정 및 계약체결기관 지정,,,,C-012.xlsx,1.2_entity(레코드형),39,
C-012,"PPP 법제도·조달 체계[PPP 법률 유무, PPP 법률 명칭, PPP 전담 기관, 조달 방식(경쟁입찰/협상/비공개), 계약 유형(BOT/BOO/Concession), VfM 평가 의무 여부, PPP 프로젝트 이력]",entity,v124-c-012-entity-00009,C-012_ppp_agency,VNM,,,,,,,,,舊 전담기관,,,"{""기술코드_근거문구"":""[기후기술코드] 38대 기후기술 분류체계 기준. 관계유형=미부여 · 근거=원천 자체 분류. 해당 지표의 메타 기후기술코드가 「범용」으로, 개별 레코드에 특정 기술이 성립하지 않음. 매핑 결과: 범용(특정 기후기술을 지목하지 않는 배경 데이터, tech_id 공란)."",""기술코드_판단근거_유형"":""미매핑(범용)"",""속성10_건수"":null,""속성11_발행량_tCO2e"":null,""속성12_소각량_tCO2e"":null,""속성13_배분량_tCO2e"":null,""속성14_연간예상감축_tCO2e"":null,""속성15_빈티지_연도"":null,""속성16_발행일"":null,""속성17_크레딧기간"":null,""속성18_업종"":null,""속성19_원문URL"":""https://vanban.chinhphu.vn/?pageid=27160&docid=212957"",""속성1_레코드명"":""舊 전담기관"",""속성20_지역_원문"":null,""속성21_지역_현행"":null,""속성22_행정코드P_code"":null,""속성23_설명"":null,""속성2_레코드ID"":null,""속성3_값"":""MPI 공공조달청"",""속성4_시점"":""~2024"",""속성5_등록표준_출처"":null,""속성6_분류"":null,""속성7_상태"":null,""속성8_사업자_기관"":null,""속성9_방법론"":null}",,국가 PPP 관리 총괄,,,,C-012.xlsx,1.2_entity(레코드형),37,
C-012,"PPP 법제도·조달 체계[PPP 법률 유무, PPP 법률 명칭, PPP 전담 기관, 조달 방식(경쟁입찰/협상/비공개), 계약 유형(BOT/BOO/Concession), VfM 평가 의무 여부, PPP 프로젝트 이력]",entity,v124-c-012-entity-00010,C-012_ppp_agency,VNM,,,,,,,,,현행 전담기관,,,"{""기술코드_근거문구"":""[기후기술코드] 38대 기후기술 분류체계 기준. 관계유형=미부여 · 근거=원천 자체 분류. 해당 지표의 메타 기후기술코드가 「범용」으로, 개별 레코드에 특정 기술이 성립하지 않음. 매핑 결과: 범용(특정 기후기술을 지목하지 않는 배경 데이터, tech_id 공란)."",""기술코드_판단근거_유형"":""미매핑(범용)"",""속성10_건수"":null,""속성11_발행량_tCO2e"":null,""속성12_소각량_tCO2e"":null,""속성13_배분량_tCO2e"":null,""속성14_연간예상감축_tCO2e"":null,""속성15_빈티지_연도"":null,""속성16_발행일"":null,""속성17_크레딧기간"":null,""속성18_업종"":null,""속성19_원문URL"":""https://vanban.chinhphu.vn/?pageid=27160&docid=212957"",""속성1_레코드명"":""현행 전담기관"",""속성20_지역_원문"":null,""속성21_지역_현행"":null,""속성22_행정코드P_code"":null,""속성23_설명"":null,""속성2_레코드ID"":null,""속성3_값"":""재무부(MoF)"",""속성4_시점"":""2025"",""속성5_등록표준_출처"":null,""속성6_분류"":null,""속성7_상태"":null,""속성8_사업자_기관"":null,""속성9_방법론"":null}",,"확인 필요 — Law 64/2020 원문에는 기관명을 특정하지 않고 '권한기관'으로만 규정, 정부조직 개편에 따른 기관 승계는 법령이 아닌 뉴스 2차출처 기반",,,,C-012.xlsx,1.2_entity(레코드형),38,
C-012,"PPP 법제도·조달 체계[PPP 법률 유무, PPP 법률 명칭, PPP 전담 기관, 조달 방식(경쟁입찰/협상/비공개), 계약 유형(BOT/BOO/Concession), VfM 평가 의무 여부, PPP 프로젝트 이력]",entity,v124-c-012-entity-00011,C-012_ppp_law_datafiles_chinhphu,VNM,,,,,,,,,Law 64/2020/QH14 서명본,,,"{""기술코드_근거문구"":""[기후기술코드] 38대 기후기술 분류체계 기준. 관계유형=미부여 · 근거=원천 자체 분류. 해당 지표의 메타 기후기술코드가 「범용」으로, 개별 레코드에 특정 기술이 성립하지 않음. 매핑 결과: 범용(특정 기후기술을 지목하지 않는 배경 데이터, tech_id 공란)."",""기술코드_판단근거_유형"":""미매핑(범용)"",""속성10_건수"":null,""속성11_발행량_tCO2e"":null,""속성12_소각량_tCO2e"":null,""속성13_배분량_tCO2e"":null,""속성14_연간예상감축_tCO2e"":null,""속성15_빈티지_연도"":null,""속성16_발행일"":null,""속성17_크레딧기간"":null,""속성18_업종"":null,""속성19_원문URL"":""https://datafiles.chinhphu.vn/cpp/files/vbpq/2020/07/64.signed.pdf"",""속성1_레코드명"":""Law 64/2020/QH14 서명본"",""속성20_지역_원문"":null,""속성21_지역_현행"":null,""속성22_행정코드P_code"":null,""속성23_설명"":null,""속성2_레코드ID"":null,""속성3_값"":""datafiles.chinhphu.vn(서명본)"",""속성4_시점"":null,""속성5_등록표준_출처"":null,""속성6_분류"":null,""속성7_상태"":null,""속성8_사업자_기관"":null,""속성9_방법론"":null}",,"55p, 2020.6.18 서명",,,,C-012.xlsx,1.2_entity(레코드형),30,
C-012,"PPP 법제도·조달 체계[PPP 법률 유무, PPP 법률 명칭, PPP 전담 기관, 조달 방식(경쟁입찰/협상/비공개), 계약 유형(BOT/BOO/Concession), VfM 평가 의무 여부, PPP 프로젝트 이력]",entity,v124-c-012-entity-00012,C-012_ppp_law_datafiles_chinhphu,VNM,,,,,,,,,명칭 현행 PPP 기본법,,,"{""기술코드_근거문구"":""[기후기술코드] 38대 기후기술 분류체계 기준. 관계유형=미부여 · 근거=원천 자체 분류. 해당 지표의 메타 기후기술코드가 「범용」으로, 개별 레코드에 특정 기술이 성립하지 않음. 매핑 결과: 범용(특정 기후기술을 지목하지 않는 배경 데이터, tech_id 공란)."",""기술코드_판단근거_유형"":""미매핑(범용)"",""속성10_건수"":null,""속성11_발행량_tCO2e"":null,""속성12_소각량_tCO2e"":null,""속성13_배분량_tCO2e"":null,""속성14_연간예상감축_tCO2e"":null,""속성15_빈티지_연도"":null,""속성16_발행일"":null,""속성17_크레딧기간"":null,""속성18_업종"":null,""속성19_원문URL"":""https://datafiles.chinhphu.vn/cpp/files/vbpq/2020/07/64.signed.pdf"",""속성1_레코드명"":""명칭 현행 PPP 기본법"",""속성20_지역_원문"":null,""속성21_지역_현행"":null,""속성22_행정코드P_code"":null,""속성23_설명"":null,""속성2_레코드ID"":null,""속성3_값"":""Law No. 64/2020/QH14"",""속성4_시점"":""2020"",""속성5_등록표준_출처"":null,""속성6_분류"":null,""속성7_상태"":null,""속성8_사업자_기관"":null,""속성9_방법론"":null}",,PPP 기본법 존재. 정식 명칭: Luật Đầu tư theo phương thức đối tác công tư(공공-민간 파트너십 방식 투자법). 국회(Quốc hội) 채택 2020.6.18,,,,C-012.xlsx,1.2_entity(레코드형),4,
C-012,"PPP 법제도·조달 체계[PPP 법률 유무, PPP 법률 명칭, PPP 전담 기관, 조달 방식(경쟁입찰/협상/비공개), 계약 유형(BOT/BOO/Concession), VfM 평가 의무 여부, PPP 프로젝트 이력]",entity,v124-c-012-entity-00013,C-012_ppp_law_datafiles_chinhphu,VNM,,,,,,,,,PPP 대상 분야(제4조 제1항),,,"{""기술코드_근거문구"":""[기후기술코드] 38대 기후기술 분류체계 기준. 관계유형=미부여 · 근거=원천 자체 분류. 해당 지표의 메타 기후기술코드가 「범용」으로, 개별 레코드에 특정 기술이 성립하지 않음. 매핑 결과: 범용(특정 기후기술을 지목하지 않는 배경 데이터, tech_id 공란)."",""기술코드_판단근거_유형"":""미매핑(범용)"",""속성10_건수"":null,""속성11_발행량_tCO2e"":null,""속성12_소각량_tCO2e"":null,""속성13_배분량_tCO2e"":null,""속성14_연간예상감축_tCO2e"":null,""속성15_빈티지_연도"":null,""속성16_발행일"":null,""속성17_크레딧기간"":null,""속성18_업종"":null,""속성19_원문URL"":""https://datafiles.chinhphu.vn/cpp/files/vbpq/2025/9/123-vbhn-vpqh.pdf"",""속성1_레코드명"":""PPP 대상 분야(제4조 제1항)"",""속성20_지역_원문"":null,""속성21_지역_현행"":null,""속성22_행정코드P_code"":null,""속성23_설명"":null,""속성2_레코드ID"":null,""속성3_값"":""全 공공투자 분야"",""속성4_시점"":""2025"",""속성5_등록표준_출처"":null,""속성6_분류"":null,""속성7_상태"":null,""속성8_사업자_기관"":null,""속성9_방법론"":null}",,"현행 제4조 제1항 원문: ""Dự án đầu tư theo phương thức PPP được thực hiện trong các ngành, lĩnh vực đầu tư công nhằm mục đích đầu tư, xây dựng công trình, hệ thống cơ sở hạ tầng, cung cấp dịch vụ công."" 舊법(2020 제정)은 교통·전력망/발전(수력 제외)·상하수·폐기물·보건·교육·IT인프라 등 특정분야 열거 방식이었음. Luật 57/2024/QH15 제3조 제2항이 제4조 전체를 개정하며 열거방식을 폐지했고(통합본 각주 [9]), 현행 문언은 Luật 90/2025/QH15 제2조 제2항 a목이 제1항을 재개정한 것(통합본 각주 [10], 2025-07-01 시행).",,,,C-012.xlsx,1.2_entity(레코드형),16,
C-012,"PPP 법제도·조달 체계[PPP 법률 유무, PPP 법률 명칭, PPP 전담 기관, 조달 방식(경쟁입찰/협상/비공개), 계약 유형(BOT/BOO/Concession), VfM 평가 의무 여부, PPP 프로젝트 이력]",entity,v124-c-012-entity-00014,C-012_ppp_law_datafiles_chinhphu,VNM,,,,,,,,,개정 이력 Luật Tài nguyên nước 28/2023/QH15(수자원법),,,"{""기술코드_근거문구"":""[기후기술코드] 38대 기후기술 분류체계 기준. 관계유형=미부여 · 근거=원천 자체 분류. 해당 지표의 메타 기후기술코드가 「범용」으로, 개별 레코드에 특정 기술이 성립하지 않음. 매핑 결과: 범용(특정 기후기술을 지목하지 않는 배경 데이터, tech_id 공란)."",""기술코드_판단근거_유형"":""미매핑(범용)"",""속성10_건수"":null,""속성11_발행량_tCO2e"":null,""속성12_소각량_tCO2e"":null,""속성13_배분량_tCO2e"":null,""속성14_연간예상감축_tCO2e"":null,""속성15_빈티지_연도"":null,""속성16_발행일"":null,""속성17_크레딧기간"":null,""속성18_업종"":null,""속성19_원문URL"":""https://datafiles.chinhphu.vn/cpp/files/vbpq/2025/9/123-vbhn-vpqh.pdf"",""속성1_레코드명"":""개정 이력 Luật Tài nguyên nước 28/2023/QH15(수자원법)"",""속성20_지역_원문"":null,""속성21_지역_현행"":null,""속성22_행정코드P_code"":null,""속성23_설명"":null,""속성2_레코드ID"":null,""속성3_값"":""2024-07-01 시행"",""속성4_시점"":""2024"",""속성5_등록표준_출처"":null,""속성6_분류"":null,""속성7_상태"":null,""속성8_사업자_기관"":null,""속성9_방법론"":null}",,,,,,C-012.xlsx,1.2_entity(레코드형),9,
C-012,"PPP 법제도·조달 체계[PPP 법률 유무, PPP 법률 명칭, PPP 전담 기관, 조달 방식(경쟁입찰/협상/비공개), 계약 유형(BOT/BOO/Concession), VfM 평가 의무 여부, PPP 프로젝트 이력]",entity,v124-c-012-entity-00015,C-012_ppp_law_datafiles_chinhphu,VNM,,,,,,,,,개정 이력 Luật số 03/2022/QH15,,,"{""기술코드_근거문구"":""[기후기술코드] 38대 기후기술 분류체계 기준. 관계유형=미부여 · 근거=원천 자체 분류. 해당 지표의 메타 기후기술코드가 「범용」으로, 개별 레코드에 특정 기술이 성립하지 않음. 매핑 결과: 범용(특정 기후기술을 지목하지 않는 배경 데이터, tech_id 공란)."",""기술코드_판단근거_유형"":""미매핑(범용)"",""속성10_건수"":null,""속성11_발행량_tCO2e"":null,""속성12_소각량_tCO2e"":null,""속성13_배분량_tCO2e"":null,""속성14_연간예상감축_tCO2e"":null,""속성15_빈티지_연도"":null,""속성16_발행일"":null,""속성17_크레딧기간"":null,""속성18_업종"":null,""속성19_원문URL"":""https://datafiles.chinhphu.vn/cpp/files/vbpq/2025/9/123-vbhn-vpqh.pdf"",""속성1_레코드명"":""개정 이력 Luật số 03/2022/QH15"",""속성20_지역_원문"":null,""속성21_지역_현행"":null,""속성22_행정코드P_code"":null,""속성23_설명"":null,""속성2_레코드ID"":null,""속성3_값"":""2022-03-01 시행"",""속성4_시점"":""2022"",""속성5_등록표준_출처"":null,""속성6_분류"":null,""속성7_상태"":null,""속성8_사업자_기관"":null,""속성9_방법론"":null}",,,,,,C-012.xlsx,1.2_entity(레코드형),8,
C-012,"PPP 법제도·조달 체계[PPP 법률 유무, PPP 법률 명칭, PPP 전담 기관, 조달 방식(경쟁입찰/협상/비공개), 계약 유형(BOT/BOO/Concession), VfM 평가 의무 여부, PPP 프로젝트 이력]",entity,v124-c-012-entity-00016,C-012_ppp_law_datafiles_chinhphu,VNM,,,,,,,,,개정 이력 Luật số 57/2024/QH15,,,"{""기술코드_근거문구"":""[기후기술코드] 38대 기후기술 분류체계 기준. 관계유형=미부여 · 근거=원천 자체 분류. 해당 지표의 메타 기후기술코드가 「범용」으로, 개별 레코드에 특정 기술이 성립하지 않음. 매핑 결과: 범용(특정 기후기술을 지목하지 않는 배경 데이터, tech_id 공란)."",""기술코드_판단근거_유형"":""미매핑(범용)"",""속성10_건수"":null,""속성11_발행량_tCO2e"":null,""속성12_소각량_tCO2e"":null,""속성13_배분량_tCO2e"":null,""속성14_연간예상감축_tCO2e"":null,""속성15_빈티지_연도"":null,""속성16_발행일"":null,""속성17_크레딧기간"":null,""속성18_업종"":null,""속성19_원문URL"":""https://datafiles.chinhphu.vn/cpp/files/vbpq/2025/9/123-vbhn-vpqh.pdf"",""속성1_레코드명"":""개정 이력 Luật số 57/2024/QH15"",""속성20_지역_원문"":null,""속성21_지역_현행"":null,""속성22_행정코드P_code"":null,""속성23_설명"":null,""속성2_레코드ID"":null,""속성3_값"":""2025-01-15 시행(일부 2025-07-01)"",""속성4_시점"":""2025"",""속성5_등록표준_출처"":null,""속성6_분류"":null,""속성7_상태"":null,""속성8_사업자_기관"":null,""속성9_방법론"":null}",,"PPP 적용분야 전(全) 공공투자분야로 확대(제4조), 최소투자규모 기준 폐지, BT 계약 재도입(제45조 2a항)",,,,C-012.xlsx,1.2_entity(레코드형),11,
C-012,"PPP 법제도·조달 체계[PPP 법률 유무, PPP 법률 명칭, PPP 전담 기관, 조달 방식(경쟁입찰/협상/비공개), 계약 유형(BOT/BOO/Concession), VfM 평가 의무 여부, PPP 프로젝트 이력]",entity,v124-c-012-entity-00017,C-012_ppp_law_datafiles_chinhphu,VNM,,,,,,,,,개정 이력 Luật số 90/2025/QH15,,,"{""기술코드_근거문구"":""[기후기술코드] 38대 기후기술 분류체계 기준. 관계유형=미부여 · 근거=원천 자체 분류. 해당 지표의 메타 기후기술코드가 「범용」으로, 개별 레코드에 특정 기술이 성립하지 않음. 매핑 결과: 범용(특정 기후기술을 지목하지 않는 배경 데이터, tech_id 공란)."",""기술코드_판단근거_유형"":""미매핑(범용)"",""속성10_건수"":null,""속성11_발행량_tCO2e"":null,""속성12_소각량_tCO2e"":null,""속성13_배분량_tCO2e"":null,""속성14_연간예상감축_tCO2e"":null,""속성15_빈티지_연도"":null,""속성16_발행일"":null,""속성17_크레딧기간"":null,""속성18_업종"":null,""속성19_원문URL"":""https://datafiles.chinhphu.vn/cpp/files/vbpq/2025/9/123-vbhn-vpqh.pdf"",""속성1_레코드명"":""개정 이력 Luật số 90/2025/QH15"",""속성20_지역_원문"":null,""속성21_지역_현행"":null,""속성22_행정코드P_code"":null,""속성23_설명"":null,""속성2_레코드ID"":null,""속성3_값"":""2025-06-25 의결·2025-07-01 시행"",""속성4_시점"":""2025"",""속성5_등록표준_출처"":null,""속성6_분류"":null,""속성7_상태"":null,""속성8_사업자_기관"":null,""속성9_방법론"":null}",,투자자 선정방식(제37~40조)·평가기준(제42조)·수익공유(제82조) 등 다수 조항 개정,,,,C-012.xlsx,1.2_entity(레코드형),12,
C-012,"PPP 법제도·조달 체계[PPP 법률 유무, PPP 법률 명칭, PPP 전담 기관, 조달 방식(경쟁입찰/협상/비공개), 계약 유형(BOT/BOO/Concession), VfM 평가 의무 여부, PPP 프로젝트 이력]",entity,v124-c-012-entity-00018,C-012_ppp_law_datafiles_chinhphu,VNM,,,,,,,,,개정 이력 Luật Đường bộ 35/2024/QH15(도로법),,,"{""기술코드_근거문구"":""[기후기술코드] 38대 기후기술 분류체계 기준. 관계유형=미부여 · 근거=원천 자체 분류. 해당 지표의 메타 기후기술코드가 「범용」으로, 개별 레코드에 특정 기술이 성립하지 않음. 매핑 결과: 범용(특정 기후기술을 지목하지 않는 배경 데이터, tech_id 공란)."",""기술코드_판단근거_유형"":""미매핑(범용)"",""속성10_건수"":null,""속성11_발행량_tCO2e"":null,""속성12_소각량_tCO2e"":null,""속성13_배분량_tCO2e"":null,""속성14_연간예상감축_tCO2e"":null,""속성15_빈티지_연도"":null,""속성16_발행일"":null,""속성17_크레딧기간"":null,""속성18_업종"":null,""속성19_원문URL"":""https://datafiles.chinhphu.vn/cpp/files/vbpq/2025/9/123-vbhn-vpqh.pdf"",""속성1_레코드명"":""개정 이력 Luật Đường bộ 35/2024/QH15(도로법)"",""속성20_지역_원문"":null,""속성21_지역_현행"":null,""속성22_행정코드P_code"":null,""속성23_설명"":null,""속성2_레코드ID"":null,""속성3_값"":""2025-01-01 시행"",""속성4_시점"":""2025"",""속성5_등록표준_출처"":null,""속성6_분류"":null,""속성7_상태"":null,""속성8_사업자_기관"":null,""속성9_방법론"":null}",,,,,,C-012.xlsx,1.2_entity(레코드형),10,
C-012,"PPP 법제도·조달 체계[PPP 법률 유무, PPP 법률 명칭, PPP 전담 기관, 조달 방식(경쟁입찰/협상/비공개), 계약 유형(BOT/BOO/Concession), VfM 평가 의무 여부, PPP 프로젝트 이력]",entity,v124-c-012-entity-00019,C-012_ppp_law_datafiles_chinhphu,VNM,,,,,,,,,국가자본 참여 상한(원칙),,,"{""기술코드_근거문구"":""[기후기술코드] 38대 기후기술 분류체계 기준. 관계유형=미부여 · 근거=원천 자체 분류. 해당 지표의 메타 기후기술코드가 「범용」으로, 개별 레코드에 특정 기술이 성립하지 않음. 매핑 결과: 범용(특정 기후기술을 지목하지 않는 배경 데이터, tech_id 공란)."",""기술코드_판단근거_유형"":""미매핑(범용)"",""속성10_건수"":null,""속성11_발행량_tCO2e"":null,""속성12_소각량_tCO2e"":null,""속성13_배분량_tCO2e"":null,""속성14_연간예상감축_tCO2e"":null,""속성15_빈티지_연도"":null,""속성16_발행일"":null,""속성17_크레딧기간"":null,""속성18_업종"":null,""속성19_원문URL"":""https://datafiles.chinhphu.vn/cpp/files/vbpq/2025/9/123-vbhn-vpqh.pdf"",""속성1_레코드명"":""국가자본 참여 상한(원칙)"",""속성20_지역_원문"":null,""속성21_지역_현행"":null,""속성22_행정코드P_code"":null,""속성23_설명"":null,""속성2_레코드ID"":null,""속성3_값"":50,""속성4_시점"":""2025"",""속성5_등록표준_출처"":null,""속성6_분류"":null,""속성7_상태"":null,""속성8_사업자_기관"":null,""속성9_방법론"":null}",,용지보상·이설 등 비용이 사업비의 50% 초과 시 등 특례요건 충족시 70%까지 상향 가능(제69조 2a항),,,,C-012.xlsx,1.2_entity(레코드형),21,
C-012,"PPP 법제도·조달 체계[PPP 법률 유무, PPP 법률 명칭, PPP 전담 기관, 조달 방식(경쟁입찰/협상/비공개), 계약 유형(BOT/BOO/Concession), VfM 평가 의무 여부, PPP 프로젝트 이력]",entity,v124-c-012-entity-00020,C-012_ppp_law_datafiles_chinhphu,VNM,,,,,,,,,국가자본 참여 상한(특례),,,"{""기술코드_근거문구"":""[기후기술코드] 38대 기후기술 분류체계 기준. 관계유형=미부여 · 근거=원천 자체 분류. 해당 지표의 메타 기후기술코드가 「범용」으로, 개별 레코드에 특정 기술이 성립하지 않음. 매핑 결과: 범용(특정 기후기술을 지목하지 않는 배경 데이터, tech_id 공란)."",""기술코드_판단근거_유형"":""미매핑(범용)"",""속성10_건수"":null,""속성11_발행량_tCO2e"":null,""속성12_소각량_tCO2e"":null,""속성13_배분량_tCO2e"":null,""속성14_연간예상감축_tCO2e"":null,""속성15_빈티지_연도"":null,""속성16_발행일"":null,""속성17_크레딧기간"":null,""속성18_업종"":null,""속성19_원문URL"":""https://datafiles.chinhphu.vn/cpp/files/vbpq/2025/9/123-vbhn-vpqh.pdf"",""속성1_레코드명"":""국가자본 참여 상한(특례)"",""속성20_지역_원문"":null,""속성21_지역_현행"":null,""속성22_행정코드P_code"":null,""속성23_설명"":null,""속성2_레코드ID"":null,""속성3_값"":70,""속성4_시점"":""2025"",""속성5_등록표준_출처"":null,""속성6_분류"":null,""속성7_상태"":null,""속성8_사업자_기관"":null,""속성9_방법론"":null}",,요건: ①용지보상 등 비용이 사업비 50% 초과 ②경제·사회적으로 어려운/특히 어려운 지역 사업 등,,,,C-012.xlsx,1.2_entity(레코드형),22,
C-012,"PPP 법제도·조달 체계[PPP 법률 유무, PPP 법률 명칭, PPP 전담 기관, 조달 방식(경쟁입찰/협상/비공개), 계약 유형(BOT/BOO/Concession), VfM 평가 의무 여부, PPP 프로젝트 이력]",entity,v124-c-012-entity-00021,C-012_ppp_law_datafiles_chinhphu,VNM,,,,,,,,,국내투자자 관련 분쟁,,,"{""기술코드_근거문구"":""[기후기술코드] 38대 기후기술 분류체계 기준. 관계유형=미부여 · 근거=원천 자체 분류. 해당 지표의 메타 기후기술코드가 「범용」으로, 개별 레코드에 특정 기술이 성립하지 않음. 매핑 결과: 범용(특정 기후기술을 지목하지 않는 배경 데이터, tech_id 공란)."",""기술코드_판단근거_유형"":""미매핑(범용)"",""속성10_건수"":null,""속성11_발행량_tCO2e"":null,""속성12_소각량_tCO2e"":null,""속성13_배분량_tCO2e"":null,""속성14_연간예상감축_tCO2e"":null,""속성15_빈티지_연도"":null,""속성16_발행일"":null,""속성17_크레딧기간"":null,""속성18_업종"":null,""속성19_원문URL"":""https://datafiles.chinhphu.vn/cpp/files/vbpq/2025/9/123-vbhn-vpqh.pdf"",""속성1_레코드명"":""국내투자자 관련 분쟁"",""속성20_지역_원문"":null,""속성21_지역_현행"":null,""속성22_행정코드P_code"":null,""속성23_설명"":null,""속성2_레코드ID"":null,""속성3_값"":""베트남 중재 또는 베트남 법원"",""속성4_시점"":""2025"",""속성5_등록표준_출처"":null,""속성6_분류"":null,""속성7_상태"":null,""속성8_사업자_기관"":null,""속성9_방법론"":null}",,,,,,C-012.xlsx,1.2_entity(레코드형),25,
C-012,"PPP 법제도·조달 체계[PPP 법률 유무, PPP 법률 명칭, PPP 전담 기관, 조달 방식(경쟁입찰/협상/비공개), 계약 유형(BOT/BOO/Concession), VfM 평가 의무 여부, PPP 프로젝트 이력]",entity,v124-c-012-entity-00022,C-012_ppp_law_datafiles_chinhphu,VNM,,,,,,,,,명칭 시행일,,,"{""기술코드_근거문구"":""[기후기술코드] 38대 기후기술 분류체계 기준. 관계유형=미부여 · 근거=원천 자체 분류. 해당 지표의 메타 기후기술코드가 「범용」으로, 개별 레코드에 특정 기술이 성립하지 않음. 매핑 결과: 범용(특정 기후기술을 지목하지 않는 배경 데이터, tech_id 공란)."",""기술코드_판단근거_유형"":""미매핑(범용)"",""속성10_건수"":null,""속성11_발행량_tCO2e"":null,""속성12_소각량_tCO2e"":null,""속성13_배분량_tCO2e"":null,""속성14_연간예상감축_tCO2e"":null,""속성15_빈티지_연도"":null,""속성16_발행일"":null,""속성17_크레딧기간"":null,""속성18_업종"":null,""속성19_원문URL"":""https://datafiles.chinhphu.vn/cpp/files/vbpq/2025/9/123-vbhn-vpqh.pdf"",""속성1_레코드명"":""명칭 시행일"",""속성20_지역_원문"":null,""속성21_지역_현행"":null,""속성22_행정코드P_code"":null,""속성23_설명"":null,""속성2_레코드ID"":null,""속성3_값"":""2021-01-01"",""속성4_시점"":""2021"",""속성5_등록표준_출처"":null,""속성6_분류"":null,""속성7_상태"":null,""속성8_사업자_기관"":null,""속성9_방법론"":null}",,"단, 제101조 제6항 관련 경과규정은 별도 시행일 적용",,,,C-012.xlsx,1.2_entity(레코드형),5,
C-012,"PPP 법제도·조달 체계[PPP 법률 유무, PPP 법률 명칭, PPP 전담 기관, 조달 방식(경쟁입찰/협상/비공개), 계약 유형(BOT/BOO/Concession), VfM 평가 의무 여부, PPP 프로젝트 이력]",entity,v124-c-012-entity-00023,C-012_ppp_law_datafiles_chinhphu,VNM,,,,,,,,,명칭 현행 통합본,,,"{""기술코드_근거문구"":""[기후기술코드] 38대 기후기술 분류체계 기준. 관계유형=미부여 · 근거=원천 자체 분류. 해당 지표의 메타 기후기술코드가 「범용」으로, 개별 레코드에 특정 기술이 성립하지 않음. 매핑 결과: 범용(특정 기후기술을 지목하지 않는 배경 데이터, tech_id 공란)."",""기술코드_판단근거_유형"":""미매핑(범용)"",""속성10_건수"":null,""속성11_발행량_tCO2e"":null,""속성12_소각량_tCO2e"":null,""속성13_배분량_tCO2e"":null,""속성14_연간예상감축_tCO2e"":null,""속성15_빈티지_연도"":null,""속성16_발행일"":null,""속성17_크레딧기간"":null,""속성18_업종"":null,""속성19_원문URL"":""https://datafiles.chinhphu.vn/cpp/files/vbpq/2025/9/123-vbhn-vpqh.pdf"",""속성1_레코드명"":""명칭 현행 통합본"",""속성20_지역_원문"":null,""속성21_지역_현행"":null,""속성22_행정코드P_code"":null,""속성23_설명"":null,""속성2_레코드ID"":null,""속성3_값"":""123/VBHN-VPQH"",""속성4_시점"":""2025"",""속성5_등록표준_출처"":null,""속성6_분류"":null,""속성7_상태"":null,""속성8_사업자_기관"":null,""속성9_방법론"":null}",,"개정 5건 반영. datafiles.chinhphu.vn 게시, 국회사무처(Văn phòng Quốc hội) 발행. 본 정리표의 1차 원문 근거(72p)",,,,C-012.xlsx,1.2_entity(레코드형),6,
C-012,"PPP 법제도·조달 체계[PPP 법률 유무, PPP 법률 명칭, PPP 전담 기관, 조달 방식(경쟁입찰/협상/비공개), 계약 유형(BOT/BOO/Concession), VfM 평가 의무 여부, PPP 프로젝트 이력]",entity,v124-c-012-entity-00024,C-012_ppp_law_datafiles_chinhphu,VNM,,,,,,,,,부족수익 국가보전,,,"{""기술코드_근거문구"":""[기후기술코드] 38대 기후기술 분류체계 기준. 관계유형=미부여 · 근거=원천 자체 분류. 해당 지표의 메타 기후기술코드가 「범용」으로, 개별 레코드에 특정 기술이 성립하지 않음. 매핑 결과: 범용(특정 기후기술을 지목하지 않는 배경 데이터, tech_id 공란)."",""기술코드_판단근거_유형"":""미매핑(범용)"",""속성10_건수"":null,""속성11_발행량_tCO2e"":null,""속성12_소각량_tCO2e"":null,""속성13_배분량_tCO2e"":null,""속성14_연간예상감축_tCO2e"":null,""속성15_빈티지_연도"":null,""속성16_발행일"":null,""속성17_크레딧기간"":null,""속성18_업종"":null,""속성19_원문URL"":""https://datafiles.chinhphu.vn/cpp/files/vbpq/2025/9/123-vbhn-vpqh.pdf"",""속성1_레코드명"":""부족수익 국가보전"",""속성20_지역_원문"":null,""속성21_지역_현행"":null,""속성22_행정코드P_code"":null,""속성23_설명"":null,""속성2_레코드ID"":null,""속성3_값"":""50:50 분담"",""속성4_시점"":""2025"",""속성5_등록표준_출처"":null,""속성6_분류"":null,""속성7_상태"":null,""속성8_사업자_기관"":null,""속성9_방법론"":null}",,"적용요건: BOT·BTO·BOO 계약, 정책·법령변경으로 수익감소, 최고요금 조정·계약기간 50년까지 연장 등 재무계획 조정 선행",,,,C-012.xlsx,1.2_entity(레코드형),24,
C-012,"PPP 법제도·조달 체계[PPP 법률 유무, PPP 법률 명칭, PPP 전담 기관, 조달 방식(경쟁입찰/협상/비공개), 계약 유형(BOT/BOO/Concession), VfM 평가 의무 여부, PPP 프로젝트 이력]",entity,v124-c-012-entity-00025,C-012_ppp_law_datafiles_chinhphu,VNM,,,,,,,,,외국인 당사자 간 분쟁,,,"{""기술코드_근거문구"":""[기후기술코드] 38대 기후기술 분류체계 기준. 관계유형=미부여 · 근거=원천 자체 분류. 해당 지표의 메타 기후기술코드가 「범용」으로, 개별 레코드에 특정 기술이 성립하지 않음. 매핑 결과: 범용(특정 기후기술을 지목하지 않는 배경 데이터, tech_id 공란)."",""기술코드_판단근거_유형"":""미매핑(범용)"",""속성10_건수"":null,""속성11_발행량_tCO2e"":null,""속성12_소각량_tCO2e"":null,""속성13_배분량_tCO2e"":null,""속성14_연간예상감축_tCO2e"":null,""속성15_빈티지_연도"":null,""속성16_발행일"":null,""속성17_크레딧기간"":null,""속성18_업종"":null,""속성19_원문URL"":""https://datafiles.chinhphu.vn/cpp/files/vbpq/2025/9/123-vbhn-vpqh.pdf"",""속성1_레코드명"":""외국인 당사자 간 분쟁"",""속성20_지역_원문"":null,""속성21_지역_현행"":null,""속성22_행정코드P_code"":null,""속성23_설명"":null,""속성2_레코드ID"":null,""속성3_값"":""5개 관할 중 선택"",""속성4_시점"":""2025"",""속성5_등록표준_출처"":null,""속성6_분류"":null,""속성7_상태"":null,""속성8_사업자_기관"":null,""속성9_방법론"":null}",,①베트남 중재 ②베트남 법원 ③외국 중재 ④국제 중재 ⑤분쟁당사자 합의로 설립하는 중재 — 제5항: 중재판정은 상사분쟁으로 취급,,,,C-012.xlsx,1.2_entity(레코드형),27,
C-012,"PPP 법제도·조달 체계[PPP 법률 유무, PPP 법률 명칭, PPP 전담 기관, 조달 방식(경쟁입찰/협상/비공개), 계약 유형(BOT/BOO/Concession), VfM 평가 의무 여부, PPP 프로젝트 이력]",entity,v124-c-012-entity-00026,C-012_ppp_law_datafiles_chinhphu,VNM,,,,,,,,,외국인투자자-당국 분쟁,,,"{""기술코드_근거문구"":""[기후기술코드] 38대 기후기술 분류체계 기준. 관계유형=미부여 · 근거=원천 자체 분류. 해당 지표의 메타 기후기술코드가 「범용」으로, 개별 레코드에 특정 기술이 성립하지 않음. 매핑 결과: 범용(특정 기후기술을 지목하지 않는 배경 데이터, tech_id 공란)."",""기술코드_판단근거_유형"":""미매핑(범용)"",""속성10_건수"":null,""속성11_발행량_tCO2e"":null,""속성12_소각량_tCO2e"":null,""속성13_배분량_tCO2e"":null,""속성14_연간예상감축_tCO2e"":null,""속성15_빈티지_연도"":null,""속성16_발행일"":null,""속성17_크레딧기간"":null,""속성18_업종"":null,""속성19_원문URL"":""https://datafiles.chinhphu.vn/cpp/files/vbpq/2025/9/123-vbhn-vpqh.pdf"",""속성1_레코드명"":""외국인투자자-당국 분쟁"",""속성20_지역_원문"":null,""속성21_지역_현행"":null,""속성22_행정코드P_code"":null,""속성23_설명"":null,""속성2_레코드ID"":null,""속성3_값"":""베트남 중재 또는 베트남 법원(원칙)"",""속성4_시점"":""2025"",""속성5_등록표준_출처"":null,""속성6_분류"":null,""속성7_상태"":null,""속성8_사업자_기관"":null,""속성9_방법론"":null}",,계약상 별도 합의 또는 베트남이 가입한 국제조약에 다른 규정이 있는 경우는 예외,,,,C-012.xlsx,1.2_entity(레코드형),26,
C-012,"PPP 법제도·조달 체계[PPP 법률 유무, PPP 법률 명칭, PPP 전담 기관, 조달 방식(경쟁입찰/협상/비공개), 계약 유형(BOT/BOO/Concession), VfM 평가 의무 여부, PPP 프로젝트 이력]",entity,v124-c-012-entity-00027,C-012_ppp_law_datafiles_chinhphu,VNM,,,,,,,,,초과수익 국가공유,,,"{""기술코드_근거문구"":""[기후기술코드] 38대 기후기술 분류체계 기준. 관계유형=미부여 · 근거=원천 자체 분류. 해당 지표의 메타 기후기술코드가 「범용」으로, 개별 레코드에 특정 기술이 성립하지 않음. 매핑 결과: 범용(특정 기후기술을 지목하지 않는 배경 데이터, tech_id 공란)."",""기술코드_판단근거_유형"":""미매핑(범용)"",""속성10_건수"":null,""속성11_발행량_tCO2e"":null,""속성12_소각량_tCO2e"":null,""속성13_배분량_tCO2e"":null,""속성14_연간예상감축_tCO2e"":null,""속성15_빈티지_연도"":null,""속성16_발행일"":null,""속성17_크레딧기간"":null,""속성18_업종"":null,""속성19_원문URL"":""https://datafiles.chinhphu.vn/cpp/files/vbpq/2025/9/123-vbhn-vpqh.pdf"",""속성1_레코드명"":""초과수익 국가공유"",""속성20_지역_원문"":null,""속성21_지역_현행"":null,""속성22_행정코드P_code"":null,""속성23_설명"":null,""속성2_레코드ID"":null,""속성3_값"":""50:50 공유"",""속성4_시점"":""2025"",""속성5_등록표준_출처"":null,""속성6_분류"":null,""속성7_상태"":null,""속성8_사업자_기관"":null,""속성9_방법론"":null}",,"BOT·BTO·BOO 등에 적용, 국가감사원(Kiểm toán nhà nước)이 초과수익분 감사. 요금조정·계약기간조정(제50·51·65조) 선행 후 적용",,,,C-012.xlsx,1.2_entity(레코드형),23,
C-012,"PPP 법제도·조달 체계[PPP 법률 유무, PPP 법률 명칭, PPP 전담 기관, 조달 방식(경쟁입찰/협상/비공개), 계약 유형(BOT/BOO/Concession), VfM 평가 의무 여부, PPP 프로젝트 이력]",entity,v124-c-012-entity-00028,C-012_ppp_law_datafiles_chinhphu,VNM,,,,,,,,,최소 자기자본 비율,,,"{""기술코드_근거문구"":""[기후기술코드] 38대 기후기술 분류체계 기준. 관계유형=미부여 · 근거=원천 자체 분류. 해당 지표의 메타 기후기술코드가 「범용」으로, 개별 레코드에 특정 기술이 성립하지 않음. 매핑 결과: 범용(특정 기후기술을 지목하지 않는 배경 데이터, tech_id 공란)."",""기술코드_판단근거_유형"":""미매핑(범용)"",""속성10_건수"":null,""속성11_발행량_tCO2e"":null,""속성12_소각량_tCO2e"":null,""속성13_배분량_tCO2e"":null,""속성14_연간예상감축_tCO2e"":null,""속성15_빈티지_연도"":null,""속성16_발행일"":null,""속성17_크레딧기간"":null,""속성18_업종"":null,""속성19_원문URL"":""https://datafiles.chinhphu.vn/cpp/files/vbpq/2025/9/123-vbhn-vpqh.pdf"",""속성1_레코드명"":""최소 자기자본 비율"",""속성20_지역_원문"":null,""속성21_지역_현행"":null,""속성22_행정코드P_code"":null,""속성23_설명"":null,""속성2_레코드ID"":null,""속성3_값"":15,""속성4_시점"":""2025"",""속성5_등록표준_출처"":null,""속성6_분류"":null,""속성7_상태"":null,""속성8_사업자_기관"":null,""속성9_방법론"":null}",,국가자본(제70조·제72조)은 산정기준에서 제외한 총사업비 기준. 출자는 PPP사업계약에 합의된 일정에 따름(제77조2항),,,,C-012.xlsx,1.2_entity(레코드형),20,
C-012,"PPP 법제도·조달 체계[PPP 법률 유무, PPP 법률 명칭, PPP 전담 기관, 조달 방식(경쟁입찰/협상/비공개), 계약 유형(BOT/BOO/Concession), VfM 평가 의무 여부, PPP 프로젝트 이력]",entity,v124-c-012-entity-00029,C-012_ppp_law_datafiles_chinhphu,VNM,,,,,,,,,컨소시엄 자기자본 조달능력,,,"{""기술코드_근거문구"":""[기후기술코드] 38대 기후기술 분류체계 기준. 관계유형=미부여 · 근거=원천 자체 분류. 해당 지표의 메타 기후기술코드가 「범용」으로, 개별 레코드에 특정 기술이 성립하지 않음. 매핑 결과: 범용(특정 기후기술을 지목하지 않는 배경 데이터, tech_id 공란)."",""기술코드_판단근거_유형"":""미매핑(범용)"",""속성10_건수"":null,""속성11_발행량_tCO2e"":null,""속성12_소각량_tCO2e"":null,""속성13_배분량_tCO2e"":null,""속성14_연간예상감축_tCO2e"":null,""속성15_빈티지_연도"":null,""속성16_발행일"":null,""속성17_크레딧기간"":null,""속성18_업종"":null,""속성19_원문URL"":""https://datafiles.chinhphu.vn/cpp/files/vbpq/2025/9/123-vbhn-vpqh.pdf"",""속성1_레코드명"":""컨소시엄 자기자본 조달능력"",""속성20_지역_원문"":null,""속성21_지역_현행"":null,""속성22_행정코드P_code"":null,""속성23_설명"":null,""속성2_레코드ID"":null,""속성3_값"":""대표사 30%·구성사 15%"",""속성4_시점"":""2025"",""속성5_등록표준_출처"":null,""속성6_분류"":null,""속성7_상태"":null,""속성8_사업자_기관"":null,""속성9_방법론"":null}",,입찰서류 심사(Pass/Fail)용 자기자본 조달능력 평가기준 — 제77조 자기자본 출자의무 비율과는 별개 조항,,,,C-012.xlsx,1.2_entity(레코드형),19,
C-012,"PPP 법제도·조달 체계[PPP 법률 유무, PPP 법률 명칭, PPP 전담 기관, 조달 방식(경쟁입찰/협상/비공개), 계약 유형(BOT/BOO/Concession), VfM 평가 의무 여부, PPP 프로젝트 이력]",entity,v124-c-012-entity-00030,C-012_ppp_law_datafiles_chinhphu,VNM,,,,,,,,,통합본 123/VBHN-VPQH(2025),,,"{""기술코드_근거문구"":""[기후기술코드] 38대 기후기술 분류체계 기준. 관계유형=미부여 · 근거=원천 자체 분류. 해당 지표의 메타 기후기술코드가 「범용」으로, 개별 레코드에 특정 기술이 성립하지 않음. 매핑 결과: 범용(특정 기후기술을 지목하지 않는 배경 데이터, tech_id 공란)."",""기술코드_판단근거_유형"":""미매핑(범용)"",""속성10_건수"":null,""속성11_발행량_tCO2e"":null,""속성12_소각량_tCO2e"":null,""속성13_배분량_tCO2e"":null,""속성14_연간예상감축_tCO2e"":null,""속성15_빈티지_연도"":null,""속성16_발행일"":null,""속성17_크레딧기간"":null,""속성18_업종"":null,""속성19_원문URL"":""https://datafiles.chinhphu.vn/cpp/files/vbpq/2025/9/123-vbhn-vpqh.pdf"",""속성1_레코드명"":""통합본 123/VBHN-VPQH(2025)"",""속성20_지역_원문"":null,""속성21_지역_현행"":null,""속성22_행정코드P_code"":null,""속성23_설명"":null,""속성2_레코드ID"":null,""속성3_값"":""datafiles.chinhphu.vn(통합본)"",""속성4_시점"":null,""속성5_등록표준_출처"":null,""속성6_분류"":null,""속성7_상태"":null,""속성8_사업자_기관"":null,""속성9_방법론"":null}",,"72p, 개정 5건 반영. 본 정리표의 1차 원문 근거",,,,C-012.xlsx,1.2_entity(레코드형),31,
C-012,"PPP 법제도·조달 체계[PPP 법률 유무, PPP 법률 명칭, PPP 전담 기관, 조달 방식(경쟁입찰/협상/비공개), 계약 유형(BOT/BOO/Concession), VfM 평가 의무 여부, PPP 프로젝트 이력]",entity,v124-c-012-entity-00031,C-012_ppp_law_datafiles_chinhphu,VNM,,,,,,,,,투자보장 세제 토지사용료 인센티브(제79조),,,"{""기술코드_근거문구"":""[기후기술코드] 38대 기후기술 분류체계 기준. 관계유형=미부여 · 근거=원천 자체 분류. 해당 지표의 메타 기후기술코드가 「범용」으로, 개별 레코드에 특정 기술이 성립하지 않음. 매핑 결과: 범용(특정 기후기술을 지목하지 않는 배경 데이터, tech_id 공란)."",""기술코드_판단근거_유형"":""미매핑(범용)"",""속성10_건수"":null,""속성11_발행량_tCO2e"":null,""속성12_소각량_tCO2e"":null,""속성13_배분량_tCO2e"":null,""속성14_연간예상감축_tCO2e"":null,""속성15_빈티지_연도"":null,""속성16_발행일"":null,""속성17_크레딧기간"":null,""속성18_업종"":null,""속성19_원문URL"":""https://datafiles.chinhphu.vn/cpp/files/vbpq/2025/9/123-vbhn-vpqh.pdf"",""속성1_레코드명"":""투자보장 세제 토지사용료 인센티브(제79조)"",""속성20_지역_원문"":null,""속성21_지역_현행"":null,""속성22_행정코드P_code"":null,""속성23_설명"":null,""속성2_레코드ID"":null,""속성3_값"":null,""속성4_시점"":""2025"",""속성5_등록표준_출처"":null,""속성6_분류"":null,""속성7_상태"":null,""속성8_사업자_기관"":null,""속성9_방법론"":null}",M01,[M01·원자료 결측] PPP법 자체는 우대 '적용 근거'만 규정하고 구체 세율·감면폭은 세법·토지법 등 개별법령에 위임 — 구체 수치는 C.3.b(외국인 투자 규정) 참조,,,,C-012.xlsx,1.2_entity(레코드형),28,
C-012,"PPP 법제도·조달 체계[PPP 법률 유무, PPP 법률 명칭, PPP 전담 기관, 조달 방식(경쟁입찰/협상/비공개), 계약 유형(BOT/BOO/Concession), VfM 평가 의무 여부, PPP 프로젝트 이력]",entity,v124-c-012-entity-00032,C-012_ppp_law_datafiles_chinhphu,VNM,,,,,,,,,투자보장 토지접근권 공공서비스 제공 보장(제80조),,,"{""기술코드_근거문구"":""[기후기술코드] 38대 기후기술 분류체계 기준. 관계유형=미부여 · 근거=원천 자체 분류. 해당 지표의 메타 기후기술코드가 「범용」으로, 개별 레코드에 특정 기술이 성립하지 않음. 매핑 결과: 범용(특정 기후기술을 지목하지 않는 배경 데이터, tech_id 공란)."",""기술코드_판단근거_유형"":""미매핑(범용)"",""속성10_건수"":null,""속성11_발행량_tCO2e"":null,""속성12_소각량_tCO2e"":null,""속성13_배분량_tCO2e"":null,""속성14_연간예상감축_tCO2e"":null,""속성15_빈티지_연도"":null,""속성16_발행일"":null,""속성17_크레딧기간"":null,""속성18_업종"":null,""속성19_원문URL"":""https://datafiles.chinhphu.vn/cpp/files/vbpq/2025/9/123-vbhn-vpqh.pdf"",""속성1_레코드명"":""투자보장 토지접근권 공공서비스 제공 보장(제80조)"",""속성20_지역_원문"":null,""속성21_지역_현행"":null,""속성22_행정코드P_code"":null,""속성23_설명"":null,""속성2_레코드ID"":null,""속성3_값"":""제80조 참조"",""속성4_시점"":""2025"",""속성5_등록표준_출처"":null,""속성6_분류"":null,""속성7_상태"":null,""속성8_사업자_기관"":null,""속성9_방법론"":null}",,"②토지사용목적은 계약기간 전체(대주 권리행사 포함) 불변경 보장 ③공공시설·부속시설 이용 보장, 서비스 부족시 조치 등",,,,C-012.xlsx,1.2_entity(레코드형),29,
C-012,"PPP 법제도·조달 체계[PPP 법률 유무, PPP 법률 명칭, PPP 전담 기관, 조달 방식(경쟁입찰/협상/비공개), 계약 유형(BOT/BOO/Concession), VfM 평가 의무 여부, PPP 프로젝트 이력]",entity,v124-c-012-entity-00033,C-012_ppp_law_datafiles_chinhphu,VNM,,,,,,,,,투자정책결정 권한별 분류(제4조 제2항),,,"{""기술코드_근거문구"":""[기후기술코드] 38대 기후기술 분류체계 기준. 관계유형=미부여 · 근거=원천 자체 분류. 해당 지표의 메타 기후기술코드가 「범용」으로, 개별 레코드에 특정 기술이 성립하지 않음. 매핑 결과: 범용(특정 기후기술을 지목하지 않는 배경 데이터, tech_id 공란)."",""기술코드_판단근거_유형"":""미매핑(범용)"",""속성10_건수"":null,""속성11_발행량_tCO2e"":null,""속성12_소각량_tCO2e"":null,""속성13_배분량_tCO2e"":null,""속성14_연간예상감축_tCO2e"":null,""속성15_빈티지_연도"":null,""속성16_발행일"":null,""속성17_크레딧기간"":null,""속성18_업종"":null,""속성19_원문URL"":""https://datafiles.chinhphu.vn/cpp/files/vbpq/2025/9/123-vbhn-vpqh.pdf"",""속성1_레코드명"":""투자정책결정 권한별 분류(제4조 제2항)"",""속성20_지역_원문"":null,""속성21_지역_현행"":null,""속성22_행정코드P_code"":null,""속성23_설명"":null,""속성2_레코드ID"":null,""속성3_값"":5,""속성4_시점"":""2025"",""속성5_등록표준_출처"":null,""속성6_분류"":null,""속성7_상태"":null,""속성8_사업자_기관"":null,""속성9_방법론"":null}",,㉮국회 ㉯총리 ㉰장관·중앙기관장(제5조1항 대상) ㉱성인민의회 ㉲성인민위원회 — 단계별 세부 승인절차·소요기간은 원문 미제시(확인 필요),,,,C-012.xlsx,1.2_entity(레코드형),18,
C-012,"PPP 법제도·조달 체계[PPP 법률 유무, PPP 법률 명칭, PPP 전담 기관, 조달 방식(경쟁입찰/협상/비공개), 계약 유형(BOT/BOO/Concession), VfM 평가 의무 여부, PPP 프로젝트 이력]",entity,v124-c-012-entity-00034,C-012_ppp_law_datafiles_chinhphu,VNM,,,,,,,,,폐지 여부,,,"{""기술코드_근거문구"":""[기후기술코드] 38대 기후기술 분류체계 기준. 관계유형=미부여 · 근거=원천 자체 분류. 해당 지표의 메타 기후기술코드가 「범용」으로, 개별 레코드에 특정 기술이 성립하지 않음. 매핑 결과: 범용(특정 기후기술을 지목하지 않는 배경 데이터, tech_id 공란)."",""기술코드_판단근거_유형"":""미매핑(범용)"",""속성10_건수"":null,""속성11_발행량_tCO2e"":null,""속성12_소각량_tCO2e"":null,""속성13_배분량_tCO2e"":null,""속성14_연간예상감축_tCO2e"":null,""속성15_빈티지_연도"":null,""속성16_발행일"":null,""속성17_크레딧기간"":null,""속성18_업종"":null,""속성19_원문URL"":""https://datafiles.chinhphu.vn/cpp/files/vbpq/2025/9/123-vbhn-vpqh.pdf"",""속성1_레코드명"":""폐지 여부"",""속성20_지역_원문"":null,""속성21_지역_현행"":null,""속성22_행정코드P_code"":null,""속성23_설명"":null,""속성2_레코드ID"":null,""속성3_값"":null,""속성4_시점"":""2025"",""속성5_등록표준_출처"":null,""속성6_분류"":null,""속성7_상태"":null,""속성8_사업자_기관"":null,""속성9_방법론"":null}",M03,"[M03·구조적 부존] 현행 통합본 123/VBHN-VPQH 전문에 최소투자규모 조항이 존재하지 않음(본문 내 「tỷ đồng」 표현 0회). 舊 Luật 64/2020/QH14 제4조 제2항 원문 기준으로 폐지 전 기준은 ①제1항 a·b·c·đ목 분야 2,000억 VND(200 tỷ đồng), 취약지역·특별취약지역은 1,000억 VND(100 tỷ đồng) ②제1항 d목(보건·교육) 분야 1,000억 VND ③O&M 계약 유형에는 미적용이었음. 통합본 각주 [9]에 따라 제4조 전체가 Luật 57/2024/QH15 제3조 제2항으로 개정되면서 삭제됨.",,,,C-012.xlsx,1.2_entity(레코드형),17,
C-012,"PPP 법제도·조달 체계[PPP 법률 유무, PPP 법률 명칭, PPP 전담 기관, 조달 방식(경쟁입찰/협상/비공개), 계약 유형(BOT/BOO/Concession), VfM 평가 의무 여부, PPP 프로젝트 이력]",entity,v124-c-012-entity-00035,C-012_ppp_law_datafiles_chinhphu,VNM,,,,,,,,,개정 이력 Nghị định 243/2025/NĐ-CP,,,"{""기술코드_근거문구"":""[기후기술코드] 38대 기후기술 분류체계 기준. 관계유형=미부여 · 근거=원천 자체 분류. 해당 지표의 메타 기후기술코드가 「범용」으로, 개별 레코드에 특정 기술이 성립하지 않음. 매핑 결과: 범용(특정 기후기술을 지목하지 않는 배경 데이터, tech_id 공란)."",""기술코드_판단근거_유형"":""미매핑(범용)"",""속성10_건수"":null,""속성11_발행량_tCO2e"":null,""속성12_소각량_tCO2e"":null,""속성13_배분량_tCO2e"":null,""속성14_연간예상감축_tCO2e"":null,""속성15_빈티지_연도"":null,""속성16_발행일"":null,""속성17_크레딧기간"":null,""속성18_업종"":null,""속성19_원문URL"":""https://vanban.chinhphu.vn/?docid=215319&pageid=27160"",""속성1_레코드명"":""개정 이력 Nghị định 243/2025/NĐ-CP"",""속성20_지역_원문"":null,""속성21_지역_현행"":null,""속성22_행정코드P_code"":null,""속성23_설명"":null,""속성2_레코드ID"":null,""속성3_값"":""2025-09-11 공포·시행"",""속성4_시점"":""2025"",""속성5_등록표준_출처"":null,""속성6_분류"":null,""속성7_상태"":null,""속성8_사업자_기관"":null,""속성9_방법론"":null}",,서명 Trần Hồng Hà. 71/2025 및 125/2025 제8조를 대체. PPP 사업 전(全) 생애주기를 포괄하는 통합 시행령. ※35/2021·28/2021의 폐지 시점은 부칙 원문 미확인 — 확인 필요,,,,C-012.xlsx,1.2_entity(레코드형),15,
C-012,"PPP 법제도·조달 체계[PPP 법률 유무, PPP 법률 명칭, PPP 전담 기관, 조달 방식(경쟁입찰/협상/비공개), 계약 유형(BOT/BOO/Concession), VfM 평가 의무 여부, PPP 프로젝트 이력]",entity,v124-c-012-entity-00036,C-012_ppp_law_datafiles_chinhphu,VNM,,,,,,,,,명칭 시행령,,,"{""기술코드_근거문구"":""[기후기술코드] 38대 기후기술 분류체계 기준. 관계유형=미부여 · 근거=원천 자체 분류. 해당 지표의 메타 기후기술코드가 「범용」으로, 개별 레코드에 특정 기술이 성립하지 않음. 매핑 결과: 범용(특정 기후기술을 지목하지 않는 배경 데이터, tech_id 공란)."",""기술코드_판단근거_유형"":""미매핑(범용)"",""속성10_건수"":null,""속성11_발행량_tCO2e"":null,""속성12_소각량_tCO2e"":null,""속성13_배분량_tCO2e"":null,""속성14_연간예상감축_tCO2e"":null,""속성15_빈티지_연도"":null,""속성16_발행일"":null,""속성17_크레딧기간"":null,""속성18_업종"":null,""속성19_원문URL"":""https://vanban.chinhphu.vn/?docid=215319&pageid=27160"",""속성1_레코드명"":""명칭 시행령"",""속성20_지역_원문"":null,""속성21_지역_현행"":null,""속성22_행정코드P_code"":null,""속성23_설명"":null,""속성2_레코드ID"":null,""속성3_값"":""243/2025/NĐ-CP"",""속성4_시점"":""2025"",""속성5_등록표준_출처"":null,""속성6_분류"":null,""속성7_상태"":null,""속성8_사업자_기관"":null,""속성9_방법론"":null}",,"PPP법 시행 세부규정(현행). 재검증: 공포·시행 2025-09-11, 서명 Trần Hồng Hà, 발령 Chính phủ 확인(종전 '원문 미확보' 해소). 71/2025 및 125/2025 제8조 대체. 원문 PDF는 raw 미보유로 조문 단위 인용은 확인 필요",,,,C-012.xlsx,1.2_entity(레코드형),7,
C-012,"PPP 법제도·조달 체계[PPP 법률 유무, PPP 법률 명칭, PPP 전담 기관, 조달 방식(경쟁입찰/협상/비공개), 계약 유형(BOT/BOO/Concession), VfM 평가 의무 여부, PPP 프로젝트 이력]",entity,v124-c-012-entity-00037,C-012_ppp_law_datafiles_chinhphu,VNM,,,,,,,,,개정 이력 Nghị định 28/2021/NĐ-CP,,,"{""기술코드_근거문구"":""[기후기술코드] 38대 기후기술 분류체계 기준. 관계유형=미부여 · 근거=원천 자체 분류. 해당 지표의 메타 기후기술코드가 「범용」으로, 개별 레코드에 특정 기술이 성립하지 않음. 매핑 결과: 범용(특정 기후기술을 지목하지 않는 배경 데이터, tech_id 공란)."",""기술코드_판단근거_유형"":""미매핑(범용)"",""속성10_건수"":null,""속성11_발행량_tCO2e"":null,""속성12_소각량_tCO2e"":null,""속성13_배분량_tCO2e"":null,""속성14_연간예상감축_tCO2e"":null,""속성15_빈티지_연도"":null,""속성16_발행일"":null,""속성17_크레딧기간"":null,""속성18_업종"":null,""속성19_원문URL"":""https://vanban.chinhphu.vn/?pageid=27160&docid=202929"",""속성1_레코드명"":""개정 이력 Nghị định 28/2021/NĐ-CP"",""속성20_지역_원문"":null,""속성21_지역_현행"":null,""속성22_행정코드P_code"":null,""속성23_설명"":null,""속성2_레코드ID"":null,""속성3_값"":""2021-03-26 공포"",""속성4_시점"":""2021"",""속성5_등록표준_출처"":null,""속성6_분류"":null,""속성7_상태"":null,""속성8_사업자_기관"":null,""속성9_방법론"":null}",,지정 출처 페이지에 수록. 후속 시행령과의 폐지 관계는 확인 필요,,,,C-012.xlsx,1.2_entity(레코드형),14,
C-012,"PPP 법제도·조달 체계[PPP 법률 유무, PPP 법률 명칭, PPP 전담 기관, 조달 방식(경쟁입찰/협상/비공개), 계약 유형(BOT/BOO/Concession), VfM 평가 의무 여부, PPP 프로젝트 이력]",entity,v124-c-012-entity-00038,C-012_ppp_law_datafiles_chinhphu,VNM,,,,,,,,,개정 이력 Nghị định 35/2021/NĐ-CP,,,"{""기술코드_근거문구"":""[기후기술코드] 38대 기후기술 분류체계 기준. 관계유형=미부여 · 근거=원천 자체 분류. 해당 지표의 메타 기후기술코드가 「범용」으로, 개별 레코드에 특정 기술이 성립하지 않음. 매핑 결과: 범용(특정 기후기술을 지목하지 않는 배경 데이터, tech_id 공란)."",""기술코드_판단근거_유형"":""미매핑(범용)"",""속성10_건수"":null,""속성11_발행량_tCO2e"":null,""속성12_소각량_tCO2e"":null,""속성13_배분량_tCO2e"":null,""속성14_연간예상감축_tCO2e"":null,""속성15_빈티지_연도"":null,""속성16_발행일"":null,""속성17_크레딧기간"":null,""속성18_업종"":null,""속성19_원문URL"":""https://vanban.chinhphu.vn/?pageid=27160&docid=202963"",""속성1_레코드명"":""개정 이력 Nghị định 35/2021/NĐ-CP"",""속성20_지역_원문"":null,""속성21_지역_현행"":null,""속성22_행정코드P_code"":null,""속성23_설명"":null,""속성2_레코드ID"":null,""속성3_값"":""2021-03-29 공포"",""속성4_시점"":""2021"",""속성5_등록표준_출처"":null,""속성6_분류"":null,""속성7_상태"":null,""속성8_사업자_기관"":null,""속성9_방법론"":null}",,지정 출처 페이지에 수록. 후속 시행령과의 폐지 관계는 확인 필요,,,,C-012.xlsx,1.2_entity(레코드형),13,
C-012,"PPP 법제도·조달 체계[PPP 법률 유무, PPP 법률 명칭, PPP 전담 기관, 조달 방식(경쟁입찰/협상/비공개), 계약 유형(BOT/BOO/Concession), VfM 평가 의무 여부, PPP 프로젝트 이력]",entity,v124-c-012-entity-00039,C-012_ppp_law_vanban_chinhphu,VNM,,,,,,,,,thuvienphapluat.vn 영문 법령 DB,,,"{""기술코드_근거문구"":""[기후기술코드] 38대 기후기술 분류체계 기준. 관계유형=미부여 · 근거=원천 자체 분류. 해당 지표의 메타 기후기술코드가 「범용」으로, 개별 레코드에 특정 기술이 성립하지 않음. 매핑 결과: 범용(특정 기후기술을 지목하지 않는 배경 데이터, tech_id 공란)."",""기술코드_판단근거_유형"":""미매핑(범용)"",""속성10_건수"":null,""속성11_발행량_tCO2e"":null,""속성12_소각량_tCO2e"":null,""속성13_배분량_tCO2e"":null,""속성14_연간예상감축_tCO2e"":null,""속성15_빈티지_연도"":null,""속성16_발행일"":null,""속성17_크레딧기간"":null,""속성18_업종"":null,""속성19_원문URL"":""https://vanban.chinhphu.vn/?pageid=27160&docid=200452"",""속성1_레코드명"":""thuvienphapluat.vn 영문 법령 DB"",""속성20_지역_원문"":null,""속성21_지역_현행"":null,""속성22_행정코드P_code"":null,""속성23_설명"":null,""속성2_레코드ID"":null,""속성3_값"":""thuvienphapluat.vn(영문)"",""속성4_시점"":null,""속성5_등록표준_출처"":null,""속성6_분류"":null,""속성7_상태"":null,""속성8_사업자_기관"":null,""속성9_방법론"":null}",,1차 수집 단계 영문 대조용 보조 출처,,,,C-012.xlsx,1.2_entity(레코드형),36,
C-012,"PPP 법제도·조달 체계[PPP 법률 유무, PPP 법률 명칭, PPP 전담 기관, 조달 방식(경쟁입찰/협상/비공개), 계약 유형(BOT/BOO/Concession), VfM 평가 의무 여부, PPP 프로젝트 이력]",entity,v124-c-012-entity-00040,C-012_ppp_law_vanban_chinhphu,VNM,,,,,,,,,King & Wood Mallesons Vietnam PPP Guide 2025,,,"{""기술코드_근거문구"":""[기후기술코드] 38대 기후기술 분류체계 기준. 관계유형=미부여 · 근거=원천 자체 분류. 해당 지표의 메타 기후기술코드가 「범용」으로, 개별 레코드에 특정 기술이 성립하지 않음. 매핑 결과: 범용(특정 기후기술을 지목하지 않는 배경 데이터, tech_id 공란)."",""기술코드_판단근거_유형"":""미매핑(범용)"",""속성10_건수"":null,""속성11_발행량_tCO2e"":null,""속성12_소각량_tCO2e"":null,""속성13_배분량_tCO2e"":null,""속성14_연간예상감축_tCO2e"":null,""속성15_빈티지_연도"":null,""속성16_발행일"":null,""속성17_크레딧기간"":null,""속성18_업종"":null,""속성19_원문URL"":""https://vanban.chinhphu.vn/?pageid=27160&docid=215319"",""속성1_레코드명"":""King & Wood Mallesons Vietnam PPP Guide 2025"",""속성20_지역_원문"":null,""속성21_지역_현행"":null,""속성22_행정코드P_code"":null,""속성23_설명"":null,""속성2_레코드ID"":null,""속성3_값"":""kingandwood.com"",""속성4_시점"":null,""속성5_등록표준_출처"":null,""속성6_분류"":null,""속성7_상태"":null,""속성8_사업자_기관"":null,""속성9_방법론"":null}",,Decree 243/2025 등 시행령 정보 보완 출처,,,,C-012.xlsx,1.2_entity(레코드형),35,
C-012,"PPP 법제도·조달 체계[PPP 법률 유무, PPP 법률 명칭, PPP 전담 기관, 조달 방식(경쟁입찰/협상/비공개), 계약 유형(BOT/BOO/Concession), VfM 평가 의무 여부, PPP 프로젝트 이력]",entity,v124-c-012-entity-00041,C-012_ppp_law_vanban_chinhphu,VNM,,,,,,,,,Nghị định 243/2025/NĐ-CP,,,"{""기술코드_근거문구"":""[기후기술코드] 38대 기후기술 분류체계 기준. 관계유형=미부여 · 근거=원천 자체 분류. 해당 지표의 메타 기후기술코드가 「범용」으로, 개별 레코드에 특정 기술이 성립하지 않음. 매핑 결과: 범용(특정 기후기술을 지목하지 않는 배경 데이터, tech_id 공란)."",""기술코드_판단근거_유형"":""미매핑(범용)"",""속성10_건수"":null,""속성11_발행량_tCO2e"":null,""속성12_소각량_tCO2e"":null,""속성13_배분량_tCO2e"":null,""속성14_연간예상감축_tCO2e"":null,""속성15_빈티지_연도"":null,""속성16_발행일"":null,""속성17_크레딧기간"":null,""속성18_업종"":null,""속성19_원문URL"":""https://vanban.chinhphu.vn/?pageid=27160&docid=215319"",""속성1_레코드명"":""Nghị định 243/2025/NĐ-CP"",""속성20_지역_원문"":null,""속성21_지역_현행"":null,""속성22_행정코드P_code"":null,""속성23_설명"":null,""속성2_레코드ID"":null,""속성3_값"":""luatvietnam.vn"",""속성4_시점"":null,""속성5_등록표준_출처"":null,""속성6_분류"":null,""속성7_상태"":null,""속성8_사업자_기관"":null,""속성9_방법론"":null}",,시행령 존재·번호 확인. 원문 PDF 미보유,,,,C-012.xlsx,1.2_entity(레코드형),34,
C-012,"PPP 법제도·조달 체계[PPP 법률 유무, PPP 법률 명칭, PPP 전담 기관, 조달 방식(경쟁입찰/협상/비공개), 계약 유형(BOT/BOO/Concession), VfM 평가 의무 여부, PPP 프로젝트 이력]",entity,v124-c-012-entity-00042,C-012_ppp_law_vanban_chinhphu,VNM,,,,,,,,,개정 이력 Nghị định 125/2025/NĐ-CP 제8조,,,"{""기술코드_근거문구"":""[기후기술코드] 38대 기후기술 분류체계 기준. 관계유형=미부여 · 근거=원천 자체 분류. 해당 지표의 메타 기후기술코드가 「범용」으로, 개별 레코드에 특정 기술이 성립하지 않음. 매핑 결과: 범용(특정 기후기술을 지목하지 않는 배경 데이터, tech_id 공란)."",""기술코드_판단근거_유형"":""미매핑(범용)"",""속성10_건수"":null,""속성11_발행량_tCO2e"":null,""속성12_소각량_tCO2e"":null,""속성13_배분량_tCO2e"":null,""속성14_연간예상감축_tCO2e"":null,""속성15_빈티지_연도"":null,""속성16_발행일"":null,""속성17_크레딧기간"":null,""속성18_업종"":null,""속성19_원문URL"":""https://vanban.chinhphu.vn/?pageid=27160&docid=215319"",""속성1_레코드명"":""개정 이력 Nghị định 125/2025/NĐ-CP 제8조"",""속성20_지역_원문"":null,""속성21_지역_현행"":null,""속성22_행정코드P_code"":null,""속성23_설명"":null,""속성2_레코드ID"":null,""속성3_값"":""2025-07-01 시행"",""속성4_시점"":""2025"",""속성5_등록표준_출처"":null,""속성6_분류"":null,""속성7_상태"":null,""속성8_사업자_기관"":null,""속성9_방법론"":null}",,해당 조항이 243/2025로 대체(시행 약 2개월),,,,C-012.xlsx,1.2_entity(레코드형),33,
C-012,"PPP 법제도·조달 체계[PPP 법률 유무, PPP 법률 명칭, PPP 전담 기관, 조달 방식(경쟁입찰/협상/비공개), 계약 유형(BOT/BOO/Concession), VfM 평가 의무 여부, PPP 프로젝트 이력]",entity,v124-c-012-entity-00043,C-012_ppp_law_vanban_chinhphu,VNM,,,,,,,,,개정 이력 Nghị định 71/2025/NĐ-CP,,,"{""기술코드_근거문구"":""[기후기술코드] 38대 기후기술 분류체계 기준. 관계유형=미부여 · 근거=원천 자체 분류. 해당 지표의 메타 기후기술코드가 「범용」으로, 개별 레코드에 특정 기술이 성립하지 않음. 매핑 결과: 범용(특정 기후기술을 지목하지 않는 배경 데이터, tech_id 공란)."",""기술코드_판단근거_유형"":""미매핑(범용)"",""속성10_건수"":null,""속성11_발행량_tCO2e"":null,""속성12_소각량_tCO2e"":null,""속성13_배분량_tCO2e"":null,""속성14_연간예상감축_tCO2e"":null,""속성15_빈티지_연도"":null,""속성16_발행일"":null,""속성17_크레딧기간"":null,""속성18_업종"":null,""속성19_원문URL"":""https://vanban.chinhphu.vn/?pageid=27160&docid=215319"",""속성1_레코드명"":""개정 이력 Nghị định 71/2025/NĐ-CP"",""속성20_지역_원문"":null,""속성21_지역_현행"":null,""속성22_행정코드P_code"":null,""속성23_설명"":null,""속성2_레코드ID"":null,""속성3_값"":""2025-03-28 시행"",""속성4_시점"":""2025"",""속성5_등록표준_출처"":null,""속성6_분류"":null,""속성7_상태"":null,""속성8_사업자_기관"":null,""속성9_방법론"":null}",,243/2025로 대체(시행 약 6개월),,,,C-012.xlsx,1.2_entity(레코드형),32,
C-012,"PPP 법제도·조달 체계[PPP 법률 유무, PPP 법률 명칭, PPP 전담 기관, 조달 방식(경쟁입찰/협상/비공개), 계약 유형(BOT/BOO/Concession), VfM 평가 의무 여부, PPP 프로젝트 이력]",entity,v124-c-012-entity-00044,C-012_ppp_project_history_mof,VNM,,,,,,,,,정부 PPP 사업 통계 공표 페이지,,,"{""기술코드_근거문구"":""[기후기술코드] 38대 기후기술 분류체계 기준. 관계유형=미부여 · 근거=원천 자체 분류. 해당 지표의 메타 기후기술코드가 「범용」으로, 개별 레코드에 특정 기술이 성립하지 않음. 매핑 결과: 범용(특정 기후기술을 지목하지 않는 배경 데이터, tech_id 공란)."",""기술코드_판단근거_유형"":""미매핑(범용)"",""속성10_건수"":null,""속성11_발행량_tCO2e"":null,""속성12_소각량_tCO2e"":null,""속성13_배분량_tCO2e"":null,""속성14_연간예상감축_tCO2e"":null,""속성15_빈티지_연도"":null,""속성16_발행일"":null,""속성17_크레딧기간"":null,""속성18_업종"":null,""속성19_원문URL"":""https://www.mof.gov.vn/bo-tai-chinh/dau-tu"",""속성1_레코드명"":""정부 PPP 사업 통계 공표 페이지"",""속성20_지역_원문"":null,""속성21_지역_현행"":null,""속성22_행정코드P_code"":null,""속성23_설명"":null,""속성2_레코드ID"":null,""속성3_값"":null,""속성4_시점"":null,""속성5_등록표준_출처"":null,""속성6_분류"":null,""속성7_상태"":null,""속성8_사업자_기관"":null,""속성9_방법론"":null}",M01,[M01·원자료 결측] 베트남 정부의 PPP 사업 통계 공표 페이지가 존재하지 않음. 재무부 투자 포털·국가입찰네트워크·기획투자부 페이지를 확인한 결과 개별 사업 공고만 게시되고 집계 통계 공표 URL은 없음.,,,,C-012.xlsx,1.2_entity(레코드형),60,
C-012,"PPP 법제도·조달 체계[PPP 법률 유무, PPP 법률 명칭, PPP 전담 기관, 조달 방식(경쟁입찰/협상/비공개), 계약 유형(BOT/BOO/Concession), VfM 평가 의무 여부, PPP 프로젝트 이력]",entity,v124-c-012-entity-00045,C-012_ppp_project_history_mof,VNM,,,,,,,,,정부 통계,,,"{""기술코드_근거문구"":""[기후기술코드] 38대 기후기술 분류체계 기준. 관계유형=미부여 · 근거=원천 자체 분류. 해당 지표의 메타 기후기술코드가 「범용」으로, 개별 레코드에 특정 기술이 성립하지 않음. 매핑 결과: 범용(특정 기후기술을 지목하지 않는 배경 데이터, tech_id 공란)."",""기술코드_판단근거_유형"":""미매핑(범용)"",""속성10_건수"":null,""속성11_발행량_tCO2e"":null,""속성12_소각량_tCO2e"":null,""속성13_배분량_tCO2e"":null,""속성14_연간예상감축_tCO2e"":null,""속성15_빈티지_연도"":null,""속성16_발행일"":null,""속성17_크레딧기간"":null,""속성18_업종"":null,""속성19_원문URL"":""https://www.mof.gov.vn/bo-tai-chinh/dau-tu"",""속성1_레코드명"":""정부 통계"",""속성20_지역_원문"":null,""속성21_지역_현행"":null,""속성22_행정코드P_code"":null,""속성23_설명"":null,""속성2_레코드ID"":null,""속성3_값"":null,""속성4_시점"":""2010-2020"",""속성5_등록표준_출처"":null,""속성6_분류"":null,""속성7_상태"":null,""속성8_사업자_기관"":null,""속성9_방법론"":null}",M01,[M01·원자료 결측] 베트남 정부는 PPP 사업 건수를 정기 통계로 공표하지 않음. 재무부 투자 포털(mof.gov.vn/bo-tai-chinh/dau-tu)·국가입찰네트워크(muasamcong.mpi.gov.vn)·기획투자부 투자공 페이지·정부 공보·국회 포털을 모두 확인했으나 PPP 사업 건수 집계를 공표하는 항목이 없음. 개별 사업 공고만 게시되고 집계치는 국회 제출 보고서 등에 산발적으로 제시될 뿐 정기 통계로 관리되지 않음.,,,,C-012.xlsx,1.2_entity(레코드형),58,
C-012,"PPP 법제도·조달 체계[PPP 법률 유무, PPP 법률 명칭, PPP 전담 기관, 조달 방식(경쟁입찰/협상/비공개), 계약 유형(BOT/BOO/Concession), VfM 평가 의무 여부, PPP 프로젝트 이력]",entity,v124-c-012-entity-00046,C-012_ppp_project_history_mof,VNM,,,,,,,,,정부 통계,,,"{""기술코드_근거문구"":""[기후기술코드] 38대 기후기술 분류체계 기준. 관계유형=미부여 · 근거=원천 자체 분류. 해당 지표의 메타 기후기술코드가 「범용」으로, 개별 레코드에 특정 기술이 성립하지 않음. 매핑 결과: 범용(특정 기후기술을 지목하지 않는 배경 데이터, tech_id 공란)."",""기술코드_판단근거_유형"":""미매핑(범용)"",""속성10_건수"":null,""속성11_발행량_tCO2e"":null,""속성12_소각량_tCO2e"":null,""속성13_배분량_tCO2e"":null,""속성14_연간예상감축_tCO2e"":null,""속성15_빈티지_연도"":null,""속성16_발행일"":null,""속성17_크레딧기간"":null,""속성18_업종"":null,""속성19_원문URL"":""https://www.mof.gov.vn/bo-tai-chinh/dau-tu"",""속성1_레코드명"":""정부 통계"",""속성20_지역_원문"":null,""속성21_지역_현행"":null,""속성22_행정코드P_code"":null,""속성23_설명"":null,""속성2_레코드ID"":null,""속성3_값"":null,""속성4_시점"":""2021-2024"",""속성5_등록표준_출처"":null,""속성6_분류"":null,""속성7_상태"":null,""속성8_사업자_기관"":null,""속성9_방법론"":null}",M01,[M01·원자료 결측] 베트남 정부는 PPP 사업 건수를 정기 통계로 공표하지 않음. 재무부 투자 포털(mof.gov.vn/bo-tai-chinh/dau-tu)·국가입찰네트워크(muasamcong.mpi.gov.vn)·기획투자부 투자공 페이지·정부 공보·국회 포털을 모두 확인했으나 PPP 사업 건수 집계를 공표하는 항목이 없음. 개별 사업 공고만 게시되고 집계치는 국회 제출 보고서 등에 산발적으로 제시될 뿐 정기 통계로 관리되지 않음.,,,,C-012.xlsx,1.2_entity(레코드형),59,
C-012,"PPP 법제도·조달 체계[PPP 법률 유무, PPP 법률 명칭, PPP 전담 기관, 조달 방식(경쟁입찰/협상/비공개), 계약 유형(BOT/BOO/Concession), VfM 평가 의무 여부, PPP 프로젝트 이력]",entity,v124-c-012-entity-00047,C-012_ppp_project_history_mof,VNM,,,,,,,,,정부 통계,,,"{""기술코드_근거문구"":""[기후기술코드] 38대 기후기술 분류체계 기준. 관계유형=미부여 · 근거=원천 자체 분류. 해당 지표의 메타 기후기술코드가 「범용」으로, 개별 레코드에 특정 기술이 성립하지 않음. 매핑 결과: 범용(특정 기후기술을 지목하지 않는 배경 데이터, tech_id 공란)."",""기술코드_판단근거_유형"":""미매핑(범용)"",""속성10_건수"":null,""속성11_발행량_tCO2e"":null,""속성12_소각량_tCO2e"":null,""속성13_배분량_tCO2e"":null,""속성14_연간예상감축_tCO2e"":null,""속성15_빈티지_연도"":null,""속성16_발행일"":null,""속성17_크레딧기간"":null,""속성18_업종"":null,""속성19_원문URL"":""https://www.mof.gov.vn/bo-tai-chinh/dau-tu"",""속성1_레코드명"":""정부 통계"",""속성20_지역_원문"":null,""속성21_지역_현행"":null,""속성22_행정코드P_code"":null,""속성23_설명"":null,""속성2_레코드ID"":null,""속성3_값"":null,""속성4_시점"":""2022년말"",""속성5_등록표준_출처"":null,""속성6_분류"":null,""속성7_상태"":null,""속성8_사업자_기관"":null,""속성9_방법론"":null}",M01,"[M01·원자료 결측] 베트남 정부는 PPP 사업 건수를 정기 통계로 공표하지 않음. 재무부 투자 포털(mof.gov.vn/bo-tai-chinh/dau-tu)·국가입찰네트워크시스템(muasamcong.mpi.gov.vn)·기획투자부 투자공고 페이지·정부 공보·국회 포털을 모두 확인했으나 PPP 사업 건수 집계를 공표하는 항목이 없음. 국가입찰네트워크시스템은 PPP법상 사업 공고 의무 채널이나 「Lựa chọn nhà đầu tư — Loại dự án: Dự án PPP」 조회 결과는 게시 중인 개별 사업 공고 목록이며(2026-08-28 조회 36건), 「Cơ sở dữ liệu về đấu thầu」 메뉴도 나 사업자(nhà thầu)·투자자(nhà đầu tư)·낙찰단가 3종만 제공하고 PPP 사업 집계 DB는 없음.",,,,C-012.xlsx,1.2_entity(레코드형),62,
C-012,"PPP 법제도·조달 체계[PPP 법률 유무, PPP 법률 명칭, PPP 전담 기관, 조달 방식(경쟁입찰/협상/비공개), 계약 유형(BOT/BOO/Concession), VfM 평가 의무 여부, PPP 프로젝트 이력]",entity,v124-c-012-entity-00048,C-012_ppp_project_history_mof,VNM,,,,,,,,,정부 통계,,,"{""기술코드_근거문구"":""[기후기술코드] 38대 기후기술 분류체계 기준. 관계유형=미부여 · 근거=원천 자체 분류. 해당 지표의 메타 기후기술코드가 「범용」으로, 개별 레코드에 특정 기술이 성립하지 않음. 매핑 결과: 범용(특정 기후기술을 지목하지 않는 배경 데이터, tech_id 공란)."",""기술코드_판단근거_유형"":""미매핑(범용)"",""속성10_건수"":null,""속성11_발행량_tCO2e"":null,""속성12_소각량_tCO2e"":null,""속성13_배분량_tCO2e"":null,""속성14_연간예상감축_tCO2e"":null,""속성15_빈티지_연도"":null,""속성16_발행일"":null,""속성17_크레딧기간"":null,""속성18_업종"":null,""속성19_원문URL"":""https://www.mof.gov.vn/bo-tai-chinh/dau-tu"",""속성1_레코드명"":""정부 통계"",""속성20_지역_원문"":null,""속성21_지역_현행"":null,""속성22_행정코드P_code"":null,""속성23_설명"":null,""속성2_레코드ID"":null,""속성3_값"":null,""속성4_시점"":""~2023"",""속성5_등록표준_출처"":null,""속성6_분류"":null,""속성7_상태"":null,""속성8_사업자_기관"":null,""속성9_방법론"":null}",M01,"[M01·원자료 결측] 베트남 정부는 PPP 사업 건수를 정기 통계로 공표하지 않음. 재무부 투자 포털(mof.gov.vn/bo-tai-chinh/dau-tu)·국가입찰네트워크시스템(muasamcong.mpi.gov.vn)·기획투자부 투자공고 페이지·정부 공보·국회 포털을 모두 확인했으나 PPP 사업 건수 집계를 공표하는 항목이 없음. 국가입찰네트워크시스템은 PPP법상 사업 공고 의무 채널이나 「Lựa chọn nhà đầu tư — Loại dự án: Dự án PPP」 조회 결과는 게시 중인 개별 사업 공고 목록이며(2026-08-28 조회 36건), 「Cơ sở dữ liệu về đấu thầu」 메뉴도 나 사업자(nhà thầu)·투자자(nhà đầu tư)·낙찰단가 3종만 제공하고 PPP 사업 집계 DB는 없음.",,,,C-012.xlsx,1.2_entity(레코드형),61,
C-012,"PPP 법제도·조달 체계[PPP 법률 유무, PPP 법률 명칭, PPP 전담 기관, 조달 방식(경쟁입찰/협상/비공개), 계약 유형(BOT/BOO/Concession), VfM 평가 의무 여부, PPP 프로젝트 이력]",entity,v124-c-012-entity-00049,C-012_ppp_project_history_mof,VNM,,,,,,,,,PPP 사업 현황 발표(2023-07-11),,,"{""기술코드_근거문구"":""[기후기술코드] 38대 기후기술 분류체계 기준. 관계유형=미부여 · 근거=원천 자체 분류. 해당 지표의 메타 기후기술코드가 「범용」으로, 개별 레코드에 특정 기술이 성립하지 않음. 매핑 결과: 범용(특정 기후기술을 지목하지 않는 배경 데이터, tech_id 공란)."",""기술코드_판단근거_유형"":""미매핑(범용)"",""속성10_건수"":null,""속성11_발행량_tCO2e"":null,""속성12_소각량_tCO2e"":null,""속성13_배분량_tCO2e"":null,""속성14_연간예상감축_tCO2e"":null,""속성15_빈티지_연도"":null,""속성16_발행일"":null,""속성17_크레딧기간"":null,""속성18_업종"":null,""속성19_원문URL"":null,""속성1_레코드명"":""PPP 사업 현황 발표(2023-07-11)"",""속성20_지역_원문"":null,""속성21_지역_현행"":null,""속성22_행정코드P_code"":null,""속성23_설명"":null,""속성2_레코드ID"":null,""속성3_값"":null,""속성4_시점"":null,""속성5_등록표준_출처"":null,""속성6_분류"":null,""속성7_상태"":null,""속성8_사업자_기관"":null,""속성9_방법론"":null}",M02,"[M02·미공개] 2023-07-11 중앙경제위원회(Ban Kinh tế Trung ương) PPP 워크숍 발표 수치로 2차 문헌에 인용되어 있으나, 주최기관 웹사이트(kinhtetrunguong.vn)가 SSL 인증서 만료로 접근 불가하여 원문이 공개 상태로 제공되지 않음. 확인 경로: kinhtetrunguong.vn 직접 접속, 재무부 투자 포털, 국가입찰네트워크시스템(muasamcong.mpi.gov.vn), 정부 공보. 공식 집계 통계 부재는 동 요소 별도 행에 M01로 수록.",,,,C-012.xlsx,1.2_entity(레코드형),63,
C-012,"PPP 법제도·조달 체계[PPP 법률 유무, PPP 법률 명칭, PPP 전담 기관, 조달 방식(경쟁입찰/협상/비공개), 계약 유형(BOT/BOO/Concession), VfM 평가 의무 여부, PPP 프로젝트 이력]",entity,v124-c-012-entity-00050,C-012_ppp_project_history_ppi_worldbank,VNM,,,,,,,,,Bac Ninh,21.3491873,106.7454245,"{""기술코드_근거문구"":""[기후기술코드] 38대 기후기술 분류체계 기준. 관계유형=미부여 · 근거=원천 자체 분류. PPP 프로젝트 집계로 개별 기후기술 미특정. 매핑 결과: 범용(특정 기후기술을 지목하지 않는 배경 데이터, tech_id 공란)."",""기술코드_판단근거_유형"":""미매핑(범용)"",""속성10_건수"":null,""속성11_발행량_tCO2e"":null,""속성12_소각량_tCO2e"":null,""속성13_배분량_tCO2e"":null,""속성14_연간예상감축_tCO2e"":null,""속성15_빈티지_연도"":null,""속성16_발행일"":null,""속성17_크레딧기간"":null,""속성18_업종"":null,""속성19_원문URL"":""https://ppi.worldbank.org/en/ppi"",""속성1_레코드명"":""Bac Ninh"",""속성20_지역_원문"":""Bac Giang river in Hung Viet commune, Tr / Thuan Thanh district, Bac Ninh province,"",""속성21_지역_현행"":""Bac Ninh"",""속성22_행정코드P_code"":""VN24"",""속성23_설명"":""PPI 등재 민관협력 프로젝트의 성 단위 집계"",""속성2_레코드ID"":""VN24"",""속성3_값"":2,""속성4_시점"":""2010-2021"",""속성5_등록표준_출처"":""World Bank PPI Database"",""속성6_분류"":""Energy 2건"",""속성7_상태"":""Active 2건 / 전체 2건"",""속성8_사업자_기관"":null,""속성9_방법론"":null}",,,,,,C-012.xlsx,1.2_entity(레코드형),84,
C-012,"PPP 법제도·조달 체계[PPP 법률 유무, PPP 법률 명칭, PPP 전담 기관, 조달 방식(경쟁입찰/협상/비공개), 계약 유형(BOT/BOO/Concession), VfM 평가 의무 여부, PPP 프로젝트 이력]",entity,v124-c-012-entity-00051,C-012_ppp_project_history_ppi_worldbank,VNM,,,,,,,,,Ca Mau,9.1365445,105.1862164,"{""기술코드_근거문구"":""[기후기술코드] 38대 기후기술 분류체계 기준. 관계유형=미부여 · 근거=원천 자체 분류. PPP 프로젝트 집계로 개별 기후기술 미특정. 매핑 결과: 범용(특정 기후기술을 지목하지 않는 배경 데이터, tech_id 공란)."",""기술코드_판단근거_유형"":""미매핑(범용)"",""속성10_건수"":null,""속성11_발행량_tCO2e"":null,""속성12_소각량_tCO2e"":null,""속성13_배분량_tCO2e"":null,""속성14_연간예상감축_tCO2e"":null,""속성15_빈티지_연도"":null,""속성16_발행일"":null,""속성17_크레딧기간"":null,""속성18_업종"":null,""속성19_원문URL"":""https://ppi.worldbank.org/en/ppi"",""속성1_레코드명"":""Ca Mau"",""속성20_지역_원문"":""Bac Lieu province, 200 km Soutwest of HC / Ca Mau Province / Vinh Trach Dong commune, Bac Lieu town,"",""속성21_지역_현행"":""Ca Mau"",""속성22_행정코드P_code"":""VN96"",""속성23_설명"":""PPI 등재 민관협력 프로젝트의 성 단위 집계"",""속성2_레코드ID"":""VN96"",""속성3_값"":4,""속성4_시점"":""2012-2021"",""속성5_등록표준_출처"":""World Bank PPI Database"",""속성6_분류"":""Energy 4건"",""속성7_상태"":""Active 4건 / 전체 4건"",""속성8_사업자_기관"":null,""속성9_방법론"":null}",,,,,,C-012.xlsx,1.2_entity(레코드형),76,
C-012,"PPP 법제도·조달 체계[PPP 법률 유무, PPP 법률 명칭, PPP 전담 기관, 조달 방식(경쟁입찰/협상/비공개), 계약 유형(BOT/BOO/Concession), VfM 평가 의무 여부, PPP 프로젝트 이력]",entity,v124-c-012-entity-00052,C-012_ppp_project_history_ppi_worldbank,VNM,,,,,,,,,Can Tho city,9.7417037,105.7591868,"{""기술코드_근거문구"":""[기후기술코드] 38대 기후기술 분류체계 기준. 관계유형=미부여 · 근거=원천 자체 분류. PPP 프로젝트 집계로 개별 기후기술 미특정. 매핑 결과: 범용(특정 기후기술을 지목하지 않는 배경 데이터, tech_id 공란)."",""기술코드_판단근거_유형"":""미매핑(범용)"",""속성10_건수"":null,""속성11_발행량_tCO2e"":null,""속성12_소각량_tCO2e"":null,""속성13_배분량_tCO2e"":null,""속성14_연간예상감축_tCO2e"":null,""속성15_빈티지_연도"":null,""속성16_발행일"":null,""속성17_크레딧기간"":null,""속성18_업종"":null,""속성19_원문URL"":""https://ppi.worldbank.org/en/ppi"",""속성1_레코드명"":""Can Tho city"",""속성20_지역_원문"":""Can Tho / Chau Thanh district, Hau Giang province / Mekong Delta province of Sóc Trang"",""속성21_지역_현행"":""Can Tho city"",""속성22_행정코드P_code"":""VN92"",""속성23_설명"":""PPI 등재 민관협력 프로젝트의 성 단위 집계"",""속성2_레코드ID"":""VN92"",""속성3_값"":4,""속성4_시점"":""2016-2020"",""속성5_등록표준_출처"":""World Bank PPI Database"",""속성6_분류"":""Energy 2건; Water and sewerage 1건; Municipal Solid Waste 1건"",""속성7_상태"":""Active 4건 / 전체 4건"",""속성8_사업자_기관"":null,""속성9_방법론"":null}",,,,,,C-012.xlsx,1.2_entity(레코드형),77,
C-012,"PPP 법제도·조달 체계[PPP 법률 유무, PPP 법률 명칭, PPP 전담 기관, 조달 방식(경쟁입찰/협상/비공개), 계약 유형(BOT/BOO/Concession), VfM 평가 의무 여부, PPP 프로젝트 이력]",entity,v124-c-012-entity-00053,C-012_ppp_project_history_ppi_worldbank,VNM,,,,,,,,,Da Nang city,15.6301958,107.9677536,"{""기술코드_근거문구"":""[기후기술코드] 38대 기후기술 분류체계 기준. 관계유형=미부여 · 근거=원천 자체 분류. PPP 프로젝트 집계로 개별 기후기술 미특정. 매핑 결과: 범용(특정 기후기술을 지목하지 않는 배경 데이터, tech_id 공란)."",""기술코드_판단근거_유형"":""미매핑(범용)"",""속성10_건수"":null,""속성11_발행량_tCO2e"":null,""속성12_소각량_tCO2e"":null,""속성13_배분량_tCO2e"":null,""속성14_연간예상감축_tCO2e"":null,""속성15_빈티지_연도"":null,""속성16_발행일"":null,""속성17_크레딧기간"":null,""속성18_업종"":null,""속성19_원문URL"":""https://ppi.worldbank.org/en/ppi"",""속성1_레코드명"":""Da Nang city"",""속성20_지역_원문"":""Da Nang / Phuoc Son, Quang Nam Province / Quang Nam province, Thanh My township, N"",""속성21_지역_현행"":""Da Nang city"",""속성22_행정코드P_code"":""VN48"",""속성23_설명"":""PPI 등재 민관협력 프로젝트의 성 단위 집계"",""속성2_레코드ID"":""VN48"",""속성3_값"":4,""속성4_시점"":""2008-2012"",""속성5_등록표준_출처"":""World Bank PPI Database"",""속성6_분류"":""Energy 3건; Municipal Solid Waste 1건"",""속성7_상태"":""Active 4건 / 전체 4건"",""속성8_사업자_기관"":null,""속성9_방법론"":null}",,,,,,C-012.xlsx,1.2_entity(레코드형),75,
C-012,"PPP 법제도·조달 체계[PPP 법률 유무, PPP 법률 명칭, PPP 전담 기관, 조달 방식(경쟁입찰/협상/비공개), 계약 유형(BOT/BOO/Concession), VfM 평가 의무 여부, PPP 프로젝트 이력]",entity,v124-c-012-entity-00054,C-012_ppp_project_history_ppi_worldbank,VNM,,,,,,,,,Dak Lak,12.7031618,108.471528,"{""기술코드_근거문구"":""[기후기술코드] 38대 기후기술 분류체계 기준. 관계유형=미부여 · 근거=원천 자체 분류. PPP 프로젝트 집계로 개별 기후기술 미특정. 매핑 결과: 범용(특정 기후기술을 지목하지 않는 배경 데이터, tech_id 공란)."",""기술코드_판단근거_유형"":""미매핑(범용)"",""속성10_건수"":null,""속성11_발행량_tCO2e"":null,""속성12_소각량_tCO2e"":null,""속성13_배분량_tCO2e"":null,""속성14_연간예상감축_tCO2e"":null,""속성15_빈티지_연도"":null,""속성16_발행일"":null,""속성17_크레딧기간"":null,""속성18_업종"":null,""속성19_원문URL"":""https://ppi.worldbank.org/en/ppi"",""속성1_레코드명"":""Dak Lak"",""속성20_지역_원문"":""Ea Wi, Ea H’Leo District of Dak Lak Prov / Phu Yen, Hoa Hoi commune"",""속성21_지역_현행"":""Dak Lak"",""속성22_행정코드P_code"":""VN66"",""속성23_설명"":""PPI 등재 민관협력 프로젝트의 성 단위 집계"",""속성2_레코드ID"":""VN66"",""속성3_값"":2,""속성4_시점"":""2010-2020"",""속성5_등록표준_출처"":""World Bank PPI Database"",""속성6_분류"":""Energy 2건"",""속성7_상태"":""Active 2건 / 전체 2건"",""속성8_사업자_기관"":null,""속성9_방법론"":null}",,,,,,C-012.xlsx,1.2_entity(레코드형),83,
C-012,"PPP 법제도·조달 체계[PPP 법률 유무, PPP 법률 명칭, PPP 전담 기관, 조달 방식(경쟁입찰/협상/비공개), 계약 유형(BOT/BOO/Concession), VfM 평가 의무 여부, PPP 프로젝트 이력]",entity,v124-c-012-entity-00055,C-012_ppp_project_history_ppi_worldbank,VNM,,,,,,,,,Dien Bien,21.4729847,103.2348363,"{""기술코드_근거문구"":""[기후기술코드] 38대 기후기술 분류체계 기준. 관계유형=미부여 · 근거=원천 자체 분류. PPP 프로젝트 집계로 개별 기후기술 미특정. 매핑 결과: 범용(특정 기후기술을 지목하지 않는 배경 데이터, tech_id 공란)."",""기술코드_판단근거_유형"":""미매핑(범용)"",""속성10_건수"":null,""속성11_발행량_tCO2e"":null,""속성12_소각량_tCO2e"":null,""속성13_배분량_tCO2e"":null,""속성14_연간예상감축_tCO2e"":null,""속성15_빈티지_연도"":null,""속성16_발행일"":null,""속성17_크레딧기간"":null,""속성18_업종"":null,""속성19_원문URL"":""https://ppi.worldbank.org/en/ppi"",""속성1_레코드명"":""Dien Bien"",""속성20_지역_원문"":""Lai Chau and Dien Bien"",""속성21_지역_현행"":""Dien Bien"",""속성22_행정코드P_code"":""VN11"",""속성23_설명"":""PPI 등재 민관협력 프로젝트의 성 단위 집계"",""속성2_레코드ID"":""VN11"",""속성3_값"":1,""속성4_시점"":""2021-2021"",""속성5_등록표준_출처"":""World Bank PPI Database"",""속성6_분류"":""Energy 1건"",""속성7_상태"":""Active 1건 / 전체 1건"",""속성8_사업자_기관"":null,""속성9_방법론"":null}",,,,,,C-012.xlsx,1.2_entity(레코드형),92,
C-012,"PPP 법제도·조달 체계[PPP 법률 유무, PPP 법률 명칭, PPP 전담 기관, 조달 방식(경쟁입찰/협상/비공개), 계약 유형(BOT/BOO/Concession), VfM 평가 의무 여부, PPP 프로젝트 이력]",entity,v124-c-012-entity-00056,C-012_ppp_project_history_ppi_worldbank,VNM,,,,,,,,,Dong Nai,11.4354875,107.0357544,"{""기술코드_근거문구"":""[기후기술코드] 38대 기후기술 분류체계 기준. 관계유형=미부여 · 근거=원천 자체 분류. PPP 프로젝트 집계로 개별 기후기술 미특정. 매핑 결과: 범용(특정 기후기술을 지목하지 않는 배경 데이터, tech_id 공란)."",""기술코드_판단근거_유형"":""미매핑(범용)"",""속성10_건수"":null,""속성11_발행량_tCO2e"":null,""속성12_소각량_tCO2e"":null,""속성13_배분량_tCO2e"":null,""속성14_연간예상감축_tCO2e"":null,""속성15_빈티지_연도"":null,""속성16_발행일"":null,""속성17_크레딧기간"":null,""속성18_업종"":null,""속성19_원문URL"":""https://ppi.worldbank.org/en/ppi"",""속성1_레코드명"":""Dong Nai"",""속성20_지역_원문"":""Bien Hoa / Binh Phuoc Province / Dong Nai province"",""속성21_지역_현행"":""Dong Nai"",""속성22_행정코드P_code"":""VN75"",""속성23_설명"":""PPI 등재 민관협력 프로젝트의 성 단위 집계"",""속성2_레코드ID"":""VN75"",""속성3_값"":6,""속성4_시점"":""1997-2024"",""속성5_등록표준_출처"":""World Bank PPI Database"",""속성6_분류"":""Energy 5건; Transport 1건"",""속성7_상태"":""Active 6건 / 전체 6건"",""속성8_사업자_기관"":null,""속성9_방법론"":null}",,,,,,C-012.xlsx,1.2_entity(레코드형),71,
C-012,"PPP 법제도·조달 체계[PPP 법률 유무, PPP 법률 명칭, PPP 전담 기관, 조달 방식(경쟁입찰/협상/비공개), 계약 유형(BOT/BOO/Concession), VfM 평가 의무 여부, PPP 프로젝트 이력]",entity,v124-c-012-entity-00057,C-012_ppp_project_history_ppi_worldbank,VNM,,,,,,,,,Dong Thap,10.4296425,105.9975225,"{""기술코드_근거문구"":""[기후기술코드] 38대 기후기술 분류체계 기준. 관계유형=미부여 · 근거=원천 자체 분류. PPP 프로젝트 집계로 개별 기후기술 미특정. 매핑 결과: 범용(특정 기후기술을 지목하지 않는 배경 데이터, tech_id 공란)."",""기술코드_판단근거_유형"":""미매핑(범용)"",""속성10_건수"":null,""속성11_발행량_tCO2e"":null,""속성12_소각량_tCO2e"":null,""속성13_배분량_tCO2e"":null,""속성14_연간예상감축_tCO2e"":null,""속성15_빈티지_연도"":null,""속성16_발행일"":null,""속성17_크레딧기간"":null,""속성18_업종"":null,""속성19_원문URL"":""https://ppi.worldbank.org/en/ppi"",""속성1_레코드명"":""Dong Thap"",""속성20_지역_원문"":""Tien Giang Province"",""속성21_지역_현행"":""Dong Thap"",""속성22_행정코드P_code"":""VN82"",""속성23_설명"":""PPI 등재 민관협력 프로젝트의 성 단위 집계"",""속성2_레코드ID"":""VN82"",""속성3_값"":1,""속성4_시점"":""2019-2019"",""속성5_등록표준_출처"":""World Bank PPI Database"",""속성6_분류"":""Transport 1건"",""속성7_상태"":""Active 1건 / 전체 1건"",""속성8_사업자_기관"":null,""속성9_방법론"":null}",,,,,,C-012.xlsx,1.2_entity(레코드형),91,
C-012,"PPP 법제도·조달 체계[PPP 법률 유무, PPP 법률 명칭, PPP 전담 기관, 조달 방식(경쟁입찰/협상/비공개), 계약 유형(BOT/BOO/Concession), VfM 평가 의무 여부, PPP 프로젝트 이력]",entity,v124-c-012-entity-00058,C-012_ppp_project_history_ppi_worldbank,VNM,,,,,,,,,Gia Lai,13.8891268,108.4407434,"{""기술코드_근거문구"":""[기후기술코드] 38대 기후기술 분류체계 기준. 관계유형=미부여 · 근거=원천 자체 분류. PPP 프로젝트 집계로 개별 기후기술 미특정. 매핑 결과: 범용(특정 기후기술을 지목하지 않는 배경 데이터, tech_id 공란)."",""기술코드_판단근거_유형"":""미매핑(범용)"",""속성10_건수"":null,""속성11_발행량_tCO2e"":null,""속성12_소각량_tCO2e"":null,""속성13_배분량_tCO2e"":null,""속성14_연간예상감축_tCO2e"":null,""속성15_빈티지_연도"":null,""속성16_발행일"":null,""속성17_크레딧기간"":null,""속성18_업종"":null,""속성19_원문URL"":""https://ppi.worldbank.org/en/ppi"",""속성1_레코드명"":""Gia Lai"",""속성20_지역_원문"":""Binh Dinh Province / Binh Dinh province, in the Nhon Hoi Econ / Cheo Reo Ward, Ayunpa Town, Gia Lai Prov"",""속성21_지역_현행"":""Gia Lai"",""속성22_행정코드P_code"":""VN52"",""속성23_설명"":""PPI 등재 민관협력 프로젝트의 성 단위 집계"",""속성2_레코드ID"":""VN52"",""속성3_값"":11,""속성4_시점"":""2005-2020"",""속성5_등록표준_출처"":""World Bank PPI Database"",""속성6_분류"":""Energy 11건"",""속성7_상태"":""Active 11건 / 전체 11건"",""속성8_사업자_기관"":null,""속성9_방법론"":null}",,,,,,C-012.xlsx,1.2_entity(레코드형),67,
C-012,"PPP 법제도·조달 체계[PPP 법률 유무, PPP 법률 명칭, PPP 전담 기관, 조달 방식(경쟁입찰/협상/비공개), 계약 유형(BOT/BOO/Concession), VfM 평가 의무 여부, PPP 프로젝트 이력]",entity,v124-c-012-entity-00059,C-012_ppp_project_history_ppi_worldbank,VNM,,,,,,,,,Ha Noi,20.9991855,105.699851,"{""기술코드_근거문구"":""[기후기술코드] 38대 기후기술 분류체계 기준. 관계유형=미부여 · 근거=원천 자체 분류. PPP 프로젝트 집계로 개별 기후기술 미특정. 매핑 결과: 범용(특정 기후기술을 지목하지 않는 배경 데이터, tech_id 공란)."",""기술코드_판단근거_유형"":""미매핑(범용)"",""속성10_건수"":null,""속성11_발행량_tCO2e"":null,""속성12_소각량_tCO2e"":null,""속성13_배분량_tCO2e"":null,""속성14_연간예상감축_tCO2e"":null,""속성15_빈티지_연도"":null,""속성16_발행일"":null,""속성17_크레딧기간"":null,""속성18_업종"":null,""속성19_원문URL"":""https://ppi.worldbank.org/en/ppi"",""속성1_레코드명"":""Ha Noi"",""속성20_지역_원문"":""Hanoi"",""속성21_지역_현행"":""Ha Noi"",""속성22_행정코드P_code"":""VN01"",""속성23_설명"":""PPI 등재 민관협력 프로젝트의 성 단위 집계"",""속성2_레코드ID"":""VN01"",""속성3_값"":1,""속성4_시점"":""2019-2019"",""속성5_등록표준_출처"":""World Bank PPI Database"",""속성6_분류"":""Water and sewerage 1건"",""속성7_상태"":""Active 1건 / 전체 1건"",""속성8_사업자_기관"":null,""속성9_방법론"":null}",,,,,,C-012.xlsx,1.2_entity(레코드형),90,
C-012,"PPP 법제도·조달 체계[PPP 법률 유무, PPP 법률 명칭, PPP 전담 기관, 조달 방식(경쟁입찰/협상/비공개), 계약 유형(BOT/BOO/Concession), VfM 평가 의무 여부, PPP 프로젝트 이력]",entity,v124-c-012-entity-00060,C-012_ppp_project_history_ppi_worldbank,VNM,,,,,,,,,Ha Tinh,18.2902411,105.7370107,"{""기술코드_근거문구"":""[기후기술코드] 38대 기후기술 분류체계 기준. 관계유형=미부여 · 근거=원천 자체 분류. PPP 프로젝트 집계로 개별 기후기술 미특정. 매핑 결과: 범용(특정 기후기술을 지목하지 않는 배경 데이터, tech_id 공란)."",""기술코드_판단근거_유형"":""미매핑(범용)"",""속성10_건수"":null,""속성11_발행량_tCO2e"":null,""속성12_소각량_tCO2e"":null,""속성13_배분량_tCO2e"":null,""속성14_연간예상감축_tCO2e"":null,""속성15_빈티지_연도"":null,""속성16_발행일"":null,""속성17_크레딧기간"":null,""속성18_업종"":null,""속성19_원문URL"":""https://ppi.worldbank.org/en/ppi"",""속성1_레코드명"":""Ha Tinh"",""속성20_지역_원문"":""Duc Tho district, Ha Tinh province / Ha Tinh"",""속성21_지역_현행"":""Ha Tinh"",""속성22_행정코드P_code"":""VN42"",""속성23_설명"":""PPI 등재 민관협력 프로젝트의 성 단위 집계"",""속성2_레코드ID"":""VN42"",""속성3_값"":2,""속성4_시점"":""2021-2022"",""속성5_등록표준_출처"":""World Bank PPI Database"",""속성6_분류"":""Energy 1건; Transport 1건"",""속성7_상태"":""Active 2건 / 전체 2건"",""속성8_사업자_기관"":null,""속성9_방법론"":null}",,,,,,C-012.xlsx,1.2_entity(레코드형),87,
C-012,"PPP 법제도·조달 체계[PPP 법률 유무, PPP 법률 명칭, PPP 전담 기관, 조달 방식(경쟁입찰/협상/비공개), 계약 유형(BOT/BOO/Concession), VfM 평가 의무 여부, PPP 프로젝트 이력]",entity,v124-c-012-entity-00061,C-012_ppp_project_history_ppi_worldbank,VNM,,,,,,,,,Hai Phong city,20.8740784,106.4757019,"{""기술코드_근거문구"":""[기후기술코드] 38대 기후기술 분류체계 기준. 관계유형=미부여 · 근거=원천 자체 분류. PPP 프로젝트 집계로 개별 기후기술 미특정. 매핑 결과: 범용(특정 기후기술을 지목하지 않는 배경 데이터, tech_id 공란)."",""기술코드_판단근거_유형"":""미매핑(범용)"",""속성10_건수"":null,""속성11_발행량_tCO2e"":null,""속성12_소각량_tCO2e"":null,""속성13_배분량_tCO2e"":null,""속성14_연간예상감축_tCO2e"":null,""속성15_빈티지_연도"":null,""속성16_발행일"":null,""속성17_크레딧기간"":null,""속성18_업종"":null,""속성19_원문URL"":""https://ppi.worldbank.org/en/ppi"",""속성1_레코드명"":""Hai Phong city"",""속성20_지역_원문"":""Hai Duong Province / Haiphong / Phu Binh District, Thai Nguyen province,"",""속성21_지역_현행"":""Hai Phong city"",""속성22_행정코드P_code"":""VN31"",""속성23_설명"":""PPI 등재 민관협력 프로젝트의 성 단위 집계"",""속성2_레코드ID"":""VN31"",""속성3_값"":6,""속성4_시점"":""1996-2024"",""속성5_등록표준_출처"":""World Bank PPI Database"",""속성6_분류"":""Energy 5건; Water and sewerage 1건"",""속성7_상태"":""Active 6건 / 전체 6건"",""속성8_사업자_기관"":null,""속성9_방법론"":null}",,,,,,C-012.xlsx,1.2_entity(레코드형),70,
C-012,"PPP 법제도·조달 체계[PPP 법률 유무, PPP 법률 명칭, PPP 전담 기관, 조달 방식(경쟁입찰/협상/비공개), 계약 유형(BOT/BOO/Concession), VfM 평가 의무 여부, PPP 프로젝트 이력]",entity,v124-c-012-entity-00062,C-012_ppp_project_history_ppi_worldbank,VNM,,,,,,,,,Ho Chi Minh city,10.9930626,106.6377498,"{""기술코드_근거문구"":""[기후기술코드] 38대 기후기술 분류체계 기준. 관계유형=미부여 · 근거=원천 자체 분류. PPP 프로젝트 집계로 개별 기후기술 미특정. 매핑 결과: 범용(특정 기후기술을 지목하지 않는 배경 데이터, tech_id 공란)."",""기술코드_판단근거_유형"":""미매핑(범용)"",""속성10_건수"":null,""속성11_발행량_tCO2e"":null,""속성12_소각량_tCO2e"":null,""속성13_배분량_tCO2e"":null,""속성14_연간예상감축_tCO2e"":null,""속성15_빈티지_연도"":null,""속성16_발행일"":null,""속성17_크레딧기간"":null,""속성18_업종"":null,""속성19_원문URL"":""https://ppi.worldbank.org/en/ppi"",""속성1_레코드명"":""Ho Chi Minh city"",""속성20_지역_원문"":""60KM south of Ho Chi Minh city / Ba Ria Vung Tau Province / Ba Ria, Vung Tau Province"",""속성21_지역_현행"":""Ho Chi Minh city"",""속성22_행정코드P_code"":""VN79"",""속성23_설명"":""PPI 등재 민관협력 프로젝트의 성 단위 집계"",""속성2_레코드ID"":""VN79"",""속성3_값"":24,""속성4_시점"":""1996-2022"",""속성5_등록표준_출처"":""World Bank PPI Database"",""속성6_분류"":""Energy 9건; Transport 8건; Water and sewerage 6건; Municipal Solid Waste 1건"",""속성7_상태"":""Active 23건 / 전체 24건"",""속성8_사업자_기관"":null,""속성9_방법론"":null}",,,,,,C-012.xlsx,1.2_entity(레코드형),64,
C-012,"PPP 법제도·조달 체계[PPP 법률 유무, PPP 법률 명칭, PPP 전담 기관, 조달 방식(경쟁입찰/협상/비공개), 계약 유형(BOT/BOO/Concession), VfM 평가 의무 여부, PPP 프로젝트 이력]",entity,v124-c-012-entity-00063,C-012_ppp_project_history_ppi_worldbank,VNM,,,,,,,,,Khanh Hoa,12.0681828,108.9623237,"{""기술코드_근거문구"":""[기후기술코드] 38대 기후기술 분류체계 기준. 관계유형=미부여 · 근거=원천 자체 분류. PPP 프로젝트 집계로 개별 기후기술 미특정. 매핑 결과: 범용(특정 기후기술을 지목하지 않는 배경 데이터, tech_id 공란)."",""기술코드_판단근거_유형"":""미매핑(범용)"",""속성10_건수"":null,""속성11_발행량_tCO2e"":null,""속성12_소각량_tCO2e"":null,""속성13_배분량_tCO2e"":null,""속성14_연간예상감축_tCO2e"":null,""속성15_빈티지_연도"":null,""속성16_발행일"":null,""속성17_크레딧기간"":null,""속성18_업종"":null,""속성19_원문URL"":""https://ppi.worldbank.org/en/ppi"",""속성1_레코드명"":""Khanh Hoa"",""속성20_지역_원문"":""Khanh Hoa Province / Ninh Thuan Province / Ninh Thuan province"",""속성21_지역_현행"":""Khanh Hoa"",""속성22_행정코드P_code"":""VN56"",""속성23_설명"":""PPI 등재 민관협력 프로젝트의 성 단위 집계"",""속성2_레코드ID"":""VN56"",""속성3_값"":12,""속성4_시점"":""2005-2022"",""속성5_등록표준_출처"":""World Bank PPI Database"",""속성6_분류"":""Energy 12건"",""속성7_상태"":""Active 12건 / 전체 12건"",""속성8_사업자_기관"":null,""속성9_방법론"":null}",,,,,,C-012.xlsx,1.2_entity(레코드형),65,
C-012,"PPP 법제도·조달 체계[PPP 법률 유무, PPP 법률 명칭, PPP 전담 기관, 조달 방식(경쟁입찰/협상/비공개), 계약 유형(BOT/BOO/Concession), VfM 평가 의무 여부, PPP 프로젝트 이력]",entity,v124-c-012-entity-00064,C-012_ppp_project_history_ppi_worldbank,VNM,,,,,,,,,Lai Chau,22.3168161,103.1870444,"{""기술코드_근거문구"":""[기후기술코드] 38대 기후기술 분류체계 기준. 관계유형=미부여 · 근거=원천 자체 분류. PPP 프로젝트 집계로 개별 기후기술 미특정. 매핑 결과: 범용(특정 기후기술을 지목하지 않는 배경 데이터, tech_id 공란)."",""기술코드_판단근거_유형"":""미매핑(범용)"",""속성10_건수"":null,""속성11_발행량_tCO2e"":null,""속성12_소각량_tCO2e"":null,""속성13_배분량_tCO2e"":null,""속성14_연간예상감축_tCO2e"":null,""속성15_빈티지_연도"":null,""속성16_발행일"":null,""속성17_크레딧기간"":null,""속성18_업종"":null,""속성19_원문URL"":""https://ppi.worldbank.org/en/ppi"",""속성1_레코드명"":""Lai Chau"",""속성20_지역_원문"":""Hoang Then commune, Phong Tho district,  / Lai Chau Province / Nam Mu stream in Na Tam commune, Tam Duo"",""속성21_지역_현행"":""Lai Chau"",""속성22_행정코드P_code"":""VN12"",""속성23_설명"":""PPI 등재 민관협력 프로젝트의 성 단위 집계"",""속성2_레코드ID"":""VN12"",""속성3_값"":5,""속성4_시점"":""2010-2012"",""속성5_등록표준_출처"":""World Bank PPI Database"",""속성6_분류"":""Energy 5건"",""속성7_상태"":""Active 5건 / 전체 5건"",""속성8_사업자_기관"":null,""속성9_방법론"":null}",,,,,,C-012.xlsx,1.2_entity(레코드형),73,
C-012,"PPP 법제도·조달 체계[PPP 법률 유무, PPP 법률 명칭, PPP 전담 기관, 조달 방식(경쟁입찰/협상/비공개), 계약 유형(BOT/BOO/Concession), VfM 평가 의무 여부, PPP 프로젝트 이력]",entity,v124-c-012-entity-00065,C-012_ppp_project_history_ppi_worldbank,VNM,,,,,,,,,Lam Dong,11.673127,107.9700579,"{""기술코드_근거문구"":""[기후기술코드] 38대 기후기술 분류체계 기준. 관계유형=미부여 · 근거=원천 자체 분류. PPP 프로젝트 집계로 개별 기후기술 미특정. 매핑 결과: 범용(특정 기후기술을 지목하지 않는 배경 데이터, tech_id 공란)."",""기술코드_판단근거_유형"":""미매핑(범용)"",""속성10_건수"":null,""속성11_발행량_tCO2e"":null,""속성12_소각량_tCO2e"":null,""속성13_배분량_tCO2e"":null,""속성14_연간예상감축_tCO2e"":null,""속성15_빈티지_연도"":null,""속성16_발행일"":null,""속성17_크레딧기간"":null,""속성18_업종"":null,""속성19_원문URL"":""https://ppi.worldbank.org/en/ppi"",""속성1_레코드명"":""Lam Dong"",""속성20_지역_원문"":""Bao Lam and Di Linh districts, Lam Dong  / Binh Thuan province / Binh Thuan province, south-eastern Vietn"",""속성21_지역_현행"":""Lam Dong"",""속성22_행정코드P_code"":""VN68"",""속성23_설명"":""PPI 등재 민관협력 프로젝트의 성 단위 집계"",""속성2_레코드ID"":""VN68"",""속성3_값"":11,""속성4_시점"":""2005-2023"",""속성5_등록표준_출처"":""World Bank PPI Database"",""속성6_분류"":""Energy 11건"",""속성7_상태"":""Active 11건 / 전체 11건"",""속성8_사업자_기관"":null,""속성9_방법론"":null}",,,,,,C-012.xlsx,1.2_entity(레코드형),66,
C-012,"PPP 법제도·조달 체계[PPP 법률 유무, PPP 법률 명칭, PPP 전담 기관, 조달 방식(경쟁입찰/협상/비공개), 계약 유형(BOT/BOO/Concession), VfM 평가 의무 여부, PPP 프로젝트 이력]",entity,v124-c-012-entity-00066,C-012_ppp_project_history_ppi_worldbank,VNM,,,,,,,,,Lao Cai,22.0595443,104.3492001,"{""기술코드_근거문구"":""[기후기술코드] 38대 기후기술 분류체계 기준. 관계유형=미부여 · 근거=원천 자체 분류. PPP 프로젝트 집계로 개별 기후기술 미특정. 매핑 결과: 범용(특정 기후기술을 지목하지 않는 배경 데이터, tech_id 공란)."",""기술코드_판단근거_유형"":""미매핑(범용)"",""속성10_건수"":null,""속성11_발행량_tCO2e"":null,""속성12_소각량_tCO2e"":null,""속성13_배분량_tCO2e"":null,""속성14_연간예상감축_tCO2e"":null,""속성15_빈티지_연도"":null,""속성16_발행일"":null,""속성17_크레딧기간"":null,""속성18_업종"":null,""속성19_원문URL"":""https://ppi.worldbank.org/en/ppi"",""속성1_레코드명"":""Lao Cai"",""속성20_지역_원문"":""Bac Van Yen Industrial Cluster in the no / Chay river, in the Bac Ha district of La / Dum River near Lao Cai city"",""속성21_지역_현행"":""Lao Cai"",""속성22_행정코드P_code"":""VN15"",""속성23_설명"":""PPI 등재 민관협력 프로젝트의 성 단위 집계"",""속성2_레코드ID"":""VN15"",""속성3_값"":10,""속성4_시점"":""2005-2024"",""속성5_등록표준_출처"":""World Bank PPI Database"",""속성6_분류"":""Energy 10건"",""속성7_상태"":""Active 10건 / 전체 10건"",""속성8_사업자_기관"":null,""속성9_방법론"":null}",,,,,,C-012.xlsx,1.2_entity(레코드형),68,
C-012,"PPP 법제도·조달 체계[PPP 법률 유무, PPP 법률 명칭, PPP 전담 기관, 조달 방식(경쟁입찰/협상/비공개), 계약 유형(BOT/BOO/Concession), VfM 평가 의무 여부, PPP 프로젝트 이력]",entity,v124-c-012-entity-00067,C-012_ppp_project_history_ppi_worldbank,VNM,,,,,,,,,Nghe An,19.236395,104.9460244,"{""기술코드_근거문구"":""[기후기술코드] 38대 기후기술 분류체계 기준. 관계유형=미부여 · 근거=원천 자체 분류. PPP 프로젝트 집계로 개별 기후기술 미특정. 매핑 결과: 범용(특정 기후기술을 지목하지 않는 배경 데이터, tech_id 공란)."",""기술코드_판단근거_유형"":""미매핑(범용)"",""속성10_건수"":null,""속성11_발행량_tCO2e"":null,""속성12_소각량_tCO2e"":null,""속성13_배분량_tCO2e"":null,""속성14_연간예상감축_tCO2e"":null,""속성15_빈티지_연도"":null,""속성16_발행일"":null,""속성17_크레딧기간"":null,""속성18_업종"":null,""속성19_원문URL"":""https://ppi.worldbank.org/en/ppi"",""속성1_레코드명"":""Nghe An"",""속성20_지역_원문"":""Nam Can Stream, at Nam Can and Ta Ca com / Nam Non River, Luong Minh and Xa Luong c"",""속성21_지역_현행"":""Nghe An"",""속성22_행정코드P_code"":""VN40"",""속성23_설명"":""PPI 등재 민관협력 프로젝트의 성 단위 집계"",""속성2_레코드ID"":""VN40"",""속성3_값"":2,""속성4_시점"":""2011-2012"",""속성5_등록표준_출처"":""World Bank PPI Database"",""속성6_분류"":""Energy 2건"",""속성7_상태"":""Active 2건 / 전체 2건"",""속성8_사업자_기관"":null,""속성9_방법론"":null}",,,,,,C-012.xlsx,1.2_entity(레코드형),86,
C-012,"PPP 법제도·조달 체계[PPP 법률 유무, PPP 법률 명칭, PPP 전담 기관, 조달 방식(경쟁입찰/협상/비공개), 계약 유형(BOT/BOO/Concession), VfM 평가 의무 여부, PPP 프로젝트 이력]",entity,v124-c-012-entity-00068,C-012_ppp_project_history_ppi_worldbank,VNM,,,,,,,,,Ninh Binh,20.3082468,106.0515005,"{""기술코드_근거문구"":""[기후기술코드] 38대 기후기술 분류체계 기준. 관계유형=미부여 · 근거=원천 자체 분류. PPP 프로젝트 집계로 개별 기후기술 미특정. 매핑 결과: 범용(특정 기후기술을 지목하지 않는 배경 데이터, tech_id 공란)."",""기술코드_판단근거_유형"":""미매핑(범용)"",""속성10_건수"":null,""속성11_발행량_tCO2e"":null,""속성12_소각량_tCO2e"":null,""속성13_배분량_tCO2e"":null,""속성14_연간예상감축_tCO2e"":null,""속성15_빈티지_연도"":null,""속성16_발행일"":null,""속성17_크레딧기간"":null,""속성18_업종"":null,""속성19_원문URL"":""https://ppi.worldbank.org/en/ppi"",""속성1_레코드명"":""Ninh Binh"",""속성20_지역_원문"":""Ninh Binh Province"",""속성21_지역_현행"":""Ninh Binh"",""속성22_행정코드P_code"":""VN37"",""속성23_설명"":""PPI 등재 민관협력 프로젝트의 성 단위 집계"",""속성2_레코드ID"":""VN37"",""속성3_값"":1,""속성4_시점"":""2007-2007"",""속성5_등록표준_출처"":""World Bank PPI Database"",""속성6_분류"":""Energy 1건"",""속성7_상태"":""Active 1건 / 전체 1건"",""속성8_사업자_기관"":null,""속성9_방법론"":null}",,,,,,C-012.xlsx,1.2_entity(레코드형),88,
C-012,"PPP 법제도·조달 체계[PPP 법률 유무, PPP 법률 명칭, PPP 전담 기관, 조달 방식(경쟁입찰/협상/비공개), 계약 유형(BOT/BOO/Concession), VfM 평가 의무 여부, PPP 프로젝트 이력]",entity,v124-c-012-entity-00069,C-012_ppp_project_history_ppi_worldbank,VNM,,,,,,,,,Phu Tho,20.7052061,105.3359715,"{""기술코드_근거문구"":""[기후기술코드] 38대 기후기술 분류체계 기준. 관계유형=미부여 · 근거=원천 자체 분류. PPP 프로젝트 집계로 개별 기후기술 미특정. 매핑 결과: 범용(특정 기후기술을 지목하지 않는 배경 데이터, tech_id 공란)."",""기술코드_판단근거_유형"":""미매핑(범용)"",""속성10_건수"":null,""속성11_발행량_tCO2e"":null,""속성12_소각량_tCO2e"":null,""속성13_배분량_tCO2e"":null,""속성14_연간예상감축_tCO2e"":null,""속성15_빈티지_연도"":null,""속성16_발행일"":null,""속성17_크레딧기간"":null,""속성18_업종"":null,""속성19_원문URL"":""https://ppi.worldbank.org/en/ppi"",""속성1_레코드명"":""Phu Tho"",""속성20_지역_원문"":""Hoa Binh / Phu Tho province, the town of Phong Chau / Vinh Thinh commune, Hoa Binh district"",""속성21_지역_현행"":""Phu Tho"",""속성22_행정코드P_code"":""VN25"",""속성23_설명"":""PPI 등재 민관협력 프로젝트의 성 단위 집계"",""속성2_레코드ID"":""VN25"",""속성3_값"":3,""속성4_시점"":""2012-2020"",""속성5_등록표준_출처"":""World Bank PPI Database"",""속성6_분류"":""Energy 3건"",""속성7_상태"":""Active 2건 / 전체 3건"",""속성8_사업자_기관"":null,""속성9_방법론"":null}",,,,,,C-012.xlsx,1.2_entity(레코드형),81,
C-012,"PPP 법제도·조달 체계[PPP 법률 유무, PPP 법률 명칭, PPP 전담 기관, 조달 방식(경쟁입찰/협상/비공개), 계약 유형(BOT/BOO/Concession), VfM 평가 의무 여부, PPP 프로젝트 이력]",entity,v124-c-012-entity-00070,C-012_ppp_project_history_ppi_worldbank,VNM,,,,,,,,,Quang Ngai,14.7674785,108.1449242,"{""기술코드_근거문구"":""[기후기술코드] 38대 기후기술 분류체계 기준. 관계유형=미부여 · 근거=원천 자체 분류. PPP 프로젝트 집계로 개별 기후기술 미특정. 매핑 결과: 범용(특정 기후기술을 지목하지 않는 배경 데이터, tech_id 공란)."",""기술코드_판단근거_유형"":""미매핑(범용)"",""속성10_건수"":null,""속성11_발행량_tCO2e"":null,""속성12_소각량_tCO2e"":null,""속성13_배분량_tCO2e"":null,""속성14_연간예상감축_tCO2e"":null,""속성15_빈티지_연도"":null,""속성16_발행일"":null,""속성17_크레딧기간"":null,""속성18_업종"":null,""속성19_원문URL"":""https://ppi.worldbank.org/en/ppi"",""속성1_레코드명"":""Quang Ngai"",""속성20_지역_원문"":""Kon Tum / Ngoc Tu Commune, Dak To District, Kon Tu"",""속성21_지역_현행"":""Quang Ngai"",""속성22_행정코드P_code"":""VN51"",""속성23_설명"":""PPI 등재 민관협력 프로젝트의 성 단위 집계"",""속성2_레코드ID"":""VN51"",""속성3_값"":2,""속성4_시점"":""2011-2022"",""속성5_등록표준_출처"":""World Bank PPI Database"",""속성6_분류"":""Energy 2건"",""속성7_상태"":""Active 2건 / 전체 2건"",""속성8_사업자_기관"":null,""속성9_방법론"":null}",,,,,,C-012.xlsx,1.2_entity(레코드형),85,
C-012,"PPP 법제도·조달 체계[PPP 법률 유무, PPP 법률 명칭, PPP 전담 기관, 조달 방식(경쟁입찰/협상/비공개), 계약 유형(BOT/BOO/Concession), VfM 평가 의무 여부, PPP 프로젝트 이력]",entity,v124-c-012-entity-00071,C-012_ppp_project_history_ppi_worldbank,VNM,,,,,,,,,Quang Ninh,21.25851,107.243359,"{""기술코드_근거문구"":""[기후기술코드] 38대 기후기술 분류체계 기준. 관계유형=미부여 · 근거=원천 자체 분류. PPP 프로젝트 집계로 개별 기후기술 미특정. 매핑 결과: 범용(특정 기후기술을 지목하지 않는 배경 데이터, tech_id 공란)."",""기술코드_판단근거_유형"":""미매핑(범용)"",""속성10_건수"":null,""속성11_발행량_tCO2e"":null,""속성12_소각량_tCO2e"":null,""속성13_배분량_tCO2e"":null,""속성14_연간예상감축_tCO2e"":null,""속성15_빈티지_연도"":null,""속성16_발행일"":null,""속성17_크레딧기간"":null,""속성18_업종"":null,""속성19_원문URL"":""https://ppi.worldbank.org/en/ppi"",""속성1_레코드명"":""Quang Ninh"",""속성20_지역_원문"":""Cai Lan Port in Quang Ninh Province in N / Quang Ninh Province"",""속성21_지역_현행"":""Quang Ninh"",""속성22_행정코드P_code"":""VN22"",""속성23_설명"":""PPI 등재 민관협력 프로젝트의 성 단위 집계"",""속성2_레코드ID"":""VN22"",""속성3_값"":2,""속성4_시점"":""2010-2011"",""속성5_등록표준_출처"":""World Bank PPI Database"",""속성6_분류"":""Transport 1건; Energy 1건"",""속성7_상태"":""Active 2건 / 전체 2건"",""속성8_사업자_기관"":null,""속성9_방법론"":null}",,,,,,C-012.xlsx,1.2_entity(레코드형),82,
C-012,"PPP 법제도·조달 체계[PPP 법률 유무, PPP 법률 명칭, PPP 전담 기관, 조달 방식(경쟁입찰/협상/비공개), 계약 유형(BOT/BOO/Concession), VfM 평가 의무 여부, PPP 프로젝트 이력]",entity,v124-c-012-entity-00072,C-012_ppp_project_history_ppi_worldbank,VNM,,,,,,,,,Quang Tri,17.2393253,106.5292447,"{""기술코드_근거문구"":""[기후기술코드] 38대 기후기술 분류체계 기준. 관계유형=미부여 · 근거=원천 자체 분류. PPP 프로젝트 집계로 개별 기후기술 미특정. 매핑 결과: 범용(특정 기후기술을 지목하지 않는 배경 데이터, tech_id 공란)."",""기술코드_판단근거_유형"":""미매핑(범용)"",""속성10_건수"":null,""속성11_발행량_tCO2e"":null,""속성12_소각량_tCO2e"":null,""속성13_배분량_tCO2e"":null,""속성14_연간예상감축_tCO2e"":null,""속성15_빈티지_연도"":null,""속성16_발행일"":null,""속성17_크레딧기간"":null,""속성18_업종"":null,""속성19_원문URL"":""https://ppi.worldbank.org/en/ppi"",""속성1_레코드명"":""Quang Tri"",""속성20_지역_원문"":""Ba Nang Commune, Dak Rong district, Quan / Northern Ha Giang Province, Quang Binh D / Quang Tri Province"",""속성21_지역_현행"":""Quang Tri"",""속성22_행정코드P_code"":""VN44"",""속성23_설명"":""PPI 등재 민관협력 프로젝트의 성 단위 집계"",""속성2_레코드ID"":""VN44"",""속성3_값"":8,""속성4_시점"":""2008-2022"",""속성5_등록표준_출처"":""World Bank PPI Database"",""속성6_분류"":""Energy 8건"",""속성7_상태"":""Active 8건 / 전체 8건"",""속성8_사업자_기관"":null,""속성9_방법론"":null}",,,,,,C-012.xlsx,1.2_entity(레코드형),69,
C-012,"PPP 법제도·조달 체계[PPP 법률 유무, PPP 법률 명칭, PPP 전담 기관, 조달 방식(경쟁입찰/협상/비공개), 계약 유형(BOT/BOO/Concession), VfM 평가 의무 여부, PPP 프로젝트 이력]",entity,v124-c-012-entity-00073,C-012_ppp_project_history_ppi_worldbank,VNM,,,,,,,,,Son La,21.1926753,104.0715083,"{""기술코드_근거문구"":""[기후기술코드] 38대 기후기술 분류체계 기준. 관계유형=미부여 · 근거=원천 자체 분류. PPP 프로젝트 집계로 개별 기후기술 미특정. 매핑 결과: 범용(특정 기후기술을 지목하지 않는 배경 데이터, tech_id 공란)."",""기술코드_판단근거_유형"":""미매핑(범용)"",""속성10_건수"":null,""속성11_발행량_tCO2e"":null,""속성12_소각량_tCO2e"":null,""속성13_배분량_tCO2e"":null,""속성14_연간예상감축_tCO2e"":null,""속성15_빈티지_연도"":null,""속성16_발행일"":null,""속성17_크레딧기간"":null,""속성18_업종"":null,""속성19_원문URL"":""https://ppi.worldbank.org/en/ppi"",""속성1_레코드명"":""Son La"",""속성20_지역_원문"":""Bac Yen district, Son La province / Sop Cop district, Son La province, North / near Chieng Muon and Chieng San communes"",""속성21_지역_현행"":""Son La"",""속성22_행정코드P_code"":""VN14"",""속성23_설명"":""PPI 등재 민관협력 프로젝트의 성 단위 집계"",""속성2_레코드ID"":""VN14"",""속성3_값"":3,""속성4_시점"":""2007-2010"",""속성5_등록표준_출처"":""World Bank PPI Database"",""속성6_분류"":""Energy 3건"",""속성7_상태"":""Active 3건 / 전체 3건"",""속성8_사업자_기관"":null,""속성9_방법론"":null}",,,,,,C-012.xlsx,1.2_entity(레코드형),79,
C-012,"PPP 법제도·조달 체계[PPP 법률 유무, PPP 법률 명칭, PPP 전담 기관, 조달 방식(경쟁입찰/협상/비공개), 계약 유형(BOT/BOO/Concession), VfM 평가 의무 여부, PPP 프로젝트 이력]",entity,v124-c-012-entity-00074,C-012_ppp_project_history_ppi_worldbank,VNM,,,,,,,,,Tay Ninh,10.6931533,106.1242355,"{""기술코드_근거문구"":""[기후기술코드] 38대 기후기술 분류체계 기준. 관계유형=미부여 · 근거=원천 자체 분류. PPP 프로젝트 집계로 개별 기후기술 미특정. 매핑 결과: 범용(특정 기후기술을 지목하지 않는 배경 데이터, tech_id 공란)."",""기술코드_판단근거_유형"":""미매핑(범용)"",""속성10_건수"":null,""속성11_발행량_tCO2e"":null,""속성12_소각량_tCO2e"":null,""속성13_배분량_tCO2e"":null,""속성14_연간예상감축_tCO2e"":null,""속성15_빈티지_연도"":null,""속성16_발행일"":null,""속성17_크레딧기간"":null,""속성18_업종"":null,""속성19_원문URL"":""https://ppi.worldbank.org/en/ppi"",""속성1_레코드명"":""Tay Ninh"",""속성20_지역_원문"":""Tay Ninh / Tay Ninh Province"",""속성21_지역_현행"":""Tay Ninh"",""속성22_행정코드P_code"":""VN80"",""속성23_설명"":""PPI 등재 민관협력 프로젝트의 성 단위 집계"",""속성2_레코드ID"":""VN80"",""속성3_값"":3,""속성4_시점"":""1996-2020"",""속성5_등록표준_출처"":""World Bank PPI Database"",""속성6_분류"":""Energy 3건"",""속성7_상태"":""Active 3건 / 전체 3건"",""속성8_사업자_기관"":null,""속성9_방법론"":null}",,,,,,C-012.xlsx,1.2_entity(레코드형),78,
C-012,"PPP 법제도·조달 체계[PPP 법률 유무, PPP 법률 명칭, PPP 전담 기관, 조달 방식(경쟁입찰/협상/비공개), 계약 유형(BOT/BOO/Concession), VfM 평가 의무 여부, PPP 프로젝트 이력]",entity,v124-c-012-entity-00075,C-012_ppp_project_history_ppi_worldbank,VNM,,,,,,,,,Thai Nguyen,22.0224242,105.8252978,"{""기술코드_근거문구"":""[기후기술코드] 38대 기후기술 분류체계 기준. 관계유형=미부여 · 근거=원천 자체 분류. PPP 프로젝트 집계로 개별 기후기술 미특정. 매핑 결과: 범용(특정 기후기술을 지목하지 않는 배경 데이터, tech_id 공란)."",""기술코드_판단근거_유형"":""미매핑(범용)"",""속성10_건수"":null,""속성11_발행량_tCO2e"":null,""속성12_소각량_tCO2e"":null,""속성13_배분량_tCO2e"":null,""속성14_연간예상감축_tCO2e"":null,""속성15_빈티지_연도"":null,""속성16_발행일"":null,""속성17_크레딧기간"":null,""속성18_업종"":null,""속성19_원문URL"":""https://ppi.worldbank.org/en/ppi"",""속성1_레코드명"":""Thai Nguyen"",""속성20_지역_원문"":""Dai Tu District, Northern Province Thai"",""속성21_지역_현행"":""Thai Nguyen"",""속성22_행정코드P_code"":""VN19"",""속성23_설명"":""PPI 등재 민관협력 프로젝트의 성 단위 집계"",""속성2_레코드ID"":""VN19"",""속성3_값"":1,""속성4_시점"":""2011-2011"",""속성5_등록표준_출처"":""World Bank PPI Database"",""속성6_분류"":""Energy 1건"",""속성7_상태"":""Active 1건 / 전체 1건"",""속성8_사업자_기관"":null,""속성9_방법론"":null}",,,,,,C-012.xlsx,1.2_entity(레코드형),89,
C-012,"PPP 법제도·조달 체계[PPP 법률 유무, PPP 법률 명칭, PPP 전담 기관, 조달 방식(경쟁입찰/협상/비공개), 계약 유형(BOT/BOO/Concession), VfM 평가 의무 여부, PPP 프로젝트 이력]",entity,v124-c-012-entity-00076,C-012_ppp_project_history_ppi_worldbank,VNM,,,,,,,,,Thanh Hoa,20.0455284,105.3195008,"{""기술코드_근거문구"":""[기후기술코드] 38대 기후기술 분류체계 기준. 관계유형=미부여 · 근거=원천 자체 분류. PPP 프로젝트 집계로 개별 기후기술 미특정. 매핑 결과: 범용(특정 기후기술을 지목하지 않는 배경 데이터, tech_id 공란)."",""기술코드_판단근거_유형"":""미매핑(범용)"",""속성10_건수"":null,""속성11_발행량_tCO2e"":null,""속성12_소각량_tCO2e"":null,""속성13_배분량_tCO2e"":null,""속성14_연간예상감축_tCO2e"":null,""속성15_빈티지_연도"":null,""속성16_발행일"":null,""속성17_크레딧기간"":null,""속성18_업종"":null,""속성19_원문URL"":""https://ppi.worldbank.org/en/ppi"",""속성1_레코드명"":""Thanh Hoa"",""속성20_지역_원문"":""Thanh Hoa Province, Quan Hoa district / Thanh Hoa provi / Thanh Hóa Province"",""속성21_지역_현행"":""Thanh Hoa"",""속성22_행정코드P_code"":""VN38"",""속성23_설명"":""PPI 등재 민관협력 프로젝트의 성 단위 집계"",""속성2_레코드ID"":""VN38"",""속성3_값"":3,""속성4_시점"":""2011-2018"",""속성5_등록표준_출처"":""World Bank PPI Database"",""속성6_분류"":""Energy 3건"",""속성7_상태"":""Active 3건 / 전체 3건"",""속성8_사업자_기관"":null,""속성9_방법론"":null}",,,,,,C-012.xlsx,1.2_entity(레코드형),80,
C-012,"PPP 법제도·조달 체계[PPP 법률 유무, PPP 법률 명칭, PPP 전담 기관, 조달 방식(경쟁입찰/협상/비공개), 계약 유형(BOT/BOO/Concession), VfM 평가 의무 여부, PPP 프로젝트 이력]",entity,v124-c-012-entity-00077,C-012_ppp_project_history_ppi_worldbank,VNM,,,,,,,,,Tuyen Quang,22.4887107,105.1010296,"{""기술코드_근거문구"":""[기후기술코드] 38대 기후기술 분류체계 기준. 관계유형=미부여 · 근거=원천 자체 분류. PPP 프로젝트 집계로 개별 기후기술 미특정. 매핑 결과: 범용(특정 기후기술을 지목하지 않는 배경 데이터, tech_id 공란)."",""기술코드_판단근거_유형"":""미매핑(범용)"",""속성10_건수"":null,""속성11_발행량_tCO2e"":null,""속성12_소각량_tCO2e"":null,""속성13_배분량_tCO2e"":null,""속성14_연간예상감축_tCO2e"":null,""속성15_빈티지_연도"":null,""속성16_발행일"":null,""속성17_크레딧기간"":null,""속성18_업종"":null,""속성19_원문URL"":""https://ppi.worldbank.org/en/ppi"",""속성1_레코드명"":""Tuyen Quang"",""속성20_지역_원문"":""Meo Vac District, Ha Giang Province / Ngoc Hoi, Chiem Hoa dristrict, Tuyen Qua / Song Mien River in Thuan Hoa commune, Vi"",""속성21_지역_현행"":""Tuyen Quang"",""속성22_행정코드P_code"":""VN08"",""속성23_설명"":""PPI 등재 민관협력 프로젝트의 성 단위 집계"",""속성2_레코드ID"":""VN08"",""속성3_값"":5,""속성4_시점"":""2009-2024"",""속성5_등록표준_출처"":""World Bank PPI Database"",""속성6_분류"":""Energy 5건"",""속성7_상태"":""Active 5건 / 전체 5건"",""속성8_사업자_기관"":null,""속성9_방법론"":null}",,,,,,C-012.xlsx,1.2_entity(레코드형),72,
C-012,"PPP 법제도·조달 체계[PPP 법률 유무, PPP 법률 명칭, PPP 전담 기관, 조달 방식(경쟁입찰/협상/비공개), 계약 유형(BOT/BOO/Concession), VfM 평가 의무 여부, PPP 프로젝트 이력]",entity,v124-c-012-entity-00078,C-012_ppp_project_history_ppi_worldbank,VNM,,,,,,,,,Vinh Long,9.9963402,106.289114,"{""기술코드_근거문구"":""[기후기술코드] 38대 기후기술 분류체계 기준. 관계유형=미부여 · 근거=원천 자체 분류. PPP 프로젝트 집계로 개별 기후기술 미특정. 매핑 결과: 범용(특정 기후기술을 지목하지 않는 배경 데이터, tech_id 공란)."",""기술코드_판단근거_유형"":""미매핑(범용)"",""속성10_건수"":null,""속성11_발행량_tCO2e"":null,""속성12_소각량_tCO2e"":null,""속성13_배분량_tCO2e"":null,""속성14_연간예상감축_tCO2e"":null,""속성15_빈티지_연도"":null,""속성16_발행일"":null,""속성17_크레딧기간"":null,""속성18_업종"":null,""속성19_원문URL"":""https://ppi.worldbank.org/en/ppi"",""속성1_레코드명"":""Vinh Long"",""속성20_지역_원문"":""Binh Dai district, Ben Tre province / Dan Thanh Commune, Duyen Hai District ,  / Thanh Hai commune, Thanh Phu district of"",""속성21_지역_현행"":""Vinh Long"",""속성22_행정코드P_code"":""VN86"",""속성23_설명"":""PPI 등재 민관협력 프로젝트의 성 단위 집계"",""속성2_레코드ID"":""VN86"",""속성3_값"":5,""속성4_시점"":""2017-2021"",""속성5_등록표준_출처"":""World Bank PPI Database"",""속성6_분류"":""Energy 5건"",""속성7_상태"":""Active 5건 / 전체 5건"",""속성8_사업자_기관"":null,""속성9_방법론"":null}",,,,,,C-012.xlsx,1.2_entity(레코드형),74,
C-012,"PPP 법제도·조달 체계[PPP 법률 유무, PPP 법률 명칭, PPP 전담 기관, 조달 방식(경쟁입찰/협상/비공개), 계약 유형(BOT/BOO/Concession), VfM 평가 의무 여부, PPP 프로젝트 이력]",entity,v124-c-012-entity-00079,C-012_ppp_project_history_ppi_worldbank,VNM,,,,,,,,,World Bank PPI Database,,,"{""기술코드_근거문구"":""[기후기술코드] 38대 기후기술 분류체계 기준. 관계유형=미부여 · 근거=원천 자체 분류. 해당 지표의 메타 기후기술코드가 「범용」으로, 개별 레코드에 특정 기술이 성립하지 않음. 매핑 결과: 범용(특정 기후기술을 지목하지 않는 배경 데이터, tech_id 공란)."",""기술코드_판단근거_유형"":""미매핑(범용)"",""속성10_건수"":null,""속성11_발행량_tCO2e"":null,""속성12_소각량_tCO2e"":null,""속성13_배분량_tCO2e"":null,""속성14_연간예상감축_tCO2e"":null,""속성15_빈티지_연도"":null,""속성16_발행일"":null,""속성17_크레딧기간"":null,""속성18_업종"":null,""속성19_원문URL"":""https://ppi.worldbank.org/en/customquery"",""속성1_레코드명"":""World Bank PPI Database"",""속성20_지역_원문"":null,""속성21_지역_현행"":null,""속성22_행정코드P_code"":null,""속성23_설명"":null,""속성2_레코드ID"":null,""속성3_값"":""ppi.worldbank.org/customquery"",""속성4_시점"":null,""속성5_등록표준_출처"":null,""속성6_분류"":null,""속성7_상태"":null,""속성8_사업자_기관"":null,""속성9_방법론"":null}",,추출분 raw/CustomQuery.xlsx(173행) 보유. 구분6 주 데이터 출처,,,,C-012.xlsx,1.2_entity(레코드형),119,
C-012,"PPP 법제도·조달 체계[PPP 법률 유무, PPP 법률 명칭, PPP 전담 기관, 조달 방식(경쟁입찰/협상/비공개), 계약 유형(BOT/BOO/Concession), VfM 평가 의무 여부, PPP 프로젝트 이력]",entity,v124-c-012-entity-00080,C-012_ppp_project_history_ppi_worldbank,VNM,,,,,,,,,계약 세부유형별 건수,,,"{""기술코드_근거문구"":""[기후기술코드] 38대 기후기술 분류체계 기준. 관계유형=미부여 · 근거=원천 자체 분류. 해당 지표의 메타 기후기술코드가 「범용」으로, 개별 레코드에 특정 기술이 성립하지 않음. 매핑 결과: 범용(특정 기후기술을 지목하지 않는 배경 데이터, tech_id 공란)."",""기술코드_판단근거_유형"":""미매핑(범용)"",""속성10_건수"":null,""속성11_발행량_tCO2e"":null,""속성12_소각량_tCO2e"":null,""속성13_배분량_tCO2e"":null,""속성14_연간예상감축_tCO2e"":null,""속성15_빈티지_연도"":null,""속성16_발행일"":null,""속성17_크레딧기간"":null,""속성18_업종"":null,""속성19_원문URL"":""https://ppi.worldbank.org/en/customquery"",""속성1_레코드명"":""계약 세부유형별 건수"",""속성20_지역_원문"":null,""속성21_지역_현행"":null,""속성22_행정코드P_code"":null,""속성23_설명"":null,""속성2_레코드ID"":null,""속성3_값"":10,""속성4_시점"":""1994-2024"",""속성5_등록표준_출처"":null,""속성6_분류"":null,""속성7_상태"":null,""속성8_사업자_기관"":null,""속성9_방법론"":null}",,구분4의 법정 계약유형과 명칭 체계가 다름(PPI 자체 분류),,,,C-012.xlsx,1.2_entity(레코드형),109,
C-012,"PPP 법제도·조달 체계[PPP 법률 유무, PPP 법률 명칭, PPP 전담 기관, 조달 방식(경쟁입찰/협상/비공개), 계약 유형(BOT/BOO/Concession), VfM 평가 의무 여부, PPP 프로젝트 이력]",entity,v124-c-012-entity-00081,C-012_ppp_project_history_ppi_worldbank,VNM,,,,,,,,,계약 세부유형별 건수,,,"{""기술코드_근거문구"":""[기후기술코드] 38대 기후기술 분류체계 기준. 관계유형=미부여 · 근거=원천 자체 분류. 해당 지표의 메타 기후기술코드가 「범용」으로, 개별 레코드에 특정 기술이 성립하지 않음. 매핑 결과: 범용(특정 기후기술을 지목하지 않는 배경 데이터, tech_id 공란)."",""기술코드_판단근거_유형"":""미매핑(범용)"",""속성10_건수"":null,""속성11_발행량_tCO2e"":null,""속성12_소각량_tCO2e"":null,""속성13_배분량_tCO2e"":null,""속성14_연간예상감축_tCO2e"":null,""속성15_빈티지_연도"":null,""속성16_발행일"":null,""속성17_크레딧기간"":null,""속성18_업종"":null,""속성19_원문URL"":""https://ppi.worldbank.org/en/customquery"",""속성1_레코드명"":""계약 세부유형별 건수"",""속성20_지역_원문"":null,""속성21_지역_현행"":null,""속성22_행정코드P_code"":null,""속성23_설명"":null,""속성2_레코드ID"":null,""속성3_값"":15,""속성4_시점"":""1994-2024"",""속성5_등록표준_출처"":null,""속성6_분류"":null,""속성7_상태"":null,""속성8_사업자_기관"":null,""속성9_방법론"":null}",,구분4의 법정 계약유형과 명칭 체계가 다름(PPI 자체 분류),,,,C-012.xlsx,1.2_entity(레코드형),112,
C-012,"PPP 법제도·조달 체계[PPP 법률 유무, PPP 법률 명칭, PPP 전담 기관, 조달 방식(경쟁입찰/협상/비공개), 계약 유형(BOT/BOO/Concession), VfM 평가 의무 여부, PPP 프로젝트 이력]",entity,v124-c-012-entity-00082,C-012_ppp_project_history_ppi_worldbank,VNM,,,,,,,,,계약 세부유형별 건수,,,"{""기술코드_근거문구"":""[기후기술코드] 38대 기후기술 분류체계 기준. 관계유형=미부여 · 근거=원천 자체 분류. 해당 지표의 메타 기후기술코드가 「범용」으로, 개별 레코드에 특정 기술이 성립하지 않음. 매핑 결과: 범용(특정 기후기술을 지목하지 않는 배경 데이터, tech_id 공란)."",""기술코드_판단근거_유형"":""미매핑(범용)"",""속성10_건수"":null,""속성11_발행량_tCO2e"":null,""속성12_소각량_tCO2e"":null,""속성13_배분량_tCO2e"":null,""속성14_연간예상감축_tCO2e"":null,""속성15_빈티지_연도"":null,""속성16_발행일"":null,""속성17_크레딧기간"":null,""속성18_업종"":null,""속성19_원문URL"":""https://ppi.worldbank.org/en/customquery"",""속성1_레코드명"":""계약 세부유형별 건수"",""속성20_지역_원문"":null,""속성21_지역_현행"":null,""속성22_행정코드P_code"":null,""속성23_설명"":null,""속성2_레코드ID"":null,""속성3_값"":2,""속성4_시점"":""1994-2024"",""속성5_등록표준_출처"":null,""속성6_분류"":null,""속성7_상태"":null,""속성8_사업자_기관"":null,""속성9_방법론"":null}",,구분4의 법정 계약유형과 명칭 체계가 다름(PPI 자체 분류),,,,C-012.xlsx,1.2_entity(레코드형),111,
C-012,"PPP 법제도·조달 체계[PPP 법률 유무, PPP 법률 명칭, PPP 전담 기관, 조달 방식(경쟁입찰/협상/비공개), 계약 유형(BOT/BOO/Concession), VfM 평가 의무 여부, PPP 프로젝트 이력]",entity,v124-c-012-entity-00083,C-012_ppp_project_history_ppi_worldbank,VNM,,,,,,,,,계약 세부유형별 건수,,,"{""기술코드_근거문구"":""[기후기술코드] 38대 기후기술 분류체계 기준. 관계유형=미부여 · 근거=원천 자체 분류. 해당 지표의 메타 기후기술코드가 「범용」으로, 개별 레코드에 특정 기술이 성립하지 않음. 매핑 결과: 범용(특정 기후기술을 지목하지 않는 배경 데이터, tech_id 공란)."",""기술코드_판단근거_유형"":""미매핑(범용)"",""속성10_건수"":null,""속성11_발행량_tCO2e"":null,""속성12_소각량_tCO2e"":null,""속성13_배분량_tCO2e"":null,""속성14_연간예상감축_tCO2e"":null,""속성15_빈티지_연도"":null,""속성16_발행일"":null,""속성17_크레딧기간"":null,""속성18_업종"":null,""속성19_원문URL"":""https://ppi.worldbank.org/en/customquery"",""속성1_레코드명"":""계약 세부유형별 건수"",""속성20_지역_원문"":null,""속성21_지역_현행"":null,""속성22_행정코드P_code"":null,""속성23_설명"":null,""속성2_레코드ID"":null,""속성3_값"":3,""속성4_시점"":""1994-2024"",""속성5_등록표준_출처"":null,""속성6_분류"":null,""속성7_상태"":null,""속성8_사업자_기관"":null,""속성9_방법론"":null}",,구분4의 법정 계약유형과 명칭 체계가 다름(PPI 자체 분류),,,,C-012.xlsx,1.2_entity(레코드형),110,
C-012,"PPP 법제도·조달 체계[PPP 법률 유무, PPP 법률 명칭, PPP 전담 기관, 조달 방식(경쟁입찰/협상/비공개), 계약 유형(BOT/BOO/Concession), VfM 평가 의무 여부, PPP 프로젝트 이력]",entity,v124-c-012-entity-00084,C-012_ppp_project_history_ppi_worldbank,VNM,,,,,,,,,계약 세부유형별 건수,,,"{""기술코드_근거문구"":""[기후기술코드] 38대 기후기술 분류체계 기준. 관계유형=미부여 · 근거=원천 자체 분류. 해당 지표의 메타 기후기술코드가 「범용」으로, 개별 레코드에 특정 기술이 성립하지 않음. 매핑 결과: 범용(특정 기후기술을 지목하지 않는 배경 데이터, tech_id 공란)."",""기술코드_판단근거_유형"":""미매핑(범용)"",""속성10_건수"":null,""속성11_발행량_tCO2e"":null,""속성12_소각량_tCO2e"":null,""속성13_배분량_tCO2e"":null,""속성14_연간예상감축_tCO2e"":null,""속성15_빈티지_연도"":null,""속성16_발행일"":null,""속성17_크레딧기간"":null,""속성18_업종"":null,""속성19_원문URL"":""https://ppi.worldbank.org/en/customquery"",""속성1_레코드명"":""계약 세부유형별 건수"",""속성20_지역_원문"":null,""속성21_지역_현행"":null,""속성22_행정코드P_code"":null,""속성23_설명"":null,""속성2_레코드ID"":null,""속성3_값"":56,""속성4_시점"":""1994-2024"",""속성5_등록표준_출처"":null,""속성6_분류"":null,""속성7_상태"":null,""속성8_사업자_기관"":null,""속성9_방법론"":null}",,구분4의 법정 계약유형과 명칭 체계가 다름(PPI 자체 분류),,,,C-012.xlsx,1.2_entity(레코드형),108,
C-012,"PPP 법제도·조달 체계[PPP 법률 유무, PPP 법률 명칭, PPP 전담 기관, 조달 방식(경쟁입찰/협상/비공개), 계약 유형(BOT/BOO/Concession), VfM 평가 의무 여부, PPP 프로젝트 이력]",entity,v124-c-012-entity-00085,C-012_ppp_project_history_ppi_worldbank,VNM,,,,,,,,,계약 세부유형별 건수,,,"{""기술코드_근거문구"":""[기후기술코드] 38대 기후기술 분류체계 기준. 관계유형=미부여 · 근거=원천 자체 분류. 해당 지표의 메타 기후기술코드가 「범용」으로, 개별 레코드에 특정 기술이 성립하지 않음. 매핑 결과: 범용(특정 기후기술을 지목하지 않는 배경 데이터, tech_id 공란)."",""기술코드_판단근거_유형"":""미매핑(범용)"",""속성10_건수"":null,""속성11_발행량_tCO2e"":null,""속성12_소각량_tCO2e"":null,""속성13_배분량_tCO2e"":null,""속성14_연간예상감축_tCO2e"":null,""속성15_빈티지_연도"":null,""속성16_발행일"":null,""속성17_크레딧기간"":null,""속성18_업종"":null,""속성19_원문URL"":""https://ppi.worldbank.org/en/customquery"",""속성1_레코드명"":""계약 세부유형별 건수"",""속성20_지역_원문"":null,""속성21_지역_현행"":null,""속성22_행정코드P_code"":null,""속성23_설명"":null,""속성2_레코드ID"":null,""속성3_값"":75,""속성4_시점"":""1994-2024"",""속성5_등록표준_출처"":null,""속성6_분류"":null,""속성7_상태"":null,""속성8_사업자_기관"":null,""속성9_방법론"":null}",,최다 유형(45.7%),,,,C-012.xlsx,1.2_entity(레코드형),107,
C-012,"PPP 법제도·조달 체계[PPP 법률 유무, PPP 법률 명칭, PPP 전담 기관, 조달 방식(경쟁입찰/협상/비공개), 계약 유형(BOT/BOO/Concession), VfM 평가 의무 여부, PPP 프로젝트 이력]",entity,v124-c-012-entity-00086,C-012_ppp_project_history_ppi_worldbank,VNM,,,,,,,,,기간별 건수,,,"{""기술코드_근거문구"":""[기후기술코드] 38대 기후기술 분류체계 기준. 관계유형=미부여 · 근거=원천 자체 분류. 해당 지표의 메타 기후기술코드가 「범용」으로, 개별 레코드에 특정 기술이 성립하지 않음. 매핑 결과: 범용(특정 기후기술을 지목하지 않는 배경 데이터, tech_id 공란)."",""기술코드_판단근거_유형"":""미매핑(범용)"",""속성10_건수"":null,""속성11_발행량_tCO2e"":null,""속성12_소각량_tCO2e"":null,""속성13_배분량_tCO2e"":null,""속성14_연간예상감축_tCO2e"":null,""속성15_빈티지_연도"":null,""속성16_발행일"":null,""속성17_크레딧기간"":null,""속성18_업종"":null,""속성19_원문URL"":""https://ppi.worldbank.org/en/customquery"",""속성1_레코드명"":""기간별 건수"",""속성20_지역_원문"":null,""속성21_지역_현행"":null,""속성22_행정코드P_code"":null,""속성23_설명"":null,""속성2_레코드ID"":null,""속성3_값"":10,""속성4_시점"":""1994-2000"",""속성5_등록표준_출처"":null,""속성6_분류"":null,""속성7_상태"":null,""속성8_사업자_기관"":null,""속성9_방법론"":null}",,제도 도입 초기,,,,C-012.xlsx,1.2_entity(레코드형),113,
C-012,"PPP 법제도·조달 체계[PPP 법률 유무, PPP 법률 명칭, PPP 전담 기관, 조달 방식(경쟁입찰/협상/비공개), 계약 유형(BOT/BOO/Concession), VfM 평가 의무 여부, PPP 프로젝트 이력]",entity,v124-c-012-entity-00087,C-012_ppp_project_history_ppi_worldbank,VNM,,,,,,,,,기간별 건수,,,"{""기술코드_근거문구"":""[기후기술코드] 38대 기후기술 분류체계 기준. 관계유형=미부여 · 근거=원천 자체 분류. 해당 지표의 메타 기후기술코드가 「범용」으로, 개별 레코드에 특정 기술이 성립하지 않음. 매핑 결과: 범용(특정 기후기술을 지목하지 않는 배경 데이터, tech_id 공란)."",""기술코드_판단근거_유형"":""미매핑(범용)"",""속성10_건수"":null,""속성11_발행량_tCO2e"":null,""속성12_소각량_tCO2e"":null,""속성13_배분량_tCO2e"":null,""속성14_연간예상감축_tCO2e"":null,""속성15_빈티지_연도"":null,""속성16_발행일"":null,""속성17_크레딧기간"":null,""속성18_업종"":null,""속성19_원문URL"":""https://ppi.worldbank.org/en/customquery"",""속성1_레코드명"":""기간별 건수"",""속성20_지역_원문"":null,""속성21_지역_현행"":null,""속성22_행정코드P_code"":null,""속성23_설명"":null,""속성2_레코드ID"":null,""속성3_값"":26,""속성4_시점"":""2021-2024"",""속성5_등록표준_출처"":null,""속성6_분류"":null,""속성7_상태"":null,""속성8_사업자_기관"":null,""속성9_방법론"":null}",,현행 PPP법(64/2020) 시행 이후. 풍력·태양광 등 재생에너지 다수,,,,C-012.xlsx,1.2_entity(레코드형),116,
C-012,"PPP 법제도·조달 체계[PPP 법률 유무, PPP 법률 명칭, PPP 전담 기관, 조달 방식(경쟁입찰/협상/비공개), 계약 유형(BOT/BOO/Concession), VfM 평가 의무 여부, PPP 프로젝트 이력]",entity,v124-c-012-entity-00088,C-012_ppp_project_history_ppi_worldbank,VNM,,,,,,,,,기간별 건수,,,"{""기술코드_근거문구"":""[기후기술코드] 38대 기후기술 분류체계 기준. 관계유형=미부여 · 근거=원천 자체 분류. 해당 지표의 메타 기후기술코드가 「범용」으로, 개별 레코드에 특정 기술이 성립하지 않음. 매핑 결과: 범용(특정 기후기술을 지목하지 않는 배경 데이터, tech_id 공란)."",""기술코드_판단근거_유형"":""미매핑(범용)"",""속성10_건수"":null,""속성11_발행량_tCO2e"":null,""속성12_소각량_tCO2e"":null,""속성13_배분량_tCO2e"":null,""속성14_연간예상감축_tCO2e"":null,""속성15_빈티지_연도"":null,""속성16_발행일"":null,""속성17_크레딧기간"":null,""속성18_업종"":null,""속성19_원문URL"":""https://ppi.worldbank.org/en/customquery"",""속성1_레코드명"":""기간별 건수"",""속성20_지역_원문"":null,""속성21_지역_현행"":null,""속성22_행정코드P_code"":null,""속성23_설명"":null,""속성2_레코드ID"":null,""속성3_값"":53,""속성4_시점"":""2001-2010"",""속성5_등록표준_출처"":null,""속성6_분류"":null,""속성7_상태"":null,""속성8_사업자_기관"":null,""속성9_방법론"":null}",,10+53+75+26=164건으로 총계와 일치,,,,C-012.xlsx,1.2_entity(레코드형),114,
C-012,"PPP 법제도·조달 체계[PPP 법률 유무, PPP 법률 명칭, PPP 전담 기관, 조달 방식(경쟁입찰/협상/비공개), 계약 유형(BOT/BOO/Concession), VfM 평가 의무 여부, PPP 프로젝트 이력]",entity,v124-c-012-entity-00089,C-012_ppp_project_history_ppi_worldbank,VNM,,,,,,,,,기간별 건수,,,"{""기술코드_근거문구"":""[기후기술코드] 38대 기후기술 분류체계 기준. 관계유형=미부여 · 근거=원천 자체 분류. 해당 지표의 메타 기후기술코드가 「범용」으로, 개별 레코드에 특정 기술이 성립하지 않음. 매핑 결과: 범용(특정 기후기술을 지목하지 않는 배경 데이터, tech_id 공란)."",""기술코드_판단근거_유형"":""미매핑(범용)"",""속성10_건수"":null,""속성11_발행량_tCO2e"":null,""속성12_소각량_tCO2e"":null,""속성13_배분량_tCO2e"":null,""속성14_연간예상감축_tCO2e"":null,""속성15_빈티지_연도"":null,""속성16_발행일"":null,""속성17_크레딧기간"":null,""속성18_업종"":null,""속성19_원문URL"":""https://ppi.worldbank.org/en/customquery"",""속성1_레코드명"":""기간별 건수"",""속성20_지역_원문"":null,""속성21_지역_현행"":null,""속성22_행정코드P_code"":null,""속성23_설명"":null,""속성2_레코드ID"":null,""속성3_값"":75,""속성4_시점"":""2011-2020"",""속성5_등록표준_출처"":null,""속성6_분류"":null,""속성7_상태"":null,""속성8_사업자_기관"":null,""속성9_방법론"":null}",,최다 구간,,,,C-012.xlsx,1.2_entity(레코드형),115,
C-012,"PPP 법제도·조달 체계[PPP 법률 유무, PPP 법률 명칭, PPP 전담 기관, 조달 방식(경쟁입찰/협상/비공개), 계약 유형(BOT/BOO/Concession), VfM 평가 의무 여부, PPP 프로젝트 이력]",entity,v124-c-012-entity-00090,C-012_ppp_project_history_ppi_worldbank,VNM,,,,,,,,,누적 총투자액,,,"{""기술코드_근거문구"":""[기후기술코드] 38대 기후기술 분류체계 기준. 관계유형=미부여 · 근거=원천 자체 분류. 해당 지표의 메타 기후기술코드가 「범용」으로, 개별 레코드에 특정 기술이 성립하지 않음. 매핑 결과: 범용(특정 기후기술을 지목하지 않는 배경 데이터, tech_id 공란)."",""기술코드_판단근거_유형"":""미매핑(범용)"",""속성10_건수"":null,""속성11_발행량_tCO2e"":null,""속성12_소각량_tCO2e"":null,""속성13_배분량_tCO2e"":null,""속성14_연간예상감축_tCO2e"":null,""속성15_빈티지_연도"":null,""속성16_발행일"":null,""속성17_크레딧기간"":null,""속성18_업종"":null,""속성19_원문URL"":""https://ppi.worldbank.org/en/customquery"",""속성1_레코드명"":""누적 총투자액"",""속성20_지역_원문"":null,""속성21_지역_현행"":null,""속성22_행정코드P_code"":null,""속성23_설명"":null,""속성2_레코드ID"":null,""속성3_값"":34908.2,""속성4_시점"":""1994-2024"",""속성5_등록표준_출처"":null,""속성6_분류"":null,""속성7_상태"":null,""속성8_사업자_기관"":null,""속성9_방법론"":null}",,"약 349억 USD. 173개 레코드 중 162개에 수치 기재, 11개는 'Not Available'이므로 실제 총액은 이보다 큼",,,,C-012.xlsx,1.2_entity(레코드형),95,
C-012,"PPP 법제도·조달 체계[PPP 법률 유무, PPP 법률 명칭, PPP 전담 기관, 조달 방식(경쟁입찰/협상/비공개), 계약 유형(BOT/BOO/Concession), VfM 평가 의무 여부, PPP 프로젝트 이력]",entity,v124-c-012-entity-00091,C-012_ppp_project_history_ppi_worldbank,VNM,,,,,,,,,부문별 건수,,,"{""기술코드_근거문구"":""[기후기술코드] 38대 기후기술 분류체계 기준. 관계유형=미부여 · 근거=원천 자체 분류. 해당 지표의 메타 기후기술코드가 「범용」으로, 개별 레코드에 특정 기술이 성립하지 않음. 매핑 결과: 범용(특정 기후기술을 지목하지 않는 배경 데이터, tech_id 공란)."",""기술코드_판단근거_유형"":""미매핑(범용)"",""속성10_건수"":null,""속성11_발행량_tCO2e"":null,""속성12_소각량_tCO2e"":null,""속성13_배분량_tCO2e"":null,""속성14_연간예상감축_tCO2e"":null,""속성15_빈티지_연도"":null,""속성16_발행일"":null,""속성17_크레딧기간"":null,""속성18_업종"":null,""속성19_원문URL"":""https://ppi.worldbank.org/en/customquery"",""속성1_레코드명"":""부문별 건수"",""속성20_지역_원문"":null,""속성21_지역_현행"":null,""속성22_행정코드P_code"":null,""속성23_설명"":null,""속성2_레코드ID"":null,""속성3_값"":133,""속성4_시점"":""1994-2024"",""속성5_등록표준_출처"":null,""속성6_분류"":null,""속성7_상태"":null,""속성8_사업자_기관"":null,""속성9_방법론"":null}",,133+17+7+4+3=164건으로 총계와 일치. 에너지가 81.1%로 압도적,,,,C-012.xlsx,1.2_entity(레코드형),99,
C-012,"PPP 법제도·조달 체계[PPP 법률 유무, PPP 법률 명칭, PPP 전담 기관, 조달 방식(경쟁입찰/협상/비공개), 계약 유형(BOT/BOO/Concession), VfM 평가 의무 여부, PPP 프로젝트 이력]",entity,v124-c-012-entity-00092,C-012_ppp_project_history_ppi_worldbank,VNM,,,,,,,,,부문별 건수,,,"{""기술코드_근거문구"":""[기후기술코드] 38대 기후기술 분류체계 기준. 관계유형=미부여 · 근거=원천 자체 분류. 해당 지표의 메타 기후기술코드가 「범용」으로, 개별 레코드에 특정 기술이 성립하지 않음. 매핑 결과: 범용(특정 기후기술을 지목하지 않는 배경 데이터, tech_id 공란)."",""기술코드_판단근거_유형"":""미매핑(범용)"",""속성10_건수"":null,""속성11_발행량_tCO2e"":null,""속성12_소각량_tCO2e"":null,""속성13_배분량_tCO2e"":null,""속성14_연간예상감축_tCO2e"":null,""속성15_빈티지_연도"":null,""속성16_발행일"":null,""속성17_크레딧기간"":null,""속성18_업종"":null,""속성19_원문URL"":""https://ppi.worldbank.org/en/customquery"",""속성1_레코드명"":""부문별 건수"",""속성20_지역_원문"":null,""속성21_지역_현행"":null,""속성22_행정코드P_code"":null,""속성23_설명"":null,""속성2_레코드ID"":null,""속성3_값"":17,""속성4_시점"":""1994-2024"",""속성5_등록표준_출처"":null,""속성6_분류"":null,""속성7_상태"":null,""속성8_사업자_기관"":null,""속성9_방법론"":null}",,133+17+7+4+3=164건으로 총계와 일치. 에너지가 81.1%로 압도적,,,,C-012.xlsx,1.2_entity(레코드형),100,
C-012,"PPP 법제도·조달 체계[PPP 법률 유무, PPP 법률 명칭, PPP 전담 기관, 조달 방식(경쟁입찰/협상/비공개), 계약 유형(BOT/BOO/Concession), VfM 평가 의무 여부, PPP 프로젝트 이력]",entity,v124-c-012-entity-00093,C-012_ppp_project_history_ppi_worldbank,VNM,,,,,,,,,부문별 건수,,,"{""기술코드_근거문구"":""[기후기술코드] 38대 기후기술 분류체계 기준. 관계유형=미부여 · 근거=원천 자체 분류. 해당 지표의 메타 기후기술코드가 「범용」으로, 개별 레코드에 특정 기술이 성립하지 않음. 매핑 결과: 범용(특정 기후기술을 지목하지 않는 배경 데이터, tech_id 공란)."",""기술코드_판단근거_유형"":""미매핑(범용)"",""속성10_건수"":null,""속성11_발행량_tCO2e"":null,""속성12_소각량_tCO2e"":null,""속성13_배분량_tCO2e"":null,""속성14_연간예상감축_tCO2e"":null,""속성15_빈티지_연도"":null,""속성16_발행일"":null,""속성17_크레딧기간"":null,""속성18_업종"":null,""속성19_원문URL"":""https://ppi.worldbank.org/en/customquery"",""속성1_레코드명"":""부문별 건수"",""속성20_지역_원문"":null,""속성21_지역_현행"":null,""속성22_행정코드P_code"":null,""속성23_설명"":null,""속성2_레코드ID"":null,""속성3_값"":3,""속성4_시점"":""1994-2024"",""속성5_등록표준_출처"":null,""속성6_분류"":null,""속성7_상태"":null,""속성8_사업자_기관"":null,""속성9_방법론"":null}",,133+17+7+4+3=164건으로 총계와 일치. 에너지가 81.1%로 압도적,,,,C-012.xlsx,1.2_entity(레코드형),103,
C-012,"PPP 법제도·조달 체계[PPP 법률 유무, PPP 법률 명칭, PPP 전담 기관, 조달 방식(경쟁입찰/협상/비공개), 계약 유형(BOT/BOO/Concession), VfM 평가 의무 여부, PPP 프로젝트 이력]",entity,v124-c-012-entity-00094,C-012_ppp_project_history_ppi_worldbank,VNM,,,,,,,,,부문별 건수,,,"{""기술코드_근거문구"":""[기후기술코드] 38대 기후기술 분류체계 기준. 관계유형=미부여 · 근거=원천 자체 분류. 해당 지표의 메타 기후기술코드가 「범용」으로, 개별 레코드에 특정 기술이 성립하지 않음. 매핑 결과: 범용(특정 기후기술을 지목하지 않는 배경 데이터, tech_id 공란)."",""기술코드_판단근거_유형"":""미매핑(범용)"",""속성10_건수"":null,""속성11_발행량_tCO2e"":null,""속성12_소각량_tCO2e"":null,""속성13_배분량_tCO2e"":null,""속성14_연간예상감축_tCO2e"":null,""속성15_빈티지_연도"":null,""속성16_발행일"":null,""속성17_크레딧기간"":null,""속성18_업종"":null,""속성19_원문URL"":""https://ppi.worldbank.org/en/customquery"",""속성1_레코드명"":""부문별 건수"",""속성20_지역_원문"":null,""속성21_지역_현행"":null,""속성22_행정코드P_code"":null,""속성23_설명"":null,""속성2_레코드ID"":null,""속성3_값"":4,""속성4_시점"":""1994-2024"",""속성5_등록표준_출처"":null,""속성6_분류"":null,""속성7_상태"":null,""속성8_사업자_기관"":null,""속성9_방법론"":null}",,133+17+7+4+3=164건으로 총계와 일치. 에너지가 81.1%로 압도적,,,,C-012.xlsx,1.2_entity(레코드형),102,
C-012,"PPP 법제도·조달 체계[PPP 법률 유무, PPP 법률 명칭, PPP 전담 기관, 조달 방식(경쟁입찰/협상/비공개), 계약 유형(BOT/BOO/Concession), VfM 평가 의무 여부, PPP 프로젝트 이력]",entity,v124-c-012-entity-00095,C-012_ppp_project_history_ppi_worldbank,VNM,,,,,,,,,부문별 건수,,,"{""기술코드_근거문구"":""[기후기술코드] 38대 기후기술 분류체계 기준. 관계유형=미부여 · 근거=원천 자체 분류. 해당 지표의 메타 기후기술코드가 「범용」으로, 개별 레코드에 특정 기술이 성립하지 않음. 매핑 결과: 범용(특정 기후기술을 지목하지 않는 배경 데이터, tech_id 공란)."",""기술코드_판단근거_유형"":""미매핑(범용)"",""속성10_건수"":null,""속성11_발행량_tCO2e"":null,""속성12_소각량_tCO2e"":null,""속성13_배분량_tCO2e"":null,""속성14_연간예상감축_tCO2e"":null,""속성15_빈티지_연도"":null,""속성16_발행일"":null,""속성17_크레딧기간"":null,""속성18_업종"":null,""속성19_원문URL"":""https://ppi.worldbank.org/en/customquery"",""속성1_레코드명"":""부문별 건수"",""속성20_지역_원문"":null,""속성21_지역_현행"":null,""속성22_행정코드P_code"":null,""속성23_설명"":null,""속성2_레코드ID"":null,""속성3_값"":7,""속성4_시점"":""1994-2024"",""속성5_등록표준_출처"":null,""속성6_분류"":null,""속성7_상태"":null,""속성8_사업자_기관"":null,""속성9_방법론"":null}",,133+17+7+4+3=164건으로 총계와 일치. 에너지가 81.1%로 압도적,,,,C-012.xlsx,1.2_entity(레코드형),101,
C-012,"PPP 법제도·조달 체계[PPP 법률 유무, PPP 법률 명칭, PPP 전담 기관, 조달 방식(경쟁입찰/협상/비공개), 계약 유형(BOT/BOO/Concession), VfM 평가 의무 여부, PPP 프로젝트 이력]",entity,v124-c-012-entity-00096,C-012_ppp_project_history_ppi_worldbank,VNM,,,,,,,,,상태별 건수,,,"{""기술코드_근거문구"":""[기후기술코드] 38대 기후기술 분류체계 기준. 관계유형=미부여 · 근거=원천 자체 분류. 해당 지표의 메타 기후기술코드가 「범용」으로, 개별 레코드에 특정 기술이 성립하지 않음. 매핑 결과: 범용(특정 기후기술을 지목하지 않는 배경 데이터, tech_id 공란)."",""기술코드_판단근거_유형"":""미매핑(범용)"",""속성10_건수"":null,""속성11_발행량_tCO2e"":null,""속성12_소각량_tCO2e"":null,""속성13_배분량_tCO2e"":null,""속성14_연간예상감축_tCO2e"":null,""속성15_빈티지_연도"":null,""속성16_발행일"":null,""속성17_크레딧기간"":null,""속성18_업종"":null,""속성19_원문URL"":""https://ppi.worldbank.org/en/customquery"",""속성1_레코드명"":""상태별 건수"",""속성20_지역_원문"":null,""속성21_지역_현행"":null,""속성22_행정코드P_code"":null,""속성23_설명"":null,""속성2_레코드ID"":null,""속성3_값"":1,""속성4_시점"":""1994-2024"",""속성5_등록표준_출처"":null,""속성6_분류"":null,""속성7_상태"":null,""속성8_사업자_기관"":null,""속성9_방법론"":null}",,"Vietnam Mobile Telecom Services Company(MobiFone, 1995)",,,,C-012.xlsx,1.2_entity(레코드형),98,
C-012,"PPP 법제도·조달 체계[PPP 법률 유무, PPP 법률 명칭, PPP 전담 기관, 조달 방식(경쟁입찰/협상/비공개), 계약 유형(BOT/BOO/Concession), VfM 평가 의무 여부, PPP 프로젝트 이력]",entity,v124-c-012-entity-00097,C-012_ppp_project_history_ppi_worldbank,VNM,,,,,,,,,상태별 건수,,,"{""기술코드_근거문구"":""[기후기술코드] 38대 기후기술 분류체계 기준. 관계유형=미부여 · 근거=원천 자체 분류. 해당 지표의 메타 기후기술코드가 「범용」으로, 개별 레코드에 특정 기술이 성립하지 않음. 매핑 결과: 범용(특정 기후기술을 지목하지 않는 배경 데이터, tech_id 공란)."",""기술코드_판단근거_유형"":""미매핑(범용)"",""속성10_건수"":null,""속성11_발행량_tCO2e"":null,""속성12_소각량_tCO2e"":null,""속성13_배분량_tCO2e"":null,""속성14_연간예상감축_tCO2e"":null,""속성15_빈티지_연도"":null,""속성16_발행일"":null,""속성17_크레딧기간"":null,""속성18_업종"":null,""속성19_원문URL"":""https://ppi.worldbank.org/en/customquery"",""속성1_레코드명"":""상태별 건수"",""속성20_지역_원문"":null,""속성21_지역_현행"":null,""속성22_행정코드P_code"":null,""속성23_설명"":null,""속성2_레코드ID"":null,""속성3_값"":160,""속성4_시점"":""1994-2024"",""속성5_등록표준_출처"":null,""속성6_분류"":null,""속성7_상태"":null,""속성8_사업자_기관"":null,""속성9_방법론"":null}",,,,,,C-012.xlsx,1.2_entity(레코드형),96,
C-012,"PPP 법제도·조달 체계[PPP 법률 유무, PPP 법률 명칭, PPP 전담 기관, 조달 방식(경쟁입찰/협상/비공개), 계약 유형(BOT/BOO/Concession), VfM 평가 의무 여부, PPP 프로젝트 이력]",entity,v124-c-012-entity-00098,C-012_ppp_project_history_ppi_worldbank,VNM,,,,,,,,,상태별 건수,,,"{""기술코드_근거문구"":""[기후기술코드] 38대 기후기술 분류체계 기준. 관계유형=미부여 · 근거=원천 자체 분류. 해당 지표의 메타 기후기술코드가 「범용」으로, 개별 레코드에 특정 기술이 성립하지 않음. 매핑 결과: 범용(특정 기후기술을 지목하지 않는 배경 데이터, tech_id 공란)."",""기술코드_판단근거_유형"":""미매핑(범용)"",""속성10_건수"":null,""속성11_발행량_tCO2e"":null,""속성12_소각량_tCO2e"":null,""속성13_배분량_tCO2e"":null,""속성14_연간예상감축_tCO2e"":null,""속성15_빈티지_연도"":null,""속성16_발행일"":null,""속성17_크레딧기간"":null,""속성18_업종"":null,""속성19_원문URL"":""https://ppi.worldbank.org/en/customquery"",""속성1_레코드명"":""상태별 건수"",""속성20_지역_원문"":null,""속성21_지역_현행"":null,""속성22_행정코드P_code"":null,""속성23_설명"":null,""속성2_레코드ID"":null,""속성3_값"":3,""속성4_시점"":""1994-2024"",""속성5_등록표준_출처"":null,""속성6_분류"":null,""속성7_상태"":null,""속성8_사업자_기관"":null,""속성9_방법론"":null}",,Thu Duc Water Project(2001)·S-Fone Network(2003)·Phu Tho Biomass Plant(2012),,,,C-012.xlsx,1.2_entity(레코드형),97,
C-012,"PPP 법제도·조달 체계[PPP 법률 유무, PPP 법률 명칭, PPP 전담 기관, 조달 방식(경쟁입찰/협상/비공개), 계약 유형(BOT/BOO/Concession), VfM 평가 의무 여부, PPP 프로젝트 이력]",entity,v124-c-012-entity-00099,C-012_ppp_project_history_ppi_worldbank,VNM,,,,,,,,,원본 레코드 수,,,"{""기술코드_근거문구"":""[기후기술코드] 38대 기후기술 분류체계 기준. 관계유형=미부여 · 근거=원천 자체 분류. 해당 지표의 메타 기후기술코드가 「범용」으로, 개별 레코드에 특정 기술이 성립하지 않음. 매핑 결과: 범용(특정 기후기술을 지목하지 않는 배경 데이터, tech_id 공란)."",""기술코드_판단근거_유형"":""미매핑(범용)"",""속성10_건수"":null,""속성11_발행량_tCO2e"":null,""속성12_소각량_tCO2e"":null,""속성13_배분량_tCO2e"":null,""속성14_연간예상감축_tCO2e"":null,""속성15_빈티지_연도"":null,""속성16_발행일"":null,""속성17_크레딧기간"":null,""속성18_업종"":null,""속성19_원문URL"":""https://ppi.worldbank.org/en/customquery"",""속성1_레코드명"":""원본 레코드 수"",""속성20_지역_원문"":null,""속성21_지역_현행"":null,""속성22_행정코드P_code"":null,""속성23_설명"":null,""속성2_레코드ID"":null,""속성3_값"":173,""속성4_시점"":""1994-2024"",""속성5_등록표준_출처"":null,""속성6_분류"":null,""속성7_상태"":null,""속성8_사업자_기관"":null,""속성9_방법론"":null}",,8개 사업이 투자 트랜치·스폰서 분리로 2~3행 중복 등재(예: Pha Lai Thermal 3행). 중복 제거 후 고유 164건,,,,C-012.xlsx,1.2_entity(레코드형),94,
C-012,"PPP 법제도·조달 체계[PPP 법률 유무, PPP 법률 명칭, PPP 전담 기관, 조달 방식(경쟁입찰/협상/비공개), 계약 유형(BOT/BOO/Concession), VfM 평가 의무 여부, PPP 프로젝트 이력]",entity,v124-c-012-entity-00100,C-012_ppp_project_history_ppi_worldbank,VNM,,,,,,,,,참여유형별 건수,,,"{""기술코드_근거문구"":""[기후기술코드] 38대 기후기술 분류체계 기준. 관계유형=미부여 · 근거=원천 자체 분류. 해당 지표의 메타 기후기술코드가 「범용」으로, 개별 레코드에 특정 기술이 성립하지 않음. 매핑 결과: 범용(특정 기후기술을 지목하지 않는 배경 데이터, tech_id 공란)."",""기술코드_판단근거_유형"":""미매핑(범용)"",""속성10_건수"":null,""속성11_발행량_tCO2e"":null,""속성12_소각량_tCO2e"":null,""속성13_배분량_tCO2e"":null,""속성14_연간예상감축_tCO2e"":null,""속성15_빈티지_연도"":null,""속성16_발행일"":null,""속성17_크레딧기간"":null,""속성18_업종"":null,""속성19_원문URL"":""https://ppi.worldbank.org/en/customquery"",""속성1_레코드명"":""참여유형별 건수"",""속성20_지역_원문"":null,""속성21_지역_현행"":null,""속성22_행정코드P_code"":null,""속성23_설명"":null,""속성2_레코드ID"":null,""속성3_값"":10,""속성4_시점"":""1994-2024"",""속성5_등록표준_출처"":null,""속성6_분류"":null,""속성7_상태"":null,""속성8_사업자_기관"":null,""속성9_방법론"":null}",,148+10+6=164건으로 총계와 일치,,,,C-012.xlsx,1.2_entity(레코드형),105,
C-012,"PPP 법제도·조달 체계[PPP 법률 유무, PPP 법률 명칭, PPP 전담 기관, 조달 방식(경쟁입찰/협상/비공개), 계약 유형(BOT/BOO/Concession), VfM 평가 의무 여부, PPP 프로젝트 이력]",entity,v124-c-012-entity-00101,C-012_ppp_project_history_ppi_worldbank,VNM,,,,,,,,,참여유형별 건수,,,"{""기술코드_근거문구"":""[기후기술코드] 38대 기후기술 분류체계 기준. 관계유형=미부여 · 근거=원천 자체 분류. 해당 지표의 메타 기후기술코드가 「범용」으로, 개별 레코드에 특정 기술이 성립하지 않음. 매핑 결과: 범용(특정 기후기술을 지목하지 않는 배경 데이터, tech_id 공란)."",""기술코드_판단근거_유형"":""미매핑(범용)"",""속성10_건수"":null,""속성11_발행량_tCO2e"":null,""속성12_소각량_tCO2e"":null,""속성13_배분량_tCO2e"":null,""속성14_연간예상감축_tCO2e"":null,""속성15_빈티지_연도"":null,""속성16_발행일"":null,""속성17_크레딧기간"":null,""속성18_업종"":null,""속성19_원문URL"":""https://ppi.worldbank.org/en/customquery"",""속성1_레코드명"":""참여유형별 건수"",""속성20_지역_원문"":null,""속성21_지역_현행"":null,""속성22_행정코드P_code"":null,""속성23_설명"":null,""속성2_레코드ID"":null,""속성3_값"":148,""속성4_시점"":""1994-2024"",""속성5_등록표준_출처"":null,""속성6_분류"":null,""속성7_상태"":null,""속성8_사업자_기관"":null,""속성9_방법론"":null}",,전체의 90.2%,,,,C-012.xlsx,1.2_entity(레코드형),104,
C-012,"PPP 법제도·조달 체계[PPP 법률 유무, PPP 법률 명칭, PPP 전담 기관, 조달 방식(경쟁입찰/협상/비공개), 계약 유형(BOT/BOO/Concession), VfM 평가 의무 여부, PPP 프로젝트 이력]",entity,v124-c-012-entity-00102,C-012_ppp_project_history_ppi_worldbank,VNM,,,,,,,,,참여유형별 건수,,,"{""기술코드_근거문구"":""[기후기술코드] 38대 기후기술 분류체계 기준. 관계유형=미부여 · 근거=원천 자체 분류. 해당 지표의 메타 기후기술코드가 「범용」으로, 개별 레코드에 특정 기술이 성립하지 않음. 매핑 결과: 범용(특정 기후기술을 지목하지 않는 배경 데이터, tech_id 공란)."",""기술코드_판단근거_유형"":""미매핑(범용)"",""속성10_건수"":null,""속성11_발행량_tCO2e"":null,""속성12_소각량_tCO2e"":null,""속성13_배분량_tCO2e"":null,""속성14_연간예상감축_tCO2e"":null,""속성15_빈티지_연도"":null,""속성16_발행일"":null,""속성17_크레딧기간"":null,""속성18_업종"":null,""속성19_원문URL"":""https://ppi.worldbank.org/en/customquery"",""속성1_레코드명"":""참여유형별 건수"",""속성20_지역_원문"":null,""속성21_지역_현행"":null,""속성22_행정코드P_code"":null,""속성23_설명"":null,""속성2_레코드ID"":null,""속성3_값"":6,""속성4_시점"":""1994-2024"",""속성5_등록표준_출처"":null,""속성6_분류"":null,""속성7_상태"":null,""속성8_사업자_기관"":null,""속성9_방법론"":null}",,148+10+6=164건으로 총계와 일치,,,,C-012.xlsx,1.2_entity(레코드형),106,
C-012,"PPP 법제도·조달 체계[PPP 법률 유무, PPP 법률 명칭, PPP 전담 기관, 조달 방식(경쟁입찰/협상/비공개), 계약 유형(BOT/BOO/Concession), VfM 평가 의무 여부, PPP 프로젝트 이력]",entity,v124-c-012-entity-00103,C-012_ppp_project_history_ppi_worldbank,VNM,,,,,,,,,총 프로젝트 건수 (지정 출처 기준),,,"{""기술코드_근거문구"":""[기후기술코드] 38대 기후기술 분류체계 기준. 관계유형=미부여 · 근거=원천 자체 분류. 해당 지표의 메타 기후기술코드가 「범용」으로, 개별 레코드에 특정 기술이 성립하지 않음. 매핑 결과: 범용(특정 기후기술을 지목하지 않는 배경 데이터, tech_id 공란)."",""기술코드_판단근거_유형"":""미매핑(범용)"",""속성10_건수"":null,""속성11_발행량_tCO2e"":null,""속성12_소각량_tCO2e"":null,""속성13_배분량_tCO2e"":null,""속성14_연간예상감축_tCO2e"":null,""속성15_빈티지_연도"":null,""속성16_발행일"":null,""속성17_크레딧기간"":null,""속성18_업종"":null,""속성19_원문URL"":""https://ppi.worldbank.org/en/customquery"",""속성1_레코드명"":""총 프로젝트 건수 (지정 출처 기준)"",""속성20_지역_원문"":null,""속성21_지역_현행"":null,""속성22_행정코드P_code"":null,""속성23_설명"":null,""속성2_레코드ID"":null,""속성3_값"":164,""속성4_시점"":""1994-2024"",""속성5_등록표준_출처"":null,""속성6_분류"":null,""속성7_상태"":null,""속성8_사업자_기관"":null,""속성9_방법론"":null}",,지정 출처 WB PPI Database Custom Query(Vietnam 전체·전 부문·전 상태) 추출 원데이터 집계. 프로젝트명+재무종결연도 기준 고유 건수. 최초 등재 1994년(Phu My Port),,,,C-012.xlsx,1.2_entity(레코드형),93,
C-012,"PPP 법제도·조달 체계[PPP 법률 유무, PPP 법률 명칭, PPP 전담 기관, 조달 방식(경쟁입찰/협상/비공개), 계약 유형(BOT/BOO/Concession), VfM 평가 의무 여부, PPP 프로젝트 이력]",entity,v124-c-012-entity-00104,C-012_ppp_project_history_ppi_worldbank,VNM,,,,,,,,,최대 규모 사업,,,"{""기술코드_근거문구"":""[기후기술코드] 38대 기후기술 분류체계 기준. 관계유형=미부여 · 근거=원천 자체 분류. 해당 지표의 메타 기후기술코드가 「범용」으로, 개별 레코드에 특정 기술이 성립하지 않음. 매핑 결과: 범용(특정 기후기술을 지목하지 않는 배경 데이터, tech_id 공란)."",""기술코드_판단근거_유형"":""미매핑(범용)"",""속성10_건수"":null,""속성11_발행량_tCO2e"":null,""속성12_소각량_tCO2e"":null,""속성13_배분량_tCO2e"":null,""속성14_연간예상감축_tCO2e"":null,""속성15_빈티지_연도"":null,""속성16_발행일"":null,""속성17_크레딧기간"":null,""속성18_업종"":null,""속성19_원문URL"":""https://ppi.worldbank.org/en/customquery"",""속성1_레코드명"":""최대 규모 사업"",""속성20_지역_원문"":null,""속성21_지역_현행"":null,""속성22_행정코드P_code"":null,""속성23_설명"":null,""속성2_레코드ID"":null,""속성3_값"":2361.66,""속성4_시점"":""2022"",""속성5_등록표준_출처"":null,""속성6_분류"":null,""속성7_상태"":null,""속성8_사업자_기관"":null,""속성9_방법론"":null}",,"차순위: Vung Ang 2 석탄화력(2021, 2,293백만 USD), Nhon Trach 3&4 가스복합(2024, 1,400백만 USD)",,,,C-012.xlsx,1.2_entity(레코드형),117,
C-012,"PPP 법제도·조달 체계[PPP 법률 유무, PPP 법률 명칭, PPP 전담 기관, 조달 방식(경쟁입찰/협상/비공개), 계약 유형(BOT/BOO/Concession), VfM 평가 의무 여부, PPP 프로젝트 이력]",entity,v124-c-012-entity-00105,C-012_ppp_project_history_ppi_worldbank,VNM,,,,,,,,,★ 두 출처의 집계 기준 차이,,,"{""기술코드_근거문구"":""[기후기술코드] 38대 기후기술 분류체계 기준. 관계유형=미부여 · 근거=원천 자체 분류. 해당 지표의 메타 기후기술코드가 「범용」으로, 개별 레코드에 특정 기술이 성립하지 않음. 매핑 결과: 범용(특정 기후기술을 지목하지 않는 배경 데이터, tech_id 공란)."",""기술코드_판단근거_유형"":""미매핑(범용)"",""속성10_건수"":null,""속성11_발행량_tCO2e"":null,""속성12_소각량_tCO2e"":null,""속성13_배분량_tCO2e"":null,""속성14_연간예상감축_tCO2e"":null,""속성15_빈티지_연도"":null,""속성16_발행일"":null,""속성17_크레딧기간"":null,""속성18_업종"":null,""속성19_원문URL"":""https://ppi.worldbank.org/en/methodology/ppi-methodology"",""속성1_레코드명"":""★ 두 출처의 집계 기준 차이"",""속성20_지역_원문"":null,""속성21_지역_현행"":null,""속성22_행정코드P_code"":null,""속성23_설명"":null,""속성2_레코드ID"":null,""속성3_값"":""기준 상이(단순 비교 불가)"",""속성4_시점"":""2026-08-10"",""속성5_등록표준_출처"":null,""속성6_분류"":null,""속성7_상태"":null,""속성8_사업자_기관"":null,""속성9_방법론"":null}",,WB PPI는 ①재무종결(financial closure) 도달 ②민간참여 지분 25% 이상 ③투자규모 하한 충족 사업만 등재하며 지분매각(Divestiture)도 포함. 베트남 정부 통계는 PPP법상 사업계약 체결 기준으로 재무종결 전 사업도 포함. 모수가 다르므로 두 수치를 병기하고 합산·조정하지 않음,,,,C-012.xlsx,1.2_entity(레코드형),118,
C-012,"PPP 법제도·조달 체계[PPP 법률 유무, PPP 법률 명칭, PPP 전담 기관, 조달 방식(경쟁입찰/협상/비공개), 계약 유형(BOT/BOO/Concession), VfM 평가 의무 여부, PPP 프로젝트 이력]",entity,v124-c-012-entity-00106,C-012_ppp_project_history_ppi_worldbank,VNM,,,,,,,,,World Bank PPI,,,"{""기술코드_근거문구"":""[기후기술코드] 38대 기후기술 분류체계 기준. 관계유형=미부여 · 근거=원천 자체 분류. 해당 지표의 메타 기후기술코드가 「범용」으로, 개별 레코드에 특정 기술이 성립하지 않음. 매핑 결과: 범용(특정 기후기술을 지목하지 않는 배경 데이터, tech_id 공란)."",""기술코드_판단근거_유형"":""미매핑(범용)"",""속성10_건수"":null,""속성11_발행량_tCO2e"":null,""속성12_소각량_tCO2e"":null,""속성13_배분량_tCO2e"":null,""속성14_연간예상감축_tCO2e"":null,""속성15_빈티지_연도"":null,""속성16_발행일"":null,""속성17_크레딧기간"":null,""속성18_업종"":null,""속성19_원문URL"":""https://ppi.worldbank.org/en/snapshots/country/vietnam"",""속성1_레코드명"":""World Bank PPI"",""속성20_지역_원문"":null,""속성21_지역_현행"":null,""속성22_행정코드P_code"":null,""속성23_설명"":null,""속성2_레코드ID"":null,""속성3_값"":""ppi.worldbank.org(snapshot)"",""속성4_시점"":null,""속성5_등록표준_출처"":null,""속성6_분류"":null,""속성7_상태"":null,""속성8_사업자_기관"":null,""속성9_방법론"":null}",,JS 웹앱으로 화면 수치 직접 추출 불가 → Custom Query 엑셀 추출로 대체,,,,C-012.xlsx,1.2_entity(레코드형),120,
C-012,"PPP 법제도·조달 체계[PPP 법률 유무, PPP 법률 명칭, PPP 전담 기관, 조달 방식(경쟁입찰/협상/비공개), 계약 유형(BOT/BOO/Concession), VfM 평가 의무 여부, PPP 프로젝트 이력]",entity,v124-c-012-entity-00107,C-012_ppp_project_history_vanban_chinhphu,VNM,,,,,,,,,WB PPP Legal Framework Snapshot – Vietnam(2016),,,"{""기술코드_근거문구"":""[기후기술코드] 38대 기후기술 분류체계 기준. 관계유형=미부여 · 근거=원천 자체 분류. 해당 지표의 메타 기후기술코드가 「범용」으로, 개별 레코드에 특정 기술이 성립하지 않음. 매핑 결과: 범용(특정 기후기술을 지목하지 않는 배경 데이터, tech_id 공란)."",""기술코드_판단근거_유형"":""미매핑(범용)"",""속성10_건수"":null,""속성11_발행량_tCO2e"":null,""속성12_소각량_tCO2e"":null,""속성13_배분량_tCO2e"":null,""속성14_연간예상감축_tCO2e"":null,""속성15_빈티지_연도"":null,""속성16_발행일"":null,""속성17_크레딧기간"":null,""속성18_업종"":null,""속성19_원문URL"":""https://vanban.chinhphu.vn/?pageid=27160&docid=202963"",""속성1_레코드명"":""WB PPP Legal Framework Snapshot – Vietnam(2016)"",""속성20_지역_원문"":null,""속성21_지역_현행"":null,""속성22_행정코드P_code"":null,""속성23_설명"":null,""속성2_레코드ID"":null,""속성3_값"":""ppp.worldbank.org(2016 스냅숏)"",""속성4_시점"":null,""속성5_등록표준_출처"":null,""속성6_분류"":null,""속성7_상태"":null,""속성8_사업자_기관"":null,""속성9_방법론"":null}",,"Decree 15/2015·30/2015, 舊공공투자법(2014)·舊공공조달법(2013) 체계 기준 — 현행 Law 64/2020으로 전면 대체. raw 보관용",,,,C-012.xlsx,1.2_entity(레코드형),123,
C-012,"PPP 법제도·조달 체계[PPP 법률 유무, PPP 법률 명칭, PPP 전담 기관, 조달 방식(경쟁입찰/협상/비공개), 계약 유형(BOT/BOO/Concession), VfM 평가 의무 여부, PPP 프로젝트 이력]",entity,v124-c-012-entity-00108,C-012_ppp_project_history_vanban_chinhphu,VNM,,,,,,,,,WB PPP Resource Center,,,"{""기술코드_근거문구"":""[기후기술코드] 38대 기후기술 분류체계 기준. 관계유형=미부여 · 근거=원천 자체 분류. 해당 지표의 메타 기후기술코드가 「범용」으로, 개별 레코드에 특정 기술이 성립하지 않음. 매핑 결과: 범용(특정 기후기술을 지목하지 않는 배경 데이터, tech_id 공란)."",""기술코드_판단근거_유형"":""미매핑(범용)"",""속성10_건수"":null,""속성11_발행량_tCO2e"":null,""속성12_소각량_tCO2e"":null,""속성13_배분량_tCO2e"":null,""속성14_연간예상감축_tCO2e"":null,""속성15_빈티지_연도"":null,""속성16_발행일"":null,""속성17_크레딧기간"":null,""속성18_업종"":null,""속성19_원문URL"":""https://vanban.chinhphu.vn/?pageid=27160&docid=202963"",""속성1_레코드명"":""WB PPP Resource Center"",""속성20_지역_원문"":null,""속성21_지역_현행"":null,""속성22_행정코드P_code"":null,""속성23_설명"":null,""속성2_레코드ID"":null,""속성3_값"":""ppp.worldbank.org(PPP Laws)"",""속성4_시점"":null,""속성5_등록표준_출처"":null,""속성6_분류"":null,""속성7_상태"":null,""속성8_사업자_기관"":null,""속성9_방법론"":null}",,Decree 35/2021·28/2021 확인처. ※해당 페이지는 PPP법 채택시점을 'June 2021'로 오기(실제 2020.6.18),,,,C-012.xlsx,1.2_entity(레코드형),121,
C-012,"PPP 법제도·조달 체계[PPP 법률 유무, PPP 법률 명칭, PPP 전담 기관, 조달 방식(경쟁입찰/협상/비공개), 계약 유형(BOT/BOO/Concession), VfM 평가 의무 여부, PPP 프로젝트 이력]",entity,v124-c-012-entity-00109,C-012_ppp_project_history_vanban_chinhphu,VNM,,,,,,,,,WB PPP Resource Center,,,"{""기술코드_근거문구"":""[기후기술코드] 38대 기후기술 분류체계 기준. 관계유형=미부여 · 근거=원천 자체 분류. 해당 지표의 메타 기후기술코드가 「범용」으로, 개별 레코드에 특정 기술이 성립하지 않음. 매핑 결과: 범용(특정 기후기술을 지목하지 않는 배경 데이터, tech_id 공란)."",""기술코드_판단근거_유형"":""미매핑(범용)"",""속성10_건수"":null,""속성11_발행량_tCO2e"":null,""속성12_소각량_tCO2e"":null,""속성13_배분량_tCO2e"":null,""속성14_연간예상감축_tCO2e"":null,""속성15_빈티지_연도"":null,""속성16_발행일"":null,""속성17_크레딧기간"":null,""속성18_업종"":null,""속성19_원문URL"":""https://vanban.chinhphu.vn/?pageid=27160&docid=212957"",""속성1_레코드명"":""WB PPP Resource Center"",""속성20_지역_원문"":null,""속성21_지역_현행"":null,""속성22_행정코드P_code"":null,""속성23_설명"":null,""속성2_레코드ID"":null,""속성3_값"":""ppp.worldbank.org(PPP Unit)"",""속성4_시점"":null,""속성5_등록표준_출처"":null,""속성6_분류"":null,""속성7_상태"":null,""속성8_사업자_기관"":null,""속성9_방법론"":null}",,전담기관 정보 수집처(지정 출처와 일치),,,,C-012.xlsx,1.2_entity(레코드형),122,
C-012,"PPP 법제도·조달 체계[PPP 법률 유무, PPP 법률 명칭, PPP 전담 기관, 조달 방식(경쟁입찰/협상/비공개), 계약 유형(BOT/BOO/Concession), VfM 평가 의무 여부, PPP 프로젝트 이력]",entity,v124-c-012-entity-00110,C-012_procurement_method_datafiles_chinhphu,VNM,,,,,,,,,경쟁협상(Đàm phán cạnh tranh),,,"{""기술코드_근거문구"":""[기후기술코드] 38대 기후기술 분류체계 기준. 관계유형=미부여 · 근거=원천 자체 분류. 해당 지표의 메타 기후기술코드가 「범용」으로, 개별 레코드에 특정 기술이 성립하지 않음. 매핑 결과: 범용(특정 기후기술을 지목하지 않는 배경 데이터, tech_id 공란)."",""기술코드_판단근거_유형"":""미매핑(범용)"",""속성10_건수"":null,""속성11_발행량_tCO2e"":null,""속성12_소각량_tCO2e"":null,""속성13_배분량_tCO2e"":null,""속성14_연간예상감축_tCO2e"":null,""속성15_빈티지_연도"":null,""속성16_발행일"":null,""속성17_크레딧기간"":null,""속성18_업종"":null,""속성19_원문URL"":""https://datafiles.chinhphu.vn/cpp/files/vbpq/2025/9/123-vbhn-vpqh.pdf"",""속성1_레코드명"":""경쟁협상(Đàm phán cạnh tranh)"",""속성20_지역_원문"":null,""속성21_지역_현행"":null,""속성22_행정코드P_code"":null,""속성23_설명"":null,""속성2_레코드ID"":null,""속성3_값"":""경쟁협상"",""속성4_시점"":""2025"",""속성5_등록표준_출처"":null,""속성6_분류"":null,""속성7_상태"":null,""속성8_사업자_기관"":null,""속성9_방법론"":null}",,요건: ①적격투자자 3인 이하 ②첨단기술 적용사업 ③신기술 적용사업,,,,C-012.xlsx,1.2_entity(레코드형),41,
C-012,"PPP 법제도·조달 체계[PPP 법률 유무, PPP 법률 명칭, PPP 전담 기관, 조달 방식(경쟁입찰/협상/비공개), 계약 유형(BOT/BOO/Concession), VfM 평가 의무 여부, PPP 프로젝트 이력]",entity,v124-c-012-entity-00111,C-012_procurement_method_datafiles_chinhphu,VNM,,,,,,,,,공개입찰(Đấu thầu rộng rãi),,,"{""기술코드_근거문구"":""[기후기술코드] 38대 기후기술 분류체계 기준. 관계유형=미부여 · 근거=원천 자체 분류. 해당 지표의 메타 기후기술코드가 「범용」으로, 개별 레코드에 특정 기술이 성립하지 않음. 매핑 결과: 범용(특정 기후기술을 지목하지 않는 배경 데이터, tech_id 공란)."",""기술코드_판단근거_유형"":""미매핑(범용)"",""속성10_건수"":null,""속성11_발행량_tCO2e"":null,""속성12_소각량_tCO2e"":null,""속성13_배분량_tCO2e"":null,""속성14_연간예상감축_tCO2e"":null,""속성15_빈티지_연도"":null,""속성16_발행일"":null,""속성17_크레딧기간"":null,""속성18_업종"":null,""속성19_원문URL"":""https://datafiles.chinhphu.vn/cpp/files/vbpq/2025/9/123-vbhn-vpqh.pdf"",""속성1_레코드명"":""공개입찰(Đấu thầu rộng rãi)"",""속성20_지역_원문"":null,""속성21_지역_현행"":null,""속성22_행정코드P_code"":null,""속성23_설명"":null,""속성2_레코드ID"":null,""속성3_값"":""공개입찰"",""속성4_시점"":""2025"",""속성5_등록표준_출처"":null,""속성6_분류"":null,""속성7_상태"":null,""속성8_사업자_기관"":null,""속성9_방법론"":null}",,舊 제37조 제2항(입찰적격사전심사 관련)은 90/2025로 삭제,,,,C-012.xlsx,1.2_entity(레코드형),40,
C-012,"PPP 법제도·조달 체계[PPP 법률 유무, PPP 법률 명칭, PPP 전담 기관, 조달 방식(경쟁입찰/협상/비공개), 계약 유형(BOT/BOO/Concession), VfM 평가 의무 여부, PPP 프로젝트 이력]",entity,v124-c-012-entity-00112,C-012_procurement_method_datafiles_chinhphu,VNM,,,,,,,,,투자자 지명(Chỉ định nhà đầu tư),,,"{""기술코드_근거문구"":""[기후기술코드] 38대 기후기술 분류체계 기준. 관계유형=미부여 · 근거=원천 자체 분류. 해당 지표의 메타 기후기술코드가 「범용」으로, 개별 레코드에 특정 기술이 성립하지 않음. 매핑 결과: 범용(특정 기후기술을 지목하지 않는 배경 데이터, tech_id 공란)."",""기술코드_판단근거_유형"":""미매핑(범용)"",""속성10_건수"":null,""속성11_발행량_tCO2e"":null,""속성12_소각량_tCO2e"":null,""속성13_배분량_tCO2e"":null,""속성14_연간예상감축_tCO2e"":null,""속성15_빈티지_연도"":null,""속성16_발행일"":null,""속성17_크레딧기간"":null,""속성18_업종"":null,""속성19_원문URL"":""https://datafiles.chinhphu.vn/cpp/files/vbpq/2025/9/123-vbhn-vpqh.pdf"",""속성1_레코드명"":""투자자 지명(Chỉ định nhà đầu tư)"",""속성20_지역_원문"":null,""속성21_지역_현행"":null,""속성22_행정코드P_code"":null,""속성23_설명"":null,""속성2_레코드ID"":null,""속성3_값"":""지명(수의계약)"",""속성4_시점"":""2025"",""속성5_등록표준_출처"":null,""속성6_분류"":null,""속성7_상태"":null,""속성8_사업자_기관"":null,""속성9_방법론"":null}",,"국방·국가안보·국가기밀 보호, 전략기술 소유·사용권 보유 투자자, 디지털인프라 연속성 확보 등(90/2025로 지명사유 확대)",,,,C-012.xlsx,1.2_entity(레코드형),42,
C-012,"PPP 법제도·조달 체계[PPP 법률 유무, PPP 법률 명칭, PPP 전담 기관, 조달 방식(경쟁입찰/협상/비공개), 계약 유형(BOT/BOO/Concession), VfM 평가 의무 여부, PPP 프로젝트 이력]",entity,v124-c-012-entity-00113,C-012_procurement_method_datafiles_chinhphu,VNM,,,,,,,,,특별사례 투자자 선정(Trường hợp đặc biệt),,,"{""기술코드_근거문구"":""[기후기술코드] 38대 기후기술 분류체계 기준. 관계유형=미부여 · 근거=원천 자체 분류. 해당 지표의 메타 기후기술코드가 「범용」으로, 개별 레코드에 특정 기술이 성립하지 않음. 매핑 결과: 범용(특정 기후기술을 지목하지 않는 배경 데이터, tech_id 공란)."",""기술코드_판단근거_유형"":""미매핑(범용)"",""속성10_건수"":null,""속성11_발행량_tCO2e"":null,""속성12_소각량_tCO2e"":null,""속성13_배분량_tCO2e"":null,""속성14_연간예상감축_tCO2e"":null,""속성15_빈티지_연도"":null,""속성16_발행일"":null,""속성17_크레딧기간"":null,""속성18_업종"":null,""속성19_원문URL"":""https://datafiles.chinhphu.vn/cpp/files/vbpq/2025/9/123-vbhn-vpqh.pdf"",""속성1_레코드명"":""특별사례 투자자 선정(Trường hợp đặc biệt)"",""속성20_지역_원문"":null,""속성21_지역_현행"":null,""속성22_행정코드P_code"":null,""속성23_설명"":null,""속성2_레코드ID"":null,""속성3_값"":""특별사례"",""속성4_시점"":""2025"",""속성5_등록표준_출처"":null,""속성6_분류"":null,""속성7_상태"":null,""속성8_사업자_기관"":null,""속성9_방법론"":null}",,"국가이익·핵심정책과제, 과학기술혁신 전략사업 등 — 권한기관이 결정, 정부가 세부기준 규정",,,,C-012.xlsx,1.2_entity(레코드형),43,
C-012,"PPP 법제도·조달 체계[PPP 법률 유무, PPP 법률 명칭, PPP 전담 기관, 조달 방식(경쟁입찰/협상/비공개), 계약 유형(BOT/BOO/Concession), VfM 평가 의무 여부, PPP 프로젝트 이력]",entity,v124-c-012-entity-00114,C-012_procurement_method_ppi_worldbank,VNM,,,,,,,,,낙찰방식별 건수,,,"{""기술코드_근거문구"":""[기후기술코드] 38대 기후기술 분류체계 기준. 관계유형=미부여 · 근거=원천 자체 분류. 해당 지표의 메타 기후기술코드가 「범용」으로, 개별 레코드에 특정 기술이 성립하지 않음. 매핑 결과: 범용(특정 기후기술을 지목하지 않는 배경 데이터, tech_id 공란)."",""기술코드_판단근거_유형"":""미매핑(범용)"",""속성10_건수"":null,""속성11_발행량_tCO2e"":null,""속성12_소각량_tCO2e"":null,""속성13_배분량_tCO2e"":null,""속성14_연간예상감축_tCO2e"":null,""속성15_빈티지_연도"":null,""속성16_발행일"":null,""속성17_크레딧기간"":null,""속성18_업종"":null,""속성19_원문URL"":""https://ppi.worldbank.org/en/customquery"",""속성1_레코드명"":""낙찰방식별 건수"",""속성20_지역_원문"":null,""속성21_지역_현행"":null,""속성22_행정코드P_code"":null,""속성23_설명"":null,""속성2_레코드ID"":null,""속성3_값"":1,""속성4_시점"":""1994-2024"",""속성5_등록표준_출처"":null,""속성6_분류"":null,""속성7_상태"":null,""속성8_사업자_기관"":null,""속성9_방법론"":null}",,지정 출처 원데이터 집계(고유 프로젝트 164건 기준). 법 조문상 방식(상단)과 별개로 실제 적용 실적을 병기,,,,C-012.xlsx,1.2_entity(레코드형),47,
C-012,"PPP 법제도·조달 체계[PPP 법률 유무, PPP 법률 명칭, PPP 전담 기관, 조달 방식(경쟁입찰/협상/비공개), 계약 유형(BOT/BOO/Concession), VfM 평가 의무 여부, PPP 프로젝트 이력]",entity,v124-c-012-entity-00115,C-012_procurement_method_ppi_worldbank,VNM,,,,,,,,,낙찰방식별 건수,,,"{""기술코드_근거문구"":""[기후기술코드] 38대 기후기술 분류체계 기준. 관계유형=미부여 · 근거=원천 자체 분류. 해당 지표의 메타 기후기술코드가 「범용」으로, 개별 레코드에 특정 기술이 성립하지 않음. 매핑 결과: 범용(특정 기후기술을 지목하지 않는 배경 데이터, tech_id 공란)."",""기술코드_판단근거_유형"":""미매핑(범용)"",""속성10_건수"":null,""속성11_발행량_tCO2e"":null,""속성12_소각량_tCO2e"":null,""속성13_배분량_tCO2e"":null,""속성14_연간예상감축_tCO2e"":null,""속성15_빈티지_연도"":null,""속성16_발행일"":null,""속성17_크레딧기간"":null,""속성18_업종"":null,""속성19_원문URL"":""https://ppi.worldbank.org/en/customquery"",""속성1_레코드명"":""낙찰방식별 건수"",""속성20_지역_원문"":null,""속성21_지역_현행"":null,""속성22_행정코드P_code"":null,""속성23_설명"":null,""속성2_레코드ID"":null,""속성3_값"":23,""속성4_시점"":""1994-2024"",""속성5_등록표준_출처"":null,""속성6_분류"":null,""속성7_상태"":null,""속성8_사업자_기관"":null,""속성9_방법론"":null}",,지정 출처 원데이터 집계(고유 프로젝트 164건 기준). 법 조문상 방식(상단)과 별개로 실제 적용 실적을 병기,,,,C-012.xlsx,1.2_entity(레코드형),46,
C-012,"PPP 법제도·조달 체계[PPP 법률 유무, PPP 법률 명칭, PPP 전담 기관, 조달 방식(경쟁입찰/협상/비공개), 계약 유형(BOT/BOO/Concession), VfM 평가 의무 여부, PPP 프로젝트 이력]",entity,v124-c-012-entity-00116,C-012_procurement_method_ppi_worldbank,VNM,,,,,,,,,낙찰방식별 건수,,,"{""기술코드_근거문구"":""[기후기술코드] 38대 기후기술 분류체계 기준. 관계유형=미부여 · 근거=원천 자체 분류. 해당 지표의 메타 기후기술코드가 「범용」으로, 개별 레코드에 특정 기술이 성립하지 않음. 매핑 결과: 범용(특정 기후기술을 지목하지 않는 배경 데이터, tech_id 공란)."",""기술코드_판단근거_유형"":""미매핑(범용)"",""속성10_건수"":null,""속성11_발행량_tCO2e"":null,""속성12_소각량_tCO2e"":null,""속성13_배분량_tCO2e"":null,""속성14_연간예상감축_tCO2e"":null,""속성15_빈티지_연도"":null,""속성16_발행일"":null,""속성17_크레딧기간"":null,""속성18_업종"":null,""속성19_원문URL"":""https://ppi.worldbank.org/en/customquery"",""속성1_레코드명"":""낙찰방식별 건수"",""속성20_지역_원문"":null,""속성21_지역_현행"":null,""속성22_행정코드P_code"":null,""속성23_설명"":null,""속성2_레코드ID"":null,""속성3_값"":40,""속성4_시점"":""1994-2024"",""속성5_등록표준_출처"":null,""속성6_분류"":null,""속성7_상태"":null,""속성8_사업자_기관"":null,""속성9_방법론"":null}",,지정 출처 원데이터 집계(고유 프로젝트 164건 기준). 법 조문상 방식(상단)과 별개로 실제 적용 실적을 병기,,,,C-012.xlsx,1.2_entity(레코드형),45,
C-012,"PPP 법제도·조달 체계[PPP 법률 유무, PPP 법률 명칭, PPP 전담 기관, 조달 방식(경쟁입찰/협상/비공개), 계약 유형(BOT/BOO/Concession), VfM 평가 의무 여부, PPP 프로젝트 이력]",entity,v124-c-012-entity-00117,C-012_procurement_method_ppi_worldbank,VNM,,,,,,,,,낙찰방식별 건수,,,"{""기술코드_근거문구"":""[기후기술코드] 38대 기후기술 분류체계 기준. 관계유형=미부여 · 근거=원천 자체 분류. 해당 지표의 메타 기후기술코드가 「범용」으로, 개별 레코드에 특정 기술이 성립하지 않음. 매핑 결과: 범용(특정 기후기술을 지목하지 않는 배경 데이터, tech_id 공란)."",""기술코드_판단근거_유형"":""미매핑(범용)"",""속성10_건수"":null,""속성11_발행량_tCO2e"":null,""속성12_소각량_tCO2e"":null,""속성13_배분량_tCO2e"":null,""속성14_연간예상감축_tCO2e"":null,""속성15_빈티지_연도"":null,""속성16_발행일"":null,""속성17_크레딧기간"":null,""속성18_업종"":null,""속성19_원문URL"":""https://ppi.worldbank.org/en/customquery"",""속성1_레코드명"":""낙찰방식별 건수"",""속성20_지역_원문"":null,""속성21_지역_현행"":null,""속성22_행정코드P_code"":null,""속성23_설명"":null,""속성2_레코드ID"":null,""속성3_값"":46,""속성4_시점"":""1994-2024"",""속성5_등록표준_출처"":null,""속성6_분류"":null,""속성7_상태"":null,""속성8_사업자_기관"":null,""속성9_방법론"":null}",,지정 출처 원데이터 집계(고유 프로젝트 164건 기준). 법 조문상 방식(상단)과 별개로 실제 적용 실적을 병기,,,,C-012.xlsx,1.2_entity(레코드형),44,
C-012,"PPP 법제도·조달 체계[PPP 법률 유무, PPP 법률 명칭, PPP 전담 기관, 조달 방식(경쟁입찰/협상/비공개), 계약 유형(BOT/BOO/Concession), VfM 평가 의무 여부, PPP 프로젝트 이력]",entity,v124-c-012-entity-00118,C-012_procurement_method_ppi_worldbank,VNM,,,,,,,,,낙찰방식별 건수,,,"{""기술코드_근거문구"":""[기후기술코드] 38대 기후기술 분류체계 기준. 관계유형=미부여 · 근거=원천 자체 분류. 해당 지표의 메타 기후기술코드가 「범용」으로, 개별 레코드에 특정 기술이 성립하지 않음. 매핑 결과: 범용(특정 기후기술을 지목하지 않는 배경 데이터, tech_id 공란)."",""기술코드_판단근거_유형"":""미매핑(범용)"",""속성10_건수"":null,""속성11_발행량_tCO2e"":null,""속성12_소각량_tCO2e"":null,""속성13_배분량_tCO2e"":null,""속성14_연간예상감축_tCO2e"":null,""속성15_빈티지_연도"":null,""속성16_발행일"":null,""속성17_크레딧기간"":null,""속성18_업종"":null,""속성19_원문URL"":""https://ppi.worldbank.org/en/customquery"",""속성1_레코드명"":""낙찰방식별 건수"",""속성20_지역_원문"":null,""속성21_지역_현행"":null,""속성22_행정코드P_code"":null,""속성23_설명"":null,""속성2_레코드ID"":null,""속성3_값"":54,""속성4_시점"":""1994-2024"",""속성5_등록표준_출처"":null,""속성6_분류"":null,""속성7_상태"":null,""속성8_사업자_기관"":null,""속성9_방법론"":null}",,지정 출처 원데이터 집계(고유 프로젝트 164건 기준). 법 조문상 방식(상단)과 별개로 실제 적용 실적을 병기,,,,C-012.xlsx,1.2_entity(레코드형),48,
C-012,"PPP 법제도·조달 체계[PPP 법률 유무, PPP 법률 명칭, PPP 전담 기관, 조달 방식(경쟁입찰/협상/비공개), 계약 유형(BOT/BOO/Concession), VfM 평가 의무 여부, PPP 프로젝트 이력]",entity,v124-c-012-entity-00119,C-012_vfm_requirement_datafiles_chinhphu,VNM,,,,,,,,,법 조항 존재 여부,,,"{""기술코드_근거문구"":""[기후기술코드] 38대 기후기술 분류체계 기준. 관계유형=미부여 · 근거=원천 자체 분류. 해당 지표의 메타 기후기술코드가 「범용」으로, 개별 레코드에 특정 기술이 성립하지 않음. 매핑 결과: 범용(특정 기후기술을 지목하지 않는 배경 데이터, tech_id 공란)."",""기술코드_판단근거_유형"":""미매핑(범용)"",""속성10_건수"":null,""속성11_발행량_tCO2e"":null,""속성12_소각량_tCO2e"":null,""속성13_배분량_tCO2e"":null,""속성14_연간예상감축_tCO2e"":null,""속성15_빈티지_연도"":null,""속성16_발행일"":null,""속성17_크레딧기간"":null,""속성18_업종"":null,""속성19_원문URL"":""https://datafiles.chinhphu.vn/cpp/files/vbpq/2025/9/123-vbhn-vpqh.pdf"",""속성1_레코드명"":""법 조항 존재 여부"",""속성20_지역_원문"":null,""속성21_지역_현행"":null,""속성22_행정코드P_code"":null,""속성23_설명"":null,""속성2_레코드ID"":null,""속성3_값"":""명시 조항 확인 안 됨"",""속성4_시점"":""2025"",""속성5_등록표준_출처"":null,""속성6_분류"":null,""속성7_상태"":null,""속성8_사업자_기관"":null,""속성9_방법론"":null}",,"⚠ 확인 필요 — 1차 정리 와이드 파일에는 'VfM 평가 의무=의무'로 기재되어 있었으나, 통합본 원문 전수검색 결과 관련 키워드 0건. 시행령 Nghị định 243/2025/NĐ-CP 원문 확인 권고",,,,C-012.xlsx,1.2_entity(레코드형),56,
C-012,"PPP 법제도·조달 체계[PPP 법률 유무, PPP 법률 명칭, PPP 전담 기관, 조달 방식(경쟁입찰/협상/비공개), 계약 유형(BOT/BOO/Concession), VfM 평가 의무 여부, PPP 프로젝트 이력]",entity,v124-c-012-entity-00120,C-012_vfm_requirement_vanban_chinhphu,VNM,,,,,,,,,시행령 확인 필요,,,"{""기술코드_근거문구"":""[기후기술코드] 38대 기후기술 분류체계 기준. 관계유형=미부여 · 근거=원천 자체 분류. 해당 지표의 메타 기후기술코드가 「범용」으로, 개별 레코드에 특정 기술이 성립하지 않음. 매핑 결과: 범용(특정 기후기술을 지목하지 않는 배경 데이터, tech_id 공란)."",""기술코드_판단근거_유형"":""미매핑(범용)"",""속성10_건수"":null,""속성11_발행량_tCO2e"":null,""속성12_소각량_tCO2e"":null,""속성13_배분량_tCO2e"":null,""속성14_연간예상감축_tCO2e"":null,""속성15_빈티지_연도"":null,""속성16_발행일"":null,""속성17_크레딧기간"":null,""속성18_업종"":null,""속성19_원문URL"":""https://vanban.chinhphu.vn/?pageid=27160&docid=215319"",""속성1_레코드명"":""시행령 확인 필요"",""속성20_지역_원문"":null,""속성21_지역_현행"":null,""속성22_행정코드P_code"":null,""속성23_설명"":null,""속성2_레코드ID"":null,""속성3_값"":null,""속성4_시점"":""2025"",""속성5_등록표준_출처"":null,""속성6_분류"":null,""속성7_상태"":null,""속성8_사업자_기관"":null,""속성9_방법론"":null}",M03,"[M03·구조적 부존] 값 없음(구조적 부존) — Nghị định 243/2025/NĐ-CP 전문 확인 결과 「giá trị đồng tiền(Value for Money)」 평가 요구 조항이 존재하지 않음. 타당성·재무분석·투자자 선정 절차는 상세히 규정하나, PPP와 대안 조달방식을 비교하는 VfM 분석은 독립 요건으로 두지 않음. 공포·시행 2025-09-11",,,,C-012.xlsx,1.2_entity(레코드형),57,
