element_id,element_label,record_type,record_id,indicator_id,country_iso3,year,period_start,period_end,period,statistic_type,source_year_label,value,unit,name,latitude,longitude,attributes_json,missing_reason_code,note,source_org,source_url,license_code,source_file,source_sheet,source_row,publication_decision_id
C-018,"중장기 에너지 전망[전망 기관(IEA/현지 정부), 전망 시나리오명, 에너지원별 수요 전망, 기술별 발전 설비 확충 계획, RE 비중 목표, 전력 수요 성장률]",entity,v124-c-018-entity-00001,C-018_energy_demand_projection_baochinhphu,VNM,,,,,,,,,소규모 재생에너지 표준 PPA,,,"{""기술코드_근거문구"":""[기후기술코드] 38대 기후기술 분류체계 기준. 관계유형=간접 · 근거=원천 자체 분류. 소규모 재생에너지 표준 PPA(Thông tư 10/2025/TT-BCT)·재생에너지 발전가격 산정 통칙(Thông tư 07/2024/TT-BCT) — 적용 대상이 태양광·풍력·바이오에너지. 다분야에 해당하여 2026-08-28 발주처 지시에 따라 tech_id에 ';'로 연결해 복수 기입함(주 기술 1 태양광 기술, 관련 기술 3 풍력 기술·8 바이오에너지 기술). 매핑 결과: 1 태양광 기술; 3 풍력 기술; 8 바이오에너지 기술."",""기술코드_판단근거_유형"":""간접·원천 자체 분류"",""속성10_건수"":null,""속성11_발행량_tCO2e"":null,""속성12_소각량_tCO2e"":null,""속성13_배분량_tCO2e"":null,""속성14_연간예상감축_tCO2e"":null,""속성15_빈티지_연도"":null,""속성16_발행일"":null,""속성17_크레딧기간"":null,""속성18_업종"":null,""속성19_원문URL"":""https://moit.gov.vn/"",""속성1_레코드명"":""소규모 재생에너지 표준 PPA"",""속성20_지역_원문"":null,""속성21_지역_현행"":null,""속성22_행정코드P_code"":null,""속성23_설명"":null,""속성2_레코드ID"":null,""속성3_값"":""Thông tư 10/2025/TT-BCT"",""속성4_시점"":""2025"",""속성5_등록표준_출처"":null,""속성6_분류"":null,""속성7_상태"":null,""속성8_사업자_기관"":null,""속성9_방법론"":null}",,소규모 재생에너지 회피비용(avoided cost) 표준 PPA 근거 통칙,,,,C-018.xlsx,1.2_entity(레코드형),26,
C-018,"중장기 에너지 전망[전망 기관(IEA/현지 정부), 전망 시나리오명, 에너지원별 수요 전망, 기술별 발전 설비 확충 계획, RE 비중 목표, 전력 수요 성장률]",entity,v124-c-018-entity-00002,C-018_energy_demand_projection_baochinhphu,VNM,,,,,,,,,재생에너지 발전가격 산정 통칙,,,"{""기술코드_근거문구"":""[기후기술코드] 38대 기후기술 분류체계 기준. 관계유형=간접 · 근거=원천 자체 분류. 소규모 재생에너지 표준 PPA(Thông tư 10/2025/TT-BCT)·재생에너지 발전가격 산정 통칙(Thông tư 07/2024/TT-BCT) — 적용 대상이 태양광·풍력·바이오에너지. 다분야에 해당하여 2026-08-28 발주처 지시에 따라 tech_id에 ';'로 연결해 복수 기입함(주 기술 1 태양광 기술, 관련 기술 3 풍력 기술·8 바이오에너지 기술). 매핑 결과: 1 태양광 기술; 3 풍력 기술; 8 바이오에너지 기술."",""기술코드_판단근거_유형"":""간접·원천 자체 분류"",""속성10_건수"":null,""속성11_발행량_tCO2e"":null,""속성12_소각량_tCO2e"":null,""속성13_배분량_tCO2e"":null,""속성14_연간예상감축_tCO2e"":null,""속성15_빈티지_연도"":null,""속성16_발행일"":null,""속성17_크레딧기간"":null,""속성18_업종"":null,""속성19_원문URL"":""https://moit.gov.vn/"",""속성1_레코드명"":""재생에너지 발전가격 산정 통칙"",""속성20_지역_원문"":null,""속성21_지역_현행"":null,""속성22_행정코드P_code"":null,""속성23_설명"":null,""속성2_레코드ID"":null,""속성3_값"":""Thông tư 07/2024/TT-BCT"",""속성4_시점"":""2024"",""속성5_등록표준_출처"":null,""속성6_분류"":null,""속성7_상태"":null,""속성8_사업자_기관"":null,""속성9_방법론"":null}",,재생에너지 발전가격 산정 일반 통칙,,,,C-018.xlsx,1.2_entity(레코드형),27,
C-018,"중장기 에너지 전망[전망 기관(IEA/현지 정부), 전망 시나리오명, 에너지원별 수요 전망, 기술별 발전 설비 확충 계획, RE 비중 목표, 전력 수요 성장률]",entity,v124-c-018-entity-00003,C-018_energy_demand_projection_baochinhphu,VNM,,,,,,,,,평균 소매전력가격 밴드,,,"{""기술코드_근거문구"":""[기후기술코드] 38대 기후기술 분류체계 기준. 관계유형=미부여 · 근거=원천 자체 분류. 에너지 수요·전원 계획 집계치로 개별 기술 미지목. 매핑 결과: 미부여(특정 기후기술을 지목하지 않아 tech_id 공란)."",""기술코드_판단근거_유형"":""미매핑"",""속성10_건수"":null,""속성11_발행량_tCO2e"":null,""속성12_소각량_tCO2e"":null,""속성13_배분량_tCO2e"":null,""속성14_연간예상감축_tCO2e"":null,""속성15_빈티지_연도"":null,""속성16_발행일"":null,""속성17_크레딧기간"":null,""속성18_업종"":null,""속성19_원문URL"":""https://baochinhphu.vn/"",""속성1_레코드명"":""평균 소매전력가격 밴드"",""속성20_지역_원문"":null,""속성21_지역_현행"":null,""속성22_행정코드P_code"":null,""속성23_설명"":null,""속성2_레코드ID"":null,""속성3_값"":1826.22,""속성4_시점"":""2025"",""속성5_등록표준_출처"":null,""속성6_분류"":null,""속성7_상태"":null,""속성8_사업자_기관"":null,""속성9_방법론"":null}",,"[하한(min)] 평균 소매전력가격 밴드(khung giá) — Quyết định 07/2025/QĐ-TTg, 부총리 서명. 하한 1,826.22 / 상한 2,444.09 VND/kWh. 검증등급 a",,,,C-018.xlsx,1.2_entity(레코드형),18,
C-018,"중장기 에너지 전망[전망 기관(IEA/현지 정부), 전망 시나리오명, 에너지원별 수요 전망, 기술별 발전 설비 확충 계획, RE 비중 목표, 전력 수요 성장률]",entity,v124-c-018-entity-00004,C-018_energy_demand_projection_baochinhphu,VNM,,,,,,,,,평균 소매전력가격 밴드,,,"{""기술코드_근거문구"":""[기후기술코드] 38대 기후기술 분류체계 기준. 관계유형=미부여 · 근거=원천 자체 분류. 에너지 수요·전원 계획 집계치로 개별 기술 미지목. 매핑 결과: 미부여(특정 기후기술을 지목하지 않아 tech_id 공란)."",""기술코드_판단근거_유형"":""미매핑"",""속성10_건수"":null,""속성11_발행량_tCO2e"":null,""속성12_소각량_tCO2e"":null,""속성13_배분량_tCO2e"":null,""속성14_연간예상감축_tCO2e"":null,""속성15_빈티지_연도"":null,""속성16_발행일"":null,""속성17_크레딧기간"":null,""속성18_업종"":null,""속성19_원문URL"":""https://baochinhphu.vn/"",""속성1_레코드명"":""평균 소매전력가격 밴드"",""속성20_지역_원문"":null,""속성21_지역_현행"":null,""속성22_행정코드P_code"":null,""속성23_설명"":null,""속성2_레코드ID"":null,""속성3_값"":2444.09,""속성4_시점"":""2025"",""속성5_등록표준_출처"":null,""속성6_분류"":null,""속성7_상태"":null,""속성8_사업자_기관"":null,""속성9_방법론"":null}",,"[상한(max)] 평균 소매전력가격 밴드(khung giá) — Quyết định 07/2025/QĐ-TTg, 부총리 서명. 하한 1,826.22 / 상한 2,444.09 VND/kWh. 검증등급 a",,,,C-018.xlsx,1.2_entity(레코드형),19,
C-018,"중장기 에너지 전망[전망 기관(IEA/현지 정부), 전망 시나리오명, 에너지원별 수요 전망, 기술별 발전 설비 확충 계획, RE 비중 목표, 전력 수요 성장률]",entity,v124-c-018-entity-00005,C-018_energy_demand_projection_baochinhphu,VNM,,,,,,,,,구조화 데이터 제공 여부,,,"{""기술코드_근거문구"":""[기후기술코드] 38대 기후기술 분류체계 기준. 관계유형=미부여 · 근거=원천 자체 분류. 에너지 수요·전원 계획 집계치로 개별 기술 미지목. 매핑 결과: 미부여(특정 기후기술을 지목하지 않아 tech_id 공란)."",""기술코드_판단근거_유형"":""미매핑"",""속성10_건수"":null,""속성11_발행량_tCO2e"":null,""속성12_소각량_tCO2e"":null,""속성13_배분량_tCO2e"":null,""속성14_연간예상감축_tCO2e"":null,""속성15_빈티지_연도"":null,""속성16_발행일"":null,""속성17_크레딧기간"":null,""속성18_업종"":null,""속성19_원문URL"":""https://moit.gov.vn/"",""속성1_레코드명"":""구조화 데이터 제공 여부"",""속성20_지역_원문"":null,""속성21_지역_현행"":null,""속성22_행정코드P_code"":null,""속성23_설명"":null,""속성2_레코드ID"":null,""속성3_값"":""미제공(PDF·공고문만)"",""속성4_시점"":""2026"",""속성5_등록표준_출처"":null,""속성6_분류"":null,""속성7_상태"":null,""속성8_사업자_기관"":null,""속성9_방법론"":null}",,전력가격 관련 구조화 데이터(CSV/API) 제공 여부 — 소매단가·상한가·PPA 전 항목이 PDF 또는 HTML 공고문 형태로만 공개됨,,,,C-018.xlsx,1.2_entity(레코드형),28,
C-018,"중장기 에너지 전망[전망 기관(IEA/현지 정부), 전망 시나리오명, 에너지원별 수요 전망, 기술별 발전 설비 확충 계획, RE 비중 목표, 전력 수요 성장률]",entity,v124-c-018-entity-00006,C-018_energy_demand_projection_baochinhphu,VNM,,,,,,,,,육상 근해 풍력 발전 상한가,,,"{""기술코드_근거문구"":""[기후기술코드] 38대 기후기술 분류체계 기준. 관계유형=직접 · 근거=원천 자체 분류. 발전가격 상한 고시의 전원 구분이 육상·근해 풍력으로 특정. 매핑 결과: 3 풍력 기술."",""기술코드_판단근거_유형"":""직접·원천 자체 분류"",""속성10_건수"":null,""속성11_발행량_tCO2e"":null,""속성12_소각량_tCO2e"":null,""속성13_배분량_tCO2e"":null,""속성14_연간예상감축_tCO2e"":null,""속성15_빈티지_연도"":null,""속성16_발행일"":null,""속성17_크레딧기간"":null,""속성18_업종"":null,""속성19_원문URL"":""https://moit.gov.vn/"",""속성1_레코드명"":""육상 근해 풍력 발전 상한가"",""속성20_지역_원문"":null,""속성21_지역_현행"":null,""속성22_행정코드P_code"":null,""속성23_설명"":null,""속성2_레코드ID"":null,""속성3_값"":1807.4,""속성4_시점"":""2025"",""속성5_등록표준_출처"":null,""속성6_분류"":null,""속성7_상태"":null,""속성8_사업자_기관"":null,""속성9_방법론"":null}",,"[하한(min)] 육상·근해 풍력 발전 상한가 2025 — Quyết định 1508/QĐ-BCT. 1,807.4~1,987.4 VND/kWh. 검증등급 b",,,,C-018.xlsx,1.2_entity(레코드형),24,
C-018,"중장기 에너지 전망[전망 기관(IEA/현지 정부), 전망 시나리오명, 에너지원별 수요 전망, 기술별 발전 설비 확충 계획, RE 비중 목표, 전력 수요 성장률]",entity,v124-c-018-entity-00007,C-018_energy_demand_projection_baochinhphu,VNM,,,,,,,,,육상 근해 풍력 발전 상한가,,,"{""기술코드_근거문구"":""[기후기술코드] 38대 기후기술 분류체계 기준. 관계유형=직접 · 근거=원천 자체 분류. 발전가격 상한 고시의 전원 구분이 육상·근해 풍력으로 특정. 매핑 결과: 3 풍력 기술."",""기술코드_판단근거_유형"":""직접·원천 자체 분류"",""속성10_건수"":null,""속성11_발행량_tCO2e"":null,""속성12_소각량_tCO2e"":null,""속성13_배분량_tCO2e"":null,""속성14_연간예상감축_tCO2e"":null,""속성15_빈티지_연도"":null,""속성16_발행일"":null,""속성17_크레딧기간"":null,""속성18_업종"":null,""속성19_원문URL"":""https://moit.gov.vn/"",""속성1_레코드명"":""육상 근해 풍력 발전 상한가"",""속성20_지역_원문"":null,""속성21_지역_현행"":null,""속성22_행정코드P_code"":null,""속성23_설명"":null,""속성2_레코드ID"":null,""속성3_값"":1987.4,""속성4_시점"":""2025"",""속성5_등록표준_출처"":null,""속성6_분류"":null,""속성7_상태"":null,""속성8_사업자_기관"":null,""속성9_방법론"":null}",,"[상한(max)] 육상·근해 풍력 발전 상한가 2025 — Quyết định 1508/QĐ-BCT. 1,807.4~1,987.4 VND/kWh. 검증등급 b",,,,C-018.xlsx,1.2_entity(레코드형),25,
C-018,"중장기 에너지 전망[전망 기관(IEA/현지 정부), 전망 시나리오명, 에너지원별 수요 전망, 기술별 발전 설비 확충 계획, RE 비중 목표, 전력 수요 성장률]",entity,v124-c-018-entity-00008,C-018_energy_demand_projection_baochinhphu,VNM,,,,,,,,,태양광(부유식) 발전 상한가,,,"{""기술코드_근거문구"":""[기후기술코드] 38대 기후기술 분류체계 기준. 관계유형=직접 · 근거=원천 자체 분류. 발전가격 상한(khung giá) 고시의 전원 구분이 태양광(지상형·부유식)으로 특정. 매핑 결과: 1 태양광 기술."",""기술코드_판단근거_유형"":""직접·원천 자체 분류"",""속성10_건수"":null,""속성11_발행량_tCO2e"":null,""속성12_소각량_tCO2e"":null,""속성13_배분량_tCO2e"":null,""속성14_연간예상감축_tCO2e"":null,""속성15_빈티지_연도"":null,""속성16_발행일"":null,""속성17_크레딧기간"":null,""속성18_업종"":null,""속성19_원문URL"":""https://moit.gov.vn/"",""속성1_레코드명"":""태양광(부유식) 발전 상한가"",""속성20_지역_원문"":null,""속성21_지역_현행"":null,""속성22_행정코드P_code"":null,""속성23_설명"":null,""속성2_레코드ID"":null,""속성3_값"":1228.2,""속성4_시점"":""2025"",""속성5_등록표준_출처"":null,""속성6_분류"":null,""속성7_상태"":null,""속성8_사업자_기관"":null,""속성9_방법론"":null}",,"[하한(min)] 태양광 발전 상한가(부유식) 2025 — Quyết định 988/QĐ-BCT. 1,228.2~1,876.57 VND/kWh. 검증등급 b",,,,C-018.xlsx,1.2_entity(레코드형),22,
C-018,"중장기 에너지 전망[전망 기관(IEA/현지 정부), 전망 시나리오명, 에너지원별 수요 전망, 기술별 발전 설비 확충 계획, RE 비중 목표, 전력 수요 성장률]",entity,v124-c-018-entity-00009,C-018_energy_demand_projection_baochinhphu,VNM,,,,,,,,,태양광(부유식) 발전 상한가,,,"{""기술코드_근거문구"":""[기후기술코드] 38대 기후기술 분류체계 기준. 관계유형=직접 · 근거=원천 자체 분류. 발전가격 상한(khung giá) 고시의 전원 구분이 태양광(지상형·부유식)으로 특정. 매핑 결과: 1 태양광 기술."",""기술코드_판단근거_유형"":""직접·원천 자체 분류"",""속성10_건수"":null,""속성11_발행량_tCO2e"":null,""속성12_소각량_tCO2e"":null,""속성13_배분량_tCO2e"":null,""속성14_연간예상감축_tCO2e"":null,""속성15_빈티지_연도"":null,""속성16_발행일"":null,""속성17_크레딧기간"":null,""속성18_업종"":null,""속성19_원문URL"":""https://moit.gov.vn/"",""속성1_레코드명"":""태양광(부유식) 발전 상한가"",""속성20_지역_원문"":null,""속성21_지역_현행"":null,""속성22_행정코드P_code"":null,""속성23_설명"":null,""속성2_레코드ID"":null,""속성3_값"":1876.57,""속성4_시점"":""2025"",""속성5_등록표준_출처"":null,""속성6_분류"":null,""속성7_상태"":null,""속성8_사업자_기관"":null,""속성9_방법론"":null}",,"[상한(max)] 태양광 발전 상한가(부유식) 2025 — Quyết định 988/QĐ-BCT. 1,228.2~1,876.57 VND/kWh. 검증등급 b",,,,C-018.xlsx,1.2_entity(레코드형),23,
C-018,"중장기 에너지 전망[전망 기관(IEA/현지 정부), 전망 시나리오명, 에너지원별 수요 전망, 기술별 발전 설비 확충 계획, RE 비중 목표, 전력 수요 성장률]",entity,v124-c-018-entity-00010,C-018_energy_demand_projection_baochinhphu,VNM,,,,,,,,,태양광(지상형) 발전 상한가,,,"{""기술코드_근거문구"":""[기후기술코드] 38대 기후기술 분류체계 기준. 관계유형=직접 · 근거=원천 자체 분류. 발전가격 상한(khung giá) 고시의 전원 구분이 태양광(지상형·부유식)으로 특정. 매핑 결과: 1 태양광 기술."",""기술코드_판단근거_유형"":""직접·원천 자체 분류"",""속성10_건수"":null,""속성11_발행량_tCO2e"":null,""속성12_소각량_tCO2e"":null,""속성13_배분량_tCO2e"":null,""속성14_연간예상감축_tCO2e"":null,""속성15_빈티지_연도"":null,""속성16_발행일"":null,""속성17_크레딧기간"":null,""속성18_업종"":null,""속성19_원문URL"":""https://moit.gov.vn/"",""속성1_레코드명"":""태양광(지상형) 발전 상한가"",""속성20_지역_원문"":null,""속성21_지역_현행"":null,""속성22_행정코드P_code"":null,""속성23_설명"":null,""속성2_레코드ID"":null,""속성3_값"":1012,""속성4_시점"":""2025"",""속성5_등록표준_출처"":null,""속성6_분류"":null,""속성7_상태"":null,""속성8_사업자_기관"":null,""속성9_방법론"":null}",,"[하한(min)] 태양광 발전 상한가(khung giá phát điện) 2025 — Quyết định 988/QĐ-BCT. 지상형 1,012~1,382.7 VND/kWh(지역·저장장치 유무별). 검증등급 b(원문 403 차단, 언론 교차확인)",,,,C-018.xlsx,1.2_entity(레코드형),20,
C-018,"중장기 에너지 전망[전망 기관(IEA/현지 정부), 전망 시나리오명, 에너지원별 수요 전망, 기술별 발전 설비 확충 계획, RE 비중 목표, 전력 수요 성장률]",entity,v124-c-018-entity-00011,C-018_energy_demand_projection_baochinhphu,VNM,,,,,,,,,태양광(지상형) 발전 상한가,,,"{""기술코드_근거문구"":""[기후기술코드] 38대 기후기술 분류체계 기준. 관계유형=직접 · 근거=원천 자체 분류. 발전가격 상한(khung giá) 고시의 전원 구분이 태양광(지상형·부유식)으로 특정. 매핑 결과: 1 태양광 기술."",""기술코드_판단근거_유형"":""직접·원천 자체 분류"",""속성10_건수"":null,""속성11_발행량_tCO2e"":null,""속성12_소각량_tCO2e"":null,""속성13_배분량_tCO2e"":null,""속성14_연간예상감축_tCO2e"":null,""속성15_빈티지_연도"":null,""속성16_발행일"":null,""속성17_크레딧기간"":null,""속성18_업종"":null,""속성19_원문URL"":""https://moit.gov.vn/"",""속성1_레코드명"":""태양광(지상형) 발전 상한가"",""속성20_지역_원문"":null,""속성21_지역_현행"":null,""속성22_행정코드P_code"":null,""속성23_설명"":null,""속성2_레코드ID"":null,""속성3_값"":1382.7,""속성4_시점"":""2025"",""속성5_등록표준_출처"":null,""속성6_분류"":null,""속성7_상태"":null,""속성8_사업자_기관"":null,""속성9_방법론"":null}",,"[상한(max)] 태양광 발전 상한가(khung giá phát điện) 2025 — Quyết định 988/QĐ-BCT. 지상형 1,012~1,382.7 VND/kWh(지역·저장장치 유무별). 검증등급 b(원문 403 차단, 언론 교차확인)",,,,C-018.xlsx,1.2_entity(레코드형),21,
C-018,"중장기 에너지 전망[전망 기관(IEA/현지 정부), 전망 시나리오명, 에너지원별 수요 전망, 기술별 발전 설비 확충 계획, RE 비중 목표, 전력 수요 성장률]",entity,v124-c-018-entity-00012,C-018_energy_demand_projection_datafiles_chinhphu,VNM,,,,,,,,,LNG 복합화력 발전가격 상한,,,"{""기술코드_근거문구"":""[기후기술코드] 38대 기후기술 분류체계 기준. 관계유형=간접 · 근거=원천 자체 분류. 발전가격 상한 고시의 전원 구분이 LNG 복합화력으로 특정 — 발전효율 기술에 대응. 매핑 결과: 16 발전효율 기술."",""기술코드_판단근거_유형"":""간접·원천 자체 분류"",""속성10_건수"":null,""속성11_발행량_tCO2e"":null,""속성12_소각량_tCO2e"":null,""속성13_배분량_tCO2e"":null,""속성14_연간예상감축_tCO2e"":null,""속성15_빈티지_연도"":null,""속성16_발행일"":null,""속성17_크레딧기간"":null,""속성18_업종"":null,""속성19_원문URL"":""https://moit.gov.vn/van-ban-phap-luat/quyet-dinh-phe-duyet-khung-gia-phat-dien-nha-may-nhiet-dien-tua-bin-khi-chu-trinh-hon-hop-su-dung-khi-hoa-long-lng-nam-2025.html"",""속성1_레코드명"":""LNG 복합화력 발전가격 상한"",""속성20_지역_원문"":null,""속성21_지역_현행"":null,""속성22_행정코드P_code"":null,""속성23_설명"":null,""속성2_레코드ID"":null,""속성3_값"":3327.42,""속성4_시점"":2025,""속성5_등록표준_출처"":null,""속성6_분류"":null,""속성7_상태"":null,""속성8_사업자_기관"":null,""속성9_방법론"":null}",,"Quyết định 1313/QĐ-BCT — 2025년 수입 LNG 사용 복합화력(tua bin khí chu trình hỗn hợp) 발전가격 상한 3,327.42 đồng/kWh(부가세 제외). 산정 전제: 설비용량 1,551,490 kW, 85% 부하 열소비율 6,330.17 BTU/kWh, LNG 수입가 14.05 USD/백만BTU, 수송비 2.59 USD/백만BTU, 환율 25,670 đồng/USD. 수입전력 상한은 별도 결정(2647/QĐ-BCT)으로 규정되어 하위 2개 행에 분리 수록. raw: C-018_전력가격·시장공표_원문확인_2026-08-18.md",,,,C-018.xlsx,1.2_entity(레코드형),30,
C-018,"중장기 에너지 전망[전망 기관(IEA/현지 정부), 전망 시나리오명, 에너지원별 수요 전망, 기술별 발전 설비 확충 계획, RE 비중 목표, 전력 수요 성장률]",entity,v124-c-018-entity-00013,C-018_energy_demand_projection_datafiles_chinhphu,VNM,,,,,,,,,2030→2050 연평균 증가율(CAGR),,,"{""기술코드_근거문구"":""[기후기술코드] 38대 기후기술 분류체계 기준. 관계유형=미부여 · 근거=원천 자체 분류. 에너지 수요·전원 계획 집계치로 개별 기술 미지목. 매핑 결과: 미부여(특정 기후기술을 지목하지 않아 tech_id 공란)."",""기술코드_판단근거_유형"":""미매핑"",""속성10_건수"":null,""속성11_발행량_tCO2e"":null,""속성12_소각량_tCO2e"":null,""속성13_배분량_tCO2e"":null,""속성14_연간예상감축_tCO2e"":null,""속성15_빈티지_연도"":null,""속성16_발행일"":null,""속성17_크레딧기간"":null,""속성18_업종"":null,""속성19_원문URL"":""https://datafiles.chinhphu.vn/cpp/files/vbpq/2025/4/768-ttg.signed.pdf"",""속성1_레코드명"":""2030→2050 연평균 증가율(CAGR)"",""속성20_지역_원문"":null,""속성21_지역_현행"":null,""속성22_행정코드P_code"":null,""속성23_설명"":null,""속성2_레코드ID"":null,""속성3_값"":""약 4.6 %/년 (2030→2050, 상업전력 판매량 기준)"",""속성4_시점"":2030,""속성5_등록표준_출처"":null,""속성6_분류"":null,""속성7_상태"":null,""속성8_사업자_기관"":null,""속성9_방법론"":null}",,"개정 PDP8은 전력수요 증가율을 명시하지 않으나 2030·2050 전망치를 모두 제시하므로 구간 CAGR을 자체 산출함. 상업전력 판매량 기준 하한 4.632 %/년 · 상한 4.615 %/년, 전력 생산+수입 기준 4.533~4.516 %/년, 최대전력(피크) 기준 4.240~4.223 %/년으로 시나리오 폭이 0.02%p 이내. 세부 산출값은 하위 6개 행 참조. raw: C-018_전력가격·시장공표_원문확인_2026-08-18.md",,,,C-018.xlsx,1.2_entity(레코드형),29,
C-018,"중장기 에너지 전망[전망 기관(IEA/현지 정부), 전망 시나리오명, 에너지원별 수요 전망, 기술별 발전 설비 확충 계획, RE 비중 목표, 전력 수요 성장률]",entity,v124-c-018-entity-00014,C-018_energy_demand_projection_datafiles_chinhphu,VNM,,,,,,,,,수입전력 발전가격 상한,,,"{""기술코드_근거문구"":""[기후기술코드] 38대 기후기술 분류체계 기준. 관계유형=미부여 · 근거=원천 자체 분류. 에너지 수요·전원 계획 집계치로 개별 기술 미지목. 매핑 결과: 미부여(특정 기후기술을 지목하지 않아 tech_id 공란)."",""기술코드_판단근거_유형"":""미매핑"",""속성10_건수"":null,""속성11_발행량_tCO2e"":null,""속성12_소각량_tCO2e"":null,""속성13_배분량_tCO2e"":null,""속성14_연간예상감축_tCO2e"":null,""속성15_빈티지_연도"":null,""속성16_발행일"":null,""속성17_크레딧기간"":null,""속성18_업종"":null,""속성19_원문URL"":""https://moit.gov.vn/van-ban-phap-luat/quyet-dinh-ve-viec-phe-duyet-khung-gia-phat-dien-nhap-khau-dien-tu-lao-ve-viet-nam.html"",""속성1_레코드명"":""수입전력 발전가격 상한"",""속성20_지역_원문"":null,""속성21_지역_현행"":null,""속성22_행정코드P_code"":null,""속성23_설명"":null,""속성2_레코드ID"":null,""속성3_값"":6.4,""속성4_시점"":2025,""속성5_등록표준_출처"":null,""속성6_분류"":null,""속성7_상태"":null,""속성8_사업자_기관"":null,""속성9_방법론"":null}",,"Quyết định 2647/QĐ-BCT(2024-10-08) — 라오스로부터의 라오스 수입 풍력 수입전력 발전가격 상한 6.4 UScent/kWh. 적용기간 2025-12-31 ~ 2030-12-31(상업운전 개시분). 국내 수력 2025년 상한(0~1,110 đồng/kWh)·양수발전(1198/QĐ-BCT)과는 별도 체계임. raw: C-018_전력가격·시장공표_원문확인_2026-08-18.md",,,,C-018.xlsx,1.2_entity(레코드형),32,
C-018,"중장기 에너지 전망[전망 기관(IEA/현지 정부), 전망 시나리오명, 에너지원별 수요 전망, 기술별 발전 설비 확충 계획, RE 비중 목표, 전력 수요 성장률]",entity,v124-c-018-entity-00015,C-018_energy_demand_projection_datafiles_chinhphu,VNM,,,,,,,,,수입전력 발전가격 상한,,,"{""기술코드_근거문구"":""[기후기술코드] 38대 기후기술 분류체계 기준. 관계유형=미부여 · 근거=원천 자체 분류. 에너지 수요·전원 계획 집계치로 개별 기술 미지목. 매핑 결과: 미부여(특정 기후기술을 지목하지 않아 tech_id 공란)."",""기술코드_판단근거_유형"":""미매핑"",""속성10_건수"":null,""속성11_발행량_tCO2e"":null,""속성12_소각량_tCO2e"":null,""속성13_배분량_tCO2e"":null,""속성14_연간예상감축_tCO2e"":null,""속성15_빈티지_연도"":null,""속성16_발행일"":null,""속성17_크레딧기간"":null,""속성18_업종"":null,""속성19_원문URL"":""https://moit.gov.vn/van-ban-phap-luat/quyet-dinh-ve-viec-phe-duyet-khung-gia-phat-dien-nhap-khau-dien-tu-lao-ve-viet-nam.html"",""속성1_레코드명"":""수입전력 발전가격 상한"",""속성20_지역_원문"":null,""속성21_지역_현행"":null,""속성22_행정코드P_code"":null,""속성23_설명"":null,""속성2_레코드ID"":null,""속성3_값"":6.78,""속성4_시점"":2025,""속성5_등록표준_출처"":null,""속성6_분류"":null,""속성7_상태"":null,""속성8_사업자_기관"":null,""속성9_방법론"":null}",,"Quyết định 2647/QĐ-BCT(2024-10-08) — 라오스로부터의 라오스 수입 수력 수입전력 발전가격 상한 6.78 UScent/kWh. 적용기간 2025-12-31 ~ 2030-12-31(상업운전 개시분). 국내 수력 2025년 상한(0~1,110 đồng/kWh)·양수발전(1198/QĐ-BCT)과는 별도 체계임. raw: C-018_전력가격·시장공표_원문확인_2026-08-18.md",,,,C-018.xlsx,1.2_entity(레코드형),31,
C-018,"중장기 에너지 전망[전망 기관(IEA/현지 정부), 전망 시나리오명, 에너지원별 수요 전망, 기술별 발전 설비 확충 계획, RE 비중 목표, 전력 수요 성장률]",entity,v124-c-018-entity-00016,C-018_energy_demand_projection_datafiles_chinhphu_2,VNM,,,,,,,,,GDP 성장률 가정 (2026-2030),,,"{""기술코드_근거문구"":""[기후기술코드] 38대 기후기술 분류체계 기준. 관계유형=미부여 · 근거=원천 자체 분류. 에너지 수요·전원 계획 집계치로 개별 기술 미지목. 매핑 결과: 미부여(특정 기후기술을 지목하지 않아 tech_id 공란)."",""기술코드_판단근거_유형"":""미매핑"",""속성10_건수"":null,""속성11_발행량_tCO2e"":null,""속성12_소각량_tCO2e"":null,""속성13_배분량_tCO2e"":null,""속성14_연간예상감축_tCO2e"":null,""속성15_빈티지_연도"":null,""속성16_발행일"":null,""속성17_크레딧기간"":null,""속성18_업종"":null,""속성19_원문URL"":""https://datafiles.chinhphu.vn/cpp/files/vbpq/2025/4/768-ttg.signed.pdf"",""속성1_레코드명"":""GDP 성장률 가정 (2026-2030)"",""속성20_지역_원문"":null,""속성21_지역_현행"":null,""속성22_행정코드P_code"":null,""속성23_설명"":null,""속성2_레코드ID"":null,""속성3_값"":10,""속성4_시점"":""2026-2030"",""속성5_등록표준_출처"":null,""속성6_분류"":null,""속성7_상태"":null,""속성8_사업자_기관"":null,""속성9_방법론"":null}",,주의: C-018의 '전력 수요 성장률'과는 다른 지표,,,,C-018.xlsx,1.2_entity(레코드형),33,
C-018,"중장기 에너지 전망[전망 기관(IEA/현지 정부), 전망 시나리오명, 에너지원별 수요 전망, 기술별 발전 설비 확충 계획, RE 비중 목표, 전력 수요 성장률]",entity,v124-c-018-entity-00017,C-018_energy_demand_projection_datafiles_chinhphu_2,VNM,,,,,,,,,GDP 성장률 가정 (2031-2050),,,"{""기술코드_근거문구"":""[기후기술코드] 38대 기후기술 분류체계 기준. 관계유형=미부여 · 근거=원천 자체 분류. 에너지 수요·전원 계획 집계치로 개별 기술 미지목. 매핑 결과: 미부여(특정 기후기술을 지목하지 않아 tech_id 공란)."",""기술코드_판단근거_유형"":""미매핑"",""속성10_건수"":null,""속성11_발행량_tCO2e"":null,""속성12_소각량_tCO2e"":null,""속성13_배분량_tCO2e"":null,""속성14_연간예상감축_tCO2e"":null,""속성15_빈티지_연도"":null,""속성16_발행일"":null,""속성17_크레딧기간"":null,""속성18_업종"":null,""속성19_원문URL"":""https://datafiles.chinhphu.vn/cpp/files/vbpq/2025/4/768-ttg.signed.pdf"",""속성1_레코드명"":""GDP 성장률 가정 (2031-2050)"",""속성20_지역_원문"":null,""속성21_지역_현행"":null,""속성22_행정코드P_code"":null,""속성23_설명"":null,""속성2_레코드ID"":null,""속성3_값"":7.5,""속성4_시점"":""2031-2050"",""속성5_등록표준_출처"":null,""속성6_분류"":null,""속성7_상태"":null,""속성8_사업자_기관"":null,""속성9_방법론"":null}",,동일,,,,C-018.xlsx,1.2_entity(레코드형),34,
C-018,"중장기 에너지 전망[전망 기관(IEA/현지 정부), 전망 시나리오명, 에너지원별 수요 전망, 기술별 발전 설비 확충 계획, RE 비중 목표, 전력 수요 성장률]",entity,v124-c-018-entity-00018,C-018_energy_demand_projection_datafiles_chinhphu_2,VNM,,,,,,,,,수입 정책 방향,,,"{""기술코드_근거문구"":""[기후기술코드] 38대 기후기술 분류체계 기준. 관계유형=미부여 · 근거=원천 자체 분류. 에너지 수요·전원 계획 집계치로 개별 기술 미지목. 매핑 결과: 미부여(특정 기후기술을 지목하지 않아 tech_id 공란)."",""기술코드_판단근거_유형"":""미매핑"",""속성10_건수"":null,""속성11_발행량_tCO2e"":null,""속성12_소각량_tCO2e"":null,""속성13_배분량_tCO2e"":null,""속성14_연간예상감축_tCO2e"":null,""속성15_빈티지_연도"":null,""속성16_발행일"":null,""속성17_크레딧기간"":null,""속성18_업종"":null,""속성19_원문URL"":""https://datafiles.chinhphu.vn/cpp/files/vbpq/2025/4/768-ttg.signed.pdf"",""속성1_레코드명"":""수입 정책 방향"",""속성20_지역_원문"":null,""속성21_지역_현행"":null,""속성22_행정코드P_code"":null,""속성23_설명"":null,""속성2_레코드ID"":null,""속성3_값"":""ASEAN·GMS 수력 잠재국 수입 확대"",""속성4_시점"":null,""속성5_등록표준_출처"":null,""속성6_분류"":null,""속성7_상태"":null,""속성8_사업자_기관"":null,""속성9_방법론"":null}",,신규 보완: 해외 전원 투자·개발을 통한 베트남 송전도 병행 추진,,,,C-018.xlsx,1.2_entity(레코드형),43,
C-018,"중장기 에너지 전망[전망 기관(IEA/현지 정부), 전망 시나리오명, 에너지원별 수요 전망, 기술별 발전 설비 확충 계획, RE 비중 목표, 전력 수요 성장률]",entity,v124-c-018-entity-00019,C-018_energy_demand_projection_datafiles_chinhphu_2,VNM,,,,,,,,,수입,,,"{""기술코드_근거문구"":""[기후기술코드] 38대 기후기술 분류체계 기준. 관계유형=미부여 · 근거=원천 자체 분류. 에너지 수요·전원 계획 집계치로 개별 기술 미지목. 매핑 결과: 미부여(특정 기후기술을 지목하지 않아 tech_id 공란)."",""기술코드_판단근거_유형"":""미매핑"",""속성10_건수"":null,""속성11_발행량_tCO2e"":null,""속성12_소각량_tCO2e"":null,""속성13_배분량_tCO2e"":null,""속성14_연간예상감축_tCO2e"":null,""속성15_빈티지_연도"":null,""속성16_발행일"":null,""속성17_크레딧기간"":null,""속성18_업종"":null,""속성19_원문URL"":""https://datafiles.chinhphu.vn/cpp/files/vbpq/2025/4/768-ttg.signed.pdf"",""속성1_레코드명"":""수입"",""속성20_지역_원문"":null,""속성21_지역_현행"":null,""속성22_행정코드P_code"":null,""속성23_설명"":null,""속성2_레코드ID"":null,""속성3_값"":12100,""속성4_시점"":""2030"",""속성5_등록표준_출처"":null,""속성6_분류"":null,""속성7_상태"":null,""속성8_사업자_기관"":null,""속성9_방법론"":null}",,[상한(max)] 신규 보완: 라오스는 양국 정부 협정 기반. 중국은 연계 여건에 맞춰 합리적 규모. 여건 유리 시 북부 조기 도입·최대 규모 확대 가능,,,,C-018.xlsx,1.2_entity(레코드형),41,
C-018,"중장기 에너지 전망[전망 기관(IEA/현지 정부), 전망 시나리오명, 에너지원별 수요 전망, 기술별 발전 설비 확충 계획, RE 비중 목표, 전력 수요 성장률]",entity,v124-c-018-entity-00020,C-018_energy_demand_projection_datafiles_chinhphu_2,VNM,,,,,,,,,수입,,,"{""기술코드_근거문구"":""[기후기술코드] 38대 기후기술 분류체계 기준. 관계유형=미부여 · 근거=원천 자체 분류. 에너지 수요·전원 계획 집계치로 개별 기술 미지목. 매핑 결과: 미부여(특정 기후기술을 지목하지 않아 tech_id 공란)."",""기술코드_판단근거_유형"":""미매핑"",""속성10_건수"":null,""속성11_발행량_tCO2e"":null,""속성12_소각량_tCO2e"":null,""속성13_배분량_tCO2e"":null,""속성14_연간예상감축_tCO2e"":null,""속성15_빈티지_연도"":null,""속성16_발행일"":null,""속성17_크레딧기간"":null,""속성18_업종"":null,""속성19_원문URL"":""https://datafiles.chinhphu.vn/cpp/files/vbpq/2025/4/768-ttg.signed.pdf"",""속성1_레코드명"":""수입"",""속성20_지역_원문"":null,""속성21_지역_현행"":null,""속성22_행정코드P_code"":null,""속성23_설명"":null,""속성2_레코드ID"":null,""속성3_값"":14688,""속성4_시점"":""2050"",""속성5_등록표준_출처"":null,""속성6_분류"":null,""속성7_상태"":null,""속성8_사업자_기관"":null,""속성9_방법론"":null}",,신규 보완,,,,C-018.xlsx,1.2_entity(레코드형),42,
C-018,"중장기 에너지 전망[전망 기관(IEA/현지 정부), 전망 시나리오명, 에너지원별 수요 전망, 기술별 발전 설비 확충 계획, RE 비중 목표, 전력 수요 성장률]",entity,v124-c-018-entity-00021,C-018_energy_demand_projection_datafiles_chinhphu_2,VNM,,,,,,,,,수입,,,"{""기술코드_근거문구"":""[기후기술코드] 38대 기후기술 분류체계 기준. 관계유형=미부여 · 근거=원천 자체 분류. 에너지 수요·전원 계획 집계치로 개별 기술 미지목. 매핑 결과: 미부여(특정 기후기술을 지목하지 않아 tech_id 공란)."",""기술코드_판단근거_유형"":""미매핑"",""속성10_건수"":null,""속성11_발행량_tCO2e"":null,""속성12_소각량_tCO2e"":null,""속성13_배분량_tCO2e"":null,""속성14_연간예상감축_tCO2e"":null,""속성15_빈티지_연도"":null,""속성16_발행일"":null,""속성17_크레딧기간"":null,""속성18_업종"":null,""속성19_원문URL"":""https://datafiles.chinhphu.vn/cpp/files/vbpq/2025/4/768-ttg.signed.pdf"",""속성1_레코드명"":""수입"",""속성20_지역_원문"":null,""속성21_지역_현행"":null,""속성22_행정코드P_code"":null,""속성23_설명"":null,""속성2_레코드ID"":null,""속성3_값"":9360,""속성4_시점"":""2030"",""속성5_등록표준_출처"":null,""속성6_분류"":null,""속성7_상태"":null,""속성8_사업자_기관"":null,""속성9_방법론"":null}",,[하한(min)] 신규 보완: 라오스는 양국 정부 협정 기반. 중국은 연계 여건에 맞춰 합리적 규모. 여건 유리 시 북부 조기 도입·최대 규모 확대 가능,,,,C-018.xlsx,1.2_entity(레코드형),40,
C-018,"중장기 에너지 전망[전망 기관(IEA/현지 정부), 전망 시나리오명, 에너지원별 수요 전망, 기술별 발전 설비 확충 계획, RE 비중 목표, 전력 수요 성장률]",entity,v124-c-018-entity-00022,C-018_energy_demand_projection_datafiles_chinhphu_2,VNM,,,,,,,,,수출 조건,,,"{""기술코드_근거문구"":""[기후기술코드] 38대 기후기술 분류체계 기준. 관계유형=미부여 · 근거=원천 자체 분류. 에너지 수요·전원 계획 집계치로 개별 기술 미지목. 매핑 결과: 미부여(특정 기후기술을 지목하지 않아 tech_id 공란)."",""기술코드_판단근거_유형"":""미매핑"",""속성10_건수"":null,""속성11_발행량_tCO2e"":null,""속성12_소각량_tCO2e"":null,""속성13_배분량_tCO2e"":null,""속성14_연간예상감축_tCO2e"":null,""속성15_빈티지_연도"":null,""속성16_발행일"":null,""속성17_크레딧기간"":null,""속성18_업종"":null,""속성19_원문URL"":""https://datafiles.chinhphu.vn/cpp/files/vbpq/2025/4/768-ttg.signed.pdf"",""속성1_레코드명"":""수출 조건"",""속성20_지역_원문"":null,""속성21_지역_현행"":null,""속성22_행정코드P_code"":null,""속성23_설명"":null,""속성2_레코드ID"":null,""속성3_값"":""수입측 수요·경제성·안보 충족 시"",""속성4_시점"":null,""속성5_등록표준_출처"":null,""속성6_분류"":null,""속성7_상태"":null,""속성8_사업자_기관"":null,""속성9_방법론"":null}",,"수입국 수요에 따라 상향 가능하되, 높은 경제성 확보 및 국내 에너지안보·국방안보 보장을 전제(원문 p.9·p.10)",,,,C-018.xlsx,1.2_entity(레코드형),39,
C-018,"중장기 에너지 전망[전망 기관(IEA/현지 정부), 전망 시나리오명, 에너지원별 수요 전망, 기술별 발전 설비 확충 계획, RE 비중 목표, 전력 수요 성장률]",entity,v124-c-018-entity-00023,C-018_energy_demand_projection_datafiles_chinhphu_2,VNM,,,,,,,,,수출,,,"{""기술코드_근거문구"":""[기후기술코드] 38대 기후기술 분류체계 기준. 관계유형=미부여 · 근거=원천 자체 분류. 에너지 수요·전원 계획 집계치로 개별 기술 미지목. 매핑 결과: 미부여(특정 기후기술을 지목하지 않아 tech_id 공란)."",""기술코드_판단근거_유형"":""미매핑"",""속성10_건수"":null,""속성11_발행량_tCO2e"":null,""속성12_소각량_tCO2e"":null,""속성13_배분량_tCO2e"":null,""속성14_연간예상감축_tCO2e"":null,""속성15_빈티지_연도"":null,""속성16_발행일"":null,""속성17_크레딧기간"":null,""속성18_업종"":null,""속성19_원문URL"":""https://datafiles.chinhphu.vn/cpp/files/vbpq/2025/4/768-ttg.signed.pdf"",""속성1_레코드명"":""수출"",""속성20_지역_원문"":null,""속성21_지역_현행"":null,""속성22_행정코드P_code"":null,""속성23_설명"":null,""속성2_레코드ID"":null,""속성3_값"":""약 400"",""속성4_시점"":""2030"",""속성5_등록표준_출처"":null,""속성6_분류"":null,""속성7_상태"":null,""속성8_사업자_기관"":null,""속성9_방법론"":null}",,확인필요 해소: 종전 '대상국·조건 원문 미제시'로 두었으나 원문 p.9·p.10에 명시 확인,,,,C-018.xlsx,1.2_entity(레코드형),35,
C-018,"중장기 에너지 전망[전망 기관(IEA/현지 정부), 전망 시나리오명, 에너지원별 수요 전망, 기술별 발전 설비 확충 계획, RE 비중 목표, 전력 수요 성장률]",entity,v124-c-018-entity-00024,C-018_energy_demand_projection_datafiles_chinhphu_2,VNM,,,,,,,,,수출,,,"{""기술코드_근거문구"":""[기후기술코드] 38대 기후기술 분류체계 기준. 관계유형=미부여 · 근거=원천 자체 분류. 에너지 수요·전원 계획 집계치로 개별 기술 미지목. 매핑 결과: 미부여(특정 기후기술을 지목하지 않아 tech_id 공란)."",""기술코드_판단근거_유형"":""미매핑"",""속성10_건수"":null,""속성11_발행량_tCO2e"":null,""속성12_소각량_tCO2e"":null,""속성13_배분량_tCO2e"":null,""속성14_연간예상감축_tCO2e"":null,""속성15_빈티지_연도"":null,""속성16_발행일"":null,""속성17_크레딧기간"":null,""속성18_업종"":null,""속성19_원문URL"":""https://datafiles.chinhphu.vn/cpp/files/vbpq/2025/4/768-ttg.signed.pdf"",""속성1_레코드명"":""수출"",""속성20_지역_원문"":null,""속성21_지역_현행"":null,""속성22_행정코드P_code"":null,""속성23_설명"":null,""속성2_레코드ID"":null,""속성3_값"":10000,""속성4_시점"":""2035"",""속성5_등록표준_출처"":null,""속성6_분류"":null,""속성7_상태"":null,""속성8_사업자_기관"":null,""속성9_방법론"":null}",,[상한(max)] 대상국: 싱가포르·말레이시아 및 역내 기타 파트너. 재생에너지 기반 전원 우선 개발,,,,C-018.xlsx,1.2_entity(레코드형),37,
C-018,"중장기 에너지 전망[전망 기관(IEA/현지 정부), 전망 시나리오명, 에너지원별 수요 전망, 기술별 발전 설비 확충 계획, RE 비중 목표, 전력 수요 성장률]",entity,v124-c-018-entity-00025,C-018_energy_demand_projection_datafiles_chinhphu_2,VNM,,,,,,,,,수출,,,"{""기술코드_근거문구"":""[기후기술코드] 38대 기후기술 분류체계 기준. 관계유형=미부여 · 근거=원천 자체 분류. 에너지 수요·전원 계획 집계치로 개별 기술 미지목. 매핑 결과: 미부여(특정 기후기술을 지목하지 않아 tech_id 공란)."",""기술코드_판단근거_유형"":""미매핑"",""속성10_건수"":null,""속성11_발행량_tCO2e"":null,""속성12_소각량_tCO2e"":null,""속성13_배분량_tCO2e"":null,""속성14_연간예상감축_tCO2e"":null,""속성15_빈티지_연도"":null,""속성16_발행일"":null,""속성17_크레딧기간"":null,""속성18_업종"":null,""속성19_원문URL"":""https://datafiles.chinhphu.vn/cpp/files/vbpq/2025/4/768-ttg.signed.pdf"",""속성1_레코드명"":""수출"",""속성20_지역_원문"":null,""속성21_지역_현행"":null,""속성22_행정코드P_code"":null,""속성23_설명"":null,""속성2_레코드ID"":null,""속성3_값"":10000,""속성4_시점"":""2050"",""속성5_등록표준_출처"":null,""속성6_분류"":null,""속성7_상태"":null,""속성8_사업자_기관"":null,""속성9_방법론"":null}",,신규 보완,,,,C-018.xlsx,1.2_entity(레코드형),38,
C-018,"중장기 에너지 전망[전망 기관(IEA/현지 정부), 전망 시나리오명, 에너지원별 수요 전망, 기술별 발전 설비 확충 계획, RE 비중 목표, 전력 수요 성장률]",entity,v124-c-018-entity-00026,C-018_energy_demand_projection_datafiles_chinhphu_2,VNM,,,,,,,,,수출,,,"{""기술코드_근거문구"":""[기후기술코드] 38대 기후기술 분류체계 기준. 관계유형=미부여 · 근거=원천 자체 분류. 에너지 수요·전원 계획 집계치로 개별 기술 미지목. 매핑 결과: 미부여(특정 기후기술을 지목하지 않아 tech_id 공란)."",""기술코드_판단근거_유형"":""미매핑"",""속성10_건수"":null,""속성11_발행량_tCO2e"":null,""속성12_소각량_tCO2e"":null,""속성13_배분량_tCO2e"":null,""속성14_연간예상감축_tCO2e"":null,""속성15_빈티지_연도"":null,""속성16_발행일"":null,""속성17_크레딧기간"":null,""속성18_업종"":null,""속성19_원문URL"":""https://datafiles.chinhphu.vn/cpp/files/vbpq/2025/4/768-ttg.signed.pdf"",""속성1_레코드명"":""수출"",""속성20_지역_원문"":null,""속성21_지역_현행"":null,""속성22_행정코드P_code"":null,""속성23_설명"":null,""속성2_레코드ID"":null,""속성3_값"":5000,""속성4_시점"":""2035"",""속성5_등록표준_출처"":null,""속성6_분류"":null,""속성7_상태"":null,""속성8_사업자_기관"":null,""속성9_방법론"":null}",,[하한(min)] 대상국: 싱가포르·말레이시아 및 역내 기타 파트너. 재생에너지 기반 전원 우선 개발,,,,C-018.xlsx,1.2_entity(레코드형),36,
C-018,"중장기 에너지 전망[전망 기관(IEA/현지 정부), 전망 시나리오명, 에너지원별 수요 전망, 기술별 발전 설비 확충 계획, RE 비중 목표, 전력 수요 성장률]",entity,v124-c-018-entity-00027,C-018_energy_demand_projection_datafiles_chinhphu_2,VNM,,,,,,,,,공표 주기·형식,,,"{""기술코드_근거문구"":""[기후기술코드] 38대 기후기술 분류체계 기준. 관계유형=미부여 · 근거=원천 자체 분류. 에너지 수요·전원 계획 집계치로 개별 기술 미지목. 매핑 결과: 미부여(특정 기후기술을 지목하지 않아 tech_id 공란)."",""기술코드_판단근거_유형"":""미매핑"",""속성10_건수"":null,""속성11_발행량_tCO2e"":null,""속성12_소각량_tCO2e"":null,""속성13_배분량_tCO2e"":null,""속성14_연간예상감축_tCO2e"":null,""속성15_빈티지_연도"":null,""속성16_발행일"":null,""속성17_크레딧기간"":null,""속성18_업종"":null,""속성19_원문URL"":""https://thuvienphapluat.vn/van-ban/Thuong-mai/Thong-tu-21-2024-TT-BCT-van-hanh-thi-truong-ban-buon-dien-canh-tranh-627880.aspx"",""속성1_레코드명"":""공표 주기·형식"",""속성20_지역_원문"":null,""속성21_지역_현행"":null,""속성22_행정코드P_code"":null,""속성23_설명"":null,""속성2_레코드ID"":null,""속성3_값"":""거래주기 30분 · 공표 D+2일 09:00(발전측) / D+2일 16:00(도매 예정) / D+5일 16:00(도매 확정)"",""속성4_시점"":2026,""속성5_등록표준_출처"":null,""속성6_분류"":null,""속성7_상태"":null,""속성8_사업자_기관"":null,""속성9_방법론"":null}",,"Thông tư 21/2024/TT-BCT(2024-10-10) 제84조 — 계통·시장운영기관(NSMO)은 ⑴ D+2일 09:00 이전 발전사업자 적용 시장 전력량가격·용량가격·전체 시장가격, ⑵ D+2일 16:00 이전 도매구매사업자 적용 예정가격, ⑶ D+5일 16:00 이전 도매구매사업자 적용 확정가격을 D일의 각 거래주기별로 공표한다. 제12조 제2항에 따라 거래주기는 30분이며, 인프라 요건 충족 시 전력규제국이 30분 미만으로 단축을 검토한다. 지정 경로였던 NSMO 시장운영 페이지(nldc.evn.vn/ThiTruongDien)는 robots.txt 차단으로 실화면 확인이 불가하여 공표 의무를 규정한 시행규칙 원문에서 주기·형식을 확보함. raw: C-018_전력가격·시장공표_원문확인_2026-08-18.md",,,,C-018.xlsx,1.2_entity(레코드형),46,
C-018,"중장기 에너지 전망[전망 기관(IEA/현지 정부), 전망 시나리오명, 에너지원별 수요 전망, 기술별 발전 설비 확충 계획, RE 비중 목표, 전력 수요 성장률]",entity,v124-c-018-entity-00028,C-018_energy_demand_projection_datafiles_chinhphu_2,VNM,,,,,,,,,해상풍력 발전 상한가,,,"{""기술코드_근거문구"":""[기후기술코드] 38대 기후기술 분류체계 기준. 관계유형=직접 · 근거=원천 자체 분류. 발전가격 상한 고시의 전원 구분이 해상풍력으로 특정. 매핑 결과: 3 풍력 기술."",""기술코드_판단근거_유형"":""직접·원천 자체 분류"",""속성10_건수"":null,""속성11_발행량_tCO2e"":null,""속성12_소각량_tCO2e"":null,""속성13_배분량_tCO2e"":null,""속성14_연간예상감축_tCO2e"":null,""속성15_빈티지_연도"":null,""속성16_발행일"":null,""속성17_크레딧기간"":null,""속성18_업종"":null,""속성19_원문URL"":""https://baochinhphu.vn/phe-duyet-khung-gia-phat-dien-loai-hinh-nha-may-dien-gio-ngoai-khoi-10225070110000838.htm"",""속성1_레코드명"":""해상풍력 발전 상한가"",""속성20_지역_원문"":null,""속성21_지역_현행"":null,""속성22_행정코드P_code"":null,""속성23_설명"":null,""속성2_레코드ID"":null,""속성3_값"":3078.9,""속성4_시점"":""2025"",""속성5_등록표준_출처"":null,""속성6_분류"":null,""속성7_상태"":null,""속성8_사업자_기관"":null,""속성9_방법론"":null}",,Nam Trung bộ(남중부 해역) 상한 (VAT 제외). QĐ 1824/QĐ-BCT Điều 1,,,,C-018.xlsx,1.2_entity(레코드형),44,
C-018,"중장기 에너지 전망[전망 기관(IEA/현지 정부), 전망 시나리오명, 에너지원별 수요 전망, 기술별 발전 설비 확충 계획, RE 비중 목표, 전력 수요 성장률]",entity,v124-c-018-entity-00029,C-018_energy_demand_projection_datafiles_chinhphu_2,VNM,,,,,,,,,해상풍력 발전 상한가,,,"{""기술코드_근거문구"":""[기후기술코드] 38대 기후기술 분류체계 기준. 관계유형=직접 · 근거=원천 자체 분류. 발전가격 상한 고시의 전원 구분이 해상풍력으로 특정. 매핑 결과: 3 풍력 기술."",""기술코드_판단근거_유형"":""직접·원천 자체 분류"",""속성10_건수"":null,""속성11_발행량_tCO2e"":null,""속성12_소각량_tCO2e"":null,""속성13_배분량_tCO2e"":null,""속성14_연간예상감축_tCO2e"":null,""속성15_빈티지_연도"":null,""속성16_발행일"":null,""속성17_크레딧기간"":null,""속성18_업종"":null,""속성19_원문URL"":""https://baochinhphu.vn/phe-duyet-khung-gia-phat-dien-loai-hinh-nha-may-dien-gio-ngoai-khoi-10225070110000838.htm"",""속성1_레코드명"":""해상풍력 발전 상한가"",""속성20_지역_원문"":null,""속성21_지역_현행"":null,""속성22_행정코드P_code"":null,""속성23_설명"":null,""속성2_레코드ID"":null,""속성3_값"":3868.5,""속성4_시점"":""2025"",""속성5_등록표준_출처"":null,""속성6_분류"":null,""속성7_상태"":null,""속성8_사업자_기관"":null,""속성9_방법론"":null}",,Nam bộ(남부 해역) 상한 (VAT 제외). QĐ 1824/QĐ-BCT Điều 1,,,,C-018.xlsx,1.2_entity(레코드형),47,
C-018,"중장기 에너지 전망[전망 기관(IEA/현지 정부), 전망 시나리오명, 에너지원별 수요 전망, 기술별 발전 설비 확충 계획, RE 비중 목표, 전력 수요 성장률]",entity,v124-c-018-entity-00030,C-018_energy_demand_projection_datafiles_chinhphu_2,VNM,,,,,,,,,해상풍력 발전 상한가,,,"{""기술코드_근거문구"":""[기후기술코드] 38대 기후기술 분류체계 기준. 관계유형=직접 · 근거=원천 자체 분류. 발전가격 상한 고시의 전원 구분이 해상풍력으로 특정. 매핑 결과: 3 풍력 기술."",""기술코드_판단근거_유형"":""직접·원천 자체 분류"",""속성10_건수"":null,""속성11_발행량_tCO2e"":null,""속성12_소각량_tCO2e"":null,""속성13_배분량_tCO2e"":null,""속성14_연간예상감축_tCO2e"":null,""속성15_빈티지_연도"":null,""속성16_발행일"":null,""속성17_크레딧기간"":null,""속성18_업종"":null,""속성19_원문URL"":""https://baochinhphu.vn/phe-duyet-khung-gia-phat-dien-loai-hinh-nha-may-dien-gio-ngoai-khoi-10225070110000838.htm"",""속성1_레코드명"":""해상풍력 발전 상한가"",""속성20_지역_원문"":null,""속성21_지역_현행"":null,""속성22_행정코드P_code"":null,""속성23_설명"":null,""속성2_레코드ID"":null,""속성3_값"":3975.1,""속성4_시점"":""2025"",""속성5_등록표준_출처"":null,""속성6_분류"":null,""속성7_상태"":null,""속성8_사업자_기관"":null,""속성9_방법론"":null}",,Bắc bộ(북부 해역) 상한 (VAT 제외). QĐ 1824/QĐ-BCT Điều 1,,,,C-018.xlsx,1.2_entity(레코드형),45,
C-018,"중장기 에너지 전망[전망 기관(IEA/현지 정부), 전망 시나리오명, 에너지원별 수요 전망, 기술별 발전 설비 확충 계획, RE 비중 목표, 전력 수요 성장률]",entity,v124-c-018-entity-00031,C-018_energy_demand_projection_vanban_chinhphu,VNM,,,,,,,,,DPPA 표준계약서,,,"{""기술코드_근거문구"":""[기후기술코드] 38대 기후기술 분류체계 기준. 관계유형=간접 · 근거=원천 자체 분류. DPPA 표준계약서(Nghị định 57/2025/NĐ-CP 부록 I·II) — 직접전력거래 계통 제도로 전력 통합 기술에 대응. 매핑 결과: 24 전력 통합 기술."",""기술코드_판단근거_유형"":""간접·원천 자체 분류"",""속성10_건수"":null,""속성11_발행량_tCO2e"":null,""속성12_소각량_tCO2e"":null,""속성13_배분량_tCO2e"":null,""속성14_연간예상감축_tCO2e"":null,""속성15_빈티지_연도"":null,""속성16_발행일"":null,""속성17_크레딧기간"":null,""속성18_업종"":null,""속성19_원문URL"":""https://vanban.chinhphu.vn/?pageid=27160&docid=213012"",""속성1_레코드명"":""DPPA 표준계약서"",""속성20_지역_원문"":null,""속성21_지역_현행"":null,""속성22_행정코드P_code"":null,""속성23_설명"":null,""속성2_레코드ID"":null,""속성3_값"":""Nghị định 57/2025/NĐ-CP 부록 I·II"",""속성4_시점"":""2025"",""속성5_등록표준_출처"":null,""속성6_분류"":null,""속성7_상태"":null,""속성8_사업자_기관"":null,""속성9_방법론"":null}",,DPPA 표준계약서 — 별도 통칙이 아니라 시행령 57/2025/NĐ-CP 본문의 부록 I·II에 내장되어 있음,,,,C-018.xlsx,1.2_entity(레코드형),49,
C-018,"중장기 에너지 전망[전망 기관(IEA/현지 정부), 전망 시나리오명, 에너지원별 수요 전망, 기술별 발전 설비 확충 계획, RE 비중 목표, 전력 수요 성장률]",entity,v124-c-018-entity-00032,C-018_energy_demand_projection_vanban_chinhphu,VNM,,,,,,,,,평균 소매전력가격,,,"{""기술코드_근거문구"":""[기후기술코드] 38대 기후기술 분류체계 기준. 관계유형=미부여 · 근거=원천 자체 분류. 에너지 수요·전원 계획 집계치로 개별 기술 미지목. 매핑 결과: 미부여(특정 기후기술을 지목하지 않아 tech_id 공란)."",""기술코드_판단근거_유형"":""미매핑"",""속성10_건수"":null,""속성11_발행량_tCO2e"":null,""속성12_소각량_tCO2e"":null,""속성13_배분량_tCO2e"":null,""속성14_연간예상감축_tCO2e"":null,""속성15_빈티지_연도"":null,""속성16_발행일"":null,""속성17_크레딧기간"":null,""속성18_업종"":null,""속성19_원문URL"":""https://vanban.chinhphu.vn/?docid=213617&pageid=27160"",""속성1_레코드명"":""평균 소매전력가격"",""속성20_지역_원문"":null,""속성21_지역_현행"":null,""속성22_행정코드P_code"":null,""속성23_설명"":null,""속성2_레코드ID"":null,""속성3_값"":2204.0655,""속성4_시점"":""2025"",""속성5_등록표준_출처"":null,""속성6_분류"":null,""속성7_상태"":null,""속성8_사업자_기관"":null,""속성9_방법론"":null}",,"평균 소매전력가격(giá bán lẻ điện bình quân) — EVN Quyết định 599/QĐ-EVN, MOIT Quyết định 1279/QĐ-BCT 근거, 시행 2025-05-10. 검증등급 a",,,,C-018.xlsx,1.2_entity(레코드형),48,
C-018,"중장기 에너지 전망[전망 기관(IEA/현지 정부), 전망 시나리오명, 에너지원별 수요 전망, 기술별 발전 설비 확충 계획, RE 비중 목표, 전력 수요 성장률]",entity,v124-c-018-entity-00033,C-018_generation_capacity_plan,VNM,,,,,,,,,유연성 전원,,,"{""기술코드_근거문구"":""[기후기술코드] 38대 기후기술 분류체계 기준. 관계유형=간접 · 근거=원천 자체 분류. 개정 PDP8(Decision 768/QĐ-TTg) 「유연성 전원(nguồn linh hoạt)」 — 계통 유연성 확보 설비로 전력 통합 기술에 대응. 매핑 결과: 24 전력 통합 기술."",""기술코드_판단근거_유형"":""간접·원천 자체 분류"",""속성10_건수"":null,""속성11_발행량_tCO2e"":null,""속성12_소각량_tCO2e"":null,""속성13_배분량_tCO2e"":null,""속성14_연간예상감축_tCO2e"":null,""속성15_빈티지_연도"":null,""속성16_발행일"":null,""속성17_크레딧기간"":null,""속성18_업종"":null,""속성19_원문URL"":""https://datafiles.chinhphu.vn/cpp/files/vbpq/2025/4/768-ttg.signed.pdf"",""속성1_레코드명"":""유연성 전원"",""속성20_지역_원문"":null,""속성21_지역_현행"":null,""속성22_행정코드P_code"":null,""속성23_설명"":null,""속성2_레코드ID"":null,""속성3_값"":2000,""속성4_시점"":""2030"",""속성5_등록표준_출처"":null,""속성6_분류"":null,""속성7_상태"":null,""속성8_사업자_기관"":null,""속성9_방법론"":null}",,[하한(min)] 전원 구성 비중 1.1–1.3% 신규 보완: 종전 파일은 재생에너지만 수록하고 비-재생 전원을 누락,,,,C-018.xlsx,1.2_entity(레코드형),71,
C-018,"중장기 에너지 전망[전망 기관(IEA/현지 정부), 전망 시나리오명, 에너지원별 수요 전망, 기술별 발전 설비 확충 계획, RE 비중 목표, 전력 수요 성장률]",entity,v124-c-018-entity-00034,C-018_generation_capacity_plan,VNM,,,,,,,,,유연성 전원,,,"{""기술코드_근거문구"":""[기후기술코드] 38대 기후기술 분류체계 기준. 관계유형=간접 · 근거=원천 자체 분류. 개정 PDP8(Decision 768/QĐ-TTg) 「유연성 전원(nguồn linh hoạt)」 — 계통 유연성 확보 설비로 전력 통합 기술에 대응. 매핑 결과: 24 전력 통합 기술."",""기술코드_판단근거_유형"":""간접·원천 자체 분류"",""속성10_건수"":null,""속성11_발행량_tCO2e"":null,""속성12_소각량_tCO2e"":null,""속성13_배분량_tCO2e"":null,""속성14_연간예상감축_tCO2e"":null,""속성15_빈티지_연도"":null,""속성16_발행일"":null,""속성17_크레딧기간"":null,""속성18_업종"":null,""속성19_원문URL"":""https://datafiles.chinhphu.vn/cpp/files/vbpq/2025/4/768-ttg.signed.pdf"",""속성1_레코드명"":""유연성 전원"",""속성20_지역_원문"":null,""속성21_지역_현행"":null,""속성22_행정코드P_code"":null,""속성23_설명"":null,""속성2_레코드ID"":null,""속성3_값"":21333,""속성4_시점"":""2050"",""속성5_등록표준_출처"":null,""속성6_분류"":null,""속성7_상태"":null,""속성8_사업자_기관"":null,""속성9_방법론"":null}",,[하한(min)] 전원 구성 비중 2.8–4.6% 신규 보완: 종전 파일은 재생에너지만 수록하고 비-재생 전원을 누락,,,,C-018.xlsx,1.2_entity(레코드형),105,
C-018,"중장기 에너지 전망[전망 기관(IEA/현지 정부), 전망 시나리오명, 에너지원별 수요 전망, 기술별 발전 설비 확충 계획, RE 비중 목표, 전력 수요 성장률]",entity,v124-c-018-entity-00035,C-018_generation_capacity_plan,VNM,,,,,,,,,유연성 전원,,,"{""기술코드_근거문구"":""[기후기술코드] 38대 기후기술 분류체계 기준. 관계유형=간접 · 근거=원천 자체 분류. 개정 PDP8(Decision 768/QĐ-TTg) 「유연성 전원(nguồn linh hoạt)」 — 계통 유연성 확보 설비로 전력 통합 기술에 대응. 매핑 결과: 24 전력 통합 기술."",""기술코드_판단근거_유형"":""간접·원천 자체 분류"",""속성10_건수"":null,""속성11_발행량_tCO2e"":null,""속성12_소각량_tCO2e"":null,""속성13_배분량_tCO2e"":null,""속성14_연간예상감축_tCO2e"":null,""속성15_빈티지_연도"":null,""속성16_발행일"":null,""속성17_크레딧기간"":null,""속성18_업종"":null,""속성19_원문URL"":""https://datafiles.chinhphu.vn/cpp/files/vbpq/2025/4/768-ttg.signed.pdf"",""속성1_레코드명"":""유연성 전원"",""속성20_지역_원문"":null,""속성21_지역_현행"":null,""속성22_행정코드P_code"":null,""속성23_설명"":null,""속성2_레코드ID"":null,""속성3_값"":3000,""속성4_시점"":""2030"",""속성5_등록표준_출처"":null,""속성6_분류"":null,""속성7_상태"":null,""속성8_사업자_기관"":null,""속성9_방법론"":null}",,[상한(max)] 전원 구성 비중 1.1–1.3% 신규 보완: 종전 파일은 재생에너지만 수록하고 비-재생 전원을 누락,,,,C-018.xlsx,1.2_entity(레코드형),72,
C-018,"중장기 에너지 전망[전망 기관(IEA/현지 정부), 전망 시나리오명, 에너지원별 수요 전망, 기술별 발전 설비 확충 계획, RE 비중 목표, 전력 수요 성장률]",entity,v124-c-018-entity-00036,C-018_generation_capacity_plan,VNM,,,,,,,,,유연성 전원,,,"{""기술코드_근거문구"":""[기후기술코드] 38대 기후기술 분류체계 기준. 관계유형=간접 · 근거=원천 자체 분류. 개정 PDP8(Decision 768/QĐ-TTg) 「유연성 전원(nguồn linh hoạt)」 — 계통 유연성 확보 설비로 전력 통합 기술에 대응. 매핑 결과: 24 전력 통합 기술."",""기술코드_판단근거_유형"":""간접·원천 자체 분류"",""속성10_건수"":null,""속성11_발행량_tCO2e"":null,""속성12_소각량_tCO2e"":null,""속성13_배분량_tCO2e"":null,""속성14_연간예상감축_tCO2e"":null,""속성15_빈티지_연도"":null,""속성16_발행일"":null,""속성17_크레딧기간"":null,""속성18_업종"":null,""속성19_원문URL"":""https://datafiles.chinhphu.vn/cpp/files/vbpq/2025/4/768-ttg.signed.pdf"",""속성1_레코드명"":""유연성 전원"",""속성20_지역_원문"":null,""속성21_지역_현행"":null,""속성22_행정코드P_code"":null,""속성23_설명"":null,""속성2_레코드ID"":null,""속성3_값"":38641,""속성4_시점"":""2050"",""속성5_등록표준_출처"":null,""속성6_분류"":null,""속성7_상태"":null,""속성8_사업자_기관"":null,""속성9_방법론"":null}",,[상한(max)] 전원 구성 비중 2.8–4.6% 신규 보완: 종전 파일은 재생에너지만 수록하고 비-재생 전원을 누락,,,,C-018.xlsx,1.2_entity(레코드형),106,
C-018,"중장기 에너지 전망[전망 기관(IEA/현지 정부), 전망 시나리오명, 에너지원별 수요 전망, 기술별 발전 설비 확충 계획, RE 비중 목표, 전력 수요 성장률]",entity,v124-c-018-entity-00037,C-018_generation_capacity_plan,VNM,,,,,,,,,LNG 화력,,,"{""기술코드_근거문구"":""[기후기술코드] 38대 기후기술 분류체계 기준. 관계유형=간접 · 근거=원천 자체 분류. 개정 PDP8(Decision 768/QĐ-TTg) 전원별 설비용량 계획의 가스·LNG 화력 — 발전효율 기술에 대응. 매핑 결과: 16 발전효율 기술."",""기술코드_판단근거_유형"":""간접·원천 자체 분류"",""속성10_건수"":null,""속성11_발행량_tCO2e"":null,""속성12_소각량_tCO2e"":null,""속성13_배분량_tCO2e"":null,""속성14_연간예상감축_tCO2e"":null,""속성15_빈티지_연도"":null,""속성16_발행일"":null,""속성17_크레딧기간"":null,""속성18_업종"":null,""속성19_원문URL"":""https://datafiles.chinhphu.vn/cpp/files/vbpq/2025/4/768-ttg.signed.pdf"",""속성1_레코드명"":""LNG 화력"",""속성20_지역_원문"":null,""속성21_지역_현행"":null,""속성22_행정코드P_code"":null,""속성23_설명"":null,""속성2_레코드ID"":null,""속성3_값"":22524,""속성4_시점"":""2030"",""속성5_등록표준_출처"":null,""속성6_분류"":null,""속성7_상태"":null,""속성8_사업자_기관"":null,""속성9_방법론"":null}",,전원 구성 비중 9.5–12.3% 신규 보완: 종전 파일은 재생에너지만 수록하고 비-재생 전원을 누락,,,,C-018.xlsx,1.2_entity(레코드형),70,
C-018,"중장기 에너지 전망[전망 기관(IEA/현지 정부), 전망 시나리오명, 에너지원별 수요 전망, 기술별 발전 설비 확충 계획, RE 비중 목표, 전력 수요 성장률]",entity,v124-c-018-entity-00038,C-018_generation_capacity_plan,VNM,,,,,,,,,국내가스 화력,,,"{""기술코드_근거문구"":""[기후기술코드] 38대 기후기술 분류체계 기준. 관계유형=간접 · 근거=원천 자체 분류. 개정 PDP8(Decision 768/QĐ-TTg) 전원별 설비용량 계획의 가스·LNG 화력 — 발전효율 기술에 대응. 매핑 결과: 16 발전효율 기술."",""기술코드_판단근거_유형"":""간접·원천 자체 분류"",""속성10_건수"":null,""속성11_발행량_tCO2e"":null,""속성12_소각량_tCO2e"":null,""속성13_배분량_tCO2e"":null,""속성14_연간예상감축_tCO2e"":null,""속성15_빈티지_연도"":null,""속성16_발행일"":null,""속성17_크레딧기간"":null,""속성18_업종"":null,""속성19_원문URL"":""https://datafiles.chinhphu.vn/cpp/files/vbpq/2025/4/768-ttg.signed.pdf"",""속성1_레코드명"":""국내가스 화력"",""속성20_지역_원문"":null,""속성21_지역_현행"":null,""속성22_행정코드P_code"":null,""속성23_설명"":null,""속성2_레코드ID"":null,""속성3_값"":10861,""속성4_시점"":""2030"",""속성5_등록표준_출처"":null,""속성6_분류"":null,""속성7_상태"":null,""속성8_사업자_기관"":null,""속성9_방법론"":null}",,[하한(min)] 전원 구성 비중 5.9–6.3% 신규 보완: 종전 파일은 재생에너지만 수록하고 비-재생 전원을 누락,,,,C-018.xlsx,1.2_entity(레코드형),68,
C-018,"중장기 에너지 전망[전망 기관(IEA/현지 정부), 전망 시나리오명, 에너지원별 수요 전망, 기술별 발전 설비 확충 계획, RE 비중 목표, 전력 수요 성장률]",entity,v124-c-018-entity-00039,C-018_generation_capacity_plan,VNM,,,,,,,,,국내가스 화력,,,"{""기술코드_근거문구"":""[기후기술코드] 38대 기후기술 분류체계 기준. 관계유형=간접 · 근거=원천 자체 분류. 개정 PDP8(Decision 768/QĐ-TTg) 전원별 설비용량 계획의 가스·LNG 화력 — 발전효율 기술에 대응. 매핑 결과: 16 발전효율 기술."",""기술코드_판단근거_유형"":""간접·원천 자체 분류"",""속성10_건수"":null,""속성11_발행량_tCO2e"":null,""속성12_소각량_tCO2e"":null,""속성13_배분량_tCO2e"":null,""속성14_연간예상감축_tCO2e"":null,""속성15_빈티지_연도"":null,""속성16_발행일"":null,""속성17_크레딧기간"":null,""속성18_업종"":null,""속성19_원문URL"":""https://datafiles.chinhphu.vn/cpp/files/vbpq/2025/4/768-ttg.signed.pdf"",""속성1_레코드명"":""국내가스 화력"",""속성20_지역_원문"":null,""속성21_지역_현행"":null,""속성22_행정코드P_code"":null,""속성23_설명"":null,""속성2_레코드ID"":null,""속성3_값"":14930,""속성4_시점"":""2030"",""속성5_등록표준_출처"":null,""속성6_분류"":null,""속성7_상태"":null,""속성8_사업자_기관"":null,""속성9_방법론"":null}",,[상한(max)] 전원 구성 비중 5.9–6.3% 신규 보완: 종전 파일은 재생에너지만 수록하고 비-재생 전원을 누락,,,,C-018.xlsx,1.2_entity(레코드형),69,
C-018,"중장기 에너지 전망[전망 기관(IEA/현지 정부), 전망 시나리오명, 에너지원별 수요 전망, 기술별 발전 설비 확충 계획, RE 비중 목표, 전력 수요 성장률]",entity,v124-c-018-entity-00040,C-018_generation_capacity_plan,VNM,,,,,,,,,국내가스 화력(LNG 전환),,,"{""기술코드_근거문구"":""[기후기술코드] 38대 기후기술 분류체계 기준. 관계유형=간접 · 근거=원천 자체 분류. 개정 PDP8(Decision 768/QĐ-TTg) 전원별 설비용량 계획의 가스·LNG 화력 — 발전효율 기술에 대응. 매핑 결과: 16 발전효율 기술."",""기술코드_판단근거_유형"":""간접·원천 자체 분류"",""속성10_건수"":null,""속성11_발행량_tCO2e"":null,""속성12_소각량_tCO2e"":null,""속성13_배분량_tCO2e"":null,""속성14_연간예상감축_tCO2e"":null,""속성15_빈티지_연도"":null,""속성16_발행일"":null,""속성17_크레딧기간"":null,""속성18_업종"":null,""속성19_원문URL"":""https://datafiles.chinhphu.vn/cpp/files/vbpq/2025/4/768-ttg.signed.pdf"",""속성1_레코드명"":""국내가스 화력(LNG 전환)"",""속성20_지역_원문"":null,""속성21_지역_현행"":null,""속성22_행정코드P_code"":null,""속성23_설명"":null,""속성2_레코드ID"":null,""속성3_값"":7900,""속성4_시점"":""2050"",""속성5_등록표준_출처"":null,""속성6_분류"":null,""속성7_상태"":null,""속성8_사업자_기관"":null,""속성9_방법론"":null}",,전원 구성 비중 0.9–1.0% 신규 보완: 종전 파일은 재생에너지만 수록하고 비-재생 전원을 누락,,,,C-018.xlsx,1.2_entity(레코드형),97,
C-018,"중장기 에너지 전망[전망 기관(IEA/현지 정부), 전망 시나리오명, 에너지원별 수요 전망, 기술별 발전 설비 확충 계획, RE 비중 목표, 전력 수요 성장률]",entity,v124-c-018-entity-00041,C-018_generation_capacity_plan,VNM,,,,,,,,,석탄화력,,,"{""기술코드_근거문구"":""[기후기술코드] 38대 기후기술 분류체계 기준. 관계유형=간접 · 근거=원천 자체 분류. 개정 PDP8(Decision 768/QĐ-TTg) 전원별 설비용량 계획의 석탄화력 — 무저감 석탄 축소·발전효율 개선 기술에 대응. 매핑 결과: 16 발전효율 기술."",""기술코드_판단근거_유형"":""간접·원천 자체 분류"",""속성10_건수"":null,""속성11_발행량_tCO2e"":null,""속성12_소각량_tCO2e"":null,""속성13_배분량_tCO2e"":null,""속성14_연간예상감축_tCO2e"":null,""속성15_빈티지_연도"":null,""속성16_발행일"":null,""속성17_크레딧기간"":null,""속성18_업종"":null,""속성19_원문URL"":""https://datafiles.chinhphu.vn/cpp/files/vbpq/2025/4/768-ttg.signed.pdf"",""속성1_레코드명"":""석탄화력"",""속성20_지역_원문"":null,""속성21_지역_현행"":null,""속성22_행정코드P_code"":null,""속성23_설명"":null,""속성2_레코드ID"":null,""속성3_값"":0,""속성4_시점"":""2050"",""속성5_등록표준_출처"":null,""속성6_분류"":null,""속성7_상태"":null,""속성8_사업자_기관"":null,""속성9_방법론"":null}",,전원 구성 비중 0% 신규 보완: 종전 파일은 재생에너지만 수록하고 비-재생 전원을 누락,,,,C-018.xlsx,1.2_entity(레코드형),95,
C-018,"중장기 에너지 전망[전망 기관(IEA/현지 정부), 전망 시나리오명, 에너지원별 수요 전망, 기술별 발전 설비 확충 계획, RE 비중 목표, 전력 수요 성장률]",entity,v124-c-018-entity-00042,C-018_generation_capacity_plan,VNM,,,,,,,,,석탄화력,,,"{""기술코드_근거문구"":""[기후기술코드] 38대 기후기술 분류체계 기준. 관계유형=간접 · 근거=원천 자체 분류. 개정 PDP8(Decision 768/QĐ-TTg) 전원별 설비용량 계획의 석탄화력 — 무저감 석탄 축소·발전효율 개선 기술에 대응. 매핑 결과: 16 발전효율 기술."",""기술코드_판단근거_유형"":""간접·원천 자체 분류"",""속성10_건수"":null,""속성11_발행량_tCO2e"":null,""속성12_소각량_tCO2e"":null,""속성13_배분량_tCO2e"":null,""속성14_연간예상감축_tCO2e"":null,""속성15_빈티지_연도"":null,""속성16_발행일"":null,""속성17_크레딧기간"":null,""속성18_업종"":null,""속성19_원문URL"":""https://datafiles.chinhphu.vn/cpp/files/vbpq/2025/4/768-ttg.signed.pdf"",""속성1_레코드명"":""석탄화력"",""속성20_지역_원문"":null,""속성21_지역_현행"":null,""속성22_행정코드P_code"":null,""속성23_설명"":null,""속성2_레코드ID"":null,""속성3_값"":31055,""속성4_시점"":""2030"",""속성5_등록표준_출처"":null,""속성6_분류"":null,""속성7_상태"":null,""속성8_사업자_기관"":null,""속성9_방법론"":null}",,전원 구성 비중 13.1–16.9% 신규 보완: 종전 파일은 재생에너지만 수록하고 비-재생 전원을 누락,,,,C-018.xlsx,1.2_entity(레코드형),67,
C-018,"중장기 에너지 전망[전망 기관(IEA/현지 정부), 전망 시나리오명, 에너지원별 수요 전망, 기술별 발전 설비 확충 계획, RE 비중 목표, 전력 수요 성장률]",entity,v124-c-018-entity-00043,C-018_generation_capacity_plan,VNM,,,,,,,,,2030 배출 전망,,,"{""기술코드_근거문구"":""[기후기술코드] 38대 기후기술 분류체계 기준. 관계유형=미부여 · 근거=원천 자체 분류. 전원 합계·수입전력·배출 전망 등 집계 항목으로 개별 기술 미지목. 매핑 결과: 미부여(특정 기후기술을 지목하지 않아 tech_id 공란)."",""기술코드_판단근거_유형"":""미매핑"",""속성10_건수"":null,""속성11_발행량_tCO2e"":null,""속성12_소각량_tCO2e"":null,""속성13_배분량_tCO2e"":null,""속성14_연간예상감축_tCO2e"":null,""속성15_빈티지_연도"":null,""속성16_발행일"":null,""속성17_크레딧기간"":null,""속성18_업종"":null,""속성19_원문URL"":""https://datafiles.chinhphu.vn/cpp/files/vbpq/2025/4/768-ttg.signed.pdf"",""속성1_레코드명"":""2030 배출 전망"",""속성20_지역_원문"":null,""속성21_지역_현행"":null,""속성22_행정코드P_code"":null,""속성23_설명"":null,""속성2_레코드ID"":null,""속성3_값"":197,""속성4_시점"":""2030"",""속성5_등록표준_출처"":null,""속성6_분류"":null,""속성7_상태"":null,""속성8_사업자_기관"":null,""속성9_방법론"":null}",,[하한(min)] JETP(Just Energy Transition Partnership) 공약 완전 이행 시 피크 배출 170백만톤 이하 조건부,,,,C-018.xlsx,1.2_entity(레코드형),112,
C-018,"중장기 에너지 전망[전망 기관(IEA/현지 정부), 전망 시나리오명, 에너지원별 수요 전망, 기술별 발전 설비 확충 계획, RE 비중 목표, 전력 수요 성장률]",entity,v124-c-018-entity-00044,C-018_generation_capacity_plan,VNM,,,,,,,,,2030 배출 전망,,,"{""기술코드_근거문구"":""[기후기술코드] 38대 기후기술 분류체계 기준. 관계유형=미부여 · 근거=원천 자체 분류. 전원 합계·수입전력·배출 전망 등 집계 항목으로 개별 기술 미지목. 매핑 결과: 미부여(특정 기후기술을 지목하지 않아 tech_id 공란)."",""기술코드_판단근거_유형"":""미매핑"",""속성10_건수"":null,""속성11_발행량_tCO2e"":null,""속성12_소각량_tCO2e"":null,""속성13_배분량_tCO2e"":null,""속성14_연간예상감축_tCO2e"":null,""속성15_빈티지_연도"":null,""속성16_발행일"":null,""속성17_크레딧기간"":null,""속성18_업종"":null,""속성19_원문URL"":""https://datafiles.chinhphu.vn/cpp/files/vbpq/2025/4/768-ttg.signed.pdf"",""속성1_레코드명"":""2030 배출 전망"",""속성20_지역_원문"":null,""속성21_지역_현행"":null,""속성22_행정코드P_code"":null,""속성23_설명"":null,""속성2_레코드ID"":null,""속성3_값"":199,""속성4_시점"":""2030"",""속성5_등록표준_출처"":null,""속성6_분류"":null,""속성7_상태"":null,""속성8_사업자_기관"":null,""속성9_방법론"":null}",,[상한(max)] JETP(Just Energy Transition Partnership) 공약 완전 이행 시 피크 배출 170백만톤 이하 조건부,,,,C-018.xlsx,1.2_entity(레코드형),113,
C-018,"중장기 에너지 전망[전망 기관(IEA/현지 정부), 전망 시나리오명, 에너지원별 수요 전망, 기술별 발전 설비 확충 계획, RE 비중 목표, 전력 수요 성장률]",entity,v124-c-018-entity-00045,C-018_generation_capacity_plan,VNM,,,,,,,,,2050 배출 전망,,,"{""기술코드_근거문구"":""[기후기술코드] 38대 기후기술 분류체계 기준. 관계유형=미부여 · 근거=원천 자체 분류. 전원 합계·수입전력·배출 전망 등 집계 항목으로 개별 기술 미지목. 매핑 결과: 미부여(특정 기후기술을 지목하지 않아 tech_id 공란)."",""기술코드_판단근거_유형"":""미매핑"",""속성10_건수"":null,""속성11_발행량_tCO2e"":null,""속성12_소각량_tCO2e"":null,""속성13_배분량_tCO2e"":null,""속성14_연간예상감축_tCO2e"":null,""속성15_빈티지_연도"":null,""속성16_발행일"":null,""속성17_크레딧기간"":null,""속성18_업종"":null,""속성19_원문URL"":""https://datafiles.chinhphu.vn/cpp/files/vbpq/2025/4/768-ttg.signed.pdf"",""속성1_레코드명"":""2050 배출 전망"",""속성20_지역_원문"":null,""속성21_지역_현행"":null,""속성22_행정코드P_code"":null,""속성23_설명"":null,""속성2_레코드ID"":null,""속성3_값"":27,""속성4_시점"":""2050"",""속성5_등록표준_출처"":null,""속성6_분류"":null,""속성7_상태"":null,""속성8_사업자_기관"":null,""속성9_방법론"":null}",,JETP 조건부,,,,C-018.xlsx,1.2_entity(레코드형),114,
C-018,"중장기 에너지 전망[전망 기관(IEA/현지 정부), 전망 시나리오명, 에너지원별 수요 전망, 기술별 발전 설비 확충 계획, RE 비중 목표, 전력 수요 성장률]",entity,v124-c-018-entity-00046,C-018_generation_capacity_plan,VNM,,,,,,,,,수입 전력,,,"{""기술코드_근거문구"":""[기후기술코드] 38대 기후기술 분류체계 기준. 관계유형=미부여 · 근거=원천 자체 분류. 전원 합계·수입전력·배출 전망 등 집계 항목으로 개별 기술 미지목. 매핑 결과: 미부여(특정 기후기술을 지목하지 않아 tech_id 공란)."",""기술코드_판단근거_유형"":""미매핑"",""속성10_건수"":null,""속성11_발행량_tCO2e"":null,""속성12_소각량_tCO2e"":null,""속성13_배분량_tCO2e"":null,""속성14_연간예상감축_tCO2e"":null,""속성15_빈티지_연도"":null,""속성16_발행일"":null,""속성17_크레딧기간"":null,""속성18_업종"":null,""속성19_원문URL"":""https://datafiles.chinhphu.vn/cpp/files/vbpq/2025/4/768-ttg.signed.pdf"",""속성1_레코드명"":""수입 전력"",""속성20_지역_원문"":null,""속성21_지역_현행"":null,""속성22_행정코드P_code"":null,""속성23_설명"":null,""속성2_레코드ID"":null,""속성3_값"":12100,""속성4_시점"":""2030"",""속성5_등록표준_출처"":null,""속성6_분류"":null,""속성7_상태"":null,""속성8_사업자_기관"":null,""속성9_방법론"":null}",,[상한(max)] 전원 구성 비중 4.0–5.1% 신규 보완: 종전 파일은 재생에너지만 수록하고 비-재생 전원을 누락,,,,C-018.xlsx,1.2_entity(레코드형),76,
C-018,"중장기 에너지 전망[전망 기관(IEA/현지 정부), 전망 시나리오명, 에너지원별 수요 전망, 기술별 발전 설비 확충 계획, RE 비중 목표, 전력 수요 성장률]",entity,v124-c-018-entity-00047,C-018_generation_capacity_plan,VNM,,,,,,,,,수입 전력,,,"{""기술코드_근거문구"":""[기후기술코드] 38대 기후기술 분류체계 기준. 관계유형=미부여 · 근거=원천 자체 분류. 전원 합계·수입전력·배출 전망 등 집계 항목으로 개별 기술 미지목. 매핑 결과: 미부여(특정 기후기술을 지목하지 않아 tech_id 공란)."",""기술코드_판단근거_유형"":""미매핑"",""속성10_건수"":null,""속성11_발행량_tCO2e"":null,""속성12_소각량_tCO2e"":null,""속성13_배분량_tCO2e"":null,""속성14_연간예상감축_tCO2e"":null,""속성15_빈티지_연도"":null,""속성16_발행일"":null,""속성17_크레딧기간"":null,""속성18_업종"":null,""속성19_원문URL"":""https://datafiles.chinhphu.vn/cpp/files/vbpq/2025/4/768-ttg.signed.pdf"",""속성1_레코드명"":""수입 전력"",""속성20_지역_원문"":null,""속성21_지역_현행"":null,""속성22_행정코드P_code"":null,""속성23_설명"":null,""속성2_레코드ID"":null,""속성3_값"":14688,""속성4_시점"":""2050"",""속성5_등록표준_출처"":null,""속성6_분류"":null,""속성7_상태"":null,""속성8_사업자_기관"":null,""속성9_방법론"":null}",,전원 구성 비중 1.8–1.9% 신규 보완: 종전 파일은 재생에너지만 수록하고 비-재생 전원을 누락,,,,C-018.xlsx,1.2_entity(레코드형),109,
C-018,"중장기 에너지 전망[전망 기관(IEA/현지 정부), 전망 시나리오명, 에너지원별 수요 전망, 기술별 발전 설비 확충 계획, RE 비중 목표, 전력 수요 성장률]",entity,v124-c-018-entity-00048,C-018_generation_capacity_plan,VNM,,,,,,,,,수입 전력,,,"{""기술코드_근거문구"":""[기후기술코드] 38대 기후기술 분류체계 기준. 관계유형=미부여 · 근거=원천 자체 분류. 전원 합계·수입전력·배출 전망 등 집계 항목으로 개별 기술 미지목. 매핑 결과: 미부여(특정 기후기술을 지목하지 않아 tech_id 공란)."",""기술코드_판단근거_유형"":""미매핑"",""속성10_건수"":null,""속성11_발행량_tCO2e"":null,""속성12_소각량_tCO2e"":null,""속성13_배분량_tCO2e"":null,""속성14_연간예상감축_tCO2e"":null,""속성15_빈티지_연도"":null,""속성16_발행일"":null,""속성17_크레딧기간"":null,""속성18_업종"":null,""속성19_원문URL"":""https://datafiles.chinhphu.vn/cpp/files/vbpq/2025/4/768-ttg.signed.pdf"",""속성1_레코드명"":""수입 전력"",""속성20_지역_원문"":null,""속성21_지역_현행"":null,""속성22_행정코드P_code"":null,""속성23_설명"":null,""속성2_레코드ID"":null,""속성3_값"":9360,""속성4_시점"":""2030"",""속성5_등록표준_출처"":null,""속성6_분류"":null,""속성7_상태"":null,""속성8_사업자_기관"":null,""속성9_방법론"":null}",,[하한(min)] 전원 구성 비중 4.0–5.1% 신규 보완: 종전 파일은 재생에너지만 수록하고 비-재생 전원을 누락,,,,C-018.xlsx,1.2_entity(레코드형),75,
C-018,"중장기 에너지 전망[전망 기관(IEA/현지 정부), 전망 시나리오명, 에너지원별 수요 전망, 기술별 발전 설비 확충 계획, RE 비중 목표, 전력 수요 성장률]",entity,v124-c-018-entity-00049,C-018_generation_capacity_plan,VNM,,,,,,,,,총 설비,,,"{""기술코드_근거문구"":""[기후기술코드] 38대 기후기술 분류체계 기준. 관계유형=미부여 · 근거=원천 자체 분류. 전원 합계·수입전력·배출 전망 등 집계 항목으로 개별 기술 미지목. 매핑 결과: 미부여(특정 기후기술을 지목하지 않아 tech_id 공란)."",""기술코드_판단근거_유형"":""미매핑"",""속성10_건수"":null,""속성11_발행량_tCO2e"":null,""속성12_소각량_tCO2e"":null,""속성13_배분량_tCO2e"":null,""속성14_연간예상감축_tCO2e"":null,""속성15_빈티지_연도"":null,""속성16_발행일"":null,""속성17_크레딧기간"":null,""속성18_업종"":null,""속성19_원문URL"":""https://datafiles.chinhphu.vn/cpp/files/vbpq/2025/4/768-ttg.signed.pdf"",""속성1_레코드명"":""총 설비"",""속성20_지역_원문"":null,""속성21_지역_현행"":null,""속성22_행정코드P_code"":null,""속성23_설명"":null,""속성2_레코드ID"":null,""속성3_값"":183291,""속성4_시점"":""2030"",""속성5_등록표준_출처"":null,""속성6_분류"":null,""속성7_상태"":null,""속성8_사업자_기관"":null,""속성9_방법론"":null}",,[하한(min)] 전원 구성 비중 100% 국내 수요용 기준(수출분 불포함) — 종전 파일에 이 조건이 누락돼 있었음,,,,C-018.xlsx,1.2_entity(레코드형),77,
C-018,"중장기 에너지 전망[전망 기관(IEA/현지 정부), 전망 시나리오명, 에너지원별 수요 전망, 기술별 발전 설비 확충 계획, RE 비중 목표, 전력 수요 성장률]",entity,v124-c-018-entity-00050,C-018_generation_capacity_plan,VNM,,,,,,,,,총 설비,,,"{""기술코드_근거문구"":""[기후기술코드] 38대 기후기술 분류체계 기준. 관계유형=미부여 · 근거=원천 자체 분류. 전원 합계·수입전력·배출 전망 등 집계 항목으로 개별 기술 미지목. 매핑 결과: 미부여(특정 기후기술을 지목하지 않아 tech_id 공란)."",""기술코드_판단근거_유형"":""미매핑"",""속성10_건수"":null,""속성11_발행량_tCO2e"":null,""속성12_소각량_tCO2e"":null,""속성13_배분량_tCO2e"":null,""속성14_연간예상감축_tCO2e"":null,""속성15_빈티지_연도"":null,""속성16_발행일"":null,""속성17_크레딧기간"":null,""속성18_업종"":null,""속성19_원문URL"":""https://datafiles.chinhphu.vn/cpp/files/vbpq/2025/4/768-ttg.signed.pdf"",""속성1_레코드명"":""총 설비"",""속성20_지역_원문"":null,""속성21_지역_현행"":null,""속성22_행정코드P_code"":null,""속성23_설명"":null,""속성2_레코드ID"":null,""속성3_값"":236363,""속성4_시점"":""2030"",""속성5_등록표준_출처"":null,""속성6_분류"":null,""속성7_상태"":null,""속성8_사업자_기관"":null,""속성9_방법론"":null}",,[상한(max)] 전원 구성 비중 100% 국내 수요용 기준(수출분 불포함) — 종전 파일에 이 조건이 누락돼 있었음,,,,C-018.xlsx,1.2_entity(레코드형),78,
C-018,"중장기 에너지 전망[전망 기관(IEA/현지 정부), 전망 시나리오명, 에너지원별 수요 전망, 기술별 발전 설비 확충 계획, RE 비중 목표, 전력 수요 성장률]",entity,v124-c-018-entity-00051,C-018_generation_capacity_plan,VNM,,,,,,,,,총 설비,,,"{""기술코드_근거문구"":""[기후기술코드] 38대 기후기술 분류체계 기준. 관계유형=미부여 · 근거=원천 자체 분류. 전원 합계·수입전력·배출 전망 등 집계 항목으로 개별 기술 미지목. 매핑 결과: 미부여(특정 기후기술을 지목하지 않아 tech_id 공란)."",""기술코드_판단근거_유형"":""미매핑"",""속성10_건수"":null,""속성11_발행량_tCO2e"":null,""속성12_소각량_tCO2e"":null,""속성13_배분량_tCO2e"":null,""속성14_연간예상감축_tCO2e"":null,""속성15_빈티지_연도"":null,""속성16_발행일"":null,""속성17_크레딧기간"":null,""속성18_업종"":null,""속성19_원문URL"":""https://datafiles.chinhphu.vn/cpp/files/vbpq/2025/4/768-ttg.signed.pdf"",""속성1_레코드명"":""총 설비"",""속성20_지역_원문"":null,""속성21_지역_현행"":null,""속성22_행정코드P_code"":null,""속성23_설명"":null,""속성2_레코드ID"":null,""속성3_값"":774503,""속성4_시점"":""2050"",""속성5_등록표준_출처"":null,""속성6_분류"":null,""속성7_상태"":null,""속성8_사업자_기관"":null,""속성9_방법론"":null}",,[하한(min)] 전원 구성 비중 100% 국내 수요용 기준(수출분 불포함) — 종전 파일에 이 조건이 누락돼 있었음,,,,C-018.xlsx,1.2_entity(레코드형),110,
C-018,"중장기 에너지 전망[전망 기관(IEA/현지 정부), 전망 시나리오명, 에너지원별 수요 전망, 기술별 발전 설비 확충 계획, RE 비중 목표, 전력 수요 성장률]",entity,v124-c-018-entity-00052,C-018_generation_capacity_plan,VNM,,,,,,,,,총 설비,,,"{""기술코드_근거문구"":""[기후기술코드] 38대 기후기술 분류체계 기준. 관계유형=미부여 · 근거=원천 자체 분류. 전원 합계·수입전력·배출 전망 등 집계 항목으로 개별 기술 미지목. 매핑 결과: 미부여(특정 기후기술을 지목하지 않아 tech_id 공란)."",""기술코드_판단근거_유형"":""미매핑"",""속성10_건수"":null,""속성11_발행량_tCO2e"":null,""속성12_소각량_tCO2e"":null,""속성13_배분량_tCO2e"":null,""속성14_연간예상감축_tCO2e"":null,""속성15_빈티지_연도"":null,""속성16_발행일"":null,""속성17_크레딧기간"":null,""속성18_업종"":null,""속성19_원문URL"":""https://datafiles.chinhphu.vn/cpp/files/vbpq/2025/4/768-ttg.signed.pdf"",""속성1_레코드명"":""총 설비"",""속성20_지역_원문"":null,""속성21_지역_현행"":null,""속성22_행정코드P_code"":null,""속성23_설명"":null,""속성2_레코드ID"":null,""속성3_값"":838681,""속성4_시점"":""2050"",""속성5_등록표준_출처"":null,""속성6_분류"":null,""속성7_상태"":null,""속성8_사업자_기관"":null,""속성9_방법론"":null}",,[상한(max)] 전원 구성 비중 100% 국내 수요용 기준(수출분 불포함) — 종전 파일에 이 조건이 누락돼 있었음,,,,C-018.xlsx,1.2_entity(레코드형),111,
C-018,"중장기 에너지 전망[전망 기관(IEA/현지 정부), 전망 시나리오명, 에너지원별 수요 전망, 기술별 발전 설비 확충 계획, RE 비중 목표, 전력 수요 성장률]",entity,v124-c-018-entity-00053,C-018_generation_capacity_plan,VNM,,,,,,,,,태양광,,,"{""기술코드_근거문구"":""[기후기술코드] 38대 기후기술 분류체계 기준. 관계유형=직접 · 근거=원천 자체 분류. 개정 PDP8(768/QĐ-TTg) 전원별 설비용량 계획. C-016 동일 레코드명 매핑과 동일 코드 적용. 매핑 결과: 1 태양광 기술."",""기술코드_판단근거_유형"":""직접·원천 자체 분류"",""속성10_건수"":null,""속성11_발행량_tCO2e"":null,""속성12_소각량_tCO2e"":null,""속성13_배분량_tCO2e"":null,""속성14_연간예상감축_tCO2e"":null,""속성15_빈티지_연도"":null,""속성16_발행일"":null,""속성17_크레딧기간"":null,""속성18_업종"":null,""속성19_원문URL"":""https://datafiles.chinhphu.vn/cpp/files/vbpq/2025/4/768-ttg.signed.pdf"",""속성1_레코드명"":""태양광"",""속성20_지역_원문"":null,""속성21_지역_현행"":null,""속성22_행정코드P_code"":null,""속성23_설명"":null,""속성2_레코드ID"":null,""속성3_값"":293088,""속성4_시점"":""2050"",""속성5_등록표준_출처"":null,""속성6_분류"":null,""속성7_상태"":null,""속성8_사업자_기관"":null,""속성9_방법론"":null}",,[하한(min)] 전원 구성 비중 35.3–37.8%,,,,C-018.xlsx,1.2_entity(레코드형),79,
C-018,"중장기 에너지 전망[전망 기관(IEA/현지 정부), 전망 시나리오명, 에너지원별 수요 전망, 기술별 발전 설비 확충 계획, RE 비중 목표, 전력 수요 성장률]",entity,v124-c-018-entity-00054,C-018_generation_capacity_plan,VNM,,,,,,,,,태양광,,,"{""기술코드_근거문구"":""[기후기술코드] 38대 기후기술 분류체계 기준. 관계유형=직접 · 근거=원천 자체 분류. 개정 PDP8(768/QĐ-TTg) 전원별 설비용량 계획. C-016 동일 레코드명 매핑과 동일 코드 적용. 매핑 결과: 1 태양광 기술."",""기술코드_판단근거_유형"":""직접·원천 자체 분류"",""속성10_건수"":null,""속성11_발행량_tCO2e"":null,""속성12_소각량_tCO2e"":null,""속성13_배분량_tCO2e"":null,""속성14_연간예상감축_tCO2e"":null,""속성15_빈티지_연도"":null,""속성16_발행일"":null,""속성17_크레딧기간"":null,""속성18_업종"":null,""속성19_원문URL"":""https://datafiles.chinhphu.vn/cpp/files/vbpq/2025/4/768-ttg.signed.pdf"",""속성1_레코드명"":""태양광"",""속성20_지역_원문"":null,""속성21_지역_현행"":null,""속성22_행정코드P_code"":null,""속성23_설명"":null,""속성2_레코드ID"":null,""속성3_값"":295646,""속성4_시점"":""2050"",""속성5_등록표준_출처"":null,""속성6_분류"":null,""속성7_상태"":null,""속성8_사업자_기관"":null,""속성9_방법론"":null}",,[상한(max)] 전원 구성 비중 35.3–37.8%,,,,C-018.xlsx,1.2_entity(레코드형),80,
C-018,"중장기 에너지 전망[전망 기관(IEA/현지 정부), 전망 시나리오명, 에너지원별 수요 전망, 기술별 발전 설비 확충 계획, RE 비중 목표, 전력 수요 성장률]",entity,v124-c-018-entity-00055,C-018_generation_capacity_plan,VNM,,,,,,,,,태양광,,,"{""기술코드_근거문구"":""[기후기술코드] 38대 기후기술 분류체계 기준. 관계유형=직접 · 근거=원천 자체 분류. 개정 PDP8(768/QĐ-TTg) 전원별 설비용량 계획. C-016 동일 레코드명 매핑과 동일 코드 적용. 매핑 결과: 1 태양광 기술."",""기술코드_판단근거_유형"":""직접·원천 자체 분류"",""속성10_건수"":null,""속성11_발행량_tCO2e"":null,""속성12_소각량_tCO2e"":null,""속성13_배분량_tCO2e"":null,""속성14_연간예상감축_tCO2e"":null,""속성15_빈티지_연도"":null,""속성16_발행일"":null,""속성17_크레딧기간"":null,""속성18_업종"":null,""속성19_원문URL"":""https://datafiles.chinhphu.vn/cpp/files/vbpq/2025/4/768-ttg.signed.pdf"",""속성1_레코드명"":""태양광"",""속성20_지역_원문"":null,""속성21_지역_현행"":null,""속성22_행정코드P_code"":null,""속성23_설명"":null,""속성2_레코드ID"":null,""속성3_값"":46459,""속성4_시점"":""2030"",""속성5_등록표준_출처"":null,""속성6_분류"":null,""속성7_상태"":null,""속성8_사업자_기관"":null,""속성9_방법론"":null}",,[하한(min)] 전원 구성 비중 25.3–31.1%,,,,C-018.xlsx,1.2_entity(레코드형),50,
C-018,"중장기 에너지 전망[전망 기관(IEA/현지 정부), 전망 시나리오명, 에너지원별 수요 전망, 기술별 발전 설비 확충 계획, RE 비중 목표, 전력 수요 성장률]",entity,v124-c-018-entity-00056,C-018_generation_capacity_plan,VNM,,,,,,,,,태양광,,,"{""기술코드_근거문구"":""[기후기술코드] 38대 기후기술 분류체계 기준. 관계유형=직접 · 근거=원천 자체 분류. 개정 PDP8(768/QĐ-TTg) 전원별 설비용량 계획. C-016 동일 레코드명 매핑과 동일 코드 적용. 매핑 결과: 1 태양광 기술."",""기술코드_판단근거_유형"":""직접·원천 자체 분류"",""속성10_건수"":null,""속성11_발행량_tCO2e"":null,""속성12_소각량_tCO2e"":null,""속성13_배분량_tCO2e"":null,""속성14_연간예상감축_tCO2e"":null,""속성15_빈티지_연도"":null,""속성16_발행일"":null,""속성17_크레딧기간"":null,""속성18_업종"":null,""속성19_원문URL"":""https://datafiles.chinhphu.vn/cpp/files/vbpq/2025/4/768-ttg.signed.pdf"",""속성1_레코드명"":""태양광"",""속성20_지역_원문"":null,""속성21_지역_현행"":null,""속성22_행정코드P_code"":null,""속성23_설명"":null,""속성2_레코드ID"":null,""속성3_값"":73416,""속성4_시점"":""2030"",""속성5_등록표준_출처"":null,""속성6_분류"":null,""속성7_상태"":null,""속성8_사업자_기관"":null,""속성9_방법론"":null}",,[상한(max)] 전원 구성 비중 25.3–31.1%,,,,C-018.xlsx,1.2_entity(레코드형),51,
C-018,"중장기 에너지 전망[전망 기관(IEA/현지 정부), 전망 시나리오명, 에너지원별 수요 전망, 기술별 발전 설비 확충 계획, RE 비중 목표, 전력 수요 성장률]",entity,v124-c-018-entity-00057,C-018_generation_capacity_plan,VNM,,,,,,,,,폐기물발전,,,"{""기술코드_근거문구"":""[기후기술코드] 38대 기후기술 분류체계 기준. 관계유형=직접 · 근거=원천 자체 분류. 개정 PDP8(768/QĐ-TTg) 전원별 설비용량 계획. C-016 동일 레코드명 매핑과 동일 코드 적용. 매핑 결과: 15 폐자원 기술."",""기술코드_판단근거_유형"":""직접·원천 자체 분류"",""속성10_건수"":null,""속성11_발행량_tCO2e"":null,""속성12_소각량_tCO2e"":null,""속성13_배분량_tCO2e"":null,""속성14_연간예상감축_tCO2e"":null,""속성15_빈티지_연도"":null,""속성16_발행일"":null,""속성17_크레딧기간"":null,""속성18_업종"":null,""속성19_원문URL"":""https://datafiles.chinhphu.vn/cpp/files/vbpq/2025/4/768-ttg.signed.pdf"",""속성1_레코드명"":""폐기물발전"",""속성20_지역_원문"":null,""속성21_지역_현행"":null,""속성22_행정코드P_code"":null,""속성23_설명"":null,""속성2_레코드ID"":null,""속성3_값"":1441,""속성4_시점"":""2030"",""속성5_등록표준_출처"":null,""속성6_분류"":null,""속성7_상태"":null,""속성8_사업자_기관"":null,""속성9_방법론"":null}",,[하한(min)] 구성 비중 원문 미제시,,,,C-018.xlsx,1.2_entity(레코드형),60,
C-018,"중장기 에너지 전망[전망 기관(IEA/현지 정부), 전망 시나리오명, 에너지원별 수요 전망, 기술별 발전 설비 확충 계획, RE 비중 목표, 전력 수요 성장률]",entity,v124-c-018-entity-00058,C-018_generation_capacity_plan,VNM,,,,,,,,,폐기물발전,,,"{""기술코드_근거문구"":""[기후기술코드] 38대 기후기술 분류체계 기준. 관계유형=직접 · 근거=원천 자체 분류. 개정 PDP8(768/QĐ-TTg) 전원별 설비용량 계획. C-016 동일 레코드명 매핑과 동일 코드 적용. 매핑 결과: 15 폐자원 기술."",""기술코드_판단근거_유형"":""직접·원천 자체 분류"",""속성10_건수"":null,""속성11_발행량_tCO2e"":null,""속성12_소각량_tCO2e"":null,""속성13_배분량_tCO2e"":null,""속성14_연간예상감축_tCO2e"":null,""속성15_빈티지_연도"":null,""속성16_발행일"":null,""속성17_크레딧기간"":null,""속성18_업종"":null,""속성19_원문URL"":""https://datafiles.chinhphu.vn/cpp/files/vbpq/2025/4/768-ttg.signed.pdf"",""속성1_레코드명"":""폐기물발전"",""속성20_지역_원문"":null,""속성21_지역_현행"":null,""속성22_행정코드P_code"":null,""속성23_설명"":null,""속성2_레코드ID"":null,""속성3_값"":1784,""속성4_시점"":""2050"",""속성5_등록표준_출처"":null,""속성6_분류"":null,""속성7_상태"":null,""속성8_사업자_기관"":null,""속성9_방법론"":null}",,[하한(min)] 구성 비중 원문 미제시,,,,C-018.xlsx,1.2_entity(레코드형),88,
C-018,"중장기 에너지 전망[전망 기관(IEA/현지 정부), 전망 시나리오명, 에너지원별 수요 전망, 기술별 발전 설비 확충 계획, RE 비중 목표, 전력 수요 성장률]",entity,v124-c-018-entity-00059,C-018_generation_capacity_plan,VNM,,,,,,,,,폐기물발전,,,"{""기술코드_근거문구"":""[기후기술코드] 38대 기후기술 분류체계 기준. 관계유형=직접 · 근거=원천 자체 분류. 개정 PDP8(768/QĐ-TTg) 전원별 설비용량 계획. C-016 동일 레코드명 매핑과 동일 코드 적용. 매핑 결과: 15 폐자원 기술."",""기술코드_판단근거_유형"":""직접·원천 자체 분류"",""속성10_건수"":null,""속성11_발행량_tCO2e"":null,""속성12_소각량_tCO2e"":null,""속성13_배분량_tCO2e"":null,""속성14_연간예상감축_tCO2e"":null,""속성15_빈티지_연도"":null,""속성16_발행일"":null,""속성17_크레딧기간"":null,""속성18_업종"":null,""속성19_원문URL"":""https://datafiles.chinhphu.vn/cpp/files/vbpq/2025/4/768-ttg.signed.pdf"",""속성1_레코드명"":""폐기물발전"",""속성20_지역_원문"":null,""속성21_지역_현행"":null,""속성22_행정코드P_code"":null,""속성23_설명"":null,""속성2_레코드ID"":null,""속성3_값"":2137,""속성4_시점"":""2030"",""속성5_등록표준_출처"":null,""속성6_분류"":null,""속성7_상태"":null,""속성8_사업자_기관"":null,""속성9_방법론"":null}",,[상한(max)] 구성 비중 원문 미제시,,,,C-018.xlsx,1.2_entity(레코드형),61,
C-018,"중장기 에너지 전망[전망 기관(IEA/현지 정부), 전망 시나리오명, 에너지원별 수요 전망, 기술별 발전 설비 확충 계획, RE 비중 목표, 전력 수요 성장률]",entity,v124-c-018-entity-00060,C-018_generation_capacity_plan,VNM,,,,,,,,,폐기물발전,,,"{""기술코드_근거문구"":""[기후기술코드] 38대 기후기술 분류체계 기준. 관계유형=직접 · 근거=원천 자체 분류. 개정 PDP8(768/QĐ-TTg) 전원별 설비용량 계획. C-016 동일 레코드명 매핑과 동일 코드 적용. 매핑 결과: 15 폐자원 기술."",""기술코드_판단근거_유형"":""직접·원천 자체 분류"",""속성10_건수"":null,""속성11_발행량_tCO2e"":null,""속성12_소각량_tCO2e"":null,""속성13_배분량_tCO2e"":null,""속성14_연간예상감축_tCO2e"":null,""속성15_빈티지_연도"":null,""속성16_발행일"":null,""속성17_크레딧기간"":null,""속성18_업종"":null,""속성19_원문URL"":""https://datafiles.chinhphu.vn/cpp/files/vbpq/2025/4/768-ttg.signed.pdf"",""속성1_레코드명"":""폐기물발전"",""속성20_지역_원문"":null,""속성21_지역_현행"":null,""속성22_행정코드P_code"":null,""속성23_설명"":null,""속성2_레코드ID"":null,""속성3_값"":2137,""속성4_시점"":""2050"",""속성5_등록표준_출처"":null,""속성6_분류"":null,""속성7_상태"":null,""속성8_사업자_기관"":null,""속성9_방법론"":null}",,[상한(max)] 구성 비중 원문 미제시,,,,C-018.xlsx,1.2_entity(레코드형),89,
C-018,"중장기 에너지 전망[전망 기관(IEA/현지 정부), 전망 시나리오명, 에너지원별 수요 전망, 기술별 발전 설비 확충 계획, RE 비중 목표, 전력 수요 성장률]",entity,v124-c-018-entity-00061,C-018_generation_capacity_plan,VNM,,,,,,,,,저장장치(BESS),,,"{""기술코드_근거문구"":""[기후기술코드] 38대 기후기술 분류체계 기준. 관계유형=직접 · 근거=원천 자체 분류. 개정 PDP8(768/QĐ-TTg) 전원별 설비용량 계획. C-016 동일 레코드명 매핑과 동일 코드 적용. 매핑 결과: 24 전력 통합 기술."",""기술코드_판단근거_유형"":""직접·원천 자체 분류"",""속성10_건수"":null,""속성11_발행량_tCO2e"":null,""속성12_소각량_tCO2e"":null,""속성13_배분량_tCO2e"":null,""속성14_연간예상감축_tCO2e"":null,""속성15_빈티지_연도"":null,""속성16_발행일"":null,""속성17_크레딧기간"":null,""속성18_업종"":null,""속성19_원문URL"":""https://datafiles.chinhphu.vn/cpp/files/vbpq/2025/4/768-ttg.signed.pdf"",""속성1_레코드명"":""저장장치(BESS)"",""속성20_지역_원문"":null,""속성21_지역_현행"":null,""속성22_행정코드P_code"":null,""속성23_설명"":null,""속성2_레코드ID"":null,""속성3_값"":10000,""속성4_시점"":""2030"",""속성5_등록표준_출처"":null,""속성6_분류"":null,""속성7_상태"":null,""속성8_사업자_기관"":null,""속성9_방법론"":null}",,[하한(min)] 전원 구성 비중 5.5–6.9%,,,,C-018.xlsx,1.2_entity(레코드형),65,
C-018,"중장기 에너지 전망[전망 기관(IEA/현지 정부), 전망 시나리오명, 에너지원별 수요 전망, 기술별 발전 설비 확충 계획, RE 비중 목표, 전력 수요 성장률]",entity,v124-c-018-entity-00062,C-018_generation_capacity_plan,VNM,,,,,,,,,저장장치(BESS),,,"{""기술코드_근거문구"":""[기후기술코드] 38대 기후기술 분류체계 기준. 관계유형=직접 · 근거=원천 자체 분류. 개정 PDP8(768/QĐ-TTg) 전원별 설비용량 계획. C-016 동일 레코드명 매핑과 동일 코드 적용. 매핑 결과: 24 전력 통합 기술."",""기술코드_판단근거_유형"":""직접·원천 자체 분류"",""속성10_건수"":null,""속성11_발행량_tCO2e"":null,""속성12_소각량_tCO2e"":null,""속성13_배분량_tCO2e"":null,""속성14_연간예상감축_tCO2e"":null,""속성15_빈티지_연도"":null,""속성16_발행일"":null,""속성17_크레딧기간"":null,""속성18_업종"":null,""속성19_원문URL"":""https://datafiles.chinhphu.vn/cpp/files/vbpq/2025/4/768-ttg.signed.pdf"",""속성1_레코드명"":""저장장치(BESS)"",""속성20_지역_원문"":null,""속성21_지역_현행"":null,""속성22_행정코드P_code"":null,""속성23_설명"":null,""속성2_레코드ID"":null,""속성3_값"":16300,""속성4_시점"":""2030"",""속성5_등록표준_출처"":null,""속성6_분류"":null,""속성7_상태"":null,""속성8_사업자_기관"":null,""속성9_방법론"":null}",,[상한(max)] 전원 구성 비중 5.5–6.9%,,,,C-018.xlsx,1.2_entity(레코드형),66,
C-018,"중장기 에너지 전망[전망 기관(IEA/현지 정부), 전망 시나리오명, 에너지원별 수요 전망, 기술별 발전 설비 확충 계획, RE 비중 목표, 전력 수요 성장률]",entity,v124-c-018-entity-00063,C-018_generation_capacity_plan,VNM,,,,,,,,,저장장치(BESS),,,"{""기술코드_근거문구"":""[기후기술코드] 38대 기후기술 분류체계 기준. 관계유형=직접 · 근거=원천 자체 분류. 개정 PDP8(768/QĐ-TTg) 전원별 설비용량 계획. C-016 동일 레코드명 매핑과 동일 코드 적용. 매핑 결과: 24 전력 통합 기술."",""기술코드_판단근거_유형"":""직접·원천 자체 분류"",""속성10_건수"":null,""속성11_발행량_tCO2e"":null,""속성12_소각량_tCO2e"":null,""속성13_배분량_tCO2e"":null,""속성14_연간예상감축_tCO2e"":null,""속성15_빈티지_연도"":null,""속성16_발행일"":null,""속성17_크레딧기간"":null,""속성18_업종"":null,""속성19_원문URL"":""https://datafiles.chinhphu.vn/cpp/files/vbpq/2025/4/768-ttg.signed.pdf"",""속성1_레코드명"":""저장장치(BESS)"",""속성20_지역_원문"":null,""속성21_지역_현행"":null,""속성22_행정코드P_code"":null,""속성23_설명"":null,""속성2_레코드ID"":null,""속성3_값"":95983,""속성4_시점"":""2050"",""속성5_등록표준_출처"":null,""속성6_분류"":null,""속성7_상태"":null,""속성8_사업자_기관"":null,""속성9_방법론"":null}",,[하한(min)] 전원 구성 비중 11.5–12.4%,,,,C-018.xlsx,1.2_entity(레코드형),93,
C-018,"중장기 에너지 전망[전망 기관(IEA/현지 정부), 전망 시나리오명, 에너지원별 수요 전망, 기술별 발전 설비 확충 계획, RE 비중 목표, 전력 수요 성장률]",entity,v124-c-018-entity-00064,C-018_generation_capacity_plan,VNM,,,,,,,,,저장장치(BESS),,,"{""기술코드_근거문구"":""[기후기술코드] 38대 기후기술 분류체계 기준. 관계유형=직접 · 근거=원천 자체 분류. 개정 PDP8(768/QĐ-TTg) 전원별 설비용량 계획. C-016 동일 레코드명 매핑과 동일 코드 적용. 매핑 결과: 24 전력 통합 기술."",""기술코드_판단근거_유형"":""직접·원천 자체 분류"",""속성10_건수"":null,""속성11_발행량_tCO2e"":null,""속성12_소각량_tCO2e"":null,""속성13_배분량_tCO2e"":null,""속성14_연간예상감축_tCO2e"":null,""속성15_빈티지_연도"":null,""속성16_발행일"":null,""속성17_크레딧기간"":null,""속성18_업종"":null,""속성19_원문URL"":""https://datafiles.chinhphu.vn/cpp/files/vbpq/2025/4/768-ttg.signed.pdf"",""속성1_레코드명"":""저장장치(BESS)"",""속성20_지역_원문"":null,""속성21_지역_현행"":null,""속성22_행정코드P_code"":null,""속성23_설명"":null,""속성2_레코드ID"":null,""속성3_값"":96120,""속성4_시점"":""2050"",""속성5_등록표준_출처"":null,""속성6_분류"":null,""속성7_상태"":null,""속성8_사업자_기관"":null,""속성9_방법론"":null}",,[상한(max)] 전원 구성 비중 11.5–12.4%,,,,C-018.xlsx,1.2_entity(레코드형),94,
C-018,"중장기 에너지 전망[전망 기관(IEA/현지 정부), 전망 시나리오명, 에너지원별 수요 전망, 기술별 발전 설비 확충 계획, RE 비중 목표, 전력 수요 성장률]",entity,v124-c-018-entity-00065,C-018_generation_capacity_plan,VNM,,,,,,,,,육상·근해 풍력,,,"{""기술코드_근거문구"":""[기후기술코드] 38대 기후기술 분류체계 기준. 관계유형=직접 · 근거=원천 자체 분류. 개정 PDP8(768/QĐ-TTg) 전원별 설비용량 계획. C-016 동일 레코드명 매핑과 동일 코드 적용. 매핑 결과: 3 풍력 기술."",""기술코드_판단근거_유형"":""직접·원천 자체 분류"",""속성10_건수"":null,""속성11_발행량_tCO2e"":null,""속성12_소각량_tCO2e"":null,""속성13_배분량_tCO2e"":null,""속성14_연간예상감축_tCO2e"":null,""속성15_빈티지_연도"":null,""속성16_발행일"":null,""속성17_크레딧기간"":null,""속성18_업종"":null,""속성19_원문URL"":""https://datafiles.chinhphu.vn/cpp/files/vbpq/2025/4/768-ttg.signed.pdf"",""속성1_레코드명"":""육상·근해 풍력"",""속성20_지역_원문"":null,""속성21_지역_현행"":null,""속성22_행정코드P_code"":null,""속성23_설명"":null,""속성2_레코드ID"":null,""속성3_값"":26066,""속성4_시점"":""2030"",""속성5_등록표준_출처"":null,""속성6_분류"":null,""속성7_상태"":null,""속성8_사업자_기관"":null,""속성9_방법론"":null}",,[하한(min)] 전원 구성 비중 14.2–16.1%,,,,C-018.xlsx,1.2_entity(레코드형),52,
C-018,"중장기 에너지 전망[전망 기관(IEA/현지 정부), 전망 시나리오명, 에너지원별 수요 전망, 기술별 발전 설비 확충 계획, RE 비중 목표, 전력 수요 성장률]",entity,v124-c-018-entity-00066,C-018_generation_capacity_plan,VNM,,,,,,,,,육상·근해 풍력,,,"{""기술코드_근거문구"":""[기후기술코드] 38대 기후기술 분류체계 기준. 관계유형=직접 · 근거=원천 자체 분류. 개정 PDP8(768/QĐ-TTg) 전원별 설비용량 계획. C-016 동일 레코드명 매핑과 동일 코드 적용. 매핑 결과: 3 풍력 기술."",""기술코드_판단근거_유형"":""직접·원천 자체 분류"",""속성10_건수"":null,""속성11_발행량_tCO2e"":null,""속성12_소각량_tCO2e"":null,""속성13_배분량_tCO2e"":null,""속성14_연간예상감축_tCO2e"":null,""속성15_빈티지_연도"":null,""속성16_발행일"":null,""속성17_크레딧기간"":null,""속성18_업종"":null,""속성19_원문URL"":""https://datafiles.chinhphu.vn/cpp/files/vbpq/2025/4/768-ttg.signed.pdf"",""속성1_레코드명"":""육상·근해 풍력"",""속성20_지역_원문"":null,""속성21_지역_현행"":null,""속성22_행정코드P_code"":null,""속성23_설명"":null,""속성2_레코드ID"":null,""속성3_값"":38029,""속성4_시점"":""2030"",""속성5_등록표준_출처"":null,""속성6_분류"":null,""속성7_상태"":null,""속성8_사업자_기관"":null,""속성9_방법론"":null}",,[상한(max)] 전원 구성 비중 14.2–16.1%,,,,C-018.xlsx,1.2_entity(레코드형),53,
C-018,"중장기 에너지 전망[전망 기관(IEA/현지 정부), 전망 시나리오명, 에너지원별 수요 전망, 기술별 발전 설비 확충 계획, RE 비중 목표, 전력 수요 성장률]",entity,v124-c-018-entity-00067,C-018_generation_capacity_plan,VNM,,,,,,,,,육상·근해 풍력,,,"{""기술코드_근거문구"":""[기후기술코드] 38대 기후기술 분류체계 기준. 관계유형=직접 · 근거=원천 자체 분류. 개정 PDP8(768/QĐ-TTg) 전원별 설비용량 계획. C-016 동일 레코드명 매핑과 동일 코드 적용. 매핑 결과: 3 풍력 기술."",""기술코드_판단근거_유형"":""직접·원천 자체 분류"",""속성10_건수"":null,""속성11_발행량_tCO2e"":null,""속성12_소각량_tCO2e"":null,""속성13_배분량_tCO2e"":null,""속성14_연간예상감축_tCO2e"":null,""속성15_빈티지_연도"":null,""속성16_발행일"":null,""속성17_크레딧기간"":null,""속성18_업종"":null,""속성19_원문URL"":""https://datafiles.chinhphu.vn/cpp/files/vbpq/2025/4/768-ttg.signed.pdf"",""속성1_레코드명"":""육상·근해 풍력"",""속성20_지역_원문"":null,""속성21_지역_현행"":null,""속성22_행정코드P_code"":null,""속성23_설명"":null,""속성2_레코드ID"":null,""속성3_값"":84696,""속성4_시점"":""2050"",""속성5_등록표준_출처"":null,""속성6_분류"":null,""속성7_상태"":null,""속성8_사업자_기관"":null,""속성9_방법론"":null}",,[하한(min)] 전원 구성 비중 10.9%,,,,C-018.xlsx,1.2_entity(레코드형),81,
C-018,"중장기 에너지 전망[전망 기관(IEA/현지 정부), 전망 시나리오명, 에너지원별 수요 전망, 기술별 발전 설비 확충 계획, RE 비중 목표, 전력 수요 성장률]",entity,v124-c-018-entity-00068,C-018_generation_capacity_plan,VNM,,,,,,,,,육상·근해 풍력,,,"{""기술코드_근거문구"":""[기후기술코드] 38대 기후기술 분류체계 기준. 관계유형=직접 · 근거=원천 자체 분류. 개정 PDP8(768/QĐ-TTg) 전원별 설비용량 계획. C-016 동일 레코드명 매핑과 동일 코드 적용. 매핑 결과: 3 풍력 기술."",""기술코드_판단근거_유형"":""직접·원천 자체 분류"",""속성10_건수"":null,""속성11_발행량_tCO2e"":null,""속성12_소각량_tCO2e"":null,""속성13_배분량_tCO2e"":null,""속성14_연간예상감축_tCO2e"":null,""속성15_빈티지_연도"":null,""속성16_발행일"":null,""속성17_크레딧기간"":null,""속성18_업종"":null,""속성19_원문URL"":""https://datafiles.chinhphu.vn/cpp/files/vbpq/2025/4/768-ttg.signed.pdf"",""속성1_레코드명"":""육상·근해 풍력"",""속성20_지역_원문"":null,""속성21_지역_현행"":null,""속성22_행정코드P_code"":null,""속성23_설명"":null,""속성2_레코드ID"":null,""속성3_값"":91400,""속성4_시점"":""2050"",""속성5_등록표준_출처"":null,""속성6_분류"":null,""속성7_상태"":null,""속성8_사업자_기관"":null,""속성9_방법론"":null}",,[상한(max)] 전원 구성 비중 10.9%,,,,C-018.xlsx,1.2_entity(레코드형),82,
C-018,"중장기 에너지 전망[전망 기관(IEA/현지 정부), 전망 시나리오명, 에너지원별 수요 전망, 기술별 발전 설비 확충 계획, RE 비중 목표, 전력 수요 성장률]",entity,v124-c-018-entity-00069,C-018_generation_capacity_plan,VNM,,,,,,,,,해상 풍력,,,"{""기술코드_근거문구"":""[기후기술코드] 38대 기후기술 분류체계 기준. 관계유형=직접 · 근거=원천 자체 분류. 개정 PDP8(768/QĐ-TTg) 전원별 설비용량 계획. C-016 동일 레코드명 매핑과 동일 코드 적용. 매핑 결과: 3 풍력 기술."",""기술코드_판단근거_유형"":""직접·원천 자체 분류"",""속성10_건수"":null,""속성11_발행량_tCO2e"":null,""속성12_소각량_tCO2e"":null,""속성13_배분량_tCO2e"":null,""속성14_연간예상감축_tCO2e"":null,""속성15_빈티지_연도"":null,""속성16_발행일"":null,""속성17_크레딧기간"":null,""속성18_업종"":null,""속성19_원문URL"":""https://datafiles.chinhphu.vn/cpp/files/vbpq/2025/4/768-ttg.signed.pdf"",""속성1_레코드명"":""해상 풍력"",""속성20_지역_원문"":null,""속성21_지역_현행"":null,""속성22_행정코드P_code"":null,""속성23_설명"":null,""속성2_레코드ID"":null,""속성3_값"":113503,""속성4_시점"":""2050"",""속성5_등록표준_출처"":null,""속성6_분류"":null,""속성7_상태"":null,""속성8_사업자_기관"":null,""속성9_방법론"":null}",,[하한(min)] 전원 구성 비중 14.7–16.6%,,,,C-018.xlsx,1.2_entity(레코드형),83,
C-018,"중장기 에너지 전망[전망 기관(IEA/현지 정부), 전망 시나리오명, 에너지원별 수요 전망, 기술별 발전 설비 확충 계획, RE 비중 목표, 전력 수요 성장률]",entity,v124-c-018-entity-00070,C-018_generation_capacity_plan,VNM,,,,,,,,,해상 풍력,,,"{""기술코드_근거문구"":""[기후기술코드] 38대 기후기술 분류체계 기준. 관계유형=직접 · 근거=원천 자체 분류. 개정 PDP8(768/QĐ-TTg) 전원별 설비용량 계획. C-016 동일 레코드명 매핑과 동일 코드 적용. 매핑 결과: 3 풍력 기술."",""기술코드_판단근거_유형"":""직접·원천 자체 분류"",""속성10_건수"":null,""속성11_발행량_tCO2e"":null,""속성12_소각량_tCO2e"":null,""속성13_배분량_tCO2e"":null,""속성14_연간예상감축_tCO2e"":null,""속성15_빈티지_연도"":null,""속성16_발행일"":null,""속성17_크레딧기간"":null,""속성18_업종"":null,""속성19_원문URL"":""https://datafiles.chinhphu.vn/cpp/files/vbpq/2025/4/768-ttg.signed.pdf"",""속성1_레코드명"":""해상 풍력"",""속성20_지역_원문"":null,""속성21_지역_현행"":null,""속성22_행정코드P_code"":null,""속성23_설명"":null,""속성2_레코드ID"":null,""속성3_값"":139097,""속성4_시점"":""2050"",""속성5_등록표준_출처"":null,""속성6_분류"":null,""속성7_상태"":null,""속성8_사업자_기관"":null,""속성9_방법론"":null}",,[상한(max)] 전원 구성 비중 14.7–16.6%,,,,C-018.xlsx,1.2_entity(레코드형),84,
C-018,"중장기 에너지 전망[전망 기관(IEA/현지 정부), 전망 시나리오명, 에너지원별 수요 전망, 기술별 발전 설비 확충 계획, RE 비중 목표, 전력 수요 성장률]",entity,v124-c-018-entity-00071,C-018_generation_capacity_plan,VNM,,,,,,,,,해상 풍력,,,"{""기술코드_근거문구"":""[기후기술코드] 38대 기후기술 분류체계 기준. 관계유형=직접 · 근거=원천 자체 분류. 개정 PDP8(768/QĐ-TTg) 전원별 설비용량 계획. C-016 동일 레코드명 매핑과 동일 코드 적용. 매핑 결과: 3 풍력 기술."",""기술코드_판단근거_유형"":""직접·원천 자체 분류"",""속성10_건수"":null,""속성11_발행량_tCO2e"":null,""속성12_소각량_tCO2e"":null,""속성13_배분량_tCO2e"":null,""속성14_연간예상감축_tCO2e"":null,""속성15_빈티지_연도"":null,""속성16_발행일"":null,""속성17_크레딧기간"":null,""속성18_업종"":null,""속성19_원문URL"":""https://datafiles.chinhphu.vn/cpp/files/vbpq/2025/4/768-ttg.signed.pdf"",""속성1_레코드명"":""해상 풍력"",""속성20_지역_원문"":null,""속성21_지역_현행"":null,""속성22_행정코드P_code"":null,""속성23_설명"":null,""속성2_레코드ID"":null,""속성3_값"":17032,""속성4_시점"":""2030"",""속성5_등록표준_출처"":null,""속성6_분류"":null,""속성7_상태"":null,""속성8_사업자_기관"":null,""속성9_방법론"":null}",,[상한(max)] 구성 비중 원문 미제시,,,,C-018.xlsx,1.2_entity(레코드형),55,
C-018,"중장기 에너지 전망[전망 기관(IEA/현지 정부), 전망 시나리오명, 에너지원별 수요 전망, 기술별 발전 설비 확충 계획, RE 비중 목표, 전력 수요 성장률]",entity,v124-c-018-entity-00072,C-018_generation_capacity_plan,VNM,,,,,,,,,해상 풍력,,,"{""기술코드_근거문구"":""[기후기술코드] 38대 기후기술 분류체계 기준. 관계유형=직접 · 근거=원천 자체 분류. 개정 PDP8(768/QĐ-TTg) 전원별 설비용량 계획. C-016 동일 레코드명 매핑과 동일 코드 적용. 매핑 결과: 3 풍력 기술."",""기술코드_판단근거_유형"":""직접·원천 자체 분류"",""속성10_건수"":null,""속성11_발행량_tCO2e"":null,""속성12_소각량_tCO2e"":null,""속성13_배분량_tCO2e"":null,""속성14_연간예상감축_tCO2e"":null,""속성15_빈티지_연도"":null,""속성16_발행일"":null,""속성17_크레딧기간"":null,""속성18_업종"":null,""속성19_원문URL"":""https://datafiles.chinhphu.vn/cpp/files/vbpq/2025/4/768-ttg.signed.pdf"",""속성1_레코드명"":""해상 풍력"",""속성20_지역_원문"":null,""속성21_지역_현행"":null,""속성22_행정코드P_code"":null,""속성23_설명"":null,""속성2_레코드ID"":null,""속성3_값"":6000,""속성4_시점"":""2030"",""속성5_등록표준_출처"":null,""속성6_분류"":null,""속성7_상태"":null,""속성8_사업자_기관"":null,""속성9_방법론"":null}",,[하한(min)] 구성 비중 원문 미제시,,,,C-018.xlsx,1.2_entity(레코드형),54,
C-018,"중장기 에너지 전망[전망 기관(IEA/현지 정부), 전망 시나리오명, 에너지원별 수요 전망, 기술별 발전 설비 확충 계획, RE 비중 목표, 전력 수요 성장률]",entity,v124-c-018-entity-00073,C-018_generation_capacity_plan,VNM,,,,,,,,,수력,,,"{""기술코드_근거문구"":""[기후기술코드] 38대 기후기술 분류체계 기준. 관계유형=직접 · 근거=원천 자체 분류. 개정 PDP8(768/QĐ-TTg) 전원별 설비용량 계획. C-016 동일 레코드명 매핑과 동일 코드 적용. 매핑 결과: 5 수력 기술."",""기술코드_판단근거_유형"":""직접·원천 자체 분류"",""속성10_건수"":null,""속성11_발행량_tCO2e"":null,""속성12_소각량_tCO2e"":null,""속성13_배분량_tCO2e"":null,""속성14_연간예상감축_tCO2e"":null,""속성15_빈티지_연도"":null,""속성16_발행일"":null,""속성17_크레딧기간"":null,""속성18_업종"":null,""속성19_원문URL"":""https://datafiles.chinhphu.vn/cpp/files/vbpq/2025/4/768-ttg.signed.pdf"",""속성1_레코드명"":""수력"",""속성20_지역_원문"":null,""속성21_지역_현행"":null,""속성22_행정코드P_code"":null,""속성23_설명"":null,""속성2_레코드ID"":null,""속성3_값"":33294,""속성4_시점"":""2030"",""속성5_등록표준_출처"":null,""속성6_분류"":null,""속성7_상태"":null,""속성8_사업자_기관"":null,""속성9_방법론"":null}",,[하한(min)] 전원 구성 비중 14.7–18.2%,,,,C-018.xlsx,1.2_entity(레코드형),56,
C-018,"중장기 에너지 전망[전망 기관(IEA/현지 정부), 전망 시나리오명, 에너지원별 수요 전망, 기술별 발전 설비 확충 계획, RE 비중 목표, 전력 수요 성장률]",entity,v124-c-018-entity-00074,C-018_generation_capacity_plan,VNM,,,,,,,,,수력,,,"{""기술코드_근거문구"":""[기후기술코드] 38대 기후기술 분류체계 기준. 관계유형=직접 · 근거=원천 자체 분류. 개정 PDP8(768/QĐ-TTg) 전원별 설비용량 계획. C-016 동일 레코드명 매핑과 동일 코드 적용. 매핑 결과: 5 수력 기술."",""기술코드_판단근거_유형"":""직접·원천 자체 분류"",""속성10_건수"":null,""속성11_발행량_tCO2e"":null,""속성12_소각량_tCO2e"":null,""속성13_배분량_tCO2e"":null,""속성14_연간예상감축_tCO2e"":null,""속성15_빈티지_연도"":null,""속성16_발행일"":null,""속성17_크레딧기간"":null,""속성18_업종"":null,""속성19_원문URL"":""https://datafiles.chinhphu.vn/cpp/files/vbpq/2025/4/768-ttg.signed.pdf"",""속성1_레코드명"":""수력"",""속성20_지역_원문"":null,""속성21_지역_현행"":null,""속성22_행정코드P_code"":null,""속성23_설명"":null,""속성2_레코드ID"":null,""속성3_값"":34667,""속성4_시점"":""2030"",""속성5_등록표준_출처"":null,""속성6_분류"":null,""속성7_상태"":null,""속성8_사업자_기관"":null,""속성9_방법론"":null}",,[상한(max)] 전원 구성 비중 14.7–18.2%,,,,C-018.xlsx,1.2_entity(레코드형),57,
C-018,"중장기 에너지 전망[전망 기관(IEA/현지 정부), 전망 시나리오명, 에너지원별 수요 전망, 기술별 발전 설비 확충 계획, RE 비중 목표, 전력 수요 성장률]",entity,v124-c-018-entity-00075,C-018_generation_capacity_plan,VNM,,,,,,,,,수력,,,"{""기술코드_근거문구"":""[기후기술코드] 38대 기후기술 분류체계 기준. 관계유형=직접 · 근거=원천 자체 분류. 개정 PDP8(768/QĐ-TTg) 전원별 설비용량 계획. C-016 동일 레코드명 매핑과 동일 코드 적용. 매핑 결과: 5 수력 기술."",""기술코드_판단근거_유형"":""직접·원천 자체 분류"",""속성10_건수"":null,""속성11_발행량_tCO2e"":null,""속성12_소각량_tCO2e"":null,""속성13_배분량_tCO2e"":null,""속성14_연간예상감축_tCO2e"":null,""속성15_빈티지_연도"":null,""속성16_발행일"":null,""속성17_크레딧기간"":null,""속성18_업종"":null,""속성19_원문URL"":""https://datafiles.chinhphu.vn/cpp/files/vbpq/2025/4/768-ttg.signed.pdf"",""속성1_레코드명"":""수력"",""속성20_지역_원문"":null,""속성21_지역_현행"":null,""속성22_행정코드P_code"":null,""속성23_설명"":null,""속성2_레코드ID"":null,""속성3_값"":40624,""속성4_시점"":""2050"",""속성5_등록표준_출처"":null,""속성6_분류"":null,""속성7_상태"":null,""속성8_사업자_기관"":null,""속성9_방법론"":null}",,전원 구성 비중 4.8–5.2%,,,,C-018.xlsx,1.2_entity(레코드형),85,
C-018,"중장기 에너지 전망[전망 기관(IEA/현지 정부), 전망 시나리오명, 에너지원별 수요 전망, 기술별 발전 설비 확충 계획, RE 비중 목표, 전력 수요 성장률]",entity,v124-c-018-entity-00076,C-018_generation_capacity_plan,VNM,,,,,,,,,지열·기타 신에너지,,,"{""기술코드_근거문구"":""[기후기술코드] 38대 기후기술 분류체계 기준. 관계유형=직접 · 근거=원천 자체 분류. 개정 PDP8(768/QĐ-TTg) 전원별 설비용량 계획. C-016 동일 레코드명 매핑과 동일 코드 적용. 매핑 결과: 7 지열 기술."",""기술코드_판단근거_유형"":""직접·원천 자체 분류"",""속성10_건수"":null,""속성11_발행량_tCO2e"":null,""속성12_소각량_tCO2e"":null,""속성13_배분량_tCO2e"":null,""속성14_연간예상감축_tCO2e"":null,""속성15_빈티지_연도"":null,""속성16_발행일"":null,""속성17_크레딧기간"":null,""속성18_업종"":null,""속성19_원문URL"":""https://datafiles.chinhphu.vn/cpp/files/vbpq/2025/4/768-ttg.signed.pdf"",""속성1_레코드명"":""지열·기타 신에너지"",""속성20_지역_원문"":null,""속성21_지역_현행"":null,""속성22_행정코드P_code"":null,""속성23_설명"":null,""속성2_레코드ID"":null,""속성3_값"":""약 45"",""속성4_시점"":""2030"",""속성5_등록표준_출처"":null,""속성6_분류"":null,""속성7_상태"":null,""속성8_사업자_기관"":null,""속성9_방법론"":null}",,구성 비중 원문 미제시 신규 보완: 종전 파일은 재생에너지만 수록하고 비-재생 전원을 누락,,,,C-018.xlsx,1.2_entity(레코드형),62,
C-018,"중장기 에너지 전망[전망 기관(IEA/현지 정부), 전망 시나리오명, 에너지원별 수요 전망, 기술별 발전 설비 확충 계획, RE 비중 목표, 전력 수요 성장률]",entity,v124-c-018-entity-00077,C-018_generation_capacity_plan,VNM,,,,,,,,,지열·기타 신에너지,,,"{""기술코드_근거문구"":""[기후기술코드] 38대 기후기술 분류체계 기준. 관계유형=직접 · 근거=원천 자체 분류. 개정 PDP8(768/QĐ-TTg) 전원별 설비용량 계획. C-016 동일 레코드명 매핑과 동일 코드 적용. 매핑 결과: 7 지열 기술."",""기술코드_판단근거_유형"":""직접·원천 자체 분류"",""속성10_건수"":null,""속성11_발행량_tCO2e"":null,""속성12_소각량_tCO2e"":null,""속성13_배분량_tCO2e"":null,""속성14_연간예상감축_tCO2e"":null,""속성15_빈티지_연도"":null,""속성16_발행일"":null,""속성17_크레딧기간"":null,""속성18_업종"":null,""속성19_원문URL"":""https://datafiles.chinhphu.vn/cpp/files/vbpq/2025/4/768-ttg.signed.pdf"",""속성1_레코드명"":""지열·기타 신에너지"",""속성20_지역_원문"":null,""속성21_지역_현행"":null,""속성22_행정코드P_code"":null,""속성23_설명"":null,""속성2_레코드ID"":null,""속성3_값"":""약 464"",""속성4_시점"":""2050"",""속성5_등록표준_출처"":null,""속성6_분류"":null,""속성7_상태"":null,""속성8_사업자_기관"":null,""속성9_방법론"":null}",,구성 비중 원문 미제시 신규 보완: 종전 파일은 재생에너지만 수록하고 비-재생 전원을 누락,,,,C-018.xlsx,1.2_entity(레코드형),90,
C-018,"중장기 에너지 전망[전망 기관(IEA/현지 정부), 전망 시나리오명, 에너지원별 수요 전망, 기술별 발전 설비 확충 계획, RE 비중 목표, 전력 수요 성장률]",entity,v124-c-018-entity-00078,C-018_generation_capacity_plan,VNM,,,,,,,,,바이오매스,,,"{""기술코드_근거문구"":""[기후기술코드] 38대 기후기술 분류체계 기준. 관계유형=직접 · 근거=원천 자체 분류. 개정 PDP8(768/QĐ-TTg) 전원별 설비용량 계획. C-016 동일 레코드명 매핑과 동일 코드 적용. 매핑 결과: 8 바이오에너지 기술."",""기술코드_판단근거_유형"":""직접·원천 자체 분류"",""속성10_건수"":null,""속성11_발행량_tCO2e"":null,""속성12_소각량_tCO2e"":null,""속성13_배분량_tCO2e"":null,""속성14_연간예상감축_tCO2e"":null,""속성15_빈티지_연도"":null,""속성16_발행일"":null,""속성17_크레딧기간"":null,""속성18_업종"":null,""속성19_원문URL"":""https://datafiles.chinhphu.vn/cpp/files/vbpq/2025/4/768-ttg.signed.pdf"",""속성1_레코드명"":""바이오매스"",""속성20_지역_원문"":null,""속성21_지역_현행"":null,""속성22_행정코드P_code"":null,""속성23_설명"":null,""속성2_레코드ID"":null,""속성3_값"":1523,""속성4_시점"":""2030"",""속성5_등록표준_출처"":null,""속성6_분류"":null,""속성7_상태"":null,""속성8_사업자_기관"":null,""속성9_방법론"":null}",,[하한(min)] 구성 비중 원문 미제시,,,,C-018.xlsx,1.2_entity(레코드형),58,
C-018,"중장기 에너지 전망[전망 기관(IEA/현지 정부), 전망 시나리오명, 에너지원별 수요 전망, 기술별 발전 설비 확충 계획, RE 비중 목표, 전력 수요 성장률]",entity,v124-c-018-entity-00079,C-018_generation_capacity_plan,VNM,,,,,,,,,바이오매스,,,"{""기술코드_근거문구"":""[기후기술코드] 38대 기후기술 분류체계 기준. 관계유형=직접 · 근거=원천 자체 분류. 개정 PDP8(768/QĐ-TTg) 전원별 설비용량 계획. C-016 동일 레코드명 매핑과 동일 코드 적용. 매핑 결과: 8 바이오에너지 기술."",""기술코드_판단근거_유형"":""직접·원천 자체 분류"",""속성10_건수"":null,""속성11_발행량_tCO2e"":null,""속성12_소각량_tCO2e"":null,""속성13_배분량_tCO2e"":null,""속성14_연간예상감축_tCO2e"":null,""속성15_빈티지_연도"":null,""속성16_발행일"":null,""속성17_크레딧기간"":null,""속성18_업종"":null,""속성19_원문URL"":""https://datafiles.chinhphu.vn/cpp/files/vbpq/2025/4/768-ttg.signed.pdf"",""속성1_레코드명"":""바이오매스"",""속성20_지역_원문"":null,""속성21_지역_현행"":null,""속성22_행정코드P_code"":null,""속성23_설명"":null,""속성2_레코드ID"":null,""속성3_값"":2699,""속성4_시점"":""2030"",""속성5_등록표준_출처"":null,""속성6_분류"":null,""속성7_상태"":null,""속성8_사업자_기관"":null,""속성9_방법론"":null}",,[상한(max)] 구성 비중 원문 미제시,,,,C-018.xlsx,1.2_entity(레코드형),59,
C-018,"중장기 에너지 전망[전망 기관(IEA/현지 정부), 전망 시나리오명, 에너지원별 수요 전망, 기술별 발전 설비 확충 계획, RE 비중 목표, 전력 수요 성장률]",entity,v124-c-018-entity-00080,C-018_generation_capacity_plan,VNM,,,,,,,,,바이오매스,,,"{""기술코드_근거문구"":""[기후기술코드] 38대 기후기술 분류체계 기준. 관계유형=직접 · 근거=원천 자체 분류. 개정 PDP8(768/QĐ-TTg) 전원별 설비용량 계획. C-016 동일 레코드명 매핑과 동일 코드 적용. 매핑 결과: 8 바이오에너지 기술."",""기술코드_판단근거_유형"":""직접·원천 자체 분류"",""속성10_건수"":null,""속성11_발행량_tCO2e"":null,""속성12_소각량_tCO2e"":null,""속성13_배분량_tCO2e"":null,""속성14_연간예상감축_tCO2e"":null,""속성15_빈티지_연도"":null,""속성16_발행일"":null,""속성17_크레딧기간"":null,""속성18_업종"":null,""속성19_원문URL"":""https://datafiles.chinhphu.vn/cpp/files/vbpq/2025/4/768-ttg.signed.pdf"",""속성1_레코드명"":""바이오매스"",""속성20_지역_원문"":null,""속성21_지역_현행"":null,""속성22_행정코드P_code"":null,""속성23_설명"":null,""속성2_레코드ID"":null,""속성3_값"":4829,""속성4_시점"":""2050"",""속성5_등록표준_출처"":null,""속성6_분류"":null,""속성7_상태"":null,""속성8_사업자_기관"":null,""속성9_방법론"":null}",,[하한(min)] 구성 비중 원문 미제시,,,,C-018.xlsx,1.2_entity(레코드형),86,
C-018,"중장기 에너지 전망[전망 기관(IEA/현지 정부), 전망 시나리오명, 에너지원별 수요 전망, 기술별 발전 설비 확충 계획, RE 비중 목표, 전력 수요 성장률]",entity,v124-c-018-entity-00081,C-018_generation_capacity_plan,VNM,,,,,,,,,바이오매스,,,"{""기술코드_근거문구"":""[기후기술코드] 38대 기후기술 분류체계 기준. 관계유형=직접 · 근거=원천 자체 분류. 개정 PDP8(768/QĐ-TTg) 전원별 설비용량 계획. C-016 동일 레코드명 매핑과 동일 코드 적용. 매핑 결과: 8 바이오에너지 기술."",""기술코드_판단근거_유형"":""직접·원천 자체 분류"",""속성10_건수"":null,""속성11_발행량_tCO2e"":null,""속성12_소각량_tCO2e"":null,""속성13_배분량_tCO2e"":null,""속성14_연간예상감축_tCO2e"":null,""속성15_빈티지_연도"":null,""속성16_발행일"":null,""속성17_크레딧기간"":null,""속성18_업종"":null,""속성19_원문URL"":""https://datafiles.chinhphu.vn/cpp/files/vbpq/2025/4/768-ttg.signed.pdf"",""속성1_레코드명"":""바이오매스"",""속성20_지역_원문"":null,""속성21_지역_현행"":null,""속성22_행정코드P_code"":null,""속성23_설명"":null,""속성2_레코드ID"":null,""속성3_값"":6960,""속성4_시점"":""2050"",""속성5_등록표준_출처"":null,""속성6_분류"":null,""속성7_상태"":null,""속성8_사업자_기관"":null,""속성9_방법론"":null}",,[상한(max)] 구성 비중 원문 미제시,,,,C-018.xlsx,1.2_entity(레코드형),87,
C-018,"중장기 에너지 전망[전망 기관(IEA/현지 정부), 전망 시나리오명, 에너지원별 수요 전망, 기술별 발전 설비 확충 계획, RE 비중 목표, 전력 수요 성장률]",entity,v124-c-018-entity-00082,C-018_generation_capacity_plan,VNM,,,,,,,,,원자력,,,"{""기술코드_근거문구"":""[기후기술코드] 38대 기후기술 분류체계 기준. 관계유형=직접 · 근거=원천 자체 분류. 개정 PDP8(768/QĐ-TTg) 전원별 설비용량 계획. 동 파일 '목표 · 원자력 목표' 2행 매핑과 동일 코드 적용. 매핑 결과: 11 원자력 기술."",""기술코드_판단근거_유형"":""직접·원천 자체 분류"",""속성10_건수"":null,""속성11_발행량_tCO2e"":null,""속성12_소각량_tCO2e"":null,""속성13_배분량_tCO2e"":null,""속성14_연간예상감축_tCO2e"":null,""속성15_빈티지_연도"":null,""속성16_발행일"":null,""속성17_크레딧기간"":null,""속성18_업종"":null,""속성19_원문URL"":""https://datafiles.chinhphu.vn/cpp/files/vbpq/2025/4/768-ttg.signed.pdf"",""속성1_레코드명"":""원자력"",""속성20_지역_원문"":null,""속성21_지역_현행"":null,""속성22_행정코드P_code"":null,""속성23_설명"":null,""속성2_레코드ID"":null,""속성3_값"":10500,""속성4_시점"":""2050"",""속성5_등록표준_출처"":null,""속성6_분류"":null,""속성7_상태"":null,""속성8_사업자_기관"":null,""속성9_방법론"":null}",,[하한(min)] 전원 구성 비중 1.4–1.7% 신규 보완: 종전 파일은 재생에너지만 수록하고 비-재생 전원을 누락,,,,C-018.xlsx,1.2_entity(레코드형),91,
C-018,"중장기 에너지 전망[전망 기관(IEA/현지 정부), 전망 시나리오명, 에너지원별 수요 전망, 기술별 발전 설비 확충 계획, RE 비중 목표, 전력 수요 성장률]",entity,v124-c-018-entity-00083,C-018_generation_capacity_plan,VNM,,,,,,,,,원자력,,,"{""기술코드_근거문구"":""[기후기술코드] 38대 기후기술 분류체계 기준. 관계유형=직접 · 근거=원천 자체 분류. 개정 PDP8(768/QĐ-TTg) 전원별 설비용량 계획. 동 파일 '목표 · 원자력 목표' 2행 매핑과 동일 코드 적용. 매핑 결과: 11 원자력 기술."",""기술코드_판단근거_유형"":""직접·원천 자체 분류"",""속성10_건수"":null,""속성11_발행량_tCO2e"":null,""속성12_소각량_tCO2e"":null,""속성13_배분량_tCO2e"":null,""속성14_연간예상감축_tCO2e"":null,""속성15_빈티지_연도"":null,""속성16_발행일"":null,""속성17_크레딧기간"":null,""속성18_업종"":null,""속성19_원문URL"":""https://datafiles.chinhphu.vn/cpp/files/vbpq/2025/4/768-ttg.signed.pdf"",""속성1_레코드명"":""원자력"",""속성20_지역_원문"":null,""속성21_지역_현행"":null,""속성22_행정코드P_code"":null,""속성23_설명"":null,""속성2_레코드ID"":null,""속성3_값"":14000,""속성4_시점"":""2050"",""속성5_등록표준_출처"":null,""속성6_분류"":null,""속성7_상태"":null,""속성8_사업자_기관"":null,""속성9_방법론"":null}",,[상한(max)] 전원 구성 비중 1.4–1.7% 신규 보완: 종전 파일은 재생에너지만 수록하고 비-재생 전원을 누락,,,,C-018.xlsx,1.2_entity(레코드형),92,
C-018,"중장기 에너지 전망[전망 기관(IEA/현지 정부), 전망 시나리오명, 에너지원별 수요 전망, 기술별 발전 설비 확충 계획, RE 비중 목표, 전력 수요 성장률]",entity,v124-c-018-entity-00084,C-018_generation_capacity_plan,VNM,,,,,,,,,원자력,,,"{""기술코드_근거문구"":""[기후기술코드] 38대 기후기술 분류체계 기준. 관계유형=직접 · 근거=원천 자체 분류. 개정 PDP8(768/QĐ-TTg) 전원별 설비용량 계획. 동 파일 '목표 · 원자력 목표' 2행 매핑과 동일 코드 적용. 매핑 결과: 11 원자력 기술."",""기술코드_판단근거_유형"":""직접·원천 자체 분류"",""속성10_건수"":null,""속성11_발행량_tCO2e"":null,""속성12_소각량_tCO2e"":null,""속성13_배분량_tCO2e"":null,""속성14_연간예상감축_tCO2e"":null,""속성15_빈티지_연도"":null,""속성16_발행일"":null,""속성17_크레딧기간"":null,""속성18_업종"":null,""속성19_원문URL"":""https://datafiles.chinhphu.vn/cpp/files/vbpq/2025/4/768-ttg.signed.pdf"",""속성1_레코드명"":""원자력"",""속성20_지역_원문"":null,""속성21_지역_현행"":null,""속성22_행정코드P_code"":null,""속성23_설명"":null,""속성2_레코드ID"":null,""속성3_값"":4000,""속성4_시점"":""2030"",""속성5_등록표준_출처"":null,""속성6_분류"":null,""속성7_상태"":null,""속성8_사업자_기관"":null,""속성9_방법론"":null}",,[하한(min)] 구성 비중 원문 미제시 신규 보완: 종전 파일은 재생에너지만 수록하고 비-재생 전원을 누락,,,,C-018.xlsx,1.2_entity(레코드형),63,
C-018,"중장기 에너지 전망[전망 기관(IEA/현지 정부), 전망 시나리오명, 에너지원별 수요 전망, 기술별 발전 설비 확충 계획, RE 비중 목표, 전력 수요 성장률]",entity,v124-c-018-entity-00085,C-018_generation_capacity_plan,VNM,,,,,,,,,원자력,,,"{""기술코드_근거문구"":""[기후기술코드] 38대 기후기술 분류체계 기준. 관계유형=직접 · 근거=원천 자체 분류. 개정 PDP8(768/QĐ-TTg) 전원별 설비용량 계획. 동 파일 '목표 · 원자력 목표' 2행 매핑과 동일 코드 적용. 매핑 결과: 11 원자력 기술."",""기술코드_판단근거_유형"":""직접·원천 자체 분류"",""속성10_건수"":null,""속성11_발행량_tCO2e"":null,""속성12_소각량_tCO2e"":null,""속성13_배분량_tCO2e"":null,""속성14_연간예상감축_tCO2e"":null,""속성15_빈티지_연도"":null,""속성16_발행일"":null,""속성17_크레딧기간"":null,""속성18_업종"":null,""속성19_원문URL"":""https://datafiles.chinhphu.vn/cpp/files/vbpq/2025/4/768-ttg.signed.pdf"",""속성1_레코드명"":""원자력"",""속성20_지역_원문"":null,""속성21_지역_현행"":null,""속성22_행정코드P_code"":null,""속성23_설명"":null,""속성2_레코드ID"":null,""속성3_값"":6400,""속성4_시점"":""2030"",""속성5_등록표준_출처"":null,""속성6_분류"":null,""속성7_상태"":null,""속성8_사업자_기관"":null,""속성9_방법론"":null}",,[상한(max)] 구성 비중 원문 미제시 신규 보완: 종전 파일은 재생에너지만 수록하고 비-재생 전원을 누락,,,,C-018.xlsx,1.2_entity(레코드형),64,
C-018,"중장기 에너지 전망[전망 기관(IEA/현지 정부), 전망 시나리오명, 에너지원별 수요 전망, 기술별 발전 설비 확충 계획, RE 비중 목표, 전력 수요 성장률]",entity,v124-c-018-entity-00086,C-018_generation_capacity_plan,VNM,,,,,,,,,양수발전,,,"{""기술코드_근거문구"":""[기후기술코드] 38대 기후기술 분류체계 기준. 관계유형=직접 · 근거=원천 자체 분류. 개정 PDP8(768/QĐ-TTg) 전원별 설비용량 계획. 동 파일 '양수발전(thủy điện tích năng)' 34행 매핑과 동일 코드 적용. 매핑 결과: 5 수력 기술."",""기술코드_판단근거_유형"":""직접·원천 자체 분류"",""속성10_건수"":null,""속성11_발행량_tCO2e"":null,""속성12_소각량_tCO2e"":null,""속성13_배분량_tCO2e"":null,""속성14_연간예상감축_tCO2e"":null,""속성15_빈티지_연도"":null,""속성16_발행일"":null,""속성17_크레딧기간"":null,""속성18_업종"":null,""속성19_원문URL"":""https://datafiles.chinhphu.vn/cpp/files/vbpq/2025/4/768-ttg.signed.pdf"",""속성1_레코드명"":""양수발전"",""속성20_지역_원문"":null,""속성21_지역_현행"":null,""속성22_행정코드P_code"":null,""속성23_설명"":null,""속성2_레코드ID"":null,""속성3_값"":20691,""속성4_시점"":""2050"",""속성5_등록표준_출처"":null,""속성6_분류"":null,""속성7_상태"":null,""속성8_사업자_기관"":null,""속성9_방법론"":null}",,[하한(min)] 구성 비중 원문 미제시 신규 보완: 종전 파일은 재생에너지만 수록하고 비-재생 전원을 누락,,,,C-018.xlsx,1.2_entity(레코드형),107,
C-018,"중장기 에너지 전망[전망 기관(IEA/현지 정부), 전망 시나리오명, 에너지원별 수요 전망, 기술별 발전 설비 확충 계획, RE 비중 목표, 전력 수요 성장률]",entity,v124-c-018-entity-00087,C-018_generation_capacity_plan,VNM,,,,,,,,,양수발전,,,"{""기술코드_근거문구"":""[기후기술코드] 38대 기후기술 분류체계 기준. 관계유형=직접 · 근거=원천 자체 분류. 개정 PDP8(768/QĐ-TTg) 전원별 설비용량 계획. 동 파일 '양수발전(thủy điện tích năng)' 34행 매핑과 동일 코드 적용. 매핑 결과: 5 수력 기술."",""기술코드_판단근거_유형"":""직접·원천 자체 분류"",""속성10_건수"":null,""속성11_발행량_tCO2e"":null,""속성12_소각량_tCO2e"":null,""속성13_배분량_tCO2e"":null,""속성14_연간예상감축_tCO2e"":null,""속성15_빈티지_연도"":null,""속성16_발행일"":null,""속성17_크레딧기간"":null,""속성18_업종"":null,""속성19_원문URL"":""https://datafiles.chinhphu.vn/cpp/files/vbpq/2025/4/768-ttg.signed.pdf"",""속성1_레코드명"":""양수발전"",""속성20_지역_원문"":null,""속성21_지역_현행"":null,""속성22_행정코드P_code"":null,""속성23_설명"":null,""속성2_레코드ID"":null,""속성3_값"":21327,""속성4_시점"":""2050"",""속성5_등록표준_출처"":null,""속성6_분류"":null,""속성7_상태"":null,""속성8_사업자_기관"":null,""속성9_방법론"":null}",,[상한(max)] 구성 비중 원문 미제시 신규 보완: 종전 파일은 재생에너지만 수록하고 비-재생 전원을 누락,,,,C-018.xlsx,1.2_entity(레코드형),108,
C-018,"중장기 에너지 전망[전망 기관(IEA/현지 정부), 전망 시나리오명, 에너지원별 수요 전망, 기술별 발전 설비 확충 계획, RE 비중 목표, 전력 수요 성장률]",entity,v124-c-018-entity-00088,C-018_generation_capacity_plan,VNM,,,,,,,,,양수발전,,,"{""기술코드_근거문구"":""[기후기술코드] 38대 기후기술 분류체계 기준. 관계유형=직접 · 근거=원천 자체 분류. 개정 PDP8(768/QĐ-TTg) 전원별 설비용량 계획. 동 파일 '양수발전(thủy điện tích năng)' 34행 매핑과 동일 코드 적용. 매핑 결과: 5 수력 기술."",""기술코드_판단근거_유형"":""직접·원천 자체 분류"",""속성10_건수"":null,""속성11_발행량_tCO2e"":null,""속성12_소각량_tCO2e"":null,""속성13_배분량_tCO2e"":null,""속성14_연간예상감축_tCO2e"":null,""속성15_빈티지_연도"":null,""속성16_발행일"":null,""속성17_크레딧기간"":null,""속성18_업종"":null,""속성19_원문URL"":""https://datafiles.chinhphu.vn/cpp/files/vbpq/2025/4/768-ttg.signed.pdf"",""속성1_레코드명"":""양수발전"",""속성20_지역_원문"":null,""속성21_지역_현행"":null,""속성22_행정코드P_code"":null,""속성23_설명"":null,""속성2_레코드ID"":null,""속성3_값"":2400,""속성4_시점"":""2030"",""속성5_등록표준_출처"":null,""속성6_분류"":null,""속성7_상태"":null,""속성8_사업자_기관"":null,""속성9_방법론"":null}",,[하한(min)] 구성 비중 원문 미제시 신규 보완: 종전 파일은 재생에너지만 수록하고 비-재생 전원을 누락,,,,C-018.xlsx,1.2_entity(레코드형),73,
C-018,"중장기 에너지 전망[전망 기관(IEA/현지 정부), 전망 시나리오명, 에너지원별 수요 전망, 기술별 발전 설비 확충 계획, RE 비중 목표, 전력 수요 성장률]",entity,v124-c-018-entity-00089,C-018_generation_capacity_plan,VNM,,,,,,,,,양수발전,,,"{""기술코드_근거문구"":""[기후기술코드] 38대 기후기술 분류체계 기준. 관계유형=직접 · 근거=원천 자체 분류. 개정 PDP8(768/QĐ-TTg) 전원별 설비용량 계획. 동 파일 '양수발전(thủy điện tích năng)' 34행 매핑과 동일 코드 적용. 매핑 결과: 5 수력 기술."",""기술코드_판단근거_유형"":""직접·원천 자체 분류"",""속성10_건수"":null,""속성11_발행량_tCO2e"":null,""속성12_소각량_tCO2e"":null,""속성13_배분량_tCO2e"":null,""속성14_연간예상감축_tCO2e"":null,""속성15_빈티지_연도"":null,""속성16_발행일"":null,""속성17_크레딧기간"":null,""속성18_업종"":null,""속성19_원문URL"":""https://datafiles.chinhphu.vn/cpp/files/vbpq/2025/4/768-ttg.signed.pdf"",""속성1_레코드명"":""양수발전"",""속성20_지역_원문"":null,""속성21_지역_현행"":null,""속성22_행정코드P_code"":null,""속성23_설명"":null,""속성2_레코드ID"":null,""속성3_값"":6000,""속성4_시점"":""2030"",""속성5_등록표준_출처"":null,""속성6_분류"":null,""속성7_상태"":null,""속성8_사업자_기관"":null,""속성9_방법론"":null}",,[상한(max)] 구성 비중 원문 미제시 신규 보완: 종전 파일은 재생에너지만 수록하고 비-재생 전원을 누락,,,,C-018.xlsx,1.2_entity(레코드형),74,
C-018,"중장기 에너지 전망[전망 기관(IEA/현지 정부), 전망 시나리오명, 에너지원별 수요 전망, 기술별 발전 설비 확충 계획, RE 비중 목표, 전력 수요 성장률]",entity,v124-c-018-entity-00090,C-018_generation_capacity_plan,VNM,,,,,,,,,LNG 수소 전소,,,"{""기술코드_근거문구"":""[기후기술코드] 38대 기후기술 분류체계 기준. 관계유형=직접 · 근거=원천 자체 분류. 개정 PDP8(Decision 768/QĐ-TTg) 「LNG 수소 전소」 — 원문이 수소 전소를 명시. 매핑 결과: 9 수소·암모니아 발전기술."",""기술코드_판단근거_유형"":""직접·원천 자체 분류"",""속성10_건수"":null,""속성11_발행량_tCO2e"":null,""속성12_소각량_tCO2e"":null,""속성13_배분량_tCO2e"":null,""속성14_연간예상감축_tCO2e"":null,""속성15_빈티지_연도"":null,""속성16_발행일"":null,""속성17_크레딧기간"":null,""속성18_업종"":null,""속성19_원문URL"":""https://datafiles.chinhphu.vn/cpp/files/vbpq/2025/4/768-ttg.signed.pdf"",""속성1_레코드명"":""LNG 수소 전소"",""속성20_지역_원문"":null,""속성21_지역_현행"":null,""속성22_행정코드P_code"":null,""속성23_설명"":null,""속성2_레코드ID"":null,""속성3_값"":11325,""속성4_시점"":""2050"",""속성5_등록표준_출처"":null,""속성6_분류"":null,""속성7_상태"":null,""속성8_사업자_기관"":null,""속성9_방법론"":null}",,[상한(max)] 전원 구성 비중 1.1–1.4% 신규 보완: 종전 파일은 재생에너지만 수록하고 비-재생 전원을 누락,,,,C-018.xlsx,1.2_entity(레코드형),104,
C-018,"중장기 에너지 전망[전망 기관(IEA/현지 정부), 전망 시나리오명, 에너지원별 수요 전망, 기술별 발전 설비 확충 계획, RE 비중 목표, 전력 수요 성장률]",entity,v124-c-018-entity-00091,C-018_generation_capacity_plan,VNM,,,,,,,,,LNG 수소 전소,,,"{""기술코드_근거문구"":""[기후기술코드] 38대 기후기술 분류체계 기준. 관계유형=직접 · 근거=원천 자체 분류. 개정 PDP8(Decision 768/QĐ-TTg) 「LNG 수소 전소」 — 원문이 수소 전소를 명시. 매핑 결과: 9 수소·암모니아 발전기술."",""기술코드_판단근거_유형"":""직접·원천 자체 분류"",""속성10_건수"":null,""속성11_발행량_tCO2e"":null,""속성12_소각량_tCO2e"":null,""속성13_배분량_tCO2e"":null,""속성14_연간예상감축_tCO2e"":null,""속성15_빈티지_연도"":null,""속성16_발행일"":null,""속성17_크레딧기간"":null,""속성18_업종"":null,""속성19_원문URL"":""https://datafiles.chinhphu.vn/cpp/files/vbpq/2025/4/768-ttg.signed.pdf"",""속성1_레코드명"":""LNG 수소 전소"",""속성20_지역_원문"":null,""속성21_지역_현행"":null,""속성22_행정코드P_code"":null,""속성23_설명"":null,""속성2_레코드ID"":null,""속성3_값"":8576,""속성4_시점"":""2050"",""속성5_등록표준_출처"":null,""속성6_분류"":null,""속성7_상태"":null,""속성8_사업자_기관"":null,""속성9_방법론"":null}",,[하한(min)] 전원 구성 비중 1.1–1.4% 신규 보완: 종전 파일은 재생에너지만 수록하고 비-재생 전원을 누락,,,,C-018.xlsx,1.2_entity(레코드형),103,
C-018,"중장기 에너지 전망[전망 기관(IEA/현지 정부), 전망 시나리오명, 에너지원별 수요 전망, 기술별 발전 설비 확충 계획, RE 비중 목표, 전력 수요 성장률]",entity,v124-c-018-entity-00092,C-018_generation_capacity_plan,VNM,,,,,,,,,LNG 수소 혼소,,,"{""기술코드_근거문구"":""[기후기술코드] 38대 기후기술 분류체계 기준. 관계유형=직접 · 근거=원천 자체 분류. 개정 PDP8(Decision 768/QĐ-TTg) 「LNG 수소 혼소」 — 원문이 수소 혼소를 명시. 프로젝트·파트너 정보로서 다분야에 해당하여 발주처 전달사항에 따라 tech_id를 ';'로 연결해 복수 기입함. 매핑 결과: 9 수소·암모니아 발전기술; 16 발전효율 기술."",""기술코드_판단근거_유형"":""직접·원천 자체 분류"",""속성10_건수"":null,""속성11_발행량_tCO2e"":null,""속성12_소각량_tCO2e"":null,""속성13_배분량_tCO2e"":null,""속성14_연간예상감축_tCO2e"":null,""속성15_빈티지_연도"":null,""속성16_발행일"":null,""속성17_크레딧기간"":null,""속성18_업종"":null,""속성19_원문URL"":""https://datafiles.chinhphu.vn/cpp/files/vbpq/2025/4/768-ttg.signed.pdf"",""속성1_레코드명"":""LNG 수소 혼소"",""속성20_지역_원문"":null,""속성21_지역_현행"":null,""속성22_행정코드P_code"":null,""속성23_설명"":null,""속성2_레코드ID"":null,""속성3_값"":18200,""속성4_시점"":""2050"",""속성5_등록표준_출처"":null,""속성6_분류"":null,""속성7_상태"":null,""속성8_사업자_기관"":null,""속성9_방법론"":null}",,[하한(min)] 전원 구성 비중 2.3–3.1% 신규 보완: 종전 파일은 재생에너지만 수록하고 비-재생 전원을 누락,,,,C-018.xlsx,1.2_entity(레코드형),101,
C-018,"중장기 에너지 전망[전망 기관(IEA/현지 정부), 전망 시나리오명, 에너지원별 수요 전망, 기술별 발전 설비 확충 계획, RE 비중 목표, 전력 수요 성장률]",entity,v124-c-018-entity-00093,C-018_generation_capacity_plan,VNM,,,,,,,,,LNG 수소 혼소,,,"{""기술코드_근거문구"":""[기후기술코드] 38대 기후기술 분류체계 기준. 관계유형=직접 · 근거=원천 자체 분류. 개정 PDP8(Decision 768/QĐ-TTg) 「LNG 수소 혼소」 — 원문이 수소 혼소를 명시. 프로젝트·파트너 정보로서 다분야에 해당하여 발주처 전달사항에 따라 tech_id를 ';'로 연결해 복수 기입함. 매핑 결과: 9 수소·암모니아 발전기술; 16 발전효율 기술."",""기술코드_판단근거_유형"":""직접·원천 자체 분류"",""속성10_건수"":null,""속성11_발행량_tCO2e"":null,""속성12_소각량_tCO2e"":null,""속성13_배분량_tCO2e"":null,""속성14_연간예상감축_tCO2e"":null,""속성15_빈티지_연도"":null,""속성16_발행일"":null,""속성17_크레딧기간"":null,""속성18_업종"":null,""속성19_원문URL"":""https://datafiles.chinhphu.vn/cpp/files/vbpq/2025/4/768-ttg.signed.pdf"",""속성1_레코드명"":""LNG 수소 혼소"",""속성20_지역_원문"":null,""속성21_지역_현행"":null,""속성22_행정코드P_code"":null,""속성23_설명"":null,""속성2_레코드ID"":null,""속성3_값"":26123,""속성4_시점"":""2050"",""속성5_등록표준_출처"":null,""속성6_분류"":null,""속성7_상태"":null,""속성8_사업자_기관"":null,""속성9_방법론"":null}",,[상한(max)] 전원 구성 비중 2.3–3.1% 신규 보완: 종전 파일은 재생에너지만 수록하고 비-재생 전원을 누락,,,,C-018.xlsx,1.2_entity(레코드형),102,
C-018,"중장기 에너지 전망[전망 기관(IEA/현지 정부), 전망 시나리오명, 에너지원별 수요 전망, 기술별 발전 설비 확충 계획, RE 비중 목표, 전력 수요 성장률]",entity,v124-c-018-entity-00094,C-018_generation_capacity_plan,VNM,,,,,,,,,LNG 화력 + CCS(신설),,,"{""기술코드_근거문구"":""[기후기술코드] 38대 기후기술 분류체계 기준. 관계유형=직접 · 근거=원천 자체 분류. 개정 PDP8(Decision 768/QĐ-TTg) 「LNG 화력 + CCS(신설)」 — 원문이 CCS 병설을 명시. 프로젝트·파트너 정보로서 다분야에 해당하여 발주처 전달사항에 따라 tech_id를 ';'로 연결해 복수 기입함. 매핑 결과: 16 발전효율 기술; 20 CO2 포집·저장·활용 기술."",""기술코드_판단근거_유형"":""직접·원천 자체 분류"",""속성10_건수"":null,""속성11_발행량_tCO2e"":null,""속성12_소각량_tCO2e"":null,""속성13_배분량_tCO2e"":null,""속성14_연간예상감축_tCO2e"":null,""속성15_빈티지_연도"":null,""속성16_발행일"":null,""속성17_크레딧기간"":null,""속성18_업종"":null,""속성19_원문URL"":""https://datafiles.chinhphu.vn/cpp/files/vbpq/2025/4/768-ttg.signed.pdf"",""속성1_레코드명"":""LNG 화력 + CCS(신설)"",""속성20_지역_원문"":null,""속성21_지역_현행"":null,""속성22_행정코드P_code"":null,""속성23_설명"":null,""속성2_레코드ID"":null,""속성3_값"":1887,""속성4_시점"":""2050"",""속성5_등록표준_출처"":null,""속성6_분류"":null,""속성7_상태"":null,""속성8_사업자_기관"":null,""속성9_방법론"":null}",,[하한(min)] 전원 구성 비중 0.2–0.3% 신규 보완: 종전 파일은 재생에너지만 수록하고 비-재생 전원을 누락,,,,C-018.xlsx,1.2_entity(레코드형),99,
C-018,"중장기 에너지 전망[전망 기관(IEA/현지 정부), 전망 시나리오명, 에너지원별 수요 전망, 기술별 발전 설비 확충 계획, RE 비중 목표, 전력 수요 성장률]",entity,v124-c-018-entity-00095,C-018_generation_capacity_plan,VNM,,,,,,,,,LNG 화력 + CCS(신설),,,"{""기술코드_근거문구"":""[기후기술코드] 38대 기후기술 분류체계 기준. 관계유형=직접 · 근거=원천 자체 분류. 개정 PDP8(Decision 768/QĐ-TTg) 「LNG 화력 + CCS(신설)」 — 원문이 CCS 병설을 명시. 프로젝트·파트너 정보로서 다분야에 해당하여 발주처 전달사항에 따라 tech_id를 ';'로 연결해 복수 기입함. 매핑 결과: 16 발전효율 기술; 20 CO2 포집·저장·활용 기술."",""기술코드_판단근거_유형"":""직접·원천 자체 분류"",""속성10_건수"":null,""속성11_발행량_tCO2e"":null,""속성12_소각량_tCO2e"":null,""속성13_배분량_tCO2e"":null,""속성14_연간예상감축_tCO2e"":null,""속성15_빈티지_연도"":null,""속성16_발행일"":null,""속성17_크레딧기간"":null,""속성18_업종"":null,""속성19_원문URL"":""https://datafiles.chinhphu.vn/cpp/files/vbpq/2025/4/768-ttg.signed.pdf"",""속성1_레코드명"":""LNG 화력 + CCS(신설)"",""속성20_지역_원문"":null,""속성21_지역_현행"":null,""속성22_행정코드P_code"":null,""속성23_설명"":null,""속성2_레코드ID"":null,""속성3_값"":2269,""속성4_시점"":""2050"",""속성5_등록표준_출처"":null,""속성6_분류"":null,""속성7_상태"":null,""속성8_사업자_기관"":null,""속성9_방법론"":null}",,[상한(max)] 전원 구성 비중 0.2–0.3% 신규 보완: 종전 파일은 재생에너지만 수록하고 비-재생 전원을 누락,,,,C-018.xlsx,1.2_entity(레코드형),100,
C-018,"중장기 에너지 전망[전망 기관(IEA/현지 정부), 전망 시나리오명, 에너지원별 수요 전망, 기술별 발전 설비 확충 계획, RE 비중 목표, 전력 수요 성장률]",entity,v124-c-018-entity-00096,C-018_generation_capacity_plan,VNM,,,,,,,,,국내가스 화력(수소 전소 전환),,,"{""기술코드_근거문구"":""[기후기술코드] 38대 기후기술 분류체계 기준. 관계유형=직접 · 근거=원천 자체 분류. 개정 PDP8(Decision 768/QĐ-TTg) 「국내가스 화력(수소 전소 전환)」 — 원문이 수소 전소 전환을 명시. 프로젝트·파트너 정보로서 다분야에 해당하여 발주처 전달사항에 따라 tech_id를 ';'로 연결해 복수 기입함. 매핑 결과: 9 수소·암모니아 발전기술; 16 발전효율 기술."",""기술코드_판단근거_유형"":""직접·원천 자체 분류"",""속성10_건수"":null,""속성11_발행량_tCO2e"":null,""속성12_소각량_tCO2e"":null,""속성13_배분량_tCO2e"":null,""속성14_연간예상감축_tCO2e"":null,""속성15_빈티지_연도"":null,""속성16_발행일"":null,""속성17_크레딧기간"":null,""속성18_업종"":null,""속성19_원문URL"":""https://datafiles.chinhphu.vn/cpp/files/vbpq/2025/4/768-ttg.signed.pdf"",""속성1_레코드명"":""국내가스 화력(수소 전소 전환)"",""속성20_지역_원문"":null,""속성21_지역_현행"":null,""속성22_행정코드P_code"":null,""속성23_설명"":null,""속성2_레코드ID"":null,""속성3_값"":7030,""속성4_시점"":""2050"",""속성5_등록표준_출처"":null,""속성6_분류"":null,""속성7_상태"":null,""속성8_사업자_기관"":null,""속성9_방법론"":null}",,전원 구성 비중 0.8–0.9% 신규 보완: 종전 파일은 재생에너지만 수록하고 비-재생 전원을 누락,,,,C-018.xlsx,1.2_entity(레코드형),98,
C-018,"중장기 에너지 전망[전망 기관(IEA/현지 정부), 전망 시나리오명, 에너지원별 수요 전망, 기술별 발전 설비 확충 계획, RE 비중 목표, 전력 수요 성장률]",entity,v124-c-018-entity-00097,C-018_generation_capacity_plan,VNM,,,,,,,,,바이오매스·암모니아 혼소 화력,,,"{""기술코드_근거문구"":""[기후기술코드] 38대 기후기술 분류체계 기준. 관계유형=직접 · 근거=원천 자체 분류. 개정 PDP8(Decision 768/QĐ-TTg) 「바이오매스·암모니아 혼소 화력」 — 원문이 바이오매스 및 암모니아 혼소를 명시. 프로젝트·파트너 정보로서 다분야에 해당하여 발주처 전달사항에 따라 tech_id를 ';'로 연결해 복수 기입함. 매핑 결과: 8 바이오에너지 기술; 9 수소·암모니아 발전기술; 16 발전효율 기술."",""기술코드_판단근거_유형"":""직접·원천 자체 분류"",""속성10_건수"":null,""속성11_발행량_tCO2e"":null,""속성12_소각량_tCO2e"":null,""속성13_배분량_tCO2e"":null,""속성14_연간예상감축_tCO2e"":null,""속성15_빈티지_연도"":null,""속성16_발행일"":null,""속성17_크레딧기간"":null,""속성18_업종"":null,""속성19_원문URL"":""https://datafiles.chinhphu.vn/cpp/files/vbpq/2025/4/768-ttg.signed.pdf"",""속성1_레코드명"":""바이오매스·암모니아 혼소 화력"",""속성20_지역_원문"":null,""속성21_지역_현행"":null,""속성22_행정코드P_code"":null,""속성23_설명"":null,""속성2_레코드ID"":null,""속성3_값"":25798,""속성4_시점"":""2050"",""속성5_등록표준_출처"":null,""속성6_분류"":null,""속성7_상태"":null,""속성8_사업자_기관"":null,""속성9_방법론"":null}",,전원 구성 비중 3.1–3.3% 신규 보완: 종전 파일은 재생에너지만 수록하고 비-재생 전원을 누락,,,,C-018.xlsx,1.2_entity(레코드형),96,
C-018,"중장기 에너지 전망[전망 기관(IEA/현지 정부), 전망 시나리오명, 에너지원별 수요 전망, 기술별 발전 설비 확충 계획, RE 비중 목표, 전력 수요 성장률]",entity,v124-c-018-entity-00098,C-018_power_demand_growth,VNM,,,,,,,,,2030→2050 CAGR,,,"{""기술코드_근거문구"":""[기후기술코드] 38대 기후기술 분류체계 기준. 관계유형=미부여 · 근거=원천 자체 분류. 해당 지표의 메타 기후기술코드가 「범용」으로, 개별 레코드에 특정 기술이 성립하지 않음. 매핑 결과: 범용(특정 기후기술을 지목하지 않는 배경 데이터, tech_id 공란)."",""기술코드_판단근거_유형"":""미매핑(범용)"",""속성10_건수"":null,""속성11_발행량_tCO2e"":null,""속성12_소각량_tCO2e"":null,""속성13_배분량_tCO2e"":null,""속성14_연간예상감축_tCO2e"":null,""속성15_빈티지_연도"":null,""속성16_발행일"":null,""속성17_크레딧기간"":null,""속성18_업종"":null,""속성19_원문URL"":""https://datafiles.chinhphu.vn/cpp/files/vbpq/2025/4/768-ttg.signed.pdf"",""속성1_레코드명"":""2030→2050 CAGR"",""속성20_지역_원문"":null,""속성21_지역_현행"":null,""속성22_행정코드P_code"":null,""속성23_설명"":null,""속성2_레코드ID"":null,""속성3_값"":4.223,""속성4_시점"":2030,""속성5_등록표준_출처"":null,""속성6_분류"":null,""속성7_상태"":null,""속성8_사업자_기관"":null,""속성9_방법론"":null}",,"최대전력(피크)(상한) 기준 2030년 99,934 → 2050년 228,570 (MW)로부터 산출한 20년 CAGR. 원문 미제시 값의 자체 산출. raw: C-018_전력가격·시장공표_원문확인_2026-08-18.md",,,,C-018.xlsx,1.2_entity(레코드형),124,
C-018,"중장기 에너지 전망[전망 기관(IEA/현지 정부), 전망 시나리오명, 에너지원별 수요 전망, 기술별 발전 설비 확충 계획, RE 비중 목표, 전력 수요 성장률]",entity,v124-c-018-entity-00099,C-018_power_demand_growth,VNM,,,,,,,,,2030→2050 CAGR,,,"{""기술코드_근거문구"":""[기후기술코드] 38대 기후기술 분류체계 기준. 관계유형=미부여 · 근거=원천 자체 분류. 해당 지표의 메타 기후기술코드가 「범용」으로, 개별 레코드에 특정 기술이 성립하지 않음. 매핑 결과: 범용(특정 기후기술을 지목하지 않는 배경 데이터, tech_id 공란)."",""기술코드_판단근거_유형"":""미매핑(범용)"",""속성10_건수"":null,""속성11_발행량_tCO2e"":null,""속성12_소각량_tCO2e"":null,""속성13_배분량_tCO2e"":null,""속성14_연간예상감축_tCO2e"":null,""속성15_빈티지_연도"":null,""속성16_발행일"":null,""속성17_크레딧기간"":null,""속성18_업종"":null,""속성19_원문URL"":""https://datafiles.chinhphu.vn/cpp/files/vbpq/2025/4/768-ttg.signed.pdf"",""속성1_레코드명"":""2030→2050 CAGR"",""속성20_지역_원문"":null,""속성21_지역_현행"":null,""속성22_행정코드P_code"":null,""속성23_설명"":null,""속성2_레코드ID"":null,""속성3_값"":4.24,""속성4_시점"":2030,""속성5_등록표준_출처"":null,""속성6_분류"":null,""속성7_상태"":null,""속성8_사업자_기관"":null,""속성9_방법론"":null}",,"최대전력(피크)(하한) 기준 2030년 89,655 → 2050년 205,732 (MW)로부터 산출한 20년 CAGR. 원문 미제시 값의 자체 산출. raw: C-018_전력가격·시장공표_원문확인_2026-08-18.md",,,,C-018.xlsx,1.2_entity(레코드형),123,
C-018,"중장기 에너지 전망[전망 기관(IEA/현지 정부), 전망 시나리오명, 에너지원별 수요 전망, 기술별 발전 설비 확충 계획, RE 비중 목표, 전력 수요 성장률]",entity,v124-c-018-entity-00100,C-018_power_demand_growth,VNM,,,,,,,,,2030→2050 CAGR,,,"{""기술코드_근거문구"":""[기후기술코드] 38대 기후기술 분류체계 기준. 관계유형=미부여 · 근거=원천 자체 분류. 해당 지표의 메타 기후기술코드가 「범용」으로, 개별 레코드에 특정 기술이 성립하지 않음. 매핑 결과: 범용(특정 기후기술을 지목하지 않는 배경 데이터, tech_id 공란)."",""기술코드_판단근거_유형"":""미매핑(범용)"",""속성10_건수"":null,""속성11_발행량_tCO2e"":null,""속성12_소각량_tCO2e"":null,""속성13_배분량_tCO2e"":null,""속성14_연간예상감축_tCO2e"":null,""속성15_빈티지_연도"":null,""속성16_발행일"":null,""속성17_크레딧기간"":null,""속성18_업종"":null,""속성19_원문URL"":""https://datafiles.chinhphu.vn/cpp/files/vbpq/2025/4/768-ttg.signed.pdf"",""속성1_레코드명"":""2030→2050 CAGR"",""속성20_지역_원문"":null,""속성21_지역_현행"":null,""속성22_행정코드P_code"":null,""속성23_설명"":null,""속성2_레코드ID"":null,""속성3_값"":4.516,""속성4_시점"":2030,""속성5_등록표준_출처"":null,""속성6_분류"":null,""속성7_상태"":null,""속성8_사업자_기관"":null,""속성9_방법론"":null}",,"전력 생산+수입량(상한) 기준 2030년 624.6 → 2050년 1,511.1 (십억kWh)로부터 산출한 20년 CAGR. 원문 미제시 값의 자체 산출. raw: C-018_전력가격·시장공표_원문확인_2026-08-18.md",,,,C-018.xlsx,1.2_entity(레코드형),122,
C-018,"중장기 에너지 전망[전망 기관(IEA/현지 정부), 전망 시나리오명, 에너지원별 수요 전망, 기술별 발전 설비 확충 계획, RE 비중 목표, 전력 수요 성장률]",entity,v124-c-018-entity-00101,C-018_power_demand_growth,VNM,,,,,,,,,2030→2050 CAGR,,,"{""기술코드_근거문구"":""[기후기술코드] 38대 기후기술 분류체계 기준. 관계유형=미부여 · 근거=원천 자체 분류. 해당 지표의 메타 기후기술코드가 「범용」으로, 개별 레코드에 특정 기술이 성립하지 않음. 매핑 결과: 범용(특정 기후기술을 지목하지 않는 배경 데이터, tech_id 공란)."",""기술코드_판단근거_유형"":""미매핑(범용)"",""속성10_건수"":null,""속성11_발행량_tCO2e"":null,""속성12_소각량_tCO2e"":null,""속성13_배분량_tCO2e"":null,""속성14_연간예상감축_tCO2e"":null,""속성15_빈티지_연도"":null,""속성16_발행일"":null,""속성17_크레딧기간"":null,""속성18_업종"":null,""속성19_원문URL"":""https://datafiles.chinhphu.vn/cpp/files/vbpq/2025/4/768-ttg.signed.pdf"",""속성1_레코드명"":""2030→2050 CAGR"",""속성20_지역_원문"":null,""속성21_지역_현행"":null,""속성22_행정코드P_code"":null,""속성23_설명"":null,""속성2_레코드ID"":null,""속성3_값"":4.533,""속성4_시점"":2030,""속성5_등록표준_출처"":null,""속성6_분류"":null,""속성7_상태"":null,""속성8_사업자_기관"":null,""속성9_방법론"":null}",,"전력 생산+수입량(하한) 기준 2030년 560.4 → 2050년 1,360.1 (십억kWh)로부터 산출한 20년 CAGR. 원문 미제시 값의 자체 산출. raw: C-018_전력가격·시장공표_원문확인_2026-08-18.md",,,,C-018.xlsx,1.2_entity(레코드형),121,
C-018,"중장기 에너지 전망[전망 기관(IEA/현지 정부), 전망 시나리오명, 에너지원별 수요 전망, 기술별 발전 설비 확충 계획, RE 비중 목표, 전력 수요 성장률]",entity,v124-c-018-entity-00102,C-018_power_demand_growth,VNM,,,,,,,,,2030→2050 CAGR,,,"{""기술코드_근거문구"":""[기후기술코드] 38대 기후기술 분류체계 기준. 관계유형=미부여 · 근거=원천 자체 분류. 해당 지표의 메타 기후기술코드가 「범용」으로, 개별 레코드에 특정 기술이 성립하지 않음. 매핑 결과: 범용(특정 기후기술을 지목하지 않는 배경 데이터, tech_id 공란)."",""기술코드_판단근거_유형"":""미매핑(범용)"",""속성10_건수"":null,""속성11_발행량_tCO2e"":null,""속성12_소각량_tCO2e"":null,""속성13_배분량_tCO2e"":null,""속성14_연간예상감축_tCO2e"":null,""속성15_빈티지_연도"":null,""속성16_발행일"":null,""속성17_크레딧기간"":null,""속성18_업종"":null,""속성19_원문URL"":""https://datafiles.chinhphu.vn/cpp/files/vbpq/2025/4/768-ttg.signed.pdf"",""속성1_레코드명"":""2030→2050 CAGR"",""속성20_지역_원문"":null,""속성21_지역_현행"":null,""속성22_행정코드P_code"":null,""속성23_설명"":null,""속성2_레코드ID"":null,""속성3_값"":4.615,""속성4_시점"":2030,""속성5_등록표준_출처"":null,""속성6_분류"":null,""속성7_상태"":null,""속성8_사업자_기관"":null,""속성9_방법론"":null}",,"상업전력 판매량(상한) 기준 2030년 557.8 → 2050년 1,375.1 (십억kWh)로부터 산출한 20년 CAGR. 원문 미제시 값의 자체 산출. raw: C-018_전력가격·시장공표_원문확인_2026-08-18.md",,,,C-018.xlsx,1.2_entity(레코드형),120,
C-018,"중장기 에너지 전망[전망 기관(IEA/현지 정부), 전망 시나리오명, 에너지원별 수요 전망, 기술별 발전 설비 확충 계획, RE 비중 목표, 전력 수요 성장률]",entity,v124-c-018-entity-00103,C-018_power_demand_growth,VNM,,,,,,,,,2030→2050 CAGR,,,"{""기술코드_근거문구"":""[기후기술코드] 38대 기후기술 분류체계 기준. 관계유형=미부여 · 근거=원천 자체 분류. 해당 지표의 메타 기후기술코드가 「범용」으로, 개별 레코드에 특정 기술이 성립하지 않음. 매핑 결과: 범용(특정 기후기술을 지목하지 않는 배경 데이터, tech_id 공란)."",""기술코드_판단근거_유형"":""미매핑(범용)"",""속성10_건수"":null,""속성11_발행량_tCO2e"":null,""속성12_소각량_tCO2e"":null,""속성13_배분량_tCO2e"":null,""속성14_연간예상감축_tCO2e"":null,""속성15_빈티지_연도"":null,""속성16_발행일"":null,""속성17_크레딧기간"":null,""속성18_업종"":null,""속성19_원문URL"":""https://datafiles.chinhphu.vn/cpp/files/vbpq/2025/4/768-ttg.signed.pdf"",""속성1_레코드명"":""2030→2050 CAGR"",""속성20_지역_원문"":null,""속성21_지역_현행"":null,""속성22_행정코드P_code"":null,""속성23_설명"":null,""속성2_레코드ID"":null,""속성3_값"":4.632,""속성4_시점"":2030,""속성5_등록표준_출처"":null,""속성6_분류"":null,""속성7_상태"":null,""속성8_사업자_기관"":null,""속성9_방법론"":null}",,"상업전력 판매량(하한) 기준 2030년 500.4 → 2050년 1,237.7 (십억kWh)로부터 산출한 20년 CAGR. 원문 미제시 값의 자체 산출. raw: C-018_전력가격·시장공표_원문확인_2026-08-18.md",,,,C-018.xlsx,1.2_entity(레코드형),119,
C-018,"중장기 에너지 전망[전망 기관(IEA/현지 정부), 전망 시나리오명, 에너지원별 수요 전망, 기술별 발전 설비 확충 계획, RE 비중 목표, 전력 수요 성장률]",entity,v124-c-018-entity-00104,C-018_projection_agency,VNM,,,,,,,,,전망 문서 시나리오 전망 시나리오,,,"{""기술코드_근거문구"":""[기후기술코드] 38대 기후기술 분류체계 기준. 관계유형=미부여 · 근거=원천 자체 분류. 해당 지표의 메타 기후기술코드가 「범용」으로, 개별 레코드에 특정 기술이 성립하지 않음. 매핑 결과: 범용(특정 기후기술을 지목하지 않는 배경 데이터, tech_id 공란)."",""기술코드_판단근거_유형"":""미매핑(범용)"",""속성10_건수"":null,""속성11_발행량_tCO2e"":null,""속성12_소각량_tCO2e"":null,""속성13_배분량_tCO2e"":null,""속성14_연간예상감축_tCO2e"":null,""속성15_빈티지_연도"":null,""속성16_발행일"":null,""속성17_크레딧기간"":null,""속성18_업종"":null,""속성19_원문URL"":""https://datafiles.chinhphu.vn/cpp/files/vbpq/2025/4/768-ttg.signed.pdf"",""속성1_레코드명"":""전망 문서 시나리오 전망 시나리오"",""속성20_지역_원문"":null,""속성21_지역_현행"":null,""속성22_행정코드P_code"":null,""속성23_설명"":null,""속성2_레코드ID"":null,""속성3_값"":""단일 계획, 하한–상한 범위 제시"",""속성4_시점"":""2025"",""속성5_등록표준_출처"":null,""속성6_분류"":null,""속성7_상태"":null,""속성8_사업자_기관"":null,""속성9_방법론"":null}",,신규 보완: 개정 PDP8은 명명된 복수 시나리오(기준/고성장 등)를 제시하지 않고 모든 수치를 하한–상한 범위로 표기. 본 시트 및 C-016 시트의 범위값은 이 상·하한임,,,,C-018.xlsx,1.2_entity(레코드형),5,
C-018,"중장기 에너지 전망[전망 기관(IEA/현지 정부), 전망 시나리오명, 에너지원별 수요 전망, 기술별 발전 설비 확충 계획, RE 비중 목표, 전력 수요 성장률]",entity,v124-c-018-entity-00105,C-018_projection_agency,VNM,,,,,,,,,전망 문서 시나리오 전망 기관,,,"{""기술코드_근거문구"":""[기후기술코드] 38대 기후기술 분류체계 기준. 관계유형=미부여 · 근거=원천 자체 분류. 해당 지표의 메타 기후기술코드가 「범용」으로, 개별 레코드에 특정 기술이 성립하지 않음. 매핑 결과: 범용(특정 기후기술을 지목하지 않는 배경 데이터, tech_id 공란)."",""기술코드_판단근거_유형"":""미매핑(범용)"",""속성10_건수"":null,""속성11_발행량_tCO2e"":null,""속성12_소각량_tCO2e"":null,""속성13_배분량_tCO2e"":null,""속성14_연간예상감축_tCO2e"":null,""속성15_빈티지_연도"":null,""속성16_발행일"":null,""속성17_크레딧기간"":null,""속성18_업종"":null,""속성19_원문URL"":""https://vanban.chinhphu.vn/?pageid=27160&docid=213388"",""속성1_레코드명"":""전망 문서 시나리오 전망 기관"",""속성20_지역_원문"":null,""속성21_지역_현행"":null,""속성22_행정코드P_code"":null,""속성23_설명"":null,""속성2_레코드ID"":null,""속성3_값"":""베트남 총리(Thủ tướng Chính phủ)"",""속성4_시점"":""2025"",""속성5_등록표준_출처"":null,""속성6_분류"":null,""속성7_상태"":null,""속성8_사업자_기관"":null,""속성9_방법론"":null}",,"신규 보완: 종전 파일에 전망 기관 항목 없었음. 작성 주관 MOIT, 승인·공포 총리(Decision 768/QĐ-TTg, 2025.4.15). IEA 등 외부기관 전망은 미사용",,,,C-018.xlsx,1.2_entity(레코드형),4,
C-018,"중장기 에너지 전망[전망 기관(IEA/현지 정부), 전망 시나리오명, 에너지원별 수요 전망, 기술별 발전 설비 확충 계획, RE 비중 목표, 전력 수요 성장률]",entity,v124-c-018-entity-00106,C-018_projection_scenario,VNM,,,,,,,,,상업전력 판매량,,,"{""기술코드_근거문구"":""[기후기술코드] 38대 기후기술 분류체계 기준. 관계유형=미부여 · 근거=원천 자체 분류. 해당 지표의 메타 기후기술코드가 「범용」으로, 개별 레코드에 특정 기술이 성립하지 않음. 매핑 결과: 범용(특정 기후기술을 지목하지 않는 배경 데이터, tech_id 공란)."",""기술코드_판단근거_유형"":""미매핑(범용)"",""속성10_건수"":null,""속성11_발행량_tCO2e"":null,""속성12_소각량_tCO2e"":null,""속성13_배분량_tCO2e"":null,""속성14_연간예상감축_tCO2e"":null,""속성15_빈티지_연도"":null,""속성16_발행일"":null,""속성17_크레딧기간"":null,""속성18_업종"":null,""속성19_원문URL"":""https://datafiles.chinhphu.vn/cpp/files/vbpq/2025/4/768-ttg.signed.pdf"",""속성1_레코드명"":""상업전력 판매량"",""속성20_지역_원문"":null,""속성21_지역_현행"":null,""속성22_행정코드P_code"":null,""속성23_설명"":null,""속성2_레코드ID"":null,""속성3_값"":1237.7,""속성4_시점"":""2050"",""속성5_등록표준_출처"":null,""속성6_분류"":null,""속성7_상태"":null,""속성8_사업자_기관"":null,""속성9_방법론"":null}",,[하한(min)] 에너지원별(원별) 수요 전망은 원문 미제시 — PDP8은 설비용량만 전원별로 제시하고 수요는 총량으로만 제시,,,,C-018.xlsx,1.2_entity(레코드형),8,
C-018,"중장기 에너지 전망[전망 기관(IEA/현지 정부), 전망 시나리오명, 에너지원별 수요 전망, 기술별 발전 설비 확충 계획, RE 비중 목표, 전력 수요 성장률]",entity,v124-c-018-entity-00107,C-018_projection_scenario,VNM,,,,,,,,,상업전력 판매량,,,"{""기술코드_근거문구"":""[기후기술코드] 38대 기후기술 분류체계 기준. 관계유형=미부여 · 근거=원천 자체 분류. 해당 지표의 메타 기후기술코드가 「범용」으로, 개별 레코드에 특정 기술이 성립하지 않음. 매핑 결과: 범용(특정 기후기술을 지목하지 않는 배경 데이터, tech_id 공란)."",""기술코드_판단근거_유형"":""미매핑(범용)"",""속성10_건수"":null,""속성11_발행량_tCO2e"":null,""속성12_소각량_tCO2e"":null,""속성13_배분량_tCO2e"":null,""속성14_연간예상감축_tCO2e"":null,""속성15_빈티지_연도"":null,""속성16_발행일"":null,""속성17_크레딧기간"":null,""속성18_업종"":null,""속성19_원문URL"":""https://datafiles.chinhphu.vn/cpp/files/vbpq/2025/4/768-ttg.signed.pdf"",""속성1_레코드명"":""상업전력 판매량"",""속성20_지역_원문"":null,""속성21_지역_현행"":null,""속성22_행정코드P_code"":null,""속성23_설명"":null,""속성2_레코드ID"":null,""속성3_값"":1375.1,""속성4_시점"":""2050"",""속성5_등록표준_출처"":null,""속성6_분류"":null,""속성7_상태"":null,""속성8_사업자_기관"":null,""속성9_방법론"":null}",,[상한(max)] 에너지원별(원별) 수요 전망은 원문 미제시 — PDP8은 설비용량만 전원별로 제시하고 수요는 총량으로만 제시,,,,C-018.xlsx,1.2_entity(레코드형),9,
C-018,"중장기 에너지 전망[전망 기관(IEA/현지 정부), 전망 시나리오명, 에너지원별 수요 전망, 기술별 발전 설비 확충 계획, RE 비중 목표, 전력 수요 성장률]",entity,v124-c-018-entity-00108,C-018_projection_scenario,VNM,,,,,,,,,상업전력 판매량,,,"{""기술코드_근거문구"":""[기후기술코드] 38대 기후기술 분류체계 기준. 관계유형=미부여 · 근거=원천 자체 분류. 해당 지표의 메타 기후기술코드가 「범용」으로, 개별 레코드에 특정 기술이 성립하지 않음. 매핑 결과: 범용(특정 기후기술을 지목하지 않는 배경 데이터, tech_id 공란)."",""기술코드_판단근거_유형"":""미매핑(범용)"",""속성10_건수"":null,""속성11_발행량_tCO2e"":null,""속성12_소각량_tCO2e"":null,""속성13_배분량_tCO2e"":null,""속성14_연간예상감축_tCO2e"":null,""속성15_빈티지_연도"":null,""속성16_발행일"":null,""속성17_크레딧기간"":null,""속성18_업종"":null,""속성19_원문URL"":""https://datafiles.chinhphu.vn/cpp/files/vbpq/2025/4/768-ttg.signed.pdf"",""속성1_레코드명"":""상업전력 판매량"",""속성20_지역_원문"":null,""속성21_지역_현행"":null,""속성22_행정코드P_code"":null,""속성23_설명"":null,""속성2_레코드ID"":null,""속성3_값"":500.4,""속성4_시점"":""2030"",""속성5_등록표준_출처"":null,""속성6_분류"":null,""속성7_상태"":null,""속성8_사업자_기관"":null,""속성9_방법론"":null}",,[하한(min)] 에너지원별(원별) 수요 전망은 원문 미제시 — PDP8은 설비용량만 전원별로 제시하고 수요는 총량으로만 제시,,,,C-018.xlsx,1.2_entity(레코드형),6,
C-018,"중장기 에너지 전망[전망 기관(IEA/현지 정부), 전망 시나리오명, 에너지원별 수요 전망, 기술별 발전 설비 확충 계획, RE 비중 목표, 전력 수요 성장률]",entity,v124-c-018-entity-00109,C-018_projection_scenario,VNM,,,,,,,,,상업전력 판매량,,,"{""기술코드_근거문구"":""[기후기술코드] 38대 기후기술 분류체계 기준. 관계유형=미부여 · 근거=원천 자체 분류. 해당 지표의 메타 기후기술코드가 「범용」으로, 개별 레코드에 특정 기술이 성립하지 않음. 매핑 결과: 범용(특정 기후기술을 지목하지 않는 배경 데이터, tech_id 공란)."",""기술코드_판단근거_유형"":""미매핑(범용)"",""속성10_건수"":null,""속성11_발행량_tCO2e"":null,""속성12_소각량_tCO2e"":null,""속성13_배분량_tCO2e"":null,""속성14_연간예상감축_tCO2e"":null,""속성15_빈티지_연도"":null,""속성16_발행일"":null,""속성17_크레딧기간"":null,""속성18_업종"":null,""속성19_원문URL"":""https://datafiles.chinhphu.vn/cpp/files/vbpq/2025/4/768-ttg.signed.pdf"",""속성1_레코드명"":""상업전력 판매량"",""속성20_지역_원문"":null,""속성21_지역_현행"":null,""속성22_행정코드P_code"":null,""속성23_설명"":null,""속성2_레코드ID"":null,""속성3_값"":557.8,""속성4_시점"":""2030"",""속성5_등록표준_출처"":null,""속성6_분류"":null,""속성7_상태"":null,""속성8_사업자_기관"":null,""속성9_방법론"":null}",,[상한(max)] 에너지원별(원별) 수요 전망은 원문 미제시 — PDP8은 설비용량만 전원별로 제시하고 수요는 총량으로만 제시,,,,C-018.xlsx,1.2_entity(레코드형),7,
C-018,"중장기 에너지 전망[전망 기관(IEA/현지 정부), 전망 시나리오명, 에너지원별 수요 전망, 기술별 발전 설비 확충 계획, RE 비중 목표, 전력 수요 성장률]",entity,v124-c-018-entity-00110,C-018_projection_scenario,VNM,,,,,,,,,전력 생산+수입량,,,"{""기술코드_근거문구"":""[기후기술코드] 38대 기후기술 분류체계 기준. 관계유형=미부여 · 근거=원천 자체 분류. 해당 지표의 메타 기후기술코드가 「범용」으로, 개별 레코드에 특정 기술이 성립하지 않음. 매핑 결과: 범용(특정 기후기술을 지목하지 않는 배경 데이터, tech_id 공란)."",""기술코드_판단근거_유형"":""미매핑(범용)"",""속성10_건수"":null,""속성11_발행량_tCO2e"":null,""속성12_소각량_tCO2e"":null,""속성13_배분량_tCO2e"":null,""속성14_연간예상감축_tCO2e"":null,""속성15_빈티지_연도"":null,""속성16_발행일"":null,""속성17_크레딧기간"":null,""속성18_업종"":null,""속성19_원문URL"":""https://datafiles.chinhphu.vn/cpp/files/vbpq/2025/4/768-ttg.signed.pdf"",""속성1_레코드명"":""전력 생산+수입량"",""속성20_지역_원문"":null,""속성21_지역_현행"":null,""속성22_행정코드P_code"":null,""속성23_설명"":null,""속성2_레코드ID"":null,""속성3_값"":1360.1,""속성4_시점"":""2050"",""속성5_등록표준_출처"":null,""속성6_분류"":null,""속성7_상태"":null,""속성8_사업자_기관"":null,""속성9_방법론"":null}",,[하한(min)] 에너지원별(원별) 수요 전망은 원문 미제시 — PDP8은 설비용량만 전원별로 제시하고 수요는 총량으로만 제시,,,,C-018.xlsx,1.2_entity(레코드형),12,
C-018,"중장기 에너지 전망[전망 기관(IEA/현지 정부), 전망 시나리오명, 에너지원별 수요 전망, 기술별 발전 설비 확충 계획, RE 비중 목표, 전력 수요 성장률]",entity,v124-c-018-entity-00111,C-018_projection_scenario,VNM,,,,,,,,,전력 생산+수입량,,,"{""기술코드_근거문구"":""[기후기술코드] 38대 기후기술 분류체계 기준. 관계유형=미부여 · 근거=원천 자체 분류. 해당 지표의 메타 기후기술코드가 「범용」으로, 개별 레코드에 특정 기술이 성립하지 않음. 매핑 결과: 범용(특정 기후기술을 지목하지 않는 배경 데이터, tech_id 공란)."",""기술코드_판단근거_유형"":""미매핑(범용)"",""속성10_건수"":null,""속성11_발행량_tCO2e"":null,""속성12_소각량_tCO2e"":null,""속성13_배분량_tCO2e"":null,""속성14_연간예상감축_tCO2e"":null,""속성15_빈티지_연도"":null,""속성16_발행일"":null,""속성17_크레딧기간"":null,""속성18_업종"":null,""속성19_원문URL"":""https://datafiles.chinhphu.vn/cpp/files/vbpq/2025/4/768-ttg.signed.pdf"",""속성1_레코드명"":""전력 생산+수입량"",""속성20_지역_원문"":null,""속성21_지역_현행"":null,""속성22_행정코드P_code"":null,""속성23_설명"":null,""속성2_레코드ID"":null,""속성3_값"":1511.1,""속성4_시점"":""2050"",""속성5_등록표준_출처"":null,""속성6_분류"":null,""속성7_상태"":null,""속성8_사업자_기관"":null,""속성9_방법론"":null}",,[상한(max)] 에너지원별(원별) 수요 전망은 원문 미제시 — PDP8은 설비용량만 전원별로 제시하고 수요는 총량으로만 제시,,,,C-018.xlsx,1.2_entity(레코드형),13,
C-018,"중장기 에너지 전망[전망 기관(IEA/현지 정부), 전망 시나리오명, 에너지원별 수요 전망, 기술별 발전 설비 확충 계획, RE 비중 목표, 전력 수요 성장률]",entity,v124-c-018-entity-00112,C-018_projection_scenario,VNM,,,,,,,,,전력 생산+수입량,,,"{""기술코드_근거문구"":""[기후기술코드] 38대 기후기술 분류체계 기준. 관계유형=미부여 · 근거=원천 자체 분류. 해당 지표의 메타 기후기술코드가 「범용」으로, 개별 레코드에 특정 기술이 성립하지 않음. 매핑 결과: 범용(특정 기후기술을 지목하지 않는 배경 데이터, tech_id 공란)."",""기술코드_판단근거_유형"":""미매핑(범용)"",""속성10_건수"":null,""속성11_발행량_tCO2e"":null,""속성12_소각량_tCO2e"":null,""속성13_배분량_tCO2e"":null,""속성14_연간예상감축_tCO2e"":null,""속성15_빈티지_연도"":null,""속성16_발행일"":null,""속성17_크레딧기간"":null,""속성18_업종"":null,""속성19_원문URL"":""https://datafiles.chinhphu.vn/cpp/files/vbpq/2025/4/768-ttg.signed.pdf"",""속성1_레코드명"":""전력 생산+수입량"",""속성20_지역_원문"":null,""속성21_지역_현행"":null,""속성22_행정코드P_code"":null,""속성23_설명"":null,""속성2_레코드ID"":null,""속성3_값"":560.4,""속성4_시점"":""2030"",""속성5_등록표준_출처"":null,""속성6_분류"":null,""속성7_상태"":null,""속성8_사업자_기관"":null,""속성9_방법론"":null}",,[하한(min)] 에너지원별(원별) 수요 전망은 원문 미제시 — PDP8은 설비용량만 전원별로 제시하고 수요는 총량으로만 제시,,,,C-018.xlsx,1.2_entity(레코드형),10,
C-018,"중장기 에너지 전망[전망 기관(IEA/현지 정부), 전망 시나리오명, 에너지원별 수요 전망, 기술별 발전 설비 확충 계획, RE 비중 목표, 전력 수요 성장률]",entity,v124-c-018-entity-00113,C-018_projection_scenario,VNM,,,,,,,,,전력 생산+수입량,,,"{""기술코드_근거문구"":""[기후기술코드] 38대 기후기술 분류체계 기준. 관계유형=미부여 · 근거=원천 자체 분류. 해당 지표의 메타 기후기술코드가 「범용」으로, 개별 레코드에 특정 기술이 성립하지 않음. 매핑 결과: 범용(특정 기후기술을 지목하지 않는 배경 데이터, tech_id 공란)."",""기술코드_판단근거_유형"":""미매핑(범용)"",""속성10_건수"":null,""속성11_발행량_tCO2e"":null,""속성12_소각량_tCO2e"":null,""속성13_배분량_tCO2e"":null,""속성14_연간예상감축_tCO2e"":null,""속성15_빈티지_연도"":null,""속성16_발행일"":null,""속성17_크레딧기간"":null,""속성18_업종"":null,""속성19_원문URL"":""https://datafiles.chinhphu.vn/cpp/files/vbpq/2025/4/768-ttg.signed.pdf"",""속성1_레코드명"":""전력 생산+수입량"",""속성20_지역_원문"":null,""속성21_지역_현행"":null,""속성22_행정코드P_code"":null,""속성23_설명"":null,""속성2_레코드ID"":null,""속성3_값"":624.6,""속성4_시점"":""2030"",""속성5_등록표준_출처"":null,""속성6_분류"":null,""속성7_상태"":null,""속성8_사업자_기관"":null,""속성9_방법론"":null}",,[상한(max)] 에너지원별(원별) 수요 전망은 원문 미제시 — PDP8은 설비용량만 전원별로 제시하고 수요는 총량으로만 제시,,,,C-018.xlsx,1.2_entity(레코드형),11,
C-018,"중장기 에너지 전망[전망 기관(IEA/현지 정부), 전망 시나리오명, 에너지원별 수요 전망, 기술별 발전 설비 확충 계획, RE 비중 목표, 전력 수요 성장률]",entity,v124-c-018-entity-00114,C-018_projection_scenario,VNM,,,,,,,,,최대전력(피크수요),,,"{""기술코드_근거문구"":""[기후기술코드] 38대 기후기술 분류체계 기준. 관계유형=미부여 · 근거=원천 자체 분류. 해당 지표의 메타 기후기술코드가 「범용」으로, 개별 레코드에 특정 기술이 성립하지 않음. 매핑 결과: 범용(특정 기후기술을 지목하지 않는 배경 데이터, tech_id 공란)."",""기술코드_판단근거_유형"":""미매핑(범용)"",""속성10_건수"":null,""속성11_발행량_tCO2e"":null,""속성12_소각량_tCO2e"":null,""속성13_배분량_tCO2e"":null,""속성14_연간예상감축_tCO2e"":null,""속성15_빈티지_연도"":null,""속성16_발행일"":null,""속성17_크레딧기간"":null,""속성18_업종"":null,""속성19_원문URL"":""https://datafiles.chinhphu.vn/cpp/files/vbpq/2025/4/768-ttg.signed.pdf"",""속성1_레코드명"":""최대전력(피크수요)"",""속성20_지역_원문"":null,""속성21_지역_현행"":null,""속성22_행정코드P_code"":null,""속성23_설명"":null,""속성2_레코드ID"":null,""속성3_값"":205732,""속성4_시점"":""2050"",""속성5_등록표준_출처"":null,""속성6_분류"":null,""속성7_상태"":null,""속성8_사업자_기관"":null,""속성9_방법론"":null}",,[하한(min)] 에너지원별(원별) 수요 전망은 원문 미제시 — PDP8은 설비용량만 전원별로 제시하고 수요는 총량으로만 제시,,,,C-018.xlsx,1.2_entity(레코드형),16,
C-018,"중장기 에너지 전망[전망 기관(IEA/현지 정부), 전망 시나리오명, 에너지원별 수요 전망, 기술별 발전 설비 확충 계획, RE 비중 목표, 전력 수요 성장률]",entity,v124-c-018-entity-00115,C-018_projection_scenario,VNM,,,,,,,,,최대전력(피크수요),,,"{""기술코드_근거문구"":""[기후기술코드] 38대 기후기술 분류체계 기준. 관계유형=미부여 · 근거=원천 자체 분류. 해당 지표의 메타 기후기술코드가 「범용」으로, 개별 레코드에 특정 기술이 성립하지 않음. 매핑 결과: 범용(특정 기후기술을 지목하지 않는 배경 데이터, tech_id 공란)."",""기술코드_판단근거_유형"":""미매핑(범용)"",""속성10_건수"":null,""속성11_발행량_tCO2e"":null,""속성12_소각량_tCO2e"":null,""속성13_배분량_tCO2e"":null,""속성14_연간예상감축_tCO2e"":null,""속성15_빈티지_연도"":null,""속성16_발행일"":null,""속성17_크레딧기간"":null,""속성18_업종"":null,""속성19_원문URL"":""https://datafiles.chinhphu.vn/cpp/files/vbpq/2025/4/768-ttg.signed.pdf"",""속성1_레코드명"":""최대전력(피크수요)"",""속성20_지역_원문"":null,""속성21_지역_현행"":null,""속성22_행정코드P_code"":null,""속성23_설명"":null,""속성2_레코드ID"":null,""속성3_값"":228570,""속성4_시점"":""2050"",""속성5_등록표준_출처"":null,""속성6_분류"":null,""속성7_상태"":null,""속성8_사업자_기관"":null,""속성9_방법론"":null}",,[상한(max)] 에너지원별(원별) 수요 전망은 원문 미제시 — PDP8은 설비용량만 전원별로 제시하고 수요는 총량으로만 제시,,,,C-018.xlsx,1.2_entity(레코드형),17,
C-018,"중장기 에너지 전망[전망 기관(IEA/현지 정부), 전망 시나리오명, 에너지원별 수요 전망, 기술별 발전 설비 확충 계획, RE 비중 목표, 전력 수요 성장률]",entity,v124-c-018-entity-00116,C-018_projection_scenario,VNM,,,,,,,,,최대전력(피크수요),,,"{""기술코드_근거문구"":""[기후기술코드] 38대 기후기술 분류체계 기준. 관계유형=미부여 · 근거=원천 자체 분류. 해당 지표의 메타 기후기술코드가 「범용」으로, 개별 레코드에 특정 기술이 성립하지 않음. 매핑 결과: 범용(특정 기후기술을 지목하지 않는 배경 데이터, tech_id 공란)."",""기술코드_판단근거_유형"":""미매핑(범용)"",""속성10_건수"":null,""속성11_발행량_tCO2e"":null,""속성12_소각량_tCO2e"":null,""속성13_배분량_tCO2e"":null,""속성14_연간예상감축_tCO2e"":null,""속성15_빈티지_연도"":null,""속성16_발행일"":null,""속성17_크레딧기간"":null,""속성18_업종"":null,""속성19_원문URL"":""https://datafiles.chinhphu.vn/cpp/files/vbpq/2025/4/768-ttg.signed.pdf"",""속성1_레코드명"":""최대전력(피크수요)"",""속성20_지역_원문"":null,""속성21_지역_현행"":null,""속성22_행정코드P_code"":null,""속성23_설명"":null,""속성2_레코드ID"":null,""속성3_값"":89655,""속성4_시점"":""2030"",""속성5_등록표준_출처"":null,""속성6_분류"":null,""속성7_상태"":null,""속성8_사업자_기관"":null,""속성9_방법론"":null}",,[하한(min)] 에너지원별(원별) 수요 전망은 원문 미제시 — PDP8은 설비용량만 전원별로 제시하고 수요는 총량으로만 제시,,,,C-018.xlsx,1.2_entity(레코드형),14,
C-018,"중장기 에너지 전망[전망 기관(IEA/현지 정부), 전망 시나리오명, 에너지원별 수요 전망, 기술별 발전 설비 확충 계획, RE 비중 목표, 전력 수요 성장률]",entity,v124-c-018-entity-00117,C-018_projection_scenario,VNM,,,,,,,,,최대전력(피크수요),,,"{""기술코드_근거문구"":""[기후기술코드] 38대 기후기술 분류체계 기준. 관계유형=미부여 · 근거=원천 자체 분류. 해당 지표의 메타 기후기술코드가 「범용」으로, 개별 레코드에 특정 기술이 성립하지 않음. 매핑 결과: 범용(특정 기후기술을 지목하지 않는 배경 데이터, tech_id 공란)."",""기술코드_판단근거_유형"":""미매핑(범용)"",""속성10_건수"":null,""속성11_발행량_tCO2e"":null,""속성12_소각량_tCO2e"":null,""속성13_배분량_tCO2e"":null,""속성14_연간예상감축_tCO2e"":null,""속성15_빈티지_연도"":null,""속성16_발행일"":null,""속성17_크레딧기간"":null,""속성18_업종"":null,""속성19_원문URL"":""https://datafiles.chinhphu.vn/cpp/files/vbpq/2025/4/768-ttg.signed.pdf"",""속성1_레코드명"":""최대전력(피크수요)"",""속성20_지역_원문"":null,""속성21_지역_현행"":null,""속성22_행정코드P_code"":null,""속성23_설명"":null,""속성2_레코드ID"":null,""속성3_값"":99934,""속성4_시점"":""2030"",""속성5_등록표준_출처"":null,""속성6_분류"":null,""속성7_상태"":null,""속성8_사업자_기관"":null,""속성9_방법론"":null}",,[상한(max)] 에너지원별(원별) 수요 전망은 원문 미제시 — PDP8은 설비용량만 전원별로 제시하고 수요는 총량으로만 제시,,,,C-018.xlsx,1.2_entity(레코드형),15,
C-018,"중장기 에너지 전망[전망 기관(IEA/현지 정부), 전망 시나리오명, 에너지원별 수요 전망, 기술별 발전 설비 확충 계획, RE 비중 목표, 전력 수요 성장률]",entity,v124-c-018-entity-00118,C-018_re_share_target,VNM,,,,,,,,,2030 (수력 제외),,,"{""기술코드_근거문구"":""[기후기술코드] 38대 기후기술 분류체계 기준. 관계유형=직접 · 근거=원천 자체 분류. 개정 PDP8(Decision 768/QĐ-TTg) 재생에너지 발전비중 목표(수력 제외) — 태양광·풍력·바이오에너지 구성. 다분야에 해당하여 2026-08-28 발주처 지시에 따라 tech_id에 ';'로 연결해 복수 기입함(주 기술 1 태양광 기술, 관련 기술 3 풍력 기술·8 바이오에너지 기술). 매핑 결과: 1 태양광 기술; 3 풍력 기술; 8 바이오에너지 기술."",""기술코드_판단근거_유형"":""직접·원천 자체 분류"",""속성10_건수"":null,""속성11_발행량_tCO2e"":null,""속성12_소각량_tCO2e"":null,""속성13_배분량_tCO2e"":null,""속성14_연간예상감축_tCO2e"":null,""속성15_빈티지_연도"":null,""속성16_발행일"":null,""속성17_크레딧기간"":null,""속성18_업종"":null,""속성19_원문URL"":""https://datafiles.chinhphu.vn/cpp/files/vbpq/2025/4/768-ttg.signed.pdf"",""속성1_레코드명"":""2030 (수력 제외)"",""속성20_지역_원문"":null,""속성21_지역_현행"":null,""속성22_행정코드P_code"":null,""속성23_설명"":null,""속성2_레코드ID"":null,""속성3_값"":28,""속성4_시점"":""2030"",""속성5_등록표준_출처"":null,""속성6_분류"":null,""속성7_상태"":null,""속성8_사업자_기관"":null,""속성9_방법론"":null}",,[하한(min)] 수력 포함 기준 비중은 원문에 별도 수치로 제시되지 않음(구분 4의 전원별 비중으로 산출 가능하나 원문 직접 제시값 아님),,,,C-018.xlsx,1.2_entity(레코드형),115,
C-018,"중장기 에너지 전망[전망 기관(IEA/현지 정부), 전망 시나리오명, 에너지원별 수요 전망, 기술별 발전 설비 확충 계획, RE 비중 목표, 전력 수요 성장률]",entity,v124-c-018-entity-00119,C-018_re_share_target,VNM,,,,,,,,,2030 (수력 제외),,,"{""기술코드_근거문구"":""[기후기술코드] 38대 기후기술 분류체계 기준. 관계유형=직접 · 근거=원천 자체 분류. 개정 PDP8(Decision 768/QĐ-TTg) 재생에너지 발전비중 목표(수력 제외) — 태양광·풍력·바이오에너지 구성. 다분야에 해당하여 2026-08-28 발주처 지시에 따라 tech_id에 ';'로 연결해 복수 기입함(주 기술 1 태양광 기술, 관련 기술 3 풍력 기술·8 바이오에너지 기술). 매핑 결과: 1 태양광 기술; 3 풍력 기술; 8 바이오에너지 기술."",""기술코드_판단근거_유형"":""직접·원천 자체 분류"",""속성10_건수"":null,""속성11_발행량_tCO2e"":null,""속성12_소각량_tCO2e"":null,""속성13_배분량_tCO2e"":null,""속성14_연간예상감축_tCO2e"":null,""속성15_빈티지_연도"":null,""속성16_발행일"":null,""속성17_크레딧기간"":null,""속성18_업종"":null,""속성19_원문URL"":""https://datafiles.chinhphu.vn/cpp/files/vbpq/2025/4/768-ttg.signed.pdf"",""속성1_레코드명"":""2030 (수력 제외)"",""속성20_지역_원문"":null,""속성21_지역_현행"":null,""속성22_행정코드P_code"":null,""속성23_설명"":null,""속성2_레코드ID"":null,""속성3_값"":36,""속성4_시점"":""2030"",""속성5_등록표준_출처"":null,""속성6_분류"":null,""속성7_상태"":null,""속성8_사업자_기관"":null,""속성9_방법론"":null}",,[상한(max)] 수력 포함 기준 비중은 원문에 별도 수치로 제시되지 않음(구분 4의 전원별 비중으로 산출 가능하나 원문 직접 제시값 아님),,,,C-018.xlsx,1.2_entity(레코드형),116,
C-018,"중장기 에너지 전망[전망 기관(IEA/현지 정부), 전망 시나리오명, 에너지원별 수요 전망, 기술별 발전 설비 확충 계획, RE 비중 목표, 전력 수요 성장률]",entity,v124-c-018-entity-00120,C-018_re_share_target,VNM,,,,,,,,,2050 (수력 제외),,,"{""기술코드_근거문구"":""[기후기술코드] 38대 기후기술 분류체계 기준. 관계유형=직접 · 근거=원천 자체 분류. 개정 PDP8(Decision 768/QĐ-TTg) 재생에너지 발전비중 목표(수력 제외) — 태양광·풍력·바이오에너지 구성. 다분야에 해당하여 2026-08-28 발주처 지시에 따라 tech_id에 ';'로 연결해 복수 기입함(주 기술 1 태양광 기술, 관련 기술 3 풍력 기술·8 바이오에너지 기술). 매핑 결과: 1 태양광 기술; 3 풍력 기술; 8 바이오에너지 기술."",""기술코드_판단근거_유형"":""직접·원천 자체 분류"",""속성10_건수"":null,""속성11_발행량_tCO2e"":null,""속성12_소각량_tCO2e"":null,""속성13_배분량_tCO2e"":null,""속성14_연간예상감축_tCO2e"":null,""속성15_빈티지_연도"":null,""속성16_발행일"":null,""속성17_크레딧기간"":null,""속성18_업종"":null,""속성19_원문URL"":""https://datafiles.chinhphu.vn/cpp/files/vbpq/2025/4/768-ttg.signed.pdf"",""속성1_레코드명"":""2050 (수력 제외)"",""속성20_지역_원문"":null,""속성21_지역_현행"":null,""속성22_행정코드P_code"":null,""속성23_설명"":null,""속성2_레코드ID"":null,""속성3_값"":74,""속성4_시점"":""2050"",""속성5_등록표준_출처"":null,""속성6_분류"":null,""속성7_상태"":null,""속성8_사업자_기관"":null,""속성9_방법론"":null}",,[하한(min)],,,,C-018.xlsx,1.2_entity(레코드형),117,
C-018,"중장기 에너지 전망[전망 기관(IEA/현지 정부), 전망 시나리오명, 에너지원별 수요 전망, 기술별 발전 설비 확충 계획, RE 비중 목표, 전력 수요 성장률]",entity,v124-c-018-entity-00121,C-018_re_share_target,VNM,,,,,,,,,2050 (수력 제외),,,"{""기술코드_근거문구"":""[기후기술코드] 38대 기후기술 분류체계 기준. 관계유형=직접 · 근거=원천 자체 분류. 개정 PDP8(Decision 768/QĐ-TTg) 재생에너지 발전비중 목표(수력 제외) — 태양광·풍력·바이오에너지 구성. 다분야에 해당하여 2026-08-28 발주처 지시에 따라 tech_id에 ';'로 연결해 복수 기입함(주 기술 1 태양광 기술, 관련 기술 3 풍력 기술·8 바이오에너지 기술). 매핑 결과: 1 태양광 기술; 3 풍력 기술; 8 바이오에너지 기술."",""기술코드_판단근거_유형"":""직접·원천 자체 분류"",""속성10_건수"":null,""속성11_발행량_tCO2e"":null,""속성12_소각량_tCO2e"":null,""속성13_배분량_tCO2e"":null,""속성14_연간예상감축_tCO2e"":null,""속성15_빈티지_연도"":null,""속성16_발행일"":null,""속성17_크레딧기간"":null,""속성18_업종"":null,""속성19_원문URL"":""https://datafiles.chinhphu.vn/cpp/files/vbpq/2025/4/768-ttg.signed.pdf"",""속성1_레코드명"":""2050 (수력 제외)"",""속성20_지역_원문"":null,""속성21_지역_현행"":null,""속성22_행정코드P_code"":null,""속성23_설명"":null,""속성2_레코드ID"":null,""속성3_값"":75,""속성4_시점"":""2050"",""속성5_등록표준_출처"":null,""속성6_분류"":null,""속성7_상태"":null,""속성8_사업자_기관"":null,""속성9_방법론"":null}",,[상한(max)],,,,C-018.xlsx,1.2_entity(레코드형),118,
