element_id,element_label,record_type,record_id,indicator_id,country_iso3,year,period_start,period_end,period,statistic_type,source_year_label,value,unit,name,latitude,longitude,attributes_json,missing_reason_code,note,source_org,source_url,license_code,source_file,source_sheet,source_row,publication_decision_id
D-016,"지자체·정부부처 프로젝트[사업명, 수원국, 시행기관(부처/지자체명), 사업 유형, 사업 기간, 사업비, 분야]",entity,v124-d-016-entity-00001,D-016_ministry_local_project_registry,VNM,,,,,,,,,에너지개발협력기획_베트남 지붕 설치형 태양광 발전설비 구축 사전기획,,,"{""38대_기후기술"":""1 태양광 기술"",""CRS번호"":""2019162896"",""Rio_Marker"":""태깅 없음"",""구분태그"":null,""기관유형"":""정부부처(중앙행정기관)"",""기술매핑_근거"":""키워드 · 사업명 '태양광'"",""기준연도"":null,""대표금액"":21459,""레코드구분"":""개별"",""명칭"":""에너지개발협력기획_베트남 지붕 설치형 태양광 발전설비 구축 사전기획"",""보고기관"":""산업통상자원부"",""보고연도"":""2019~2019(1개 연도행 합산)"",""분야_DAC"":""전력생산, 재생가능 자원사용 - 복합 기술(23210)"",""사업기간"":""2019-05-01~2019-12-31"",""사업번호"":""201918066167"",""상태"":""완료"",""시행기관"":""한국산업기술진흥원"",""약정액_합계"":""21,459 USD"",""원조유형"":""프로젝트 원조"",""원지표ID"":null,""자금형태"":""무상, 출연(분담금 포함)"",""지출액_합계"":""21,459 USD"",""참고"":null}",,,국무조정실 ODA Korea 통합 통계(OECD CRS 보고 원자료) — 한국수출입은행(EDCF)·한국국제협력단(KOICA)·정부부처·지방자치단체 제출분,https://stats.odakorea.go.kr/portal/oda/spot/statistics,공공누리 제1유형(출처표시),D-016.xlsx,1.2_entity(레코드형),219,
D-016,"지자체·정부부처 프로젝트[사업명, 수원국, 시행기관(부처/지자체명), 사업 유형, 사업 기간, 사업비, 분야]",entity,v124-d-016-entity-00002,D-016_ministry_local_project_registry,VNM,,,,,,,,,신남방국 선박(어선) 폐기물 저감 사업,,,"{""38대_기후기술"":""15 폐자원 기술"",""CRS번호"":""2023000505"",""Rio_Marker"":""태깅 없음"",""구분태그"":null,""기관유형"":""정부부처(중앙행정기관)"",""기술매핑_근거"":""키워드 · 사업명 '폐기물'"",""기준연도"":null,""대표금액"":1148536,""레코드구분"":""개별"",""명칭"":""신남방국 선박(어선) 폐기물 저감 사업"",""보고기관"":""해양수산부"",""보고연도"":""2023~2023(1개 연도행 합산)"",""분야_DAC"":""환경정책 및 행정관리(41010)"",""사업기간"":""2023-04-01~2023-12-31"",""사업번호"":""1192000_2023_017"",""상태"":""완료"",""시행기관"":""세계해사기구"",""약정액_합계"":""1,148,536 USD"",""원조유형"":""프로젝트 원조"",""원지표ID"":null,""자금형태"":""무상, 출연(분담금 포함)"",""지출액_합계"":""1,148,536 USD"",""참고"":null}",,,국무조정실 ODA Korea 통합 통계(OECD CRS 보고 원자료) — 한국수출입은행(EDCF)·한국국제협력단(KOICA)·정부부처·지방자치단체 제출분,https://stats.odakorea.go.kr/portal/oda/spot/statistics,공공누리 제1유형(출처표시),D-016.xlsx,1.2_entity(레코드형),51,
D-016,"지자체·정부부처 프로젝트[사업명, 수원국, 시행기관(부처/지자체명), 사업 유형, 사업 기간, 사업비, 분야]",entity,v124-d-016-entity-00003,D-016_ministry_local_project_registry,VNM,,,,,,,,,국제기구 협력사업(ADB공동 동남아시아 에너지효율향상 지원),,,"{""38대_기후기술"":""17 산업효율 기술"",""CRS번호"":""2021000716"",""Rio_Marker"":""태깅 없음"",""구분태그"":null,""기관유형"":""정부부처(중앙행정기관)"",""기술매핑_근거"":""원천분류 · DAC 23183 에너지 보존 및 수요 효율성"",""기준연도"":null,""대표금액"":1631342,""레코드구분"":""개별"",""명칭"":""국제기구 협력사업(ADB공동 동남아시아 에너지효율향상 지원)"",""보고기관"":""산업통상자원부"",""보고연도"":""2021~2022(2개 연도행 합산)"",""분야_DAC"":""에너지 보존 및 수요 효율성(23183)"",""사업기간"":""2021-01-01~2025-12-31"",""사업번호"":""1450000_2021_053"",""상태"":""완료"",""시행기관"":""아시아개발은행"",""약정액_합계"":""1,631,342 USD"",""원조유형"":""프로젝트 원조"",""원지표ID"":null,""자금형태"":""무상, 출연(분담금 포함)"",""지출액_합계"":""442,373 USD"",""참고"":null}",,,국무조정실 ODA Korea 통합 통계(OECD CRS 보고 원자료) — 한국수출입은행(EDCF)·한국국제협력단(KOICA)·정부부처·지방자치단체 제출분,https://stats.odakorea.go.kr/portal/oda/spot/statistics,공공누리 제1유형(출처표시),D-016.xlsx,1.2_entity(레코드형),43,
D-016,"지자체·정부부처 프로젝트[사업명, 수원국, 시행기관(부처/지자체명), 사업 유형, 사업 기간, 사업비, 분야]",entity,v124-d-016-entity-00004,D-016_ministry_local_project_registry,VNM,,,,,,,,,(21/22 KSP) 베트남 하노이 도시철도 분야 PPP 사업 추진 전략,,,"{""38대_기후기술"":""18 수송효율 기술"",""CRS번호"":""2022000081"",""Rio_Marker"":""태깅 없음"",""구분태그"":null,""기관유형"":""정부부처(중앙행정기관)"",""기술매핑_근거"":""원천분류+사업명 · DAC 21030 중 저탄소 수송 · 사업명 '도시철도'"",""기준연도"":null,""대표금액"":null,""레코드구분"":""개별"",""명칭"":""(21/22 KSP) 베트남 하노이 도시철도 분야 PPP 사업 추진 전략"",""보고기관"":""기획재정부"",""보고연도"":""2022~2022(1개 연도행 합산)"",""분야_DAC"":""철도운송(21030)"",""사업기간"":""2021-07-30~2022-11-30"",""사업번호"":""GRP_0000194099"",""상태"":""완료"",""시행기관"":""한국수출입은행"",""약정액_합계"":""0 USD"",""원조유형"":""프로젝트 원조"",""원지표ID"":null,""자금형태"":""무상, 출연(분담금 포함)"",""지출액_합계"":""0 USD"",""참고"":null}",,,국무조정실 ODA Korea 통합 통계(OECD CRS 보고 원자료) — 한국수출입은행(EDCF)·한국국제협력단(KOICA)·정부부처·지방자치단체 제출분,https://stats.odakorea.go.kr/portal/oda/spot/statistics,공공누리 제1유형(출처표시),D-016.xlsx,1.2_entity(레코드형),235,
D-016,"지자체·정부부처 프로젝트[사업명, 수원국, 시행기관(부처/지자체명), 사업 유형, 사업 기간, 사업비, 분야]",entity,v124-d-016-entity-00005,D-016_ministry_local_project_registry,VNM,,,,,,,,,(베트남) 까오방 마을 상수도 구축 사업,,,"{""38대_기후기술"":""32 물 부문 기술"",""CRS번호"":""2018127637"",""Rio_Marker"":""태깅 없음"",""구분태그"":null,""기관유형"":""지자체"",""기술매핑_근거"":""원천분류 · DAC 14020 식수개발 및 위생처리시설(플랜트 시설 등)에 포함되"",""기준연도"":null,""대표금액"":90894,""레코드구분"":""개별"",""명칭"":""(베트남) 까오방 마을 상수도 구축 사업"",""보고기관"":""지방자치단체(경기도)"",""보고연도"":""2018~2018(1개 연도행 합산)"",""분야_DAC"":""식수개발 및 위생처리시설(플랜트 시설 등)에 포함되지 않는 기타(14020)"",""사업기간"":""2018-05-01~2019-01-31"",""사업번호"":""201811304170"",""상태"":""완료"",""시행기관"":""원천 미기재"",""약정액_합계"":""90,894 USD"",""원조유형"":""프로젝트 원조"",""원지표ID"":null,""자금형태"":""무상, 출연(분담금 포함)"",""지출액_합계"":""90,894 USD"",""참고"":null}",,,국무조정실 ODA Korea 통합 통계(OECD CRS 보고 원자료) — 한국수출입은행(EDCF)·한국국제협력단(KOICA)·정부부처·지방자치단체 제출분,https://stats.odakorea.go.kr/portal/oda/spot/statistics,공공누리 제1유형(출처표시),D-016.xlsx,1.2_entity(레코드형),173,
D-016,"지자체·정부부처 프로젝트[사업명, 수원국, 시행기관(부처/지자체명), 사업 유형, 사업 기간, 사업비, 분야]",entity,v124-d-016-entity-00006,D-016_ministry_local_project_registry,VNM,,,,,,,,,"2019년 개도국과학기술지원사업(글로벌문제해결지원, 舊 적정과학기술지원)",,,"{""38대_기후기술"":""32 물 부문 기술"",""CRS번호"":""2019162809"",""Rio_Marker"":""태깅 없음"",""구분태그"":null,""기관유형"":""정부부처(중앙행정기관)"",""기술매핑_근거"":""원천분류 · DAC 14081 식수공급 및 위생처리 부문교육"",""기준연도"":null,""대표금액"":429076,""레코드구분"":""개별"",""명칭"":""2019년 개도국과학기술지원사업(글로벌문제해결지원, 舊 적정과학기술지원)"",""보고기관"":""과학기술정보통신부"",""보고연도"":""2019~2019(1개 연도행 합산)"",""분야_DAC"":""식수공급 및 위생처리 부문교육(14081)"",""사업기간"":""2019-01-01~2019-12-31"",""사업번호"":""201919166122"",""상태"":""완료"",""시행기관"":""한국연구재단"",""약정액_합계"":""429,076 USD"",""원조유형"":""프로젝트 원조"",""원지표ID"":null,""자금형태"":""무상, 출연(분담금 포함)"",""지출액_합계"":""429,076 USD"",""참고"":null}",,,국무조정실 ODA Korea 통합 통계(OECD CRS 보고 원자료) — 한국수출입은행(EDCF)·한국국제협력단(KOICA)·정부부처·지방자치단체 제출분,https://stats.odakorea.go.kr/portal/oda/spot/statistics,공공누리 제1유형(출처표시),D-016.xlsx,1.2_entity(레코드형),94,
D-016,"지자체·정부부처 프로젝트[사업명, 수원국, 시행기관(부처/지자체명), 사업 유형, 사업 기간, 사업비, 분야]",entity,v124-d-016-entity-00007,D-016_ministry_local_project_registry,VNM,,,,,,,,,"글로벌문제 해결거점 (베트남, SDG 6 해결을 위한 물 및 위생 적정기술 센터)",,,"{""38대_기후기술"":""32 물 부문 기술"",""CRS번호"":""2020000363"",""Rio_Marker"":""태깅 없음"",""구분태그"":null,""기관유형"":""정부부처(중앙행정기관)"",""기술매핑_근거"":""원천분류 · DAC 14081 식수공급 및 위생처리 부문교육"",""기준연도"":null,""대표금액"":1694732,""레코드구분"":""개별"",""명칭"":""글로벌문제 해결거점 (베트남, SDG 6 해결을 위한 물 및 위생 적정기술 센터)"",""보고기관"":""과학기술정보통신부"",""보고연도"":""2020~2020(1개 연도행 합산)"",""분야_DAC"":""식수공급 및 위생처리 부문교육(14081)"",""사업기간"":""2018-02-01~2021-12-31"",""사업번호"":""201718100259_006"",""상태"":""완료"",""시행기관"":""한국연구재단"",""약정액_합계"":""1,694,732 USD"",""원조유형"":""프로젝트 원조"",""원지표ID"":null,""자금형태"":""무상, 출연(분담금 포함)"",""지출액_합계"":""1,271,049 USD"",""참고"":null}",,,국무조정실 ODA Korea 통합 통계(OECD CRS 보고 원자료) — 한국수출입은행(EDCF)·한국국제협력단(KOICA)·정부부처·지방자치단체 제출분,https://stats.odakorea.go.kr/portal/oda/spot/statistics,공공누리 제1유형(출처표시),D-016.xlsx,1.2_entity(레코드형),41,
D-016,"지자체·정부부처 프로젝트[사업명, 수원국, 시행기관(부처/지자체명), 사업 유형, 사업 기간, 사업비, 분야]",entity,v124-d-016-entity-00008,D-016_ministry_local_project_registry,VNM,,,,,,,,,"글로벌문제해결거점(베트남, SDG 6 해결을 위한 물 및 위생 적정기술 센터)",,,"{""38대_기후기술"":""32 물 부문 기술"",""CRS번호"":""2021000300"",""Rio_Marker"":""태깅 없음"",""구분태그"":null,""기관유형"":""정부부처(중앙행정기관)"",""기술매핑_근거"":""원천분류 · DAC 14081 식수공급 및 위생처리 부문교육"",""기준연도"":null,""대표금액"":null,""레코드구분"":""개별"",""명칭"":""글로벌문제해결거점(베트남, SDG 6 해결을 위한 물 및 위생 적정기술 센터)"",""보고기관"":""과학기술정보통신부"",""보고연도"":""2021~2021(1개 연도행 합산)"",""분야_DAC"":""식수공급 및 위생처리 부문교육(14081)"",""사업기간"":""2018-02-01~2021-12-31"",""사업번호"":""1721000_2019_018"",""상태"":""완료"",""시행기관"":""한국연구재단"",""약정액_합계"":""0 USD"",""원조유형"":""프로젝트 원조"",""원지표ID"":null,""자금형태"":""무상, 출연(분담금 포함)"",""지출액_합계"":""436,889 USD"",""참고"":null}",,,국무조정실 ODA Korea 통합 통계(OECD CRS 보고 원자료) — 한국수출입은행(EDCF)·한국국제협력단(KOICA)·정부부처·지방자치단체 제출분,https://stats.odakorea.go.kr/portal/oda/spot/statistics,공공누리 제1유형(출처표시),D-016.xlsx,1.2_entity(레코드형),232,
D-016,"지자체·정부부처 프로젝트[사업명, 수원국, 시행기관(부처/지자체명), 사업 유형, 사업 기간, 사업비, 분야]",entity,v124-d-016-entity-00009,D-016_ministry_local_project_registry,VNM,,,,,,,,,베트남 라오까이성 조리용 스토브를 활용한 온수 시스템 개발사업,,,"{""38대_기후기술"":""32 물 부문 기술"",""CRS번호"":""2022000386"",""Rio_Marker"":""태깅 없음"",""구분태그"":null,""기관유형"":""정부부처(중앙행정기관)"",""기술매핑_근거"":""원천분류 · DAC 14030 기초식수공급 및 기초위생에 포함되지 않는 기타"",""기준연도"":null,""대표금액"":241597,""레코드구분"":""개별"",""명칭"":""베트남 라오까이성 조리용 스토브를 활용한 온수 시스템 개발사업"",""보고기관"":""특허청"",""보고연도"":""2022~2022(1개 연도행 합산)"",""분야_DAC"":""기초식수공급 및 기초위생에 포함되지 않는 기타(14030)"",""사업기간"":""2022-01-11~2022-12-16"",""사업번호"":""1430000_2022_002"",""상태"":""완료"",""시행기관"":""특허청"",""약정액_합계"":""241,597 USD"",""원조유형"":""프로젝트 원조"",""원지표ID"":null,""자금형태"":""무상, 출연(분담금 포함)"",""지출액_합계"":""241,597 USD"",""참고"":null}",,,국무조정실 ODA Korea 통합 통계(OECD CRS 보고 원자료) — 한국수출입은행(EDCF)·한국국제협력단(KOICA)·정부부처·지방자치단체 제출분,https://stats.odakorea.go.kr/portal/oda/spot/statistics,공공누리 제1유형(출처표시),D-016.xlsx,1.2_entity(레코드형),128,
D-016,"지자체·정부부처 프로젝트[사업명, 수원국, 시행기관(부처/지자체명), 사업 유형, 사업 기간, 사업비, 분야]",entity,v124-d-016-entity-00010,D-016_ministry_local_project_registry,VNM,,,,,,,,,베트남 기상재해 감시시스템 현대화 사업,,,"{""38대_기후기술"":""33 국토연안 부문 기술"",""CRS번호"":""2014002042"",""Rio_Marker"":""태깅 없음"",""구분태그"":null,""기관유형"":""정부부처(중앙행정기관)"",""기술매핑_근거"":""키워드 · 사업명 '재해'"",""기준연도"":null,""대표금액"":474806,""레코드구분"":""개별"",""명칭"":""베트남 기상재해 감시시스템 현대화 사업"",""보고기관"":""기상청"",""보고연도"":""2014~2014(1개 연도행 합산)"",""분야_DAC"":""다부문 원조(43010)"",""사업기간"":""2014-01-01~2016-12-31"",""사업번호"":""20141240029"",""상태"":""완료"",""시행기관"":""기상청"",""약정액_합계"":""474,806 USD"",""원조유형"":""프로젝트 원조"",""원지표ID"":null,""자금형태"":""무상, 출연(분담금 포함)"",""지출액_합계"":""474,806 USD"",""참고"":null}",,,국무조정실 ODA Korea 통합 통계(OECD CRS 보고 원자료) — 한국수출입은행(EDCF)·한국국제협력단(KOICA)·정부부처·지방자치단체 제출분,https://stats.odakorea.go.kr/portal/oda/spot/statistics,공공누리 제1유형(출처표시),D-016.xlsx,1.2_entity(레코드형),84,
D-016,"지자체·정부부처 프로젝트[사업명, 수원국, 시행기관(부처/지자체명), 사업 유형, 사업 기간, 사업비, 분야]",entity,v124-d-016-entity-00011,D-016_ministry_local_project_registry,VNM,,,,,,,,,베트남 기상재해 감시시스템 현대화 사업,,,"{""38대_기후기술"":""33 국토연안 부문 기술"",""CRS번호"":""2015003078"",""Rio_Marker"":""태깅 없음"",""구분태그"":null,""기관유형"":""정부부처(중앙행정기관)"",""기술매핑_근거"":""키워드 · 사업명 '재해'"",""기준연도"":null,""대표금액"":4570946,""레코드구분"":""개별"",""명칭"":""베트남 기상재해 감시시스템 현대화 사업"",""보고기관"":""기상청"",""보고연도"":""2015~2016(2개 연도행 합산)"",""분야_DAC"":""다부문 원조(43010)"",""사업기간"":""2014-01-01~2016-12-31"",""사업번호"":""20141240011"",""상태"":""완료"",""시행기관"":""기상청"",""약정액_합계"":""4,570,946 USD"",""원조유형"":""프로젝트 원조"",""원지표ID"":null,""자금형태"":""무상, 출연(분담금 포함)"",""지출액_합계"":""2,803,084 USD"",""참고"":null}",,,국무조정실 ODA Korea 통합 통계(OECD CRS 보고 원자료) — 한국수출입은행(EDCF)·한국국제협력단(KOICA)·정부부처·지방자치단체 제출분,https://stats.odakorea.go.kr/portal/oda/spot/statistics,공공누리 제1유형(출처표시),D-016.xlsx,1.2_entity(레코드형),11,
D-016,"지자체·정부부처 프로젝트[사업명, 수원국, 시행기관(부처/지자체명), 사업 유형, 사업 기간, 사업비, 분야]",entity,v124-d-016-entity-00012,D-016_ministry_local_project_registry,VNM,,,,,,,,,베트남 까마우성 재난위험경감 및 기후변화대비 역량강화 사업,,,"{""38대_기후기술"":""33 국토연안 부문 기술"",""CRS번호"":""2016009252"",""Rio_Marker"":""태깅 없음"",""구분태그"":null,""기관유형"":""정부부처(중앙행정기관)"",""기술매핑_근거"":""원천분류 · DAC 74020 재난 대비능력 강화"",""기준연도"":null,""대표금액"":215058,""레코드구분"":""개별"",""명칭"":""베트남 까마우성 재난위험경감 및 기후변화대비 역량강화 사업"",""보고기관"":""외교부"",""보고연도"":""2016~2016(1개 연도행 합산)"",""분야_DAC"":""재난 대비능력 강화(74020)"",""사업기간"":""2016-12-04~2016-12-31"",""사업번호"":""201617600596"",""상태"":""완료"",""시행기관"":""세이브더칠드런"",""약정액_합계"":""215,058 USD"",""원조유형"":""프로젝트 원조"",""원지표ID"":null,""자금형태"":""무상, 출연(분담금 포함)"",""지출액_합계"":""215,058 USD"",""참고"":null}",,,국무조정실 ODA Korea 통합 통계(OECD CRS 보고 원자료) — 한국수출입은행(EDCF)·한국국제협력단(KOICA)·정부부처·지방자치단체 제출분,https://stats.odakorea.go.kr/portal/oda/spot/statistics,공공누리 제1유형(출처표시),D-016.xlsx,1.2_entity(레코드형),132,
D-016,"지자체·정부부처 프로젝트[사업명, 수원국, 시행기관(부처/지자체명), 사업 유형, 사업 기간, 사업비, 분야]",entity,v124-d-016-entity-00013,D-016_ministry_local_project_registry,VNM,,,,,,,,,베트남 메콩 삼각주 까마우성 기후변화 대응 및 재난위험경감 관리 역량 강화사업,,,"{""38대_기후기술"":""33 국토연안 부문 기술"",""CRS번호"":""2017081209"",""Rio_Marker"":""태깅 없음"",""구분태그"":null,""기관유형"":""정부부처(중앙행정기관)"",""기술매핑_근거"":""원천분류 · DAC 74020 재난 대비능력 강화"",""기준연도"":null,""대표금액"":254282,""레코드구분"":""개별"",""명칭"":""베트남 메콩 삼각주 까마우성 기후변화 대응 및 재난위험경감 관리 역량 강화사업"",""보고기관"":""외교부"",""보고연도"":""2017~2017(1개 연도행 합산)"",""분야_DAC"":""재난 대비능력 강화(74020)"",""사업기간"":""2017-04-01~2017-12-31"",""사업번호"":""201717606276"",""상태"":""완료"",""시행기관"":""공여국내 NGO"",""약정액_합계"":""254,282 USD"",""원조유형"":""프로젝트 원조"",""원지표ID"":null,""자금형태"":""무상, 출연(분담금 포함)"",""지출액_합계"":""254,282 USD"",""참고"":null}",,,국무조정실 ODA Korea 통합 통계(OECD CRS 보고 원자료) — 한국수출입은행(EDCF)·한국국제협력단(KOICA)·정부부처·지방자치단체 제출분,https://stats.odakorea.go.kr/portal/oda/spot/statistics,공공누리 제1유형(출처표시),D-016.xlsx,1.2_entity(레코드형),126,
D-016,"지자체·정부부처 프로젝트[사업명, 수원국, 시행기관(부처/지자체명), 사업 유형, 사업 기간, 사업비, 분야]",entity,v124-d-016-entity-00014,D-016_ministry_local_project_registry,VNM,,,,,,,,,재난안전 신기술 해외보급(ODA) 사업,,,"{""38대_기후기술"":""33 국토연안 부문 기술"",""CRS번호"":""2018128257"",""Rio_Marker"":""태깅 없음"",""구분태그"":null,""기관유형"":""정부부처(중앙행정기관)"",""기술매핑_근거"":""원천분류 · DAC 74020 재난 대비능력 강화"",""기준연도"":null,""대표금액"":564450,""레코드구분"":""개별"",""명칭"":""재난안전 신기술 해외보급(ODA) 사업"",""보고기관"":""행정안전부"",""보고연도"":""2018~2018(1개 연도행 합산)"",""분야_DAC"":""재난 대비능력 강화(74020)"",""사업기간"":""2018-01-01~2018-12-31"",""사업번호"":""201818304043_002"",""상태"":""완료"",""시행기관"":""원천 미기재"",""약정액_합계"":""564,450 USD"",""원조유형"":""프로젝트 원조"",""원지표ID"":null,""자금형태"":""무상, 출연(분담금 포함)"",""지출액_합계"":""564,450 USD"",""참고"":null}",,,국무조정실 ODA Korea 통합 통계(OECD CRS 보고 원자료) — 한국수출입은행(EDCF)·한국국제협력단(KOICA)·정부부처·지방자치단체 제출분,https://stats.odakorea.go.kr/portal/oda/spot/statistics,공공누리 제1유형(출처표시),D-016.xlsx,1.2_entity(레코드형),79,
D-016,"지자체·정부부처 프로젝트[사업명, 수원국, 시행기관(부처/지자체명), 사업 유형, 사업 기간, 사업비, 분야]",entity,v124-d-016-entity-00015,D-016_ministry_local_project_registry,VNM,,,,,,,,,베트남 운용해양학 연구능력 확충사업,,,"{""38대_기후기술"":""33 국토연안 부문 기술"",""CRS번호"":""2019138430"",""Rio_Marker"":""태깅 없음"",""구분태그"":null,""기관유형"":""정부부처(중앙행정기관)"",""기술매핑_근거"":""키워드 · 분야(DAC) '재난'"",""기준연도"":null,""대표금액"":341888,""레코드구분"":""개별"",""명칭"":""베트남 운용해양학 연구능력 확충사업"",""보고기관"":""해양수산부"",""보고연도"":""2019~2019(1개 연도행 합산)"",""분야_DAC"":""환경연구, 재난위험경감(41082, 43060)"",""사업기간"":""2019-01-01~2022-12-31"",""사업번호"":""201918211070"",""상태"":""완료"",""시행기관"":""한국해양과학기술원"",""약정액_합계"":""341,888 USD"",""원조유형"":""프로젝트 원조"",""원지표ID"":null,""자금형태"":""무상, 출연(분담금 포함)"",""지출액_합계"":""341,888 USD"",""참고"":null}",,,국무조정실 ODA Korea 통합 통계(OECD CRS 보고 원자료) — 한국수출입은행(EDCF)·한국국제협력단(KOICA)·정부부처·지방자치단체 제출분,https://stats.odakorea.go.kr/portal/oda/spot/statistics,공공누리 제1유형(출처표시),D-016.xlsx,1.2_entity(레코드형),106,
D-016,"지자체·정부부처 프로젝트[사업명, 수원국, 시행기관(부처/지자체명), 사업 유형, 사업 기간, 사업비, 분야]",entity,v124-d-016-entity-00016,D-016_ministry_local_project_registry,VNM,,,,,,,,,재난안전 신기술 해외보급(ODA) 사업,,,"{""38대_기후기술"":""33 국토연안 부문 기술"",""CRS번호"":""2019138579"",""Rio_Marker"":""태깅 없음"",""구분태그"":null,""기관유형"":""정부부처(중앙행정기관)"",""기술매핑_근거"":""원천분류 · DAC 43060 재난위험경감"",""기준연도"":null,""대표금액"":484856,""레코드구분"":""개별"",""명칭"":""재난안전 신기술 해외보급(ODA) 사업"",""보고기관"":""행정안전부"",""보고연도"":""2019~2019(1개 연도행 합산)"",""분야_DAC"":""재난위험경감(43060)"",""사업기간"":""2019-05-08~2019-12-13"",""사업번호"":""201918311104_001"",""상태"":""완료"",""시행기관"":""행정안전부 국립재난안전연구원"",""약정액_합계"":""484,856 USD"",""원조유형"":""프로젝트 원조"",""원지표ID"":null,""자금형태"":""무상, 출연(분담금 포함)"",""지출액_합계"":""484,856 USD"",""참고"":null}",,,국무조정실 ODA Korea 통합 통계(OECD CRS 보고 원자료) — 한국수출입은행(EDCF)·한국국제협력단(KOICA)·정부부처·지방자치단체 제출분,https://stats.odakorea.go.kr/portal/oda/spot/statistics,공공누리 제1유형(출처표시),D-016.xlsx,1.2_entity(레코드형),83,
D-016,"지자체·정부부처 프로젝트[사업명, 수원국, 시행기관(부처/지자체명), 사업 유형, 사업 기간, 사업비, 분야]",entity,v124-d-016-entity-00017,D-016_ministry_local_project_registry,VNM,,,,,,,,,베트남 원예-특용작물 생산 시설·기술지원,,,"{""38대_기후기술"":""34 농축수산 부문 기술"",""CRS번호"":""2010000082"",""Rio_Marker"":""태깅 없음"",""구분태그"":null,""기관유형"":""정부부처(중앙행정기관)"",""기술매핑_근거"":""원천분류 · DAC 31182 농업 연구"",""기준연도"":null,""대표금액"":145404,""레코드구분"":""개별"",""명칭"":""베트남 원예-특용작물 생산 시설·기술지원"",""보고기관"":""(구)농림수산식품부"",""보고연도"":""2010~2010(1개 연도행 합산)"",""분야_DAC"":""농업 연구(31182)"",""사업기간"":""2010-04-20~2010-11-30"",""사업번호"":""20101630007"",""상태"":""완료"",""시행기관"":""원천 미기재"",""약정액_합계"":""145,404 USD"",""원조유형"":""프로젝트 원조"",""원지표ID"":null,""자금형태"":""무상, 출연(분담금 포함)"",""지출액_합계"":""145,404 USD"",""참고"":null}",,,국무조정실 ODA Korea 통합 통계(OECD CRS 보고 원자료) — 한국수출입은행(EDCF)·한국국제협력단(KOICA)·정부부처·지방자치단체 제출분,https://stats.odakorea.go.kr/portal/oda/spot/statistics,공공누리 제1유형(출처표시),D-016.xlsx,1.2_entity(레코드형),151,
D-016,"지자체·정부부처 프로젝트[사업명, 수원국, 시행기관(부처/지자체명), 사업 유형, 사업 기간, 사업비, 분야]",entity,v124-d-016-entity-00018,D-016_ministry_local_project_registry,VNM,,,,,,,,,베트남 가공용 감자종서 생산 시설 및 기술 지원,,,"{""38대_기후기술"":""34 농축수산 부문 기술"",""CRS번호"":""2010000083"",""Rio_Marker"":""태깅 없음"",""구분태그"":null,""기관유형"":""정부부처(중앙행정기관)"",""기술매핑_근거"":""원천분류 · DAC 31181 농업관련 교육/훈련"",""기준연도"":null,""대표금액"":112455,""레코드구분"":""개별"",""명칭"":""베트남 가공용 감자종서 생산 시설 및 기술 지원"",""보고기관"":""(구)농림수산식품부"",""보고연도"":""2010~2010(1개 연도행 합산)"",""분야_DAC"":""농업관련 교육/훈련(31181)"",""사업기간"":""2010-04-20~2010-11-30"",""사업번호"":""20101630008"",""상태"":""완료"",""시행기관"":""원천 미기재"",""약정액_합계"":""112,455 USD"",""원조유형"":""프로젝트 원조"",""원지표ID"":null,""자금형태"":""무상, 출연(분담금 포함)"",""지출액_합계"":""112,455 USD"",""참고"":null}",,,국무조정실 ODA Korea 통합 통계(OECD CRS 보고 원자료) — 한국수출입은행(EDCF)·한국국제협력단(KOICA)·정부부처·지방자치단체 제출분,https://stats.odakorea.go.kr/portal/oda/spot/statistics,공공누리 제1유형(출처표시),D-016.xlsx,1.2_entity(레코드형),164,
D-016,"지자체·정부부처 프로젝트[사업명, 수원국, 시행기관(부처/지자체명), 사업 유형, 사업 기간, 사업비, 분야]",entity,v124-d-016-entity-00019,D-016_ministry_local_project_registry,VNM,,,,,,,,,베트남 농촌개발 지원사업,,,"{""38대_기후기술"":""34 농축수산 부문 기술"",""CRS번호"":""2010000585"",""Rio_Marker"":""태깅 없음"",""구분태그"":null,""기관유형"":""지자체"",""기술매핑_근거"":""원천분류 · DAC 31110 농업정책 및 행정관리"",""기준연도"":null,""대표금액"":25965,""레코드구분"":""개별"",""명칭"":""베트남 농촌개발 지원사업"",""보고기관"":""지방자치단체(경기도)"",""보고연도"":""2010~2010(1개 연도행 합산)"",""분야_DAC"":""농업정책 및 행정관리(31110)"",""사업기간"":""2010-03-01~2010-09-30"",""사업번호"":""20101130007"",""상태"":""완료"",""시행기관"":""원천 미기재"",""약정액_합계"":""25,965 USD"",""원조유형"":""프로젝트 원조"",""원지표ID"":null,""자금형태"":""무상, 출연(분담금 포함)"",""지출액_합계"":""25,965 USD"",""참고"":null}",,,국무조정실 ODA Korea 통합 통계(OECD CRS 보고 원자료) — 한국수출입은행(EDCF)·한국국제협력단(KOICA)·정부부처·지방자치단체 제출분,https://stats.odakorea.go.kr/portal/oda/spot/statistics,공공누리 제1유형(출처표시),D-016.xlsx,1.2_entity(레코드형),209,
D-016,"지자체·정부부처 프로젝트[사업명, 수원국, 시행기관(부처/지자체명), 사업 유형, 사업 기간, 사업비, 분야]",entity,v124-d-016-entity-00020,D-016_ministry_local_project_registry,VNM,,,,,,,,,베트남 원예-특용작물 생산 시설-기술지원,,,"{""38대_기후기술"":""34 농축수산 부문 기술"",""CRS번호"":""2011000052"",""Rio_Marker"":""태깅 없음"",""구분태그"":null,""기관유형"":""정부부처(중앙행정기관)"",""기술매핑_근거"":""원천분류 · DAC 31182 농업 연구"",""기준연도"":null,""대표금액"":151720,""레코드구분"":""개별"",""명칭"":""베트남 원예-특용작물 생산 시설-기술지원"",""보고기관"":""(구)농림수산식품부"",""보고연도"":""2011~2011(1개 연도행 합산)"",""분야_DAC"":""농업 연구(31182)"",""사업기간"":""2011-03-16~2011-12-28"",""사업번호"":""20111630003"",""상태"":""완료"",""시행기관"":""원천 미기재"",""약정액_합계"":""151,720 USD"",""원조유형"":""프로젝트 원조"",""원지표ID"":null,""자금형태"":""무상, 출연(분담금 포함)"",""지출액_합계"":""151,720 USD"",""참고"":null}",,,국무조정실 ODA Korea 통합 통계(OECD CRS 보고 원자료) — 한국수출입은행(EDCF)·한국국제협력단(KOICA)·정부부처·지방자치단체 제출분,https://stats.odakorea.go.kr/portal/oda/spot/statistics,공공누리 제1유형(출처표시),D-016.xlsx,1.2_entity(레코드형),150,
D-016,"지자체·정부부처 프로젝트[사업명, 수원국, 시행기관(부처/지자체명), 사업 유형, 사업 기간, 사업비, 분야]",entity,v124-d-016-entity-00021,D-016_ministry_local_project_registry,VNM,,,,,,,,,베트남 채소 계약재배 시범단지 조성사업,,,"{""38대_기후기술"":""34 농축수산 부문 기술"",""CRS번호"":""2011000082"",""Rio_Marker"":""태깅 없음"",""구분태그"":null,""기관유형"":""정부부처(중앙행정기관)"",""기술매핑_근거"":""원천분류 · DAC 31120 농업 개발"",""기준연도"":null,""대표금액"":361239,""레코드구분"":""개별"",""명칭"":""베트남 채소 계약재배 시범단지 조성사업"",""보고기관"":""(구)농림수산식품부"",""보고연도"":""2011~2011(1개 연도행 합산)"",""분야_DAC"":""농업 개발(31120)"",""사업기간"":""2011-09-07~2011-12-28"",""사업번호"":""20111630016"",""상태"":""완료"",""시행기관"":""원천 미기재"",""약정액_합계"":""361,239 USD"",""원조유형"":""프로젝트 원조"",""원지표ID"":null,""자금형태"":""무상, 출연(분담금 포함)"",""지출액_합계"":""361,239 USD"",""참고"":null}",,,국무조정실 ODA Korea 통합 통계(OECD CRS 보고 원자료) — 한국수출입은행(EDCF)·한국국제협력단(KOICA)·정부부처·지방자치단체 제출분,https://stats.odakorea.go.kr/portal/oda/spot/statistics,공공누리 제1유형(출처표시),D-016.xlsx,1.2_entity(레코드형),101,
D-016,"지자체·정부부처 프로젝트[사업명, 수원국, 시행기관(부처/지자체명), 사업 유형, 사업 기간, 사업비, 분야]",entity,v124-d-016-entity-00022,D-016_ministry_local_project_registry,VNM,,,,,,,,,베트남 채소 계약재배 시범단지 조성사업,,,"{""38대_기후기술"":""34 농축수산 부문 기술"",""CRS번호"":""2012003742"",""Rio_Marker"":""태깅 없음"",""구분태그"":null,""기관유형"":""정부부처(중앙행정기관)"",""기술매핑_근거"":""원천분류 · DAC 31120 농업 개발"",""기준연도"":null,""대표금액"":399680,""레코드구분"":""개별"",""명칭"":""베트남 채소 계약재배 시범단지 조성사업"",""보고기관"":""(구)농림수산식품부"",""보고연도"":""2012~2012(1개 연도행 합산)"",""분야_DAC"":""농업 개발(31120)"",""사업기간"":""2012-01-01~2012-12-24"",""사업번호"":""20121630036"",""상태"":""완료"",""시행기관"":""원천 미기재"",""약정액_합계"":""399,680 USD"",""원조유형"":""프로젝트 원조"",""원지표ID"":null,""자금형태"":""무상, 출연(분담금 포함)"",""지출액_합계"":""399,680 USD"",""참고"":null}",,,국무조정실 ODA Korea 통합 통계(OECD CRS 보고 원자료) — 한국수출입은행(EDCF)·한국국제협력단(KOICA)·정부부처·지방자치단체 제출분,https://stats.odakorea.go.kr/portal/oda/spot/statistics,공공누리 제1유형(출처표시),D-016.xlsx,1.2_entity(레코드형),98,
D-016,"지자체·정부부처 프로젝트[사업명, 수원국, 시행기관(부처/지자체명), 사업 유형, 사업 기간, 사업비, 분야]",entity,v124-d-016-entity-00023,D-016_ministry_local_project_registry,VNM,,,,,,,,,해외농업기술개발센터사업,,,"{""38대_기후기술"":""34 농축수산 부문 기술"",""CRS번호"":""2012004233"",""Rio_Marker"":""태깅 없음"",""구분태그"":null,""기관유형"":""정부부처(중앙행정기관)"",""기술매핑_근거"":""원천분류 · DAC 31120 농업 개발"",""기준연도"":null,""대표금액"":779000,""레코드구분"":""개별"",""명칭"":""해외농업기술개발센터사업"",""보고기관"":""농촌진흥청"",""보고연도"":""2012~2012(1개 연도행 합산)"",""분야_DAC"":""농업 개발(31120)"",""사업기간"":""2012-01-01~2012-12-31"",""사업번호"":""20121090019_009"",""상태"":""완료"",""시행기관"":""원천 미기재"",""약정액_합계"":""779,000 USD"",""원조유형"":""프로젝트 원조"",""원지표ID"":null,""자금형태"":""무상, 출연(분담금 포함)"",""지출액_합계"":""779,000 USD"",""참고"":null}",,,국무조정실 ODA Korea 통합 통계(OECD CRS 보고 원자료) — 한국수출입은행(EDCF)·한국국제협력단(KOICA)·정부부처·지방자치단체 제출분,https://stats.odakorea.go.kr/portal/oda/spot/statistics,공공누리 제1유형(출처표시),D-016.xlsx,1.2_entity(레코드형),70,
D-016,"지자체·정부부처 프로젝트[사업명, 수원국, 시행기관(부처/지자체명), 사업 유형, 사업 기간, 사업비, 분야]",entity,v124-d-016-entity-00024,D-016_ministry_local_project_registry,VNM,,,,,,,,,국제농업협력사업 타당성조사,,,"{""38대_기후기술"":""34 농축수산 부문 기술"",""CRS번호"":""2012004335"",""Rio_Marker"":""태깅 없음"",""구분태그"":null,""기관유형"":""정부부처(중앙행정기관)"",""기술매핑_근거"":""원천분류 · DAC 31120 농업 개발"",""기준연도"":null,""대표금액"":37023,""레코드구분"":""개별"",""명칭"":""국제농업협력사업 타당성조사"",""보고기관"":""(구)농림수산식품부"",""보고연도"":""2012~2012(1개 연도행 합산)"",""분야_DAC"":""농업 개발(31120)"",""사업기간"":""2012-03-01~2012-12-20"",""사업번호"":""20121630052_005"",""상태"":""완료"",""시행기관"":""원천 미기재"",""약정액_합계"":""37,023 USD"",""원조유형"":""프로젝트 원조"",""원지표ID"":null,""자금형태"":""무상, 출연(분담금 포함)"",""지출액_합계"":""37,023 USD"",""참고"":null}",,,국무조정실 ODA Korea 통합 통계(OECD CRS 보고 원자료) — 한국수출입은행(EDCF)·한국국제협력단(KOICA)·정부부처·지방자치단체 제출분,https://stats.odakorea.go.kr/portal/oda/spot/statistics,공공누리 제1유형(출처표시),D-016.xlsx,1.2_entity(레코드형),199,
D-016,"지자체·정부부처 프로젝트[사업명, 수원국, 시행기관(부처/지자체명), 사업 유형, 사업 기간, 사업비, 분야]",entity,v124-d-016-entity-00025,D-016_ministry_local_project_registry,VNM,,,,,,,,,베트남 채소 계약재배 시범단지 조성사업,,,"{""38대_기후기술"":""34 농축수산 부문 기술"",""CRS번호"":""2013001861"",""Rio_Marker"":""태깅 없음"",""구분태그"":null,""기관유형"":""정부부처(중앙행정기관)"",""기술매핑_근거"":""원천분류 · DAC 31162 경제작물/수출작물"",""기준연도"":null,""대표금액"":456787,""레코드구분"":""개별"",""명칭"":""베트남 채소 계약재배 시범단지 조성사업"",""보고기관"":""농림축산식품부"",""보고연도"":""2013~2013(1개 연도행 합산)"",""분야_DAC"":""경제작물/수출작물(31162)"",""사업기간"":""2011-12-07~2015-12-10"",""사업번호"":""20131790044"",""상태"":""완료"",""시행기관"":""단국대학교 산학협력단"",""약정액_합계"":""456,787 USD"",""원조유형"":""프로젝트 원조"",""원지표ID"":null,""자금형태"":""무상, 출연(분담금 포함)"",""지출액_합계"":""456,787 USD"",""참고"":null}",,,국무조정실 ODA Korea 통합 통계(OECD CRS 보고 원자료) — 한국수출입은행(EDCF)·한국국제협력단(KOICA)·정부부처·지방자치단체 제출분,https://stats.odakorea.go.kr/portal/oda/spot/statistics,공공누리 제1유형(출처표시),D-016.xlsx,1.2_entity(레코드형),91,
D-016,"지자체·정부부처 프로젝트[사업명, 수원국, 시행기관(부처/지자체명), 사업 유형, 사업 기간, 사업비, 분야]",entity,v124-d-016-entity-00026,D-016_ministry_local_project_registry,VNM,,,,,,,,,베트남 채소 계약재배 시범단지 조성사업,,,"{""38대_기후기술"":""34 농축수산 부문 기술"",""CRS번호"":""2014001448"",""Rio_Marker"":""태깅 없음"",""구분태그"":null,""기관유형"":""정부부처(중앙행정기관)"",""기술매핑_근거"":""원천분류 · DAC 31120 농업 개발"",""기준연도"":null,""대표금액"":853824,""레코드구분"":""개별"",""명칭"":""베트남 채소 계약재배 시범단지 조성사업"",""보고기관"":""농림축산식품부"",""보고연도"":""2014~2014(1개 연도행 합산)"",""분야_DAC"":""농업 개발(31120)"",""사업기간"":""2011-12-07~2015-12-10"",""사업번호"":""20141790049"",""상태"":""완료"",""시행기관"":""단국대학교 산학협력단"",""약정액_합계"":""853,824 USD"",""원조유형"":""프로젝트 원조"",""원지표ID"":null,""자금형태"":""무상, 출연(분담금 포함)"",""지출액_합계"":""853,824 USD"",""참고"":null}",,,국무조정실 ODA Korea 통합 통계(OECD CRS 보고 원자료) — 한국수출입은행(EDCF)·한국국제협력단(KOICA)·정부부처·지방자치단체 제출분,https://stats.odakorea.go.kr/portal/oda/spot/statistics,공공누리 제1유형(출처표시),D-016.xlsx,1.2_entity(레코드형),65,
D-016,"지자체·정부부처 프로젝트[사업명, 수원국, 시행기관(부처/지자체명), 사업 유형, 사업 기간, 사업비, 분야]",entity,v124-d-016-entity-00027,D-016_ministry_local_project_registry,VNM,,,,,,,,,베트남 국립가축질병진단센터 역량강화 지원사업,,,"{""38대_기후기술"":""34 농축수산 부문 기술"",""CRS번호"":""2014001460"",""Rio_Marker"":""태깅 없음"",""구분태그"":null,""기관유형"":""정부부처(중앙행정기관)"",""기술매핑_근거"":""원천분류 · DAC 31195 축산 진료"",""기준연도"":null,""대표금액"":288928,""레코드구분"":""개별"",""명칭"":""베트남 국립가축질병진단센터 역량강화 지원사업"",""보고기관"":""농림축산식품부"",""보고연도"":""2014~2014(1개 연도행 합산)"",""분야_DAC"":""축산 진료(31195)"",""사업기간"":""2014-10-30~2017-12-31"",""사업번호"":""20141790061"",""상태"":""완료"",""시행기관"":""(주)웃샘"",""약정액_합계"":""288,928 USD"",""원조유형"":""프로젝트 원조"",""원지표ID"":null,""자금형태"":""무상, 출연(분담금 포함)"",""지출액_합계"":""288,928 USD"",""참고"":null}",,,국무조정실 ODA Korea 통합 통계(OECD CRS 보고 원자료) — 한국수출입은행(EDCF)·한국국제협력단(KOICA)·정부부처·지방자치단체 제출분,https://stats.odakorea.go.kr/portal/oda/spot/statistics,공공누리 제1유형(출처표시),D-016.xlsx,1.2_entity(레코드형),119,
D-016,"지자체·정부부처 프로젝트[사업명, 수원국, 시행기관(부처/지자체명), 사업 유형, 사업 기간, 사업비, 분야]",entity,v124-d-016-entity-00028,D-016_ministry_local_project_registry,VNM,,,,,,,,,저개발국 새마을 시범마을 조성,,,"{""38대_기후기술"":""34 농축수산 부문 기술"",""CRS번호"":""2014009669"",""Rio_Marker"":""태깅 없음"",""구분태그"":null,""기관유형"":""지자체"",""기술매핑_근거"":""키워드 · 분야(DAC) '농촌'"",""기준연도"":null,""대표금액"":427326,""레코드구분"":""개별"",""명칭"":""저개발국 새마을 시범마을 조성"",""보고기관"":""지방자치단체(경상북도)"",""보고연도"":""2014~2014(1개 연도행 합산)"",""분야_DAC"":""농촌개발(43040)"",""사업기간"":""2014-01-01~2014-12-31"",""사업번호"":""20141570011_001"",""상태"":""완료"",""시행기관"":""(재)새마을세계화재단"",""약정액_합계"":""427,326 USD"",""원조유형"":""프로젝트 원조"",""원지표ID"":null,""자금형태"":""무상, 출연(분담금 포함)"",""지출액_합계"":""427,326 USD"",""참고"":null}",,,국무조정실 ODA Korea 통합 통계(OECD CRS 보고 원자료) — 한국수출입은행(EDCF)·한국국제협력단(KOICA)·정부부처·지방자치단체 제출분,https://stats.odakorea.go.kr/portal/oda/spot/statistics,공공누리 제1유형(출처표시),D-016.xlsx,1.2_entity(레코드형),95,
D-016,"지자체·정부부처 프로젝트[사업명, 수원국, 시행기관(부처/지자체명), 사업 유형, 사업 기간, 사업비, 분야]",entity,v124-d-016-entity-00029,D-016_ministry_local_project_registry,VNM,,,,,,,,,베트남 채소 계약재배 시범단지 조성사업,,,"{""38대_기후기술"":""34 농축수산 부문 기술"",""CRS번호"":""2015007199"",""Rio_Marker"":""태깅 없음"",""구분태그"":null,""기관유형"":""정부부처(중앙행정기관)"",""기술매핑_근거"":""원천분류 · DAC 31120 농업 개발"",""기준연도"":null,""대표금액"":559331,""레코드구분"":""개별"",""명칭"":""베트남 채소 계약재배 시범단지 조성사업"",""보고기관"":""농림축산식품부"",""보고연도"":""2015~2015(1개 연도행 합산)"",""분야_DAC"":""농업 개발(31120)"",""사업기간"":""2011-07-12~2015-10-12"",""사업번호"":""20151790105"",""상태"":""완료"",""시행기관"":""원천 미기재"",""약정액_합계"":""559,331 USD"",""원조유형"":""프로젝트 원조"",""원지표ID"":null,""자금형태"":""무상, 출연(분담금 포함)"",""지출액_합계"":""559,331 USD"",""참고"":null}",,,국무조정실 ODA Korea 통합 통계(OECD CRS 보고 원자료) — 한국수출입은행(EDCF)·한국국제협력단(KOICA)·정부부처·지방자치단체 제출분,https://stats.odakorea.go.kr/portal/oda/spot/statistics,공공누리 제1유형(출처표시),D-016.xlsx,1.2_entity(레코드형),80,
D-016,"지자체·정부부처 프로젝트[사업명, 수원국, 시행기관(부처/지자체명), 사업 유형, 사업 기간, 사업비, 분야]",entity,v124-d-016-entity-00030,D-016_ministry_local_project_registry,VNM,,,,,,,,,베트남 국립가축질병진단센터 역량강화 지원 사업,,,"{""38대_기후기술"":""34 농축수산 부문 기술"",""CRS번호"":""2016005026"",""Rio_Marker"":""태깅 없음"",""구분태그"":null,""기관유형"":""정부부처(중앙행정기관)"",""기술매핑_근거"":""원천분류 · DAC 31120 농업 개발"",""기준연도"":null,""대표금액"":2102283,""레코드구분"":""개별"",""명칭"":""베트남 국립가축질병진단센터 역량강화 지원 사업"",""보고기관"":""농림축산식품부"",""보고연도"":""2015~2018(4개 연도행 합산)"",""분야_DAC"":""농업 개발(31120)"",""사업기간"":""2014-10-30~2017-12-31"",""사업번호"":""20151790106"",""상태"":""완료"",""시행기관"":""한국농어촌공사"",""약정액_합계"":""2,102,283 USD"",""원조유형"":""프로젝트 원조"",""원지표ID"":null,""자금형태"":""무상, 출연(분담금 포함)"",""지출액_합계"":""2,102,283 USD"",""참고"":null}",,,국무조정실 ODA Korea 통합 통계(OECD CRS 보고 원자료) — 한국수출입은행(EDCF)·한국국제협력단(KOICA)·정부부처·지방자치단체 제출분,https://stats.odakorea.go.kr/portal/oda/spot/statistics,공공누리 제1유형(출처표시),D-016.xlsx,1.2_entity(레코드형),33,
D-016,"지자체·정부부처 프로젝트[사업명, 수원국, 시행기관(부처/지자체명), 사업 유형, 사업 기간, 사업비, 분야]",entity,v124-d-016-entity-00031,D-016_ministry_local_project_registry,VNM,,,,,,,,,아세안3 식량안보정보시스템(AFSIS) 협력,,,"{""38대_기후기술"":""34 농축수산 부문 기술"",""CRS번호"":""2016005079"",""Rio_Marker"":""태깅 없음"",""구분태그"":null,""기관유형"":""정부부처(중앙행정기관)"",""기술매핑_근거"":""원천분류 · DAC 31110 농업정책 및 행정관리"",""기준연도"":null,""대표금액"":258489,""레코드구분"":""개별"",""명칭"":""아세안3 식량안보정보시스템(AFSIS) 협력"",""보고기관"":""농림축산식품부"",""보고연도"":""2016~2016(1개 연도행 합산)"",""분야_DAC"":""농업정책 및 행정관리(31110)"",""사업기간"":""2016-01-01~2016-12-31"",""사업번호"":""20151790066_001"",""상태"":""완료"",""시행기관"":""농림수산식품교육문화정보원"",""약정액_합계"":""258,489 USD"",""원조유형"":""프로젝트 원조"",""원지표ID"":null,""자금형태"":""무상, 출연(분담금 포함)"",""지출액_합계"":""258,489 USD"",""참고"":null}",,,국무조정실 ODA Korea 통합 통계(OECD CRS 보고 원자료) — 한국수출입은행(EDCF)·한국국제협력단(KOICA)·정부부처·지방자치단체 제출분,https://stats.odakorea.go.kr/portal/oda/spot/statistics,공공누리 제1유형(출처표시),D-016.xlsx,1.2_entity(레코드형),123,
D-016,"지자체·정부부처 프로젝트[사업명, 수원국, 시행기관(부처/지자체명), 사업 유형, 사업 기간, 사업비, 분야]",entity,v124-d-016-entity-00032,D-016_ministry_local_project_registry,VNM,,,,,,,,,해외농업기술개발센터 운영_test,,,"{""38대_기후기술"":""34 농축수산 부문 기술"",""CRS번호"":""2016009218"",""Rio_Marker"":""태깅 없음"",""구분태그"":null,""기관유형"":""정부부처(중앙행정기관)"",""기술매핑_근거"":""원천분류 · DAC 31120 농업 개발"",""기준연도"":null,""대표금액"":653779,""레코드구분"":""개별"",""명칭"":""해외농업기술개발센터 운영_test"",""보고기관"":""농촌진흥청"",""보고연도"":""2016~2016(1개 연도행 합산)"",""분야_DAC"":""농업 개발(31120)"",""사업기간"":""2016-01-01~2016-12-31"",""사업번호"":""20141090014_003"",""상태"":""완료"",""시행기관"":""해외농업기술개발센터"",""약정액_합계"":""653,779 USD"",""원조유형"":""프로젝트 원조"",""원지표ID"":null,""자금형태"":""무상, 출연(분담금 포함)"",""지출액_합계"":""653,779 USD"",""참고"":null}",,,국무조정실 ODA Korea 통합 통계(OECD CRS 보고 원자료) — 한국수출입은행(EDCF)·한국국제협력단(KOICA)·정부부처·지방자치단체 제출분,https://stats.odakorea.go.kr/portal/oda/spot/statistics,공공누리 제1유형(출처표시),D-016.xlsx,1.2_entity(레코드형),73,
D-016,"지자체·정부부처 프로젝트[사업명, 수원국, 시행기관(부처/지자체명), 사업 유형, 사업 기간, 사업비, 분야]",entity,v124-d-016-entity-00033,D-016_ministry_local_project_registry,VNM,,,,,,,,,아시아 농식품 기술협력 협의체 운영,,,"{""38대_기후기술"":""34 농축수산 부문 기술"",""CRS번호"":""2016009226"",""Rio_Marker"":""태깅 없음"",""구분태그"":null,""기관유형"":""정부부처(중앙행정기관)"",""기술매핑_근거"":""원천분류 · DAC 31120 농업 개발"",""기준연도"":null,""대표금액"":140833,""레코드구분"":""개별"",""명칭"":""아시아 농식품 기술협력 협의체 운영"",""보고기관"":""농촌진흥청"",""보고연도"":""2016~2016(1개 연도행 합산)"",""분야_DAC"":""농업 개발(31120)"",""사업기간"":""2016-01-01~2016-12-31"",""사업번호"":""20141090015_001"",""상태"":""완료"",""시행기관"":""아시아 농식품 기술협력 협의체"",""약정액_합계"":""140,833 USD"",""원조유형"":""프로젝트 원조"",""원지표ID"":null,""자금형태"":""무상, 출연(분담금 포함)"",""지출액_합계"":""140,833 USD"",""참고"":null}",,,국무조정실 ODA Korea 통합 통계(OECD CRS 보고 원자료) — 한국수출입은행(EDCF)·한국국제협력단(KOICA)·정부부처·지방자치단체 제출분,https://stats.odakorea.go.kr/portal/oda/spot/statistics,공공누리 제1유형(출처표시),D-016.xlsx,1.2_entity(레코드형),153,
D-016,"지자체·정부부처 프로젝트[사업명, 수원국, 시행기관(부처/지자체명), 사업 유형, 사업 기간, 사업비, 분야]",entity,v124-d-016-entity-00034,D-016_ministry_local_project_registry,VNM,,,,,,,,,아시아 농식품 기술협력 협의체 운영,,,"{""38대_기후기술"":""34 농축수산 부문 기술"",""CRS번호"":""2017083569"",""Rio_Marker"":""태깅 없음"",""구분태그"":null,""기관유형"":""정부부처(중앙행정기관)"",""기술매핑_근거"":""원천분류 · DAC 31120 농업 개발"",""기준연도"":null,""대표금액"":177117,""레코드구분"":""개별"",""명칭"":""아시아 농식품 기술협력 협의체 운영"",""보고기관"":""농촌진흥청"",""보고연도"":""2017~2017(1개 연도행 합산)"",""분야_DAC"":""농업 개발(31120)"",""사업기간"":""2017-01-01~2017-12-31"",""사업번호"":""201710900244_001"",""상태"":""완료"",""시행기관"":""아시아 농식품 기술협력 협의체"",""약정액_합계"":""177,117 USD"",""원조유형"":""프로젝트 원조"",""원지표ID"":null,""자금형태"":""무상, 출연(분담금 포함)"",""지출액_합계"":""177,117 USD"",""참고"":null}",,,국무조정실 ODA Korea 통합 통계(OECD CRS 보고 원자료) — 한국수출입은행(EDCF)·한국국제협력단(KOICA)·정부부처·지방자치단체 제출분,https://stats.odakorea.go.kr/portal/oda/spot/statistics,공공누리 제1유형(출처표시),D-016.xlsx,1.2_entity(레코드형),142,
D-016,"지자체·정부부처 프로젝트[사업명, 수원국, 시행기관(부처/지자체명), 사업 유형, 사업 기간, 사업비, 분야]",entity,v124-d-016-entity-00035,D-016_ministry_local_project_registry,VNM,,,,,,,,,해외농업기술개발센터 운영,,,"{""38대_기후기술"":""34 농축수산 부문 기술"",""CRS번호"":""2017083589"",""Rio_Marker"":""태깅 없음"",""구분태그"":null,""기관유형"":""정부부처(중앙행정기관)"",""기술매핑_근거"":""원천분류 · DAC 31120 농업 개발"",""기준연도"":null,""대표금액"":756212,""레코드구분"":""개별"",""명칭"":""해외농업기술개발센터 운영"",""보고기관"":""농촌진흥청"",""보고연도"":""2017~2017(1개 연도행 합산)"",""분야_DAC"":""농업 개발(31120)"",""사업기간"":""2017-01-01~2017-12-31"",""사업번호"":""201710900245_001"",""상태"":""완료"",""시행기관"":""해외농업기술개발센터"",""약정액_합계"":""756,212 USD"",""원조유형"":""프로젝트 원조"",""원지표ID"":null,""자금형태"":""무상, 출연(분담금 포함)"",""지출액_합계"":""756,212 USD"",""참고"":null}",,,국무조정실 ODA Korea 통합 통계(OECD CRS 보고 원자료) — 한국수출입은행(EDCF)·한국국제협력단(KOICA)·정부부처·지방자치단체 제출분,https://stats.odakorea.go.kr/portal/oda/spot/statistics,공공누리 제1유형(출처표시),D-016.xlsx,1.2_entity(레코드형),72,
D-016,"지자체·정부부처 프로젝트[사업명, 수원국, 시행기관(부처/지자체명), 사업 유형, 사업 기간, 사업비, 분야]",entity,v124-d-016-entity-00036,D-016_ministry_local_project_registry,VNM,,,,,,,,,저개발국 새마을 시범마을조성,,,"{""38대_기후기술"":""34 농축수산 부문 기술"",""CRS번호"":""2017083928"",""Rio_Marker"":""태깅 없음"",""구분태그"":null,""기관유형"":""지자체"",""기술매핑_근거"":""키워드 · 분야(DAC) '농촌'"",""기준연도"":null,""대표금액"":329567,""레코드구분"":""개별"",""명칭"":""저개발국 새마을 시범마을조성"",""보고기관"":""지방자치단체(경상북도)"",""보고연도"":""2017~2017(1개 연도행 합산)"",""분야_DAC"":""농촌개발(43040)"",""사업기간"":""2012-01-01~2022-12-31"",""사업번호"":""201715700322_06"",""상태"":""완료"",""시행기관"":""새마을세계화재단"",""약정액_합계"":""329,567 USD"",""원조유형"":""프로젝트 원조"",""원지표ID"":null,""자금형태"":""무상, 출연(분담금 포함)"",""지출액_합계"":""329,567 USD"",""참고"":null}",,,국무조정실 ODA Korea 통합 통계(OECD CRS 보고 원자료) — 한국수출입은행(EDCF)·한국국제협력단(KOICA)·정부부처·지방자치단체 제출분,https://stats.odakorea.go.kr/portal/oda/spot/statistics,공공누리 제1유형(출처표시),D-016.xlsx,1.2_entity(레코드형),112,
D-016,"지자체·정부부처 프로젝트[사업명, 수원국, 시행기관(부처/지자체명), 사업 유형, 사업 기간, 사업비, 분야]",entity,v124-d-016-entity-00037,D-016_ministry_local_project_registry,VNM,,,,,,,,,한-아시아 농식품기술협력협의체 운영,,,"{""38대_기후기술"":""34 농축수산 부문 기술"",""CRS번호"":""2018127528"",""Rio_Marker"":""태깅 없음"",""구분태그"":null,""기관유형"":""정부부처(중앙행정기관)"",""기술매핑_근거"":""원천분류 · DAC 31120 농업 개발"",""기준연도"":null,""대표금액"":143064,""레코드구분"":""개별"",""명칭"":""한-아시아 농식품기술협력협의체 운영"",""보고기관"":""농촌진흥청"",""보고연도"":""2018~2018(1개 연도행 합산)"",""분야_DAC"":""농업 개발(31120)"",""사업기간"":""2018-01-01~2018-12-31"",""사업번호"":""201810903835_002"",""상태"":""완료"",""시행기관"":""원천 미기재"",""약정액_합계"":""143,064 USD"",""원조유형"":""프로젝트 원조"",""원지표ID"":null,""자금형태"":""무상, 출연(분담금 포함)"",""지출액_합계"":""143,064 USD"",""참고"":null}",,,국무조정실 ODA Korea 통합 통계(OECD CRS 보고 원자료) — 한국수출입은행(EDCF)·한국국제협력단(KOICA)·정부부처·지방자치단체 제출분,https://stats.odakorea.go.kr/portal/oda/spot/statistics,공공누리 제1유형(출처표시),D-016.xlsx,1.2_entity(레코드형),152,
D-016,"지자체·정부부처 프로젝트[사업명, 수원국, 시행기관(부처/지자체명), 사업 유형, 사업 기간, 사업비, 분야]",entity,v124-d-016-entity-00038,D-016_ministry_local_project_registry,VNM,,,,,,,,,해외농업기술개발사업(KOPIA) 협력사업,,,"{""38대_기후기술"":""34 농축수산 부문 기술"",""CRS번호"":""2018127549"",""Rio_Marker"":""태깅 없음"",""구분태그"":null,""기관유형"":""정부부처(중앙행정기관)"",""기술매핑_근거"":""원천분류 · DAC 31120 농업 개발"",""기준연도"":null,""대표금액"":995286,""레코드구분"":""개별"",""명칭"":""해외농업기술개발사업(KOPIA) 협력사업"",""보고기관"":""농촌진흥청"",""보고연도"":""2018~2018(1개 연도행 합산)"",""분야_DAC"":""농업 개발(31120)"",""사업기간"":""2018-01-01~2018-12-31"",""사업번호"":""201810903837_006"",""상태"":""완료"",""시행기관"":""원천 미기재"",""약정액_합계"":""995,286 USD"",""원조유형"":""프로젝트 원조"",""원지표ID"":null,""자금형태"":""무상, 출연(분담금 포함)"",""지출액_합계"":""995,286 USD"",""참고"":null}",,,국무조정실 ODA Korea 통합 통계(OECD CRS 보고 원자료) — 한국수출입은행(EDCF)·한국국제협력단(KOICA)·정부부처·지방자치단체 제출분,https://stats.odakorea.go.kr/portal/oda/spot/statistics,공공누리 제1유형(출처표시),D-016.xlsx,1.2_entity(레코드형),61,
D-016,"지자체·정부부처 프로젝트[사업명, 수원국, 시행기관(부처/지자체명), 사업 유형, 사업 기간, 사업비, 분야]",entity,v124-d-016-entity-00039,D-016_ministry_local_project_registry,VNM,,,,,,,,,저개발국 새마을 시범마을조성,,,"{""38대_기후기술"":""34 농축수산 부문 기술"",""CRS번호"":""2018127878"",""Rio_Marker"":""태깅 없음"",""구분태그"":null,""기관유형"":""지자체"",""기술매핑_근거"":""키워드 · 분야(DAC) '농촌'"",""기준연도"":null,""대표금액"":1090725,""레코드구분"":""개별"",""명칭"":""저개발국 새마을 시범마을조성"",""보고기관"":""지방자치단체(경상북도)"",""보고연도"":""2018~2018(1개 연도행 합산)"",""분야_DAC"":""농촌개발(43040)"",""사업기간"":""2012-01-01~2022-12-31"",""사업번호"":""201815703767_05"",""상태"":""완료"",""시행기관"":""원천 미기재"",""약정액_합계"":""1,090,725 USD"",""원조유형"":""프로젝트 원조"",""원지표ID"":null,""자금형태"":""무상, 출연(분담금 포함)"",""지출액_합계"":""1,090,725 USD"",""참고"":null}",,,국무조정실 ODA Korea 통합 통계(OECD CRS 보고 원자료) — 한국수출입은행(EDCF)·한국국제협력단(KOICA)·정부부처·지방자치단체 제출분,https://stats.odakorea.go.kr/portal/oda/spot/statistics,공공누리 제1유형(출처표시),D-016.xlsx,1.2_entity(레코드형),56,
D-016,"지자체·정부부처 프로젝트[사업명, 수원국, 시행기관(부처/지자체명), 사업 유형, 사업 기간, 사업비, 분야]",entity,v124-d-016-entity-00040,D-016_ministry_local_project_registry,VNM,,,,,,,,,베트남 우수농산물 저장 유통센터 지원사업,,,"{""38대_기후기술"":""34 농축수산 부문 기술"",""CRS번호"":""2018128124"",""Rio_Marker"":""태깅 없음"",""구분태그"":null,""기관유형"":""정부부처(중앙행정기관)"",""기술매핑_근거"":""원천분류 · DAC 31162 경제작물/수출작물"",""기준연도"":null,""대표금액"":2651913,""레코드구분"":""개별"",""명칭"":""베트남 우수농산물 저장 유통센터 지원사업"",""보고기관"":""농림축산식품부"",""보고연도"":""2018~2022(5개 연도행 합산)"",""분야_DAC"":""경제작물/수출작물(31162)"",""사업기간"":""2018-01-01~2022-12-31"",""사업번호"":""20151790067"",""상태"":""완료"",""시행기관"":""한국농어촌공사"",""약정액_합계"":""2,651,913 USD"",""원조유형"":""프로젝트 원조"",""원지표ID"":null,""자금형태"":""무상, 출연(분담금 포함)"",""지출액_합계"":""2,651,913 USD"",""참고"":null}",,,국무조정실 ODA Korea 통합 통계(OECD CRS 보고 원자료) — 한국수출입은행(EDCF)·한국국제협력단(KOICA)·정부부처·지방자치단체 제출분,https://stats.odakorea.go.kr/portal/oda/spot/statistics,공공누리 제1유형(출처표시),D-016.xlsx,1.2_entity(레코드형),26,
D-016,"지자체·정부부처 프로젝트[사업명, 수원국, 시행기관(부처/지자체명), 사업 유형, 사업 기간, 사업비, 분야]",entity,v124-d-016-entity-00041,D-016_ministry_local_project_registry,VNM,,,,,,,,,타당성 조사,,,"{""38대_기후기술"":""34 농축수산 부문 기술"",""CRS번호"":""2018128170"",""Rio_Marker"":""태깅 없음"",""구분태그"":null,""기관유형"":""정부부처(중앙행정기관)"",""기술매핑_근거"":""원천분류 · DAC 31120 농업 개발"",""기준연도"":null,""대표금액"":187521,""레코드구분"":""개별"",""명칭"":""타당성 조사"",""보고기관"":""농림축산식품부"",""보고연도"":""2018~2019(2개 연도행 합산)"",""분야_DAC"":""농업 개발(31120)"",""사업기간"":""2018-01-01~2018-12-31"",""사업번호"":""201817904438_002"",""상태"":""완료"",""시행기관"":""한국농어촌공사"",""약정액_합계"":""187,521 USD"",""원조유형"":""프로젝트 원조"",""원지표ID"":null,""자금형태"":""무상, 출연(분담금 포함)"",""지출액_합계"":""187,521 USD"",""참고"":null}",,,국무조정실 ODA Korea 통합 통계(OECD CRS 보고 원자료) — 한국수출입은행(EDCF)·한국국제협력단(KOICA)·정부부처·지방자치단체 제출분,https://stats.odakorea.go.kr/portal/oda/spot/statistics,공공누리 제1유형(출처표시),D-016.xlsx,1.2_entity(레코드형),140,
D-016,"지자체·정부부처 프로젝트[사업명, 수원국, 시행기관(부처/지자체명), 사업 유형, 사업 기간, 사업비, 분야]",entity,v124-d-016-entity-00042,D-016_ministry_local_project_registry,VNM,,,,,,,,,베트남 농기계 개량시범보급,,,"{""38대_기후기술"":""34 농축수산 부문 기술"",""CRS번호"":""2018128193"",""Rio_Marker"":""태깅 없음"",""구분태그"":null,""기관유형"":""정부부처(중앙행정기관)"",""기술매핑_근거"":""원천분류 · DAC 31150 농업관련 기자재"",""기준연도"":null,""대표금액"":2246893,""레코드구분"":""개별"",""명칭"":""베트남 농기계 개량시범보급"",""보고기관"":""산업통상자원부"",""보고연도"":""2018~2018(1개 연도행 합산)"",""분야_DAC"":""농업관련 기자재(31150)"",""사업기간"":""2015-05-01~2019-08-31"",""사업번호"":""201818003883"",""상태"":""완료"",""시행기관"":""원천 미기재"",""약정액_합계"":""2,246,893 USD"",""원조유형"":""프로젝트 원조"",""원지표ID"":null,""자금형태"":""무상, 출연(분담금 포함)"",""지출액_합계"":""2,246,893 USD"",""참고"":null}",,,국무조정실 ODA Korea 통합 통계(OECD CRS 보고 원자료) — 한국수출입은행(EDCF)·한국국제협력단(KOICA)·정부부처·지방자치단체 제출분,https://stats.odakorea.go.kr/portal/oda/spot/statistics,공공누리 제1유형(출처표시),D-016.xlsx,1.2_entity(레코드형),32,
D-016,"지자체·정부부처 프로젝트[사업명, 수원국, 시행기관(부처/지자체명), 사업 유형, 사업 기간, 사업비, 분야]",entity,v124-d-016-entity-00043,D-016_ministry_local_project_registry,VNM,,,,,,,,,베트남 연안 수산자원조성·관리 모델 구축,,,"{""38대_기후기술"":""34 농축수산 부문 기술"",""CRS번호"":""2018128237"",""Rio_Marker"":""태깅 없음"",""구분태그"":null,""기관유형"":""정부부처(중앙행정기관)"",""기술매핑_근거"":""원천분류 · DAC 31320 어업 개발"",""기준연도"":null,""대표금액"":136896,""레코드구분"":""개별"",""명칭"":""베트남 연안 수산자원조성·관리 모델 구축"",""보고기관"":""해양수산부"",""보고연도"":""2018~2018(1개 연도행 합산)"",""분야_DAC"":""어업 개발(31320)"",""사업기간"":""2018-06-04~2019-02-28"",""사업번호"":""201818204425"",""상태"":""완료"",""시행기관"":""원천 미기재"",""약정액_합계"":""136,896 USD"",""원조유형"":""프로젝트 원조"",""원지표ID"":null,""자금형태"":""무상, 출연(분담금 포함)"",""지출액_합계"":""136,896 USD"",""참고"":null}",,,국무조정실 ODA Korea 통합 통계(OECD CRS 보고 원자료) — 한국수출입은행(EDCF)·한국국제협력단(KOICA)·정부부처·지방자치단체 제출분,https://stats.odakorea.go.kr/portal/oda/spot/statistics,공공누리 제1유형(출처표시),D-016.xlsx,1.2_entity(레코드형),155,
D-016,"지자체·정부부처 프로젝트[사업명, 수원국, 시행기관(부처/지자체명), 사업 유형, 사업 기간, 사업비, 분야]",entity,v124-d-016-entity-00044,D-016_ministry_local_project_registry,VNM,,,,,,,,,저개발국 새마을 시범마을조성,,,"{""38대_기후기술"":""34 농축수산 부문 기술"",""CRS번호"":""2019130067"",""Rio_Marker"":""태깅 없음"",""구분태그"":null,""기관유형"":""지자체"",""기술매핑_근거"":""키워드 · 분야(DAC) '농촌'"",""기준연도"":null,""대표금액"":1219395,""레코드구분"":""개별"",""명칭"":""저개발국 새마을 시범마을조성"",""보고기관"":""지방자치단체(경상북도)"",""보고연도"":""2019~2019(1개 연도행 합산)"",""분야_DAC"":""농촌개발(43040)"",""사업기간"":""2012-01-01~2022-12-31"",""사업번호"":""201915711481_001"",""상태"":""완료"",""시행기관"":""새마을세계화재단"",""약정액_합계"":""1,219,395 USD"",""원조유형"":""프로젝트 원조"",""원지표ID"":null,""자금형태"":""무상, 출연(분담금 포함)"",""지출액_합계"":""1,219,395 USD"",""참고"":null}",,,국무조정실 ODA Korea 통합 통계(OECD CRS 보고 원자료) — 한국수출입은행(EDCF)·한국국제협력단(KOICA)·정부부처·지방자치단체 제출분,https://stats.odakorea.go.kr/portal/oda/spot/statistics,공공누리 제1유형(출처표시),D-016.xlsx,1.2_entity(레코드형),50,
D-016,"지자체·정부부처 프로젝트[사업명, 수원국, 시행기관(부처/지자체명), 사업 유형, 사업 기간, 사업비, 분야]",entity,v124-d-016-entity-00045,D-016_ministry_local_project_registry,VNM,,,,,,,,,베트남 홍강델타 쌀 가치사슬 향상 사업,,,"{""38대_기후기술"":""34 농축수산 부문 기술"",""CRS번호"":""2019130524"",""Rio_Marker"":""태깅 없음"",""구분태그"":null,""기관유형"":""정부부처(중앙행정기관)"",""기술매핑_근거"":""원천분류 · DAC 31120 농업 개발"",""기준연도"":null,""대표금액"":3838273,""레코드구분"":""개별"",""명칭"":""베트남 홍강델타 쌀 가치사슬 향상 사업"",""보고기관"":""농림축산식품부"",""보고연도"":""2019~2023(5개 연도행 합산)"",""분야_DAC"":""농업 개발(31120)"",""사업기간"":""2019-01-01~2024-11-30"",""사업번호"":""201717901605"",""상태"":""완료"",""시행기관"":""한국농어촌공사"",""약정액_합계"":""3,838,273 USD"",""원조유형"":""프로젝트 원조"",""원지표ID"":null,""자금형태"":""무상, 출연(분담금 포함)"",""지출액_합계"":""3,838,273 USD"",""참고"":null}",,,국무조정실 ODA Korea 통합 통계(OECD CRS 보고 원자료) — 한국수출입은행(EDCF)·한국국제협력단(KOICA)·정부부처·지방자치단체 제출분,https://stats.odakorea.go.kr/portal/oda/spot/statistics,공공누리 제1유형(출처표시),D-016.xlsx,1.2_entity(레코드형),15,
D-016,"지자체·정부부처 프로젝트[사업명, 수원국, 시행기관(부처/지자체명), 사업 유형, 사업 기간, 사업비, 분야]",entity,v124-d-016-entity-00046,D-016_ministry_local_project_registry,VNM,,,,,,,,,아세안+3식량안보정보시스템 2단계 협력,,,"{""38대_기후기술"":""34 농축수산 부문 기술"",""CRS번호"":""2019130587"",""Rio_Marker"":""태깅 없음"",""구분태그"":null,""기관유형"":""정부부처(중앙행정기관)"",""기술매핑_근거"":""원천분류 · DAC 31120 농업 개발"",""기준연도"":null,""대표금액"":270318,""레코드구분"":""개별"",""명칭"":""아세안+3식량안보정보시스템 2단계 협력"",""보고기관"":""농림축산식품부"",""보고연도"":""2019~2019(1개 연도행 합산)"",""분야_DAC"":""농업 개발(31120)"",""사업기간"":""2019-07-03~2019-12-13"",""사업번호"":""201917911759_001"",""상태"":""완료"",""시행기관"":""농림수산식품교육문화정보원"",""약정액_합계"":""270,318 USD"",""원조유형"":""프로젝트 원조"",""원지표ID"":null,""자금형태"":""무상, 출연(분담금 포함)"",""지출액_합계"":""270,318 USD"",""참고"":null}",,,국무조정실 ODA Korea 통합 통계(OECD CRS 보고 원자료) — 한국수출입은행(EDCF)·한국국제협력단(KOICA)·정부부처·지방자치단체 제출분,https://stats.odakorea.go.kr/portal/oda/spot/statistics,공공누리 제1유형(출처표시),D-016.xlsx,1.2_entity(레코드형),121,
D-016,"지자체·정부부처 프로젝트[사업명, 수원국, 시행기관(부처/지자체명), 사업 유형, 사업 기간, 사업비, 분야]",entity,v124-d-016-entity-00047,D-016_ministry_local_project_registry,VNM,,,,,,,,,한-아시아 농식품 기술협력 협의체(AFACI)운영,,,"{""38대_기후기술"":""34 농축수산 부문 기술"",""CRS번호"":""2019130646"",""Rio_Marker"":""태깅 없음"",""구분태그"":null,""기관유형"":""정부부처(중앙행정기관)"",""기술매핑_근거"":""원천분류 · DAC 31120 농업 개발"",""기준연도"":null,""대표금액"":93632,""레코드구분"":""개별"",""명칭"":""한-아시아 농식품 기술협력 협의체(AFACI)운영"",""보고기관"":""농촌진흥청"",""보고연도"":""2019~2019(1개 연도행 합산)"",""분야_DAC"":""농업 개발(31120)"",""사업기간"":""2020-01-01~2024-12-31"",""사업번호"":""201910911280_002"",""상태"":""완료"",""시행기관"":""농촌진흥청"",""약정액_합계"":""93,632 USD"",""원조유형"":""프로젝트 원조"",""원지표ID"":null,""자금형태"":""무상, 출연(분담금 포함)"",""지출액_합계"":""93,632 USD"",""참고"":null}",,,국무조정실 ODA Korea 통합 통계(OECD CRS 보고 원자료) — 한국수출입은행(EDCF)·한국국제협력단(KOICA)·정부부처·지방자치단체 제출분,https://stats.odakorea.go.kr/portal/oda/spot/statistics,공공누리 제1유형(출처표시),D-016.xlsx,1.2_entity(레코드형),170,
D-016,"지자체·정부부처 프로젝트[사업명, 수원국, 시행기관(부처/지자체명), 사업 유형, 사업 기간, 사업비, 분야]",entity,v124-d-016-entity-00048,D-016_ministry_local_project_registry,VNM,,,,,,,,,해외농업기술개발,,,"{""38대_기후기술"":""34 농축수산 부문 기술"",""CRS번호"":""2019130687"",""Rio_Marker"":""태깅 없음"",""구분태그"":null,""기관유형"":""정부부처(중앙행정기관)"",""기술매핑_근거"":""원천분류 · DAC 31120 농업 개발"",""기준연도"":null,""대표금액"":819882,""레코드구분"":""개별"",""명칭"":""해외농업기술개발"",""보고기관"":""농촌진흥청"",""보고연도"":""2019~2019(1개 연도행 합산)"",""분야_DAC"":""농업 개발(31120)"",""사업기간"":""2019-01-01~2019-12-31"",""사업번호"":""201910911279_001"",""상태"":""완료"",""시행기관"":""농촌진흥청"",""약정액_합계"":""819,882 USD"",""원조유형"":""프로젝트 원조"",""원지표ID"":null,""자금형태"":""무상, 출연(분담금 포함)"",""지출액_합계"":""819,882 USD"",""참고"":null}",,,국무조정실 ODA Korea 통합 통계(OECD CRS 보고 원자료) — 한국수출입은행(EDCF)·한국국제협력단(KOICA)·정부부처·지방자치단체 제출분,https://stats.odakorea.go.kr/portal/oda/spot/statistics,공공누리 제1유형(출처표시),D-016.xlsx,1.2_entity(레코드형),68,
D-016,"지자체·정부부처 프로젝트[사업명, 수원국, 시행기관(부처/지자체명), 사업 유형, 사업 기간, 사업비, 분야]",entity,v124-d-016-entity-00049,D-016_ministry_local_project_registry,VNM,,,,,,,,,베트남 연안 수산자원조성·관리 모델 구축,,,"{""38대_기후기술"":""34 농축수산 부문 기술"",""CRS번호"":""2019138428"",""Rio_Marker"":""태깅 없음"",""구분태그"":null,""기관유형"":""정부부처(중앙행정기관)"",""기술매핑_근거"":""원천분류 · DAC 31320 어업 개발"",""기준연도"":null,""대표금액"":409637,""레코드구분"":""개별"",""명칭"":""베트남 연안 수산자원조성·관리 모델 구축"",""보고기관"":""해양수산부"",""보고연도"":""2019~2019(1개 연도행 합산)"",""분야_DAC"":""어업 개발(31320)"",""사업기간"":""2018-06-04~2022-12-31"",""사업번호"":""201918211067"",""상태"":""완료"",""시행기관"":""한국수산자원공단"",""약정액_합계"":""409,637 USD"",""원조유형"":""프로젝트 원조"",""원지표ID"":null,""자금형태"":""무상, 출연(분담금 포함)"",""지출액_합계"":""409,637 USD"",""참고"":null}",,,국무조정실 ODA Korea 통합 통계(OECD CRS 보고 원자료) — 한국수출입은행(EDCF)·한국국제협력단(KOICA)·정부부처·지방자치단체 제출분,https://stats.odakorea.go.kr/portal/oda/spot/statistics,공공누리 제1유형(출처표시),D-016.xlsx,1.2_entity(레코드형),96,
D-016,"지자체·정부부처 프로젝트[사업명, 수원국, 시행기관(부처/지자체명), 사업 유형, 사업 기간, 사업비, 분야]",entity,v124-d-016-entity-00050,D-016_ministry_local_project_registry,VNM,,,,,,,,,에너지개발협력기획_베트남 메콩델타 기후변화 대응 농업용 신재생 에너지 플랜트 구축 기획 사전기획,,,"{""38대_기후기술"":""34 농축수산 부문 기술"",""CRS번호"":""2019162902"",""Rio_Marker"":""태깅 없음"",""구분태그"":null,""기관유형"":""정부부처(중앙행정기관)"",""기술매핑_근거"":""키워드 · 사업명 '농업'"",""기준연도"":null,""대표금액"":21459,""레코드구분"":""개별"",""명칭"":""에너지개발협력기획_베트남 메콩델타 기후변화 대응 농업용 신재생 에너지 플랜트 구축 기획 사전기획"",""보고기관"":""산업통상자원부"",""보고연도"":""2019~2019(1개 연도행 합산)"",""분야_DAC"":""전력생산, 재생가능 자원사용 - 복합 기술(23210)"",""사업기간"":""2019-05-01~2019-12-31"",""사업번호"":""201918066173"",""상태"":""완료"",""시행기관"":""한국산업기술진흥원"",""약정액_합계"":""21,459 USD"",""원조유형"":""프로젝트 원조"",""원지표ID"":null,""자금형태"":""무상, 출연(분담금 포함)"",""지출액_합계"":""21,459 USD"",""참고"":null}",,,국무조정실 ODA Korea 통합 통계(OECD CRS 보고 원자료) — 한국수출입은행(EDCF)·한국국제협력단(KOICA)·정부부처·지방자치단체 제출분,https://stats.odakorea.go.kr/portal/oda/spot/statistics,공공누리 제1유형(출처표시),D-016.xlsx,1.2_entity(레코드형),218,
D-016,"지자체·정부부처 프로젝트[사업명, 수원국, 시행기관(부처/지자체명), 사업 유형, 사업 기간, 사업비, 분야]",entity,v124-d-016-entity-00051,D-016_ministry_local_project_registry,VNM,,,,,,,,,"아세안+3 식량안보정보시스템 2단계협력(베트남, 인도네시아)",,,"{""38대_기후기술"":""34 농축수산 부문 기술"",""CRS번호"":""2020000313"",""Rio_Marker"":""태깅 없음"",""구분태그"":null,""기관유형"":""정부부처(중앙행정기관)"",""기술매핑_근거"":""원천분류 · DAC 31120 농업 개발"",""기준연도"":null,""대표금액"":254210,""레코드구분"":""개별"",""명칭"":""아세안+3 식량안보정보시스템 2단계협력(베트남, 인도네시아)"",""보고기관"":""농림축산식품부"",""보고연도"":""2020~2021(2개 연도행 합산)"",""분야_DAC"":""농업 개발(31120)"",""사업기간"":""2020-07-20~2021-03-31"",""사업번호"":""GRP_0000147873_001"",""상태"":""완료"",""시행기관"":""농림수산식품교육문화정보원"",""약정액_합계"":""254,210 USD"",""원조유형"":""프로젝트 원조"",""원지표ID"":null,""자금형태"":""무상, 출연(분담금 포함)"",""지출액_합계"":""254,210 USD"",""참고"":null}",,,국무조정실 ODA Korea 통합 통계(OECD CRS 보고 원자료) — 한국수출입은행(EDCF)·한국국제협력단(KOICA)·정부부처·지방자치단체 제출분,https://stats.odakorea.go.kr/portal/oda/spot/statistics,공공누리 제1유형(출처표시),D-016.xlsx,1.2_entity(레코드형),127,
D-016,"지자체·정부부처 프로젝트[사업명, 수원국, 시행기관(부처/지자체명), 사업 유형, 사업 기간, 사업비, 분야]",entity,v124-d-016-entity-00052,D-016_ministry_local_project_registry,VNM,,,,,,,,,사후관리,,,"{""38대_기후기술"":""34 농축수산 부문 기술"",""CRS번호"":""2020000316"",""Rio_Marker"":""태깅 없음"",""구분태그"":null,""기관유형"":""정부부처(중앙행정기관)"",""기술매핑_근거"":""원천분류 · DAC 31120 농업 개발"",""기준연도"":null,""대표금액"":97993,""레코드구분"":""개별"",""명칭"":""사후관리"",""보고기관"":""농림축산식품부"",""보고연도"":""2020~2020(1개 연도행 합산)"",""분야_DAC"":""농업 개발(31120)"",""사업기간"":""2020-01-01~2020-12-31"",""사업번호"":""GRP_0000143245_002"",""상태"":""완료"",""시행기관"":""한국농어촌공사"",""약정액_합계"":""97,993 USD"",""원조유형"":""프로젝트 원조"",""원지표ID"":null,""자금형태"":""무상, 출연(분담금 포함)"",""지출액_합계"":""97,993 USD"",""참고"":null}",,,국무조정실 ODA Korea 통합 통계(OECD CRS 보고 원자료) — 한국수출입은행(EDCF)·한국국제협력단(KOICA)·정부부처·지방자치단체 제출분,https://stats.odakorea.go.kr/portal/oda/spot/statistics,공공누리 제1유형(출처표시),D-016.xlsx,1.2_entity(레코드형),169,
D-016,"지자체·정부부처 프로젝트[사업명, 수원국, 시행기관(부처/지자체명), 사업 유형, 사업 기간, 사업비, 분야]",entity,v124-d-016-entity-00053,D-016_ministry_local_project_registry,VNM,,,,,,,,,베트남 무병씨감자 생산시스템 구축,,,"{""38대_기후기술"":""34 농축수산 부문 기술"",""CRS번호"":""2020000317"",""Rio_Marker"":""태깅 없음"",""구분태그"":null,""기관유형"":""정부부처(중앙행정기관)"",""기술매핑_근거"":""원천분류 · DAC 31161 식량생산"",""기준연도"":null,""대표금액"":3832445,""레코드구분"":""개별"",""명칭"":""베트남 무병씨감자 생산시스템 구축"",""보고기관"":""농림축산식품부"",""보고연도"":""2020~2023(4개 연도행 합산)"",""분야_DAC"":""식량생산(31161)"",""사업기간"":""2020-10-12~2025-10-07"",""사업번호"":""GRP_0000162814"",""상태"":""완료"",""시행기관"":""한국농어촌공사"",""약정액_합계"":""3,832,445 USD"",""원조유형"":""프로젝트 원조"",""원지표ID"":null,""자금형태"":""무상, 출연(분담금 포함)"",""지출액_합계"":""3,832,445 USD"",""참고"":null}",,,국무조정실 ODA Korea 통합 통계(OECD CRS 보고 원자료) — 한국수출입은행(EDCF)·한국국제협력단(KOICA)·정부부처·지방자치단체 제출분,https://stats.odakorea.go.kr/portal/oda/spot/statistics,공공누리 제1유형(출처표시),D-016.xlsx,1.2_entity(레코드형),16,
D-016,"지자체·정부부처 프로젝트[사업명, 수원국, 시행기관(부처/지자체명), 사업 유형, 사업 기간, 사업비, 분야]",entity,v124-d-016-entity-00054,D-016_ministry_local_project_registry,VNM,,,,,,,,,베트남 연안 수산자원조성·관리 모델 구축,,,"{""38대_기후기술"":""34 농축수산 부문 기술"",""CRS번호"":""2020000487"",""Rio_Marker"":""태깅 없음"",""구분태그"":null,""기관유형"":""정부부처(중앙행정기관)"",""기술매핑_근거"":""원천분류 · DAC 31320 어업 개발"",""기준연도"":null,""대표금액"":1095138,""레코드구분"":""개별"",""명칭"":""베트남 연안 수산자원조성·관리 모델 구축"",""보고기관"":""해양수산부"",""보고연도"":""2020~2022(3개 연도행 합산)"",""분야_DAC"":""어업 개발(31320)"",""사업기간"":""2018-06-04~2022-12-18"",""사업번호"":""GRP_0000143260"",""상태"":""완료"",""시행기관"":""한국수산자원공단"",""약정액_합계"":""1,095,138 USD"",""원조유형"":""프로젝트 원조"",""원지표ID"":null,""자금형태"":""무상, 출연(분담금 포함)"",""지출액_합계"":""1,092,596 USD"",""참고"":null}",,,국무조정실 ODA Korea 통합 통계(OECD CRS 보고 원자료) — 한국수출입은행(EDCF)·한국국제협력단(KOICA)·정부부처·지방자치단체 제출분,https://stats.odakorea.go.kr/portal/oda/spot/statistics,공공누리 제1유형(출처표시),D-016.xlsx,1.2_entity(레코드형),54,
D-016,"지자체·정부부처 프로젝트[사업명, 수원국, 시행기관(부처/지자체명), 사업 유형, 사업 기간, 사업비, 분야]",entity,v124-d-016-entity-00055,D-016_ministry_local_project_registry,VNM,,,,,,,,,스마트 기술을 이용한 지속가능한 양식 산업 개발 지원 사업,,,"{""38대_기후기술"":""34 농축수산 부문 기술"",""CRS번호"":""2020000502"",""Rio_Marker"":""태깅 없음"",""구분태그"":null,""기관유형"":""정부부처(중앙행정기관)"",""기술매핑_근거"":""원천분류 · DAC 31320 어업 개발"",""기준연도"":null,""대표금액"":4236829,""레코드구분"":""개별"",""명칭"":""스마트 기술을 이용한 지속가능한 양식 산업 개발 지원 사업"",""보고기관"":""해양수산부"",""보고연도"":""2020~2021(2개 연도행 합산)"",""분야_DAC"":""어업 개발(31320)"",""사업기간"":""2020-07-01~2025-06-30"",""사업번호"":""GRP_0000147836"",""상태"":""완료"",""시행기관"":""유엔식량농업기구"",""약정액_합계"":""4,236,829 USD"",""원조유형"":""프로젝트 원조"",""원지표ID"":null,""자금형태"":""무상, 출연(분담금 포함)"",""지출액_합계"":""1,551,670 USD"",""참고"":null}",,,국무조정실 ODA Korea 통합 통계(OECD CRS 보고 원자료) — 한국수출입은행(EDCF)·한국국제협력단(KOICA)·정부부처·지방자치단체 제출분,https://stats.odakorea.go.kr/portal/oda/spot/statistics,공공누리 제1유형(출처표시),D-016.xlsx,1.2_entity(레코드형),12,
D-016,"지자체·정부부처 프로젝트[사업명, 수원국, 시행기관(부처/지자체명), 사업 유형, 사업 기간, 사업비, 분야]",entity,v124-d-016-entity-00056,D-016_ministry_local_project_registry,VNM,,,,,,,,,베트남 해외농업기술개발사업(KOPIA) 3차 사업,,,"{""38대_기후기술"":""34 농축수산 부문 기술"",""CRS번호"":""2020000524"",""Rio_Marker"":""태깅 없음"",""구분태그"":null,""기관유형"":""정부부처(중앙행정기관)"",""기술매핑_근거"":""원천분류 · DAC 31120 농업 개발"",""기준연도"":null,""대표금액"":882044,""레코드구분"":""개별"",""명칭"":""베트남 해외농업기술개발사업(KOPIA) 3차 사업"",""보고기관"":""농촌진흥청"",""보고연도"":""2020~2020(1개 연도행 합산)"",""분야_DAC"":""농업 개발(31120)"",""사업기간"":""2019-01-01~2023-12-31"",""사업번호"":""GRP_0000145441_020"",""상태"":""완료"",""시행기관"":""농촌진흥청"",""약정액_합계"":""882,044 USD"",""원조유형"":""프로젝트 원조"",""원지표ID"":null,""자금형태"":""무상, 출연(분담금 포함)"",""지출액_합계"":""882,044 USD"",""참고"":null}",,,국무조정실 ODA Korea 통합 통계(OECD CRS 보고 원자료) — 한국수출입은행(EDCF)·한국국제협력단(KOICA)·정부부처·지방자치단체 제출분,https://stats.odakorea.go.kr/portal/oda/spot/statistics,공공누리 제1유형(출처표시),D-016.xlsx,1.2_entity(레코드형),63,
D-016,"지자체·정부부처 프로젝트[사업명, 수원국, 시행기관(부처/지자체명), 사업 유형, 사업 기간, 사업비, 분야]",entity,v124-d-016-entity-00057,D-016_ministry_local_project_registry,VNM,,,,,,,,,한-아시아 농식품 기술협력 협의체(AFACI)운영,,,"{""38대_기후기술"":""34 농축수산 부문 기술"",""CRS번호"":""2020000562"",""Rio_Marker"":""태깅 없음"",""구분태그"":null,""기관유형"":""정부부처(중앙행정기관)"",""기술매핑_근거"":""원천분류 · DAC 31120 농업 개발"",""기준연도"":null,""대표금액"":203049,""레코드구분"":""개별"",""명칭"":""한-아시아 농식품 기술협력 협의체(AFACI)운영"",""보고기관"":""농촌진흥청"",""보고연도"":""2020~2020(1개 연도행 합산)"",""분야_DAC"":""농업 개발(31120)"",""사업기간"":""2020-01-01~2024-12-31"",""사업번호"":""GRP_0000143121_014"",""상태"":""완료"",""시행기관"":""농촌진흥청"",""약정액_합계"":""203,049 USD"",""원조유형"":""프로젝트 원조"",""원지표ID"":null,""자금형태"":""무상, 출연(분담금 포함)"",""지출액_합계"":""203,049 USD"",""참고"":null}",,,국무조정실 ODA Korea 통합 통계(OECD CRS 보고 원자료) — 한국수출입은행(EDCF)·한국국제협력단(KOICA)·정부부처·지방자치단체 제출분,https://stats.odakorea.go.kr/portal/oda/spot/statistics,공공누리 제1유형(출처표시),D-016.xlsx,1.2_entity(레코드형),134,
D-016,"지자체·정부부처 프로젝트[사업명, 수원국, 시행기관(부처/지자체명), 사업 유형, 사업 기간, 사업비, 분야]",entity,v124-d-016-entity-00058,D-016_ministry_local_project_registry,VNM,,,,,,,,,저개발국 새마을 시범마을조성,,,"{""38대_기후기술"":""34 농축수산 부문 기술"",""CRS번호"":""2020000658"",""Rio_Marker"":""태깅 없음"",""구분태그"":null,""기관유형"":""지자체"",""기술매핑_근거"":""키워드 · 분야(DAC) '농촌'"",""기준연도"":null,""대표금액"":2351081,""레코드구분"":""개별"",""명칭"":""저개발국 새마을 시범마을조성"",""보고기관"":""지방자치단체(경상북도)"",""보고연도"":""2020~2021(2개 연도행 합산)"",""분야_DAC"":""농촌개발(43040)"",""사업기간"":""2014-01-01~2023-12-31"",""사업번호"":""GRP_0000145391_003"",""상태"":""완료"",""시행기관"":""새마을세계화재단"",""약정액_합계"":""2,351,081 USD"",""원조유형"":""프로젝트 원조"",""원지표ID"":null,""자금형태"":""무상, 출연(분담금 포함)"",""지출액_합계"":""2,351,081 USD"",""참고"":null}",,,국무조정실 ODA Korea 통합 통계(OECD CRS 보고 원자료) — 한국수출입은행(EDCF)·한국국제협력단(KOICA)·정부부처·지방자치단체 제출분,https://stats.odakorea.go.kr/portal/oda/spot/statistics,공공누리 제1유형(출처표시),D-016.xlsx,1.2_entity(레코드형),30,
D-016,"지자체·정부부처 프로젝트[사업명, 수원국, 시행기관(부처/지자체명), 사업 유형, 사업 기간, 사업비, 분야]",entity,v124-d-016-entity-00059,D-016_ministry_local_project_registry,VNM,,,,,,,,,개발도상국 새마을시범마을조성(베트남),,,"{""38대_기후기술"":""34 농축수산 부문 기술"",""CRS번호"":""2020000661b"",""Rio_Marker"":""태깅 없음"",""구분태그"":null,""기관유형"":""지자체"",""기술매핑_근거"":""키워드 · 분야(DAC) '농촌'"",""기준연도"":null,""대표금액"":859452,""레코드구분"":""개별"",""명칭"":""개발도상국 새마을시범마을조성(베트남)"",""보고기관"":""지방자치단체(경상북도)"",""보고연도"":""2022~2023(2개 연도행 합산)"",""분야_DAC"":""농촌개발(43040)"",""사업기간"":""2014-01-01~2023-12-31"",""사업번호"":""GRP_0000145391_002"",""상태"":""완료"",""시행기관"":""새마을세계화재단"",""약정액_합계"":""859,452 USD"",""원조유형"":""프로젝트 원조"",""원지표ID"":null,""자금형태"":""무상, 출연(분담금 포함)"",""지출액_합계"":""859,452 USD"",""참고"":null}",,,국무조정실 ODA Korea 통합 통계(OECD CRS 보고 원자료) — 한국수출입은행(EDCF)·한국국제협력단(KOICA)·정부부처·지방자치단체 제출분,https://stats.odakorea.go.kr/portal/oda/spot/statistics,공공누리 제1유형(출처표시),D-016.xlsx,1.2_entity(레코드형),64,
D-016,"지자체·정부부처 프로젝트[사업명, 수원국, 시행기관(부처/지자체명), 사업 유형, 사업 기간, 사업비, 분야]",entity,v124-d-016-entity-00060,D-016_ministry_local_project_registry,VNM,,,,,,,,,타당성 조사 등(베트남 고추산업의 지속가능한 가치사슬구축 사업),,,"{""38대_기후기술"":""34 농축수산 부문 기술"",""CRS번호"":""2020003812"",""Rio_Marker"":""태깅 없음"",""구분태그"":null,""기관유형"":""정부부처(중앙행정기관)"",""기술매핑_근거"":""원천분류 · DAC 31110 농업정책 및 행정관리"",""기준연도"":null,""대표금액"":42368,""레코드구분"":""개별"",""명칭"":""타당성 조사 등(베트남 고추산업의 지속가능한 가치사슬구축 사업)"",""보고기관"":""농림축산식품부"",""보고연도"":""2020~2020(1개 연도행 합산)"",""분야_DAC"":""농업정책 및 행정관리(31110)"",""사업기간"":""2020-01-01~2020-12-31"",""사업번호"":""STS_0000413034"",""상태"":""완료"",""시행기관"":""한국농어촌공사"",""약정액_합계"":""42,368 USD"",""원조유형"":""프로젝트 원조"",""원지표ID"":null,""자금형태"":""무상, 출연(분담금 포함)"",""지출액_합계"":""42,368 USD"",""참고"":null}",,,국무조정실 ODA Korea 통합 통계(OECD CRS 보고 원자료) — 한국수출입은행(EDCF)·한국국제협력단(KOICA)·정부부처·지방자치단체 제출분,https://stats.odakorea.go.kr/portal/oda/spot/statistics,공공누리 제1유형(출처표시),D-016.xlsx,1.2_entity(레코드형),197,
D-016,"지자체·정부부처 프로젝트[사업명, 수원국, 시행기관(부처/지자체명), 사업 유형, 사업 기간, 사업비, 분야]",entity,v124-d-016-entity-00061,D-016_ministry_local_project_registry,VNM,,,,,,,,,타당성 조사 등(베트남 스마트안전 농식품 가치사슬구축 사업),,,"{""38대_기후기술"":""34 농축수산 부문 기술"",""CRS번호"":""2020003813"",""Rio_Marker"":""태깅 없음"",""구분태그"":null,""기관유형"":""정부부처(중앙행정기관)"",""기술매핑_근거"":""원천분류 · DAC 31110 농업정책 및 행정관리"",""기준연도"":null,""대표금액"":42368,""레코드구분"":""개별"",""명칭"":""타당성 조사 등(베트남 스마트안전 농식품 가치사슬구축 사업)"",""보고기관"":""농림축산식품부"",""보고연도"":""2020~2020(1개 연도행 합산)"",""분야_DAC"":""농업정책 및 행정관리(31110)"",""사업기간"":""2020-01-01~2020-12-31"",""사업번호"":""STS_0000413035"",""상태"":""완료"",""시행기관"":""한국농어촌공사"",""약정액_합계"":""42,368 USD"",""원조유형"":""프로젝트 원조"",""원지표ID"":null,""자금형태"":""무상, 출연(분담금 포함)"",""지출액_합계"":""42,368 USD"",""참고"":null}",,,국무조정실 ODA Korea 통합 통계(OECD CRS 보고 원자료) — 한국수출입은행(EDCF)·한국국제협력단(KOICA)·정부부처·지방자치단체 제출분,https://stats.odakorea.go.kr/portal/oda/spot/statistics,공공누리 제1유형(출처표시),D-016.xlsx,1.2_entity(레코드형),196,
D-016,"지자체·정부부처 프로젝트[사업명, 수원국, 시행기관(부처/지자체명), 사업 유형, 사업 기간, 사업비, 분야]",entity,v124-d-016-entity-00062,D-016_ministry_local_project_registry,VNM,,,,,,,,,지식재산 활용 과학기술 지원(공동연구) : 베트남 가축 강건성 향상 유전체 기술개발 사업,,,"{""38대_기후기술"":""34 농축수산 부문 기술"",""CRS번호"":""2021000302"",""Rio_Marker"":""태깅 없음"",""구분태그"":null,""기관유형"":""정부부처(중앙행정기관)"",""기술매핑_근거"":""원천분류 · DAC 31163 축산"",""기준연도"":null,""대표금액"":1092222,""레코드구분"":""개별"",""명칭"":""지식재산 활용 과학기술 지원(공동연구) : 베트남 가축 강건성 향상 유전체 기술개발 사업"",""보고기관"":""과학기술정보통신부"",""보고연도"":""2021~2023(3개 연도행 합산)"",""분야_DAC"":""축산(31163)"",""사업기간"":""2021-07-01~2024-06-30"",""사업번호"":""1721000_2021_003"",""상태"":""완료"",""시행기관"":""한국연구재단"",""약정액_합계"":""1,092,222 USD"",""원조유형"":""프로젝트 원조"",""원지표ID"":null,""자금형태"":""무상, 출연(분담금 포함)"",""지출액_합계"":""988,463 USD"",""참고"":null}",,,국무조정실 ODA Korea 통합 통계(OECD CRS 보고 원자료) — 한국수출입은행(EDCF)·한국국제협력단(KOICA)·정부부처·지방자치단체 제출분,https://stats.odakorea.go.kr/portal/oda/spot/statistics,공공누리 제1유형(출처표시),D-016.xlsx,1.2_entity(레코드형),55,
D-016,"지자체·정부부처 프로젝트[사업명, 수원국, 시행기관(부처/지자체명), 사업 유형, 사업 기간, 사업비, 분야]",entity,v124-d-016-entity-00063,D-016_ministry_local_project_registry,VNM,,,,,,,,,베트남 남부지역 스마트 생산 및 신선 유통 체계 구축 시범사업,,,"{""38대_기후기술"":""34 농축수산 부문 기술"",""CRS번호"":""2021000531"",""Rio_Marker"":""태깅 없음"",""구분태그"":null,""기관유형"":""정부부처(중앙행정기관)"",""기술매핑_근거"":""원천분류 · DAC 31120 농업 개발"",""기준연도"":null,""대표금액"":3483945,""레코드구분"":""개별"",""명칭"":""베트남 남부지역 스마트 생산 및 신선 유통 체계 구축 시범사업"",""보고기관"":""농림축산식품부"",""보고연도"":""2021~2023(3개 연도행 합산)"",""분야_DAC"":""농업 개발(31120)"",""사업기간"":""2021-01-01~2024-12-31"",""사업번호"":""1543000_2021_003"",""상태"":""완료"",""시행기관"":""농림수산식품교육문화정보원"",""약정액_합계"":""3,483,945 USD"",""원조유형"":""프로젝트 원조"",""원지표ID"":null,""자금형태"":""무상, 출연(분담금 포함)"",""지출액_합계"":""2,497,767 USD"",""참고"":null}",,,국무조정실 ODA Korea 통합 통계(OECD CRS 보고 원자료) — 한국수출입은행(EDCF)·한국국제협력단(KOICA)·정부부처·지방자치단체 제출분,https://stats.odakorea.go.kr/portal/oda/spot/statistics,공공누리 제1유형(출처표시),D-016.xlsx,1.2_entity(레코드형),20,
D-016,"지자체·정부부처 프로젝트[사업명, 수원국, 시행기관(부처/지자체명), 사업 유형, 사업 기간, 사업비, 분야]",entity,v124-d-016-entity-00064,D-016_ministry_local_project_registry,VNM,,,,,,,,,타당성 조사 등(베트남 가축질병진단센터 역량강화 지원사업(2차)),,,"{""38대_기후기술"":""34 농축수산 부문 기술"",""CRS번호"":""2021000576g"",""Rio_Marker"":""태깅 없음"",""구분태그"":null,""기관유형"":""정부부처(중앙행정기관)"",""기술매핑_근거"":""원천분류 · DAC 31120 농업 개발"",""기준연도"":null,""대표금액"":22677,""레코드구분"":""개별"",""명칭"":""타당성 조사 등(베트남 가축질병진단센터 역량강화 지원사업(2차))"",""보고기관"":""농림축산식품부"",""보고연도"":""2021~2021(1개 연도행 합산)"",""분야_DAC"":""농업 개발(31120)"",""사업기간"":""2021-01-01~2021-12-31"",""사업번호"":""1543000_2021_008_007"",""상태"":""완료"",""시행기관"":""한국농어촌공사"",""약정액_합계"":""22,677 USD"",""원조유형"":""프로젝트 원조"",""원지표ID"":null,""자금형태"":""무상, 출연(분담금 포함)"",""지출액_합계"":""22,677 USD"",""참고"":null}",,,국무조정실 ODA Korea 통합 통계(OECD CRS 보고 원자료) — 한국수출입은행(EDCF)·한국국제협력단(KOICA)·정부부처·지방자치단체 제출분,https://stats.odakorea.go.kr/portal/oda/spot/statistics,공공누리 제1유형(출처표시),D-016.xlsx,1.2_entity(레코드형),215,
D-016,"지자체·정부부처 프로젝트[사업명, 수원국, 시행기관(부처/지자체명), 사업 유형, 사업 기간, 사업비, 분야]",entity,v124-d-016-entity-00065,D-016_ministry_local_project_registry,VNM,,,,,,,,,타당성 조사 등(베트남 남부지역 양돈산업 가치사슬 향상 및 K-방역 대응체계 구축(1단계)),,,"{""38대_기후기술"":""34 농축수산 부문 기술"",""CRS번호"":""2021000576h"",""Rio_Marker"":""태깅 없음"",""구분태그"":null,""기관유형"":""정부부처(중앙행정기관)"",""기술매핑_근거"":""원천분류 · DAC 31120 농업 개발"",""기준연도"":null,""대표금액"":24780,""레코드구분"":""개별"",""명칭"":""타당성 조사 등(베트남 남부지역 양돈산업 가치사슬 향상 및 K-방역 대응체계 구축(1단계))"",""보고기관"":""농림축산식품부"",""보고연도"":""2021~2021(1개 연도행 합산)"",""분야_DAC"":""농업 개발(31120)"",""사업기간"":""2021-01-01~2021-12-31"",""사업번호"":""1543000_2021_008_008"",""상태"":""완료"",""시행기관"":""한국농어촌공사"",""약정액_합계"":""24,780 USD"",""원조유형"":""프로젝트 원조"",""원지표ID"":null,""자금형태"":""무상, 출연(분담금 포함)"",""지출액_합계"":""24,780 USD"",""참고"":null}",,,국무조정실 ODA Korea 통합 통계(OECD CRS 보고 원자료) — 한국수출입은행(EDCF)·한국국제협력단(KOICA)·정부부처·지방자치단체 제출분,https://stats.odakorea.go.kr/portal/oda/spot/statistics,공공누리 제1유형(출처표시),D-016.xlsx,1.2_entity(레코드형),210,
D-016,"지자체·정부부처 프로젝트[사업명, 수원국, 시행기관(부처/지자체명), 사업 유형, 사업 기간, 사업비, 분야]",entity,v124-d-016-entity-00066,D-016_ministry_local_project_registry,VNM,,,,,,,,,사후관리(베트남 채소 계약재배 시범단지 조성사업),,,"{""38대_기후기술"":""34 농축수산 부문 기술"",""CRS번호"":""2021000577c"",""Rio_Marker"":""태깅 없음"",""구분태그"":null,""기관유형"":""정부부처(중앙행정기관)"",""기술매핑_근거"":""원천분류 · DAC 31120 농업 개발"",""기준연도"":null,""대표금액"":20366,""레코드구분"":""개별"",""명칭"":""사후관리(베트남 채소 계약재배 시범단지 조성사업)"",""보고기관"":""농림축산식품부"",""보고연도"":""2021~2021(1개 연도행 합산)"",""분야_DAC"":""농업 개발(31120)"",""사업기간"":""2021-01-01~2021-12-31"",""사업번호"":""1543000_2021_009_003"",""상태"":""완료"",""시행기관"":""한국농어촌공사"",""약정액_합계"":""20,366 USD"",""원조유형"":""프로젝트 원조"",""원지표ID"":null,""자금형태"":""무상, 출연(분담금 포함)"",""지출액_합계"":""20,366 USD"",""참고"":null}",,,국무조정실 ODA Korea 통합 통계(OECD CRS 보고 원자료) — 한국수출입은행(EDCF)·한국국제협력단(KOICA)·정부부처·지방자치단체 제출분,https://stats.odakorea.go.kr/portal/oda/spot/statistics,공공누리 제1유형(출처표시),D-016.xlsx,1.2_entity(레코드형),223,
D-016,"지자체·정부부처 프로젝트[사업명, 수원국, 시행기관(부처/지자체명), 사업 유형, 사업 기간, 사업비, 분야]",entity,v124-d-016-entity-00067,D-016_ministry_local_project_registry,VNM,,,,,,,,,한-아시아 농식품 기술협력 협의체(AFACI)운영,,,"{""38대_기후기술"":""34 농축수산 부문 기술"",""CRS번호"":""2021000594"",""Rio_Marker"":""태깅 없음"",""구분태그"":null,""기관유형"":""정부부처(중앙행정기관)"",""기술매핑_근거"":""원천분류 · DAC 31120 농업 개발"",""기준연도"":null,""대표금액"":615766,""레코드구분"":""개별"",""명칭"":""한-아시아 농식품 기술협력 협의체(AFACI)운영"",""보고기관"":""농촌진흥청"",""보고연도"":""2021~2023(3개 연도행 합산)"",""분야_DAC"":""농업 개발(31120)"",""사업기간"":""2020-01-01~2024-12-31"",""사업번호"":""1390000_2019_021_014"",""상태"":""완료"",""시행기관"":""농촌진흥청"",""약정액_합계"":""615,766 USD"",""원조유형"":""프로젝트 원조"",""원지표ID"":null,""자금형태"":""무상, 출연(분담금 포함)"",""지출액_합계"":""581,257 USD"",""참고"":null}",,,국무조정실 ODA Korea 통합 통계(OECD CRS 보고 원자료) — 한국수출입은행(EDCF)·한국국제협력단(KOICA)·정부부처·지방자치단체 제출분,https://stats.odakorea.go.kr/portal/oda/spot/statistics,공공누리 제1유형(출처표시),D-016.xlsx,1.2_entity(레코드형),75,
D-016,"지자체·정부부처 프로젝트[사업명, 수원국, 시행기관(부처/지자체명), 사업 유형, 사업 기간, 사업비, 분야]",entity,v124-d-016-entity-00068,D-016_ministry_local_project_registry,VNM,,,,,,,,,베트남 해외농업기술개발사업(KOPIA) 3차 사업,,,"{""38대_기후기술"":""34 농축수산 부문 기술"",""CRS번호"":""2021000626"",""Rio_Marker"":""태깅 없음"",""구분태그"":null,""기관유형"":""정부부처(중앙행정기관)"",""기술매핑_근거"":""원천분류 · DAC 31120 농업 개발"",""기준연도"":null,""대표금액"":1118690,""레코드구분"":""개별"",""명칭"":""베트남 해외농업기술개발사업(KOPIA) 3차 사업"",""보고기관"":""농촌진흥청"",""보고연도"":""2021~2021(1개 연도행 합산)"",""분야_DAC"":""농업 개발(31120)"",""사업기간"":""2019-01-01~2023-12-31"",""사업번호"":""1390000_2020_002_020"",""상태"":""완료"",""시행기관"":""농촌진흥청"",""약정액_합계"":""1,118,690 USD"",""원조유형"":""프로젝트 원조"",""원지표ID"":null,""자금형태"":""무상, 출연(분담금 포함)"",""지출액_합계"":""1,118,690 USD"",""참고"":null}",,,국무조정실 ODA Korea 통합 통계(OECD CRS 보고 원자료) — 한국수출입은행(EDCF)·한국국제협력단(KOICA)·정부부처·지방자치단체 제출분,https://stats.odakorea.go.kr/portal/oda/spot/statistics,공공누리 제1유형(출처표시),D-016.xlsx,1.2_entity(레코드형),52,
D-016,"지자체·정부부처 프로젝트[사업명, 수원국, 시행기관(부처/지자체명), 사업 유형, 사업 기간, 사업비, 분야]",entity,v124-d-016-entity-00069,D-016_ministry_local_project_registry,VNM,,,,,,,,,ICT기반 인간·동물·환경의 공생관계 구축을 통한 베트남 건강증진사업(ILRI),,,"{""38대_기후기술"":""34 농축수산 부문 기술"",""CRS번호"":""2022000238"",""Rio_Marker"":""태깅 없음"",""구분태그"":null,""기관유형"":""정부부처(중앙행정기관)"",""기술매핑_근거"":""원천분류 · DAC 31163 축산"",""기준연도"":null,""대표금액"":3735749,""레코드구분"":""개별"",""명칭"":""ICT기반 인간·동물·환경의 공생관계 구축을 통한 베트남 건강증진사업(ILRI)"",""보고기관"":""농림축산식품부"",""보고연도"":""2022~2023(2개 연도행 합산)"",""분야_DAC"":""축산(31163)"",""사업기간"":""2022-08-31~2025-12-31"",""사업번호"":""1543000_2022_018"",""상태"":""완료"",""시행기관"":""국제축산연구소"",""약정액_합계"":""3,735,749 USD"",""원조유형"":""프로젝트 원조"",""원지표ID"":null,""자금형태"":""무상, 출연(분담금 포함)"",""지출액_합계"":""1,432,837 USD"",""참고"":null}",,,국무조정실 ODA Korea 통합 통계(OECD CRS 보고 원자료) — 한국수출입은행(EDCF)·한국국제협력단(KOICA)·정부부처·지방자치단체 제출분,https://stats.odakorea.go.kr/portal/oda/spot/statistics,공공누리 제1유형(출처표시),D-016.xlsx,1.2_entity(레코드형),17,
D-016,"지자체·정부부처 프로젝트[사업명, 수원국, 시행기관(부처/지자체명), 사업 유형, 사업 기간, 사업비, 분야]",entity,v124-d-016-entity-00070,D-016_ministry_local_project_registry,VNM,,,,,,,,,베트남 국립가축질병센터 역량강화지원사업(2차),,,"{""38대_기후기술"":""34 농축수산 부문 기술"",""CRS번호"":""2022000251"",""Rio_Marker"":""태깅 없음"",""구분태그"":null,""기관유형"":""정부부처(중앙행정기관)"",""기술매핑_근거"":""원천분류 · DAC 31195 축산 진료"",""기준연도"":null,""대표금액"":6457785,""레코드구분"":""개별"",""명칭"":""베트남 국립가축질병센터 역량강화지원사업(2차)"",""보고기관"":""농림축산식품부"",""보고연도"":""2022~2023(2개 연도행 합산)"",""분야_DAC"":""축산 진료(31195)"",""사업기간"":""2022-01-01~2025-12-31"",""사업번호"":""1543000_2022_001"",""상태"":""완료"",""시행기관"":""한국농어촌공사"",""약정액_합계"":""6,457,785 USD"",""원조유형"":""프로젝트 원조"",""원지표ID"":null,""자금형태"":""무상, 출연(분담금 포함)"",""지출액_합계"":""1,814,793 USD"",""참고"":null}",,,국무조정실 ODA Korea 통합 통계(OECD CRS 보고 원자료) — 한국수출입은행(EDCF)·한국국제협력단(KOICA)·정부부처·지방자치단체 제출분,https://stats.odakorea.go.kr/portal/oda/spot/statistics,공공누리 제1유형(출처표시),D-016.xlsx,1.2_entity(레코드형),8,
D-016,"지자체·정부부처 프로젝트[사업명, 수원국, 시행기관(부처/지자체명), 사업 유형, 사업 기간, 사업비, 분야]",entity,v124-d-016-entity-00071,D-016_ministry_local_project_registry,VNM,,,,,,,,,베트남 닌빈성 양돈 고품질화 스마트팜 사업,,,"{""38대_기후기술"":""34 농축수산 부문 기술"",""CRS번호"":""2022000260"",""Rio_Marker"":""태깅 없음"",""구분태그"":null,""기관유형"":""정부부처(중앙행정기관)"",""기술매핑_근거"":""원천분류 · DAC 31120 농업 개발"",""기준연도"":null,""대표금액"":4050177,""레코드구분"":""개별"",""명칭"":""베트남 닌빈성 양돈 고품질화 스마트팜 사업"",""보고기관"":""농림축산식품부"",""보고연도"":""2022~2023(2개 연도행 합산)"",""분야_DAC"":""농업 개발(31120)"",""사업기간"":""2022-01-01~2024-12-31"",""사업번호"":""1543000_2022_019"",""상태"":""완료"",""시행기관"":""농림수산식품교육문화정보원"",""약정액_합계"":""4,050,177 USD"",""원조유형"":""프로젝트 원조"",""원지표ID"":null,""자금형태"":""무상, 출연(분담금 포함)"",""지출액_합계"":""2,059,123 USD"",""참고"":null}",,,국무조정실 ODA Korea 통합 통계(OECD CRS 보고 원자료) — 한국수출입은행(EDCF)·한국국제협력단(KOICA)·정부부처·지방자치단체 제출분,https://stats.odakorea.go.kr/portal/oda/spot/statistics,공공누리 제1유형(출처표시),D-016.xlsx,1.2_entity(레코드형),14,
D-016,"지자체·정부부처 프로젝트[사업명, 수원국, 시행기관(부처/지자체명), 사업 유형, 사업 기간, 사업비, 분야]",entity,v124-d-016-entity-00072,D-016_ministry_local_project_registry,VNM,,,,,,,,,"특허 R&D
(베트남 가축 강건성 향상 유전체 기술개발 사업)",,,"{""38대_기후기술"":""34 농축수산 부문 기술"",""CRS번호"":""2022000392"",""Rio_Marker"":""태깅 없음"",""구분태그"":null,""기관유형"":""정부부처(중앙행정기관)"",""기술매핑_근거"":""원천분류 · DAC 31182 농업 연구"",""기준연도"":null,""대표금액"":73114,""레코드구분"":""개별"",""명칭"":""특허 R&D\n(베트남 가축 강건성 향상 유전체 기술개발 사업)"",""보고기관"":""특허청"",""보고연도"":""2021~2023(3개 연도행 합산)"",""분야_DAC"":""농업 연구(31182)"",""사업기간"":""2021-02-22~2023-12-31"",""사업번호"":""1430000_2021_003"",""상태"":""완료"",""시행기관"":""특허청"",""약정액_합계"":""73,114 USD"",""원조유형"":""프로젝트 원조"",""원지표ID"":null,""자금형태"":""무상, 출연(분담금 포함)"",""지출액_합계"":""106,874 USD"",""참고"":null}",,,국무조정실 ODA Korea 통합 통계(OECD CRS 보고 원자료) — 한국수출입은행(EDCF)·한국국제협력단(KOICA)·정부부처·지방자치단체 제출분,https://stats.odakorea.go.kr/portal/oda/spot/statistics,공공누리 제1유형(출처표시),D-016.xlsx,1.2_entity(레코드형),181,
D-016,"지자체·정부부처 프로젝트[사업명, 수원국, 시행기관(부처/지자체명), 사업 유형, 사업 기간, 사업비, 분야]",entity,v124-d-016-entity-00073,D-016_ministry_local_project_registry,VNM,,,,,,,,,베트남 해외농업기술개발사업(KOPIA) 3차 사업,,,"{""38대_기후기술"":""34 농축수산 부문 기술"",""CRS번호"":""2022000439"",""Rio_Marker"":""태깅 없음"",""구분태그"":null,""기관유형"":""정부부처(중앙행정기관)"",""기술매핑_근거"":""원천분류 · DAC 31120 농업 개발"",""기준연도"":null,""대표금액"":1636401,""레코드구분"":""개별"",""명칭"":""베트남 해외농업기술개발사업(KOPIA) 3차 사업"",""보고기관"":""농촌진흥청"",""보고연도"":""2022~2023(2개 연도행 합산)"",""분야_DAC"":""농업 개발(31120)"",""사업기간"":""2019-01-01~2023-12-31"",""사업번호"":""1390000_2019_001"",""상태"":""완료"",""시행기관"":""농촌진흥청"",""약정액_합계"":""1,636,401 USD"",""원조유형"":""프로젝트 원조"",""원지표ID"":null,""자금형태"":""무상, 출연(분담금 포함)"",""지출액_합계"":""1,594,228 USD"",""참고"":null}",,,국무조정실 ODA Korea 통합 통계(OECD CRS 보고 원자료) — 한국수출입은행(EDCF)·한국국제협력단(KOICA)·정부부처·지방자치단체 제출분,https://stats.odakorea.go.kr/portal/oda/spot/statistics,공공누리 제1유형(출처표시),D-016.xlsx,1.2_entity(레코드형),42,
D-016,"지자체·정부부처 프로젝트[사업명, 수원국, 시행기관(부처/지자체명), 사업 유형, 사업 기간, 사업비, 분야]",entity,v124-d-016-entity-00074,D-016_ministry_local_project_registry,VNM,,,,,,,,,타당성 조사 등(베트남 참깨 가치사슬 강화사업),,,"{""38대_기후기술"":""34 농축수산 부문 기술"",""CRS번호"":""2022002991"",""Rio_Marker"":""태깅 없음"",""구분태그"":null,""기관유형"":""정부부처(중앙행정기관)"",""기술매핑_근거"":""원천분류 · DAC 31120 농업 개발"",""기준연도"":null,""대표금액"":44102,""레코드구분"":""개별"",""명칭"":""타당성 조사 등(베트남 참깨 가치사슬 강화사업)"",""보고기관"":""농림축산식품부"",""보고연도"":""2022~2022(1개 연도행 합산)"",""분야_DAC"":""농업 개발(31120)"",""사업기간"":""2022-01-01~2022-12-31"",""사업번호"":""STS_0000490674"",""상태"":""완료"",""시행기관"":""한국농어촌공사"",""약정액_합계"":""44,102 USD"",""원조유형"":""프로젝트 원조"",""원지표ID"":null,""자금형태"":""무상, 출연(분담금 포함)"",""지출액_합계"":""44,102 USD"",""참고"":null}",,,국무조정실 ODA Korea 통합 통계(OECD CRS 보고 원자료) — 한국수출입은행(EDCF)·한국국제협력단(KOICA)·정부부처·지방자치단체 제출분,https://stats.odakorea.go.kr/portal/oda/spot/statistics,공공누리 제1유형(출처표시),D-016.xlsx,1.2_entity(레코드형),192,
D-016,"지자체·정부부처 프로젝트[사업명, 수원국, 시행기관(부처/지자체명), 사업 유형, 사업 기간, 사업비, 분야]",entity,v124-d-016-entity-00075,D-016_ministry_local_project_registry,VNM,,,,,,,,,아시아산림협력기구 협력사업,,,"{""38대_기후기술"":""35 산림·생태계 부문 기술"",""CRS번호"":""2011000696"",""Rio_Marker"":""태깅 없음"",""구분태그"":null,""기관유형"":""정부부처(중앙행정기관)"",""기술매핑_근거"":""원천분류 · DAC 31210 임업정책 및 행정관리"",""기준연도"":null,""대표금액"":100000,""레코드구분"":""개별"",""명칭"":""아시아산림협력기구 협력사업"",""보고기관"":""산림청"",""보고연도"":""2011~2011(1개 연도행 합산)"",""분야_DAC"":""임업정책 및 행정관리(31210)"",""사업기간"":""2011-01-01~2011-12-31"",""사업번호"":""20111150010_007"",""상태"":""완료"",""시행기관"":""원천 미기재"",""약정액_합계"":""100,000 USD"",""원조유형"":""프로젝트 원조"",""원지표ID"":null,""자금형태"":""무상, 출연(분담금 포함)"",""지출액_합계"":""100,000 USD"",""참고"":null}",,,국무조정실 ODA Korea 통합 통계(OECD CRS 보고 원자료) — 한국수출입은행(EDCF)·한국국제협력단(KOICA)·정부부처·지방자치단체 제출분,https://stats.odakorea.go.kr/portal/oda/spot/statistics,공공누리 제1유형(출처표시),D-016.xlsx,1.2_entity(레코드형),168,
D-016,"지자체·정부부처 프로젝트[사업명, 수원국, 시행기관(부처/지자체명), 사업 유형, 사업 기간, 사업비, 분야]",entity,v124-d-016-entity-00076,D-016_ministry_local_project_registry,VNM,,,,,,,,,베트남 맹그로브 숲 조성사업,,,"{""38대_기후기술"":""35 산림·생태계 부문 기술"",""CRS번호"":""2020000079"",""Rio_Marker"":""태깅 없음"",""구분태그"":null,""기관유형"":""정부부처(중앙행정기관)"",""기술매핑_근거"":""원천분류 · DAC 31220 임업 개발"",""기준연도"":null,""대표금액"":3620505,""레코드구분"":""개별"",""명칭"":""베트남 맹그로브 숲 조성사업"",""보고기관"":""산림청"",""보고연도"":""2020~2023(4개 연도행 합산)"",""분야_DAC"":""임업 개발(31220)"",""사업기간"":""2020-01-01~2025-12-31"",""사업번호"":""GRP_0000151530"",""상태"":""완료"",""시행기관"":""산림청"",""약정액_합계"":""3,620,505 USD"",""원조유형"":""프로젝트 원조"",""원지표ID"":null,""자금형태"":""무상, 출연(분담금 포함)"",""지출액_합계"":""2,837,499 USD"",""참고"":null}",,,국무조정실 ODA Korea 통합 통계(OECD CRS 보고 원자료) — 한국수출입은행(EDCF)·한국국제협력단(KOICA)·정부부처·지방자치단체 제출분,https://stats.odakorea.go.kr/portal/oda/spot/statistics,공공누리 제1유형(출처표시),D-016.xlsx,1.2_entity(레코드형),18,
D-016,"지자체·정부부처 프로젝트[사업명, 수원국, 시행기관(부처/지자체명), 사업 유형, 사업 기간, 사업비, 분야]",entity,v124-d-016-entity-00077,D-016_ministry_local_project_registry,VNM,,,,,,,,,(22/23 KSP Plus) 베트남 클러스터 기반 창업지원센터 개발 운영을 통한 창업생태계 활성화 방안,,,"{""38대_기후기술"":""35 산림·생태계 부문 기술"",""CRS번호"":""2022000050"",""Rio_Marker"":""태깅 없음"",""구분태그"":null,""기관유형"":""정부부처(중앙행정기관)"",""기술매핑_근거"":""키워드 · 사업명 '생태계'"",""기준연도"":null,""대표금액"":329872,""레코드구분"":""개별"",""명칭"":""(22/23 KSP Plus) 베트남 클러스터 기반 창업지원센터 개발 운영을 통한 창업생태계 활성화 방안"",""보고기관"":""기획재정부"",""보고연도"":""2022~2023(2개 연도행 합산)"",""분야_DAC"":""중소기업 개발(32130)"",""사업기간"":""2022-06-01~2023-11-30"",""사업번호"":""GRP_0000194052"",""상태"":""완료"",""시행기관"":""한국개발연구원"",""약정액_합계"":""329,872 USD"",""원조유형"":""프로젝트 원조"",""원지표ID"":null,""자금형태"":""무상, 출연(분담금 포함)"",""지출액_합계"":""247,568 USD"",""참고"":null}",,,국무조정실 ODA Korea 통합 통계(OECD CRS 보고 원자료) — 한국수출입은행(EDCF)·한국국제협력단(KOICA)·정부부처·지방자치단체 제출분,https://stats.odakorea.go.kr/portal/oda/spot/statistics,공공누리 제1유형(출처표시),D-016.xlsx,1.2_entity(레코드형),111,
D-016,"지자체·정부부처 프로젝트[사업명, 수원국, 시행기관(부처/지자체명), 사업 유형, 사업 기간, 사업비, 분야]",entity,v124-d-016-entity-00078,D-016_ministry_local_project_registry,VNM,,,,,,,,,전략적투자대상국 교육정보화 지원,,,"{""38대_기후기술"":null,""CRS번호"":""2010000180"",""Rio_Marker"":""태깅 없음"",""구분태그"":null,""기관유형"":""정부부처(중앙행정기관)"",""기술매핑_근거"":""미매핑(N3) · 기후기술 비대상 분야 · DAC 11120 교육시설 및 특별연수"",""기준연도"":null,""대표금액"":102099,""레코드구분"":""개별"",""명칭"":""전략적투자대상국 교육정보화 지원"",""보고기관"":""교육부"",""보고연도"":""2010~2010(1개 연도행 합산)"",""분야_DAC"":""교육시설 및 특별연수(11120)"",""사업기간"":""2010-01-01~2010-12-31"",""사업번호"":""20101610002"",""상태"":""완료"",""시행기관"":""원천 미기재"",""약정액_합계"":""102,099 USD"",""원조유형"":""프로젝트 원조"",""원지표ID"":null,""자금형태"":""무상, 출연(분담금 포함)"",""지출액_합계"":""102,099 USD"",""참고"":null}",,,국무조정실 ODA Korea 통합 통계(OECD CRS 보고 원자료) — 한국수출입은행(EDCF)·한국국제협력단(KOICA)·정부부처·지방자치단체 제출분,https://stats.odakorea.go.kr/portal/oda/spot/statistics,공공누리 제1유형(출처표시),D-016.xlsx,1.2_entity(레코드형),167,
D-016,"지자체·정부부처 프로젝트[사업명, 수원국, 시행기관(부처/지자체명), 사업 유형, 사업 기간, 사업비, 분야]",entity,v124-d-016-entity-00079,D-016_ministry_local_project_registry,VNM,,,,,,,,,개도국 여성을 위한 현지 IT 방문교육,,,"{""38대_기후기술"":null,""CRS번호"":""2010000351"",""Rio_Marker"":""태깅 없음"",""구분태그"":null,""기관유형"":""정부부처(중앙행정기관)"",""기술매핑_근거"":""미매핑(N3) · 기후기술 비대상 분야 · DAC 22040 정보통신기술"",""기준연도"":null,""대표금액"":48321,""레코드구분"":""개별"",""명칭"":""개도국 여성을 위한 현지 IT 방문교육"",""보고기관"":""여성가족부"",""보고연도"":""2010~2010(1개 연도행 합산)"",""분야_DAC"":""정보통신기술(22040)"",""사업기간"":""2010-09-06~2010-09-10"",""사업번호"":""20101710004_001"",""상태"":""완료"",""시행기관"":""원천 미기재"",""약정액_합계"":""48,321 USD"",""원조유형"":""프로젝트 원조"",""원지표ID"":null,""자금형태"":""무상, 출연(분담금 포함)"",""지출액_합계"":""48,321 USD"",""참고"":null}",,,국무조정실 ODA Korea 통합 통계(OECD CRS 보고 원자료) — 한국수출입은행(EDCF)·한국국제협력단(KOICA)·정부부처·지방자치단체 제출분,https://stats.odakorea.go.kr/portal/oda/spot/statistics,공공누리 제1유형(출처표시),D-016.xlsx,1.2_entity(레코드형),189,
D-016,"지자체·정부부처 프로젝트[사업명, 수원국, 시행기관(부처/지자체명), 사업 유형, 사업 기간, 사업비, 분야]",entity,v124-d-016-entity-00080,D-016_ministry_local_project_registry,VNM,,,,,,,,,한국교육 개발협력사업,,,"{""38대_기후기술"":null,""CRS번호"":""2010000468"",""Rio_Marker"":""태깅 없음"",""구분태그"":null,""기관유형"":""정부부처(중앙행정기관)"",""기술매핑_근거"":""미매핑(N3) · 기후기술 비대상 분야 · DAC 11110 교육정책 및 행정관리"",""기준연도"":null,""대표금액"":34620,""레코드구분"":""개별"",""명칭"":""한국교육 개발협력사업"",""보고기관"":""교육부"",""보고연도"":""2010~2010(1개 연도행 합산)"",""분야_DAC"":""교육정책 및 행정관리(11110)"",""사업기간"":""2010-03-25~2010-12-31"",""사업번호"":""20101610014_002"",""상태"":""완료"",""시행기관"":""원천 미기재"",""약정액_합계"":""34,620 USD"",""원조유형"":""프로젝트 원조"",""원지표ID"":null,""자금형태"":""무상, 출연(분담금 포함)"",""지출액_합계"":""34,620 USD"",""참고"":null}",,,국무조정실 ODA Korea 통합 통계(OECD CRS 보고 원자료) — 한국수출입은행(EDCF)·한국국제협력단(KOICA)·정부부처·지방자치단체 제출분,https://stats.odakorea.go.kr/portal/oda/spot/statistics,공공누리 제1유형(출처표시),D-016.xlsx,1.2_entity(레코드형),202,
D-016,"지자체·정부부처 프로젝트[사업명, 수원국, 시행기관(부처/지자체명), 사업 유형, 사업 기간, 사업비, 분야]",entity,v124-d-016-entity-00081,D-016_ministry_local_project_registry,VNM,,,,,,,,,베트남 농촌지역 주민 희망도서관 구축,,,"{""38대_기후기술"":null,""CRS번호"":""2010000586"",""Rio_Marker"":""태깅 없음"",""구분태그"":null,""기관유형"":""지자체"",""기술매핑_근거"":""미매핑(N3) · 기후기술 비대상 분야 · DAC 11120 교육시설 및 특별연수"",""기준연도"":null,""대표금액"":21637,""레코드구분"":""개별"",""명칭"":""베트남 농촌지역 주민 희망도서관 구축"",""보고기관"":""지방자치단체(경기도)"",""보고연도"":""2010~2010(1개 연도행 합산)"",""분야_DAC"":""교육시설 및 특별연수(11120)"",""사업기간"":""2010-03-01~2010-12-31"",""사업번호"":""20101130008"",""상태"":""완료"",""시행기관"":""원천 미기재"",""약정액_합계"":""21,637 USD"",""원조유형"":""프로젝트 원조"",""원지표ID"":null,""자금형태"":""무상, 출연(분담금 포함)"",""지출액_합계"":""21,637 USD"",""참고"":null}",,,국무조정실 ODA Korea 통합 통계(OECD CRS 보고 원자료) — 한국수출입은행(EDCF)·한국국제협력단(KOICA)·정부부처·지방자치단체 제출분,https://stats.odakorea.go.kr/portal/oda/spot/statistics,공공누리 제1유형(출처표시),D-016.xlsx,1.2_entity(레코드형),217,
D-016,"지자체·정부부처 프로젝트[사업명, 수원국, 시행기관(부처/지자체명), 사업 유형, 사업 기간, 사업비, 분야]",entity,v124-d-016-entity-00082,D-016_ministry_local_project_registry,VNM,,,,,,,,,개발도상국 교육정보화 지원,,,"{""38대_기후기술"":null,""CRS번호"":""2010000920"",""Rio_Marker"":""태깅 없음"",""구분태그"":null,""기관유형"":""정부부처(중앙행정기관)"",""기술매핑_근거"":""미매핑(N3) · 기후기술 비대상 분야 · DAC 11110 교육정책 및 행정관리"",""기준연도"":null,""대표금액"":106631,""레코드구분"":""개별"",""명칭"":""개발도상국 교육정보화 지원"",""보고기관"":""교육부"",""보고연도"":""2010~2010(1개 연도행 합산)"",""분야_DAC"":""교육정책 및 행정관리(11110)"",""사업기간"":""2010-01-01~2010-12-31"",""사업번호"":""20101610020_003"",""상태"":""완료"",""시행기관"":""원천 미기재"",""약정액_합계"":""106,631 USD"",""원조유형"":""프로젝트 원조"",""원지표ID"":null,""자금형태"":""무상, 출연(분담금 포함)"",""지출액_합계"":""106,631 USD"",""참고"":null}",,,국무조정실 ODA Korea 통합 통계(OECD CRS 보고 원자료) — 한국수출입은행(EDCF)·한국국제협력단(KOICA)·정부부처·지방자치단체 제출분,https://stats.odakorea.go.kr/portal/oda/spot/statistics,공공누리 제1유형(출처표시),D-016.xlsx,1.2_entity(레코드형),166,
D-016,"지자체·정부부처 프로젝트[사업명, 수원국, 시행기관(부처/지자체명), 사업 유형, 사업 기간, 사업비, 분야]",entity,v124-d-016-entity-00083,D-016_ministry_local_project_registry,VNM,,,,,,,,,2011년 한국교육 개발협력사업,,,"{""38대_기후기술"":null,""CRS번호"":""2011014014"",""Rio_Marker"":""태깅 없음"",""구분태그"":null,""기관유형"":""정부부처(중앙행정기관)"",""기술매핑_근거"":""미매핑(N3) · 기후기술 비대상 분야 · DAC 11110 교육정책 및 행정관리"",""기준연도"":null,""대표금액"":54185,""레코드구분"":""개별"",""명칭"":""2011년 한국교육 개발협력사업"",""보고기관"":""교육부"",""보고연도"":""2011~2011(1개 연도행 합산)"",""분야_DAC"":""교육정책 및 행정관리(11110)"",""사업기간"":""2011-04-01~2011-12-31"",""사업번호"":""20111610039_005"",""상태"":""완료"",""시행기관"":""원천 미기재"",""약정액_합계"":""54,185 USD"",""원조유형"":""프로젝트 원조"",""원지표ID"":null,""자금형태"":""무상, 출연(분담금 포함)"",""지출액_합계"":""54,185 USD"",""참고"":null}",,,국무조정실 ODA Korea 통합 통계(OECD CRS 보고 원자료) — 한국수출입은행(EDCF)·한국국제협력단(KOICA)·정부부처·지방자치단체 제출분,https://stats.odakorea.go.kr/portal/oda/spot/statistics,공공누리 제1유형(출처표시),D-016.xlsx,1.2_entity(레코드형),188,
D-016,"지자체·정부부처 프로젝트[사업명, 수원국, 시행기관(부처/지자체명), 사업 유형, 사업 기간, 사업비, 분야]",entity,v124-d-016-entity-00084,D-016_ministry_local_project_registry,VNM,,,,,,,,,개도국정보접근센터구축,,,"{""38대_기후기술"":null,""CRS번호"":""2012000051"",""Rio_Marker"":""태깅 없음"",""구분태그"":null,""기관유형"":""정부부처(중앙행정기관)"",""기술매핑_근거"":""미매핑(N3) · 기후기술 비대상 분야 · DAC 22040 정보통신기술"",""기준연도"":null,""대표금액"":444089,""레코드구분"":""개별"",""명칭"":""개도국정보접근센터구축"",""보고기관"":""(구)행정안전부"",""보고연도"":""2012~2012(1개 연도행 합산)"",""분야_DAC"":""정보통신기술(22040)"",""사업기간"":""2012-01-01~2012-12-31"",""사업번호"":""20121200002_07"",""상태"":""완료"",""시행기관"":""원천 미기재"",""약정액_합계"":""444,089 USD"",""원조유형"":""프로젝트 원조"",""원지표ID"":null,""자금형태"":""무상, 출연(분담금 포함)"",""지출액_합계"":""444,089 USD"",""참고"":null}",,,국무조정실 ODA Korea 통합 통계(OECD CRS 보고 원자료) — 한국수출입은행(EDCF)·한국국제협력단(KOICA)·정부부처·지방자치단체 제출분,https://stats.odakorea.go.kr/portal/oda/spot/statistics,공공누리 제1유형(출처표시),D-016.xlsx,1.2_entity(레코드형),93,
D-016,"지자체·정부부처 프로젝트[사업명, 수원국, 시행기관(부처/지자체명), 사업 유형, 사업 기간, 사업비, 분야]",entity,v124-d-016-entity-00085,D-016_ministry_local_project_registry,VNM,,,,,,,,,베트남 통계인력 역량강화 사업,,,"{""38대_기후기술"":null,""CRS번호"":""2012000159"",""Rio_Marker"":""태깅 없음"",""구분태그"":null,""기관유형"":""정부부처(중앙행정기관)"",""기술매핑_근거"":""미매핑(N3) · 기후기술 비대상 분야 · DAC 16062 통계능력 강화"",""기준연도"":null,""대표금액"":73361,""레코드구분"":""개별"",""명칭"":""베트남 통계인력 역량강화 사업"",""보고기관"":""통계청"",""보고연도"":""2012~2012(1개 연도행 합산)"",""분야_DAC"":""통계능력 강화(16062)"",""사업기간"":""2012-01-01~2012-12-31"",""사업번호"":""20121250006"",""상태"":""완료"",""시행기관"":""원천 미기재"",""약정액_합계"":""73,361 USD"",""원조유형"":""프로젝트 원조"",""원지표ID"":null,""자금형태"":""무상, 출연(분담금 포함)"",""지출액_합계"":""73,361 USD"",""참고"":null}",,,국무조정실 ODA Korea 통합 통계(OECD CRS 보고 원자료) — 한국수출입은행(EDCF)·한국국제협력단(KOICA)·정부부처·지방자치단체 제출분,https://stats.odakorea.go.kr/portal/oda/spot/statistics,공공누리 제1유형(출처표시),D-016.xlsx,1.2_entity(레코드형),180,
D-016,"지자체·정부부처 프로젝트[사업명, 수원국, 시행기관(부처/지자체명), 사업 유형, 사업 기간, 사업비, 분야]",entity,v124-d-016-entity-00086,D-016_ministry_local_project_registry,VNM,,,,,,,,,천리안 중규모 수신시스템 지원,,,"{""38대_기후기술"":null,""CRS번호"":""2012000395"",""Rio_Marker"":""태깅 없음"",""구분태그"":null,""기관유형"":""정부부처(중앙행정기관)"",""기술매핑_근거"":""미매핑(N3) · 기후기술 비대상 분야 · DAC 43010 다부문 원조"",""기준연도"":null,""대표금액"":262900,""레코드구분"":""개별"",""명칭"":""천리안 중규모 수신시스템 지원"",""보고기관"":""기상청"",""보고연도"":""2012~2012(1개 연도행 합산)"",""분야_DAC"":""다부문 원조(43010)"",""사업기간"":""2012-08-01~2012-11-01"",""사업번호"":""20121240010"",""상태"":""완료"",""시행기관"":""원천 미기재"",""약정액_합계"":""262,900 USD"",""원조유형"":""프로젝트 원조"",""원지표ID"":null,""자금형태"":""무상, 출연(분담금 포함)"",""지출액_합계"":""262,900 USD"",""참고"":null}",,,국무조정실 ODA Korea 통합 통계(OECD CRS 보고 원자료) — 한국수출입은행(EDCF)·한국국제협력단(KOICA)·정부부처·지방자치단체 제출분,https://stats.odakorea.go.kr/portal/oda/spot/statistics,공공누리 제1유형(출처표시),D-016.xlsx,1.2_entity(레코드형),122,
D-016,"지자체·정부부처 프로젝트[사업명, 수원국, 시행기관(부처/지자체명), 사업 유형, 사업 기간, 사업비, 분야]",entity,v124-d-016-entity-00087,D-016_ministry_local_project_registry,VNM,,,,,,,,,아세안사이버대학 설립,,,"{""38대_기후기술"":null,""CRS번호"":""2012001572"",""Rio_Marker"":""태깅 없음"",""구분태그"":null,""기관유형"":""정부부처(중앙행정기관)"",""기술매핑_근거"":""미매핑(N3) · 기후기술 비대상 분야 · DAC 11420 전문대,대학(원) 교육"",""기준연도"":null,""대표금액"":255351,""레코드구분"":""개별"",""명칭"":""아세안사이버대학 설립"",""보고기관"":""교육부"",""보고연도"":""2012~2012(1개 연도행 합산)"",""분야_DAC"":""전문대,대학(원) 교육(11420)"",""사업기간"":""2012-01-01~2012-12-31"",""사업번호"":""20121610027_003"",""상태"":""완료"",""시행기관"":""원천 미기재"",""약정액_합계"":""255,351 USD"",""원조유형"":""프로젝트 원조"",""원지표ID"":null,""자금형태"":""무상, 출연(분담금 포함)"",""지출액_합계"":""255,351 USD"",""참고"":null}",,,국무조정실 ODA Korea 통합 통계(OECD CRS 보고 원자료) — 한국수출입은행(EDCF)·한국국제협력단(KOICA)·정부부처·지방자치단체 제출분,https://stats.odakorea.go.kr/portal/oda/spot/statistics,공공누리 제1유형(출처표시),D-016.xlsx,1.2_entity(레코드형),124,
D-016,"지자체·정부부처 프로젝트[사업명, 수원국, 시행기관(부처/지자체명), 사업 유형, 사업 기간, 사업비, 분야]",entity,v124-d-016-entity-00088,D-016_ministry_local_project_registry,VNM,,,,,,,,,글로벌교육지원사업,,,"{""38대_기후기술"":null,""CRS번호"":""2012001630"",""Rio_Marker"":""태깅 없음"",""구분태그"":null,""기관유형"":""정부부처(중앙행정기관)"",""기술매핑_근거"":""미매핑(N3) · 기후기술 비대상 분야 · DAC 11110 교육정책 및 행정관리"",""기준연도"":null,""대표금액"":44408,""레코드구분"":""개별"",""명칭"":""글로벌교육지원사업"",""보고기관"":""교육부"",""보고연도"":""2012~2012(1개 연도행 합산)"",""분야_DAC"":""교육정책 및 행정관리(11110)"",""사업기간"":""2012-04-26~2013-05-31"",""사업번호"":""20121610039_010"",""상태"":""완료"",""시행기관"":""원천 미기재"",""약정액_합계"":""44,408 USD"",""원조유형"":""프로젝트 원조"",""원지표ID"":null,""자금형태"":""무상, 출연(분담금 포함)"",""지출액_합계"":""44,408 USD"",""참고"":null}",,,국무조정실 ODA Korea 통합 통계(OECD CRS 보고 원자료) — 한국수출입은행(EDCF)·한국국제협력단(KOICA)·정부부처·지방자치단체 제출분,https://stats.odakorea.go.kr/portal/oda/spot/statistics,공공누리 제1유형(출처표시),D-016.xlsx,1.2_entity(레코드형),191,
D-016,"지자체·정부부처 프로젝트[사업명, 수원국, 시행기관(부처/지자체명), 사업 유형, 사업 기간, 사업비, 분야]",entity,v124-d-016-entity-00089,D-016_ministry_local_project_registry,VNM,,,,,,,,,베트남 연짝현 주민건강 증진사업,,,"{""38대_기후기술"":null,""CRS번호"":""2013001196"",""Rio_Marker"":""태깅 없음"",""구분태그"":null,""기관유형"":""지자체"",""기술매핑_근거"":""미매핑(N3) · 기후기술 비대상 분야 · DAC 12191 의료서비스"",""기준연도"":null,""대표금액"":65777,""레코드구분"":""개별"",""명칭"":""베트남 연짝현 주민건강 증진사업"",""보고기관"":""지방자치단체(경기도)"",""보고연도"":""2013~2013(1개 연도행 합산)"",""분야_DAC"":""의료서비스(12191)"",""사업기간"":""2013-04-03~2013-12-31"",""사업번호"":""20131130025"",""상태"":""완료"",""시행기관"":""나눔 인터내셔널"",""약정액_합계"":""65,777 USD"",""원조유형"":""프로젝트 원조"",""원지표ID"":null,""자금형태"":""무상, 출연(분담금 포함)"",""지출액_합계"":""65,777 USD"",""참고"":null}",,,국무조정실 ODA Korea 통합 통계(OECD CRS 보고 원자료) — 한국수출입은행(EDCF)·한국국제협력단(KOICA)·정부부처·지방자치단체 제출분,https://stats.odakorea.go.kr/portal/oda/spot/statistics,공공누리 제1유형(출처표시),D-016.xlsx,1.2_entity(레코드형),184,
D-016,"지자체·정부부처 프로젝트[사업명, 수원국, 시행기관(부처/지자체명), 사업 유형, 사업 기간, 사업비, 분야]",entity,v124-d-016-entity-00090,D-016_ministry_local_project_registry,VNM,,,,,,,,,응에안성 빈곤여성 쉼터 건립 및 역량강화,,,"{""38대_기후기술"":null,""CRS번호"":""2013001200"",""Rio_Marker"":""태깅 없음"",""구분태그"":null,""기관유형"":""지자체"",""기술매핑_근거"":""미매핑(N3) · 기후기술 비대상 분야 · DAC 11120 교육시설 및 특별연수"",""기준연도"":null,""대표금액"":63950,""레코드구분"":""개별"",""명칭"":""응에안성 빈곤여성 쉼터 건립 및 역량강화"",""보고기관"":""지방자치단체(경기도)"",""보고연도"":""2013~2013(1개 연도행 합산)"",""분야_DAC"":""교육시설 및 특별연수(11120)"",""사업기간"":""2013-04-03~2013-12-31"",""사업번호"":""20131130029"",""상태"":""완료"",""시행기관"":""서울국제친선협회"",""약정액_합계"":""63,950 USD"",""원조유형"":""프로젝트 원조"",""원지표ID"":null,""자금형태"":""무상, 출연(분담금 포함)"",""지출액_합계"":""63,950 USD"",""참고"":null}",,,국무조정실 ODA Korea 통합 통계(OECD CRS 보고 원자료) — 한국수출입은행(EDCF)·한국국제협력단(KOICA)·정부부처·지방자치단체 제출분,https://stats.odakorea.go.kr/portal/oda/spot/statistics,공공누리 제1유형(출처표시),D-016.xlsx,1.2_entity(레코드형),185,
D-016,"지자체·정부부처 프로젝트[사업명, 수원국, 시행기관(부처/지자체명), 사업 유형, 사업 기간, 사업비, 분야]",entity,v124-d-016-entity-00091,D-016_ministry_local_project_registry,VNM,,,,,,,,,베트남 빈곤아동 자립을 위한 교육지원사업,,,"{""38대_기후기술"":null,""CRS번호"":""2013001203"",""Rio_Marker"":""태깅 없음"",""구분태그"":null,""기관유형"":""지자체"",""기술매핑_근거"":""미매핑(N3) · 기후기술 비대상 분야 · DAC 11230 성인 기초생활교육"",""기준연도"":null,""대표금액"":27407,""레코드구분"":""개별"",""명칭"":""베트남 빈곤아동 자립을 위한 교육지원사업"",""보고기관"":""지방자치단체(경기도)"",""보고연도"":""2013~2013(1개 연도행 합산)"",""분야_DAC"":""성인 기초생활교육(11230)"",""사업기간"":""2013-04-03~2013-12-31"",""사업번호"":""20131130031"",""상태"":""완료"",""시행기관"":""월드 투게더"",""약정액_합계"":""27,407 USD"",""원조유형"":""프로젝트 원조"",""원지표ID"":null,""자금형태"":""무상, 출연(분담금 포함)"",""지출액_합계"":""27,407 USD"",""참고"":null}",,,국무조정실 ODA Korea 통합 통계(OECD CRS 보고 원자료) — 한국수출입은행(EDCF)·한국국제협력단(KOICA)·정부부처·지방자치단체 제출분,https://stats.odakorea.go.kr/portal/oda/spot/statistics,공공누리 제1유형(출처표시),D-016.xlsx,1.2_entity(레코드형),206,
D-016,"지자체·정부부처 프로젝트[사업명, 수원국, 시행기관(부처/지자체명), 사업 유형, 사업 기간, 사업비, 분야]",entity,v124-d-016-entity-00092,D-016_ministry_local_project_registry,VNM,,,,,,,,,개도국보건의료지원 민간단체 협력사업,,,"{""38대_기후기술"":null,""CRS번호"":""2013001218"",""Rio_Marker"":""태깅 없음"",""구분태그"":null,""기관유형"":""정부부처(중앙행정기관)"",""기술매핑_근거"":""미매핑(N3) · 기후기술 비대상 분야 · DAC 12191 의료서비스"",""기준연도"":null,""대표금액"":91288,""레코드구분"":""개별"",""명칭"":""개도국보건의료지원 민간단체 협력사업"",""보고기관"":""보건복지부"",""보고연도"":""2013~2013(1개 연도행 합산)"",""분야_DAC"":""의료서비스(12191)"",""사업기간"":""2013-10-01~2014-09-30"",""사업번호"":""20131700026_005"",""상태"":""완료"",""시행기관"":""한국국제보건의료재단"",""약정액_합계"":""91,288 USD"",""원조유형"":""프로젝트 원조"",""원지표ID"":null,""자금형태"":""무상, 출연(분담금 포함)"",""지출액_합계"":""63,901 USD"",""참고"":null}",,,국무조정실 ODA Korea 통합 통계(OECD CRS 보고 원자료) — 한국수출입은행(EDCF)·한국국제협력단(KOICA)·정부부처·지방자치단체 제출분,https://stats.odakorea.go.kr/portal/oda/spot/statistics,공공누리 제1유형(출처표시),D-016.xlsx,1.2_entity(레코드형),171,
D-016,"지자체·정부부처 프로젝트[사업명, 수원국, 시행기관(부처/지자체명), 사업 유형, 사업 기간, 사업비, 분야]",entity,v124-d-016-entity-00093,D-016_ministry_local_project_registry,VNM,,,,,,,,,의료시설 건립운영 유무상 연계사업,,,"{""38대_기후기술"":null,""CRS번호"":""2013001321"",""Rio_Marker"":""태깅 없음"",""구분태그"":null,""기관유형"":""정부부처(중앙행정기관)"",""기술매핑_근거"":""미매핑(N3) · 기후기술 비대상 분야 · DAC 12110 보건정책 및 행정관리"",""기준연도"":null,""대표금액"":228393,""레코드구분"":""개별"",""명칭"":""의료시설 건립운영 유무상 연계사업"",""보고기관"":""보건복지부"",""보고연도"":""2013~2013(1개 연도행 합산)"",""분야_DAC"":""보건정책 및 행정관리(12110)"",""사업기간"":""2013-01-01~2013-12-31"",""사업번호"":""20131700035_003"",""상태"":""완료"",""시행기관"":""한국국제보건의료재단"",""약정액_합계"":""228,393 USD"",""원조유형"":""프로젝트 원조"",""원지표ID"":null,""자금형태"":""무상, 출연(분담금 포함)"",""지출액_합계"":""183,678 USD"",""참고"":null}",,,국무조정실 ODA Korea 통합 통계(OECD CRS 보고 원자료) — 한국수출입은행(EDCF)·한국국제협력단(KOICA)·정부부처·지방자치단체 제출분,https://stats.odakorea.go.kr/portal/oda/spot/statistics,공공누리 제1유형(출처표시),D-016.xlsx,1.2_entity(레코드형),131,
D-016,"지자체·정부부처 프로젝트[사업명, 수원국, 시행기관(부처/지자체명), 사업 유형, 사업 기간, 사업비, 분야]",entity,v124-d-016-entity-00094,D-016_ministry_local_project_registry,VNM,,,,,,,,,산업자원협력개발지원(베트남인큐베이터파크 조성지원사업),,,"{""38대_기후기술"":null,""CRS번호"":""2013001519"",""Rio_Marker"":""태깅 없음"",""구분태그"":null,""기관유형"":""정부부처(중앙행정기관)"",""기술매핑_근거"":""미매핑(N3) · 기후기술 비대상 분야 · DAC 32171 엔지니어링(기계공업)"",""기준연도"":null,""대표금액"":null,""레코드구분"":""개별"",""명칭"":""산업자원협력개발지원(베트남인큐베이터파크 조성지원사업)"",""보고기관"":""산업통상자원부"",""보고연도"":""2013~2013(1개 연도행 합산)"",""분야_DAC"":""엔지니어링(기계공업)(32171)"",""사업기간"":""2012-06-01~2015-12-31"",""사업번호"":""20131800002"",""상태"":""완료"",""시행기관"":""한국생산기술연구원, 한국산업기술진흥원"",""약정액_합계"":""0 USD"",""원조유형"":""프로젝트 원조"",""원지표ID"":null,""자금형태"":""무상, 출연(분담금 포함)"",""지출액_합계"":""2,832,084 USD"",""참고"":null}",,,국무조정실 ODA Korea 통합 통계(OECD CRS 보고 원자료) — 한국수출입은행(EDCF)·한국국제협력단(KOICA)·정부부처·지방자치단체 제출분,https://stats.odakorea.go.kr/portal/oda/spot/statistics,공공누리 제1유형(출처표시),D-016.xlsx,1.2_entity(레코드형),230,
D-016,"지자체·정부부처 프로젝트[사업명, 수원국, 시행기관(부처/지자체명), 사업 유형, 사업 기간, 사업비, 분야]",entity,v124-d-016-entity-00095,D-016_ministry_local_project_registry,VNM,,,,,,,,,베트남 태풍분석 및 예보시스템 개도국 기술이전,,,"{""38대_기후기술"":null,""CRS번호"":""2013001554"",""Rio_Marker"":""태깅 없음"",""구분태그"":null,""기관유형"":""정부부처(중앙행정기관)"",""기술매핑_근거"":""미매핑(N3) · 기후기술 비대상 분야 · DAC 43010 다부문 원조"",""기준연도"":null,""대표금액"":27407,""레코드구분"":""개별"",""명칭"":""베트남 태풍분석 및 예보시스템 개도국 기술이전"",""보고기관"":""기상청"",""보고연도"":""2013~2013(1개 연도행 합산)"",""분야_DAC"":""다부문 원조(43010)"",""사업기간"":""2013-01-01~2013-12-31"",""사업번호"":""20131240019"",""상태"":""완료"",""시행기관"":""기상청"",""약정액_합계"":""27,407 USD"",""원조유형"":""프로젝트 원조"",""원지표ID"":null,""자금형태"":""무상, 출연(분담금 포함)"",""지출액_합계"":""27,407 USD"",""참고"":null}",,,국무조정실 ODA Korea 통합 통계(OECD CRS 보고 원자료) — 한국수출입은행(EDCF)·한국국제협력단(KOICA)·정부부처·지방자치단체 제출분,https://stats.odakorea.go.kr/portal/oda/spot/statistics,공공누리 제1유형(출처표시),D-016.xlsx,1.2_entity(레코드형),207,
D-016,"지자체·정부부처 프로젝트[사업명, 수원국, 시행기관(부처/지자체명), 사업 유형, 사업 기간, 사업비, 분야]",entity,v124-d-016-entity-00096,D-016_ministry_local_project_registry,VNM,,,,,,,,,베트남 통계인력 역량강화 사업,,,"{""38대_기후기술"":null,""CRS번호"":""2013001721"",""Rio_Marker"":""태깅 없음"",""구분태그"":null,""기관유형"":""정부부처(중앙행정기관)"",""기술매핑_근거"":""미매핑(N3) · 기후기술 비대상 분야 · DAC 16062 통계능력 강화"",""기준연도"":null,""대표금액"":462269,""레코드구분"":""개별"",""명칭"":""베트남 통계인력 역량강화 사업"",""보고기관"":""통계청"",""보고연도"":""2013~2013(1개 연도행 합산)"",""분야_DAC"":""통계능력 강화(16062)"",""사업기간"":""2013-01-01~2013-12-31"",""사업번호"":""20131250013"",""상태"":""완료"",""시행기관"":""통계청 통계교육원"",""약정액_합계"":""462,269 USD"",""원조유형"":""프로젝트 원조"",""원지표ID"":null,""자금형태"":""무상, 출연(분담금 포함)"",""지출액_합계"":""462,269 USD"",""참고"":null}",,,국무조정실 ODA Korea 통합 통계(OECD CRS 보고 원자료) — 한국수출입은행(EDCF)·한국국제협력단(KOICA)·정부부처·지방자치단체 제출분,https://stats.odakorea.go.kr/portal/oda/spot/statistics,공공누리 제1유형(출처표시),D-016.xlsx,1.2_entity(레코드형),89,
D-016,"지자체·정부부처 프로젝트[사업명, 수원국, 시행기관(부처/지자체명), 사업 유형, 사업 기간, 사업비, 분야]",entity,v124-d-016-entity-00097,D-016_ministry_local_project_registry,VNM,,,,,,,,,개도국 경쟁당국 직원 초청 인턴쉽,,,"{""38대_기후기술"":null,""CRS번호"":""2013001931"",""Rio_Marker"":""태깅 없음"",""구분태그"":null,""기관유형"":""정부부처(중앙행정기관)"",""기술매핑_근거"":""미매핑(N3) · 기후기술 비대상 분야 · DAC 15110 공공정책 및 행정관리"",""기준연도"":null,""대표금액"":9135,""레코드구분"":""개별"",""명칭"":""개도국 경쟁당국 직원 초청 인턴쉽"",""보고기관"":""공정거래위원회"",""보고연도"":""2013~2013(1개 연도행 합산)"",""분야_DAC"":""공공정책 및 행정관리(15110)"",""사업기간"":""2013-01-01~2013-12-31"",""사업번호"":""20131180002_002"",""상태"":""완료"",""시행기관"":""공정거래위원회"",""약정액_합계"":""9,135 USD"",""원조유형"":""프로젝트 원조"",""원지표ID"":null,""자금형태"":""무상, 출연(분담금 포함)"",""지출액_합계"":""9,135 USD"",""참고"":null}",,,국무조정실 ODA Korea 통합 통계(OECD CRS 보고 원자료) — 한국수출입은행(EDCF)·한국국제협력단(KOICA)·정부부처·지방자치단체 제출분,https://stats.odakorea.go.kr/portal/oda/spot/statistics,공공누리 제1유형(출처표시),D-016.xlsx,1.2_entity(레코드형),229,
D-016,"지자체·정부부처 프로젝트[사업명, 수원국, 시행기관(부처/지자체명), 사업 유형, 사업 기간, 사업비, 분야]",entity,v124-d-016-entity-00098,D-016_ministry_local_project_registry,VNM,,,,,,,,,APEC 개발도상국 기업환경법제 개선지원사업,,,"{""38대_기후기술"":null,""CRS번호"":""2013001950"",""Rio_Marker"":""태깅 없음"",""구분태그"":null,""기관유형"":""정부부처(중앙행정기관)"",""기술매핑_근거"":""미매핑(N3) · 기후기술 비대상 분야 · DAC 15110 공공정책 및 행정관리"",""기준연도"":null,""대표금액"":126073,""레코드구분"":""개별"",""명칭"":""APEC 개발도상국 기업환경법제 개선지원사업"",""보고기관"":""법무부"",""보고연도"":""2013~2013(1개 연도행 합산)"",""분야_DAC"":""공공정책 및 행정관리(15110)"",""사업기간"":""2010-01-01~2015-12-31"",""사업번호"":""20131400007"",""상태"":""완료"",""시행기관"":""법무부 상사법무과"",""약정액_합계"":""126,073 USD"",""원조유형"":""프로젝트 원조"",""원지표ID"":null,""자금형태"":""무상, 출연(분담금 포함)"",""지출액_합계"":""126,073 USD"",""참고"":null}",,,국무조정실 ODA Korea 통합 통계(OECD CRS 보고 원자료) — 한국수출입은행(EDCF)·한국국제협력단(KOICA)·정부부처·지방자치단체 제출분,https://stats.odakorea.go.kr/portal/oda/spot/statistics,공공누리 제1유형(출처표시),D-016.xlsx,1.2_entity(레코드형),160,
D-016,"지자체·정부부처 프로젝트[사업명, 수원국, 시행기관(부처/지자체명), 사업 유형, 사업 기간, 사업비, 분야]",entity,v124-d-016-entity-00099,D-016_ministry_local_project_registry,VNM,,,,,,,,,의료시설건립운영 유무상 연계사업,,,"{""38대_기후기술"":null,""CRS번호"":""2014001225"",""Rio_Marker"":""태깅 없음"",""구분태그"":null,""기관유형"":""정부부처(중앙행정기관)"",""기술매핑_근거"":""미매핑(N3) · 기후기술 비대상 분야 · DAC 12110 보건정책 및 행정관리"",""기준연도"":null,""대표금액"":43845,""레코드구분"":""개별"",""명칭"":""의료시설건립운영 유무상 연계사업"",""보고기관"":""보건복지부"",""보고연도"":""2014~2014(1개 연도행 합산)"",""분야_DAC"":""보건정책 및 행정관리(12110)"",""사업기간"":""2014-01-01~2014-12-31"",""사업번호"":""20141700036_001"",""상태"":""완료"",""시행기관"":""한국국제보건의료재단"",""약정액_합계"":""43,845 USD"",""원조유형"":""프로젝트 원조"",""원지표ID"":null,""자금형태"":""무상, 출연(분담금 포함)"",""지출액_합계"":""43,845 USD"",""참고"":null}",,,국무조정실 ODA Korea 통합 통계(OECD CRS 보고 원자료) — 한국수출입은행(EDCF)·한국국제협력단(KOICA)·정부부처·지방자치단체 제출분,https://stats.odakorea.go.kr/portal/oda/spot/statistics,공공누리 제1유형(출처표시),D-016.xlsx,1.2_entity(레코드형),193,
D-016,"지자체·정부부처 프로젝트[사업명, 수원국, 시행기관(부처/지자체명), 사업 유형, 사업 기간, 사업비, 분야]",entity,v124-d-016-entity-00100,D-016_ministry_local_project_registry,VNM,,,,,,,,,개도국대상 공공행정컨설팅,,,"{""38대_기후기술"":null,""CRS번호"":""2014001363"",""Rio_Marker"":""태깅 없음"",""구분태그"":null,""기관유형"":""정부부처(중앙행정기관)"",""기술매핑_근거"":""미매핑(N3) · 기후기술 비대상 분야 · DAC 15110 공공정책 및 행정관리"",""기준연도"":null,""대표금액"":125823,""레코드구분"":""개별"",""명칭"":""개도국대상 공공행정컨설팅"",""보고기관"":""(구)행정자치부"",""보고연도"":""2014~2014(1개 연도행 합산)"",""분야_DAC"":""공공정책 및 행정관리(15110)"",""사업기간"":""2014-01-01~2014-12-31"",""사업번호"":""20141880006_001"",""상태"":""완료"",""시행기관"":""행정자치부"",""약정액_합계"":""125,823 USD"",""원조유형"":""프로젝트 원조"",""원지표ID"":null,""자금형태"":""무상, 출연(분담금 포함)"",""지출액_합계"":""125,823 USD"",""참고"":null}",,,국무조정실 ODA Korea 통합 통계(OECD CRS 보고 원자료) — 한국수출입은행(EDCF)·한국국제협력단(KOICA)·정부부처·지방자치단체 제출분,https://stats.odakorea.go.kr/portal/oda/spot/statistics,공공누리 제1유형(출처표시),D-016.xlsx,1.2_entity(레코드형),161,
D-016,"지자체·정부부처 프로젝트[사업명, 수원국, 시행기관(부처/지자체명), 사업 유형, 사업 기간, 사업비, 분야]",entity,v124-d-016-entity-00101,D-016_ministry_local_project_registry,VNM,,,,,,,,,개도국과학기술지원사업,,,"{""38대_기후기술"":null,""CRS번호"":""2014001727"",""Rio_Marker"":""태깅 없음"",""구분태그"":null,""기관유형"":""정부부처(중앙행정기관)"",""기술매핑_근거"":""미매핑(N3) · 기후기술 비대상 분야 · DAC 43010 다부문 원조"",""기준연도"":null,""대표금액"":80717,""레코드구분"":""개별"",""명칭"":""개도국과학기술지원사업"",""보고기관"":""(구)미래창조과학부"",""보고연도"":""2014~2014(1개 연도행 합산)"",""분야_DAC"":""다부문 원조(43010)"",""사업기간"":""2014-07-01~2015-06-30"",""사업번호"":""20141810050_003"",""상태"":""완료"",""시행기관"":""한국연구재단"",""약정액_합계"":""80,717 USD"",""원조유형"":""프로젝트 원조"",""원지표ID"":null,""자금형태"":""무상, 출연(분담금 포함)"",""지출액_합계"":""80,717 USD"",""참고"":null}",,,국무조정실 ODA Korea 통합 통계(OECD CRS 보고 원자료) — 한국수출입은행(EDCF)·한국국제협력단(KOICA)·정부부처·지방자치단체 제출분,https://stats.odakorea.go.kr/portal/oda/spot/statistics,공공누리 제1유형(출처표시),D-016.xlsx,1.2_entity(레코드형),176,
D-016,"지자체·정부부처 프로젝트[사업명, 수원국, 시행기관(부처/지자체명), 사업 유형, 사업 기간, 사업비, 분야]",entity,v124-d-016-entity-00102,D-016_ministry_local_project_registry,VNM,,,,,,,,,개도국과학기술지원사업,,,"{""38대_기후기술"":null,""CRS번호"":""2014001729"",""Rio_Marker"":""태깅 없음"",""구분태그"":null,""기관유형"":""정부부처(중앙행정기관)"",""기술매핑_근거"":""미매핑(N3) · 기후기술 비대상 분야 · DAC 43010 다부문 원조"",""기준연도"":null,""대표금액"":75969,""레코드구분"":""개별"",""명칭"":""개도국과학기술지원사업"",""보고기관"":""(구)미래창조과학부"",""보고연도"":""2014~2014(1개 연도행 합산)"",""분야_DAC"":""다부문 원조(43010)"",""사업기간"":""2014-07-01~2015-06-30"",""사업번호"":""20141810050_002"",""상태"":""완료"",""시행기관"":""한국연구재단"",""약정액_합계"":""75,969 USD"",""원조유형"":""프로젝트 원조"",""원지표ID"":null,""자금형태"":""무상, 출연(분담금 포함)"",""지출액_합계"":""75,969 USD"",""참고"":null}",,,국무조정실 ODA Korea 통합 통계(OECD CRS 보고 원자료) — 한국수출입은행(EDCF)·한국국제협력단(KOICA)·정부부처·지방자치단체 제출분,https://stats.odakorea.go.kr/portal/oda/spot/statistics,공공누리 제1유형(출처표시),D-016.xlsx,1.2_entity(레코드형),179,
D-016,"지자체·정부부처 프로젝트[사업명, 수원국, 시행기관(부처/지자체명), 사업 유형, 사업 기간, 사업비, 분야]",entity,v124-d-016-entity-00103,D-016_ministry_local_project_registry,VNM,,,,,,,,,개도국표준체계보급지원,,,"{""38대_기후기술"":null,""CRS번호"":""2014001866"",""Rio_Marker"":""태깅 없음"",""구분태그"":null,""기관유형"":""정부부처(중앙행정기관)"",""기술매핑_근거"":""미매핑(N3) · 기후기술 비대상 분야 · DAC 32120 공업 개발"",""기준연도"":null,""대표금액"":66472,""레코드구분"":""개별"",""명칭"":""개도국표준체계보급지원"",""보고기관"":""산업통상자원부"",""보고연도"":""2014~2014(1개 연도행 합산)"",""분야_DAC"":""공업 개발(32120)"",""사업기간"":""2014-01-01~2014-12-31"",""사업번호"":""20141800018_001"",""상태"":""완료"",""시행기관"":""한국표준협회"",""약정액_합계"":""66,472 USD"",""원조유형"":""프로젝트 원조"",""원지표ID"":null,""자금형태"":""무상, 출연(분담금 포함)"",""지출액_합계"":""66,472 USD"",""참고"":null}",,,국무조정실 ODA Korea 통합 통계(OECD CRS 보고 원자료) — 한국수출입은행(EDCF)·한국국제협력단(KOICA)·정부부처·지방자치단체 제출분,https://stats.odakorea.go.kr/portal/oda/spot/statistics,공공누리 제1유형(출처표시),D-016.xlsx,1.2_entity(레코드형),183,
D-016,"지자체·정부부처 프로젝트[사업명, 수원국, 시행기관(부처/지자체명), 사업 유형, 사업 기간, 사업비, 분야]",entity,v124-d-016-entity-00104,D-016_ministry_local_project_registry,VNM,,,,,,,,,산업자원협력개발지원,,,"{""38대_기후기술"":null,""CRS번호"":""2014009747"",""Rio_Marker"":""태깅 없음"",""구분태그"":null,""기관유형"":""정부부처(중앙행정기관)"",""기술매핑_근거"":""미매핑(N3) · 기후기술 비대상 분야 · DAC 32120 공업 개발"",""기준연도"":null,""대표금액"":3608531,""레코드구분"":""개별"",""명칭"":""산업자원협력개발지원"",""보고기관"":""산업통상자원부"",""보고연도"":""2014~2014(1개 연도행 합산)"",""분야_DAC"":""공업 개발(32120)"",""사업기간"":""2014-01-01~2014-12-31"",""사업번호"":""20141800019_003"",""상태"":""완료"",""시행기관"":""한국산업기술진흥원"",""약정액_합계"":""3,608,531 USD"",""원조유형"":""프로젝트 원조"",""원지표ID"":null,""자금형태"":""무상, 출연(분담금 포함)"",""지출액_합계"":""3,608,531 USD"",""참고"":null}",,,국무조정실 ODA Korea 통합 통계(OECD CRS 보고 원자료) — 한국수출입은행(EDCF)·한국국제협력단(KOICA)·정부부처·지방자치단체 제출분,https://stats.odakorea.go.kr/portal/oda/spot/statistics,공공누리 제1유형(출처표시),D-016.xlsx,1.2_entity(레코드형),19,
D-016,"지자체·정부부처 프로젝트[사업명, 수원국, 시행기관(부처/지자체명), 사업 유형, 사업 기간, 사업비, 분야]",entity,v124-d-016-entity-00105,D-016_ministry_local_project_registry,VNM,,,,,,,,,아세안대학 이러닝 지원,,,"{""38대_기후기술"":null,""CRS번호"":""2015002804"",""Rio_Marker"":""태깅 없음"",""구분태그"":null,""기관유형"":""정부부처(중앙행정기관)"",""기술매핑_근거"":""미매핑(N3) · 기후기술 비대상 분야 · DAC 11420 전문대,대학(원) 교육"",""기준연도"":null,""대표금액"":370500,""레코드구분"":""개별"",""명칭"":""아세안대학 이러닝 지원"",""보고기관"":""교육부"",""보고연도"":""2015~2015(1개 연도행 합산)"",""분야_DAC"":""전문대,대학(원) 교육(11420)"",""사업기간"":""2015-01-01~2016-02-29"",""사업번호"":""20131770010_002"",""상태"":""완료"",""시행기관"":""원천 미기재"",""약정액_합계"":""370,500 USD"",""원조유형"":""프로젝트 원조"",""원지표ID"":null,""자금형태"":""무상, 출연(분담금 포함)"",""지출액_합계"":""370,500 USD"",""참고"":null}",,,국무조정실 ODA Korea 통합 통계(OECD CRS 보고 원자료) — 한국수출입은행(EDCF)·한국국제협력단(KOICA)·정부부처·지방자치단체 제출분,https://stats.odakorea.go.kr/portal/oda/spot/statistics,공공누리 제1유형(출처표시),D-016.xlsx,1.2_entity(레코드형),99,
D-016,"지자체·정부부처 프로젝트[사업명, 수원국, 시행기관(부처/지자체명), 사업 유형, 사업 기간, 사업비, 분야]",entity,v124-d-016-entity-00106,D-016_ministry_local_project_registry,VNM,,,,,,,,,"첨단 ICT 시범교실 구축,운영 지원 사업",,,"{""38대_기후기술"":null,""CRS번호"":""2015002846"",""Rio_Marker"":""태깅 없음"",""구분태그"":null,""기관유형"":""정부부처(중앙행정기관)"",""기술매핑_근거"":""미매핑(N3) · 기후기술 비대상 분야 · DAC 11320 중고등교육"",""기준연도"":null,""대표금액"":592233,""레코드구분"":""개별"",""명칭"":""첨단 ICT 시범교실 구축,운영 지원 사업"",""보고기관"":""교육부"",""보고연도"":""2015~2015(1개 연도행 합산)"",""분야_DAC"":""중고등교육(11320)"",""사업기간"":""2015-06-22~2015-11-12"",""사업번호"":""20141770031_005"",""상태"":""완료"",""시행기관"":""원천 미기재"",""약정액_합계"":""592,233 USD"",""원조유형"":""프로젝트 원조"",""원지표ID"":null,""자금형태"":""무상, 출연(분담금 포함)"",""지출액_합계"":""592,233 USD"",""참고"":null}",,,국무조정실 ODA Korea 통합 통계(OECD CRS 보고 원자료) — 한국수출입은행(EDCF)·한국국제협력단(KOICA)·정부부처·지방자치단체 제출분,https://stats.odakorea.go.kr/portal/oda/spot/statistics,공공누리 제1유형(출처표시),D-016.xlsx,1.2_entity(레코드형),77,
D-016,"지자체·정부부처 프로젝트[사업명, 수원국, 시행기관(부처/지자체명), 사업 유형, 사업 기간, 사업비, 분야]",entity,v124-d-016-entity-00107,D-016_ministry_local_project_registry,VNM,,,,,,,,,개도국정보접근센터구축,,,"{""38대_기후기술"":null,""CRS번호"":""2015007882"",""Rio_Marker"":""태깅 없음"",""구분태그"":null,""기관유형"":""정부부처(중앙행정기관)"",""기술매핑_근거"":""미매핑(N3) · 기후기술 비대상 분야 · DAC 22040 정보통신기술"",""기준연도"":null,""대표금액"":366831,""레코드구분"":""개별"",""명칭"":""개도국정보접근센터구축"",""보고기관"":""(구)미래창조과학부"",""보고연도"":""2015~2015(1개 연도행 합산)"",""분야_DAC"":""정보통신기술(22040)"",""사업기간"":""2015-01-01~2015-12-31"",""사업번호"":""20141810020_08"",""상태"":""완료"",""시행기관"":""원천 미기재"",""약정액_합계"":""366,831 USD"",""원조유형"":""프로젝트 원조"",""원지표ID"":null,""자금형태"":""무상, 출연(분담금 포함)"",""지출액_합계"":""366,831 USD"",""참고"":null}",,,국무조정실 ODA Korea 통합 통계(OECD CRS 보고 원자료) — 한국수출입은행(EDCF)·한국국제협력단(KOICA)·정부부처·지방자치단체 제출분,https://stats.odakorea.go.kr/portal/oda/spot/statistics,공공누리 제1유형(출처표시),D-016.xlsx,1.2_entity(레코드형),100,
D-016,"지자체·정부부처 프로젝트[사업명, 수원국, 시행기관(부처/지자체명), 사업 유형, 사업 기간, 사업비, 분야]",entity,v124-d-016-entity-00108,D-016_ministry_local_project_registry,VNM,,,,,,,,,베트남 의료시설 건립운영 유무상연게사업,,,"{""38대_기후기술"":null,""CRS번호"":""2015007960"",""Rio_Marker"":""태깅 없음"",""구분태그"":null,""기관유형"":""정부부처(중앙행정기관)"",""기술매핑_근거"":""미매핑(N3) · 기후기술 비대상 분야 · DAC 12110 보건정책 및 행정관리"",""기준연도"":null,""대표금액"":338803,""레코드구분"":""개별"",""명칭"":""베트남 의료시설 건립운영 유무상연게사업"",""보고기관"":""보건복지부"",""보고연도"":""2015~2016(2개 연도행 합산)"",""분야_DAC"":""보건정책 및 행정관리(12110)"",""사업기간"":""2015-01-01~2015-12-31"",""사업번호"":""20151700033"",""상태"":""완료"",""시행기관"":""한국국제보건의료재단"",""약정액_합계"":""338,803 USD"",""원조유형"":""프로젝트 원조"",""원지표ID"":null,""자금형태"":""무상, 출연(분담금 포함)"",""지출액_합계"":""338,803 USD"",""참고"":null}",,,국무조정실 ODA Korea 통합 통계(OECD CRS 보고 원자료) — 한국수출입은행(EDCF)·한국국제협력단(KOICA)·정부부처·지방자치단체 제출분,https://stats.odakorea.go.kr/portal/oda/spot/statistics,공공누리 제1유형(출처표시),D-016.xlsx,1.2_entity(레코드형),108,
D-016,"지자체·정부부처 프로젝트[사업명, 수원국, 시행기관(부처/지자체명), 사업 유형, 사업 기간, 사업비, 분야]",entity,v124-d-016-entity-00109,D-016_ministry_local_project_registry,VNM,,,,,,,,,전략국가기술협력사업,,,"{""38대_기후기술"":null,""CRS번호"":""2015008077"",""Rio_Marker"":""태깅 없음"",""구분태그"":null,""기관유형"":""정부부처(중앙행정기관)"",""기술매핑_근거"":""미매핑(N3) · 기후기술 비대상 분야 · DAC 32120 공업 개발"",""기준연도"":null,""대표금액"":1096074,""레코드구분"":""개별"",""명칭"":""전략국가기술협력사업"",""보고기관"":""산업통상자원부"",""보고연도"":""2015~2015(1개 연도행 합산)"",""분야_DAC"":""공업 개발(32120)"",""사업기간"":""2012-01-02~2016-12-31"",""사업번호"":""20151800020"",""상태"":""완료"",""시행기관"":""원천 미기재"",""약정액_합계"":""1,096,074 USD"",""원조유형"":""프로젝트 원조"",""원지표ID"":null,""자금형태"":""무상, 출연(분담금 포함)"",""지출액_합계"":""1,096,074 USD"",""참고"":null}",,,국무조정실 ODA Korea 통합 통계(OECD CRS 보고 원자료) — 한국수출입은행(EDCF)·한국국제협력단(KOICA)·정부부처·지방자치단체 제출분,https://stats.odakorea.go.kr/portal/oda/spot/statistics,공공누리 제1유형(출처표시),D-016.xlsx,1.2_entity(레코드형),53,
D-016,"지자체·정부부처 프로젝트[사업명, 수원국, 시행기관(부처/지자체명), 사업 유형, 사업 기간, 사업비, 분야]",entity,v124-d-016-entity-00110,D-016_ministry_local_project_registry,VNM,,,,,,,,,전략국가기술협력사업,,,"{""38대_기후기술"":null,""CRS번호"":""2015008078"",""Rio_Marker"":""태깅 없음"",""구분태그"":null,""기관유형"":""정부부처(중앙행정기관)"",""기술매핑_근거"":""미매핑(N3) · 기후기술 비대상 분야 · DAC 32120 공업 개발"",""기준연도"":null,""대표금액"":1767862,""레코드구분"":""개별"",""명칭"":""전략국가기술협력사업"",""보고기관"":""산업통상자원부"",""보고연도"":""2015~2015(1개 연도행 합산)"",""분야_DAC"":""공업 개발(32120)"",""사업기간"":""2012-01-02~2019-12-31"",""사업번호"":""20151800019"",""상태"":""완료"",""시행기관"":""원천 미기재"",""약정액_합계"":""1,767,862 USD"",""원조유형"":""프로젝트 원조"",""원지표ID"":null,""자금형태"":""무상, 출연(분담금 포함)"",""지출액_합계"":""1,767,862 USD"",""참고"":null}",,,국무조정실 ODA Korea 통합 통계(OECD CRS 보고 원자료) — 한국수출입은행(EDCF)·한국국제협력단(KOICA)·정부부처·지방자치단체 제출분,https://stats.odakorea.go.kr/portal/oda/spot/statistics,공공누리 제1유형(출처표시),D-016.xlsx,1.2_entity(레코드형),39,
D-016,"지자체·정부부처 프로젝트[사업명, 수원국, 시행기관(부처/지자체명), 사업 유형, 사업 기간, 사업비, 분야]",entity,v124-d-016-entity-00111,D-016_ministry_local_project_registry,VNM,,,,,,,,,산업자원협력개발지원사업,,,"{""38대_기후기술"":null,""CRS번호"":""2015008098"",""Rio_Marker"":""태깅 없음"",""구분태그"":null,""기관유형"":""정부부처(중앙행정기관)"",""기술매핑_근거"":""미매핑(N3) · 기후기술 비대상 분야 · DAC 32120 공업 개발"",""기준연도"":null,""대표금액"":521519,""레코드구분"":""개별"",""명칭"":""산업자원협력개발지원사업"",""보고기관"":""산업통상자원부"",""보고연도"":""2015~2015(1개 연도행 합산)"",""분야_DAC"":""공업 개발(32120)"",""사업기간"":""2015-01-04~2018-12-31"",""사업번호"":""20151800011"",""상태"":""완료"",""시행기관"":""원천 미기재"",""약정액_합계"":""521,519 USD"",""원조유형"":""프로젝트 원조"",""원지표ID"":null,""자금형태"":""무상, 출연(분담금 포함)"",""지출액_합계"":""521,519 USD"",""참고"":null}",,,국무조정실 ODA Korea 통합 통계(OECD CRS 보고 원자료) — 한국수출입은행(EDCF)·한국국제협력단(KOICA)·정부부처·지방자치단체 제출분,https://stats.odakorea.go.kr/portal/oda/spot/statistics,공공누리 제1유형(출처표시),D-016.xlsx,1.2_entity(레코드형),81,
D-016,"지자체·정부부처 프로젝트[사업명, 수원국, 시행기관(부처/지자체명), 사업 유형, 사업 기간, 사업비, 분야]",entity,v124-d-016-entity-00112,D-016_ministry_local_project_registry,VNM,,,,,,,,,산업자원협력개발지원사업,,,"{""38대_기후기술"":null,""CRS번호"":""2015008099"",""Rio_Marker"":""태깅 없음"",""구분태그"":null,""기관유형"":""정부부처(중앙행정기관)"",""기술매핑_근거"":""미매핑(N3) · 기후기술 비대상 분야 · DAC 32120 공업 개발"",""기준연도"":null,""대표금액"":3473848,""레코드구분"":""개별"",""명칭"":""산업자원협력개발지원사업"",""보고기관"":""산업통상자원부"",""보고연도"":""2015~2015(1개 연도행 합산)"",""분야_DAC"":""공업 개발(32120)"",""사업기간"":""2012-01-06~2015-12-31"",""사업번호"":""20141800010"",""상태"":""완료"",""시행기관"":""원천 미기재"",""약정액_합계"":""3,473,848 USD"",""원조유형"":""프로젝트 원조"",""원지표ID"":null,""자금형태"":""무상, 출연(분담금 포함)"",""지출액_합계"":""3,473,848 USD"",""참고"":null}",,,국무조정실 ODA Korea 통합 통계(OECD CRS 보고 원자료) — 한국수출입은행(EDCF)·한국국제협력단(KOICA)·정부부처·지방자치단체 제출분,https://stats.odakorea.go.kr/portal/oda/spot/statistics,공공누리 제1유형(출처표시),D-016.xlsx,1.2_entity(레코드형),21,
D-016,"지자체·정부부처 프로젝트[사업명, 수원국, 시행기관(부처/지자체명), 사업 유형, 사업 기간, 사업비, 분야]",entity,v124-d-016-entity-00113,D-016_ministry_local_project_registry,VNM,,,,,,,,,서태평양지역 개도국 바이오의약품 평가 및 허가 기술지원,,,"{""38대_기후기술"":null,""CRS번호"":""2015008160"",""Rio_Marker"":""태깅 없음"",""구분태그"":null,""기관유형"":""정부부처(중앙행정기관)"",""기술매핑_근거"":""미매핑(N3) · 기후기술 비대상 분야 · DAC 12110 보건정책 및 행정관리"",""기준연도"":null,""대표금액"":136625,""레코드구분"":""개별"",""명칭"":""서태평양지역 개도국 바이오의약품 평가 및 허가 기술지원"",""보고기관"":""식품의약품안전처"",""보고연도"":""2015~2015(1개 연도행 합산)"",""분야_DAC"":""보건정책 및 행정관리(12110)"",""사업기간"":""2015-10-04~2016-09-04"",""사업번호"":""20151460004_003"",""상태"":""완료"",""시행기관"":""원천 미기재"",""약정액_합계"":""136,625 USD"",""원조유형"":""프로젝트 원조"",""원지표ID"":null,""자금형태"":""무상, 출연(분담금 포함)"",""지출액_합계"":""136,625 USD"",""참고"":null}",,,국무조정실 ODA Korea 통합 통계(OECD CRS 보고 원자료) — 한국수출입은행(EDCF)·한국국제협력단(KOICA)·정부부처·지방자치단체 제출분,https://stats.odakorea.go.kr/portal/oda/spot/statistics,공공누리 제1유형(출처표시),D-016.xlsx,1.2_entity(레코드형),156,
D-016,"지자체·정부부처 프로젝트[사업명, 수원국, 시행기관(부처/지자체명), 사업 유형, 사업 기간, 사업비, 분야]",entity,v124-d-016-entity-00114,D-016_ministry_local_project_registry,VNM,,,,,,,,,"베트남 장애인 정보격차 해소지원 (2015-2017/1,303백만원/CPP/한국장애인재활협회/phase 2)",,,"{""38대_기후기술"":null,""CRS번호"":""2015014836"",""Rio_Marker"":""태깅 없음"",""구분태그"":null,""기관유형"":""정부부처(중앙행정기관)"",""기술매핑_근거"":""미매핑(N3) · 기후기술 비대상 분야 · DAC 16010 사회보호/보장"",""기준연도"":null,""대표금액"":1010759,""레코드구분"":""개별"",""명칭"":""베트남 장애인 정보격차 해소지원 (2015-2017/1,303백만원/CPP/한국장애인재활협회/phase 2)"",""보고기관"":""외교부"",""보고연도"":""2015~2017(3개 연도행 합산)"",""분야_DAC"":""사회보호/보장(16010)"",""사업기간"":""2015-01-01~2017-12-31"",""사업번호"":""2015140319025"",""상태"":""완료"",""시행기관"":""공여국내 NGO"",""약정액_합계"":""1,010,759 USD"",""원조유형"":""프로젝트 원조"",""원지표ID"":null,""자금형태"":""무상, 출연(분담금 포함)"",""지출액_합계"":""943,524 USD"",""참고"":null}",,,국무조정실 ODA Korea 통합 통계(OECD CRS 보고 원자료) — 한국수출입은행(EDCF)·한국국제협력단(KOICA)·정부부처·지방자치단체 제출분,https://stats.odakorea.go.kr/portal/oda/spot/statistics,공공누리 제1유형(출처표시),D-016.xlsx,1.2_entity(레코드형),59,
D-016,"지자체·정부부처 프로젝트[사업명, 수원국, 시행기관(부처/지자체명), 사업 유형, 사업 기간, 사업비, 분야]",entity,v124-d-016-entity-00115,D-016_ministry_local_project_registry,VNM,,,,,,,,,"베트남 고엽제피해아동 재활치료 소외 감소 및 삶의 질 개선 (2015-2017/1,379백만원/CPP/메디피스)",,,"{""38대_기후기술"":null,""CRS번호"":""2015014850"",""Rio_Marker"":""태깅 없음"",""구분태그"":null,""기관유형"":""정부부처(중앙행정기관)"",""기술매핑_근거"":""미매핑(N3) · 기후기술 비대상 분야 · DAC 12191 의료서비스"",""기준연도"":null,""대표금액"":1065577,""레코드구분"":""개별"",""명칭"":""베트남 고엽제피해아동 재활치료 소외 감소 및 삶의 질 개선 (2015-2017/1,379백만원/CPP/메디피스)"",""보고기관"":""외교부"",""보고연도"":""2015~2017(3개 연도행 합산)"",""분야_DAC"":""의료서비스(12191)"",""사업기간"":""2015-01-01~2017-12-31"",""사업번호"":""2015140319042"",""상태"":""완료"",""시행기관"":""공여국내 NGO"",""약정액_합계"":""1,065,577 USD"",""원조유형"":""프로젝트 원조"",""원지표ID"":null,""자금형태"":""무상, 출연(분담금 포함)"",""지출액_합계"":""1,036,010 USD"",""참고"":null}",,,국무조정실 ODA Korea 통합 통계(OECD CRS 보고 원자료) — 한국수출입은행(EDCF)·한국국제협력단(KOICA)·정부부처·지방자치단체 제출분,https://stats.odakorea.go.kr/portal/oda/spot/statistics,공공누리 제1유형(출처표시),D-016.xlsx,1.2_entity(레코드형),57,
D-016,"지자체·정부부처 프로젝트[사업명, 수원국, 시행기관(부처/지자체명), 사업 유형, 사업 기간, 사업비, 분야]",entity,v124-d-016-entity-00116,D-016_ministry_local_project_registry,VNM,,,,,,,,,아세안대학 이러닝 지원,,,"{""38대_기후기술"":null,""CRS번호"":""2016004554"",""Rio_Marker"":""태깅 없음"",""구분태그"":null,""기관유형"":""정부부처(중앙행정기관)"",""기술매핑_근거"":""미매핑(N3) · 기후기술 비대상 분야 · DAC 11420 전문대,대학(원) 교육"",""기준연도"":null,""대표금액"":356284,""레코드구분"":""개별"",""명칭"":""아세안대학 이러닝 지원"",""보고기관"":""교육부"",""보고연도"":""2016~2016(1개 연도행 합산)"",""분야_DAC"":""전문대,대학(원) 교육(11420)"",""사업기간"":""2016-03-23~2016-12-31"",""사업번호"":""20131770010_001"",""상태"":""완료"",""시행기관"":""한국교육학술정보원"",""약정액_합계"":""356,284 USD"",""원조유형"":""프로젝트 원조"",""원지표ID"":null,""자금형태"":""무상, 출연(분담금 포함)"",""지출액_합계"":""356,284 USD"",""참고"":null}",,,국무조정실 ODA Korea 통합 통계(OECD CRS 보고 원자료) — 한국수출입은행(EDCF)·한국국제협력단(KOICA)·정부부처·지방자치단체 제출분,https://stats.odakorea.go.kr/portal/oda/spot/statistics,공공누리 제1유형(출처표시),D-016.xlsx,1.2_entity(레코드형),103,
D-016,"지자체·정부부처 프로젝트[사업명, 수원국, 시행기관(부처/지자체명), 사업 유형, 사업 기간, 사업비, 분야]",entity,v124-d-016-entity-00117,D-016_ministry_local_project_registry,VNM,,,,,,,,,국제협력선도대학육성지원사업(시행코드 177-16-001~009),,,"{""38대_기후기술"":null,""CRS번호"":""2016004705"",""Rio_Marker"":""태깅 없음"",""구분태그"":null,""기관유형"":""정부부처(중앙행정기관)"",""기술매핑_근거"":""미매핑(N3) · 기후기술 비대상 분야 · DAC 11420 전문대,대학(원) 교육"",""기준연도"":null,""대표금액"":360161,""레코드구분"":""개별"",""명칭"":""국제협력선도대학육성지원사업(시행코드 177-16-001~009)"",""보고기관"":""교육부"",""보고연도"":""2016~2016(1개 연도행 합산)"",""분야_DAC"":""전문대,대학(원) 교육(11420)"",""사업기간"":""2016-01-03~2016-12-31"",""사업번호"":""20151770062_02"",""상태"":""완료"",""시행기관"":""교육부, 한국연구재단, 국제협력선도대학"",""약정액_합계"":""360,161 USD"",""원조유형"":""프로젝트 원조"",""원지표ID"":null,""자금형태"":""무상, 출연(분담금 포함)"",""지출액_합계"":""360,161 USD"",""참고"":null}",,,국무조정실 ODA Korea 통합 통계(OECD CRS 보고 원자료) — 한국수출입은행(EDCF)·한국국제협력단(KOICA)·정부부처·지방자치단체 제출분,https://stats.odakorea.go.kr/portal/oda/spot/statistics,공공누리 제1유형(출처표시),D-016.xlsx,1.2_entity(레코드형),102,
D-016,"지자체·정부부처 프로젝트[사업명, 수원국, 시행기관(부처/지자체명), 사업 유형, 사업 기간, 사업비, 분야]",entity,v124-d-016-entity-00118,D-016_ministry_local_project_registry,VNM,,,,,,,,,"첨단 ICT 활용 시범교실 구축,운영 지원 사업",,,"{""38대_기후기술"":null,""CRS번호"":""2016004709"",""Rio_Marker"":""태깅 없음"",""구분태그"":null,""기관유형"":""정부부처(중앙행정기관)"",""기술매핑_근거"":""미매핑(N3) · 기후기술 비대상 분야 · DAC 11320 중고등교육"",""기준연도"":null,""대표금액"":125442,""레코드구분"":""개별"",""명칭"":""첨단 ICT 활용 시범교실 구축,운영 지원 사업"",""보고기관"":""교육부"",""보고연도"":""2016~2016(1개 연도행 합산)"",""분야_DAC"":""중고등교육(11320)"",""사업기간"":""2016-01-01~2016-09-12"",""사업번호"":""20141770031_001"",""상태"":""완료"",""시행기관"":""교육부"",""약정액_합계"":""125,442 USD"",""원조유형"":""프로젝트 원조"",""원지표ID"":null,""자금형태"":""무상, 출연(분담금 포함)"",""지출액_합계"":""125,442 USD"",""참고"":null}",,,국무조정실 ODA Korea 통합 통계(OECD CRS 보고 원자료) — 한국수출입은행(EDCF)·한국국제협력단(KOICA)·정부부처·지방자치단체 제출분,https://stats.odakorea.go.kr/portal/oda/spot/statistics,공공누리 제1유형(출처표시),D-016.xlsx,1.2_entity(레코드형),162,
D-016,"지자체·정부부처 프로젝트[사업명, 수원국, 시행기관(부처/지자체명), 사업 유형, 사업 기간, 사업비, 분야]",entity,v124-d-016-entity-00119,D-016_ministry_local_project_registry,VNM,,,,,,,,,재난안전 신기술 해외보급,,,"{""38대_기후기술"":null,""CRS번호"":""2016004824"",""Rio_Marker"":""태깅 없음"",""구분태그"":null,""기관유형"":""정부부처(중앙행정기관)"",""기술매핑_근거"":""미매핑(N3) · 기후기술 비대상 분야 · DAC 16010 사회보호/보장"",""기준연도"":null,""대표금액"":321683,""레코드구분"":""개별"",""명칭"":""재난안전 신기술 해외보급"",""보고기관"":""(구)국민안전처"",""보고연도"":""2016~2016(1개 연도행 합산)"",""분야_DAC"":""사회보호/보장(16010)"",""사업기간"":""2016-01-01~2016-12-31"",""사업번호"":""20161870002_001"",""상태"":""완료"",""시행기관"":""국립재난안전연구원"",""약정액_합계"":""321,683 USD"",""원조유형"":""프로젝트 원조"",""원지표ID"":null,""자금형태"":""무상, 출연(분담금 포함)"",""지출액_합계"":""321,683 USD"",""참고"":null}",,,국무조정실 ODA Korea 통합 통계(OECD CRS 보고 원자료) — 한국수출입은행(EDCF)·한국국제협력단(KOICA)·정부부처·지방자치단체 제출분,https://stats.odakorea.go.kr/portal/oda/spot/statistics,공공누리 제1유형(출처표시),D-016.xlsx,1.2_entity(레코드형),113,
D-016,"지자체·정부부처 프로젝트[사업명, 수원국, 시행기관(부처/지자체명), 사업 유형, 사업 기간, 사업비, 분야]",entity,v124-d-016-entity-00120,D-016_ministry_local_project_registry,VNM,,,,,,,,,베트남 CM 공급사업,,,"{""38대_기후기술"":null,""CRS번호"":""2016004829"",""Rio_Marker"":""태깅 없음"",""구분태그"":null,""기관유형"":""정부부처(중앙행정기관)"",""기술매핑_근거"":""미매핑(N3) · 기후기술 비대상 분야 · DAC 32310 건설정책 및 행정관리"",""기준연도"":null,""대표금액"":189451,""레코드구분"":""개별"",""명칭"":""베트남 CM 공급사업"",""보고기관"":""국토교통부"",""보고연도"":""2016~2016(1개 연도행 합산)"",""분야_DAC"":""건설정책 및 행정관리(32310)"",""사업기간"":""2016-02-26~2016-02-26"",""사업번호"":""20151780006"",""상태"":""완료"",""시행기관"":""국토교통부"",""약정액_합계"":""189,451 USD"",""원조유형"":""프로젝트 원조"",""원지표ID"":null,""자금형태"":""무상, 출연(분담금 포함)"",""지출액_합계"":""189,451 USD"",""참고"":null}",,,국무조정실 ODA Korea 통합 통계(OECD CRS 보고 원자료) — 한국수출입은행(EDCF)·한국국제협력단(KOICA)·정부부처·지방자치단체 제출분,https://stats.odakorea.go.kr/portal/oda/spot/statistics,공공누리 제1유형(출처표시),D-016.xlsx,1.2_entity(레코드형),139,
D-016,"지자체·정부부처 프로젝트[사업명, 수원국, 시행기관(부처/지자체명), 사업 유형, 사업 기간, 사업비, 분야]",entity,v124-d-016-entity-00121,D-016_ministry_local_project_registry,VNM,,,,,,,,,개도국 인프라 마스터플랜 수립 용역,,,"{""38대_기후기술"":null,""CRS번호"":""2016004844"",""Rio_Marker"":""태깅 없음"",""구분태그"":null,""기관유형"":""정부부처(중앙행정기관)"",""기술매핑_근거"":""미매핑(N3) · 기후기술 비대상 분야 · DAC 32310 건설정책 및 행정관리"",""기준연도"":null,""대표금액"":1036189,""레코드구분"":""개별"",""명칭"":""개도국 인프라 마스터플랜 수립 용역"",""보고기관"":""국토교통부"",""보고연도"":""2016~2016(1개 연도행 합산)"",""분야_DAC"":""건설정책 및 행정관리(32310)"",""사업기간"":""2015-01-03~2015-12-31"",""사업번호"":""20151780005_001"",""상태"":""완료"",""시행기관"":""국토교통부"",""약정액_합계"":""1,036,189 USD"",""원조유형"":""프로젝트 원조"",""원지표ID"":null,""자금형태"":""무상, 출연(분담금 포함)"",""지출액_합계"":""1,036,189 USD"",""참고"":null}",,,국무조정실 ODA Korea 통합 통계(OECD CRS 보고 원자료) — 한국수출입은행(EDCF)·한국국제협력단(KOICA)·정부부처·지방자치단체 제출분,https://stats.odakorea.go.kr/portal/oda/spot/statistics,공공누리 제1유형(출처표시),D-016.xlsx,1.2_entity(레코드형),58,
D-016,"지자체·정부부처 프로젝트[사업명, 수원국, 시행기관(부처/지자체명), 사업 유형, 사업 기간, 사업비, 분야]",entity,v124-d-016-entity-00122,D-016_ministry_local_project_registry,VNM,,,,,,,,,해외 작은도서관 조성 지원,,,"{""38대_기후기술"":null,""CRS번호"":""2016005524"",""Rio_Marker"":""태깅 없음"",""구분태그"":null,""기관유형"":""정부부처(중앙행정기관)"",""기술매핑_근거"":""미매핑(N3) · 기후기술 비대상 분야 · DAC 16061 문화 및 레크리에이션"",""기준연도"":null,""대표금액"":204034,""레코드구분"":""개별"",""명칭"":""해외 작은도서관 조성 지원"",""보고기관"":""문화체육관광부"",""보고연도"":""2016~2016(1개 연도행 합산)"",""분야_DAC"":""문화 및 레크리에이션(16061)"",""사업기간"":""2016-01-08~2017-01-03"",""사업번호"":""20141380013_001"",""상태"":""완료"",""시행기관"":""한국문화산업교류재단"",""약정액_합계"":""204,034 USD"",""원조유형"":""프로젝트 원조"",""원지표ID"":null,""자금형태"":""무상, 출연(분담금 포함)"",""지출액_합계"":""204,034 USD"",""참고"":null}",,,국무조정실 ODA Korea 통합 통계(OECD CRS 보고 원자료) — 한국수출입은행(EDCF)·한국국제협력단(KOICA)·정부부처·지방자치단체 제출분,https://stats.odakorea.go.kr/portal/oda/spot/statistics,공공누리 제1유형(출처표시),D-016.xlsx,1.2_entity(레코드형),133,
D-016,"지자체·정부부처 프로젝트[사업명, 수원국, 시행기관(부처/지자체명), 사업 유형, 사업 기간, 사업비, 분야]",entity,v124-d-016-entity-00123,D-016_ministry_local_project_registry,VNM,,,,,,,,,개도국 방송환경 개선지원,,,"{""38대_기후기술"":null,""CRS번호"":""2016005700"",""Rio_Marker"":""태깅 없음"",""구분태그"":null,""기관유형"":""정부부처(중앙행정기관)"",""기술매핑_근거"":""미매핑(N3) · 기후기술 비대상 분야 · DAC 22030 라디오/텔레비전/인쇄매체"",""기준연도"":null,""대표금액"":301632,""레코드구분"":""개별"",""명칭"":""개도국 방송환경 개선지원"",""보고기관"":""(구)미래창조과학부"",""보고연도"":""2016~2016(1개 연도행 합산)"",""분야_DAC"":""라디오/텔레비전/인쇄매체(22030)"",""사업기간"":""2016-01-01~2016-12-31"",""사업번호"":""20151810031_002"",""상태"":""완료"",""시행기관"":""한국전파진흥협회"",""약정액_합계"":""301,632 USD"",""원조유형"":""프로젝트 원조"",""원지표ID"":null,""자금형태"":""무상, 출연(분담금 포함)"",""지출액_합계"":""301,632 USD"",""참고"":null}",,,국무조정실 ODA Korea 통합 통계(OECD CRS 보고 원자료) — 한국수출입은행(EDCF)·한국국제협력단(KOICA)·정부부처·지방자치단체 제출분,https://stats.odakorea.go.kr/portal/oda/spot/statistics,공공누리 제1유형(출처표시),D-016.xlsx,1.2_entity(레코드형),114,
D-016,"지자체·정부부처 프로젝트[사업명, 수원국, 시행기관(부처/지자체명), 사업 유형, 사업 기간, 사업비, 분야]",entity,v124-d-016-entity-00124,D-016_ministry_local_project_registry,VNM,,,,,,,,,산업통상협력개발지원사업(베트남 농기계 개량시범보급),,,"{""38대_기후기술"":null,""CRS번호"":""2016005874"",""Rio_Marker"":""태깅 없음"",""구분태그"":null,""기관유형"":""정부부처(중앙행정기관)"",""기술매핑_근거"":""미매핑(N3) · 기후기술 비대상 분야 · DAC 32120 공업 개발"",""기준연도"":null,""대표금액"":1378609,""레코드구분"":""개별"",""명칭"":""산업통상협력개발지원사업(베트남 농기계 개량시범보급)"",""보고기관"":""산업통상자원부"",""보고연도"":""2016~2016(1개 연도행 합산)"",""분야_DAC"":""공업 개발(32120)"",""사업기간"":""2015-01-05~2018-12-31"",""사업번호"":""20161800022"",""상태"":""완료"",""시행기관"":""한국산업기술진흥원"",""약정액_합계"":""1,378,609 USD"",""원조유형"":""프로젝트 원조"",""원지표ID"":null,""자금형태"":""무상, 출연(분담금 포함)"",""지출액_합계"":""1,378,609 USD"",""참고"":null}",,,국무조정실 ODA Korea 통합 통계(OECD CRS 보고 원자료) — 한국수출입은행(EDCF)·한국국제협력단(KOICA)·정부부처·지방자치단체 제출분,https://stats.odakorea.go.kr/portal/oda/spot/statistics,공공누리 제1유형(출처표시),D-016.xlsx,1.2_entity(레코드형),46,
D-016,"지자체·정부부처 프로젝트[사업명, 수원국, 시행기관(부처/지자체명), 사업 유형, 사업 기간, 사업비, 분야]",entity,v124-d-016-entity-00125,D-016_ministry_local_project_registry,VNM,,,,,,,,,전략국가기술협력사업,,,"{""38대_기후기술"":null,""CRS번호"":""2016005884"",""Rio_Marker"":""태깅 없음"",""구분태그"":null,""기관유형"":""정부부처(중앙행정기관)"",""기술매핑_근거"":""미매핑(N3) · 기후기술 비대상 분야 · DAC 32120 공업 개발"",""기준연도"":null,""대표금액"":1723261,""레코드구분"":""개별"",""명칭"":""전략국가기술협력사업"",""보고기관"":""산업통상자원부"",""보고연도"":""2016~2016(1개 연도행 합산)"",""분야_DAC"":""공업 개발(32120)"",""사업기간"":""2012-01-02~2019-12-31"",""사업번호"":""20161800032"",""상태"":""완료"",""시행기관"":""한국산업기술진흥원"",""약정액_합계"":""1,723,261 USD"",""원조유형"":""프로젝트 원조"",""원지표ID"":null,""자금형태"":""무상, 출연(분담금 포함)"",""지출액_합계"":""1,723,261 USD"",""참고"":null}",,,국무조정실 ODA Korea 통합 통계(OECD CRS 보고 원자료) — 한국수출입은행(EDCF)·한국국제협력단(KOICA)·정부부처·지방자치단체 제출분,https://stats.odakorea.go.kr/portal/oda/spot/statistics,공공누리 제1유형(출처표시),D-016.xlsx,1.2_entity(레코드형),40,
D-016,"지자체·정부부처 프로젝트[사업명, 수원국, 시행기관(부처/지자체명), 사업 유형, 사업 기간, 사업비, 분야]",entity,v124-d-016-entity-00126,D-016_ministry_local_project_registry,VNM,,,,,,,,,서태평양지역 개도국 바이오의약품 평가 및 허가 기술지원,,,"{""38대_기후기술"":null,""CRS번호"":""2016005964"",""Rio_Marker"":""태깅 없음"",""구분태그"":null,""기관유형"":""정부부처(중앙행정기관)"",""기술매핑_근거"":""미매핑(N3) · 기후기술 비대상 분야 · DAC 12110 보건정책 및 행정관리"",""기준연도"":null,""대표금액"":133552,""레코드구분"":""개별"",""명칭"":""서태평양지역 개도국 바이오의약품 평가 및 허가 기술지원"",""보고기관"":""식품의약품안전처"",""보고연도"":""2016~2016(1개 연도행 합산)"",""분야_DAC"":""보건정책 및 행정관리(12110)"",""사업기간"":""2016-01-04~2020-03-31"",""사업번호"":""20161460018_002"",""상태"":""완료"",""시행기관"":""세계보건기구"",""약정액_합계"":""133,552 USD"",""원조유형"":""프로젝트 원조"",""원지표ID"":null,""자금형태"":""무상, 출연(분담금 포함)"",""지출액_합계"":""133,552 USD"",""참고"":null}",,,국무조정실 ODA Korea 통합 통계(OECD CRS 보고 원자료) — 한국수출입은행(EDCF)·한국국제협력단(KOICA)·정부부처·지방자치단체 제출분,https://stats.odakorea.go.kr/portal/oda/spot/statistics,공공누리 제1유형(출처표시),D-016.xlsx,1.2_entity(레코드형),157,
D-016,"지자체·정부부처 프로젝트[사업명, 수원국, 시행기관(부처/지자체명), 사업 유형, 사업 기간, 사업비, 분야]",entity,v124-d-016-entity-00127,D-016_ministry_local_project_registry,VNM,,,,,,,,,베트남 호치민시 도시빈곤지역 아동복지센터개발(2016-2018/293백만원/CPP/부스러기사랑나눔회/Phase2),,,"{""38대_기후기술"":null,""CRS번호"":""2016008576"",""Rio_Marker"":""태깅 없음"",""구분태그"":null,""기관유형"":""정부부처(중앙행정기관)"",""기술매핑_근거"":""미매핑(N3) · 기후기술 비대상 분야 · DAC 11230 성인 기초생활교육"",""기준연도"":null,""대표금액"":199105,""레코드구분"":""개별"",""명칭"":""베트남 호치민시 도시빈곤지역 아동복지센터개발(2016-2018/293백만원/CPP/부스러기사랑나눔회/Phase2)"",""보고기관"":""외교부"",""보고연도"":""2016~2019(4개 연도행 합산)"",""분야_DAC"":""성인 기초생활교육(11230)"",""사업기간"":""2016-04-01~2019-03-31"",""사업번호"":""2016140000003"",""상태"":""완료"",""시행기관"":""공여국내 NGO"",""약정액_합계"":""199,105 USD"",""원조유형"":""프로젝트 원조"",""원지표ID"":null,""자금형태"":""무상, 출연(분담금 포함)"",""지출액_합계"":""204,692 USD"",""참고"":null}",,,국무조정실 ODA Korea 통합 통계(OECD CRS 보고 원자료) — 한국수출입은행(EDCF)·한국국제협력단(KOICA)·정부부처·지방자치단체 제출분,https://stats.odakorea.go.kr/portal/oda/spot/statistics,공공누리 제1유형(출처표시),D-016.xlsx,1.2_entity(레코드형),135,
D-016,"지자체·정부부처 프로젝트[사업명, 수원국, 시행기관(부처/지자체명), 사업 유형, 사업 기간, 사업비, 분야]",entity,v124-d-016-entity-00128,D-016_ministry_local_project_registry,VNM,,,,,,,,,베트남 탄소배출권 제도 도입을 위한 역량강화 사업 및 표준모델 수립(2016/300백만원/APP)/연세대학교 원주산학협력단 기후금융연구원),,,"{""38대_기후기술"":null,""CRS번호"":""2016008599"",""Rio_Marker"":""태깅 없음"",""구분태그"":null,""기관유형"":""정부부처(중앙행정기관)"",""기술매핑_근거"":""미매핑(N2) · 복합·다기술 분류로 주기술 특정 불가 · DAC 23110 에너지정책 및 행정관리"",""기준연도"":null,""대표금액"":232541,""레코드구분"":""개별"",""명칭"":""베트남 탄소배출권 제도 도입을 위한 역량강화 사업 및 표준모델 수립(2016/300백만원/APP)/연세대학교 원주산학협력단 기후금융연구원)"",""보고기관"":""외교부"",""보고연도"":""2016~2016(1개 연도행 합산)"",""분야_DAC"":""에너지정책 및 행정관리(23110)"",""사업기간"":""2016-01-03~2017-02-28"",""사업번호"":""2016140000026"",""상태"":""완료"",""시행기관"":""연세대학교 원주산학협력단"",""약정액_합계"":""232,541 USD"",""원조유형"":""프로젝트 원조"",""원지표ID"":null,""자금형태"":""무상, 출연(분담금 포함)"",""지출액_합계"":""232,541 USD"",""참고"":null}",,,국무조정실 ODA Korea 통합 통계(OECD CRS 보고 원자료) — 한국수출입은행(EDCF)·한국국제협력단(KOICA)·정부부처·지방자치단체 제출분,https://stats.odakorea.go.kr/portal/oda/spot/statistics,공공누리 제1유형(출처표시),D-016.xlsx,1.2_entity(레코드형),130,
D-016,"지자체·정부부처 프로젝트[사업명, 수원국, 시행기관(부처/지자체명), 사업 유형, 사업 기간, 사업비, 분야]",entity,v124-d-016-entity-00129,D-016_ministry_local_project_registry,VNM,,,,,,,,,"베트남 언어치료, 청각사 전문 인력 양성 및 역량 강화(2016-2018/600백만원/APP1-2)/전북대학교)",,,"{""38대_기후기술"":null,""CRS번호"":""2016008606"",""Rio_Marker"":""태깅 없음"",""구분태그"":null,""기관유형"":""정부부처(중앙행정기관)"",""기술매핑_근거"":""미매핑(N3) · 기후기술 비대상 분야 · DAC 11420 전문대,대학(원) 교육"",""기준연도"":null,""대표금액"":465281,""레코드구분"":""개별"",""명칭"":""베트남 언어치료, 청각사 전문 인력 양성 및 역량 강화(2016-2018/600백만원/APP1-2)/전북대학교)"",""보고기관"":""외교부"",""보고연도"":""2016~2017(2개 연도행 합산)"",""분야_DAC"":""전문대,대학(원) 교육(11420)"",""사업기간"":""2016-01-03~2017-12-31"",""사업번호"":""2016140000033"",""상태"":""완료"",""시행기관"":""전북대학교"",""약정액_합계"":""465,281 USD"",""원조유형"":""프로젝트 원조"",""원지표ID"":null,""자금형태"":""무상, 출연(분담금 포함)"",""지출액_합계"":""471,444 USD"",""참고"":null}",,,국무조정실 ODA Korea 통합 통계(OECD CRS 보고 원자료) — 한국수출입은행(EDCF)·한국국제협력단(KOICA)·정부부처·지방자치단체 제출분,https://stats.odakorea.go.kr/portal/oda/spot/statistics,공공누리 제1유형(출처표시),D-016.xlsx,1.2_entity(레코드형),87,
D-016,"지자체·정부부처 프로젝트[사업명, 수원국, 시행기관(부처/지자체명), 사업 유형, 사업 기간, 사업비, 분야]",entity,v124-d-016-entity-00130,D-016_ministry_local_project_registry,VNM,,,,,,,,,베트남 태풍 피해 지원,,,"{""38대_기후기술"":null,""CRS번호"":""2017081141"",""Rio_Marker"":""태깅 없음"",""구분태그"":null,""기관유형"":""정부부처(중앙행정기관)"",""기술매핑_근거"":""미매핑(N3) · 기후기술 비대상 분야 · DAC 73010 사후 재건"",""기준연도"":null,""대표금액"":996851,""레코드구분"":""개별"",""명칭"":""베트남 태풍 피해 지원"",""보고기관"":""외교부"",""보고연도"":""2017~2017(1개 연도행 합산)"",""분야_DAC"":""사후 재건(73010)"",""사업기간"":""2017-01-01~2017-12-31"",""사업번호"":""201717606209"",""상태"":""완료"",""시행기관"":""유엔개발계획(UNDP)"",""약정액_합계"":""996,851 USD"",""원조유형"":""프로젝트 원조"",""원지표ID"":null,""자금형태"":""무상, 출연(분담금 포함)"",""지출액_합계"":""996,851 USD"",""참고"":null}",,,국무조정실 ODA Korea 통합 통계(OECD CRS 보고 원자료) — 한국수출입은행(EDCF)·한국국제협력단(KOICA)·정부부처·지방자치단체 제출분,https://stats.odakorea.go.kr/portal/oda/spot/statistics,공공누리 제1유형(출처표시),D-016.xlsx,1.2_entity(레코드형),60,
D-016,"지자체·정부부처 프로젝트[사업명, 수원국, 시행기관(부처/지자체명), 사업 유형, 사업 기간, 사업비, 분야]",entity,v124-d-016-entity-00131,D-016_ministry_local_project_registry,VNM,,,,,,,,,베트남 빈곤계층 자활을 위한 직업훈련 및 보육환경 구축(2016-2018/1300백만원/CPP/국제연꽃마을),,,"{""38대_기후기술"":null,""CRS번호"":""2017081291"",""Rio_Marker"":""태깅 없음"",""구분태그"":null,""기관유형"":""정부부처(중앙행정기관)"",""기술매핑_근거"":""미매핑(N3) · 기후기술 비대상 분야 · DAC 11330 직업훈련(기초,중등수준)"",""기준연도"":null,""대표금액"":775468,""레코드구분"":""개별"",""명칭"":""베트남 빈곤계층 자활을 위한 직업훈련 및 보육환경 구축(2016-2018/1300백만원/CPP/국제연꽃마을)"",""보고기관"":""외교부"",""보고연도"":""2016~2018(3개 연도행 합산)"",""분야_DAC"":""직업훈련(기초,중등수준)(11330)"",""사업기간"":""2016-06-01~2018-12-31"",""사업번호"":""2016140000004"",""상태"":""완료"",""시행기관"":""국제연꽃마을"",""약정액_합계"":""775,468 USD"",""원조유형"":""프로젝트 원조"",""원지표ID"":null,""자금형태"":""무상, 출연(분담금 포함)"",""지출액_합계"":""796,508 USD"",""참고"":null}",,,국무조정실 ODA Korea 통합 통계(OECD CRS 보고 원자료) — 한국수출입은행(EDCF)·한국국제협력단(KOICA)·정부부처·지방자치단체 제출분,https://stats.odakorea.go.kr/portal/oda/spot/statistics,공공누리 제1유형(출처표시),D-016.xlsx,1.2_entity(레코드형),71,
D-016,"지자체·정부부처 프로젝트[사업명, 수원국, 시행기관(부처/지자체명), 사업 유형, 사업 기간, 사업비, 분야]",entity,v124-d-016-entity-00132,D-016_ministry_local_project_registry,VNM,,,,,,,,,서태평양지역 개도국 바이오의약품 평가 및 허가 기술지원,,,"{""38대_기후기술"":null,""CRS번호"":""2017083508"",""Rio_Marker"":""태깅 없음"",""구분태그"":null,""기관유형"":""정부부처(중앙행정기관)"",""기술매핑_근거"":""미매핑(N3) · 기후기술 비대상 분야 · DAC 12110 보건정책 및 행정관리"",""기준연도"":null,""대표금액"":152215,""레코드구분"":""개별"",""명칭"":""서태평양지역 개도국 바이오의약품 평가 및 허가 기술지원"",""보고기관"":""식품의약품안전처"",""보고연도"":""2017~2017(1개 연도행 합산)"",""분야_DAC"":""보건정책 및 행정관리(12110)"",""사업기간"":""2017-04-01~2018-03-31"",""사업번호"":""20151460008_001"",""상태"":""완료"",""시행기관"":""세계보건기구"",""약정액_합계"":""152,215 USD"",""원조유형"":""프로젝트 원조"",""원지표ID"":null,""자금형태"":""무상, 출연(분담금 포함)"",""지출액_합계"":""152,215 USD"",""참고"":null}",,,국무조정실 ODA Korea 통합 통계(OECD CRS 보고 원자료) — 한국수출입은행(EDCF)·한국국제협력단(KOICA)·정부부처·지방자치단체 제출분,https://stats.odakorea.go.kr/portal/oda/spot/statistics,공공누리 제1유형(출처표시),D-016.xlsx,1.2_entity(레코드형),149,
D-016,"지자체·정부부처 프로젝트[사업명, 수원국, 시행기관(부처/지자체명), 사업 유형, 사업 기간, 사업비, 분야]",entity,v124-d-016-entity-00133,D-016_ministry_local_project_registry,VNM,,,,,,,,,재난 안전 신기술 해외보급,,,"{""38대_기후기술"":null,""CRS번호"":""2017083524"",""Rio_Marker"":""태깅 없음"",""구분태그"":null,""기관유형"":""정부부처(중앙행정기관)"",""기술매핑_근거"":""미매핑(N3) · 기후기술 비대상 분야 · DAC 16010 사회보호/보장"",""기준연도"":null,""대표금액"":352970,""레코드구분"":""개별"",""명칭"":""재난 안전 신기술 해외보급"",""보고기관"":""행정안전부"",""보고연도"":""2017~2017(1개 연도행 합산)"",""분야_DAC"":""사회보호/보장(16010)"",""사업기간"":""2017-05-02~2017-12-28"",""사업번호"":""20161870003_002"",""상태"":""완료"",""시행기관"":""행정안전부"",""약정액_합계"":""352,970 USD"",""원조유형"":""프로젝트 원조"",""원지표ID"":null,""자금형태"":""무상, 출연(분담금 포함)"",""지출액_합계"":""352,970 USD"",""참고"":null}",,,국무조정실 ODA Korea 통합 통계(OECD CRS 보고 원자료) — 한국수출입은행(EDCF)·한국국제협력단(KOICA)·정부부처·지방자치단체 제출분,https://stats.odakorea.go.kr/portal/oda/spot/statistics,공공누리 제1유형(출처표시),D-016.xlsx,1.2_entity(레코드형),105,
D-016,"지자체·정부부처 프로젝트[사업명, 수원국, 시행기관(부처/지자체명), 사업 유형, 사업 기간, 사업비, 분야]",entity,v124-d-016-entity-00134,D-016_ministry_local_project_registry,VNM,,,,,,,,,베트남(달랏) 한국어 스마트교실,,,"{""38대_기후기술"":null,""CRS번호"":""2017083690"",""Rio_Marker"":""태깅 없음"",""구분태그"":null,""기관유형"":""지자체"",""기술매핑_근거"":""미매핑(N3) · 기후기술 비대상 분야 · DAC 11120 교육시설 및 특별연수"",""기준연도"":null,""대표금액"":88446,""레코드구분"":""개별"",""명칭"":""베트남(달랏) 한국어 스마트교실"",""보고기관"":""지방자치단체(경기도)"",""보고연도"":""2017~2017(1개 연도행 합산)"",""분야_DAC"":""교육시설 및 특별연수(11120)"",""사업기간"":""2017-06-15~2017-12-31"",""사업번호"":""201711300411"",""상태"":""완료"",""시행기관"":""사단법인 한베문화교류협회"",""약정액_합계"":""88,446 USD"",""원조유형"":""프로젝트 원조"",""원지표ID"":null,""자금형태"":""무상, 출연(분담금 포함)"",""지출액_합계"":""88,446 USD"",""참고"":null}",,,국무조정실 ODA Korea 통합 통계(OECD CRS 보고 원자료) — 한국수출입은행(EDCF)·한국국제협력단(KOICA)·정부부처·지방자치단체 제출분,https://stats.odakorea.go.kr/portal/oda/spot/statistics,공공누리 제1유형(출처표시),D-016.xlsx,1.2_entity(레코드형),175,
D-016,"지자체·정부부처 프로젝트[사업명, 수원국, 시행기관(부처/지자체명), 사업 유형, 사업 기간, 사업비, 분야]",entity,v124-d-016-entity-00135,D-016_ministry_local_project_registry,VNM,,,,,,,,,베트남(호치민) 한국어 스마트교실,,,"{""38대_기후기술"":null,""CRS번호"":""2017083695"",""Rio_Marker"":""태깅 없음"",""구분태그"":null,""기관유형"":""지자체"",""기술매핑_근거"":""미매핑(N3) · 기후기술 비대상 분야 · DAC 11120 교육시설 및 특별연수"",""기준연도"":null,""대표금액"":88446,""레코드구분"":""개별"",""명칭"":""베트남(호치민) 한국어 스마트교실"",""보고기관"":""지방자치단체(경기도)"",""보고연도"":""2017~2017(1개 연도행 합산)"",""분야_DAC"":""교육시설 및 특별연수(11120)"",""사업기간"":""2017-06-15~2017-12-31"",""사업번호"":""201711300433"",""상태"":""완료"",""시행기관"":""이화여자대학교 산학협력단"",""약정액_합계"":""88,446 USD"",""원조유형"":""프로젝트 원조"",""원지표ID"":null,""자금형태"":""무상, 출연(분담금 포함)"",""지출액_합계"":""88,446 USD"",""참고"":null}",,,국무조정실 ODA Korea 통합 통계(OECD CRS 보고 원자료) — 한국수출입은행(EDCF)·한국국제협력단(KOICA)·정부부처·지방자치단체 제출분,https://stats.odakorea.go.kr/portal/oda/spot/statistics,공공누리 제1유형(출처표시),D-016.xlsx,1.2_entity(레코드형),174,
D-016,"지자체·정부부처 프로젝트[사업명, 수원국, 시행기관(부처/지자체명), 사업 유형, 사업 기간, 사업비, 분야]",entity,v124-d-016-entity-00136,D-016_ministry_local_project_registry,VNM,,,,,,,,,방송제작 역량강화 교육과 공동 방송 프로그램 제작을 통한 우호네트워크 구축 사업,,,"{""38대_기후기술"":null,""CRS번호"":""2017083697"",""Rio_Marker"":""태깅 없음"",""구분태그"":null,""기관유형"":""지자체"",""기술매핑_근거"":""미매핑(N3) · 기후기술 비대상 분야 · DAC 16061 문화 및 레크리에이션"",""기준연도"":null,""대표금액"":123824,""레코드구분"":""개별"",""명칭"":""방송제작 역량강화 교육과 공동 방송 프로그램 제작을 통한 우호네트워크 구축 사업"",""보고기관"":""지방자치단체(경기도)"",""보고연도"":""2017~2017(1개 연도행 합산)"",""분야_DAC"":""문화 및 레크리에이션(16061)"",""사업기간"":""2017-06-15~2017-12-31"",""사업번호"":""201711300442"",""상태"":""완료"",""시행기관"":""(주)씨비에스아이"",""약정액_합계"":""123,824 USD"",""원조유형"":""프로젝트 원조"",""원지표ID"":null,""자금형태"":""무상, 출연(분담금 포함)"",""지출액_합계"":""123,824 USD"",""참고"":null}",,,국무조정실 ODA Korea 통합 통계(OECD CRS 보고 원자료) — 한국수출입은행(EDCF)·한국국제협력단(KOICA)·정부부처·지방자치단체 제출분,https://stats.odakorea.go.kr/portal/oda/spot/statistics,공공누리 제1유형(출처표시),D-016.xlsx,1.2_entity(레코드형),163,
D-016,"지자체·정부부처 프로젝트[사업명, 수원국, 시행기관(부처/지자체명), 사업 유형, 사업 기간, 사업비, 분야]",entity,v124-d-016-entity-00137,D-016_ministry_local_project_registry,VNM,,,,,,,,,베트남 과학수사역량 강화사업,,,"{""38대_기후기술"":null,""CRS번호"":""2017083870"",""Rio_Marker"":""태깅 없음"",""구분태그"":null,""기관유형"":""정부부처(중앙행정기관)"",""기술매핑_근거"":""미매핑(N3) · 기후기술 비대상 분야 · DAC 15210 치안제도 관리 및 개선"",""기준연도"":null,""대표금액"":1960845,""레코드구분"":""개별"",""명칭"":""베트남 과학수사역량 강화사업"",""보고기관"":""경찰청"",""보고연도"":""2017~2017(1개 연도행 합산)"",""분야_DAC"":""치안제도 관리 및 개선(15210)"",""사업기간"":""2017-04-19~2017-04-22"",""사업번호"":""201713100454"",""상태"":""완료"",""시행기관"":""경찰청"",""약정액_합계"":""1,960,845 USD"",""원조유형"":""프로젝트 원조"",""원지표ID"":null,""자금형태"":""무상, 출연(분담금 포함)"",""지출액_합계"":""1,960,845 USD"",""참고"":null}",,,국무조정실 ODA Korea 통합 통계(OECD CRS 보고 원자료) — 한국수출입은행(EDCF)·한국국제협력단(KOICA)·정부부처·지방자치단체 제출분,https://stats.odakorea.go.kr/portal/oda/spot/statistics,공공누리 제1유형(출처표시),D-016.xlsx,1.2_entity(레코드형),36,
D-016,"지자체·정부부처 프로젝트[사업명, 수원국, 시행기관(부처/지자체명), 사업 유형, 사업 기간, 사업비, 분야]",entity,v124-d-016-entity-00138,D-016_ministry_local_project_registry,VNM,,,,,,,,,개도국 고용서비스(PES) 전산망 구축 지원,,,"{""38대_기후기술"":null,""CRS번호"":""2017083941"",""Rio_Marker"":""태깅 없음"",""구분태그"":null,""기관유형"":""정부부처(중앙행정기관)"",""기술매핑_근거"":""미매핑(N3) · 기후기술 비대상 분야 · DAC 16020 고용 창출"",""기준연도"":null,""대표금액"":176892,""레코드구분"":""개별"",""명칭"":""개도국 고용서비스(PES) 전산망 구축 지원"",""보고기관"":""고용노동부"",""보고연도"":""2017~2017(1개 연도행 합산)"",""분야_DAC"":""고용 창출(16020)"",""사업기간"":""2017-04-17~2019-12-31"",""사업번호"":""201715801048"",""상태"":""완료"",""시행기관"":""고용노동부"",""약정액_합계"":""176,892 USD"",""원조유형"":""프로젝트 원조"",""원지표ID"":null,""자금형태"":""무상, 출연(분담금 포함)"",""지출액_합계"":""176,892 USD"",""참고"":null}",,,국무조정실 ODA Korea 통합 통계(OECD CRS 보고 원자료) — 한국수출입은행(EDCF)·한국국제협력단(KOICA)·정부부처·지방자치단체 제출분,https://stats.odakorea.go.kr/portal/oda/spot/statistics,공공누리 제1유형(출처표시),D-016.xlsx,1.2_entity(레코드형),143,
D-016,"지자체·정부부처 프로젝트[사업명, 수원국, 시행기관(부처/지자체명), 사업 유형, 사업 기간, 사업비, 분야]",entity,v124-d-016-entity-00139,D-016_ministry_local_project_registry,VNM,,,,,,,,,베트남 의료시설 건립운영 유무상연계사업,,,"{""38대_기후기술"":null,""CRS번호"":""2017083992"",""Rio_Marker"":""태깅 없음"",""구분태그"":null,""기관유형"":""정부부처(중앙행정기관)"",""기술매핑_근거"":""미매핑(N3) · 기후기술 비대상 분야 · DAC 12191 의료서비스"",""기준연도"":null,""대표금액"":26254,""레코드구분"":""개별"",""명칭"":""베트남 의료시설 건립운영 유무상연계사업"",""보고기관"":""보건복지부"",""보고연도"":""2017~2017(1개 연도행 합산)"",""분야_DAC"":""의료서비스(12191)"",""사업기간"":""2017-01-01~2017-12-31"",""사업번호"":""201717000292"",""상태"":""완료"",""시행기관"":""한국국제보건의료재단"",""약정액_합계"":""26,254 USD"",""원조유형"":""프로젝트 원조"",""원지표ID"":null,""자금형태"":""무상, 출연(분담금 포함)"",""지출액_합계"":""26,254 USD"",""참고"":null}",,,국무조정실 ODA Korea 통합 통계(OECD CRS 보고 원자료) — 한국수출입은행(EDCF)·한국국제협력단(KOICA)·정부부처·지방자치단체 제출분,https://stats.odakorea.go.kr/portal/oda/spot/statistics,공공누리 제1유형(출처표시),D-016.xlsx,1.2_entity(레코드형),208,
D-016,"지자체·정부부처 프로젝트[사업명, 수원국, 시행기관(부처/지자체명), 사업 유형, 사업 기간, 사업비, 분야]",entity,v124-d-016-entity-00140,D-016_ministry_local_project_registry,VNM,,,,,,,,,국제협력선도대학육성지원사업(시행코드 177-17-001~011),,,"{""38대_기후기술"":null,""CRS번호"":""2017084050"",""Rio_Marker"":""태깅 없음"",""구분태그"":null,""기관유형"":""정부부처(중앙행정기관)"",""기술매핑_근거"":""미매핑(N3) · 기후기술 비대상 분야 · DAC 11420 전문대,대학(원) 교육"",""기준연도"":null,""대표금액"":353783,""레코드구분"":""개별"",""명칭"":""국제협력선도대학육성지원사업(시행코드 177-17-001~011)"",""보고기관"":""교육부"",""보고연도"":""2017~2017(1개 연도행 합산)"",""분야_DAC"":""전문대,대학(원) 교육(11420)"",""사업기간"":""2017-04-01~2017-12-31"",""사업번호"":""201717700040_010"",""상태"":""완료"",""시행기관"":""교육부, 한국연구재단, 국제협력선도대학"",""약정액_합계"":""353,783 USD"",""원조유형"":""프로젝트 원조"",""원지표ID"":null,""자금형태"":""무상, 출연(분담금 포함)"",""지출액_합계"":""353,783 USD"",""참고"":null}",,,국무조정실 ODA Korea 통합 통계(OECD CRS 보고 원자료) — 한국수출입은행(EDCF)·한국국제협력단(KOICA)·정부부처·지방자치단체 제출분,https://stats.odakorea.go.kr/portal/oda/spot/statistics,공공누리 제1유형(출처표시),D-016.xlsx,1.2_entity(레코드형),104,
D-016,"지자체·정부부처 프로젝트[사업명, 수원국, 시행기관(부처/지자체명), 사업 유형, 사업 기간, 사업비, 분야]",entity,v124-d-016-entity-00141,D-016_ministry_local_project_registry,VNM,,,,,,,,,"첨단 ICT 활용 시범교실 구축,운영 지원 사업",,,"{""38대_기후기술"":null,""CRS번호"":""2017084086"",""Rio_Marker"":""태깅 없음"",""구분태그"":null,""기관유형"":""정부부처(중앙행정기관)"",""기술매핑_근거"":""미매핑(N3) · 기후기술 비대상 분야 · DAC 11320 중고등교육"",""기준연도"":null,""대표금액"":33167,""레코드구분"":""개별"",""명칭"":""첨단 ICT 활용 시범교실 구축,운영 지원 사업"",""보고기관"":""교육부"",""보고연도"":""2017~2017(1개 연도행 합산)"",""분야_DAC"":""중고등교육(11320)"",""사업기간"":""2017-01-01~2017-12-08"",""사업번호"":""201717700257_007"",""상태"":""완료"",""시행기관"":""교육부"",""약정액_합계"":""33,167 USD"",""원조유형"":""프로젝트 원조"",""원지표ID"":null,""자금형태"":""무상, 출연(분담금 포함)"",""지출액_합계"":""33,167 USD"",""참고"":null}",,,국무조정실 ODA Korea 통합 통계(OECD CRS 보고 원자료) — 한국수출입은행(EDCF)·한국국제협력단(KOICA)·정부부처·지방자치단체 제출분,https://stats.odakorea.go.kr/portal/oda/spot/statistics,공공누리 제1유형(출처표시),D-016.xlsx,1.2_entity(레코드형),203,
D-016,"지자체·정부부처 프로젝트[사업명, 수원국, 시행기관(부처/지자체명), 사업 유형, 사업 기간, 사업비, 분야]",entity,v124-d-016-entity-00142,D-016_ministry_local_project_registry,VNM,,,,,,,,,개도국 인프라 마스터플랜 용역,,,"{""38대_기후기술"":null,""CRS번호"":""2017084142"",""Rio_Marker"":""태깅 없음"",""구분태그"":null,""기관유형"":""정부부처(중앙행정기관)"",""기술매핑_근거"":""미매핑(N3) · 기후기술 비대상 분야 · DAC 32310 건설정책 및 행정관리"",""기준연도"":null,""대표금액"":2025069,""레코드구분"":""개별"",""명칭"":""개도국 인프라 마스터플랜 용역"",""보고기관"":""국토교통부"",""보고연도"":""2017~2017(1개 연도행 합산)"",""분야_DAC"":""건설정책 및 행정관리(32310)"",""사업기간"":""2017-04-19~2017-12-21"",""사업번호"":""201717800447_006"",""상태"":""완료"",""시행기관"":""국토교통부"",""약정액_합계"":""2,025,069 USD"",""원조유형"":""프로젝트 원조"",""원지표ID"":null,""자금형태"":""무상, 출연(분담금 포함)"",""지출액_합계"":""2,025,069 USD"",""참고"":null}",,,국무조정실 ODA Korea 통합 통계(OECD CRS 보고 원자료) — 한국수출입은행(EDCF)·한국국제협력단(KOICA)·정부부처·지방자치단체 제출분,https://stats.odakorea.go.kr/portal/oda/spot/statistics,공공누리 제1유형(출처표시),D-016.xlsx,1.2_entity(레코드형),34,
D-016,"지자체·정부부처 프로젝트[사업명, 수원국, 시행기관(부처/지자체명), 사업 유형, 사업 기간, 사업비, 분야]",entity,v124-d-016-entity-00143,D-016_ministry_local_project_registry,VNM,,,,,,,,,베트남 농기계 개량시범보급,,,"{""38대_기후기술"":null,""CRS번호"":""2017084220"",""Rio_Marker"":""태깅 없음"",""구분태그"":null,""기관유형"":""정부부처(중앙행정기관)"",""기술매핑_근거"":""미매핑(N3) · 기후기술 비대상 분야 · DAC 32120 공업 개발"",""기준연도"":null,""대표금액"":1990032,""레코드구분"":""개별"",""명칭"":""베트남 농기계 개량시범보급"",""보고기관"":""산업통상자원부"",""보고연도"":""2017~2017(1개 연도행 합산)"",""분야_DAC"":""공업 개발(32120)"",""사업기간"":""2015-05-01~2018-12-31"",""사업번호"":""201718000807"",""상태"":""완료"",""시행기관"":""한국산업기술진흥원"",""약정액_합계"":""1,990,032 USD"",""원조유형"":""프로젝트 원조"",""원지표ID"":null,""자금형태"":""무상, 출연(분담금 포함)"",""지출액_합계"":""1,990,032 USD"",""참고"":null}",,,국무조정실 ODA Korea 통합 통계(OECD CRS 보고 원자료) — 한국수출입은행(EDCF)·한국국제협력단(KOICA)·정부부처·지방자치단체 제출분,https://stats.odakorea.go.kr/portal/oda/spot/statistics,공공누리 제1유형(출처표시),D-016.xlsx,1.2_entity(레코드형),35,
D-016,"지자체·정부부처 프로젝트[사업명, 수원국, 시행기관(부처/지자체명), 사업 유형, 사업 기간, 사업비, 분야]",entity,v124-d-016-entity-00144,D-016_ministry_local_project_registry,VNM,,,,,,,,,개도국 환경개선 마스터플랜 수립지원_베트남,,,"{""38대_기후기술"":null,""CRS번호"":""2018127458"",""Rio_Marker"":""태깅 없음"",""구분태그"":null,""기관유형"":""정부부처(중앙행정기관)"",""기술매핑_근거"":""미매핑(N3) · 기후기술 비대상 분야 · DAC 41010 환경정책 및 행정관리"",""기준연도"":null,""대표금액"":818044,""레코드구분"":""개별"",""명칭"":""개도국 환경개선 마스터플랜 수립지원_베트남"",""보고기관"":""환경부"",""보고연도"":""2018~2018(1개 연도행 합산)"",""분야_DAC"":""환경정책 및 행정관리(41010)"",""사업기간"":""2018-03-01~2019-04-30"",""사업번호"":""201810804236"",""상태"":""완료"",""시행기관"":""원천 미기재"",""약정액_합계"":""818,044 USD"",""원조유형"":""프로젝트 원조"",""원지표ID"":null,""자금형태"":""무상, 출연(분담금 포함)"",""지출액_합계"":""818,044 USD"",""참고"":null}",,,국무조정실 ODA Korea 통합 통계(OECD CRS 보고 원자료) — 한국수출입은행(EDCF)·한국국제협력단(KOICA)·정부부처·지방자치단체 제출분,https://stats.odakorea.go.kr/portal/oda/spot/statistics,공공누리 제1유형(출처표시),D-016.xlsx,1.2_entity(레코드형),69,
D-016,"지자체·정부부처 프로젝트[사업명, 수원국, 시행기관(부처/지자체명), 사업 유형, 사업 기간, 사업비, 분야]",entity,v124-d-016-entity-00145,D-016_ministry_local_project_registry,VNM,,,,,,,,,베트남 스마트교실 사업,,,"{""38대_기후기술"":null,""CRS번호"":""2018127625"",""Rio_Marker"":""태깅 없음"",""구분태그"":null,""기관유형"":""지자체"",""기술매핑_근거"":""미매핑(N3) · 기후기술 비대상 분야 · DAC 11320 중고등교육"",""기준연도"":null,""대표금액"":181787,""레코드구분"":""개별"",""명칭"":""베트남 스마트교실 사업"",""보고기관"":""지방자치단체(경기도)"",""보고연도"":""2018~2018(1개 연도행 합산)"",""분야_DAC"":""중고등교육(11320)"",""사업기간"":""2018-05-01~2019-01-31"",""사업번호"":""201811303995"",""상태"":""완료"",""시행기관"":""원천 미기재"",""약정액_합계"":""181,787 USD"",""원조유형"":""프로젝트 원조"",""원지표ID"":null,""자금형태"":""무상, 출연(분담금 포함)"",""지출액_합계"":""181,787 USD"",""참고"":null}",,,국무조정실 ODA Korea 통합 통계(OECD CRS 보고 원자료) — 한국수출입은행(EDCF)·한국국제협력단(KOICA)·정부부처·지방자치단체 제출분,https://stats.odakorea.go.kr/portal/oda/spot/statistics,공공누리 제1유형(출처표시),D-016.xlsx,1.2_entity(레코드형),141,
D-016,"지자체·정부부처 프로젝트[사업명, 수원국, 시행기관(부처/지자체명), 사업 유형, 사업 기간, 사업비, 분야]",entity,v124-d-016-entity-00146,D-016_ministry_local_project_registry,VNM,,,,,,,,,베트남 탱화성 에코스쿨 프로젝트,,,"{""38대_기후기술"":null,""CRS번호"":""2018127644"",""Rio_Marker"":""태깅 없음"",""구분태그"":null,""기관유형"":""지자체"",""기술매핑_근거"":""미매핑(N3) · 기후기술 비대상 분야 · DAC 11120 교육시설 및 특별연수"",""기준연도"":null,""대표금액"":36357,""레코드구분"":""개별"",""명칭"":""베트남 탱화성 에코스쿨 프로젝트"",""보고기관"":""지방자치단체(경기도)"",""보고연도"":""2018~2018(1개 연도행 합산)"",""분야_DAC"":""교육시설 및 특별연수(11120)"",""사업기간"":""2018-04-02~2018-12-31"",""사업번호"":""201811304190"",""상태"":""완료"",""시행기관"":""원천 미기재"",""약정액_합계"":""36,357 USD"",""원조유형"":""프로젝트 원조"",""원지표ID"":null,""자금형태"":""무상, 출연(분담금 포함)"",""지출액_합계"":""36,357 USD"",""참고"":null}",,,국무조정실 ODA Korea 통합 통계(OECD CRS 보고 원자료) — 한국수출입은행(EDCF)·한국국제협력단(KOICA)·정부부처·지방자치단체 제출분,https://stats.odakorea.go.kr/portal/oda/spot/statistics,공공누리 제1유형(출처표시),D-016.xlsx,1.2_entity(레코드형),201,
D-016,"지자체·정부부처 프로젝트[사업명, 수원국, 시행기관(부처/지자체명), 사업 유형, 사업 기간, 사업비, 분야]",entity,v124-d-016-entity-00147,D-016_ministry_local_project_registry,VNM,,,,,,,,,베트남 탱화성 중등학교 보건실 신축 및 개보수 사업,,,"{""38대_기후기술"":null,""CRS번호"":""2018127646"",""Rio_Marker"":""태깅 없음"",""구분태그"":null,""기관유형"":""지자체"",""기술매핑_근거"":""미매핑(N3) · 기후기술 비대상 분야 · DAC 12191 의료서비스"",""기준연도"":null,""대표금액"":36357,""레코드구분"":""개별"",""명칭"":""베트남 탱화성 중등학교 보건실 신축 및 개보수 사업"",""보고기관"":""지방자치단체(경기도)"",""보고연도"":""2018~2018(1개 연도행 합산)"",""분야_DAC"":""의료서비스(12191)"",""사업기간"":""2018-04-02~2018-12-31"",""사업번호"":""201811304193"",""상태"":""완료"",""시행기관"":""원천 미기재"",""약정액_합계"":""36,357 USD"",""원조유형"":""프로젝트 원조"",""원지표ID"":null,""자금형태"":""무상, 출연(분담금 포함)"",""지출액_합계"":""36,357 USD"",""참고"":null}",,,국무조정실 ODA Korea 통합 통계(OECD CRS 보고 원자료) — 한국수출입은행(EDCF)·한국국제협력단(KOICA)·정부부처·지방자치단체 제출분,https://stats.odakorea.go.kr/portal/oda/spot/statistics,공공누리 제1유형(출처표시),D-016.xlsx,1.2_entity(레코드형),200,
D-016,"지자체·정부부처 프로젝트[사업명, 수원국, 시행기관(부처/지자체명), 사업 유형, 사업 기간, 사업비, 분야]",entity,v124-d-016-entity-00148,D-016_ministry_local_project_registry,VNM,,,,,,,,,국제 지식재산 나눔,,,"{""38대_기후기술"":null,""CRS번호"":""2018127678"",""Rio_Marker"":""태깅 없음"",""구분태그"":null,""기관유형"":""정부부처(중앙행정기관)"",""기술매핑_근거"":""미매핑(N3) · 기후기술 비대상 분야 · DAC 25010 비즈니스 정책 및 행정관리"",""기준연도"":null,""대표금액"":170089,""레코드구분"":""개별"",""명칭"":""국제 지식재산 나눔"",""보고기관"":""특허청"",""보고연도"":""2018~2018(1개 연도행 합산)"",""분야_DAC"":""비즈니스 정책 및 행정관리(25010)"",""사업기간"":""2018-02-28~2018-12-21"",""사업번호"":""201811604011_001"",""상태"":""완료"",""시행기관"":""원천 미기재"",""약정액_합계"":""170,089 USD"",""원조유형"":""프로젝트 원조"",""원지표ID"":null,""자금형태"":""무상, 출연(분담금 포함)"",""지출액_합계"":""170,089 USD"",""참고"":null}",,,국무조정실 ODA Korea 통합 통계(OECD CRS 보고 원자료) — 한국수출입은행(EDCF)·한국국제협력단(KOICA)·정부부처·지방자치단체 제출분,https://stats.odakorea.go.kr/portal/oda/spot/statistics,공공누리 제1유형(출처표시),D-016.xlsx,1.2_entity(레코드형),146,
D-016,"지자체·정부부처 프로젝트[사업명, 수원국, 시행기관(부처/지자체명), 사업 유형, 사업 기간, 사업비, 분야]",entity,v124-d-016-entity-00149,D-016_ministry_local_project_registry,VNM,,,,,,,,,베트남 과학수사역량 강화사업,,,"{""38대_기후기술"":null,""CRS번호"":""2018127802"",""Rio_Marker"":""태깅 없음"",""구분태그"":null,""기관유형"":""정부부처(중앙행정기관)"",""기술매핑_근거"":""미매핑(N3) · 기후기술 비대상 분야 · DAC 15210 치안제도 관리 및 개선"",""기준연도"":null,""대표금액"":2702902,""레코드구분"":""개별"",""명칭"":""베트남 과학수사역량 강화사업"",""보고기관"":""경찰청"",""보고연도"":""2018~2018(1개 연도행 합산)"",""분야_DAC"":""치안제도 관리 및 개선(15210)"",""사업기간"":""2017-04-19~2019-12-31"",""사업번호"":""201813106358"",""상태"":""완료"",""시행기관"":""원천 미기재"",""약정액_합계"":""2,702,902 USD"",""원조유형"":""프로젝트 원조"",""원지표ID"":null,""자금형태"":""무상, 출연(분담금 포함)"",""지출액_합계"":""2,702,902 USD"",""참고"":null}",,,국무조정실 ODA Korea 통합 통계(OECD CRS 보고 원자료) — 한국수출입은행(EDCF)·한국국제협력단(KOICA)·정부부처·지방자치단체 제출분,https://stats.odakorea.go.kr/portal/oda/spot/statistics,공공누리 제1유형(출처표시),D-016.xlsx,1.2_entity(레코드형),24,
D-016,"지자체·정부부처 프로젝트[사업명, 수원국, 시행기관(부처/지자체명), 사업 유형, 사업 기간, 사업비, 분야]",entity,v124-d-016-entity-00150,D-016_ministry_local_project_registry,VNM,,,,,,,,,해외 작은도서관 조성,,,"{""38대_기후기술"":null,""CRS번호"":""2018127817"",""Rio_Marker"":""태깅 없음"",""구분태그"":null,""기관유형"":""정부부처(중앙행정기관)"",""기술매핑_근거"":""미매핑(N3) · 기후기술 비대상 분야 · DAC 16061 문화 및 레크리에이션"",""기준연도"":null,""대표금액"":194513,""레코드구분"":""개별"",""명칭"":""해외 작은도서관 조성"",""보고기관"":""문화체육관광부"",""보고연도"":""2018~2018(1개 연도행 합산)"",""분야_DAC"":""문화 및 레크리에이션(16061)"",""사업기간"":""2018-02-01~2018-12-31"",""사업번호"":""201813803986_003"",""상태"":""완료"",""시행기관"":""원천 미기재"",""약정액_합계"":""194,513 USD"",""원조유형"":""프로젝트 원조"",""원지표ID"":null,""자금형태"":""무상, 출연(분담금 포함)"",""지출액_합계"":""194,513 USD"",""참고"":null}",,,국무조정실 ODA Korea 통합 통계(OECD CRS 보고 원자료) — 한국수출입은행(EDCF)·한국국제협력단(KOICA)·정부부처·지방자치단체 제출분,https://stats.odakorea.go.kr/portal/oda/spot/statistics,공공누리 제1유형(출처표시),D-016.xlsx,1.2_entity(레코드형),137,
D-016,"지자체·정부부처 프로젝트[사업명, 수원국, 시행기관(부처/지자체명), 사업 유형, 사업 기간, 사업비, 분야]",entity,v124-d-016-entity-00151,D-016_ministry_local_project_registry,VNM,,,,,,,,,아시아권교류도시 의료지원사업,,,"{""38대_기후기술"":null,""CRS번호"":""2018127852"",""Rio_Marker"":""태깅 없음"",""구분태그"":null,""기관유형"":""지자체"",""기술매핑_근거"":""미매핑(N3) · 기후기술 비대상 분야 · DAC 12191 의료서비스"",""기준연도"":null,""대표금액"":12725,""레코드구분"":""개별"",""명칭"":""아시아권교류도시 의료지원사업"",""보고기관"":""지방자치단체(인천광역시)"",""보고연도"":""2018~2018(1개 연도행 합산)"",""분야_DAC"":""의료서비스(12191)"",""사업기간"":""2018-02-01~2018-12-31"",""사업번호"":""201814804015_001"",""상태"":""완료"",""시행기관"":""원천 미기재"",""약정액_합계"":""12,725 USD"",""원조유형"":""프로젝트 원조"",""원지표ID"":null,""자금형태"":""무상, 출연(분담금 포함)"",""지출액_합계"":""12,725 USD"",""참고"":null}",,,국무조정실 ODA Korea 통합 통계(OECD CRS 보고 원자료) — 한국수출입은행(EDCF)·한국국제협력단(KOICA)·정부부처·지방자치단체 제출분,https://stats.odakorea.go.kr/portal/oda/spot/statistics,공공누리 제1유형(출처표시),D-016.xlsx,1.2_entity(레코드형),227,
D-016,"지자체·정부부처 프로젝트[사업명, 수원국, 시행기관(부처/지자체명), 사업 유형, 사업 기간, 사업비, 분야]",entity,v124-d-016-entity-00152,D-016_ministry_local_project_registry,VNM,,,,,,,,,개도국 고용서비스(PES) 전산망 구축 지원(베트남),,,"{""38대_기후기술"":null,""CRS번호"":""2018127892"",""Rio_Marker"":""태깅 없음"",""구분태그"":null,""기관유형"":""정부부처(중앙행정기관)"",""기술매핑_근거"":""미매핑(N3) · 기후기술 비대상 분야 · DAC 16020 고용 창출"",""기준연도"":null,""대표금액"":595443,""레코드구분"":""개별"",""명칭"":""개도국 고용서비스(PES) 전산망 구축 지원(베트남)"",""보고기관"":""고용노동부"",""보고연도"":""2018~2018(1개 연도행 합산)"",""분야_DAC"":""고용 창출(16020)"",""사업기간"":""2017-01-01~2019-12-31"",""사업번호"":""201815804205"",""상태"":""완료"",""시행기관"":""원천 미기재"",""약정액_합계"":""595,443 USD"",""원조유형"":""프로젝트 원조"",""원지표ID"":null,""자금형태"":""무상, 출연(분담금 포함)"",""지출액_합계"":""595,443 USD"",""참고"":null}",,,국무조정실 ODA Korea 통합 통계(OECD CRS 보고 원자료) — 한국수출입은행(EDCF)·한국국제협력단(KOICA)·정부부처·지방자치단체 제출분,https://stats.odakorea.go.kr/portal/oda/spot/statistics,공공누리 제1유형(출처표시),D-016.xlsx,1.2_entity(레코드형),76,
D-016,"지자체·정부부처 프로젝트[사업명, 수원국, 시행기관(부처/지자체명), 사업 유형, 사업 기간, 사업비, 분야]",entity,v124-d-016-entity-00153,D-016_ministry_local_project_registry,VNM,,,,,,,,,베트남 의료시설 건립운영 유무상연계사업,,,"{""38대_기후기술"":null,""CRS번호"":""2018127947"",""Rio_Marker"":""태깅 없음"",""구분태그"":null,""기관유형"":""정부부처(중앙행정기관)"",""기술매핑_근거"":""미매핑(N3) · 기후기술 비대상 분야 · DAC 12191 의료서비스"",""기준연도"":null,""대표금액"":24711,""레코드구분"":""개별"",""명칭"":""베트남 의료시설 건립운영 유무상연계사업"",""보고기관"":""보건복지부"",""보고연도"":""2018~2018(1개 연도행 합산)"",""분야_DAC"":""의료서비스(12191)"",""사업기간"":""2018-01-01~2018-12-31"",""사업번호"":""201817003854"",""상태"":""완료"",""시행기관"":""원천 미기재"",""약정액_합계"":""24,711 USD"",""원조유형"":""프로젝트 원조"",""원지표ID"":null,""자금형태"":""무상, 출연(분담금 포함)"",""지출액_합계"":""24,711 USD"",""참고"":null}",,,국무조정실 ODA Korea 통합 통계(OECD CRS 보고 원자료) — 한국수출입은행(EDCF)·한국국제협력단(KOICA)·정부부처·지방자치단체 제출분,https://stats.odakorea.go.kr/portal/oda/spot/statistics,공공누리 제1유형(출처표시),D-016.xlsx,1.2_entity(레코드형),211,
D-016,"지자체·정부부처 프로젝트[사업명, 수원국, 시행기관(부처/지자체명), 사업 유형, 사업 기간, 사업비, 분야]",entity,v124-d-016-entity-00154,D-016_ministry_local_project_registry,VNM,,,,,,,,,베트남 도로 중온 아스팔트 기술 최적화 사업,,,"{""38대_기후기술"":null,""CRS번호"":""2018128112"",""Rio_Marker"":""태깅 없음"",""구분태그"":null,""기관유형"":""정부부처(중앙행정기관)"",""기술매핑_근거"":""미매핑(N3) · 기후기술 비대상 분야 · DAC 21020 도로운송"",""기준연도"":null,""대표금액"":399932,""레코드구분"":""개별"",""명칭"":""베트남 도로 중온 아스팔트 기술 최적화 사업"",""보고기관"":""국토교통부"",""보고연도"":""2018~2018(1개 연도행 합산)"",""분야_DAC"":""도로운송(21020)"",""사업기간"":""2018-08-13~2019-02-13"",""사업번호"":""201817804251"",""상태"":""완료"",""시행기관"":""원천 미기재"",""약정액_합계"":""399,932 USD"",""원조유형"":""프로젝트 원조"",""원지표ID"":null,""자금형태"":""무상, 출연(분담금 포함)"",""지출액_합계"":""399,932 USD"",""참고"":null}",,,국무조정실 ODA Korea 통합 통계(OECD CRS 보고 원자료) — 한국수출입은행(EDCF)·한국국제협력단(KOICA)·정부부처·지방자치단체 제출분,https://stats.odakorea.go.kr/portal/oda/spot/statistics,공공누리 제1유형(출처표시),D-016.xlsx,1.2_entity(레코드형),97,
D-016,"지자체·정부부처 프로젝트[사업명, 수원국, 시행기관(부처/지자체명), 사업 유형, 사업 기간, 사업비, 분야]",entity,v124-d-016-entity-00155,D-016_ministry_local_project_registry,VNM,,,,,,,,,2018년 개도국과학기술지원사업(적정과학기술거점지원),,,"{""38대_기후기술"":null,""CRS번호"":""2018128280"",""Rio_Marker"":""태깅 없음"",""구분태그"":null,""기관유형"":""정부부처(중앙행정기관)"",""기술매핑_근거"":""미매핑(N3) · 기후기술 비대상 분야 · DAC 43010 다부문 원조"",""기준연도"":null,""대표금액"":454469,""레코드구분"":""개별"",""명칭"":""2018년 개도국과학기술지원사업(적정과학기술거점지원)"",""보고기관"":""과학기술정보통신부"",""보고연도"":""2018~2018(1개 연도행 합산)"",""분야_DAC"":""다부문 원조(43010)"",""사업기간"":""2018-02-01~2018-12-31"",""사업번호"":""20161810052_003"",""상태"":""완료"",""시행기관"":""원천 미기재"",""약정액_합계"":""454,469 USD"",""원조유형"":""프로젝트 원조"",""원지표ID"":null,""자금형태"":""무상, 출연(분담금 포함)"",""지출액_합계"":""454,469 USD"",""참고"":null}",,,국무조정실 ODA Korea 통합 통계(OECD CRS 보고 원자료) — 한국수출입은행(EDCF)·한국국제협력단(KOICA)·정부부처·지방자치단체 제출분,https://stats.odakorea.go.kr/portal/oda/spot/statistics,공공누리 제1유형(출처표시),D-016.xlsx,1.2_entity(레코드형),92,
D-016,"지자체·정부부처 프로젝트[사업명, 수원국, 시행기관(부처/지자체명), 사업 유형, 사업 기간, 사업비, 분야]",entity,v124-d-016-entity-00156,D-016_ministry_local_project_registry,VNM,,,,,,,,,개도국 방송환경 개선지원,,,"{""38대_기후기술"":null,""CRS번호"":""2018128289"",""Rio_Marker"":""태깅 없음"",""구분태그"":null,""기관유형"":""정부부처(중앙행정기관)"",""기술매핑_근거"":""미매핑(N3) · 기후기술 비대상 분야 · DAC 22030 라디오/텔레비전/인쇄매체"",""기준연도"":null,""대표금액"":90894,""레코드구분"":""개별"",""명칭"":""개도국 방송환경 개선지원"",""보고기관"":""과학기술정보통신부"",""보고연도"":""2018~2018(1개 연도행 합산)"",""분야_DAC"":""라디오/텔레비전/인쇄매체(22030)"",""사업기간"":""2018-01-01~2018-12-31"",""사업번호"":""201819103784_002"",""상태"":""완료"",""시행기관"":""원천 미기재"",""약정액_합계"":""90,894 USD"",""원조유형"":""프로젝트 원조"",""원지표ID"":null,""자금형태"":""무상, 출연(분담금 포함)"",""지출액_합계"":""90,894 USD"",""참고"":null}",,,국무조정실 ODA Korea 통합 통계(OECD CRS 보고 원자료) — 한국수출입은행(EDCF)·한국국제협력단(KOICA)·정부부처·지방자치단체 제출분,https://stats.odakorea.go.kr/portal/oda/spot/statistics,공공누리 제1유형(출처표시),D-016.xlsx,1.2_entity(레코드형),172,
D-016,"지자체·정부부처 프로젝트[사업명, 수원국, 시행기관(부처/지자체명), 사업 유형, 사업 기간, 사업비, 분야]",entity,v124-d-016-entity-00157,D-016_ministry_local_project_registry,VNM,,,,,,,,,개도국 정보접근센터구축,,,"{""38대_기후기술"":null,""CRS번호"":""2018128304"",""Rio_Marker"":""태깅 없음"",""구분태그"":null,""기관유형"":""정부부처(중앙행정기관)"",""기술매핑_근거"":""미매핑(N3) · 기후기술 비대상 분야 · DAC 22040 정보통신기술"",""기준연도"":null,""대표금액"":233597,""레코드구분"":""개별"",""명칭"":""개도국 정보접근센터구축"",""보고기관"":""과학기술정보통신부"",""보고연도"":""2018~2018(1개 연도행 합산)"",""분야_DAC"":""정보통신기술(22040)"",""사업기간"":""2018-01-01~2018-12-31"",""사업번호"":""201819104140_005"",""상태"":""완료"",""시행기관"":""원천 미기재"",""약정액_합계"":""233,597 USD"",""원조유형"":""프로젝트 원조"",""원지표ID"":null,""자금형태"":""무상, 출연(분담금 포함)"",""지출액_합계"":""233,597 USD"",""참고"":null}",,,국무조정실 ODA Korea 통합 통계(OECD CRS 보고 원자료) — 한국수출입은행(EDCF)·한국국제협력단(KOICA)·정부부처·지방자치단체 제출분,https://stats.odakorea.go.kr/portal/oda/spot/statistics,공공누리 제1유형(출처표시),D-016.xlsx,1.2_entity(레코드형),129,
D-016,"지자체·정부부처 프로젝트[사업명, 수원국, 시행기관(부처/지자체명), 사업 유형, 사업 기간, 사업비, 분야]",entity,v124-d-016-entity-00158,D-016_ministry_local_project_registry,VNM,,,,,,,,,베트남 과학수사 역량강화 사업,,,"{""38대_기후기술"":null,""CRS번호"":""2019130069"",""Rio_Marker"":""태깅 없음"",""구분태그"":null,""기관유형"":""정부부처(중앙행정기관)"",""기술매핑_근거"":""미매핑(N3) · 기후기술 비대상 분야 · DAC 15210 치안제도 관리 및 개선"",""기준연도"":null,""대표금액"":341544,""레코드구분"":""개별"",""명칭"":""베트남 과학수사 역량강화 사업"",""보고기관"":""경찰청"",""보고연도"":""2019~2019(1개 연도행 합산)"",""분야_DAC"":""치안제도 관리 및 개선(15210)"",""사업기간"":""2017-01-01~2019-12-31"",""사업번호"":""201913111365"",""상태"":""완료"",""시행기관"":""경찰청"",""약정액_합계"":""341,544 USD"",""원조유형"":""프로젝트 원조"",""원지표ID"":null,""자금형태"":""무상, 출연(분담금 포함)"",""지출액_합계"":""341,544 USD"",""참고"":null}",,,국무조정실 ODA Korea 통합 통계(OECD CRS 보고 원자료) — 한국수출입은행(EDCF)·한국국제협력단(KOICA)·정부부처·지방자치단체 제출분,https://stats.odakorea.go.kr/portal/oda/spot/statistics,공공누리 제1유형(출처표시),D-016.xlsx,1.2_entity(레코드형),107,
D-016,"지자체·정부부처 프로젝트[사업명, 수원국, 시행기관(부처/지자체명), 사업 유형, 사업 기간, 사업비, 분야]",entity,v124-d-016-entity-00159,D-016_ministry_local_project_registry,VNM,,,,,,,,,개도국 고용서비스(PES) 전산망 구축 지원(베트남),,,"{""38대_기후기술"":null,""CRS번호"":""2019130074"",""Rio_Marker"":""태깅 없음"",""구분태그"":null,""기관유형"":""정부부처(중앙행정기관)"",""기술매핑_근거"":""미매핑(N3) · 기후기술 비대상 분야 · DAC 15110 공공정책 및 행정관리"",""기준연도"":null,""대표금액"":1846744,""레코드구분"":""개별"",""명칭"":""개도국 고용서비스(PES) 전산망 구축 지원(베트남)"",""보고기관"":""고용노동부"",""보고연도"":""2019~2019(1개 연도행 합산)"",""분야_DAC"":""공공정책 및 행정관리(15110)"",""사업기간"":""2017-01-01~2019-12-31"",""사업번호"":""201915811212"",""상태"":""완료"",""시행기관"":""고용노동부"",""약정액_합계"":""1,846,744 USD"",""원조유형"":""프로젝트 원조"",""원지표ID"":null,""자금형태"":""무상, 출연(분담금 포함)"",""지출액_합계"":""1,846,744 USD"",""참고"":null}",,,국무조정실 ODA Korea 통합 통계(OECD CRS 보고 원자료) — 한국수출입은행(EDCF)·한국국제협력단(KOICA)·정부부처·지방자치단체 제출분,https://stats.odakorea.go.kr/portal/oda/spot/statistics,공공누리 제1유형(출처표시),D-016.xlsx,1.2_entity(레코드형),38,
D-016,"지자체·정부부처 프로젝트[사업명, 수원국, 시행기관(부처/지자체명), 사업 유형, 사업 기간, 사업비, 분야]",entity,v124-d-016-entity-00160,D-016_ministry_local_project_registry,VNM,,,,,,,,,2019년 개도국 정보접근센터 구축,,,"{""38대_기후기술"":null,""CRS번호"":""2019130115"",""Rio_Marker"":""태깅 없음"",""구분태그"":null,""기관유형"":""정부부처(중앙행정기관)"",""기술매핑_근거"":""미매핑(N3) · 기후기술 비대상 분야 · DAC 22040 정보통신기술"",""기준연도"":null,""대표금액"":585260,""레코드구분"":""개별"",""명칭"":""2019년 개도국 정보접근센터 구축"",""보고기관"":""과학기술정보통신부"",""보고연도"":""2019~2019(1개 연도행 합산)"",""분야_DAC"":""정보통신기술(22040)"",""사업기간"":""2019-01-01~2019-12-31"",""사업번호"":""201718100372"",""상태"":""완료"",""시행기관"":""한국정보화진흥원"",""약정액_합계"":""585,260 USD"",""원조유형"":""프로젝트 원조"",""원지표ID"":null,""자금형태"":""무상, 출연(분담금 포함)"",""지출액_합계"":""585,260 USD"",""참고"":null}",,,국무조정실 ODA Korea 통합 통계(OECD CRS 보고 원자료) — 한국수출입은행(EDCF)·한국국제협력단(KOICA)·정부부처·지방자치단체 제출분,https://stats.odakorea.go.kr/portal/oda/spot/statistics,공공누리 제1유형(출처표시),D-016.xlsx,1.2_entity(레코드형),78,
D-016,"지자체·정부부처 프로젝트[사업명, 수원국, 시행기관(부처/지자체명), 사업 유형, 사업 기간, 사업비, 분야]",entity,v124-d-016-entity-00161,D-016_ministry_local_project_registry,VNM,,,,,,,,,개도국 방송환경 개선지원(베트남),,,"{""38대_기후기술"":null,""CRS번호"":""2019130128b"",""Rio_Marker"":""태깅 없음"",""구분태그"":null,""기관유형"":""정부부처(중앙행정기관)"",""기술매핑_근거"":""미매핑(N3) · 기후기술 비대상 분야 · DAC 22030 라디오/텔레비전/인쇄매체"",""기준연도"":null,""대표금액"":850831,""레코드구분"":""개별"",""명칭"":""개도국 방송환경 개선지원(베트남)"",""보고기관"":""과학기술정보통신부"",""보고연도"":""2020~2021(2개 연도행 합산)"",""분야_DAC"":""라디오/텔레비전/인쇄매체(22030)"",""사업기간"":""2020-01-01~2021-12-31"",""사업번호"":""201718100779_002"",""상태"":""완료"",""시행기관"":""한국전파진흥협회"",""약정액_합계"":""850,831 USD"",""원조유형"":""프로젝트 원조"",""원지표ID"":null,""자금형태"":""무상, 출연(분담금 포함)"",""지출액_합계"":""850,831 USD"",""참고"":null}",,,국무조정실 ODA Korea 통합 통계(OECD CRS 보고 원자료) — 한국수출입은행(EDCF)·한국국제협력단(KOICA)·정부부처·지방자치단체 제출분,https://stats.odakorea.go.kr/portal/oda/spot/statistics,공공누리 제1유형(출처표시),D-016.xlsx,1.2_entity(레코드형),66,
D-016,"지자체·정부부처 프로젝트[사업명, 수원국, 시행기관(부처/지자체명), 사업 유형, 사업 기간, 사업비, 분야]",entity,v124-d-016-entity-00162,D-016_ministry_local_project_registry,VNM,,,,,,,,,아세안대학 이러닝 지원(베트남),,,"{""38대_기후기술"":null,""CRS번호"":""2019130323"",""Rio_Marker"":""태깅 없음"",""구분태그"":null,""기관유형"":""정부부처(중앙행정기관)"",""기술매핑_근거"":""미매핑(N3) · 기후기술 비대상 분야 · DAC 11420 전문대,대학(원) 교육"",""기준연도"":null,""대표금액"":330389,""레코드구분"":""개별"",""명칭"":""아세안대학 이러닝 지원(베트남)"",""보고기관"":""교육부"",""보고연도"":""2019~2019(1개 연도행 합산)"",""분야_DAC"":""전문대,대학(원) 교육(11420)"",""사업기간"":""2019-01-01~2019-12-31"",""사업번호"":""201917711450"",""상태"":""완료"",""시행기관"":""교육부"",""약정액_합계"":""330,389 USD"",""원조유형"":""프로젝트 원조"",""원지표ID"":null,""자금형태"":""무상, 출연(분담금 포함)"",""지출액_합계"":""330,389 USD"",""참고"":null}",,,국무조정실 ODA Korea 통합 통계(OECD CRS 보고 원자료) — 한국수출입은행(EDCF)·한국국제협력단(KOICA)·정부부처·지방자치단체 제출분,https://stats.odakorea.go.kr/portal/oda/spot/statistics,공공누리 제1유형(출처표시),D-016.xlsx,1.2_entity(레코드형),110,
D-016,"지자체·정부부처 프로젝트[사업명, 수원국, 시행기관(부처/지자체명), 사업 유형, 사업 기간, 사업비, 분야]",entity,v124-d-016-entity-00163,D-016_ministry_local_project_registry,VNM,,,,,,,,,베트남 도로 중온 아스팔트 기술 최적화 사업,,,"{""38대_기후기술"":null,""CRS번호"":""2019130412"",""Rio_Marker"":""태깅 없음"",""구분태그"":null,""기관유형"":""정부부처(중앙행정기관)"",""기술매핑_근거"":""미매핑(N3) · 기후기술 비대상 분야 · DAC 21020 도로운송"",""기준연도"":null,""대표금액"":1225936,""레코드구분"":""개별"",""명칭"":""베트남 도로 중온 아스팔트 기술 최적화 사업"",""보고기관"":""국토교통부"",""보고연도"":""2019~2021(3개 연도행 합산)"",""분야_DAC"":""도로운송(21020)"",""사업기간"":""2018-08-13~2021-06-30"",""사업번호"":""201817806437"",""상태"":""완료"",""시행기관"":""한국건설기술연구원"",""약정액_합계"":""1,225,936 USD"",""원조유형"":""프로젝트 원조"",""원지표ID"":null,""자금형태"":""무상, 출연(분담금 포함)"",""지출액_합계"":""1,197,264 USD"",""참고"":null}",,,국무조정실 ODA Korea 통합 통계(OECD CRS 보고 원자료) — 한국수출입은행(EDCF)·한국국제협력단(KOICA)·정부부처·지방자치단체 제출분,https://stats.odakorea.go.kr/portal/oda/spot/statistics,공공누리 제1유형(출처표시),D-016.xlsx,1.2_entity(레코드형),49,
D-016,"지자체·정부부처 프로젝트[사업명, 수원국, 시행기관(부처/지자체명), 사업 유형, 사업 기간, 사업비, 분야]",entity,v124-d-016-entity-00164,D-016_ministry_local_project_registry,VNM,,,,,,,,,고맙습니다. 작은도서관 조성 지원,,,"{""38대_기후기술"":null,""CRS번호"":""2019130711"",""Rio_Marker"":""태깅 없음"",""구분태그"":null,""기관유형"":""정부부처(중앙행정기관)"",""기술매핑_근거"":""미매핑(N3) · 기후기술 비대상 분야 · DAC 16061 문화 및 레크리에이션"",""기준연도"":null,""대표금액"":162191,""레코드구분"":""개별"",""명칭"":""고맙습니다. 작은도서관 조성 지원"",""보고기관"":""문화체육관광부"",""보고연도"":""2019~2019(1개 연도행 합산)"",""분야_DAC"":""문화 및 레크리에이션(16061)"",""사업기간"":""2019-01-01~2019-12-31"",""사업번호"":""201713800858_001"",""상태"":""완료"",""시행기관"":""문화체육관광부"",""약정액_합계"":""162,191 USD"",""원조유형"":""프로젝트 원조"",""원지표ID"":null,""자금형태"":""무상, 출연(분담금 포함)"",""지출액_합계"":""162,191 USD"",""참고"":null}",,,국무조정실 ODA Korea 통합 통계(OECD CRS 보고 원자료) — 한국수출입은행(EDCF)·한국국제협력단(KOICA)·정부부처·지방자치단체 제출분,https://stats.odakorea.go.kr/portal/oda/spot/statistics,공공누리 제1유형(출처표시),D-016.xlsx,1.2_entity(레코드형),147,
D-016,"지자체·정부부처 프로젝트[사업명, 수원국, 시행기관(부처/지자체명), 사업 유형, 사업 기간, 사업비, 분야]",entity,v124-d-016-entity-00165,D-016_ministry_local_project_registry,VNM,,,,,,,,,베트남 의료시설 운영관리 및 의료기기 컨설팅사업,,,"{""38대_기후기술"":null,""CRS번호"":""2019130770"",""Rio_Marker"":""태깅 없음"",""구분태그"":null,""기관유형"":""정부부처(중앙행정기관)"",""기술매핑_근거"":""미매핑(N3) · 기후기술 비대상 분야 · DAC 12191 의료서비스"",""기준연도"":null,""대표금액"":193474,""레코드구분"":""개별"",""명칭"":""베트남 의료시설 운영관리 및 의료기기 컨설팅사업"",""보고기관"":""보건복지부"",""보고연도"":""2019~2019(1개 연도행 합산)"",""분야_DAC"":""의료서비스(12191)"",""사업기간"":""2019-01-01~2019-12-31"",""사업번호"":""201917011093"",""상태"":""완료"",""시행기관"":""한국국제보건의료재단"",""약정액_합계"":""193,474 USD"",""원조유형"":""프로젝트 원조"",""원지표ID"":null,""자금형태"":""무상, 출연(분담금 포함)"",""지출액_합계"":""193,474 USD"",""참고"":null}",,,국무조정실 ODA Korea 통합 통계(OECD CRS 보고 원자료) — 한국수출입은행(EDCF)·한국국제협력단(KOICA)·정부부처·지방자치단체 제출분,https://stats.odakorea.go.kr/portal/oda/spot/statistics,공공누리 제1유형(출처표시),D-016.xlsx,1.2_entity(레코드형),138,
D-016,"지자체·정부부처 프로젝트[사업명, 수원국, 시행기관(부처/지자체명), 사업 유형, 사업 기간, 사업비, 분야]",entity,v124-d-016-entity-00166,D-016_ministry_local_project_registry,VNM,,,,,,,,,베트남 생산현장 애로기술지도(TASK) 센터 조성,,,"{""38대_기후기술"":null,""CRS번호"":""2019130830"",""Rio_Marker"":""태깅 없음"",""구분태그"":null,""기관유형"":""정부부처(중앙행정기관)"",""기술매핑_근거"":""미매핑(N3) · 기후기술 비대상 분야 · DAC 32130 중소기업 개발"",""기준연도"":null,""대표금액"":1458860,""레코드구분"":""개별"",""명칭"":""베트남 생산현장 애로기술지도(TASK) 센터 조성"",""보고기관"":""산업통상자원부"",""보고연도"":""2019~2022(2개 연도행 합산)"",""분야_DAC"":""중소기업 개발(32130)"",""사업기간"":""2019-01-01~2023-12-31"",""사업번호"":""201818006302"",""상태"":""완료"",""시행기관"":""한국산업기술진흥원"",""약정액_합계"":""1,458,860 USD"",""원조유형"":""프로젝트 원조"",""원지표ID"":null,""자금형태"":""무상, 출연(분담금 포함)"",""지출액_합계"":""2,570,824 USD"",""참고"":null}",,,국무조정실 ODA Korea 통합 통계(OECD CRS 보고 원자료) — 한국수출입은행(EDCF)·한국국제협력단(KOICA)·정부부처·지방자치단체 제출분,https://stats.odakorea.go.kr/portal/oda/spot/statistics,공공누리 제1유형(출처표시),D-016.xlsx,1.2_entity(레코드형),44,
D-016,"지자체·정부부처 프로젝트[사업명, 수원국, 시행기관(부처/지자체명), 사업 유형, 사업 기간, 사업비, 분야]",entity,v124-d-016-entity-00167,D-016_ministry_local_project_registry,VNM,,,,,,,,,국제개발협력(베트남 ICT 기반 식품안전 행정시스템 구축 및 운영지원 사업),,,"{""38대_기후기술"":null,""CRS번호"":""2019130841"",""Rio_Marker"":""태깅 없음"",""구분태그"":null,""기관유형"":""정부부처(중앙행정기관)"",""기술매핑_근거"":""미매핑(N3) · 기후기술 비대상 분야 · DAC 15110 공공정책 및 행정관리"",""기준연도"":null,""대표금액"":2674463,""레코드구분"":""개별"",""명칭"":""국제개발협력(베트남 ICT 기반 식품안전 행정시스템 구축 및 운영지원 사업)"",""보고기관"":""식품의약품안전처"",""보고연도"":""2019~2020(2개 연도행 합산)"",""분야_DAC"":""공공정책 및 행정관리(15110)"",""사업기간"":""2019-01-01~2019-12-31"",""사업번호"":""201814604228"",""상태"":""완료"",""시행기관"":""식품의약품안전처"",""약정액_합계"":""2,674,463 USD"",""원조유형"":""프로젝트 원조"",""원지표ID"":null,""자금형태"":""무상, 출연(분담금 포함)"",""지출액_합계"":""2,674,463 USD"",""참고"":null}",,,국무조정실 ODA Korea 통합 통계(OECD CRS 보고 원자료) — 한국수출입은행(EDCF)·한국국제협력단(KOICA)·정부부처·지방자치단체 제출분,https://stats.odakorea.go.kr/portal/oda/spot/statistics,공공누리 제1유형(출처표시),D-016.xlsx,1.2_entity(레코드형),25,
D-016,"지자체·정부부처 프로젝트[사업명, 수원국, 시행기관(부처/지자체명), 사업 유형, 사업 기간, 사업비, 분야]",entity,v124-d-016-entity-00168,D-016_ministry_local_project_registry,VNM,,,,,,,,,2019 아시아권교류도시 의료지원,,,"{""38대_기후기술"":null,""CRS번호"":""2019130911"",""Rio_Marker"":""태깅 없음"",""구분태그"":null,""기관유형"":""지자체"",""기술매핑_근거"":""미매핑(N3) · 기후기술 비대상 분야 · DAC 12191 의료서비스"",""기준연도"":null,""대표금액"":9802,""레코드구분"":""개별"",""명칭"":""2019 아시아권교류도시 의료지원"",""보고기관"":""지방자치단체(인천광역시)"",""보고연도"":""2019~2019(1개 연도행 합산)"",""분야_DAC"":""의료서비스(12191)"",""사업기간"":""2019-01-01~2019-12-31"",""사업번호"":""201914810923_001"",""상태"":""완료"",""시행기관"":""가천대길병원 & 인하대병원"",""약정액_합계"":""9,802 USD"",""원조유형"":""프로젝트 원조"",""원지표ID"":null,""자금형태"":""무상, 출연(분담금 포함)"",""지출액_합계"":""9,802 USD"",""참고"":null}",,,국무조정실 ODA Korea 통합 통계(OECD CRS 보고 원자료) — 한국수출입은행(EDCF)·한국국제협력단(KOICA)·정부부처·지방자치단체 제출분,https://stats.odakorea.go.kr/portal/oda/spot/statistics,공공누리 제1유형(출처표시),D-016.xlsx,1.2_entity(레코드형),228,
D-016,"지자체·정부부처 프로젝트[사업명, 수원국, 시행기관(부처/지자체명), 사업 유형, 사업 기간, 사업비, 분야]",entity,v124-d-016-entity-00169,D-016_ministry_local_project_registry,VNM,,,,,,,,,산업개발협력기획_베트남 건설기계 융복합 솔루션센터 조성 사전기획,,,"{""38대_기후기술"":null,""CRS번호"":""2019162887"",""Rio_Marker"":""태깅 없음"",""구분태그"":null,""기관유형"":""정부부처(중앙행정기관)"",""기술매핑_근거"":""미매핑(N3) · 기후기술 비대상 분야 · DAC 32171 엔지니어링(기계공업)"",""기준연도"":null,""대표금액"":21459,""레코드구분"":""개별"",""명칭"":""산업개발협력기획_베트남 건설기계 융복합 솔루션센터 조성 사전기획"",""보고기관"":""산업통상자원부"",""보고연도"":""2019~2019(1개 연도행 합산)"",""분야_DAC"":""엔지니어링(기계공업)(32171)"",""사업기간"":""2019-05-01~2019-12-31"",""사업번호"":""201918066158"",""상태"":""완료"",""시행기관"":""한국산업기술진흥원"",""약정액_합계"":""21,459 USD"",""원조유형"":""프로젝트 원조"",""원지표ID"":null,""자금형태"":""무상, 출연(분담금 포함)"",""지출액_합계"":""21,459 USD"",""참고"":null}",,,국무조정실 ODA Korea 통합 통계(OECD CRS 보고 원자료) — 한국수출입은행(EDCF)·한국국제협력단(KOICA)·정부부처·지방자치단체 제출분,https://stats.odakorea.go.kr/portal/oda/spot/statistics,공공누리 제1유형(출처표시),D-016.xlsx,1.2_entity(레코드형),222,
D-016,"지자체·정부부처 프로젝트[사업명, 수원국, 시행기관(부처/지자체명), 사업 유형, 사업 기간, 사업비, 분야]",entity,v124-d-016-entity-00170,D-016_ministry_local_project_registry,VNM,,,,,,,,,산업개발협력기획_베트남 조선 해양 기술지원센터 설립 사전기획,,,"{""38대_기후기술"":null,""CRS번호"":""2019162888"",""Rio_Marker"":""태깅 없음"",""구분태그"":null,""기관유형"":""정부부처(중앙행정기관)"",""기술매핑_근거"":""미매핑(N3) · 기후기술 비대상 분야 · DAC 32171 엔지니어링(기계공업)"",""기준연도"":null,""대표금액"":21459,""레코드구분"":""개별"",""명칭"":""산업개발협력기획_베트남 조선 해양 기술지원센터 설립 사전기획"",""보고기관"":""산업통상자원부"",""보고연도"":""2019~2019(1개 연도행 합산)"",""분야_DAC"":""엔지니어링(기계공업)(32171)"",""사업기간"":""2019-05-01~2019-12-31"",""사업번호"":""201918066159"",""상태"":""완료"",""시행기관"":""한국산업기술진흥원"",""약정액_합계"":""21,459 USD"",""원조유형"":""프로젝트 원조"",""원지표ID"":null,""자금형태"":""무상, 출연(분담금 포함)"",""지출액_합계"":""21,459 USD"",""참고"":null}",,,국무조정실 ODA Korea 통합 통계(OECD CRS 보고 원자료) — 한국수출입은행(EDCF)·한국국제협력단(KOICA)·정부부처·지방자치단체 제출분,https://stats.odakorea.go.kr/portal/oda/spot/statistics,공공누리 제1유형(출처표시),D-016.xlsx,1.2_entity(레코드형),221,
D-016,"지자체·정부부처 프로젝트[사업명, 수원국, 시행기관(부처/지자체명), 사업 유형, 사업 기간, 사업비, 분야]",entity,v124-d-016-entity-00171,D-016_ministry_local_project_registry,VNM,,,,,,,,,산업개발협력기획_베트남 천연물 표준화 생산센터 조성 사전기획,,,"{""38대_기후기술"":null,""CRS번호"":""2019162889"",""Rio_Marker"":""태깅 없음"",""구분태그"":null,""기관유형"":""정부부처(중앙행정기관)"",""기술매핑_근거"":""미매핑(N3) · 기후기술 비대상 분야 · DAC 32171 엔지니어링(기계공업)"",""기준연도"":null,""대표금액"":21459,""레코드구분"":""개별"",""명칭"":""산업개발협력기획_베트남 천연물 표준화 생산센터 조성 사전기획"",""보고기관"":""산업통상자원부"",""보고연도"":""2019~2019(1개 연도행 합산)"",""분야_DAC"":""엔지니어링(기계공업)(32171)"",""사업기간"":""2019-05-01~2019-12-31"",""사업번호"":""201918066160"",""상태"":""완료"",""시행기관"":""한국산업기술진흥원"",""약정액_합계"":""21,459 USD"",""원조유형"":""프로젝트 원조"",""원지표ID"":null,""자금형태"":""무상, 출연(분담금 포함)"",""지출액_합계"":""21,459 USD"",""참고"":null}",,,국무조정실 ODA Korea 통합 통계(OECD CRS 보고 원자료) — 한국수출입은행(EDCF)·한국국제협력단(KOICA)·정부부처·지방자치단체 제출분,https://stats.odakorea.go.kr/portal/oda/spot/statistics,공공누리 제1유형(출처표시),D-016.xlsx,1.2_entity(레코드형),220,
D-016,"지자체·정부부처 프로젝트[사업명, 수원국, 시행기관(부처/지자체명), 사업 유형, 사업 기간, 사업비, 분야]",entity,v124-d-016-entity-00172,D-016_ministry_local_project_registry,VNM,,,,,,,,,산업개발협력기획_베트남 조선해양기술지원센터 설립 상세기획 및 타당성 조사,,,"{""38대_기후기술"":null,""CRS번호"":""2019162892"",""Rio_Marker"":""태깅 없음"",""구분태그"":null,""기관유형"":""정부부처(중앙행정기관)"",""기술매핑_근거"":""미매핑(N3) · 기후기술 비대상 분야 · DAC 32171 엔지니어링(기계공업)"",""기준연도"":null,""대표금액"":55794,""레코드구분"":""개별"",""명칭"":""산업개발협력기획_베트남 조선해양기술지원센터 설립 상세기획 및 타당성 조사"",""보고기관"":""산업통상자원부"",""보고연도"":""2019~2019(1개 연도행 합산)"",""분야_DAC"":""엔지니어링(기계공업)(32171)"",""사업기간"":""2019-05-01~2019-12-31"",""사업번호"":""201918066163"",""상태"":""완료"",""시행기관"":""한국산업기술진흥원"",""약정액_합계"":""55,794 USD"",""원조유형"":""프로젝트 원조"",""원지표ID"":null,""자금형태"":""무상, 출연(분담금 포함)"",""지출액_합계"":""55,794 USD"",""참고"":null}",,,국무조정실 ODA Korea 통합 통계(OECD CRS 보고 원자료) — 한국수출입은행(EDCF)·한국국제협력단(KOICA)·정부부처·지방자치단체 제출분,https://stats.odakorea.go.kr/portal/oda/spot/statistics,공공누리 제1유형(출처표시),D-016.xlsx,1.2_entity(레코드형),187,
D-016,"지자체·정부부처 프로젝트[사업명, 수원국, 시행기관(부처/지자체명), 사업 유형, 사업 기간, 사업비, 분야]",entity,v124-d-016-entity-00173,D-016_ministry_local_project_registry,VNM,,,,,,,,,산업개발협력기획_베트남 천연물 산업화 지원센터 조성 상세기획 및 타당성조사,,,"{""38대_기후기술"":null,""CRS번호"":""2019162893"",""Rio_Marker"":""태깅 없음"",""구분태그"":null,""기관유형"":""정부부처(중앙행정기관)"",""기술매핑_근거"":""미매핑(N3) · 기후기술 비대상 분야 · DAC 32171 엔지니어링(기계공업)"",""기준연도"":null,""대표금액"":55794,""레코드구분"":""개별"",""명칭"":""산업개발협력기획_베트남 천연물 산업화 지원센터 조성 상세기획 및 타당성조사"",""보고기관"":""산업통상자원부"",""보고연도"":""2019~2019(1개 연도행 합산)"",""분야_DAC"":""엔지니어링(기계공업)(32171)"",""사업기간"":""2019-05-01~2019-12-31"",""사업번호"":""201918066164"",""상태"":""완료"",""시행기관"":""한국산업기술진흥원"",""약정액_합계"":""55,794 USD"",""원조유형"":""프로젝트 원조"",""원지표ID"":null,""자금형태"":""무상, 출연(분담금 포함)"",""지출액_합계"":""55,794 USD"",""참고"":null}",,,국무조정실 ODA Korea 통합 통계(OECD CRS 보고 원자료) — 한국수출입은행(EDCF)·한국국제협력단(KOICA)·정부부처·지방자치단체 제출분,https://stats.odakorea.go.kr/portal/oda/spot/statistics,공공누리 제1유형(출처표시),D-016.xlsx,1.2_entity(레코드형),186,
D-016,"지자체·정부부처 프로젝트[사업명, 수원국, 시행기관(부처/지자체명), 사업 유형, 사업 기간, 사업비, 분야]",entity,v124-d-016-entity-00174,D-016_ministry_local_project_registry,VNM,,,,,,,,,개도국 국제장애인자립지원 사업 공모,,,"{""38대_기후기술"":null,""CRS번호"":""2020000138"",""Rio_Marker"":""태깅 없음"",""구분태그"":null,""기관유형"":""지자체"",""기술매핑_근거"":""미매핑(N3) · 기후기술 비대상 분야 · DAC 11110 교육정책 및 행정관리"",""기준연도"":null,""대표금액"":24295,""레코드구분"":""개별"",""명칭"":""개도국 국제장애인자립지원 사업 공모"",""보고기관"":""지방자치단체(서울특별시)"",""보고연도"":""2020~2020(1개 연도행 합산)"",""분야_DAC"":""교육정책 및 행정관리(11110)"",""사업기간"":""2020-05-19~2020-12-15"",""사업번호"":""GRP_0000166070_002"",""상태"":""완료"",""시행기관"":""실로암시각장애인복지관"",""약정액_합계"":""24,295 USD"",""원조유형"":""프로젝트 원조"",""원지표ID"":null,""자금형태"":""무상, 출연(분담금 포함)"",""지출액_합계"":""24,295 USD"",""참고"":null}",,,국무조정실 ODA Korea 통합 통계(OECD CRS 보고 원자료) — 한국수출입은행(EDCF)·한국국제협력단(KOICA)·정부부처·지방자치단체 제출분,https://stats.odakorea.go.kr/portal/oda/spot/statistics,공공누리 제1유형(출처표시),D-016.xlsx,1.2_entity(레코드형),212,
D-016,"지자체·정부부처 프로젝트[사업명, 수원국, 시행기관(부처/지자체명), 사업 유형, 사업 기간, 사업비, 분야]",entity,v124-d-016-entity-00175,D-016_ministry_local_project_registry,VNM,,,,,,,,,"기관간협력지원(베트남, 베트남 방사선안전관리 및 환경감시 역량강화를 위한 방사선안전기술센터 구축)",,,"{""38대_기후기술"":null,""CRS번호"":""2020000373"",""Rio_Marker"":""태깅 없음"",""구분태그"":null,""기관유형"":""정부부처(중앙행정기관)"",""기술매핑_근거"":""미매핑(N3) · 기후기술 비대상 분야 · DAC 11182 교육연구"",""기준연도"":null,""대표금액"":127105,""레코드구분"":""개별"",""명칭"":""기관간협력지원(베트남, 베트남 방사선안전관리 및 환경감시 역량강화를 위한 방사선안전기술센터 구축)"",""보고기관"":""과학기술정보통신부"",""보고연도"":""2020~2020(1개 연도행 합산)"",""분야_DAC"":""교육연구(11182)"",""사업기간"":""2019-01-01~2021-12-31"",""사업번호"":""201718100222_010"",""상태"":""완료"",""시행기관"":""한국연구재단"",""약정액_합계"":""127,105 USD"",""원조유형"":""프로젝트 원조"",""원지표ID"":null,""자금형태"":""무상, 출연(분담금 포함)"",""지출액_합계"":""84,737 USD"",""참고"":null}",,,국무조정실 ODA Korea 통합 통계(OECD CRS 보고 원자료) — 한국수출입은행(EDCF)·한국국제협력단(KOICA)·정부부처·지방자치단체 제출분,https://stats.odakorea.go.kr/portal/oda/spot/statistics,공공누리 제1유형(출처표시),D-016.xlsx,1.2_entity(레코드형),159,
D-016,"지자체·정부부처 프로젝트[사업명, 수원국, 시행기관(부처/지자체명), 사업 유형, 사업 기간, 사업비, 분야]",entity,v124-d-016-entity-00176,D-016_ministry_local_project_registry,VNM,,,,,,,,,호치민 산업안전보건교육훈련센터 설립,,,"{""38대_기후기술"":null,""CRS번호"":""2020000408"",""Rio_Marker"":""태깅 없음"",""구분태그"":null,""기관유형"":""정부부처(중앙행정기관)"",""기술매핑_근거"":""미매핑(N3) · 기후기술 비대상 분야 · DAC 11120 교육시설 및 특별연수"",""기준연도"":null,""대표금액"":2542098,""레코드구분"":""개별"",""명칭"":""호치민 산업안전보건교육훈련센터 설립"",""보고기관"":""고용노동부"",""보고연도"":""2020~2022(3개 연도행 합산)"",""분야_DAC"":""교육시설 및 특별연수(11120)"",""사업기간"":""2020-03-01~2022-12-31"",""사업번호"":""GRP_0000143096"",""상태"":""완료"",""시행기관"":""한국산업안전보건공단"",""약정액_합계"":""2,542,098 USD"",""원조유형"":""프로젝트 원조"",""원지표ID"":null,""자금형태"":""무상, 출연(분담금 포함)"",""지출액_합계"":""1,409,490 USD"",""참고"":null}",,,국무조정실 ODA Korea 통합 통계(OECD CRS 보고 원자료) — 한국수출입은행(EDCF)·한국국제협력단(KOICA)·정부부처·지방자치단체 제출분,https://stats.odakorea.go.kr/portal/oda/spot/statistics,공공누리 제1유형(출처표시),D-016.xlsx,1.2_entity(레코드형),28,
D-016,"지자체·정부부처 프로젝트[사업명, 수원국, 시행기관(부처/지자체명), 사업 유형, 사업 기간, 사업비, 분야]",entity,v124-d-016-entity-00177,D-016_ministry_local_project_registry,VNM,,,,,,,,,베트남 다낭시 도시교통 마스터플랜 수립,,,"{""38대_기후기술"":null,""CRS번호"":""2020000416"",""Rio_Marker"":""태깅 없음"",""구분태그"":null,""기관유형"":""정부부처(중앙행정기관)"",""기술매핑_근거"":""미매핑(N3) · 기후기술 비대상 분야 · DAC 21010 운송정책 및 행정관리"",""기준연도"":null,""대표금액"":830419,""레코드구분"":""개별"",""명칭"":""베트남 다낭시 도시교통 마스터플랜 수립"",""보고기관"":""국토교통부"",""보고연도"":""2020~2020(1개 연도행 합산)"",""분야_DAC"":""운송정책 및 행정관리(21010)"",""사업기간"":""2020-06-04~2021-12-15"",""사업번호"":""GRP_0000142909"",""상태"":""완료"",""시행기관"":""한국교통연구원"",""약정액_합계"":""830,419 USD"",""원조유형"":""프로젝트 원조"",""원지표ID"":null,""자금형태"":""무상, 출연(분담금 포함)"",""지출액_합계"":""664,335 USD"",""참고"":null}",,,국무조정실 ODA Korea 통합 통계(OECD CRS 보고 원자료) — 한국수출입은행(EDCF)·한국국제협력단(KOICA)·정부부처·지방자치단체 제출분,https://stats.odakorea.go.kr/portal/oda/spot/statistics,공공누리 제1유형(출처표시),D-016.xlsx,1.2_entity(레코드형),67,
D-016,"지자체·정부부처 프로젝트[사업명, 수원국, 시행기관(부처/지자체명), 사업 유형, 사업 기간, 사업비, 분야]",entity,v124-d-016-entity-00178,D-016_ministry_local_project_registry,VNM,,,,,,,,,‵한국-베트남 스마트시티 협력센터 구축⋅운영 사업′,,,"{""38대_기후기술"":null,""CRS번호"":""2020000421"",""Rio_Marker"":""태깅 없음"",""구분태그"":null,""기관유형"":""정부부처(중앙행정기관)"",""기술매핑_근거"":""미매핑(N3) · 기후기술 비대상 분야 · DAC 43030 도시개발 및 관리"",""기준연도"":null,""대표금액"":6349513,""레코드구분"":""개별"",""명칭"":""‵한국-베트남 스마트시티 협력센터 구축⋅운영 사업′"",""보고기관"":""국토교통부"",""보고연도"":""2020~2021(2개 연도행 합산)"",""분야_DAC"":""도시개발 및 관리(43030)"",""사업기간"":""2020-06-26~2023-12-26"",""사업번호"":""GRP_0000142903"",""상태"":""완료"",""시행기관"":""한국건설기술연구원"",""약정액_합계"":""6,349,513 USD"",""원조유형"":""프로젝트 원조"",""원지표ID"":null,""자금형태"":""무상, 출연(분담금 포함)"",""지출액_합계"":""784,943 USD"",""참고"":null}",,,국무조정실 ODA Korea 통합 통계(OECD CRS 보고 원자료) — 한국수출입은행(EDCF)·한국국제협력단(KOICA)·정부부처·지방자치단체 제출분,https://stats.odakorea.go.kr/portal/oda/spot/statistics,공공누리 제1유형(출처표시),D-016.xlsx,1.2_entity(레코드형),9,
D-016,"지자체·정부부처 프로젝트[사업명, 수원국, 시행기관(부처/지자체명), 사업 유형, 사업 기간, 사업비, 분야]",entity,v124-d-016-entity-00179,D-016_ministry_local_project_registry,VNM,,,,,,,,,베트남 국가 지역 인증마크 개발 사업,,,"{""38대_기후기술"":null,""CRS번호"":""2020000442"",""Rio_Marker"":""태깅 없음"",""구분태그"":null,""기관유형"":""정부부처(중앙행정기관)"",""기술매핑_근거"":""미매핑(N3) · 기후기술 비대상 분야 · DAC 15110 공공정책 및 행정관리"",""기준연도"":null,""대표금액"":67796,""레코드구분"":""개별"",""명칭"":""베트남 국가 지역 인증마크 개발 사업"",""보고기관"":""특허청"",""보고연도"":""2020~2020(1개 연도행 합산)"",""분야_DAC"":""공공정책 및 행정관리(15110)"",""사업기간"":""2020-03-19~2020-12-18"",""사업번호"":""GRP_0000143083"",""상태"":""완료"",""시행기관"":""특허청"",""약정액_합계"":""67,796 USD"",""원조유형"":""프로젝트 원조"",""원지표ID"":null,""자금형태"":""무상, 출연(분담금 포함)"",""지출액_합계"":""67,796 USD"",""참고"":null}",,,국무조정실 ODA Korea 통합 통계(OECD CRS 보고 원자료) — 한국수출입은행(EDCF)·한국국제협력단(KOICA)·정부부처·지방자치단체 제출분,https://stats.odakorea.go.kr/portal/oda/spot/statistics,공공누리 제1유형(출처표시),D-016.xlsx,1.2_entity(레코드형),182,
D-016,"지자체·정부부처 프로젝트[사업명, 수원국, 시행기관(부처/지자체명), 사업 유형, 사업 기간, 사업비, 분야]",entity,v124-d-016-entity-00180,D-016_ministry_local_project_registry,VNM,,,,,,,,,베트남 꽝남성 지역 실크 방직기 사후관리 사업,,,"{""38대_기후기술"":null,""CRS번호"":""2020000444"",""Rio_Marker"":""태깅 없음"",""구분태그"":null,""기관유형"":""정부부처(중앙행정기관)"",""기술매핑_근거"":""미매핑(N3) · 기후기술 비대상 분야 · DAC 32171 엔지니어링(기계공업), 직업훈련(기초,중등수준)(3"",""기준연도"":null,""대표금액"":24153,""레코드구분"":""개별"",""명칭"":""베트남 꽝남성 지역 실크 방직기 사후관리 사업"",""보고기관"":""특허청"",""보고연도"":""2020~2020(1개 연도행 합산)"",""분야_DAC"":""엔지니어링(기계공업), 직업훈련(기초,중등수준)(32171, 11330)"",""사업기간"":""2020-03-19~2020-12-18"",""사업번호"":""GRP_0000143082"",""상태"":""완료"",""시행기관"":""특허청"",""약정액_합계"":""24,153 USD"",""원조유형"":""프로젝트 원조"",""원지표ID"":null,""자금형태"":""무상, 출연(분담금 포함)"",""지출액_합계"":""24,153 USD"",""참고"":null}",,,국무조정실 ODA Korea 통합 통계(OECD CRS 보고 원자료) — 한국수출입은행(EDCF)·한국국제협력단(KOICA)·정부부처·지방자치단체 제출분,https://stats.odakorea.go.kr/portal/oda/spot/statistics,공공누리 제1유형(출처표시),D-016.xlsx,1.2_entity(레코드형),213,
D-016,"지자체·정부부처 프로젝트[사업명, 수원국, 시행기관(부처/지자체명), 사업 유형, 사업 기간, 사업비, 분야]",entity,v124-d-016-entity-00181,D-016_ministry_local_project_registry,VNM,,,,,,,,,베트남 운용해양학 연구능력 확충사업,,,"{""38대_기후기술"":null,""CRS번호"":""2020000486"",""Rio_Marker"":""태깅 없음"",""구분태그"":null,""기관유형"":""정부부처(중앙행정기관)"",""기술매핑_근거"":""미매핑(N3) · 기후기술 비대상 분야 · DAC 41082 환경연구, 연구/과학기관(41082, 43082)"",""기준연도"":null,""대표금액"":469864,""레코드구분"":""개별"",""명칭"":""베트남 운용해양학 연구능력 확충사업"",""보고기관"":""해양수산부"",""보고연도"":""2020~2020(1개 연도행 합산)"",""분야_DAC"":""환경연구, 연구/과학기관(41082, 43082)"",""사업기간"":""2019-06-17~2022-12-31"",""사업번호"":""GRP_0000143003"",""상태"":""완료"",""시행기관"":""한국해양과학기술원"",""약정액_합계"":""469,864 USD"",""원조유형"":""프로젝트 원조"",""원지표ID"":null,""자금형태"":""무상, 출연(분담금 포함)"",""지출액_합계"":""469,864 USD"",""참고"":null}",,,국무조정실 ODA Korea 통합 통계(OECD CRS 보고 원자료) — 한국수출입은행(EDCF)·한국국제협력단(KOICA)·정부부처·지방자치단체 제출분,https://stats.odakorea.go.kr/portal/oda/spot/statistics,공공누리 제1유형(출처표시),D-016.xlsx,1.2_entity(레코드형),86,
D-016,"지자체·정부부처 프로젝트[사업명, 수원국, 시행기관(부처/지자체명), 사업 유형, 사업 기간, 사업비, 분야]",entity,v124-d-016-entity-00182,D-016_ministry_local_project_registry,VNM,,,,,,,,,베트남 북부지역 수산양식산업 생산성 향상을 위한 기술협력 시범사업,,,"{""38대_기후기술"":null,""CRS번호"":""2020000497"",""Rio_Marker"":""태깅 없음"",""구분태그"":null,""기관유형"":""정부부처(중앙행정기관)"",""기술매핑_근거"":""미매핑(N3) · 기후기술 비대상 분야 · DAC 12240 기초영양, 어업 연구(12240, 31382)"",""기준연도"":null,""대표금액"":3224476,""레코드구분"":""개별"",""명칭"":""베트남 북부지역 수산양식산업 생산성 향상을 위한 기술협력 시범사업"",""보고기관"":""해양수산부"",""보고연도"":""2020~2023(4개 연도행 합산)"",""분야_DAC"":""기초영양, 어업 연구(12240, 31382)"",""사업기간"":""2020-03-02~2020-12-31"",""사업번호"":""GRP_0000143267"",""상태"":""완료"",""시행기관"":""국립수산과학원"",""약정액_합계"":""3,224,476 USD"",""원조유형"":""프로젝트 원조"",""원지표ID"":null,""자금형태"":""무상, 출연(분담금 포함)"",""지출액_합계"":""946,069 USD"",""참고"":null}",,,국무조정실 ODA Korea 통합 통계(OECD CRS 보고 원자료) — 한국수출입은행(EDCF)·한국국제협력단(KOICA)·정부부처·지방자치단체 제출분,https://stats.odakorea.go.kr/portal/oda/spot/statistics,공공누리 제1유형(출처표시),D-016.xlsx,1.2_entity(레코드형),22,
D-016,"지자체·정부부처 프로젝트[사업명, 수원국, 시행기관(부처/지자체명), 사업 유형, 사업 기간, 사업비, 분야]",entity,v124-d-016-entity-00183,D-016_ministry_local_project_registry,VNM,,,,,,,,,베트남 선원 교육 훈련 및 역량강화,,,"{""38대_기후기술"":null,""CRS번호"":""2020000503"",""Rio_Marker"":""태깅 없음"",""구분태그"":null,""기관유형"":""정부부처(중앙행정기관)"",""기술매핑_근거"":""미매핑(N3) · 기후기술 비대상 분야 · DAC 11110 교육정책 및 행정관리"",""기준연도"":null,""대표금액"":2346356,""레코드구분"":""개별"",""명칭"":""베트남 선원 교육 훈련 및 역량강화"",""보고기관"":""해양수산부"",""보고연도"":""2020~2020(1개 연도행 합산)"",""분야_DAC"":""교육정책 및 행정관리(11110)"",""사업기간"":""2020-01-01~2020-12-31"",""사업번호"":""GRP_0000143138"",""상태"":""완료"",""시행기관"":""한국해양수산개발원"",""약정액_합계"":""2,346,356 USD"",""원조유형"":""프로젝트 원조"",""원지표ID"":null,""자금형태"":""무상, 출연(분담금 포함)"",""지출액_합계"":""2,346,356 USD"",""참고"":null}",,,국무조정실 ODA Korea 통합 통계(OECD CRS 보고 원자료) — 한국수출입은행(EDCF)·한국국제협력단(KOICA)·정부부처·지방자치단체 제출분,https://stats.odakorea.go.kr/portal/oda/spot/statistics,공공누리 제1유형(출처표시),D-016.xlsx,1.2_entity(레코드형),31,
D-016,"지자체·정부부처 프로젝트[사업명, 수원국, 시행기관(부처/지자체명), 사업 유형, 사업 기간, 사업비, 분야]",entity,v124-d-016-entity-00184,D-016_ministry_local_project_registry,VNM,,,,,,,,,베트남 호치민시 치안역량 강화 사업,,,"{""38대_기후기술"":null,""CRS번호"":""2020000599"",""Rio_Marker"":""태깅 없음"",""구분태그"":null,""기관유형"":""정부부처(중앙행정기관)"",""기술매핑_근거"":""미매핑(N3) · 기후기술 비대상 분야 · DAC 15130 입법 및 사법제도 개발"",""기준연도"":null,""대표금액"":464356,""레코드구분"":""개별"",""명칭"":""베트남 호치민시 치안역량 강화 사업"",""보고기관"":""경찰청"",""보고연도"":""2020~2022(3개 연도행 합산)"",""분야_DAC"":""입법 및 사법제도 개발(15130)"",""사업기간"":""2020-01-01~2021-12-31"",""사업번호"":""GRP_0000147781"",""상태"":""완료"",""시행기관"":""경찰청"",""약정액_합계"":""464,356 USD"",""원조유형"":""프로젝트 원조"",""원지표ID"":null,""자금형태"":""무상, 출연(분담금 포함)"",""지출액_합계"":""331,282 USD"",""참고"":null}",,,국무조정실 ODA Korea 통합 통계(OECD CRS 보고 원자료) — 한국수출입은행(EDCF)·한국국제협력단(KOICA)·정부부처·지방자치단체 제출분,https://stats.odakorea.go.kr/portal/oda/spot/statistics,공공누리 제1유형(출처표시),D-016.xlsx,1.2_entity(레코드형),88,
D-016,"지자체·정부부처 프로젝트[사업명, 수원국, 시행기관(부처/지자체명), 사업 유형, 사업 기간, 사업비, 분야]",entity,v124-d-016-entity-00185,D-016_ministry_local_project_registry,VNM,,,,,,,,,베트남 2차 과학수사 역량강화 사업,,,"{""38대_기후기술"":null,""CRS번호"":""2020000600"",""Rio_Marker"":""태깅 없음"",""구분태그"":null,""기관유형"":""정부부처(중앙행정기관)"",""기술매핑_근거"":""미매핑(N3) · 기후기술 비대상 분야 · DAC 15130 입법 및 사법제도 개발"",""기준연도"":null,""대표금액"":4114294,""레코드구분"":""개별"",""명칭"":""베트남 2차 과학수사 역량강화 사업"",""보고기관"":""경찰청"",""보고연도"":""2020~2022(3개 연도행 합산)"",""분야_DAC"":""입법 및 사법제도 개발(15130)"",""사업기간"":""2020-01-01~2022-12-31"",""사업번호"":""GRP_0000147780"",""상태"":""완료"",""시행기관"":""경찰청"",""약정액_합계"":""4,114,294 USD"",""원조유형"":""프로젝트 원조"",""원지표ID"":null,""자금형태"":""무상, 출연(분담금 포함)"",""지출액_합계"":""2,346,830 USD"",""참고"":null}",,,국무조정실 ODA Korea 통합 통계(OECD CRS 보고 원자료) — 한국수출입은행(EDCF)·한국국제협력단(KOICA)·정부부처·지방자치단체 제출분,https://stats.odakorea.go.kr/portal/oda/spot/statistics,공공누리 제1유형(출처표시),D-016.xlsx,1.2_entity(레코드형),13,
D-016,"지자체·정부부처 프로젝트[사업명, 수원국, 시행기관(부처/지자체명), 사업 유형, 사업 기간, 사업비, 분야]",entity,v124-d-016-entity-00186,D-016_ministry_local_project_registry,VNM,,,,,,,,,베트남 의료시설 운영관리 및 의료기기 컨설팅사업,,,"{""38대_기후기술"":null,""CRS번호"":""2020000644"",""Rio_Marker"":""태깅 없음"",""구분태그"":null,""기관유형"":""정부부처(중앙행정기관)"",""기술매핑_근거"":""미매핑(N3) · 기후기술 비대상 분야 · DAC 12191 의료서비스"",""기준연도"":null,""대표금액"":1227802,""레코드구분"":""개별"",""명칭"":""베트남 의료시설 운영관리 및 의료기기 컨설팅사업"",""보고기관"":""보건복지부"",""보고연도"":""2020~2021(2개 연도행 합산)"",""분야_DAC"":""의료서비스(12191)"",""사업기간"":""2019-01-01~2021-12-31"",""사업번호"":""GRP_0000143182"",""상태"":""완료"",""시행기관"":""한국국제보건의료재단"",""약정액_합계"":""1,227,802 USD"",""원조유형"":""프로젝트 원조"",""원지표ID"":null,""자금형태"":""무상, 출연(분담금 포함)"",""지출액_합계"":""985,932 USD"",""참고"":null}",,,국무조정실 ODA Korea 통합 통계(OECD CRS 보고 원자료) — 한국수출입은행(EDCF)·한국국제협력단(KOICA)·정부부처·지방자치단체 제출분,https://stats.odakorea.go.kr/portal/oda/spot/statistics,공공누리 제1유형(출처표시),D-016.xlsx,1.2_entity(레코드형),47,
D-016,"지자체·정부부처 프로젝트[사업명, 수원국, 시행기관(부처/지자체명), 사업 유형, 사업 기간, 사업비, 분야]",entity,v124-d-016-entity-00187,D-016_ministry_local_project_registry,VNM,,,,,,,,,긴급재난구호: 베트남 중부지역 집중호우 피해 인도적 지원_베트남 재난관리청,,,"{""38대_기후기술"":null,""CRS번호"":""2020002309"",""Rio_Marker"":""태깅 없음"",""구분태그"":null,""기관유형"":""정부부처(중앙행정기관)"",""기술매핑_근거"":""미매핑(N3) · 기후기술 비대상 분야 · DAC 72010 구호 물자지원 및 서비스"",""기준연도"":null,""대표금액"":300000,""레코드구분"":""개별"",""명칭"":""긴급재난구호: 베트남 중부지역 집중호우 피해 인도적 지원_베트남 재난관리청"",""보고기관"":""외교부"",""보고연도"":""2020~2020(1개 연도행 합산)"",""분야_DAC"":""구호 물자지원 및 서비스(72010)"",""사업기간"":""2020-01-01~2020-12-31"",""사업번호"":""STS_0000406545"",""상태"":""완료"",""시행기관"":""베트남 재난관리청"",""약정액_합계"":""300,000 USD"",""원조유형"":""프로젝트 원조"",""원지표ID"":null,""자금형태"":""무상, 출연(분담금 포함)"",""지출액_합계"":""300,000 USD"",""참고"":null}",,,국무조정실 ODA Korea 통합 통계(OECD CRS 보고 원자료) — 한국수출입은행(EDCF)·한국국제협력단(KOICA)·정부부처·지방자치단체 제출분,https://stats.odakorea.go.kr/portal/oda/spot/statistics,공공누리 제1유형(출처표시),D-016.xlsx,1.2_entity(레코드형),115,
D-016,"지자체·정부부처 프로젝트[사업명, 수원국, 시행기관(부처/지자체명), 사업 유형, 사업 기간, 사업비, 분야]",entity,v124-d-016-entity-00188,D-016_ministry_local_project_registry,VNM,,,,,,,,,코로나19 대응 인도적 지원,,,"{""38대_기후기술"":null,""CRS번호"":""2020003659g"",""Rio_Marker"":""태깅 없음"",""구분태그"":null,""기관유형"":""정부부처(중앙행정기관)"",""기술매핑_근거"":""미매핑(N3) · 기후기술 비대상 분야 · DAC 12264 COVID-19"",""기준연도"":null,""대표금액"":500000,""레코드구분"":""개별"",""명칭"":""코로나19 대응 인도적 지원"",""보고기관"":""외교부"",""보고연도"":""2020~2020(1개 연도행 합산)"",""분야_DAC"":""COVID-19(12264)"",""사업기간"":""2020-01-01~2020-12-31"",""사업번호"":""STS_0000406561_06_007"",""상태"":""완료"",""시행기관"":""외교부"",""약정액_합계"":""500,000 USD"",""원조유형"":""프로젝트 원조"",""원지표ID"":null,""자금형태"":""무상, 출연(분담금 포함)"",""지출액_합계"":""500,000 USD"",""참고"":null}",,,국무조정실 ODA Korea 통합 통계(OECD CRS 보고 원자료) — 한국수출입은행(EDCF)·한국국제협력단(KOICA)·정부부처·지방자치단체 제출분,https://stats.odakorea.go.kr/portal/oda/spot/statistics,공공누리 제1유형(출처표시),D-016.xlsx,1.2_entity(레코드형),82,
D-016,"지자체·정부부처 프로젝트[사업명, 수원국, 시행기관(부처/지자체명), 사업 유형, 사업 기간, 사업비, 분야]",entity,v124-d-016-entity-00189,D-016_ministry_local_project_registry,VNM,,,,,,,,,아태지역의 소통과 통합 증진을 위한 교육협력 사업,,,"{""38대_기후기술"":null,""CRS번호"":""2020003830"",""Rio_Marker"":""태깅 없음"",""구분태그"":null,""기관유형"":""정부부처(중앙행정기관)"",""기술매핑_근거"":""미매핑(N3) · 기후기술 비대상 분야 · DAC 11130 교사훈련"",""기준연도"":null,""대표금액"":255226,""레코드구분"":""개별"",""명칭"":""아태지역의 소통과 통합 증진을 위한 교육협력 사업"",""보고기관"":""교육부"",""보고연도"":""2020~2022(3개 연도행 합산)"",""분야_DAC"":""교사훈련(11130)"",""사업기간"":""2019-12-01~2023-11-30"",""사업번호"":""GRP_0000147790_003"",""상태"":""완료"",""시행기관"":""유네스코-방콕사무소"",""약정액_합계"":""255,226 USD"",""원조유형"":""프로젝트 원조"",""원지표ID"":null,""자금형태"":""무상, 출연(분담금 포함)"",""지출액_합계"":""255,226 USD"",""참고"":null}",,,국무조정실 ODA Korea 통합 통계(OECD CRS 보고 원자료) — 한국수출입은행(EDCF)·한국국제협력단(KOICA)·정부부처·지방자치단체 제출분,https://stats.odakorea.go.kr/portal/oda/spot/statistics,공공누리 제1유형(출처표시),D-016.xlsx,1.2_entity(레코드형),125,
D-016,"지자체·정부부처 프로젝트[사업명, 수원국, 시행기관(부처/지자체명), 사업 유형, 사업 기간, 사업비, 분야]",entity,v124-d-016-entity-00190,D-016_ministry_local_project_registry,VNM,,,,,,,,,개도국 국가기술자격정보시스템(SQ-Net) 구축 지원(베트남),,,"{""38대_기후기술"":null,""CRS번호"":""2021000260"",""Rio_Marker"":""태깅 없음"",""구분태그"":null,""기관유형"":""정부부처(중앙행정기관)"",""기술매핑_근거"":""미매핑(N3) · 기후기술 비대상 분야 · DAC 15110 공공정책 및 행정관리"",""기준연도"":null,""대표금액"":6680832,""레코드구분"":""개별"",""명칭"":""개도국 국가기술자격정보시스템(SQ-Net) 구축 지원(베트남)"",""보고기관"":""고용노동부"",""보고연도"":""2021~2023(3개 연도행 합산)"",""분야_DAC"":""공공정책 및 행정관리(15110)"",""사업기간"":""2021-01-01~2024-12-31"",""사업번호"":""1492000_2021_006"",""상태"":""완료"",""시행기관"":""한국산업인력공단"",""약정액_합계"":""6,680,832 USD"",""원조유형"":""프로젝트 원조"",""원지표ID"":null,""자금형태"":""무상, 출연(분담금 포함)"",""지출액_합계"":""764,542 USD"",""참고"":null}",,,국무조정실 ODA Korea 통합 통계(OECD CRS 보고 원자료) — 한국수출입은행(EDCF)·한국국제협력단(KOICA)·정부부처·지방자치단체 제출분,https://stats.odakorea.go.kr/portal/oda/spot/statistics,공공누리 제1유형(출처표시),D-016.xlsx,1.2_entity(레코드형),7,
D-016,"지자체·정부부처 프로젝트[사업명, 수원국, 시행기관(부처/지자체명), 사업 유형, 사업 기간, 사업비, 분야]",entity,v124-d-016-entity-00191,D-016_ministry_local_project_registry,VNM,,,,,,,,,개도국정보이용환경개선(베트남(라오까이) 정보접근센터 유지보수),,,"{""38대_기후기술"":null,""CRS번호"":""2021000281"",""Rio_Marker"":""태깅 없음"",""구분태그"":null,""기관유형"":""정부부처(중앙행정기관)"",""기술매핑_근거"":""미매핑(N3) · 기후기술 비대상 분야 · DAC 22040 정보통신기술"",""기준연도"":null,""대표금액"":198282,""레코드구분"":""개별"",""명칭"":""개도국정보이용환경개선(베트남(라오까이) 정보접근센터 유지보수)"",""보고기관"":""과학기술정보통신부"",""보고연도"":""2021~2021(1개 연도행 합산)"",""분야_DAC"":""정보통신기술(22040)"",""사업기간"":""2021-01-01~2021-12-31"",""사업번호"":""1721000_2021_035"",""상태"":""완료"",""시행기관"":""한국지능정보사회진흥원"",""약정액_합계"":""198,282 USD"",""원조유형"":""프로젝트 원조"",""원지표ID"":null,""자금형태"":""무상, 출연(분담금 포함)"",""지출액_합계"":""198,282 USD"",""참고"":null}",,,국무조정실 ODA Korea 통합 통계(OECD CRS 보고 원자료) — 한국수출입은행(EDCF)·한국국제협력단(KOICA)·정부부처·지방자치단체 제출분,https://stats.odakorea.go.kr/portal/oda/spot/statistics,공공누리 제1유형(출처표시),D-016.xlsx,1.2_entity(레코드형),136,
D-016,"지자체·정부부처 프로젝트[사업명, 수원국, 시행기관(부처/지자체명), 사업 유형, 사업 기간, 사업비, 분야]",entity,v124-d-016-entity-00192,D-016_ministry_local_project_registry,VNM,,,,,,,,,베트남 과학기술 빅데이터분석시스템 구축 지원,,,"{""38대_기후기술"":null,""CRS번호"":""2021000292"",""Rio_Marker"":""태깅 없음"",""구분태그"":null,""기관유형"":""정부부처(중앙행정기관)"",""기술매핑_근거"":""미매핑(N3) · 기후기술 비대상 분야 · DAC 15110 공공정책 및 행정관리"",""기준연도"":null,""대표금액"":2413816,""레코드구분"":""개별"",""명칭"":""베트남 과학기술 빅데이터분석시스템 구축 지원"",""보고기관"":""과학기술정보통신부"",""보고연도"":""2021~2023(3개 연도행 합산)"",""분야_DAC"":""공공정책 및 행정관리(15110)"",""사업기간"":""2021-01-01~2023-12-31"",""사업번호"":""1721000_2021_005"",""상태"":""완료"",""시행기관"":""한국과학기술정보연구원"",""약정액_합계"":""2,413,816 USD"",""원조유형"":""프로젝트 원조"",""원지표ID"":null,""자금형태"":""무상, 출연(분담금 포함)"",""지출액_합계"":""2,263,510 USD"",""참고"":null}",,,국무조정실 ODA Korea 통합 통계(OECD CRS 보고 원자료) — 한국수출입은행(EDCF)·한국국제협력단(KOICA)·정부부처·지방자치단체 제출분,https://stats.odakorea.go.kr/portal/oda/spot/statistics,공공누리 제1유형(출처표시),D-016.xlsx,1.2_entity(레코드형),29,
D-016,"지자체·정부부처 프로젝트[사업명, 수원국, 시행기관(부처/지자체명), 사업 유형, 사업 기간, 사업비, 분야]",entity,v124-d-016-entity-00193,D-016_ministry_local_project_registry,VNM,,,,,,,,,"기관간협력지원(베트남, 베트남 방사선안전관리 및 환경감시 역량강화를 위한 방사선안전기술센터 구축)",,,"{""38대_기후기술"":null,""CRS번호"":""2021000315"",""Rio_Marker"":""태깅 없음"",""구분태그"":null,""기관유형"":""정부부처(중앙행정기관)"",""기술매핑_근거"":""미매핑(N3) · 기후기술 비대상 분야 · DAC 11182 교육연구"",""기준연도"":null,""대표금액"":null,""레코드구분"":""개별"",""명칭"":""기관간협력지원(베트남, 베트남 방사선안전관리 및 환경감시 역량강화를 위한 방사선안전기술센터 구축)"",""보고기관"":""과학기술정보통신부"",""보고연도"":""2021~2021(1개 연도행 합산)"",""분야_DAC"":""교육연구(11182)"",""사업기간"":""2019-01-01~2021-12-31"",""사업번호"":""1721000_2019_007"",""상태"":""완료"",""시행기관"":""한국연구재단"",""약정액_합계"":""0 USD"",""원조유형"":""프로젝트 원조"",""원지표ID"":null,""자금형태"":""무상, 출연(분담금 포함)"",""지출액_합계"":""43,689 USD"",""참고"":null}",,,국무조정실 ODA Korea 통합 통계(OECD CRS 보고 원자료) — 한국수출입은행(EDCF)·한국국제협력단(KOICA)·정부부처·지방자치단체 제출분,https://stats.odakorea.go.kr/portal/oda/spot/statistics,공공누리 제1유형(출처표시),D-016.xlsx,1.2_entity(레코드형),233,
D-016,"지자체·정부부처 프로젝트[사업명, 수원국, 시행기관(부처/지자체명), 사업 유형, 사업 기간, 사업비, 분야]",entity,v124-d-016-entity-00194,D-016_ministry_local_project_registry,VNM,,,,,,,,,베트남 다낭시 도시교통 마스터플랜 수립,,,"{""38대_기후기술"":null,""CRS번호"":""2021000502"",""Rio_Marker"":""태깅 없음"",""구분태그"":null,""기관유형"":""정부부처(중앙행정기관)"",""기술매핑_근거"":""미매핑(N3) · 기후기술 비대상 분야 · DAC 21010 운송정책 및 행정관리"",""기준연도"":null,""대표금액"":null,""레코드구분"":""개별"",""명칭"":""베트남 다낭시 도시교통 마스터플랜 수립"",""보고기관"":""국토교통부"",""보고연도"":""2021~2021(1개 연도행 합산)"",""분야_DAC"":""운송정책 및 행정관리(21010)"",""사업기간"":""2020-06-04~2021-12-15"",""사업번호"":""1613000_2020_011"",""상태"":""완료"",""시행기관"":""한국교통연구원"",""약정액_합계"":""0 USD"",""원조유형"":""프로젝트 원조"",""원지표ID"":null,""자금형태"":""무상, 출연(분담금 포함)"",""지출액_합계"":""115,610 USD"",""참고"":null}",,,국무조정실 ODA Korea 통합 통계(OECD CRS 보고 원자료) — 한국수출입은행(EDCF)·한국국제협력단(KOICA)·정부부처·지방자치단체 제출분,https://stats.odakorea.go.kr/portal/oda/spot/statistics,공공누리 제1유형(출처표시),D-016.xlsx,1.2_entity(레코드형),231,
D-016,"지자체·정부부처 프로젝트[사업명, 수원국, 시행기관(부처/지자체명), 사업 유형, 사업 기간, 사업비, 분야]",entity,v124-d-016-entity-00195,D-016_ministry_local_project_registry,VNM,,,,,,,,,베트남 생산현장 애로기술지도(TASK) 센터 조성,,,"{""38대_기후기술"":null,""CRS번호"":""2021000705"",""Rio_Marker"":""태깅 없음"",""구분태그"":null,""기관유형"":""정부부처(중앙행정기관)"",""기술매핑_근거"":""미매핑(N3) · 기후기술 비대상 분야 · DAC 32130 중소기업 개발"",""기준연도"":null,""대표금액"":10489960,""레코드구분"":""개별"",""명칭"":""베트남 생산현장 애로기술지도(TASK) 센터 조성"",""보고기관"":""산업통상자원부"",""보고연도"":""2021~2023(2개 연도행 합산)"",""분야_DAC"":""중소기업 개발(32130)"",""사업기간"":""2019-01-01~2023-12-31"",""사업번호"":""1450000_2019_033"",""상태"":""완료"",""시행기관"":""한국산업기술진흥원"",""약정액_합계"":""10,489,960 USD"",""원조유형"":""프로젝트 원조"",""원지표ID"":null,""자금형태"":""무상, 출연(분담금 포함)"",""지출액_합계"":""6,080,816 USD"",""참고"":null}",,,국무조정실 ODA Korea 통합 통계(OECD CRS 보고 원자료) — 한국수출입은행(EDCF)·한국국제협력단(KOICA)·정부부처·지방자치단체 제출분,https://stats.odakorea.go.kr/portal/oda/spot/statistics,공공누리 제1유형(출처표시),D-016.xlsx,1.2_entity(레코드형),4,
D-016,"지자체·정부부처 프로젝트[사업명, 수원국, 시행기관(부처/지자체명), 사업 유형, 사업 기간, 사업비, 분야]",entity,v124-d-016-entity-00196,D-016_ministry_local_project_registry,VNM,,,,,,,,,산업통상협력개발지원_베트남 스마트 관망관리 인프라 구축사업_사전타당성조사,,,"{""38대_기후기술"":null,""CRS번호"":""2021000720"",""Rio_Marker"":""태깅 없음"",""구분태그"":null,""기관유형"":""정부부처(중앙행정기관)"",""기술매핑_근거"":""미매핑(N3) · 기후기술 비대상 분야 · DAC 32120 공업 개발"",""기준연도"":null,""대표금액"":21844,""레코드구분"":""개별"",""명칭"":""산업통상협력개발지원_베트남 스마트 관망관리 인프라 구축사업_사전타당성조사"",""보고기관"":""산업통상자원부"",""보고연도"":""2021~2021(1개 연도행 합산)"",""분야_DAC"":""공업 개발(32120)"",""사업기간"":""2021-05-01~2021-07-31"",""사업번호"":""1450000_2021_025"",""상태"":""완료"",""시행기관"":""한국산업기술진흥원"",""약정액_합계"":""21,844 USD"",""원조유형"":""프로젝트 원조"",""원지표ID"":null,""자금형태"":""무상, 출연(분담금 포함)"",""지출액_합계"":""21,844 USD"",""참고"":null}",,,국무조정실 ODA Korea 통합 통계(OECD CRS 보고 원자료) — 한국수출입은행(EDCF)·한국국제협력단(KOICA)·정부부처·지방자치단체 제출분,https://stats.odakorea.go.kr/portal/oda/spot/statistics,공공누리 제1유형(출처표시),D-016.xlsx,1.2_entity(레코드형),216,
D-016,"지자체·정부부처 프로젝트[사업명, 수원국, 시행기관(부처/지자체명), 사업 유형, 사업 기간, 사업비, 분야]",entity,v124-d-016-entity-00197,D-016_ministry_local_project_registry,VNM,,,,,,,,,베트남 ICT기반 식품안전행정시스템 선진화 지원,,,"{""38대_기후기술"":null,""CRS번호"":""2021000752"",""Rio_Marker"":""태깅 없음"",""구분태그"":null,""기관유형"":""정부부처(중앙행정기관)"",""기술매핑_근거"":""미매핑(N3) · 기후기술 비대상 분야 · DAC 43071 식량안전보장 및 행정관리"",""기준연도"":null,""대표금액"":2624289,""레코드구분"":""개별"",""명칭"":""베트남 ICT기반 식품안전행정시스템 선진화 지원"",""보고기관"":""식품의약품안전처"",""보고연도"":""2021~2023(3개 연도행 합산)"",""분야_DAC"":""식량안전보장 및 행정관리(43071)"",""사업기간"":""2019-01-01~2022-12-31"",""사업번호"":""1471000_2019_007"",""상태"":""완료"",""시행기관"":""식품의약품안전처"",""약정액_합계"":""2,624,289 USD"",""원조유형"":""프로젝트 원조"",""원지표ID"":null,""자금형태"":""무상, 출연(분담금 포함)"",""지출액_합계"":""2,536,446 USD"",""참고"":null}",,,국무조정실 ODA Korea 통합 통계(OECD CRS 보고 원자료) — 한국수출입은행(EDCF)·한국국제협력단(KOICA)·정부부처·지방자치단체 제출분,https://stats.odakorea.go.kr/portal/oda/spot/statistics,공공누리 제1유형(출처표시),D-016.xlsx,1.2_entity(레코드형),27,
D-016,"지자체·정부부처 프로젝트[사업명, 수원국, 시행기관(부처/지자체명), 사업 유형, 사업 기간, 사업비, 분야]",entity,v124-d-016-entity-00198,D-016_ministry_local_project_registry,VNM,,,,,,,,,제주특별자치도 지속가능 평화 ODA 사업(베트만 하이타인 초등학교 작은도서관 지원),,,"{""38대_기후기술"":null,""CRS번호"":""2021000789b"",""Rio_Marker"":""태깅 없음"",""구분태그"":null,""기관유형"":""지자체"",""기술매핑_근거"":""미매핑(N3) · 기후기술 비대상 분야 · DAC 11120 교육시설 및 특별연수"",""기준연도"":null,""대표금액"":15641,""레코드구분"":""개별"",""명칭"":""제주특별자치도 지속가능 평화 ODA 사업(베트만 하이타인 초등학교 작은도서관 지원)"",""보고기관"":""지방자치단체(제주특별자치도)"",""보고연도"":""2021~2021(1개 연도행 합산)"",""분야_DAC"":""교육시설 및 특별연수(11120)"",""사업기간"":""2021-05-04~2021-12-31"",""사업번호"":""6500000_2021_001_002"",""상태"":""완료"",""시행기관"":""제주특별자치도"",""약정액_합계"":""15,641 USD"",""원조유형"":""프로젝트 원조"",""원지표ID"":null,""자금형태"":""무상, 출연(분담금 포함)"",""지출액_합계"":""15,641 USD"",""참고"":null}",,,국무조정실 ODA Korea 통합 통계(OECD CRS 보고 원자료) — 한국수출입은행(EDCF)·한국국제협력단(KOICA)·정부부처·지방자치단체 제출분,https://stats.odakorea.go.kr/portal/oda/spot/statistics,공공누리 제1유형(출처표시),D-016.xlsx,1.2_entity(레코드형),226,
D-016,"지자체·정부부처 프로젝트[사업명, 수원국, 시행기관(부처/지자체명), 사업 유형, 사업 기간, 사업비, 분야]",entity,v124-d-016-entity-00199,D-016_ministry_local_project_registry,VNM,,,,,,,,,베트남 운용해양학 연구능력 확충사업,,,"{""38대_기후기술"":null,""CRS번호"":""2021000827"",""Rio_Marker"":""태깅 없음"",""구분태그"":null,""기관유형"":""정부부처(중앙행정기관)"",""기술매핑_근거"":""미매핑(N3) · 기후기술 비대상 분야 · DAC 43082 연구/과학기관, 환경연구(43082, 41082)"",""기준연도"":null,""대표금액"":474244,""레코드구분"":""개별"",""명칭"":""베트남 운용해양학 연구능력 확충사업"",""보고기관"":""해양수산부"",""보고연도"":""2021~2021(1개 연도행 합산)"",""분야_DAC"":""연구/과학기관, 환경연구(43082, 41082)"",""사업기간"":""2019-05-01~2022-05-15"",""사업번호"":""GRP_0000169622"",""상태"":""완료"",""시행기관"":""한국해양과학기술원"",""약정액_합계"":""474,244 USD"",""원조유형"":""프로젝트 원조"",""원지표ID"":null,""자금형태"":""무상, 출연(분담금 포함)"",""지출액_합계"":""474,244 USD"",""참고"":null}",,,국무조정실 ODA Korea 통합 통계(OECD CRS 보고 원자료) — 한국수출입은행(EDCF)·한국국제협력단(KOICA)·정부부처·지방자치단체 제출분,https://stats.odakorea.go.kr/portal/oda/spot/statistics,공공누리 제1유형(출처표시),D-016.xlsx,1.2_entity(레코드형),85,
D-016,"지자체·정부부처 프로젝트[사업명, 수원국, 시행기관(부처/지자체명), 사업 유형, 사업 기간, 사업비, 분야]",entity,v124-d-016-entity-00200,D-016_ministry_local_project_registry,VNM,,,,,,,,,코로나19 백신 현물공여,,,"{""38대_기후기술"":null,""CRS번호"":""2021000968a"",""Rio_Marker"":""태깅 없음"",""구분태그"":null,""기관유형"":""정부부처(중앙행정기관)"",""기술매핑_근거"":""미매핑(N3) · 기후기술 비대상 분야 · DAC 12264 COVID-19"",""기준연도"":null,""대표금액"":9345302,""레코드구분"":""개별"",""명칭"":""코로나19 백신 현물공여"",""보고기관"":""질병관리청"",""보고연도"":""2021~2021(1개 연도행 합산)"",""분야_DAC"":""COVID-19(12264)"",""사업기간"":""2021-10-12~2021-11-29"",""사업번호"":""STS_0000415140_001"",""상태"":""완료"",""시행기관"":""질병관리청"",""약정액_합계"":""9,345,302 USD"",""원조유형"":""프로젝트 원조"",""원지표ID"":null,""자금형태"":""무상, 출연(분담금 포함)"",""지출액_합계"":""9,345,302 USD"",""참고"":null}",,,국무조정실 ODA Korea 통합 통계(OECD CRS 보고 원자료) — 한국수출입은행(EDCF)·한국국제협력단(KOICA)·정부부처·지방자치단체 제출분,https://stats.odakorea.go.kr/portal/oda/spot/statistics,공공누리 제1유형(출처표시),D-016.xlsx,1.2_entity(레코드형),6,
D-016,"지자체·정부부처 프로젝트[사업명, 수원국, 시행기관(부처/지자체명), 사업 유형, 사업 기간, 사업비, 분야]",entity,v124-d-016-entity-00201,D-016_ministry_local_project_registry,VNM,,,,,,,,,코로나19 대응 인도적 지원_베트남,,,"{""38대_기후기술"":null,""CRS번호"":""2021002611"",""Rio_Marker"":""태깅 없음"",""구분태그"":null,""기관유형"":""정부부처(중앙행정기관)"",""기술매핑_근거"":""미매핑(N3) · 기후기술 비대상 분야 · DAC 12264 COVID-19"",""기준연도"":null,""대표금액"":112045,""레코드구분"":""개별"",""명칭"":""코로나19 대응 인도적 지원_베트남"",""보고기관"":""외교부"",""보고연도"":""2021~2021(1개 연도행 합산)"",""분야_DAC"":""COVID-19(12264)"",""사업기간"":""2021-01-01~2021-12-31"",""사업번호"":""STS_0000434951"",""상태"":""완료"",""시행기관"":""외교부"",""약정액_합계"":""112,045 USD"",""원조유형"":""프로젝트 원조"",""원지표ID"":null,""자금형태"":""무상, 출연(분담금 포함)"",""지출액_합계"":""112,045 USD"",""참고"":null}",,,국무조정실 ODA Korea 통합 통계(OECD CRS 보고 원자료) — 한국수출입은행(EDCF)·한국국제협력단(KOICA)·정부부처·지방자치단체 제출분,https://stats.odakorea.go.kr/portal/oda/spot/statistics,공공누리 제1유형(출처표시),D-016.xlsx,1.2_entity(레코드형),165,
D-016,"지자체·정부부처 프로젝트[사업명, 수원국, 시행기관(부처/지자체명), 사업 유형, 사업 기간, 사업비, 분야]",entity,v124-d-016-entity-00202,D-016_ministry_local_project_registry,VNM,,,,,,,,,베트남 전쟁 피해지역 지원사업,,,"{""38대_기후기술"":null,""CRS번호"":""2021002985"",""Rio_Marker"":""태깅 없음"",""구분태그"":null,""기관유형"":""지자체"",""기술매핑_근거"":""미매핑(N3) · 기후기술 비대상 분야 · DAC 11220 초등교육"",""기준연도"":null,""대표금액"":174755,""레코드구분"":""개별"",""명칭"":""베트남 전쟁 피해지역 지원사업"",""보고기관"":""지방자치단체(경기도)"",""보고연도"":""2021~2021(1개 연도행 합산)"",""분야_DAC"":""초등교육(11220)"",""사업기간"":""2021-10-01~2022-07-31"",""사업번호"":""STS_0000442222"",""상태"":""완료"",""시행기관"":""코리아경기도주식회사"",""약정액_합계"":""174,755 USD"",""원조유형"":""프로젝트 원조"",""원지표ID"":null,""자금형태"":""무상, 출연(분담금 포함)"",""지출액_합계"":""174,755 USD"",""참고"":null}",,,국무조정실 ODA Korea 통합 통계(OECD CRS 보고 원자료) — 한국수출입은행(EDCF)·한국국제협력단(KOICA)·정부부처·지방자치단체 제출분,https://stats.odakorea.go.kr/portal/oda/spot/statistics,공공누리 제1유형(출처표시),D-016.xlsx,1.2_entity(레코드형),144,
D-016,"지자체·정부부처 프로젝트[사업명, 수원국, 시행기관(부처/지자체명), 사업 유형, 사업 기간, 사업비, 분야]",entity,v124-d-016-entity-00203,D-016_ministry_local_project_registry,VNM,,,,,,,,,베트남 하노이 좋은마음학교 조성사업,,,"{""38대_기후기술"":null,""CRS번호"":""2021002989"",""Rio_Marker"":""태깅 없음"",""구분태그"":null,""기관유형"":""지자체"",""기술매핑_근거"":""미매핑(N3) · 기후기술 비대상 분야 · DAC 11320 중고등교육"",""기준연도"":null,""대표금액"":131067,""레코드구분"":""개별"",""명칭"":""베트남 하노이 좋은마음학교 조성사업"",""보고기관"":""지방자치단체(경기도)"",""보고연도"":""2021~2021(1개 연도행 합산)"",""분야_DAC"":""중고등교육(11320)"",""사업기간"":""2021-04-13~2022-03-31"",""사업번호"":""STS_0000442226"",""상태"":""완료"",""시행기관"":""굿네이버스 인터내셔널"",""약정액_합계"":""131,067 USD"",""원조유형"":""프로젝트 원조"",""원지표ID"":null,""자금형태"":""무상, 출연(분담금 포함)"",""지출액_합계"":""131,067 USD"",""참고"":null}",,,국무조정실 ODA Korea 통합 통계(OECD CRS 보고 원자료) — 한국수출입은행(EDCF)·한국국제협력단(KOICA)·정부부처·지방자치단체 제출분,https://stats.odakorea.go.kr/portal/oda/spot/statistics,공공누리 제1유형(출처표시),D-016.xlsx,1.2_entity(레코드형),158,
D-016,"지자체·정부부처 프로젝트[사업명, 수원국, 시행기관(부처/지자체명), 사업 유형, 사업 기간, 사업비, 분야]",entity,v124-d-016-entity-00204,D-016_ministry_local_project_registry,VNM,,,,,,,,,성과평가(베트남 대상 경기도 oda 사업),,,"{""38대_기후기술"":null,""CRS번호"":""2021003087"",""Rio_Marker"":""태깅 없음"",""구분태그"":null,""기관유형"":""지자체"",""기술매핑_근거"":""미매핑(N3) · 기후기술 비대상 분야 · DAC 99810 비특정분야"",""기준연도"":null,""대표금액"":42662,""레코드구분"":""개별"",""명칭"":""성과평가(베트남 대상 경기도 oda 사업)"",""보고기관"":""지방자치단체(경기도)"",""보고연도"":""2021~2021(1개 연도행 합산)"",""분야_DAC"":""비특정분야(99810)"",""사업기간"":""2021-11-17~2022-06-30"",""사업번호"":""STS_0000445204"",""상태"":""완료"",""시행기관"":""전북대학교 산학협력단"",""약정액_합계"":""42,662 USD"",""원조유형"":""프로젝트 원조"",""원지표ID"":null,""자금형태"":""무상, 출연(분담금 포함)"",""지출액_합계"":""42,662 USD"",""참고"":null}",,,국무조정실 ODA Korea 통합 통계(OECD CRS 보고 원자료) — 한국수출입은행(EDCF)·한국국제협력단(KOICA)·정부부처·지방자치단체 제출분,https://stats.odakorea.go.kr/portal/oda/spot/statistics,공공누리 제1유형(출처표시),D-016.xlsx,1.2_entity(레코드형),195,
D-016,"지자체·정부부처 프로젝트[사업명, 수원국, 시행기관(부처/지자체명), 사업 유형, 사업 기간, 사업비, 분야]",entity,v124-d-016-entity-00205,D-016_ministry_local_project_registry,VNM,,,,,,,,,서태평양지역 개도국 바이오의약품 규제기관 역량강화 지원,,,"{""38대_기후기술"":null,""CRS번호"":""2021018466"",""Rio_Marker"":""태깅 없음"",""구분태그"":null,""기관유형"":""정부부처(중앙행정기관)"",""기술매핑_근거"":""미매핑(N3) · 기후기술 비대상 분야 · DAC 12110 보건정책 및 행정관리"",""기준연도"":null,""대표금액"":170911,""레코드구분"":""개별"",""명칭"":""서태평양지역 개도국 바이오의약품 규제기관 역량강화 지원"",""보고기관"":""식품의약품안전처"",""보고연도"":""2021~2021(1개 연도행 합산)"",""분야_DAC"":""보건정책 및 행정관리(12110)"",""사업기간"":""2020-01-01~2024-12-31"",""사업번호"":""STS_0000467662"",""상태"":""완료"",""시행기관"":""세계보건기구 서태평양지역사무소"",""약정액_합계"":""170,911 USD"",""원조유형"":""프로젝트 원조"",""원지표ID"":null,""자금형태"":""무상, 출연(분담금 포함)"",""지출액_합계"":""170,911 USD"",""참고"":null}",,,국무조정실 ODA Korea 통합 통계(OECD CRS 보고 원자료) — 한국수출입은행(EDCF)·한국국제협력단(KOICA)·정부부처·지방자치단체 제출분,https://stats.odakorea.go.kr/portal/oda/spot/statistics,공공누리 제1유형(출처표시),D-016.xlsx,1.2_entity(레코드형),145,
D-016,"지자체·정부부처 프로젝트[사업명, 수원국, 시행기관(부처/지자체명), 사업 유형, 사업 기간, 사업비, 분야]",entity,v124-d-016-entity-00206,D-016_ministry_local_project_registry,VNM,,,,,,,,,개발도상국 국제장애인자립지원사업-교육지원사업(베트남),,,"{""38대_기후기술"":null,""CRS번호"":""2021018565"",""Rio_Marker"":""태깅 없음"",""구분태그"":null,""기관유형"":""지자체"",""기술매핑_근거"":""미매핑(N3) · 기후기술 비대상 분야 · DAC 11120 교육시설 및 특별연수"",""기준연도"":null,""대표금액"":15946,""레코드구분"":""개별"",""명칭"":""개발도상국 국제장애인자립지원사업-교육지원사업(베트남)"",""보고기관"":""지방자치단체(서울특별시)"",""보고연도"":""2021~2021(1개 연도행 합산)"",""분야_DAC"":""교육시설 및 특별연수(11120)"",""사업기간"":""2021-04-13~2021-12-15"",""사업번호"":""STS_0000468137"",""상태"":""완료"",""시행기관"":""서울특별시"",""약정액_합계"":""15,946 USD"",""원조유형"":""프로젝트 원조"",""원지표ID"":null,""자금형태"":""무상, 출연(분담금 포함)"",""지출액_합계"":""15,946 USD"",""참고"":null}",,,국무조정실 ODA Korea 통합 통계(OECD CRS 보고 원자료) — 한국수출입은행(EDCF)·한국국제협력단(KOICA)·정부부처·지방자치단체 제출분,https://stats.odakorea.go.kr/portal/oda/spot/statistics,공공누리 제1유형(출처표시),D-016.xlsx,1.2_entity(레코드형),225,
D-016,"지자체·정부부처 프로젝트[사업명, 수원국, 시행기관(부처/지자체명), 사업 유형, 사업 기간, 사업비, 분야]",entity,v124-d-016-entity-00207,D-016_ministry_local_project_registry,VNM,,,,,,,,,산업통상협력개발지원_베트남 스마트 관망관리 인프라 구축사업_타당성조사,,,"{""38대_기후기술"":null,""CRS번호"":""2021018578"",""Rio_Marker"":""태깅 없음"",""구분태그"":null,""기관유형"":""정부부처(중앙행정기관)"",""기술매핑_근거"":""미매핑(N3) · 기후기술 비대상 분야 · DAC 32120 공업 개발"",""기준연도"":null,""대표금액"":43689,""레코드구분"":""개별"",""명칭"":""산업통상협력개발지원_베트남 스마트 관망관리 인프라 구축사업_타당성조사"",""보고기관"":""산업통상자원부"",""보고연도"":""2021~2021(1개 연도행 합산)"",""분야_DAC"":""공업 개발(32120)"",""사업기간"":""2021-09-01~2021-12-31"",""사업번호"":""STS_0000468150"",""상태"":""완료"",""시행기관"":""한국산업기술진흥원"",""약정액_합계"":""43,689 USD"",""원조유형"":""프로젝트 원조"",""원지표ID"":null,""자금형태"":""무상, 출연(분담금 포함)"",""지출액_합계"":""43,689 USD"",""참고"":null}",,,국무조정실 ODA Korea 통합 통계(OECD CRS 보고 원자료) — 한국수출입은행(EDCF)·한국국제협력단(KOICA)·정부부처·지방자치단체 제출분,https://stats.odakorea.go.kr/portal/oda/spot/statistics,공공누리 제1유형(출처표시),D-016.xlsx,1.2_entity(레코드형),194,
D-016,"지자체·정부부처 프로젝트[사업명, 수원국, 시행기관(부처/지자체명), 사업 유형, 사업 기간, 사업비, 분야]",entity,v124-d-016-entity-00208,D-016_ministry_local_project_registry,VNM,,,,,,,,,해외 공공도서관 조성 지원(베트남),,,"{""38대_기후기술"":null,""CRS번호"":""2021020016"",""Rio_Marker"":""태깅 없음"",""구분태그"":null,""기관유형"":""정부부처(중앙행정기관)"",""기술매핑_근거"":""미매핑(N3) · 기후기술 비대상 분야 · DAC 16061 문화 및 레크리에이션"",""기준연도"":null,""대표금액"":1900000,""레코드구분"":""개별"",""명칭"":""해외 공공도서관 조성 지원(베트남)"",""보고기관"":""문화체육관광부"",""보고연도"":""2021~2023(3개 연도행 합산)"",""분야_DAC"":""문화 및 레크리에이션(16061)"",""사업기간"":""2021-01-01~2023-12-31"",""사업번호"":""201713800858"",""상태"":""완료"",""시행기관"":""문화체육관광부"",""약정액_합계"":""1,900,000 USD"",""원조유형"":""프로젝트 원조"",""원지표ID"":null,""자금형태"":""무상, 출연(분담금 포함)"",""지출액_합계"":""1,674,514 USD"",""참고"":null}",,,국무조정실 ODA Korea 통합 통계(OECD CRS 보고 원자료) — 한국수출입은행(EDCF)·한국국제협력단(KOICA)·정부부처·지방자치단체 제출분,https://stats.odakorea.go.kr/portal/oda/spot/statistics,공공누리 제1유형(출처표시),D-016.xlsx,1.2_entity(레코드형),37,
D-016,"지자체·정부부처 프로젝트[사업명, 수원국, 시행기관(부처/지자체명), 사업 유형, 사업 기간, 사업비, 분야]",entity,v124-d-016-entity-00209,D-016_ministry_local_project_registry,VNM,,,,,,,,,(22/23 KSP) 베트남 건설정보모델링(BIM) 적용 체계 수립 지원,,,"{""38대_기후기술"":null,""CRS번호"":""2022000058"",""Rio_Marker"":""태깅 없음"",""구분태그"":null,""기관유형"":""정부부처(중앙행정기관)"",""기술매핑_근거"":""미매핑(N3) · 기후기술 비대상 분야 · DAC 32310 건설정책 및 행정관리"",""기준연도"":null,""대표금액"":291155,""레코드구분"":""개별"",""명칭"":""(22/23 KSP) 베트남 건설정보모델링(BIM) 적용 체계 수립 지원"",""보고기관"":""기획재정부"",""보고연도"":""2022~2023(2개 연도행 합산)"",""분야_DAC"":""건설정책 및 행정관리(32310)"",""사업기간"":""2022-06-01~2023-11-30"",""사업번호"":""GRP_0000194053"",""상태"":""완료"",""시행기관"":""한국수출입은행"",""약정액_합계"":""291,155 USD"",""원조유형"":""프로젝트 원조"",""원지표ID"":null,""자금형태"":""무상, 출연(분담금 포함)"",""지출액_합계"":""214,816 USD"",""참고"":null}",,,국무조정실 ODA Korea 통합 통계(OECD CRS 보고 원자료) — 한국수출입은행(EDCF)·한국국제협력단(KOICA)·정부부처·지방자치단체 제출분,https://stats.odakorea.go.kr/portal/oda/spot/statistics,공공누리 제1유형(출처표시),D-016.xlsx,1.2_entity(레코드형),117,
D-016,"지자체·정부부처 프로젝트[사업명, 수원국, 시행기관(부처/지자체명), 사업 유형, 사업 기간, 사업비, 분야]",entity,v124-d-016-entity-00210,D-016_ministry_local_project_registry,VNM,,,,,,,,,(21/22 KSP) 베트남 껀터市 및 메콩델타 지역 물류 개발 촉진 정책자문,,,"{""38대_기후기술"":null,""CRS번호"":""2022000082"",""Rio_Marker"":""태깅 없음"",""구분태그"":null,""기관유형"":""정부부처(중앙행정기관)"",""기술매핑_근거"":""미매핑(N3) · 기후기술 비대상 분야 · DAC 21061 운송관련 창고"",""기준연도"":null,""대표금액"":null,""레코드구분"":""개별"",""명칭"":""(21/22 KSP) 베트남 껀터市 및 메콩델타 지역 물류 개발 촉진 정책자문"",""보고기관"":""기획재정부"",""보고연도"":""2022~2022(1개 연도행 합산)"",""분야_DAC"":""운송관련 창고(21061)"",""사업기간"":""2021-07-30~2022-11-30"",""사업번호"":""GRP_0000194098"",""상태"":""완료"",""시행기관"":""대한무역투자진흥공사"",""약정액_합계"":""0 USD"",""원조유형"":""프로젝트 원조"",""원지표ID"":null,""자금형태"":""무상, 출연(분담금 포함)"",""지출액_합계"":""67,327 USD"",""참고"":null}",,,국무조정실 ODA Korea 통합 통계(OECD CRS 보고 원자료) — 한국수출입은행(EDCF)·한국국제협력단(KOICA)·정부부처·지방자치단체 제출분,https://stats.odakorea.go.kr/portal/oda/spot/statistics,공공누리 제1유형(출처표시),D-016.xlsx,1.2_entity(레코드형),234,
D-016,"지자체·정부부처 프로젝트[사업명, 수원국, 시행기관(부처/지자체명), 사업 유형, 사업 기간, 사업비, 분야]",entity,v124-d-016-entity-00211,D-016_ministry_local_project_registry,VNM,,,,,,,,,베트남 시각장애인 지원사업,,,"{""38대_기후기술"":null,""CRS번호"":""2022000096a"",""Rio_Marker"":""태깅 없음"",""구분태그"":null,""기관유형"":""지자체"",""기술매핑_근거"":""미매핑(N3) · 기후기술 비대상 분야 · DAC 11120 교육시설 및 특별연수"",""기준연도"":null,""대표금액"":29635,""레코드구분"":""개별"",""명칭"":""베트남 시각장애인 지원사업"",""보고기관"":""지방자치단체(서울특별시)"",""보고연도"":""2022~2022(1개 연도행 합산)"",""분야_DAC"":""교육시설 및 특별연수(11120)"",""사업기간"":""2022-04-12~2022-12-15"",""사업번호"":""6110000_2022_003_001"",""상태"":""완료"",""시행기관"":""실로암시각장애인복지관"",""약정액_합계"":""29,635 USD"",""원조유형"":""프로젝트 원조"",""원지표ID"":null,""자금형태"":""무상, 출연(분담금 포함)"",""지출액_합계"":""29,635 USD"",""참고"":null}",,,국무조정실 ODA Korea 통합 통계(OECD CRS 보고 원자료) — 한국수출입은행(EDCF)·한국국제협력단(KOICA)·정부부처·지방자치단체 제출분,https://stats.odakorea.go.kr/portal/oda/spot/statistics,공공누리 제1유형(출처표시),D-016.xlsx,1.2_entity(레코드형),204,
D-016,"지자체·정부부처 프로젝트[사업명, 수원국, 시행기관(부처/지자체명), 사업 유형, 사업 기간, 사업비, 분야]",entity,v124-d-016-entity-00212,D-016_ministry_local_project_registry,VNM,,,,,,,,,산업개발협력기획_베트남 호치민시 전기 이륜차 제조 기술 이전 및 내연기관 이륜차(폐자동차) 재제조_사전타당성조사,,,"{""38대_기후기술"":null,""CRS번호"":""2022000330"",""Rio_Marker"":""태깅 없음"",""구분태그"":null,""기관유형"":""정부부처(중앙행정기관)"",""기술매핑_근거"":""미매핑(N3) · 기후기술 비대상 분야 · DAC 32171 엔지니어링(기계공업)"",""기준연도"":null,""대표금액"":19359,""레코드구분"":""개별"",""명칭"":""산업개발협력기획_베트남 호치민시 전기 이륜차 제조 기술 이전 및 내연기관 이륜차(폐자동차) 재제조_사전타당성조사"",""보고기관"":""산업통상자원부"",""보고연도"":""2022~2022(1개 연도행 합산)"",""분야_DAC"":""엔지니어링(기계공업)(32171)"",""사업기간"":""2022-05-01~2022-07-31"",""사업번호"":""GRP_0000211760"",""상태"":""완료"",""시행기관"":""한국산업기술진흥원"",""약정액_합계"":""19,359 USD"",""원조유형"":""프로젝트 원조"",""원지표ID"":null,""자금형태"":""무상, 출연(분담금 포함)"",""지출액_합계"":""19,359 USD"",""참고"":null}",,,국무조정실 ODA Korea 통합 통계(OECD CRS 보고 원자료) — 한국수출입은행(EDCF)·한국국제협력단(KOICA)·정부부처·지방자치단체 제출분,https://stats.odakorea.go.kr/portal/oda/spot/statistics,공공누리 제1유형(출처표시),D-016.xlsx,1.2_entity(레코드형),224,
D-016,"지자체·정부부처 프로젝트[사업명, 수원국, 시행기관(부처/지자체명), 사업 유형, 사업 기간, 사업비, 분야]",entity,v124-d-016-entity-00213,D-016_ministry_local_project_registry,VNM,,,,,,,,,베트남 철도(궤도분야) 안전관리 역량강화,,,"{""38대_기후기술"":null,""CRS번호"":""2022000334"",""Rio_Marker"":""태깅 없음"",""구분태그"":null,""기관유형"":""정부부처(중앙행정기관)"",""기술매핑_근거"":""미매핑(N3) · 기후기술 비대상 분야 · DAC 21030 철도운송"",""기준연도"":null,""대표금액"":10453702,""레코드구분"":""개별"",""명칭"":""베트남 철도(궤도분야) 안전관리 역량강화"",""보고기관"":""산업통상자원부"",""보고연도"":""2022~2023(2개 연도행 합산)"",""분야_DAC"":""철도운송(21030)"",""사업기간"":""2022-01-01~2024-12-31"",""사업번호"":""1450000_2022_004"",""상태"":""완료"",""시행기관"":""한국산업기술진흥원"",""약정액_합계"":""10,453,702 USD"",""원조유형"":""프로젝트 원조"",""원지표ID"":null,""자금형태"":""무상, 출연(분담금 포함)"",""지출액_합계"":""5,888,352 USD"",""참고"":null}",,,국무조정실 ODA Korea 통합 통계(OECD CRS 보고 원자료) — 한국수출입은행(EDCF)·한국국제협력단(KOICA)·정부부처·지방자치단체 제출분,https://stats.odakorea.go.kr/portal/oda/spot/statistics,공공누리 제1유형(출처표시),D-016.xlsx,1.2_entity(레코드형),5,
D-016,"지자체·정부부처 프로젝트[사업명, 수원국, 시행기관(부처/지자체명), 사업 유형, 사업 기간, 사업비, 분야]",entity,v124-d-016-entity-00214,D-016_ministry_local_project_registry,VNM,,,,,,,,,베트남 Quang Nam성 노후교량 스마트 유지관리 기술역량 강화 사업,,,"{""38대_기후기술"":null,""CRS번호"":""2022000365"",""Rio_Marker"":""태깅 없음"",""구분태그"":null,""기관유형"":""정부부처(중앙행정기관)"",""기술매핑_근거"":""미매핑(N3) · 기후기술 비대상 분야 · DAC 21010 운송정책 및 행정관리"",""기준연도"":null,""대표금액"":5387464,""레코드구분"":""개별"",""명칭"":""베트남 Quang Nam성 노후교량 스마트 유지관리 기술역량 강화 사업"",""보고기관"":""국토교통부"",""보고연도"":""2021~2023(3개 연도행 합산)"",""분야_DAC"":""운송정책 및 행정관리(21010)"",""사업기간"":""2021-07-07~2024-12-31"",""사업번호"":""1613000_2021_007"",""상태"":""완료"",""시행기관"":""다음기술단"",""약정액_합계"":""5,387,464 USD"",""원조유형"":""프로젝트 원조"",""원지표ID"":null,""자금형태"":""무상, 출연(분담금 포함)"",""지출액_합계"":""3,143,053 USD"",""참고"":null}",,,국무조정실 ODA Korea 통합 통계(OECD CRS 보고 원자료) — 한국수출입은행(EDCF)·한국국제협력단(KOICA)·정부부처·지방자치단체 제출분,https://stats.odakorea.go.kr/portal/oda/spot/statistics,공공누리 제1유형(출처표시),D-016.xlsx,1.2_entity(레코드형),10,
D-016,"지자체·정부부처 프로젝트[사업명, 수원국, 시행기관(부처/지자체명), 사업 유형, 사업 기간, 사업비, 분야]",entity,v124-d-016-entity-00215,D-016_ministry_local_project_registry,VNM,,,,,,,,,‵한국-베트남 스마트시티 협력센터 구축⋅운영 사업′,,,"{""38대_기후기술"":null,""CRS번호"":""2022000369"",""Rio_Marker"":""태깅 없음"",""구분태그"":null,""기관유형"":""정부부처(중앙행정기관)"",""기술매핑_근거"":""미매핑(N3) · 기후기술 비대상 분야 · DAC 43030 도시개발 및 관리"",""기준연도"":null,""대표금액"":1226887,""레코드구분"":""개별"",""명칭"":""‵한국-베트남 스마트시티 협력센터 구축⋅운영 사업′"",""보고기관"":""국토교통부"",""보고연도"":""2022~2023(2개 연도행 합산)"",""분야_DAC"":""도시개발 및 관리(43030)"",""사업기간"":""2020-06-30~2024-12-31"",""사업번호"":""1613000_2020_004"",""상태"":""완료"",""시행기관"":""한국건설기술연구원"",""약정액_합계"":""1,226,887 USD"",""원조유형"":""프로젝트 원조"",""원지표ID"":null,""자금형태"":""무상, 출연(분담금 포함)"",""지출액_합계"":""5,153,164 USD"",""참고"":null}",,,국무조정실 ODA Korea 통합 통계(OECD CRS 보고 원자료) — 한국수출입은행(EDCF)·한국국제협력단(KOICA)·정부부처·지방자치단체 제출분,https://stats.odakorea.go.kr/portal/oda/spot/statistics,공공누리 제1유형(출처표시),D-016.xlsx,1.2_entity(레코드형),48,
D-016,"지자체·정부부처 프로젝트[사업명, 수원국, 시행기관(부처/지자체명), 사업 유형, 사업 기간, 사업비, 분야]",entity,v124-d-016-entity-00216,D-016_ministry_local_project_registry,VNM,,,,,,,,,베트남 국가 지역인증마크(GI) 개발 및 브랜드 전략구축 사업 사후관리 사업,,,"{""38대_기후기술"":null,""CRS번호"":""2022000394"",""Rio_Marker"":""태깅 없음"",""구분태그"":null,""기관유형"":""정부부처(중앙행정기관)"",""기술매핑_근거"":""미매핑(N3) · 기후기술 비대상 분야 · DAC 25010 비즈니스 정책 및 행정관리"",""기준연도"":null,""대표금액"":45687,""레코드구분"":""개별"",""명칭"":""베트남 국가 지역인증마크(GI) 개발 및 브랜드 전략구축 사업 사후관리 사업"",""보고기관"":""특허청"",""보고연도"":""2022~2022(1개 연도행 합산)"",""분야_DAC"":""비즈니스 정책 및 행정관리(25010)"",""사업기간"":""2022-01-11~2022-12-16"",""사업번호"":""1430000_2022_005"",""상태"":""완료"",""시행기관"":""특허청"",""약정액_합계"":""45,687 USD"",""원조유형"":""프로젝트 원조"",""원지표ID"":null,""자금형태"":""무상, 출연(분담금 포함)"",""지출액_합계"":""45,687 USD"",""참고"":null}",,,국무조정실 ODA Korea 통합 통계(OECD CRS 보고 원자료) — 한국수출입은행(EDCF)·한국국제협력단(KOICA)·정부부처·지방자치단체 제출분,https://stats.odakorea.go.kr/portal/oda/spot/statistics,공공누리 제1유형(출처표시),D-016.xlsx,1.2_entity(레코드형),190,
D-016,"지자체·정부부처 프로젝트[사업명, 수원국, 시행기관(부처/지자체명), 사업 유형, 사업 기간, 사업비, 분야]",entity,v124-d-016-entity-00217,D-016_ministry_local_project_registry,VNM,,,,,,,,,베트남 통계인적역량강화사업,,,"{""38대_기후기술"":null,""CRS번호"":""2022000416"",""Rio_Marker"":""태깅 없음"",""구분태그"":null,""기관유형"":""정부부처(중앙행정기관)"",""기술매핑_근거"":""미매핑(N3) · 기후기술 비대상 분야 · DAC 16062 통계능력 강화"",""기준연도"":null,""대표금액"":638837,""레코드구분"":""개별"",""명칭"":""베트남 통계인적역량강화사업"",""보고기관"":""통계청"",""보고연도"":""2022~2023(2개 연도행 합산)"",""분야_DAC"":""통계능력 강화(16062)"",""사업기간"":""2022-01-01~2026-12-31"",""사업번호"":""1240000_2022_001"",""상태"":""집행중"",""시행기관"":""통계청"",""약정액_합계"":""638,837 USD"",""원조유형"":""프로젝트 원조"",""원지표ID"":null,""자금형태"":""무상, 출연(분담금 포함)"",""지출액_합계"":""1,595,169 USD"",""참고"":null}",,,국무조정실 ODA Korea 통합 통계(OECD CRS 보고 원자료) — 한국수출입은행(EDCF)·한국국제협력단(KOICA)·정부부처·지방자치단체 제출분,https://stats.odakorea.go.kr/portal/oda/spot/statistics,공공누리 제1유형(출처표시),D-016.xlsx,1.2_entity(레코드형),74,
D-016,"지자체·정부부처 프로젝트[사업명, 수원국, 시행기관(부처/지자체명), 사업 유형, 사업 기간, 사업비, 분야]",entity,v124-d-016-entity-00218,D-016_ministry_local_project_registry,VNM,,,,,,,,,아시아 개도국 빈곤감소사업(베트남 전쟁 피해지역 지원사업),,,"{""38대_기후기술"":null,""CRS번호"":""2022000459"",""Rio_Marker"":""태깅 없음"",""구분태그"":null,""기관유형"":""지자체"",""기술매핑_근거"":""미매핑(N3) · 기후기술 비대상 분야 · DAC 11120 교육시설 및 특별연수"",""기준연도"":null,""대표금액"":154870,""레코드구분"":""개별"",""명칭"":""아시아 개도국 빈곤감소사업(베트남 전쟁 피해지역 지원사업)"",""보고기관"":""지방자치단체(경기도)"",""보고연도"":""2022~2022(1개 연도행 합산)"",""분야_DAC"":""교육시설 및 특별연수(11120)"",""사업기간"":""2022-05-01~2022-12-31"",""사업번호"":""6410000_2022_002"",""상태"":""완료"",""시행기관"":""코리아 경기도 주식회사"",""약정액_합계"":""154,870 USD"",""원조유형"":""프로젝트 원조"",""원지표ID"":null,""자금형태"":""무상, 출연(분담금 포함)"",""지출액_합계"":""154,870 USD"",""참고"":null}",,,국무조정실 ODA Korea 통합 통계(OECD CRS 보고 원자료) — 한국수출입은행(EDCF)·한국국제협력단(KOICA)·정부부처·지방자치단체 제출분,https://stats.odakorea.go.kr/portal/oda/spot/statistics,공공누리 제1유형(출처표시),D-016.xlsx,1.2_entity(레코드형),148,
D-016,"지자체·정부부처 프로젝트[사업명, 수원국, 시행기관(부처/지자체명), 사업 유형, 사업 기간, 사업비, 분야]",entity,v124-d-016-entity-00219,D-016_ministry_local_project_registry,VNM,,,,,,,,,아시아 개도국 빈곤감소사업(푸옌성 지뢰행동 통합관리 거버넌스 구축 지원),,,"{""38대_기후기술"":null,""CRS번호"":""2022000461"",""Rio_Marker"":""태깅 없음"",""구분태그"":null,""기관유형"":""지자체"",""기술매핑_근거"":""미매핑(N3) · 기후기술 비대상 분야 · DAC 15250 지뢰제거"",""기준연도"":null,""대표금액"":77435,""레코드구분"":""개별"",""명칭"":""아시아 개도국 빈곤감소사업(푸옌성 지뢰행동 통합관리 거버넌스 구축 지원)"",""보고기관"":""지방자치단체(경기도)"",""보고연도"":""2022~2022(1개 연도행 합산)"",""분야_DAC"":""지뢰제거(15250)"",""사업기간"":""2022-05-01~2022-12-31"",""사업번호"":""6410000_2022_003"",""상태"":""완료"",""시행기관"":""장안대학교 산학협력단"",""약정액_합계"":""77,435 USD"",""원조유형"":""프로젝트 원조"",""원지표ID"":null,""자금형태"":""무상, 출연(분담금 포함)"",""지출액_합계"":""77,435 USD"",""참고"":null}",,,국무조정실 ODA Korea 통합 통계(OECD CRS 보고 원자료) — 한국수출입은행(EDCF)·한국국제협력단(KOICA)·정부부처·지방자치단체 제출분,https://stats.odakorea.go.kr/portal/oda/spot/statistics,공공누리 제1유형(출처표시),D-016.xlsx,1.2_entity(레코드형),178,
D-016,"지자체·정부부처 프로젝트[사업명, 수원국, 시행기관(부처/지자체명), 사업 유형, 사업 기간, 사업비, 분야]",entity,v124-d-016-entity-00220,D-016_ministry_local_project_registry,VNM,,,,,,,,,서태평양지역 개도국 바이오의약품 규제기관 역량강화 지원,,,"{""38대_기후기술"":null,""CRS번호"":""2022000503"",""Rio_Marker"":""태깅 없음"",""구분태그"":null,""기관유형"":""정부부처(중앙행정기관)"",""기술매핑_근거"":""미매핑(N3) · 기후기술 비대상 분야 · DAC 12110 보건정책 및 행정관리"",""기준연도"":null,""대표금액"":281231,""레코드구분"":""개별"",""명칭"":""서태평양지역 개도국 바이오의약품 규제기관 역량강화 지원"",""보고기관"":""식품의약품안전처"",""보고연도"":""2022~2023(2개 연도행 합산)"",""분야_DAC"":""보건정책 및 행정관리(12110)"",""사업기간"":""2020-01-01~2024-12-31"",""사업번호"":""1471000_2020_001_004"",""상태"":""완료"",""시행기관"":""세계보건기구 서태평양지역사무소"",""약정액_합계"":""281,231 USD"",""원조유형"":""프로젝트 원조"",""원지표ID"":null,""자금형태"":""무상, 출연(분담금 포함)"",""지출액_합계"":""281,231 USD"",""참고"":null}",,,국무조정실 ODA Korea 통합 통계(OECD CRS 보고 원자료) — 한국수출입은행(EDCF)·한국국제협력단(KOICA)·정부부처·지방자치단체 제출분,https://stats.odakorea.go.kr/portal/oda/spot/statistics,공공누리 제1유형(출처표시),D-016.xlsx,1.2_entity(레코드형),120,
D-016,"지자체·정부부처 프로젝트[사업명, 수원국, 시행기관(부처/지자체명), 사업 유형, 사업 기간, 사업비, 분야]",entity,v124-d-016-entity-00221,D-016_ministry_local_project_registry,VNM,,,,,,,,,제주-베트남 하이타인 중학교 도서관 지원사업,,,"{""38대_기후기술"":null,""CRS번호"":""2022000518b"",""Rio_Marker"":""태깅 없음"",""구분태그"":null,""기관유형"":""지자체"",""기술매핑_근거"":""미매핑(N3) · 기후기술 비대상 분야 · DAC 16061 문화 및 레크리에이션"",""기준연도"":null,""대표금액"":23230,""레코드구분"":""개별"",""명칭"":""제주-베트남 하이타인 중학교 도서관 지원사업"",""보고기관"":""지방자치단체(제주특별자치도)"",""보고연도"":""2022~2022(1개 연도행 합산)"",""분야_DAC"":""문화 및 레크리에이션(16061)"",""사업기간"":""2022-05-04~2022-12-31"",""사업번호"":""6500000_2022_001_002"",""상태"":""완료"",""시행기관"":""해피트리"",""약정액_합계"":""23,230 USD"",""원조유형"":""프로젝트 원조"",""원지표ID"":null,""자금형태"":""무상, 출연(분담금 포함)"",""지출액_합계"":""23,230 USD"",""참고"":null}",,,국무조정실 ODA Korea 통합 통계(OECD CRS 보고 원자료) — 한국수출입은행(EDCF)·한국국제협력단(KOICA)·정부부처·지방자치단체 제출분,https://stats.odakorea.go.kr/portal/oda/spot/statistics,공공누리 제1유형(출처표시),D-016.xlsx,1.2_entity(레코드형),214,
D-016,"지자체·정부부처 프로젝트[사업명, 수원국, 시행기관(부처/지자체명), 사업 유형, 사업 기간, 사업비, 분야]",entity,v124-d-016-entity-00222,D-016_ministry_local_project_registry,VNM,,,,,,,,,베트남 운용해양학 연구능력 확충사업,,,"{""38대_기후기술"":null,""CRS번호"":""2022000610"",""Rio_Marker"":""태깅 없음"",""구분태그"":null,""기관유형"":""정부부처(중앙행정기관)"",""기술매핑_근거"":""미매핑(N3) · 기후기술 비대상 분야 · DAC 41081 환경교육/훈련"",""기준연도"":null,""대표금액"":292704,""레코드구분"":""개별"",""명칭"":""베트남 운용해양학 연구능력 확충사업"",""보고기관"":""해양수산부"",""보고연도"":""2022~2022(1개 연도행 합산)"",""분야_DAC"":""환경교육/훈련(41081)"",""사업기간"":""2019-05-01~2023-09-01"",""사업번호"":""1192000_2019_019"",""상태"":""완료"",""시행기관"":""한국해양과학기술원"",""약정액_합계"":""292,704 USD"",""원조유형"":""프로젝트 원조"",""원지표ID"":null,""자금형태"":""무상, 출연(분담금 포함)"",""지출액_합계"":""292,704 USD"",""참고"":null}",,,국무조정실 ODA Korea 통합 통계(OECD CRS 보고 원자료) — 한국수출입은행(EDCF)·한국국제협력단(KOICA)·정부부처·지방자치단체 제출분,https://stats.odakorea.go.kr/portal/oda/spot/statistics,공공누리 제1유형(출처표시),D-016.xlsx,1.2_entity(레코드형),116,
D-016,"지자체·정부부처 프로젝트[사업명, 수원국, 시행기관(부처/지자체명), 사업 유형, 사업 기간, 사업비, 분야]",entity,v124-d-016-entity-00223,D-016_ministry_local_project_registry,VNM,,,,,,,,,협력타당성조사(베트남 기후변화 대응역량 강화를 위한 비산배출 관련 표준체계 및 ICT 융복합 시스템 구축지원),,,"{""38대_기후기술"":null,""CRS번호"":""2022002878"",""Rio_Marker"":""태깅 없음"",""구분태그"":null,""기관유형"":""정부부처(중앙행정기관)"",""기술매핑_근거"":""미매핑(N3) · 기후기술 비대상 분야 · DAC 15110 공공정책 및 행정관리"",""기준연도"":null,""대표금액"":77435,""레코드구분"":""개별"",""명칭"":""협력타당성조사(베트남 기후변화 대응역량 강화를 위한 비산배출 관련 표준체계 및 ICT 융복합 시스템 구축지원)"",""보고기관"":""산업통상자원부"",""보고연도"":""2022~2022(1개 연도행 합산)"",""분야_DAC"":""공공정책 및 행정관리(15110)"",""사업기간"":""2022-01-01~2022-12-31"",""사업번호"":""STS_0000487057"",""상태"":""완료"",""시행기관"":""한국표준협회"",""약정액_합계"":""77,435 USD"",""원조유형"":""프로젝트 원조"",""원지표ID"":null,""자금형태"":""무상, 출연(분담금 포함)"",""지출액_합계"":""77,435 USD"",""참고"":null}",,,국무조정실 ODA Korea 통합 통계(OECD CRS 보고 원자료) — 한국수출입은행(EDCF)·한국국제협력단(KOICA)·정부부처·지방자치단체 제출분,https://stats.odakorea.go.kr/portal/oda/spot/statistics,공공누리 제1유형(출처표시),D-016.xlsx,1.2_entity(레코드형),177,
D-016,"지자체·정부부처 프로젝트[사업명, 수원국, 시행기관(부처/지자체명), 사업 유형, 사업 기간, 사업비, 분야]",entity,v124-d-016-entity-00224,D-016_ministry_local_project_registry,VNM,,,,,,,,,ICT인프라 지원 및 교원연수 첨단 ICT 활용 시범교실 구축·운영 지원(베트남),,,"{""38대_기후기술"":null,""CRS번호"":""2022003002"",""Rio_Marker"":""태깅 없음"",""구분태그"":null,""기관유형"":""정부부처(중앙행정기관)"",""기술매핑_근거"":""미매핑(N3) · 기후기술 비대상 분야 · DAC 11220 초등교육"",""기준연도"":null,""대표금액"":917987,""레코드구분"":""개별"",""명칭"":""ICT인프라 지원 및 교원연수 첨단 ICT 활용 시범교실 구축·운영 지원(베트남)"",""보고기관"":""교육부"",""보고연도"":""2019~2023(3개 연도행 합산)"",""분야_DAC"":""초등교육(11220)"",""사업기간"":""2022-01-01~2026-12-31"",""사업번호"":""201917711439"",""상태"":""집행중"",""시행기관"":""APEC 국제교육협력원"",""약정액_합계"":""917,987 USD"",""원조유형"":""프로젝트 원조"",""원지표ID"":null,""자금형태"":""무상, 출연(분담금 포함)"",""지출액_합계"":""358,232 USD"",""참고"":null}",,,국무조정실 ODA Korea 통합 통계(OECD CRS 보고 원자료) — 한국수출입은행(EDCF)·한국국제협력단(KOICA)·정부부처·지방자치단체 제출분,https://stats.odakorea.go.kr/portal/oda/spot/statistics,공공누리 제1유형(출처표시),D-016.xlsx,1.2_entity(레코드형),62,
D-016,"지자체·정부부처 프로젝트[사업명, 수원국, 시행기관(부처/지자체명), 사업 유형, 사업 기간, 사업비, 분야]",entity,v124-d-016-entity-00225,D-016_ministry_local_project_registry,VNM,,,,,,,,,(23/24 KSP) 베트남 중소기업 기술혁신 및 스타트업 지원,,,"{""38대_기후기술"":null,""CRS번호"":""2023000011"",""Rio_Marker"":""태깅 없음"",""구분태그"":null,""기관유형"":""정부부처(중앙행정기관)"",""기술매핑_근거"":""미매핑(N3) · 기후기술 비대상 분야 · DAC 32130 중소기업 개발"",""기준연도"":null,""대표금액"":289431,""레코드구분"":""개별"",""명칭"":""(23/24 KSP) 베트남 중소기업 기술혁신 및 스타트업 지원"",""보고기관"":""기획재정부"",""보고연도"":""2023~2023(1개 연도행 합산)"",""분야_DAC"":""중소기업 개발(32130)"",""사업기간"":""2023-06-01~2024-11-30"",""사업번호"":""1051000_2023_006"",""상태"":""완료"",""시행기관"":""한국개발연구원"",""약정액_합계"":""289,431 USD"",""원조유형"":""프로젝트 원조"",""원지표ID"":null,""자금형태"":""무상, 출연(분담금 포함)"",""지출액_합계"":""202,602 USD"",""참고"":null}",,,국무조정실 ODA Korea 통합 통계(OECD CRS 보고 원자료) — 한국수출입은행(EDCF)·한국국제협력단(KOICA)·정부부처·지방자치단체 제출분,https://stats.odakorea.go.kr/portal/oda/spot/statistics,공공누리 제1유형(출처표시),D-016.xlsx,1.2_entity(레코드형),118,
D-016,"지자체·정부부처 프로젝트[사업명, 수원국, 시행기관(부처/지자체명), 사업 유형, 사업 기간, 사업비, 분야]",entity,v124-d-016-entity-00226,D-016_ministry_local_project_registry,VNM,,,,,,,,,(23/24 KSP-ADB) 베트남 메콩델타 지역 해안도로 건설사업 환경영향평가,,,"{""38대_기후기술"":null,""CRS번호"":""2023000014"",""Rio_Marker"":""태깅 없음"",""구분태그"":null,""기관유형"":""정부부처(중앙행정기관)"",""기술매핑_근거"":""미매핑(N3) · 기후기술 비대상 분야 · DAC 21020 도로운송"",""기준연도"":null,""대표금액"":338435,""레코드구분"":""개별"",""명칭"":""(23/24 KSP-ADB) 베트남 메콩델타 지역 해안도로 건설사업 환경영향평가"",""보고기관"":""기획재정부"",""보고연도"":""2023~2023(1개 연도행 합산)"",""분야_DAC"":""도로운송(21020)"",""사업기간"":""2023-06-01~2024-11-30"",""사업번호"":""1051000_2023_045"",""상태"":""완료"",""시행기관"":""아시아개발은행"",""약정액_합계"":""338,435 USD"",""원조유형"":""프로젝트 원조"",""원지표ID"":null,""자금형태"":""무상, 출연(분담금 포함)"",""지출액_합계"":""236,905 USD"",""참고"":null}",,,국무조정실 ODA Korea 통합 통계(OECD CRS 보고 원자료) — 한국수출입은행(EDCF)·한국국제협력단(KOICA)·정부부처·지방자치단체 제출분,https://stats.odakorea.go.kr/portal/oda/spot/statistics,공공누리 제1유형(출처표시),D-016.xlsx,1.2_entity(레코드형),109,
D-016,"지자체·정부부처 프로젝트[사업명, 수원국, 시행기관(부처/지자체명), 사업 유형, 사업 기간, 사업비, 분야]",entity,v124-d-016-entity-00227,D-016_ministry_local_project_registry,VNM,,,,,,,,,베트남 소외계층 의료접근성 향상을 위한 원격의료 지원사업,,,"{""38대_기후기술"":null,""CRS번호"":""2023000376"",""Rio_Marker"":""태깅 없음"",""구분태그"":null,""기관유형"":""정부부처(중앙행정기관)"",""기술매핑_근거"":""미매핑(N3) · 기후기술 비대상 분야 · DAC 12191 의료서비스"",""기준연도"":null,""대표금액"":3062762,""레코드구분"":""개별"",""명칭"":""베트남 소외계층 의료접근성 향상을 위한 원격의료 지원사업"",""보고기관"":""보건복지부"",""보고연도"":""2023~2023(1개 연도행 합산)"",""분야_DAC"":""의료서비스(12191)"",""사업기간"":""2023-01-01~2025-12-31"",""사업번호"":""1352000_2023_005"",""상태"":""완료"",""시행기관"":""한국국제보건의료재단"",""약정액_합계"":""3,062,762 USD"",""원조유형"":""프로젝트 원조"",""원지표ID"":null,""자금형태"":""무상, 출연(분담금 포함)"",""지출액_합계"":""733,616 USD"",""참고"":null}",,,국무조정실 ODA Korea 통합 통계(OECD CRS 보고 원자료) — 한국수출입은행(EDCF)·한국국제협력단(KOICA)·정부부처·지방자치단체 제출분,https://stats.odakorea.go.kr/portal/oda/spot/statistics,공공누리 제1유형(출처표시),D-016.xlsx,1.2_entity(레코드형),23,
D-016,"지자체·정부부처 프로젝트[사업명, 수원국, 시행기관(부처/지자체명), 사업 유형, 사업 기간, 사업비, 분야]",entity,v124-d-016-entity-00228,D-016_ministry_local_project_registry,VNM,,,,,,,,,베트남 하노이 국립이비인후과병원 의료기기 관리운영체계 강화사업,,,"{""38대_기후기술"":null,""CRS번호"":""2023000377"",""Rio_Marker"":""태깅 없음"",""구분태그"":null,""기관유형"":""정부부처(중앙행정기관)"",""기술매핑_근거"":""미매핑(N3) · 기후기술 비대상 분야 · DAC 12191 의료서비스"",""기준연도"":null,""대표금액"":1454812,""레코드구분"":""개별"",""명칭"":""베트남 하노이 국립이비인후과병원 의료기기 관리운영체계 강화사업"",""보고기관"":""보건복지부"",""보고연도"":""2023~2023(1개 연도행 합산)"",""분야_DAC"":""의료서비스(12191)"",""사업기간"":""2023-01-01~2027-12-31"",""사업번호"":""1352000_2023_004"",""상태"":""집행중"",""시행기관"":""한국국제보건의료재단"",""약정액_합계"":""1,454,812 USD"",""원조유형"":""프로젝트 원조"",""원지표ID"":null,""자금형태"":""무상, 출연(분담금 포함)"",""지출액_합계"":""62,964 USD"",""참고"":null}",,,국무조정실 ODA Korea 통합 통계(OECD CRS 보고 원자료) — 한국수출입은행(EDCF)·한국국제협력단(KOICA)·정부부처·지방자치단체 제출분,https://stats.odakorea.go.kr/portal/oda/spot/statistics,공공누리 제1유형(출처표시),D-016.xlsx,1.2_entity(레코드형),45,
D-016,"지자체·정부부처 프로젝트[사업명, 수원국, 시행기관(부처/지자체명), 사업 유형, 사업 기간, 사업비, 분야]",entity,v124-d-016-entity-00229,D-016_ministry_local_project_registry,VNM,,,,,,,,,FAO 원헬스 접근을 통한 저개발국가 식품안전시스템 구축,,,"{""38대_기후기술"":null,""CRS번호"":""2023000438b"",""Rio_Marker"":""태깅 없음"",""구분태그"":null,""기관유형"":""정부부처(중앙행정기관)"",""기술매핑_근거"":""미매핑(N3) · 기후기술 비대상 분야 · DAC 12110 보건정책 및 행정관리"",""기준연도"":null,""대표금액"":138399,""레코드구분"":""개별"",""명칭"":""FAO 원헬스 접근을 통한 저개발국가 식품안전시스템 구축"",""보고기관"":""식품의약품안전처"",""보고연도"":""2023~2023(1개 연도행 합산)"",""분야_DAC"":""보건정책 및 행정관리(12110)"",""사업기간"":""2023-01-01~2027-12-31"",""사업번호"":""1471000_2023_002_002"",""상태"":""집행중"",""시행기관"":""유엔식량농업기구"",""약정액_합계"":""138,399 USD"",""원조유형"":""프로젝트 원조"",""원지표ID"":null,""자금형태"":""무상, 출연(분담금 포함)"",""지출액_합계"":""138,399 USD"",""참고"":null}",,,국무조정실 ODA Korea 통합 통계(OECD CRS 보고 원자료) — 한국수출입은행(EDCF)·한국국제협력단(KOICA)·정부부처·지방자치단체 제출분,https://stats.odakorea.go.kr/portal/oda/spot/statistics,공공누리 제1유형(출처표시),D-016.xlsx,1.2_entity(레코드형),154,
D-016,"지자체·정부부처 프로젝트[사업명, 수원국, 시행기관(부처/지자체명), 사업 유형, 사업 기간, 사업비, 분야]",entity,v124-d-016-entity-00230,D-016_ministry_local_project_registry,VNM,,,,,,,,,베트남 온라인수출 플랫폼 모델 전수사업,,,"{""38대_기후기술"":null,""CRS번호"":""2023000452"",""Rio_Marker"":""태깅 없음"",""구분태그"":null,""기관유형"":""정부부처(중앙행정기관)"",""기술매핑_근거"":""미매핑(N3) · 기후기술 비대상 분야 · DAC 25010 비즈니스 정책 및 행정관리"",""기준연도"":null,""대표금액"":457883,""레코드구분"":""개별"",""명칭"":""베트남 온라인수출 플랫폼 모델 전수사업"",""보고기관"":""중소벤처기업부"",""보고연도"":""2023~2023(1개 연도행 합산)"",""분야_DAC"":""비즈니스 정책 및 행정관리(25010)"",""사업기간"":""2023-01-01~2025-12-31"",""사업번호"":""1421000_2023_002"",""상태"":""완료"",""시행기관"":""중소벤처기업진흥공단"",""약정액_합계"":""457,883 USD"",""원조유형"":""프로젝트 원조"",""원지표ID"":null,""자금형태"":""무상, 출연(분담금 포함)"",""지출액_합계"":""408,113 USD"",""참고"":null}",,,국무조정실 ODA Korea 통합 통계(OECD CRS 보고 원자료) — 한국수출입은행(EDCF)·한국국제협력단(KOICA)·정부부처·지방자치단체 제출분,https://stats.odakorea.go.kr/portal/oda/spot/statistics,공공누리 제1유형(출처표시),D-016.xlsx,1.2_entity(레코드형),90,
D-016,"지자체·정부부처 프로젝트[사업명, 수원국, 시행기관(부처/지자체명), 사업 유형, 사업 기간, 사업비, 분야]",entity,v124-d-016-entity-00231,D-016_ministry_local_project_registry,VNM,,,,,,,,,제주특별자치도 지속가능 평화 ODA 사업,,,"{""38대_기후기술"":null,""CRS번호"":""2023000472b"",""Rio_Marker"":""태깅 없음"",""구분태그"":null,""기관유형"":""지자체"",""기술매핑_근거"":""미매핑(N3) · 기후기술 비대상 분야 · DAC 11120 교육시설 및 특별연수, 농수산물 가공업(11120,"",""기준연도"":null,""대표금액"":28331,""레코드구분"":""개별"",""명칭"":""제주특별자치도 지속가능 평화 ODA 사업"",""보고기관"":""지방자치단체(제주특별자치도)"",""보고연도"":""2023~2023(1개 연도행 합산)"",""분야_DAC"":""교육시설 및 특별연수, 농수산물 가공업(11120, 32161)"",""사업기간"":""2023-05-23~2023-12-31"",""사업번호"":""6500000_2023_001_002"",""상태"":""완료"",""시행기관"":""제주특별자치도"",""약정액_합계"":""28,331 USD"",""원조유형"":""프로젝트 원조"",""원지표ID"":null,""자금형태"":""무상, 출연(분담금 포함)"",""지출액_합계"":""28,331 USD"",""참고"":null}",,,국무조정실 ODA Korea 통합 통계(OECD CRS 보고 원자료) — 한국수출입은행(EDCF)·한국국제협력단(KOICA)·정부부처·지방자치단체 제출분,https://stats.odakorea.go.kr/portal/oda/spot/statistics,공공누리 제1유형(출처표시),D-016.xlsx,1.2_entity(레코드형),205,
D-016,"지자체·정부부처 프로젝트[사업명, 수원국, 시행기관(부처/지자체명), 사업 유형, 사업 기간, 사업비, 분야]",entity,v124-d-016-entity-00232,D-016_ministry_local_project_registry,VNM,,,,,,,,,통계역량강화 ODA 평가사업,,,"{""38대_기후기술"":null,""CRS번호"":""2023000477"",""Rio_Marker"":""태깅 없음"",""구분태그"":null,""기관유형"":""정부부처(중앙행정기관)"",""기술매핑_근거"":""미매핑(N3) · 기후기술 비대상 분야 · DAC 16062 통계능력 강화"",""기준연도"":null,""대표금액"":37497,""레코드구분"":""개별"",""명칭"":""통계역량강화 ODA 평가사업"",""보고기관"":""통계청"",""보고연도"":""2023~2023(1개 연도행 합산)"",""분야_DAC"":""통계능력 강화(16062)"",""사업기간"":""2023-06-01~2023-12-08"",""사업번호"":""1240000_2023_001"",""상태"":""완료"",""시행기관"":""통계청"",""약정액_합계"":""37,497 USD"",""원조유형"":""프로젝트 원조"",""원지표ID"":null,""자금형태"":""무상, 출연(분담금 포함)"",""지출액_합계"":""37,497 USD"",""참고"":null}",,,국무조정실 ODA Korea 통합 통계(OECD CRS 보고 원자료) — 한국수출입은행(EDCF)·한국국제협력단(KOICA)·정부부처·지방자치단체 제출분,https://stats.odakorea.go.kr/portal/oda/spot/statistics,공공누리 제1유형(출처표시),D-016.xlsx,1.2_entity(레코드형),198,
