element_id,element_label,record_type,record_id,indicator_id,country_iso3,year,period_start,period_end,period,statistic_type,source_year_label,value,unit,name,latitude,longitude,attributes_json,missing_reason_code,note,source_org,source_url,license_code,source_file,source_sheet,source_row,publication_decision_id
D-011,개도국 내 각국별 ODA 규모,observation,v124-d-011-obs-00001,D-011_oda_disbursement_adaptation_fund,VNM,2020,2020,2020,,,,572893,USD,,,,,,[개별(하위기구)] Adaptation Fund → 베트남 ODA 총지출액(2024년 불변가).,Organisation for Economic Co-operation and Development — Creditor Reporting System (CRS),https://data-explorer.oecd.org/vis?df[ds]=dsDisseminateFinalDMZ&df[id]=DSD_CRS%40DF_CRS&dq=..VNM._T._T.D.Q._T..&pd=2020%2C2024,OECD Terms and Conditions,D-011_개도국 내 각국별 ODA 규모.xlsx,1.1_observation(측정값),4,
D-011,개도국 내 각국별 ODA 규모,observation,v124-d-011-obs-00002,D-011_oda_disbursement_adaptation_fund,VNM,2021,2021,2021,,,,435749,USD,,,,,,[개별(하위기구)] Adaptation Fund → 베트남 ODA 총지출액(2024년 불변가).,Organisation for Economic Co-operation and Development — Creditor Reporting System (CRS),https://data-explorer.oecd.org/vis?df[ds]=dsDisseminateFinalDMZ&df[id]=DSD_CRS%40DF_CRS&dq=..VNM._T._T.D.Q._T..&pd=2020%2C2024,OECD Terms and Conditions,D-011_개도국 내 각국별 ODA 규모.xlsx,1.1_observation(측정값),5,
D-011,개도국 내 각국별 ODA 규모,observation,v124-d-011-obs-00003,D-011_oda_disbursement_adaptation_fund,VNM,2022,2022,2022,,,,1911677,USD,,,,,,[개별(하위기구)] Adaptation Fund → 베트남 ODA 총지출액(2024년 불변가).,Organisation for Economic Co-operation and Development — Creditor Reporting System (CRS),https://data-explorer.oecd.org/vis?df[ds]=dsDisseminateFinalDMZ&df[id]=DSD_CRS%40DF_CRS&dq=..VNM._T._T.D.Q._T..&pd=2020%2C2024,OECD Terms and Conditions,D-011_개도국 내 각국별 ODA 규모.xlsx,1.1_observation(측정값),6,
D-011,개도국 내 각국별 ODA 규모,observation,v124-d-011-obs-00004,D-011_oda_disbursement_adaptation_fund,VNM,2023,2023,2023,,,,1653553,USD,,,,,,[개별(하위기구)] Adaptation Fund → 베트남 ODA 총지출액(2024년 불변가).,Organisation for Economic Co-operation and Development — Creditor Reporting System (CRS),https://data-explorer.oecd.org/vis?df[ds]=dsDisseminateFinalDMZ&df[id]=DSD_CRS%40DF_CRS&dq=..VNM._T._T.D.Q._T..&pd=2020%2C2024,OECD Terms and Conditions,D-011_개도국 내 각국별 ODA 규모.xlsx,1.1_observation(측정값),7,
D-011,개도국 내 각국별 ODA 규모,observation,v124-d-011-obs-00005,D-011_oda_disbursement_adaptation_fund,VNM,2024,2024,2024,,,,2706758,USD,,,,,,[개별(하위기구)] Adaptation Fund → 베트남 ODA 총지출액(2024년 불변가).,Organisation for Economic Co-operation and Development — Creditor Reporting System (CRS),https://data-explorer.oecd.org/vis?df[ds]=dsDisseminateFinalDMZ&df[id]=DSD_CRS%40DF_CRS&dq=..VNM._T._T.D.Q._T..&pd=2020%2C2024,OECD Terms and Conditions,D-011_개도국 내 각국별 ODA 규모.xlsx,1.1_observation(측정값),8,
D-011,개도국 내 각국별 ODA 규모,observation,v124-d-011-obs-00006,D-011_oda_disbursement_australia,VNM,2020,2020,2020,,,,50702125,USD,,,,,,[개별] Australia → 베트남 ODA 총지출액(2024년 불변가).,Organisation for Economic Co-operation and Development — Creditor Reporting System (CRS),https://data-explorer.oecd.org/vis?df[ds]=dsDisseminateFinalDMZ&df[id]=DSD_CRS%40DF_CRS&dq=..VNM._T._T.D.Q._T..&pd=2020%2C2024,OECD Terms and Conditions,D-011_개도국 내 각국별 ODA 규모.xlsx,1.1_observation(측정값),9,
D-011,개도국 내 각국별 ODA 규모,observation,v124-d-011-obs-00007,D-011_oda_disbursement_australia,VNM,2021,2021,2021,,,,89017164,USD,,,,,,[개별] Australia → 베트남 ODA 총지출액(2024년 불변가).,Organisation for Economic Co-operation and Development — Creditor Reporting System (CRS),https://data-explorer.oecd.org/vis?df[ds]=dsDisseminateFinalDMZ&df[id]=DSD_CRS%40DF_CRS&dq=..VNM._T._T.D.Q._T..&pd=2020%2C2024,OECD Terms and Conditions,D-011_개도국 내 각국별 ODA 규모.xlsx,1.1_observation(측정값),10,
D-011,개도국 내 각국별 ODA 규모,observation,v124-d-011-obs-00008,D-011_oda_disbursement_australia,VNM,2022,2022,2022,,,,65932671,USD,,,,,,[개별] Australia → 베트남 ODA 총지출액(2024년 불변가).,Organisation for Economic Co-operation and Development — Creditor Reporting System (CRS),https://data-explorer.oecd.org/vis?df[ds]=dsDisseminateFinalDMZ&df[id]=DSD_CRS%40DF_CRS&dq=..VNM._T._T.D.Q._T..&pd=2020%2C2024,OECD Terms and Conditions,D-011_개도국 내 각국별 ODA 규모.xlsx,1.1_observation(측정값),11,
D-011,개도국 내 각국별 ODA 규모,observation,v124-d-011-obs-00009,D-011_oda_disbursement_australia,VNM,2023,2023,2023,,,,68827080,USD,,,,,,[개별] Australia → 베트남 ODA 총지출액(2024년 불변가).,Organisation for Economic Co-operation and Development — Creditor Reporting System (CRS),https://data-explorer.oecd.org/vis?df[ds]=dsDisseminateFinalDMZ&df[id]=DSD_CRS%40DF_CRS&dq=..VNM._T._T.D.Q._T..&pd=2020%2C2024,OECD Terms and Conditions,D-011_개도국 내 각국별 ODA 규모.xlsx,1.1_observation(측정값),12,
D-011,개도국 내 각국별 ODA 규모,observation,v124-d-011-obs-00010,D-011_oda_disbursement_australia,VNM,2024,2024,2024,,,,60824200,USD,,,,,,[개별] Australia → 베트남 ODA 총지출액(2024년 불변가).,Organisation for Economic Co-operation and Development — Creditor Reporting System (CRS),https://data-explorer.oecd.org/vis?df[ds]=dsDisseminateFinalDMZ&df[id]=DSD_CRS%40DF_CRS&dq=..VNM._T._T.D.Q._T..&pd=2020%2C2024,OECD Terms and Conditions,D-011_개도국 내 각국별 ODA 규모.xlsx,1.1_observation(측정값),13,
D-011,개도국 내 각국별 ODA 규모,observation,v124-d-011-obs-00011,D-011_oda_disbursement_austria,VNM,2020,2020,2020,,,,3844801,USD,,,,,,[개별] Austria → 베트남 ODA 총지출액(2024년 불변가).,Organisation for Economic Co-operation and Development — Creditor Reporting System (CRS),https://data-explorer.oecd.org/vis?df[ds]=dsDisseminateFinalDMZ&df[id]=DSD_CRS%40DF_CRS&dq=..VNM._T._T.D.Q._T..&pd=2020%2C2024,OECD Terms and Conditions,D-011_개도국 내 각국별 ODA 규모.xlsx,1.1_observation(측정값),14,
D-011,개도국 내 각국별 ODA 규모,observation,v124-d-011-obs-00012,D-011_oda_disbursement_austria,VNM,2021,2021,2021,,,,2881697,USD,,,,,,[개별] Austria → 베트남 ODA 총지출액(2024년 불변가).,Organisation for Economic Co-operation and Development — Creditor Reporting System (CRS),https://data-explorer.oecd.org/vis?df[ds]=dsDisseminateFinalDMZ&df[id]=DSD_CRS%40DF_CRS&dq=..VNM._T._T.D.Q._T..&pd=2020%2C2024,OECD Terms and Conditions,D-011_개도국 내 각국별 ODA 규모.xlsx,1.1_observation(측정값),15,
D-011,개도국 내 각국별 ODA 규모,observation,v124-d-011-obs-00013,D-011_oda_disbursement_austria,VNM,2022,2022,2022,,,,2773146,USD,,,,,,[개별] Austria → 베트남 ODA 총지출액(2024년 불변가).,Organisation for Economic Co-operation and Development — Creditor Reporting System (CRS),https://data-explorer.oecd.org/vis?df[ds]=dsDisseminateFinalDMZ&df[id]=DSD_CRS%40DF_CRS&dq=..VNM._T._T.D.Q._T..&pd=2020%2C2024,OECD Terms and Conditions,D-011_개도국 내 각국별 ODA 규모.xlsx,1.1_observation(측정값),16,
D-011,개도국 내 각국별 ODA 규모,observation,v124-d-011-obs-00014,D-011_oda_disbursement_austria,VNM,2023,2023,2023,,,,3453178,USD,,,,,,[개별] Austria → 베트남 ODA 총지출액(2024년 불변가).,Organisation for Economic Co-operation and Development — Creditor Reporting System (CRS),https://data-explorer.oecd.org/vis?df[ds]=dsDisseminateFinalDMZ&df[id]=DSD_CRS%40DF_CRS&dq=..VNM._T._T.D.Q._T..&pd=2020%2C2024,OECD Terms and Conditions,D-011_개도국 내 각국별 ODA 규모.xlsx,1.1_observation(측정값),17,
D-011,개도국 내 각국별 ODA 규모,observation,v124-d-011-obs-00015,D-011_oda_disbursement_austria,VNM,2024,2024,2024,,,,4030932,USD,,,,,,[개별] Austria → 베트남 ODA 총지출액(2024년 불변가).,Organisation for Economic Co-operation and Development — Creditor Reporting System (CRS),https://data-explorer.oecd.org/vis?df[ds]=dsDisseminateFinalDMZ&df[id]=DSD_CRS%40DF_CRS&dq=..VNM._T._T.D.Q._T..&pd=2020%2C2024,OECD Terms and Conditions,D-011_개도국 내 각국별 ODA 규모.xlsx,1.1_observation(측정값),18,
D-011,개도국 내 각국별 ODA 규모,observation,v124-d-011-obs-00016,D-011_oda_disbursement_azerbaijan,VNM,2020,2020,2020,,,,,USD,,,,,M01,[M01·원자료 결측] [개별] Azerbaijan → 베트남 ODA 총지출액(2024년 불변가). 해당 연도 값이 원천에 게재되지 않음.,Organisation for Economic Co-operation and Development — Creditor Reporting System (CRS),https://data-explorer.oecd.org/vis?df[ds]=dsDisseminateFinalDMZ&df[id]=DSD_CRS%40DF_CRS&dq=..VNM._T._T.D.Q._T..&pd=2020%2C2024,OECD Terms and Conditions,D-011_개도국 내 각국별 ODA 규모.xlsx,1.1_observation(측정값),19,
D-011,개도국 내 각국별 ODA 규모,observation,v124-d-011-obs-00017,D-011_oda_disbursement_azerbaijan,VNM,2021,2021,2021,,,,,USD,,,,,M01,[M01·원자료 결측] [개별] Azerbaijan → 베트남 ODA 총지출액(2024년 불변가). 해당 연도 값이 원천에 게재되지 않음.,Organisation for Economic Co-operation and Development — Creditor Reporting System (CRS),https://data-explorer.oecd.org/vis?df[ds]=dsDisseminateFinalDMZ&df[id]=DSD_CRS%40DF_CRS&dq=..VNM._T._T.D.Q._T..&pd=2020%2C2024,OECD Terms and Conditions,D-011_개도국 내 각국별 ODA 규모.xlsx,1.1_observation(측정값),20,
D-011,개도국 내 각국별 ODA 규모,observation,v124-d-011-obs-00018,D-011_oda_disbursement_azerbaijan,VNM,2022,2022,2022,,,,,USD,,,,,M01,[M01·원자료 결측] [개별] Azerbaijan → 베트남 ODA 총지출액(2024년 불변가). 해당 연도 값이 원천에 게재되지 않음.,Organisation for Economic Co-operation and Development — Creditor Reporting System (CRS),https://data-explorer.oecd.org/vis?df[ds]=dsDisseminateFinalDMZ&df[id]=DSD_CRS%40DF_CRS&dq=..VNM._T._T.D.Q._T..&pd=2020%2C2024,OECD Terms and Conditions,D-011_개도국 내 각국별 ODA 규모.xlsx,1.1_observation(측정값),21,
D-011,개도국 내 각국별 ODA 규모,observation,v124-d-011-obs-00019,D-011_oda_disbursement_azerbaijan,VNM,2023,2023,2023,,,,,USD,,,,,M01,[M01·원자료 결측] [개별] Azerbaijan → 베트남 ODA 총지출액(2024년 불변가). 해당 연도 값이 원천에 게재되지 않음.,Organisation for Economic Co-operation and Development — Creditor Reporting System (CRS),https://data-explorer.oecd.org/vis?df[ds]=dsDisseminateFinalDMZ&df[id]=DSD_CRS%40DF_CRS&dq=..VNM._T._T.D.Q._T..&pd=2020%2C2024,OECD Terms and Conditions,D-011_개도국 내 각국별 ODA 규모.xlsx,1.1_observation(측정값),22,
D-011,개도국 내 각국별 ODA 규모,observation,v124-d-011-obs-00020,D-011_oda_disbursement_azerbaijan,VNM,2024,2024,2024,,,,200000,USD,,,,,,[개별] Azerbaijan → 베트남 ODA 총지출액(2024년 불변가).,Organisation for Economic Co-operation and Development — Creditor Reporting System (CRS),https://data-explorer.oecd.org/vis?df[ds]=dsDisseminateFinalDMZ&df[id]=DSD_CRS%40DF_CRS&dq=..VNM._T._T.D.Q._T..&pd=2020%2C2024,OECD Terms and Conditions,D-011_개도국 내 각국별 ODA 규모.xlsx,1.1_observation(측정값),23,
D-011,개도국 내 각국별 ODA 규모,observation,v124-d-011-obs-00021,D-011_oda_disbursement_belgium,VNM,2020,2020,2020,,,,6819518,USD,,,,,,[개별] Belgium → 베트남 ODA 총지출액(2024년 불변가).,Organisation for Economic Co-operation and Development — Creditor Reporting System (CRS),https://data-explorer.oecd.org/vis?df[ds]=dsDisseminateFinalDMZ&df[id]=DSD_CRS%40DF_CRS&dq=..VNM._T._T.D.Q._T..&pd=2020%2C2024,OECD Terms and Conditions,D-011_개도국 내 각국별 ODA 규모.xlsx,1.1_observation(측정값),24,
D-011,개도국 내 각국별 ODA 규모,observation,v124-d-011-obs-00022,D-011_oda_disbursement_belgium,VNM,2021,2021,2021,,,,8562621,USD,,,,,,[개별] Belgium → 베트남 ODA 총지출액(2024년 불변가).,Organisation for Economic Co-operation and Development — Creditor Reporting System (CRS),https://data-explorer.oecd.org/vis?df[ds]=dsDisseminateFinalDMZ&df[id]=DSD_CRS%40DF_CRS&dq=..VNM._T._T.D.Q._T..&pd=2020%2C2024,OECD Terms and Conditions,D-011_개도국 내 각국별 ODA 규모.xlsx,1.1_observation(측정값),25,
D-011,개도국 내 각국별 ODA 규모,observation,v124-d-011-obs-00023,D-011_oda_disbursement_belgium,VNM,2022,2022,2022,,,,5105914,USD,,,,,,[개별] Belgium → 베트남 ODA 총지출액(2024년 불변가).,Organisation for Economic Co-operation and Development — Creditor Reporting System (CRS),https://data-explorer.oecd.org/vis?df[ds]=dsDisseminateFinalDMZ&df[id]=DSD_CRS%40DF_CRS&dq=..VNM._T._T.D.Q._T..&pd=2020%2C2024,OECD Terms and Conditions,D-011_개도국 내 각국별 ODA 규모.xlsx,1.1_observation(측정값),26,
D-011,개도국 내 각국별 ODA 규모,observation,v124-d-011-obs-00024,D-011_oda_disbursement_belgium,VNM,2023,2023,2023,,,,4096218,USD,,,,,,[개별] Belgium → 베트남 ODA 총지출액(2024년 불변가).,Organisation for Economic Co-operation and Development — Creditor Reporting System (CRS),https://data-explorer.oecd.org/vis?df[ds]=dsDisseminateFinalDMZ&df[id]=DSD_CRS%40DF_CRS&dq=..VNM._T._T.D.Q._T..&pd=2020%2C2024,OECD Terms and Conditions,D-011_개도국 내 각국별 ODA 규모.xlsx,1.1_observation(측정값),27,
D-011,개도국 내 각국별 ODA 규모,observation,v124-d-011-obs-00025,D-011_oda_disbursement_belgium,VNM,2024,2024,2024,,,,5061935,USD,,,,,,[개별] Belgium → 베트남 ODA 총지출액(2024년 불변가).,Organisation for Economic Co-operation and Development — Creditor Reporting System (CRS),https://data-explorer.oecd.org/vis?df[ds]=dsDisseminateFinalDMZ&df[id]=DSD_CRS%40DF_CRS&dq=..VNM._T._T.D.Q._T..&pd=2020%2C2024,OECD Terms and Conditions,D-011_개도국 내 각국별 ODA 규모.xlsx,1.1_observation(측정값),28,
D-011,개도국 내 각국별 ODA 규모,observation,v124-d-011-obs-00026,D-011_oda_disbursement_bulgaria,VNM,2020,2020,2020,,,,40878,USD,,,,,,[개별] Bulgaria → 베트남 ODA 총지출액(2024년 불변가).,Organisation for Economic Co-operation and Development — Creditor Reporting System (CRS),https://data-explorer.oecd.org/vis?df[ds]=dsDisseminateFinalDMZ&df[id]=DSD_CRS%40DF_CRS&dq=..VNM._T._T.D.Q._T..&pd=2020%2C2024,OECD Terms and Conditions,D-011_개도국 내 각국별 ODA 규모.xlsx,1.1_observation(측정값),29,
D-011,개도국 내 각국별 ODA 규모,observation,v124-d-011-obs-00027,D-011_oda_disbursement_bulgaria,VNM,2021,2021,2021,,,,85918,USD,,,,,,[개별] Bulgaria → 베트남 ODA 총지출액(2024년 불변가).,Organisation for Economic Co-operation and Development — Creditor Reporting System (CRS),https://data-explorer.oecd.org/vis?df[ds]=dsDisseminateFinalDMZ&df[id]=DSD_CRS%40DF_CRS&dq=..VNM._T._T.D.Q._T..&pd=2020%2C2024,OECD Terms and Conditions,D-011_개도국 내 각국별 ODA 규모.xlsx,1.1_observation(측정값),30,
D-011,개도국 내 각국별 ODA 규모,observation,v124-d-011-obs-00028,D-011_oda_disbursement_bulgaria,VNM,2022,2022,2022,,,,84430,USD,,,,,,[개별] Bulgaria → 베트남 ODA 총지출액(2024년 불변가).,Organisation for Economic Co-operation and Development — Creditor Reporting System (CRS),https://data-explorer.oecd.org/vis?df[ds]=dsDisseminateFinalDMZ&df[id]=DSD_CRS%40DF_CRS&dq=..VNM._T._T.D.Q._T..&pd=2020%2C2024,OECD Terms and Conditions,D-011_개도국 내 각국별 ODA 규모.xlsx,1.1_observation(측정값),31,
D-011,개도국 내 각국별 ODA 규모,observation,v124-d-011-obs-00029,D-011_oda_disbursement_bulgaria,VNM,2023,2023,2023,,,,,USD,,,,,M01,[M01·원자료 결측] [개별] Bulgaria → 베트남 ODA 총지출액(2024년 불변가). 해당 연도 값이 원천에 게재되지 않음.,Organisation for Economic Co-operation and Development — Creditor Reporting System (CRS),https://data-explorer.oecd.org/vis?df[ds]=dsDisseminateFinalDMZ&df[id]=DSD_CRS%40DF_CRS&dq=..VNM._T._T.D.Q._T..&pd=2020%2C2024,OECD Terms and Conditions,D-011_개도국 내 각국별 ODA 규모.xlsx,1.1_observation(측정값),32,
D-011,개도국 내 각국별 ODA 규모,observation,v124-d-011-obs-00030,D-011_oda_disbursement_bulgaria,VNM,2024,2024,2024,,,,58094,USD,,,,,,[개별] Bulgaria → 베트남 ODA 총지출액(2024년 불변가).,Organisation for Economic Co-operation and Development — Creditor Reporting System (CRS),https://data-explorer.oecd.org/vis?df[ds]=dsDisseminateFinalDMZ&df[id]=DSD_CRS%40DF_CRS&dq=..VNM._T._T.D.Q._T..&pd=2020%2C2024,OECD Terms and Conditions,D-011_개도국 내 각국별 ODA 규모.xlsx,1.1_observation(측정값),33,
D-011,개도국 내 각국별 ODA 규모,observation,v124-d-011-obs-00031,D-011_oda_disbursement_canada,VNM,2020,2020,2020,,,,13478549,USD,,,,,,[개별] Canada → 베트남 ODA 총지출액(2024년 불변가).,Organisation for Economic Co-operation and Development — Creditor Reporting System (CRS),https://data-explorer.oecd.org/vis?df[ds]=dsDisseminateFinalDMZ&df[id]=DSD_CRS%40DF_CRS&dq=..VNM._T._T.D.Q._T..&pd=2020%2C2024,OECD Terms and Conditions,D-011_개도국 내 각국별 ODA 규모.xlsx,1.1_observation(측정값),34,
D-011,개도국 내 각국별 ODA 규모,observation,v124-d-011-obs-00032,D-011_oda_disbursement_canada,VNM,2021,2021,2021,,,,12356972,USD,,,,,,[개별] Canada → 베트남 ODA 총지출액(2024년 불변가).,Organisation for Economic Co-operation and Development — Creditor Reporting System (CRS),https://data-explorer.oecd.org/vis?df[ds]=dsDisseminateFinalDMZ&df[id]=DSD_CRS%40DF_CRS&dq=..VNM._T._T.D.Q._T..&pd=2020%2C2024,OECD Terms and Conditions,D-011_개도국 내 각국별 ODA 규모.xlsx,1.1_observation(측정값),35,
D-011,개도국 내 각국별 ODA 규모,observation,v124-d-011-obs-00033,D-011_oda_disbursement_canada,VNM,2022,2022,2022,,,,10481714,USD,,,,,,[개별] Canada → 베트남 ODA 총지출액(2024년 불변가).,Organisation for Economic Co-operation and Development — Creditor Reporting System (CRS),https://data-explorer.oecd.org/vis?df[ds]=dsDisseminateFinalDMZ&df[id]=DSD_CRS%40DF_CRS&dq=..VNM._T._T.D.Q._T..&pd=2020%2C2024,OECD Terms and Conditions,D-011_개도국 내 각국별 ODA 규모.xlsx,1.1_observation(측정값),36,
D-011,개도국 내 각국별 ODA 규모,observation,v124-d-011-obs-00034,D-011_oda_disbursement_canada,VNM,2023,2023,2023,,,,10186482,USD,,,,,,[개별] Canada → 베트남 ODA 총지출액(2024년 불변가).,Organisation for Economic Co-operation and Development — Creditor Reporting System (CRS),https://data-explorer.oecd.org/vis?df[ds]=dsDisseminateFinalDMZ&df[id]=DSD_CRS%40DF_CRS&dq=..VNM._T._T.D.Q._T..&pd=2020%2C2024,OECD Terms and Conditions,D-011_개도국 내 각국별 ODA 규모.xlsx,1.1_observation(측정값),37,
D-011,개도국 내 각국별 ODA 규모,observation,v124-d-011-obs-00035,D-011_oda_disbursement_canada,VNM,2024,2024,2024,,,,12782518,USD,,,,,,[개별] Canada → 베트남 ODA 총지출액(2024년 불변가).,Organisation for Economic Co-operation and Development — Creditor Reporting System (CRS),https://data-explorer.oecd.org/vis?df[ds]=dsDisseminateFinalDMZ&df[id]=DSD_CRS%40DF_CRS&dq=..VNM._T._T.D.Q._T..&pd=2020%2C2024,OECD Terms and Conditions,D-011_개도국 내 각국별 ODA 규모.xlsx,1.1_observation(측정값),38,
D-011,개도국 내 각국별 ODA 규모,observation,v124-d-011-obs-00036,D-011_oda_disbursement_cerf,VNM,2020,2020,2020,,,,3330461,USD,,,,,,[개별(하위기구)] Central Emergency Response Fund [CERF] → 베트남 ODA 총지출액(2024년 불변가).,Organisation for Economic Co-operation and Development — Creditor Reporting System (CRS),https://data-explorer.oecd.org/vis?df[ds]=dsDisseminateFinalDMZ&df[id]=DSD_CRS%40DF_CRS&dq=..VNM._T._T.D.Q._T..&pd=2020%2C2024,OECD Terms and Conditions,D-011_개도국 내 각국별 ODA 규모.xlsx,1.1_observation(측정값),39,
D-011,개도국 내 각국별 ODA 규모,observation,v124-d-011-obs-00037,D-011_oda_disbursement_cerf,VNM,2021,2021,2021,,,,,USD,,,,,M01,[M01·원자료 결측] [개별(하위기구)] Central Emergency Response Fund [CERF] → 베트남 ODA 총지출액(2024년 불변가). 해당 연도 값이 원천에 게재되지 않음.,Organisation for Economic Co-operation and Development — Creditor Reporting System (CRS),https://data-explorer.oecd.org/vis?df[ds]=dsDisseminateFinalDMZ&df[id]=DSD_CRS%40DF_CRS&dq=..VNM._T._T.D.Q._T..&pd=2020%2C2024,OECD Terms and Conditions,D-011_개도국 내 각국별 ODA 규모.xlsx,1.1_observation(측정값),40,
D-011,개도국 내 각국별 ODA 규모,observation,v124-d-011-obs-00038,D-011_oda_disbursement_cerf,VNM,2022,2022,2022,,,,,USD,,,,,M01,[M01·원자료 결측] [개별(하위기구)] Central Emergency Response Fund [CERF] → 베트남 ODA 총지출액(2024년 불변가). 해당 연도 값이 원천에 게재되지 않음.,Organisation for Economic Co-operation and Development — Creditor Reporting System (CRS),https://data-explorer.oecd.org/vis?df[ds]=dsDisseminateFinalDMZ&df[id]=DSD_CRS%40DF_CRS&dq=..VNM._T._T.D.Q._T..&pd=2020%2C2024,OECD Terms and Conditions,D-011_개도국 내 각국별 ODA 규모.xlsx,1.1_observation(측정값),41,
D-011,개도국 내 각국별 ODA 규모,observation,v124-d-011-obs-00039,D-011_oda_disbursement_cerf,VNM,2023,2023,2023,,,,,USD,,,,,M01,[M01·원자료 결측] [개별(하위기구)] Central Emergency Response Fund [CERF] → 베트남 ODA 총지출액(2024년 불변가). 해당 연도 값이 원천에 게재되지 않음.,Organisation for Economic Co-operation and Development — Creditor Reporting System (CRS),https://data-explorer.oecd.org/vis?df[ds]=dsDisseminateFinalDMZ&df[id]=DSD_CRS%40DF_CRS&dq=..VNM._T._T.D.Q._T..&pd=2020%2C2024,OECD Terms and Conditions,D-011_개도국 내 각국별 ODA 규모.xlsx,1.1_observation(측정값),42,
D-011,개도국 내 각국별 ODA 규모,observation,v124-d-011-obs-00040,D-011_oda_disbursement_cerf,VNM,2024,2024,2024,,,,2001000,USD,,,,,,[개별(하위기구)] Central Emergency Response Fund [CERF] → 베트남 ODA 총지출액(2024년 불변가).,Organisation for Economic Co-operation and Development — Creditor Reporting System (CRS),https://data-explorer.oecd.org/vis?df[ds]=dsDisseminateFinalDMZ&df[id]=DSD_CRS%40DF_CRS&dq=..VNM._T._T.D.Q._T..&pd=2020%2C2024,OECD Terms and Conditions,D-011_개도국 내 각국별 ODA 규모.xlsx,1.1_observation(측정값),43,
D-011,개도국 내 각국별 ODA 규모,observation,v124-d-011-obs-00041,D-011_oda_disbursement_chinese_taipei,VNM,2020,2020,2020,,,,,USD,,,,,M01,[M01·원자료 결측] [개별] Chinese Taipei → 베트남 ODA 총지출액(2024년 불변가). 해당 연도 값이 원천에 게재되지 않음.,Organisation for Economic Co-operation and Development — Creditor Reporting System (CRS),https://data-explorer.oecd.org/vis?df[ds]=dsDisseminateFinalDMZ&df[id]=DSD_CRS%40DF_CRS&dq=..VNM._T._T.D.Q._T..&pd=2020%2C2024,OECD Terms and Conditions,D-011_개도국 내 각국별 ODA 규모.xlsx,1.1_observation(측정값),44,
D-011,개도국 내 각국별 ODA 규모,observation,v124-d-011-obs-00042,D-011_oda_disbursement_chinese_taipei,VNM,2021,2021,2021,,,,,USD,,,,,M01,[M01·원자료 결측] [개별] Chinese Taipei → 베트남 ODA 총지출액(2024년 불변가). 해당 연도 값이 원천에 게재되지 않음.,Organisation for Economic Co-operation and Development — Creditor Reporting System (CRS),https://data-explorer.oecd.org/vis?df[ds]=dsDisseminateFinalDMZ&df[id]=DSD_CRS%40DF_CRS&dq=..VNM._T._T.D.Q._T..&pd=2020%2C2024,OECD Terms and Conditions,D-011_개도국 내 각국별 ODA 규모.xlsx,1.1_observation(측정값),45,
D-011,개도국 내 각국별 ODA 규모,observation,v124-d-011-obs-00043,D-011_oda_disbursement_chinese_taipei,VNM,2022,2022,2022,,,,,USD,,,,,M01,[M01·원자료 결측] [개별] Chinese Taipei → 베트남 ODA 총지출액(2024년 불변가). 해당 연도 값이 원천에 게재되지 않음.,Organisation for Economic Co-operation and Development — Creditor Reporting System (CRS),https://data-explorer.oecd.org/vis?df[ds]=dsDisseminateFinalDMZ&df[id]=DSD_CRS%40DF_CRS&dq=..VNM._T._T.D.Q._T..&pd=2020%2C2024,OECD Terms and Conditions,D-011_개도국 내 각국별 ODA 규모.xlsx,1.1_observation(측정값),46,
D-011,개도국 내 각국별 ODA 규모,observation,v124-d-011-obs-00044,D-011_oda_disbursement_chinese_taipei,VNM,2023,2023,2023,,,,33272,USD,,,,,,[개별] Chinese Taipei → 베트남 ODA 총지출액(2024년 불변가).,Organisation for Economic Co-operation and Development — Creditor Reporting System (CRS),https://data-explorer.oecd.org/vis?df[ds]=dsDisseminateFinalDMZ&df[id]=DSD_CRS%40DF_CRS&dq=..VNM._T._T.D.Q._T..&pd=2020%2C2024,OECD Terms and Conditions,D-011_개도국 내 각국별 ODA 규모.xlsx,1.1_observation(측정값),47,
D-011,개도국 내 각국별 ODA 규모,observation,v124-d-011-obs-00045,D-011_oda_disbursement_chinese_taipei,VNM,2024,2024,2024,,,,7596,USD,,,,,,[개별] Chinese Taipei → 베트남 ODA 총지출액(2024년 불변가).,Organisation for Economic Co-operation and Development — Creditor Reporting System (CRS),https://data-explorer.oecd.org/vis?df[ds]=dsDisseminateFinalDMZ&df[id]=DSD_CRS%40DF_CRS&dq=..VNM._T._T.D.Q._T..&pd=2020%2C2024,OECD Terms and Conditions,D-011_개도국 내 각국별 ODA 규모.xlsx,1.1_observation(측정값),48,
D-011,개도국 내 각국별 ODA 규모,observation,v124-d-011-obs-00046,D-011_oda_disbursement_cif,VNM,2020,2020,2020,,,,582871,USD,,,,,,[개별(하위기구)] Climate Investment Funds [CIF] → 베트남 ODA 총지출액(2024년 불변가).,Organisation for Economic Co-operation and Development — Creditor Reporting System (CRS),https://data-explorer.oecd.org/vis?df[ds]=dsDisseminateFinalDMZ&df[id]=DSD_CRS%40DF_CRS&dq=..VNM._T._T.D.Q._T..&pd=2020%2C2024,OECD Terms and Conditions,D-011_개도국 내 각국별 ODA 규모.xlsx,1.1_observation(측정값),49,
D-011,개도국 내 각국별 ODA 규모,observation,v124-d-011-obs-00047,D-011_oda_disbursement_cif,VNM,2021,2021,2021,,,,651802,USD,,,,,,[개별(하위기구)] Climate Investment Funds [CIF] → 베트남 ODA 총지출액(2024년 불변가).,Organisation for Economic Co-operation and Development — Creditor Reporting System (CRS),https://data-explorer.oecd.org/vis?df[ds]=dsDisseminateFinalDMZ&df[id]=DSD_CRS%40DF_CRS&dq=..VNM._T._T.D.Q._T..&pd=2020%2C2024,OECD Terms and Conditions,D-011_개도국 내 각국별 ODA 규모.xlsx,1.1_observation(측정값),50,
D-011,개도국 내 각국별 ODA 규모,observation,v124-d-011-obs-00048,D-011_oda_disbursement_cif,VNM,2022,2022,2022,,,,3554266,USD,,,,,,[개별(하위기구)] Climate Investment Funds [CIF] → 베트남 ODA 총지출액(2024년 불변가).,Organisation for Economic Co-operation and Development — Creditor Reporting System (CRS),https://data-explorer.oecd.org/vis?df[ds]=dsDisseminateFinalDMZ&df[id]=DSD_CRS%40DF_CRS&dq=..VNM._T._T.D.Q._T..&pd=2020%2C2024,OECD Terms and Conditions,D-011_개도국 내 각국별 ODA 규모.xlsx,1.1_observation(측정값),51,
D-011,개도국 내 각국별 ODA 규모,observation,v124-d-011-obs-00049,D-011_oda_disbursement_cif,VNM,2023,2023,2023,,,,33384377,USD,,,,,,[개별(하위기구)] Climate Investment Funds [CIF] → 베트남 ODA 총지출액(2024년 불변가).,Organisation for Economic Co-operation and Development — Creditor Reporting System (CRS),https://data-explorer.oecd.org/vis?df[ds]=dsDisseminateFinalDMZ&df[id]=DSD_CRS%40DF_CRS&dq=..VNM._T._T.D.Q._T..&pd=2020%2C2024,OECD Terms and Conditions,D-011_개도국 내 각국별 ODA 규모.xlsx,1.1_observation(측정값),52,
D-011,개도국 내 각국별 ODA 규모,observation,v124-d-011-obs-00050,D-011_oda_disbursement_cif,VNM,2024,2024,2024,,,,9965391,USD,,,,,,[개별(하위기구)] Climate Investment Funds [CIF] → 베트남 ODA 총지출액(2024년 불변가).,Organisation for Economic Co-operation and Development — Creditor Reporting System (CRS),https://data-explorer.oecd.org/vis?df[ds]=dsDisseminateFinalDMZ&df[id]=DSD_CRS%40DF_CRS&dq=..VNM._T._T.D.Q._T..&pd=2020%2C2024,OECD Terms and Conditions,D-011_개도국 내 각국별 ODA 규모.xlsx,1.1_observation(측정값),53,
D-011,개도국 내 각국별 ODA 규모,observation,v124-d-011-obs-00051,D-011_oda_disbursement_croatia,VNM,2020,2020,2020,,,,,USD,,,,,M01,[M01·원자료 결측] [개별] Croatia → 베트남 ODA 총지출액(2024년 불변가). 해당 연도 값이 원천에 게재되지 않음.,Organisation for Economic Co-operation and Development — Creditor Reporting System (CRS),https://data-explorer.oecd.org/vis?df[ds]=dsDisseminateFinalDMZ&df[id]=DSD_CRS%40DF_CRS&dq=..VNM._T._T.D.Q._T..&pd=2020%2C2024,OECD Terms and Conditions,D-011_개도국 내 각국별 ODA 규모.xlsx,1.1_observation(측정값),54,
D-011,개도국 내 각국별 ODA 규모,observation,v124-d-011-obs-00052,D-011_oda_disbursement_croatia,VNM,2021,2021,2021,,,,469719,USD,,,,,,[개별] Croatia → 베트남 ODA 총지출액(2024년 불변가).,Organisation for Economic Co-operation and Development — Creditor Reporting System (CRS),https://data-explorer.oecd.org/vis?df[ds]=dsDisseminateFinalDMZ&df[id]=DSD_CRS%40DF_CRS&dq=..VNM._T._T.D.Q._T..&pd=2020%2C2024,OECD Terms and Conditions,D-011_개도국 내 각국별 ODA 규모.xlsx,1.1_observation(측정값),55,
D-011,개도국 내 각국별 ODA 규모,observation,v124-d-011-obs-00053,D-011_oda_disbursement_croatia,VNM,2022,2022,2022,,,,509,USD,,,,,,[개별] Croatia → 베트남 ODA 총지출액(2024년 불변가).,Organisation for Economic Co-operation and Development — Creditor Reporting System (CRS),https://data-explorer.oecd.org/vis?df[ds]=dsDisseminateFinalDMZ&df[id]=DSD_CRS%40DF_CRS&dq=..VNM._T._T.D.Q._T..&pd=2020%2C2024,OECD Terms and Conditions,D-011_개도국 내 각국별 ODA 규모.xlsx,1.1_observation(측정값),56,
D-011,개도국 내 각국별 ODA 규모,observation,v124-d-011-obs-00054,D-011_oda_disbursement_croatia,VNM,2023,2023,2023,,,,,USD,,,,,M01,[M01·원자료 결측] [개별] Croatia → 베트남 ODA 총지출액(2024년 불변가). 해당 연도 값이 원천에 게재되지 않음.,Organisation for Economic Co-operation and Development — Creditor Reporting System (CRS),https://data-explorer.oecd.org/vis?df[ds]=dsDisseminateFinalDMZ&df[id]=DSD_CRS%40DF_CRS&dq=..VNM._T._T.D.Q._T..&pd=2020%2C2024,OECD Terms and Conditions,D-011_개도국 내 각국별 ODA 규모.xlsx,1.1_observation(측정값),57,
D-011,개도국 내 각국별 ODA 규모,observation,v124-d-011-obs-00055,D-011_oda_disbursement_croatia,VNM,2024,2024,2024,,,,,USD,,,,,M01,[M01·원자료 결측] [개별] Croatia → 베트남 ODA 총지출액(2024년 불변가). 해당 연도 값이 원천에 게재되지 않음.,Organisation for Economic Co-operation and Development — Creditor Reporting System (CRS),https://data-explorer.oecd.org/vis?df[ds]=dsDisseminateFinalDMZ&df[id]=DSD_CRS%40DF_CRS&dq=..VNM._T._T.D.Q._T..&pd=2020%2C2024,OECD Terms and Conditions,D-011_개도국 내 각국별 ODA 규모.xlsx,1.1_observation(측정값),58,
D-011,개도국 내 각국별 ODA 규모,observation,v124-d-011-obs-00056,D-011_oda_disbursement_czechia,VNM,2020,2020,2020,,,,267665,USD,,,,,,[개별] Czechia → 베트남 ODA 총지출액(2024년 불변가).,Organisation for Economic Co-operation and Development — Creditor Reporting System (CRS),https://data-explorer.oecd.org/vis?df[ds]=dsDisseminateFinalDMZ&df[id]=DSD_CRS%40DF_CRS&dq=..VNM._T._T.D.Q._T..&pd=2020%2C2024,OECD Terms and Conditions,D-011_개도국 내 각국별 ODA 규모.xlsx,1.1_observation(측정값),59,
D-011,개도국 내 각국별 ODA 규모,observation,v124-d-011-obs-00057,D-011_oda_disbursement_czechia,VNM,2021,2021,2021,,,,2210072,USD,,,,,,[개별] Czechia → 베트남 ODA 총지출액(2024년 불변가).,Organisation for Economic Co-operation and Development — Creditor Reporting System (CRS),https://data-explorer.oecd.org/vis?df[ds]=dsDisseminateFinalDMZ&df[id]=DSD_CRS%40DF_CRS&dq=..VNM._T._T.D.Q._T..&pd=2020%2C2024,OECD Terms and Conditions,D-011_개도국 내 각국별 ODA 규모.xlsx,1.1_observation(측정값),60,
D-011,개도국 내 각국별 ODA 규모,observation,v124-d-011-obs-00058,D-011_oda_disbursement_czechia,VNM,2022,2022,2022,,,,223454,USD,,,,,,[개별] Czechia → 베트남 ODA 총지출액(2024년 불변가).,Organisation for Economic Co-operation and Development — Creditor Reporting System (CRS),https://data-explorer.oecd.org/vis?df[ds]=dsDisseminateFinalDMZ&df[id]=DSD_CRS%40DF_CRS&dq=..VNM._T._T.D.Q._T..&pd=2020%2C2024,OECD Terms and Conditions,D-011_개도국 내 각국별 ODA 규모.xlsx,1.1_observation(측정값),61,
D-011,개도국 내 각국별 ODA 규모,observation,v124-d-011-obs-00059,D-011_oda_disbursement_czechia,VNM,2023,2023,2023,,,,209393,USD,,,,,,[개별] Czechia → 베트남 ODA 총지출액(2024년 불변가).,Organisation for Economic Co-operation and Development — Creditor Reporting System (CRS),https://data-explorer.oecd.org/vis?df[ds]=dsDisseminateFinalDMZ&df[id]=DSD_CRS%40DF_CRS&dq=..VNM._T._T.D.Q._T..&pd=2020%2C2024,OECD Terms and Conditions,D-011_개도국 내 각국별 ODA 규모.xlsx,1.1_observation(측정값),62,
D-011,개도국 내 각국별 ODA 규모,observation,v124-d-011-obs-00060,D-011_oda_disbursement_czechia,VNM,2024,2024,2024,,,,234802,USD,,,,,,[개별] Czechia → 베트남 ODA 총지출액(2024년 불변가).,Organisation for Economic Co-operation and Development — Creditor Reporting System (CRS),https://data-explorer.oecd.org/vis?df[ds]=dsDisseminateFinalDMZ&df[id]=DSD_CRS%40DF_CRS&dq=..VNM._T._T.D.Q._T..&pd=2020%2C2024,OECD Terms and Conditions,D-011_개도국 내 각국별 ODA 규모.xlsx,1.1_observation(측정값),63,
D-011,개도국 내 각국별 ODA 규모,observation,v124-d-011-obs-00061,D-011_oda_disbursement_dac_countries,VNM,2020,2020,2020,,,,1319973502,USD,,,,,,[소계] DAC countries → 베트남 ODA 총지출액(2024년 불변가).,Organisation for Economic Co-operation and Development — Creditor Reporting System (CRS),https://data-explorer.oecd.org/vis?df[ds]=dsDisseminateFinalDMZ&df[id]=DSD_CRS%40DF_CRS&dq=..VNM._T._T.D.Q._T..&pd=2020%2C2024,OECD Terms and Conditions,D-011_개도국 내 각국별 ODA 규모.xlsx,1.1_observation(측정값),64,
D-011,개도국 내 각국별 ODA 규모,observation,v124-d-011-obs-00062,D-011_oda_disbursement_dac_countries,VNM,2021,2021,2021,,,,1300836980,USD,,,,,,[소계] DAC countries → 베트남 ODA 총지출액(2024년 불변가).,Organisation for Economic Co-operation and Development — Creditor Reporting System (CRS),https://data-explorer.oecd.org/vis?df[ds]=dsDisseminateFinalDMZ&df[id]=DSD_CRS%40DF_CRS&dq=..VNM._T._T.D.Q._T..&pd=2020%2C2024,OECD Terms and Conditions,D-011_개도국 내 각국별 ODA 규모.xlsx,1.1_observation(측정값),65,
D-011,개도국 내 각국별 ODA 규모,observation,v124-d-011-obs-00063,D-011_oda_disbursement_dac_countries,VNM,2022,2022,2022,,,,1214269018,USD,,,,,,[소계] DAC countries → 베트남 ODA 총지출액(2024년 불변가).,Organisation for Economic Co-operation and Development — Creditor Reporting System (CRS),https://data-explorer.oecd.org/vis?df[ds]=dsDisseminateFinalDMZ&df[id]=DSD_CRS%40DF_CRS&dq=..VNM._T._T.D.Q._T..&pd=2020%2C2024,OECD Terms and Conditions,D-011_개도국 내 각국별 ODA 규모.xlsx,1.1_observation(측정값),66,
D-011,개도국 내 각국별 ODA 규모,observation,v124-d-011-obs-00064,D-011_oda_disbursement_dac_countries,VNM,2023,2023,2023,,,,1458112440,USD,,,,,,[소계] DAC countries → 베트남 ODA 총지출액(2024년 불변가).,Organisation for Economic Co-operation and Development — Creditor Reporting System (CRS),https://data-explorer.oecd.org/vis?df[ds]=dsDisseminateFinalDMZ&df[id]=DSD_CRS%40DF_CRS&dq=..VNM._T._T.D.Q._T..&pd=2020%2C2024,OECD Terms and Conditions,D-011_개도국 내 각국별 ODA 규모.xlsx,1.1_observation(측정값),67,
D-011,개도국 내 각국별 ODA 규모,observation,v124-d-011-obs-00065,D-011_oda_disbursement_dac_countries,VNM,2024,2024,2024,,,,1074580964,USD,,,,,,[소계] DAC countries → 베트남 ODA 총지출액(2024년 불변가).,Organisation for Economic Co-operation and Development — Creditor Reporting System (CRS),https://data-explorer.oecd.org/vis?df[ds]=dsDisseminateFinalDMZ&df[id]=DSD_CRS%40DF_CRS&dq=..VNM._T._T.D.Q._T..&pd=2020%2C2024,OECD Terms and Conditions,D-011_개도국 내 각국별 ODA 규모.xlsx,1.1_observation(측정값),68,
D-011,개도국 내 각국별 ODA 규모,observation,v124-d-011-obs-00066,D-011_oda_disbursement_denmark,VNM,2020,2020,2020,,,,1015101,USD,,,,,,[개별] Denmark → 베트남 ODA 총지출액(2024년 불변가).,Organisation for Economic Co-operation and Development — Creditor Reporting System (CRS),https://data-explorer.oecd.org/vis?df[ds]=dsDisseminateFinalDMZ&df[id]=DSD_CRS%40DF_CRS&dq=..VNM._T._T.D.Q._T..&pd=2020%2C2024,OECD Terms and Conditions,D-011_개도국 내 각국별 ODA 규모.xlsx,1.1_observation(측정값),69,
D-011,개도국 내 각국별 ODA 규모,observation,v124-d-011-obs-00067,D-011_oda_disbursement_denmark,VNM,2021,2021,2021,,,,1638190,USD,,,,,,[개별] Denmark → 베트남 ODA 총지출액(2024년 불변가).,Organisation for Economic Co-operation and Development — Creditor Reporting System (CRS),https://data-explorer.oecd.org/vis?df[ds]=dsDisseminateFinalDMZ&df[id]=DSD_CRS%40DF_CRS&dq=..VNM._T._T.D.Q._T..&pd=2020%2C2024,OECD Terms and Conditions,D-011_개도국 내 각국별 ODA 규모.xlsx,1.1_observation(측정값),70,
D-011,개도국 내 각국별 ODA 규모,observation,v124-d-011-obs-00068,D-011_oda_disbursement_denmark,VNM,2022,2022,2022,,,,1839061,USD,,,,,,[개별] Denmark → 베트남 ODA 총지출액(2024년 불변가).,Organisation for Economic Co-operation and Development — Creditor Reporting System (CRS),https://data-explorer.oecd.org/vis?df[ds]=dsDisseminateFinalDMZ&df[id]=DSD_CRS%40DF_CRS&dq=..VNM._T._T.D.Q._T..&pd=2020%2C2024,OECD Terms and Conditions,D-011_개도국 내 각국별 ODA 규모.xlsx,1.1_observation(측정값),71,
D-011,개도국 내 각국별 ODA 규모,observation,v124-d-011-obs-00069,D-011_oda_disbursement_denmark,VNM,2023,2023,2023,,,,2128295,USD,,,,,,[개별] Denmark → 베트남 ODA 총지출액(2024년 불변가).,Organisation for Economic Co-operation and Development — Creditor Reporting System (CRS),https://data-explorer.oecd.org/vis?df[ds]=dsDisseminateFinalDMZ&df[id]=DSD_CRS%40DF_CRS&dq=..VNM._T._T.D.Q._T..&pd=2020%2C2024,OECD Terms and Conditions,D-011_개도국 내 각국별 ODA 규모.xlsx,1.1_observation(측정값),72,
D-011,개도국 내 각국별 ODA 규모,observation,v124-d-011-obs-00070,D-011_oda_disbursement_denmark,VNM,2024,2024,2024,,,,2464639,USD,,,,,,[개별] Denmark → 베트남 ODA 총지출액(2024년 불변가).,Organisation for Economic Co-operation and Development — Creditor Reporting System (CRS),https://data-explorer.oecd.org/vis?df[ds]=dsDisseminateFinalDMZ&df[id]=DSD_CRS%40DF_CRS&dq=..VNM._T._T.D.Q._T..&pd=2020%2C2024,OECD Terms and Conditions,D-011_개도국 내 각국별 ODA 규모.xlsx,1.1_observation(측정값),73,
D-011,개도국 내 각국별 ODA 규모,observation,v124-d-011-obs-00071,D-011_oda_disbursement_eu_institutions,VNM,2020,2020,2020,,,,100541223,USD,,,,,,[개별] EU Institutions → 베트남 ODA 총지출액(2024년 불변가).,Organisation for Economic Co-operation and Development — Creditor Reporting System (CRS),https://data-explorer.oecd.org/vis?df[ds]=dsDisseminateFinalDMZ&df[id]=DSD_CRS%40DF_CRS&dq=..VNM._T._T.D.Q._T..&pd=2020%2C2024,OECD Terms and Conditions,D-011_개도국 내 각국별 ODA 규모.xlsx,1.1_observation(측정값),74,
D-011,개도국 내 각국별 ODA 규모,observation,v124-d-011-obs-00072,D-011_oda_disbursement_eu_institutions,VNM,2021,2021,2021,,,,22866428,USD,,,,,,[개별] EU Institutions → 베트남 ODA 총지출액(2024년 불변가).,Organisation for Economic Co-operation and Development — Creditor Reporting System (CRS),https://data-explorer.oecd.org/vis?df[ds]=dsDisseminateFinalDMZ&df[id]=DSD_CRS%40DF_CRS&dq=..VNM._T._T.D.Q._T..&pd=2020%2C2024,OECD Terms and Conditions,D-011_개도국 내 각국별 ODA 규모.xlsx,1.1_observation(측정값),75,
D-011,개도국 내 각국별 ODA 규모,observation,v124-d-011-obs-00073,D-011_oda_disbursement_eu_institutions,VNM,2022,2022,2022,,,,46976127,USD,,,,,,[개별] EU Institutions → 베트남 ODA 총지출액(2024년 불변가).,Organisation for Economic Co-operation and Development — Creditor Reporting System (CRS),https://data-explorer.oecd.org/vis?df[ds]=dsDisseminateFinalDMZ&df[id]=DSD_CRS%40DF_CRS&dq=..VNM._T._T.D.Q._T..&pd=2020%2C2024,OECD Terms and Conditions,D-011_개도국 내 각국별 ODA 규모.xlsx,1.1_observation(측정값),76,
D-011,개도국 내 각국별 ODA 규모,observation,v124-d-011-obs-00074,D-011_oda_disbursement_eu_institutions,VNM,2023,2023,2023,,,,40332310,USD,,,,,,[개별] EU Institutions → 베트남 ODA 총지출액(2024년 불변가).,Organisation for Economic Co-operation and Development — Creditor Reporting System (CRS),https://data-explorer.oecd.org/vis?df[ds]=dsDisseminateFinalDMZ&df[id]=DSD_CRS%40DF_CRS&dq=..VNM._T._T.D.Q._T..&pd=2020%2C2024,OECD Terms and Conditions,D-011_개도국 내 각국별 ODA 규모.xlsx,1.1_observation(측정값),77,
D-011,개도국 내 각국별 ODA 규모,observation,v124-d-011-obs-00075,D-011_oda_disbursement_eu_institutions,VNM,2024,2024,2024,,,,47186026,USD,,,,,,[개별] EU Institutions → 베트남 ODA 총지출액(2024년 불변가).,Organisation for Economic Co-operation and Development — Creditor Reporting System (CRS),https://data-explorer.oecd.org/vis?df[ds]=dsDisseminateFinalDMZ&df[id]=DSD_CRS%40DF_CRS&dq=..VNM._T._T.D.Q._T..&pd=2020%2C2024,OECD Terms and Conditions,D-011_개도국 내 각국별 ODA 규모.xlsx,1.1_observation(측정값),78,
D-011,개도국 내 각국별 ODA 규모,observation,v124-d-011-obs-00076,D-011_oda_disbursement_fao,VNM,2020,2020,2020,,,,380666,USD,,,,,,[개별(하위기구)] Food and Agriculture Organisation [FAO] → 베트남 ODA 총지출액(2024년 불변가).,Organisation for Economic Co-operation and Development — Creditor Reporting System (CRS),https://data-explorer.oecd.org/vis?df[ds]=dsDisseminateFinalDMZ&df[id]=DSD_CRS%40DF_CRS&dq=..VNM._T._T.D.Q._T..&pd=2020%2C2024,OECD Terms and Conditions,D-011_개도국 내 각국별 ODA 규모.xlsx,1.1_observation(측정값),79,
D-011,개도국 내 각국별 ODA 규모,observation,v124-d-011-obs-00077,D-011_oda_disbursement_fao,VNM,2021,2021,2021,,,,413086,USD,,,,,,[개별(하위기구)] Food and Agriculture Organisation [FAO] → 베트남 ODA 총지출액(2024년 불변가).,Organisation for Economic Co-operation and Development — Creditor Reporting System (CRS),https://data-explorer.oecd.org/vis?df[ds]=dsDisseminateFinalDMZ&df[id]=DSD_CRS%40DF_CRS&dq=..VNM._T._T.D.Q._T..&pd=2020%2C2024,OECD Terms and Conditions,D-011_개도국 내 각국별 ODA 규모.xlsx,1.1_observation(측정값),80,
D-011,개도국 내 각국별 ODA 규모,observation,v124-d-011-obs-00078,D-011_oda_disbursement_fao,VNM,2022,2022,2022,,,,471393,USD,,,,,,[개별(하위기구)] Food and Agriculture Organisation [FAO] → 베트남 ODA 총지출액(2024년 불변가).,Organisation for Economic Co-operation and Development — Creditor Reporting System (CRS),https://data-explorer.oecd.org/vis?df[ds]=dsDisseminateFinalDMZ&df[id]=DSD_CRS%40DF_CRS&dq=..VNM._T._T.D.Q._T..&pd=2020%2C2024,OECD Terms and Conditions,D-011_개도국 내 각국별 ODA 규모.xlsx,1.1_observation(측정값),81,
D-011,개도국 내 각국별 ODA 규모,observation,v124-d-011-obs-00079,D-011_oda_disbursement_fao,VNM,2023,2023,2023,,,,481950,USD,,,,,,[개별(하위기구)] Food and Agriculture Organisation [FAO] → 베트남 ODA 총지출액(2024년 불변가).,Organisation for Economic Co-operation and Development — Creditor Reporting System (CRS),https://data-explorer.oecd.org/vis?df[ds]=dsDisseminateFinalDMZ&df[id]=DSD_CRS%40DF_CRS&dq=..VNM._T._T.D.Q._T..&pd=2020%2C2024,OECD Terms and Conditions,D-011_개도국 내 각국별 ODA 규모.xlsx,1.1_observation(측정값),82,
D-011,개도국 내 각국별 ODA 규모,observation,v124-d-011-obs-00080,D-011_oda_disbursement_fao,VNM,2024,2024,2024,,,,265858,USD,,,,,,[개별(하위기구)] Food and Agriculture Organisation [FAO] → 베트남 ODA 총지출액(2024년 불변가).,Organisation for Economic Co-operation and Development — Creditor Reporting System (CRS),https://data-explorer.oecd.org/vis?df[ds]=dsDisseminateFinalDMZ&df[id]=DSD_CRS%40DF_CRS&dq=..VNM._T._T.D.Q._T..&pd=2020%2C2024,OECD Terms and Conditions,D-011_개도국 내 각국별 ODA 규모.xlsx,1.1_observation(측정값),83,
D-011,개도국 내 각국별 ODA 규모,observation,v124-d-011-obs-00081,D-011_oda_disbursement_finland,VNM,2020,2020,2020,,,,4509286,USD,,,,,,[개별] Finland → 베트남 ODA 총지출액(2024년 불변가).,Organisation for Economic Co-operation and Development — Creditor Reporting System (CRS),https://data-explorer.oecd.org/vis?df[ds]=dsDisseminateFinalDMZ&df[id]=DSD_CRS%40DF_CRS&dq=..VNM._T._T.D.Q._T..&pd=2020%2C2024,OECD Terms and Conditions,D-011_개도국 내 각국별 ODA 규모.xlsx,1.1_observation(측정값),84,
D-011,개도국 내 각국별 ODA 규모,observation,v124-d-011-obs-00082,D-011_oda_disbursement_finland,VNM,2021,2021,2021,,,,3546108,USD,,,,,,[개별] Finland → 베트남 ODA 총지출액(2024년 불변가).,Organisation for Economic Co-operation and Development — Creditor Reporting System (CRS),https://data-explorer.oecd.org/vis?df[ds]=dsDisseminateFinalDMZ&df[id]=DSD_CRS%40DF_CRS&dq=..VNM._T._T.D.Q._T..&pd=2020%2C2024,OECD Terms and Conditions,D-011_개도국 내 각국별 ODA 규모.xlsx,1.1_observation(측정값),85,
D-011,개도국 내 각국별 ODA 규모,observation,v124-d-011-obs-00083,D-011_oda_disbursement_finland,VNM,2022,2022,2022,,,,3179577,USD,,,,,,[개별] Finland → 베트남 ODA 총지출액(2024년 불변가).,Organisation for Economic Co-operation and Development — Creditor Reporting System (CRS),https://data-explorer.oecd.org/vis?df[ds]=dsDisseminateFinalDMZ&df[id]=DSD_CRS%40DF_CRS&dq=..VNM._T._T.D.Q._T..&pd=2020%2C2024,OECD Terms and Conditions,D-011_개도국 내 각국별 ODA 규모.xlsx,1.1_observation(측정값),86,
D-011,개도국 내 각국별 ODA 규모,observation,v124-d-011-obs-00084,D-011_oda_disbursement_finland,VNM,2023,2023,2023,,,,4556141,USD,,,,,,[개별] Finland → 베트남 ODA 총지출액(2024년 불변가).,Organisation for Economic Co-operation and Development — Creditor Reporting System (CRS),https://data-explorer.oecd.org/vis?df[ds]=dsDisseminateFinalDMZ&df[id]=DSD_CRS%40DF_CRS&dq=..VNM._T._T.D.Q._T..&pd=2020%2C2024,OECD Terms and Conditions,D-011_개도국 내 각국별 ODA 규모.xlsx,1.1_observation(측정값),87,
D-011,개도국 내 각국별 ODA 규모,observation,v124-d-011-obs-00085,D-011_oda_disbursement_finland,VNM,2024,2024,2024,,,,3894320,USD,,,,,,[개별] Finland → 베트남 ODA 총지출액(2024년 불변가).,Organisation for Economic Co-operation and Development — Creditor Reporting System (CRS),https://data-explorer.oecd.org/vis?df[ds]=dsDisseminateFinalDMZ&df[id]=DSD_CRS%40DF_CRS&dq=..VNM._T._T.D.Q._T..&pd=2020%2C2024,OECD Terms and Conditions,D-011_개도국 내 각국별 ODA 규모.xlsx,1.1_observation(측정값),88,
D-011,개도국 내 각국별 ODA 규모,observation,v124-d-011-obs-00086,D-011_oda_disbursement_france,VNM,2020,2020,2020,,,,154934368,USD,,,,,,[개별] France → 베트남 ODA 총지출액(2024년 불변가).,Organisation for Economic Co-operation and Development — Creditor Reporting System (CRS),https://data-explorer.oecd.org/vis?df[ds]=dsDisseminateFinalDMZ&df[id]=DSD_CRS%40DF_CRS&dq=..VNM._T._T.D.Q._T..&pd=2020%2C2024,OECD Terms and Conditions,D-011_개도국 내 각국별 ODA 규모.xlsx,1.1_observation(측정값),89,
D-011,개도국 내 각국별 ODA 규모,observation,v124-d-011-obs-00087,D-011_oda_disbursement_france,VNM,2021,2021,2021,,,,236952391,USD,,,,,,[개별] France → 베트남 ODA 총지출액(2024년 불변가).,Organisation for Economic Co-operation and Development — Creditor Reporting System (CRS),https://data-explorer.oecd.org/vis?df[ds]=dsDisseminateFinalDMZ&df[id]=DSD_CRS%40DF_CRS&dq=..VNM._T._T.D.Q._T..&pd=2020%2C2024,OECD Terms and Conditions,D-011_개도국 내 각국별 ODA 규모.xlsx,1.1_observation(측정값),90,
D-011,개도국 내 각국별 ODA 규모,observation,v124-d-011-obs-00088,D-011_oda_disbursement_france,VNM,2022,2022,2022,,,,180803000,USD,,,,,,[개별] France → 베트남 ODA 총지출액(2024년 불변가).,Organisation for Economic Co-operation and Development — Creditor Reporting System (CRS),https://data-explorer.oecd.org/vis?df[ds]=dsDisseminateFinalDMZ&df[id]=DSD_CRS%40DF_CRS&dq=..VNM._T._T.D.Q._T..&pd=2020%2C2024,OECD Terms and Conditions,D-011_개도국 내 각국별 ODA 규모.xlsx,1.1_observation(측정값),91,
D-011,개도국 내 각국별 ODA 규모,observation,v124-d-011-obs-00089,D-011_oda_disbursement_france,VNM,2023,2023,2023,,,,101164499,USD,,,,,,[개별] France → 베트남 ODA 총지출액(2024년 불변가).,Organisation for Economic Co-operation and Development — Creditor Reporting System (CRS),https://data-explorer.oecd.org/vis?df[ds]=dsDisseminateFinalDMZ&df[id]=DSD_CRS%40DF_CRS&dq=..VNM._T._T.D.Q._T..&pd=2020%2C2024,OECD Terms and Conditions,D-011_개도국 내 각국별 ODA 규모.xlsx,1.1_observation(측정값),92,
D-011,개도국 내 각국별 ODA 규모,observation,v124-d-011-obs-00090,D-011_oda_disbursement_france,VNM,2024,2024,2024,,,,222626100,USD,,,,,,[개별] France → 베트남 ODA 총지출액(2024년 불변가).,Organisation for Economic Co-operation and Development — Creditor Reporting System (CRS),https://data-explorer.oecd.org/vis?df[ds]=dsDisseminateFinalDMZ&df[id]=DSD_CRS%40DF_CRS&dq=..VNM._T._T.D.Q._T..&pd=2020%2C2024,OECD Terms and Conditions,D-011_개도국 내 각국별 ODA 규모.xlsx,1.1_observation(측정값),93,
D-011,개도국 내 각국별 ODA 규모,observation,v124-d-011-obs-00091,D-011_oda_disbursement_gavi,VNM,2020,2020,2020,,,,17677628,USD,,,,,,[개별(하위기구)] Global Alliance for Vaccines and Immunization [GAVI] → 베트남 ODA 총지출액(2024년 불변가).,Organisation for Economic Co-operation and Development — Creditor Reporting System (CRS),https://data-explorer.oecd.org/vis?df[ds]=dsDisseminateFinalDMZ&df[id]=DSD_CRS%40DF_CRS&dq=..VNM._T._T.D.Q._T..&pd=2020%2C2024,OECD Terms and Conditions,D-011_개도국 내 각국별 ODA 규모.xlsx,1.1_observation(측정값),94,
D-011,개도국 내 각국별 ODA 규모,observation,v124-d-011-obs-00092,D-011_oda_disbursement_gavi,VNM,2021,2021,2021,,,,7510941,USD,,,,,,[개별(하위기구)] Global Alliance for Vaccines and Immunization [GAVI] → 베트남 ODA 총지출액(2024년 불변가).,Organisation for Economic Co-operation and Development — Creditor Reporting System (CRS),https://data-explorer.oecd.org/vis?df[ds]=dsDisseminateFinalDMZ&df[id]=DSD_CRS%40DF_CRS&dq=..VNM._T._T.D.Q._T..&pd=2020%2C2024,OECD Terms and Conditions,D-011_개도국 내 각국별 ODA 규모.xlsx,1.1_observation(측정값),95,
D-011,개도국 내 각국별 ODA 규모,observation,v124-d-011-obs-00093,D-011_oda_disbursement_gavi,VNM,2022,2022,2022,,,,5670078,USD,,,,,,[개별(하위기구)] Global Alliance for Vaccines and Immunization [GAVI] → 베트남 ODA 총지출액(2024년 불변가).,Organisation for Economic Co-operation and Development — Creditor Reporting System (CRS),https://data-explorer.oecd.org/vis?df[ds]=dsDisseminateFinalDMZ&df[id]=DSD_CRS%40DF_CRS&dq=..VNM._T._T.D.Q._T..&pd=2020%2C2024,OECD Terms and Conditions,D-011_개도국 내 각국별 ODA 규모.xlsx,1.1_observation(측정값),96,
D-011,개도국 내 각국별 ODA 규모,observation,v124-d-011-obs-00094,D-011_oda_disbursement_gavi,VNM,2023,2023,2023,,,,,USD,,,,,M01,[M01·원자료 결측] [개별(하위기구)] Global Alliance for Vaccines and Immunization [GAVI] → 베트남 ODA 총지출액(2024년 불변가). 해당 연도 값이 원천에 게재되지 않음.,Organisation for Economic Co-operation and Development — Creditor Reporting System (CRS),https://data-explorer.oecd.org/vis?df[ds]=dsDisseminateFinalDMZ&df[id]=DSD_CRS%40DF_CRS&dq=..VNM._T._T.D.Q._T..&pd=2020%2C2024,OECD Terms and Conditions,D-011_개도국 내 각국별 ODA 규모.xlsx,1.1_observation(측정값),97,
D-011,개도국 내 각국별 ODA 규모,observation,v124-d-011-obs-00095,D-011_oda_disbursement_gavi,VNM,2024,2024,2024,,,,4309250,USD,,,,,,[개별(하위기구)] Global Alliance for Vaccines and Immunization [GAVI] → 베트남 ODA 총지출액(2024년 불변가).,Organisation for Economic Co-operation and Development — Creditor Reporting System (CRS),https://data-explorer.oecd.org/vis?df[ds]=dsDisseminateFinalDMZ&df[id]=DSD_CRS%40DF_CRS&dq=..VNM._T._T.D.Q._T..&pd=2020%2C2024,OECD Terms and Conditions,D-011_개도국 내 각국별 ODA 규모.xlsx,1.1_observation(측정값),98,
D-011,개도국 내 각국별 ODA 규모,observation,v124-d-011-obs-00096,D-011_oda_disbursement_gcf,VNM,2020,2020,2020,,,,9378098,USD,,,,,,[개별(하위기구)] Green Climate Fund [GCF] → 베트남 ODA 총지출액(2024년 불변가).,Organisation for Economic Co-operation and Development — Creditor Reporting System (CRS),https://data-explorer.oecd.org/vis?df[ds]=dsDisseminateFinalDMZ&df[id]=DSD_CRS%40DF_CRS&dq=..VNM._T._T.D.Q._T..&pd=2020%2C2024,OECD Terms and Conditions,D-011_개도국 내 각국별 ODA 규모.xlsx,1.1_observation(측정값),99,
D-011,개도국 내 각국별 ODA 규모,observation,v124-d-011-obs-00097,D-011_oda_disbursement_gcf,VNM,2021,2021,2021,,,,18948978,USD,,,,,,[개별(하위기구)] Green Climate Fund [GCF] → 베트남 ODA 총지출액(2024년 불변가).,Organisation for Economic Co-operation and Development — Creditor Reporting System (CRS),https://data-explorer.oecd.org/vis?df[ds]=dsDisseminateFinalDMZ&df[id]=DSD_CRS%40DF_CRS&dq=..VNM._T._T.D.Q._T..&pd=2020%2C2024,OECD Terms and Conditions,D-011_개도국 내 각국별 ODA 규모.xlsx,1.1_observation(측정값),100,
D-011,개도국 내 각국별 ODA 규모,observation,v124-d-011-obs-00098,D-011_oda_disbursement_gcf,VNM,2022,2022,2022,,,,3654843,USD,,,,,,[개별(하위기구)] Green Climate Fund [GCF] → 베트남 ODA 총지출액(2024년 불변가).,Organisation for Economic Co-operation and Development — Creditor Reporting System (CRS),https://data-explorer.oecd.org/vis?df[ds]=dsDisseminateFinalDMZ&df[id]=DSD_CRS%40DF_CRS&dq=..VNM._T._T.D.Q._T..&pd=2020%2C2024,OECD Terms and Conditions,D-011_개도국 내 각국별 ODA 규모.xlsx,1.1_observation(측정값),101,
D-011,개도국 내 각국별 ODA 규모,observation,v124-d-011-obs-00099,D-011_oda_disbursement_gcf,VNM,2023,2023,2023,,,,3481165,USD,,,,,,[개별(하위기구)] Green Climate Fund [GCF] → 베트남 ODA 총지출액(2024년 불변가).,Organisation for Economic Co-operation and Development — Creditor Reporting System (CRS),https://data-explorer.oecd.org/vis?df[ds]=dsDisseminateFinalDMZ&df[id]=DSD_CRS%40DF_CRS&dq=..VNM._T._T.D.Q._T..&pd=2020%2C2024,OECD Terms and Conditions,D-011_개도국 내 각국별 ODA 규모.xlsx,1.1_observation(측정값),102,
D-011,개도국 내 각국별 ODA 규모,observation,v124-d-011-obs-00100,D-011_oda_disbursement_gcf,VNM,2024,2024,2024,,,,,USD,,,,,M01,[M01·원자료 결측] [개별(하위기구)] Green Climate Fund [GCF] → 베트남 ODA 총지출액(2024년 불변가). 해당 연도 값이 원천에 게재되지 않음.,Organisation for Economic Co-operation and Development — Creditor Reporting System (CRS),https://data-explorer.oecd.org/vis?df[ds]=dsDisseminateFinalDMZ&df[id]=DSD_CRS%40DF_CRS&dq=..VNM._T._T.D.Q._T..&pd=2020%2C2024,OECD Terms and Conditions,D-011_개도국 내 각국별 ODA 규모.xlsx,1.1_observation(측정값),103,
D-011,개도국 내 각국별 ODA 규모,observation,v124-d-011-obs-00101,D-011_oda_disbursement_gef,VNM,2020,2020,2020,,,,5164996,USD,,,,,,[개별(하위기구)] Global Environment Facility [GEF] → 베트남 ODA 총지출액(2024년 불변가).,Organisation for Economic Co-operation and Development — Creditor Reporting System (CRS),https://data-explorer.oecd.org/vis?df[ds]=dsDisseminateFinalDMZ&df[id]=DSD_CRS%40DF_CRS&dq=..VNM._T._T.D.Q._T..&pd=2020%2C2024,OECD Terms and Conditions,D-011_개도국 내 각국별 ODA 규모.xlsx,1.1_observation(측정값),104,
D-011,개도국 내 각국별 ODA 규모,observation,v124-d-011-obs-00102,D-011_oda_disbursement_gef,VNM,2021,2021,2021,,,,2554493,USD,,,,,,[개별(하위기구)] Global Environment Facility [GEF] → 베트남 ODA 총지출액(2024년 불변가).,Organisation for Economic Co-operation and Development — Creditor Reporting System (CRS),https://data-explorer.oecd.org/vis?df[ds]=dsDisseminateFinalDMZ&df[id]=DSD_CRS%40DF_CRS&dq=..VNM._T._T.D.Q._T..&pd=2020%2C2024,OECD Terms and Conditions,D-011_개도국 내 각국별 ODA 규모.xlsx,1.1_observation(측정값),105,
D-011,개도국 내 각국별 ODA 규모,observation,v124-d-011-obs-00103,D-011_oda_disbursement_gef,VNM,2022,2022,2022,,,,2548707,USD,,,,,,[개별(하위기구)] Global Environment Facility [GEF] → 베트남 ODA 총지출액(2024년 불변가).,Organisation for Economic Co-operation and Development — Creditor Reporting System (CRS),https://data-explorer.oecd.org/vis?df[ds]=dsDisseminateFinalDMZ&df[id]=DSD_CRS%40DF_CRS&dq=..VNM._T._T.D.Q._T..&pd=2020%2C2024,OECD Terms and Conditions,D-011_개도국 내 각국별 ODA 규모.xlsx,1.1_observation(측정값),106,
D-011,개도국 내 각국별 ODA 규모,observation,v124-d-011-obs-00104,D-011_oda_disbursement_gef,VNM,2023,2023,2023,,,,452121,USD,,,,,,[개별(하위기구)] Global Environment Facility [GEF] → 베트남 ODA 총지출액(2024년 불변가).,Organisation for Economic Co-operation and Development — Creditor Reporting System (CRS),https://data-explorer.oecd.org/vis?df[ds]=dsDisseminateFinalDMZ&df[id]=DSD_CRS%40DF_CRS&dq=..VNM._T._T.D.Q._T..&pd=2020%2C2024,OECD Terms and Conditions,D-011_개도국 내 각국별 ODA 규모.xlsx,1.1_observation(측정값),107,
D-011,개도국 내 각국별 ODA 규모,observation,v124-d-011-obs-00105,D-011_oda_disbursement_gef,VNM,2024,2024,2024,,,,4694456,USD,,,,,,[개별(하위기구)] Global Environment Facility [GEF] → 베트남 ODA 총지출액(2024년 불변가).,Organisation for Economic Co-operation and Development — Creditor Reporting System (CRS),https://data-explorer.oecd.org/vis?df[ds]=dsDisseminateFinalDMZ&df[id]=DSD_CRS%40DF_CRS&dq=..VNM._T._T.D.Q._T..&pd=2020%2C2024,OECD Terms and Conditions,D-011_개도국 내 각국별 ODA 규모.xlsx,1.1_observation(측정값),108,
D-011,개도국 내 각국별 ODA 규모,observation,v124-d-011-obs-00106,D-011_oda_disbursement_germany,VNM,2020,2020,2020,,,,240669546,USD,,,,,,[개별] Germany → 베트남 ODA 총지출액(2024년 불변가).,Organisation for Economic Co-operation and Development — Creditor Reporting System (CRS),https://data-explorer.oecd.org/vis?df[ds]=dsDisseminateFinalDMZ&df[id]=DSD_CRS%40DF_CRS&dq=..VNM._T._T.D.Q._T..&pd=2020%2C2024,OECD Terms and Conditions,D-011_개도국 내 각국별 ODA 규모.xlsx,1.1_observation(측정값),109,
D-011,개도국 내 각국별 ODA 규모,observation,v124-d-011-obs-00107,D-011_oda_disbursement_germany,VNM,2021,2021,2021,,,,238798110,USD,,,,,,[개별] Germany → 베트남 ODA 총지출액(2024년 불변가).,Organisation for Economic Co-operation and Development — Creditor Reporting System (CRS),https://data-explorer.oecd.org/vis?df[ds]=dsDisseminateFinalDMZ&df[id]=DSD_CRS%40DF_CRS&dq=..VNM._T._T.D.Q._T..&pd=2020%2C2024,OECD Terms and Conditions,D-011_개도국 내 각국별 ODA 규모.xlsx,1.1_observation(측정값),110,
D-011,개도국 내 각국별 ODA 규모,observation,v124-d-011-obs-00108,D-011_oda_disbursement_germany,VNM,2022,2022,2022,,,,241103932,USD,,,,,,[개별] Germany → 베트남 ODA 총지출액(2024년 불변가).,Organisation for Economic Co-operation and Development — Creditor Reporting System (CRS),https://data-explorer.oecd.org/vis?df[ds]=dsDisseminateFinalDMZ&df[id]=DSD_CRS%40DF_CRS&dq=..VNM._T._T.D.Q._T..&pd=2020%2C2024,OECD Terms and Conditions,D-011_개도국 내 각국별 ODA 규모.xlsx,1.1_observation(측정값),111,
D-011,개도국 내 각국별 ODA 규모,observation,v124-d-011-obs-00109,D-011_oda_disbursement_germany,VNM,2023,2023,2023,,,,148206460,USD,,,,,,[개별] Germany → 베트남 ODA 총지출액(2024년 불변가).,Organisation for Economic Co-operation and Development — Creditor Reporting System (CRS),https://data-explorer.oecd.org/vis?df[ds]=dsDisseminateFinalDMZ&df[id]=DSD_CRS%40DF_CRS&dq=..VNM._T._T.D.Q._T..&pd=2020%2C2024,OECD Terms and Conditions,D-011_개도국 내 각국별 ODA 규모.xlsx,1.1_observation(측정값),112,
D-011,개도국 내 각국별 ODA 규모,observation,v124-d-011-obs-00110,D-011_oda_disbursement_germany,VNM,2024,2024,2024,,,,117580321,USD,,,,,,[개별] Germany → 베트남 ODA 총지출액(2024년 불변가).,Organisation for Economic Co-operation and Development — Creditor Reporting System (CRS),https://data-explorer.oecd.org/vis?df[ds]=dsDisseminateFinalDMZ&df[id]=DSD_CRS%40DF_CRS&dq=..VNM._T._T.D.Q._T..&pd=2020%2C2024,OECD Terms and Conditions,D-011_개도국 내 각국별 ODA 규모.xlsx,1.1_observation(측정값),113,
D-011,개도국 내 각국별 ODA 규모,observation,v124-d-011-obs-00111,D-011_oda_disbursement_gggi,VNM,2020,2020,2020,,,,158863,USD,,,,,,[개별(하위기구)] Global Green Growth Institute [GGGI] → 베트남 ODA 총지출액(2024년 불변가).,Organisation for Economic Co-operation and Development — Creditor Reporting System (CRS),https://data-explorer.oecd.org/vis?df[ds]=dsDisseminateFinalDMZ&df[id]=DSD_CRS%40DF_CRS&dq=..VNM._T._T.D.Q._T..&pd=2020%2C2024,OECD Terms and Conditions,D-011_개도국 내 각국별 ODA 규모.xlsx,1.1_observation(측정값),114,
D-011,개도국 내 각국별 ODA 규모,observation,v124-d-011-obs-00112,D-011_oda_disbursement_gggi,VNM,2021,2021,2021,,,,182263,USD,,,,,,[개별(하위기구)] Global Green Growth Institute [GGGI] → 베트남 ODA 총지출액(2024년 불변가).,Organisation for Economic Co-operation and Development — Creditor Reporting System (CRS),https://data-explorer.oecd.org/vis?df[ds]=dsDisseminateFinalDMZ&df[id]=DSD_CRS%40DF_CRS&dq=..VNM._T._T.D.Q._T..&pd=2020%2C2024,OECD Terms and Conditions,D-011_개도국 내 각국별 ODA 규모.xlsx,1.1_observation(측정값),115,
D-011,개도국 내 각국별 ODA 규모,observation,v124-d-011-obs-00113,D-011_oda_disbursement_gggi,VNM,2022,2022,2022,,,,192417,USD,,,,,,[개별(하위기구)] Global Green Growth Institute [GGGI] → 베트남 ODA 총지출액(2024년 불변가).,Organisation for Economic Co-operation and Development — Creditor Reporting System (CRS),https://data-explorer.oecd.org/vis?df[ds]=dsDisseminateFinalDMZ&df[id]=DSD_CRS%40DF_CRS&dq=..VNM._T._T.D.Q._T..&pd=2020%2C2024,OECD Terms and Conditions,D-011_개도국 내 각국별 ODA 규모.xlsx,1.1_observation(측정값),116,
D-011,개도국 내 각국별 ODA 규모,observation,v124-d-011-obs-00114,D-011_oda_disbursement_gggi,VNM,2023,2023,2023,,,,108216,USD,,,,,,[개별(하위기구)] Global Green Growth Institute [GGGI] → 베트남 ODA 총지출액(2024년 불변가).,Organisation for Economic Co-operation and Development — Creditor Reporting System (CRS),https://data-explorer.oecd.org/vis?df[ds]=dsDisseminateFinalDMZ&df[id]=DSD_CRS%40DF_CRS&dq=..VNM._T._T.D.Q._T..&pd=2020%2C2024,OECD Terms and Conditions,D-011_개도국 내 각국별 ODA 규모.xlsx,1.1_observation(측정값),117,
D-011,개도국 내 각국별 ODA 규모,observation,v124-d-011-obs-00115,D-011_oda_disbursement_gggi,VNM,2024,2024,2024,,,,25971,USD,,,,,,[개별(하위기구)] Global Green Growth Institute [GGGI] → 베트남 ODA 총지출액(2024년 불변가).,Organisation for Economic Co-operation and Development — Creditor Reporting System (CRS),https://data-explorer.oecd.org/vis?df[ds]=dsDisseminateFinalDMZ&df[id]=DSD_CRS%40DF_CRS&dq=..VNM._T._T.D.Q._T..&pd=2020%2C2024,OECD Terms and Conditions,D-011_개도국 내 각국별 ODA 규모.xlsx,1.1_observation(측정값),118,
D-011,개도국 내 각국별 ODA 규모,observation,v124-d-011-obs-00116,D-011_oda_disbursement_global_fund,VNM,2020,2020,2020,,,,52826779,USD,,,,,,[개별(하위기구)] Global Fund → 베트남 ODA 총지출액(2024년 불변가).,Organisation for Economic Co-operation and Development — Creditor Reporting System (CRS),https://data-explorer.oecd.org/vis?df[ds]=dsDisseminateFinalDMZ&df[id]=DSD_CRS%40DF_CRS&dq=..VNM._T._T.D.Q._T..&pd=2020%2C2024,OECD Terms and Conditions,D-011_개도국 내 각국별 ODA 규모.xlsx,1.1_observation(측정값),119,
D-011,개도국 내 각국별 ODA 규모,observation,v124-d-011-obs-00117,D-011_oda_disbursement_global_fund,VNM,2021,2021,2021,,,,49980596,USD,,,,,,[개별(하위기구)] Global Fund → 베트남 ODA 총지출액(2024년 불변가).,Organisation for Economic Co-operation and Development — Creditor Reporting System (CRS),https://data-explorer.oecd.org/vis?df[ds]=dsDisseminateFinalDMZ&df[id]=DSD_CRS%40DF_CRS&dq=..VNM._T._T.D.Q._T..&pd=2020%2C2024,OECD Terms and Conditions,D-011_개도국 내 각국별 ODA 규모.xlsx,1.1_observation(측정값),120,
D-011,개도국 내 각국별 ODA 규모,observation,v124-d-011-obs-00118,D-011_oda_disbursement_global_fund,VNM,2022,2022,2022,,,,58423367,USD,,,,,,[개별(하위기구)] Global Fund → 베트남 ODA 총지출액(2024년 불변가).,Organisation for Economic Co-operation and Development — Creditor Reporting System (CRS),https://data-explorer.oecd.org/vis?df[ds]=dsDisseminateFinalDMZ&df[id]=DSD_CRS%40DF_CRS&dq=..VNM._T._T.D.Q._T..&pd=2020%2C2024,OECD Terms and Conditions,D-011_개도국 내 각국별 ODA 규모.xlsx,1.1_observation(측정값),121,
D-011,개도국 내 각국별 ODA 규모,observation,v124-d-011-obs-00119,D-011_oda_disbursement_global_fund,VNM,2023,2023,2023,,,,48764899,USD,,,,,,[개별(하위기구)] Global Fund → 베트남 ODA 총지출액(2024년 불변가).,Organisation for Economic Co-operation and Development — Creditor Reporting System (CRS),https://data-explorer.oecd.org/vis?df[ds]=dsDisseminateFinalDMZ&df[id]=DSD_CRS%40DF_CRS&dq=..VNM._T._T.D.Q._T..&pd=2020%2C2024,OECD Terms and Conditions,D-011_개도국 내 각국별 ODA 규모.xlsx,1.1_observation(측정값),122,
D-011,개도국 내 각국별 ODA 규모,observation,v124-d-011-obs-00120,D-011_oda_disbursement_global_fund,VNM,2024,2024,2024,,,,32097184,USD,,,,,,[개별(하위기구)] Global Fund → 베트남 ODA 총지출액(2024년 불변가).,Organisation for Economic Co-operation and Development — Creditor Reporting System (CRS),https://data-explorer.oecd.org/vis?df[ds]=dsDisseminateFinalDMZ&df[id]=DSD_CRS%40DF_CRS&dq=..VNM._T._T.D.Q._T..&pd=2020%2C2024,OECD Terms and Conditions,D-011_개도국 내 각국별 ODA 규모.xlsx,1.1_observation(측정값),123,
D-011,개도국 내 각국별 ODA 규모,observation,v124-d-011-obs-00121,D-011_oda_disbursement_greece,VNM,2020,2020,2020,,,,,USD,,,,,M01,[M01·원자료 결측] [개별] Greece → 베트남 ODA 총지출액(2024년 불변가). 해당 연도 값이 원천에 게재되지 않음.,Organisation for Economic Co-operation and Development — Creditor Reporting System (CRS),https://data-explorer.oecd.org/vis?df[ds]=dsDisseminateFinalDMZ&df[id]=DSD_CRS%40DF_CRS&dq=..VNM._T._T.D.Q._T..&pd=2020%2C2024,OECD Terms and Conditions,D-011_개도국 내 각국별 ODA 규모.xlsx,1.1_observation(측정값),124,
D-011,개도국 내 각국별 ODA 규모,observation,v124-d-011-obs-00122,D-011_oda_disbursement_greece,VNM,2021,2021,2021,,,,1795585,USD,,,,,,[개별] Greece → 베트남 ODA 총지출액(2024년 불변가).,Organisation for Economic Co-operation and Development — Creditor Reporting System (CRS),https://data-explorer.oecd.org/vis?df[ds]=dsDisseminateFinalDMZ&df[id]=DSD_CRS%40DF_CRS&dq=..VNM._T._T.D.Q._T..&pd=2020%2C2024,OECD Terms and Conditions,D-011_개도국 내 각국별 ODA 규모.xlsx,1.1_observation(측정값),125,
D-011,개도국 내 각국별 ODA 규모,observation,v124-d-011-obs-00123,D-011_oda_disbursement_greece,VNM,2022,2022,2022,,,,59312,USD,,,,,,[개별] Greece → 베트남 ODA 총지출액(2024년 불변가).,Organisation for Economic Co-operation and Development — Creditor Reporting System (CRS),https://data-explorer.oecd.org/vis?df[ds]=dsDisseminateFinalDMZ&df[id]=DSD_CRS%40DF_CRS&dq=..VNM._T._T.D.Q._T..&pd=2020%2C2024,OECD Terms and Conditions,D-011_개도국 내 각국별 ODA 규모.xlsx,1.1_observation(측정값),126,
D-011,개도국 내 각국별 ODA 규모,observation,v124-d-011-obs-00124,D-011_oda_disbursement_greece,VNM,2023,2023,2023,,,,,USD,,,,,M01,[M01·원자료 결측] [개별] Greece → 베트남 ODA 총지출액(2024년 불변가). 해당 연도 값이 원천에 게재되지 않음.,Organisation for Economic Co-operation and Development — Creditor Reporting System (CRS),https://data-explorer.oecd.org/vis?df[ds]=dsDisseminateFinalDMZ&df[id]=DSD_CRS%40DF_CRS&dq=..VNM._T._T.D.Q._T..&pd=2020%2C2024,OECD Terms and Conditions,D-011_개도국 내 각국별 ODA 규모.xlsx,1.1_observation(측정값),127,
D-011,개도국 내 각국별 ODA 규모,observation,v124-d-011-obs-00125,D-011_oda_disbursement_greece,VNM,2024,2024,2024,,,,,USD,,,,,M01,[M01·원자료 결측] [개별] Greece → 베트남 ODA 총지출액(2024년 불변가). 해당 연도 값이 원천에 게재되지 않음.,Organisation for Economic Co-operation and Development — Creditor Reporting System (CRS),https://data-explorer.oecd.org/vis?df[ds]=dsDisseminateFinalDMZ&df[id]=DSD_CRS%40DF_CRS&dq=..VNM._T._T.D.Q._T..&pd=2020%2C2024,OECD Terms and Conditions,D-011_개도국 내 각국별 ODA 규모.xlsx,1.1_observation(측정값),128,
D-011,개도국 내 각국별 ODA 규모,observation,v124-d-011-obs-00126,D-011_oda_disbursement_hungary,VNM,2020,2020,2020,,,,7514351,USD,,,,,,[개별] Hungary → 베트남 ODA 총지출액(2024년 불변가).,Organisation for Economic Co-operation and Development — Creditor Reporting System (CRS),https://data-explorer.oecd.org/vis?df[ds]=dsDisseminateFinalDMZ&df[id]=DSD_CRS%40DF_CRS&dq=..VNM._T._T.D.Q._T..&pd=2020%2C2024,OECD Terms and Conditions,D-011_개도국 내 각국별 ODA 규모.xlsx,1.1_observation(측정값),129,
D-011,개도국 내 각국별 ODA 규모,observation,v124-d-011-obs-00127,D-011_oda_disbursement_hungary,VNM,2021,2021,2021,,,,14357758,USD,,,,,,[개별] Hungary → 베트남 ODA 총지출액(2024년 불변가).,Organisation for Economic Co-operation and Development — Creditor Reporting System (CRS),https://data-explorer.oecd.org/vis?df[ds]=dsDisseminateFinalDMZ&df[id]=DSD_CRS%40DF_CRS&dq=..VNM._T._T.D.Q._T..&pd=2020%2C2024,OECD Terms and Conditions,D-011_개도국 내 각국별 ODA 규모.xlsx,1.1_observation(측정값),130,
D-011,개도국 내 각국별 ODA 규모,observation,v124-d-011-obs-00128,D-011_oda_disbursement_hungary,VNM,2022,2022,2022,,,,8740955,USD,,,,,,[개별] Hungary → 베트남 ODA 총지출액(2024년 불변가).,Organisation for Economic Co-operation and Development — Creditor Reporting System (CRS),https://data-explorer.oecd.org/vis?df[ds]=dsDisseminateFinalDMZ&df[id]=DSD_CRS%40DF_CRS&dq=..VNM._T._T.D.Q._T..&pd=2020%2C2024,OECD Terms and Conditions,D-011_개도국 내 각국별 ODA 규모.xlsx,1.1_observation(측정값),131,
D-011,개도국 내 각국별 ODA 규모,observation,v124-d-011-obs-00129,D-011_oda_disbursement_hungary,VNM,2023,2023,2023,,,,5230185,USD,,,,,,[개별] Hungary → 베트남 ODA 총지출액(2024년 불변가).,Organisation for Economic Co-operation and Development — Creditor Reporting System (CRS),https://data-explorer.oecd.org/vis?df[ds]=dsDisseminateFinalDMZ&df[id]=DSD_CRS%40DF_CRS&dq=..VNM._T._T.D.Q._T..&pd=2020%2C2024,OECD Terms and Conditions,D-011_개도국 내 각국별 ODA 규모.xlsx,1.1_observation(측정값),132,
D-011,개도국 내 각국별 ODA 규모,observation,v124-d-011-obs-00130,D-011_oda_disbursement_hungary,VNM,2024,2024,2024,,,,4209536,USD,,,,,,[개별] Hungary → 베트남 ODA 총지출액(2024년 불변가).,Organisation for Economic Co-operation and Development — Creditor Reporting System (CRS),https://data-explorer.oecd.org/vis?df[ds]=dsDisseminateFinalDMZ&df[id]=DSD_CRS%40DF_CRS&dq=..VNM._T._T.D.Q._T..&pd=2020%2C2024,OECD Terms and Conditions,D-011_개도국 내 각국별 ODA 규모.xlsx,1.1_observation(측정값),133,
D-011,개도국 내 각국별 ODA 규모,observation,v124-d-011-obs-00131,D-011_oda_disbursement_iaea,VNM,2020,2020,2020,,,,451588,USD,,,,,,[개별(하위기구)] International Atomic Energy Agency [IAEA] → 베트남 ODA 총지출액(2024년 불변가).,Organisation for Economic Co-operation and Development — Creditor Reporting System (CRS),https://data-explorer.oecd.org/vis?df[ds]=dsDisseminateFinalDMZ&df[id]=DSD_CRS%40DF_CRS&dq=..VNM._T._T.D.Q._T..&pd=2020%2C2024,OECD Terms and Conditions,D-011_개도국 내 각국별 ODA 규모.xlsx,1.1_observation(측정값),134,
D-011,개도국 내 각국별 ODA 규모,observation,v124-d-011-obs-00132,D-011_oda_disbursement_iaea,VNM,2021,2021,2021,,,,468973,USD,,,,,,[개별(하위기구)] International Atomic Energy Agency [IAEA] → 베트남 ODA 총지출액(2024년 불변가).,Organisation for Economic Co-operation and Development — Creditor Reporting System (CRS),https://data-explorer.oecd.org/vis?df[ds]=dsDisseminateFinalDMZ&df[id]=DSD_CRS%40DF_CRS&dq=..VNM._T._T.D.Q._T..&pd=2020%2C2024,OECD Terms and Conditions,D-011_개도국 내 각국별 ODA 규모.xlsx,1.1_observation(측정값),135,
D-011,개도국 내 각국별 ODA 규모,observation,v124-d-011-obs-00133,D-011_oda_disbursement_iaea,VNM,2022,2022,2022,,,,250205,USD,,,,,,[개별(하위기구)] International Atomic Energy Agency [IAEA] → 베트남 ODA 총지출액(2024년 불변가).,Organisation for Economic Co-operation and Development — Creditor Reporting System (CRS),https://data-explorer.oecd.org/vis?df[ds]=dsDisseminateFinalDMZ&df[id]=DSD_CRS%40DF_CRS&dq=..VNM._T._T.D.Q._T..&pd=2020%2C2024,OECD Terms and Conditions,D-011_개도국 내 각국별 ODA 규모.xlsx,1.1_observation(측정값),136,
D-011,개도국 내 각국별 ODA 규모,observation,v124-d-011-obs-00134,D-011_oda_disbursement_iaea,VNM,2023,2023,2023,,,,704226,USD,,,,,,[개별(하위기구)] International Atomic Energy Agency [IAEA] → 베트남 ODA 총지출액(2024년 불변가).,Organisation for Economic Co-operation and Development — Creditor Reporting System (CRS),https://data-explorer.oecd.org/vis?df[ds]=dsDisseminateFinalDMZ&df[id]=DSD_CRS%40DF_CRS&dq=..VNM._T._T.D.Q._T..&pd=2020%2C2024,OECD Terms and Conditions,D-011_개도국 내 각국별 ODA 규모.xlsx,1.1_observation(측정값),137,
D-011,개도국 내 각국별 ODA 규모,observation,v124-d-011-obs-00135,D-011_oda_disbursement_iaea,VNM,2024,2024,2024,,,,510328,USD,,,,,,[개별(하위기구)] International Atomic Energy Agency [IAEA] → 베트남 ODA 총지출액(2024년 불변가).,Organisation for Economic Co-operation and Development — Creditor Reporting System (CRS),https://data-explorer.oecd.org/vis?df[ds]=dsDisseminateFinalDMZ&df[id]=DSD_CRS%40DF_CRS&dq=..VNM._T._T.D.Q._T..&pd=2020%2C2024,OECD Terms and Conditions,D-011_개도국 내 각국별 ODA 규모.xlsx,1.1_observation(측정값),138,
D-011,개도국 내 각국별 ODA 규모,observation,v124-d-011-obs-00136,D-011_oda_disbursement_iceland,VNM,2020,2020,2020,,,,8706,USD,,,,,,[개별] Iceland → 베트남 ODA 총지출액(2024년 불변가).,Organisation for Economic Co-operation and Development — Creditor Reporting System (CRS),https://data-explorer.oecd.org/vis?df[ds]=dsDisseminateFinalDMZ&df[id]=DSD_CRS%40DF_CRS&dq=..VNM._T._T.D.Q._T..&pd=2020%2C2024,OECD Terms and Conditions,D-011_개도국 내 각국별 ODA 규모.xlsx,1.1_observation(측정값),139,
D-011,개도국 내 각국별 ODA 규모,observation,v124-d-011-obs-00137,D-011_oda_disbursement_iceland,VNM,2021,2021,2021,,,,14717,USD,,,,,,[개별] Iceland → 베트남 ODA 총지출액(2024년 불변가).,Organisation for Economic Co-operation and Development — Creditor Reporting System (CRS),https://data-explorer.oecd.org/vis?df[ds]=dsDisseminateFinalDMZ&df[id]=DSD_CRS%40DF_CRS&dq=..VNM._T._T.D.Q._T..&pd=2020%2C2024,OECD Terms and Conditions,D-011_개도국 내 각국별 ODA 규모.xlsx,1.1_observation(측정값),140,
D-011,개도국 내 각국별 ODA 규모,observation,v124-d-011-obs-00138,D-011_oda_disbursement_iceland,VNM,2022,2022,2022,,,,22969,USD,,,,,,[개별] Iceland → 베트남 ODA 총지출액(2024년 불변가).,Organisation for Economic Co-operation and Development — Creditor Reporting System (CRS),https://data-explorer.oecd.org/vis?df[ds]=dsDisseminateFinalDMZ&df[id]=DSD_CRS%40DF_CRS&dq=..VNM._T._T.D.Q._T..&pd=2020%2C2024,OECD Terms and Conditions,D-011_개도국 내 각국별 ODA 규모.xlsx,1.1_observation(측정값),141,
D-011,개도국 내 각국별 ODA 규모,observation,v124-d-011-obs-00139,D-011_oda_disbursement_iceland,VNM,2023,2023,2023,,,,26264,USD,,,,,,[개별] Iceland → 베트남 ODA 총지출액(2024년 불변가).,Organisation for Economic Co-operation and Development — Creditor Reporting System (CRS),https://data-explorer.oecd.org/vis?df[ds]=dsDisseminateFinalDMZ&df[id]=DSD_CRS%40DF_CRS&dq=..VNM._T._T.D.Q._T..&pd=2020%2C2024,OECD Terms and Conditions,D-011_개도국 내 각국별 ODA 규모.xlsx,1.1_observation(측정값),142,
D-011,개도국 내 각국별 ODA 규모,observation,v124-d-011-obs-00140,D-011_oda_disbursement_iceland,VNM,2024,2024,2024,,,,,USD,,,,,M01,[M01·원자료 결측] [개별] Iceland → 베트남 ODA 총지출액(2024년 불변가). 해당 연도 값이 원천에 게재되지 않음.,Organisation for Economic Co-operation and Development — Creditor Reporting System (CRS),https://data-explorer.oecd.org/vis?df[ds]=dsDisseminateFinalDMZ&df[id]=DSD_CRS%40DF_CRS&dq=..VNM._T._T.D.Q._T..&pd=2020%2C2024,OECD Terms and Conditions,D-011_개도국 내 각국별 ODA 규모.xlsx,1.1_observation(측정값),143,
D-011,개도국 내 각국별 ODA 규모,observation,v124-d-011-obs-00141,D-011_oda_disbursement_icgeb,VNM,2020,2020,2020,,,,,USD,,,,,M01,[M01·원자료 결측] [개별(하위기구)] International Centre for Genetic Engineering and Biotechnology [ICGEB] → 베트남 ODA 총지출액(2024년 불변가). 해당 연도 값이 원천에 게재되지 않음.,Organisation for Economic Co-operation and Development — Creditor Reporting System (CRS),https://data-explorer.oecd.org/vis?df[ds]=dsDisseminateFinalDMZ&df[id]=DSD_CRS%40DF_CRS&dq=..VNM._T._T.D.Q._T..&pd=2020%2C2024,OECD Terms and Conditions,D-011_개도국 내 각국별 ODA 규모.xlsx,1.1_observation(측정값),144,
D-011,개도국 내 각국별 ODA 규모,observation,v124-d-011-obs-00142,D-011_oda_disbursement_icgeb,VNM,2021,2021,2021,,,,24694,USD,,,,,,[개별(하위기구)] International Centre for Genetic Engineering and Biotechnology [ICGEB] → 베트남 ODA 총지출액(2024년 불변가).,Organisation for Economic Co-operation and Development — Creditor Reporting System (CRS),https://data-explorer.oecd.org/vis?df[ds]=dsDisseminateFinalDMZ&df[id]=DSD_CRS%40DF_CRS&dq=..VNM._T._T.D.Q._T..&pd=2020%2C2024,OECD Terms and Conditions,D-011_개도국 내 각국별 ODA 규모.xlsx,1.1_observation(측정값),145,
D-011,개도국 내 각국별 ODA 규모,observation,v124-d-011-obs-00143,D-011_oda_disbursement_icgeb,VNM,2022,2022,2022,,,,25017,USD,,,,,,[개별(하위기구)] International Centre for Genetic Engineering and Biotechnology [ICGEB] → 베트남 ODA 총지출액(2024년 불변가).,Organisation for Economic Co-operation and Development — Creditor Reporting System (CRS),https://data-explorer.oecd.org/vis?df[ds]=dsDisseminateFinalDMZ&df[id]=DSD_CRS%40DF_CRS&dq=..VNM._T._T.D.Q._T..&pd=2020%2C2024,OECD Terms and Conditions,D-011_개도국 내 각국별 ODA 규모.xlsx,1.1_observation(측정값),146,
D-011,개도국 내 각국별 ODA 규모,observation,v124-d-011-obs-00144,D-011_oda_disbursement_icgeb,VNM,2023,2023,2023,,,,31765,USD,,,,,,[개별(하위기구)] International Centre for Genetic Engineering and Biotechnology [ICGEB] → 베트남 ODA 총지출액(2024년 불변가).,Organisation for Economic Co-operation and Development — Creditor Reporting System (CRS),https://data-explorer.oecd.org/vis?df[ds]=dsDisseminateFinalDMZ&df[id]=DSD_CRS%40DF_CRS&dq=..VNM._T._T.D.Q._T..&pd=2020%2C2024,OECD Terms and Conditions,D-011_개도국 내 각국별 ODA 규모.xlsx,1.1_observation(측정값),147,
D-011,개도국 내 각국별 ODA 규모,observation,v124-d-011-obs-00145,D-011_oda_disbursement_icgeb,VNM,2024,2024,2024,,,,24952,USD,,,,,,[개별(하위기구)] International Centre for Genetic Engineering and Biotechnology [ICGEB] → 베트남 ODA 총지출액(2024년 불변가).,Organisation for Economic Co-operation and Development — Creditor Reporting System (CRS),https://data-explorer.oecd.org/vis?df[ds]=dsDisseminateFinalDMZ&df[id]=DSD_CRS%40DF_CRS&dq=..VNM._T._T.D.Q._T..&pd=2020%2C2024,OECD Terms and Conditions,D-011_개도국 내 각국별 ODA 규모.xlsx,1.1_observation(측정값),148,
D-011,개도국 내 각국별 ODA 규모,observation,v124-d-011-obs-00146,D-011_oda_disbursement_ifad,VNM,2020,2020,2020,,,,15383067,USD,,,,,,[개별(하위기구)] IFAD → 베트남 ODA 총지출액(2024년 불변가).,Organisation for Economic Co-operation and Development — Creditor Reporting System (CRS),https://data-explorer.oecd.org/vis?df[ds]=dsDisseminateFinalDMZ&df[id]=DSD_CRS%40DF_CRS&dq=..VNM._T._T.D.Q._T..&pd=2020%2C2024,OECD Terms and Conditions,D-011_개도국 내 각국별 ODA 규모.xlsx,1.1_observation(측정값),149,
D-011,개도국 내 각국별 ODA 규모,observation,v124-d-011-obs-00147,D-011_oda_disbursement_ifad,VNM,2021,2021,2021,,,,12347491,USD,,,,,,[개별(하위기구)] IFAD → 베트남 ODA 총지출액(2024년 불변가).,Organisation for Economic Co-operation and Development — Creditor Reporting System (CRS),https://data-explorer.oecd.org/vis?df[ds]=dsDisseminateFinalDMZ&df[id]=DSD_CRS%40DF_CRS&dq=..VNM._T._T.D.Q._T..&pd=2020%2C2024,OECD Terms and Conditions,D-011_개도국 내 각국별 ODA 규모.xlsx,1.1_observation(측정값),150,
D-011,개도국 내 각국별 ODA 규모,observation,v124-d-011-obs-00148,D-011_oda_disbursement_ifad,VNM,2022,2022,2022,,,,6957392,USD,,,,,,[개별(하위기구)] IFAD → 베트남 ODA 총지출액(2024년 불변가).,Organisation for Economic Co-operation and Development — Creditor Reporting System (CRS),https://data-explorer.oecd.org/vis?df[ds]=dsDisseminateFinalDMZ&df[id]=DSD_CRS%40DF_CRS&dq=..VNM._T._T.D.Q._T..&pd=2020%2C2024,OECD Terms and Conditions,D-011_개도국 내 각국별 ODA 규모.xlsx,1.1_observation(측정값),151,
D-011,개도국 내 각국별 ODA 규모,observation,v124-d-011-obs-00149,D-011_oda_disbursement_ifad,VNM,2023,2023,2023,,,,8405786,USD,,,,,,[개별(하위기구)] IFAD → 베트남 ODA 총지출액(2024년 불변가).,Organisation for Economic Co-operation and Development — Creditor Reporting System (CRS),https://data-explorer.oecd.org/vis?df[ds]=dsDisseminateFinalDMZ&df[id]=DSD_CRS%40DF_CRS&dq=..VNM._T._T.D.Q._T..&pd=2020%2C2024,OECD Terms and Conditions,D-011_개도국 내 각국별 ODA 규모.xlsx,1.1_observation(측정값),152,
D-011,개도국 내 각국별 ODA 규모,observation,v124-d-011-obs-00150,D-011_oda_disbursement_ifad,VNM,2024,2024,2024,,,,3057000,USD,,,,,,[개별(하위기구)] IFAD → 베트남 ODA 총지출액(2024년 불변가).,Organisation for Economic Co-operation and Development — Creditor Reporting System (CRS),https://data-explorer.oecd.org/vis?df[ds]=dsDisseminateFinalDMZ&df[id]=DSD_CRS%40DF_CRS&dq=..VNM._T._T.D.Q._T..&pd=2020%2C2024,OECD Terms and Conditions,D-011_개도국 내 각국별 ODA 규모.xlsx,1.1_observation(측정값),153,
D-011,개도국 내 각국별 ODA 규모,observation,v124-d-011-obs-00151,D-011_oda_disbursement_ilo,VNM,2020,2020,2020,,,,2410291,USD,,,,,,[개별(하위기구)] International Labour Organisation [ILO] → 베트남 ODA 총지출액(2024년 불변가).,Organisation for Economic Co-operation and Development — Creditor Reporting System (CRS),https://data-explorer.oecd.org/vis?df[ds]=dsDisseminateFinalDMZ&df[id]=DSD_CRS%40DF_CRS&dq=..VNM._T._T.D.Q._T..&pd=2020%2C2024,OECD Terms and Conditions,D-011_개도국 내 각국별 ODA 규모.xlsx,1.1_observation(측정값),154,
D-011,개도국 내 각국별 ODA 규모,observation,v124-d-011-obs-00152,D-011_oda_disbursement_ilo,VNM,2021,2021,2021,,,,2582786,USD,,,,,,[개별(하위기구)] International Labour Organisation [ILO] → 베트남 ODA 총지출액(2024년 불변가).,Organisation for Economic Co-operation and Development — Creditor Reporting System (CRS),https://data-explorer.oecd.org/vis?df[ds]=dsDisseminateFinalDMZ&df[id]=DSD_CRS%40DF_CRS&dq=..VNM._T._T.D.Q._T..&pd=2020%2C2024,OECD Terms and Conditions,D-011_개도국 내 각국별 ODA 규모.xlsx,1.1_observation(측정값),155,
D-011,개도국 내 각국별 ODA 규모,observation,v124-d-011-obs-00153,D-011_oda_disbursement_ilo,VNM,2022,2022,2022,,,,2832130,USD,,,,,,[개별(하위기구)] International Labour Organisation [ILO] → 베트남 ODA 총지출액(2024년 불변가).,Organisation for Economic Co-operation and Development — Creditor Reporting System (CRS),https://data-explorer.oecd.org/vis?df[ds]=dsDisseminateFinalDMZ&df[id]=DSD_CRS%40DF_CRS&dq=..VNM._T._T.D.Q._T..&pd=2020%2C2024,OECD Terms and Conditions,D-011_개도국 내 각국별 ODA 규모.xlsx,1.1_observation(측정값),156,
D-011,개도국 내 각국별 ODA 규모,observation,v124-d-011-obs-00154,D-011_oda_disbursement_ilo,VNM,2023,2023,2023,,,,2804920,USD,,,,,,[개별(하위기구)] International Labour Organisation [ILO] → 베트남 ODA 총지출액(2024년 불변가).,Organisation for Economic Co-operation and Development — Creditor Reporting System (CRS),https://data-explorer.oecd.org/vis?df[ds]=dsDisseminateFinalDMZ&df[id]=DSD_CRS%40DF_CRS&dq=..VNM._T._T.D.Q._T..&pd=2020%2C2024,OECD Terms and Conditions,D-011_개도국 내 각국별 ODA 규모.xlsx,1.1_observation(측정값),157,
D-011,개도국 내 각국별 ODA 규모,observation,v124-d-011-obs-00155,D-011_oda_disbursement_ilo,VNM,2024,2024,2024,,,,414736,USD,,,,,,[개별(하위기구)] International Labour Organisation [ILO] → 베트남 ODA 총지출액(2024년 불변가).,Organisation for Economic Co-operation and Development — Creditor Reporting System (CRS),https://data-explorer.oecd.org/vis?df[ds]=dsDisseminateFinalDMZ&df[id]=DSD_CRS%40DF_CRS&dq=..VNM._T._T.D.Q._T..&pd=2020%2C2024,OECD Terms and Conditions,D-011_개도국 내 각국별 ODA 규모.xlsx,1.1_observation(측정값),158,
D-011,개도국 내 각국별 ODA 규모,observation,v124-d-011-obs-00156,D-011_oda_disbursement_ireland,VNM,2020,2020,2020,,,,9637839,USD,,,,,,[개별] Ireland → 베트남 ODA 총지출액(2024년 불변가).,Organisation for Economic Co-operation and Development — Creditor Reporting System (CRS),https://data-explorer.oecd.org/vis?df[ds]=dsDisseminateFinalDMZ&df[id]=DSD_CRS%40DF_CRS&dq=..VNM._T._T.D.Q._T..&pd=2020%2C2024,OECD Terms and Conditions,D-011_개도국 내 각국별 ODA 규모.xlsx,1.1_observation(측정값),159,
D-011,개도국 내 각국별 ODA 규모,observation,v124-d-011-obs-00157,D-011_oda_disbursement_ireland,VNM,2021,2021,2021,,,,4587480,USD,,,,,,[개별] Ireland → 베트남 ODA 총지출액(2024년 불변가).,Organisation for Economic Co-operation and Development — Creditor Reporting System (CRS),https://data-explorer.oecd.org/vis?df[ds]=dsDisseminateFinalDMZ&df[id]=DSD_CRS%40DF_CRS&dq=..VNM._T._T.D.Q._T..&pd=2020%2C2024,OECD Terms and Conditions,D-011_개도국 내 각국별 ODA 규모.xlsx,1.1_observation(측정값),160,
D-011,개도국 내 각국별 ODA 규모,observation,v124-d-011-obs-00158,D-011_oda_disbursement_ireland,VNM,2022,2022,2022,,,,5144934,USD,,,,,,[개별] Ireland → 베트남 ODA 총지출액(2024년 불변가).,Organisation for Economic Co-operation and Development — Creditor Reporting System (CRS),https://data-explorer.oecd.org/vis?df[ds]=dsDisseminateFinalDMZ&df[id]=DSD_CRS%40DF_CRS&dq=..VNM._T._T.D.Q._T..&pd=2020%2C2024,OECD Terms and Conditions,D-011_개도국 내 각국별 ODA 규모.xlsx,1.1_observation(측정값),161,
D-011,개도국 내 각국별 ODA 규모,observation,v124-d-011-obs-00159,D-011_oda_disbursement_ireland,VNM,2023,2023,2023,,,,6034074,USD,,,,,,[개별] Ireland → 베트남 ODA 총지출액(2024년 불변가).,Organisation for Economic Co-operation and Development — Creditor Reporting System (CRS),https://data-explorer.oecd.org/vis?df[ds]=dsDisseminateFinalDMZ&df[id]=DSD_CRS%40DF_CRS&dq=..VNM._T._T.D.Q._T..&pd=2020%2C2024,OECD Terms and Conditions,D-011_개도국 내 각국별 ODA 규모.xlsx,1.1_observation(측정값),162,
D-011,개도국 내 각국별 ODA 규모,observation,v124-d-011-obs-00160,D-011_oda_disbursement_ireland,VNM,2024,2024,2024,,,,4289583,USD,,,,,,[개별] Ireland → 베트남 ODA 총지출액(2024년 불변가).,Organisation for Economic Co-operation and Development — Creditor Reporting System (CRS),https://data-explorer.oecd.org/vis?df[ds]=dsDisseminateFinalDMZ&df[id]=DSD_CRS%40DF_CRS&dq=..VNM._T._T.D.Q._T..&pd=2020%2C2024,OECD Terms and Conditions,D-011_개도국 내 각국별 ODA 규모.xlsx,1.1_observation(측정값),163,
D-011,개도국 내 각국별 ODA 규모,observation,v124-d-011-obs-00161,D-011_oda_disbursement_israel,VNM,2020,2020,2020,,,,240310,USD,,,,,,[개별] Israel → 베트남 ODA 총지출액(2024년 불변가).,Organisation for Economic Co-operation and Development — Creditor Reporting System (CRS),https://data-explorer.oecd.org/vis?df[ds]=dsDisseminateFinalDMZ&df[id]=DSD_CRS%40DF_CRS&dq=..VNM._T._T.D.Q._T..&pd=2020%2C2024,OECD Terms and Conditions,D-011_개도국 내 각국별 ODA 규모.xlsx,1.1_observation(측정값),164,
D-011,개도국 내 각국별 ODA 규모,observation,v124-d-011-obs-00162,D-011_oda_disbursement_israel,VNM,2021,2021,2021,,,,1128388,USD,,,,,,[개별] Israel → 베트남 ODA 총지출액(2024년 불변가).,Organisation for Economic Co-operation and Development — Creditor Reporting System (CRS),https://data-explorer.oecd.org/vis?df[ds]=dsDisseminateFinalDMZ&df[id]=DSD_CRS%40DF_CRS&dq=..VNM._T._T.D.Q._T..&pd=2020%2C2024,OECD Terms and Conditions,D-011_개도국 내 각국별 ODA 규모.xlsx,1.1_observation(측정값),165,
D-011,개도국 내 각국별 ODA 규모,observation,v124-d-011-obs-00163,D-011_oda_disbursement_israel,VNM,2022,2022,2022,,,,242423,USD,,,,,,[개별] Israel → 베트남 ODA 총지출액(2024년 불변가).,Organisation for Economic Co-operation and Development — Creditor Reporting System (CRS),https://data-explorer.oecd.org/vis?df[ds]=dsDisseminateFinalDMZ&df[id]=DSD_CRS%40DF_CRS&dq=..VNM._T._T.D.Q._T..&pd=2020%2C2024,OECD Terms and Conditions,D-011_개도국 내 각국별 ODA 규모.xlsx,1.1_observation(측정값),166,
D-011,개도국 내 각국별 ODA 규모,observation,v124-d-011-obs-00164,D-011_oda_disbursement_israel,VNM,2023,2023,2023,,,,209668,USD,,,,,,[개별] Israel → 베트남 ODA 총지출액(2024년 불변가).,Organisation for Economic Co-operation and Development — Creditor Reporting System (CRS),https://data-explorer.oecd.org/vis?df[ds]=dsDisseminateFinalDMZ&df[id]=DSD_CRS%40DF_CRS&dq=..VNM._T._T.D.Q._T..&pd=2020%2C2024,OECD Terms and Conditions,D-011_개도국 내 각국별 ODA 규모.xlsx,1.1_observation(측정값),167,
D-011,개도국 내 각국별 ODA 규모,observation,v124-d-011-obs-00165,D-011_oda_disbursement_israel,VNM,2024,2024,2024,,,,227779,USD,,,,,,[개별] Israel → 베트남 ODA 총지출액(2024년 불변가).,Organisation for Economic Co-operation and Development — Creditor Reporting System (CRS),https://data-explorer.oecd.org/vis?df[ds]=dsDisseminateFinalDMZ&df[id]=DSD_CRS%40DF_CRS&dq=..VNM._T._T.D.Q._T..&pd=2020%2C2024,OECD Terms and Conditions,D-011_개도국 내 각국별 ODA 규모.xlsx,1.1_observation(측정값),168,
D-011,개도국 내 각국별 ODA 규모,observation,v124-d-011-obs-00166,D-011_oda_disbursement_italy,VNM,2020,2020,2020,,,,5412426,USD,,,,,,[개별] Italy → 베트남 ODA 총지출액(2024년 불변가).,Organisation for Economic Co-operation and Development — Creditor Reporting System (CRS),https://data-explorer.oecd.org/vis?df[ds]=dsDisseminateFinalDMZ&df[id]=DSD_CRS%40DF_CRS&dq=..VNM._T._T.D.Q._T..&pd=2020%2C2024,OECD Terms and Conditions,D-011_개도국 내 각국별 ODA 규모.xlsx,1.1_observation(측정값),169,
D-011,개도국 내 각국별 ODA 규모,observation,v124-d-011-obs-00167,D-011_oda_disbursement_italy,VNM,2021,2021,2021,,,,6112693,USD,,,,,,[개별] Italy → 베트남 ODA 총지출액(2024년 불변가).,Organisation for Economic Co-operation and Development — Creditor Reporting System (CRS),https://data-explorer.oecd.org/vis?df[ds]=dsDisseminateFinalDMZ&df[id]=DSD_CRS%40DF_CRS&dq=..VNM._T._T.D.Q._T..&pd=2020%2C2024,OECD Terms and Conditions,D-011_개도국 내 각국별 ODA 규모.xlsx,1.1_observation(측정값),170,
D-011,개도국 내 각국별 ODA 규모,observation,v124-d-011-obs-00168,D-011_oda_disbursement_italy,VNM,2022,2022,2022,,,,5738149,USD,,,,,,[개별] Italy → 베트남 ODA 총지출액(2024년 불변가).,Organisation for Economic Co-operation and Development — Creditor Reporting System (CRS),https://data-explorer.oecd.org/vis?df[ds]=dsDisseminateFinalDMZ&df[id]=DSD_CRS%40DF_CRS&dq=..VNM._T._T.D.Q._T..&pd=2020%2C2024,OECD Terms and Conditions,D-011_개도국 내 각국별 ODA 규모.xlsx,1.1_observation(측정값),171,
D-011,개도국 내 각국별 ODA 규모,observation,v124-d-011-obs-00169,D-011_oda_disbursement_italy,VNM,2023,2023,2023,,,,7606261,USD,,,,,,[개별] Italy → 베트남 ODA 총지출액(2024년 불변가).,Organisation for Economic Co-operation and Development — Creditor Reporting System (CRS),https://data-explorer.oecd.org/vis?df[ds]=dsDisseminateFinalDMZ&df[id]=DSD_CRS%40DF_CRS&dq=..VNM._T._T.D.Q._T..&pd=2020%2C2024,OECD Terms and Conditions,D-011_개도국 내 각국별 ODA 규모.xlsx,1.1_observation(측정값),172,
D-011,개도국 내 각국별 ODA 규모,observation,v124-d-011-obs-00170,D-011_oda_disbursement_italy,VNM,2024,2024,2024,,,,6693724,USD,,,,,,[개별] Italy → 베트남 ODA 총지출액(2024년 불변가).,Organisation for Economic Co-operation and Development — Creditor Reporting System (CRS),https://data-explorer.oecd.org/vis?df[ds]=dsDisseminateFinalDMZ&df[id]=DSD_CRS%40DF_CRS&dq=..VNM._T._T.D.Q._T..&pd=2020%2C2024,OECD Terms and Conditions,D-011_개도국 내 각국별 ODA 규모.xlsx,1.1_observation(측정값),173,
D-011,개도국 내 각국별 ODA 규모,observation,v124-d-011-obs-00171,D-011_oda_disbursement_itc,VNM,2020,2020,2020,,,,448535,USD,,,,,,[개별(하위기구)] WTO - International Trade Centre [ITC] → 베트남 ODA 총지출액(2024년 불변가).,Organisation for Economic Co-operation and Development — Creditor Reporting System (CRS),https://data-explorer.oecd.org/vis?df[ds]=dsDisseminateFinalDMZ&df[id]=DSD_CRS%40DF_CRS&dq=..VNM._T._T.D.Q._T..&pd=2020%2C2024,OECD Terms and Conditions,D-011_개도국 내 각국별 ODA 규모.xlsx,1.1_observation(측정값),174,
D-011,개도국 내 각국별 ODA 규모,observation,v124-d-011-obs-00172,D-011_oda_disbursement_itc,VNM,2021,2021,2021,,,,228857,USD,,,,,,[개별(하위기구)] WTO - International Trade Centre [ITC] → 베트남 ODA 총지출액(2024년 불변가).,Organisation for Economic Co-operation and Development — Creditor Reporting System (CRS),https://data-explorer.oecd.org/vis?df[ds]=dsDisseminateFinalDMZ&df[id]=DSD_CRS%40DF_CRS&dq=..VNM._T._T.D.Q._T..&pd=2020%2C2024,OECD Terms and Conditions,D-011_개도국 내 각국별 ODA 규모.xlsx,1.1_observation(측정값),175,
D-011,개도국 내 각국별 ODA 규모,observation,v124-d-011-obs-00173,D-011_oda_disbursement_itc,VNM,2022,2022,2022,,,,,USD,,,,,M01,[M01·원자료 결측] [개별(하위기구)] WTO - International Trade Centre [ITC] → 베트남 ODA 총지출액(2024년 불변가). 해당 연도 값이 원천에 게재되지 않음.,Organisation for Economic Co-operation and Development — Creditor Reporting System (CRS),https://data-explorer.oecd.org/vis?df[ds]=dsDisseminateFinalDMZ&df[id]=DSD_CRS%40DF_CRS&dq=..VNM._T._T.D.Q._T..&pd=2020%2C2024,OECD Terms and Conditions,D-011_개도국 내 각국별 ODA 규모.xlsx,1.1_observation(측정값),176,
D-011,개도국 내 각국별 ODA 규모,observation,v124-d-011-obs-00174,D-011_oda_disbursement_itc,VNM,2023,2023,2023,,,,,USD,,,,,M01,[M01·원자료 결측] [개별(하위기구)] WTO - International Trade Centre [ITC] → 베트남 ODA 총지출액(2024년 불변가). 해당 연도 값이 원천에 게재되지 않음.,Organisation for Economic Co-operation and Development — Creditor Reporting System (CRS),https://data-explorer.oecd.org/vis?df[ds]=dsDisseminateFinalDMZ&df[id]=DSD_CRS%40DF_CRS&dq=..VNM._T._T.D.Q._T..&pd=2020%2C2024,OECD Terms and Conditions,D-011_개도국 내 각국별 ODA 규모.xlsx,1.1_observation(측정값),177,
D-011,개도국 내 각국별 ODA 규모,observation,v124-d-011-obs-00175,D-011_oda_disbursement_itc,VNM,2024,2024,2024,,,,39765,USD,,,,,,[개별(하위기구)] WTO - International Trade Centre [ITC] → 베트남 ODA 총지출액(2024년 불변가).,Organisation for Economic Co-operation and Development — Creditor Reporting System (CRS),https://data-explorer.oecd.org/vis?df[ds]=dsDisseminateFinalDMZ&df[id]=DSD_CRS%40DF_CRS&dq=..VNM._T._T.D.Q._T..&pd=2020%2C2024,OECD Terms and Conditions,D-011_개도국 내 각국별 ODA 규모.xlsx,1.1_observation(측정값),178,
D-011,개도국 내 각국별 ODA 규모,observation,v124-d-011-obs-00176,D-011_oda_disbursement_japan,VNM,2020,2020,2020,,,,470125911,USD,,,,,,[개별] Japan → 베트남 ODA 총지출액(2024년 불변가).,Organisation for Economic Co-operation and Development — Creditor Reporting System (CRS),https://data-explorer.oecd.org/vis?df[ds]=dsDisseminateFinalDMZ&df[id]=DSD_CRS%40DF_CRS&dq=..VNM._T._T.D.Q._T..&pd=2020%2C2024,OECD Terms and Conditions,D-011_개도국 내 각국별 ODA 규모.xlsx,1.1_observation(측정값),179,
D-011,개도국 내 각국별 ODA 규모,observation,v124-d-011-obs-00177,D-011_oda_disbursement_japan,VNM,2021,2021,2021,,,,343170823,USD,,,,,,[개별] Japan → 베트남 ODA 총지출액(2024년 불변가).,Organisation for Economic Co-operation and Development — Creditor Reporting System (CRS),https://data-explorer.oecd.org/vis?df[ds]=dsDisseminateFinalDMZ&df[id]=DSD_CRS%40DF_CRS&dq=..VNM._T._T.D.Q._T..&pd=2020%2C2024,OECD Terms and Conditions,D-011_개도국 내 각국별 ODA 규모.xlsx,1.1_observation(측정값),180,
D-011,개도국 내 각국별 ODA 규모,observation,v124-d-011-obs-00178,D-011_oda_disbursement_japan,VNM,2022,2022,2022,,,,360113941,USD,,,,,,[개별] Japan → 베트남 ODA 총지출액(2024년 불변가).,Organisation for Economic Co-operation and Development — Creditor Reporting System (CRS),https://data-explorer.oecd.org/vis?df[ds]=dsDisseminateFinalDMZ&df[id]=DSD_CRS%40DF_CRS&dq=..VNM._T._T.D.Q._T..&pd=2020%2C2024,OECD Terms and Conditions,D-011_개도국 내 각국별 ODA 규모.xlsx,1.1_observation(측정값),181,
D-011,개도국 내 각국별 ODA 규모,observation,v124-d-011-obs-00179,D-011_oda_disbursement_japan,VNM,2023,2023,2023,,,,704557163,USD,,,,,,[개별] Japan → 베트남 ODA 총지출액(2024년 불변가).,Organisation for Economic Co-operation and Development — Creditor Reporting System (CRS),https://data-explorer.oecd.org/vis?df[ds]=dsDisseminateFinalDMZ&df[id]=DSD_CRS%40DF_CRS&dq=..VNM._T._T.D.Q._T..&pd=2020%2C2024,OECD Terms and Conditions,D-011_개도국 내 각국별 ODA 규모.xlsx,1.1_observation(측정값),182,
D-011,개도국 내 각국별 ODA 규모,observation,v124-d-011-obs-00180,D-011_oda_disbursement_japan,VNM,2024,2024,2024,,,,256730891,USD,,,,,,[개별] Japan → 베트남 ODA 총지출액(2024년 불변가).,Organisation for Economic Co-operation and Development — Creditor Reporting System (CRS),https://data-explorer.oecd.org/vis?df[ds]=dsDisseminateFinalDMZ&df[id]=DSD_CRS%40DF_CRS&dq=..VNM._T._T.D.Q._T..&pd=2020%2C2024,OECD Terms and Conditions,D-011_개도국 내 각국별 ODA 규모.xlsx,1.1_observation(측정값),183,
D-011,개도국 내 각국별 ODA 규모,observation,v124-d-011-obs-00181,D-011_oda_disbursement_joint_sdg_fund,VNM,2020,2020,2020,,,,,USD,,,,,M01,[M01·원자료 결측] [개별(하위기구)] Joint Sustainable Development Goals Fund [Joint SDG Fund] → 베트남 ODA 총지출액(2024년 불변가). 해당 연도 값이 원천에 게재되지 않음.,Organisation for Economic Co-operation and Development — Creditor Reporting System (CRS),https://data-explorer.oecd.org/vis?df[ds]=dsDisseminateFinalDMZ&df[id]=DSD_CRS%40DF_CRS&dq=..VNM._T._T.D.Q._T..&pd=2020%2C2024,OECD Terms and Conditions,D-011_개도국 내 각국별 ODA 규모.xlsx,1.1_observation(측정값),184,
D-011,개도국 내 각국별 ODA 규모,observation,v124-d-011-obs-00182,D-011_oda_disbursement_joint_sdg_fund,VNM,2021,2021,2021,,,,1566500,USD,,,,,,[개별(하위기구)] Joint Sustainable Development Goals Fund [Joint SDG Fund] → 베트남 ODA 총지출액(2024년 불변가).,Organisation for Economic Co-operation and Development — Creditor Reporting System (CRS),https://data-explorer.oecd.org/vis?df[ds]=dsDisseminateFinalDMZ&df[id]=DSD_CRS%40DF_CRS&dq=..VNM._T._T.D.Q._T..&pd=2020%2C2024,OECD Terms and Conditions,D-011_개도국 내 각국별 ODA 규모.xlsx,1.1_observation(측정값),185,
D-011,개도국 내 각국별 ODA 규모,observation,v124-d-011-obs-00183,D-011_oda_disbursement_joint_sdg_fund,VNM,2022,2022,2022,,,,230040,USD,,,,,,[개별(하위기구)] Joint Sustainable Development Goals Fund [Joint SDG Fund] → 베트남 ODA 총지출액(2024년 불변가).,Organisation for Economic Co-operation and Development — Creditor Reporting System (CRS),https://data-explorer.oecd.org/vis?df[ds]=dsDisseminateFinalDMZ&df[id]=DSD_CRS%40DF_CRS&dq=..VNM._T._T.D.Q._T..&pd=2020%2C2024,OECD Terms and Conditions,D-011_개도국 내 각국별 ODA 규모.xlsx,1.1_observation(측정값),186,
D-011,개도국 내 각국별 ODA 규모,observation,v124-d-011-obs-00184,D-011_oda_disbursement_joint_sdg_fund,VNM,2023,2023,2023,,,,,USD,,,,,M01,[M01·원자료 결측] [개별(하위기구)] Joint Sustainable Development Goals Fund [Joint SDG Fund] → 베트남 ODA 총지출액(2024년 불변가). 해당 연도 값이 원천에 게재되지 않음.,Organisation for Economic Co-operation and Development — Creditor Reporting System (CRS),https://data-explorer.oecd.org/vis?df[ds]=dsDisseminateFinalDMZ&df[id]=DSD_CRS%40DF_CRS&dq=..VNM._T._T.D.Q._T..&pd=2020%2C2024,OECD Terms and Conditions,D-011_개도국 내 각국별 ODA 규모.xlsx,1.1_observation(측정값),187,
D-011,개도국 내 각국별 ODA 규모,observation,v124-d-011-obs-00185,D-011_oda_disbursement_joint_sdg_fund,VNM,2024,2024,2024,,,,450000,USD,,,,,,[개별(하위기구)] Joint Sustainable Development Goals Fund [Joint SDG Fund] → 베트남 ODA 총지출액(2024년 불변가).,Organisation for Economic Co-operation and Development — Creditor Reporting System (CRS),https://data-explorer.oecd.org/vis?df[ds]=dsDisseminateFinalDMZ&df[id]=DSD_CRS%40DF_CRS&dq=..VNM._T._T.D.Q._T..&pd=2020%2C2024,OECD Terms and Conditions,D-011_개도국 내 각국별 ODA 규모.xlsx,1.1_observation(측정값),188,
D-011,개도국 내 각국별 ODA 규모,observation,v124-d-011-obs-00186,D-011_oda_disbursement_kazakhstan,VNM,2020,2020,2020,,,,,USD,,,,,M01,[M01·원자료 결측] [개별] Kazakhstan → 베트남 ODA 총지출액(2024년 불변가). 해당 연도 값이 원천에 게재되지 않음.,Organisation for Economic Co-operation and Development — Creditor Reporting System (CRS),https://data-explorer.oecd.org/vis?df[ds]=dsDisseminateFinalDMZ&df[id]=DSD_CRS%40DF_CRS&dq=..VNM._T._T.D.Q._T..&pd=2020%2C2024,OECD Terms and Conditions,D-011_개도국 내 각국별 ODA 규모.xlsx,1.1_observation(측정값),189,
D-011,개도국 내 각국별 ODA 규모,observation,v124-d-011-obs-00187,D-011_oda_disbursement_kazakhstan,VNM,2021,2021,2021,,,,,USD,,,,,M01,[M01·원자료 결측] [개별] Kazakhstan → 베트남 ODA 총지출액(2024년 불변가). 해당 연도 값이 원천에 게재되지 않음.,Organisation for Economic Co-operation and Development — Creditor Reporting System (CRS),https://data-explorer.oecd.org/vis?df[ds]=dsDisseminateFinalDMZ&df[id]=DSD_CRS%40DF_CRS&dq=..VNM._T._T.D.Q._T..&pd=2020%2C2024,OECD Terms and Conditions,D-011_개도국 내 각국별 ODA 규모.xlsx,1.1_observation(측정값),190,
D-011,개도국 내 각국별 ODA 규모,observation,v124-d-011-obs-00188,D-011_oda_disbursement_kazakhstan,VNM,2022,2022,2022,,,,,USD,,,,,M01,[M01·원자료 결측] [개별] Kazakhstan → 베트남 ODA 총지출액(2024년 불변가). 해당 연도 값이 원천에 게재되지 않음.,Organisation for Economic Co-operation and Development — Creditor Reporting System (CRS),https://data-explorer.oecd.org/vis?df[ds]=dsDisseminateFinalDMZ&df[id]=DSD_CRS%40DF_CRS&dq=..VNM._T._T.D.Q._T..&pd=2020%2C2024,OECD Terms and Conditions,D-011_개도국 내 각국별 ODA 규모.xlsx,1.1_observation(측정값),191,
D-011,개도국 내 각국별 ODA 규모,observation,v124-d-011-obs-00189,D-011_oda_disbursement_kazakhstan,VNM,2023,2023,2023,,,,36496,USD,,,,,,[개별] Kazakhstan → 베트남 ODA 총지출액(2024년 불변가).,Organisation for Economic Co-operation and Development — Creditor Reporting System (CRS),https://data-explorer.oecd.org/vis?df[ds]=dsDisseminateFinalDMZ&df[id]=DSD_CRS%40DF_CRS&dq=..VNM._T._T.D.Q._T..&pd=2020%2C2024,OECD Terms and Conditions,D-011_개도국 내 각국별 ODA 규모.xlsx,1.1_observation(측정값),192,
D-011,개도국 내 각국별 ODA 규모,observation,v124-d-011-obs-00190,D-011_oda_disbursement_kazakhstan,VNM,2024,2024,2024,,,,141327,USD,,,,,,[개별] Kazakhstan → 베트남 ODA 총지출액(2024년 불변가).,Organisation for Economic Co-operation and Development — Creditor Reporting System (CRS),https://data-explorer.oecd.org/vis?df[ds]=dsDisseminateFinalDMZ&df[id]=DSD_CRS%40DF_CRS&dq=..VNM._T._T.D.Q._T..&pd=2020%2C2024,OECD Terms and Conditions,D-011_개도국 내 각국별 ODA 규모.xlsx,1.1_observation(측정값),193,
D-011,개도국 내 각국별 ODA 규모,observation,v124-d-011-obs-00191,D-011_oda_disbursement_korea,VNM,2020,2020,2020,,,,132501215,USD,,,,,,[개별] Korea → 베트남 ODA 총지출액(2024년 불변가).,Organisation for Economic Co-operation and Development — Creditor Reporting System (CRS),https://data-explorer.oecd.org/vis?df[ds]=dsDisseminateFinalDMZ&df[id]=DSD_CRS%40DF_CRS&dq=..VNM._T._T.D.Q._T..&pd=2020%2C2024,OECD Terms and Conditions,D-011_개도국 내 각국별 ODA 규모.xlsx,1.1_observation(측정값),194,
D-011,개도국 내 각국별 ODA 규모,observation,v124-d-011-obs-00192,D-011_oda_disbursement_korea,VNM,2021,2021,2021,,,,97110554,USD,,,,,,[개별] Korea → 베트남 ODA 총지출액(2024년 불변가).,Organisation for Economic Co-operation and Development — Creditor Reporting System (CRS),https://data-explorer.oecd.org/vis?df[ds]=dsDisseminateFinalDMZ&df[id]=DSD_CRS%40DF_CRS&dq=..VNM._T._T.D.Q._T..&pd=2020%2C2024,OECD Terms and Conditions,D-011_개도국 내 각국별 ODA 규모.xlsx,1.1_observation(측정값),195,
D-011,개도국 내 각국별 ODA 규모,observation,v124-d-011-obs-00193,D-011_oda_disbursement_korea,VNM,2022,2022,2022,,,,122817787,USD,,,,,,[개별] Korea → 베트남 ODA 총지출액(2024년 불변가).,Organisation for Economic Co-operation and Development — Creditor Reporting System (CRS),https://data-explorer.oecd.org/vis?df[ds]=dsDisseminateFinalDMZ&df[id]=DSD_CRS%40DF_CRS&dq=..VNM._T._T.D.Q._T..&pd=2020%2C2024,OECD Terms and Conditions,D-011_개도국 내 각국별 ODA 규모.xlsx,1.1_observation(측정값),196,
D-011,개도국 내 각국별 ODA 규모,observation,v124-d-011-obs-00194,D-011_oda_disbursement_korea,VNM,2023,2023,2023,,,,125695518,USD,,,,,,[개별] Korea → 베트남 ODA 총지출액(2024년 불변가).,Organisation for Economic Co-operation and Development — Creditor Reporting System (CRS),https://data-explorer.oecd.org/vis?df[ds]=dsDisseminateFinalDMZ&df[id]=DSD_CRS%40DF_CRS&dq=..VNM._T._T.D.Q._T..&pd=2020%2C2024,OECD Terms and Conditions,D-011_개도국 내 각국별 ODA 규모.xlsx,1.1_observation(측정값),197,
D-011,개도국 내 각국별 ODA 규모,observation,v124-d-011-obs-00195,D-011_oda_disbursement_korea,VNM,2024,2024,2024,,,,133851742,USD,,,,,,[개별] Korea → 베트남 ODA 총지출액(2024년 불변가).,Organisation for Economic Co-operation and Development — Creditor Reporting System (CRS),https://data-explorer.oecd.org/vis?df[ds]=dsDisseminateFinalDMZ&df[id]=DSD_CRS%40DF_CRS&dq=..VNM._T._T.D.Q._T..&pd=2020%2C2024,OECD Terms and Conditions,D-011_개도국 내 각국별 ODA 규모.xlsx,1.1_observation(측정값),198,
D-011,개도국 내 각국별 ODA 규모,observation,v124-d-011-obs-00196,D-011_oda_disbursement_kuwait,VNM,2020,2020,2020,,,,7347221,USD,,,,,,[개별] Kuwait → 베트남 ODA 총지출액(2024년 불변가).,Organisation for Economic Co-operation and Development — Creditor Reporting System (CRS),https://data-explorer.oecd.org/vis?df[ds]=dsDisseminateFinalDMZ&df[id]=DSD_CRS%40DF_CRS&dq=..VNM._T._T.D.Q._T..&pd=2020%2C2024,OECD Terms and Conditions,D-011_개도국 내 각국별 ODA 규모.xlsx,1.1_observation(측정값),199,
D-011,개도국 내 각국별 ODA 규모,observation,v124-d-011-obs-00197,D-011_oda_disbursement_kuwait,VNM,2021,2021,2021,,,,5325466,USD,,,,,,[개별] Kuwait → 베트남 ODA 총지출액(2024년 불변가).,Organisation for Economic Co-operation and Development — Creditor Reporting System (CRS),https://data-explorer.oecd.org/vis?df[ds]=dsDisseminateFinalDMZ&df[id]=DSD_CRS%40DF_CRS&dq=..VNM._T._T.D.Q._T..&pd=2020%2C2024,OECD Terms and Conditions,D-011_개도국 내 각국별 ODA 규모.xlsx,1.1_observation(측정값),200,
D-011,개도국 내 각국별 ODA 규모,observation,v124-d-011-obs-00198,D-011_oda_disbursement_kuwait,VNM,2022,2022,2022,,,,3187752,USD,,,,,,[개별] Kuwait → 베트남 ODA 총지출액(2024년 불변가).,Organisation for Economic Co-operation and Development — Creditor Reporting System (CRS),https://data-explorer.oecd.org/vis?df[ds]=dsDisseminateFinalDMZ&df[id]=DSD_CRS%40DF_CRS&dq=..VNM._T._T.D.Q._T..&pd=2020%2C2024,OECD Terms and Conditions,D-011_개도국 내 각국별 ODA 규모.xlsx,1.1_observation(측정값),201,
D-011,개도국 내 각국별 ODA 규모,observation,v124-d-011-obs-00199,D-011_oda_disbursement_kuwait,VNM,2023,2023,2023,,,,1605631,USD,,,,,,[개별] Kuwait → 베트남 ODA 총지출액(2024년 불변가).,Organisation for Economic Co-operation and Development — Creditor Reporting System (CRS),https://data-explorer.oecd.org/vis?df[ds]=dsDisseminateFinalDMZ&df[id]=DSD_CRS%40DF_CRS&dq=..VNM._T._T.D.Q._T..&pd=2020%2C2024,OECD Terms and Conditions,D-011_개도국 내 각국별 ODA 규모.xlsx,1.1_observation(측정값),202,
D-011,개도국 내 각국별 ODA 규모,observation,v124-d-011-obs-00200,D-011_oda_disbursement_kuwait,VNM,2024,2024,2024,,,,1869516,USD,,,,,,[개별] Kuwait → 베트남 ODA 총지출액(2024년 불변가).,Organisation for Economic Co-operation and Development — Creditor Reporting System (CRS),https://data-explorer.oecd.org/vis?df[ds]=dsDisseminateFinalDMZ&df[id]=DSD_CRS%40DF_CRS&dq=..VNM._T._T.D.Q._T..&pd=2020%2C2024,OECD Terms and Conditions,D-011_개도국 내 각국별 ODA 규모.xlsx,1.1_observation(측정값),203,
D-011,개도국 내 각국별 ODA 규모,observation,v124-d-011-obs-00201,D-011_oda_disbursement_latvia,VNM,2020,2020,2020,,,,1539,USD,,,,,,[개별] Latvia → 베트남 ODA 총지출액(2024년 불변가).,Organisation for Economic Co-operation and Development — Creditor Reporting System (CRS),https://data-explorer.oecd.org/vis?df[ds]=dsDisseminateFinalDMZ&df[id]=DSD_CRS%40DF_CRS&dq=..VNM._T._T.D.Q._T..&pd=2020%2C2024,OECD Terms and Conditions,D-011_개도국 내 각국별 ODA 규모.xlsx,1.1_observation(측정값),204,
D-011,개도국 내 각국별 ODA 규모,observation,v124-d-011-obs-00202,D-011_oda_disbursement_latvia,VNM,2021,2021,2021,,,,228434,USD,,,,,,[개별] Latvia → 베트남 ODA 총지출액(2024년 불변가).,Organisation for Economic Co-operation and Development — Creditor Reporting System (CRS),https://data-explorer.oecd.org/vis?df[ds]=dsDisseminateFinalDMZ&df[id]=DSD_CRS%40DF_CRS&dq=..VNM._T._T.D.Q._T..&pd=2020%2C2024,OECD Terms and Conditions,D-011_개도국 내 각국별 ODA 규모.xlsx,1.1_observation(측정값),205,
D-011,개도국 내 각국별 ODA 규모,observation,v124-d-011-obs-00203,D-011_oda_disbursement_latvia,VNM,2022,2022,2022,,,,11966,USD,,,,,,[개별] Latvia → 베트남 ODA 총지출액(2024년 불변가).,Organisation for Economic Co-operation and Development — Creditor Reporting System (CRS),https://data-explorer.oecd.org/vis?df[ds]=dsDisseminateFinalDMZ&df[id]=DSD_CRS%40DF_CRS&dq=..VNM._T._T.D.Q._T..&pd=2020%2C2024,OECD Terms and Conditions,D-011_개도국 내 각국별 ODA 규모.xlsx,1.1_observation(측정값),206,
D-011,개도국 내 각국별 ODA 규모,observation,v124-d-011-obs-00204,D-011_oda_disbursement_latvia,VNM,2023,2023,2023,,,,1191,USD,,,,,,[개별] Latvia → 베트남 ODA 총지출액(2024년 불변가).,Organisation for Economic Co-operation and Development — Creditor Reporting System (CRS),https://data-explorer.oecd.org/vis?df[ds]=dsDisseminateFinalDMZ&df[id]=DSD_CRS%40DF_CRS&dq=..VNM._T._T.D.Q._T..&pd=2020%2C2024,OECD Terms and Conditions,D-011_개도국 내 각국별 ODA 규모.xlsx,1.1_observation(측정값),207,
D-011,개도국 내 각국별 ODA 규모,observation,v124-d-011-obs-00205,D-011_oda_disbursement_latvia,VNM,2024,2024,2024,,,,5408,USD,,,,,,[개별] Latvia → 베트남 ODA 총지출액(2024년 불변가).,Organisation for Economic Co-operation and Development — Creditor Reporting System (CRS),https://data-explorer.oecd.org/vis?df[ds]=dsDisseminateFinalDMZ&df[id]=DSD_CRS%40DF_CRS&dq=..VNM._T._T.D.Q._T..&pd=2020%2C2024,OECD Terms and Conditions,D-011_개도국 내 각국별 ODA 규모.xlsx,1.1_observation(측정값),208,
D-011,개도국 내 각국별 ODA 규모,observation,v124-d-011-obs-00206,D-011_oda_disbursement_lithuania,VNM,2020,2020,2020,,,,3515,USD,,,,,,[개별] Lithuania → 베트남 ODA 총지출액(2024년 불변가).,Organisation for Economic Co-operation and Development — Creditor Reporting System (CRS),https://data-explorer.oecd.org/vis?df[ds]=dsDisseminateFinalDMZ&df[id]=DSD_CRS%40DF_CRS&dq=..VNM._T._T.D.Q._T..&pd=2020%2C2024,OECD Terms and Conditions,D-011_개도국 내 각국별 ODA 규모.xlsx,1.1_observation(측정값),209,
D-011,개도국 내 각국별 ODA 규모,observation,v124-d-011-obs-00207,D-011_oda_disbursement_lithuania,VNM,2021,2021,2021,,,,1558397,USD,,,,,,[개별] Lithuania → 베트남 ODA 총지출액(2024년 불변가).,Organisation for Economic Co-operation and Development — Creditor Reporting System (CRS),https://data-explorer.oecd.org/vis?df[ds]=dsDisseminateFinalDMZ&df[id]=DSD_CRS%40DF_CRS&dq=..VNM._T._T.D.Q._T..&pd=2020%2C2024,OECD Terms and Conditions,D-011_개도국 내 각국별 ODA 규모.xlsx,1.1_observation(측정값),210,
D-011,개도국 내 각국별 ODA 규모,observation,v124-d-011-obs-00208,D-011_oda_disbursement_lithuania,VNM,2022,2022,2022,,,,,USD,,,,,M01,[M01·원자료 결측] [개별] Lithuania → 베트남 ODA 총지출액(2024년 불변가). 해당 연도 값이 원천에 게재되지 않음.,Organisation for Economic Co-operation and Development — Creditor Reporting System (CRS),https://data-explorer.oecd.org/vis?df[ds]=dsDisseminateFinalDMZ&df[id]=DSD_CRS%40DF_CRS&dq=..VNM._T._T.D.Q._T..&pd=2020%2C2024,OECD Terms and Conditions,D-011_개도국 내 각국별 ODA 규모.xlsx,1.1_observation(측정값),211,
D-011,개도국 내 각국별 ODA 규모,observation,v124-d-011-obs-00209,D-011_oda_disbursement_lithuania,VNM,2023,2023,2023,,,,7996,USD,,,,,,[개별] Lithuania → 베트남 ODA 총지출액(2024년 불변가).,Organisation for Economic Co-operation and Development — Creditor Reporting System (CRS),https://data-explorer.oecd.org/vis?df[ds]=dsDisseminateFinalDMZ&df[id]=DSD_CRS%40DF_CRS&dq=..VNM._T._T.D.Q._T..&pd=2020%2C2024,OECD Terms and Conditions,D-011_개도국 내 각국별 ODA 규모.xlsx,1.1_observation(측정값),212,
D-011,개도국 내 각국별 ODA 규모,observation,v124-d-011-obs-00210,D-011_oda_disbursement_lithuania,VNM,2024,2024,2024,,,,72137,USD,,,,,,[개별] Lithuania → 베트남 ODA 총지출액(2024년 불변가).,Organisation for Economic Co-operation and Development — Creditor Reporting System (CRS),https://data-explorer.oecd.org/vis?df[ds]=dsDisseminateFinalDMZ&df[id]=DSD_CRS%40DF_CRS&dq=..VNM._T._T.D.Q._T..&pd=2020%2C2024,OECD Terms and Conditions,D-011_개도국 내 각국별 ODA 규모.xlsx,1.1_observation(측정값),213,
D-011,개도국 내 각국별 ODA 규모,observation,v124-d-011-obs-00211,D-011_oda_disbursement_luxembourg,VNM,2020,2020,2020,,,,2882103,USD,,,,,,[개별] Luxembourg → 베트남 ODA 총지출액(2024년 불변가).,Organisation for Economic Co-operation and Development — Creditor Reporting System (CRS),https://data-explorer.oecd.org/vis?df[ds]=dsDisseminateFinalDMZ&df[id]=DSD_CRS%40DF_CRS&dq=..VNM._T._T.D.Q._T..&pd=2020%2C2024,OECD Terms and Conditions,D-011_개도국 내 각국별 ODA 규모.xlsx,1.1_observation(측정값),214,
D-011,개도국 내 각국별 ODA 규모,observation,v124-d-011-obs-00212,D-011_oda_disbursement_luxembourg,VNM,2021,2021,2021,,,,921330,USD,,,,,,[개별] Luxembourg → 베트남 ODA 총지출액(2024년 불변가).,Organisation for Economic Co-operation and Development — Creditor Reporting System (CRS),https://data-explorer.oecd.org/vis?df[ds]=dsDisseminateFinalDMZ&df[id]=DSD_CRS%40DF_CRS&dq=..VNM._T._T.D.Q._T..&pd=2020%2C2024,OECD Terms and Conditions,D-011_개도국 내 각국별 ODA 규모.xlsx,1.1_observation(측정값),215,
D-011,개도국 내 각국별 ODA 규모,observation,v124-d-011-obs-00213,D-011_oda_disbursement_luxembourg,VNM,2022,2022,2022,,,,358022,USD,,,,,,[개별] Luxembourg → 베트남 ODA 총지출액(2024년 불변가).,Organisation for Economic Co-operation and Development — Creditor Reporting System (CRS),https://data-explorer.oecd.org/vis?df[ds]=dsDisseminateFinalDMZ&df[id]=DSD_CRS%40DF_CRS&dq=..VNM._T._T.D.Q._T..&pd=2020%2C2024,OECD Terms and Conditions,D-011_개도국 내 각국별 ODA 규모.xlsx,1.1_observation(측정값),216,
D-011,개도국 내 각국별 ODA 규모,observation,v124-d-011-obs-00214,D-011_oda_disbursement_luxembourg,VNM,2023,2023,2023,,,,274672,USD,,,,,,[개별] Luxembourg → 베트남 ODA 총지출액(2024년 불변가).,Organisation for Economic Co-operation and Development — Creditor Reporting System (CRS),https://data-explorer.oecd.org/vis?df[ds]=dsDisseminateFinalDMZ&df[id]=DSD_CRS%40DF_CRS&dq=..VNM._T._T.D.Q._T..&pd=2020%2C2024,OECD Terms and Conditions,D-011_개도국 내 각국별 ODA 규모.xlsx,1.1_observation(측정값),217,
D-011,개도국 내 각국별 ODA 규모,observation,v124-d-011-obs-00215,D-011_oda_disbursement_luxembourg,VNM,2024,2024,2024,,,,864900,USD,,,,,,[개별] Luxembourg → 베트남 ODA 총지출액(2024년 불변가).,Organisation for Economic Co-operation and Development — Creditor Reporting System (CRS),https://data-explorer.oecd.org/vis?df[ds]=dsDisseminateFinalDMZ&df[id]=DSD_CRS%40DF_CRS&dq=..VNM._T._T.D.Q._T..&pd=2020%2C2024,OECD Terms and Conditions,D-011_개도국 내 각국별 ODA 규모.xlsx,1.1_observation(측정값),218,
D-011,개도국 내 각국별 ODA 규모,observation,v124-d-011-obs-00216,D-011_oda_disbursement_multilaterals_organisations,VNM,2020,2020,2020,,,,1282521415,USD,,,,,,[소계] Multilaterals organisations → 베트남 ODA 총지출액(2024년 불변가).,Organisation for Economic Co-operation and Development — Creditor Reporting System (CRS),https://data-explorer.oecd.org/vis?df[ds]=dsDisseminateFinalDMZ&df[id]=DSD_CRS%40DF_CRS&dq=..VNM._T._T.D.Q._T..&pd=2020%2C2024,OECD Terms and Conditions,D-011_개도국 내 각국별 ODA 규모.xlsx,1.1_observation(측정값),219,
D-011,개도국 내 각국별 ODA 규모,observation,v124-d-011-obs-00217,D-011_oda_disbursement_multilaterals_organisations,VNM,2021,2021,2021,,,,1068543342,USD,,,,,,[소계] Multilaterals organisations → 베트남 ODA 총지출액(2024년 불변가).,Organisation for Economic Co-operation and Development — Creditor Reporting System (CRS),https://data-explorer.oecd.org/vis?df[ds]=dsDisseminateFinalDMZ&df[id]=DSD_CRS%40DF_CRS&dq=..VNM._T._T.D.Q._T..&pd=2020%2C2024,OECD Terms and Conditions,D-011_개도국 내 각국별 ODA 규모.xlsx,1.1_observation(측정값),220,
D-011,개도국 내 각국별 ODA 규모,observation,v124-d-011-obs-00218,D-011_oda_disbursement_multilaterals_organisations,VNM,2022,2022,2022,,,,1020465405,USD,,,,,,[소계] Multilaterals organisations → 베트남 ODA 총지출액(2024년 불변가).,Organisation for Economic Co-operation and Development — Creditor Reporting System (CRS),https://data-explorer.oecd.org/vis?df[ds]=dsDisseminateFinalDMZ&df[id]=DSD_CRS%40DF_CRS&dq=..VNM._T._T.D.Q._T..&pd=2020%2C2024,OECD Terms and Conditions,D-011_개도국 내 각국별 ODA 규모.xlsx,1.1_observation(측정값),221,
D-011,개도국 내 각국별 ODA 규모,observation,v124-d-011-obs-00219,D-011_oda_disbursement_multilaterals_organisations,VNM,2023,2023,2023,,,,678202705,USD,,,,,,[소계] Multilaterals organisations → 베트남 ODA 총지출액(2024년 불변가).,Organisation for Economic Co-operation and Development — Creditor Reporting System (CRS),https://data-explorer.oecd.org/vis?df[ds]=dsDisseminateFinalDMZ&df[id]=DSD_CRS%40DF_CRS&dq=..VNM._T._T.D.Q._T..&pd=2020%2C2024,OECD Terms and Conditions,D-011_개도국 내 각국별 ODA 규모.xlsx,1.1_observation(측정값),222,
D-011,개도국 내 각국별 ODA 규모,observation,v124-d-011-obs-00220,D-011_oda_disbursement_multilaterals_organisations,VNM,2024,2024,2024,,,,583139955,USD,,,,,,[소계] Multilaterals organisations → 베트남 ODA 총지출액(2024년 불변가).,Organisation for Economic Co-operation and Development — Creditor Reporting System (CRS),https://data-explorer.oecd.org/vis?df[ds]=dsDisseminateFinalDMZ&df[id]=DSD_CRS%40DF_CRS&dq=..VNM._T._T.D.Q._T..&pd=2020%2C2024,OECD Terms and Conditions,D-011_개도국 내 각국별 ODA 규모.xlsx,1.1_observation(측정값),223,
D-011,개도국 내 각국별 ODA 규모,observation,v124-d-011-obs-00221,D-011_oda_disbursement_ndf,VNM,2020,2020,2020,,,,510425,USD,,,,,,[개별(하위기구)] Nordic Development Fund [NDF] → 베트남 ODA 총지출액(2024년 불변가).,Organisation for Economic Co-operation and Development — Creditor Reporting System (CRS),https://data-explorer.oecd.org/vis?df[ds]=dsDisseminateFinalDMZ&df[id]=DSD_CRS%40DF_CRS&dq=..VNM._T._T.D.Q._T..&pd=2020%2C2024,OECD Terms and Conditions,D-011_개도국 내 각국별 ODA 규모.xlsx,1.1_observation(측정값),224,
D-011,개도국 내 각국별 ODA 규모,observation,v124-d-011-obs-00222,D-011_oda_disbursement_ndf,VNM,2021,2021,2021,,,,313304,USD,,,,,,[개별(하위기구)] Nordic Development Fund [NDF] → 베트남 ODA 총지출액(2024년 불변가).,Organisation for Economic Co-operation and Development — Creditor Reporting System (CRS),https://data-explorer.oecd.org/vis?df[ds]=dsDisseminateFinalDMZ&df[id]=DSD_CRS%40DF_CRS&dq=..VNM._T._T.D.Q._T..&pd=2020%2C2024,OECD Terms and Conditions,D-011_개도국 내 각국별 ODA 규모.xlsx,1.1_observation(측정값),225,
D-011,개도국 내 각국별 ODA 규모,observation,v124-d-011-obs-00223,D-011_oda_disbursement_ndf,VNM,2022,2022,2022,,,,154782,USD,,,,,,[개별(하위기구)] Nordic Development Fund [NDF] → 베트남 ODA 총지출액(2024년 불변가).,Organisation for Economic Co-operation and Development — Creditor Reporting System (CRS),https://data-explorer.oecd.org/vis?df[ds]=dsDisseminateFinalDMZ&df[id]=DSD_CRS%40DF_CRS&dq=..VNM._T._T.D.Q._T..&pd=2020%2C2024,OECD Terms and Conditions,D-011_개도국 내 각국별 ODA 규모.xlsx,1.1_observation(측정값),226,
D-011,개도국 내 각국별 ODA 규모,observation,v124-d-011-obs-00224,D-011_oda_disbursement_ndf,VNM,2023,2023,2023,,,,82504,USD,,,,,,[개별(하위기구)] Nordic Development Fund [NDF] → 베트남 ODA 총지출액(2024년 불변가).,Organisation for Economic Co-operation and Development — Creditor Reporting System (CRS),https://data-explorer.oecd.org/vis?df[ds]=dsDisseminateFinalDMZ&df[id]=DSD_CRS%40DF_CRS&dq=..VNM._T._T.D.Q._T..&pd=2020%2C2024,OECD Terms and Conditions,D-011_개도국 내 각국별 ODA 규모.xlsx,1.1_observation(측정값),227,
D-011,개도국 내 각국별 ODA 규모,observation,v124-d-011-obs-00225,D-011_oda_disbursement_ndf,VNM,2024,2024,2024,,,,387789,USD,,,,,,[개별(하위기구)] Nordic Development Fund [NDF] → 베트남 ODA 총지출액(2024년 불변가).,Organisation for Economic Co-operation and Development — Creditor Reporting System (CRS),https://data-explorer.oecd.org/vis?df[ds]=dsDisseminateFinalDMZ&df[id]=DSD_CRS%40DF_CRS&dq=..VNM._T._T.D.Q._T..&pd=2020%2C2024,OECD Terms and Conditions,D-011_개도국 내 각국별 ODA 규모.xlsx,1.1_observation(측정값),228,
D-011,개도국 내 각국별 ODA 규모,observation,v124-d-011-obs-00226,D-011_oda_disbursement_netherlands,VNM,2020,2020,2020,,,,318612,USD,,,,,,[개별] Netherlands → 베트남 ODA 총지출액(2024년 불변가).,Organisation for Economic Co-operation and Development — Creditor Reporting System (CRS),https://data-explorer.oecd.org/vis?df[ds]=dsDisseminateFinalDMZ&df[id]=DSD_CRS%40DF_CRS&dq=..VNM._T._T.D.Q._T..&pd=2020%2C2024,OECD Terms and Conditions,D-011_개도국 내 각국별 ODA 규모.xlsx,1.1_observation(측정값),229,
D-011,개도국 내 각국별 ODA 규모,observation,v124-d-011-obs-00227,D-011_oda_disbursement_netherlands,VNM,2021,2021,2021,,,,289385,USD,,,,,,[개별] Netherlands → 베트남 ODA 총지출액(2024년 불변가).,Organisation for Economic Co-operation and Development — Creditor Reporting System (CRS),https://data-explorer.oecd.org/vis?df[ds]=dsDisseminateFinalDMZ&df[id]=DSD_CRS%40DF_CRS&dq=..VNM._T._T.D.Q._T..&pd=2020%2C2024,OECD Terms and Conditions,D-011_개도국 내 각국별 ODA 규모.xlsx,1.1_observation(측정값),230,
D-011,개도국 내 각국별 ODA 규모,observation,v124-d-011-obs-00228,D-011_oda_disbursement_netherlands,VNM,2022,2022,2022,,,,382120,USD,,,,,,[개별] Netherlands → 베트남 ODA 총지출액(2024년 불변가).,Organisation for Economic Co-operation and Development — Creditor Reporting System (CRS),https://data-explorer.oecd.org/vis?df[ds]=dsDisseminateFinalDMZ&df[id]=DSD_CRS%40DF_CRS&dq=..VNM._T._T.D.Q._T..&pd=2020%2C2024,OECD Terms and Conditions,D-011_개도국 내 각국별 ODA 규모.xlsx,1.1_observation(측정값),231,
D-011,개도국 내 각국별 ODA 규모,observation,v124-d-011-obs-00229,D-011_oda_disbursement_netherlands,VNM,2023,2023,2023,,,,604728,USD,,,,,,[개별] Netherlands → 베트남 ODA 총지출액(2024년 불변가).,Organisation for Economic Co-operation and Development — Creditor Reporting System (CRS),https://data-explorer.oecd.org/vis?df[ds]=dsDisseminateFinalDMZ&df[id]=DSD_CRS%40DF_CRS&dq=..VNM._T._T.D.Q._T..&pd=2020%2C2024,OECD Terms and Conditions,D-011_개도국 내 각국별 ODA 규모.xlsx,1.1_observation(측정값),232,
D-011,개도국 내 각국별 ODA 규모,observation,v124-d-011-obs-00230,D-011_oda_disbursement_netherlands,VNM,2024,2024,2024,,,,494947,USD,,,,,,[개별] Netherlands → 베트남 ODA 총지출액(2024년 불변가).,Organisation for Economic Co-operation and Development — Creditor Reporting System (CRS),https://data-explorer.oecd.org/vis?df[ds]=dsDisseminateFinalDMZ&df[id]=DSD_CRS%40DF_CRS&dq=..VNM._T._T.D.Q._T..&pd=2020%2C2024,OECD Terms and Conditions,D-011_개도국 내 각국별 ODA 규모.xlsx,1.1_observation(측정값),233,
D-011,개도국 내 각국별 ODA 규모,observation,v124-d-011-obs-00231,D-011_oda_disbursement_new_zealand,VNM,2020,2020,2020,,,,4466063,USD,,,,,,[개별] New Zealand → 베트남 ODA 총지출액(2024년 불변가).,Organisation for Economic Co-operation and Development — Creditor Reporting System (CRS),https://data-explorer.oecd.org/vis?df[ds]=dsDisseminateFinalDMZ&df[id]=DSD_CRS%40DF_CRS&dq=..VNM._T._T.D.Q._T..&pd=2020%2C2024,OECD Terms and Conditions,D-011_개도국 내 각국별 ODA 규모.xlsx,1.1_observation(측정값),234,
D-011,개도국 내 각국별 ODA 규모,observation,v124-d-011-obs-00232,D-011_oda_disbursement_new_zealand,VNM,2021,2021,2021,,,,2059849,USD,,,,,,[개별] New Zealand → 베트남 ODA 총지출액(2024년 불변가).,Organisation for Economic Co-operation and Development — Creditor Reporting System (CRS),https://data-explorer.oecd.org/vis?df[ds]=dsDisseminateFinalDMZ&df[id]=DSD_CRS%40DF_CRS&dq=..VNM._T._T.D.Q._T..&pd=2020%2C2024,OECD Terms and Conditions,D-011_개도국 내 각국별 ODA 규모.xlsx,1.1_observation(측정값),235,
D-011,개도국 내 각국별 ODA 규모,observation,v124-d-011-obs-00233,D-011_oda_disbursement_new_zealand,VNM,2022,2022,2022,,,,2328208,USD,,,,,,[개별] New Zealand → 베트남 ODA 총지출액(2024년 불변가).,Organisation for Economic Co-operation and Development — Creditor Reporting System (CRS),https://data-explorer.oecd.org/vis?df[ds]=dsDisseminateFinalDMZ&df[id]=DSD_CRS%40DF_CRS&dq=..VNM._T._T.D.Q._T..&pd=2020%2C2024,OECD Terms and Conditions,D-011_개도국 내 각국별 ODA 규모.xlsx,1.1_observation(측정값),236,
D-011,개도국 내 각국별 ODA 규모,observation,v124-d-011-obs-00234,D-011_oda_disbursement_new_zealand,VNM,2023,2023,2023,,,,11365118,USD,,,,,,[개별] New Zealand → 베트남 ODA 총지출액(2024년 불변가).,Organisation for Economic Co-operation and Development — Creditor Reporting System (CRS),https://data-explorer.oecd.org/vis?df[ds]=dsDisseminateFinalDMZ&df[id]=DSD_CRS%40DF_CRS&dq=..VNM._T._T.D.Q._T..&pd=2020%2C2024,OECD Terms and Conditions,D-011_개도국 내 각국별 ODA 규모.xlsx,1.1_observation(측정값),237,
D-011,개도국 내 각국별 ODA 규모,observation,v124-d-011-obs-00235,D-011_oda_disbursement_new_zealand,VNM,2024,2024,2024,,,,3115518,USD,,,,,,[개별] New Zealand → 베트남 ODA 총지출액(2024년 불변가).,Organisation for Economic Co-operation and Development — Creditor Reporting System (CRS),https://data-explorer.oecd.org/vis?df[ds]=dsDisseminateFinalDMZ&df[id]=DSD_CRS%40DF_CRS&dq=..VNM._T._T.D.Q._T..&pd=2020%2C2024,OECD Terms and Conditions,D-011_개도국 내 각국별 ODA 규모.xlsx,1.1_observation(측정값),238,
D-011,개도국 내 각국별 ODA 규모,observation,v124-d-011-obs-00236,D-011_oda_disbursement_non_dac_countries,VNM,2020,2020,2020,,,,31105466,USD,,,,,,[소계] Non-DAC countries → 베트남 ODA 총지출액(2024년 불변가).,Organisation for Economic Co-operation and Development — Creditor Reporting System (CRS),https://data-explorer.oecd.org/vis?df[ds]=dsDisseminateFinalDMZ&df[id]=DSD_CRS%40DF_CRS&dq=..VNM._T._T.D.Q._T..&pd=2020%2C2024,OECD Terms and Conditions,D-011_개도국 내 각국별 ODA 규모.xlsx,1.1_observation(측정값),239,
D-011,개도국 내 각국별 ODA 규모,observation,v124-d-011-obs-00237,D-011_oda_disbursement_non_dac_countries,VNM,2021,2021,2021,,,,20276000,USD,,,,,,[소계] Non-DAC countries → 베트남 ODA 총지출액(2024년 불변가).,Organisation for Economic Co-operation and Development — Creditor Reporting System (CRS),https://data-explorer.oecd.org/vis?df[ds]=dsDisseminateFinalDMZ&df[id]=DSD_CRS%40DF_CRS&dq=..VNM._T._T.D.Q._T..&pd=2020%2C2024,OECD Terms and Conditions,D-011_개도국 내 각국별 ODA 규모.xlsx,1.1_observation(측정값),240,
D-011,개도국 내 각국별 ODA 규모,observation,v124-d-011-obs-00238,D-011_oda_disbursement_non_dac_countries,VNM,2022,2022,2022,,,,12836242,USD,,,,,,[소계] Non-DAC countries → 베트남 ODA 총지출액(2024년 불변가).,Organisation for Economic Co-operation and Development — Creditor Reporting System (CRS),https://data-explorer.oecd.org/vis?df[ds]=dsDisseminateFinalDMZ&df[id]=DSD_CRS%40DF_CRS&dq=..VNM._T._T.D.Q._T..&pd=2020%2C2024,OECD Terms and Conditions,D-011_개도국 내 각국별 ODA 규모.xlsx,1.1_observation(측정값),241,
D-011,개도국 내 각국별 ODA 규모,observation,v124-d-011-obs-00239,D-011_oda_disbursement_non_dac_countries,VNM,2023,2023,2023,,,,6171145,USD,,,,,,[소계] Non-DAC countries → 베트남 ODA 총지출액(2024년 불변가).,Organisation for Economic Co-operation and Development — Creditor Reporting System (CRS),https://data-explorer.oecd.org/vis?df[ds]=dsDisseminateFinalDMZ&df[id]=DSD_CRS%40DF_CRS&dq=..VNM._T._T.D.Q._T..&pd=2020%2C2024,OECD Terms and Conditions,D-011_개도국 내 각국별 ODA 규모.xlsx,1.1_observation(측정값),242,
D-011,개도국 내 각국별 ODA 규모,observation,v124-d-011-obs-00240,D-011_oda_disbursement_non_dac_countries,VNM,2024,2024,2024,,,,7511320,USD,,,,,,[소계] Non-DAC countries → 베트남 ODA 총지출액(2024년 불변가).,Organisation for Economic Co-operation and Development — Creditor Reporting System (CRS),https://data-explorer.oecd.org/vis?df[ds]=dsDisseminateFinalDMZ&df[id]=DSD_CRS%40DF_CRS&dq=..VNM._T._T.D.Q._T..&pd=2020%2C2024,OECD Terms and Conditions,D-011_개도국 내 각국별 ODA 규모.xlsx,1.1_observation(측정값),243,
D-011,개도국 내 각국별 ODA 규모,observation,v124-d-011-obs-00241,D-011_oda_disbursement_norway,VNM,2020,2020,2020,,,,5782598,USD,,,,,,[개별] Norway → 베트남 ODA 총지출액(2024년 불변가).,Organisation for Economic Co-operation and Development — Creditor Reporting System (CRS),https://data-explorer.oecd.org/vis?df[ds]=dsDisseminateFinalDMZ&df[id]=DSD_CRS%40DF_CRS&dq=..VNM._T._T.D.Q._T..&pd=2020%2C2024,OECD Terms and Conditions,D-011_개도국 내 각국별 ODA 규모.xlsx,1.1_observation(측정값),244,
D-011,개도국 내 각국별 ODA 규모,observation,v124-d-011-obs-00242,D-011_oda_disbursement_norway,VNM,2021,2021,2021,,,,3533907,USD,,,,,,[개별] Norway → 베트남 ODA 총지출액(2024년 불변가).,Organisation for Economic Co-operation and Development — Creditor Reporting System (CRS),https://data-explorer.oecd.org/vis?df[ds]=dsDisseminateFinalDMZ&df[id]=DSD_CRS%40DF_CRS&dq=..VNM._T._T.D.Q._T..&pd=2020%2C2024,OECD Terms and Conditions,D-011_개도국 내 각국별 ODA 규모.xlsx,1.1_observation(측정값),245,
D-011,개도국 내 각국별 ODA 규모,observation,v124-d-011-obs-00243,D-011_oda_disbursement_norway,VNM,2022,2022,2022,,,,3507936,USD,,,,,,[개별] Norway → 베트남 ODA 총지출액(2024년 불변가).,Organisation for Economic Co-operation and Development — Creditor Reporting System (CRS),https://data-explorer.oecd.org/vis?df[ds]=dsDisseminateFinalDMZ&df[id]=DSD_CRS%40DF_CRS&dq=..VNM._T._T.D.Q._T..&pd=2020%2C2024,OECD Terms and Conditions,D-011_개도국 내 각국별 ODA 규모.xlsx,1.1_observation(측정값),246,
D-011,개도국 내 각국별 ODA 규모,observation,v124-d-011-obs-00244,D-011_oda_disbursement_norway,VNM,2023,2023,2023,,,,3576016,USD,,,,,,[개별] Norway → 베트남 ODA 총지출액(2024년 불변가).,Organisation for Economic Co-operation and Development — Creditor Reporting System (CRS),https://data-explorer.oecd.org/vis?df[ds]=dsDisseminateFinalDMZ&df[id]=DSD_CRS%40DF_CRS&dq=..VNM._T._T.D.Q._T..&pd=2020%2C2024,OECD Terms and Conditions,D-011_개도국 내 각국별 ODA 규모.xlsx,1.1_observation(측정값),247,
D-011,개도국 내 각국별 ODA 규모,observation,v124-d-011-obs-00245,D-011_oda_disbursement_norway,VNM,2024,2024,2024,,,,3311588,USD,,,,,,[개별] Norway → 베트남 ODA 총지출액(2024년 불변가).,Organisation for Economic Co-operation and Development — Creditor Reporting System (CRS),https://data-explorer.oecd.org/vis?df[ds]=dsDisseminateFinalDMZ&df[id]=DSD_CRS%40DF_CRS&dq=..VNM._T._T.D.Q._T..&pd=2020%2C2024,OECD Terms and Conditions,D-011_개도국 내 각국별 ODA 규모.xlsx,1.1_observation(측정값),248,
D-011,개도국 내 각국별 ODA 규모,observation,v124-d-011-obs-00246,D-011_oda_disbursement_official_donors,VNM,2020,2020,2020,,,,2633600383,USD,,,,,,[총계] Official donors → 베트남 ODA 총지출액(2024년 불변가).,Organisation for Economic Co-operation and Development — Creditor Reporting System (CRS),https://data-explorer.oecd.org/vis?df[ds]=dsDisseminateFinalDMZ&df[id]=DSD_CRS%40DF_CRS&dq=..VNM._T._T.D.Q._T..&pd=2020%2C2024,OECD Terms and Conditions,D-011_개도국 내 각국별 ODA 규모.xlsx,1.1_observation(측정값),249,
D-011,개도국 내 각국별 ODA 규모,observation,v124-d-011-obs-00247,D-011_oda_disbursement_official_donors,VNM,2021,2021,2021,,,,2389656322,USD,,,,,,[총계] Official donors → 베트남 ODA 총지출액(2024년 불변가).,Organisation for Economic Co-operation and Development — Creditor Reporting System (CRS),https://data-explorer.oecd.org/vis?df[ds]=dsDisseminateFinalDMZ&df[id]=DSD_CRS%40DF_CRS&dq=..VNM._T._T.D.Q._T..&pd=2020%2C2024,OECD Terms and Conditions,D-011_개도국 내 각국별 ODA 규모.xlsx,1.1_observation(측정값),250,
D-011,개도국 내 각국별 ODA 규모,observation,v124-d-011-obs-00248,D-011_oda_disbursement_official_donors,VNM,2022,2022,2022,,,,2247570665,USD,,,,,,[총계] Official donors → 베트남 ODA 총지출액(2024년 불변가).,Organisation for Economic Co-operation and Development — Creditor Reporting System (CRS),https://data-explorer.oecd.org/vis?df[ds]=dsDisseminateFinalDMZ&df[id]=DSD_CRS%40DF_CRS&dq=..VNM._T._T.D.Q._T..&pd=2020%2C2024,OECD Terms and Conditions,D-011_개도국 내 각국별 ODA 규모.xlsx,1.1_observation(측정값),251,
D-011,개도국 내 각국별 ODA 규모,observation,v124-d-011-obs-00249,D-011_oda_disbursement_official_donors,VNM,2023,2023,2023,,,,2142486290,USD,,,,,,[총계] Official donors → 베트남 ODA 총지출액(2024년 불변가).,Organisation for Economic Co-operation and Development — Creditor Reporting System (CRS),https://data-explorer.oecd.org/vis?df[ds]=dsDisseminateFinalDMZ&df[id]=DSD_CRS%40DF_CRS&dq=..VNM._T._T.D.Q._T..&pd=2020%2C2024,OECD Terms and Conditions,D-011_개도국 내 각국별 ODA 규모.xlsx,1.1_observation(측정값),252,
D-011,개도국 내 각국별 ODA 규모,observation,v124-d-011-obs-00250,D-011_oda_disbursement_official_donors,VNM,2024,2024,2024,,,,1665232239,USD,,,,,,[총계] Official donors → 베트남 ODA 총지출액(2024년 불변가).,Organisation for Economic Co-operation and Development — Creditor Reporting System (CRS),https://data-explorer.oecd.org/vis?df[ds]=dsDisseminateFinalDMZ&df[id]=DSD_CRS%40DF_CRS&dq=..VNM._T._T.D.Q._T..&pd=2020%2C2024,OECD Terms and Conditions,D-011_개도국 내 각국별 ODA 규모.xlsx,1.1_observation(측정값),253,
D-011,개도국 내 각국별 ODA 규모,observation,v124-d-011-obs-00251,D-011_oda_disbursement_opec_fund,VNM,2020,2020,2020,,,,18941023,USD,,,,,,[개별(하위기구)] OPEC Fund for International Development [OPEC Fund] → 베트남 ODA 총지출액(2024년 불변가).,Organisation for Economic Co-operation and Development — Creditor Reporting System (CRS),https://data-explorer.oecd.org/vis?df[ds]=dsDisseminateFinalDMZ&df[id]=DSD_CRS%40DF_CRS&dq=..VNM._T._T.D.Q._T..&pd=2020%2C2024,OECD Terms and Conditions,D-011_개도국 내 각국별 ODA 규모.xlsx,1.1_observation(측정값),254,
D-011,개도국 내 각국별 ODA 규모,observation,v124-d-011-obs-00252,D-011_oda_disbursement_opec_fund,VNM,2021,2021,2021,,,,12617727,USD,,,,,,[개별(하위기구)] OPEC Fund for International Development [OPEC Fund] → 베트남 ODA 총지출액(2024년 불변가).,Organisation for Economic Co-operation and Development — Creditor Reporting System (CRS),https://data-explorer.oecd.org/vis?df[ds]=dsDisseminateFinalDMZ&df[id]=DSD_CRS%40DF_CRS&dq=..VNM._T._T.D.Q._T..&pd=2020%2C2024,OECD Terms and Conditions,D-011_개도국 내 각국별 ODA 규모.xlsx,1.1_observation(측정값),255,
D-011,개도국 내 각국별 ODA 규모,observation,v124-d-011-obs-00253,D-011_oda_disbursement_opec_fund,VNM,2022,2022,2022,,,,10494661,USD,,,,,,[개별(하위기구)] OPEC Fund for International Development [OPEC Fund] → 베트남 ODA 총지출액(2024년 불변가).,Organisation for Economic Co-operation and Development — Creditor Reporting System (CRS),https://data-explorer.oecd.org/vis?df[ds]=dsDisseminateFinalDMZ&df[id]=DSD_CRS%40DF_CRS&dq=..VNM._T._T.D.Q._T..&pd=2020%2C2024,OECD Terms and Conditions,D-011_개도국 내 각국별 ODA 규모.xlsx,1.1_observation(측정값),256,
D-011,개도국 내 각국별 ODA 규모,observation,v124-d-011-obs-00254,D-011_oda_disbursement_opec_fund,VNM,2023,2023,2023,,,,1554944,USD,,,,,,[개별(하위기구)] OPEC Fund for International Development [OPEC Fund] → 베트남 ODA 총지출액(2024년 불변가).,Organisation for Economic Co-operation and Development — Creditor Reporting System (CRS),https://data-explorer.oecd.org/vis?df[ds]=dsDisseminateFinalDMZ&df[id]=DSD_CRS%40DF_CRS&dq=..VNM._T._T.D.Q._T..&pd=2020%2C2024,OECD Terms and Conditions,D-011_개도국 내 각국별 ODA 규모.xlsx,1.1_observation(측정값),257,
D-011,개도국 내 각국별 ODA 규모,observation,v124-d-011-obs-00255,D-011_oda_disbursement_opec_fund,VNM,2024,2024,2024,,,,,USD,,,,,M01,[M01·원자료 결측] [개별(하위기구)] OPEC Fund for International Development [OPEC Fund] → 베트남 ODA 총지출액(2024년 불변가). 해당 연도 값이 원천에 게재되지 않음.,Organisation for Economic Co-operation and Development — Creditor Reporting System (CRS),https://data-explorer.oecd.org/vis?df[ds]=dsDisseminateFinalDMZ&df[id]=DSD_CRS%40DF_CRS&dq=..VNM._T._T.D.Q._T..&pd=2020%2C2024,OECD Terms and Conditions,D-011_개도국 내 각국별 ODA 규모.xlsx,1.1_observation(측정값),258,
D-011,개도국 내 각국별 ODA 규모,observation,v124-d-011-obs-00256,D-011_oda_disbursement_other_multilateral_organisations,VNM,2020,2020,2020,,,,105813576,USD,,,,,,[개별] Other multilateral organisations → 베트남 ODA 총지출액(2024년 불변가).,Organisation for Economic Co-operation and Development — Creditor Reporting System (CRS),https://data-explorer.oecd.org/vis?df[ds]=dsDisseminateFinalDMZ&df[id]=DSD_CRS%40DF_CRS&dq=..VNM._T._T.D.Q._T..&pd=2020%2C2024,OECD Terms and Conditions,D-011_개도국 내 각국별 ODA 규모.xlsx,1.1_observation(측정값),259,
D-011,개도국 내 각국별 ODA 규모,observation,v124-d-011-obs-00257,D-011_oda_disbursement_other_multilateral_organisations,VNM,2021,2021,2021,,,,93220547,USD,,,,,,[개별] Other multilateral organisations → 베트남 ODA 총지출액(2024년 불변가).,Organisation for Economic Co-operation and Development — Creditor Reporting System (CRS),https://data-explorer.oecd.org/vis?df[ds]=dsDisseminateFinalDMZ&df[id]=DSD_CRS%40DF_CRS&dq=..VNM._T._T.D.Q._T..&pd=2020%2C2024,OECD Terms and Conditions,D-011_개도국 내 각국별 ODA 규모.xlsx,1.1_observation(측정값),260,
D-011,개도국 내 각국별 ODA 규모,observation,v124-d-011-obs-00258,D-011_oda_disbursement_other_multilateral_organisations,VNM,2022,2022,2022,,,,86629815,USD,,,,,,[개별] Other multilateral organisations → 베트남 ODA 총지출액(2024년 불변가).,Organisation for Economic Co-operation and Development — Creditor Reporting System (CRS),https://data-explorer.oecd.org/vis?df[ds]=dsDisseminateFinalDMZ&df[id]=DSD_CRS%40DF_CRS&dq=..VNM._T._T.D.Q._T..&pd=2020%2C2024,OECD Terms and Conditions,D-011_개도국 내 각국별 ODA 규모.xlsx,1.1_observation(측정값),261,
D-011,개도국 내 각국별 ODA 규모,observation,v124-d-011-obs-00259,D-011_oda_disbursement_other_multilateral_organisations,VNM,2023,2023,2023,,,,89513544,USD,,,,,,[개별] Other multilateral organisations → 베트남 ODA 총지출액(2024년 불변가).,Organisation for Economic Co-operation and Development — Creditor Reporting System (CRS),https://data-explorer.oecd.org/vis?df[ds]=dsDisseminateFinalDMZ&df[id]=DSD_CRS%40DF_CRS&dq=..VNM._T._T.D.Q._T..&pd=2020%2C2024,OECD Terms and Conditions,D-011_개도국 내 각국별 ODA 규모.xlsx,1.1_observation(측정값),262,
D-011,개도국 내 각국별 ODA 규모,observation,v124-d-011-obs-00260,D-011_oda_disbursement_other_multilateral_organisations,VNM,2024,2024,2024,,,,54211751,USD,,,,,,[개별] Other multilateral organisations → 베트남 ODA 총지출액(2024년 불변가).,Organisation for Economic Co-operation and Development — Creditor Reporting System (CRS),https://data-explorer.oecd.org/vis?df[ds]=dsDisseminateFinalDMZ&df[id]=DSD_CRS%40DF_CRS&dq=..VNM._T._T.D.Q._T..&pd=2020%2C2024,OECD Terms and Conditions,D-011_개도국 내 각국별 ODA 규모.xlsx,1.1_observation(측정값),263,
D-011,개도국 내 각국별 ODA 규모,observation,v124-d-011-obs-00261,D-011_oda_disbursement_poland,VNM,2020,2020,2020,,,,1826187,USD,,,,,,[개별] Poland → 베트남 ODA 총지출액(2024년 불변가).,Organisation for Economic Co-operation and Development — Creditor Reporting System (CRS),https://data-explorer.oecd.org/vis?df[ds]=dsDisseminateFinalDMZ&df[id]=DSD_CRS%40DF_CRS&dq=..VNM._T._T.D.Q._T..&pd=2020%2C2024,OECD Terms and Conditions,D-011_개도국 내 각국별 ODA 규모.xlsx,1.1_observation(측정값),264,
D-011,개도국 내 각국별 ODA 규모,observation,v124-d-011-obs-00262,D-011_oda_disbursement_poland,VNM,2021,2021,2021,,,,14985434,USD,,,,,,[개별] Poland → 베트남 ODA 총지출액(2024년 불변가).,Organisation for Economic Co-operation and Development — Creditor Reporting System (CRS),https://data-explorer.oecd.org/vis?df[ds]=dsDisseminateFinalDMZ&df[id]=DSD_CRS%40DF_CRS&dq=..VNM._T._T.D.Q._T..&pd=2020%2C2024,OECD Terms and Conditions,D-011_개도국 내 각국별 ODA 규모.xlsx,1.1_observation(측정값),265,
D-011,개도국 내 각국별 ODA 규모,observation,v124-d-011-obs-00263,D-011_oda_disbursement_poland,VNM,2022,2022,2022,,,,1323087,USD,,,,,,[개별] Poland → 베트남 ODA 총지출액(2024년 불변가).,Organisation for Economic Co-operation and Development — Creditor Reporting System (CRS),https://data-explorer.oecd.org/vis?df[ds]=dsDisseminateFinalDMZ&df[id]=DSD_CRS%40DF_CRS&dq=..VNM._T._T.D.Q._T..&pd=2020%2C2024,OECD Terms and Conditions,D-011_개도국 내 각국별 ODA 규모.xlsx,1.1_observation(측정값),266,
D-011,개도국 내 각국별 ODA 규모,observation,v124-d-011-obs-00264,D-011_oda_disbursement_poland,VNM,2023,2023,2023,,,,1359410,USD,,,,,,[개별] Poland → 베트남 ODA 총지출액(2024년 불변가).,Organisation for Economic Co-operation and Development — Creditor Reporting System (CRS),https://data-explorer.oecd.org/vis?df[ds]=dsDisseminateFinalDMZ&df[id]=DSD_CRS%40DF_CRS&dq=..VNM._T._T.D.Q._T..&pd=2020%2C2024,OECD Terms and Conditions,D-011_개도국 내 각국별 ODA 규모.xlsx,1.1_observation(측정값),267,
D-011,개도국 내 각국별 ODA 규모,observation,v124-d-011-obs-00265,D-011_oda_disbursement_poland,VNM,2024,2024,2024,,,,1277973,USD,,,,,,[개별] Poland → 베트남 ODA 총지출액(2024년 불변가).,Organisation for Economic Co-operation and Development — Creditor Reporting System (CRS),https://data-explorer.oecd.org/vis?df[ds]=dsDisseminateFinalDMZ&df[id]=DSD_CRS%40DF_CRS&dq=..VNM._T._T.D.Q._T..&pd=2020%2C2024,OECD Terms and Conditions,D-011_개도국 내 각국별 ODA 규모.xlsx,1.1_observation(측정값),268,
D-011,개도국 내 각국별 ODA 규모,observation,v124-d-011-obs-00266,D-011_oda_disbursement_portugal,VNM,2020,2020,2020,,,,42051,USD,,,,,,[개별] Portugal → 베트남 ODA 총지출액(2024년 불변가).,Organisation for Economic Co-operation and Development — Creditor Reporting System (CRS),https://data-explorer.oecd.org/vis?df[ds]=dsDisseminateFinalDMZ&df[id]=DSD_CRS%40DF_CRS&dq=..VNM._T._T.D.Q._T..&pd=2020%2C2024,OECD Terms and Conditions,D-011_개도국 내 각국별 ODA 규모.xlsx,1.1_observation(측정값),269,
D-011,개도국 내 각국별 ODA 규모,observation,v124-d-011-obs-00267,D-011_oda_disbursement_portugal,VNM,2021,2021,2021,,,,1212477,USD,,,,,,[개별] Portugal → 베트남 ODA 총지출액(2024년 불변가).,Organisation for Economic Co-operation and Development — Creditor Reporting System (CRS),https://data-explorer.oecd.org/vis?df[ds]=dsDisseminateFinalDMZ&df[id]=DSD_CRS%40DF_CRS&dq=..VNM._T._T.D.Q._T..&pd=2020%2C2024,OECD Terms and Conditions,D-011_개도국 내 각국별 ODA 규모.xlsx,1.1_observation(측정값),270,
D-011,개도국 내 각국별 ODA 규모,observation,v124-d-011-obs-00268,D-011_oda_disbursement_portugal,VNM,2022,2022,2022,,,,51115,USD,,,,,,[개별] Portugal → 베트남 ODA 총지출액(2024년 불변가).,Organisation for Economic Co-operation and Development — Creditor Reporting System (CRS),https://data-explorer.oecd.org/vis?df[ds]=dsDisseminateFinalDMZ&df[id]=DSD_CRS%40DF_CRS&dq=..VNM._T._T.D.Q._T..&pd=2020%2C2024,OECD Terms and Conditions,D-011_개도국 내 각국별 ODA 규모.xlsx,1.1_observation(측정값),271,
D-011,개도국 내 각국별 ODA 규모,observation,v124-d-011-obs-00269,D-011_oda_disbursement_portugal,VNM,2023,2023,2023,,,,41575,USD,,,,,,[개별] Portugal → 베트남 ODA 총지출액(2024년 불변가).,Organisation for Economic Co-operation and Development — Creditor Reporting System (CRS),https://data-explorer.oecd.org/vis?df[ds]=dsDisseminateFinalDMZ&df[id]=DSD_CRS%40DF_CRS&dq=..VNM._T._T.D.Q._T..&pd=2020%2C2024,OECD Terms and Conditions,D-011_개도국 내 각국별 ODA 규모.xlsx,1.1_observation(측정값),272,
D-011,개도국 내 각국별 ODA 규모,observation,v124-d-011-obs-00270,D-011_oda_disbursement_portugal,VNM,2024,2024,2024,,,,59413,USD,,,,,,[개별] Portugal → 베트남 ODA 총지출액(2024년 불변가).,Organisation for Economic Co-operation and Development — Creditor Reporting System (CRS),https://data-explorer.oecd.org/vis?df[ds]=dsDisseminateFinalDMZ&df[id]=DSD_CRS%40DF_CRS&dq=..VNM._T._T.D.Q._T..&pd=2020%2C2024,OECD Terms and Conditions,D-011_개도국 내 각국별 ODA 규모.xlsx,1.1_observation(측정값),273,
D-011,개도국 내 각국별 ODA 규모,observation,v124-d-011-obs-00271,D-011_oda_disbursement_private_infrastructure_development_group,VNM,2020,2020,2020,,,,,USD,,,,,M01,[M01·원자료 결측] [개별(하위기구)] Private Infrastructure Development Group → 베트남 ODA 총지출액(2024년 불변가). 해당 연도 값이 원천에 게재되지 않음.,Organisation for Economic Co-operation and Development — Creditor Reporting System (CRS),https://data-explorer.oecd.org/vis?df[ds]=dsDisseminateFinalDMZ&df[id]=DSD_CRS%40DF_CRS&dq=..VNM._T._T.D.Q._T..&pd=2020%2C2024,OECD Terms and Conditions,D-011_개도국 내 각국별 ODA 규모.xlsx,1.1_observation(측정값),274,
D-011,개도국 내 각국별 ODA 규모,observation,v124-d-011-obs-00272,D-011_oda_disbursement_private_infrastructure_development_group,VNM,2021,2021,2021,,,,185781,USD,,,,,,[개별(하위기구)] Private Infrastructure Development Group → 베트남 ODA 총지출액(2024년 불변가).,Organisation for Economic Co-operation and Development — Creditor Reporting System (CRS),https://data-explorer.oecd.org/vis?df[ds]=dsDisseminateFinalDMZ&df[id]=DSD_CRS%40DF_CRS&dq=..VNM._T._T.D.Q._T..&pd=2020%2C2024,OECD Terms and Conditions,D-011_개도국 내 각국별 ODA 규모.xlsx,1.1_observation(측정값),275,
D-011,개도국 내 각국별 ODA 규모,observation,v124-d-011-obs-00273,D-011_oda_disbursement_private_infrastructure_development_group,VNM,2022,2022,2022,,,,2687385,USD,,,,,,[개별(하위기구)] Private Infrastructure Development Group → 베트남 ODA 총지출액(2024년 불변가).,Organisation for Economic Co-operation and Development — Creditor Reporting System (CRS),https://data-explorer.oecd.org/vis?df[ds]=dsDisseminateFinalDMZ&df[id]=DSD_CRS%40DF_CRS&dq=..VNM._T._T.D.Q._T..&pd=2020%2C2024,OECD Terms and Conditions,D-011_개도국 내 각국별 ODA 규모.xlsx,1.1_observation(측정값),276,
D-011,개도국 내 각국별 ODA 규모,observation,v124-d-011-obs-00274,D-011_oda_disbursement_private_infrastructure_development_group,VNM,2023,2023,2023,,,,361426,USD,,,,,,[개별(하위기구)] Private Infrastructure Development Group → 베트남 ODA 총지출액(2024년 불변가).,Organisation for Economic Co-operation and Development — Creditor Reporting System (CRS),https://data-explorer.oecd.org/vis?df[ds]=dsDisseminateFinalDMZ&df[id]=DSD_CRS%40DF_CRS&dq=..VNM._T._T.D.Q._T..&pd=2020%2C2024,OECD Terms and Conditions,D-011_개도국 내 각국별 ODA 규모.xlsx,1.1_observation(측정값),277,
D-011,개도국 내 각국별 ODA 규모,observation,v124-d-011-obs-00275,D-011_oda_disbursement_private_infrastructure_development_group,VNM,2024,2024,2024,,,,214000,USD,,,,,,[개별(하위기구)] Private Infrastructure Development Group → 베트남 ODA 총지출액(2024년 불변가).,Organisation for Economic Co-operation and Development — Creditor Reporting System (CRS),https://data-explorer.oecd.org/vis?df[ds]=dsDisseminateFinalDMZ&df[id]=DSD_CRS%40DF_CRS&dq=..VNM._T._T.D.Q._T..&pd=2020%2C2024,OECD Terms and Conditions,D-011_개도국 내 각국별 ODA 규모.xlsx,1.1_observation(측정값),278,
D-011,개도국 내 각국별 ODA 규모,observation,v124-d-011-obs-00276,D-011_oda_disbursement_qatar,VNM,2020,2020,2020,,,,266082,USD,,,,,,[개별] Qatar → 베트남 ODA 총지출액(2024년 불변가).,Organisation for Economic Co-operation and Development — Creditor Reporting System (CRS),https://data-explorer.oecd.org/vis?df[ds]=dsDisseminateFinalDMZ&df[id]=DSD_CRS%40DF_CRS&dq=..VNM._T._T.D.Q._T..&pd=2020%2C2024,OECD Terms and Conditions,D-011_개도국 내 각국별 ODA 규모.xlsx,1.1_observation(측정값),279,
D-011,개도국 내 각국별 ODA 규모,observation,v124-d-011-obs-00277,D-011_oda_disbursement_qatar,VNM,2021,2021,2021,,,,304557,USD,,,,,,[개별] Qatar → 베트남 ODA 총지출액(2024년 불변가).,Organisation for Economic Co-operation and Development — Creditor Reporting System (CRS),https://data-explorer.oecd.org/vis?df[ds]=dsDisseminateFinalDMZ&df[id]=DSD_CRS%40DF_CRS&dq=..VNM._T._T.D.Q._T..&pd=2020%2C2024,OECD Terms and Conditions,D-011_개도국 내 각국별 ODA 규모.xlsx,1.1_observation(측정값),280,
D-011,개도국 내 각국별 ODA 규모,observation,v124-d-011-obs-00278,D-011_oda_disbursement_qatar,VNM,2022,2022,2022,,,,1346468,USD,,,,,,[개별] Qatar → 베트남 ODA 총지출액(2024년 불변가).,Organisation for Economic Co-operation and Development — Creditor Reporting System (CRS),https://data-explorer.oecd.org/vis?df[ds]=dsDisseminateFinalDMZ&df[id]=DSD_CRS%40DF_CRS&dq=..VNM._T._T.D.Q._T..&pd=2020%2C2024,OECD Terms and Conditions,D-011_개도국 내 각국별 ODA 규모.xlsx,1.1_observation(측정값),281,
D-011,개도국 내 각국별 ODA 규모,observation,v124-d-011-obs-00279,D-011_oda_disbursement_qatar,VNM,2023,2023,2023,,,,930352,USD,,,,,,[개별] Qatar → 베트남 ODA 총지출액(2024년 불변가).,Organisation for Economic Co-operation and Development — Creditor Reporting System (CRS),https://data-explorer.oecd.org/vis?df[ds]=dsDisseminateFinalDMZ&df[id]=DSD_CRS%40DF_CRS&dq=..VNM._T._T.D.Q._T..&pd=2020%2C2024,OECD Terms and Conditions,D-011_개도국 내 각국별 ODA 규모.xlsx,1.1_observation(측정값),282,
D-011,개도국 내 각국별 ODA 규모,observation,v124-d-011-obs-00280,D-011_oda_disbursement_qatar,VNM,2024,2024,2024,,,,825968,USD,,,,,,[개별] Qatar → 베트남 ODA 총지출액(2024년 불변가).,Organisation for Economic Co-operation and Development — Creditor Reporting System (CRS),https://data-explorer.oecd.org/vis?df[ds]=dsDisseminateFinalDMZ&df[id]=DSD_CRS%40DF_CRS&dq=..VNM._T._T.D.Q._T..&pd=2020%2C2024,OECD Terms and Conditions,D-011_개도국 내 각국별 ODA 규모.xlsx,1.1_observation(측정값),283,
D-011,개도국 내 각국별 ODA 규모,observation,v124-d-011-obs-00281,D-011_oda_disbursement_regional_development_banks,VNM,2020,2020,2020,,,,289756476,USD,,,,,,[개별] Regional Development Banks → 베트남 ODA 총지출액(2024년 불변가).,Organisation for Economic Co-operation and Development — Creditor Reporting System (CRS),https://data-explorer.oecd.org/vis?df[ds]=dsDisseminateFinalDMZ&df[id]=DSD_CRS%40DF_CRS&dq=..VNM._T._T.D.Q._T..&pd=2020%2C2024,OECD Terms and Conditions,D-011_개도국 내 각국별 ODA 규모.xlsx,1.1_observation(측정값),284,
D-011,개도국 내 각국별 ODA 규모,observation,v124-d-011-obs-00282,D-011_oda_disbursement_regional_development_banks,VNM,2021,2021,2021,,,,187778210,USD,,,,,,[개별] Regional Development Banks → 베트남 ODA 총지출액(2024년 불변가).,Organisation for Economic Co-operation and Development — Creditor Reporting System (CRS),https://data-explorer.oecd.org/vis?df[ds]=dsDisseminateFinalDMZ&df[id]=DSD_CRS%40DF_CRS&dq=..VNM._T._T.D.Q._T..&pd=2020%2C2024,OECD Terms and Conditions,D-011_개도국 내 각국별 ODA 규모.xlsx,1.1_observation(측정값),285,
D-011,개도국 내 각국별 ODA 규모,observation,v124-d-011-obs-00283,D-011_oda_disbursement_regional_development_banks,VNM,2022,2022,2022,,,,160646107,USD,,,,,,[개별] Regional Development Banks → 베트남 ODA 총지출액(2024년 불변가).,Organisation for Economic Co-operation and Development — Creditor Reporting System (CRS),https://data-explorer.oecd.org/vis?df[ds]=dsDisseminateFinalDMZ&df[id]=DSD_CRS%40DF_CRS&dq=..VNM._T._T.D.Q._T..&pd=2020%2C2024,OECD Terms and Conditions,D-011_개도국 내 각국별 ODA 규모.xlsx,1.1_observation(측정값),286,
D-011,개도국 내 각국별 ODA 규모,observation,v124-d-011-obs-00284,D-011_oda_disbursement_regional_development_banks,VNM,2023,2023,2023,,,,239314949,USD,,,,,,[개별] Regional Development Banks → 베트남 ODA 총지출액(2024년 불변가).,Organisation for Economic Co-operation and Development — Creditor Reporting System (CRS),https://data-explorer.oecd.org/vis?df[ds]=dsDisseminateFinalDMZ&df[id]=DSD_CRS%40DF_CRS&dq=..VNM._T._T.D.Q._T..&pd=2020%2C2024,OECD Terms and Conditions,D-011_개도국 내 각국별 ODA 규모.xlsx,1.1_observation(측정값),287,
D-011,개도국 내 각국별 ODA 규모,observation,v124-d-011-obs-00285,D-011_oda_disbursement_regional_development_banks,VNM,2024,2024,2024,,,,105740354,USD,,,,,,[개별] Regional Development Banks → 베트남 ODA 총지출액(2024년 불변가).,Organisation for Economic Co-operation and Development — Creditor Reporting System (CRS),https://data-explorer.oecd.org/vis?df[ds]=dsDisseminateFinalDMZ&df[id]=DSD_CRS%40DF_CRS&dq=..VNM._T._T.D.Q._T..&pd=2020%2C2024,OECD Terms and Conditions,D-011_개도국 내 각국별 ODA 규모.xlsx,1.1_observation(측정값),288,
D-011,개도국 내 각국별 ODA 규모,observation,v124-d-011-obs-00286,D-011_oda_disbursement_romania,VNM,2020,2020,2020,,,,319081,USD,,,,,,[개별] Romania → 베트남 ODA 총지출액(2024년 불변가).,Organisation for Economic Co-operation and Development — Creditor Reporting System (CRS),https://data-explorer.oecd.org/vis?df[ds]=dsDisseminateFinalDMZ&df[id]=DSD_CRS%40DF_CRS&dq=..VNM._T._T.D.Q._T..&pd=2020%2C2024,OECD Terms and Conditions,D-011_개도국 내 각국별 ODA 규모.xlsx,1.1_observation(측정값),289,
D-011,개도국 내 각국별 ODA 규모,observation,v124-d-011-obs-00287,D-011_oda_disbursement_romania,VNM,2021,2021,2021,,,,1134051,USD,,,,,,[개별] Romania → 베트남 ODA 총지출액(2024년 불변가).,Organisation for Economic Co-operation and Development — Creditor Reporting System (CRS),https://data-explorer.oecd.org/vis?df[ds]=dsDisseminateFinalDMZ&df[id]=DSD_CRS%40DF_CRS&dq=..VNM._T._T.D.Q._T..&pd=2020%2C2024,OECD Terms and Conditions,D-011_개도국 내 각국별 ODA 규모.xlsx,1.1_observation(측정값),290,
D-011,개도국 내 각국별 ODA 규모,observation,v124-d-011-obs-00288,D-011_oda_disbursement_romania,VNM,2022,2022,2022,,,,211806,USD,,,,,,[개별] Romania → 베트남 ODA 총지출액(2024년 불변가).,Organisation for Economic Co-operation and Development — Creditor Reporting System (CRS),https://data-explorer.oecd.org/vis?df[ds]=dsDisseminateFinalDMZ&df[id]=DSD_CRS%40DF_CRS&dq=..VNM._T._T.D.Q._T..&pd=2020%2C2024,OECD Terms and Conditions,D-011_개도국 내 각국별 ODA 규모.xlsx,1.1_observation(측정값),291,
D-011,개도국 내 각국별 ODA 규모,observation,v124-d-011-obs-00289,D-011_oda_disbursement_romania,VNM,2023,2023,2023,,,,150558,USD,,,,,,[개별] Romania → 베트남 ODA 총지출액(2024년 불변가).,Organisation for Economic Co-operation and Development — Creditor Reporting System (CRS),https://data-explorer.oecd.org/vis?df[ds]=dsDisseminateFinalDMZ&df[id]=DSD_CRS%40DF_CRS&dq=..VNM._T._T.D.Q._T..&pd=2020%2C2024,OECD Terms and Conditions,D-011_개도국 내 각국별 ODA 규모.xlsx,1.1_observation(측정값),292,
D-011,개도국 내 각국별 ODA 규모,observation,v124-d-011-obs-00290,D-011_oda_disbursement_romania,VNM,2024,2024,2024,,,,129029,USD,,,,,,[개별] Romania → 베트남 ODA 총지출액(2024년 불변가).,Organisation for Economic Co-operation and Development — Creditor Reporting System (CRS),https://data-explorer.oecd.org/vis?df[ds]=dsDisseminateFinalDMZ&df[id]=DSD_CRS%40DF_CRS&dq=..VNM._T._T.D.Q._T..&pd=2020%2C2024,OECD Terms and Conditions,D-011_개도국 내 각국별 ODA 규모.xlsx,1.1_observation(측정값),293,
D-011,개도국 내 각국별 ODA 규모,observation,v124-d-011-obs-00291,D-011_oda_disbursement_saudi_arabia,VNM,2020,2020,2020,,,,17809827,USD,,,,,,[개별] Saudi Arabia → 베트남 ODA 총지출액(2024년 불변가).,Organisation for Economic Co-operation and Development — Creditor Reporting System (CRS),https://data-explorer.oecd.org/vis?df[ds]=dsDisseminateFinalDMZ&df[id]=DSD_CRS%40DF_CRS&dq=..VNM._T._T.D.Q._T..&pd=2020%2C2024,OECD Terms and Conditions,D-011_개도국 내 각국별 ODA 규모.xlsx,1.1_observation(측정값),294,
D-011,개도국 내 각국별 ODA 규모,observation,v124-d-011-obs-00292,D-011_oda_disbursement_saudi_arabia,VNM,2021,2021,2021,,,,11844367,USD,,,,,,[개별] Saudi Arabia → 베트남 ODA 총지출액(2024년 불변가).,Organisation for Economic Co-operation and Development — Creditor Reporting System (CRS),https://data-explorer.oecd.org/vis?df[ds]=dsDisseminateFinalDMZ&df[id]=DSD_CRS%40DF_CRS&dq=..VNM._T._T.D.Q._T..&pd=2020%2C2024,OECD Terms and Conditions,D-011_개도국 내 각국별 ODA 규모.xlsx,1.1_observation(측정값),295,
D-011,개도국 내 각국별 ODA 규모,observation,v124-d-011-obs-00293,D-011_oda_disbursement_saudi_arabia,VNM,2022,2022,2022,,,,7594683,USD,,,,,,[개별] Saudi Arabia → 베트남 ODA 총지출액(2024년 불변가).,Organisation for Economic Co-operation and Development — Creditor Reporting System (CRS),https://data-explorer.oecd.org/vis?df[ds]=dsDisseminateFinalDMZ&df[id]=DSD_CRS%40DF_CRS&dq=..VNM._T._T.D.Q._T..&pd=2020%2C2024,OECD Terms and Conditions,D-011_개도국 내 각국별 ODA 규모.xlsx,1.1_observation(측정값),296,
D-011,개도국 내 각국별 ODA 규모,observation,v124-d-011-obs-00294,D-011_oda_disbursement_saudi_arabia,VNM,2023,2023,2023,,,,3043279,USD,,,,,,[개별] Saudi Arabia → 베트남 ODA 총지출액(2024년 불변가).,Organisation for Economic Co-operation and Development — Creditor Reporting System (CRS),https://data-explorer.oecd.org/vis?df[ds]=dsDisseminateFinalDMZ&df[id]=DSD_CRS%40DF_CRS&dq=..VNM._T._T.D.Q._T..&pd=2020%2C2024,OECD Terms and Conditions,D-011_개도국 내 각국별 ODA 규모.xlsx,1.1_observation(측정값),297,
D-011,개도국 내 각국별 ODA 규모,observation,v124-d-011-obs-00295,D-011_oda_disbursement_saudi_arabia,VNM,2024,2024,2024,,,,3346663,USD,,,,,,[개별] Saudi Arabia → 베트남 ODA 총지출액(2024년 불변가).,Organisation for Economic Co-operation and Development — Creditor Reporting System (CRS),https://data-explorer.oecd.org/vis?df[ds]=dsDisseminateFinalDMZ&df[id]=DSD_CRS%40DF_CRS&dq=..VNM._T._T.D.Q._T..&pd=2020%2C2024,OECD Terms and Conditions,D-011_개도국 내 각국별 ODA 규모.xlsx,1.1_observation(측정값),298,
D-011,개도국 내 각국별 ODA 규모,observation,v124-d-011-obs-00296,D-011_oda_disbursement_slovak_republic,VNM,2020,2020,2020,,,,16635,USD,,,,,,[개별] Slovak Republic → 베트남 ODA 총지출액(2024년 불변가).,Organisation for Economic Co-operation and Development — Creditor Reporting System (CRS),https://data-explorer.oecd.org/vis?df[ds]=dsDisseminateFinalDMZ&df[id]=DSD_CRS%40DF_CRS&dq=..VNM._T._T.D.Q._T..&pd=2020%2C2024,OECD Terms and Conditions,D-011_개도국 내 각국별 ODA 규모.xlsx,1.1_observation(측정값),299,
D-011,개도국 내 각국별 ODA 규모,observation,v124-d-011-obs-00297,D-011_oda_disbursement_slovak_republic,VNM,2021,2021,2021,,,,396559,USD,,,,,,[개별] Slovak Republic → 베트남 ODA 총지출액(2024년 불변가).,Organisation for Economic Co-operation and Development — Creditor Reporting System (CRS),https://data-explorer.oecd.org/vis?df[ds]=dsDisseminateFinalDMZ&df[id]=DSD_CRS%40DF_CRS&dq=..VNM._T._T.D.Q._T..&pd=2020%2C2024,OECD Terms and Conditions,D-011_개도국 내 각국별 ODA 규모.xlsx,1.1_observation(측정값),300,
D-011,개도국 내 각국별 ODA 규모,observation,v124-d-011-obs-00298,D-011_oda_disbursement_slovak_republic,VNM,2022,2022,2022,,,,10040,USD,,,,,,[개별] Slovak Republic → 베트남 ODA 총지출액(2024년 불변가).,Organisation for Economic Co-operation and Development — Creditor Reporting System (CRS),https://data-explorer.oecd.org/vis?df[ds]=dsDisseminateFinalDMZ&df[id]=DSD_CRS%40DF_CRS&dq=..VNM._T._T.D.Q._T..&pd=2020%2C2024,OECD Terms and Conditions,D-011_개도국 내 각국별 ODA 규모.xlsx,1.1_observation(측정값),301,
D-011,개도국 내 각국별 ODA 규모,observation,v124-d-011-obs-00299,D-011_oda_disbursement_slovak_republic,VNM,2023,2023,2023,,,,3936,USD,,,,,,[개별] Slovak Republic → 베트남 ODA 총지출액(2024년 불변가).,Organisation for Economic Co-operation and Development — Creditor Reporting System (CRS),https://data-explorer.oecd.org/vis?df[ds]=dsDisseminateFinalDMZ&df[id]=DSD_CRS%40DF_CRS&dq=..VNM._T._T.D.Q._T..&pd=2020%2C2024,OECD Terms and Conditions,D-011_개도국 내 각국별 ODA 규모.xlsx,1.1_observation(측정값),302,
D-011,개도국 내 각국별 ODA 규모,observation,v124-d-011-obs-00300,D-011_oda_disbursement_slovak_republic,VNM,2024,2024,2024,,,,,USD,,,,,M01,[M01·원자료 결측] [개별] Slovak Republic → 베트남 ODA 총지출액(2024년 불변가). 해당 연도 값이 원천에 게재되지 않음.,Organisation for Economic Co-operation and Development — Creditor Reporting System (CRS),https://data-explorer.oecd.org/vis?df[ds]=dsDisseminateFinalDMZ&df[id]=DSD_CRS%40DF_CRS&dq=..VNM._T._T.D.Q._T..&pd=2020%2C2024,OECD Terms and Conditions,D-011_개도국 내 각국별 ODA 규모.xlsx,1.1_observation(측정값),303,
D-011,개도국 내 각국별 ODA 규모,observation,v124-d-011-obs-00301,D-011_oda_disbursement_spain,VNM,2020,2020,2020,,,,103701,USD,,,,,,[개별] Spain → 베트남 ODA 총지출액(2024년 불변가).,Organisation for Economic Co-operation and Development — Creditor Reporting System (CRS),https://data-explorer.oecd.org/vis?df[ds]=dsDisseminateFinalDMZ&df[id]=DSD_CRS%40DF_CRS&dq=..VNM._T._T.D.Q._T..&pd=2020%2C2024,OECD Terms and Conditions,D-011_개도국 내 각국별 ODA 규모.xlsx,1.1_observation(측정값),304,
D-011,개도국 내 각국별 ODA 규모,observation,v124-d-011-obs-00302,D-011_oda_disbursement_spain,VNM,2021,2021,2021,,,,78122,USD,,,,,,[개별] Spain → 베트남 ODA 총지출액(2024년 불변가).,Organisation for Economic Co-operation and Development — Creditor Reporting System (CRS),https://data-explorer.oecd.org/vis?df[ds]=dsDisseminateFinalDMZ&df[id]=DSD_CRS%40DF_CRS&dq=..VNM._T._T.D.Q._T..&pd=2020%2C2024,OECD Terms and Conditions,D-011_개도국 내 각국별 ODA 규모.xlsx,1.1_observation(측정값),305,
D-011,개도국 내 각국별 ODA 규모,observation,v124-d-011-obs-00303,D-011_oda_disbursement_spain,VNM,2022,2022,2022,,,,89090,USD,,,,,,[개별] Spain → 베트남 ODA 총지출액(2024년 불변가).,Organisation for Economic Co-operation and Development — Creditor Reporting System (CRS),https://data-explorer.oecd.org/vis?df[ds]=dsDisseminateFinalDMZ&df[id]=DSD_CRS%40DF_CRS&dq=..VNM._T._T.D.Q._T..&pd=2020%2C2024,OECD Terms and Conditions,D-011_개도국 내 각국별 ODA 규모.xlsx,1.1_observation(측정값),306,
D-011,개도국 내 각국별 ODA 규모,observation,v124-d-011-obs-00304,D-011_oda_disbursement_spain,VNM,2023,2023,2023,,,,44513,USD,,,,,,[개별] Spain → 베트남 ODA 총지출액(2024년 불변가).,Organisation for Economic Co-operation and Development — Creditor Reporting System (CRS),https://data-explorer.oecd.org/vis?df[ds]=dsDisseminateFinalDMZ&df[id]=DSD_CRS%40DF_CRS&dq=..VNM._T._T.D.Q._T..&pd=2020%2C2024,OECD Terms and Conditions,D-011_개도국 내 각국별 ODA 규모.xlsx,1.1_observation(측정값),307,
D-011,개도국 내 각국별 ODA 규모,observation,v124-d-011-obs-00305,D-011_oda_disbursement_spain,VNM,2024,2024,2024,,,,45453,USD,,,,,,[개별] Spain → 베트남 ODA 총지출액(2024년 불변가).,Organisation for Economic Co-operation and Development — Creditor Reporting System (CRS),https://data-explorer.oecd.org/vis?df[ds]=dsDisseminateFinalDMZ&df[id]=DSD_CRS%40DF_CRS&dq=..VNM._T._T.D.Q._T..&pd=2020%2C2024,OECD Terms and Conditions,D-011_개도국 내 각국별 ODA 규모.xlsx,1.1_observation(측정값),308,
D-011,개도국 내 각국별 ODA 규모,observation,v124-d-011-obs-00306,D-011_oda_disbursement_sprp,VNM,2020,2020,2020,,,,,USD,,,,,M01,[M01·원자료 결측] [개별(하위기구)] WHO-Strategic Preparedness and Response Plan [SPRP] → 베트남 ODA 총지출액(2024년 불변가). 해당 연도 값이 원천에 게재되지 않음.,Organisation for Economic Co-operation and Development — Creditor Reporting System (CRS),https://data-explorer.oecd.org/vis?df[ds]=dsDisseminateFinalDMZ&df[id]=DSD_CRS%40DF_CRS&dq=..VNM._T._T.D.Q._T..&pd=2020%2C2024,OECD Terms and Conditions,D-011_개도국 내 각국별 ODA 규모.xlsx,1.1_observation(측정값),309,
D-011,개도국 내 각국별 ODA 규모,observation,v124-d-011-obs-00307,D-011_oda_disbursement_sprp,VNM,2021,2021,2021,,,,1175236,USD,,,,,,[개별(하위기구)] WHO-Strategic Preparedness and Response Plan [SPRP] → 베트남 ODA 총지출액(2024년 불변가).,Organisation for Economic Co-operation and Development — Creditor Reporting System (CRS),https://data-explorer.oecd.org/vis?df[ds]=dsDisseminateFinalDMZ&df[id]=DSD_CRS%40DF_CRS&dq=..VNM._T._T.D.Q._T..&pd=2020%2C2024,OECD Terms and Conditions,D-011_개도국 내 각국별 ODA 규모.xlsx,1.1_observation(측정값),310,
D-011,개도국 내 각국별 ODA 규모,observation,v124-d-011-obs-00308,D-011_oda_disbursement_sprp,VNM,2022,2022,2022,,,,166199,USD,,,,,,[개별(하위기구)] WHO-Strategic Preparedness and Response Plan [SPRP] → 베트남 ODA 총지출액(2024년 불변가).,Organisation for Economic Co-operation and Development — Creditor Reporting System (CRS),https://data-explorer.oecd.org/vis?df[ds]=dsDisseminateFinalDMZ&df[id]=DSD_CRS%40DF_CRS&dq=..VNM._T._T.D.Q._T..&pd=2020%2C2024,OECD Terms and Conditions,D-011_개도국 내 각국별 ODA 규모.xlsx,1.1_observation(측정값),311,
D-011,개도국 내 각국별 ODA 규모,observation,v124-d-011-obs-00309,D-011_oda_disbursement_sprp,VNM,2023,2023,2023,,,,179365,USD,,,,,,[개별(하위기구)] WHO-Strategic Preparedness and Response Plan [SPRP] → 베트남 ODA 총지출액(2024년 불변가).,Organisation for Economic Co-operation and Development — Creditor Reporting System (CRS),https://data-explorer.oecd.org/vis?df[ds]=dsDisseminateFinalDMZ&df[id]=DSD_CRS%40DF_CRS&dq=..VNM._T._T.D.Q._T..&pd=2020%2C2024,OECD Terms and Conditions,D-011_개도국 내 각국별 ODA 규모.xlsx,1.1_observation(측정값),312,
D-011,개도국 내 각국별 ODA 규모,observation,v124-d-011-obs-00310,D-011_oda_disbursement_sprp,VNM,2024,2024,2024,,,,,USD,,,,,M01,[M01·원자료 결측] [개별(하위기구)] WHO-Strategic Preparedness and Response Plan [SPRP] → 베트남 ODA 총지출액(2024년 불변가). 해당 연도 값이 원천에 게재되지 않음.,Organisation for Economic Co-operation and Development — Creditor Reporting System (CRS),https://data-explorer.oecd.org/vis?df[ds]=dsDisseminateFinalDMZ&df[id]=DSD_CRS%40DF_CRS&dq=..VNM._T._T.D.Q._T..&pd=2020%2C2024,OECD Terms and Conditions,D-011_개도국 내 각국별 ODA 규모.xlsx,1.1_observation(측정값),313,
D-011,개도국 내 각국별 ODA 규모,observation,v124-d-011-obs-00311,D-011_oda_disbursement_sweden,VNM,2020,2020,2020,,,,1777045,USD,,,,,,[개별] Sweden → 베트남 ODA 총지출액(2024년 불변가).,Organisation for Economic Co-operation and Development — Creditor Reporting System (CRS),https://data-explorer.oecd.org/vis?df[ds]=dsDisseminateFinalDMZ&df[id]=DSD_CRS%40DF_CRS&dq=..VNM._T._T.D.Q._T..&pd=2020%2C2024,OECD Terms and Conditions,D-011_개도국 내 각국별 ODA 규모.xlsx,1.1_observation(측정값),314,
D-011,개도국 내 각국별 ODA 규모,observation,v124-d-011-obs-00312,D-011_oda_disbursement_sweden,VNM,2021,2021,2021,,,,3401940,USD,,,,,,[개별] Sweden → 베트남 ODA 총지출액(2024년 불변가).,Organisation for Economic Co-operation and Development — Creditor Reporting System (CRS),https://data-explorer.oecd.org/vis?df[ds]=dsDisseminateFinalDMZ&df[id]=DSD_CRS%40DF_CRS&dq=..VNM._T._T.D.Q._T..&pd=2020%2C2024,OECD Terms and Conditions,D-011_개도국 내 각국별 ODA 규모.xlsx,1.1_observation(측정값),315,
D-011,개도국 내 각국별 ODA 규모,observation,v124-d-011-obs-00313,D-011_oda_disbursement_sweden,VNM,2022,2022,2022,,,,3286901,USD,,,,,,[개별] Sweden → 베트남 ODA 총지출액(2024년 불변가).,Organisation for Economic Co-operation and Development — Creditor Reporting System (CRS),https://data-explorer.oecd.org/vis?df[ds]=dsDisseminateFinalDMZ&df[id]=DSD_CRS%40DF_CRS&dq=..VNM._T._T.D.Q._T..&pd=2020%2C2024,OECD Terms and Conditions,D-011_개도국 내 각국별 ODA 규모.xlsx,1.1_observation(측정값),316,
D-011,개도국 내 각국별 ODA 규모,observation,v124-d-011-obs-00314,D-011_oda_disbursement_sweden,VNM,2023,2023,2023,,,,3004098,USD,,,,,,[개별] Sweden → 베트남 ODA 총지출액(2024년 불변가).,Organisation for Economic Co-operation and Development — Creditor Reporting System (CRS),https://data-explorer.oecd.org/vis?df[ds]=dsDisseminateFinalDMZ&df[id]=DSD_CRS%40DF_CRS&dq=..VNM._T._T.D.Q._T..&pd=2020%2C2024,OECD Terms and Conditions,D-011_개도국 내 각국별 ODA 규모.xlsx,1.1_observation(측정값),317,
D-011,개도국 내 각국별 ODA 규모,observation,v124-d-011-obs-00315,D-011_oda_disbursement_sweden,VNM,2024,2024,2024,,,,3545025,USD,,,,,,[개별] Sweden → 베트남 ODA 총지출액(2024년 불변가).,Organisation for Economic Co-operation and Development — Creditor Reporting System (CRS),https://data-explorer.oecd.org/vis?df[ds]=dsDisseminateFinalDMZ&df[id]=DSD_CRS%40DF_CRS&dq=..VNM._T._T.D.Q._T..&pd=2020%2C2024,OECD Terms and Conditions,D-011_개도국 내 각국별 ODA 규모.xlsx,1.1_observation(측정값),318,
D-011,개도국 내 각국별 ODA 규모,observation,v124-d-011-obs-00316,D-011_oda_disbursement_switzerland,VNM,2020,2020,2020,,,,25562754,USD,,,,,,[개별] Switzerland → 베트남 ODA 총지출액(2024년 불변가).,Organisation for Economic Co-operation and Development — Creditor Reporting System (CRS),https://data-explorer.oecd.org/vis?df[ds]=dsDisseminateFinalDMZ&df[id]=DSD_CRS%40DF_CRS&dq=..VNM._T._T.D.Q._T..&pd=2020%2C2024,OECD Terms and Conditions,D-011_개도국 내 각국별 ODA 규모.xlsx,1.1_observation(측정값),319,
D-011,개도국 내 각국별 ODA 규모,observation,v124-d-011-obs-00317,D-011_oda_disbursement_switzerland,VNM,2021,2021,2021,,,,24028187,USD,,,,,,[개별] Switzerland → 베트남 ODA 총지출액(2024년 불변가).,Organisation for Economic Co-operation and Development — Creditor Reporting System (CRS),https://data-explorer.oecd.org/vis?df[ds]=dsDisseminateFinalDMZ&df[id]=DSD_CRS%40DF_CRS&dq=..VNM._T._T.D.Q._T..&pd=2020%2C2024,OECD Terms and Conditions,D-011_개도국 내 각국별 ODA 규모.xlsx,1.1_observation(측정값),320,
D-011,개도국 내 각국별 ODA 규모,observation,v124-d-011-obs-00318,D-011_oda_disbursement_switzerland,VNM,2022,2022,2022,,,,13830408,USD,,,,,,[개별] Switzerland → 베트남 ODA 총지출액(2024년 불변가).,Organisation for Economic Co-operation and Development — Creditor Reporting System (CRS),https://data-explorer.oecd.org/vis?df[ds]=dsDisseminateFinalDMZ&df[id]=DSD_CRS%40DF_CRS&dq=..VNM._T._T.D.Q._T..&pd=2020%2C2024,OECD Terms and Conditions,D-011_개도국 내 각국별 ODA 규모.xlsx,1.1_observation(측정값),321,
D-011,개도국 내 각국별 ODA 규모,observation,v124-d-011-obs-00319,D-011_oda_disbursement_switzerland,VNM,2023,2023,2023,,,,16406962,USD,,,,,,[개별] Switzerland → 베트남 ODA 총지출액(2024년 불변가).,Organisation for Economic Co-operation and Development — Creditor Reporting System (CRS),https://data-explorer.oecd.org/vis?df[ds]=dsDisseminateFinalDMZ&df[id]=DSD_CRS%40DF_CRS&dq=..VNM._T._T.D.Q._T..&pd=2020%2C2024,OECD Terms and Conditions,D-011_개도국 내 각국별 ODA 규모.xlsx,1.1_observation(측정값),322,
D-011,개도국 내 각국별 ODA 규모,observation,v124-d-011-obs-00320,D-011_oda_disbursement_switzerland,VNM,2024,2024,2024,,,,21620216,USD,,,,,,[개별] Switzerland → 베트남 ODA 총지출액(2024년 불변가).,Organisation for Economic Co-operation and Development — Creditor Reporting System (CRS),https://data-explorer.oecd.org/vis?df[ds]=dsDisseminateFinalDMZ&df[id]=DSD_CRS%40DF_CRS&dq=..VNM._T._T.D.Q._T..&pd=2020%2C2024,OECD Terms and Conditions,D-011_개도국 내 각국별 ODA 규모.xlsx,1.1_observation(측정값),323,
D-011,개도국 내 각국별 ODA 규모,observation,v124-d-011-obs-00321,D-011_oda_disbursement_thailand,VNM,2020,2020,2020,,,,1120666,USD,,,,,,[개별] Thailand → 베트남 ODA 총지출액(2024년 불변가).,Organisation for Economic Co-operation and Development — Creditor Reporting System (CRS),https://data-explorer.oecd.org/vis?df[ds]=dsDisseminateFinalDMZ&df[id]=DSD_CRS%40DF_CRS&dq=..VNM._T._T.D.Q._T..&pd=2020%2C2024,OECD Terms and Conditions,D-011_개도국 내 각국별 ODA 규모.xlsx,1.1_observation(측정값),324,
D-011,개도국 내 각국별 ODA 규모,observation,v124-d-011-obs-00322,D-011_oda_disbursement_thailand,VNM,2021,2021,2021,,,,615260,USD,,,,,,[개별] Thailand → 베트남 ODA 총지출액(2024년 불변가).,Organisation for Economic Co-operation and Development — Creditor Reporting System (CRS),https://data-explorer.oecd.org/vis?df[ds]=dsDisseminateFinalDMZ&df[id]=DSD_CRS%40DF_CRS&dq=..VNM._T._T.D.Q._T..&pd=2020%2C2024,OECD Terms and Conditions,D-011_개도국 내 각국별 ODA 규모.xlsx,1.1_observation(측정값),325,
D-011,개도국 내 각국별 ODA 규모,observation,v124-d-011-obs-00323,D-011_oda_disbursement_thailand,VNM,2022,2022,2022,,,,237997,USD,,,,,,[개별] Thailand → 베트남 ODA 총지출액(2024년 불변가).,Organisation for Economic Co-operation and Development — Creditor Reporting System (CRS),https://data-explorer.oecd.org/vis?df[ds]=dsDisseminateFinalDMZ&df[id]=DSD_CRS%40DF_CRS&dq=..VNM._T._T.D.Q._T..&pd=2020%2C2024,OECD Terms and Conditions,D-011_개도국 내 각국별 ODA 규모.xlsx,1.1_observation(측정값),326,
D-011,개도국 내 각국별 ODA 규모,observation,v124-d-011-obs-00324,D-011_oda_disbursement_thailand,VNM,2023,2023,2023,,,,,USD,,,,,M01,[M01·원자료 결측] [개별] Thailand → 베트남 ODA 총지출액(2024년 불변가). 해당 연도 값이 원천에 게재되지 않음.,Organisation for Economic Co-operation and Development — Creditor Reporting System (CRS),https://data-explorer.oecd.org/vis?df[ds]=dsDisseminateFinalDMZ&df[id]=DSD_CRS%40DF_CRS&dq=..VNM._T._T.D.Q._T..&pd=2020%2C2024,OECD Terms and Conditions,D-011_개도국 내 각국별 ODA 규모.xlsx,1.1_observation(측정값),327,
D-011,개도국 내 각국별 ODA 규모,observation,v124-d-011-obs-00325,D-011_oda_disbursement_thailand,VNM,2024,2024,2024,,,,430087,USD,,,,,,[개별] Thailand → 베트남 ODA 총지출액(2024년 불변가).,Organisation for Economic Co-operation and Development — Creditor Reporting System (CRS),https://data-explorer.oecd.org/vis?df[ds]=dsDisseminateFinalDMZ&df[id]=DSD_CRS%40DF_CRS&dq=..VNM._T._T.D.Q._T..&pd=2020%2C2024,OECD Terms and Conditions,D-011_개도국 내 각국별 ODA 규모.xlsx,1.1_observation(측정값),328,
D-011,개도국 내 각국별 ODA 규모,observation,v124-d-011-obs-00326,D-011_oda_disbursement_turkiye,VNM,2020,2020,2020,,,,168485,USD,,,,,,[개별] Türkiye → 베트남 ODA 총지출액(2024년 불변가).,Organisation for Economic Co-operation and Development — Creditor Reporting System (CRS),https://data-explorer.oecd.org/vis?df[ds]=dsDisseminateFinalDMZ&df[id]=DSD_CRS%40DF_CRS&dq=..VNM._T._T.D.Q._T..&pd=2020%2C2024,OECD Terms and Conditions,D-011_개도국 내 각국별 ODA 규모.xlsx,1.1_observation(측정값),329,
D-011,개도국 내 각국별 ODA 규모,observation,v124-d-011-obs-00327,D-011_oda_disbursement_turkiye,VNM,2021,2021,2021,,,,70022,USD,,,,,,[개별] Türkiye → 베트남 ODA 총지출액(2024년 불변가).,Organisation for Economic Co-operation and Development — Creditor Reporting System (CRS),https://data-explorer.oecd.org/vis?df[ds]=dsDisseminateFinalDMZ&df[id]=DSD_CRS%40DF_CRS&dq=..VNM._T._T.D.Q._T..&pd=2020%2C2024,OECD Terms and Conditions,D-011_개도국 내 각국별 ODA 규모.xlsx,1.1_observation(측정값),330,
D-011,개도국 내 각국별 ODA 규모,observation,v124-d-011-obs-00328,D-011_oda_disbursement_turkiye,VNM,2022,2022,2022,,,,80783,USD,,,,,,[개별] Türkiye → 베트남 ODA 총지출액(2024년 불변가).,Organisation for Economic Co-operation and Development — Creditor Reporting System (CRS),https://data-explorer.oecd.org/vis?df[ds]=dsDisseminateFinalDMZ&df[id]=DSD_CRS%40DF_CRS&dq=..VNM._T._T.D.Q._T..&pd=2020%2C2024,OECD Terms and Conditions,D-011_개도국 내 각국별 ODA 규모.xlsx,1.1_observation(측정값),331,
D-011,개도국 내 각국별 ODA 규모,observation,v124-d-011-obs-00329,D-011_oda_disbursement_turkiye,VNM,2023,2023,2023,,,,226764,USD,,,,,,[개별] Türkiye → 베트남 ODA 총지출액(2024년 불변가).,Organisation for Economic Co-operation and Development — Creditor Reporting System (CRS),https://data-explorer.oecd.org/vis?df[ds]=dsDisseminateFinalDMZ&df[id]=DSD_CRS%40DF_CRS&dq=..VNM._T._T.D.Q._T..&pd=2020%2C2024,OECD Terms and Conditions,D-011_개도국 내 각국별 ODA 규모.xlsx,1.1_observation(측정값),332,
D-011,개도국 내 각국별 ODA 규모,observation,v124-d-011-obs-00330,D-011_oda_disbursement_turkiye,VNM,2024,2024,2024,,,,347655,USD,,,,,,[개별] Türkiye → 베트남 ODA 총지출액(2024년 불변가).,Organisation for Economic Co-operation and Development — Creditor Reporting System (CRS),https://data-explorer.oecd.org/vis?df[ds]=dsDisseminateFinalDMZ&df[id]=DSD_CRS%40DF_CRS&dq=..VNM._T._T.D.Q._T..&pd=2020%2C2024,OECD Terms and Conditions,D-011_개도국 내 각국별 ODA 규모.xlsx,1.1_observation(측정값),333,
D-011,개도국 내 각국별 ODA 규모,observation,v124-d-011-obs-00331,D-011_oda_disbursement_un_covid_19_mptf,VNM,2020,2020,2020,,,,,USD,,,,,M01,[M01·원자료 결측] [개별(하위기구)] COVID-19 Response and Recovery Multi-Partner Trust Fund [UN COVID-19 MPTF] → 베트남 ODA 총지출액(2024년 불변가). 해당 연도 값이 원천에 게재되지 않음.,Organisation for Economic Co-operation and Development — Creditor Reporting System (CRS),https://data-explorer.oecd.org/vis?df[ds]=dsDisseminateFinalDMZ&df[id]=DSD_CRS%40DF_CRS&dq=..VNM._T._T.D.Q._T..&pd=2020%2C2024,OECD Terms and Conditions,D-011_개도국 내 각국별 ODA 규모.xlsx,1.1_observation(측정값),334,
D-011,개도국 내 각국별 ODA 규모,observation,v124-d-011-obs-00332,D-011_oda_disbursement_un_covid_19_mptf,VNM,2021,2021,2021,,,,887482,USD,,,,,,[개별(하위기구)] COVID-19 Response and Recovery Multi-Partner Trust Fund [UN COVID-19 MPTF] → 베트남 ODA 총지출액(2024년 불변가).,Organisation for Economic Co-operation and Development — Creditor Reporting System (CRS),https://data-explorer.oecd.org/vis?df[ds]=dsDisseminateFinalDMZ&df[id]=DSD_CRS%40DF_CRS&dq=..VNM._T._T.D.Q._T..&pd=2020%2C2024,OECD Terms and Conditions,D-011_개도국 내 각국별 ODA 규모.xlsx,1.1_observation(측정값),335,
D-011,개도국 내 각국별 ODA 규모,observation,v124-d-011-obs-00333,D-011_oda_disbursement_un_covid_19_mptf,VNM,2022,2022,2022,,,,,USD,,,,,M01,[M01·원자료 결측] [개별(하위기구)] COVID-19 Response and Recovery Multi-Partner Trust Fund [UN COVID-19 MPTF] → 베트남 ODA 총지출액(2024년 불변가). 해당 연도 값이 원천에 게재되지 않음.,Organisation for Economic Co-operation and Development — Creditor Reporting System (CRS),https://data-explorer.oecd.org/vis?df[ds]=dsDisseminateFinalDMZ&df[id]=DSD_CRS%40DF_CRS&dq=..VNM._T._T.D.Q._T..&pd=2020%2C2024,OECD Terms and Conditions,D-011_개도국 내 각국별 ODA 규모.xlsx,1.1_observation(측정값),336,
D-011,개도국 내 각국별 ODA 규모,observation,v124-d-011-obs-00334,D-011_oda_disbursement_un_covid_19_mptf,VNM,2023,2023,2023,,,,,USD,,,,,M01,[M01·원자료 결측] [개별(하위기구)] COVID-19 Response and Recovery Multi-Partner Trust Fund [UN COVID-19 MPTF] → 베트남 ODA 총지출액(2024년 불변가). 해당 연도 값이 원천에 게재되지 않음.,Organisation for Economic Co-operation and Development — Creditor Reporting System (CRS),https://data-explorer.oecd.org/vis?df[ds]=dsDisseminateFinalDMZ&df[id]=DSD_CRS%40DF_CRS&dq=..VNM._T._T.D.Q._T..&pd=2020%2C2024,OECD Terms and Conditions,D-011_개도국 내 각국별 ODA 규모.xlsx,1.1_observation(측정값),337,
D-011,개도국 내 각국별 ODA 규모,observation,v124-d-011-obs-00335,D-011_oda_disbursement_un_covid_19_mptf,VNM,2024,2024,2024,,,,,USD,,,,,M01,[M01·원자료 결측] [개별(하위기구)] COVID-19 Response and Recovery Multi-Partner Trust Fund [UN COVID-19 MPTF] → 베트남 ODA 총지출액(2024년 불변가). 해당 연도 값이 원천에 게재되지 않음.,Organisation for Economic Co-operation and Development — Creditor Reporting System (CRS),https://data-explorer.oecd.org/vis?df[ds]=dsDisseminateFinalDMZ&df[id]=DSD_CRS%40DF_CRS&dq=..VNM._T._T.D.Q._T..&pd=2020%2C2024,OECD Terms and Conditions,D-011_개도국 내 각국별 ODA 규모.xlsx,1.1_observation(측정값),338,
D-011,개도국 내 각국별 ODA 규모,observation,v124-d-011-obs-00336,D-011_oda_disbursement_un_development_coordination_office,VNM,2020,2020,2020,,,,1608990,USD,,,,,,[개별(하위기구)] UN Development Coordination Office → 베트남 ODA 총지출액(2024년 불변가).,Organisation for Economic Co-operation and Development — Creditor Reporting System (CRS),https://data-explorer.oecd.org/vis?df[ds]=dsDisseminateFinalDMZ&df[id]=DSD_CRS%40DF_CRS&dq=..VNM._T._T.D.Q._T..&pd=2020%2C2024,OECD Terms and Conditions,D-011_개도국 내 각국별 ODA 규모.xlsx,1.1_observation(측정값),339,
D-011,개도국 내 각국별 ODA 규모,observation,v124-d-011-obs-00337,D-011_oda_disbursement_un_development_coordination_office,VNM,2021,2021,2021,,,,1211895,USD,,,,,,[개별(하위기구)] UN Development Coordination Office → 베트남 ODA 총지출액(2024년 불변가).,Organisation for Economic Co-operation and Development — Creditor Reporting System (CRS),https://data-explorer.oecd.org/vis?df[ds]=dsDisseminateFinalDMZ&df[id]=DSD_CRS%40DF_CRS&dq=..VNM._T._T.D.Q._T..&pd=2020%2C2024,OECD Terms and Conditions,D-011_개도국 내 각국별 ODA 규모.xlsx,1.1_observation(측정값),340,
D-011,개도국 내 각국별 ODA 규모,observation,v124-d-011-obs-00338,D-011_oda_disbursement_un_development_coordination_office,VNM,2022,2022,2022,,,,1343225,USD,,,,,,[개별(하위기구)] UN Development Coordination Office → 베트남 ODA 총지출액(2024년 불변가).,Organisation for Economic Co-operation and Development — Creditor Reporting System (CRS),https://data-explorer.oecd.org/vis?df[ds]=dsDisseminateFinalDMZ&df[id]=DSD_CRS%40DF_CRS&dq=..VNM._T._T.D.Q._T..&pd=2020%2C2024,OECD Terms and Conditions,D-011_개도국 내 각국별 ODA 규모.xlsx,1.1_observation(측정값),341,
D-011,개도국 내 각국별 ODA 규모,observation,v124-d-011-obs-00339,D-011_oda_disbursement_un_development_coordination_office,VNM,2023,2023,2023,,,,1435044,USD,,,,,,[개별(하위기구)] UN Development Coordination Office → 베트남 ODA 총지출액(2024년 불변가).,Organisation for Economic Co-operation and Development — Creditor Reporting System (CRS),https://data-explorer.oecd.org/vis?df[ds]=dsDisseminateFinalDMZ&df[id]=DSD_CRS%40DF_CRS&dq=..VNM._T._T.D.Q._T..&pd=2020%2C2024,OECD Terms and Conditions,D-011_개도국 내 각국별 ODA 규모.xlsx,1.1_observation(측정값),342,
D-011,개도국 내 각국별 ODA 규모,observation,v124-d-011-obs-00340,D-011_oda_disbursement_un_development_coordination_office,VNM,2024,2024,2024,,,,1492824,USD,,,,,,[개별(하위기구)] UN Development Coordination Office → 베트남 ODA 총지출액(2024년 불변가).,Organisation for Economic Co-operation and Development — Creditor Reporting System (CRS),https://data-explorer.oecd.org/vis?df[ds]=dsDisseminateFinalDMZ&df[id]=DSD_CRS%40DF_CRS&dq=..VNM._T._T.D.Q._T..&pd=2020%2C2024,OECD Terms and Conditions,D-011_개도국 내 각국별 ODA 규모.xlsx,1.1_observation(측정값),343,
D-011,개도국 내 각국별 ODA 규모,observation,v124-d-011-obs-00341,D-011_oda_disbursement_un_women,VNM,2020,2020,2020,,,,,USD,,,,,M01,[M01·원자료 결측] [개별(하위기구)] UN Women → 베트남 ODA 총지출액(2024년 불변가). 해당 연도 값이 원천에 게재되지 않음.,Organisation for Economic Co-operation and Development — Creditor Reporting System (CRS),https://data-explorer.oecd.org/vis?df[ds]=dsDisseminateFinalDMZ&df[id]=DSD_CRS%40DF_CRS&dq=..VNM._T._T.D.Q._T..&pd=2020%2C2024,OECD Terms and Conditions,D-011_개도국 내 각국별 ODA 규모.xlsx,1.1_observation(측정값),344,
D-011,개도국 내 각국별 ODA 규모,observation,v124-d-011-obs-00342,D-011_oda_disbursement_un_women,VNM,2021,2021,2021,,,,990135,USD,,,,,,[개별(하위기구)] UN Women → 베트남 ODA 총지출액(2024년 불변가).,Organisation for Economic Co-operation and Development — Creditor Reporting System (CRS),https://data-explorer.oecd.org/vis?df[ds]=dsDisseminateFinalDMZ&df[id]=DSD_CRS%40DF_CRS&dq=..VNM._T._T.D.Q._T..&pd=2020%2C2024,OECD Terms and Conditions,D-011_개도국 내 각국별 ODA 규모.xlsx,1.1_observation(측정값),345,
D-011,개도국 내 각국별 ODA 규모,observation,v124-d-011-obs-00343,D-011_oda_disbursement_un_women,VNM,2022,2022,2022,,,,1092649,USD,,,,,,[개별(하위기구)] UN Women → 베트남 ODA 총지출액(2024년 불변가).,Organisation for Economic Co-operation and Development — Creditor Reporting System (CRS),https://data-explorer.oecd.org/vis?df[ds]=dsDisseminateFinalDMZ&df[id]=DSD_CRS%40DF_CRS&dq=..VNM._T._T.D.Q._T..&pd=2020%2C2024,OECD Terms and Conditions,D-011_개도국 내 각국별 ODA 규모.xlsx,1.1_observation(측정값),346,
D-011,개도국 내 각국별 ODA 규모,observation,v124-d-011-obs-00344,D-011_oda_disbursement_un_women,VNM,2023,2023,2023,,,,1359910,USD,,,,,,[개별(하위기구)] UN Women → 베트남 ODA 총지출액(2024년 불변가).,Organisation for Economic Co-operation and Development — Creditor Reporting System (CRS),https://data-explorer.oecd.org/vis?df[ds]=dsDisseminateFinalDMZ&df[id]=DSD_CRS%40DF_CRS&dq=..VNM._T._T.D.Q._T..&pd=2020%2C2024,OECD Terms and Conditions,D-011_개도국 내 각국별 ODA 규모.xlsx,1.1_observation(측정값),347,
D-011,개도국 내 각국별 ODA 규모,observation,v124-d-011-obs-00345,D-011_oda_disbursement_un_women,VNM,2024,2024,2024,,,,,USD,,,,,M01,[M01·원자료 결측] [개별(하위기구)] UN Women → 베트남 ODA 총지출액(2024년 불변가). 해당 연도 값이 원천에 게재되지 않음.,Organisation for Economic Co-operation and Development — Creditor Reporting System (CRS),https://data-explorer.oecd.org/vis?df[ds]=dsDisseminateFinalDMZ&df[id]=DSD_CRS%40DF_CRS&dq=..VNM._T._T.D.Q._T..&pd=2020%2C2024,OECD Terms and Conditions,D-011_개도국 내 각국별 ODA 규모.xlsx,1.1_observation(측정값),348,
D-011,개도국 내 각국별 ODA 규모,observation,v124-d-011-obs-00346,D-011_oda_disbursement_unaids,VNM,2020,2020,2020,,,,,USD,,,,,M01,[M01·원자료 결측] [개별(하위기구)] UNAIDS → 베트남 ODA 총지출액(2024년 불변가). 해당 연도 값이 원천에 게재되지 않음.,Organisation for Economic Co-operation and Development — Creditor Reporting System (CRS),https://data-explorer.oecd.org/vis?df[ds]=dsDisseminateFinalDMZ&df[id]=DSD_CRS%40DF_CRS&dq=..VNM._T._T.D.Q._T..&pd=2020%2C2024,OECD Terms and Conditions,D-011_개도국 내 각국별 ODA 규모.xlsx,1.1_observation(측정값),349,
D-011,개도국 내 각국별 ODA 규모,observation,v124-d-011-obs-00347,D-011_oda_disbursement_unaids,VNM,2021,2021,2021,,,,,USD,,,,,M01,[M01·원자료 결측] [개별(하위기구)] UNAIDS → 베트남 ODA 총지출액(2024년 불변가). 해당 연도 값이 원천에 게재되지 않음.,Organisation for Economic Co-operation and Development — Creditor Reporting System (CRS),https://data-explorer.oecd.org/vis?df[ds]=dsDisseminateFinalDMZ&df[id]=DSD_CRS%40DF_CRS&dq=..VNM._T._T.D.Q._T..&pd=2020%2C2024,OECD Terms and Conditions,D-011_개도국 내 각국별 ODA 규모.xlsx,1.1_observation(측정값),350,
D-011,개도국 내 각국별 ODA 규모,observation,v124-d-011-obs-00348,D-011_oda_disbursement_unaids,VNM,2022,2022,2022,,,,10657,USD,,,,,,[개별(하위기구)] UNAIDS → 베트남 ODA 총지출액(2024년 불변가).,Organisation for Economic Co-operation and Development — Creditor Reporting System (CRS),https://data-explorer.oecd.org/vis?df[ds]=dsDisseminateFinalDMZ&df[id]=DSD_CRS%40DF_CRS&dq=..VNM._T._T.D.Q._T..&pd=2020%2C2024,OECD Terms and Conditions,D-011_개도국 내 각국별 ODA 규모.xlsx,1.1_observation(측정값),351,
D-011,개도국 내 각국별 ODA 규모,observation,v124-d-011-obs-00349,D-011_oda_disbursement_unaids,VNM,2023,2023,2023,,,,59488,USD,,,,,,[개별(하위기구)] UNAIDS → 베트남 ODA 총지출액(2024년 불변가).,Organisation for Economic Co-operation and Development — Creditor Reporting System (CRS),https://data-explorer.oecd.org/vis?df[ds]=dsDisseminateFinalDMZ&df[id]=DSD_CRS%40DF_CRS&dq=..VNM._T._T.D.Q._T..&pd=2020%2C2024,OECD Terms and Conditions,D-011_개도국 내 각국별 ODA 규모.xlsx,1.1_observation(측정값),352,
D-011,개도국 내 각국별 ODA 규모,observation,v124-d-011-obs-00350,D-011_oda_disbursement_unaids,VNM,2024,2024,2024,,,,154894,USD,,,,,,[개별(하위기구)] UNAIDS → 베트남 ODA 총지출액(2024년 불변가).,Organisation for Economic Co-operation and Development — Creditor Reporting System (CRS),https://data-explorer.oecd.org/vis?df[ds]=dsDisseminateFinalDMZ&df[id]=DSD_CRS%40DF_CRS&dq=..VNM._T._T.D.Q._T..&pd=2020%2C2024,OECD Terms and Conditions,D-011_개도국 내 각국별 ODA 규모.xlsx,1.1_observation(측정값),353,
D-011,개도국 내 각국별 ODA 규모,observation,v124-d-011-obs-00351,D-011_oda_disbursement_undp,VNM,2020,2020,2020,,,,2171921,USD,,,,,,[개별(하위기구)] UNDP → 베트남 ODA 총지출액(2024년 불변가).,Organisation for Economic Co-operation and Development — Creditor Reporting System (CRS),https://data-explorer.oecd.org/vis?df[ds]=dsDisseminateFinalDMZ&df[id]=DSD_CRS%40DF_CRS&dq=..VNM._T._T.D.Q._T..&pd=2020%2C2024,OECD Terms and Conditions,D-011_개도국 내 각국별 ODA 규모.xlsx,1.1_observation(측정값),354,
D-011,개도국 내 각국별 ODA 규모,observation,v124-d-011-obs-00352,D-011_oda_disbursement_undp,VNM,2021,2021,2021,,,,2239644,USD,,,,,,[개별(하위기구)] UNDP → 베트남 ODA 총지출액(2024년 불변가).,Organisation for Economic Co-operation and Development — Creditor Reporting System (CRS),https://data-explorer.oecd.org/vis?df[ds]=dsDisseminateFinalDMZ&df[id]=DSD_CRS%40DF_CRS&dq=..VNM._T._T.D.Q._T..&pd=2020%2C2024,OECD Terms and Conditions,D-011_개도국 내 각국별 ODA 규모.xlsx,1.1_observation(측정값),355,
D-011,개도국 내 각국별 ODA 규모,observation,v124-d-011-obs-00353,D-011_oda_disbursement_undp,VNM,2022,2022,2022,,,,1448127,USD,,,,,,[개별(하위기구)] UNDP → 베트남 ODA 총지출액(2024년 불변가).,Organisation for Economic Co-operation and Development — Creditor Reporting System (CRS),https://data-explorer.oecd.org/vis?df[ds]=dsDisseminateFinalDMZ&df[id]=DSD_CRS%40DF_CRS&dq=..VNM._T._T.D.Q._T..&pd=2020%2C2024,OECD Terms and Conditions,D-011_개도국 내 각국별 ODA 규모.xlsx,1.1_observation(측정값),356,
D-011,개도국 내 각국별 ODA 규모,observation,v124-d-011-obs-00354,D-011_oda_disbursement_undp,VNM,2023,2023,2023,,,,,USD,,,,,M01,[M01·원자료 결측] [개별(하위기구)] UNDP → 베트남 ODA 총지출액(2024년 불변가). 해당 연도 값이 원천에 게재되지 않음.,Organisation for Economic Co-operation and Development — Creditor Reporting System (CRS),https://data-explorer.oecd.org/vis?df[ds]=dsDisseminateFinalDMZ&df[id]=DSD_CRS%40DF_CRS&dq=..VNM._T._T.D.Q._T..&pd=2020%2C2024,OECD Terms and Conditions,D-011_개도국 내 각국별 ODA 규모.xlsx,1.1_observation(측정값),357,
D-011,개도국 내 각국별 ODA 규모,observation,v124-d-011-obs-00355,D-011_oda_disbursement_undp,VNM,2024,2024,2024,,,,807740,USD,,,,,,[개별(하위기구)] UNDP → 베트남 ODA 총지출액(2024년 불변가).,Organisation for Economic Co-operation and Development — Creditor Reporting System (CRS),https://data-explorer.oecd.org/vis?df[ds]=dsDisseminateFinalDMZ&df[id]=DSD_CRS%40DF_CRS&dq=..VNM._T._T.D.Q._T..&pd=2020%2C2024,OECD Terms and Conditions,D-011_개도국 내 각국별 ODA 규모.xlsx,1.1_observation(측정값),358,
D-011,개도국 내 각국별 ODA 규모,observation,v124-d-011-obs-00356,D-011_oda_disbursement_unfpa,VNM,2020,2020,2020,,,,3849537,USD,,,,,,[개별(하위기구)] UNFPA → 베트남 ODA 총지출액(2024년 불변가).,Organisation for Economic Co-operation and Development — Creditor Reporting System (CRS),https://data-explorer.oecd.org/vis?df[ds]=dsDisseminateFinalDMZ&df[id]=DSD_CRS%40DF_CRS&dq=..VNM._T._T.D.Q._T..&pd=2020%2C2024,OECD Terms and Conditions,D-011_개도국 내 각국별 ODA 규모.xlsx,1.1_observation(측정값),359,
D-011,개도국 내 각국별 ODA 규모,observation,v124-d-011-obs-00357,D-011_oda_disbursement_unfpa,VNM,2021,2021,2021,,,,3915070,USD,,,,,,[개별(하위기구)] UNFPA → 베트남 ODA 총지출액(2024년 불변가).,Organisation for Economic Co-operation and Development — Creditor Reporting System (CRS),https://data-explorer.oecd.org/vis?df[ds]=dsDisseminateFinalDMZ&df[id]=DSD_CRS%40DF_CRS&dq=..VNM._T._T.D.Q._T..&pd=2020%2C2024,OECD Terms and Conditions,D-011_개도국 내 각국별 ODA 규모.xlsx,1.1_observation(측정값),360,
D-011,개도국 내 각국별 ODA 규모,observation,v124-d-011-obs-00358,D-011_oda_disbursement_unfpa,VNM,2022,2022,2022,,,,3785441,USD,,,,,,[개별(하위기구)] UNFPA → 베트남 ODA 총지출액(2024년 불변가).,Organisation for Economic Co-operation and Development — Creditor Reporting System (CRS),https://data-explorer.oecd.org/vis?df[ds]=dsDisseminateFinalDMZ&df[id]=DSD_CRS%40DF_CRS&dq=..VNM._T._T.D.Q._T..&pd=2020%2C2024,OECD Terms and Conditions,D-011_개도국 내 각국별 ODA 규모.xlsx,1.1_observation(측정값),361,
D-011,개도국 내 각국별 ODA 규모,observation,v124-d-011-obs-00359,D-011_oda_disbursement_unfpa,VNM,2023,2023,2023,,,,3308193,USD,,,,,,[개별(하위기구)] UNFPA → 베트남 ODA 총지출액(2024년 불변가).,Organisation for Economic Co-operation and Development — Creditor Reporting System (CRS),https://data-explorer.oecd.org/vis?df[ds]=dsDisseminateFinalDMZ&df[id]=DSD_CRS%40DF_CRS&dq=..VNM._T._T.D.Q._T..&pd=2020%2C2024,OECD Terms and Conditions,D-011_개도국 내 각국별 ODA 규모.xlsx,1.1_observation(측정값),362,
D-011,개도국 내 각국별 ODA 규모,observation,v124-d-011-obs-00360,D-011_oda_disbursement_unfpa,VNM,2024,2024,2024,,,,3204620,USD,,,,,,[개별(하위기구)] UNFPA → 베트남 ODA 총지출액(2024년 불변가).,Organisation for Economic Co-operation and Development — Creditor Reporting System (CRS),https://data-explorer.oecd.org/vis?df[ds]=dsDisseminateFinalDMZ&df[id]=DSD_CRS%40DF_CRS&dq=..VNM._T._T.D.Q._T..&pd=2020%2C2024,OECD Terms and Conditions,D-011_개도국 내 각국별 ODA 규모.xlsx,1.1_observation(측정값),363,
D-011,개도국 내 각국별 ODA 규모,observation,v124-d-011-obs-00361,D-011_oda_disbursement_unicef,VNM,2020,2020,2020,,,,5083393,USD,,,,,,[개별(하위기구)] UNICEF → 베트남 ODA 총지출액(2024년 불변가).,Organisation for Economic Co-operation and Development — Creditor Reporting System (CRS),https://data-explorer.oecd.org/vis?df[ds]=dsDisseminateFinalDMZ&df[id]=DSD_CRS%40DF_CRS&dq=..VNM._T._T.D.Q._T..&pd=2020%2C2024,OECD Terms and Conditions,D-011_개도국 내 각국별 ODA 규모.xlsx,1.1_observation(측정값),364,
D-011,개도국 내 각국별 ODA 규모,observation,v124-d-011-obs-00362,D-011_oda_disbursement_unicef,VNM,2021,2021,2021,,,,4127312,USD,,,,,,[개별(하위기구)] UNICEF → 베트남 ODA 총지출액(2024년 불변가).,Organisation for Economic Co-operation and Development — Creditor Reporting System (CRS),https://data-explorer.oecd.org/vis?df[ds]=dsDisseminateFinalDMZ&df[id]=DSD_CRS%40DF_CRS&dq=..VNM._T._T.D.Q._T..&pd=2020%2C2024,OECD Terms and Conditions,D-011_개도국 내 각국별 ODA 규모.xlsx,1.1_observation(측정값),365,
D-011,개도국 내 각국별 ODA 규모,observation,v124-d-011-obs-00363,D-011_oda_disbursement_unicef,VNM,2022,2022,2022,,,,3896714,USD,,,,,,[개별(하위기구)] UNICEF → 베트남 ODA 총지출액(2024년 불변가).,Organisation for Economic Co-operation and Development — Creditor Reporting System (CRS),https://data-explorer.oecd.org/vis?df[ds]=dsDisseminateFinalDMZ&df[id]=DSD_CRS%40DF_CRS&dq=..VNM._T._T.D.Q._T..&pd=2020%2C2024,OECD Terms and Conditions,D-011_개도국 내 각국별 ODA 규모.xlsx,1.1_observation(측정값),366,
D-011,개도국 내 각국별 ODA 규모,observation,v124-d-011-obs-00364,D-011_oda_disbursement_unicef,VNM,2023,2023,2023,,,,2939537,USD,,,,,,[개별(하위기구)] UNICEF → 베트남 ODA 총지출액(2024년 불변가).,Organisation for Economic Co-operation and Development — Creditor Reporting System (CRS),https://data-explorer.oecd.org/vis?df[ds]=dsDisseminateFinalDMZ&df[id]=DSD_CRS%40DF_CRS&dq=..VNM._T._T.D.Q._T..&pd=2020%2C2024,OECD Terms and Conditions,D-011_개도국 내 각국별 ODA 규모.xlsx,1.1_observation(측정값),367,
D-011,개도국 내 각국별 ODA 규모,observation,v124-d-011-obs-00365,D-011_oda_disbursement_unicef,VNM,2024,2024,2024,,,,3586000,USD,,,,,,[개별(하위기구)] UNICEF → 베트남 ODA 총지출액(2024년 불변가).,Organisation for Economic Co-operation and Development — Creditor Reporting System (CRS),https://data-explorer.oecd.org/vis?df[ds]=dsDisseminateFinalDMZ&df[id]=DSD_CRS%40DF_CRS&dq=..VNM._T._T.D.Q._T..&pd=2020%2C2024,OECD Terms and Conditions,D-011_개도국 내 각국별 ODA 규모.xlsx,1.1_observation(측정값),368,
D-011,개도국 내 각국별 ODA 규모,observation,v124-d-011-obs-00366,D-011_oda_disbursement_unido,VNM,2020,2020,2020,,,,26573,USD,,,,,,[개별(하위기구)] United Nations Industrial Development Organization [UNIDO] → 베트남 ODA 총지출액(2024년 불변가).,Organisation for Economic Co-operation and Development — Creditor Reporting System (CRS),https://data-explorer.oecd.org/vis?df[ds]=dsDisseminateFinalDMZ&df[id]=DSD_CRS%40DF_CRS&dq=..VNM._T._T.D.Q._T..&pd=2020%2C2024,OECD Terms and Conditions,D-011_개도국 내 각국별 ODA 규모.xlsx,1.1_observation(측정값),369,
D-011,개도국 내 각국별 ODA 규모,observation,v124-d-011-obs-00367,D-011_oda_disbursement_unido,VNM,2021,2021,2021,,,,,USD,,,,,M01,[M01·원자료 결측] [개별(하위기구)] United Nations Industrial Development Organization [UNIDO] → 베트남 ODA 총지출액(2024년 불변가). 해당 연도 값이 원천에 게재되지 않음.,Organisation for Economic Co-operation and Development — Creditor Reporting System (CRS),https://data-explorer.oecd.org/vis?df[ds]=dsDisseminateFinalDMZ&df[id]=DSD_CRS%40DF_CRS&dq=..VNM._T._T.D.Q._T..&pd=2020%2C2024,OECD Terms and Conditions,D-011_개도국 내 각국별 ODA 규모.xlsx,1.1_observation(측정값),370,
D-011,개도국 내 각국별 ODA 규모,observation,v124-d-011-obs-00368,D-011_oda_disbursement_unido,VNM,2022,2022,2022,,,,,USD,,,,,M01,[M01·원자료 결측] [개별(하위기구)] United Nations Industrial Development Organization [UNIDO] → 베트남 ODA 총지출액(2024년 불변가). 해당 연도 값이 원천에 게재되지 않음.,Organisation for Economic Co-operation and Development — Creditor Reporting System (CRS),https://data-explorer.oecd.org/vis?df[ds]=dsDisseminateFinalDMZ&df[id]=DSD_CRS%40DF_CRS&dq=..VNM._T._T.D.Q._T..&pd=2020%2C2024,OECD Terms and Conditions,D-011_개도국 내 각국별 ODA 규모.xlsx,1.1_observation(측정값),371,
D-011,개도국 내 각국별 ODA 규모,observation,v124-d-011-obs-00369,D-011_oda_disbursement_unido,VNM,2023,2023,2023,,,,20968,USD,,,,,,[개별(하위기구)] United Nations Industrial Development Organization [UNIDO] → 베트남 ODA 총지출액(2024년 불변가).,Organisation for Economic Co-operation and Development — Creditor Reporting System (CRS),https://data-explorer.oecd.org/vis?df[ds]=dsDisseminateFinalDMZ&df[id]=DSD_CRS%40DF_CRS&dq=..VNM._T._T.D.Q._T..&pd=2020%2C2024,OECD Terms and Conditions,D-011_개도국 내 각국별 ODA 규모.xlsx,1.1_observation(측정값),372,
D-011,개도국 내 각국별 ODA 규모,observation,v124-d-011-obs-00370,D-011_oda_disbursement_unido,VNM,2024,2024,2024,,,,12358,USD,,,,,,[개별(하위기구)] United Nations Industrial Development Organization [UNIDO] → 베트남 ODA 총지출액(2024년 불변가).,Organisation for Economic Co-operation and Development — Creditor Reporting System (CRS),https://data-explorer.oecd.org/vis?df[ds]=dsDisseminateFinalDMZ&df[id]=DSD_CRS%40DF_CRS&dq=..VNM._T._T.D.Q._T..&pd=2020%2C2024,OECD Terms and Conditions,D-011_개도국 내 각국별 ODA 규모.xlsx,1.1_observation(측정값),373,
D-011,개도국 내 각국별 ODA 규모,observation,v124-d-011-obs-00371,D-011_oda_disbursement_united_arab_emirates,VNM,2020,2020,2020,,,,850816,USD,,,,,,[개별] United Arab Emirates → 베트남 ODA 총지출액(2024년 불변가).,Organisation for Economic Co-operation and Development — Creditor Reporting System (CRS),https://data-explorer.oecd.org/vis?df[ds]=dsDisseminateFinalDMZ&df[id]=DSD_CRS%40DF_CRS&dq=..VNM._T._T.D.Q._T..&pd=2020%2C2024,OECD Terms and Conditions,D-011_개도국 내 각국별 ODA 규모.xlsx,1.1_observation(측정값),374,
D-011,개도국 내 각국별 ODA 규모,observation,v124-d-011-obs-00372,D-011_oda_disbursement_united_arab_emirates,VNM,2021,2021,2021,,,,432303,USD,,,,,,[개별] United Arab Emirates → 베트남 ODA 총지출액(2024년 불변가).,Organisation for Economic Co-operation and Development — Creditor Reporting System (CRS),https://data-explorer.oecd.org/vis?df[ds]=dsDisseminateFinalDMZ&df[id]=DSD_CRS%40DF_CRS&dq=..VNM._T._T.D.Q._T..&pd=2020%2C2024,OECD Terms and Conditions,D-011_개도국 내 각국별 ODA 규모.xlsx,1.1_observation(측정값),375,
D-011,개도국 내 각국별 ODA 규모,observation,v124-d-011-obs-00373,D-011_oda_disbursement_united_arab_emirates,VNM,2022,2022,2022,,,,61197,USD,,,,,,[개별] United Arab Emirates → 베트남 ODA 총지출액(2024년 불변가).,Organisation for Economic Co-operation and Development — Creditor Reporting System (CRS),https://data-explorer.oecd.org/vis?df[ds]=dsDisseminateFinalDMZ&df[id]=DSD_CRS%40DF_CRS&dq=..VNM._T._T.D.Q._T..&pd=2020%2C2024,OECD Terms and Conditions,D-011_개도국 내 각국별 ODA 규모.xlsx,1.1_observation(측정값),376,
D-011,개도국 내 각국별 ODA 규모,observation,v124-d-011-obs-00374,D-011_oda_disbursement_united_arab_emirates,VNM,2023,2023,2023,,,,85683,USD,,,,,,[개별] United Arab Emirates → 베트남 ODA 총지출액(2024년 불변가).,Organisation for Economic Co-operation and Development — Creditor Reporting System (CRS),https://data-explorer.oecd.org/vis?df[ds]=dsDisseminateFinalDMZ&df[id]=DSD_CRS%40DF_CRS&dq=..VNM._T._T.D.Q._T..&pd=2020%2C2024,OECD Terms and Conditions,D-011_개도국 내 각국별 ODA 규모.xlsx,1.1_observation(측정값),377,
D-011,개도국 내 각국별 ODA 규모,observation,v124-d-011-obs-00375,D-011_oda_disbursement_united_arab_emirates,VNM,2024,2024,2024,,,,56635,USD,,,,,,[개별] United Arab Emirates → 베트남 ODA 총지출액(2024년 불변가).,Organisation for Economic Co-operation and Development — Creditor Reporting System (CRS),https://data-explorer.oecd.org/vis?df[ds]=dsDisseminateFinalDMZ&df[id]=DSD_CRS%40DF_CRS&dq=..VNM._T._T.D.Q._T..&pd=2020%2C2024,OECD Terms and Conditions,D-011_개도국 내 각국별 ODA 규모.xlsx,1.1_observation(측정값),378,
D-011,개도국 내 각국별 ODA 규모,observation,v124-d-011-obs-00376,D-011_oda_disbursement_united_kingdom,VNM,2020,2020,2020,,,,11786607,USD,,,,,,[개별] United Kingdom → 베트남 ODA 총지출액(2024년 불변가).,Organisation for Economic Co-operation and Development — Creditor Reporting System (CRS),https://data-explorer.oecd.org/vis?df[ds]=dsDisseminateFinalDMZ&df[id]=DSD_CRS%40DF_CRS&dq=..VNM._T._T.D.Q._T..&pd=2020%2C2024,OECD Terms and Conditions,D-011_개도국 내 각국별 ODA 규모.xlsx,1.1_observation(측정값),379,
D-011,개도국 내 각국별 ODA 규모,observation,v124-d-011-obs-00377,D-011_oda_disbursement_united_kingdom,VNM,2021,2021,2021,,,,15691936,USD,,,,,,[개별] United Kingdom → 베트남 ODA 총지출액(2024년 불변가).,Organisation for Economic Co-operation and Development — Creditor Reporting System (CRS),https://data-explorer.oecd.org/vis?df[ds]=dsDisseminateFinalDMZ&df[id]=DSD_CRS%40DF_CRS&dq=..VNM._T._T.D.Q._T..&pd=2020%2C2024,OECD Terms and Conditions,D-011_개도국 내 각국별 ODA 규모.xlsx,1.1_observation(측정값),380,
D-011,개도국 내 각국별 ODA 규모,observation,v124-d-011-obs-00378,D-011_oda_disbursement_united_kingdom,VNM,2022,2022,2022,,,,9644585,USD,,,,,,[개별] United Kingdom → 베트남 ODA 총지출액(2024년 불변가).,Organisation for Economic Co-operation and Development — Creditor Reporting System (CRS),https://data-explorer.oecd.org/vis?df[ds]=dsDisseminateFinalDMZ&df[id]=DSD_CRS%40DF_CRS&dq=..VNM._T._T.D.Q._T..&pd=2020%2C2024,OECD Terms and Conditions,D-011_개도국 내 각국별 ODA 규모.xlsx,1.1_observation(측정값),381,
D-011,개도국 내 각국별 ODA 규모,observation,v124-d-011-obs-00379,D-011_oda_disbursement_united_kingdom,VNM,2023,2023,2023,,,,10510518,USD,,,,,,[개별] United Kingdom → 베트남 ODA 총지출액(2024년 불변가).,Organisation for Economic Co-operation and Development — Creditor Reporting System (CRS),https://data-explorer.oecd.org/vis?df[ds]=dsDisseminateFinalDMZ&df[id]=DSD_CRS%40DF_CRS&dq=..VNM._T._T.D.Q._T..&pd=2020%2C2024,OECD Terms and Conditions,D-011_개도국 내 각국별 ODA 규모.xlsx,1.1_observation(측정값),382,
D-011,개도국 내 각국별 ODA 규모,observation,v124-d-011-obs-00380,D-011_oda_disbursement_united_kingdom,VNM,2024,2024,2024,,,,12434168,USD,,,,,,[개별] United Kingdom → 베트남 ODA 총지출액(2024년 불변가).,Organisation for Economic Co-operation and Development — Creditor Reporting System (CRS),https://data-explorer.oecd.org/vis?df[ds]=dsDisseminateFinalDMZ&df[id]=DSD_CRS%40DF_CRS&dq=..VNM._T._T.D.Q._T..&pd=2020%2C2024,OECD Terms and Conditions,D-011_개도국 내 각국별 ODA 규모.xlsx,1.1_observation(측정값),383,
D-011,개도국 내 각국별 ODA 규모,observation,v124-d-011-obs-00381,D-011_oda_disbursement_united_nations,VNM,2020,2020,2020,,,,37011073,USD,,,,,,[개별] United Nations → 베트남 ODA 총지출액(2024년 불변가).,Organisation for Economic Co-operation and Development — Creditor Reporting System (CRS),https://data-explorer.oecd.org/vis?df[ds]=dsDisseminateFinalDMZ&df[id]=DSD_CRS%40DF_CRS&dq=..VNM._T._T.D.Q._T..&pd=2020%2C2024,OECD Terms and Conditions,D-011_개도국 내 각국별 ODA 규모.xlsx,1.1_observation(측정값),384,
D-011,개도국 내 각국별 ODA 규모,observation,v124-d-011-obs-00382,D-011_oda_disbursement_united_nations,VNM,2021,2021,2021,,,,36296613,USD,,,,,,[개별] United Nations → 베트남 ODA 총지출액(2024년 불변가).,Organisation for Economic Co-operation and Development — Creditor Reporting System (CRS),https://data-explorer.oecd.org/vis?df[ds]=dsDisseminateFinalDMZ&df[id]=DSD_CRS%40DF_CRS&dq=..VNM._T._T.D.Q._T..&pd=2020%2C2024,OECD Terms and Conditions,D-011_개도국 내 각국별 ODA 규모.xlsx,1.1_observation(측정값),385,
D-011,개도국 내 각국별 ODA 규모,observation,v124-d-011-obs-00383,D-011_oda_disbursement_united_nations,VNM,2022,2022,2022,,,,24086009,USD,,,,,,[개별] United Nations → 베트남 ODA 총지출액(2024년 불변가).,Organisation for Economic Co-operation and Development — Creditor Reporting System (CRS),https://data-explorer.oecd.org/vis?df[ds]=dsDisseminateFinalDMZ&df[id]=DSD_CRS%40DF_CRS&dq=..VNM._T._T.D.Q._T..&pd=2020%2C2024,OECD Terms and Conditions,D-011_개도국 내 각국별 ODA 규모.xlsx,1.1_observation(측정값),386,
D-011,개도국 내 각국별 ODA 규모,observation,v124-d-011-obs-00384,D-011_oda_disbursement_united_nations,VNM,2023,2023,2023,,,,26219896,USD,,,,,,[개별] United Nations → 베트남 ODA 총지출액(2024년 불변가).,Organisation for Economic Co-operation and Development — Creditor Reporting System (CRS),https://data-explorer.oecd.org/vis?df[ds]=dsDisseminateFinalDMZ&df[id]=DSD_CRS%40DF_CRS&dq=..VNM._T._T.D.Q._T..&pd=2020%2C2024,OECD Terms and Conditions,D-011_개도국 내 각국별 ODA 규모.xlsx,1.1_observation(측정값),387,
D-011,개도국 내 각국별 ODA 규모,observation,v124-d-011-obs-00385,D-011_oda_disbursement_united_nations,VNM,2024,2024,2024,,,,19491564,USD,,,,,,[개별] United Nations → 베트남 ODA 총지출액(2024년 불변가).,Organisation for Economic Co-operation and Development — Creditor Reporting System (CRS),https://data-explorer.oecd.org/vis?df[ds]=dsDisseminateFinalDMZ&df[id]=DSD_CRS%40DF_CRS&dq=..VNM._T._T.D.Q._T..&pd=2020%2C2024,OECD Terms and Conditions,D-011_개도국 내 각국별 ODA 규모.xlsx,1.1_observation(측정값),388,
D-011,개도국 내 각국별 ODA 규모,observation,v124-d-011-obs-00386,D-011_oda_disbursement_united_states,VNM,2020,2020,2020,,,,163643604,USD,,,,,,[개별] United States → 베트남 ODA 총지출액(2024년 불변가).,Organisation for Economic Co-operation and Development — Creditor Reporting System (CRS),https://data-explorer.oecd.org/vis?df[ds]=dsDisseminateFinalDMZ&df[id]=DSD_CRS%40DF_CRS&dq=..VNM._T._T.D.Q._T..&pd=2020%2C2024,OECD Terms and Conditions,D-011_개도국 내 각국별 ODA 규모.xlsx,1.1_observation(측정값),389,
D-011,개도국 내 각국별 ODA 규모,observation,v124-d-011-obs-00387,D-011_oda_disbursement_united_states,VNM,2021,2021,2021,,,,168204037,USD,,,,,,[개별] United States → 베트남 ODA 총지출액(2024년 불변가).,Organisation for Economic Co-operation and Development — Creditor Reporting System (CRS),https://data-explorer.oecd.org/vis?df[ds]=dsDisseminateFinalDMZ&df[id]=DSD_CRS%40DF_CRS&dq=..VNM._T._T.D.Q._T..&pd=2020%2C2024,OECD Terms and Conditions,D-011_개도국 내 각국별 ODA 규모.xlsx,1.1_observation(측정값),390,
D-011,개도국 내 각국별 ODA 규모,observation,v124-d-011-obs-00388,D-011_oda_disbursement_united_states,VNM,2022,2022,2022,,,,165153218,USD,,,,,,[개별] United States → 베트남 ODA 총지출액(2024년 불변가).,Organisation for Economic Co-operation and Development — Creditor Reporting System (CRS),https://data-explorer.oecd.org/vis?df[ds]=dsDisseminateFinalDMZ&df[id]=DSD_CRS%40DF_CRS&dq=..VNM._T._T.D.Q._T..&pd=2020%2C2024,OECD Terms and Conditions,D-011_개도국 내 각국별 ODA 규모.xlsx,1.1_observation(측정값),391,
D-011,개도국 내 각국별 ODA 규모,observation,v124-d-011-obs-00389,D-011_oda_disbursement_united_states,VNM,2023,2023,2023,,,,218783938,USD,,,,,,[개별] United States → 베트남 ODA 총지출액(2024년 불변가).,Organisation for Economic Co-operation and Development — Creditor Reporting System (CRS),https://data-explorer.oecd.org/vis?df[ds]=dsDisseminateFinalDMZ&df[id]=DSD_CRS%40DF_CRS&dq=..VNM._T._T.D.Q._T..&pd=2020%2C2024,OECD Terms and Conditions,D-011_개도국 내 각국별 ODA 규모.xlsx,1.1_observation(측정값),392,
D-011,개도국 내 각국별 ODA 규모,observation,v124-d-011-obs-00390,D-011_oda_disbursement_united_states,VNM,2024,2024,2024,,,,192329946,USD,,,,,,[개별] United States → 베트남 ODA 총지출액(2024년 불변가).,Organisation for Economic Co-operation and Development — Creditor Reporting System (CRS),https://data-explorer.oecd.org/vis?df[ds]=dsDisseminateFinalDMZ&df[id]=DSD_CRS%40DF_CRS&dq=..VNM._T._T.D.Q._T..&pd=2020%2C2024,OECD Terms and Conditions,D-011_개도국 내 각국별 ODA 규모.xlsx,1.1_observation(측정값),393,
D-011,개도국 내 각국별 ODA 규모,observation,v124-d-011-obs-00391,D-011_oda_disbursement_who,VNM,2020,2020,2020,,,,1866051,USD,,,,,,[개별(하위기구)] World Health Organisation [WHO] → 베트남 ODA 총지출액(2024년 불변가).,Organisation for Economic Co-operation and Development — Creditor Reporting System (CRS),https://data-explorer.oecd.org/vis?df[ds]=dsDisseminateFinalDMZ&df[id]=DSD_CRS%40DF_CRS&dq=..VNM._T._T.D.Q._T..&pd=2020%2C2024,OECD Terms and Conditions,D-011_개도국 내 각국별 ODA 규모.xlsx,1.1_observation(측정값),394,
D-011,개도국 내 각국별 ODA 규모,observation,v124-d-011-obs-00392,D-011_oda_disbursement_who,VNM,2021,2021,2021,,,,4142146,USD,,,,,,[개별(하위기구)] World Health Organisation [WHO] → 베트남 ODA 총지출액(2024년 불변가).,Organisation for Economic Co-operation and Development — Creditor Reporting System (CRS),https://data-explorer.oecd.org/vis?df[ds]=dsDisseminateFinalDMZ&df[id]=DSD_CRS%40DF_CRS&dq=..VNM._T._T.D.Q._T..&pd=2020%2C2024,OECD Terms and Conditions,D-011_개도국 내 각국별 ODA 규모.xlsx,1.1_observation(측정값),395,
D-011,개도국 내 각국별 ODA 규모,observation,v124-d-011-obs-00393,D-011_oda_disbursement_who,VNM,2022,2022,2022,,,,1601837,USD,,,,,,[개별(하위기구)] World Health Organisation [WHO] → 베트남 ODA 총지출액(2024년 불변가).,Organisation for Economic Co-operation and Development — Creditor Reporting System (CRS),https://data-explorer.oecd.org/vis?df[ds]=dsDisseminateFinalDMZ&df[id]=DSD_CRS%40DF_CRS&dq=..VNM._T._T.D.Q._T..&pd=2020%2C2024,OECD Terms and Conditions,D-011_개도국 내 각국별 ODA 규모.xlsx,1.1_observation(측정값),396,
D-011,개도국 내 각국별 ODA 규모,observation,v124-d-011-obs-00394,D-011_oda_disbursement_who,VNM,2023,2023,2023,,,,4520509,USD,,,,,,[개별(하위기구)] World Health Organisation [WHO] → 베트남 ODA 총지출액(2024년 불변가).,Organisation for Economic Co-operation and Development — Creditor Reporting System (CRS),https://data-explorer.oecd.org/vis?df[ds]=dsDisseminateFinalDMZ&df[id]=DSD_CRS%40DF_CRS&dq=..VNM._T._T.D.Q._T..&pd=2020%2C2024,OECD Terms and Conditions,D-011_개도국 내 각국별 ODA 규모.xlsx,1.1_observation(측정값),397,
D-011,개도국 내 각국별 ODA 규모,observation,v124-d-011-obs-00395,D-011_oda_disbursement_who,VNM,2024,2024,2024,,,,3494441,USD,,,,,,[개별(하위기구)] World Health Organisation [WHO] → 베트남 ODA 총지출액(2024년 불변가).,Organisation for Economic Co-operation and Development — Creditor Reporting System (CRS),https://data-explorer.oecd.org/vis?df[ds]=dsDisseminateFinalDMZ&df[id]=DSD_CRS%40DF_CRS&dq=..VNM._T._T.D.Q._T..&pd=2020%2C2024,OECD Terms and Conditions,D-011_개도국 내 각국별 ODA 규모.xlsx,1.1_observation(측정값),398,
D-011,개도국 내 각국별 ODA 규모,observation,v124-d-011-obs-00396,D-011_oda_disbursement_world_bank_group,VNM,2020,2020,2020,,,,749399067,USD,,,,,,[개별] World Bank Group → 베트남 ODA 총지출액(2024년 불변가).,Organisation for Economic Co-operation and Development — Creditor Reporting System (CRS),https://data-explorer.oecd.org/vis?df[ds]=dsDisseminateFinalDMZ&df[id]=DSD_CRS%40DF_CRS&dq=..VNM._T._T.D.Q._T..&pd=2020%2C2024,OECD Terms and Conditions,D-011_개도국 내 각국별 ODA 규모.xlsx,1.1_observation(측정값),399,
D-011,개도국 내 각국별 ODA 규모,observation,v124-d-011-obs-00397,D-011_oda_disbursement_world_bank_group,VNM,2021,2021,2021,,,,728195763,USD,,,,,,[개별] World Bank Group → 베트남 ODA 총지출액(2024년 불변가).,Organisation for Economic Co-operation and Development — Creditor Reporting System (CRS),https://data-explorer.oecd.org/vis?df[ds]=dsDisseminateFinalDMZ&df[id]=DSD_CRS%40DF_CRS&dq=..VNM._T._T.D.Q._T..&pd=2020%2C2024,OECD Terms and Conditions,D-011_개도국 내 각국별 ODA 규모.xlsx,1.1_observation(측정값),400,
D-011,개도국 내 각국별 ODA 규모,observation,v124-d-011-obs-00398,D-011_oda_disbursement_world_bank_group,VNM,2022,2022,2022,,,,699439962,USD,,,,,,[개별] World Bank Group → 베트남 ODA 총지출액(2024년 불변가).,Organisation for Economic Co-operation and Development — Creditor Reporting System (CRS),https://data-explorer.oecd.org/vis?df[ds]=dsDisseminateFinalDMZ&df[id]=DSD_CRS%40DF_CRS&dq=..VNM._T._T.D.Q._T..&pd=2020%2C2024,OECD Terms and Conditions,D-011_개도국 내 각국별 ODA 규모.xlsx,1.1_observation(측정값),401,
D-011,개도국 내 각국별 ODA 규모,observation,v124-d-011-obs-00399,D-011_oda_disbursement_world_bank_group,VNM,2023,2023,2023,,,,282460580,USD,,,,,,[개별] World Bank Group → 베트남 ODA 총지출액(2024년 불변가).,Organisation for Economic Co-operation and Development — Creditor Reporting System (CRS),https://data-explorer.oecd.org/vis?df[ds]=dsDisseminateFinalDMZ&df[id]=DSD_CRS%40DF_CRS&dq=..VNM._T._T.D.Q._T..&pd=2020%2C2024,OECD Terms and Conditions,D-011_개도국 내 각국별 ODA 규모.xlsx,1.1_observation(측정값),402,
D-011,개도국 내 각국별 ODA 규모,observation,v124-d-011-obs-00400,D-011_oda_disbursement_world_bank_group,VNM,2024,2024,2024,,,,356296260,USD,,,,,,[개별] World Bank Group → 베트남 ODA 총지출액(2024년 불변가).,Organisation for Economic Co-operation and Development — Creditor Reporting System (CRS),https://data-explorer.oecd.org/vis?df[ds]=dsDisseminateFinalDMZ&df[id]=DSD_CRS%40DF_CRS&dq=..VNM._T._T.D.Q._T..&pd=2020%2C2024,OECD Terms and Conditions,D-011_개도국 내 각국별 ODA 규모.xlsx,1.1_observation(측정값),403,
