element_id,element_label,record_type,record_id,indicator_id,country_iso3,year,period_start,period_end,period,statistic_type,source_year_label,value,unit,name,latitude,longitude,attributes_json,missing_reason_code,note,source_org,source_url,license_code,source_file,source_sheet,source_row,publication_decision_id,지역명_한글
A-011,"GHG 배출량[에너지, 산업공정, 농업, 폐기물]",observation,bgd-v158-a-011-obs-00001,A-011_emissions_sector_agriculture,BGD,1970,1970,1970,,,,42.316215,Mt CO2eq,,,,,,"[농축수산 부문 기술 (Agriculture & fisheries)] [농업] European Commission, Joint Research Centre (JRC) — EDGAR 「EDGAR GHG_Agriculture」 기준. Mt CO2eq (GWP-100 AR5). IPCC 2006 코드 3.A.1, 3.A.2, 3.C.1, 3.C.2, 3.C.3, 3.C.4, 3.C.5, 3.C.6, 3.C.7.","European Commission, Joint Research Centre (JRC) — EDGAR",https://edgar.jrc.ec.europa.eu/dataset_ghg2025,CC BY 4.0,"A-011_GHG 배출량[에너지, 산업공정, 농업, 폐기물].xlsx",1.1_observation(측정값),4,BGD-ALL-DATA-DISPLAY-2026-09-29,
A-011,"GHG 배출량[에너지, 산업공정, 농업, 폐기물]",observation,bgd-v158-a-011-obs-00002,A-011_emissions_sector_agriculture,BGD,1971,1971,1971,,,,40.969649,Mt CO2eq,,,,,,"[농축수산 부문 기술 (Agriculture & fisheries)] [농업] European Commission, Joint Research Centre (JRC) — EDGAR 「EDGAR GHG_Agriculture」 기준. Mt CO2eq (GWP-100 AR5). IPCC 2006 코드 3.A.1, 3.A.2, 3.C.1, 3.C.2, 3.C.3, 3.C.4, 3.C.5, 3.C.6, 3.C.7.","European Commission, Joint Research Centre (JRC) — EDGAR",https://edgar.jrc.ec.europa.eu/dataset_ghg2025,CC BY 4.0,"A-011_GHG 배출량[에너지, 산업공정, 농업, 폐기물].xlsx",1.1_observation(측정값),5,BGD-ALL-DATA-DISPLAY-2026-09-29,
A-011,"GHG 배출량[에너지, 산업공정, 농업, 폐기물]",observation,bgd-v158-a-011-obs-00003,A-011_emissions_sector_agriculture,BGD,1972,1972,1972,,,,41.378102,Mt CO2eq,,,,,,"[농축수산 부문 기술 (Agriculture & fisheries)] [농업] European Commission, Joint Research Centre (JRC) — EDGAR 「EDGAR GHG_Agriculture」 기준. Mt CO2eq (GWP-100 AR5). IPCC 2006 코드 3.A.1, 3.A.2, 3.C.1, 3.C.2, 3.C.3, 3.C.4, 3.C.5, 3.C.6, 3.C.7.","European Commission, Joint Research Centre (JRC) — EDGAR",https://edgar.jrc.ec.europa.eu/dataset_ghg2025,CC BY 4.0,"A-011_GHG 배출량[에너지, 산업공정, 농업, 폐기물].xlsx",1.1_observation(측정값),6,BGD-ALL-DATA-DISPLAY-2026-09-29,
A-011,"GHG 배출량[에너지, 산업공정, 농업, 폐기물]",observation,bgd-v158-a-011-obs-00004,A-011_emissions_sector_agriculture,BGD,1973,1973,1973,,,,40.962229,Mt CO2eq,,,,,,"[농축수산 부문 기술 (Agriculture & fisheries)] [농업] European Commission, Joint Research Centre (JRC) — EDGAR 「EDGAR GHG_Agriculture」 기준. Mt CO2eq (GWP-100 AR5). IPCC 2006 코드 3.A.1, 3.A.2, 3.C.1, 3.C.2, 3.C.3, 3.C.4, 3.C.5, 3.C.6, 3.C.7.","European Commission, Joint Research Centre (JRC) — EDGAR",https://edgar.jrc.ec.europa.eu/dataset_ghg2025,CC BY 4.0,"A-011_GHG 배출량[에너지, 산업공정, 농업, 폐기물].xlsx",1.1_observation(측정값),7,BGD-ALL-DATA-DISPLAY-2026-09-29,
A-011,"GHG 배출량[에너지, 산업공정, 농업, 폐기물]",observation,bgd-v158-a-011-obs-00005,A-011_emissions_sector_agriculture,BGD,1974,1974,1974,,,,40.994463,Mt CO2eq,,,,,,"[농축수산 부문 기술 (Agriculture & fisheries)] [농업] European Commission, Joint Research Centre (JRC) — EDGAR 「EDGAR GHG_Agriculture」 기준. Mt CO2eq (GWP-100 AR5). IPCC 2006 코드 3.A.1, 3.A.2, 3.C.1, 3.C.2, 3.C.3, 3.C.4, 3.C.5, 3.C.6, 3.C.7.","European Commission, Joint Research Centre (JRC) — EDGAR",https://edgar.jrc.ec.europa.eu/dataset_ghg2025,CC BY 4.0,"A-011_GHG 배출량[에너지, 산업공정, 농업, 폐기물].xlsx",1.1_observation(측정값),8,BGD-ALL-DATA-DISPLAY-2026-09-29,
A-011,"GHG 배출량[에너지, 산업공정, 농업, 폐기물]",observation,bgd-v158-a-011-obs-00006,A-011_emissions_sector_agriculture,BGD,1975,1975,1975,,,,42.887976,Mt CO2eq,,,,,,"[농축수산 부문 기술 (Agriculture & fisheries)] [농업] European Commission, Joint Research Centre (JRC) — EDGAR 「EDGAR GHG_Agriculture」 기준. Mt CO2eq (GWP-100 AR5). IPCC 2006 코드 3.A.1, 3.A.2, 3.C.1, 3.C.2, 3.C.3, 3.C.4, 3.C.5, 3.C.6, 3.C.7.","European Commission, Joint Research Centre (JRC) — EDGAR",https://edgar.jrc.ec.europa.eu/dataset_ghg2025,CC BY 4.0,"A-011_GHG 배출량[에너지, 산업공정, 농업, 폐기물].xlsx",1.1_observation(측정값),9,BGD-ALL-DATA-DISPLAY-2026-09-29,
A-011,"GHG 배출량[에너지, 산업공정, 농업, 폐기물]",observation,bgd-v158-a-011-obs-00007,A-011_emissions_sector_agriculture,BGD,1976,1976,1976,,,,43.073848,Mt CO2eq,,,,,,"[농축수산 부문 기술 (Agriculture & fisheries)] [농업] European Commission, Joint Research Centre (JRC) — EDGAR 「EDGAR GHG_Agriculture」 기준. Mt CO2eq (GWP-100 AR5). IPCC 2006 코드 3.A.1, 3.A.2, 3.C.1, 3.C.2, 3.C.3, 3.C.4, 3.C.5, 3.C.6, 3.C.7.","European Commission, Joint Research Centre (JRC) — EDGAR",https://edgar.jrc.ec.europa.eu/dataset_ghg2025,CC BY 4.0,"A-011_GHG 배출량[에너지, 산업공정, 농업, 폐기물].xlsx",1.1_observation(측정값),10,BGD-ALL-DATA-DISPLAY-2026-09-29,
A-011,"GHG 배출량[에너지, 산업공정, 농업, 폐기물]",observation,bgd-v158-a-011-obs-00008,A-011_emissions_sector_agriculture,BGD,1977,1977,1977,,,,44.340366,Mt CO2eq,,,,,,"[농축수산 부문 기술 (Agriculture & fisheries)] [농업] European Commission, Joint Research Centre (JRC) — EDGAR 「EDGAR GHG_Agriculture」 기준. Mt CO2eq (GWP-100 AR5). IPCC 2006 코드 3.A.1, 3.A.2, 3.C.1, 3.C.2, 3.C.3, 3.C.4, 3.C.5, 3.C.6, 3.C.7.","European Commission, Joint Research Centre (JRC) — EDGAR",https://edgar.jrc.ec.europa.eu/dataset_ghg2025,CC BY 4.0,"A-011_GHG 배출량[에너지, 산업공정, 농업, 폐기물].xlsx",1.1_observation(측정값),11,BGD-ALL-DATA-DISPLAY-2026-09-29,
A-011,"GHG 배출량[에너지, 산업공정, 농업, 폐기물]",observation,bgd-v158-a-011-obs-00009,A-011_emissions_sector_agriculture,BGD,1978,1978,1978,,,,47.68433,Mt CO2eq,,,,,,"[농축수산 부문 기술 (Agriculture & fisheries)] [농업] European Commission, Joint Research Centre (JRC) — EDGAR 「EDGAR GHG_Agriculture」 기준. Mt CO2eq (GWP-100 AR5). IPCC 2006 코드 3.A.1, 3.A.2, 3.C.1, 3.C.2, 3.C.3, 3.C.4, 3.C.5, 3.C.6, 3.C.7.","European Commission, Joint Research Centre (JRC) — EDGAR",https://edgar.jrc.ec.europa.eu/dataset_ghg2025,CC BY 4.0,"A-011_GHG 배출량[에너지, 산업공정, 농업, 폐기물].xlsx",1.1_observation(측정값),12,BGD-ALL-DATA-DISPLAY-2026-09-29,
A-011,"GHG 배출량[에너지, 산업공정, 농업, 폐기물]",observation,bgd-v158-a-011-obs-00010,A-011_emissions_sector_agriculture,BGD,1979,1979,1979,,,,49.32814,Mt CO2eq,,,,,,"[농축수산 부문 기술 (Agriculture & fisheries)] [농업] European Commission, Joint Research Centre (JRC) — EDGAR 「EDGAR GHG_Agriculture」 기준. Mt CO2eq (GWP-100 AR5). IPCC 2006 코드 3.A.1, 3.A.2, 3.C.1, 3.C.2, 3.C.3, 3.C.4, 3.C.5, 3.C.6, 3.C.7.","European Commission, Joint Research Centre (JRC) — EDGAR",https://edgar.jrc.ec.europa.eu/dataset_ghg2025,CC BY 4.0,"A-011_GHG 배출량[에너지, 산업공정, 농업, 폐기물].xlsx",1.1_observation(측정값),13,BGD-ALL-DATA-DISPLAY-2026-09-29,
A-011,"GHG 배출량[에너지, 산업공정, 농업, 폐기물]",observation,bgd-v158-a-011-obs-00011,A-011_emissions_sector_agriculture,BGD,1980,1980,1980,,,,41.467583,Mt CO2eq,,,,,,"[농축수산 부문 기술 (Agriculture & fisheries)] [농업] European Commission, Joint Research Centre (JRC) — EDGAR 「EDGAR GHG_Agriculture」 기준. Mt CO2eq (GWP-100 AR5). IPCC 2006 코드 3.A.1, 3.A.2, 3.C.1, 3.C.2, 3.C.3, 3.C.4, 3.C.5, 3.C.6, 3.C.7.","European Commission, Joint Research Centre (JRC) — EDGAR",https://edgar.jrc.ec.europa.eu/dataset_ghg2025,CC BY 4.0,"A-011_GHG 배출량[에너지, 산업공정, 농업, 폐기물].xlsx",1.1_observation(측정값),14,BGD-ALL-DATA-DISPLAY-2026-09-29,
A-011,"GHG 배출량[에너지, 산업공정, 농업, 폐기물]",observation,bgd-v158-a-011-obs-00012,A-011_emissions_sector_agriculture,BGD,1981,1981,1981,,,,42.049503,Mt CO2eq,,,,,,"[농축수산 부문 기술 (Agriculture & fisheries)] [농업] European Commission, Joint Research Centre (JRC) — EDGAR 「EDGAR GHG_Agriculture」 기준. Mt CO2eq (GWP-100 AR5). IPCC 2006 코드 3.A.1, 3.A.2, 3.C.1, 3.C.2, 3.C.3, 3.C.4, 3.C.5, 3.C.6, 3.C.7.","European Commission, Joint Research Centre (JRC) — EDGAR",https://edgar.jrc.ec.europa.eu/dataset_ghg2025,CC BY 4.0,"A-011_GHG 배출량[에너지, 산업공정, 농업, 폐기물].xlsx",1.1_observation(측정값),15,BGD-ALL-DATA-DISPLAY-2026-09-29,
A-011,"GHG 배출량[에너지, 산업공정, 농업, 폐기물]",observation,bgd-v158-a-011-obs-00013,A-011_emissions_sector_agriculture,BGD,1982,1982,1982,,,,43.050862,Mt CO2eq,,,,,,"[농축수산 부문 기술 (Agriculture & fisheries)] [농업] European Commission, Joint Research Centre (JRC) — EDGAR 「EDGAR GHG_Agriculture」 기준. Mt CO2eq (GWP-100 AR5). IPCC 2006 코드 3.A.1, 3.A.2, 3.C.1, 3.C.2, 3.C.3, 3.C.4, 3.C.5, 3.C.6, 3.C.7.","European Commission, Joint Research Centre (JRC) — EDGAR",https://edgar.jrc.ec.europa.eu/dataset_ghg2025,CC BY 4.0,"A-011_GHG 배출량[에너지, 산업공정, 농업, 폐기물].xlsx",1.1_observation(측정값),16,BGD-ALL-DATA-DISPLAY-2026-09-29,
A-011,"GHG 배출량[에너지, 산업공정, 농업, 폐기물]",observation,bgd-v158-a-011-obs-00014,A-011_emissions_sector_agriculture,BGD,1983,1983,1983,,,,42.40588,Mt CO2eq,,,,,,"[농축수산 부문 기술 (Agriculture & fisheries)] [농업] European Commission, Joint Research Centre (JRC) — EDGAR 「EDGAR GHG_Agriculture」 기준. Mt CO2eq (GWP-100 AR5). IPCC 2006 코드 3.A.1, 3.A.2, 3.C.1, 3.C.2, 3.C.3, 3.C.4, 3.C.5, 3.C.6, 3.C.7.","European Commission, Joint Research Centre (JRC) — EDGAR",https://edgar.jrc.ec.europa.eu/dataset_ghg2025,CC BY 4.0,"A-011_GHG 배출량[에너지, 산업공정, 농업, 폐기물].xlsx",1.1_observation(측정값),17,BGD-ALL-DATA-DISPLAY-2026-09-29,
A-011,"GHG 배출량[에너지, 산업공정, 농업, 폐기물]",observation,bgd-v158-a-011-obs-00015,A-011_emissions_sector_agriculture,BGD,1984,1984,1984,,,,43.67756,Mt CO2eq,,,,,,"[농축수산 부문 기술 (Agriculture & fisheries)] [농업] European Commission, Joint Research Centre (JRC) — EDGAR 「EDGAR GHG_Agriculture」 기준. Mt CO2eq (GWP-100 AR5). IPCC 2006 코드 3.A.1, 3.A.2, 3.C.1, 3.C.2, 3.C.3, 3.C.4, 3.C.5, 3.C.6, 3.C.7.","European Commission, Joint Research Centre (JRC) — EDGAR",https://edgar.jrc.ec.europa.eu/dataset_ghg2025,CC BY 4.0,"A-011_GHG 배출량[에너지, 산업공정, 농업, 폐기물].xlsx",1.1_observation(측정값),18,BGD-ALL-DATA-DISPLAY-2026-09-29,
A-011,"GHG 배출량[에너지, 산업공정, 농업, 폐기물]",observation,bgd-v158-a-011-obs-00016,A-011_emissions_sector_agriculture,BGD,1985,1985,1985,,,,44.473941,Mt CO2eq,,,,,,"[농축수산 부문 기술 (Agriculture & fisheries)] [농업] European Commission, Joint Research Centre (JRC) — EDGAR 「EDGAR GHG_Agriculture」 기준. Mt CO2eq (GWP-100 AR5). IPCC 2006 코드 3.A.1, 3.A.2, 3.C.1, 3.C.2, 3.C.3, 3.C.4, 3.C.5, 3.C.6, 3.C.7.","European Commission, Joint Research Centre (JRC) — EDGAR",https://edgar.jrc.ec.europa.eu/dataset_ghg2025,CC BY 4.0,"A-011_GHG 배출량[에너지, 산업공정, 농업, 폐기물].xlsx",1.1_observation(측정값),19,BGD-ALL-DATA-DISPLAY-2026-09-29,
A-011,"GHG 배출량[에너지, 산업공정, 농업, 폐기물]",observation,bgd-v158-a-011-obs-00017,A-011_emissions_sector_agriculture,BGD,1986,1986,1986,,,,45.681921,Mt CO2eq,,,,,,"[농축수산 부문 기술 (Agriculture & fisheries)] [농업] European Commission, Joint Research Centre (JRC) — EDGAR 「EDGAR GHG_Agriculture」 기준. Mt CO2eq (GWP-100 AR5). IPCC 2006 코드 3.A.1, 3.A.2, 3.C.1, 3.C.2, 3.C.3, 3.C.4, 3.C.5, 3.C.6, 3.C.7.","European Commission, Joint Research Centre (JRC) — EDGAR",https://edgar.jrc.ec.europa.eu/dataset_ghg2025,CC BY 4.0,"A-011_GHG 배출량[에너지, 산업공정, 농업, 폐기물].xlsx",1.1_observation(측정값),20,BGD-ALL-DATA-DISPLAY-2026-09-29,
A-011,"GHG 배출량[에너지, 산업공정, 농업, 폐기물]",observation,bgd-v158-a-011-obs-00018,A-011_emissions_sector_agriculture,BGD,1987,1987,1987,,,,46.07991,Mt CO2eq,,,,,,"[농축수산 부문 기술 (Agriculture & fisheries)] [농업] European Commission, Joint Research Centre (JRC) — EDGAR 「EDGAR GHG_Agriculture」 기준. Mt CO2eq (GWP-100 AR5). IPCC 2006 코드 3.A.1, 3.A.2, 3.C.1, 3.C.2, 3.C.3, 3.C.4, 3.C.5, 3.C.6, 3.C.7.","European Commission, Joint Research Centre (JRC) — EDGAR",https://edgar.jrc.ec.europa.eu/dataset_ghg2025,CC BY 4.0,"A-011_GHG 배출량[에너지, 산업공정, 농업, 폐기물].xlsx",1.1_observation(측정값),21,BGD-ALL-DATA-DISPLAY-2026-09-29,
A-011,"GHG 배출량[에너지, 산업공정, 농업, 폐기물]",observation,bgd-v158-a-011-obs-00019,A-011_emissions_sector_agriculture,BGD,1988,1988,1988,,,,46.855738,Mt CO2eq,,,,,,"[농축수산 부문 기술 (Agriculture & fisheries)] [농업] European Commission, Joint Research Centre (JRC) — EDGAR 「EDGAR GHG_Agriculture」 기준. Mt CO2eq (GWP-100 AR5). IPCC 2006 코드 3.A.1, 3.A.2, 3.C.1, 3.C.2, 3.C.3, 3.C.4, 3.C.5, 3.C.6, 3.C.7.","European Commission, Joint Research Centre (JRC) — EDGAR",https://edgar.jrc.ec.europa.eu/dataset_ghg2025,CC BY 4.0,"A-011_GHG 배출량[에너지, 산업공정, 농업, 폐기물].xlsx",1.1_observation(측정값),22,BGD-ALL-DATA-DISPLAY-2026-09-29,
A-011,"GHG 배출량[에너지, 산업공정, 농업, 폐기물]",observation,bgd-v158-a-011-obs-00020,A-011_emissions_sector_agriculture,BGD,1989,1989,1989,,,,48.610334,Mt CO2eq,,,,,,"[농축수산 부문 기술 (Agriculture & fisheries)] [농업] European Commission, Joint Research Centre (JRC) — EDGAR 「EDGAR GHG_Agriculture」 기준. Mt CO2eq (GWP-100 AR5). IPCC 2006 코드 3.A.1, 3.A.2, 3.C.1, 3.C.2, 3.C.3, 3.C.4, 3.C.5, 3.C.6, 3.C.7.","European Commission, Joint Research Centre (JRC) — EDGAR",https://edgar.jrc.ec.europa.eu/dataset_ghg2025,CC BY 4.0,"A-011_GHG 배출량[에너지, 산업공정, 농업, 폐기물].xlsx",1.1_observation(측정값),23,BGD-ALL-DATA-DISPLAY-2026-09-29,
A-011,"GHG 배출량[에너지, 산업공정, 농업, 폐기물]",observation,bgd-v158-a-011-obs-00021,A-011_emissions_sector_agriculture,BGD,1990,1990,1990,,,,48.982274,Mt CO2eq,,,,,,"[농축수산 부문 기술 (Agriculture & fisheries)] [농업] European Commission, Joint Research Centre (JRC) — EDGAR 「EDGAR GHG_Agriculture」 기준. Mt CO2eq (GWP-100 AR5). IPCC 2006 코드 3.A.1, 3.A.2, 3.C.1, 3.C.2, 3.C.3, 3.C.4, 3.C.5, 3.C.6, 3.C.7.","European Commission, Joint Research Centre (JRC) — EDGAR",https://edgar.jrc.ec.europa.eu/dataset_ghg2025,CC BY 4.0,"A-011_GHG 배출량[에너지, 산업공정, 농업, 폐기물].xlsx",1.1_observation(측정값),24,BGD-ALL-DATA-DISPLAY-2026-09-29,
A-011,"GHG 배출량[에너지, 산업공정, 농업, 폐기물]",observation,bgd-v158-a-011-obs-00022,A-011_emissions_sector_agriculture,BGD,1991,1991,1991,,,,49.789299,Mt CO2eq,,,,,,"[농축수산 부문 기술 (Agriculture & fisheries)] [농업] European Commission, Joint Research Centre (JRC) — EDGAR 「EDGAR GHG_Agriculture」 기준. Mt CO2eq (GWP-100 AR5). IPCC 2006 코드 3.A.1, 3.A.2, 3.C.1, 3.C.2, 3.C.3, 3.C.4, 3.C.5, 3.C.6, 3.C.7.","European Commission, Joint Research Centre (JRC) — EDGAR",https://edgar.jrc.ec.europa.eu/dataset_ghg2025,CC BY 4.0,"A-011_GHG 배출량[에너지, 산업공정, 농업, 폐기물].xlsx",1.1_observation(측정값),25,BGD-ALL-DATA-DISPLAY-2026-09-29,
A-011,"GHG 배출량[에너지, 산업공정, 농업, 폐기물]",observation,bgd-v158-a-011-obs-00023,A-011_emissions_sector_agriculture,BGD,1992,1992,1992,,,,50.352091,Mt CO2eq,,,,,,"[농축수산 부문 기술 (Agriculture & fisheries)] [농업] European Commission, Joint Research Centre (JRC) — EDGAR 「EDGAR GHG_Agriculture」 기준. Mt CO2eq (GWP-100 AR5). IPCC 2006 코드 3.A.1, 3.A.2, 3.C.1, 3.C.2, 3.C.3, 3.C.4, 3.C.5, 3.C.6, 3.C.7.","European Commission, Joint Research Centre (JRC) — EDGAR",https://edgar.jrc.ec.europa.eu/dataset_ghg2025,CC BY 4.0,"A-011_GHG 배출량[에너지, 산업공정, 농업, 폐기물].xlsx",1.1_observation(측정값),26,BGD-ALL-DATA-DISPLAY-2026-09-29,
A-011,"GHG 배출량[에너지, 산업공정, 농업, 폐기물]",observation,bgd-v158-a-011-obs-00024,A-011_emissions_sector_agriculture,BGD,1993,1993,1993,,,,50.715749,Mt CO2eq,,,,,,"[농축수산 부문 기술 (Agriculture & fisheries)] [농업] European Commission, Joint Research Centre (JRC) — EDGAR 「EDGAR GHG_Agriculture」 기준. Mt CO2eq (GWP-100 AR5). IPCC 2006 코드 3.A.1, 3.A.2, 3.C.1, 3.C.2, 3.C.3, 3.C.4, 3.C.5, 3.C.6, 3.C.7.","European Commission, Joint Research Centre (JRC) — EDGAR",https://edgar.jrc.ec.europa.eu/dataset_ghg2025,CC BY 4.0,"A-011_GHG 배출량[에너지, 산업공정, 농업, 폐기물].xlsx",1.1_observation(측정값),27,BGD-ALL-DATA-DISPLAY-2026-09-29,
A-011,"GHG 배출량[에너지, 산업공정, 농업, 폐기물]",observation,bgd-v158-a-011-obs-00025,A-011_emissions_sector_agriculture,BGD,1994,1994,1994,,,,52.343533,Mt CO2eq,,,,,,"[농축수산 부문 기술 (Agriculture & fisheries)] [농업] European Commission, Joint Research Centre (JRC) — EDGAR 「EDGAR GHG_Agriculture」 기준. Mt CO2eq (GWP-100 AR5). IPCC 2006 코드 3.A.1, 3.A.2, 3.C.1, 3.C.2, 3.C.3, 3.C.4, 3.C.5, 3.C.6, 3.C.7.","European Commission, Joint Research Centre (JRC) — EDGAR",https://edgar.jrc.ec.europa.eu/dataset_ghg2025,CC BY 4.0,"A-011_GHG 배출량[에너지, 산업공정, 농업, 폐기물].xlsx",1.1_observation(측정값),28,BGD-ALL-DATA-DISPLAY-2026-09-29,
A-011,"GHG 배출량[에너지, 산업공정, 농업, 폐기물]",observation,bgd-v158-a-011-obs-00026,A-011_emissions_sector_agriculture,BGD,1995,1995,1995,,,,54.561425,Mt CO2eq,,,,,,"[농축수산 부문 기술 (Agriculture & fisheries)] [농업] European Commission, Joint Research Centre (JRC) — EDGAR 「EDGAR GHG_Agriculture」 기준. Mt CO2eq (GWP-100 AR5). IPCC 2006 코드 3.A.1, 3.A.2, 3.C.1, 3.C.2, 3.C.3, 3.C.4, 3.C.5, 3.C.6, 3.C.7.","European Commission, Joint Research Centre (JRC) — EDGAR",https://edgar.jrc.ec.europa.eu/dataset_ghg2025,CC BY 4.0,"A-011_GHG 배출량[에너지, 산업공정, 농업, 폐기물].xlsx",1.1_observation(측정값),29,BGD-ALL-DATA-DISPLAY-2026-09-29,
A-011,"GHG 배출량[에너지, 산업공정, 농업, 폐기물]",observation,bgd-v158-a-011-obs-00027,A-011_emissions_sector_agriculture,BGD,1996,1996,1996,,,,55.766968,Mt CO2eq,,,,,,"[농축수산 부문 기술 (Agriculture & fisheries)] [농업] European Commission, Joint Research Centre (JRC) — EDGAR 「EDGAR GHG_Agriculture」 기준. Mt CO2eq (GWP-100 AR5). IPCC 2006 코드 3.A.1, 3.A.2, 3.C.1, 3.C.2, 3.C.3, 3.C.4, 3.C.5, 3.C.6, 3.C.7.","European Commission, Joint Research Centre (JRC) — EDGAR",https://edgar.jrc.ec.europa.eu/dataset_ghg2025,CC BY 4.0,"A-011_GHG 배출량[에너지, 산업공정, 농업, 폐기물].xlsx",1.1_observation(측정값),30,BGD-ALL-DATA-DISPLAY-2026-09-29,
A-011,"GHG 배출량[에너지, 산업공정, 농업, 폐기물]",observation,bgd-v158-a-011-obs-00028,A-011_emissions_sector_agriculture,BGD,1997,1997,1997,,,,55.952734,Mt CO2eq,,,,,,"[농축수산 부문 기술 (Agriculture & fisheries)] [농업] European Commission, Joint Research Centre (JRC) — EDGAR 「EDGAR GHG_Agriculture」 기준. Mt CO2eq (GWP-100 AR5). IPCC 2006 코드 3.A.1, 3.A.2, 3.C.1, 3.C.2, 3.C.3, 3.C.4, 3.C.5, 3.C.6, 3.C.7.","European Commission, Joint Research Centre (JRC) — EDGAR",https://edgar.jrc.ec.europa.eu/dataset_ghg2025,CC BY 4.0,"A-011_GHG 배출량[에너지, 산업공정, 농업, 폐기물].xlsx",1.1_observation(측정값),31,BGD-ALL-DATA-DISPLAY-2026-09-29,
A-011,"GHG 배출량[에너지, 산업공정, 농업, 폐기물]",observation,bgd-v158-a-011-obs-00029,A-011_emissions_sector_agriculture,BGD,1998,1998,1998,,,,56.229871,Mt CO2eq,,,,,,"[농축수산 부문 기술 (Agriculture & fisheries)] [농업] European Commission, Joint Research Centre (JRC) — EDGAR 「EDGAR GHG_Agriculture」 기준. Mt CO2eq (GWP-100 AR5). IPCC 2006 코드 3.A.1, 3.A.2, 3.C.1, 3.C.2, 3.C.3, 3.C.4, 3.C.5, 3.C.6, 3.C.7.","European Commission, Joint Research Centre (JRC) — EDGAR",https://edgar.jrc.ec.europa.eu/dataset_ghg2025,CC BY 4.0,"A-011_GHG 배출량[에너지, 산업공정, 농업, 폐기물].xlsx",1.1_observation(측정값),32,BGD-ALL-DATA-DISPLAY-2026-09-29,
A-011,"GHG 배출량[에너지, 산업공정, 농업, 폐기물]",observation,bgd-v158-a-011-obs-00030,A-011_emissions_sector_agriculture,BGD,1999,1999,1999,,,,59.072273,Mt CO2eq,,,,,,"[농축수산 부문 기술 (Agriculture & fisheries)] [농업] European Commission, Joint Research Centre (JRC) — EDGAR 「EDGAR GHG_Agriculture」 기준. Mt CO2eq (GWP-100 AR5). IPCC 2006 코드 3.A.1, 3.A.2, 3.C.1, 3.C.2, 3.C.3, 3.C.4, 3.C.5, 3.C.6, 3.C.7.","European Commission, Joint Research Centre (JRC) — EDGAR",https://edgar.jrc.ec.europa.eu/dataset_ghg2025,CC BY 4.0,"A-011_GHG 배출량[에너지, 산업공정, 농업, 폐기물].xlsx",1.1_observation(측정값),33,BGD-ALL-DATA-DISPLAY-2026-09-29,
A-011,"GHG 배출량[에너지, 산업공정, 농업, 폐기물]",observation,bgd-v158-a-011-obs-00031,A-011_emissions_sector_agriculture,BGD,2000,2000,2000,,,,59.786012,Mt CO2eq,,,,,,"[농축수산 부문 기술 (Agriculture & fisheries)] [농업] European Commission, Joint Research Centre (JRC) — EDGAR 「EDGAR GHG_Agriculture」 기준. Mt CO2eq (GWP-100 AR5). IPCC 2006 코드 3.A.1, 3.A.2, 3.C.1, 3.C.2, 3.C.3, 3.C.4, 3.C.5, 3.C.6, 3.C.7.","European Commission, Joint Research Centre (JRC) — EDGAR",https://edgar.jrc.ec.europa.eu/dataset_ghg2025,CC BY 4.0,"A-011_GHG 배출량[에너지, 산업공정, 농업, 폐기물].xlsx",1.1_observation(측정값),34,BGD-ALL-DATA-DISPLAY-2026-09-29,
A-011,"GHG 배출량[에너지, 산업공정, 농업, 폐기물]",observation,bgd-v158-a-011-obs-00032,A-011_emissions_sector_agriculture,BGD,2001,2001,2001,,,,60.21749,Mt CO2eq,,,,,,"[농축수산 부문 기술 (Agriculture & fisheries)] [농업] European Commission, Joint Research Centre (JRC) — EDGAR 「EDGAR GHG_Agriculture」 기준. Mt CO2eq (GWP-100 AR5). IPCC 2006 코드 3.A.1, 3.A.2, 3.C.1, 3.C.2, 3.C.3, 3.C.4, 3.C.5, 3.C.6, 3.C.7.","European Commission, Joint Research Centre (JRC) — EDGAR",https://edgar.jrc.ec.europa.eu/dataset_ghg2025,CC BY 4.0,"A-011_GHG 배출량[에너지, 산업공정, 농업, 폐기물].xlsx",1.1_observation(측정값),35,BGD-ALL-DATA-DISPLAY-2026-09-29,
A-011,"GHG 배출량[에너지, 산업공정, 농업, 폐기물]",observation,bgd-v158-a-011-obs-00033,A-011_emissions_sector_agriculture,BGD,2002,2002,2002,,,,61.048076,Mt CO2eq,,,,,,"[농축수산 부문 기술 (Agriculture & fisheries)] [농업] European Commission, Joint Research Centre (JRC) — EDGAR 「EDGAR GHG_Agriculture」 기준. Mt CO2eq (GWP-100 AR5). IPCC 2006 코드 3.A.1, 3.A.2, 3.C.1, 3.C.2, 3.C.3, 3.C.4, 3.C.5, 3.C.6, 3.C.7.","European Commission, Joint Research Centre (JRC) — EDGAR",https://edgar.jrc.ec.europa.eu/dataset_ghg2025,CC BY 4.0,"A-011_GHG 배출량[에너지, 산업공정, 농업, 폐기물].xlsx",1.1_observation(측정값),36,BGD-ALL-DATA-DISPLAY-2026-09-29,
A-011,"GHG 배출량[에너지, 산업공정, 농업, 폐기물]",observation,bgd-v158-a-011-obs-00034,A-011_emissions_sector_agriculture,BGD,2003,2003,2003,,,,61.845596,Mt CO2eq,,,,,,"[농축수산 부문 기술 (Agriculture & fisheries)] [농업] European Commission, Joint Research Centre (JRC) — EDGAR 「EDGAR GHG_Agriculture」 기준. Mt CO2eq (GWP-100 AR5). IPCC 2006 코드 3.A.1, 3.A.2, 3.C.1, 3.C.2, 3.C.3, 3.C.4, 3.C.5, 3.C.6, 3.C.7.","European Commission, Joint Research Centre (JRC) — EDGAR",https://edgar.jrc.ec.europa.eu/dataset_ghg2025,CC BY 4.0,"A-011_GHG 배출량[에너지, 산업공정, 농업, 폐기물].xlsx",1.1_observation(측정값),37,BGD-ALL-DATA-DISPLAY-2026-09-29,
A-011,"GHG 배출량[에너지, 산업공정, 농업, 폐기물]",observation,bgd-v158-a-011-obs-00035,A-011_emissions_sector_agriculture,BGD,2004,2004,2004,,,,62.093113,Mt CO2eq,,,,,,"[농축수산 부문 기술 (Agriculture & fisheries)] [농업] European Commission, Joint Research Centre (JRC) — EDGAR 「EDGAR GHG_Agriculture」 기준. Mt CO2eq (GWP-100 AR5). IPCC 2006 코드 3.A.1, 3.A.2, 3.C.1, 3.C.2, 3.C.3, 3.C.4, 3.C.5, 3.C.6, 3.C.7.","European Commission, Joint Research Centre (JRC) — EDGAR",https://edgar.jrc.ec.europa.eu/dataset_ghg2025,CC BY 4.0,"A-011_GHG 배출량[에너지, 산업공정, 농업, 폐기물].xlsx",1.1_observation(측정값),38,BGD-ALL-DATA-DISPLAY-2026-09-29,
A-011,"GHG 배출량[에너지, 산업공정, 농업, 폐기물]",observation,bgd-v158-a-011-obs-00036,A-011_emissions_sector_agriculture,BGD,2005,2005,2005,,,,63.090731,Mt CO2eq,,,,,,"[농축수산 부문 기술 (Agriculture & fisheries)] [농업] European Commission, Joint Research Centre (JRC) — EDGAR 「EDGAR GHG_Agriculture」 기준. Mt CO2eq (GWP-100 AR5). IPCC 2006 코드 3.A.1, 3.A.2, 3.C.1, 3.C.2, 3.C.3, 3.C.4, 3.C.5, 3.C.6, 3.C.7.","European Commission, Joint Research Centre (JRC) — EDGAR",https://edgar.jrc.ec.europa.eu/dataset_ghg2025,CC BY 4.0,"A-011_GHG 배출량[에너지, 산업공정, 농업, 폐기물].xlsx",1.1_observation(측정값),39,BGD-ALL-DATA-DISPLAY-2026-09-29,
A-011,"GHG 배출량[에너지, 산업공정, 농업, 폐기물]",observation,bgd-v158-a-011-obs-00037,A-011_emissions_sector_agriculture,BGD,2006,2006,2006,,,,63.955889,Mt CO2eq,,,,,,"[농축수산 부문 기술 (Agriculture & fisheries)] [농업] European Commission, Joint Research Centre (JRC) — EDGAR 「EDGAR GHG_Agriculture」 기준. Mt CO2eq (GWP-100 AR5). IPCC 2006 코드 3.A.1, 3.A.2, 3.C.1, 3.C.2, 3.C.3, 3.C.4, 3.C.5, 3.C.6, 3.C.7.","European Commission, Joint Research Centre (JRC) — EDGAR",https://edgar.jrc.ec.europa.eu/dataset_ghg2025,CC BY 4.0,"A-011_GHG 배출량[에너지, 산업공정, 농업, 폐기물].xlsx",1.1_observation(측정값),40,BGD-ALL-DATA-DISPLAY-2026-09-29,
A-011,"GHG 배출량[에너지, 산업공정, 농업, 폐기물]",observation,bgd-v158-a-011-obs-00038,A-011_emissions_sector_agriculture,BGD,2007,2007,2007,,,,65.397969,Mt CO2eq,,,,,,"[농축수산 부문 기술 (Agriculture & fisheries)] [농업] European Commission, Joint Research Centre (JRC) — EDGAR 「EDGAR GHG_Agriculture」 기준. Mt CO2eq (GWP-100 AR5). IPCC 2006 코드 3.A.1, 3.A.2, 3.C.1, 3.C.2, 3.C.3, 3.C.4, 3.C.5, 3.C.6, 3.C.7.","European Commission, Joint Research Centre (JRC) — EDGAR",https://edgar.jrc.ec.europa.eu/dataset_ghg2025,CC BY 4.0,"A-011_GHG 배출량[에너지, 산업공정, 농업, 폐기물].xlsx",1.1_observation(측정값),41,BGD-ALL-DATA-DISPLAY-2026-09-29,
A-011,"GHG 배출량[에너지, 산업공정, 농업, 폐기물]",observation,bgd-v158-a-011-obs-00039,A-011_emissions_sector_agriculture,BGD,2008,2008,2008,,,,66.401209,Mt CO2eq,,,,,,"[농축수산 부문 기술 (Agriculture & fisheries)] [농업] European Commission, Joint Research Centre (JRC) — EDGAR 「EDGAR GHG_Agriculture」 기준. Mt CO2eq (GWP-100 AR5). IPCC 2006 코드 3.A.1, 3.A.2, 3.C.1, 3.C.2, 3.C.3, 3.C.4, 3.C.5, 3.C.6, 3.C.7.","European Commission, Joint Research Centre (JRC) — EDGAR",https://edgar.jrc.ec.europa.eu/dataset_ghg2025,CC BY 4.0,"A-011_GHG 배출량[에너지, 산업공정, 농업, 폐기물].xlsx",1.1_observation(측정값),42,BGD-ALL-DATA-DISPLAY-2026-09-29,
A-011,"GHG 배출량[에너지, 산업공정, 농업, 폐기물]",observation,bgd-v158-a-011-obs-00040,A-011_emissions_sector_agriculture,BGD,2009,2009,2009,,,,66.965441,Mt CO2eq,,,,,,"[농축수산 부문 기술 (Agriculture & fisheries)] [농업] European Commission, Joint Research Centre (JRC) — EDGAR 「EDGAR GHG_Agriculture」 기준. Mt CO2eq (GWP-100 AR5). IPCC 2006 코드 3.A.1, 3.A.2, 3.C.1, 3.C.2, 3.C.3, 3.C.4, 3.C.5, 3.C.6, 3.C.7.","European Commission, Joint Research Centre (JRC) — EDGAR",https://edgar.jrc.ec.europa.eu/dataset_ghg2025,CC BY 4.0,"A-011_GHG 배출량[에너지, 산업공정, 농업, 폐기물].xlsx",1.1_observation(측정값),43,BGD-ALL-DATA-DISPLAY-2026-09-29,
A-011,"GHG 배출량[에너지, 산업공정, 농업, 폐기물]",observation,bgd-v158-a-011-obs-00041,A-011_emissions_sector_agriculture,BGD,2010,2010,2010,,,,68.581936,Mt CO2eq,,,,,,"[농축수산 부문 기술 (Agriculture & fisheries)] [농업] European Commission, Joint Research Centre (JRC) — EDGAR 「EDGAR GHG_Agriculture」 기준. Mt CO2eq (GWP-100 AR5). IPCC 2006 코드 3.A.1, 3.A.2, 3.C.1, 3.C.2, 3.C.3, 3.C.4, 3.C.5, 3.C.6, 3.C.7.","European Commission, Joint Research Centre (JRC) — EDGAR",https://edgar.jrc.ec.europa.eu/dataset_ghg2025,CC BY 4.0,"A-011_GHG 배출량[에너지, 산업공정, 농업, 폐기물].xlsx",1.1_observation(측정값),44,BGD-ALL-DATA-DISPLAY-2026-09-29,
A-011,"GHG 배출량[에너지, 산업공정, 농업, 폐기물]",observation,bgd-v158-a-011-obs-00042,A-011_emissions_sector_agriculture,BGD,2011,2011,2011,,,,68.386762,Mt CO2eq,,,,,,"[농축수산 부문 기술 (Agriculture & fisheries)] [농업] European Commission, Joint Research Centre (JRC) — EDGAR 「EDGAR GHG_Agriculture」 기준. Mt CO2eq (GWP-100 AR5). IPCC 2006 코드 3.A.1, 3.A.2, 3.C.1, 3.C.2, 3.C.3, 3.C.4, 3.C.5, 3.C.6, 3.C.7.","European Commission, Joint Research Centre (JRC) — EDGAR",https://edgar.jrc.ec.europa.eu/dataset_ghg2025,CC BY 4.0,"A-011_GHG 배출량[에너지, 산업공정, 농업, 폐기물].xlsx",1.1_observation(측정값),45,BGD-ALL-DATA-DISPLAY-2026-09-29,
A-011,"GHG 배출량[에너지, 산업공정, 농업, 폐기물]",observation,bgd-v158-a-011-obs-00043,A-011_emissions_sector_agriculture,BGD,2012,2012,2012,,,,68.695208,Mt CO2eq,,,,,,"[농축수산 부문 기술 (Agriculture & fisheries)] [농업] European Commission, Joint Research Centre (JRC) — EDGAR 「EDGAR GHG_Agriculture」 기준. Mt CO2eq (GWP-100 AR5). IPCC 2006 코드 3.A.1, 3.A.2, 3.C.1, 3.C.2, 3.C.3, 3.C.4, 3.C.5, 3.C.6, 3.C.7.","European Commission, Joint Research Centre (JRC) — EDGAR",https://edgar.jrc.ec.europa.eu/dataset_ghg2025,CC BY 4.0,"A-011_GHG 배출량[에너지, 산업공정, 농업, 폐기물].xlsx",1.1_observation(측정값),46,BGD-ALL-DATA-DISPLAY-2026-09-29,
A-011,"GHG 배출량[에너지, 산업공정, 농업, 폐기물]",observation,bgd-v158-a-011-obs-00044,A-011_emissions_sector_agriculture,BGD,2013,2013,2013,,,,69.182942,Mt CO2eq,,,,,,"[농축수산 부문 기술 (Agriculture & fisheries)] [농업] European Commission, Joint Research Centre (JRC) — EDGAR 「EDGAR GHG_Agriculture」 기준. Mt CO2eq (GWP-100 AR5). IPCC 2006 코드 3.A.1, 3.A.2, 3.C.1, 3.C.2, 3.C.3, 3.C.4, 3.C.5, 3.C.6, 3.C.7.","European Commission, Joint Research Centre (JRC) — EDGAR",https://edgar.jrc.ec.europa.eu/dataset_ghg2025,CC BY 4.0,"A-011_GHG 배출량[에너지, 산업공정, 농업, 폐기물].xlsx",1.1_observation(측정값),47,BGD-ALL-DATA-DISPLAY-2026-09-29,
A-011,"GHG 배출량[에너지, 산업공정, 농업, 폐기물]",observation,bgd-v158-a-011-obs-00045,A-011_emissions_sector_agriculture,BGD,2014,2014,2014,,,,70.877858,Mt CO2eq,,,,,,"[농축수산 부문 기술 (Agriculture & fisheries)] [농업] European Commission, Joint Research Centre (JRC) — EDGAR 「EDGAR GHG_Agriculture」 기준. Mt CO2eq (GWP-100 AR5). IPCC 2006 코드 3.A.1, 3.A.2, 3.C.1, 3.C.2, 3.C.3, 3.C.4, 3.C.5, 3.C.6, 3.C.7.","European Commission, Joint Research Centre (JRC) — EDGAR",https://edgar.jrc.ec.europa.eu/dataset_ghg2025,CC BY 4.0,"A-011_GHG 배출량[에너지, 산업공정, 농업, 폐기물].xlsx",1.1_observation(측정값),48,BGD-ALL-DATA-DISPLAY-2026-09-29,
A-011,"GHG 배출량[에너지, 산업공정, 농업, 폐기물]",observation,bgd-v158-a-011-obs-00046,A-011_emissions_sector_agriculture,BGD,2015,2015,2015,,,,70.604404,Mt CO2eq,,,,,,"[농축수산 부문 기술 (Agriculture & fisheries)] [농업] European Commission, Joint Research Centre (JRC) — EDGAR 「EDGAR GHG_Agriculture」 기준. Mt CO2eq (GWP-100 AR5). IPCC 2006 코드 3.A.1, 3.A.2, 3.C.1, 3.C.2, 3.C.3, 3.C.4, 3.C.5, 3.C.6, 3.C.7.","European Commission, Joint Research Centre (JRC) — EDGAR",https://edgar.jrc.ec.europa.eu/dataset_ghg2025,CC BY 4.0,"A-011_GHG 배출량[에너지, 산업공정, 농업, 폐기물].xlsx",1.1_observation(측정값),49,BGD-ALL-DATA-DISPLAY-2026-09-29,
A-011,"GHG 배출량[에너지, 산업공정, 농업, 폐기물]",observation,bgd-v158-a-011-obs-00047,A-011_emissions_sector_agriculture,BGD,2016,2016,2016,,,,69.813913,Mt CO2eq,,,,,,"[농축수산 부문 기술 (Agriculture & fisheries)] [농업] European Commission, Joint Research Centre (JRC) — EDGAR 「EDGAR GHG_Agriculture」 기준. Mt CO2eq (GWP-100 AR5). IPCC 2006 코드 3.A.1, 3.A.2, 3.C.1, 3.C.2, 3.C.3, 3.C.4, 3.C.5, 3.C.6, 3.C.7.","European Commission, Joint Research Centre (JRC) — EDGAR",https://edgar.jrc.ec.europa.eu/dataset_ghg2025,CC BY 4.0,"A-011_GHG 배출량[에너지, 산업공정, 농업, 폐기물].xlsx",1.1_observation(측정값),50,BGD-ALL-DATA-DISPLAY-2026-09-29,
A-011,"GHG 배출량[에너지, 산업공정, 농업, 폐기물]",observation,bgd-v158-a-011-obs-00048,A-011_emissions_sector_agriculture,BGD,2017,2017,2017,,,,71.441319,Mt CO2eq,,,,,,"[농축수산 부문 기술 (Agriculture & fisheries)] [농업] European Commission, Joint Research Centre (JRC) — EDGAR 「EDGAR GHG_Agriculture」 기준. Mt CO2eq (GWP-100 AR5). IPCC 2006 코드 3.A.1, 3.A.2, 3.C.1, 3.C.2, 3.C.3, 3.C.4, 3.C.5, 3.C.6, 3.C.7.","European Commission, Joint Research Centre (JRC) — EDGAR",https://edgar.jrc.ec.europa.eu/dataset_ghg2025,CC BY 4.0,"A-011_GHG 배출량[에너지, 산업공정, 농업, 폐기물].xlsx",1.1_observation(측정값),51,BGD-ALL-DATA-DISPLAY-2026-09-29,
A-011,"GHG 배출량[에너지, 산업공정, 농업, 폐기물]",observation,bgd-v158-a-011-obs-00049,A-011_emissions_sector_agriculture,BGD,2018,2018,2018,,,,72.070913,Mt CO2eq,,,,,,"[농축수산 부문 기술 (Agriculture & fisheries)] [농업] European Commission, Joint Research Centre (JRC) — EDGAR 「EDGAR GHG_Agriculture」 기준. Mt CO2eq (GWP-100 AR5). IPCC 2006 코드 3.A.1, 3.A.2, 3.C.1, 3.C.2, 3.C.3, 3.C.4, 3.C.5, 3.C.6, 3.C.7.","European Commission, Joint Research Centre (JRC) — EDGAR",https://edgar.jrc.ec.europa.eu/dataset_ghg2025,CC BY 4.0,"A-011_GHG 배출량[에너지, 산업공정, 농업, 폐기물].xlsx",1.1_observation(측정값),52,BGD-ALL-DATA-DISPLAY-2026-09-29,
A-011,"GHG 배출량[에너지, 산업공정, 농업, 폐기물]",observation,bgd-v158-a-011-obs-00050,A-011_emissions_sector_agriculture,BGD,2019,2019,2019,,,,72.482485,Mt CO2eq,,,,,,"[농축수산 부문 기술 (Agriculture & fisheries)] [농업] European Commission, Joint Research Centre (JRC) — EDGAR 「EDGAR GHG_Agriculture」 기준. Mt CO2eq (GWP-100 AR5). IPCC 2006 코드 3.A.1, 3.A.2, 3.C.1, 3.C.2, 3.C.3, 3.C.4, 3.C.5, 3.C.6, 3.C.7.","European Commission, Joint Research Centre (JRC) — EDGAR",https://edgar.jrc.ec.europa.eu/dataset_ghg2025,CC BY 4.0,"A-011_GHG 배출량[에너지, 산업공정, 농업, 폐기물].xlsx",1.1_observation(측정값),53,BGD-ALL-DATA-DISPLAY-2026-09-29,
A-011,"GHG 배출량[에너지, 산업공정, 농업, 폐기물]",observation,bgd-v158-a-011-obs-00051,A-011_emissions_sector_agriculture,BGD,2020,2020,2020,,,,73.249988,Mt CO2eq,,,,,,"[농축수산 부문 기술 (Agriculture & fisheries)] [농업] European Commission, Joint Research Centre (JRC) — EDGAR 「EDGAR GHG_Agriculture」 기준. Mt CO2eq (GWP-100 AR5). IPCC 2006 코드 3.A.1, 3.A.2, 3.C.1, 3.C.2, 3.C.3, 3.C.4, 3.C.5, 3.C.6, 3.C.7.","European Commission, Joint Research Centre (JRC) — EDGAR",https://edgar.jrc.ec.europa.eu/dataset_ghg2025,CC BY 4.0,"A-011_GHG 배출량[에너지, 산업공정, 농업, 폐기물].xlsx",1.1_observation(측정값),54,BGD-ALL-DATA-DISPLAY-2026-09-29,
A-011,"GHG 배출량[에너지, 산업공정, 농업, 폐기물]",observation,bgd-v158-a-011-obs-00052,A-011_emissions_sector_agriculture,BGD,2021,2021,2021,,,,75.133979,Mt CO2eq,,,,,,"[농축수산 부문 기술 (Agriculture & fisheries)] [농업] European Commission, Joint Research Centre (JRC) — EDGAR 「EDGAR GHG_Agriculture」 기준. Mt CO2eq (GWP-100 AR5). IPCC 2006 코드 3.A.1, 3.A.2, 3.C.1, 3.C.2, 3.C.3, 3.C.4, 3.C.5, 3.C.6, 3.C.7.","European Commission, Joint Research Centre (JRC) — EDGAR",https://edgar.jrc.ec.europa.eu/dataset_ghg2025,CC BY 4.0,"A-011_GHG 배출량[에너지, 산업공정, 농업, 폐기물].xlsx",1.1_observation(측정값),55,BGD-ALL-DATA-DISPLAY-2026-09-29,
A-011,"GHG 배출량[에너지, 산업공정, 농업, 폐기물]",observation,bgd-v158-a-011-obs-00053,A-011_emissions_sector_agriculture,BGD,2022,2022,2022,,,,74.766182,Mt CO2eq,,,,,,"[농축수산 부문 기술 (Agriculture & fisheries)] [농업] European Commission, Joint Research Centre (JRC) — EDGAR 「EDGAR GHG_Agriculture」 기준. Mt CO2eq (GWP-100 AR5). IPCC 2006 코드 3.A.1, 3.A.2, 3.C.1, 3.C.2, 3.C.3, 3.C.4, 3.C.5, 3.C.6, 3.C.7.","European Commission, Joint Research Centre (JRC) — EDGAR",https://edgar.jrc.ec.europa.eu/dataset_ghg2025,CC BY 4.0,"A-011_GHG 배출량[에너지, 산업공정, 농업, 폐기물].xlsx",1.1_observation(측정값),56,BGD-ALL-DATA-DISPLAY-2026-09-29,
A-011,"GHG 배출량[에너지, 산업공정, 농업, 폐기물]",observation,bgd-v158-a-011-obs-00054,A-011_emissions_sector_agriculture,BGD,2023,2023,2023,,,,68.919569,Mt CO2eq,,,,,,"[농축수산 부문 기술 (Agriculture & fisheries)] [농업] European Commission, Joint Research Centre (JRC) — EDGAR 「EDGAR GHG_Agriculture」 기준. Mt CO2eq (GWP-100 AR5). IPCC 2006 코드 3.A.1, 3.A.2, 3.C.1, 3.C.2, 3.C.3, 3.C.4, 3.C.5, 3.C.6, 3.C.7.","European Commission, Joint Research Centre (JRC) — EDGAR",https://edgar.jrc.ec.europa.eu/dataset_ghg2025,CC BY 4.0,"A-011_GHG 배출량[에너지, 산업공정, 농업, 폐기물].xlsx",1.1_observation(측정값),57,BGD-ALL-DATA-DISPLAY-2026-09-29,
A-011,"GHG 배출량[에너지, 산업공정, 농업, 폐기물]",observation,bgd-v158-a-011-obs-00055,A-011_emissions_sector_agriculture,BGD,2024,2024,2024,,,,67.823051,Mt CO2eq,,,,,,"[농축수산 부문 기술 (Agriculture & fisheries)] [농업] European Commission, Joint Research Centre (JRC) — EDGAR 「EDGAR GHG_Agriculture」 기준. Mt CO2eq (GWP-100 AR5). IPCC 2006 코드 3.A.1, 3.A.2, 3.C.1, 3.C.2, 3.C.3, 3.C.4, 3.C.5, 3.C.6, 3.C.7.","European Commission, Joint Research Centre (JRC) — EDGAR",https://edgar.jrc.ec.europa.eu/dataset_ghg2025,CC BY 4.0,"A-011_GHG 배출량[에너지, 산업공정, 농업, 폐기물].xlsx",1.1_observation(측정값),58,BGD-ALL-DATA-DISPLAY-2026-09-29,
A-011,"GHG 배출량[에너지, 산업공정, 농업, 폐기물]",observation,bgd-v158-a-011-obs-00056,A-011_emissions_sector_buildings,BGD,1970,1970,1970,,,,3.949676,Mt CO2eq,,,,,,"[건물효율 기술 (Building efficiency)] [건물] European Commission, Joint Research Centre (JRC) — EDGAR 「EDGAR GHG_Buildings」 기준. Mt CO2eq (GWP-100 AR5). IPCC 2006 코드 1.A.4, 1.A.5.","European Commission, Joint Research Centre (JRC) — EDGAR",https://edgar.jrc.ec.europa.eu/dataset_ghg2025,CC BY 4.0,"A-011_GHG 배출량[에너지, 산업공정, 농업, 폐기물].xlsx",1.1_observation(측정값),59,BGD-ALL-DATA-DISPLAY-2026-09-29,
A-011,"GHG 배출량[에너지, 산업공정, 농업, 폐기물]",observation,bgd-v158-a-011-obs-00057,A-011_emissions_sector_buildings,BGD,1971,1971,1971,,,,3.949676,Mt CO2eq,,,,,,"[건물효율 기술 (Building efficiency)] [건물] European Commission, Joint Research Centre (JRC) — EDGAR 「EDGAR GHG_Buildings」 기준. Mt CO2eq (GWP-100 AR5). IPCC 2006 코드 1.A.4, 1.A.5.","European Commission, Joint Research Centre (JRC) — EDGAR",https://edgar.jrc.ec.europa.eu/dataset_ghg2025,CC BY 4.0,"A-011_GHG 배출량[에너지, 산업공정, 농업, 폐기물].xlsx",1.1_observation(측정값),60,BGD-ALL-DATA-DISPLAY-2026-09-29,
A-011,"GHG 배출량[에너지, 산업공정, 농업, 폐기물]",observation,bgd-v158-a-011-obs-00058,A-011_emissions_sector_buildings,BGD,1972,1972,1972,,,,4.023568,Mt CO2eq,,,,,,"[건물효율 기술 (Building efficiency)] [건물] European Commission, Joint Research Centre (JRC) — EDGAR 「EDGAR GHG_Buildings」 기준. Mt CO2eq (GWP-100 AR5). IPCC 2006 코드 1.A.4, 1.A.5.","European Commission, Joint Research Centre (JRC) — EDGAR",https://edgar.jrc.ec.europa.eu/dataset_ghg2025,CC BY 4.0,"A-011_GHG 배출량[에너지, 산업공정, 농업, 폐기물].xlsx",1.1_observation(측정값),61,BGD-ALL-DATA-DISPLAY-2026-09-29,
A-011,"GHG 배출량[에너지, 산업공정, 농업, 폐기물]",observation,bgd-v158-a-011-obs-00059,A-011_emissions_sector_buildings,BGD,1973,1973,1973,,,,3.946447,Mt CO2eq,,,,,,"[건물효율 기술 (Building efficiency)] [건물] European Commission, Joint Research Centre (JRC) — EDGAR 「EDGAR GHG_Buildings」 기준. Mt CO2eq (GWP-100 AR5). IPCC 2006 코드 1.A.4, 1.A.5.","European Commission, Joint Research Centre (JRC) — EDGAR",https://edgar.jrc.ec.europa.eu/dataset_ghg2025,CC BY 4.0,"A-011_GHG 배출량[에너지, 산업공정, 농업, 폐기물].xlsx",1.1_observation(측정값),62,BGD-ALL-DATA-DISPLAY-2026-09-29,
A-011,"GHG 배출량[에너지, 산업공정, 농업, 폐기물]",observation,bgd-v158-a-011-obs-00060,A-011_emissions_sector_buildings,BGD,1974,1974,1974,,,,4.219715,Mt CO2eq,,,,,,"[건물효율 기술 (Building efficiency)] [건물] European Commission, Joint Research Centre (JRC) — EDGAR 「EDGAR GHG_Buildings」 기준. Mt CO2eq (GWP-100 AR5). IPCC 2006 코드 1.A.4, 1.A.5.","European Commission, Joint Research Centre (JRC) — EDGAR",https://edgar.jrc.ec.europa.eu/dataset_ghg2025,CC BY 4.0,"A-011_GHG 배출량[에너지, 산업공정, 농업, 폐기물].xlsx",1.1_observation(측정값),63,BGD-ALL-DATA-DISPLAY-2026-09-29,
A-011,"GHG 배출량[에너지, 산업공정, 농업, 폐기물]",observation,bgd-v158-a-011-obs-00061,A-011_emissions_sector_buildings,BGD,1975,1975,1975,,,,4.542047,Mt CO2eq,,,,,,"[건물효율 기술 (Building efficiency)] [건물] European Commission, Joint Research Centre (JRC) — EDGAR 「EDGAR GHG_Buildings」 기준. Mt CO2eq (GWP-100 AR5). IPCC 2006 코드 1.A.4, 1.A.5.","European Commission, Joint Research Centre (JRC) — EDGAR",https://edgar.jrc.ec.europa.eu/dataset_ghg2025,CC BY 4.0,"A-011_GHG 배출량[에너지, 산업공정, 농업, 폐기물].xlsx",1.1_observation(측정값),64,BGD-ALL-DATA-DISPLAY-2026-09-29,
A-011,"GHG 배출량[에너지, 산업공정, 농업, 폐기물]",observation,bgd-v158-a-011-obs-00062,A-011_emissions_sector_buildings,BGD,1976,1976,1976,,,,4.767731,Mt CO2eq,,,,,,"[건물효율 기술 (Building efficiency)] [건물] European Commission, Joint Research Centre (JRC) — EDGAR 「EDGAR GHG_Buildings」 기준. Mt CO2eq (GWP-100 AR5). IPCC 2006 코드 1.A.4, 1.A.5.","European Commission, Joint Research Centre (JRC) — EDGAR",https://edgar.jrc.ec.europa.eu/dataset_ghg2025,CC BY 4.0,"A-011_GHG 배출량[에너지, 산업공정, 농업, 폐기물].xlsx",1.1_observation(측정값),65,BGD-ALL-DATA-DISPLAY-2026-09-29,
A-011,"GHG 배출량[에너지, 산업공정, 농업, 폐기물]",observation,bgd-v158-a-011-obs-00063,A-011_emissions_sector_buildings,BGD,1977,1977,1977,,,,4.828423,Mt CO2eq,,,,,,"[건물효율 기술 (Building efficiency)] [건물] European Commission, Joint Research Centre (JRC) — EDGAR 「EDGAR GHG_Buildings」 기준. Mt CO2eq (GWP-100 AR5). IPCC 2006 코드 1.A.4, 1.A.5.","European Commission, Joint Research Centre (JRC) — EDGAR",https://edgar.jrc.ec.europa.eu/dataset_ghg2025,CC BY 4.0,"A-011_GHG 배출량[에너지, 산업공정, 농업, 폐기물].xlsx",1.1_observation(측정값),66,BGD-ALL-DATA-DISPLAY-2026-09-29,
A-011,"GHG 배출량[에너지, 산업공정, 농업, 폐기물]",observation,bgd-v158-a-011-obs-00064,A-011_emissions_sector_buildings,BGD,1978,1978,1978,,,,4.947171,Mt CO2eq,,,,,,"[건물효율 기술 (Building efficiency)] [건물] European Commission, Joint Research Centre (JRC) — EDGAR 「EDGAR GHG_Buildings」 기준. Mt CO2eq (GWP-100 AR5). IPCC 2006 코드 1.A.4, 1.A.5.","European Commission, Joint Research Centre (JRC) — EDGAR",https://edgar.jrc.ec.europa.eu/dataset_ghg2025,CC BY 4.0,"A-011_GHG 배출량[에너지, 산업공정, 농업, 폐기물].xlsx",1.1_observation(측정값),67,BGD-ALL-DATA-DISPLAY-2026-09-29,
A-011,"GHG 배출량[에너지, 산업공정, 농업, 폐기물]",observation,bgd-v158-a-011-obs-00065,A-011_emissions_sector_buildings,BGD,1979,1979,1979,,,,5.167498,Mt CO2eq,,,,,,"[건물효율 기술 (Building efficiency)] [건물] European Commission, Joint Research Centre (JRC) — EDGAR 「EDGAR GHG_Buildings」 기준. Mt CO2eq (GWP-100 AR5). IPCC 2006 코드 1.A.4, 1.A.5.","European Commission, Joint Research Centre (JRC) — EDGAR",https://edgar.jrc.ec.europa.eu/dataset_ghg2025,CC BY 4.0,"A-011_GHG 배출량[에너지, 산업공정, 농업, 폐기물].xlsx",1.1_observation(측정값),68,BGD-ALL-DATA-DISPLAY-2026-09-29,
A-011,"GHG 배출량[에너지, 산업공정, 농업, 폐기물]",observation,bgd-v158-a-011-obs-00066,A-011_emissions_sector_buildings,BGD,1980,1980,1980,,,,5.332978,Mt CO2eq,,,,,,"[건물효율 기술 (Building efficiency)] [건물] European Commission, Joint Research Centre (JRC) — EDGAR 「EDGAR GHG_Buildings」 기준. Mt CO2eq (GWP-100 AR5). IPCC 2006 코드 1.A.4, 1.A.5.","European Commission, Joint Research Centre (JRC) — EDGAR",https://edgar.jrc.ec.europa.eu/dataset_ghg2025,CC BY 4.0,"A-011_GHG 배출량[에너지, 산업공정, 농업, 폐기물].xlsx",1.1_observation(측정값),69,BGD-ALL-DATA-DISPLAY-2026-09-29,
A-011,"GHG 배출량[에너지, 산업공정, 농업, 폐기물]",observation,bgd-v158-a-011-obs-00067,A-011_emissions_sector_buildings,BGD,1981,1981,1981,,,,5.546677,Mt CO2eq,,,,,,"[건물효율 기술 (Building efficiency)] [건물] European Commission, Joint Research Centre (JRC) — EDGAR 「EDGAR GHG_Buildings」 기준. Mt CO2eq (GWP-100 AR5). IPCC 2006 코드 1.A.4, 1.A.5.","European Commission, Joint Research Centre (JRC) — EDGAR",https://edgar.jrc.ec.europa.eu/dataset_ghg2025,CC BY 4.0,"A-011_GHG 배출량[에너지, 산업공정, 농업, 폐기물].xlsx",1.1_observation(측정값),70,BGD-ALL-DATA-DISPLAY-2026-09-29,
A-011,"GHG 배출량[에너지, 산업공정, 농업, 폐기물]",observation,bgd-v158-a-011-obs-00068,A-011_emissions_sector_buildings,BGD,1982,1982,1982,,,,5.5456,Mt CO2eq,,,,,,"[건물효율 기술 (Building efficiency)] [건물] European Commission, Joint Research Centre (JRC) — EDGAR 「EDGAR GHG_Buildings」 기준. Mt CO2eq (GWP-100 AR5). IPCC 2006 코드 1.A.4, 1.A.5.","European Commission, Joint Research Centre (JRC) — EDGAR",https://edgar.jrc.ec.europa.eu/dataset_ghg2025,CC BY 4.0,"A-011_GHG 배출량[에너지, 산업공정, 농업, 폐기물].xlsx",1.1_observation(측정값),71,BGD-ALL-DATA-DISPLAY-2026-09-29,
A-011,"GHG 배출량[에너지, 산업공정, 농업, 폐기물]",observation,bgd-v158-a-011-obs-00069,A-011_emissions_sector_buildings,BGD,1983,1983,1983,,,,5.516282,Mt CO2eq,,,,,,"[건물효율 기술 (Building efficiency)] [건물] European Commission, Joint Research Centre (JRC) — EDGAR 「EDGAR GHG_Buildings」 기준. Mt CO2eq (GWP-100 AR5). IPCC 2006 코드 1.A.4, 1.A.5.","European Commission, Joint Research Centre (JRC) — EDGAR",https://edgar.jrc.ec.europa.eu/dataset_ghg2025,CC BY 4.0,"A-011_GHG 배출량[에너지, 산업공정, 농업, 폐기물].xlsx",1.1_observation(측정값),72,BGD-ALL-DATA-DISPLAY-2026-09-29,
A-011,"GHG 배출량[에너지, 산업공정, 농업, 폐기물]",observation,bgd-v158-a-011-obs-00070,A-011_emissions_sector_buildings,BGD,1984,1984,1984,,,,5.461579,Mt CO2eq,,,,,,"[건물효율 기술 (Building efficiency)] [건물] European Commission, Joint Research Centre (JRC) — EDGAR 「EDGAR GHG_Buildings」 기준. Mt CO2eq (GWP-100 AR5). IPCC 2006 코드 1.A.4, 1.A.5.","European Commission, Joint Research Centre (JRC) — EDGAR",https://edgar.jrc.ec.europa.eu/dataset_ghg2025,CC BY 4.0,"A-011_GHG 배출량[에너지, 산업공정, 농업, 폐기물].xlsx",1.1_observation(측정값),73,BGD-ALL-DATA-DISPLAY-2026-09-29,
A-011,"GHG 배출량[에너지, 산업공정, 농업, 폐기물]",observation,bgd-v158-a-011-obs-00071,A-011_emissions_sector_buildings,BGD,1985,1985,1985,,,,5.801146,Mt CO2eq,,,,,,"[건물효율 기술 (Building efficiency)] [건물] European Commission, Joint Research Centre (JRC) — EDGAR 「EDGAR GHG_Buildings」 기준. Mt CO2eq (GWP-100 AR5). IPCC 2006 코드 1.A.4, 1.A.5.","European Commission, Joint Research Centre (JRC) — EDGAR",https://edgar.jrc.ec.europa.eu/dataset_ghg2025,CC BY 4.0,"A-011_GHG 배출량[에너지, 산업공정, 농업, 폐기물].xlsx",1.1_observation(측정값),74,BGD-ALL-DATA-DISPLAY-2026-09-29,
A-011,"GHG 배출량[에너지, 산업공정, 농업, 폐기물]",observation,bgd-v158-a-011-obs-00072,A-011_emissions_sector_buildings,BGD,1986,1986,1986,,,,6.181606,Mt CO2eq,,,,,,"[건물효율 기술 (Building efficiency)] [건물] European Commission, Joint Research Centre (JRC) — EDGAR 「EDGAR GHG_Buildings」 기준. Mt CO2eq (GWP-100 AR5). IPCC 2006 코드 1.A.4, 1.A.5.","European Commission, Joint Research Centre (JRC) — EDGAR",https://edgar.jrc.ec.europa.eu/dataset_ghg2025,CC BY 4.0,"A-011_GHG 배출량[에너지, 산업공정, 농업, 폐기물].xlsx",1.1_observation(측정값),75,BGD-ALL-DATA-DISPLAY-2026-09-29,
A-011,"GHG 배출량[에너지, 산업공정, 농업, 폐기물]",observation,bgd-v158-a-011-obs-00073,A-011_emissions_sector_buildings,BGD,1987,1987,1987,,,,6.155582,Mt CO2eq,,,,,,"[건물효율 기술 (Building efficiency)] [건물] European Commission, Joint Research Centre (JRC) — EDGAR 「EDGAR GHG_Buildings」 기준. Mt CO2eq (GWP-100 AR5). IPCC 2006 코드 1.A.4, 1.A.5.","European Commission, Joint Research Centre (JRC) — EDGAR",https://edgar.jrc.ec.europa.eu/dataset_ghg2025,CC BY 4.0,"A-011_GHG 배출량[에너지, 산업공정, 농업, 폐기물].xlsx",1.1_observation(측정값),76,BGD-ALL-DATA-DISPLAY-2026-09-29,
A-011,"GHG 배출량[에너지, 산업공정, 농업, 폐기물]",observation,bgd-v158-a-011-obs-00074,A-011_emissions_sector_buildings,BGD,1988,1988,1988,,,,6.312979,Mt CO2eq,,,,,,"[건물효율 기술 (Building efficiency)] [건물] European Commission, Joint Research Centre (JRC) — EDGAR 「EDGAR GHG_Buildings」 기준. Mt CO2eq (GWP-100 AR5). IPCC 2006 코드 1.A.4, 1.A.5.","European Commission, Joint Research Centre (JRC) — EDGAR",https://edgar.jrc.ec.europa.eu/dataset_ghg2025,CC BY 4.0,"A-011_GHG 배출량[에너지, 산업공정, 농업, 폐기물].xlsx",1.1_observation(측정값),77,BGD-ALL-DATA-DISPLAY-2026-09-29,
A-011,"GHG 배출량[에너지, 산업공정, 농업, 폐기물]",observation,bgd-v158-a-011-obs-00075,A-011_emissions_sector_buildings,BGD,1989,1989,1989,,,,7.010115,Mt CO2eq,,,,,,"[건물효율 기술 (Building efficiency)] [건물] European Commission, Joint Research Centre (JRC) — EDGAR 「EDGAR GHG_Buildings」 기준. Mt CO2eq (GWP-100 AR5). IPCC 2006 코드 1.A.4, 1.A.5.","European Commission, Joint Research Centre (JRC) — EDGAR",https://edgar.jrc.ec.europa.eu/dataset_ghg2025,CC BY 4.0,"A-011_GHG 배출량[에너지, 산업공정, 농업, 폐기물].xlsx",1.1_observation(측정값),78,BGD-ALL-DATA-DISPLAY-2026-09-29,
A-011,"GHG 배출량[에너지, 산업공정, 농업, 폐기물]",observation,bgd-v158-a-011-obs-00076,A-011_emissions_sector_buildings,BGD,1990,1990,1990,,,,7.054861,Mt CO2eq,,,,,,"[건물효율 기술 (Building efficiency)] [건물] European Commission, Joint Research Centre (JRC) — EDGAR 「EDGAR GHG_Buildings」 기준. Mt CO2eq (GWP-100 AR5). IPCC 2006 코드 1.A.4, 1.A.5.","European Commission, Joint Research Centre (JRC) — EDGAR",https://edgar.jrc.ec.europa.eu/dataset_ghg2025,CC BY 4.0,"A-011_GHG 배출량[에너지, 산업공정, 농업, 폐기물].xlsx",1.1_observation(측정값),79,BGD-ALL-DATA-DISPLAY-2026-09-29,
A-011,"GHG 배출량[에너지, 산업공정, 농업, 폐기물]",observation,bgd-v158-a-011-obs-00077,A-011_emissions_sector_buildings,BGD,1991,1991,1991,,,,6.844218,Mt CO2eq,,,,,,"[건물효율 기술 (Building efficiency)] [건물] European Commission, Joint Research Centre (JRC) — EDGAR 「EDGAR GHG_Buildings」 기준. Mt CO2eq (GWP-100 AR5). IPCC 2006 코드 1.A.4, 1.A.5.","European Commission, Joint Research Centre (JRC) — EDGAR",https://edgar.jrc.ec.europa.eu/dataset_ghg2025,CC BY 4.0,"A-011_GHG 배출량[에너지, 산업공정, 농업, 폐기물].xlsx",1.1_observation(측정값),80,BGD-ALL-DATA-DISPLAY-2026-09-29,
A-011,"GHG 배출량[에너지, 산업공정, 농업, 폐기물]",observation,bgd-v158-a-011-obs-00078,A-011_emissions_sector_buildings,BGD,1992,1992,1992,,,,7.092825,Mt CO2eq,,,,,,"[건물효율 기술 (Building efficiency)] [건물] European Commission, Joint Research Centre (JRC) — EDGAR 「EDGAR GHG_Buildings」 기준. Mt CO2eq (GWP-100 AR5). IPCC 2006 코드 1.A.4, 1.A.5.","European Commission, Joint Research Centre (JRC) — EDGAR",https://edgar.jrc.ec.europa.eu/dataset_ghg2025,CC BY 4.0,"A-011_GHG 배출량[에너지, 산업공정, 농업, 폐기물].xlsx",1.1_observation(측정값),81,BGD-ALL-DATA-DISPLAY-2026-09-29,
A-011,"GHG 배출량[에너지, 산업공정, 농업, 폐기물]",observation,bgd-v158-a-011-obs-00079,A-011_emissions_sector_buildings,BGD,1993,1993,1993,,,,7.277265,Mt CO2eq,,,,,,"[건물효율 기술 (Building efficiency)] [건물] European Commission, Joint Research Centre (JRC) — EDGAR 「EDGAR GHG_Buildings」 기준. Mt CO2eq (GWP-100 AR5). IPCC 2006 코드 1.A.4, 1.A.5.","European Commission, Joint Research Centre (JRC) — EDGAR",https://edgar.jrc.ec.europa.eu/dataset_ghg2025,CC BY 4.0,"A-011_GHG 배출량[에너지, 산업공정, 농업, 폐기물].xlsx",1.1_observation(측정값),82,BGD-ALL-DATA-DISPLAY-2026-09-29,
A-011,"GHG 배출량[에너지, 산업공정, 농업, 폐기물]",observation,bgd-v158-a-011-obs-00080,A-011_emissions_sector_buildings,BGD,1994,1994,1994,,,,7.531943,Mt CO2eq,,,,,,"[건물효율 기술 (Building efficiency)] [건물] European Commission, Joint Research Centre (JRC) — EDGAR 「EDGAR GHG_Buildings」 기준. Mt CO2eq (GWP-100 AR5). IPCC 2006 코드 1.A.4, 1.A.5.","European Commission, Joint Research Centre (JRC) — EDGAR",https://edgar.jrc.ec.europa.eu/dataset_ghg2025,CC BY 4.0,"A-011_GHG 배출량[에너지, 산업공정, 농업, 폐기물].xlsx",1.1_observation(측정값),83,BGD-ALL-DATA-DISPLAY-2026-09-29,
A-011,"GHG 배출량[에너지, 산업공정, 농업, 폐기물]",observation,bgd-v158-a-011-obs-00081,A-011_emissions_sector_buildings,BGD,1995,1995,1995,,,,8.104244,Mt CO2eq,,,,,,"[건물효율 기술 (Building efficiency)] [건물] European Commission, Joint Research Centre (JRC) — EDGAR 「EDGAR GHG_Buildings」 기준. Mt CO2eq (GWP-100 AR5). IPCC 2006 코드 1.A.4, 1.A.5.","European Commission, Joint Research Centre (JRC) — EDGAR",https://edgar.jrc.ec.europa.eu/dataset_ghg2025,CC BY 4.0,"A-011_GHG 배출량[에너지, 산업공정, 농업, 폐기물].xlsx",1.1_observation(측정값),84,BGD-ALL-DATA-DISPLAY-2026-09-29,
A-011,"GHG 배출량[에너지, 산업공정, 농업, 폐기물]",observation,bgd-v158-a-011-obs-00082,A-011_emissions_sector_buildings,BGD,1996,1996,1996,,,,8.260945,Mt CO2eq,,,,,,"[건물효율 기술 (Building efficiency)] [건물] European Commission, Joint Research Centre (JRC) — EDGAR 「EDGAR GHG_Buildings」 기준. Mt CO2eq (GWP-100 AR5). IPCC 2006 코드 1.A.4, 1.A.5.","European Commission, Joint Research Centre (JRC) — EDGAR",https://edgar.jrc.ec.europa.eu/dataset_ghg2025,CC BY 4.0,"A-011_GHG 배출량[에너지, 산업공정, 농업, 폐기물].xlsx",1.1_observation(측정값),85,BGD-ALL-DATA-DISPLAY-2026-09-29,
A-011,"GHG 배출량[에너지, 산업공정, 농업, 폐기물]",observation,bgd-v158-a-011-obs-00083,A-011_emissions_sector_buildings,BGD,1997,1997,1997,,,,8.940671,Mt CO2eq,,,,,,"[건물효율 기술 (Building efficiency)] [건물] European Commission, Joint Research Centre (JRC) — EDGAR 「EDGAR GHG_Buildings」 기준. Mt CO2eq (GWP-100 AR5). IPCC 2006 코드 1.A.4, 1.A.5.","European Commission, Joint Research Centre (JRC) — EDGAR",https://edgar.jrc.ec.europa.eu/dataset_ghg2025,CC BY 4.0,"A-011_GHG 배출량[에너지, 산업공정, 농업, 폐기물].xlsx",1.1_observation(측정값),86,BGD-ALL-DATA-DISPLAY-2026-09-29,
A-011,"GHG 배출량[에너지, 산업공정, 농업, 폐기물]",observation,bgd-v158-a-011-obs-00084,A-011_emissions_sector_buildings,BGD,1998,1998,1998,,,,9.317195,Mt CO2eq,,,,,,"[건물효율 기술 (Building efficiency)] [건물] European Commission, Joint Research Centre (JRC) — EDGAR 「EDGAR GHG_Buildings」 기준. Mt CO2eq (GWP-100 AR5). IPCC 2006 코드 1.A.4, 1.A.5.","European Commission, Joint Research Centre (JRC) — EDGAR",https://edgar.jrc.ec.europa.eu/dataset_ghg2025,CC BY 4.0,"A-011_GHG 배출량[에너지, 산업공정, 농업, 폐기물].xlsx",1.1_observation(측정값),87,BGD-ALL-DATA-DISPLAY-2026-09-29,
A-011,"GHG 배출량[에너지, 산업공정, 농업, 폐기물]",observation,bgd-v158-a-011-obs-00085,A-011_emissions_sector_buildings,BGD,1999,1999,1999,,,,9.43215,Mt CO2eq,,,,,,"[건물효율 기술 (Building efficiency)] [건물] European Commission, Joint Research Centre (JRC) — EDGAR 「EDGAR GHG_Buildings」 기준. Mt CO2eq (GWP-100 AR5). IPCC 2006 코드 1.A.4, 1.A.5.","European Commission, Joint Research Centre (JRC) — EDGAR",https://edgar.jrc.ec.europa.eu/dataset_ghg2025,CC BY 4.0,"A-011_GHG 배출량[에너지, 산업공정, 농업, 폐기물].xlsx",1.1_observation(측정값),88,BGD-ALL-DATA-DISPLAY-2026-09-29,
A-011,"GHG 배출량[에너지, 산업공정, 농업, 폐기물]",observation,bgd-v158-a-011-obs-00086,A-011_emissions_sector_buildings,BGD,2000,2000,2000,,,,9.483864,Mt CO2eq,,,,,,"[건물효율 기술 (Building efficiency)] [건물] European Commission, Joint Research Centre (JRC) — EDGAR 「EDGAR GHG_Buildings」 기준. Mt CO2eq (GWP-100 AR5). IPCC 2006 코드 1.A.4, 1.A.5.","European Commission, Joint Research Centre (JRC) — EDGAR",https://edgar.jrc.ec.europa.eu/dataset_ghg2025,CC BY 4.0,"A-011_GHG 배출량[에너지, 산업공정, 농업, 폐기물].xlsx",1.1_observation(측정값),89,BGD-ALL-DATA-DISPLAY-2026-09-29,
A-011,"GHG 배출량[에너지, 산업공정, 농업, 폐기물]",observation,bgd-v158-a-011-obs-00087,A-011_emissions_sector_buildings,BGD,2001,2001,2001,,,,10.460812,Mt CO2eq,,,,,,"[건물효율 기술 (Building efficiency)] [건물] European Commission, Joint Research Centre (JRC) — EDGAR 「EDGAR GHG_Buildings」 기준. Mt CO2eq (GWP-100 AR5). IPCC 2006 코드 1.A.4, 1.A.5.","European Commission, Joint Research Centre (JRC) — EDGAR",https://edgar.jrc.ec.europa.eu/dataset_ghg2025,CC BY 4.0,"A-011_GHG 배출량[에너지, 산업공정, 농업, 폐기물].xlsx",1.1_observation(측정값),90,BGD-ALL-DATA-DISPLAY-2026-09-29,
A-011,"GHG 배출량[에너지, 산업공정, 농업, 폐기물]",observation,bgd-v158-a-011-obs-00088,A-011_emissions_sector_buildings,BGD,2002,2002,2002,,,,11.031108,Mt CO2eq,,,,,,"[건물효율 기술 (Building efficiency)] [건물] European Commission, Joint Research Centre (JRC) — EDGAR 「EDGAR GHG_Buildings」 기준. Mt CO2eq (GWP-100 AR5). IPCC 2006 코드 1.A.4, 1.A.5.","European Commission, Joint Research Centre (JRC) — EDGAR",https://edgar.jrc.ec.europa.eu/dataset_ghg2025,CC BY 4.0,"A-011_GHG 배출량[에너지, 산업공정, 농업, 폐기물].xlsx",1.1_observation(측정값),91,BGD-ALL-DATA-DISPLAY-2026-09-29,
A-011,"GHG 배출량[에너지, 산업공정, 농업, 폐기물]",observation,bgd-v158-a-011-obs-00089,A-011_emissions_sector_buildings,BGD,2003,2003,2003,,,,11.650547,Mt CO2eq,,,,,,"[건물효율 기술 (Building efficiency)] [건물] European Commission, Joint Research Centre (JRC) — EDGAR 「EDGAR GHG_Buildings」 기준. Mt CO2eq (GWP-100 AR5). IPCC 2006 코드 1.A.4, 1.A.5.","European Commission, Joint Research Centre (JRC) — EDGAR",https://edgar.jrc.ec.europa.eu/dataset_ghg2025,CC BY 4.0,"A-011_GHG 배출량[에너지, 산업공정, 농업, 폐기물].xlsx",1.1_observation(측정값),92,BGD-ALL-DATA-DISPLAY-2026-09-29,
A-011,"GHG 배출량[에너지, 산업공정, 농업, 폐기물]",observation,bgd-v158-a-011-obs-00090,A-011_emissions_sector_buildings,BGD,2004,2004,2004,,,,12.402853,Mt CO2eq,,,,,,"[건물효율 기술 (Building efficiency)] [건물] European Commission, Joint Research Centre (JRC) — EDGAR 「EDGAR GHG_Buildings」 기준. Mt CO2eq (GWP-100 AR5). IPCC 2006 코드 1.A.4, 1.A.5.","European Commission, Joint Research Centre (JRC) — EDGAR",https://edgar.jrc.ec.europa.eu/dataset_ghg2025,CC BY 4.0,"A-011_GHG 배출량[에너지, 산업공정, 농업, 폐기물].xlsx",1.1_observation(측정값),93,BGD-ALL-DATA-DISPLAY-2026-09-29,
A-011,"GHG 배출량[에너지, 산업공정, 농업, 폐기물]",observation,bgd-v158-a-011-obs-00091,A-011_emissions_sector_buildings,BGD,2005,2005,2005,,,,12.485928,Mt CO2eq,,,,,,"[건물효율 기술 (Building efficiency)] [건물] European Commission, Joint Research Centre (JRC) — EDGAR 「EDGAR GHG_Buildings」 기준. Mt CO2eq (GWP-100 AR5). IPCC 2006 코드 1.A.4, 1.A.5.","European Commission, Joint Research Centre (JRC) — EDGAR",https://edgar.jrc.ec.europa.eu/dataset_ghg2025,CC BY 4.0,"A-011_GHG 배출량[에너지, 산업공정, 농업, 폐기물].xlsx",1.1_observation(측정값),94,BGD-ALL-DATA-DISPLAY-2026-09-29,
A-011,"GHG 배출량[에너지, 산업공정, 농업, 폐기물]",observation,bgd-v158-a-011-obs-00092,A-011_emissions_sector_buildings,BGD,2006,2006,2006,,,,12.722192,Mt CO2eq,,,,,,"[건물효율 기술 (Building efficiency)] [건물] European Commission, Joint Research Centre (JRC) — EDGAR 「EDGAR GHG_Buildings」 기준. Mt CO2eq (GWP-100 AR5). IPCC 2006 코드 1.A.4, 1.A.5.","European Commission, Joint Research Centre (JRC) — EDGAR",https://edgar.jrc.ec.europa.eu/dataset_ghg2025,CC BY 4.0,"A-011_GHG 배출량[에너지, 산업공정, 농업, 폐기물].xlsx",1.1_observation(측정값),95,BGD-ALL-DATA-DISPLAY-2026-09-29,
A-011,"GHG 배출량[에너지, 산업공정, 농업, 폐기물]",observation,bgd-v158-a-011-obs-00093,A-011_emissions_sector_buildings,BGD,2007,2007,2007,,,,12.991328,Mt CO2eq,,,,,,"[건물효율 기술 (Building efficiency)] [건물] European Commission, Joint Research Centre (JRC) — EDGAR 「EDGAR GHG_Buildings」 기준. Mt CO2eq (GWP-100 AR5). IPCC 2006 코드 1.A.4, 1.A.5.","European Commission, Joint Research Centre (JRC) — EDGAR",https://edgar.jrc.ec.europa.eu/dataset_ghg2025,CC BY 4.0,"A-011_GHG 배출량[에너지, 산업공정, 농업, 폐기물].xlsx",1.1_observation(측정값),96,BGD-ALL-DATA-DISPLAY-2026-09-29,
A-011,"GHG 배출량[에너지, 산업공정, 농업, 폐기물]",observation,bgd-v158-a-011-obs-00094,A-011_emissions_sector_buildings,BGD,2008,2008,2008,,,,13.256089,Mt CO2eq,,,,,,"[건물효율 기술 (Building efficiency)] [건물] European Commission, Joint Research Centre (JRC) — EDGAR 「EDGAR GHG_Buildings」 기준. Mt CO2eq (GWP-100 AR5). IPCC 2006 코드 1.A.4, 1.A.5.","European Commission, Joint Research Centre (JRC) — EDGAR",https://edgar.jrc.ec.europa.eu/dataset_ghg2025,CC BY 4.0,"A-011_GHG 배출량[에너지, 산업공정, 농업, 폐기물].xlsx",1.1_observation(측정값),97,BGD-ALL-DATA-DISPLAY-2026-09-29,
A-011,"GHG 배출량[에너지, 산업공정, 농업, 폐기물]",observation,bgd-v158-a-011-obs-00095,A-011_emissions_sector_buildings,BGD,2009,2009,2009,,,,13.32819,Mt CO2eq,,,,,,"[건물효율 기술 (Building efficiency)] [건물] European Commission, Joint Research Centre (JRC) — EDGAR 「EDGAR GHG_Buildings」 기준. Mt CO2eq (GWP-100 AR5). IPCC 2006 코드 1.A.4, 1.A.5.","European Commission, Joint Research Centre (JRC) — EDGAR",https://edgar.jrc.ec.europa.eu/dataset_ghg2025,CC BY 4.0,"A-011_GHG 배출량[에너지, 산업공정, 농업, 폐기물].xlsx",1.1_observation(측정값),98,BGD-ALL-DATA-DISPLAY-2026-09-29,
A-011,"GHG 배출량[에너지, 산업공정, 농업, 폐기물]",observation,bgd-v158-a-011-obs-00096,A-011_emissions_sector_buildings,BGD,2010,2010,2010,,,,14.335953,Mt CO2eq,,,,,,"[건물효율 기술 (Building efficiency)] [건물] European Commission, Joint Research Centre (JRC) — EDGAR 「EDGAR GHG_Buildings」 기준. Mt CO2eq (GWP-100 AR5). IPCC 2006 코드 1.A.4, 1.A.5.","European Commission, Joint Research Centre (JRC) — EDGAR",https://edgar.jrc.ec.europa.eu/dataset_ghg2025,CC BY 4.0,"A-011_GHG 배출량[에너지, 산업공정, 농업, 폐기물].xlsx",1.1_observation(측정값),99,BGD-ALL-DATA-DISPLAY-2026-09-29,
A-011,"GHG 배출량[에너지, 산업공정, 농업, 폐기물]",observation,bgd-v158-a-011-obs-00097,A-011_emissions_sector_buildings,BGD,2011,2011,2011,,,,15.497982,Mt CO2eq,,,,,,"[건물효율 기술 (Building efficiency)] [건물] European Commission, Joint Research Centre (JRC) — EDGAR 「EDGAR GHG_Buildings」 기준. Mt CO2eq (GWP-100 AR5). IPCC 2006 코드 1.A.4, 1.A.5.","European Commission, Joint Research Centre (JRC) — EDGAR",https://edgar.jrc.ec.europa.eu/dataset_ghg2025,CC BY 4.0,"A-011_GHG 배출량[에너지, 산업공정, 농업, 폐기물].xlsx",1.1_observation(측정값),100,BGD-ALL-DATA-DISPLAY-2026-09-29,
A-011,"GHG 배출량[에너지, 산업공정, 농업, 폐기물]",observation,bgd-v158-a-011-obs-00098,A-011_emissions_sector_buildings,BGD,2012,2012,2012,,,,15.473509,Mt CO2eq,,,,,,"[건물효율 기술 (Building efficiency)] [건물] European Commission, Joint Research Centre (JRC) — EDGAR 「EDGAR GHG_Buildings」 기준. Mt CO2eq (GWP-100 AR5). IPCC 2006 코드 1.A.4, 1.A.5.","European Commission, Joint Research Centre (JRC) — EDGAR",https://edgar.jrc.ec.europa.eu/dataset_ghg2025,CC BY 4.0,"A-011_GHG 배출량[에너지, 산업공정, 농업, 폐기물].xlsx",1.1_observation(측정값),101,BGD-ALL-DATA-DISPLAY-2026-09-29,
A-011,"GHG 배출량[에너지, 산업공정, 농업, 폐기물]",observation,bgd-v158-a-011-obs-00099,A-011_emissions_sector_buildings,BGD,2013,2013,2013,,,,15.056183,Mt CO2eq,,,,,,"[건물효율 기술 (Building efficiency)] [건물] European Commission, Joint Research Centre (JRC) — EDGAR 「EDGAR GHG_Buildings」 기준. Mt CO2eq (GWP-100 AR5). IPCC 2006 코드 1.A.4, 1.A.5.","European Commission, Joint Research Centre (JRC) — EDGAR",https://edgar.jrc.ec.europa.eu/dataset_ghg2025,CC BY 4.0,"A-011_GHG 배출량[에너지, 산업공정, 농업, 폐기물].xlsx",1.1_observation(측정값),102,BGD-ALL-DATA-DISPLAY-2026-09-29,
A-011,"GHG 배출량[에너지, 산업공정, 농업, 폐기물]",observation,bgd-v158-a-011-obs-00100,A-011_emissions_sector_buildings,BGD,2014,2014,2014,,,,15.642537,Mt CO2eq,,,,,,"[건물효율 기술 (Building efficiency)] [건물] European Commission, Joint Research Centre (JRC) — EDGAR 「EDGAR GHG_Buildings」 기준. Mt CO2eq (GWP-100 AR5). IPCC 2006 코드 1.A.4, 1.A.5.","European Commission, Joint Research Centre (JRC) — EDGAR",https://edgar.jrc.ec.europa.eu/dataset_ghg2025,CC BY 4.0,"A-011_GHG 배출량[에너지, 산업공정, 농업, 폐기물].xlsx",1.1_observation(측정값),103,BGD-ALL-DATA-DISPLAY-2026-09-29,
A-011,"GHG 배출량[에너지, 산업공정, 농업, 폐기물]",observation,bgd-v158-a-011-obs-00101,A-011_emissions_sector_buildings,BGD,2015,2015,2015,,,,16.018995,Mt CO2eq,,,,,,"[건물효율 기술 (Building efficiency)] [건물] European Commission, Joint Research Centre (JRC) — EDGAR 「EDGAR GHG_Buildings」 기준. Mt CO2eq (GWP-100 AR5). IPCC 2006 코드 1.A.4, 1.A.5.","European Commission, Joint Research Centre (JRC) — EDGAR",https://edgar.jrc.ec.europa.eu/dataset_ghg2025,CC BY 4.0,"A-011_GHG 배출량[에너지, 산업공정, 농업, 폐기물].xlsx",1.1_observation(측정값),104,BGD-ALL-DATA-DISPLAY-2026-09-29,
A-011,"GHG 배출량[에너지, 산업공정, 농업, 폐기물]",observation,bgd-v158-a-011-obs-00102,A-011_emissions_sector_buildings,BGD,2016,2016,2016,,,,17.288103,Mt CO2eq,,,,,,"[건물효율 기술 (Building efficiency)] [건물] European Commission, Joint Research Centre (JRC) — EDGAR 「EDGAR GHG_Buildings」 기준. Mt CO2eq (GWP-100 AR5). IPCC 2006 코드 1.A.4, 1.A.5.","European Commission, Joint Research Centre (JRC) — EDGAR",https://edgar.jrc.ec.europa.eu/dataset_ghg2025,CC BY 4.0,"A-011_GHG 배출량[에너지, 산업공정, 농업, 폐기물].xlsx",1.1_observation(측정값),105,BGD-ALL-DATA-DISPLAY-2026-09-29,
A-011,"GHG 배출량[에너지, 산업공정, 농업, 폐기물]",observation,bgd-v158-a-011-obs-00103,A-011_emissions_sector_buildings,BGD,2017,2017,2017,,,,17.670134,Mt CO2eq,,,,,,"[건물효율 기술 (Building efficiency)] [건물] European Commission, Joint Research Centre (JRC) — EDGAR 「EDGAR GHG_Buildings」 기준. Mt CO2eq (GWP-100 AR5). IPCC 2006 코드 1.A.4, 1.A.5.","European Commission, Joint Research Centre (JRC) — EDGAR",https://edgar.jrc.ec.europa.eu/dataset_ghg2025,CC BY 4.0,"A-011_GHG 배출량[에너지, 산업공정, 농업, 폐기물].xlsx",1.1_observation(측정값),106,BGD-ALL-DATA-DISPLAY-2026-09-29,
A-011,"GHG 배출량[에너지, 산업공정, 농업, 폐기물]",observation,bgd-v158-a-011-obs-00104,A-011_emissions_sector_buildings,BGD,2018,2018,2018,,,,18.320814,Mt CO2eq,,,,,,"[건물효율 기술 (Building efficiency)] [건물] European Commission, Joint Research Centre (JRC) — EDGAR 「EDGAR GHG_Buildings」 기준. Mt CO2eq (GWP-100 AR5). IPCC 2006 코드 1.A.4, 1.A.5.","European Commission, Joint Research Centre (JRC) — EDGAR",https://edgar.jrc.ec.europa.eu/dataset_ghg2025,CC BY 4.0,"A-011_GHG 배출량[에너지, 산업공정, 농업, 폐기물].xlsx",1.1_observation(측정값),107,BGD-ALL-DATA-DISPLAY-2026-09-29,
A-011,"GHG 배출량[에너지, 산업공정, 농업, 폐기물]",observation,bgd-v158-a-011-obs-00105,A-011_emissions_sector_buildings,BGD,2019,2019,2019,,,,18.56219,Mt CO2eq,,,,,,"[건물효율 기술 (Building efficiency)] [건물] European Commission, Joint Research Centre (JRC) — EDGAR 「EDGAR GHG_Buildings」 기준. Mt CO2eq (GWP-100 AR5). IPCC 2006 코드 1.A.4, 1.A.5.","European Commission, Joint Research Centre (JRC) — EDGAR",https://edgar.jrc.ec.europa.eu/dataset_ghg2025,CC BY 4.0,"A-011_GHG 배출량[에너지, 산업공정, 농업, 폐기물].xlsx",1.1_observation(측정값),108,BGD-ALL-DATA-DISPLAY-2026-09-29,
A-011,"GHG 배출량[에너지, 산업공정, 농업, 폐기물]",observation,bgd-v158-a-011-obs-00106,A-011_emissions_sector_buildings,BGD,2020,2020,2020,,,,16.771609,Mt CO2eq,,,,,,"[건물효율 기술 (Building efficiency)] [건물] European Commission, Joint Research Centre (JRC) — EDGAR 「EDGAR GHG_Buildings」 기준. Mt CO2eq (GWP-100 AR5). IPCC 2006 코드 1.A.4, 1.A.5.","European Commission, Joint Research Centre (JRC) — EDGAR",https://edgar.jrc.ec.europa.eu/dataset_ghg2025,CC BY 4.0,"A-011_GHG 배출량[에너지, 산업공정, 농업, 폐기물].xlsx",1.1_observation(측정값),109,BGD-ALL-DATA-DISPLAY-2026-09-29,
A-011,"GHG 배출량[에너지, 산업공정, 농업, 폐기물]",observation,bgd-v158-a-011-obs-00107,A-011_emissions_sector_buildings,BGD,2021,2021,2021,,,,17.517312,Mt CO2eq,,,,,,"[건물효율 기술 (Building efficiency)] [건물] European Commission, Joint Research Centre (JRC) — EDGAR 「EDGAR GHG_Buildings」 기준. Mt CO2eq (GWP-100 AR5). IPCC 2006 코드 1.A.4, 1.A.5.","European Commission, Joint Research Centre (JRC) — EDGAR",https://edgar.jrc.ec.europa.eu/dataset_ghg2025,CC BY 4.0,"A-011_GHG 배출량[에너지, 산업공정, 농업, 폐기물].xlsx",1.1_observation(측정값),110,BGD-ALL-DATA-DISPLAY-2026-09-29,
A-011,"GHG 배출량[에너지, 산업공정, 농업, 폐기물]",observation,bgd-v158-a-011-obs-00108,A-011_emissions_sector_buildings,BGD,2022,2022,2022,,,,17.098915,Mt CO2eq,,,,,,"[건물효율 기술 (Building efficiency)] [건물] European Commission, Joint Research Centre (JRC) — EDGAR 「EDGAR GHG_Buildings」 기준. Mt CO2eq (GWP-100 AR5). IPCC 2006 코드 1.A.4, 1.A.5.","European Commission, Joint Research Centre (JRC) — EDGAR",https://edgar.jrc.ec.europa.eu/dataset_ghg2025,CC BY 4.0,"A-011_GHG 배출량[에너지, 산업공정, 농업, 폐기물].xlsx",1.1_observation(측정값),111,BGD-ALL-DATA-DISPLAY-2026-09-29,
A-011,"GHG 배출량[에너지, 산업공정, 농업, 폐기물]",observation,bgd-v158-a-011-obs-00109,A-011_emissions_sector_buildings,BGD,2023,2023,2023,,,,16.129335,Mt CO2eq,,,,,,"[건물효율 기술 (Building efficiency)] [건물] European Commission, Joint Research Centre (JRC) — EDGAR 「EDGAR GHG_Buildings」 기준. Mt CO2eq (GWP-100 AR5). IPCC 2006 코드 1.A.4, 1.A.5.","European Commission, Joint Research Centre (JRC) — EDGAR",https://edgar.jrc.ec.europa.eu/dataset_ghg2025,CC BY 4.0,"A-011_GHG 배출량[에너지, 산업공정, 농업, 폐기물].xlsx",1.1_observation(측정값),112,BGD-ALL-DATA-DISPLAY-2026-09-29,
A-011,"GHG 배출량[에너지, 산업공정, 농업, 폐기물]",observation,bgd-v158-a-011-obs-00110,A-011_emissions_sector_buildings,BGD,2024,2024,2024,,,,16.582631,Mt CO2eq,,,,,,"[건물효율 기술 (Building efficiency)] [건물] European Commission, Joint Research Centre (JRC) — EDGAR 「EDGAR GHG_Buildings」 기준. Mt CO2eq (GWP-100 AR5). IPCC 2006 코드 1.A.4, 1.A.5.","European Commission, Joint Research Centre (JRC) — EDGAR",https://edgar.jrc.ec.europa.eu/dataset_ghg2025,CC BY 4.0,"A-011_GHG 배출량[에너지, 산업공정, 농업, 폐기물].xlsx",1.1_observation(측정값),113,BGD-ALL-DATA-DISPLAY-2026-09-29,
A-011,"GHG 배출량[에너지, 산업공정, 농업, 폐기물]",observation,bgd-v158-a-011-obs-00111,A-011_emissions_sector_fuel_exploitation,BGD,1970,1970,1970,,,,0.180576,Mt CO2eq,,,,,,"[메탄(CH4) 처리 기술 (Methane abatement)] [연료 채굴·수송 누출] European Commission, Joint Research Centre (JRC) — EDGAR 「EDGAR GHG_Fuel Exploitation」 기준. Mt CO2eq (GWP-100 AR5). IPCC 2006 코드 1.B.1, 1.B.2, 1.B.3, 1.C.","European Commission, Joint Research Centre (JRC) — EDGAR",https://edgar.jrc.ec.europa.eu/dataset_ghg2025,CC BY 4.0,"A-011_GHG 배출량[에너지, 산업공정, 농업, 폐기물].xlsx",1.1_observation(측정값),114,BGD-ALL-DATA-DISPLAY-2026-09-29,
A-011,"GHG 배출량[에너지, 산업공정, 농업, 폐기물]",observation,bgd-v158-a-011-obs-00112,A-011_emissions_sector_fuel_exploitation,BGD,1971,1971,1971,,,,0.181437,Mt CO2eq,,,,,,"[메탄(CH4) 처리 기술 (Methane abatement)] [연료 채굴·수송 누출] European Commission, Joint Research Centre (JRC) — EDGAR 「EDGAR GHG_Fuel Exploitation」 기준. Mt CO2eq (GWP-100 AR5). IPCC 2006 코드 1.B.1, 1.B.2, 1.B.3, 1.C.","European Commission, Joint Research Centre (JRC) — EDGAR",https://edgar.jrc.ec.europa.eu/dataset_ghg2025,CC BY 4.0,"A-011_GHG 배출량[에너지, 산업공정, 농업, 폐기물].xlsx",1.1_observation(측정값),115,BGD-ALL-DATA-DISPLAY-2026-09-29,
A-011,"GHG 배출량[에너지, 산업공정, 농업, 폐기물]",observation,bgd-v158-a-011-obs-00113,A-011_emissions_sector_fuel_exploitation,BGD,1972,1972,1972,,,,0.18249,Mt CO2eq,,,,,,"[메탄(CH4) 처리 기술 (Methane abatement)] [연료 채굴·수송 누출] European Commission, Joint Research Centre (JRC) — EDGAR 「EDGAR GHG_Fuel Exploitation」 기준. Mt CO2eq (GWP-100 AR5). IPCC 2006 코드 1.B.1, 1.B.2, 1.B.3, 1.C.","European Commission, Joint Research Centre (JRC) — EDGAR",https://edgar.jrc.ec.europa.eu/dataset_ghg2025,CC BY 4.0,"A-011_GHG 배출량[에너지, 산업공정, 농업, 폐기물].xlsx",1.1_observation(측정값),116,BGD-ALL-DATA-DISPLAY-2026-09-29,
A-011,"GHG 배출량[에너지, 산업공정, 농업, 폐기물]",observation,bgd-v158-a-011-obs-00114,A-011_emissions_sector_fuel_exploitation,BGD,1973,1973,1973,,,,0.186817,Mt CO2eq,,,,,,"[메탄(CH4) 처리 기술 (Methane abatement)] [연료 채굴·수송 누출] European Commission, Joint Research Centre (JRC) — EDGAR 「EDGAR GHG_Fuel Exploitation」 기준. Mt CO2eq (GWP-100 AR5). IPCC 2006 코드 1.B.1, 1.B.2, 1.B.3, 1.C.","European Commission, Joint Research Centre (JRC) — EDGAR",https://edgar.jrc.ec.europa.eu/dataset_ghg2025,CC BY 4.0,"A-011_GHG 배출량[에너지, 산업공정, 농업, 폐기물].xlsx",1.1_observation(측정값),117,BGD-ALL-DATA-DISPLAY-2026-09-29,
A-011,"GHG 배출량[에너지, 산업공정, 농업, 폐기물]",observation,bgd-v158-a-011-obs-00115,A-011_emissions_sector_fuel_exploitation,BGD,1974,1974,1974,,,,0.127096,Mt CO2eq,,,,,,"[메탄(CH4) 처리 기술 (Methane abatement)] [연료 채굴·수송 누출] European Commission, Joint Research Centre (JRC) — EDGAR 「EDGAR GHG_Fuel Exploitation」 기준. Mt CO2eq (GWP-100 AR5). IPCC 2006 코드 1.B.1, 1.B.2, 1.B.3, 1.C.","European Commission, Joint Research Centre (JRC) — EDGAR",https://edgar.jrc.ec.europa.eu/dataset_ghg2025,CC BY 4.0,"A-011_GHG 배출량[에너지, 산업공정, 농업, 폐기물].xlsx",1.1_observation(측정값),118,BGD-ALL-DATA-DISPLAY-2026-09-29,
A-011,"GHG 배출량[에너지, 산업공정, 농업, 폐기물]",observation,bgd-v158-a-011-obs-00116,A-011_emissions_sector_fuel_exploitation,BGD,1975,1975,1975,,,,0.192219,Mt CO2eq,,,,,,"[메탄(CH4) 처리 기술 (Methane abatement)] [연료 채굴·수송 누출] European Commission, Joint Research Centre (JRC) — EDGAR 「EDGAR GHG_Fuel Exploitation」 기준. Mt CO2eq (GWP-100 AR5). IPCC 2006 코드 1.B.1, 1.B.2, 1.B.3, 1.C.","European Commission, Joint Research Centre (JRC) — EDGAR",https://edgar.jrc.ec.europa.eu/dataset_ghg2025,CC BY 4.0,"A-011_GHG 배출량[에너지, 산업공정, 농업, 폐기물].xlsx",1.1_observation(측정값),119,BGD-ALL-DATA-DISPLAY-2026-09-29,
A-011,"GHG 배출량[에너지, 산업공정, 농업, 폐기물]",observation,bgd-v158-a-011-obs-00117,A-011_emissions_sector_fuel_exploitation,BGD,1976,1976,1976,,,,0.221176,Mt CO2eq,,,,,,"[메탄(CH4) 처리 기술 (Methane abatement)] [연료 채굴·수송 누출] European Commission, Joint Research Centre (JRC) — EDGAR 「EDGAR GHG_Fuel Exploitation」 기준. Mt CO2eq (GWP-100 AR5). IPCC 2006 코드 1.B.1, 1.B.2, 1.B.3, 1.C.","European Commission, Joint Research Centre (JRC) — EDGAR",https://edgar.jrc.ec.europa.eu/dataset_ghg2025,CC BY 4.0,"A-011_GHG 배출량[에너지, 산업공정, 농업, 폐기물].xlsx",1.1_observation(측정값),120,BGD-ALL-DATA-DISPLAY-2026-09-29,
A-011,"GHG 배출량[에너지, 산업공정, 농업, 폐기물]",observation,bgd-v158-a-011-obs-00118,A-011_emissions_sector_fuel_exploitation,BGD,1977,1977,1977,,,,0.318834,Mt CO2eq,,,,,,"[메탄(CH4) 처리 기술 (Methane abatement)] [연료 채굴·수송 누출] European Commission, Joint Research Centre (JRC) — EDGAR 「EDGAR GHG_Fuel Exploitation」 기준. Mt CO2eq (GWP-100 AR5). IPCC 2006 코드 1.B.1, 1.B.2, 1.B.3, 1.C.","European Commission, Joint Research Centre (JRC) — EDGAR",https://edgar.jrc.ec.europa.eu/dataset_ghg2025,CC BY 4.0,"A-011_GHG 배출량[에너지, 산업공정, 농업, 폐기물].xlsx",1.1_observation(측정값),121,BGD-ALL-DATA-DISPLAY-2026-09-29,
A-011,"GHG 배출량[에너지, 산업공정, 농업, 폐기물]",observation,bgd-v158-a-011-obs-00119,A-011_emissions_sector_fuel_exploitation,BGD,1978,1978,1978,,,,0.314802,Mt CO2eq,,,,,,"[메탄(CH4) 처리 기술 (Methane abatement)] [연료 채굴·수송 누출] European Commission, Joint Research Centre (JRC) — EDGAR 「EDGAR GHG_Fuel Exploitation」 기준. Mt CO2eq (GWP-100 AR5). IPCC 2006 코드 1.B.1, 1.B.2, 1.B.3, 1.C.","European Commission, Joint Research Centre (JRC) — EDGAR",https://edgar.jrc.ec.europa.eu/dataset_ghg2025,CC BY 4.0,"A-011_GHG 배출량[에너지, 산업공정, 농업, 폐기물].xlsx",1.1_observation(측정값),122,BGD-ALL-DATA-DISPLAY-2026-09-29,
A-011,"GHG 배출량[에너지, 산업공정, 농업, 폐기물]",observation,bgd-v158-a-011-obs-00120,A-011_emissions_sector_fuel_exploitation,BGD,1979,1979,1979,,,,0.33594,Mt CO2eq,,,,,,"[메탄(CH4) 처리 기술 (Methane abatement)] [연료 채굴·수송 누출] European Commission, Joint Research Centre (JRC) — EDGAR 「EDGAR GHG_Fuel Exploitation」 기준. Mt CO2eq (GWP-100 AR5). IPCC 2006 코드 1.B.1, 1.B.2, 1.B.3, 1.C.","European Commission, Joint Research Centre (JRC) — EDGAR",https://edgar.jrc.ec.europa.eu/dataset_ghg2025,CC BY 4.0,"A-011_GHG 배출량[에너지, 산업공정, 농업, 폐기물].xlsx",1.1_observation(측정값),123,BGD-ALL-DATA-DISPLAY-2026-09-29,
A-011,"GHG 배출량[에너지, 산업공정, 농업, 폐기물]",observation,bgd-v158-a-011-obs-00121,A-011_emissions_sector_fuel_exploitation,BGD,1980,1980,1980,,,,0.356455,Mt CO2eq,,,,,,"[메탄(CH4) 처리 기술 (Methane abatement)] [연료 채굴·수송 누출] European Commission, Joint Research Centre (JRC) — EDGAR 「EDGAR GHG_Fuel Exploitation」 기준. Mt CO2eq (GWP-100 AR5). IPCC 2006 코드 1.B.1, 1.B.2, 1.B.3, 1.C.","European Commission, Joint Research Centre (JRC) — EDGAR",https://edgar.jrc.ec.europa.eu/dataset_ghg2025,CC BY 4.0,"A-011_GHG 배출량[에너지, 산업공정, 농업, 폐기물].xlsx",1.1_observation(측정값),124,BGD-ALL-DATA-DISPLAY-2026-09-29,
A-011,"GHG 배출량[에너지, 산업공정, 농업, 폐기물]",observation,bgd-v158-a-011-obs-00122,A-011_emissions_sector_fuel_exploitation,BGD,1981,1981,1981,,,,0.653821,Mt CO2eq,,,,,,"[메탄(CH4) 처리 기술 (Methane abatement)] [연료 채굴·수송 누출] European Commission, Joint Research Centre (JRC) — EDGAR 「EDGAR GHG_Fuel Exploitation」 기준. Mt CO2eq (GWP-100 AR5). IPCC 2006 코드 1.B.1, 1.B.2, 1.B.3, 1.C.","European Commission, Joint Research Centre (JRC) — EDGAR",https://edgar.jrc.ec.europa.eu/dataset_ghg2025,CC BY 4.0,"A-011_GHG 배출량[에너지, 산업공정, 농업, 폐기물].xlsx",1.1_observation(측정값),125,BGD-ALL-DATA-DISPLAY-2026-09-29,
A-011,"GHG 배출량[에너지, 산업공정, 농업, 폐기물]",observation,bgd-v158-a-011-obs-00123,A-011_emissions_sector_fuel_exploitation,BGD,1982,1982,1982,,,,0.837209,Mt CO2eq,,,,,,"[메탄(CH4) 처리 기술 (Methane abatement)] [연료 채굴·수송 누출] European Commission, Joint Research Centre (JRC) — EDGAR 「EDGAR GHG_Fuel Exploitation」 기준. Mt CO2eq (GWP-100 AR5). IPCC 2006 코드 1.B.1, 1.B.2, 1.B.3, 1.C.","European Commission, Joint Research Centre (JRC) — EDGAR",https://edgar.jrc.ec.europa.eu/dataset_ghg2025,CC BY 4.0,"A-011_GHG 배출량[에너지, 산업공정, 농업, 폐기물].xlsx",1.1_observation(측정값),126,BGD-ALL-DATA-DISPLAY-2026-09-29,
A-011,"GHG 배출량[에너지, 산업공정, 농업, 폐기물]",observation,bgd-v158-a-011-obs-00124,A-011_emissions_sector_fuel_exploitation,BGD,1983,1983,1983,,,,1.887421,Mt CO2eq,,,,,,"[메탄(CH4) 처리 기술 (Methane abatement)] [연료 채굴·수송 누출] European Commission, Joint Research Centre (JRC) — EDGAR 「EDGAR GHG_Fuel Exploitation」 기준. Mt CO2eq (GWP-100 AR5). IPCC 2006 코드 1.B.1, 1.B.2, 1.B.3, 1.C.","European Commission, Joint Research Centre (JRC) — EDGAR",https://edgar.jrc.ec.europa.eu/dataset_ghg2025,CC BY 4.0,"A-011_GHG 배출량[에너지, 산업공정, 농업, 폐기물].xlsx",1.1_observation(측정값),127,BGD-ALL-DATA-DISPLAY-2026-09-29,
A-011,"GHG 배출량[에너지, 산업공정, 농업, 폐기물]",observation,bgd-v158-a-011-obs-00125,A-011_emissions_sector_fuel_exploitation,BGD,1984,1984,1984,,,,1.254343,Mt CO2eq,,,,,,"[메탄(CH4) 처리 기술 (Methane abatement)] [연료 채굴·수송 누출] European Commission, Joint Research Centre (JRC) — EDGAR 「EDGAR GHG_Fuel Exploitation」 기준. Mt CO2eq (GWP-100 AR5). IPCC 2006 코드 1.B.1, 1.B.2, 1.B.3, 1.C.","European Commission, Joint Research Centre (JRC) — EDGAR",https://edgar.jrc.ec.europa.eu/dataset_ghg2025,CC BY 4.0,"A-011_GHG 배출량[에너지, 산업공정, 농업, 폐기물].xlsx",1.1_observation(측정값),128,BGD-ALL-DATA-DISPLAY-2026-09-29,
A-011,"GHG 배출량[에너지, 산업공정, 농업, 폐기물]",observation,bgd-v158-a-011-obs-00126,A-011_emissions_sector_fuel_exploitation,BGD,1985,1985,1985,,,,1.038118,Mt CO2eq,,,,,,"[메탄(CH4) 처리 기술 (Methane abatement)] [연료 채굴·수송 누출] European Commission, Joint Research Centre (JRC) — EDGAR 「EDGAR GHG_Fuel Exploitation」 기준. Mt CO2eq (GWP-100 AR5). IPCC 2006 코드 1.B.1, 1.B.2, 1.B.3, 1.C.","European Commission, Joint Research Centre (JRC) — EDGAR",https://edgar.jrc.ec.europa.eu/dataset_ghg2025,CC BY 4.0,"A-011_GHG 배출량[에너지, 산업공정, 농업, 폐기물].xlsx",1.1_observation(측정값),129,BGD-ALL-DATA-DISPLAY-2026-09-29,
A-011,"GHG 배출량[에너지, 산업공정, 농업, 폐기물]",observation,bgd-v158-a-011-obs-00127,A-011_emissions_sector_fuel_exploitation,BGD,1986,1986,1986,,,,1.026465,Mt CO2eq,,,,,,"[메탄(CH4) 처리 기술 (Methane abatement)] [연료 채굴·수송 누출] European Commission, Joint Research Centre (JRC) — EDGAR 「EDGAR GHG_Fuel Exploitation」 기준. Mt CO2eq (GWP-100 AR5). IPCC 2006 코드 1.B.1, 1.B.2, 1.B.3, 1.C.","European Commission, Joint Research Centre (JRC) — EDGAR",https://edgar.jrc.ec.europa.eu/dataset_ghg2025,CC BY 4.0,"A-011_GHG 배출량[에너지, 산업공정, 농업, 폐기물].xlsx",1.1_observation(측정값),130,BGD-ALL-DATA-DISPLAY-2026-09-29,
A-011,"GHG 배출량[에너지, 산업공정, 농업, 폐기물]",observation,bgd-v158-a-011-obs-00128,A-011_emissions_sector_fuel_exploitation,BGD,1987,1987,1987,,,,1.18303,Mt CO2eq,,,,,,"[메탄(CH4) 처리 기술 (Methane abatement)] [연료 채굴·수송 누출] European Commission, Joint Research Centre (JRC) — EDGAR 「EDGAR GHG_Fuel Exploitation」 기준. Mt CO2eq (GWP-100 AR5). IPCC 2006 코드 1.B.1, 1.B.2, 1.B.3, 1.C.","European Commission, Joint Research Centre (JRC) — EDGAR",https://edgar.jrc.ec.europa.eu/dataset_ghg2025,CC BY 4.0,"A-011_GHG 배출량[에너지, 산업공정, 농업, 폐기물].xlsx",1.1_observation(측정값),131,BGD-ALL-DATA-DISPLAY-2026-09-29,
A-011,"GHG 배출량[에너지, 산업공정, 농업, 폐기물]",observation,bgd-v158-a-011-obs-00129,A-011_emissions_sector_fuel_exploitation,BGD,1988,1988,1988,,,,1.077808,Mt CO2eq,,,,,,"[메탄(CH4) 처리 기술 (Methane abatement)] [연료 채굴·수송 누출] European Commission, Joint Research Centre (JRC) — EDGAR 「EDGAR GHG_Fuel Exploitation」 기준. Mt CO2eq (GWP-100 AR5). IPCC 2006 코드 1.B.1, 1.B.2, 1.B.3, 1.C.","European Commission, Joint Research Centre (JRC) — EDGAR",https://edgar.jrc.ec.europa.eu/dataset_ghg2025,CC BY 4.0,"A-011_GHG 배출량[에너지, 산업공정, 농업, 폐기물].xlsx",1.1_observation(측정값),132,BGD-ALL-DATA-DISPLAY-2026-09-29,
A-011,"GHG 배출량[에너지, 산업공정, 농업, 폐기물]",observation,bgd-v158-a-011-obs-00130,A-011_emissions_sector_fuel_exploitation,BGD,1989,1989,1989,,,,1.233641,Mt CO2eq,,,,,,"[메탄(CH4) 처리 기술 (Methane abatement)] [연료 채굴·수송 누출] European Commission, Joint Research Centre (JRC) — EDGAR 「EDGAR GHG_Fuel Exploitation」 기준. Mt CO2eq (GWP-100 AR5). IPCC 2006 코드 1.B.1, 1.B.2, 1.B.3, 1.C.","European Commission, Joint Research Centre (JRC) — EDGAR",https://edgar.jrc.ec.europa.eu/dataset_ghg2025,CC BY 4.0,"A-011_GHG 배출량[에너지, 산업공정, 농업, 폐기물].xlsx",1.1_observation(측정값),133,BGD-ALL-DATA-DISPLAY-2026-09-29,
A-011,"GHG 배출량[에너지, 산업공정, 농업, 폐기물]",observation,bgd-v158-a-011-obs-00131,A-011_emissions_sector_fuel_exploitation,BGD,1990,1990,1990,,,,1.192104,Mt CO2eq,,,,,,"[메탄(CH4) 처리 기술 (Methane abatement)] [연료 채굴·수송 누출] European Commission, Joint Research Centre (JRC) — EDGAR 「EDGAR GHG_Fuel Exploitation」 기준. Mt CO2eq (GWP-100 AR5). IPCC 2006 코드 1.B.1, 1.B.2, 1.B.3, 1.C.","European Commission, Joint Research Centre (JRC) — EDGAR",https://edgar.jrc.ec.europa.eu/dataset_ghg2025,CC BY 4.0,"A-011_GHG 배출량[에너지, 산업공정, 농업, 폐기물].xlsx",1.1_observation(측정값),134,BGD-ALL-DATA-DISPLAY-2026-09-29,
A-011,"GHG 배출량[에너지, 산업공정, 농업, 폐기물]",observation,bgd-v158-a-011-obs-00132,A-011_emissions_sector_fuel_exploitation,BGD,1991,1991,1991,,,,1.214259,Mt CO2eq,,,,,,"[메탄(CH4) 처리 기술 (Methane abatement)] [연료 채굴·수송 누출] European Commission, Joint Research Centre (JRC) — EDGAR 「EDGAR GHG_Fuel Exploitation」 기준. Mt CO2eq (GWP-100 AR5). IPCC 2006 코드 1.B.1, 1.B.2, 1.B.3, 1.C.","European Commission, Joint Research Centre (JRC) — EDGAR",https://edgar.jrc.ec.europa.eu/dataset_ghg2025,CC BY 4.0,"A-011_GHG 배출량[에너지, 산업공정, 농업, 폐기물].xlsx",1.1_observation(측정값),135,BGD-ALL-DATA-DISPLAY-2026-09-29,
A-011,"GHG 배출량[에너지, 산업공정, 농업, 폐기물]",observation,bgd-v158-a-011-obs-00133,A-011_emissions_sector_fuel_exploitation,BGD,1992,1992,1992,,,,1.333538,Mt CO2eq,,,,,,"[메탄(CH4) 처리 기술 (Methane abatement)] [연료 채굴·수송 누출] European Commission, Joint Research Centre (JRC) — EDGAR 「EDGAR GHG_Fuel Exploitation」 기준. Mt CO2eq (GWP-100 AR5). IPCC 2006 코드 1.B.1, 1.B.2, 1.B.3, 1.C.","European Commission, Joint Research Centre (JRC) — EDGAR",https://edgar.jrc.ec.europa.eu/dataset_ghg2025,CC BY 4.0,"A-011_GHG 배출량[에너지, 산업공정, 농업, 폐기물].xlsx",1.1_observation(측정값),136,BGD-ALL-DATA-DISPLAY-2026-09-29,
A-011,"GHG 배출량[에너지, 산업공정, 농업, 폐기물]",observation,bgd-v158-a-011-obs-00134,A-011_emissions_sector_fuel_exploitation,BGD,1993,1993,1993,,,,1.723834,Mt CO2eq,,,,,,"[메탄(CH4) 처리 기술 (Methane abatement)] [연료 채굴·수송 누출] European Commission, Joint Research Centre (JRC) — EDGAR 「EDGAR GHG_Fuel Exploitation」 기준. Mt CO2eq (GWP-100 AR5). IPCC 2006 코드 1.B.1, 1.B.2, 1.B.3, 1.C.","European Commission, Joint Research Centre (JRC) — EDGAR",https://edgar.jrc.ec.europa.eu/dataset_ghg2025,CC BY 4.0,"A-011_GHG 배출량[에너지, 산업공정, 농업, 폐기물].xlsx",1.1_observation(측정값),137,BGD-ALL-DATA-DISPLAY-2026-09-29,
A-011,"GHG 배출량[에너지, 산업공정, 농업, 폐기물]",observation,bgd-v158-a-011-obs-00135,A-011_emissions_sector_fuel_exploitation,BGD,1994,1994,1994,,,,1.582437,Mt CO2eq,,,,,,"[메탄(CH4) 처리 기술 (Methane abatement)] [연료 채굴·수송 누출] European Commission, Joint Research Centre (JRC) — EDGAR 「EDGAR GHG_Fuel Exploitation」 기준. Mt CO2eq (GWP-100 AR5). IPCC 2006 코드 1.B.1, 1.B.2, 1.B.3, 1.C.","European Commission, Joint Research Centre (JRC) — EDGAR",https://edgar.jrc.ec.europa.eu/dataset_ghg2025,CC BY 4.0,"A-011_GHG 배출량[에너지, 산업공정, 농업, 폐기물].xlsx",1.1_observation(측정값),138,BGD-ALL-DATA-DISPLAY-2026-09-29,
A-011,"GHG 배출량[에너지, 산업공정, 농업, 폐기물]",observation,bgd-v158-a-011-obs-00136,A-011_emissions_sector_fuel_exploitation,BGD,1995,1995,1995,,,,1.550584,Mt CO2eq,,,,,,"[메탄(CH4) 처리 기술 (Methane abatement)] [연료 채굴·수송 누출] European Commission, Joint Research Centre (JRC) — EDGAR 「EDGAR GHG_Fuel Exploitation」 기준. Mt CO2eq (GWP-100 AR5). IPCC 2006 코드 1.B.1, 1.B.2, 1.B.3, 1.C.","European Commission, Joint Research Centre (JRC) — EDGAR",https://edgar.jrc.ec.europa.eu/dataset_ghg2025,CC BY 4.0,"A-011_GHG 배출량[에너지, 산업공정, 농업, 폐기물].xlsx",1.1_observation(측정값),139,BGD-ALL-DATA-DISPLAY-2026-09-29,
A-011,"GHG 배출량[에너지, 산업공정, 농업, 폐기물]",observation,bgd-v158-a-011-obs-00137,A-011_emissions_sector_fuel_exploitation,BGD,1996,1996,1996,,,,1.532932,Mt CO2eq,,,,,,"[메탄(CH4) 처리 기술 (Methane abatement)] [연료 채굴·수송 누출] European Commission, Joint Research Centre (JRC) — EDGAR 「EDGAR GHG_Fuel Exploitation」 기준. Mt CO2eq (GWP-100 AR5). IPCC 2006 코드 1.B.1, 1.B.2, 1.B.3, 1.C.","European Commission, Joint Research Centre (JRC) — EDGAR",https://edgar.jrc.ec.europa.eu/dataset_ghg2025,CC BY 4.0,"A-011_GHG 배출량[에너지, 산업공정, 농업, 폐기물].xlsx",1.1_observation(측정값),140,BGD-ALL-DATA-DISPLAY-2026-09-29,
A-011,"GHG 배출량[에너지, 산업공정, 농업, 폐기물]",observation,bgd-v158-a-011-obs-00138,A-011_emissions_sector_fuel_exploitation,BGD,1997,1997,1997,,,,1.787041,Mt CO2eq,,,,,,"[메탄(CH4) 처리 기술 (Methane abatement)] [연료 채굴·수송 누출] European Commission, Joint Research Centre (JRC) — EDGAR 「EDGAR GHG_Fuel Exploitation」 기준. Mt CO2eq (GWP-100 AR5). IPCC 2006 코드 1.B.1, 1.B.2, 1.B.3, 1.C.","European Commission, Joint Research Centre (JRC) — EDGAR",https://edgar.jrc.ec.europa.eu/dataset_ghg2025,CC BY 4.0,"A-011_GHG 배출량[에너지, 산업공정, 농업, 폐기물].xlsx",1.1_observation(측정값),141,BGD-ALL-DATA-DISPLAY-2026-09-29,
A-011,"GHG 배출량[에너지, 산업공정, 농업, 폐기물]",observation,bgd-v158-a-011-obs-00139,A-011_emissions_sector_fuel_exploitation,BGD,1998,1998,1998,,,,1.819395,Mt CO2eq,,,,,,"[메탄(CH4) 처리 기술 (Methane abatement)] [연료 채굴·수송 누출] European Commission, Joint Research Centre (JRC) — EDGAR 「EDGAR GHG_Fuel Exploitation」 기준. Mt CO2eq (GWP-100 AR5). IPCC 2006 코드 1.B.1, 1.B.2, 1.B.3, 1.C.","European Commission, Joint Research Centre (JRC) — EDGAR",https://edgar.jrc.ec.europa.eu/dataset_ghg2025,CC BY 4.0,"A-011_GHG 배출량[에너지, 산업공정, 농업, 폐기물].xlsx",1.1_observation(측정값),142,BGD-ALL-DATA-DISPLAY-2026-09-29,
A-011,"GHG 배출량[에너지, 산업공정, 농업, 폐기물]",observation,bgd-v158-a-011-obs-00140,A-011_emissions_sector_fuel_exploitation,BGD,1999,1999,1999,,,,1.881223,Mt CO2eq,,,,,,"[메탄(CH4) 처리 기술 (Methane abatement)] [연료 채굴·수송 누출] European Commission, Joint Research Centre (JRC) — EDGAR 「EDGAR GHG_Fuel Exploitation」 기준. Mt CO2eq (GWP-100 AR5). IPCC 2006 코드 1.B.1, 1.B.2, 1.B.3, 1.C.","European Commission, Joint Research Centre (JRC) — EDGAR",https://edgar.jrc.ec.europa.eu/dataset_ghg2025,CC BY 4.0,"A-011_GHG 배출량[에너지, 산업공정, 농업, 폐기물].xlsx",1.1_observation(측정값),143,BGD-ALL-DATA-DISPLAY-2026-09-29,
A-011,"GHG 배출량[에너지, 산업공정, 농업, 폐기물]",observation,bgd-v158-a-011-obs-00141,A-011_emissions_sector_fuel_exploitation,BGD,2000,2000,2000,,,,1.70357,Mt CO2eq,,,,,,"[메탄(CH4) 처리 기술 (Methane abatement)] [연료 채굴·수송 누출] European Commission, Joint Research Centre (JRC) — EDGAR 「EDGAR GHG_Fuel Exploitation」 기준. Mt CO2eq (GWP-100 AR5). IPCC 2006 코드 1.B.1, 1.B.2, 1.B.3, 1.C.","European Commission, Joint Research Centre (JRC) — EDGAR",https://edgar.jrc.ec.europa.eu/dataset_ghg2025,CC BY 4.0,"A-011_GHG 배출량[에너지, 산업공정, 농업, 폐기물].xlsx",1.1_observation(측정값),144,BGD-ALL-DATA-DISPLAY-2026-09-29,
A-011,"GHG 배출량[에너지, 산업공정, 농업, 폐기물]",observation,bgd-v158-a-011-obs-00142,A-011_emissions_sector_fuel_exploitation,BGD,2001,2001,2001,,,,1.855519,Mt CO2eq,,,,,,"[메탄(CH4) 처리 기술 (Methane abatement)] [연료 채굴·수송 누출] European Commission, Joint Research Centre (JRC) — EDGAR 「EDGAR GHG_Fuel Exploitation」 기준. Mt CO2eq (GWP-100 AR5). IPCC 2006 코드 1.B.1, 1.B.2, 1.B.3, 1.C.","European Commission, Joint Research Centre (JRC) — EDGAR",https://edgar.jrc.ec.europa.eu/dataset_ghg2025,CC BY 4.0,"A-011_GHG 배출량[에너지, 산업공정, 농업, 폐기물].xlsx",1.1_observation(측정값),145,BGD-ALL-DATA-DISPLAY-2026-09-29,
A-011,"GHG 배출량[에너지, 산업공정, 농업, 폐기물]",observation,bgd-v158-a-011-obs-00143,A-011_emissions_sector_fuel_exploitation,BGD,2002,2002,2002,,,,1.935871,Mt CO2eq,,,,,,"[메탄(CH4) 처리 기술 (Methane abatement)] [연료 채굴·수송 누출] European Commission, Joint Research Centre (JRC) — EDGAR 「EDGAR GHG_Fuel Exploitation」 기준. Mt CO2eq (GWP-100 AR5). IPCC 2006 코드 1.B.1, 1.B.2, 1.B.3, 1.C.","European Commission, Joint Research Centre (JRC) — EDGAR",https://edgar.jrc.ec.europa.eu/dataset_ghg2025,CC BY 4.0,"A-011_GHG 배출량[에너지, 산업공정, 농업, 폐기물].xlsx",1.1_observation(측정값),146,BGD-ALL-DATA-DISPLAY-2026-09-29,
A-011,"GHG 배출량[에너지, 산업공정, 농업, 폐기물]",observation,bgd-v158-a-011-obs-00144,A-011_emissions_sector_fuel_exploitation,BGD,2003,2003,2003,,,,2.067932,Mt CO2eq,,,,,,"[메탄(CH4) 처리 기술 (Methane abatement)] [연료 채굴·수송 누출] European Commission, Joint Research Centre (JRC) — EDGAR 「EDGAR GHG_Fuel Exploitation」 기준. Mt CO2eq (GWP-100 AR5). IPCC 2006 코드 1.B.1, 1.B.2, 1.B.3, 1.C.","European Commission, Joint Research Centre (JRC) — EDGAR",https://edgar.jrc.ec.europa.eu/dataset_ghg2025,CC BY 4.0,"A-011_GHG 배출량[에너지, 산업공정, 농업, 폐기물].xlsx",1.1_observation(측정값),147,BGD-ALL-DATA-DISPLAY-2026-09-29,
A-011,"GHG 배출량[에너지, 산업공정, 농업, 폐기물]",observation,bgd-v158-a-011-obs-00145,A-011_emissions_sector_fuel_exploitation,BGD,2004,2004,2004,,,,2.147248,Mt CO2eq,,,,,,"[메탄(CH4) 처리 기술 (Methane abatement)] [연료 채굴·수송 누출] European Commission, Joint Research Centre (JRC) — EDGAR 「EDGAR GHG_Fuel Exploitation」 기준. Mt CO2eq (GWP-100 AR5). IPCC 2006 코드 1.B.1, 1.B.2, 1.B.3, 1.C.","European Commission, Joint Research Centre (JRC) — EDGAR",https://edgar.jrc.ec.europa.eu/dataset_ghg2025,CC BY 4.0,"A-011_GHG 배출량[에너지, 산업공정, 농업, 폐기물].xlsx",1.1_observation(측정값),148,BGD-ALL-DATA-DISPLAY-2026-09-29,
A-011,"GHG 배출량[에너지, 산업공정, 농업, 폐기물]",observation,bgd-v158-a-011-obs-00146,A-011_emissions_sector_fuel_exploitation,BGD,2005,2005,2005,,,,2.251555,Mt CO2eq,,,,,,"[메탄(CH4) 처리 기술 (Methane abatement)] [연료 채굴·수송 누출] European Commission, Joint Research Centre (JRC) — EDGAR 「EDGAR GHG_Fuel Exploitation」 기준. Mt CO2eq (GWP-100 AR5). IPCC 2006 코드 1.B.1, 1.B.2, 1.B.3, 1.C.","European Commission, Joint Research Centre (JRC) — EDGAR",https://edgar.jrc.ec.europa.eu/dataset_ghg2025,CC BY 4.0,"A-011_GHG 배출량[에너지, 산업공정, 농업, 폐기물].xlsx",1.1_observation(측정값),149,BGD-ALL-DATA-DISPLAY-2026-09-29,
A-011,"GHG 배출량[에너지, 산업공정, 농업, 폐기물]",observation,bgd-v158-a-011-obs-00147,A-011_emissions_sector_fuel_exploitation,BGD,2006,2006,2006,,,,2.535113,Mt CO2eq,,,,,,"[메탄(CH4) 처리 기술 (Methane abatement)] [연료 채굴·수송 누출] European Commission, Joint Research Centre (JRC) — EDGAR 「EDGAR GHG_Fuel Exploitation」 기준. Mt CO2eq (GWP-100 AR5). IPCC 2006 코드 1.B.1, 1.B.2, 1.B.3, 1.C.","European Commission, Joint Research Centre (JRC) — EDGAR",https://edgar.jrc.ec.europa.eu/dataset_ghg2025,CC BY 4.0,"A-011_GHG 배출량[에너지, 산업공정, 농업, 폐기물].xlsx",1.1_observation(측정값),150,BGD-ALL-DATA-DISPLAY-2026-09-29,
A-011,"GHG 배출량[에너지, 산업공정, 농업, 폐기물]",observation,bgd-v158-a-011-obs-00148,A-011_emissions_sector_fuel_exploitation,BGD,2007,2007,2007,,,,2.684366,Mt CO2eq,,,,,,"[메탄(CH4) 처리 기술 (Methane abatement)] [연료 채굴·수송 누출] European Commission, Joint Research Centre (JRC) — EDGAR 「EDGAR GHG_Fuel Exploitation」 기준. Mt CO2eq (GWP-100 AR5). IPCC 2006 코드 1.B.1, 1.B.2, 1.B.3, 1.C.","European Commission, Joint Research Centre (JRC) — EDGAR",https://edgar.jrc.ec.europa.eu/dataset_ghg2025,CC BY 4.0,"A-011_GHG 배출량[에너지, 산업공정, 농업, 폐기물].xlsx",1.1_observation(측정값),151,BGD-ALL-DATA-DISPLAY-2026-09-29,
A-011,"GHG 배출량[에너지, 산업공정, 농업, 폐기물]",observation,bgd-v158-a-011-obs-00149,A-011_emissions_sector_fuel_exploitation,BGD,2008,2008,2008,,,,2.924442,Mt CO2eq,,,,,,"[메탄(CH4) 처리 기술 (Methane abatement)] [연료 채굴·수송 누출] European Commission, Joint Research Centre (JRC) — EDGAR 「EDGAR GHG_Fuel Exploitation」 기준. Mt CO2eq (GWP-100 AR5). IPCC 2006 코드 1.B.1, 1.B.2, 1.B.3, 1.C.","European Commission, Joint Research Centre (JRC) — EDGAR",https://edgar.jrc.ec.europa.eu/dataset_ghg2025,CC BY 4.0,"A-011_GHG 배출량[에너지, 산업공정, 농업, 폐기물].xlsx",1.1_observation(측정값),152,BGD-ALL-DATA-DISPLAY-2026-09-29,
A-011,"GHG 배출량[에너지, 산업공정, 농업, 폐기물]",observation,bgd-v158-a-011-obs-00150,A-011_emissions_sector_fuel_exploitation,BGD,2009,2009,2009,,,,3.13019,Mt CO2eq,,,,,,"[메탄(CH4) 처리 기술 (Methane abatement)] [연료 채굴·수송 누출] European Commission, Joint Research Centre (JRC) — EDGAR 「EDGAR GHG_Fuel Exploitation」 기준. Mt CO2eq (GWP-100 AR5). IPCC 2006 코드 1.B.1, 1.B.2, 1.B.3, 1.C.","European Commission, Joint Research Centre (JRC) — EDGAR",https://edgar.jrc.ec.europa.eu/dataset_ghg2025,CC BY 4.0,"A-011_GHG 배출량[에너지, 산업공정, 농업, 폐기물].xlsx",1.1_observation(측정값),153,BGD-ALL-DATA-DISPLAY-2026-09-29,
A-011,"GHG 배출량[에너지, 산업공정, 농업, 폐기물]",observation,bgd-v158-a-011-obs-00151,A-011_emissions_sector_fuel_exploitation,BGD,2010,2010,2010,,,,3.300103,Mt CO2eq,,,,,,"[메탄(CH4) 처리 기술 (Methane abatement)] [연료 채굴·수송 누출] European Commission, Joint Research Centre (JRC) — EDGAR 「EDGAR GHG_Fuel Exploitation」 기준. Mt CO2eq (GWP-100 AR5). IPCC 2006 코드 1.B.1, 1.B.2, 1.B.3, 1.C.","European Commission, Joint Research Centre (JRC) — EDGAR",https://edgar.jrc.ec.europa.eu/dataset_ghg2025,CC BY 4.0,"A-011_GHG 배출량[에너지, 산업공정, 농업, 폐기물].xlsx",1.1_observation(측정값),154,BGD-ALL-DATA-DISPLAY-2026-09-29,
A-011,"GHG 배출량[에너지, 산업공정, 농업, 폐기물]",observation,bgd-v158-a-011-obs-00152,A-011_emissions_sector_fuel_exploitation,BGD,2011,2011,2011,,,,3.312787,Mt CO2eq,,,,,,"[메탄(CH4) 처리 기술 (Methane abatement)] [연료 채굴·수송 누출] European Commission, Joint Research Centre (JRC) — EDGAR 「EDGAR GHG_Fuel Exploitation」 기준. Mt CO2eq (GWP-100 AR5). IPCC 2006 코드 1.B.1, 1.B.2, 1.B.3, 1.C.","European Commission, Joint Research Centre (JRC) — EDGAR",https://edgar.jrc.ec.europa.eu/dataset_ghg2025,CC BY 4.0,"A-011_GHG 배출량[에너지, 산업공정, 농업, 폐기물].xlsx",1.1_observation(측정값),155,BGD-ALL-DATA-DISPLAY-2026-09-29,
A-011,"GHG 배출량[에너지, 산업공정, 농업, 폐기물]",observation,bgd-v158-a-011-obs-00153,A-011_emissions_sector_fuel_exploitation,BGD,2012,2012,2012,,,,3.492908,Mt CO2eq,,,,,,"[메탄(CH4) 처리 기술 (Methane abatement)] [연료 채굴·수송 누출] European Commission, Joint Research Centre (JRC) — EDGAR 「EDGAR GHG_Fuel Exploitation」 기준. Mt CO2eq (GWP-100 AR5). IPCC 2006 코드 1.B.1, 1.B.2, 1.B.3, 1.C.","European Commission, Joint Research Centre (JRC) — EDGAR",https://edgar.jrc.ec.europa.eu/dataset_ghg2025,CC BY 4.0,"A-011_GHG 배출량[에너지, 산업공정, 농업, 폐기물].xlsx",1.1_observation(측정값),156,BGD-ALL-DATA-DISPLAY-2026-09-29,
A-011,"GHG 배출량[에너지, 산업공정, 농업, 폐기물]",observation,bgd-v158-a-011-obs-00154,A-011_emissions_sector_fuel_exploitation,BGD,2013,2013,2013,,,,2.811507,Mt CO2eq,,,,,,"[메탄(CH4) 처리 기술 (Methane abatement)] [연료 채굴·수송 누출] European Commission, Joint Research Centre (JRC) — EDGAR 「EDGAR GHG_Fuel Exploitation」 기준. Mt CO2eq (GWP-100 AR5). IPCC 2006 코드 1.B.1, 1.B.2, 1.B.3, 1.C.","European Commission, Joint Research Centre (JRC) — EDGAR",https://edgar.jrc.ec.europa.eu/dataset_ghg2025,CC BY 4.0,"A-011_GHG 배출량[에너지, 산업공정, 농업, 폐기물].xlsx",1.1_observation(측정값),157,BGD-ALL-DATA-DISPLAY-2026-09-29,
A-011,"GHG 배출량[에너지, 산업공정, 농업, 폐기물]",observation,bgd-v158-a-011-obs-00155,A-011_emissions_sector_fuel_exploitation,BGD,2014,2014,2014,,,,3.731058,Mt CO2eq,,,,,,"[메탄(CH4) 처리 기술 (Methane abatement)] [연료 채굴·수송 누출] European Commission, Joint Research Centre (JRC) — EDGAR 「EDGAR GHG_Fuel Exploitation」 기준. Mt CO2eq (GWP-100 AR5). IPCC 2006 코드 1.B.1, 1.B.2, 1.B.3, 1.C.","European Commission, Joint Research Centre (JRC) — EDGAR",https://edgar.jrc.ec.europa.eu/dataset_ghg2025,CC BY 4.0,"A-011_GHG 배출량[에너지, 산업공정, 농업, 폐기물].xlsx",1.1_observation(측정값),158,BGD-ALL-DATA-DISPLAY-2026-09-29,
A-011,"GHG 배출량[에너지, 산업공정, 농업, 폐기물]",observation,bgd-v158-a-011-obs-00156,A-011_emissions_sector_fuel_exploitation,BGD,2015,2015,2015,,,,3.790256,Mt CO2eq,,,,,,"[메탄(CH4) 처리 기술 (Methane abatement)] [연료 채굴·수송 누출] European Commission, Joint Research Centre (JRC) — EDGAR 「EDGAR GHG_Fuel Exploitation」 기준. Mt CO2eq (GWP-100 AR5). IPCC 2006 코드 1.B.1, 1.B.2, 1.B.3, 1.C.","European Commission, Joint Research Centre (JRC) — EDGAR",https://edgar.jrc.ec.europa.eu/dataset_ghg2025,CC BY 4.0,"A-011_GHG 배출량[에너지, 산업공정, 농업, 폐기물].xlsx",1.1_observation(측정값),159,BGD-ALL-DATA-DISPLAY-2026-09-29,
A-011,"GHG 배출량[에너지, 산업공정, 농업, 폐기물]",observation,bgd-v158-a-011-obs-00157,A-011_emissions_sector_fuel_exploitation,BGD,2016,2016,2016,,,,4.049083,Mt CO2eq,,,,,,"[메탄(CH4) 처리 기술 (Methane abatement)] [연료 채굴·수송 누출] European Commission, Joint Research Centre (JRC) — EDGAR 「EDGAR GHG_Fuel Exploitation」 기준. Mt CO2eq (GWP-100 AR5). IPCC 2006 코드 1.B.1, 1.B.2, 1.B.3, 1.C.","European Commission, Joint Research Centre (JRC) — EDGAR",https://edgar.jrc.ec.europa.eu/dataset_ghg2025,CC BY 4.0,"A-011_GHG 배출량[에너지, 산업공정, 농업, 폐기물].xlsx",1.1_observation(측정값),160,BGD-ALL-DATA-DISPLAY-2026-09-29,
A-011,"GHG 배출량[에너지, 산업공정, 농업, 폐기물]",observation,bgd-v158-a-011-obs-00158,A-011_emissions_sector_fuel_exploitation,BGD,2017,2017,2017,,,,4.122071,Mt CO2eq,,,,,,"[메탄(CH4) 처리 기술 (Methane abatement)] [연료 채굴·수송 누출] European Commission, Joint Research Centre (JRC) — EDGAR 「EDGAR GHG_Fuel Exploitation」 기준. Mt CO2eq (GWP-100 AR5). IPCC 2006 코드 1.B.1, 1.B.2, 1.B.3, 1.C.","European Commission, Joint Research Centre (JRC) — EDGAR",https://edgar.jrc.ec.europa.eu/dataset_ghg2025,CC BY 4.0,"A-011_GHG 배출량[에너지, 산업공정, 농업, 폐기물].xlsx",1.1_observation(측정값),161,BGD-ALL-DATA-DISPLAY-2026-09-29,
A-011,"GHG 배출량[에너지, 산업공정, 농업, 폐기물]",observation,bgd-v158-a-011-obs-00159,A-011_emissions_sector_fuel_exploitation,BGD,2018,2018,2018,,,,4.003594,Mt CO2eq,,,,,,"[메탄(CH4) 처리 기술 (Methane abatement)] [연료 채굴·수송 누출] European Commission, Joint Research Centre (JRC) — EDGAR 「EDGAR GHG_Fuel Exploitation」 기준. Mt CO2eq (GWP-100 AR5). IPCC 2006 코드 1.B.1, 1.B.2, 1.B.3, 1.C.","European Commission, Joint Research Centre (JRC) — EDGAR",https://edgar.jrc.ec.europa.eu/dataset_ghg2025,CC BY 4.0,"A-011_GHG 배출량[에너지, 산업공정, 농업, 폐기물].xlsx",1.1_observation(측정값),162,BGD-ALL-DATA-DISPLAY-2026-09-29,
A-011,"GHG 배출량[에너지, 산업공정, 농업, 폐기물]",observation,bgd-v158-a-011-obs-00160,A-011_emissions_sector_fuel_exploitation,BGD,2019,2019,2019,,,,3.966764,Mt CO2eq,,,,,,"[메탄(CH4) 처리 기술 (Methane abatement)] [연료 채굴·수송 누출] European Commission, Joint Research Centre (JRC) — EDGAR 「EDGAR GHG_Fuel Exploitation」 기준. Mt CO2eq (GWP-100 AR5). IPCC 2006 코드 1.B.1, 1.B.2, 1.B.3, 1.C.","European Commission, Joint Research Centre (JRC) — EDGAR",https://edgar.jrc.ec.europa.eu/dataset_ghg2025,CC BY 4.0,"A-011_GHG 배출량[에너지, 산업공정, 농업, 폐기물].xlsx",1.1_observation(측정값),163,BGD-ALL-DATA-DISPLAY-2026-09-29,
A-011,"GHG 배출량[에너지, 산업공정, 농업, 폐기물]",observation,bgd-v158-a-011-obs-00161,A-011_emissions_sector_fuel_exploitation,BGD,2020,2020,2020,,,,3.78797,Mt CO2eq,,,,,,"[메탄(CH4) 처리 기술 (Methane abatement)] [연료 채굴·수송 누출] European Commission, Joint Research Centre (JRC) — EDGAR 「EDGAR GHG_Fuel Exploitation」 기준. Mt CO2eq (GWP-100 AR5). IPCC 2006 코드 1.B.1, 1.B.2, 1.B.3, 1.C.","European Commission, Joint Research Centre (JRC) — EDGAR",https://edgar.jrc.ec.europa.eu/dataset_ghg2025,CC BY 4.0,"A-011_GHG 배출량[에너지, 산업공정, 농업, 폐기물].xlsx",1.1_observation(측정값),164,BGD-ALL-DATA-DISPLAY-2026-09-29,
A-011,"GHG 배출량[에너지, 산업공정, 농업, 폐기물]",observation,bgd-v158-a-011-obs-00162,A-011_emissions_sector_fuel_exploitation,BGD,2021,2021,2021,,,,3.851176,Mt CO2eq,,,,,,"[메탄(CH4) 처리 기술 (Methane abatement)] [연료 채굴·수송 누출] European Commission, Joint Research Centre (JRC) — EDGAR 「EDGAR GHG_Fuel Exploitation」 기준. Mt CO2eq (GWP-100 AR5). IPCC 2006 코드 1.B.1, 1.B.2, 1.B.3, 1.C.","European Commission, Joint Research Centre (JRC) — EDGAR",https://edgar.jrc.ec.europa.eu/dataset_ghg2025,CC BY 4.0,"A-011_GHG 배출량[에너지, 산업공정, 농업, 폐기물].xlsx",1.1_observation(측정값),165,BGD-ALL-DATA-DISPLAY-2026-09-29,
A-011,"GHG 배출량[에너지, 산업공정, 농업, 폐기물]",observation,bgd-v158-a-011-obs-00163,A-011_emissions_sector_fuel_exploitation,BGD,2022,2022,2022,,,,3.612484,Mt CO2eq,,,,,,"[메탄(CH4) 처리 기술 (Methane abatement)] [연료 채굴·수송 누출] European Commission, Joint Research Centre (JRC) — EDGAR 「EDGAR GHG_Fuel Exploitation」 기준. Mt CO2eq (GWP-100 AR5). IPCC 2006 코드 1.B.1, 1.B.2, 1.B.3, 1.C.","European Commission, Joint Research Centre (JRC) — EDGAR",https://edgar.jrc.ec.europa.eu/dataset_ghg2025,CC BY 4.0,"A-011_GHG 배출량[에너지, 산업공정, 농업, 폐기물].xlsx",1.1_observation(측정값),166,BGD-ALL-DATA-DISPLAY-2026-09-29,
A-011,"GHG 배출량[에너지, 산업공정, 농업, 폐기물]",observation,bgd-v158-a-011-obs-00164,A-011_emissions_sector_fuel_exploitation,BGD,2023,2023,2023,,,,3.631988,Mt CO2eq,,,,,,"[메탄(CH4) 처리 기술 (Methane abatement)] [연료 채굴·수송 누출] European Commission, Joint Research Centre (JRC) — EDGAR 「EDGAR GHG_Fuel Exploitation」 기준. Mt CO2eq (GWP-100 AR5). IPCC 2006 코드 1.B.1, 1.B.2, 1.B.3, 1.C.","European Commission, Joint Research Centre (JRC) — EDGAR",https://edgar.jrc.ec.europa.eu/dataset_ghg2025,CC BY 4.0,"A-011_GHG 배출량[에너지, 산업공정, 농업, 폐기물].xlsx",1.1_observation(측정값),167,BGD-ALL-DATA-DISPLAY-2026-09-29,
A-011,"GHG 배출량[에너지, 산업공정, 농업, 폐기물]",observation,bgd-v158-a-011-obs-00165,A-011_emissions_sector_fuel_exploitation,BGD,2024,2024,2024,,,,3.523345,Mt CO2eq,,,,,,"[메탄(CH4) 처리 기술 (Methane abatement)] [연료 채굴·수송 누출] European Commission, Joint Research Centre (JRC) — EDGAR 「EDGAR GHG_Fuel Exploitation」 기준. Mt CO2eq (GWP-100 AR5). IPCC 2006 코드 1.B.1, 1.B.2, 1.B.3, 1.C.","European Commission, Joint Research Centre (JRC) — EDGAR",https://edgar.jrc.ec.europa.eu/dataset_ghg2025,CC BY 4.0,"A-011_GHG 배출량[에너지, 산업공정, 농업, 폐기물].xlsx",1.1_observation(측정값),168,BGD-ALL-DATA-DISPLAY-2026-09-29,
A-011,"GHG 배출량[에너지, 산업공정, 농업, 폐기물]",observation,bgd-v158-a-011-obs-00166,A-011_emissions_sector_industrial_combustion,BGD,1970,1970,1970,,,,0.976256,Mt CO2eq,,,,,,"[산업효율 기술 (Industrial efficiency)] [산업연소] European Commission, Joint Research Centre (JRC) — EDGAR 「EDGAR GHG_Industrial Combustion」 기준. Mt CO2eq (GWP-100 AR5). IPCC 2006 코드 1.A.2.","European Commission, Joint Research Centre (JRC) — EDGAR",https://edgar.jrc.ec.europa.eu/dataset_ghg2025,CC BY 4.0,"A-011_GHG 배출량[에너지, 산업공정, 농업, 폐기물].xlsx",1.1_observation(측정값),169,BGD-ALL-DATA-DISPLAY-2026-09-29,
A-011,"GHG 배출량[에너지, 산업공정, 농업, 폐기물]",observation,bgd-v158-a-011-obs-00167,A-011_emissions_sector_industrial_combustion,BGD,1971,1971,1971,,,,0.976256,Mt CO2eq,,,,,,"[산업효율 기술 (Industrial efficiency)] [산업연소] European Commission, Joint Research Centre (JRC) — EDGAR 「EDGAR GHG_Industrial Combustion」 기준. Mt CO2eq (GWP-100 AR5). IPCC 2006 코드 1.A.2.","European Commission, Joint Research Centre (JRC) — EDGAR",https://edgar.jrc.ec.europa.eu/dataset_ghg2025,CC BY 4.0,"A-011_GHG 배출량[에너지, 산업공정, 농업, 폐기물].xlsx",1.1_observation(측정값),170,BGD-ALL-DATA-DISPLAY-2026-09-29,
A-011,"GHG 배출량[에너지, 산업공정, 농업, 폐기물]",observation,bgd-v158-a-011-obs-00168,A-011_emissions_sector_industrial_combustion,BGD,1972,1972,1972,,,,0.976256,Mt CO2eq,,,,,,"[산업효율 기술 (Industrial efficiency)] [산업연소] European Commission, Joint Research Centre (JRC) — EDGAR 「EDGAR GHG_Industrial Combustion」 기준. Mt CO2eq (GWP-100 AR5). IPCC 2006 코드 1.A.2.","European Commission, Joint Research Centre (JRC) — EDGAR",https://edgar.jrc.ec.europa.eu/dataset_ghg2025,CC BY 4.0,"A-011_GHG 배출량[에너지, 산업공정, 농업, 폐기물].xlsx",1.1_observation(측정값),171,BGD-ALL-DATA-DISPLAY-2026-09-29,
A-011,"GHG 배출량[에너지, 산업공정, 농업, 폐기물]",observation,bgd-v158-a-011-obs-00169,A-011_emissions_sector_industrial_combustion,BGD,1973,1973,1973,,,,1.302736,Mt CO2eq,,,,,,"[산업효율 기술 (Industrial efficiency)] [산업연소] European Commission, Joint Research Centre (JRC) — EDGAR 「EDGAR GHG_Industrial Combustion」 기준. Mt CO2eq (GWP-100 AR5). IPCC 2006 코드 1.A.2.","European Commission, Joint Research Centre (JRC) — EDGAR",https://edgar.jrc.ec.europa.eu/dataset_ghg2025,CC BY 4.0,"A-011_GHG 배출량[에너지, 산업공정, 농업, 폐기물].xlsx",1.1_observation(측정값),172,BGD-ALL-DATA-DISPLAY-2026-09-29,
A-011,"GHG 배출량[에너지, 산업공정, 농업, 폐기물]",observation,bgd-v158-a-011-obs-00170,A-011_emissions_sector_industrial_combustion,BGD,1974,1974,1974,,,,1.369915,Mt CO2eq,,,,,,"[산업효율 기술 (Industrial efficiency)] [산업연소] European Commission, Joint Research Centre (JRC) — EDGAR 「EDGAR GHG_Industrial Combustion」 기준. Mt CO2eq (GWP-100 AR5). IPCC 2006 코드 1.A.2.","European Commission, Joint Research Centre (JRC) — EDGAR",https://edgar.jrc.ec.europa.eu/dataset_ghg2025,CC BY 4.0,"A-011_GHG 배출량[에너지, 산업공정, 농업, 폐기물].xlsx",1.1_observation(측정값),173,BGD-ALL-DATA-DISPLAY-2026-09-29,
A-011,"GHG 배출량[에너지, 산업공정, 농업, 폐기물]",observation,bgd-v158-a-011-obs-00171,A-011_emissions_sector_industrial_combustion,BGD,1975,1975,1975,,,,1.56479,Mt CO2eq,,,,,,"[산업효율 기술 (Industrial efficiency)] [산업연소] European Commission, Joint Research Centre (JRC) — EDGAR 「EDGAR GHG_Industrial Combustion」 기준. Mt CO2eq (GWP-100 AR5). IPCC 2006 코드 1.A.2.","European Commission, Joint Research Centre (JRC) — EDGAR",https://edgar.jrc.ec.europa.eu/dataset_ghg2025,CC BY 4.0,"A-011_GHG 배출량[에너지, 산업공정, 농업, 폐기물].xlsx",1.1_observation(측정값),174,BGD-ALL-DATA-DISPLAY-2026-09-29,
A-011,"GHG 배출량[에너지, 산업공정, 농업, 폐기물]",observation,bgd-v158-a-011-obs-00172,A-011_emissions_sector_industrial_combustion,BGD,1976,1976,1976,,,,1.572469,Mt CO2eq,,,,,,"[산업효율 기술 (Industrial efficiency)] [산업연소] European Commission, Joint Research Centre (JRC) — EDGAR 「EDGAR GHG_Industrial Combustion」 기준. Mt CO2eq (GWP-100 AR5). IPCC 2006 코드 1.A.2.","European Commission, Joint Research Centre (JRC) — EDGAR",https://edgar.jrc.ec.europa.eu/dataset_ghg2025,CC BY 4.0,"A-011_GHG 배출량[에너지, 산업공정, 농업, 폐기물].xlsx",1.1_observation(측정값),175,BGD-ALL-DATA-DISPLAY-2026-09-29,
A-011,"GHG 배출량[에너지, 산업공정, 농업, 폐기물]",observation,bgd-v158-a-011-obs-00173,A-011_emissions_sector_industrial_combustion,BGD,1977,1977,1977,,,,1.577191,Mt CO2eq,,,,,,"[산업효율 기술 (Industrial efficiency)] [산업연소] European Commission, Joint Research Centre (JRC) — EDGAR 「EDGAR GHG_Industrial Combustion」 기준. Mt CO2eq (GWP-100 AR5). IPCC 2006 코드 1.A.2.","European Commission, Joint Research Centre (JRC) — EDGAR",https://edgar.jrc.ec.europa.eu/dataset_ghg2025,CC BY 4.0,"A-011_GHG 배출량[에너지, 산업공정, 농업, 폐기물].xlsx",1.1_observation(측정값),176,BGD-ALL-DATA-DISPLAY-2026-09-29,
A-011,"GHG 배출량[에너지, 산업공정, 농업, 폐기물]",observation,bgd-v158-a-011-obs-00174,A-011_emissions_sector_industrial_combustion,BGD,1978,1978,1978,,,,1.647717,Mt CO2eq,,,,,,"[산업효율 기술 (Industrial efficiency)] [산업연소] European Commission, Joint Research Centre (JRC) — EDGAR 「EDGAR GHG_Industrial Combustion」 기준. Mt CO2eq (GWP-100 AR5). IPCC 2006 코드 1.A.2.","European Commission, Joint Research Centre (JRC) — EDGAR",https://edgar.jrc.ec.europa.eu/dataset_ghg2025,CC BY 4.0,"A-011_GHG 배출량[에너지, 산업공정, 농업, 폐기물].xlsx",1.1_observation(측정값),177,BGD-ALL-DATA-DISPLAY-2026-09-29,
A-011,"GHG 배출량[에너지, 산업공정, 농업, 폐기물]",observation,bgd-v158-a-011-obs-00175,A-011_emissions_sector_industrial_combustion,BGD,1979,1979,1979,,,,1.662778,Mt CO2eq,,,,,,"[산업효율 기술 (Industrial efficiency)] [산업연소] European Commission, Joint Research Centre (JRC) — EDGAR 「EDGAR GHG_Industrial Combustion」 기준. Mt CO2eq (GWP-100 AR5). IPCC 2006 코드 1.A.2.","European Commission, Joint Research Centre (JRC) — EDGAR",https://edgar.jrc.ec.europa.eu/dataset_ghg2025,CC BY 4.0,"A-011_GHG 배출량[에너지, 산업공정, 농업, 폐기물].xlsx",1.1_observation(측정값),178,BGD-ALL-DATA-DISPLAY-2026-09-29,
A-011,"GHG 배출량[에너지, 산업공정, 농업, 폐기물]",observation,bgd-v158-a-011-obs-00176,A-011_emissions_sector_industrial_combustion,BGD,1980,1980,1980,,,,2.117652,Mt CO2eq,,,,,,"[산업효율 기술 (Industrial efficiency)] [산업연소] European Commission, Joint Research Centre (JRC) — EDGAR 「EDGAR GHG_Industrial Combustion」 기준. Mt CO2eq (GWP-100 AR5). IPCC 2006 코드 1.A.2.","European Commission, Joint Research Centre (JRC) — EDGAR",https://edgar.jrc.ec.europa.eu/dataset_ghg2025,CC BY 4.0,"A-011_GHG 배출량[에너지, 산업공정, 농업, 폐기물].xlsx",1.1_observation(측정값),179,BGD-ALL-DATA-DISPLAY-2026-09-29,
A-011,"GHG 배출량[에너지, 산업공정, 농업, 폐기물]",observation,bgd-v158-a-011-obs-00177,A-011_emissions_sector_industrial_combustion,BGD,1981,1981,1981,,,,1.95616,Mt CO2eq,,,,,,"[산업효율 기술 (Industrial efficiency)] [산업연소] European Commission, Joint Research Centre (JRC) — EDGAR 「EDGAR GHG_Industrial Combustion」 기준. Mt CO2eq (GWP-100 AR5). IPCC 2006 코드 1.A.2.","European Commission, Joint Research Centre (JRC) — EDGAR",https://edgar.jrc.ec.europa.eu/dataset_ghg2025,CC BY 4.0,"A-011_GHG 배출량[에너지, 산업공정, 농업, 폐기물].xlsx",1.1_observation(측정값),180,BGD-ALL-DATA-DISPLAY-2026-09-29,
A-011,"GHG 배출량[에너지, 산업공정, 농업, 폐기물]",observation,bgd-v158-a-011-obs-00178,A-011_emissions_sector_industrial_combustion,BGD,1982,1982,1982,,,,2.003763,Mt CO2eq,,,,,,"[산업효율 기술 (Industrial efficiency)] [산업연소] European Commission, Joint Research Centre (JRC) — EDGAR 「EDGAR GHG_Industrial Combustion」 기준. Mt CO2eq (GWP-100 AR5). IPCC 2006 코드 1.A.2.","European Commission, Joint Research Centre (JRC) — EDGAR",https://edgar.jrc.ec.europa.eu/dataset_ghg2025,CC BY 4.0,"A-011_GHG 배출량[에너지, 산업공정, 농업, 폐기물].xlsx",1.1_observation(측정값),181,BGD-ALL-DATA-DISPLAY-2026-09-29,
A-011,"GHG 배출량[에너지, 산업공정, 농업, 폐기물]",observation,bgd-v158-a-011-obs-00179,A-011_emissions_sector_industrial_combustion,BGD,1983,1983,1983,,,,1.592951,Mt CO2eq,,,,,,"[산업효율 기술 (Industrial efficiency)] [산업연소] European Commission, Joint Research Centre (JRC) — EDGAR 「EDGAR GHG_Industrial Combustion」 기준. Mt CO2eq (GWP-100 AR5). IPCC 2006 코드 1.A.2.","European Commission, Joint Research Centre (JRC) — EDGAR",https://edgar.jrc.ec.europa.eu/dataset_ghg2025,CC BY 4.0,"A-011_GHG 배출량[에너지, 산업공정, 농업, 폐기물].xlsx",1.1_observation(측정값),182,BGD-ALL-DATA-DISPLAY-2026-09-29,
A-011,"GHG 배출량[에너지, 산업공정, 농업, 폐기물]",observation,bgd-v158-a-011-obs-00180,A-011_emissions_sector_industrial_combustion,BGD,1984,1984,1984,,,,1.436053,Mt CO2eq,,,,,,"[산업효율 기술 (Industrial efficiency)] [산업연소] European Commission, Joint Research Centre (JRC) — EDGAR 「EDGAR GHG_Industrial Combustion」 기준. Mt CO2eq (GWP-100 AR5). IPCC 2006 코드 1.A.2.","European Commission, Joint Research Centre (JRC) — EDGAR",https://edgar.jrc.ec.europa.eu/dataset_ghg2025,CC BY 4.0,"A-011_GHG 배출량[에너지, 산업공정, 농업, 폐기물].xlsx",1.1_observation(측정값),183,BGD-ALL-DATA-DISPLAY-2026-09-29,
A-011,"GHG 배출량[에너지, 산업공정, 농업, 폐기물]",observation,bgd-v158-a-011-obs-00181,A-011_emissions_sector_industrial_combustion,BGD,1985,1985,1985,,,,1.317882,Mt CO2eq,,,,,,"[산업효율 기술 (Industrial efficiency)] [산업연소] European Commission, Joint Research Centre (JRC) — EDGAR 「EDGAR GHG_Industrial Combustion」 기준. Mt CO2eq (GWP-100 AR5). IPCC 2006 코드 1.A.2.","European Commission, Joint Research Centre (JRC) — EDGAR",https://edgar.jrc.ec.europa.eu/dataset_ghg2025,CC BY 4.0,"A-011_GHG 배출량[에너지, 산업공정, 농업, 폐기물].xlsx",1.1_observation(측정값),184,BGD-ALL-DATA-DISPLAY-2026-09-29,
A-011,"GHG 배출량[에너지, 산업공정, 농업, 폐기물]",observation,bgd-v158-a-011-obs-00182,A-011_emissions_sector_industrial_combustion,BGD,1986,1986,1986,,,,1.456608,Mt CO2eq,,,,,,"[산업효율 기술 (Industrial efficiency)] [산업연소] European Commission, Joint Research Centre (JRC) — EDGAR 「EDGAR GHG_Industrial Combustion」 기준. Mt CO2eq (GWP-100 AR5). IPCC 2006 코드 1.A.2.","European Commission, Joint Research Centre (JRC) — EDGAR",https://edgar.jrc.ec.europa.eu/dataset_ghg2025,CC BY 4.0,"A-011_GHG 배출량[에너지, 산업공정, 농업, 폐기물].xlsx",1.1_observation(측정값),185,BGD-ALL-DATA-DISPLAY-2026-09-29,
A-011,"GHG 배출량[에너지, 산업공정, 농업, 폐기물]",observation,bgd-v158-a-011-obs-00183,A-011_emissions_sector_industrial_combustion,BGD,1987,1987,1987,,,,1.795122,Mt CO2eq,,,,,,"[산업효율 기술 (Industrial efficiency)] [산업연소] European Commission, Joint Research Centre (JRC) — EDGAR 「EDGAR GHG_Industrial Combustion」 기준. Mt CO2eq (GWP-100 AR5). IPCC 2006 코드 1.A.2.","European Commission, Joint Research Centre (JRC) — EDGAR",https://edgar.jrc.ec.europa.eu/dataset_ghg2025,CC BY 4.0,"A-011_GHG 배출량[에너지, 산업공정, 농업, 폐기물].xlsx",1.1_observation(측정값),186,BGD-ALL-DATA-DISPLAY-2026-09-29,
A-011,"GHG 배출량[에너지, 산업공정, 농업, 폐기물]",observation,bgd-v158-a-011-obs-00184,A-011_emissions_sector_industrial_combustion,BGD,1988,1988,1988,,,,1.589668,Mt CO2eq,,,,,,"[산업효율 기술 (Industrial efficiency)] [산업연소] European Commission, Joint Research Centre (JRC) — EDGAR 「EDGAR GHG_Industrial Combustion」 기준. Mt CO2eq (GWP-100 AR5). IPCC 2006 코드 1.A.2.","European Commission, Joint Research Centre (JRC) — EDGAR",https://edgar.jrc.ec.europa.eu/dataset_ghg2025,CC BY 4.0,"A-011_GHG 배출량[에너지, 산업공정, 농업, 폐기물].xlsx",1.1_observation(측정값),187,BGD-ALL-DATA-DISPLAY-2026-09-29,
A-011,"GHG 배출량[에너지, 산업공정, 농업, 폐기물]",observation,bgd-v158-a-011-obs-00185,A-011_emissions_sector_industrial_combustion,BGD,1989,1989,1989,,,,1.633517,Mt CO2eq,,,,,,"[산업효율 기술 (Industrial efficiency)] [산업연소] European Commission, Joint Research Centre (JRC) — EDGAR 「EDGAR GHG_Industrial Combustion」 기준. Mt CO2eq (GWP-100 AR5). IPCC 2006 코드 1.A.2.","European Commission, Joint Research Centre (JRC) — EDGAR",https://edgar.jrc.ec.europa.eu/dataset_ghg2025,CC BY 4.0,"A-011_GHG 배출량[에너지, 산업공정, 농업, 폐기물].xlsx",1.1_observation(측정값),188,BGD-ALL-DATA-DISPLAY-2026-09-29,
A-011,"GHG 배출량[에너지, 산업공정, 농업, 폐기물]",observation,bgd-v158-a-011-obs-00186,A-011_emissions_sector_industrial_combustion,BGD,1990,1990,1990,,,,2.334079,Mt CO2eq,,,,,,"[산업효율 기술 (Industrial efficiency)] [산업연소] European Commission, Joint Research Centre (JRC) — EDGAR 「EDGAR GHG_Industrial Combustion」 기준. Mt CO2eq (GWP-100 AR5). IPCC 2006 코드 1.A.2.","European Commission, Joint Research Centre (JRC) — EDGAR",https://edgar.jrc.ec.europa.eu/dataset_ghg2025,CC BY 4.0,"A-011_GHG 배출량[에너지, 산업공정, 농업, 폐기물].xlsx",1.1_observation(측정값),189,BGD-ALL-DATA-DISPLAY-2026-09-29,
A-011,"GHG 배출량[에너지, 산업공정, 농업, 폐기물]",observation,bgd-v158-a-011-obs-00187,A-011_emissions_sector_industrial_combustion,BGD,1991,1991,1991,,,,1.534434,Mt CO2eq,,,,,,"[산업효율 기술 (Industrial efficiency)] [산업연소] European Commission, Joint Research Centre (JRC) — EDGAR 「EDGAR GHG_Industrial Combustion」 기준. Mt CO2eq (GWP-100 AR5). IPCC 2006 코드 1.A.2.","European Commission, Joint Research Centre (JRC) — EDGAR",https://edgar.jrc.ec.europa.eu/dataset_ghg2025,CC BY 4.0,"A-011_GHG 배출량[에너지, 산업공정, 농업, 폐기물].xlsx",1.1_observation(측정값),190,BGD-ALL-DATA-DISPLAY-2026-09-29,
A-011,"GHG 배출량[에너지, 산업공정, 농업, 폐기물]",observation,bgd-v158-a-011-obs-00188,A-011_emissions_sector_industrial_combustion,BGD,1992,1992,1992,,,,1.516313,Mt CO2eq,,,,,,"[산업효율 기술 (Industrial efficiency)] [산업연소] European Commission, Joint Research Centre (JRC) — EDGAR 「EDGAR GHG_Industrial Combustion」 기준. Mt CO2eq (GWP-100 AR5). IPCC 2006 코드 1.A.2.","European Commission, Joint Research Centre (JRC) — EDGAR",https://edgar.jrc.ec.europa.eu/dataset_ghg2025,CC BY 4.0,"A-011_GHG 배출량[에너지, 산업공정, 농업, 폐기물].xlsx",1.1_observation(측정값),191,BGD-ALL-DATA-DISPLAY-2026-09-29,
A-011,"GHG 배출량[에너지, 산업공정, 농업, 폐기물]",observation,bgd-v158-a-011-obs-00189,A-011_emissions_sector_industrial_combustion,BGD,1993,1993,1993,,,,1.485883,Mt CO2eq,,,,,,"[산업효율 기술 (Industrial efficiency)] [산업연소] European Commission, Joint Research Centre (JRC) — EDGAR 「EDGAR GHG_Industrial Combustion」 기준. Mt CO2eq (GWP-100 AR5). IPCC 2006 코드 1.A.2.","European Commission, Joint Research Centre (JRC) — EDGAR",https://edgar.jrc.ec.europa.eu/dataset_ghg2025,CC BY 4.0,"A-011_GHG 배출량[에너지, 산업공정, 농업, 폐기물].xlsx",1.1_observation(측정값),192,BGD-ALL-DATA-DISPLAY-2026-09-29,
A-011,"GHG 배출량[에너지, 산업공정, 농업, 폐기물]",observation,bgd-v158-a-011-obs-00190,A-011_emissions_sector_industrial_combustion,BGD,1994,1994,1994,,,,1.917994,Mt CO2eq,,,,,,"[산업효율 기술 (Industrial efficiency)] [산업연소] European Commission, Joint Research Centre (JRC) — EDGAR 「EDGAR GHG_Industrial Combustion」 기준. Mt CO2eq (GWP-100 AR5). IPCC 2006 코드 1.A.2.","European Commission, Joint Research Centre (JRC) — EDGAR",https://edgar.jrc.ec.europa.eu/dataset_ghg2025,CC BY 4.0,"A-011_GHG 배출량[에너지, 산업공정, 농업, 폐기물].xlsx",1.1_observation(측정값),193,BGD-ALL-DATA-DISPLAY-2026-09-29,
A-011,"GHG 배출량[에너지, 산업공정, 농업, 폐기물]",observation,bgd-v158-a-011-obs-00191,A-011_emissions_sector_industrial_combustion,BGD,1995,1995,1995,,,,3.351411,Mt CO2eq,,,,,,"[산업효율 기술 (Industrial efficiency)] [산업연소] European Commission, Joint Research Centre (JRC) — EDGAR 「EDGAR GHG_Industrial Combustion」 기준. Mt CO2eq (GWP-100 AR5). IPCC 2006 코드 1.A.2.","European Commission, Joint Research Centre (JRC) — EDGAR",https://edgar.jrc.ec.europa.eu/dataset_ghg2025,CC BY 4.0,"A-011_GHG 배출량[에너지, 산업공정, 농업, 폐기물].xlsx",1.1_observation(측정값),194,BGD-ALL-DATA-DISPLAY-2026-09-29,
A-011,"GHG 배출량[에너지, 산업공정, 농업, 폐기물]",observation,bgd-v158-a-011-obs-00192,A-011_emissions_sector_industrial_combustion,BGD,1996,1996,1996,,,,2.977928,Mt CO2eq,,,,,,"[산업효율 기술 (Industrial efficiency)] [산업연소] European Commission, Joint Research Centre (JRC) — EDGAR 「EDGAR GHG_Industrial Combustion」 기준. Mt CO2eq (GWP-100 AR5). IPCC 2006 코드 1.A.2.","European Commission, Joint Research Centre (JRC) — EDGAR",https://edgar.jrc.ec.europa.eu/dataset_ghg2025,CC BY 4.0,"A-011_GHG 배출량[에너지, 산업공정, 농업, 폐기물].xlsx",1.1_observation(측정값),195,BGD-ALL-DATA-DISPLAY-2026-09-29,
A-011,"GHG 배출량[에너지, 산업공정, 농업, 폐기물]",observation,bgd-v158-a-011-obs-00193,A-011_emissions_sector_industrial_combustion,BGD,1997,1997,1997,,,,3.642085,Mt CO2eq,,,,,,"[산업효율 기술 (Industrial efficiency)] [산업연소] European Commission, Joint Research Centre (JRC) — EDGAR 「EDGAR GHG_Industrial Combustion」 기준. Mt CO2eq (GWP-100 AR5). IPCC 2006 코드 1.A.2.","European Commission, Joint Research Centre (JRC) — EDGAR",https://edgar.jrc.ec.europa.eu/dataset_ghg2025,CC BY 4.0,"A-011_GHG 배출량[에너지, 산업공정, 농업, 폐기물].xlsx",1.1_observation(측정값),196,BGD-ALL-DATA-DISPLAY-2026-09-29,
A-011,"GHG 배출량[에너지, 산업공정, 농업, 폐기물]",observation,bgd-v158-a-011-obs-00194,A-011_emissions_sector_industrial_combustion,BGD,1998,1998,1998,,,,2.869208,Mt CO2eq,,,,,,"[산업효율 기술 (Industrial efficiency)] [산업연소] European Commission, Joint Research Centre (JRC) — EDGAR 「EDGAR GHG_Industrial Combustion」 기준. Mt CO2eq (GWP-100 AR5). IPCC 2006 코드 1.A.2.","European Commission, Joint Research Centre (JRC) — EDGAR",https://edgar.jrc.ec.europa.eu/dataset_ghg2025,CC BY 4.0,"A-011_GHG 배출량[에너지, 산업공정, 농업, 폐기물].xlsx",1.1_observation(측정값),197,BGD-ALL-DATA-DISPLAY-2026-09-29,
A-011,"GHG 배출량[에너지, 산업공정, 농업, 폐기물]",observation,bgd-v158-a-011-obs-00195,A-011_emissions_sector_industrial_combustion,BGD,1999,1999,1999,,,,2.85612,Mt CO2eq,,,,,,"[산업효율 기술 (Industrial efficiency)] [산업연소] European Commission, Joint Research Centre (JRC) — EDGAR 「EDGAR GHG_Industrial Combustion」 기준. Mt CO2eq (GWP-100 AR5). IPCC 2006 코드 1.A.2.","European Commission, Joint Research Centre (JRC) — EDGAR",https://edgar.jrc.ec.europa.eu/dataset_ghg2025,CC BY 4.0,"A-011_GHG 배출량[에너지, 산업공정, 농업, 폐기물].xlsx",1.1_observation(측정값),198,BGD-ALL-DATA-DISPLAY-2026-09-29,
A-011,"GHG 배출량[에너지, 산업공정, 농업, 폐기물]",observation,bgd-v158-a-011-obs-00196,A-011_emissions_sector_industrial_combustion,BGD,2000,2000,2000,,,,3.051335,Mt CO2eq,,,,,,"[산업효율 기술 (Industrial efficiency)] [산업연소] European Commission, Joint Research Centre (JRC) — EDGAR 「EDGAR GHG_Industrial Combustion」 기준. Mt CO2eq (GWP-100 AR5). IPCC 2006 코드 1.A.2.","European Commission, Joint Research Centre (JRC) — EDGAR",https://edgar.jrc.ec.europa.eu/dataset_ghg2025,CC BY 4.0,"A-011_GHG 배출량[에너지, 산업공정, 농업, 폐기물].xlsx",1.1_observation(측정값),199,BGD-ALL-DATA-DISPLAY-2026-09-29,
A-011,"GHG 배출량[에너지, 산업공정, 농업, 폐기물]",observation,bgd-v158-a-011-obs-00197,A-011_emissions_sector_industrial_combustion,BGD,2001,2001,2001,,,,4.444488,Mt CO2eq,,,,,,"[산업효율 기술 (Industrial efficiency)] [산업연소] European Commission, Joint Research Centre (JRC) — EDGAR 「EDGAR GHG_Industrial Combustion」 기준. Mt CO2eq (GWP-100 AR5). IPCC 2006 코드 1.A.2.","European Commission, Joint Research Centre (JRC) — EDGAR",https://edgar.jrc.ec.europa.eu/dataset_ghg2025,CC BY 4.0,"A-011_GHG 배출량[에너지, 산업공정, 농업, 폐기물].xlsx",1.1_observation(측정값),200,BGD-ALL-DATA-DISPLAY-2026-09-29,
A-011,"GHG 배출량[에너지, 산업공정, 농업, 폐기물]",observation,bgd-v158-a-011-obs-00198,A-011_emissions_sector_industrial_combustion,BGD,2002,2002,2002,,,,4.816275,Mt CO2eq,,,,,,"[산업효율 기술 (Industrial efficiency)] [산업연소] European Commission, Joint Research Centre (JRC) — EDGAR 「EDGAR GHG_Industrial Combustion」 기준. Mt CO2eq (GWP-100 AR5). IPCC 2006 코드 1.A.2.","European Commission, Joint Research Centre (JRC) — EDGAR",https://edgar.jrc.ec.europa.eu/dataset_ghg2025,CC BY 4.0,"A-011_GHG 배출량[에너지, 산업공정, 농업, 폐기물].xlsx",1.1_observation(측정값),201,BGD-ALL-DATA-DISPLAY-2026-09-29,
A-011,"GHG 배출량[에너지, 산업공정, 농업, 폐기물]",observation,bgd-v158-a-011-obs-00199,A-011_emissions_sector_industrial_combustion,BGD,2003,2003,2003,,,,5.514343,Mt CO2eq,,,,,,"[산업효율 기술 (Industrial efficiency)] [산업연소] European Commission, Joint Research Centre (JRC) — EDGAR 「EDGAR GHG_Industrial Combustion」 기준. Mt CO2eq (GWP-100 AR5). IPCC 2006 코드 1.A.2.","European Commission, Joint Research Centre (JRC) — EDGAR",https://edgar.jrc.ec.europa.eu/dataset_ghg2025,CC BY 4.0,"A-011_GHG 배출량[에너지, 산업공정, 농업, 폐기물].xlsx",1.1_observation(측정값),202,BGD-ALL-DATA-DISPLAY-2026-09-29,
A-011,"GHG 배출량[에너지, 산업공정, 농업, 폐기물]",observation,bgd-v158-a-011-obs-00200,A-011_emissions_sector_industrial_combustion,BGD,2004,2004,2004,,,,4.133257,Mt CO2eq,,,,,,"[산업효율 기술 (Industrial efficiency)] [산업연소] European Commission, Joint Research Centre (JRC) — EDGAR 「EDGAR GHG_Industrial Combustion」 기준. Mt CO2eq (GWP-100 AR5). IPCC 2006 코드 1.A.2.","European Commission, Joint Research Centre (JRC) — EDGAR",https://edgar.jrc.ec.europa.eu/dataset_ghg2025,CC BY 4.0,"A-011_GHG 배출량[에너지, 산업공정, 농업, 폐기물].xlsx",1.1_observation(측정값),203,BGD-ALL-DATA-DISPLAY-2026-09-29,
A-011,"GHG 배출량[에너지, 산업공정, 농업, 폐기물]",observation,bgd-v158-a-011-obs-00201,A-011_emissions_sector_industrial_combustion,BGD,2005,2005,2005,,,,4.719191,Mt CO2eq,,,,,,"[산업효율 기술 (Industrial efficiency)] [산업연소] European Commission, Joint Research Centre (JRC) — EDGAR 「EDGAR GHG_Industrial Combustion」 기준. Mt CO2eq (GWP-100 AR5). IPCC 2006 코드 1.A.2.","European Commission, Joint Research Centre (JRC) — EDGAR",https://edgar.jrc.ec.europa.eu/dataset_ghg2025,CC BY 4.0,"A-011_GHG 배출량[에너지, 산업공정, 농업, 폐기물].xlsx",1.1_observation(측정값),204,BGD-ALL-DATA-DISPLAY-2026-09-29,
A-011,"GHG 배출량[에너지, 산업공정, 농업, 폐기물]",observation,bgd-v158-a-011-obs-00202,A-011_emissions_sector_industrial_combustion,BGD,2006,2006,2006,,,,5.321512,Mt CO2eq,,,,,,"[산업효율 기술 (Industrial efficiency)] [산업연소] European Commission, Joint Research Centre (JRC) — EDGAR 「EDGAR GHG_Industrial Combustion」 기준. Mt CO2eq (GWP-100 AR5). IPCC 2006 코드 1.A.2.","European Commission, Joint Research Centre (JRC) — EDGAR",https://edgar.jrc.ec.europa.eu/dataset_ghg2025,CC BY 4.0,"A-011_GHG 배출량[에너지, 산업공정, 농업, 폐기물].xlsx",1.1_observation(측정값),205,BGD-ALL-DATA-DISPLAY-2026-09-29,
A-011,"GHG 배출량[에너지, 산업공정, 농업, 폐기물]",observation,bgd-v158-a-011-obs-00203,A-011_emissions_sector_industrial_combustion,BGD,2007,2007,2007,,,,6.014855,Mt CO2eq,,,,,,"[산업효율 기술 (Industrial efficiency)] [산업연소] European Commission, Joint Research Centre (JRC) — EDGAR 「EDGAR GHG_Industrial Combustion」 기준. Mt CO2eq (GWP-100 AR5). IPCC 2006 코드 1.A.2.","European Commission, Joint Research Centre (JRC) — EDGAR",https://edgar.jrc.ec.europa.eu/dataset_ghg2025,CC BY 4.0,"A-011_GHG 배출량[에너지, 산업공정, 농업, 폐기물].xlsx",1.1_observation(측정값),206,BGD-ALL-DATA-DISPLAY-2026-09-29,
A-011,"GHG 배출량[에너지, 산업공정, 농업, 폐기물]",observation,bgd-v158-a-011-obs-00204,A-011_emissions_sector_industrial_combustion,BGD,2008,2008,2008,,,,7.041461,Mt CO2eq,,,,,,"[산업효율 기술 (Industrial efficiency)] [산업연소] European Commission, Joint Research Centre (JRC) — EDGAR 「EDGAR GHG_Industrial Combustion」 기준. Mt CO2eq (GWP-100 AR5). IPCC 2006 코드 1.A.2.","European Commission, Joint Research Centre (JRC) — EDGAR",https://edgar.jrc.ec.europa.eu/dataset_ghg2025,CC BY 4.0,"A-011_GHG 배출량[에너지, 산업공정, 농업, 폐기물].xlsx",1.1_observation(측정값),207,BGD-ALL-DATA-DISPLAY-2026-09-29,
A-011,"GHG 배출량[에너지, 산업공정, 농업, 폐기물]",observation,bgd-v158-a-011-obs-00205,A-011_emissions_sector_industrial_combustion,BGD,2009,2009,2009,,,,8.190355,Mt CO2eq,,,,,,"[산업효율 기술 (Industrial efficiency)] [산업연소] European Commission, Joint Research Centre (JRC) — EDGAR 「EDGAR GHG_Industrial Combustion」 기준. Mt CO2eq (GWP-100 AR5). IPCC 2006 코드 1.A.2.","European Commission, Joint Research Centre (JRC) — EDGAR",https://edgar.jrc.ec.europa.eu/dataset_ghg2025,CC BY 4.0,"A-011_GHG 배출량[에너지, 산업공정, 농업, 폐기물].xlsx",1.1_observation(측정값),208,BGD-ALL-DATA-DISPLAY-2026-09-29,
A-011,"GHG 배출량[에너지, 산업공정, 농업, 폐기물]",observation,bgd-v158-a-011-obs-00206,A-011_emissions_sector_industrial_combustion,BGD,2010,2010,2010,,,,9.21077,Mt CO2eq,,,,,,"[산업효율 기술 (Industrial efficiency)] [산업연소] European Commission, Joint Research Centre (JRC) — EDGAR 「EDGAR GHG_Industrial Combustion」 기준. Mt CO2eq (GWP-100 AR5). IPCC 2006 코드 1.A.2.","European Commission, Joint Research Centre (JRC) — EDGAR",https://edgar.jrc.ec.europa.eu/dataset_ghg2025,CC BY 4.0,"A-011_GHG 배출량[에너지, 산업공정, 농업, 폐기물].xlsx",1.1_observation(측정값),209,BGD-ALL-DATA-DISPLAY-2026-09-29,
A-011,"GHG 배출량[에너지, 산업공정, 농업, 폐기물]",observation,bgd-v158-a-011-obs-00207,A-011_emissions_sector_industrial_combustion,BGD,2011,2011,2011,,,,9.258005,Mt CO2eq,,,,,,"[산업효율 기술 (Industrial efficiency)] [산업연소] European Commission, Joint Research Centre (JRC) — EDGAR 「EDGAR GHG_Industrial Combustion」 기준. Mt CO2eq (GWP-100 AR5). IPCC 2006 코드 1.A.2.","European Commission, Joint Research Centre (JRC) — EDGAR",https://edgar.jrc.ec.europa.eu/dataset_ghg2025,CC BY 4.0,"A-011_GHG 배출량[에너지, 산업공정, 농업, 폐기물].xlsx",1.1_observation(측정값),210,BGD-ALL-DATA-DISPLAY-2026-09-29,
A-011,"GHG 배출량[에너지, 산업공정, 농업, 폐기물]",observation,bgd-v158-a-011-obs-00208,A-011_emissions_sector_industrial_combustion,BGD,2012,2012,2012,,,,10.255048,Mt CO2eq,,,,,,"[산업효율 기술 (Industrial efficiency)] [산업연소] European Commission, Joint Research Centre (JRC) — EDGAR 「EDGAR GHG_Industrial Combustion」 기준. Mt CO2eq (GWP-100 AR5). IPCC 2006 코드 1.A.2.","European Commission, Joint Research Centre (JRC) — EDGAR",https://edgar.jrc.ec.europa.eu/dataset_ghg2025,CC BY 4.0,"A-011_GHG 배출량[에너지, 산업공정, 농업, 폐기물].xlsx",1.1_observation(측정값),211,BGD-ALL-DATA-DISPLAY-2026-09-29,
A-011,"GHG 배출량[에너지, 산업공정, 농업, 폐기물]",observation,bgd-v158-a-011-obs-00209,A-011_emissions_sector_industrial_combustion,BGD,2013,2013,2013,,,,10.824022,Mt CO2eq,,,,,,"[산업효율 기술 (Industrial efficiency)] [산업연소] European Commission, Joint Research Centre (JRC) — EDGAR 「EDGAR GHG_Industrial Combustion」 기준. Mt CO2eq (GWP-100 AR5). IPCC 2006 코드 1.A.2.","European Commission, Joint Research Centre (JRC) — EDGAR",https://edgar.jrc.ec.europa.eu/dataset_ghg2025,CC BY 4.0,"A-011_GHG 배출량[에너지, 산업공정, 농업, 폐기물].xlsx",1.1_observation(측정값),212,BGD-ALL-DATA-DISPLAY-2026-09-29,
A-011,"GHG 배출량[에너지, 산업공정, 농업, 폐기물]",observation,bgd-v158-a-011-obs-00210,A-011_emissions_sector_industrial_combustion,BGD,2014,2014,2014,,,,10.591768,Mt CO2eq,,,,,,"[산업효율 기술 (Industrial efficiency)] [산업연소] European Commission, Joint Research Centre (JRC) — EDGAR 「EDGAR GHG_Industrial Combustion」 기준. Mt CO2eq (GWP-100 AR5). IPCC 2006 코드 1.A.2.","European Commission, Joint Research Centre (JRC) — EDGAR",https://edgar.jrc.ec.europa.eu/dataset_ghg2025,CC BY 4.0,"A-011_GHG 배출량[에너지, 산업공정, 농업, 폐기물].xlsx",1.1_observation(측정값),213,BGD-ALL-DATA-DISPLAY-2026-09-29,
A-011,"GHG 배출량[에너지, 산업공정, 농업, 폐기물]",observation,bgd-v158-a-011-obs-00211,A-011_emissions_sector_industrial_combustion,BGD,2015,2015,2015,,,,13.491078,Mt CO2eq,,,,,,"[산업효율 기술 (Industrial efficiency)] [산업연소] European Commission, Joint Research Centre (JRC) — EDGAR 「EDGAR GHG_Industrial Combustion」 기준. Mt CO2eq (GWP-100 AR5). IPCC 2006 코드 1.A.2.","European Commission, Joint Research Centre (JRC) — EDGAR",https://edgar.jrc.ec.europa.eu/dataset_ghg2025,CC BY 4.0,"A-011_GHG 배출량[에너지, 산업공정, 농업, 폐기물].xlsx",1.1_observation(측정값),214,BGD-ALL-DATA-DISPLAY-2026-09-29,
A-011,"GHG 배출량[에너지, 산업공정, 농업, 폐기물]",observation,bgd-v158-a-011-obs-00212,A-011_emissions_sector_industrial_combustion,BGD,2016,2016,2016,,,,15.449752,Mt CO2eq,,,,,,"[산업효율 기술 (Industrial efficiency)] [산업연소] European Commission, Joint Research Centre (JRC) — EDGAR 「EDGAR GHG_Industrial Combustion」 기준. Mt CO2eq (GWP-100 AR5). IPCC 2006 코드 1.A.2.","European Commission, Joint Research Centre (JRC) — EDGAR",https://edgar.jrc.ec.europa.eu/dataset_ghg2025,CC BY 4.0,"A-011_GHG 배출량[에너지, 산업공정, 농업, 폐기물].xlsx",1.1_observation(측정값),215,BGD-ALL-DATA-DISPLAY-2026-09-29,
A-011,"GHG 배출량[에너지, 산업공정, 농업, 폐기물]",observation,bgd-v158-a-011-obs-00213,A-011_emissions_sector_industrial_combustion,BGD,2017,2017,2017,,,,18.234162,Mt CO2eq,,,,,,"[산업효율 기술 (Industrial efficiency)] [산업연소] European Commission, Joint Research Centre (JRC) — EDGAR 「EDGAR GHG_Industrial Combustion」 기준. Mt CO2eq (GWP-100 AR5). IPCC 2006 코드 1.A.2.","European Commission, Joint Research Centre (JRC) — EDGAR",https://edgar.jrc.ec.europa.eu/dataset_ghg2025,CC BY 4.0,"A-011_GHG 배출량[에너지, 산업공정, 농업, 폐기물].xlsx",1.1_observation(측정값),216,BGD-ALL-DATA-DISPLAY-2026-09-29,
A-011,"GHG 배출량[에너지, 산업공정, 농업, 폐기물]",observation,bgd-v158-a-011-obs-00214,A-011_emissions_sector_industrial_combustion,BGD,2018,2018,2018,,,,17.148139,Mt CO2eq,,,,,,"[산업효율 기술 (Industrial efficiency)] [산업연소] European Commission, Joint Research Centre (JRC) — EDGAR 「EDGAR GHG_Industrial Combustion」 기준. Mt CO2eq (GWP-100 AR5). IPCC 2006 코드 1.A.2.","European Commission, Joint Research Centre (JRC) — EDGAR",https://edgar.jrc.ec.europa.eu/dataset_ghg2025,CC BY 4.0,"A-011_GHG 배출량[에너지, 산업공정, 농업, 폐기물].xlsx",1.1_observation(측정값),217,BGD-ALL-DATA-DISPLAY-2026-09-29,
A-011,"GHG 배출량[에너지, 산업공정, 농업, 폐기물]",observation,bgd-v158-a-011-obs-00215,A-011_emissions_sector_industrial_combustion,BGD,2019,2019,2019,,,,18.641466,Mt CO2eq,,,,,,"[산업효율 기술 (Industrial efficiency)] [산업연소] European Commission, Joint Research Centre (JRC) — EDGAR 「EDGAR GHG_Industrial Combustion」 기준. Mt CO2eq (GWP-100 AR5). IPCC 2006 코드 1.A.2.","European Commission, Joint Research Centre (JRC) — EDGAR",https://edgar.jrc.ec.europa.eu/dataset_ghg2025,CC BY 4.0,"A-011_GHG 배출량[에너지, 산업공정, 농업, 폐기물].xlsx",1.1_observation(측정값),218,BGD-ALL-DATA-DISPLAY-2026-09-29,
A-011,"GHG 배출량[에너지, 산업공정, 농업, 폐기물]",observation,bgd-v158-a-011-obs-00216,A-011_emissions_sector_industrial_combustion,BGD,2020,2020,2020,,,,18.084972,Mt CO2eq,,,,,,"[산업효율 기술 (Industrial efficiency)] [산업연소] European Commission, Joint Research Centre (JRC) — EDGAR 「EDGAR GHG_Industrial Combustion」 기준. Mt CO2eq (GWP-100 AR5). IPCC 2006 코드 1.A.2.","European Commission, Joint Research Centre (JRC) — EDGAR",https://edgar.jrc.ec.europa.eu/dataset_ghg2025,CC BY 4.0,"A-011_GHG 배출량[에너지, 산업공정, 농업, 폐기물].xlsx",1.1_observation(측정값),219,BGD-ALL-DATA-DISPLAY-2026-09-29,
A-011,"GHG 배출량[에너지, 산업공정, 농업, 폐기물]",observation,bgd-v158-a-011-obs-00217,A-011_emissions_sector_industrial_combustion,BGD,2021,2021,2021,,,,19.523988,Mt CO2eq,,,,,,"[산업효율 기술 (Industrial efficiency)] [산업연소] European Commission, Joint Research Centre (JRC) — EDGAR 「EDGAR GHG_Industrial Combustion」 기준. Mt CO2eq (GWP-100 AR5). IPCC 2006 코드 1.A.2.","European Commission, Joint Research Centre (JRC) — EDGAR",https://edgar.jrc.ec.europa.eu/dataset_ghg2025,CC BY 4.0,"A-011_GHG 배출량[에너지, 산업공정, 농업, 폐기물].xlsx",1.1_observation(측정값),220,BGD-ALL-DATA-DISPLAY-2026-09-29,
A-011,"GHG 배출량[에너지, 산업공정, 농업, 폐기물]",observation,bgd-v158-a-011-obs-00218,A-011_emissions_sector_industrial_combustion,BGD,2022,2022,2022,,,,17.99944,Mt CO2eq,,,,,,"[산업효율 기술 (Industrial efficiency)] [산업연소] European Commission, Joint Research Centre (JRC) — EDGAR 「EDGAR GHG_Industrial Combustion」 기준. Mt CO2eq (GWP-100 AR5). IPCC 2006 코드 1.A.2.","European Commission, Joint Research Centre (JRC) — EDGAR",https://edgar.jrc.ec.europa.eu/dataset_ghg2025,CC BY 4.0,"A-011_GHG 배출량[에너지, 산업공정, 농업, 폐기물].xlsx",1.1_observation(측정값),221,BGD-ALL-DATA-DISPLAY-2026-09-29,
A-011,"GHG 배출량[에너지, 산업공정, 농업, 폐기물]",observation,bgd-v158-a-011-obs-00219,A-011_emissions_sector_industrial_combustion,BGD,2023,2023,2023,,,,20.265875,Mt CO2eq,,,,,,"[산업효율 기술 (Industrial efficiency)] [산업연소] European Commission, Joint Research Centre (JRC) — EDGAR 「EDGAR GHG_Industrial Combustion」 기준. Mt CO2eq (GWP-100 AR5). IPCC 2006 코드 1.A.2.","European Commission, Joint Research Centre (JRC) — EDGAR",https://edgar.jrc.ec.europa.eu/dataset_ghg2025,CC BY 4.0,"A-011_GHG 배출량[에너지, 산업공정, 농업, 폐기물].xlsx",1.1_observation(측정값),222,BGD-ALL-DATA-DISPLAY-2026-09-29,
A-011,"GHG 배출량[에너지, 산업공정, 농업, 폐기물]",observation,bgd-v158-a-011-obs-00220,A-011_emissions_sector_industrial_combustion,BGD,2024,2024,2024,,,,20.908517,Mt CO2eq,,,,,,"[산업효율 기술 (Industrial efficiency)] [산업연소] European Commission, Joint Research Centre (JRC) — EDGAR 「EDGAR GHG_Industrial Combustion」 기준. Mt CO2eq (GWP-100 AR5). IPCC 2006 코드 1.A.2.","European Commission, Joint Research Centre (JRC) — EDGAR",https://edgar.jrc.ec.europa.eu/dataset_ghg2025,CC BY 4.0,"A-011_GHG 배출량[에너지, 산업공정, 농업, 폐기물].xlsx",1.1_observation(측정값),223,BGD-ALL-DATA-DISPLAY-2026-09-29,
A-011,"GHG 배출량[에너지, 산업공정, 농업, 폐기물]",observation,bgd-v158-a-011-obs-00221,A-011_emissions_sector_industrial_processes,BGD,1970,1970,1970,,,,0.444254,Mt CO2eq,,,,,,"[기타 온실가스 처리 및 대체 기술 (Other GHG treatment)] [산업공정(IPPU)] European Commission, Joint Research Centre (JRC) — EDGAR 「EDGAR GHG_Processes」 기준. Mt CO2eq (GWP-100 AR5). IPCC 2006 코드 2.A.1, 2.A.2, 2.A.3, 2.A.4, 2.B, 2.C, 2.D, 2.E, 2.F, 2.G, 2.H.","European Commission, Joint Research Centre (JRC) — EDGAR",https://edgar.jrc.ec.europa.eu/dataset_ghg2025,CC BY 4.0,"A-011_GHG 배출량[에너지, 산업공정, 농업, 폐기물].xlsx",1.1_observation(측정값),224,BGD-ALL-DATA-DISPLAY-2026-09-29,
A-011,"GHG 배출량[에너지, 산업공정, 농업, 폐기물]",observation,bgd-v158-a-011-obs-00222,A-011_emissions_sector_industrial_processes,BGD,1971,1971,1971,,,,0.45064,Mt CO2eq,,,,,,"[기타 온실가스 처리 및 대체 기술 (Other GHG treatment)] [산업공정(IPPU)] European Commission, Joint Research Centre (JRC) — EDGAR 「EDGAR GHG_Processes」 기준. Mt CO2eq (GWP-100 AR5). IPCC 2006 코드 2.A.1, 2.A.2, 2.A.3, 2.A.4, 2.B, 2.C, 2.D, 2.E, 2.F, 2.G, 2.H.","European Commission, Joint Research Centre (JRC) — EDGAR",https://edgar.jrc.ec.europa.eu/dataset_ghg2025,CC BY 4.0,"A-011_GHG 배출량[에너지, 산업공정, 농업, 폐기물].xlsx",1.1_observation(측정값),225,BGD-ALL-DATA-DISPLAY-2026-09-29,
A-011,"GHG 배출량[에너지, 산업공정, 농업, 폐기물]",observation,bgd-v158-a-011-obs-00223,A-011_emissions_sector_industrial_processes,BGD,1972,1972,1972,,,,0.580041,Mt CO2eq,,,,,,"[기타 온실가스 처리 및 대체 기술 (Other GHG treatment)] [산업공정(IPPU)] European Commission, Joint Research Centre (JRC) — EDGAR 「EDGAR GHG_Processes」 기준. Mt CO2eq (GWP-100 AR5). IPCC 2006 코드 2.A.1, 2.A.2, 2.A.3, 2.A.4, 2.B, 2.C, 2.D, 2.E, 2.F, 2.G, 2.H.","European Commission, Joint Research Centre (JRC) — EDGAR",https://edgar.jrc.ec.europa.eu/dataset_ghg2025,CC BY 4.0,"A-011_GHG 배출량[에너지, 산업공정, 농업, 폐기물].xlsx",1.1_observation(측정값),226,BGD-ALL-DATA-DISPLAY-2026-09-29,
A-011,"GHG 배출량[에너지, 산업공정, 농업, 폐기물]",observation,bgd-v158-a-011-obs-00224,A-011_emissions_sector_industrial_processes,BGD,1973,1973,1973,,,,0.680593,Mt CO2eq,,,,,,"[기타 온실가스 처리 및 대체 기술 (Other GHG treatment)] [산업공정(IPPU)] European Commission, Joint Research Centre (JRC) — EDGAR 「EDGAR GHG_Processes」 기준. Mt CO2eq (GWP-100 AR5). IPCC 2006 코드 2.A.1, 2.A.2, 2.A.3, 2.A.4, 2.B, 2.C, 2.D, 2.E, 2.F, 2.G, 2.H.","European Commission, Joint Research Centre (JRC) — EDGAR",https://edgar.jrc.ec.europa.eu/dataset_ghg2025,CC BY 4.0,"A-011_GHG 배출량[에너지, 산업공정, 농업, 폐기물].xlsx",1.1_observation(측정값),227,BGD-ALL-DATA-DISPLAY-2026-09-29,
A-011,"GHG 배출량[에너지, 산업공정, 농업, 폐기물]",observation,bgd-v158-a-011-obs-00225,A-011_emissions_sector_industrial_processes,BGD,1974,1974,1974,,,,0.494638,Mt CO2eq,,,,,,"[기타 온실가스 처리 및 대체 기술 (Other GHG treatment)] [산업공정(IPPU)] European Commission, Joint Research Centre (JRC) — EDGAR 「EDGAR GHG_Processes」 기준. Mt CO2eq (GWP-100 AR5). IPCC 2006 코드 2.A.1, 2.A.2, 2.A.3, 2.A.4, 2.B, 2.C, 2.D, 2.E, 2.F, 2.G, 2.H.","European Commission, Joint Research Centre (JRC) — EDGAR",https://edgar.jrc.ec.europa.eu/dataset_ghg2025,CC BY 4.0,"A-011_GHG 배출량[에너지, 산업공정, 농업, 폐기물].xlsx",1.1_observation(측정값),228,BGD-ALL-DATA-DISPLAY-2026-09-29,
A-011,"GHG 배출량[에너지, 산업공정, 농업, 폐기물]",observation,bgd-v158-a-011-obs-00226,A-011_emissions_sector_industrial_processes,BGD,1975,1975,1975,,,,0.745005,Mt CO2eq,,,,,,"[기타 온실가스 처리 및 대체 기술 (Other GHG treatment)] [산업공정(IPPU)] European Commission, Joint Research Centre (JRC) — EDGAR 「EDGAR GHG_Processes」 기준. Mt CO2eq (GWP-100 AR5). IPCC 2006 코드 2.A.1, 2.A.2, 2.A.3, 2.A.4, 2.B, 2.C, 2.D, 2.E, 2.F, 2.G, 2.H.","European Commission, Joint Research Centre (JRC) — EDGAR",https://edgar.jrc.ec.europa.eu/dataset_ghg2025,CC BY 4.0,"A-011_GHG 배출량[에너지, 산업공정, 농업, 폐기물].xlsx",1.1_observation(측정값),229,BGD-ALL-DATA-DISPLAY-2026-09-29,
A-011,"GHG 배출량[에너지, 산업공정, 농업, 폐기물]",observation,bgd-v158-a-011-obs-00227,A-011_emissions_sector_industrial_processes,BGD,1976,1976,1976,,,,0.821813,Mt CO2eq,,,,,,"[기타 온실가스 처리 및 대체 기술 (Other GHG treatment)] [산업공정(IPPU)] European Commission, Joint Research Centre (JRC) — EDGAR 「EDGAR GHG_Processes」 기준. Mt CO2eq (GWP-100 AR5). IPCC 2006 코드 2.A.1, 2.A.2, 2.A.3, 2.A.4, 2.B, 2.C, 2.D, 2.E, 2.F, 2.G, 2.H.","European Commission, Joint Research Centre (JRC) — EDGAR",https://edgar.jrc.ec.europa.eu/dataset_ghg2025,CC BY 4.0,"A-011_GHG 배출량[에너지, 산업공정, 농업, 폐기물].xlsx",1.1_observation(측정값),230,BGD-ALL-DATA-DISPLAY-2026-09-29,
A-011,"GHG 배출량[에너지, 산업공정, 농업, 폐기물]",observation,bgd-v158-a-011-obs-00228,A-011_emissions_sector_industrial_processes,BGD,1977,1977,1977,,,,0.786834,Mt CO2eq,,,,,,"[기타 온실가스 처리 및 대체 기술 (Other GHG treatment)] [산업공정(IPPU)] European Commission, Joint Research Centre (JRC) — EDGAR 「EDGAR GHG_Processes」 기준. Mt CO2eq (GWP-100 AR5). IPCC 2006 코드 2.A.1, 2.A.2, 2.A.3, 2.A.4, 2.B, 2.C, 2.D, 2.E, 2.F, 2.G, 2.H.","European Commission, Joint Research Centre (JRC) — EDGAR",https://edgar.jrc.ec.europa.eu/dataset_ghg2025,CC BY 4.0,"A-011_GHG 배출량[에너지, 산업공정, 농업, 폐기물].xlsx",1.1_observation(측정값),231,BGD-ALL-DATA-DISPLAY-2026-09-29,
A-011,"GHG 배출량[에너지, 산업공정, 농업, 폐기물]",observation,bgd-v158-a-011-obs-00229,A-011_emissions_sector_industrial_processes,BGD,1978,1978,1978,,,,0.817492,Mt CO2eq,,,,,,"[기타 온실가스 처리 및 대체 기술 (Other GHG treatment)] [산업공정(IPPU)] European Commission, Joint Research Centre (JRC) — EDGAR 「EDGAR GHG_Processes」 기준. Mt CO2eq (GWP-100 AR5). IPCC 2006 코드 2.A.1, 2.A.2, 2.A.3, 2.A.4, 2.B, 2.C, 2.D, 2.E, 2.F, 2.G, 2.H.","European Commission, Joint Research Centre (JRC) — EDGAR",https://edgar.jrc.ec.europa.eu/dataset_ghg2025,CC BY 4.0,"A-011_GHG 배출량[에너지, 산업공정, 농업, 폐기물].xlsx",1.1_observation(측정값),232,BGD-ALL-DATA-DISPLAY-2026-09-29,
A-011,"GHG 배출량[에너지, 산업공정, 농업, 폐기물]",observation,bgd-v158-a-011-obs-00230,A-011_emissions_sector_industrial_processes,BGD,1979,1979,1979,,,,0.961752,Mt CO2eq,,,,,,"[기타 온실가스 처리 및 대체 기술 (Other GHG treatment)] [산업공정(IPPU)] European Commission, Joint Research Centre (JRC) — EDGAR 「EDGAR GHG_Processes」 기준. Mt CO2eq (GWP-100 AR5). IPCC 2006 코드 2.A.1, 2.A.2, 2.A.3, 2.A.4, 2.B, 2.C, 2.D, 2.E, 2.F, 2.G, 2.H.","European Commission, Joint Research Centre (JRC) — EDGAR",https://edgar.jrc.ec.europa.eu/dataset_ghg2025,CC BY 4.0,"A-011_GHG 배출량[에너지, 산업공정, 농업, 폐기물].xlsx",1.1_observation(측정값),233,BGD-ALL-DATA-DISPLAY-2026-09-29,
A-011,"GHG 배출량[에너지, 산업공정, 농업, 폐기물]",observation,bgd-v158-a-011-obs-00231,A-011_emissions_sector_industrial_processes,BGD,1980,1980,1980,,,,0.917554,Mt CO2eq,,,,,,"[기타 온실가스 처리 및 대체 기술 (Other GHG treatment)] [산업공정(IPPU)] European Commission, Joint Research Centre (JRC) — EDGAR 「EDGAR GHG_Processes」 기준. Mt CO2eq (GWP-100 AR5). IPCC 2006 코드 2.A.1, 2.A.2, 2.A.3, 2.A.4, 2.B, 2.C, 2.D, 2.E, 2.F, 2.G, 2.H.","European Commission, Joint Research Centre (JRC) — EDGAR",https://edgar.jrc.ec.europa.eu/dataset_ghg2025,CC BY 4.0,"A-011_GHG 배출량[에너지, 산업공정, 농업, 폐기물].xlsx",1.1_observation(측정값),234,BGD-ALL-DATA-DISPLAY-2026-09-29,
A-011,"GHG 배출량[에너지, 산업공정, 농업, 폐기물]",observation,bgd-v158-a-011-obs-00232,A-011_emissions_sector_industrial_processes,BGD,1981,1981,1981,,,,0.943702,Mt CO2eq,,,,,,"[기타 온실가스 처리 및 대체 기술 (Other GHG treatment)] [산업공정(IPPU)] European Commission, Joint Research Centre (JRC) — EDGAR 「EDGAR GHG_Processes」 기준. Mt CO2eq (GWP-100 AR5). IPCC 2006 코드 2.A.1, 2.A.2, 2.A.3, 2.A.4, 2.B, 2.C, 2.D, 2.E, 2.F, 2.G, 2.H.","European Commission, Joint Research Centre (JRC) — EDGAR",https://edgar.jrc.ec.europa.eu/dataset_ghg2025,CC BY 4.0,"A-011_GHG 배출량[에너지, 산업공정, 농업, 폐기물].xlsx",1.1_observation(측정값),235,BGD-ALL-DATA-DISPLAY-2026-09-29,
A-011,"GHG 배출량[에너지, 산업공정, 농업, 폐기물]",observation,bgd-v158-a-011-obs-00233,A-011_emissions_sector_industrial_processes,BGD,1982,1982,1982,,,,1.016113,Mt CO2eq,,,,,,"[기타 온실가스 처리 및 대체 기술 (Other GHG treatment)] [산업공정(IPPU)] European Commission, Joint Research Centre (JRC) — EDGAR 「EDGAR GHG_Processes」 기준. Mt CO2eq (GWP-100 AR5). IPCC 2006 코드 2.A.1, 2.A.2, 2.A.3, 2.A.4, 2.B, 2.C, 2.D, 2.E, 2.F, 2.G, 2.H.","European Commission, Joint Research Centre (JRC) — EDGAR",https://edgar.jrc.ec.europa.eu/dataset_ghg2025,CC BY 4.0,"A-011_GHG 배출량[에너지, 산업공정, 농업, 폐기물].xlsx",1.1_observation(측정값),236,BGD-ALL-DATA-DISPLAY-2026-09-29,
A-011,"GHG 배출량[에너지, 산업공정, 농업, 폐기물]",observation,bgd-v158-a-011-obs-00234,A-011_emissions_sector_industrial_processes,BGD,1983,1983,1983,,,,0.993547,Mt CO2eq,,,,,,"[기타 온실가스 처리 및 대체 기술 (Other GHG treatment)] [산업공정(IPPU)] European Commission, Joint Research Centre (JRC) — EDGAR 「EDGAR GHG_Processes」 기준. Mt CO2eq (GWP-100 AR5). IPCC 2006 코드 2.A.1, 2.A.2, 2.A.3, 2.A.4, 2.B, 2.C, 2.D, 2.E, 2.F, 2.G, 2.H.","European Commission, Joint Research Centre (JRC) — EDGAR",https://edgar.jrc.ec.europa.eu/dataset_ghg2025,CC BY 4.0,"A-011_GHG 배출량[에너지, 산업공정, 농업, 폐기물].xlsx",1.1_observation(측정값),237,BGD-ALL-DATA-DISPLAY-2026-09-29,
A-011,"GHG 배출량[에너지, 산업공정, 농업, 폐기물]",observation,bgd-v158-a-011-obs-00235,A-011_emissions_sector_industrial_processes,BGD,1984,1984,1984,,,,1.357466,Mt CO2eq,,,,,,"[기타 온실가스 처리 및 대체 기술 (Other GHG treatment)] [산업공정(IPPU)] European Commission, Joint Research Centre (JRC) — EDGAR 「EDGAR GHG_Processes」 기준. Mt CO2eq (GWP-100 AR5). IPCC 2006 코드 2.A.1, 2.A.2, 2.A.3, 2.A.4, 2.B, 2.C, 2.D, 2.E, 2.F, 2.G, 2.H.","European Commission, Joint Research Centre (JRC) — EDGAR",https://edgar.jrc.ec.europa.eu/dataset_ghg2025,CC BY 4.0,"A-011_GHG 배출량[에너지, 산업공정, 농업, 폐기물].xlsx",1.1_observation(측정값),238,BGD-ALL-DATA-DISPLAY-2026-09-29,
A-011,"GHG 배출량[에너지, 산업공정, 농업, 폐기물]",observation,bgd-v158-a-011-obs-00236,A-011_emissions_sector_industrial_processes,BGD,1985,1985,1985,,,,1.349662,Mt CO2eq,,,,,,"[기타 온실가스 처리 및 대체 기술 (Other GHG treatment)] [산업공정(IPPU)] European Commission, Joint Research Centre (JRC) — EDGAR 「EDGAR GHG_Processes」 기준. Mt CO2eq (GWP-100 AR5). IPCC 2006 코드 2.A.1, 2.A.2, 2.A.3, 2.A.4, 2.B, 2.C, 2.D, 2.E, 2.F, 2.G, 2.H.","European Commission, Joint Research Centre (JRC) — EDGAR",https://edgar.jrc.ec.europa.eu/dataset_ghg2025,CC BY 4.0,"A-011_GHG 배출량[에너지, 산업공정, 농업, 폐기물].xlsx",1.1_observation(측정값),239,BGD-ALL-DATA-DISPLAY-2026-09-29,
A-011,"GHG 배출량[에너지, 산업공정, 농업, 폐기물]",observation,bgd-v158-a-011-obs-00237,A-011_emissions_sector_industrial_processes,BGD,1986,1986,1986,,,,1.480039,Mt CO2eq,,,,,,"[기타 온실가스 처리 및 대체 기술 (Other GHG treatment)] [산업공정(IPPU)] European Commission, Joint Research Centre (JRC) — EDGAR 「EDGAR GHG_Processes」 기준. Mt CO2eq (GWP-100 AR5). IPCC 2006 코드 2.A.1, 2.A.2, 2.A.3, 2.A.4, 2.B, 2.C, 2.D, 2.E, 2.F, 2.G, 2.H.","European Commission, Joint Research Centre (JRC) — EDGAR",https://edgar.jrc.ec.europa.eu/dataset_ghg2025,CC BY 4.0,"A-011_GHG 배출량[에너지, 산업공정, 농업, 폐기물].xlsx",1.1_observation(측정값),240,BGD-ALL-DATA-DISPLAY-2026-09-29,
A-011,"GHG 배출량[에너지, 산업공정, 농업, 폐기물]",observation,bgd-v158-a-011-obs-00238,A-011_emissions_sector_industrial_processes,BGD,1987,1987,1987,,,,1.494653,Mt CO2eq,,,,,,"[기타 온실가스 처리 및 대체 기술 (Other GHG treatment)] [산업공정(IPPU)] European Commission, Joint Research Centre (JRC) — EDGAR 「EDGAR GHG_Processes」 기준. Mt CO2eq (GWP-100 AR5). IPCC 2006 코드 2.A.1, 2.A.2, 2.A.3, 2.A.4, 2.B, 2.C, 2.D, 2.E, 2.F, 2.G, 2.H.","European Commission, Joint Research Centre (JRC) — EDGAR",https://edgar.jrc.ec.europa.eu/dataset_ghg2025,CC BY 4.0,"A-011_GHG 배출량[에너지, 산업공정, 농업, 폐기물].xlsx",1.1_observation(측정값),241,BGD-ALL-DATA-DISPLAY-2026-09-29,
A-011,"GHG 배출량[에너지, 산업공정, 농업, 폐기물]",observation,bgd-v158-a-011-obs-00239,A-011_emissions_sector_industrial_processes,BGD,1988,1988,1988,,,,2.081597,Mt CO2eq,,,,,,"[기타 온실가스 처리 및 대체 기술 (Other GHG treatment)] [산업공정(IPPU)] European Commission, Joint Research Centre (JRC) — EDGAR 「EDGAR GHG_Processes」 기준. Mt CO2eq (GWP-100 AR5). IPCC 2006 코드 2.A.1, 2.A.2, 2.A.3, 2.A.4, 2.B, 2.C, 2.D, 2.E, 2.F, 2.G, 2.H.","European Commission, Joint Research Centre (JRC) — EDGAR",https://edgar.jrc.ec.europa.eu/dataset_ghg2025,CC BY 4.0,"A-011_GHG 배출량[에너지, 산업공정, 농업, 폐기물].xlsx",1.1_observation(측정값),242,BGD-ALL-DATA-DISPLAY-2026-09-29,
A-011,"GHG 배출량[에너지, 산업공정, 농업, 폐기물]",observation,bgd-v158-a-011-obs-00240,A-011_emissions_sector_industrial_processes,BGD,1989,1989,1989,,,,2.381621,Mt CO2eq,,,,,,"[기타 온실가스 처리 및 대체 기술 (Other GHG treatment)] [산업공정(IPPU)] European Commission, Joint Research Centre (JRC) — EDGAR 「EDGAR GHG_Processes」 기준. Mt CO2eq (GWP-100 AR5). IPCC 2006 코드 2.A.1, 2.A.2, 2.A.3, 2.A.4, 2.B, 2.C, 2.D, 2.E, 2.F, 2.G, 2.H.","European Commission, Joint Research Centre (JRC) — EDGAR",https://edgar.jrc.ec.europa.eu/dataset_ghg2025,CC BY 4.0,"A-011_GHG 배출량[에너지, 산업공정, 농업, 폐기물].xlsx",1.1_observation(측정값),243,BGD-ALL-DATA-DISPLAY-2026-09-29,
A-011,"GHG 배출량[에너지, 산업공정, 농업, 폐기물]",observation,bgd-v158-a-011-obs-00241,A-011_emissions_sector_industrial_processes,BGD,1990,1990,1990,,,,2.226428,Mt CO2eq,,,,,,"[기타 온실가스 처리 및 대체 기술 (Other GHG treatment)] [산업공정(IPPU)] European Commission, Joint Research Centre (JRC) — EDGAR 「EDGAR GHG_Processes」 기준. Mt CO2eq (GWP-100 AR5). IPCC 2006 코드 2.A.1, 2.A.2, 2.A.3, 2.A.4, 2.B, 2.C, 2.D, 2.E, 2.F, 2.G, 2.H.","European Commission, Joint Research Centre (JRC) — EDGAR",https://edgar.jrc.ec.europa.eu/dataset_ghg2025,CC BY 4.0,"A-011_GHG 배출량[에너지, 산업공정, 농업, 폐기물].xlsx",1.1_observation(측정값),244,BGD-ALL-DATA-DISPLAY-2026-09-29,
A-011,"GHG 배출량[에너지, 산업공정, 농업, 폐기물]",observation,bgd-v158-a-011-obs-00242,A-011_emissions_sector_industrial_processes,BGD,1991,1991,1991,,,,2.035974,Mt CO2eq,,,,,,"[기타 온실가스 처리 및 대체 기술 (Other GHG treatment)] [산업공정(IPPU)] European Commission, Joint Research Centre (JRC) — EDGAR 「EDGAR GHG_Processes」 기준. Mt CO2eq (GWP-100 AR5). IPCC 2006 코드 2.A.1, 2.A.2, 2.A.3, 2.A.4, 2.B, 2.C, 2.D, 2.E, 2.F, 2.G, 2.H.","European Commission, Joint Research Centre (JRC) — EDGAR",https://edgar.jrc.ec.europa.eu/dataset_ghg2025,CC BY 4.0,"A-011_GHG 배출량[에너지, 산업공정, 농업, 폐기물].xlsx",1.1_observation(측정값),245,BGD-ALL-DATA-DISPLAY-2026-09-29,
A-011,"GHG 배출량[에너지, 산업공정, 농업, 폐기물]",observation,bgd-v158-a-011-obs-00243,A-011_emissions_sector_industrial_processes,BGD,1992,1992,1992,,,,2.662817,Mt CO2eq,,,,,,"[기타 온실가스 처리 및 대체 기술 (Other GHG treatment)] [산업공정(IPPU)] European Commission, Joint Research Centre (JRC) — EDGAR 「EDGAR GHG_Processes」 기준. Mt CO2eq (GWP-100 AR5). IPCC 2006 코드 2.A.1, 2.A.2, 2.A.3, 2.A.4, 2.B, 2.C, 2.D, 2.E, 2.F, 2.G, 2.H.","European Commission, Joint Research Centre (JRC) — EDGAR",https://edgar.jrc.ec.europa.eu/dataset_ghg2025,CC BY 4.0,"A-011_GHG 배출량[에너지, 산업공정, 농업, 폐기물].xlsx",1.1_observation(측정값),246,BGD-ALL-DATA-DISPLAY-2026-09-29,
A-011,"GHG 배출량[에너지, 산업공정, 농업, 폐기물]",observation,bgd-v158-a-011-obs-00244,A-011_emissions_sector_industrial_processes,BGD,1993,1993,1993,,,,2.742953,Mt CO2eq,,,,,,"[기타 온실가스 처리 및 대체 기술 (Other GHG treatment)] [산업공정(IPPU)] European Commission, Joint Research Centre (JRC) — EDGAR 「EDGAR GHG_Processes」 기준. Mt CO2eq (GWP-100 AR5). IPCC 2006 코드 2.A.1, 2.A.2, 2.A.3, 2.A.4, 2.B, 2.C, 2.D, 2.E, 2.F, 2.G, 2.H.","European Commission, Joint Research Centre (JRC) — EDGAR",https://edgar.jrc.ec.europa.eu/dataset_ghg2025,CC BY 4.0,"A-011_GHG 배출량[에너지, 산업공정, 농업, 폐기물].xlsx",1.1_observation(측정값),247,BGD-ALL-DATA-DISPLAY-2026-09-29,
A-011,"GHG 배출량[에너지, 산업공정, 농업, 폐기물]",observation,bgd-v158-a-011-obs-00245,A-011_emissions_sector_industrial_processes,BGD,1994,1994,1994,,,,2.976438,Mt CO2eq,,,,,,"[기타 온실가스 처리 및 대체 기술 (Other GHG treatment)] [산업공정(IPPU)] European Commission, Joint Research Centre (JRC) — EDGAR 「EDGAR GHG_Processes」 기준. Mt CO2eq (GWP-100 AR5). IPCC 2006 코드 2.A.1, 2.A.2, 2.A.3, 2.A.4, 2.B, 2.C, 2.D, 2.E, 2.F, 2.G, 2.H.","European Commission, Joint Research Centre (JRC) — EDGAR",https://edgar.jrc.ec.europa.eu/dataset_ghg2025,CC BY 4.0,"A-011_GHG 배출량[에너지, 산업공정, 농업, 폐기물].xlsx",1.1_observation(측정값),248,BGD-ALL-DATA-DISPLAY-2026-09-29,
A-011,"GHG 배출량[에너지, 산업공정, 농업, 폐기물]",observation,bgd-v158-a-011-obs-00246,A-011_emissions_sector_industrial_processes,BGD,1995,1995,1995,,,,3.607357,Mt CO2eq,,,,,,"[기타 온실가스 처리 및 대체 기술 (Other GHG treatment)] [산업공정(IPPU)] European Commission, Joint Research Centre (JRC) — EDGAR 「EDGAR GHG_Processes」 기준. Mt CO2eq (GWP-100 AR5). IPCC 2006 코드 2.A.1, 2.A.2, 2.A.3, 2.A.4, 2.B, 2.C, 2.D, 2.E, 2.F, 2.G, 2.H.","European Commission, Joint Research Centre (JRC) — EDGAR",https://edgar.jrc.ec.europa.eu/dataset_ghg2025,CC BY 4.0,"A-011_GHG 배출량[에너지, 산업공정, 농업, 폐기물].xlsx",1.1_observation(측정값),249,BGD-ALL-DATA-DISPLAY-2026-09-29,
A-011,"GHG 배출량[에너지, 산업공정, 농업, 폐기물]",observation,bgd-v158-a-011-obs-00247,A-011_emissions_sector_industrial_processes,BGD,1996,1996,1996,,,,3.698174,Mt CO2eq,,,,,,"[기타 온실가스 처리 및 대체 기술 (Other GHG treatment)] [산업공정(IPPU)] European Commission, Joint Research Centre (JRC) — EDGAR 「EDGAR GHG_Processes」 기준. Mt CO2eq (GWP-100 AR5). IPCC 2006 코드 2.A.1, 2.A.2, 2.A.3, 2.A.4, 2.B, 2.C, 2.D, 2.E, 2.F, 2.G, 2.H.","European Commission, Joint Research Centre (JRC) — EDGAR",https://edgar.jrc.ec.europa.eu/dataset_ghg2025,CC BY 4.0,"A-011_GHG 배출량[에너지, 산업공정, 농업, 폐기물].xlsx",1.1_observation(측정값),250,BGD-ALL-DATA-DISPLAY-2026-09-29,
A-011,"GHG 배출량[에너지, 산업공정, 농업, 폐기물]",observation,bgd-v158-a-011-obs-00248,A-011_emissions_sector_industrial_processes,BGD,1997,1997,1997,,,,3.500336,Mt CO2eq,,,,,,"[기타 온실가스 처리 및 대체 기술 (Other GHG treatment)] [산업공정(IPPU)] European Commission, Joint Research Centre (JRC) — EDGAR 「EDGAR GHG_Processes」 기준. Mt CO2eq (GWP-100 AR5). IPCC 2006 코드 2.A.1, 2.A.2, 2.A.3, 2.A.4, 2.B, 2.C, 2.D, 2.E, 2.F, 2.G, 2.H.","European Commission, Joint Research Centre (JRC) — EDGAR",https://edgar.jrc.ec.europa.eu/dataset_ghg2025,CC BY 4.0,"A-011_GHG 배출량[에너지, 산업공정, 농업, 폐기물].xlsx",1.1_observation(측정값),251,BGD-ALL-DATA-DISPLAY-2026-09-29,
A-011,"GHG 배출량[에너지, 산업공정, 농업, 폐기물]",observation,bgd-v158-a-011-obs-00249,A-011_emissions_sector_industrial_processes,BGD,1998,1998,1998,,,,3.787749,Mt CO2eq,,,,,,"[기타 온실가스 처리 및 대체 기술 (Other GHG treatment)] [산업공정(IPPU)] European Commission, Joint Research Centre (JRC) — EDGAR 「EDGAR GHG_Processes」 기준. Mt CO2eq (GWP-100 AR5). IPCC 2006 코드 2.A.1, 2.A.2, 2.A.3, 2.A.4, 2.B, 2.C, 2.D, 2.E, 2.F, 2.G, 2.H.","European Commission, Joint Research Centre (JRC) — EDGAR",https://edgar.jrc.ec.europa.eu/dataset_ghg2025,CC BY 4.0,"A-011_GHG 배출량[에너지, 산업공정, 농업, 폐기물].xlsx",1.1_observation(측정값),252,BGD-ALL-DATA-DISPLAY-2026-09-29,
A-011,"GHG 배출량[에너지, 산업공정, 농업, 폐기물]",observation,bgd-v158-a-011-obs-00250,A-011_emissions_sector_industrial_processes,BGD,1999,1999,1999,,,,4.575117,Mt CO2eq,,,,,,"[기타 온실가스 처리 및 대체 기술 (Other GHG treatment)] [산업공정(IPPU)] European Commission, Joint Research Centre (JRC) — EDGAR 「EDGAR GHG_Processes」 기준. Mt CO2eq (GWP-100 AR5). IPCC 2006 코드 2.A.1, 2.A.2, 2.A.3, 2.A.4, 2.B, 2.C, 2.D, 2.E, 2.F, 2.G, 2.H.","European Commission, Joint Research Centre (JRC) — EDGAR",https://edgar.jrc.ec.europa.eu/dataset_ghg2025,CC BY 4.0,"A-011_GHG 배출량[에너지, 산업공정, 농업, 폐기물].xlsx",1.1_observation(측정값),253,BGD-ALL-DATA-DISPLAY-2026-09-29,
A-011,"GHG 배출량[에너지, 산업공정, 농업, 폐기물]",observation,bgd-v158-a-011-obs-00251,A-011_emissions_sector_industrial_processes,BGD,2000,2000,2000,,,,5.541982,Mt CO2eq,,,,,,"[기타 온실가스 처리 및 대체 기술 (Other GHG treatment)] [산업공정(IPPU)] European Commission, Joint Research Centre (JRC) — EDGAR 「EDGAR GHG_Processes」 기준. Mt CO2eq (GWP-100 AR5). IPCC 2006 코드 2.A.1, 2.A.2, 2.A.3, 2.A.4, 2.B, 2.C, 2.D, 2.E, 2.F, 2.G, 2.H.","European Commission, Joint Research Centre (JRC) — EDGAR",https://edgar.jrc.ec.europa.eu/dataset_ghg2025,CC BY 4.0,"A-011_GHG 배출량[에너지, 산업공정, 농업, 폐기물].xlsx",1.1_observation(측정값),254,BGD-ALL-DATA-DISPLAY-2026-09-29,
A-011,"GHG 배출량[에너지, 산업공정, 농업, 폐기물]",observation,bgd-v158-a-011-obs-00252,A-011_emissions_sector_industrial_processes,BGD,2001,2001,2001,,,,6.437684,Mt CO2eq,,,,,,"[기타 온실가스 처리 및 대체 기술 (Other GHG treatment)] [산업공정(IPPU)] European Commission, Joint Research Centre (JRC) — EDGAR 「EDGAR GHG_Processes」 기준. Mt CO2eq (GWP-100 AR5). IPCC 2006 코드 2.A.1, 2.A.2, 2.A.3, 2.A.4, 2.B, 2.C, 2.D, 2.E, 2.F, 2.G, 2.H.","European Commission, Joint Research Centre (JRC) — EDGAR",https://edgar.jrc.ec.europa.eu/dataset_ghg2025,CC BY 4.0,"A-011_GHG 배출량[에너지, 산업공정, 농업, 폐기물].xlsx",1.1_observation(측정값),255,BGD-ALL-DATA-DISPLAY-2026-09-29,
A-011,"GHG 배출량[에너지, 산업공정, 농업, 폐기물]",observation,bgd-v158-a-011-obs-00253,A-011_emissions_sector_industrial_processes,BGD,2002,2002,2002,,,,6.555888,Mt CO2eq,,,,,,"[기타 온실가스 처리 및 대체 기술 (Other GHG treatment)] [산업공정(IPPU)] European Commission, Joint Research Centre (JRC) — EDGAR 「EDGAR GHG_Processes」 기준. Mt CO2eq (GWP-100 AR5). IPCC 2006 코드 2.A.1, 2.A.2, 2.A.3, 2.A.4, 2.B, 2.C, 2.D, 2.E, 2.F, 2.G, 2.H.","European Commission, Joint Research Centre (JRC) — EDGAR",https://edgar.jrc.ec.europa.eu/dataset_ghg2025,CC BY 4.0,"A-011_GHG 배출량[에너지, 산업공정, 농업, 폐기물].xlsx",1.1_observation(측정값),256,BGD-ALL-DATA-DISPLAY-2026-09-29,
A-011,"GHG 배출량[에너지, 산업공정, 농업, 폐기물]",observation,bgd-v158-a-011-obs-00254,A-011_emissions_sector_industrial_processes,BGD,2003,2003,2003,,,,6.818057,Mt CO2eq,,,,,,"[기타 온실가스 처리 및 대체 기술 (Other GHG treatment)] [산업공정(IPPU)] European Commission, Joint Research Centre (JRC) — EDGAR 「EDGAR GHG_Processes」 기준. Mt CO2eq (GWP-100 AR5). IPCC 2006 코드 2.A.1, 2.A.2, 2.A.3, 2.A.4, 2.B, 2.C, 2.D, 2.E, 2.F, 2.G, 2.H.","European Commission, Joint Research Centre (JRC) — EDGAR",https://edgar.jrc.ec.europa.eu/dataset_ghg2025,CC BY 4.0,"A-011_GHG 배출량[에너지, 산업공정, 농업, 폐기물].xlsx",1.1_observation(측정값),257,BGD-ALL-DATA-DISPLAY-2026-09-29,
A-011,"GHG 배출량[에너지, 산업공정, 농업, 폐기물]",observation,bgd-v158-a-011-obs-00255,A-011_emissions_sector_industrial_processes,BGD,2004,2004,2004,,,,6.862407,Mt CO2eq,,,,,,"[기타 온실가스 처리 및 대체 기술 (Other GHG treatment)] [산업공정(IPPU)] European Commission, Joint Research Centre (JRC) — EDGAR 「EDGAR GHG_Processes」 기준. Mt CO2eq (GWP-100 AR5). IPCC 2006 코드 2.A.1, 2.A.2, 2.A.3, 2.A.4, 2.B, 2.C, 2.D, 2.E, 2.F, 2.G, 2.H.","European Commission, Joint Research Centre (JRC) — EDGAR",https://edgar.jrc.ec.europa.eu/dataset_ghg2025,CC BY 4.0,"A-011_GHG 배출량[에너지, 산업공정, 농업, 폐기물].xlsx",1.1_observation(측정값),258,BGD-ALL-DATA-DISPLAY-2026-09-29,
A-011,"GHG 배출량[에너지, 산업공정, 농업, 폐기물]",observation,bgd-v158-a-011-obs-00256,A-011_emissions_sector_industrial_processes,BGD,2005,2005,2005,,,,7.228689,Mt CO2eq,,,,,,"[기타 온실가스 처리 및 대체 기술 (Other GHG treatment)] [산업공정(IPPU)] European Commission, Joint Research Centre (JRC) — EDGAR 「EDGAR GHG_Processes」 기준. Mt CO2eq (GWP-100 AR5). IPCC 2006 코드 2.A.1, 2.A.2, 2.A.3, 2.A.4, 2.B, 2.C, 2.D, 2.E, 2.F, 2.G, 2.H.","European Commission, Joint Research Centre (JRC) — EDGAR",https://edgar.jrc.ec.europa.eu/dataset_ghg2025,CC BY 4.0,"A-011_GHG 배출량[에너지, 산업공정, 농업, 폐기물].xlsx",1.1_observation(측정값),259,BGD-ALL-DATA-DISPLAY-2026-09-29,
A-011,"GHG 배출량[에너지, 산업공정, 농업, 폐기물]",observation,bgd-v158-a-011-obs-00257,A-011_emissions_sector_industrial_processes,BGD,2006,2006,2006,,,,7.021066,Mt CO2eq,,,,,,"[기타 온실가스 처리 및 대체 기술 (Other GHG treatment)] [산업공정(IPPU)] European Commission, Joint Research Centre (JRC) — EDGAR 「EDGAR GHG_Processes」 기준. Mt CO2eq (GWP-100 AR5). IPCC 2006 코드 2.A.1, 2.A.2, 2.A.3, 2.A.4, 2.B, 2.C, 2.D, 2.E, 2.F, 2.G, 2.H.","European Commission, Joint Research Centre (JRC) — EDGAR",https://edgar.jrc.ec.europa.eu/dataset_ghg2025,CC BY 4.0,"A-011_GHG 배출량[에너지, 산업공정, 농업, 폐기물].xlsx",1.1_observation(측정값),260,BGD-ALL-DATA-DISPLAY-2026-09-29,
A-011,"GHG 배출량[에너지, 산업공정, 농업, 폐기물]",observation,bgd-v158-a-011-obs-00258,A-011_emissions_sector_industrial_processes,BGD,2007,2007,2007,,,,7.211063,Mt CO2eq,,,,,,"[기타 온실가스 처리 및 대체 기술 (Other GHG treatment)] [산업공정(IPPU)] European Commission, Joint Research Centre (JRC) — EDGAR 「EDGAR GHG_Processes」 기준. Mt CO2eq (GWP-100 AR5). IPCC 2006 코드 2.A.1, 2.A.2, 2.A.3, 2.A.4, 2.B, 2.C, 2.D, 2.E, 2.F, 2.G, 2.H.","European Commission, Joint Research Centre (JRC) — EDGAR",https://edgar.jrc.ec.europa.eu/dataset_ghg2025,CC BY 4.0,"A-011_GHG 배출량[에너지, 산업공정, 농업, 폐기물].xlsx",1.1_observation(측정값),261,BGD-ALL-DATA-DISPLAY-2026-09-29,
A-011,"GHG 배출량[에너지, 산업공정, 농업, 폐기물]",observation,bgd-v158-a-011-obs-00259,A-011_emissions_sector_industrial_processes,BGD,2008,2008,2008,,,,9.207861,Mt CO2eq,,,,,,"[기타 온실가스 처리 및 대체 기술 (Other GHG treatment)] [산업공정(IPPU)] European Commission, Joint Research Centre (JRC) — EDGAR 「EDGAR GHG_Processes」 기준. Mt CO2eq (GWP-100 AR5). IPCC 2006 코드 2.A.1, 2.A.2, 2.A.3, 2.A.4, 2.B, 2.C, 2.D, 2.E, 2.F, 2.G, 2.H.","European Commission, Joint Research Centre (JRC) — EDGAR",https://edgar.jrc.ec.europa.eu/dataset_ghg2025,CC BY 4.0,"A-011_GHG 배출량[에너지, 산업공정, 농업, 폐기물].xlsx",1.1_observation(측정값),262,BGD-ALL-DATA-DISPLAY-2026-09-29,
A-011,"GHG 배출량[에너지, 산업공정, 농업, 폐기물]",observation,bgd-v158-a-011-obs-00260,A-011_emissions_sector_industrial_processes,BGD,2009,2009,2009,,,,9.30913,Mt CO2eq,,,,,,"[기타 온실가스 처리 및 대체 기술 (Other GHG treatment)] [산업공정(IPPU)] European Commission, Joint Research Centre (JRC) — EDGAR 「EDGAR GHG_Processes」 기준. Mt CO2eq (GWP-100 AR5). IPCC 2006 코드 2.A.1, 2.A.2, 2.A.3, 2.A.4, 2.B, 2.C, 2.D, 2.E, 2.F, 2.G, 2.H.","European Commission, Joint Research Centre (JRC) — EDGAR",https://edgar.jrc.ec.europa.eu/dataset_ghg2025,CC BY 4.0,"A-011_GHG 배출량[에너지, 산업공정, 농업, 폐기물].xlsx",1.1_observation(측정값),263,BGD-ALL-DATA-DISPLAY-2026-09-29,
A-011,"GHG 배출량[에너지, 산업공정, 농업, 폐기물]",observation,bgd-v158-a-011-obs-00261,A-011_emissions_sector_industrial_processes,BGD,2010,2010,2010,,,,9.23802,Mt CO2eq,,,,,,"[기타 온실가스 처리 및 대체 기술 (Other GHG treatment)] [산업공정(IPPU)] European Commission, Joint Research Centre (JRC) — EDGAR 「EDGAR GHG_Processes」 기준. Mt CO2eq (GWP-100 AR5). IPCC 2006 코드 2.A.1, 2.A.2, 2.A.3, 2.A.4, 2.B, 2.C, 2.D, 2.E, 2.F, 2.G, 2.H.","European Commission, Joint Research Centre (JRC) — EDGAR",https://edgar.jrc.ec.europa.eu/dataset_ghg2025,CC BY 4.0,"A-011_GHG 배출량[에너지, 산업공정, 농업, 폐기물].xlsx",1.1_observation(측정값),264,BGD-ALL-DATA-DISPLAY-2026-09-29,
A-011,"GHG 배출량[에너지, 산업공정, 농업, 폐기물]",observation,bgd-v158-a-011-obs-00262,A-011_emissions_sector_industrial_processes,BGD,2011,2011,2011,,,,9.509319,Mt CO2eq,,,,,,"[기타 온실가스 처리 및 대체 기술 (Other GHG treatment)] [산업공정(IPPU)] European Commission, Joint Research Centre (JRC) — EDGAR 「EDGAR GHG_Processes」 기준. Mt CO2eq (GWP-100 AR5). IPCC 2006 코드 2.A.1, 2.A.2, 2.A.3, 2.A.4, 2.B, 2.C, 2.D, 2.E, 2.F, 2.G, 2.H.","European Commission, Joint Research Centre (JRC) — EDGAR",https://edgar.jrc.ec.europa.eu/dataset_ghg2025,CC BY 4.0,"A-011_GHG 배출량[에너지, 산업공정, 농업, 폐기물].xlsx",1.1_observation(측정값),265,BGD-ALL-DATA-DISPLAY-2026-09-29,
A-011,"GHG 배출량[에너지, 산업공정, 농업, 폐기물]",observation,bgd-v158-a-011-obs-00263,A-011_emissions_sector_industrial_processes,BGD,2012,2012,2012,,,,9.555275,Mt CO2eq,,,,,,"[기타 온실가스 처리 및 대체 기술 (Other GHG treatment)] [산업공정(IPPU)] European Commission, Joint Research Centre (JRC) — EDGAR 「EDGAR GHG_Processes」 기준. Mt CO2eq (GWP-100 AR5). IPCC 2006 코드 2.A.1, 2.A.2, 2.A.3, 2.A.4, 2.B, 2.C, 2.D, 2.E, 2.F, 2.G, 2.H.","European Commission, Joint Research Centre (JRC) — EDGAR",https://edgar.jrc.ec.europa.eu/dataset_ghg2025,CC BY 4.0,"A-011_GHG 배출량[에너지, 산업공정, 농업, 폐기물].xlsx",1.1_observation(측정값),266,BGD-ALL-DATA-DISPLAY-2026-09-29,
A-011,"GHG 배출량[에너지, 산업공정, 농업, 폐기물]",observation,bgd-v158-a-011-obs-00264,A-011_emissions_sector_industrial_processes,BGD,2013,2013,2013,,,,9.430448,Mt CO2eq,,,,,,"[기타 온실가스 처리 및 대체 기술 (Other GHG treatment)] [산업공정(IPPU)] European Commission, Joint Research Centre (JRC) — EDGAR 「EDGAR GHG_Processes」 기준. Mt CO2eq (GWP-100 AR5). IPCC 2006 코드 2.A.1, 2.A.2, 2.A.3, 2.A.4, 2.B, 2.C, 2.D, 2.E, 2.F, 2.G, 2.H.","European Commission, Joint Research Centre (JRC) — EDGAR",https://edgar.jrc.ec.europa.eu/dataset_ghg2025,CC BY 4.0,"A-011_GHG 배출량[에너지, 산업공정, 농업, 폐기물].xlsx",1.1_observation(측정값),267,BGD-ALL-DATA-DISPLAY-2026-09-29,
A-011,"GHG 배출량[에너지, 산업공정, 농업, 폐기물]",observation,bgd-v158-a-011-obs-00265,A-011_emissions_sector_industrial_processes,BGD,2014,2014,2014,,,,9.668313,Mt CO2eq,,,,,,"[기타 온실가스 처리 및 대체 기술 (Other GHG treatment)] [산업공정(IPPU)] European Commission, Joint Research Centre (JRC) — EDGAR 「EDGAR GHG_Processes」 기준. Mt CO2eq (GWP-100 AR5). IPCC 2006 코드 2.A.1, 2.A.2, 2.A.3, 2.A.4, 2.B, 2.C, 2.D, 2.E, 2.F, 2.G, 2.H.","European Commission, Joint Research Centre (JRC) — EDGAR",https://edgar.jrc.ec.europa.eu/dataset_ghg2025,CC BY 4.0,"A-011_GHG 배출량[에너지, 산업공정, 농업, 폐기물].xlsx",1.1_observation(측정값),268,BGD-ALL-DATA-DISPLAY-2026-09-29,
A-011,"GHG 배출량[에너지, 산업공정, 농업, 폐기물]",observation,bgd-v158-a-011-obs-00266,A-011_emissions_sector_industrial_processes,BGD,2015,2015,2015,,,,12.380477,Mt CO2eq,,,,,,"[기타 온실가스 처리 및 대체 기술 (Other GHG treatment)] [산업공정(IPPU)] European Commission, Joint Research Centre (JRC) — EDGAR 「EDGAR GHG_Processes」 기준. Mt CO2eq (GWP-100 AR5). IPCC 2006 코드 2.A.1, 2.A.2, 2.A.3, 2.A.4, 2.B, 2.C, 2.D, 2.E, 2.F, 2.G, 2.H.","European Commission, Joint Research Centre (JRC) — EDGAR",https://edgar.jrc.ec.europa.eu/dataset_ghg2025,CC BY 4.0,"A-011_GHG 배출량[에너지, 산업공정, 농업, 폐기물].xlsx",1.1_observation(측정값),269,BGD-ALL-DATA-DISPLAY-2026-09-29,
A-011,"GHG 배출량[에너지, 산업공정, 농업, 폐기물]",observation,bgd-v158-a-011-obs-00267,A-011_emissions_sector_industrial_processes,BGD,2016,2016,2016,,,,12.989723,Mt CO2eq,,,,,,"[기타 온실가스 처리 및 대체 기술 (Other GHG treatment)] [산업공정(IPPU)] European Commission, Joint Research Centre (JRC) — EDGAR 「EDGAR GHG_Processes」 기준. Mt CO2eq (GWP-100 AR5). IPCC 2006 코드 2.A.1, 2.A.2, 2.A.3, 2.A.4, 2.B, 2.C, 2.D, 2.E, 2.F, 2.G, 2.H.","European Commission, Joint Research Centre (JRC) — EDGAR",https://edgar.jrc.ec.europa.eu/dataset_ghg2025,CC BY 4.0,"A-011_GHG 배출량[에너지, 산업공정, 농업, 폐기물].xlsx",1.1_observation(측정값),270,BGD-ALL-DATA-DISPLAY-2026-09-29,
A-011,"GHG 배출량[에너지, 산업공정, 농업, 폐기물]",observation,bgd-v158-a-011-obs-00268,A-011_emissions_sector_industrial_processes,BGD,2017,2017,2017,,,,14.025403,Mt CO2eq,,,,,,"[기타 온실가스 처리 및 대체 기술 (Other GHG treatment)] [산업공정(IPPU)] European Commission, Joint Research Centre (JRC) — EDGAR 「EDGAR GHG_Processes」 기준. Mt CO2eq (GWP-100 AR5). IPCC 2006 코드 2.A.1, 2.A.2, 2.A.3, 2.A.4, 2.B, 2.C, 2.D, 2.E, 2.F, 2.G, 2.H.","European Commission, Joint Research Centre (JRC) — EDGAR",https://edgar.jrc.ec.europa.eu/dataset_ghg2025,CC BY 4.0,"A-011_GHG 배출량[에너지, 산업공정, 농업, 폐기물].xlsx",1.1_observation(측정값),271,BGD-ALL-DATA-DISPLAY-2026-09-29,
A-011,"GHG 배출량[에너지, 산업공정, 농업, 폐기물]",observation,bgd-v158-a-011-obs-00269,A-011_emissions_sector_industrial_processes,BGD,2018,2018,2018,,,,15.831134,Mt CO2eq,,,,,,"[기타 온실가스 처리 및 대체 기술 (Other GHG treatment)] [산업공정(IPPU)] European Commission, Joint Research Centre (JRC) — EDGAR 「EDGAR GHG_Processes」 기준. Mt CO2eq (GWP-100 AR5). IPCC 2006 코드 2.A.1, 2.A.2, 2.A.3, 2.A.4, 2.B, 2.C, 2.D, 2.E, 2.F, 2.G, 2.H.","European Commission, Joint Research Centre (JRC) — EDGAR",https://edgar.jrc.ec.europa.eu/dataset_ghg2025,CC BY 4.0,"A-011_GHG 배출량[에너지, 산업공정, 농업, 폐기물].xlsx",1.1_observation(측정값),272,BGD-ALL-DATA-DISPLAY-2026-09-29,
A-011,"GHG 배출량[에너지, 산업공정, 농업, 폐기물]",observation,bgd-v158-a-011-obs-00270,A-011_emissions_sector_industrial_processes,BGD,2019,2019,2019,,,,16.552508,Mt CO2eq,,,,,,"[기타 온실가스 처리 및 대체 기술 (Other GHG treatment)] [산업공정(IPPU)] European Commission, Joint Research Centre (JRC) — EDGAR 「EDGAR GHG_Processes」 기준. Mt CO2eq (GWP-100 AR5). IPCC 2006 코드 2.A.1, 2.A.2, 2.A.3, 2.A.4, 2.B, 2.C, 2.D, 2.E, 2.F, 2.G, 2.H.","European Commission, Joint Research Centre (JRC) — EDGAR",https://edgar.jrc.ec.europa.eu/dataset_ghg2025,CC BY 4.0,"A-011_GHG 배출량[에너지, 산업공정, 농업, 폐기물].xlsx",1.1_observation(측정값),273,BGD-ALL-DATA-DISPLAY-2026-09-29,
A-011,"GHG 배출량[에너지, 산업공정, 농업, 폐기물]",observation,bgd-v158-a-011-obs-00271,A-011_emissions_sector_industrial_processes,BGD,2020,2020,2020,,,,16.195095,Mt CO2eq,,,,,,"[기타 온실가스 처리 및 대체 기술 (Other GHG treatment)] [산업공정(IPPU)] European Commission, Joint Research Centre (JRC) — EDGAR 「EDGAR GHG_Processes」 기준. Mt CO2eq (GWP-100 AR5). IPCC 2006 코드 2.A.1, 2.A.2, 2.A.3, 2.A.4, 2.B, 2.C, 2.D, 2.E, 2.F, 2.G, 2.H.","European Commission, Joint Research Centre (JRC) — EDGAR",https://edgar.jrc.ec.europa.eu/dataset_ghg2025,CC BY 4.0,"A-011_GHG 배출량[에너지, 산업공정, 농업, 폐기물].xlsx",1.1_observation(측정값),274,BGD-ALL-DATA-DISPLAY-2026-09-29,
A-011,"GHG 배출량[에너지, 산업공정, 농업, 폐기물]",observation,bgd-v158-a-011-obs-00272,A-011_emissions_sector_industrial_processes,BGD,2021,2021,2021,,,,17.473059,Mt CO2eq,,,,,,"[기타 온실가스 처리 및 대체 기술 (Other GHG treatment)] [산업공정(IPPU)] European Commission, Joint Research Centre (JRC) — EDGAR 「EDGAR GHG_Processes」 기준. Mt CO2eq (GWP-100 AR5). IPCC 2006 코드 2.A.1, 2.A.2, 2.A.3, 2.A.4, 2.B, 2.C, 2.D, 2.E, 2.F, 2.G, 2.H.","European Commission, Joint Research Centre (JRC) — EDGAR",https://edgar.jrc.ec.europa.eu/dataset_ghg2025,CC BY 4.0,"A-011_GHG 배출량[에너지, 산업공정, 농업, 폐기물].xlsx",1.1_observation(측정값),275,BGD-ALL-DATA-DISPLAY-2026-09-29,
A-011,"GHG 배출량[에너지, 산업공정, 농업, 폐기물]",observation,bgd-v158-a-011-obs-00273,A-011_emissions_sector_industrial_processes,BGD,2022,2022,2022,,,,16.866318,Mt CO2eq,,,,,,"[기타 온실가스 처리 및 대체 기술 (Other GHG treatment)] [산업공정(IPPU)] European Commission, Joint Research Centre (JRC) — EDGAR 「EDGAR GHG_Processes」 기준. Mt CO2eq (GWP-100 AR5). IPCC 2006 코드 2.A.1, 2.A.2, 2.A.3, 2.A.4, 2.B, 2.C, 2.D, 2.E, 2.F, 2.G, 2.H.","European Commission, Joint Research Centre (JRC) — EDGAR",https://edgar.jrc.ec.europa.eu/dataset_ghg2025,CC BY 4.0,"A-011_GHG 배출량[에너지, 산업공정, 농업, 폐기물].xlsx",1.1_observation(측정값),276,BGD-ALL-DATA-DISPLAY-2026-09-29,
A-011,"GHG 배출량[에너지, 산업공정, 농업, 폐기물]",observation,bgd-v158-a-011-obs-00274,A-011_emissions_sector_industrial_processes,BGD,2023,2023,2023,,,,17.039067,Mt CO2eq,,,,,,"[기타 온실가스 처리 및 대체 기술 (Other GHG treatment)] [산업공정(IPPU)] European Commission, Joint Research Centre (JRC) — EDGAR 「EDGAR GHG_Processes」 기준. Mt CO2eq (GWP-100 AR5). IPCC 2006 코드 2.A.1, 2.A.2, 2.A.3, 2.A.4, 2.B, 2.C, 2.D, 2.E, 2.F, 2.G, 2.H.","European Commission, Joint Research Centre (JRC) — EDGAR",https://edgar.jrc.ec.europa.eu/dataset_ghg2025,CC BY 4.0,"A-011_GHG 배출량[에너지, 산업공정, 농업, 폐기물].xlsx",1.1_observation(측정값),277,BGD-ALL-DATA-DISPLAY-2026-09-29,
A-011,"GHG 배출량[에너지, 산업공정, 농업, 폐기물]",observation,bgd-v158-a-011-obs-00275,A-011_emissions_sector_industrial_processes,BGD,2024,2024,2024,,,,17.517519,Mt CO2eq,,,,,,"[기타 온실가스 처리 및 대체 기술 (Other GHG treatment)] [산업공정(IPPU)] European Commission, Joint Research Centre (JRC) — EDGAR 「EDGAR GHG_Processes」 기준. Mt CO2eq (GWP-100 AR5). IPCC 2006 코드 2.A.1, 2.A.2, 2.A.3, 2.A.4, 2.B, 2.C, 2.D, 2.E, 2.F, 2.G, 2.H.","European Commission, Joint Research Centre (JRC) — EDGAR",https://edgar.jrc.ec.europa.eu/dataset_ghg2025,CC BY 4.0,"A-011_GHG 배출량[에너지, 산업공정, 농업, 폐기물].xlsx",1.1_observation(측정값),278,BGD-ALL-DATA-DISPLAY-2026-09-29,
A-011,"GHG 배출량[에너지, 산업공정, 농업, 폐기물]",observation,bgd-v158-a-011-obs-00276,A-011_emissions_sector_other_indirect_n2o,BGD,1970,1970,1970,,,,0.181977,Mt CO2eq,,,,,,"[기타 온실가스 처리 및 대체 기술 (Other GHG treatment)] [기타(간접 N2O)] European Commission, Joint Research Centre (JRC) — EDGAR 「EDGAR_AR5_GHG / IPCC 2006 code 5.A」 기준. Mt CO2eq (GWP-100 AR5). IPCC 2006 코드 5.A.","European Commission, Joint Research Centre (JRC) — EDGAR",https://edgar.jrc.ec.europa.eu/dataset_ghg2025,CC BY 4.0,"A-011_GHG 배출량[에너지, 산업공정, 농업, 폐기물].xlsx",1.1_observation(측정값),279,BGD-ALL-DATA-DISPLAY-2026-09-29,
A-011,"GHG 배출량[에너지, 산업공정, 농업, 폐기물]",observation,bgd-v158-a-011-obs-00277,A-011_emissions_sector_other_indirect_n2o,BGD,1971,1971,1971,,,,0.181594,Mt CO2eq,,,,,,"[기타 온실가스 처리 및 대체 기술 (Other GHG treatment)] [기타(간접 N2O)] European Commission, Joint Research Centre (JRC) — EDGAR 「EDGAR_AR5_GHG / IPCC 2006 code 5.A」 기준. Mt CO2eq (GWP-100 AR5). IPCC 2006 코드 5.A.","European Commission, Joint Research Centre (JRC) — EDGAR",https://edgar.jrc.ec.europa.eu/dataset_ghg2025,CC BY 4.0,"A-011_GHG 배출량[에너지, 산업공정, 농업, 폐기물].xlsx",1.1_observation(측정값),280,BGD-ALL-DATA-DISPLAY-2026-09-29,
A-011,"GHG 배출량[에너지, 산업공정, 농업, 폐기물]",observation,bgd-v158-a-011-obs-00278,A-011_emissions_sector_other_indirect_n2o,BGD,1972,1972,1972,,,,0.186715,Mt CO2eq,,,,,,"[기타 온실가스 처리 및 대체 기술 (Other GHG treatment)] [기타(간접 N2O)] European Commission, Joint Research Centre (JRC) — EDGAR 「EDGAR_AR5_GHG / IPCC 2006 code 5.A」 기준. Mt CO2eq (GWP-100 AR5). IPCC 2006 코드 5.A.","European Commission, Joint Research Centre (JRC) — EDGAR",https://edgar.jrc.ec.europa.eu/dataset_ghg2025,CC BY 4.0,"A-011_GHG 배출량[에너지, 산업공정, 농업, 폐기물].xlsx",1.1_observation(측정값),281,BGD-ALL-DATA-DISPLAY-2026-09-29,
A-011,"GHG 배출량[에너지, 산업공정, 농업, 폐기물]",observation,bgd-v158-a-011-obs-00279,A-011_emissions_sector_other_indirect_n2o,BGD,1973,1973,1973,,,,0.193683,Mt CO2eq,,,,,,"[기타 온실가스 처리 및 대체 기술 (Other GHG treatment)] [기타(간접 N2O)] European Commission, Joint Research Centre (JRC) — EDGAR 「EDGAR_AR5_GHG / IPCC 2006 code 5.A」 기준. Mt CO2eq (GWP-100 AR5). IPCC 2006 코드 5.A.","European Commission, Joint Research Centre (JRC) — EDGAR",https://edgar.jrc.ec.europa.eu/dataset_ghg2025,CC BY 4.0,"A-011_GHG 배출량[에너지, 산업공정, 농업, 폐기물].xlsx",1.1_observation(측정값),282,BGD-ALL-DATA-DISPLAY-2026-09-29,
A-011,"GHG 배출량[에너지, 산업공정, 농업, 폐기물]",observation,bgd-v158-a-011-obs-00280,A-011_emissions_sector_other_indirect_n2o,BGD,1974,1974,1974,,,,0.199038,Mt CO2eq,,,,,,"[기타 온실가스 처리 및 대체 기술 (Other GHG treatment)] [기타(간접 N2O)] European Commission, Joint Research Centre (JRC) — EDGAR 「EDGAR_AR5_GHG / IPCC 2006 code 5.A」 기준. Mt CO2eq (GWP-100 AR5). IPCC 2006 코드 5.A.","European Commission, Joint Research Centre (JRC) — EDGAR",https://edgar.jrc.ec.europa.eu/dataset_ghg2025,CC BY 4.0,"A-011_GHG 배출량[에너지, 산업공정, 농업, 폐기물].xlsx",1.1_observation(측정값),283,BGD-ALL-DATA-DISPLAY-2026-09-29,
A-011,"GHG 배출량[에너지, 산업공정, 농업, 폐기물]",observation,bgd-v158-a-011-obs-00281,A-011_emissions_sector_other_indirect_n2o,BGD,1975,1975,1975,,,,0.20771,Mt CO2eq,,,,,,"[기타 온실가스 처리 및 대체 기술 (Other GHG treatment)] [기타(간접 N2O)] European Commission, Joint Research Centre (JRC) — EDGAR 「EDGAR_AR5_GHG / IPCC 2006 code 5.A」 기준. Mt CO2eq (GWP-100 AR5). IPCC 2006 코드 5.A.","European Commission, Joint Research Centre (JRC) — EDGAR",https://edgar.jrc.ec.europa.eu/dataset_ghg2025,CC BY 4.0,"A-011_GHG 배출량[에너지, 산업공정, 농업, 폐기물].xlsx",1.1_observation(측정값),284,BGD-ALL-DATA-DISPLAY-2026-09-29,
A-011,"GHG 배출량[에너지, 산업공정, 농업, 폐기물]",observation,bgd-v158-a-011-obs-00282,A-011_emissions_sector_other_indirect_n2o,BGD,1976,1976,1976,,,,0.211474,Mt CO2eq,,,,,,"[기타 온실가스 처리 및 대체 기술 (Other GHG treatment)] [기타(간접 N2O)] European Commission, Joint Research Centre (JRC) — EDGAR 「EDGAR_AR5_GHG / IPCC 2006 code 5.A」 기준. Mt CO2eq (GWP-100 AR5). IPCC 2006 코드 5.A.","European Commission, Joint Research Centre (JRC) — EDGAR",https://edgar.jrc.ec.europa.eu/dataset_ghg2025,CC BY 4.0,"A-011_GHG 배출량[에너지, 산업공정, 농업, 폐기물].xlsx",1.1_observation(측정값),285,BGD-ALL-DATA-DISPLAY-2026-09-29,
A-011,"GHG 배출량[에너지, 산업공정, 농업, 폐기물]",observation,bgd-v158-a-011-obs-00283,A-011_emissions_sector_other_indirect_n2o,BGD,1977,1977,1977,,,,0.214335,Mt CO2eq,,,,,,"[기타 온실가스 처리 및 대체 기술 (Other GHG treatment)] [기타(간접 N2O)] European Commission, Joint Research Centre (JRC) — EDGAR 「EDGAR_AR5_GHG / IPCC 2006 code 5.A」 기준. Mt CO2eq (GWP-100 AR5). IPCC 2006 코드 5.A.","European Commission, Joint Research Centre (JRC) — EDGAR",https://edgar.jrc.ec.europa.eu/dataset_ghg2025,CC BY 4.0,"A-011_GHG 배출량[에너지, 산업공정, 농업, 폐기물].xlsx",1.1_observation(측정값),286,BGD-ALL-DATA-DISPLAY-2026-09-29,
A-011,"GHG 배출량[에너지, 산업공정, 농업, 폐기물]",observation,bgd-v158-a-011-obs-00284,A-011_emissions_sector_other_indirect_n2o,BGD,1978,1978,1978,,,,0.218788,Mt CO2eq,,,,,,"[기타 온실가스 처리 및 대체 기술 (Other GHG treatment)] [기타(간접 N2O)] European Commission, Joint Research Centre (JRC) — EDGAR 「EDGAR_AR5_GHG / IPCC 2006 code 5.A」 기준. Mt CO2eq (GWP-100 AR5). IPCC 2006 코드 5.A.","European Commission, Joint Research Centre (JRC) — EDGAR",https://edgar.jrc.ec.europa.eu/dataset_ghg2025,CC BY 4.0,"A-011_GHG 배출량[에너지, 산업공정, 농업, 폐기물].xlsx",1.1_observation(측정값),287,BGD-ALL-DATA-DISPLAY-2026-09-29,
A-011,"GHG 배출량[에너지, 산업공정, 농업, 폐기물]",observation,bgd-v158-a-011-obs-00285,A-011_emissions_sector_other_indirect_n2o,BGD,1979,1979,1979,,,,0.225796,Mt CO2eq,,,,,,"[기타 온실가스 처리 및 대체 기술 (Other GHG treatment)] [기타(간접 N2O)] European Commission, Joint Research Centre (JRC) — EDGAR 「EDGAR_AR5_GHG / IPCC 2006 code 5.A」 기준. Mt CO2eq (GWP-100 AR5). IPCC 2006 코드 5.A.","European Commission, Joint Research Centre (JRC) — EDGAR",https://edgar.jrc.ec.europa.eu/dataset_ghg2025,CC BY 4.0,"A-011_GHG 배출량[에너지, 산업공정, 농업, 폐기물].xlsx",1.1_observation(측정값),288,BGD-ALL-DATA-DISPLAY-2026-09-29,
A-011,"GHG 배출량[에너지, 산업공정, 농업, 폐기물]",observation,bgd-v158-a-011-obs-00286,A-011_emissions_sector_other_indirect_n2o,BGD,1980,1980,1980,,,,0.234738,Mt CO2eq,,,,,,"[기타 온실가스 처리 및 대체 기술 (Other GHG treatment)] [기타(간접 N2O)] European Commission, Joint Research Centre (JRC) — EDGAR 「EDGAR_AR5_GHG / IPCC 2006 code 5.A」 기준. Mt CO2eq (GWP-100 AR5). IPCC 2006 코드 5.A.","European Commission, Joint Research Centre (JRC) — EDGAR",https://edgar.jrc.ec.europa.eu/dataset_ghg2025,CC BY 4.0,"A-011_GHG 배출량[에너지, 산업공정, 농업, 폐기물].xlsx",1.1_observation(측정값),289,BGD-ALL-DATA-DISPLAY-2026-09-29,
A-011,"GHG 배출량[에너지, 산업공정, 농업, 폐기물]",observation,bgd-v158-a-011-obs-00287,A-011_emissions_sector_other_indirect_n2o,BGD,1981,1981,1981,,,,0.233092,Mt CO2eq,,,,,,"[기타 온실가스 처리 및 대체 기술 (Other GHG treatment)] [기타(간접 N2O)] European Commission, Joint Research Centre (JRC) — EDGAR 「EDGAR_AR5_GHG / IPCC 2006 code 5.A」 기준. Mt CO2eq (GWP-100 AR5). IPCC 2006 코드 5.A.","European Commission, Joint Research Centre (JRC) — EDGAR",https://edgar.jrc.ec.europa.eu/dataset_ghg2025,CC BY 4.0,"A-011_GHG 배출량[에너지, 산업공정, 농업, 폐기물].xlsx",1.1_observation(측정값),290,BGD-ALL-DATA-DISPLAY-2026-09-29,
A-011,"GHG 배출량[에너지, 산업공정, 농업, 폐기물]",observation,bgd-v158-a-011-obs-00288,A-011_emissions_sector_other_indirect_n2o,BGD,1982,1982,1982,,,,0.253044,Mt CO2eq,,,,,,"[기타 온실가스 처리 및 대체 기술 (Other GHG treatment)] [기타(간접 N2O)] European Commission, Joint Research Centre (JRC) — EDGAR 「EDGAR_AR5_GHG / IPCC 2006 code 5.A」 기준. Mt CO2eq (GWP-100 AR5). IPCC 2006 코드 5.A.","European Commission, Joint Research Centre (JRC) — EDGAR",https://edgar.jrc.ec.europa.eu/dataset_ghg2025,CC BY 4.0,"A-011_GHG 배출량[에너지, 산업공정, 농업, 폐기물].xlsx",1.1_observation(측정값),291,BGD-ALL-DATA-DISPLAY-2026-09-29,
A-011,"GHG 배출량[에너지, 산업공정, 농업, 폐기물]",observation,bgd-v158-a-011-obs-00289,A-011_emissions_sector_other_indirect_n2o,BGD,1983,1983,1983,,,,0.253196,Mt CO2eq,,,,,,"[기타 온실가스 처리 및 대체 기술 (Other GHG treatment)] [기타(간접 N2O)] European Commission, Joint Research Centre (JRC) — EDGAR 「EDGAR_AR5_GHG / IPCC 2006 code 5.A」 기준. Mt CO2eq (GWP-100 AR5). IPCC 2006 코드 5.A.","European Commission, Joint Research Centre (JRC) — EDGAR",https://edgar.jrc.ec.europa.eu/dataset_ghg2025,CC BY 4.0,"A-011_GHG 배출량[에너지, 산업공정, 농업, 폐기물].xlsx",1.1_observation(측정값),292,BGD-ALL-DATA-DISPLAY-2026-09-29,
A-011,"GHG 배출량[에너지, 산업공정, 농업, 폐기물]",observation,bgd-v158-a-011-obs-00290,A-011_emissions_sector_other_indirect_n2o,BGD,1984,1984,1984,,,,0.256456,Mt CO2eq,,,,,,"[기타 온실가스 처리 및 대체 기술 (Other GHG treatment)] [기타(간접 N2O)] European Commission, Joint Research Centre (JRC) — EDGAR 「EDGAR_AR5_GHG / IPCC 2006 code 5.A」 기준. Mt CO2eq (GWP-100 AR5). IPCC 2006 코드 5.A.","European Commission, Joint Research Centre (JRC) — EDGAR",https://edgar.jrc.ec.europa.eu/dataset_ghg2025,CC BY 4.0,"A-011_GHG 배출량[에너지, 산업공정, 농업, 폐기물].xlsx",1.1_observation(측정값),293,BGD-ALL-DATA-DISPLAY-2026-09-29,
A-011,"GHG 배출량[에너지, 산업공정, 농업, 폐기물]",observation,bgd-v158-a-011-obs-00291,A-011_emissions_sector_other_indirect_n2o,BGD,1985,1985,1985,,,,0.263382,Mt CO2eq,,,,,,"[기타 온실가스 처리 및 대체 기술 (Other GHG treatment)] [기타(간접 N2O)] European Commission, Joint Research Centre (JRC) — EDGAR 「EDGAR_AR5_GHG / IPCC 2006 code 5.A」 기준. Mt CO2eq (GWP-100 AR5). IPCC 2006 코드 5.A.","European Commission, Joint Research Centre (JRC) — EDGAR",https://edgar.jrc.ec.europa.eu/dataset_ghg2025,CC BY 4.0,"A-011_GHG 배출량[에너지, 산업공정, 농업, 폐기물].xlsx",1.1_observation(측정값),294,BGD-ALL-DATA-DISPLAY-2026-09-29,
A-011,"GHG 배출량[에너지, 산업공정, 농업, 폐기물]",observation,bgd-v158-a-011-obs-00292,A-011_emissions_sector_other_indirect_n2o,BGD,1986,1986,1986,,,,0.278087,Mt CO2eq,,,,,,"[기타 온실가스 처리 및 대체 기술 (Other GHG treatment)] [기타(간접 N2O)] European Commission, Joint Research Centre (JRC) — EDGAR 「EDGAR_AR5_GHG / IPCC 2006 code 5.A」 기준. Mt CO2eq (GWP-100 AR5). IPCC 2006 코드 5.A.","European Commission, Joint Research Centre (JRC) — EDGAR",https://edgar.jrc.ec.europa.eu/dataset_ghg2025,CC BY 4.0,"A-011_GHG 배출량[에너지, 산업공정, 농업, 폐기물].xlsx",1.1_observation(측정값),295,BGD-ALL-DATA-DISPLAY-2026-09-29,
A-011,"GHG 배출량[에너지, 산업공정, 농업, 폐기물]",observation,bgd-v158-a-011-obs-00293,A-011_emissions_sector_other_indirect_n2o,BGD,1987,1987,1987,,,,0.262203,Mt CO2eq,,,,,,"[기타 온실가스 처리 및 대체 기술 (Other GHG treatment)] [기타(간접 N2O)] European Commission, Joint Research Centre (JRC) — EDGAR 「EDGAR_AR5_GHG / IPCC 2006 code 5.A」 기준. Mt CO2eq (GWP-100 AR5). IPCC 2006 코드 5.A.","European Commission, Joint Research Centre (JRC) — EDGAR",https://edgar.jrc.ec.europa.eu/dataset_ghg2025,CC BY 4.0,"A-011_GHG 배출량[에너지, 산업공정, 농업, 폐기물].xlsx",1.1_observation(측정값),296,BGD-ALL-DATA-DISPLAY-2026-09-29,
A-011,"GHG 배출량[에너지, 산업공정, 농업, 폐기물]",observation,bgd-v158-a-011-obs-00294,A-011_emissions_sector_other_indirect_n2o,BGD,1988,1988,1988,,,,0.287329,Mt CO2eq,,,,,,"[기타 온실가스 처리 및 대체 기술 (Other GHG treatment)] [기타(간접 N2O)] European Commission, Joint Research Centre (JRC) — EDGAR 「EDGAR_AR5_GHG / IPCC 2006 code 5.A」 기준. Mt CO2eq (GWP-100 AR5). IPCC 2006 코드 5.A.","European Commission, Joint Research Centre (JRC) — EDGAR",https://edgar.jrc.ec.europa.eu/dataset_ghg2025,CC BY 4.0,"A-011_GHG 배출량[에너지, 산업공정, 농업, 폐기물].xlsx",1.1_observation(측정값),297,BGD-ALL-DATA-DISPLAY-2026-09-29,
A-011,"GHG 배출량[에너지, 산업공정, 농업, 폐기물]",observation,bgd-v158-a-011-obs-00295,A-011_emissions_sector_other_indirect_n2o,BGD,1989,1989,1989,,,,0.290729,Mt CO2eq,,,,,,"[기타 온실가스 처리 및 대체 기술 (Other GHG treatment)] [기타(간접 N2O)] European Commission, Joint Research Centre (JRC) — EDGAR 「EDGAR_AR5_GHG / IPCC 2006 code 5.A」 기준. Mt CO2eq (GWP-100 AR5). IPCC 2006 코드 5.A.","European Commission, Joint Research Centre (JRC) — EDGAR",https://edgar.jrc.ec.europa.eu/dataset_ghg2025,CC BY 4.0,"A-011_GHG 배출량[에너지, 산업공정, 농업, 폐기물].xlsx",1.1_observation(측정값),298,BGD-ALL-DATA-DISPLAY-2026-09-29,
A-011,"GHG 배출량[에너지, 산업공정, 농업, 폐기물]",observation,bgd-v158-a-011-obs-00296,A-011_emissions_sector_other_indirect_n2o,BGD,1990,1990,1990,,,,0.295458,Mt CO2eq,,,,,,"[기타 온실가스 처리 및 대체 기술 (Other GHG treatment)] [기타(간접 N2O)] European Commission, Joint Research Centre (JRC) — EDGAR 「EDGAR_AR5_GHG / IPCC 2006 code 5.A」 기준. Mt CO2eq (GWP-100 AR5). IPCC 2006 코드 5.A.","European Commission, Joint Research Centre (JRC) — EDGAR",https://edgar.jrc.ec.europa.eu/dataset_ghg2025,CC BY 4.0,"A-011_GHG 배출량[에너지, 산업공정, 농업, 폐기물].xlsx",1.1_observation(측정값),299,BGD-ALL-DATA-DISPLAY-2026-09-29,
A-011,"GHG 배출량[에너지, 산업공정, 농업, 폐기물]",observation,bgd-v158-a-011-obs-00297,A-011_emissions_sector_other_indirect_n2o,BGD,1991,1991,1991,,,,0.306291,Mt CO2eq,,,,,,"[기타 온실가스 처리 및 대체 기술 (Other GHG treatment)] [기타(간접 N2O)] European Commission, Joint Research Centre (JRC) — EDGAR 「EDGAR_AR5_GHG / IPCC 2006 code 5.A」 기준. Mt CO2eq (GWP-100 AR5). IPCC 2006 코드 5.A.","European Commission, Joint Research Centre (JRC) — EDGAR",https://edgar.jrc.ec.europa.eu/dataset_ghg2025,CC BY 4.0,"A-011_GHG 배출량[에너지, 산업공정, 농업, 폐기물].xlsx",1.1_observation(측정값),300,BGD-ALL-DATA-DISPLAY-2026-09-29,
A-011,"GHG 배출량[에너지, 산업공정, 농업, 폐기물]",observation,bgd-v158-a-011-obs-00298,A-011_emissions_sector_other_indirect_n2o,BGD,1992,1992,1992,,,,0.312337,Mt CO2eq,,,,,,"[기타 온실가스 처리 및 대체 기술 (Other GHG treatment)] [기타(간접 N2O)] European Commission, Joint Research Centre (JRC) — EDGAR 「EDGAR_AR5_GHG / IPCC 2006 code 5.A」 기준. Mt CO2eq (GWP-100 AR5). IPCC 2006 코드 5.A.","European Commission, Joint Research Centre (JRC) — EDGAR",https://edgar.jrc.ec.europa.eu/dataset_ghg2025,CC BY 4.0,"A-011_GHG 배출량[에너지, 산업공정, 농업, 폐기물].xlsx",1.1_observation(측정값),301,BGD-ALL-DATA-DISPLAY-2026-09-29,
A-011,"GHG 배출량[에너지, 산업공정, 농업, 폐기물]",observation,bgd-v158-a-011-obs-00299,A-011_emissions_sector_other_indirect_n2o,BGD,1993,1993,1993,,,,0.317188,Mt CO2eq,,,,,,"[기타 온실가스 처리 및 대체 기술 (Other GHG treatment)] [기타(간접 N2O)] European Commission, Joint Research Centre (JRC) — EDGAR 「EDGAR_AR5_GHG / IPCC 2006 code 5.A」 기준. Mt CO2eq (GWP-100 AR5). IPCC 2006 코드 5.A.","European Commission, Joint Research Centre (JRC) — EDGAR",https://edgar.jrc.ec.europa.eu/dataset_ghg2025,CC BY 4.0,"A-011_GHG 배출량[에너지, 산업공정, 농업, 폐기물].xlsx",1.1_observation(측정값),302,BGD-ALL-DATA-DISPLAY-2026-09-29,
A-011,"GHG 배출량[에너지, 산업공정, 농업, 폐기물]",observation,bgd-v158-a-011-obs-00300,A-011_emissions_sector_other_indirect_n2o,BGD,1994,1994,1994,,,,0.331391,Mt CO2eq,,,,,,"[기타 온실가스 처리 및 대체 기술 (Other GHG treatment)] [기타(간접 N2O)] European Commission, Joint Research Centre (JRC) — EDGAR 「EDGAR_AR5_GHG / IPCC 2006 code 5.A」 기준. Mt CO2eq (GWP-100 AR5). IPCC 2006 코드 5.A.","European Commission, Joint Research Centre (JRC) — EDGAR",https://edgar.jrc.ec.europa.eu/dataset_ghg2025,CC BY 4.0,"A-011_GHG 배출량[에너지, 산업공정, 농업, 폐기물].xlsx",1.1_observation(측정값),303,BGD-ALL-DATA-DISPLAY-2026-09-29,
A-011,"GHG 배출량[에너지, 산업공정, 농업, 폐기물]",observation,bgd-v158-a-011-obs-00301,A-011_emissions_sector_other_indirect_n2o,BGD,1995,1995,1995,,,,0.355219,Mt CO2eq,,,,,,"[기타 온실가스 처리 및 대체 기술 (Other GHG treatment)] [기타(간접 N2O)] European Commission, Joint Research Centre (JRC) — EDGAR 「EDGAR_AR5_GHG / IPCC 2006 code 5.A」 기준. Mt CO2eq (GWP-100 AR5). IPCC 2006 코드 5.A.","European Commission, Joint Research Centre (JRC) — EDGAR",https://edgar.jrc.ec.europa.eu/dataset_ghg2025,CC BY 4.0,"A-011_GHG 배출량[에너지, 산업공정, 농업, 폐기물].xlsx",1.1_observation(측정값),304,BGD-ALL-DATA-DISPLAY-2026-09-29,
A-011,"GHG 배출량[에너지, 산업공정, 농업, 폐기물]",observation,bgd-v158-a-011-obs-00302,A-011_emissions_sector_other_indirect_n2o,BGD,1996,1996,1996,,,,0.323516,Mt CO2eq,,,,,,"[기타 온실가스 처리 및 대체 기술 (Other GHG treatment)] [기타(간접 N2O)] European Commission, Joint Research Centre (JRC) — EDGAR 「EDGAR_AR5_GHG / IPCC 2006 code 5.A」 기준. Mt CO2eq (GWP-100 AR5). IPCC 2006 코드 5.A.","European Commission, Joint Research Centre (JRC) — EDGAR",https://edgar.jrc.ec.europa.eu/dataset_ghg2025,CC BY 4.0,"A-011_GHG 배출량[에너지, 산업공정, 농업, 폐기물].xlsx",1.1_observation(측정값),305,BGD-ALL-DATA-DISPLAY-2026-09-29,
A-011,"GHG 배출량[에너지, 산업공정, 농업, 폐기물]",observation,bgd-v158-a-011-obs-00303,A-011_emissions_sector_other_indirect_n2o,BGD,1997,1997,1997,,,,0.329974,Mt CO2eq,,,,,,"[기타 온실가스 처리 및 대체 기술 (Other GHG treatment)] [기타(간접 N2O)] European Commission, Joint Research Centre (JRC) — EDGAR 「EDGAR_AR5_GHG / IPCC 2006 code 5.A」 기준. Mt CO2eq (GWP-100 AR5). IPCC 2006 코드 5.A.","European Commission, Joint Research Centre (JRC) — EDGAR",https://edgar.jrc.ec.europa.eu/dataset_ghg2025,CC BY 4.0,"A-011_GHG 배출량[에너지, 산업공정, 농업, 폐기물].xlsx",1.1_observation(측정값),306,BGD-ALL-DATA-DISPLAY-2026-09-29,
A-011,"GHG 배출량[에너지, 산업공정, 농업, 폐기물]",observation,bgd-v158-a-011-obs-00304,A-011_emissions_sector_other_indirect_n2o,BGD,1998,1998,1998,,,,0.333302,Mt CO2eq,,,,,,"[기타 온실가스 처리 및 대체 기술 (Other GHG treatment)] [기타(간접 N2O)] European Commission, Joint Research Centre (JRC) — EDGAR 「EDGAR_AR5_GHG / IPCC 2006 code 5.A」 기준. Mt CO2eq (GWP-100 AR5). IPCC 2006 코드 5.A.","European Commission, Joint Research Centre (JRC) — EDGAR",https://edgar.jrc.ec.europa.eu/dataset_ghg2025,CC BY 4.0,"A-011_GHG 배출량[에너지, 산업공정, 농업, 폐기물].xlsx",1.1_observation(측정값),307,BGD-ALL-DATA-DISPLAY-2026-09-29,
A-011,"GHG 배출량[에너지, 산업공정, 농업, 폐기물]",observation,bgd-v158-a-011-obs-00305,A-011_emissions_sector_other_indirect_n2o,BGD,1999,1999,1999,,,,0.347278,Mt CO2eq,,,,,,"[기타 온실가스 처리 및 대체 기술 (Other GHG treatment)] [기타(간접 N2O)] European Commission, Joint Research Centre (JRC) — EDGAR 「EDGAR_AR5_GHG / IPCC 2006 code 5.A」 기준. Mt CO2eq (GWP-100 AR5). IPCC 2006 코드 5.A.","European Commission, Joint Research Centre (JRC) — EDGAR",https://edgar.jrc.ec.europa.eu/dataset_ghg2025,CC BY 4.0,"A-011_GHG 배출량[에너지, 산업공정, 농업, 폐기물].xlsx",1.1_observation(측정값),308,BGD-ALL-DATA-DISPLAY-2026-09-29,
A-011,"GHG 배출량[에너지, 산업공정, 농업, 폐기물]",observation,bgd-v158-a-011-obs-00306,A-011_emissions_sector_other_indirect_n2o,BGD,2000,2000,2000,,,,0.339526,Mt CO2eq,,,,,,"[기타 온실가스 처리 및 대체 기술 (Other GHG treatment)] [기타(간접 N2O)] European Commission, Joint Research Centre (JRC) — EDGAR 「EDGAR_AR5_GHG / IPCC 2006 code 5.A」 기준. Mt CO2eq (GWP-100 AR5). IPCC 2006 코드 5.A.","European Commission, Joint Research Centre (JRC) — EDGAR",https://edgar.jrc.ec.europa.eu/dataset_ghg2025,CC BY 4.0,"A-011_GHG 배출량[에너지, 산업공정, 농업, 폐기물].xlsx",1.1_observation(측정값),309,BGD-ALL-DATA-DISPLAY-2026-09-29,
A-011,"GHG 배출량[에너지, 산업공정, 농업, 폐기물]",observation,bgd-v158-a-011-obs-00307,A-011_emissions_sector_other_indirect_n2o,BGD,2001,2001,2001,,,,0.376028,Mt CO2eq,,,,,,"[기타 온실가스 처리 및 대체 기술 (Other GHG treatment)] [기타(간접 N2O)] European Commission, Joint Research Centre (JRC) — EDGAR 「EDGAR_AR5_GHG / IPCC 2006 code 5.A」 기준. Mt CO2eq (GWP-100 AR5). IPCC 2006 코드 5.A.","European Commission, Joint Research Centre (JRC) — EDGAR",https://edgar.jrc.ec.europa.eu/dataset_ghg2025,CC BY 4.0,"A-011_GHG 배출량[에너지, 산업공정, 농업, 폐기물].xlsx",1.1_observation(측정값),310,BGD-ALL-DATA-DISPLAY-2026-09-29,
A-011,"GHG 배출량[에너지, 산업공정, 농업, 폐기물]",observation,bgd-v158-a-011-obs-00308,A-011_emissions_sector_other_indirect_n2o,BGD,2002,2002,2002,,,,0.371429,Mt CO2eq,,,,,,"[기타 온실가스 처리 및 대체 기술 (Other GHG treatment)] [기타(간접 N2O)] European Commission, Joint Research Centre (JRC) — EDGAR 「EDGAR_AR5_GHG / IPCC 2006 code 5.A」 기준. Mt CO2eq (GWP-100 AR5). IPCC 2006 코드 5.A.","European Commission, Joint Research Centre (JRC) — EDGAR",https://edgar.jrc.ec.europa.eu/dataset_ghg2025,CC BY 4.0,"A-011_GHG 배출량[에너지, 산업공정, 농업, 폐기물].xlsx",1.1_observation(측정값),311,BGD-ALL-DATA-DISPLAY-2026-09-29,
A-011,"GHG 배출량[에너지, 산업공정, 농업, 폐기물]",observation,bgd-v158-a-011-obs-00309,A-011_emissions_sector_other_indirect_n2o,BGD,2003,2003,2003,,,,0.383339,Mt CO2eq,,,,,,"[기타 온실가스 처리 및 대체 기술 (Other GHG treatment)] [기타(간접 N2O)] European Commission, Joint Research Centre (JRC) — EDGAR 「EDGAR_AR5_GHG / IPCC 2006 code 5.A」 기준. Mt CO2eq (GWP-100 AR5). IPCC 2006 코드 5.A.","European Commission, Joint Research Centre (JRC) — EDGAR",https://edgar.jrc.ec.europa.eu/dataset_ghg2025,CC BY 4.0,"A-011_GHG 배출량[에너지, 산업공정, 농업, 폐기물].xlsx",1.1_observation(측정값),312,BGD-ALL-DATA-DISPLAY-2026-09-29,
A-011,"GHG 배출량[에너지, 산업공정, 농업, 폐기물]",observation,bgd-v158-a-011-obs-00310,A-011_emissions_sector_other_indirect_n2o,BGD,2004,2004,2004,,,,0.401958,Mt CO2eq,,,,,,"[기타 온실가스 처리 및 대체 기술 (Other GHG treatment)] [기타(간접 N2O)] European Commission, Joint Research Centre (JRC) — EDGAR 「EDGAR_AR5_GHG / IPCC 2006 code 5.A」 기준. Mt CO2eq (GWP-100 AR5). IPCC 2006 코드 5.A.","European Commission, Joint Research Centre (JRC) — EDGAR",https://edgar.jrc.ec.europa.eu/dataset_ghg2025,CC BY 4.0,"A-011_GHG 배출량[에너지, 산업공정, 농업, 폐기물].xlsx",1.1_observation(측정값),313,BGD-ALL-DATA-DISPLAY-2026-09-29,
A-011,"GHG 배출량[에너지, 산업공정, 농업, 폐기물]",observation,bgd-v158-a-011-obs-00311,A-011_emissions_sector_other_indirect_n2o,BGD,2005,2005,2005,,,,0.415952,Mt CO2eq,,,,,,"[기타 온실가스 처리 및 대체 기술 (Other GHG treatment)] [기타(간접 N2O)] European Commission, Joint Research Centre (JRC) — EDGAR 「EDGAR_AR5_GHG / IPCC 2006 code 5.A」 기준. Mt CO2eq (GWP-100 AR5). IPCC 2006 코드 5.A.","European Commission, Joint Research Centre (JRC) — EDGAR",https://edgar.jrc.ec.europa.eu/dataset_ghg2025,CC BY 4.0,"A-011_GHG 배출량[에너지, 산업공정, 농업, 폐기물].xlsx",1.1_observation(측정값),314,BGD-ALL-DATA-DISPLAY-2026-09-29,
A-011,"GHG 배출량[에너지, 산업공정, 농업, 폐기물]",observation,bgd-v158-a-011-obs-00312,A-011_emissions_sector_other_indirect_n2o,BGD,2006,2006,2006,,,,0.449445,Mt CO2eq,,,,,,"[기타 온실가스 처리 및 대체 기술 (Other GHG treatment)] [기타(간접 N2O)] European Commission, Joint Research Centre (JRC) — EDGAR 「EDGAR_AR5_GHG / IPCC 2006 code 5.A」 기준. Mt CO2eq (GWP-100 AR5). IPCC 2006 코드 5.A.","European Commission, Joint Research Centre (JRC) — EDGAR",https://edgar.jrc.ec.europa.eu/dataset_ghg2025,CC BY 4.0,"A-011_GHG 배출량[에너지, 산업공정, 농업, 폐기물].xlsx",1.1_observation(측정값),315,BGD-ALL-DATA-DISPLAY-2026-09-29,
A-011,"GHG 배출량[에너지, 산업공정, 농업, 폐기물]",observation,bgd-v158-a-011-obs-00313,A-011_emissions_sector_other_indirect_n2o,BGD,2007,2007,2007,,,,0.439329,Mt CO2eq,,,,,,"[기타 온실가스 처리 및 대체 기술 (Other GHG treatment)] [기타(간접 N2O)] European Commission, Joint Research Centre (JRC) — EDGAR 「EDGAR_AR5_GHG / IPCC 2006 code 5.A」 기준. Mt CO2eq (GWP-100 AR5). IPCC 2006 코드 5.A.","European Commission, Joint Research Centre (JRC) — EDGAR",https://edgar.jrc.ec.europa.eu/dataset_ghg2025,CC BY 4.0,"A-011_GHG 배출량[에너지, 산업공정, 농업, 폐기물].xlsx",1.1_observation(측정값),316,BGD-ALL-DATA-DISPLAY-2026-09-29,
A-011,"GHG 배출량[에너지, 산업공정, 농업, 폐기물]",observation,bgd-v158-a-011-obs-00314,A-011_emissions_sector_other_indirect_n2o,BGD,2008,2008,2008,,,,0.466493,Mt CO2eq,,,,,,"[기타 온실가스 처리 및 대체 기술 (Other GHG treatment)] [기타(간접 N2O)] European Commission, Joint Research Centre (JRC) — EDGAR 「EDGAR_AR5_GHG / IPCC 2006 code 5.A」 기준. Mt CO2eq (GWP-100 AR5). IPCC 2006 코드 5.A.","European Commission, Joint Research Centre (JRC) — EDGAR",https://edgar.jrc.ec.europa.eu/dataset_ghg2025,CC BY 4.0,"A-011_GHG 배출량[에너지, 산업공정, 농업, 폐기물].xlsx",1.1_observation(측정값),317,BGD-ALL-DATA-DISPLAY-2026-09-29,
A-011,"GHG 배출량[에너지, 산업공정, 농업, 폐기물]",observation,bgd-v158-a-011-obs-00315,A-011_emissions_sector_other_indirect_n2o,BGD,2009,2009,2009,,,,0.48483,Mt CO2eq,,,,,,"[기타 온실가스 처리 및 대체 기술 (Other GHG treatment)] [기타(간접 N2O)] European Commission, Joint Research Centre (JRC) — EDGAR 「EDGAR_AR5_GHG / IPCC 2006 code 5.A」 기준. Mt CO2eq (GWP-100 AR5). IPCC 2006 코드 5.A.","European Commission, Joint Research Centre (JRC) — EDGAR",https://edgar.jrc.ec.europa.eu/dataset_ghg2025,CC BY 4.0,"A-011_GHG 배출량[에너지, 산업공정, 농업, 폐기물].xlsx",1.1_observation(측정값),318,BGD-ALL-DATA-DISPLAY-2026-09-29,
A-011,"GHG 배출량[에너지, 산업공정, 농업, 폐기물]",observation,bgd-v158-a-011-obs-00316,A-011_emissions_sector_other_indirect_n2o,BGD,2010,2010,2010,,,,0.493801,Mt CO2eq,,,,,,"[기타 온실가스 처리 및 대체 기술 (Other GHG treatment)] [기타(간접 N2O)] European Commission, Joint Research Centre (JRC) — EDGAR 「EDGAR_AR5_GHG / IPCC 2006 code 5.A」 기준. Mt CO2eq (GWP-100 AR5). IPCC 2006 코드 5.A.","European Commission, Joint Research Centre (JRC) — EDGAR",https://edgar.jrc.ec.europa.eu/dataset_ghg2025,CC BY 4.0,"A-011_GHG 배출량[에너지, 산업공정, 농업, 폐기물].xlsx",1.1_observation(측정값),319,BGD-ALL-DATA-DISPLAY-2026-09-29,
A-011,"GHG 배출량[에너지, 산업공정, 농업, 폐기물]",observation,bgd-v158-a-011-obs-00317,A-011_emissions_sector_other_indirect_n2o,BGD,2011,2011,2011,,,,0.546101,Mt CO2eq,,,,,,"[기타 온실가스 처리 및 대체 기술 (Other GHG treatment)] [기타(간접 N2O)] European Commission, Joint Research Centre (JRC) — EDGAR 「EDGAR_AR5_GHG / IPCC 2006 code 5.A」 기준. Mt CO2eq (GWP-100 AR5). IPCC 2006 코드 5.A.","European Commission, Joint Research Centre (JRC) — EDGAR",https://edgar.jrc.ec.europa.eu/dataset_ghg2025,CC BY 4.0,"A-011_GHG 배출량[에너지, 산업공정, 농업, 폐기물].xlsx",1.1_observation(측정값),320,BGD-ALL-DATA-DISPLAY-2026-09-29,
A-011,"GHG 배출량[에너지, 산업공정, 농업, 폐기물]",observation,bgd-v158-a-011-obs-00318,A-011_emissions_sector_other_indirect_n2o,BGD,2012,2012,2012,,,,0.580215,Mt CO2eq,,,,,,"[기타 온실가스 처리 및 대체 기술 (Other GHG treatment)] [기타(간접 N2O)] European Commission, Joint Research Centre (JRC) — EDGAR 「EDGAR_AR5_GHG / IPCC 2006 code 5.A」 기준. Mt CO2eq (GWP-100 AR5). IPCC 2006 코드 5.A.","European Commission, Joint Research Centre (JRC) — EDGAR",https://edgar.jrc.ec.europa.eu/dataset_ghg2025,CC BY 4.0,"A-011_GHG 배출량[에너지, 산업공정, 농업, 폐기물].xlsx",1.1_observation(측정값),321,BGD-ALL-DATA-DISPLAY-2026-09-29,
A-011,"GHG 배출량[에너지, 산업공정, 농업, 폐기물]",observation,bgd-v158-a-011-obs-00319,A-011_emissions_sector_other_indirect_n2o,BGD,2013,2013,2013,,,,0.601838,Mt CO2eq,,,,,,"[기타 온실가스 처리 및 대체 기술 (Other GHG treatment)] [기타(간접 N2O)] European Commission, Joint Research Centre (JRC) — EDGAR 「EDGAR_AR5_GHG / IPCC 2006 code 5.A」 기준. Mt CO2eq (GWP-100 AR5). IPCC 2006 코드 5.A.","European Commission, Joint Research Centre (JRC) — EDGAR",https://edgar.jrc.ec.europa.eu/dataset_ghg2025,CC BY 4.0,"A-011_GHG 배출량[에너지, 산업공정, 농업, 폐기물].xlsx",1.1_observation(측정값),322,BGD-ALL-DATA-DISPLAY-2026-09-29,
A-011,"GHG 배출량[에너지, 산업공정, 농업, 폐기물]",observation,bgd-v158-a-011-obs-00320,A-011_emissions_sector_other_indirect_n2o,BGD,2014,2014,2014,,,,0.624121,Mt CO2eq,,,,,,"[기타 온실가스 처리 및 대체 기술 (Other GHG treatment)] [기타(간접 N2O)] European Commission, Joint Research Centre (JRC) — EDGAR 「EDGAR_AR5_GHG / IPCC 2006 code 5.A」 기준. Mt CO2eq (GWP-100 AR5). IPCC 2006 코드 5.A.","European Commission, Joint Research Centre (JRC) — EDGAR",https://edgar.jrc.ec.europa.eu/dataset_ghg2025,CC BY 4.0,"A-011_GHG 배출량[에너지, 산업공정, 농업, 폐기물].xlsx",1.1_observation(측정값),323,BGD-ALL-DATA-DISPLAY-2026-09-29,
A-011,"GHG 배출량[에너지, 산업공정, 농업, 폐기물]",observation,bgd-v158-a-011-obs-00321,A-011_emissions_sector_other_indirect_n2o,BGD,2015,2015,2015,,,,0.655535,Mt CO2eq,,,,,,"[기타 온실가스 처리 및 대체 기술 (Other GHG treatment)] [기타(간접 N2O)] European Commission, Joint Research Centre (JRC) — EDGAR 「EDGAR_AR5_GHG / IPCC 2006 code 5.A」 기준. Mt CO2eq (GWP-100 AR5). IPCC 2006 코드 5.A.","European Commission, Joint Research Centre (JRC) — EDGAR",https://edgar.jrc.ec.europa.eu/dataset_ghg2025,CC BY 4.0,"A-011_GHG 배출량[에너지, 산업공정, 농업, 폐기물].xlsx",1.1_observation(측정값),324,BGD-ALL-DATA-DISPLAY-2026-09-29,
A-011,"GHG 배출량[에너지, 산업공정, 농업, 폐기물]",observation,bgd-v158-a-011-obs-00322,A-011_emissions_sector_other_indirect_n2o,BGD,2016,2016,2016,,,,0.699374,Mt CO2eq,,,,,,"[기타 온실가스 처리 및 대체 기술 (Other GHG treatment)] [기타(간접 N2O)] European Commission, Joint Research Centre (JRC) — EDGAR 「EDGAR_AR5_GHG / IPCC 2006 code 5.A」 기준. Mt CO2eq (GWP-100 AR5). IPCC 2006 코드 5.A.","European Commission, Joint Research Centre (JRC) — EDGAR",https://edgar.jrc.ec.europa.eu/dataset_ghg2025,CC BY 4.0,"A-011_GHG 배출량[에너지, 산업공정, 농업, 폐기물].xlsx",1.1_observation(측정값),325,BGD-ALL-DATA-DISPLAY-2026-09-29,
A-011,"GHG 배출량[에너지, 산업공정, 농업, 폐기물]",observation,bgd-v158-a-011-obs-00323,A-011_emissions_sector_other_indirect_n2o,BGD,2017,2017,2017,,,,0.747162,Mt CO2eq,,,,,,"[기타 온실가스 처리 및 대체 기술 (Other GHG treatment)] [기타(간접 N2O)] European Commission, Joint Research Centre (JRC) — EDGAR 「EDGAR_AR5_GHG / IPCC 2006 code 5.A」 기준. Mt CO2eq (GWP-100 AR5). IPCC 2006 코드 5.A.","European Commission, Joint Research Centre (JRC) — EDGAR",https://edgar.jrc.ec.europa.eu/dataset_ghg2025,CC BY 4.0,"A-011_GHG 배출량[에너지, 산업공정, 농업, 폐기물].xlsx",1.1_observation(측정값),326,BGD-ALL-DATA-DISPLAY-2026-09-29,
A-011,"GHG 배출량[에너지, 산업공정, 농업, 폐기물]",observation,bgd-v158-a-011-obs-00324,A-011_emissions_sector_other_indirect_n2o,BGD,2018,2018,2018,,,,0.774336,Mt CO2eq,,,,,,"[기타 온실가스 처리 및 대체 기술 (Other GHG treatment)] [기타(간접 N2O)] European Commission, Joint Research Centre (JRC) — EDGAR 「EDGAR_AR5_GHG / IPCC 2006 code 5.A」 기준. Mt CO2eq (GWP-100 AR5). IPCC 2006 코드 5.A.","European Commission, Joint Research Centre (JRC) — EDGAR",https://edgar.jrc.ec.europa.eu/dataset_ghg2025,CC BY 4.0,"A-011_GHG 배출량[에너지, 산업공정, 농업, 폐기물].xlsx",1.1_observation(측정값),327,BGD-ALL-DATA-DISPLAY-2026-09-29,
A-011,"GHG 배출량[에너지, 산업공정, 농업, 폐기물]",observation,bgd-v158-a-011-obs-00325,A-011_emissions_sector_other_indirect_n2o,BGD,2019,2019,2019,,,,0.781908,Mt CO2eq,,,,,,"[기타 온실가스 처리 및 대체 기술 (Other GHG treatment)] [기타(간접 N2O)] European Commission, Joint Research Centre (JRC) — EDGAR 「EDGAR_AR5_GHG / IPCC 2006 code 5.A」 기준. Mt CO2eq (GWP-100 AR5). IPCC 2006 코드 5.A.","European Commission, Joint Research Centre (JRC) — EDGAR",https://edgar.jrc.ec.europa.eu/dataset_ghg2025,CC BY 4.0,"A-011_GHG 배출량[에너지, 산업공정, 농업, 폐기물].xlsx",1.1_observation(측정값),328,BGD-ALL-DATA-DISPLAY-2026-09-29,
A-011,"GHG 배출량[에너지, 산업공정, 농업, 폐기물]",observation,bgd-v158-a-011-obs-00326,A-011_emissions_sector_other_indirect_n2o,BGD,2020,2020,2020,,,,0.736517,Mt CO2eq,,,,,,"[기타 온실가스 처리 및 대체 기술 (Other GHG treatment)] [기타(간접 N2O)] European Commission, Joint Research Centre (JRC) — EDGAR 「EDGAR_AR5_GHG / IPCC 2006 code 5.A」 기준. Mt CO2eq (GWP-100 AR5). IPCC 2006 코드 5.A.","European Commission, Joint Research Centre (JRC) — EDGAR",https://edgar.jrc.ec.europa.eu/dataset_ghg2025,CC BY 4.0,"A-011_GHG 배출량[에너지, 산업공정, 농업, 폐기물].xlsx",1.1_observation(측정값),329,BGD-ALL-DATA-DISPLAY-2026-09-29,
A-011,"GHG 배출량[에너지, 산업공정, 농업, 폐기물]",observation,bgd-v158-a-011-obs-00327,A-011_emissions_sector_other_indirect_n2o,BGD,2021,2021,2021,,,,0.882706,Mt CO2eq,,,,,,"[기타 온실가스 처리 및 대체 기술 (Other GHG treatment)] [기타(간접 N2O)] European Commission, Joint Research Centre (JRC) — EDGAR 「EDGAR_AR5_GHG / IPCC 2006 code 5.A」 기준. Mt CO2eq (GWP-100 AR5). IPCC 2006 코드 5.A.","European Commission, Joint Research Centre (JRC) — EDGAR",https://edgar.jrc.ec.europa.eu/dataset_ghg2025,CC BY 4.0,"A-011_GHG 배출량[에너지, 산업공정, 농업, 폐기물].xlsx",1.1_observation(측정값),330,BGD-ALL-DATA-DISPLAY-2026-09-29,
A-011,"GHG 배출량[에너지, 산업공정, 농업, 폐기물]",observation,bgd-v158-a-011-obs-00328,A-011_emissions_sector_other_indirect_n2o,BGD,2022,2022,2022,,,,0.937437,Mt CO2eq,,,,,,"[기타 온실가스 처리 및 대체 기술 (Other GHG treatment)] [기타(간접 N2O)] European Commission, Joint Research Centre (JRC) — EDGAR 「EDGAR_AR5_GHG / IPCC 2006 code 5.A」 기준. Mt CO2eq (GWP-100 AR5). IPCC 2006 코드 5.A.","European Commission, Joint Research Centre (JRC) — EDGAR",https://edgar.jrc.ec.europa.eu/dataset_ghg2025,CC BY 4.0,"A-011_GHG 배출량[에너지, 산업공정, 농업, 폐기물].xlsx",1.1_observation(측정값),331,BGD-ALL-DATA-DISPLAY-2026-09-29,
A-011,"GHG 배출량[에너지, 산업공정, 농업, 폐기물]",observation,bgd-v158-a-011-obs-00329,A-011_emissions_sector_other_indirect_n2o,BGD,2023,2023,2023,,,,0.897792,Mt CO2eq,,,,,,"[기타 온실가스 처리 및 대체 기술 (Other GHG treatment)] [기타(간접 N2O)] European Commission, Joint Research Centre (JRC) — EDGAR 「EDGAR_AR5_GHG / IPCC 2006 code 5.A」 기준. Mt CO2eq (GWP-100 AR5). IPCC 2006 코드 5.A.","European Commission, Joint Research Centre (JRC) — EDGAR",https://edgar.jrc.ec.europa.eu/dataset_ghg2025,CC BY 4.0,"A-011_GHG 배출량[에너지, 산업공정, 농업, 폐기물].xlsx",1.1_observation(측정값),332,BGD-ALL-DATA-DISPLAY-2026-09-29,
A-011,"GHG 배출량[에너지, 산업공정, 농업, 폐기물]",observation,bgd-v158-a-011-obs-00330,A-011_emissions_sector_other_indirect_n2o,BGD,2024,2024,2024,,,,0.980503,Mt CO2eq,,,,,,"[기타 온실가스 처리 및 대체 기술 (Other GHG treatment)] [기타(간접 N2O)] European Commission, Joint Research Centre (JRC) — EDGAR 「EDGAR_AR5_GHG / IPCC 2006 code 5.A」 기준. Mt CO2eq (GWP-100 AR5). IPCC 2006 코드 5.A.","European Commission, Joint Research Centre (JRC) — EDGAR",https://edgar.jrc.ec.europa.eu/dataset_ghg2025,CC BY 4.0,"A-011_GHG 배출량[에너지, 산업공정, 농업, 폐기물].xlsx",1.1_observation(측정값),333,BGD-ALL-DATA-DISPLAY-2026-09-29,
A-011,"GHG 배출량[에너지, 산업공정, 농업, 폐기물]",observation,bgd-v158-a-011-obs-00331,A-011_emissions_sector_power_industry,BGD,1970,1970,1970,,,,0.675267,Mt CO2eq,,,,,,"[발전효율 기술 (Power generation efficiency)] [발전] European Commission, Joint Research Centre (JRC) — EDGAR 「EDGAR GHG_Power Industry」 기준. Mt CO2eq (GWP-100 AR5). IPCC 2006 코드 1.A.1.a.","European Commission, Joint Research Centre (JRC) — EDGAR",https://edgar.jrc.ec.europa.eu/dataset_ghg2025,CC BY 4.0,"A-011_GHG 배출량[에너지, 산업공정, 농업, 폐기물].xlsx",1.1_observation(측정값),334,BGD-ALL-DATA-DISPLAY-2026-09-29,
A-011,"GHG 배출량[에너지, 산업공정, 농업, 폐기물]",observation,bgd-v158-a-011-obs-00332,A-011_emissions_sector_power_industry,BGD,1971,1971,1971,,,,0.675251,Mt CO2eq,,,,,,"[발전효율 기술 (Power generation efficiency)] [발전] European Commission, Joint Research Centre (JRC) — EDGAR 「EDGAR GHG_Power Industry」 기준. Mt CO2eq (GWP-100 AR5). IPCC 2006 코드 1.A.1.a.","European Commission, Joint Research Centre (JRC) — EDGAR",https://edgar.jrc.ec.europa.eu/dataset_ghg2025,CC BY 4.0,"A-011_GHG 배출량[에너지, 산업공정, 농업, 폐기물].xlsx",1.1_observation(측정값),335,BGD-ALL-DATA-DISPLAY-2026-09-29,
A-011,"GHG 배출량[에너지, 산업공정, 농업, 폐기물]",observation,bgd-v158-a-011-obs-00333,A-011_emissions_sector_power_industry,BGD,1972,1972,1972,,,,0.675251,Mt CO2eq,,,,,,"[발전효율 기술 (Power generation efficiency)] [발전] European Commission, Joint Research Centre (JRC) — EDGAR 「EDGAR GHG_Power Industry」 기준. Mt CO2eq (GWP-100 AR5). IPCC 2006 코드 1.A.1.a.","European Commission, Joint Research Centre (JRC) — EDGAR",https://edgar.jrc.ec.europa.eu/dataset_ghg2025,CC BY 4.0,"A-011_GHG 배출량[에너지, 산업공정, 농업, 폐기물].xlsx",1.1_observation(측정값),336,BGD-ALL-DATA-DISPLAY-2026-09-29,
A-011,"GHG 배출량[에너지, 산업공정, 농업, 폐기물]",observation,bgd-v158-a-011-obs-00334,A-011_emissions_sector_power_industry,BGD,1973,1973,1973,,,,1.041414,Mt CO2eq,,,,,,"[발전효율 기술 (Power generation efficiency)] [발전] European Commission, Joint Research Centre (JRC) — EDGAR 「EDGAR GHG_Power Industry」 기준. Mt CO2eq (GWP-100 AR5). IPCC 2006 코드 1.A.1.a.","European Commission, Joint Research Centre (JRC) — EDGAR",https://edgar.jrc.ec.europa.eu/dataset_ghg2025,CC BY 4.0,"A-011_GHG 배출량[에너지, 산업공정, 농업, 폐기물].xlsx",1.1_observation(측정값),337,BGD-ALL-DATA-DISPLAY-2026-09-29,
A-011,"GHG 배출량[에너지, 산업공정, 농업, 폐기물]",observation,bgd-v158-a-011-obs-00335,A-011_emissions_sector_power_industry,BGD,1974,1974,1974,,,,1.027946,Mt CO2eq,,,,,,"[발전효율 기술 (Power generation efficiency)] [발전] European Commission, Joint Research Centre (JRC) — EDGAR 「EDGAR GHG_Power Industry」 기준. Mt CO2eq (GWP-100 AR5). IPCC 2006 코드 1.A.1.a.","European Commission, Joint Research Centre (JRC) — EDGAR",https://edgar.jrc.ec.europa.eu/dataset_ghg2025,CC BY 4.0,"A-011_GHG 배출량[에너지, 산업공정, 농업, 폐기물].xlsx",1.1_observation(측정값),338,BGD-ALL-DATA-DISPLAY-2026-09-29,
A-011,"GHG 배출량[에너지, 산업공정, 농업, 폐기물]",observation,bgd-v158-a-011-obs-00336,A-011_emissions_sector_power_industry,BGD,1975,1975,1975,,,,0.891149,Mt CO2eq,,,,,,"[발전효율 기술 (Power generation efficiency)] [발전] European Commission, Joint Research Centre (JRC) — EDGAR 「EDGAR GHG_Power Industry」 기준. Mt CO2eq (GWP-100 AR5). IPCC 2006 코드 1.A.1.a.","European Commission, Joint Research Centre (JRC) — EDGAR",https://edgar.jrc.ec.europa.eu/dataset_ghg2025,CC BY 4.0,"A-011_GHG 배출량[에너지, 산업공정, 농업, 폐기물].xlsx",1.1_observation(측정값),339,BGD-ALL-DATA-DISPLAY-2026-09-29,
A-011,"GHG 배출량[에너지, 산업공정, 농업, 폐기물]",observation,bgd-v158-a-011-obs-00337,A-011_emissions_sector_power_industry,BGD,1976,1976,1976,,,,0.936309,Mt CO2eq,,,,,,"[발전효율 기술 (Power generation efficiency)] [발전] European Commission, Joint Research Centre (JRC) — EDGAR 「EDGAR GHG_Power Industry」 기준. Mt CO2eq (GWP-100 AR5). IPCC 2006 코드 1.A.1.a.","European Commission, Joint Research Centre (JRC) — EDGAR",https://edgar.jrc.ec.europa.eu/dataset_ghg2025,CC BY 4.0,"A-011_GHG 배출량[에너지, 산업공정, 농업, 폐기물].xlsx",1.1_observation(측정값),340,BGD-ALL-DATA-DISPLAY-2026-09-29,
A-011,"GHG 배출량[에너지, 산업공정, 농업, 폐기물]",observation,bgd-v158-a-011-obs-00338,A-011_emissions_sector_power_industry,BGD,1977,1977,1977,,,,1.02809,Mt CO2eq,,,,,,"[발전효율 기술 (Power generation efficiency)] [발전] European Commission, Joint Research Centre (JRC) — EDGAR 「EDGAR GHG_Power Industry」 기준. Mt CO2eq (GWP-100 AR5). IPCC 2006 코드 1.A.1.a.","European Commission, Joint Research Centre (JRC) — EDGAR",https://edgar.jrc.ec.europa.eu/dataset_ghg2025,CC BY 4.0,"A-011_GHG 배출량[에너지, 산업공정, 농업, 폐기물].xlsx",1.1_observation(측정값),341,BGD-ALL-DATA-DISPLAY-2026-09-29,
A-011,"GHG 배출량[에너지, 산업공정, 농업, 폐기물]",observation,bgd-v158-a-011-obs-00339,A-011_emissions_sector_power_industry,BGD,1978,1978,1978,,,,1.253007,Mt CO2eq,,,,,,"[발전효율 기술 (Power generation efficiency)] [발전] European Commission, Joint Research Centre (JRC) — EDGAR 「EDGAR GHG_Power Industry」 기준. Mt CO2eq (GWP-100 AR5). IPCC 2006 코드 1.A.1.a.","European Commission, Joint Research Centre (JRC) — EDGAR",https://edgar.jrc.ec.europa.eu/dataset_ghg2025,CC BY 4.0,"A-011_GHG 배출량[에너지, 산업공정, 농업, 폐기물].xlsx",1.1_observation(측정값),342,BGD-ALL-DATA-DISPLAY-2026-09-29,
A-011,"GHG 배출량[에너지, 산업공정, 농업, 폐기물]",observation,bgd-v158-a-011-obs-00340,A-011_emissions_sector_power_industry,BGD,1979,1979,1979,,,,1.391651,Mt CO2eq,,,,,,"[발전효율 기술 (Power generation efficiency)] [발전] European Commission, Joint Research Centre (JRC) — EDGAR 「EDGAR GHG_Power Industry」 기준. Mt CO2eq (GWP-100 AR5). IPCC 2006 코드 1.A.1.a.","European Commission, Joint Research Centre (JRC) — EDGAR",https://edgar.jrc.ec.europa.eu/dataset_ghg2025,CC BY 4.0,"A-011_GHG 배출량[에너지, 산업공정, 농업, 폐기물].xlsx",1.1_observation(측정값),343,BGD-ALL-DATA-DISPLAY-2026-09-29,
A-011,"GHG 배출량[에너지, 산업공정, 농업, 폐기물]",observation,bgd-v158-a-011-obs-00341,A-011_emissions_sector_power_industry,BGD,1980,1980,1980,,,,1.551596,Mt CO2eq,,,,,,"[발전효율 기술 (Power generation efficiency)] [발전] European Commission, Joint Research Centre (JRC) — EDGAR 「EDGAR GHG_Power Industry」 기준. Mt CO2eq (GWP-100 AR5). IPCC 2006 코드 1.A.1.a.","European Commission, Joint Research Centre (JRC) — EDGAR",https://edgar.jrc.ec.europa.eu/dataset_ghg2025,CC BY 4.0,"A-011_GHG 배출량[에너지, 산업공정, 농업, 폐기물].xlsx",1.1_observation(측정값),344,BGD-ALL-DATA-DISPLAY-2026-09-29,
A-011,"GHG 배출량[에너지, 산업공정, 농업, 폐기물]",observation,bgd-v158-a-011-obs-00342,A-011_emissions_sector_power_industry,BGD,1981,1981,1981,,,,1.46664,Mt CO2eq,,,,,,"[발전효율 기술 (Power generation efficiency)] [발전] European Commission, Joint Research Centre (JRC) — EDGAR 「EDGAR GHG_Power Industry」 기준. Mt CO2eq (GWP-100 AR5). IPCC 2006 코드 1.A.1.a.","European Commission, Joint Research Centre (JRC) — EDGAR",https://edgar.jrc.ec.europa.eu/dataset_ghg2025,CC BY 4.0,"A-011_GHG 배출량[에너지, 산업공정, 농업, 폐기물].xlsx",1.1_observation(측정값),345,BGD-ALL-DATA-DISPLAY-2026-09-29,
A-011,"GHG 배출량[에너지, 산업공정, 농업, 폐기물]",observation,bgd-v158-a-011-obs-00343,A-011_emissions_sector_power_industry,BGD,1982,1982,1982,,,,1.791828,Mt CO2eq,,,,,,"[발전효율 기술 (Power generation efficiency)] [발전] European Commission, Joint Research Centre (JRC) — EDGAR 「EDGAR GHG_Power Industry」 기준. Mt CO2eq (GWP-100 AR5). IPCC 2006 코드 1.A.1.a.","European Commission, Joint Research Centre (JRC) — EDGAR",https://edgar.jrc.ec.europa.eu/dataset_ghg2025,CC BY 4.0,"A-011_GHG 배출량[에너지, 산업공정, 농업, 폐기물].xlsx",1.1_observation(측정값),346,BGD-ALL-DATA-DISPLAY-2026-09-29,
A-011,"GHG 배출량[에너지, 산업공정, 농업, 폐기물]",observation,bgd-v158-a-011-obs-00344,A-011_emissions_sector_power_industry,BGD,1983,1983,1983,,,,1.807011,Mt CO2eq,,,,,,"[발전효율 기술 (Power generation efficiency)] [발전] European Commission, Joint Research Centre (JRC) — EDGAR 「EDGAR GHG_Power Industry」 기준. Mt CO2eq (GWP-100 AR5). IPCC 2006 코드 1.A.1.a.","European Commission, Joint Research Centre (JRC) — EDGAR",https://edgar.jrc.ec.europa.eu/dataset_ghg2025,CC BY 4.0,"A-011_GHG 배출량[에너지, 산업공정, 농업, 폐기물].xlsx",1.1_observation(측정값),347,BGD-ALL-DATA-DISPLAY-2026-09-29,
A-011,"GHG 배출량[에너지, 산업공정, 농업, 폐기물]",observation,bgd-v158-a-011-obs-00345,A-011_emissions_sector_power_industry,BGD,1984,1984,1984,,,,1.948306,Mt CO2eq,,,,,,"[발전효율 기술 (Power generation efficiency)] [발전] European Commission, Joint Research Centre (JRC) — EDGAR 「EDGAR GHG_Power Industry」 기준. Mt CO2eq (GWP-100 AR5). IPCC 2006 코드 1.A.1.a.","European Commission, Joint Research Centre (JRC) — EDGAR",https://edgar.jrc.ec.europa.eu/dataset_ghg2025,CC BY 4.0,"A-011_GHG 배출량[에너지, 산업공정, 농업, 폐기물].xlsx",1.1_observation(측정값),348,BGD-ALL-DATA-DISPLAY-2026-09-29,
A-011,"GHG 배출량[에너지, 산업공정, 농업, 폐기물]",observation,bgd-v158-a-011-obs-00346,A-011_emissions_sector_power_industry,BGD,1985,1985,1985,,,,2.846853,Mt CO2eq,,,,,,"[발전효율 기술 (Power generation efficiency)] [발전] European Commission, Joint Research Centre (JRC) — EDGAR 「EDGAR GHG_Power Industry」 기준. Mt CO2eq (GWP-100 AR5). IPCC 2006 코드 1.A.1.a.","European Commission, Joint Research Centre (JRC) — EDGAR",https://edgar.jrc.ec.europa.eu/dataset_ghg2025,CC BY 4.0,"A-011_GHG 배출량[에너지, 산업공정, 농업, 폐기물].xlsx",1.1_observation(측정값),349,BGD-ALL-DATA-DISPLAY-2026-09-29,
A-011,"GHG 배출량[에너지, 산업공정, 농업, 폐기물]",observation,bgd-v158-a-011-obs-00347,A-011_emissions_sector_power_industry,BGD,1986,1986,1986,,,,3.300115,Mt CO2eq,,,,,,"[발전효율 기술 (Power generation efficiency)] [발전] European Commission, Joint Research Centre (JRC) — EDGAR 「EDGAR GHG_Power Industry」 기준. Mt CO2eq (GWP-100 AR5). IPCC 2006 코드 1.A.1.a.","European Commission, Joint Research Centre (JRC) — EDGAR",https://edgar.jrc.ec.europa.eu/dataset_ghg2025,CC BY 4.0,"A-011_GHG 배출량[에너지, 산업공정, 농업, 폐기물].xlsx",1.1_observation(측정값),350,BGD-ALL-DATA-DISPLAY-2026-09-29,
A-011,"GHG 배출량[에너지, 산업공정, 농업, 폐기물]",observation,bgd-v158-a-011-obs-00348,A-011_emissions_sector_power_industry,BGD,1987,1987,1987,,,,3.5491,Mt CO2eq,,,,,,"[발전효율 기술 (Power generation efficiency)] [발전] European Commission, Joint Research Centre (JRC) — EDGAR 「EDGAR GHG_Power Industry」 기준. Mt CO2eq (GWP-100 AR5). IPCC 2006 코드 1.A.1.a.","European Commission, Joint Research Centre (JRC) — EDGAR",https://edgar.jrc.ec.europa.eu/dataset_ghg2025,CC BY 4.0,"A-011_GHG 배출량[에너지, 산업공정, 농업, 폐기물].xlsx",1.1_observation(측정값),351,BGD-ALL-DATA-DISPLAY-2026-09-29,
A-011,"GHG 배출량[에너지, 산업공정, 농업, 폐기물]",observation,bgd-v158-a-011-obs-00349,A-011_emissions_sector_power_industry,BGD,1988,1988,1988,,,,4.067872,Mt CO2eq,,,,,,"[발전효율 기술 (Power generation efficiency)] [발전] European Commission, Joint Research Centre (JRC) — EDGAR 「EDGAR GHG_Power Industry」 기준. Mt CO2eq (GWP-100 AR5). IPCC 2006 코드 1.A.1.a.","European Commission, Joint Research Centre (JRC) — EDGAR",https://edgar.jrc.ec.europa.eu/dataset_ghg2025,CC BY 4.0,"A-011_GHG 배출량[에너지, 산업공정, 농업, 폐기물].xlsx",1.1_observation(측정값),352,BGD-ALL-DATA-DISPLAY-2026-09-29,
A-011,"GHG 배출량[에너지, 산업공정, 농업, 폐기물]",observation,bgd-v158-a-011-obs-00350,A-011_emissions_sector_power_industry,BGD,1989,1989,1989,,,,4.062633,Mt CO2eq,,,,,,"[발전효율 기술 (Power generation efficiency)] [발전] European Commission, Joint Research Centre (JRC) — EDGAR 「EDGAR GHG_Power Industry」 기준. Mt CO2eq (GWP-100 AR5). IPCC 2006 코드 1.A.1.a.","European Commission, Joint Research Centre (JRC) — EDGAR",https://edgar.jrc.ec.europa.eu/dataset_ghg2025,CC BY 4.0,"A-011_GHG 배출량[에너지, 산업공정, 농업, 폐기물].xlsx",1.1_observation(측정값),353,BGD-ALL-DATA-DISPLAY-2026-09-29,
A-011,"GHG 배출량[에너지, 산업공정, 농업, 폐기물]",observation,bgd-v158-a-011-obs-00351,A-011_emissions_sector_power_industry,BGD,1990,1990,1990,,,,4.32011,Mt CO2eq,,,,,,"[발전효율 기술 (Power generation efficiency)] [발전] European Commission, Joint Research Centre (JRC) — EDGAR 「EDGAR GHG_Power Industry」 기준. Mt CO2eq (GWP-100 AR5). IPCC 2006 코드 1.A.1.a.","European Commission, Joint Research Centre (JRC) — EDGAR",https://edgar.jrc.ec.europa.eu/dataset_ghg2025,CC BY 4.0,"A-011_GHG 배출량[에너지, 산업공정, 농업, 폐기물].xlsx",1.1_observation(측정값),354,BGD-ALL-DATA-DISPLAY-2026-09-29,
A-011,"GHG 배출량[에너지, 산업공정, 농업, 폐기물]",observation,bgd-v158-a-011-obs-00352,A-011_emissions_sector_power_industry,BGD,1991,1991,1991,,,,4.476801,Mt CO2eq,,,,,,"[발전효율 기술 (Power generation efficiency)] [발전] European Commission, Joint Research Centre (JRC) — EDGAR 「EDGAR GHG_Power Industry」 기준. Mt CO2eq (GWP-100 AR5). IPCC 2006 코드 1.A.1.a.","European Commission, Joint Research Centre (JRC) — EDGAR",https://edgar.jrc.ec.europa.eu/dataset_ghg2025,CC BY 4.0,"A-011_GHG 배출량[에너지, 산업공정, 농업, 폐기물].xlsx",1.1_observation(측정값),355,BGD-ALL-DATA-DISPLAY-2026-09-29,
A-011,"GHG 배출량[에너지, 산업공정, 농업, 폐기물]",observation,bgd-v158-a-011-obs-00353,A-011_emissions_sector_power_industry,BGD,1992,1992,1992,,,,5.070383,Mt CO2eq,,,,,,"[발전효율 기술 (Power generation efficiency)] [발전] European Commission, Joint Research Centre (JRC) — EDGAR 「EDGAR GHG_Power Industry」 기준. Mt CO2eq (GWP-100 AR5). IPCC 2006 코드 1.A.1.a.","European Commission, Joint Research Centre (JRC) — EDGAR",https://edgar.jrc.ec.europa.eu/dataset_ghg2025,CC BY 4.0,"A-011_GHG 배출량[에너지, 산업공정, 농업, 폐기물].xlsx",1.1_observation(측정값),356,BGD-ALL-DATA-DISPLAY-2026-09-29,
A-011,"GHG 배출량[에너지, 산업공정, 농업, 폐기물]",observation,bgd-v158-a-011-obs-00354,A-011_emissions_sector_power_industry,BGD,1993,1993,1993,,,,5.633618,Mt CO2eq,,,,,,"[발전효율 기술 (Power generation efficiency)] [발전] European Commission, Joint Research Centre (JRC) — EDGAR 「EDGAR GHG_Power Industry」 기준. Mt CO2eq (GWP-100 AR5). IPCC 2006 코드 1.A.1.a.","European Commission, Joint Research Centre (JRC) — EDGAR",https://edgar.jrc.ec.europa.eu/dataset_ghg2025,CC BY 4.0,"A-011_GHG 배출량[에너지, 산업공정, 농업, 폐기물].xlsx",1.1_observation(측정값),357,BGD-ALL-DATA-DISPLAY-2026-09-29,
A-011,"GHG 배출량[에너지, 산업공정, 농업, 폐기물]",observation,bgd-v158-a-011-obs-00355,A-011_emissions_sector_power_industry,BGD,1994,1994,1994,,,,5.936232,Mt CO2eq,,,,,,"[발전효율 기술 (Power generation efficiency)] [발전] European Commission, Joint Research Centre (JRC) — EDGAR 「EDGAR GHG_Power Industry」 기준. Mt CO2eq (GWP-100 AR5). IPCC 2006 코드 1.A.1.a.","European Commission, Joint Research Centre (JRC) — EDGAR",https://edgar.jrc.ec.europa.eu/dataset_ghg2025,CC BY 4.0,"A-011_GHG 배출량[에너지, 산업공정, 농업, 폐기물].xlsx",1.1_observation(측정값),358,BGD-ALL-DATA-DISPLAY-2026-09-29,
A-011,"GHG 배출량[에너지, 산업공정, 농업, 폐기물]",observation,bgd-v158-a-011-obs-00356,A-011_emissions_sector_power_industry,BGD,1995,1995,1995,,,,6.547416,Mt CO2eq,,,,,,"[발전효율 기술 (Power generation efficiency)] [발전] European Commission, Joint Research Centre (JRC) — EDGAR 「EDGAR GHG_Power Industry」 기준. Mt CO2eq (GWP-100 AR5). IPCC 2006 코드 1.A.1.a.","European Commission, Joint Research Centre (JRC) — EDGAR",https://edgar.jrc.ec.europa.eu/dataset_ghg2025,CC BY 4.0,"A-011_GHG 배출량[에너지, 산업공정, 농업, 폐기물].xlsx",1.1_observation(측정값),359,BGD-ALL-DATA-DISPLAY-2026-09-29,
A-011,"GHG 배출량[에너지, 산업공정, 농업, 폐기물]",observation,bgd-v158-a-011-obs-00357,A-011_emissions_sector_power_industry,BGD,1996,1996,1996,,,,6.557425,Mt CO2eq,,,,,,"[발전효율 기술 (Power generation efficiency)] [발전] European Commission, Joint Research Centre (JRC) — EDGAR 「EDGAR GHG_Power Industry」 기준. Mt CO2eq (GWP-100 AR5). IPCC 2006 코드 1.A.1.a.","European Commission, Joint Research Centre (JRC) — EDGAR",https://edgar.jrc.ec.europa.eu/dataset_ghg2025,CC BY 4.0,"A-011_GHG 배출량[에너지, 산업공정, 농업, 폐기물].xlsx",1.1_observation(측정값),360,BGD-ALL-DATA-DISPLAY-2026-09-29,
A-011,"GHG 배출량[에너지, 산업공정, 농업, 폐기물]",observation,bgd-v158-a-011-obs-00358,A-011_emissions_sector_power_industry,BGD,1997,1997,1997,,,,6.979307,Mt CO2eq,,,,,,"[발전효율 기술 (Power generation efficiency)] [발전] European Commission, Joint Research Centre (JRC) — EDGAR 「EDGAR GHG_Power Industry」 기준. Mt CO2eq (GWP-100 AR5). IPCC 2006 코드 1.A.1.a.","European Commission, Joint Research Centre (JRC) — EDGAR",https://edgar.jrc.ec.europa.eu/dataset_ghg2025,CC BY 4.0,"A-011_GHG 배출량[에너지, 산업공정, 농업, 폐기물].xlsx",1.1_observation(측정값),361,BGD-ALL-DATA-DISPLAY-2026-09-29,
A-011,"GHG 배출량[에너지, 산업공정, 농업, 폐기물]",observation,bgd-v158-a-011-obs-00359,A-011_emissions_sector_power_industry,BGD,1998,1998,1998,,,,7.639573,Mt CO2eq,,,,,,"[발전효율 기술 (Power generation efficiency)] [발전] European Commission, Joint Research Centre (JRC) — EDGAR 「EDGAR GHG_Power Industry」 기준. Mt CO2eq (GWP-100 AR5). IPCC 2006 코드 1.A.1.a.","European Commission, Joint Research Centre (JRC) — EDGAR",https://edgar.jrc.ec.europa.eu/dataset_ghg2025,CC BY 4.0,"A-011_GHG 배출량[에너지, 산업공정, 농업, 폐기물].xlsx",1.1_observation(측정값),362,BGD-ALL-DATA-DISPLAY-2026-09-29,
A-011,"GHG 배출량[에너지, 산업공정, 농업, 폐기물]",observation,bgd-v158-a-011-obs-00360,A-011_emissions_sector_power_industry,BGD,1999,1999,1999,,,,8.629175,Mt CO2eq,,,,,,"[발전효율 기술 (Power generation efficiency)] [발전] European Commission, Joint Research Centre (JRC) — EDGAR 「EDGAR GHG_Power Industry」 기준. Mt CO2eq (GWP-100 AR5). IPCC 2006 코드 1.A.1.a.","European Commission, Joint Research Centre (JRC) — EDGAR",https://edgar.jrc.ec.europa.eu/dataset_ghg2025,CC BY 4.0,"A-011_GHG 배출량[에너지, 산업공정, 농업, 폐기물].xlsx",1.1_observation(측정값),363,BGD-ALL-DATA-DISPLAY-2026-09-29,
A-011,"GHG 배출량[에너지, 산업공정, 농업, 폐기물]",observation,bgd-v158-a-011-obs-00361,A-011_emissions_sector_power_industry,BGD,2000,2000,2000,,,,8.823256,Mt CO2eq,,,,,,"[발전효율 기술 (Power generation efficiency)] [발전] European Commission, Joint Research Centre (JRC) — EDGAR 「EDGAR GHG_Power Industry」 기준. Mt CO2eq (GWP-100 AR5). IPCC 2006 코드 1.A.1.a.","European Commission, Joint Research Centre (JRC) — EDGAR",https://edgar.jrc.ec.europa.eu/dataset_ghg2025,CC BY 4.0,"A-011_GHG 배출량[에너지, 산업공정, 농업, 폐기물].xlsx",1.1_observation(측정값),364,BGD-ALL-DATA-DISPLAY-2026-09-29,
A-011,"GHG 배출량[에너지, 산업공정, 농업, 폐기물]",observation,bgd-v158-a-011-obs-00362,A-011_emissions_sector_power_industry,BGD,2001,2001,2001,,,,10.543005,Mt CO2eq,,,,,,"[발전효율 기술 (Power generation efficiency)] [발전] European Commission, Joint Research Centre (JRC) — EDGAR 「EDGAR GHG_Power Industry」 기준. Mt CO2eq (GWP-100 AR5). IPCC 2006 코드 1.A.1.a.","European Commission, Joint Research Centre (JRC) — EDGAR",https://edgar.jrc.ec.europa.eu/dataset_ghg2025,CC BY 4.0,"A-011_GHG 배출량[에너지, 산업공정, 농업, 폐기물].xlsx",1.1_observation(측정값),365,BGD-ALL-DATA-DISPLAY-2026-09-29,
A-011,"GHG 배출량[에너지, 산업공정, 농업, 폐기물]",observation,bgd-v158-a-011-obs-00363,A-011_emissions_sector_power_industry,BGD,2002,2002,2002,,,,11.337531,Mt CO2eq,,,,,,"[발전효율 기술 (Power generation efficiency)] [발전] European Commission, Joint Research Centre (JRC) — EDGAR 「EDGAR GHG_Power Industry」 기준. Mt CO2eq (GWP-100 AR5). IPCC 2006 코드 1.A.1.a.","European Commission, Joint Research Centre (JRC) — EDGAR",https://edgar.jrc.ec.europa.eu/dataset_ghg2025,CC BY 4.0,"A-011_GHG 배출량[에너지, 산업공정, 농업, 폐기물].xlsx",1.1_observation(측정값),366,BGD-ALL-DATA-DISPLAY-2026-09-29,
A-011,"GHG 배출량[에너지, 산업공정, 농업, 폐기물]",observation,bgd-v158-a-011-obs-00364,A-011_emissions_sector_power_industry,BGD,2003,2003,2003,,,,11.388607,Mt CO2eq,,,,,,"[발전효율 기술 (Power generation efficiency)] [발전] European Commission, Joint Research Centre (JRC) — EDGAR 「EDGAR GHG_Power Industry」 기준. Mt CO2eq (GWP-100 AR5). IPCC 2006 코드 1.A.1.a.","European Commission, Joint Research Centre (JRC) — EDGAR",https://edgar.jrc.ec.europa.eu/dataset_ghg2025,CC BY 4.0,"A-011_GHG 배출량[에너지, 산업공정, 농업, 폐기물].xlsx",1.1_observation(측정값),367,BGD-ALL-DATA-DISPLAY-2026-09-29,
A-011,"GHG 배출량[에너지, 산업공정, 농업, 폐기물]",observation,bgd-v158-a-011-obs-00365,A-011_emissions_sector_power_industry,BGD,2004,2004,2004,,,,13.354065,Mt CO2eq,,,,,,"[발전효율 기술 (Power generation efficiency)] [발전] European Commission, Joint Research Centre (JRC) — EDGAR 「EDGAR GHG_Power Industry」 기준. Mt CO2eq (GWP-100 AR5). IPCC 2006 코드 1.A.1.a.","European Commission, Joint Research Centre (JRC) — EDGAR",https://edgar.jrc.ec.europa.eu/dataset_ghg2025,CC BY 4.0,"A-011_GHG 배출량[에너지, 산업공정, 농업, 폐기물].xlsx",1.1_observation(측정값),368,BGD-ALL-DATA-DISPLAY-2026-09-29,
A-011,"GHG 배출량[에너지, 산업공정, 농업, 폐기물]",observation,bgd-v158-a-011-obs-00366,A-011_emissions_sector_power_industry,BGD,2005,2005,2005,,,,14.567991,Mt CO2eq,,,,,,"[발전효율 기술 (Power generation efficiency)] [발전] European Commission, Joint Research Centre (JRC) — EDGAR 「EDGAR GHG_Power Industry」 기준. Mt CO2eq (GWP-100 AR5). IPCC 2006 코드 1.A.1.a.","European Commission, Joint Research Centre (JRC) — EDGAR",https://edgar.jrc.ec.europa.eu/dataset_ghg2025,CC BY 4.0,"A-011_GHG 배출량[에너지, 산업공정, 농업, 폐기물].xlsx",1.1_observation(측정값),369,BGD-ALL-DATA-DISPLAY-2026-09-29,
A-011,"GHG 배출량[에너지, 산업공정, 농업, 폐기물]",observation,bgd-v158-a-011-obs-00367,A-011_emissions_sector_power_industry,BGD,2006,2006,2006,,,,16.811672,Mt CO2eq,,,,,,"[발전효율 기술 (Power generation efficiency)] [발전] European Commission, Joint Research Centre (JRC) — EDGAR 「EDGAR GHG_Power Industry」 기준. Mt CO2eq (GWP-100 AR5). IPCC 2006 코드 1.A.1.a.","European Commission, Joint Research Centre (JRC) — EDGAR",https://edgar.jrc.ec.europa.eu/dataset_ghg2025,CC BY 4.0,"A-011_GHG 배출량[에너지, 산업공정, 농업, 폐기물].xlsx",1.1_observation(측정값),370,BGD-ALL-DATA-DISPLAY-2026-09-29,
A-011,"GHG 배출량[에너지, 산업공정, 농업, 폐기물]",observation,bgd-v158-a-011-obs-00368,A-011_emissions_sector_power_industry,BGD,2007,2007,2007,,,,18.13113,Mt CO2eq,,,,,,"[발전효율 기술 (Power generation efficiency)] [발전] European Commission, Joint Research Centre (JRC) — EDGAR 「EDGAR GHG_Power Industry」 기준. Mt CO2eq (GWP-100 AR5). IPCC 2006 코드 1.A.1.a.","European Commission, Joint Research Centre (JRC) — EDGAR",https://edgar.jrc.ec.europa.eu/dataset_ghg2025,CC BY 4.0,"A-011_GHG 배출량[에너지, 산업공정, 농업, 폐기물].xlsx",1.1_observation(측정값),371,BGD-ALL-DATA-DISPLAY-2026-09-29,
A-011,"GHG 배출량[에너지, 산업공정, 농업, 폐기물]",observation,bgd-v158-a-011-obs-00369,A-011_emissions_sector_power_industry,BGD,2008,2008,2008,,,,19.537214,Mt CO2eq,,,,,,"[발전효율 기술 (Power generation efficiency)] [발전] European Commission, Joint Research Centre (JRC) — EDGAR 「EDGAR GHG_Power Industry」 기준. Mt CO2eq (GWP-100 AR5). IPCC 2006 코드 1.A.1.a.","European Commission, Joint Research Centre (JRC) — EDGAR",https://edgar.jrc.ec.europa.eu/dataset_ghg2025,CC BY 4.0,"A-011_GHG 배출량[에너지, 산업공정, 농업, 폐기물].xlsx",1.1_observation(측정값),372,BGD-ALL-DATA-DISPLAY-2026-09-29,
A-011,"GHG 배출량[에너지, 산업공정, 농업, 폐기물]",observation,bgd-v158-a-011-obs-00370,A-011_emissions_sector_power_industry,BGD,2009,2009,2009,,,,21.725619,Mt CO2eq,,,,,,"[발전효율 기술 (Power generation efficiency)] [발전] European Commission, Joint Research Centre (JRC) — EDGAR 「EDGAR GHG_Power Industry」 기준. Mt CO2eq (GWP-100 AR5). IPCC 2006 코드 1.A.1.a.","European Commission, Joint Research Centre (JRC) — EDGAR",https://edgar.jrc.ec.europa.eu/dataset_ghg2025,CC BY 4.0,"A-011_GHG 배출량[에너지, 산업공정, 농업, 폐기물].xlsx",1.1_observation(측정값),373,BGD-ALL-DATA-DISPLAY-2026-09-29,
A-011,"GHG 배출량[에너지, 산업공정, 농업, 폐기물]",observation,bgd-v158-a-011-obs-00371,A-011_emissions_sector_power_industry,BGD,2010,2010,2010,,,,24.20897,Mt CO2eq,,,,,,"[발전효율 기술 (Power generation efficiency)] [발전] European Commission, Joint Research Centre (JRC) — EDGAR 「EDGAR GHG_Power Industry」 기준. Mt CO2eq (GWP-100 AR5). IPCC 2006 코드 1.A.1.a.","European Commission, Joint Research Centre (JRC) — EDGAR",https://edgar.jrc.ec.europa.eu/dataset_ghg2025,CC BY 4.0,"A-011_GHG 배출량[에너지, 산업공정, 농업, 폐기물].xlsx",1.1_observation(측정값),374,BGD-ALL-DATA-DISPLAY-2026-09-29,
A-011,"GHG 배출량[에너지, 산업공정, 농업, 폐기물]",observation,bgd-v158-a-011-obs-00372,A-011_emissions_sector_power_industry,BGD,2011,2011,2011,,,,26.333875,Mt CO2eq,,,,,,"[발전효율 기술 (Power generation efficiency)] [발전] European Commission, Joint Research Centre (JRC) — EDGAR 「EDGAR GHG_Power Industry」 기준. Mt CO2eq (GWP-100 AR5). IPCC 2006 코드 1.A.1.a.","European Commission, Joint Research Centre (JRC) — EDGAR",https://edgar.jrc.ec.europa.eu/dataset_ghg2025,CC BY 4.0,"A-011_GHG 배출량[에너지, 산업공정, 농업, 폐기물].xlsx",1.1_observation(측정값),375,BGD-ALL-DATA-DISPLAY-2026-09-29,
A-011,"GHG 배출량[에너지, 산업공정, 농업, 폐기물]",observation,bgd-v158-a-011-obs-00373,A-011_emissions_sector_power_industry,BGD,2012,2012,2012,,,,29.824751,Mt CO2eq,,,,,,"[발전효율 기술 (Power generation efficiency)] [발전] European Commission, Joint Research Centre (JRC) — EDGAR 「EDGAR GHG_Power Industry」 기준. Mt CO2eq (GWP-100 AR5). IPCC 2006 코드 1.A.1.a.","European Commission, Joint Research Centre (JRC) — EDGAR",https://edgar.jrc.ec.europa.eu/dataset_ghg2025,CC BY 4.0,"A-011_GHG 배출량[에너지, 산업공정, 농업, 폐기물].xlsx",1.1_observation(측정값),376,BGD-ALL-DATA-DISPLAY-2026-09-29,
A-011,"GHG 배출량[에너지, 산업공정, 농업, 폐기물]",observation,bgd-v158-a-011-obs-00374,A-011_emissions_sector_power_industry,BGD,2013,2013,2013,,,,33.230541,Mt CO2eq,,,,,,"[발전효율 기술 (Power generation efficiency)] [발전] European Commission, Joint Research Centre (JRC) — EDGAR 「EDGAR GHG_Power Industry」 기준. Mt CO2eq (GWP-100 AR5). IPCC 2006 코드 1.A.1.a.","European Commission, Joint Research Centre (JRC) — EDGAR",https://edgar.jrc.ec.europa.eu/dataset_ghg2025,CC BY 4.0,"A-011_GHG 배출량[에너지, 산업공정, 농업, 폐기물].xlsx",1.1_observation(측정값),377,BGD-ALL-DATA-DISPLAY-2026-09-29,
A-011,"GHG 배출량[에너지, 산업공정, 농업, 폐기물]",observation,bgd-v158-a-011-obs-00375,A-011_emissions_sector_power_industry,BGD,2014,2014,2014,,,,35.495374,Mt CO2eq,,,,,,"[발전효율 기술 (Power generation efficiency)] [발전] European Commission, Joint Research Centre (JRC) — EDGAR 「EDGAR GHG_Power Industry」 기준. Mt CO2eq (GWP-100 AR5). IPCC 2006 코드 1.A.1.a.","European Commission, Joint Research Centre (JRC) — EDGAR",https://edgar.jrc.ec.europa.eu/dataset_ghg2025,CC BY 4.0,"A-011_GHG 배출량[에너지, 산업공정, 농업, 폐기물].xlsx",1.1_observation(측정값),378,BGD-ALL-DATA-DISPLAY-2026-09-29,
A-011,"GHG 배출량[에너지, 산업공정, 농업, 폐기물]",observation,bgd-v158-a-011-obs-00376,A-011_emissions_sector_power_industry,BGD,2015,2015,2015,,,,38.025616,Mt CO2eq,,,,,,"[발전효율 기술 (Power generation efficiency)] [발전] European Commission, Joint Research Centre (JRC) — EDGAR 「EDGAR GHG_Power Industry」 기준. Mt CO2eq (GWP-100 AR5). IPCC 2006 코드 1.A.1.a.","European Commission, Joint Research Centre (JRC) — EDGAR",https://edgar.jrc.ec.europa.eu/dataset_ghg2025,CC BY 4.0,"A-011_GHG 배출량[에너지, 산업공정, 농업, 폐기물].xlsx",1.1_observation(측정값),379,BGD-ALL-DATA-DISPLAY-2026-09-29,
A-011,"GHG 배출량[에너지, 산업공정, 농업, 폐기물]",observation,bgd-v158-a-011-obs-00377,A-011_emissions_sector_power_industry,BGD,2016,2016,2016,,,,42.491758,Mt CO2eq,,,,,,"[발전효율 기술 (Power generation efficiency)] [발전] European Commission, Joint Research Centre (JRC) — EDGAR 「EDGAR GHG_Power Industry」 기준. Mt CO2eq (GWP-100 AR5). IPCC 2006 코드 1.A.1.a.","European Commission, Joint Research Centre (JRC) — EDGAR",https://edgar.jrc.ec.europa.eu/dataset_ghg2025,CC BY 4.0,"A-011_GHG 배출량[에너지, 산업공정, 농업, 폐기물].xlsx",1.1_observation(측정값),380,BGD-ALL-DATA-DISPLAY-2026-09-29,
A-011,"GHG 배출량[에너지, 산업공정, 농업, 폐기물]",observation,bgd-v158-a-011-obs-00378,A-011_emissions_sector_power_industry,BGD,2017,2017,2017,,,,44.292477,Mt CO2eq,,,,,,"[발전효율 기술 (Power generation efficiency)] [발전] European Commission, Joint Research Centre (JRC) — EDGAR 「EDGAR GHG_Power Industry」 기준. Mt CO2eq (GWP-100 AR5). IPCC 2006 코드 1.A.1.a.","European Commission, Joint Research Centre (JRC) — EDGAR",https://edgar.jrc.ec.europa.eu/dataset_ghg2025,CC BY 4.0,"A-011_GHG 배출량[에너지, 산업공정, 농업, 폐기물].xlsx",1.1_observation(측정값),381,BGD-ALL-DATA-DISPLAY-2026-09-29,
A-011,"GHG 배출량[에너지, 산업공정, 농업, 폐기물]",observation,bgd-v158-a-011-obs-00379,A-011_emissions_sector_power_industry,BGD,2018,2018,2018,,,,46.598201,Mt CO2eq,,,,,,"[발전효율 기술 (Power generation efficiency)] [발전] European Commission, Joint Research Centre (JRC) — EDGAR 「EDGAR GHG_Power Industry」 기준. Mt CO2eq (GWP-100 AR5). IPCC 2006 코드 1.A.1.a.","European Commission, Joint Research Centre (JRC) — EDGAR",https://edgar.jrc.ec.europa.eu/dataset_ghg2025,CC BY 4.0,"A-011_GHG 배출량[에너지, 산업공정, 농업, 폐기물].xlsx",1.1_observation(측정값),382,BGD-ALL-DATA-DISPLAY-2026-09-29,
A-011,"GHG 배출량[에너지, 산업공정, 농업, 폐기물]",observation,bgd-v158-a-011-obs-00380,A-011_emissions_sector_power_industry,BGD,2019,2019,2019,,,,47.766341,Mt CO2eq,,,,,,"[발전효율 기술 (Power generation efficiency)] [발전] European Commission, Joint Research Centre (JRC) — EDGAR 「EDGAR GHG_Power Industry」 기준. Mt CO2eq (GWP-100 AR5). IPCC 2006 코드 1.A.1.a.","European Commission, Joint Research Centre (JRC) — EDGAR",https://edgar.jrc.ec.europa.eu/dataset_ghg2025,CC BY 4.0,"A-011_GHG 배출량[에너지, 산업공정, 농업, 폐기물].xlsx",1.1_observation(측정값),383,BGD-ALL-DATA-DISPLAY-2026-09-29,
A-011,"GHG 배출량[에너지, 산업공정, 농업, 폐기물]",observation,bgd-v158-a-011-obs-00381,A-011_emissions_sector_power_industry,BGD,2020,2020,2020,,,,45.989217,Mt CO2eq,,,,,,"[발전효율 기술 (Power generation efficiency)] [발전] European Commission, Joint Research Centre (JRC) — EDGAR 「EDGAR GHG_Power Industry」 기준. Mt CO2eq (GWP-100 AR5). IPCC 2006 코드 1.A.1.a.","European Commission, Joint Research Centre (JRC) — EDGAR",https://edgar.jrc.ec.europa.eu/dataset_ghg2025,CC BY 4.0,"A-011_GHG 배출량[에너지, 산업공정, 농업, 폐기물].xlsx",1.1_observation(측정값),384,BGD-ALL-DATA-DISPLAY-2026-09-29,
A-011,"GHG 배출량[에너지, 산업공정, 농업, 폐기물]",observation,bgd-v158-a-011-obs-00382,A-011_emissions_sector_power_industry,BGD,2021,2021,2021,,,,55.325624,Mt CO2eq,,,,,,"[발전효율 기술 (Power generation efficiency)] [발전] European Commission, Joint Research Centre (JRC) — EDGAR 「EDGAR GHG_Power Industry」 기준. Mt CO2eq (GWP-100 AR5). IPCC 2006 코드 1.A.1.a.","European Commission, Joint Research Centre (JRC) — EDGAR",https://edgar.jrc.ec.europa.eu/dataset_ghg2025,CC BY 4.0,"A-011_GHG 배출량[에너지, 산업공정, 농업, 폐기물].xlsx",1.1_observation(측정값),385,BGD-ALL-DATA-DISPLAY-2026-09-29,
A-011,"GHG 배출량[에너지, 산업공정, 농업, 폐기물]",observation,bgd-v158-a-011-obs-00383,A-011_emissions_sector_power_industry,BGD,2022,2022,2022,,,,60.554579,Mt CO2eq,,,,,,"[발전효율 기술 (Power generation efficiency)] [발전] European Commission, Joint Research Centre (JRC) — EDGAR 「EDGAR GHG_Power Industry」 기준. Mt CO2eq (GWP-100 AR5). IPCC 2006 코드 1.A.1.a.","European Commission, Joint Research Centre (JRC) — EDGAR",https://edgar.jrc.ec.europa.eu/dataset_ghg2025,CC BY 4.0,"A-011_GHG 배출량[에너지, 산업공정, 농업, 폐기물].xlsx",1.1_observation(측정값),386,BGD-ALL-DATA-DISPLAY-2026-09-29,
A-011,"GHG 배출량[에너지, 산업공정, 농업, 폐기물]",observation,bgd-v158-a-011-obs-00384,A-011_emissions_sector_power_industry,BGD,2023,2023,2023,,,,58.778841,Mt CO2eq,,,,,,"[발전효율 기술 (Power generation efficiency)] [발전] European Commission, Joint Research Centre (JRC) — EDGAR 「EDGAR GHG_Power Industry」 기준. Mt CO2eq (GWP-100 AR5). IPCC 2006 코드 1.A.1.a.","European Commission, Joint Research Centre (JRC) — EDGAR",https://edgar.jrc.ec.europa.eu/dataset_ghg2025,CC BY 4.0,"A-011_GHG 배출량[에너지, 산업공정, 농업, 폐기물].xlsx",1.1_observation(측정값),387,BGD-ALL-DATA-DISPLAY-2026-09-29,
A-011,"GHG 배출량[에너지, 산업공정, 농업, 폐기물]",observation,bgd-v158-a-011-obs-00385,A-011_emissions_sector_power_industry,BGD,2024,2024,2024,,,,61.405533,Mt CO2eq,,,,,,"[발전효율 기술 (Power generation efficiency)] [발전] European Commission, Joint Research Centre (JRC) — EDGAR 「EDGAR GHG_Power Industry」 기준. Mt CO2eq (GWP-100 AR5). IPCC 2006 코드 1.A.1.a.","European Commission, Joint Research Centre (JRC) — EDGAR",https://edgar.jrc.ec.europa.eu/dataset_ghg2025,CC BY 4.0,"A-011_GHG 배출량[에너지, 산업공정, 농업, 폐기물].xlsx",1.1_observation(측정값),388,BGD-ALL-DATA-DISPLAY-2026-09-29,
A-011,"GHG 배출량[에너지, 산업공정, 농업, 폐기물]",observation,bgd-v158-a-011-obs-00386,A-011_emissions_sector_transport,BGD,1970,1970,1970,,,,0.254456,Mt CO2eq,,,,,,"[수송효율 기술 (Transport efficiency)] [수송] European Commission, Joint Research Centre (JRC) — EDGAR 「EDGAR GHG_Transport」 기준. Mt CO2eq (GWP-100 AR5). IPCC 2006 코드 1.A.3.a, 1.A.3.b_noRES, 1.A.3.c, 1.A.3.d, 1.A.3.e.","European Commission, Joint Research Centre (JRC) — EDGAR",https://edgar.jrc.ec.europa.eu/dataset_ghg2025,CC BY 4.0,"A-011_GHG 배출량[에너지, 산업공정, 농업, 폐기물].xlsx",1.1_observation(측정값),389,BGD-ALL-DATA-DISPLAY-2026-09-29,
A-011,"GHG 배출량[에너지, 산업공정, 농업, 폐기물]",observation,bgd-v158-a-011-obs-00387,A-011_emissions_sector_transport,BGD,1971,1971,1971,,,,0.254587,Mt CO2eq,,,,,,"[수송효율 기술 (Transport efficiency)] [수송] European Commission, Joint Research Centre (JRC) — EDGAR 「EDGAR GHG_Transport」 기준. Mt CO2eq (GWP-100 AR5). IPCC 2006 코드 1.A.3.a, 1.A.3.b_noRES, 1.A.3.c, 1.A.3.d, 1.A.3.e.","European Commission, Joint Research Centre (JRC) — EDGAR",https://edgar.jrc.ec.europa.eu/dataset_ghg2025,CC BY 4.0,"A-011_GHG 배출량[에너지, 산업공정, 농업, 폐기물].xlsx",1.1_observation(측정값),390,BGD-ALL-DATA-DISPLAY-2026-09-29,
A-011,"GHG 배출량[에너지, 산업공정, 농업, 폐기물]",observation,bgd-v158-a-011-obs-00388,A-011_emissions_sector_transport,BGD,1972,1972,1972,,,,0.254698,Mt CO2eq,,,,,,"[수송효율 기술 (Transport efficiency)] [수송] European Commission, Joint Research Centre (JRC) — EDGAR 「EDGAR GHG_Transport」 기준. Mt CO2eq (GWP-100 AR5). IPCC 2006 코드 1.A.3.a, 1.A.3.b_noRES, 1.A.3.c, 1.A.3.d, 1.A.3.e.","European Commission, Joint Research Centre (JRC) — EDGAR",https://edgar.jrc.ec.europa.eu/dataset_ghg2025,CC BY 4.0,"A-011_GHG 배출량[에너지, 산업공정, 농업, 폐기물].xlsx",1.1_observation(측정값),391,BGD-ALL-DATA-DISPLAY-2026-09-29,
A-011,"GHG 배출량[에너지, 산업공정, 농업, 폐기물]",observation,bgd-v158-a-011-obs-00389,A-011_emissions_sector_transport,BGD,1973,1973,1973,,,,0.240201,Mt CO2eq,,,,,,"[수송효율 기술 (Transport efficiency)] [수송] European Commission, Joint Research Centre (JRC) — EDGAR 「EDGAR GHG_Transport」 기준. Mt CO2eq (GWP-100 AR5). IPCC 2006 코드 1.A.3.a, 1.A.3.b_noRES, 1.A.3.c, 1.A.3.d, 1.A.3.e.","European Commission, Joint Research Centre (JRC) — EDGAR",https://edgar.jrc.ec.europa.eu/dataset_ghg2025,CC BY 4.0,"A-011_GHG 배출량[에너지, 산업공정, 농업, 폐기물].xlsx",1.1_observation(측정값),392,BGD-ALL-DATA-DISPLAY-2026-09-29,
A-011,"GHG 배출량[에너지, 산업공정, 농업, 폐기물]",observation,bgd-v158-a-011-obs-00390,A-011_emissions_sector_transport,BGD,1974,1974,1974,,,,0.514564,Mt CO2eq,,,,,,"[수송효율 기술 (Transport efficiency)] [수송] European Commission, Joint Research Centre (JRC) — EDGAR 「EDGAR GHG_Transport」 기준. Mt CO2eq (GWP-100 AR5). IPCC 2006 코드 1.A.3.a, 1.A.3.b_noRES, 1.A.3.c, 1.A.3.d, 1.A.3.e.","European Commission, Joint Research Centre (JRC) — EDGAR",https://edgar.jrc.ec.europa.eu/dataset_ghg2025,CC BY 4.0,"A-011_GHG 배출량[에너지, 산업공정, 농업, 폐기물].xlsx",1.1_observation(측정값),393,BGD-ALL-DATA-DISPLAY-2026-09-29,
A-011,"GHG 배출량[에너지, 산업공정, 농업, 폐기물]",observation,bgd-v158-a-011-obs-00391,A-011_emissions_sector_transport,BGD,1975,1975,1975,,,,0.644006,Mt CO2eq,,,,,,"[수송효율 기술 (Transport efficiency)] [수송] European Commission, Joint Research Centre (JRC) — EDGAR 「EDGAR GHG_Transport」 기준. Mt CO2eq (GWP-100 AR5). IPCC 2006 코드 1.A.3.a, 1.A.3.b_noRES, 1.A.3.c, 1.A.3.d, 1.A.3.e.","European Commission, Joint Research Centre (JRC) — EDGAR",https://edgar.jrc.ec.europa.eu/dataset_ghg2025,CC BY 4.0,"A-011_GHG 배출량[에너지, 산업공정, 농업, 폐기물].xlsx",1.1_observation(측정값),394,BGD-ALL-DATA-DISPLAY-2026-09-29,
A-011,"GHG 배출량[에너지, 산업공정, 농업, 폐기물]",observation,bgd-v158-a-011-obs-00392,A-011_emissions_sector_transport,BGD,1976,1976,1976,,,,0.67974,Mt CO2eq,,,,,,"[수송효율 기술 (Transport efficiency)] [수송] European Commission, Joint Research Centre (JRC) — EDGAR 「EDGAR GHG_Transport」 기준. Mt CO2eq (GWP-100 AR5). IPCC 2006 코드 1.A.3.a, 1.A.3.b_noRES, 1.A.3.c, 1.A.3.d, 1.A.3.e.","European Commission, Joint Research Centre (JRC) — EDGAR",https://edgar.jrc.ec.europa.eu/dataset_ghg2025,CC BY 4.0,"A-011_GHG 배출량[에너지, 산업공정, 농업, 폐기물].xlsx",1.1_observation(측정값),395,BGD-ALL-DATA-DISPLAY-2026-09-29,
A-011,"GHG 배출량[에너지, 산업공정, 농업, 폐기물]",observation,bgd-v158-a-011-obs-00393,A-011_emissions_sector_transport,BGD,1977,1977,1977,,,,0.663652,Mt CO2eq,,,,,,"[수송효율 기술 (Transport efficiency)] [수송] European Commission, Joint Research Centre (JRC) — EDGAR 「EDGAR GHG_Transport」 기준. Mt CO2eq (GWP-100 AR5). IPCC 2006 코드 1.A.3.a, 1.A.3.b_noRES, 1.A.3.c, 1.A.3.d, 1.A.3.e.","European Commission, Joint Research Centre (JRC) — EDGAR",https://edgar.jrc.ec.europa.eu/dataset_ghg2025,CC BY 4.0,"A-011_GHG 배출량[에너지, 산업공정, 농업, 폐기물].xlsx",1.1_observation(측정값),396,BGD-ALL-DATA-DISPLAY-2026-09-29,
A-011,"GHG 배출량[에너지, 산업공정, 농업, 폐기물]",observation,bgd-v158-a-011-obs-00394,A-011_emissions_sector_transport,BGD,1978,1978,1978,,,,0.690586,Mt CO2eq,,,,,,"[수송효율 기술 (Transport efficiency)] [수송] European Commission, Joint Research Centre (JRC) — EDGAR 「EDGAR GHG_Transport」 기준. Mt CO2eq (GWP-100 AR5). IPCC 2006 코드 1.A.3.a, 1.A.3.b_noRES, 1.A.3.c, 1.A.3.d, 1.A.3.e.","European Commission, Joint Research Centre (JRC) — EDGAR",https://edgar.jrc.ec.europa.eu/dataset_ghg2025,CC BY 4.0,"A-011_GHG 배출량[에너지, 산업공정, 농업, 폐기물].xlsx",1.1_observation(측정값),397,BGD-ALL-DATA-DISPLAY-2026-09-29,
A-011,"GHG 배출량[에너지, 산업공정, 농업, 폐기물]",observation,bgd-v158-a-011-obs-00395,A-011_emissions_sector_transport,BGD,1979,1979,1979,,,,0.886281,Mt CO2eq,,,,,,"[수송효율 기술 (Transport efficiency)] [수송] European Commission, Joint Research Centre (JRC) — EDGAR 「EDGAR GHG_Transport」 기준. Mt CO2eq (GWP-100 AR5). IPCC 2006 코드 1.A.3.a, 1.A.3.b_noRES, 1.A.3.c, 1.A.3.d, 1.A.3.e.","European Commission, Joint Research Centre (JRC) — EDGAR",https://edgar.jrc.ec.europa.eu/dataset_ghg2025,CC BY 4.0,"A-011_GHG 배출량[에너지, 산업공정, 농업, 폐기물].xlsx",1.1_observation(측정값),398,BGD-ALL-DATA-DISPLAY-2026-09-29,
A-011,"GHG 배출량[에너지, 산업공정, 농업, 폐기물]",observation,bgd-v158-a-011-obs-00396,A-011_emissions_sector_transport,BGD,1980,1980,1980,,,,1.030101,Mt CO2eq,,,,,,"[수송효율 기술 (Transport efficiency)] [수송] European Commission, Joint Research Centre (JRC) — EDGAR 「EDGAR GHG_Transport」 기준. Mt CO2eq (GWP-100 AR5). IPCC 2006 코드 1.A.3.a, 1.A.3.b_noRES, 1.A.3.c, 1.A.3.d, 1.A.3.e.","European Commission, Joint Research Centre (JRC) — EDGAR",https://edgar.jrc.ec.europa.eu/dataset_ghg2025,CC BY 4.0,"A-011_GHG 배출량[에너지, 산업공정, 농업, 폐기물].xlsx",1.1_observation(측정값),399,BGD-ALL-DATA-DISPLAY-2026-09-29,
A-011,"GHG 배출량[에너지, 산업공정, 농업, 폐기물]",observation,bgd-v158-a-011-obs-00397,A-011_emissions_sector_transport,BGD,1981,1981,1981,,,,0.862259,Mt CO2eq,,,,,,"[수송효율 기술 (Transport efficiency)] [수송] European Commission, Joint Research Centre (JRC) — EDGAR 「EDGAR GHG_Transport」 기준. Mt CO2eq (GWP-100 AR5). IPCC 2006 코드 1.A.3.a, 1.A.3.b_noRES, 1.A.3.c, 1.A.3.d, 1.A.3.e.","European Commission, Joint Research Centre (JRC) — EDGAR",https://edgar.jrc.ec.europa.eu/dataset_ghg2025,CC BY 4.0,"A-011_GHG 배출량[에너지, 산업공정, 농업, 폐기물].xlsx",1.1_observation(측정값),400,BGD-ALL-DATA-DISPLAY-2026-09-29,
A-011,"GHG 배출량[에너지, 산업공정, 농업, 폐기물]",observation,bgd-v158-a-011-obs-00398,A-011_emissions_sector_transport,BGD,1982,1982,1982,,,,1.01838,Mt CO2eq,,,,,,"[수송효율 기술 (Transport efficiency)] [수송] European Commission, Joint Research Centre (JRC) — EDGAR 「EDGAR GHG_Transport」 기준. Mt CO2eq (GWP-100 AR5). IPCC 2006 코드 1.A.3.a, 1.A.3.b_noRES, 1.A.3.c, 1.A.3.d, 1.A.3.e.","European Commission, Joint Research Centre (JRC) — EDGAR",https://edgar.jrc.ec.europa.eu/dataset_ghg2025,CC BY 4.0,"A-011_GHG 배출량[에너지, 산업공정, 농업, 폐기물].xlsx",1.1_observation(측정값),401,BGD-ALL-DATA-DISPLAY-2026-09-29,
A-011,"GHG 배출량[에너지, 산업공정, 농업, 폐기물]",observation,bgd-v158-a-011-obs-00399,A-011_emissions_sector_transport,BGD,1983,1983,1983,,,,1.146051,Mt CO2eq,,,,,,"[수송효율 기술 (Transport efficiency)] [수송] European Commission, Joint Research Centre (JRC) — EDGAR 「EDGAR GHG_Transport」 기준. Mt CO2eq (GWP-100 AR5). IPCC 2006 코드 1.A.3.a, 1.A.3.b_noRES, 1.A.3.c, 1.A.3.d, 1.A.3.e.","European Commission, Joint Research Centre (JRC) — EDGAR",https://edgar.jrc.ec.europa.eu/dataset_ghg2025,CC BY 4.0,"A-011_GHG 배출량[에너지, 산업공정, 농업, 폐기물].xlsx",1.1_observation(측정값),402,BGD-ALL-DATA-DISPLAY-2026-09-29,
A-011,"GHG 배출량[에너지, 산업공정, 농업, 폐기물]",observation,bgd-v158-a-011-obs-00400,A-011_emissions_sector_transport,BGD,1984,1984,1984,,,,1.117519,Mt CO2eq,,,,,,"[수송효율 기술 (Transport efficiency)] [수송] European Commission, Joint Research Centre (JRC) — EDGAR 「EDGAR GHG_Transport」 기준. Mt CO2eq (GWP-100 AR5). IPCC 2006 코드 1.A.3.a, 1.A.3.b_noRES, 1.A.3.c, 1.A.3.d, 1.A.3.e.","European Commission, Joint Research Centre (JRC) — EDGAR",https://edgar.jrc.ec.europa.eu/dataset_ghg2025,CC BY 4.0,"A-011_GHG 배출량[에너지, 산업공정, 농업, 폐기물].xlsx",1.1_observation(측정값),403,BGD-ALL-DATA-DISPLAY-2026-09-29,
A-011,"GHG 배출량[에너지, 산업공정, 농업, 폐기물]",observation,bgd-v158-a-011-obs-00401,A-011_emissions_sector_transport,BGD,1985,1985,1985,,,,1.402293,Mt CO2eq,,,,,,"[수송효율 기술 (Transport efficiency)] [수송] European Commission, Joint Research Centre (JRC) — EDGAR 「EDGAR GHG_Transport」 기준. Mt CO2eq (GWP-100 AR5). IPCC 2006 코드 1.A.3.a, 1.A.3.b_noRES, 1.A.3.c, 1.A.3.d, 1.A.3.e.","European Commission, Joint Research Centre (JRC) — EDGAR",https://edgar.jrc.ec.europa.eu/dataset_ghg2025,CC BY 4.0,"A-011_GHG 배출량[에너지, 산업공정, 농업, 폐기물].xlsx",1.1_observation(측정값),404,BGD-ALL-DATA-DISPLAY-2026-09-29,
A-011,"GHG 배출량[에너지, 산업공정, 농업, 폐기물]",observation,bgd-v158-a-011-obs-00402,A-011_emissions_sector_transport,BGD,1986,1986,1986,,,,1.374171,Mt CO2eq,,,,,,"[수송효율 기술 (Transport efficiency)] [수송] European Commission, Joint Research Centre (JRC) — EDGAR 「EDGAR GHG_Transport」 기준. Mt CO2eq (GWP-100 AR5). IPCC 2006 코드 1.A.3.a, 1.A.3.b_noRES, 1.A.3.c, 1.A.3.d, 1.A.3.e.","European Commission, Joint Research Centre (JRC) — EDGAR",https://edgar.jrc.ec.europa.eu/dataset_ghg2025,CC BY 4.0,"A-011_GHG 배출량[에너지, 산업공정, 농업, 폐기물].xlsx",1.1_observation(측정값),405,BGD-ALL-DATA-DISPLAY-2026-09-29,
A-011,"GHG 배출량[에너지, 산업공정, 농업, 폐기물]",observation,bgd-v158-a-011-obs-00403,A-011_emissions_sector_transport,BGD,1987,1987,1987,,,,1.475838,Mt CO2eq,,,,,,"[수송효율 기술 (Transport efficiency)] [수송] European Commission, Joint Research Centre (JRC) — EDGAR 「EDGAR GHG_Transport」 기준. Mt CO2eq (GWP-100 AR5). IPCC 2006 코드 1.A.3.a, 1.A.3.b_noRES, 1.A.3.c, 1.A.3.d, 1.A.3.e.","European Commission, Joint Research Centre (JRC) — EDGAR",https://edgar.jrc.ec.europa.eu/dataset_ghg2025,CC BY 4.0,"A-011_GHG 배출량[에너지, 산업공정, 농업, 폐기물].xlsx",1.1_observation(측정값),406,BGD-ALL-DATA-DISPLAY-2026-09-29,
A-011,"GHG 배출량[에너지, 산업공정, 농업, 폐기물]",observation,bgd-v158-a-011-obs-00404,A-011_emissions_sector_transport,BGD,1988,1988,1988,,,,1.564474,Mt CO2eq,,,,,,"[수송효율 기술 (Transport efficiency)] [수송] European Commission, Joint Research Centre (JRC) — EDGAR 「EDGAR GHG_Transport」 기준. Mt CO2eq (GWP-100 AR5). IPCC 2006 코드 1.A.3.a, 1.A.3.b_noRES, 1.A.3.c, 1.A.3.d, 1.A.3.e.","European Commission, Joint Research Centre (JRC) — EDGAR",https://edgar.jrc.ec.europa.eu/dataset_ghg2025,CC BY 4.0,"A-011_GHG 배출량[에너지, 산업공정, 농업, 폐기물].xlsx",1.1_observation(측정값),407,BGD-ALL-DATA-DISPLAY-2026-09-29,
A-011,"GHG 배출량[에너지, 산업공정, 농업, 폐기물]",observation,bgd-v158-a-011-obs-00405,A-011_emissions_sector_transport,BGD,1989,1989,1989,,,,1.709634,Mt CO2eq,,,,,,"[수송효율 기술 (Transport efficiency)] [수송] European Commission, Joint Research Centre (JRC) — EDGAR 「EDGAR GHG_Transport」 기준. Mt CO2eq (GWP-100 AR5). IPCC 2006 코드 1.A.3.a, 1.A.3.b_noRES, 1.A.3.c, 1.A.3.d, 1.A.3.e.","European Commission, Joint Research Centre (JRC) — EDGAR",https://edgar.jrc.ec.europa.eu/dataset_ghg2025,CC BY 4.0,"A-011_GHG 배출량[에너지, 산업공정, 농업, 폐기물].xlsx",1.1_observation(측정값),408,BGD-ALL-DATA-DISPLAY-2026-09-29,
A-011,"GHG 배출량[에너지, 산업공정, 농업, 폐기물]",observation,bgd-v158-a-011-obs-00406,A-011_emissions_sector_transport,BGD,1990,1990,1990,,,,1.736809,Mt CO2eq,,,,,,"[수송효율 기술 (Transport efficiency)] [수송] European Commission, Joint Research Centre (JRC) — EDGAR 「EDGAR GHG_Transport」 기준. Mt CO2eq (GWP-100 AR5). IPCC 2006 코드 1.A.3.a, 1.A.3.b_noRES, 1.A.3.c, 1.A.3.d, 1.A.3.e.","European Commission, Joint Research Centre (JRC) — EDGAR",https://edgar.jrc.ec.europa.eu/dataset_ghg2025,CC BY 4.0,"A-011_GHG 배출량[에너지, 산업공정, 농업, 폐기물].xlsx",1.1_observation(측정값),409,BGD-ALL-DATA-DISPLAY-2026-09-29,
A-011,"GHG 배출량[에너지, 산업공정, 농업, 폐기물]",observation,bgd-v158-a-011-obs-00407,A-011_emissions_sector_transport,BGD,1991,1991,1991,,,,1.924327,Mt CO2eq,,,,,,"[수송효율 기술 (Transport efficiency)] [수송] European Commission, Joint Research Centre (JRC) — EDGAR 「EDGAR GHG_Transport」 기준. Mt CO2eq (GWP-100 AR5). IPCC 2006 코드 1.A.3.a, 1.A.3.b_noRES, 1.A.3.c, 1.A.3.d, 1.A.3.e.","European Commission, Joint Research Centre (JRC) — EDGAR",https://edgar.jrc.ec.europa.eu/dataset_ghg2025,CC BY 4.0,"A-011_GHG 배출량[에너지, 산업공정, 농업, 폐기물].xlsx",1.1_observation(측정값),410,BGD-ALL-DATA-DISPLAY-2026-09-29,
A-011,"GHG 배출량[에너지, 산업공정, 농업, 폐기물]",observation,bgd-v158-a-011-obs-00408,A-011_emissions_sector_transport,BGD,1992,1992,1992,,,,2.213547,Mt CO2eq,,,,,,"[수송효율 기술 (Transport efficiency)] [수송] European Commission, Joint Research Centre (JRC) — EDGAR 「EDGAR GHG_Transport」 기준. Mt CO2eq (GWP-100 AR5). IPCC 2006 코드 1.A.3.a, 1.A.3.b_noRES, 1.A.3.c, 1.A.3.d, 1.A.3.e.","European Commission, Joint Research Centre (JRC) — EDGAR",https://edgar.jrc.ec.europa.eu/dataset_ghg2025,CC BY 4.0,"A-011_GHG 배출량[에너지, 산업공정, 농업, 폐기물].xlsx",1.1_observation(측정값),411,BGD-ALL-DATA-DISPLAY-2026-09-29,
A-011,"GHG 배출량[에너지, 산업공정, 농업, 폐기물]",observation,bgd-v158-a-011-obs-00409,A-011_emissions_sector_transport,BGD,1993,1993,1993,,,,2.270713,Mt CO2eq,,,,,,"[수송효율 기술 (Transport efficiency)] [수송] European Commission, Joint Research Centre (JRC) — EDGAR 「EDGAR GHG_Transport」 기준. Mt CO2eq (GWP-100 AR5). IPCC 2006 코드 1.A.3.a, 1.A.3.b_noRES, 1.A.3.c, 1.A.3.d, 1.A.3.e.","European Commission, Joint Research Centre (JRC) — EDGAR",https://edgar.jrc.ec.europa.eu/dataset_ghg2025,CC BY 4.0,"A-011_GHG 배출량[에너지, 산업공정, 농업, 폐기물].xlsx",1.1_observation(측정값),412,BGD-ALL-DATA-DISPLAY-2026-09-29,
A-011,"GHG 배출량[에너지, 산업공정, 농업, 폐기물]",observation,bgd-v158-a-011-obs-00410,A-011_emissions_sector_transport,BGD,1994,1994,1994,,,,2.319699,Mt CO2eq,,,,,,"[수송효율 기술 (Transport efficiency)] [수송] European Commission, Joint Research Centre (JRC) — EDGAR 「EDGAR GHG_Transport」 기준. Mt CO2eq (GWP-100 AR5). IPCC 2006 코드 1.A.3.a, 1.A.3.b_noRES, 1.A.3.c, 1.A.3.d, 1.A.3.e.","European Commission, Joint Research Centre (JRC) — EDGAR",https://edgar.jrc.ec.europa.eu/dataset_ghg2025,CC BY 4.0,"A-011_GHG 배출량[에너지, 산업공정, 농업, 폐기물].xlsx",1.1_observation(측정값),413,BGD-ALL-DATA-DISPLAY-2026-09-29,
A-011,"GHG 배출량[에너지, 산업공정, 농업, 폐기물]",observation,bgd-v158-a-011-obs-00411,A-011_emissions_sector_transport,BGD,1995,1995,1995,,,,2.799099,Mt CO2eq,,,,,,"[수송효율 기술 (Transport efficiency)] [수송] European Commission, Joint Research Centre (JRC) — EDGAR 「EDGAR GHG_Transport」 기준. Mt CO2eq (GWP-100 AR5). IPCC 2006 코드 1.A.3.a, 1.A.3.b_noRES, 1.A.3.c, 1.A.3.d, 1.A.3.e.","European Commission, Joint Research Centre (JRC) — EDGAR",https://edgar.jrc.ec.europa.eu/dataset_ghg2025,CC BY 4.0,"A-011_GHG 배출량[에너지, 산업공정, 농업, 폐기물].xlsx",1.1_observation(측정값),414,BGD-ALL-DATA-DISPLAY-2026-09-29,
A-011,"GHG 배출량[에너지, 산업공정, 농업, 폐기물]",observation,bgd-v158-a-011-obs-00412,A-011_emissions_sector_transport,BGD,1996,1996,1996,,,,3.081805,Mt CO2eq,,,,,,"[수송효율 기술 (Transport efficiency)] [수송] European Commission, Joint Research Centre (JRC) — EDGAR 「EDGAR GHG_Transport」 기준. Mt CO2eq (GWP-100 AR5). IPCC 2006 코드 1.A.3.a, 1.A.3.b_noRES, 1.A.3.c, 1.A.3.d, 1.A.3.e.","European Commission, Joint Research Centre (JRC) — EDGAR",https://edgar.jrc.ec.europa.eu/dataset_ghg2025,CC BY 4.0,"A-011_GHG 배출량[에너지, 산업공정, 농업, 폐기물].xlsx",1.1_observation(측정값),415,BGD-ALL-DATA-DISPLAY-2026-09-29,
A-011,"GHG 배출량[에너지, 산업공정, 농업, 폐기물]",observation,bgd-v158-a-011-obs-00413,A-011_emissions_sector_transport,BGD,1997,1997,1997,,,,3.480468,Mt CO2eq,,,,,,"[수송효율 기술 (Transport efficiency)] [수송] European Commission, Joint Research Centre (JRC) — EDGAR 「EDGAR GHG_Transport」 기준. Mt CO2eq (GWP-100 AR5). IPCC 2006 코드 1.A.3.a, 1.A.3.b_noRES, 1.A.3.c, 1.A.3.d, 1.A.3.e.","European Commission, Joint Research Centre (JRC) — EDGAR",https://edgar.jrc.ec.europa.eu/dataset_ghg2025,CC BY 4.0,"A-011_GHG 배출량[에너지, 산업공정, 농업, 폐기물].xlsx",1.1_observation(측정값),416,BGD-ALL-DATA-DISPLAY-2026-09-29,
A-011,"GHG 배출량[에너지, 산업공정, 농업, 폐기물]",observation,bgd-v158-a-011-obs-00414,A-011_emissions_sector_transport,BGD,1998,1998,1998,,,,3.56186,Mt CO2eq,,,,,,"[수송효율 기술 (Transport efficiency)] [수송] European Commission, Joint Research Centre (JRC) — EDGAR 「EDGAR GHG_Transport」 기준. Mt CO2eq (GWP-100 AR5). IPCC 2006 코드 1.A.3.a, 1.A.3.b_noRES, 1.A.3.c, 1.A.3.d, 1.A.3.e.","European Commission, Joint Research Centre (JRC) — EDGAR",https://edgar.jrc.ec.europa.eu/dataset_ghg2025,CC BY 4.0,"A-011_GHG 배출량[에너지, 산업공정, 농업, 폐기물].xlsx",1.1_observation(측정값),417,BGD-ALL-DATA-DISPLAY-2026-09-29,
A-011,"GHG 배출량[에너지, 산업공정, 농업, 폐기물]",observation,bgd-v158-a-011-obs-00415,A-011_emissions_sector_transport,BGD,1999,1999,1999,,,,3.250995,Mt CO2eq,,,,,,"[수송효율 기술 (Transport efficiency)] [수송] European Commission, Joint Research Centre (JRC) — EDGAR 「EDGAR GHG_Transport」 기준. Mt CO2eq (GWP-100 AR5). IPCC 2006 코드 1.A.3.a, 1.A.3.b_noRES, 1.A.3.c, 1.A.3.d, 1.A.3.e.","European Commission, Joint Research Centre (JRC) — EDGAR",https://edgar.jrc.ec.europa.eu/dataset_ghg2025,CC BY 4.0,"A-011_GHG 배출량[에너지, 산업공정, 농업, 폐기물].xlsx",1.1_observation(측정값),418,BGD-ALL-DATA-DISPLAY-2026-09-29,
A-011,"GHG 배출량[에너지, 산업공정, 농업, 폐기물]",observation,bgd-v158-a-011-obs-00416,A-011_emissions_sector_transport,BGD,2000,2000,2000,,,,3.175545,Mt CO2eq,,,,,,"[수송효율 기술 (Transport efficiency)] [수송] European Commission, Joint Research Centre (JRC) — EDGAR 「EDGAR GHG_Transport」 기준. Mt CO2eq (GWP-100 AR5). IPCC 2006 코드 1.A.3.a, 1.A.3.b_noRES, 1.A.3.c, 1.A.3.d, 1.A.3.e.","European Commission, Joint Research Centre (JRC) — EDGAR",https://edgar.jrc.ec.europa.eu/dataset_ghg2025,CC BY 4.0,"A-011_GHG 배출량[에너지, 산업공정, 농업, 폐기물].xlsx",1.1_observation(측정값),419,BGD-ALL-DATA-DISPLAY-2026-09-29,
A-011,"GHG 배출량[에너지, 산업공정, 농업, 폐기물]",observation,bgd-v158-a-011-obs-00417,A-011_emissions_sector_transport,BGD,2001,2001,2001,,,,3.965367,Mt CO2eq,,,,,,"[수송효율 기술 (Transport efficiency)] [수송] European Commission, Joint Research Centre (JRC) — EDGAR 「EDGAR GHG_Transport」 기준. Mt CO2eq (GWP-100 AR5). IPCC 2006 코드 1.A.3.a, 1.A.3.b_noRES, 1.A.3.c, 1.A.3.d, 1.A.3.e.","European Commission, Joint Research Centre (JRC) — EDGAR",https://edgar.jrc.ec.europa.eu/dataset_ghg2025,CC BY 4.0,"A-011_GHG 배출량[에너지, 산업공정, 농업, 폐기물].xlsx",1.1_observation(측정값),420,BGD-ALL-DATA-DISPLAY-2026-09-29,
A-011,"GHG 배출량[에너지, 산업공정, 농업, 폐기물]",observation,bgd-v158-a-011-obs-00418,A-011_emissions_sector_transport,BGD,2002,2002,2002,,,,4.031007,Mt CO2eq,,,,,,"[수송효율 기술 (Transport efficiency)] [수송] European Commission, Joint Research Centre (JRC) — EDGAR 「EDGAR GHG_Transport」 기준. Mt CO2eq (GWP-100 AR5). IPCC 2006 코드 1.A.3.a, 1.A.3.b_noRES, 1.A.3.c, 1.A.3.d, 1.A.3.e.","European Commission, Joint Research Centre (JRC) — EDGAR",https://edgar.jrc.ec.europa.eu/dataset_ghg2025,CC BY 4.0,"A-011_GHG 배출량[에너지, 산업공정, 농업, 폐기물].xlsx",1.1_observation(측정값),421,BGD-ALL-DATA-DISPLAY-2026-09-29,
A-011,"GHG 배출량[에너지, 산업공정, 농업, 폐기물]",observation,bgd-v158-a-011-obs-00419,A-011_emissions_sector_transport,BGD,2003,2003,2003,,,,4.109293,Mt CO2eq,,,,,,"[수송효율 기술 (Transport efficiency)] [수송] European Commission, Joint Research Centre (JRC) — EDGAR 「EDGAR GHG_Transport」 기준. Mt CO2eq (GWP-100 AR5). IPCC 2006 코드 1.A.3.a, 1.A.3.b_noRES, 1.A.3.c, 1.A.3.d, 1.A.3.e.","European Commission, Joint Research Centre (JRC) — EDGAR",https://edgar.jrc.ec.europa.eu/dataset_ghg2025,CC BY 4.0,"A-011_GHG 배출량[에너지, 산업공정, 농업, 폐기물].xlsx",1.1_observation(측정값),422,BGD-ALL-DATA-DISPLAY-2026-09-29,
A-011,"GHG 배출량[에너지, 산업공정, 농업, 폐기물]",observation,bgd-v158-a-011-obs-00420,A-011_emissions_sector_transport,BGD,2004,2004,2004,,,,4.764836,Mt CO2eq,,,,,,"[수송효율 기술 (Transport efficiency)] [수송] European Commission, Joint Research Centre (JRC) — EDGAR 「EDGAR GHG_Transport」 기준. Mt CO2eq (GWP-100 AR5). IPCC 2006 코드 1.A.3.a, 1.A.3.b_noRES, 1.A.3.c, 1.A.3.d, 1.A.3.e.","European Commission, Joint Research Centre (JRC) — EDGAR",https://edgar.jrc.ec.europa.eu/dataset_ghg2025,CC BY 4.0,"A-011_GHG 배출량[에너지, 산업공정, 농업, 폐기물].xlsx",1.1_observation(측정값),423,BGD-ALL-DATA-DISPLAY-2026-09-29,
A-011,"GHG 배출량[에너지, 산업공정, 농업, 폐기물]",observation,bgd-v158-a-011-obs-00421,A-011_emissions_sector_transport,BGD,2005,2005,2005,,,,5.31618,Mt CO2eq,,,,,,"[수송효율 기술 (Transport efficiency)] [수송] European Commission, Joint Research Centre (JRC) — EDGAR 「EDGAR GHG_Transport」 기준. Mt CO2eq (GWP-100 AR5). IPCC 2006 코드 1.A.3.a, 1.A.3.b_noRES, 1.A.3.c, 1.A.3.d, 1.A.3.e.","European Commission, Joint Research Centre (JRC) — EDGAR",https://edgar.jrc.ec.europa.eu/dataset_ghg2025,CC BY 4.0,"A-011_GHG 배출량[에너지, 산업공정, 농업, 폐기물].xlsx",1.1_observation(측정값),424,BGD-ALL-DATA-DISPLAY-2026-09-29,
A-011,"GHG 배출량[에너지, 산업공정, 농업, 폐기물]",observation,bgd-v158-a-011-obs-00422,A-011_emissions_sector_transport,BGD,2006,2006,2006,,,,5.58346,Mt CO2eq,,,,,,"[수송효율 기술 (Transport efficiency)] [수송] European Commission, Joint Research Centre (JRC) — EDGAR 「EDGAR GHG_Transport」 기준. Mt CO2eq (GWP-100 AR5). IPCC 2006 코드 1.A.3.a, 1.A.3.b_noRES, 1.A.3.c, 1.A.3.d, 1.A.3.e.","European Commission, Joint Research Centre (JRC) — EDGAR",https://edgar.jrc.ec.europa.eu/dataset_ghg2025,CC BY 4.0,"A-011_GHG 배출량[에너지, 산업공정, 농업, 폐기물].xlsx",1.1_observation(측정값),425,BGD-ALL-DATA-DISPLAY-2026-09-29,
A-011,"GHG 배출량[에너지, 산업공정, 농업, 폐기물]",observation,bgd-v158-a-011-obs-00423,A-011_emissions_sector_transport,BGD,2007,2007,2007,,,,5.769181,Mt CO2eq,,,,,,"[수송효율 기술 (Transport efficiency)] [수송] European Commission, Joint Research Centre (JRC) — EDGAR 「EDGAR GHG_Transport」 기준. Mt CO2eq (GWP-100 AR5). IPCC 2006 코드 1.A.3.a, 1.A.3.b_noRES, 1.A.3.c, 1.A.3.d, 1.A.3.e.","European Commission, Joint Research Centre (JRC) — EDGAR",https://edgar.jrc.ec.europa.eu/dataset_ghg2025,CC BY 4.0,"A-011_GHG 배출량[에너지, 산업공정, 농업, 폐기물].xlsx",1.1_observation(측정값),426,BGD-ALL-DATA-DISPLAY-2026-09-29,
A-011,"GHG 배출량[에너지, 산업공정, 농업, 폐기물]",observation,bgd-v158-a-011-obs-00424,A-011_emissions_sector_transport,BGD,2008,2008,2008,,,,6.590315,Mt CO2eq,,,,,,"[수송효율 기술 (Transport efficiency)] [수송] European Commission, Joint Research Centre (JRC) — EDGAR 「EDGAR GHG_Transport」 기준. Mt CO2eq (GWP-100 AR5). IPCC 2006 코드 1.A.3.a, 1.A.3.b_noRES, 1.A.3.c, 1.A.3.d, 1.A.3.e.","European Commission, Joint Research Centre (JRC) — EDGAR",https://edgar.jrc.ec.europa.eu/dataset_ghg2025,CC BY 4.0,"A-011_GHG 배출량[에너지, 산업공정, 농업, 폐기물].xlsx",1.1_observation(측정값),427,BGD-ALL-DATA-DISPLAY-2026-09-29,
A-011,"GHG 배출량[에너지, 산업공정, 농업, 폐기물]",observation,bgd-v158-a-011-obs-00425,A-011_emissions_sector_transport,BGD,2009,2009,2009,,,,7.041302,Mt CO2eq,,,,,,"[수송효율 기술 (Transport efficiency)] [수송] European Commission, Joint Research Centre (JRC) — EDGAR 「EDGAR GHG_Transport」 기준. Mt CO2eq (GWP-100 AR5). IPCC 2006 코드 1.A.3.a, 1.A.3.b_noRES, 1.A.3.c, 1.A.3.d, 1.A.3.e.","European Commission, Joint Research Centre (JRC) — EDGAR",https://edgar.jrc.ec.europa.eu/dataset_ghg2025,CC BY 4.0,"A-011_GHG 배출량[에너지, 산업공정, 농업, 폐기물].xlsx",1.1_observation(측정값),428,BGD-ALL-DATA-DISPLAY-2026-09-29,
A-011,"GHG 배출량[에너지, 산업공정, 농업, 폐기물]",observation,bgd-v158-a-011-obs-00426,A-011_emissions_sector_transport,BGD,2010,2010,2010,,,,8.184135,Mt CO2eq,,,,,,"[수송효율 기술 (Transport efficiency)] [수송] European Commission, Joint Research Centre (JRC) — EDGAR 「EDGAR GHG_Transport」 기준. Mt CO2eq (GWP-100 AR5). IPCC 2006 코드 1.A.3.a, 1.A.3.b_noRES, 1.A.3.c, 1.A.3.d, 1.A.3.e.","European Commission, Joint Research Centre (JRC) — EDGAR",https://edgar.jrc.ec.europa.eu/dataset_ghg2025,CC BY 4.0,"A-011_GHG 배출량[에너지, 산업공정, 농업, 폐기물].xlsx",1.1_observation(측정값),429,BGD-ALL-DATA-DISPLAY-2026-09-29,
A-011,"GHG 배출량[에너지, 산업공정, 농업, 폐기물]",observation,bgd-v158-a-011-obs-00427,A-011_emissions_sector_transport,BGD,2011,2011,2011,,,,9.42241,Mt CO2eq,,,,,,"[수송효율 기술 (Transport efficiency)] [수송] European Commission, Joint Research Centre (JRC) — EDGAR 「EDGAR GHG_Transport」 기준. Mt CO2eq (GWP-100 AR5). IPCC 2006 코드 1.A.3.a, 1.A.3.b_noRES, 1.A.3.c, 1.A.3.d, 1.A.3.e.","European Commission, Joint Research Centre (JRC) — EDGAR",https://edgar.jrc.ec.europa.eu/dataset_ghg2025,CC BY 4.0,"A-011_GHG 배출량[에너지, 산업공정, 농업, 폐기물].xlsx",1.1_observation(측정값),430,BGD-ALL-DATA-DISPLAY-2026-09-29,
A-011,"GHG 배출량[에너지, 산업공정, 농업, 폐기물]",observation,bgd-v158-a-011-obs-00428,A-011_emissions_sector_transport,BGD,2012,2012,2012,,,,9.49672,Mt CO2eq,,,,,,"[수송효율 기술 (Transport efficiency)] [수송] European Commission, Joint Research Centre (JRC) — EDGAR 「EDGAR GHG_Transport」 기준. Mt CO2eq (GWP-100 AR5). IPCC 2006 코드 1.A.3.a, 1.A.3.b_noRES, 1.A.3.c, 1.A.3.d, 1.A.3.e.","European Commission, Joint Research Centre (JRC) — EDGAR",https://edgar.jrc.ec.europa.eu/dataset_ghg2025,CC BY 4.0,"A-011_GHG 배출량[에너지, 산업공정, 농업, 폐기물].xlsx",1.1_observation(측정값),431,BGD-ALL-DATA-DISPLAY-2026-09-29,
A-011,"GHG 배출량[에너지, 산업공정, 농업, 폐기물]",observation,bgd-v158-a-011-obs-00429,A-011_emissions_sector_transport,BGD,2013,2013,2013,,,,9.036966,Mt CO2eq,,,,,,"[수송효율 기술 (Transport efficiency)] [수송] European Commission, Joint Research Centre (JRC) — EDGAR 「EDGAR GHG_Transport」 기준. Mt CO2eq (GWP-100 AR5). IPCC 2006 코드 1.A.3.a, 1.A.3.b_noRES, 1.A.3.c, 1.A.3.d, 1.A.3.e.","European Commission, Joint Research Centre (JRC) — EDGAR",https://edgar.jrc.ec.europa.eu/dataset_ghg2025,CC BY 4.0,"A-011_GHG 배출량[에너지, 산업공정, 농업, 폐기물].xlsx",1.1_observation(측정값),432,BGD-ALL-DATA-DISPLAY-2026-09-29,
A-011,"GHG 배출량[에너지, 산업공정, 농업, 폐기물]",observation,bgd-v158-a-011-obs-00430,A-011_emissions_sector_transport,BGD,2014,2014,2014,,,,9.736125,Mt CO2eq,,,,,,"[수송효율 기술 (Transport efficiency)] [수송] European Commission, Joint Research Centre (JRC) — EDGAR 「EDGAR GHG_Transport」 기준. Mt CO2eq (GWP-100 AR5). IPCC 2006 코드 1.A.3.a, 1.A.3.b_noRES, 1.A.3.c, 1.A.3.d, 1.A.3.e.","European Commission, Joint Research Centre (JRC) — EDGAR",https://edgar.jrc.ec.europa.eu/dataset_ghg2025,CC BY 4.0,"A-011_GHG 배출량[에너지, 산업공정, 농업, 폐기물].xlsx",1.1_observation(측정값),433,BGD-ALL-DATA-DISPLAY-2026-09-29,
A-011,"GHG 배출량[에너지, 산업공정, 농업, 폐기물]",observation,bgd-v158-a-011-obs-00431,A-011_emissions_sector_transport,BGD,2015,2015,2015,,,,10.216516,Mt CO2eq,,,,,,"[수송효율 기술 (Transport efficiency)] [수송] European Commission, Joint Research Centre (JRC) — EDGAR 「EDGAR GHG_Transport」 기준. Mt CO2eq (GWP-100 AR5). IPCC 2006 코드 1.A.3.a, 1.A.3.b_noRES, 1.A.3.c, 1.A.3.d, 1.A.3.e.","European Commission, Joint Research Centre (JRC) — EDGAR",https://edgar.jrc.ec.europa.eu/dataset_ghg2025,CC BY 4.0,"A-011_GHG 배출량[에너지, 산업공정, 농업, 폐기물].xlsx",1.1_observation(측정값),434,BGD-ALL-DATA-DISPLAY-2026-09-29,
A-011,"GHG 배출량[에너지, 산업공정, 농업, 폐기물]",observation,bgd-v158-a-011-obs-00432,A-011_emissions_sector_transport,BGD,2016,2016,2016,,,,10.846598,Mt CO2eq,,,,,,"[수송효율 기술 (Transport efficiency)] [수송] European Commission, Joint Research Centre (JRC) — EDGAR 「EDGAR GHG_Transport」 기준. Mt CO2eq (GWP-100 AR5). IPCC 2006 코드 1.A.3.a, 1.A.3.b_noRES, 1.A.3.c, 1.A.3.d, 1.A.3.e.","European Commission, Joint Research Centre (JRC) — EDGAR",https://edgar.jrc.ec.europa.eu/dataset_ghg2025,CC BY 4.0,"A-011_GHG 배출량[에너지, 산업공정, 농업, 폐기물].xlsx",1.1_observation(측정값),435,BGD-ALL-DATA-DISPLAY-2026-09-29,
A-011,"GHG 배출량[에너지, 산업공정, 농업, 폐기물]",observation,bgd-v158-a-011-obs-00433,A-011_emissions_sector_transport,BGD,2017,2017,2017,,,,12.014401,Mt CO2eq,,,,,,"[수송효율 기술 (Transport efficiency)] [수송] European Commission, Joint Research Centre (JRC) — EDGAR 「EDGAR GHG_Transport」 기준. Mt CO2eq (GWP-100 AR5). IPCC 2006 코드 1.A.3.a, 1.A.3.b_noRES, 1.A.3.c, 1.A.3.d, 1.A.3.e.","European Commission, Joint Research Centre (JRC) — EDGAR",https://edgar.jrc.ec.europa.eu/dataset_ghg2025,CC BY 4.0,"A-011_GHG 배출량[에너지, 산업공정, 농업, 폐기물].xlsx",1.1_observation(측정값),436,BGD-ALL-DATA-DISPLAY-2026-09-29,
A-011,"GHG 배출량[에너지, 산업공정, 농업, 폐기물]",observation,bgd-v158-a-011-obs-00434,A-011_emissions_sector_transport,BGD,2018,2018,2018,,,,12.557628,Mt CO2eq,,,,,,"[수송효율 기술 (Transport efficiency)] [수송] European Commission, Joint Research Centre (JRC) — EDGAR 「EDGAR GHG_Transport」 기준. Mt CO2eq (GWP-100 AR5). IPCC 2006 코드 1.A.3.a, 1.A.3.b_noRES, 1.A.3.c, 1.A.3.d, 1.A.3.e.","European Commission, Joint Research Centre (JRC) — EDGAR",https://edgar.jrc.ec.europa.eu/dataset_ghg2025,CC BY 4.0,"A-011_GHG 배출량[에너지, 산업공정, 농업, 폐기물].xlsx",1.1_observation(측정값),437,BGD-ALL-DATA-DISPLAY-2026-09-29,
A-011,"GHG 배출량[에너지, 산업공정, 농업, 폐기물]",observation,bgd-v158-a-011-obs-00435,A-011_emissions_sector_transport,BGD,2019,2019,2019,,,,13.157916,Mt CO2eq,,,,,,"[수송효율 기술 (Transport efficiency)] [수송] European Commission, Joint Research Centre (JRC) — EDGAR 「EDGAR GHG_Transport」 기준. Mt CO2eq (GWP-100 AR5). IPCC 2006 코드 1.A.3.a, 1.A.3.b_noRES, 1.A.3.c, 1.A.3.d, 1.A.3.e.","European Commission, Joint Research Centre (JRC) — EDGAR",https://edgar.jrc.ec.europa.eu/dataset_ghg2025,CC BY 4.0,"A-011_GHG 배출량[에너지, 산업공정, 농업, 폐기물].xlsx",1.1_observation(측정값),438,BGD-ALL-DATA-DISPLAY-2026-09-29,
A-011,"GHG 배출량[에너지, 산업공정, 농업, 폐기물]",observation,bgd-v158-a-011-obs-00436,A-011_emissions_sector_transport,BGD,2020,2020,2020,,,,12.284419,Mt CO2eq,,,,,,"[수송효율 기술 (Transport efficiency)] [수송] European Commission, Joint Research Centre (JRC) — EDGAR 「EDGAR GHG_Transport」 기준. Mt CO2eq (GWP-100 AR5). IPCC 2006 코드 1.A.3.a, 1.A.3.b_noRES, 1.A.3.c, 1.A.3.d, 1.A.3.e.","European Commission, Joint Research Centre (JRC) — EDGAR",https://edgar.jrc.ec.europa.eu/dataset_ghg2025,CC BY 4.0,"A-011_GHG 배출량[에너지, 산업공정, 농업, 폐기물].xlsx",1.1_observation(측정값),439,BGD-ALL-DATA-DISPLAY-2026-09-29,
A-011,"GHG 배출량[에너지, 산업공정, 농업, 폐기물]",observation,bgd-v158-a-011-obs-00437,A-011_emissions_sector_transport,BGD,2021,2021,2021,,,,13.498841,Mt CO2eq,,,,,,"[수송효율 기술 (Transport efficiency)] [수송] European Commission, Joint Research Centre (JRC) — EDGAR 「EDGAR GHG_Transport」 기준. Mt CO2eq (GWP-100 AR5). IPCC 2006 코드 1.A.3.a, 1.A.3.b_noRES, 1.A.3.c, 1.A.3.d, 1.A.3.e.","European Commission, Joint Research Centre (JRC) — EDGAR",https://edgar.jrc.ec.europa.eu/dataset_ghg2025,CC BY 4.0,"A-011_GHG 배출량[에너지, 산업공정, 농업, 폐기물].xlsx",1.1_observation(측정값),440,BGD-ALL-DATA-DISPLAY-2026-09-29,
A-011,"GHG 배출량[에너지, 산업공정, 농업, 폐기물]",observation,bgd-v158-a-011-obs-00438,A-011_emissions_sector_transport,BGD,2022,2022,2022,,,,14.332168,Mt CO2eq,,,,,,"[수송효율 기술 (Transport efficiency)] [수송] European Commission, Joint Research Centre (JRC) — EDGAR 「EDGAR GHG_Transport」 기준. Mt CO2eq (GWP-100 AR5). IPCC 2006 코드 1.A.3.a, 1.A.3.b_noRES, 1.A.3.c, 1.A.3.d, 1.A.3.e.","European Commission, Joint Research Centre (JRC) — EDGAR",https://edgar.jrc.ec.europa.eu/dataset_ghg2025,CC BY 4.0,"A-011_GHG 배출량[에너지, 산업공정, 농업, 폐기물].xlsx",1.1_observation(측정값),441,BGD-ALL-DATA-DISPLAY-2026-09-29,
A-011,"GHG 배출량[에너지, 산업공정, 농업, 폐기물]",observation,bgd-v158-a-011-obs-00439,A-011_emissions_sector_transport,BGD,2023,2023,2023,,,,12.692724,Mt CO2eq,,,,,,"[수송효율 기술 (Transport efficiency)] [수송] European Commission, Joint Research Centre (JRC) — EDGAR 「EDGAR GHG_Transport」 기준. Mt CO2eq (GWP-100 AR5). IPCC 2006 코드 1.A.3.a, 1.A.3.b_noRES, 1.A.3.c, 1.A.3.d, 1.A.3.e.","European Commission, Joint Research Centre (JRC) — EDGAR",https://edgar.jrc.ec.europa.eu/dataset_ghg2025,CC BY 4.0,"A-011_GHG 배출량[에너지, 산업공정, 농업, 폐기물].xlsx",1.1_observation(측정값),442,BGD-ALL-DATA-DISPLAY-2026-09-29,
A-011,"GHG 배출량[에너지, 산업공정, 농업, 폐기물]",observation,bgd-v158-a-011-obs-00440,A-011_emissions_sector_transport,BGD,2024,2024,2024,,,,14.008655,Mt CO2eq,,,,,,"[수송효율 기술 (Transport efficiency)] [수송] European Commission, Joint Research Centre (JRC) — EDGAR 「EDGAR GHG_Transport」 기준. Mt CO2eq (GWP-100 AR5). IPCC 2006 코드 1.A.3.a, 1.A.3.b_noRES, 1.A.3.c, 1.A.3.d, 1.A.3.e.","European Commission, Joint Research Centre (JRC) — EDGAR",https://edgar.jrc.ec.europa.eu/dataset_ghg2025,CC BY 4.0,"A-011_GHG 배출량[에너지, 산업공정, 농업, 폐기물].xlsx",1.1_observation(측정값),443,BGD-ALL-DATA-DISPLAY-2026-09-29,
A-011,"GHG 배출량[에너지, 산업공정, 농업, 폐기물]",observation,bgd-v158-a-011-obs-00441,A-011_emissions_sector_waste,BGD,1970,1970,1970,,,,2.208072,Mt CO2eq,,,,,,"[폐자원 기술 (Waste-to-resource)] [폐기물] European Commission, Joint Research Centre (JRC) — EDGAR 「EDGAR GHG_Waste」 기준. Mt CO2eq (GWP-100 AR5). IPCC 2006 코드 4.A, 4.B, 4.C, 4.D, 4.E.","European Commission, Joint Research Centre (JRC) — EDGAR",https://edgar.jrc.ec.europa.eu/dataset_ghg2025,CC BY 4.0,"A-011_GHG 배출량[에너지, 산업공정, 농업, 폐기물].xlsx",1.1_observation(측정값),444,BGD-ALL-DATA-DISPLAY-2026-09-29,
A-011,"GHG 배출량[에너지, 산업공정, 농업, 폐기물]",observation,bgd-v158-a-011-obs-00442,A-011_emissions_sector_waste,BGD,1971,1971,1971,,,,2.333597,Mt CO2eq,,,,,,"[폐자원 기술 (Waste-to-resource)] [폐기물] European Commission, Joint Research Centre (JRC) — EDGAR 「EDGAR GHG_Waste」 기준. Mt CO2eq (GWP-100 AR5). IPCC 2006 코드 4.A, 4.B, 4.C, 4.D, 4.E.","European Commission, Joint Research Centre (JRC) — EDGAR",https://edgar.jrc.ec.europa.eu/dataset_ghg2025,CC BY 4.0,"A-011_GHG 배출량[에너지, 산업공정, 농업, 폐기물].xlsx",1.1_observation(측정값),445,BGD-ALL-DATA-DISPLAY-2026-09-29,
A-011,"GHG 배출량[에너지, 산업공정, 농업, 폐기물]",observation,bgd-v158-a-011-obs-00443,A-011_emissions_sector_waste,BGD,1972,1972,1972,,,,2.465891,Mt CO2eq,,,,,,"[폐자원 기술 (Waste-to-resource)] [폐기물] European Commission, Joint Research Centre (JRC) — EDGAR 「EDGAR GHG_Waste」 기준. Mt CO2eq (GWP-100 AR5). IPCC 2006 코드 4.A, 4.B, 4.C, 4.D, 4.E.","European Commission, Joint Research Centre (JRC) — EDGAR",https://edgar.jrc.ec.europa.eu/dataset_ghg2025,CC BY 4.0,"A-011_GHG 배출량[에너지, 산업공정, 농업, 폐기물].xlsx",1.1_observation(측정값),446,BGD-ALL-DATA-DISPLAY-2026-09-29,
A-011,"GHG 배출량[에너지, 산업공정, 농업, 폐기물]",observation,bgd-v158-a-011-obs-00444,A-011_emissions_sector_waste,BGD,1973,1973,1973,,,,2.655776,Mt CO2eq,,,,,,"[폐자원 기술 (Waste-to-resource)] [폐기물] European Commission, Joint Research Centre (JRC) — EDGAR 「EDGAR GHG_Waste」 기준. Mt CO2eq (GWP-100 AR5). IPCC 2006 코드 4.A, 4.B, 4.C, 4.D, 4.E.","European Commission, Joint Research Centre (JRC) — EDGAR",https://edgar.jrc.ec.europa.eu/dataset_ghg2025,CC BY 4.0,"A-011_GHG 배출량[에너지, 산업공정, 농업, 폐기물].xlsx",1.1_observation(측정값),447,BGD-ALL-DATA-DISPLAY-2026-09-29,
A-011,"GHG 배출량[에너지, 산업공정, 농업, 폐기물]",observation,bgd-v158-a-011-obs-00445,A-011_emissions_sector_waste,BGD,1974,1974,1974,,,,2.760849,Mt CO2eq,,,,,,"[폐자원 기술 (Waste-to-resource)] [폐기물] European Commission, Joint Research Centre (JRC) — EDGAR 「EDGAR GHG_Waste」 기준. Mt CO2eq (GWP-100 AR5). IPCC 2006 코드 4.A, 4.B, 4.C, 4.D, 4.E.","European Commission, Joint Research Centre (JRC) — EDGAR",https://edgar.jrc.ec.europa.eu/dataset_ghg2025,CC BY 4.0,"A-011_GHG 배출량[에너지, 산업공정, 농업, 폐기물].xlsx",1.1_observation(측정값),448,BGD-ALL-DATA-DISPLAY-2026-09-29,
A-011,"GHG 배출량[에너지, 산업공정, 농업, 폐기물]",observation,bgd-v158-a-011-obs-00446,A-011_emissions_sector_waste,BGD,1975,1975,1975,,,,2.901494,Mt CO2eq,,,,,,"[폐자원 기술 (Waste-to-resource)] [폐기물] European Commission, Joint Research Centre (JRC) — EDGAR 「EDGAR GHG_Waste」 기준. Mt CO2eq (GWP-100 AR5). IPCC 2006 코드 4.A, 4.B, 4.C, 4.D, 4.E.","European Commission, Joint Research Centre (JRC) — EDGAR",https://edgar.jrc.ec.europa.eu/dataset_ghg2025,CC BY 4.0,"A-011_GHG 배출량[에너지, 산업공정, 농업, 폐기물].xlsx",1.1_observation(측정값),449,BGD-ALL-DATA-DISPLAY-2026-09-29,
A-011,"GHG 배출량[에너지, 산업공정, 농업, 폐기물]",observation,bgd-v158-a-011-obs-00447,A-011_emissions_sector_waste,BGD,1976,1976,1976,,,,3.122003,Mt CO2eq,,,,,,"[폐자원 기술 (Waste-to-resource)] [폐기물] European Commission, Joint Research Centre (JRC) — EDGAR 「EDGAR GHG_Waste」 기준. Mt CO2eq (GWP-100 AR5). IPCC 2006 코드 4.A, 4.B, 4.C, 4.D, 4.E.","European Commission, Joint Research Centre (JRC) — EDGAR",https://edgar.jrc.ec.europa.eu/dataset_ghg2025,CC BY 4.0,"A-011_GHG 배출량[에너지, 산업공정, 농업, 폐기물].xlsx",1.1_observation(측정값),450,BGD-ALL-DATA-DISPLAY-2026-09-29,
A-011,"GHG 배출량[에너지, 산업공정, 농업, 폐기물]",observation,bgd-v158-a-011-obs-00448,A-011_emissions_sector_waste,BGD,1977,1977,1977,,,,3.264166,Mt CO2eq,,,,,,"[폐자원 기술 (Waste-to-resource)] [폐기물] European Commission, Joint Research Centre (JRC) — EDGAR 「EDGAR GHG_Waste」 기준. Mt CO2eq (GWP-100 AR5). IPCC 2006 코드 4.A, 4.B, 4.C, 4.D, 4.E.","European Commission, Joint Research Centre (JRC) — EDGAR",https://edgar.jrc.ec.europa.eu/dataset_ghg2025,CC BY 4.0,"A-011_GHG 배출량[에너지, 산업공정, 농업, 폐기물].xlsx",1.1_observation(측정값),451,BGD-ALL-DATA-DISPLAY-2026-09-29,
A-011,"GHG 배출량[에너지, 산업공정, 농업, 폐기물]",observation,bgd-v158-a-011-obs-00449,A-011_emissions_sector_waste,BGD,1978,1978,1978,,,,3.561065,Mt CO2eq,,,,,,"[폐자원 기술 (Waste-to-resource)] [폐기물] European Commission, Joint Research Centre (JRC) — EDGAR 「EDGAR GHG_Waste」 기준. Mt CO2eq (GWP-100 AR5). IPCC 2006 코드 4.A, 4.B, 4.C, 4.D, 4.E.","European Commission, Joint Research Centre (JRC) — EDGAR",https://edgar.jrc.ec.europa.eu/dataset_ghg2025,CC BY 4.0,"A-011_GHG 배출량[에너지, 산업공정, 농업, 폐기물].xlsx",1.1_observation(측정값),452,BGD-ALL-DATA-DISPLAY-2026-09-29,
A-011,"GHG 배출량[에너지, 산업공정, 농업, 폐기물]",observation,bgd-v158-a-011-obs-00450,A-011_emissions_sector_waste,BGD,1979,1979,1979,,,,3.816788,Mt CO2eq,,,,,,"[폐자원 기술 (Waste-to-resource)] [폐기물] European Commission, Joint Research Centre (JRC) — EDGAR 「EDGAR GHG_Waste」 기준. Mt CO2eq (GWP-100 AR5). IPCC 2006 코드 4.A, 4.B, 4.C, 4.D, 4.E.","European Commission, Joint Research Centre (JRC) — EDGAR",https://edgar.jrc.ec.europa.eu/dataset_ghg2025,CC BY 4.0,"A-011_GHG 배출량[에너지, 산업공정, 농업, 폐기물].xlsx",1.1_observation(측정값),453,BGD-ALL-DATA-DISPLAY-2026-09-29,
A-011,"GHG 배출량[에너지, 산업공정, 농업, 폐기물]",observation,bgd-v158-a-011-obs-00451,A-011_emissions_sector_waste,BGD,1980,1980,1980,,,,4.002276,Mt CO2eq,,,,,,"[폐자원 기술 (Waste-to-resource)] [폐기물] European Commission, Joint Research Centre (JRC) — EDGAR 「EDGAR GHG_Waste」 기준. Mt CO2eq (GWP-100 AR5). IPCC 2006 코드 4.A, 4.B, 4.C, 4.D, 4.E.","European Commission, Joint Research Centre (JRC) — EDGAR",https://edgar.jrc.ec.europa.eu/dataset_ghg2025,CC BY 4.0,"A-011_GHG 배출량[에너지, 산업공정, 농업, 폐기물].xlsx",1.1_observation(측정값),454,BGD-ALL-DATA-DISPLAY-2026-09-29,
A-011,"GHG 배출량[에너지, 산업공정, 농업, 폐기물]",observation,bgd-v158-a-011-obs-00452,A-011_emissions_sector_waste,BGD,1981,1981,1981,,,,4.252627,Mt CO2eq,,,,,,"[폐자원 기술 (Waste-to-resource)] [폐기물] European Commission, Joint Research Centre (JRC) — EDGAR 「EDGAR GHG_Waste」 기준. Mt CO2eq (GWP-100 AR5). IPCC 2006 코드 4.A, 4.B, 4.C, 4.D, 4.E.","European Commission, Joint Research Centre (JRC) — EDGAR",https://edgar.jrc.ec.europa.eu/dataset_ghg2025,CC BY 4.0,"A-011_GHG 배출량[에너지, 산업공정, 농업, 폐기물].xlsx",1.1_observation(측정값),455,BGD-ALL-DATA-DISPLAY-2026-09-29,
A-011,"GHG 배출량[에너지, 산업공정, 농업, 폐기물]",observation,bgd-v158-a-011-obs-00453,A-011_emissions_sector_waste,BGD,1982,1982,1982,,,,4.518277,Mt CO2eq,,,,,,"[폐자원 기술 (Waste-to-resource)] [폐기물] European Commission, Joint Research Centre (JRC) — EDGAR 「EDGAR GHG_Waste」 기준. Mt CO2eq (GWP-100 AR5). IPCC 2006 코드 4.A, 4.B, 4.C, 4.D, 4.E.","European Commission, Joint Research Centre (JRC) — EDGAR",https://edgar.jrc.ec.europa.eu/dataset_ghg2025,CC BY 4.0,"A-011_GHG 배출량[에너지, 산업공정, 농업, 폐기물].xlsx",1.1_observation(측정값),456,BGD-ALL-DATA-DISPLAY-2026-09-29,
A-011,"GHG 배출량[에너지, 산업공정, 농업, 폐기물]",observation,bgd-v158-a-011-obs-00454,A-011_emissions_sector_waste,BGD,1983,1983,1983,,,,4.773732,Mt CO2eq,,,,,,"[폐자원 기술 (Waste-to-resource)] [폐기물] European Commission, Joint Research Centre (JRC) — EDGAR 「EDGAR GHG_Waste」 기준. Mt CO2eq (GWP-100 AR5). IPCC 2006 코드 4.A, 4.B, 4.C, 4.D, 4.E.","European Commission, Joint Research Centre (JRC) — EDGAR",https://edgar.jrc.ec.europa.eu/dataset_ghg2025,CC BY 4.0,"A-011_GHG 배출량[에너지, 산업공정, 농업, 폐기물].xlsx",1.1_observation(측정값),457,BGD-ALL-DATA-DISPLAY-2026-09-29,
A-011,"GHG 배출량[에너지, 산업공정, 농업, 폐기물]",observation,bgd-v158-a-011-obs-00455,A-011_emissions_sector_waste,BGD,1984,1984,1984,,,,5.083991,Mt CO2eq,,,,,,"[폐자원 기술 (Waste-to-resource)] [폐기물] European Commission, Joint Research Centre (JRC) — EDGAR 「EDGAR GHG_Waste」 기준. Mt CO2eq (GWP-100 AR5). IPCC 2006 코드 4.A, 4.B, 4.C, 4.D, 4.E.","European Commission, Joint Research Centre (JRC) — EDGAR",https://edgar.jrc.ec.europa.eu/dataset_ghg2025,CC BY 4.0,"A-011_GHG 배출량[에너지, 산업공정, 농업, 폐기물].xlsx",1.1_observation(측정값),458,BGD-ALL-DATA-DISPLAY-2026-09-29,
A-011,"GHG 배출량[에너지, 산업공정, 농업, 폐기물]",observation,bgd-v158-a-011-obs-00456,A-011_emissions_sector_waste,BGD,1985,1985,1985,,,,5.409859,Mt CO2eq,,,,,,"[폐자원 기술 (Waste-to-resource)] [폐기물] European Commission, Joint Research Centre (JRC) — EDGAR 「EDGAR GHG_Waste」 기준. Mt CO2eq (GWP-100 AR5). IPCC 2006 코드 4.A, 4.B, 4.C, 4.D, 4.E.","European Commission, Joint Research Centre (JRC) — EDGAR",https://edgar.jrc.ec.europa.eu/dataset_ghg2025,CC BY 4.0,"A-011_GHG 배출량[에너지, 산업공정, 농업, 폐기물].xlsx",1.1_observation(측정값),459,BGD-ALL-DATA-DISPLAY-2026-09-29,
A-011,"GHG 배출량[에너지, 산업공정, 농업, 폐기물]",observation,bgd-v158-a-011-obs-00457,A-011_emissions_sector_waste,BGD,1986,1986,1986,,,,5.672462,Mt CO2eq,,,,,,"[폐자원 기술 (Waste-to-resource)] [폐기물] European Commission, Joint Research Centre (JRC) — EDGAR 「EDGAR GHG_Waste」 기준. Mt CO2eq (GWP-100 AR5). IPCC 2006 코드 4.A, 4.B, 4.C, 4.D, 4.E.","European Commission, Joint Research Centre (JRC) — EDGAR",https://edgar.jrc.ec.europa.eu/dataset_ghg2025,CC BY 4.0,"A-011_GHG 배출량[에너지, 산업공정, 농업, 폐기물].xlsx",1.1_observation(측정값),460,BGD-ALL-DATA-DISPLAY-2026-09-29,
A-011,"GHG 배출량[에너지, 산업공정, 농업, 폐기물]",observation,bgd-v158-a-011-obs-00458,A-011_emissions_sector_waste,BGD,1987,1987,1987,,,,6.031098,Mt CO2eq,,,,,,"[폐자원 기술 (Waste-to-resource)] [폐기물] European Commission, Joint Research Centre (JRC) — EDGAR 「EDGAR GHG_Waste」 기준. Mt CO2eq (GWP-100 AR5). IPCC 2006 코드 4.A, 4.B, 4.C, 4.D, 4.E.","European Commission, Joint Research Centre (JRC) — EDGAR",https://edgar.jrc.ec.europa.eu/dataset_ghg2025,CC BY 4.0,"A-011_GHG 배출량[에너지, 산업공정, 농업, 폐기물].xlsx",1.1_observation(측정값),461,BGD-ALL-DATA-DISPLAY-2026-09-29,
A-011,"GHG 배출량[에너지, 산업공정, 농업, 폐기물]",observation,bgd-v158-a-011-obs-00459,A-011_emissions_sector_waste,BGD,1988,1988,1988,,,,6.399072,Mt CO2eq,,,,,,"[폐자원 기술 (Waste-to-resource)] [폐기물] European Commission, Joint Research Centre (JRC) — EDGAR 「EDGAR GHG_Waste」 기준. Mt CO2eq (GWP-100 AR5). IPCC 2006 코드 4.A, 4.B, 4.C, 4.D, 4.E.","European Commission, Joint Research Centre (JRC) — EDGAR",https://edgar.jrc.ec.europa.eu/dataset_ghg2025,CC BY 4.0,"A-011_GHG 배출량[에너지, 산업공정, 농업, 폐기물].xlsx",1.1_observation(측정값),462,BGD-ALL-DATA-DISPLAY-2026-09-29,
A-011,"GHG 배출량[에너지, 산업공정, 농업, 폐기물]",observation,bgd-v158-a-011-obs-00460,A-011_emissions_sector_waste,BGD,1989,1989,1989,,,,6.71479,Mt CO2eq,,,,,,"[폐자원 기술 (Waste-to-resource)] [폐기물] European Commission, Joint Research Centre (JRC) — EDGAR 「EDGAR GHG_Waste」 기준. Mt CO2eq (GWP-100 AR5). IPCC 2006 코드 4.A, 4.B, 4.C, 4.D, 4.E.","European Commission, Joint Research Centre (JRC) — EDGAR",https://edgar.jrc.ec.europa.eu/dataset_ghg2025,CC BY 4.0,"A-011_GHG 배출량[에너지, 산업공정, 농업, 폐기물].xlsx",1.1_observation(측정값),463,BGD-ALL-DATA-DISPLAY-2026-09-29,
A-011,"GHG 배출량[에너지, 산업공정, 농업, 폐기물]",observation,bgd-v158-a-011-obs-00461,A-011_emissions_sector_waste,BGD,1990,1990,1990,,,,7.027803,Mt CO2eq,,,,,,"[폐자원 기술 (Waste-to-resource)] [폐기물] European Commission, Joint Research Centre (JRC) — EDGAR 「EDGAR GHG_Waste」 기준. Mt CO2eq (GWP-100 AR5). IPCC 2006 코드 4.A, 4.B, 4.C, 4.D, 4.E.","European Commission, Joint Research Centre (JRC) — EDGAR",https://edgar.jrc.ec.europa.eu/dataset_ghg2025,CC BY 4.0,"A-011_GHG 배출량[에너지, 산업공정, 농업, 폐기물].xlsx",1.1_observation(측정값),464,BGD-ALL-DATA-DISPLAY-2026-09-29,
A-011,"GHG 배출량[에너지, 산업공정, 농업, 폐기물]",observation,bgd-v158-a-011-obs-00462,A-011_emissions_sector_waste,BGD,1991,1991,1991,,,,7.166875,Mt CO2eq,,,,,,"[폐자원 기술 (Waste-to-resource)] [폐기물] European Commission, Joint Research Centre (JRC) — EDGAR 「EDGAR GHG_Waste」 기준. Mt CO2eq (GWP-100 AR5). IPCC 2006 코드 4.A, 4.B, 4.C, 4.D, 4.E.","European Commission, Joint Research Centre (JRC) — EDGAR",https://edgar.jrc.ec.europa.eu/dataset_ghg2025,CC BY 4.0,"A-011_GHG 배출량[에너지, 산업공정, 농업, 폐기물].xlsx",1.1_observation(측정값),465,BGD-ALL-DATA-DISPLAY-2026-09-29,
A-011,"GHG 배출량[에너지, 산업공정, 농업, 폐기물]",observation,bgd-v158-a-011-obs-00463,A-011_emissions_sector_waste,BGD,1992,1992,1992,,,,7.407607,Mt CO2eq,,,,,,"[폐자원 기술 (Waste-to-resource)] [폐기물] European Commission, Joint Research Centre (JRC) — EDGAR 「EDGAR GHG_Waste」 기준. Mt CO2eq (GWP-100 AR5). IPCC 2006 코드 4.A, 4.B, 4.C, 4.D, 4.E.","European Commission, Joint Research Centre (JRC) — EDGAR",https://edgar.jrc.ec.europa.eu/dataset_ghg2025,CC BY 4.0,"A-011_GHG 배출량[에너지, 산업공정, 농업, 폐기물].xlsx",1.1_observation(측정값),466,BGD-ALL-DATA-DISPLAY-2026-09-29,
A-011,"GHG 배출량[에너지, 산업공정, 농업, 폐기물]",observation,bgd-v158-a-011-obs-00464,A-011_emissions_sector_waste,BGD,1993,1993,1993,,,,7.564759,Mt CO2eq,,,,,,"[폐자원 기술 (Waste-to-resource)] [폐기물] European Commission, Joint Research Centre (JRC) — EDGAR 「EDGAR GHG_Waste」 기준. Mt CO2eq (GWP-100 AR5). IPCC 2006 코드 4.A, 4.B, 4.C, 4.D, 4.E.","European Commission, Joint Research Centre (JRC) — EDGAR",https://edgar.jrc.ec.europa.eu/dataset_ghg2025,CC BY 4.0,"A-011_GHG 배출량[에너지, 산업공정, 농업, 폐기물].xlsx",1.1_observation(측정값),467,BGD-ALL-DATA-DISPLAY-2026-09-29,
A-011,"GHG 배출량[에너지, 산업공정, 농업, 폐기물]",observation,bgd-v158-a-011-obs-00465,A-011_emissions_sector_waste,BGD,1994,1994,1994,,,,7.731189,Mt CO2eq,,,,,,"[폐자원 기술 (Waste-to-resource)] [폐기물] European Commission, Joint Research Centre (JRC) — EDGAR 「EDGAR GHG_Waste」 기준. Mt CO2eq (GWP-100 AR5). IPCC 2006 코드 4.A, 4.B, 4.C, 4.D, 4.E.","European Commission, Joint Research Centre (JRC) — EDGAR",https://edgar.jrc.ec.europa.eu/dataset_ghg2025,CC BY 4.0,"A-011_GHG 배출량[에너지, 산업공정, 농업, 폐기물].xlsx",1.1_observation(측정값),468,BGD-ALL-DATA-DISPLAY-2026-09-29,
A-011,"GHG 배출량[에너지, 산업공정, 농업, 폐기물]",observation,bgd-v158-a-011-obs-00466,A-011_emissions_sector_waste,BGD,1995,1995,1995,,,,7.93864,Mt CO2eq,,,,,,"[폐자원 기술 (Waste-to-resource)] [폐기물] European Commission, Joint Research Centre (JRC) — EDGAR 「EDGAR GHG_Waste」 기준. Mt CO2eq (GWP-100 AR5). IPCC 2006 코드 4.A, 4.B, 4.C, 4.D, 4.E.","European Commission, Joint Research Centre (JRC) — EDGAR",https://edgar.jrc.ec.europa.eu/dataset_ghg2025,CC BY 4.0,"A-011_GHG 배출량[에너지, 산업공정, 농업, 폐기물].xlsx",1.1_observation(측정값),469,BGD-ALL-DATA-DISPLAY-2026-09-29,
A-011,"GHG 배출량[에너지, 산업공정, 농업, 폐기물]",observation,bgd-v158-a-011-obs-00467,A-011_emissions_sector_waste,BGD,1996,1996,1996,,,,8.095573,Mt CO2eq,,,,,,"[폐자원 기술 (Waste-to-resource)] [폐기물] European Commission, Joint Research Centre (JRC) — EDGAR 「EDGAR GHG_Waste」 기준. Mt CO2eq (GWP-100 AR5). IPCC 2006 코드 4.A, 4.B, 4.C, 4.D, 4.E.","European Commission, Joint Research Centre (JRC) — EDGAR",https://edgar.jrc.ec.europa.eu/dataset_ghg2025,CC BY 4.0,"A-011_GHG 배출량[에너지, 산업공정, 농업, 폐기물].xlsx",1.1_observation(측정값),470,BGD-ALL-DATA-DISPLAY-2026-09-29,
A-011,"GHG 배출량[에너지, 산업공정, 농업, 폐기물]",observation,bgd-v158-a-011-obs-00468,A-011_emissions_sector_waste,BGD,1997,1997,1997,,,,8.233959,Mt CO2eq,,,,,,"[폐자원 기술 (Waste-to-resource)] [폐기물] European Commission, Joint Research Centre (JRC) — EDGAR 「EDGAR GHG_Waste」 기준. Mt CO2eq (GWP-100 AR5). IPCC 2006 코드 4.A, 4.B, 4.C, 4.D, 4.E.","European Commission, Joint Research Centre (JRC) — EDGAR",https://edgar.jrc.ec.europa.eu/dataset_ghg2025,CC BY 4.0,"A-011_GHG 배출량[에너지, 산업공정, 농업, 폐기물].xlsx",1.1_observation(측정값),471,BGD-ALL-DATA-DISPLAY-2026-09-29,
A-011,"GHG 배출량[에너지, 산업공정, 농업, 폐기물]",observation,bgd-v158-a-011-obs-00469,A-011_emissions_sector_waste,BGD,1998,1998,1998,,,,8.391415,Mt CO2eq,,,,,,"[폐자원 기술 (Waste-to-resource)] [폐기물] European Commission, Joint Research Centre (JRC) — EDGAR 「EDGAR GHG_Waste」 기준. Mt CO2eq (GWP-100 AR5). IPCC 2006 코드 4.A, 4.B, 4.C, 4.D, 4.E.","European Commission, Joint Research Centre (JRC) — EDGAR",https://edgar.jrc.ec.europa.eu/dataset_ghg2025,CC BY 4.0,"A-011_GHG 배출량[에너지, 산업공정, 농업, 폐기물].xlsx",1.1_observation(측정값),472,BGD-ALL-DATA-DISPLAY-2026-09-29,
A-011,"GHG 배출량[에너지, 산업공정, 농업, 폐기물]",observation,bgd-v158-a-011-obs-00470,A-011_emissions_sector_waste,BGD,1999,1999,1999,,,,8.606513,Mt CO2eq,,,,,,"[폐자원 기술 (Waste-to-resource)] [폐기물] European Commission, Joint Research Centre (JRC) — EDGAR 「EDGAR GHG_Waste」 기준. Mt CO2eq (GWP-100 AR5). IPCC 2006 코드 4.A, 4.B, 4.C, 4.D, 4.E.","European Commission, Joint Research Centre (JRC) — EDGAR",https://edgar.jrc.ec.europa.eu/dataset_ghg2025,CC BY 4.0,"A-011_GHG 배출량[에너지, 산업공정, 농업, 폐기물].xlsx",1.1_observation(측정값),473,BGD-ALL-DATA-DISPLAY-2026-09-29,
A-011,"GHG 배출량[에너지, 산업공정, 농업, 폐기물]",observation,bgd-v158-a-011-obs-00471,A-011_emissions_sector_waste,BGD,2000,2000,2000,,,,8.787033,Mt CO2eq,,,,,,"[폐자원 기술 (Waste-to-resource)] [폐기물] European Commission, Joint Research Centre (JRC) — EDGAR 「EDGAR GHG_Waste」 기준. Mt CO2eq (GWP-100 AR5). IPCC 2006 코드 4.A, 4.B, 4.C, 4.D, 4.E.","European Commission, Joint Research Centre (JRC) — EDGAR",https://edgar.jrc.ec.europa.eu/dataset_ghg2025,CC BY 4.0,"A-011_GHG 배출량[에너지, 산업공정, 농업, 폐기물].xlsx",1.1_observation(측정값),474,BGD-ALL-DATA-DISPLAY-2026-09-29,
A-011,"GHG 배출량[에너지, 산업공정, 농업, 폐기물]",observation,bgd-v158-a-011-obs-00472,A-011_emissions_sector_waste,BGD,2001,2001,2001,,,,9.027889,Mt CO2eq,,,,,,"[폐자원 기술 (Waste-to-resource)] [폐기물] European Commission, Joint Research Centre (JRC) — EDGAR 「EDGAR GHG_Waste」 기준. Mt CO2eq (GWP-100 AR5). IPCC 2006 코드 4.A, 4.B, 4.C, 4.D, 4.E.","European Commission, Joint Research Centre (JRC) — EDGAR",https://edgar.jrc.ec.europa.eu/dataset_ghg2025,CC BY 4.0,"A-011_GHG 배출량[에너지, 산업공정, 농업, 폐기물].xlsx",1.1_observation(측정값),475,BGD-ALL-DATA-DISPLAY-2026-09-29,
A-011,"GHG 배출량[에너지, 산업공정, 농업, 폐기물]",observation,bgd-v158-a-011-obs-00473,A-011_emissions_sector_waste,BGD,2002,2002,2002,,,,9.26852,Mt CO2eq,,,,,,"[폐자원 기술 (Waste-to-resource)] [폐기물] European Commission, Joint Research Centre (JRC) — EDGAR 「EDGAR GHG_Waste」 기준. Mt CO2eq (GWP-100 AR5). IPCC 2006 코드 4.A, 4.B, 4.C, 4.D, 4.E.","European Commission, Joint Research Centre (JRC) — EDGAR",https://edgar.jrc.ec.europa.eu/dataset_ghg2025,CC BY 4.0,"A-011_GHG 배출량[에너지, 산업공정, 농업, 폐기물].xlsx",1.1_observation(측정값),476,BGD-ALL-DATA-DISPLAY-2026-09-29,
A-011,"GHG 배출량[에너지, 산업공정, 농업, 폐기물]",observation,bgd-v158-a-011-obs-00474,A-011_emissions_sector_waste,BGD,2003,2003,2003,,,,9.599246,Mt CO2eq,,,,,,"[폐자원 기술 (Waste-to-resource)] [폐기물] European Commission, Joint Research Centre (JRC) — EDGAR 「EDGAR GHG_Waste」 기준. Mt CO2eq (GWP-100 AR5). IPCC 2006 코드 4.A, 4.B, 4.C, 4.D, 4.E.","European Commission, Joint Research Centre (JRC) — EDGAR",https://edgar.jrc.ec.europa.eu/dataset_ghg2025,CC BY 4.0,"A-011_GHG 배출량[에너지, 산업공정, 농업, 폐기물].xlsx",1.1_observation(측정값),477,BGD-ALL-DATA-DISPLAY-2026-09-29,
A-011,"GHG 배출량[에너지, 산업공정, 농업, 폐기물]",observation,bgd-v158-a-011-obs-00475,A-011_emissions_sector_waste,BGD,2004,2004,2004,,,,9.828917,Mt CO2eq,,,,,,"[폐자원 기술 (Waste-to-resource)] [폐기물] European Commission, Joint Research Centre (JRC) — EDGAR 「EDGAR GHG_Waste」 기준. Mt CO2eq (GWP-100 AR5). IPCC 2006 코드 4.A, 4.B, 4.C, 4.D, 4.E.","European Commission, Joint Research Centre (JRC) — EDGAR",https://edgar.jrc.ec.europa.eu/dataset_ghg2025,CC BY 4.0,"A-011_GHG 배출량[에너지, 산업공정, 농업, 폐기물].xlsx",1.1_observation(측정값),478,BGD-ALL-DATA-DISPLAY-2026-09-29,
A-011,"GHG 배출량[에너지, 산업공정, 농업, 폐기물]",observation,bgd-v158-a-011-obs-00476,A-011_emissions_sector_waste,BGD,2005,2005,2005,,,,10.012803,Mt CO2eq,,,,,,"[폐자원 기술 (Waste-to-resource)] [폐기물] European Commission, Joint Research Centre (JRC) — EDGAR 「EDGAR GHG_Waste」 기준. Mt CO2eq (GWP-100 AR5). IPCC 2006 코드 4.A, 4.B, 4.C, 4.D, 4.E.","European Commission, Joint Research Centre (JRC) — EDGAR",https://edgar.jrc.ec.europa.eu/dataset_ghg2025,CC BY 4.0,"A-011_GHG 배출량[에너지, 산업공정, 농업, 폐기물].xlsx",1.1_observation(측정값),479,BGD-ALL-DATA-DISPLAY-2026-09-29,
A-011,"GHG 배출량[에너지, 산업공정, 농업, 폐기물]",observation,bgd-v158-a-011-obs-00477,A-011_emissions_sector_waste,BGD,2006,2006,2006,,,,10.248044,Mt CO2eq,,,,,,"[폐자원 기술 (Waste-to-resource)] [폐기물] European Commission, Joint Research Centre (JRC) — EDGAR 「EDGAR GHG_Waste」 기준. Mt CO2eq (GWP-100 AR5). IPCC 2006 코드 4.A, 4.B, 4.C, 4.D, 4.E.","European Commission, Joint Research Centre (JRC) — EDGAR",https://edgar.jrc.ec.europa.eu/dataset_ghg2025,CC BY 4.0,"A-011_GHG 배출량[에너지, 산업공정, 농업, 폐기물].xlsx",1.1_observation(측정값),480,BGD-ALL-DATA-DISPLAY-2026-09-29,
A-011,"GHG 배출량[에너지, 산업공정, 농업, 폐기물]",observation,bgd-v158-a-011-obs-00478,A-011_emissions_sector_waste,BGD,2007,2007,2007,,,,10.530752,Mt CO2eq,,,,,,"[폐자원 기술 (Waste-to-resource)] [폐기물] European Commission, Joint Research Centre (JRC) — EDGAR 「EDGAR GHG_Waste」 기준. Mt CO2eq (GWP-100 AR5). IPCC 2006 코드 4.A, 4.B, 4.C, 4.D, 4.E.","European Commission, Joint Research Centre (JRC) — EDGAR",https://edgar.jrc.ec.europa.eu/dataset_ghg2025,CC BY 4.0,"A-011_GHG 배출량[에너지, 산업공정, 농업, 폐기물].xlsx",1.1_observation(측정값),481,BGD-ALL-DATA-DISPLAY-2026-09-29,
A-011,"GHG 배출량[에너지, 산업공정, 농업, 폐기물]",observation,bgd-v158-a-011-obs-00479,A-011_emissions_sector_waste,BGD,2008,2008,2008,,,,10.812357,Mt CO2eq,,,,,,"[폐자원 기술 (Waste-to-resource)] [폐기물] European Commission, Joint Research Centre (JRC) — EDGAR 「EDGAR GHG_Waste」 기준. Mt CO2eq (GWP-100 AR5). IPCC 2006 코드 4.A, 4.B, 4.C, 4.D, 4.E.","European Commission, Joint Research Centre (JRC) — EDGAR",https://edgar.jrc.ec.europa.eu/dataset_ghg2025,CC BY 4.0,"A-011_GHG 배출량[에너지, 산업공정, 농업, 폐기물].xlsx",1.1_observation(측정값),482,BGD-ALL-DATA-DISPLAY-2026-09-29,
A-011,"GHG 배출량[에너지, 산업공정, 농업, 폐기물]",observation,bgd-v158-a-011-obs-00480,A-011_emissions_sector_waste,BGD,2009,2009,2009,,,,11.023033,Mt CO2eq,,,,,,"[폐자원 기술 (Waste-to-resource)] [폐기물] European Commission, Joint Research Centre (JRC) — EDGAR 「EDGAR GHG_Waste」 기준. Mt CO2eq (GWP-100 AR5). IPCC 2006 코드 4.A, 4.B, 4.C, 4.D, 4.E.","European Commission, Joint Research Centre (JRC) — EDGAR",https://edgar.jrc.ec.europa.eu/dataset_ghg2025,CC BY 4.0,"A-011_GHG 배출량[에너지, 산업공정, 농업, 폐기물].xlsx",1.1_observation(측정값),483,BGD-ALL-DATA-DISPLAY-2026-09-29,
A-011,"GHG 배출량[에너지, 산업공정, 농업, 폐기물]",observation,bgd-v158-a-011-obs-00481,A-011_emissions_sector_waste,BGD,2010,2010,2010,,,,11.270666,Mt CO2eq,,,,,,"[폐자원 기술 (Waste-to-resource)] [폐기물] European Commission, Joint Research Centre (JRC) — EDGAR 「EDGAR GHG_Waste」 기준. Mt CO2eq (GWP-100 AR5). IPCC 2006 코드 4.A, 4.B, 4.C, 4.D, 4.E.","European Commission, Joint Research Centre (JRC) — EDGAR",https://edgar.jrc.ec.europa.eu/dataset_ghg2025,CC BY 4.0,"A-011_GHG 배출량[에너지, 산업공정, 농업, 폐기물].xlsx",1.1_observation(측정값),484,BGD-ALL-DATA-DISPLAY-2026-09-29,
A-011,"GHG 배출량[에너지, 산업공정, 농업, 폐기물]",observation,bgd-v158-a-011-obs-00482,A-011_emissions_sector_waste,BGD,2011,2011,2011,,,,11.589475,Mt CO2eq,,,,,,"[폐자원 기술 (Waste-to-resource)] [폐기물] European Commission, Joint Research Centre (JRC) — EDGAR 「EDGAR GHG_Waste」 기준. Mt CO2eq (GWP-100 AR5). IPCC 2006 코드 4.A, 4.B, 4.C, 4.D, 4.E.","European Commission, Joint Research Centre (JRC) — EDGAR",https://edgar.jrc.ec.europa.eu/dataset_ghg2025,CC BY 4.0,"A-011_GHG 배출량[에너지, 산업공정, 농업, 폐기물].xlsx",1.1_observation(측정값),485,BGD-ALL-DATA-DISPLAY-2026-09-29,
A-011,"GHG 배출량[에너지, 산업공정, 농업, 폐기물]",observation,bgd-v158-a-011-obs-00483,A-011_emissions_sector_waste,BGD,2012,2012,2012,,,,11.911763,Mt CO2eq,,,,,,"[폐자원 기술 (Waste-to-resource)] [폐기물] European Commission, Joint Research Centre (JRC) — EDGAR 「EDGAR GHG_Waste」 기준. Mt CO2eq (GWP-100 AR5). IPCC 2006 코드 4.A, 4.B, 4.C, 4.D, 4.E.","European Commission, Joint Research Centre (JRC) — EDGAR",https://edgar.jrc.ec.europa.eu/dataset_ghg2025,CC BY 4.0,"A-011_GHG 배출량[에너지, 산업공정, 농업, 폐기물].xlsx",1.1_observation(측정값),486,BGD-ALL-DATA-DISPLAY-2026-09-29,
A-011,"GHG 배출량[에너지, 산업공정, 농업, 폐기물]",observation,bgd-v158-a-011-obs-00484,A-011_emissions_sector_waste,BGD,2013,2013,2013,,,,12.22583,Mt CO2eq,,,,,,"[폐자원 기술 (Waste-to-resource)] [폐기물] European Commission, Joint Research Centre (JRC) — EDGAR 「EDGAR GHG_Waste」 기준. Mt CO2eq (GWP-100 AR5). IPCC 2006 코드 4.A, 4.B, 4.C, 4.D, 4.E.","European Commission, Joint Research Centre (JRC) — EDGAR",https://edgar.jrc.ec.europa.eu/dataset_ghg2025,CC BY 4.0,"A-011_GHG 배출량[에너지, 산업공정, 농업, 폐기물].xlsx",1.1_observation(측정값),487,BGD-ALL-DATA-DISPLAY-2026-09-29,
A-011,"GHG 배출량[에너지, 산업공정, 농업, 폐기물]",observation,bgd-v158-a-011-obs-00485,A-011_emissions_sector_waste,BGD,2014,2014,2014,,,,12.568934,Mt CO2eq,,,,,,"[폐자원 기술 (Waste-to-resource)] [폐기물] European Commission, Joint Research Centre (JRC) — EDGAR 「EDGAR GHG_Waste」 기준. Mt CO2eq (GWP-100 AR5). IPCC 2006 코드 4.A, 4.B, 4.C, 4.D, 4.E.","European Commission, Joint Research Centre (JRC) — EDGAR",https://edgar.jrc.ec.europa.eu/dataset_ghg2025,CC BY 4.0,"A-011_GHG 배출량[에너지, 산업공정, 농업, 폐기물].xlsx",1.1_observation(측정값),488,BGD-ALL-DATA-DISPLAY-2026-09-29,
A-011,"GHG 배출량[에너지, 산업공정, 농업, 폐기물]",observation,bgd-v158-a-011-obs-00486,A-011_emissions_sector_waste,BGD,2015,2015,2015,,,,12.934944,Mt CO2eq,,,,,,"[폐자원 기술 (Waste-to-resource)] [폐기물] European Commission, Joint Research Centre (JRC) — EDGAR 「EDGAR GHG_Waste」 기준. Mt CO2eq (GWP-100 AR5). IPCC 2006 코드 4.A, 4.B, 4.C, 4.D, 4.E.","European Commission, Joint Research Centre (JRC) — EDGAR",https://edgar.jrc.ec.europa.eu/dataset_ghg2025,CC BY 4.0,"A-011_GHG 배출량[에너지, 산업공정, 농업, 폐기물].xlsx",1.1_observation(측정값),489,BGD-ALL-DATA-DISPLAY-2026-09-29,
A-011,"GHG 배출량[에너지, 산업공정, 농업, 폐기물]",observation,bgd-v158-a-011-obs-00487,A-011_emissions_sector_waste,BGD,2016,2016,2016,,,,13.280884,Mt CO2eq,,,,,,"[폐자원 기술 (Waste-to-resource)] [폐기물] European Commission, Joint Research Centre (JRC) — EDGAR 「EDGAR GHG_Waste」 기준. Mt CO2eq (GWP-100 AR5). IPCC 2006 코드 4.A, 4.B, 4.C, 4.D, 4.E.","European Commission, Joint Research Centre (JRC) — EDGAR",https://edgar.jrc.ec.europa.eu/dataset_ghg2025,CC BY 4.0,"A-011_GHG 배출량[에너지, 산업공정, 농업, 폐기물].xlsx",1.1_observation(측정값),490,BGD-ALL-DATA-DISPLAY-2026-09-29,
A-011,"GHG 배출량[에너지, 산업공정, 농업, 폐기물]",observation,bgd-v158-a-011-obs-00488,A-011_emissions_sector_waste,BGD,2017,2017,2017,,,,13.65059,Mt CO2eq,,,,,,"[폐자원 기술 (Waste-to-resource)] [폐기물] European Commission, Joint Research Centre (JRC) — EDGAR 「EDGAR GHG_Waste」 기준. Mt CO2eq (GWP-100 AR5). IPCC 2006 코드 4.A, 4.B, 4.C, 4.D, 4.E.","European Commission, Joint Research Centre (JRC) — EDGAR",https://edgar.jrc.ec.europa.eu/dataset_ghg2025,CC BY 4.0,"A-011_GHG 배출량[에너지, 산업공정, 농업, 폐기물].xlsx",1.1_observation(측정값),491,BGD-ALL-DATA-DISPLAY-2026-09-29,
A-011,"GHG 배출량[에너지, 산업공정, 농업, 폐기물]",observation,bgd-v158-a-011-obs-00489,A-011_emissions_sector_waste,BGD,2018,2018,2018,,,,14.008536,Mt CO2eq,,,,,,"[폐자원 기술 (Waste-to-resource)] [폐기물] European Commission, Joint Research Centre (JRC) — EDGAR 「EDGAR GHG_Waste」 기준. Mt CO2eq (GWP-100 AR5). IPCC 2006 코드 4.A, 4.B, 4.C, 4.D, 4.E.","European Commission, Joint Research Centre (JRC) — EDGAR",https://edgar.jrc.ec.europa.eu/dataset_ghg2025,CC BY 4.0,"A-011_GHG 배출량[에너지, 산업공정, 농업, 폐기물].xlsx",1.1_observation(측정값),492,BGD-ALL-DATA-DISPLAY-2026-09-29,
A-011,"GHG 배출량[에너지, 산업공정, 농업, 폐기물]",observation,bgd-v158-a-011-obs-00490,A-011_emissions_sector_waste,BGD,2019,2019,2019,,,,14.614695,Mt CO2eq,,,,,,"[폐자원 기술 (Waste-to-resource)] [폐기물] European Commission, Joint Research Centre (JRC) — EDGAR 「EDGAR GHG_Waste」 기준. Mt CO2eq (GWP-100 AR5). IPCC 2006 코드 4.A, 4.B, 4.C, 4.D, 4.E.","European Commission, Joint Research Centre (JRC) — EDGAR",https://edgar.jrc.ec.europa.eu/dataset_ghg2025,CC BY 4.0,"A-011_GHG 배출량[에너지, 산업공정, 농업, 폐기물].xlsx",1.1_observation(측정값),493,BGD-ALL-DATA-DISPLAY-2026-09-29,
A-011,"GHG 배출량[에너지, 산업공정, 농업, 폐기물]",observation,bgd-v158-a-011-obs-00491,A-011_emissions_sector_waste,BGD,2020,2020,2020,,,,16.379634,Mt CO2eq,,,,,,"[폐자원 기술 (Waste-to-resource)] [폐기물] European Commission, Joint Research Centre (JRC) — EDGAR 「EDGAR GHG_Waste」 기준. Mt CO2eq (GWP-100 AR5). IPCC 2006 코드 4.A, 4.B, 4.C, 4.D, 4.E.","European Commission, Joint Research Centre (JRC) — EDGAR",https://edgar.jrc.ec.europa.eu/dataset_ghg2025,CC BY 4.0,"A-011_GHG 배출량[에너지, 산업공정, 농업, 폐기물].xlsx",1.1_observation(측정값),494,BGD-ALL-DATA-DISPLAY-2026-09-29,
A-011,"GHG 배출량[에너지, 산업공정, 농업, 폐기물]",observation,bgd-v158-a-011-obs-00492,A-011_emissions_sector_waste,BGD,2021,2021,2021,,,,17.041005,Mt CO2eq,,,,,,"[폐자원 기술 (Waste-to-resource)] [폐기물] European Commission, Joint Research Centre (JRC) — EDGAR 「EDGAR GHG_Waste」 기준. Mt CO2eq (GWP-100 AR5). IPCC 2006 코드 4.A, 4.B, 4.C, 4.D, 4.E.","European Commission, Joint Research Centre (JRC) — EDGAR",https://edgar.jrc.ec.europa.eu/dataset_ghg2025,CC BY 4.0,"A-011_GHG 배출량[에너지, 산업공정, 농업, 폐기물].xlsx",1.1_observation(측정값),495,BGD-ALL-DATA-DISPLAY-2026-09-29,
A-011,"GHG 배출량[에너지, 산업공정, 농업, 폐기물]",observation,bgd-v158-a-011-obs-00493,A-011_emissions_sector_waste,BGD,2022,2022,2022,,,,17.74927,Mt CO2eq,,,,,,"[폐자원 기술 (Waste-to-resource)] [폐기물] European Commission, Joint Research Centre (JRC) — EDGAR 「EDGAR GHG_Waste」 기준. Mt CO2eq (GWP-100 AR5). IPCC 2006 코드 4.A, 4.B, 4.C, 4.D, 4.E.","European Commission, Joint Research Centre (JRC) — EDGAR",https://edgar.jrc.ec.europa.eu/dataset_ghg2025,CC BY 4.0,"A-011_GHG 배출량[에너지, 산업공정, 농업, 폐기물].xlsx",1.1_observation(측정값),496,BGD-ALL-DATA-DISPLAY-2026-09-29,
A-011,"GHG 배출량[에너지, 산업공정, 농업, 폐기물]",observation,bgd-v158-a-011-obs-00494,A-011_emissions_sector_waste,BGD,2023,2023,2023,,,,18.376254,Mt CO2eq,,,,,,"[폐자원 기술 (Waste-to-resource)] [폐기물] European Commission, Joint Research Centre (JRC) — EDGAR 「EDGAR GHG_Waste」 기준. Mt CO2eq (GWP-100 AR5). IPCC 2006 코드 4.A, 4.B, 4.C, 4.D, 4.E.","European Commission, Joint Research Centre (JRC) — EDGAR",https://edgar.jrc.ec.europa.eu/dataset_ghg2025,CC BY 4.0,"A-011_GHG 배출량[에너지, 산업공정, 농업, 폐기물].xlsx",1.1_observation(측정값),497,BGD-ALL-DATA-DISPLAY-2026-09-29,
A-011,"GHG 배출량[에너지, 산업공정, 농업, 폐기물]",observation,bgd-v158-a-011-obs-00495,A-011_emissions_sector_waste,BGD,2024,2024,2024,,,,19.057469,Mt CO2eq,,,,,,"[폐자원 기술 (Waste-to-resource)] [폐기물] European Commission, Joint Research Centre (JRC) — EDGAR 「EDGAR GHG_Waste」 기준. Mt CO2eq (GWP-100 AR5). IPCC 2006 코드 4.A, 4.B, 4.C, 4.D, 4.E.","European Commission, Joint Research Centre (JRC) — EDGAR",https://edgar.jrc.ec.europa.eu/dataset_ghg2025,CC BY 4.0,"A-011_GHG 배출량[에너지, 산업공정, 농업, 폐기물].xlsx",1.1_observation(측정값),498,BGD-ALL-DATA-DISPLAY-2026-09-29,
